trade_no,coin,timeframe,direction,entry_time,exit_time,entry_price_usd,entry_price_inr,stop_price_usd,target_price_usd,exit_price_usd,exit_price_inr,exit_reason,risk_pct,risk_inr,position_size_coin,position_size_inr,gross_pnl_inr,fees_inr,net_pnl_inr,net_pnl,equity_before,equity_after
1,BTC/INR,1h,LONG,2024-09-26 21:30:00+05:30,2024-09-27 00:30:00+05:30,65506.05,5469754.78,60265.56,81227.5,65256.97,5448956.87,INTRADAY_SQUAREOFF,0.01,100.0,0.000229,1250.0,-4.75,1.47,-6.23,-6.23,10000.0,9993.77
2,BTC/INR,1h,LONG,2024-09-27 03:30:00+05:30,2024-09-28 00:30:00+05:30,65087.26,5434786.03,59880.28,80708.2,65859.9,5499301.43,INTRADAY_SQUAREOFF,0.01,99.94,0.00023,1249.22,14.83,1.48,13.35,13.35,9993.77,10007.12
3,BTC/INR,1h,LONG,2024-09-28 07:30:00+05:30,2024-09-29 00:30:00+05:30,66032.95,5513750.93,60750.31,81880.85,65681.21,5484381.31,INTRADAY_SQUAREOFF,0.01,100.07,0.000227,1250.89,-6.66,1.47,-8.14,-8.14,10007.12,9998.99
4,BTC/INR,1h,LONG,2024-09-29 05:30:00+05:30,2024-09-30 00:30:00+05:30,65981.37,5509444.62,60702.86,81816.9,65770.47,5491834.52,INTRADAY_SQUAREOFF,0.01,99.99,0.000227,1249.87,-4.0,1.47,-5.47,-5.47,9998.99,9993.52
5,BTC/INR,1h,SHORT,2024-09-30 12:30:00+05:30,2024-10-01 00:30:00+05:30,64333.27,5371828.4,69479.94,48893.29,63351.79,5289874.05,INTRADAY_SQUAREOFF,0.01,99.94,0.000233,1249.19,19.06,1.46,17.6,17.6,9993.52,10011.11
6,BTC/INR,1h,SHORT,2024-10-02 15:30:00+05:30,2024-10-03 00:30:00+05:30,61119.47,5103475.57,66009.03,46450.8,60811.97,5077799.4,INTRADAY_SQUAREOFF,0.01,100.11,0.000245,1251.39,6.3,1.47,4.82,4.82,10011.11,10015.94
7,BTC/INR,1h,SHORT,2024-10-03 13:30:00+05:30,2024-10-04 00:30:00+05:30,60862.06,5081982.14,65731.03,46255.17,60745.15,5072220.06,INTRADAY_SQUAREOFF,0.01,100.16,0.000246,1251.99,2.4,1.48,0.93,0.93,10015.94,10016.87
8,BTC/INR,1h,SHORT,2024-10-04 06:30:00+05:30,2024-10-05 00:30:00+05:30,60437.06,5046494.78,65272.03,45932.17,62360.88,5207133.78,INTRADAY_SQUAREOFF,0.01,100.17,0.000248,1252.11,-39.86,1.5,-41.36,-41.36,10016.87,9975.51
9,BTC/INR,1h,LONG,2024-10-05 11:30:00+05:30,2024-10-06 00:30:00+05:30,62169.24,5191131.29,57195.7,77089.85,61833.21,5163073.24,INTRADAY_SQUAREOFF,0.01,99.76,0.00024,1246.94,-6.74,1.47,-8.21,-8.21,9975.51,9967.3
10,BTC/INR,1h,LONG,2024-10-07 06:30:00+05:30,2024-10-08 00:30:00+05:30,63728.09,5321295.54,58629.84,79022.83,62809.52,5244595.0,INTRADAY_SQUAREOFF,0.01,99.67,0.000234,1245.91,-17.96,1.46,-19.42,-19.42,9967.3,9947.88
11,BTC/INR,1h,SHORT,2024-10-09 04:30:00+05:30,2024-10-10 00:30:00+05:30,62099.17,5185280.96,67067.11,47195.37,61167.65,5107499.15,INTRADAY_SQUAREOFF,0.01,99.48,0.00024,1243.49,18.65,1.46,17.2,17.2,9947.88,9965.08
12,BTC/INR,1h,SHORT,2024-10-10 06:30:00+05:30,2024-10-11 00:30:00+05:30,60321.22,5036821.77,65146.92,45844.13,59454.54,4964454.14,INTRADAY_SQUAREOFF,0.01,99.65,0.000247,1245.63,17.9,1.46,16.44,16.44,9965.08,9981.52
13,BTC/INR,1h,LONG,2024-10-11 23:30:00+05:30,2024-10-12 01:30:00+05:30,62940.76,5255553.73,57905.5,78046.55,63053.4,5264958.81,INTRADAY_SQUAREOFF,0.01,99.82,0.000237,1247.69,2.23,1.47,0.76,0.76,9981.52,9982.28
14,BTC/INR,1h,LONG,2024-10-12 06:30:00+05:30,2024-10-13 00:30:00+05:30,62860.31,5248835.8,57831.48,77946.78,62899.62,5252117.98,INTRADAY_SQUAREOFF,0.01,99.82,0.000238,1247.78,0.78,1.47,-0.69,-0.69,9982.28,9981.58
15,BTC/INR,1h,LONG,2024-10-14 13:30:00+05:30,2024-10-15 00:30:00+05:30,64632.37,5396802.92,59461.78,80144.14,65709.99,5486783.99,INTRADAY_SQUAREOFF,0.01,99.82,0.000231,1247.7,20.8,1.48,19.32,19.32,9981.58,10000.9
16,BTC/INR,1h,LONG,2024-10-15 04:30:00+05:30,2024-10-16 00:30:00+05:30,66468.08,5550085.07,61150.64,82420.42,66884.48,5584853.96,INTRADAY_SQUAREOFF,0.01,100.01,0.000225,1250.11,7.83,1.48,6.35,6.35,10000.9,10007.25
17,BTC/INR,1h,LONG,2024-10-16 05:30:00+05:30,2024-10-17 00:30:00+05:30,67143.01,5606441.16,61771.57,83257.33,67785.67,5660103.31,INTRADAY_SQUAREOFF,0.01,100.07,0.000223,1250.91,11.97,1.48,10.49,10.49,10007.25,10017.74
18,BTC/INR,1h,LONG,2024-10-17 04:30:00+05:30,2024-10-18 00:30:00+05:30,67864.77,5666708.04,62435.59,84152.31,66887.51,5585106.94,INTRADAY_SQUAREOFF,0.01,100.18,0.000221,1252.22,-18.03,1.47,-19.5,-19.5,10017.74,9998.24
19,BTC/INR,1h,LONG,2024-10-18 19:30:00+05:30,2024-10-19 00:30:00+05:30,68206.28,5695224.5,62749.78,84575.79,68838.36,5748003.1,INTRADAY_SQUAREOFF,0.01,99.98,0.000219,1249.78,11.58,1.48,10.1,10.1,9998.24,10008.35
20,BTC/INR,1h,LONG,2024-10-19 05:30:00+05:30,2024-10-20 00:30:00+05:30,68481.07,5718169.11,63002.58,84916.52,68140.85,5689760.98,INTRADAY_SQUAREOFF,0.01,100.08,0.000219,1251.04,-6.22,1.47,-7.69,-7.69,10008.35,10000.66
21,BTC/INR,1h,LONG,2024-10-20 12:30:00+05:30,2024-10-21 00:30:00+05:30,68422.0,5713236.88,62948.24,84843.28,68554.45,5724296.39,INTRADAY_SQUAREOFF,0.01,100.01,0.000219,1250.08,2.42,1.48,0.94,0.94,10000.66,10001.6
22,BTC/INR,1h,LONG,2024-10-21 02:30:00+05:30,2024-10-22 00:30:00+05:30,68920.19,5754836.11,63406.58,85461.04,67256.88,5615949.33,INTRADAY_SQUAREOFF,0.01,100.02,0.000217,1250.2,-30.17,1.46,-31.63,-31.63,10001.6,9969.97
23,BTC/INR,1h,SHORT,2024-10-22 05:30:00+05:30,2024-10-23 00:30:00+05:30,67325.13,5621647.96,72711.14,51167.1,67364.49,5624935.21,INTRADAY_SQUAREOFF,0.01,99.7,0.000222,1246.25,-0.73,1.47,-2.2,-2.2,9969.97,9967.77
24,BTC/INR,1h,SHORT,2024-10-23 05:30:00+05:30,2024-10-24 00:30:00+05:30,67255.1,5615800.67,72635.51,51113.87,65999.87,5510988.83,INTRADAY_SQUAREOFF,0.01,99.68,0.000222,1245.97,23.25,1.46,21.8,21.8,9967.77,9989.57
25,BTC/INR,1h,LONG,2024-10-24 17:30:00+05:30,2024-10-25 00:30:00+05:30,67261.31,5616319.31,61880.4,83404.02,67739.44,5656243.36,INTRADAY_SQUAREOFF,0.01,99.9,0.000222,1248.7,8.88,1.48,7.4,7.4,9989.57,9996.97
26,BTC/INR,1h,LONG,2024-10-25 08:30:00+05:30,2024-10-26 00:30:00+05:30,68062.09,5683184.7,62617.12,84396.99,66899.31,5586092.14,INTRADAY_SQUAREOFF,0.01,99.97,0.00022,1249.62,-21.35,1.46,-22.81,-22.81,9996.97,9974.16
27,BTC/INR,1h,SHORT,2024-10-26 04:30:00+05:30,2024-10-27 00:30:00+05:30,66510.81,5553652.31,71831.67,50548.21,66993.87,5593988.21,INTRADAY_SQUAREOFF,0.01,99.74,0.000224,1246.77,-9.06,1.48,-10.53,-10.53,9974.16,9963.62
28,BTC/INR,1h,SHORT,2024-10-27 04:30:00+05:30,2024-10-28 00:30:00+05:30,67005.21,5594934.8,72365.62,50923.96,67520.31,5637946.19,INTRADAY_SQUAREOFF,0.01,99.64,0.000223,1245.45,-9.57,1.48,-11.05,-11.05,9963.62,9952.57
29,BTC/INR,1h,LONG,2024-10-28 15:30:00+05:30,2024-10-29 00:30:00+05:30,68541.83,5723242.96,63058.49,84991.87,69144.02,5773525.68,INTRADAY_SQUAREOFF,0.01,99.53,0.000217,1244.07,10.93,1.47,9.46,9.46,9952.57,9962.03
30,BTC/INR,1h,LONG,2024-10-29 03:30:00+05:30,2024-10-30 00:30:00+05:30,69795.02,5827884.23,64211.42,86545.83,73124.99,6105936.63,INTRADAY_SQUAREOFF,0.01,99.62,0.000214,1245.25,59.41,1.5,57.91,57.91,9962.03,10019.94
31,BTC/INR,1h,LONG,2024-10-30 05:30:00+05:30,2024-10-31 00:30:00+05:30,72784.66,6077519.38,66961.89,90252.98,71903.65,6003954.56,INTRADAY_SQUAREOFF,0.01,100.2,0.000206,1252.49,-15.16,1.47,-16.63,-16.63,10019.94,10003.31
32,BTC/INR,1h,LONG,2024-10-31 02:30:00+05:30,2024-11-01 00:30:00+05:30,72850.25,6082995.93,67022.23,90334.31,70528.73,5889148.61,INTRADAY_SQUAREOFF,0.01,100.03,0.000206,1250.41,-39.85,1.45,-41.3,-41.3,10003.31,9962.01
33,BTC/INR,1h,SHORT,2024-11-01 07:30:00+05:30,2024-11-02 00:30:00+05:30,69266.61,5783761.7,74807.94,52642.62,69139.98,5773188.53,INTRADAY_SQUAREOFF,0.01,99.62,0.000215,1245.25,2.28,1.47,0.81,0.81,9962.01,9962.82
34,BTC/INR,1h,SHORT,2024-11-02 09:30:00+05:30,2024-11-03 00:30:00+05:30,69517.05,5804673.86,75078.42,52832.96,69443.31,5798516.04,INTRADAY_SQUAREOFF,0.01,99.63,0.000215,1245.35,1.32,1.47,-0.15,-0.15,9962.82,9962.67
35,BTC/INR,1h,SHORT,2024-11-03 03:30:00+05:30,2024-11-04 00:30:00+05:30,69404.59,5795282.85,74956.95,52747.48,68024.5,5680046.01,INTRADAY_SQUAREOFF,0.01,99.63,0.000215,1245.33,24.76,1.45,23.31,23.31,9962.67,9985.98
36,BTC/INR,1h,LONG,2024-11-04 18:30:00+05:30,2024-11-05 00:30:00+05:30,68967.11,5758754.08,63449.75,85519.22,67579.72,5642906.34,INTRADAY_SQUAREOFF,0.01,99.86,0.000217,1248.25,-25.11,1.46,-26.57,-26.57,9985.98,9959.41
37,BTC/INR,1h,LONG,2024-11-06 00:30:00+05:30,2024-11-07 00:30:00+05:30,70277.71,5868188.55,64655.49,87144.36,75266.79,6284777.22,INTRADAY_SQUAREOFF,0.01,99.59,0.000212,1244.93,88.38,1.52,86.86,86.86,9959.41,10046.27
38,BTC/INR,1h,LONG,2024-11-07 14:30:00+05:30,2024-11-08 00:30:00+05:30,75180.1,6277538.56,69165.69,93223.33,76623.19,6398036.59,INTRADAY_SQUAREOFF,0.01,100.46,0.0002,1255.78,24.1,1.5,22.61,22.61,10046.27,10068.88
39,BTC/INR,1h,LONG,2024-11-08 13:30:00+05:30,2024-11-09 00:30:00+05:30,76349.26,6375162.97,70241.32,94673.08,76872.92,6418888.76,INTRADAY_SQUAREOFF,0.01,100.69,0.000197,1258.61,8.63,1.49,7.14,7.14,10068.88,10076.02
40,BTC/INR,1h,LONG,2024-11-10 00:30:00+05:30,2024-11-11 00:30:00+05:30,76449.07,6383497.56,70333.15,94796.85,80563.15,6727023.14,INTRADAY_SQUAREOFF,0.01,100.76,0.000197,1259.5,67.78,1.53,66.25,66.25,10076.02,10142.27
41,BTC/INR,1h,LONG,2024-11-11 20:30:00+05:30,2024-11-12 00:30:00+05:30,82621.67,6898909.04,76011.93,102450.86,85844.0,7167974.15,INTRADAY_SQUAREOFF,0.01,101.42,0.000184,1267.78,49.44,1.53,47.92,47.92,10142.27,10190.19
42,BTC/INR,1h,LONG,2024-11-12 06:30:00+05:30,2024-11-13 00:30:00+05:30,89074.2,7437695.9,81948.27,110452.01,88881.65,7421617.47,INTRADAY_SQUAREOFF,0.01,101.9,0.000171,1273.77,-2.75,1.5,-4.26,-4.26,10190.19,10185.94
43,BTC/INR,1h,LONG,2024-11-13 13:30:00+05:30,2024-11-14 00:30:00+05:30,87586.8,7313498.03,80579.86,108607.64,92850.0,7752975.41,INTRADAY_SQUAREOFF,0.01,101.86,0.000174,1273.24,76.51,1.55,74.96,74.96,10185.94,10260.9
44,BTC/INR,1h,SHORT,2024-11-15 02:30:00+05:30,2024-11-16 00:30:00+05:30,87553.35,7310704.71,94557.62,66540.55,89411.43,7465854.69,INTRADAY_SQUAREOFF,0.01,102.61,0.000175,1282.61,-27.22,1.53,-28.75,-28.75,10260.9,10232.15
45,BTC/INR,1h,LONG,2024-11-17 00:30:00+05:30,2024-11-18 00:30:00+05:30,91454.13,7636420.18,84137.8,113403.13,89939.09,7509913.69,INTRADAY_SQUAREOFF,0.01,102.32,0.000167,1279.02,-21.19,1.5,-22.69,-22.69,10232.15,10209.46
46,BTC/INR,1h,SHORT,2024-11-18 02:30:00+05:30,2024-11-19 00:30:00+05:30,89561.62,7478395.16,96726.55,68066.83,90477.77,7554893.88,INTRADAY_SQUAREOFF,0.01,102.09,0.000171,1276.18,-13.05,1.51,-14.57,-14.57,10209.46,10194.9
47,BTC/INR,1h,LONG,2024-11-20 09:30:00+05:30,2024-11-21 00:30:00+05:30,92203.63,7699002.74,84827.34,114332.5,93740.32,7827316.5,INTRADAY_SQUAREOFF,0.01,101.95,0.000166,1274.36,21.24,1.52,19.72,19.72,10194.9,10214.62
48,BTC/INR,1h,LONG,2024-11-21 06:30:00+05:30,2024-11-22 00:30:00+05:30,95011.15,7933431.33,87410.26,117813.83,98311.62,8209019.98,INTRADAY_SQUAREOFF,0.01,102.15,0.000161,1276.83,44.35,1.53,42.82,42.82,10214.62,10257.44
49,BTC/INR,1h,LONG,2024-11-22 04:30:00+05:30,2024-11-23 00:30:00+05:30,98480.22,8223098.65,90601.81,122115.48,99153.8,8279342.03,INTRADAY_SQUAREOFF,0.01,102.57,0.000156,1282.18,8.77,1.52,7.25,7.25,10257.44,10264.69
50,BTC/INR,1h,SHORT,2024-11-24 09:30:00+05:30,2024-11-25 00:30:00+05:30,98183.52,8198324.28,106038.21,74619.48,96638.71,8069332.22,INTRADAY_SQUAREOFF,0.01,102.65,0.000157,1283.09,20.19,1.5,18.69,18.69,10264.69,10283.38
51,BTC/INR,1h,SHORT,2024-11-26 03:30:00+05:30,2024-11-27 00:30:00+05:30,93667.03,7821197.31,101160.4,71186.95,92229.11,7701130.45,INTRADAY_SQUAREOFF,0.01,102.83,0.000164,1285.42,19.73,1.51,18.23,18.23,10283.38,10301.61
52,BTC/INR,1h,SHORT,2024-11-27 17:30:00+05:30,2024-11-28 00:30:00+05:30,93295.43,7790168.45,100759.06,70904.53,96273.29,8038819.91,INTRADAY_SQUAREOFF,0.01,103.02,0.000165,1287.7,-41.1,1.54,-42.65,-42.65,10301.61,10258.96
53,BTC/INR,1h,LONG,2024-11-28 06:30:00+05:30,2024-11-29 00:30:00+05:30,96698.53,8074327.11,88962.65,119906.18,95256.78,7953940.92,INTRADAY_SQUAREOFF,0.01,102.59,0.000159,1282.37,-19.12,1.5,-20.62,-20.62,10258.96,10238.34
54,BTC/INR,1h,LONG,2024-11-29 04:30:00+05:30,2024-11-30 00:30:00+05:30,95708.02,7991619.47,88051.38,118677.94,97203.99,8116533.24,INTRADAY_SQUAREOFF,0.01,102.38,0.00016,1279.79,20.0,1.52,18.48,18.48,10238.34,10256.82
55,BTC/INR,1h,LONG,2024-12-02 03:30:00+05:30,2024-12-03 00:30:00+05:30,97884.31,8173339.74,90053.56,121376.54,95695.71,7990592.13,INTRADAY_SQUAREOFF,0.01,102.57,0.000157,1282.1,-28.67,1.5,-30.16,-30.16,10256.82,10226.66
56,BTC/INR,1h,SHORT,2024-12-03 22:30:00+05:30,2024-12-04 00:30:00+05:30,94916.1,7925494.7,102509.39,72136.24,95564.17,7979608.38,INTRADAY_SQUAREOFF,0.01,102.27,0.000161,1278.33,-8.73,1.51,-10.24,-10.24,10226.66,10216.42
57,BTC/INR,1h,LONG,2024-12-04 11:30:00+05:30,2024-12-05 00:30:00+05:30,96604.98,8066515.95,88876.58,119790.18,96221.45,8034491.17,INTRADAY_SQUAREOFF,0.01,102.16,0.000158,1277.05,-5.07,1.5,-6.57,-6.57,10216.42,10209.84
58,BTC/INR,1h,LONG,2024-12-05 08:30:00+05:30,2024-12-06 00:30:00+05:30,101425.63,8469040.34,93311.58,125767.78,100182.2,8365214.05,INTRADAY_SQUAREOFF,0.01,102.1,0.000151,1276.23,-15.65,1.5,-17.14,-17.14,10209.84,10192.7
59,BTC/INR,1h,SHORT,2024-12-06 15:30:00+05:30,2024-12-07 00:30:00+05:30,98048.95,8187087.41,105892.87,74517.2,101539.49,8478547.78,INTRADAY_SQUAREOFF,0.01,101.93,0.000156,1274.09,-45.36,1.53,-46.89,-46.89,10192.7,10145.81
60,BTC/INR,1h,LONG,2024-12-07 21:30:00+05:30,2024-12-08 00:30:00+05:30,99929.04,8344074.93,91934.72,123912.01,100164.47,8363733.31,INTRADAY_SQUAREOFF,0.01,101.46,0.000152,1268.23,2.99,1.5,1.49,1.49,10145.81,10147.3
61,BTC/INR,1h,LONG,2024-12-09 04:30:00+05:30,2024-12-10 00:30:00+05:30,100347.4,8379007.79,92319.61,124430.77,97730.78,8160520.3,INTRADAY_SQUAREOFF,0.01,101.47,0.000151,1268.41,-33.07,1.48,-34.55,-34.55,10147.3,10112.75
62,BTC/INR,1h,SHORT,2024-12-10 08:30:00+05:30,2024-12-11 00:30:00+05:30,96725.11,8076546.3,104463.11,73511.08,95163.21,7946128.38,INTRADAY_SQUAREOFF,0.01,101.13,0.000157,1264.09,20.41,1.48,18.93,18.93,10112.75,10131.68
63,BTC/INR,1h,SHORT,2024-12-11 05:30:00+05:30,2024-12-12 00:30:00+05:30,96565.86,8063249.71,104291.13,73390.06,100541.82,8395241.64,INTRADAY_SQUAREOFF,0.01,101.32,0.000157,1266.46,-52.14,1.53,-53.67,-53.67,10131.68,10078.01
64,BTC/INR,1h,LONG,2024-12-12 08:30:00+05:30,2024-12-13 00:30:00+05:30,101870.62,8506196.84,93720.97,126319.57,100822.7,8418695.79,INTRADAY_SQUAREOFF,0.01,100.78,0.000148,1259.75,-12.96,1.48,-14.44,-14.44,10078.01,10063.57
65,BTC/INR,1h,SHORT,2024-12-13 07:30:00+05:30,2024-12-14 00:30:00+05:30,99188.26,8282220.03,107123.32,75383.08,101565.95,8480756.42,INTRADAY_SQUAREOFF,0.01,100.64,0.000152,1257.95,-30.15,1.5,-31.66,-31.66,10063.57,10031.92
66,BTC/INR,1h,LONG,2024-12-14 20:30:00+05:30,2024-12-15 00:30:00+05:30,101536.17,8478270.4,93413.28,125904.85,100824.34,8418832.71,INTRADAY_SQUAREOFF,0.01,100.32,0.000148,1253.99,-8.79,1.47,-10.27,-10.27,10031.92,10021.65
67,BTC/INR,1h,LONG,2024-12-15 15:30:00+05:30,2024-12-16 00:30:00+05:30,102248.96,8537788.02,94069.04,126788.71,103093.08,8608272.51,INTRADAY_SQUAREOFF,0.01,100.22,0.000147,1252.71,10.34,1.48,8.86,8.86,10021.65,10030.51
68,BTC/INR,1h,LONG,2024-12-16 04:30:00+05:30,2024-12-17 00:30:00+05:30,103368.42,8631262.75,95098.94,128176.84,107073.55,8940641.08,INTRADAY_SQUAREOFF,0.01,100.31,0.000145,1253.81,44.94,1.51,43.44,43.44,10030.51,10073.95
69,BTC/INR,1h,LONG,2024-12-17 07:30:00+05:30,2024-12-18 00:30:00+05:30,106469.62,8890213.46,97952.05,132022.33,106481.42,8891198.58,INTRADAY_SQUAREOFF,0.01,100.74,0.000142,1259.24,0.14,1.49,-1.35,-1.35,10073.95,10072.6
70,BTC/INR,1h,SHORT,2024-12-18 20:30:00+05:30,2024-12-19 00:30:00+05:30,103922.04,8677490.69,112235.81,78980.75,104657.28,8738882.8,INTRADAY_SQUAREOFF,0.01,100.73,0.000145,1259.07,-8.91,1.49,-10.4,-10.4,10072.6,10062.2
71,BTC/INR,1h,SHORT,2024-12-19 05:30:00+05:30,2024-12-20 00:30:00+05:30,100054.42,8354544.43,108058.78,76041.36,98816.3,8251160.84,INTRADAY_SQUAREOFF,0.01,100.62,0.000151,1257.77,15.56,1.47,14.09,14.09,10062.2,10076.29
72,BTC/INR,1h,SHORT,2024-12-20 07:30:00+05:30,2024-12-21 00:30:00+05:30,96081.59,8022812.88,103768.12,73022.01,97042.22,8103025.66,INTRADAY_SQUAREOFF,0.01,100.76,0.000157,1259.54,-12.59,1.49,-14.09,-14.09,10076.29,10062.2
73,BTC/INR,1h,SHORT,2024-12-22 10:30:00+05:30,2024-12-23 00:30:00+05:30,96016.62,8017387.45,103697.95,72972.63,95922.62,8009538.52,INTRADAY_SQUAREOFF,0.01,100.62,0.000157,1257.78,1.23,1.48,-0.25,-0.25,10062.2,10061.95
74,BTC/INR,1h,SHORT,2024-12-23 17:30:00+05:30,2024-12-24 00:30:00+05:30,95704.01,7991284.57,103360.33,72735.05,92675.02,7738363.96,INTRADAY_SQUAREOFF,0.01,100.62,0.000157,1257.74,39.81,1.46,38.35,38.35,10061.95,10100.3
75,BTC/INR,1h,SHORT,2024-12-24 12:30:00+05:30,2024-12-25 00:30:00+05:30,93683.99,7822612.84,101178.71,71199.83,98616.6,8234486.43,INTRADAY_SQUAREOFF,0.01,101.0,0.000161,1262.54,-66.47,1.53,-68.0,-68.0,10100.3,10032.29
76,BTC/INR,1h,LONG,2024-12-25 03:30:00+05:30,2024-12-26 00:30:00+05:30,98409.51,8217193.94,90536.75,122027.79,98604.32,8233460.85,INTRADAY_SQUAREOFF,0.01,100.32,0.000153,1254.04,2.48,1.48,1.0,1.0,10032.29,10033.29
77,BTC/INR,1h,LONG,2024-12-26 05:30:00+05:30,2024-12-27 00:30:00+05:30,99525.16,8310350.83,91563.15,123411.2,95590.36,7981795.11,INTRADAY_SQUAREOFF,0.01,100.33,0.000151,1254.16,-49.58,1.45,-51.03,-51.03,10033.29,9982.26
78,BTC/INR,1h,SHORT,2024-12-27 13:30:00+05:30,2024-12-28 00:30:00+05:30,94616.75,7900498.95,102186.09,71908.73,94460.64,7887463.79,INTRADAY_SQUAREOFF,0.01,99.82,0.000158,1247.78,2.06,1.47,0.59,0.59,9982.26,9982.85
79,BTC/INR,1h,SHORT,2024-12-28 12:30:00+05:30,2024-12-29 00:30:00+05:30,94237.95,7868868.93,101776.99,71620.84,94725.86,7909609.54,INTRADAY_SQUAREOFF,0.01,99.83,0.000159,1247.86,-6.46,1.48,-7.94,-7.94,9982.85,9974.91
80,BTC/INR,1h,SHORT,2024-12-30 00:30:00+05:30,2024-12-31 00:30:00+05:30,93431.75,7801550.72,100906.28,71008.13,94527.83,7893074.14,INTRADAY_SQUAREOFF,0.01,99.75,0.00016,1246.86,-14.63,1.48,-16.11,-16.11,9974.91,9958.8
81,BTC/INR,1h,LONG,2025-01-02 08:30:00+05:30,2025-01-03 00:30:00+05:30,95073.52,7938638.99,87467.64,117891.17,97182.92,8114773.44,INTRADAY_SQUAREOFF,0.01,99.59,0.000157,1244.85,27.62,1.49,26.13,26.13,9958.8,9984.94
82,BTC/INR,1h,LONG,2025-01-03 15:30:00+05:30,2025-01-04 00:30:00+05:30,96635.43,8069058.1,88904.59,119827.93,98461.31,8221519.15,INTRADAY_SQUAREOFF,0.01,99.85,0.000155,1248.12,23.58,1.49,22.1,22.1,9984.94,10007.03
83,BTC/INR,1h,LONG,2025-01-04 08:30:00+05:30,2025-01-05 00:30:00+05:30,98314.66,8209274.45,90449.49,121910.18,97899.66,8174621.48,INTRADAY_SQUAREOFF,0.01,100.07,0.000152,1250.88,-5.28,1.47,-6.75,-6.75,10007.03,10000.28
84,BTC/INR,1h,LONG,2025-01-05 12:30:00+05:30,2025-01-06 00:30:00+05:30,98498.25,8224603.7,90618.39,122137.83,97841.48,8169763.3,INTRADAY_SQUAREOFF,0.01,100.0,0.000152,1250.03,-8.34,1.47,-9.81,-9.81,10000.28,9990.47
85,BTC/INR,1h,LONG,2025-01-06 07:30:00+05:30,2025-01-07 00:30:00+05:30,98767.32,8247071.21,90865.93,122471.48,101779.02,8498548.38,INTRADAY_SQUAREOFF,0.01,99.9,0.000151,1248.81,38.08,1.5,36.58,36.58,9990.47,10027.06
86,BTC/INR,1h,SHORT,2025-01-08 10:30:00+05:30,2025-01-09 00:30:00+05:30,96073.28,8022118.49,103759.14,73015.69,94283.49,7872671.03,INTRADAY_SQUAREOFF,0.01,100.27,0.000156,1253.38,23.35,1.47,21.88,21.88,10027.06,10048.94
87,BTC/INR,1h,SHORT,2025-01-09 09:30:00+05:30,2025-01-10 00:30:00+05:30,93943.74,7844302.21,101459.24,71397.24,93064.29,7770868.23,INTRADAY_SQUAREOFF,0.01,100.49,0.00016,1256.12,11.76,1.48,10.28,10.28,10048.94,10059.23
88,BTC/INR,1h,LONG,2025-01-10 23:30:00+05:30,2025-01-11 01:30:00+05:30,95798.26,7999154.54,88134.4,118789.84,95266.03,7954713.56,INTRADAY_SQUAREOFF,0.01,100.59,0.000157,1257.4,-6.99,1.48,-8.47,-8.47,10059.23,10050.76
89,BTC/INR,1h,LONG,2025-01-11 11:30:00+05:30,2025-01-12 00:30:00+05:30,94392.58,7881780.34,86841.17,117046.8,94188.12,7864708.4,INTRADAY_SQUAREOFF,0.01,100.51,0.000159,1256.35,-2.72,1.48,-4.2,-4.2,10050.76,10046.56
90,BTC/INR,1h,LONG,2025-01-12 02:30:00+05:30,2025-01-13 00:30:00+05:30,94652.22,7903460.73,87080.05,117368.76,94914.0,7925318.65,INTRADAY_SQUAREOFF,0.01,100.47,0.000159,1255.82,3.47,1.48,1.99,1.99,10046.56,10048.55
91,BTC/INR,1h,SHORT,2025-01-13 22:30:00+05:30,2025-01-14 00:30:00+05:30,91234.07,7618044.94,98532.8,69337.89,92078.4,7688546.32,INTRADAY_SQUAREOFF,0.01,100.49,0.000165,1256.07,-11.62,1.49,-13.11,-13.11,10048.55,10035.44
92,BTC/INR,1h,LONG,2025-01-14 15:30:00+05:30,2025-01-15 00:30:00+05:30,97394.9,8132474.12,89603.31,120769.68,96603.88,8066423.73,INTRADAY_SQUAREOFF,0.01,100.35,0.000154,1254.43,-10.19,1.47,-11.66,-11.66,10035.44,10023.77
93,BTC/INR,1h,LONG,2025-01-15 04:30:00+05:30,2025-01-16 00:30:00+05:30,96745.51,8078250.31,89005.87,119964.44,99408.27,8300590.63,INTRADAY_SQUAREOFF,0.01,100.24,0.000155,1252.97,34.49,1.5,32.99,32.99,10023.77,10056.76
94,BTC/INR,1h,LONG,2025-01-16 12:30:00+05:30,2025-01-17 00:30:00+05:30,99860.3,8338335.35,91871.48,123826.78,99465.9,8305402.52,INTRADAY_SQUAREOFF,0.01,100.57,0.000151,1257.09,-4.96,1.48,-6.45,-6.45,10056.76,10050.31
95,BTC/INR,1h,LONG,2025-01-17 10:30:00+05:30,2025-01-18 00:30:00+05:30,101485.99,8474080.25,93367.11,125842.63,104812.72,8751862.43,INTRADAY_SQUAREOFF,0.01,100.5,0.000148,1256.29,41.18,1.51,39.67,39.67,10050.31,10089.99
96,BTC/INR,1h,LONG,2025-01-18 06:30:00+05:30,2025-01-19 00:30:00+05:30,104681.09,8740870.83,96306.6,129804.55,103961.08,8680750.13,INTRADAY_SQUAREOFF,0.01,100.9,0.000144,1261.25,-8.68,1.48,-10.16,-10.16,10089.99,10079.83
97,BTC/INR,1h,LONG,2025-01-19 15:30:00+05:30,2025-01-20 00:30:00+05:30,105271.3,8790153.94,96849.6,130536.42,104826.69,8753028.23,INTRADAY_SQUAREOFF,0.01,100.8,0.000143,1259.98,-5.32,1.48,-6.81,-6.81,10079.83,10073.03
98,BTC/INR,1h,SHORT,2025-01-21 10:30:00+05:30,2025-01-22 00:30:00+05:30,101870.6,8506195.24,110020.25,77421.66,106901.51,8926276.08,INTRADAY_SQUAREOFF,0.01,100.73,0.000148,1259.13,-62.18,1.52,-63.7,-63.7,10073.03,10009.32
99,BTC/INR,1h,LONG,2025-01-22 17:30:00+05:30,2025-01-23 00:30:00+05:30,105445.55,8804703.26,97009.9,130752.48,103851.07,8671564.51,INTRADAY_SQUAREOFF,0.01,100.09,0.000142,1251.17,-18.92,1.47,-20.38,-20.38,10009.32,9988.94
100,BTC/INR,1h,SHORT,2025-01-23 15:30:00+05:30,2025-01-24 00:30:00+05:30,101555.74,8479904.59,109680.2,77182.37,105471.35,8806857.72,INTRADAY_SQUAREOFF,0.01,99.89,0.000147,1248.62,-48.14,1.5,-49.64,-49.64,9988.94,9939.29
101,BTC/INR,1h,LONG,2025-01-24 09:30:00+05:30,2025-01-25 00:30:00+05:30,104231.38,8703320.12,95892.87,129246.91,106254.67,8872264.64,INTRADAY_SQUAREOFF,0.01,99.39,0.000143,1242.41,24.12,1.48,22.64,22.64,9939.29,9961.93
102,BTC/INR,1h,SHORT,2025-01-27 10:30:00+05:30,2025-01-28 00:30:00+05:30,100211.59,8367667.59,108228.51,76160.81,99170.68,8280751.59,INTRADAY_SQUAREOFF,0.01,99.62,0.000149,1245.24,12.93,1.46,11.47,11.47,9961.93,9973.4
103,BTC/INR,1h,SHORT,2025-01-29 19:30:00+05:30,2025-01-30 00:30:00+05:30,101642.61,8487157.63,109774.01,77248.38,102777.27,8581901.98,INTRADAY_SQUAREOFF,0.01,99.73,0.000147,1246.68,-13.92,1.48,-15.4,-15.4,9973.4,9958.01
104,BTC/INR,1h,LONG,2025-01-30 06:30:00+05:30,2025-01-31 00:30:00+05:30,104130.91,8694931.36,95800.44,129122.33,105543.83,8812910.18,INTRADAY_SQUAREOFF,0.01,99.58,0.000143,1244.75,16.89,1.48,15.41,15.41,9958.01,9973.42
105,BTC/INR,1h,SHORT,2025-02-01 09:30:00+05:30,2025-02-02 00:30:00+05:30,102174.85,8531599.8,110348.84,77652.88,102055.97,8521673.6,INTRADAY_SQUAREOFF,0.01,99.73,0.000146,1246.68,1.45,1.47,-0.02,-0.02,9973.42,9973.4
106,BTC/INR,1h,SHORT,2025-02-02 04:30:00+05:30,2025-02-03 00:30:00+05:30,100522.32,8393613.32,108564.1,76396.96,96939.77,8094471.11,INTRADAY_SQUAREOFF,0.01,99.73,0.000149,1246.67,44.43,1.44,42.99,42.99,9973.4,10016.38
107,BTC/INR,1h,SHORT,2025-02-03 03:30:00+05:30,2025-02-04 00:30:00+05:30,96598.35,8065962.1,104326.22,73414.74,100076.92,8356422.8,INTRADAY_SQUAREOFF,0.01,100.16,0.000155,1252.05,-45.09,1.5,-46.59,-46.59,10016.38,9969.79
108,BTC/INR,1h,SHORT,2025-02-05 12:30:00+05:30,2025-02-06 00:30:00+05:30,97590.23,8148783.98,105397.45,74168.57,96776.99,8080878.61,INTRADAY_SQUAREOFF,0.01,99.7,0.000153,1246.22,10.39,1.46,8.92,8.92,9969.79,9978.71
109,BTC/INR,1h,SHORT,2025-02-06 04:30:00+05:30,2025-02-07 00:30:00+05:30,96258.74,8037605.21,103959.44,73156.65,96288.96,8040127.86,INTRADAY_SQUAREOFF,0.01,99.79,0.000155,1247.34,-0.39,1.47,-1.86,-1.86,9978.71,9976.85
110,BTC/INR,1h,SHORT,2025-02-07 12:30:00+05:30,2025-02-08 00:30:00+05:30,96588.06,8065102.74,104315.1,73406.92,97810.68,8167191.59,INTRADAY_SQUAREOFF,0.01,99.77,0.000155,1247.11,-15.79,1.48,-17.27,-17.27,9976.85,9959.58
111,BTC/INR,1h,SHORT,2025-02-08 10:30:00+05:30,2025-02-09 00:30:00+05:30,96240.31,8036065.79,103939.53,73142.63,96553.6,8062225.3,INTRADAY_SQUAREOFF,0.01,99.6,0.000155,1244.95,-4.05,1.47,-5.52,-5.52,9959.58,9954.06
112,BTC/INR,1h,SHORT,2025-02-10 07:30:00+05:30,2025-02-11 00:30:00+05:30,95352.3,7961917.05,102980.48,72467.75,97627.52,8151897.58,INTRADAY_SQUAREOFF,0.01,99.54,0.000156,1244.26,-29.69,1.49,-31.18,-31.18,9954.06,9922.88
113,BTC/INR,1h,LONG,2025-02-11 07:30:00+05:30,2025-02-12 00:30:00+05:30,98150.16,8195538.35,90298.15,121706.2,95402.11,7966076.27,INTRADAY_SQUAREOFF,0.01,99.23,0.000151,1240.36,-34.73,1.44,-36.17,-36.17,9922.88,9886.71
114,BTC/INR,1h,SHORT,2025-02-12 08:30:00+05:30,2025-02-13 00:30:00+05:30,95381.96,7964394.06,103012.52,72490.29,96978.93,8097740.34,INTRADAY_SQUAREOFF,0.01,98.87,0.000155,1235.84,-20.69,1.47,-22.16,-22.16,9886.71,9864.55
115,BTC/INR,1h,LONG,2025-02-13 07:30:00+05:30,2025-02-14 00:30:00+05:30,98135.75,8194334.83,90284.89,121688.33,95922.67,8009543.02,INTRADAY_SQUAREOFF,0.01,98.65,0.00015,1233.07,-27.81,1.44,-29.25,-29.25,9864.55,9835.3
116,BTC/INR,1h,LONG,2025-02-15 07:30:00+05:30,2025-02-16 00:30:00+05:30,97862.6,8171527.28,90033.59,121349.63,97515.66,8142557.87,INTRADAY_SQUAREOFF,0.01,98.35,0.00015,1229.41,-4.36,1.45,-5.81,-5.81,9835.3,9829.5
117,BTC/INR,1h,LONG,2025-02-16 03:30:00+05:30,2025-02-17 00:30:00+05:30,97744.55,8161670.01,89924.99,121203.24,96848.48,8086848.18,INTRADAY_SQUAREOFF,0.01,98.29,0.000151,1228.69,-11.26,1.44,-12.71,-12.71,9829.5,9816.79
118,BTC/INR,1h,SHORT,2025-02-17 05:30:00+05:30,2025-02-18 00:30:00+05:30,96021.93,8017831.47,103703.69,72976.67,95376.45,7963933.21,INTRADAY_SQUAREOFF,0.01,98.17,0.000153,1227.1,8.25,1.44,6.81,6.81,9816.79,9823.6
119,BTC/INR,1h,SHORT,2025-02-18 04:30:00+05:30,2025-02-19 00:30:00+05:30,95818.68,8000859.45,103484.17,72822.19,93955.84,7845312.41,INTRADAY_SQUAREOFF,0.01,98.24,0.000153,1227.95,23.87,1.43,22.44,22.44,9823.6,9846.03
120,BTC/INR,1h,LONG,2025-02-20 08:30:00+05:30,2025-02-21 00:30:00+05:30,97279.08,8122802.86,89496.75,120626.05,98279.72,8206356.48,INTRADAY_SQUAREOFF,0.01,98.46,0.000152,1230.75,12.66,1.46,11.2,11.2,9846.03,9857.23
121,BTC/INR,1h,SHORT,2025-02-22 13:30:00+05:30,2025-02-23 00:30:00+05:30,96249.66,8036846.26,103949.63,73149.74,96504.21,8058101.73,INTRADAY_SQUAREOFF,0.01,98.57,0.000153,1232.15,-3.26,1.46,-4.71,-4.71,9857.23,9852.52
122,BTC/INR,1h,SHORT,2025-02-23 07:30:00+05:30,2025-02-24 00:30:00+05:30,96383.34,8048008.8,104094.01,73251.34,95797.74,7999111.47,INTRADAY_SQUAREOFF,0.01,98.53,0.000153,1231.56,7.48,1.45,6.03,6.03,9852.52,9858.55
123,BTC/INR,1h,SHORT,2025-02-24 14:30:00+05:30,2025-02-25 00:30:00+05:30,95388.99,7964980.88,103020.11,72495.63,94202.87,7865939.39,INTRADAY_SQUAREOFF,0.01,98.59,0.000155,1232.32,15.32,1.45,13.88,13.88,9858.55,9872.43
124,BTC/INR,1h,SHORT,2025-02-25 04:30:00+05:30,2025-02-26 00:30:00+05:30,92398.89,7715307.7,99790.81,70223.16,87021.85,7266324.35,INTRADAY_SQUAREOFF,0.01,98.72,0.00016,1234.05,71.81,1.41,70.4,70.4,9872.43,9942.83
125,BTC/INR,1h,SHORT,2025-02-26 06:30:00+05:30,2025-02-27 00:30:00+05:30,88010.5,7348877.08,95051.34,66887.98,84126.71,7024579.98,INTRADAY_SQUAREOFF,0.01,99.43,0.000169,1242.85,54.85,1.43,53.41,53.41,9942.83,9996.24
126,BTC/INR,1h,SHORT,2025-02-27 08:30:00+05:30,2025-02-28 00:30:00+05:30,84180.65,7029083.98,90915.1,63977.29,84542.92,7059334.0,INTRADAY_SQUAREOFF,0.01,99.96,0.000178,1249.53,-5.38,1.48,-6.86,-6.86,9996.24,9989.39
127,BTC/INR,1h,SHORT,2025-02-28 06:30:00+05:30,2025-03-01 00:30:00+05:30,84167.45,7027982.07,90900.85,63967.26,84674.82,7070347.16,INTRADAY_SQUAREOFF,0.01,99.89,0.000178,1248.67,-7.53,1.48,-9.0,-9.0,9989.39,9980.38
128,BTC/INR,1h,LONG,2025-03-01 05:30:00+05:30,2025-03-02 00:30:00+05:30,84509.85,7056572.56,77749.06,104792.22,85221.28,7115977.06,INTRADAY_SQUAREOFF,0.01,99.8,0.000177,1247.55,10.5,1.48,9.02,9.02,9980.38,9989.41
129,BTC/INR,1h,LONG,2025-03-02 07:30:00+05:30,2025-03-03 00:30:00+05:30,86354.19,7210574.59,79445.85,107079.19,92700.74,7740511.44,INTRADAY_SQUAREOFF,0.01,99.89,0.000173,1248.68,91.77,1.53,90.24,90.24,9989.41,10079.65
130,BTC/INR,1h,LONG,2025-03-03 04:30:00+05:30,2025-03-03 23:30:00+05:30,94497.68,7890556.14,86937.86,117177.12,86894.4,7255682.0,STOP_LOSS,0.01,100.8,0.00016,1259.96,-101.38,1.43,-102.8,-102.8,10079.65,9976.85
131,BTC/INR,1h,SHORT,2025-03-04 03:30:00+05:30,2025-03-05 00:30:00+05:30,85062.85,7102748.27,91867.88,64647.77,86807.91,7248460.78,INTRADAY_SQUAREOFF,0.01,99.77,0.000176,1247.11,-25.58,1.49,-27.07,-27.07,9976.85,9949.78
132,BTC/INR,1h,LONG,2025-03-05 07:30:00+05:30,2025-03-06 00:30:00+05:30,87749.03,7327044.2,80729.11,108808.8,89695.94,7489611.16,INTRADAY_SQUAREOFF,0.01,99.5,0.00017,1243.72,27.59,1.48,26.11,26.11,9949.78,9975.89
133,BTC/INR,1h,LONG,2025-03-06 08:30:00+05:30,2025-03-07 00:30:00+05:30,92014.5,7683210.74,84653.34,114097.98,88357.42,7377844.27,INTRADAY_SQUAREOFF,0.01,99.76,0.000162,1246.99,-49.56,1.44,-51.0,-51.0,9975.89,9924.88
134,BTC/INR,1h,SHORT,2025-03-07 06:30:00+05:30,2025-03-08 00:30:00+05:30,85117.0,7107269.36,91926.36,64688.92,88833.22,7417574.08,INTRADAY_SQUAREOFF,0.01,99.25,0.000175,1240.61,-54.17,1.5,-55.66,-55.66,9924.88,9869.22
135,BTC/INR,1h,SHORT,2025-03-08 13:30:00+05:30,2025-03-09 00:30:00+05:30,86115.36,7190632.42,93004.59,65447.67,86070.04,7186848.09,INTRADAY_SQUAREOFF,0.01,98.69,0.000172,1233.65,0.65,1.46,-0.81,-0.81,9869.22,9868.42
136,BTC/INR,1h,SHORT,2025-03-09 08:30:00+05:30,2025-03-10 00:30:00+05:30,85952.41,7177026.11,92828.6,65323.83,82689.98,6904613.38,INTRADAY_SQUAREOFF,0.01,98.68,0.000172,1233.55,46.82,1.43,45.39,45.39,9868.42,9913.81
137,BTC/INR,1h,SHORT,2025-03-10 03:30:00+05:30,2025-03-11 00:30:00+05:30,81725.22,6824055.75,88263.24,62111.17,77853.06,6500730.14,INTRADAY_SQUAREOFF,0.01,99.14,0.000182,1239.23,58.71,1.43,57.29,57.29,9913.81,9971.1
138,BTC/INR,1h,SHORT,2025-03-11 05:30:00+05:30,2025-03-12 00:30:00+05:30,78530.62,6557306.88,84813.07,59683.27,83338.17,6958737.34,INTRADAY_SQUAREOFF,0.01,99.71,0.00019,1246.39,-76.3,1.52,-77.82,-77.82,9971.1,9893.28
139,BTC/INR,1h,LONG,2025-03-12 13:30:00+05:30,2025-03-13 00:30:00+05:30,82505.22,6889186.22,75904.81,102306.48,82561.0,6893843.8,INTRADAY_SQUAREOFF,0.01,98.93,0.00018,1236.66,0.84,1.46,-0.62,-0.62,9893.28,9892.66
140,BTC/INR,1h,LONG,2025-03-13 04:30:00+05:30,2025-03-14 00:30:00+05:30,83696.95,6988695.54,77001.2,103784.22,80728.26,6740810.05,INTRADAY_SQUAREOFF,0.01,98.93,0.000177,1236.58,-43.86,1.43,-45.29,-45.29,9892.66,9847.36
141,BTC/INR,1h,LONG,2025-03-15 08:30:00+05:30,2025-03-16 00:30:00+05:30,84624.34,7066132.21,77854.39,104934.18,84175.11,7028621.7,INTRADAY_SQUAREOFF,0.01,98.47,0.000174,1230.92,-6.53,1.45,-7.98,-7.98,9847.36,9839.38
142,BTC/INR,1h,LONG,2025-03-16 09:30:00+05:30,2025-03-17 00:30:00+05:30,84387.47,7046353.71,77636.47,104640.46,83621.73,6982414.52,INTRADAY_SQUAREOFF,0.01,98.39,0.000175,1229.92,-11.16,1.44,-12.61,-12.61,9839.38,9826.77
143,BTC/INR,1h,SHORT,2025-03-17 11:30:00+05:30,2025-03-18 00:30:00+05:30,83099.67,6938822.58,89747.65,63155.75,84541.87,7059246.55,INTRADAY_SQUAREOFF,0.01,98.27,0.000177,1228.35,-21.32,1.46,-22.78,-22.78,9826.77,9803.99
144,BTC/INR,1h,SHORT,2025-03-18 23:30:00+05:30,2025-03-19 01:30:00+05:30,81339.08,6791813.48,87846.21,61817.7,82323.13,6873980.97,INTRADAY_SQUAREOFF,0.01,98.04,0.00018,1225.5,-14.83,1.45,-16.28,-16.28,9803.99,9787.71
145,BTC/INR,1h,LONG,2025-03-19 19:30:00+05:30,2025-03-20 00:30:00+05:30,84362.14,7044239.05,77613.17,104609.06,85640.78,7151004.74,INTRADAY_SQUAREOFF,0.01,97.88,0.000174,1223.46,18.54,1.45,17.09,17.09,9787.71,9804.8
146,BTC/INR,1h,LONG,2025-03-20 05:30:00+05:30,2025-03-21 00:30:00+05:30,87045.49,7268298.03,80081.85,107936.4,83954.68,7010215.89,INTRADAY_SQUAREOFF,0.01,98.05,0.000169,1225.6,-43.52,1.42,-44.94,-44.94,9804.8,9759.86
147,BTC/INR,1h,SHORT,2025-03-21 04:30:00+05:30,2025-03-22 00:30:00+05:30,83948.37,7009689.06,90664.24,63800.76,84107.67,7022990.73,INTRADAY_SQUAREOFF,0.01,97.6,0.000174,1219.98,-2.32,1.44,-3.76,-3.76,9759.86,9756.11
148,BTC/INR,1h,SHORT,2025-03-22 05:30:00+05:30,2025-03-23 00:30:00+05:30,83981.25,7012434.06,90699.75,63825.75,84299.94,7039045.11,INTRADAY_SQUAREOFF,0.01,97.56,0.000174,1219.51,-4.63,1.44,-6.07,-6.07,9756.11,9750.04
149,BTC/INR,1h,LONG,2025-03-23 21:30:00+05:30,2025-03-24 00:30:00+05:30,85257.94,7119038.29,78437.31,105719.85,84936.32,7092182.33,INTRADAY_SQUAREOFF,0.01,97.5,0.000171,1218.75,-4.6,1.44,-6.03,-6.03,9750.04,9744.0
150,BTC/INR,1h,LONG,2025-03-24 09:30:00+05:30,2025-03-25 00:30:00+05:30,86581.46,7229552.28,79654.95,107361.02,88454.59,7385958.63,INTRADAY_SQUAREOFF,0.01,97.44,0.000168,1218.0,26.35,1.45,24.9,24.9,9744.0,9768.9
151,BTC/INR,1h,LONG,2025-03-25 06:30:00+05:30,2025-03-26 00:30:00+05:30,87713.25,7324056.27,80696.19,108764.43,87823.36,7333250.83,INTRADAY_SQUAREOFF,0.01,97.69,0.000167,1221.11,1.53,1.44,0.09,0.09,9768.9,9768.99
152,BTC/INR,1h,LONG,2025-03-26 07:30:00+05:30,2025-03-27 00:30:00+05:30,87928.93,7342066.05,80894.62,109031.88,86174.59,7195577.97,INTRADAY_SQUAREOFF,0.01,97.69,0.000166,1221.12,-24.36,1.43,-25.79,-25.79,9768.99,9743.2
153,BTC/INR,1h,SHORT,2025-03-27 11:30:00+05:30,2025-03-28 00:30:00+05:30,87257.26,7285980.86,94237.84,66315.51,87248.48,7285247.87,INTRADAY_SQUAREOFF,0.01,97.43,0.000167,1217.9,0.12,1.44,-1.31,-1.31,9743.2,9741.89
154,BTC/INR,1h,SHORT,2025-03-28 16:30:00+05:30,2025-03-29 00:30:00+05:30,84851.12,7085068.16,91639.2,64486.85,83867.54,7002939.41,INTRADAY_SQUAREOFF,0.01,97.42,0.000172,1217.74,14.12,1.43,12.69,12.69,9741.89,9754.57
155,BTC/INR,1h,SHORT,2025-03-29 15:30:00+05:30,2025-03-30 00:30:00+05:30,83348.4,6959591.29,90016.27,63344.78,82362.04,6877229.96,INTRADAY_SQUAREOFF,0.01,97.55,0.000175,1219.32,14.43,1.43,13.0,13.0,9754.57,9767.57
156,BTC/INR,1h,SHORT,2025-03-30 11:30:00+05:30,2025-03-31 00:30:00+05:30,82882.62,6920698.44,89513.23,62990.79,82728.85,6907859.11,INTRADAY_SQUAREOFF,0.01,97.68,0.000176,1220.95,2.27,1.44,0.83,0.83,9767.57,9768.4
157,BTC/INR,1h,SHORT,2025-03-31 09:30:00+05:30,2025-04-01 00:30:00+05:30,81453.24,6801345.32,87969.5,61904.46,83342.41,6959091.08,INTRADAY_SQUAREOFF,0.01,97.68,0.00018,1221.05,-28.32,1.46,-29.78,-29.78,9768.4,9738.62
158,BTC/INR,1h,LONG,2025-04-01 20:30:00+05:30,2025-04-02 00:30:00+05:30,84263.83,7036029.77,77522.72,104487.15,85079.45,7104134.46,INTRADAY_SQUAREOFF,0.01,97.39,0.000173,1217.33,11.78,1.44,10.34,10.34,9738.62,9748.96
159,BTC/INR,1h,LONG,2025-04-02 02:30:00+05:30,2025-04-03 00:30:00+05:30,85333.86,7125377.67,78507.16,105813.99,86347.66,7210029.29,INTRADAY_SQUAREOFF,0.01,97.49,0.000171,1218.62,14.48,1.45,13.03,13.03,9748.96,9761.99
160,BTC/INR,1h,SHORT,2025-04-03 12:30:00+05:30,2025-04-04 00:30:00+05:30,82972.83,6928231.2,89610.66,63059.35,82094.91,6854924.96,INTRADAY_SQUAREOFF,0.01,97.62,0.000176,1220.25,12.91,1.43,11.48,11.48,9761.99,9773.47
161,BTC/INR,1h,LONG,2025-04-05 15:30:00+05:30,2025-04-06 00:30:00+05:30,83863.67,7002616.34,77154.58,103990.95,82993.64,6929968.83,INTRADAY_SQUAREOFF,0.01,97.73,0.000174,1221.68,-12.67,1.43,-14.11,-14.11,9773.47,9759.36
162,BTC/INR,1h,SHORT,2025-04-06 12:30:00+05:30,2025-04-07 00:30:00+05:30,83054.24,6935029.14,89698.58,63121.22,79041.75,6599986.22,INTRADAY_SQUAREOFF,0.01,97.59,0.000176,1219.92,58.94,1.4,57.53,57.53,9759.36,9816.89
163,BTC/INR,1h,SHORT,2025-04-07 02:30:00+05:30,2025-04-08 00:30:00+05:30,78594.12,6562609.09,84881.65,59731.53,78512.57,6555799.81,INTRADAY_SQUAREOFF,0.01,98.17,0.000187,1227.11,1.27,1.45,-0.17,-0.17,9816.89,9816.72
164,BTC/INR,1h,LONG,2025-04-08 07:30:00+05:30,2025-04-09 00:30:00+05:30,80766.53,6744005.02,74305.2,100150.49,77199.87,6446188.74,INTRADAY_SQUAREOFF,0.01,98.17,0.000182,1227.09,-54.19,1.42,-55.6,-55.6,9816.72,9761.12
165,BTC/INR,1h,SHORT,2025-04-09 05:30:00+05:30,2025-04-09 23:30:00+05:30,76215.33,6363979.75,82312.55,57923.65,82353.71,6876534.68,STOP_LOSS,0.01,97.61,0.000192,1220.14,-98.27,1.5,-99.77,-99.77,9761.12,9661.35
166,BTC/INR,1h,LONG,2025-04-10 02:30:00+05:30,2025-04-11 00:30:00+05:30,83231.63,6949841.45,76573.1,103207.23,79407.3,6630509.54,INTRADAY_SQUAREOFF,0.01,96.61,0.000174,1207.67,-55.49,1.39,-56.88,-56.88,9661.35,9604.47
167,BTC/INR,1h,SHORT,2025-04-11 06:30:00+05:30,2025-04-12 00:30:00+05:30,78930.41,6590688.87,85244.84,59987.11,83617.76,6982083.34,INTRADAY_SQUAREOFF,0.01,96.04,0.000182,1200.56,-71.3,1.46,-72.76,-72.76,9604.47,9531.71
168,BTC/INR,1h,LONG,2025-04-12 10:30:00+05:30,2025-04-13 00:30:00+05:30,83329.97,6958052.69,76663.57,103329.17,85110.35,7106713.84,INTRADAY_SQUAREOFF,0.01,95.32,0.000171,1191.46,25.46,1.42,24.04,24.04,9531.71,9555.75
169,BTC/INR,1h,LONG,2025-04-13 06:30:00+05:30,2025-04-14 00:30:00+05:30,85570.1,7145103.32,78724.49,106106.92,84663.83,7069430.17,INTRADAY_SQUAREOFF,0.01,95.56,0.000167,1194.47,-12.65,1.4,-14.05,-14.05,9555.75,9541.69
170,BTC/INR,1h,LONG,2025-04-15 18:30:00+05:30,2025-04-16 00:30:00+05:30,85839.23,7167575.4,78972.09,106440.64,84150.11,7026533.94,INTRADAY_SQUAREOFF,0.01,95.42,0.000166,1192.71,-23.47,1.39,-24.86,-24.86,9541.69,9516.83
171,BTC/INR,1h,SHORT,2025-04-16 04:30:00+05:30,2025-04-17 00:30:00+05:30,83660.48,6985650.48,90353.32,63581.97,84145.26,7026129.42,INTRADAY_SQUAREOFF,0.01,95.17,0.00017,1189.6,-6.89,1.41,-8.3,-8.3,9516.83,9508.53
172,BTC/INR,1h,LONG,2025-04-18 02:30:00+05:30,2025-04-19 00:30:00+05:30,85180.3,7112554.67,78365.87,105623.57,84563.41,7061044.57,INTRADAY_SQUAREOFF,0.01,95.09,0.000167,1188.57,-8.61,1.4,-10.01,-10.01,9508.53,9498.52
173,BTC/INR,1h,LONG,2025-04-19 07:30:00+05:30,2025-04-20 00:30:00+05:30,84613.47,7065224.35,77844.39,104920.7,85085.07,7104603.26,INTRADAY_SQUAREOFF,0.01,94.99,0.000168,1187.32,6.62,1.4,5.21,5.21,9498.52,9503.74
174,BTC/INR,1h,LONG,2025-04-21 05:30:00+05:30,2025-04-22 00:30:00+05:30,85283.57,7121178.4,78460.89,105751.63,86763.25,7244730.97,INTRADAY_SQUAREOFF,0.01,95.04,0.000167,1187.97,20.61,1.41,19.2,19.2,9503.74,9522.93
175,BTC/INR,1h,LONG,2025-04-22 05:30:00+05:30,2025-04-23 00:30:00+05:30,87611.13,7315529.14,80602.24,108637.8,91511.09,7641175.91,INTRADAY_SQUAREOFF,0.01,95.23,0.000163,1190.37,52.99,1.44,51.55,51.55,9522.93,9574.49
176,BTC/INR,1h,LONG,2025-04-23 03:30:00+05:30,2025-04-24 00:30:00+05:30,93507.8,7807901.37,86027.18,115949.67,93600.82,7815668.86,INTRADAY_SQUAREOFF,0.01,95.74,0.000153,1196.81,1.19,1.41,-0.22,-0.22,9574.49,9574.26
177,BTC/INR,1h,LONG,2025-04-24 04:30:00+05:30,2025-04-25 00:30:00+05:30,93846.62,7836192.65,86338.89,116369.81,93360.59,7795608.88,INTRADAY_SQUAREOFF,0.01,95.74,0.000153,1196.78,-6.2,1.41,-7.61,-7.61,9574.26,9566.66
178,BTC/INR,1h,LONG,2025-04-25 05:30:00+05:30,2025-04-26 00:30:00+05:30,94053.18,7853440.76,86528.93,116625.95,94971.43,7930114.24,INTRADAY_SQUAREOFF,0.01,95.67,0.000152,1195.83,11.67,1.42,10.26,10.26,9566.66,9576.91
179,BTC/INR,1h,LONG,2025-04-26 08:30:00+05:30,2025-04-27 00:30:00+05:30,95196.42,7948900.92,87580.7,118043.56,94161.49,7862484.37,INTRADAY_SQUAREOFF,0.01,95.77,0.000151,1197.11,-13.01,1.4,-14.42,-14.42,9576.91,9562.5
180,BTC/INR,1h,LONG,2025-04-27 06:30:00+05:30,2025-04-28 00:30:00+05:30,95055.87,7937165.26,87451.4,117869.28,94263.66,7871015.37,INTRADAY_SQUAREOFF,0.01,95.62,0.000151,1195.31,-9.96,1.4,-11.37,-11.37,9562.5,9551.13
181,BTC/INR,1h,SHORT,2025-04-28 05:30:00+05:30,2025-04-29 00:30:00+05:30,93681.8,7822430.28,101176.34,71198.17,94284.21,7872731.73,INTRADAY_SQUAREOFF,0.01,95.51,0.000153,1193.89,-7.68,1.41,-9.09,-9.09,9551.13,9542.04
182,BTC/INR,1h,SHORT,2025-04-29 10:30:00+05:30,2025-04-30 00:30:00+05:30,94314.49,7875260.0,101859.65,71679.01,95481.19,7972678.99,INTRADAY_SQUAREOFF,0.01,95.42,0.000151,1192.75,-14.75,1.42,-16.17,-16.17,9542.04,9525.87
183,BTC/INR,1h,SHORT,2025-04-30 12:30:00+05:30,2025-05-01 00:30:00+05:30,94725.3,7909562.65,102303.33,71991.23,94185.58,7864496.34,INTRADAY_SQUAREOFF,0.01,95.26,0.000151,1190.73,6.78,1.4,5.38,5.38,9525.87,9531.25
184,BTC/INR,1h,SHORT,2025-05-01 04:30:00+05:30,2025-05-02 00:30:00+05:30,94058.39,7853875.78,101583.06,71484.38,96906.74,8091712.93,INTRADAY_SQUAREOFF,0.01,95.31,0.000152,1191.41,-36.08,1.43,-37.51,-37.51,9531.25,9493.74
185,BTC/INR,1h,LONG,2025-05-02 06:30:00+05:30,2025-05-03 00:30:00+05:30,97102.62,8108068.84,89334.41,120407.25,97141.04,8111276.67,INTRADAY_SQUAREOFF,0.01,94.94,0.000146,1186.72,0.47,1.4,-0.93,-0.93,9493.74,9492.81
186,BTC/INR,1h,LONG,2025-05-03 05:30:00+05:30,2025-05-04 00:30:00+05:30,96966.24,8096681.05,89208.94,120238.14,96120.12,8026029.94,INTRADAY_SQUAREOFF,0.01,94.93,0.000147,1186.6,-10.35,1.39,-11.75,-11.75,9492.81,9481.07
187,BTC/INR,1h,SHORT,2025-05-04 22:30:00+05:30,2025-05-05 00:30:00+05:30,95279.63,7955848.72,102902.0,72412.52,95439.68,7969213.31,INTRADAY_SQUAREOFF,0.01,94.81,0.000149,1185.13,-1.99,1.4,-3.39,-3.39,9481.07,9477.67
188,BTC/INR,1h,SHORT,2025-05-05 05:30:00+05:30,2025-05-06 00:30:00+05:30,94163.22,7862628.47,101696.27,71564.04,94773.72,7913605.83,INTRADAY_SQUAREOFF,0.01,94.78,0.000151,1184.71,-7.68,1.4,-9.08,-9.08,9477.67,9468.59
189,BTC/INR,1h,LONG,2025-05-07 04:30:00+05:30,2025-05-08 00:30:00+05:30,96402.69,8049624.86,88690.48,119539.34,96548.83,8061827.66,INTRADAY_SQUAREOFF,0.01,94.69,0.000147,1183.57,1.79,1.4,0.4,0.4,9468.59,9468.99
190,BTC/INR,1h,LONG,2025-05-08 14:30:00+05:30,2025-05-09 00:30:00+05:30,99811.26,8334239.85,91826.36,123765.96,101301.26,8458655.34,INTRADAY_SQUAREOFF,0.01,94.69,0.000142,1183.62,17.67,1.41,16.26,16.26,9468.99,9485.25
191,BTC/INR,1h,LONG,2025-05-09 02:30:00+05:30,2025-05-10 00:30:00+05:30,102814.03,8584971.49,94588.91,127489.4,103165.12,8614287.37,INTRADAY_SQUAREOFF,0.01,94.85,0.000138,1185.66,4.05,1.4,2.65,2.65,9485.25,9487.9
192,BTC/INR,1h,LONG,2025-05-10 09:30:00+05:30,2025-05-11 00:30:00+05:30,103257.01,8621960.25,94996.45,128038.69,103203.73,8617511.6,INTRADAY_SQUAREOFF,0.01,94.88,0.000138,1185.99,-0.61,1.4,-2.01,-2.01,9487.9,9485.89
193,BTC/INR,1h,LONG,2025-05-11 03:30:00+05:30,2025-05-12 00:30:00+05:30,103835.33,8670249.99,95528.5,128755.81,104509.91,8726577.18,INTRADAY_SQUAREOFF,0.01,94.86,0.000137,1185.74,7.7,1.4,6.3,6.3,9485.89,9492.19
194,BTC/INR,1h,LONG,2025-05-12 06:30:00+05:30,2025-05-13 00:30:00+05:30,104697.56,8742246.01,96321.75,129824.97,101614.85,8484839.71,INTRADAY_SQUAREOFF,0.01,94.92,0.000136,1186.52,-34.94,1.38,-36.32,-36.32,9492.19,9455.87
195,BTC/INR,1h,SHORT,2025-05-13 06:30:00+05:30,2025-05-14 00:30:00+05:30,102164.24,8530714.36,110337.38,77644.83,104432.48,8720112.01,INTRADAY_SQUAREOFF,0.01,94.56,0.000139,1181.98,-26.24,1.41,-27.65,-27.65,9455.87,9428.22
196,BTC/INR,1h,LONG,2025-05-15 00:30:00+05:30,2025-05-16 00:30:00+05:30,103549.54,8646386.42,95265.57,128401.43,102650.08,8571281.59,INTRADAY_SQUAREOFF,0.01,94.28,0.000136,1178.53,-10.24,1.38,-11.62,-11.62,9428.22,9416.6
197,BTC/INR,1h,LONG,2025-05-16 05:30:00+05:30,2025-05-17 00:30:00+05:30,103920.47,8677359.52,95606.84,128861.39,103680.77,8657344.0,INTRADAY_SQUAREOFF,0.01,94.17,0.000136,1177.07,-2.72,1.39,-4.1,-4.1,9416.6,9412.49
198,BTC/INR,1h,LONG,2025-05-17 09:30:00+05:30,2025-05-18 00:30:00+05:30,103593.1,8650023.75,95305.65,128455.44,102970.54,8598039.74,INTRADAY_SQUAREOFF,0.01,94.12,0.000136,1176.56,-7.07,1.38,-8.45,-8.45,9412.49,9404.04
199,BTC/INR,1h,LONG,2025-05-18 19:30:00+05:30,2025-05-19 00:30:00+05:30,104795.6,8750432.45,96411.95,129946.54,104445.91,8721233.25,INTRADAY_SQUAREOFF,0.01,94.04,0.000134,1175.5,-3.92,1.38,-5.31,-5.31,9404.04,9398.73
200,BTC/INR,1h,SHORT,2025-05-19 12:30:00+05:30,2025-05-20 00:30:00+05:30,102061.63,8522146.2,110226.56,77566.84,104818.97,8752383.93,INTRADAY_SQUAREOFF,0.01,93.99,0.000138,1174.84,-31.74,1.41,-33.15,-33.15,9398.73,9365.59
201,BTC/INR,1h,LONG,2025-05-20 10:30:00+05:30,2025-05-21 00:30:00+05:30,106262.74,8872938.59,97761.72,131765.79,105254.53,8788753.58,INTRADAY_SQUAREOFF,0.01,93.66,0.000132,1170.7,-11.11,1.37,-12.48,-12.48,9365.59,9353.1
202,BTC/INR,1h,LONG,2025-05-21 19:30:00+05:30,2025-05-22 00:30:00+05:30,107620.73,8986330.85,99011.07,133449.7,106953.75,8930638.47,INTRADAY_SQUAREOFF,0.01,93.53,0.00013,1169.14,-7.25,1.38,-8.62,-8.62,9353.1,9344.48
203,BTC/INR,1h,LONG,2025-05-22 18:30:00+05:30,2025-05-23 00:30:00+05:30,111622.86,9320508.95,102693.03,138412.35,111727.49,9329245.51,INTRADAY_SQUAREOFF,0.01,93.44,0.000125,1168.06,1.09,1.38,-0.28,-0.28,9344.48,9344.2
204,BTC/INR,1h,LONG,2025-05-23 05:30:00+05:30,2025-05-24 00:30:00+05:30,111755.84,9331612.82,102815.37,138577.24,108760.17,9081474.26,INTRADAY_SQUAREOFF,0.01,93.44,0.000125,1168.02,-31.31,1.36,-32.67,-32.67,9344.2,9311.53
205,BTC/INR,1h,SHORT,2025-05-24 02:30:00+05:30,2025-05-25 00:30:00+05:30,108162.31,9031553.19,116815.3,82203.36,108879.94,9091474.67,INTRADAY_SQUAREOFF,0.01,93.12,0.000129,1163.94,-7.72,1.38,-9.1,-9.1,9311.53,9302.43
206,BTC/INR,1h,SHORT,2025-05-25 04:30:00+05:30,2025-05-26 00:30:00+05:30,108005.98,9018499.15,116646.46,82084.54,107499.57,8976214.47,INTRADAY_SQUAREOFF,0.01,93.02,0.000129,1162.8,5.45,1.37,4.08,4.08,9302.43,9306.51
207,BTC/INR,1h,LONG,2025-05-26 06:30:00+05:30,2025-05-27 00:30:00+05:30,109655.33,9156220.18,100882.9,135972.61,109059.44,9106463.49,INTRADAY_SQUAREOFF,0.01,93.07,0.000127,1163.31,-6.32,1.37,-7.69,-7.69,9306.51,9298.82
208,BTC/INR,1h,SHORT,2025-05-27 12:30:00+05:30,2025-05-28 00:30:00+05:30,108826.74,9087032.71,117532.88,82708.32,109985.6,9183797.44,INTRADAY_SQUAREOFF,0.01,92.99,0.000128,1162.35,-12.38,1.38,-13.76,-13.76,9298.82,9285.07
209,BTC/INR,1h,SHORT,2025-05-28 12:30:00+05:30,2025-05-29 00:30:00+05:30,108645.54,9071902.65,117337.18,82570.61,107543.57,8979887.7,INTRADAY_SQUAREOFF,0.01,92.85,0.000128,1160.63,11.77,1.36,10.41,10.41,9285.07,9295.48
210,BTC/INR,1h,SHORT,2025-05-29 23:30:00+05:30,2025-05-30 01:30:00+05:30,106130.65,8861909.3,114621.1,80659.29,105783.33,8832908.39,INTRADAY_SQUAREOFF,0.01,92.95,0.000131,1161.93,3.8,1.37,2.43,2.43,9295.48,9297.91
211,BTC/INR,1h,SHORT,2025-05-30 04:30:00+05:30,2025-05-31 00:30:00+05:30,105895.3,8842257.49,114366.92,80480.43,104959.99,8764158.75,INTRADAY_SQUAREOFF,0.01,92.98,0.000131,1162.24,10.27,1.37,8.9,8.9,9297.91,9306.81
212,BTC/INR,1h,SHORT,2025-05-31 04:30:00+05:30,2025-06-01 00:30:00+05:30,104000.1,8684008.26,112320.11,79040.08,104584.38,8732796.0,INTRADAY_SQUAREOFF,0.01,93.07,0.000134,1163.35,-6.54,1.38,-7.91,-7.91,9306.81,9298.9
213,BTC/INR,1h,LONG,2025-06-01 10:30:00+05:30,2025-06-02 00:30:00+05:30,104789.63,8749934.46,96406.46,129939.15,104871.26,8756749.95,INTRADAY_SQUAREOFF,0.01,92.99,0.000133,1162.36,0.91,1.37,-0.47,-0.47,9298.9,9298.43
214,BTC/INR,1h,LONG,2025-06-02 03:30:00+05:30,2025-06-03 00:30:00+05:30,105564.9,8814669.53,97119.71,130900.48,104324.57,8711101.55,INTRADAY_SQUAREOFF,0.01,92.98,0.000132,1162.3,-13.66,1.36,-15.02,-15.02,9298.43,9283.41
215,BTC/INR,1h,LONG,2025-06-03 19:30:00+05:30,2025-06-04 00:30:00+05:30,105717.28,8827392.67,97259.9,131089.42,106040.05,8854343.94,INTRADAY_SQUAREOFF,0.01,92.83,0.000131,1160.43,3.54,1.37,2.17,2.17,9283.41,9285.58
216,BTC/INR,1h,SHORT,2025-06-04 19:30:00+05:30,2025-06-05 00:30:00+05:30,104740.28,8745813.66,113119.51,79602.62,105053.56,8771971.86,INTRADAY_SQUAREOFF,0.01,92.86,0.000133,1160.7,-3.47,1.37,-4.84,-4.84,9285.58,9280.74
217,BTC/INR,1h,SHORT,2025-06-05 02:30:00+05:30,2025-06-06 00:30:00+05:30,104449.65,8721545.57,112805.62,79381.73,103090.73,8608076.0,INTRADAY_SQUAREOFF,0.01,92.81,0.000133,1160.09,15.09,1.36,13.73,13.73,9280.74,9294.47
218,BTC/INR,1h,LONG,2025-06-07 04:30:00+05:30,2025-06-08 00:30:00+05:30,104629.56,8736568.43,96259.2,129740.66,105596.61,8817317.17,INTRADAY_SQUAREOFF,0.01,92.94,0.000133,1161.81,10.74,1.38,9.36,9.36,9294.47,9303.83
219,BTC/INR,1h,LONG,2025-06-08 07:30:00+05:30,2025-06-09 00:30:00+05:30,105857.52,8839102.88,97388.92,131263.32,106308.71,8876777.26,INTRADAY_SQUAREOFF,0.01,93.04,0.000132,1162.98,4.96,1.38,3.58,3.58,9303.83,9307.41
220,BTC/INR,1h,LONG,2025-06-10 15:30:00+05:30,2025-06-11 00:30:00+05:30,109592.69,9150989.68,100825.28,135894.94,109257.44,9122996.05,INTRADAY_SQUAREOFF,0.01,93.07,0.000127,1163.43,-3.56,1.37,-4.93,-4.93,9307.41,9302.48
221,BTC/INR,1h,LONG,2025-06-11 05:30:00+05:30,2025-06-12 00:30:00+05:30,110327.41,9212338.7,101501.22,136805.99,108791.54,9084093.42,INTRADAY_SQUAREOFF,0.01,93.02,0.000126,1162.81,-16.19,1.36,-17.55,-17.55,9302.48,9284.93
222,BTC/INR,1h,SHORT,2025-06-12 09:30:00+05:30,2025-06-13 00:30:00+05:30,107698.65,8992837.69,116314.55,81850.98,107625.46,8986725.72,INTRADAY_SQUAREOFF,0.01,92.85,0.000129,1160.62,0.79,1.37,-0.58,-0.58,9284.93,9284.35
223,BTC/INR,1h,SHORT,2025-06-13 05:30:00+05:30,2025-06-14 00:30:00+05:30,105677.09,8824036.86,114131.26,80314.59,105225.55,8786333.21,INTRADAY_SQUAREOFF,0.01,92.84,0.000132,1160.54,4.96,1.37,3.59,3.59,9284.35,9287.95
224,BTC/INR,1h,SHORT,2025-06-14 07:30:00+05:30,2025-06-15 00:30:00+05:30,105448.25,8804928.83,113884.11,80140.67,104993.53,8766959.36,INTRADAY_SQUAREOFF,0.01,92.88,0.000132,1160.99,5.01,1.37,3.64,3.64,9287.95,9291.59
225,BTC/INR,1h,LONG,2025-06-15 11:30:00+05:30,2025-06-16 00:30:00+05:30,106167.65,8864998.86,97674.24,131647.89,105468.84,8806648.2,INTRADAY_SQUAREOFF,0.01,92.92,0.000131,1161.45,-7.64,1.37,-9.01,-9.01,9291.59,9282.57
226,BTC/INR,1h,LONG,2025-06-16 10:30:00+05:30,2025-06-17 00:30:00+05:30,106454.4,8888942.71,97938.05,132003.46,108255.17,9039306.98,INTRADAY_SQUAREOFF,0.01,92.83,0.000131,1160.32,19.63,1.38,18.25,18.25,9282.57,9300.82
227,BTC/INR,1h,SHORT,2025-06-17 10:30:00+05:30,2025-06-18 00:30:00+05:30,107304.59,8959933.62,115888.96,81551.49,104483.73,8724391.57,INTRADAY_SQUAREOFF,0.01,93.01,0.00013,1162.6,30.56,1.35,29.21,29.21,9300.82,9330.03
228,BTC/INR,1h,SHORT,2025-06-18 02:30:00+05:30,2025-06-19 00:30:00+05:30,104303.13,8709311.11,112647.38,79270.38,103713.4,8660068.99,INTRADAY_SQUAREOFF,0.01,93.3,0.000134,1166.25,6.59,1.37,5.22,5.22,9330.03,9335.25
229,BTC/INR,1h,SHORT,2025-06-19 07:30:00+05:30,2025-06-20 00:30:00+05:30,104486.63,8724633.52,112845.56,79409.84,104470.63,8723297.7,INTRADAY_SQUAREOFF,0.01,93.35,0.000134,1166.91,0.18,1.38,-1.2,-1.2,9335.25,9334.05
230,BTC/INR,1h,SHORT,2025-06-20 10:30:00+05:30,2025-06-21 00:30:00+05:30,104205.07,8701123.72,112541.48,79195.86,103230.61,8619755.53,INTRADAY_SQUAREOFF,0.01,93.34,0.000134,1166.76,10.91,1.37,9.54,9.54,9334.05,9343.59
231,BTC/INR,1h,SHORT,2025-06-21 04:30:00+05:30,2025-06-22 00:30:00+05:30,102968.81,8597895.65,111206.31,78256.3,102740.52,8578833.12,INTRADAY_SQUAREOFF,0.01,93.44,0.000136,1167.95,2.59,1.38,1.21,1.21,9343.59,9344.81
232,BTC/INR,1h,SHORT,2025-06-22 03:30:00+05:30,2025-06-23 00:30:00+05:30,101276.49,8456587.14,109378.61,76970.13,99511.17,8309182.55,INTRADAY_SQUAREOFF,0.01,93.45,0.000138,1168.1,20.36,1.37,18.99,18.99,9344.81,9363.8
233,BTC/INR,1h,LONG,2025-06-24 07:30:00+05:30,2025-06-25 00:30:00+05:30,105592.46,8816970.19,97145.06,130934.65,105549.38,8813373.11,INTRADAY_SQUAREOFF,0.01,93.64,0.000133,1170.48,-0.48,1.38,-1.86,-1.86,9363.8,9361.94
234,BTC/INR,1h,LONG,2025-06-25 06:30:00+05:30,2025-06-26 00:30:00+05:30,106519.11,8894345.51,97997.58,132083.69,107387.83,8966884.13,INTRADAY_SQUAREOFF,0.01,93.62,0.000132,1170.24,9.54,1.39,8.16,8.16,9361.94,9370.1
235,BTC/INR,1h,LONG,2025-06-26 08:30:00+05:30,2025-06-27 00:30:00+05:30,108059.24,9022946.94,99414.51,133993.46,107358.58,8964441.67,INTRADAY_SQUAREOFF,0.01,93.7,0.00013,1171.26,-7.59,1.38,-8.97,-8.97,9370.1,9361.13
236,BTC/INR,1h,SHORT,2025-06-28 14:30:00+05:30,2025-06-29 00:30:00+05:30,107349.21,8963659.25,115937.15,81585.4,107408.83,8968637.62,INTRADAY_SQUAREOFF,0.01,93.61,0.000131,1170.14,-0.65,1.38,-2.03,-2.03,9361.13,9359.1
237,BTC/INR,1h,SHORT,2025-06-29 09:30:00+05:30,2025-06-30 00:30:00+05:30,107187.4,8950147.49,115762.39,81462.42,107717.14,8994380.88,INTRADAY_SQUAREOFF,0.01,93.59,0.000131,1169.89,-5.78,1.38,-7.17,-7.17,9359.1,9351.93
238,BTC/INR,1h,SHORT,2025-07-01 00:30:00+05:30,2025-07-02 00:30:00+05:30,107147.95,8946854.15,115719.79,81432.44,105859.78,8839291.5,INTRADAY_SQUAREOFF,0.01,93.52,0.000131,1168.99,14.05,1.37,12.68,12.68,9351.93,9364.62
239,BTC/INR,1h,LONG,2025-07-02 16:30:00+05:30,2025-07-03 00:30:00+05:30,107897.79,9009465.39,99265.97,133793.26,109529.04,9145674.52,INTRADAY_SQUAREOFF,0.01,93.65,0.00013,1170.58,17.7,1.39,16.31,16.31,9364.62,9380.92
240,BTC/INR,1h,LONG,2025-07-03 11:30:00+05:30,2025-07-04 00:30:00+05:30,109453.58,9139374.12,100697.3,135722.44,109632.73,9154333.32,INTRADAY_SQUAREOFF,0.01,93.81,0.000128,1172.62,1.92,1.38,0.53,0.53,9380.92,9381.46
241,BTC/INR,1h,SHORT,2025-07-05 00:30:00+05:30,2025-07-06 00:30:00+05:30,107463.78,8973225.65,116060.88,81672.47,108089.38,9025463.64,INTRADAY_SQUAREOFF,0.01,93.81,0.000131,1172.68,-6.83,1.39,-8.21,-8.21,9381.46,9373.24
242,BTC/INR,1h,SHORT,2025-07-06 15:30:00+05:30,2025-07-07 00:30:00+05:30,107836.65,9004360.15,116463.58,81955.85,108575.85,9066083.2,INTRADAY_SQUAREOFF,0.01,93.73,0.00013,1171.66,-8.03,1.39,-9.42,-9.42,9373.24,9363.82
243,BTC/INR,1h,LONG,2025-07-07 08:30:00+05:30,2025-07-08 00:30:00+05:30,109558.74,9148155.14,100794.04,135852.84,107952.79,9014057.6,INTRADAY_SQUAREOFF,0.01,93.64,0.000128,1170.48,-17.16,1.37,-18.53,-18.53,9363.82,9345.29
244,BTC/INR,1h,SHORT,2025-07-08 07:30:00+05:30,2025-07-09 00:30:00+05:30,107688.99,8992030.49,116304.11,81843.63,109214.42,9119404.38,INTRADAY_SQUAREOFF,0.01,93.45,0.00013,1168.16,-16.55,1.39,-17.94,-17.94,9345.29,9327.36
245,BTC/INR,1h,LONG,2025-07-09 12:30:00+05:30,2025-07-10 00:30:00+05:30,108934.32,9096015.95,100219.58,135078.56,109508.88,9143991.67,INTRADAY_SQUAREOFF,0.01,93.27,0.000128,1165.92,6.15,1.38,4.77,4.77,9327.36,9332.13
246,BTC/INR,1h,LONG,2025-07-10 07:30:00+05:30,2025-07-11 00:30:00+05:30,111433.71,9304714.99,102519.02,138177.8,113434.96,9471818.93,INTRADAY_SQUAREOFF,0.01,93.32,0.000125,1166.52,20.95,1.39,19.56,19.56,9332.13,9351.69
247,BTC/INR,1h,LONG,2025-07-11 03:30:00+05:30,2025-07-12 00:30:00+05:30,116653.76,9740588.85,107321.46,144650.66,117659.88,9824600.22,INTRADAY_SQUAREOFF,0.01,93.52,0.00012,1168.96,10.08,1.39,8.7,8.7,9351.69,9360.39
248,BTC/INR,1h,LONG,2025-07-12 07:30:00+05:30,2025-07-13 00:30:00+05:30,117774.08,9834136.03,108352.16,146039.86,117453.71,9807385.0,INTRADAY_SQUAREOFF,0.01,93.6,0.000119,1170.05,-3.18,1.38,-4.56,-4.56,9360.39,9355.82
249,BTC/INR,1h,LONG,2025-07-14 00:30:00+05:30,2025-07-15 00:30:00+05:30,119120.35,9946549.29,109590.72,147709.23,119595.64,9986236.02,INTRADAY_SQUAREOFF,0.01,93.56,0.000118,1169.48,4.67,1.38,3.28,3.28,9355.82,9359.11
250,BTC/INR,1h,SHORT,2025-07-15 20:30:00+05:30,2025-07-16 00:30:00+05:30,115707.8,9661601.69,124964.43,87937.93,116805.37,9753248.69,INTRADAY_SQUAREOFF,0.01,93.59,0.000121,1169.89,-11.1,1.39,-12.48,-12.48,9359.11,9346.62
251,BTC/INR,1h,LONG,2025-07-17 02:30:00+05:30,2025-07-18 00:30:00+05:30,120006.0,10020500.7,110405.52,148807.44,119603.51,9986893.26,INTRADAY_SQUAREOFF,0.01,93.47,0.000117,1168.33,-3.92,1.38,-5.29,-5.29,9346.62,9341.33
252,BTC/INR,1h,LONG,2025-07-18 10:30:00+05:30,2025-07-19 00:30:00+05:30,120613.47,10071224.9,110964.39,149560.71,117313.41,9795669.54,INTRADAY_SQUAREOFF,0.01,93.41,0.000116,1167.67,-31.95,1.36,-33.31,-33.31,9341.33,9308.02
253,BTC/INR,1h,SHORT,2025-07-19 19:30:00+05:30,2025-07-20 00:30:00+05:30,118087.04,9860268.18,127534.01,89746.15,117972.14,9850673.38,INTRADAY_SQUAREOFF,0.01,93.08,0.000118,1163.5,1.13,1.37,-0.24,-0.24,9308.02,9307.78
254,BTC/INR,1h,SHORT,2025-07-20 15:30:00+05:30,2025-07-21 00:30:00+05:30,117960.54,9849705.5,127397.39,89650.01,118453.78,9890890.9,INTRADAY_SQUAREOFF,0.01,93.08,0.000118,1163.47,-4.86,1.38,-6.24,-6.24,9307.78,9301.54
255,BTC/INR,1h,LONG,2025-07-21 19:30:00+05:30,2025-07-22 00:30:00+05:30,119167.37,9950475.75,109633.98,147767.54,117115.26,9779124.6,INTRADAY_SQUAREOFF,0.01,93.02,0.000117,1162.69,-20.02,1.36,-21.38,-21.38,9301.54,9280.16
256,BTC/INR,1h,SHORT,2025-07-22 06:30:00+05:30,2025-07-23 00:30:00+05:30,117050.27,9773697.85,126414.3,88958.21,119869.05,10009065.27,INTRADAY_SQUAREOFF,0.01,92.8,0.000119,1160.02,-27.94,1.39,-29.32,-29.32,9280.16,9250.84
257,BTC/INR,1h,LONG,2025-07-23 17:30:00+05:30,2025-07-24 00:30:00+05:30,118742.49,9914997.92,109243.09,147240.69,118350.85,9882295.95,INTRADAY_SQUAREOFF,0.01,92.51,0.000117,1156.35,-3.81,1.36,-5.18,-5.18,9250.84,9245.66
258,BTC/INR,1h,SHORT,2025-07-25 18:30:00+05:30,2025-07-26 00:30:00+05:30,115943.19,9681256.11,125218.64,88116.82,116531.35,9730368.04,INTRADAY_SQUAREOFF,0.01,92.46,0.000119,1155.71,-5.86,1.37,-7.23,-7.23,9245.66,9238.43
259,BTC/INR,1h,LONG,2025-07-27 01:30:00+05:30,2025-07-28 00:30:00+05:30,118384.15,9885076.26,108913.42,146796.34,118984.03,9935166.1,INTRADAY_SQUAREOFF,0.01,92.38,0.000117,1154.8,5.85,1.37,4.49,4.49,9238.43,9242.92
260,BTC/INR,1h,LONG,2025-07-28 03:30:00+05:30,2025-07-29 00:30:00+05:30,119359.82,9966545.13,109811.04,148006.18,117704.71,9828343.45,INTRADAY_SQUAREOFF,0.01,92.43,0.000116,1155.36,-16.02,1.35,-17.37,-17.37,9242.92,9225.54
261,BTC/INR,1h,SHORT,2025-07-29 04:30:00+05:30,2025-07-30 00:30:00+05:30,117732.11,9830631.38,127150.68,89476.41,117634.72,9822498.92,INTRADAY_SQUAREOFF,0.01,92.26,0.000117,1153.19,0.95,1.36,-0.41,-0.41,9225.54,9225.14
262,BTC/INR,1h,SHORT,2025-07-30 17:30:00+05:30,2025-07-31 00:30:00+05:30,117415.41,9804186.85,126808.64,89235.71,116463.83,9724729.62,INTRADAY_SQUAREOFF,0.01,92.25,0.000118,1153.14,9.35,1.36,7.99,7.99,9225.14,9233.13
263,BTC/INR,1h,SHORT,2025-08-01 12:30:00+05:30,2025-08-02 00:30:00+05:30,115004.03,9602836.65,124204.35,87403.06,113891.43,9509933.99,INTRADAY_SQUAREOFF,0.01,92.33,0.00012,1154.14,11.17,1.36,9.81,9.81,9233.13,9242.94
264,BTC/INR,1h,SHORT,2025-08-02 23:30:00+05:30,2025-08-03 01:30:00+05:30,112517.58,9395217.95,121518.99,85513.36,112272.26,9374734.07,INTRADAY_SQUAREOFF,0.01,92.43,0.000123,1155.37,2.52,1.36,1.16,1.16,9242.94,9244.09
265,BTC/INR,1h,LONG,2025-08-04 06:30:00+05:30,2025-08-05 00:30:00+05:30,114985.94,9601326.06,105787.07,142582.57,114885.11,9592906.42,INTRADAY_SQUAREOFF,0.01,92.44,0.00012,1155.51,-1.01,1.36,-2.38,-2.38,9244.09,9241.72
266,BTC/INR,1h,LONG,2025-08-05 03:30:00+05:30,2025-08-06 00:30:00+05:30,115320.67,9629275.99,106095.02,142997.63,113554.62,9481810.45,INTRADAY_SQUAREOFF,0.01,92.42,0.00012,1155.21,-17.69,1.35,-19.04,-19.04,9241.72,9222.67
267,BTC/INR,1h,SHORT,2025-08-06 06:30:00+05:30,2025-08-07 00:30:00+05:30,113719.1,9495544.55,122816.62,86426.51,115508.51,9644960.3,INTRADAY_SQUAREOFF,0.01,92.23,0.000121,1152.83,-18.14,1.37,-19.51,-19.51,9222.67,9203.16
268,BTC/INR,1h,LONG,2025-08-07 19:30:00+05:30,2025-08-08 00:30:00+05:30,116788.07,9751803.68,107445.02,144817.2,116532.17,9730435.84,INTRADAY_SQUAREOFF,0.01,92.03,0.000118,1150.4,-2.52,1.36,-3.88,-3.88,9203.16,9199.29
269,BTC/INR,1h,LONG,2025-08-08 04:30:00+05:30,2025-08-09 00:30:00+05:30,117711.24,9828888.56,108294.34,145961.94,116449.5,9723532.93,INTRADAY_SQUAREOFF,0.01,91.99,0.000117,1149.91,-12.33,1.35,-13.68,-13.68,9199.29,9185.61
270,BTC/INR,1h,LONG,2025-08-09 02:30:00+05:30,2025-08-10 00:30:00+05:30,116950.91,9765401.4,107594.84,145019.13,116599.83,9736086.22,INTRADAY_SQUAREOFF,0.01,91.86,0.000118,1148.2,-3.45,1.35,-4.8,-4.8,9185.61,9180.81
271,BTC/INR,1h,LONG,2025-08-10 14:30:00+05:30,2025-08-11 00:30:00+05:30,118438.55,9889618.85,108963.47,146863.8,118491.9,9894073.34,INTRADAY_SQUAREOFF,0.01,91.81,0.000116,1147.6,0.52,1.35,-0.84,-0.84,9180.81,9179.97
272,BTC/INR,1h,LONG,2025-08-11 04:30:00+05:30,2025-08-12 00:30:00+05:30,119301.77,9961697.75,109757.63,147934.19,119705.8,9995434.69,INTRADAY_SQUAREOFF,0.01,91.8,0.000115,1147.5,3.89,1.36,2.53,2.53,9179.97,9182.5
273,BTC/INR,1h,SHORT,2025-08-12 09:30:00+05:30,2025-08-13 00:30:00+05:30,118756.82,9916194.34,128257.36,90255.18,119389.8,9969048.12,INTRADAY_SQUAREOFF,0.01,91.83,0.000116,1147.81,-6.12,1.36,-7.48,-7.48,9182.5,9175.03
274,BTC/INR,1h,LONG,2025-08-13 05:30:00+05:30,2025-08-14 00:30:00+05:30,120284.41,10043748.15,110661.66,149152.67,121532.53,10147966.38,INTRADAY_SQUAREOFF,0.01,91.75,0.000114,1146.88,11.9,1.36,10.54,10.54,9175.03,9185.57
275,BTC/INR,1h,SHORT,2025-08-15 15:30:00+05:30,2025-08-16 00:30:00+05:30,118647.82,9907092.83,128139.64,90172.34,117228.26,9788560.09,INTRADAY_SQUAREOFF,0.01,91.86,0.000116,1148.2,13.74,1.35,12.39,12.39,9185.57,9197.96
276,BTC/INR,1h,SHORT,2025-08-16 08:30:00+05:30,2025-08-17 00:30:00+05:30,117509.36,9812031.27,126910.11,89307.11,117821.9,9838128.41,INTRADAY_SQUAREOFF,0.01,91.98,0.000117,1149.74,-3.06,1.36,-4.42,-4.42,9197.96,9193.54
277,BTC/INR,1h,SHORT,2025-08-17 03:30:00+05:30,2025-08-18 00:30:00+05:30,117485.69,9810055.01,126884.54,89289.12,117667.22,9825212.73,INTRADAY_SQUAREOFF,0.01,91.94,0.000117,1149.19,-1.78,1.36,-3.13,-3.13,9193.54,9190.41
278,BTC/INR,1h,SHORT,2025-08-19 19:30:00+05:30,2025-08-20 00:30:00+05:30,114933.81,9596973.05,124128.51,87349.69,113104.4,9444217.31,INTRADAY_SQUAREOFF,0.01,91.9,0.00012,1148.8,18.29,1.34,16.94,16.94,9190.41,9207.35
279,BTC/INR,1h,SHORT,2025-08-20 05:30:00+05:30,2025-08-21 00:30:00+05:30,112701.68,9410590.57,121717.82,85653.28,113547.4,9481208.03,INTRADAY_SQUAREOFF,0.01,92.07,0.000122,1150.92,-8.64,1.36,-10.0,-10.0,9207.35,9197.35
280,BTC/INR,1h,SHORT,2025-08-22 01:30:00+05:30,2025-08-23 00:30:00+05:30,111942.24,9347177.3,120897.62,85076.1,116848.01,9756809.0,INTRADAY_SQUAREOFF,0.01,91.97,0.000123,1149.67,-50.38,1.39,-51.77,-51.77,9197.35,9145.58
281,BTC/INR,1h,LONG,2025-08-23 02:30:00+05:30,2025-08-24 00:30:00+05:30,117142.24,9781377.46,107770.87,145256.38,115048.23,9606527.07,INTRADAY_SQUAREOFF,0.01,91.46,0.000117,1143.2,-20.44,1.34,-21.77,-21.77,9145.58,9123.81
282,BTC/INR,1h,SHORT,2025-08-24 08:30:00+05:30,2025-08-25 00:30:00+05:30,114952.94,9598570.5,124149.18,87364.23,114657.72,9573919.79,INTRADAY_SQUAREOFF,0.01,91.24,0.000119,1140.48,2.93,1.34,1.58,1.58,9123.81,9125.39
283,BTC/INR,1h,SHORT,2025-08-25 11:30:00+05:30,2025-08-26 00:30:00+05:30,112286.94,9375959.31,121269.89,85338.07,112454.03,9389911.91,INTRADAY_SQUAREOFF,0.01,91.25,0.000122,1140.67,-1.7,1.35,-3.04,-3.04,9125.39,9122.35
284,BTC/INR,1h,SHORT,2025-08-26 06:30:00+05:30,2025-08-27 00:30:00+05:30,108973.07,9099251.52,117690.92,82819.53,110756.25,9248146.78,INTRADAY_SQUAREOFF,0.01,91.22,0.000125,1140.29,-18.66,1.36,-20.02,-20.02,9122.35,9102.33
285,BTC/INR,1h,LONG,2025-08-27 17:30:00+05:30,2025-08-28 00:30:00+05:30,111424.68,9303960.5,102510.7,138166.6,111934.52,9346532.45,INTRADAY_SQUAREOFF,0.01,91.02,0.000122,1137.79,5.21,1.35,3.86,3.86,9102.33,9106.19
286,BTC/INR,1h,LONG,2025-08-28 07:30:00+05:30,2025-08-29 00:30:00+05:30,111729.6,9329421.81,102791.23,138544.71,112332.38,9379754.05,INTRADAY_SQUAREOFF,0.01,91.06,0.000122,1138.27,6.14,1.35,4.79,4.79,9106.19,9110.99
287,BTC/INR,1h,LONG,2025-08-29 04:30:00+05:30,2025-08-30 00:30:00+05:30,112505.86,9394239.11,103505.39,139507.26,108102.69,9026574.38,INTRADAY_SQUAREOFF,0.01,91.11,0.000121,1138.87,-44.57,1.32,-45.89,-45.89,9110.99,9065.1
288,BTC/INR,1h,SHORT,2025-08-30 07:30:00+05:30,2025-08-31 00:30:00+05:30,107428.23,8970257.02,116022.49,81645.45,108797.48,9084589.66,INTRADAY_SQUAREOFF,0.01,90.65,0.000126,1133.14,-14.44,1.35,-15.79,-15.79,9065.1,9049.31
289,BTC/INR,1h,SHORT,2025-08-31 02:30:00+05:30,2025-09-01 00:30:00+05:30,108569.2,9065528.52,117254.74,82512.59,109204.74,9118595.72,INTRADAY_SQUAREOFF,0.01,90.49,0.000125,1131.16,-6.62,1.34,-7.96,-7.96,9049.31,9041.35
290,BTC/INR,1h,SHORT,2025-09-01 04:30:00+05:30,2025-09-02 00:30:00+05:30,108720.99,9078202.44,117418.67,82627.95,109287.31,9125490.52,INTRADAY_SQUAREOFF,0.01,90.41,0.000124,1130.17,-5.89,1.34,-7.22,-7.22,9041.35,9034.12
291,BTC/INR,1h,LONG,2025-09-02 19:30:00+05:30,2025-09-03 00:30:00+05:30,111314.82,9294787.88,102409.64,138030.38,110611.62,9236070.24,INTRADAY_SQUAREOFF,0.01,90.34,0.000121,1129.27,-7.13,1.33,-8.46,-8.46,9034.12,9025.66
292,BTC/INR,1h,LONG,2025-09-03 08:30:00+05:30,2025-09-04 00:30:00+05:30,111510.68,9311141.83,102589.83,138273.24,111972.93,9349739.73,INTRADAY_SQUAREOFF,0.01,90.26,0.000121,1128.21,4.68,1.33,3.34,3.34,9025.66,9029.01
293,BTC/INR,1h,LONG,2025-09-04 06:30:00+05:30,2025-09-05 00:30:00+05:30,112249.68,9372848.51,103269.71,139189.61,109941.21,9180090.62,INTRADAY_SQUAREOFF,0.01,90.29,0.00012,1128.63,-23.21,1.32,-24.53,-24.53,9029.01,9004.48
294,BTC/INR,1h,LONG,2025-09-05 07:30:00+05:30,2025-09-06 00:30:00+05:30,111161.99,9282026.23,102269.03,137840.87,111152.29,9281215.94,INTRADAY_SQUAREOFF,0.01,90.04,0.000121,1125.56,-0.1,1.33,-1.43,-1.43,9004.48,9003.05
295,BTC/INR,1h,SHORT,2025-09-06 03:30:00+05:30,2025-09-07 00:30:00+05:30,110553.32,9231202.28,119397.59,84020.52,110300.61,9210101.35,INTRADAY_SQUAREOFF,0.01,90.03,0.000122,1125.38,2.57,1.33,1.25,1.25,9003.05,9004.3
296,BTC/INR,1h,SHORT,2025-09-07 12:30:00+05:30,2025-09-08 00:30:00+05:30,110455.62,9223044.23,119292.07,83946.27,111099.53,9276810.74,INTRADAY_SQUAREOFF,0.01,90.04,0.000122,1125.54,-6.56,1.33,-7.89,-7.89,9004.3,8996.4
297,BTC/INR,1h,LONG,2025-09-08 20:30:00+05:30,2025-09-09 00:30:00+05:30,112780.98,9417211.79,103758.5,139848.41,112413.38,9386517.43,INTRADAY_SQUAREOFF,0.01,89.96,0.000119,1124.55,-3.67,1.32,-4.99,-4.99,8996.4,8991.41
298,BTC/INR,1h,LONG,2025-09-09 03:30:00+05:30,2025-09-10 00:30:00+05:30,112377.02,9383481.15,103386.86,139347.5,111111.65,9277822.84,INTRADAY_SQUAREOFF,0.01,89.91,0.00012,1123.93,-12.66,1.32,-13.97,-13.97,8991.41,8977.44
299,BTC/INR,1h,SHORT,2025-09-10 06:30:00+05:30,2025-09-11 00:30:00+05:30,110935.25,9263093.11,119810.07,84310.79,113687.6,9492914.97,INTRADAY_SQUAREOFF,0.01,89.77,0.000121,1122.18,-27.84,1.34,-29.18,-29.18,8977.44,8948.26
300,BTC/INR,1h,LONG,2025-09-11 03:30:00+05:30,2025-09-12 00:30:00+05:30,113902.17,9510831.41,104790.0,141238.69,114266.5,9541252.94,INTRADAY_SQUAREOFF,0.01,89.48,0.000118,1118.53,3.58,1.32,2.26,2.26,8948.26,8950.51
301,BTC/INR,1h,LONG,2025-09-12 03:30:00+05:30,2025-09-13 00:30:00+05:30,114595.62,9568734.33,105427.97,142098.57,116460.11,9724419.02,INTRADAY_SQUAREOFF,0.01,89.51,0.000117,1118.81,18.2,1.33,16.87,16.87,8950.51,8967.38
302,BTC/INR,1h,LONG,2025-09-13 06:30:00+05:30,2025-09-14 00:30:00+05:30,116382.87,9717969.92,107072.24,144314.76,115620.94,9654348.65,INTRADAY_SQUAREOFF,0.01,89.67,0.000115,1120.92,-7.34,1.32,-8.66,-8.66,8967.38,8958.73
303,BTC/INR,1h,SHORT,2025-09-15 00:30:00+05:30,2025-09-16 00:30:00+05:30,115366.93,9633138.51,124596.28,87678.87,115370.72,9633455.04,INTRADAY_SQUAREOFF,0.01,89.59,0.000116,1119.84,-0.04,1.32,-1.36,-1.36,8958.73,8957.37
304,BTC/INR,1h,SHORT,2025-09-16 06:30:00+05:30,2025-09-17 00:30:00+05:30,114955.79,9598808.48,124152.25,87366.4,116511.09,9728675.66,INTRADAY_SQUAREOFF,0.01,89.57,0.000117,1119.67,-15.15,1.33,-16.48,-16.48,8957.37,8940.89
305,BTC/INR,1h,LONG,2025-09-17 11:30:00+05:30,2025-09-18 00:30:00+05:30,117264.5,9791585.87,107883.34,145407.98,115200.68,9619257.06,INTRADAY_SQUAREOFF,0.01,89.41,0.000114,1117.61,-19.67,1.31,-20.98,-20.98,8940.89,8919.91
306,BTC/INR,1h,LONG,2025-09-18 15:30:00+05:30,2025-09-19 00:30:00+05:30,117409.82,9803720.3,108017.04,145588.18,117799.34,9836244.6,INTRADAY_SQUAREOFF,0.01,89.2,0.000114,1114.99,3.7,1.32,2.38,2.38,8919.91,8922.29
307,BTC/INR,1h,LONG,2025-09-19 06:30:00+05:30,2025-09-20 00:30:00+05:30,117502.04,9811420.5,108101.88,145702.53,115400.18,9635914.8,INTRADAY_SQUAREOFF,0.01,89.22,0.000114,1115.29,-19.95,1.3,-21.25,-21.25,8922.29,8901.04
308,BTC/INR,1h,SHORT,2025-09-20 09:30:00+05:30,2025-09-21 00:30:00+05:30,115435.15,9638835.19,124669.96,87730.72,115841.37,9672754.25,INTRADAY_SQUAREOFF,0.01,89.01,0.000115,1112.63,-3.92,1.32,-5.23,-5.23,8901.04,8895.81
309,BTC/INR,1h,SHORT,2025-09-21 14:30:00+05:30,2025-09-22 00:30:00+05:30,115585.98,9651429.56,124832.86,87845.35,115644.49,9656314.8,INTRADAY_SQUAREOFF,0.01,88.96,0.000115,1111.98,-0.56,1.31,-1.88,-1.88,8895.81,8893.93
310,BTC/INR,1h,SHORT,2025-09-22 05:30:00+05:30,2025-09-23 00:30:00+05:30,115210.23,9620054.48,124427.05,87559.78,112583.77,9400744.93,INTRADAY_SQUAREOFF,0.01,88.94,0.000116,1111.74,25.34,1.3,24.05,24.05,8893.93,8917.98
311,BTC/INR,1h,SHORT,2025-09-23 06:30:00+05:30,2025-09-24 00:30:00+05:30,112444.72,9389133.98,121440.3,85457.99,111856.33,9340003.55,INTRADAY_SQUAREOFF,0.01,89.18,0.000119,1114.75,5.83,1.31,4.52,4.52,8917.98,8922.5
312,BTC/INR,1h,SHORT,2025-09-24 09:30:00+05:30,2025-09-25 00:30:00+05:30,111699.22,9326885.2,120635.16,84891.41,113738.27,9497145.58,INTRADAY_SQUAREOFF,0.01,89.23,0.00012,1115.31,-20.36,1.33,-21.69,-21.69,8922.5,8900.82
313,BTC/INR,1h,SHORT,2025-09-25 17:30:00+05:30,2025-09-26 00:30:00+05:30,111322.59,9295436.44,120228.4,84605.17,109966.56,9182207.54,INTRADAY_SQUAREOFF,0.01,89.01,0.00012,1112.6,13.55,1.3,12.25,12.25,8900.82,8913.06
314,BTC/INR,1h,SHORT,2025-09-26 05:30:00+05:30,2025-09-27 00:30:00+05:30,108893.63,9092617.9,117605.12,82759.16,109852.43,9172677.91,INTRADAY_SQUAREOFF,0.01,89.13,0.000123,1114.13,-9.81,1.32,-11.13,-11.13,8913.06,8901.93
315,BTC/INR,1h,SHORT,2025-09-27 07:30:00+05:30,2025-09-28 00:30:00+05:30,109363.99,9131892.83,118113.1,83116.63,109517.61,9144720.79,INTRADAY_SQUAREOFF,0.01,89.02,0.000122,1112.74,-1.56,1.31,-2.88,-2.88,8901.93,8899.06
316,BTC/INR,1h,SHORT,2025-09-28 07:30:00+05:30,2025-09-29 00:30:00+05:30,109354.05,9131062.81,118102.37,83109.07,110357.05,9214813.62,INTRADAY_SQUAREOFF,0.01,88.99,0.000122,1112.38,-10.2,1.32,-11.52,-11.52,8899.06,8887.53
317,BTC/INR,1h,LONG,2025-09-29 04:30:00+05:30,2025-09-30 00:30:00+05:30,112069.06,9357766.61,103103.54,138965.64,114031.0,9521588.09,INTRADAY_SQUAREOFF,0.01,88.88,0.000119,1110.94,19.45,1.32,18.13,18.13,8887.53,8905.66
318,BTC/INR,1h,LONG,2025-09-30 05:30:00+05:30,2025-10-01 00:30:00+05:30,114462.38,9557608.92,105305.39,141933.35,113664.12,9490953.69,INTRADAY_SQUAREOFF,0.01,89.06,0.000116,1113.21,-7.76,1.31,-9.07,-9.07,8905.66,8896.59
319,BTC/INR,1h,LONG,2025-10-01 07:30:00+05:30,2025-10-02 00:30:00+05:30,114583.63,9567733.14,105416.94,142083.7,117221.13,9787964.0,INTRADAY_SQUAREOFF,0.01,88.97,0.000116,1112.07,25.6,1.33,24.27,24.27,8896.59,8920.86
320,BTC/INR,1h,LONG,2025-10-02 05:30:00+05:30,2025-10-03 00:30:00+05:30,118711.71,9912427.7,109214.77,147202.52,120514.1,10062926.98,INTRADAY_SQUAREOFF,0.01,89.21,0.000112,1115.11,16.93,1.33,15.6,15.6,8920.86,8936.46
321,BTC/INR,1h,LONG,2025-10-03 15:30:00+05:30,2025-10-04 00:30:00+05:30,120471.58,10059376.99,110833.85,149384.76,122537.11,10231848.44,INTRADAY_SQUAREOFF,0.01,89.36,0.000111,1117.06,19.15,1.33,17.82,17.82,8936.46,8954.29
322,BTC/INR,1h,LONG,2025-10-04 09:30:00+05:30,2025-10-05 00:30:00+05:30,122405.77,10220881.46,112613.3,151783.15,121593.48,10153055.37,INTRADAY_SQUAREOFF,0.01,89.54,0.00011,1119.29,-7.43,1.32,-8.74,-8.74,8954.29,8945.54
323,BTC/INR,1h,LONG,2025-10-05 05:30:00+05:30,2025-10-06 00:30:00+05:30,122504.94,10229162.54,112704.55,151906.13,122976.84,10268566.16,INTRADAY_SQUAREOFF,0.01,89.46,0.000109,1118.19,4.31,1.32,2.99,2.99,8945.54,8948.53
324,BTC/INR,1h,LONG,2025-10-06 22:30:00+05:30,2025-10-07 00:30:00+05:30,125553.1,10483683.58,115508.85,155685.84,126006.19,10521517.03,INTRADAY_SQUAREOFF,0.01,89.49,0.000107,1118.57,4.04,1.32,2.71,2.71,8948.53,8951.24
325,BTC/INR,1h,LONG,2025-10-07 10:30:00+05:30,2025-10-08 00:30:00+05:30,124696.02,10412117.67,114720.34,154623.06,120877.72,10093289.49,INTRADAY_SQUAREOFF,0.01,89.51,0.000107,1118.91,-34.26,1.3,-35.56,-35.56,8951.24,8915.68
326,BTC/INR,1h,SHORT,2025-10-08 05:30:00+05:30,2025-10-09 00:30:00+05:30,121348.18,10132572.89,131056.03,92224.62,123569.6,10318061.41,INTRADAY_SQUAREOFF,0.01,89.16,0.00011,1114.46,-20.4,1.33,-21.73,-21.73,8915.68,8893.95
327,BTC/INR,1h,SHORT,2025-10-10 08:30:00+05:30,2025-10-11 00:30:00+05:30,120985.09,10102254.73,130663.89,91948.67,117323.87,9796542.89,INTRADAY_SQUAREOFF,0.01,88.94,0.00011,1111.74,33.64,1.29,32.35,32.35,8893.95,8926.3
328,BTC/INR,1h,SHORT,2025-10-11 07:30:00+05:30,2025-10-12 00:30:00+05:30,111170.93,9282772.96,120064.61,84489.91,112135.82,9363341.07,INTRADAY_SQUAREOFF,0.01,89.26,0.00012,1115.79,-9.68,1.32,-11.01,-11.01,8926.3,8915.3
329,BTC/INR,1h,SHORT,2025-10-12 06:30:00+05:30,2025-10-13 00:30:00+05:30,109687.11,9158873.97,118462.08,83362.21,114008.61,9519718.82,INTRADAY_SQUAREOFF,0.01,89.15,0.000122,1114.41,-43.91,1.34,-45.25,-45.25,8915.3,8870.05
330,BTC/INR,1h,LONG,2025-10-13 07:30:00+05:30,2025-10-14 00:30:00+05:30,115887.93,9676642.21,106616.9,143701.03,115172.38,9616894.15,INTRADAY_SQUAREOFF,0.01,88.7,0.000115,1108.76,-6.85,1.3,-8.15,-8.15,8870.05,8861.9
331,BTC/INR,1h,SHORT,2025-10-14 15:30:00+05:30,2025-10-15 00:30:00+05:30,111152.01,9281192.47,120044.17,84475.52,113042.3,9439031.85,INTRADAY_SQUAREOFF,0.01,88.62,0.000119,1107.74,-18.84,1.32,-20.16,-20.16,8861.9,8841.74
332,BTC/INR,1h,SHORT,2025-10-16 03:30:00+05:30,2025-10-17 00:30:00+05:30,110599.77,9235080.48,119447.75,84055.82,108676.21,9074463.48,INTRADAY_SQUAREOFF,0.01,88.42,0.00012,1105.22,19.22,1.29,17.93,17.93,8841.74,8859.67
333,BTC/INR,1h,SHORT,2025-10-17 10:30:00+05:30,2025-10-18 00:30:00+05:30,108748.05,9080462.33,117447.9,82648.52,106757.01,8914210.17,INTRADAY_SQUAREOFF,0.01,88.6,0.000122,1107.46,20.28,1.29,18.98,18.98,8859.67,8878.65
334,BTC/INR,1h,LONG,2025-10-19 01:30:00+05:30,2025-10-20 00:30:00+05:30,107156.41,8947560.3,98583.9,132873.95,109385.84,9133717.83,INTRADAY_SQUAREOFF,0.01,88.79,0.000124,1109.83,23.09,1.32,21.77,21.77,8878.65,8900.42
335,BTC/INR,1h,LONG,2025-10-20 08:30:00+05:30,2025-10-21 00:30:00+05:30,109006.9,9102075.99,100286.35,135168.55,110915.66,9261457.2,INTRADAY_SQUAREOFF,0.01,89.0,0.000122,1112.55,19.48,1.32,18.16,18.16,8900.42,8918.58
336,BTC/INR,1h,SHORT,2025-10-21 19:30:00+05:30,2025-10-22 00:30:00+05:30,108238.37,9037903.84,116897.44,82261.16,112100.65,9360404.05,INTRADAY_SQUAREOFF,0.01,89.19,0.000123,1114.82,-39.78,1.34,-41.12,-41.12,8918.58,8877.46
337,BTC/INR,1h,SHORT,2025-10-22 12:30:00+05:30,2025-10-23 00:30:00+05:30,107982.62,9016548.96,116621.23,82066.79,108058.92,9022919.53,INTRADAY_SQUAREOFF,0.01,88.77,0.000123,1109.68,-0.78,1.31,-2.09,-2.09,8877.46,8875.36
338,BTC/INR,1h,LONG,2025-10-23 19:30:00+05:30,2025-10-24 00:30:00+05:30,109639.83,9154925.94,100868.65,135953.39,110536.61,9229806.96,INTRADAY_SQUAREOFF,0.01,88.75,0.000121,1109.42,9.07,1.31,7.76,7.76,8875.36,8883.12
339,BTC/INR,1h,LONG,2025-10-24 10:30:00+05:30,2025-10-25 00:30:00+05:30,111437.78,9305054.38,102522.75,138182.84,110570.14,9232606.72,INTRADAY_SQUAREOFF,0.01,88.83,0.000119,1110.39,-8.65,1.31,-9.95,-9.95,8883.12,8873.17
340,BTC/INR,1h,LONG,2025-10-25 11:30:00+05:30,2025-10-26 00:30:00+05:30,111546.21,9314108.22,102622.51,138317.3,111670.93,9324522.29,INTRADAY_SQUAREOFF,0.01,88.73,0.000119,1109.15,1.24,1.31,-0.07,-0.07,8873.17,8873.1
341,BTC/INR,1h,LONG,2025-10-26 04:30:00+05:30,2025-10-27 00:30:00+05:30,111747.54,9330919.69,102807.74,138566.95,113551.38,9481540.51,INTRADAY_SQUAREOFF,0.01,88.73,0.000119,1109.14,17.9,1.32,16.58,16.58,8873.1,8889.69
342,BTC/INR,1h,LONG,2025-10-27 04:30:00+05:30,2025-10-28 00:30:00+05:30,115074.99,9608761.27,105868.99,142692.98,115267.59,9624843.55,INTRADAY_SQUAREOFF,0.01,88.9,0.000116,1111.21,1.86,1.31,0.55,0.55,8889.69,8890.24
343,BTC/INR,1h,SHORT,2025-10-28 17:30:00+05:30,2025-10-29 00:30:00+05:30,114254.81,9540276.87,123395.2,86833.66,115035.04,9605425.48,INTRADAY_SQUAREOFF,0.01,88.9,0.000116,1111.28,-7.59,1.32,-8.9,-8.9,8890.24,8881.33
344,BTC/INR,1h,SHORT,2025-10-29 06:30:00+05:30,2025-10-30 00:30:00+05:30,112461.83,9390563.2,121458.78,85470.99,110875.31,9258088.25,INTRADAY_SQUAREOFF,0.01,88.81,0.000118,1110.17,15.66,1.3,14.36,14.36,8881.33,8895.69
345,BTC/INR,1h,SHORT,2025-10-30 05:30:00+05:30,2025-10-31 00:30:00+05:30,109845.17,9172072.11,118632.79,83482.33,106875.52,8924105.96,INTRADAY_SQUAREOFF,0.01,88.96,0.000121,1111.96,30.06,1.29,28.77,28.77,8895.69,8924.46
346,BTC/INR,1h,LONG,2025-10-31 14:30:00+05:30,2025-11-01 00:30:00+05:30,110107.68,9193991.5,101299.07,136533.53,109338.98,9129804.42,INTRADAY_SQUAREOFF,0.01,89.24,0.000121,1115.56,-7.79,1.31,-9.1,-9.1,8924.46,8915.36
347,BTC/INR,1h,LONG,2025-11-01 14:30:00+05:30,2025-11-02 00:30:00+05:30,110240.04,9205043.16,101420.83,136697.65,110345.79,9213873.61,INTRADAY_SQUAREOFF,0.01,89.15,0.000121,1114.42,1.07,1.32,-0.25,-0.25,8915.36,8915.11
348,BTC/INR,1h,LONG,2025-11-02 13:30:00+05:30,2025-11-03 00:30:00+05:30,111036.04,9271509.75,102153.16,137684.7,110260.58,9206758.14,INTRADAY_SQUAREOFF,0.01,89.15,0.00012,1114.39,-7.78,1.31,-9.09,-9.09,8915.11,8906.02
349,BTC/INR,1h,SHORT,2025-11-03 15:30:00+05:30,2025-11-04 00:30:00+05:30,107044.43,8938209.7,115607.98,81353.76,106956.4,8930859.13,INTRADAY_SQUAREOFF,0.01,89.06,0.000125,1113.25,0.92,1.31,-0.4,-0.4,8906.02,8905.62
350,BTC/INR,1h,SHORT,2025-11-04 02:30:00+05:30,2025-11-05 00:30:00+05:30,106311.54,8877013.94,114816.47,80796.77,101369.82,8464379.62,INTRADAY_SQUAREOFF,0.01,89.06,0.000125,1113.2,51.75,1.28,50.46,50.46,8905.62,8956.08
351,BTC/INR,1h,SHORT,2025-11-05 06:30:00+05:30,2025-11-06 00:30:00+05:30,100335.46,8378010.54,108362.29,76254.95,104398.89,8717307.49,INTRADAY_SQUAREOFF,0.01,89.56,0.000134,1119.51,-45.34,1.35,-46.69,-46.69,8956.08,8909.4
352,BTC/INR,1h,SHORT,2025-11-07 12:30:00+05:30,2025-11-08 00:30:00+05:30,101793.27,8499738.31,109936.74,77362.89,102534.62,8561641.15,INTRADAY_SQUAREOFF,0.01,89.09,0.000131,1113.67,-8.11,1.32,-9.43,-9.43,8909.4,8899.97
353,BTC/INR,1h,LONG,2025-11-08 23:30:00+05:30,2025-11-09 01:30:00+05:30,102014.68,8518226.2,93853.51,126498.21,101904.31,8509010.0,INTRADAY_SQUAREOFF,0.01,89.0,0.000131,1112.5,-1.2,1.31,-2.52,-2.52,8899.97,8897.45
354,BTC/INR,1h,LONG,2025-11-09 17:30:00+05:30,2025-11-10 00:30:00+05:30,102317.42,8543504.75,94132.03,126873.6,104455.57,8722039.79,INTRADAY_SQUAREOFF,0.01,88.97,0.00013,1112.18,23.24,1.33,21.92,21.92,8897.45,8919.37
355,BTC/INR,1h,LONG,2025-11-10 06:30:00+05:30,2025-11-11 00:30:00+05:30,106486.15,8891593.86,97967.26,132042.83,105469.22,8806679.5,INTRADAY_SQUAREOFF,0.01,89.19,0.000125,1114.92,-10.65,1.31,-11.96,-11.96,8919.37,8907.41
356,BTC/INR,1h,LONG,2025-11-11 06:30:00+05:30,2025-11-12 00:30:00+05:30,106206.33,8868228.93,97709.83,131695.85,103327.22,8627823.25,INTRADAY_SQUAREOFF,0.01,89.07,0.000126,1113.43,-30.18,1.3,-31.48,-31.48,8907.41,8875.93
357,BTC/INR,1h,SHORT,2025-11-12 13:30:00+05:30,2025-11-13 00:30:00+05:30,103034.93,8603416.28,111277.72,78306.54,101629.48,8486061.97,INTRADAY_SQUAREOFF,0.01,88.76,0.000129,1109.49,15.13,1.3,13.83,13.83,8875.93,8889.77
358,BTC/INR,1h,SHORT,2025-11-14 02:30:00+05:30,2025-11-15 00:30:00+05:30,97986.64,8181884.31,105825.57,74469.85,95067.64,7938147.53,INTRADAY_SQUAREOFF,0.01,88.9,0.000136,1111.22,33.1,1.29,31.81,31.81,8889.77,8921.58
359,BTC/INR,1h,SHORT,2025-11-15 02:30:00+05:30,2025-11-16 00:30:00+05:30,94136.86,7860427.91,101667.81,71544.01,96044.34,8019702.55,INTRADAY_SQUAREOFF,0.01,89.22,0.000142,1115.2,-22.6,1.33,-23.93,-23.93,8921.58,8897.65
360,BTC/INR,1h,SHORT,2025-11-16 12:30:00+05:30,2025-11-17 00:30:00+05:30,95676.11,7988955.57,103330.2,72713.85,94051.87,7853331.11,INTRADAY_SQUAREOFF,0.01,88.98,0.000139,1112.21,18.88,1.3,17.58,17.58,8897.65,8915.23
361,BTC/INR,1h,SHORT,2025-11-17 03:30:00+05:30,2025-11-21 15:30:00+05:30,93336.15,7793568.72,100803.04,70935.48,82496.94,6888494.39,INTRADAY_SQUAREOFF,0.01,89.15,0.000143,1114.4,129.42,1.24,128.18,128.18,8915.23,9043.41
362,BTC/INR,1h,SHORT,2025-11-21 17:30:00+05:30,2025-11-22 00:30:00+05:30,82099.57,6855314.12,88667.54,62395.67,84573.32,7061872.24,INTRADAY_SQUAREOFF,0.01,90.43,0.000165,1130.43,-34.06,1.35,-35.41,-35.41,9043.41,9007.99
363,BTC/INR,1h,SHORT,2025-11-22 04:30:00+05:30,2025-11-23 00:30:00+05:30,84224.33,7032731.36,90962.27,64010.49,84646.58,7067989.06,INTRADAY_SQUAREOFF,0.01,90.08,0.00016,1126.0,-5.65,1.33,-6.98,-6.98,9007.99,9001.02
364,BTC/INR,1h,LONG,2025-11-23 14:30:00+05:30,2025-11-24 00:30:00+05:30,86172.22,7195380.44,79278.44,106853.55,86913.17,7257249.7,INTRADAY_SQUAREOFF,0.01,90.01,0.000156,1125.13,9.67,1.33,8.34,8.34,9001.02,9009.36
365,BTC/INR,1h,LONG,2025-11-25 02:30:00+05:30,2025-11-26 00:30:00+05:30,89240.33,7451567.74,82101.11,110658.01,87180.29,7279553.92,INTRADAY_SQUAREOFF,0.01,90.09,0.000151,1126.17,-26.0,1.31,-27.31,-27.31,9009.36,8982.05
366,BTC/INR,1h,LONG,2025-11-27 07:30:00+05:30,2025-11-28 00:30:00+05:30,91203.09,7615458.38,83906.85,113091.84,91745.85,7660778.17,INTRADAY_SQUAREOFF,0.01,89.82,0.000147,1122.76,6.68,1.33,5.35,5.35,8982.05,8987.4
367,BTC/INR,1h,LONG,2025-11-28 09:30:00+05:30,2025-11-29 00:30:00+05:30,91307.51,7624177.4,84002.91,113221.32,90796.27,7581488.27,INTRADAY_SQUAREOFF,0.01,89.87,0.000147,1123.42,-6.29,1.32,-7.61,-7.61,8987.4,8979.79
368,BTC/INR,1h,SHORT,2025-12-01 17:30:00+05:30,2025-12-02 00:30:00+05:30,86094.08,7188855.67,92981.61,65431.5,85260.87,7119283.04,INTRADAY_SQUAREOFF,0.01,89.8,0.000156,1122.47,10.86,1.32,9.55,9.55,8979.79,8989.33
369,BTC/INR,1h,SHORT,2025-12-02 05:30:00+05:30,2025-12-03 00:30:00+05:30,86255.67,7202348.52,93156.12,65554.31,92009.6,7682801.52,INTRADAY_SQUAREOFF,0.01,89.89,0.000156,1123.67,-74.96,1.37,-76.33,-76.33,8989.33,8913.01
370,BTC/INR,1h,LONG,2025-12-03 04:30:00+05:30,2025-12-04 00:30:00+05:30,92050.71,7686233.91,84686.65,114142.87,92566.13,7729271.96,INTRADAY_SQUAREOFF,0.01,89.13,0.000145,1114.13,6.24,1.32,4.92,4.92,8913.01,8917.93
371,BTC/INR,1h,LONG,2025-12-04 03:30:00+05:30,2025-12-05 00:30:00+05:30,93791.65,7831603.08,86288.32,116301.65,92097.95,7690178.94,INTRADAY_SQUAREOFF,0.01,89.18,0.000142,1114.74,-20.13,1.3,-21.43,-21.43,8917.93,8896.49
372,BTC/INR,1h,LONG,2025-12-05 02:30:00+05:30,2025-12-06 00:30:00+05:30,92575.66,7730067.22,85169.6,114793.81,88935.14,7426084.44,INTRADAY_SQUAREOFF,0.01,88.96,0.000144,1112.06,-43.73,1.29,-45.02,-45.02,8896.49,8851.47
373,BTC/INR,1h,SHORT,2025-12-06 14:30:00+05:30,2025-12-07 00:30:00+05:30,89246.13,7452051.69,96385.82,67827.06,89708.03,7490620.25,INTRADAY_SQUAREOFF,0.01,88.51,0.000148,1106.43,-5.73,1.31,-7.04,-7.04,8851.47,8844.44
374,BTC/INR,1h,SHORT,2025-12-07 04:30:00+05:30,2025-12-08 00:30:00+05:30,89255.84,7452862.8,96396.31,67834.44,91433.1,7634663.85,INTRADAY_SQUAREOFF,0.01,88.44,0.000148,1105.55,-26.97,1.32,-28.29,-28.29,8844.44,8816.15
375,BTC/INR,1h,LONG,2025-12-08 05:30:00+05:30,2025-12-09 00:30:00+05:30,90472.16,7554425.26,83234.39,112185.48,89825.52,7500430.74,INTRADAY_SQUAREOFF,0.01,88.16,0.000146,1102.02,-7.88,1.3,-9.17,-9.17,8816.15,8806.98
376,BTC/INR,1h,SHORT,2025-12-09 05:30:00+05:30,2025-12-10 00:30:00+05:30,90477.8,7554896.38,97716.03,68763.13,93983.53,7847624.82,INTRADAY_SQUAREOFF,0.01,88.07,0.000146,1100.87,-42.66,1.32,-43.98,-43.98,8806.98,8763.0
377,BTC/INR,1h,LONG,2025-12-10 12:30:00+05:30,2025-12-11 00:30:00+05:30,92776.15,7746808.2,85354.05,115042.42,92455.54,7720037.44,INTRADAY_SQUAREOFF,0.01,87.63,0.000141,1095.37,-3.79,1.29,-5.08,-5.08,8763.0,8757.92
378,BTC/INR,1h,SHORT,2025-12-11 18:30:00+05:30,2025-12-12 00:30:00+05:30,90008.3,7515693.17,97208.97,68406.31,90814.37,7582999.8,INTRADAY_SQUAREOFF,0.01,87.58,0.000146,1094.74,-9.8,1.3,-11.1,-11.1,8757.92,8746.82
379,BTC/INR,1h,LONG,2025-12-12 15:30:00+05:30,2025-12-13 00:30:00+05:30,92631.21,7734706.4,85220.72,114862.71,90333.7,7542864.05,INTRADAY_SQUAREOFF,0.01,87.47,0.000141,1093.35,-27.12,1.27,-28.39,-28.39,8746.82,8718.43
380,BTC/INR,1h,SHORT,2025-12-13 08:30:00+05:30,2025-12-14 00:30:00+05:30,90196.15,7531378.76,97411.85,68549.08,90191.46,7530987.23,INTRADAY_SQUAREOFF,0.01,87.18,0.000145,1089.8,0.06,1.29,-1.23,-1.23,8718.43,8717.2
381,BTC/INR,1h,SHORT,2025-12-14 02:30:00+05:30,2025-12-15 00:30:00+05:30,90062.03,7520179.7,97266.99,68447.14,89066.33,7437038.66,INTRADAY_SQUAREOFF,0.01,87.17,0.000145,1089.65,12.05,1.28,10.77,10.77,8717.2,8727.97
382,BTC/INR,1h,SHORT,2025-12-16 06:30:00+05:30,2025-12-17 00:30:00+05:30,85730.58,7158503.6,92589.03,65155.24,87790.87,7330537.28,INTRADAY_SQUAREOFF,0.01,87.28,0.000152,1091.0,-26.22,1.3,-27.52,-27.52,8727.97,8700.45
383,BTC/INR,1h,LONG,2025-12-17 13:30:00+05:30,2025-12-18 00:30:00+05:30,87115.03,7274104.83,80145.83,108022.63,85750.27,7160147.33,INTRADAY_SQUAREOFF,0.01,87.0,0.00015,1087.56,-17.04,1.27,-18.31,-18.31,8700.45,8682.13
384,BTC/INR,1h,SHORT,2025-12-18 11:30:00+05:30,2025-12-19 00:30:00+05:30,86324.63,7208106.49,93230.6,65606.72,85933.2,7175421.79,INTRADAY_SQUAREOFF,0.01,86.82,0.000151,1085.27,4.92,1.28,3.64,3.64,8682.13,8685.78
385,BTC/INR,1h,SHORT,2025-12-22 02:30:00+05:30,2025-12-23 00:30:00+05:30,88171.94,7362356.89,95225.69,67010.67,89155.64,7444496.06,INTRADAY_SQUAREOFF,0.01,86.86,0.000147,1085.72,-12.11,1.29,-13.4,-13.4,8685.78,8672.38
386,BTC/INR,1h,SHORT,2025-12-23 08:30:00+05:30,2025-12-24 00:30:00+05:30,88080.51,7354722.42,95126.95,66941.19,87977.78,7346144.58,INTRADAY_SQUAREOFF,0.01,86.72,0.000147,1084.05,1.26,1.28,-0.01,-0.01,8672.38,8672.36
387,BTC/INR,1h,SHORT,2025-12-24 04:30:00+05:30,2025-12-25 00:30:00+05:30,87250.05,7285379.05,94230.05,66310.04,87450.49,7302116.12,INTRADAY_SQUAREOFF,0.01,86.72,0.000149,1084.05,-2.49,1.28,-3.77,-3.77,8672.36,8668.59
388,BTC/INR,1h,LONG,2025-12-26 19:30:00+05:30,2025-12-27 00:30:00+05:30,89027.66,7433809.25,81905.44,110394.29,87152.77,7277256.21,INTRADAY_SQUAREOFF,0.01,86.69,0.000146,1083.57,-22.82,1.27,-24.08,-24.08,8668.59,8644.51
389,BTC/INR,1h,SHORT,2025-12-27 05:30:00+05:30,2025-12-28 00:30:00+05:30,87234.47,7284078.27,94213.23,66298.2,87482.57,7304794.68,INTRADAY_SQUAREOFF,0.01,86.45,0.000148,1080.56,-3.07,1.28,-4.35,-4.35,8644.51,8640.16
390,BTC/INR,1h,SHORT,2025-12-30 01:30:00+05:30,2025-12-31 00:30:00+05:30,87194.48,7280739.29,94170.04,66267.81,88284.89,7371787.98,INTRADAY_SQUAREOFF,0.01,86.4,0.000148,1080.02,-13.51,1.28,-14.79,-14.79,8640.16,8625.37
391,BTC/INR,1h,LONG,2025-12-31 03:30:00+05:30,2026-01-01 00:30:00+05:30,88269.0,7370461.1,81207.48,109453.55,87518.07,7307758.9,INTRADAY_SQUAREOFF,0.01,86.25,0.000146,1078.17,-9.17,1.27,-10.44,-10.44,8625.37,8614.93
392,BTC/INR,1h,SHORT,2026-01-01 05:30:00+05:30,2026-01-02 00:30:00+05:30,87458.2,7302759.88,94454.86,66468.23,88107.01,7356935.17,INTRADAY_SQUAREOFF,0.01,86.15,0.000147,1076.87,-7.99,1.28,-9.26,-9.26,8614.93,8605.66
393,BTC/INR,1h,LONG,2026-01-02 03:30:00+05:30,2026-01-03 00:30:00+05:30,88324.28,7375077.44,81258.34,109522.11,89694.52,7489492.5,INTRADAY_SQUAREOFF,0.01,86.06,0.000146,1075.71,16.69,1.28,15.41,15.41,8605.66,8621.07
394,BTC/INR,1h,LONG,2026-01-03 03:30:00+05:30,2026-01-04 00:30:00+05:30,90137.37,7526470.1,82926.38,111770.33,90046.82,7518909.57,INTRADAY_SQUAREOFF,0.01,86.21,0.000143,1077.63,-1.08,1.27,-2.35,-2.35,8621.07,8618.72
395,BTC/INR,1h,LONG,2026-01-04 02:30:00+05:30,2026-01-05 00:30:00+05:30,90355.66,7544697.21,83127.2,112041.01,91119.06,7608441.37,INTRADAY_SQUAREOFF,0.01,86.19,0.000143,1077.34,9.1,1.28,7.83,7.83,8618.72,8626.55
396,BTC/INR,1h,LONG,2026-01-05 02:30:00+05:30,2026-01-06 00:30:00+05:30,91344.42,7627258.65,84036.86,113267.07,94287.51,7873007.28,INTRADAY_SQUAREOFF,0.01,86.27,0.000141,1078.32,34.74,1.29,33.45,33.45,8626.55,8660.0
397,BTC/INR,1h,SHORT,2026-01-08 08:30:00+05:30,2026-01-09 00:30:00+05:30,90656.14,7569787.81,97908.63,68898.67,91084.2,7605530.62,INTRADAY_SQUAREOFF,0.01,86.6,0.000143,1082.5,-5.11,1.28,-6.39,-6.39,8660.0,8653.6
398,BTC/INR,1h,LONG,2026-01-11 20:30:00+05:30,2026-01-12 00:30:00+05:30,91089.47,7605970.52,83802.31,112950.94,90711.79,7574434.09,INTRADAY_SQUAREOFF,0.01,86.54,0.000142,1081.7,-4.49,1.27,-5.76,-5.76,8653.6,8647.85
399,BTC/INR,1h,LONG,2026-01-12 03:30:00+05:30,2026-01-13 00:30:00+05:30,90723.17,7575384.45,83465.31,112496.73,91572.0,7646262.3,INTRADAY_SQUAREOFF,0.01,86.48,0.000143,1080.98,10.11,1.28,8.83,8.83,8647.85,8656.68
400,BTC/INR,1h,LONG,2026-01-14 01:30:00+05:30,2026-01-15 00:30:00+05:30,94269.59,7871510.58,86728.02,116894.29,96753.44,8078911.82,INTRADAY_SQUAREOFF,0.01,86.57,0.000137,1082.08,28.51,1.29,27.22,27.22,8656.68,8683.9
401,BTC/INR,1h,LONG,2026-01-15 14:30:00+05:30,2026-01-16 00:30:00+05:30,96666.86,8071683.14,88933.51,119866.91,95750.06,7995130.17,INTRADAY_SQUAREOFF,0.01,86.84,0.000134,1085.49,-10.29,1.27,-11.57,-11.57,8683.9,8672.33
402,BTC/INR,1h,SHORT,2026-01-16 09:30:00+05:30,2026-01-17 00:30:00+05:30,95250.12,7953384.75,102870.13,72390.09,95003.33,7932778.01,INTRADAY_SQUAREOFF,0.01,86.72,0.000136,1084.04,2.81,1.28,1.53,1.53,8672.33,8673.86
403,BTC/INR,1h,SHORT,2026-01-17 07:30:00+05:30,2026-01-18 00:30:00+05:30,95303.94,7957879.11,102928.26,72431.0,95444.13,7969584.68,INTRADAY_SQUAREOFF,0.01,86.74,0.000136,1084.23,-1.59,1.28,-2.88,-2.88,8673.86,8670.98
404,BTC/INR,1h,SHORT,2026-01-18 05:30:00+05:30,2026-01-19 00:30:00+05:30,95040.78,7935905.46,102644.05,72231.0,95456.7,7970634.17,INTRADAY_SQUAREOFF,0.01,86.71,0.000137,1083.87,-4.74,1.28,-6.02,-6.02,8670.98,8664.96
405,BTC/INR,1h,SHORT,2026-01-20 04:30:00+05:30,2026-01-21 00:30:00+05:30,92469.83,7721230.63,99867.41,70277.07,89431.83,7467557.5,INTRADAY_SQUAREOFF,0.01,86.65,0.00014,1083.12,35.58,1.26,34.33,34.33,8664.96,8699.28
406,BTC/INR,1h,SHORT,2026-01-21 13:30:00+05:30,2026-01-22 00:30:00+05:30,88942.63,7426709.73,96058.04,67596.4,88434.5,7384280.74,INTRADAY_SQUAREOFF,0.01,86.99,0.000146,1087.41,6.21,1.28,4.93,4.93,8699.28,8704.22
407,BTC/INR,1h,SHORT,2026-01-23 11:30:00+05:30,2026-01-24 00:30:00+05:30,89368.16,7462241.42,96517.61,67919.8,90471.03,7554330.62,INTRADAY_SQUAREOFF,0.01,87.04,0.000146,1088.03,-13.43,1.29,-14.72,-14.72,8704.22,8689.5
408,BTC/INR,1h,LONG,2026-01-24 08:30:00+05:30,2026-01-25 00:30:00+05:30,89626.88,7483844.88,82456.73,111137.34,89214.64,7449422.11,INTRADAY_SQUAREOFF,0.01,86.89,0.000145,1086.19,-5.0,1.28,-6.27,-6.27,8689.5,8683.22
409,BTC/INR,1h,SHORT,2026-01-25 13:30:00+05:30,2026-01-26 00:30:00+05:30,88459.12,7386336.14,95535.84,67228.93,87339.86,7292878.23,INTRADAY_SQUAREOFF,0.01,86.83,0.000147,1085.4,13.73,1.27,12.46,12.46,8683.22,8695.68
410,BTC/INR,1h,LONG,2026-01-27 22:30:00+05:30,2026-01-28 00:30:00+05:30,88715.51,7407744.87,81618.27,110007.23,88112.23,7357371.57,INTRADAY_SQUAREOFF,0.01,86.96,0.000147,1086.96,-7.39,1.28,-8.67,-8.67,8695.68,8687.02
411,BTC/INR,1h,LONG,2026-01-28 12:30:00+05:30,2026-01-29 00:30:00+05:30,89303.75,7456862.85,82159.45,110736.65,89389.84,7464051.42,INTRADAY_SQUAREOFF,0.01,86.87,0.000146,1085.88,1.05,1.28,-0.24,-0.24,8687.02,8686.78
412,BTC/INR,1h,SHORT,2026-01-29 15:30:00+05:30,2026-01-30 00:30:00+05:30,87719.41,7324570.52,94736.96,66666.75,83376.31,6961921.71,INTRADAY_SQUAREOFF,0.01,86.87,0.000148,1085.85,53.76,1.25,52.51,52.51,8686.78,8739.29
413,BTC/INR,1h,SHORT,2026-01-30 06:30:00+05:30,2026-01-31 00:30:00+05:30,84022.39,7015869.54,90744.18,63857.02,83866.8,7002877.4,INTRADAY_SQUAREOFF,0.01,87.39,0.000156,1092.41,2.02,1.29,0.74,0.74,8739.29,8740.03
414,BTC/INR,1h,SHORT,2026-01-31 18:30:00+05:30,2026-02-01 00:30:00+05:30,82552.47,6893131.14,89156.67,62739.88,77971.76,6510642.23,INTRADAY_SQUAREOFF,0.01,87.4,0.000158,1092.5,60.62,1.25,59.37,59.37,8740.03,8799.39
415,BTC/INR,1h,SHORT,2026-02-01 11:30:00+05:30,2026-02-02 00:30:00+05:30,78450.94,6550653.69,84727.02,59622.72,78004.25,6513354.73,INTRADAY_SQUAREOFF,0.01,87.99,0.000168,1099.92,6.26,1.29,4.97,4.97,8799.39,8804.36
416,BTC/INR,1h,SHORT,2026-02-02 08:30:00+05:30,2026-02-03 00:30:00+05:30,76364.84,6376463.93,82474.02,58037.28,78576.21,6561113.85,INTRADAY_SQUAREOFF,0.01,88.04,0.000173,1100.55,-31.87,1.32,-33.19,-33.19,8804.36,8771.18
417,BTC/INR,1h,SHORT,2026-02-03 22:30:00+05:30,2026-02-04 00:30:00+05:30,76414.01,6380569.69,82527.13,58074.65,73109.99,6104684.15,INTRADAY_SQUAREOFF,0.01,87.71,0.000172,1096.4,47.41,1.27,46.14,46.14,8771.18,8817.32
418,BTC/INR,1h,SHORT,2026-02-04 15:30:00+05:30,2026-02-05 00:30:00+05:30,75853.62,6333777.0,81921.91,57648.75,73294.35,6120078.03,INTRADAY_SQUAREOFF,0.01,88.17,0.000174,1102.16,37.19,1.28,35.91,35.91,8817.32,8853.23
419,BTC/INR,1h,SHORT,2026-02-05 08:30:00+05:30,2026-02-06 00:30:00+05:30,71279.57,5951844.01,76981.93,54172.47,66256.32,5532402.93,INTRADAY_SQUAREOFF,0.01,88.53,0.000186,1106.65,77.99,1.26,76.73,76.73,8853.23,8929.95
420,BTC/INR,1h,LONG,2026-02-07 04:30:00+05:30,2026-02-08 00:30:00+05:30,71503.03,5970503.05,65782.79,88663.76,69414.85,5796139.6,INTRADAY_SQUAREOFF,0.01,89.3,0.000187,1116.24,-32.6,1.3,-33.9,-33.9,8929.95,8896.06
421,BTC/INR,1h,LONG,2026-02-08 17:30:00+05:30,2026-02-09 00:30:00+05:30,71153.14,5941287.58,65460.89,88229.9,71059.83,5933495.58,INTRADAY_SQUAREOFF,0.01,88.96,0.000187,1112.01,-1.46,1.31,-2.77,-2.77,8896.06,8893.29
422,BTC/INR,1h,LONG,2026-02-09 09:30:00+05:30,2026-02-10 00:30:00+05:30,71394.48,5961439.42,65682.93,88529.16,70322.23,5871906.0,INTRADAY_SQUAREOFF,0.01,88.93,0.000186,1111.66,-16.7,1.3,-18.0,-18.0,8893.29,8875.29
423,BTC/INR,1h,SHORT,2026-02-11 00:30:00+05:30,2026-02-12 00:30:00+05:30,68593.17,5727529.75,74080.62,52130.81,67266.04,5616714.18,INTRADAY_SQUAREOFF,0.01,88.75,0.000194,1109.41,21.46,1.3,20.17,20.17,8875.29,8895.46
424,BTC/INR,1h,SHORT,2026-02-12 04:30:00+05:30,2026-02-13 00:30:00+05:30,67321.03,5621305.65,72706.71,51163.98,65560.74,5474322.16,INTRADAY_SQUAREOFF,0.01,88.95,0.000198,1111.93,29.07,1.29,27.78,27.78,8895.46,8923.24
425,BTC/INR,1h,SHORT,2026-02-13 10:30:00+05:30,2026-02-14 00:30:00+05:30,66236.31,5530731.93,71535.22,50339.6,69134.81,5772756.46,INTRADAY_SQUAREOFF,0.01,89.23,0.000202,1115.4,-48.81,1.34,-50.16,-50.16,8923.24,8873.08
426,BTC/INR,1h,LONG,2026-02-14 06:30:00+05:30,2026-02-15 00:30:00+05:30,69111.2,5770785.4,63582.31,85697.89,69697.66,5819755.03,INTRADAY_SQUAREOFF,0.01,88.73,0.000192,1109.14,9.41,1.31,8.1,8.1,8873.08,8881.18
427,BTC/INR,1h,LONG,2026-02-15 09:30:00+05:30,2026-02-16 00:30:00+05:30,69999.9,5844991.36,64399.9,86799.87,68415.44,5712689.18,INTRADAY_SQUAREOFF,0.01,88.81,0.00019,1110.15,-25.13,1.3,-26.42,-26.42,8881.18,8854.76
428,BTC/INR,1h,SHORT,2026-02-16 08:30:00+05:30,2026-02-17 00:30:00+05:30,68201.58,5694831.72,73657.7,51833.2,67891.74,5668960.41,INTRADAY_SQUAREOFF,0.01,88.55,0.000194,1106.84,5.03,1.3,3.73,3.73,8854.76,8858.48
429,BTC/INR,1h,SHORT,2026-02-17 14:30:00+05:30,2026-02-18 00:30:00+05:30,68068.51,5683720.69,73513.99,51732.07,68118.17,5687866.95,INTRADAY_SQUAREOFF,0.01,88.58,0.000195,1107.31,-0.81,1.31,-2.11,-2.11,8858.48,8856.37
430,BTC/INR,1h,SHORT,2026-02-18 16:30:00+05:30,2026-02-19 00:30:00+05:30,67703.72,5653261.03,73120.02,51454.83,66354.16,5540572.4,INTRADAY_SQUAREOFF,0.01,88.56,0.000196,1107.05,22.07,1.29,20.77,20.77,8856.37,8877.14
431,BTC/INR,1h,SHORT,2026-02-19 15:30:00+05:30,2026-02-20 00:30:00+05:30,66721.44,5571240.48,72059.16,50708.3,67038.97,5597754.12,INTRADAY_SQUAREOFF,0.01,88.77,0.000199,1109.64,-5.28,1.31,-6.59,-6.59,8877.14,8870.55
432,BTC/INR,1h,LONG,2026-02-20 15:30:00+05:30,2026-02-21 00:30:00+05:30,68228.03,5697040.88,62769.79,84602.76,67904.1,5669992.46,INTRADAY_SQUAREOFF,0.01,88.71,0.000195,1108.82,-5.26,1.31,-6.57,-6.57,8870.55,8863.98
433,BTC/INR,1h,SHORT,2026-02-21 09:30:00+05:30,2026-02-22 00:30:00+05:30,67524.66,5638308.97,72926.63,51318.74,68585.43,5726883.56,INTRADAY_SQUAREOFF,0.01,88.64,0.000197,1108.0,-17.41,1.32,-18.72,-18.72,8863.98,8845.25
434,BTC/INR,1h,SHORT,2026-02-22 08:30:00+05:30,2026-02-23 00:30:00+05:30,67834.53,5664182.98,73261.29,51554.24,67443.64,5631544.15,INTRADAY_SQUAREOFF,0.01,88.45,0.000195,1105.66,6.37,1.3,5.07,5.07,8845.25,8850.32
435,BTC/INR,1h,SHORT,2026-02-23 06:30:00+05:30,2026-02-24 00:30:00+05:30,66687.51,5568407.47,72022.52,50682.51,64662.55,5399322.88,INTRADAY_SQUAREOFF,0.01,88.5,0.000199,1106.29,33.59,1.29,32.31,32.31,8850.32,8882.63
436,BTC/INR,1h,SHORT,2026-02-24 08:30:00+05:30,2026-02-25 00:30:00+05:30,63966.11,5341170.54,69083.4,48614.25,64452.4,5381775.2,INTRADAY_SQUAREOFF,0.01,88.83,0.000208,1110.33,-8.44,1.32,-9.76,-9.76,8882.63,8872.87
437,BTC/INR,1h,LONG,2026-02-25 14:30:00+05:30,2026-02-26 00:30:00+05:30,65575.24,5475532.54,60329.22,81313.3,69324.34,5788582.07,INTRADAY_SQUAREOFF,0.01,88.73,0.000203,1109.11,63.41,1.35,62.06,62.06,8872.87,8934.94
438,BTC/INR,1h,LONG,2026-02-26 15:30:00+05:30,2026-02-27 00:30:00+05:30,68652.17,5732456.05,63159.99,85128.69,67262.98,5616459.21,INTRADAY_SQUAREOFF,0.01,89.35,0.000195,1116.87,-22.6,1.3,-23.9,-23.9,8934.94,8911.03
439,BTC/INR,1h,SHORT,2026-02-27 15:30:00+05:30,2026-02-28 00:30:00+05:30,67298.09,5619390.68,72681.94,51146.55,65337.11,5455648.95,INTRADAY_SQUAREOFF,0.01,89.11,0.000198,1113.88,32.46,1.3,31.16,31.16,8911.03,8942.2
440,BTC/INR,1h,SHORT,2026-02-28 11:30:00+05:30,2026-03-01 00:30:00+05:30,65471.96,5466908.87,70709.72,49758.69,65943.38,5506271.99,INTRADAY_SQUAREOFF,0.01,89.42,0.000204,1117.77,-8.05,1.32,-9.37,-9.37,8942.2,8932.82
441,BTC/INR,1h,LONG,2026-03-01 07:30:00+05:30,2026-03-02 00:30:00+05:30,67611.73,5645579.16,62202.79,83838.54,66280.29,5534404.1,INTRADAY_SQUAREOFF,0.01,89.33,0.000198,1116.6,-21.99,1.3,-23.29,-23.29,8932.82,8909.53
442,BTC/INR,1h,LONG,2026-03-03 02:30:00+05:30,2026-03-04 00:30:00+05:30,69484.95,5801993.46,63926.16,86161.34,68599.96,5728096.35,INTRADAY_SQUAREOFF,0.01,89.1,0.000192,1113.69,-14.18,1.31,-15.49,-15.49,8909.53,8894.04
443,BTC/INR,1h,LONG,2026-03-05 16:30:00+05:30,2026-03-06 00:30:00+05:30,73564.05,6142598.4,67678.93,91219.43,70959.6,5925126.93,INTRADAY_SQUAREOFF,0.01,88.94,0.000181,1111.76,-39.36,1.29,-40.65,-40.65,8894.04,8853.39
444,BTC/INR,1h,SHORT,2026-03-06 05:30:00+05:30,2026-03-07 00:30:00+05:30,70755.39,5908074.72,76415.82,53774.09,68282.39,5701579.54,INTRADAY_SQUAREOFF,0.01,88.53,0.000187,1106.67,38.68,1.28,37.4,37.4,8853.39,8890.79
445,BTC/INR,1h,SHORT,2026-03-07 05:30:00+05:30,2026-03-08 00:30:00+05:30,68071.54,5683973.67,73517.26,51734.37,67604.85,5645004.81,INTRADAY_SQUAREOFF,0.01,88.91,0.000196,1111.35,7.62,1.31,6.31,6.31,8890.79,8897.1
446,BTC/INR,1h,SHORT,2026-03-08 04:30:00+05:30,2026-03-09 00:30:00+05:30,67137.98,5606021.06,72509.01,51024.86,66857.35,5582588.68,INTRADAY_SQUAREOFF,0.01,88.97,0.000198,1112.14,4.65,1.31,3.34,3.34,8897.1,8900.44
447,BTC/INR,1h,LONG,2026-03-10 06:30:00+05:30,2026-03-11 00:30:00+05:30,69318.82,5788121.62,63773.32,85955.34,69982.22,5843515.2,INTRADAY_SQUAREOFF,0.01,89.0,0.000192,1112.55,10.65,1.32,9.33,9.33,8900.44,8909.77
448,BTC/INR,1h,LONG,2026-03-11 02:30:00+05:30,2026-03-12 00:30:00+05:30,70355.79,5874708.73,64727.33,87241.18,70613.07,5896191.7,INTRADAY_SQUAREOFF,0.01,89.1,0.00019,1113.72,4.07,1.32,2.76,2.76,8909.77,8912.52
449,BTC/INR,1h,LONG,2026-03-12 03:30:00+05:30,2026-03-13 00:30:00+05:30,70806.44,5912337.76,65141.92,87799.99,69865.27,5833749.93,INTRADAY_SQUAREOFF,0.01,89.13,0.000188,1114.07,-14.81,1.31,-16.11,-16.11,8912.52,8896.41
450,BTC/INR,1h,LONG,2026-03-13 07:30:00+05:30,2026-03-14 00:30:00+05:30,71720.28,5988643.36,65982.66,88933.15,71021.25,5930274.61,INTRADAY_SQUAREOFF,0.01,88.96,0.000186,1112.05,-10.84,1.31,-12.14,-12.14,8896.41,8884.27
451,BTC/INR,1h,SHORT,2026-03-14 03:30:00+05:30,2026-03-15 00:30:00+05:30,71061.09,5933601.21,76745.98,54006.43,70713.68,5904592.52,INTRADAY_SQUAREOFF,0.01,88.84,0.000187,1110.53,5.43,1.31,4.12,4.12,8884.27,8888.39
452,BTC/INR,1h,LONG,2026-03-15 14:30:00+05:30,2026-03-16 00:30:00+05:30,71854.12,5999819.02,66105.79,89099.11,71382.06,5960401.74,INTRADAY_SQUAREOFF,0.01,88.88,0.000185,1111.05,-7.3,1.31,-8.61,-8.61,8888.39,8879.78
453,BTC/INR,1h,LONG,2026-03-16 09:30:00+05:30,2026-03-17 00:30:00+05:30,74021.29,6180777.63,68099.59,91786.4,73844.72,6166033.74,INTRADAY_SQUAREOFF,0.01,88.8,0.00018,1109.97,-2.65,1.31,-3.96,-3.96,8879.78,8875.83
454,BTC/INR,1h,SHORT,2026-03-19 00:30:00+05:30,2026-03-20 00:30:00+05:30,70957.38,5924941.11,76633.97,53927.61,69895.48,5836272.34,INTRADAY_SQUAREOFF,0.01,88.76,0.000187,1109.48,16.6,1.3,15.3,15.3,8875.83,8891.13
455,BTC/INR,1h,SHORT,2026-03-21 05:30:00+05:30,2026-03-22 00:30:00+05:30,70422.13,5880247.91,76055.9,53520.82,70424.84,5880473.76,INTRADAY_SQUAREOFF,0.01,88.91,0.000189,1111.39,-0.04,1.31,-1.35,-1.35,8891.13,8889.78
456,BTC/INR,1h,SHORT,2026-03-22 04:30:00+05:30,2026-03-23 00:30:00+05:30,70230.36,5864235.01,75848.79,53375.07,68644.76,5731837.32,INTRADAY_SQUAREOFF,0.01,88.9,0.000189,1111.22,25.09,1.3,23.79,23.79,8889.78,8913.57
457,BTC/INR,1h,SHORT,2026-03-23 12:30:00+05:30,2026-03-24 00:30:00+05:30,67707.39,5653567.48,73123.99,51457.62,71110.69,5937742.93,INTRADAY_SQUAREOFF,0.01,89.14,0.000197,1114.2,-56.0,1.35,-57.35,-57.35,8913.57,8856.22
458,BTC/INR,1h,LONG,2026-03-24 05:30:00+05:30,2026-03-25 00:30:00+05:30,70955.38,5924774.38,65278.95,87984.67,69375.73,5792873.65,INTRADAY_SQUAREOFF,0.01,88.56,0.000187,1107.03,-24.65,1.29,-25.94,-25.94,8856.22,8830.28
459,BTC/INR,1h,SHORT,2026-03-26 16:30:00+05:30,2026-03-27 00:30:00+05:30,69416.32,5796262.83,74969.63,52756.4,68469.73,5717222.08,INTRADAY_SQUAREOFF,0.01,88.3,0.00019,1103.78,15.05,1.29,13.76,13.76,8830.28,8844.04
460,BTC/INR,1h,SHORT,2026-03-27 13:30:00+05:30,2026-03-28 00:30:00+05:30,68384.52,5710107.19,73855.28,51972.23,65849.98,5498473.23,INTRADAY_SQUAREOFF,0.01,88.44,0.000194,1105.5,40.97,1.28,39.69,39.69,8844.04,8883.73
461,BTC/INR,1h,SHORT,2026-03-28 07:30:00+05:30,2026-03-29 00:30:00+05:30,65994.35,5510527.87,71273.89,50155.7,66900.05,5586154.22,INTRADAY_SQUAREOFF,0.01,88.84,0.000202,1110.47,-15.24,1.32,-16.56,-16.56,8883.73,8867.17
462,BTC/INR,1h,LONG,2026-03-30 18:30:00+05:30,2026-03-31 00:30:00+05:30,67953.47,5674114.54,62517.19,84262.3,66560.98,5557841.52,INTRADAY_SQUAREOFF,0.01,88.67,0.000195,1108.4,-22.71,1.29,-24.01,-24.01,8867.17,8843.16
463,BTC/INR,1h,SHORT,2026-03-31 20:30:00+05:30,2026-04-01 00:30:00+05:30,66445.16,5548170.8,71760.77,50498.32,67822.33,5663164.7,INTRADAY_SQUAREOFF,0.01,88.43,0.000199,1105.4,-22.91,1.32,-24.23,-24.23,8843.16,8818.93
464,BTC/INR,1h,LONG,2026-04-01 09:30:00+05:30,2026-04-02 00:30:00+05:30,68158.83,5691262.14,62706.12,84516.95,68020.71,5679729.04,INTRADAY_SQUAREOFF,0.01,88.19,0.000194,1102.37,-2.23,1.3,-3.53,-3.53,8818.93,8815.4
465,BTC/INR,1h,LONG,2026-04-02 06:30:00+05:30,2026-04-03 00:30:00+05:30,68667.47,5733733.33,63174.07,85147.66,66941.77,5589637.81,INTRADAY_SQUAREOFF,0.01,88.15,0.000192,1101.93,-27.69,1.28,-28.98,-28.98,8815.4,8786.42
466,BTC/INR,1h,LONG,2026-04-05 03:30:00+05:30,2026-04-06 00:30:00+05:30,67436.29,5630929.98,62041.38,83621.0,67341.45,5623011.33,INTRADAY_SQUAREOFF,0.01,87.86,0.000195,1098.3,-1.54,1.3,-2.84,-2.84,8786.42,8783.58
467,BTC/INR,1h,LONG,2026-04-06 04:30:00+05:30,2026-04-07 00:30:00+05:30,68359.65,5708030.53,62890.88,84765.96,69852.57,5832689.75,INTRADAY_SQUAREOFF,0.01,87.84,0.000192,1097.95,23.98,1.31,22.67,22.67,8783.58,8806.25
468,BTC/INR,1h,SHORT,2026-04-07 11:30:00+05:30,2026-04-08 00:30:00+05:30,68589.42,5727216.78,74076.58,52127.96,68462.46,5716615.75,INTRADAY_SQUAREOFF,0.01,88.06,0.000192,1100.78,2.04,1.3,0.74,0.74,8806.25,8806.99
469,BTC/INR,1h,LONG,2026-04-08 10:30:00+05:30,2026-04-09 00:30:00+05:30,71667.79,5984260.68,65934.37,88868.06,71055.23,5933111.54,INTRADAY_SQUAREOFF,0.01,88.07,0.000184,1100.87,-9.41,1.29,-10.7,-10.7,8806.99,8796.29
470,BTC/INR,1h,LONG,2026-04-10 02:30:00+05:30,2026-04-11 00:30:00+05:30,72472.35,6051441.3,66674.56,89865.72,73081.89,6102338.14,INTRADAY_SQUAREOFF,0.01,87.96,0.000182,1099.54,9.25,1.3,7.94,7.94,8796.29,8804.23
471,BTC/INR,1h,LONG,2026-04-11 15:30:00+05:30,2026-04-12 00:30:00+05:30,72974.08,6093335.53,67136.15,90487.86,73519.0,6138836.78,INTRADAY_SQUAREOFF,0.01,88.04,0.000181,1100.53,8.22,1.3,6.91,6.91,8804.23,8811.15
472,BTC/INR,1h,SHORT,2026-04-12 15:30:00+05:30,2026-04-13 00:30:00+05:30,71508.03,5970920.74,77228.68,54346.1,71194.22,5944717.37,INTRADAY_SQUAREOFF,0.01,88.11,0.000184,1101.39,4.83,1.3,3.54,3.54,8811.15,8814.69
473,BTC/INR,1h,SHORT,2026-04-13 09:30:00+05:30,2026-04-14 00:30:00+05:30,70915.53,5921446.95,76588.77,53895.8,72490.23,6052934.61,INTRADAY_SQUAREOFF,0.01,88.15,0.000186,1101.84,-24.47,1.31,-25.78,-25.78,8814.69,8788.9
474,BTC/INR,1h,LONG,2026-04-14 04:30:00+05:30,2026-04-15 00:30:00+05:30,74736.65,6240509.98,68757.71,92673.44,74095.73,6186993.49,INTRADAY_SQUAREOFF,0.01,87.89,0.000176,1098.61,-9.42,1.29,-10.71,-10.71,8788.9,8778.19
475,BTC/INR,1h,LONG,2026-04-17 05:30:00+05:30,2026-04-18 00:30:00+05:30,75236.06,6282211.02,69217.18,93292.71,77185.13,6444958.38,INTRADAY_SQUAREOFF,0.01,87.78,0.000175,1097.27,28.43,1.31,27.11,27.11,8778.19,8805.31
476,BTC/INR,1h,SHORT,2026-04-18 23:30:00+05:30,2026-04-19 01:30:00+05:30,75784.09,6327971.43,81846.82,57595.91,75716.74,6322347.61,INTRADAY_SQUAREOFF,0.01,88.05,0.000174,1100.66,0.98,1.3,-0.32,-0.32,8805.31,8804.99
477,BTC/INR,1h,SHORT,2026-04-20 03:30:00+05:30,2026-04-21 00:30:00+05:30,74371.45,6210016.24,80321.17,56522.3,76521.62,6389555.65,INTRADAY_SQUAREOFF,0.01,88.05,0.000177,1100.62,-31.82,1.32,-33.14,-33.14,8804.99,8771.85
478,BTC/INR,1h,LONG,2026-04-21 06:30:00+05:30,2026-04-22 00:30:00+05:30,76166.74,6359923.13,70073.4,94446.76,75590.26,6311787.05,INTRADAY_SQUAREOFF,0.01,87.72,0.000172,1096.48,-8.3,1.29,-9.59,-9.59,8771.85,8762.26
479,BTC/INR,1h,LONG,2026-04-22 12:30:00+05:30,2026-04-23 00:30:00+05:30,78089.77,6520495.59,71842.59,96831.31,78974.43,6594364.95,INTRADAY_SQUAREOFF,0.01,87.62,0.000168,1095.28,12.41,1.3,11.11,11.11,8762.26,8773.37
480,BTC/INR,1h,SHORT,2026-04-24 00:30:00+05:30,2026-04-25 00:30:00+05:30,77658.94,6484521.5,83871.66,59020.79,77693.83,6487434.6,INTRADAY_SQUAREOFF,0.01,87.73,0.000169,1096.67,-0.49,1.29,-1.79,-1.79,8773.37,8771.58
481,BTC/INR,1h,SHORT,2026-04-25 04:30:00+05:30,2026-04-26 00:30:00+05:30,77270.95,6452124.05,83452.62,58725.92,77348.26,6458579.41,INTRADAY_SQUAREOFF,0.01,87.72,0.00017,1096.45,-1.1,1.29,-2.39,-2.39,8771.58,8769.19
482,BTC/INR,1h,SHORT,2026-04-26 07:30:00+05:30,2026-04-27 00:30:00+05:30,77431.59,6465537.36,83626.11,58848.0,78355.73,6542703.34,INTRADAY_SQUAREOFF,0.01,87.69,0.00017,1096.15,-13.08,1.3,-14.38,-14.38,8769.19,8754.81
483,BTC/INR,1h,LONG,2026-04-27 06:30:00+05:30,2026-04-28 00:30:00+05:30,79392.4,6629264.99,73041.0,98446.57,76763.63,6409763.12,INTRADAY_SQUAREOFF,0.01,87.55,0.000165,1094.35,-36.24,1.27,-37.51,-37.51,8754.81,8717.3
484,BTC/INR,1h,SHORT,2026-04-28 03:30:00+05:30,2026-04-29 00:30:00+05:30,76738.61,6407674.06,82877.7,58321.34,76260.64,6367763.65,INTRADAY_SQUAREOFF,0.01,87.17,0.00017,1089.66,6.79,1.28,5.51,5.51,8717.3,8722.81
485,BTC/INR,1h,SHORT,2026-04-29 04:30:00+05:30,2026-04-30 00:30:00+05:30,76167.9,6360020.05,82261.34,57887.61,75532.74,6306983.76,INTRADAY_SQUAREOFF,0.01,87.23,0.000171,1090.35,9.09,1.28,7.81,7.81,8722.81,8730.62
486,BTC/INR,1h,SHORT,2026-04-30 05:30:00+05:30,2026-05-01 00:30:00+05:30,75647.33,6316552.0,81699.12,57491.97,76334.9,6373964.01,INTRADAY_SQUAREOFF,0.01,87.31,0.000173,1091.33,-9.92,1.29,-11.21,-11.21,8730.62,8719.41
487,BTC/INR,1h,SHORT,2026-05-01 03:30:00+05:30,2026-05-02 00:30:00+05:30,76167.51,6359986.8,82260.91,57887.3,78497.24,6554519.27,INTRADAY_SQUAREOFF,0.01,87.19,0.000171,1089.93,-33.34,1.31,-34.64,-34.64,8719.41,8684.76
488,BTC/INR,1h,LONG,2026-05-02 19:30:00+05:30,2026-05-03 00:30:00+05:30,78449.74,6550553.0,72173.76,97277.67,78422.6,6548286.87,INTRADAY_SQUAREOFF,0.01,86.85,0.000166,1085.6,-0.38,1.28,-1.66,-1.66,8684.76,8683.11
489,BTC/INR,1h,LONG,2026-05-03 04:30:00+05:30,2026-05-04 00:30:00+05:30,78913.59,6589284.39,72600.5,97852.85,78692.92,6570858.41,INTRADAY_SQUAREOFF,0.01,86.83,0.000165,1085.39,-3.04,1.28,-4.31,-4.31,8683.11,8678.79
490,BTC/INR,1h,LONG,2026-05-04 07:30:00+05:30,2026-05-05 00:30:00+05:30,79841.34,6666751.74,73454.03,99003.26,80061.54,6685138.84,INTRADAY_SQUAREOFF,0.01,86.79,0.000163,1084.85,2.99,1.28,1.71,1.71,8678.79,8680.5
491,BTC/INR,1h,LONG,2026-05-05 06:30:00+05:30,2026-05-06 05:30:00+05:30,80216.11,6698045.31,73798.82,99467.98,80844.38,6750505.55,INTRADAY_SQUAREOFF,0.01,86.81,0.000162,1085.06,8.5,1.29,7.21,7.21,8680.5,8687.72
492,BTC/INR,1h,LONG,2026-05-06 14:30:00+05:30,2026-05-07 00:30:00+05:30,82029.72,6849481.7,75467.34,101716.85,81290.18,6787729.89,INTRADAY_SQUAREOFF,0.01,86.88,0.000159,1085.96,-9.79,1.28,-11.07,-11.07,8687.72,8676.65
493,BTC/INR,1h,SHORT,2026-05-07 14:30:00+05:30,2026-05-08 00:30:00+05:30,81153.56,6776322.19,87645.84,61676.7,80239.68,6700013.11,INTRADAY_SQUAREOFF,0.01,86.77,0.00016,1084.58,12.21,1.27,10.94,10.94,8676.65,8687.59
494,BTC/INR,1h,SHORT,2026-05-08 06:30:00+05:30,2026-05-09 00:30:00+05:30,79700.01,6654951.07,86076.01,60572.01,80106.53,6688895.53,INTRADAY_SQUAREOFF,0.01,86.88,0.000163,1085.95,-5.54,1.28,-6.82,-6.82,8687.59,8680.77
495,BTC/INR,1h,LONG,2026-05-10 08:30:00+05:30,2026-05-11 00:30:00+05:30,80812.36,6747832.27,74347.37,100207.33,81224.91,6782279.68,INTRADAY_SQUAREOFF,0.01,86.81,0.000161,1085.1,5.54,1.28,4.26,4.26,8680.77,8685.02
496,BTC/INR,1h,LONG,2026-05-11 04:30:00+05:30,2026-05-12 00:30:00+05:30,82192.8,6863099.0,75617.38,101919.08,81823.07,6832226.18,INTRADAY_SQUAREOFF,0.01,86.85,0.000158,1085.63,-4.88,1.28,-6.16,-6.16,8685.02,8678.86
497,BTC/INR,1h,SHORT,2026-05-13 05:30:00+05:30,2026-05-14 00:30:00+05:30,80379.89,6711720.94,86810.28,61088.72,79614.94,6647847.16,INTRADAY_SQUAREOFF,0.01,86.79,0.000162,1084.86,10.32,1.27,9.05,9.05,8678.86,8687.91
498,BTC/INR,1h,SHORT,2026-05-14 03:30:00+05:30,2026-05-15 00:30:00+05:30,79284.6,6620263.74,85627.36,60256.29,81639.87,6816929.13,INTRADAY_SQUAREOFF,0.01,86.88,0.000164,1085.99,-32.26,1.3,-33.56,-33.56,8687.91,8654.35
499,BTC/INR,1h,LONG,2026-05-15 06:30:00+05:30,2026-05-16 00:30:00+05:30,81689.53,6821075.54,75154.37,101295.01,79193.98,6612697.08,INTRADAY_SQUAREOFF,0.01,86.54,0.000159,1081.79,-33.05,1.26,-34.3,-34.3,8654.35,8620.04
500,BTC/INR,1h,SHORT,2026-05-17 04:30:00+05:30,2026-05-18 00:30:00+05:30,78086.05,6520184.91,84332.93,59345.4,78271.12,6535638.19,INTRADAY_SQUAREOFF,0.01,86.2,0.000165,1077.51,-2.55,1.27,-3.83,-3.83,8620.04,8616.22
501,BTC/INR,1h,SHORT,2026-05-18 20:30:00+05:30,2026-05-19 00:30:00+05:30,76149.91,6358517.8,82241.91,57873.93,76221.92,6364530.32,INTRADAY_SQUAREOFF,0.01,86.16,0.000169,1077.03,-1.02,1.27,-2.29,-2.29,8616.22,8613.93
502,BTC/INR,1h,SHORT,2026-05-19 07:30:00+05:30,2026-05-20 00:30:00+05:30,76550.78,6391989.78,82674.84,58178.59,76788.88,6411871.08,INTRADAY_SQUAREOFF,0.01,86.14,0.000168,1076.74,-3.35,1.27,-4.62,-4.62,8613.93,8609.31
503,BTC/INR,1h,SHORT,2026-05-20 04:30:00+05:30,2026-05-21 00:30:00+05:30,76533.71,6390565.12,82656.41,58165.62,77357.84,6459379.58,INTRADAY_SQUAREOFF,0.01,86.09,0.000168,1076.16,-11.59,1.28,-12.86,-12.86,8609.31,8596.44
504,BTC/INR,1h,LONG,2026-05-21 13:30:00+05:30,2026-05-22 00:30:00+05:30,77863.9,6501636.04,71634.79,96551.24,77251.36,6450488.14,INTRADAY_SQUAREOFF,0.01,85.96,0.000165,1074.56,-8.45,1.26,-9.72,-9.72,8596.44,8586.72
505,BTC/INR,1h,SHORT,2026-05-22 23:30:00+05:30,2026-05-23 01:30:00+05:30,76613.64,6397239.17,82742.73,58226.37,75835.6,6332272.77,INTRADAY_SQUAREOFF,0.01,85.87,0.000168,1073.34,10.9,1.26,9.64,9.64,8586.72,8596.36
506,BTC/INR,1h,SHORT,2026-05-23 11:30:00+05:30,2026-05-24 00:30:00+05:30,75338.89,6290797.3,81366.0,57257.56,75798.04,6329136.03,INTRADAY_SQUAREOFF,0.01,85.96,0.000171,1074.55,-6.55,1.27,-7.82,-7.82,8596.36,8588.54
507,BTC/INR,1h,LONG,2026-05-24 07:30:00+05:30,2026-05-25 00:30:00+05:30,76857.93,6417637.42,70709.3,95303.84,76533.78,6390570.99,INTRADAY_SQUAREOFF,0.01,85.89,0.000167,1073.57,-4.53,1.26,-5.79,-5.79,8588.54,8582.75
508,BTC/INR,1h,SHORT,2026-05-25 07:30:00+05:30,2026-05-26 00:30:00+05:30,76791.74,6412110.39,82935.08,58361.72,77524.46,6473292.54,INTRADAY_SQUAREOFF,0.01,85.83,0.000167,1072.84,-10.24,1.27,-11.51,-11.51,8582.75,8571.24
509,BTC/INR,1h,SHORT,2026-05-26 15:30:00+05:30,2026-05-27 00:30:00+05:30,76519.07,6389342.59,82640.6,58154.5,75752.67,6325347.94,INTRADAY_SQUAREOFF,0.01,85.71,0.000168,1071.41,10.73,1.26,9.47,9.47,8571.24,8580.72
510,BTC/INR,1h,SHORT,2026-05-27 04:30:00+05:30,2026-05-28 00:30:00+05:30,75520.79,6305986.05,81562.45,57395.8,74921.65,6255957.38,INTRADAY_SQUAREOFF,0.01,85.81,0.00017,1072.59,8.51,1.26,7.25,7.25,8580.72,8587.97
511,BTC/INR,1h,SHORT,2026-05-28 03:30:00+05:30,2026-05-29 00:30:00+05:30,74182.89,6194271.32,80117.52,56379.0,73558.85,6142164.38,INTRADAY_SQUAREOFF,0.01,85.88,0.000173,1073.5,9.03,1.26,7.77,7.77,8587.97,8595.73
512,BTC/INR,1h,SHORT,2026-05-29 04:30:00+05:30,2026-05-30 00:30:00+05:30,73302.42,6120752.42,79166.62,55709.84,73309.36,6121331.8,INTRADAY_SQUAREOFF,0.01,85.96,0.000176,1074.47,-0.1,1.27,-1.37,-1.37,8595.73,8594.36
513,BTC/INR,1h,SHORT,2026-06-01 07:30:00+05:30,2026-06-02 00:30:00+05:30,73130.66,6106409.99,78981.11,55579.3,71437.03,5964991.9,INTRADAY_SQUAREOFF,0.01,85.94,0.000176,1074.3,24.88,1.25,23.63,23.63,8594.36,8617.99
514,BTC/INR,1h,SHORT,2026-06-02 03:30:00+05:30,2026-06-03 00:30:00+05:30,70813.98,5912967.46,76479.1,53818.63,67253.62,5615677.09,INTRADAY_SQUAREOFF,0.01,86.18,0.000182,1077.25,54.16,1.24,52.92,52.92,8617.99,8670.91
515,BTC/INR,1h,SHORT,2026-06-03 04:30:00+05:30,2026-06-04 00:30:00+05:30,66159.15,5524288.7,71451.88,50280.95,65965.33,5508105.34,INTRADAY_SQUAREOFF,0.01,86.71,0.000196,1083.86,3.18,1.28,1.9,1.9,8670.91,8672.81
516,BTC/INR,1h,SHORT,2026-06-04 04:30:00+05:30,2026-06-05 00:30:00+05:30,64667.72,5399754.64,69841.14,49147.47,63749.16,5323054.81,INTRADAY_SQUAREOFF,0.01,86.73,0.000201,1084.1,15.4,1.27,14.13,14.13,8672.81,8686.94
517,BTC/INR,1h,SHORT,2026-06-05 08:30:00+05:30,2026-06-06 00:30:00+05:30,62485.98,5217579.3,67484.86,47489.34,59369.32,4957338.07,INTRADAY_SQUAREOFF,0.01,86.87,0.000208,1085.87,54.16,1.25,52.91,52.91,8686.94,8739.85
518,BTC/INR,1h,SHORT,2026-06-06 07:30:00+05:30,2026-06-07 00:30:00+05:30,60899.0,5085066.18,65770.92,46283.24,60612.3,5061127.28,INTRADAY_SQUAREOFF,0.01,87.4,0.000215,1092.48,5.14,1.29,3.86,3.86,8739.85,8743.71
519,BTC/INR,1h,LONG,2026-06-07 21:30:00+05:30,2026-06-08 00:30:00+05:30,62215.1,5194961.16,57237.9,77146.73,61975.3,5174937.35,INTRADAY_SQUAREOFF,0.01,87.44,0.00021,1092.96,-4.21,1.29,-5.5,-5.5,8743.71,8738.21
520,BTC/INR,1h,LONG,2026-06-08 05:30:00+05:30,2026-06-09 00:30:00+05:30,63444.99,5297656.49,58369.39,78671.78,63410.34,5294763.19,INTRADAY_SQUAREOFF,0.01,87.38,0.000206,1092.28,-0.6,1.29,-1.89,-1.89,8738.21,8736.32
521,BTC/INR,1h,SHORT,2026-06-10 03:30:00+05:30,2026-06-11 00:30:00+05:30,61611.5,5144560.18,66540.42,46824.74,61842.18,5163821.63,INTRADAY_SQUAREOFF,0.01,87.36,0.000212,1092.04,-4.09,1.29,-5.38,-5.38,8736.32,8730.94
522,BTC/INR,1h,LONG,2026-06-11 16:30:00+05:30,2026-06-12 00:30:00+05:30,63151.04,5273111.86,58098.96,78307.29,63351.56,5289855.12,INTRADAY_SQUAREOFF,0.01,87.31,0.000207,1091.37,3.47,1.29,2.18,2.18,8730.94,8733.12
523,BTC/INR,1h,LONG,2026-06-12 14:30:00+05:30,2026-06-13 00:30:00+05:30,63546.94,5306169.26,58463.18,78798.2,63620.16,5312283.55,INTRADAY_SQUAREOFF,0.01,87.33,0.000206,1091.64,1.26,1.29,-0.03,-0.03,8733.12,8733.09
524,BTC/INR,1h,LONG,2026-06-13 12:30:00+05:30,2026-06-14 00:30:00+05:30,63737.84,5322109.75,58638.81,79034.92,64091.94,5351676.82,INTRADAY_SQUAREOFF,0.01,87.33,0.000205,1091.64,6.06,1.29,4.77,4.77,8733.09,8737.86
525,BTC/INR,1h,LONG,2026-06-14 15:30:00+05:30,2026-06-15 00:30:00+05:30,64612.92,5395178.75,59443.89,80120.02,63743.81,5322608.25,INTRADAY_SQUAREOFF,0.01,87.38,0.000202,1092.23,-14.69,1.28,-15.97,-15.97,8737.86,8721.89
526,BTC/INR,1h,LONG,2026-06-15 05:30:00+05:30,2026-06-16 00:30:00+05:30,65794.89,5493873.22,60531.3,81585.66,66701.43,5569569.36,INTRADAY_SQUAREOFF,0.01,87.22,0.000198,1090.24,15.02,1.3,13.73,13.73,8721.89,8735.62
527,BTC/INR,1h,SHORT,2026-06-17 16:30:00+05:30,2026-06-18 00:30:00+05:30,64671.25,5400049.36,69844.95,49150.15,65540.34,5472618.69,INTRADAY_SQUAREOFF,0.01,87.36,0.000202,1091.95,-14.67,1.3,-15.97,-15.97,8735.62,8719.64
528,BTC/INR,1h,SHORT,2026-06-18 21:30:00+05:30,2026-06-19 00:30:00+05:30,62207.34,5194313.03,67183.93,47277.58,62662.28,5232300.73,INTRADAY_SQUAREOFF,0.01,87.2,0.00021,1089.96,-7.97,1.29,-9.26,-9.26,8719.64,8710.38
529,BTC/INR,1h,SHORT,2026-06-19 14:30:00+05:30,2026-06-20 00:30:00+05:30,62466.75,5215973.71,67464.09,47474.73,63073.82,5266664.13,INTRADAY_SQUAREOFF,0.01,87.1,0.000209,1088.8,-10.58,1.29,-11.87,-11.87,8710.38,8698.51
530,BTC/INR,1h,LONG,2026-06-21 01:30:00+05:30,2026-06-22 00:30:00+05:30,63931.95,5338317.83,58817.39,79275.62,64098.45,5352220.93,INTRADAY_SQUAREOFF,0.01,86.99,0.000204,1087.31,2.83,1.28,1.55,1.55,8698.51,8700.06
531,BTC/INR,1h,SHORT,2026-06-23 18:30:00+05:30,2026-06-24 00:30:00+05:30,62101.39,5185466.46,67069.51,47197.06,62177.35,5191809.09,INTRADAY_SQUAREOFF,0.01,87.0,0.00021,1087.51,-1.33,1.28,-2.61,-2.61,8700.06,8697.44
532,BTC/INR,1h,SHORT,2026-06-24 08:30:00+05:30,2026-06-25 00:30:00+05:30,62490.33,5217942.48,67489.56,47492.65,59571.04,4974181.85,INTRADAY_SQUAREOFF,0.01,86.97,0.000208,1087.18,50.79,1.25,49.54,49.54,8697.44,8746.98
533,BTC/INR,1h,SHORT,2026-06-25 06:30:00+05:30,2026-06-26 00:30:00+05:30,60614.16,5061282.21,65463.29,46066.76,59449.31,4964017.5,INTRADAY_SQUAREOFF,0.01,87.47,0.000216,1093.37,21.01,1.28,19.73,19.73,8746.98,8766.71
534,BTC/INR,1h,SHORT,2026-06-26 14:30:00+05:30,2026-06-27 00:30:00+05:30,60020.78,5011734.74,64822.44,45615.79,59595.81,4976250.49,INTRADAY_SQUAREOFF,0.01,87.67,0.000219,1095.84,7.76,1.29,6.47,6.47,8766.71,8773.18
535,BTC/INR,1h,SHORT,2026-06-28 20:30:00+05:30,2026-06-29 00:30:00+05:30,59894.2,5001165.54,64685.73,45519.59,59545.76,4972070.79,INTRADAY_SQUAREOFF,0.01,87.73,0.000219,1096.65,6.38,1.29,5.09,5.09,8773.18,8778.27
536,BTC/INR,1h,SHORT,2026-06-29 04:30:00+05:30,2026-06-30 00:30:00+05:30,58827.55,4912100.59,63533.76,44708.94,60229.01,5029122.3,INTRADAY_SQUAREOFF,0.01,87.78,0.000223,1097.28,-26.14,1.31,-27.45,-27.45,8778.27,8750.82
537,BTC/INR,1h,LONG,2026-07-02 03:30:00+05:30,2026-07-03 00:30:00+05:30,60815.69,5078110.4,55950.44,75411.46,61669.86,5149433.36,INTRADAY_SQUAREOFF,0.01,87.51,0.000215,1093.85,15.36,1.3,14.06,14.06,8750.82,8764.88
538,BTC/INR,1h,LONG,2026-07-03 20:30:00+05:30,2026-07-04 00:30:00+05:30,62228.62,5196089.63,57250.33,77163.49,62118.91,5186929.26,INTRADAY_SQUAREOFF,0.01,87.65,0.000211,1095.61,-1.93,1.29,-3.22,-3.22,8764.88,8761.66
539,BTC/INR,1h,LONG,2026-07-04 18:30:00+05:30,2026-07-05 00:30:00+05:30,62660.53,5232154.54,57647.69,77699.06,63081.79,5267329.87,INTRADAY_SQUAREOFF,0.01,87.62,0.000209,1095.21,7.36,1.3,6.07,6.07,8761.66,8767.73
540,BTC/INR,1h,LONG,2026-07-05 13:30:00+05:30,2026-07-06 00:30:00+05:30,63032.88,5263245.45,57990.25,78160.77,62714.39,5236651.47,INTRADAY_SQUAREOFF,0.01,87.68,0.000208,1095.97,-5.54,1.29,-6.83,-6.83,8767.73,8760.9
541,BTC/INR,1h,LONG,2026-07-06 03:30:00+05:30,2026-07-07 00:30:00+05:30,63194.93,5276776.93,58139.34,78361.72,63610.21,5311452.55,INTRADAY_SQUAREOFF,0.01,87.61,0.000208,1095.11,7.2,1.3,5.9,5.9,8760.9,8766.8
542,BTC/INR,1h,LONG,2026-07-07 12:30:00+05:30,2026-07-08 00:30:00+05:30,63379.67,5292202.78,58309.3,78590.8,63600.29,5310624.49,INTRADAY_SQUAREOFF,0.01,87.67,0.000207,1095.85,3.81,1.3,2.52,2.52,8766.8,8769.32
543,BTC/INR,1h,SHORT,2026-07-08 18:30:00+05:30,2026-07-09 00:30:00+05:30,61860.54,5165355.3,66809.39,47014.01,62165.16,5190790.6,INTRADAY_SQUAREOFF,0.01,87.69,0.000212,1096.16,-5.4,1.3,-6.69,-6.69,8769.32,8762.63
544,BTC/INR,1h,SHORT,2026-07-09 07:30:00+05:30,2026-07-10 00:30:00+05:30,61771.89,5157952.62,66713.64,46946.63,63195.58,5276831.1,INTRADAY_SQUAREOFF,0.01,87.63,0.000212,1095.33,-25.24,1.31,-26.55,-26.55,8762.63,8736.07
545,BTC/INR,1h,LONG,2026-07-10 07:30:00+05:30,2026-07-11 00:30:00+05:30,63922.93,5337564.97,58809.1,79264.44,63706.62,5319502.69,INTRADAY_SQUAREOFF,0.01,87.36,0.000205,1092.01,-3.7,1.29,-4.98,-4.98,8736.07,8731.09
546,BTC/INR,1h,LONG,2026-07-11 05:30:00+05:30,2026-07-12 00:30:00+05:30,64207.45,5361321.83,59070.85,79617.23,64249.85,5364862.25,INTRADAY_SQUAREOFF,0.01,87.31,0.000204,1091.39,0.72,1.29,-0.57,-0.57,8731.09,8730.52
547,BTC/INR,1h,SHORT,2026-07-12 10:30:00+05:30,2026-07-13 00:30:00+05:30,63875.52,5333605.5,68985.56,48545.39,64141.25,5355794.69,INTRADAY_SQUAREOFF,0.01,87.31,0.000205,1091.32,-4.54,1.29,-5.83,-5.83,8730.52,8724.69
548,BTC/INR,1h,SHORT,2026-07-13 03:30:00+05:30,2026-07-14 05:30:00+05:30,63815.86,5328624.09,68921.13,48500.05,62315.53,5203346.99,INTRADAY_SQUAREOFF,0.01,87.25,0.000205,1090.59,25.64,1.27,24.37,24.37,8724.69,8749.06
549,BTC/INR,1h,LONG,2026-07-14 20:30:00+05:30,2026-07-15 00:30:00+05:30,64308.47,5369756.94,59163.79,79742.5,64501.13,5385844.5,INTRADAY_SQUAREOFF,0.01,87.49,0.000204,1093.63,3.28,1.29,1.98,1.98,8749.06,8751.05
550,BTC/INR,1h,LONG,2026-07-15 05:30:00+05:30,2026-07-16 00:30:00+05:30,65033.99,5430338.08,59831.27,80642.15,64785.63,5409600.11,INTRADAY_SQUAREOFF,0.01,87.51,0.000201,1093.88,-4.18,1.29,-5.47,-5.47,8751.05,8745.58
551,BTC/INR,1h,LONG,2026-07-16 11:30:00+05:30,2026-07-17 00:30:00+05:30,64978.54,5425708.37,59780.26,80573.39,64156.73,5357086.61,INTRADAY_SQUAREOFF,0.01,87.46,0.000201,1093.2,-13.83,1.28,-15.11,-15.11,8745.58,8730.47
552,BTC/INR,1h,SHORT,2026-07-17 07:30:00+05:30,2026-07-18 00:30:00+05:30,63387.17,5292828.65,68458.14,48174.25,64245.22,5364475.53,INTRADAY_SQUAREOFF,0.01,87.3,0.000206,1091.31,-14.77,1.3,-16.07,-16.07,8730.47,8714.4
553,BTC/INR,1h,LONG,2026-07-18 09:30:00+05:30,2026-07-19 00:30:00+05:30,64009.55,5344797.21,58888.78,79371.84,64439.8,5380722.9,INTRADAY_SQUAREOFF,0.01,87.14,0.000204,1089.3,7.32,1.29,6.03,6.03,8714.4,8720.43
554,BTC/INR,1h,LONG,2026-07-19 19:30:00+05:30,2026-07-20 00:30:00+05:30,64502.5,5385959.14,59342.3,79983.11,64355.79,5373708.82,INTRADAY_SQUAREOFF,0.01,87.2,0.000202,1090.05,-2.48,1.28,-3.76,-3.76,8720.43,8716.67
555,BTC/INR,1h,LONG,2026-07-20 05:30:00+05:30,2026-07-21 00:30:00+05:30,64758.74,5407354.96,59578.04,80300.84,65159.72,5440836.97,INTRADAY_SQUAREOFF,0.01,87.17,0.000202,1089.58,6.75,1.29,5.46,5.46,8716.67,8722.13
556,BTC/INR,1h,LONG,2026-07-21 02:30:00+05:30,2026-07-22 00:30:00+05:30,65423.25,5462841.7,60189.39,81124.83,66245.52,5531500.66,INTRADAY_SQUAREOFF,0.01,87.22,0.0002,1090.27,13.7,1.29,12.41,12.41,8722.13,8734.54
557,BTC/INR,1h,LONG,2026-07-22 05:30:00+05:30,2026-07-23 00:30:00+05:30,66566.16,5558274.12,61240.86,82542.03,65830.18,5496819.85,INTRADAY_SQUAREOFF,0.01,87.35,0.000196,1091.82,-12.07,1.28,-13.35,-13.35,8734.54,8721.18
558,BTC/INR,1h,SHORT,2026-07-23 07:30:00+05:30,2026-07-24 00:30:00+05:30,65693.18,5485380.2,70948.63,49926.81,64855.46,5415431.1,INTRADAY_SQUAREOFF,0.01,87.21,0.000199,1090.15,13.9,1.28,12.62,12.62,8721.18,8733.81
559,BTC/INR,1h,SHORT,2026-07-24 14:30:00+05:30,2026-07-25 00:30:00+05:30,65224.39,5446236.65,70442.34,49570.54,64254.76,5365272.44,INTRADAY_SQUAREOFF,0.01,87.34,0.0002,1091.73,16.23,1.28,14.95,14.95,8733.81,8748.76
560,BTC/INR,1h,SHORT,2026-07-25 06:30:00+05:30,2026-07-26 00:30:00+05:30,63952.23,5340010.92,69068.4,48603.69,64394.09,5376906.61,INTRADAY_SQUAREOFF,0.01,87.49,0.000205,1093.59,-7.56,1.29,-8.85,-8.85,8748.76,8739.91
561,BTC/INR,1h,LONG,2026-07-26 04:30:00+05:30,2026-07-27 00:30:00+05:30,64401.88,5377557.32,59249.73,79858.34,64653.85,5398596.33,INTRADAY_SQUAREOFF,0.01,87.4,0.000203,1092.49,4.27,1.29,2.98,2.98,8739.91,8742.89
562,BTC/INR,1h,LONG,2026-07-27 04:30:00+05:30,2026-07-28 00:30:00+05:30,65480.72,5467640.45,60242.27,81196.1,64782.6,5409347.45,INTRADAY_SQUAREOFF,0.01,87.43,0.0002,1092.86,-11.65,1.28,-12.93,-12.93,8742.89,8729.95
563,BTC/INR,1h,SHORT,2026-07-28 04:30:00+05:30,2026-07-29 00:30:00+05:30,63688.15,5317960.67,68783.2,48403.0,63688.41,5317981.94,INTRADAY_SQUAREOFF,0.01,87.3,0.000205,1091.24,-0.0,1.29,-1.29,-1.29,8729.95,8728.66
564,BTC/INR,1h,LONG,2026-07-29 15:30:00+05:30,2026-07-30 00:30:00+05:30,64674.1,5400287.53,59500.17,80195.89,64399.23,5377335.34,INTRADAY_SQUAREOFF,0.01,87.29,0.000202,1091.08,-4.64,1.28,-5.92,-5.92,8728.66,8722.74
565,BTC/INR,1h,SHORT,2026-07-31 19:30:00+05:30,2026-08-01 00:30:00+05:30,63128.55,5271233.83,68178.83,47977.7,63076.52,5266889.63,INTRADAY_SQUAREOFF,0.01,87.23,0.000207,1090.34,0.9,1.29,-0.39,-0.39,8722.74,8722.35
566,BTC/INR,1h,SHORT,2026-08-01 05:30:00+05:30,2026-08-02 00:30:00+05:30,62772.69,5241519.43,67794.5,47707.24,62538.88,5221996.71,INTRADAY_SQUAREOFF,0.01,87.22,0.000208,1090.29,4.06,1.28,2.78,2.78,8722.35,8725.13
567,BTC/INR,1h,LONG,2026-08-02 23:30:00+05:30,2026-08-03 01:30:00+05:30,63300.11,5285559.58,58236.11,78492.14,63356.06,5290230.69,INTRADAY_SQUAREOFF,0.01,87.25,0.000206,1090.64,0.96,1.29,-0.32,-0.32,8725.13,8724.81
568,BTC/INR,1h,SHORT,2026-08-03 12:30:00+05:30,2026-08-04 00:30:00+05:30,62497.61,5218550.81,67497.42,47498.19,63851.82,5331626.98,INTRADAY_SQUAREOFF,0.01,87.25,0.000209,1090.6,-23.63,1.3,-24.93,-24.93,8724.81,8699.87
569,BTC/INR,1h,LONG,2026-08-04 07:30:00+05:30,2026-08-05 00:30:00+05:30,63888.85,5334719.0,58777.74,79222.17,64219.09,5362293.63,INTRADAY_SQUAREOFF,0.01,87.0,0.000204,1087.48,5.62,1.29,4.33,4.33,8699.87,8704.21
570,BTC/INR,1h,LONG,2026-08-05 07:30:00+05:30,2026-08-06 00:30:00+05:30,64329.54,5371516.53,59183.18,79768.63,64700.63,5402502.9,INTRADAY_SQUAREOFF,0.01,87.04,0.000203,1088.03,6.28,1.29,4.99,4.99,8704.21,8709.2
571,BTC/INR,1h,LONG,2026-08-06 10:30:00+05:30,2026-08-07 00:30:00+05:30,64708.38,5403149.49,59531.71,80238.39,64325.81,5371205.08,INTRADAY_SQUAREOFF,0.01,87.09,0.000201,1088.65,-6.44,1.28,-7.72,-7.72,8709.2,8701.48
572,BTC/INR,1h,SHORT,2026-08-10 21:30:00+05:30,2026-08-11 00:30:00+05:30,64113.43,5353471.18,69242.5,48726.2,63847.25,5331245.17,INTRADAY_SQUAREOFF,0.01,87.01,0.000203,1087.69,4.52,1.28,3.23,3.23,8701.48,8704.72
573,BTC/INR,1h,SHORT,2026-08-11 03:30:00+05:30,2026-08-12 00:30:00+05:30,63871.35,5333257.65,68981.06,48542.23,63322.93,5287464.4,INTRADAY_SQUAREOFF,0.01,87.05,0.000204,1088.09,9.34,1.28,8.06,8.06,8704.72,8712.78
574,BTC/INR,1h,SHORT,2026-08-13 21:30:00+05:30,2026-08-14 00:30:00+05:30,63322.82,5287455.7,68388.65,48125.35,63271.61,5283179.29,INTRADAY_SQUAREOFF,0.01,87.13,0.000206,1089.1,0.88,1.28,-0.4,-0.4,8712.78,8712.38
575,BTC/INR,1h,SHORT,2026-08-14 09:30:00+05:30,2026-08-15 00:30:00+05:30,63206.88,5277774.54,68263.43,48037.23,62887.34,5251092.73,INTRADAY_SQUAREOFF,0.01,87.12,0.000206,1089.05,5.51,1.28,4.22,4.22,8712.38,8716.6
576,BTC/INR,1h,SHORT,2026-08-15 14:30:00+05:30,2026-08-16 00:30:00+05:30,62831.7,5246446.73,67858.23,47752.09,63020.62,5262221.41,INTRADAY_SQUAREOFF,0.01,87.17,0.000208,1089.57,-3.28,1.29,-4.56,-4.56,8716.6,8712.04
577,BTC/INR,1h,SHORT,2026-08-16 05:30:00+05:30,2026-08-17 00:30:00+05:30,62982.61,5259048.27,68021.22,47866.79,63105.84,5269337.47,INTRADAY_SQUAREOFF,0.01,87.12,0.000207,1089.0,-2.13,1.29,-3.42,-3.42,8712.04,8708.62
578,BTC/INR,1h,LONG,2026-08-17 12:30:00+05:30,2026-08-18 00:30:00+05:30,63685.18,5317712.38,58590.36,78969.62,64327.72,5371364.49,INTRADAY_SQUAREOFF,0.01,87.09,0.000205,1088.58,10.98,1.29,9.69,9.69,8708.62,8718.31
579,BTC/INR,1h,LONG,2026-08-18 05:30:00+05:30,2026-08-19 00:30:00+05:30,64557.03,5390512.16,59392.47,80050.72,64696.69,5402173.3,INTRADAY_SQUAREOFF,0.01,87.18,0.000202,1089.79,2.36,1.29,1.07,1.07,8718.31,8719.38
580,BTC/INR,1h,LONG,2026-08-19 16:30:00+05:30,2026-08-20 00:30:00+05:30,64436.98,5380488.13,59282.02,79901.86,68346.92,5706967.72,INTRADAY_SQUAREOFF,0.01,87.19,0.000203,1089.92,66.13,1.33,64.81,64.81,8719.38,8784.19
581,BTC/INR,1h,LONG,2026-08-20 10:30:00+05:30,2026-08-21 00:30:00+05:30,69568.19,5808943.75,64002.73,86264.55,72382.58,6043945.4,INTRADAY_SQUAREOFF,0.01,87.84,0.000189,1098.02,44.42,1.32,43.1,43.1,8784.19,8827.29
582,BTC/INR,1h,LONG,2026-08-21 11:30:00+05:30,2026-08-22 00:30:00+05:30,75498.05,6304087.21,69458.21,93617.58,77106.33,6438378.22,INTRADAY_SQUAREOFF,0.01,88.27,0.000175,1103.41,23.51,1.32,22.19,22.19,8827.29,8849.48
583,BTC/INR,1h,LONG,2026-08-22 02:30:00+05:30,2026-08-23 00:30:00+05:30,77557.0,6476009.61,71352.44,96170.68,77223.28,6448143.49,INTRADAY_SQUAREOFF,0.01,88.49,0.000171,1106.18,-4.76,1.3,-6.06,-6.06,8849.48,8843.42
584,BTC/INR,1h,LONG,2026-08-24 12:30:00+05:30,2026-08-25 00:30:00+05:30,77558.02,6476094.46,71353.38,96171.94,78905.13,6588578.29,INTRADAY_SQUAREOFF,0.01,88.43,0.000171,1105.43,19.2,1.32,17.88,17.88,8843.42,8861.3
585,BTC/INR,1h,LONG,2026-08-25 06:30:00+05:30,2026-08-26 00:30:00+05:30,79919.97,6673317.6,73526.37,99100.76,79081.25,6603284.55,INTRADAY_SQUAREOFF,0.01,88.61,0.000166,1107.66,-11.62,1.3,-12.92,-12.92,8861.3,8848.38
586,BTC/INR,1h,SHORT,2026-08-26 05:30:00+05:30,2026-08-27 00:30:00+05:30,78349.87,6542213.98,84617.86,59545.9,78495.27,6554354.8,INTRADAY_SQUAREOFF,0.01,88.48,0.000169,1106.05,-2.05,1.31,-3.36,-3.36,8848.38,8845.02
587,BTC/INR,1h,LONG,2026-08-28 06:30:00+05:30,2026-08-29 00:30:00+05:30,80761.1,6743552.06,74300.21,100143.77,77505.86,6471739.35,INTRADAY_SQUAREOFF,0.01,88.45,0.000164,1105.63,-44.56,1.28,-45.84,-45.84,8845.02,8799.17
588,BTC/INR,1h,SHORT,2026-08-29 09:30:00+05:30,2026-08-30 00:30:00+05:30,77462.28,6468100.44,83659.26,58871.33,78192.07,6529037.74,INTRADAY_SQUAREOFF,0.01,87.99,0.00017,1099.9,-10.36,1.3,-11.67,-11.67,8799.17,8787.51
589,BTC/INR,1h,LONG,2026-08-30 22:30:00+05:30,2026-08-31 00:30:00+05:30,79420.03,6631572.83,73066.43,98480.84,78988.53,6595542.49,INTRADAY_SQUAREOFF,0.01,87.88,0.000166,1098.44,-5.97,1.29,-7.26,-7.26,8787.51,8780.25
590,BTC/INR,1h,SHORT,2026-08-31 17:30:00+05:30,2026-09-01 00:30:00+05:30,78228.94,6532116.18,84487.25,59453.99,79048.0,6600508.35,INTRADAY_SQUAREOFF,0.01,87.8,0.000168,1097.53,-11.49,1.3,-12.79,-12.79,8780.25,8767.45
591,BTC/INR,1h,SHORT,2026-09-01 04:30:00+05:30,2026-09-02 00:30:00+05:30,78515.76,6556066.09,84797.02,59671.98,77165.43,6443313.46,INTRADAY_SQUAREOFF,0.01,87.67,0.000167,1095.93,18.85,1.28,17.57,17.57,8767.45,8785.02
592,BTC/INR,1h,SHORT,2026-09-02 14:30:00+05:30,2026-09-03 00:30:00+05:30,76663.14,6401372.31,82796.19,58263.99,77378.44,6461100.02,INTRADAY_SQUAREOFF,0.01,87.85,0.000172,1098.13,-10.25,1.3,-11.55,-11.55,8785.02,8773.47
593,BTC/INR,1h,SHORT,2026-09-03 04:30:00+05:30,2026-09-04 00:30:00+05:30,76951.15,6425420.67,83107.24,58482.87,81295.21,6788149.65,INTRADAY_SQUAREOFF,0.01,87.73,0.000171,1096.68,-61.91,1.33,-63.24,-63.24,8773.47,8710.23
594,BTC/INR,1h,LONG,2026-09-04 14:30:00+05:30,2026-09-05 00:30:00+05:30,81265.25,6785648.62,74764.03,100768.91,79596.76,6646329.45,INTRADAY_SQUAREOFF,0.01,87.1,0.00016,1088.78,-22.35,1.27,-23.63,-23.63,8710.23,8686.61
595,BTC/INR,1h,SHORT,2026-09-05 06:30:00+05:30,2026-09-06 00:30:00+05:30,79534.68,6641145.91,85897.46,60446.36,80034.27,6682861.59,INTRADAY_SQUAREOFF,0.01,86.87,0.000163,1085.83,-6.82,1.29,-8.11,-8.11,8686.61,8678.5
596,BTC/INR,1h,SHORT,2026-09-07 19:30:00+05:30,2026-09-08 00:30:00+05:30,79269.92,6619037.95,85611.51,60245.14,79234.62,6616090.85,INTRADAY_SQUAREOFF,0.01,86.79,0.000164,1084.81,0.48,1.28,-0.8,-0.8,8678.5,8677.7
597,BTC/INR,1h,SHORT,2026-09-08 03:30:00+05:30,2026-09-09 00:30:00+05:30,79099.92,6604843.52,85427.92,60115.94,78492.09,6554089.16,INTRADAY_SQUAREOFF,0.01,86.78,0.000164,1084.71,8.34,1.28,7.06,7.06,8677.7,8684.76
598,BTC/INR,1h,LONG,2026-09-09 17:30:00+05:30,2026-09-10 00:30:00+05:30,79386.2,6628748.08,73035.31,98438.89,78360.31,6543085.72,INTRADAY_SQUAREOFF,0.01,86.85,0.000164,1085.6,-14.03,1.27,-15.3,-15.3,8684.76,8669.46
599,BTC/INR,1h,SHORT,2026-09-10 15:30:00+05:30,2026-09-11 00:30:00+05:30,77864.36,6501674.13,84093.51,59176.91,77245.67,6450013.11,INTRADAY_SQUAREOFF,0.01,86.69,0.000167,1083.68,8.61,1.27,7.34,7.34,8669.46,8676.8
600,BTC/INR,1h,SHORT,2026-09-11 04:30:00+05:30,2026-09-12 00:30:00+05:30,76747.28,6408397.8,82887.06,58327.93,77084.92,6436590.96,INTRADAY_SQUAREOFF,0.01,86.77,0.000169,1084.6,-4.77,1.28,-6.05,-6.05,8676.8,8670.75
601,BTC/INR,1h,LONG,2026-09-12 14:30:00+05:30,2026-09-13 00:30:00+05:30,77395.21,6462499.99,71203.59,95970.06,77087.72,6436824.46,INTRADAY_SQUAREOFF,0.01,86.71,0.000168,1083.84,-4.31,1.28,-5.58,-5.58,8670.75,8665.16
602,BTC/INR,1h,LONG,2026-09-13 03:30:00+05:30,2026-09-14 00:30:00+05:30,77300.57,6454597.47,71116.52,95852.7,77273.67,6452351.61,INTRADAY_SQUAREOFF,0.01,86.65,0.000168,1083.15,-0.38,1.28,-1.65,-1.65,8665.16,8663.51
603,BTC/INR,1h,LONG,2026-09-14 13:30:00+05:30,2026-09-15 00:30:00+05:30,77898.08,6504489.51,71666.23,96593.62,79160.4,6609893.4,INTRADAY_SQUAREOFF,0.01,86.64,0.000166,1082.94,17.55,1.29,16.26,16.26,8663.51,8679.77
604,BTC/INR,1h,SHORT,2026-09-16 03:30:00+05:30,2026-09-17 00:30:00+05:30,75309.98,6288383.53,81334.78,57235.59,75608.21,6313285.94,INTRADAY_SQUAREOFF,0.01,86.8,0.000173,1084.97,-4.3,1.28,-5.58,-5.58,8679.77,8674.19
605,BTC/INR,1h,SHORT,2026-09-17 03:30:00+05:30,2026-09-18 00:30:00+05:30,75819.67,6330942.68,81885.25,57622.95,76544.65,6391478.41,INTRADAY_SQUAREOFF,0.01,86.74,0.000171,1084.27,-10.37,1.29,-11.65,-11.65,8674.19,8662.54
606,BTC/INR,1h,LONG,2026-09-18 13:30:00+05:30,2026-09-19 00:30:00+05:30,77812.66,6497357.14,71587.65,96487.7,80889.14,6754242.92,INTRADAY_SQUAREOFF,0.01,86.63,0.000167,1082.82,42.81,1.3,41.51,41.51,8662.54,8704.04
607,BTC/INR,1h,LONG,2026-09-19 06:30:00+05:30,2026-09-20 00:30:00+05:30,81716.81,6823354.01,75179.47,101328.85,81386.61,6795781.66,INTRADAY_SQUAREOFF,0.01,87.04,0.000159,1088.01,-4.4,1.28,-5.68,-5.68,8704.04,8698.37
608,BTC/INR,1h,LONG,2026-09-20 04:30:00+05:30,2026-09-21 00:30:00+05:30,81278.16,6786726.18,74775.91,100784.92,80999.47,6763455.93,INTRADAY_SQUAREOFF,0.01,86.98,0.00016,1087.3,-3.73,1.28,-5.01,-5.01,8698.37,8693.36
609,BTC/INR,1h,LONG,2026-09-21 13:30:00+05:30,2026-09-22 00:30:00+05:30,81756.24,6826646.08,75215.74,101377.74,86033.65,7183809.7,INTRADAY_SQUAREOFF,0.01,86.93,0.000159,1086.67,56.85,1.32,55.54,55.54,8693.36,8748.9
610,BTC/INR,1h,LONG,2026-09-22 14:30:00+05:30,2026-09-23 00:30:00+05:30,86374.71,7212288.51,79464.74,107104.64,86431.22,7217006.53,INTRADAY_SQUAREOFF,0.01,87.49,0.000152,1093.61,0.72,1.29,-0.58,-0.58,8748.9,8748.32
611,BTC/INR,1h,LONG,2026-09-23 10:30:00+05:30,2026-09-23 23:30:00+05:30,87324.49,7291595.08,80338.53,108282.37,84151.4,7026641.52,END_OF_DATA,0.01,87.48,0.00015,1093.54,-39.74,1.27,-41.0,-41.0,8748.32,8707.32
