trade_no,coin,timeframe,direction,entry_time,exit_time,entry_price_usd,entry_price_inr,stop_price_usd,target_price_usd,exit_price_usd,exit_price_inr,exit_reason,risk_pct,risk_inr,position_size_coin,position_size_inr,gross_pnl_inr,fees_inr,net_pnl_inr,net_pnl,equity_before,equity_after
1,ETH/INR,1h,LONG,2024-09-27 06:30:00+05:30,2024-09-28 00:30:00+05:30,2642.67,220662.56,2431.25,3065.49,2700.77,225514.05,INTRADAY_SQUAREOFF,0.01,100.0,0.028324,6250.0,137.41,7.46,129.96,129.96,10000.0,10129.96
2,ETH/INR,1h,LONG,2024-09-28 04:30:00+05:30,2024-09-29 00:30:00+05:30,2709.34,226229.73,2492.59,3142.83,2674.46,223317.43,INTRADAY_SQUAREOFF,0.01,101.3,0.027627,6250.0,-80.46,7.33,-87.79,-87.79,10129.96,10042.17
3,ETH/INR,1h,SHORT,2024-09-30 02:30:00+05:30,2024-10-01 00:30:00+05:30,2657.87,221931.99,2870.5,2232.61,2589.83,216250.88,INTRADAY_SQUAREOFF,0.01,100.42,0.028162,6250.0,159.99,7.28,152.71,152.71,10042.17,10194.88
4,ETH/INR,1h,SHORT,2024-10-02 15:30:00+05:30,2024-10-03 00:30:00+05:30,2446.89,204315.37,2642.64,2055.39,2391.33,199675.82,INTRADAY_SQUAREOFF,0.01,101.95,0.03059,6250.0,141.92,7.29,134.63,134.63,10194.88,10329.51
5,ETH/INR,1h,SHORT,2024-10-03 11:30:00+05:30,2024-10-04 00:30:00+05:30,2381.77,198877.85,2572.31,2000.69,2345.34,195835.83,INTRADAY_SQUAREOFF,0.01,103.3,0.031426,6250.0,95.6,7.32,88.28,88.28,10329.51,10417.79
6,ETH/INR,1h,SHORT,2024-10-04 06:30:00+05:30,2024-10-05 00:30:00+05:30,2338.94,195301.09,2526.05,1964.71,2432.23,203091.36,INTRADAY_SQUAREOFF,0.01,104.18,0.032002,6250.0,-249.3,7.52,-256.83,-256.83,10417.79,10160.97
7,ETH/INR,1h,LONG,2024-10-05 06:30:00+05:30,2024-10-06 00:30:00+05:30,2425.44,202524.37,2231.41,2813.51,2401.15,200496.36,INTRADAY_SQUAREOFF,0.01,101.61,0.03086,6250.0,-62.59,7.34,-69.92,-69.92,10160.97,10091.05
8,ETH/INR,1h,LONG,2024-10-06 17:30:00+05:30,2024-10-07 00:30:00+05:30,2430.84,202975.35,2236.38,2819.78,2444.87,204146.48,INTRADAY_SQUAREOFF,0.01,100.91,0.030792,6250.0,36.06,7.4,28.67,28.67,10091.05,10119.71
9,ETH/INR,1h,SHORT,2024-10-08 04:30:00+05:30,2024-10-09 00:30:00+05:30,2413.96,201565.75,2607.08,2027.73,2436.5,203447.49,INTRADAY_SQUAREOFF,0.01,101.2,0.031007,6250.0,-58.35,7.41,-65.76,-65.76,10119.71,10053.95
10,ETH/INR,1h,SHORT,2024-10-09 04:30:00+05:30,2024-10-10 00:30:00+05:30,2438.62,203624.56,2633.71,2048.44,2413.49,201526.5,INTRADAY_SQUAREOFF,0.01,100.54,0.030694,6250.0,64.4,7.34,57.06,57.06,10053.95,10111.01
11,ETH/INR,1h,SHORT,2024-10-10 02:30:00+05:30,2024-10-11 00:30:00+05:30,2354.46,196597.36,2542.82,1977.75,2355.56,196689.53,INTRADAY_SQUAREOFF,0.01,101.11,0.031791,6250.0,-2.93,7.38,-10.31,-10.31,10111.01,10100.71
12,ETH/INR,1h,SHORT,2024-10-11 14:30:00+05:30,2024-10-12 00:30:00+05:30,2400.07,200406.12,2592.08,2016.06,2446.23,204259.99,INTRADAY_SQUAREOFF,0.01,101.01,0.031187,6250.0,-120.19,7.45,-127.64,-127.64,10100.71,9973.07
13,ETH/INR,1h,LONG,2024-10-12 06:30:00+05:30,2024-10-13 00:30:00+05:30,2448.93,204485.75,2253.02,2840.76,2468.11,206086.92,INTRADAY_SQUAREOFF,0.01,99.73,0.030564,6250.0,48.94,7.4,41.54,41.54,9973.07,10014.61
14,ETH/INR,1h,LONG,2024-10-13 03:30:00+05:30,2024-10-14 00:30:00+05:30,2480.23,207099.16,2281.81,2877.07,2442.83,203976.3,INTRADAY_SQUAREOFF,0.01,100.15,0.030179,6250.0,-94.24,7.32,-101.56,-101.56,10014.61,9913.04
15,ETH/INR,1h,SHORT,2024-10-14 06:30:00+05:30,2024-10-15 00:30:00+05:30,2448.86,204479.46,2644.76,2057.04,2629.64,219574.66,INTRADAY_SQUAREOFF,0.01,99.13,0.030565,6250.0,-461.39,7.65,-469.04,-469.04,9913.04,9444.01
16,ETH/INR,1h,LONG,2024-10-15 04:30:00+05:30,2024-10-16 00:30:00+05:30,2650.52,221318.78,2438.48,3074.61,2591.64,216402.23,INTRADAY_SQUAREOFF,0.01,94.44,0.02824,6250.0,-138.84,7.29,-146.14,-146.14,9444.01,9297.87
17,ETH/INR,1h,SHORT,2024-10-16 19:30:00+05:30,2024-10-17 00:30:00+05:30,2602.75,217329.54,2810.97,2186.31,2618.76,218666.53,INTRADAY_SQUAREOFF,0.01,92.98,0.028758,6250.0,-38.45,7.4,-45.85,-45.85,9297.87,9252.02
18,ETH/INR,1h,SHORT,2024-10-17 05:30:00+05:30,2024-10-18 00:30:00+05:30,2608.68,217825.18,2817.38,2191.3,2587.79,216080.27,INTRADAY_SQUAREOFF,0.01,92.52,0.028693,6250.0,50.07,7.35,42.72,42.72,9252.02,9294.74
19,ETH/INR,1h,SHORT,2024-10-18 06:30:00+05:30,2024-10-19 00:30:00+05:30,2594.98,216680.91,2802.58,2179.78,2664.61,222494.71,INTRADAY_SQUAREOFF,0.01,92.95,0.028844,6250.0,-167.69,7.47,-175.17,-175.17,9294.74,9119.57
20,ETH/INR,1h,LONG,2024-10-19 08:30:00+05:30,2024-10-20 00:30:00+05:30,2648.15,221120.9,2436.3,3071.86,2640.36,220470.31,INTRADAY_SQUAREOFF,0.01,91.2,0.028265,6250.0,-18.39,7.36,-25.75,-25.75,9119.57,9093.82
21,ETH/INR,1h,LONG,2024-10-20 04:30:00+05:30,2024-10-21 00:30:00+05:30,2653.71,221584.8,2441.41,3078.3,2699.99,225448.89,INTRADAY_SQUAREOFF,0.01,90.94,0.028206,6250.0,108.99,7.44,101.55,101.55,9093.82,9195.37
22,ETH/INR,1h,LONG,2024-10-21 02:30:00+05:30,2024-10-22 00:30:00+05:30,2718.03,226955.09,2500.58,3152.91,2664.19,222459.7,INTRADAY_SQUAREOFF,0.01,91.95,0.027538,6250.0,-123.8,7.3,-131.1,-131.1,9195.37,9064.27
23,ETH/INR,1h,SHORT,2024-10-22 05:30:00+05:30,2024-10-23 00:30:00+05:30,2664.29,222468.5,2877.44,2238.01,2622.02,218938.43,INTRADAY_SQUAREOFF,0.01,90.64,0.028094,6250.0,99.17,7.32,91.86,91.86,9064.27,9156.13
24,ETH/INR,1h,SHORT,2024-10-23 05:30:00+05:30,2024-10-24 00:30:00+05:30,2616.6,218486.26,2825.93,2197.95,2489.1,207839.51,INTRADAY_SQUAREOFF,0.01,91.56,0.028606,6250.0,304.56,7.2,297.36,297.36,9156.13,9453.5
25,ETH/INR,1h,SHORT,2024-10-24 03:30:00+05:30,2024-10-25 00:30:00+05:30,2500.04,208752.94,2700.04,2100.03,2525.9,210912.55,INTRADAY_SQUAREOFF,0.01,94.53,0.02994,6250.0,-64.66,7.41,-72.07,-72.07,9453.5,9381.42
26,ETH/INR,1h,LONG,2024-10-25 19:30:00+05:30,2024-10-26 00:30:00+05:30,2551.82,213077.19,2347.68,2960.11,2478.03,206915.64,INTRADAY_SQUAREOFF,0.01,93.81,0.029332,6250.0,-180.73,7.27,-188.0,-188.0,9381.42,9193.42
27,ETH/INR,1h,SHORT,2024-10-26 19:30:00+05:30,2024-10-27 00:30:00+05:30,2460.99,205492.43,2657.87,2067.23,2479.04,206999.75,INTRADAY_SQUAREOFF,0.01,91.93,0.030415,6250.0,-45.84,7.4,-53.25,-53.25,9193.42,9140.18
28,ETH/INR,1h,LONG,2024-10-28 03:30:00+05:30,2024-10-29 00:30:00+05:30,2515.08,210009.29,2313.87,2917.49,2502.75,208979.64,INTRADAY_SQUAREOFF,0.01,91.4,0.029761,6250.0,-30.64,7.36,-38.0,-38.0,9140.18,9102.18
29,ETH/INR,1h,LONG,2024-10-29 03:30:00+05:30,2024-10-30 00:30:00+05:30,2545.02,212509.16,2341.42,2952.22,2663.33,222388.22,INTRADAY_SQUAREOFF,0.01,91.02,0.02941,6250.0,290.55,7.55,283.0,283.0,9102.18,9385.18
30,ETH/INR,1h,LONG,2024-10-30 05:30:00+05:30,2024-10-31 00:30:00+05:30,2639.65,220410.83,2428.48,3061.99,2664.41,222478.04,INTRADAY_SQUAREOFF,0.01,93.85,0.028356,6250.0,58.62,7.41,51.21,51.21,9385.18,9436.39
31,ETH/INR,1h,LONG,2024-10-31 02:30:00+05:30,2024-11-01 00:30:00+05:30,2679.27,223718.87,2464.93,3107.95,2522.4,210620.63,INTRADAY_SQUAREOFF,0.01,94.36,0.027937,6250.0,-365.92,7.16,-373.08,-373.08,9436.39,9063.3
32,ETH/INR,1h,SHORT,2024-11-01 07:30:00+05:30,2024-11-02 00:30:00+05:30,2496.39,208448.57,2696.1,2096.97,2508.24,209437.98,INTRADAY_SQUAREOFF,0.01,90.63,0.029983,6250.0,-29.67,7.39,-37.06,-37.06,9063.3,9026.25
33,ETH/INR,1h,SHORT,2024-11-02 18:30:00+05:30,2024-11-03 00:30:00+05:30,2485.12,207507.49,2683.93,2087.5,2488.06,207752.77,INTRADAY_SQUAREOFF,0.01,90.26,0.030119,6250.0,-7.39,7.38,-14.77,-14.77,9026.25,9011.48
34,ETH/INR,1h,SHORT,2024-11-03 11:30:00+05:30,2024-11-04 00:30:00+05:30,2440.87,203812.34,2636.14,2050.33,2425.05,202491.78,INTRADAY_SQUAREOFF,0.01,90.11,0.030665,6250.0,40.5,7.35,33.14,33.14,9011.48,9044.62
35,ETH/INR,1h,LONG,2024-11-04 12:30:00+05:30,2024-11-05 00:30:00+05:30,2479.19,207012.15,2280.85,2875.86,2423.81,202388.05,INTRADAY_SQUAREOFF,0.01,90.45,0.030191,6250.0,-139.61,7.29,-146.9,-146.9,9044.62,8897.72
36,ETH/INR,1h,SHORT,2024-11-05 02:30:00+05:30,2024-11-06 00:30:00+05:30,2418.47,201942.03,2611.94,2031.51,2454.15,204921.94,INTRADAY_SQUAREOFF,0.01,88.98,0.030949,6250.0,-92.23,7.43,-99.66,-99.66,8897.72,8798.07
37,ETH/INR,1h,LONG,2024-11-06 15:30:00+05:30,2024-11-07 00:30:00+05:30,2630.36,219635.4,2419.93,3051.22,2678.69,223671.0,INTRADAY_SQUAREOFF,0.01,87.98,0.028456,6250.0,114.84,7.44,107.4,107.4,8798.07,8905.46
38,ETH/INR,1h,LONG,2024-11-07 04:30:00+05:30,2024-11-08 00:30:00+05:30,2741.11,228882.47,2521.82,3179.68,2880.69,240537.7,INTRADAY_SQUAREOFF,0.01,89.05,0.027307,6250.0,318.26,7.56,310.7,310.7,8905.46,9216.16
39,ETH/INR,1h,LONG,2024-11-08 07:30:00+05:30,2024-11-09 00:30:00+05:30,2930.75,244717.73,2696.29,3399.67,2959.72,247137.01,INTRADAY_SQUAREOFF,0.01,92.16,0.02554,6250.0,61.79,7.41,54.38,54.38,9216.16,9270.54
40,ETH/INR,1h,LONG,2024-11-09 05:30:00+05:30,2024-11-10 00:30:00+05:30,2964.59,247543.18,2727.42,3438.92,3048.32,254535.01,INTRADAY_SQUAREOFF,0.01,92.71,0.025248,6250.0,176.53,7.48,169.05,169.05,9270.54,9439.59
41,ETH/INR,1h,LONG,2024-11-10 04:30:00+05:30,2024-11-11 00:30:00+05:30,3142.71,262416.53,2891.3,3645.55,3219.03,268789.19,INTRADAY_SQUAREOFF,0.01,94.4,0.023817,6250.0,151.78,7.46,144.31,144.31,9439.59,9583.91
42,ETH/INR,1h,LONG,2024-11-12 04:30:00+05:30,2024-11-13 00:30:00+05:30,3347.65,279529.02,3079.84,3883.28,3285.71,274356.38,INTRADAY_SQUAREOFF,0.01,95.84,0.022359,6250.0,-115.66,7.31,-122.96,-122.96,9583.91,9460.94
43,ETH/INR,1h,SHORT,2024-11-15 02:30:00+05:30,2024-11-16 00:30:00+05:30,3098.56,258729.95,3346.45,2602.79,3021.36,252283.52,INTRADAY_SQUAREOFF,0.01,94.61,0.024156,6250.0,155.72,7.28,148.44,148.44,9460.94,9609.38
44,ETH/INR,1h,LONG,2024-11-17 00:30:00+05:30,2024-11-18 00:30:00+05:30,3184.42,265898.83,2929.66,3693.92,3081.01,257264.27,INTRADAY_SQUAREOFF,0.01,96.09,0.023505,6250.0,-202.96,7.26,-210.21,-210.21,9609.38,9399.17
45,ETH/INR,1h,SHORT,2024-11-18 02:30:00+05:30,2024-11-19 00:30:00+05:30,3066.72,256070.98,3312.06,2576.04,3167.8,264511.27,INTRADAY_SQUAREOFF,0.01,93.99,0.024407,6250.0,-206.0,7.5,-213.5,-213.5,9399.17,9185.67
46,ETH/INR,1h,LONG,2024-11-19 05:30:00+05:30,2024-11-20 00:30:00+05:30,3226.74,269433.06,2968.6,3743.02,3143.58,262488.83,INTRADAY_SQUAREOFF,0.01,91.86,0.023197,6250.0,-161.08,7.28,-168.36,-168.36,9185.67,9017.31
47,ETH/INR,1h,LONG,2024-11-20 05:30:00+05:30,2024-11-21 00:30:00+05:30,3118.19,260369.0,2868.74,3617.1,3050.9,254750.4,INTRADAY_SQUAREOFF,0.01,90.17,0.024004,6250.0,-134.87,7.3,-142.17,-142.17,9017.31,8875.14
48,ETH/INR,1h,LONG,2024-11-22 00:30:00+05:30,2024-11-23 00:30:00+05:30,3384.06,282568.67,3113.33,3925.5,3281.55,274009.69,INTRADAY_SQUAREOFF,0.01,88.75,0.022119,6250.0,-189.31,7.26,-196.58,-196.58,8875.14,8678.56
49,ETH/INR,1h,LONG,2024-11-24 07:30:00+05:30,2024-11-25 00:30:00+05:30,3440.32,287266.57,3165.09,3990.77,3327.24,277824.85,INTRADAY_SQUAREOFF,0.01,86.79,0.021757,6250.0,-205.42,7.25,-212.68,-212.68,8678.56,8465.89
50,ETH/INR,1h,LONG,2024-11-25 21:30:00+05:30,2024-11-26 00:30:00+05:30,3532.2,294938.5,3249.62,4097.35,3445.2,287674.48,INTRADAY_SQUAREOFF,0.01,84.66,0.021191,6250.0,-153.93,7.28,-161.22,-161.22,8465.89,8304.67
51,ETH/INR,1h,SHORT,2024-11-26 21:30:00+05:30,2024-11-27 00:30:00+05:30,3297.1,275308.23,3560.87,2769.57,3284.66,274269.07,INTRADAY_SQUAREOFF,0.01,83.05,0.022702,6250.0,23.59,7.36,16.23,16.23,8304.67,8320.9
52,ETH/INR,1h,SHORT,2024-11-27 06:30:00+05:30,2024-11-27 20:30:00+05:30,3305.63,276020.46,3570.08,2776.73,3571.87,298251.14,STOP_LOSS,0.01,83.21,0.022643,6250.0,-503.37,7.67,-511.05,-511.05,8320.9,7809.86
53,ETH/INR,1h,LONG,2024-11-28 00:30:00+05:30,2024-11-29 00:30:00+05:30,3597.94,300428.15,3310.11,4173.61,3577.07,298685.46,INTRADAY_SQUAREOFF,0.01,78.1,0.020804,6250.0,-36.25,7.35,-43.61,-43.61,7809.86,7766.25
54,ETH/INR,1h,LONG,2024-11-30 11:30:00+05:30,2024-12-01 00:30:00+05:30,3695.96,308613.01,3400.29,4287.32,3669.71,306421.02,INTRADAY_SQUAREOFF,0.01,77.66,0.020252,6250.0,-44.39,7.35,-51.74,-51.74,7766.25,7714.51
55,ETH/INR,1h,LONG,2024-12-01 20:30:00+05:30,2024-12-02 00:30:00+05:30,3714.98,310200.78,3417.78,4309.38,3712.17,309966.22,INTRADAY_SQUAREOFF,0.01,77.15,0.020148,6250.0,-4.73,7.37,-12.1,-12.1,7714.51,7702.41
56,ETH/INR,1h,LONG,2024-12-02 07:30:00+05:30,2024-12-03 00:30:00+05:30,3739.57,312254.28,3440.41,4337.9,3620.61,302321.3,INTRADAY_SQUAREOFF,0.01,77.02,0.020016,6250.0,-198.82,7.26,-206.07,-206.07,7702.41,7496.34
57,ETH/INR,1h,SHORT,2024-12-03 12:30:00+05:30,2024-12-04 00:30:00+05:30,3632.29,303296.59,3922.88,3051.13,3581.95,299093.15,INTRADAY_SQUAREOFF,0.01,74.96,0.020607,6250.0,86.62,7.32,79.3,79.3,7496.34,7575.63
58,ETH/INR,1h,LONG,2024-12-04 15:30:00+05:30,2024-12-05 00:30:00+05:30,3734.55,311835.14,3435.79,4332.08,3827.84,319624.29,INTRADAY_SQUAREOFF,0.01,75.76,0.020043,6250.0,156.12,7.47,148.65,148.65,7575.63,7724.28
59,ETH/INR,1h,LONG,2024-12-05 14:30:00+05:30,2024-12-06 00:30:00+05:30,3925.41,327771.71,3611.38,4553.48,3870.04,323148.02,INTRADAY_SQUAREOFF,0.01,77.24,0.019068,6250.0,-88.17,7.32,-95.49,-95.49,7724.28,7628.79
60,ETH/INR,1h,SHORT,2024-12-06 14:30:00+05:30,2024-12-07 00:30:00+05:30,3880.19,323996.15,4190.61,3259.36,4059.82,338995.25,INTRADAY_SQUAREOFF,0.01,76.29,0.01929,6250.0,-289.34,7.55,-296.88,-296.88,7628.79,7331.91
61,ETH/INR,1h,LONG,2024-12-07 10:30:00+05:30,2024-12-08 00:30:00+05:30,4007.06,334589.89,3686.5,4648.19,4011.56,334965.21,INTRADAY_SQUAREOFF,0.01,73.32,0.01868,6250.0,7.01,7.38,-0.37,-0.37,7331.91,7331.54
62,ETH/INR,1h,SHORT,2024-12-09 14:30:00+05:30,2024-12-10 00:30:00+05:30,3863.19,322576.22,4172.24,3245.08,3838.87,320545.25,INTRADAY_SQUAREOFF,0.01,73.32,0.019375,6250.0,39.35,7.35,32.0,32.0,7331.54,7363.54
63,ETH/INR,1h,SHORT,2024-12-10 18:30:00+05:30,2024-12-11 00:30:00+05:30,3667.39,306227.15,3960.78,3080.61,3582.41,299131.21,INTRADAY_SQUAREOFF,0.01,73.64,0.02041,6250.0,144.83,7.29,137.54,137.54,7363.54,7501.07
64,ETH/INR,1h,SHORT,2024-12-11 07:30:00+05:30,2024-12-12 00:30:00+05:30,3567.19,297860.42,3852.57,2996.44,3795.93,316960.07,INTRADAY_SQUAREOFF,0.01,75.01,0.020983,6250.0,-400.77,7.61,-408.38,-408.38,7501.07,7092.7
65,ETH/INR,1h,LONG,2024-12-12 04:30:00+05:30,2024-12-13 00:30:00+05:30,3848.99,321390.93,3541.07,4464.83,3920.34,327348.48,INTRADAY_SQUAREOFF,0.01,70.93,0.019447,6250.0,115.85,7.44,108.41,108.41,7092.7,7201.11
66,ETH/INR,1h,LONG,2024-12-13 18:30:00+05:30,2024-12-14 00:30:00+05:30,3932.63,328374.23,3618.02,4561.85,3911.88,326642.04,INTRADAY_SQUAREOFF,0.01,72.01,0.019033,6250.0,-32.97,7.36,-40.32,-40.32,7201.11,7160.78
67,ETH/INR,1h,LONG,2024-12-14 05:30:00+05:30,2024-12-15 00:30:00+05:30,3913.81,326802.8,3600.7,4540.01,3830.79,319870.92,INTRADAY_SQUAREOFF,0.01,71.61,0.019125,6250.0,-132.57,7.3,-139.87,-139.87,7160.78,7020.92
68,ETH/INR,1h,SHORT,2024-12-15 02:30:00+05:30,2024-12-16 00:30:00+05:30,3825.24,319407.15,4131.25,3213.2,3898.58,325531.67,INTRADAY_SQUAREOFF,0.01,70.21,0.019568,6250.0,-119.84,7.45,-127.29,-127.29,7020.92,6893.63
69,ETH/INR,1h,SHORT,2024-12-16 02:30:00+05:30,2024-12-17 00:30:00+05:30,3888.28,324671.66,4199.35,3266.16,4077.46,340468.24,INTRADAY_SQUAREOFF,0.01,68.94,0.01925,6250.0,-304.09,7.55,-311.64,-311.64,6893.63,6581.99
70,ETH/INR,1h,LONG,2024-12-17 09:30:00+05:30,2024-12-18 00:30:00+05:30,4042.2,337523.7,3718.82,4688.95,3928.68,328045.14,INTRADAY_SQUAREOFF,0.01,65.82,0.018517,6250.0,-175.52,7.27,-182.79,-182.79,6581.99,6399.2
71,ETH/INR,1h,SHORT,2024-12-18 07:30:00+05:30,2024-12-19 00:30:00+05:30,3838.63,320525.69,4145.72,3224.45,3897.98,325481.13,INTRADAY_SQUAREOFF,0.01,63.99,0.018966,6079.24,-93.99,7.23,-101.22,-101.22,6399.2,6297.98
72,ETH/INR,1h,SHORT,2024-12-19 05:30:00+05:30,2024-12-20 00:30:00+05:30,3617.74,302080.93,3907.15,3038.9,3517.4,293702.87,INTRADAY_SQUAREOFF,0.01,62.98,0.019806,5983.08,165.94,6.96,158.98,158.98,6297.98,6456.96
73,ETH/INR,1h,SHORT,2024-12-20 07:30:00+05:30,2024-12-21 00:30:00+05:30,3371.53,281522.44,3641.25,2832.08,3430.65,286459.6,INTRADAY_SQUAREOFF,0.01,64.57,0.021789,6134.11,-107.58,7.3,-114.88,-114.88,6456.96,6342.08
74,ETH/INR,1h,LONG,2024-12-21 04:30:00+05:30,2024-12-22 00:30:00+05:30,3478.8,290479.54,3200.49,4035.4,3358.04,280396.41,INTRADAY_SQUAREOFF,0.01,63.42,0.020741,6024.98,-209.14,6.99,-216.13,-216.13,6342.08,6125.95
75,ETH/INR,1h,SHORT,2024-12-22 10:30:00+05:30,2024-12-23 00:30:00+05:30,3311.26,276490.34,3576.16,2781.46,3309.86,276373.14,INTRADAY_SQUAREOFF,0.01,61.26,0.021048,5819.66,2.47,6.87,-4.4,-4.4,6125.95,6121.56
76,ETH/INR,1h,SHORT,2024-12-23 19:30:00+05:30,2024-12-24 00:30:00+05:30,3304.89,275958.07,3569.28,2776.11,3301.83,275702.79,INTRADAY_SQUAREOFF,0.01,61.22,0.021074,5815.48,5.38,6.86,-1.48,-1.48,6121.56,6120.08
77,ETH/INR,1h,LONG,2024-12-24 09:30:00+05:30,2024-12-25 00:30:00+05:30,3394.31,283424.93,3122.77,3937.4,3490.05,291419.48,INTRADAY_SQUAREOFF,0.01,61.2,0.020514,5814.07,164.0,6.96,157.04,157.04,6120.08,6277.12
78,ETH/INR,1h,LONG,2024-12-25 03:30:00+05:30,2024-12-26 00:30:00+05:30,3491.85,291569.15,3212.5,4050.54,3465.51,289370.31,INTRADAY_SQUAREOFF,0.01,62.77,0.020452,5963.26,-44.97,7.01,-51.98,-51.98,6277.12,6225.14
79,ETH/INR,1h,LONG,2024-12-26 05:30:00+05:30,2024-12-27 00:30:00+05:30,3498.89,292157.7,3218.98,4058.72,3331.63,278191.35,INTRADAY_SQUAREOFF,0.01,62.25,0.020242,5913.88,-282.71,6.81,-289.52,-289.52,6225.14,5935.62
80,ETH/INR,1h,SHORT,2024-12-27 13:30:00+05:30,2024-12-28 00:30:00+05:30,3316.41,276920.5,3581.73,2785.79,3358.97,280473.89,INTRADAY_SQUAREOFF,0.01,59.36,0.020363,5638.83,-72.36,6.7,-79.05,-79.05,5935.62,5856.56
81,ETH/INR,1h,LONG,2024-12-29 03:30:00+05:30,2024-12-30 00:30:00+05:30,3399.94,283895.34,3127.95,3943.94,3353.92,280052.63,INTRADAY_SQUAREOFF,0.01,58.57,0.019598,5563.73,-75.31,6.52,-81.83,-81.83,5856.56,5774.73
82,ETH/INR,1h,SHORT,2025-01-01 10:30:00+05:30,2025-01-02 00:30:00+05:30,3332.33,278249.81,3598.92,2799.16,3341.94,279051.88,INTRADAY_SQUAREOFF,0.01,57.75,0.019716,5486.0,-15.81,6.48,-22.3,-22.3,5774.73,5752.44
83,ETH/INR,1h,LONG,2025-01-02 13:30:00+05:30,2025-01-03 00:30:00+05:30,3417.96,285400.05,3144.53,3964.84,3460.08,288917.08,INTRADAY_SQUAREOFF,0.01,57.52,0.019148,5464.81,67.34,6.49,60.86,60.86,5752.44,5813.29
84,ETH/INR,1h,LONG,2025-01-03 05:30:00+05:30,2025-01-04 00:30:00+05:30,3453.48,288365.26,3177.2,4006.03,3605.16,301031.08,INTRADAY_SQUAREOFF,0.01,58.13,0.019152,5522.63,242.57,6.66,235.91,235.91,5813.29,6049.2
85,ETH/INR,1h,LONG,2025-01-04 17:30:00+05:30,2025-01-05 00:30:00+05:30,3603.87,300923.16,3315.56,4180.49,3624.22,302622.04,INTRADAY_SQUAREOFF,0.01,60.49,0.019097,5746.74,32.44,6.8,25.64,25.64,6049.2,6074.85
86,ETH/INR,1h,LONG,2025-01-05 20:30:00+05:30,2025-01-06 00:30:00+05:30,3627.67,302910.21,3337.45,4208.09,3627.47,302893.46,INTRADAY_SQUAREOFF,0.01,60.75,0.019052,5771.1,-0.32,6.81,-7.13,-7.13,6074.85,6067.72
87,ETH/INR,1h,LONG,2025-01-06 17:30:00+05:30,2025-01-07 00:30:00+05:30,3657.61,305410.26,3365.0,4242.83,3680.85,307351.39,INTRADAY_SQUAREOFF,0.01,60.68,0.018874,5764.33,36.64,6.82,29.81,29.81,6067.72,6097.53
88,ETH/INR,1h,LONG,2025-01-07 07:30:00+05:30,2025-01-08 00:30:00+05:30,3697.89,308774.06,3402.06,4289.56,3400.36,283930.1,STOP_LOSS,0.01,60.98,0.01876,5792.65,-466.08,6.56,-472.64,-472.64,6097.53,5624.89
89,ETH/INR,1h,SHORT,2025-01-08 12:30:00+05:30,2025-01-09 00:30:00+05:30,3305.57,276015.26,3570.02,2776.68,3291.25,274819.72,INTRADAY_SQUAREOFF,0.01,56.25,0.01936,5343.65,23.15,6.29,16.85,16.85,5624.89,5641.75
90,ETH/INR,1h,SHORT,2025-01-09 13:30:00+05:30,2025-01-10 00:30:00+05:30,3282.51,274089.95,3545.12,2757.31,3262.0,272376.76,INTRADAY_SQUAREOFF,0.01,56.42,0.019554,5359.66,33.5,6.3,27.2,27.2,5641.75,5668.94
91,ETH/INR,1h,SHORT,2025-01-11 02:30:00+05:30,2025-01-12 00:30:00+05:30,3258.72,272103.01,3519.42,2737.32,3278.19,273729.28,INTRADAY_SQUAREOFF,0.01,56.69,0.019792,5385.49,-32.19,6.37,-38.56,-38.56,5668.94,5630.38
92,ETH/INR,1h,LONG,2025-01-12 23:30:00+05:30,2025-01-13 01:30:00+05:30,3290.83,274784.56,3027.57,3817.37,3276.05,273550.19,INTRADAY_SQUAREOFF,0.01,56.3,0.019466,5348.86,-24.03,6.3,-30.33,-30.33,5630.38,5600.06
93,ETH/INR,1h,SHORT,2025-01-13 14:30:00+05:30,2025-01-14 00:30:00+05:30,3162.07,264032.5,3415.03,2656.14,3008.13,251178.49,INTRADAY_SQUAREOFF,0.01,56.0,0.020149,5320.05,259.0,6.12,252.87,252.87,5600.06,5852.93
94,ETH/INR,1h,LONG,2025-01-14 23:30:00+05:30,2025-01-15 01:30:00+05:30,3214.14,268380.91,2957.01,3728.41,3211.06,268123.63,INTRADAY_SQUAREOFF,0.01,58.53,0.020718,5560.28,-5.33,6.56,-11.89,-11.89,5852.93,5841.04
95,ETH/INR,1h,LONG,2025-01-15 04:30:00+05:30,2025-01-16 00:30:00+05:30,3240.11,270548.84,2980.9,3758.52,3371.23,281497.89,INTRADAY_SQUAREOFF,0.01,58.41,0.02051,5548.99,224.57,6.68,217.89,217.89,5841.04,6058.93
96,ETH/INR,1h,LONG,2025-01-16 05:30:00+05:30,2025-01-17 00:30:00+05:30,3453.01,288326.05,3176.77,4005.49,3323.57,277518.4,INTRADAY_SQUAREOFF,0.01,60.59,0.019963,5755.98,-215.76,6.66,-222.42,-222.42,6058.93,5836.5
97,ETH/INR,1h,LONG,2025-01-18 02:30:00+05:30,2025-01-18 15:30:00+05:30,3525.99,294420.32,3243.91,4090.15,3242.29,270731.26,STOP_LOSS,0.01,58.37,0.018833,5544.68,-446.12,6.28,-452.4,-452.4,5836.5,5384.1
98,ETH/INR,1h,SHORT,2025-01-18 22:30:00+05:30,2025-01-19 00:30:00+05:30,3253.33,271652.79,3513.59,2732.79,3264.32,272570.46,INTRADAY_SQUAREOFF,0.01,53.84,0.018829,5114.89,-17.28,6.05,-23.32,-23.32,5384.1,5360.78
99,ETH/INR,1h,SHORT,2025-01-19 10:30:00+05:30,2025-01-20 00:30:00+05:30,3277.97,273710.4,3540.21,2753.49,3427.39,286186.87,INTRADAY_SQUAREOFF,0.01,53.61,0.018606,5092.74,-232.14,6.15,-238.29,-238.29,5360.78,5122.49
100,ETH/INR,1h,SHORT,2025-01-23 04:30:00+05:30,2025-01-24 00:30:00+05:30,3234.72,270098.95,3493.5,2717.16,3241.98,270705.27,INTRADAY_SQUAREOFF,0.01,51.22,0.018017,4866.36,-10.92,5.75,-16.67,-16.67,5122.49,5105.82
101,ETH/INR,1h,LONG,2025-01-24 10:30:00+05:30,2025-01-25 00:30:00+05:30,3335.95,278551.59,3069.07,3869.7,3380.66,282285.12,INTRADAY_SQUAREOFF,0.01,51.06,0.017413,4850.52,65.01,5.76,59.25,59.25,5105.82,5165.07
102,ETH/INR,1h,SHORT,2025-01-27 10:30:00+05:30,2025-01-28 00:30:00+05:30,3154.48,263399.17,3406.84,2649.76,3054.84,255079.05,INTRADAY_SQUAREOFF,0.01,51.65,0.018629,4906.81,154.99,5.7,149.3,149.3,5165.07,5314.36
103,ETH/INR,1h,SHORT,2025-01-29 15:30:00+05:30,2025-01-30 00:30:00+05:30,3121.73,260664.5,3371.47,2622.25,3112.37,259882.54,INTRADAY_SQUAREOFF,0.01,53.14,0.019368,5048.64,15.15,5.95,9.2,9.2,5314.36,5323.56
104,ETH/INR,1h,SHORT,2025-01-30 05:30:00+05:30,2025-01-31 00:30:00+05:30,3110.88,259758.79,3359.75,2613.14,3271.25,273149.3,INTRADAY_SQUAREOFF,0.01,53.24,0.01947,5057.38,-260.71,6.12,-266.83,-266.83,5323.56,5056.73
105,ETH/INR,1h,LONG,2025-01-31 07:30:00+05:30,2025-02-01 00:30:00+05:30,3273.56,273342.41,3011.68,3797.33,3313.22,276653.97,INTRADAY_SQUAREOFF,0.01,50.57,0.017575,4803.89,58.2,5.7,52.5,52.5,5056.73,5109.23
106,ETH/INR,1h,SHORT,2025-02-01 19:30:00+05:30,2025-02-02 00:30:00+05:30,3241.67,270679.29,3501.0,2723.0,3244.63,270926.38,INTRADAY_SQUAREOFF,0.01,51.09,0.017932,4853.77,-4.43,5.73,-10.16,-10.16,5109.23,5099.07
107,ETH/INR,1h,SHORT,2025-02-02 09:30:00+05:30,2025-02-03 00:30:00+05:30,3071.17,256442.93,3316.87,2579.79,2912.83,243221.59,INTRADAY_SQUAREOFF,0.01,50.99,0.01889,4844.11,249.75,5.57,244.18,244.18,5099.07,5343.24
108,ETH/INR,1h,SHORT,2025-02-03 10:30:00+05:30,2025-02-03 20:30:00+05:30,2452.15,204754.18,2648.32,2059.8,2649.64,221245.08,STOP_LOSS,0.01,53.43,0.024791,5076.08,-408.83,6.23,-415.06,-415.06,5343.24,4928.19
109,ETH/INR,1h,LONG,2025-02-04 16:30:00+05:30,2025-02-05 00:30:00+05:30,2759.12,230386.69,2538.39,3200.58,2829.85,236292.7,INTRADAY_SQUAREOFF,0.01,49.28,0.020321,4681.78,120.02,5.6,114.42,114.42,4928.19,5042.61
110,ETH/INR,1h,LONG,2025-02-06 15:30:00+05:30,2025-02-07 00:30:00+05:30,2857.5,238601.21,2628.9,3314.7,2693.83,224934.55,INTRADAY_SQUAREOFF,0.01,50.43,0.020077,4790.48,-274.39,5.49,-279.88,-279.88,5042.61,4762.73
111,ETH/INR,1h,SHORT,2025-02-07 21:30:00+05:30,2025-02-08 00:30:00+05:30,2715.51,226745.27,2932.75,2281.03,2680.47,223819.48,INTRADAY_SQUAREOFF,0.01,47.63,0.019955,4524.59,58.38,5.3,53.08,53.08,4762.73,4815.81
112,ETH/INR,1h,SHORT,2025-02-08 11:30:00+05:30,2025-02-09 00:30:00+05:30,2615.7,218411.36,2824.96,2197.19,2633.64,219909.26,INTRADAY_SQUAREOFF,0.01,48.16,0.020947,4575.02,-31.38,5.42,-36.79,-36.79,4815.81,4779.01
113,ETH/INR,1h,SHORT,2025-02-09 04:30:00+05:30,2025-02-10 00:30:00+05:30,2625.89,219261.84,2835.96,2205.75,2638.65,220327.46,INTRADAY_SQUAREOFF,0.01,47.79,0.020706,4540.06,-22.06,5.37,-27.44,-27.44,4779.01,4751.58
114,ETH/INR,1h,SHORT,2025-02-10 03:30:00+05:30,2025-02-11 00:30:00+05:30,2531.37,211369.63,2733.88,2126.35,2684.96,224193.77,INTRADAY_SQUAREOFF,0.01,47.52,0.021356,4514.0,-273.87,5.49,-279.36,-279.36,4751.58,4472.22
115,ETH/INR,1h,LONG,2025-02-11 11:30:00+05:30,2025-02-12 00:30:00+05:30,2722.35,227316.41,2504.56,3157.93,2608.48,217808.47,INTRADAY_SQUAREOFF,0.01,44.72,0.01869,4248.61,-177.71,4.91,-182.61,-182.61,4472.22,4289.6
116,ETH/INR,1h,SHORT,2025-02-12 04:30:00+05:30,2025-02-13 00:30:00+05:30,2572.98,214843.44,2778.81,2161.3,2665.22,222545.84,INTRADAY_SQUAREOFF,0.01,42.9,0.018968,4075.12,-146.1,4.89,-150.99,-150.99,4289.6,4138.61
117,ETH/INR,1h,LONG,2025-02-13 07:30:00+05:30,2025-02-14 00:30:00+05:30,2757.69,230267.46,2537.08,3198.93,2638.35,220302.05,INTRADAY_SQUAREOFF,0.01,41.39,0.017074,3931.68,-170.15,4.54,-174.69,-174.69,4138.61,3963.92
118,ETH/INR,1h,LONG,2025-02-14 15:30:00+05:30,2025-02-15 00:30:00+05:30,2715.11,226711.69,2497.9,3149.53,2754.91,230034.92,INTRADAY_SQUAREOFF,0.01,39.64,0.01661,3765.72,55.2,4.48,50.72,50.72,3963.92,4014.64
119,ETH/INR,1h,LONG,2025-02-15 07:30:00+05:30,2025-02-16 00:30:00+05:30,2731.21,228055.92,2512.71,3168.2,2701.78,225598.35,INTRADAY_SQUAREOFF,0.01,40.15,0.016724,3813.91,-41.1,4.48,-45.58,-45.58,4014.64,3969.07
120,ETH/INR,1h,SHORT,2025-02-19 10:30:00+05:30,2025-02-20 00:30:00+05:30,2665.9,222602.51,2879.17,2239.35,2700.82,225518.08,INTRADAY_SQUAREOFF,0.01,39.69,0.016939,3770.61,-49.39,4.48,-53.86,-53.86,3969.07,3915.2
121,ETH/INR,1h,LONG,2025-02-20 16:30:00+05:30,2025-02-21 00:30:00+05:30,2747.19,229390.02,2527.41,3186.74,2737.8,228606.25,INTRADAY_SQUAREOFF,0.01,39.15,0.016214,3719.44,-12.71,4.38,-17.09,-17.09,3915.2,3898.11
122,ETH/INR,1h,LONG,2025-02-21 16:30:00+05:30,2025-02-22 00:30:00+05:30,2808.7,234526.55,2584.01,3258.09,2677.59,223578.38,INTRADAY_SQUAREOFF,0.01,38.98,0.01579,3703.21,-172.87,4.27,-177.14,-177.14,3898.11,3720.97
123,ETH/INR,1h,LONG,2025-02-23 06:30:00+05:30,2025-02-24 00:30:00+05:30,2773.58,231594.23,2551.7,3217.36,2807.44,234421.51,INTRADAY_SQUAREOFF,0.01,37.21,0.015263,3534.92,43.15,4.2,38.96,38.96,3720.97,3759.93
124,ETH/INR,1h,LONG,2025-02-24 03:30:00+05:30,2025-02-25 00:30:00+05:30,2810.62,234686.66,2585.77,3260.32,2649.58,221240.08,INTRADAY_SQUAREOFF,0.01,37.6,0.01522,3571.93,-204.66,4.09,-208.75,-208.75,3759.93,3551.18
125,ETH/INR,1h,SHORT,2025-02-25 12:30:00+05:30,2025-02-26 00:30:00+05:30,2480.2,207096.84,2678.62,2083.37,2421.85,202224.39,INTRADAY_SQUAREOFF,0.01,35.51,0.01629,3373.62,79.37,3.93,75.44,75.44,3551.18,3626.61
126,ETH/INR,1h,SHORT,2025-02-26 06:30:00+05:30,2025-02-27 00:30:00+05:30,2469.94,206239.78,2667.53,2074.75,2291.89,191373.1,INTRADAY_SQUAREOFF,0.01,36.27,0.016705,3445.28,248.35,3.92,244.43,244.43,3626.61,3871.05
127,ETH/INR,1h,SHORT,2025-02-27 10:30:00+05:30,2025-02-28 00:30:00+05:30,2302.25,192237.77,2486.43,1933.89,2325.01,194137.95,INTRADAY_SQUAREOFF,0.01,38.71,0.01913,3677.49,-36.35,4.36,-40.71,-40.71,3871.05,3830.34
128,ETH/INR,1h,SHORT,2025-02-28 07:30:00+05:30,2025-03-01 00:30:00+05:30,2190.74,182926.91,2366.0,1840.22,2235.05,186626.93,INTRADAY_SQUAREOFF,0.01,38.3,0.019892,3638.82,-73.6,4.34,-77.94,-77.94,3830.34,3752.4
129,ETH/INR,1h,LONG,2025-03-02 22:30:00+05:30,2025-03-03 00:30:00+05:30,2489.93,207909.15,2290.74,2888.32,2475.03,206665.41,INTRADAY_SQUAREOFF,0.01,37.52,0.017146,3564.78,-21.32,4.19,-25.52,-25.52,3752.4,3726.88
130,ETH/INR,1h,SHORT,2025-03-04 00:30:00+05:30,2025-03-05 00:30:00+05:30,2177.4,181813.27,2351.6,1829.02,2146.4,179224.32,INTRADAY_SQUAREOFF,0.01,37.27,0.019473,3540.53,50.42,4.15,46.27,46.27,3726.88,3773.15
131,ETH/INR,1h,LONG,2025-03-05 12:30:00+05:30,2025-03-06 00:30:00+05:30,2194.03,183201.88,2018.51,2545.08,2204.37,184064.97,INTRADAY_SQUAREOFF,0.01,37.73,0.019566,3584.49,16.89,4.24,12.65,12.65,3773.15,3785.79
132,ETH/INR,1h,SHORT,2025-03-07 06:30:00+05:30,2025-03-08 00:30:00+05:30,2112.25,176373.28,2281.24,1774.29,2195.4,183315.99,INTRADAY_SQUAREOFF,0.01,37.86,0.020391,3596.5,-141.57,4.33,-145.9,-145.9,3785.79,3639.89
133,ETH/INR,1h,SHORT,2025-03-09 19:30:00+05:30,2025-03-10 00:30:00+05:30,2107.89,176009.03,2276.52,1770.63,2023.09,168927.79,INTRADAY_SQUAREOFF,0.01,36.4,0.019646,3457.9,139.12,4.0,135.12,135.12,3639.89,3775.01
134,ETH/INR,1h,SHORT,2025-03-10 03:30:00+05:30,2025-03-11 00:30:00+05:30,2015.54,168297.72,2176.78,1693.05,1838.8,153539.46,INTRADAY_SQUAREOFF,0.01,37.75,0.021309,3586.26,314.48,4.05,310.44,310.44,3775.01,4085.45
135,ETH/INR,1h,SHORT,2025-03-11 05:30:00+05:30,2025-03-12 00:30:00+05:30,1858.85,155213.79,2007.56,1561.43,1954.61,163209.72,INTRADAY_SQUAREOFF,0.01,40.85,0.025005,3881.18,-199.94,4.7,-204.64,-204.64,4085.45,3880.81
136,ETH/INR,1h,SHORT,2025-03-12 05:30:00+05:30,2025-03-13 00:30:00+05:30,1916.38,160017.49,2069.69,1609.76,1879.68,156953.13,INTRADAY_SQUAREOFF,0.01,38.81,0.02304,3686.77,70.6,4.31,66.29,66.29,3880.81,3947.11
137,ETH/INR,1h,LONG,2025-03-15 04:30:00+05:30,2025-03-16 00:30:00+05:30,1931.09,161246.04,1776.6,2240.06,1932.32,161348.82,INTRADAY_SQUAREOFF,0.01,39.47,0.023255,3749.75,2.39,4.43,-2.04,-2.04,3947.11,3945.07
138,ETH/INR,1h,SHORT,2025-03-17 00:30:00+05:30,2025-03-18 00:30:00+05:30,1892.35,158011.42,2043.74,1589.58,1949.99,162824.05,INTRADAY_SQUAREOFF,0.01,39.45,0.023719,3747.82,-114.15,4.49,-118.64,-118.64,3945.07,3826.43
139,ETH/INR,1h,LONG,2025-03-18 03:30:00+05:30,2025-03-19 00:30:00+05:30,1945.07,162413.64,1789.47,2256.29,1888.53,157692.05,INTRADAY_SQUAREOFF,0.01,38.26,0.022382,3635.11,-105.68,4.23,-109.9,-109.9,3826.43,3716.53
140,ETH/INR,1h,LONG,2025-03-19 11:30:00+05:30,2025-03-20 00:30:00+05:30,1941.09,162081.03,1785.8,2251.66,2046.5,170882.51,INTRADAY_SQUAREOFF,0.01,37.17,0.021784,3530.7,191.73,4.28,187.45,187.45,3716.53,3903.98
141,ETH/INR,1h,LONG,2025-03-20 14:30:00+05:30,2025-03-21 00:30:00+05:30,2022.27,168859.47,1860.49,2345.83,1965.81,164144.89,INTRADAY_SQUAREOFF,0.01,39.04,0.021964,3708.78,-103.55,4.32,-107.86,-107.86,3903.98,3796.11
142,ETH/INR,1h,SHORT,2025-03-21 11:30:00+05:30,2025-03-22 00:30:00+05:30,1968.84,164398.54,2126.35,1653.83,1970.72,164555.37,INTRADAY_SQUAREOFF,0.01,37.96,0.021936,3606.31,-3.44,4.26,-7.7,-7.7,3796.11,3788.41
143,ETH/INR,1h,SHORT,2025-03-22 03:30:00+05:30,2025-03-23 00:30:00+05:30,1971.73,164639.08,2129.46,1656.25,1996.33,166693.85,INTRADAY_SQUAREOFF,0.01,37.88,0.02186,3598.99,-44.92,4.27,-49.19,-49.19,3788.41,3739.22
144,ETH/INR,1h,LONG,2025-03-23 19:30:00+05:30,2025-03-24 00:30:00+05:30,2019.54,168631.43,1857.98,2342.66,1996.67,166722.07,INTRADAY_SQUAREOFF,0.01,37.39,0.021065,3552.26,-40.22,4.17,-44.39,-44.39,3739.22,3694.83
145,ETH/INR,1h,LONG,2025-03-24 21:30:00+05:30,2025-03-25 00:30:00+05:30,2091.31,174624.37,1924.0,2425.92,2096.74,175078.03,INTRADAY_SQUAREOFF,0.01,36.95,0.020101,3510.09,9.12,4.15,4.97,4.97,3694.83,3699.81
146,ETH/INR,1h,SHORT,2025-03-26 23:30:00+05:30,2025-03-27 01:30:00+05:30,2004.07,167340.16,2164.4,1683.42,2001.67,167139.53,INTRADAY_SQUAREOFF,0.01,37.0,0.021004,3514.82,4.21,4.14,0.07,0.07,3699.81,3699.87
147,ETH/INR,1h,SHORT,2025-03-27 17:30:00+05:30,2025-03-28 00:30:00+05:30,2012.2,168018.88,2173.18,1690.25,2011.09,167925.73,INTRADAY_SQUAREOFF,0.01,37.0,0.02092,3514.88,1.95,4.15,-2.2,-2.2,3699.87,3697.68
148,ETH/INR,1h,SHORT,2025-03-28 10:30:00+05:30,2025-03-29 00:30:00+05:30,1927.29,160928.89,2081.48,1618.93,1878.84,156883.26,INTRADAY_SQUAREOFF,0.01,36.98,0.021828,3512.79,88.31,4.09,84.22,84.22,3697.68,3781.89
149,ETH/INR,1h,SHORT,2025-03-29 08:30:00+05:30,2025-03-30 00:30:00+05:30,1893.84,158136.05,2045.35,1590.83,1818.81,151870.34,INTRADAY_SQUAREOFF,0.01,37.82,0.02272,3592.8,142.36,4.16,138.2,138.2,3781.89,3920.09
150,ETH/INR,1h,SHORT,2025-03-30 09:30:00+05:30,2025-03-31 00:30:00+05:30,1831.94,152967.28,1978.5,1538.83,1824.88,152377.47,INTRADAY_SQUAREOFF,0.01,39.2,0.024346,3724.09,14.36,4.39,9.97,9.97,3920.09,3930.07
151,ETH/INR,1h,SHORT,2025-03-31 03:30:00+05:30,2025-04-01 00:30:00+05:30,1799.45,150254.3,1943.41,1511.54,1841.11,153732.56,INTRADAY_SQUAREOFF,0.01,39.3,0.024848,3733.56,-86.43,4.46,-90.89,-90.89,3930.07,3839.18
152,ETH/INR,1h,LONG,2025-04-01 14:30:00+05:30,2025-04-02 00:30:00+05:30,1890.36,157844.99,1739.13,2192.82,1907.43,159270.55,INTRADAY_SQUAREOFF,0.01,38.39,0.023106,3647.22,32.94,4.32,28.62,28.62,3839.18,3867.8
153,ETH/INR,1h,LONG,2025-04-02 02:30:00+05:30,2025-04-03 00:30:00+05:30,1914.93,159896.81,1761.74,2221.32,1897.48,158439.71,INTRADAY_SQUAREOFF,0.01,38.68,0.02298,3674.41,-33.48,4.32,-37.8,-37.8,3867.8,3830.0
154,ETH/INR,1h,SHORT,2025-04-03 12:30:00+05:30,2025-04-04 00:30:00+05:30,1814.4,151502.16,1959.55,1524.09,1787.88,149287.89,INTRADAY_SQUAREOFF,0.01,38.3,0.024016,3638.5,53.18,4.26,48.92,48.92,3830.0,3878.91
155,ETH/INR,1h,SHORT,2025-04-04 07:30:00+05:30,2025-04-05 00:30:00+05:30,1773.21,148063.29,1915.07,1489.5,1806.14,150812.6,INTRADAY_SQUAREOFF,0.01,38.79,0.024888,3684.97,-68.42,4.39,-72.81,-72.81,3878.91,3806.1
156,ETH/INR,1h,SHORT,2025-04-06 01:30:00+05:30,2025-04-07 00:30:00+05:30,1779.53,148590.63,1921.89,1494.8,1619.89,135260.58,INTRADAY_SQUAREOFF,0.01,38.06,0.024334,3615.8,324.37,4.08,320.3,320.3,3806.1,4126.4
157,ETH/INR,1h,SHORT,2025-04-07 02:30:00+05:30,2025-04-08 00:30:00+05:30,1569.62,131063.05,1695.19,1318.48,1550.18,129440.22,INTRADAY_SQUAREOFF,0.01,41.26,0.02991,3920.08,48.54,4.6,43.94,43.94,4126.4,4170.34
158,ETH/INR,1h,SHORT,2025-04-08 05:30:00+05:30,2025-04-09 00:30:00+05:30,1551.24,129528.87,1675.34,1303.04,1477.46,123367.74,INTRADAY_SQUAREOFF,0.01,41.7,0.030586,3961.82,188.45,4.56,183.88,183.88,4170.34,4354.22
159,ETH/INR,1h,SHORT,2025-04-09 08:30:00+05:30,2025-04-09 22:30:00+05:30,1415.13,118163.47,1528.34,1188.71,1529.11,127680.36,STOP_LOSS,0.01,43.54,0.035007,4136.51,-333.15,5.08,-338.23,-338.23,4354.22,4015.99
160,ETH/INR,1h,LONG,2025-04-10 15:30:00+05:30,2025-04-10 21:30:00+05:30,1605.82,134085.66,1477.35,1862.75,1476.61,123297.13,STOP_LOSS,0.01,40.16,0.028453,3815.19,-306.97,4.32,-311.29,-311.29,4015.99,3704.7
161,ETH/INR,1h,SHORT,2025-04-11 06:30:00+05:30,2025-04-12 00:30:00+05:30,1506.25,125771.8,1626.75,1265.25,1562.46,130465.49,INTRADAY_SQUAREOFF,0.01,37.05,0.027983,3519.46,-131.34,4.23,-135.57,-135.57,3704.7,3569.12
162,ETH/INR,1h,SHORT,2025-04-12 07:30:00+05:30,2025-04-13 00:30:00+05:30,1552.36,129622.27,1676.55,1303.98,1651.11,137868.07,INTRADAY_SQUAREOFF,0.01,35.69,0.026158,3390.67,-215.69,4.13,-219.82,-219.82,3569.12,3349.3
163,ETH/INR,1h,LONG,2025-04-13 15:30:00+05:30,2025-04-14 00:30:00+05:30,1627.26,135876.34,1497.08,1887.62,1628.55,135984.34,INTRADAY_SQUAREOFF,0.01,33.49,0.023417,3181.84,2.53,3.76,-1.23,-1.23,3349.3,3348.08
164,ETH/INR,1h,SHORT,2025-04-16 06:30:00+05:30,2025-04-17 00:30:00+05:30,1577.24,131699.3,1703.42,1324.88,1566.63,130813.59,INTRADAY_SQUAREOFF,0.01,33.48,0.024151,3180.67,21.39,3.74,17.65,17.65,3348.08,3365.73
165,ETH/INR,1h,SHORT,2025-04-17 14:30:00+05:30,2025-04-18 00:30:00+05:30,1594.9,133174.49,1722.5,1339.72,1602.03,133769.53,INTRADAY_SQUAREOFF,0.01,33.66,0.024009,3197.44,-14.29,3.78,-18.07,-18.07,3365.73,3347.66
166,ETH/INR,1h,SHORT,2025-04-18 04:30:00+05:30,2025-04-19 00:30:00+05:30,1578.91,131838.83,1705.22,1326.28,1594.09,133106.42,INTRADAY_SQUAREOFF,0.01,33.48,0.024122,3180.27,-30.58,3.77,-34.35,-34.35,3347.66,3313.31
167,ETH/INR,1h,SHORT,2025-04-19 04:30:00+05:30,2025-04-20 00:30:00+05:30,1591.93,132926.24,1719.29,1337.22,1615.55,134898.02,INTRADAY_SQUAREOFF,0.01,33.13,0.02368,3147.64,-46.69,3.74,-50.43,-50.43,3313.31,3262.88
168,ETH/INR,1h,LONG,2025-04-20 03:30:00+05:30,2025-04-21 00:30:00+05:30,1621.77,135417.99,1492.03,1881.26,1580.67,131986.1,INTRADAY_SQUAREOFF,0.01,32.63,0.02289,3099.73,-78.56,3.61,-82.17,-82.17,3262.88,3180.71
169,ETH/INR,1h,LONG,2025-04-23 03:30:00+05:30,2025-04-24 00:30:00+05:30,1771.07,147884.0,1629.38,2054.44,1798.01,150133.49,INTRADAY_SQUAREOFF,0.01,31.81,0.020433,3021.67,45.96,3.59,42.37,42.37,3180.71,3223.08
170,ETH/INR,1h,LONG,2025-04-24 04:30:00+05:30,2025-04-25 00:30:00+05:30,1805.94,150795.79,1661.46,2094.89,1763.07,147216.48,INTRADAY_SQUAREOFF,0.01,32.23,0.020305,3061.93,-72.68,3.57,-76.25,-76.25,3223.08,3146.83
171,ETH/INR,1h,SHORT,2025-04-25 08:30:00+05:30,2025-04-26 00:30:00+05:30,1739.63,145259.43,1878.8,1461.29,1798.17,150147.33,INTRADAY_SQUAREOFF,0.01,31.47,0.02058,2989.49,-100.59,3.59,-104.18,-104.18,3146.83,3042.65
172,ETH/INR,1h,LONG,2025-04-26 21:30:00+05:30,2025-04-27 00:30:00+05:30,1804.72,150694.01,1660.34,2093.47,1803.27,150573.25,INTRADAY_SQUAREOFF,0.01,30.43,0.019181,2890.52,-2.32,3.41,-5.73,-5.73,3042.65,3036.92
173,ETH/INR,1h,LONG,2025-04-27 05:30:00+05:30,2025-04-28 00:30:00+05:30,1823.94,152299.13,1678.03,2115.77,1803.15,150563.07,INTRADAY_SQUAREOFF,0.01,30.37,0.018943,2885.08,-32.89,3.38,-36.27,-36.27,3036.92,3000.65
174,ETH/INR,1h,SHORT,2025-04-29 10:30:00+05:30,2025-04-30 00:30:00+05:30,1789.72,149441.92,1932.9,1503.37,1827.69,152612.46,INTRADAY_SQUAREOFF,0.01,30.01,0.019075,2850.62,-60.48,3.4,-63.88,-63.88,3000.65,2936.77
175,ETH/INR,1h,LONG,2025-05-02 06:30:00+05:30,2025-05-03 00:30:00+05:30,1850.66,154529.92,1702.61,2146.76,1848.58,154356.65,INTRADAY_SQUAREOFF,0.01,29.37,0.018054,2789.94,-3.13,3.29,-6.42,-6.42,2936.77,2930.36
176,ETH/INR,1h,LONG,2025-05-03 05:30:00+05:30,2025-05-04 00:30:00+05:30,1843.79,153956.16,1696.28,2138.79,1825.36,152417.45,INTRADAY_SQUAREOFF,0.01,29.3,0.018082,2783.84,-27.82,3.27,-31.09,-31.09,2930.36,2899.26
177,ETH/INR,1h,LONG,2025-05-04 11:30:00+05:30,2025-05-05 00:30:00+05:30,1850.82,154543.42,1702.75,2146.95,1825.75,152449.92,INTRADAY_SQUAREOFF,0.01,28.99,0.017822,2754.3,-37.31,3.23,-40.54,-40.54,2899.26,2858.73
178,ETH/INR,1h,SHORT,2025-05-05 07:30:00+05:30,2025-05-06 00:30:00+05:30,1784.8,149031.21,1927.59,1499.24,1823.41,152254.78,INTRADAY_SQUAREOFF,0.01,28.59,0.018223,2715.79,-58.74,3.24,-61.98,-61.98,2858.73,2796.74
179,ETH/INR,1h,SHORT,2025-05-06 06:30:00+05:30,2025-05-07 00:30:00+05:30,1810.52,151178.05,1955.36,1520.83,1790.78,149529.93,INTRADAY_SQUAREOFF,0.01,27.97,0.017575,2656.91,28.97,3.12,25.85,25.85,2796.74,2822.59
180,ETH/INR,1h,LONG,2025-05-07 13:30:00+05:30,2025-05-08 00:30:00+05:30,1839.2,153572.93,1692.06,2133.47,1806.2,150817.45,INTRADAY_SQUAREOFF,0.01,28.23,0.017461,2681.46,-48.11,3.14,-51.25,-51.25,2822.59,2771.34
181,ETH/INR,1h,LONG,2025-05-08 19:30:00+05:30,2025-05-09 00:30:00+05:30,1980.7,165388.34,1822.24,2297.61,2066.12,172520.92,INTRADAY_SQUAREOFF,0.01,27.71,0.015919,2632.78,113.54,3.17,110.37,110.37,2771.34,2881.71
182,ETH/INR,1h,LONG,2025-05-09 05:30:00+05:30,2025-05-10 00:30:00+05:30,2208.38,184399.49,2031.71,2561.72,2336.92,195132.99,INTRADAY_SQUAREOFF,0.01,28.82,0.014846,2737.62,159.35,3.32,156.03,156.03,2881.71,3037.74
183,ETH/INR,1h,LONG,2025-05-10 05:30:00+05:30,2025-05-11 00:30:00+05:30,2346.98,195972.77,2159.22,2722.5,2496.33,208443.74,INTRADAY_SQUAREOFF,0.01,30.38,0.014726,2885.85,183.64,3.51,180.13,180.13,3037.74,3217.87
184,ETH/INR,1h,LONG,2025-05-11 03:30:00+05:30,2025-05-12 00:30:00+05:30,2545.42,212542.29,2341.78,2952.68,2504.17,209098.17,INTRADAY_SQUAREOFF,0.01,32.18,0.014383,3056.97,-49.54,3.58,-53.11,-53.11,3217.87,3164.75
185,ETH/INR,1h,SHORT,2025-05-13 06:30:00+05:30,2025-05-13 23:30:00+05:30,2458.42,205278.44,2655.1,2065.08,2656.43,221811.57,STOP_LOSS,0.01,31.65,0.014646,3006.52,-242.14,3.69,-245.84,-245.84,3164.75,2918.92
186,ETH/INR,1h,LONG,2025-05-14 06:30:00+05:30,2025-05-15 00:30:00+05:30,2701.03,225536.13,2484.95,3133.2,2609.95,217930.84,INTRADAY_SQUAREOFF,0.01,29.19,0.012295,2772.97,-93.51,3.22,-96.72,-96.72,2918.92,2822.19
187,ETH/INR,1h,SHORT,2025-05-15 19:30:00+05:30,2025-05-16 00:30:00+05:30,2515.41,210036.62,2716.64,2112.94,2532.17,211436.36,INTRADAY_SQUAREOFF,0.01,28.22,0.012765,2681.08,-17.87,3.17,-21.04,-21.04,2822.19,2801.15
188,ETH/INR,1h,SHORT,2025-05-17 11:30:00+05:30,2025-05-18 00:30:00+05:30,2476.71,206804.88,2674.84,2080.43,2467.03,205997.39,INTRADAY_SQUAREOFF,0.01,28.01,0.012868,2661.1,10.39,3.13,7.26,7.26,2801.15,2808.41
189,ETH/INR,1h,SHORT,2025-05-18 04:30:00+05:30,2025-05-19 00:30:00+05:30,2455.73,205053.33,2652.19,2062.81,2464.74,205805.88,INTRADAY_SQUAREOFF,0.01,28.08,0.013011,2667.99,-9.79,3.15,-12.95,-12.95,2808.41,2795.46
190,ETH/INR,1h,SHORT,2025-05-19 12:30:00+05:30,2025-05-20 00:30:00+05:30,2354.28,196582.79,2542.63,1977.6,2491.05,208002.89,INTRADAY_SQUAREOFF,0.01,27.95,0.013509,2655.69,-154.28,3.22,-157.5,-157.5,2795.46,2637.96
191,ETH/INR,1h,LONG,2025-05-23 05:30:00+05:30,2025-05-24 00:30:00+05:30,2666.04,222614.08,2452.75,3092.6,2558.86,213664.51,INTRADAY_SQUAREOFF,0.01,26.38,0.011257,2506.06,-100.75,2.9,-103.65,-103.65,2637.96,2534.31
192,ETH/INR,1h,SHORT,2025-05-24 03:30:00+05:30,2025-05-25 00:30:00+05:30,2527.11,211013.32,2729.27,2122.77,2551.06,213013.17,INTRADAY_SQUAREOFF,0.01,25.34,0.01141,2407.6,-22.82,2.85,-25.67,-25.67,2534.31,2508.64
193,ETH/INR,1h,SHORT,2025-05-25 04:30:00+05:30,2025-05-26 00:30:00+05:30,2524.14,210766.01,2726.08,2120.28,2517.97,210250.56,INTRADAY_SQUAREOFF,0.01,25.09,0.011307,2383.21,5.83,2.81,3.02,3.02,2508.64,2511.66
194,ETH/INR,1h,LONG,2025-05-26 18:30:00+05:30,2025-05-27 00:30:00+05:30,2574.47,214967.87,2368.51,2986.38,2533.79,211571.7,INTRADAY_SQUAREOFF,0.01,25.12,0.0111,2386.08,-37.7,2.79,-40.49,-40.49,2511.66,2471.17
195,ETH/INR,1h,LONG,2025-05-27 21:30:00+05:30,2025-05-28 00:30:00+05:30,2671.24,223048.42,2457.54,3098.64,2679.87,223769.01,INTRADAY_SQUAREOFF,0.01,24.71,0.010525,2347.61,7.58,2.77,4.81,4.81,2471.17,2475.98
196,ETH/INR,1h,LONG,2025-05-28 14:30:00+05:30,2025-05-29 00:30:00+05:30,2646.6,220991.45,2434.88,3070.06,2635.29,220046.62,INTRADAY_SQUAREOFF,0.01,24.76,0.010644,2352.18,-10.06,2.77,-12.83,-12.83,2475.98,2463.16
197,ETH/INR,1h,LONG,2025-05-29 05:30:00+05:30,2025-05-30 00:30:00+05:30,2685.43,224233.26,2470.59,3115.1,2647.98,221106.64,INTRADAY_SQUAREOFF,0.01,24.63,0.010436,2340.0,-32.63,2.74,-35.37,-35.37,2463.16,2427.79
198,ETH/INR,1h,SHORT,2025-05-30 06:30:00+05:30,2025-05-31 00:30:00+05:30,2566.76,214324.74,2772.1,2156.08,2578.87,215335.24,INTRADAY_SQUAREOFF,0.01,24.28,0.010761,2306.4,-10.87,2.73,-13.6,-13.6,2427.79,2414.18
199,ETH/INR,1h,SHORT,2025-05-31 04:30:00+05:30,2025-06-01 00:30:00+05:30,2524.68,210810.81,2726.65,2120.73,2541.98,212255.11,INTRADAY_SQUAREOFF,0.01,24.14,0.010879,2293.47,-15.71,2.72,-18.43,-18.43,2414.18,2395.76
200,ETH/INR,1h,SHORT,2025-06-01 04:30:00+05:30,2025-06-02 00:30:00+05:30,2531.45,211376.07,2733.97,2126.42,2521.84,210573.32,INTRADAY_SQUAREOFF,0.01,23.96,0.010767,2275.97,8.64,2.68,5.96,5.96,2395.76,2401.72
201,ETH/INR,1h,LONG,2025-06-03 03:30:00+05:30,2025-06-04 00:30:00+05:30,2562.16,213940.04,2357.18,2972.1,2618.38,218634.9,INTRADAY_SQUAREOFF,0.01,24.02,0.010665,2281.63,50.07,2.72,47.35,47.35,2401.72,2449.07
202,ETH/INR,1h,LONG,2025-06-04 07:30:00+05:30,2025-06-05 00:30:00+05:30,2618.49,218644.3,2409.02,3037.45,2628.92,219514.74,INTRADAY_SQUAREOFF,0.01,24.49,0.010641,2326.61,9.26,2.75,6.51,6.51,2449.07,2455.58
203,ETH/INR,1h,LONG,2025-06-05 10:30:00+05:30,2025-06-06 00:30:00+05:30,2635.22,220040.89,2424.4,3056.86,2575.47,215051.39,INTRADAY_SQUAREOFF,0.01,24.56,0.010602,2332.8,-52.9,2.72,-55.62,-55.62,2455.58,2399.96
204,ETH/INR,1h,LONG,2025-06-08 20:30:00+05:30,2025-06-09 00:30:00+05:30,2517.76,210233.3,2316.34,2920.61,2532.12,211432.04,INTRADAY_SQUAREOFF,0.01,24.0,0.010845,2279.96,13.0,2.7,10.3,10.3,2399.96,2410.26
205,ETH/INR,1h,LONG,2025-06-10 02:30:00+05:30,2025-06-11 00:30:00+05:30,2593.2,216532.38,2385.75,3008.11,2753.66,229930.6,INTRADAY_SQUAREOFF,0.01,24.1,0.010575,2289.75,141.68,2.79,138.9,138.9,2410.26,2549.16
206,ETH/INR,1h,LONG,2025-06-11 05:30:00+05:30,2025-06-12 00:30:00+05:30,2815.19,235068.68,2589.98,3265.62,2822.67,235693.31,INTRADAY_SQUAREOFF,0.01,25.49,0.010302,2421.7,6.44,2.86,3.57,3.57,2549.16,2552.73
207,ETH/INR,1h,SHORT,2025-06-12 17:30:00+05:30,2025-06-13 00:30:00+05:30,2725.45,227574.75,2943.48,2289.37,2736.83,228525.36,INTRADAY_SQUAREOFF,0.01,25.53,0.010656,2425.09,-10.13,2.87,-13.0,-13.0,2552.73,2539.73
208,ETH/INR,1h,SHORT,2025-06-13 06:30:00+05:30,2025-06-14 00:30:00+05:30,2502.49,208957.8,2702.69,2102.09,2531.6,211388.3,INTRADAY_SQUAREOFF,0.01,25.4,0.011547,2412.75,-28.06,2.86,-30.93,-30.93,2539.73,2508.81
209,ETH/INR,1h,SHORT,2025-06-14 06:30:00+05:30,2025-06-15 00:30:00+05:30,2560.74,213821.85,2765.6,2151.02,2510.5,209627.16,INTRADAY_SQUAREOFF,0.01,25.09,0.011147,2383.37,46.76,2.78,43.97,43.97,2508.81,2552.78
210,ETH/INR,1h,SHORT,2025-06-15 08:30:00+05:30,2025-06-16 00:30:00+05:30,2528.74,211149.88,2731.04,2124.14,2550.48,212964.95,INTRADAY_SQUAREOFF,0.01,25.53,0.011485,2425.14,-20.85,2.87,-23.72,-23.72,2552.78,2529.06
211,ETH/INR,1h,LONG,2025-06-16 10:30:00+05:30,2025-06-17 00:30:00+05:30,2578.69,215320.52,2372.39,2991.28,2653.81,221593.49,INTRADAY_SQUAREOFF,0.01,25.29,0.011158,2402.6,70.0,2.88,67.12,67.12,2529.06,2596.18
212,ETH/INR,1h,SHORT,2025-06-17 14:30:00+05:30,2025-06-18 00:30:00+05:30,2569.37,214542.47,2774.92,2158.27,2498.33,208610.58,INTRADAY_SQUAREOFF,0.01,25.96,0.011496,2466.37,68.19,2.87,65.32,65.32,2596.18,2661.5
213,ETH/INR,1h,SHORT,2025-06-18 04:30:00+05:30,2025-06-19 00:30:00+05:30,2492.9,208156.82,2692.33,2094.03,2479.1,207004.71,INTRADAY_SQUAREOFF,0.01,26.61,0.012147,2528.42,13.99,2.98,11.02,11.02,2661.5,2672.52
214,ETH/INR,1h,SHORT,2025-06-19 07:30:00+05:30,2025-06-20 00:30:00+05:30,2510.22,209603.05,2711.03,2108.58,2506.33,209278.3,INTRADAY_SQUAREOFF,0.01,26.73,0.012113,2538.89,3.93,2.99,0.94,0.94,2672.52,2673.46
215,ETH/INR,1h,SHORT,2025-06-20 08:30:00+05:30,2025-06-21 00:30:00+05:30,2514.36,209948.74,2715.5,2112.06,2421.02,202155.27,INTRADAY_SQUAREOFF,0.01,26.73,0.012097,2539.78,94.28,2.94,91.34,91.34,2673.46,2764.79
216,ETH/INR,1h,SHORT,2025-06-21 04:30:00+05:30,2025-06-22 00:30:00+05:30,2385.09,199154.8,2575.89,2003.47,2389.0,199481.65,INTRADAY_SQUAREOFF,0.01,27.65,0.013189,2626.55,-4.31,3.1,-7.41,-7.41,2764.79,2757.38
217,ETH/INR,1h,SHORT,2025-06-22 03:30:00+05:30,2025-06-23 00:30:00+05:30,2250.71,187934.53,2430.77,1890.6,2184.19,182379.9,INTRADAY_SQUAREOFF,0.01,27.57,0.013938,2619.51,77.42,3.05,74.38,74.38,2757.38,2831.76
218,ETH/INR,1h,LONG,2025-06-24 04:30:00+05:30,2025-06-25 00:30:00+05:30,2433.6,203205.82,2238.91,2822.98,2436.5,203447.56,INTRADAY_SQUAREOFF,0.01,28.32,0.013239,2690.17,3.2,3.18,0.02,0.02,2831.76,2831.78
219,ETH/INR,1h,LONG,2025-06-25 02:30:00+05:30,2025-06-26 00:30:00+05:30,2452.15,204754.42,2255.98,2844.49,2418.66,201958.25,INTRADAY_SQUAREOFF,0.01,28.32,0.013139,2690.19,-36.74,3.15,-39.89,-39.89,2831.78,2791.89
220,ETH/INR,1h,LONG,2025-06-26 12:30:00+05:30,2025-06-27 00:30:00+05:30,2490.01,207915.57,2290.81,2888.41,2425.37,202518.51,INTRADAY_SQUAREOFF,0.01,27.92,0.012757,2652.3,-68.85,3.09,-71.94,-71.94,2791.89,2719.96
221,ETH/INR,1h,SHORT,2025-06-27 11:30:00+05:30,2025-06-28 00:30:00+05:30,2435.45,203360.39,2630.29,2045.78,2395.91,200058.34,INTRADAY_SQUAREOFF,0.01,27.2,0.012706,2583.96,41.96,3.02,38.93,38.93,2719.96,2758.89
222,ETH/INR,1h,SHORT,2025-06-28 06:30:00+05:30,2025-06-29 00:30:00+05:30,2418.01,201904.19,2611.46,2031.13,2438.9,203648.27,INTRADAY_SQUAREOFF,0.01,27.59,0.012981,2620.94,-22.64,3.11,-25.75,-25.75,2758.89,2733.14
223,ETH/INR,1h,LONG,2025-06-30 06:30:00+05:30,2025-07-01 00:30:00+05:30,2522.86,210659.15,2321.03,2926.52,2485.51,207540.46,INTRADAY_SQUAREOFF,0.01,27.33,0.012326,2596.48,-38.44,3.04,-41.48,-41.48,2733.14,2691.66
224,ETH/INR,1h,SHORT,2025-07-01 20:30:00+05:30,2025-07-02 00:30:00+05:30,2410.67,201291.05,2603.52,2024.96,2412.38,201433.84,INTRADAY_SQUAREOFF,0.01,26.92,0.012703,2557.08,-1.81,3.02,-4.83,-4.83,2691.66,2686.83
225,ETH/INR,1h,SHORT,2025-07-02 04:30:00+05:30,2025-07-03 00:30:00+05:30,2399.67,200372.28,2591.64,2015.72,2592.94,216510.26,STOP_LOSS,0.01,26.87,0.012739,2552.49,-205.58,3.13,-208.71,-208.71,2686.83,2478.12
226,ETH/INR,1h,LONG,2025-07-03 11:30:00+05:30,2025-07-04 00:30:00+05:30,2598.66,216988.38,2390.77,3014.45,2585.09,215854.78,INTRADAY_SQUAREOFF,0.01,24.78,0.010849,2354.21,-12.3,2.77,-15.07,-15.07,2478.12,2463.05
227,ETH/INR,1h,SHORT,2025-07-04 19:30:00+05:30,2025-07-05 00:30:00+05:30,2524.58,210802.28,2726.54,2120.65,2485.61,207548.69,INTRADAY_SQUAREOFF,0.01,24.63,0.0111,2339.9,36.11,2.74,33.37,33.37,2463.05,2496.42
228,ETH/INR,1h,SHORT,2025-07-05 19:30:00+05:30,2025-07-06 00:30:00+05:30,2513.41,209869.71,2714.48,2111.26,2494.7,208307.42,INTRADAY_SQUAREOFF,0.01,24.96,0.0113,2371.6,17.65,2.79,14.87,14.87,2496.42,2511.29
229,ETH/INR,1h,SHORT,2025-07-06 11:30:00+05:30,2025-07-07 00:30:00+05:30,2509.32,209528.44,2710.07,2107.83,2533.41,211539.93,INTRADAY_SQUAREOFF,0.01,25.11,0.011386,2385.73,-22.9,2.83,-25.73,-25.73,2511.29,2485.56
230,ETH/INR,1h,LONG,2025-07-07 13:30:00+05:30,2025-07-08 00:30:00+05:30,2580.11,215439.1,2373.7,2992.93,2542.76,212320.15,INTRADAY_SQUAREOFF,0.01,24.86,0.01096,2361.28,-34.18,2.77,-36.95,-36.95,2485.56,2448.61
231,ETH/INR,1h,LONG,2025-07-08 23:30:00+05:30,2025-07-09 01:30:00+05:30,2627.36,219384.23,2417.17,3047.73,2609.6,217901.32,INTRADAY_SQUAREOFF,0.01,24.49,0.010603,2326.18,-15.72,2.74,-18.46,-18.46,2448.61,2430.15
232,ETH/INR,1h,LONG,2025-07-09 05:30:00+05:30,2025-07-10 00:30:00+05:30,2619.25,218707.51,2409.71,3038.33,2717.76,226933.37,INTRADAY_SQUAREOFF,0.01,24.3,0.010556,2308.64,86.83,2.78,84.06,84.06,2430.15,2514.2
233,ETH/INR,1h,LONG,2025-07-10 04:30:00+05:30,2025-07-11 00:30:00+05:30,2783.08,232387.43,2560.44,3228.38,2811.34,234746.89,INTRADAY_SQUAREOFF,0.01,25.14,0.010278,2388.49,24.25,2.83,21.42,21.42,2514.2,2535.62
234,ETH/INR,1h,LONG,2025-07-11 08:30:00+05:30,2025-07-12 00:30:00+05:30,2969.41,247945.53,2731.85,3444.51,2994.17,250013.27,INTRADAY_SQUAREOFF,0.01,25.36,0.009715,2408.84,20.09,2.85,17.23,17.23,2535.62,2552.86
235,ETH/INR,1h,SHORT,2025-07-13 02:30:00+05:30,2025-07-14 00:30:00+05:30,2917.67,243625.76,3151.09,2450.85,2996.84,250236.44,INTRADAY_SQUAREOFF,0.01,25.53,0.009955,2425.21,-65.81,2.9,-68.71,-68.71,2552.86,2484.15
236,ETH/INR,1h,LONG,2025-07-14 05:30:00+05:30,2025-07-15 00:30:00+05:30,2979.44,248783.48,2741.09,3456.15,2987.68,249471.2,INTRADAY_SQUAREOFF,0.01,24.84,0.009486,2359.94,6.52,2.79,3.74,3.74,2484.15,2487.88
237,ETH/INR,1h,LONG,2025-07-15 23:30:00+05:30,2025-07-16 01:30:00+05:30,3096.8,258583.17,2849.06,3592.29,3041.84,253993.61,INTRADAY_SQUAREOFF,0.01,24.88,0.00914,2363.49,-41.95,2.76,-44.71,-44.71,2487.88,2443.17
238,ETH/INR,1h,LONG,2025-07-16 19:30:00+05:30,2025-07-17 00:30:00+05:30,3199.28,267140.27,2943.34,3711.17,3333.7,278364.03,INTRADAY_SQUAREOFF,0.01,24.43,0.008688,2321.01,97.52,2.8,94.72,94.72,2443.17,2537.89
239,ETH/INR,1h,LONG,2025-07-17 10:30:00+05:30,2025-07-18 00:30:00+05:30,3353.1,279984.16,3084.86,3889.6,3427.79,286220.6,INTRADAY_SQUAREOFF,0.01,25.38,0.008611,2410.99,53.7,2.88,50.83,50.83,2537.89,2588.72
240,ETH/INR,1h,LONG,2025-07-18 06:30:00+05:30,2025-07-19 00:30:00+05:30,3543.38,295872.57,3259.91,4110.33,3570.07,298100.75,INTRADAY_SQUAREOFF,0.01,25.89,0.008312,2459.28,18.52,2.91,15.61,15.61,2588.72,2604.32
241,ETH/INR,1h,LONG,2025-07-20 14:30:00+05:30,2025-07-21 00:30:00+05:30,3716.58,310334.08,3419.25,4311.23,3750.41,313159.07,INTRADAY_SQUAREOFF,0.01,26.04,0.007972,2474.11,22.52,2.93,19.59,19.59,2604.32,2623.91
242,ETH/INR,1h,LONG,2025-07-21 03:30:00+05:30,2025-07-22 00:30:00+05:30,3774.72,315189.4,3472.75,4378.68,3735.72,311932.77,INTRADAY_SQUAREOFF,0.01,26.24,0.007909,2492.72,-25.76,2.93,-28.68,-28.68,2623.91,2595.23
243,ETH/INR,1h,LONG,2025-07-22 07:30:00+05:30,2025-07-23 00:30:00+05:30,3799.26,317238.46,3495.32,4407.15,3711.3,309893.71,INTRADAY_SQUAREOFF,0.01,25.95,0.007772,2465.47,-57.08,2.88,-59.96,-59.96,2595.23,2535.27
244,ETH/INR,1h,SHORT,2025-07-23 09:30:00+05:30,2025-07-24 00:30:00+05:30,3727.58,311253.0,4025.79,3131.17,3607.43,301220.71,INTRADAY_SQUAREOFF,0.01,25.35,0.007738,2408.51,77.63,2.8,74.83,74.83,2535.27,2610.11
245,ETH/INR,1h,SHORT,2025-07-24 10:30:00+05:30,2025-07-25 00:30:00+05:30,3606.65,301155.53,3895.19,3029.59,3745.46,312745.82,INTRADAY_SQUAREOFF,0.01,26.1,0.008234,2479.6,-95.43,2.98,-98.41,-98.41,2610.11,2511.7
246,ETH/INR,1h,LONG,2025-07-26 00:30:00+05:30,2025-07-27 00:30:00+05:30,3656.83,305344.99,3364.28,4241.92,3740.39,312322.7,INTRADAY_SQUAREOFF,0.01,25.12,0.007814,2386.11,54.53,2.85,51.68,51.68,2511.7,2563.38
247,ETH/INR,1h,LONG,2025-07-27 03:30:00+05:30,2025-07-28 00:30:00+05:30,3761.22,314062.03,3460.32,4363.02,3847.71,321283.94,INTRADAY_SQUAREOFF,0.01,25.63,0.007754,2435.21,56.0,2.91,53.09,53.09,2563.38,2616.47
248,ETH/INR,1h,LONG,2025-07-28 05:30:00+05:30,2025-07-29 00:30:00+05:30,3877.83,323798.56,3567.6,4498.28,3780.08,315636.31,INTRADAY_SQUAREOFF,0.01,26.16,0.007677,2485.64,-62.66,2.9,-65.55,-65.55,2616.47,2550.91
249,ETH/INR,1h,SHORT,2025-07-29 07:30:00+05:30,2025-07-30 00:30:00+05:30,3758.5,313834.38,4059.18,3157.14,3771.65,314932.8,INTRADAY_SQUAREOFF,0.01,25.51,0.007722,2423.37,-8.48,2.86,-11.35,-11.35,2550.91,2539.57
250,ETH/INR,1h,SHORT,2025-07-30 10:30:00+05:30,2025-07-31 00:30:00+05:30,3799.97,317297.9,4103.97,3191.98,3740.11,312299.5,INTRADAY_SQUAREOFF,0.01,25.4,0.007604,2412.59,38.01,2.82,35.18,35.18,2539.57,2574.75
251,ETH/INR,1h,SHORT,2025-07-31 23:30:00+05:30,2025-08-01 01:30:00+05:30,3769.28,314734.88,4070.82,3166.2,3740.11,312298.93,INTRADAY_SQUAREOFF,0.01,25.75,0.007772,2446.01,18.93,2.88,16.06,16.06,2574.75,2590.8
252,ETH/INR,1h,SHORT,2025-08-01 10:30:00+05:30,2025-08-02 00:30:00+05:30,3678.82,307181.54,3973.13,3090.21,3553.45,296713.03,INTRADAY_SQUAREOFF,0.01,25.91,0.008012,2461.26,83.88,2.85,81.02,81.02,2590.8,2671.83
253,ETH/INR,1h,SHORT,2025-08-02 11:30:00+05:30,2025-08-03 00:30:00+05:30,3514.59,293468.61,3795.76,2952.26,3384.22,282582.09,INTRADAY_SQUAREOFF,0.01,26.72,0.008649,2538.24,94.16,2.94,91.22,91.22,2671.83,2763.05
254,ETH/INR,1h,SHORT,2025-08-03 12:30:00+05:30,2025-08-04 00:30:00+05:30,3436.27,286928.71,3711.17,2886.47,3498.38,292114.7,INTRADAY_SQUAREOFF,0.01,27.63,0.009148,2624.89,-47.44,3.13,-50.57,-50.57,2763.05,2712.48
255,ETH/INR,1h,LONG,2025-08-04 08:30:00+05:30,2025-08-05 00:30:00+05:30,3571.75,298240.85,3286.01,4143.23,3673.83,306764.41,INTRADAY_SQUAREOFF,0.01,27.12,0.00864,2576.85,73.65,3.08,70.56,70.56,2712.48,2783.04
256,ETH/INR,1h,LONG,2025-08-05 02:30:00+05:30,2025-08-06 00:30:00+05:30,3712.45,309989.82,3415.46,4306.45,3584.9,299339.15,INTRADAY_SQUAREOFF,0.01,27.83,0.008529,2643.89,-90.84,3.07,-93.91,-93.91,2783.04,2689.13
257,ETH/INR,1h,SHORT,2025-08-06 06:30:00+05:30,2025-08-07 00:30:00+05:30,3570.42,298130.27,3856.06,2999.15,3679.29,307220.99,INTRADAY_SQUAREOFF,0.01,26.89,0.008569,2554.68,-77.9,3.06,-80.96,-80.96,2689.13,2608.18
258,ETH/INR,1h,LONG,2025-08-07 11:30:00+05:30,2025-08-08 00:30:00+05:30,3690.33,308142.36,3395.1,4280.78,3827.47,319594.14,INTRADAY_SQUAREOFF,0.01,26.08,0.008041,2477.77,92.08,2.98,89.11,89.11,2608.18,2697.28
259,ETH/INR,1h,LONG,2025-08-08 04:30:00+05:30,2025-08-09 00:30:00+05:30,3928.17,328001.98,3613.91,4556.67,4051.75,338320.94,INTRADAY_SQUAREOFF,0.01,26.97,0.007812,2562.42,80.61,3.07,77.54,77.54,2697.28,2774.82
260,ETH/INR,1h,LONG,2025-08-09 07:30:00+05:30,2025-08-10 00:30:00+05:30,4036.06,337010.91,3713.17,4681.83,4240.72,354099.87,INTRADAY_SQUAREOFF,0.01,27.75,0.007822,2636.08,133.67,3.19,130.48,130.48,2774.82,2905.3
261,ETH/INR,1h,LONG,2025-08-12 06:30:00+05:30,2025-08-13 00:30:00+05:30,4278.34,357241.57,3936.07,4962.88,4486.68,374637.6,INTRADAY_SQUAREOFF,0.01,29.05,0.007726,2760.04,134.4,3.34,131.07,131.07,2905.3,3036.37
262,ETH/INR,1h,LONG,2025-08-13 08:30:00+05:30,2025-08-14 00:30:00+05:30,4624.3,386129.19,4254.36,5364.19,4713.86,393607.36,INTRADAY_SQUAREOFF,0.01,30.36,0.00747,2884.55,55.87,3.44,52.43,52.43,3036.37,3088.8
263,ETH/INR,1h,LONG,2025-08-14 09:30:00+05:30,2025-08-15 00:30:00+05:30,4780.44,399166.97,4398.01,5545.31,4539.07,379012.52,INTRADAY_SQUAREOFF,0.01,30.89,0.007351,2934.36,-148.16,3.38,-151.53,-151.53,3088.8,2937.26
264,ETH/INR,1h,SHORT,2025-08-15 03:30:00+05:30,2025-08-16 00:30:00+05:30,4459.58,372374.98,4816.35,3746.05,4399.9,367391.82,INTRADAY_SQUAREOFF,0.01,29.37,0.007494,2790.4,37.34,3.27,34.07,34.07,2937.26,2971.33
265,ETH/INR,1h,SHORT,2025-08-16 09:30:00+05:30,2025-08-17 00:30:00+05:30,4431.34,370016.96,4785.85,3722.33,4413.77,368549.41,INTRADAY_SQUAREOFF,0.01,29.71,0.007629,2822.77,11.2,3.32,7.87,7.87,2971.33,2979.2
266,ETH/INR,1h,LONG,2025-08-17 21:30:00+05:30,2025-08-18 00:30:00+05:30,4568.95,381506.94,4203.43,5299.98,4468.17,373092.53,INTRADAY_SQUAREOFF,0.01,29.79,0.007419,2830.24,-62.42,3.3,-65.73,-65.73,2979.2,2913.48
267,ETH/INR,1h,SHORT,2025-08-18 12:30:00+05:30,2025-08-19 00:30:00+05:30,4235.1,353630.94,4573.91,3557.48,4370.67,364950.75,INTRADAY_SQUAREOFF,0.01,29.13,0.007827,2767.8,-88.6,3.32,-91.92,-91.92,2913.48,2821.56
268,ETH/INR,1h,SHORT,2025-08-19 05:30:00+05:30,2025-08-20 00:30:00+05:30,4306.68,359607.7,4651.21,3617.61,4146.03,346193.75,INTRADAY_SQUAREOFF,0.01,28.22,0.007454,2680.48,99.99,3.1,96.88,96.88,2821.56,2918.44
269,ETH/INR,1h,SHORT,2025-08-20 05:30:00+05:30,2025-08-21 00:30:00+05:30,4068.56,339724.35,4394.04,3417.59,4295.06,358637.31,INTRADAY_SQUAREOFF,0.01,29.18,0.008161,2772.52,-154.35,3.36,-157.71,-157.71,2918.44,2760.73
270,ETH/INR,1h,LONG,2025-08-21 04:30:00+05:30,2025-08-22 00:30:00+05:30,4374.92,365305.68,4024.92,5074.91,4260.42,355745.27,INTRADAY_SQUAREOFF,0.01,27.61,0.007179,2622.69,-68.64,3.05,-71.69,-71.69,2760.73,2689.04
271,ETH/INR,1h,LONG,2025-08-22 07:30:00+05:30,2025-08-23 00:30:00+05:30,4266.03,356213.41,3924.75,4948.59,4786.44,399667.42,INTRADAY_SQUAREOFF,0.01,26.89,0.007172,2554.59,311.63,3.2,308.43,308.43,2689.04,2997.47
272,ETH/INR,1h,LONG,2025-08-23 10:30:00+05:30,2025-08-24 00:30:00+05:30,4746.78,396356.41,4367.04,5506.27,4748.79,396524.04,INTRADAY_SQUAREOFF,0.01,29.97,0.007184,2847.6,1.2,3.36,-2.16,-2.16,2997.47,2995.31
273,ETH/INR,1h,LONG,2025-08-24 04:30:00+05:30,2025-08-25 00:30:00+05:30,4782.99,399379.62,4400.35,5548.27,4932.51,411864.18,INTRADAY_SQUAREOFF,0.01,29.95,0.007125,2845.55,88.95,3.41,85.54,85.54,2995.31,3080.86
274,ETH/INR,1h,SHORT,2025-08-25 11:30:00+05:30,2025-08-26 00:30:00+05:30,4700.37,392481.17,5076.4,3948.31,4576.75,382158.39,INTRADAY_SQUAREOFF,0.01,30.81,0.007457,2926.81,76.98,3.41,73.57,73.57,3080.86,3154.43
275,ETH/INR,1h,SHORT,2025-08-26 06:30:00+05:30,2025-08-27 00:30:00+05:30,4333.12,361815.76,4679.77,3639.82,4550.99,380007.35,INTRADAY_SQUAREOFF,0.01,31.54,0.008282,2996.71,-150.67,3.63,-154.3,-154.3,3154.43,3000.13
276,ETH/INR,1h,LONG,2025-08-27 09:30:00+05:30,2025-08-28 00:30:00+05:30,4626.31,386296.93,4256.21,5366.52,4590.73,383325.66,INTRADAY_SQUAREOFF,0.01,30.0,0.007378,2850.12,-21.92,3.35,-25.27,-25.27,3000.13,2974.86
277,ETH/INR,1h,SHORT,2025-08-29 06:30:00+05:30,2025-08-30 00:30:00+05:30,4471.62,373380.07,4829.35,3756.16,4317.73,360530.26,INTRADAY_SQUAREOFF,0.01,29.75,0.007569,2826.12,97.26,3.28,93.98,93.98,2974.86,3068.84
278,ETH/INR,1h,SHORT,2025-08-31 00:30:00+05:30,2025-09-01 00:30:00+05:30,4345.23,362826.96,4692.85,3650.0,4490.65,374969.56,INTRADAY_SQUAREOFF,0.01,30.69,0.008035,2915.4,-97.57,3.5,-101.07,-101.07,3068.84,2967.78
279,ETH/INR,1h,SHORT,2025-09-02 02:30:00+05:30,2025-09-03 00:30:00+05:30,4274.29,356903.01,4616.23,3590.4,4300.07,359055.67,INTRADAY_SQUAREOFF,0.01,29.68,0.0079,2819.39,-17.01,3.34,-20.34,-20.34,2967.78,2947.43
280,ETH/INR,1h,SHORT,2025-09-03 11:30:00+05:30,2025-09-04 00:30:00+05:30,4313.56,360182.01,4658.64,3623.39,4472.09,373419.75,INTRADAY_SQUAREOFF,0.01,29.47,0.007774,2800.06,-102.91,3.36,-106.28,-106.28,2947.43,2841.16
281,ETH/INR,1h,SHORT,2025-09-04 19:30:00+05:30,2025-09-05 00:30:00+05:30,4367.7,364703.22,4717.12,3668.87,4277.82,357198.33,INTRADAY_SQUAREOFF,0.01,28.41,0.007401,2699.1,55.54,3.15,52.39,52.39,2841.16,2893.55
282,ETH/INR,1h,SHORT,2025-09-05 05:30:00+05:30,2025-09-06 00:30:00+05:30,4296.69,358773.41,4640.42,3609.22,4316.13,360397.11,INTRADAY_SQUAREOFF,0.01,28.94,0.007662,2748.87,-12.44,3.25,-15.69,-15.69,2893.55,2877.86
283,ETH/INR,1h,SHORT,2025-09-06 03:30:00+05:30,2025-09-07 00:30:00+05:30,4293.78,358530.73,4637.28,3606.78,4281.82,357531.56,INTRADAY_SQUAREOFF,0.01,28.78,0.007625,2733.96,7.62,3.22,4.4,4.4,2877.86,2882.25
284,ETH/INR,1h,SHORT,2025-09-07 12:30:00+05:30,2025-09-08 00:30:00+05:30,4281.89,357538.16,4624.45,3596.79,4284.03,357716.35,INTRADAY_SQUAREOFF,0.01,28.82,0.007658,2738.14,-1.36,3.23,-4.6,-4.6,2882.25,2877.66
285,ETH/INR,1h,SHORT,2025-09-08 10:30:00+05:30,2025-09-09 00:30:00+05:30,4295.27,358655.43,4638.9,3608.03,4329.3,361496.53,INTRADAY_SQUAREOFF,0.01,28.78,0.007622,2733.77,-21.66,3.24,-24.89,-24.89,2877.66,2852.76
286,ETH/INR,1h,LONG,2025-09-12 03:30:00+05:30,2025-09-13 00:30:00+05:30,4433.3,370180.59,4078.64,5142.63,4623.18,386035.36,INTRADAY_SQUAREOFF,0.01,28.53,0.007321,2710.13,116.07,3.27,112.81,112.81,2852.76,2965.57
287,ETH/INR,1h,LONG,2025-09-13 05:30:00+05:30,2025-09-14 00:30:00+05:30,4717.55,393915.02,4340.14,5472.35,4643.52,387734.07,INTRADAY_SQUAREOFF,0.01,29.66,0.007152,2817.29,-44.21,3.3,-47.5,-47.5,2965.57,2918.07
288,ETH/INR,1h,SHORT,2025-09-14 09:30:00+05:30,2025-09-15 00:30:00+05:30,4662.77,389341.54,5035.79,3916.73,4607.7,384742.84,INTRADAY_SQUAREOFF,0.01,29.18,0.00712,2772.16,32.74,3.25,29.49,29.49,2918.07,2947.56
289,ETH/INR,1h,SHORT,2025-09-15 05:30:00+05:30,2025-09-16 00:30:00+05:30,4603.17,384364.36,4971.42,3866.66,4505.75,376229.78,INTRADAY_SQUAREOFF,0.01,29.48,0.007285,2800.18,59.26,3.27,55.99,55.99,2947.56,3003.55
290,ETH/INR,1h,LONG,2025-09-18 07:30:00+05:30,2025-09-19 00:30:00+05:30,4635.64,387075.81,4264.79,5377.34,4618.55,385648.71,INTRADAY_SQUAREOFF,0.01,30.04,0.007372,2853.37,-10.52,3.36,-13.88,-13.88,3003.55,2989.67
291,ETH/INR,1h,LONG,2025-09-19 06:30:00+05:30,2025-09-20 00:30:00+05:30,4614.18,385283.78,4245.04,5352.45,4449.64,371544.84,INTRADAY_SQUAREOFF,0.01,29.9,0.007372,2840.19,-101.28,3.29,-104.57,-104.57,2989.67,2885.1
292,ETH/INR,1h,SHORT,2025-09-20 14:30:00+05:30,2025-09-21 00:30:00+05:30,4467.18,373009.35,4824.55,3752.43,4478.96,373993.2,INTRADAY_SQUAREOFF,0.01,28.85,0.007348,2740.84,-7.23,3.24,-10.47,-10.47,2885.1,2874.63
293,ETH/INR,1h,SHORT,2025-09-22 10:30:00+05:30,2025-09-23 00:30:00+05:30,4289.88,358205.13,4633.07,3603.5,4162.2,347543.67,INTRADAY_SQUAREOFF,0.01,28.75,0.007624,2730.9,81.28,3.17,78.11,78.11,2874.63,2952.74
294,ETH/INR,1h,SHORT,2025-09-23 07:30:00+05:30,2025-09-24 00:30:00+05:30,4165.96,347857.65,4499.24,3499.41,4164.52,347737.03,INTRADAY_SQUAREOFF,0.01,29.53,0.008064,2805.1,0.97,3.31,-2.34,-2.34,2952.74,2950.4
295,ETH/INR,1h,SHORT,2025-09-24 05:30:00+05:30,2025-09-25 00:30:00+05:30,4161.67,347499.13,4494.6,3495.8,4175.93,348690.25,INTRADAY_SQUAREOFF,0.01,29.5,0.008066,2802.88,-9.61,3.31,-12.92,-12.92,2950.4,2937.48
296,ETH/INR,1h,SHORT,2025-09-25 03:30:00+05:30,2025-09-26 00:30:00+05:30,4136.26,345377.99,4467.16,3474.46,3927.84,327974.61,INTRADAY_SQUAREOFF,0.01,29.37,0.00808,2790.61,140.62,3.21,137.41,137.41,2937.48,3074.89
297,ETH/INR,1h,SHORT,2025-09-26 05:30:00+05:30,2025-09-27 00:30:00+05:30,3858.19,322158.77,4166.84,3240.88,4048.94,338086.87,INTRADAY_SQUAREOFF,0.01,30.75,0.009067,2921.14,-144.43,3.53,-147.96,-147.96,3074.89,2926.93
298,ETH/INR,1h,LONG,2025-09-27 05:30:00+05:30,2025-09-28 00:30:00+05:30,4039.82,337324.8,3716.63,4686.19,3995.25,333603.37,INTRADAY_SQUAREOFF,0.01,29.27,0.008243,2780.58,-30.68,3.26,-33.94,-33.94,2926.93,2892.99
299,ETH/INR,1h,LONG,2025-09-28 13:30:00+05:30,2025-09-29 00:30:00+05:30,4017.37,335450.78,3695.98,4660.15,4041.02,337425.23,INTRADAY_SQUAREOFF,0.01,28.93,0.008193,2748.34,16.18,3.25,12.92,12.92,2892.99,2905.91
300,ETH/INR,1h,LONG,2025-09-29 04:30:00+05:30,2025-09-30 00:30:00+05:30,4138.23,345541.89,3807.17,4800.34,4161.58,347492.03,INTRADAY_SQUAREOFF,0.01,29.06,0.007989,2760.62,15.58,3.27,12.31,12.31,2905.91,2918.23
301,ETH/INR,1h,LONG,2025-10-02 05:30:00+05:30,2025-10-03 00:30:00+05:30,4351.9,363383.73,4003.75,5048.21,4489.11,374840.42,INTRADAY_SQUAREOFF,0.01,29.18,0.007629,2772.32,87.41,3.32,84.08,84.08,2918.23,3002.31
302,ETH/INR,1h,LONG,2025-10-03 05:30:00+05:30,2025-10-04 00:30:00+05:30,4489.52,374874.59,4130.35,5207.84,4510.55,376630.66,INTRADAY_SQUAREOFF,0.01,30.02,0.007608,2852.19,13.36,3.37,9.99,9.99,3002.31,3012.3
303,ETH/INR,1h,LONG,2025-10-05 10:30:00+05:30,2025-10-06 00:30:00+05:30,4588.23,383117.49,4221.17,5322.35,4517.32,377196.28,INTRADAY_SQUAREOFF,0.01,30.12,0.007469,2861.68,-44.23,3.35,-47.58,-47.58,3012.3,2964.72
304,ETH/INR,1h,LONG,2025-10-06 19:30:00+05:30,2025-10-07 00:30:00+05:30,4639.36,387386.93,4268.22,5381.66,4713.07,393541.51,INTRADAY_SQUAREOFF,0.01,29.65,0.00727,2816.48,44.75,3.35,41.4,41.4,2964.72,3006.12
305,ETH/INR,1h,LONG,2025-10-07 10:30:00+05:30,2025-10-08 00:30:00+05:30,4719.56,394083.53,4342.0,5474.69,4465.29,372851.73,INTRADAY_SQUAREOFF,0.01,30.06,0.007247,2855.81,-153.86,3.28,-157.14,-157.14,3006.12,2848.98
306,ETH/INR,1h,SHORT,2025-10-08 05:30:00+05:30,2025-10-09 00:30:00+05:30,4448.88,371481.68,4804.79,3737.06,4527.82,378073.13,INTRADAY_SQUAREOFF,0.01,28.49,0.007286,2706.53,-48.02,3.22,-51.25,-51.25,2848.98,2797.73
307,ETH/INR,1h,SHORT,2025-10-09 06:30:00+05:30,2025-10-10 00:30:00+05:30,4510.75,376647.9,4871.61,3789.03,4317.68,360526.01,INTRADAY_SQUAREOFF,0.01,27.98,0.007057,2657.84,113.77,3.07,110.7,110.7,2797.73,2908.43
308,ETH/INR,1h,SHORT,2025-10-10 08:30:00+05:30,2025-10-11 00:30:00+05:30,4357.9,363884.94,4706.54,3660.64,4063.57,339307.75,INTRADAY_SQUAREOFF,0.01,29.08,0.007593,2763.0,186.62,3.15,183.47,183.47,2908.43,3091.89
309,ETH/INR,1h,SHORT,2025-10-11 07:30:00+05:30,2025-10-12 00:30:00+05:30,3735.98,311954.08,4034.86,3138.22,3819.42,318921.67,INTRADAY_SQUAREOFF,0.01,30.92,0.009416,2937.3,-65.61,3.5,-69.11,-69.11,3091.89,3022.78
310,ETH/INR,1h,SHORT,2025-10-12 06:30:00+05:30,2025-10-12 19:30:00+05:30,3701.61,309084.37,3997.74,3109.35,3999.74,333978.02,STOP_LOSS,0.01,30.23,0.009291,2871.64,-231.28,3.52,-234.81,-234.81,3022.78,2787.97
311,ETH/INR,1h,LONG,2025-10-13 05:30:00+05:30,2025-10-14 00:30:00+05:30,4166.13,347871.97,3832.84,4832.71,4227.97,353035.85,INTRADAY_SQUAREOFF,0.01,27.88,0.007614,2648.58,39.32,3.15,36.17,36.17,2787.97,2824.14
312,ETH/INR,1h,SHORT,2025-10-14 18:30:00+05:30,2025-10-15 00:30:00+05:30,3937.4,328772.59,4252.39,3307.41,4124.21,344371.37,INTRADAY_SQUAREOFF,0.01,28.24,0.00816,2682.94,-127.29,3.24,-130.53,-130.53,2824.14,2693.61
313,ETH/INR,1h,SHORT,2025-10-16 03:30:00+05:30,2025-10-17 00:30:00+05:30,3941.97,329154.57,4257.33,3311.26,3907.78,326299.47,INTRADAY_SQUAREOFF,0.01,26.94,0.007774,2558.93,22.2,3.01,19.19,19.19,2693.61,2712.8
314,ETH/INR,1h,SHORT,2025-10-17 11:30:00+05:30,2025-10-18 00:30:00+05:30,3895.48,325272.6,4207.12,3272.2,3837.75,320451.88,INTRADAY_SQUAREOFF,0.01,27.13,0.007923,2577.16,38.19,3.02,35.18,35.18,2712.8,2747.97
315,ETH/INR,1h,LONG,2025-10-19 09:30:00+05:30,2025-10-20 00:30:00+05:30,3907.41,326268.96,3594.82,4532.6,4001.28,334106.62,INTRADAY_SQUAREOFF,0.01,27.48,0.008001,2610.58,62.71,3.12,59.59,59.59,2747.97,2807.57
316,ETH/INR,1h,LONG,2025-10-20 04:30:00+05:30,2025-10-21 00:30:00+05:30,4028.78,336403.11,3706.48,4673.38,3972.88,331735.36,INTRADAY_SQUAREOFF,0.01,28.08,0.007929,2667.19,-37.01,3.13,-40.13,-40.13,2807.57,2767.43
317,ETH/INR,1h,SHORT,2025-10-21 19:30:00+05:30,2025-10-22 00:30:00+05:30,3857.45,322097.23,4166.05,3240.26,4017.55,335465.65,INTRADAY_SQUAREOFF,0.01,27.67,0.008162,2629.06,-109.12,3.17,-112.28,-112.28,2767.43,2655.15
318,ETH/INR,1h,SHORT,2025-10-22 15:30:00+05:30,2025-10-23 00:30:00+05:30,3830.73,319866.23,4137.19,3217.82,3804.93,317711.87,INTRADAY_SQUAREOFF,0.01,26.55,0.007886,2522.39,16.99,2.97,14.02,14.02,2655.15,2669.17
319,ETH/INR,1h,LONG,2025-10-26 17:30:00+05:30,2025-10-27 00:30:00+05:30,4046.71,337900.09,3722.97,4694.18,4070.4,339878.3,INTRADAY_SQUAREOFF,0.01,26.69,0.007504,2535.71,14.85,3.0,11.84,11.84,2669.17,2681.02
320,ETH/INR,1h,LONG,2025-10-27 04:30:00+05:30,2025-10-28 00:30:00+05:30,4169.51,348153.92,3835.95,4836.63,4213.17,351799.91,INTRADAY_SQUAREOFF,0.01,26.81,0.007316,2546.97,26.67,3.02,23.65,23.65,2681.02,2704.67
321,ETH/INR,1h,SHORT,2025-10-28 11:30:00+05:30,2025-10-29 00:30:00+05:30,4067.6,339644.7,4393.01,3416.78,4115.67,343658.37,INTRADAY_SQUAREOFF,0.01,27.05,0.007565,2569.44,-30.36,3.05,-33.41,-33.41,2704.67,2671.26
322,ETH/INR,1h,SHORT,2025-10-29 14:30:00+05:30,2025-10-30 00:30:00+05:30,4004.87,334407.02,4325.26,3364.09,3920.56,327367.0,INTRADAY_SQUAREOFF,0.01,26.71,0.007589,2537.69,53.42,2.96,50.46,50.46,2671.26,2721.72
323,ETH/INR,1h,SHORT,2025-10-30 15:30:00+05:30,2025-10-31 00:30:00+05:30,3892.79,325048.14,4204.22,3269.95,3722.59,310836.68,INTRADAY_SQUAREOFF,0.01,27.22,0.007955,2585.63,113.05,2.98,110.06,110.06,2721.72,2831.78
324,ETH/INR,1h,LONG,2025-11-01 08:30:00+05:30,2025-11-02 00:30:00+05:30,3854.31,321834.64,3545.96,4471.0,3879.42,323931.52,INTRADAY_SQUAREOFF,0.01,28.32,0.008359,2690.19,17.53,3.18,14.34,14.34,2831.78,2846.12
325,ETH/INR,1h,LONG,2025-11-02 08:30:00+05:30,2025-11-03 00:30:00+05:30,3884.99,324396.51,3574.19,4506.59,3861.44,322430.31,INTRADAY_SQUAREOFF,0.01,28.46,0.008335,2703.82,-16.39,3.18,-19.57,-19.57,2846.12,2826.55
326,ETH/INR,1h,SHORT,2025-11-03 21:30:00+05:30,2025-11-04 00:30:00+05:30,3583.22,299198.87,3869.88,3009.9,3631.43,303224.51,INTRADAY_SQUAREOFF,0.01,28.27,0.008975,2685.23,-36.13,3.19,-39.32,-39.32,2826.55,2787.23
327,ETH/INR,1h,SHORT,2025-11-04 02:30:00+05:30,2025-11-05 00:30:00+05:30,3565.6,297727.3,3850.84,2995.1,3305.3,275992.31,INTRADAY_SQUAREOFF,0.01,27.87,0.008894,2647.87,193.3,3.01,190.29,190.29,2787.23,2977.53
328,ETH/INR,1h,SHORT,2025-11-05 16:30:00+05:30,2025-11-06 00:30:00+05:30,3275.01,273462.98,3537.01,2751.0,3462.42,289112.07,INTRADAY_SQUAREOFF,0.01,29.78,0.010344,2828.65,-161.87,3.43,-165.3,-165.3,2977.53,2812.22
329,ETH/INR,1h,LONG,2025-11-06 08:30:00+05:30,2025-11-07 00:30:00+05:30,3426.98,286152.58,3152.82,3975.29,3323.83,277539.66,INTRADAY_SQUAREOFF,0.01,28.12,0.009336,2671.61,-80.41,3.11,-83.52,-83.52,2812.22,2728.7
330,ETH/INR,1h,SHORT,2025-11-07 15:30:00+05:30,2025-11-08 00:30:00+05:30,3289.45,274669.23,3552.61,2763.14,3423.27,285843.16,INTRADAY_SQUAREOFF,0.01,27.29,0.009438,2592.27,-105.46,3.12,-108.58,-108.58,2728.7,2620.13
331,ETH/INR,1h,SHORT,2025-11-09 08:30:00+05:30,2025-11-10 00:30:00+05:30,3365.2,280993.92,3634.41,2826.77,3544.48,295964.41,INTRADAY_SQUAREOFF,0.01,26.2,0.008858,2489.12,-132.61,3.02,-135.63,-135.63,2620.13,2484.5
332,ETH/INR,1h,LONG,2025-11-10 06:30:00+05:30,2025-11-11 00:30:00+05:30,3650.26,304796.34,3358.24,4234.3,3533.53,295049.69,INTRADAY_SQUAREOFF,0.01,24.84,0.007744,2360.27,-75.48,2.74,-78.22,-78.22,2484.5,2406.28
333,ETH/INR,1h,SHORT,2025-11-11 03:30:00+05:30,2025-11-12 00:30:00+05:30,3529.67,294727.55,3812.04,2964.92,3470.14,289756.71,INTRADAY_SQUAREOFF,0.01,24.06,0.007756,2285.97,38.55,2.67,35.88,35.88,2406.28,2442.16
334,ETH/INR,1h,SHORT,2025-11-12 13:30:00+05:30,2025-11-13 00:30:00+05:30,3425.04,285990.52,3699.04,2877.03,3427.69,286212.44,INTRADAY_SQUAREOFF,0.01,24.42,0.008112,2320.05,-1.8,2.74,-4.54,-4.54,2442.16,2437.62
335,ETH/INR,1h,SHORT,2025-11-13 21:30:00+05:30,2025-11-14 00:30:00+05:30,3368.92,281305.02,3638.44,2829.89,3212.56,268248.52,INTRADAY_SQUAREOFF,0.01,24.38,0.008232,2315.74,107.48,2.67,104.81,104.81,2437.62,2542.44
336,ETH/INR,1h,SHORT,2025-11-14 06:30:00+05:30,2025-11-15 00:30:00+05:30,3188.64,266251.38,3443.73,2678.46,3167.83,264513.86,INTRADAY_SQUAREOFF,0.01,25.42,0.009072,2415.31,15.76,2.84,12.92,12.92,2542.44,2555.36
337,ETH/INR,1h,SHORT,2025-11-15 02:30:00+05:30,2025-11-16 00:30:00+05:30,3122.53,260731.48,3372.34,2622.93,3207.06,267789.41,INTRADAY_SQUAREOFF,0.01,25.55,0.009311,2427.59,-65.71,2.9,-68.62,-68.62,2555.36,2486.74
338,ETH/INR,1h,SHORT,2025-11-21 21:30:00+05:30,2025-11-22 00:30:00+05:30,2693.06,224870.43,2908.5,2262.17,2783.07,232386.14,INTRADAY_SQUAREOFF,0.01,24.87,0.010506,2362.4,-78.96,2.83,-81.79,-81.79,2486.74,2404.95
339,ETH/INR,1h,SHORT,2025-11-22 04:30:00+05:30,2025-11-23 00:30:00+05:30,2720.8,227187.01,2938.47,2285.47,2752.38,229823.52,INTRADAY_SQUAREOFF,0.01,24.05,0.010056,2284.7,-26.51,2.71,-29.23,-29.23,2404.95,2375.72
340,ETH/INR,1h,LONG,2025-11-23 14:30:00+05:30,2025-11-24 00:30:00+05:30,2813.79,234951.77,2588.69,3264.0,2805.52,234261.3,INTRADAY_SQUAREOFF,0.01,23.76,0.009606,2256.94,-6.63,2.66,-9.29,-9.29,2375.72,2366.43
341,ETH/INR,1h,LONG,2025-11-24 07:30:00+05:30,2025-11-25 00:30:00+05:30,2806.36,234331.1,2581.85,3255.38,2954.51,246701.93,INTRADAY_SQUAREOFF,0.01,23.66,0.009594,2248.11,118.68,2.72,115.96,115.96,2366.43,2482.39
342,ETH/INR,1h,LONG,2025-11-25 10:30:00+05:30,2025-11-26 00:30:00+05:30,2942.36,245687.05,2706.97,3413.14,2922.9,244062.43,INTRADAY_SQUAREOFF,0.01,24.82,0.009599,2358.27,-15.59,2.77,-18.37,-18.37,2482.39,2464.02
343,ETH/INR,1h,LONG,2025-11-26 19:30:00+05:30,2025-11-27 00:30:00+05:30,2932.49,244863.15,2697.89,3401.69,3032.08,253178.85,INTRADAY_SQUAREOFF,0.01,24.64,0.00956,2340.82,79.5,2.81,76.69,76.69,2464.02,2540.71
344,ETH/INR,1h,LONG,2025-11-27 07:30:00+05:30,2025-11-28 00:30:00+05:30,3055.04,255095.57,2810.63,3543.84,3035.88,253496.0,INTRADAY_SQUAREOFF,0.01,25.41,0.009462,2413.67,-15.13,2.84,-17.97,-17.97,2540.71,2522.73
345,ETH/INR,1h,LONG,2025-11-28 10:30:00+05:30,2025-11-29 00:30:00+05:30,3020.03,252172.1,2778.42,3503.23,3039.64,253810.21,INTRADAY_SQUAREOFF,0.01,25.23,0.009504,2396.6,15.57,2.84,12.73,12.73,2522.73,2535.47
346,ETH/INR,1h,SHORT,2025-12-01 19:30:00+05:30,2025-12-02 00:30:00+05:30,2807.87,234457.53,3032.5,2358.61,2751.63,229761.31,INTRADAY_SQUAREOFF,0.01,25.35,0.010273,2408.69,48.25,2.81,45.43,45.43,2535.47,2580.9
347,ETH/INR,1h,SHORT,2025-12-02 15:30:00+05:30,2025-12-02 21:30:00+05:30,2795.34,233410.88,3018.97,2348.09,3020.48,252209.8,STOP_LOSS,0.01,25.81,0.010504,2451.85,-197.47,3.01,-200.48,-200.48,2580.9,2380.42
348,ETH/INR,1h,LONG,2025-12-03 15:30:00+05:30,2025-12-04 00:30:00+05:30,3064.43,255880.24,2819.28,3554.74,3113.97,260016.36,INTRADAY_SQUAREOFF,0.01,23.8,0.008838,2261.4,36.55,2.69,33.86,33.86,2380.42,2414.28
349,ETH/INR,1h,LONG,2025-12-04 08:30:00+05:30,2025-12-05 00:30:00+05:30,3226.62,269422.51,2968.49,3742.88,3140.2,262206.42,INTRADAY_SQUAREOFF,0.01,24.14,0.008513,2293.57,-61.43,2.67,-64.1,-64.1,2414.28,2350.18
350,ETH/INR,1h,SHORT,2025-12-06 13:30:00+05:30,2025-12-07 00:30:00+05:30,3025.35,252616.39,3267.37,2541.29,3044.59,254222.87,INTRADAY_SQUAREOFF,0.01,23.5,0.008838,2232.67,-14.2,2.64,-16.84,-16.84,2350.18,2333.34
351,ETH/INR,1h,SHORT,2025-12-07 10:30:00+05:30,2025-12-08 00:30:00+05:30,3043.11,254099.54,3286.56,2556.21,3131.28,261462.04,INTRADAY_SQUAREOFF,0.01,23.33,0.008724,2216.67,-64.23,2.65,-66.88,-66.88,2333.34,2266.46
352,ETH/INR,1h,LONG,2025-12-08 14:30:00+05:30,2025-12-09 00:30:00+05:30,3146.36,262721.16,2894.65,3649.78,3088.59,257896.95,INTRADAY_SQUAREOFF,0.01,22.66,0.008196,2153.13,-39.54,2.52,-42.05,-42.05,2266.46,2224.4
353,ETH/INR,1h,LONG,2025-12-10 04:30:00+05:30,2025-12-11 00:30:00+05:30,3340.42,278924.88,3073.18,3874.88,3381.53,282357.88,INTRADAY_SQUAREOFF,0.01,22.24,0.007576,2113.18,26.01,2.51,23.5,23.5,2224.4,2247.9
354,ETH/INR,1h,LONG,2025-12-12 08:30:00+05:30,2025-12-13 00:30:00+05:30,3267.01,272794.94,3005.64,3789.73,3079.64,257149.82,INTRADAY_SQUAREOFF,0.01,22.48,0.007828,2135.51,-122.47,2.45,-124.92,-124.92,2247.9,2122.98
355,ETH/INR,1h,LONG,2025-12-14 03:30:00+05:30,2025-12-15 00:30:00+05:30,3115.45,260140.34,2866.22,3613.93,3101.72,258993.38,INTRADAY_SQUAREOFF,0.01,21.23,0.007753,2016.83,-8.89,2.37,-11.27,-11.27,2122.98,2111.72
356,ETH/INR,1h,LONG,2025-12-15 15:30:00+05:30,2025-12-16 00:30:00+05:30,3159.46,263815.02,2906.7,3664.98,2937.27,245261.87,INTRADAY_SQUAREOFF,0.01,21.12,0.007604,2006.13,-141.08,2.28,-143.37,-143.37,2111.72,1968.35
357,ETH/INR,1h,SHORT,2025-12-16 06:30:00+05:30,2025-12-17 00:30:00+05:30,2940.93,245567.51,3176.2,2470.38,2952.76,246555.77,INTRADAY_SQUAREOFF,0.01,19.68,0.007615,1869.93,-7.53,2.21,-9.74,-9.74,1968.35,1958.61
358,ETH/INR,1h,SHORT,2025-12-17 09:30:00+05:30,2025-12-18 00:30:00+05:30,2943.79,245806.88,3179.3,2472.79,2812.84,234872.55,INTRADAY_SQUAREOFF,0.01,19.59,0.00757,1860.68,82.77,2.15,80.62,80.62,1958.61,2039.23
359,ETH/INR,1h,SHORT,2025-12-18 11:30:00+05:30,2025-12-19 00:30:00+05:30,2822.78,235702.19,3048.6,2371.14,2826.13,235982.05,INTRADAY_SQUAREOFF,0.01,20.39,0.008219,1937.27,-2.3,2.29,-4.59,-4.59,2039.23,2034.65
360,ETH/INR,1h,LONG,2025-12-20 17:30:00+05:30,2025-12-21 00:30:00+05:30,2988.19,249513.67,2749.13,3466.3,2975.11,248421.49,INTRADAY_SQUAREOFF,0.01,20.35,0.007747,1932.91,-8.46,2.28,-10.74,-10.74,2034.65,2023.91
361,ETH/INR,1h,LONG,2025-12-22 10:30:00+05:30,2025-12-23 00:30:00+05:30,3041.98,254005.28,2798.62,3528.7,3013.62,251637.44,INTRADAY_SQUAREOFF,0.01,20.24,0.00757,1922.71,-17.92,2.26,-20.18,-20.18,2023.91,2003.73
362,ETH/INR,1h,SHORT,2025-12-23 08:30:00+05:30,2025-12-24 00:30:00+05:30,2987.65,249468.47,3226.66,2509.62,2947.58,246123.07,INTRADAY_SQUAREOFF,0.01,20.04,0.00763,1903.54,25.53,2.23,23.3,23.3,2003.73,2027.02
363,ETH/INR,1h,SHORT,2025-12-24 04:30:00+05:30,2025-12-25 00:30:00+05:30,2952.77,246556.15,3188.99,2480.33,2940.99,245572.83,INTRADAY_SQUAREOFF,0.01,20.27,0.00781,1925.67,7.68,2.27,5.41,5.41,2027.02,2032.44
364,ETH/INR,1h,SHORT,2025-12-25 06:30:00+05:30,2025-12-26 00:30:00+05:30,2935.33,245099.83,3170.15,2465.67,2958.56,247039.4,INTRADAY_SQUAREOFF,0.01,20.32,0.007878,1930.81,-15.28,2.29,-17.57,-17.57,2032.44,2014.87
365,ETH/INR,1h,LONG,2025-12-26 19:30:00+05:30,2025-12-27 00:30:00+05:30,2984.89,249238.53,2746.1,3462.48,2919.37,243767.24,INTRADAY_SQUAREOFF,0.01,20.15,0.00768,1914.13,-42.02,2.23,-44.25,-44.25,2014.87,1970.62
366,ETH/INR,1h,SHORT,2025-12-27 22:30:00+05:30,2025-12-28 00:30:00+05:30,2915.81,243470.35,3149.08,2449.28,2925.4,244271.12,INTRADAY_SQUAREOFF,0.01,19.71,0.007689,1872.09,-6.16,2.21,-8.37,-8.37,1970.62,1962.25
367,ETH/INR,1h,SHORT,2025-12-30 00:30:00+05:30,2025-12-31 00:30:00+05:30,2912.5,243194.14,3145.51,2446.5,2970.78,248060.5,INTRADAY_SQUAREOFF,0.01,19.62,0.007665,1864.13,-37.3,2.22,-39.52,-39.52,1962.25,1922.72
368,ETH/INR,1h,LONG,2025-12-31 05:30:00+05:30,2026-01-01 00:30:00+05:30,2972.89,248236.58,2735.06,3448.56,2968.64,247881.7,INTRADAY_SQUAREOFF,0.01,19.23,0.007358,1826.59,-2.61,2.15,-4.77,-4.77,1922.72,1917.96
369,ETH/INR,1h,LONG,2026-01-01 03:30:00+05:30,2026-01-02 00:30:00+05:30,2980.38,248861.47,2741.95,3457.24,2984.27,249186.22,INTRADAY_SQUAREOFF,0.01,19.18,0.007322,1822.06,2.38,2.15,0.23,0.23,1917.96,1918.18
370,ETH/INR,1h,LONG,2026-01-02 04:30:00+05:30,2026-01-03 00:30:00+05:30,2997.1,250257.9,2757.33,3476.64,3106.71,259410.45,INTRADAY_SQUAREOFF,0.01,19.18,0.007282,1822.27,66.65,2.19,64.46,64.46,1918.18,1982.64
371,ETH/INR,1h,LONG,2026-01-03 03:30:00+05:30,2026-01-04 00:30:00+05:30,3131.28,261461.71,2880.78,3632.28,3112.66,259906.86,INTRADAY_SQUAREOFF,0.01,19.83,0.007204,1883.51,-11.2,2.22,-13.42,-13.42,1982.64,1969.22
372,ETH/INR,1h,LONG,2026-01-04 15:30:00+05:30,2026-01-05 00:30:00+05:30,3145.66,262662.34,2894.0,3648.96,3131.44,261475.19,INTRADAY_SQUAREOFF,0.01,19.69,0.007122,1870.76,-8.46,2.2,-10.66,-10.66,1969.22,1958.57
373,ETH/INR,1h,LONG,2026-01-05 02:30:00+05:30,2026-01-06 00:30:00+05:30,3141.74,262334.98,2890.4,3644.41,3218.65,268756.88,INTRADAY_SQUAREOFF,0.01,19.59,0.007093,1860.64,45.55,2.22,43.33,43.33,1958.57,2001.89
374,ETH/INR,1h,LONG,2026-01-06 12:30:00+05:30,2026-01-07 00:30:00+05:30,3251.26,271480.38,2991.16,3771.46,3215.69,268510.21,INTRADAY_SQUAREOFF,0.01,20.02,0.007005,1901.8,-20.81,2.23,-23.04,-23.04,2001.89,1978.85
375,ETH/INR,1h,SHORT,2026-01-08 09:30:00+05:30,2026-01-09 00:30:00+05:30,3131.55,261484.05,3382.07,2630.5,3119.22,260454.97,INTRADAY_SQUAREOFF,0.01,19.79,0.007189,1879.91,7.4,2.21,5.18,5.18,1978.85,1984.04
376,ETH/INR,1h,SHORT,2026-01-09 13:30:00+05:30,2026-01-10 00:30:00+05:30,3106.45,259388.95,3354.97,2609.42,3090.31,258041.11,INTRADAY_SQUAREOFF,0.01,19.84,0.007266,1884.83,9.79,2.22,7.58,7.58,1984.04,1991.61
377,ETH/INR,1h,LONG,2026-01-11 18:30:00+05:30,2026-01-12 00:30:00+05:30,3112.97,259933.1,2863.93,3611.05,3123.31,260796.42,INTRADAY_SQUAREOFF,0.01,19.92,0.007279,1892.03,6.28,2.24,4.05,4.05,1991.61,1995.66
378,ETH/INR,1h,LONG,2026-01-12 05:30:00+05:30,2026-01-13 00:30:00+05:30,3120.82,260588.81,2871.16,3620.16,3104.14,259195.33,INTRADAY_SQUAREOFF,0.01,19.96,0.007275,1895.88,-10.14,2.23,-12.37,-12.37,1995.66,1983.29
379,ETH/INR,1h,LONG,2026-01-14 01:30:00+05:30,2026-01-15 00:30:00+05:30,3216.51,268578.34,2959.19,3731.15,3337.74,278701.19,INTRADAY_SQUAREOFF,0.01,19.83,0.007015,1884.13,71.01,2.27,68.75,68.75,1983.29,2052.04
380,ETH/INR,1h,SHORT,2026-01-16 15:30:00+05:30,2026-01-17 00:30:00+05:30,3305.14,275978.85,3569.55,2776.31,3278.65,273767.33,INTRADAY_SQUAREOFF,0.01,20.52,0.007064,1949.44,15.62,2.29,13.33,13.33,2052.04,2065.37
381,ETH/INR,1h,LONG,2026-01-18 09:30:00+05:30,2026-01-19 00:30:00+05:30,3317.91,277045.53,3052.48,3848.78,3358.89,280467.28,INTRADAY_SQUAREOFF,0.01,20.65,0.007082,1962.1,24.23,2.33,21.9,21.9,2065.37,2087.27
382,ETH/INR,1h,SHORT,2026-01-19 12:30:00+05:30,2026-01-20 00:30:00+05:30,3188.19,266214.23,3443.25,2678.08,3214.6,268419.48,INTRADAY_SQUAREOFF,0.01,20.87,0.007449,1982.91,-16.43,2.35,-18.78,-18.78,2087.27,2068.5
383,ETH/INR,1h,SHORT,2026-01-20 03:30:00+05:30,2026-01-21 00:30:00+05:30,3208.66,267923.09,3465.35,2695.27,2991.2,249764.97,INTRADAY_SQUAREOFF,0.01,20.68,0.007334,1965.07,133.18,2.24,130.94,130.94,2068.5,2199.44
384,ETH/INR,1h,SHORT,2026-01-21 04:30:00+05:30,2026-01-22 00:30:00+05:30,2931.0,244738.73,3165.48,2462.04,2925.91,244313.12,INTRADAY_SQUAREOFF,0.01,21.99,0.008538,2089.47,3.63,2.46,1.17,1.17,2199.44,2200.61
385,ETH/INR,1h,LONG,2026-01-22 07:30:00+05:30,2026-01-23 00:30:00+05:30,3029.23,252940.84,2786.89,3513.91,2934.96,245069.57,INTRADAY_SQUAREOFF,0.01,22.01,0.008265,2090.58,-65.06,2.43,-67.49,-67.49,2200.61,2133.12
386,ETH/INR,1h,SHORT,2026-01-23 12:30:00+05:30,2026-01-24 00:30:00+05:30,2934.18,245004.26,3168.92,2464.71,2986.56,249377.83,INTRADAY_SQUAREOFF,0.01,21.33,0.008271,2026.47,-36.17,2.41,-38.59,-38.59,2133.12,2094.54
387,ETH/INR,1h,SHORT,2026-01-25 13:30:00+05:30,2026-01-26 00:30:00+05:30,2933.12,244915.69,3167.77,2463.82,2846.58,237689.78,INTRADAY_SQUAREOFF,0.01,20.95,0.008124,1989.81,58.71,2.31,56.39,56.39,2094.54,2150.93
388,ETH/INR,1h,LONG,2026-01-26 19:30:00+05:30,2026-01-27 00:30:00+05:30,2908.37,242848.75,2675.7,3373.71,2927.34,244432.79,INTRADAY_SQUAREOFF,0.01,21.51,0.008414,2043.38,13.33,2.42,10.91,10.91,2150.93,2161.84
389,ETH/INR,1h,LONG,2026-01-27 08:30:00+05:30,2026-01-28 00:30:00+05:30,2943.38,245772.06,2707.91,3414.32,2972.67,248217.9,INTRADAY_SQUAREOFF,0.01,21.62,0.008356,2053.75,20.44,2.44,18.0,18.0,2161.84,2179.84
390,ETH/INR,1h,LONG,2026-01-28 12:30:00+05:30,2026-01-29 00:30:00+05:30,3014.24,251689.0,2773.1,3496.52,3009.63,251304.4,INTRADAY_SQUAREOFF,0.01,21.8,0.008228,2070.85,-3.16,2.44,-5.61,-5.61,2179.84,2174.24
391,ETH/INR,1h,SHORT,2026-01-29 15:30:00+05:30,2026-01-30 00:30:00+05:30,2937.45,245276.71,3172.44,2467.45,2760.74,230521.49,INTRADAY_SQUAREOFF,0.01,21.74,0.008421,2065.52,124.26,2.36,121.89,121.89,2174.24,2296.13
392,ETH/INR,1h,SHORT,2026-01-30 06:30:00+05:30,2026-01-31 00:30:00+05:30,2798.13,233644.14,3021.98,2350.43,2736.89,228529.91,INTRADAY_SQUAREOFF,0.01,22.96,0.009336,2181.32,47.75,2.55,45.2,45.2,2296.13,2341.33
393,ETH/INR,1h,SHORT,2026-01-31 02:30:00+05:30,2026-02-01 00:30:00+05:30,2662.14,222288.48,2875.11,2236.2,2378.94,198641.64,INTRADAY_SQUAREOFF,0.01,23.41,0.010006,2224.26,236.61,2.49,234.13,234.13,2341.33,2575.46
394,ETH/INR,1h,SHORT,2026-02-01 11:30:00+05:30,2026-02-02 00:30:00+05:30,2423.06,202325.66,2616.91,2035.37,2350.27,196247.89,INTRADAY_SQUAREOFF,0.01,25.75,0.012093,2446.69,73.5,2.84,70.65,70.65,2575.46,2646.11
395,ETH/INR,1h,SHORT,2026-02-03 08:30:00+05:30,2026-02-04 00:30:00+05:30,2295.6,191682.41,2479.25,1928.3,2121.08,177110.04,INTRADAY_SQUAREOFF,0.01,26.46,0.013114,2513.81,191.11,2.85,188.25,188.25,2646.11,2834.37
396,ETH/INR,1h,SHORT,2026-02-05 09:30:00+05:30,2026-02-06 00:30:00+05:30,2098.55,175229.05,2266.44,1762.78,1947.43,162610.06,INTRADAY_SQUAREOFF,0.01,28.34,0.015366,2692.65,193.91,3.06,190.85,190.85,2834.37,3025.21
397,ETH/INR,1h,SHORT,2026-02-06 14:30:00+05:30,2026-02-06 21:30:00+05:30,1866.07,155816.54,2015.35,1567.5,2016.36,168366.01,STOP_LOSS,0.01,30.25,0.018444,2873.95,-231.47,3.53,-235.0,-235.0,3025.21,2790.22
398,ETH/INR,1h,LONG,2026-02-07 07:30:00+05:30,2026-02-08 00:30:00+05:30,2065.15,172440.25,1899.94,2395.58,2094.48,174889.41,INTRADAY_SQUAREOFF,0.01,27.9,0.015372,2650.71,37.65,3.15,34.5,34.5,2790.22,2824.72
399,ETH/INR,1h,LONG,2026-02-08 02:30:00+05:30,2026-02-09 00:30:00+05:30,2110.02,176186.57,1941.22,2447.62,2107.7,175992.58,INTRADAY_SQUAREOFF,0.01,28.25,0.015231,2683.48,-2.95,3.16,-6.12,-6.12,2824.72,2818.6
400,ETH/INR,1h,SHORT,2026-02-09 19:30:00+05:30,2026-02-10 00:30:00+05:30,2020.5,168711.86,2182.14,1697.22,2129.44,177807.91,INTRADAY_SQUAREOFF,0.01,28.19,0.015871,2677.67,-144.37,3.24,-147.61,-147.61,2818.6,2670.99
401,ETH/INR,1h,LONG,2026-02-10 07:30:00+05:30,2026-02-11 00:30:00+05:30,2122.82,177255.73,1953.0,2462.47,2007.4,167618.03,INTRADAY_SQUAREOFF,0.01,26.71,0.014315,2537.44,-137.96,2.91,-140.88,-140.88,2670.99,2530.11
402,ETH/INR,1h,SHORT,2026-02-11 08:30:00+05:30,2026-02-12 00:30:00+05:30,2013.16,168099.19,2174.22,1691.06,1943.28,162263.6,INTRADAY_SQUAREOFF,0.01,25.3,0.014299,2403.6,83.44,2.79,80.65,80.65,2530.11,2610.76
403,ETH/INR,1h,SHORT,2026-02-12 08:30:00+05:30,2026-02-13 00:30:00+05:30,1956.23,163345.16,2112.73,1643.23,1920.54,160365.29,INTRADAY_SQUAREOFF,0.01,26.11,0.015184,2480.22,45.25,2.9,42.35,42.35,2610.76,2653.11
404,ETH/INR,1h,SHORT,2026-02-13 06:30:00+05:30,2026-02-14 00:30:00+05:30,1928.67,161043.64,2082.96,1620.08,2057.59,171808.75,INTRADAY_SQUAREOFF,0.01,26.53,0.015651,2520.45,-168.48,3.07,-171.56,-171.56,2653.11,2481.55
405,ETH/INR,1h,LONG,2026-02-14 06:30:00+05:30,2026-02-15 00:30:00+05:30,2055.52,171635.83,1891.08,2384.4,2082.95,173926.32,INTRADAY_SQUAREOFF,0.01,24.82,0.013735,2357.48,31.46,2.8,28.66,28.66,2481.55,2510.21
406,ETH/INR,1h,SHORT,2026-02-15 23:30:00+05:30,2026-02-16 01:30:00+05:30,1959.21,163594.19,2115.95,1645.74,1942.61,162208.03,INTRADAY_SQUAREOFF,0.01,25.1,0.014577,2384.7,20.21,2.8,17.4,17.4,2510.21,2527.62
407,ETH/INR,1h,SHORT,2026-02-16 08:30:00+05:30,2026-02-17 00:30:00+05:30,1952.13,163003.14,2108.3,1639.79,1969.56,164458.39,INTRADAY_SQUAREOFF,0.01,25.28,0.014731,2401.24,-21.44,2.85,-24.28,-24.28,2527.62,2503.33
408,ETH/INR,1h,SHORT,2026-02-17 07:30:00+05:30,2026-02-18 00:30:00+05:30,1990.18,166179.97,2149.39,1671.75,2000.06,167004.63,INTRADAY_SQUAREOFF,0.01,25.03,0.014311,2378.17,-11.8,2.81,-14.61,-14.61,2503.33,2488.72
409,ETH/INR,1h,SHORT,2026-02-18 06:30:00+05:30,2026-02-19 00:30:00+05:30,1979.89,165320.57,2138.28,1663.11,1952.71,163051.53,INTRADAY_SQUAREOFF,0.01,24.89,0.014301,2364.28,32.45,2.77,29.68,29.68,2488.72,2518.4
410,ETH/INR,1h,SHORT,2026-02-19 14:30:00+05:30,2026-02-20 00:30:00+05:30,1966.08,164167.46,2123.36,1651.51,1940.08,161996.69,INTRADAY_SQUAREOFF,0.01,25.18,0.014573,2392.48,31.64,2.8,28.83,28.83,2518.4,2547.23
411,ETH/INR,1h,SHORT,2026-02-20 10:30:00+05:30,2026-02-21 00:30:00+05:30,1932.75,161384.54,2087.37,1623.51,1978.27,165185.19,INTRADAY_SQUAREOFF,0.01,25.47,0.014994,2419.87,-56.99,2.89,-59.88,-59.88,2547.23,2487.35
412,ETH/INR,1h,SHORT,2026-02-23 02:30:00+05:30,2026-02-24 00:30:00+05:30,1938.88,161896.61,2093.99,1628.66,1858.61,155194.27,INTRADAY_SQUAREOFF,0.01,24.87,0.014596,2362.98,97.82,2.73,95.09,95.09,2487.35,2582.45
413,ETH/INR,1h,LONG,2026-02-25 14:30:00+05:30,2026-02-26 00:30:00+05:30,1912.9,159726.87,1759.86,2218.96,2073.81,173162.99,INTRADAY_SQUAREOFF,0.01,25.82,0.015359,2453.32,206.37,3.02,203.36,203.36,2582.45,2785.8
414,ETH/INR,1h,LONG,2026-02-26 02:30:00+05:30,2026-02-27 00:30:00+05:30,2081.29,173787.64,1914.79,2414.3,2003.07,167256.29,INTRADAY_SQUAREOFF,0.01,27.86,0.015228,2646.51,-99.46,3.06,-102.53,-102.53,2785.8,2683.27
415,ETH/INR,1h,SHORT,2026-02-27 06:30:00+05:30,2026-02-28 00:30:00+05:30,2008.86,167740.13,2169.57,1687.45,1918.9,160228.11,INTRADAY_SQUAREOFF,0.01,26.83,0.015197,2549.11,114.16,2.94,111.22,111.22,2683.27,2794.49
416,ETH/INR,1h,SHORT,2026-02-28 09:30:00+05:30,2026-03-01 00:30:00+05:30,1921.28,160426.55,2074.98,1613.87,1937.35,161768.63,INTRADAY_SQUAREOFF,0.01,27.94,0.016548,2654.77,-22.21,3.15,-25.35,-25.35,2794.49,2769.14
417,ETH/INR,1h,LONG,2026-03-01 07:30:00+05:30,2026-03-02 00:30:00+05:30,2014.1,168177.27,1852.97,2336.35,1974.91,164904.71,INTRADAY_SQUAREOFF,0.01,27.69,0.015642,2630.68,-51.19,3.07,-54.26,-54.26,2769.14,2714.87
418,ETH/INR,1h,SHORT,2026-03-02 12:30:00+05:30,2026-03-03 00:30:00+05:30,1938.86,161894.67,2093.97,1628.64,2030.58,169553.24,INTRADAY_SQUAREOFF,0.01,27.15,0.015931,2579.13,-122.01,3.12,-125.12,-125.12,2714.87,2589.75
419,ETH/INR,1h,LONG,2026-03-04 19:30:00+05:30,2026-03-05 00:30:00+05:30,2068.85,172748.94,1903.34,2399.87,2161.34,180472.21,INTRADAY_SQUAREOFF,0.01,25.9,0.014242,2460.26,109.99,2.97,107.03,107.03,2589.75,2696.78
420,ETH/INR,1h,LONG,2026-03-05 10:30:00+05:30,2026-03-06 00:30:00+05:30,2143.05,178944.49,1971.6,2485.94,2075.54,173307.98,INTRADAY_SQUAREOFF,0.01,26.97,0.014317,2561.94,-80.7,2.98,-83.67,-83.67,2696.78,2613.1
421,ETH/INR,1h,SHORT,2026-03-07 05:30:00+05:30,2026-03-08 00:30:00+05:30,1976.85,165067.34,2135.0,1660.56,1972.21,164679.4,INTRADAY_SQUAREOFF,0.01,26.13,0.015039,2482.45,5.83,2.93,2.91,2.91,2613.1,2616.01
422,ETH/INR,1h,SHORT,2026-03-08 08:30:00+05:30,2026-03-09 00:30:00+05:30,1939.19,161922.53,2094.33,1628.92,1931.43,161274.81,INTRADAY_SQUAREOFF,0.01,26.16,0.015348,2485.21,9.94,2.93,7.01,7.01,2616.01,2623.03
423,ETH/INR,1h,LONG,2026-03-09 14:30:00+05:30,2026-03-10 00:30:00+05:30,1999.77,166980.63,1839.79,2319.73,2011.91,167994.55,INTRADAY_SQUAREOFF,0.01,26.23,0.014923,2491.87,15.13,2.95,12.18,12.18,2623.03,2635.21
424,ETH/INR,1h,LONG,2026-03-10 06:30:00+05:30,2026-03-11 00:30:00+05:30,2023.01,168920.99,1861.17,2346.69,2039.01,170257.35,INTRADAY_SQUAREOFF,0.01,26.35,0.01482,2503.45,19.81,2.97,16.84,16.84,2635.21,2652.05
425,ETH/INR,1h,LONG,2026-03-11 05:30:00+05:30,2026-03-12 00:30:00+05:30,2038.15,170185.42,1875.1,2364.25,2076.27,173368.54,INTRADAY_SQUAREOFF,0.01,26.52,0.014804,2519.44,47.12,3.0,44.12,44.12,2652.05,2696.17
426,ETH/INR,1h,LONG,2026-03-13 01:30:00+05:30,2026-03-14 00:30:00+05:30,2073.97,173176.44,1908.05,2405.8,2099.89,175340.71,INTRADAY_SQUAREOFF,0.01,26.96,0.01479,2561.36,32.01,3.04,28.97,28.97,2696.17,2725.14
427,ETH/INR,1h,SHORT,2026-03-14 10:30:00+05:30,2026-03-15 00:30:00+05:30,2088.1,174356.71,2255.15,1754.01,2078.46,173551.79,INTRADAY_SQUAREOFF,0.01,27.25,0.014848,2588.88,11.95,3.05,8.9,8.9,2725.14,2734.04
428,ETH/INR,1h,LONG,2026-03-15 14:30:00+05:30,2026-03-16 00:30:00+05:30,2114.12,176528.88,1944.99,2452.38,2099.41,175300.53,INTRADAY_SQUAREOFF,0.01,27.34,0.014713,2597.34,-18.07,3.05,-21.13,-21.13,2734.04,2712.92
429,ETH/INR,1h,LONG,2026-03-16 07:30:00+05:30,2026-03-17 00:30:00+05:30,2189.57,182828.73,2014.4,2539.9,2319.89,193711.2,INTRADAY_SQUAREOFF,0.01,27.13,0.014097,2577.27,153.41,3.13,150.27,150.27,2712.92,2863.19
430,ETH/INR,1h,LONG,2026-03-17 17:30:00+05:30,2026-03-18 00:30:00+05:30,2333.0,194805.37,2146.36,2706.28,2331.82,194706.83,INTRADAY_SQUAREOFF,0.01,28.63,0.013963,2720.03,-1.38,3.21,-4.58,-4.58,2863.19,2858.61
431,ETH/INR,1h,LONG,2026-03-18 14:30:00+05:30,2026-03-19 00:30:00+05:30,2326.22,194239.75,2140.13,2698.42,2182.8,182264.12,INTRADAY_SQUAREOFF,0.01,28.59,0.013981,2715.67,-167.43,3.11,-170.54,-170.54,2858.61,2688.07
432,ETH/INR,1h,SHORT,2026-03-19 10:30:00+05:30,2026-03-20 00:30:00+05:30,2191.18,182963.69,2366.48,1840.59,2128.34,177716.53,INTRADAY_SQUAREOFF,0.01,26.88,0.013957,2553.66,73.24,2.97,70.27,70.27,2688.07,2758.33
433,ETH/INR,1h,SHORT,2026-03-20 04:30:00+05:30,2026-03-21 00:30:00+05:30,2134.94,178267.54,2305.74,1793.35,2123.64,177324.32,INTRADAY_SQUAREOFF,0.01,27.58,0.014699,2620.42,13.86,3.08,10.78,10.78,2758.33,2769.11
434,ETH/INR,1h,SHORT,2026-03-21 05:30:00+05:30,2026-03-22 00:30:00+05:30,2143.45,178978.48,2314.93,1800.5,2152.25,179712.81,INTRADAY_SQUAREOFF,0.01,27.69,0.014698,2630.66,-10.79,3.11,-13.9,-13.9,2769.11,2755.21
435,ETH/INR,1h,SHORT,2026-03-22 04:30:00+05:30,2026-03-23 00:30:00+05:30,2148.61,179409.2,2320.5,1804.84,2072.41,173046.19,INTRADAY_SQUAREOFF,0.01,27.55,0.014589,2617.45,92.83,3.03,89.8,89.8,2755.21,2845.01
436,ETH/INR,1h,SHORT,2026-03-23 12:30:00+05:30,2026-03-24 00:30:00+05:30,2028.66,169393.28,2190.96,1704.08,2170.62,181247.01,INTRADAY_SQUAREOFF,0.01,28.45,0.015956,2702.76,-189.13,3.3,-192.43,-192.43,2845.01,2652.57
437,ETH/INR,1h,LONG,2026-03-24 13:30:00+05:30,2026-03-25 00:30:00+05:30,2169.03,181113.74,1995.5,2516.07,2116.91,176762.37,INTRADAY_SQUAREOFF,0.01,26.53,0.013914,2519.95,-60.54,2.94,-63.48,-63.48,2652.57,2589.09
438,ETH/INR,1h,SHORT,2026-03-26 15:30:00+05:30,2026-03-27 00:30:00+05:30,2076.22,173364.49,2242.32,1744.03,2046.53,170885.28,INTRADAY_SQUAREOFF,0.01,25.89,0.014188,2459.64,35.17,2.88,32.29,32.29,2589.09,2621.39
439,ETH/INR,1h,SHORT,2026-03-27 05:30:00+05:30,2026-03-28 00:30:00+05:30,2056.16,171689.04,2220.65,1727.17,1984.18,165678.62,INTRADAY_SQUAREOFF,0.01,26.21,0.014505,2490.32,87.18,2.89,84.29,84.29,2621.39,2705.68
440,ETH/INR,1h,SHORT,2026-03-28 14:30:00+05:30,2026-03-29 00:30:00+05:30,1996.74,166727.48,2156.48,1677.26,2021.93,168830.89,INTRADAY_SQUAREOFF,0.01,27.06,0.015417,2570.4,-32.43,3.05,-35.48,-35.48,2705.68,2670.2
441,ETH/INR,1h,LONG,2026-03-29 02:30:00+05:30,2026-03-30 00:30:00+05:30,2025.56,169134.46,1863.52,2349.65,1994.75,166561.59,INTRADAY_SQUAREOFF,0.01,26.7,0.014998,2536.69,-38.59,2.97,-41.56,-41.56,2670.2,2628.64
442,ETH/INR,1h,LONG,2026-03-30 13:30:00+05:30,2026-03-31 00:30:00+05:30,2059.52,171969.73,1894.76,2389.04,2029.31,169447.36,INTRADAY_SQUAREOFF,0.01,26.29,0.014521,2497.21,-36.63,2.93,-39.55,-39.55,2628.64,2589.09
443,ETH/INR,1h,SHORT,2026-03-31 10:30:00+05:30,2026-04-01 00:30:00+05:30,2055.19,171608.38,2219.61,1726.36,2099.2,175282.81,INTRADAY_SQUAREOFF,0.01,25.89,0.014333,2459.63,-52.66,2.93,-55.6,-55.6,2589.09,2533.49
444,ETH/INR,1h,LONG,2026-04-01 02:30:00+05:30,2026-04-02 00:30:00+05:30,2107.46,175972.78,1938.86,2444.65,2126.88,177594.12,INTRADAY_SQUAREOFF,0.01,25.33,0.013677,2406.81,22.18,2.85,19.32,19.32,2533.49,2552.81
445,ETH/INR,1h,LONG,2026-04-02 06:30:00+05:30,2026-04-03 00:30:00+05:30,2159.22,180295.03,1986.48,2504.7,2057.13,171770.47,INTRADAY_SQUAREOFF,0.01,25.53,0.013451,2425.17,-114.66,2.79,-117.46,-117.46,2552.81,2435.35
446,ETH/INR,1h,LONG,2026-04-03 17:30:00+05:30,2026-04-04 00:30:00+05:30,2064.98,172425.89,1899.78,2395.38,2047.73,170985.82,INTRADAY_SQUAREOFF,0.01,24.35,0.013418,2313.58,-19.32,2.72,-22.04,-22.04,2435.35,2413.31
447,ETH/INR,1h,LONG,2026-04-04 11:30:00+05:30,2026-04-05 00:30:00+05:30,2054.77,171573.42,1890.39,2383.53,2054.02,171510.41,INTRADAY_SQUAREOFF,0.01,24.13,0.013362,2292.65,-0.84,2.7,-3.55,-3.55,2413.31,2409.76
448,ETH/INR,1h,LONG,2026-04-06 04:30:00+05:30,2026-04-07 00:30:00+05:30,2086.47,174220.32,1919.55,2420.31,2143.79,179006.58,INTRADAY_SQUAREOFF,0.01,24.1,0.01314,2289.28,62.89,2.74,60.15,60.15,2409.76,2469.92
449,ETH/INR,1h,LONG,2026-04-07 02:30:00+05:30,2026-04-08 00:30:00+05:30,2154.04,179861.96,1981.71,2498.68,2084.72,174073.82,INTRADAY_SQUAREOFF,0.01,24.7,0.013046,2346.42,-75.51,2.72,-78.23,-78.23,2469.92,2391.68
450,ETH/INR,1h,LONG,2026-04-08 18:30:00+05:30,2026-04-09 00:30:00+05:30,2257.93,188536.82,2077.29,2619.19,2198.04,183536.39,INTRADAY_SQUAREOFF,0.01,23.92,0.012051,2272.1,-60.26,2.65,-62.91,-62.91,2391.68,2328.78
451,ETH/INR,1h,SHORT,2026-04-09 04:30:00+05:30,2026-04-10 00:30:00+05:30,2183.34,182309.17,2358.01,1834.01,2207.89,184359.12,INTRADAY_SQUAREOFF,0.01,23.29,0.012135,2212.34,-24.88,2.63,-27.5,-27.5,2328.78,2301.27
452,ETH/INR,1h,LONG,2026-04-10 10:30:00+05:30,2026-04-11 00:30:00+05:30,2197.25,183470.08,2021.47,2548.81,2248.86,187779.74,INTRADAY_SQUAREOFF,0.01,23.01,0.011916,2186.21,51.35,2.61,48.74,48.74,2301.27,2350.02
453,ETH/INR,1h,LONG,2026-04-11 17:30:00+05:30,2026-04-12 00:30:00+05:30,2248.71,187766.87,2068.81,2608.5,2303.59,192349.65,INTRADAY_SQUAREOFF,0.01,23.5,0.01189,2232.52,54.49,2.67,51.82,51.82,2350.02,2401.84
454,ETH/INR,1h,SHORT,2026-04-12 16:30:00+05:30,2026-04-13 00:30:00+05:30,2196.86,183438.22,2372.61,1845.37,2202.68,183923.87,INTRADAY_SQUAREOFF,0.01,24.02,0.012439,2281.75,-6.04,2.7,-8.74,-8.74,2401.84,2393.1
455,ETH/INR,1h,LONG,2026-04-14 04:30:00+05:30,2026-04-15 00:30:00+05:30,2362.75,197289.7,2173.73,2740.79,2312.68,193109.04,INTRADAY_SQUAREOFF,0.01,23.93,0.011523,2273.45,-48.18,2.65,-50.83,-50.83,2393.1,2342.27
456,ETH/INR,1h,SHORT,2026-04-15 11:30:00+05:30,2026-04-16 00:30:00+05:30,2314.47,193258.42,2499.63,1944.16,2360.7,197118.43,INTRADAY_SQUAREOFF,0.01,23.42,0.011514,2225.16,-44.44,2.65,-47.1,-47.1,2342.27,2295.18
457,ETH/INR,1h,LONG,2026-04-17 12:30:00+05:30,2026-04-18 00:30:00+05:30,2334.1,194897.05,2147.37,2707.55,2420.5,202111.68,INTRADAY_SQUAREOFF,0.01,22.95,0.011188,2180.42,80.71,2.62,78.09,78.09,2295.18,2373.27
458,ETH/INR,1h,SHORT,2026-04-19 22:30:00+05:30,2026-04-20 00:30:00+05:30,2305.15,192479.77,2489.56,1936.32,2299.82,192034.91,INTRADAY_SQUAREOFF,0.01,23.73,0.011713,2254.61,5.21,2.66,2.55,2.55,2373.27,2375.82
459,ETH/INR,1h,SHORT,2026-04-20 03:30:00+05:30,2026-04-21 00:30:00+05:30,2274.16,189892.56,2456.1,1910.3,2337.07,195145.17,INTRADAY_SQUAREOFF,0.01,23.76,0.011886,2257.03,-62.43,2.7,-65.13,-65.13,2375.82,2310.69
460,ETH/INR,1h,LONG,2026-04-22 17:30:00+05:30,2026-04-23 00:30:00+05:30,2402.89,200641.38,2210.66,2787.35,2394.27,199921.73,INTRADAY_SQUAREOFF,0.01,23.11,0.010941,2195.16,-7.87,2.59,-10.46,-10.46,2310.69,2300.23
461,ETH/INR,1h,SHORT,2026-04-23 13:30:00+05:30,2026-04-24 00:30:00+05:30,2340.96,195470.06,2528.24,1966.41,2306.94,192629.73,INTRADAY_SQUAREOFF,0.01,23.0,0.011179,2185.22,31.75,2.56,29.19,29.19,2300.23,2329.43
462,ETH/INR,1h,SHORT,2026-04-24 08:30:00+05:30,2026-04-25 00:30:00+05:30,2315.37,193333.54,2500.6,1944.91,2322.82,193955.53,INTRADAY_SQUAREOFF,0.01,23.29,0.011446,2212.96,-7.12,2.62,-9.73,-9.73,2329.43,2319.69
463,ETH/INR,1h,SHORT,2026-04-25 03:30:00+05:30,2026-04-26 00:30:00+05:30,2312.67,193108.21,2497.69,1942.65,2312.86,193123.46,INTRADAY_SQUAREOFF,0.01,23.2,0.011412,2203.71,-0.17,2.6,-2.77,-2.77,2319.69,2316.92
464,ETH/INR,1h,SHORT,2026-04-26 07:30:00+05:30,2026-04-27 00:30:00+05:30,2312.92,193129.07,2497.96,1942.86,2364.19,197409.99,INTRADAY_SQUAREOFF,0.01,23.17,0.011397,2201.07,-48.79,2.63,-51.42,-51.42,2316.92,2265.5
465,ETH/INR,1h,LONG,2026-04-27 06:30:00+05:30,2026-04-28 00:30:00+05:30,2393.58,199863.6,2202.09,2776.55,2286.81,190948.3,INTRADAY_SQUAREOFF,0.01,22.66,0.010768,2152.23,-96.0,2.48,-98.49,-98.49,2265.5,2167.01
466,ETH/INR,1h,SHORT,2026-04-28 03:30:00+05:30,2026-04-29 00:30:00+05:30,2285.49,190838.13,2468.33,1919.81,2298.02,191884.55,INTRADAY_SQUAREOFF,0.01,21.67,0.010787,2058.66,-11.29,2.44,-13.72,-13.72,2167.01,2153.29
467,ETH/INR,1h,SHORT,2026-04-29 04:30:00+05:30,2026-04-30 00:30:00+05:30,2284.07,190719.62,2466.79,1918.62,2240.13,187050.81,INTRADAY_SQUAREOFF,0.01,21.53,0.010726,2045.63,39.35,2.39,36.96,36.96,2153.29,2190.25
468,ETH/INR,1h,SHORT,2026-04-30 08:30:00+05:30,2026-05-01 00:30:00+05:30,2234.55,186585.1,2413.32,1877.02,2259.56,188673.19,INTRADAY_SQUAREOFF,0.01,21.9,0.011152,2080.74,-23.29,2.47,-25.75,-25.75,2190.25,2164.5
469,ETH/INR,1h,SHORT,2026-05-01 03:30:00+05:30,2026-05-02 00:30:00+05:30,2252.38,188074.0,2432.57,1892.0,2306.04,192554.54,INTRADAY_SQUAREOFF,0.01,21.64,0.010933,2056.27,-48.99,2.46,-51.44,-51.44,2164.5,2113.05
470,ETH/INR,1h,LONG,2026-05-02 12:30:00+05:30,2026-05-03 00:30:00+05:30,2306.78,192616.36,2122.24,2675.87,2309.11,192811.09,INTRADAY_SQUAREOFF,0.01,21.13,0.010422,2007.4,2.03,2.37,-0.34,-0.34,2113.05,2112.71
471,ETH/INR,1h,LONG,2026-05-04 01:30:00+05:30,2026-05-05 00:30:00+05:30,2338.68,195279.68,2151.58,2712.87,2360.99,197142.57,INTRADAY_SQUAREOFF,0.01,21.13,0.010278,2007.08,19.15,2.38,16.77,16.77,2112.71,2129.48
472,ETH/INR,1h,LONG,2026-05-05 06:30:00+05:30,2026-05-06 05:30:00+05:30,2360.62,197111.74,2171.77,2738.32,2358.53,196937.26,INTRADAY_SQUAREOFF,0.01,21.29,0.010263,2023.01,-1.79,2.39,-4.18,-4.18,2129.48,2125.3
473,ETH/INR,1h,LONG,2026-05-06 12:30:00+05:30,2026-05-07 00:30:00+05:30,2372.17,198075.82,2182.39,2751.71,2343.51,195682.88,INTRADAY_SQUAREOFF,0.01,21.25,0.010193,2019.04,-24.39,2.37,-26.76,-26.76,2125.3,2098.54
474,ETH/INR,1h,SHORT,2026-05-07 06:30:00+05:30,2026-05-08 00:30:00+05:30,2328.24,194407.64,2514.49,1955.72,2297.07,191805.17,INTRADAY_SQUAREOFF,0.01,20.99,0.010255,1993.62,26.69,2.34,24.35,24.35,2098.54,2122.9
475,ETH/INR,1h,SHORT,2026-05-08 08:30:00+05:30,2026-05-09 00:30:00+05:30,2269.6,189511.37,2451.17,1906.46,2314.74,193280.53,INTRADAY_SQUAREOFF,0.01,21.23,0.010642,2016.75,-40.11,2.4,-42.51,-42.51,2122.9,2080.38
476,ETH/INR,1h,LONG,2026-05-09 21:30:00+05:30,2026-05-10 00:30:00+05:30,2318.89,193627.22,2133.38,2689.91,2328.99,194471.07,INTRADAY_SQUAREOFF,0.01,20.8,0.010207,1976.36,8.61,2.34,6.28,6.28,2080.38,2086.66
477,ETH/INR,1h,LONG,2026-05-10 08:30:00+05:30,2026-05-11 00:30:00+05:30,2328.8,194455.11,2142.5,2701.41,2357.19,196825.44,INTRADAY_SQUAREOFF,0.01,20.87,0.010194,1982.32,24.16,2.35,21.81,21.81,2086.66,2108.47
478,ETH/INR,1h,LONG,2026-05-11 17:30:00+05:30,2026-05-12 00:30:00+05:30,2336.94,195134.32,2149.98,2710.85,2334.46,194927.58,INTRADAY_SQUAREOFF,0.01,21.08,0.010265,2003.04,-2.12,2.36,-4.48,-4.48,2108.47,2103.98
479,ETH/INR,1h,SHORT,2026-05-12 12:30:00+05:30,2026-05-13 00:30:00+05:30,2300.86,192121.73,2484.93,1932.72,2280.56,190426.73,INTRADAY_SQUAREOFF,0.01,21.04,0.010404,1998.78,17.63,2.35,15.29,15.29,2103.98,2119.27
480,ETH/INR,1h,SHORT,2026-05-13 11:30:00+05:30,2026-05-14 00:30:00+05:30,2294.47,191588.44,2478.03,1927.36,2259.73,188687.4,INTRADAY_SQUAREOFF,0.01,21.19,0.010508,2013.31,30.49,2.36,28.13,28.13,2119.27,2147.4
481,ETH/INR,1h,SHORT,2026-05-14 03:30:00+05:30,2026-05-15 00:30:00+05:30,2252.23,188061.49,2432.41,1891.88,2311.27,192990.64,INTRADAY_SQUAREOFF,0.01,21.47,0.010848,2040.03,-53.47,2.44,-55.91,-55.91,2147.4,2091.49
482,ETH/INR,1h,SHORT,2026-05-16 01:30:00+05:30,2026-05-17 00:30:00+05:30,2219.45,185324.06,2397.01,1864.34,2181.66,182168.64,INTRADAY_SQUAREOFF,0.01,20.91,0.010721,1986.91,33.83,2.32,31.51,31.51,2091.49,2122.99
483,ETH/INR,1h,SHORT,2026-05-17 04:30:00+05:30,2026-05-18 00:30:00+05:30,2177.61,181830.49,2351.82,1829.19,2188.76,182761.77,INTRADAY_SQUAREOFF,0.01,21.23,0.011092,2016.84,-10.33,2.39,-12.72,-12.72,2122.99,2110.28
484,ETH/INR,1h,SHORT,2026-05-19 00:30:00+05:30,2026-05-20 00:30:00+05:30,2076.96,173426.24,2243.12,1744.65,2115.02,176603.91,INTRADAY_SQUAREOFF,0.01,21.1,0.01156,2004.76,-36.73,2.39,-39.12,-39.12,2110.28,2071.16
485,ETH/INR,1h,SHORT,2026-05-20 19:30:00+05:30,2026-05-21 00:30:00+05:30,2113.37,176466.62,2282.44,1775.23,2130.55,177901.32,INTRADAY_SQUAREOFF,0.01,20.71,0.01115,1967.6,-16.0,2.33,-18.33,-18.33,2071.16,2052.83
486,ETH/INR,1h,SHORT,2026-05-22 10:30:00+05:30,2026-05-23 00:30:00+05:30,2129.49,177812.81,2299.85,1788.78,2098.76,175246.36,INTRADAY_SQUAREOFF,0.01,20.53,0.010968,1950.19,28.15,2.28,25.86,25.86,2052.83,2078.69
487,ETH/INR,1h,SHORT,2026-05-23 12:30:00+05:30,2026-05-24 00:30:00+05:30,2057.08,171766.27,2221.65,1727.95,2072.81,173079.29,INTRADAY_SQUAREOFF,0.01,20.79,0.011497,1974.76,-15.1,2.34,-17.43,-17.43,2078.69,2061.26
488,ETH/INR,1h,LONG,2026-05-24 12:30:00+05:30,2026-05-25 00:30:00+05:30,2128.01,177689.12,1957.77,2468.5,2096.22,175034.49,INTRADAY_SQUAREOFF,0.01,20.61,0.01102,1958.2,-29.25,2.29,-31.55,-31.55,2061.26,2029.71
489,ETH/INR,1h,SHORT,2026-05-25 07:30:00+05:30,2026-05-26 00:30:00+05:30,2089.78,174497.02,2256.97,1755.42,2126.04,177524.55,INTRADAY_SQUAREOFF,0.01,20.3,0.01105,1928.22,-33.45,2.3,-35.75,-35.75,2029.71,1993.96
490,ETH/INR,1h,SHORT,2026-05-27 09:30:00+05:30,2026-05-28 00:30:00+05:30,2065.42,172462.3,2230.65,1734.95,2053.84,171495.34,INTRADAY_SQUAREOFF,0.01,19.94,0.010984,1894.26,10.62,2.23,8.39,8.39,1993.96,2002.35
491,ETH/INR,1h,SHORT,2026-05-28 03:30:00+05:30,2026-05-29 00:30:00+05:30,2011.99,168001.46,2172.95,1690.07,2022.44,168873.8,INTRADAY_SQUAREOFF,0.01,20.02,0.011323,1902.23,-9.88,2.25,-12.13,-12.13,2002.35,1990.22
492,ETH/INR,1h,LONG,2026-05-30 15:30:00+05:30,2026-05-31 00:30:00+05:30,2015.56,168299.04,1854.31,2338.05,2023.5,168962.06,INTRADAY_SQUAREOFF,0.01,19.9,0.011234,1890.71,7.45,2.24,5.21,5.21,1990.22,1995.44
493,ETH/INR,1h,LONG,2026-05-31 06:30:00+05:30,2026-06-01 00:30:00+05:30,2025.75,169150.32,1863.69,2349.87,1997.28,166772.95,INTRADAY_SQUAREOFF,0.01,19.95,0.011207,1895.67,-26.64,2.22,-28.86,-28.86,1995.44,1966.57
494,ETH/INR,1h,SHORT,2026-06-01 07:30:00+05:30,2026-06-02 00:30:00+05:30,1990.2,166182.06,2149.42,1671.77,1991.51,166290.69,INTRADAY_SQUAREOFF,0.01,19.67,0.011242,1868.24,-1.22,2.21,-3.43,-3.43,1966.57,1963.15
495,ETH/INR,1h,SHORT,2026-06-02 03:30:00+05:30,2026-06-03 00:30:00+05:30,1988.65,166051.87,2147.74,1670.46,1910.75,159548.04,INTRADAY_SQUAREOFF,0.01,19.63,0.011231,1864.99,73.05,2.16,70.89,70.89,1963.15,2034.04
496,ETH/INR,1h,SHORT,2026-06-03 08:30:00+05:30,2026-06-04 00:30:00+05:30,1847.99,154306.8,1995.82,1552.31,1830.7,152863.86,INTRADAY_SQUAREOFF,0.01,20.34,0.012523,1932.33,18.07,2.27,15.8,15.8,2034.04,2049.84
497,ETH/INR,1h,SHORT,2026-06-04 13:30:00+05:30,2026-06-05 00:30:00+05:30,1770.92,147872.17,1912.6,1487.58,1774.0,148128.71,INTRADAY_SQUAREOFF,0.01,20.5,0.013169,1947.34,-3.38,2.3,-5.68,-5.68,2049.84,2044.16
498,ETH/INR,1h,SHORT,2026-06-05 03:30:00+05:30,2026-06-06 00:30:00+05:30,1755.79,146608.61,1896.26,1474.87,1552.3,129616.7,INTRADAY_SQUAREOFF,0.01,20.44,0.013246,1941.95,225.07,2.16,222.91,222.91,2044.16,2267.07
499,ETH/INR,1h,SHORT,2026-06-06 15:30:00+05:30,2026-06-07 00:30:00+05:30,1564.56,130640.53,1689.72,1314.23,1556.84,129995.98,INTRADAY_SQUAREOFF,0.01,22.67,0.016486,2153.72,10.63,2.54,8.09,8.09,2267.07,2275.16
500,ETH/INR,1h,LONG,2026-06-08 03:30:00+05:30,2026-06-09 00:30:00+05:30,1635.95,136601.62,1505.07,1897.7,1682.75,140509.47,INTRADAY_SQUAREOFF,0.01,22.75,0.015823,2161.4,61.83,2.59,59.25,59.25,2275.16,2334.41
501,ETH/INR,1h,SHORT,2026-06-10 04:30:00+05:30,2026-06-11 00:30:00+05:30,1637.67,136745.51,1768.68,1375.64,1629.55,136067.79,INTRADAY_SQUAREOFF,0.01,23.34,0.016218,2217.69,10.99,2.61,8.38,8.38,2334.41,2342.79
502,ETH/INR,1h,SHORT,2026-06-11 03:30:00+05:30,2026-06-12 00:30:00+05:30,1602.56,133813.62,1730.76,1346.15,1682.41,140481.3,INTRADAY_SQUAREOFF,0.01,23.43,0.016632,2225.65,-110.9,2.69,-113.59,-113.59,2342.79,2229.2
503,ETH/INR,1h,LONG,2026-06-12 08:30:00+05:30,2026-06-13 00:30:00+05:30,1676.33,139973.37,1542.22,1944.54,1664.91,139019.74,INTRADAY_SQUAREOFF,0.01,22.29,0.01513,2117.74,-14.43,2.49,-16.92,-16.92,2229.2,2212.28
504,ETH/INR,1h,LONG,2026-06-13 07:30:00+05:30,2026-06-14 00:30:00+05:30,1675.33,139889.82,1541.3,1943.38,1676.67,140002.05,INTRADAY_SQUAREOFF,0.01,22.12,0.015024,2101.66,1.69,2.48,-0.79,-0.79,2212.28,2211.48
505,ETH/INR,1h,LONG,2026-06-14 15:30:00+05:30,2026-06-15 00:30:00+05:30,1678.44,140149.64,1544.16,1946.99,1659.9,138601.62,INTRADAY_SQUAREOFF,0.01,22.11,0.01499,2100.91,-23.21,2.47,-25.67,-25.67,2211.48,2185.81
506,ETH/INR,1h,LONG,2026-06-15 17:30:00+05:30,2026-06-16 00:30:00+05:30,1767.87,147617.44,1626.44,2050.73,1825.49,152428.15,INTRADAY_SQUAREOFF,0.01,21.86,0.014067,2076.52,67.67,2.49,65.18,65.18,2185.81,2250.99
507,ETH/INR,1h,LONG,2026-06-16 23:30:00+05:30,2026-06-17 01:30:00+05:30,1799.11,150225.61,1655.18,2086.97,1791.88,149622.28,INTRADAY_SQUAREOFF,0.01,22.51,0.014235,2138.44,-8.59,2.52,-11.11,-11.11,2250.99,2239.89
508,ETH/INR,1h,SHORT,2026-06-18 01:30:00+05:30,2026-06-19 00:30:00+05:30,1726.8,144187.48,1864.94,1450.51,1684.24,140634.18,INTRADAY_SQUAREOFF,0.01,22.4,0.014758,2127.89,52.44,2.48,49.96,49.96,2239.89,2289.85
509,ETH/INR,1h,SHORT,2026-06-19 15:30:00+05:30,2026-06-20 00:30:00+05:30,1686.2,140797.41,1821.09,1416.41,1702.07,142122.89,INTRADAY_SQUAREOFF,0.01,22.9,0.01545,2175.35,-20.48,2.58,-23.06,-23.06,2289.85,2266.79
510,ETH/INR,1h,SHORT,2026-06-20 08:30:00+05:30,2026-06-21 00:30:00+05:30,1701.61,142084.33,1837.74,1429.35,1725.16,144051.04,INTRADAY_SQUAREOFF,0.01,22.67,0.015156,2153.45,-29.81,2.56,-32.37,-32.37,2266.79,2234.42
511,ETH/INR,1h,LONG,2026-06-21 20:30:00+05:30,2026-06-22 00:30:00+05:30,1727.25,144225.64,1589.07,2003.61,1732.73,144683.22,INTRADAY_SQUAREOFF,0.01,22.34,0.014718,2122.7,6.73,2.51,4.23,4.23,2234.42,2238.65
512,ETH/INR,1h,LONG,2026-06-22 19:30:00+05:30,2026-06-23 00:30:00+05:30,1778.3,148487.94,1636.03,2062.83,1730.6,144505.45,INTRADAY_SQUAREOFF,0.01,22.39,0.014322,2126.71,-57.04,2.48,-59.52,-59.52,2238.65,2179.13
513,ETH/INR,1h,SHORT,2026-06-23 10:30:00+05:30,2026-06-24 00:30:00+05:30,1715.7,143261.1,1852.96,1441.19,1653.85,138096.19,INTRADAY_SQUAREOFF,0.01,21.79,0.01445,2070.18,74.63,2.4,72.24,72.24,2179.13,2251.37
514,ETH/INR,1h,SHORT,2026-06-24 08:30:00+05:30,2026-06-25 00:30:00+05:30,1660.71,138669.22,1793.57,1395.0,1571.46,131216.52,INTRADAY_SQUAREOFF,0.01,22.51,0.015424,2138.8,114.95,2.46,112.49,112.49,2251.37,2363.86
515,ETH/INR,1h,SHORT,2026-06-26 14:30:00+05:30,2026-06-27 00:30:00+05:30,1560.42,130295.02,1685.25,1310.75,1571.15,131190.62,INTRADAY_SQUAREOFF,0.01,23.64,0.017235,2245.67,-15.44,2.66,-18.09,-18.09,2363.86,2345.77
516,ETH/INR,1h,SHORT,2026-06-29 10:30:00+05:30,2026-06-30 00:30:00+05:30,1571.35,131208.05,1697.06,1319.94,1619.17,135200.63,INTRADAY_SQUAREOFF,0.01,23.46,0.016984,2228.48,-67.81,2.67,-70.48,-70.48,2345.77,2275.29
517,ETH/INR,1h,SHORT,2026-07-01 03:30:00+05:30,2026-07-02 00:30:00+05:30,1566.58,130809.12,1691.9,1315.92,1615.77,134916.58,INTRADAY_SQUAREOFF,0.01,22.75,0.016524,2161.52,-67.87,2.59,-70.46,-70.46,2275.29,2204.82
518,ETH/INR,1h,LONG,2026-07-02 07:30:00+05:30,2026-07-03 00:30:00+05:30,1623.21,135538.14,1493.35,1882.93,1699.89,141940.78,INTRADAY_SQUAREOFF,0.01,22.05,0.015454,2094.58,98.95,2.53,96.42,96.42,2204.82,2301.24
519,ETH/INR,1h,LONG,2026-07-03 07:30:00+05:30,2026-07-04 00:30:00+05:30,1716.7,143344.27,1579.36,1991.37,1736.28,144979.5,INTRADAY_SQUAREOFF,0.01,23.01,0.015251,2186.18,24.94,2.59,22.34,22.34,2301.24,2323.58
520,ETH/INR,1h,LONG,2026-07-04 10:30:00+05:30,2026-07-05 00:30:00+05:30,1763.38,147242.33,1622.31,2045.52,1791.33,149576.38,INTRADAY_SQUAREOFF,0.01,23.24,0.014992,2207.4,34.99,2.63,32.37,32.37,2323.58,2355.95
521,ETH/INR,1h,LONG,2026-07-07 12:30:00+05:30,2026-07-08 00:30:00+05:30,1781.81,148781.18,1639.27,2066.9,1784.0,148963.8,INTRADAY_SQUAREOFF,0.01,23.56,0.015043,2238.15,2.75,2.64,0.1,0.1,2355.95,2356.05
522,ETH/INR,1h,SHORT,2026-07-09 07:30:00+05:30,2026-07-10 00:30:00+05:30,1727.84,144274.27,1866.06,1451.38,1751.2,146224.79,INTRADAY_SQUAREOFF,0.01,23.56,0.015514,2238.25,-30.26,2.66,-32.92,-32.92,2356.05,2323.13
523,ETH/INR,1h,LONG,2026-07-10 15:30:00+05:30,2026-07-11 00:30:00+05:30,1794.28,149822.1,1650.73,2081.36,1782.21,148814.4,INTRADAY_SQUAREOFF,0.01,23.23,0.014731,2206.98,-14.84,2.6,-17.44,-17.44,2323.13,2305.69
524,ETH/INR,1h,LONG,2026-07-11 05:30:00+05:30,2026-07-12 00:30:00+05:30,1797.57,150096.96,1653.76,2085.18,1823.81,152287.94,INTRADAY_SQUAREOFF,0.01,23.06,0.014593,2190.41,31.97,2.6,29.37,29.37,2305.69,2335.06
525,ETH/INR,1h,SHORT,2026-07-14 13:30:00+05:30,2026-07-15 00:30:00+05:30,1776.1,148304.47,1918.19,1491.93,1874.6,156528.84,INTRADAY_SQUAREOFF,0.01,23.35,0.014958,2218.31,-123.02,2.69,-125.71,-125.71,2335.06,2209.36
526,ETH/INR,1h,LONG,2026-07-15 05:30:00+05:30,2026-07-16 00:30:00+05:30,1893.03,158067.67,1741.58,2195.91,1922.07,160492.72,INTRADAY_SQUAREOFF,0.01,22.09,0.013278,2098.89,32.2,2.5,29.71,29.71,2209.36,2239.06
527,ETH/INR,1h,LONG,2026-07-16 08:30:00+05:30,2026-07-17 00:30:00+05:30,1925.66,160792.8,1771.61,2233.77,1873.8,156462.52,INTRADAY_SQUAREOFF,0.01,22.39,0.013229,2127.11,-57.28,2.48,-59.76,-59.76,2239.06,2179.3
528,ETH/INR,1h,SHORT,2026-07-17 04:30:00+05:30,2026-07-18 00:30:00+05:30,1865.97,155808.21,2015.24,1567.41,1846.49,154182.14,INTRADAY_SQUAREOFF,0.01,21.79,0.013288,2070.33,21.61,2.43,19.18,19.18,2179.3,2198.48
529,ETH/INR,1h,LONG,2026-07-20 23:30:00+05:30,2026-07-21 01:30:00+05:30,1909.35,159431.08,1756.61,2214.85,1897.7,158458.01,INTRADAY_SQUAREOFF,0.01,21.98,0.0131,2088.55,-12.75,2.46,-15.2,-15.2,2198.48,2183.27
530,ETH/INR,1h,LONG,2026-07-21 06:30:00+05:30,2026-07-22 00:30:00+05:30,1917.76,160132.83,1764.34,2224.6,1917.6,160119.67,INTRADAY_SQUAREOFF,0.01,21.83,0.012952,2074.11,-0.17,2.45,-2.62,-2.62,2183.27,2180.65
531,ETH/INR,1h,LONG,2026-07-22 05:30:00+05:30,2026-07-23 00:30:00+05:30,1930.79,161221.37,1776.33,2239.72,1928.93,161065.24,INTRADAY_SQUAREOFF,0.01,21.81,0.01285,2071.62,-2.01,2.44,-4.45,-4.45,2180.65,2176.2
532,ETH/INR,1h,LONG,2026-07-23 03:30:00+05:30,2026-07-24 00:30:00+05:30,1939.6,161956.54,1784.43,2249.94,1879.38,156928.21,INTRADAY_SQUAREOFF,0.01,21.76,0.012765,2067.39,-64.19,2.4,-66.59,-66.59,2176.2,2109.62
533,ETH/INR,1h,SHORT,2026-07-24 14:30:00+05:30,2026-07-25 00:30:00+05:30,1884.15,157326.31,2034.88,1582.68,1862.37,155507.95,INTRADAY_SQUAREOFF,0.01,21.1,0.012739,2004.13,23.16,2.35,20.81,20.81,2109.62,2130.43
534,ETH/INR,1h,SHORT,2026-07-25 03:30:00+05:30,2026-07-26 00:30:00+05:30,1854.43,154845.1,2002.79,1557.72,1874.64,156532.17,INTRADAY_SQUAREOFF,0.01,21.3,0.013071,2023.91,-22.05,2.4,-24.45,-24.45,2130.43,2105.98
535,ETH/INR,1h,LONG,2026-07-26 04:30:00+05:30,2026-07-27 00:30:00+05:30,1876.3,156670.86,1726.19,2176.51,1911.78,159633.93,INTRADAY_SQUAREOFF,0.01,21.06,0.01277,2000.68,37.84,2.38,35.46,35.46,2105.98,2141.43
536,ETH/INR,1h,LONG,2026-07-27 04:30:00+05:30,2026-07-28 00:30:00+05:30,1951.96,162988.28,1795.8,2264.27,1936.23,161675.32,INTRADAY_SQUAREOFF,0.01,21.41,0.012482,2034.36,-16.39,2.39,-18.78,-18.78,2141.43,2122.65
537,ETH/INR,1h,SHORT,2026-07-28 06:30:00+05:30,2026-07-29 00:30:00+05:30,1875.23,156581.87,2025.25,1575.19,1910.26,159507.1,INTRADAY_SQUAREOFF,0.01,21.23,0.012878,2016.52,-37.67,2.4,-40.07,-40.07,2122.65,2082.58
538,ETH/INR,1h,LONG,2026-07-29 12:30:00+05:30,2026-07-30 00:30:00+05:30,1919.86,160308.27,1766.27,2227.04,1917.74,160131.34,INTRADAY_SQUAREOFF,0.01,20.83,0.012342,1978.45,-2.18,2.33,-4.52,-4.52,2082.58,2078.06
539,ETH/INR,1h,LONG,2026-07-30 03:30:00+05:30,2026-07-31 00:30:00+05:30,1897.14,158411.03,1745.37,2200.68,1913.28,159759.12,INTRADAY_SQUAREOFF,0.01,20.78,0.012462,1974.16,16.8,2.34,14.46,14.46,2078.06,2092.52
540,ETH/INR,1h,SHORT,2026-07-31 19:30:00+05:30,2026-08-01 00:30:00+05:30,1861.66,155448.5,2010.59,1563.79,1871.04,156231.42,INTRADAY_SQUAREOFF,0.01,20.93,0.012788,1987.9,-10.01,2.35,-12.36,-12.36,2092.52,2080.16
541,ETH/INR,1h,LONG,2026-08-02 10:30:00+05:30,2026-08-03 00:30:00+05:30,1881.16,157076.87,1730.67,2182.15,1872.69,156369.88,INTRADAY_SQUAREOFF,0.01,20.8,0.012581,1976.15,-8.89,2.33,-11.22,-11.22,2080.16,2068.94
542,ETH/INR,1h,LONG,2026-08-06 17:30:00+05:30,2026-08-07 00:30:00+05:30,1908.41,159352.54,1755.74,2213.76,1904.11,158992.98,INTRADAY_SQUAREOFF,0.01,20.69,0.012334,1965.49,-4.43,2.32,-6.75,-6.75,2068.94,2062.19
543,ETH/INR,1h,LONG,2026-08-08 01:30:00+05:30,2026-08-09 00:30:00+05:30,1920.16,160333.32,1766.55,2227.39,1919.14,160248.18,INTRADAY_SQUAREOFF,0.01,20.62,0.012219,1959.08,-1.04,2.31,-3.35,-3.35,2062.19,2058.83
544,ETH/INR,1h,LONG,2026-08-09 12:30:00+05:30,2026-08-10 00:30:00+05:30,1919.08,160243.1,1765.55,2226.13,1919.17,160250.69,INTRADAY_SQUAREOFF,0.01,20.59,0.012206,1955.89,0.09,2.31,-2.22,-2.22,2058.83,2056.62
545,ETH/INR,1h,SHORT,2026-08-11 03:30:00+05:30,2026-08-12 00:30:00+05:30,1870.95,156224.66,2020.63,1571.6,1865.03,155730.17,INTRADAY_SQUAREOFF,0.01,20.57,0.012506,1953.79,6.18,2.3,3.88,3.88,2056.62,2060.5
546,ETH/INR,1h,SHORT,2026-08-13 14:30:00+05:30,2026-08-14 00:30:00+05:30,1886.06,157485.72,2036.94,1584.29,1884.81,157381.8,INTRADAY_SQUAREOFF,0.01,20.61,0.01243,1957.48,1.29,2.31,-1.02,-1.02,2060.5,2059.48
547,ETH/INR,1h,SHORT,2026-08-14 09:30:00+05:30,2026-08-15 00:30:00+05:30,1880.01,156980.79,2030.41,1579.21,1874.47,156517.98,INTRADAY_SQUAREOFF,0.01,20.59,0.012463,1956.51,5.77,2.31,3.46,3.46,2059.48,2062.95
548,ETH/INR,1h,SHORT,2026-08-15 09:30:00+05:30,2026-08-16 00:30:00+05:30,1879.92,156973.28,2030.31,1579.13,1881.74,157125.33,INTRADAY_SQUAREOFF,0.01,20.63,0.012485,1959.8,-1.9,2.31,-4.21,-4.21,2062.95,2058.73
549,ETH/INR,1h,LONG,2026-08-17 16:30:00+05:30,2026-08-18 00:30:00+05:30,1908.22,159336.68,1755.57,2213.54,1907.0,159234.16,INTRADAY_SQUAREOFF,0.01,20.59,0.012275,1955.8,-1.26,2.31,-3.57,-3.57,2058.73,2055.17
550,ETH/INR,1h,LONG,2026-08-18 14:30:00+05:30,2026-08-19 00:30:00+05:30,1900.97,158731.0,1748.89,2205.13,1914.04,159822.55,INTRADAY_SQUAREOFF,0.01,20.55,0.0123,1952.41,13.43,2.31,11.11,11.11,2055.17,2066.28
551,ETH/INR,1h,LONG,2026-08-19 12:30:00+05:30,2026-08-20 00:30:00+05:30,1917.82,160137.84,1764.39,2224.67,2090.22,174533.74,INTRADAY_SQUAREOFF,0.01,20.66,0.012258,1962.97,176.46,2.42,174.04,174.04,2066.28,2240.33
552,ETH/INR,1h,LONG,2026-08-20 12:30:00+05:30,2026-08-21 00:30:00+05:30,2266.68,189268.02,2085.35,2629.35,2315.36,193332.71,INTRADAY_SQUAREOFF,0.01,22.4,0.011245,2128.31,45.71,2.54,43.17,43.17,2240.33,2283.5
553,ETH/INR,1h,LONG,2026-08-21 11:30:00+05:30,2026-08-22 00:30:00+05:30,2368.78,197793.46,2179.28,2747.79,2418.58,201951.44,INTRADAY_SQUAREOFF,0.01,22.83,0.010968,2169.32,45.6,2.59,43.02,43.02,2283.5,2326.51
554,ETH/INR,1h,LONG,2026-08-22 02:30:00+05:30,2026-08-23 00:30:00+05:30,2448.56,204455.07,2252.68,2840.33,2425.94,202565.68,INTRADAY_SQUAREOFF,0.01,23.27,0.01081,2210.19,-20.42,2.6,-23.02,-23.02,2326.51,2303.49
555,ETH/INR,1h,LONG,2026-08-24 15:30:00+05:30,2026-08-25 00:30:00+05:30,2466.12,205921.22,2268.83,2860.7,2473.35,206524.96,INTRADAY_SQUAREOFF,0.01,23.03,0.010627,2188.32,6.42,2.59,3.83,3.83,2303.49,2307.32
556,ETH/INR,1h,LONG,2026-08-25 03:30:00+05:30,2026-08-26 00:30:00+05:30,2487.72,207724.89,2288.71,2885.76,2466.17,205924.88,INTRADAY_SQUAREOFF,0.01,23.07,0.010552,2191.96,-18.99,2.58,-21.57,-21.57,2307.32,2285.75
557,ETH/INR,1h,LONG,2026-08-27 11:30:00+05:30,2026-08-28 00:30:00+05:30,2498.63,208635.49,2298.74,2898.41,2505.85,209238.19,INTRADAY_SQUAREOFF,0.01,22.86,0.010408,2171.47,6.27,2.57,3.71,3.71,2285.75,2289.46
558,ETH/INR,1h,LONG,2026-08-28 04:30:00+05:30,2026-08-29 00:30:00+05:30,2518.56,210299.65,2317.07,2921.53,2428.08,202744.3,INTRADAY_SQUAREOFF,0.01,22.89,0.010342,2174.99,-78.14,2.52,-80.66,-80.66,2289.46,2208.8
559,ETH/INR,1h,SHORT,2026-08-29 03:30:00+05:30,2026-08-30 00:30:00+05:30,2421.49,202194.3,2615.21,2034.05,2453.65,204879.45,INTRADAY_SQUAREOFF,0.01,22.09,0.010378,2098.36,-27.87,2.49,-30.36,-30.36,2208.8,2178.44
560,ETH/INR,1h,LONG,2026-08-30 12:30:00+05:30,2026-08-31 00:30:00+05:30,2462.47,205616.3,2265.47,2856.47,2509.39,209534.45,INTRADAY_SQUAREOFF,0.01,21.78,0.010065,2069.52,39.44,2.47,36.97,36.97,2178.44,2215.41
561,ETH/INR,1h,SHORT,2026-08-31 19:30:00+05:30,2026-09-01 00:30:00+05:30,2435.09,203330.17,2629.9,2045.48,2479.54,207041.52,INTRADAY_SQUAREOFF,0.01,22.15,0.010351,2104.64,-38.42,2.51,-40.92,-40.92,2215.41,2174.49
562,ETH/INR,1h,SHORT,2026-09-01 02:30:00+05:30,2026-09-02 00:30:00+05:30,2468.89,206152.72,2666.41,2073.87,2413.44,201521.91,INTRADAY_SQUAREOFF,0.01,21.74,0.010021,2065.77,46.4,2.41,43.99,43.99,2174.49,2218.48
563,ETH/INR,1h,SHORT,2026-09-02 06:30:00+05:30,2026-09-03 00:30:00+05:30,2404.02,200735.45,2596.34,2019.37,2394.75,199961.36,INTRADAY_SQUAREOFF,0.01,22.18,0.010499,2107.56,8.13,2.48,5.65,5.65,2218.48,2224.13
564,ETH/INR,1h,SHORT,2026-09-03 04:30:00+05:30,2026-09-04 00:30:00+05:30,2376.66,198451.21,2566.79,1996.4,2514.42,209953.78,INTRADAY_SQUAREOFF,0.01,22.24,0.010647,2112.92,-122.47,2.57,-125.03,-125.03,2224.13,2099.09
565,ETH/INR,1h,LONG,2026-09-04 14:30:00+05:30,2026-09-05 00:30:00+05:30,2532.27,211444.17,2329.68,2937.43,2450.0,204575.36,INTRADAY_SQUAREOFF,0.01,20.99,0.009431,1994.14,-64.78,2.31,-67.09,-67.09,2099.09,2032.0
566,ETH/INR,1h,SHORT,2026-09-05 10:30:00+05:30,2026-09-06 00:30:00+05:30,2447.58,204372.57,2643.38,2055.96,2481.69,207221.13,INTRADAY_SQUAREOFF,0.01,20.32,0.009445,1930.4,-26.91,2.29,-29.2,-29.2,2032.0,2002.8
567,ETH/INR,1h,LONG,2026-09-06 03:30:00+05:30,2026-09-07 00:30:00+05:30,2494.15,208261.22,2294.61,2893.21,2493.42,208200.79,INTRADAY_SQUAREOFF,0.01,20.03,0.009136,1902.66,-0.55,2.24,-2.8,-2.8,2002.8,2000.0
568,ETH/INR,1h,LONG,2026-09-07 02:30:00+05:30,2026-09-08 00:30:00+05:30,2501.52,208876.93,2301.4,2901.76,2489.95,207911.19,INTRADAY_SQUAREOFF,0.01,20.0,0.009096,1900.0,-8.78,2.24,-11.02,-11.02,2000.0,1988.98
569,ETH/INR,1h,LONG,2026-09-09 17:30:00+05:30,2026-09-10 00:30:00+05:30,2506.26,209272.92,2305.76,2907.26,2479.58,207044.9,INTRADAY_SQUAREOFF,0.01,19.89,0.009029,1889.53,-20.12,2.22,-22.33,-22.33,1988.98,1966.65
570,ETH/INR,1h,SHORT,2026-09-15 20:30:00+05:30,2026-09-16 00:30:00+05:30,2387.79,199380.09,2578.81,2005.74,2402.22,200585.41,INTRADAY_SQUAREOFF,0.01,19.67,0.009371,1868.31,-11.29,2.21,-13.51,-13.51,1966.65,1953.14
571,ETH/INR,1h,SHORT,2026-09-16 03:30:00+05:30,2026-09-17 00:30:00+05:30,2387.69,199371.73,2578.7,2005.66,2397.1,200157.67,INTRADAY_SQUAREOFF,0.01,19.53,0.009307,1855.48,-7.31,2.19,-9.51,-9.51,1953.14,1943.63
572,ETH/INR,1h,SHORT,2026-09-17 04:30:00+05:30,2026-09-18 00:30:00+05:30,2385.35,199176.46,2576.17,2003.69,2450.82,204643.88,INTRADAY_SQUAREOFF,0.01,19.44,0.00927,1846.45,-50.69,2.21,-52.89,-52.89,1943.63,1890.74
573,ETH/INR,1h,LONG,2026-09-18 07:30:00+05:30,2026-09-19 00:30:00+05:30,2458.84,205313.05,2262.13,2852.25,2611.49,218059.72,INTRADAY_SQUAREOFF,0.01,18.91,0.008749,1796.2,111.52,2.19,109.33,109.33,1890.74,2000.07
574,ETH/INR,1h,LONG,2026-09-19 06:30:00+05:30,2026-09-20 00:30:00+05:30,2627.73,219415.72,2417.51,3048.17,2637.47,220228.8,INTRADAY_SQUAREOFF,0.01,20.0,0.00866,1900.07,7.04,2.25,4.79,4.79,2000.07,2004.86
575,ETH/INR,1h,SHORT,2026-09-20 16:30:00+05:30,2026-09-21 00:30:00+05:30,2568.48,214467.67,2773.95,2157.52,2628.11,219447.47,INTRADAY_SQUAREOFF,0.01,20.05,0.008881,1904.62,-44.22,2.27,-46.5,-46.5,2004.86,1958.37
576,ETH/INR,1h,LONG,2026-09-21 05:30:00+05:30,2026-09-22 00:30:00+05:30,2649.03,221194.32,2437.11,3072.88,2756.49,230167.01,INTRADAY_SQUAREOFF,0.01,19.58,0.008411,1860.45,75.47,2.24,73.23,73.23,1958.37,2031.59
577,ETH/INR,1h,LONG,2026-09-22 14:30:00+05:30,2026-09-23 00:30:00+05:30,2756.31,230151.67,2535.8,3197.32,2751.17,229723.01,INTRADAY_SQUAREOFF,0.01,20.32,0.008386,1930.01,-3.59,2.28,-5.87,-5.87,2031.59,2025.72
