trade_no,coin,timeframe,direction,entry_time,exit_time,entry_price_usd,entry_price_inr,stop_price_usd,target_price_usd,exit_price_usd,exit_price_inr,exit_reason,risk_pct,risk_inr,position_size_coin,position_size_inr,gross_pnl_inr,fees_inr,net_pnl_inr,net_pnl,equity_before,equity_after
1,SOL/INR,1h,LONG,2024-09-26 21:30:00+05:30,2024-09-27 00:30:00+05:30,157.86,13181.12,145.23,195.74,156.54,13071.49,INTRADAY_SQUAREOFF,0.01,100.0,0.474163,6250.0,-51.98,7.34,-59.33,-59.33,10000.0,9940.67
2,SOL/INR,1h,LONG,2024-09-27 04:30:00+05:30,2024-09-28 00:30:00+05:30,156.35,13055.18,143.84,193.87,158.4,13226.52,INTRADAY_SQUAREOFF,0.01,99.41,0.478737,6250.0,82.02,7.42,74.6,74.6,9940.67,10015.27
3,SOL/INR,1h,LONG,2024-09-28 07:30:00+05:30,2024-09-29 00:30:00+05:30,158.61,13243.77,145.92,196.67,156.67,13082.0,INTRADAY_SQUAREOFF,0.01,100.15,0.47192,6250.0,-76.34,7.33,-83.67,-83.67,10015.27,9931.6
4,SOL/INR,1h,SHORT,2024-09-29 02:30:00+05:30,2024-09-30 00:30:00+05:30,156.52,13069.33,169.04,118.95,158.22,13211.11,INTRADAY_SQUAREOFF,0.01,99.32,0.478219,6250.0,-67.8,7.42,-75.22,-75.22,9931.6,9856.38
5,SOL/INR,1h,SHORT,2024-09-30 15:30:00+05:30,2024-10-01 00:30:00+05:30,155.04,12945.47,167.44,117.83,155.06,12947.85,INTRADAY_SQUAREOFF,0.01,98.56,0.482794,6250.0,-1.15,7.38,-8.52,-8.52,9856.38,9847.86
6,SOL/INR,1h,SHORT,2024-10-01 04:30:00+05:30,2024-10-02 00:30:00+05:30,154.57,12906.76,166.94,117.47,147.46,12312.82,INTRADAY_SQUAREOFF,0.01,98.48,0.484242,6250.0,287.61,7.21,280.41,280.41,9847.86,10128.27
7,SOL/INR,1h,SHORT,2024-10-02 04:30:00+05:30,2024-10-03 00:30:00+05:30,144.02,12026.02,155.55,109.46,142.69,11914.34,INTRADAY_SQUAREOFF,0.01,101.28,0.519706,6250.0,58.04,7.34,50.7,50.7,10128.27,10178.97
8,SOL/INR,1h,SHORT,2024-10-03 11:30:00+05:30,2024-10-04 00:30:00+05:30,141.09,11780.61,152.37,107.22,136.36,11386.25,INTRADAY_SQUAREOFF,0.01,101.79,0.530533,6250.0,209.22,7.25,201.97,201.97,10178.97,10380.94
9,SOL/INR,1h,SHORT,2024-10-04 16:30:00+05:30,2024-10-05 00:30:00+05:30,139.35,11635.36,150.49,105.9,143.66,11995.9,INTRADAY_SQUAREOFF,0.01,103.81,0.537156,6250.0,-193.67,7.49,-201.16,-201.16,10380.94,10179.78
10,SOL/INR,1h,LONG,2024-10-05 06:30:00+05:30,2024-10-06 00:30:00+05:30,143.98,12022.09,132.46,178.53,142.24,11877.15,INTRADAY_SQUAREOFF,0.01,101.8,0.519876,6250.0,-75.35,7.33,-82.68,-82.68,10179.78,10097.1
11,SOL/INR,1h,LONG,2024-10-07 00:30:00+05:30,2024-10-08 00:30:00+05:30,146.0,12191.15,134.32,181.04,145.71,12167.03,INTRADAY_SQUAREOFF,0.01,100.97,0.512667,6250.0,-12.37,7.37,-19.73,-19.73,10097.1,10077.36
12,SOL/INR,1h,SHORT,2024-10-08 18:30:00+05:30,2024-10-09 00:30:00+05:30,143.54,11985.39,155.02,109.09,142.96,11936.8,INTRADAY_SQUAREOFF,0.01,100.77,0.521468,6250.0,25.34,7.36,17.98,17.98,10077.36,10095.34
13,SOL/INR,1h,SHORT,2024-10-09 04:30:00+05:30,2024-10-10 00:30:00+05:30,143.15,11953.17,154.6,108.8,140.5,11732.14,INTRADAY_SQUAREOFF,0.01,100.95,0.522874,6250.0,115.57,7.31,108.26,108.26,10095.34,10203.6
14,SOL/INR,1h,SHORT,2024-10-10 02:30:00+05:30,2024-10-11 00:30:00+05:30,138.76,11586.44,149.86,105.46,137.04,11443.13,INTRADAY_SQUAREOFF,0.01,102.04,0.539424,6250.0,77.31,7.33,69.98,69.98,10203.6,10273.58
15,SOL/INR,1h,LONG,2024-10-11 18:30:00+05:30,2024-10-12 00:30:00+05:30,143.0,11940.53,131.56,177.32,145.73,12168.76,INTRADAY_SQUAREOFF,0.01,102.74,0.523428,6250.0,119.46,7.45,112.02,112.02,10273.58,10385.6
16,SOL/INR,1h,LONG,2024-10-12 06:30:00+05:30,2024-10-13 00:30:00+05:30,146.49,12231.93,134.77,181.65,146.39,12223.55,INTRADAY_SQUAREOFF,0.01,103.86,0.510958,6250.0,-4.28,7.37,-11.66,-11.66,10385.6,10373.94
17,SOL/INR,1h,LONG,2024-10-13 04:30:00+05:30,2024-10-14 00:30:00+05:30,147.15,12287.23,135.38,182.47,145.26,12129.33,INTRADAY_SQUAREOFF,0.01,103.74,0.508658,6250.0,-80.32,7.33,-87.65,-87.65,10373.94,10286.29
18,SOL/INR,1h,LONG,2024-10-14 13:30:00+05:30,2024-10-15 00:30:00+05:30,152.95,12771.37,140.71,189.66,155.75,13005.05,INTRADAY_SQUAREOFF,0.01,102.86,0.489376,6250.0,114.35,7.44,106.91,106.91,10286.29,10393.21
19,SOL/INR,1h,LONG,2024-10-15 04:30:00+05:30,2024-10-16 00:30:00+05:30,157.62,13161.61,145.01,195.45,155.12,12952.62,INTRADAY_SQUAREOFF,0.01,103.93,0.474866,6250.0,-99.24,7.32,-106.56,-106.56,10393.21,10286.65
20,SOL/INR,1h,SHORT,2024-10-17 17:30:00+05:30,2024-10-18 00:30:00+05:30,151.14,12620.12,163.23,114.87,148.61,12408.76,INTRADAY_SQUAREOFF,0.01,102.87,0.495241,6250.0,104.67,7.31,97.36,97.36,10286.65,10384.0
21,SOL/INR,1h,SHORT,2024-10-18 06:30:00+05:30,2024-10-19 00:30:00+05:30,149.63,12494.25,161.6,113.72,156.15,13038.29,INTRADAY_SQUAREOFF,0.01,103.84,0.50023,6250.0,-272.14,7.54,-279.68,-279.68,10384.0,10104.33
22,SOL/INR,1h,LONG,2024-10-19 05:30:00+05:30,2024-10-20 00:30:00+05:30,155.13,12953.49,142.72,192.36,155.85,13013.72,INTRADAY_SQUAREOFF,0.01,101.04,0.482496,6250.0,29.06,7.39,21.67,21.67,10104.33,10126.0
23,SOL/INR,1h,LONG,2024-10-20 15:30:00+05:30,2024-10-21 00:30:00+05:30,159.42,13311.36,146.66,197.68,160.34,13388.54,INTRADAY_SQUAREOFF,0.01,101.26,0.469524,6250.0,36.24,7.4,28.84,28.84,10126.0,10154.84
24,SOL/INR,1h,LONG,2024-10-21 02:30:00+05:30,2024-10-22 00:30:00+05:30,162.91,13603.18,149.88,202.01,165.67,13833.82,INTRADAY_SQUAREOFF,0.01,101.55,0.459452,6250.0,105.97,7.44,98.53,98.53,10154.84,10253.37
25,SOL/INR,1h,SHORT,2024-10-22 05:30:00+05:30,2024-10-23 00:30:00+05:30,166.13,13871.8,179.42,126.26,168.0,14027.84,INTRADAY_SQUAREOFF,0.01,102.53,0.450554,6250.0,-70.3,7.42,-77.72,-77.72,10253.37,10175.65
26,SOL/INR,1h,LONG,2024-10-24 06:30:00+05:30,2024-10-25 00:30:00+05:30,172.62,14414.06,158.81,214.05,175.89,14687.0,INTRADAY_SQUAREOFF,0.01,101.76,0.433604,6250.0,118.35,7.44,110.9,110.9,10175.65,10286.55
27,SOL/INR,1h,LONG,2024-10-25 04:30:00+05:30,2024-10-26 00:30:00+05:30,179.08,14952.79,164.75,222.05,169.64,14165.33,INTRADAY_SQUAREOFF,0.01,102.87,0.417982,6250.0,-329.14,7.18,-336.32,-336.32,10286.55,9950.23
28,SOL/INR,1h,SHORT,2024-10-26 04:30:00+05:30,2024-10-27 00:30:00+05:30,163.91,13686.76,177.03,124.57,169.87,14184.24,INTRADAY_SQUAREOFF,0.01,99.5,0.456646,6250.0,-227.17,7.51,-234.68,-234.68,9950.23,9715.55
29,SOL/INR,1h,LONG,2024-10-27 07:30:00+05:30,2024-10-28 00:30:00+05:30,172.24,14382.36,158.46,213.58,175.6,14663.01,INTRADAY_SQUAREOFF,0.01,97.16,0.43456,6250.0,121.96,7.45,114.51,114.51,9715.55,9830.06
30,SOL/INR,1h,LONG,2024-10-28 04:30:00+05:30,2024-10-29 00:30:00+05:30,177.96,14859.98,163.73,220.68,175.27,14635.11,INTRADAY_SQUAREOFF,0.01,98.3,0.420593,6250.0,-94.58,7.32,-101.9,-101.9,9830.06,9728.16
31,SOL/INR,1h,LONG,2024-10-29 09:30:00+05:30,2024-10-30 00:30:00+05:30,181.63,15166.17,167.1,225.22,181.44,15150.45,INTRADAY_SQUAREOFF,0.01,97.28,0.412101,6250.0,-6.48,7.37,-13.85,-13.85,9728.16,9714.31
32,SOL/INR,1h,SHORT,2024-10-31 00:30:00+05:30,2024-11-01 00:30:00+05:30,174.01,14530.19,187.94,132.25,169.53,14155.83,INTRADAY_SQUAREOFF,0.01,97.14,0.430139,6250.0,161.03,7.28,153.75,153.75,9714.31,9868.06
33,SOL/INR,1h,SHORT,2024-11-01 05:30:00+05:30,2024-11-02 00:30:00+05:30,168.3,14052.84,181.76,127.91,166.15,13873.84,INTRADAY_SQUAREOFF,0.01,98.68,0.44475,6250.0,79.61,7.33,72.28,72.28,9868.06,9940.34
34,SOL/INR,1h,SHORT,2024-11-02 02:30:00+05:30,2024-11-03 00:30:00+05:30,165.52,13821.05,178.76,125.8,164.15,13706.44,INTRADAY_SQUAREOFF,0.01,99.4,0.452209,6250.0,51.82,7.34,44.48,44.48,9940.34,9984.82
35,SOL/INR,1h,SHORT,2024-11-03 15:30:00+05:30,2024-11-04 00:30:00+05:30,162.66,13582.46,175.68,123.62,158.96,13272.79,INTRADAY_SQUAREOFF,0.01,99.85,0.460152,6250.0,142.5,7.29,135.2,135.2,9984.82,10120.02
36,SOL/INR,1h,SHORT,2024-11-05 00:30:00+05:30,2024-11-06 00:30:00+05:30,159.05,13281.06,171.78,120.88,167.14,13956.35,INTRADAY_SQUAREOFF,0.01,101.2,0.470595,6250.0,-317.79,7.56,-325.35,-325.35,10120.02,9794.67
37,SOL/INR,1h,LONG,2024-11-06 04:30:00+05:30,2024-11-07 00:30:00+05:30,167.29,13968.39,153.9,207.43,187.45,15652.31,INTRADAY_SQUAREOFF,0.01,97.95,0.447439,6250.0,753.45,7.82,745.63,745.63,9794.67,10540.3
38,SOL/INR,1h,LONG,2024-11-07 03:30:00+05:30,2024-11-08 00:30:00+05:30,189.96,15861.48,174.76,235.55,196.95,16445.0,INTRADAY_SQUAREOFF,0.01,105.4,0.394036,6250.0,229.93,7.51,222.42,222.42,10540.3,10762.72
39,SOL/INR,1h,LONG,2024-11-08 02:30:00+05:30,2024-11-09 00:30:00+05:30,197.69,16507.41,181.88,245.14,199.78,16681.22,INTRADAY_SQUAREOFF,0.01,107.63,0.378618,6250.0,65.81,7.41,58.39,58.39,10762.72,10821.11
40,SOL/INR,1h,LONG,2024-11-10 10:30:00+05:30,2024-11-11 00:30:00+05:30,205.01,17118.13,188.61,254.21,212.43,17738.07,INTRADAY_SQUAREOFF,0.01,108.21,0.36511,6250.0,226.35,7.51,218.84,218.84,10821.11,11039.95
41,SOL/INR,1h,LONG,2024-11-12 05:30:00+05:30,2024-11-13 00:30:00+05:30,223.33,18648.17,205.46,276.93,213.38,17817.38,INTRADAY_SQUAREOFF,0.01,110.4,0.335153,6250.0,-278.44,7.21,-285.66,-285.66,11039.95,10754.29
42,SOL/INR,1h,SHORT,2024-11-13 05:30:00+05:30,2024-11-14 00:30:00+05:30,212.09,17709.22,229.05,161.19,219.78,18351.86,INTRADAY_SQUAREOFF,0.01,107.54,0.352923,6250.0,-226.8,7.51,-234.31,-234.31,10754.29,10519.99
43,SOL/INR,1h,LONG,2024-11-14 04:30:00+05:30,2024-11-15 00:30:00+05:30,214.2,17885.56,197.06,265.61,214.42,17904.12,INTRADAY_SQUAREOFF,0.01,105.2,0.349444,6250.0,6.48,7.38,-0.89,-0.89,10519.99,10519.09
44,SOL/INR,1h,SHORT,2024-11-15 20:30:00+05:30,2024-11-16 00:30:00+05:30,210.6,17584.79,227.44,160.05,210.79,17600.64,INTRADAY_SQUAREOFF,0.01,105.19,0.355421,6250.0,-5.63,7.38,-13.01,-13.01,10519.09,10506.08
45,SOL/INR,1h,LONG,2024-11-16 07:30:00+05:30,2024-11-17 00:30:00+05:30,218.99,18286.07,201.48,271.55,216.65,18090.53,INTRADAY_SQUAREOFF,0.01,105.06,0.34179,6250.0,-66.83,7.34,-74.17,-74.17,10506.08,10431.91
46,SOL/INR,1h,LONG,2024-11-17 03:30:00+05:30,2024-11-18 00:30:00+05:30,217.19,18135.6,199.82,269.32,232.6,19421.9,INTRADAY_SQUAREOFF,0.01,104.32,0.344626,6250.0,443.29,7.64,435.66,435.66,10431.91,10867.57
47,SOL/INR,1h,LONG,2024-11-18 05:30:00+05:30,2024-11-19 00:30:00+05:30,238.14,19884.67,219.09,295.29,238.55,19919.09,INTRADAY_SQUAREOFF,0.01,108.68,0.314313,6250.0,10.82,7.38,3.44,3.44,10867.57,10871.0
48,SOL/INR,1h,LONG,2024-11-19 08:30:00+05:30,2024-11-20 00:30:00+05:30,241.29,20147.49,221.98,299.2,243.99,20372.92,INTRADAY_SQUAREOFF,0.01,108.71,0.310212,6250.0,69.93,7.42,62.51,62.51,10871.0,10933.52
49,SOL/INR,1h,SHORT,2024-11-20 07:30:00+05:30,2024-11-21 00:30:00+05:30,234.82,19607.64,253.61,178.46,233.78,19520.25,INTRADAY_SQUAREOFF,0.01,109.34,0.318753,6250.0,27.86,7.36,20.5,20.5,10933.52,10954.02
50,SOL/INR,1h,SHORT,2024-11-21 08:30:00+05:30,2024-11-21 19:30:00+05:30,230.23,19224.26,248.65,174.98,248.77,20772.58,STOP_LOSS,0.01,109.54,0.32511,6250.0,-503.37,7.67,-511.05,-511.05,10954.02,10442.97
51,SOL/INR,1h,LONG,2024-11-21 22:30:00+05:30,2024-11-22 00:30:00+05:30,254.86,21280.8,234.47,316.03,258.48,21582.99,INTRADAY_SQUAREOFF,0.01,104.43,0.293692,6250.0,88.75,7.43,81.32,81.32,10442.97,10524.29
52,SOL/INR,1h,LONG,2024-11-22 04:30:00+05:30,2024-11-23 00:30:00+05:30,255.43,21328.16,234.99,316.73,252.54,21087.47,INTRADAY_SQUAREOFF,0.01,105.24,0.29304,6250.0,-70.53,7.33,-77.87,-77.87,10524.29,10446.43
53,SOL/INR,1h,LONG,2024-11-23 09:30:00+05:30,2024-11-24 00:30:00+05:30,257.29,21484.02,236.71,319.04,256.43,21411.7,INTRADAY_SQUAREOFF,0.01,104.46,0.290914,6250.0,-21.04,7.36,-28.4,-28.4,10446.43,10418.03
54,SOL/INR,1h,SHORT,2024-11-25 12:30:00+05:30,2024-11-26 00:30:00+05:30,251.98,21040.39,272.14,191.51,240.07,20045.65,INTRADAY_SQUAREOFF,0.01,104.18,0.297048,6250.0,295.48,7.2,288.28,288.28,10418.03,10706.31
55,SOL/INR,1h,SHORT,2024-11-26 13:30:00+05:30,2024-11-27 00:30:00+05:30,235.29,19646.82,254.11,178.82,226.93,18948.69,INTRADAY_SQUAREOFF,0.01,107.06,0.318118,6250.0,222.09,7.24,214.85,214.85,10706.31,10921.16
56,SOL/INR,1h,SHORT,2024-11-27 06:30:00+05:30,2024-11-28 00:30:00+05:30,229.51,19164.39,247.87,174.43,240.13,20051.2,INTRADAY_SQUAREOFF,0.01,109.21,0.326126,6250.0,-289.21,7.55,-296.76,-296.76,10921.16,10624.4
57,SOL/INR,1h,LONG,2024-11-28 02:30:00+05:30,2024-11-29 00:30:00+05:30,242.94,20285.3,223.5,301.24,236.6,19756.31,INTRADAY_SQUAREOFF,0.01,106.24,0.308105,6250.0,-162.98,7.28,-170.26,-170.26,10624.4,10454.14
58,SOL/INR,1h,LONG,2024-11-30 02:30:00+05:30,2024-12-01 00:30:00+05:30,243.08,20297.28,223.63,301.42,239.64,20009.6,INTRADAY_SQUAREOFF,0.01,104.54,0.307923,6250.0,-88.58,7.32,-95.91,-95.91,10454.14,10358.23
59,SOL/INR,1h,SHORT,2024-12-02 00:30:00+05:30,2024-12-03 00:30:00+05:30,236.17,19720.57,255.07,179.49,223.7,18678.94,INTRADAY_SQUAREOFF,0.01,103.58,0.316928,6250.0,330.12,7.18,322.94,322.94,10358.23,10681.17
60,SOL/INR,1h,SHORT,2024-12-03 07:30:00+05:30,2024-12-04 00:30:00+05:30,224.14,18715.32,242.07,170.34,227.3,18979.14,INTRADAY_SQUAREOFF,0.01,106.81,0.333951,6250.0,-88.11,7.43,-95.53,-95.53,10681.17,10585.64
61,SOL/INR,1h,LONG,2024-12-04 07:30:00+05:30,2024-12-05 00:30:00+05:30,239.54,20002.0,220.38,297.04,230.16,19218.58,INTRADAY_SQUAREOFF,0.01,105.86,0.312469,6250.0,-244.79,7.23,-252.02,-252.02,10585.64,10333.62
62,SOL/INR,1h,SHORT,2024-12-05 04:30:00+05:30,2024-12-06 00:30:00+05:30,229.32,19148.29,247.67,174.28,237.21,19806.8,INTRADAY_SQUAREOFF,0.01,103.34,0.3264,6250.0,-214.94,7.5,-222.44,-222.44,10333.62,10111.18
63,SOL/INR,1h,LONG,2024-12-06 20:30:00+05:30,2024-12-07 00:30:00+05:30,237.95,19868.55,218.91,295.05,239.41,19990.81,INTRADAY_SQUAREOFF,0.01,101.11,0.314567,6250.0,38.46,7.4,31.06,31.06,10111.18,10142.24
64,SOL/INR,1h,LONG,2024-12-07 12:30:00+05:30,2024-12-08 00:30:00+05:30,236.37,19737.05,217.46,293.1,241.92,20200.17,INTRADAY_SQUAREOFF,0.01,101.42,0.316663,6250.0,146.66,7.46,139.19,139.19,10142.24,10281.43
65,SOL/INR,1h,LONG,2024-12-08 08:30:00+05:30,2024-12-09 00:30:00+05:30,241.54,20168.46,222.22,299.51,235.26,19644.53,INTRADAY_SQUAREOFF,0.01,102.81,0.30989,6250.0,-162.36,7.28,-169.64,-169.64,10281.43,10111.79
66,SOL/INR,1h,SHORT,2024-12-09 06:30:00+05:30,2024-12-10 00:30:00+05:30,233.35,19484.8,252.02,177.35,224.91,18779.6,INTRADAY_SQUAREOFF,0.01,101.12,0.320763,6250.0,226.2,7.24,218.96,218.96,10111.79,10330.75
67,SOL/INR,1h,SHORT,2024-12-10 08:30:00+05:30,2024-12-11 00:30:00+05:30,213.35,17814.97,230.42,162.15,209.05,17455.56,INTRADAY_SQUAREOFF,0.01,103.31,0.350829,6250.0,126.09,7.3,118.79,118.79,10330.75,10449.54
68,SOL/INR,1h,SHORT,2024-12-11 07:30:00+05:30,2024-12-11 20:30:00+05:30,212.34,17730.37,229.33,161.38,229.44,19158.38,STOP_LOSS,0.01,104.5,0.352502,6250.0,-503.37,7.67,-511.05,-511.05,10449.54,9938.5
69,SOL/INR,1h,LONG,2024-12-12 08:30:00+05:30,2024-12-13 00:30:00+05:30,229.19,19137.44,210.86,284.2,231.55,19334.21,INTRADAY_SQUAREOFF,0.01,99.38,0.326585,6250.0,64.26,7.41,56.85,56.85,9938.5,9995.34
70,SOL/INR,1h,SHORT,2024-12-14 16:30:00+05:30,2024-12-15 00:30:00+05:30,224.82,18772.48,242.81,170.86,217.88,18193.33,INTRADAY_SQUAREOFF,0.01,99.95,0.332934,6250.0,192.82,7.26,185.56,185.56,9995.34,10180.9
71,SOL/INR,1h,SHORT,2024-12-15 02:30:00+05:30,2024-12-16 00:30:00+05:30,215.24,17972.42,232.46,163.58,221.04,18456.97,INTRADAY_SQUAREOFF,0.01,101.81,0.347755,6250.0,-168.51,7.47,-175.98,-175.98,10180.9,10004.92
72,SOL/INR,1h,SHORT,2024-12-16 02:30:00+05:30,2024-12-17 00:30:00+05:30,220.33,18397.8,237.96,167.45,221.63,18505.93,INTRADAY_SQUAREOFF,0.01,100.05,0.339714,6250.0,-36.73,7.4,-44.13,-44.13,10004.92,9960.79
73,SOL/INR,1h,LONG,2024-12-17 18:30:00+05:30,2024-12-18 00:30:00+05:30,227.37,18985.7,209.18,281.94,227.52,18997.66,INTRADAY_SQUAREOFF,0.01,99.61,0.329195,6250.0,3.94,7.38,-3.44,-3.44,9960.79,9957.35
74,SOL/INR,1h,SHORT,2024-12-19 07:30:00+05:30,2024-12-20 00:30:00+05:30,203.82,17019.26,220.13,154.91,194.13,16209.59,INTRADAY_SQUAREOFF,0.01,99.57,0.367231,6250.0,297.34,7.2,290.14,290.14,9957.35,10247.49
75,SOL/INR,1h,SHORT,2024-12-20 05:30:00+05:30,2024-12-21 00:30:00+05:30,193.73,16176.48,209.23,147.24,191.01,15949.64,INTRADAY_SQUAREOFF,0.01,102.47,0.386363,6250.0,87.64,7.32,80.32,80.32,10247.49,10327.81
76,SOL/INR,1h,SHORT,2024-12-21 22:30:00+05:30,2024-12-22 00:30:00+05:30,184.01,15365.06,198.73,139.85,182.0,15196.87,INTRADAY_SQUAREOFF,0.01,103.28,0.406767,6250.0,68.41,7.33,61.08,61.08,10327.81,10388.89
77,SOL/INR,1h,SHORT,2024-12-22 10:30:00+05:30,2024-12-23 00:30:00+05:30,180.18,15044.92,194.59,136.94,182.11,15206.57,INTRADAY_SQUAREOFF,0.01,103.89,0.415422,6250.0,-67.15,7.41,-74.56,-74.56,10388.89,10314.32
78,SOL/INR,1h,LONG,2024-12-24 09:30:00+05:30,2024-12-25 00:30:00+05:30,189.72,15841.48,174.54,235.25,196.43,16402.15,INTRADAY_SQUAREOFF,0.01,103.14,0.394534,6250.0,221.2,7.51,213.7,213.7,10314.32,10528.02
79,SOL/INR,1h,LONG,2024-12-25 03:30:00+05:30,2024-12-26 00:30:00+05:30,196.75,16428.76,181.01,243.97,197.91,16525.55,INTRADAY_SQUAREOFF,0.01,105.28,0.38043,6250.0,36.82,7.4,29.43,29.43,10528.02,10557.45
80,SOL/INR,1h,SHORT,2024-12-26 18:30:00+05:30,2024-12-27 00:30:00+05:30,188.69,15755.53,203.78,143.4,189.22,15799.69,INTRADAY_SQUAREOFF,0.01,105.57,0.396686,6250.0,-17.52,7.39,-24.9,-24.9,10557.45,10532.55
81,SOL/INR,1h,SHORT,2024-12-27 13:30:00+05:30,2024-12-28 00:30:00+05:30,186.33,15558.86,201.24,141.61,186.77,15594.89,INTRADAY_SQUAREOFF,0.01,105.33,0.4017,6250.0,-14.47,7.38,-21.86,-21.86,10532.55,10510.69
82,SOL/INR,1h,SHORT,2024-12-28 02:30:00+05:30,2024-12-29 00:30:00+05:30,185.14,15459.01,199.95,140.7,193.51,16158.49,INTRADAY_SQUAREOFF,0.01,105.11,0.404295,6250.0,-282.8,7.54,-290.34,-290.34,10510.69,10220.35
83,SOL/INR,1h,LONG,2024-12-29 04:30:00+05:30,2024-12-30 00:30:00+05:30,195.47,16321.38,179.83,242.38,192.66,16087.29,INTRADAY_SQUAREOFF,0.01,102.2,0.382933,6250.0,-89.64,7.32,-96.96,-96.96,10220.35,10123.39
84,SOL/INR,1h,SHORT,2024-12-30 09:30:00+05:30,2024-12-31 00:30:00+05:30,190.7,15923.6,205.96,144.93,194.42,16234.41,INTRADAY_SQUAREOFF,0.01,101.23,0.392499,6250.0,-121.99,7.45,-129.44,-129.44,10123.39,9993.95
85,SOL/INR,1h,LONG,2024-12-31 13:30:00+05:30,2025-01-01 00:30:00+05:30,189.9,15856.86,174.71,235.48,194.3,16223.74,INTRADAY_SQUAREOFF,0.01,99.94,0.394151,6250.0,144.61,7.46,137.15,137.15,9993.95,10131.09
86,SOL/INR,1h,SHORT,2025-01-01 09:30:00+05:30,2025-01-02 00:30:00+05:30,189.77,15845.92,204.95,144.23,191.33,15975.81,INTRADAY_SQUAREOFF,0.01,101.31,0.394423,6250.0,-51.23,7.41,-58.63,-58.63,10131.09,10072.46
87,SOL/INR,1h,LONG,2025-01-02 06:30:00+05:30,2025-01-03 00:30:00+05:30,196.57,16413.19,180.84,243.74,206.03,17203.16,INTRADAY_SQUAREOFF,0.01,100.72,0.380791,6250.0,300.81,7.55,293.26,293.26,10072.46,10365.72
88,SOL/INR,1h,LONG,2025-01-03 05:30:00+05:30,2025-01-04 00:30:00+05:30,208.22,17386.17,191.56,258.19,217.81,18187.11,INTRADAY_SQUAREOFF,0.01,103.66,0.359481,6250.0,287.92,7.54,280.38,280.38,10365.72,10646.1
89,SOL/INR,1h,LONG,2025-01-04 05:30:00+05:30,2025-01-05 00:30:00+05:30,217.87,18192.18,200.44,270.16,215.39,17985.4,INTRADAY_SQUAREOFF,0.01,106.46,0.343554,6250.0,-71.04,7.33,-78.37,-78.37,10646.1,10567.72
90,SOL/INR,1h,LONG,2025-01-05 04:30:00+05:30,2025-01-06 00:30:00+05:30,217.14,18131.28,199.77,269.25,212.29,17726.4,INTRADAY_SQUAREOFF,0.01,105.68,0.344708,6250.0,-139.56,7.29,-146.86,-146.86,10567.72,10420.87
91,SOL/INR,1h,SHORT,2025-01-06 06:30:00+05:30,2025-01-07 00:30:00+05:30,212.12,17712.27,229.09,161.21,219.15,18299.15,INTRADAY_SQUAREOFF,0.01,104.21,0.352863,6250.0,-207.09,7.5,-214.58,-214.58,10420.87,10206.28
92,SOL/INR,1h,LONG,2025-01-07 14:30:00+05:30,2025-01-08 00:30:00+05:30,216.8,18102.73,199.46,268.83,204.92,17111.21,INTRADAY_SQUAREOFF,0.01,102.06,0.345252,6250.0,-342.33,7.17,-349.5,-349.5,10206.28,9856.79
93,SOL/INR,1h,SHORT,2025-01-08 08:30:00+05:30,2025-01-09 00:30:00+05:30,200.48,16740.15,216.52,152.37,194.36,16229.45,INTRADAY_SQUAREOFF,0.01,98.57,0.373354,6250.0,190.67,7.26,183.41,183.41,9856.79,10040.2
94,SOL/INR,1h,SHORT,2025-01-09 09:30:00+05:30,2025-01-10 00:30:00+05:30,194.22,16217.77,209.76,147.61,188.75,15760.91,INTRADAY_SQUAREOFF,0.01,100.4,0.38538,6250.0,176.06,7.27,168.79,168.79,10040.2,10208.99
95,SOL/INR,1h,SHORT,2025-01-10 19:30:00+05:30,2025-01-11 00:30:00+05:30,185.76,15510.57,200.62,141.17,190.28,15888.56,INTRADAY_SQUAREOFF,0.01,102.09,0.402951,6250.0,-152.31,7.46,-159.78,-159.78,10208.99,10049.21
96,SOL/INR,1h,SHORT,2025-01-11 07:30:00+05:30,2025-01-12 00:30:00+05:30,185.92,15524.72,200.8,141.3,187.7,15672.89,INTRADAY_SQUAREOFF,0.01,100.49,0.402584,6250.0,-59.65,7.41,-67.06,-67.06,10049.21,9982.15
97,SOL/INR,1h,LONG,2025-01-12 08:30:00+05:30,2025-01-13 00:30:00+05:30,188.44,15735.01,173.37,233.67,189.23,15800.45,INTRADAY_SQUAREOFF,0.01,99.82,0.397203,6250.0,25.99,7.39,18.6,18.6,9982.15,10000.75
98,SOL/INR,1h,LONG,2025-01-13 06:30:00+05:30,2025-01-13 16:30:00+05:30,191.84,16018.79,176.49,237.88,176.41,14729.92,STOP_LOSS,0.01,100.01,0.390167,6250.0,-502.87,7.08,-509.95,-509.95,10000.75,9490.8
99,SOL/INR,1h,LONG,2025-01-14 14:30:00+05:30,2025-01-15 00:30:00+05:30,187.35,15644.05,172.37,232.32,186.45,15568.81,INTRADAY_SQUAREOFF,0.01,94.91,0.399513,6250.0,-30.06,7.36,-37.42,-37.42,9490.8,9453.38
100,SOL/INR,1h,LONG,2025-01-15 04:30:00+05:30,2025-01-16 00:30:00+05:30,188.74,15759.63,173.64,234.04,201.29,16807.6,INTRADAY_SQUAREOFF,0.01,94.53,0.396583,6250.0,415.61,7.62,407.98,407.98,9453.38,9861.36
101,SOL/INR,1h,LONG,2025-01-16 04:30:00+05:30,2025-01-17 00:30:00+05:30,204.7,17092.28,188.32,253.83,212.42,17737.46,INTRADAY_SQUAREOFF,0.01,98.61,0.365662,6250.0,235.92,7.51,228.41,228.41,9861.36,10089.77
102,SOL/INR,1h,LONG,2025-01-17 07:30:00+05:30,2025-01-18 00:30:00+05:30,214.86,17940.94,197.67,266.43,216.51,18078.39,INTRADAY_SQUAREOFF,0.01,100.9,0.348365,6250.0,47.88,7.4,40.48,40.48,10089.77,10130.25
103,SOL/INR,1h,LONG,2025-01-18 08:30:00+05:30,2025-01-19 00:30:00+05:30,221.58,18502.16,203.86,274.76,253.78,21190.96,INTRADAY_SQUAREOFF,0.01,101.3,0.337798,6250.0,908.28,7.91,900.36,900.36,10130.25,11030.61
104,SOL/INR,1h,LONG,2025-01-19 05:30:00+05:30,2025-01-20 00:30:00+05:30,263.58,22008.96,242.49,326.84,271.55,22674.59,INTRADAY_SQUAREOFF,0.01,110.31,0.283975,6250.0,189.02,7.49,181.54,181.54,11030.61,11212.15
105,SOL/INR,1h,LONG,2025-01-20 02:30:00+05:30,2025-01-20 04:30:00+05:30,277.26,23151.15,255.08,343.8,254.95,21288.41,STOP_LOSS,0.01,112.12,0.269965,6250.0,-502.87,7.08,-509.95,-509.95,11212.15,10702.19
106,SOL/INR,1h,SHORT,2025-01-20 08:30:00+05:30,2025-01-20 11:30:00+05:30,231.77,19353.19,250.32,176.15,250.44,20911.9,STOP_LOSS,0.01,107.02,0.322944,6250.0,-503.37,7.67,-511.05,-511.05,10702.19,10191.15
107,SOL/INR,1h,SHORT,2025-01-20 16:30:00+05:30,2025-01-21 00:30:00+05:30,259.2,21643.31,279.94,196.99,249.47,20831.11,INTRADAY_SQUAREOFF,0.01,101.91,0.288773,6250.0,234.54,7.24,227.3,227.3,10191.15,10418.45
108,SOL/INR,1h,SHORT,2025-01-21 05:30:00+05:30,2025-01-22 00:30:00+05:30,241.99,20206.14,261.35,183.91,259.71,21685.39,INTRADAY_SQUAREOFF,0.01,104.18,0.309312,6250.0,-457.55,7.64,-465.19,-465.19,10418.45,9953.26
109,SOL/INR,1h,LONG,2025-01-22 06:30:00+05:30,2025-01-23 00:30:00+05:30,252.93,21119.95,232.7,313.64,253.91,21201.89,INTRADAY_SQUAREOFF,0.01,99.53,0.295929,6250.0,24.25,7.39,16.86,16.86,9953.26,9970.11
110,SOL/INR,1h,SHORT,2025-01-23 14:30:00+05:30,2025-01-24 00:30:00+05:30,245.96,20537.27,265.63,186.93,250.69,20932.24,INTRADAY_SQUAREOFF,0.01,99.7,0.304325,6250.0,-120.2,7.45,-127.65,-127.65,9970.11,9842.47
111,SOL/INR,1h,SHORT,2025-01-24 03:30:00+05:30,2025-01-24 13:30:00+05:30,245.12,20467.55,264.73,186.29,264.86,22116.01,STOP_LOSS,0.01,98.42,0.305361,6250.0,-503.37,7.67,-511.05,-511.05,9842.47,9331.42
112,SOL/INR,1h,LONG,2025-01-24 17:30:00+05:30,2025-01-25 00:30:00+05:30,267.09,22302.33,245.73,331.2,262.73,21937.92,INTRADAY_SQUAREOFF,0.01,93.31,0.28024,6250.0,-102.12,7.31,-109.44,-109.44,9331.42,9221.98
113,SOL/INR,1h,SHORT,2025-01-25 12:30:00+05:30,2025-01-26 00:30:00+05:30,246.81,20608.42,266.55,187.57,258.59,21591.94,INTRADAY_SQUAREOFF,0.01,92.22,0.303274,6250.0,-298.28,7.55,-305.83,-305.83,9221.98,8916.15
114,SOL/INR,1h,LONG,2025-01-26 04:30:00+05:30,2025-01-27 00:30:00+05:30,259.25,21647.52,238.51,321.47,256.63,21428.6,INTRADAY_SQUAREOFF,0.01,89.16,0.288717,6250.0,-63.21,7.34,-70.55,-70.55,8916.15,8845.61
115,SOL/INR,1h,SHORT,2025-01-27 10:30:00+05:30,2025-01-28 00:30:00+05:30,230.76,19268.13,249.22,175.37,224.71,18763.5,INTRADAY_SQUAREOFF,0.01,88.46,0.32437,6250.0,163.69,7.28,156.41,156.41,8845.61,9002.02
116,SOL/INR,1h,SHORT,2025-01-29 15:30:00+05:30,2025-01-30 00:30:00+05:30,231.01,19289.18,249.49,175.57,230.28,19228.78,INTRADAY_SQUAREOFF,0.01,90.02,0.324016,6250.0,19.57,7.36,12.21,12.21,9002.02,9014.22
117,SOL/INR,1h,LONG,2025-01-30 07:30:00+05:30,2025-01-31 00:30:00+05:30,235.24,19642.82,216.42,291.7,240.99,20122.53,INTRADAY_SQUAREOFF,0.01,90.14,0.318182,6250.0,152.64,7.47,145.17,145.17,9014.22,9159.4
118,SOL/INR,1h,LONG,2025-01-31 21:30:00+05:30,2025-02-01 00:30:00+05:30,240.89,20114.37,221.62,298.7,230.68,19261.45,INTRADAY_SQUAREOFF,0.01,91.59,0.310723,6250.0,-265.02,7.22,-272.24,-272.24,9159.4,8887.16
119,SOL/INR,1h,SHORT,2025-02-01 20:30:00+05:30,2025-02-02 00:30:00+05:30,225.29,18811.66,243.31,171.22,224.85,18774.96,INTRADAY_SQUAREOFF,0.01,88.87,0.332241,6250.0,12.19,7.37,4.82,4.82,8887.16,8891.98
120,SOL/INR,1h,SHORT,2025-02-02 09:30:00+05:30,2025-02-03 00:30:00+05:30,207.57,17331.88,224.17,157.75,197.23,16468.35,INTRADAY_SQUAREOFF,0.01,88.92,0.360607,6250.0,311.39,7.19,304.2,304.2,8891.98,9196.18
121,SOL/INR,1h,SHORT,2025-02-03 07:30:00+05:30,2025-02-03 09:30:00+05:30,182.6,15246.73,197.2,138.77,197.3,16474.71,STOP_LOSS,0.01,91.96,0.409924,6250.0,-503.38,7.67,-511.05,-511.05,9196.18,8685.14
122,SOL/INR,1h,SHORT,2025-02-03 15:30:00+05:30,2025-02-03 23:30:00+05:30,194.4,16232.13,209.95,147.74,210.05,17539.47,STOP_LOSS,0.01,86.85,0.385039,6250.0,-503.37,7.67,-511.05,-511.05,8685.14,8174.09
123,SOL/INR,1h,LONG,2025-02-04 03:30:00+05:30,2025-02-05 00:30:00+05:30,217.88,18192.95,200.45,270.17,214.11,17878.25,INTRADAY_SQUAREOFF,0.01,81.74,0.34354,6250.0,-108.11,7.31,-115.42,-115.42,8174.09,8058.67
124,SOL/INR,1h,SHORT,2025-02-05 07:30:00+05:30,2025-02-06 00:30:00+05:30,205.81,17185.16,222.28,156.42,197.67,16505.65,INTRADAY_SQUAREOFF,0.01,80.59,0.363686,6250.0,247.13,7.23,239.9,239.9,8058.67,8298.57
125,SOL/INR,1h,SHORT,2025-02-06 04:30:00+05:30,2025-02-07 00:30:00+05:30,195.78,16347.81,211.44,148.79,190.38,15896.45,INTRADAY_SQUAREOFF,0.01,82.99,0.382314,6250.0,172.56,7.27,165.29,165.29,8298.57,8463.86
126,SOL/INR,1h,SHORT,2025-02-07 04:30:00+05:30,2025-02-08 00:30:00+05:30,190.6,15915.21,205.85,144.86,198.49,16573.93,INTRADAY_SQUAREOFF,0.01,84.64,0.392706,6250.0,-258.68,7.53,-266.21,-266.21,8463.86,8197.64
127,SOL/INR,1h,SHORT,2025-02-08 10:30:00+05:30,2025-02-09 00:30:00+05:30,191.79,16014.35,207.13,145.76,196.78,16431.48,INTRADAY_SQUAREOFF,0.01,81.98,0.390275,6250.0,-162.8,7.47,-170.27,-170.27,8197.64,8027.38
128,SOL/INR,1h,LONG,2025-02-09 06:30:00+05:30,2025-02-10 00:30:00+05:30,200.43,16736.23,184.4,248.54,200.03,16702.53,INTRADAY_SQUAREOFF,0.01,80.27,0.373441,6250.0,-12.59,7.37,-19.95,-19.95,8027.38,8007.42
129,SOL/INR,1h,SHORT,2025-02-10 03:30:00+05:30,2025-02-11 00:30:00+05:30,194.19,16214.91,209.73,147.58,203.21,16967.98,INTRADAY_SQUAREOFF,0.01,80.07,0.385448,6250.0,-290.27,7.55,-297.82,-297.82,8007.42,7709.61
130,SOL/INR,1h,LONG,2025-02-11 07:30:00+05:30,2025-02-12 00:30:00+05:30,204.68,17090.87,188.31,253.8,196.54,16411.33,INTRADAY_SQUAREOFF,0.01,77.1,0.365692,6250.0,-248.5,7.23,-255.73,-255.73,7709.61,7453.88
131,SOL/INR,1h,SHORT,2025-02-12 08:30:00+05:30,2025-02-13 00:30:00+05:30,195.12,16292.81,210.73,148.29,193.41,16149.68,INTRADAY_SQUAREOFF,0.01,74.54,0.383605,6250.0,54.91,7.34,47.56,47.56,7453.88,7501.44
132,SOL/INR,1h,SHORT,2025-02-13 06:30:00+05:30,2025-02-14 00:30:00+05:30,195.18,16297.12,210.79,148.33,193.26,16137.25,INTRADAY_SQUAREOFF,0.01,75.01,0.383503,6250.0,61.31,7.34,53.97,53.97,7501.44,7555.41
133,SOL/INR,1h,LONG,2025-02-14 12:30:00+05:30,2025-02-15 00:30:00+05:30,196.36,16396.22,180.65,243.49,203.02,16952.2,INTRADAY_SQUAREOFF,0.01,75.55,0.381185,6250.0,211.93,7.5,204.43,204.43,7555.41,7759.85
134,SOL/INR,1h,SHORT,2025-02-15 23:30:00+05:30,2025-02-16 01:30:00+05:30,193.45,16153.22,208.93,147.02,194.3,16223.81,INTRADAY_SQUAREOFF,0.01,77.6,0.38692,6250.0,-27.31,7.39,-34.7,-34.7,7759.85,7725.14
135,SOL/INR,1h,SHORT,2025-02-16 08:30:00+05:30,2025-02-17 00:30:00+05:30,193.39,16147.96,208.86,146.98,189.36,15811.2,INTRADAY_SQUAREOFF,0.01,77.25,0.387046,6250.0,130.34,7.3,123.04,123.04,7725.14,7848.18
136,SOL/INR,1h,SHORT,2025-02-17 08:30:00+05:30,2025-02-18 00:30:00+05:30,187.14,15626.46,202.11,142.23,175.84,14682.4,INTRADAY_SQUAREOFF,0.01,78.48,0.399963,6250.0,377.59,7.15,370.44,370.44,7848.18,8218.62
137,SOL/INR,1h,SHORT,2025-02-18 05:30:00+05:30,2025-02-19 00:30:00+05:30,177.57,14827.26,191.78,134.95,164.55,13739.98,INTRADAY_SQUAREOFF,0.01,82.19,0.421521,6250.0,458.31,7.1,451.2,451.2,8218.62,8669.82
138,SOL/INR,1h,SHORT,2025-02-19 09:30:00+05:30,2025-02-20 00:30:00+05:30,167.15,13957.22,180.52,127.04,169.87,14184.3,INTRADAY_SQUAREOFF,0.01,86.7,0.447797,6250.0,-101.68,7.43,-109.12,-109.12,8669.82,8560.7
139,SOL/INR,1h,LONG,2025-02-21 05:30:00+05:30,2025-02-22 00:30:00+05:30,176.47,14735.02,162.35,218.82,171.66,14333.72,INTRADAY_SQUAREOFF,0.01,85.61,0.424159,6250.0,-170.22,7.27,-177.49,-177.49,8560.7,8383.21
140,SOL/INR,1h,SHORT,2025-02-22 12:30:00+05:30,2025-02-23 00:30:00+05:30,170.85,14266.22,184.52,129.85,173.0,14445.78,INTRADAY_SQUAREOFF,0.01,83.83,0.438098,6250.0,-78.67,7.42,-86.09,-86.09,8383.21,8297.13
141,SOL/INR,1h,SHORT,2025-02-23 05:30:00+05:30,2025-02-24 00:30:00+05:30,172.06,14366.73,185.82,130.76,168.14,14039.71,INTRADAY_SQUAREOFF,0.01,82.97,0.435033,6250.0,142.26,7.29,134.97,134.97,8297.13,8432.1
142,SOL/INR,1h,SHORT,2025-02-24 06:30:00+05:30,2025-02-25 00:30:00+05:30,166.8,13927.46,180.14,126.76,152.18,12707.04,INTRADAY_SQUAREOFF,0.01,84.32,0.448754,6250.0,547.67,7.05,540.62,540.62,8432.1,8972.72
143,SOL/INR,1h,SHORT,2025-02-25 04:30:00+05:30,2025-02-26 00:30:00+05:30,142.8,11923.69,154.22,108.53,141.0,11773.25,INTRADAY_SQUAREOFF,0.01,89.73,0.524167,6250.0,78.85,7.33,71.52,71.52,8972.72,9044.24
144,SOL/INR,1h,SHORT,2025-02-26 23:30:00+05:30,2025-02-27 01:30:00+05:30,133.29,11129.75,143.95,101.3,131.9,11013.56,INTRADAY_SQUAREOFF,0.01,90.44,0.561558,6250.0,65.24,7.34,57.91,57.91,9044.24,9102.15
145,SOL/INR,1h,SHORT,2025-02-27 05:30:00+05:30,2025-02-28 00:30:00+05:30,134.53,11233.02,145.29,102.24,138.53,11567.37,INTRADAY_SQUAREOFF,0.01,91.02,0.556396,6250.0,-186.03,7.48,-193.52,-193.52,9102.15,8908.63
146,SOL/INR,1h,SHORT,2025-02-28 16:30:00+05:30,2025-02-28 19:30:00+05:30,130.07,10860.69,140.47,98.85,140.54,11735.41,STOP_LOSS,0.01,89.09,0.57547,6250.0,-503.37,7.67,-511.05,-511.05,8908.63,8397.58
147,SOL/INR,1h,LONG,2025-03-01 00:30:00+05:30,2025-03-02 00:30:00+05:30,146.82,12259.32,135.07,182.05,140.38,11721.76,INTRADAY_SQUAREOFF,0.01,83.98,0.509816,6250.0,-274.06,7.21,-281.27,-281.27,8397.58,8116.31
148,SOL/INR,1h,LONG,2025-03-02 21:30:00+05:30,2025-03-03 00:30:00+05:30,161.23,13462.46,148.33,199.92,168.84,14098.29,INTRADAY_SQUAREOFF,0.01,81.16,0.464254,6250.0,295.18,7.55,287.64,287.64,8116.31,8403.95
149,SOL/INR,1h,SHORT,2025-03-03 20:30:00+05:30,2025-03-04 00:30:00+05:30,157.42,13144.24,170.01,119.64,149.24,12461.22,INTRADAY_SQUAREOFF,0.01,84.04,0.475493,6250.0,324.77,7.18,317.59,317.59,8403.95,8721.54
150,SOL/INR,1h,SHORT,2025-03-04 03:30:00+05:30,2025-03-05 00:30:00+05:30,139.76,11670.18,150.94,106.22,142.73,11917.74,INTRADAY_SQUAREOFF,0.01,87.22,0.535553,6250.0,-132.58,7.45,-140.04,-140.04,8721.54,8581.5
151,SOL/INR,1h,LONG,2025-03-05 03:30:00+05:30,2025-03-06 00:30:00+05:30,146.41,12225.26,134.7,181.55,144.26,12045.32,INTRADAY_SQUAREOFF,0.01,85.81,0.511237,6250.0,-91.99,7.32,-99.32,-99.32,8581.5,8482.18
152,SOL/INR,1h,LONG,2025-03-06 10:30:00+05:30,2025-03-07 00:30:00+05:30,150.0,12525.29,138.0,186.0,143.19,11956.04,INTRADAY_SQUAREOFF,0.01,84.82,0.49899,6250.0,-284.05,7.21,-291.26,-291.26,8482.18,8190.92
153,SOL/INR,1h,SHORT,2025-03-07 05:30:00+05:30,2025-03-08 00:30:00+05:30,143.28,11963.97,154.74,108.89,150.1,12533.21,INTRADAY_SQUAREOFF,0.01,81.91,0.522402,6250.0,-297.37,7.55,-304.92,-304.92,8190.92,7886.0
154,SOL/INR,1h,SHORT,2025-03-09 15:30:00+05:30,2025-03-10 00:30:00+05:30,137.99,11522.17,149.03,104.87,127.73,10665.7,INTRADAY_SQUAREOFF,0.01,78.86,0.542432,6250.0,464.58,7.1,457.48,457.48,7886.0,8343.48
155,SOL/INR,1h,SHORT,2025-03-10 14:30:00+05:30,2025-03-11 00:30:00+05:30,126.09,10528.42,136.18,95.83,116.27,9708.22,INTRADAY_SQUAREOFF,0.01,83.43,0.593631,6250.0,486.9,7.09,479.81,479.81,8343.48,8823.29
156,SOL/INR,1h,SHORT,2025-03-11 06:30:00+05:30,2025-03-11 10:30:00+05:30,113.17,9449.3,122.22,86.01,122.28,10210.35,STOP_LOSS,0.01,88.23,0.661425,6250.0,-503.37,7.67,-511.05,-511.05,8823.29,8312.24
157,SOL/INR,1h,LONG,2025-03-12 07:30:00+05:30,2025-03-13 00:30:00+05:30,126.78,10585.97,116.64,157.2,124.36,10384.03,INTRADAY_SQUAREOFF,0.01,83.12,0.590404,6250.0,-119.23,7.3,-126.53,-126.53,8312.24,8185.71
158,SOL/INR,1h,LONG,2025-03-13 04:30:00+05:30,2025-03-14 00:30:00+05:30,126.66,10575.7,116.52,157.05,122.84,10257.52,INTRADAY_SQUAREOFF,0.01,81.86,0.590978,6250.0,-188.03,7.26,-195.3,-195.3,8185.71,7990.41
159,SOL/INR,1h,SHORT,2025-03-14 09:30:00+05:30,2025-03-15 00:30:00+05:30,124.22,10372.02,134.15,94.4,134.22,11207.38,STOP_LOSS,0.01,79.9,0.602583,6250.0,-503.37,7.67,-511.05,-511.05,7990.41,7479.37
160,SOL/INR,1h,LONG,2025-03-15 03:30:00+05:30,2025-03-16 00:30:00+05:30,134.77,11252.98,123.98,167.11,134.17,11203.33,INTRADAY_SQUAREOFF,0.01,74.79,0.555408,6250.0,-27.58,7.36,-34.94,-34.94,7479.37,7444.43
161,SOL/INR,1h,LONG,2025-03-16 05:30:00+05:30,2025-03-17 00:30:00+05:30,136.04,11359.5,125.16,168.69,128.74,10750.14,INTRADAY_SQUAREOFF,0.01,74.44,0.5502,6250.0,-335.27,7.18,-342.44,-342.44,7444.43,7101.98
162,SOL/INR,1h,SHORT,2025-03-17 03:30:00+05:30,2025-03-18 00:30:00+05:30,126.43,10556.56,136.54,96.08,129.94,10849.78,INTRADAY_SQUAREOFF,0.01,71.02,0.592049,6250.0,-173.6,7.48,-181.08,-181.08,7101.98,6920.91
163,SOL/INR,1h,SHORT,2025-03-18 10:30:00+05:30,2025-03-19 00:30:00+05:30,123.9,10345.34,133.81,94.16,124.1,10362.48,INTRADAY_SQUAREOFF,0.01,69.21,0.604137,6250.0,-10.35,7.38,-17.73,-17.73,6920.91,6903.17
164,SOL/INR,1h,LONG,2025-03-19 19:30:00+05:30,2025-03-20 00:30:00+05:30,130.94,10933.3,120.46,162.36,132.92,11098.52,INTRADAY_SQUAREOFF,0.01,69.03,0.571648,6250.0,94.45,7.43,87.02,87.02,6903.17,6990.19
165,SOL/INR,1h,LONG,2025-03-20 04:30:00+05:30,2025-03-21 00:30:00+05:30,134.87,11261.83,124.08,167.24,127.25,10625.39,INTRADAY_SQUAREOFF,0.01,69.9,0.554972,6250.0,-353.21,7.17,-360.37,-360.37,6990.19,6629.82
166,SOL/INR,1h,SHORT,2025-03-21 03:30:00+05:30,2025-03-22 00:30:00+05:30,127.51,10646.77,137.71,96.9,127.5,10645.86,INTRADAY_SQUAREOFF,0.01,66.3,0.587033,6250.0,0.53,7.37,-6.85,-6.85,6629.82,6622.97
167,SOL/INR,1h,LONG,2025-03-23 12:30:00+05:30,2025-03-24 00:30:00+05:30,130.99,10937.36,120.51,162.42,130.92,10931.96,INTRADAY_SQUAREOFF,0.01,66.23,0.571436,6250.0,-3.09,7.37,-10.46,-10.46,6622.97,6612.52
168,SOL/INR,1h,LONG,2025-03-24 08:30:00+05:30,2025-03-25 00:30:00+05:30,135.06,11277.63,124.26,167.48,142.24,11876.66,INTRADAY_SQUAREOFF,0.01,66.13,0.554194,6250.0,331.98,7.57,324.41,324.41,6612.52,6936.92
169,SOL/INR,1h,LONG,2025-03-25 06:30:00+05:30,2025-03-26 00:30:00+05:30,142.3,11881.8,130.91,176.45,145.22,12126.13,INTRADAY_SQUAREOFF,0.01,69.37,0.526014,6250.0,128.52,7.45,121.07,121.07,6936.92,7057.99
170,SOL/INR,1h,LONG,2025-03-26 06:30:00+05:30,2025-03-27 00:30:00+05:30,144.54,12068.9,132.97,179.23,137.5,11481.13,INTRADAY_SQUAREOFF,0.01,70.58,0.51786,6250.0,-304.38,7.2,-311.58,-311.58,7057.99,6746.41
171,SOL/INR,1h,SHORT,2025-03-27 16:30:00+05:30,2025-03-28 00:30:00+05:30,137.53,11484.02,148.54,104.53,139.02,11608.44,INTRADAY_SQUAREOFF,0.01,67.46,0.544234,6250.0,-67.71,7.41,-75.13,-75.13,6746.41,6671.28
172,SOL/INR,1h,SHORT,2025-03-28 05:30:00+05:30,2025-03-29 00:30:00+05:30,138.08,11529.97,149.13,104.94,129.59,10820.68,INTRADAY_SQUAREOFF,0.01,66.71,0.542066,6250.0,384.48,7.15,377.33,377.33,6671.28,7048.61
173,SOL/INR,1h,SHORT,2025-03-29 07:30:00+05:30,2025-03-30 00:30:00+05:30,129.25,10792.74,139.59,98.23,125.06,10442.61,INTRADAY_SQUAREOFF,0.01,70.49,0.579093,6250.0,202.76,7.26,195.5,195.5,7048.61,7244.12
174,SOL/INR,1h,SHORT,2025-03-30 04:30:00+05:30,2025-03-31 00:30:00+05:30,123.03,10272.74,132.87,93.5,126.15,10533.29,INTRADAY_SQUAREOFF,0.01,72.44,0.608406,6250.0,-158.52,7.47,-165.99,-165.99,7244.12,7078.13
175,SOL/INR,1h,LONG,2025-04-01 21:30:00+05:30,2025-04-02 00:30:00+05:30,130.06,10860.18,119.66,161.28,126.38,10552.75,INTRADAY_SQUAREOFF,0.01,70.78,0.575497,6250.0,-176.92,7.27,-184.2,-184.2,7078.13,6893.93
176,SOL/INR,1h,LONG,2025-04-02 04:30:00+05:30,2025-04-03 00:30:00+05:30,127.14,10615.89,116.97,157.65,129.94,10849.99,INTRADAY_SQUAREOFF,0.01,68.94,0.58874,6250.0,137.82,7.46,130.36,130.36,6893.93,7024.3
177,SOL/INR,1h,SHORT,2025-04-03 11:30:00+05:30,2025-04-04 00:30:00+05:30,118.95,9932.5,128.47,90.4,115.1,9610.47,INTRADAY_SQUAREOFF,0.01,70.24,0.629247,6250.0,202.64,7.26,195.38,195.38,7024.3,7219.68
178,SOL/INR,1h,SHORT,2025-04-04 06:30:00+05:30,2025-04-05 00:30:00+05:30,115.97,9683.64,125.25,88.14,121.86,10175.5,INTRADAY_SQUAREOFF,0.01,72.2,0.645418,6250.0,-317.46,7.56,-325.02,-325.02,7219.68,6894.66
179,SOL/INR,1h,LONG,2025-04-05 13:30:00+05:30,2025-04-06 00:30:00+05:30,121.16,10117.14,111.47,150.24,118.87,9925.78,INTRADAY_SQUAREOFF,0.01,68.95,0.617763,6250.0,-118.22,7.31,-125.52,-125.52,6894.66,6769.14
180,SOL/INR,1h,SHORT,2025-04-06 18:30:00+05:30,2025-04-07 00:30:00+05:30,116.47,9725.38,125.79,88.52,108.13,9028.85,INTRADAY_SQUAREOFF,0.01,67.69,0.642648,6250.0,447.62,7.11,440.51,440.51,6769.14,7209.65
181,SOL/INR,1h,SHORT,2025-04-07 02:30:00+05:30,2025-04-08 00:30:00+05:30,106.39,8883.53,114.9,80.86,106.01,8851.75,INTRADAY_SQUAREOFF,0.01,72.1,0.703549,6250.0,22.36,7.36,15.0,15.0,7209.65,7224.64
182,SOL/INR,1h,LONG,2025-04-08 07:30:00+05:30,2025-04-09 00:30:00+05:30,111.2,9284.96,102.3,137.88,105.7,8826.03,INTRADAY_SQUAREOFF,0.01,72.25,0.673131,6250.0,-308.92,7.19,-316.11,-316.11,7224.64,6908.53
183,SOL/INR,1h,SHORT,2025-04-09 06:30:00+05:30,2025-04-09 22:30:00+05:30,104.36,8714.15,112.71,79.31,112.77,9415.99,STOP_LOSS,0.01,69.09,0.717224,6250.0,-503.37,7.67,-511.05,-511.05,6908.53,6397.48
184,SOL/INR,1h,SHORT,2025-04-11 06:30:00+05:30,2025-04-11 22:30:00+05:30,112.21,9369.53,121.19,85.28,121.25,10124.16,STOP_LOSS,0.01,63.97,0.648657,6077.61,-489.49,7.46,-496.95,-496.95,6397.48,5900.53
185,SOL/INR,1h,LONG,2025-04-12 05:30:00+05:30,2025-04-13 00:30:00+05:30,121.69,10161.21,111.96,150.9,130.81,10922.94,INTRADAY_SQUAREOFF,0.01,59.01,0.551658,5605.51,420.22,6.86,413.36,413.36,5900.53,6313.89
186,SOL/INR,1h,LONG,2025-04-13 02:30:00+05:30,2025-04-14 00:30:00+05:30,133.47,11144.55,122.79,165.5,131.54,10983.59,INTRADAY_SQUAREOFF,0.01,63.14,0.538218,5998.2,-86.64,7.03,-93.66,-93.66,6313.89,6220.23
187,SOL/INR,1h,LONG,2025-04-14 16:30:00+05:30,2025-04-15 00:30:00+05:30,133.95,11184.43,123.23,166.09,130.24,10875.33,INTRADAY_SQUAREOFF,0.01,62.2,0.528343,5909.22,-163.31,6.88,-170.18,-170.18,6220.23,6050.04
188,SOL/INR,1h,LONG,2025-04-15 07:30:00+05:30,2025-04-16 00:30:00+05:30,130.41,10889.47,119.98,161.71,128.08,10694.34,INTRADAY_SQUAREOFF,0.01,60.5,0.527807,5747.54,-102.99,6.72,-109.71,-109.71,6050.04,5940.33
189,SOL/INR,1h,SHORT,2025-04-16 04:30:00+05:30,2025-04-17 00:30:00+05:30,126.1,10529.29,136.19,95.84,128.61,10739.16,INTRADAY_SQUAREOFF,0.01,59.4,0.535964,5643.32,-112.49,6.73,-119.21,-119.21,5940.33,5821.12
190,SOL/INR,1h,LONG,2025-04-17 11:30:00+05:30,2025-04-18 00:30:00+05:30,133.35,11134.74,122.68,165.35,134.52,11232.32,INTRADAY_SQUAREOFF,0.01,58.21,0.49665,5530.07,48.47,6.55,41.91,41.91,5821.12,5863.03
191,SOL/INR,1h,LONG,2025-04-18 02:30:00+05:30,2025-04-19 00:30:00+05:30,135.13,11283.12,124.32,167.56,133.89,11179.6,INTRADAY_SQUAREOFF,0.01,58.63,0.493647,5569.88,-51.1,6.54,-57.65,-57.65,5863.03,5805.39
192,SOL/INR,1h,LONG,2025-04-19 03:30:00+05:30,2025-04-20 00:30:00+05:30,134.36,11218.97,123.61,166.6,138.51,11565.74,INTRADAY_SQUAREOFF,0.01,58.05,0.491589,5515.12,170.47,6.61,163.86,163.86,5805.39,5969.25
193,SOL/INR,1h,SHORT,2025-04-20 21:30:00+05:30,2025-04-21 00:30:00+05:30,135.71,11332.0,146.57,103.14,136.54,11400.8,INTRADAY_SQUAREOFF,0.01,59.69,0.500423,5670.79,-34.43,6.71,-41.14,-41.14,5969.25,5928.11
194,SOL/INR,1h,SHORT,2025-04-21 04:30:00+05:30,2025-04-22 00:30:00+05:30,136.49,11397.0,147.41,103.73,135.47,11311.39,INTRADAY_SQUAREOFF,0.01,59.28,0.494139,5631.7,42.3,6.62,35.68,35.68,5928.11,5963.79
195,SOL/INR,1h,SHORT,2025-04-22 04:30:00+05:30,2025-04-23 00:30:00+05:30,136.03,11358.68,146.91,103.38,144.98,12105.97,INTRADAY_SQUAREOFF,0.01,59.64,0.49879,5665.6,-372.74,6.91,-379.65,-379.65,5963.79,5584.15
196,SOL/INR,1h,LONG,2025-04-23 03:30:00+05:30,2025-04-24 00:30:00+05:30,148.07,12363.48,136.22,183.6,150.74,12586.73,INTRADAY_SQUAREOFF,0.01,55.84,0.429081,5304.94,95.79,6.32,89.48,89.48,5584.15,5673.62
197,SOL/INR,1h,LONG,2025-04-24 02:30:00+05:30,2025-04-25 00:30:00+05:30,151.18,12623.67,139.09,187.47,151.81,12676.12,INTRADAY_SQUAREOFF,0.01,56.74,0.426971,5389.94,22.39,6.37,16.02,16.02,5673.62,5689.64
198,SOL/INR,1h,LONG,2025-04-25 12:30:00+05:30,2025-04-26 00:30:00+05:30,153.85,12846.74,141.54,190.78,151.14,12620.56,INTRADAY_SQUAREOFF,0.01,56.9,0.420742,5405.16,-95.16,6.32,-101.48,-101.48,5689.64,5588.16
199,SOL/INR,1h,SHORT,2025-04-27 00:30:00+05:30,2025-04-28 00:30:00+05:30,148.77,12421.95,160.67,113.06,149.99,12523.78,INTRADAY_SQUAREOFF,0.01,55.88,0.427369,5308.75,-43.52,6.29,-49.81,-49.81,5588.16,5538.35
200,SOL/INR,1h,SHORT,2025-04-29 10:30:00+05:30,2025-04-30 00:30:00+05:30,146.4,12224.11,158.11,111.26,150.04,12528.26,INTRADAY_SQUAREOFF,0.01,55.38,0.430415,5261.43,-130.91,6.29,-137.2,-137.2,5538.35,5401.15
201,SOL/INR,1h,SHORT,2025-04-30 18:30:00+05:30,2025-05-01 00:30:00+05:30,144.71,12083.35,156.29,109.98,145.61,12158.35,INTRADAY_SQUAREOFF,0.01,54.01,0.424642,5131.1,-31.85,6.07,-37.92,-37.92,5401.15,5363.23
202,SOL/INR,1h,LONG,2025-05-01 11:30:00+05:30,2025-05-02 00:30:00+05:30,149.37,12472.29,137.42,185.22,151.07,12614.28,INTRADAY_SQUAREOFF,0.01,53.63,0.408511,5095.07,58.0,6.05,51.96,51.96,5363.23,5415.19
203,SOL/INR,1h,LONG,2025-05-02 03:30:00+05:30,2025-05-03 00:30:00+05:30,150.98,12606.81,138.9,187.21,149.5,12483.12,INTRADAY_SQUAREOFF,0.01,54.15,0.408068,5144.43,-50.47,6.04,-56.51,-56.51,5415.19,5358.68
204,SOL/INR,1h,SHORT,2025-05-03 03:30:00+05:30,2025-05-04 00:30:00+05:30,147.44,12310.86,159.23,112.05,146.79,12257.3,INTRADAY_SQUAREOFF,0.01,53.59,0.413516,5090.74,22.15,5.99,16.15,16.15,5358.68,5374.83
205,SOL/INR,1h,SHORT,2025-05-04 05:30:00+05:30,2025-05-05 00:30:00+05:30,146.71,12250.08,158.44,111.5,146.81,12258.39,INTRADAY_SQUAREOFF,0.01,53.75,0.416821,5106.09,-3.47,6.03,-9.49,-9.49,5374.83,5365.34
206,SOL/INR,1h,SHORT,2025-05-05 04:30:00+05:30,2025-05-06 00:30:00+05:30,145.09,12115.01,156.7,110.27,146.7,12249.43,INTRADAY_SQUAREOFF,0.01,53.65,0.420724,5097.07,-56.55,6.05,-62.6,-62.6,5365.34,5302.74
207,SOL/INR,1h,LONG,2025-05-07 13:30:00+05:30,2025-05-08 00:30:00+05:30,147.31,12300.29,135.52,182.66,146.55,12236.58,INTRADAY_SQUAREOFF,0.01,53.03,0.409552,5037.6,-26.09,5.93,-32.02,-32.02,5302.74,5270.72
208,SOL/INR,1h,LONG,2025-05-08 03:30:00+05:30,2025-05-09 00:30:00+05:30,147.57,12321.83,135.76,182.98,159.86,13348.56,INTRADAY_SQUAREOFF,0.01,52.71,0.406367,5007.18,417.23,6.15,411.08,411.08,5270.72,5681.8
209,SOL/INR,1h,LONG,2025-05-09 05:30:00+05:30,2025-05-10 00:30:00+05:30,164.15,13706.38,151.02,203.54,171.8,14345.04,INTRADAY_SQUAREOFF,0.01,56.82,0.39381,5397.71,251.51,6.52,244.99,244.99,5681.8,5926.79
210,SOL/INR,1h,LONG,2025-05-10 02:30:00+05:30,2025-05-11 00:30:00+05:30,173.01,14446.39,159.17,214.53,172.42,14397.22,INTRADAY_SQUAREOFF,0.01,59.27,0.389748,5630.45,-19.16,6.63,-25.79,-25.79,5926.79,5900.99
211,SOL/INR,1h,LONG,2025-05-11 02:30:00+05:30,2025-05-12 00:30:00+05:30,172.94,14440.86,159.11,214.45,172.61,14412.55,INTRADAY_SQUAREOFF,0.01,59.01,0.3882,5605.94,-10.99,6.61,-17.6,-17.6,5900.99,5883.39
212,SOL/INR,1h,SHORT,2025-05-12 04:30:00+05:30,2025-05-13 00:30:00+05:30,171.48,14318.39,185.2,130.32,170.73,14255.73,INTRADAY_SQUAREOFF,0.01,58.83,0.390353,5589.22,24.46,6.58,17.88,17.88,5883.39,5901.27
213,SOL/INR,1h,LONG,2025-05-14 10:30:00+05:30,2025-05-15 00:30:00+05:30,181.89,15187.45,167.33,225.54,176.27,14718.93,INTRADAY_SQUAREOFF,0.01,59.01,0.369135,5606.21,-172.95,6.51,-179.46,-179.46,5901.27,5721.82
214,SOL/INR,1h,SHORT,2025-05-15 04:30:00+05:30,2025-05-16 00:30:00+05:30,175.47,14651.53,189.5,133.36,169.67,14167.83,INTRADAY_SQUAREOFF,0.01,57.22,0.371001,5435.72,179.45,6.31,173.14,173.14,5721.82,5894.96
215,SOL/INR,1h,SHORT,2025-05-16 14:30:00+05:30,2025-05-17 00:30:00+05:30,169.64,14165.24,183.22,128.93,170.53,14239.28,INTRADAY_SQUAREOFF,0.01,58.95,0.395349,5600.21,-29.27,6.63,-35.89,-35.89,5894.96,5859.07
216,SOL/INR,1h,SHORT,2025-05-17 02:30:00+05:30,2025-05-18 00:30:00+05:30,169.01,14112.11,182.53,128.45,165.8,13844.48,INTRADAY_SQUAREOFF,0.01,58.59,0.394421,5566.11,105.56,6.51,99.05,99.05,5859.07,5958.12
217,SOL/INR,1h,LONG,2025-05-18 18:30:00+05:30,2025-05-19 00:30:00+05:30,171.64,14332.13,157.91,212.84,170.05,14199.0,INTRADAY_SQUAREOFF,0.01,59.58,0.394932,5660.21,-52.58,6.65,-59.23,-59.23,5958.12,5898.89
218,SOL/INR,1h,SHORT,2025-05-19 18:30:00+05:30,2025-05-20 00:30:00+05:30,160.29,13384.45,173.12,121.82,164.8,13760.85,INTRADAY_SQUAREOFF,0.01,58.99,0.418691,5603.95,-157.59,6.71,-164.3,-164.3,5898.89,5734.59
219,SOL/INR,1h,LONG,2025-05-20 21:30:00+05:30,2025-05-21 00:30:00+05:30,167.23,13963.62,153.85,207.36,164.82,13762.73,INTRADAY_SQUAREOFF,0.01,57.35,0.390147,5447.86,-78.38,6.38,-84.76,-84.76,5734.59,5649.83
220,SOL/INR,1h,LONG,2025-05-21 17:30:00+05:30,2025-05-22 00:30:00+05:30,169.66,14166.45,156.09,210.38,168.18,14043.3,INTRADAY_SQUAREOFF,0.01,56.5,0.378877,5367.34,-46.66,6.31,-52.96,-52.96,5649.83,5596.87
221,SOL/INR,1h,LONG,2025-05-22 13:30:00+05:30,2025-05-23 00:30:00+05:30,178.59,14912.25,164.3,221.45,179.48,14986.48,INTRADAY_SQUAREOFF,0.01,55.97,0.356554,5317.03,26.47,6.29,20.18,20.18,5596.87,5617.05
222,SOL/INR,1h,LONG,2025-05-23 05:30:00+05:30,2025-05-24 00:30:00+05:30,179.97,15027.13,165.57,223.16,178.68,14919.9,INTRADAY_SQUAREOFF,0.01,56.17,0.355104,5336.19,-38.08,6.27,-44.35,-44.35,5617.05,5572.69
223,SOL/INR,1h,SHORT,2025-05-24 02:30:00+05:30,2025-05-25 00:30:00+05:30,177.02,14781.07,191.18,134.53,176.95,14775.41,INTRADAY_SQUAREOFF,0.01,55.73,0.358165,5294.06,2.03,6.25,-4.22,-4.22,5572.69,5568.47
224,SOL/INR,1h,SHORT,2025-05-25 13:30:00+05:30,2025-05-26 00:30:00+05:30,172.03,14364.84,185.8,130.75,171.78,14343.42,INTRADAY_SQUAREOFF,0.01,55.68,0.368264,5290.05,7.89,6.24,1.65,1.65,5568.47,5570.13
225,SOL/INR,1h,LONG,2025-05-26 10:30:00+05:30,2025-05-27 00:30:00+05:30,177.36,14809.34,163.17,219.92,174.21,14546.85,INTRADAY_SQUAREOFF,0.01,55.7,0.357317,5291.62,-93.79,6.19,-99.98,-99.98,5570.13,5470.15
226,SOL/INR,1h,SHORT,2025-05-27 07:30:00+05:30,2025-05-28 00:30:00+05:30,171.6,14329.0,185.33,130.42,178.77,14926.88,INTRADAY_SQUAREOFF,0.01,54.7,0.362666,5196.64,-216.83,6.26,-223.09,-223.09,5470.15,5247.06
227,SOL/INR,1h,SHORT,2025-05-28 19:30:00+05:30,2025-05-29 00:30:00+05:30,172.76,14425.48,186.58,131.3,170.12,14205.27,INTRADAY_SQUAREOFF,0.01,52.47,0.345549,4984.7,76.09,5.84,70.26,70.26,5247.06,5317.31
228,SOL/INR,1h,LONG,2025-05-29 14:30:00+05:30,2025-05-30 00:30:00+05:30,173.16,14458.47,159.3,214.71,168.2,14044.29,INTRADAY_SQUAREOFF,0.01,53.17,0.349376,5051.45,-144.71,5.88,-150.58,-150.58,5317.31,5166.73
229,SOL/INR,1h,SHORT,2025-05-30 05:30:00+05:30,2025-05-31 00:30:00+05:30,166.31,13886.84,179.61,126.4,160.48,13400.22,INTRADAY_SQUAREOFF,0.01,51.67,0.353457,4908.39,172.0,5.69,166.31,166.31,5166.73,5333.04
230,SOL/INR,1h,SHORT,2025-05-31 02:30:00+05:30,2025-06-01 00:30:00+05:30,159.9,13351.9,172.7,121.53,156.67,13082.02,INTRADAY_SQUAREOFF,0.01,53.33,0.37945,5066.38,102.41,5.92,96.49,96.49,5333.04,5429.52
231,SOL/INR,1h,SHORT,2025-06-01 18:30:00+05:30,2025-06-02 00:30:00+05:30,150.88,12598.12,162.95,114.67,154.74,12920.94,INTRADAY_SQUAREOFF,0.01,54.3,0.40943,5158.05,-132.17,6.16,-138.34,-138.34,5429.52,5291.19
232,SOL/INR,1h,LONG,2025-06-02 03:30:00+05:30,2025-06-03 00:30:00+05:30,157.14,13121.57,144.57,194.86,153.23,12795.12,INTRADAY_SQUAREOFF,0.01,52.91,0.383081,5026.63,-125.06,5.86,-130.91,-130.91,5291.19,5160.27
233,SOL/INR,1h,LONG,2025-06-03 11:30:00+05:30,2025-06-04 00:30:00+05:30,159.68,13333.23,146.91,198.0,160.37,13390.61,INTRADAY_SQUAREOFF,0.01,51.6,0.367672,4902.26,21.1,5.8,15.3,15.3,5160.27,5175.57
234,SOL/INR,1h,SHORT,2025-06-04 17:30:00+05:30,2025-06-05 00:30:00+05:30,155.92,13019.47,168.4,118.5,155.79,13008.28,INTRADAY_SQUAREOFF,0.01,51.76,0.377649,4916.79,4.23,5.8,-1.57,-1.57,5175.57,5174.0
235,SOL/INR,1h,SHORT,2025-06-05 02:30:00+05:30,2025-06-06 00:30:00+05:30,154.19,12874.8,166.52,117.18,149.57,12489.13,INTRADAY_SQUAREOFF,0.01,51.74,0.381777,4915.3,147.24,5.71,141.53,141.53,5174.0,5315.53
236,SOL/INR,1h,LONG,2025-06-07 18:30:00+05:30,2025-06-08 00:30:00+05:30,152.45,12729.34,140.25,189.03,150.56,12571.96,INTRADAY_SQUAREOFF,0.01,53.16,0.396702,5049.75,-62.43,5.92,-68.36,-68.36,5315.53,5247.17
237,SOL/INR,1h,LONG,2025-06-08 07:30:00+05:30,2025-06-09 00:30:00+05:30,150.33,12552.8,138.31,186.41,153.92,12852.51,INTRADAY_SQUAREOFF,0.01,52.47,0.397107,4984.81,119.02,5.95,113.06,113.06,5247.17,5360.24
238,SOL/INR,1h,LONG,2025-06-10 03:30:00+05:30,2025-06-11 00:30:00+05:30,159.55,13322.41,146.79,197.84,164.0,13693.97,INTRADAY_SQUAREOFF,0.01,53.6,0.38223,5092.22,142.02,6.09,135.93,135.93,5360.24,5496.17
239,SOL/INR,1h,LONG,2025-06-11 02:30:00+05:30,2025-06-12 00:30:00+05:30,165.54,13822.4,152.29,205.27,163.28,13634.12,INTRADAY_SQUAREOFF,0.01,54.96,0.377746,5221.36,-71.12,6.12,-77.24,-77.24,5496.17,5418.92
240,SOL/INR,1h,SHORT,2025-06-12 17:30:00+05:30,2025-06-13 00:30:00+05:30,157.63,13162.52,170.25,119.8,157.87,13181.74,INTRADAY_SQUAREOFF,0.01,54.19,0.391109,5147.98,-7.52,6.08,-13.6,-13.6,5418.92,5405.33
241,SOL/INR,1h,SHORT,2025-06-13 06:30:00+05:30,2025-06-14 00:30:00+05:30,143.92,12016.91,155.43,109.38,145.45,12144.83,INTRADAY_SQUAREOFF,0.01,54.05,0.42732,5135.06,-54.66,6.09,-60.76,-60.76,5405.33,5344.57
242,SOL/INR,1h,SHORT,2025-06-14 07:30:00+05:30,2025-06-15 00:30:00+05:30,146.87,12263.83,158.62,111.62,144.24,12044.13,INTRADAY_SQUAREOFF,0.01,53.45,0.41401,5077.34,90.96,5.94,85.02,85.02,5344.57,5429.59
243,SOL/INR,1h,LONG,2025-06-15 17:30:00+05:30,2025-06-16 00:30:00+05:30,146.64,12244.82,134.91,181.84,152.68,12748.38,INTRADAY_SQUAREOFF,0.01,54.3,0.421249,5158.11,212.12,6.21,205.91,205.91,5429.59,5635.5
244,SOL/INR,1h,LONG,2025-06-16 05:30:00+05:30,2025-06-17 00:30:00+05:30,153.02,12776.77,140.77,189.74,158.03,13195.29,INTRADAY_SQUAREOFF,0.01,56.36,0.419021,5353.73,175.37,6.42,168.95,168.95,5635.5,5804.45
245,SOL/INR,1h,SHORT,2025-06-17 12:30:00+05:30,2025-06-18 00:30:00+05:30,152.79,12758.35,165.02,116.12,147.95,12354.15,INTRADAY_SQUAREOFF,0.01,58.04,0.432205,5514.23,174.7,6.4,168.29,168.29,5804.45,5972.74
246,SOL/INR,1h,SHORT,2025-06-18 04:30:00+05:30,2025-06-19 00:30:00+05:30,146.73,12252.02,158.47,111.52,144.28,12047.57,INTRADAY_SQUAREOFF,0.01,59.73,0.463116,5674.11,94.69,6.64,88.05,88.05,5972.74,6060.79
247,SOL/INR,1h,SHORT,2025-06-19 05:30:00+05:30,2025-06-20 00:30:00+05:30,146.1,12199.54,157.79,111.04,145.2,12123.91,INTRADAY_SQUAREOFF,0.01,60.61,0.471965,5757.75,35.7,6.77,28.92,28.92,6060.79,6089.71
248,SOL/INR,1h,LONG,2025-06-20 12:30:00+05:30,2025-06-21 00:30:00+05:30,145.65,12161.49,133.99,180.6,139.15,11618.63,INTRADAY_SQUAREOFF,0.01,60.9,0.475701,5785.23,-258.24,6.67,-264.91,-264.91,6089.71,5824.8
249,SOL/INR,1h,SHORT,2025-06-21 04:30:00+05:30,2025-06-22 00:30:00+05:30,138.88,11596.83,149.99,105.55,137.8,11506.47,INTRADAY_SQUAREOFF,0.01,58.25,0.477161,5533.56,43.12,6.5,36.62,36.62,5824.8,5861.42
250,SOL/INR,1h,SHORT,2025-06-22 03:30:00+05:30,2025-06-23 00:30:00+05:30,132.79,11088.14,143.42,100.92,129.58,10820.18,INTRADAY_SQUAREOFF,0.01,58.61,0.50219,5568.35,134.56,6.49,128.07,128.07,5861.42,5989.49
251,SOL/INR,1h,LONG,2025-06-23 23:30:00+05:30,2025-06-24 01:30:00+05:30,137.04,11443.04,126.08,169.93,139.76,11670.14,INTRADAY_SQUAREOFF,0.01,59.89,0.497247,5690.01,112.93,6.78,106.15,106.15,5989.49,6095.63
252,SOL/INR,1h,LONG,2025-06-24 11:30:00+05:30,2025-06-25 00:30:00+05:30,145.66,12162.39,134.0,180.62,143.7,11999.22,INTRADAY_SQUAREOFF,0.01,60.96,0.476128,5790.85,-77.69,6.79,-84.48,-84.48,6095.63,6011.16
253,SOL/INR,1h,LONG,2025-06-25 02:30:00+05:30,2025-06-26 00:30:00+05:30,145.17,12122.11,133.56,180.02,143.33,11968.24,INTRADAY_SQUAREOFF,0.01,60.11,0.47109,5710.6,-72.49,6.7,-79.18,-79.18,6011.16,5931.98
254,SOL/INR,1h,SHORT,2025-06-26 11:30:00+05:30,2025-06-27 00:30:00+05:30,144.18,12039.07,155.71,109.58,141.64,11826.62,INTRADAY_SQUAREOFF,0.01,59.32,0.468091,5635.38,99.45,6.59,92.86,92.86,5931.98,6024.83
255,SOL/INR,1h,SHORT,2025-06-27 03:30:00+05:30,2025-06-28 00:30:00+05:30,139.78,11671.27,150.96,106.23,140.6,11740.04,INTRADAY_SQUAREOFF,0.01,60.25,0.4904,5723.59,-33.73,6.77,-40.5,-40.5,6024.83,5984.33
256,SOL/INR,1h,LONG,2025-06-28 15:30:00+05:30,2025-06-29 00:30:00+05:30,147.52,12318.04,135.72,182.93,151.11,12618.08,INTRADAY_SQUAREOFF,0.01,59.84,0.461528,5685.12,138.47,6.79,131.68,131.68,5984.33,6116.02
257,SOL/INR,1h,LONG,2025-06-29 03:30:00+05:30,2025-06-30 00:30:00+05:30,151.03,12610.87,138.95,187.28,151.98,12690.57,INTRADAY_SQUAREOFF,0.01,61.16,0.460731,5810.22,36.72,6.88,29.85,29.85,6116.02,6145.86
258,SOL/INR,1h,LONG,2025-06-30 05:30:00+05:30,2025-07-01 00:30:00+05:30,153.62,12827.14,141.33,190.49,155.84,13012.51,INTRADAY_SQUAREOFF,0.01,61.46,0.455173,5838.57,84.38,6.94,77.44,77.44,6145.86,6223.3
259,SOL/INR,1h,SHORT,2025-07-02 00:30:00+05:30,2025-07-03 00:30:00+05:30,146.31,12216.58,158.01,111.19,152.35,12721.3,INTRADAY_SQUAREOFF,0.01,62.23,0.483943,5912.14,-244.25,7.12,-251.37,-251.37,6223.3,5971.93
260,SOL/INR,1h,LONG,2025-07-03 11:30:00+05:30,2025-07-04 00:30:00+05:30,155.91,13018.74,143.44,193.33,151.63,12661.46,INTRADAY_SQUAREOFF,0.01,59.72,0.435782,5673.33,-155.69,6.6,-162.3,-162.3,5971.93,5809.63
261,SOL/INR,1h,SHORT,2025-07-04 05:30:00+05:30,2025-07-05 00:30:00+05:30,152.18,12706.9,164.35,115.66,146.52,12234.08,INTRADAY_SQUAREOFF,0.01,58.1,0.434343,5519.15,205.37,6.39,198.97,198.97,5809.63,6008.6
262,SOL/INR,1h,SHORT,2025-07-05 19:30:00+05:30,2025-07-06 00:30:00+05:30,147.91,12350.75,159.75,112.41,146.56,12237.81,INTRADAY_SQUAREOFF,0.01,60.09,0.462172,5708.17,52.2,6.7,45.49,45.49,6008.6,6054.1
263,SOL/INR,1h,SHORT,2025-07-06 15:30:00+05:30,2025-07-07 00:30:00+05:30,146.93,12268.7,158.69,111.67,151.41,12643.14,INTRADAY_SQUAREOFF,0.01,60.54,0.468786,5751.39,-175.53,6.89,-182.42,-182.42,6054.1,5871.68
264,SOL/INR,1h,LONG,2025-07-07 08:30:00+05:30,2025-07-08 00:30:00+05:30,152.72,12751.79,140.5,189.37,150.04,12528.13,INTRADAY_SQUAREOFF,0.01,58.72,0.437436,5578.09,-97.83,6.52,-104.36,-104.36,5871.68,5767.32
265,SOL/INR,1h,SHORT,2025-07-08 08:30:00+05:30,2025-07-09 00:30:00+05:30,147.9,12349.62,159.73,112.4,152.85,12762.72,INTRADAY_SQUAREOFF,0.01,57.67,0.443654,5478.95,-183.28,6.57,-189.85,-189.85,5767.32,5577.47
266,SOL/INR,1h,LONG,2025-07-09 05:30:00+05:30,2025-07-10 00:30:00+05:30,151.94,12687.06,139.79,188.41,154.48,12899.24,INTRADAY_SQUAREOFF,0.01,55.77,0.417638,5298.6,88.62,6.3,82.31,82.31,5577.47,5659.78
267,SOL/INR,1h,LONG,2025-07-10 04:30:00+05:30,2025-07-11 00:30:00+05:30,157.95,13188.75,145.31,195.86,159.07,13282.0,INTRADAY_SQUAREOFF,0.01,56.6,0.40768,5376.79,38.01,6.37,31.65,31.65,5659.78,5691.43
268,SOL/INR,1h,LONG,2025-07-11 08:30:00+05:30,2025-07-12 00:30:00+05:30,165.08,13783.9,151.87,204.69,164.17,13708.18,INTRADAY_SQUAREOFF,0.01,56.91,0.392259,5406.86,-29.7,6.36,-36.06,-36.06,5691.43,5655.37
269,SOL/INR,1h,SHORT,2025-07-13 02:30:00+05:30,2025-07-14 00:30:00+05:30,159.1,13285.09,171.83,120.92,163.13,13621.75,INTRADAY_SQUAREOFF,0.01,56.55,0.404408,5372.6,-136.15,6.42,-142.57,-142.57,5655.37,5512.8
270,SOL/INR,1h,LONG,2025-07-14 13:30:00+05:30,2025-07-15 00:30:00+05:30,167.59,13993.9,154.18,207.81,162.73,13588.36,INTRADAY_SQUAREOFF,0.01,55.13,0.374246,5237.16,-151.77,6.09,-157.86,-157.86,5512.8,5354.93
271,SOL/INR,1h,SHORT,2025-07-15 13:30:00+05:30,2025-07-16 00:30:00+05:30,159.46,13314.77,172.22,121.19,162.19,13543.26,INTRADAY_SQUAREOFF,0.01,53.55,0.382071,5087.19,-87.3,6.05,-93.35,-93.35,5354.93,5261.58
272,SOL/INR,1h,LONG,2025-07-16 12:30:00+05:30,2025-07-17 00:30:00+05:30,164.09,13701.16,150.96,203.47,173.39,14477.81,INTRADAY_SQUAREOFF,0.01,52.62,0.364823,4998.5,283.34,6.07,277.28,277.28,5261.58,5538.86
273,SOL/INR,1h,LONG,2025-07-17 18:30:00+05:30,2025-07-18 00:30:00+05:30,177.53,14823.69,163.33,220.14,174.61,14579.58,INTRADAY_SQUAREOFF,0.01,55.39,0.354966,5261.91,-86.65,6.16,-92.81,-92.81,5538.86,5446.05
274,SOL/INR,1h,LONG,2025-07-18 03:30:00+05:30,2025-07-19 00:30:00+05:30,176.49,14736.6,162.37,218.84,178.01,14864.05,INTRADAY_SQUAREOFF,0.01,54.46,0.351081,5173.74,44.74,6.13,38.61,38.61,5446.05,5484.66
275,SOL/INR,1h,LONG,2025-07-20 18:30:00+05:30,2025-07-21 00:30:00+05:30,181.87,15185.86,167.32,225.51,182.24,15216.64,INTRADAY_SQUAREOFF,0.01,54.85,0.34311,5210.43,10.56,6.15,4.41,4.41,5484.66,5489.07
276,SOL/INR,1h,LONG,2025-07-21 08:30:00+05:30,2025-07-22 00:30:00+05:30,184.26,15385.52,169.52,228.48,193.92,16192.4,INTRADAY_SQUAREOFF,0.01,54.89,0.33893,5214.61,273.48,6.31,267.16,267.16,5489.07,5756.23
277,SOL/INR,1h,LONG,2025-07-22 03:30:00+05:30,2025-07-23 00:30:00+05:30,196.68,16422.52,180.94,243.88,203.05,16954.42,INTRADAY_SQUAREOFF,0.01,57.56,0.332983,5468.42,177.11,6.56,170.56,170.56,5756.23,5926.79
278,SOL/INR,1h,SHORT,2025-07-23 22:30:00+05:30,2025-07-24 00:30:00+05:30,188.85,15769.29,203.96,143.53,190.25,15886.27,INTRADAY_SQUAREOFF,0.01,59.27,0.357051,5630.45,-41.77,6.67,-48.43,-48.43,5926.79,5878.35
279,SOL/INR,1h,SHORT,2025-07-24 10:30:00+05:30,2025-07-25 00:30:00+05:30,185.61,15498.54,200.46,141.06,189.56,15828.11,INTRADAY_SQUAREOFF,0.01,58.78,0.36032,5584.43,-118.75,6.66,-125.41,-125.41,5878.35,5752.94
280,SOL/INR,1h,SHORT,2025-07-25 20:30:00+05:30,2025-07-26 00:30:00+05:30,177.07,14785.13,191.23,134.57,182.56,15243.62,INTRADAY_SQUAREOFF,0.01,57.53,0.369648,5465.29,-169.48,6.55,-176.03,-176.03,5752.94,5576.91
281,SOL/INR,1h,LONG,2025-07-26 08:30:00+05:30,2025-07-27 00:30:00+05:30,186.81,15598.67,171.87,231.64,186.09,15538.67,INTRADAY_SQUAREOFF,0.01,55.77,0.339649,5298.07,-20.38,6.24,-26.62,-26.62,5576.91,5550.29
282,SOL/INR,1h,LONG,2025-07-27 16:30:00+05:30,2025-07-28 00:30:00+05:30,188.46,15736.28,173.38,233.69,188.51,15740.71,INTRADAY_SQUAREOFF,0.01,55.5,0.335071,5272.78,1.48,6.22,-4.74,-4.74,5550.29,5545.55
283,SOL/INR,1h,LONG,2025-07-28 08:30:00+05:30,2025-07-29 00:30:00+05:30,191.94,16026.85,176.58,238.0,185.13,15458.48,INTRADAY_SQUAREOFF,0.01,55.46,0.328716,5268.28,-186.83,6.11,-192.94,-192.94,5545.55,5352.62
284,SOL/INR,1h,SHORT,2025-07-29 03:30:00+05:30,2025-07-30 00:30:00+05:30,183.68,15337.65,198.38,139.6,181.48,15153.83,INTRADAY_SQUAREOFF,0.01,53.53,0.331536,5084.98,60.94,5.96,54.98,54.98,5352.62,5407.6
285,SOL/INR,1h,SHORT,2025-07-30 02:30:00+05:30,2025-07-31 00:30:00+05:30,179.64,15000.2,194.01,136.53,176.37,14727.12,INTRADAY_SQUAREOFF,0.01,54.08,0.342476,5137.22,93.52,6.01,87.52,87.52,5407.6,5495.11
286,SOL/INR,1h,SHORT,2025-07-31 23:30:00+05:30,2025-08-01 01:30:00+05:30,177.0,14779.89,191.17,134.52,175.22,14630.91,INTRADAY_SQUAREOFF,0.01,54.95,0.353207,5220.36,52.62,6.13,46.49,46.49,5495.11,5541.6
287,SOL/INR,1h,SHORT,2025-08-01 03:30:00+05:30,2025-08-02 00:30:00+05:30,173.18,14460.19,187.03,131.61,165.67,13833.75,INTRADAY_SQUAREOFF,0.01,55.42,0.36407,5264.52,228.07,6.08,221.99,221.99,5541.6,5763.59
288,SOL/INR,1h,SHORT,2025-08-02 12:30:00+05:30,2025-08-03 00:30:00+05:30,162.12,13537.43,175.09,123.21,156.4,13059.44,INTRADAY_SQUAREOFF,0.01,57.64,0.404465,5475.41,193.33,6.35,186.98,186.98,5763.59,5950.58
289,SOL/INR,1h,SHORT,2025-08-03 11:30:00+05:30,2025-08-04 00:30:00+05:30,160.2,13376.79,173.02,121.75,162.01,13527.45,INTRADAY_SQUAREOFF,0.01,59.51,0.422601,5653.05,-63.67,6.71,-70.38,-70.38,5950.58,5880.2
290,SOL/INR,1h,LONG,2025-08-04 13:30:00+05:30,2025-08-05 00:30:00+05:30,163.31,13636.18,150.24,202.5,166.5,13903.07,INTRADAY_SQUAREOFF,0.01,58.8,0.409659,5586.19,109.33,6.66,102.68,102.68,5880.2,5982.88
291,SOL/INR,1h,LONG,2025-08-05 03:30:00+05:30,2025-08-06 00:30:00+05:30,168.81,14096.03,155.31,209.33,163.69,13668.38,INTRADAY_SQUAREOFF,0.01,59.83,0.403215,5683.73,-172.43,6.61,-179.04,-179.04,5982.88,5803.84
292,SOL/INR,1h,SHORT,2025-08-06 06:30:00+05:30,2025-08-07 00:30:00+05:30,162.61,13577.95,175.62,123.58,168.76,14091.61,INTRADAY_SQUAREOFF,0.01,58.04,0.406074,5513.65,-208.58,6.63,-215.21,-215.21,5803.84,5588.62
293,SOL/INR,1h,LONG,2025-08-07 11:30:00+05:30,2025-08-08 00:30:00+05:30,168.82,14096.16,155.31,209.33,169.83,14180.4,INTRADAY_SQUAREOFF,0.01,55.89,0.376641,5309.19,31.73,6.28,25.45,25.45,5588.62,5614.07
294,SOL/INR,1h,LONG,2025-08-08 13:30:00+05:30,2025-08-09 00:30:00+05:30,177.71,14838.69,163.49,220.36,177.58,14828.14,INTRADAY_SQUAREOFF,0.01,56.14,0.359423,5333.37,-3.79,6.29,-10.08,-10.08,5614.07,5603.99
295,SOL/INR,1h,LONG,2025-08-09 07:30:00+05:30,2025-08-10 00:30:00+05:30,178.75,14925.94,164.45,221.65,181.93,15191.3,INTRADAY_SQUAREOFF,0.01,56.04,0.35668,5323.79,94.65,6.34,88.31,88.31,5603.99,5692.3
296,SOL/INR,1h,LONG,2025-08-10 06:30:00+05:30,2025-08-11 00:30:00+05:30,182.58,15245.05,167.97,226.39,182.61,15248.08,INTRADAY_SQUAREOFF,0.01,56.92,0.354718,5407.69,1.08,6.38,-5.3,-5.3,5692.3,5687.0
297,SOL/INR,1h,LONG,2025-08-11 10:30:00+05:30,2025-08-12 00:30:00+05:30,186.39,15563.57,171.48,231.12,178.15,14875.35,INTRADAY_SQUAREOFF,0.01,56.87,0.347134,5402.65,-238.9,6.23,-245.14,-245.14,5687.0,5441.86
298,SOL/INR,1h,SHORT,2025-08-12 09:30:00+05:30,2025-08-13 00:30:00+05:30,175.43,14648.57,189.47,133.33,189.56,15828.37,STOP_LOSS,0.01,54.42,0.352919,5169.77,-416.37,6.35,-422.72,-422.72,5441.86,5019.14
299,SOL/INR,1h,LONG,2025-08-13 06:30:00+05:30,2025-08-14 00:30:00+05:30,194.51,16241.53,178.95,241.19,199.03,16619.15,INTRADAY_SQUAREOFF,0.01,50.19,0.29358,4768.18,110.86,5.69,105.17,105.17,5019.14,5124.31
300,SOL/INR,1h,SHORT,2025-08-15 15:30:00+05:30,2025-08-16 00:30:00+05:30,193.88,16188.78,209.39,147.35,184.28,15387.73,INTRADAY_SQUAREOFF,0.01,51.24,0.300708,4868.09,240.88,5.6,235.28,235.28,5124.31,5359.59
301,SOL/INR,1h,SHORT,2025-08-16 11:30:00+05:30,2025-08-17 00:30:00+05:30,186.34,15559.39,201.25,141.62,188.29,15722.62,INTRADAY_SQUAREOFF,0.01,53.6,0.327237,5091.61,-53.42,6.04,-59.46,-59.46,5359.59,5300.13
302,SOL/INR,1h,SHORT,2025-08-17 03:30:00+05:30,2025-08-18 00:30:00+05:30,188.56,15744.56,203.64,143.3,192.36,16061.65,INTRADAY_SQUAREOFF,0.01,53.0,0.319801,5035.12,-101.41,6.0,-107.41,-107.41,5300.13,5192.72
303,SOL/INR,1h,SHORT,2025-08-18 12:30:00+05:30,2025-08-19 00:30:00+05:30,180.9,15104.91,195.37,137.48,184.52,15407.81,INTRADAY_SQUAREOFF,0.01,51.93,0.326588,4933.09,-98.93,5.88,-104.81,-104.81,5192.72,5087.92
304,SOL/INR,1h,SHORT,2025-08-19 05:30:00+05:30,2025-08-20 00:30:00+05:30,182.82,15265.27,197.44,138.94,176.94,14774.86,INTRADAY_SQUAREOFF,0.01,50.88,0.316635,4833.52,155.28,5.61,149.67,149.67,5087.92,5237.58
305,SOL/INR,1h,SHORT,2025-08-20 05:30:00+05:30,2025-08-21 00:30:00+05:30,176.03,14698.16,190.11,133.78,183.86,15352.07,INTRADAY_SQUAREOFF,0.01,52.38,0.338526,4975.71,-221.37,6.0,-227.37,-227.37,5237.58,5010.22
306,SOL/INR,1h,LONG,2025-08-21 05:30:00+05:30,2025-08-22 00:30:00+05:30,187.86,15685.96,172.83,232.94,182.07,15202.88,INTRADAY_SQUAREOFF,0.01,50.1,0.303437,4759.71,-146.59,5.53,-152.12,-152.12,5010.22,4858.1
307,SOL/INR,1h,SHORT,2025-08-22 05:30:00+05:30,2025-08-22 20:30:00+05:30,179.91,15022.18,194.3,136.73,194.4,16232.07,STOP_LOSS,0.01,48.58,0.307225,4615.2,-371.71,5.67,-377.37,-377.37,4858.1,4480.73
308,SOL/INR,1h,LONG,2025-08-23 01:30:00+05:30,2025-08-24 00:30:00+05:30,199.2,16632.94,183.26,247.0,203.77,17014.63,INTRADAY_SQUAREOFF,0.01,44.81,0.255919,4256.69,97.68,5.08,92.6,92.6,4480.73,4573.33
309,SOL/INR,1h,LONG,2025-08-24 14:30:00+05:30,2025-08-25 00:30:00+05:30,208.1,17376.26,191.45,258.04,211.06,17623.1,INTRADAY_SQUAREOFF,0.01,45.73,0.250034,4344.66,61.72,5.16,56.55,56.55,4573.33,4629.88
310,SOL/INR,1h,SHORT,2025-08-25 21:30:00+05:30,2025-08-26 00:30:00+05:30,196.34,16394.15,212.04,149.22,196.76,16429.51,INTRADAY_SQUAREOFF,0.01,46.3,0.26829,4398.39,-9.49,5.2,-14.68,-14.68,4629.88,4615.2
311,SOL/INR,1h,SHORT,2025-08-26 06:30:00+05:30,2025-08-27 00:30:00+05:30,186.18,15545.63,201.07,141.49,194.87,16271.51,INTRADAY_SQUAREOFF,0.01,46.15,0.282037,4384.44,-204.72,5.29,-210.02,-210.02,4615.2,4405.18
312,SOL/INR,1h,LONG,2025-08-27 08:30:00+05:30,2025-08-28 00:30:00+05:30,199.56,16662.95,183.59,247.45,209.15,17463.98,INTRADAY_SQUAREOFF,0.01,44.05,0.251151,4184.92,201.18,5.06,196.12,196.12,4405.18,4601.31
313,SOL/INR,1h,LONG,2025-08-28 20:30:00+05:30,2025-08-29 00:30:00+05:30,215.51,17995.25,198.27,267.23,212.05,17706.18,INTRADAY_SQUAREOFF,0.01,46.01,0.242911,4371.24,-70.22,5.12,-75.34,-75.34,4601.31,4525.97
314,SOL/INR,1h,LONG,2025-08-29 02:30:00+05:30,2025-08-30 00:30:00+05:30,213.61,17836.53,196.52,264.88,202.08,16873.51,INTRADAY_SQUAREOFF,0.01,45.26,0.24106,4299.67,-232.15,4.94,-237.08,-237.08,4525.97,4288.89
315,SOL/INR,1h,SHORT,2025-08-30 02:30:00+05:30,2025-08-31 00:30:00+05:30,201.21,16800.85,217.3,152.92,201.25,16804.52,INTRADAY_SQUAREOFF,0.01,42.89,0.242514,4074.44,-0.89,4.81,-5.7,-5.7,4288.89,4283.19
316,SOL/INR,1h,LONG,2025-08-31 14:30:00+05:30,2025-09-01 00:30:00+05:30,205.56,17164.28,189.12,254.89,205.45,17155.27,INTRADAY_SQUAREOFF,0.01,42.83,0.237064,4069.03,-2.14,4.8,-6.94,-6.94,4283.19,4276.25
317,SOL/INR,1h,SHORT,2025-09-01 15:30:00+05:30,2025-09-02 00:30:00+05:30,201.25,16804.61,217.35,152.95,199.34,16644.64,INTRADAY_SQUAREOFF,0.01,42.76,0.241746,4062.44,38.67,4.77,33.9,33.9,4276.25,4310.15
318,SOL/INR,1h,SHORT,2025-09-02 02:30:00+05:30,2025-09-03 00:30:00+05:30,196.94,16444.84,212.7,149.68,206.07,17206.76,INTRADAY_SQUAREOFF,0.01,43.1,0.248993,4094.65,-189.71,4.94,-194.66,-194.66,4310.15,4115.5
319,SOL/INR,1h,LONG,2025-09-03 07:30:00+05:30,2025-09-04 00:30:00+05:30,211.08,17624.86,194.19,261.73,209.38,17482.99,INTRADAY_SQUAREOFF,0.01,41.15,0.22183,3909.72,-31.47,4.59,-36.07,-36.07,4115.5,4079.43
320,SOL/INR,1h,LONG,2025-09-04 05:30:00+05:30,2025-09-05 00:30:00+05:30,210.86,17606.99,193.99,261.47,203.05,16955.09,INTRADAY_SQUAREOFF,0.01,40.79,0.220109,3875.46,-143.49,4.49,-147.98,-147.98,4079.43,3931.45
321,SOL/INR,1h,SHORT,2025-09-05 05:30:00+05:30,2025-09-06 00:30:00+05:30,202.43,16903.07,218.63,153.85,204.39,17066.97,INTRADAY_SQUAREOFF,0.01,39.31,0.220959,3734.88,-36.22,4.43,-40.65,-40.65,3931.45,3890.81
322,SOL/INR,1h,SHORT,2025-09-06 03:30:00+05:30,2025-09-07 00:30:00+05:30,203.06,16955.92,219.31,154.33,200.12,16709.79,INTRADAY_SQUAREOFF,0.01,38.91,0.217993,3696.27,53.65,4.33,49.32,49.32,3890.81,3940.13
323,SOL/INR,1h,SHORT,2025-09-07 04:30:00+05:30,2025-09-08 00:30:00+05:30,200.11,16708.96,216.12,152.08,202.24,16887.4,INTRADAY_SQUAREOFF,0.01,39.4,0.224019,3743.13,-39.97,4.44,-44.41,-44.41,3940.13,3895.72
324,SOL/INR,1h,LONG,2025-09-08 07:30:00+05:30,2025-09-09 00:30:00+05:30,207.19,17299.96,190.61,256.91,216.64,18089.12,INTRADAY_SQUAREOFF,0.01,38.96,0.213927,3700.93,168.82,4.47,164.36,164.36,3895.72,4060.08
325,SOL/INR,1h,LONG,2025-09-09 09:30:00+05:30,2025-09-10 00:30:00+05:30,214.28,17892.79,197.14,265.71,216.31,18061.79,INTRADAY_SQUAREOFF,0.01,40.6,0.215566,3857.07,36.43,4.57,31.86,31.86,4060.08,4091.93
326,SOL/INR,1h,LONG,2025-09-10 12:30:00+05:30,2025-09-11 00:30:00+05:30,219.61,18337.32,202.04,272.31,222.44,18573.89,INTRADAY_SQUAREOFF,0.01,40.92,0.21199,3887.34,50.15,4.62,45.53,45.53,4091.93,4137.47
327,SOL/INR,1h,LONG,2025-09-11 03:30:00+05:30,2025-09-12 00:30:00+05:30,223.6,18670.95,205.72,277.27,226.21,18888.8,INTRADAY_SQUAREOFF,0.01,41.37,0.210519,3930.59,45.86,4.67,41.2,41.2,4137.47,4178.66
328,SOL/INR,1h,LONG,2025-09-12 03:30:00+05:30,2025-09-13 00:30:00+05:30,227.02,18955.81,208.85,281.5,240.59,20089.31,INTRADAY_SQUAREOFF,0.01,41.79,0.20942,3969.73,237.38,4.82,232.55,232.55,4178.66,4411.22
329,SOL/INR,1h,LONG,2025-09-13 05:30:00+05:30,2025-09-14 00:30:00+05:30,242.76,20270.59,223.34,301.02,238.45,19910.47,INTRADAY_SQUAREOFF,0.01,44.11,0.206736,4190.65,-74.45,4.9,-79.35,-79.35,4411.22,4331.86
330,SOL/INR,1h,LONG,2025-09-14 11:30:00+05:30,2025-09-15 00:30:00+05:30,248.09,20715.23,228.24,307.63,245.09,20465.32,INTRADAY_SQUAREOFF,0.01,43.32,0.198659,4115.27,-49.65,4.83,-54.47,-54.47,4331.86,4277.39
331,SOL/INR,1h,LONG,2025-09-15 03:30:00+05:30,2025-09-16 00:30:00+05:30,244.31,20400.16,224.77,302.95,233.34,19484.07,INTRADAY_SQUAREOFF,0.01,42.77,0.199191,4063.52,-182.48,4.69,-187.16,-187.16,4277.39,4090.23
332,SOL/INR,1h,SHORT,2025-09-16 06:30:00+05:30,2025-09-17 00:30:00+05:30,233.05,19460.04,251.7,177.12,237.94,19868.4,INTRADAY_SQUAREOFF,0.01,40.9,0.199677,3885.72,-81.54,4.63,-86.17,-86.17,4090.23,4004.06
333,SOL/INR,1h,LONG,2025-09-18 07:30:00+05:30,2025-09-19 00:30:00+05:30,247.37,20655.19,227.58,306.74,250.45,20912.73,INTRADAY_SQUAREOFF,0.01,40.04,0.18416,3803.85,47.43,4.52,42.91,42.91,4004.06,4046.97
334,SOL/INR,1h,SHORT,2025-09-19 20:30:00+05:30,2025-09-20 00:30:00+05:30,239.56,20003.53,258.73,182.07,237.02,19791.33,INTRADAY_SQUAREOFF,0.01,40.47,0.192197,3844.62,40.78,4.51,36.27,36.27,4046.97,4083.24
335,SOL/INR,1h,SHORT,2025-09-20 09:30:00+05:30,2025-09-21 00:30:00+05:30,237.99,19872.27,257.03,180.87,238.68,19930.07,INTRADAY_SQUAREOFF,0.01,40.83,0.195201,3879.08,-11.28,4.58,-15.87,-15.87,4083.24,4067.37
336,SOL/INR,1h,SHORT,2025-09-22 06:30:00+05:30,2025-09-23 00:30:00+05:30,232.23,19391.47,250.81,176.5,220.0,18369.59,INTRADAY_SQUAREOFF,0.01,40.67,0.199263,3864.01,203.62,4.44,199.19,199.19,4067.37,4266.56
337,SOL/INR,1h,SHORT,2025-09-23 06:30:00+05:30,2025-09-24 00:30:00+05:30,219.68,18342.88,237.25,166.95,215.82,18020.96,INTRADAY_SQUAREOFF,0.01,42.67,0.22097,4053.23,71.14,4.74,66.39,66.39,4266.56,4332.95
338,SOL/INR,1h,SHORT,2025-09-24 05:30:00+05:30,2025-09-25 00:30:00+05:30,213.57,17832.89,230.65,162.31,214.12,17879.3,INTRADAY_SQUAREOFF,0.01,43.33,0.230827,4116.31,-10.71,4.86,-15.57,-15.57,4332.95,4317.38
339,SOL/INR,1h,SHORT,2025-09-25 09:30:00+05:30,2025-09-26 00:30:00+05:30,206.64,17254.22,223.17,157.04,199.5,16658.56,INTRADAY_SQUAREOFF,0.01,43.17,0.237711,4101.51,141.59,4.76,136.84,136.84,4317.38,4454.22
340,SOL/INR,1h,SHORT,2025-09-26 04:30:00+05:30,2025-09-27 00:30:00+05:30,194.16,16211.98,209.69,147.56,202.23,16886.2,INTRADAY_SQUAREOFF,0.01,44.54,0.261011,4231.51,-175.98,5.1,-181.08,-181.08,4454.22,4273.14
341,SOL/INR,1h,LONG,2025-09-27 03:30:00+05:30,2025-09-28 00:30:00+05:30,202.5,16908.85,186.3,251.1,201.62,16835.59,INTRADAY_SQUAREOFF,0.01,42.73,0.24008,4059.48,-17.59,4.78,-22.37,-22.37,4273.14,4250.77
342,SOL/INR,1h,LONG,2025-09-29 04:30:00+05:30,2025-09-30 00:30:00+05:30,209.95,17531.02,193.16,260.34,210.6,17584.91,INTRADAY_SQUAREOFF,0.01,42.51,0.230348,4038.24,12.41,4.77,7.64,7.64,4250.77,4258.41
343,SOL/INR,1h,SHORT,2025-09-30 21:30:00+05:30,2025-10-01 00:30:00+05:30,205.04,17120.56,221.44,155.83,207.75,17347.43,INTRADAY_SQUAREOFF,0.01,42.58,0.236295,4045.49,-53.61,4.81,-58.41,-58.41,4258.41,4200.0
344,SOL/INR,1h,LONG,2025-10-01 19:30:00+05:30,2025-10-02 00:30:00+05:30,219.78,18351.44,202.2,272.52,219.12,18296.32,INTRADAY_SQUAREOFF,0.01,42.0,0.217422,3990.0,-11.98,4.7,-16.68,-16.68,4200.0,4183.32
345,SOL/INR,1h,LONG,2025-10-02 05:30:00+05:30,2025-10-03 00:30:00+05:30,221.79,18519.87,204.05,275.03,232.53,19416.32,INTRADAY_SQUAREOFF,0.01,41.83,0.214588,3974.15,192.37,4.8,187.56,187.56,4183.32,4370.88
346,SOL/INR,1h,LONG,2025-10-03 05:30:00+05:30,2025-10-04 00:30:00+05:30,234.97,19619.83,216.17,291.36,233.42,19490.7,INTRADAY_SQUAREOFF,0.01,43.71,0.21164,4152.34,-27.33,4.88,-32.21,-32.21,4370.88,4338.67
347,SOL/INR,1h,SHORT,2025-10-04 20:30:00+05:30,2025-10-05 00:30:00+05:30,226.9,18946.38,245.06,172.45,226.25,18892.23,INTRADAY_SQUAREOFF,0.01,43.39,0.217547,4121.74,11.78,4.86,6.92,6.92,4338.67,4345.59
348,SOL/INR,1h,SHORT,2025-10-05 06:30:00+05:30,2025-10-06 00:30:00+05:30,226.8,18937.4,244.94,172.36,229.12,19131.49,INTRADAY_SQUAREOFF,0.01,43.46,0.217998,4128.31,-42.31,4.9,-47.21,-47.21,4345.59,4298.39
349,SOL/INR,1h,LONG,2025-10-06 21:30:00+05:30,2025-10-07 00:30:00+05:30,236.33,19733.94,217.43,293.05,236.64,19759.27,INTRADAY_SQUAREOFF,0.01,42.98,0.206926,4083.47,5.24,4.82,0.42,0.42,4298.39,4298.81
350,SOL/INR,1h,SHORT,2025-10-08 00:30:00+05:30,2025-10-09 00:30:00+05:30,221.5,18495.29,239.22,168.34,229.0,19121.54,INTRADAY_SQUAREOFF,0.01,42.99,0.220806,4083.87,-138.28,4.9,-143.18,-143.18,4298.81,4155.63
351,SOL/INR,1h,SHORT,2025-10-09 21:30:00+05:30,2025-10-10 00:30:00+05:30,219.1,18294.73,236.63,166.51,217.8,18186.19,INTRADAY_SQUAREOFF,0.01,41.56,0.215791,3947.85,23.42,4.64,18.78,18.78,4155.63,4174.41
352,SOL/INR,1h,SHORT,2025-10-10 08:30:00+05:30,2025-10-11 00:30:00+05:30,220.2,18386.37,237.81,167.35,208.01,17369.09,INTRADAY_SQUAREOFF,0.01,41.74,0.215686,3965.69,219.41,4.55,214.86,214.86,4174.41,4389.27
353,SOL/INR,1h,SHORT,2025-10-11 07:30:00+05:30,2025-10-12 00:30:00+05:30,183.07,15286.46,197.72,139.13,182.73,15258.18,INTRADAY_SQUAREOFF,0.01,43.89,0.272778,4169.81,7.71,4.92,2.8,2.8,4389.27,4392.07
354,SOL/INR,1h,SHORT,2025-10-12 06:30:00+05:30,2025-10-12 19:30:00+05:30,173.46,14484.15,187.34,131.83,187.43,15650.7,STOP_LOSS,0.01,43.92,0.288071,4172.46,-336.05,5.12,-341.17,-341.17,4392.07,4050.89
355,SOL/INR,1h,LONG,2025-10-13 01:30:00+05:30,2025-10-14 00:30:00+05:30,196.22,16384.34,180.52,243.31,205.98,17199.18,INTRADAY_SQUAREOFF,0.01,40.51,0.23488,3848.35,191.39,4.65,186.74,186.74,4050.89,4237.63
356,SOL/INR,1h,SHORT,2025-10-14 18:30:00+05:30,2025-10-15 00:30:00+05:30,192.82,16100.65,208.25,146.54,201.68,16840.3,INTRADAY_SQUAREOFF,0.01,42.38,0.250036,4025.75,-184.94,4.86,-189.8,-189.8,4237.63,4047.83
357,SOL/INR,1h,SHORT,2025-10-16 01:30:00+05:30,2025-10-17 00:30:00+05:30,194.68,16255.43,210.25,147.95,189.1,15789.48,INTRADAY_SQUAREOFF,0.01,40.48,0.236564,3845.44,110.23,4.47,105.76,105.76,4047.83,4153.59
358,SOL/INR,1h,SHORT,2025-10-17 11:30:00+05:30,2025-10-18 00:30:00+05:30,185.59,15497.17,200.44,141.05,183.55,15326.52,INTRADAY_SQUAREOFF,0.01,41.54,0.254621,3945.91,43.45,4.63,38.82,38.82,4153.59,4192.41
359,SOL/INR,1h,LONG,2025-10-19 00:30:00+05:30,2025-10-20 00:30:00+05:30,186.12,15540.88,171.23,230.79,190.09,15872.22,INTRADAY_SQUAREOFF,0.01,41.92,0.256278,3982.79,84.92,4.75,80.17,80.17,4192.41,4272.57
360,SOL/INR,1h,LONG,2025-10-20 04:30:00+05:30,2025-10-21 00:30:00+05:30,190.18,15880.19,174.97,235.83,188.14,15710.07,INTRADAY_SQUAREOFF,0.01,42.73,0.255598,4058.95,-43.48,4.76,-48.24,-48.24,4272.57,4224.33
361,SOL/INR,1h,SHORT,2025-10-21 19:30:00+05:30,2025-10-22 00:30:00+05:30,184.59,15412.94,199.35,140.29,194.38,16230.95,INTRADAY_SQUAREOFF,0.01,42.24,0.260373,4013.11,-212.99,4.86,-217.85,-217.85,4224.33,4006.48
362,SOL/INR,1h,SHORT,2025-10-22 23:30:00+05:30,2025-10-23 01:30:00+05:30,181.5,15155.65,196.03,137.94,180.49,15071.11,INTRADAY_SQUAREOFF,0.01,40.06,0.251138,3806.16,21.23,4.48,16.75,16.75,4006.48,4023.23
363,SOL/INR,1h,LONG,2025-10-23 15:30:00+05:30,2025-10-24 00:30:00+05:30,188.71,15757.63,173.62,234.01,191.51,15991.15,INTRADAY_SQUAREOFF,0.01,40.23,0.242554,3822.07,56.64,4.54,52.1,52.1,4023.23,4075.33
364,SOL/INR,1h,LONG,2025-10-24 04:30:00+05:30,2025-10-25 00:30:00+05:30,190.58,15913.18,175.33,236.32,191.69,16006.36,INTRADAY_SQUAREOFF,0.01,40.75,0.243293,3871.56,22.67,4.58,18.09,18.09,4075.33,4093.42
365,SOL/INR,1h,LONG,2025-10-25 10:30:00+05:30,2025-10-26 00:30:00+05:30,194.49,16239.93,178.93,241.17,194.01,16200.11,INTRADAY_SQUAREOFF,0.01,40.93,0.239456,3888.75,-9.54,4.58,-14.12,-14.12,4093.42,4079.3
366,SOL/INR,1h,LONG,2025-10-26 17:30:00+05:30,2025-10-27 00:30:00+05:30,197.71,16508.42,181.89,245.15,199.13,16627.44,INTRADAY_SQUAREOFF,0.01,40.79,0.234749,3875.33,27.94,4.59,23.35,23.35,4079.3,4102.65
367,SOL/INR,1h,LONG,2025-10-27 04:30:00+05:30,2025-10-28 00:30:00+05:30,200.58,16748.57,184.54,248.72,201.72,16843.65,INTRADAY_SQUAREOFF,0.01,41.03,0.232708,3897.52,22.12,4.61,17.51,17.51,4102.65,4120.16
368,SOL/INR,1h,SHORT,2025-10-28 11:30:00+05:30,2025-10-29 00:30:00+05:30,198.86,16604.75,214.77,151.13,199.62,16668.63,INTRADAY_SQUAREOFF,0.01,41.2,0.235725,3914.15,-15.06,4.63,-19.69,-19.69,4120.16,4100.48
369,SOL/INR,1h,SHORT,2025-10-29 14:30:00+05:30,2025-10-30 00:30:00+05:30,194.23,16218.61,209.77,147.62,194.57,16246.86,INTRADAY_SQUAREOFF,0.01,41.0,0.240184,3895.45,-6.79,4.6,-11.39,-11.39,4100.48,4089.09
370,SOL/INR,1h,SHORT,2025-10-30 10:30:00+05:30,2025-10-31 00:30:00+05:30,190.77,15928.92,206.03,144.98,181.45,15150.81,INTRADAY_SQUAREOFF,0.01,40.89,0.243873,3884.64,189.76,4.47,185.29,185.29,4089.09,4274.38
371,SOL/INR,1h,SHORT,2025-11-03 11:30:00+05:30,2025-11-04 00:30:00+05:30,176.64,14749.25,190.77,134.24,168.06,14032.62,INTRADAY_SQUAREOFF,0.01,42.74,0.275313,4060.66,197.3,4.68,192.62,192.62,4274.38,4467.0
372,SOL/INR,1h,SHORT,2025-11-04 10:30:00+05:30,2025-11-05 00:30:00+05:30,164.89,13768.33,178.08,125.32,156.34,13054.04,INTRADAY_SQUAREOFF,0.01,44.67,0.308218,4243.65,220.16,4.88,215.28,215.28,4467.0,4682.28
373,SOL/INR,1h,SHORT,2025-11-05 13:30:00+05:30,2025-11-06 00:30:00+05:30,155.73,13003.14,168.18,118.35,163.28,13634.2,INTRADAY_SQUAREOFF,0.01,46.82,0.342084,4448.17,-215.87,5.38,-221.25,-221.25,4682.28,4461.03
374,SOL/INR,1h,LONG,2025-11-06 08:30:00+05:30,2025-11-07 00:30:00+05:30,162.1,13535.61,149.13,201.01,157.33,13136.78,INTRADAY_SQUAREOFF,0.01,44.61,0.313098,4237.98,-124.87,4.93,-129.8,-129.8,4461.03,4331.23
375,SOL/INR,1h,SHORT,2025-11-07 15:30:00+05:30,2025-11-08 00:30:00+05:30,154.24,12878.72,166.58,117.22,162.04,13529.94,INTRADAY_SQUAREOFF,0.01,43.31,0.319493,4114.67,-208.06,4.98,-213.04,-213.04,4331.23,4118.19
376,SOL/INR,1h,LONG,2025-11-08 14:30:00+05:30,2025-11-09 00:30:00+05:30,161.82,13511.76,148.87,200.65,157.84,13179.27,INTRADAY_SQUAREOFF,0.01,41.18,0.289546,3912.28,-96.27,4.56,-100.83,-100.83,4118.19,4017.36
377,SOL/INR,1h,SHORT,2025-11-09 06:30:00+05:30,2025-11-10 00:30:00+05:30,156.54,13070.98,169.06,118.97,163.83,13679.84,INTRADAY_SQUAREOFF,0.01,40.17,0.291982,3816.49,-177.78,4.61,-182.38,-182.38,4017.36,3834.97
378,SOL/INR,1h,LONG,2025-11-10 06:30:00+05:30,2025-11-11 00:30:00+05:30,168.23,14047.19,154.77,208.6,166.03,13863.85,INTRADAY_SQUAREOFF,0.01,38.35,0.259356,3643.22,-47.55,4.27,-51.82,-51.82,3834.97,3783.15
379,SOL/INR,1h,LONG,2025-11-11 08:30:00+05:30,2025-11-12 00:30:00+05:30,170.79,14260.71,157.12,211.78,158.92,13269.94,INTRADAY_SQUAREOFF,0.01,37.83,0.252021,3593.99,-249.69,4.09,-253.79,-253.79,3783.15,3529.36
380,SOL/INR,1h,SHORT,2025-11-12 05:30:00+05:30,2025-11-13 00:30:00+05:30,154.19,12874.82,166.52,117.18,153.22,12793.89,INTRADAY_SQUAREOFF,0.01,35.29,0.260423,3352.9,21.08,3.94,17.13,17.13,3529.36,3546.5
381,SOL/INR,1h,SHORT,2025-11-13 06:30:00+05:30,2025-11-14 00:30:00+05:30,152.73,12752.93,164.95,116.07,145.45,12144.89,INTRADAY_SQUAREOFF,0.01,35.46,0.264188,3369.17,160.64,3.88,156.76,156.76,3546.5,3703.25
382,SOL/INR,1h,SHORT,2025-11-14 06:30:00+05:30,2025-11-15 00:30:00+05:30,143.2,11957.61,154.66,108.84,141.15,11785.85,INTRADAY_SQUAREOFF,0.01,37.03,0.294213,3518.09,50.53,4.12,46.41,46.41,3703.25,3749.66
383,SOL/INR,1h,SHORT,2025-11-15 02:30:00+05:30,2025-11-16 00:30:00+05:30,139.53,11651.15,150.7,106.05,142.39,11889.4,INTRADAY_SQUAREOFF,0.01,37.5,0.305736,3562.18,-72.84,4.25,-77.09,-77.09,3749.66,3672.58
384,SOL/INR,1h,SHORT,2025-11-16 19:30:00+05:30,2025-11-17 00:30:00+05:30,139.02,11608.2,150.14,105.66,135.67,11328.75,INTRADAY_SQUAREOFF,0.01,36.73,0.300559,3488.95,83.99,4.07,79.92,79.92,3672.58,3752.5
385,SOL/INR,1h,SHORT,2025-11-21 21:30:00+05:30,2025-11-22 00:30:00+05:30,125.14,10448.88,135.15,95.1,129.64,10824.57,INTRADAY_SQUAREOFF,0.01,37.52,0.341173,3564.87,-128.18,4.28,-132.46,-132.46,3752.5,3620.04
386,SOL/INR,1h,SHORT,2025-11-22 04:30:00+05:30,2025-11-23 00:30:00+05:30,125.6,10487.53,135.65,95.46,127.76,10668.0,INTRADAY_SQUAREOFF,0.01,36.2,0.327917,3439.04,-59.18,4.09,-63.27,-63.27,3620.04,3556.77
387,SOL/INR,1h,LONG,2025-11-23 14:30:00+05:30,2025-11-24 00:30:00+05:30,129.61,10822.15,119.24,160.71,132.08,11028.55,INTRADAY_SQUAREOFF,0.01,35.57,0.312224,3378.93,64.44,4.03,60.42,60.42,3556.77,3617.19
388,SOL/INR,1h,LONG,2025-11-25 02:30:00+05:30,2025-11-26 00:30:00+05:30,139.2,11622.96,128.06,172.6,136.47,11395.15,INTRADAY_SQUAREOFF,0.01,36.17,0.29565,3436.33,-67.35,4.02,-71.37,-71.37,3617.19,3545.82
389,SOL/INR,1h,LONG,2025-11-26 12:30:00+05:30,2025-11-27 00:30:00+05:30,139.72,11666.22,128.54,173.25,144.32,12050.97,INTRADAY_SQUAREOFF,0.01,35.46,0.288742,3368.53,111.09,4.04,107.05,107.05,3545.82,3652.87
390,SOL/INR,1h,LONG,2025-11-27 12:30:00+05:30,2025-11-28 00:30:00+05:30,144.01,12024.98,132.49,178.57,142.91,11932.89,INTRADAY_SQUAREOFF,0.01,36.53,0.288585,3470.23,-26.58,4.08,-30.66,-30.66,3652.87,3622.22
391,SOL/INR,1h,SHORT,2025-11-28 12:30:00+05:30,2025-11-29 00:30:00+05:30,139.36,11636.18,150.5,105.91,137.16,11452.96,INTRADAY_SQUAREOFF,0.01,36.22,0.295725,3441.11,54.18,4.03,50.16,50.16,3622.22,3672.37
392,SOL/INR,1h,SHORT,2025-12-01 15:30:00+05:30,2025-12-02 00:30:00+05:30,126.9,10596.49,137.06,96.45,124.37,10384.92,INTRADAY_SQUAREOFF,0.01,36.72,0.329237,3488.75,69.66,4.08,65.58,65.58,3672.37,3737.96
393,SOL/INR,1h,LONG,2025-12-03 08:30:00+05:30,2025-12-04 00:30:00+05:30,140.24,11709.82,129.02,173.89,141.23,11792.51,INTRADAY_SQUAREOFF,0.01,37.38,0.303255,3551.06,25.08,4.21,20.87,20.87,3737.96,3758.83
394,SOL/INR,1h,LONG,2025-12-04 15:30:00+05:30,2025-12-05 00:30:00+05:30,144.12,12033.75,132.59,178.7,140.67,11745.82,INTRADAY_SQUAREOFF,0.01,37.59,0.296739,3570.89,-85.44,4.16,-89.6,-89.6,3758.83,3669.23
395,SOL/INR,1h,SHORT,2025-12-05 03:30:00+05:30,2025-12-06 00:30:00+05:30,138.7,11581.65,149.8,105.41,131.35,10968.04,INTRADAY_SQUAREOFF,0.01,36.69,0.300973,3485.76,184.68,4.0,180.68,180.68,3669.23,3849.9
396,SOL/INR,1h,SHORT,2025-12-06 10:30:00+05:30,2025-12-07 00:30:00+05:30,133.2,11122.44,143.86,101.23,132.9,11097.02,INTRADAY_SQUAREOFF,0.01,38.5,0.328831,3657.41,8.36,4.31,4.05,4.05,3849.9,3853.95
397,SOL/INR,1h,SHORT,2025-12-07 04:30:00+05:30,2025-12-08 00:30:00+05:30,132.14,11033.55,142.71,100.43,136.05,11360.5,INTRADAY_SQUAREOFF,0.01,38.54,0.331829,3661.25,-108.49,4.38,-112.88,-112.88,3853.95,3741.07
398,SOL/INR,1h,LONG,2025-12-08 07:30:00+05:30,2025-12-09 00:30:00+05:30,133.81,11173.26,123.11,165.93,133.6,11155.72,INTRADAY_SQUAREOFF,0.01,37.41,0.318083,3554.02,-5.58,4.19,-9.77,-9.77,3741.07,3731.3
399,SOL/INR,1h,SHORT,2025-12-09 04:30:00+05:30,2025-12-09 22:30:00+05:30,133.58,11153.65,144.26,101.52,144.33,12051.96,STOP_LOSS,0.01,37.31,0.31781,3544.74,-285.49,4.35,-289.84,-289.84,3731.3,3441.46
400,SOL/INR,1h,SHORT,2025-12-11 06:30:00+05:30,2025-12-12 00:30:00+05:30,133.62,11157.39,144.31,101.55,134.35,11218.39,INTRADAY_SQUAREOFF,0.01,34.41,0.293024,3269.39,-17.88,3.87,-21.74,-21.74,3441.46,3419.71
401,SOL/INR,1h,LONG,2025-12-12 02:30:00+05:30,2025-12-13 00:30:00+05:30,136.12,11365.8,125.23,168.79,132.83,11091.32,INTRADAY_SQUAREOFF,0.01,34.2,0.285834,3248.73,-78.46,3.79,-82.24,-82.24,3419.71,3337.47
402,SOL/INR,1h,SHORT,2025-12-13 17:30:00+05:30,2025-12-14 00:30:00+05:30,133.34,11134.05,144.01,101.34,132.46,11060.77,INTRADAY_SQUAREOFF,0.01,33.37,0.284766,3170.6,20.87,3.73,17.14,17.14,3337.47,3354.61
403,SOL/INR,1h,SHORT,2025-12-14 09:30:00+05:30,2025-12-15 00:30:00+05:30,132.93,11099.47,143.56,101.03,130.69,10912.33,INTRADAY_SQUAREOFF,0.01,33.55,0.28712,3186.88,53.73,3.73,50.0,50.0,3354.61,3404.62
404,SOL/INR,1h,LONG,2025-12-15 15:30:00+05:30,2025-12-16 00:30:00+05:30,132.79,11088.37,122.17,164.67,124.82,10422.56,INTRADAY_SQUAREOFF,0.01,34.05,0.291692,3234.39,-194.21,3.7,-197.91,-197.91,3404.62,3206.7
405,SOL/INR,1h,SHORT,2025-12-16 13:30:00+05:30,2025-12-17 00:30:00+05:30,125.67,10493.12,135.72,95.51,128.03,10690.25,INTRADAY_SQUAREOFF,0.01,32.07,0.290321,3046.37,-57.23,3.63,-60.86,-60.86,3206.7,3145.84
406,SOL/INR,1h,LONG,2025-12-17 08:30:00+05:30,2025-12-18 00:30:00+05:30,129.42,10806.25,119.06,160.48,122.01,10187.59,INTRADAY_SQUAREOFF,0.01,31.46,0.276558,2988.55,-171.1,3.43,-174.52,-174.52,3145.84,2971.32
407,SOL/INR,1h,SHORT,2025-12-18 11:30:00+05:30,2025-12-19 00:30:00+05:30,122.31,10213.3,132.1,92.96,121.53,10147.78,INTRADAY_SQUAREOFF,0.01,29.71,0.27638,2822.75,18.11,3.32,14.79,14.79,2971.32,2986.11
408,SOL/INR,1h,SHORT,2025-12-19 06:30:00+05:30,2025-12-20 00:30:00+05:30,118.1,9861.75,127.55,89.76,124.91,10429.77,INTRADAY_SQUAREOFF,0.01,29.86,0.287657,2836.8,-163.39,3.44,-166.84,-166.84,2986.11,2819.27
409,SOL/INR,1h,LONG,2025-12-20 17:30:00+05:30,2025-12-21 00:30:00+05:30,126.41,10555.48,116.3,156.75,125.88,10510.9,INTRADAY_SQUAREOFF,0.01,28.19,0.253736,2678.31,-11.31,3.15,-14.47,-14.47,2819.27,2804.8
410,SOL/INR,1h,SHORT,2025-12-22 03:30:00+05:30,2025-12-23 00:30:00+05:30,124.73,10414.99,134.71,94.8,126.84,10590.92,INTRADAY_SQUAREOFF,0.01,28.05,0.255839,2664.56,-45.01,3.17,-48.18,-48.18,2804.8,2756.63
411,SOL/INR,1h,SHORT,2025-12-23 08:30:00+05:30,2025-12-24 00:30:00+05:30,125.52,10480.82,135.56,95.39,123.95,10349.44,INTRADAY_SQUAREOFF,0.01,27.57,0.249865,2618.79,32.83,3.07,29.76,29.76,2756.63,2786.38
412,SOL/INR,1h,SHORT,2025-12-24 07:30:00+05:30,2025-12-25 00:30:00+05:30,122.9,10262.38,132.73,93.41,122.47,10226.15,INTRADAY_SQUAREOFF,0.01,27.86,0.257939,2647.06,9.35,3.12,6.23,6.23,2786.38,2792.61
413,SOL/INR,1h,LONG,2025-12-26 00:30:00+05:30,2025-12-27 00:30:00+05:30,124.05,10358.13,114.13,153.82,121.95,10182.53,INTRADAY_SQUAREOFF,0.01,27.93,0.256125,2652.98,-44.98,3.1,-48.08,-48.08,2792.61,2744.53
414,SOL/INR,1h,LONG,2025-12-28 13:30:00+05:30,2025-12-29 00:30:00+05:30,124.17,10368.14,114.24,153.97,123.08,10277.3,INTRADAY_SQUAREOFF,0.01,27.45,0.251473,2607.3,-22.84,3.06,-25.91,-25.91,2744.53,2718.62
415,SOL/INR,1h,SHORT,2025-12-30 00:30:00+05:30,2025-12-31 00:30:00+05:30,122.95,10265.98,132.78,93.44,124.49,10395.17,INTRADAY_SQUAREOFF,0.01,27.19,0.251578,2582.69,-32.5,3.07,-35.57,-35.57,2718.62,2683.06
416,SOL/INR,1h,LONG,2025-12-31 05:30:00+05:30,2026-01-01 00:30:00+05:30,125.01,10438.16,115.01,155.01,124.56,10400.95,INTRADAY_SQUAREOFF,0.01,26.83,0.244191,2548.9,-9.09,3.0,-12.09,-12.09,2683.06,2670.97
417,SOL/INR,1h,SHORT,2026-01-01 09:30:00+05:30,2026-01-02 00:30:00+05:30,124.85,10424.89,134.84,94.89,125.16,10451.01,INTRADAY_SQUAREOFF,0.01,26.71,0.2434,2537.42,-6.36,3.0,-9.36,-9.36,2670.97,2661.61
418,SOL/INR,1h,LONG,2026-01-02 09:30:00+05:30,2026-01-03 00:30:00+05:30,127.71,10663.38,117.49,158.35,130.64,10908.56,INTRADAY_SQUAREOFF,0.01,26.62,0.237123,2528.53,58.14,3.02,55.12,55.12,2661.61,2716.73
419,SOL/INR,1h,LONG,2026-01-03 04:30:00+05:30,2026-01-04 00:30:00+05:30,133.04,11108.45,122.39,164.96,131.83,11008.12,INTRADAY_SQUAREOFF,0.01,27.17,0.232336,2580.89,-23.31,3.03,-26.34,-26.34,2716.73,2690.39
420,SOL/INR,1h,LONG,2026-01-04 09:30:00+05:30,2026-01-05 00:30:00+05:30,134.57,11236.77,123.81,166.87,134.04,11192.51,INTRADAY_SQUAREOFF,0.01,26.9,0.227456,2555.87,-10.07,3.01,-13.08,-13.08,2690.39,2677.31
421,SOL/INR,1h,LONG,2026-01-05 16:30:00+05:30,2026-01-06 00:30:00+05:30,135.92,11349.43,125.05,168.54,137.23,11458.61,INTRADAY_SQUAREOFF,0.01,26.77,0.224103,2543.45,24.47,3.02,21.45,21.45,2677.31,2698.76
422,SOL/INR,1h,LONG,2026-01-06 09:30:00+05:30,2026-01-07 00:30:00+05:30,138.5,11564.62,127.42,171.74,137.55,11485.69,INTRADAY_SQUAREOFF,0.01,26.99,0.221696,2563.83,-17.5,3.01,-20.51,-20.51,2698.76,2678.25
423,SOL/INR,1h,SHORT,2026-01-07 07:30:00+05:30,2026-01-08 00:30:00+05:30,138.8,11589.96,149.91,105.49,135.2,11288.86,INTRADAY_SQUAREOFF,0.01,26.78,0.21953,2544.34,66.1,2.96,63.14,63.14,2678.25,2741.39
424,SOL/INR,1h,SHORT,2026-01-08 09:30:00+05:30,2026-01-09 00:30:00+05:30,136.56,11402.38,147.48,103.78,138.04,11526.32,INTRADAY_SQUAREOFF,0.01,27.41,0.228401,2604.32,-28.31,3.09,-31.4,-31.4,2741.39,2709.99
425,SOL/INR,1h,LONG,2026-01-09 03:30:00+05:30,2026-01-10 00:30:00+05:30,139.56,11652.97,128.39,173.05,136.64,11409.58,INTRADAY_SQUAREOFF,0.01,27.1,0.22093,2574.49,-53.77,3.01,-56.78,-56.78,2709.99,2653.21
426,SOL/INR,1h,LONG,2026-01-12 00:30:00+05:30,2026-01-13 00:30:00+05:30,139.98,11688.64,128.79,173.58,141.05,11777.97,INTRADAY_SQUAREOFF,0.01,26.53,0.215641,2520.55,19.26,2.99,16.28,16.28,2653.21,2669.49
427,SOL/INR,1h,LONG,2026-01-14 01:30:00+05:30,2026-01-15 00:30:00+05:30,144.29,12047.81,132.74,178.91,146.37,12221.78,INTRADAY_SQUAREOFF,0.01,26.69,0.210496,2536.01,36.62,3.01,33.61,33.61,2669.49,2703.1
428,SOL/INR,1h,SHORT,2026-01-15 23:30:00+05:30,2026-01-16 01:30:00+05:30,142.57,11904.68,153.98,108.35,141.52,11817.26,INTRADAY_SQUAREOFF,0.01,27.03,0.215708,2567.94,18.86,3.02,15.84,15.84,2703.1,2718.93
429,SOL/INR,1h,SHORT,2026-01-16 09:30:00+05:30,2026-01-17 00:30:00+05:30,141.84,11843.96,153.19,107.8,143.58,11988.76,INTRADAY_SQUAREOFF,0.01,27.19,0.218085,2582.99,-31.58,3.07,-34.65,-34.65,2718.93,2684.29
430,SOL/INR,1h,LONG,2026-01-17 14:30:00+05:30,2026-01-18 00:30:00+05:30,144.24,12043.64,132.7,178.85,144.12,12034.14,INTRADAY_SQUAREOFF,0.01,26.84,0.211736,2550.07,-2.01,3.01,-5.02,-5.02,2684.29,2679.27
431,SOL/INR,1h,SHORT,2026-01-18 12:30:00+05:30,2026-01-19 00:30:00+05:30,142.52,11900.54,153.92,108.32,142.88,11930.65,INTRADAY_SQUAREOFF,0.01,26.79,0.213882,2545.31,-6.44,3.01,-9.45,-9.45,2679.27,2669.82
432,SOL/INR,1h,SHORT,2026-01-19 05:30:00+05:30,2026-01-20 00:30:00+05:30,137.89,11514.15,148.93,104.8,134.26,11210.91,INTRADAY_SQUAREOFF,0.01,26.7,0.22028,2536.33,66.8,2.95,63.84,63.84,2669.82,2733.67
433,SOL/INR,1h,SHORT,2026-01-20 03:30:00+05:30,2026-01-21 00:30:00+05:30,134.01,11189.59,144.73,101.85,127.05,10608.52,INTRADAY_SQUAREOFF,0.01,27.34,0.232089,2596.98,134.86,2.98,131.88,131.88,2733.67,2865.54
434,SOL/INR,1h,SHORT,2026-01-21 04:30:00+05:30,2026-01-22 00:30:00+05:30,125.82,10506.28,135.89,95.63,127.61,10655.17,INTRADAY_SQUAREOFF,0.01,28.66,0.259108,2722.27,-38.58,3.24,-41.81,-41.81,2865.54,2823.73
435,SOL/INR,1h,SHORT,2026-01-23 00:30:00+05:30,2026-01-24 00:30:00+05:30,127.59,10653.48,137.79,96.97,129.04,10774.95,INTRADAY_SQUAREOFF,0.01,28.24,0.2518,2682.54,-30.59,3.18,-33.77,-33.77,2823.73,2789.96
436,SOL/INR,1h,LONG,2026-01-24 08:30:00+05:30,2026-01-25 00:30:00+05:30,127.61,10655.42,117.4,158.24,127.14,10616.22,INTRADAY_SQUAREOFF,0.01,27.9,0.248743,2650.46,-9.75,3.12,-12.87,-12.87,2789.96,2777.09
437,SOL/INR,1h,LONG,2026-01-25 04:30:00+05:30,2026-01-26 00:30:00+05:30,127.51,10647.11,117.31,158.11,121.47,10143.16,INTRADAY_SQUAREOFF,0.01,27.77,0.247789,2638.23,-124.87,3.04,-127.91,-127.91,2777.09,2649.18
438,SOL/INR,1h,LONG,2026-01-27 03:30:00+05:30,2026-01-28 00:30:00+05:30,124.57,10401.87,114.61,154.47,125.53,10481.78,INTRADAY_SQUAREOFF,0.01,26.49,0.241948,2516.72,19.33,2.98,16.35,16.35,2649.18,2665.53
439,SOL/INR,1h,LONG,2026-01-28 12:30:00+05:30,2026-01-29 00:30:00+05:30,127.34,10633.26,117.16,157.91,125.73,10498.05,INTRADAY_SQUAREOFF,0.01,26.66,0.238144,2532.25,-32.2,2.97,-35.17,-35.17,2665.53,2630.36
440,SOL/INR,1h,SHORT,2026-01-29 15:30:00+05:30,2026-01-30 00:30:00+05:30,122.85,10257.64,132.67,93.36,115.76,9665.62,INTRADAY_SQUAREOFF,0.01,26.3,0.243608,2498.84,144.22,2.86,141.36,141.36,2630.36,2771.71
441,SOL/INR,1h,SHORT,2026-01-30 12:30:00+05:30,2026-01-31 00:30:00+05:30,113.18,9450.47,122.23,86.02,117.88,9842.77,INTRADAY_SQUAREOFF,0.01,27.72,0.278624,2633.13,-109.3,3.17,-112.47,-112.47,2771.71,2659.24
442,SOL/INR,1h,SHORT,2026-01-31 18:30:00+05:30,2026-02-01 00:30:00+05:30,115.03,9605.19,124.23,87.42,101.66,8488.68,INTRADAY_SQUAREOFF,0.01,26.59,0.263012,2526.28,293.65,2.81,290.85,290.85,2659.24,2950.08
443,SOL/INR,1h,SHORT,2026-02-01 09:30:00+05:30,2026-02-02 00:30:00+05:30,104.58,8732.49,112.95,79.48,103.28,8623.54,INTRADAY_SQUAREOFF,0.01,29.5,0.320937,2802.58,34.97,3.29,31.68,31.68,2950.08,2981.76
444,SOL/INR,1h,SHORT,2026-02-02 11:30:00+05:30,2026-02-03 00:30:00+05:30,97.86,8170.9,105.68,74.37,104.75,8746.55,INTRADAY_SQUAREOFF,0.01,29.82,0.346679,2832.68,-199.56,3.46,-203.02,-203.02,2981.76,2778.74
445,SOL/INR,1h,SHORT,2026-02-03 05:30:00+05:30,2026-02-04 00:30:00+05:30,104.4,8717.19,112.75,79.34,97.01,8100.21,INTRADAY_SQUAREOFF,0.01,27.79,0.302827,2639.8,186.84,3.0,183.83,183.83,2778.74,2962.57
446,SOL/INR,1h,SHORT,2026-02-04 04:30:00+05:30,2026-02-05 00:30:00+05:30,98.27,8205.53,106.13,74.69,92.31,7707.88,INTRADAY_SQUAREOFF,0.01,29.63,0.342993,2814.44,170.69,3.22,167.47,167.47,2962.57,3130.04
447,SOL/INR,1h,SHORT,2026-02-05 03:30:00+05:30,2026-02-06 00:30:00+05:30,90.62,7566.69,97.87,68.87,82.81,6914.88,INTRADAY_SQUAREOFF,0.01,31.3,0.392978,2973.54,256.14,3.36,252.79,252.79,3130.04,3382.83
448,SOL/INR,1h,SHORT,2026-02-06 05:30:00+05:30,2026-02-06 19:30:00+05:30,78.15,6525.23,84.4,59.39,84.44,7050.77,STOP_LOSS,0.01,33.83,0.492502,3213.69,-258.83,3.94,-262.78,-262.78,3382.83,3120.05
449,SOL/INR,1h,LONG,2026-02-07 01:30:00+05:30,2026-02-08 00:30:00+05:30,87.19,7280.37,80.21,108.12,88.7,7406.61,INTRADAY_SQUAREOFF,0.01,31.2,0.407129,2964.05,51.4,3.53,47.87,47.87,3120.05,3167.92
450,SOL/INR,1h,LONG,2026-02-08 07:30:00+05:30,2026-02-09 00:30:00+05:30,87.95,7343.55,80.91,109.05,87.87,7337.14,INTRADAY_SQUAREOFF,0.01,31.68,0.409819,3009.53,-2.63,3.55,-6.18,-6.18,3167.92,3161.75
451,SOL/INR,1h,LONG,2026-02-09 09:30:00+05:30,2026-02-10 00:30:00+05:30,87.73,7325.47,80.71,108.79,87.3,7289.85,INTRADAY_SQUAREOFF,0.01,31.62,0.410029,3003.66,-14.61,3.54,-18.14,-18.14,3161.75,3143.6
452,SOL/INR,1h,LONG,2026-02-10 07:30:00+05:30,2026-02-11 00:30:00+05:30,87.38,7296.46,80.39,108.35,82.99,6929.84,INTRADAY_SQUAREOFF,0.01,31.44,0.409298,2986.42,-150.05,3.44,-153.49,-153.49,3143.6,2990.11
453,SOL/INR,1h,SHORT,2026-02-11 02:30:00+05:30,2026-02-12 00:30:00+05:30,82.44,6883.46,89.03,62.65,79.84,6666.26,INTRADAY_SQUAREOFF,0.01,29.9,0.412671,2840.61,89.63,3.3,86.33,86.33,2990.11,3076.45
454,SOL/INR,1h,SHORT,2026-02-12 04:30:00+05:30,2026-02-13 00:30:00+05:30,79.47,6635.37,85.82,60.39,77.67,6485.19,INTRADAY_SQUAREOFF,0.01,30.76,0.440461,2922.62,66.15,3.41,62.74,62.74,3076.45,3139.18
455,SOL/INR,1h,LONG,2026-02-14 06:30:00+05:30,2026-02-15 00:30:00+05:30,85.05,7101.55,78.24,105.46,87.95,7343.81,INTRADAY_SQUAREOFF,0.01,31.39,0.419939,2982.22,101.73,3.58,98.16,98.16,3139.18,3237.34
456,SOL/INR,1h,LONG,2026-02-15 04:30:00+05:30,2026-02-16 00:30:00+05:30,88.72,7408.09,81.62,110.01,86.1,7189.03,INTRADAY_SQUAREOFF,0.01,32.37,0.41515,3075.47,-90.94,3.58,-94.52,-94.52,3237.34,3142.82
457,SOL/INR,1h,SHORT,2026-02-16 07:30:00+05:30,2026-02-17 00:30:00+05:30,85.46,7135.52,92.29,64.95,84.63,7066.44,INTRADAY_SQUAREOFF,0.01,31.43,0.418425,2985.68,28.9,3.51,25.4,25.4,3142.82,3168.22
458,SOL/INR,1h,LONG,2026-02-17 12:30:00+05:30,2026-02-18 00:30:00+05:30,86.71,7240.23,79.77,107.52,85.17,7111.93,INTRADAY_SQUAREOFF,0.01,31.68,0.415706,3009.81,-53.34,3.52,-56.86,-56.86,3168.22,3111.36
459,SOL/INR,1h,SHORT,2026-02-18 06:30:00+05:30,2026-02-19 00:30:00+05:30,84.8,7080.75,91.58,64.45,81.31,6789.65,INTRADAY_SQUAREOFF,0.01,31.11,0.417441,2955.79,121.52,3.42,118.1,118.1,3111.36,3229.47
460,SOL/INR,1h,SHORT,2026-02-19 14:30:00+05:30,2026-02-20 00:30:00+05:30,81.63,6816.45,88.16,62.04,81.95,6842.67,INTRADAY_SQUAREOFF,0.01,32.29,0.450087,3067.99,-11.8,3.63,-15.43,-15.43,3229.47,3214.03
461,SOL/INR,1h,LONG,2026-02-20 11:30:00+05:30,2026-02-21 00:30:00+05:30,83.56,6977.44,76.88,103.62,85.18,7112.7,INTRADAY_SQUAREOFF,0.01,32.14,0.437601,3053.33,59.19,3.64,55.55,55.55,3214.03,3269.59
462,SOL/INR,1h,LONG,2026-02-21 19:30:00+05:30,2026-02-22 00:30:00+05:30,85.67,7153.63,78.82,106.23,86.56,7227.93,INTRADAY_SQUAREOFF,0.01,32.7,0.4342,3106.11,32.26,3.68,28.58,28.58,3269.59,3298.16
463,SOL/INR,1h,SHORT,2026-02-23 02:30:00+05:30,2026-02-24 00:30:00+05:30,83.01,6931.23,89.65,63.09,78.75,6575.94,INTRADAY_SQUAREOFF,0.01,32.98,0.452049,3133.26,160.61,3.6,157.0,157.0,3298.16,3455.17
464,SOL/INR,1h,SHORT,2026-02-24 05:30:00+05:30,2026-02-25 00:30:00+05:30,77.66,6484.31,83.87,59.02,78.25,6533.46,INTRADAY_SQUAREOFF,0.01,34.55,0.506208,3282.41,-24.88,3.89,-28.77,-28.77,3455.17,3426.4
465,SOL/INR,1h,LONG,2026-02-25 07:30:00+05:30,2026-02-26 00:30:00+05:30,82.33,6874.26,75.74,102.08,88.92,7424.68,INTRADAY_SQUAREOFF,0.01,34.26,0.473517,3255.08,260.64,3.99,256.64,256.64,3426.4,3683.04
466,SOL/INR,1h,LONG,2026-02-26 10:30:00+05:30,2026-02-27 00:30:00+05:30,88.93,7425.78,81.82,110.28,85.38,7129.61,INTRADAY_SQUAREOFF,0.01,36.83,0.471182,3498.89,-139.55,4.05,-143.6,-143.6,3683.04,3539.45
467,SOL/INR,1h,SHORT,2026-02-27 11:30:00+05:30,2026-02-28 00:30:00+05:30,87.49,7305.39,94.49,66.49,81.53,6807.42,INTRADAY_SQUAREOFF,0.01,35.39,0.460273,3362.47,229.2,3.83,225.37,225.37,3539.45,3764.82
468,SOL/INR,1h,SHORT,2026-02-28 03:30:00+05:30,2026-03-01 00:30:00+05:30,81.08,6770.38,87.57,61.62,82.6,6896.88,INTRADAY_SQUAREOFF,0.01,37.65,0.528269,3576.58,-66.82,4.26,-71.08,-71.08,3764.82,3693.73
469,SOL/INR,1h,LONG,2026-03-01 02:30:00+05:30,2026-03-02 00:30:00+05:30,84.89,7088.0,78.1,105.26,83.92,7007.13,INTRADAY_SQUAREOFF,0.01,36.94,0.495069,3509.05,-40.04,4.12,-44.15,-44.15,3693.73,3649.58
470,SOL/INR,1h,SHORT,2026-03-02 12:30:00+05:30,2026-03-02 21:30:00+05:30,83.05,6934.97,89.7,63.12,89.74,7493.52,STOP_LOSS,0.01,36.5,0.499944,3467.1,-279.24,4.26,-283.5,-283.5,3649.58,3366.08
471,SOL/INR,1h,LONG,2026-03-03 02:30:00+05:30,2026-03-04 00:30:00+05:30,87.95,7343.85,80.91,109.06,85.35,7126.34,INTRADAY_SQUAREOFF,0.01,33.66,0.435436,3197.78,-94.71,3.72,-98.43,-98.43,3366.08,3267.65
472,SOL/INR,1h,LONG,2026-03-04 11:30:00+05:30,2026-03-05 00:30:00+05:30,85.86,7169.37,78.99,106.47,92.31,7707.49,INTRADAY_SQUAREOFF,0.01,32.68,0.432991,3104.27,233.0,3.8,229.2,229.2,3267.65,3496.85
473,SOL/INR,1h,LONG,2026-03-05 12:30:00+05:30,2026-03-06 00:30:00+05:30,90.93,7592.59,83.65,112.75,88.7,7406.68,INTRADAY_SQUAREOFF,0.01,34.97,0.437534,3322.01,-81.34,3.87,-85.21,-85.21,3496.85,3411.64
474,SOL/INR,1h,SHORT,2026-03-06 05:30:00+05:30,2026-03-07 00:30:00+05:30,88.65,7402.2,95.74,67.37,85.41,7131.81,INTRADAY_SQUAREOFF,0.01,34.12,0.437851,3241.06,118.39,3.75,114.64,114.64,3411.64,3526.28
475,SOL/INR,1h,SHORT,2026-03-07 09:30:00+05:30,2026-03-08 00:30:00+05:30,84.4,7047.16,91.15,64.14,83.44,6967.34,INTRADAY_SQUAREOFF,0.01,35.26,0.475364,3349.96,37.94,3.93,34.01,34.01,3526.28,3560.29
476,SOL/INR,1h,SHORT,2026-03-08 08:30:00+05:30,2026-03-09 00:30:00+05:30,82.37,6877.66,88.96,62.6,81.64,6816.93,INTRADAY_SQUAREOFF,0.01,35.6,0.491777,3382.28,29.87,3.97,25.9,25.9,3560.29,3586.19
477,SOL/INR,1h,SHORT,2026-03-09 05:30:00+05:30,2026-03-10 00:30:00+05:30,81.58,6812.24,88.11,62.0,85.26,7119.44,INTRADAY_SQUAREOFF,0.01,35.86,0.500111,3406.88,-153.63,4.11,-157.74,-157.74,3586.19,3428.45
478,SOL/INR,1h,LONG,2026-03-10 08:30:00+05:30,2026-03-11 00:30:00+05:30,86.76,7244.67,79.82,107.59,86.2,7197.33,INTRADAY_SQUAREOFF,0.01,34.28,0.449575,3257.02,-21.28,3.83,-25.11,-25.11,3428.45,3403.33
479,SOL/INR,1h,LONG,2026-03-13 01:30:00+05:30,2026-03-14 00:30:00+05:30,86.9,7255.92,79.95,107.75,88.81,7415.59,INTRADAY_SQUAREOFF,0.01,34.03,0.44559,3233.17,71.15,3.86,67.29,67.29,3403.33,3470.62
480,SOL/INR,1h,SHORT,2026-03-14 04:30:00+05:30,2026-03-15 00:30:00+05:30,87.78,7329.59,94.8,66.71,87.09,7271.61,INTRADAY_SQUAREOFF,0.01,34.71,0.449833,3297.09,26.08,3.88,22.2,22.2,3470.62,3492.83
481,SOL/INR,1h,LONG,2026-03-15 08:30:00+05:30,2026-03-16 00:30:00+05:30,88.52,7391.07,81.43,109.76,87.88,7338.08,INTRADAY_SQUAREOFF,0.01,34.93,0.448945,3318.19,-23.79,3.9,-27.69,-27.69,3492.83,3465.14
482,SOL/INR,1h,LONG,2026-03-16 09:30:00+05:30,2026-03-17 00:30:00+05:30,93.7,7823.88,86.2,116.19,94.39,7881.59,INTRADAY_SQUAREOFF,0.01,34.65,0.420748,3291.88,24.28,3.9,20.38,20.38,3465.14,3485.52
483,SOL/INR,1h,SHORT,2026-03-19 04:30:00+05:30,2026-03-20 00:30:00+05:30,89.95,7510.45,97.14,68.36,88.11,7357.28,INTRADAY_SQUAREOFF,0.01,34.86,0.440885,3311.24,67.53,3.87,63.67,63.67,3485.52,3549.19
484,SOL/INR,1h,SHORT,2026-03-20 04:30:00+05:30,2026-03-21 00:30:00+05:30,88.49,7389.21,95.57,67.26,88.57,7395.22,INTRADAY_SQUAREOFF,0.01,35.49,0.456304,3371.73,-2.74,3.98,-6.72,-6.72,3549.19,3542.47
485,SOL/INR,1h,SHORT,2026-03-23 12:30:00+05:30,2026-03-24 00:30:00+05:30,85.58,7145.74,92.42,65.04,91.57,7646.47,INTRADAY_SQUAREOFF,0.01,35.42,0.470958,3365.34,-235.83,4.11,-239.94,-239.94,3542.47,3302.53
486,SOL/INR,1h,LONG,2026-03-24 02:30:00+05:30,2026-03-25 00:30:00+05:30,91.98,7680.73,84.63,114.06,88.94,7426.89,INTRADAY_SQUAREOFF,0.01,33.03,0.408477,3137.4,-103.69,3.64,-107.33,-107.33,3302.53,3195.2
487,SOL/INR,1h,LONG,2026-03-25 16:30:00+05:30,2026-03-26 00:30:00+05:30,92.66,7736.91,85.25,114.9,91.59,7647.54,INTRADAY_SQUAREOFF,0.01,31.95,0.392332,3035.44,-35.07,3.56,-38.63,-38.63,3195.2,3156.57
488,SOL/INR,1h,SHORT,2026-03-26 11:30:00+05:30,2026-03-27 00:30:00+05:30,89.13,7442.76,96.27,67.74,86.06,7186.13,INTRADAY_SQUAREOFF,0.01,31.57,0.402908,2998.75,103.4,3.48,99.92,99.92,3156.57,3256.5
489,SOL/INR,1h,SHORT,2026-03-27 09:30:00+05:30,2026-03-28 00:30:00+05:30,86.33,7208.84,93.24,65.61,82.37,6878.13,INTRADAY_SQUAREOFF,0.01,32.56,0.42915,3093.67,141.92,3.57,138.36,138.36,3256.5,3394.86
490,SOL/INR,1h,SHORT,2026-03-28 08:30:00+05:30,2026-03-29 00:30:00+05:30,82.4,6880.37,88.99,62.62,83.41,6964.55,INTRADAY_SQUAREOFF,0.01,33.95,0.468741,3225.11,-39.46,3.83,-43.29,-43.29,3394.86,3351.57
491,SOL/INR,1h,SHORT,2026-03-29 19:30:00+05:30,2026-03-30 00:30:00+05:30,81.78,6828.83,88.33,62.15,81.79,6829.36,INTRADAY_SQUAREOFF,0.01,33.52,0.466257,3183.99,-0.25,3.76,-4.01,-4.01,3351.57,3347.57
492,SOL/INR,1h,LONG,2026-03-30 10:30:00+05:30,2026-03-31 00:30:00+05:30,83.7,6989.08,77.01,103.79,82.54,6891.8,INTRADAY_SQUAREOFF,0.01,33.48,0.455023,3180.19,-44.26,3.73,-47.99,-47.99,3347.57,3299.58
493,SOL/INR,1h,SHORT,2026-03-31 10:30:00+05:30,2026-04-01 00:30:00+05:30,83.27,6952.63,89.93,63.28,82.81,6914.6,INTRADAY_SQUAREOFF,0.01,33.0,0.450851,3134.6,17.15,3.69,13.46,13.46,3299.58,3313.04
494,SOL/INR,1h,SHORT,2026-04-02 07:30:00+05:30,2026-04-03 00:30:00+05:30,79.11,6605.87,85.44,60.13,79.13,6607.27,INTRADAY_SQUAREOFF,0.01,33.13,0.476453,3147.38,-0.67,3.71,-4.38,-4.38,3313.04,3308.65
495,SOL/INR,1h,LONG,2026-04-03 21:30:00+05:30,2026-04-04 00:30:00+05:30,80.54,6724.77,74.09,99.86,80.09,6687.89,INTRADAY_SQUAREOFF,0.01,33.09,0.467409,3143.22,-17.23,3.7,-20.93,-20.93,3308.65,3287.72
496,SOL/INR,1h,LONG,2026-04-04 12:30:00+05:30,2026-04-05 00:30:00+05:30,80.51,6722.83,74.07,99.84,80.85,6750.99,INTRADAY_SQUAREOFF,0.01,32.88,0.464586,3123.33,13.08,3.69,9.39,9.39,3287.72,3297.11
497,SOL/INR,1h,LONG,2026-04-05 03:30:00+05:30,2026-04-06 00:30:00+05:30,81.01,6764.14,74.53,100.45,79.88,6670.13,INTRADAY_SQUAREOFF,0.01,32.97,0.463067,3132.25,-43.53,3.67,-47.2,-47.2,3297.11,3249.9
498,SOL/INR,1h,LONG,2026-04-06 08:30:00+05:30,2026-04-07 00:30:00+05:30,82.7,6905.29,76.08,102.55,81.86,6835.44,INTRADAY_SQUAREOFF,0.01,32.5,0.447108,3087.41,-31.23,3.62,-34.85,-34.85,3249.9,3215.05
499,SOL/INR,1h,SHORT,2026-04-07 11:30:00+05:30,2026-04-08 00:30:00+05:30,79.47,6635.77,85.83,60.4,79.76,6659.77,INTRADAY_SQUAREOFF,0.01,32.15,0.460277,3054.3,-11.05,3.61,-14.66,-14.66,3215.05,3200.39
500,SOL/INR,1h,LONG,2026-04-08 14:30:00+05:30,2026-04-09 00:30:00+05:30,84.88,7087.6,78.09,105.25,82.85,6918.31,INTRADAY_SQUAREOFF,0.01,32.0,0.42897,3040.37,-72.62,3.54,-76.17,-76.17,3200.39,3124.22
501,SOL/INR,1h,SHORT,2026-04-09 04:30:00+05:30,2026-04-10 00:30:00+05:30,82.54,6891.76,89.14,62.73,84.0,7013.94,INTRADAY_SQUAREOFF,0.01,31.24,0.430661,2968.01,-52.62,3.53,-56.15,-56.15,3124.22,3068.07
502,SOL/INR,1h,LONG,2026-04-10 10:30:00+05:30,2026-04-11 00:30:00+05:30,83.42,6965.9,76.75,103.45,85.19,7113.25,INTRADAY_SQUAREOFF,0.01,30.68,0.41842,2914.67,61.65,3.48,58.18,58.18,3068.07,3126.25
503,SOL/INR,1h,LONG,2026-04-11 21:30:00+05:30,2026-04-12 00:30:00+05:30,84.8,7080.75,78.02,105.15,85.4,7131.02,INTRADAY_SQUAREOFF,0.01,31.26,0.419438,2969.94,21.09,3.52,17.57,17.57,3126.25,3143.82
504,SOL/INR,1h,SHORT,2026-04-12 15:30:00+05:30,2026-04-13 00:30:00+05:30,82.2,6863.34,88.77,62.47,82.23,6866.0,INTRADAY_SQUAREOFF,0.01,31.44,0.435157,2986.63,-1.16,3.52,-4.68,-4.68,3143.82,3139.14
505,SOL/INR,1h,SHORT,2026-04-13 08:30:00+05:30,2026-04-14 00:30:00+05:30,81.91,6839.7,88.47,62.25,83.3,6955.13,INTRADAY_SQUAREOFF,0.01,31.39,0.436011,2982.18,-50.33,3.55,-53.88,-53.88,3139.14,3085.26
506,SOL/INR,1h,LONG,2026-04-14 04:30:00+05:30,2026-04-15 00:30:00+05:30,86.33,7208.27,79.42,107.05,84.07,7019.54,INTRADAY_SQUAREOFF,0.01,30.85,0.406616,2931.0,-76.74,3.41,-80.16,-80.16,3085.26,3005.11
507,SOL/INR,1h,SHORT,2026-04-15 11:30:00+05:30,2026-04-16 00:30:00+05:30,82.96,6927.03,89.6,63.05,85.05,7101.88,INTRADAY_SQUAREOFF,0.01,30.05,0.412132,2854.85,-72.06,3.41,-75.47,-75.47,3005.11,2929.63
508,SOL/INR,1h,LONG,2026-04-16 21:30:00+05:30,2026-04-17 00:30:00+05:30,87.11,7273.98,80.14,108.02,89.09,7438.63,INTRADAY_SQUAREOFF,0.01,29.3,0.382618,2783.15,63.0,3.32,59.68,59.68,2929.63,2989.31
509,SOL/INR,1h,LONG,2026-04-17 12:30:00+05:30,2026-04-18 00:30:00+05:30,88.16,7361.7,81.11,109.32,89.19,7446.98,INTRADAY_SQUAREOFF,0.01,29.89,0.38576,2839.85,32.9,3.37,29.53,29.53,2989.31,3018.84
510,SOL/INR,1h,SHORT,2026-04-19 00:30:00+05:30,2026-04-20 00:30:00+05:30,85.81,7164.89,92.67,65.21,85.24,7117.76,INTRADAY_SQUAREOFF,0.01,30.19,0.400271,2867.9,18.87,3.37,15.49,15.49,3018.84,3034.33
511,SOL/INR,1h,SHORT,2026-04-20 11:30:00+05:30,2026-04-21 00:30:00+05:30,83.76,6993.8,90.46,63.66,86.15,7193.78,INTRADAY_SQUAREOFF,0.01,30.34,0.412167,2882.62,-82.42,3.45,-85.87,-85.87,3034.33,2948.46
512,SOL/INR,1h,LONG,2026-04-22 11:30:00+05:30,2026-04-23 00:30:00+05:30,88.36,7378.41,81.3,109.57,87.74,7325.97,INTRADAY_SQUAREOFF,0.01,29.48,0.379626,2801.04,-19.91,3.29,-23.2,-23.2,2948.46,2925.26
513,SOL/INR,1h,LONG,2026-04-23 03:30:00+05:30,2026-04-24 00:30:00+05:30,87.72,7324.94,80.71,108.78,85.23,7116.48,INTRADAY_SQUAREOFF,0.01,29.25,0.379388,2778.99,-79.09,3.23,-82.32,-82.32,2925.26,2842.94
514,SOL/INR,1h,SHORT,2026-04-24 08:30:00+05:30,2026-04-25 00:30:00+05:30,85.78,7162.39,92.64,65.19,86.48,7221.35,INTRADAY_SQUAREOFF,0.01,28.43,0.37708,2700.79,-22.23,3.2,-25.43,-25.43,2842.94,2817.5
515,SOL/INR,1h,SHORT,2026-04-26 07:30:00+05:30,2026-04-27 00:30:00+05:30,85.95,7176.57,92.82,65.32,86.89,7255.6,INTRADAY_SQUAREOFF,0.01,28.18,0.372968,2676.63,-29.47,3.18,-32.65,-32.65,2817.5,2784.85
516,SOL/INR,1h,SHORT,2026-04-28 07:30:00+05:30,2026-04-29 00:30:00+05:30,84.34,7042.21,91.08,64.1,83.83,6999.96,INTRADAY_SQUAREOFF,0.01,27.85,0.375679,2645.61,15.87,3.11,12.76,12.76,2784.85,2797.61
517,SOL/INR,1h,SHORT,2026-04-30 08:30:00+05:30,2026-05-01 00:30:00+05:30,82.62,6898.66,89.23,62.79,83.05,6934.8,INTRADAY_SQUAREOFF,0.01,27.98,0.385253,2657.73,-13.92,3.14,-17.07,-17.07,2797.61,2780.54
518,SOL/INR,1h,SHORT,2026-05-01 03:30:00+05:30,2026-05-02 00:30:00+05:30,82.79,6912.85,89.41,62.92,84.01,7015.0,INTRADAY_SQUAREOFF,0.01,27.81,0.382117,2641.52,-39.03,3.14,-42.17,-42.17,2780.54,2738.37
519,SOL/INR,1h,LONG,2026-05-04 07:30:00+05:30,2026-05-05 00:30:00+05:30,84.93,7091.86,78.14,105.32,84.7,7072.25,INTRADAY_SQUAREOFF,0.01,27.38,0.366822,2601.45,-7.19,3.07,-10.26,-10.26,2738.37,2728.11
520,SOL/INR,1h,LONG,2026-05-05 06:30:00+05:30,2026-05-06 05:30:00+05:30,84.39,7046.75,77.64,104.65,86.21,7198.27,INTRADAY_SQUAREOFF,0.01,27.28,0.367788,2591.71,55.73,3.09,52.64,52.64,2728.11,2780.75
521,SOL/INR,1h,LONG,2026-05-06 12:30:00+05:30,2026-05-07 00:30:00+05:30,87.57,7312.41,80.57,108.59,88.97,7428.62,INTRADAY_SQUAREOFF,0.01,27.81,0.361264,2641.71,41.98,3.14,38.84,38.84,2780.75,2819.59
522,SOL/INR,1h,LONG,2026-05-07 10:30:00+05:30,2026-05-08 00:30:00+05:30,88.42,7383.42,81.35,109.65,88.51,7390.23,INTRADAY_SQUAREOFF,0.01,28.2,0.362787,2678.61,2.47,3.16,-0.69,-0.69,2819.59,2818.9
523,SOL/INR,1h,LONG,2026-05-08 05:30:00+05:30,2026-05-09 00:30:00+05:30,88.53,7392.61,81.45,109.78,92.23,7701.53,INTRADAY_SQUAREOFF,0.01,28.19,0.362247,2677.95,111.9,3.23,108.68,108.68,2818.9,2927.58
524,SOL/INR,1h,LONG,2026-05-09 06:30:00+05:30,2026-05-10 00:30:00+05:30,92.67,7737.64,85.25,114.91,93.33,7793.33,INTRADAY_SQUAREOFF,0.01,29.28,0.359438,2781.2,20.02,3.29,16.72,16.72,2927.58,2944.3
525,SOL/INR,1h,LONG,2026-05-10 09:30:00+05:30,2026-05-11 00:30:00+05:30,93.54,7810.32,86.05,115.99,96.33,8043.71,INTRADAY_SQUAREOFF,0.01,29.44,0.358127,2797.09,83.58,3.35,80.23,80.23,2944.3,3024.54
526,SOL/INR,1h,LONG,2026-05-11 11:30:00+05:30,2026-05-12 00:30:00+05:30,95.9,8007.48,88.23,118.91,97.25,8120.49,INTRADAY_SQUAREOFF,0.01,30.25,0.358828,2873.31,40.55,3.41,37.14,37.14,3024.54,3061.67
527,SOL/INR,1h,SHORT,2026-05-14 08:30:00+05:30,2026-05-15 00:30:00+05:30,90.39,7547.96,97.63,68.7,93.5,7806.98,INTRADAY_SQUAREOFF,0.01,30.62,0.385347,2908.59,-99.81,3.49,-103.3,-103.3,3061.67,2958.37
528,SOL/INR,1h,LONG,2026-05-15 13:30:00+05:30,2026-05-16 00:30:00+05:30,91.75,7660.78,84.41,113.76,89.7,7489.54,INTRADAY_SQUAREOFF,0.01,29.58,0.366863,2810.45,-62.82,3.28,-66.1,-66.1,2958.37,2892.27
529,SOL/INR,1h,SHORT,2026-05-16 15:30:00+05:30,2026-05-17 00:30:00+05:30,85.7,7155.71,92.55,65.13,86.83,7250.59,INTRADAY_SQUAREOFF,0.01,28.92,0.383981,2747.66,-36.43,3.26,-39.7,-39.7,2892.27,2852.58
530,SOL/INR,1h,SHORT,2026-05-17 06:30:00+05:30,2026-05-18 00:30:00+05:30,85.89,7171.57,92.76,65.27,86.43,7217.17,INTRADAY_SQUAREOFF,0.01,28.53,0.377874,2709.95,-17.23,3.21,-20.44,-20.44,2852.58,2832.14
531,SOL/INR,1h,SHORT,2026-05-18 04:30:00+05:30,2026-05-19 00:30:00+05:30,85.94,7175.74,92.81,65.31,83.48,6970.72,INTRADAY_SQUAREOFF,0.01,28.32,0.374948,2690.53,76.87,3.13,73.74,73.74,2832.14,2905.88
532,SOL/INR,1h,SHORT,2026-05-19 07:30:00+05:30,2026-05-20 00:30:00+05:30,84.79,7079.76,91.57,64.44,84.37,7045.08,INTRADAY_SQUAREOFF,0.01,29.06,0.389926,2760.58,13.53,3.25,10.28,10.28,2905.88,2916.15
533,SOL/INR,1h,SHORT,2026-05-20 04:30:00+05:30,2026-05-21 00:30:00+05:30,83.91,7006.32,90.62,63.77,85.76,7161.2,INTRADAY_SQUAREOFF,0.01,29.16,0.395407,2770.35,-61.24,3.31,-64.55,-64.55,2916.15,2851.61
534,SOL/INR,1h,LONG,2026-05-21 13:30:00+05:30,2026-05-22 00:30:00+05:30,86.69,7238.89,79.76,107.5,86.95,7260.03,INTRADAY_SQUAREOFF,0.01,28.52,0.374232,2709.03,7.91,3.2,4.71,4.71,2851.61,2856.32
535,SOL/INR,1h,LONG,2026-05-22 17:30:00+05:30,2026-05-23 00:30:00+05:30,87.29,7289.02,80.31,108.24,85.33,7124.83,INTRADAY_SQUAREOFF,0.01,28.56,0.372273,2713.5,-61.12,3.17,-64.29,-64.29,2856.32,2792.03
536,SOL/INR,1h,SHORT,2026-05-23 10:30:00+05:30,2026-05-24 00:30:00+05:30,84.21,7031.36,90.94,64.0,84.68,7070.97,INTRADAY_SQUAREOFF,0.01,27.92,0.377229,2652.43,-14.94,3.14,-18.08,-18.08,2792.03,2773.95
537,SOL/INR,1h,LONG,2026-05-24 11:30:00+05:30,2026-05-25 00:30:00+05:30,86.1,7189.6,79.21,106.77,85.26,7118.99,INTRADAY_SQUAREOFF,0.01,27.74,0.366536,2635.25,-25.88,3.09,-28.98,-28.98,2773.95,2744.97
538,SOL/INR,1h,SHORT,2026-05-25 07:30:00+05:30,2026-05-26 00:30:00+05:30,84.69,7071.42,91.46,64.36,85.87,7170.39,INTRADAY_SQUAREOFF,0.01,27.45,0.368769,2607.72,-36.5,3.1,-39.6,-39.6,2744.97,2705.37
539,SOL/INR,1h,SHORT,2026-05-27 09:30:00+05:30,2026-05-28 00:30:00+05:30,83.33,6957.91,89.99,63.33,83.85,7001.63,INTRADAY_SQUAREOFF,0.01,27.05,0.369379,2570.11,-16.15,3.04,-19.19,-19.19,2705.37,2686.18
540,SOL/INR,1h,SHORT,2026-05-28 08:30:00+05:30,2026-05-29 00:30:00+05:30,81.87,6836.07,88.42,62.22,82.79,6913.08,INTRADAY_SQUAREOFF,0.01,26.86,0.373296,2551.87,-28.75,3.03,-31.78,-31.78,2686.18,2654.41
541,SOL/INR,1h,SHORT,2026-06-01 07:30:00+05:30,2026-06-02 00:30:00+05:30,81.6,6813.53,88.13,62.02,80.78,6745.16,INTRADAY_SQUAREOFF,0.01,26.54,0.3701,2521.69,25.3,2.96,22.34,22.34,2654.41,2676.75
542,SOL/INR,1h,SHORT,2026-06-02 07:30:00+05:30,2026-06-03 00:30:00+05:30,79.93,6674.16,86.32,60.75,76.06,6350.84,INTRADAY_SQUAREOFF,0.01,26.77,0.381009,2542.91,123.19,2.93,120.26,120.26,2676.75,2797.01
543,SOL/INR,1h,SHORT,2026-06-03 04:30:00+05:30,2026-06-04 00:30:00+05:30,73.27,6118.32,79.14,55.69,73.02,6096.88,INTRADAY_SQUAREOFF,0.01,27.97,0.434295,2657.16,9.31,3.13,6.18,6.18,2797.01,2803.19
544,SOL/INR,1h,SHORT,2026-06-04 13:30:00+05:30,2026-06-05 00:30:00+05:30,69.05,5765.3,74.57,52.47,69.41,5796.13,INTRADAY_SQUAREOFF,0.01,28.03,0.461907,2663.03,-14.24,3.15,-17.39,-17.39,2803.19,2785.8
545,SOL/INR,1h,SHORT,2026-06-05 08:30:00+05:30,2026-06-06 00:30:00+05:30,67.1,5602.55,72.46,50.99,62.89,5251.43,INTRADAY_SQUAREOFF,0.01,27.86,0.472376,2646.51,165.86,3.03,162.83,162.83,2785.8,2948.63
546,SOL/INR,1h,SHORT,2026-06-06 09:30:00+05:30,2026-06-07 00:30:00+05:30,62.58,5225.32,67.58,47.56,61.71,5152.86,INTRADAY_SQUAREOFF,0.01,29.49,0.536082,2801.2,38.85,3.28,35.57,35.57,2948.63,2984.2
547,SOL/INR,1h,LONG,2026-06-08 05:30:00+05:30,2026-06-09 00:30:00+05:30,66.57,5558.87,61.25,82.55,67.38,5625.92,INTRADAY_SQUAREOFF,0.01,29.84,0.509994,2834.99,34.2,3.37,30.83,30.83,2984.2,3015.03
548,SOL/INR,1h,SHORT,2026-06-10 03:30:00+05:30,2026-06-11 00:30:00+05:30,64.82,5412.27,70.0,49.26,63.79,5326.62,INTRADAY_SQUAREOFF,0.01,30.15,0.52922,2864.28,45.33,3.35,41.97,41.97,3015.03,3057.0
549,SOL/INR,1h,LONG,2026-06-12 08:30:00+05:30,2026-06-13 00:30:00+05:30,67.23,5614.01,61.85,83.37,66.98,5592.54,INTRADAY_SQUAREOFF,0.01,30.57,0.517305,2904.15,-11.11,3.42,-14.53,-14.53,3057.0,3042.48
550,SOL/INR,1h,LONG,2026-06-13 12:30:00+05:30,2026-06-14 00:30:00+05:30,67.21,5612.33,61.84,83.34,68.05,5681.84,INTRADAY_SQUAREOFF,0.01,30.42,0.515,2890.35,35.79,3.43,32.36,32.36,3042.48,3074.84
551,SOL/INR,1h,LONG,2026-06-14 09:30:00+05:30,2026-06-15 00:30:00+05:30,69.04,5765.22,63.52,85.62,67.34,5622.58,INTRADAY_SQUAREOFF,0.01,30.75,0.506676,2921.1,-72.27,3.4,-75.67,-75.67,3074.84,2999.17
552,SOL/INR,1h,LONG,2026-06-15 16:30:00+05:30,2026-06-16 00:30:00+05:30,72.02,6013.34,66.25,89.3,75.19,6278.56,INTRADAY_SQUAREOFF,0.01,29.99,0.473815,2849.21,125.67,3.44,122.23,122.23,2999.17,3121.4
553,SOL/INR,1h,LONG,2026-06-16 12:30:00+05:30,2026-06-17 00:30:00+05:30,74.28,6202.14,68.33,92.1,73.88,6169.23,INTRADAY_SQUAREOFF,0.01,31.21,0.478114,2965.33,-15.73,3.49,-19.22,-19.22,3121.4,3102.18
554,SOL/INR,1h,SHORT,2026-06-18 09:30:00+05:30,2026-06-19 00:30:00+05:30,71.46,5967.26,77.18,54.31,68.59,5727.62,INTRADAY_SQUAREOFF,0.01,31.02,0.493872,2947.07,118.35,3.41,114.95,114.95,3102.18,3217.12
555,SOL/INR,1h,SHORT,2026-06-19 10:30:00+05:30,2026-06-20 00:30:00+05:30,68.11,5686.85,73.55,51.76,69.03,5764.38,INTRADAY_SQUAREOFF,0.01,32.17,0.537427,3056.27,-41.67,3.63,-45.3,-45.3,3217.12,3171.82
556,SOL/INR,1h,LONG,2026-06-20 16:30:00+05:30,2026-06-21 00:30:00+05:30,71.68,5984.93,65.94,88.88,71.62,5980.62,INTRADAY_SQUAREOFF,0.01,31.72,0.503469,3013.23,-2.17,3.55,-5.73,-5.73,3171.82,3166.1
557,SOL/INR,1h,LONG,2026-06-21 08:30:00+05:30,2026-06-22 00:30:00+05:30,73.34,6123.61,67.47,90.94,74.1,6187.59,INTRADAY_SQUAREOFF,0.01,31.66,0.491179,3007.79,31.43,3.57,27.86,27.86,3166.1,3193.96
558,SOL/INR,1h,LONG,2026-06-22 23:30:00+05:30,2026-06-23 01:30:00+05:30,73.29,6119.43,67.42,90.88,72.6,6062.41,INTRADAY_SQUAREOFF,0.01,31.94,0.49584,3034.26,-28.28,3.56,-31.84,-31.84,3193.96,3162.12
559,SOL/INR,1h,SHORT,2026-06-23 10:30:00+05:30,2026-06-24 00:30:00+05:30,71.28,5952.24,76.99,54.18,68.84,5748.51,INTRADAY_SQUAREOFF,0.01,31.62,0.504685,3004.01,102.82,3.48,99.34,99.34,3162.12,3261.45
560,SOL/INR,1h,SHORT,2026-06-24 08:30:00+05:30,2026-06-25 00:30:00+05:30,69.31,5786.99,74.85,52.67,66.01,5512.08,INTRADAY_SQUAREOFF,0.01,32.61,0.535404,3098.38,147.19,3.57,143.62,143.62,3261.45,3405.07
561,SOL/INR,1h,SHORT,2026-06-25 06:30:00+05:30,2026-06-26 00:30:00+05:30,67.47,5633.43,72.86,51.27,66.12,5521.27,INTRADAY_SQUAREOFF,0.01,34.05,0.574218,3234.82,64.4,3.78,60.62,60.62,3405.07,3465.7
562,SOL/INR,1h,SHORT,2026-06-26 08:30:00+05:30,2026-06-26 19:30:00+05:30,65.82,5495.73,71.08,50.02,71.12,5938.35,STOP_LOSS,0.01,34.66,0.599086,3292.41,-265.17,4.04,-269.21,-269.21,3465.7,3196.48
563,SOL/INR,1h,LONG,2026-06-26 21:30:00+05:30,2026-06-27 00:30:00+05:30,72.18,6026.7,66.4,89.5,72.45,6049.89,INTRADAY_SQUAREOFF,0.01,31.96,0.503868,3036.66,11.68,3.59,8.09,8.09,3196.48,3204.58
564,SOL/INR,1h,LONG,2026-06-27 08:30:00+05:30,2026-06-28 00:30:00+05:30,72.18,6026.7,66.4,89.5,71.75,5991.47,INTRADAY_SQUAREOFF,0.01,32.05,0.505143,3044.35,-17.8,3.58,-21.38,-21.38,3204.58,3183.2
565,SOL/INR,1h,LONG,2026-06-29 20:30:00+05:30,2026-06-30 00:30:00+05:30,73.78,6160.37,67.87,91.48,75.45,6300.26,INTRADAY_SQUAREOFF,0.01,31.83,0.490886,3024.04,68.67,3.61,65.06,65.06,3183.2,3248.26
566,SOL/INR,1h,LONG,2026-07-01 14:30:00+05:30,2026-07-02 00:30:00+05:30,75.44,6299.05,69.4,93.54,77.3,6454.66,INTRADAY_SQUAREOFF,0.01,32.48,0.489891,3085.85,76.23,3.69,72.55,72.55,3248.26,3320.81
567,SOL/INR,1h,LONG,2026-07-02 03:30:00+05:30,2026-07-03 00:30:00+05:30,78.62,6564.71,72.33,97.49,80.91,6755.95,INTRADAY_SQUAREOFF,0.01,33.21,0.480564,3154.77,91.9,3.78,88.12,88.12,3320.81,3408.93
568,SOL/INR,1h,LONG,2026-07-03 07:30:00+05:30,2026-07-04 00:30:00+05:30,81.64,6817.01,75.11,101.23,82.0,6846.91,INTRADAY_SQUAREOFF,0.01,34.09,0.47506,3238.48,14.21,3.83,10.38,10.38,3408.93,3419.31
569,SOL/INR,1h,LONG,2026-07-04 09:30:00+05:30,2026-07-05 00:30:00+05:30,82.79,6913.08,76.17,102.66,82.15,6859.43,INTRADAY_SQUAREOFF,0.01,34.19,0.469884,3248.34,-25.21,3.82,-29.03,-29.03,3419.31,3390.28
570,SOL/INR,1h,SHORT,2026-07-05 15:30:00+05:30,2026-07-06 00:30:00+05:30,79.6,6646.61,85.97,60.5,80.93,6757.69,INTRADAY_SQUAREOFF,0.01,33.9,0.484573,3220.77,-53.82,3.83,-57.66,-57.66,3390.28,3332.63
571,SOL/INR,1h,LONG,2026-07-06 13:30:00+05:30,2026-07-07 00:30:00+05:30,80.94,6758.53,74.47,100.37,81.87,6836.07,INTRADAY_SQUAREOFF,0.01,33.33,0.468444,3165.99,36.32,3.76,32.56,32.56,3332.63,3365.19
572,SOL/INR,1h,LONG,2026-07-07 12:30:00+05:30,2026-07-08 00:30:00+05:30,81.61,6814.5,75.08,101.2,81.14,6775.14,INTRADAY_SQUAREOFF,0.01,33.65,0.469137,3196.93,-18.47,3.76,-22.23,-22.23,3365.19,3342.96
573,SOL/INR,1h,SHORT,2026-07-08 14:30:00+05:30,2026-07-09 00:30:00+05:30,76.79,6412.1,82.93,58.36,77.12,6439.4,INTRADAY_SQUAREOFF,0.01,33.43,0.495285,3175.82,-13.52,3.76,-17.28,-17.28,3342.96,3325.69
574,SOL/INR,1h,SHORT,2026-07-09 07:30:00+05:30,2026-07-10 00:30:00+05:30,77.22,6447.98,83.4,58.69,78.19,6528.79,INTRADAY_SQUAREOFF,0.01,33.26,0.489983,3159.4,-39.59,3.75,-43.34,-43.34,3325.69,3282.34
575,SOL/INR,1h,SHORT,2026-07-10 23:30:00+05:30,2026-07-11 01:30:00+05:30,77.48,6469.68,83.68,58.89,77.87,6502.05,INTRADAY_SQUAREOFF,0.01,32.82,0.481975,3118.23,-15.6,3.69,-19.29,-19.29,3282.34,3263.05
576,SOL/INR,1h,SHORT,2026-07-11 06:30:00+05:30,2026-07-12 00:30:00+05:30,77.68,6486.38,83.9,59.04,78.06,6517.93,INTRADAY_SQUAREOFF,0.01,32.63,0.477909,3099.9,-15.08,3.67,-18.75,-18.75,3263.05,3244.31
577,SOL/INR,1h,SHORT,2026-07-12 05:30:00+05:30,2026-07-13 00:30:00+05:30,76.61,6397.07,82.74,58.22,77.56,6476.16,INTRADAY_SQUAREOFF,0.01,32.44,0.481797,3082.09,-38.1,3.66,-41.76,-41.76,3244.31,3202.55
578,SOL/INR,1h,SHORT,2026-07-13 03:30:00+05:30,2026-07-14 05:30:00+05:30,76.9,6421.28,83.05,58.45,74.97,6259.78,INTRADAY_SQUAREOFF,0.01,32.03,0.473803,3042.42,76.52,3.54,72.97,72.97,3202.55,3275.52
579,SOL/INR,1h,SHORT,2026-07-14 13:30:00+05:30,2026-07-15 00:30:00+05:30,74.76,6242.68,80.74,56.82,77.28,6452.76,INTRADAY_SQUAREOFF,0.01,32.76,0.498463,3111.74,-104.72,3.73,-108.45,-108.45,3275.52,3167.06
580,SOL/INR,1h,LONG,2026-07-15 05:30:00+05:30,2026-07-16 00:30:00+05:30,77.91,6505.4,71.68,96.61,77.5,6471.35,INTRADAY_SQUAREOFF,0.01,31.67,0.462495,3008.71,-15.74,3.54,-19.29,-19.29,3167.06,3147.78
581,SOL/INR,1h,LONG,2026-07-16 11:30:00+05:30,2026-07-17 00:30:00+05:30,77.48,6469.47,71.28,96.07,75.61,6313.62,INTRADAY_SQUAREOFF,0.01,31.48,0.462231,2990.39,-72.04,3.49,-75.53,-75.53,3147.78,3072.25
582,SOL/INR,1h,SHORT,2026-07-17 04:30:00+05:30,2026-07-18 00:30:00+05:30,75.16,6276.06,81.18,57.12,75.31,6288.19,INTRADAY_SQUAREOFF,0.01,30.72,0.465043,2918.64,-5.64,3.45,-9.09,-9.09,3072.25,3063.16
583,SOL/INR,1h,SHORT,2026-07-18 10:30:00+05:30,2026-07-19 00:30:00+05:30,74.96,6259.37,80.96,56.97,75.28,6285.68,INTRADAY_SQUAREOFF,0.01,30.63,0.464904,2910.01,-12.23,3.44,-15.67,-15.67,3063.16,3047.49
584,SOL/INR,1h,LONG,2026-07-20 02:30:00+05:30,2026-07-21 00:30:00+05:30,76.16,6359.2,70.07,94.44,77.55,6475.53,INTRADAY_SQUAREOFF,0.01,30.47,0.455264,2895.12,52.96,3.45,49.51,49.51,3047.49,3097.0
585,SOL/INR,1h,LONG,2026-07-21 05:30:00+05:30,2026-07-22 00:30:00+05:30,77.87,6502.05,71.64,96.56,77.77,6493.89,INTRADAY_SQUAREOFF,0.01,30.97,0.452496,2942.15,-3.7,3.47,-7.17,-7.17,3097.0,3089.84
586,SOL/INR,1h,LONG,2026-07-22 05:30:00+05:30,2026-07-23 00:30:00+05:30,78.19,6528.79,71.93,96.95,77.68,6486.38,INTRADAY_SQUAREOFF,0.01,30.9,0.4496,2935.34,-19.07,3.45,-22.52,-22.52,3089.84,3067.31
587,SOL/INR,1h,LONG,2026-07-23 03:30:00+05:30,2026-07-24 00:30:00+05:30,78.07,6518.76,71.82,96.81,75.7,6321.13,INTRADAY_SQUAREOFF,0.01,30.67,0.44701,2913.95,-88.34,3.39,-91.73,-91.73,3067.31,2975.58
588,SOL/INR,1h,SHORT,2026-07-24 07:30:00+05:30,2026-07-25 00:30:00+05:30,75.57,6310.28,81.62,57.43,73.95,6174.57,INTRADAY_SQUAREOFF,0.01,29.76,0.447968,2826.8,60.79,3.3,57.49,57.49,2975.58,3033.08
589,SOL/INR,1h,SHORT,2026-07-25 11:30:00+05:30,2026-07-26 00:30:00+05:30,73.8,6162.56,79.71,56.09,74.62,6230.54,INTRADAY_SQUAREOFF,0.01,30.33,0.467569,2881.42,-31.79,3.42,-35.21,-35.21,3033.08,2997.87
590,SOL/INR,1h,LONG,2026-07-26 21:30:00+05:30,2026-07-27 00:30:00+05:30,75.48,6302.39,69.44,93.59,75.29,6286.91,INTRADAY_SQUAREOFF,0.01,29.98,0.451888,2847.98,-7.0,3.36,-10.35,-10.35,2997.87,2987.52
591,SOL/INR,1h,LONG,2026-07-27 04:30:00+05:30,2026-07-28 00:30:00+05:30,76.78,6410.99,70.64,95.21,75.51,6305.27,INTRADAY_SQUAREOFF,0.01,29.88,0.442699,2838.14,-46.8,3.32,-50.12,-50.12,2987.52,2937.39
592,SOL/INR,1h,SHORT,2026-07-28 04:30:00+05:30,2026-07-29 00:30:00+05:30,73.9,6170.9,79.82,56.17,73.86,6167.05,INTRADAY_SQUAREOFF,0.01,29.37,0.452207,2790.52,1.74,3.29,-1.55,-1.55,2937.39,2935.84
593,SOL/INR,1h,LONG,2026-07-29 12:30:00+05:30,2026-07-30 00:30:00+05:30,74.04,6182.09,68.11,91.81,74.14,6190.93,INTRADAY_SQUAREOFF,0.01,29.36,0.45115,2789.05,3.99,3.29,0.7,0.7,2935.84,2936.54
594,SOL/INR,1h,LONG,2026-07-30 04:30:00+05:30,2026-07-31 00:30:00+05:30,73.75,6157.86,67.85,91.45,74.4,6212.63,INTRADAY_SQUAREOFF,0.01,29.37,0.453033,2789.71,24.81,3.31,21.51,21.51,2936.54,2958.04
595,SOL/INR,1h,LONG,2026-07-31 11:30:00+05:30,2026-08-01 00:30:00+05:30,74.28,6202.14,68.33,92.1,72.97,6093.29,INTRADAY_SQUAREOFF,0.01,29.58,0.453092,2810.14,-49.32,3.29,-52.61,-52.61,2958.04,2905.44
596,SOL/INR,1h,SHORT,2026-08-01 11:30:00+05:30,2026-08-02 00:30:00+05:30,72.76,6075.76,78.58,55.3,71.03,5930.63,INTRADAY_SQUAREOFF,0.01,29.05,0.454291,2760.17,65.93,3.22,62.71,62.71,2905.44,2968.15
597,SOL/INR,1h,LONG,2026-08-04 07:30:00+05:30,2026-08-05 00:30:00+05:30,73.79,6161.2,67.88,91.5,74.07,6185.09,INTRADAY_SQUAREOFF,0.01,29.68,0.457661,2819.74,10.93,3.33,7.6,7.6,2968.15,2975.75
598,SOL/INR,1h,LONG,2026-08-05 07:30:00+05:30,2026-08-06 00:30:00+05:30,74.1,6187.1,68.17,91.88,74.4,6212.63,INTRADAY_SQUAREOFF,0.01,29.76,0.456912,2826.96,11.67,3.34,8.32,8.32,2975.75,2984.07
599,SOL/INR,1h,LONG,2026-08-06 10:30:00+05:30,2026-08-07 00:30:00+05:30,73.84,6165.38,67.93,91.56,72.72,6072.42,INTRADAY_SQUAREOFF,0.01,29.84,0.459804,2834.87,-42.74,3.32,-46.06,-46.06,2984.07,2938.01
600,SOL/INR,1h,SHORT,2026-08-07 04:30:00+05:30,2026-08-08 00:30:00+05:30,72.55,6058.23,78.36,55.14,73.43,6131.13,INTRADAY_SQUAREOFF,0.01,29.38,0.460713,2791.11,-33.58,3.31,-36.9,-36.9,2938.01,2901.11
601,SOL/INR,1h,LONG,2026-08-08 09:30:00+05:30,2026-08-09 00:30:00+05:30,74.97,6259.78,68.97,92.96,76.03,6348.67,INTRADAY_SQUAREOFF,0.01,29.01,0.44028,2756.06,39.13,3.28,35.86,35.86,2901.11,2936.97
602,SOL/INR,1h,LONG,2026-08-09 12:30:00+05:30,2026-08-10 00:30:00+05:30,76.47,6385.1,70.35,94.82,77.1,6437.97,INTRADAY_SQUAREOFF,0.01,29.37,0.436974,2790.12,23.1,3.31,19.8,19.8,2936.97,2956.77
603,SOL/INR,1h,SHORT,2026-08-11 05:30:00+05:30,2026-08-12 00:30:00+05:30,75.86,6334.48,81.93,57.66,75.24,6282.34,INTRADAY_SQUAREOFF,0.01,29.57,0.443435,2808.93,23.12,3.3,19.82,19.82,2956.77,2976.59
604,SOL/INR,1h,SHORT,2026-08-13 03:30:00+05:30,2026-08-14 00:30:00+05:30,75.32,6289.41,81.35,57.24,75.99,6345.0,INTRADAY_SQUAREOFF,0.01,29.77,0.449607,2827.76,-24.99,3.35,-28.34,-28.34,2976.59,2948.25
605,SOL/INR,1h,SHORT,2026-08-14 08:30:00+05:30,2026-08-15 00:30:00+05:30,75.88,6336.15,81.95,57.67,74.92,6255.61,INTRADAY_SQUAREOFF,0.01,29.48,0.442041,2800.84,35.6,3.28,32.32,32.32,2948.25,2980.57
606,SOL/INR,1h,SHORT,2026-08-15 11:30:00+05:30,2026-08-16 00:30:00+05:30,75.2,6279.4,81.22,57.15,75.52,6305.73,INTRADAY_SQUAREOFF,0.01,29.81,0.450926,2831.54,-11.87,3.35,-15.22,-15.22,2980.57,2965.35
607,SOL/INR,1h,SHORT,2026-08-16 05:30:00+05:30,2026-08-17 00:30:00+05:30,75.2,6279.4,81.22,57.15,75.15,6274.82,INTRADAY_SQUAREOFF,0.01,29.65,0.448623,2817.08,2.05,3.32,-1.27,-1.27,2965.35,2964.08
608,SOL/INR,1h,SHORT,2026-08-17 02:30:00+05:30,2026-08-18 00:30:00+05:30,74.88,6252.69,80.87,56.91,75.88,6335.81,INTRADAY_SQUAREOFF,0.01,29.64,0.450346,2815.87,-37.43,3.34,-40.77,-40.77,2964.08,2923.3
609,SOL/INR,1h,LONG,2026-08-18 02:30:00+05:30,2026-08-19 00:30:00+05:30,76.08,6352.51,69.99,94.34,77.16,6442.98,INTRADAY_SQUAREOFF,0.01,29.23,0.437171,2777.14,39.55,3.3,36.25,36.25,2923.3,2959.55
610,SOL/INR,1h,LONG,2026-08-19 12:30:00+05:30,2026-08-20 00:30:00+05:30,77.12,6439.4,70.95,95.63,82.2,6863.61,INTRADAY_SQUAREOFF,0.01,29.6,0.43662,2811.57,185.22,3.43,181.79,181.79,2959.55,3141.34
611,SOL/INR,1h,LONG,2026-08-20 10:30:00+05:30,2026-08-21 00:30:00+05:30,84.9,7089.35,78.11,105.28,86.8,7247.51,INTRADAY_SQUAREOFF,0.01,31.41,0.420952,2984.27,66.58,3.56,63.02,63.02,3141.34,3204.36
612,SOL/INR,1h,LONG,2026-08-21 11:30:00+05:30,2026-08-22 00:30:00+05:30,90.71,7573.9,83.45,112.47,91.51,7641.44,INTRADAY_SQUAREOFF,0.01,32.04,0.401925,3044.14,27.15,3.61,23.54,23.54,3204.36,3227.9
613,SOL/INR,1h,LONG,2026-08-22 02:30:00+05:30,2026-08-23 00:30:00+05:30,91.98,7679.99,84.62,114.05,94.38,7880.96,INTRADAY_SQUAREOFF,0.01,32.28,0.399285,3066.5,80.24,3.67,76.58,76.58,3227.9,3304.48
614,SOL/INR,1h,LONG,2026-08-25 05:30:00+05:30,2026-08-26 00:30:00+05:30,99.03,8268.96,91.11,122.8,98.44,8219.8,INTRADAY_SQUAREOFF,0.01,33.04,0.379643,3139.25,-18.66,3.69,-22.36,-22.36,3304.48,3282.12
615,SOL/INR,1h,LONG,2026-08-27 11:30:00+05:30,2026-08-28 00:30:00+05:30,102.27,8539.64,94.09,126.82,108.33,9045.2,INTRADAY_SQUAREOFF,0.01,32.82,0.365122,3118.01,184.59,3.79,180.81,180.81,3282.12,3462.92
616,SOL/INR,1h,LONG,2026-08-28 20:30:00+05:30,2026-08-29 00:30:00+05:30,106.72,8911.4,98.19,132.34,103.05,8604.55,INTRADAY_SQUAREOFF,0.01,34.63,0.369165,3289.78,-113.28,3.82,-117.09,-117.09,3462.92,3345.83
617,SOL/INR,1h,SHORT,2026-08-29 06:30:00+05:30,2026-08-30 00:30:00+05:30,103.85,8671.31,112.16,78.92,105.17,8781.91,INTRADAY_SQUAREOFF,0.01,33.46,0.366558,3178.54,-40.54,3.77,-44.31,-44.31,3345.83,3301.52
618,SOL/INR,1h,LONG,2026-08-30 12:30:00+05:30,2026-08-31 00:30:00+05:30,105.48,8807.81,97.04,130.8,106.64,8904.16,INTRADAY_SQUAREOFF,0.01,33.02,0.356098,3136.44,34.31,3.72,30.59,30.59,3301.52,3332.11
619,SOL/INR,1h,SHORT,2026-08-31 19:30:00+05:30,2026-09-01 00:30:00+05:30,102.1,8525.26,110.27,77.6,104.49,8725.1,INTRADAY_SQUAREOFF,0.01,33.32,0.371308,3165.5,-74.2,3.78,-77.98,-77.98,3332.11,3254.12
620,SOL/INR,1h,SHORT,2026-09-01 04:30:00+05:30,2026-09-02 00:30:00+05:30,103.05,8604.55,111.29,78.32,99.62,8318.25,INTRADAY_SQUAREOFF,0.01,32.54,0.359277,3091.42,102.86,3.59,99.27,99.27,3254.12,3353.4
621,SOL/INR,1h,SHORT,2026-09-02 14:30:00+05:30,2026-09-03 00:30:00+05:30,98.73,8244.01,106.63,75.04,99.49,8307.39,INTRADAY_SQUAREOFF,0.01,33.53,0.386429,3185.73,-24.49,3.77,-28.27,-28.27,3353.4,3325.13
622,SOL/INR,1h,LONG,2026-09-03 20:30:00+05:30,2026-09-04 00:30:00+05:30,104.85,8755.18,96.46,130.02,105.15,8779.81,INTRADAY_SQUAREOFF,0.01,33.25,0.3608,3158.87,8.89,3.73,5.15,5.15,3325.13,3330.28
623,SOL/INR,1h,LONG,2026-09-04 14:30:00+05:30,2026-09-05 00:30:00+05:30,104.54,8729.28,96.18,129.63,101.61,8484.37,INTRADAY_SQUAREOFF,0.01,33.3,0.362432,3163.77,-88.76,3.68,-92.44,-92.44,3330.28,3237.84
624,SOL/INR,1h,SHORT,2026-09-05 03:30:00+05:30,2026-09-06 00:30:00+05:30,101.47,8472.68,109.59,77.12,103.94,8679.15,INTRADAY_SQUAREOFF,0.01,32.38,0.363043,3075.95,-74.96,3.67,-78.63,-78.63,3237.84,3159.21
625,SOL/INR,1h,LONG,2026-09-06 07:30:00+05:30,2026-09-07 00:30:00+05:30,104.28,8707.56,95.94,129.31,105.93,8844.91,INTRADAY_SQUAREOFF,0.01,31.59,0.344671,3001.25,47.34,3.57,43.77,43.77,3159.21,3202.98
626,SOL/INR,1h,LONG,2026-09-07 05:30:00+05:30,2026-09-08 00:30:00+05:30,106.8,8918.08,98.26,132.44,103.86,8672.15,INTRADAY_SQUAREOFF,0.01,32.03,0.341198,3042.83,-83.91,3.54,-87.45,-87.45,3202.98,3115.52
627,SOL/INR,1h,SHORT,2026-09-10 04:30:00+05:30,2026-09-11 00:30:00+05:30,100.43,8385.89,108.46,76.33,99.91,8342.48,INTRADAY_SQUAREOFF,0.01,31.16,0.352944,2959.75,15.32,3.48,11.84,11.84,3115.52,3127.36
628,SOL/INR,1h,SHORT,2026-09-11 04:30:00+05:30,2026-09-12 00:30:00+05:30,99.17,8280.73,107.1,75.37,101.11,8442.73,INTRADAY_SQUAREOFF,0.01,31.27,0.358784,2970.99,-58.12,3.54,-61.66,-61.66,3127.36,3065.7
629,SOL/INR,1h,LONG,2026-09-12 05:30:00+05:30,2026-09-13 00:30:00+05:30,102.53,8561.36,94.33,127.14,101.58,8481.86,INTRADAY_SQUAREOFF,0.01,30.66,0.340181,2912.41,-27.04,3.42,-30.46,-30.46,3065.7,3035.23
630,SOL/INR,1h,LONG,2026-09-13 07:30:00+05:30,2026-09-14 00:30:00+05:30,102.38,8548.83,94.19,126.95,101.13,8444.31,INTRADAY_SQUAREOFF,0.01,30.35,0.337294,2883.47,-35.25,3.38,-38.64,-38.64,3035.23,2996.6
631,SOL/INR,1h,SHORT,2026-09-16 07:30:00+05:30,2026-09-17 00:30:00+05:30,96.28,8039.53,103.98,73.17,97.79,8165.37,INTRADAY_SQUAREOFF,0.01,29.97,0.354096,2846.77,-44.56,3.39,-47.94,-47.94,2996.6,2948.65
632,SOL/INR,1h,SHORT,2026-09-17 04:30:00+05:30,2026-09-18 00:30:00+05:30,97.31,8125.5,105.1,73.96,100.8,8416.83,INTRADAY_SQUAREOFF,0.01,29.49,0.344745,2801.22,-100.44,3.36,-103.8,-103.8,2948.65,2844.85
633,SOL/INR,1h,LONG,2026-09-18 08:30:00+05:30,2026-09-19 00:30:00+05:30,102.87,8589.76,94.64,127.56,112.17,9366.52,INTRADAY_SQUAREOFF,0.01,28.45,0.314631,2702.61,244.39,3.33,241.06,241.06,2844.85,3085.91
634,SOL/INR,1h,LONG,2026-09-19 06:30:00+05:30,2026-09-20 00:30:00+05:30,113.81,9502.87,104.7,141.12,111.05,9273.05,INTRADAY_SQUAREOFF,0.01,30.86,0.308498,2931.61,-70.9,3.42,-74.32,-74.32,3085.91,3011.59
635,SOL/INR,1h,LONG,2026-09-21 14:30:00+05:30,2026-09-22 00:30:00+05:30,116.36,9715.91,107.05,144.28,117.69,9827.21,INTRADAY_SQUAREOFF,0.01,30.12,0.294467,2861.01,32.78,3.4,29.38,29.38,3011.59,3040.97
636,SOL/INR,1h,LONG,2026-09-22 14:30:00+05:30,2026-09-23 00:30:00+05:30,118.0,9852.91,108.56,146.32,118.07,9858.92,INTRADAY_SQUAREOFF,0.01,30.41,0.293205,2888.92,1.76,3.41,-1.65,-1.65,3040.97,3039.32
637,SOL/INR,1h,LONG,2026-09-23 10:30:00+05:30,2026-09-23 23:30:00+05:30,119.76,9999.95,110.18,148.5,114.04,9522.59,END_OF_DATA,0.01,30.39,0.288737,2887.36,-137.83,3.33,-141.16,-141.16,3039.32,2898.17
