trade_no,coin,timeframe,direction,entry_time,exit_time,entry_price_usd,entry_price_inr,stop_price_usd,target_price_usd,exit_price_usd,exit_price_inr,exit_reason,risk_pct,risk_inr,position_size_coin,position_size_inr,gross_pnl_inr,fees_inr,net_pnl_inr,net_pnl,equity_before,equity_after
1,SOL/INR,1h,LONG,2024-09-26 21:30:00+05:30,2024-09-27 00:30:00+05:30,157.86,13181.12,155.49,164.96,156.54,13071.49,INTRADAY_SQUAREOFF,0.01,100.0,0.505774,6666.67,-55.45,7.83,-63.28,-63.28,10000.0,9936.72
2,SOL/INR,1h,LONG,2024-09-27 04:30:00+05:30,2024-09-28 00:30:00+05:30,156.35,13055.18,154.0,163.39,158.4,13226.52,INTRADAY_SQUAREOFF,0.01,99.37,0.507421,6624.48,86.94,7.87,79.07,79.07,9936.72,10015.79
3,SOL/INR,1h,LONG,2024-09-28 07:30:00+05:30,2024-09-28 13:30:00+05:30,158.61,13243.77,156.23,165.75,156.15,13038.59,STOP_LOSS,0.01,100.16,0.504176,6677.19,-103.45,7.82,-111.26,-111.26,10015.79,9904.52
4,SOL/INR,1h,SHORT,2024-09-28 22:30:00+05:30,2024-09-29 00:30:00+05:30,156.67,13081.85,159.02,149.62,156.83,13095.09,INTRADAY_SQUAREOFF,0.01,99.05,0.504746,6603.01,-6.68,7.8,-14.48,-14.48,9904.52,9890.04
5,SOL/INR,1h,SHORT,2024-09-29 02:30:00+05:30,2024-09-30 00:30:00+05:30,156.52,13069.33,158.87,149.48,158.95,13272.0,STOP_LOSS,0.01,98.9,0.504491,6593.36,-102.25,7.84,-110.09,-110.09,9890.04,9779.96
6,SOL/INR,1h,SHORT,2024-09-30 15:30:00+05:30,2024-10-01 00:30:00+05:30,155.04,12945.47,157.36,148.06,155.06,12947.85,INTRADAY_SQUAREOFF,0.01,97.8,0.503649,6519.97,-1.2,7.69,-8.89,-8.89,9779.96,9771.06
7,SOL/INR,1h,SHORT,2024-10-01 04:30:00+05:30,2024-10-01 14:30:00+05:30,154.57,12906.76,156.89,147.62,156.97,13106.91,STOP_LOSS,0.01,97.71,0.5047,6514.04,-101.02,7.75,-108.76,-108.76,9771.06,9662.3
8,SOL/INR,1h,SHORT,2024-10-01 17:30:00+05:30,2024-10-01 20:30:00+05:30,156.56,13072.75,158.91,149.51,149.59,12490.71,TARGET_HIT,0.01,96.62,0.492745,6441.53,286.79,7.43,279.36,279.36,9662.3,9941.66
9,SOL/INR,1h,SHORT,2024-10-02 04:30:00+05:30,2024-10-02 07:30:00+05:30,144.02,12026.02,146.18,137.54,146.26,12212.52,STOP_LOSS,0.01,99.42,0.551119,6627.78,-102.78,7.88,-110.66,-110.66,9941.66,9831.0
10,SOL/INR,1h,SHORT,2024-10-02 10:30:00+05:30,2024-10-03 00:30:00+05:30,146.57,12238.71,148.77,139.98,140.05,11693.82,TARGET_HIT,0.01,98.31,0.535514,6554.0,291.8,7.56,284.24,284.24,9831.0,10115.24
11,SOL/INR,1h,SHORT,2024-10-03 11:30:00+05:30,2024-10-03 18:30:00+05:30,141.09,11780.61,143.2,134.74,134.8,11256.11,TARGET_HIT,0.01,101.15,0.572423,6743.49,300.24,7.78,292.46,292.46,10115.24,10407.7
12,SOL/INR,1h,SHORT,2024-10-04 16:30:00+05:30,2024-10-04 18:30:00+05:30,139.35,11635.36,141.44,133.08,141.51,11815.79,STOP_LOSS,0.01,104.08,0.596326,6938.46,-107.6,8.25,-115.85,-115.85,10407.7,10291.85
13,SOL/INR,1h,LONG,2024-10-05 06:30:00+05:30,2024-10-05 09:30:00+05:30,143.98,12022.09,141.82,150.46,141.75,11835.84,STOP_LOSS,0.01,102.92,0.570719,6861.23,-106.3,8.03,-114.33,-114.33,10291.85,10177.52
14,SOL/INR,1h,LONG,2024-10-07 00:30:00+05:30,2024-10-08 00:30:00+05:30,146.0,12191.15,143.81,152.57,145.71,12167.03,INTRADAY_SQUAREOFF,0.01,101.78,0.556552,6785.01,-13.42,8.0,-21.42,-21.42,10177.52,10156.09
15,SOL/INR,1h,SHORT,2024-10-08 18:30:00+05:30,2024-10-09 00:30:00+05:30,143.54,11985.39,145.69,137.08,142.96,11936.8,INTRADAY_SQUAREOFF,0.01,101.56,0.564915,6770.73,27.45,7.97,19.48,19.48,10156.09,10175.57
16,SOL/INR,1h,SHORT,2024-10-09 04:30:00+05:30,2024-10-10 00:30:00+05:30,143.15,11953.17,145.3,136.71,140.5,11732.14,INTRADAY_SQUAREOFF,0.01,101.76,0.567524,6783.71,125.44,7.93,117.51,117.51,10175.57,10293.08
17,SOL/INR,1h,SHORT,2024-10-10 02:30:00+05:30,2024-10-11 00:30:00+05:30,138.76,11586.44,140.84,132.52,137.04,11443.13,INTRADAY_SQUAREOFF,0.01,102.93,0.592248,6862.05,84.88,8.05,76.83,76.83,10293.08,10369.91
18,SOL/INR,1h,LONG,2024-10-11 18:30:00+05:30,2024-10-12 00:30:00+05:30,143.0,11940.53,140.86,149.44,145.73,12168.76,INTRADAY_SQUAREOFF,0.01,103.7,0.578975,6913.27,132.14,8.24,123.9,123.9,10369.91,10493.81
19,SOL/INR,1h,LONG,2024-10-12 06:30:00+05:30,2024-10-13 00:30:00+05:30,146.49,12231.93,144.29,153.08,146.39,12223.55,INTRADAY_SQUAREOFF,0.01,104.94,0.571935,6995.87,-4.79,8.25,-13.05,-13.05,10493.81,10480.76
20,SOL/INR,1h,LONG,2024-10-13 04:30:00+05:30,2024-10-13 20:30:00+05:30,147.15,12287.23,144.95,153.77,144.87,12096.87,STOP_LOSS,0.01,104.81,0.568653,6987.18,-108.25,8.18,-116.43,-116.43,10480.76,10364.33
21,SOL/INR,1h,LONG,2024-10-14 13:30:00+05:30,2024-10-15 00:30:00+05:30,152.95,12771.37,150.66,159.83,155.75,13005.05,INTRADAY_SQUAREOFF,0.01,103.64,0.541019,6909.56,126.42,8.23,118.19,118.19,10364.33,10482.53
22,SOL/INR,1h,LONG,2024-10-15 04:30:00+05:30,2024-10-15 09:30:00+05:30,157.62,13161.61,155.26,164.72,155.18,12957.71,STOP_LOSS,0.01,104.83,0.530965,6988.35,-108.27,8.18,-116.45,-116.45,10482.53,10366.08
23,SOL/INR,1h,SHORT,2024-10-17 17:30:00+05:30,2024-10-18 00:30:00+05:30,151.14,12620.12,153.41,144.34,148.61,12408.76,INTRADAY_SQUAREOFF,0.01,103.66,0.547596,6910.72,115.74,8.09,107.65,107.65,10366.08,10473.73
24,SOL/INR,1h,SHORT,2024-10-18 06:30:00+05:30,2024-10-18 08:30:00+05:30,149.63,12494.25,151.88,142.9,151.95,12688.01,STOP_LOSS,0.01,104.74,0.558856,6982.49,-108.28,8.3,-116.58,-116.58,10473.73,10357.15
25,SOL/INR,1h,LONG,2024-10-19 05:30:00+05:30,2024-10-20 00:30:00+05:30,155.13,12953.49,152.8,162.11,155.85,13013.72,INTRADAY_SQUAREOFF,0.01,103.57,0.533043,6904.76,32.11,8.17,23.94,23.94,10357.15,10381.09
26,SOL/INR,1h,LONG,2024-10-20 15:30:00+05:30,2024-10-21 00:30:00+05:30,159.42,13311.36,157.03,166.59,160.34,13388.54,INTRADAY_SQUAREOFF,0.01,103.81,0.519911,6920.72,40.13,8.19,31.94,31.94,10381.09,10413.02
27,SOL/INR,1h,LONG,2024-10-21 02:30:00+05:30,2024-10-21 09:30:00+05:30,162.91,13603.18,160.47,170.24,170.16,14208.21,TARGET_HIT,0.01,104.13,0.510323,6942.02,308.76,8.37,300.39,300.39,10413.02,10713.41
28,SOL/INR,1h,SHORT,2024-10-22 05:30:00+05:30,2024-10-22 11:30:00+05:30,166.13,13871.8,168.62,158.65,168.71,14086.91,STOP_LOSS,0.01,107.13,0.514877,7142.27,-110.76,8.49,-119.25,-119.25,10713.41,10594.16
29,SOL/INR,1h,SHORT,2024-10-22 13:30:00+05:30,2024-10-22 19:30:00+05:30,166.91,13936.74,169.41,159.4,169.5,14152.87,STOP_LOSS,0.01,105.94,0.506774,7062.77,-109.53,8.4,-117.92,-117.92,10594.16,10476.24
30,SOL/INR,1h,LONG,2024-10-24 06:30:00+05:30,2024-10-25 00:30:00+05:30,172.62,14414.06,170.03,180.39,175.89,14687.0,INTRADAY_SQUAREOFF,0.01,104.76,0.484538,6984.16,132.25,8.32,123.93,123.93,10476.24,10600.17
31,SOL/INR,1h,LONG,2024-10-25 04:30:00+05:30,2024-10-25 06:30:00+05:30,179.08,14952.79,176.39,187.13,176.3,14721.13,STOP_LOSS,0.01,106.0,0.472606,7066.78,-109.48,8.27,-117.76,-117.76,10600.17,10482.41
32,SOL/INR,1h,SHORT,2024-10-25 21:30:00+05:30,2024-10-26 00:30:00+05:30,171.52,14321.77,174.09,163.8,169.81,14179.5,INTRADAY_SQUAREOFF,0.01,104.82,0.487948,6988.27,69.42,8.21,61.21,61.21,10482.41,10543.63
33,SOL/INR,1h,SHORT,2024-10-26 04:30:00+05:30,2024-10-26 10:30:00+05:30,163.91,13686.76,166.37,156.54,166.46,13899.01,STOP_LOSS,0.01,105.44,0.513568,7029.08,-109.0,8.36,-117.36,-117.36,10543.63,10426.26
34,SOL/INR,1h,SHORT,2024-10-26 17:30:00+05:30,2024-10-27 00:30:00+05:30,168.26,14049.85,170.79,160.69,170.87,14267.73,STOP_LOSS,0.01,104.26,0.494727,6950.84,-107.79,8.27,-116.06,-116.06,10426.26,10310.21
35,SOL/INR,1h,LONG,2024-10-27 07:30:00+05:30,2024-10-28 00:30:00+05:30,172.24,14382.36,169.66,179.99,175.6,14663.01,INTRADAY_SQUAREOFF,0.01,103.1,0.47791,6873.47,134.13,8.19,125.94,125.94,10310.21,10436.14
36,SOL/INR,1h,LONG,2024-10-28 04:30:00+05:30,2024-10-28 07:30:00+05:30,177.96,14859.98,175.29,185.97,175.21,14629.76,STOP_LOSS,0.01,104.36,0.468199,6957.43,-107.79,8.15,-115.93,-115.93,10436.14,10320.21
37,SOL/INR,1h,LONG,2024-10-28 18:30:00+05:30,2024-10-28 20:30:00+05:30,177.7,14837.75,175.03,185.69,174.94,14607.87,STOP_LOSS,0.01,103.2,0.463692,6880.14,-106.59,8.06,-114.65,-114.65,10320.21,10205.56
38,SOL/INR,1h,LONG,2024-10-29 09:30:00+05:30,2024-10-29 18:30:00+05:30,181.63,15166.17,178.91,189.8,178.82,14931.21,STOP_LOSS,0.01,102.06,0.448611,6803.71,-105.41,7.97,-113.37,-113.37,10205.56,10092.19
39,SOL/INR,1h,LONG,2024-10-29 21:30:00+05:30,2024-10-30 00:30:00+05:30,180.69,15087.38,177.98,188.82,181.44,15150.45,INTRADAY_SQUAREOFF,0.01,100.92,0.445944,6728.13,28.13,7.96,20.17,20.17,10092.19,10112.36
40,SOL/INR,1h,SHORT,2024-10-31 00:30:00+05:30,2024-10-31 02:30:00+05:30,174.01,14530.19,176.62,166.18,176.71,14755.52,STOP_LOSS,0.01,101.12,0.46397,6741.57,-104.54,8.02,-112.56,-112.56,10112.36,9999.8
41,SOL/INR,1h,SHORT,2024-10-31 09:30:00+05:30,2024-11-01 00:30:00+05:30,174.16,14542.54,176.77,166.32,169.53,14155.83,INTRADAY_SQUAREOFF,0.01,100.0,0.458416,6666.53,177.27,7.76,169.51,169.51,9999.8,10169.31
42,SOL/INR,1h,SHORT,2024-11-01 05:30:00+05:30,2024-11-01 18:30:00+05:30,168.3,14052.84,170.82,160.72,170.91,14270.77,STOP_LOSS,0.01,101.69,0.482432,6779.54,-105.13,8.06,-113.2,-113.2,10169.31,10056.12
43,SOL/INR,1h,SHORT,2024-11-02 00:30:00+05:30,2024-11-02 07:30:00+05:30,165.95,13857.23,168.44,158.49,168.53,14072.12,STOP_LOSS,0.01,100.56,0.483796,6704.08,-103.96,7.97,-111.94,-111.94,10056.12,9944.18
44,SOL/INR,1h,SHORT,2024-11-02 09:30:00+05:30,2024-11-03 00:30:00+05:30,166.79,13927.38,169.3,159.29,164.15,13706.44,INTRADAY_SQUAREOFF,0.01,99.44,0.476002,6629.45,105.16,7.76,97.4,97.4,9944.18,10041.58
45,SOL/INR,1h,SHORT,2024-11-03 15:30:00+05:30,2024-11-04 00:30:00+05:30,162.66,13582.46,165.1,155.34,158.96,13272.79,INTRADAY_SQUAREOFF,0.01,100.42,0.49287,6694.39,152.63,7.81,144.82,144.82,10041.58,10186.4
46,SOL/INR,1h,SHORT,2024-11-05 00:30:00+05:30,2024-11-05 12:30:00+05:30,159.05,13281.06,161.44,151.9,161.52,13487.02,STOP_LOSS,0.01,101.86,0.511325,6790.93,-105.31,8.08,-113.39,-113.39,10186.4,10073.01
47,SOL/INR,1h,LONG,2024-11-05 22:30:00+05:30,2024-11-06 00:30:00+05:30,168.45,14065.62,165.92,176.03,165.84,13847.71,STOP_LOSS,0.01,100.73,0.47743,6715.34,-104.04,7.86,-111.9,-111.9,10073.01,9961.11
48,SOL/INR,1h,LONG,2024-11-06 04:30:00+05:30,2024-11-06 07:30:00+05:30,167.29,13968.39,164.78,174.81,174.73,14589.67,TARGET_HIT,0.01,99.61,0.475412,6640.74,295.36,8.01,287.35,287.35,9961.11,10248.47
49,SOL/INR,1h,LONG,2024-11-06 16:30:00+05:30,2024-11-07 00:30:00+05:30,185.43,15483.25,182.65,193.77,187.45,15652.31,INTRADAY_SQUAREOFF,0.01,102.48,0.441271,6832.31,74.6,8.11,66.49,66.49,10248.47,10314.96
50,SOL/INR,1h,LONG,2024-11-07 03:30:00+05:30,2024-11-07 05:30:00+05:30,189.96,15861.48,187.11,198.51,187.01,15615.75,STOP_LOSS,0.01,103.15,0.433543,6876.64,-106.54,8.05,-114.59,-114.59,10314.96,10200.37
51,SOL/INR,1h,LONG,2024-11-07 14:30:00+05:30,2024-11-07 16:30:00+05:30,189.24,15801.57,186.4,197.76,186.31,15556.77,STOP_LOSS,0.01,102.0,0.430353,6800.25,-105.35,7.96,-113.31,-113.31,10200.37,10087.06
52,SOL/INR,1h,LONG,2024-11-07 20:30:00+05:30,2024-11-07 23:30:00+05:30,188.21,15715.35,185.38,196.68,196.58,16414.33,TARGET_HIT,0.01,100.87,0.427907,6724.7,299.1,8.11,290.99,290.99,10087.06,10378.04
53,SOL/INR,1h,LONG,2024-11-08 02:30:00+05:30,2024-11-08 04:30:00+05:30,197.69,16507.41,194.73,206.59,194.63,16251.67,STOP_LOSS,0.01,103.78,0.419127,6918.7,-107.19,8.1,-115.29,-115.29,10378.04,10262.75
54,SOL/INR,1h,LONG,2024-11-08 13:30:00+05:30,2024-11-08 21:30:00+05:30,200.77,16764.34,197.76,209.81,197.66,16504.61,STOP_LOSS,0.01,102.63,0.408119,6841.84,-106.0,8.01,-114.01,-114.01,10262.75,10148.75
55,SOL/INR,1h,LONG,2024-11-10 10:30:00+05:30,2024-11-10 22:30:00+05:30,205.01,17118.13,201.93,214.23,214.13,17879.5,TARGET_HIT,0.01,101.49,0.395244,6765.83,300.93,8.16,292.77,292.77,10148.75,10441.51
56,SOL/INR,1h,LONG,2024-11-12 05:30:00+05:30,2024-11-12 07:30:00+05:30,223.33,18648.17,219.98,233.38,219.87,18359.27,STOP_LOSS,0.01,104.42,0.373281,6961.01,-107.84,8.15,-115.99,-115.99,10441.51,10325.52
57,SOL/INR,1h,LONG,2024-11-12 09:30:00+05:30,2024-11-12 14:30:00+05:30,220.72,18430.2,217.41,230.65,217.3,18144.67,STOP_LOSS,0.01,103.26,0.3735,6883.68,-106.65,8.06,-114.71,-114.71,10325.52,10210.81
58,SOL/INR,1h,SHORT,2024-11-13 05:30:00+05:30,2024-11-13 09:30:00+05:30,212.09,17709.22,215.27,202.54,202.64,16920.77,TARGET_HIT,0.01,102.11,0.384388,6807.21,303.07,7.85,295.22,295.22,10210.81,10506.03
59,SOL/INR,1h,SHORT,2024-11-13 12:30:00+05:30,2024-11-13 14:30:00+05:30,202.1,16875.15,205.13,193.0,205.23,17136.84,STOP_LOSS,0.01,105.06,0.41505,7004.02,-108.61,8.33,-116.94,-116.94,10506.03,10389.09
60,SOL/INR,1h,LONG,2024-11-14 00:30:00+05:30,2024-11-14 02:30:00+05:30,219.83,18355.4,216.53,229.72,216.42,18071.03,STOP_LOSS,0.01,103.89,0.377331,6926.06,-107.3,8.11,-115.41,-115.41,10389.09,10273.68
61,SOL/INR,1h,LONG,2024-11-14 04:30:00+05:30,2024-11-14 20:30:00+05:30,214.2,17885.56,210.99,223.84,210.88,17608.47,STOP_LOSS,0.01,102.74,0.382941,6849.12,-106.11,8.02,-114.13,-114.13,10273.68,10159.55
62,SOL/INR,1h,SHORT,2024-11-15 20:30:00+05:30,2024-11-16 00:30:00+05:30,210.6,17584.79,213.76,201.12,210.79,17600.64,INTRADAY_SQUAREOFF,0.01,101.6,0.385164,6773.03,-6.11,8.0,-14.1,-14.1,10159.55,10145.45
63,SOL/INR,1h,LONG,2024-11-16 07:30:00+05:30,2024-11-16 20:30:00+05:30,218.99,18286.07,215.71,228.85,215.6,18002.77,STOP_LOSS,0.01,101.45,0.369879,6763.63,-104.79,7.92,-112.7,-112.7,10145.45,10032.74
64,SOL/INR,1h,LONG,2024-11-16 23:30:00+05:30,2024-11-17 01:30:00+05:30,216.13,18047.03,212.89,225.86,216.24,18055.8,INTRADAY_SQUAREOFF,0.01,100.33,0.370615,6688.49,3.25,7.89,-4.65,-4.65,10032.74,10028.1
65,SOL/INR,1h,LONG,2024-11-17 03:30:00+05:30,2024-11-17 07:30:00+05:30,217.19,18135.6,213.93,226.97,213.83,17854.63,STOP_LOSS,0.01,100.28,0.368634,6685.4,-103.57,7.83,-111.4,-111.4,10028.1,9916.7
66,SOL/INR,1h,LONG,2024-11-17 16:30:00+05:30,2024-11-17 18:30:00+05:30,240.85,20111.18,237.24,251.69,237.12,19799.61,STOP_LOSS,0.01,99.17,0.328729,6611.13,-102.42,7.74,-110.16,-110.16,9916.7,9806.53
67,SOL/INR,1h,LONG,2024-11-18 01:30:00+05:30,2024-11-18 15:30:00+05:30,235.55,19668.81,232.02,246.15,246.03,20543.63,TARGET_HIT,0.01,98.07,0.332389,6537.69,290.78,7.89,282.89,282.89,9806.53,10089.43
68,SOL/INR,1h,LONG,2024-11-19 08:30:00+05:30,2024-11-20 00:30:00+05:30,241.29,20147.49,237.67,252.15,243.99,20372.92,INTRADAY_SQUAREOFF,0.01,100.89,0.333852,6726.28,75.26,7.98,67.28,67.28,10089.43,10156.7
69,SOL/INR,1h,SHORT,2024-11-20 07:30:00+05:30,2024-11-20 13:30:00+05:30,234.82,19607.64,238.34,224.26,238.46,19911.71,STOP_LOSS,0.01,101.57,0.345331,6771.14,-105.0,8.05,-113.06,-113.06,10156.7,10043.65
70,SOL/INR,1h,SHORT,2024-11-20 23:30:00+05:30,2024-11-21 01:30:00+05:30,232.26,19393.84,235.75,221.81,233.24,19475.74,INTRADAY_SQUAREOFF,0.01,100.44,0.345252,6695.77,-28.28,7.92,-36.19,-36.19,10043.65,10007.46
71,SOL/INR,1h,SHORT,2024-11-21 08:30:00+05:30,2024-11-21 10:30:00+05:30,230.23,19224.26,233.68,219.87,233.8,19522.38,STOP_LOSS,0.01,100.07,0.347043,6671.64,-103.46,7.93,-111.39,-111.39,10007.46,9896.06
72,SOL/INR,1h,LONG,2024-11-21 22:30:00+05:30,2024-11-22 00:30:00+05:30,254.86,21280.8,251.04,266.33,258.48,21582.99,INTRADAY_SQUAREOFF,0.01,98.96,0.310015,6597.37,93.68,7.84,85.84,85.84,9896.06,9981.9
73,SOL/INR,1h,LONG,2024-11-22 04:30:00+05:30,2024-11-23 00:30:00+05:30,255.43,21328.16,251.6,266.92,252.54,21087.47,INTRADAY_SQUAREOFF,0.01,99.82,0.31201,6654.6,-75.1,7.81,-82.91,-82.91,9981.9,9899.0
74,SOL/INR,1h,LONG,2024-11-23 09:30:00+05:30,2024-11-24 00:30:00+05:30,257.29,21484.02,253.43,268.87,256.43,21411.7,INTRADAY_SQUAREOFF,0.01,98.99,0.307174,6599.33,-22.21,7.77,-29.99,-29.99,9899.0,9869.01
75,SOL/INR,1h,SHORT,2024-11-25 12:30:00+05:30,2024-11-25 14:30:00+05:30,251.98,21040.39,255.76,240.64,255.89,21366.67,STOP_LOSS,0.01,98.69,0.312701,6579.34,-102.03,7.82,-109.85,-109.85,9869.01,9759.16
76,SOL/INR,1h,SHORT,2024-11-26 13:30:00+05:30,2024-11-26 16:30:00+05:30,235.29,19646.82,238.82,224.7,224.82,18772.09,TARGET_HIT,0.01,97.59,0.331153,6506.11,289.67,7.51,282.16,282.16,9759.16,10041.32
77,SOL/INR,1h,SHORT,2024-11-27 06:30:00+05:30,2024-11-27 08:30:00+05:30,229.51,19164.39,232.96,219.19,233.07,19461.58,STOP_LOSS,0.01,100.41,0.349305,6694.21,-103.81,7.96,-111.77,-111.77,10041.32,9929.55
78,SOL/INR,1h,LONG,2024-11-28 02:30:00+05:30,2024-11-28 08:30:00+05:30,242.94,20285.3,239.29,253.87,239.17,19971.03,STOP_LOSS,0.01,99.3,0.32633,6619.7,-102.56,7.75,-110.31,-110.31,9929.55,9819.24
79,SOL/INR,1h,LONG,2024-11-30 02:30:00+05:30,2024-11-30 20:30:00+05:30,243.08,20297.28,239.43,254.02,239.32,19982.82,STOP_LOSS,0.01,98.19,0.322514,6546.16,-101.42,7.66,-109.08,-109.08,9819.24,9710.16
80,SOL/INR,1h,LONG,2024-12-01 02:30:00+05:30,2024-12-01 06:30:00+05:30,240.97,20120.66,237.35,251.81,237.23,19808.94,STOP_LOSS,0.01,97.1,0.321731,6473.44,-100.29,7.58,-107.87,-107.87,9710.16,9602.29
81,SOL/INR,1h,SHORT,2024-12-02 00:30:00+05:30,2024-12-02 13:30:00+05:30,236.17,19720.57,239.72,225.55,225.66,18842.56,TARGET_HIT,0.01,96.02,0.324612,6401.53,285.01,7.39,277.63,277.63,9602.29,9879.92
82,SOL/INR,1h,SHORT,2024-12-02 16:30:00+05:30,2024-12-02 19:30:00+05:30,223.16,18633.44,226.5,213.11,226.62,18922.4,STOP_LOSS,0.01,98.8,0.353483,6586.61,-102.14,7.83,-109.97,-109.97,9879.92,9769.94
83,SOL/INR,1h,SHORT,2024-12-02 23:30:00+05:30,2024-12-03 01:30:00+05:30,220.55,18415.7,223.86,210.62,223.97,18701.28,STOP_LOSS,0.01,97.7,0.353682,6513.3,-101.0,7.75,-108.75,-108.75,9769.94,9661.19
84,SOL/INR,1h,SHORT,2024-12-03 07:30:00+05:30,2024-12-03 09:30:00+05:30,224.14,18715.32,227.5,214.05,227.61,19005.54,STOP_LOSS,0.01,96.61,0.344146,6440.8,-99.88,7.66,-107.54,-107.54,9661.19,9553.65
85,SOL/INR,1h,SHORT,2024-12-03 12:30:00+05:30,2024-12-03 19:30:00+05:30,227.44,18991.17,230.85,217.2,217.31,18145.64,TARGET_HIT,0.01,95.54,0.335372,6369.1,283.57,7.35,276.22,276.22,9553.65,9829.87
86,SOL/INR,1h,LONG,2024-12-04 07:30:00+05:30,2024-12-04 13:30:00+05:30,239.54,20002.0,235.95,250.32,235.83,19692.12,STOP_LOSS,0.01,98.3,0.32763,6553.25,-101.53,7.67,-109.2,-109.2,9829.87,9720.68
87,SOL/INR,1h,SHORT,2024-12-05 04:30:00+05:30,2024-12-05 07:30:00+05:30,229.32,19148.29,232.76,219.0,232.88,19445.23,STOP_LOSS,0.01,97.21,0.338435,6480.45,-100.5,7.71,-108.2,-108.2,9720.68,9612.47
88,SOL/INR,1h,LONG,2024-12-06 20:30:00+05:30,2024-12-07 00:30:00+05:30,237.95,19868.55,234.38,248.65,239.41,19990.81,INTRADAY_SQUAREOFF,0.01,96.12,0.322536,6408.32,39.43,7.59,31.85,31.85,9612.47,9644.32
89,SOL/INR,1h,LONG,2024-12-07 12:30:00+05:30,2024-12-08 00:30:00+05:30,236.37,19737.05,232.83,247.01,241.92,20200.17,INTRADAY_SQUAREOFF,0.01,96.44,0.32576,6429.55,150.87,7.68,143.19,143.19,9644.32,9787.51
90,SOL/INR,1h,LONG,2024-12-08 08:30:00+05:30,2024-12-08 10:30:00+05:30,241.54,20168.46,237.92,252.41,237.8,19856.0,STOP_LOSS,0.01,97.88,0.323525,6525.01,-101.09,7.64,-108.73,-108.73,9787.51,9678.79
91,SOL/INR,1h,SHORT,2024-12-09 06:30:00+05:30,2024-12-10 00:30:00+05:30,233.35,19484.8,236.85,222.85,222.96,18617.29,TARGET_HIT,0.01,96.79,0.331157,6452.52,287.28,7.44,279.84,279.84,9678.79,9958.62
92,SOL/INR,1h,SHORT,2024-12-10 08:30:00+05:30,2024-12-10 10:30:00+05:30,213.35,17814.97,216.55,203.75,216.66,18091.23,STOP_LOSS,0.01,99.59,0.372669,6639.08,-102.96,7.89,-110.85,-110.85,9958.62,9847.77
93,SOL/INR,1h,SHORT,2024-12-10 18:30:00+05:30,2024-12-10 20:30:00+05:30,210.92,17611.72,214.08,201.43,214.19,17884.83,STOP_LOSS,0.01,98.48,0.372773,6565.18,-101.81,7.81,-109.62,-109.62,9847.77,9738.16
94,SOL/INR,1h,SHORT,2024-12-10 23:30:00+05:30,2024-12-11 01:30:00+05:30,204.69,17091.56,207.76,195.48,207.86,17356.6,STOP_LOSS,0.01,97.38,0.379843,6492.1,-100.68,7.72,-108.4,-108.4,9738.16,9629.76
95,SOL/INR,1h,SHORT,2024-12-11 07:30:00+05:30,2024-12-11 09:30:00+05:30,212.34,17730.37,215.52,202.78,215.63,18005.33,STOP_LOSS,0.01,96.3,0.362082,6419.84,-99.56,7.63,-107.19,-107.19,9629.76,9522.57
96,SOL/INR,1h,LONG,2024-12-12 08:30:00+05:30,2024-12-13 00:30:00+05:30,229.19,19137.44,225.75,239.5,231.55,19334.21,INTRADAY_SQUAREOFF,0.01,95.23,0.331726,6348.38,65.27,7.53,57.74,57.74,9522.57,9580.31
97,SOL/INR,1h,SHORT,2024-12-14 16:30:00+05:30,2024-12-15 00:30:00+05:30,224.82,18772.48,228.19,214.7,217.88,18193.33,INTRADAY_SQUAREOFF,0.01,95.8,0.340225,6386.88,197.04,7.42,189.62,189.62,9580.31,9769.93
98,SOL/INR,1h,SHORT,2024-12-15 02:30:00+05:30,2024-12-15 04:30:00+05:30,215.24,17972.42,218.47,205.55,218.58,18251.12,STOP_LOSS,0.01,97.7,0.362405,6513.29,-101.0,7.75,-108.75,-108.75,9769.93,9661.18
99,SOL/INR,1h,SHORT,2024-12-15 12:30:00+05:30,2024-12-15 21:30:00+05:30,218.23,18221.87,221.5,208.41,221.61,18504.45,STOP_LOSS,0.01,96.61,0.353465,6440.79,-99.88,7.66,-107.54,-107.54,9661.18,9553.64
100,SOL/INR,1h,SHORT,2024-12-16 02:30:00+05:30,2024-12-16 04:30:00+05:30,220.33,18397.8,223.64,210.42,223.75,18683.11,STOP_LOSS,0.01,95.54,0.346188,6369.1,-98.77,7.57,-106.34,-106.34,9553.64,9447.3
101,SOL/INR,1h,LONG,2024-12-17 18:30:00+05:30,2024-12-17 20:30:00+05:30,227.37,18985.7,223.96,237.61,223.85,18691.56,STOP_LOSS,0.01,94.47,0.331734,6298.2,-97.57,7.37,-104.95,-104.95,9447.3,9342.35
102,SOL/INR,1h,LONG,2024-12-17 22:30:00+05:30,2024-12-18 00:30:00+05:30,226.85,18942.27,223.45,237.06,227.52,18997.66,INTRADAY_SQUAREOFF,0.01,93.42,0.328801,6228.24,18.21,7.36,10.85,10.85,9342.35,9353.2
103,SOL/INR,1h,SHORT,2024-12-19 07:30:00+05:30,2024-12-19 09:30:00+05:30,203.82,17019.26,206.88,194.65,206.98,17283.19,STOP_LOSS,0.01,93.53,0.366377,6235.47,-96.7,7.41,-104.11,-104.11,9353.2,9249.09
104,SOL/INR,1h,SHORT,2024-12-19 14:30:00+05:30,2024-12-19 22:30:00+05:30,208.28,17391.1,211.4,198.9,199.0,16616.8,TARGET_HIT,0.01,92.49,0.354553,6166.06,274.53,7.11,267.41,267.41,9249.09,9516.51
105,SOL/INR,1h,SHORT,2024-12-20 05:30:00+05:30,2024-12-20 07:30:00+05:30,193.73,16176.48,196.64,185.01,196.73,16427.34,STOP_LOSS,0.01,95.17,0.392195,6344.34,-98.38,7.54,-105.93,-105.93,9516.51,9410.58
106,SOL/INR,1h,SHORT,2024-12-20 11:30:00+05:30,2024-12-20 13:30:00+05:30,192.71,16090.87,195.6,184.03,184.13,15374.47,TARGET_HIT,0.01,94.11,0.389893,6273.72,279.32,7.24,272.08,272.08,9410.58,9682.66
107,SOL/INR,1h,SHORT,2024-12-20 17:30:00+05:30,2024-12-20 19:30:00+05:30,176.42,14730.84,179.06,168.48,179.15,14959.28,STOP_LOSS,0.01,96.83,0.438204,6455.11,-100.1,7.68,-107.78,-107.78,9682.66,9574.88
108,SOL/INR,1h,SHORT,2024-12-21 22:30:00+05:30,2024-12-22 00:30:00+05:30,184.01,15365.06,186.77,175.73,182.0,15196.87,INTRADAY_SQUAREOFF,0.01,95.75,0.41544,6383.25,69.87,7.49,62.38,62.38,9574.88,9637.26
109,SOL/INR,1h,SHORT,2024-12-22 10:30:00+05:30,2024-12-22 12:30:00+05:30,180.18,15044.92,182.88,172.07,182.97,15278.23,STOP_LOSS,0.01,96.37,0.427044,6424.84,-99.63,7.64,-107.27,-107.27,9637.26,9529.99
110,SOL/INR,1h,SHORT,2024-12-23 01:30:00+05:30,2024-12-23 04:30:00+05:30,178.09,14870.4,180.76,170.07,180.85,15101.0,STOP_LOSS,0.01,95.3,0.427246,6353.33,-98.52,7.56,-106.08,-106.08,9529.99,9423.91
111,SOL/INR,1h,LONG,2024-12-24 09:30:00+05:30,2024-12-24 20:30:00+05:30,189.72,15841.48,186.87,198.26,198.16,16546.07,TARGET_HIT,0.01,94.24,0.396592,6282.61,279.43,7.58,271.86,271.86,9423.91,9695.77
112,SOL/INR,1h,LONG,2024-12-25 03:30:00+05:30,2024-12-26 00:30:00+05:30,196.75,16428.76,193.8,205.61,197.91,16525.55,INTRADAY_SQUAREOFF,0.01,96.96,0.393447,6463.84,38.08,7.65,30.43,30.43,9695.77,9726.2
113,SOL/INR,1h,SHORT,2024-12-26 18:30:00+05:30,2024-12-27 00:30:00+05:30,188.69,15755.53,191.52,180.2,189.22,15799.69,INTRADAY_SQUAREOFF,0.01,97.26,0.411547,6484.13,-18.18,7.66,-25.84,-25.84,9726.2,9700.36
114,SOL/INR,1h,SHORT,2024-12-27 13:30:00+05:30,2024-12-27 15:30:00+05:30,186.33,15558.86,189.13,177.95,189.22,15800.14,STOP_LOSS,0.01,97.0,0.415642,6466.91,-100.29,7.69,-107.98,-107.98,9700.36,9592.39
115,SOL/INR,1h,SHORT,2024-12-28 02:30:00+05:30,2024-12-28 18:30:00+05:30,185.14,15459.01,187.91,176.81,188.01,15698.74,STOP_LOSS,0.01,95.92,0.41367,6394.93,-99.17,7.6,-106.77,-106.77,9592.39,9485.62
116,SOL/INR,1h,LONG,2024-12-29 04:30:00+05:30,2024-12-29 06:30:00+05:30,195.47,16321.38,192.53,204.26,192.44,16068.52,STOP_LOSS,0.01,94.86,0.387452,6323.74,-97.97,7.4,-105.37,-105.37,9485.62,9380.24
117,SOL/INR,1h,LONG,2024-12-29 09:30:00+05:30,2024-12-30 00:30:00+05:30,194.54,16244.46,191.63,203.3,192.66,16087.29,INTRADAY_SQUAREOFF,0.01,93.8,0.384962,6253.49,-60.51,7.34,-67.85,-67.85,9380.24,9312.39
118,SOL/INR,1h,SHORT,2024-12-30 09:30:00+05:30,2024-12-30 17:30:00+05:30,190.7,15923.6,193.56,182.12,193.66,16170.53,STOP_LOSS,0.01,93.12,0.389878,6208.26,-96.27,7.38,-103.66,-103.66,9312.39,9208.73
119,SOL/INR,1h,LONG,2024-12-31 13:30:00+05:30,2024-12-31 21:30:00+05:30,189.9,15856.86,187.05,198.45,198.35,16562.14,TARGET_HIT,0.01,92.09,0.387161,6139.16,273.05,7.41,265.65,265.65,9208.73,9474.38
120,SOL/INR,1h,SHORT,2025-01-01 09:30:00+05:30,2025-01-02 00:30:00+05:30,189.77,15845.92,192.62,181.23,192.71,16091.65,STOP_LOSS,0.01,94.74,0.398604,6316.26,-97.95,7.51,-105.46,-105.46,9474.38,9368.92
121,SOL/INR,1h,LONG,2025-01-02 06:30:00+05:30,2025-01-02 12:30:00+05:30,196.57,16413.19,193.62,205.41,205.31,17143.21,TARGET_HIT,0.01,93.69,0.380544,6245.95,277.8,7.53,270.27,270.27,9368.92,9639.19
122,SOL/INR,1h,LONG,2025-01-02 17:30:00+05:30,2025-01-02 22:30:00+05:30,208.67,17424.08,205.54,218.06,205.44,17154.14,STOP_LOSS,0.01,96.39,0.368807,6426.13,-99.56,7.52,-107.08,-107.08,9639.19,9532.11
123,SOL/INR,1h,LONG,2025-01-03 05:30:00+05:30,2025-01-03 19:30:00+05:30,208.22,17386.17,205.09,217.59,217.48,18159.46,TARGET_HIT,0.01,95.32,0.365506,6354.74,282.64,7.67,274.98,274.98,9532.11,9807.09
124,SOL/INR,1h,LONG,2025-01-04 00:30:00+05:30,2025-01-04 15:30:00+05:30,218.34,18231.11,215.06,228.16,214.95,17948.67,STOP_LOSS,0.01,98.07,0.358621,6538.06,-101.29,7.66,-108.95,-108.95,9807.09,9698.14
125,SOL/INR,1h,LONG,2025-01-04 17:30:00+05:30,2025-01-05 00:30:00+05:30,216.56,18083.08,213.32,226.31,215.39,17985.4,INTRADAY_SQUAREOFF,0.01,96.98,0.35754,6465.43,-34.92,7.61,-42.53,-42.53,9698.14,9655.61
126,SOL/INR,1h,LONG,2025-01-05 04:30:00+05:30,2025-01-05 14:30:00+05:30,217.14,18131.28,213.88,226.91,213.78,17850.38,STOP_LOSS,0.01,96.56,0.355026,6437.07,-99.73,7.54,-107.26,-107.26,9655.61,9548.35
127,SOL/INR,1h,SHORT,2025-01-05 19:30:00+05:30,2025-01-06 00:30:00+05:30,212.46,17740.74,215.65,202.9,212.5,17744.14,INTRADAY_SQUAREOFF,0.01,95.48,0.358811,6365.57,-1.22,7.51,-8.73,-8.73,9548.35,9539.62
128,SOL/INR,1h,SHORT,2025-01-06 06:30:00+05:30,2025-01-06 08:30:00+05:30,212.12,17712.27,215.3,202.58,215.41,17986.94,STOP_LOSS,0.01,95.4,0.359059,6359.75,-98.62,7.56,-106.19,-106.19,9539.62,9433.43
129,SOL/INR,1h,LONG,2025-01-07 14:30:00+05:30,2025-01-07 16:30:00+05:30,216.8,18102.73,213.55,226.56,213.44,17822.28,STOP_LOSS,0.01,94.33,0.347404,6288.95,-97.43,7.36,-104.8,-104.8,9433.43,9328.64
130,SOL/INR,1h,SHORT,2025-01-07 20:30:00+05:30,2025-01-08 00:30:00+05:30,211.82,17686.6,214.99,202.28,205.13,17128.33,INTRADAY_SQUAREOFF,0.01,93.29,0.351627,6219.09,196.3,7.22,189.08,189.08,9328.64,9517.72
131,SOL/INR,1h,SHORT,2025-01-08 08:30:00+05:30,2025-01-08 22:30:00+05:30,200.48,16740.15,203.49,191.46,191.55,15994.84,TARGET_HIT,0.01,95.18,0.379038,6345.15,282.5,7.32,275.18,275.18,9517.72,9792.9
132,SOL/INR,1h,SHORT,2025-01-09 09:30:00+05:30,2025-01-09 19:30:00+05:30,194.22,16217.77,197.14,185.48,185.58,15495.71,TARGET_HIT,0.01,97.93,0.402558,6528.6,290.67,7.53,283.14,283.14,9792.9,10076.04
133,SOL/INR,1h,SHORT,2025-01-09 23:30:00+05:30,2025-01-10 01:30:00+05:30,186.43,15567.09,189.23,178.04,186.49,15572.08,INTRADAY_SQUAREOFF,0.01,100.76,0.43151,6717.36,-2.15,7.93,-10.08,-10.08,10076.04,10065.96
134,SOL/INR,1h,SHORT,2025-01-10 19:30:00+05:30,2025-01-10 22:30:00+05:30,185.76,15510.57,188.54,177.4,188.64,15751.1,STOP_LOSS,0.01,100.66,0.432649,6710.64,-104.07,7.98,-112.05,-112.05,10065.96,9953.91
135,SOL/INR,1h,SHORT,2025-01-11 07:30:00+05:30,2025-01-12 00:30:00+05:30,185.92,15524.72,188.71,177.56,187.7,15672.89,INTRADAY_SQUAREOFF,0.01,99.54,0.427444,6635.94,-63.34,7.87,-71.2,-71.2,9953.91,9882.71
136,SOL/INR,1h,LONG,2025-01-12 08:30:00+05:30,2025-01-12 14:30:00+05:30,188.44,15735.01,185.62,196.92,185.52,15491.24,STOP_LOSS,0.01,98.83,0.418714,6588.47,-102.07,7.71,-109.79,-109.79,9882.71,9772.92
137,SOL/INR,1h,LONG,2025-01-13 06:30:00+05:30,2025-01-13 08:30:00+05:30,191.84,16018.79,188.96,200.47,188.87,15770.62,STOP_LOSS,0.01,97.73,0.406727,6515.28,-100.94,7.63,-108.57,-108.57,9772.92,9664.35
138,SOL/INR,1h,SHORT,2025-01-13 12:30:00+05:30,2025-01-13 19:30:00+05:30,181.82,15181.77,184.54,173.64,173.72,14505.84,TARGET_HIT,0.01,96.64,0.424384,6442.9,286.85,7.43,279.42,279.42,9664.35,9943.78
139,SOL/INR,1h,LONG,2025-01-14 14:30:00+05:30,2025-01-15 00:30:00+05:30,187.35,15644.05,184.54,195.78,186.45,15568.81,INTRADAY_SQUAREOFF,0.01,99.44,0.423751,6629.18,-31.88,7.8,-39.69,-39.69,9943.78,9904.09
140,SOL/INR,1h,LONG,2025-01-15 04:30:00+05:30,2025-01-15 20:30:00+05:30,188.74,15759.63,185.91,197.23,197.13,16460.58,TARGET_HIT,0.01,99.04,0.418964,6602.73,293.67,7.96,285.71,285.71,9904.09,10189.8
141,SOL/INR,1h,LONG,2025-01-16 00:30:00+05:30,2025-01-16 14:30:00+05:30,201.77,16848.13,198.75,210.85,198.65,16587.11,STOP_LOSS,0.01,101.9,0.403202,6793.2,-105.24,7.95,-113.2,-113.2,10189.8,10076.6
142,SOL/INR,1h,LONG,2025-01-16 17:30:00+05:30,2025-01-16 19:30:00+05:30,213.37,17816.29,210.17,222.97,210.06,17540.27,STOP_LOSS,0.01,100.77,0.377056,6717.73,-104.07,7.87,-111.94,-111.94,10076.6,9964.66
143,SOL/INR,1h,LONG,2025-01-16 22:30:00+05:30,2025-01-17 00:30:00+05:30,214.27,17891.19,211.05,223.91,212.42,17737.46,INTRADAY_SQUAREOFF,0.01,99.65,0.371306,6643.11,-57.08,7.81,-64.89,-64.89,9964.66,9899.77
144,SOL/INR,1h,LONG,2025-01-17 07:30:00+05:30,2025-01-17 09:30:00+05:30,214.86,17940.94,211.64,224.53,211.53,17662.99,STOP_LOSS,0.01,99.0,0.367865,6599.85,-102.25,7.73,-109.98,-109.98,9899.77,9789.8
145,SOL/INR,1h,LONG,2025-01-17 14:30:00+05:30,2025-01-18 00:30:00+05:30,216.22,18054.34,212.98,225.95,216.51,18078.39,INTRADAY_SQUAREOFF,0.01,97.9,0.361494,6526.53,8.69,7.71,0.99,0.99,9789.8,9790.78
146,SOL/INR,1h,LONG,2025-01-18 08:30:00+05:30,2025-01-18 11:30:00+05:30,221.58,18502.16,218.26,231.55,231.44,19325.09,TARGET_HIT,0.01,97.91,0.35278,6527.19,290.31,7.87,282.44,282.44,9790.78,10073.22
147,SOL/INR,1h,LONG,2025-01-18 14:30:00+05:30,2025-01-18 20:30:00+05:30,240.17,20054.05,236.57,250.98,250.85,20946.01,TARGET_HIT,0.01,100.73,0.334869,6715.48,298.69,8.1,290.59,290.59,10073.22,10363.81
148,SOL/INR,1h,LONG,2025-01-19 05:30:00+05:30,2025-01-19 07:30:00+05:30,263.58,22008.96,259.63,275.44,259.5,21667.98,STOP_LOSS,0.01,103.64,0.313927,6909.21,-107.04,8.09,-115.13,-115.13,10363.81,10248.68
149,SOL/INR,1h,LONG,2025-01-19 10:30:00+05:30,2025-01-19 13:30:00+05:30,273.91,22871.3,269.8,286.23,269.66,22516.96,STOP_LOSS,0.01,102.49,0.298735,6832.45,-105.85,8.0,-113.85,-113.85,10248.68,10134.83
150,SOL/INR,1h,LONG,2025-01-19 16:30:00+05:30,2025-01-19 18:30:00+05:30,287.99,24047.17,283.67,300.95,283.53,23674.62,STOP_LOSS,0.01,101.35,0.280971,6756.55,-104.68,7.91,-112.59,-112.59,10134.83,10022.24
151,SOL/INR,1h,LONG,2025-01-20 02:30:00+05:30,2025-01-20 04:30:00+05:30,277.26,23151.15,273.1,289.74,272.96,22792.48,STOP_LOSS,0.01,100.22,0.288603,6681.49,-103.51,7.82,-111.34,-111.34,10022.24,9910.91
152,SOL/INR,1h,SHORT,2025-01-20 08:30:00+05:30,2025-01-20 10:30:00+05:30,231.77,19353.19,235.25,221.34,235.37,19653.31,STOP_LOSS,0.01,99.11,0.341405,6607.27,-102.46,7.86,-110.32,-110.32,9910.91,9800.59
153,SOL/INR,1h,SHORT,2025-01-20 16:30:00+05:30,2025-01-20 22:30:00+05:30,259.2,21643.31,263.09,247.54,247.66,20679.69,TARGET_HIT,0.01,98.01,0.301882,6533.72,290.9,7.54,283.36,283.36,9800.59,10083.95
154,SOL/INR,1h,SHORT,2025-01-21 05:30:00+05:30,2025-01-21 21:30:00+05:30,241.99,20206.14,245.62,231.1,245.74,20519.48,STOP_LOSS,0.01,100.84,0.332702,6722.63,-104.25,7.99,-112.25,-112.25,10083.95,9971.7
155,SOL/INR,1h,LONG,2025-01-22 06:30:00+05:30,2025-01-23 00:30:00+05:30,252.93,21119.95,249.14,264.32,264.18,22059.32,TARGET_HIT,0.01,99.72,0.314764,6647.8,295.68,8.02,287.66,287.66,9971.7,10259.36
156,SOL/INR,1h,SHORT,2025-01-23 14:30:00+05:30,2025-01-23 19:30:00+05:30,245.96,20537.27,249.64,234.89,249.77,20855.75,STOP_LOSS,0.01,102.59,0.333032,6839.57,-106.06,8.13,-114.2,-114.2,10259.36,10145.16
157,SOL/INR,1h,SHORT,2025-01-24 01:30:00+05:30,2025-01-24 03:30:00+05:30,245.91,20533.72,249.6,234.85,249.73,20852.14,STOP_LOSS,0.01,101.45,0.329382,6763.44,-104.88,8.04,-112.93,-112.93,10145.16,10032.23
158,SOL/INR,1h,LONG,2025-01-24 14:30:00+05:30,2025-01-25 00:30:00+05:30,264.88,22117.74,260.91,276.8,262.73,21937.92,INTRADAY_SQUAREOFF,0.01,100.32,0.302389,6688.16,-54.38,7.86,-62.24,-62.24,10032.23,9970.0
159,SOL/INR,1h,SHORT,2025-01-25 12:30:00+05:30,2025-01-25 18:30:00+05:30,246.81,20608.42,250.51,235.7,250.63,20928.0,STOP_LOSS,0.01,99.7,0.322522,6646.67,-103.07,7.9,-110.98,-110.98,9970.0,9859.02
160,SOL/INR,1h,LONG,2025-01-26 04:30:00+05:30,2025-01-26 06:30:00+05:30,259.25,21647.52,255.36,270.92,255.24,21312.15,STOP_LOSS,0.01,98.59,0.303623,6572.68,-101.83,7.7,-109.52,-109.52,9859.02,9749.5
161,SOL/INR,1h,LONG,2025-01-26 18:30:00+05:30,2025-01-27 00:30:00+05:30,256.85,21447.34,253.0,268.41,256.63,21428.6,INTRADAY_SQUAREOFF,0.01,97.49,0.303052,6499.67,-5.68,7.67,-13.35,-13.35,9749.5,9736.15
162,SOL/INR,1h,SHORT,2025-01-27 10:30:00+05:30,2025-01-27 18:30:00+05:30,230.76,19268.13,234.22,220.37,234.33,19566.93,STOP_LOSS,0.01,97.36,0.336866,6490.77,-100.66,7.72,-108.37,-108.37,9736.15,9627.78
163,SOL/INR,1h,SHORT,2025-01-29 15:30:00+05:30,2025-01-30 00:30:00+05:30,231.01,19289.18,234.47,220.61,234.59,19588.31,STOP_LOSS,0.01,96.28,0.332752,6418.52,-99.54,7.63,-107.17,-107.17,9627.78,9520.61
164,SOL/INR,1h,LONG,2025-01-30 07:30:00+05:30,2025-01-31 00:30:00+05:30,235.24,19642.82,231.71,245.83,240.99,20122.53,INTRADAY_SQUAREOFF,0.01,95.21,0.323124,6347.07,155.01,7.58,147.43,147.43,9520.61,9668.04
165,SOL/INR,1h,LONG,2025-01-31 21:30:00+05:30,2025-01-31 23:30:00+05:30,240.89,20114.37,237.28,251.73,237.16,19802.75,STOP_LOSS,0.01,96.68,0.320436,6445.36,-99.85,7.55,-107.4,-107.4,9668.04,9560.64
166,SOL/INR,1h,SHORT,2025-02-01 20:30:00+05:30,2025-02-02 00:30:00+05:30,225.29,18811.66,228.67,215.15,224.85,18774.96,INTRADAY_SQUAREOFF,0.01,95.61,0.33882,6373.76,12.43,7.51,4.92,4.92,9560.64,9565.56
167,SOL/INR,1h,SHORT,2025-02-02 09:30:00+05:30,2025-02-02 11:30:00+05:30,207.57,17331.88,210.68,198.23,210.79,17600.65,STOP_LOSS,0.01,95.66,0.367937,6377.04,-98.89,7.58,-106.48,-106.48,9565.56,9459.08
168,SOL/INR,1h,SHORT,2025-02-02 13:30:00+05:30,2025-02-02 23:30:00+05:30,211.49,17659.01,214.66,201.97,202.07,16872.79,TARGET_HIT,0.01,94.59,0.357101,6306.05,280.76,7.28,273.49,273.49,9459.08,9732.57
169,SOL/INR,1h,SHORT,2025-02-03 07:30:00+05:30,2025-02-03 09:30:00+05:30,182.6,15246.73,185.33,174.38,185.43,15483.17,STOP_LOSS,0.01,97.33,0.425559,6488.38,-100.62,7.72,-108.33,-108.33,9732.57,9624.23
170,SOL/INR,1h,SHORT,2025-02-03 15:30:00+05:30,2025-02-03 17:30:00+05:30,194.4,16232.13,197.31,185.65,197.41,16483.85,STOP_LOSS,0.01,96.24,0.395275,6416.16,-99.5,7.63,-107.13,-107.13,9624.23,9517.11
171,SOL/INR,1h,LONG,2025-02-04 03:30:00+05:30,2025-02-04 08:30:00+05:30,217.88,18192.95,214.61,227.68,214.5,17911.09,STOP_LOSS,0.01,95.17,0.348747,6344.74,-98.3,7.43,-105.72,-105.72,9517.11,9411.38
172,SOL/INR,1h,SHORT,2025-02-04 14:30:00+05:30,2025-02-04 16:30:00+05:30,202.95,16946.25,205.99,193.82,206.1,17209.05,STOP_LOSS,0.01,94.11,0.370244,6274.25,-97.3,7.46,-104.76,-104.76,9411.38,9306.62
173,SOL/INR,1h,SHORT,2025-02-05 07:30:00+05:30,2025-02-06 00:30:00+05:30,205.81,17185.16,208.9,196.55,197.67,16505.65,INTRADAY_SQUAREOFF,0.01,93.07,0.361033,6204.41,245.33,7.18,238.15,238.15,9306.62,9544.77
174,SOL/INR,1h,SHORT,2025-02-06 04:30:00+05:30,2025-02-06 06:30:00+05:30,195.78,16347.81,198.72,186.97,198.82,16601.32,STOP_LOSS,0.01,95.45,0.389238,6363.18,-98.68,7.57,-106.24,-106.24,9544.77,9438.53
175,SOL/INR,1h,SHORT,2025-02-06 14:30:00+05:30,2025-02-06 20:30:00+05:30,201.18,16798.38,204.2,192.13,192.22,16050.47,TARGET_HIT,0.01,94.39,0.374581,6292.35,280.15,7.26,272.89,272.89,9438.53,9711.42
176,SOL/INR,1h,SHORT,2025-02-07 04:30:00+05:30,2025-02-07 07:30:00+05:30,190.6,15915.21,193.46,182.02,193.56,16162.01,STOP_LOSS,0.01,97.11,0.406798,6474.28,-100.4,7.7,-108.1,-108.1,9711.42,9603.32
177,SOL/INR,1h,SHORT,2025-02-07 11:30:00+05:30,2025-02-07 14:30:00+05:30,192.41,16065.88,195.29,183.75,195.39,16315.02,STOP_LOSS,0.01,96.03,0.398498,6402.21,-99.28,7.61,-106.9,-106.9,9603.32,9496.43
178,SOL/INR,1h,SHORT,2025-02-08 10:30:00+05:30,2025-02-08 15:30:00+05:30,191.79,16014.35,194.67,183.16,194.76,16262.69,STOP_LOSS,0.01,94.96,0.39533,6330.95,-98.18,7.53,-105.71,-105.71,9496.43,9390.72
179,SOL/INR,1h,LONG,2025-02-09 06:30:00+05:30,2025-02-09 18:30:00+05:30,200.43,16736.23,197.43,209.45,197.33,16476.95,STOP_LOSS,0.01,93.91,0.374067,6260.48,-96.99,7.33,-104.32,-104.32,9390.72,9286.4
180,SOL/INR,1h,SHORT,2025-02-09 23:30:00+05:30,2025-02-10 01:30:00+05:30,199.96,16696.34,202.96,190.96,199.28,16639.7,INTRADAY_SQUAREOFF,0.01,92.86,0.370796,6190.93,21.0,7.29,13.71,13.71,9286.4,9300.11
181,SOL/INR,1h,SHORT,2025-02-10 03:30:00+05:30,2025-02-10 05:30:00+05:30,194.19,16214.91,197.1,185.45,197.2,16466.36,STOP_LOSS,0.01,93.0,0.382369,6200.07,-96.15,7.37,-103.52,-103.52,9300.11,9196.59
182,SOL/INR,1h,LONG,2025-02-11 07:30:00+05:30,2025-02-11 09:30:00+05:30,204.68,17090.87,201.61,213.89,201.51,16826.09,STOP_LOSS,0.01,91.97,0.358733,6131.06,-94.99,7.18,-102.16,-102.16,9196.59,9094.42
183,SOL/INR,1h,LONG,2025-02-11 17:30:00+05:30,2025-02-11 19:30:00+05:30,203.31,16976.65,200.26,212.46,200.16,16713.64,STOP_LOSS,0.01,90.94,0.357134,6062.95,-93.93,7.1,-101.03,-101.03,9094.42,8993.39
184,SOL/INR,1h,SHORT,2025-02-12 08:30:00+05:30,2025-02-12 18:30:00+05:30,195.12,16292.81,198.05,186.34,198.15,16545.47,STOP_LOSS,0.01,89.93,0.36799,5995.6,-92.98,7.13,-100.11,-100.11,8993.39,8893.29
185,SOL/INR,1h,SHORT,2025-02-13 00:30:00+05:30,2025-02-13 02:30:00+05:30,192.95,16111.19,195.84,184.27,195.94,16361.04,STOP_LOSS,0.01,88.93,0.367996,5928.86,-91.94,7.05,-98.99,-98.99,8893.29,8794.29
186,SOL/INR,1h,SHORT,2025-02-13 06:30:00+05:30,2025-02-13 09:30:00+05:30,195.18,16297.12,198.1,186.39,198.2,16549.85,STOP_LOSS,0.01,87.94,0.359748,5862.86,-90.92,6.97,-97.89,-97.89,8794.29,8696.4
187,SOL/INR,1h,SHORT,2025-02-13 17:30:00+05:30,2025-02-14 00:30:00+05:30,191.39,15980.7,194.26,182.77,194.35,16228.52,STOP_LOSS,0.01,86.96,0.362788,5797.6,-89.91,6.89,-96.8,-96.8,8696.4,8599.6
188,SOL/INR,1h,LONG,2025-02-14 12:30:00+05:30,2025-02-15 00:30:00+05:30,196.36,16396.22,193.42,205.2,203.02,16952.2,INTRADAY_SQUAREOFF,0.01,86.0,0.349658,5733.07,194.4,6.88,187.52,187.52,8599.6,8787.13
189,SOL/INR,1h,SHORT,2025-02-15 23:30:00+05:30,2025-02-16 01:30:00+05:30,193.45,16153.22,196.35,184.75,194.3,16223.81,INTRADAY_SQUAREOFF,0.01,87.87,0.362657,5858.09,-25.6,6.93,-32.53,-32.53,8787.13,8754.6
190,SOL/INR,1h,SHORT,2025-02-16 08:30:00+05:30,2025-02-17 00:30:00+05:30,193.39,16147.96,196.29,184.69,189.36,15811.2,INTRADAY_SQUAREOFF,0.01,87.55,0.361433,5836.4,121.71,6.82,114.9,114.9,8754.6,8869.5
191,SOL/INR,1h,SHORT,2025-02-17 08:30:00+05:30,2025-02-17 21:30:00+05:30,187.14,15626.46,189.95,178.72,178.81,14930.73,TARGET_HIT,0.01,88.7,0.378397,5913.0,263.26,6.82,256.44,256.44,8869.5,9125.94
192,SOL/INR,1h,SHORT,2025-02-18 05:30:00+05:30,2025-02-18 11:30:00+05:30,177.57,14827.26,180.24,169.58,169.67,14167.11,TARGET_HIT,0.01,91.26,0.410323,6083.96,270.87,7.02,263.85,263.85,9125.94,9389.79
193,SOL/INR,1h,SHORT,2025-02-18 14:30:00+05:30,2025-02-18 16:30:00+05:30,163.73,13671.09,166.18,156.36,166.26,13883.09,STOP_LOSS,0.01,93.9,0.457891,6259.86,-97.07,7.44,-104.52,-104.52,9389.79,9285.27
194,SOL/INR,1h,SHORT,2025-02-18 20:30:00+05:30,2025-02-19 00:30:00+05:30,166.12,13870.84,168.61,158.64,164.55,13739.98,INTRADAY_SQUAREOFF,0.01,92.85,0.446273,6190.18,58.4,7.27,51.13,51.13,9285.27,9336.4
195,SOL/INR,1h,SHORT,2025-02-19 09:30:00+05:30,2025-02-19 13:30:00+05:30,167.15,13957.22,169.66,159.63,169.74,14173.66,STOP_LOSS,0.01,93.36,0.445953,6224.27,-96.52,7.4,-103.92,-103.92,9336.4,9232.48
196,SOL/INR,1h,LONG,2025-02-21 05:30:00+05:30,2025-02-21 07:30:00+05:30,176.47,14735.02,173.82,184.41,173.73,14506.74,STOP_LOSS,0.01,92.32,0.417711,6154.99,-95.36,7.21,-102.56,-102.56,9232.48,9129.92
197,SOL/INR,1h,LONG,2025-02-21 11:30:00+05:30,2025-02-21 20:30:00+05:30,175.4,14645.61,172.77,183.29,172.68,14418.71,STOP_LOSS,0.01,91.3,0.415593,6086.61,-94.3,7.13,-101.42,-101.42,9129.92,9028.49
198,SOL/INR,1h,SHORT,2025-02-22 01:30:00+05:30,2025-02-22 06:30:00+05:30,168.42,14063.0,170.95,160.84,171.03,14281.08,STOP_LOSS,0.01,90.28,0.428002,6019.0,-93.34,7.16,-100.5,-100.5,9028.49,8928.0
199,SOL/INR,1h,SHORT,2025-02-22 12:30:00+05:30,2025-02-22 15:30:00+05:30,170.85,14266.22,173.42,163.16,173.5,14487.45,STOP_LOSS,0.01,89.28,0.417209,5952.0,-92.3,7.08,-99.38,-99.38,8928.0,8828.62
200,SOL/INR,1h,SHORT,2025-02-22 19:30:00+05:30,2025-02-23 00:30:00+05:30,172.81,14429.85,175.4,165.04,173.0,14445.78,INTRADAY_SQUAREOFF,0.01,88.29,0.407887,5885.74,-6.5,6.95,-13.45,-13.45,8828.62,8815.17
201,SOL/INR,1h,SHORT,2025-02-23 05:30:00+05:30,2025-02-24 00:30:00+05:30,172.06,14366.73,174.64,164.31,168.14,14039.71,INTRADAY_SQUAREOFF,0.01,88.15,0.409055,5876.78,133.77,6.86,126.91,126.91,8815.17,8942.09
202,SOL/INR,1h,SHORT,2025-02-24 06:30:00+05:30,2025-02-24 09:30:00+05:30,166.8,13927.46,169.3,159.29,159.37,13307.38,TARGET_HIT,0.01,89.42,0.428031,5961.39,265.42,6.88,258.54,258.54,8942.09,9200.62
203,SOL/INR,1h,SHORT,2025-02-24 14:30:00+05:30,2025-02-25 00:30:00+05:30,158.21,13210.38,160.58,151.09,151.16,12622.22,TARGET_HIT,0.01,92.01,0.464313,6133.75,273.09,7.08,266.01,266.01,9200.62,9466.64
204,SOL/INR,1h,SHORT,2025-02-25 04:30:00+05:30,2025-02-25 12:30:00+05:30,142.8,11923.69,144.94,136.37,136.44,11392.82,TARGET_HIT,0.01,94.67,0.52929,6311.09,280.99,7.28,273.7,273.7,9466.64,9740.34
205,SOL/INR,1h,SHORT,2025-02-25 15:30:00+05:30,2025-02-25 17:30:00+05:30,133.99,11188.5,136.0,127.96,136.07,11362.0,STOP_LOSS,0.01,97.4,0.580378,6493.56,-100.7,7.72,-108.42,-108.42,9740.34,9631.92
206,SOL/INR,1h,SHORT,2025-02-26 23:30:00+05:30,2025-02-27 01:30:00+05:30,133.29,11129.75,135.29,127.29,131.9,11013.56,INTRADAY_SQUAREOFF,0.01,96.32,0.576948,6421.28,67.03,7.54,59.5,59.5,9631.92,9691.42
207,SOL/INR,1h,SHORT,2025-02-27 05:30:00+05:30,2025-02-27 07:30:00+05:30,134.53,11233.02,136.55,128.47,136.61,11407.21,STOP_LOSS,0.01,96.91,0.575174,6460.94,-100.19,7.68,-107.88,-107.88,9691.42,9583.54
208,SOL/INR,1h,LONG,2025-02-27 16:30:00+05:30,2025-02-27 18:30:00+05:30,142.09,11864.32,139.96,148.48,139.89,11680.51,STOP_LOSS,0.01,95.84,0.538508,6389.03,-98.98,7.48,-106.46,-106.46,9583.54,9477.08
209,SOL/INR,1h,LONG,2025-02-27 21:30:00+05:30,2025-02-28 00:30:00+05:30,140.49,11731.04,138.38,146.81,138.31,11549.3,STOP_LOSS,0.01,94.77,0.538575,6318.05,-97.88,7.4,-105.28,-105.28,9477.08,9371.8
210,SOL/INR,1h,SHORT,2025-02-28 16:30:00+05:30,2025-02-28 18:30:00+05:30,130.07,10860.69,132.02,124.22,132.09,11029.11,STOP_LOSS,0.01,93.72,0.575273,6247.86,-96.89,7.43,-104.32,-104.32,9371.8,9267.48
211,SOL/INR,1h,LONG,2025-03-01 00:30:00+05:30,2025-03-01 11:30:00+05:30,146.82,12259.32,144.62,153.43,144.54,12069.39,STOP_LOSS,0.01,92.67,0.503969,6178.32,-95.72,7.23,-102.95,-102.95,9267.48,9164.53
212,SOL/INR,1h,LONG,2025-03-02 21:30:00+05:30,2025-03-02 23:30:00+05:30,161.23,13462.46,158.81,168.48,168.4,14061.24,TARGET_HIT,0.01,91.65,0.453831,6109.68,271.74,7.37,264.37,264.37,9164.53,9428.9
213,SOL/INR,1h,LONG,2025-03-03 01:30:00+05:30,2025-03-03 07:30:00+05:30,172.28,14385.09,169.69,180.03,169.61,14162.23,STOP_LOSS,0.01,94.29,0.436976,6285.93,-97.38,7.36,-104.74,-104.74,9428.9,9324.16
214,SOL/INR,1h,SHORT,2025-03-03 20:30:00+05:30,2025-03-03 23:30:00+05:30,157.42,13144.24,159.78,150.33,150.41,12559.03,TARGET_HIT,0.01,93.24,0.472915,6216.1,276.76,7.17,269.58,269.58,9324.16,9593.74
215,SOL/INR,1h,SHORT,2025-03-04 03:30:00+05:30,2025-03-04 05:30:00+05:30,139.76,11670.18,141.86,133.47,141.93,11851.16,STOP_LOSS,0.01,95.94,0.548049,6395.83,-99.18,7.61,-106.79,-106.79,9593.74,9486.95
216,SOL/INR,1h,SHORT,2025-03-04 07:30:00+05:30,2025-03-04 10:30:00+05:30,135.72,11332.6,137.76,129.61,137.82,11508.34,STOP_LOSS,0.01,94.87,0.558092,6324.63,-98.08,7.52,-105.6,-105.6,9486.95,9381.35
217,SOL/INR,1h,SHORT,2025-03-04 13:30:00+05:30,2025-03-04 19:30:00+05:30,135.79,11338.27,137.82,129.68,137.89,11514.1,STOP_LOSS,0.01,93.81,0.551604,6254.23,-96.99,7.44,-104.42,-104.42,9381.35,9276.93
218,SOL/INR,1h,LONG,2025-03-05 03:30:00+05:30,2025-03-05 05:30:00+05:30,146.41,12225.26,144.21,153.0,144.14,12035.86,STOP_LOSS,0.01,92.77,0.505888,6184.62,-95.82,7.24,-103.06,-103.06,9276.93,9173.87
219,SOL/INR,1h,LONG,2025-03-05 12:30:00+05:30,2025-03-05 20:30:00+05:30,143.72,12001.0,141.57,150.19,141.5,11815.07,STOP_LOSS,0.01,91.74,0.509617,6115.91,-94.75,7.16,-101.91,-101.91,9173.87,9071.96
220,SOL/INR,1h,LONG,2025-03-06 10:30:00+05:30,2025-03-06 18:30:00+05:30,150.0,12525.29,147.75,156.75,147.68,12331.25,STOP_LOSS,0.01,90.72,0.482861,6047.97,-93.7,7.08,-100.78,-100.78,9071.96,8971.18
221,SOL/INR,1h,LONG,2025-03-06 21:30:00+05:30,2025-03-06 23:30:00+05:30,149.58,12489.82,147.34,156.31,147.26,12296.32,STOP_LOSS,0.01,89.71,0.478853,5980.79,-92.66,7.0,-99.66,-99.66,8971.18,8871.52
222,SOL/INR,1h,SHORT,2025-03-07 05:30:00+05:30,2025-03-07 14:30:00+05:30,143.28,11963.97,145.43,136.83,145.5,12149.5,STOP_LOSS,0.01,88.72,0.494347,5914.35,-91.72,7.03,-98.75,-98.75,8871.52,8772.77
223,SOL/INR,1h,SHORT,2025-03-09 15:30:00+05:30,2025-03-09 20:30:00+05:30,137.99,11522.17,140.06,131.78,131.85,11009.18,TARGET_HIT,0.01,87.73,0.507588,5848.51,260.39,6.75,253.64,253.64,8772.77,9026.41
224,SOL/INR,1h,SHORT,2025-03-10 14:30:00+05:30,2025-03-10 16:30:00+05:30,126.09,10528.42,127.98,120.41,128.04,10691.69,STOP_LOSS,0.01,90.26,0.571558,6017.61,-93.32,7.16,-100.47,-100.47,9026.41,8925.94
225,SOL/INR,1h,SHORT,2025-03-10 19:30:00+05:30,2025-03-10 22:30:00+05:30,124.95,10433.47,126.83,119.33,119.39,9968.95,TARGET_HIT,0.01,89.26,0.57034,5950.63,264.94,6.87,258.07,258.07,8925.94,9184.01
226,SOL/INR,1h,SHORT,2025-03-11 06:30:00+05:30,2025-03-11 08:30:00+05:30,113.17,9449.3,114.86,108.07,114.92,9595.84,STOP_LOSS,0.01,91.84,0.64795,6122.67,-94.95,7.28,-102.23,-102.23,9184.01,9081.78
227,SOL/INR,1h,LONG,2025-03-12 07:30:00+05:30,2025-03-12 09:30:00+05:30,126.78,10585.97,124.88,132.48,124.81,10421.97,STOP_LOSS,0.01,90.82,0.571938,6054.52,-93.8,7.09,-100.89,-100.89,9081.78,8980.89
228,SOL/INR,1h,LONG,2025-03-12 13:30:00+05:30,2025-03-12 17:30:00+05:30,123.39,10302.93,121.54,128.94,128.88,10761.18,TARGET_HIT,0.01,89.81,0.581122,5987.26,266.3,7.22,259.08,259.08,8980.89,9239.97
229,SOL/INR,1h,LONG,2025-03-13 04:30:00+05:30,2025-03-13 09:30:00+05:30,126.66,10575.7,124.76,132.35,124.69,10411.85,STOP_LOSS,0.01,92.4,0.582466,6159.98,-95.43,7.21,-102.65,-102.65,9239.97,9137.32
230,SOL/INR,1h,LONG,2025-03-13 13:30:00+05:30,2025-03-13 22:30:00+05:30,124.49,10395.12,122.63,130.09,122.56,10234.07,STOP_LOSS,0.01,91.37,0.586001,6091.55,-94.37,7.13,-101.51,-101.51,9137.32,9035.82
231,SOL/INR,1h,SHORT,2025-03-14 01:30:00+05:30,2025-03-14 03:30:00+05:30,121.15,10116.15,122.97,115.7,123.03,10273.02,STOP_LOSS,0.01,90.36,0.595472,6023.88,-93.42,7.16,-100.58,-100.58,9035.82,8935.24
232,SOL/INR,1h,SHORT,2025-03-14 09:30:00+05:30,2025-03-14 15:30:00+05:30,124.22,10372.02,126.08,118.63,126.14,10532.86,STOP_LOSS,0.01,89.35,0.574317,5956.83,-92.38,7.08,-99.46,-99.46,8935.24,8835.78
233,SOL/INR,1h,LONG,2025-03-15 00:30:00+05:30,2025-03-16 00:30:00+05:30,134.15,11201.24,132.13,140.18,134.17,11203.33,INTRADAY_SQUAREOFF,0.01,88.36,0.525881,5890.52,1.1,6.95,-5.85,-5.85,8835.78,8829.93
234,SOL/INR,1h,LONG,2025-03-16 05:30:00+05:30,2025-03-16 14:30:00+05:30,136.04,11359.5,134.0,142.16,133.93,11183.51,STOP_LOSS,0.01,88.3,0.518211,5886.62,-91.2,6.89,-98.09,-98.09,8829.93,8731.83
235,SOL/INR,1h,SHORT,2025-03-17 01:30:00+05:30,2025-03-17 06:30:00+05:30,126.45,10558.48,128.35,120.76,128.41,10722.21,STOP_LOSS,0.01,87.32,0.551332,5821.22,-90.27,6.92,-97.19,-97.19,8731.83,8634.64
236,SOL/INR,1h,SHORT,2025-03-17 18:30:00+05:30,2025-03-17 23:30:00+05:30,127.44,10641.43,129.35,121.71,129.42,10806.45,STOP_LOSS,0.01,86.35,0.540945,5756.43,-89.27,6.85,-96.11,-96.11,8634.64,8538.53
237,SOL/INR,1h,SHORT,2025-03-18 10:30:00+05:30,2025-03-18 13:30:00+05:30,123.9,10345.34,125.75,118.32,125.82,10505.77,STOP_LOSS,0.01,85.39,0.550233,5692.35,-88.27,6.77,-95.04,-95.04,8538.53,8443.48
238,SOL/INR,1h,SHORT,2025-03-18 15:30:00+05:30,2025-03-19 00:30:00+05:30,124.89,10428.51,126.77,119.27,124.1,10362.48,INTRADAY_SQUAREOFF,0.01,84.43,0.539769,5628.99,35.64,6.62,29.02,29.02,8443.48,8472.5
239,SOL/INR,1h,LONG,2025-03-19 19:30:00+05:30,2025-03-20 00:30:00+05:30,130.94,10933.3,128.97,136.83,132.92,11098.52,INTRADAY_SQUAREOFF,0.01,84.73,0.516618,5648.34,85.36,6.72,78.64,78.64,8472.5,8551.15
240,SOL/INR,1h,LONG,2025-03-20 04:30:00+05:30,2025-03-20 15:30:00+05:30,134.87,11261.83,132.85,140.94,132.78,11087.36,STOP_LOSS,0.01,85.51,0.506202,5700.76,-88.32,6.67,-94.99,-94.99,8551.15,8456.15
241,SOL/INR,1h,SHORT,2025-03-21 03:30:00+05:30,2025-03-22 00:30:00+05:30,127.51,10646.77,129.42,121.77,127.5,10645.86,INTRADAY_SQUAREOFF,0.01,84.56,0.529497,5637.43,0.48,6.65,-6.17,-6.17,8456.15,8449.98
242,SOL/INR,1h,LONG,2025-03-23 12:30:00+05:30,2025-03-24 00:30:00+05:30,130.99,10937.36,129.02,136.88,130.92,10931.96,INTRADAY_SQUAREOFF,0.01,84.5,0.515053,5633.32,-2.78,6.65,-9.43,-9.43,8449.98,8440.55
243,SOL/INR,1h,LONG,2025-03-24 08:30:00+05:30,2025-03-24 15:30:00+05:30,135.06,11277.63,133.04,141.14,141.07,11779.23,TARGET_HIT,0.01,84.41,0.498955,5627.03,250.28,6.79,243.49,243.49,8440.55,8684.04
244,SOL/INR,1h,LONG,2025-03-24 19:30:00+05:30,2025-03-24 21:30:00+05:30,144.29,12048.4,142.13,150.79,142.06,11861.74,STOP_LOSS,0.01,86.84,0.480509,5789.36,-89.69,6.78,-96.47,-96.47,8684.04,8587.57
245,SOL/INR,1h,LONG,2025-03-25 01:30:00+05:30,2025-03-25 03:30:00+05:30,142.87,11930.05,140.73,149.3,140.66,11745.22,STOP_LOSS,0.01,85.88,0.479885,5725.05,-88.7,6.7,-95.4,-95.4,8587.57,8492.17
246,SOL/INR,1h,LONG,2025-03-25 06:30:00+05:30,2025-03-25 08:30:00+05:30,142.3,11881.8,140.16,148.7,140.09,11697.73,STOP_LOSS,0.01,84.92,0.47648,5661.45,-87.71,6.63,-94.34,-94.34,8492.17,8397.83
247,SOL/INR,1h,LONG,2025-03-25 19:30:00+05:30,2025-03-26 00:30:00+05:30,145.9,12183.03,143.72,152.47,145.22,12126.13,INTRADAY_SQUAREOFF,0.01,83.98,0.459537,5598.55,-26.15,6.59,-32.74,-32.74,8397.83,8365.09
248,SOL/INR,1h,LONG,2025-03-26 06:30:00+05:30,2025-03-26 08:30:00+05:30,144.54,12068.9,142.37,151.04,142.3,11881.92,STOP_LOSS,0.01,83.65,0.462074,5576.73,-86.4,6.53,-92.93,-92.93,8365.09,8272.16
249,SOL/INR,1h,LONG,2025-03-26 12:30:00+05:30,2025-03-26 18:30:00+05:30,144.29,12047.98,142.12,150.78,142.05,11861.32,STOP_LOSS,0.01,82.72,0.457735,5514.78,-85.44,6.46,-91.89,-91.89,8272.16,8180.27
250,SOL/INR,1h,SHORT,2025-03-26 23:30:00+05:30,2025-03-27 01:30:00+05:30,137.98,11521.29,140.05,131.77,137.72,11500.02,INTRADAY_SQUAREOFF,0.01,81.8,0.473342,5453.51,10.07,6.43,3.64,3.64,8180.27,8183.91
251,SOL/INR,1h,SHORT,2025-03-27 16:30:00+05:30,2025-03-27 20:30:00+05:30,137.53,11484.02,139.6,131.34,139.67,11662.11,STOP_LOSS,0.01,81.84,0.475089,5455.94,-84.61,6.49,-91.1,-91.1,8183.91,8092.81
252,SOL/INR,1h,SHORT,2025-03-27 23:30:00+05:30,2025-03-28 01:30:00+05:30,137.48,11479.36,139.54,131.29,139.23,11625.54,INTRADAY_SQUAREOFF,0.01,80.93,0.469992,5395.21,-68.7,6.41,-75.11,-75.11,8092.81,8017.7
253,SOL/INR,1h,SHORT,2025-03-28 05:30:00+05:30,2025-03-28 12:30:00+05:30,138.08,11529.97,140.15,131.87,131.94,11016.63,TARGET_HIT,0.01,80.18,0.463586,5345.13,237.98,6.17,231.81,231.81,8017.7,8249.51
254,SOL/INR,1h,SHORT,2025-03-28 19:30:00+05:30,2025-03-29 00:30:00+05:30,129.85,10842.43,131.8,124.01,129.59,10820.68,INTRADAY_SQUAREOFF,0.01,82.5,0.507237,5499.68,11.03,6.48,4.55,4.55,8249.51,8254.06
255,SOL/INR,1h,SHORT,2025-03-29 07:30:00+05:30,2025-03-30 00:30:00+05:30,129.25,10792.74,131.19,123.44,125.06,10442.61,INTRADAY_SQUAREOFF,0.01,82.54,0.509852,5502.71,178.51,6.39,172.13,172.13,8254.06,8426.19
256,SOL/INR,1h,SHORT,2025-03-30 04:30:00+05:30,2025-03-30 06:30:00+05:30,123.03,10272.74,124.87,117.49,124.93,10432.05,STOP_LOSS,0.01,84.26,0.546831,5617.46,-87.11,6.68,-93.79,-93.79,8426.19,8332.39
257,SOL/INR,1h,SHORT,2025-03-30 13:30:00+05:30,2025-03-31 00:30:00+05:30,125.27,10460.15,127.15,119.63,126.15,10533.29,INTRADAY_SQUAREOFF,0.01,83.32,0.531056,5554.93,-38.84,6.58,-45.42,-45.42,8332.39,8286.98
258,SOL/INR,1h,LONG,2025-04-01 21:30:00+05:30,2025-04-01 23:30:00+05:30,130.06,10860.18,128.11,135.91,128.05,10691.93,STOP_LOSS,0.01,82.87,0.508707,5524.65,-85.59,6.47,-92.06,-92.06,8286.98,8194.92
259,SOL/INR,1h,LONG,2025-04-02 04:30:00+05:30,2025-04-02 07:30:00+05:30,127.14,10615.89,125.23,132.86,125.17,10451.43,STOP_LOSS,0.01,81.95,0.514632,5463.28,-84.64,6.4,-91.04,-91.04,8194.92,8103.88
260,SOL/INR,1h,SHORT,2025-04-02 11:30:00+05:30,2025-04-02 13:30:00+05:30,123.61,10321.43,125.46,118.05,125.53,10481.49,STOP_LOSS,0.01,81.04,0.523434,5402.59,-83.78,6.42,-90.21,-90.21,8103.88,8013.68
261,SOL/INR,1h,SHORT,2025-04-03 11:30:00+05:30,2025-04-03 17:30:00+05:30,118.95,9932.5,120.74,113.6,113.66,9490.28,TARGET_HIT,0.01,80.14,0.537876,5342.45,237.86,6.16,231.7,231.7,8013.68,8245.37
262,SOL/INR,1h,SHORT,2025-04-03 20:30:00+05:30,2025-04-03 22:30:00+05:30,112.48,9392.14,114.17,107.42,114.22,9537.78,STOP_LOSS,0.01,82.45,0.585268,5496.91,-85.24,6.54,-91.78,-91.78,8245.37,8153.59
263,SOL/INR,1h,SHORT,2025-04-04 06:30:00+05:30,2025-04-04 12:30:00+05:30,115.97,9683.64,117.71,110.75,117.77,9833.81,STOP_LOSS,0.01,81.54,0.561331,5435.73,-84.29,6.46,-90.76,-90.76,8153.59,8062.83
264,SOL/INR,1h,LONG,2025-04-05 02:30:00+05:30,2025-04-05 05:30:00+05:30,123.77,10335.21,121.92,129.34,121.86,10175.09,STOP_LOSS,0.01,80.63,0.520088,5375.22,-83.28,6.29,-89.57,-89.57,8062.83,7973.26
265,SOL/INR,1h,LONG,2025-04-05 13:30:00+05:30,2025-04-05 17:30:00+05:30,121.16,10117.14,119.35,126.62,119.29,9960.4,STOP_LOSS,0.01,79.73,0.525396,5315.51,-82.35,6.22,-88.57,-88.57,7973.26,7884.69
266,SOL/INR,1h,SHORT,2025-04-06 18:30:00+05:30,2025-04-06 23:30:00+05:30,116.47,9725.38,118.22,111.23,111.29,9292.38,TARGET_HIT,0.01,78.85,0.540489,5256.46,234.03,6.06,227.97,227.97,7884.69,8112.66
267,SOL/INR,1h,SHORT,2025-04-07 02:30:00+05:30,2025-04-07 10:30:00+05:30,106.39,8883.53,107.99,101.6,101.65,8488.01,TARGET_HIT,0.01,81.13,0.608816,5408.44,240.8,6.24,234.56,234.56,8112.66,8347.21
268,SOL/INR,1h,LONG,2025-04-08 07:30:00+05:30,2025-04-08 11:30:00+05:30,111.2,9284.96,109.53,116.2,109.47,9141.12,STOP_LOSS,0.01,83.47,0.599336,5564.81,-86.21,6.52,-92.73,-92.73,8347.21,8254.48
269,SOL/INR,1h,LONG,2025-04-08 17:30:00+05:30,2025-04-08 19:30:00+05:30,111.7,9326.61,110.02,116.72,109.97,9182.12,STOP_LOSS,0.01,82.54,0.590031,5502.99,-85.26,6.44,-91.7,-91.7,8254.48,8162.79
270,SOL/INR,1h,SHORT,2025-04-09 01:30:00+05:30,2025-04-09 03:30:00+05:30,103.41,8634.32,104.96,98.75,105.01,8768.22,STOP_LOSS,0.01,81.63,0.630259,5441.86,-84.39,6.47,-90.86,-90.86,8162.79,8071.93
271,SOL/INR,1h,SHORT,2025-04-09 06:30:00+05:30,2025-04-09 11:30:00+05:30,104.36,8714.15,105.93,99.66,105.98,8849.29,STOP_LOSS,0.01,80.72,0.617534,5381.28,-83.45,6.4,-89.85,-89.85,8071.93,7982.08
272,SOL/INR,1h,SHORT,2025-04-09 17:30:00+05:30,2025-04-09 19:30:00+05:30,102.88,8590.32,104.42,98.25,104.47,8723.54,STOP_LOSS,0.01,79.82,0.619463,5321.38,-82.52,6.33,-88.85,-88.85,7982.08,7893.23
273,SOL/INR,1h,SHORT,2025-04-11 06:30:00+05:30,2025-04-11 08:30:00+05:30,112.21,9369.53,113.89,107.16,113.95,9514.83,STOP_LOSS,0.01,78.93,0.561624,5262.15,-81.6,6.26,-87.86,-87.86,7893.23,7805.37
274,SOL/INR,1h,LONG,2025-04-11 14:30:00+05:30,2025-04-12 00:30:00+05:30,117.33,9796.99,115.57,122.61,119.93,10014.07,INTRADAY_SQUAREOFF,0.01,78.05,0.53114,5203.58,115.3,6.21,109.09,109.09,7805.37,7914.46
275,SOL/INR,1h,LONG,2025-04-12 05:30:00+05:30,2025-04-12 07:30:00+05:30,121.69,10161.21,119.87,127.17,119.81,10003.78,STOP_LOSS,0.01,79.14,0.51926,5276.31,-81.74,6.18,-87.92,-87.92,7914.46,7826.54
276,SOL/INR,1h,LONG,2025-04-12 10:30:00+05:30,2025-04-12 18:30:00+05:30,122.59,10236.32,120.75,128.11,128.04,10691.6,TARGET_HIT,0.01,78.27,0.509724,5217.69,232.07,6.29,225.78,225.78,7826.54,8052.32
277,SOL/INR,1h,LONG,2025-04-13 00:30:00+05:30,2025-04-13 12:30:00+05:30,130.96,10934.8,128.99,136.85,128.93,10765.39,STOP_LOSS,0.01,80.52,0.490929,5368.21,-83.17,6.29,-89.45,-89.45,8052.32,7962.86
278,SOL/INR,1h,LONG,2025-04-13 14:30:00+05:30,2025-04-13 18:30:00+05:30,129.84,10841.92,127.9,135.69,127.83,10673.95,STOP_LOSS,0.01,79.63,0.489634,5308.58,-82.24,6.22,-88.46,-88.46,7962.86,7874.4
279,SOL/INR,1h,LONG,2025-04-14 16:30:00+05:30,2025-04-14 18:30:00+05:30,133.95,11184.43,131.94,139.97,131.87,11011.15,STOP_LOSS,0.01,78.74,0.469367,5249.6,-81.33,6.15,-87.48,-87.48,7874.4,7786.93
280,SOL/INR,1h,LONG,2025-04-15 07:30:00+05:30,2025-04-15 22:30:00+05:30,130.41,10889.47,128.46,136.28,128.39,10720.76,STOP_LOSS,0.01,77.87,0.476725,5191.29,-80.43,6.08,-86.5,-86.5,7786.93,7700.42
281,SOL/INR,1h,SHORT,2025-04-16 04:30:00+05:30,2025-04-16 20:30:00+05:30,126.1,10529.29,127.99,120.42,128.05,10692.57,STOP_LOSS,0.01,77.0,0.487556,5133.62,-79.61,6.1,-85.71,-85.71,7700.42,7614.71
282,SOL/INR,1h,LONG,2025-04-17 11:30:00+05:30,2025-04-17 19:30:00+05:30,133.35,11134.74,131.35,139.35,131.28,10962.23,STOP_LOSS,0.01,76.15,0.455913,5076.47,-78.65,5.94,-84.59,-84.59,7614.71,7530.12
283,SOL/INR,1h,LONG,2025-04-17 21:30:00+05:30,2025-04-18 00:30:00+05:30,133.7,11163.98,131.69,139.72,134.52,11232.32,INTRADAY_SQUAREOFF,0.01,75.3,0.449668,5020.08,30.73,5.94,24.79,24.79,7530.12,7554.91
284,SOL/INR,1h,LONG,2025-04-18 02:30:00+05:30,2025-04-18 20:30:00+05:30,135.13,11283.12,133.1,141.21,133.03,11108.32,STOP_LOSS,0.01,75.55,0.446384,5036.61,-78.03,5.9,-83.93,-83.93,7554.91,7470.98
285,SOL/INR,1h,LONG,2025-04-19 03:30:00+05:30,2025-04-20 00:30:00+05:30,134.36,11218.97,132.34,140.41,138.51,11565.74,INTRADAY_SQUAREOFF,0.01,74.71,0.44395,4980.66,153.95,5.97,147.98,147.98,7470.98,7618.96
286,SOL/INR,1h,SHORT,2025-04-20 21:30:00+05:30,2025-04-21 00:30:00+05:30,135.71,11332.0,137.75,129.61,136.54,11400.8,INTRADAY_SQUAREOFF,0.01,76.19,0.448227,5079.31,-30.84,6.01,-36.85,-36.85,7618.96,7582.11
287,SOL/INR,1h,SHORT,2025-04-21 04:30:00+05:30,2025-04-21 06:30:00+05:30,136.49,11397.0,138.54,130.35,138.61,11573.74,STOP_LOSS,0.01,75.82,0.443515,5054.74,-78.39,6.01,-84.4,-84.4,7582.11,7497.72
288,SOL/INR,1h,LONG,2025-04-21 10:30:00+05:30,2025-04-21 16:30:00+05:30,141.01,11774.12,138.89,147.35,138.82,11591.71,STOP_LOSS,0.01,74.98,0.424531,4998.48,-77.44,5.85,-83.29,-83.29,7497.72,7414.42
289,SOL/INR,1h,SHORT,2025-04-22 04:30:00+05:30,2025-04-22 06:30:00+05:30,136.03,11358.68,138.07,129.91,138.14,11534.83,STOP_LOSS,0.01,74.14,0.435169,4942.95,-76.65,5.88,-82.53,-82.53,7414.42,7331.89
290,SOL/INR,1h,LONG,2025-04-23 03:30:00+05:30,2025-04-24 00:30:00+05:30,148.07,12363.48,145.84,154.73,150.74,12586.73,INTRADAY_SQUAREOFF,0.01,73.32,0.395352,4887.93,88.26,5.82,82.44,82.44,7331.89,7414.34
291,SOL/INR,1h,LONG,2025-04-24 02:30:00+05:30,2025-04-24 08:30:00+05:30,151.18,12623.67,148.91,157.98,148.84,12428.1,STOP_LOSS,0.01,74.14,0.391557,4942.89,-76.58,5.79,-82.37,-82.37,7414.34,7331.97
292,SOL/INR,1h,LONG,2025-04-25 12:30:00+05:30,2025-04-25 22:30:00+05:30,153.85,12846.74,151.55,160.78,151.47,12647.71,STOP_LOSS,0.01,73.32,0.380484,4887.98,-75.73,5.72,-81.45,-81.45,7331.97,7250.52
293,SOL/INR,1h,SHORT,2025-04-27 00:30:00+05:30,2025-04-28 00:30:00+05:30,148.77,12421.95,151.0,142.07,149.99,12523.78,INTRADAY_SQUAREOFF,0.01,72.51,0.389124,4833.68,-39.62,5.73,-45.35,-45.35,7250.52,7205.17
294,SOL/INR,1h,SHORT,2025-04-29 10:30:00+05:30,2025-04-29 12:30:00+05:30,146.4,12224.11,148.59,139.81,148.67,12413.67,STOP_LOSS,0.01,72.05,0.392949,4803.45,-74.49,5.71,-80.2,-80.2,7205.17,7124.97
295,SOL/INR,1h,SHORT,2025-04-29 18:30:00+05:30,2025-04-30 00:30:00+05:30,147.92,12351.69,150.14,141.27,150.04,12528.26,INTRADAY_SQUAREOFF,0.01,71.25,0.384561,4749.98,-67.9,5.65,-73.55,-73.55,7124.97,7051.42
296,SOL/INR,1h,SHORT,2025-04-30 18:30:00+05:30,2025-05-01 00:30:00+05:30,144.71,12083.35,146.88,138.2,145.61,12158.35,INTRADAY_SQUAREOFF,0.01,70.51,0.389043,4700.95,-29.18,5.56,-34.74,-34.74,7051.42,7016.68
297,SOL/INR,1h,LONG,2025-05-01 11:30:00+05:30,2025-05-02 00:30:00+05:30,149.37,12472.29,147.13,156.09,151.07,12614.28,INTRADAY_SQUAREOFF,0.01,70.17,0.375054,4677.79,53.25,5.55,47.7,47.7,7016.68,7064.38
298,SOL/INR,1h,LONG,2025-05-02 03:30:00+05:30,2025-05-02 12:30:00+05:30,150.98,12606.81,148.72,157.77,148.64,12411.5,STOP_LOSS,0.01,70.64,0.373575,4709.59,-72.96,5.51,-78.48,-78.48,7064.38,6985.9
299,SOL/INR,1h,SHORT,2025-05-03 03:30:00+05:30,2025-05-04 00:30:00+05:30,147.44,12310.86,149.65,140.8,146.79,12257.3,INTRADAY_SQUAREOFF,0.01,69.86,0.378306,4657.27,20.26,5.48,14.78,14.78,6985.9,7000.68
300,SOL/INR,1h,SHORT,2025-05-04 05:30:00+05:30,2025-05-05 00:30:00+05:30,146.71,12250.08,148.91,140.11,146.81,12258.39,INTRADAY_SQUAREOFF,0.01,70.01,0.380987,4667.12,-3.17,5.51,-8.68,-8.68,7000.68,6992.0
301,SOL/INR,1h,SHORT,2025-05-05 04:30:00+05:30,2025-05-06 00:30:00+05:30,145.09,12115.01,147.27,138.56,146.7,12249.43,INTRADAY_SQUAREOFF,0.01,69.92,0.384757,4661.34,-51.72,5.53,-57.25,-57.25,6992.0,6934.76
302,SOL/INR,1h,LONG,2025-05-07 13:30:00+05:30,2025-05-07 23:30:00+05:30,147.31,12300.29,145.1,153.94,145.03,12109.72,STOP_LOSS,0.01,69.35,0.375859,4623.17,-71.62,5.41,-77.04,-77.04,6934.76,6857.72
303,SOL/INR,1h,LONG,2025-05-08 03:30:00+05:30,2025-05-08 15:30:00+05:30,147.57,12321.83,145.35,154.21,154.13,12869.87,TARGET_HIT,0.01,68.58,0.371034,4571.81,203.34,5.51,197.83,197.83,6857.72,7055.55
304,SOL/INR,1h,LONG,2025-05-09 02:30:00+05:30,2025-05-09 15:30:00+05:30,162.84,13597.06,160.4,170.17,170.08,14201.82,TARGET_HIT,0.01,70.56,0.345935,4703.7,209.21,5.67,203.53,203.53,7055.55,7259.08
305,SOL/INR,1h,LONG,2025-05-09 19:30:00+05:30,2025-05-09 21:30:00+05:30,173.09,14452.75,170.49,180.88,170.41,14228.84,STOP_LOSS,0.01,72.59,0.334842,4839.39,-74.97,5.67,-80.64,-80.64,7259.08,7178.44
306,SOL/INR,1h,LONG,2025-05-09 23:30:00+05:30,2025-05-10 01:30:00+05:30,171.94,14357.11,169.36,179.68,171.65,14332.59,INTRADAY_SQUAREOFF,0.01,71.78,0.333328,4785.63,-8.18,5.64,-13.82,-13.82,7178.44,7164.62
307,SOL/INR,1h,LONG,2025-05-10 04:30:00+05:30,2025-05-10 09:30:00+05:30,173.5,14487.11,170.9,181.31,170.81,14262.67,STOP_LOSS,0.01,71.65,0.329701,4776.42,-74.0,5.59,-79.59,-79.59,7164.62,7085.03
308,SOL/INR,1h,LONG,2025-05-10 13:30:00+05:30,2025-05-10 16:30:00+05:30,172.51,14404.31,169.92,180.27,169.83,14181.15,STOP_LOSS,0.01,70.85,0.327913,4723.35,-73.18,5.53,-78.71,-78.71,7085.03,7006.32
309,SOL/INR,1h,LONG,2025-05-10 18:30:00+05:30,2025-05-11 00:30:00+05:30,171.28,14301.6,168.71,178.98,172.42,14397.22,INTRADAY_SQUAREOFF,0.01,70.06,0.326599,4670.88,31.23,5.53,25.7,25.7,7006.32,7032.03
310,SOL/INR,1h,LONG,2025-05-11 02:30:00+05:30,2025-05-11 20:30:00+05:30,172.94,14440.86,170.35,180.73,170.27,14217.14,STOP_LOSS,0.01,70.32,0.324636,4688.02,-72.63,5.49,-78.12,-78.12,7032.03,6953.91
311,SOL/INR,1h,SHORT,2025-05-12 04:30:00+05:30,2025-05-12 06:30:00+05:30,171.48,14318.39,174.05,163.76,174.14,14540.44,STOP_LOSS,0.01,69.54,0.323775,4635.94,-71.89,5.51,-77.4,-77.4,6953.91,6876.5
312,SOL/INR,1h,LONG,2025-05-14 10:30:00+05:30,2025-05-14 14:30:00+05:30,181.89,15187.45,179.16,190.07,179.07,14952.15,STOP_LOSS,0.01,68.77,0.30185,4584.34,-71.02,5.37,-76.39,-76.39,6876.5,6800.11
313,SOL/INR,1h,SHORT,2025-05-15 04:30:00+05:30,2025-05-15 19:30:00+05:30,175.47,14651.53,178.1,167.57,167.66,13999.2,TARGET_HIT,0.01,68.0,0.309416,4533.41,201.84,5.23,196.61,196.61,6800.11,6996.72
314,SOL/INR,1h,SHORT,2025-05-16 00:30:00+05:30,2025-05-16 05:30:00+05:30,169.45,14149.02,171.99,161.82,172.08,14368.43,STOP_LOSS,0.01,69.97,0.329668,4664.48,-72.33,5.55,-77.88,-77.88,6996.72,6918.84
315,SOL/INR,1h,SHORT,2025-05-16 14:30:00+05:30,2025-05-16 16:30:00+05:30,169.64,14165.24,172.19,162.01,172.27,14384.91,STOP_LOSS,0.01,69.19,0.325625,4612.56,-71.53,5.49,-77.01,-77.01,6918.84,6841.83
316,SOL/INR,1h,SHORT,2025-05-16 20:30:00+05:30,2025-05-17 00:30:00+05:30,171.12,14288.52,173.69,163.42,170.53,14239.28,INTRADAY_SQUAREOFF,0.01,68.42,0.319223,4561.22,15.72,5.37,10.35,10.35,6841.83,6852.17
317,SOL/INR,1h,SHORT,2025-05-17 02:30:00+05:30,2025-05-18 00:30:00+05:30,169.01,14112.11,171.54,161.4,165.8,13844.48,INTRADAY_SQUAREOFF,0.01,68.52,0.323702,4568.11,86.63,5.34,81.29,81.29,6852.17,6933.46
318,SOL/INR,1h,LONG,2025-05-18 18:30:00+05:30,2025-05-19 00:30:00+05:30,171.64,14332.13,169.07,179.37,168.98,14110.09,STOP_LOSS,0.01,69.33,0.322514,4622.31,-71.61,5.41,-77.02,-77.02,6933.46,6856.44
319,SOL/INR,1h,SHORT,2025-05-19 18:30:00+05:30,2025-05-19 20:30:00+05:30,160.29,13384.45,162.7,153.08,162.78,13592.01,STOP_LOSS,0.01,68.56,0.341513,4570.96,-70.88,5.44,-76.32,-76.32,6856.44,6780.12
320,SOL/INR,1h,LONG,2025-05-20 21:30:00+05:30,2025-05-21 00:30:00+05:30,167.23,13963.62,164.72,174.75,164.82,13762.73,INTRADAY_SQUAREOFF,0.01,67.8,0.323704,4520.08,-65.03,5.3,-70.32,-70.32,6780.12,6709.8
321,SOL/INR,1h,LONG,2025-05-21 17:30:00+05:30,2025-05-21 22:30:00+05:30,169.66,14166.45,167.11,177.29,167.03,13946.97,STOP_LOSS,0.01,67.1,0.31576,4473.2,-69.3,5.24,-74.54,-74.54,6709.8,6635.26
322,SOL/INR,1h,LONG,2025-05-22 13:30:00+05:30,2025-05-23 00:30:00+05:30,178.59,14912.25,175.91,186.63,179.48,14986.48,INTRADAY_SQUAREOFF,0.01,66.35,0.296636,4423.51,22.02,5.23,16.79,16.79,6635.26,6652.05
323,SOL/INR,1h,LONG,2025-05-23 05:30:00+05:30,2025-05-23 17:30:00+05:30,179.97,15027.13,177.27,188.06,177.18,14794.33,STOP_LOSS,0.01,66.52,0.295113,4434.7,-68.7,5.19,-73.9,-73.9,6652.05,6578.15
324,SOL/INR,1h,SHORT,2025-05-24 00:30:00+05:30,2025-05-25 00:30:00+05:30,178.6,14912.77,181.28,170.56,176.95,14775.41,INTRADAY_SQUAREOFF,0.01,65.78,0.294072,4385.43,40.39,5.15,35.24,35.24,6578.15,6613.39
325,SOL/INR,1h,SHORT,2025-05-25 13:30:00+05:30,2025-05-26 00:30:00+05:30,172.03,14364.84,174.61,164.29,171.78,14343.42,INTRADAY_SQUAREOFF,0.01,66.13,0.306925,4408.93,6.58,5.2,1.38,1.38,6613.39,6614.77
326,SOL/INR,1h,LONG,2025-05-26 10:30:00+05:30,2025-05-26 22:30:00+05:30,177.36,14809.34,174.7,185.34,174.61,14579.9,STOP_LOSS,0.01,66.15,0.297775,4409.85,-68.32,5.16,-73.48,-73.48,6614.77,6541.29
327,SOL/INR,1h,SHORT,2025-05-27 07:30:00+05:30,2025-05-27 11:30:00+05:30,171.6,14329.0,174.18,163.88,174.27,14551.2,STOP_LOSS,0.01,65.41,0.304338,4360.86,-67.63,5.19,-72.81,-72.81,6541.29,6468.47
328,SOL/INR,1h,LONG,2025-05-27 21:30:00+05:30,2025-05-28 00:30:00+05:30,178.6,14913.1,175.92,186.64,178.59,14911.96,INTRADAY_SQUAREOFF,0.01,64.68,0.289163,4312.32,-0.33,5.09,-5.42,-5.42,6468.47,6463.06
329,SOL/INR,1h,SHORT,2025-05-28 19:30:00+05:30,2025-05-29 00:30:00+05:30,172.76,14425.48,175.35,164.99,170.12,14205.27,INTRADAY_SQUAREOFF,0.01,64.63,0.298687,4308.7,65.77,5.05,60.73,60.73,6463.06,6523.78
330,SOL/INR,1h,LONG,2025-05-29 14:30:00+05:30,2025-05-29 19:30:00+05:30,173.16,14458.47,170.56,180.95,170.47,14234.47,STOP_LOSS,0.01,65.24,0.300806,4349.19,-67.38,5.09,-72.47,-72.47,6523.78,6451.31
331,SOL/INR,1h,SHORT,2025-05-30 05:30:00+05:30,2025-05-30 21:30:00+05:30,166.31,13886.84,168.8,158.83,158.9,13268.56,TARGET_HIT,0.01,64.51,0.309709,4300.87,191.49,4.96,186.52,186.52,6451.31,6637.84
332,SOL/INR,1h,SHORT,2025-05-31 02:30:00+05:30,2025-05-31 07:30:00+05:30,159.9,13351.9,162.3,152.71,152.78,12757.44,TARGET_HIT,0.01,66.38,0.33143,4425.22,197.02,5.11,191.92,191.92,6637.84,6829.75
333,SOL/INR,1h,SHORT,2025-05-31 15:30:00+05:30,2025-05-31 20:30:00+05:30,153.76,12838.72,156.06,146.84,156.14,13037.82,STOP_LOSS,0.01,68.3,0.354643,4553.17,-70.61,5.41,-76.02,-76.02,6829.75,6753.73
334,SOL/INR,1h,SHORT,2025-06-01 18:30:00+05:30,2025-06-01 20:30:00+05:30,150.88,12598.12,153.14,144.09,153.22,12793.48,STOP_LOSS,0.01,67.54,0.357394,4502.49,-69.82,5.35,-75.18,-75.18,6753.73,6678.55
335,SOL/INR,1h,LONG,2025-06-02 03:30:00+05:30,2025-06-02 13:30:00+05:30,157.14,13121.57,154.79,164.22,154.71,12918.29,STOP_LOSS,0.01,66.79,0.339317,4452.37,-68.98,5.21,-74.19,-74.19,6678.55,6604.36
336,SOL/INR,1h,LONG,2025-06-03 11:30:00+05:30,2025-06-04 00:30:00+05:30,159.68,13333.23,157.28,166.87,160.37,13390.61,INTRADAY_SQUAREOFF,0.01,66.04,0.330221,4402.91,18.95,5.21,13.74,13.74,6604.36,6618.1
337,SOL/INR,1h,SHORT,2025-06-04 17:30:00+05:30,2025-06-05 00:30:00+05:30,155.92,13019.47,158.26,148.91,155.79,13008.28,INTRADAY_SQUAREOFF,0.01,66.18,0.338882,4412.07,3.79,5.2,-1.41,-1.41,6618.1,6616.69
338,SOL/INR,1h,SHORT,2025-06-05 02:30:00+05:30,2025-06-06 00:30:00+05:30,154.19,12874.8,156.5,147.25,147.32,12301.58,TARGET_HIT,0.01,66.17,0.342617,4411.13,196.39,5.09,191.31,191.31,6616.69,6808.0
339,SOL/INR,1h,LONG,2025-06-07 18:30:00+05:30,2025-06-08 00:30:00+05:30,152.45,12729.34,150.16,159.31,150.56,12571.96,INTRADAY_SQUAREOFF,0.01,68.08,0.356551,4538.66,-56.12,5.32,-61.44,-61.44,6808.0,6746.56
340,SOL/INR,1h,LONG,2025-06-08 07:30:00+05:30,2025-06-09 00:30:00+05:30,150.33,12552.8,148.08,157.1,153.92,12852.51,INTRADAY_SQUAREOFF,0.01,67.47,0.358303,4497.71,107.39,5.37,102.02,102.02,6746.56,6848.57
341,SOL/INR,1h,LONG,2025-06-10 03:30:00+05:30,2025-06-10 19:30:00+05:30,159.55,13322.41,157.16,166.73,157.08,13116.01,STOP_LOSS,0.01,68.49,0.342709,4565.72,-70.73,5.35,-76.08,-76.08,6848.57,6772.49
342,SOL/INR,1h,LONG,2025-06-10 23:30:00+05:30,2025-06-11 01:30:00+05:30,158.6,13242.95,156.22,165.74,163.14,13622.43,INTRADAY_SQUAREOFF,0.01,67.72,0.340936,4515.0,129.38,5.4,123.97,123.97,6772.49,6896.47
343,SOL/INR,1h,LONG,2025-06-11 09:30:00+05:30,2025-06-11 15:30:00+05:30,167.31,13970.74,164.8,174.84,164.72,13754.3,STOP_LOSS,0.01,68.96,0.329091,4597.65,-71.23,5.38,-76.61,-76.61,6896.47,6819.86
344,SOL/INR,1h,LONG,2025-06-11 18:30:00+05:30,2025-06-11 22:30:00+05:30,167.36,13974.2,164.85,174.89,164.76,13757.71,STOP_LOSS,0.01,68.2,0.325355,4546.57,-70.44,5.32,-75.76,-75.76,6819.86,6744.09
345,SOL/INR,1h,SHORT,2025-06-12 17:30:00+05:30,2025-06-12 19:30:00+05:30,157.63,13162.52,160.0,150.54,160.08,13366.63,STOP_LOSS,0.01,67.44,0.341581,4496.06,-69.72,5.35,-75.07,-75.07,6744.09,6669.03
346,SOL/INR,1h,SHORT,2025-06-12 21:30:00+05:30,2025-06-12 23:30:00+05:30,156.61,13076.77,158.96,149.56,159.04,13279.56,STOP_LOSS,0.01,66.69,0.339994,4446.02,-68.95,5.29,-74.23,-74.23,6669.03,6594.79
347,SOL/INR,1h,SHORT,2025-06-13 06:30:00+05:30,2025-06-13 13:30:00+05:30,143.92,12016.91,146.07,137.44,146.15,12203.26,STOP_LOSS,0.01,65.95,0.365862,4396.53,-68.18,5.23,-73.41,-73.41,6594.79,6521.38
348,SOL/INR,1h,SHORT,2025-06-14 01:30:00+05:30,2025-06-14 03:30:00+05:30,144.88,12097.23,147.05,138.36,147.12,12284.83,STOP_LOSS,0.01,65.21,0.359387,4347.59,-67.42,5.17,-72.59,-72.59,6521.38,6448.79
349,SOL/INR,1h,SHORT,2025-06-14 07:30:00+05:30,2025-06-15 00:30:00+05:30,146.87,12263.83,149.08,140.26,144.24,12044.13,INTRADAY_SQUAREOFF,0.01,64.49,0.350559,4299.2,77.02,5.03,71.99,71.99,6448.79,6520.78
350,SOL/INR,1h,LONG,2025-06-15 17:30:00+05:30,2025-06-16 00:30:00+05:30,146.64,12244.82,144.44,153.24,152.68,12748.38,INTRADAY_SQUAREOFF,0.01,65.21,0.355023,4347.19,178.77,5.24,173.54,173.54,6520.78,6694.32
351,SOL/INR,1h,LONG,2025-06-16 05:30:00+05:30,2025-06-17 00:30:00+05:30,153.02,12776.77,150.72,159.9,158.03,13195.29,INTRADAY_SQUAREOFF,0.01,66.94,0.349297,4462.88,146.19,5.35,140.83,140.83,6694.32,6835.16
352,SOL/INR,1h,SHORT,2025-06-17 12:30:00+05:30,2025-06-18 00:30:00+05:30,152.79,12758.35,155.09,145.92,147.95,12354.15,INTRADAY_SQUAREOFF,0.01,68.35,0.35716,4556.77,144.36,5.29,139.07,139.07,6835.16,6974.23
353,SOL/INR,1h,SHORT,2025-06-18 04:30:00+05:30,2025-06-18 06:30:00+05:30,146.73,12252.02,148.93,140.13,149.01,12442.02,STOP_LOSS,0.01,69.74,0.379487,4649.49,-72.1,5.53,-77.63,-77.63,6974.23,6896.6
354,SOL/INR,1h,SHORT,2025-06-18 12:30:00+05:30,2025-06-19 00:30:00+05:30,147.03,12276.9,149.23,140.41,144.28,12047.57,INTRADAY_SQUAREOFF,0.01,68.97,0.374503,4597.73,85.89,5.37,80.51,80.51,6896.6,6977.11
355,SOL/INR,1h,SHORT,2025-06-19 05:30:00+05:30,2025-06-20 00:30:00+05:30,146.1,12199.54,148.29,139.53,145.2,12123.91,INTRADAY_SQUAREOFF,0.01,69.77,0.381277,4651.41,28.84,5.47,23.36,23.36,6977.11,7000.48
356,SOL/INR,1h,LONG,2025-06-20 12:30:00+05:30,2025-06-20 20:30:00+05:30,145.65,12161.49,143.46,152.2,143.39,11973.08,STOP_LOSS,0.01,70.0,0.383751,4666.98,-72.3,5.46,-77.77,-77.77,7000.48,6922.71
357,SOL/INR,1h,SHORT,2025-06-21 04:30:00+05:30,2025-06-21 08:30:00+05:30,138.88,11596.83,140.97,132.63,141.04,11776.67,STOP_LOSS,0.01,69.23,0.397965,4615.14,-71.57,5.49,-77.06,-77.06,6922.71,6845.65
358,SOL/INR,1h,SHORT,2025-06-21 18:30:00+05:30,2025-06-22 00:30:00+05:30,141.63,11825.93,143.75,135.25,137.8,11506.47,INTRADAY_SQUAREOFF,0.01,68.46,0.385912,4563.77,123.28,5.31,117.97,117.97,6845.65,6963.62
359,SOL/INR,1h,SHORT,2025-06-22 03:30:00+05:30,2025-06-22 05:30:00+05:30,132.79,11088.14,134.78,126.82,134.85,11260.09,STOP_LOSS,0.01,69.64,0.418683,4642.41,-71.99,5.52,-77.51,-77.51,6963.62,6886.11
360,SOL/INR,1h,SHORT,2025-06-22 19:30:00+05:30,2025-06-22 21:30:00+05:30,127.65,10658.94,129.57,121.91,129.63,10824.23,STOP_LOSS,0.01,68.86,0.430694,4590.74,-71.19,5.46,-76.65,-76.65,6886.11,6809.46
361,SOL/INR,1h,LONG,2025-06-23 23:30:00+05:30,2025-06-24 01:30:00+05:30,137.04,11443.04,134.99,143.21,139.76,11670.14,INTRADAY_SQUAREOFF,0.01,68.09,0.396716,4539.64,90.1,5.41,84.69,84.69,6809.46,6894.15
362,SOL/INR,1h,LONG,2025-06-24 11:30:00+05:30,2025-06-24 16:30:00+05:30,145.66,12162.39,143.47,152.21,143.4,11973.97,STOP_LOSS,0.01,68.94,0.377894,4596.1,-71.21,5.38,-76.59,-76.59,6894.15,6817.56
363,SOL/INR,1h,LONG,2025-06-24 22:30:00+05:30,2025-06-25 00:30:00+05:30,145.99,12189.76,143.8,152.55,143.72,12000.91,STOP_LOSS,0.01,68.18,0.372857,4545.04,-70.41,5.32,-75.74,-75.74,6817.56,6741.82
364,SOL/INR,1h,LONG,2025-06-25 02:30:00+05:30,2025-06-26 00:30:00+05:30,145.17,12122.11,143.0,151.71,143.33,11968.24,INTRADAY_SQUAREOFF,0.01,67.42,0.370773,4494.55,-57.05,5.27,-62.32,-62.32,6741.82,6679.5
365,SOL/INR,1h,SHORT,2025-06-26 11:30:00+05:30,2025-06-27 00:30:00+05:30,144.18,12039.07,146.34,137.69,141.64,11826.62,INTRADAY_SQUAREOFF,0.01,66.8,0.369879,4453.0,78.58,5.21,73.38,73.38,6679.5,6752.88
366,SOL/INR,1h,SHORT,2025-06-27 03:30:00+05:30,2025-06-27 12:30:00+05:30,139.78,11671.27,141.87,133.49,141.94,11852.26,STOP_LOSS,0.01,67.53,0.385727,4501.92,-69.81,5.35,-75.17,-75.17,6752.88,6677.71
367,SOL/INR,1h,SHORT,2025-06-27 18:30:00+05:30,2025-06-27 20:30:00+05:30,141.28,11796.92,143.4,134.92,143.47,11979.86,STOP_LOSS,0.01,66.78,0.37737,4451.81,-69.04,5.29,-74.33,-74.33,6677.71,6603.38
368,SOL/INR,1h,LONG,2025-06-28 15:30:00+05:30,2025-06-29 00:30:00+05:30,147.52,12318.04,145.31,154.16,151.11,12618.08,INTRADAY_SQUAREOFF,0.01,66.03,0.357382,4402.25,107.23,5.26,101.97,101.97,6603.38,6705.35
369,SOL/INR,1h,LONG,2025-06-29 03:30:00+05:30,2025-06-30 00:30:00+05:30,151.03,12610.87,148.76,157.82,151.98,12690.57,INTRADAY_SQUAREOFF,0.01,67.05,0.354475,4470.23,28.25,5.29,22.96,22.96,6705.35,6728.31
370,SOL/INR,1h,LONG,2025-06-30 05:30:00+05:30,2025-06-30 09:30:00+05:30,153.62,12827.14,151.31,160.53,151.24,12628.41,STOP_LOSS,0.01,67.28,0.349692,4485.54,-69.49,5.25,-74.74,-74.74,6728.31,6653.57
371,SOL/INR,1h,LONG,2025-07-01 01:30:00+05:30,2025-07-01 03:30:00+05:30,157.77,13174.12,155.41,164.87,155.33,12970.02,STOP_LOSS,0.01,66.54,0.336699,4435.71,-68.72,5.19,-73.91,-73.91,6653.57,6579.65
372,SOL/INR,1h,SHORT,2025-07-02 00:30:00+05:30,2025-07-02 08:30:00+05:30,146.31,12216.58,148.5,139.72,148.58,12406.03,STOP_LOSS,0.01,65.8,0.359056,4386.44,-68.02,5.22,-73.24,-73.24,6579.65,6506.41
373,SOL/INR,1h,LONG,2025-07-03 11:30:00+05:30,2025-07-03 17:30:00+05:30,155.91,13018.74,153.57,162.93,153.5,12817.05,STOP_LOSS,0.01,65.06,0.333182,4337.61,-67.2,5.08,-72.28,-72.28,6506.41,6434.14
374,SOL/INR,1h,SHORT,2025-07-04 05:30:00+05:30,2025-07-05 00:30:00+05:30,152.18,12706.9,154.46,145.33,146.52,12234.08,INTRADAY_SQUAREOFF,0.01,64.34,0.337566,4289.42,159.61,4.97,154.64,154.64,6434.14,6588.78
375,SOL/INR,1h,SHORT,2025-07-05 19:30:00+05:30,2025-07-06 00:30:00+05:30,147.91,12350.75,150.13,141.26,146.56,12237.81,INTRADAY_SQUAREOFF,0.01,65.89,0.355648,4392.52,40.17,5.16,35.01,35.01,6588.78,6623.78
376,SOL/INR,1h,SHORT,2025-07-06 15:30:00+05:30,2025-07-06 18:30:00+05:30,146.93,12268.7,149.13,140.32,149.21,12458.96,STOP_LOSS,0.01,66.24,0.359928,4415.86,-68.48,5.25,-73.73,-73.73,6623.78,6550.05
377,SOL/INR,1h,LONG,2025-07-06 22:30:00+05:30,2025-07-07 00:30:00+05:30,153.13,12786.27,150.83,160.02,150.76,12588.18,STOP_LOSS,0.01,65.5,0.341515,4366.7,-67.65,5.11,-72.76,-72.76,6550.05,6477.29
378,SOL/INR,1h,LONG,2025-07-07 08:30:00+05:30,2025-07-07 21:30:00+05:30,152.72,12751.79,150.43,159.59,150.35,12554.23,STOP_LOSS,0.01,64.77,0.338634,4318.19,-66.9,5.06,-71.96,-71.96,6477.29,6405.33
379,SOL/INR,1h,SHORT,2025-07-08 08:30:00+05:30,2025-07-08 13:30:00+05:30,147.9,12349.62,150.12,141.24,150.19,12541.13,STOP_LOSS,0.01,64.05,0.345778,4270.22,-66.22,5.08,-71.3,-71.3,6405.33,6334.04
380,SOL/INR,1h,LONG,2025-07-09 05:30:00+05:30,2025-07-10 00:30:00+05:30,151.94,12687.06,149.66,158.78,154.48,12899.24,INTRADAY_SQUAREOFF,0.01,63.34,0.332835,4222.69,70.62,5.02,65.6,65.6,6334.04,6399.63
381,SOL/INR,1h,LONG,2025-07-10 04:30:00+05:30,2025-07-11 00:30:00+05:30,157.95,13188.75,155.58,165.06,159.07,13282.0,INTRADAY_SQUAREOFF,0.01,64.0,0.323489,4266.42,30.16,5.05,25.11,25.11,6399.63,6424.74
382,SOL/INR,1h,LONG,2025-07-11 08:30:00+05:30,2025-07-11 20:30:00+05:30,165.08,13783.9,162.6,172.51,162.52,13570.35,STOP_LOSS,0.01,64.25,0.310737,4283.16,-66.36,5.01,-71.37,-71.37,6424.74,6353.37
383,SOL/INR,1h,SHORT,2025-07-13 02:30:00+05:30,2025-07-13 06:30:00+05:30,159.1,13285.09,161.49,151.94,161.57,13491.11,STOP_LOSS,0.01,63.53,0.318822,4235.58,-65.68,5.04,-70.72,-70.72,6353.37,6282.65
384,SOL/INR,1h,LONG,2025-07-14 13:30:00+05:30,2025-07-14 20:30:00+05:30,167.59,13993.9,165.08,175.13,165.0,13777.1,STOP_LOSS,0.01,62.83,0.299304,4188.43,-64.89,4.9,-69.79,-69.79,6282.65,6212.86
385,SOL/INR,1h,SHORT,2025-07-15 13:30:00+05:30,2025-07-15 19:30:00+05:30,159.46,13314.77,161.85,152.28,161.93,13521.25,STOP_LOSS,0.01,62.13,0.311076,4141.91,-64.23,4.93,-69.16,-69.16,6212.86,6143.7
386,SOL/INR,1h,SHORT,2025-07-16 01:30:00+05:30,2025-07-16 04:30:00+05:30,160.08,13366.4,162.48,152.87,162.56,13573.68,STOP_LOSS,0.01,61.44,0.306425,4095.8,-63.52,4.87,-68.39,-68.39,6143.7,6075.32
387,SOL/INR,1h,LONG,2025-07-16 12:30:00+05:30,2025-07-16 21:30:00+05:30,164.09,13701.16,161.62,171.47,171.38,14310.55,TARGET_HIT,0.01,60.75,0.295611,4050.21,180.14,4.89,175.26,175.26,6075.32,6250.57
388,SOL/INR,1h,LONG,2025-07-17 18:30:00+05:30,2025-07-17 20:30:00+05:30,177.53,14823.69,174.87,185.52,174.78,14594.04,STOP_LOSS,0.01,62.51,0.281107,4167.05,-64.56,4.88,-69.44,-69.44,6250.57,6181.14
389,SOL/INR,1h,LONG,2025-07-18 00:30:00+05:30,2025-07-18 10:30:00+05:30,174.83,14598.2,172.21,182.7,182.6,15247.49,TARGET_HIT,0.01,61.81,0.282278,4120.76,183.28,4.97,178.31,178.31,6181.14,6359.45
390,SOL/INR,1h,LONG,2025-07-18 18:30:00+05:30,2025-07-18 20:30:00+05:30,180.12,15040.05,177.42,188.23,177.33,14807.04,STOP_LOSS,0.01,63.59,0.281889,4239.63,-65.68,4.96,-70.65,-70.65,6359.45,6288.8
391,SOL/INR,1h,LONG,2025-07-20 18:30:00+05:30,2025-07-21 00:30:00+05:30,181.87,15185.86,179.14,190.05,182.24,15216.64,INTRADAY_SQUAREOFF,0.01,62.89,0.276081,4192.53,8.5,4.95,3.55,3.55,6288.8,6292.35
392,SOL/INR,1h,LONG,2025-07-21 08:30:00+05:30,2025-07-21 16:30:00+05:30,184.26,15385.52,181.49,192.55,192.45,16069.83,TARGET_HIT,0.01,62.92,0.272652,4194.9,186.58,5.06,181.52,181.52,6292.35,6473.87
393,SOL/INR,1h,LONG,2025-07-22 03:30:00+05:30,2025-07-23 00:30:00+05:30,196.68,16422.52,193.73,205.53,203.05,16954.42,INTRADAY_SQUAREOFF,0.01,64.74,0.262804,4315.91,139.79,5.18,134.61,134.61,6473.87,6608.48
394,SOL/INR,1h,SHORT,2025-07-23 22:30:00+05:30,2025-07-24 00:30:00+05:30,188.85,15769.29,191.69,180.36,190.25,15886.27,INTRADAY_SQUAREOFF,0.01,66.08,0.279382,4405.65,-32.68,5.22,-37.9,-37.9,6608.48,6570.58
395,SOL/INR,1h,SHORT,2025-07-24 10:30:00+05:30,2025-07-24 19:30:00+05:30,185.61,15498.54,188.4,177.26,188.49,15738.88,STOP_LOSS,0.01,65.71,0.282632,4380.39,-67.93,5.21,-73.14,-73.14,6570.58,6497.44
396,SOL/INR,1h,SHORT,2025-07-25 20:30:00+05:30,2025-07-25 22:30:00+05:30,177.07,14785.13,179.72,169.1,179.81,15014.41,STOP_LOSS,0.01,64.97,0.292972,4331.63,-67.17,5.15,-72.32,-72.32,6497.44,6425.12
397,SOL/INR,1h,LONG,2025-07-26 08:30:00+05:30,2025-07-27 00:30:00+05:30,186.81,15598.67,184.01,195.22,186.09,15538.67,INTRADAY_SQUAREOFF,0.01,64.25,0.274601,4283.41,-16.48,5.04,-21.52,-21.52,6425.12,6403.6
398,SOL/INR,1h,LONG,2025-07-27 16:30:00+05:30,2025-07-27 19:30:00+05:30,188.46,15736.28,185.63,196.94,185.54,15492.49,STOP_LOSS,0.01,64.04,0.271288,4269.06,-66.14,5.0,-71.14,-71.14,6403.6,6332.46
399,SOL/INR,1h,LONG,2025-07-27 23:30:00+05:30,2025-07-28 01:30:00+05:30,188.29,15722.38,185.47,196.77,186.98,15612.54,INTRADAY_SQUAREOFF,0.01,63.32,0.268511,4221.64,-29.49,4.96,-34.46,-34.46,6332.46,6298.0
400,SOL/INR,1h,LONG,2025-07-28 08:30:00+05:30,2025-07-28 19:30:00+05:30,191.94,16026.85,189.06,200.58,188.96,15778.56,STOP_LOSS,0.01,62.98,0.261977,4198.67,-65.05,4.92,-69.96,-69.96,6298.0,6228.04
401,SOL/INR,1h,SHORT,2025-07-29 03:30:00+05:30,2025-07-29 12:30:00+05:30,183.68,15337.65,186.44,175.42,186.53,15575.5,STOP_LOSS,0.01,62.28,0.270708,4152.02,-64.39,4.94,-69.32,-69.32,6228.04,6158.71
402,SOL/INR,1h,SHORT,2025-07-29 15:30:00+05:30,2025-07-30 00:30:00+05:30,184.31,15389.86,187.07,176.02,181.48,15153.83,INTRADAY_SQUAREOFF,0.01,61.59,0.266787,4105.81,62.97,4.81,58.16,58.16,6158.71,6216.87
403,SOL/INR,1h,SHORT,2025-07-30 02:30:00+05:30,2025-07-30 12:30:00+05:30,179.64,15000.2,182.34,171.56,182.43,15232.82,STOP_LOSS,0.01,62.17,0.276302,4144.58,-64.27,4.93,-69.2,-69.2,6216.87,6147.67
404,SOL/INR,1h,SHORT,2025-07-30 15:30:00+05:30,2025-07-31 00:30:00+05:30,178.81,14930.4,181.49,170.76,176.37,14727.12,INTRADAY_SQUAREOFF,0.01,61.48,0.274504,4098.45,55.8,4.8,51.0,51.0,6147.67,6198.67
405,SOL/INR,1h,SHORT,2025-07-31 23:30:00+05:30,2025-08-01 01:30:00+05:30,177.0,14779.89,179.66,169.04,175.22,14630.91,INTRADAY_SQUAREOFF,0.01,61.99,0.279599,4132.45,41.66,4.85,36.8,36.8,6198.67,6235.47
406,SOL/INR,1h,SHORT,2025-08-01 03:30:00+05:30,2025-08-01 19:30:00+05:30,173.18,14460.19,175.77,165.38,165.47,13816.38,TARGET_HIT,0.01,62.35,0.287478,4156.98,185.08,4.8,180.28,180.28,6235.47,6415.76
407,SOL/INR,1h,SHORT,2025-08-02 12:30:00+05:30,2025-08-02 16:30:00+05:30,162.12,13537.43,164.56,154.83,164.64,13747.36,STOP_LOSS,0.01,64.16,0.315952,4277.17,-66.33,5.09,-71.41,-71.41,6415.76,6344.34
408,SOL/INR,1h,SHORT,2025-08-02 20:30:00+05:30,2025-08-03 00:30:00+05:30,162.47,13566.11,164.91,155.16,156.4,13059.44,INTRADAY_SQUAREOFF,0.01,63.44,0.311774,4229.56,157.97,4.9,153.07,153.07,6344.34,6497.41
409,SOL/INR,1h,SHORT,2025-08-03 11:30:00+05:30,2025-08-03 16:30:00+05:30,160.2,13376.79,162.6,152.99,162.69,13584.23,STOP_LOSS,0.01,64.97,0.323815,4331.61,-67.17,5.15,-72.32,-72.32,6497.41,6425.09
410,SOL/INR,1h,SHORT,2025-08-03 19:30:00+05:30,2025-08-04 00:30:00+05:30,160.88,13433.19,163.29,153.64,162.01,13527.45,INTRADAY_SQUAREOFF,0.01,64.25,0.318866,4283.39,-30.05,5.07,-35.13,-35.13,6425.09,6389.96
411,SOL/INR,1h,LONG,2025-08-04 13:30:00+05:30,2025-08-05 00:30:00+05:30,163.31,13636.18,160.86,170.66,166.5,13903.07,INTRADAY_SQUAREOFF,0.01,63.9,0.312402,4259.97,83.38,5.08,78.3,78.3,6389.96,6468.26
412,SOL/INR,1h,LONG,2025-08-05 03:30:00+05:30,2025-08-05 12:30:00+05:30,168.81,14096.03,166.28,176.41,166.2,13877.65,STOP_LOSS,0.01,64.68,0.305914,4312.17,-66.81,5.05,-71.86,-71.86,6468.26,6396.41
413,SOL/INR,1h,LONG,2025-08-05 15:30:00+05:30,2025-08-05 19:30:00+05:30,169.37,14142.76,166.83,177.0,166.75,13923.65,STOP_LOSS,0.01,63.96,0.301516,4264.27,-66.06,4.99,-71.06,-71.06,6396.41,6325.35
414,SOL/INR,1h,SHORT,2025-08-06 01:30:00+05:30,2025-08-06 19:30:00+05:30,162.51,13569.92,164.95,155.2,165.03,13780.36,STOP_LOSS,0.01,63.25,0.310753,4216.9,-65.39,5.01,-70.41,-70.41,6325.35,6254.94
415,SOL/INR,1h,LONG,2025-08-07 11:30:00+05:30,2025-08-08 00:30:00+05:30,168.82,14096.16,166.28,176.41,169.83,14180.4,INTRADAY_SQUAREOFF,0.01,62.55,0.295822,4169.96,24.92,4.94,19.99,19.99,6254.94,6274.93
416,SOL/INR,1h,LONG,2025-08-08 13:30:00+05:30,2025-08-08 20:30:00+05:30,177.71,14838.69,175.04,185.71,174.96,14608.8,STOP_LOSS,0.01,62.75,0.281917,4183.29,-64.81,4.9,-69.71,-69.71,6274.93,6205.22
417,SOL/INR,1h,LONG,2025-08-08 23:30:00+05:30,2025-08-09 01:30:00+05:30,179.35,14975.65,176.66,187.42,178.05,14866.95,INTRADAY_SQUAREOFF,0.01,62.05,0.276236,4136.81,-30.03,4.86,-34.89,-34.89,6205.22,6170.33
418,SOL/INR,1h,LONG,2025-08-09 07:30:00+05:30,2025-08-10 00:30:00+05:30,178.75,14925.94,176.07,186.8,181.93,15191.3,INTRADAY_SQUAREOFF,0.01,61.7,0.275598,4113.55,73.13,4.9,68.24,68.24,6170.33,6238.57
419,SOL/INR,1h,LONG,2025-08-10 06:30:00+05:30,2025-08-10 12:30:00+05:30,182.58,15245.05,179.84,190.79,179.75,15008.86,STOP_LOSS,0.01,62.39,0.272813,4159.04,-64.43,4.87,-69.3,-69.3,6238.57,6169.26
420,SOL/INR,1h,LONG,2025-08-11 10:30:00+05:30,2025-08-11 12:30:00+05:30,186.39,15563.57,183.59,194.78,183.5,15322.45,STOP_LOSS,0.01,61.69,0.264261,4112.84,-63.72,4.82,-68.53,-68.53,6169.26,6100.73
421,SOL/INR,1h,SHORT,2025-08-12 01:30:00+05:30,2025-08-12 18:30:00+05:30,175.83,14681.82,178.47,167.92,178.56,14909.5,STOP_LOSS,0.01,61.01,0.27702,4067.15,-63.07,4.84,-67.91,-67.91,6100.73,6032.82
422,SOL/INR,1h,LONG,2025-08-13 06:30:00+05:30,2025-08-13 18:30:00+05:30,194.51,16241.53,191.59,203.26,203.16,16963.92,TARGET_HIT,0.01,60.33,0.247629,4021.88,178.88,4.85,174.03,174.03,6032.82,6206.85
423,SOL/INR,1h,SHORT,2025-08-15 15:30:00+05:30,2025-08-15 20:30:00+05:30,193.88,16188.78,196.79,185.15,185.25,15468.01,TARGET_HIT,0.01,62.07,0.255603,4137.9,184.23,4.77,179.46,179.46,6206.85,6386.31
424,SOL/INR,1h,SHORT,2025-08-16 11:30:00+05:30,2025-08-16 13:30:00+05:30,186.34,15559.39,189.14,177.95,189.23,15800.67,STOP_LOSS,0.01,63.86,0.273632,4257.54,-66.02,5.06,-71.09,-71.09,6386.31,6315.22
425,SOL/INR,1h,SHORT,2025-08-17 03:30:00+05:30,2025-08-17 07:30:00+05:30,188.56,15744.56,191.39,180.07,191.48,15988.72,STOP_LOSS,0.01,63.15,0.267403,4210.15,-65.29,5.01,-70.3,-70.3,6315.22,6244.93
426,SOL/INR,1h,LONG,2025-08-17 14:30:00+05:30,2025-08-18 00:30:00+05:30,193.54,16160.51,190.64,202.25,192.16,16045.6,INTRADAY_SQUAREOFF,0.01,62.45,0.257621,4163.28,-29.6,4.9,-34.5,-34.5,6244.93,6210.43
427,SOL/INR,1h,SHORT,2025-08-18 12:30:00+05:30,2025-08-18 21:30:00+05:30,180.9,15104.91,183.61,172.76,183.7,15339.15,STOP_LOSS,0.01,62.1,0.274102,4140.28,-64.21,4.92,-69.13,-69.13,6210.43,6141.3
428,SOL/INR,1h,SHORT,2025-08-19 05:30:00+05:30,2025-08-20 00:30:00+05:30,182.82,15265.27,185.56,174.59,176.94,14774.86,INTRADAY_SQUAREOFF,0.01,61.41,0.268203,4094.2,131.53,4.75,126.78,126.78,6141.3,6268.07
429,SOL/INR,1h,SHORT,2025-08-20 05:30:00+05:30,2025-08-20 07:30:00+05:30,176.03,14698.16,178.67,168.1,178.76,14926.09,STOP_LOSS,0.01,62.68,0.284302,4178.72,-64.8,4.97,-69.77,-69.77,6268.07,6198.3
430,SOL/INR,1h,SHORT,2025-08-20 19:30:00+05:30,2025-08-20 21:30:00+05:30,178.91,14938.67,181.59,170.86,181.68,15170.33,STOP_LOSS,0.01,61.98,0.276611,4132.2,-64.08,4.91,-68.99,-68.99,6198.3,6129.31
431,SOL/INR,1h,LONG,2025-08-21 01:30:00+05:30,2025-08-21 14:30:00+05:30,187.66,15669.77,184.85,196.11,184.75,15427.01,STOP_LOSS,0.01,61.29,0.26077,4086.21,-63.31,4.78,-68.09,-68.09,6129.31,6061.22
432,SOL/INR,1h,SHORT,2025-08-22 01:30:00+05:30,2025-08-22 07:30:00+05:30,179.94,15024.66,182.64,171.84,182.73,15257.65,STOP_LOSS,0.01,60.61,0.268945,4040.81,-62.66,4.81,-67.47,-67.47,6061.22,5993.75
433,SOL/INR,1h,SHORT,2025-08-22 09:30:00+05:30,2025-08-22 12:30:00+05:30,181.39,15146.15,184.11,173.23,184.2,15381.03,STOP_LOSS,0.01,59.94,0.263818,3995.83,-61.97,4.75,-66.72,-66.72,5993.75,5927.03
434,SOL/INR,1h,SHORT,2025-08-22 16:30:00+05:30,2025-08-22 19:30:00+05:30,180.97,15110.83,183.68,172.82,183.77,15345.16,STOP_LOSS,0.01,59.27,0.261492,3951.36,-61.28,4.7,-65.97,-65.97,5927.03,5861.06
435,SOL/INR,1h,LONG,2025-08-23 01:30:00+05:30,2025-08-23 07:30:00+05:30,199.2,16632.94,196.21,208.16,196.11,16375.26,STOP_LOSS,0.01,58.61,0.234918,3907.37,-60.53,4.57,-65.11,-65.11,5861.06,5795.95
436,SOL/INR,1h,LONG,2025-08-23 09:30:00+05:30,2025-08-23 11:30:00+05:30,198.5,16574.75,195.52,207.43,207.33,17311.95,TARGET_HIT,0.01,57.96,0.233124,3863.97,171.86,4.66,167.2,167.2,5795.95,5963.15
437,SOL/INR,1h,LONG,2025-08-23 20:30:00+05:30,2025-08-24 00:30:00+05:30,203.08,16957.22,200.03,212.22,203.77,17014.63,INTRADAY_SQUAREOFF,0.01,59.63,0.234439,3975.43,13.46,4.7,8.76,8.76,5963.15,5971.91
438,SOL/INR,1h,LONG,2025-08-24 14:30:00+05:30,2025-08-24 16:30:00+05:30,208.1,17376.26,204.98,217.46,204.88,17107.06,STOP_LOSS,0.01,59.72,0.229121,3981.27,-61.68,4.66,-66.34,-66.34,5971.91,5905.57
439,SOL/INR,1h,SHORT,2025-08-25 21:30:00+05:30,2025-08-26 00:30:00+05:30,196.34,16394.15,199.28,187.5,196.76,16429.51,INTRADAY_SQUAREOFF,0.01,59.06,0.240149,3937.04,-8.49,4.65,-13.14,-13.14,5905.57,5892.43
440,SOL/INR,1h,SHORT,2025-08-26 06:30:00+05:30,2025-08-26 10:30:00+05:30,186.18,15545.63,188.97,177.8,189.06,15786.7,STOP_LOSS,0.01,58.92,0.252694,3928.28,-60.92,4.67,-65.59,-65.59,5892.43,5826.84
441,SOL/INR,1h,SHORT,2025-08-26 12:30:00+05:30,2025-08-26 17:30:00+05:30,187.51,15656.84,190.32,179.07,190.41,15899.64,STOP_LOSS,0.01,58.27,0.248106,3884.56,-60.24,4.62,-64.86,-64.86,5826.84,5761.98
442,SOL/INR,1h,LONG,2025-08-27 08:30:00+05:30,2025-08-27 20:30:00+05:30,199.56,16662.95,196.56,208.54,208.43,17404.08,TARGET_HIT,0.01,57.62,0.23053,3841.32,170.85,4.63,166.22,166.22,5761.98,5928.2
443,SOL/INR,1h,LONG,2025-08-28 20:30:00+05:30,2025-08-28 22:30:00+05:30,215.51,17995.25,212.28,225.21,212.17,17716.46,STOP_LOSS,0.01,59.28,0.219621,3952.13,-61.23,4.63,-65.86,-65.86,5928.2,5862.34
444,SOL/INR,1h,LONG,2025-08-29 02:30:00+05:30,2025-08-29 12:30:00+05:30,213.61,17836.53,210.41,223.22,210.3,17560.2,STOP_LOSS,0.01,58.62,0.219114,3908.23,-60.55,4.58,-65.12,-65.12,5862.34,5797.22
445,SOL/INR,1h,SHORT,2025-08-29 21:30:00+05:30,2025-08-30 00:30:00+05:30,205.58,17166.2,208.67,196.33,202.28,16890.39,INTRADAY_SQUAREOFF,0.01,57.97,0.225141,3864.81,62.1,4.52,57.57,57.57,5797.22,5854.79
446,SOL/INR,1h,SHORT,2025-08-30 02:30:00+05:30,2025-08-30 04:30:00+05:30,201.21,16800.85,204.23,192.15,204.33,17061.39,STOP_LOSS,0.01,58.55,0.232321,3903.19,-60.53,4.64,-65.17,-65.17,5854.79,5789.62
447,SOL/INR,1h,SHORT,2025-08-30 07:30:00+05:30,2025-08-30 09:30:00+05:30,201.72,16843.45,204.74,192.64,204.85,17104.65,STOP_LOSS,0.01,57.9,0.229154,3859.75,-59.86,4.59,-64.44,-64.44,5789.62,5725.17
448,SOL/INR,1h,SHORT,2025-08-30 14:30:00+05:30,2025-08-31 00:30:00+05:30,203.23,16970.04,206.28,194.09,201.25,16804.52,INTRADAY_SQUAREOFF,0.01,57.25,0.224913,3816.78,37.23,4.48,32.75,32.75,5725.17,5757.92
449,SOL/INR,1h,LONG,2025-08-31 14:30:00+05:30,2025-08-31 18:30:00+05:30,205.56,17164.28,202.48,214.81,202.38,16898.36,STOP_LOSS,0.01,57.58,0.22364,3838.61,-59.47,4.49,-63.96,-63.96,5757.92,5693.96
450,SOL/INR,1h,LONG,2025-08-31 21:30:00+05:30,2025-09-01 00:30:00+05:30,204.67,17090.32,201.6,213.88,205.45,17155.27,INTRADAY_SQUAREOFF,0.01,56.94,0.222112,3795.97,14.43,4.49,9.94,9.94,5693.96,5703.89
451,SOL/INR,1h,SHORT,2025-09-01 15:30:00+05:30,2025-09-02 00:30:00+05:30,201.25,16804.61,204.27,192.2,199.34,16644.64,INTRADAY_SQUAREOFF,0.01,57.04,0.226283,3802.6,36.2,4.47,31.73,31.73,5703.89,5735.63
452,SOL/INR,1h,SHORT,2025-09-02 02:30:00+05:30,2025-09-02 06:30:00+05:30,196.94,16444.84,199.9,188.08,200.0,16699.86,STOP_LOSS,0.01,57.36,0.23252,3823.75,-59.3,4.55,-63.84,-63.84,5735.63,5671.78
453,SOL/INR,1h,LONG,2025-09-03 07:30:00+05:30,2025-09-04 00:30:00+05:30,211.08,17624.86,207.91,220.57,209.38,17482.99,INTRADAY_SQUAREOFF,0.01,56.72,0.214537,3781.19,-30.44,4.44,-34.88,-34.88,5671.78,5636.9
454,SOL/INR,1h,LONG,2025-09-04 05:30:00+05:30,2025-09-04 09:30:00+05:30,210.86,17606.99,207.7,220.35,207.6,17334.22,STOP_LOSS,0.01,56.37,0.213434,3757.93,-58.22,4.4,-62.62,-62.62,5636.9,5574.28
455,SOL/INR,1h,SHORT,2025-09-05 00:30:00+05:30,2025-09-05 12:30:00+05:30,202.79,16933.21,205.83,193.67,205.94,17195.8,STOP_LOSS,0.01,55.74,0.219462,3716.19,-57.63,4.42,-62.05,-62.05,5574.28,5512.23
456,SOL/INR,1h,LONG,2025-09-05 18:30:00+05:30,2025-09-05 20:30:00+05:30,209.31,17477.44,206.17,218.73,206.07,17206.67,STOP_LOSS,0.01,55.12,0.210261,3674.82,-56.93,4.3,-61.23,-61.23,5512.23,5451.0
457,SOL/INR,1h,SHORT,2025-09-06 03:30:00+05:30,2025-09-07 00:30:00+05:30,203.06,16955.92,206.11,193.93,200.12,16709.79,INTRADAY_SQUAREOFF,0.01,54.51,0.21432,3634.0,52.75,4.26,48.49,48.49,5451.0,5499.49
458,SOL/INR,1h,SHORT,2025-09-07 04:30:00+05:30,2025-09-07 10:30:00+05:30,200.11,16708.96,203.11,191.1,203.21,16968.08,STOP_LOSS,0.01,54.99,0.219423,3666.33,-56.86,4.36,-61.22,-61.22,5499.49,5438.28
459,SOL/INR,1h,LONG,2025-09-07 21:30:00+05:30,2025-09-07 23:30:00+05:30,205.41,17151.62,202.33,214.65,202.23,16885.89,STOP_LOSS,0.01,54.38,0.211381,3625.52,-56.17,4.24,-60.41,-60.41,5438.28,5377.86
460,SOL/INR,1h,LONG,2025-09-08 07:30:00+05:30,2025-09-08 22:30:00+05:30,207.19,17299.96,204.08,216.51,216.4,18069.41,TARGET_HIT,0.01,53.78,0.20724,3585.24,159.46,4.32,155.14,155.14,5377.86,5533.0
461,SOL/INR,1h,LONG,2025-09-09 09:30:00+05:30,2025-09-10 00:30:00+05:30,214.28,17892.79,211.07,223.93,216.31,18061.79,INTRADAY_SQUAREOFF,0.01,55.33,0.206154,3688.67,34.84,4.37,30.47,30.47,5533.0,5563.47
462,SOL/INR,1h,LONG,2025-09-10 12:30:00+05:30,2025-09-11 00:30:00+05:30,219.61,18337.32,216.31,229.49,222.44,18573.89,INTRADAY_SQUAREOFF,0.01,55.63,0.202264,3708.98,47.85,4.4,43.44,43.44,5563.47,5606.91
463,SOL/INR,1h,LONG,2025-09-11 03:30:00+05:30,2025-09-12 00:30:00+05:30,223.6,18670.95,220.25,233.67,226.21,18888.8,INTRADAY_SQUAREOFF,0.01,56.07,0.200201,3737.94,43.61,4.44,39.18,39.18,5606.91,5646.09
464,SOL/INR,1h,LONG,2025-09-12 03:30:00+05:30,2025-09-12 09:30:00+05:30,227.02,18955.81,223.61,237.23,237.11,19798.92,TARGET_HIT,0.01,56.46,0.19857,3764.06,167.42,4.54,162.88,162.88,5646.09,5808.96
465,SOL/INR,1h,LONG,2025-09-12 16:30:00+05:30,2025-09-13 00:30:00+05:30,239.17,19970.82,235.58,249.93,240.59,20089.31,INTRADAY_SQUAREOFF,0.01,58.09,0.193915,3872.64,22.98,4.58,18.39,18.39,5808.96,5827.36
466,SOL/INR,1h,LONG,2025-09-13 05:30:00+05:30,2025-09-13 20:30:00+05:30,242.76,20270.59,239.12,253.69,239.0,19956.55,STOP_LOSS,0.01,58.27,0.191652,3884.91,-60.19,4.55,-64.74,-64.74,5827.36,5762.62
467,SOL/INR,1h,LONG,2025-09-14 11:30:00+05:30,2025-09-14 18:30:00+05:30,248.09,20715.23,244.37,259.25,244.24,20394.3,STOP_LOSS,0.01,57.63,0.185455,3841.75,-59.52,4.5,-64.02,-64.02,5762.62,5698.61
468,SOL/INR,1h,LONG,2025-09-15 03:30:00+05:30,2025-09-15 05:30:00+05:30,244.31,20400.16,240.65,255.31,240.53,20084.11,STOP_LOSS,0.01,56.99,0.186228,3799.07,-58.86,4.45,-63.31,-63.31,5698.61,5635.3
469,SOL/INR,1h,SHORT,2025-09-15 12:30:00+05:30,2025-09-16 00:30:00+05:30,240.15,20052.63,243.75,229.34,233.58,19503.57,INTRADAY_SQUAREOFF,0.01,56.35,0.18735,3756.87,102.87,4.37,98.49,98.49,5635.3,5733.8
470,SOL/INR,1h,SHORT,2025-09-16 06:30:00+05:30,2025-09-16 10:30:00+05:30,233.05,19460.04,236.55,222.57,236.67,19761.82,STOP_LOSS,0.01,57.34,0.19643,3822.53,-59.28,4.55,-63.82,-63.82,5733.8,5669.97
471,SOL/INR,1h,SHORT,2025-09-16 15:30:00+05:30,2025-09-16 22:30:00+05:30,235.07,19628.33,238.6,224.49,238.72,19932.72,STOP_LOSS,0.01,56.7,0.192578,3779.98,-58.62,4.49,-63.11,-63.11,5669.97,5606.86
472,SOL/INR,1h,LONG,2025-09-18 07:30:00+05:30,2025-09-18 11:30:00+05:30,247.37,20655.19,243.66,258.5,243.54,20335.19,STOP_LOSS,0.01,56.07,0.180967,3737.91,-57.91,4.38,-62.29,-62.29,5606.86,5544.57
473,SOL/INR,1h,LONG,2025-09-18 14:30:00+05:30,2025-09-19 00:30:00+05:30,247.12,20634.71,243.42,258.24,250.45,20912.73,INTRADAY_SQUAREOFF,0.01,55.45,0.179134,3696.38,49.8,4.39,45.41,45.41,5544.57,5589.98
474,SOL/INR,1h,SHORT,2025-09-19 20:30:00+05:30,2025-09-20 00:30:00+05:30,239.56,20003.53,243.16,228.78,237.02,19791.33,INTRADAY_SQUAREOFF,0.01,55.9,0.1863,3726.66,39.53,4.37,35.16,35.16,5589.98,5625.14
475,SOL/INR,1h,SHORT,2025-09-20 09:30:00+05:30,2025-09-21 00:30:00+05:30,237.99,19872.27,241.56,227.28,238.68,19930.07,INTRADAY_SQUAREOFF,0.01,56.25,0.18871,3750.1,-10.91,4.43,-15.34,-15.34,5625.14,5609.81
476,SOL/INR,1h,SHORT,2025-09-22 06:30:00+05:30,2025-09-22 11:30:00+05:30,232.23,19391.47,235.72,221.78,221.89,18528.12,TARGET_HIT,0.01,56.1,0.192862,3739.87,166.51,4.31,162.19,162.19,5609.81,5772.0
477,SOL/INR,1h,SHORT,2025-09-22 20:30:00+05:30,2025-09-23 00:30:00+05:30,221.39,18486.39,224.71,211.43,220.0,18369.59,INTRADAY_SQUAREOFF,0.01,57.72,0.208153,3848.0,24.31,4.53,19.79,19.79,5772.0,5791.79
478,SOL/INR,1h,SHORT,2025-09-23 06:30:00+05:30,2025-09-24 00:30:00+05:30,219.68,18342.88,222.97,209.79,215.82,18020.96,INTRADAY_SQUAREOFF,0.01,57.92,0.210501,3861.19,67.77,4.52,63.25,63.25,5791.79,5855.04
479,SOL/INR,1h,SHORT,2025-09-24 05:30:00+05:30,2025-09-25 00:30:00+05:30,213.57,17832.89,216.77,203.96,214.12,17879.3,INTRADAY_SQUAREOFF,0.01,58.55,0.218885,3903.36,-10.16,4.61,-14.77,-14.77,5855.04,5840.27
480,SOL/INR,1h,SHORT,2025-09-25 09:30:00+05:30,2025-09-25 22:30:00+05:30,206.64,17254.22,209.74,197.34,197.44,16486.02,TARGET_HIT,0.01,58.4,0.225656,3893.51,173.35,4.49,168.86,168.86,5840.27,6009.12
481,SOL/INR,1h,SHORT,2025-09-26 04:30:00+05:30,2025-09-26 07:30:00+05:30,194.16,16211.98,197.07,185.42,197.17,16463.38,STOP_LOSS,0.01,60.09,0.247106,4006.08,-62.12,4.76,-66.89,-66.89,6009.12,5942.24
482,SOL/INR,1h,SHORT,2025-09-26 10:30:00+05:30,2025-09-26 21:30:00+05:30,195.36,16312.39,198.29,186.57,198.39,16565.35,STOP_LOSS,0.01,59.42,0.242852,3961.49,-61.43,4.71,-66.14,-66.14,5942.24,5876.09
483,SOL/INR,1h,LONG,2025-09-27 03:30:00+05:30,2025-09-28 00:30:00+05:30,202.5,16908.85,199.46,211.61,201.62,16835.59,INTRADAY_SQUAREOFF,0.01,58.76,0.231677,3917.39,-16.97,4.61,-21.58,-21.58,5876.09,5854.51
484,SOL/INR,1h,LONG,2025-09-29 04:30:00+05:30,2025-09-29 16:30:00+05:30,209.95,17531.02,206.8,219.4,206.7,17259.42,STOP_LOSS,0.01,58.55,0.222634,3903.0,-60.47,4.57,-65.04,-65.04,5854.51,5789.47
485,SOL/INR,1h,LONG,2025-09-30 01:30:00+05:30,2025-09-30 10:30:00+05:30,213.0,17785.9,209.81,222.59,209.7,17510.35,STOP_LOSS,0.01,57.89,0.217006,3859.65,-59.8,4.52,-64.31,-64.31,5789.47,5725.16
486,SOL/INR,1h,SHORT,2025-09-30 21:30:00+05:30,2025-10-01 00:30:00+05:30,205.04,17120.56,208.11,195.81,208.22,17386.05,STOP_LOSS,0.01,57.25,0.222935,3816.77,-59.19,4.54,-63.73,-63.73,5725.16,5661.43
487,SOL/INR,1h,LONG,2025-10-01 19:30:00+05:30,2025-10-02 00:30:00+05:30,219.78,18351.44,216.48,229.67,219.12,18296.32,INTRADAY_SQUAREOFF,0.01,56.61,0.205667,3774.29,-11.34,4.45,-15.78,-15.78,5661.43,5645.65
488,SOL/INR,1h,LONG,2025-10-02 05:30:00+05:30,2025-10-02 23:30:00+05:30,221.79,18519.87,218.47,231.78,231.66,19343.59,TARGET_HIT,0.01,56.46,0.203228,3763.76,167.4,4.54,162.86,162.86,5645.65,5808.51
489,SOL/INR,1h,LONG,2025-10-03 05:30:00+05:30,2025-10-03 07:30:00+05:30,234.97,19619.83,231.44,245.54,231.33,19315.86,STOP_LOSS,0.01,58.09,0.197369,3872.34,-59.99,4.53,-64.53,-64.53,5808.51,5743.98
490,SOL/INR,1h,LONG,2025-10-03 21:30:00+05:30,2025-10-03 23:30:00+05:30,235.18,19637.8,231.66,245.77,231.54,19333.56,STOP_LOSS,0.01,57.44,0.194997,3829.32,-59.33,4.48,-63.81,-63.81,5743.98,5680.17
491,SOL/INR,1h,SHORT,2025-10-04 20:30:00+05:30,2025-10-05 00:30:00+05:30,226.9,18946.38,230.31,216.69,226.25,18892.23,INTRADAY_SQUAREOFF,0.01,56.8,0.199868,3786.78,10.82,4.46,6.36,6.36,5680.17,5686.53
492,SOL/INR,1h,SHORT,2025-10-05 06:30:00+05:30,2025-10-05 08:30:00+05:30,226.8,18937.4,230.2,216.59,230.31,19231.08,STOP_LOSS,0.01,56.87,0.200187,3791.02,-58.79,4.51,-63.3,-63.3,5686.53,5623.24
493,SOL/INR,1h,LONG,2025-10-05 10:30:00+05:30,2025-10-05 16:30:00+05:30,234.56,19585.62,231.04,245.11,230.92,19282.19,STOP_LOSS,0.01,56.23,0.191407,3748.82,-58.08,4.39,-62.47,-62.47,5623.24,5560.77
494,SOL/INR,1h,LONG,2025-10-06 21:30:00+05:30,2025-10-07 00:30:00+05:30,236.33,19733.94,232.79,246.97,236.64,19759.27,INTRADAY_SQUAREOFF,0.01,55.61,0.187858,3707.18,4.76,4.38,0.38,0.38,5560.77,5561.15
495,SOL/INR,1h,SHORT,2025-10-08 00:30:00+05:30,2025-10-08 22:30:00+05:30,221.5,18495.29,224.82,211.53,224.94,18782.1,STOP_LOSS,0.01,55.61,0.200453,3707.43,-57.49,4.41,-61.9,-61.9,5561.15,5499.25
496,SOL/INR,1h,SHORT,2025-10-09 21:30:00+05:30,2025-10-10 00:30:00+05:30,219.1,18294.73,222.39,209.24,217.8,18186.19,INTRADAY_SQUAREOFF,0.01,54.99,0.200395,3666.17,21.75,4.31,17.44,17.44,5499.25,5516.69
497,SOL/INR,1h,SHORT,2025-10-10 08:30:00+05:30,2025-10-10 18:30:00+05:30,220.2,18386.37,223.5,210.29,223.61,18671.49,STOP_LOSS,0.01,55.17,0.200028,3677.79,-57.03,4.37,-61.41,-61.41,5516.69,5455.28
498,SOL/INR,1h,SHORT,2025-10-10 21:30:00+05:30,2025-10-11 00:30:00+05:30,210.19,17550.74,213.34,200.73,208.01,17369.09,INTRADAY_SQUAREOFF,0.01,54.55,0.207219,3636.85,37.64,4.27,33.37,33.37,5455.28,5488.65
499,SOL/INR,1h,SHORT,2025-10-11 07:30:00+05:30,2025-10-11 09:30:00+05:30,183.07,15286.46,185.82,174.83,185.91,15523.51,STOP_LOSS,0.01,54.89,0.239369,3659.1,-56.74,4.35,-61.09,-61.09,5488.65,5427.56
500,SOL/INR,1h,SHORT,2025-10-12 00:30:00+05:30,2025-10-12 02:30:00+05:30,182.52,15240.71,185.26,174.31,174.4,14562.15,TARGET_HIT,0.01,54.28,0.237415,3618.37,161.1,4.17,156.92,156.92,5427.56,5584.48
501,SOL/INR,1h,SHORT,2025-10-12 06:30:00+05:30,2025-10-12 08:30:00+05:30,173.46,14484.15,176.06,165.66,176.15,14708.76,STOP_LOSS,0.01,55.84,0.257039,3722.99,-57.73,4.43,-62.16,-62.16,5584.48,5522.32
502,SOL/INR,1h,LONG,2025-10-13 01:30:00+05:30,2025-10-13 16:30:00+05:30,196.22,16384.34,193.28,205.05,193.18,16130.5,STOP_LOSS,0.01,55.22,0.224699,3681.55,-57.04,4.31,-61.35,-61.35,5522.32,5460.97
503,SOL/INR,1h,LONG,2025-10-13 19:30:00+05:30,2025-10-13 23:30:00+05:30,196.74,16428.01,193.79,205.6,205.49,17158.68,TARGET_HIT,0.01,54.61,0.221612,3640.65,161.93,4.39,157.54,157.54,5460.97,5618.51
504,SOL/INR,1h,SHORT,2025-10-14 18:30:00+05:30,2025-10-14 20:30:00+05:30,192.82,16100.65,195.71,184.15,195.81,16350.33,STOP_LOSS,0.01,56.19,0.232641,3745.67,-58.09,4.45,-62.54,-62.54,5618.51,5555.97
505,SOL/INR,1h,SHORT,2025-10-16 01:30:00+05:30,2025-10-16 17:30:00+05:30,194.68,16255.43,197.6,185.92,197.69,16507.51,STOP_LOSS,0.01,55.56,0.227861,3703.98,-57.44,4.4,-61.84,-61.84,5555.97,5494.12
506,SOL/INR,1h,SHORT,2025-10-17 01:30:00+05:30,2025-10-17 13:30:00+05:30,184.88,15437.5,187.65,176.56,176.65,14750.18,TARGET_HIT,0.01,54.94,0.237263,3662.75,163.07,4.23,158.85,158.85,5494.12,5652.97
507,SOL/INR,1h,LONG,2025-10-19 00:30:00+05:30,2025-10-20 00:30:00+05:30,186.12,15540.88,183.33,194.49,190.09,15872.22,INTRADAY_SQUAREOFF,0.01,56.53,0.242499,3768.65,80.35,4.49,75.86,75.86,5652.97,5728.83
508,SOL/INR,1h,LONG,2025-10-20 04:30:00+05:30,2025-10-20 06:30:00+05:30,190.18,15880.19,187.33,198.74,187.24,15634.16,STOP_LOSS,0.01,57.29,0.240502,3819.22,-59.17,4.47,-63.64,-63.64,5728.83,5665.19
509,SOL/INR,1h,SHORT,2025-10-21 19:30:00+05:30,2025-10-21 21:30:00+05:30,184.59,15412.94,187.35,176.28,187.45,15651.96,STOP_LOSS,0.01,56.65,0.24504,3776.79,-58.57,4.49,-63.06,-63.06,5665.19,5602.13
510,SOL/INR,1h,SHORT,2025-10-22 23:30:00+05:30,2025-10-23 01:30:00+05:30,181.5,15155.65,184.23,173.34,180.49,15071.11,INTRADAY_SQUAREOFF,0.01,56.02,0.246426,3734.75,20.83,4.39,16.44,16.44,5602.13,5618.57
511,SOL/INR,1h,LONG,2025-10-23 15:30:00+05:30,2025-10-24 00:30:00+05:30,188.71,15757.63,185.88,197.21,191.51,15991.15,INTRADAY_SQUAREOFF,0.01,56.19,0.237708,3745.71,55.51,4.45,51.06,51.06,5618.57,5669.62
512,SOL/INR,1h,LONG,2025-10-24 04:30:00+05:30,2025-10-25 00:30:00+05:30,190.58,15913.18,187.72,199.15,191.69,16006.36,INTRADAY_SQUAREOFF,0.01,56.7,0.237523,3779.75,22.13,4.47,17.66,17.66,5669.62,5687.28
513,SOL/INR,1h,LONG,2025-10-25 10:30:00+05:30,2025-10-26 00:30:00+05:30,194.49,16239.93,191.57,203.24,194.01,16200.11,INTRADAY_SQUAREOFF,0.01,56.87,0.233469,3791.52,-9.3,4.47,-13.77,-13.77,5687.28,5673.52
514,SOL/INR,1h,LONG,2025-10-26 17:30:00+05:30,2025-10-27 00:30:00+05:30,197.71,16508.42,194.74,206.6,199.13,16627.44,INTRADAY_SQUAREOFF,0.01,56.74,0.229116,3782.34,27.27,4.48,22.79,22.79,5673.52,5696.31
515,SOL/INR,1h,LONG,2025-10-27 04:30:00+05:30,2025-10-28 00:30:00+05:30,200.58,16748.57,197.57,209.61,201.72,16843.65,INTRADAY_SQUAREOFF,0.01,56.96,0.226738,3797.54,21.56,4.49,17.06,17.06,5696.31,5713.37
516,SOL/INR,1h,SHORT,2025-10-28 11:30:00+05:30,2025-10-28 13:30:00+05:30,198.86,16604.75,201.84,189.91,201.94,16862.25,STOP_LOSS,0.01,57.13,0.229387,3808.91,-59.07,4.53,-63.6,-63.6,5713.37,5649.77
517,SOL/INR,1h,SHORT,2025-10-29 14:30:00+05:30,2025-10-29 16:30:00+05:30,194.23,16218.61,197.15,185.49,197.25,16470.12,STOP_LOSS,0.01,56.5,0.232234,3766.52,-58.41,4.48,-62.89,-62.89,5649.77,5586.89
518,SOL/INR,1h,SHORT,2025-10-30 10:30:00+05:30,2025-10-30 12:30:00+05:30,190.77,15928.92,193.63,182.18,193.72,16175.93,STOP_LOSS,0.01,55.87,0.233826,3724.59,-57.76,4.43,-62.19,-62.19,5586.89,5524.7
519,SOL/INR,1h,SHORT,2025-10-30 15:30:00+05:30,2025-10-30 22:30:00+05:30,192.3,16057.23,195.19,183.65,183.74,15342.32,TARGET_HIT,0.01,55.25,0.229375,3683.13,163.98,4.25,159.73,159.73,5524.7,5684.43
520,SOL/INR,1h,SHORT,2025-11-03 11:30:00+05:30,2025-11-03 20:30:00+05:30,176.64,14749.25,179.29,168.69,168.77,14092.57,TARGET_HIT,0.01,56.84,0.256937,3789.62,168.72,4.37,164.35,164.35,5684.43,5848.78
521,SOL/INR,1h,SHORT,2025-11-04 00:30:00+05:30,2025-11-04 10:30:00+05:30,167.89,14018.59,170.41,160.33,160.41,13394.45,TARGET_HIT,0.01,58.49,0.278144,3899.19,173.6,4.5,169.1,169.1,5848.78,6017.88
522,SOL/INR,1h,SHORT,2025-11-04 22:30:00+05:30,2025-11-05 00:30:00+05:30,156.65,13080.4,159.0,149.6,156.34,13054.04,INTRADAY_SQUAREOFF,0.01,60.18,0.306713,4011.92,8.08,4.73,3.35,3.35,6017.88,6021.24
523,SOL/INR,1h,SHORT,2025-11-05 13:30:00+05:30,2025-11-05 17:30:00+05:30,155.73,13003.14,158.06,148.72,158.14,13204.79,STOP_LOSS,0.01,60.21,0.308707,4014.16,-62.25,4.77,-67.02,-67.02,6021.24,5954.22
524,SOL/INR,1h,LONG,2025-11-06 08:30:00+05:30,2025-11-06 10:30:00+05:30,162.1,13535.61,159.67,169.4,159.59,13325.91,STOP_LOSS,0.01,59.54,0.293262,3969.48,-61.5,4.65,-66.14,-66.14,5954.22,5888.07
525,SOL/INR,1h,SHORT,2025-11-07 02:30:00+05:30,2025-11-07 07:30:00+05:30,154.82,12927.11,157.14,147.85,157.22,13127.58,STOP_LOSS,0.01,58.88,0.303655,3925.38,-60.87,4.67,-65.54,-65.54,5888.07,5822.53
526,SOL/INR,1h,SHORT,2025-11-07 15:30:00+05:30,2025-11-07 21:30:00+05:30,154.24,12878.72,156.55,147.3,156.63,13078.44,STOP_LOSS,0.01,58.23,0.301403,3881.69,-60.2,4.62,-64.81,-64.81,5822.53,5757.72
527,SOL/INR,1h,LONG,2025-11-08 14:30:00+05:30,2025-11-08 16:30:00+05:30,161.82,13511.76,159.39,169.1,159.31,13302.43,STOP_LOSS,0.01,57.58,0.284084,3838.48,-59.47,4.49,-63.96,-63.96,5757.72,5693.76
528,SOL/INR,1h,SHORT,2025-11-09 06:30:00+05:30,2025-11-09 11:30:00+05:30,156.54,13070.98,158.89,149.49,158.97,13273.68,STOP_LOSS,0.01,56.94,0.290402,3795.84,-58.86,4.51,-63.38,-63.38,5693.76,5630.38
529,SOL/INR,1h,LONG,2025-11-10 00:30:00+05:30,2025-11-11 00:30:00+05:30,163.83,13679.84,161.37,171.2,166.03,13863.85,INTRADAY_SQUAREOFF,0.01,56.3,0.274388,3753.59,50.49,4.46,46.03,46.03,5630.38,5676.41
530,SOL/INR,1h,LONG,2025-11-11 08:30:00+05:30,2025-11-11 10:30:00+05:30,170.79,14260.71,168.23,178.47,168.14,14039.77,STOP_LOSS,0.01,56.76,0.265364,3784.27,-58.63,4.43,-63.06,-63.06,5676.41,5613.35
531,SOL/INR,1h,SHORT,2025-11-12 05:30:00+05:30,2025-11-12 13:30:00+05:30,154.19,12874.82,156.5,147.25,156.58,13074.47,STOP_LOSS,0.01,56.13,0.290663,3742.23,-58.03,4.45,-62.48,-62.48,5613.35,5550.87
532,SOL/INR,1h,SHORT,2025-11-13 06:30:00+05:30,2025-11-13 08:30:00+05:30,152.73,12752.93,155.02,145.86,155.1,12950.69,STOP_LOSS,0.01,55.51,0.290175,3700.58,-57.39,4.4,-61.79,-61.79,5550.87,5489.08
533,SOL/INR,1h,SHORT,2025-11-14 06:30:00+05:30,2025-11-14 17:30:00+05:30,143.2,11957.61,145.35,136.76,136.83,11425.23,TARGET_HIT,0.01,54.89,0.30603,3659.39,162.93,4.22,158.7,158.7,5489.08,5647.78
534,SOL/INR,1h,SHORT,2025-11-14 23:30:00+05:30,2025-11-15 01:30:00+05:30,141.0,11773.33,143.11,134.65,142.96,11936.91,INTRADAY_SQUAREOFF,0.01,56.48,0.319807,3765.19,-52.31,4.47,-56.79,-56.79,5647.78,5591.0
535,SOL/INR,1h,SHORT,2025-11-15 14:30:00+05:30,2025-11-15 22:30:00+05:30,140.56,11736.41,142.66,134.23,142.74,11918.42,STOP_LOSS,0.01,55.91,0.317587,3727.33,-57.8,4.43,-62.23,-62.23,5591.0,5528.76
536,SOL/INR,1h,SHORT,2025-11-16 19:30:00+05:30,2025-11-17 00:30:00+05:30,139.02,11608.2,141.11,132.76,135.67,11328.75,INTRADAY_SQUAREOFF,0.01,55.29,0.317521,3685.84,88.73,4.3,84.43,84.43,5528.76,5613.2
537,SOL/INR,1h,SHORT,2025-11-21 21:30:00+05:30,2025-11-21 23:30:00+05:30,125.14,10448.88,127.01,119.51,127.08,10610.92,STOP_LOSS,0.01,56.13,0.358137,3742.13,-58.03,4.45,-62.48,-62.48,5613.2,5550.72
538,SOL/INR,1h,SHORT,2025-11-22 04:30:00+05:30,2025-11-22 06:30:00+05:30,125.6,10487.53,127.48,119.95,127.55,10650.17,STOP_LOSS,0.01,55.51,0.352845,3700.48,-57.39,4.4,-61.79,-61.79,5550.72,5488.93
539,SOL/INR,1h,SHORT,2025-11-22 08:30:00+05:30,2025-11-23 00:30:00+05:30,127.58,10652.85,129.49,121.84,127.76,10668.0,INTRADAY_SQUAREOFF,0.01,54.89,0.343503,3659.29,-5.2,4.32,-9.53,-9.53,5488.93,5479.4
540,SOL/INR,1h,LONG,2025-11-23 14:30:00+05:30,2025-11-24 00:30:00+05:30,129.61,10822.15,127.66,135.44,132.08,11028.55,INTRADAY_SQUAREOFF,0.01,54.79,0.337542,3652.94,69.67,4.35,65.32,65.32,5479.4,5544.72
541,SOL/INR,1h,LONG,2025-11-25 02:30:00+05:30,2025-11-25 12:30:00+05:30,139.2,11622.96,137.11,145.46,137.04,11442.89,STOP_LOSS,0.01,55.45,0.318033,3696.48,-57.27,4.33,-61.6,-61.6,5544.72,5483.12
542,SOL/INR,1h,LONG,2025-11-25 16:30:00+05:30,2025-11-25 19:30:00+05:30,136.78,11421.21,134.73,142.94,134.66,11244.27,STOP_LOSS,0.01,54.83,0.320055,3655.42,-56.63,4.28,-60.91,-60.91,5483.12,5422.21
543,SOL/INR,1h,LONG,2025-11-26 12:30:00+05:30,2025-11-26 14:30:00+05:30,139.72,11666.22,137.62,146.0,137.55,11485.48,STOP_LOSS,0.01,54.22,0.309853,3614.81,-56.0,4.23,-60.23,-60.23,5422.21,5361.98
544,SOL/INR,1h,LONG,2025-11-27 12:30:00+05:30,2025-11-27 14:30:00+05:30,144.01,12024.98,141.85,150.49,141.78,11838.69,STOP_LOSS,0.01,53.62,0.297269,3574.65,-55.38,4.19,-59.57,-59.57,5361.98,5302.41
545,SOL/INR,1h,SHORT,2025-11-28 12:30:00+05:30,2025-11-28 14:30:00+05:30,139.36,11636.18,141.45,133.08,141.52,11816.63,STOP_LOSS,0.01,53.02,0.303789,3534.94,-54.82,4.2,-59.02,-59.02,5302.41,5243.39
546,SOL/INR,1h,SHORT,2025-12-01 15:30:00+05:30,2025-12-02 00:30:00+05:30,126.9,10596.49,128.81,121.19,124.37,10384.92,INTRADAY_SQUAREOFF,0.01,52.43,0.329882,3495.59,69.79,4.08,65.71,65.71,5243.39,5309.1
547,SOL/INR,1h,LONG,2025-12-03 08:30:00+05:30,2025-12-04 00:30:00+05:30,140.24,11709.82,138.13,146.55,141.23,11792.51,INTRADAY_SQUAREOFF,0.01,53.09,0.302259,3539.4,24.99,4.19,20.8,20.8,5309.1,5329.9
548,SOL/INR,1h,LONG,2025-12-04 15:30:00+05:30,2025-12-04 19:30:00+05:30,144.12,12033.75,141.96,150.6,141.88,11847.32,STOP_LOSS,0.01,53.3,0.295275,3553.27,-55.05,4.16,-59.21,-59.21,5329.9,5270.7
549,SOL/INR,1h,LONG,2025-12-04 21:30:00+05:30,2025-12-04 23:30:00+05:30,143.39,11973.15,141.24,149.84,141.17,11787.65,STOP_LOSS,0.01,52.71,0.293473,3513.8,-54.44,4.11,-58.55,-58.55,5270.7,5212.14
550,SOL/INR,1h,SHORT,2025-12-05 03:30:00+05:30,2025-12-05 21:30:00+05:30,138.7,11581.65,140.78,132.46,132.53,11066.01,TARGET_HIT,0.01,52.12,0.300023,3474.76,154.71,4.01,150.7,150.7,5212.14,5362.84
551,SOL/INR,1h,SHORT,2025-12-06 00:30:00+05:30,2025-12-06 04:30:00+05:30,131.22,10957.07,133.19,125.32,133.26,11126.99,STOP_LOSS,0.01,53.63,0.326294,3575.23,-55.44,4.25,-59.69,-59.69,5362.84,5303.15
552,SOL/INR,1h,SHORT,2025-12-06 10:30:00+05:30,2025-12-07 00:30:00+05:30,133.2,11122.44,135.2,127.21,132.9,11097.02,INTRADAY_SQUAREOFF,0.01,53.03,0.317865,3535.43,8.08,4.17,3.91,3.91,5303.15,5307.06
553,SOL/INR,1h,SHORT,2025-12-07 04:30:00+05:30,2025-12-07 22:30:00+05:30,132.14,11033.55,134.12,126.19,134.19,11204.65,STOP_LOSS,0.01,53.07,0.320662,3538.04,-54.87,4.21,-59.07,-59.07,5307.06,5247.99
554,SOL/INR,1h,LONG,2025-12-08 07:30:00+05:30,2025-12-09 00:30:00+05:30,133.81,11173.26,131.8,139.83,133.6,11155.72,INTRADAY_SQUAREOFF,0.01,52.48,0.313128,3498.66,-5.49,4.13,-9.62,-9.62,5247.99,5238.37
555,SOL/INR,1h,SHORT,2025-12-09 04:30:00+05:30,2025-12-09 20:30:00+05:30,133.58,11153.65,135.58,127.57,135.65,11326.61,STOP_LOSS,0.01,52.38,0.313104,3492.25,-54.16,4.15,-58.31,-58.31,5238.37,5180.06
556,SOL/INR,1h,SHORT,2025-12-11 06:30:00+05:30,2025-12-12 00:30:00+05:30,133.62,11157.39,135.63,127.61,134.35,11218.39,INTRADAY_SQUAREOFF,0.01,51.8,0.309515,3453.37,-18.88,4.09,-22.97,-22.97,5180.06,5157.09
557,SOL/INR,1h,LONG,2025-12-12 02:30:00+05:30,2025-12-12 20:30:00+05:30,136.12,11365.8,134.08,142.24,134.01,11189.71,STOP_LOSS,0.01,51.57,0.302492,3438.06,-53.26,4.03,-57.29,-57.29,5157.09,5099.8
558,SOL/INR,1h,SHORT,2025-12-13 01:30:00+05:30,2025-12-13 03:30:00+05:30,130.66,10910.01,132.62,124.78,132.69,11079.2,STOP_LOSS,0.01,51.0,0.311628,3399.87,-52.72,4.04,-56.77,-56.77,5099.8,5043.04
559,SOL/INR,1h,SHORT,2025-12-13 17:30:00+05:30,2025-12-14 00:30:00+05:30,133.34,11134.05,135.34,127.34,132.46,11060.77,INTRADAY_SQUAREOFF,0.01,50.43,0.301959,3362.02,22.13,3.95,18.17,18.17,5043.04,5061.21
560,SOL/INR,1h,SHORT,2025-12-14 09:30:00+05:30,2025-12-15 00:30:00+05:30,132.93,11099.47,134.92,126.95,130.69,10912.33,INTRADAY_SQUAREOFF,0.01,50.61,0.303991,3374.14,56.89,3.95,52.94,52.94,5061.21,5114.15
561,SOL/INR,1h,LONG,2025-12-15 15:30:00+05:30,2025-12-15 20:30:00+05:30,132.79,11088.37,130.8,138.77,130.74,10916.59,STOP_LOSS,0.01,51.14,0.307478,3409.44,-52.82,3.99,-56.81,-56.81,5114.15,5057.34
562,SOL/INR,1h,SHORT,2025-12-16 13:30:00+05:30,2025-12-16 15:30:00+05:30,125.67,10493.12,127.55,120.01,127.61,10655.84,STOP_LOSS,0.01,50.57,0.321312,3371.56,-52.28,4.01,-56.29,-56.29,5057.34,5001.05
563,SOL/INR,1h,SHORT,2025-12-16 19:30:00+05:30,2025-12-16 21:30:00+05:30,127.52,10648.09,129.43,121.78,129.5,10813.22,STOP_LOSS,0.01,50.01,0.313111,3334.03,-51.7,3.96,-55.67,-55.67,5001.05,4945.38
564,SOL/INR,1h,LONG,2025-12-17 08:30:00+05:30,2025-12-17 10:30:00+05:30,129.42,10806.25,127.47,135.24,127.41,10638.83,STOP_LOSS,0.01,49.45,0.305094,3296.92,-51.08,3.86,-54.94,-54.94,4945.38,4890.44
565,SOL/INR,1h,LONG,2025-12-17 13:30:00+05:30,2025-12-17 15:30:00+05:30,128.38,10719.66,126.45,134.16,126.39,10553.58,STOP_LOSS,0.01,48.9,0.304142,3260.29,-50.51,3.82,-54.33,-54.33,4890.44,4836.11
566,SOL/INR,1h,SHORT,2025-12-18 11:30:00+05:30,2025-12-18 17:30:00+05:30,122.31,10213.3,124.15,116.81,124.21,10371.68,STOP_LOSS,0.01,48.36,0.315674,3224.08,-50.0,3.83,-53.83,-53.83,4836.11,4782.28
567,SOL/INR,1h,SHORT,2025-12-19 06:30:00+05:30,2025-12-19 08:30:00+05:30,118.1,9861.75,119.88,112.79,119.94,10014.68,STOP_LOSS,0.01,47.82,0.323288,3188.19,-49.44,3.79,-53.23,-53.23,4782.28,4729.05
568,SOL/INR,1h,LONG,2025-12-20 01:30:00+05:30,2025-12-21 00:30:00+05:30,126.48,10561.1,124.58,132.17,125.88,10510.9,INTRADAY_SQUAREOFF,0.01,47.29,0.29852,3152.7,-14.99,3.71,-18.7,-18.7,4729.05,4710.35
569,SOL/INR,1h,SHORT,2025-12-22 03:30:00+05:30,2025-12-22 05:30:00+05:30,124.73,10414.99,126.6,119.12,126.66,10576.5,STOP_LOSS,0.01,47.1,0.301511,3140.24,-48.7,3.73,-52.43,-52.43,4710.35,4657.92
570,SOL/INR,1h,LONG,2025-12-22 10:30:00+05:30,2025-12-23 00:30:00+05:30,126.65,10575.5,124.75,132.35,126.71,10580.33,INTRADAY_SQUAREOFF,0.01,46.58,0.29363,3105.28,1.42,3.67,-2.25,-2.25,4657.92,4655.67
571,SOL/INR,1h,SHORT,2025-12-23 08:30:00+05:30,2025-12-24 00:30:00+05:30,125.52,10480.82,127.4,119.87,123.95,10349.44,INTRADAY_SQUAREOFF,0.01,46.56,0.296139,3103.78,38.91,3.64,35.27,35.27,4655.67,4690.94
572,SOL/INR,1h,SHORT,2025-12-24 07:30:00+05:30,2025-12-25 00:30:00+05:30,122.9,10262.38,124.75,117.37,122.47,10226.15,INTRADAY_SQUAREOFF,0.01,46.91,0.304734,3127.3,11.04,3.68,7.36,7.36,4690.94,4698.3
573,SOL/INR,1h,LONG,2025-12-26 00:30:00+05:30,2025-12-26 03:30:00+05:30,124.05,10358.13,122.19,129.63,122.13,10197.66,STOP_LOSS,0.01,46.98,0.30239,3132.2,-48.53,3.67,-52.19,-52.19,4698.3,4646.11
574,SOL/INR,1h,LONG,2025-12-28 13:30:00+05:30,2025-12-29 00:30:00+05:30,124.17,10368.14,122.31,129.76,123.08,10277.3,INTRADAY_SQUAREOFF,0.01,46.46,0.298743,3097.41,-27.14,3.64,-30.78,-30.78,4646.11,4615.33
575,SOL/INR,1h,SHORT,2025-12-30 00:30:00+05:30,2025-12-30 13:30:00+05:30,122.95,10265.98,124.79,117.41,124.85,10425.18,STOP_LOSS,0.01,46.15,0.299717,3076.89,-47.71,3.66,-51.37,-51.37,4615.33,4563.96
576,SOL/INR,1h,LONG,2025-12-30 20:30:00+05:30,2025-12-31 00:30:00+05:30,125.03,10440.3,123.16,130.66,124.37,10384.78,INTRADAY_SQUAREOFF,0.01,45.64,0.291432,3042.64,-16.18,3.58,-19.76,-19.76,4563.96,4544.2
577,SOL/INR,1h,LONG,2025-12-31 05:30:00+05:30,2026-01-01 00:30:00+05:30,125.01,10438.16,123.13,130.63,124.56,10400.95,INTRADAY_SQUAREOFF,0.01,45.44,0.29023,3029.46,-10.8,3.57,-14.37,-14.37,4544.2,4529.83
578,SOL/INR,1h,SHORT,2026-01-01 09:30:00+05:30,2026-01-02 00:30:00+05:30,124.85,10424.89,126.72,119.23,125.16,10451.01,INTRADAY_SQUAREOFF,0.01,45.3,0.289681,3019.89,-7.57,3.57,-11.14,-11.14,4529.83,4518.69
579,SOL/INR,1h,LONG,2026-01-02 09:30:00+05:30,2026-01-03 00:30:00+05:30,127.71,10663.38,125.79,133.45,130.64,10908.56,INTRADAY_SQUAREOFF,0.01,45.19,0.282505,3012.46,69.27,3.6,65.67,65.67,4518.69,4584.36
580,SOL/INR,1h,LONG,2026-01-03 04:30:00+05:30,2026-01-03 12:30:00+05:30,133.04,11108.45,131.04,139.02,130.97,10936.35,STOP_LOSS,0.01,45.84,0.275128,3056.24,-47.35,3.58,-50.93,-50.93,4584.36,4533.44
581,SOL/INR,1h,LONG,2026-01-04 09:30:00+05:30,2026-01-05 00:30:00+05:30,134.57,11236.77,132.55,140.63,134.04,11192.51,INTRADAY_SQUAREOFF,0.01,45.33,0.268964,3022.29,-11.91,3.56,-15.46,-15.46,4533.44,4517.97
582,SOL/INR,1h,LONG,2026-01-05 16:30:00+05:30,2026-01-05 18:30:00+05:30,135.92,11349.43,133.88,142.04,133.82,11173.59,STOP_LOSS,0.01,45.18,0.265386,3011.98,-46.66,3.53,-50.19,-50.19,4517.97,4467.78
583,SOL/INR,1h,LONG,2026-01-06 09:30:00+05:30,2026-01-06 23:30:00+05:30,138.5,11564.62,136.42,144.73,136.35,11385.45,STOP_LOSS,0.01,44.68,0.257555,2978.52,-46.14,3.49,-49.63,-49.63,4467.78,4418.15
584,SOL/INR,1h,SHORT,2026-01-07 07:30:00+05:30,2026-01-08 00:30:00+05:30,138.8,11589.96,140.88,132.56,135.2,11288.86,INTRADAY_SQUAREOFF,0.01,44.18,0.254137,2945.43,76.52,3.43,73.09,73.09,4418.15,4491.24
585,SOL/INR,1h,SHORT,2026-01-08 09:30:00+05:30,2026-01-08 23:30:00+05:30,136.56,11402.38,138.6,130.41,138.67,11579.2,STOP_LOSS,0.01,44.91,0.262591,2994.16,-46.43,3.56,-49.99,-49.99,4491.24,4441.25
586,SOL/INR,1h,LONG,2026-01-09 03:30:00+05:30,2026-01-09 13:30:00+05:30,139.56,11652.97,137.46,145.84,137.39,11472.44,STOP_LOSS,0.01,44.41,0.254084,2960.83,-45.87,3.47,-49.34,-49.34,4441.25,4391.91
587,SOL/INR,1h,LONG,2026-01-09 19:30:00+05:30,2026-01-09 23:30:00+05:30,138.8,11589.61,136.72,145.04,136.65,11410.06,STOP_LOSS,0.01,43.92,0.252635,2927.94,-45.36,3.43,-48.79,-48.79,4391.91,4343.12
588,SOL/INR,1h,LONG,2026-01-12 00:30:00+05:30,2026-01-12 02:30:00+05:30,139.98,11688.64,137.88,146.28,137.82,11507.55,STOP_LOSS,0.01,43.43,0.247712,2895.41,-44.86,3.39,-48.25,-48.25,4343.12,4294.87
589,SOL/INR,1h,LONG,2026-01-12 05:30:00+05:30,2026-01-13 00:30:00+05:30,139.56,11653.31,137.47,145.84,141.05,11777.97,INTRADAY_SQUAREOFF,0.01,42.95,0.245703,2863.25,30.63,3.4,27.23,27.23,4294.87,4322.1
590,SOL/INR,1h,LONG,2026-01-14 01:30:00+05:30,2026-01-15 00:30:00+05:30,144.29,12047.81,142.12,150.78,146.37,12221.78,INTRADAY_SQUAREOFF,0.01,43.22,0.239164,2881.4,41.61,3.42,38.18,38.18,4322.1,4360.29
591,SOL/INR,1h,SHORT,2026-01-15 23:30:00+05:30,2026-01-16 01:30:00+05:30,142.57,11904.68,144.71,136.16,141.52,11817.26,INTRADAY_SQUAREOFF,0.01,43.6,0.244178,2906.86,21.35,3.42,17.93,17.93,4360.29,4378.22
592,SOL/INR,1h,SHORT,2026-01-16 09:30:00+05:30,2026-01-17 00:30:00+05:30,141.84,11843.96,143.97,135.46,144.04,12027.63,STOP_LOSS,0.01,43.78,0.246439,2918.81,-45.26,3.47,-48.73,-48.73,4378.22,4329.48
593,SOL/INR,1h,LONG,2026-01-17 14:30:00+05:30,2026-01-18 00:30:00+05:30,144.24,12043.64,142.07,150.73,144.12,12034.14,INTRADAY_SQUAREOFF,0.01,43.29,0.239655,2886.32,-2.28,3.4,-5.68,-5.68,4329.48,4323.8
594,SOL/INR,1h,SHORT,2026-01-18 12:30:00+05:30,2026-01-19 00:30:00+05:30,142.52,11900.54,144.66,136.11,142.88,11930.65,INTRADAY_SQUAREOFF,0.01,43.24,0.242219,2882.54,-7.29,3.41,-10.7,-10.7,4323.8,4313.1
595,SOL/INR,1h,SHORT,2026-01-19 05:30:00+05:30,2026-01-20 00:30:00+05:30,137.89,11514.15,139.96,131.69,134.26,11210.91,INTRADAY_SQUAREOFF,0.01,43.13,0.249728,2875.4,75.73,3.35,72.38,72.38,4313.1,4385.48
596,SOL/INR,1h,SHORT,2026-01-20 03:30:00+05:30,2026-01-20 20:30:00+05:30,134.01,11189.59,136.02,127.98,128.04,10691.4,TARGET_HIT,0.01,43.85,0.261284,2923.66,130.17,3.37,126.8,126.8,4385.48,4512.28
597,SOL/INR,1h,SHORT,2026-01-21 03:30:00+05:30,2026-01-21 19:30:00+05:30,126.85,10591.93,128.75,121.14,128.82,10756.19,STOP_LOSS,0.01,45.12,0.284007,3008.19,-46.65,3.58,-50.23,-50.23,4512.28,4462.05
598,SOL/INR,1h,SHORT,2026-01-23 00:30:00+05:30,2026-01-23 22:30:00+05:30,127.59,10653.48,129.5,121.85,129.57,10818.69,STOP_LOSS,0.01,44.62,0.279223,2974.7,-46.13,3.54,-49.67,-49.67,4462.05,4412.39
599,SOL/INR,1h,LONG,2026-01-24 08:30:00+05:30,2026-01-25 00:30:00+05:30,127.61,10655.42,125.7,133.35,127.14,10616.22,INTRADAY_SQUAREOFF,0.01,44.12,0.276065,2941.59,-10.82,3.46,-14.29,-14.29,4412.39,4398.1
600,SOL/INR,1h,LONG,2026-01-25 04:30:00+05:30,2026-01-25 20:30:00+05:30,127.51,10647.11,125.6,133.25,125.53,10482.16,STOP_LOSS,0.01,43.98,0.275386,2932.07,-45.43,3.43,-48.86,-48.86,4398.1,4349.24
601,SOL/INR,1h,LONG,2026-01-27 03:30:00+05:30,2026-01-28 00:30:00+05:30,124.57,10401.87,122.7,130.18,125.53,10481.78,INTRADAY_SQUAREOFF,0.01,43.49,0.278747,2899.49,22.27,3.43,18.84,18.84,4349.24,4368.08
602,SOL/INR,1h,LONG,2026-01-28 12:30:00+05:30,2026-01-28 22:30:00+05:30,127.34,10633.26,125.43,133.07,125.37,10468.53,STOP_LOSS,0.01,43.68,0.273863,2912.05,-45.11,3.41,-48.52,-48.52,4368.08,4319.56
603,SOL/INR,1h,SHORT,2026-01-29 15:30:00+05:30,2026-01-29 20:30:00+05:30,122.85,10257.64,124.69,117.32,117.38,9800.94,TARGET_HIT,0.01,43.2,0.280738,2879.7,128.21,3.32,124.89,124.89,4319.56,4444.44
604,SOL/INR,1h,SHORT,2026-01-30 00:30:00+05:30,2026-01-30 03:30:00+05:30,115.64,9655.96,117.37,110.44,117.43,9805.7,STOP_LOSS,0.01,44.44,0.306853,2962.96,-45.95,3.52,-49.47,-49.47,4444.44,4394.97
605,SOL/INR,1h,SHORT,2026-01-30 12:30:00+05:30,2026-01-30 14:30:00+05:30,113.18,9450.47,114.88,108.09,114.93,9597.02,STOP_LOSS,0.01,43.95,0.310036,2929.98,-45.44,3.48,-48.92,-48.92,4394.97,4346.05
606,SOL/INR,1h,SHORT,2026-01-30 19:30:00+05:30,2026-01-30 21:30:00+05:30,115.42,9637.51,117.15,110.23,117.21,9786.96,STOP_LOSS,0.01,43.46,0.300634,2897.37,-44.93,3.45,-48.38,-48.38,4346.05,4297.68
607,SOL/INR,1h,SHORT,2026-01-31 18:30:00+05:30,2026-01-31 20:30:00+05:30,115.03,9605.19,116.76,109.86,109.91,9177.54,TARGET_HIT,0.01,42.98,0.298288,2865.12,127.56,3.31,124.26,124.26,4297.68,4421.93
608,SOL/INR,1h,SHORT,2026-02-01 09:30:00+05:30,2026-02-01 18:30:00+05:30,104.58,8732.49,106.15,99.87,106.2,8867.91,STOP_LOSS,0.01,44.22,0.337585,2947.95,-45.72,3.51,-49.22,-49.22,4421.93,4372.71
609,SOL/INR,1h,SHORT,2026-02-02 01:30:00+05:30,2026-02-02 08:30:00+05:30,101.59,8482.92,103.12,97.02,97.07,8105.24,TARGET_HIT,0.01,43.73,0.343648,2915.14,129.79,3.36,126.43,126.43,4372.71,4499.14
610,SOL/INR,1h,SHORT,2026-02-02 11:30:00+05:30,2026-02-02 13:30:00+05:30,97.86,8170.9,99.32,93.45,99.37,8297.61,STOP_LOSS,0.01,44.99,0.367086,2999.42,-46.51,3.57,-50.08,-50.08,4499.14,4449.06
611,SOL/INR,1h,SHORT,2026-02-03 01:30:00+05:30,2026-02-03 23:30:00+05:30,103.57,8648.0,105.12,98.91,98.96,8262.97,TARGET_HIT,0.01,44.49,0.342974,2966.04,132.06,3.42,128.63,128.63,4449.06,4577.69
612,SOL/INR,1h,SHORT,2026-02-04 04:30:00+05:30,2026-02-04 19:30:00+05:30,98.27,8205.53,99.74,93.85,93.89,7840.2,TARGET_HIT,0.01,45.78,0.371919,3051.79,135.87,3.52,132.35,132.35,4577.69,4710.04
613,SOL/INR,1h,SHORT,2026-02-05 03:30:00+05:30,2026-02-05 05:30:00+05:30,90.62,7566.69,91.98,86.54,92.02,7684.03,STOP_LOSS,0.01,47.1,0.414981,3140.03,-48.69,3.73,-52.43,-52.43,4710.04,4657.62
614,SOL/INR,1h,SHORT,2026-02-05 12:30:00+05:30,2026-02-05 14:30:00+05:30,89.71,7490.48,91.05,85.67,91.1,7606.64,STOP_LOSS,0.01,46.58,0.414536,3105.08,-48.15,3.69,-51.84,-51.84,4657.62,4605.77
615,SOL/INR,1h,SHORT,2026-02-05 16:30:00+05:30,2026-02-05 20:30:00+05:30,90.05,7519.32,91.4,86.0,86.04,7184.54,TARGET_HIT,0.01,46.06,0.40835,3070.51,136.71,3.54,133.16,133.16,4605.77,4738.94
616,SOL/INR,1h,SHORT,2026-02-05 23:30:00+05:30,2026-02-06 01:30:00+05:30,82.6,6897.35,83.84,78.89,78.93,6590.26,TARGET_HIT,0.01,47.39,0.458044,3159.29,140.66,3.64,137.01,137.01,4738.94,4875.95
617,SOL/INR,1h,SHORT,2026-02-06 05:30:00+05:30,2026-02-06 07:30:00+05:30,78.15,6525.23,79.32,74.63,79.36,6626.42,STOP_LOSS,0.01,48.76,0.498164,3250.63,-50.41,3.87,-54.27,-54.27,4875.95,4821.67
618,SOL/INR,1h,LONG,2026-02-07 01:30:00+05:30,2026-02-07 12:30:00+05:30,87.19,7280.37,85.88,91.11,85.84,7167.58,STOP_LOSS,0.01,48.22,0.441523,3214.45,-49.8,3.76,-53.56,-53.56,4821.67,4768.11
619,SOL/INR,1h,LONG,2026-02-07 23:30:00+05:30,2026-02-08 01:30:00+05:30,87.57,7312.07,86.26,91.51,88.18,7363.04,INTRADAY_SQUAREOFF,0.01,47.68,0.434725,3178.74,22.16,3.76,18.4,18.4,4768.11,4786.51
620,SOL/INR,1h,LONG,2026-02-08 07:30:00+05:30,2026-02-08 15:30:00+05:30,87.95,7343.55,86.63,91.9,86.58,7229.78,STOP_LOSS,0.01,47.87,0.434532,3191.0,-49.44,3.74,-53.17,-53.17,4786.51,4733.33
621,SOL/INR,1h,LONG,2026-02-08 17:30:00+05:30,2026-02-08 21:30:00+05:30,88.16,7361.62,86.84,92.13,86.8,7247.57,STOP_LOSS,0.01,47.33,0.42865,3155.56,-48.89,3.69,-52.58,-52.58,4733.33,4680.75
622,SOL/INR,1h,LONG,2026-02-09 01:30:00+05:30,2026-02-09 03:30:00+05:30,88.43,7383.64,87.1,92.41,87.06,7269.25,STOP_LOSS,0.01,46.81,0.422623,3120.5,-48.34,3.65,-52.0,-52.0,4680.75,4628.75
623,SOL/INR,1h,LONG,2026-02-09 09:30:00+05:30,2026-02-09 11:30:00+05:30,87.73,7325.47,86.41,91.68,86.37,7211.98,STOP_LOSS,0.01,46.29,0.421247,3085.84,-47.81,3.61,-51.42,-51.42,4628.75,4577.33
624,SOL/INR,1h,LONG,2026-02-10 07:30:00+05:30,2026-02-10 09:30:00+05:30,87.38,7296.46,86.07,91.31,86.03,7183.42,STOP_LOSS,0.01,45.77,0.418224,3051.56,-47.28,3.57,-50.85,-50.85,4577.33,4526.48
625,SOL/INR,1h,SHORT,2026-02-11 02:30:00+05:30,2026-02-11 07:30:00+05:30,82.44,6883.46,83.67,78.73,83.72,6990.2,STOP_LOSS,0.01,45.26,0.438392,3017.66,-46.8,3.59,-50.38,-50.38,4526.48,4476.1
626,SOL/INR,1h,SHORT,2026-02-11 15:30:00+05:30,2026-02-11 19:30:00+05:30,80.68,6736.6,81.89,77.05,81.93,6841.06,STOP_LOSS,0.01,44.76,0.442963,2984.07,-46.28,3.55,-49.82,-49.82,4476.1,4426.28
627,SOL/INR,1h,SHORT,2026-02-12 04:30:00+05:30,2026-02-12 09:30:00+05:30,79.47,6635.37,80.66,75.89,80.7,6738.26,STOP_LOSS,0.01,44.26,0.444715,2950.85,-45.76,3.51,-49.27,-49.27,4426.28,4377.01
628,SOL/INR,1h,SHORT,2026-02-12 18:30:00+05:30,2026-02-13 00:30:00+05:30,80.86,6751.61,82.07,77.22,77.26,6451.01,TARGET_HIT,0.01,43.77,0.432194,2918.0,129.92,3.37,126.55,126.55,4377.01,4503.56
629,SOL/INR,1h,LONG,2026-02-14 06:30:00+05:30,2026-02-15 00:30:00+05:30,85.05,7101.55,83.77,88.88,87.95,7343.81,INTRADAY_SQUAREOFF,0.01,45.04,0.422777,3002.37,102.42,3.6,98.82,98.82,4503.56,4602.37
630,SOL/INR,1h,LONG,2026-02-15 04:30:00+05:30,2026-02-15 18:30:00+05:30,88.72,7408.09,87.39,92.71,87.35,7293.32,STOP_LOSS,0.01,46.02,0.414176,3068.25,-47.53,3.59,-51.13,-51.13,4602.37,4551.25
631,SOL/INR,1h,SHORT,2026-02-16 07:30:00+05:30,2026-02-17 00:30:00+05:30,85.46,7135.52,86.74,81.61,84.63,7066.44,INTRADAY_SQUAREOFF,0.01,45.51,0.42522,3034.16,29.37,3.56,25.81,25.81,4551.25,4577.06
632,SOL/INR,1h,LONG,2026-02-17 12:30:00+05:30,2026-02-17 15:30:00+05:30,86.71,7240.23,85.41,90.61,85.37,7128.06,STOP_LOSS,0.01,45.77,0.421447,3051.37,-47.27,3.57,-50.85,-50.85,4577.06,4526.21
633,SOL/INR,1h,SHORT,2026-02-18 06:30:00+05:30,2026-02-19 00:30:00+05:30,84.8,7080.75,86.07,80.98,81.02,6765.5,TARGET_HIT,0.01,45.26,0.426152,3017.47,134.35,3.48,130.86,130.86,4526.21,4657.08
634,SOL/INR,1h,SHORT,2026-02-19 14:30:00+05:30,2026-02-20 00:30:00+05:30,81.63,6816.45,82.86,77.96,81.95,6842.67,INTRADAY_SQUAREOFF,0.01,46.57,0.455474,3104.72,-11.94,3.67,-15.62,-15.62,4657.08,4641.46
635,SOL/INR,1h,LONG,2026-02-20 11:30:00+05:30,2026-02-20 18:30:00+05:30,83.56,6977.44,82.31,87.32,82.27,6869.34,STOP_LOSS,0.01,46.41,0.443473,3094.31,-47.94,3.62,-51.56,-51.56,4641.46,4589.9
636,SOL/INR,1h,LONG,2026-02-21 19:30:00+05:30,2026-02-22 00:30:00+05:30,85.67,7153.63,84.39,89.53,86.56,7227.93,INTRADAY_SQUAREOFF,0.01,45.9,0.427745,3059.93,31.78,3.63,28.15,28.15,4589.9,4618.05
637,SOL/INR,1h,SHORT,2026-02-23 02:30:00+05:30,2026-02-23 06:30:00+05:30,83.01,6931.23,84.25,79.27,79.31,6622.63,TARGET_HIT,0.01,46.18,0.444178,3078.7,137.07,3.55,133.52,133.52,4618.05,4751.57
638,SOL/INR,1h,SHORT,2026-02-23 10:30:00+05:30,2026-02-23 12:30:00+05:30,77.25,6450.19,78.41,73.77,78.45,6550.21,STOP_LOSS,0.01,47.52,0.491104,3167.71,-49.12,3.77,-52.89,-52.89,4751.57,4698.68
639,SOL/INR,1h,SHORT,2026-02-23 14:30:00+05:30,2026-02-23 16:30:00+05:30,78.61,6563.66,79.79,75.07,79.83,6665.44,STOP_LOSS,0.01,46.99,0.477242,3132.45,-48.58,3.72,-52.3,-52.3,4698.68,4646.38
640,SOL/INR,1h,SHORT,2026-02-24 05:30:00+05:30,2026-02-25 00:30:00+05:30,77.66,6484.31,78.82,74.16,78.25,6533.46,INTRADAY_SQUAREOFF,0.01,46.46,0.477705,3097.59,-23.48,3.67,-27.15,-27.15,4646.38,4619.23
641,SOL/INR,1h,LONG,2026-02-25 07:30:00+05:30,2026-02-25 10:30:00+05:30,82.33,6874.26,81.09,86.03,81.05,6767.76,STOP_LOSS,0.01,46.19,0.447974,3079.49,-47.71,3.61,-51.31,-51.31,4619.23,4567.92
642,SOL/INR,1h,LONG,2026-02-25 13:30:00+05:30,2026-02-25 20:30:00+05:30,82.35,6876.34,81.12,86.06,86.01,7182.18,TARGET_HIT,0.01,45.68,0.442863,3045.28,135.45,3.67,131.77,131.77,4567.92,4699.69
643,SOL/INR,1h,LONG,2026-02-26 10:30:00+05:30,2026-02-26 12:30:00+05:30,88.93,7425.78,87.6,92.93,87.55,7310.73,STOP_LOSS,0.01,47.0,0.421926,3133.13,-48.54,3.67,-52.21,-52.21,4699.69,4647.48
644,SOL/INR,1h,LONG,2026-02-26 15:30:00+05:30,2026-02-26 17:30:00+05:30,88.43,7383.59,87.1,92.41,87.06,7269.2,STOP_LOSS,0.01,46.47,0.419623,3098.32,-48.0,3.63,-51.63,-51.63,4647.48,4595.85
645,SOL/INR,1h,SHORT,2026-02-27 11:30:00+05:30,2026-02-27 16:30:00+05:30,87.49,7305.39,88.8,83.55,83.59,6980.14,TARGET_HIT,0.01,45.96,0.419403,3063.9,136.41,3.53,132.88,132.88,4595.85,4728.73
646,SOL/INR,1h,SHORT,2026-02-27 22:30:00+05:30,2026-02-28 00:30:00+05:30,81.45,6801.32,82.67,77.79,81.53,6807.42,INTRADAY_SQUAREOFF,0.01,47.29,0.463511,3152.49,-2.83,3.72,-6.55,-6.55,4728.73,4722.18
647,SOL/INR,1h,SHORT,2026-02-28 03:30:00+05:30,2026-02-28 23:30:00+05:30,81.08,6770.38,82.3,77.43,82.34,6875.37,STOP_LOSS,0.01,47.22,0.464985,3148.12,-48.82,3.74,-52.56,-52.56,4722.18,4669.62
648,SOL/INR,1h,LONG,2026-03-01 02:30:00+05:30,2026-03-01 22:30:00+05:30,84.89,7088.0,83.61,88.71,83.57,6978.19,STOP_LOSS,0.01,46.7,0.439204,3113.08,-48.23,3.64,-51.87,-51.87,4669.62,4617.75
649,SOL/INR,1h,SHORT,2026-03-02 12:30:00+05:30,2026-03-02 19:30:00+05:30,83.05,6934.97,84.3,79.32,84.34,7042.52,STOP_LOSS,0.01,46.18,0.443909,3078.5,-47.74,3.66,-51.4,-51.4,4617.75,4566.35
650,SOL/INR,1h,LONG,2026-03-03 02:30:00+05:30,2026-03-03 04:30:00+05:30,87.95,7343.85,86.63,91.91,86.59,7230.08,STOP_LOSS,0.01,45.66,0.414528,3044.23,-47.16,3.56,-50.73,-50.73,4566.35,4515.62
651,SOL/INR,1h,SHORT,2026-03-03 16:30:00+05:30,2026-03-03 21:30:00+05:30,83.79,6996.22,85.04,80.02,85.09,7104.72,STOP_LOSS,0.01,45.16,0.430291,3010.41,-46.68,3.58,-50.26,-50.26,4515.62,4465.36
652,SOL/INR,1h,LONG,2026-03-04 11:30:00+05:30,2026-03-04 14:30:00+05:30,85.86,7169.37,84.57,89.72,89.68,7488.25,TARGET_HIT,0.01,44.65,0.415225,2976.9,132.41,3.59,128.81,128.81,4465.36,4594.17
653,SOL/INR,1h,LONG,2026-03-04 19:30:00+05:30,2026-03-05 00:30:00+05:30,90.05,7518.82,88.7,94.1,92.31,7707.49,INTRADAY_SQUAREOFF,0.01,45.94,0.407349,3062.78,76.86,3.66,73.2,73.2,4594.17,4667.37
654,SOL/INR,1h,LONG,2026-03-05 12:30:00+05:30,2026-03-05 20:30:00+05:30,90.93,7592.59,89.57,95.02,89.52,7474.96,STOP_LOSS,0.01,46.67,0.409818,3111.58,-48.21,3.64,-51.85,-51.85,4667.37,4615.52
655,SOL/INR,1h,SHORT,2026-03-06 05:30:00+05:30,2026-03-06 19:30:00+05:30,88.65,7402.2,89.98,84.66,84.7,7072.64,TARGET_HIT,0.01,46.16,0.415689,3077.01,137.0,3.55,133.45,133.45,4615.52,4748.96
656,SOL/INR,1h,SHORT,2026-03-06 22:30:00+05:30,2026-03-07 00:30:00+05:30,84.25,7034.86,85.51,80.46,85.56,7143.95,STOP_LOSS,0.01,47.49,0.450041,3165.98,-49.1,3.76,-52.86,-52.86,4748.96,4696.1
657,SOL/INR,1h,SHORT,2026-03-07 09:30:00+05:30,2026-03-08 00:30:00+05:30,84.4,7047.16,85.66,80.6,83.44,6967.34,INTRADAY_SQUAREOFF,0.01,46.96,0.444255,3130.74,35.46,3.67,31.79,31.79,4696.1,4727.89
658,SOL/INR,1h,SHORT,2026-03-08 08:30:00+05:30,2026-03-08 15:30:00+05:30,82.37,6877.66,83.6,78.66,83.64,6984.32,STOP_LOSS,0.01,47.28,0.458285,3151.93,-48.88,3.75,-52.63,-52.63,4727.89,4675.26
659,SOL/INR,1h,SHORT,2026-03-08 22:30:00+05:30,2026-03-09 00:30:00+05:30,81.45,6801.18,82.67,77.79,81.64,6816.93,INTRADAY_SQUAREOFF,0.01,46.75,0.45828,3116.84,-7.21,3.68,-10.9,-10.9,4675.26,4664.37
660,SOL/INR,1h,SHORT,2026-03-09 05:30:00+05:30,2026-03-09 07:30:00+05:30,81.58,6812.24,82.81,77.91,82.85,6917.88,STOP_LOSS,0.01,46.64,0.456469,3109.58,-48.22,3.7,-51.92,-51.92,4664.37,4612.45
661,SOL/INR,1h,LONG,2026-03-09 19:30:00+05:30,2026-03-10 00:30:00+05:30,85.65,7152.15,84.37,89.51,85.18,7112.32,INTRADAY_SQUAREOFF,0.01,46.12,0.429936,3074.97,-17.12,3.62,-20.74,-20.74,4612.45,4591.71
662,SOL/INR,1h,LONG,2026-03-10 08:30:00+05:30,2026-03-10 19:30:00+05:30,86.76,7244.67,85.46,90.67,85.42,7132.43,STOP_LOSS,0.01,45.92,0.422537,3061.14,-47.42,3.58,-51.01,-51.01,4591.71,4540.7
663,SOL/INR,1h,LONG,2026-03-13 01:30:00+05:30,2026-03-13 17:30:00+05:30,86.9,7255.92,85.59,90.81,90.76,7578.64,TARGET_HIT,0.01,45.41,0.417195,3027.13,134.64,3.65,130.99,130.99,4540.7,4671.68
664,SOL/INR,1h,SHORT,2026-03-14 04:30:00+05:30,2026-03-15 00:30:00+05:30,87.78,7329.59,89.1,83.83,87.09,7271.61,INTRADAY_SQUAREOFF,0.01,46.72,0.424916,3114.46,24.63,3.66,20.97,20.97,4671.68,4692.66
665,SOL/INR,1h,LONG,2026-03-15 08:30:00+05:30,2026-03-16 00:30:00+05:30,88.52,7391.07,87.19,92.5,87.88,7338.08,INTRADAY_SQUAREOFF,0.01,46.93,0.423273,3128.44,-22.43,3.68,-26.11,-26.11,4692.66,4666.55
666,SOL/INR,1h,LONG,2026-03-16 09:30:00+05:30,2026-03-17 00:30:00+05:30,93.7,7823.88,92.29,97.92,94.39,7881.59,INTRADAY_SQUAREOFF,0.01,46.67,0.397633,3111.04,22.95,3.68,19.26,19.26,4666.55,4685.82
667,SOL/INR,1h,SHORT,2026-03-19 04:30:00+05:30,2026-03-20 00:30:00+05:30,89.95,7510.45,91.29,85.9,88.11,7357.28,INTRADAY_SQUAREOFF,0.01,46.86,0.415937,3123.88,63.71,3.65,60.06,60.06,4685.82,4745.88
668,SOL/INR,1h,SHORT,2026-03-20 04:30:00+05:30,2026-03-20 13:30:00+05:30,88.49,7389.21,89.82,84.51,89.87,7503.8,STOP_LOSS,0.01,47.46,0.428181,3163.92,-49.06,3.76,-52.83,-52.83,4745.88,4693.05
669,SOL/INR,1h,SHORT,2026-03-20 15:30:00+05:30,2026-03-21 00:30:00+05:30,88.75,7410.6,90.08,84.76,88.57,7395.22,INTRADAY_SQUAREOFF,0.01,46.93,0.422193,3128.7,6.49,3.69,2.8,2.8,4693.05,4695.86
670,SOL/INR,1h,SHORT,2026-03-23 12:30:00+05:30,2026-03-23 16:30:00+05:30,85.58,7145.74,86.86,81.73,86.9,7256.55,STOP_LOSS,0.01,46.96,0.438103,3130.57,-48.55,3.72,-52.27,-52.27,4695.86,4643.59
671,SOL/INR,1h,LONG,2026-03-24 02:30:00+05:30,2026-03-24 06:30:00+05:30,91.98,7680.73,90.6,96.12,90.56,7561.73,STOP_LOSS,0.01,46.44,0.403051,3095.72,-47.96,3.62,-51.59,-51.59,4643.59,4592.0
672,SOL/INR,1h,LONG,2026-03-24 12:30:00+05:30,2026-03-24 19:30:00+05:30,90.48,7554.84,89.12,94.55,89.08,7437.8,STOP_LOSS,0.01,45.92,0.405215,3061.33,-47.43,3.58,-51.01,-51.01,4592.0,4540.99
673,SOL/INR,1h,SHORT,2026-03-24 22:30:00+05:30,2026-03-25 00:30:00+05:30,89.17,7445.36,90.5,85.15,89.03,7434.32,INTRADAY_SQUAREOFF,0.01,45.41,0.406606,3027.33,4.49,3.57,0.92,0.92,4540.99,4541.91
674,SOL/INR,1h,LONG,2026-03-25 16:30:00+05:30,2026-03-25 20:30:00+05:30,92.66,7736.91,91.27,96.83,91.22,7617.05,STOP_LOSS,0.01,45.42,0.391363,3027.94,-46.91,3.55,-50.46,-50.46,4541.91,4491.46
675,SOL/INR,1h,SHORT,2026-03-26 11:30:00+05:30,2026-03-27 00:30:00+05:30,89.13,7442.76,90.47,85.12,86.06,7186.13,INTRADAY_SQUAREOFF,0.01,44.91,0.402311,2994.3,103.25,3.47,99.78,99.78,4491.46,4591.23
676,SOL/INR,1h,SHORT,2026-03-27 09:30:00+05:30,2026-03-27 22:30:00+05:30,86.33,7208.84,87.63,82.45,82.49,6887.89,TARGET_HIT,0.01,45.91,0.424592,3060.82,136.28,3.53,132.74,132.74,4591.23,4723.98
677,SOL/INR,1h,SHORT,2026-03-28 08:30:00+05:30,2026-03-28 18:30:00+05:30,82.4,6880.37,83.64,78.69,83.68,6987.07,STOP_LOSS,0.01,47.24,0.457725,3149.32,-48.84,3.75,-52.58,-52.58,4723.98,4671.39
678,SOL/INR,1h,SHORT,2026-03-29 19:30:00+05:30,2026-03-30 00:30:00+05:30,81.78,6828.83,83.01,78.1,81.79,6829.36,INTRADAY_SQUAREOFF,0.01,46.71,0.456046,3114.26,-0.24,3.67,-3.92,-3.92,4671.39,4667.47
679,SOL/INR,1h,LONG,2026-03-30 10:30:00+05:30,2026-03-31 00:30:00+05:30,83.7,6989.08,82.45,87.47,82.4,6880.8,STOP_LOSS,0.01,46.67,0.445216,3111.65,-48.21,3.64,-51.85,-51.85,4667.47,4615.62
680,SOL/INR,1h,SHORT,2026-03-31 10:30:00+05:30,2026-04-01 00:30:00+05:30,83.27,6952.63,84.51,79.52,82.81,6914.6,INTRADAY_SQUAREOFF,0.01,46.16,0.442578,3077.08,16.83,3.62,13.21,13.21,4615.62,4628.84
681,SOL/INR,1h,SHORT,2026-04-02 07:30:00+05:30,2026-04-03 00:30:00+05:30,79.11,6605.87,80.3,75.55,79.13,6607.27,INTRADAY_SQUAREOFF,0.01,46.29,0.467144,3085.89,-0.66,3.64,-4.3,-4.3,4628.84,4624.54
682,SOL/INR,1h,LONG,2026-04-03 21:30:00+05:30,2026-04-04 00:30:00+05:30,80.54,6724.77,79.33,84.16,80.09,6687.89,INTRADAY_SQUAREOFF,0.01,46.25,0.458458,3083.02,-16.9,3.63,-20.53,-20.53,4624.54,4604.0
683,SOL/INR,1h,LONG,2026-04-04 12:30:00+05:30,2026-04-05 00:30:00+05:30,80.51,6722.83,79.31,84.14,80.85,6750.99,INTRADAY_SQUAREOFF,0.01,46.04,0.456554,3069.34,12.86,3.63,9.23,9.23,4604.0,4613.23
684,SOL/INR,1h,LONG,2026-04-05 03:30:00+05:30,2026-04-05 11:30:00+05:30,81.01,6764.14,79.79,84.65,79.75,6659.35,STOP_LOSS,0.01,46.13,0.454675,3075.49,-47.65,3.6,-51.25,-51.25,4613.23,4561.98
685,SOL/INR,1h,SHORT,2026-04-05 18:30:00+05:30,2026-04-06 00:30:00+05:30,78.84,6583.38,80.03,75.29,80.07,6685.48,STOP_LOSS,0.01,45.62,0.461969,3041.32,-47.16,3.62,-50.78,-50.78,4561.98,4511.2
686,SOL/INR,1h,LONG,2026-04-06 08:30:00+05:30,2026-04-06 11:30:00+05:30,82.7,6905.29,81.46,86.42,81.42,6798.31,STOP_LOSS,0.01,45.11,0.435531,3007.47,-46.59,3.52,-50.11,-50.11,4511.2,4461.09
687,SOL/INR,1h,SHORT,2026-04-07 11:30:00+05:30,2026-04-08 00:30:00+05:30,79.47,6635.77,80.66,75.89,80.7,6738.68,STOP_LOSS,0.01,44.61,0.448186,2974.06,-46.12,3.54,-49.66,-49.66,4461.09,4411.43
688,SOL/INR,1h,LONG,2026-04-08 14:30:00+05:30,2026-04-08 19:30:00+05:30,84.88,7087.6,83.61,88.7,83.57,6977.8,STOP_LOSS,0.01,44.11,0.414943,2940.95,-45.56,3.44,-49.01,-49.01,4411.43,4362.42
689,SOL/INR,1h,SHORT,2026-04-09 00:30:00+05:30,2026-04-09 22:30:00+05:30,82.85,6918.31,84.1,79.13,84.14,7025.59,STOP_LOSS,0.01,43.62,0.420375,2908.28,-45.1,3.46,-48.56,-48.56,4362.42,4313.87
690,SOL/INR,1h,LONG,2026-04-10 10:30:00+05:30,2026-04-11 00:30:00+05:30,83.42,6965.9,82.17,87.18,85.19,7113.25,INTRADAY_SQUAREOFF,0.01,43.14,0.412855,2875.91,60.83,3.43,57.4,57.4,4313.87,4371.27
691,SOL/INR,1h,LONG,2026-04-11 21:30:00+05:30,2026-04-12 00:30:00+05:30,84.8,7080.75,83.53,88.62,85.4,7131.02,INTRADAY_SQUAREOFF,0.01,43.71,0.411564,2914.18,20.69,3.45,17.24,17.24,4371.27,4388.51
692,SOL/INR,1h,SHORT,2026-04-12 15:30:00+05:30,2026-04-13 00:30:00+05:30,82.2,6863.34,83.43,78.5,82.23,6866.0,INTRADAY_SQUAREOFF,0.01,43.89,0.426275,2925.67,-1.13,3.45,-4.58,-4.58,4388.51,4383.92
693,SOL/INR,1h,SHORT,2026-04-13 08:30:00+05:30,2026-04-13 18:30:00+05:30,81.91,6839.7,83.14,78.23,83.18,6945.77,STOP_LOSS,0.01,43.84,0.427302,2922.62,-45.32,3.48,-48.8,-48.8,4383.92,4335.13
694,SOL/INR,1h,LONG,2026-04-14 01:30:00+05:30,2026-04-15 00:30:00+05:30,84.26,7035.84,83.0,88.05,84.07,7019.54,INTRADAY_SQUAREOFF,0.01,43.35,0.410766,2890.08,-6.7,3.41,-10.1,-10.1,4335.13,4325.02
695,SOL/INR,1h,SHORT,2026-04-15 11:30:00+05:30,2026-04-15 19:30:00+05:30,82.96,6927.03,84.2,79.23,84.24,7034.46,STOP_LOSS,0.01,43.25,0.416246,2883.35,-44.71,3.43,-48.14,-48.14,4325.02,4276.88
696,SOL/INR,1h,LONG,2026-04-16 21:30:00+05:30,2026-04-17 00:30:00+05:30,87.11,7273.98,85.81,91.03,89.09,7438.63,INTRADAY_SQUAREOFF,0.01,42.77,0.39198,2851.25,64.54,3.4,61.14,61.14,4276.88,4338.02
697,SOL/INR,1h,LONG,2026-04-17 12:30:00+05:30,2026-04-18 00:30:00+05:30,88.16,7361.7,86.84,92.13,89.19,7446.98,INTRADAY_SQUAREOFF,0.01,43.38,0.392846,2892.01,33.5,3.43,30.07,30.07,4338.02,4368.09
698,SOL/INR,1h,SHORT,2026-04-19 00:30:00+05:30,2026-04-19 19:30:00+05:30,85.81,7164.89,87.09,81.95,87.14,7276.0,STOP_LOSS,0.01,43.68,0.406435,2912.06,-45.16,3.46,-48.62,-48.62,4368.09,4319.47
699,SOL/INR,1h,SHORT,2026-04-20 11:30:00+05:30,2026-04-20 13:30:00+05:30,83.76,6993.8,85.01,79.99,85.06,7102.26,STOP_LOSS,0.01,43.19,0.411742,2879.64,-44.66,3.42,-48.08,-48.08,4319.47,4271.39
700,SOL/INR,1h,SHORT,2026-04-20 20:30:00+05:30,2026-04-20 22:30:00+05:30,84.57,7061.4,85.84,80.76,85.88,7170.91,STOP_LOSS,0.01,42.71,0.403261,2847.59,-44.16,3.39,-47.55,-47.55,4271.39,4223.84
701,SOL/INR,1h,LONG,2026-04-22 11:30:00+05:30,2026-04-23 00:30:00+05:30,88.36,7378.41,87.04,92.34,87.74,7325.97,INTRADAY_SQUAREOFF,0.01,42.24,0.38164,2815.89,-20.01,3.31,-23.33,-23.33,4223.84,4200.52
702,SOL/INR,1h,LONG,2026-04-23 03:30:00+05:30,2026-04-23 05:30:00+05:30,87.72,7324.94,86.41,91.67,86.36,7211.46,STOP_LOSS,0.01,42.01,0.382303,2800.34,-43.38,3.28,-46.66,-46.66,4200.52,4153.85
703,SOL/INR,1h,SHORT,2026-04-24 00:30:00+05:30,2026-04-24 17:30:00+05:30,85.22,7115.65,86.5,81.38,86.54,7226.0,STOP_LOSS,0.01,41.54,0.389175,2769.24,-42.94,3.29,-46.24,-46.24,4153.85,4107.62
704,SOL/INR,1h,SHORT,2026-04-26 07:30:00+05:30,2026-04-27 00:30:00+05:30,85.95,7176.57,87.24,82.08,86.89,7255.6,INTRADAY_SQUAREOFF,0.01,41.08,0.381576,2738.41,-30.15,3.25,-33.4,-33.4,4107.62,4074.21
705,SOL/INR,1h,SHORT,2026-04-28 07:30:00+05:30,2026-04-29 00:30:00+05:30,84.34,7042.21,85.6,80.54,83.83,6999.96,INTRADAY_SQUAREOFF,0.01,40.74,0.385695,2716.14,16.29,3.2,13.1,13.1,4074.21,4087.31
706,SOL/INR,1h,SHORT,2026-04-30 08:30:00+05:30,2026-05-01 00:30:00+05:30,82.62,6898.66,83.86,78.9,83.05,6934.8,INTRADAY_SQUAREOFF,0.01,40.87,0.394986,2724.87,-14.28,3.22,-17.5,-17.5,4087.31,4069.81
707,SOL/INR,1h,SHORT,2026-05-01 03:30:00+05:30,2026-05-01 08:30:00+05:30,82.79,6912.85,84.03,79.06,84.07,7020.05,STOP_LOSS,0.01,40.7,0.392488,2713.21,-42.08,3.23,-45.3,-45.3,4069.81,4024.51
708,SOL/INR,1h,LONG,2026-05-04 07:30:00+05:30,2026-05-04 15:30:00+05:30,84.93,7091.86,83.66,88.75,83.62,6981.99,STOP_LOSS,0.01,40.25,0.378322,2683.01,-41.57,3.14,-44.71,-44.71,4024.51,3979.8
709,SOL/INR,1h,LONG,2026-05-04 20:30:00+05:30,2026-05-05 00:30:00+05:30,85.36,7127.78,84.08,89.2,84.7,7072.25,INTRADAY_SQUAREOFF,0.01,39.8,0.372234,2653.2,-20.67,3.12,-23.79,-23.79,3979.8,3956.01
710,SOL/INR,1h,LONG,2026-05-05 06:30:00+05:30,2026-05-06 05:30:00+05:30,84.39,7046.75,83.13,88.19,86.21,7198.27,INTRADAY_SQUAREOFF,0.01,39.56,0.374264,2637.34,56.71,3.15,53.57,53.57,3956.01,4009.58
711,SOL/INR,1h,LONG,2026-05-06 12:30:00+05:30,2026-05-07 00:30:00+05:30,87.57,7312.41,86.26,91.51,88.97,7428.62,INTRADAY_SQUAREOFF,0.01,40.1,0.36555,2673.05,42.48,3.18,39.3,39.3,4009.58,4048.88
712,SOL/INR,1h,LONG,2026-05-07 10:30:00+05:30,2026-05-08 00:30:00+05:30,88.42,7383.42,87.1,92.4,88.51,7390.23,INTRADAY_SQUAREOFF,0.01,40.49,0.365583,2699.25,2.49,3.19,-0.7,-0.7,4048.88,4048.18
713,SOL/INR,1h,LONG,2026-05-08 05:30:00+05:30,2026-05-08 23:30:00+05:30,88.53,7392.61,87.21,92.52,92.47,7721.41,TARGET_HIT,0.01,40.48,0.365066,2698.79,120.04,3.26,116.78,116.78,4048.18,4164.96
714,SOL/INR,1h,LONG,2026-05-09 06:30:00+05:30,2026-05-10 00:30:00+05:30,92.67,7737.64,91.28,96.84,93.33,7793.33,INTRADAY_SQUAREOFF,0.01,41.65,0.358849,2776.64,19.99,3.29,16.7,16.7,4164.96,4181.66
715,SOL/INR,1h,LONG,2026-05-10 09:30:00+05:30,2026-05-11 00:30:00+05:30,93.54,7810.32,92.13,97.75,96.33,8043.71,INTRADAY_SQUAREOFF,0.01,41.82,0.356935,2787.77,83.3,3.34,79.97,79.97,4181.66,4261.63
716,SOL/INR,1h,LONG,2026-05-11 11:30:00+05:30,2026-05-11 19:30:00+05:30,95.9,8007.48,94.46,100.21,94.41,7883.42,STOP_LOSS,0.01,42.62,0.354804,2841.08,-44.02,3.33,-47.34,-47.34,4261.63,4214.28
717,SOL/INR,1h,LONG,2026-05-11 21:30:00+05:30,2026-05-12 00:30:00+05:30,96.85,8086.84,95.4,101.21,97.25,8120.49,INTRADAY_SQUAREOFF,0.01,42.14,0.347419,2809.52,11.69,3.32,8.37,8.37,4214.28,4222.65
718,SOL/INR,1h,SHORT,2026-05-14 08:30:00+05:30,2026-05-14 19:30:00+05:30,90.39,7547.96,91.75,86.33,91.8,7665.01,STOP_LOSS,0.01,42.23,0.372962,2815.1,-43.66,3.35,-47.0,-47.0,4222.65,4175.65
719,SOL/INR,1h,LONG,2026-05-15 13:30:00+05:30,2026-05-15 18:30:00+05:30,91.75,7660.78,90.37,95.87,90.32,7542.09,STOP_LOSS,0.01,41.76,0.363379,2783.77,-43.13,3.26,-46.39,-46.39,4175.65,4129.26
720,SOL/INR,1h,SHORT,2026-05-16 01:30:00+05:30,2026-05-17 00:30:00+05:30,89.28,7454.49,90.61,85.26,86.83,7250.59,INTRADAY_SQUAREOFF,0.01,41.29,0.369286,2752.84,75.3,3.2,72.09,72.09,4129.26,4201.36
721,SOL/INR,1h,SHORT,2026-05-17 06:30:00+05:30,2026-05-17 10:30:00+05:30,85.89,7171.57,87.18,82.02,87.22,7282.78,STOP_LOSS,0.01,42.01,0.390557,2800.9,-43.44,3.33,-46.77,-46.77,4201.36,4154.59
722,SOL/INR,1h,SHORT,2026-05-17 18:30:00+05:30,2026-05-18 00:30:00+05:30,86.64,7234.16,87.94,82.74,86.43,7217.17,INTRADAY_SQUAREOFF,0.01,41.55,0.382868,2769.73,6.5,3.26,3.24,3.24,4154.59,4157.83
723,SOL/INR,1h,SHORT,2026-05-18 04:30:00+05:30,2026-05-19 00:30:00+05:30,85.94,7175.74,87.23,82.07,83.48,6970.72,INTRADAY_SQUAREOFF,0.01,41.58,0.386286,2771.89,79.2,3.22,75.97,75.97,4157.83,4233.8
724,SOL/INR,1h,SHORT,2026-05-19 07:30:00+05:30,2026-05-20 00:30:00+05:30,84.79,7079.76,86.06,80.97,84.37,7045.08,INTRADAY_SQUAREOFF,0.01,42.34,0.398676,2822.53,13.83,3.32,10.51,10.51,4233.8,4244.31
725,SOL/INR,1h,SHORT,2026-05-20 04:30:00+05:30,2026-05-20 17:30:00+05:30,83.91,7006.32,85.17,80.13,85.21,7114.97,STOP_LOSS,0.01,42.44,0.403855,2829.54,-43.88,3.36,-47.24,-47.24,4244.31,4197.06
726,SOL/INR,1h,LONG,2026-05-21 13:30:00+05:30,2026-05-21 17:30:00+05:30,86.69,7238.89,85.39,90.59,85.35,7126.74,STOP_LOSS,0.01,41.97,0.386529,2798.04,-43.35,3.28,-46.62,-46.62,4197.06,4150.44
727,SOL/INR,1h,LONG,2026-05-21 23:30:00+05:30,2026-05-22 01:30:00+05:30,87.92,7341.65,86.61,91.88,87.71,7323.46,INTRADAY_SQUAREOFF,0.01,41.5,0.376885,2766.96,-6.85,3.26,-10.12,-10.12,4150.44,4140.32
728,SOL/INR,1h,LONG,2026-05-22 17:30:00+05:30,2026-05-22 23:30:00+05:30,87.29,7289.02,85.98,91.22,85.94,7176.09,STOP_LOSS,0.01,41.4,0.378681,2760.22,-42.76,3.23,-45.99,-45.99,4140.32,4094.33
729,SOL/INR,1h,SHORT,2026-05-23 10:30:00+05:30,2026-05-24 00:30:00+05:30,84.21,7031.36,85.47,80.42,84.68,7070.97,INTRADAY_SQUAREOFF,0.01,40.94,0.388197,2729.55,-15.38,3.23,-18.61,-18.61,4094.33,4075.72
730,SOL/INR,1h,LONG,2026-05-24 11:30:00+05:30,2026-05-24 19:30:00+05:30,86.1,7189.6,84.81,89.98,84.77,7078.22,STOP_LOSS,0.01,40.76,0.377927,2717.15,-42.1,3.18,-45.28,-45.28,4075.72,4030.44
731,SOL/INR,1h,SHORT,2026-05-25 07:30:00+05:30,2026-05-25 10:30:00+05:30,84.69,7071.42,85.96,80.88,86.0,7181.08,STOP_LOSS,0.01,40.3,0.379975,2686.96,-41.67,3.2,-44.86,-44.86,4030.44,3985.58
732,SOL/INR,1h,SHORT,2026-05-25 17:30:00+05:30,2026-05-26 00:30:00+05:30,85.6,7147.36,86.88,81.75,85.87,7170.39,INTRADAY_SQUAREOFF,0.01,39.86,0.371753,2657.05,-8.56,3.14,-11.7,-11.7,3985.58,3973.88
733,SOL/INR,1h,SHORT,2026-05-27 09:30:00+05:30,2026-05-27 20:30:00+05:30,83.33,6957.91,84.58,79.58,84.62,7065.81,STOP_LOSS,0.01,39.74,0.380754,2649.25,-41.08,3.15,-44.23,-44.23,3973.88,3929.65
734,SOL/INR,1h,SHORT,2026-05-27 23:30:00+05:30,2026-05-28 01:30:00+05:30,82.98,6928.7,84.22,79.24,83.81,6998.29,INTRADAY_SQUAREOFF,0.01,39.3,0.378103,2619.76,-26.31,3.11,-29.42,-29.42,3929.65,3900.23
735,SOL/INR,1h,SHORT,2026-05-28 08:30:00+05:30,2026-05-29 00:30:00+05:30,81.87,6836.07,83.1,78.18,82.79,6913.08,INTRADAY_SQUAREOFF,0.01,39.0,0.380358,2600.15,-29.29,3.09,-32.38,-32.38,3900.23,3867.85
736,SOL/INR,1h,SHORT,2026-06-01 07:30:00+05:30,2026-06-02 00:30:00+05:30,81.6,6813.53,82.82,77.93,80.78,6745.16,INTRADAY_SQUAREOFF,0.01,38.68,0.378448,2578.57,25.87,3.03,22.85,22.85,3867.85,3890.7
737,SOL/INR,1h,SHORT,2026-06-02 07:30:00+05:30,2026-06-02 20:30:00+05:30,79.93,6674.16,81.13,76.33,76.37,6377.01,TARGET_HIT,0.01,38.91,0.388633,2593.8,115.48,2.99,112.49,112.49,3890.7,4003.19
738,SOL/INR,1h,SHORT,2026-06-03 04:30:00+05:30,2026-06-03 06:30:00+05:30,73.27,6118.32,74.37,69.98,74.41,6213.2,STOP_LOSS,0.01,40.03,0.436197,2668.79,-41.39,3.17,-44.56,-44.56,4003.19,3958.63
739,SOL/INR,1h,SHORT,2026-06-03 19:30:00+05:30,2026-06-04 00:30:00+05:30,74.26,6200.95,75.38,70.92,73.02,6096.88,INTRADAY_SQUAREOFF,0.01,39.59,0.425594,2639.09,44.29,3.09,41.2,41.2,3958.63,3999.83
740,SOL/INR,1h,SHORT,2026-06-04 13:30:00+05:30,2026-06-04 17:30:00+05:30,69.05,5765.3,70.08,65.94,70.12,5854.7,STOP_LOSS,0.01,40.0,0.462518,2666.55,-41.35,3.17,-44.52,-44.52,3999.83,3955.31
741,SOL/INR,1h,SHORT,2026-06-05 03:30:00+05:30,2026-06-05 05:30:00+05:30,67.56,5640.94,68.57,64.52,68.6,5728.42,STOP_LOSS,0.01,39.55,0.467452,2636.87,-40.89,3.14,-44.03,-44.03,3955.31,3911.28
742,SOL/INR,1h,SHORT,2026-06-05 08:30:00+05:30,2026-06-05 11:30:00+05:30,67.1,5602.55,68.1,64.08,64.11,5353.11,TARGET_HIT,0.01,39.11,0.465417,2607.52,116.09,3.01,113.08,113.08,3911.28,4024.37
743,SOL/INR,1h,SHORT,2026-06-06 00:30:00+05:30,2026-06-06 02:30:00+05:30,62.57,5224.49,63.51,59.75,63.54,5305.51,STOP_LOSS,0.01,40.24,0.513526,2682.91,-41.61,3.19,-44.8,-44.8,4024.37,3979.57
744,SOL/INR,1h,SHORT,2026-06-06 09:30:00+05:30,2026-06-06 13:30:00+05:30,62.58,5225.32,63.52,59.76,63.55,5306.35,STOP_LOSS,0.01,39.8,0.507729,2653.05,-41.14,3.15,-44.3,-44.3,3979.57,3935.27
745,SOL/INR,1h,LONG,2026-06-08 05:30:00+05:30,2026-06-08 09:30:00+05:30,66.57,5558.87,65.57,69.57,65.54,5472.75,STOP_LOSS,0.01,39.35,0.471952,2623.52,-40.64,3.07,-43.72,-43.72,3935.27,3891.56
746,SOL/INR,1h,LONG,2026-06-08 13:30:00+05:30,2026-06-09 00:30:00+05:30,66.2,5527.96,65.21,69.18,67.38,5625.92,INTRADAY_SQUAREOFF,0.01,38.92,0.469318,2594.37,45.98,3.09,42.89,42.89,3891.56,3934.45
747,SOL/INR,1h,SHORT,2026-06-10 03:30:00+05:30,2026-06-11 00:30:00+05:30,64.82,5412.27,65.79,61.9,63.79,5326.62,INTRADAY_SQUAREOFF,0.01,39.34,0.484633,2622.96,41.51,3.07,38.44,38.44,3934.45,3972.88
748,SOL/INR,1h,LONG,2026-06-12 08:30:00+05:30,2026-06-12 11:30:00+05:30,67.23,5614.01,66.23,70.26,66.19,5527.03,STOP_LOSS,0.01,39.73,0.471782,2648.59,-41.03,3.1,-44.13,-44.13,3972.88,3928.75
749,SOL/INR,1h,LONG,2026-06-12 14:30:00+05:30,2026-06-13 00:30:00+05:30,66.98,5593.12,65.98,70.0,66.98,5592.54,INTRADAY_SQUAREOFF,0.01,39.29,0.468283,2619.16,-0.27,3.09,-3.36,-3.36,3928.75,3925.38
750,SOL/INR,1h,LONG,2026-06-13 12:30:00+05:30,2026-06-14 00:30:00+05:30,67.21,5612.33,66.21,70.24,68.05,5681.84,INTRADAY_SQUAREOFF,0.01,39.25,0.466281,2616.92,32.41,3.11,29.3,29.3,3925.38,3954.68
751,SOL/INR,1h,LONG,2026-06-14 09:30:00+05:30,2026-06-14 14:30:00+05:30,69.04,5765.22,68.01,72.15,67.97,5675.9,STOP_LOSS,0.01,39.55,0.457304,2636.46,-40.85,3.09,-43.93,-43.93,3954.68,3910.75
752,SOL/INR,1h,LONG,2026-06-15 16:30:00+05:30,2026-06-15 21:30:00+05:30,72.02,6013.34,70.94,75.26,75.22,6280.79,TARGET_HIT,0.01,39.11,0.433564,2607.17,115.96,3.14,112.82,112.82,3910.75,4023.57
753,SOL/INR,1h,LONG,2026-06-16 12:30:00+05:30,2026-06-16 19:30:00+05:30,74.28,6202.14,73.16,77.62,73.13,6106.05,STOP_LOSS,0.01,40.24,0.432493,2682.38,-41.56,3.14,-44.7,-44.7,4023.57,3978.87
754,SOL/INR,1h,SHORT,2026-06-18 09:30:00+05:30,2026-06-18 23:30:00+05:30,71.46,5967.26,72.54,68.25,68.28,5701.59,TARGET_HIT,0.01,39.79,0.444522,2652.58,118.1,3.06,115.04,115.04,3978.87,4093.91
755,SOL/INR,1h,SHORT,2026-06-19 10:30:00+05:30,2026-06-19 18:30:00+05:30,68.11,5686.85,69.13,65.04,69.16,5775.03,STOP_LOSS,0.01,40.94,0.479927,2729.27,-42.32,3.25,-45.57,-45.57,4093.91,4048.34
756,SOL/INR,1h,SHORT,2026-06-19 22:30:00+05:30,2026-06-20 00:30:00+05:30,68.61,5728.57,69.63,65.52,69.03,5764.38,INTRADAY_SQUAREOFF,0.01,40.48,0.471128,2698.89,-16.87,3.19,-20.06,-20.06,4048.34,4028.28
757,SOL/INR,1h,LONG,2026-06-20 16:30:00+05:30,2026-06-20 19:30:00+05:30,71.68,5984.93,70.6,74.9,70.57,5892.21,STOP_LOSS,0.01,40.28,0.448713,2685.52,-41.61,3.14,-44.75,-44.75,4028.28,3983.53
758,SOL/INR,1h,LONG,2026-06-21 01:30:00+05:30,2026-06-22 00:30:00+05:30,71.88,6001.64,70.8,75.11,74.1,6187.59,INTRADAY_SQUAREOFF,0.01,39.84,0.442493,2655.68,82.28,3.18,79.1,79.1,3983.53,4062.63
759,SOL/INR,1h,LONG,2026-06-22 23:30:00+05:30,2026-06-23 01:30:00+05:30,73.29,6119.43,72.19,76.58,72.6,6062.41,INTRADAY_SQUAREOFF,0.01,40.63,0.442593,2708.42,-25.24,3.18,-28.42,-28.42,4062.63,4034.21
760,SOL/INR,1h,SHORT,2026-06-23 10:30:00+05:30,2026-06-24 00:30:00+05:30,71.28,5952.24,72.35,68.08,68.84,5748.51,INTRADAY_SQUAREOFF,0.01,40.34,0.451842,2689.47,92.06,3.12,88.94,88.94,4034.21,4123.14
761,SOL/INR,1h,SHORT,2026-06-24 08:30:00+05:30,2026-06-24 22:30:00+05:30,69.31,5786.99,70.34,66.19,66.22,5529.34,TARGET_HIT,0.01,41.23,0.47499,2748.76,122.38,3.17,119.21,119.21,4123.14,4242.35
762,SOL/INR,1h,SHORT,2026-06-25 06:30:00+05:30,2026-06-25 10:30:00+05:30,67.47,5633.43,68.48,64.43,68.51,5720.79,STOP_LOSS,0.01,42.42,0.502045,2828.24,-43.86,3.36,-47.22,-47.22,4242.35,4195.13
763,SOL/INR,1h,SHORT,2026-06-26 08:30:00+05:30,2026-06-26 10:30:00+05:30,65.82,5495.73,66.8,62.86,66.84,5580.95,STOP_LOSS,0.01,41.95,0.508896,2796.76,-43.37,3.33,-46.7,-46.7,4195.13,4148.44
764,SOL/INR,1h,LONG,2026-06-26 19:30:00+05:30,2026-06-27 00:30:00+05:30,70.83,5913.92,69.76,74.01,72.45,6049.89,INTRADAY_SQUAREOFF,0.01,41.48,0.467646,2765.62,63.58,3.3,60.28,60.28,4148.44,4208.72
765,SOL/INR,1h,LONG,2026-06-27 08:30:00+05:30,2026-06-28 00:30:00+05:30,72.18,6026.7,71.09,75.42,71.06,5933.33,STOP_LOSS,0.01,42.09,0.465564,2805.81,-43.47,3.29,-46.75,-46.75,4208.72,4161.97
766,SOL/INR,1h,LONG,2026-06-29 20:30:00+05:30,2026-06-30 00:30:00+05:30,73.78,6160.37,72.67,77.1,75.45,6300.26,INTRADAY_SQUAREOFF,0.01,41.62,0.450402,2774.64,63.01,3.31,59.7,59.7,4161.97,4221.66
767,SOL/INR,1h,LONG,2026-07-01 14:30:00+05:30,2026-07-01 17:30:00+05:30,75.44,6299.05,74.31,78.83,74.27,6201.46,STOP_LOSS,0.01,42.22,0.446804,2814.44,-43.6,3.3,-46.9,-46.9,4221.66,4174.77
768,SOL/INR,1h,LONG,2026-07-01 19:30:00+05:30,2026-07-02 00:30:00+05:30,76.04,6349.17,74.9,79.46,77.3,6454.66,INTRADAY_SQUAREOFF,0.01,41.75,0.438353,2783.18,46.24,3.31,42.93,42.93,4174.77,4217.69
769,SOL/INR,1h,LONG,2026-07-02 03:30:00+05:30,2026-07-02 05:30:00+05:30,78.62,6564.71,77.44,82.16,77.4,6463.01,STOP_LOSS,0.01,42.18,0.42832,2811.8,-43.56,3.29,-46.85,-46.85,4217.69,4170.84
770,SOL/INR,1h,LONG,2026-07-02 08:30:00+05:30,2026-07-02 16:30:00+05:30,78.55,6558.86,77.37,82.08,82.04,6850.58,TARGET_HIT,0.01,41.71,0.423939,2780.56,123.67,3.35,120.32,120.32,4170.84,4291.16
771,SOL/INR,1h,LONG,2026-07-03 07:30:00+05:30,2026-07-03 09:30:00+05:30,81.64,6817.01,80.42,85.31,80.38,6711.39,STOP_LOSS,0.01,42.91,0.419652,2860.77,-44.32,3.35,-47.67,-47.67,4291.16,4243.49
772,SOL/INR,1h,LONG,2026-07-03 11:30:00+05:30,2026-07-04 00:30:00+05:30,81.19,6779.41,79.97,84.84,82.0,6846.91,INTRADAY_SQUAREOFF,0.01,42.43,0.417292,2828.99,28.17,3.35,24.81,24.81,4243.49,4268.3
773,SOL/INR,1h,LONG,2026-07-04 09:30:00+05:30,2026-07-04 15:30:00+05:30,82.79,6913.08,81.55,86.52,81.51,6805.98,STOP_LOSS,0.01,42.68,0.411616,2845.53,-44.08,3.33,-47.42,-47.42,4268.3,4220.89
774,SOL/INR,1h,LONG,2026-07-04 21:30:00+05:30,2026-07-05 00:30:00+05:30,82.37,6877.99,81.14,86.08,82.15,6859.43,INTRADAY_SQUAREOFF,0.01,42.21,0.40912,2813.92,-7.59,3.32,-10.91,-10.91,4220.89,4209.98
775,SOL/INR,1h,SHORT,2026-07-05 15:30:00+05:30,2026-07-05 17:30:00+05:30,79.6,6646.61,80.79,76.02,80.83,6749.69,STOP_LOSS,0.01,42.1,0.422268,2806.65,-43.52,3.34,-46.86,-46.86,4209.98,4163.12
776,SOL/INR,1h,SHORT,2026-07-06 00:30:00+05:30,2026-07-06 02:30:00+05:30,80.85,6750.94,82.06,77.21,82.1,6855.63,STOP_LOSS,0.01,41.63,0.411115,2775.41,-43.04,3.3,-46.34,-46.34,4163.12,4116.78
777,SOL/INR,1h,LONG,2026-07-06 13:30:00+05:30,2026-07-06 17:30:00+05:30,80.94,6758.53,79.73,84.58,79.69,6653.82,STOP_LOSS,0.01,41.17,0.406082,2744.52,-42.52,3.21,-45.73,-45.73,4116.78,4071.04
778,SOL/INR,1h,LONG,2026-07-07 12:30:00+05:30,2026-07-08 00:30:00+05:30,81.61,6814.5,80.39,85.28,81.14,6775.14,INTRADAY_SQUAREOFF,0.01,40.71,0.398273,2714.03,-15.68,3.19,-18.87,-18.87,4071.04,4052.17
779,SOL/INR,1h,SHORT,2026-07-08 14:30:00+05:30,2026-07-09 00:30:00+05:30,76.79,6412.1,77.94,73.34,77.12,6439.4,INTRADAY_SQUAREOFF,0.01,40.52,0.421305,2701.45,-11.5,3.19,-14.7,-14.7,4052.17,4037.48
780,SOL/INR,1h,SHORT,2026-07-09 07:30:00+05:30,2026-07-09 11:30:00+05:30,77.22,6447.98,78.38,73.75,78.42,6547.98,STOP_LOSS,0.01,40.37,0.417441,2691.65,-41.74,3.2,-44.94,-44.94,4037.48,3992.54
781,SOL/INR,1h,SHORT,2026-07-09 16:30:00+05:30,2026-07-10 00:30:00+05:30,77.44,6466.35,78.6,73.96,78.19,6528.79,INTRADAY_SQUAREOFF,0.01,39.93,0.411622,2661.69,-25.7,3.16,-28.86,-28.86,3992.54,3963.68
782,SOL/INR,1h,SHORT,2026-07-10 23:30:00+05:30,2026-07-11 01:30:00+05:30,77.48,6469.68,78.64,73.99,77.87,6502.05,INTRADAY_SQUAREOFF,0.01,39.64,0.408436,2642.45,-13.22,3.13,-16.35,-16.35,3963.68,3947.33
783,SOL/INR,1h,SHORT,2026-07-11 06:30:00+05:30,2026-07-12 00:30:00+05:30,77.68,6486.38,78.85,74.19,78.06,6517.93,INTRADAY_SQUAREOFF,0.01,39.47,0.405705,2631.55,-12.8,3.11,-15.91,-15.91,3947.33,3931.42
784,SOL/INR,1h,SHORT,2026-07-12 05:30:00+05:30,2026-07-13 00:30:00+05:30,76.61,6397.07,77.76,73.16,77.56,6476.16,INTRADAY_SQUAREOFF,0.01,39.31,0.40971,2620.94,-32.4,3.11,-35.51,-35.51,3931.42,3895.9
785,SOL/INR,1h,SHORT,2026-07-13 03:30:00+05:30,2026-07-13 05:30:00+05:30,76.9,6421.28,78.06,73.44,78.09,6520.86,STOP_LOSS,0.01,38.96,0.404479,2597.27,-40.28,3.09,-43.37,-43.37,3895.9,3852.54
786,SOL/INR,1h,SHORT,2026-07-13 07:30:00+05:30,2026-07-14 06:30:00+05:30,76.17,6360.35,77.31,72.74,75.4,6295.71,INTRADAY_SQUAREOFF,0.01,38.53,0.403808,2568.36,26.1,3.02,23.09,23.09,3852.54,3875.63
787,SOL/INR,1h,SHORT,2026-07-14 13:30:00+05:30,2026-07-14 17:30:00+05:30,74.76,6242.68,75.88,71.4,75.92,6339.49,STOP_LOSS,0.01,38.76,0.413885,2583.75,-40.07,3.07,-43.14,-43.14,3875.63,3832.49
788,SOL/INR,1h,LONG,2026-07-15 05:30:00+05:30,2026-07-16 00:30:00+05:30,77.91,6505.4,76.74,81.41,77.5,6471.35,INTRADAY_SQUAREOFF,0.01,38.32,0.39275,2554.99,-13.37,3.01,-16.38,-16.38,3832.49,3816.11
789,SOL/INR,1h,LONG,2026-07-16 11:30:00+05:30,2026-07-16 13:30:00+05:30,77.48,6469.47,76.32,80.97,76.28,6369.25,STOP_LOSS,0.01,38.16,0.393243,2544.07,-39.41,2.98,-42.39,-42.39,3816.11,3773.72
790,SOL/INR,1h,SHORT,2026-07-16 23:30:00+05:30,2026-07-17 01:30:00+05:30,75.31,6288.58,76.44,71.92,75.77,6326.62,INTRADAY_SQUAREOFF,0.01,37.74,0.40006,2515.81,-15.22,2.98,-18.2,-18.2,3773.72,3755.52
791,SOL/INR,1h,SHORT,2026-07-17 04:30:00+05:30,2026-07-18 00:30:00+05:30,75.16,6276.06,76.29,71.78,75.31,6288.19,INTRADAY_SQUAREOFF,0.01,37.56,0.398926,2503.68,-4.84,2.96,-7.8,-7.8,3755.52,3747.73
792,SOL/INR,1h,SHORT,2026-07-18 10:30:00+05:30,2026-07-19 00:30:00+05:30,74.96,6259.37,76.09,71.59,75.28,6285.68,INTRADAY_SQUAREOFF,0.01,37.48,0.399159,2498.48,-10.5,2.95,-13.46,-13.46,3747.73,3734.27
793,SOL/INR,1h,LONG,2026-07-20 02:30:00+05:30,2026-07-21 00:30:00+05:30,76.16,6359.2,75.02,79.59,77.55,6475.53,INTRADAY_SQUAREOFF,0.01,37.34,0.391482,2489.51,45.54,2.96,42.58,42.58,3734.27,3776.85
794,SOL/INR,1h,LONG,2026-07-21 05:30:00+05:30,2026-07-22 00:30:00+05:30,77.87,6502.05,76.7,81.37,77.77,6493.89,INTRADAY_SQUAREOFF,0.01,37.77,0.387246,2517.9,-3.16,2.97,-6.13,-6.13,3776.85,3770.71
795,SOL/INR,1h,LONG,2026-07-22 05:30:00+05:30,2026-07-22 11:30:00+05:30,78.19,6528.79,77.02,81.71,76.98,6427.64,STOP_LOSS,0.01,37.71,0.385035,2513.81,-38.95,2.94,-41.89,-41.89,3770.71,3728.82
796,SOL/INR,1h,LONG,2026-07-23 03:30:00+05:30,2026-07-23 17:30:00+05:30,78.07,6518.76,76.9,81.58,76.86,6417.77,STOP_LOSS,0.01,37.29,0.381343,2485.88,-38.51,2.91,-41.42,-41.42,3728.82,3687.4
797,SOL/INR,1h,SHORT,2026-07-24 07:30:00+05:30,2026-07-25 00:30:00+05:30,75.57,6310.28,76.71,72.17,73.95,6174.57,INTRADAY_SQUAREOFF,0.01,36.87,0.389566,2458.27,52.87,2.87,50.0,50.0,3687.4,3737.4
798,SOL/INR,1h,SHORT,2026-07-25 11:30:00+05:30,2026-07-26 00:30:00+05:30,73.8,6162.56,74.91,70.48,74.62,6230.54,INTRADAY_SQUAREOFF,0.01,37.37,0.404313,2491.6,-27.49,2.96,-30.44,-30.44,3737.4,3706.95
799,SOL/INR,1h,LONG,2026-07-26 21:30:00+05:30,2026-07-27 00:30:00+05:30,75.48,6302.39,74.35,78.87,75.29,6286.91,INTRADAY_SQUAREOFF,0.01,37.07,0.392122,2471.3,-6.07,2.91,-8.98,-8.98,3706.95,3697.97
800,SOL/INR,1h,LONG,2026-07-27 04:30:00+05:30,2026-07-27 19:30:00+05:30,76.78,6410.99,75.63,80.23,75.59,6311.67,STOP_LOSS,0.01,36.98,0.384545,2465.31,-38.19,2.89,-41.08,-41.08,3697.97,3656.89
801,SOL/INR,1h,SHORT,2026-07-28 04:30:00+05:30,2026-07-29 00:30:00+05:30,73.9,6170.9,75.01,70.58,73.86,6167.05,INTRADAY_SQUAREOFF,0.01,36.57,0.395068,2437.93,1.52,2.88,-1.35,-1.35,3656.89,3655.54
802,SOL/INR,1h,LONG,2026-07-29 12:30:00+05:30,2026-07-29 20:30:00+05:30,74.04,6182.09,72.93,77.37,72.89,6086.31,STOP_LOSS,0.01,36.56,0.394207,2437.02,-37.76,2.85,-40.61,-40.61,3655.54,3614.93
803,SOL/INR,1h,LONG,2026-07-29 23:30:00+05:30,2026-07-30 01:30:00+05:30,73.84,6165.38,72.73,77.16,72.69,6069.86,STOP_LOSS,0.01,36.15,0.390885,2409.95,-37.34,2.82,-40.16,-40.16,3614.93,3574.77
804,SOL/INR,1h,LONG,2026-07-30 04:30:00+05:30,2026-07-31 00:30:00+05:30,73.75,6157.86,72.64,77.07,74.4,6212.63,INTRADAY_SQUAREOFF,0.01,35.75,0.387014,2383.18,21.2,2.82,18.37,18.37,3574.77,3593.14
805,SOL/INR,1h,LONG,2026-07-31 11:30:00+05:30,2026-07-31 18:30:00+05:30,74.28,6202.14,73.16,77.62,73.13,6106.05,STOP_LOSS,0.01,35.93,0.386226,2395.43,-37.11,2.8,-39.92,-39.92,3593.14,3553.23
806,SOL/INR,1h,SHORT,2026-08-01 02:30:00+05:30,2026-08-02 00:30:00+05:30,72.82,6080.77,73.92,69.55,71.03,5930.63,INTRADAY_SQUAREOFF,0.01,35.53,0.389559,2368.82,58.49,2.76,55.73,55.73,3553.23,3608.95
807,SOL/INR,1h,LONG,2026-08-04 07:30:00+05:30,2026-08-05 00:30:00+05:30,73.79,6161.2,72.68,77.11,74.07,6185.09,INTRADAY_SQUAREOFF,0.01,36.09,0.390503,2405.97,9.33,2.84,6.48,6.48,3608.95,3615.44
808,SOL/INR,1h,LONG,2026-08-05 07:30:00+05:30,2026-08-06 00:30:00+05:30,74.1,6187.1,72.99,77.43,74.4,6212.63,INTRADAY_SQUAREOFF,0.01,36.15,0.389567,2410.29,9.95,2.85,7.1,7.1,3615.44,3622.53
809,SOL/INR,1h,LONG,2026-08-06 10:30:00+05:30,2026-08-06 23:30:00+05:30,73.84,6165.38,72.73,77.16,72.69,6069.86,STOP_LOSS,0.01,36.23,0.391707,2415.02,-37.41,2.83,-40.24,-40.24,3622.53,3582.29
810,SOL/INR,1h,SHORT,2026-08-07 04:30:00+05:30,2026-08-07 14:30:00+05:30,72.55,6058.23,73.64,69.29,73.68,6152.18,STOP_LOSS,0.01,35.82,0.394206,2388.19,-37.03,2.84,-39.87,-39.87,3582.29,3542.42
811,SOL/INR,1h,LONG,2026-08-08 01:30:00+05:30,2026-08-09 00:30:00+05:30,74.03,6181.25,72.92,77.36,76.03,6348.67,INTRADAY_SQUAREOFF,0.01,35.42,0.38206,2361.61,63.96,2.82,61.14,61.14,3542.42,3603.55
812,SOL/INR,1h,LONG,2026-08-09 12:30:00+05:30,2026-08-10 00:30:00+05:30,76.47,6385.1,75.32,79.91,77.1,6437.97,INTRADAY_SQUAREOFF,0.01,36.04,0.376246,2402.37,19.89,2.85,17.05,17.05,3603.55,3620.6
813,SOL/INR,1h,SHORT,2026-08-11 05:30:00+05:30,2026-08-12 00:30:00+05:30,75.86,6334.48,77.0,72.45,75.24,6282.34,INTRADAY_SQUAREOFF,0.01,36.21,0.381047,2413.73,19.87,2.84,17.03,17.03,3620.6,3637.63
814,SOL/INR,1h,SHORT,2026-08-13 03:30:00+05:30,2026-08-13 10:30:00+05:30,75.32,6289.41,76.45,71.93,76.49,6386.95,STOP_LOSS,0.01,36.38,0.385583,2425.09,-37.61,2.88,-40.49,-40.49,3637.63,3597.14
815,SOL/INR,1h,SHORT,2026-08-13 21:30:00+05:30,2026-08-14 00:30:00+05:30,75.53,6306.94,76.67,72.13,75.99,6345.0,INTRADAY_SQUAREOFF,0.01,35.97,0.380231,2398.09,-14.47,2.84,-17.31,-17.31,3597.14,3579.83
816,SOL/INR,1h,SHORT,2026-08-14 08:30:00+05:30,2026-08-15 00:30:00+05:30,75.88,6336.15,77.02,72.47,74.92,6255.61,INTRADAY_SQUAREOFF,0.01,35.8,0.376657,2386.56,30.34,2.8,27.54,27.54,3579.83,3607.37
817,SOL/INR,1h,SHORT,2026-08-15 11:30:00+05:30,2026-08-16 00:30:00+05:30,75.2,6279.4,76.33,71.82,75.52,6305.73,INTRADAY_SQUAREOFF,0.01,36.07,0.382985,2404.92,-10.09,2.84,-12.93,-12.93,3607.37,3594.44
818,SOL/INR,1h,SHORT,2026-08-16 05:30:00+05:30,2026-08-17 00:30:00+05:30,75.2,6279.4,76.33,71.82,75.15,6274.82,INTRADAY_SQUAREOFF,0.01,35.94,0.381612,2396.3,1.75,2.83,-1.08,-1.08,3594.44,3593.36
819,SOL/INR,1h,SHORT,2026-08-17 02:30:00+05:30,2026-08-17 20:30:00+05:30,74.88,6252.69,76.01,71.51,76.04,6349.66,STOP_LOSS,0.01,35.93,0.383127,2395.58,-37.15,2.85,-40.0,-40.0,3593.36,3553.37
820,SOL/INR,1h,LONG,2026-08-18 02:30:00+05:30,2026-08-19 00:30:00+05:30,76.08,6352.51,74.94,79.5,77.16,6442.98,INTRADAY_SQUAREOFF,0.01,35.53,0.372909,2368.91,33.73,2.82,30.92,30.92,3553.37,3584.29
821,SOL/INR,1h,LONG,2026-08-19 12:30:00+05:30,2026-08-19 19:30:00+05:30,77.12,6439.4,75.96,80.59,80.55,6725.81,TARGET_HIT,0.01,35.84,0.371079,2389.52,106.28,2.88,103.4,103.4,3584.29,3687.68
822,SOL/INR,1h,LONG,2026-08-20 10:30:00+05:30,2026-08-21 00:30:00+05:30,84.9,7089.35,83.63,88.72,86.8,7247.51,INTRADAY_SQUAREOFF,0.01,36.88,0.346781,2458.46,54.85,2.93,51.91,51.91,3687.68,3739.6
823,SOL/INR,1h,LONG,2026-08-21 11:30:00+05:30,2026-08-22 00:30:00+05:30,90.71,7573.9,89.34,94.79,91.51,7641.44,INTRADAY_SQUAREOFF,0.01,37.4,0.329165,2493.06,22.23,2.95,19.28,19.28,3739.6,3758.87
824,SOL/INR,1h,LONG,2026-08-22 02:30:00+05:30,2026-08-22 08:30:00+05:30,91.98,7679.99,90.6,96.11,96.07,8021.58,TARGET_HIT,0.01,37.59,0.326291,2505.92,111.46,3.02,108.43,108.43,3758.87,3867.31
825,SOL/INR,1h,LONG,2026-08-25 05:30:00+05:30,2026-08-25 17:30:00+05:30,99.03,8268.96,97.54,103.49,97.5,8140.86,STOP_LOSS,0.01,38.67,0.311793,2578.21,-39.94,3.02,-42.96,-42.96,3867.31,3824.35
826,SOL/INR,1h,LONG,2026-08-27 11:30:00+05:30,2026-08-27 19:30:00+05:30,102.27,8539.64,100.74,106.87,106.82,8919.46,TARGET_HIT,0.01,38.24,0.298557,2549.56,113.4,3.08,110.32,110.32,3824.35,3934.67
827,SOL/INR,1h,LONG,2026-08-28 20:30:00+05:30,2026-08-28 22:30:00+05:30,106.72,8911.4,105.12,111.53,105.07,8773.34,STOP_LOSS,0.01,39.35,0.294355,2623.11,-40.64,3.07,-43.71,-43.71,3934.67,3890.96
828,SOL/INR,1h,SHORT,2026-08-29 06:30:00+05:30,2026-08-29 19:30:00+05:30,103.85,8671.31,105.41,99.17,105.46,8805.78,STOP_LOSS,0.01,38.91,0.299144,2593.97,-40.23,3.08,-43.31,-43.31,3890.96,3847.65
829,SOL/INR,1h,LONG,2026-08-30 12:30:00+05:30,2026-08-31 00:30:00+05:30,105.48,8807.81,103.9,110.23,106.64,8904.16,INTRADAY_SQUAREOFF,0.01,38.48,0.29123,2565.1,28.06,3.04,25.02,25.02,3847.65,3872.67
830,SOL/INR,1h,SHORT,2026-08-31 19:30:00+05:30,2026-08-31 22:30:00+05:30,102.1,8525.26,103.63,97.5,103.68,8657.47,STOP_LOSS,0.01,38.73,0.302839,2581.78,-40.04,3.07,-43.11,-43.11,3872.67,3829.56
831,SOL/INR,1h,SHORT,2026-09-01 04:30:00+05:30,2026-09-01 23:30:00+05:30,103.05,8604.55,104.59,98.41,98.46,8221.45,TARGET_HIT,0.01,38.3,0.296708,2553.04,113.67,2.95,110.72,110.72,3829.56,3940.28
832,SOL/INR,1h,SHORT,2026-09-02 14:30:00+05:30,2026-09-03 00:30:00+05:30,98.73,8244.01,100.21,94.29,99.49,8307.39,INTRADAY_SQUAREOFF,0.01,39.4,0.318638,2626.86,-20.2,3.11,-23.31,-23.31,3940.28,3916.97
833,SOL/INR,1h,LONG,2026-09-03 20:30:00+05:30,2026-09-04 00:30:00+05:30,104.85,8755.18,103.28,109.57,105.15,8779.81,INTRADAY_SQUAREOFF,0.01,39.17,0.29826,2611.32,7.35,3.09,4.26,4.26,3916.97,3921.23
834,SOL/INR,1h,LONG,2026-09-04 14:30:00+05:30,2026-09-04 17:30:00+05:30,104.54,8729.28,102.97,109.25,102.92,8594.04,STOP_LOSS,0.01,39.21,0.29947,2614.16,-40.5,3.06,-43.56,-43.56,3921.23,3877.67
835,SOL/INR,1h,SHORT,2026-09-04 23:30:00+05:30,2026-09-05 01:30:00+05:30,101.04,8436.79,102.56,96.49,101.73,8494.53,INTRADAY_SQUAREOFF,0.01,38.78,0.30641,2585.12,-17.69,3.06,-20.75,-20.75,3877.67,3856.92
836,SOL/INR,1h,SHORT,2026-09-05 03:30:00+05:30,2026-09-05 17:30:00+05:30,101.47,8472.68,102.99,96.9,103.04,8604.07,STOP_LOSS,0.01,38.57,0.303479,2571.28,-39.87,3.06,-42.93,-42.93,3856.92,3813.99
837,SOL/INR,1h,LONG,2026-09-06 07:30:00+05:30,2026-09-07 00:30:00+05:30,104.28,8707.56,102.72,108.97,105.93,8844.91,INTRADAY_SQUAREOFF,0.01,38.14,0.292006,2542.66,40.11,3.02,37.08,37.08,3813.99,3851.07
838,SOL/INR,1h,LONG,2026-09-07 05:30:00+05:30,2026-09-07 07:30:00+05:30,106.8,8918.08,105.2,111.61,105.15,8779.92,STOP_LOSS,0.01,38.51,0.287885,2567.38,-39.78,3.01,-42.78,-42.78,3851.07,3808.29
839,SOL/INR,1h,LONG,2026-09-07 18:30:00+05:30,2026-09-07 20:30:00+05:30,105.94,8846.24,104.35,110.71,104.3,8709.19,STOP_LOSS,0.01,38.08,0.286999,2538.86,-39.33,2.97,-42.31,-42.31,3808.29,3765.99
840,SOL/INR,1h,SHORT,2026-09-10 04:30:00+05:30,2026-09-10 08:30:00+05:30,100.43,8385.89,101.94,95.91,101.99,8515.93,STOP_LOSS,0.01,37.66,0.299391,2510.66,-38.93,2.99,-41.92,-41.92,3765.99,3724.07
841,SOL/INR,1h,SHORT,2026-09-11 04:30:00+05:30,2026-09-11 17:30:00+05:30,99.17,8280.73,100.66,94.71,100.71,8409.14,STOP_LOSS,0.01,37.24,0.299818,2482.71,-38.5,2.95,-41.45,-41.45,3724.07,3682.62
842,SOL/INR,1h,LONG,2026-09-12 01:30:00+05:30,2026-09-13 00:30:00+05:30,102.16,8530.45,100.63,106.76,101.58,8481.86,INTRADAY_SQUAREOFF,0.01,36.83,0.287802,2455.08,-13.98,2.89,-16.87,-16.87,3682.62,3665.74
843,SOL/INR,1h,LONG,2026-09-13 07:30:00+05:30,2026-09-13 12:30:00+05:30,102.38,8548.83,100.85,106.99,100.8,8416.38,STOP_LOSS,0.01,36.66,0.285867,2443.83,-37.86,2.86,-40.72,-40.72,3665.74,3625.02
844,SOL/INR,1h,SHORT,2026-09-14 01:30:00+05:30,2026-09-14 14:30:00+05:30,100.76,8413.43,102.27,96.23,102.32,8543.9,STOP_LOSS,0.01,36.25,0.287241,2416.68,-37.48,2.87,-40.35,-40.35,3625.02,3584.67
845,SOL/INR,1h,SHORT,2026-09-16 07:30:00+05:30,2026-09-16 16:30:00+05:30,96.28,8039.53,97.73,91.95,97.77,8164.21,STOP_LOSS,0.01,35.85,0.297254,2389.78,-37.06,2.84,-39.9,-39.9,3584.67,3544.77
846,SOL/INR,1h,SHORT,2026-09-17 04:30:00+05:30,2026-09-17 06:30:00+05:30,97.31,8125.5,98.77,92.93,98.82,8251.5,STOP_LOSS,0.01,35.45,0.290835,2363.18,-36.65,2.81,-39.46,-39.46,3544.77,3505.31
847,SOL/INR,1h,LONG,2026-09-17 14:30:00+05:30,2026-09-18 00:30:00+05:30,100.3,8375.06,98.8,104.81,100.7,8408.42,INTRADAY_SQUAREOFF,0.01,35.05,0.279028,2336.87,9.31,2.76,6.54,6.54,3505.31,3511.86
848,SOL/INR,1h,LONG,2026-09-18 08:30:00+05:30,2026-09-18 18:30:00+05:30,102.87,8589.76,101.33,107.5,107.45,8971.81,TARGET_HIT,0.01,35.12,0.272561,2341.24,104.13,2.82,101.31,101.31,3511.86,3613.17
849,SOL/INR,1h,LONG,2026-09-19 01:30:00+05:30,2026-09-19 04:30:00+05:30,114.38,9550.49,112.66,119.52,112.61,9402.53,STOP_LOSS,0.01,36.13,0.252215,2408.78,-37.32,2.82,-40.14,-40.14,3613.17,3573.03
850,SOL/INR,1h,LONG,2026-09-19 06:30:00+05:30,2026-09-19 09:30:00+05:30,113.81,9502.87,112.1,118.93,112.04,9355.65,STOP_LOSS,0.01,35.73,0.250663,2382.02,-36.9,2.79,-39.69,-39.69,3573.03,3533.33
851,SOL/INR,1h,LONG,2026-09-19 14:30:00+05:30,2026-09-19 23:30:00+05:30,112.46,9390.09,110.77,117.52,110.71,9244.62,STOP_LOSS,0.01,35.33,0.250855,2355.56,-36.49,2.76,-39.25,-39.25,3533.33,3494.08
852,SOL/INR,1h,LONG,2026-09-21 14:30:00+05:30,2026-09-22 00:30:00+05:30,116.36,9715.91,114.61,121.59,117.69,9827.21,INTRADAY_SQUAREOFF,0.01,34.94,0.23975,2329.39,26.68,2.76,23.92,23.92,3494.08,3518.0
853,SOL/INR,1h,LONG,2026-09-22 14:30:00+05:30,2026-09-22 19:30:00+05:30,118.0,9852.91,116.23,123.31,116.17,9700.27,STOP_LOSS,0.01,35.18,0.238035,2345.34,-36.34,2.75,-39.08,-39.08,3518.0,3478.92
854,SOL/INR,1h,LONG,2026-09-23 10:30:00+05:30,2026-09-23 12:30:00+05:30,119.76,9999.95,117.96,125.15,117.9,9845.02,STOP_LOSS,0.01,34.79,0.231929,2319.28,-35.93,2.72,-38.65,-38.65,3478.92,3440.28
