trade_no,coin,timeframe,direction,entry_time,exit_time,entry_price_usd,entry_price_inr,stop_price_usd,target_price_usd,exit_price_usd,exit_price_inr,exit_reason,risk_pct,risk_inr,position_size_coin,position_size_inr,gross_pnl_inr,fees_inr,net_pnl_inr,net_pnl,equity_before,equity_after
1,BTC/INR,1h,LONG,2024-09-26 21:30:00+05:30,2024-09-27 00:30:00+05:30,65506.05,5469754.78,64195.92,68126.29,65256.97,5448956.87,INTRADAY_SQUAREOFF,0.01,100.0,0.000914,5000.0,-19.01,5.89,-24.9,-24.9,10000.0,9975.1
2,BTC/INR,1h,LONG,2024-09-27 03:30:00+05:30,2024-09-28 00:30:00+05:30,65087.26,5434786.03,63785.51,67690.75,65859.9,5499301.43,INTRADAY_SQUAREOFF,0.01,99.75,0.000918,4987.55,59.21,5.92,53.29,53.29,9975.1,10028.39
3,BTC/INR,1h,LONG,2024-09-28 07:30:00+05:30,2024-09-29 00:30:00+05:30,66032.95,5513750.93,64712.29,68674.26,65681.21,5484381.31,INTRADAY_SQUAREOFF,0.01,100.28,0.000909,5014.19,-26.71,5.9,-32.61,-32.61,10028.39,9995.78
4,BTC/INR,1h,LONG,2024-09-29 05:30:00+05:30,2024-09-30 00:30:00+05:30,65981.37,5509444.62,64661.75,68620.63,65770.47,5491834.52,INTRADAY_SQUAREOFF,0.01,99.96,0.000907,4997.89,-15.97,5.89,-21.86,-21.86,9995.78,9973.91
5,BTC/INR,1h,SHORT,2024-09-30 12:30:00+05:30,2024-10-01 00:30:00+05:30,64333.27,5371828.4,65619.94,61759.94,63351.79,5289874.05,INTRADAY_SQUAREOFF,0.01,99.74,0.000928,4986.96,76.08,5.84,70.24,70.24,9973.91,10044.16
6,BTC/INR,1h,SHORT,2024-10-02 15:30:00+05:30,2024-10-03 00:30:00+05:30,61119.47,5103475.57,62341.86,58674.69,60811.97,5077799.4,INTRADAY_SQUAREOFF,0.01,100.44,0.000984,5022.08,25.27,5.91,19.36,19.36,10044.16,10063.51
7,BTC/INR,1h,SHORT,2024-10-03 13:30:00+05:30,2024-10-04 00:30:00+05:30,60862.06,5081982.14,62079.3,58427.58,60745.15,5072220.06,INTRADAY_SQUAREOFF,0.01,100.64,0.00099,5031.76,9.67,5.93,3.73,3.73,10063.51,10067.25
8,BTC/INR,1h,SHORT,2024-10-04 06:30:00+05:30,2024-10-04 17:30:00+05:30,60437.06,5046494.78,61645.8,58019.58,61676.63,5149998.39,STOP_LOSS,0.01,100.67,0.000997,5033.62,-103.24,6.0,-109.24,-109.24,10067.25,9958.0
9,BTC/INR,1h,LONG,2024-10-05 00:30:00+05:30,2024-10-06 00:30:00+05:30,62360.88,5207133.78,61113.67,64855.32,61833.21,5163073.24,INTRADAY_SQUAREOFF,0.01,99.58,0.000956,4979.0,-42.13,5.85,-47.98,-47.98,9958.0,9910.02
10,BTC/INR,1h,LONG,2024-10-07 06:30:00+05:30,2024-10-08 00:30:00+05:30,63728.09,5321295.54,62453.53,66277.21,62809.52,5244595.0,INTRADAY_SQUAREOFF,0.01,99.1,0.000931,4955.01,-71.42,5.8,-77.23,-77.23,9910.02,9832.8
11,BTC/INR,1h,SHORT,2024-10-09 04:30:00+05:30,2024-10-10 00:30:00+05:30,62099.17,5185280.96,63341.16,59615.21,61167.65,5107499.15,INTRADAY_SQUAREOFF,0.01,98.33,0.000948,4916.4,73.75,5.76,67.99,67.99,9832.8,9900.79
12,BTC/INR,1h,SHORT,2024-10-10 06:30:00+05:30,2024-10-11 00:30:00+05:30,60321.22,5036821.77,61527.64,57908.37,59454.54,4964454.14,INTRADAY_SQUAREOFF,0.01,99.01,0.000983,4950.39,71.13,5.8,65.33,65.33,9900.79,9966.12
13,BTC/INR,1h,LONG,2024-10-11 23:30:00+05:30,2024-10-12 01:30:00+05:30,62940.76,5255553.73,61681.95,65458.39,63053.4,5264958.81,INTRADAY_SQUAREOFF,0.01,99.66,0.000948,4983.06,8.92,5.89,3.03,3.03,9966.12,9969.15
14,BTC/INR,1h,LONG,2024-10-12 06:30:00+05:30,2024-10-13 00:30:00+05:30,62860.31,5248835.8,61603.1,65374.72,62899.62,5252117.98,INTRADAY_SQUAREOFF,0.01,99.69,0.00095,4984.57,3.12,5.88,-2.77,-2.77,9969.15,9966.38
15,BTC/INR,1h,LONG,2024-10-14 13:30:00+05:30,2024-10-15 00:30:00+05:30,64632.37,5396802.92,63339.72,67217.67,65709.99,5486783.99,INTRADAY_SQUAREOFF,0.01,99.66,0.000923,4983.19,83.08,5.93,77.16,77.16,9966.38,10043.54
16,BTC/INR,1h,LONG,2024-10-15 04:30:00+05:30,2024-10-15 20:30:00+05:30,66468.08,5550085.07,65138.72,69126.81,65106.15,5436363.82,STOP_LOSS,0.01,100.44,0.000905,5021.77,-102.9,5.86,-108.76,-108.76,10043.54,9934.78
17,BTC/INR,1h,LONG,2024-10-16 05:30:00+05:30,2024-10-17 00:30:00+05:30,67143.01,5606441.16,65800.15,69828.73,67785.67,5660103.31,INTRADAY_SQUAREOFF,0.01,99.35,0.000886,4967.39,47.55,5.89,41.66,41.66,9934.78,9976.43
18,BTC/INR,1h,LONG,2024-10-17 04:30:00+05:30,2024-10-18 00:30:00+05:30,67864.77,5666708.04,66507.47,70579.36,66887.51,5585106.94,INTRADAY_SQUAREOFF,0.01,99.76,0.00088,4988.22,-71.83,5.84,-77.67,-77.67,9976.43,9898.76
19,BTC/INR,1h,LONG,2024-10-18 19:30:00+05:30,2024-10-19 00:30:00+05:30,68206.28,5695224.5,66842.16,70934.53,68838.36,5748003.1,INTRADAY_SQUAREOFF,0.01,98.99,0.000869,4949.38,45.87,5.87,40.0,40.0,9898.76,9938.76
20,BTC/INR,1h,LONG,2024-10-19 05:30:00+05:30,2024-10-20 00:30:00+05:30,68481.07,5718169.11,67111.45,71220.31,68140.85,5689760.98,INTRADAY_SQUAREOFF,0.01,99.39,0.000869,4969.38,-24.69,5.85,-30.54,-30.54,9938.76,9908.22
21,BTC/INR,1h,LONG,2024-10-20 12:30:00+05:30,2024-10-21 00:30:00+05:30,68422.0,5713236.88,67053.56,71158.88,68554.45,5724296.39,INTRADAY_SQUAREOFF,0.01,99.08,0.000867,4954.11,9.59,5.85,3.74,3.74,9908.22,9911.96
22,BTC/INR,1h,LONG,2024-10-21 02:30:00+05:30,2024-10-21 18:30:00+05:30,68920.19,5754836.11,67541.79,71677.0,67508.02,5636919.51,STOP_LOSS,0.01,99.12,0.000861,4955.98,-101.55,5.79,-107.34,-107.34,9911.96,9804.62
23,BTC/INR,1h,SHORT,2024-10-22 05:30:00+05:30,2024-10-23 00:30:00+05:30,67325.13,5621647.96,68671.63,64632.12,67364.49,5624935.21,INTRADAY_SQUAREOFF,0.01,98.05,0.000872,4902.31,-2.87,5.79,-8.65,-8.65,9804.62,9795.97
24,BTC/INR,1h,SHORT,2024-10-23 05:30:00+05:30,2024-10-24 00:30:00+05:30,67255.1,5615800.67,68600.2,64564.89,65999.87,5510988.83,INTRADAY_SQUAREOFF,0.01,97.96,0.000872,4897.98,91.41,5.73,85.69,85.69,9795.97,9881.66
25,BTC/INR,1h,LONG,2024-10-24 17:30:00+05:30,2024-10-25 00:30:00+05:30,67261.31,5616319.31,65916.08,69951.76,67739.44,5656243.36,INTRADAY_SQUAREOFF,0.01,98.82,0.00088,4940.83,35.12,5.85,29.27,29.27,9881.66,9910.93
26,BTC/INR,1h,LONG,2024-10-25 08:30:00+05:30,2024-10-25 23:30:00+05:30,68062.09,5683184.7,66700.85,70784.58,66667.5,5566736.24,STOP_LOSS,0.01,99.11,0.000872,4955.46,-101.54,5.79,-107.33,-107.33,9910.93,9803.6
27,BTC/INR,1h,SHORT,2024-10-26 04:30:00+05:30,2024-10-27 00:30:00+05:30,66510.81,5553652.31,67841.02,63850.37,66993.87,5593988.21,INTRADAY_SQUAREOFF,0.01,98.04,0.000883,4901.8,-35.6,5.81,-41.41,-41.41,9803.6,9762.2
28,BTC/INR,1h,SHORT,2024-10-27 04:30:00+05:30,2024-10-28 00:30:00+05:30,67005.21,5594934.8,68345.31,64325.0,67520.31,5637946.19,INTRADAY_SQUAREOFF,0.01,97.62,0.000872,4881.1,-37.52,5.78,-43.31,-43.31,9762.2,9718.89
29,BTC/INR,1h,LONG,2024-10-28 15:30:00+05:30,2024-10-29 00:30:00+05:30,68541.83,5723242.96,67171.0,71283.51,69144.02,5773525.68,INTRADAY_SQUAREOFF,0.01,97.19,0.000849,4859.45,42.69,5.76,36.93,36.93,9718.89,9755.83
30,BTC/INR,1h,LONG,2024-10-29 03:30:00+05:30,2024-10-29 21:30:00+05:30,69795.02,5827884.23,68399.12,72586.82,72550.53,6057969.1,TARGET_HIT,0.01,97.56,0.000837,4877.91,192.58,5.87,186.71,186.71,9755.83,9942.54
31,BTC/INR,1h,LONG,2024-10-30 05:30:00+05:30,2024-10-31 00:30:00+05:30,72784.66,6077519.38,71328.97,75696.05,71903.65,6003954.56,INTRADAY_SQUAREOFF,0.01,99.43,0.000818,4971.27,-60.17,5.83,-66.0,-66.0,9942.54,9876.53
32,BTC/INR,1h,LONG,2024-10-31 02:30:00+05:30,2024-10-31 18:30:00+05:30,72850.25,6082995.93,71393.25,75764.26,71357.55,5958355.34,STOP_LOSS,0.01,98.77,0.000812,4938.27,-101.19,5.77,-106.95,-106.95,9876.53,9769.58
33,BTC/INR,1h,SHORT,2024-11-01 01:30:00+05:30,2024-11-01 19:30:00+05:30,69932.29,5839346.2,71330.94,67135.0,71366.6,5959111.19,STOP_LOSS,0.01,97.7,0.000837,4884.79,-100.19,5.82,-106.01,-106.01,9769.58,9663.57
34,BTC/INR,1h,SHORT,2024-11-02 00:30:00+05:30,2024-11-03 00:30:00+05:30,69029.52,5763965.14,70410.11,66268.34,69443.31,5798516.04,INTRADAY_SQUAREOFF,0.01,96.64,0.000838,4831.78,-28.96,5.72,-34.68,-34.68,9663.57,9628.89
35,BTC/INR,1h,SHORT,2024-11-03 03:30:00+05:30,2024-11-04 00:30:00+05:30,69404.59,5795282.85,70792.68,66628.4,68024.5,5680046.01,INTRADAY_SQUAREOFF,0.01,96.29,0.000831,4814.44,95.73,5.62,90.11,90.11,9628.89,9719.0
36,BTC/INR,1h,LONG,2024-11-04 18:30:00+05:30,2024-11-04 22:30:00+05:30,68967.11,5758754.08,67587.77,71725.8,67553.98,5640757.21,STOP_LOSS,0.01,97.19,0.000844,4859.5,-99.57,5.68,-105.25,-105.25,9719.0,9613.75
37,BTC/INR,1h,LONG,2024-11-06 00:30:00+05:30,2024-11-06 07:30:00+05:30,70277.71,5868188.55,68872.15,73088.82,73052.27,6099864.64,TARGET_HIT,0.01,96.14,0.000819,4806.87,189.78,5.78,183.99,183.99,9613.75,9797.74
38,BTC/INR,1h,LONG,2024-11-06 21:30:00+05:30,2024-11-07 00:30:00+05:30,74534.23,6223607.79,73043.54,77515.59,75266.79,6284777.22,INTRADAY_SQUAREOFF,0.01,97.98,0.000787,4898.87,48.15,5.81,42.34,42.34,9797.74,9840.08
39,BTC/INR,1h,LONG,2024-11-07 14:30:00+05:30,2024-11-08 00:30:00+05:30,75180.1,6277538.56,73676.5,78187.31,76623.19,6398036.59,INTRADAY_SQUAREOFF,0.01,98.4,0.000784,4920.04,94.44,5.86,88.58,88.58,9840.08,9928.66
40,BTC/INR,1h,LONG,2024-11-08 13:30:00+05:30,2024-11-09 00:30:00+05:30,76349.26,6375162.97,74822.27,79403.23,76872.92,6418888.76,INTRADAY_SQUAREOFF,0.01,99.29,0.000779,4964.33,34.05,5.88,28.17,28.17,9928.66,9956.83
41,BTC/INR,1h,LONG,2024-11-10 00:30:00+05:30,2024-11-10 10:30:00+05:30,76449.07,6383497.56,74920.09,79507.04,79467.28,6635518.05,TARGET_HIT,0.01,99.57,0.00078,4978.42,196.55,5.99,190.56,190.56,9956.83,10147.39
42,BTC/INR,1h,LONG,2024-11-10 15:30:00+05:30,2024-11-11 00:30:00+05:30,79551.95,6642587.94,77960.91,82734.03,80563.15,6727023.14,INTRADAY_SQUAREOFF,0.01,101.47,0.000764,5073.69,64.49,6.03,58.47,58.47,10147.39,10205.86
43,BTC/INR,1h,LONG,2024-11-11 20:30:00+05:30,2024-11-12 00:30:00+05:30,82621.67,6898909.04,80969.23,85926.53,85883.57,7171277.97,TARGET_HIT,0.01,102.06,0.00074,5102.93,201.46,6.14,195.32,195.32,10205.86,10401.18
44,BTC/INR,1h,LONG,2024-11-12 06:30:00+05:30,2024-11-12 15:30:00+05:30,89074.2,7437695.9,87292.72,92637.17,87249.07,7285297.51,STOP_LOSS,0.01,104.01,0.000699,5200.59,-106.56,6.07,-112.63,-112.63,10401.18,10288.55
45,BTC/INR,1h,LONG,2024-11-13 00:30:00+05:30,2024-11-13 07:30:00+05:30,89038.01,7434674.03,87257.25,92599.53,87213.62,7282337.56,STOP_LOSS,0.01,102.89,0.000692,5144.27,-105.41,6.01,-111.41,-111.41,10288.55,10177.13
46,BTC/INR,1h,LONG,2024-11-13 13:30:00+05:30,2024-11-13 19:30:00+05:30,87586.8,7313498.03,85835.07,91090.27,91044.73,7602234.93,TARGET_HIT,0.01,101.77,0.000696,5088.57,200.9,6.12,194.77,194.77,10177.13,10371.9
47,BTC/INR,1h,SHORT,2024-11-15 02:30:00+05:30,2024-11-15 15:30:00+05:30,87553.35,7310704.71,89304.42,84051.22,89349.07,7460647.27,STOP_LOSS,0.01,103.72,0.000709,5185.95,-106.36,6.18,-112.55,-112.55,10371.9,10259.36
48,BTC/INR,1h,LONG,2024-11-17 00:30:00+05:30,2024-11-17 07:30:00+05:30,91454.13,7636420.18,89625.05,95112.3,89580.24,7479949.93,STOP_LOSS,0.01,102.59,0.000672,5129.68,-105.11,5.99,-111.1,-111.1,10259.36,10148.26
49,BTC/INR,1h,SHORT,2024-11-18 02:30:00+05:30,2024-11-18 11:30:00+05:30,89561.62,7478395.16,91352.85,85979.15,91398.53,7631777.04,STOP_LOSS,0.01,101.48,0.000679,5074.13,-104.07,6.05,-110.12,-110.12,10148.26,10038.14
50,BTC/INR,1h,LONG,2024-11-20 09:30:00+05:30,2024-11-21 00:30:00+05:30,92203.63,7699002.74,90359.55,95891.77,93740.32,7827316.5,INTRADAY_SQUAREOFF,0.01,100.38,0.000652,5019.07,83.65,5.97,77.68,77.68,10038.14,10115.82
51,BTC/INR,1h,LONG,2024-11-21 06:30:00+05:30,2024-11-22 00:30:00+05:30,95011.15,7933431.33,93110.93,98811.6,98762.19,8246643.2,TARGET_HIT,0.01,101.16,0.000638,5057.91,199.69,6.09,193.6,193.6,10115.82,10309.42
52,BTC/INR,1h,LONG,2024-11-22 04:30:00+05:30,2024-11-23 00:30:00+05:30,98480.22,8223098.65,96510.62,102419.43,99153.8,8279342.03,INTRADAY_SQUAREOFF,0.01,103.09,0.000627,5154.71,35.26,6.1,29.15,29.15,10309.42,10338.57
53,BTC/INR,1h,SHORT,2024-11-24 09:30:00+05:30,2024-11-25 00:30:00+05:30,98183.52,8198324.28,100147.19,94256.18,96638.71,8069332.22,INTRADAY_SQUAREOFF,0.01,103.39,0.000631,5169.29,81.33,6.05,75.28,75.28,10338.57,10413.85
54,BTC/INR,1h,SHORT,2024-11-26 03:30:00+05:30,2024-11-27 00:30:00+05:30,93667.03,7821197.31,95540.37,89920.35,92229.11,7701130.45,INTRADAY_SQUAREOFF,0.01,104.14,0.000666,5206.93,79.93,6.1,73.84,73.84,10413.85,10487.69
55,BTC/INR,1h,SHORT,2024-11-27 17:30:00+05:30,2024-11-27 20:30:00+05:30,93295.43,7790168.45,95161.34,89563.61,95208.92,7949944.8,STOP_LOSS,0.01,104.88,0.000673,5243.85,-107.55,6.25,-113.8,-113.8,10487.69,10373.89
56,BTC/INR,1h,LONG,2024-11-28 01:30:00+05:30,2024-11-28 15:30:00+05:30,96798.03,8082635.6,94862.07,100669.95,94814.64,7917022.39,STOP_LOSS,0.01,103.74,0.000642,5186.94,-106.28,6.06,-112.34,-112.34,10373.89,10261.55
57,BTC/INR,1h,LONG,2024-11-29 00:30:00+05:30,2024-11-30 00:30:00+05:30,95379.56,7964193.63,93471.97,99194.75,97203.99,8116533.24,INTRADAY_SQUAREOFF,0.01,102.62,0.000644,5130.77,98.14,6.11,92.03,92.03,10261.55,10353.58
58,BTC/INR,1h,LONG,2024-12-02 03:30:00+05:30,2024-12-02 12:30:00+05:30,97884.31,8173339.74,95926.62,101799.68,95878.66,8005868.01,STOP_LOSS,0.01,103.54,0.000633,5176.79,-106.07,6.05,-112.12,-112.12,10353.58,10241.46
59,BTC/INR,1h,SHORT,2024-12-02 16:30:00+05:30,2024-12-02 19:30:00+05:30,94814.68,7917025.64,96710.97,91022.09,96759.33,8079403.84,STOP_LOSS,0.01,102.41,0.000647,5120.73,-105.03,6.1,-111.13,-111.13,10241.46,10130.33
60,BTC/INR,1h,SHORT,2024-12-03 22:30:00+05:30,2024-12-04 00:30:00+05:30,94916.1,7925494.7,96814.43,91119.46,95564.17,7979608.38,INTRADAY_SQUAREOFF,0.01,101.3,0.000639,5065.17,-34.58,6.0,-40.58,-40.58,10130.33,10089.75
61,BTC/INR,1h,LONG,2024-12-04 11:30:00+05:30,2024-12-05 00:30:00+05:30,96604.98,8066515.95,94672.88,100469.18,96221.45,8034491.17,INTRADAY_SQUAREOFF,0.01,100.9,0.000625,5044.87,-20.03,5.94,-25.97,-25.97,10089.75,10063.78
62,BTC/INR,1h,LONG,2024-12-05 08:30:00+05:30,2024-12-06 00:30:00+05:30,101425.63,8469040.34,99397.12,105482.66,99347.42,8295509.7,STOP_LOSS,0.01,100.64,0.000594,5031.89,-103.1,5.88,-108.98,-108.98,10063.78,9954.8
63,BTC/INR,1h,SHORT,2024-12-06 15:30:00+05:30,2024-12-06 22:30:00+05:30,98048.95,8187087.41,100009.93,94126.99,100059.93,8355004.57,STOP_LOSS,0.01,99.55,0.000608,4977.4,-102.09,5.93,-108.02,-108.02,9954.8,9846.78
64,BTC/INR,1h,LONG,2024-12-07 21:30:00+05:30,2024-12-08 00:30:00+05:30,99929.04,8344074.93,97930.46,103926.2,100164.47,8363733.31,INTRADAY_SQUAREOFF,0.01,98.47,0.00059,4923.39,11.6,5.82,5.78,5.78,9846.78,9852.56
65,BTC/INR,1h,LONG,2024-12-09 04:30:00+05:30,2024-12-09 15:30:00+05:30,100347.4,8379007.79,98340.45,104361.29,98291.28,8207321.92,STOP_LOSS,0.01,98.53,0.000588,4926.28,-100.94,5.75,-106.69,-106.69,9852.56,9745.87
66,BTC/INR,1h,SHORT,2024-12-09 17:30:00+05:30,2024-12-09 19:30:00+05:30,97972.95,8180741.32,99932.41,94054.03,99982.38,8348528.33,STOP_LOSS,0.01,97.46,0.000596,4872.93,-99.94,5.81,-105.75,-105.75,9745.87,9640.12
67,BTC/INR,1h,SHORT,2024-12-10 01:30:00+05:30,2024-12-11 00:30:00+05:30,96932.05,8093826.07,98870.69,93054.77,95163.21,7946128.38,INTRADAY_SQUAREOFF,0.01,96.4,0.000596,4820.06,87.96,5.64,82.32,82.32,9640.12,9722.44
68,BTC/INR,1h,SHORT,2024-12-11 05:30:00+05:30,2024-12-11 18:30:00+05:30,96565.86,8063249.71,98497.18,92703.23,98546.43,8228626.96,STOP_LOSS,0.01,97.22,0.000603,4861.22,-99.7,5.8,-105.5,-105.5,9722.44,9616.94
69,BTC/INR,1h,LONG,2024-12-12 01:30:00+05:30,2024-12-13 00:30:00+05:30,101269.65,8456015.66,99244.26,105320.43,100822.7,8418695.79,INTRADAY_SQUAREOFF,0.01,96.17,0.000569,4808.47,-21.22,5.66,-26.88,-26.88,9616.94,9590.06
70,BTC/INR,1h,SHORT,2024-12-13 07:30:00+05:30,2024-12-13 20:30:00+05:30,99188.26,8282220.03,101172.03,95220.73,101222.62,8452088.37,STOP_LOSS,0.01,95.9,0.000579,4795.03,-98.35,5.72,-104.06,-104.06,9590.06,9485.99
71,BTC/INR,1h,LONG,2024-12-14 20:30:00+05:30,2024-12-15 00:30:00+05:30,101536.17,8478270.4,99505.45,105597.62,100824.34,8418832.71,INTRADAY_SQUAREOFF,0.01,94.86,0.000559,4743.0,-33.25,5.58,-38.83,-38.83,9485.99,9447.17
72,BTC/INR,1h,LONG,2024-12-15 15:30:00+05:30,2024-12-16 00:30:00+05:30,102248.96,8537788.02,100203.98,106338.92,103093.08,8608272.51,INTRADAY_SQUAREOFF,0.01,94.47,0.000553,4723.58,39.0,5.6,33.4,33.4,9447.17,9480.56
73,BTC/INR,1h,LONG,2024-12-16 04:30:00+05:30,2024-12-16 23:30:00+05:30,103368.42,8631262.75,101301.05,107503.15,107449.4,8972025.01,TARGET_HIT,0.01,94.81,0.000549,4740.28,187.15,5.7,181.44,181.44,9480.56,9662.01
74,BTC/INR,1h,LONG,2024-12-17 07:30:00+05:30,2024-12-18 00:30:00+05:30,106469.62,8890213.46,104340.23,110728.41,106481.42,8891198.58,INTRADAY_SQUAREOFF,0.01,96.62,0.000543,4831.0,0.54,5.7,-5.17,-5.17,9662.01,9656.84
75,BTC/INR,1h,SHORT,2024-12-18 20:30:00+05:30,2024-12-19 00:30:00+05:30,103922.04,8677490.69,106000.49,99765.16,104657.28,8738882.8,INTRADAY_SQUAREOFF,0.01,96.57,0.000556,4828.42,-34.16,5.72,-39.88,-39.88,9656.84,9616.96
76,BTC/INR,1h,SHORT,2024-12-19 05:30:00+05:30,2024-12-19 15:30:00+05:30,100054.42,8354544.43,102055.51,96052.25,102106.54,8525896.14,STOP_LOSS,0.01,96.17,0.000576,4808.48,-98.62,5.73,-104.35,-104.35,9616.96,9512.61
77,BTC/INR,1h,SHORT,2024-12-20 07:30:00+05:30,2024-12-20 12:30:00+05:30,96081.59,8022812.88,98003.22,92238.33,98052.22,8187360.78,STOP_LOSS,0.01,95.13,0.000593,4756.3,-97.55,5.67,-103.22,-103.22,9512.61,9409.39
78,BTC/INR,1h,SHORT,2024-12-20 14:30:00+05:30,2024-12-20 20:30:00+05:30,95220.62,7950921.43,97125.03,91411.79,97173.59,8113994.82,STOP_LOSS,0.01,94.09,0.000592,4704.69,-96.49,5.61,-102.1,-102.1,9409.39,9307.29
79,BTC/INR,1h,SHORT,2024-12-22 10:30:00+05:30,2024-12-23 00:30:00+05:30,96016.62,8017387.45,97936.95,92175.95,95922.62,8009538.52,INTRADAY_SQUAREOFF,0.01,93.07,0.00058,4653.64,4.56,5.49,-0.93,-0.93,9307.29,9306.35
80,BTC/INR,1h,SHORT,2024-12-23 17:30:00+05:30,2024-12-24 00:30:00+05:30,95704.01,7991284.57,97618.09,91875.85,92675.02,7738363.96,INTRADAY_SQUAREOFF,0.01,93.06,0.000582,4653.18,147.27,5.4,141.87,141.87,9306.35,9448.22
81,BTC/INR,1h,SHORT,2024-12-24 12:30:00+05:30,2024-12-24 18:30:00+05:30,93683.99,7822612.84,95557.67,89936.63,95605.44,7983054.63,STOP_LOSS,0.01,94.48,0.000604,4724.11,-96.89,5.63,-102.52,-102.52,9448.22,9345.7
82,BTC/INR,1h,LONG,2024-12-25 03:30:00+05:30,2024-12-26 00:30:00+05:30,98409.51,8217193.94,96441.32,102345.89,98604.32,8233460.85,INTRADAY_SQUAREOFF,0.01,93.46,0.000569,4672.85,9.25,5.52,3.73,3.73,9345.7,9349.43
83,BTC/INR,1h,LONG,2024-12-26 05:30:00+05:30,2024-12-26 13:30:00+05:30,99525.16,8310350.83,97534.66,103506.17,97485.89,8140071.74,STOP_LOSS,0.01,93.49,0.000563,4674.71,-95.78,5.46,-101.24,-101.24,9349.43,9248.18
84,BTC/INR,1h,SHORT,2024-12-26 20:30:00+05:30,2024-12-27 00:30:00+05:30,95157.12,7945619.22,97060.26,91350.83,95686.0,7989780.9,INTRADAY_SQUAREOFF,0.01,92.48,0.000582,4624.09,-25.7,5.47,-31.17,-31.17,9248.18,9217.01
85,BTC/INR,1h,SHORT,2024-12-27 13:30:00+05:30,2024-12-27 15:30:00+05:30,94616.75,7900498.95,96509.09,90832.08,96557.34,8062538.18,STOP_LOSS,0.01,92.17,0.000583,4608.51,-94.52,5.49,-100.01,-100.01,9217.01,9117.0
86,BTC/INR,1h,SHORT,2024-12-28 12:30:00+05:30,2024-12-29 00:30:00+05:30,94237.95,7868868.93,96122.71,90468.43,94725.86,7909609.54,INTRADAY_SQUAREOFF,0.01,91.17,0.000579,4558.5,-23.6,5.39,-28.99,-28.99,9117.0,9088.0
87,BTC/INR,1h,SHORT,2024-12-30 00:30:00+05:30,2024-12-31 00:30:00+05:30,93431.75,7801550.72,95300.38,89694.48,94527.83,7893074.14,INTRADAY_SQUAREOFF,0.01,90.88,0.000582,4544.0,-53.31,5.39,-58.7,-58.7,9088.0,9029.3
88,BTC/INR,1h,LONG,2025-01-02 08:30:00+05:30,2025-01-03 00:30:00+05:30,95073.52,7938638.99,93172.05,98876.46,97182.92,8114773.44,INTRADAY_SQUAREOFF,0.01,90.29,0.000569,4514.65,100.17,5.39,94.78,94.78,9029.3,9124.08
89,BTC/INR,1h,LONG,2025-01-03 15:30:00+05:30,2025-01-04 00:30:00+05:30,96635.43,8069058.1,94702.72,100500.84,98461.31,8221519.15,INTRADAY_SQUAREOFF,0.01,91.24,0.000565,4562.04,86.2,5.43,80.76,80.76,9124.08,9204.84
90,BTC/INR,1h,LONG,2025-01-04 08:30:00+05:30,2025-01-05 00:30:00+05:30,98314.66,8209274.45,96348.37,102247.25,97899.66,8174621.48,INTRADAY_SQUAREOFF,0.01,92.05,0.000561,4602.42,-19.43,5.42,-24.85,-24.85,9204.84,9180.0
91,BTC/INR,1h,LONG,2025-01-05 12:30:00+05:30,2025-01-06 00:30:00+05:30,98498.25,8224603.7,96528.28,102438.18,97841.48,8169763.3,INTRADAY_SQUAREOFF,0.01,91.8,0.000558,4590.0,-30.61,5.4,-36.0,-36.0,9180.0,9143.99
92,BTC/INR,1h,LONG,2025-01-06 07:30:00+05:30,2025-01-07 00:30:00+05:30,98767.32,8247071.21,96791.97,102718.01,101779.02,8498548.38,INTRADAY_SQUAREOFF,0.01,91.44,0.000554,4572.0,139.41,5.48,133.94,133.94,9143.99,9277.93
93,BTC/INR,1h,SHORT,2025-01-08 10:30:00+05:30,2025-01-09 00:30:00+05:30,96073.28,8022118.49,97994.74,92230.34,94283.49,7872671.03,INTRADAY_SQUAREOFF,0.01,92.78,0.000578,4638.97,86.42,5.42,81.0,81.0,9277.93,9358.93
94,BTC/INR,1h,SHORT,2025-01-09 09:30:00+05:30,2025-01-10 00:30:00+05:30,93943.74,7844302.21,95822.61,90185.99,93064.29,7770868.23,INTRADAY_SQUAREOFF,0.01,93.59,0.000597,4679.46,43.81,5.5,38.31,38.31,9358.93,9397.24
95,BTC/INR,1h,LONG,2025-01-10 23:30:00+05:30,2025-01-11 01:30:00+05:30,95798.26,7999154.54,93882.29,99630.19,95266.03,7954713.56,INTRADAY_SQUAREOFF,0.01,93.97,0.000587,4698.62,-26.1,5.53,-31.63,-31.63,9397.24,9365.61
96,BTC/INR,1h,LONG,2025-01-11 11:30:00+05:30,2025-01-12 00:30:00+05:30,94392.58,7881780.34,92504.73,98168.28,94188.12,7864708.4,INTRADAY_SQUAREOFF,0.01,93.66,0.000594,4682.8,-10.14,5.52,-15.66,-15.66,9365.61,9349.94
97,BTC/INR,1h,LONG,2025-01-12 02:30:00+05:30,2025-01-13 00:30:00+05:30,94652.22,7903460.73,92759.18,98438.31,94914.0,7925318.65,INTRADAY_SQUAREOFF,0.01,93.5,0.000592,4674.97,12.93,5.52,7.41,7.41,9349.94,9357.35
98,BTC/INR,1h,SHORT,2025-01-13 22:30:00+05:30,2025-01-14 00:30:00+05:30,91234.07,7618044.94,93058.75,87584.71,92078.4,7688546.32,INTRADAY_SQUAREOFF,0.01,93.57,0.000614,4678.67,-43.3,5.55,-48.85,-48.85,9357.35,9308.5
99,BTC/INR,1h,LONG,2025-01-14 15:30:00+05:30,2025-01-14 21:30:00+05:30,97394.9,8132474.12,95447.0,101290.7,95399.28,7965839.73,STOP_LOSS,0.01,93.09,0.000572,4654.25,-95.37,5.44,-100.8,-100.8,9308.5,9207.7
100,BTC/INR,1h,LONG,2025-01-15 00:30:00+05:30,2025-01-16 00:30:00+05:30,96936.56,8094202.86,94997.83,100814.02,99408.27,8300590.63,INTRADAY_SQUAREOFF,0.01,92.08,0.000569,4603.85,117.39,5.5,111.89,111.89,9207.7,9319.59
101,BTC/INR,1h,LONG,2025-01-16 12:30:00+05:30,2025-01-16 19:30:00+05:30,99860.3,8338335.35,97863.1,103854.72,97814.17,8167482.86,STOP_LOSS,0.01,93.2,0.000559,4659.8,-95.48,5.44,-100.92,-100.92,9319.59,9218.67
102,BTC/INR,1h,LONG,2025-01-17 10:30:00+05:30,2025-01-18 00:30:00+05:30,101485.99,8474080.25,99456.27,105545.43,105492.66,8808636.94,TARGET_HIT,0.01,92.19,0.000544,4609.33,181.98,5.55,176.43,176.43,9218.67,9395.1
103,BTC/INR,1h,LONG,2025-01-18 06:30:00+05:30,2025-01-18 13:30:00+05:30,104681.09,8740870.83,102587.47,108868.33,102536.17,8561770.39,STOP_LOSS,0.01,93.95,0.000537,4697.55,-96.25,5.49,-101.74,-101.74,9395.1,9293.36
104,BTC/INR,1h,LONG,2025-01-19 15:30:00+05:30,2025-01-20 00:30:00+05:30,105271.3,8790153.94,103165.88,109482.16,104826.69,8753028.23,INTRADAY_SQUAREOFF,0.01,92.93,0.000529,4646.68,-19.63,5.47,-25.1,-25.1,9293.36,9268.26
105,BTC/INR,1h,SHORT,2025-01-21 10:30:00+05:30,2025-01-21 17:30:00+05:30,101870.6,8506195.24,103908.01,97795.78,103959.97,8680657.31,STOP_LOSS,0.01,92.68,0.000545,4634.13,-95.05,5.52,-100.57,-100.57,9268.26,9167.69
106,BTC/INR,1h,SHORT,2025-01-21 20:30:00+05:30,2025-01-21 22:30:00+05:30,102916.19,8593501.7,104974.51,98799.54,105027.0,8769754.42,STOP_LOSS,0.01,91.68,0.000533,4583.85,-94.01,5.46,-99.48,-99.48,9167.69,9068.21
107,BTC/INR,1h,LONG,2025-01-22 17:30:00+05:30,2025-01-23 00:30:00+05:30,105445.55,8804703.26,103336.64,109663.37,103851.07,8671564.51,INTRADAY_SQUAREOFF,0.01,90.68,0.000515,4534.11,-68.56,5.31,-73.87,-73.87,9068.21,8994.34
108,BTC/INR,1h,SHORT,2025-01-23 15:30:00+05:30,2025-01-23 19:30:00+05:30,101555.74,8479904.59,103586.86,97493.51,103638.65,8653827.43,STOP_LOSS,0.01,89.94,0.00053,4497.17,-92.24,5.36,-97.6,-97.6,8994.34,8896.74
109,BTC/INR,1h,LONG,2025-01-24 09:30:00+05:30,2025-01-25 00:30:00+05:30,104231.38,8703320.12,102146.75,108400.63,106254.67,8872264.64,INTRADAY_SQUAREOFF,0.01,88.97,0.000511,4448.37,86.35,5.3,81.05,81.05,8896.74,8977.79
110,BTC/INR,1h,SHORT,2025-01-27 10:30:00+05:30,2025-01-27 19:30:00+05:30,100211.59,8367667.59,102215.82,96203.12,102266.93,8539288.45,STOP_LOSS,0.01,89.78,0.000536,4488.9,-92.07,5.35,-97.42,-97.42,8977.79,8880.37
111,BTC/INR,1h,SHORT,2025-01-29 19:30:00+05:30,2025-01-30 00:30:00+05:30,101642.61,8487157.63,103675.46,97576.9,103727.3,8661229.24,STOP_LOSS,0.01,88.8,0.000523,4440.19,-91.07,5.29,-96.36,-96.36,8880.37,8784.01
112,BTC/INR,1h,LONG,2025-01-30 06:30:00+05:30,2025-01-31 00:30:00+05:30,104130.91,8694931.36,102048.3,108296.15,105543.83,8812910.18,INTRADAY_SQUAREOFF,0.01,87.84,0.000505,4392.01,59.59,5.22,54.38,54.38,8784.01,8838.39
113,BTC/INR,1h,SHORT,2025-02-01 09:30:00+05:30,2025-02-02 00:30:00+05:30,102174.85,8531599.8,104218.34,98087.85,102055.97,8521673.6,INTRADAY_SQUAREOFF,0.01,88.38,0.000518,4419.19,5.14,5.21,-0.07,-0.07,8838.39,8838.32
114,BTC/INR,1h,SHORT,2025-02-02 04:30:00+05:30,2025-02-03 00:30:00+05:30,100522.32,8393613.32,102532.76,96501.42,96939.77,8094471.11,INTRADAY_SQUAREOFF,0.01,88.38,0.000526,4419.16,157.5,5.12,152.37,152.37,8838.32,8990.69
115,BTC/INR,1h,SHORT,2025-02-03 03:30:00+05:30,2025-02-03 06:30:00+05:30,96598.35,8065962.1,98530.32,92734.41,92780.78,7747195.28,TARGET_HIT,0.01,89.91,0.000557,4495.35,177.66,5.2,172.46,172.46,8990.69,9163.15
116,BTC/INR,1h,SHORT,2025-02-03 10:30:00+05:30,2025-02-03 12:30:00+05:30,92745.24,7744227.94,94600.15,89035.44,94647.45,7903062.06,STOP_LOSS,0.01,91.63,0.000592,4581.57,-93.97,5.46,-99.43,-99.43,9163.15,9063.72
117,BTC/INR,1h,SHORT,2025-02-03 17:30:00+05:30,2025-02-03 20:30:00+05:30,94982.95,7931075.97,96882.6,91183.63,96931.05,8093742.33,STOP_LOSS,0.01,90.64,0.000571,4531.86,-92.95,5.4,-98.35,-98.35,9063.72,8965.37
118,BTC/INR,1h,LONG,2025-02-04 00:30:00+05:30,2025-02-04 13:30:00+05:30,100099.99,8358348.82,98097.99,104103.99,98048.94,8187086.26,STOP_LOSS,0.01,89.65,0.000536,4482.68,-91.85,5.24,-97.09,-97.09,8965.37,8868.28
119,BTC/INR,1h,SHORT,2025-02-05 12:30:00+05:30,2025-02-06 00:30:00+05:30,97590.23,8148783.98,99542.03,93686.62,96776.99,8080878.61,INTRADAY_SQUAREOFF,0.01,88.68,0.000544,4434.14,36.95,5.21,31.74,31.74,8868.28,8900.02
120,BTC/INR,1h,SHORT,2025-02-06 04:30:00+05:30,2025-02-06 11:30:00+05:30,96258.74,8037605.21,98183.92,92408.4,98233.01,8202456.49,STOP_LOSS,0.01,89.0,0.000554,4450.01,-91.27,5.3,-96.57,-96.57,8900.02,8803.45
121,BTC/INR,1h,SHORT,2025-02-07 01:30:00+05:30,2025-02-07 06:30:00+05:30,95744.28,7994647.03,97659.16,91914.5,97707.99,8158617.24,STOP_LOSS,0.01,88.03,0.000551,4401.72,-90.28,5.25,-95.53,-95.53,8803.45,8707.92
122,BTC/INR,1h,SHORT,2025-02-07 12:30:00+05:30,2025-02-07 18:30:00+05:30,96588.06,8065102.74,98519.82,92724.53,98569.08,8230518.0,STOP_LOSS,0.01,87.08,0.00054,4353.96,-89.3,5.19,-94.49,-94.49,8707.92,8613.43
123,BTC/INR,1h,SHORT,2025-02-08 10:30:00+05:30,2025-02-09 00:30:00+05:30,96240.31,8036065.79,98165.12,92390.7,96553.6,8062225.3,INTRADAY_SQUAREOFF,0.01,86.13,0.000536,4306.72,-14.02,5.09,-19.11,-19.11,8613.43,8594.32
124,BTC/INR,1h,SHORT,2025-02-10 07:30:00+05:30,2025-02-10 10:30:00+05:30,95352.3,7961917.05,97259.35,91538.21,97307.98,8125215.97,STOP_LOSS,0.01,85.94,0.00054,4297.16,-88.13,5.12,-93.26,-93.26,8594.32,8501.07
125,BTC/INR,1h,LONG,2025-02-10 19:30:00+05:30,2025-02-11 00:30:00+05:30,98360.57,8213107.58,96393.36,102294.99,97529.94,8143749.76,INTRADAY_SQUAREOFF,0.01,85.01,0.000518,4250.53,-35.89,4.99,-40.89,-40.89,8501.07,8460.18
126,BTC/INR,1h,LONG,2025-02-11 07:30:00+05:30,2025-02-11 22:30:00+05:30,98150.16,8195538.35,96187.16,102076.17,96139.06,8027611.77,STOP_LOSS,0.01,84.6,0.000516,4230.09,-86.67,4.94,-91.61,-91.61,8460.18,8368.56
127,BTC/INR,1h,SHORT,2025-02-12 08:30:00+05:30,2025-02-12 22:30:00+05:30,95381.96,7964394.06,97289.6,91566.69,97338.25,8127743.79,STOP_LOSS,0.01,83.69,0.000525,4184.28,-85.82,4.99,-90.81,-90.81,8368.56,8277.75
128,BTC/INR,1h,LONG,2025-02-13 07:30:00+05:30,2025-02-13 11:30:00+05:30,98135.75,8194334.83,96173.03,102061.18,96124.95,8026432.91,STOP_LOSS,0.01,82.78,0.000505,4138.88,-84.81,4.83,-89.64,-89.64,8277.75,8188.11
129,BTC/INR,1h,LONG,2025-02-13 15:30:00+05:30,2025-02-14 00:30:00+05:30,96313.35,8042164.84,94387.08,100165.89,95922.67,8009543.02,INTRADAY_SQUAREOFF,0.01,81.88,0.000509,4094.06,-16.61,4.82,-21.43,-21.43,8188.11,8166.69
130,BTC/INR,1h,LONG,2025-02-15 07:30:00+05:30,2025-02-16 00:30:00+05:30,97862.6,8171527.28,95905.35,101777.11,97515.66,8142557.87,INTRADAY_SQUAREOFF,0.01,81.67,0.0005,4083.34,-14.48,4.81,-19.29,-19.29,8166.69,8147.4
131,BTC/INR,1h,LONG,2025-02-16 03:30:00+05:30,2025-02-17 00:30:00+05:30,97744.55,8161670.01,95789.66,101654.33,96848.48,8086848.18,INTRADAY_SQUAREOFF,0.01,81.47,0.000499,4073.7,-37.35,4.78,-42.13,-42.13,8147.4,8105.27
132,BTC/INR,1h,SHORT,2025-02-17 05:30:00+05:30,2025-02-18 00:30:00+05:30,96021.93,8017831.47,97942.37,92181.06,95376.45,7963933.21,INTRADAY_SQUAREOFF,0.01,81.05,0.000505,4052.63,27.24,4.77,22.48,22.48,8105.27,8127.75
133,BTC/INR,1h,SHORT,2025-02-18 04:30:00+05:30,2025-02-19 00:30:00+05:30,95818.68,8000859.45,97735.05,91985.93,93955.84,7845312.41,INTRADAY_SQUAREOFF,0.01,81.28,0.000508,4063.87,79.01,4.75,74.26,74.26,8127.75,8202.0
134,BTC/INR,1h,LONG,2025-02-20 08:30:00+05:30,2025-02-21 00:30:00+05:30,97279.08,8122802.86,95333.49,101170.24,98279.72,8206356.48,INTRADAY_SQUAREOFF,0.01,82.02,0.000505,4101.0,42.18,4.86,37.32,37.32,8202.0,8239.32
135,BTC/INR,1h,SHORT,2025-02-22 13:30:00+05:30,2025-02-23 00:30:00+05:30,96249.66,8036846.26,98174.65,92399.67,96504.21,8058101.73,INTRADAY_SQUAREOFF,0.01,82.39,0.000513,4119.66,-10.9,4.87,-15.76,-15.76,8239.32,8223.56
136,BTC/INR,1h,SHORT,2025-02-23 07:30:00+05:30,2025-02-24 00:30:00+05:30,96383.34,8048008.8,98311.01,92528.01,95797.74,7999111.47,INTRADAY_SQUAREOFF,0.01,82.24,0.000511,4111.78,24.98,4.84,20.14,20.14,8223.56,8243.71
137,BTC/INR,1h,SHORT,2025-02-24 14:30:00+05:30,2025-02-25 00:30:00+05:30,95388.99,7964980.88,97296.77,91573.43,94202.87,7865939.39,INTRADAY_SQUAREOFF,0.01,82.44,0.000517,4121.85,51.25,4.83,46.42,46.42,8243.71,8290.13
138,BTC/INR,1h,SHORT,2025-02-25 04:30:00+05:30,2025-02-25 12:30:00+05:30,92398.89,7715307.7,94246.87,88702.94,88747.29,7410398.74,TARGET_HIT,0.01,82.9,0.000537,4145.06,163.81,4.79,159.02,159.02,8290.13,8449.14
139,BTC/INR,1h,SHORT,2025-02-25 15:30:00+05:30,2025-02-26 00:30:00+05:30,88224.2,7366720.85,89988.69,84695.23,87021.85,7266324.35,INTRADAY_SQUAREOFF,0.01,84.49,0.000573,4224.57,57.57,4.95,52.62,52.62,8449.14,8501.77
140,BTC/INR,1h,SHORT,2025-02-26 06:30:00+05:30,2025-02-26 23:30:00+05:30,88010.5,7348877.08,89770.71,84490.08,84532.33,7058449.46,TARGET_HIT,0.01,85.02,0.000578,4250.88,167.99,4.92,163.08,163.08,8501.77,8664.85
141,BTC/INR,1h,SHORT,2025-02-27 08:30:00+05:30,2025-02-27 11:30:00+05:30,84180.65,7029083.98,85864.26,80813.42,85907.19,7173250.49,STOP_LOSS,0.01,86.65,0.000616,4332.42,-88.86,5.16,-94.02,-94.02,8664.85,8570.82
142,BTC/INR,1h,SHORT,2025-02-27 14:30:00+05:30,2025-02-28 00:30:00+05:30,85823.49,7166261.3,87539.96,82390.55,84542.92,7059334.0,INTRADAY_SQUAREOFF,0.01,85.71,0.000598,4285.41,63.94,5.02,58.92,58.92,8570.82,8629.75
143,BTC/INR,1h,SHORT,2025-02-28 06:30:00+05:30,2025-02-28 08:30:00+05:30,84167.45,7027982.07,85850.8,80800.75,80841.15,6750236.22,TARGET_HIT,0.01,86.3,0.000614,4314.87,170.52,4.99,165.53,165.53,8629.75,8795.28
144,BTC/INR,1h,LONG,2025-03-01 05:30:00+05:30,2025-03-02 00:30:00+05:30,84509.85,7056572.56,82819.65,87890.25,85221.28,7115977.06,INTRADAY_SQUAREOFF,0.01,87.95,0.000623,4397.64,37.02,5.21,31.81,31.81,8795.28,8827.09
145,BTC/INR,1h,LONG,2025-03-02 07:30:00+05:30,2025-03-02 21:30:00+05:30,86354.19,7210574.59,84627.1,89808.35,89763.45,7495248.08,TARGET_HIT,0.01,88.27,0.000612,4413.54,174.25,5.31,168.94,168.94,8827.09,8996.02
146,BTC/INR,1h,LONG,2025-03-03 02:30:00+05:30,2025-03-03 07:30:00+05:30,94468.95,7888156.93,92579.57,98247.7,92533.28,7726528.59,STOP_LOSS,0.01,89.96,0.00057,4498.01,-92.16,5.25,-97.42,-97.42,8996.02,8898.61
147,BTC/INR,1h,LONG,2025-03-03 16:30:00+05:30,2025-03-03 19:30:00+05:30,92539.64,7727059.72,90688.84,96241.22,90643.5,7568732.26,STOP_LOSS,0.01,88.99,0.000576,4449.3,-91.17,5.2,-96.36,-96.36,8898.61,8802.24
148,BTC/INR,1h,SHORT,2025-03-04 00:30:00+05:30,2025-03-04 06:30:00+05:30,86790.58,7247013.03,88526.39,83318.95,83360.61,6960611.07,TARGET_HIT,0.01,88.02,0.000607,4401.12,173.93,5.09,168.84,168.84,8802.24,8971.09
149,BTC/INR,1h,SHORT,2025-03-04 10:30:00+05:30,2025-03-04 22:30:00+05:30,83315.18,6956817.61,84981.48,79982.57,85023.98,7099501.94,STOP_LOSS,0.01,89.71,0.000645,4485.54,-92.0,5.35,-97.35,-97.35,8971.09,8873.74
150,BTC/INR,1h,LONG,2025-03-05 07:30:00+05:30,2025-03-06 00:30:00+05:30,87749.03,7327044.2,85994.05,91258.99,89695.94,7489611.16,INTRADAY_SQUAREOFF,0.01,88.74,0.000606,4436.87,98.44,5.29,93.15,93.15,8873.74,8966.89
151,BTC/INR,1h,LONG,2025-03-06 08:30:00+05:30,2025-03-06 17:30:00+05:30,92014.5,7683210.74,90174.21,95695.08,90129.12,7525781.75,STOP_LOSS,0.01,89.67,0.000584,4483.44,-91.87,5.24,-97.1,-97.1,8966.89,8869.79
152,BTC/INR,1h,SHORT,2025-03-07 06:30:00+05:30,2025-03-07 08:30:00+05:30,85117.0,7107269.36,86819.34,81712.32,86862.75,7253039.46,STOP_LOSS,0.01,88.7,0.000624,4434.89,-90.96,5.29,-96.25,-96.25,8869.79,8773.54
153,BTC/INR,1h,SHORT,2025-03-07 21:30:00+05:30,2025-03-08 00:30:00+05:30,88044.34,7351702.27,89805.23,84522.57,88833.22,7417574.08,INTRADAY_SQUAREOFF,0.01,87.74,0.000597,4386.77,-39.31,5.2,-44.51,-44.51,8773.54,8729.04
154,BTC/INR,1h,SHORT,2025-03-08 13:30:00+05:30,2025-03-09 00:30:00+05:30,86115.36,7190632.42,87837.67,82670.74,86070.04,7186848.09,INTRADAY_SQUAREOFF,0.01,87.29,0.000607,4364.52,2.3,5.15,-2.85,-2.85,8729.04,8726.18
155,BTC/INR,1h,SHORT,2025-03-09 08:30:00+05:30,2025-03-09 21:30:00+05:30,85952.41,7177026.11,87671.46,82514.31,82555.57,6893390.04,TARGET_HIT,0.01,87.26,0.000608,4363.09,172.43,5.05,167.38,167.38,8726.18,8893.57
156,BTC/INR,1h,SHORT,2025-03-10 03:30:00+05:30,2025-03-10 14:30:00+05:30,81725.22,6824055.75,83359.72,78456.21,83401.4,6964017.13,STOP_LOSS,0.01,88.94,0.000652,4446.78,-91.2,5.3,-96.5,-96.5,8893.57,8797.06
157,BTC/INR,1h,SHORT,2025-03-10 22:30:00+05:30,2025-03-11 00:30:00+05:30,78933.37,6590936.64,80512.04,75776.04,77853.06,6500730.14,INTRADAY_SQUAREOFF,0.01,87.97,0.000667,4398.53,60.2,5.15,55.05,55.05,8797.06,8852.11
158,BTC/INR,1h,SHORT,2025-03-11 05:30:00+05:30,2025-03-11 09:30:00+05:30,78530.62,6557306.88,80101.23,75389.4,80141.28,6691797.24,STOP_LOSS,0.01,88.52,0.000675,4426.05,-90.78,5.28,-96.05,-96.05,8852.11,8756.05
159,BTC/INR,1h,LONG,2025-03-12 13:30:00+05:30,2025-03-12 20:30:00+05:30,82505.22,6889186.22,80855.12,85805.43,80814.69,6748026.79,STOP_LOSS,0.01,87.56,0.000635,4378.03,-89.71,5.11,-94.82,-94.82,8756.05,8661.23
160,BTC/INR,1h,LONG,2025-03-13 01:30:00+05:30,2025-03-13 20:30:00+05:30,83097.0,6938599.21,81435.06,86420.88,81394.34,6796427.31,STOP_LOSS,0.01,86.61,0.000624,4330.62,-88.73,5.06,-93.79,-93.79,8661.23,8567.44
161,BTC/INR,1h,LONG,2025-03-15 08:30:00+05:30,2025-03-16 00:30:00+05:30,84624.34,7066132.21,82931.85,88009.31,84175.11,7028621.7,INTRADAY_SQUAREOFF,0.01,85.67,0.000606,4283.72,-22.74,5.04,-27.78,-27.78,8567.44,8539.66
162,BTC/INR,1h,LONG,2025-03-16 09:30:00+05:30,2025-03-16 16:30:00+05:30,84387.47,7046353.71,82699.72,87762.97,82658.37,6901973.92,STOP_LOSS,0.01,85.4,0.000606,4269.83,-87.49,4.99,-92.48,-92.48,8539.66,8447.18
163,BTC/INR,1h,SHORT,2025-03-17 11:30:00+05:30,2025-03-18 00:30:00+05:30,83099.67,6938822.58,84761.66,79775.68,84541.87,7059246.55,INTRADAY_SQUAREOFF,0.01,84.47,0.000609,4223.59,-73.3,5.03,-78.33,-78.33,8447.18,8368.86
164,BTC/INR,1h,SHORT,2025-03-18 23:30:00+05:30,2025-03-19 01:30:00+05:30,81339.08,6791813.48,82965.87,78085.52,82323.13,6873980.97,INTRADAY_SQUAREOFF,0.01,83.69,0.000616,4184.43,-50.62,4.97,-55.59,-55.59,8368.86,8313.27
165,BTC/INR,1h,LONG,2025-03-19 19:30:00+05:30,2025-03-20 00:30:00+05:30,84362.14,7044239.05,82674.9,87736.63,85640.78,7151004.74,INTRADAY_SQUAREOFF,0.01,83.13,0.00059,4156.63,63.0,4.94,58.06,58.06,8313.27,8371.32
166,BTC/INR,1h,LONG,2025-03-20 05:30:00+05:30,2025-03-20 15:30:00+05:30,87045.49,7268298.03,85304.58,90527.3,85261.92,7119370.6,STOP_LOSS,0.01,83.71,0.000576,4185.66,-85.76,4.89,-90.65,-90.65,8371.32,8280.67
167,BTC/INR,1h,SHORT,2025-03-21 04:30:00+05:30,2025-03-22 00:30:00+05:30,83948.37,7009689.06,85627.34,80590.44,84107.67,7022990.73,INTRADAY_SQUAREOFF,0.01,82.81,0.000591,4140.34,-7.86,4.89,-12.75,-12.75,8280.67,8267.92
168,BTC/INR,1h,SHORT,2025-03-22 05:30:00+05:30,2025-03-23 00:30:00+05:30,83981.25,7012434.06,85660.87,80622.0,84299.94,7039045.11,INTRADAY_SQUAREOFF,0.01,82.68,0.00059,4133.96,-15.69,4.89,-20.58,-20.58,8267.92,8247.35
169,BTC/INR,1h,LONG,2025-03-23 21:30:00+05:30,2025-03-24 00:30:00+05:30,85257.94,7119038.29,83552.78,88668.26,84936.32,7092182.33,INTRADAY_SQUAREOFF,0.01,82.47,0.000579,4123.67,-15.56,4.86,-20.41,-20.41,8247.35,8226.94
170,BTC/INR,1h,LONG,2025-03-24 09:30:00+05:30,2025-03-25 00:30:00+05:30,86581.46,7229552.28,84849.84,90044.72,88454.59,7385958.63,INTRADAY_SQUAREOFF,0.01,82.27,0.000569,4113.47,88.99,4.91,84.09,84.09,8226.94,8311.02
171,BTC/INR,1h,LONG,2025-03-25 06:30:00+05:30,2025-03-26 00:30:00+05:30,87713.25,7324056.27,85958.98,91221.78,87823.36,7333250.83,INTRADAY_SQUAREOFF,0.01,83.11,0.000567,4155.51,5.22,4.91,0.31,0.31,8311.02,8311.33
172,BTC/INR,1h,LONG,2025-03-26 07:30:00+05:30,2025-03-27 00:30:00+05:30,87928.93,7342066.05,86170.36,91446.09,86127.27,7191627.11,STOP_LOSS,0.01,83.11,0.000566,4155.67,-85.15,4.85,-90.0,-90.0,8311.33,8221.33
173,BTC/INR,1h,SHORT,2025-03-27 11:30:00+05:30,2025-03-28 00:30:00+05:30,87257.26,7285980.86,89002.4,83766.97,87248.48,7285247.87,INTRADAY_SQUAREOFF,0.01,82.21,0.000564,4110.66,0.41,4.85,-4.44,-4.44,8221.33,8216.89
174,BTC/INR,1h,SHORT,2025-03-28 16:30:00+05:30,2025-03-29 00:30:00+05:30,84851.12,7085068.16,86548.14,81457.07,83867.54,7002939.41,INTRADAY_SQUAREOFF,0.01,82.17,0.00058,4108.45,47.62,4.82,42.8,42.8,8216.89,8259.7
175,BTC/INR,1h,SHORT,2025-03-29 15:30:00+05:30,2025-03-30 00:30:00+05:30,83348.4,6959591.29,85015.37,80014.46,82362.04,6877229.96,INTRADAY_SQUAREOFF,0.01,82.6,0.000593,4129.85,48.87,4.84,44.03,44.03,8259.7,8303.73
176,BTC/INR,1h,SHORT,2025-03-30 11:30:00+05:30,2025-03-31 00:30:00+05:30,82882.62,6920698.44,84540.27,79567.31,82728.85,6907859.11,INTRADAY_SQUAREOFF,0.01,83.04,0.0006,4151.86,7.7,4.89,2.81,2.81,8303.73,8306.53
177,BTC/INR,1h,SHORT,2025-03-31 09:30:00+05:30,2025-03-31 19:30:00+05:30,81453.24,6801345.32,83082.3,78195.11,83123.84,6940840.91,STOP_LOSS,0.01,83.07,0.000611,4153.27,-85.18,4.95,-90.13,-90.13,8306.53,8216.4
178,BTC/INR,1h,LONG,2025-04-01 20:30:00+05:30,2025-04-02 00:30:00+05:30,84263.83,7036029.77,82578.55,87634.38,85079.45,7104134.46,INTRADAY_SQUAREOFF,0.01,82.16,0.000584,4108.2,39.76,4.87,34.89,34.89,8216.4,8251.29
179,BTC/INR,1h,LONG,2025-04-02 02:30:00+05:30,2025-04-03 00:30:00+05:30,85333.86,7125377.67,83627.19,88747.22,86347.66,7210029.29,INTRADAY_SQUAREOFF,0.01,82.51,0.000579,4125.65,49.01,4.9,44.12,44.12,8251.29,8295.41
180,BTC/INR,1h,SHORT,2025-04-03 12:30:00+05:30,2025-04-04 00:30:00+05:30,82972.83,6928231.2,84632.29,79653.92,82094.91,6854924.96,INTRADAY_SQUAREOFF,0.01,82.95,0.000599,4147.7,43.89,4.87,39.02,39.02,8295.41,8334.43
181,BTC/INR,1h,LONG,2025-04-05 15:30:00+05:30,2025-04-06 00:30:00+05:30,83863.67,7002616.34,82186.4,87218.22,82993.64,6929968.83,INTRADAY_SQUAREOFF,0.01,83.34,0.000595,4167.21,-43.23,4.89,-48.12,-48.12,8334.43,8286.3
182,BTC/INR,1h,SHORT,2025-04-06 12:30:00+05:30,2025-04-06 23:30:00+05:30,83054.24,6935029.14,84715.33,79732.07,79771.94,6660956.79,TARGET_HIT,0.01,82.86,0.000597,4143.15,163.74,4.79,158.95,158.95,8286.3,8445.25
183,BTC/INR,1h,SHORT,2025-04-07 02:30:00+05:30,2025-04-07 11:30:00+05:30,78594.12,6562609.09,80166.0,75450.36,75488.08,6303254.77,TARGET_HIT,0.01,84.45,0.000643,4222.62,166.88,4.88,161.99,161.99,8445.25,8607.24
184,BTC/INR,1h,LONG,2025-04-08 07:30:00+05:30,2025-04-08 13:30:00+05:30,80766.53,6744005.02,79151.2,83997.19,79111.62,6605820.35,STOP_LOSS,0.01,86.07,0.000638,4303.62,-88.18,5.03,-93.21,-93.21,8607.24,8514.03
185,BTC/INR,1h,LONG,2025-04-08 17:30:00+05:30,2025-04-08 19:30:00+05:30,80142.09,6691864.52,78539.25,83347.77,78499.98,6554748.22,STOP_LOSS,0.01,85.14,0.000636,4257.02,-87.23,4.97,-92.2,-92.2,8514.03,8421.84
186,BTC/INR,1h,SHORT,2025-04-09 05:30:00+05:30,2025-04-09 12:30:00+05:30,76215.33,6363979.75,77739.63,73166.71,77778.5,6494504.98,STOP_LOSS,0.01,84.22,0.000662,4210.92,-86.37,5.02,-91.39,-91.39,8421.84,8330.45
187,BTC/INR,1h,LONG,2025-04-10 02:30:00+05:30,2025-04-10 08:30:00+05:30,83231.63,6949841.45,81567.0,86560.9,81526.22,6807439.19,STOP_LOSS,0.01,83.3,0.000599,4165.23,-85.35,4.86,-90.21,-90.21,8330.45,8240.24
188,BTC/INR,1h,LONG,2025-04-10 15:30:00+05:30,2025-04-10 20:30:00+05:30,82053.59,6851474.95,80412.52,85335.74,80372.31,6711088.23,STOP_LOSS,0.01,82.4,0.000601,4120.12,-84.42,4.81,-89.23,-89.23,8240.24,8151.01
189,BTC/INR,1h,SHORT,2025-04-11 06:30:00+05:30,2025-04-11 08:30:00+05:30,78930.41,6590688.87,80509.01,75773.19,80549.27,6725863.9,STOP_LOSS,0.01,81.51,0.000618,4075.5,-83.59,4.86,-88.45,-88.45,8151.01,8062.56
190,BTC/INR,1h,LONG,2025-04-11 21:30:00+05:30,2025-04-12 00:30:00+05:30,82632.58,6899820.82,80979.93,85937.89,83534.19,6975104.75,INTRADAY_SQUAREOFF,0.01,80.63,0.000584,4031.28,43.99,4.78,39.2,39.2,8062.56,8101.76
191,BTC/INR,1h,LONG,2025-04-12 10:30:00+05:30,2025-04-13 00:30:00+05:30,83329.97,6958052.69,81663.37,86663.17,85110.35,7106713.84,INTRADAY_SQUAREOFF,0.01,81.02,0.000582,4050.88,86.55,4.83,81.72,81.72,8101.76,8183.48
192,BTC/INR,1h,LONG,2025-04-13 06:30:00+05:30,2025-04-13 18:30:00+05:30,85570.1,7145103.32,83858.7,88992.9,83816.77,6998700.15,STOP_LOSS,0.01,81.83,0.000573,4091.74,-83.84,4.78,-88.62,-88.62,8183.48,8094.86
193,BTC/INR,1h,SHORT,2025-04-14 02:30:00+05:30,2025-04-14 05:30:00+05:30,83205.45,6947655.46,84869.56,79877.24,84912.0,7090151.87,STOP_LOSS,0.01,80.95,0.000583,4047.43,-83.01,4.82,-87.84,-87.84,8094.86,8007.02
194,BTC/INR,1h,LONG,2025-04-15 18:30:00+05:30,2025-04-16 00:30:00+05:30,85839.23,7167575.4,84122.44,89272.8,84080.38,7020711.78,STOP_LOSS,0.01,80.07,0.000559,4003.51,-82.03,4.68,-86.71,-86.71,8007.02,7920.32
195,BTC/INR,1h,SHORT,2025-04-16 04:30:00+05:30,2025-04-16 22:30:00+05:30,83660.48,6985650.48,85333.69,80314.07,85376.36,7128926.17,STOP_LOSS,0.01,79.2,0.000567,3960.16,-81.22,4.72,-85.94,-85.94,7920.32,7834.37
196,BTC/INR,1h,LONG,2025-04-18 02:30:00+05:30,2025-04-19 00:30:00+05:30,85180.3,7112554.67,83476.69,88587.51,84563.41,7061044.57,INTRADAY_SQUAREOFF,0.01,78.34,0.000551,3917.19,-28.37,4.61,-32.97,-32.97,7834.37,7801.4
197,BTC/INR,1h,LONG,2025-04-19 07:30:00+05:30,2025-04-20 00:30:00+05:30,84613.47,7065224.35,82921.2,87998.0,85085.07,7104603.26,INTRADAY_SQUAREOFF,0.01,78.01,0.000552,3900.7,21.74,4.62,17.13,17.13,7801.4,7818.52
198,BTC/INR,1h,LONG,2025-04-21 05:30:00+05:30,2025-04-22 00:30:00+05:30,85283.57,7121178.4,83577.9,88694.92,86763.25,7244730.97,INTRADAY_SQUAREOFF,0.01,78.19,0.000549,3909.26,67.83,4.65,63.17,63.17,7818.52,7881.7
199,BTC/INR,1h,LONG,2025-04-22 05:30:00+05:30,2025-04-22 20:30:00+05:30,87611.13,7315529.14,85858.9,91115.57,91070.01,7604346.23,TARGET_HIT,0.01,78.82,0.000539,3940.85,155.58,4.74,150.84,150.84,7881.7,8032.54
200,BTC/INR,1h,LONG,2025-04-22 23:30:00+05:30,2025-04-23 01:30:00+05:30,91537.61,7643390.7,89706.86,95199.12,91483.32,7638857.34,INTRADAY_SQUAREOFF,0.01,80.33,0.000525,4016.27,-2.38,4.74,-7.12,-7.12,8032.54,8025.42
201,BTC/INR,1h,LONG,2025-04-23 03:30:00+05:30,2025-04-24 00:30:00+05:30,93507.8,7807901.37,91637.64,97248.11,93600.82,7815668.86,INTRADAY_SQUAREOFF,0.01,80.25,0.000514,4012.71,3.99,4.74,-0.75,-0.75,8025.42,8024.67
202,BTC/INR,1h,LONG,2025-04-24 04:30:00+05:30,2025-04-24 13:30:00+05:30,93846.62,7836192.65,91969.69,97600.48,91923.7,7675629.07,STOP_LOSS,0.01,80.25,0.000512,4012.34,-82.21,4.69,-86.9,-86.9,8024.67,7937.77
203,BTC/INR,1h,LONG,2025-04-25 01:30:00+05:30,2025-04-26 00:30:00+05:30,93731.35,7826567.73,91856.72,97480.6,94971.43,7930114.24,INTRADAY_SQUAREOFF,0.01,79.38,0.000507,3968.89,52.51,4.71,47.79,47.79,7937.77,7985.57
204,BTC/INR,1h,LONG,2025-04-26 08:30:00+05:30,2025-04-27 00:30:00+05:30,95196.42,7948900.92,93292.49,99004.27,94161.49,7862484.37,INTRADAY_SQUAREOFF,0.01,79.86,0.000502,3992.78,-43.41,4.69,-48.09,-48.09,7985.57,7937.48
205,BTC/INR,1h,LONG,2025-04-27 06:30:00+05:30,2025-04-28 00:30:00+05:30,95055.87,7937165.26,93154.75,98858.11,94263.66,7871015.37,INTRADAY_SQUAREOFF,0.01,79.37,0.0005,3968.74,-33.08,4.66,-37.74,-37.74,7937.48,7899.74
206,BTC/INR,1h,SHORT,2025-04-28 05:30:00+05:30,2025-04-28 17:30:00+05:30,93681.8,7822430.28,95555.44,89934.53,95603.21,7982868.32,STOP_LOSS,0.01,79.0,0.000505,3949.87,-81.01,4.71,-85.72,-85.72,7899.74,7814.02
207,BTC/INR,1h,SHORT,2025-04-29 10:30:00+05:30,2025-04-30 00:30:00+05:30,94314.49,7875260.0,96200.78,90541.91,95481.19,7972678.99,INTRADAY_SQUAREOFF,0.01,78.14,0.000496,3907.01,-48.33,4.64,-52.97,-52.97,7814.02,7761.05
208,BTC/INR,1h,SHORT,2025-04-30 12:30:00+05:30,2025-05-01 00:30:00+05:30,94725.3,7909562.65,96619.81,90936.29,94185.58,7864496.34,INTRADAY_SQUAREOFF,0.01,77.61,0.000491,3880.52,22.11,4.57,17.54,17.54,7761.05,7778.59
209,BTC/INR,1h,SHORT,2025-05-01 04:30:00+05:30,2025-05-01 15:30:00+05:30,94058.39,7853875.78,95939.56,90296.06,95987.53,8014958.77,STOP_LOSS,0.01,77.79,0.000495,3889.3,-79.77,4.64,-84.41,-84.41,7778.59,7694.18
210,BTC/INR,1h,LONG,2025-05-01 18:30:00+05:30,2025-05-02 00:30:00+05:30,96504.15,8058096.51,94574.07,100364.32,96809.88,8083625.26,INTRADAY_SQUAREOFF,0.01,76.94,0.000477,3847.09,12.19,4.55,7.64,7.64,7694.18,7701.83
211,BTC/INR,1h,LONG,2025-05-02 06:30:00+05:30,2025-05-03 00:30:00+05:30,97102.62,8108068.84,95160.57,100986.73,97141.04,8111276.67,INTRADAY_SQUAREOFF,0.01,77.02,0.000475,3850.91,1.52,4.54,-3.02,-3.02,7701.83,7698.8
212,BTC/INR,1h,LONG,2025-05-03 05:30:00+05:30,2025-05-04 00:30:00+05:30,96966.24,8096681.05,95026.92,100844.89,96120.12,8026029.94,INTRADAY_SQUAREOFF,0.01,76.99,0.000475,3849.4,-33.59,4.52,-38.11,-38.11,7698.8,7660.69
213,BTC/INR,1h,SHORT,2025-05-04 22:30:00+05:30,2025-05-05 00:30:00+05:30,95279.63,7955848.72,97185.22,91468.44,95439.68,7969213.31,INTRADAY_SQUAREOFF,0.01,76.61,0.000481,3830.35,-6.43,4.52,-10.96,-10.96,7660.69,7649.73
214,BTC/INR,1h,SHORT,2025-05-05 05:30:00+05:30,2025-05-06 00:30:00+05:30,94163.22,7862628.47,96046.48,90396.69,94773.72,7913605.83,INTRADAY_SQUAREOFF,0.01,76.5,0.000486,3824.87,-24.8,4.53,-29.33,-29.33,7649.73,7620.41
215,BTC/INR,1h,LONG,2025-05-07 04:30:00+05:30,2025-05-08 00:30:00+05:30,96402.69,8049624.86,94474.64,100258.8,96548.83,8061827.66,INTRADAY_SQUAREOFF,0.01,76.2,0.000473,3810.2,5.78,4.5,1.28,1.28,7620.41,7621.68
216,BTC/INR,1h,LONG,2025-05-08 14:30:00+05:30,2025-05-09 00:30:00+05:30,99811.26,8334239.85,97815.03,103803.71,101301.26,8458655.34,INTRADAY_SQUAREOFF,0.01,76.22,0.000457,3810.84,56.89,4.53,52.36,52.36,7621.68,7674.04
217,BTC/INR,1h,LONG,2025-05-09 02:30:00+05:30,2025-05-10 00:30:00+05:30,102814.03,8584971.49,100757.75,106926.59,103165.12,8614287.37,INTRADAY_SQUAREOFF,0.01,76.74,0.000447,3837.02,13.1,4.54,8.57,8.57,7674.04,7682.61
218,BTC/INR,1h,LONG,2025-05-10 09:30:00+05:30,2025-05-11 00:30:00+05:30,103257.01,8621960.25,101191.87,107387.29,103203.73,8617511.6,INTRADAY_SQUAREOFF,0.01,76.83,0.000446,3841.31,-1.98,4.53,-6.51,-6.51,7682.61,7676.1
219,BTC/INR,1h,LONG,2025-05-11 03:30:00+05:30,2025-05-12 00:30:00+05:30,103835.33,8670249.99,101758.62,107988.74,104509.91,8726577.18,INTRADAY_SQUAREOFF,0.01,76.76,0.000443,3838.05,24.93,4.54,20.39,20.39,7676.1,7696.49
220,BTC/INR,1h,LONG,2025-05-12 06:30:00+05:30,2025-05-12 20:30:00+05:30,104697.56,8742246.01,102603.61,108885.46,102552.3,8563117.39,STOP_LOSS,0.01,76.96,0.00044,3848.24,-78.85,4.49,-83.34,-83.34,7696.49,7613.14
221,BTC/INR,1h,SHORT,2025-05-13 06:30:00+05:30,2025-05-13 21:30:00+05:30,102164.24,8530714.36,104207.53,98077.67,104259.63,8705679.32,STOP_LOSS,0.01,76.13,0.000446,3806.57,-78.07,4.54,-82.61,-82.61,7613.14,7530.53
222,BTC/INR,1h,LONG,2025-05-15 00:30:00+05:30,2025-05-15 19:30:00+05:30,103549.54,8646386.42,101478.55,107691.52,101427.81,8469221.96,STOP_LOSS,0.01,75.31,0.000435,3765.27,-77.15,4.4,-81.55,-81.55,7530.53,7448.98
223,BTC/INR,1h,LONG,2025-05-16 05:30:00+05:30,2025-05-17 00:30:00+05:30,103920.47,8677359.52,101842.06,108077.29,103680.77,8657344.0,INTRADAY_SQUAREOFF,0.01,74.49,0.000429,3724.49,-8.59,4.39,-12.98,-12.98,7448.98,7436.0
224,BTC/INR,1h,LONG,2025-05-17 09:30:00+05:30,2025-05-18 00:30:00+05:30,103593.1,8650023.75,101521.24,107736.82,102970.54,8598039.74,INTRADAY_SQUAREOFF,0.01,74.36,0.00043,3718.0,-22.34,4.37,-26.72,-26.72,7436.0,7409.28
225,BTC/INR,1h,LONG,2025-05-18 19:30:00+05:30,2025-05-19 00:30:00+05:30,104795.6,8750432.45,102699.69,108987.42,104445.91,8721233.25,INTRADAY_SQUAREOFF,0.01,74.09,0.000423,3704.64,-12.36,4.36,-16.73,-16.73,7409.28,7392.56
226,BTC/INR,1h,SHORT,2025-05-19 12:30:00+05:30,2025-05-19 19:30:00+05:30,102061.63,8522146.2,104102.86,97979.17,104154.92,8696935.42,STOP_LOSS,0.01,73.93,0.000434,3696.28,-75.81,4.41,-80.22,-80.22,7392.56,7312.34
227,BTC/INR,1h,LONG,2025-05-20 10:30:00+05:30,2025-05-21 00:30:00+05:30,106262.74,8872938.59,104137.48,110513.25,105254.53,8788753.58,INTRADAY_SQUAREOFF,0.01,73.12,0.000412,3656.17,-34.69,4.29,-38.98,-38.98,7312.34,7273.36
228,BTC/INR,1h,LONG,2025-05-21 19:30:00+05:30,2025-05-22 00:30:00+05:30,107620.73,8986330.85,105468.31,111925.56,106953.75,8930638.47,INTRADAY_SQUAREOFF,0.01,72.73,0.000405,3636.68,-22.54,4.28,-26.82,-26.82,7273.36,7246.54
229,BTC/INR,1h,LONG,2025-05-22 18:30:00+05:30,2025-05-23 00:30:00+05:30,111622.86,9320508.95,109390.4,116087.78,111727.49,9329245.51,INTRADAY_SQUAREOFF,0.01,72.47,0.000389,3623.27,3.4,4.28,-0.88,-0.88,7246.54,7245.66
230,BTC/INR,1h,LONG,2025-05-23 05:30:00+05:30,2025-05-23 16:30:00+05:30,111755.84,9331612.82,109520.73,116226.08,109465.96,9140408.08,STOP_LOSS,0.01,72.46,0.000388,3622.83,-74.23,4.23,-78.46,-78.46,7245.66,7167.2
231,BTC/INR,1h,SHORT,2025-05-24 00:30:00+05:30,2025-05-25 00:30:00+05:30,108648.38,9072139.33,110821.34,104302.44,108879.94,9091474.67,INTRADAY_SQUAREOFF,0.01,71.67,0.000395,3583.6,-7.64,4.23,-11.87,-11.87,7167.2,7155.33
232,BTC/INR,1h,SHORT,2025-05-25 04:30:00+05:30,2025-05-26 00:30:00+05:30,108005.98,9018499.15,110166.1,103685.74,107499.57,8976214.47,INTRADAY_SQUAREOFF,0.01,71.55,0.000397,3577.66,16.77,4.21,12.56,12.56,7155.33,7167.89
233,BTC/INR,1h,LONG,2025-05-26 06:30:00+05:30,2025-05-27 00:30:00+05:30,109655.33,9156220.18,107462.22,114041.54,109059.44,9106463.49,INTRADAY_SQUAREOFF,0.01,71.68,0.000391,3583.95,-19.48,4.22,-23.69,-23.69,7167.89,7144.2
234,BTC/INR,1h,SHORT,2025-05-27 12:30:00+05:30,2025-05-28 00:30:00+05:30,108826.74,9087032.71,111003.27,104473.67,109985.6,9183797.44,INTRADAY_SQUAREOFF,0.01,71.44,0.000393,3572.1,-38.04,4.24,-42.28,-42.28,7144.2,7101.92
235,BTC/INR,1h,SHORT,2025-05-28 12:30:00+05:30,2025-05-29 00:30:00+05:30,108645.54,9071902.65,110818.45,104299.72,107543.57,8979887.7,INTRADAY_SQUAREOFF,0.01,71.02,0.000391,3550.96,36.02,4.17,31.85,31.85,7101.92,7133.77
236,BTC/INR,1h,SHORT,2025-05-29 23:30:00+05:30,2025-05-30 01:30:00+05:30,106130.65,8861909.3,108253.26,101885.42,105783.33,8832908.39,INTRADAY_SQUAREOFF,0.01,71.34,0.000402,3566.88,11.67,4.2,7.47,7.47,7133.77,7141.24
237,BTC/INR,1h,SHORT,2025-05-30 04:30:00+05:30,2025-05-31 00:30:00+05:30,105895.3,8842257.49,108013.21,101659.49,104959.99,8764158.75,INTRADAY_SQUAREOFF,0.01,71.41,0.000404,3570.62,31.54,4.19,27.34,27.34,7141.24,7168.58
238,BTC/INR,1h,SHORT,2025-05-31 04:30:00+05:30,2025-06-01 00:30:00+05:30,104000.1,8684008.26,106080.1,99840.09,104584.38,8732796.0,INTRADAY_SQUAREOFF,0.01,71.69,0.000413,3584.29,-20.14,4.24,-24.38,-24.38,7168.58,7144.2
239,BTC/INR,1h,LONG,2025-06-01 10:30:00+05:30,2025-06-02 00:30:00+05:30,104789.63,8749934.46,102693.84,108981.22,104871.26,8756749.95,INTRADAY_SQUAREOFF,0.01,71.44,0.000408,3572.1,2.78,4.22,-1.43,-1.43,7144.2,7142.77
240,BTC/INR,1h,LONG,2025-06-02 03:30:00+05:30,2025-06-03 00:30:00+05:30,105564.9,8814669.53,103453.61,109787.5,104324.57,8711101.55,INTRADAY_SQUAREOFF,0.01,71.43,0.000405,3571.38,-41.96,4.19,-46.15,-46.15,7142.77,7096.62
241,BTC/INR,1h,LONG,2025-06-03 19:30:00+05:30,2025-06-04 00:30:00+05:30,105717.28,8827392.67,103602.93,109945.97,106040.05,8854343.94,INTRADAY_SQUAREOFF,0.01,70.97,0.000402,3548.31,10.83,4.19,6.64,6.64,7096.62,7103.26
242,BTC/INR,1h,SHORT,2025-06-04 19:30:00+05:30,2025-06-05 00:30:00+05:30,104740.28,8745813.66,106835.09,100550.67,105053.56,8771971.86,INTRADAY_SQUAREOFF,0.01,71.03,0.000406,3551.63,-10.62,4.2,-14.82,-14.82,7103.26,7088.44
243,BTC/INR,1h,SHORT,2025-06-05 02:30:00+05:30,2025-06-06 00:30:00+05:30,104449.65,8721545.57,106538.64,100271.66,103090.73,8608076.0,INTRADAY_SQUAREOFF,0.01,70.88,0.000406,3544.22,46.11,4.15,41.96,41.96,7088.44,7130.39
244,BTC/INR,1h,LONG,2025-06-07 04:30:00+05:30,2025-06-08 00:30:00+05:30,104629.56,8736568.43,102536.97,108814.74,105596.61,8817317.17,INTRADAY_SQUAREOFF,0.01,71.3,0.000408,3565.2,32.95,4.23,28.73,28.73,7130.39,7159.12
245,BTC/INR,1h,LONG,2025-06-08 07:30:00+05:30,2025-06-09 00:30:00+05:30,105857.52,8839102.88,103740.37,110091.82,106308.71,8876777.26,INTRADAY_SQUAREOFF,0.01,71.59,0.000405,3579.56,15.26,4.23,11.02,11.02,7159.12,7170.14
246,BTC/INR,1h,LONG,2025-06-10 15:30:00+05:30,2025-06-11 00:30:00+05:30,109592.69,9150989.68,107400.84,113976.4,109257.44,9122996.05,INTRADAY_SQUAREOFF,0.01,71.7,0.000392,3585.07,-10.97,4.22,-15.19,-15.19,7170.14,7154.95
247,BTC/INR,1h,LONG,2025-06-11 05:30:00+05:30,2025-06-12 00:30:00+05:30,110327.41,9212338.7,108120.86,114740.51,108791.54,9084093.42,INTRADAY_SQUAREOFF,0.01,71.55,0.000388,3577.48,-49.8,4.19,-53.99,-53.99,7154.95,7100.96
248,BTC/INR,1h,SHORT,2025-06-12 09:30:00+05:30,2025-06-13 00:30:00+05:30,107698.65,8992837.69,109852.63,103390.71,107625.46,8986725.72,INTRADAY_SQUAREOFF,0.01,71.01,0.000395,3550.48,2.41,4.19,-1.78,-1.78,7100.96,7099.18
249,BTC/INR,1h,SHORT,2025-06-13 05:30:00+05:30,2025-06-14 00:30:00+05:30,105677.09,8824036.86,107790.63,101450.0,105225.55,8786333.21,INTRADAY_SQUAREOFF,0.01,70.99,0.000402,3549.59,15.17,4.18,10.99,10.99,7099.18,7110.17
250,BTC/INR,1h,SHORT,2025-06-14 07:30:00+05:30,2025-06-15 00:30:00+05:30,105448.25,8804928.83,107557.21,101230.32,104993.53,8766959.36,INTRADAY_SQUAREOFF,0.01,71.1,0.000404,3555.09,15.33,4.19,11.14,11.14,7110.17,7121.32
251,BTC/INR,1h,LONG,2025-06-15 11:30:00+05:30,2025-06-16 00:30:00+05:30,106167.65,8864998.86,104044.3,110414.36,105468.84,8806648.2,INTRADAY_SQUAREOFF,0.01,71.21,0.000402,3560.66,-23.44,4.19,-27.62,-27.62,7121.32,7093.69
252,BTC/INR,1h,LONG,2025-06-16 10:30:00+05:30,2025-06-17 00:30:00+05:30,106454.4,8888942.71,104325.32,110712.58,108255.17,9039306.98,INTRADAY_SQUAREOFF,0.01,70.94,0.000399,3546.85,60.0,4.22,55.78,55.78,7093.69,7149.47
253,BTC/INR,1h,SHORT,2025-06-17 10:30:00+05:30,2025-06-18 00:30:00+05:30,107304.59,8959933.62,109450.69,103012.41,104483.73,8724391.57,INTRADAY_SQUAREOFF,0.01,71.49,0.000399,3574.73,93.97,4.16,89.81,89.81,7149.47,7239.28
254,BTC/INR,1h,SHORT,2025-06-18 02:30:00+05:30,2025-06-19 00:30:00+05:30,104303.13,8709311.11,106389.19,100131.0,103713.4,8660068.99,INTRADAY_SQUAREOFF,0.01,72.39,0.000416,3619.64,20.47,4.26,16.21,16.21,7239.28,7255.49
255,BTC/INR,1h,SHORT,2025-06-19 07:30:00+05:30,2025-06-20 00:30:00+05:30,104486.63,8724633.52,106576.36,100307.16,104470.63,8723297.7,INTRADAY_SQUAREOFF,0.01,72.55,0.000416,3627.74,0.56,4.28,-3.72,-3.72,7255.49,7251.76
256,BTC/INR,1h,SHORT,2025-06-20 10:30:00+05:30,2025-06-20 13:30:00+05:30,104205.07,8701123.72,106289.18,100036.87,106342.32,8879583.77,STOP_LOSS,0.01,72.52,0.000417,3625.88,-74.37,4.32,-78.69,-78.69,7251.76,7173.07
257,BTC/INR,1h,SHORT,2025-06-20 22:30:00+05:30,2025-06-21 00:30:00+05:30,103611.98,8651600.38,105684.22,99467.5,103230.61,8619755.53,INTRADAY_SQUAREOFF,0.01,71.73,0.000415,3586.54,13.2,4.22,8.98,8.98,7173.07,7182.05
258,BTC/INR,1h,SHORT,2025-06-21 04:30:00+05:30,2025-06-22 00:30:00+05:30,102968.81,8597895.65,105028.19,98850.06,102740.52,8578833.12,INTRADAY_SQUAREOFF,0.01,71.82,0.000418,3591.02,7.96,4.23,3.73,3.73,7182.05,7185.78
259,BTC/INR,1h,SHORT,2025-06-22 03:30:00+05:30,2025-06-23 00:30:00+05:30,101276.49,8456587.14,103302.02,97225.43,99511.17,8309182.55,INTRADAY_SQUAREOFF,0.01,71.86,0.000425,3592.89,62.63,4.2,58.42,58.42,7185.78,7244.2
260,BTC/INR,1h,LONG,2025-06-24 07:30:00+05:30,2025-06-25 00:30:00+05:30,105592.46,8816970.19,103480.61,109816.16,105549.38,8813373.11,INTRADAY_SQUAREOFF,0.01,72.44,0.000411,3622.1,-1.48,4.27,-5.75,-5.75,7244.2,7238.45
261,BTC/INR,1h,LONG,2025-06-25 06:30:00+05:30,2025-06-26 00:30:00+05:30,106519.11,8894345.51,104388.73,110779.87,107387.83,8966884.13,INTRADAY_SQUAREOFF,0.01,72.38,0.000407,3619.23,29.52,4.29,25.23,25.23,7238.45,7263.68
262,BTC/INR,1h,LONG,2025-06-26 08:30:00+05:30,2025-06-27 00:30:00+05:30,108059.24,9022946.94,105898.06,112381.61,107358.58,8964441.67,INTRADAY_SQUAREOFF,0.01,72.64,0.000403,3631.84,-23.55,4.27,-27.82,-27.82,7263.68,7235.86
263,BTC/INR,1h,SHORT,2025-06-28 14:30:00+05:30,2025-06-29 00:30:00+05:30,107349.21,8963659.25,109496.2,103055.24,107408.83,8968637.62,INTRADAY_SQUAREOFF,0.01,72.36,0.000404,3617.93,-2.01,4.27,-6.28,-6.28,7235.86,7229.58
264,BTC/INR,1h,SHORT,2025-06-29 09:30:00+05:30,2025-06-30 00:30:00+05:30,107187.4,8950147.49,109331.14,102899.9,107717.14,8994380.88,INTRADAY_SQUAREOFF,0.01,72.3,0.000404,3614.79,-17.87,4.28,-22.14,-22.14,7229.58,7207.44
265,BTC/INR,1h,SHORT,2025-07-01 00:30:00+05:30,2025-07-02 00:30:00+05:30,107147.95,8946854.15,109290.91,102862.04,105859.78,8839291.5,INTRADAY_SQUAREOFF,0.01,72.07,0.000403,3603.72,43.33,4.23,39.1,39.1,7207.44,7246.54
266,BTC/INR,1h,LONG,2025-07-02 16:30:00+05:30,2025-07-03 00:30:00+05:30,107897.79,9009465.39,105739.83,112213.7,109529.04,9145674.52,INTRADAY_SQUAREOFF,0.01,72.47,0.000402,3623.27,54.78,4.31,50.47,50.47,7246.54,7297.01
267,BTC/INR,1h,LONG,2025-07-03 11:30:00+05:30,2025-07-04 00:30:00+05:30,109453.58,9139374.12,107264.51,113831.73,109632.73,9154333.32,INTRADAY_SQUAREOFF,0.01,72.97,0.000399,3648.5,5.97,4.31,1.66,1.66,7297.01,7298.67
268,BTC/INR,1h,SHORT,2025-07-05 00:30:00+05:30,2025-07-06 00:30:00+05:30,107463.78,8973225.65,109613.06,103165.23,108089.38,9025463.64,INTRADAY_SQUAREOFF,0.01,72.99,0.000407,3649.34,-21.24,4.32,-25.56,-25.56,7298.67,7273.11
269,BTC/INR,1h,SHORT,2025-07-06 15:30:00+05:30,2025-07-07 00:30:00+05:30,107836.65,9004360.15,109993.38,103523.18,108575.85,9066083.2,INTRADAY_SQUAREOFF,0.01,72.73,0.000404,3636.55,-24.93,4.31,-29.23,-29.23,7273.11,7243.87
270,BTC/INR,1h,LONG,2025-07-07 08:30:00+05:30,2025-07-08 00:30:00+05:30,109558.74,9148155.14,107367.57,113941.09,107952.79,9014057.6,INTRADAY_SQUAREOFF,0.01,72.44,0.000396,3621.94,-53.09,4.24,-57.33,-57.33,7243.87,7186.54
271,BTC/INR,1h,SHORT,2025-07-08 07:30:00+05:30,2025-07-09 00:30:00+05:30,107688.99,8992030.49,109842.77,103381.43,109214.42,9119404.38,INTRADAY_SQUAREOFF,0.01,71.87,0.0004,3593.27,-50.9,4.27,-55.17,-55.17,7186.54,7131.37
272,BTC/INR,1h,LONG,2025-07-09 12:30:00+05:30,2025-07-10 00:30:00+05:30,108934.32,9096015.95,106755.64,113291.7,109508.88,9143991.67,INTRADAY_SQUAREOFF,0.01,71.31,0.000392,3565.68,18.81,4.22,14.59,14.59,7131.37,7145.96
273,BTC/INR,1h,LONG,2025-07-10 07:30:00+05:30,2025-07-11 00:30:00+05:30,111433.71,9304714.99,109205.04,115891.06,113434.96,9471818.93,INTRADAY_SQUAREOFF,0.01,71.46,0.000384,3572.98,64.17,4.25,59.91,59.91,7145.96,7205.87
274,BTC/INR,1h,LONG,2025-07-11 03:30:00+05:30,2025-07-12 00:30:00+05:30,116653.76,9740588.85,114320.68,121319.91,117659.88,9824600.22,INTRADAY_SQUAREOFF,0.01,72.06,0.00037,3602.94,31.07,4.27,26.81,26.81,7205.87,7232.68
275,BTC/INR,1h,LONG,2025-07-12 07:30:00+05:30,2025-07-13 00:30:00+05:30,117774.08,9834136.03,115418.6,122485.05,117453.71,9807385.0,INTRADAY_SQUAREOFF,0.01,72.33,0.000368,3616.34,-9.84,4.26,-14.1,-14.1,7232.68,7218.58
276,BTC/INR,1h,LONG,2025-07-14 00:30:00+05:30,2025-07-15 00:30:00+05:30,119120.35,9946549.29,116737.94,123885.16,119595.64,9986236.02,INTRADAY_SQUAREOFF,0.01,72.19,0.000363,3609.29,14.4,4.27,10.13,10.13,7218.58,7228.71
277,BTC/INR,1h,SHORT,2025-07-15 20:30:00+05:30,2025-07-16 00:30:00+05:30,115707.8,9661601.69,118021.96,111079.49,116805.37,9753248.69,INTRADAY_SQUAREOFF,0.01,72.29,0.000374,3614.36,-34.28,4.29,-38.57,-38.57,7228.71,7190.14
278,BTC/INR,1h,LONG,2025-07-17 02:30:00+05:30,2025-07-17 17:30:00+05:30,120006.0,10020500.7,117605.88,124806.24,117547.07,9815180.64,STOP_LOSS,0.01,71.9,0.000359,3595.07,-73.66,4.2,-77.86,-77.86,7190.14,7112.28
279,BTC/INR,1h,LONG,2025-07-17 19:30:00+05:30,2025-07-18 00:30:00+05:30,118478.23,9892931.8,116108.66,123217.35,119603.51,9986893.26,INTRADAY_SQUAREOFF,0.01,71.12,0.000359,3556.14,33.78,4.22,29.56,29.56,7112.28,7141.84
280,BTC/INR,1h,LONG,2025-07-18 10:30:00+05:30,2025-07-18 19:30:00+05:30,120613.47,10071224.9,118201.2,125438.01,118142.1,9864865.51,STOP_LOSS,0.01,71.42,0.000355,3570.92,-73.17,4.17,-77.34,-77.34,7141.84,7064.5
281,BTC/INR,1h,SHORT,2025-07-19 19:30:00+05:30,2025-07-20 00:30:00+05:30,118087.04,9860268.18,120448.79,113363.56,117972.14,9850673.38,INTRADAY_SQUAREOFF,0.01,70.65,0.000358,3532.25,3.44,4.17,-0.73,-0.73,7064.5,7063.77
282,BTC/INR,1h,SHORT,2025-07-20 15:30:00+05:30,2025-07-21 00:30:00+05:30,117960.54,9849705.5,120319.76,113242.12,118453.78,9890890.9,INTRADAY_SQUAREOFF,0.01,70.64,0.000359,3531.89,-14.77,4.18,-18.94,-18.94,7063.77,7044.83
283,BTC/INR,1h,LONG,2025-07-21 19:30:00+05:30,2025-07-22 00:30:00+05:30,119167.37,9950475.75,116784.03,123934.07,116725.63,9746590.5,STOP_LOSS,0.01,70.45,0.000354,3522.41,-72.17,4.11,-76.29,-76.29,7044.83,6968.54
284,BTC/INR,1h,SHORT,2025-07-22 06:30:00+05:30,2025-07-22 17:30:00+05:30,117050.27,9773697.85,119391.28,112368.26,119450.97,9974156.4,STOP_LOSS,0.01,69.69,0.000356,3484.27,-71.46,4.15,-75.62,-75.62,6968.54,6892.92
285,BTC/INR,1h,LONG,2025-07-23 17:30:00+05:30,2025-07-24 00:30:00+05:30,118742.49,9914997.92,116367.64,123492.19,118350.85,9882295.95,INTRADAY_SQUAREOFF,0.01,68.93,0.000348,3446.46,-11.37,4.06,-15.43,-15.43,6892.92,6877.5
286,BTC/INR,1h,SHORT,2025-07-25 18:30:00+05:30,2025-07-26 00:30:00+05:30,115943.19,9681256.11,118262.05,111305.46,116531.35,9730368.04,INTRADAY_SQUAREOFF,0.01,68.77,0.000355,3438.75,-17.44,4.07,-21.51,-21.51,6877.5,6855.98
287,BTC/INR,1h,LONG,2025-07-27 01:30:00+05:30,2025-07-28 00:30:00+05:30,118384.15,9885076.26,116016.46,123119.51,118984.03,9935166.1,INTRADAY_SQUAREOFF,0.01,68.56,0.000347,3427.99,17.37,4.06,13.32,13.32,6855.98,6869.3
288,BTC/INR,1h,LONG,2025-07-28 03:30:00+05:30,2025-07-29 00:30:00+05:30,119359.82,9966545.13,116972.63,124134.21,117704.71,9828343.45,INTRADAY_SQUAREOFF,0.01,68.69,0.000345,3434.65,-47.63,4.02,-51.65,-51.65,6869.3,6817.65
289,BTC/INR,1h,SHORT,2025-07-29 04:30:00+05:30,2025-07-30 00:30:00+05:30,117732.11,9830631.38,120086.75,113022.83,117634.72,9822498.92,INTRADAY_SQUAREOFF,0.01,68.18,0.000347,3408.82,2.82,4.02,-1.2,-1.2,6817.65,6816.45
290,BTC/INR,1h,SHORT,2025-07-30 17:30:00+05:30,2025-07-31 00:30:00+05:30,117415.41,9804186.85,119763.72,112718.79,116463.83,9724729.62,INTRADAY_SQUAREOFF,0.01,68.16,0.000348,3408.22,27.62,4.01,23.62,23.62,6816.45,6840.06
291,BTC/INR,1h,SHORT,2025-08-01 12:30:00+05:30,2025-08-02 00:30:00+05:30,115004.03,9602836.65,117304.11,110403.87,113891.43,9509933.99,INTRADAY_SQUAREOFF,0.01,68.4,0.000356,3420.03,33.09,4.02,29.07,29.07,6840.06,6869.13
292,BTC/INR,1h,SHORT,2025-08-02 23:30:00+05:30,2025-08-03 01:30:00+05:30,112517.58,9395217.95,114767.93,108016.88,112272.26,9374734.07,INTRADAY_SQUAREOFF,0.01,68.69,0.000366,3434.57,7.49,4.05,3.44,3.44,6869.13,6872.57
293,BTC/INR,1h,LONG,2025-08-04 06:30:00+05:30,2025-08-05 00:30:00+05:30,114985.94,9601326.06,112686.22,119585.38,114885.11,9592906.42,INTRADAY_SQUAREOFF,0.01,68.73,0.000358,3436.29,-3.01,4.05,-7.07,-7.07,6872.57,6865.51
294,BTC/INR,1h,LONG,2025-08-05 03:30:00+05:30,2025-08-05 19:30:00+05:30,115320.67,9629275.99,113014.26,119933.5,112957.75,9431972.13,STOP_LOSS,0.01,68.66,0.000356,3432.75,-70.34,4.01,-74.35,-74.35,6865.51,6791.16
295,BTC/INR,1h,SHORT,2025-08-06 06:30:00+05:30,2025-08-07 00:30:00+05:30,113719.1,9495544.55,115993.48,109170.33,115508.51,9644960.3,INTRADAY_SQUAREOFF,0.01,67.91,0.000358,3395.58,-53.43,4.04,-57.47,-57.47,6791.16,6733.69
296,BTC/INR,1h,LONG,2025-08-07 19:30:00+05:30,2025-08-08 00:30:00+05:30,116788.07,9751803.68,114452.31,121459.59,116532.17,9730435.84,INTRADAY_SQUAREOFF,0.01,67.34,0.000345,3366.85,-7.38,3.97,-11.35,-11.35,6733.69,6722.35
297,BTC/INR,1h,LONG,2025-08-08 04:30:00+05:30,2025-08-09 00:30:00+05:30,117711.24,9828888.56,115357.02,122419.69,116449.5,9723532.93,INTRADAY_SQUAREOFF,0.01,67.22,0.000342,3361.17,-36.03,3.94,-39.97,-39.97,6722.35,6682.37
298,BTC/INR,1h,LONG,2025-08-09 02:30:00+05:30,2025-08-10 00:30:00+05:30,116950.91,9765401.4,114611.9,121628.95,116599.83,9736086.22,INTRADAY_SQUAREOFF,0.01,66.82,0.000342,3341.19,-10.03,3.94,-13.97,-13.97,6682.37,6668.41
299,BTC/INR,1h,LONG,2025-08-10 14:30:00+05:30,2025-08-11 00:30:00+05:30,118438.55,9889618.85,116069.78,123176.09,118491.9,9894073.34,INTRADAY_SQUAREOFF,0.01,66.68,0.000337,3334.2,1.5,3.94,-2.43,-2.43,6668.41,6665.97
300,BTC/INR,1h,LONG,2025-08-11 04:30:00+05:30,2025-08-12 00:30:00+05:30,119301.77,9961697.75,116915.73,124073.84,119705.8,9995434.69,INTRADAY_SQUAREOFF,0.01,66.66,0.000335,3332.99,11.29,3.94,7.35,7.35,6665.97,6673.32
301,BTC/INR,1h,SHORT,2025-08-12 09:30:00+05:30,2025-08-13 00:30:00+05:30,118756.82,9916194.34,121131.95,114006.55,119389.8,9969048.12,INTRADAY_SQUAREOFF,0.01,66.73,0.000336,3336.66,-17.78,3.95,-21.73,-21.73,6673.32,6651.59
302,BTC/INR,1h,LONG,2025-08-13 05:30:00+05:30,2025-08-14 00:30:00+05:30,120284.41,10043748.15,117878.72,125095.79,121532.53,10147966.38,INTRADAY_SQUAREOFF,0.01,66.52,0.000331,3325.79,34.51,3.94,30.57,30.57,6651.59,6682.15
303,BTC/INR,1h,SHORT,2025-08-15 15:30:00+05:30,2025-08-16 00:30:00+05:30,118647.82,9907092.83,121020.77,113901.91,117228.26,9788560.09,INTRADAY_SQUAREOFF,0.01,66.82,0.000337,3341.08,39.97,3.92,36.06,36.06,6682.15,6718.21
304,BTC/INR,1h,SHORT,2025-08-16 08:30:00+05:30,2025-08-17 00:30:00+05:30,117509.36,9812031.27,119859.54,112808.98,117821.9,9838128.41,INTRADAY_SQUAREOFF,0.01,67.18,0.000342,3359.1,-8.93,3.97,-12.9,-12.9,6718.21,6705.3
305,BTC/INR,1h,SHORT,2025-08-17 03:30:00+05:30,2025-08-18 00:30:00+05:30,117485.69,9810055.01,119835.4,112786.26,117667.22,9825212.73,INTRADAY_SQUAREOFF,0.01,67.05,0.000342,3352.65,-5.18,3.96,-9.14,-9.14,6705.3,6696.17
306,BTC/INR,1h,SHORT,2025-08-19 19:30:00+05:30,2025-08-20 00:30:00+05:30,114933.81,9596973.05,117232.49,110336.46,113104.4,9444217.31,INTRADAY_SQUAREOFF,0.01,66.96,0.000349,3348.08,53.29,3.92,49.37,49.37,6696.17,6745.54
307,BTC/INR,1h,SHORT,2025-08-20 05:30:00+05:30,2025-08-21 00:30:00+05:30,112701.68,9410590.57,114955.72,108193.62,113547.4,9481208.03,INTRADAY_SQUAREOFF,0.01,67.46,0.000358,3372.77,-25.31,3.99,-29.3,-29.3,6745.54,6716.23
308,BTC/INR,1h,SHORT,2025-08-22 01:30:00+05:30,2025-08-22 19:30:00+05:30,111942.24,9347177.3,114181.09,107464.55,114238.18,9538887.9,STOP_LOSS,0.01,67.16,0.000359,3358.12,-68.87,4.0,-72.88,-72.88,6716.23,6643.36
309,BTC/INR,1h,LONG,2025-08-22 23:30:00+05:30,2025-08-23 01:30:00+05:30,117049.78,9773657.02,114708.79,121731.78,116567.78,9733409.69,INTRADAY_SQUAREOFF,0.01,66.43,0.00034,3321.68,-13.68,3.91,-17.59,-17.59,6643.36,6625.77
310,BTC/INR,1h,SHORT,2025-08-24 08:30:00+05:30,2025-08-25 00:30:00+05:30,114952.94,9598570.5,117252.0,110354.82,114657.72,9573919.79,INTRADAY_SQUAREOFF,0.01,66.26,0.000345,3312.88,8.51,3.9,4.6,4.6,6625.77,6630.37
311,BTC/INR,1h,SHORT,2025-08-25 11:30:00+05:30,2025-08-26 00:30:00+05:30,112286.94,9375959.31,114532.68,107795.46,112454.03,9389911.91,INTRADAY_SQUAREOFF,0.01,66.3,0.000354,3315.18,-4.93,3.91,-8.85,-8.85,6630.37,6621.52
312,BTC/INR,1h,SHORT,2025-08-26 06:30:00+05:30,2025-08-27 00:30:00+05:30,108973.07,9099251.52,111152.53,104614.15,111208.11,9285877.17,STOP_LOSS,0.01,66.22,0.000364,3310.76,-67.9,3.95,-71.85,-71.85,6621.52,6549.67
313,BTC/INR,1h,LONG,2025-08-27 17:30:00+05:30,2025-08-28 00:30:00+05:30,111424.68,9303960.5,109196.18,115881.66,111934.52,9346532.45,INTRADAY_SQUAREOFF,0.01,65.5,0.000352,3274.84,14.98,3.87,11.11,11.11,6549.67,6560.78
314,BTC/INR,1h,LONG,2025-08-28 07:30:00+05:30,2025-08-29 00:30:00+05:30,111729.6,9329421.81,109495.01,116198.79,112332.38,9379754.05,INTRADAY_SQUAREOFF,0.01,65.61,0.000352,3280.39,17.7,3.88,13.82,13.82,6560.78,6574.6
315,BTC/INR,1h,LONG,2025-08-29 04:30:00+05:30,2025-08-29 12:30:00+05:30,112505.86,9394239.11,110255.74,117006.09,110200.61,9201751.15,STOP_LOSS,0.01,65.75,0.00035,3287.3,-67.36,3.84,-71.2,-71.2,6574.6,6503.4
316,BTC/INR,1h,SHORT,2025-08-29 19:30:00+05:30,2025-08-30 00:30:00+05:30,108978.6,9099713.15,111158.17,104619.46,108210.84,9035605.47,INTRADAY_SQUAREOFF,0.01,65.03,0.000357,3251.7,22.91,3.82,19.08,19.08,6503.4,6522.49
317,BTC/INR,1h,SHORT,2025-08-30 07:30:00+05:30,2025-08-31 00:30:00+05:30,107428.23,8970257.02,109576.79,103131.1,108797.48,9084589.66,INTRADAY_SQUAREOFF,0.01,65.22,0.000364,3261.24,-41.57,3.87,-45.44,-45.44,6522.49,6477.05
318,BTC/INR,1h,SHORT,2025-08-31 02:30:00+05:30,2025-09-01 00:30:00+05:30,108569.2,9065528.52,110740.59,104226.44,109204.74,9118595.72,INTRADAY_SQUAREOFF,0.01,64.77,0.000357,3238.52,-18.96,3.83,-22.79,-22.79,6477.05,6454.26
319,BTC/INR,1h,SHORT,2025-09-01 04:30:00+05:30,2025-09-02 00:30:00+05:30,108720.99,9078202.44,110895.41,104372.15,109287.31,9125490.52,INTRADAY_SQUAREOFF,0.01,64.54,0.000355,3227.13,-16.81,3.82,-20.63,-20.63,6454.26,6433.63
320,BTC/INR,1h,LONG,2025-09-02 19:30:00+05:30,2025-09-03 00:30:00+05:30,111314.82,9294787.88,109088.53,115767.42,110611.62,9236070.24,INTRADAY_SQUAREOFF,0.01,64.34,0.000346,3216.81,-20.32,3.78,-24.11,-24.11,6433.63,6409.52
321,BTC/INR,1h,LONG,2025-09-03 08:30:00+05:30,2025-09-04 00:30:00+05:30,111510.68,9311141.83,109280.47,115971.11,111972.93,9349739.73,INTRADAY_SQUAREOFF,0.01,64.1,0.000344,3204.76,13.28,3.79,9.5,9.5,6409.52,6419.02
322,BTC/INR,1h,LONG,2025-09-04 06:30:00+05:30,2025-09-04 19:30:00+05:30,112249.68,9372848.51,110004.69,116739.67,109949.69,9180798.84,STOP_LOSS,0.01,64.19,0.000342,3209.51,-65.76,3.75,-69.51,-69.51,6419.02,6349.51
323,BTC/INR,1h,LONG,2025-09-05 07:30:00+05:30,2025-09-06 00:30:00+05:30,111161.99,9282026.23,108938.75,115608.47,111152.29,9281215.94,INTRADAY_SQUAREOFF,0.01,63.5,0.000342,3174.75,-0.28,3.75,-4.02,-4.02,6349.51,6345.48
324,BTC/INR,1h,SHORT,2025-09-06 03:30:00+05:30,2025-09-07 00:30:00+05:30,110553.32,9231202.28,112764.39,106131.19,110300.61,9210101.35,INTRADAY_SQUAREOFF,0.01,63.45,0.000344,3172.74,7.25,3.74,3.51,3.51,6345.48,6349.0
325,BTC/INR,1h,SHORT,2025-09-07 12:30:00+05:30,2025-09-08 00:30:00+05:30,110455.62,9223044.23,112664.73,106037.39,111099.53,9276810.74,INTRADAY_SQUAREOFF,0.01,63.49,0.000344,3174.5,-18.51,3.76,-22.26,-22.26,6349.0,6326.73
326,BTC/INR,1h,LONG,2025-09-08 20:30:00+05:30,2025-09-09 00:30:00+05:30,112780.98,9417211.79,110525.36,117292.22,112413.38,9386517.43,INTRADAY_SQUAREOFF,0.01,63.27,0.000336,3163.37,-10.31,3.73,-14.04,-14.04,6326.73,6312.7
327,BTC/INR,1h,LONG,2025-09-09 03:30:00+05:30,2025-09-10 00:30:00+05:30,112377.02,9383481.15,110129.48,116872.1,111111.65,9277822.84,INTRADAY_SQUAREOFF,0.01,63.13,0.000336,3156.35,-35.54,3.7,-39.24,-39.24,6312.7,6273.45
328,BTC/INR,1h,SHORT,2025-09-10 06:30:00+05:30,2025-09-10 17:30:00+05:30,110935.25,9263093.11,113153.95,106497.84,113210.53,9453079.15,STOP_LOSS,0.01,62.73,0.000339,3136.73,-64.33,3.74,-68.07,-68.07,6273.45,6205.38
329,BTC/INR,1h,LONG,2025-09-11 03:30:00+05:30,2025-09-12 00:30:00+05:30,113902.17,9510831.41,111624.13,118458.26,114266.5,9541252.94,INTRADAY_SQUAREOFF,0.01,62.05,0.000326,3102.69,9.92,3.67,6.26,6.26,6205.38,6211.64
330,BTC/INR,1h,LONG,2025-09-12 03:30:00+05:30,2025-09-13 00:30:00+05:30,114595.62,9568734.33,112303.71,119179.45,116460.11,9724419.02,INTRADAY_SQUAREOFF,0.01,62.12,0.000325,3105.82,50.53,3.69,46.84,46.84,6211.64,6258.47
331,BTC/INR,1h,LONG,2025-09-13 06:30:00+05:30,2025-09-14 00:30:00+05:30,116382.87,9717969.92,114055.22,121038.19,115620.94,9654348.65,INTRADAY_SQUAREOFF,0.01,62.58,0.000322,3129.24,-20.49,3.68,-24.17,-24.17,6258.47,6234.31
332,BTC/INR,1h,SHORT,2025-09-15 00:30:00+05:30,2025-09-16 00:30:00+05:30,115366.93,9633138.51,117674.27,110752.25,115370.72,9633455.04,INTRADAY_SQUAREOFF,0.01,62.34,0.000324,3117.15,-0.1,3.68,-3.78,-3.78,6234.31,6230.53
333,BTC/INR,1h,SHORT,2025-09-16 06:30:00+05:30,2025-09-17 00:30:00+05:30,114955.79,9598808.48,117254.91,110357.56,116511.09,9728675.66,INTRADAY_SQUAREOFF,0.01,62.31,0.000325,3115.26,-42.15,3.7,-45.85,-45.85,6230.53,6184.68
334,BTC/INR,1h,LONG,2025-09-17 11:30:00+05:30,2025-09-17 23:30:00+05:30,117264.5,9791585.87,114919.21,121955.08,114861.75,9590956.27,STOP_LOSS,0.01,61.85,0.000316,3092.34,-63.36,3.61,-66.97,-66.97,6184.68,6117.7
335,BTC/INR,1h,LONG,2025-09-18 15:30:00+05:30,2025-09-19 00:30:00+05:30,117409.82,9803720.3,115061.63,122106.22,117799.34,9836244.6,INTRADAY_SQUAREOFF,0.01,61.18,0.000312,3058.85,10.15,3.62,6.53,6.53,6117.7,6124.24
336,BTC/INR,1h,LONG,2025-09-19 06:30:00+05:30,2025-09-20 00:30:00+05:30,117502.04,9811420.5,115152.0,122202.12,115400.18,9635914.8,INTRADAY_SQUAREOFF,0.01,61.24,0.000312,3062.12,-54.77,3.58,-58.36,-58.36,6124.24,6065.88
337,BTC/INR,1h,SHORT,2025-09-20 09:30:00+05:30,2025-09-21 00:30:00+05:30,115435.15,9638835.19,117743.86,110817.75,115841.37,9672754.25,INTRADAY_SQUAREOFF,0.01,60.66,0.000315,3032.94,-10.67,3.59,-14.26,-14.26,6065.88,6051.62
338,BTC/INR,1h,SHORT,2025-09-21 14:30:00+05:30,2025-09-22 00:30:00+05:30,115585.98,9651429.56,117897.7,110962.54,115644.49,9656314.8,INTRADAY_SQUAREOFF,0.01,60.52,0.000314,3025.81,-1.53,3.57,-5.1,-5.1,6051.62,6046.52
339,BTC/INR,1h,SHORT,2025-09-22 05:30:00+05:30,2025-09-23 00:30:00+05:30,115210.23,9620054.48,117514.44,110601.82,112583.77,9400744.93,INTRADAY_SQUAREOFF,0.01,60.47,0.000314,3023.26,68.92,3.53,65.39,65.39,6046.52,6111.91
340,BTC/INR,1h,SHORT,2025-09-23 06:30:00+05:30,2025-09-24 00:30:00+05:30,112444.72,9389133.98,114693.61,107946.93,111856.33,9340003.55,INTRADAY_SQUAREOFF,0.01,61.12,0.000325,3055.96,15.99,3.6,12.39,12.39,6111.91,6124.31
341,BTC/INR,1h,SHORT,2025-09-24 09:30:00+05:30,2025-09-24 22:30:00+05:30,111699.22,9326885.2,113933.21,107231.26,113990.18,9518179.62,STOP_LOSS,0.01,61.24,0.000328,3062.15,-62.8,3.65,-66.46,-66.46,6124.31,6057.85
342,BTC/INR,1h,SHORT,2025-09-25 17:30:00+05:30,2025-09-26 00:30:00+05:30,111322.59,9295436.44,113549.04,106869.69,109966.56,9182207.54,INTRADAY_SQUAREOFF,0.01,60.58,0.000326,3028.93,36.9,3.55,33.34,33.34,6057.85,6091.2
343,BTC/INR,1h,SHORT,2025-09-26 05:30:00+05:30,2025-09-27 00:30:00+05:30,108893.63,9092617.9,111071.5,104537.88,109852.43,9172677.91,INTRADAY_SQUAREOFF,0.01,60.91,0.000335,3045.6,-26.82,3.61,-30.43,-30.43,6091.2,6060.77
344,BTC/INR,1h,SHORT,2025-09-27 07:30:00+05:30,2025-09-28 00:30:00+05:30,109363.99,9131892.83,111551.27,104989.43,109517.61,9144720.79,INTRADAY_SQUAREOFF,0.01,60.61,0.000332,3030.39,-4.26,3.58,-7.84,-7.84,6060.77,6052.94
345,BTC/INR,1h,SHORT,2025-09-28 07:30:00+05:30,2025-09-29 00:30:00+05:30,109354.05,9131062.81,111541.13,104979.88,110357.05,9214813.62,INTRADAY_SQUAREOFF,0.01,60.53,0.000331,3026.47,-27.76,3.59,-31.35,-31.35,6052.94,6021.59
346,BTC/INR,1h,LONG,2025-09-29 04:30:00+05:30,2025-09-30 00:30:00+05:30,112069.06,9357766.61,109827.68,116551.82,114031.0,9521588.09,INTRADAY_SQUAREOFF,0.01,60.22,0.000322,3010.79,52.71,3.58,49.12,49.12,6021.59,6070.71
347,BTC/INR,1h,LONG,2025-09-30 05:30:00+05:30,2025-10-01 00:30:00+05:30,114462.38,9557608.92,112173.13,119040.88,113664.12,9490953.69,INTRADAY_SQUAREOFF,0.01,60.71,0.000318,3035.36,-21.17,3.57,-24.74,-24.74,6070.71,6045.98
348,BTC/INR,1h,LONG,2025-10-01 07:30:00+05:30,2025-10-02 00:30:00+05:30,114583.63,9567733.14,112291.96,119166.98,117221.13,9787964.0,INTRADAY_SQUAREOFF,0.01,60.46,0.000316,3022.99,69.58,3.61,65.98,65.98,6045.98,6111.95
349,BTC/INR,1h,LONG,2025-10-02 05:30:00+05:30,2025-10-03 00:30:00+05:30,118711.71,9912427.7,116337.47,123460.18,120514.1,10062926.98,INTRADAY_SQUAREOFF,0.01,61.12,0.000308,3055.98,46.4,3.63,42.77,42.77,6111.95,6154.72
350,BTC/INR,1h,LONG,2025-10-03 15:30:00+05:30,2025-10-04 00:30:00+05:30,120471.58,10059376.99,118062.15,125290.44,122537.11,10231848.44,INTRADAY_SQUAREOFF,0.01,61.55,0.000306,3077.36,52.76,3.66,49.1,49.1,6154.72,6203.82
351,BTC/INR,1h,LONG,2025-10-04 09:30:00+05:30,2025-10-05 00:30:00+05:30,122405.77,10220881.46,119957.65,127302.0,121593.48,10153055.37,INTRADAY_SQUAREOFF,0.01,62.04,0.000303,3101.91,-20.58,3.65,-24.23,-24.23,6203.82,6179.58
352,BTC/INR,1h,LONG,2025-10-05 05:30:00+05:30,2025-10-06 00:30:00+05:30,122504.94,10229162.54,120054.84,127405.14,122976.84,10268566.16,INTRADAY_SQUAREOFF,0.01,61.8,0.000302,3089.79,11.9,3.65,8.25,8.25,6179.58,6187.83
353,BTC/INR,1h,LONG,2025-10-06 22:30:00+05:30,2025-10-07 00:30:00+05:30,125553.1,10483683.58,123042.03,130575.22,126006.19,10521517.03,INTRADAY_SQUAREOFF,0.01,61.88,0.000295,3093.92,11.17,3.66,7.51,7.51,6187.83,6195.34
354,BTC/INR,1h,LONG,2025-10-07 10:30:00+05:30,2025-10-07 20:30:00+05:30,124696.02,10412117.67,122202.1,129683.86,122141.0,10198773.38,STOP_LOSS,0.01,61.95,0.000298,3097.67,-63.47,3.62,-67.09,-67.09,6195.34,6128.25
355,BTC/INR,1h,SHORT,2025-10-08 05:30:00+05:30,2025-10-08 22:30:00+05:30,121348.18,10132572.89,123775.14,116494.25,123837.03,10340391.96,STOP_LOSS,0.01,61.28,0.000302,3064.13,-62.85,3.65,-66.5,-66.5,6128.25,6061.75
356,BTC/INR,1h,SHORT,2025-10-10 08:30:00+05:30,2025-10-11 00:30:00+05:30,120985.09,10102254.73,123404.79,116145.68,116203.76,9703013.62,TARGET_HIT,0.01,60.62,0.0003,3030.88,119.78,3.51,116.27,116.27,6061.75,6178.03
357,BTC/INR,1h,SHORT,2025-10-11 07:30:00+05:30,2025-10-12 00:30:00+05:30,111170.93,9282772.96,113394.35,106724.1,112135.82,9363341.07,INTRADAY_SQUAREOFF,0.01,61.78,0.000333,3089.01,-26.81,3.66,-30.47,-30.47,6178.03,6147.56
358,BTC/INR,1h,SHORT,2025-10-12 06:30:00+05:30,2025-10-12 09:30:00+05:30,109687.11,9158873.97,111880.86,105299.63,111936.8,9346722.47,STOP_LOSS,0.01,61.48,0.000336,3073.78,-63.04,3.66,-66.71,-66.71,6147.56,6080.85
359,BTC/INR,1h,SHORT,2025-10-12 13:30:00+05:30,2025-10-12 21:30:00+05:30,111557.73,9315070.65,113788.89,107095.42,113845.78,9506122.75,STOP_LOSS,0.01,60.81,0.000326,3040.42,-62.36,3.62,-65.98,-65.98,6080.85,6014.87
360,BTC/INR,1h,LONG,2025-10-13 02:30:00+05:30,2025-10-14 00:30:00+05:30,115380.28,9634253.25,113072.67,119995.49,115172.38,9616894.15,INTRADAY_SQUAREOFF,0.01,60.15,0.000312,3007.43,-5.42,3.55,-8.96,-8.96,6014.87,6005.9
361,BTC/INR,1h,SHORT,2025-10-14 15:30:00+05:30,2025-10-14 23:30:00+05:30,111152.01,9281192.47,113375.05,106705.93,113431.73,9471549.72,STOP_LOSS,0.01,60.06,0.000324,3002.95,-61.59,3.58,-65.17,-65.17,6005.9,5940.73
362,BTC/INR,1h,SHORT,2025-10-16 03:30:00+05:30,2025-10-17 00:30:00+05:30,110599.77,9235080.48,112811.76,106175.78,108676.21,9074463.48,INTRADAY_SQUAREOFF,0.01,59.41,0.000322,2970.37,51.66,3.47,48.19,48.19,5940.73,5988.92
363,BTC/INR,1h,SHORT,2025-10-17 10:30:00+05:30,2025-10-17 15:30:00+05:30,108748.05,9080462.33,110923.01,104398.13,104450.33,8721602.46,TARGET_HIT,0.01,59.89,0.00033,2994.46,118.34,3.46,114.88,114.88,5988.92,6103.79
364,BTC/INR,1h,LONG,2025-10-19 01:30:00+05:30,2025-10-20 00:30:00+05:30,107156.41,8947560.3,105013.28,111442.67,109385.84,9133717.83,INTRADAY_SQUAREOFF,0.01,61.04,0.000341,3051.9,63.5,3.64,59.86,59.86,6103.79,6163.65
365,BTC/INR,1h,LONG,2025-10-20 08:30:00+05:30,2025-10-21 00:30:00+05:30,109006.9,9102075.99,106826.76,113367.17,110915.66,9261457.2,INTRADAY_SQUAREOFF,0.01,61.64,0.000339,3081.83,53.96,3.67,50.3,50.3,6163.65,6213.95
366,BTC/INR,1h,SHORT,2025-10-21 19:30:00+05:30,2025-10-21 21:30:00+05:30,108238.37,9037903.84,110403.14,103908.83,110458.34,9223271.25,STOP_LOSS,0.01,62.14,0.000344,3106.97,-63.72,3.7,-67.43,-67.43,6213.95,6146.52
367,BTC/INR,1h,SHORT,2025-10-22 12:30:00+05:30,2025-10-23 00:30:00+05:30,107982.62,9016548.96,110142.27,103663.32,108058.92,9022919.53,INTRADAY_SQUAREOFF,0.01,61.47,0.000341,3073.26,-2.17,3.63,-5.8,-5.8,6146.52,6140.72
368,BTC/INR,1h,LONG,2025-10-23 19:30:00+05:30,2025-10-24 00:30:00+05:30,109639.83,9154925.94,107447.03,114025.42,110536.61,9229806.96,INTRADAY_SQUAREOFF,0.01,61.41,0.000335,3070.36,25.11,3.64,21.48,21.48,6140.72,6162.2
369,BTC/INR,1h,LONG,2025-10-24 10:30:00+05:30,2025-10-25 00:30:00+05:30,111437.78,9305054.38,109209.02,115895.29,110570.14,9232606.72,INTRADAY_SQUAREOFF,0.01,61.62,0.000331,3081.1,-23.99,3.62,-27.61,-27.61,6162.2,6134.59
370,BTC/INR,1h,LONG,2025-10-25 11:30:00+05:30,2025-10-26 00:30:00+05:30,111546.21,9314108.22,109315.28,116008.05,111670.93,9324522.29,INTRADAY_SQUAREOFF,0.01,61.35,0.000329,3067.29,3.43,3.62,-0.19,-0.19,6134.59,6134.39
371,BTC/INR,1h,LONG,2025-10-26 04:30:00+05:30,2025-10-27 00:30:00+05:30,111747.54,9330919.69,109512.59,116217.44,113551.38,9481540.51,INTRADAY_SQUAREOFF,0.01,61.34,0.000329,3067.2,49.51,3.65,45.86,45.86,6134.39,6180.26
372,BTC/INR,1h,LONG,2025-10-27 04:30:00+05:30,2025-10-28 00:30:00+05:30,115074.99,9608761.27,112773.49,119677.98,115267.59,9624843.55,INTRADAY_SQUAREOFF,0.01,61.8,0.000322,3090.13,5.17,3.65,1.52,1.52,6180.26,6181.78
373,BTC/INR,1h,SHORT,2025-10-28 17:30:00+05:30,2025-10-29 00:30:00+05:30,114254.81,9540276.87,116539.91,109684.62,115035.04,9605425.48,INTRADAY_SQUAREOFF,0.01,61.82,0.000324,3090.89,-21.11,3.66,-24.77,-24.77,6181.78,6157.01
374,BTC/INR,1h,SHORT,2025-10-29 06:30:00+05:30,2025-10-30 00:30:00+05:30,112461.83,9390563.2,114711.07,107963.36,110875.31,9258088.25,INTRADAY_SQUAREOFF,0.01,61.57,0.000328,3078.51,43.43,3.61,39.82,39.82,6157.01,6196.83
375,BTC/INR,1h,SHORT,2025-10-30 05:30:00+05:30,2025-10-31 00:30:00+05:30,109845.17,9172072.11,112042.08,105451.37,106875.52,8924105.96,INTRADAY_SQUAREOFF,0.01,61.97,0.000338,3098.42,83.77,3.61,80.16,80.16,6196.83,6276.99
376,BTC/INR,1h,LONG,2025-10-31 14:30:00+05:30,2025-11-01 00:30:00+05:30,110107.68,9193991.5,107905.53,114511.99,109338.98,9129804.42,INTRADAY_SQUAREOFF,0.01,62.77,0.000341,3138.5,-21.91,3.69,-25.6,-25.6,6276.99,6251.39
377,BTC/INR,1h,LONG,2025-11-01 14:30:00+05:30,2025-11-02 00:30:00+05:30,110240.04,9205043.16,108035.24,114649.64,110345.79,9213873.61,INTRADAY_SQUAREOFF,0.01,62.51,0.00034,3125.7,3.0,3.69,-0.69,-0.69,6251.39,6250.7
378,BTC/INR,1h,LONG,2025-11-02 13:30:00+05:30,2025-11-03 00:30:00+05:30,111036.04,9271509.75,108815.32,115477.49,110260.58,9206758.14,INTRADAY_SQUAREOFF,0.01,62.51,0.000337,3125.35,-21.83,3.68,-25.5,-25.5,6250.7,6225.2
379,BTC/INR,1h,SHORT,2025-11-03 15:30:00+05:30,2025-11-04 00:30:00+05:30,107044.43,8938209.7,109185.32,102762.65,106956.4,8930859.13,INTRADAY_SQUAREOFF,0.01,62.25,0.000348,3112.6,2.56,3.67,-1.11,-1.11,6225.2,6224.09
380,BTC/INR,1h,SHORT,2025-11-04 02:30:00+05:30,2025-11-04 22:30:00+05:30,106311.54,8877013.94,108437.78,102059.08,102110.11,8526194.35,TARGET_HIT,0.01,62.24,0.000351,3112.04,122.99,3.6,119.39,119.39,6224.09,6343.47
381,BTC/INR,1h,SHORT,2025-11-05 06:30:00+05:30,2025-11-05 17:30:00+05:30,100335.46,8378010.54,102342.16,96322.04,102393.34,8549843.54,STOP_LOSS,0.01,63.43,0.000379,3171.74,-65.05,3.78,-68.83,-68.83,6343.47,6274.64
382,BTC/INR,1h,SHORT,2025-11-07 12:30:00+05:30,2025-11-08 00:30:00+05:30,101793.27,8499738.31,103829.14,97721.54,102534.62,8561641.15,INTRADAY_SQUAREOFF,0.01,62.75,0.000369,3137.32,-22.85,3.72,-26.56,-26.56,6274.64,6248.08
383,BTC/INR,1h,LONG,2025-11-08 23:30:00+05:30,2025-11-09 01:30:00+05:30,102014.68,8518226.2,99974.39,106095.27,101904.31,8509010.0,INTRADAY_SQUAREOFF,0.01,62.48,0.000367,3124.04,-3.38,3.68,-7.06,-7.06,6248.08,6241.01
384,BTC/INR,1h,LONG,2025-11-09 17:30:00+05:30,2025-11-10 00:30:00+05:30,102317.42,8543504.75,100271.07,106410.12,104455.57,8722039.79,INTRADAY_SQUAREOFF,0.01,62.41,0.000365,3120.51,65.21,3.72,61.49,61.49,6241.01,6302.5
385,BTC/INR,1h,LONG,2025-11-10 06:30:00+05:30,2025-11-11 00:30:00+05:30,106486.15,8891593.86,104356.43,110745.6,105469.22,8806679.5,INTRADAY_SQUAREOFF,0.01,63.03,0.000354,3151.25,-30.09,3.7,-33.8,-33.8,6302.5,6268.71
386,BTC/INR,1h,LONG,2025-11-11 06:30:00+05:30,2025-11-11 19:30:00+05:30,106206.33,8868228.93,104082.21,110454.59,104030.17,8686518.92,STOP_LOSS,0.01,62.69,0.000353,3134.35,-64.22,3.66,-67.88,-67.88,6268.71,6200.82
387,BTC/INR,1h,SHORT,2025-11-11 21:30:00+05:30,2025-11-12 00:30:00+05:30,103186.76,8616094.76,105250.5,99059.29,103430.6,8636455.39,INTRADAY_SQUAREOFF,0.01,62.01,0.00036,3100.41,-7.33,3.66,-10.99,-10.99,6200.82,6189.83
388,BTC/INR,1h,SHORT,2025-11-12 13:30:00+05:30,2025-11-12 16:30:00+05:30,103034.93,8603416.28,105095.62,98913.53,105148.17,8779872.35,STOP_LOSS,0.01,61.9,0.00036,3094.92,-63.48,3.69,-67.17,-67.17,6189.83,6122.67
389,BTC/INR,1h,SHORT,2025-11-14 02:30:00+05:30,2025-11-14 04:30:00+05:30,97986.64,8181884.31,99946.37,94067.17,99996.34,8349694.76,STOP_LOSS,0.01,61.23,0.000374,3061.33,-62.79,3.65,-66.44,-66.44,6122.67,6056.23
390,BTC/INR,1h,SHORT,2025-11-14 15:30:00+05:30,2025-11-15 00:30:00+05:30,96670.48,8071984.79,98603.89,92803.66,95067.64,7938147.53,INTRADAY_SQUAREOFF,0.01,60.56,0.000375,3028.11,50.21,3.54,46.66,46.66,6056.23,6102.89
391,BTC/INR,1h,SHORT,2025-11-15 02:30:00+05:30,2025-11-15 07:30:00+05:30,94136.86,7860427.91,96019.6,90371.39,96067.61,8021645.28,STOP_LOSS,0.01,61.03,0.000388,3051.45,-62.59,3.64,-66.22,-66.22,6102.89,6036.67
392,BTC/INR,1h,SHORT,2025-11-15 12:30:00+05:30,2025-11-16 00:30:00+05:30,95934.15,8010501.49,97852.83,92096.78,96044.34,8019702.55,INTRADAY_SQUAREOFF,0.01,60.37,0.000377,3018.34,-3.47,3.56,-7.03,-7.03,6036.67,6029.64
393,BTC/INR,1h,SHORT,2025-11-16 12:30:00+05:30,2025-11-17 00:30:00+05:30,95676.11,7988955.57,97589.64,91849.07,94051.87,7853331.11,INTRADAY_SQUAREOFF,0.01,60.3,0.000377,3014.82,51.18,3.53,47.65,47.65,6029.64,6077.29
394,BTC/INR,1h,SHORT,2025-11-17 03:30:00+05:30,2025-11-17 05:30:00+05:30,93336.15,7793568.72,95202.88,89602.71,95250.48,7953414.81,STOP_LOSS,0.01,60.77,0.00039,3038.65,-62.32,3.62,-65.95,-65.95,6077.29,6011.35
395,BTC/INR,1h,SHORT,2025-11-21 17:30:00+05:30,2025-11-21 19:30:00+05:30,82099.57,6855314.12,83741.56,78815.59,83783.43,6995916.61,STOP_LOSS,0.01,60.11,0.000438,3005.67,-61.65,3.58,-65.23,-65.23,6011.35,5946.12
396,BTC/INR,1h,SHORT,2025-11-21 21:30:00+05:30,2025-11-21 23:30:00+05:30,82766.73,6911021.85,84422.06,79456.06,84464.27,7052766.91,STOP_LOSS,0.01,59.46,0.00043,2973.06,-60.98,3.54,-64.52,-64.52,5946.12,5881.6
397,BTC/INR,1h,SHORT,2025-11-22 04:30:00+05:30,2025-11-23 00:30:00+05:30,84224.33,7032731.36,85908.81,80855.35,84646.58,7067989.06,INTRADAY_SQUAREOFF,0.01,58.82,0.000418,2940.8,-14.74,3.48,-18.22,-18.22,5881.6,5863.38
398,BTC/INR,1h,LONG,2025-11-23 14:30:00+05:30,2025-11-24 00:30:00+05:30,86172.22,7195380.44,84448.78,89619.11,86913.17,7257249.7,INTRADAY_SQUAREOFF,0.01,58.63,0.000407,2931.69,25.21,3.47,21.73,21.73,5863.38,5885.11
399,BTC/INR,1h,LONG,2025-11-25 02:30:00+05:30,2025-11-25 12:30:00+05:30,89240.33,7451567.74,87455.53,92809.95,87411.8,7298885.12,STOP_LOSS,0.01,58.85,0.000395,2942.55,-60.29,3.44,-63.73,-63.73,5885.11,5821.38
400,BTC/INR,1h,LONG,2025-11-27 07:30:00+05:30,2025-11-28 00:30:00+05:30,91203.09,7615458.38,89379.03,94851.22,91745.85,7660778.17,INTRADAY_SQUAREOFF,0.01,58.21,0.000382,2910.69,17.32,3.44,13.88,13.88,5821.38,5835.26
401,BTC/INR,1h,LONG,2025-11-28 09:30:00+05:30,2025-11-29 00:30:00+05:30,91307.51,7624177.4,89481.36,94959.81,90796.27,7581488.27,INTRADAY_SQUAREOFF,0.01,58.35,0.000383,2917.63,-16.34,3.43,-19.77,-19.77,5835.26,5815.49
402,BTC/INR,1h,SHORT,2025-12-01 17:30:00+05:30,2025-12-02 00:30:00+05:30,86094.08,7188855.67,87815.96,82650.32,85260.87,7119283.04,INTRADAY_SQUAREOFF,0.01,58.15,0.000404,2907.74,28.14,3.41,24.73,24.73,5815.49,5840.21
403,BTC/INR,1h,SHORT,2025-12-02 05:30:00+05:30,2025-12-02 19:30:00+05:30,86255.67,7202348.52,87980.78,82805.44,88024.77,7350068.69,STOP_LOSS,0.01,58.4,0.000405,2920.11,-59.89,3.48,-63.37,-63.37,5840.21,5776.84
404,BTC/INR,1h,LONG,2025-12-03 04:30:00+05:30,2025-12-04 00:30:00+05:30,92050.71,7686233.91,90209.69,95732.73,92566.13,7729271.96,INTRADAY_SQUAREOFF,0.01,57.77,0.000376,2888.42,16.17,3.42,12.76,12.76,5776.84,5789.6
405,BTC/INR,1h,LONG,2025-12-04 03:30:00+05:30,2025-12-04 19:30:00+05:30,93791.65,7831603.08,91915.82,97543.32,91869.86,7671133.53,STOP_LOSS,0.01,57.9,0.00037,2894.8,-59.31,3.38,-62.7,-62.7,5789.6,5726.9
406,BTC/INR,1h,LONG,2025-12-04 21:30:00+05:30,2025-12-05 00:30:00+05:30,93107.19,7774450.08,91245.04,96831.47,91199.42,7615151.6,STOP_LOSS,0.01,57.27,0.000368,2863.45,-58.67,3.34,-62.02,-62.02,5726.9,5664.89
407,BTC/INR,1h,LONG,2025-12-05 02:30:00+05:30,2025-12-05 18:30:00+05:30,92575.66,7730067.22,90724.14,96278.68,90678.78,7571678.14,STOP_LOSS,0.01,56.65,0.000366,2832.44,-58.04,3.31,-61.34,-61.34,5664.89,5603.54
408,BTC/INR,1h,SHORT,2025-12-06 00:30:00+05:30,2025-12-07 00:30:00+05:30,88935.14,7426084.44,90713.85,85377.74,89708.03,7490620.25,INTRADAY_SQUAREOFF,0.01,56.04,0.000377,2801.77,-24.35,3.32,-27.67,-27.67,5603.54,5575.87
409,BTC/INR,1h,SHORT,2025-12-07 04:30:00+05:30,2025-12-07 22:30:00+05:30,89255.84,7452862.8,91040.96,85685.61,91086.48,7605721.02,STOP_LOSS,0.01,55.76,0.000374,2787.94,-57.18,3.32,-60.5,-60.5,5575.87,5515.37
410,BTC/INR,1h,LONG,2025-12-08 05:30:00+05:30,2025-12-09 00:30:00+05:30,90472.16,7554425.26,88662.72,94091.05,89825.52,7500430.74,INTRADAY_SQUAREOFF,0.01,55.15,0.000365,2757.68,-19.71,3.24,-22.95,-22.95,5515.37,5492.41
411,BTC/INR,1h,SHORT,2025-12-09 05:30:00+05:30,2025-12-09 20:30:00+05:30,90477.8,7554896.38,92287.36,86858.69,92333.5,7709847.31,STOP_LOSS,0.01,54.92,0.000364,2746.21,-56.32,3.27,-59.6,-59.6,5492.41,5432.82
412,BTC/INR,1h,LONG,2025-12-10 12:30:00+05:30,2025-12-11 00:30:00+05:30,92776.15,7746808.2,90920.62,96487.19,92455.54,7720037.44,INTRADAY_SQUAREOFF,0.01,54.33,0.000351,2716.41,-9.39,3.2,-12.59,-12.59,5432.82,5420.23
413,BTC/INR,1h,SHORT,2025-12-11 18:30:00+05:30,2025-12-12 00:30:00+05:30,90008.3,7515693.17,91808.47,86407.97,90814.37,7582999.8,INTRADAY_SQUAREOFF,0.01,54.2,0.000361,2710.11,-24.27,3.21,-27.48,-27.48,5420.23,5392.75
414,BTC/INR,1h,LONG,2025-12-12 15:30:00+05:30,2025-12-12 20:30:00+05:30,92631.21,7734706.4,90778.59,96336.46,90733.2,7576222.26,STOP_LOSS,0.01,53.93,0.000349,2696.37,-55.25,3.15,-58.4,-58.4,5392.75,5334.35
415,BTC/INR,1h,SHORT,2025-12-13 08:30:00+05:30,2025-12-14 00:30:00+05:30,90196.15,7531378.76,92000.08,86588.31,90191.46,7530987.23,INTRADAY_SQUAREOFF,0.01,53.34,0.000354,2667.17,0.14,3.15,-3.01,-3.01,5334.35,5331.34
416,BTC/INR,1h,SHORT,2025-12-14 02:30:00+05:30,2025-12-15 00:30:00+05:30,90062.03,7520179.7,91863.27,86459.55,89066.33,7437038.66,INTRADAY_SQUAREOFF,0.01,53.31,0.000354,2665.67,29.47,3.13,26.34,26.34,5331.34,5357.68
417,BTC/INR,1h,SHORT,2025-12-16 06:30:00+05:30,2025-12-16 18:30:00+05:30,85730.58,7158503.6,87445.19,82301.36,87488.92,7305324.51,STOP_LOSS,0.01,53.58,0.000374,2678.84,-54.94,3.19,-58.14,-58.14,5357.68,5299.55
418,BTC/INR,1h,LONG,2025-12-17 13:30:00+05:30,2025-12-18 00:30:00+05:30,87115.03,7274104.83,85372.73,90599.63,85330.04,7125058.42,STOP_LOSS,0.01,53.0,0.000364,2649.77,-54.29,3.09,-57.39,-57.39,5299.55,5242.16
419,BTC/INR,1h,SHORT,2025-12-18 11:30:00+05:30,2025-12-18 18:30:00+05:30,86324.63,7208106.49,88051.12,82871.64,88095.15,7355944.75,STOP_LOSS,0.01,52.42,0.000364,2621.08,-53.76,3.12,-56.88,-56.88,5242.16,5185.27
420,BTC/INR,1h,SHORT,2025-12-22 02:30:00+05:30,2025-12-22 16:30:00+05:30,88171.94,7362356.89,89935.38,84645.06,89980.35,7513358.83,STOP_LOSS,0.01,51.85,0.000352,2592.64,-53.17,3.09,-56.27,-56.27,5185.27,5129.01
421,BTC/INR,1h,SHORT,2025-12-23 08:30:00+05:30,2025-12-24 00:30:00+05:30,88080.51,7354722.42,89842.12,84557.29,87977.78,7346144.58,INTRADAY_SQUAREOFF,0.01,51.29,0.000349,2564.5,2.99,3.02,-0.03,-0.03,5129.01,5128.98
422,BTC/INR,1h,SHORT,2025-12-24 04:30:00+05:30,2025-12-25 00:30:00+05:30,87250.05,7285379.05,88995.05,83760.05,87450.49,7302116.12,INTRADAY_SQUAREOFF,0.01,51.29,0.000352,2564.49,-5.89,3.03,-8.92,-8.92,5128.98,5120.05
423,BTC/INR,1h,LONG,2025-12-26 19:30:00+05:30,2025-12-26 21:30:00+05:30,89027.66,7433809.25,87247.1,92588.76,87203.48,7281490.49,STOP_LOSS,0.01,51.2,0.000344,2560.03,-52.45,2.99,-55.44,-55.44,5120.05,5064.61
424,BTC/INR,1h,SHORT,2025-12-27 05:30:00+05:30,2025-12-28 00:30:00+05:30,87234.47,7284078.27,88979.16,83745.09,87482.57,7304794.68,INTRADAY_SQUAREOFF,0.01,50.65,0.000348,2532.3,-7.2,2.99,-10.19,-10.19,5064.61,5054.42
425,BTC/INR,1h,SHORT,2025-12-30 01:30:00+05:30,2025-12-30 20:30:00+05:30,87194.48,7280739.29,88938.37,83706.7,88982.84,7430067.25,STOP_LOSS,0.01,50.54,0.000347,2527.21,-51.83,3.01,-54.85,-54.85,5054.42,4999.57
426,BTC/INR,1h,LONG,2025-12-31 03:30:00+05:30,2026-01-01 00:30:00+05:30,88269.0,7370461.1,86503.62,91799.76,87518.07,7307758.9,INTRADAY_SQUAREOFF,0.01,50.0,0.000339,2499.78,-21.27,2.94,-24.2,-24.2,4999.57,4975.37
427,BTC/INR,1h,SHORT,2026-01-01 05:30:00+05:30,2026-01-02 00:30:00+05:30,87458.2,7302759.88,89207.37,83959.87,88107.01,7356935.17,INTRADAY_SQUAREOFF,0.01,49.75,0.000341,2487.68,-18.45,2.95,-21.4,-21.4,4975.37,4953.97
428,BTC/INR,1h,LONG,2026-01-02 03:30:00+05:30,2026-01-03 00:30:00+05:30,88324.28,7375077.44,86557.8,91857.25,89694.52,7489492.5,INTRADAY_SQUAREOFF,0.01,49.54,0.000336,2476.98,38.43,2.95,35.48,35.48,4953.97,4989.45
429,BTC/INR,1h,LONG,2026-01-03 03:30:00+05:30,2026-01-04 00:30:00+05:30,90137.37,7526470.1,88334.62,93742.86,90046.82,7518909.57,INTRADAY_SQUAREOFF,0.01,49.89,0.000331,2494.72,-2.51,2.94,-5.45,-5.45,4989.45,4984.0
430,BTC/INR,1h,LONG,2026-01-04 02:30:00+05:30,2026-01-05 00:30:00+05:30,90355.66,7544697.21,88548.54,93969.88,91119.06,7608441.37,INTRADAY_SQUAREOFF,0.01,49.84,0.00033,2492.0,21.05,2.95,18.1,18.1,4984.0,5002.1
431,BTC/INR,1h,LONG,2026-01-05 02:30:00+05:30,2026-01-06 00:30:00+05:30,91344.42,7627258.65,89517.53,94998.19,94287.51,7873007.28,INTRADAY_SQUAREOFF,0.01,50.02,0.000328,2501.05,80.58,3.0,77.58,77.58,5002.1,5079.68
432,BTC/INR,1h,SHORT,2026-01-08 08:30:00+05:30,2026-01-09 00:30:00+05:30,90656.14,7569787.81,92469.26,87029.9,91084.2,7605530.62,INTRADAY_SQUAREOFF,0.01,50.8,0.000336,2539.84,-11.99,3.0,-15.0,-15.0,5079.68,5064.69
433,BTC/INR,1h,LONG,2026-01-11 20:30:00+05:30,2026-01-12 00:30:00+05:30,91089.47,7605970.52,89267.68,94733.05,90711.79,7574434.09,INTRADAY_SQUAREOFF,0.01,50.65,0.000333,2532.34,-10.5,2.98,-13.48,-13.48,5064.69,5051.21
434,BTC/INR,1h,LONG,2026-01-12 03:30:00+05:30,2026-01-13 00:30:00+05:30,90723.17,7575384.45,88908.7,94352.09,91572.0,7646262.3,INTRADAY_SQUAREOFF,0.01,50.51,0.000333,2525.6,23.63,2.99,20.64,20.64,5051.21,5071.84
435,BTC/INR,1h,LONG,2026-01-14 01:30:00+05:30,2026-01-15 00:30:00+05:30,94269.59,7871510.58,92384.2,98040.37,96753.44,8078911.82,INTRADAY_SQUAREOFF,0.01,50.72,0.000322,2535.92,66.82,3.03,63.79,63.79,5071.84,5135.63
436,BTC/INR,1h,LONG,2026-01-15 14:30:00+05:30,2026-01-16 00:30:00+05:30,96666.86,8071683.14,94733.53,100533.54,95750.06,7995130.17,INTRADAY_SQUAREOFF,0.01,51.36,0.000318,2567.81,-24.35,3.02,-27.37,-27.37,5135.63,5108.26
437,BTC/INR,1h,SHORT,2026-01-16 09:30:00+05:30,2026-01-17 00:30:00+05:30,95250.12,7953384.75,97155.12,91440.11,95003.33,7932778.01,INTRADAY_SQUAREOFF,0.01,51.08,0.000321,2554.13,6.62,3.01,3.61,3.61,5108.26,5111.87
438,BTC/INR,1h,SHORT,2026-01-17 07:30:00+05:30,2026-01-18 00:30:00+05:30,95303.94,7957879.11,97210.02,91491.78,95444.13,7969584.68,INTRADAY_SQUAREOFF,0.01,51.12,0.000321,2555.93,-3.76,3.02,-6.78,-6.78,5111.87,5105.09
439,BTC/INR,1h,SHORT,2026-01-18 05:30:00+05:30,2026-01-19 00:30:00+05:30,95040.78,7935905.46,96941.6,91239.15,95456.7,7970634.17,INTRADAY_SQUAREOFF,0.01,51.05,0.000322,2552.54,-11.17,3.02,-14.19,-14.19,5105.09,5090.9
440,BTC/INR,1h,SHORT,2026-01-20 04:30:00+05:30,2026-01-21 00:30:00+05:30,92469.83,7721230.63,94319.22,88771.03,89431.83,7467557.5,INTRADAY_SQUAREOFF,0.01,50.91,0.00033,2545.45,83.63,2.95,80.67,80.67,5090.9,5171.57
441,BTC/INR,1h,SHORT,2026-01-21 13:30:00+05:30,2026-01-22 00:30:00+05:30,88942.63,7426709.73,90721.48,85384.93,88434.5,7384280.74,INTRADAY_SQUAREOFF,0.01,51.72,0.000348,2585.79,14.77,3.04,11.73,11.73,5171.57,5183.3
442,BTC/INR,1h,SHORT,2026-01-23 11:30:00+05:30,2026-01-24 00:30:00+05:30,89368.16,7462241.42,91155.52,85793.43,90471.03,7554330.62,INTRADAY_SQUAREOFF,0.01,51.83,0.000347,2591.65,-31.98,3.08,-35.06,-35.06,5183.3,5148.24
443,BTC/INR,1h,LONG,2026-01-24 08:30:00+05:30,2026-01-25 00:30:00+05:30,89626.88,7483844.88,87834.35,93211.96,89214.64,7449422.11,INTRADAY_SQUAREOFF,0.01,51.48,0.000344,2574.12,-11.84,3.03,-14.87,-14.87,5148.24,5133.37
444,BTC/INR,1h,SHORT,2026-01-25 13:30:00+05:30,2026-01-26 00:30:00+05:30,88459.12,7386336.14,90228.3,84920.75,87339.86,7292878.23,INTRADAY_SQUAREOFF,0.01,51.33,0.000347,2566.69,32.48,3.01,29.47,29.47,5133.37,5162.84
445,BTC/INR,1h,LONG,2026-01-27 22:30:00+05:30,2026-01-28 00:30:00+05:30,88715.51,7407744.87,86941.2,92264.13,88112.23,7357371.57,INTRADAY_SQUAREOFF,0.01,51.63,0.000348,2581.42,-17.55,3.04,-20.59,-20.59,5162.84,5142.25
446,BTC/INR,1h,LONG,2026-01-28 12:30:00+05:30,2026-01-29 00:30:00+05:30,89303.75,7456862.85,87517.67,92875.9,89389.84,7464051.42,INTRADAY_SQUAREOFF,0.01,51.42,0.000345,2571.13,2.48,3.04,-0.56,-0.56,5142.25,5141.69
447,BTC/INR,1h,SHORT,2026-01-29 15:30:00+05:30,2026-01-29 22:30:00+05:30,87719.41,7324570.52,89473.8,84210.63,84252.74,7035103.49,TARGET_HIT,0.01,51.42,0.000351,2570.85,101.6,2.97,98.63,98.63,5141.69,5240.32
448,BTC/INR,1h,SHORT,2026-01-30 06:30:00+05:30,2026-01-31 00:30:00+05:30,84022.39,7015869.54,85702.84,80661.49,83866.8,7002877.4,INTRADAY_SQUAREOFF,0.01,52.4,0.000373,2620.16,4.85,3.09,1.76,1.76,5240.32,5242.08
449,BTC/INR,1h,SHORT,2026-01-31 18:30:00+05:30,2026-01-31 22:30:00+05:30,82552.47,6893131.14,84203.52,79250.37,79290.0,6620714.6,TARGET_HIT,0.01,52.42,0.00038,2621.04,103.58,3.03,100.55,100.55,5242.08,5342.63
450,BTC/INR,1h,SHORT,2026-02-01 11:30:00+05:30,2026-02-02 00:30:00+05:30,78450.94,6550653.69,80019.96,75312.9,78004.25,6513354.73,INTRADAY_SQUAREOFF,0.01,53.43,0.000408,2671.32,15.21,3.14,12.07,12.07,5342.63,5354.7
451,BTC/INR,1h,SHORT,2026-02-02 08:30:00+05:30,2026-02-02 17:30:00+05:30,76364.84,6376463.93,77892.13,73310.24,77931.08,6507245.21,STOP_LOSS,0.01,53.55,0.00042,2677.35,-54.91,3.19,-58.1,-58.1,5354.7,5296.6
452,BTC/INR,1h,SHORT,2026-02-03 22:30:00+05:30,2026-02-04 00:30:00+05:30,76414.01,6380569.69,77942.29,73357.45,73394.13,6128409.58,TARGET_HIT,0.01,52.97,0.000415,2648.3,104.66,3.06,101.6,101.6,5296.6,5398.2
453,BTC/INR,1h,SHORT,2026-02-04 15:30:00+05:30,2026-02-04 22:30:00+05:30,75853.62,6333777.0,77370.69,72819.47,72855.88,6083466.13,TARGET_HIT,0.01,53.98,0.000426,2699.1,106.67,3.12,103.55,103.55,5398.2,5501.74
454,BTC/INR,1h,SHORT,2026-02-05 08:30:00+05:30,2026-02-05 20:30:00+05:30,71279.57,5951844.01,72705.16,68428.39,68462.6,5716627.13,TARGET_HIT,0.01,55.02,0.000462,2750.87,108.71,3.18,105.53,105.53,5501.74,5607.27
455,BTC/INR,1h,SHORT,2026-02-05 23:30:00+05:30,2026-02-06 01:30:00+05:30,66017.92,5512496.31,67338.28,63377.2,63408.89,5294642.45,TARGET_HIT,0.01,56.07,0.000509,2803.64,110.8,3.24,107.56,107.56,5607.27,5714.83
456,BTC/INR,1h,LONG,2026-02-07 04:30:00+05:30,2026-02-07 06:30:00+05:30,71503.03,5970503.05,70072.97,74363.15,70037.93,5848167.44,STOP_LOSS,0.01,57.15,0.000479,2857.42,-58.55,3.34,-61.89,-61.89,5714.83,5652.95
457,BTC/INR,1h,LONG,2026-02-07 09:30:00+05:30,2026-02-07 11:30:00+05:30,70908.93,5920895.57,69490.75,73745.29,69456.0,5799576.42,STOP_LOSS,0.01,56.53,0.000477,2826.47,-57.91,3.3,-61.22,-61.22,5652.95,5591.73
458,BTC/INR,1h,LONG,2026-02-08 17:30:00+05:30,2026-02-09 00:30:00+05:30,71153.14,5941287.58,69730.08,73999.27,71059.83,5933495.58,INTRADAY_SQUAREOFF,0.01,55.92,0.000471,2795.86,-3.67,3.3,-6.96,-6.96,5591.73,5584.77
459,BTC/INR,1h,LONG,2026-02-09 09:30:00+05:30,2026-02-09 13:30:00+05:30,71394.48,5961439.42,69966.59,74250.26,69931.61,5839289.53,STOP_LOSS,0.01,55.85,0.000468,2792.38,-57.22,3.26,-60.48,-60.48,5584.77,5524.29
460,BTC/INR,1h,SHORT,2026-02-09 19:30:00+05:30,2026-02-09 21:30:00+05:30,68525.93,5721915.22,69896.45,65784.89,69931.4,5839271.71,STOP_LOSS,0.01,55.24,0.000483,2762.14,-56.65,3.29,-59.94,-59.94,5524.29,5464.34
461,BTC/INR,1h,SHORT,2026-02-11 00:30:00+05:30,2026-02-11 20:30:00+05:30,68593.17,5727529.75,69965.03,65849.44,65882.37,5501177.77,TARGET_HIT,0.01,54.64,0.000477,2732.17,107.98,3.16,104.82,104.82,5464.34,5569.16
462,BTC/INR,1h,SHORT,2026-02-12 04:30:00+05:30,2026-02-13 00:30:00+05:30,67321.03,5621305.65,68667.45,64628.18,65560.74,5474322.16,INTRADAY_SQUAREOFF,0.01,55.69,0.000495,2784.58,72.81,3.24,69.57,69.57,5569.16,5638.73
463,BTC/INR,1h,SHORT,2026-02-13 10:30:00+05:30,2026-02-13 19:30:00+05:30,66236.31,5530731.93,67561.04,63586.86,67594.82,5644167.25,STOP_LOSS,0.01,56.39,0.00051,2819.36,-57.83,3.36,-61.19,-61.19,5638.73,5577.54
464,BTC/INR,1h,LONG,2026-02-14 06:30:00+05:30,2026-02-15 00:30:00+05:30,69111.2,5770785.4,67728.98,71875.65,69697.66,5819755.03,INTRADAY_SQUAREOFF,0.01,55.78,0.000483,2788.77,23.66,3.3,20.36,20.36,5577.54,5597.9
465,BTC/INR,1h,LONG,2026-02-15 09:30:00+05:30,2026-02-15 22:30:00+05:30,69999.9,5844991.36,68599.9,72799.89,68565.6,5725227.49,STOP_LOSS,0.01,55.98,0.000479,2798.95,-57.35,3.27,-60.62,-60.62,5597.9,5537.28
466,BTC/INR,1h,SHORT,2026-02-16 08:30:00+05:30,2026-02-16 17:30:00+05:30,68201.58,5694831.72,69565.61,65473.51,69600.39,5811632.72,STOP_LOSS,0.01,55.37,0.000486,2768.64,-56.78,3.3,-60.09,-60.09,5537.28,5477.2
467,BTC/INR,1h,SHORT,2026-02-17 14:30:00+05:30,2026-02-18 00:30:00+05:30,68068.51,5683720.69,69429.88,65345.77,68118.17,5687866.95,INTRADAY_SQUAREOFF,0.01,54.77,0.000482,2738.6,-2.0,3.23,-5.23,-5.23,5477.2,5471.97
468,BTC/INR,1h,SHORT,2026-02-18 16:30:00+05:30,2026-02-19 00:30:00+05:30,67703.72,5653261.03,69057.8,64995.58,66354.16,5540572.4,INTRADAY_SQUAREOFF,0.01,54.72,0.000484,2735.98,54.54,3.2,51.34,51.34,5471.97,5523.31
469,BTC/INR,1h,SHORT,2026-02-19 15:30:00+05:30,2026-02-20 00:30:00+05:30,66721.44,5571240.48,68055.87,64052.59,67038.97,5597754.12,INTRADAY_SQUAREOFF,0.01,55.23,0.000496,2761.65,-13.14,3.27,-16.41,-16.41,5523.31,5506.9
470,BTC/INR,1h,LONG,2026-02-20 15:30:00+05:30,2026-02-20 18:30:00+05:30,68228.03,5697040.88,66863.47,70957.16,66830.04,5580308.51,STOP_LOSS,0.01,55.07,0.000483,2753.45,-56.42,3.22,-59.63,-59.63,5506.9,5447.26
471,BTC/INR,1h,SHORT,2026-02-21 09:30:00+05:30,2026-02-22 00:30:00+05:30,67524.66,5638308.97,68875.15,64823.67,68585.43,5726883.56,INTRADAY_SQUAREOFF,0.01,54.47,0.000483,2723.63,-42.79,3.24,-46.03,-46.03,5447.26,5401.24
472,BTC/INR,1h,SHORT,2026-02-22 08:30:00+05:30,2026-02-23 00:30:00+05:30,67834.53,5664182.98,69191.22,65121.15,67443.64,5631544.15,INTRADAY_SQUAREOFF,0.01,54.01,0.000477,2700.62,15.56,3.18,12.38,12.38,5401.24,5413.62
473,BTC/INR,1h,SHORT,2026-02-23 06:30:00+05:30,2026-02-24 00:30:00+05:30,66687.51,5568407.47,68021.26,64020.01,64662.55,5399322.88,INTRADAY_SQUAREOFF,0.01,54.14,0.000486,2706.81,82.19,3.15,79.05,79.05,5413.62,5492.67
474,BTC/INR,1h,SHORT,2026-02-24 08:30:00+05:30,2026-02-25 00:30:00+05:30,63966.11,5341170.54,65245.44,61407.47,64452.4,5381775.2,INTRADAY_SQUAREOFF,0.01,54.93,0.000514,2746.33,-20.88,3.25,-24.13,-24.13,5492.67,5468.54
475,BTC/INR,1h,LONG,2026-02-25 14:30:00+05:30,2026-02-25 21:30:00+05:30,65575.24,5475532.54,64263.74,68198.25,68164.15,5691706.56,TARGET_HIT,0.01,54.69,0.000499,2734.27,107.95,3.29,104.66,104.66,5468.54,5573.2
476,BTC/INR,1h,LONG,2026-02-26 15:30:00+05:30,2026-02-26 20:30:00+05:30,68652.17,5732456.05,67279.12,71398.26,67245.49,5614998.03,STOP_LOSS,0.01,55.73,0.000486,2786.6,-57.1,3.25,-60.35,-60.35,5573.2,5512.84
477,BTC/INR,1h,SHORT,2026-02-27 15:30:00+05:30,2026-02-28 00:30:00+05:30,67298.09,5619390.68,68644.05,64606.17,65337.11,5455648.95,INTRADAY_SQUAREOFF,0.01,55.13,0.000491,2756.42,80.32,3.21,77.11,77.11,5512.84,5589.96
478,BTC/INR,1h,SHORT,2026-02-28 11:30:00+05:30,2026-03-01 00:30:00+05:30,65471.96,5466908.87,66781.4,62853.08,65943.38,5506271.99,INTRADAY_SQUAREOFF,0.01,55.9,0.000511,2794.98,-20.12,3.31,-23.43,-23.43,5589.96,5566.52
479,BTC/INR,1h,LONG,2026-03-01 07:30:00+05:30,2026-03-01 17:30:00+05:30,67611.73,5645579.16,66259.49,70316.2,66226.36,5529901.24,STOP_LOSS,0.01,55.67,0.000493,2783.26,-57.03,3.25,-60.28,-60.28,5566.52,5506.24
480,BTC/INR,1h,LONG,2026-03-01 19:30:00+05:30,2026-03-01 22:30:00+05:30,67209.25,5611972.53,65865.07,69897.62,65832.13,5496983.22,STOP_LOSS,0.01,55.06,0.000491,2753.12,-56.41,3.22,-59.63,-59.63,5506.24,5446.62
481,BTC/INR,1h,LONG,2026-03-03 02:30:00+05:30,2026-03-03 09:30:00+05:30,69484.95,5801993.46,68095.25,72264.35,68061.21,5683110.62,STOP_LOSS,0.01,54.47,0.000469,2723.31,-55.8,3.18,-58.98,-58.98,5446.62,5387.64
482,BTC/INR,1h,LONG,2026-03-05 16:30:00+05:30,2026-03-05 19:30:00+05:30,73564.05,6142598.4,72092.77,76506.61,72056.73,6016736.56,STOP_LOSS,0.01,53.88,0.000439,2693.82,-55.2,3.15,-58.34,-58.34,5387.64,5329.29
483,BTC/INR,1h,SHORT,2026-03-06 05:30:00+05:30,2026-03-06 22:30:00+05:30,70755.39,5908074.72,72170.49,67925.17,67959.13,5674587.61,TARGET_HIT,0.01,53.29,0.000451,2664.65,105.31,3.08,102.22,102.22,5329.29,5431.52
484,BTC/INR,1h,SHORT,2026-03-07 01:30:00+05:30,2026-03-08 00:30:00+05:30,67987.99,5676997.08,69347.75,65268.47,67604.85,5645004.81,INTRADAY_SQUAREOFF,0.01,54.32,0.000478,2715.76,15.3,3.2,12.11,12.11,5431.52,5443.63
485,BTC/INR,1h,SHORT,2026-03-08 04:30:00+05:30,2026-03-09 00:30:00+05:30,67137.98,5606021.06,68480.74,64452.46,66857.35,5582588.68,INTRADAY_SQUAREOFF,0.01,54.44,0.000486,2721.81,11.38,3.21,8.17,8.17,5443.63,5451.8
486,BTC/INR,1h,LONG,2026-03-10 06:30:00+05:30,2026-03-11 00:30:00+05:30,69318.82,5788121.62,67932.45,72091.57,69982.22,5843515.2,INTRADAY_SQUAREOFF,0.01,54.52,0.000471,2725.9,26.09,3.23,22.86,22.86,5451.8,5474.65
487,BTC/INR,1h,LONG,2026-03-11 02:30:00+05:30,2026-03-12 00:30:00+05:30,70355.79,5874708.73,68948.68,73170.02,70613.07,5896191.7,INTRADAY_SQUAREOFF,0.01,54.75,0.000466,2737.33,10.01,3.24,6.77,6.77,5474.65,5481.43
488,BTC/INR,1h,LONG,2026-03-12 03:30:00+05:30,2026-03-12 07:30:00+05:30,70806.44,5912337.76,69390.31,73638.7,69355.62,5791193.96,STOP_LOSS,0.01,54.81,0.000464,2740.71,-56.16,3.2,-59.36,-59.36,5481.43,5422.07
489,BTC/INR,1h,LONG,2026-03-12 13:30:00+05:30,2026-03-13 00:30:00+05:30,69882.84,5835216.97,68485.18,72678.15,69865.27,5833749.93,INTRADAY_SQUAREOFF,0.01,54.22,0.000465,2711.03,-0.68,3.2,-3.88,-3.88,5422.07,5418.19
490,BTC/INR,1h,LONG,2026-03-13 07:30:00+05:30,2026-03-14 00:30:00+05:30,71720.28,5988643.36,70285.87,74589.09,71021.25,5930274.61,INTRADAY_SQUAREOFF,0.01,54.18,0.000452,2709.09,-26.4,3.18,-29.59,-29.59,5418.19,5388.6
491,BTC/INR,1h,SHORT,2026-03-14 03:30:00+05:30,2026-03-15 00:30:00+05:30,71061.09,5933601.21,72482.31,68218.65,70713.68,5904592.52,INTRADAY_SQUAREOFF,0.01,53.89,0.000454,2694.3,13.17,3.17,10.0,10.0,5388.6,5398.6
492,BTC/INR,1h,LONG,2026-03-15 14:30:00+05:30,2026-03-16 00:30:00+05:30,71854.12,5999819.02,70417.04,74728.28,71382.06,5960401.74,INTRADAY_SQUAREOFF,0.01,53.99,0.00045,2699.3,-17.73,3.17,-20.91,-20.91,5398.6,5377.7
493,BTC/INR,1h,LONG,2026-03-16 09:30:00+05:30,2026-03-17 00:30:00+05:30,74021.29,6180777.63,72540.86,76982.14,73844.72,6166033.74,INTRADAY_SQUAREOFF,0.01,53.78,0.000435,2688.85,-6.41,3.17,-9.58,-9.58,5377.7,5368.11
494,BTC/INR,1h,SHORT,2026-03-19 00:30:00+05:30,2026-03-20 00:30:00+05:30,70957.38,5924941.11,72376.53,68119.08,69895.48,5836272.34,INTRADAY_SQUAREOFF,0.01,53.68,0.000453,2684.06,40.17,3.14,37.02,37.02,5368.11,5405.14
495,BTC/INR,1h,SHORT,2026-03-21 05:30:00+05:30,2026-03-22 00:30:00+05:30,70422.13,5880247.91,71830.57,67605.25,70424.84,5880473.76,INTRADAY_SQUAREOFF,0.01,54.05,0.00046,2702.57,-0.1,3.19,-3.29,-3.29,5405.14,5401.84
496,BTC/INR,1h,SHORT,2026-03-22 04:30:00+05:30,2026-03-23 00:30:00+05:30,70230.36,5864235.01,71634.97,67421.15,68644.76,5731837.32,INTRADAY_SQUAREOFF,0.01,54.02,0.000461,2700.92,60.98,3.15,57.83,57.83,5401.84,5459.67
497,BTC/INR,1h,SHORT,2026-03-23 12:30:00+05:30,2026-03-23 16:30:00+05:30,67707.39,5653567.48,69061.54,64999.1,69096.07,5769522.15,STOP_LOSS,0.01,54.6,0.000483,2729.84,-55.99,3.25,-59.24,-59.24,5459.67,5400.43
498,BTC/INR,1h,LONG,2026-03-24 05:30:00+05:30,2026-03-24 19:30:00+05:30,70955.38,5924774.38,69536.27,73793.6,69501.51,5803375.76,STOP_LOSS,0.01,54.0,0.000456,2700.21,-55.33,3.15,-58.48,-58.48,5400.43,5341.95
499,BTC/INR,1h,SHORT,2026-03-26 16:30:00+05:30,2026-03-27 00:30:00+05:30,69416.32,5796262.83,70804.65,66639.67,68469.73,5717222.08,INTRADAY_SQUAREOFF,0.01,53.42,0.000461,2670.97,36.42,3.13,33.29,33.29,5341.95,5375.24
500,BTC/INR,1h,SHORT,2026-03-27 13:30:00+05:30,2026-03-27 22:30:00+05:30,68384.52,5710107.19,69752.21,65649.14,65681.96,5484443.75,TARGET_HIT,0.01,53.75,0.000471,2687.62,106.21,3.11,103.11,103.11,5375.24,5478.35
501,BTC/INR,1h,SHORT,2026-03-28 07:30:00+05:30,2026-03-29 00:30:00+05:30,65994.35,5510527.87,67314.23,63354.57,66900.05,5586154.22,INTRADAY_SQUAREOFF,0.01,54.78,0.000497,2739.17,-37.59,3.25,-40.85,-40.85,5478.35,5437.5
502,BTC/INR,1h,LONG,2026-03-30 18:30:00+05:30,2026-03-30 23:30:00+05:30,67953.47,5674114.54,66594.4,70671.61,66561.1,5557851.93,STOP_LOSS,0.01,54.38,0.000479,2718.75,-55.71,3.18,-58.88,-58.88,5437.5,5378.62
503,BTC/INR,1h,SHORT,2026-03-31 20:30:00+05:30,2026-03-31 22:30:00+05:30,66445.16,5548170.8,67774.06,63787.35,67807.95,5661963.78,STOP_LOSS,0.01,53.79,0.000485,2689.31,-55.16,3.21,-58.36,-58.36,5378.62,5320.25
504,BTC/INR,1h,LONG,2026-04-01 09:30:00+05:30,2026-04-02 00:30:00+05:30,68158.83,5691262.14,66795.65,70885.18,68020.71,5679729.04,INTRADAY_SQUAREOFF,0.01,53.2,0.000467,2660.13,-5.39,3.14,-8.53,-8.53,5320.25,5311.73
505,BTC/INR,1h,LONG,2026-04-02 06:30:00+05:30,2026-04-02 08:30:00+05:30,68667.47,5733733.33,67294.12,71414.16,67260.47,5616249.13,STOP_LOSS,0.01,53.12,0.000463,2655.86,-54.42,3.1,-57.52,-57.52,5311.73,5254.21
506,BTC/INR,1h,SHORT,2026-04-02 14:30:00+05:30,2026-04-03 00:30:00+05:30,66400.46,5544438.0,67728.46,63744.44,67008.75,5595230.24,INTRADAY_SQUAREOFF,0.01,52.54,0.000474,2627.1,-24.07,3.11,-27.18,-27.18,5254.21,5227.03
507,BTC/INR,1h,LONG,2026-04-05 03:30:00+05:30,2026-04-06 00:30:00+05:30,67436.29,5630929.98,66087.56,70133.74,67341.45,5623011.33,INTRADAY_SQUAREOFF,0.01,52.27,0.000464,2613.51,-3.68,3.08,-6.76,-6.76,5227.03,5220.27
508,BTC/INR,1h,LONG,2026-04-06 04:30:00+05:30,2026-04-07 00:30:00+05:30,68359.65,5708030.53,66992.45,71094.03,69852.57,5832689.75,INTRADAY_SQUAREOFF,0.01,52.2,0.000457,2610.13,57.0,3.11,53.89,53.89,5220.27,5274.16
509,BTC/INR,1h,SHORT,2026-04-07 11:30:00+05:30,2026-04-08 00:30:00+05:30,68589.42,5727216.78,69961.21,65845.85,68462.46,5716615.75,INTRADAY_SQUAREOFF,0.01,52.74,0.00046,2637.08,4.88,3.11,1.77,1.77,5274.16,5275.93
510,BTC/INR,1h,LONG,2026-04-08 10:30:00+05:30,2026-04-09 00:30:00+05:30,71667.79,5984260.68,70234.44,74534.5,71055.23,5933111.54,INTRADAY_SQUAREOFF,0.01,52.76,0.000441,2637.97,-22.55,3.1,-25.65,-25.65,5275.93,5250.28
511,BTC/INR,1h,LONG,2026-04-10 02:30:00+05:30,2026-04-11 00:30:00+05:30,72472.35,6051441.3,71022.9,75371.24,73081.89,6102338.14,INTRADAY_SQUAREOFF,0.01,52.5,0.000434,2625.14,22.08,3.11,18.97,18.97,5250.28,5269.25
512,BTC/INR,1h,LONG,2026-04-11 15:30:00+05:30,2026-04-12 00:30:00+05:30,72974.08,6093335.53,71514.6,75893.04,73519.0,6138836.78,INTRADAY_SQUAREOFF,0.01,52.69,0.000432,2634.63,19.67,3.12,16.55,16.55,5269.25,5285.81
513,BTC/INR,1h,SHORT,2026-04-12 15:30:00+05:30,2026-04-13 00:30:00+05:30,71508.03,5970920.74,72938.19,68647.71,71194.22,5944717.37,INTRADAY_SQUAREOFF,0.01,52.86,0.000443,2642.9,11.6,3.11,8.49,8.49,5285.81,5294.29
514,BTC/INR,1h,SHORT,2026-04-13 09:30:00+05:30,2026-04-13 19:30:00+05:30,70915.53,5921446.95,72333.84,68078.91,72370.01,6042895.82,STOP_LOSS,0.01,52.94,0.000447,2647.15,-54.29,3.16,-57.45,-57.45,5294.29,5236.84
515,BTC/INR,1h,LONG,2026-04-14 00:30:00+05:30,2026-04-14 18:30:00+05:30,72517.79,6055235.27,71067.43,75418.5,75380.79,6294295.96,TARGET_HIT,0.01,52.37,0.000432,2618.42,103.38,3.15,100.22,100.22,5236.84,5337.07
516,BTC/INR,1h,LONG,2026-04-17 05:30:00+05:30,2026-04-17 21:30:00+05:30,75236.06,6282211.02,73731.34,78245.5,78206.38,6530232.72,TARGET_HIT,0.01,53.37,0.000425,2668.53,105.35,3.21,102.14,102.14,5337.07,5439.21
517,BTC/INR,1h,SHORT,2026-04-18 23:30:00+05:30,2026-04-19 01:30:00+05:30,75784.09,6327971.43,77299.77,72752.73,75716.74,6322347.61,INTRADAY_SQUAREOFF,0.01,54.39,0.00043,2719.61,2.42,3.21,-0.79,-0.79,5439.21,5438.42
518,BTC/INR,1h,SHORT,2026-04-20 03:30:00+05:30,2026-04-20 22:30:00+05:30,74371.45,6210016.24,75858.88,71396.59,75896.81,6337383.67,STOP_LOSS,0.01,54.38,0.000438,2719.21,-55.77,3.24,-59.01,-59.01,5438.42,5379.41
519,BTC/INR,1h,LONG,2026-04-21 06:30:00+05:30,2026-04-22 00:30:00+05:30,76166.74,6359923.13,74643.41,79213.41,75590.26,6311787.05,INTRADAY_SQUAREOFF,0.01,53.79,0.000423,2689.7,-20.36,3.16,-23.52,-23.52,5379.41,5355.89
520,BTC/INR,1h,LONG,2026-04-22 12:30:00+05:30,2026-04-23 00:30:00+05:30,78089.77,6520495.59,76527.97,81213.36,78974.43,6594364.95,INTRADAY_SQUAREOFF,0.01,53.56,0.000411,2677.94,30.34,3.18,27.16,27.16,5355.89,5383.05
521,BTC/INR,1h,SHORT,2026-04-24 00:30:00+05:30,2026-04-25 00:30:00+05:30,77658.94,6484521.5,79212.12,74552.58,77693.83,6487434.6,INTRADAY_SQUAREOFF,0.01,53.83,0.000415,2691.52,-1.21,3.18,-4.39,-4.39,5383.05,5378.66
522,BTC/INR,1h,SHORT,2026-04-25 04:30:00+05:30,2026-04-26 00:30:00+05:30,77270.95,6452124.05,78816.37,74180.11,77348.26,6458579.41,INTRADAY_SQUAREOFF,0.01,53.79,0.000417,2689.33,-2.69,3.17,-5.87,-5.87,5378.66,5372.8
523,BTC/INR,1h,SHORT,2026-04-26 07:30:00+05:30,2026-04-27 00:30:00+05:30,77431.59,6465537.36,78980.22,74334.32,78355.73,6542703.34,INTRADAY_SQUAREOFF,0.01,53.73,0.000415,2686.4,-32.06,3.19,-35.25,-35.25,5372.8,5337.55
524,BTC/INR,1h,LONG,2026-04-27 06:30:00+05:30,2026-04-27 10:30:00+05:30,79392.4,6629264.99,77804.55,82568.09,77765.64,6493431.35,STOP_LOSS,0.01,53.38,0.000403,2668.77,-54.68,3.12,-57.8,-57.8,5337.55,5279.75
525,BTC/INR,1h,LONG,2026-04-27 14:30:00+05:30,2026-04-28 00:30:00+05:30,77860.73,6501371.06,76303.52,80975.16,76763.63,6409763.12,INTRADAY_SQUAREOFF,0.01,52.8,0.000406,2639.87,-37.2,3.09,-40.29,-40.29,5279.75,5239.46
526,BTC/INR,1h,SHORT,2026-04-28 03:30:00+05:30,2026-04-29 00:30:00+05:30,76738.61,6407674.06,78273.38,73669.07,76260.64,6367763.65,INTRADAY_SQUAREOFF,0.01,52.39,0.000409,2619.73,16.32,3.08,13.24,13.24,5239.46,5252.69
527,BTC/INR,1h,SHORT,2026-04-29 04:30:00+05:30,2026-04-29 14:30:00+05:30,76167.9,6360020.05,77691.26,73121.19,77730.11,6490464.06,STOP_LOSS,0.01,52.53,0.000413,2626.35,-53.87,3.13,-57.0,-57.0,5252.69,5195.69
528,BTC/INR,1h,SHORT,2026-04-30 05:30:00+05:30,2026-05-01 00:30:00+05:30,75647.33,6316552.0,77160.28,72621.44,76334.9,6373964.01,INTRADAY_SQUAREOFF,0.01,51.96,0.000411,2597.85,-23.61,3.08,-26.69,-26.69,5195.69,5169.0
529,BTC/INR,1h,SHORT,2026-05-01 03:30:00+05:30,2026-05-01 17:30:00+05:30,76167.51,6359986.8,77690.86,73120.81,77729.7,6490430.13,STOP_LOSS,0.01,51.69,0.000406,2584.5,-53.01,3.08,-56.09,-56.09,5169.0,5112.91
530,BTC/INR,1h,LONG,2026-05-02 19:30:00+05:30,2026-05-03 00:30:00+05:30,78449.74,6550553.0,76880.74,81587.73,78422.6,6548286.87,INTRADAY_SQUAREOFF,0.01,51.13,0.00039,2556.46,-0.88,3.02,-3.9,-3.9,5112.91,5109.01
531,BTC/INR,1h,LONG,2026-05-03 04:30:00+05:30,2026-05-04 00:30:00+05:30,78913.59,6589284.39,77335.31,82070.13,78692.92,6570858.41,INTRADAY_SQUAREOFF,0.01,51.09,0.000388,2554.51,-7.14,3.01,-10.15,-10.15,5109.01,5098.86
532,BTC/INR,1h,LONG,2026-05-04 07:30:00+05:30,2026-05-04 15:30:00+05:30,79841.34,6666751.74,78244.51,83034.99,78205.39,6530150.0,STOP_LOSS,0.01,50.99,0.000382,2549.43,-52.24,2.98,-55.22,-55.22,5098.86,5043.64
533,BTC/INR,1h,LONG,2026-05-04 20:30:00+05:30,2026-05-05 00:30:00+05:30,80592.27,6729454.39,78980.42,83815.96,80061.54,6685138.84,INTRADAY_SQUAREOFF,0.01,50.44,0.000375,2521.82,-16.61,2.97,-19.57,-19.57,5043.64,5024.07
534,BTC/INR,1h,LONG,2026-05-05 06:30:00+05:30,2026-05-06 05:30:00+05:30,80216.11,6698045.31,78611.79,83424.76,80844.38,6750505.55,INTRADAY_SQUAREOFF,0.01,50.24,0.000375,2512.04,19.67,2.98,16.7,16.7,5024.07,5040.77
535,BTC/INR,1h,LONG,2026-05-06 14:30:00+05:30,2026-05-07 00:30:00+05:30,82029.72,6849481.7,80389.13,85310.91,81290.18,6787729.89,INTRADAY_SQUAREOFF,0.01,50.41,0.000368,2520.39,-22.72,2.96,-25.68,-25.68,5040.77,5015.09
536,BTC/INR,1h,SHORT,2026-05-07 14:30:00+05:30,2026-05-08 00:30:00+05:30,81153.56,6776322.19,82776.63,77907.42,80239.68,6700013.11,INTRADAY_SQUAREOFF,0.01,50.15,0.00037,2507.54,28.24,2.94,25.3,25.3,5015.09,5040.38
537,BTC/INR,1h,SHORT,2026-05-08 06:30:00+05:30,2026-05-09 00:30:00+05:30,79700.01,6654951.07,81294.01,76512.01,80106.53,6688895.53,INTRADAY_SQUAREOFF,0.01,50.4,0.000379,2520.19,-12.85,2.98,-15.84,-15.84,5040.38,5024.55
538,BTC/INR,1h,LONG,2026-05-10 08:30:00+05:30,2026-05-11 00:30:00+05:30,80812.36,6747832.27,79196.12,84044.86,81224.91,6782279.68,INTRADAY_SQUAREOFF,0.01,50.25,0.000372,2512.27,12.83,2.97,9.85,9.85,5024.55,5034.4
539,BTC/INR,1h,LONG,2026-05-11 04:30:00+05:30,2026-05-11 08:30:00+05:30,82192.8,6863099.0,80548.95,85480.51,80508.67,6722474.1,STOP_LOSS,0.01,50.34,0.000367,2517.2,-51.58,2.94,-54.52,-54.52,5034.4,4979.88
540,BTC/INR,1h,LONG,2026-05-11 15:30:00+05:30,2026-05-12 00:30:00+05:30,81028.13,6765848.57,79407.56,84269.25,81823.07,6832226.18,INTRADAY_SQUAREOFF,0.01,49.8,0.000368,2489.94,24.43,2.95,21.48,21.48,4979.88,5001.36
541,BTC/INR,1h,SHORT,2026-05-13 05:30:00+05:30,2026-05-14 00:30:00+05:30,80379.89,6711720.94,81987.49,77164.7,79614.94,6647847.16,INTRADAY_SQUAREOFF,0.01,50.01,0.000373,2500.68,23.8,2.94,20.86,20.86,5001.36,5022.22
542,BTC/INR,1h,SHORT,2026-05-14 03:30:00+05:30,2026-05-14 19:30:00+05:30,79284.6,6620263.74,80870.29,76113.21,80910.72,6756045.35,STOP_LOSS,0.01,50.22,0.000379,2511.11,-51.5,2.99,-54.5,-54.5,5022.22,4967.72
543,BTC/INR,1h,LONG,2026-05-15 06:30:00+05:30,2026-05-15 18:30:00+05:30,81689.53,6821075.54,80055.74,84957.11,80015.71,6681311.71,STOP_LOSS,0.01,49.68,0.000364,2483.86,-50.89,2.9,-53.8,-53.8,4967.72,4913.93
544,BTC/INR,1h,SHORT,2026-05-17 04:30:00+05:30,2026-05-18 00:30:00+05:30,78086.05,6520184.91,79647.77,74962.6,78271.12,6535638.19,INTRADAY_SQUAREOFF,0.01,49.14,0.000377,2456.96,-5.82,2.9,-8.73,-8.73,4913.93,4905.2
545,BTC/INR,1h,SHORT,2026-05-18 20:30:00+05:30,2026-05-19 00:30:00+05:30,76149.91,6358517.8,77672.91,73103.92,76221.92,6364530.32,INTRADAY_SQUAREOFF,0.01,49.05,0.000386,2452.6,-2.32,2.9,-5.21,-5.21,4905.2,4899.99
546,BTC/INR,1h,SHORT,2026-05-19 07:30:00+05:30,2026-05-20 00:30:00+05:30,76550.78,6391989.78,78081.79,73488.74,76788.88,6411871.08,INTRADAY_SQUAREOFF,0.01,49.0,0.000383,2449.99,-7.62,2.9,-10.52,-10.52,4899.99,4889.47
547,BTC/INR,1h,SHORT,2026-05-20 04:30:00+05:30,2026-05-21 00:30:00+05:30,76533.71,6390565.12,78064.39,73472.37,77357.84,6459379.58,INTRADAY_SQUAREOFF,0.01,48.89,0.000383,2444.74,-26.33,2.9,-29.23,-29.23,4889.47,4860.25
548,BTC/INR,1h,LONG,2026-05-21 13:30:00+05:30,2026-05-22 00:30:00+05:30,77863.9,6501636.04,76306.63,80978.46,77251.36,6450488.14,INTRADAY_SQUAREOFF,0.01,48.6,0.000374,2430.12,-19.12,2.86,-21.97,-21.97,4860.25,4838.27
549,BTC/INR,1h,SHORT,2026-05-22 23:30:00+05:30,2026-05-23 01:30:00+05:30,76613.64,6397239.17,78145.92,73549.1,75835.6,6332272.77,INTRADAY_SQUAREOFF,0.01,48.38,0.000378,2419.14,24.57,2.84,21.73,21.73,4838.27,4860.0
550,BTC/INR,1h,SHORT,2026-05-23 11:30:00+05:30,2026-05-24 00:30:00+05:30,75338.89,6290797.3,76845.67,72325.33,75798.04,6329136.03,INTRADAY_SQUAREOFF,0.01,48.6,0.000386,2430.0,-14.81,2.88,-17.69,-17.69,4860.0,4842.31
551,BTC/INR,1h,LONG,2026-05-24 07:30:00+05:30,2026-05-25 00:30:00+05:30,76857.93,6417637.42,75320.77,79932.25,76533.78,6390570.99,INTRADAY_SQUAREOFF,0.01,48.42,0.000377,2421.16,-10.21,2.85,-13.06,-13.06,4842.31,4829.25
552,BTC/INR,1h,SHORT,2026-05-25 07:30:00+05:30,2026-05-26 00:30:00+05:30,76791.74,6412110.39,78327.58,73720.07,77524.46,6473292.54,INTRADAY_SQUAREOFF,0.01,48.29,0.000377,2414.63,-23.04,2.86,-25.9,-25.9,4829.25,4803.35
553,BTC/INR,1h,SHORT,2026-05-26 15:30:00+05:30,2026-05-27 00:30:00+05:30,76519.07,6389342.59,78049.45,73458.31,75752.67,6325347.94,INTRADAY_SQUAREOFF,0.01,48.03,0.000376,2401.67,24.05,2.82,21.24,21.24,4803.35,4824.58
554,BTC/INR,1h,SHORT,2026-05-27 04:30:00+05:30,2026-05-28 00:30:00+05:30,75520.79,6305986.05,77031.21,72499.96,74921.65,6255957.38,INTRADAY_SQUAREOFF,0.01,48.25,0.000383,2412.29,19.14,2.84,16.3,16.3,4824.58,4840.89
555,BTC/INR,1h,SHORT,2026-05-28 03:30:00+05:30,2026-05-29 00:30:00+05:30,74182.89,6194271.32,75666.55,71215.57,73558.85,6142164.38,INTRADAY_SQUAREOFF,0.01,48.41,0.000391,2420.44,20.36,2.84,17.52,17.52,4840.89,4858.4
556,BTC/INR,1h,SHORT,2026-05-29 04:30:00+05:30,2026-05-30 00:30:00+05:30,73302.42,6120752.42,74768.47,70370.33,73309.36,6121331.8,INTRADAY_SQUAREOFF,0.01,48.58,0.000397,2429.2,-0.23,2.87,-3.1,-3.1,4858.4,4855.31
557,BTC/INR,1h,SHORT,2026-06-01 07:30:00+05:30,2026-06-02 00:30:00+05:30,73130.66,6106409.99,74593.27,70205.43,71437.03,5964991.9,INTRADAY_SQUAREOFF,0.01,48.55,0.000398,2427.65,56.22,2.83,53.39,53.39,4855.31,4908.7
558,BTC/INR,1h,SHORT,2026-06-02 03:30:00+05:30,2026-06-02 19:30:00+05:30,70813.98,5912967.46,72230.26,67981.42,68015.41,5679286.99,TARGET_HIT,0.01,49.09,0.000415,2454.35,97.0,2.84,94.16,94.16,4908.7,5002.85
559,BTC/INR,1h,SHORT,2026-06-03 04:30:00+05:30,2026-06-04 00:30:00+05:30,66159.15,5524288.7,67482.33,63512.78,65965.33,5508105.34,INTRADAY_SQUAREOFF,0.01,50.03,0.000453,2501.43,7.33,2.95,4.38,4.38,5002.85,5007.24
560,BTC/INR,1h,SHORT,2026-06-04 04:30:00+05:30,2026-06-04 06:30:00+05:30,64667.72,5399754.64,65961.07,62081.01,62112.05,5186356.34,TARGET_HIT,0.01,50.07,0.000464,2503.62,98.94,2.9,96.05,96.05,5007.24,5103.28
561,BTC/INR,1h,SHORT,2026-06-04 13:30:00+05:30,2026-06-05 00:30:00+05:30,63408.55,5294613.87,64676.72,60872.21,63749.16,5323054.81,INTRADAY_SQUAREOFF,0.01,51.03,0.000482,2551.64,-13.71,3.02,-16.73,-16.73,5103.28,5086.56
562,BTC/INR,1h,SHORT,2026-06-05 08:30:00+05:30,2026-06-05 21:30:00+05:30,62485.98,5217579.3,63735.7,59986.54,60016.53,5011380.57,TARGET_HIT,0.01,50.87,0.000487,2543.28,100.51,2.94,97.57,97.57,5086.56,5184.13
563,BTC/INR,1h,SHORT,2026-06-06 00:30:00+05:30,2026-06-06 02:30:00+05:30,59064.44,4931880.85,60245.73,56701.86,60275.85,5033033.72,STOP_LOSS,0.01,51.84,0.000526,2592.06,-53.16,3.09,-56.25,-56.25,5184.13,5127.87
564,BTC/INR,1h,SHORT,2026-06-06 07:30:00+05:30,2026-06-07 00:30:00+05:30,60899.0,5085066.18,62116.98,58463.04,60612.3,5061127.28,INTRADAY_SQUAREOFF,0.01,51.28,0.000504,2563.94,12.07,3.02,9.05,9.05,5127.87,5136.92
565,BTC/INR,1h,LONG,2026-06-07 21:30:00+05:30,2026-06-08 00:30:00+05:30,62215.1,5194961.16,60970.8,64703.71,61975.3,5174937.35,INTRADAY_SQUAREOFF,0.01,51.37,0.000494,2568.46,-9.9,3.02,-12.92,-12.92,5136.92,5124.0
566,BTC/INR,1h,LONG,2026-06-08 05:30:00+05:30,2026-06-09 00:30:00+05:30,63444.99,5297656.49,62176.09,65982.79,63410.34,5294763.19,INTRADAY_SQUAREOFF,0.01,51.24,0.000484,2562.0,-1.4,3.02,-4.42,-4.42,5124.0,5119.58
567,BTC/INR,1h,SHORT,2026-06-10 03:30:00+05:30,2026-06-11 00:30:00+05:30,61611.5,5144560.18,62843.73,59147.04,61842.18,5163821.63,INTRADAY_SQUAREOFF,0.01,51.2,0.000498,2559.79,-9.58,3.03,-12.61,-12.61,5119.58,5106.97
568,BTC/INR,1h,LONG,2026-06-11 16:30:00+05:30,2026-06-12 00:30:00+05:30,63151.04,5273111.86,61888.02,65677.08,63351.56,5289855.12,INTRADAY_SQUAREOFF,0.01,51.07,0.000484,2553.48,8.11,3.02,5.09,5.09,5106.97,5112.06
569,BTC/INR,1h,LONG,2026-06-12 14:30:00+05:30,2026-06-13 00:30:00+05:30,63546.94,5306169.26,62276.0,66088.81,63620.16,5312283.55,INTRADAY_SQUAREOFF,0.01,51.12,0.000482,2556.03,2.95,3.02,-0.07,-0.07,5112.06,5111.98
570,BTC/INR,1h,LONG,2026-06-13 12:30:00+05:30,2026-06-14 00:30:00+05:30,63737.84,5322109.75,62463.08,66287.35,64091.94,5351676.82,INTRADAY_SQUAREOFF,0.01,51.12,0.00048,2555.99,14.2,3.02,11.18,11.18,5111.98,5123.16
571,BTC/INR,1h,LONG,2026-06-14 15:30:00+05:30,2026-06-15 00:30:00+05:30,64612.92,5395178.75,63320.66,67197.44,63743.81,5322608.25,INTRADAY_SQUAREOFF,0.01,51.23,0.000475,2561.58,-34.46,3.0,-37.46,-37.46,5123.16,5085.7
572,BTC/INR,1h,LONG,2026-06-15 05:30:00+05:30,2026-06-16 00:30:00+05:30,65794.89,5493873.22,64478.99,68426.68,66701.43,5569569.36,INTRADAY_SQUAREOFF,0.01,50.86,0.000463,2542.85,35.04,3.02,32.01,32.01,5085.7,5117.72
573,BTC/INR,1h,SHORT,2026-06-17 16:30:00+05:30,2026-06-17 21:30:00+05:30,64671.25,5400049.36,65964.67,62084.4,65997.66,5510804.37,STOP_LOSS,0.01,51.18,0.000474,2558.86,-52.48,3.05,-55.53,-55.53,5117.72,5062.18
574,BTC/INR,1h,SHORT,2026-06-18 21:30:00+05:30,2026-06-19 00:30:00+05:30,62207.34,5194313.03,63451.49,59719.05,62662.28,5232300.73,INTRADAY_SQUAREOFF,0.01,50.62,0.000487,2531.09,-18.51,3.0,-21.51,-21.51,5062.18,5040.68
575,BTC/INR,1h,SHORT,2026-06-19 14:30:00+05:30,2026-06-20 00:30:00+05:30,62466.75,5215973.71,63716.09,59968.08,63073.82,5266664.13,INTRADAY_SQUAREOFF,0.01,50.41,0.000483,2520.34,-24.49,2.99,-27.48,-27.48,5040.68,5013.19
576,BTC/INR,1h,LONG,2026-06-21 01:30:00+05:30,2026-06-22 00:30:00+05:30,63931.95,5338317.83,62653.31,66489.23,64098.45,5352220.93,INTRADAY_SQUAREOFF,0.01,50.13,0.00047,2506.6,6.53,2.96,3.57,3.57,5013.19,5016.76
577,BTC/INR,1h,SHORT,2026-06-23 18:30:00+05:30,2026-06-24 00:30:00+05:30,62101.39,5185466.46,63343.42,59617.34,62177.35,5191809.09,INTRADAY_SQUAREOFF,0.01,50.17,0.000484,2508.38,-3.07,2.96,-6.03,-6.03,5016.76,5010.73
578,BTC/INR,1h,SHORT,2026-06-24 08:30:00+05:30,2026-06-24 21:30:00+05:30,62490.33,5217942.48,63740.14,59990.72,60020.71,5011729.39,TARGET_HIT,0.01,50.11,0.00048,2505.37,99.01,2.9,96.11,96.11,5010.73,5106.84
579,BTC/INR,1h,SHORT,2026-06-25 06:30:00+05:30,2026-06-25 12:30:00+05:30,60614.16,5061282.21,61826.44,58189.59,61857.35,5165089.11,STOP_LOSS,0.01,51.07,0.000505,2553.42,-52.37,3.04,-55.41,-55.41,5106.84,5051.43
580,BTC/INR,1h,SHORT,2026-06-26 14:30:00+05:30,2026-06-27 00:30:00+05:30,60020.78,5011734.74,61221.19,57619.94,59595.81,4976250.49,INTRADAY_SQUAREOFF,0.01,50.51,0.000504,2525.72,17.88,2.97,14.91,14.91,5051.43,5066.34
581,BTC/INR,1h,SHORT,2026-06-28 20:30:00+05:30,2026-06-29 00:30:00+05:30,59894.2,5001165.54,61092.08,57498.43,59545.76,4972070.79,INTRADAY_SQUAREOFF,0.01,50.66,0.000507,2533.17,14.74,2.98,11.76,11.76,5066.34,5078.1
582,BTC/INR,1h,SHORT,2026-06-29 04:30:00+05:30,2026-06-29 08:30:00+05:30,58827.55,4912100.59,60004.1,56474.45,60034.11,5012847.77,STOP_LOSS,0.01,50.78,0.000517,2539.05,-52.08,3.03,-55.1,-55.1,5078.1,5023.0
583,BTC/INR,1h,SHORT,2026-06-29 19:30:00+05:30,2026-06-29 22:30:00+05:30,59201.67,4943339.08,60385.7,56833.6,60415.89,5044726.96,STOP_LOSS,0.01,50.23,0.000508,2511.5,-51.51,2.99,-54.5,-54.5,5023.0,4968.49
584,BTC/INR,1h,LONG,2026-07-02 03:30:00+05:30,2026-07-02 05:30:00+05:30,60815.69,5078110.4,59599.38,63248.32,59569.58,4974059.92,STOP_LOSS,0.01,49.68,0.000489,2484.25,-50.9,2.9,-53.8,-53.8,4968.49,4914.69
585,BTC/INR,1h,LONG,2026-07-02 07:30:00+05:30,2026-07-03 00:30:00+05:30,60280.88,5033453.09,59075.26,62692.11,61669.86,5149433.36,INTRADAY_SQUAREOFF,0.01,49.15,0.000488,2457.34,56.62,2.93,53.69,53.69,4914.69,4968.38
586,BTC/INR,1h,LONG,2026-07-03 20:30:00+05:30,2026-07-04 00:30:00+05:30,62228.62,5196089.63,60984.05,64717.76,62118.91,5186929.26,INTRADAY_SQUAREOFF,0.01,49.68,0.000478,2484.19,-4.38,2.93,-7.31,-7.31,4968.38,4961.07
587,BTC/INR,1h,LONG,2026-07-04 18:30:00+05:30,2026-07-05 00:30:00+05:30,62660.53,5232154.54,61407.32,65166.95,63081.79,5267329.87,INTRADAY_SQUAREOFF,0.01,49.61,0.000474,2480.53,16.68,2.94,13.74,13.74,4961.07,4974.81
588,BTC/INR,1h,LONG,2026-07-05 13:30:00+05:30,2026-07-06 00:30:00+05:30,63032.88,5263245.45,61772.22,65554.19,62714.39,5236651.47,INTRADAY_SQUAREOFF,0.01,49.75,0.000473,2487.4,-12.57,2.93,-15.5,-15.5,4974.81,4959.31
589,BTC/INR,1h,LONG,2026-07-06 03:30:00+05:30,2026-07-06 17:30:00+05:30,63194.93,5276776.93,61931.03,65722.73,61900.07,5168655.77,STOP_LOSS,0.01,49.59,0.00047,2479.66,-50.81,2.9,-53.7,-53.7,4959.31,4905.61
590,BTC/INR,1h,LONG,2026-07-07 12:30:00+05:30,2026-07-08 00:30:00+05:30,63379.67,5292202.78,62112.08,65914.86,63600.29,5310624.49,INTRADAY_SQUAREOFF,0.01,49.06,0.000463,2452.8,8.54,2.9,5.64,5.64,4905.61,4911.25
591,BTC/INR,1h,SHORT,2026-07-08 18:30:00+05:30,2026-07-09 00:30:00+05:30,61860.54,5165355.3,63097.75,59386.12,62165.16,5190790.6,INTRADAY_SQUAREOFF,0.01,49.11,0.000475,2455.62,-12.09,2.9,-15.0,-15.0,4911.25,4896.25
592,BTC/INR,1h,SHORT,2026-07-09 07:30:00+05:30,2026-07-09 12:30:00+05:30,61771.89,5157952.62,63007.33,59301.01,63038.83,5263742.23,STOP_LOSS,0.01,48.96,0.000475,2448.13,-50.21,2.92,-53.13,-53.13,4896.25,4843.12
593,BTC/INR,1h,LONG,2026-07-10 07:30:00+05:30,2026-07-11 00:30:00+05:30,63922.93,5337564.97,62644.48,66479.85,63706.62,5319502.69,INTRADAY_SQUAREOFF,0.01,48.43,0.000454,2421.56,-8.19,2.85,-11.05,-11.05,4843.12,4832.07
594,BTC/INR,1h,LONG,2026-07-11 05:30:00+05:30,2026-07-12 00:30:00+05:30,64207.45,5361321.83,62923.3,66775.74,64249.85,5364862.25,INTRADAY_SQUAREOFF,0.01,48.32,0.000451,2416.04,1.6,2.85,-1.26,-1.26,4832.07,4830.82
595,BTC/INR,1h,SHORT,2026-07-12 10:30:00+05:30,2026-07-13 00:30:00+05:30,63875.52,5333605.5,65153.03,61320.49,64141.25,5355794.69,INTRADAY_SQUAREOFF,0.01,48.31,0.000453,2415.41,-10.05,2.86,-12.9,-12.9,4830.82,4817.91
596,BTC/INR,1h,SHORT,2026-07-13 03:30:00+05:30,2026-07-14 05:30:00+05:30,63815.86,5328624.09,65092.17,61263.22,62315.53,5203346.99,INTRADAY_SQUAREOFF,0.01,48.18,0.000452,2408.96,56.64,2.81,53.83,53.83,4817.91,4871.74
597,BTC/INR,1h,LONG,2026-07-14 20:30:00+05:30,2026-07-15 00:30:00+05:30,64308.47,5369756.94,63022.3,66880.8,64501.13,5385844.5,INTRADAY_SQUAREOFF,0.01,48.72,0.000454,2435.87,7.3,2.88,4.42,4.42,4871.74,4876.16
598,BTC/INR,1h,LONG,2026-07-15 05:30:00+05:30,2026-07-16 00:30:00+05:30,65033.99,5430338.08,63733.31,67635.35,64785.63,5409600.11,INTRADAY_SQUAREOFF,0.01,48.76,0.000449,2438.08,-9.31,2.87,-12.18,-12.18,4876.16,4863.98
599,BTC/INR,1h,LONG,2026-07-16 11:30:00+05:30,2026-07-17 00:30:00+05:30,64978.54,5425708.37,63678.97,67577.69,64156.73,5357086.61,INTRADAY_SQUAREOFF,0.01,48.64,0.000448,2431.99,-30.76,2.85,-33.61,-33.61,4863.98,4830.37
600,BTC/INR,1h,SHORT,2026-07-17 07:30:00+05:30,2026-07-18 00:30:00+05:30,63387.17,5292828.65,64654.91,60851.68,64245.22,5364475.53,INTRADAY_SQUAREOFF,0.01,48.3,0.000456,2415.18,-32.69,2.87,-35.56,-35.56,4830.37,4794.8
601,BTC/INR,1h,LONG,2026-07-18 09:30:00+05:30,2026-07-19 00:30:00+05:30,64009.55,5344797.21,62729.36,66569.93,64439.8,5380722.9,INTRADAY_SQUAREOFF,0.01,47.95,0.000449,2397.4,16.11,2.84,13.28,13.28,4794.8,4808.08
602,BTC/INR,1h,LONG,2026-07-19 19:30:00+05:30,2026-07-20 00:30:00+05:30,64502.5,5385959.14,63212.45,67082.6,64355.79,5373708.82,INTRADAY_SQUAREOFF,0.01,48.08,0.000446,2404.04,-5.47,2.83,-8.3,-8.3,4808.08,4799.78
603,BTC/INR,1h,LONG,2026-07-20 05:30:00+05:30,2026-07-21 00:30:00+05:30,64758.74,5407354.96,63463.57,67349.09,65159.72,5440836.97,INTRADAY_SQUAREOFF,0.01,48.0,0.000444,2399.89,14.86,2.84,12.02,12.02,4799.78,4811.8
604,BTC/INR,1h,LONG,2026-07-21 02:30:00+05:30,2026-07-22 00:30:00+05:30,65423.25,5462841.7,64114.79,68040.18,66245.52,5531500.66,INTRADAY_SQUAREOFF,0.01,48.12,0.00044,2405.9,30.24,2.86,27.38,27.38,4811.8,4839.18
605,BTC/INR,1h,LONG,2026-07-22 05:30:00+05:30,2026-07-23 00:30:00+05:30,66566.16,5558274.12,65234.83,69228.8,65830.18,5496819.85,INTRADAY_SQUAREOFF,0.01,48.39,0.000435,2419.59,-26.75,2.84,-29.59,-29.59,4839.18,4809.59
606,BTC/INR,1h,SHORT,2026-07-23 07:30:00+05:30,2026-07-24 00:30:00+05:30,65693.18,5485380.2,67007.04,63065.45,64855.46,5415431.1,INTRADAY_SQUAREOFF,0.01,48.1,0.000438,2404.79,30.67,2.82,27.85,27.85,4809.59,4837.43
607,BTC/INR,1h,SHORT,2026-07-24 14:30:00+05:30,2026-07-25 00:30:00+05:30,65224.39,5446236.65,66528.88,62615.42,64254.76,5365272.44,INTRADAY_SQUAREOFF,0.01,48.37,0.000444,2418.72,35.96,2.83,33.12,33.12,4837.43,4870.56
608,BTC/INR,1h,SHORT,2026-07-25 06:30:00+05:30,2026-07-26 00:30:00+05:30,63952.23,5340010.92,65231.27,61394.14,64394.09,5376906.61,INTRADAY_SQUAREOFF,0.01,48.71,0.000456,2435.28,-16.83,2.88,-19.71,-19.71,4870.56,4850.85
609,BTC/INR,1h,LONG,2026-07-26 04:30:00+05:30,2026-07-27 00:30:00+05:30,64401.88,5377557.32,63113.85,66977.96,64653.85,5398596.33,INTRADAY_SQUAREOFF,0.01,48.51,0.000451,2425.42,9.49,2.87,6.62,6.62,4850.85,4857.47
610,BTC/INR,1h,LONG,2026-07-27 04:30:00+05:30,2026-07-28 00:30:00+05:30,65480.72,5467640.45,64171.11,68099.95,64782.6,5409347.45,INTRADAY_SQUAREOFF,0.01,48.57,0.000444,2428.73,-25.89,2.85,-28.74,-28.74,4857.47,4828.72
611,BTC/INR,1h,SHORT,2026-07-28 04:30:00+05:30,2026-07-29 00:30:00+05:30,63688.15,5317960.67,64961.91,61140.63,63688.41,5317981.94,INTRADAY_SQUAREOFF,0.01,48.29,0.000454,2414.36,-0.01,2.85,-2.86,-2.86,4828.72,4825.87
612,BTC/INR,1h,LONG,2026-07-29 15:30:00+05:30,2026-07-30 00:30:00+05:30,64674.1,5400287.53,63380.62,67261.07,64399.23,5377335.34,INTRADAY_SQUAREOFF,0.01,48.26,0.000447,2412.93,-10.26,2.84,-13.1,-13.1,4825.87,4812.77
613,BTC/INR,1h,SHORT,2026-07-31 19:30:00+05:30,2026-08-01 00:30:00+05:30,63128.55,5271233.83,64391.12,60603.41,63076.52,5266889.63,INTRADAY_SQUAREOFF,0.01,48.13,0.000457,2406.38,1.98,2.84,-0.86,-0.86,4812.77,4811.91
614,BTC/INR,1h,SHORT,2026-08-01 05:30:00+05:30,2026-08-02 00:30:00+05:30,62772.69,5241519.43,64028.14,60261.78,62538.88,5221996.71,INTRADAY_SQUAREOFF,0.01,48.12,0.000459,2405.96,8.96,2.83,6.13,6.13,4811.91,4818.04
615,BTC/INR,1h,LONG,2026-08-02 23:30:00+05:30,2026-08-03 01:30:00+05:30,63300.11,5285559.58,62034.11,65832.12,63356.06,5290230.69,INTRADAY_SQUAREOFF,0.01,48.18,0.000456,2409.02,2.13,2.84,-0.71,-0.71,4818.04,4817.33
616,BTC/INR,1h,SHORT,2026-08-03 12:30:00+05:30,2026-08-03 19:30:00+05:30,62497.61,5218550.81,63747.57,59997.71,63779.44,5325583.29,STOP_LOSS,0.01,48.17,0.000462,2408.66,-49.4,2.87,-52.27,-52.27,4817.33,4765.05
617,BTC/INR,1h,LONG,2026-08-04 07:30:00+05:30,2026-08-05 00:30:00+05:30,63888.85,5334719.0,62611.07,66444.4,64219.09,5362293.63,INTRADAY_SQUAREOFF,0.01,47.65,0.000447,2382.53,12.32,2.82,9.5,9.5,4765.05,4774.55
618,BTC/INR,1h,LONG,2026-08-05 07:30:00+05:30,2026-08-06 00:30:00+05:30,64329.54,5371516.53,63042.95,66902.72,64700.63,5402502.9,INTRADAY_SQUAREOFF,0.01,47.75,0.000444,2387.27,13.77,2.83,10.95,10.95,4774.55,4785.5
619,BTC/INR,1h,LONG,2026-08-06 10:30:00+05:30,2026-08-07 00:30:00+05:30,64708.38,5403149.49,63414.21,67296.71,64325.81,5371205.08,INTRADAY_SQUAREOFF,0.01,47.85,0.000443,2392.75,-14.15,2.82,-16.96,-16.96,4785.5,4768.53
620,BTC/INR,1h,SHORT,2026-08-10 21:30:00+05:30,2026-08-11 00:30:00+05:30,64113.43,5353471.18,65395.7,61548.89,63847.25,5331245.17,INTRADAY_SQUAREOFF,0.01,47.69,0.000445,2384.27,9.9,2.81,7.09,7.09,4768.53,4775.63
621,BTC/INR,1h,SHORT,2026-08-11 03:30:00+05:30,2026-08-12 00:30:00+05:30,63871.35,5333257.65,65148.78,61316.5,63322.93,5287464.4,INTRADAY_SQUAREOFF,0.01,47.76,0.000448,2387.81,20.5,2.81,17.7,17.7,4775.63,4793.32
622,BTC/INR,1h,SHORT,2026-08-13 21:30:00+05:30,2026-08-14 00:30:00+05:30,63322.82,5287455.7,64589.28,60789.91,63271.61,5283179.29,INTRADAY_SQUAREOFF,0.01,47.93,0.000453,2396.66,1.94,2.83,-0.89,-0.89,4793.32,4792.43
623,BTC/INR,1h,SHORT,2026-08-14 09:30:00+05:30,2026-08-15 00:30:00+05:30,63206.88,5277774.54,64471.02,60678.61,62887.34,5251092.73,INTRADAY_SQUAREOFF,0.01,47.92,0.000454,2396.22,12.11,2.82,9.29,9.29,4792.43,4801.73
624,BTC/INR,1h,SHORT,2026-08-15 14:30:00+05:30,2026-08-16 00:30:00+05:30,62831.7,5246446.73,64088.33,60318.43,63020.62,5262221.41,INTRADAY_SQUAREOFF,0.01,48.02,0.000458,2400.86,-7.22,2.84,-10.06,-10.06,4801.73,4791.67
625,BTC/INR,1h,SHORT,2026-08-16 05:30:00+05:30,2026-08-17 00:30:00+05:30,62982.61,5259048.27,64242.27,60463.31,63105.84,5269337.47,INTRADAY_SQUAREOFF,0.01,47.92,0.000456,2395.84,-4.69,2.83,-7.52,-7.52,4791.67,4784.15
626,BTC/INR,1h,LONG,2026-08-17 12:30:00+05:30,2026-08-18 00:30:00+05:30,63685.18,5317712.38,62411.47,66232.59,64327.72,5371364.49,INTRADAY_SQUAREOFF,0.01,47.84,0.00045,2392.08,24.13,2.84,21.3,21.3,4784.15,4805.45
627,BTC/INR,1h,LONG,2026-08-18 05:30:00+05:30,2026-08-19 00:30:00+05:30,64557.03,5390512.16,63265.89,67139.31,64696.69,5402173.3,INTRADAY_SQUAREOFF,0.01,48.05,0.000446,2402.73,5.2,2.84,2.36,2.36,4805.45,4807.81
628,BTC/INR,1h,LONG,2026-08-19 16:30:00+05:30,2026-08-19 20:30:00+05:30,64436.98,5380488.13,63148.24,67014.46,66980.96,5592909.81,TARGET_HIT,0.01,48.08,0.000447,2403.91,94.91,2.89,92.01,92.01,4807.81,4899.83
629,BTC/INR,1h,LONG,2026-08-20 10:30:00+05:30,2026-08-20 15:30:00+05:30,69568.19,5808943.75,68176.82,72350.92,72314.74,6038280.85,TARGET_HIT,0.01,49.0,0.000422,2449.91,96.72,2.95,93.77,93.77,4899.83,4993.6
630,BTC/INR,1h,LONG,2026-08-20 22:30:00+05:30,2026-08-21 00:30:00+05:30,72893.76,6086628.69,71435.88,75809.51,72382.58,6043945.4,INTRADAY_SQUAREOFF,0.01,49.94,0.00041,2496.8,-17.51,2.94,-20.45,-20.45,4993.6,4973.15
631,BTC/INR,1h,LONG,2026-08-21 11:30:00+05:30,2026-08-21 13:30:00+05:30,75498.05,6304087.21,73988.09,78517.97,78478.71,6552972.58,TARGET_HIT,0.01,49.73,0.000394,2486.58,98.17,2.99,95.18,95.18,4973.15,5068.33
632,BTC/INR,1h,LONG,2026-08-22 03:30:00+05:30,2026-08-22 10:30:00+05:30,78703.5,6571742.58,77129.43,81851.64,77090.87,6437087.58,STOP_LOSS,0.01,50.68,0.000386,2534.17,-51.93,2.96,-54.88,-54.88,5068.33,5013.45
633,BTC/INR,1h,LONG,2026-08-22 18:30:00+05:30,2026-08-23 00:30:00+05:30,77411.73,6463879.74,75863.5,80508.2,77223.28,6448143.49,INTRADAY_SQUAREOFF,0.01,50.13,0.000388,2506.72,-6.1,2.95,-9.06,-9.06,5013.45,5004.39
634,BTC/INR,1h,LONG,2026-08-24 12:30:00+05:30,2026-08-25 00:30:00+05:30,77558.02,6476094.46,76006.86,80660.34,78905.13,6588578.29,INTRADAY_SQUAREOFF,0.01,50.04,0.000386,2502.2,43.46,2.98,40.48,40.48,5004.39,5044.87
635,BTC/INR,1h,LONG,2026-08-25 06:30:00+05:30,2026-08-25 18:30:00+05:30,79919.97,6673317.6,78321.57,83116.77,78282.41,6536581.32,STOP_LOSS,0.01,50.45,0.000378,2522.44,-51.68,2.95,-54.63,-54.63,5044.87,4990.24
636,BTC/INR,1h,SHORT,2026-08-26 05:30:00+05:30,2026-08-27 00:30:00+05:30,78349.87,6542213.98,79916.87,75215.87,78495.27,6554354.8,INTRADAY_SQUAREOFF,0.01,49.9,0.000381,2495.12,-4.63,2.95,-7.58,-7.58,4990.24,4982.67
637,BTC/INR,1h,LONG,2026-08-28 06:30:00+05:30,2026-08-28 15:30:00+05:30,80761.1,6743552.06,79145.88,83991.55,79106.31,6605376.68,STOP_LOSS,0.01,49.83,0.000369,2491.33,-51.05,2.91,-53.96,-53.96,4982.67,4928.71
638,BTC/INR,1h,SHORT,2026-08-29 09:30:00+05:30,2026-08-30 00:30:00+05:30,77462.28,6468100.44,79011.53,74363.79,78192.07,6529037.74,INTRADAY_SQUAREOFF,0.01,49.29,0.000381,2464.35,-23.22,2.92,-26.14,-26.14,4928.71,4902.57
639,BTC/INR,1h,LONG,2026-08-30 22:30:00+05:30,2026-08-31 00:30:00+05:30,79420.03,6631572.83,77831.63,82596.84,78988.53,6595542.49,INTRADAY_SQUAREOFF,0.01,49.03,0.00037,2451.28,-13.32,2.88,-16.2,-16.2,4902.57,4886.37
640,BTC/INR,1h,SHORT,2026-08-31 17:30:00+05:30,2026-09-01 00:30:00+05:30,78228.94,6532116.18,79793.52,75099.78,79048.0,6600508.35,INTRADAY_SQUAREOFF,0.01,48.86,0.000374,2443.18,-25.58,2.9,-28.48,-28.48,4886.37,4857.89
641,BTC/INR,1h,SHORT,2026-09-01 04:30:00+05:30,2026-09-02 00:30:00+05:30,78515.76,6556066.09,80086.08,75375.13,77165.43,6443313.46,INTRADAY_SQUAREOFF,0.01,48.58,0.00037,2428.94,41.77,2.84,38.93,38.93,4857.89,4896.82
642,BTC/INR,1h,SHORT,2026-09-02 14:30:00+05:30,2026-09-03 00:30:00+05:30,76663.14,6401372.31,78196.4,73596.62,77378.44,6461100.02,INTRADAY_SQUAREOFF,0.01,48.97,0.000382,2448.41,-22.84,2.9,-25.75,-25.75,4896.82,4871.07
643,BTC/INR,1h,SHORT,2026-09-03 04:30:00+05:30,2026-09-03 17:30:00+05:30,76951.15,6425420.67,78490.17,73873.1,78529.41,6557206.05,STOP_LOSS,0.01,48.71,0.000379,2435.54,-49.95,2.9,-52.86,-52.86,4871.07,4818.22
644,BTC/INR,1h,LONG,2026-09-04 01:30:00+05:30,2026-09-04 17:30:00+05:30,81853.22,6834743.76,80216.15,85127.35,80176.05,6694699.86,STOP_LOSS,0.01,48.18,0.000352,2409.11,-49.36,2.81,-52.18,-52.18,4818.22,4766.04
645,BTC/INR,1h,SHORT,2026-09-05 06:30:00+05:30,2026-09-06 00:30:00+05:30,79534.68,6641145.91,81125.38,76353.29,80034.27,6682861.59,INTRADAY_SQUAREOFF,0.01,47.66,0.000359,2383.02,-14.97,2.82,-17.79,-17.79,4766.04,4748.25
646,BTC/INR,1h,SHORT,2026-09-07 19:30:00+05:30,2026-09-08 00:30:00+05:30,79269.92,6619037.95,80855.31,76099.12,79234.62,6616090.85,INTRADAY_SQUAREOFF,0.01,47.48,0.000359,2374.13,1.06,2.8,-1.74,-1.74,4748.25,4746.51
647,BTC/INR,1h,SHORT,2026-09-08 03:30:00+05:30,2026-09-09 00:30:00+05:30,79099.92,6604843.52,80681.92,75935.93,78492.09,6554089.16,INTRADAY_SQUAREOFF,0.01,47.47,0.000359,2373.25,18.24,2.79,15.45,15.45,4746.51,4761.95
648,BTC/INR,1h,LONG,2026-09-09 17:30:00+05:30,2026-09-10 00:30:00+05:30,79386.2,6628748.08,77798.48,82561.65,78360.31,6543085.72,INTRADAY_SQUAREOFF,0.01,47.62,0.000359,2380.98,-30.77,2.79,-33.56,-33.56,4761.95,4728.39
649,BTC/INR,1h,SHORT,2026-09-10 15:30:00+05:30,2026-09-11 00:30:00+05:30,77864.36,6501674.13,79421.65,74749.79,77245.67,6450013.11,INTRADAY_SQUAREOFF,0.01,47.28,0.000364,2364.2,18.79,2.78,16.01,16.01,4728.39,4744.4
650,BTC/INR,1h,SHORT,2026-09-11 04:30:00+05:30,2026-09-11 18:30:00+05:30,76747.28,6408397.8,78282.22,73677.39,78321.37,6539834.04,STOP_LOSS,0.01,47.44,0.00037,2372.2,-48.65,2.83,-51.48,-51.48,4744.4,4692.92
651,BTC/INR,1h,LONG,2026-09-12 14:30:00+05:30,2026-09-13 00:30:00+05:30,77395.21,6462499.99,75847.31,80491.02,77087.72,6436824.46,INTRADAY_SQUAREOFF,0.01,46.93,0.000363,2346.46,-9.32,2.76,-12.09,-12.09,4692.92,4680.83
652,BTC/INR,1h,LONG,2026-09-13 03:30:00+05:30,2026-09-14 00:30:00+05:30,77300.57,6454597.47,75754.56,80392.59,77273.67,6452351.61,INTRADAY_SQUAREOFF,0.01,46.81,0.000363,2340.42,-0.81,2.76,-3.58,-3.58,4680.83,4677.26
653,BTC/INR,1h,LONG,2026-09-14 13:30:00+05:30,2026-09-15 00:30:00+05:30,77898.08,6504489.51,76340.12,81014.0,79160.4,6609893.4,INTRADAY_SQUAREOFF,0.01,46.77,0.00036,2338.63,37.9,2.78,35.12,35.12,4677.26,4712.37
654,BTC/INR,1h,SHORT,2026-09-16 03:30:00+05:30,2026-09-17 00:30:00+05:30,75309.98,6288383.53,76816.18,72297.58,75608.21,6313285.94,INTRADAY_SQUAREOFF,0.01,47.12,0.000375,2356.19,-9.33,2.79,-12.12,-12.12,4712.37,4700.26
655,BTC/INR,1h,SHORT,2026-09-17 03:30:00+05:30,2026-09-18 00:30:00+05:30,75819.67,6330942.68,77336.07,72786.89,76544.65,6391478.41,INTRADAY_SQUAREOFF,0.01,47.0,0.000371,2350.13,-22.47,2.79,-25.26,-25.26,4700.26,4675.0
656,BTC/INR,1h,LONG,2026-09-18 13:30:00+05:30,2026-09-18 19:30:00+05:30,77812.66,6497357.14,76256.41,80925.17,80884.7,6753872.8,TARGET_HIT,0.01,46.75,0.00036,2337.5,92.28,2.81,89.47,89.47,4675.0,4764.47
657,BTC/INR,1h,LONG,2026-09-19 06:30:00+05:30,2026-09-20 00:30:00+05:30,81716.81,6823354.01,80082.48,84985.49,81386.61,6795781.66,INTRADAY_SQUAREOFF,0.01,47.64,0.000349,2382.24,-9.63,2.81,-12.43,-12.43,4764.47,4752.04
658,BTC/INR,1h,LONG,2026-09-20 04:30:00+05:30,2026-09-21 00:30:00+05:30,81278.16,6786726.18,79652.59,84529.28,80999.47,6763455.93,INTRADAY_SQUAREOFF,0.01,47.52,0.00035,2376.02,-8.15,2.8,-10.95,-10.95,4752.04,4741.09
659,BTC/INR,1h,LONG,2026-09-21 13:30:00+05:30,2026-09-21 17:30:00+05:30,81756.24,6826646.08,80121.12,85026.49,84983.98,7096162.07,TARGET_HIT,0.01,47.41,0.000347,2370.55,93.59,2.85,90.74,90.74,4741.09,4831.83
660,BTC/INR,1h,LONG,2026-09-22 14:30:00+05:30,2026-09-23 00:30:00+05:30,86374.71,7212288.51,84647.22,89829.7,86431.22,7217006.53,INTRADAY_SQUAREOFF,0.01,48.32,0.000335,2415.91,1.58,2.85,-1.27,-1.27,4831.83,4830.56
661,BTC/INR,1h,LONG,2026-09-23 10:30:00+05:30,2026-09-23 16:30:00+05:30,87324.49,7291595.08,85578.0,90817.47,85535.21,7142190.3,STOP_LOSS,0.01,48.31,0.000331,2415.28,-49.49,2.82,-52.31,-52.31,4830.56,4778.25
