trade_no,coin,timeframe,direction,entry_time,exit_time,entry_price_usd,entry_price_inr,stop_price_usd,target_price_usd,exit_price_usd,exit_price_inr,exit_reason,risk_pct,risk_inr,position_size_coin,position_size_inr,gross_pnl_inr,fees_inr,net_pnl_inr,net_pnl,equity_before,equity_after
1,BTC/INR,1h,LONG,2024-09-26 21:30:00+05:30,2024-09-27 00:30:00+05:30,65506.05,5469754.78,64523.45,68453.82,65256.97,5448956.87,INTRADAY_SQUAREOFF,0.01,100.0,0.001219,6666.67,-25.35,7.85,-33.2,-33.2,10000.0,9966.8
2,BTC/INR,1h,LONG,2024-09-27 03:30:00+05:30,2024-09-28 00:30:00+05:30,65087.26,5434786.03,64110.95,68016.18,65859.9,5499301.43,INTRADAY_SQUAREOFF,0.01,99.67,0.001223,6644.53,78.88,7.89,70.99,70.99,9966.8,10037.79
3,BTC/INR,1h,LONG,2024-09-28 07:30:00+05:30,2024-09-29 00:30:00+05:30,66032.95,5513750.93,65042.45,69004.43,65681.21,5484381.31,INTRADAY_SQUAREOFF,0.01,100.38,0.001214,6691.86,-35.64,7.88,-43.52,-43.52,10037.79,9994.27
4,BTC/INR,1h,LONG,2024-09-29 05:30:00+05:30,2024-09-30 00:30:00+05:30,65981.37,5509444.62,64991.65,68950.53,65770.47,5491834.52,INTRADAY_SQUAREOFF,0.01,99.94,0.001209,6662.85,-21.3,7.85,-29.15,-29.15,9994.27,9965.12
5,BTC/INR,1h,SHORT,2024-09-30 12:30:00+05:30,2024-10-01 00:30:00+05:30,64333.27,5371828.4,65298.27,61438.28,63351.79,5289874.05,INTRADAY_SQUAREOFF,0.01,99.65,0.001237,6643.41,101.35,7.78,93.57,93.57,9965.12,10058.7
6,BTC/INR,1h,SHORT,2024-10-02 15:30:00+05:30,2024-10-02 21:30:00+05:30,61119.47,5103475.57,62036.26,58369.09,62067.28,5182617.72,STOP_LOSS,0.01,100.59,0.001314,6705.8,-103.99,7.97,-111.96,-111.96,10058.7,9946.73
7,BTC/INR,1h,SHORT,2024-10-03 13:30:00+05:30,2024-10-04 00:30:00+05:30,60862.06,5081982.14,61774.99,58123.27,60745.15,5072220.06,INTRADAY_SQUAREOFF,0.01,99.47,0.001305,6631.15,12.74,7.82,4.92,4.92,9946.73,9951.65
8,BTC/INR,1h,SHORT,2024-10-04 06:30:00+05:30,2024-10-04 12:30:00+05:30,60437.06,5046494.78,61343.62,57717.4,61374.29,5124753.3,STOP_LOSS,0.01,99.52,0.001315,6634.44,-102.88,7.89,-110.77,-110.77,9951.65,9840.88
9,BTC/INR,1h,SHORT,2024-10-04 15:30:00+05:30,2024-10-04 21:30:00+05:30,61272.95,5116290.98,62192.04,58515.66,62223.14,5195631.86,STOP_LOSS,0.01,98.41,0.001282,6560.59,-101.74,7.8,-109.54,-109.54,9840.88,9731.34
10,BTC/INR,1h,LONG,2024-10-05 00:30:00+05:30,2024-10-06 00:30:00+05:30,62360.88,5207133.78,61425.47,65167.12,61833.21,5163073.24,INTRADAY_SQUAREOFF,0.01,97.31,0.001246,6487.56,-54.89,7.62,-62.52,-62.52,9731.34,9668.82
11,BTC/INR,1h,LONG,2024-10-07 06:30:00+05:30,2024-10-07 16:30:00+05:30,63728.09,5321295.54,62772.17,66595.85,62740.78,5238855.37,STOP_LOSS,0.01,96.69,0.001211,6445.88,-99.86,7.55,-107.41,-107.41,9668.82,9561.41
12,BTC/INR,1h,LONG,2024-10-07 19:30:00+05:30,2024-10-08 00:30:00+05:30,63555.34,5306870.88,62602.01,66415.33,62809.52,5244595.0,INTRADAY_SQUAREOFF,0.01,95.61,0.001201,6374.27,-74.8,7.48,-82.28,-82.28,9561.41,9479.13
13,BTC/INR,1h,SHORT,2024-10-09 04:30:00+05:30,2024-10-10 00:30:00+05:30,62099.17,5185280.96,63030.66,59304.71,61167.65,5107499.15,INTRADAY_SQUAREOFF,0.01,94.79,0.001219,6319.42,94.79,7.4,87.39,87.39,9479.13,9566.53
14,BTC/INR,1h,SHORT,2024-10-10 06:30:00+05:30,2024-10-11 00:30:00+05:30,60321.22,5036821.77,61226.04,57606.76,59454.54,4964454.14,INTRADAY_SQUAREOFF,0.01,95.67,0.001266,6377.68,91.63,7.47,84.16,84.16,9566.53,9650.69
15,BTC/INR,1h,LONG,2024-10-11 23:30:00+05:30,2024-10-12 01:30:00+05:30,62940.76,5255553.73,61996.65,65773.1,63053.4,5264958.81,INTRADAY_SQUAREOFF,0.01,96.51,0.001224,6433.79,11.51,7.6,3.91,3.91,9650.69,9654.6
16,BTC/INR,1h,LONG,2024-10-12 06:30:00+05:30,2024-10-13 00:30:00+05:30,62860.31,5248835.8,61917.4,65689.02,62899.62,5252117.98,INTRADAY_SQUAREOFF,0.01,96.55,0.001226,6436.4,4.02,7.6,-3.57,-3.57,9654.6,9651.03
17,BTC/INR,1h,LONG,2024-10-14 13:30:00+05:30,2024-10-15 00:30:00+05:30,64632.37,5396802.92,63662.88,67540.83,65709.99,5486783.99,INTRADAY_SQUAREOFF,0.01,96.51,0.001192,6434.02,107.27,7.66,99.62,99.62,9651.03,9750.65
18,BTC/INR,1h,LONG,2024-10-15 04:30:00+05:30,2024-10-15 08:30:00+05:30,66468.08,5550085.07,65471.06,69459.15,65438.33,5464100.37,STOP_LOSS,0.01,97.51,0.001171,6500.43,-100.71,7.61,-108.32,-108.32,9750.65,9642.33
19,BTC/INR,1h,LONG,2024-10-15 18:30:00+05:30,2024-10-15 20:30:00+05:30,65928.57,5505035.83,64939.64,68895.36,64907.17,5419749.06,STOP_LOSS,0.01,96.42,0.001168,6428.22,-99.59,7.53,-107.12,-107.12,9642.33,9535.21
20,BTC/INR,1h,LONG,2024-10-16 05:30:00+05:30,2024-10-17 00:30:00+05:30,67143.01,5606441.16,66135.86,70164.44,67785.67,5660103.31,INTRADAY_SQUAREOFF,0.01,95.35,0.001134,6356.81,60.84,7.54,53.31,53.31,9535.21,9588.52
21,BTC/INR,1h,LONG,2024-10-17 04:30:00+05:30,2024-10-17 15:30:00+05:30,67864.77,5666708.04,66846.8,70918.68,66813.37,5578916.57,STOP_LOSS,0.01,95.89,0.001128,6392.35,-99.03,7.48,-106.52,-106.52,9588.52,9482.0
22,BTC/INR,1h,LONG,2024-10-18 19:30:00+05:30,2024-10-19 00:30:00+05:30,68206.28,5695224.5,67183.19,71275.56,68838.36,5748003.1,INTRADAY_SQUAREOFF,0.01,94.82,0.00111,6321.34,58.58,7.49,51.09,51.09,9482.0,9533.09
23,BTC/INR,1h,LONG,2024-10-19 05:30:00+05:30,2024-10-20 00:30:00+05:30,68481.07,5718169.11,67453.85,71562.72,68140.85,5689760.98,INTRADAY_SQUAREOFF,0.01,95.33,0.001111,6355.39,-31.57,7.48,-39.05,-39.05,9533.09,9494.04
24,BTC/INR,1h,LONG,2024-10-20 12:30:00+05:30,2024-10-21 00:30:00+05:30,68422.0,5713236.88,67395.67,71500.99,68554.45,5724296.39,INTRADAY_SQUAREOFF,0.01,94.94,0.001108,6329.36,12.25,7.48,4.78,4.78,9494.04,9498.81
25,BTC/INR,1h,LONG,2024-10-21 02:30:00+05:30,2024-10-21 18:30:00+05:30,68920.19,5754836.11,67886.39,72021.6,67852.45,5665679.31,STOP_LOSS,0.01,94.99,0.0011,6332.54,-98.11,7.41,-105.52,-105.52,9498.81,9393.29
26,BTC/INR,1h,SHORT,2024-10-22 05:30:00+05:30,2024-10-23 00:30:00+05:30,67325.13,5621647.96,68335.0,64295.49,67364.49,5624935.21,INTRADAY_SQUAREOFF,0.01,93.93,0.001114,6262.19,-3.66,7.39,-11.05,-11.05,9393.29,9382.24
27,BTC/INR,1h,SHORT,2024-10-23 05:30:00+05:30,2024-10-24 00:30:00+05:30,67255.1,5615800.67,68263.92,64228.62,65999.87,5510988.83,INTRADAY_SQUAREOFF,0.01,93.82,0.001114,6254.83,116.74,7.31,109.43,109.43,9382.24,9491.66
28,BTC/INR,1h,LONG,2024-10-24 17:30:00+05:30,2024-10-25 00:30:00+05:30,67261.31,5616319.31,66252.39,70288.07,67739.44,5656243.36,INTRADAY_SQUAREOFF,0.01,94.92,0.001127,6327.78,44.98,7.49,37.49,37.49,9491.66,9529.15
29,BTC/INR,1h,LONG,2024-10-25 08:30:00+05:30,2024-10-25 22:30:00+05:30,68062.09,5683184.7,67041.16,71124.89,67007.64,5595137.96,STOP_LOSS,0.01,95.29,0.001118,6352.77,-98.42,7.44,-105.86,-105.86,9529.15,9423.29
30,BTC/INR,1h,SHORT,2024-10-26 04:30:00+05:30,2024-10-27 00:30:00+05:30,66510.81,5553652.31,67508.47,63517.82,66993.87,5593988.21,INTRADAY_SQUAREOFF,0.01,94.23,0.001131,6282.2,-45.63,7.44,-53.07,-53.07,9423.29,9370.23
31,BTC/INR,1h,SHORT,2024-10-27 04:30:00+05:30,2024-10-28 00:30:00+05:30,67005.21,5594934.8,68010.29,63989.97,67520.31,5637946.19,INTRADAY_SQUAREOFF,0.01,93.7,0.001117,6246.82,-48.02,7.4,-55.42,-55.42,9370.23,9314.8
32,BTC/INR,1h,LONG,2024-10-28 15:30:00+05:30,2024-10-29 00:30:00+05:30,68541.83,5723242.96,67513.7,71626.21,69144.02,5773525.68,INTRADAY_SQUAREOFF,0.01,93.15,0.001085,6209.87,54.56,7.36,47.2,47.2,9314.8,9362.0
33,BTC/INR,1h,LONG,2024-10-29 03:30:00+05:30,2024-10-29 22:30:00+05:30,69795.02,5827884.23,68748.1,72935.8,72899.33,6087093.95,TARGET_HIT,0.01,93.62,0.001071,6241.34,277.6,7.53,270.07,270.07,9362.0,9632.07
34,BTC/INR,1h,LONG,2024-10-30 05:30:00+05:30,2024-10-30 18:30:00+05:30,72784.66,6077519.38,71692.89,76059.97,71657.05,5983363.41,STOP_LOSS,0.01,96.32,0.001057,6421.38,-99.48,7.52,-107.0,-107.0,9632.07,9525.07
35,BTC/INR,1h,LONG,2024-10-31 02:30:00+05:30,2024-10-31 18:30:00+05:30,72850.25,6082995.93,71757.5,76128.51,71721.62,5988755.12,STOP_LOSS,0.01,95.25,0.001044,6350.05,-98.38,7.44,-105.81,-105.81,9525.07,9419.26
36,BTC/INR,1h,SHORT,2024-11-01 01:30:00+05:30,2024-11-01 18:30:00+05:30,69932.29,5839346.2,70981.27,66785.34,71016.76,5929899.86,STOP_LOSS,0.01,94.19,0.001075,6279.51,-97.38,7.47,-104.85,-104.85,9419.26,9314.41
37,BTC/INR,1h,SHORT,2024-11-02 00:30:00+05:30,2024-11-03 00:30:00+05:30,69029.52,5763965.14,70064.97,65923.19,69443.31,5798516.04,INTRADAY_SQUAREOFF,0.01,93.14,0.001077,6209.61,-37.22,7.35,-44.57,-44.57,9314.41,9269.84
38,BTC/INR,1h,SHORT,2024-11-03 03:30:00+05:30,2024-11-04 00:30:00+05:30,69404.59,5795282.85,70445.65,66281.38,68024.5,5680046.01,INTRADAY_SQUAREOFF,0.01,92.7,0.001066,6179.89,122.88,7.22,115.66,115.66,9269.84,9385.5
39,BTC/INR,1h,LONG,2024-11-04 18:30:00+05:30,2024-11-04 21:30:00+05:30,68967.11,5758754.08,67932.61,72070.63,67898.64,5669536.58,STOP_LOSS,0.01,93.86,0.001087,6257.0,-96.94,7.33,-104.26,-104.26,9385.5,9281.24
40,BTC/INR,1h,LONG,2024-11-06 00:30:00+05:30,2024-11-06 02:30:00+05:30,70277.71,5868188.55,69223.54,73440.2,69188.93,5777275.64,STOP_LOSS,0.01,92.81,0.001054,6187.49,-95.86,7.24,-103.1,-103.1,9281.24,9178.14
41,BTC/INR,1h,LONG,2024-11-06 06:30:00+05:30,2024-11-06 08:30:00+05:30,71457.77,5966724.09,70385.91,74673.37,74636.04,6232109.06,TARGET_HIT,0.01,91.78,0.001025,6118.76,272.15,7.38,264.77,264.77,9178.14,9442.9
42,BTC/INR,1h,LONG,2024-11-06 21:30:00+05:30,2024-11-07 00:30:00+05:30,74534.23,6223607.79,73416.21,77888.27,75266.79,6284777.22,INTRADAY_SQUAREOFF,0.01,94.43,0.001012,6295.27,61.87,7.46,54.41,54.41,9442.9,9497.31
43,BTC/INR,1h,LONG,2024-11-07 14:30:00+05:30,2024-11-08 00:30:00+05:30,75180.1,6277538.56,74052.4,78563.21,76623.19,6398036.59,INTRADAY_SQUAREOFF,0.01,94.97,0.001009,6331.54,121.53,7.54,113.99,113.99,9497.31,9611.3
44,BTC/INR,1h,LONG,2024-11-08 13:30:00+05:30,2024-11-09 00:30:00+05:30,76349.26,6375162.97,75204.02,79784.97,76872.92,6418888.76,INTRADAY_SQUAREOFF,0.01,96.11,0.001005,6407.54,43.95,7.59,36.36,36.36,9611.3,9647.67
45,BTC/INR,1h,LONG,2024-11-10 00:30:00+05:30,2024-11-10 16:30:00+05:30,76449.07,6383497.56,75302.34,79889.28,79849.34,6667419.58,TARGET_HIT,0.01,96.48,0.001008,6431.78,286.07,7.76,278.31,278.31,9647.67,9925.98
46,BTC/INR,1h,LONG,2024-11-10 23:30:00+05:30,2024-11-11 01:30:00+05:30,80724.97,6740534.77,79514.09,84357.59,79474.34,6636107.04,STOP_LOSS,0.01,99.26,0.000982,6617.32,-102.52,7.75,-110.27,-110.27,9925.98,9815.71
47,BTC/INR,1h,LONG,2024-11-11 20:30:00+05:30,2024-11-12 00:30:00+05:30,82621.67,6898909.04,81382.34,86339.64,86296.47,7205755.27,TARGET_HIT,0.01,98.16,0.000949,6543.81,291.05,7.89,283.16,283.16,9815.71,10098.87
48,BTC/INR,1h,LONG,2024-11-12 06:30:00+05:30,2024-11-12 08:30:00+05:30,89074.2,7437695.9,87738.09,93082.54,87694.22,7322467.39,STOP_LOSS,0.01,100.99,0.000905,6732.58,-104.3,7.88,-112.19,-112.19,10098.87,9986.68
49,BTC/INR,1h,LONG,2024-11-12 12:30:00+05:30,2024-11-12 14:30:00+05:30,89889.99,7505813.75,88541.64,93935.03,88497.36,7389529.93,STOP_LOSS,0.01,99.87,0.000887,6657.79,-103.15,7.8,-110.94,-110.94,9986.68,9875.74
50,BTC/INR,1h,LONG,2024-11-13 00:30:00+05:30,2024-11-13 04:30:00+05:30,89038.01,7434674.03,87702.44,93044.72,87658.59,7319492.35,STOP_LOSS,0.01,98.76,0.000886,6583.83,-102.0,7.71,-109.71,-109.71,9875.74,9766.03
51,BTC/INR,1h,LONG,2024-11-13 13:30:00+05:30,2024-11-13 19:30:00+05:30,87586.8,7313498.03,86273.0,91528.21,91482.44,7638784.14,TARGET_HIT,0.01,97.66,0.00089,6510.69,289.58,7.85,281.73,281.73,9766.03,10047.76
52,BTC/INR,1h,SHORT,2024-11-15 02:30:00+05:30,2024-11-15 14:30:00+05:30,87553.35,7310704.71,88866.65,83613.45,88911.08,7424075.47,STOP_LOSS,0.01,100.48,0.000916,6698.5,-103.88,7.97,-111.84,-111.84,10047.76,9935.91
53,BTC/INR,1h,LONG,2024-11-17 00:30:00+05:30,2024-11-17 07:30:00+05:30,91454.13,7636420.18,90082.32,95569.57,90037.28,7518112.94,STOP_LOSS,0.01,99.36,0.000867,6623.94,-102.62,7.76,-110.38,-110.38,9935.91,9825.54
54,BTC/INR,1h,SHORT,2024-11-18 02:30:00+05:30,2024-11-18 11:30:00+05:30,89561.62,7478395.16,90905.04,85531.35,90950.5,7594366.37,STOP_LOSS,0.01,98.26,0.000876,6550.36,-101.58,7.79,-109.37,-109.37,9825.54,9716.17
55,BTC/INR,1h,LONG,2024-11-20 09:30:00+05:30,2024-11-21 00:30:00+05:30,92203.63,7699002.74,90820.57,96352.79,93740.32,7827316.5,INTRADAY_SQUAREOFF,0.01,97.16,0.000841,6477.45,107.95,7.71,100.25,100.25,9716.17,9816.42
56,BTC/INR,1h,LONG,2024-11-21 06:30:00+05:30,2024-11-22 00:30:00+05:30,95011.15,7933431.33,93585.99,99286.66,98311.62,8209019.98,INTRADAY_SQUAREOFF,0.01,98.16,0.000825,6544.28,227.33,7.86,219.48,219.48,9816.42,10035.89
57,BTC/INR,1h,LONG,2024-11-22 04:30:00+05:30,2024-11-23 00:30:00+05:30,98480.22,8223098.65,97003.02,102911.83,99153.8,8279342.03,INTRADAY_SQUAREOFF,0.01,100.36,0.000814,6690.6,45.76,7.92,37.84,37.84,10035.89,10073.73
58,BTC/INR,1h,SHORT,2024-11-24 09:30:00+05:30,2024-11-25 00:30:00+05:30,98183.52,8198324.28,99656.28,93765.27,96638.71,8069332.22,INTRADAY_SQUAREOFF,0.01,100.74,0.000819,6715.82,105.67,7.86,97.8,97.8,10073.73,10171.54
59,BTC/INR,1h,SHORT,2024-11-26 03:30:00+05:30,2024-11-27 00:30:00+05:30,93667.03,7821197.31,95072.04,89452.02,92229.11,7701130.45,INTRADAY_SQUAREOFF,0.01,101.72,0.000867,6781.02,104.1,7.94,96.16,96.16,10171.54,10267.69
60,BTC/INR,1h,SHORT,2024-11-27 17:30:00+05:30,2024-11-27 19:30:00+05:30,93295.43,7790168.45,94694.86,89097.14,94742.21,7910974.48,STOP_LOSS,0.01,102.68,0.000879,6845.13,-106.15,8.14,-114.29,-114.29,10267.69,10153.4
61,BTC/INR,1h,LONG,2024-11-28 01:30:00+05:30,2024-11-28 08:30:00+05:30,96798.03,8082635.6,95346.06,101153.94,95298.39,7957415.36,STOP_LOSS,0.01,101.53,0.000837,6768.94,-104.87,7.93,-112.79,-112.79,10153.4,10040.61
62,BTC/INR,1h,LONG,2024-11-28 17:30:00+05:30,2024-11-29 00:30:00+05:30,95800.53,7999344.47,94363.52,100111.56,95256.78,7953940.92,INTRADAY_SQUAREOFF,0.01,100.41,0.000837,6693.74,-37.99,7.88,-45.87,-45.87,10040.61,9994.74
63,BTC/INR,1h,LONG,2024-11-29 04:30:00+05:30,2024-11-30 00:30:00+05:30,95708.02,7991619.47,94272.4,100014.88,97203.99,8116533.24,INTRADAY_SQUAREOFF,0.01,99.95,0.000834,6663.16,104.15,7.92,96.23,96.23,9994.74,10090.97
64,BTC/INR,1h,LONG,2024-12-02 03:30:00+05:30,2024-12-02 09:30:00+05:30,97884.31,8173339.74,96416.04,102289.1,96367.84,8046714.28,STOP_LOSS,0.01,100.91,0.000823,6727.31,-104.22,7.88,-112.1,-112.1,10090.97,9978.87
65,BTC/INR,1h,SHORT,2024-12-02 16:30:00+05:30,2024-12-02 19:30:00+05:30,94814.68,7917025.64,96236.9,90548.02,96285.02,8039798.91,STOP_LOSS,0.01,99.79,0.00084,6652.58,-103.16,7.91,-111.08,-111.08,9978.87,9867.79
66,BTC/INR,1h,SHORT,2024-12-03 22:30:00+05:30,2024-12-04 00:30:00+05:30,94916.1,7925494.7,96339.85,90644.88,95564.17,7979608.38,INTRADAY_SQUAREOFF,0.01,98.68,0.00083,6578.53,-44.92,7.79,-52.71,-52.71,9867.79,9815.09
67,BTC/INR,1h,LONG,2024-12-04 11:30:00+05:30,2024-12-04 21:30:00+05:30,96604.98,8066515.95,95155.91,100952.21,95108.33,7941545.45,STOP_LOSS,0.01,98.15,0.000811,6543.39,-101.37,7.66,-109.03,-109.03,9815.09,9706.05
68,BTC/INR,1h,LONG,2024-12-05 08:30:00+05:30,2024-12-06 00:30:00+05:30,101425.63,8469040.34,99904.25,105989.79,99854.3,8337833.73,STOP_LOSS,0.01,97.06,0.000764,6470.7,-100.25,7.58,-107.82,-107.82,9706.05,9598.23
69,BTC/INR,1h,SHORT,2024-12-06 15:30:00+05:30,2024-12-06 20:30:00+05:30,98048.95,8187087.41,99519.69,93636.75,99569.45,8314048.67,STOP_LOSS,0.01,95.98,0.000782,6398.82,-99.23,7.61,-106.84,-106.84,9598.23,9491.39
70,BTC/INR,1h,LONG,2024-12-07 21:30:00+05:30,2024-12-08 00:30:00+05:30,99929.04,8344074.93,98430.11,104425.85,100164.47,8363733.31,INTRADAY_SQUAREOFF,0.01,94.91,0.000758,6327.59,14.91,7.48,7.43,7.43,9491.39,9498.82
71,BTC/INR,1h,LONG,2024-12-09 04:30:00+05:30,2024-12-09 08:30:00+05:30,100347.4,8379007.79,98842.19,104863.03,98792.77,8249196.01,STOP_LOSS,0.01,94.99,0.000756,6332.55,-98.11,7.41,-105.52,-105.52,9498.82,9393.3
72,BTC/INR,1h,SHORT,2024-12-09 17:30:00+05:30,2024-12-09 19:30:00+05:30,97972.95,8180741.32,99442.54,93564.17,99492.27,8307604.17,STOP_LOSS,0.01,93.93,0.000765,6262.2,-97.11,7.45,-104.56,-104.56,9393.3,9288.74
73,BTC/INR,1h,SHORT,2024-12-10 01:30:00+05:30,2024-12-11 00:30:00+05:30,96932.05,8093826.07,98386.03,92570.11,95163.21,7946128.38,INTRADAY_SQUAREOFF,0.01,92.89,0.000765,6192.49,113.0,7.24,105.76,105.76,9288.74,9394.5
74,BTC/INR,1h,SHORT,2024-12-11 05:30:00+05:30,2024-12-11 13:30:00+05:30,96565.86,8063249.71,98014.35,92220.4,98063.36,8188290.55,STOP_LOSS,0.01,93.95,0.000777,6263.0,-97.12,7.45,-104.57,-104.57,9394.5,9289.93
75,BTC/INR,1h,LONG,2024-12-12 01:30:00+05:30,2024-12-13 00:30:00+05:30,101269.65,8456015.66,99750.6,105826.78,99700.73,8325010.83,STOP_LOSS,0.01,92.9,0.000732,6193.29,-95.95,7.25,-103.2,-103.2,9289.93,9186.73
76,BTC/INR,1h,SHORT,2024-12-13 07:30:00+05:30,2024-12-13 19:30:00+05:30,99188.26,8282220.03,100676.09,94724.79,100726.43,8410656.56,STOP_LOSS,0.01,91.87,0.000739,6124.49,-94.98,7.28,-102.26,-102.26,9186.73,9084.47
77,BTC/INR,1h,SHORT,2024-12-13 21:30:00+05:30,2024-12-13 23:30:00+05:30,99776.0,8331296.09,101272.64,95286.08,101323.28,8460493.67,STOP_LOSS,0.01,90.84,0.000727,6056.31,-93.92,7.2,-101.12,-101.12,9084.47,8983.35
78,BTC/INR,1h,LONG,2024-12-14 20:30:00+05:30,2024-12-15 00:30:00+05:30,101536.17,8478270.4,100013.13,106105.3,100824.34,8418832.71,INTRADAY_SQUAREOFF,0.01,89.83,0.000706,5988.9,-41.99,7.04,-49.03,-49.03,8983.35,8934.32
79,BTC/INR,1h,LONG,2024-12-15 15:30:00+05:30,2024-12-16 00:30:00+05:30,102248.96,8537788.02,100715.22,106850.16,103093.08,8608272.51,INTRADAY_SQUAREOFF,0.01,89.34,0.000698,5956.22,49.17,7.06,42.11,42.11,8934.32,8976.44
80,BTC/INR,1h,LONG,2024-12-16 04:30:00+05:30,2024-12-17 00:30:00+05:30,103368.42,8631262.75,101817.89,108019.99,107073.55,8940641.08,INTRADAY_SQUAREOFF,0.01,89.76,0.000693,5984.29,214.5,7.19,207.31,207.31,8976.44,9183.75
81,BTC/INR,1h,LONG,2024-12-17 07:30:00+05:30,2024-12-18 00:30:00+05:30,106469.62,8890213.46,104872.58,111260.76,106481.42,8891198.58,INTRADAY_SQUAREOFF,0.01,91.84,0.000689,6122.5,0.68,7.22,-6.55,-6.55,9183.75,9177.2
82,BTC/INR,1h,SHORT,2024-12-18 20:30:00+05:30,2024-12-19 00:30:00+05:30,103922.04,8677490.69,105480.87,99245.55,104657.28,8738882.8,INTRADAY_SQUAREOFF,0.01,91.77,0.000705,6118.14,-43.29,7.24,-50.53,-50.53,9177.2,9126.67
83,BTC/INR,1h,SHORT,2024-12-19 05:30:00+05:30,2024-12-19 12:30:00+05:30,100054.42,8354544.43,101555.24,95551.98,101606.02,8484102.53,STOP_LOSS,0.01,91.27,0.000728,6084.45,-94.35,7.24,-101.59,-101.59,9126.67,9025.08
84,BTC/INR,1h,SHORT,2024-12-20 07:30:00+05:30,2024-12-20 09:30:00+05:30,96081.59,8022812.88,97522.82,91757.92,97571.58,8147226.65,STOP_LOSS,0.01,90.25,0.00075,6016.72,-93.3,7.15,-100.46,-100.46,9025.08,8924.63
85,BTC/INR,1h,SHORT,2024-12-20 11:30:00+05:30,2024-12-21 00:30:00+05:30,96576.07,8064101.9,98024.71,92230.15,97042.22,8103025.66,INTRADAY_SQUAREOFF,0.01,89.25,0.000738,5949.75,-28.72,7.04,-35.76,-35.76,8924.63,8888.87
86,BTC/INR,1h,SHORT,2024-12-22 10:30:00+05:30,2024-12-23 00:30:00+05:30,96016.62,8017387.45,97456.87,91695.87,95922.62,8009538.52,INTRADAY_SQUAREOFF,0.01,88.89,0.000739,5925.91,5.8,6.99,-1.19,-1.19,8888.87,8887.68
87,BTC/INR,1h,SHORT,2024-12-23 17:30:00+05:30,2024-12-24 00:30:00+05:30,95704.01,7991284.57,97139.57,91397.33,92675.02,7738363.96,INTRADAY_SQUAREOFF,0.01,88.88,0.000741,5925.12,187.53,6.88,180.65,180.65,8887.68,9068.33
88,BTC/INR,1h,SHORT,2024-12-24 12:30:00+05:30,2024-12-24 18:30:00+05:30,93683.99,7822612.84,95089.25,89468.21,95136.79,7943922.01,STOP_LOSS,0.01,90.68,0.000773,6045.55,-93.75,7.19,-100.94,-100.94,9068.33,8967.39
89,BTC/INR,1h,LONG,2024-12-25 03:30:00+05:30,2024-12-26 00:30:00+05:30,98409.51,8217193.94,96933.37,102837.94,98604.32,8233460.85,INTRADAY_SQUAREOFF,0.01,89.67,0.000728,5978.26,11.83,7.06,4.77,4.77,8967.39,8972.16
90,BTC/INR,1h,LONG,2024-12-26 05:30:00+05:30,2024-12-26 11:30:00+05:30,99525.16,8310350.83,98032.28,104003.79,97983.27,8181602.72,STOP_LOSS,0.01,89.72,0.00072,5981.44,-92.67,7.0,-99.67,-99.67,8972.16,8872.49
91,BTC/INR,1h,SHORT,2024-12-26 20:30:00+05:30,2024-12-27 00:30:00+05:30,95157.12,7945619.22,96584.47,90875.05,95686.0,7989780.9,INTRADAY_SQUAREOFF,0.01,88.72,0.000744,5914.99,-32.88,7.0,-39.87,-39.87,8872.49,8832.62
92,BTC/INR,1h,SHORT,2024-12-27 13:30:00+05:30,2024-12-27 15:30:00+05:30,94616.75,7900498.95,96036.01,90359.0,96084.02,8023015.94,STOP_LOSS,0.01,88.33,0.000745,5888.41,-91.31,7.0,-98.32,-98.32,8832.62,8734.3
93,BTC/INR,1h,SHORT,2024-12-28 12:30:00+05:30,2024-12-29 00:30:00+05:30,94237.95,7868868.93,95651.52,89997.24,94725.86,7909609.54,INTRADAY_SQUAREOFF,0.01,87.34,0.00074,5822.87,-30.15,6.89,-37.04,-37.04,8734.3,8697.26
94,BTC/INR,1h,SHORT,2024-12-30 00:30:00+05:30,2024-12-31 00:30:00+05:30,93431.75,7801550.72,94833.22,89227.32,94527.83,7893074.14,INTRADAY_SQUAREOFF,0.01,86.97,0.000743,5798.18,-68.02,6.88,-74.9,-74.9,8697.26,8622.36
95,BTC/INR,1h,LONG,2025-01-02 08:30:00+05:30,2025-01-03 00:30:00+05:30,95073.52,7938638.99,93647.42,99351.83,97182.92,8114773.44,INTRADAY_SQUAREOFF,0.01,86.22,0.000724,5748.24,127.54,6.86,120.68,120.68,8622.36,8743.04
96,BTC/INR,1h,LONG,2025-01-03 15:30:00+05:30,2025-01-04 00:30:00+05:30,96635.43,8069058.1,95185.89,100984.02,98461.31,8221519.15,INTRADAY_SQUAREOFF,0.01,87.43,0.000722,5828.69,110.13,6.94,103.19,103.19,8743.04,8846.23
97,BTC/INR,1h,LONG,2025-01-04 08:30:00+05:30,2025-01-05 00:30:00+05:30,98314.66,8209274.45,96839.94,102738.82,97899.66,8174621.48,INTRADAY_SQUAREOFF,0.01,88.46,0.000718,5897.48,-24.89,6.94,-31.84,-31.84,8846.23,8814.39
98,BTC/INR,1h,LONG,2025-01-05 12:30:00+05:30,2025-01-06 00:30:00+05:30,98498.25,8224603.7,97020.77,102930.67,97841.48,8169763.3,INTRADAY_SQUAREOFF,0.01,88.14,0.000714,5876.26,-39.18,6.91,-46.09,-46.09,8814.39,8768.29
99,BTC/INR,1h,LONG,2025-01-06 07:30:00+05:30,2025-01-07 00:30:00+05:30,98767.32,8247071.21,97285.81,103211.85,101779.02,8498548.38,INTRADAY_SQUAREOFF,0.01,87.68,0.000709,5845.53,178.25,7.0,171.24,171.24,8768.29,8939.54
100,BTC/INR,1h,SHORT,2025-01-08 10:30:00+05:30,2025-01-09 00:30:00+05:30,96073.28,8022118.49,97514.37,91749.98,94283.49,7872671.03,INTRADAY_SQUAREOFF,0.01,89.4,0.000743,5959.69,111.03,6.97,104.06,104.06,8939.54,9043.6
101,BTC/INR,1h,SHORT,2025-01-09 09:30:00+05:30,2025-01-10 00:30:00+05:30,93943.74,7844302.21,95352.9,89716.27,93064.29,7770868.23,INTRADAY_SQUAREOFF,0.01,90.44,0.000769,6029.06,56.44,7.08,49.36,49.36,9043.6,9092.96
102,BTC/INR,1h,LONG,2025-01-10 23:30:00+05:30,2025-01-11 01:30:00+05:30,95798.26,7999154.54,94361.28,100109.18,95266.03,7954713.56,INTRADAY_SQUAREOFF,0.01,90.93,0.000758,6061.97,-33.68,7.13,-40.81,-40.81,9092.96,9052.14
103,BTC/INR,1h,LONG,2025-01-11 11:30:00+05:30,2025-01-12 00:30:00+05:30,94392.58,7881780.34,92976.69,98640.25,94188.12,7864708.4,INTRADAY_SQUAREOFF,0.01,90.52,0.000766,6034.76,-13.07,7.11,-20.18,-20.18,9052.14,9031.96
104,BTC/INR,1h,LONG,2025-01-12 02:30:00+05:30,2025-01-13 00:30:00+05:30,94652.22,7903460.73,93232.44,98911.57,94914.0,7925318.65,INTRADAY_SQUAREOFF,0.01,90.32,0.000762,6021.31,16.65,7.11,9.54,9.54,9031.96,9041.5
105,BTC/INR,1h,SHORT,2025-01-13 22:30:00+05:30,2025-01-14 00:30:00+05:30,91234.07,7618044.94,92602.58,87128.54,92078.4,7688546.32,INTRADAY_SQUAREOFF,0.01,90.41,0.000791,6027.67,-55.78,7.15,-62.93,-62.93,9041.5,8978.57
106,BTC/INR,1h,LONG,2025-01-14 15:30:00+05:30,2025-01-14 18:30:00+05:30,97394.9,8132474.12,95933.98,101777.67,95886.01,8006481.77,STOP_LOSS,0.01,89.79,0.000736,5985.71,-92.73,7.01,-99.74,-99.74,8978.57,8878.83
107,BTC/INR,1h,LONG,2025-01-15 00:30:00+05:30,2025-01-16 00:30:00+05:30,96936.56,8094202.86,95482.51,101298.71,99408.27,8300590.63,INTRADAY_SQUAREOFF,0.01,88.79,0.000731,5919.22,150.93,7.07,143.86,143.86,8878.83,9022.68
108,BTC/INR,1h,LONG,2025-01-16 12:30:00+05:30,2025-01-16 19:30:00+05:30,99860.3,8338335.35,98362.4,104354.02,98313.22,8209153.69,STOP_LOSS,0.01,90.23,0.000721,6015.12,-93.19,7.04,-100.23,-100.23,9022.68,8922.45
109,BTC/INR,1h,LONG,2025-01-17 10:30:00+05:30,2025-01-18 00:30:00+05:30,101485.99,8474080.25,99963.7,106052.86,104812.72,8751862.43,INTRADAY_SQUAREOFF,0.01,89.22,0.000702,5948.3,194.99,7.13,187.85,187.85,8922.45,9110.3
110,BTC/INR,1h,LONG,2025-01-18 06:30:00+05:30,2025-01-18 09:30:00+05:30,104681.09,8740870.83,103110.87,109391.74,103059.32,8605452.89,STOP_LOSS,0.01,91.1,0.000695,6073.54,-94.09,7.11,-101.21,-101.21,9110.3,9009.1
111,BTC/INR,1h,LONG,2025-01-19 15:30:00+05:30,2025-01-20 00:30:00+05:30,105271.3,8790153.94,103692.24,110008.51,104826.69,8753028.23,INTRADAY_SQUAREOFF,0.01,90.09,0.000683,6006.07,-25.37,7.07,-32.44,-32.44,9009.1,8976.66
112,BTC/INR,1h,SHORT,2025-01-21 10:30:00+05:30,2025-01-21 16:30:00+05:30,101870.6,8506195.24,103398.66,97286.42,103450.36,8638105.07,STOP_LOSS,0.01,89.77,0.000704,5984.44,-92.8,7.12,-99.92,-99.92,8976.66,8876.74
113,BTC/INR,1h,SHORT,2025-01-21 20:30:00+05:30,2025-01-21 22:30:00+05:30,102916.19,8593501.7,104459.93,98284.96,104512.16,8726765.43,STOP_LOSS,0.01,88.77,0.000689,5917.83,-91.77,7.04,-98.81,-98.81,8876.74,8777.93
114,BTC/INR,1h,LONG,2025-01-22 17:30:00+05:30,2025-01-22 19:30:00+05:30,105445.55,8804703.26,103863.86,110190.6,103811.93,8668296.39,STOP_LOSS,0.01,87.78,0.000665,5851.95,-90.66,6.85,-97.51,-97.51,8777.93,8680.42
115,BTC/INR,1h,SHORT,2025-01-23 15:30:00+05:30,2025-01-23 19:30:00+05:30,101555.74,8479904.59,103079.08,96985.74,103130.62,8611406.71,STOP_LOSS,0.01,86.8,0.000682,5786.94,-89.74,6.88,-96.62,-96.62,8680.42,8583.79
116,BTC/INR,1h,LONG,2025-01-24 09:30:00+05:30,2025-01-25 00:30:00+05:30,104231.38,8703320.12,102667.91,108921.79,106254.67,8872264.64,INTRADAY_SQUAREOFF,0.01,85.84,0.000658,5722.53,111.08,6.82,104.26,104.26,8583.79,8688.06
117,BTC/INR,1h,SHORT,2025-01-27 10:30:00+05:30,2025-01-27 19:30:00+05:30,100211.59,8367667.59,101714.76,95702.07,101765.62,8497429.19,STOP_LOSS,0.01,86.88,0.000692,5792.04,-89.82,6.89,-96.71,-96.71,8688.06,8591.35
118,BTC/INR,1h,SHORT,2025-01-29 19:30:00+05:30,2025-01-30 00:30:00+05:30,101642.61,8487157.63,103167.25,97068.69,103218.83,8618772.23,STOP_LOSS,0.01,85.91,0.000675,5727.57,-88.82,6.81,-95.63,-95.63,8591.35,8495.72
119,BTC/INR,1h,LONG,2025-01-30 06:30:00+05:30,2025-01-31 00:30:00+05:30,104130.91,8694931.36,102568.95,108816.81,105543.83,8812910.18,INTRADAY_SQUAREOFF,0.01,84.96,0.000651,5663.81,76.85,6.73,70.12,70.12,8495.72,8565.84
120,BTC/INR,1h,SHORT,2025-02-01 09:30:00+05:30,2025-02-02 00:30:00+05:30,102174.85,8531599.8,103707.47,97576.98,102055.97,8521673.6,INTRADAY_SQUAREOFF,0.01,85.66,0.000669,5710.56,6.64,6.73,-0.09,-0.09,8565.84,8565.75
121,BTC/INR,1h,SHORT,2025-02-02 04:30:00+05:30,2025-02-03 00:30:00+05:30,100522.32,8393613.32,102030.15,95998.81,96939.77,8094471.11,INTRADAY_SQUAREOFF,0.01,85.66,0.00068,5710.5,203.52,6.62,196.9,196.9,8565.75,8762.65
122,BTC/INR,1h,SHORT,2025-02-03 03:30:00+05:30,2025-02-03 06:30:00+05:30,96598.35,8065962.1,98047.32,92251.42,92297.55,7706845.31,TARGET_HIT,0.01,87.63,0.000724,5841.77,260.09,6.74,253.35,253.35,8762.65,9016.0
123,BTC/INR,1h,SHORT,2025-02-03 10:30:00+05:30,2025-02-03 12:30:00+05:30,92745.24,7744227.94,94136.42,88571.71,94183.49,7864321.56,STOP_LOSS,0.01,90.16,0.000776,6010.67,-93.21,7.15,-100.36,-100.36,9016.0,8915.64
124,BTC/INR,1h,SHORT,2025-02-03 17:30:00+05:30,2025-02-03 19:30:00+05:30,94982.95,7931075.97,96407.69,90708.71,96455.89,8054067.13,STOP_LOSS,0.01,89.16,0.000749,5943.76,-92.17,7.07,-99.24,-99.24,8915.64,8816.4
125,BTC/INR,1h,LONG,2025-02-04 00:30:00+05:30,2025-02-04 10:30:00+05:30,100099.99,8358348.82,98598.49,104604.49,98549.19,8228857.1,STOP_LOSS,0.01,88.16,0.000703,5877.6,-91.06,6.88,-97.94,-97.94,8816.4,8718.46
126,BTC/INR,1h,SHORT,2025-02-05 12:30:00+05:30,2025-02-05 19:30:00+05:30,97590.23,8148783.98,99054.08,93198.67,99103.61,8275151.25,STOP_LOSS,0.01,87.18,0.000713,5812.31,-90.13,6.91,-97.05,-97.05,8718.46,8621.42
127,BTC/INR,1h,SHORT,2025-02-06 04:30:00+05:30,2025-02-06 09:30:00+05:30,96258.74,8037605.21,97702.63,91927.1,97751.48,8162248.37,STOP_LOSS,0.01,86.21,0.000715,5747.61,-89.13,6.83,-95.97,-95.97,8621.42,8525.45
128,BTC/INR,1h,SHORT,2025-02-07 01:30:00+05:30,2025-02-07 06:30:00+05:30,95744.28,7994647.03,97180.44,91435.78,97229.03,8118624.02,STOP_LOSS,0.01,85.25,0.000711,5683.63,-88.14,6.76,-94.9,-94.9,8525.45,8430.55
129,BTC/INR,1h,SHORT,2025-02-07 12:30:00+05:30,2025-02-07 18:30:00+05:30,96588.06,8065102.74,98036.88,92241.59,98085.9,8190172.32,STOP_LOSS,0.01,84.31,0.000697,5620.37,-87.16,6.68,-93.84,-93.84,8430.55,8336.71
130,BTC/INR,1h,SHORT,2025-02-08 10:30:00+05:30,2025-02-09 00:30:00+05:30,96240.31,8036065.79,97683.91,91909.49,96553.6,8062225.3,INTRADAY_SQUAREOFF,0.01,83.37,0.000692,5557.81,-18.09,6.57,-24.66,-24.66,8336.71,8312.05
131,BTC/INR,1h,SHORT,2025-02-10 07:30:00+05:30,2025-02-10 09:30:00+05:30,95352.3,7961917.05,96782.58,91061.45,96830.98,8085386.48,STOP_LOSS,0.01,83.12,0.000696,5541.37,-85.93,6.59,-92.52,-92.52,8312.05,8219.53
132,BTC/INR,1h,LONG,2025-02-10 19:30:00+05:30,2025-02-11 00:30:00+05:30,98360.57,8213107.58,96885.16,102786.8,97529.94,8143749.76,INTRADAY_SQUAREOFF,0.01,82.2,0.000667,5479.69,-46.27,6.44,-52.71,-52.71,8219.53,8166.81
133,BTC/INR,1h,LONG,2025-02-11 07:30:00+05:30,2025-02-11 19:30:00+05:30,98150.16,8195538.35,96677.91,102566.92,96629.57,8068568.98,STOP_LOSS,0.01,81.67,0.000664,5444.54,-84.35,6.37,-90.72,-90.72,8166.81,8076.09
134,BTC/INR,1h,SHORT,2025-02-11 22:30:00+05:30,2025-02-12 00:30:00+05:30,96295.86,8040704.25,97740.3,91962.55,95497.56,7974046.33,INTRADAY_SQUAREOFF,0.01,80.76,0.00067,5384.06,44.63,6.33,38.31,38.31,8076.09,8114.4
135,BTC/INR,1h,SHORT,2025-02-12 08:30:00+05:30,2025-02-12 21:30:00+05:30,95381.96,7964394.06,96812.69,91089.78,96861.1,8087901.91,STOP_LOSS,0.01,81.14,0.000679,5409.6,-83.89,6.43,-90.32,-90.32,8114.4,8024.08
136,BTC/INR,1h,LONG,2025-02-13 07:30:00+05:30,2025-02-13 10:30:00+05:30,98135.75,8194334.83,96663.71,102551.86,96615.38,8067384.1,STOP_LOSS,0.01,80.24,0.000653,5349.38,-82.88,6.26,-89.14,-89.14,8024.08,7934.94
137,BTC/INR,1h,LONG,2025-02-13 15:30:00+05:30,2025-02-14 00:30:00+05:30,96313.35,8042164.84,94868.65,100647.45,95922.67,8009543.02,INTRADAY_SQUAREOFF,0.01,79.35,0.000658,5289.96,-21.46,6.23,-27.69,-27.69,7934.94,7907.25
138,BTC/INR,1h,LONG,2025-02-15 07:30:00+05:30,2025-02-16 00:30:00+05:30,97862.6,8171527.28,96394.66,102266.42,97515.66,8142557.87,INTRADAY_SQUAREOFF,0.01,79.07,0.000645,5271.5,-18.69,6.21,-24.9,-24.9,7907.25,7882.35
139,BTC/INR,1h,LONG,2025-02-16 03:30:00+05:30,2025-02-17 00:30:00+05:30,97744.55,8161670.01,96278.38,102143.06,96848.48,8086848.18,INTRADAY_SQUAREOFF,0.01,78.82,0.000644,5254.9,-48.17,6.17,-54.35,-54.35,7882.35,7828.01
140,BTC/INR,1h,SHORT,2025-02-17 05:30:00+05:30,2025-02-18 00:30:00+05:30,96021.93,8017831.47,97462.26,91700.95,95376.45,7963933.21,INTRADAY_SQUAREOFF,0.01,78.28,0.000651,5218.67,35.08,6.14,28.94,28.94,7828.01,7856.95
141,BTC/INR,1h,SHORT,2025-02-18 04:30:00+05:30,2025-02-19 00:30:00+05:30,95818.68,8000859.45,97255.96,91506.84,93955.84,7845312.41,INTRADAY_SQUAREOFF,0.01,78.57,0.000655,5237.97,101.83,6.12,95.71,95.71,7856.95,7952.66
142,BTC/INR,1h,LONG,2025-02-20 08:30:00+05:30,2025-02-21 00:30:00+05:30,97279.08,8122802.86,95819.89,101656.63,98279.72,8206356.48,INTRADAY_SQUAREOFF,0.01,79.53,0.000653,5301.77,54.54,6.29,48.25,48.25,7952.66,8000.91
143,BTC/INR,1h,SHORT,2025-02-22 13:30:00+05:30,2025-02-23 00:30:00+05:30,96249.66,8036846.26,97693.4,91918.42,96504.21,8058101.73,INTRADAY_SQUAREOFF,0.01,80.01,0.000664,5333.94,-14.11,6.3,-20.41,-20.41,8000.91,7980.5
144,BTC/INR,1h,SHORT,2025-02-23 07:30:00+05:30,2025-02-24 00:30:00+05:30,96383.34,8048008.8,97829.09,92046.09,95797.74,7999111.47,INTRADAY_SQUAREOFF,0.01,79.8,0.000661,5320.33,32.32,6.26,26.07,26.07,7980.5,8006.57
145,BTC/INR,1h,SHORT,2025-02-24 14:30:00+05:30,2025-02-25 00:30:00+05:30,95388.99,7964980.88,96819.83,91096.49,94202.87,7865939.39,INTRADAY_SQUAREOFF,0.01,80.07,0.00067,5337.71,66.37,6.26,60.11,60.11,8006.57,8066.68
146,BTC/INR,1h,SHORT,2025-02-25 04:30:00+05:30,2025-02-25 15:30:00+05:30,92398.89,7715307.7,93784.88,88240.94,88285.06,7371802.91,TARGET_HIT,0.01,80.67,0.000697,5377.79,239.43,6.2,233.23,233.23,8066.68,8299.91
147,BTC/INR,1h,SHORT,2025-02-25 20:30:00+05:30,2025-02-26 00:30:00+05:30,86959.58,7261124.64,88263.97,83046.4,87021.85,7266324.35,INTRADAY_SQUAREOFF,0.01,83.0,0.000762,5533.27,-3.96,6.53,-10.49,-10.49,8299.91,8289.41
148,BTC/INR,1h,SHORT,2025-02-26 06:30:00+05:30,2025-02-26 23:30:00+05:30,88010.5,7348877.08,89330.66,84050.03,84092.06,7021686.7,TARGET_HIT,0.01,82.89,0.000752,5526.28,246.04,6.38,239.67,239.67,8289.41,8529.08
149,BTC/INR,1h,SHORT,2025-02-27 08:30:00+05:30,2025-02-27 10:30:00+05:30,84180.65,7029083.98,85443.36,80392.52,85486.08,7138087.5,STOP_LOSS,0.01,85.29,0.000809,5686.05,-88.18,6.76,-94.94,-94.94,8529.08,8434.14
150,BTC/INR,1h,SHORT,2025-02-27 14:30:00+05:30,2025-02-28 00:30:00+05:30,85823.49,7166261.3,87110.84,81961.43,84542.92,7059334.0,INTRADAY_SQUAREOFF,0.01,84.34,0.000785,5622.76,83.9,6.59,77.31,77.31,8434.14,8511.45
151,BTC/INR,1h,SHORT,2025-02-28 06:30:00+05:30,2025-02-28 08:30:00+05:30,84167.45,7027982.07,85429.96,80379.91,80420.1,6715078.74,TARGET_HIT,0.01,85.11,0.000807,5674.3,252.63,6.55,246.09,246.09,8511.45,8757.54
152,BTC/INR,1h,LONG,2025-03-01 05:30:00+05:30,2025-03-02 00:30:00+05:30,84509.85,7056572.56,83242.2,88312.79,85221.28,7115977.06,INTRADAY_SQUAREOFF,0.01,87.58,0.000827,5838.36,49.15,6.92,42.23,42.23,8757.54,8799.77
153,BTC/INR,1h,LONG,2025-03-02 07:30:00+05:30,2025-03-02 21:30:00+05:30,86354.19,7210574.59,85058.87,90240.13,90195.01,7531282.93,TARGET_HIT,0.01,88.0,0.000814,5866.51,260.93,7.08,253.85,253.85,8799.77,9053.62
154,BTC/INR,1h,LONG,2025-03-03 02:30:00+05:30,2025-03-03 06:30:00+05:30,94468.95,7888156.93,93051.91,98720.05,93005.39,7765949.66,STOP_LOSS,0.01,90.54,0.000765,6035.75,-93.51,7.07,-100.58,-100.58,9053.62,8953.05
155,BTC/INR,1h,LONG,2025-03-03 16:30:00+05:30,2025-03-03 19:30:00+05:30,92539.64,7727059.72,91151.54,96703.92,91105.97,7607348.24,STOP_LOSS,0.01,89.53,0.000772,5968.7,-92.47,6.99,-99.46,-99.46,8953.05,8853.59
156,BTC/INR,1h,SHORT,2025-03-04 00:30:00+05:30,2025-03-04 06:30:00+05:30,86790.58,7247013.03,88092.43,82885.0,82926.44,6924357.89,TARGET_HIT,0.01,88.54,0.000814,5902.39,262.79,6.81,255.98,255.98,8853.59,9109.57
157,BTC/INR,1h,SHORT,2025-03-04 10:30:00+05:30,2025-03-04 22:30:00+05:30,83315.18,6956817.61,84564.91,79566.0,84607.19,7064700.46,STOP_LOSS,0.01,91.1,0.000873,6073.05,-94.18,7.22,-101.4,-101.4,9109.57,9008.17
158,BTC/INR,1h,LONG,2025-03-05 07:30:00+05:30,2025-03-06 00:30:00+05:30,87749.03,7327044.2,86432.8,91697.74,89695.94,7489611.16,INTRADAY_SQUAREOFF,0.01,90.08,0.00082,6005.45,133.24,7.17,126.08,126.08,9008.17,9134.25
159,BTC/INR,1h,LONG,2025-03-06 08:30:00+05:30,2025-03-06 17:30:00+05:30,92014.5,7683210.74,90634.28,96155.15,90588.97,7564178.6,STOP_LOSS,0.01,91.34,0.000793,6089.5,-94.34,7.13,-101.47,-101.47,9134.25,9032.78
160,BTC/INR,1h,SHORT,2025-03-07 06:30:00+05:30,2025-03-07 08:30:00+05:30,85117.0,7107269.36,86393.75,81286.73,86436.95,7217485.34,STOP_LOSS,0.01,90.33,0.000847,6021.85,-93.38,7.16,-100.54,-100.54,9032.78,8932.23
161,BTC/INR,1h,SHORT,2025-03-07 21:30:00+05:30,2025-03-08 00:30:00+05:30,88044.34,7351702.27,89365.0,84082.34,88833.22,7417574.08,INTRADAY_SQUAREOFF,0.01,89.32,0.00081,5954.82,-53.36,7.06,-60.41,-60.41,8932.23,8871.82
162,BTC/INR,1h,SHORT,2025-03-08 13:30:00+05:30,2025-03-09 00:30:00+05:30,86115.36,7190632.42,87407.09,82240.17,86070.04,7186848.09,INTRADAY_SQUAREOFF,0.01,88.72,0.000823,5914.55,3.11,6.98,-3.86,-3.86,8871.82,8867.95
163,BTC/INR,1h,SHORT,2025-03-09 08:30:00+05:30,2025-03-10 00:30:00+05:30,85952.41,7177026.11,87241.69,82084.55,82689.98,6904613.38,INTRADAY_SQUAREOFF,0.01,88.68,0.000824,5911.97,224.4,6.84,217.55,217.55,8867.95,9085.51
164,BTC/INR,1h,SHORT,2025-03-10 03:30:00+05:30,2025-03-10 14:30:00+05:30,81725.22,6824055.75,82951.1,78047.58,82992.57,6929879.79,STOP_LOSS,0.01,90.86,0.000888,6057.0,-93.93,7.2,-101.13,-101.13,9085.51,8984.37
165,BTC/INR,1h,SHORT,2025-03-10 22:30:00+05:30,2025-03-11 00:30:00+05:30,78933.37,6590936.64,80117.37,75381.37,77853.06,6500730.14,INTRADAY_SQUAREOFF,0.01,89.84,0.000909,5989.58,81.98,7.02,74.96,74.96,8984.37,9059.33
166,BTC/INR,1h,SHORT,2025-03-11 05:30:00+05:30,2025-03-11 09:30:00+05:30,78530.62,6557306.88,79708.58,74996.74,79748.43,6658994.31,STOP_LOSS,0.01,90.59,0.000921,6039.55,-93.66,7.18,-100.84,-100.84,9059.33,8958.49
167,BTC/INR,1h,LONG,2025-03-12 13:30:00+05:30,2025-03-12 20:30:00+05:30,82505.22,6889186.22,81267.65,86217.96,81227.01,6782455.5,STOP_LOSS,0.01,89.58,0.000867,5972.33,-92.53,6.99,-99.52,-99.52,8958.49,8858.97
168,BTC/INR,1h,LONG,2025-03-13 01:30:00+05:30,2025-03-13 18:30:00+05:30,83097.0,6938599.21,81850.54,86836.36,81809.62,6831102.96,STOP_LOSS,0.01,88.59,0.000851,5905.98,-91.5,6.92,-98.41,-98.41,8858.97,8760.56
169,BTC/INR,1h,LONG,2025-03-15 08:30:00+05:30,2025-03-16 00:30:00+05:30,84624.34,7066132.21,83354.97,88432.43,84175.11,7028621.7,INTRADAY_SQUAREOFF,0.01,87.61,0.000827,5840.37,-31.0,6.87,-37.88,-37.88,8760.56,8722.68
170,BTC/INR,1h,LONG,2025-03-16 09:30:00+05:30,2025-03-16 16:30:00+05:30,84387.47,7046353.71,83121.66,88184.91,83080.1,6937188.07,STOP_LOSS,0.01,87.23,0.000825,5815.12,-90.09,6.81,-96.9,-96.9,8722.68,8625.78
171,BTC/INR,1h,SHORT,2025-03-17 11:30:00+05:30,2025-03-17 23:30:00+05:30,83099.67,6938822.58,84346.17,79360.19,84388.34,7046426.37,STOP_LOSS,0.01,86.26,0.000829,5750.52,-89.18,6.84,-96.01,-96.01,8625.78,8529.77
172,BTC/INR,1h,SHORT,2025-03-18 23:30:00+05:30,2025-03-19 01:30:00+05:30,81339.08,6791813.48,82559.17,77678.82,82323.13,6873980.97,INTRADAY_SQUAREOFF,0.01,85.3,0.000837,5686.51,-68.8,6.75,-75.55,-75.55,8529.77,8454.22
173,BTC/INR,1h,LONG,2025-03-19 19:30:00+05:30,2025-03-20 00:30:00+05:30,84362.14,7044239.05,83096.71,88158.44,85640.78,7151004.74,INTRADAY_SQUAREOFF,0.01,84.54,0.0008,5636.15,85.42,6.7,78.72,78.72,8454.22,8532.94
174,BTC/INR,1h,LONG,2025-03-20 05:30:00+05:30,2025-03-20 07:30:00+05:30,87045.49,7268298.03,85739.8,90962.53,85696.93,7155693.92,STOP_LOSS,0.01,85.33,0.000783,5688.63,-88.13,6.66,-94.79,-94.79,8532.94,8438.15
175,BTC/INR,1h,LONG,2025-03-20 14:30:00+05:30,2025-03-20 20:30:00+05:30,86329.29,7208495.84,85034.35,90214.11,84991.83,7096818.22,STOP_LOSS,0.01,84.38,0.00078,5625.44,-87.15,6.59,-93.74,-93.74,8438.15,8344.41
176,BTC/INR,1h,SHORT,2025-03-21 04:30:00+05:30,2025-03-22 00:30:00+05:30,83948.37,7009689.06,85207.6,80170.7,84107.67,7022990.73,INTRADAY_SQUAREOFF,0.01,83.44,0.000794,5562.94,-10.56,6.57,-17.13,-17.13,8344.41,8327.29
177,BTC/INR,1h,SHORT,2025-03-22 05:30:00+05:30,2025-03-23 00:30:00+05:30,83981.25,7012434.06,85240.96,80202.09,84299.94,7039045.11,INTRADAY_SQUAREOFF,0.01,83.27,0.000792,5551.52,-21.07,6.56,-27.63,-27.63,8327.29,8299.66
178,BTC/INR,1h,LONG,2025-03-23 21:30:00+05:30,2025-03-24 00:30:00+05:30,85257.94,7119038.29,83979.07,89094.55,84936.32,7092182.33,INTRADAY_SQUAREOFF,0.01,83.0,0.000777,5533.1,-20.87,6.52,-27.39,-27.39,8299.66,8272.27
179,BTC/INR,1h,LONG,2025-03-24 09:30:00+05:30,2025-03-25 00:30:00+05:30,86581.46,7229552.28,85282.74,90477.63,88454.59,7385958.63,INTRADAY_SQUAREOFF,0.01,82.72,0.000763,5514.84,119.31,6.58,112.73,112.73,8272.27,8385.0
180,BTC/INR,1h,LONG,2025-03-25 06:30:00+05:30,2025-03-25 09:30:00+05:30,87713.25,7324056.27,86397.55,91660.34,86354.35,7210588.33,STOP_LOSS,0.01,83.85,0.000763,5590.0,-86.6,6.55,-93.15,-93.15,8385.0,8291.85
181,BTC/INR,1h,LONG,2025-03-26 01:30:00+05:30,2025-03-26 18:30:00+05:30,88316.4,7374419.55,86991.66,92290.64,86948.16,7260171.35,STOP_LOSS,0.01,82.92,0.00075,5527.9,-85.64,6.47,-92.11,-92.11,8291.85,8199.74
182,BTC/INR,1h,SHORT,2025-03-27 00:30:00+05:30,2025-03-27 06:30:00+05:30,86171.1,7195286.52,87463.66,82293.4,87507.39,7306867.42,STOP_LOSS,0.01,82.0,0.00076,5466.49,-84.77,6.5,-91.27,-91.27,8199.74,8108.47
183,BTC/INR,1h,SHORT,2025-03-27 11:30:00+05:30,2025-03-28 00:30:00+05:30,87257.26,7285980.86,88566.11,83330.68,87248.48,7285247.87,INTRADAY_SQUAREOFF,0.01,81.08,0.000742,5405.64,0.54,6.38,-5.83,-5.83,8108.47,8102.63
184,BTC/INR,1h,SHORT,2025-03-28 16:30:00+05:30,2025-03-29 00:30:00+05:30,84851.12,7085068.16,86123.88,81032.82,83867.54,7002939.41,INTRADAY_SQUAREOFF,0.01,81.03,0.000762,5401.75,62.62,6.34,56.28,56.28,8102.63,8158.91
185,BTC/INR,1h,SHORT,2025-03-29 15:30:00+05:30,2025-03-30 00:30:00+05:30,83348.4,6959591.29,84598.62,79597.72,82362.04,6877229.96,INTRADAY_SQUAREOFF,0.01,81.59,0.000782,5439.27,64.37,6.38,57.99,57.99,8158.91,8216.9
186,BTC/INR,1h,SHORT,2025-03-30 11:30:00+05:30,2025-03-31 00:30:00+05:30,82882.62,6920698.44,84125.86,79152.9,82728.85,6907859.11,INTRADAY_SQUAREOFF,0.01,82.17,0.000792,5477.93,10.16,6.46,3.7,3.7,8216.9,8220.6
187,BTC/INR,1h,SHORT,2025-03-31 09:30:00+05:30,2025-03-31 17:30:00+05:30,81453.24,6801345.32,82675.04,77787.84,82716.37,6906817.18,STOP_LOSS,0.01,82.21,0.000806,5480.4,-84.99,6.52,-91.5,-91.5,8220.6,8129.1
188,BTC/INR,1h,LONG,2025-04-01 20:30:00+05:30,2025-04-02 00:30:00+05:30,84263.83,7036029.77,82999.87,88055.7,85079.45,7104134.46,INTRADAY_SQUAREOFF,0.01,81.29,0.00077,5419.4,52.46,6.43,46.03,46.03,8129.1,8175.13
189,BTC/INR,1h,LONG,2025-04-02 02:30:00+05:30,2025-04-02 11:30:00+05:30,85333.86,7125377.67,84053.86,89173.89,84011.83,7014987.76,STOP_LOSS,0.01,81.75,0.000765,5450.09,-84.44,6.38,-90.82,-90.82,8175.13,8084.31
190,BTC/INR,1h,LONG,2025-04-02 18:30:00+05:30,2025-04-03 00:30:00+05:30,85059.04,7102429.8,83783.15,88886.7,86347.66,7210029.29,INTRADAY_SQUAREOFF,0.01,80.84,0.000759,5389.54,81.65,6.41,75.24,75.24,8084.31,8159.56
191,BTC/INR,1h,SHORT,2025-04-03 12:30:00+05:30,2025-04-04 00:30:00+05:30,82972.83,6928231.2,84217.42,79239.05,82094.91,6854924.96,INTRADAY_SQUAREOFF,0.01,81.6,0.000785,5439.7,57.56,6.38,51.17,51.17,8159.56,8210.73
192,BTC/INR,1h,LONG,2025-04-05 15:30:00+05:30,2025-04-05 18:30:00+05:30,83863.67,7002616.34,82605.71,87637.53,82564.41,6894128.3,STOP_LOSS,0.01,82.11,0.000782,5473.82,-84.8,6.41,-91.21,-91.21,8210.73,8119.51
193,BTC/INR,1h,SHORT,2025-04-06 01:30:00+05:30,2025-04-06 23:30:00+05:30,82710.54,6906329.93,83951.2,78988.56,79028.06,6598842.86,TARGET_HIT,0.01,81.2,0.000784,5413.01,241.0,6.25,234.76,234.76,8119.51,8354.27
194,BTC/INR,1h,SHORT,2025-04-07 02:30:00+05:30,2025-04-07 11:30:00+05:30,78594.12,6562609.09,79773.03,75057.39,75094.91,6270425.32,TARGET_HIT,0.01,83.54,0.000849,5569.51,247.97,6.43,241.54,241.54,8354.27,8595.81
195,BTC/INR,1h,LONG,2025-04-08 07:30:00+05:30,2025-04-08 10:30:00+05:30,80766.53,6744005.02,79555.03,84401.02,79515.25,6639523.52,STOP_LOSS,0.01,85.96,0.00085,5730.54,-88.78,6.71,-95.49,-95.49,8595.81,8500.32
196,BTC/INR,1h,LONG,2025-04-08 17:30:00+05:30,2025-04-08 19:30:00+05:30,80142.09,6691864.52,78939.96,83748.48,78900.49,6588190.81,STOP_LOSS,0.01,85.0,0.000847,5666.88,-87.79,6.64,-94.43,-94.43,8500.32,8405.89
197,BTC/INR,1h,SHORT,2025-04-09 05:30:00+05:30,2025-04-09 12:30:00+05:30,76215.33,6363979.75,77358.56,72785.64,77397.24,6462669.17,STOP_LOSS,0.01,84.06,0.000881,5603.93,-86.9,6.66,-93.57,-93.57,8405.89,8312.33
198,BTC/INR,1h,LONG,2025-04-10 02:30:00+05:30,2025-04-10 08:30:00+05:30,83231.63,6949841.45,81983.16,86977.06,81942.17,6842171.03,STOP_LOSS,0.01,83.12,0.000797,5541.55,-85.85,6.49,-92.34,-92.34,8312.33,8219.99
199,BTC/INR,1h,LONG,2025-04-10 15:30:00+05:30,2025-04-10 18:30:00+05:30,82053.59,6851474.95,80822.79,85746.0,80782.38,6745328.48,STOP_LOSS,0.01,82.2,0.0008,5479.99,-84.9,6.42,-91.32,-91.32,8219.99,8128.67
200,BTC/INR,1h,SHORT,2025-04-11 06:30:00+05:30,2025-04-11 08:30:00+05:30,78930.41,6590688.87,80114.36,75378.54,80154.42,6692893.98,STOP_LOSS,0.01,81.29,0.000822,5419.11,-84.04,6.44,-90.48,-90.48,8128.67,8038.19
201,BTC/INR,1h,LONG,2025-04-11 21:30:00+05:30,2025-04-12 00:30:00+05:30,82632.58,6899820.82,81393.1,86351.05,83534.19,6975104.75,INTRADAY_SQUAREOFF,0.01,80.38,0.000777,5358.79,58.47,6.36,52.11,52.11,8038.19,8090.3
202,BTC/INR,1h,LONG,2025-04-12 10:30:00+05:30,2025-04-13 00:30:00+05:30,83329.97,6958052.69,82080.02,87079.82,85110.35,7106713.84,INTRADAY_SQUAREOFF,0.01,80.9,0.000775,5393.53,115.23,6.43,108.8,108.8,8090.3,8199.1
203,BTC/INR,1h,LONG,2025-04-13 06:30:00+05:30,2025-04-13 13:30:00+05:30,85570.1,7145103.32,84286.55,89420.75,84244.4,7034407.8,STOP_LOSS,0.01,81.99,0.000765,5466.07,-84.68,6.4,-91.08,-91.08,8199.1,8108.02
204,BTC/INR,1h,SHORT,2025-04-14 02:30:00+05:30,2025-04-14 05:30:00+05:30,83205.45,6947655.46,84453.54,79461.21,84495.76,7055396.22,STOP_LOSS,0.01,81.08,0.000778,5405.35,-83.82,6.43,-90.25,-90.25,8108.02,8017.77
205,BTC/INR,1h,LONG,2025-04-15 18:30:00+05:30,2025-04-15 22:30:00+05:30,85839.23,7167575.4,84551.64,89701.99,84509.36,7056531.73,STOP_LOSS,0.01,80.18,0.000746,5345.18,-82.81,6.26,-89.07,-89.07,8017.77,7928.7
206,BTC/INR,1h,SHORT,2025-04-16 04:30:00+05:30,2025-04-16 20:30:00+05:30,83660.48,6985650.48,84915.39,79895.76,84957.85,7093980.45,STOP_LOSS,0.01,79.29,0.000757,5285.8,-81.97,6.29,-88.26,-88.26,7928.7,7840.45
207,BTC/INR,1h,LONG,2025-04-18 02:30:00+05:30,2025-04-19 00:30:00+05:30,85180.3,7112554.67,83902.59,89013.41,84563.41,7061044.57,INTRADAY_SQUAREOFF,0.01,78.4,0.000735,5226.96,-37.85,6.15,-44.0,-44.0,7840.45,7796.45
208,BTC/INR,1h,LONG,2025-04-19 07:30:00+05:30,2025-04-20 00:30:00+05:30,84613.47,7065224.35,83344.26,88421.07,85085.07,7104603.26,INTRADAY_SQUAREOFF,0.01,77.96,0.000736,5197.63,28.97,6.15,22.82,22.82,7796.45,7819.27
209,BTC/INR,1h,LONG,2025-04-21 05:30:00+05:30,2025-04-22 00:30:00+05:30,85283.57,7121178.4,84004.32,89121.33,86763.25,7244730.97,INTRADAY_SQUAREOFF,0.01,78.19,0.000732,5212.84,90.44,6.2,84.24,84.24,7819.27,7903.5
210,BTC/INR,1h,LONG,2025-04-22 05:30:00+05:30,2025-04-22 23:30:00+05:30,87611.13,7315529.14,86296.96,91553.63,91507.85,7640905.59,TARGET_HIT,0.01,79.04,0.00072,5269.0,234.35,6.36,228.0,228.0,7903.5,8131.5
211,BTC/INR,1h,LONG,2025-04-23 03:30:00+05:30,2025-04-23 20:30:00+05:30,93507.8,7807901.37,92105.18,97715.65,92059.13,7686937.46,STOP_LOSS,0.01,81.32,0.000694,5421.0,-83.98,6.35,-90.33,-90.33,8131.5,8041.17
212,BTC/INR,1h,LONG,2025-04-24 04:30:00+05:30,2025-04-24 09:30:00+05:30,93846.62,7836192.65,92438.92,98069.72,92392.7,7714790.44,STOP_LOSS,0.01,80.41,0.000684,5360.78,-83.05,6.28,-89.33,-89.33,8041.17,7951.84
213,BTC/INR,1h,LONG,2025-04-25 01:30:00+05:30,2025-04-26 00:30:00+05:30,93731.35,7826567.73,92325.38,97949.26,94971.43,7930114.24,INTRADAY_SQUAREOFF,0.01,79.52,0.000677,5301.23,70.14,6.3,63.84,63.84,7951.84,8015.68
214,BTC/INR,1h,LONG,2025-04-26 08:30:00+05:30,2025-04-27 00:30:00+05:30,95196.42,7948900.92,93768.47,99480.26,94161.49,7862484.37,INTRADAY_SQUAREOFF,0.01,80.16,0.000672,5343.79,-58.1,6.27,-64.37,-64.37,8015.68,7951.31
215,BTC/INR,1h,LONG,2025-04-27 06:30:00+05:30,2025-04-28 00:30:00+05:30,95055.87,7937165.26,93630.03,99333.39,94263.66,7871015.37,INTRADAY_SQUAREOFF,0.01,79.51,0.000668,5300.87,-44.18,6.23,-50.41,-50.41,7951.31,7900.9
216,BTC/INR,1h,SHORT,2025-04-28 05:30:00+05:30,2025-04-28 15:30:00+05:30,93681.8,7822430.28,95087.03,89466.12,95134.57,7943736.62,STOP_LOSS,0.01,79.01,0.000673,5267.27,-81.68,6.26,-87.95,-87.95,7900.9,7812.96
217,BTC/INR,1h,SHORT,2025-04-29 10:30:00+05:30,2025-04-30 00:30:00+05:30,94314.49,7875260.0,95729.21,90070.34,95481.19,7972678.99,INTRADAY_SQUAREOFF,0.01,78.13,0.000661,5208.64,-64.43,6.18,-70.62,-70.62,7812.96,7742.34
218,BTC/INR,1h,SHORT,2025-04-30 12:30:00+05:30,2025-05-01 00:30:00+05:30,94725.3,7909562.65,96146.18,90462.66,94185.58,7864496.34,INTRADAY_SQUAREOFF,0.01,77.42,0.000653,5161.56,29.41,6.07,23.34,23.34,7742.34,7765.68
219,BTC/INR,1h,SHORT,2025-05-01 04:30:00+05:30,2025-05-01 14:30:00+05:30,94058.39,7853875.78,95469.27,89825.76,95517.0,7975669.76,STOP_LOSS,0.01,77.66,0.000659,5177.12,-80.28,6.16,-86.44,-86.44,7765.68,7679.24
220,BTC/INR,1h,LONG,2025-05-01 18:30:00+05:30,2025-05-02 00:30:00+05:30,96504.15,8058096.51,95056.59,100846.84,96809.88,8083625.26,INTRADAY_SQUAREOFF,0.01,76.79,0.000635,5119.49,16.22,6.05,10.17,10.17,7679.24,7689.41
221,BTC/INR,1h,LONG,2025-05-02 06:30:00+05:30,2025-05-03 00:30:00+05:30,97102.62,8108068.84,95646.08,101472.24,97141.04,8111276.67,INTRADAY_SQUAREOFF,0.01,76.89,0.000632,5126.27,2.03,6.05,-4.02,-4.02,7689.41,7685.38
222,BTC/INR,1h,LONG,2025-05-03 05:30:00+05:30,2025-05-04 00:30:00+05:30,96966.24,8096681.05,95511.75,101329.72,96120.12,8026029.94,INTRADAY_SQUAREOFF,0.01,76.85,0.000633,5123.59,-44.71,6.02,-50.73,-50.73,7685.38,7634.66
223,BTC/INR,1h,SHORT,2025-05-04 22:30:00+05:30,2025-05-05 00:30:00+05:30,95279.63,7955848.72,96708.82,90992.04,95439.68,7969213.31,INTRADAY_SQUAREOFF,0.01,76.35,0.00064,5089.77,-8.55,6.01,-14.56,-14.56,7634.66,7620.1
224,BTC/INR,1h,SHORT,2025-05-05 05:30:00+05:30,2025-05-06 00:30:00+05:30,94163.22,7862628.47,95575.66,89925.87,94773.72,7913605.83,INTRADAY_SQUAREOFF,0.01,76.2,0.000646,5080.06,-32.94,6.01,-38.95,-38.95,7620.1,7581.15
225,BTC/INR,1h,LONG,2025-05-07 04:30:00+05:30,2025-05-08 00:30:00+05:30,96402.69,8049624.86,94956.65,100740.81,96548.83,8061827.66,INTRADAY_SQUAREOFF,0.01,75.81,0.000628,5054.1,7.66,5.97,1.69,1.69,7581.15,7582.84
226,BTC/INR,1h,LONG,2025-05-08 14:30:00+05:30,2025-05-09 00:30:00+05:30,99811.26,8334239.85,98314.09,104302.76,101301.26,8458655.34,INTRADAY_SQUAREOFF,0.01,75.83,0.000607,5055.23,75.47,6.01,69.46,69.46,7582.84,7652.29
227,BTC/INR,1h,LONG,2025-05-09 02:30:00+05:30,2025-05-10 00:30:00+05:30,102814.03,8584971.49,101271.82,107440.66,103165.12,8614287.37,INTRADAY_SQUAREOFF,0.01,76.52,0.000594,5101.53,17.42,6.03,11.39,11.39,7652.29,7663.69
228,BTC/INR,1h,LONG,2025-05-10 09:30:00+05:30,2025-05-11 00:30:00+05:30,103257.01,8621960.25,101708.15,107903.57,103203.73,8617511.6,INTRADAY_SQUAREOFF,0.01,76.64,0.000593,5109.12,-2.64,6.03,-8.66,-8.66,7663.69,7655.02
229,BTC/INR,1h,LONG,2025-05-11 03:30:00+05:30,2025-05-12 00:30:00+05:30,103835.33,8670249.99,102277.8,108507.92,104509.91,8726577.18,INTRADAY_SQUAREOFF,0.01,76.55,0.000589,5103.35,33.15,6.04,27.11,27.11,7655.02,7682.13
230,BTC/INR,1h,LONG,2025-05-12 06:30:00+05:30,2025-05-12 19:30:00+05:30,104697.56,8742246.01,103127.09,109408.95,103075.53,8606806.76,STOP_LOSS,0.01,76.82,0.000586,5121.42,-79.34,6.0,-85.34,-85.34,7682.13,7596.79
231,BTC/INR,1h,SHORT,2025-05-13 06:30:00+05:30,2025-05-13 16:30:00+05:30,102164.24,8530714.36,103696.71,97566.85,103748.56,8663004.42,STOP_LOSS,0.01,75.97,0.000594,5064.53,-78.54,6.02,-84.56,-84.56,7596.79,7512.23
232,BTC/INR,1h,LONG,2025-05-15 00:30:00+05:30,2025-05-15 12:30:00+05:30,103549.54,8646386.42,101996.29,108209.27,101945.3,8512432.28,STOP_LOSS,0.01,75.12,0.000579,5008.16,-77.59,5.86,-83.45,-83.45,7512.23,7428.78
233,BTC/INR,1h,LONG,2025-05-16 05:30:00+05:30,2025-05-17 00:30:00+05:30,103920.47,8677359.52,102361.67,108596.89,103680.77,8657344.0,INTRADAY_SQUAREOFF,0.01,74.29,0.000571,4952.52,-11.42,5.84,-17.26,-17.26,7428.78,7411.52
234,BTC/INR,1h,LONG,2025-05-17 09:30:00+05:30,2025-05-18 00:30:00+05:30,103593.1,8650023.75,102039.2,108254.79,102970.54,8598039.74,INTRADAY_SQUAREOFF,0.01,74.12,0.000571,4941.01,-29.69,5.81,-35.51,-35.51,7411.52,7376.01
235,BTC/INR,1h,LONG,2025-05-18 19:30:00+05:30,2025-05-19 00:30:00+05:30,104795.6,8750432.45,103223.66,109511.4,104445.91,8721233.25,INTRADAY_SQUAREOFF,0.01,73.76,0.000562,4917.34,-16.41,5.79,-22.2,-22.2,7376.01,7353.81
236,BTC/INR,1h,SHORT,2025-05-19 12:30:00+05:30,2025-05-19 19:30:00+05:30,102061.63,8522146.2,103592.56,97468.86,103644.35,8654303.38,STOP_LOSS,0.01,73.54,0.000575,4902.54,-76.03,5.83,-81.86,-81.86,7353.81,7271.96
237,BTC/INR,1h,LONG,2025-05-20 10:30:00+05:30,2025-05-20 18:30:00+05:30,106262.74,8872938.59,104668.8,111044.56,104616.46,8735474.59,STOP_LOSS,0.01,72.72,0.000546,4847.97,-75.11,5.68,-80.78,-80.78,7271.96,7191.17
238,BTC/INR,1h,LONG,2025-05-21 01:30:00+05:30,2025-05-22 00:30:00+05:30,107293.18,8958980.72,105683.78,112121.38,106953.75,8930638.47,INTRADAY_SQUAREOFF,0.01,71.91,0.000535,4794.11,-15.17,5.65,-20.81,-20.81,7191.17,7170.36
239,BTC/INR,1h,LONG,2025-05-22 18:30:00+05:30,2025-05-23 00:30:00+05:30,111622.86,9320508.95,109948.52,116645.89,111727.49,9329245.51,INTRADAY_SQUAREOFF,0.01,71.7,0.000513,4780.24,4.48,5.64,-1.16,-1.16,7170.36,7169.2
240,BTC/INR,1h,LONG,2025-05-23 05:30:00+05:30,2025-05-23 16:30:00+05:30,111755.84,9331612.82,110079.5,116784.86,110024.46,9187042.81,STOP_LOSS,0.01,71.69,0.000512,4779.46,-74.05,5.6,-79.64,-79.64,7169.2,7089.55
241,BTC/INR,1h,SHORT,2025-05-24 00:30:00+05:30,2025-05-25 00:30:00+05:30,108648.38,9072139.33,110278.1,103759.2,108879.94,9091474.67,INTRADAY_SQUAREOFF,0.01,70.9,0.000521,4726.37,-10.07,5.58,-15.66,-15.66,7089.55,7073.9
242,BTC/INR,1h,SHORT,2025-05-25 04:30:00+05:30,2025-05-26 00:30:00+05:30,108005.98,9018499.15,109626.07,103145.71,107499.57,8976214.47,INTRADAY_SQUAREOFF,0.01,70.74,0.000523,4715.93,22.11,5.55,16.56,16.56,7073.9,7090.46
243,BTC/INR,1h,LONG,2025-05-26 06:30:00+05:30,2025-05-27 00:30:00+05:30,109655.33,9156220.18,108010.5,114589.82,109059.44,9106463.49,INTRADAY_SQUAREOFF,0.01,70.9,0.000516,4726.97,-25.69,5.56,-31.25,-31.25,7090.46,7059.21
244,BTC/INR,1h,SHORT,2025-05-27 12:30:00+05:30,2025-05-27 18:30:00+05:30,108826.74,9087032.71,110459.14,103929.54,110514.37,9227949.87,STOP_LOSS,0.01,70.59,0.000518,4706.14,-72.98,5.6,-78.58,-78.58,7059.21,6980.63
245,BTC/INR,1h,SHORT,2025-05-28 12:30:00+05:30,2025-05-29 00:30:00+05:30,108645.54,9071902.65,110275.22,103756.49,107543.57,8979887.7,INTRADAY_SQUAREOFF,0.01,69.81,0.000513,4653.75,47.2,5.46,41.74,41.74,6980.63,7022.37
246,BTC/INR,1h,SHORT,2025-05-29 23:30:00+05:30,2025-05-30 01:30:00+05:30,106130.65,8861909.3,107722.61,101354.77,105783.33,8832908.39,INTRADAY_SQUAREOFF,0.01,70.22,0.000528,4681.58,15.32,5.52,9.81,9.81,7022.37,7032.17
247,BTC/INR,1h,SHORT,2025-05-30 04:30:00+05:30,2025-05-31 00:30:00+05:30,105895.3,8842257.49,107483.73,101130.01,104959.99,8764158.75,INTRADAY_SQUAREOFF,0.01,70.32,0.00053,4688.12,41.41,5.51,35.9,35.9,7032.17,7068.07
248,BTC/INR,1h,SHORT,2025-05-31 04:30:00+05:30,2025-06-01 00:30:00+05:30,104000.1,8684008.26,105560.1,99320.09,104584.38,8732796.0,INTRADAY_SQUAREOFF,0.01,70.68,0.000543,4712.05,-26.47,5.58,-32.05,-32.05,7068.07,7036.03
249,BTC/INR,1h,LONG,2025-06-01 10:30:00+05:30,2025-06-02 00:30:00+05:30,104789.63,8749934.46,103217.79,109505.17,104871.26,8756749.95,INTRADAY_SQUAREOFF,0.01,70.36,0.000536,4690.68,3.65,5.54,-1.88,-1.88,7036.03,7034.14
250,BTC/INR,1h,LONG,2025-06-02 03:30:00+05:30,2025-06-02 17:30:00+05:30,105564.9,8814669.53,103981.43,110315.33,103929.44,8678108.26,STOP_LOSS,0.01,70.34,0.000532,4689.43,-72.65,5.49,-78.14,-78.14,7034.14,6956.0
251,BTC/INR,1h,SHORT,2025-06-02 19:30:00+05:30,2025-06-03 00:30:00+05:30,103755.08,8663549.25,105311.41,99086.1,104428.95,8719817.01,INTRADAY_SQUAREOFF,0.01,69.56,0.000535,4637.33,-30.12,5.49,-35.61,-35.61,6956.0,6920.39
252,BTC/INR,1h,LONG,2025-06-03 19:30:00+05:30,2025-06-04 00:30:00+05:30,105717.28,8827392.67,104131.52,110474.56,106040.05,8854343.94,INTRADAY_SQUAREOFF,0.01,69.2,0.000523,4613.59,14.09,5.45,8.63,8.63,6920.39,6929.03
253,BTC/INR,1h,SHORT,2025-06-04 19:30:00+05:30,2025-06-05 00:30:00+05:30,104740.28,8745813.66,106311.39,100026.97,105053.56,8771971.86,INTRADAY_SQUAREOFF,0.01,69.29,0.000528,4619.35,-13.82,5.46,-19.28,-19.28,6929.03,6909.75
254,BTC/INR,1h,SHORT,2025-06-05 02:30:00+05:30,2025-06-06 00:30:00+05:30,104449.65,8721545.57,106016.39,99749.41,103090.73,8608076.0,INTRADAY_SQUAREOFF,0.01,69.1,0.000528,4606.5,59.93,5.4,54.53,54.53,6909.75,6964.28
255,BTC/INR,1h,LONG,2025-06-07 04:30:00+05:30,2025-06-08 00:30:00+05:30,104629.56,8736568.43,103060.12,109337.89,105596.61,8817317.17,INTRADAY_SQUAREOFF,0.01,69.64,0.000531,4642.85,42.91,5.5,37.41,37.41,6964.28,7001.69
256,BTC/INR,1h,LONG,2025-06-08 07:30:00+05:30,2025-06-09 00:30:00+05:30,105857.52,8839102.88,104269.66,110621.11,106308.71,8876777.26,INTRADAY_SQUAREOFF,0.01,70.02,0.000528,4667.79,19.9,5.52,14.38,14.38,7001.69,7016.07
257,BTC/INR,1h,LONG,2025-06-10 15:30:00+05:30,2025-06-11 00:30:00+05:30,109592.69,9150989.68,107948.8,114524.36,109257.44,9122996.05,INTRADAY_SQUAREOFF,0.01,70.16,0.000511,4677.38,-14.31,5.51,-19.82,-19.82,7016.07,6996.25
258,BTC/INR,1h,LONG,2025-06-11 05:30:00+05:30,2025-06-11 23:30:00+05:30,110327.41,9212338.7,108672.5,115292.14,108618.16,9069616.54,STOP_LOSS,0.01,69.96,0.000506,4664.16,-72.26,5.46,-77.72,-77.72,6996.25,6918.53
259,BTC/INR,1h,SHORT,2025-06-12 09:30:00+05:30,2025-06-13 00:30:00+05:30,107698.65,8992837.69,109314.13,102852.22,107625.46,8986725.72,INTRADAY_SQUAREOFF,0.01,69.19,0.000513,4612.35,3.13,5.44,-2.31,-2.31,6918.53,6916.22
260,BTC/INR,1h,SHORT,2025-06-13 05:30:00+05:30,2025-06-14 00:30:00+05:30,105677.09,8824036.86,107262.24,100921.62,105225.55,8786333.21,INTRADAY_SQUAREOFF,0.01,69.16,0.000523,4610.81,19.7,5.43,14.27,14.27,6916.22,6930.49
261,BTC/INR,1h,SHORT,2025-06-14 07:30:00+05:30,2025-06-15 00:30:00+05:30,105448.25,8804928.83,107029.97,100703.08,104993.53,8766959.36,INTRADAY_SQUAREOFF,0.01,69.3,0.000525,4620.33,19.92,5.44,14.48,14.48,6930.49,6944.98
262,BTC/INR,1h,LONG,2025-06-15 11:30:00+05:30,2025-06-16 00:30:00+05:30,106167.65,8864998.86,104575.14,110945.2,105468.84,8806648.2,INTRADAY_SQUAREOFF,0.01,69.45,0.000522,4629.98,-30.48,5.45,-35.92,-35.92,6944.98,6909.06
263,BTC/INR,1h,LONG,2025-06-16 10:30:00+05:30,2025-06-17 00:30:00+05:30,106454.4,8888942.71,104857.59,111244.85,108255.17,9039306.98,INTRADAY_SQUAREOFF,0.01,69.09,0.000518,4606.04,77.92,5.48,72.43,72.43,6909.06,6981.49
264,BTC/INR,1h,SHORT,2025-06-17 10:30:00+05:30,2025-06-18 00:30:00+05:30,107304.59,8959933.62,108914.16,102475.89,104483.73,8724391.57,INTRADAY_SQUAREOFF,0.01,69.81,0.000519,4654.33,122.35,5.42,116.93,116.93,6981.49,7098.42
265,BTC/INR,1h,SHORT,2025-06-18 02:30:00+05:30,2025-06-19 00:30:00+05:30,104303.13,8709311.11,105867.67,99609.49,103713.4,8660068.99,INTRADAY_SQUAREOFF,0.01,70.98,0.000543,4732.28,26.76,5.57,21.19,21.19,7098.42,7119.61
266,BTC/INR,1h,SHORT,2025-06-19 07:30:00+05:30,2025-06-20 00:30:00+05:30,104486.63,8724633.52,106053.93,99784.73,104470.63,8723297.7,INTRADAY_SQUAREOFF,0.01,71.2,0.000544,4746.41,0.73,5.6,-4.87,-4.87,7119.61,7114.74
267,BTC/INR,1h,SHORT,2025-06-20 10:30:00+05:30,2025-06-20 12:30:00+05:30,104205.07,8701123.72,105768.15,99515.85,105821.03,8836056.4,STOP_LOSS,0.01,71.15,0.000545,4743.16,-73.55,5.64,-79.19,-79.19,7114.74,7035.54
268,BTC/INR,1h,SHORT,2025-06-20 22:30:00+05:30,2025-06-21 00:30:00+05:30,103611.98,8651600.38,105166.16,98949.44,103230.61,8619755.53,INTRADAY_SQUAREOFF,0.01,70.36,0.000542,4690.36,17.26,5.52,11.74,11.74,7035.54,7047.28
269,BTC/INR,1h,SHORT,2025-06-21 04:30:00+05:30,2025-06-22 00:30:00+05:30,102968.81,8597895.65,104513.34,98335.21,102740.52,8578833.12,INTRADAY_SQUAREOFF,0.01,70.47,0.000546,4698.19,10.42,5.54,4.88,4.88,7047.28,7052.16
270,BTC/INR,1h,SHORT,2025-06-22 03:30:00+05:30,2025-06-22 05:30:00+05:30,101276.49,8456587.14,102795.64,96719.05,102847.04,8587727.66,STOP_LOSS,0.01,70.52,0.000556,4701.44,-72.91,5.59,-78.5,-78.5,7052.16,6973.66
271,BTC/INR,1h,SHORT,2025-06-22 15:30:00+05:30,2025-06-23 00:30:00+05:30,102121.09,8527110.66,103652.9,97525.64,99511.17,8309182.55,INTRADAY_SQUAREOFF,0.01,69.74,0.000545,4649.11,118.82,5.42,113.4,113.4,6973.66,7087.07
272,BTC/INR,1h,LONG,2025-06-24 07:30:00+05:30,2025-06-25 00:30:00+05:30,105592.46,8816970.19,104008.57,110344.12,105549.38,8813373.11,INTRADAY_SQUAREOFF,0.01,70.87,0.000536,4724.71,-1.93,5.57,-7.5,-7.5,7087.07,7079.56
273,BTC/INR,1h,LONG,2025-06-25 06:30:00+05:30,2025-06-26 00:30:00+05:30,106519.11,8894345.51,104921.32,111312.47,107387.83,8966884.13,INTRADAY_SQUAREOFF,0.01,70.8,0.000531,4719.71,38.49,5.59,32.9,32.9,7079.56,7112.46
274,BTC/INR,1h,LONG,2025-06-26 08:30:00+05:30,2025-06-27 00:30:00+05:30,108059.24,9022946.94,106438.36,112921.91,107358.58,8964441.67,INTRADAY_SQUAREOFF,0.01,71.12,0.000526,4741.64,-30.75,5.58,-36.32,-36.32,7112.46,7076.14
275,BTC/INR,1h,SHORT,2025-06-28 14:30:00+05:30,2025-06-29 00:30:00+05:30,107349.21,8963659.25,108959.45,102518.5,107408.83,8968637.62,INTRADAY_SQUAREOFF,0.01,70.76,0.000526,4717.43,-2.62,5.57,-8.19,-8.19,7076.14,7067.95
276,BTC/INR,1h,SHORT,2025-06-29 09:30:00+05:30,2025-06-30 00:30:00+05:30,107187.4,8950147.49,108795.21,102363.96,107717.14,8994380.88,INTRADAY_SQUAREOFF,0.01,70.68,0.000526,4711.97,-23.29,5.57,-28.86,-28.86,7067.95,7039.09
277,BTC/INR,1h,SHORT,2025-07-01 00:30:00+05:30,2025-07-02 00:30:00+05:30,107147.95,8946854.15,108755.17,102326.3,105859.78,8839291.5,INTRADAY_SQUAREOFF,0.01,70.39,0.000525,4692.73,56.42,5.5,50.91,50.91,7039.09,7090.01
278,BTC/INR,1h,LONG,2025-07-02 16:30:00+05:30,2025-07-03 00:30:00+05:30,107897.79,9009465.39,106279.32,112753.19,109529.04,9145674.52,INTRADAY_SQUAREOFF,0.01,70.9,0.000525,4726.67,71.46,5.62,65.84,65.84,7090.01,7155.85
279,BTC/INR,1h,LONG,2025-07-03 11:30:00+05:30,2025-07-04 00:30:00+05:30,109453.58,9139374.12,107811.78,114378.99,109632.73,9154333.32,INTRADAY_SQUAREOFF,0.01,71.56,0.000522,4770.56,7.81,5.63,2.17,2.17,7155.85,7158.02
280,BTC/INR,1h,SHORT,2025-07-05 00:30:00+05:30,2025-07-06 00:30:00+05:30,107463.78,8973225.65,109075.74,102627.91,108089.38,9025463.64,INTRADAY_SQUAREOFF,0.01,71.58,0.000532,4772.01,-27.78,5.65,-33.43,-33.43,7158.02,7124.59
281,BTC/INR,1h,SHORT,2025-07-06 15:30:00+05:30,2025-07-07 00:30:00+05:30,107836.65,9004360.15,109454.2,102984.0,108575.85,9066083.2,INTRADAY_SQUAREOFF,0.01,71.25,0.000527,4749.73,-32.56,5.62,-38.18,-38.18,7124.59,7086.41
282,BTC/INR,1h,LONG,2025-07-07 08:30:00+05:30,2025-07-07 22:30:00+05:30,109558.74,9148155.14,107915.36,114488.89,107861.41,9006427.35,STOP_LOSS,0.01,70.86,0.000516,4724.27,-73.19,5.53,-78.72,-78.72,7086.41,7007.69
283,BTC/INR,1h,SHORT,2025-07-08 07:30:00+05:30,2025-07-09 00:30:00+05:30,107688.99,8992030.49,109304.32,102842.98,109214.42,9119404.38,INTRADAY_SQUAREOFF,0.01,70.08,0.00052,4671.79,-66.18,5.55,-71.73,-71.73,7007.69,6935.96
284,BTC/INR,1h,LONG,2025-07-09 12:30:00+05:30,2025-07-10 00:30:00+05:30,108934.32,9096015.95,107300.31,113836.37,109508.88,9143991.67,INTRADAY_SQUAREOFF,0.01,69.36,0.000508,4623.97,24.39,5.47,18.92,18.92,6935.96,6954.88
285,BTC/INR,1h,LONG,2025-07-10 07:30:00+05:30,2025-07-11 00:30:00+05:30,111433.71,9304714.99,109762.21,116448.23,113434.96,9471818.93,INTRADAY_SQUAREOFF,0.01,69.55,0.000498,4636.59,83.27,5.52,77.75,77.75,6954.88,7032.63
286,BTC/INR,1h,LONG,2025-07-11 03:30:00+05:30,2025-07-12 00:30:00+05:30,116653.76,9740588.85,114903.95,121903.18,117659.88,9824600.22,INTRADAY_SQUAREOFF,0.01,70.33,0.000481,4688.42,40.44,5.56,34.88,34.88,7032.63,7067.51
287,BTC/INR,1h,LONG,2025-07-12 07:30:00+05:30,2025-07-13 00:30:00+05:30,117774.08,9834136.03,116007.47,123073.92,117453.71,9807385.0,INTRADAY_SQUAREOFF,0.01,70.68,0.000479,4711.67,-12.82,5.55,-18.37,-18.37,7067.51,7049.14
288,BTC/INR,1h,LONG,2025-07-14 00:30:00+05:30,2025-07-15 00:30:00+05:30,119120.35,9946549.29,117333.55,124480.77,119595.64,9986236.02,INTRADAY_SQUAREOFF,0.01,70.49,0.000472,4699.43,18.75,5.56,13.19,13.19,7049.14,7062.33
289,BTC/INR,1h,SHORT,2025-07-15 20:30:00+05:30,2025-07-15 22:30:00+05:30,115707.8,9661601.69,117443.42,110500.95,117502.14,9811428.98,STOP_LOSS,0.01,70.62,0.000487,4708.22,-73.01,5.6,-78.61,-78.61,7062.33,6983.72
290,BTC/INR,1h,SHORT,2025-07-16 01:30:00+05:30,2025-07-16 05:30:00+05:30,116293.5,9710507.57,118037.91,111060.3,118096.93,9861093.27,STOP_LOSS,0.01,69.84,0.000479,4655.81,-72.2,5.54,-77.74,-77.74,6983.72,6905.98
291,BTC/INR,1h,LONG,2025-07-17 02:30:00+05:30,2025-07-17 06:30:00+05:30,120006.0,10020500.7,118205.91,125406.27,118146.8,9865258.1,STOP_LOSS,0.01,69.06,0.000459,4603.99,-71.33,5.39,-76.72,-76.72,6905.98,6829.27
292,BTC/INR,1h,LONG,2025-07-17 10:30:00+05:30,2025-07-18 00:30:00+05:30,118576.08,9901102.57,116797.44,123912.0,119603.51,9986893.26,INTRADAY_SQUAREOFF,0.01,68.29,0.00046,4552.84,39.45,5.4,34.05,34.05,6829.27,6863.32
293,BTC/INR,1h,LONG,2025-07-18 10:30:00+05:30,2025-07-18 13:30:00+05:30,120613.47,10071224.9,118804.27,126041.08,118744.87,9915196.45,STOP_LOSS,0.01,68.63,0.000454,4575.55,-70.89,5.36,-76.24,-76.24,6863.32,6787.08
294,BTC/INR,1h,LONG,2025-07-18 18:30:00+05:30,2025-07-18 20:30:00+05:30,119625.97,9988768.54,117831.58,125009.14,117772.67,9834017.55,STOP_LOSS,0.01,67.87,0.000453,4524.72,-70.1,5.3,-75.4,-75.4,6787.08,6711.68
295,BTC/INR,1h,SHORT,2025-07-19 19:30:00+05:30,2025-07-20 00:30:00+05:30,118087.04,9860268.18,119858.35,112773.13,117972.14,9850673.38,INTRADAY_SQUAREOFF,0.01,67.12,0.000454,4474.45,4.35,5.28,-0.92,-0.92,6711.68,6710.76
296,BTC/INR,1h,SHORT,2025-07-20 15:30:00+05:30,2025-07-21 00:30:00+05:30,117960.54,9849705.5,119729.95,112652.32,118453.78,9890890.9,INTRADAY_SQUAREOFF,0.01,67.11,0.000454,4473.84,-18.71,5.29,-24.0,-24.0,6710.76,6686.76
297,BTC/INR,1h,LONG,2025-07-21 19:30:00+05:30,2025-07-21 23:30:00+05:30,119167.37,9950475.75,117379.86,124529.91,117321.17,9796318.0,STOP_LOSS,0.01,66.87,0.000448,4457.84,-69.06,5.22,-74.28,-74.28,6686.76,6612.48
298,BTC/INR,1h,SHORT,2025-07-22 06:30:00+05:30,2025-07-22 15:30:00+05:30,117050.27,9773697.85,118806.03,111783.01,118865.43,9925263.47,STOP_LOSS,0.01,66.12,0.000451,4408.32,-68.36,5.24,-73.6,-73.6,6612.48,6538.87
299,BTC/INR,1h,LONG,2025-07-23 17:30:00+05:30,2025-07-24 00:30:00+05:30,118742.49,9914997.92,116961.35,124085.9,118350.85,9882295.95,INTRADAY_SQUAREOFF,0.01,65.39,0.00044,4359.25,-14.38,5.14,-19.51,-19.51,6538.87,6519.36
300,BTC/INR,1h,SHORT,2025-07-25 18:30:00+05:30,2025-07-26 00:30:00+05:30,115943.19,9681256.11,117682.33,110725.74,116531.35,9730368.04,INTRADAY_SQUAREOFF,0.01,65.19,0.000449,4346.24,-22.05,5.14,-27.19,-27.19,6519.36,6492.17
301,BTC/INR,1h,LONG,2025-07-27 01:30:00+05:30,2025-07-28 00:30:00+05:30,118384.15,9885076.26,116608.38,123711.43,118984.03,9935166.1,INTRADAY_SQUAREOFF,0.01,64.92,0.000438,4328.11,21.93,5.12,16.81,16.81,6492.17,6508.98
302,BTC/INR,1h,LONG,2025-07-28 03:30:00+05:30,2025-07-28 23:30:00+05:30,119359.82,9966545.13,117569.42,124731.01,117510.64,9812138.43,STOP_LOSS,0.01,65.09,0.000435,4339.32,-67.23,5.08,-72.31,-72.31,6508.98,6436.67
303,BTC/INR,1h,SHORT,2025-07-29 04:30:00+05:30,2025-07-30 00:30:00+05:30,117732.11,9830631.38,119498.09,112434.17,117634.72,9822498.92,INTRADAY_SQUAREOFF,0.01,64.37,0.000437,4291.12,3.55,5.06,-1.51,-1.51,6436.67,6435.16
304,BTC/INR,1h,SHORT,2025-07-30 17:30:00+05:30,2025-07-31 00:30:00+05:30,117415.41,9804186.85,119176.64,112131.72,116463.83,9724729.62,INTRADAY_SQUAREOFF,0.01,64.35,0.000438,4290.11,34.77,5.04,29.73,29.73,6435.16,6464.89
305,BTC/INR,1h,SHORT,2025-08-01 12:30:00+05:30,2025-08-02 00:30:00+05:30,115004.03,9602836.65,116729.09,109828.85,113891.43,9509933.99,INTRADAY_SQUAREOFF,0.01,64.65,0.000449,4309.93,41.7,5.06,36.64,36.64,6464.89,6501.52
306,BTC/INR,1h,SHORT,2025-08-02 23:30:00+05:30,2025-08-03 01:30:00+05:30,112517.58,9395217.95,114205.34,107454.29,112272.26,9374734.07,INTRADAY_SQUAREOFF,0.01,65.02,0.000461,4334.35,9.45,5.11,4.34,4.34,6501.52,6505.86
307,BTC/INR,1h,LONG,2025-08-04 06:30:00+05:30,2025-08-05 00:30:00+05:30,114985.94,9601326.06,113261.15,120160.31,114885.11,9592906.42,INTRADAY_SQUAREOFF,0.01,65.06,0.000452,4337.24,-3.8,5.12,-8.92,-8.92,6505.86,6496.95
308,BTC/INR,1h,LONG,2025-08-05 03:30:00+05:30,2025-08-05 19:30:00+05:30,115320.67,9629275.99,113590.86,120510.1,113534.07,9480094.44,STOP_LOSS,0.01,64.97,0.00045,4331.3,-67.1,5.07,-72.17,-72.17,6496.95,6424.77
309,BTC/INR,1h,SHORT,2025-08-06 06:30:00+05:30,2025-08-06 20:30:00+05:30,113719.1,9495544.55,115424.88,108601.74,115482.6,9642796.71,STOP_LOSS,0.01,64.25,0.000451,4283.18,-66.42,5.09,-71.51,-71.51,6424.77,6353.26
310,BTC/INR,1h,LONG,2025-08-06 23:30:00+05:30,2025-08-07 01:30:00+05:30,115633.67,9655411.51,113899.17,120837.19,115221.96,9621033.81,INTRADAY_SQUAREOFF,0.01,63.53,0.000439,4235.5,-15.08,4.99,-20.07,-20.07,6353.26,6333.19
311,BTC/INR,1h,LONG,2025-08-07 19:30:00+05:30,2025-08-08 00:30:00+05:30,116788.07,9751803.68,115036.25,122043.53,116532.17,9730435.84,INTRADAY_SQUAREOFF,0.01,63.33,0.000433,4222.13,-9.25,4.98,-14.23,-14.23,6333.19,6318.96
312,BTC/INR,1h,LONG,2025-08-08 04:30:00+05:30,2025-08-08 20:30:00+05:30,117711.24,9828888.56,115945.57,123008.25,115887.6,9676614.51,STOP_LOSS,0.01,63.19,0.000429,4212.64,-65.26,4.93,-70.2,-70.2,6318.96,6248.76
313,BTC/INR,1h,LONG,2025-08-08 23:30:00+05:30,2025-08-09 01:30:00+05:30,116863.79,9758126.74,115110.84,122122.66,116402.85,9719637.77,INTRADAY_SQUAREOFF,0.01,62.49,0.000427,4165.84,-16.43,4.91,-21.34,-21.34,6248.76,6227.43
314,BTC/INR,1h,LONG,2025-08-09 14:30:00+05:30,2025-08-10 00:30:00+05:30,117227.98,9788536.59,115469.56,122503.24,116599.83,9736086.22,INTRADAY_SQUAREOFF,0.01,62.27,0.000424,4151.62,-22.25,4.89,-27.13,-27.13,6227.43,6200.29
315,BTC/INR,1h,LONG,2025-08-10 14:30:00+05:30,2025-08-11 00:30:00+05:30,118438.55,9889618.85,116661.97,123768.28,118491.9,9894073.34,INTRADAY_SQUAREOFF,0.01,62.0,0.000418,4133.53,1.86,4.88,-3.02,-3.02,6200.29,6197.28
316,BTC/INR,1h,LONG,2025-08-11 04:30:00+05:30,2025-08-12 00:30:00+05:30,119301.77,9961697.75,117512.24,124670.35,119705.8,9995434.69,INTRADAY_SQUAREOFF,0.01,61.97,0.000415,4131.52,13.99,4.88,9.11,9.11,6197.28,6206.39
317,BTC/INR,1h,SHORT,2025-08-12 09:30:00+05:30,2025-08-13 00:30:00+05:30,118756.82,9916194.34,120538.17,113412.76,119389.8,9969048.12,INTRADAY_SQUAREOFF,0.01,62.06,0.000417,4137.59,-22.05,4.9,-26.95,-26.95,6206.39,6179.44
318,BTC/INR,1h,LONG,2025-08-13 05:30:00+05:30,2025-08-14 00:30:00+05:30,120284.41,10043748.15,118480.14,125697.21,121532.53,10147966.38,INTRADAY_SQUAREOFF,0.01,61.79,0.00041,4119.62,42.75,4.89,37.86,37.86,6179.44,6217.3
319,BTC/INR,1h,SHORT,2025-08-15 15:30:00+05:30,2025-08-16 00:30:00+05:30,118647.82,9907092.83,120427.54,113308.67,117228.26,9788560.09,INTRADAY_SQUAREOFF,0.01,62.17,0.000418,4144.86,49.59,4.86,44.73,44.73,6217.3,6262.03
320,BTC/INR,1h,SHORT,2025-08-16 08:30:00+05:30,2025-08-17 00:30:00+05:30,117509.36,9812031.27,119272.0,112221.44,117821.9,9838128.41,INTRADAY_SQUAREOFF,0.01,62.62,0.000425,4174.68,-11.1,4.93,-16.04,-16.04,6262.03,6245.99
321,BTC/INR,1h,SHORT,2025-08-17 03:30:00+05:30,2025-08-18 00:30:00+05:30,117485.69,9810055.01,119247.97,112198.83,117667.22,9825212.73,INTRADAY_SQUAREOFF,0.01,62.46,0.000424,4163.99,-6.43,4.92,-11.35,-11.35,6245.99,6234.64
322,BTC/INR,1h,SHORT,2025-08-19 19:30:00+05:30,2025-08-20 00:30:00+05:30,114933.81,9596973.05,116657.82,109761.79,113104.4,9444217.31,INTRADAY_SQUAREOFF,0.01,62.35,0.000433,4156.43,66.16,4.87,61.29,61.29,6234.64,6295.93
323,BTC/INR,1h,SHORT,2025-08-20 05:30:00+05:30,2025-08-21 00:30:00+05:30,112701.68,9410590.57,114392.21,107630.11,113547.4,9481208.03,INTRADAY_SQUAREOFF,0.01,62.96,0.000446,4197.29,-31.5,4.97,-36.47,-36.47,6295.93,6259.46
324,BTC/INR,1h,SHORT,2025-08-22 01:30:00+05:30,2025-08-22 19:30:00+05:30,111942.24,9347177.3,113621.38,106904.84,113678.19,9492128.65,STOP_LOSS,0.01,62.59,0.000446,4172.98,-64.71,4.96,-69.67,-69.67,6259.46,6189.79
325,BTC/INR,1h,LONG,2025-08-22 23:30:00+05:30,2025-08-23 01:30:00+05:30,117049.78,9773657.02,115294.04,122317.03,116567.78,9733409.69,INTRADAY_SQUAREOFF,0.01,61.9,0.000422,4126.53,-16.99,4.86,-21.85,-21.85,6189.79,6167.94
326,BTC/INR,1h,SHORT,2025-08-24 08:30:00+05:30,2025-08-25 00:30:00+05:30,114952.94,9598570.5,116677.23,109780.06,114657.72,9573919.79,INTRADAY_SQUAREOFF,0.01,61.68,0.000428,4111.96,10.56,4.85,5.71,5.71,6167.94,6173.65
327,BTC/INR,1h,SHORT,2025-08-25 11:30:00+05:30,2025-08-26 00:30:00+05:30,112286.94,9375959.31,113971.24,107234.03,112454.03,9389911.91,INTRADAY_SQUAREOFF,0.01,61.74,0.000439,4115.77,-6.12,4.86,-10.98,-10.98,6173.65,6162.67
328,BTC/INR,1h,SHORT,2025-08-26 06:30:00+05:30,2025-08-26 17:30:00+05:30,108973.07,9099251.52,110607.67,104069.28,110662.97,9240358.17,STOP_LOSS,0.01,61.63,0.000452,4108.44,-63.71,4.89,-68.6,-68.6,6162.67,6094.07
329,BTC/INR,1h,SHORT,2025-08-26 21:30:00+05:30,2025-08-27 00:30:00+05:30,109533.31,9146031.18,111176.31,104604.31,110756.25,9248146.78,INTRADAY_SQUAREOFF,0.01,60.94,0.000444,4062.71,-45.36,4.82,-50.18,-50.18,6094.07,6043.89
330,BTC/INR,1h,LONG,2025-08-27 17:30:00+05:30,2025-08-28 00:30:00+05:30,111424.68,9303960.5,109753.31,116438.79,111934.52,9346532.45,INTRADAY_SQUAREOFF,0.01,60.44,0.000433,4029.26,18.44,4.77,13.67,13.67,6043.89,6057.56
331,BTC/INR,1h,LONG,2025-08-28 07:30:00+05:30,2025-08-29 00:30:00+05:30,111729.6,9329421.81,110053.66,116757.43,112332.38,9379754.05,INTRADAY_SQUAREOFF,0.01,60.58,0.000433,4038.37,21.79,4.78,17.01,17.01,6057.56,6074.57
332,BTC/INR,1h,LONG,2025-08-29 04:30:00+05:30,2025-08-29 12:30:00+05:30,112505.86,9394239.11,110818.27,117568.62,110762.86,9248698.86,STOP_LOSS,0.01,60.75,0.000431,4049.71,-62.74,4.74,-67.48,-67.48,6074.57,6007.09
333,BTC/INR,1h,SHORT,2025-08-29 19:30:00+05:30,2025-08-30 00:30:00+05:30,108978.6,9099713.15,110613.28,104074.56,108210.84,9035605.47,INTRADAY_SQUAREOFF,0.01,60.07,0.00044,4004.72,28.21,4.71,23.5,23.5,6007.09,6030.59
334,BTC/INR,1h,SHORT,2025-08-30 07:30:00+05:30,2025-08-31 00:30:00+05:30,107428.23,8970257.02,109039.65,102593.96,108797.48,9084589.66,INTRADAY_SQUAREOFF,0.01,60.31,0.000448,4020.39,-51.24,4.77,-56.02,-56.02,6030.59,5974.57
335,BTC/INR,1h,SHORT,2025-08-31 02:30:00+05:30,2025-09-01 00:30:00+05:30,108569.2,9065528.52,110197.74,103683.59,109204.74,9118595.72,INTRADAY_SQUAREOFF,0.01,59.75,0.000439,3983.05,-23.32,4.71,-28.03,-28.03,5974.57,5946.54
336,BTC/INR,1h,SHORT,2025-09-01 04:30:00+05:30,2025-09-02 00:30:00+05:30,108720.99,9078202.44,110351.8,103828.54,109287.31,9125490.52,INTRADAY_SQUAREOFF,0.01,59.47,0.000437,3964.36,-20.65,4.69,-25.34,-25.34,5946.54,5921.2
337,BTC/INR,1h,LONG,2025-09-02 19:30:00+05:30,2025-09-03 00:30:00+05:30,111314.82,9294787.88,109645.1,116323.99,110611.62,9236070.24,INTRADAY_SQUAREOFF,0.01,59.21,0.000425,3947.47,-24.94,4.64,-29.58,-29.58,5921.2,5891.62
338,BTC/INR,1h,LONG,2025-09-03 08:30:00+05:30,2025-09-04 00:30:00+05:30,111510.68,9311141.83,109838.02,116528.66,111972.93,9349739.73,INTRADAY_SQUAREOFF,0.01,58.92,0.000422,3927.75,16.28,4.64,11.64,11.64,5891.62,5903.26
339,BTC/INR,1h,LONG,2025-09-04 06:30:00+05:30,2025-09-04 11:30:00+05:30,112249.68,9372848.51,110565.94,117300.92,110510.65,9227639.65,STOP_LOSS,0.01,59.03,0.00042,3935.51,-60.97,4.61,-65.58,-65.58,5903.26,5837.68
340,BTC/INR,1h,LONG,2025-09-05 07:30:00+05:30,2025-09-06 00:30:00+05:30,111161.99,9282026.23,109494.56,116164.28,111152.29,9281215.94,INTRADAY_SQUAREOFF,0.01,58.38,0.000419,3891.79,-0.34,4.59,-4.93,-4.93,5837.68,5832.75
341,BTC/INR,1h,SHORT,2025-09-06 03:30:00+05:30,2025-09-07 00:30:00+05:30,110553.32,9231202.28,112211.62,105578.42,110300.61,9210101.35,INTRADAY_SQUAREOFF,0.01,58.33,0.000421,3888.5,8.89,4.58,4.31,4.31,5832.75,5837.06
342,BTC/INR,1h,SHORT,2025-09-07 12:30:00+05:30,2025-09-08 00:30:00+05:30,110455.62,9223044.23,112112.45,105485.12,111099.53,9276810.74,INTRADAY_SQUAREOFF,0.01,58.37,0.000422,3891.37,-22.69,4.61,-27.29,-27.29,5837.06,5809.77
343,BTC/INR,1h,LONG,2025-09-08 20:30:00+05:30,2025-09-09 00:30:00+05:30,112780.98,9417211.79,111089.26,117856.12,112413.38,9386517.43,INTRADAY_SQUAREOFF,0.01,58.1,0.000411,3873.18,-12.62,4.56,-17.19,-17.19,5809.77,5792.58
344,BTC/INR,1h,LONG,2025-09-09 03:30:00+05:30,2025-09-10 00:30:00+05:30,112377.02,9383481.15,110691.36,117433.99,111111.65,9277822.84,INTRADAY_SQUAREOFF,0.01,57.93,0.000412,3861.72,-43.48,4.53,-48.01,-48.01,5792.58,5744.56
345,BTC/INR,1h,SHORT,2025-09-10 06:30:00+05:30,2025-09-10 13:30:00+05:30,110935.25,9263093.11,112599.28,105943.16,112655.58,9406740.53,STOP_LOSS,0.01,57.45,0.000413,3829.71,-59.39,4.55,-63.94,-63.94,5744.56,5680.62
346,BTC/INR,1h,LONG,2025-09-10 18:30:00+05:30,2025-09-11 00:30:00+05:30,113522.1,9479095.34,111819.27,118630.59,113573.97,9483426.8,INTRADAY_SQUAREOFF,0.01,56.81,0.0004,3787.08,1.73,4.47,-2.74,-2.74,5680.62,5677.88
347,BTC/INR,1h,LONG,2025-09-11 03:30:00+05:30,2025-09-12 00:30:00+05:30,113902.17,9510831.41,112193.64,119027.77,114266.5,9541252.94,INTRADAY_SQUAREOFF,0.01,56.78,0.000398,3785.25,12.11,4.47,7.63,7.63,5677.88,5685.52
348,BTC/INR,1h,LONG,2025-09-12 03:30:00+05:30,2025-09-13 00:30:00+05:30,114595.62,9568734.33,112876.69,119752.42,116460.11,9724419.02,INTRADAY_SQUAREOFF,0.01,56.86,0.000396,3790.34,61.67,4.51,57.16,57.16,5685.52,5742.68
349,BTC/INR,1h,LONG,2025-09-13 06:30:00+05:30,2025-09-14 00:30:00+05:30,116382.87,9717969.92,114637.13,121620.1,115620.94,9654348.65,INTRADAY_SQUAREOFF,0.01,57.43,0.000394,3828.45,-25.06,4.5,-29.57,-29.57,5742.68,5713.11
350,BTC/INR,1h,SHORT,2025-09-15 00:30:00+05:30,2025-09-16 00:30:00+05:30,115366.93,9633138.51,117097.43,110175.42,115370.72,9633455.04,INTRADAY_SQUAREOFF,0.01,57.13,0.000395,3808.74,-0.13,4.49,-4.62,-4.62,5713.11,5708.49
351,BTC/INR,1h,SHORT,2025-09-16 06:30:00+05:30,2025-09-16 22:30:00+05:30,114955.79,9598808.48,116680.13,109782.78,116738.47,9747662.01,STOP_LOSS,0.01,57.08,0.000396,3805.66,-59.02,4.53,-63.54,-63.54,5708.49,5644.95
352,BTC/INR,1h,LONG,2025-09-17 01:30:00+05:30,2025-09-17 23:30:00+05:30,116900.65,9761204.08,115147.14,122161.18,115089.56,9609978.63,STOP_LOSS,0.01,56.45,0.000386,3763.3,-58.3,4.41,-62.71,-62.71,5644.95,5582.24
353,BTC/INR,1h,LONG,2025-09-18 15:30:00+05:30,2025-09-19 00:30:00+05:30,117409.82,9803720.3,115648.68,122693.27,117799.34,9836244.6,INTRADAY_SQUAREOFF,0.01,55.82,0.00038,3721.49,12.35,4.4,7.95,7.95,5582.24,5590.19
354,BTC/INR,1h,LONG,2025-09-19 06:30:00+05:30,2025-09-19 20:30:00+05:30,117502.04,9811420.5,115739.51,122789.63,115681.64,9659417.07,STOP_LOSS,0.01,55.9,0.00038,3726.79,-57.74,4.36,-62.1,-62.1,5590.19,5528.09
355,BTC/INR,1h,SHORT,2025-09-20 00:30:00+05:30,2025-09-21 00:30:00+05:30,115385.23,9634666.84,117116.01,110192.9,115841.37,9672754.25,INTRADAY_SQUAREOFF,0.01,55.28,0.000383,3685.39,-14.57,4.36,-18.93,-18.93,5528.09,5509.16
356,BTC/INR,1h,SHORT,2025-09-21 14:30:00+05:30,2025-09-22 00:30:00+05:30,115585.98,9651429.56,117319.77,110384.61,115644.49,9656314.8,INTRADAY_SQUAREOFF,0.01,55.09,0.000381,3672.77,-1.86,4.33,-6.19,-6.19,5509.16,5502.96
357,BTC/INR,1h,SHORT,2025-09-22 05:30:00+05:30,2025-09-23 00:30:00+05:30,115210.23,9620054.48,116938.39,110025.77,112583.77,9400744.93,INTRADAY_SQUAREOFF,0.01,55.03,0.000381,3668.64,83.63,4.28,79.35,79.35,5502.96,5582.32
358,BTC/INR,1h,SHORT,2025-09-23 06:30:00+05:30,2025-09-24 00:30:00+05:30,112444.72,9389133.98,114131.39,107384.71,111856.33,9340003.55,INTRADAY_SQUAREOFF,0.01,55.82,0.000396,3721.55,19.47,4.38,15.09,15.09,5582.32,5597.41
359,BTC/INR,1h,SHORT,2025-09-24 09:30:00+05:30,2025-09-24 19:30:00+05:30,111699.22,9326885.2,113374.71,106672.76,113431.4,9471521.88,STOP_LOSS,0.01,55.97,0.0004,3731.61,-57.87,4.44,-62.31,-62.31,5597.41,5535.11
360,BTC/INR,1h,SHORT,2025-09-25 17:30:00+05:30,2025-09-26 00:30:00+05:30,111322.59,9295436.44,112992.43,106313.08,109966.56,9182207.54,INTRADAY_SQUAREOFF,0.01,55.35,0.000397,3690.07,44.95,4.33,40.62,40.62,5535.11,5575.73
361,BTC/INR,1h,SHORT,2025-09-26 05:30:00+05:30,2025-09-27 00:30:00+05:30,108893.63,9092617.9,110527.03,103993.41,109852.43,9172677.91,INTRADAY_SQUAREOFF,0.01,55.76,0.000409,3717.15,-32.73,4.41,-37.13,-37.13,5575.73,5538.59
362,BTC/INR,1h,SHORT,2025-09-27 07:30:00+05:30,2025-09-28 00:30:00+05:30,109363.99,9131892.83,111004.45,104442.61,109517.61,9144720.79,INTRADAY_SQUAREOFF,0.01,55.39,0.000404,3692.4,-5.19,4.36,-9.55,-9.55,5538.59,5529.05
363,BTC/INR,1h,SHORT,2025-09-28 07:30:00+05:30,2025-09-29 00:30:00+05:30,109354.05,9131062.81,110994.36,104433.11,110357.05,9214813.62,INTRADAY_SQUAREOFF,0.01,55.29,0.000404,3686.03,-33.81,4.37,-38.18,-38.18,5529.05,5490.87
364,BTC/INR,1h,LONG,2025-09-29 04:30:00+05:30,2025-09-30 00:30:00+05:30,112069.06,9357766.61,110388.03,117112.17,114031.0,9521588.09,INTRADAY_SQUAREOFF,0.01,54.91,0.000391,3660.58,64.08,4.36,59.73,59.73,5490.87,5550.6
365,BTC/INR,1h,LONG,2025-09-30 05:30:00+05:30,2025-09-30 15:30:00+05:30,114462.38,9557608.92,112745.45,119613.19,112689.07,9409537.66,STOP_LOSS,0.01,55.51,0.000387,3700.4,-57.33,4.33,-61.66,-61.66,5550.6,5488.94
366,BTC/INR,1h,SHORT,2025-09-30 22:30:00+05:30,2025-10-01 00:30:00+05:30,112760.79,9415525.69,114452.2,107686.55,114509.42,9561536.96,STOP_LOSS,0.01,54.89,0.000389,3659.29,-56.75,4.35,-61.1,-61.1,5488.94,5427.84
367,BTC/INR,1h,LONG,2025-10-01 07:30:00+05:30,2025-10-02 00:30:00+05:30,114583.63,9567733.14,112864.88,119739.89,117221.13,9787964.0,INTRADAY_SQUAREOFF,0.01,54.28,0.000378,3618.56,83.29,4.32,78.97,78.97,5427.84,5506.81
368,BTC/INR,1h,LONG,2025-10-02 05:30:00+05:30,2025-10-03 00:30:00+05:30,118711.71,9912427.7,116931.03,124053.74,120514.1,10062926.98,INTRADAY_SQUAREOFF,0.01,55.07,0.00037,3671.21,55.74,4.36,51.37,51.37,5506.81,5558.19
369,BTC/INR,1h,LONG,2025-10-03 15:30:00+05:30,2025-10-04 00:30:00+05:30,120471.58,10059376.99,118664.51,125892.8,122537.11,10231848.44,INTRADAY_SQUAREOFF,0.01,55.58,0.000368,3705.46,63.53,4.41,59.12,59.12,5558.19,5617.31
370,BTC/INR,1h,LONG,2025-10-04 09:30:00+05:30,2025-10-05 00:30:00+05:30,122405.77,10220881.46,120569.68,127914.03,121593.48,10153055.37,INTRADAY_SQUAREOFF,0.01,56.17,0.000366,3744.87,-24.85,4.4,-29.26,-29.26,5617.31,5588.05
371,BTC/INR,1h,LONG,2025-10-05 05:30:00+05:30,2025-10-06 00:30:00+05:30,122504.94,10229162.54,120667.37,128017.66,122976.84,10268566.16,INTRADAY_SQUAREOFF,0.01,55.88,0.000364,3725.37,14.35,4.4,9.95,9.95,5588.05,5598.0
372,BTC/INR,1h,LONG,2025-10-06 22:30:00+05:30,2025-10-07 00:30:00+05:30,125553.1,10483683.58,123669.8,131202.99,126006.19,10521517.03,INTRADAY_SQUAREOFF,0.01,55.98,0.000356,3732.0,13.47,4.41,9.06,9.06,5598.0,5607.05
373,BTC/INR,1h,LONG,2025-10-07 10:30:00+05:30,2025-10-07 19:30:00+05:30,124696.02,10412117.67,122825.58,130307.34,122764.17,10250807.94,STOP_LOSS,0.01,56.07,0.000359,3738.04,-57.91,4.38,-62.29,-62.29,5607.05,5544.77
374,BTC/INR,1h,SHORT,2025-10-08 05:30:00+05:30,2025-10-08 16:30:00+05:30,121348.18,10132572.89,123168.4,115887.51,123229.99,10289703.77,STOP_LOSS,0.01,55.45,0.000365,3696.51,-57.32,4.4,-61.72,-61.72,5544.77,5483.05
375,BTC/INR,1h,SHORT,2025-10-10 08:30:00+05:30,2025-10-11 00:30:00+05:30,120985.09,10102254.73,122799.86,115540.76,117323.87,9796542.89,INTRADAY_SQUAREOFF,0.01,54.83,0.000362,3655.36,110.62,4.25,106.37,106.37,5483.05,5589.42
376,BTC/INR,1h,SHORT,2025-10-11 07:30:00+05:30,2025-10-11 09:30:00+05:30,111170.93,9282772.96,112838.5,106168.24,112894.92,9426725.56,STOP_LOSS,0.01,55.89,0.000401,3726.28,-57.79,4.43,-62.22,-62.22,5589.42,5527.2
377,BTC/INR,1h,SHORT,2025-10-11 13:30:00+05:30,2025-10-11 15:30:00+05:30,110265.53,9207172.17,111919.52,105303.59,111975.48,9349952.39,STOP_LOSS,0.01,55.27,0.0004,3684.8,-57.14,4.38,-61.52,-61.52,5527.2,5465.68
378,BTC/INR,1h,SHORT,2025-10-11 20:30:00+05:30,2025-10-12 00:30:00+05:30,111984.96,9350744.48,113664.74,106945.64,112135.82,9363341.07,INTRADAY_SQUAREOFF,0.01,54.66,0.00039,3643.78,-4.91,4.3,-9.21,-9.21,5465.68,5456.46
379,BTC/INR,1h,SHORT,2025-10-12 06:30:00+05:30,2025-10-12 08:30:00+05:30,109687.11,9158873.97,111332.42,104751.19,111388.09,9300905.21,STOP_LOSS,0.01,54.56,0.000397,3637.64,-56.41,4.33,-60.74,-60.74,5456.46,5395.73
380,BTC/INR,1h,SHORT,2025-10-12 13:30:00+05:30,2025-10-12 20:30:00+05:30,111557.73,9315070.65,113231.1,106537.63,113287.71,9459524.1,STOP_LOSS,0.01,53.96,0.000386,3597.15,-55.78,4.28,-60.06,-60.06,5395.73,5335.67
381,BTC/INR,1h,LONG,2025-10-13 02:30:00+05:30,2025-10-14 00:30:00+05:30,115380.28,9634253.25,113649.57,120572.39,115172.38,9616894.15,INTRADAY_SQUAREOFF,0.01,53.36,0.000369,3557.11,-6.41,4.19,-10.6,-10.6,5335.67,5325.06
382,BTC/INR,1h,SHORT,2025-10-14 15:30:00+05:30,2025-10-14 21:30:00+05:30,111152.01,9281192.47,112819.29,106150.17,112875.7,9425120.56,STOP_LOSS,0.01,53.25,0.000382,3550.04,-55.05,4.22,-59.27,-59.27,5325.06,5265.79
383,BTC/INR,1h,SHORT,2025-10-16 03:30:00+05:30,2025-10-17 00:30:00+05:30,110599.77,9235080.48,112258.76,105622.78,108676.21,9074463.48,INTRADAY_SQUAREOFF,0.01,52.66,0.00038,3510.53,61.06,4.11,56.95,56.95,5265.79,5322.74
384,BTC/INR,1h,SHORT,2025-10-17 10:30:00+05:30,2025-10-17 15:30:00+05:30,108748.05,9080462.33,110379.27,103854.39,103906.32,8676177.45,TARGET_HIT,0.01,53.23,0.000391,3548.49,157.99,4.09,153.89,153.89,5322.74,5476.63
385,BTC/INR,1h,LONG,2025-10-19 01:30:00+05:30,2025-10-20 00:30:00+05:30,107156.41,8947560.3,105549.06,111978.45,109385.84,9133717.83,INTRADAY_SQUAREOFF,0.01,54.77,0.000408,3651.09,75.96,4.35,71.61,71.61,5476.63,5548.24
386,BTC/INR,1h,LONG,2025-10-20 08:30:00+05:30,2025-10-21 00:30:00+05:30,109006.9,9102075.99,107371.79,113912.21,110915.66,9261457.2,INTRADAY_SQUAREOFF,0.01,55.48,0.000406,3698.83,64.77,4.4,60.37,60.37,5548.24,5608.61
387,BTC/INR,1h,SHORT,2025-10-21 19:30:00+05:30,2025-10-21 21:30:00+05:30,108238.37,9037903.84,109861.94,103367.64,109916.88,9178059.14,STOP_LOSS,0.01,56.09,0.000414,3739.07,-57.98,4.45,-62.43,-62.43,5608.61,5546.18
388,BTC/INR,1h,SHORT,2025-10-22 12:30:00+05:30,2025-10-23 00:30:00+05:30,107982.62,9016548.96,109602.36,103123.4,108058.92,9022919.53,INTRADAY_SQUAREOFF,0.01,55.46,0.00041,3697.45,-2.61,4.36,-6.98,-6.98,5546.18,5539.2
389,BTC/INR,1h,LONG,2025-10-23 19:30:00+05:30,2025-10-24 00:30:00+05:30,109639.83,9154925.94,107995.23,114573.62,110536.61,9229806.96,INTRADAY_SQUAREOFF,0.01,55.39,0.000403,3692.8,30.2,4.38,25.83,25.83,5539.2,5565.03
390,BTC/INR,1h,LONG,2025-10-24 10:30:00+05:30,2025-10-25 00:30:00+05:30,111437.78,9305054.38,109766.21,116452.48,110570.14,9232606.72,INTRADAY_SQUAREOFF,0.01,55.65,0.000399,3710.02,-28.89,4.36,-33.25,-33.25,5565.03,5531.78
391,BTC/INR,1h,LONG,2025-10-25 11:30:00+05:30,2025-10-26 00:30:00+05:30,111546.21,9314108.22,109873.01,116565.79,111670.93,9324522.29,INTRADAY_SQUAREOFF,0.01,55.32,0.000396,3687.86,4.12,4.35,-0.23,-0.23,5531.78,5531.55
392,BTC/INR,1h,LONG,2025-10-26 04:30:00+05:30,2025-10-27 00:30:00+05:30,111747.54,9330919.69,110071.33,116776.18,113551.38,9481540.51,INTRADAY_SQUAREOFF,0.01,55.32,0.000395,3687.7,59.53,4.39,55.14,55.14,5531.55,5586.69
393,BTC/INR,1h,LONG,2025-10-27 04:30:00+05:30,2025-10-28 00:30:00+05:30,115074.99,9608761.27,113348.86,120253.36,115267.59,9624843.55,INTRADAY_SQUAREOFF,0.01,55.87,0.000388,3724.46,6.23,4.4,1.84,1.84,5586.69,5588.53
394,BTC/INR,1h,SHORT,2025-10-28 17:30:00+05:30,2025-10-28 19:30:00+05:30,114254.81,9540276.87,115968.63,109113.35,116026.62,9688222.71,STOP_LOSS,0.01,55.89,0.000391,3725.69,-57.78,4.43,-62.21,-62.21,5588.53,5526.32
395,BTC/INR,1h,SHORT,2025-10-29 06:30:00+05:30,2025-10-30 00:30:00+05:30,112461.83,9390563.2,114148.76,107401.05,110875.31,9258088.25,INTRADAY_SQUAREOFF,0.01,55.26,0.000392,3684.21,51.97,4.32,47.66,47.66,5526.32,5573.98
396,BTC/INR,1h,SHORT,2025-10-30 05:30:00+05:30,2025-10-30 12:30:00+05:30,109845.17,9172072.11,111492.85,104902.14,111548.6,9314308.02,STOP_LOSS,0.01,55.74,0.000405,3715.99,-57.63,4.42,-62.04,-62.04,5573.98,5511.94
397,BTC/INR,1h,SHORT,2025-10-30 15:30:00+05:30,2025-10-31 00:30:00+05:30,110082.2,9191863.45,111733.43,105128.5,106875.52,8924105.96,INTRADAY_SQUAREOFF,0.01,55.12,0.0004,3674.62,107.04,4.27,102.77,102.77,5511.94,5614.7
398,BTC/INR,1h,LONG,2025-10-31 14:30:00+05:30,2025-11-01 00:30:00+05:30,110107.68,9193991.5,108456.07,115062.53,109338.98,9129804.42,INTRADAY_SQUAREOFF,0.01,56.15,0.000407,3743.14,-26.13,4.4,-30.53,-30.53,5614.7,5584.17
399,BTC/INR,1h,LONG,2025-11-01 14:30:00+05:30,2025-11-02 00:30:00+05:30,110240.04,9205043.16,108586.44,115200.84,110345.79,9213873.61,INTRADAY_SQUAREOFF,0.01,55.84,0.000404,3722.78,3.57,4.39,-0.82,-0.82,5584.17,5583.35
400,BTC/INR,1h,LONG,2025-11-02 13:30:00+05:30,2025-11-03 00:30:00+05:30,111036.04,9271509.75,109370.5,116032.67,110260.58,9206758.14,INTRADAY_SQUAREOFF,0.01,55.83,0.000401,3722.23,-26.0,4.38,-30.37,-30.37,5583.35,5552.97
401,BTC/INR,1h,SHORT,2025-11-03 15:30:00+05:30,2025-11-04 00:30:00+05:30,107044.43,8938209.7,108650.09,102227.43,106956.4,8930859.13,INTRADAY_SQUAREOFF,0.01,55.53,0.000414,3701.98,3.04,4.37,-1.32,-1.32,5552.97,5551.65
402,BTC/INR,1h,SHORT,2025-11-04 02:30:00+05:30,2025-11-04 22:30:00+05:30,106311.54,8877013.94,107906.22,101527.52,101578.29,8481787.09,TARGET_HIT,0.01,55.52,0.000417,3701.1,164.78,4.27,160.51,160.51,5551.65,5712.16
403,BTC/INR,1h,SHORT,2025-11-05 06:30:00+05:30,2025-11-05 08:30:00+05:30,100335.46,8378010.54,101840.49,95820.36,101891.41,8507932.54,STOP_LOSS,0.01,57.12,0.000455,3808.11,-59.05,4.53,-63.58,-63.58,5712.16,5648.58
404,BTC/INR,1h,SHORT,2025-11-05 16:30:00+05:30,2025-11-05 18:30:00+05:30,101291.27,8457821.41,102810.64,96733.17,102862.05,8588981.07,STOP_LOSS,0.01,56.49,0.000445,3765.72,-58.4,4.48,-62.87,-62.87,5648.58,5585.71
405,BTC/INR,1h,SHORT,2025-11-07 12:30:00+05:30,2025-11-08 00:30:00+05:30,101793.27,8499738.31,103320.17,97212.58,102534.62,8561641.15,INTRADAY_SQUAREOFF,0.01,55.86,0.000438,3723.8,-27.12,4.41,-31.53,-31.53,5585.71,5554.18
406,BTC/INR,1h,LONG,2025-11-08 23:30:00+05:30,2025-11-09 01:30:00+05:30,102014.68,8518226.2,100484.46,106605.35,101904.31,8509010.0,INTRADAY_SQUAREOFF,0.01,55.54,0.000435,3702.78,-4.01,4.37,-8.37,-8.37,5554.18,5545.8
407,BTC/INR,1h,LONG,2025-11-09 17:30:00+05:30,2025-11-10 00:30:00+05:30,102317.42,8543504.75,100782.66,106921.71,104455.57,8722039.79,INTRADAY_SQUAREOFF,0.01,55.46,0.000433,3697.2,77.26,4.41,72.85,72.85,5545.8,5618.66
408,BTC/INR,1h,LONG,2025-11-10 06:30:00+05:30,2025-11-10 19:30:00+05:30,106486.15,8891593.86,104888.86,111278.03,104836.42,8753840.84,STOP_LOSS,0.01,56.19,0.000421,3745.77,-58.03,4.39,-62.42,-62.42,5618.66,5556.24
409,BTC/INR,1h,LONG,2025-11-11 06:30:00+05:30,2025-11-11 17:30:00+05:30,106206.33,8868228.93,104613.24,110985.62,104560.93,8730837.89,STOP_LOSS,0.01,55.56,0.000418,3704.16,-57.39,4.34,-61.72,-61.72,5556.24,5494.51
410,BTC/INR,1h,SHORT,2025-11-11 21:30:00+05:30,2025-11-12 00:30:00+05:30,103186.76,8616094.76,104734.57,98543.36,103430.6,8636455.39,INTRADAY_SQUAREOFF,0.01,54.95,0.000425,3663.01,-8.66,4.33,-12.98,-12.98,5494.51,5481.53
411,BTC/INR,1h,SHORT,2025-11-12 13:30:00+05:30,2025-11-12 15:30:00+05:30,103034.93,8603416.28,104580.45,98398.35,104632.74,8736833.76,STOP_LOSS,0.01,54.82,0.000425,3654.35,-56.67,4.35,-61.02,-61.02,5481.53,5420.52
412,BTC/INR,1h,SHORT,2025-11-14 02:30:00+05:30,2025-11-14 04:30:00+05:30,97986.64,8181884.31,99456.44,93577.24,99506.17,8308764.88,STOP_LOSS,0.01,54.21,0.000442,3613.68,-56.04,4.3,-60.34,-60.34,5420.52,5360.18
413,BTC/INR,1h,SHORT,2025-11-14 15:30:00+05:30,2025-11-15 00:30:00+05:30,96670.48,8071984.79,98120.53,92320.31,95067.64,7938147.53,INTRADAY_SQUAREOFF,0.01,53.6,0.000443,3573.45,59.25,4.18,55.07,55.07,5360.18,5415.25
414,BTC/INR,1h,SHORT,2025-11-15 02:30:00+05:30,2025-11-15 06:30:00+05:30,94136.86,7860427.91,95548.91,89900.7,95596.69,7982323.49,STOP_LOSS,0.01,54.15,0.000459,3610.16,-55.98,4.29,-60.28,-60.28,5415.25,5354.97
415,BTC/INR,1h,SHORT,2025-11-15 12:30:00+05:30,2025-11-16 00:30:00+05:30,95934.15,8010501.49,97373.16,91617.11,96044.34,8019702.55,INTRADAY_SQUAREOFF,0.01,53.55,0.000446,3569.98,-4.1,4.21,-8.32,-8.32,5354.97,5346.65
416,BTC/INR,1h,SHORT,2025-11-16 12:30:00+05:30,2025-11-17 00:30:00+05:30,95676.11,7988955.57,97111.26,91370.69,94051.87,7853331.11,INTRADAY_SQUAREOFF,0.01,53.47,0.000446,3564.44,60.51,4.17,56.34,56.34,5346.65,5402.99
417,BTC/INR,1h,SHORT,2025-11-17 03:30:00+05:30,2025-11-17 05:30:00+05:30,93336.15,7793568.72,94736.19,89136.03,94783.56,7914427.49,STOP_LOSS,0.01,54.03,0.000462,3602.0,-55.86,4.28,-60.14,-60.14,5402.99,5342.85
418,BTC/INR,1h,SHORT,2025-11-21 17:30:00+05:30,2025-11-21 19:30:00+05:30,82099.57,6855314.12,83331.06,78405.09,83372.73,6961622.9,STOP_LOSS,0.01,53.43,0.00052,3561.9,-55.24,4.24,-59.47,-59.47,5342.85,5283.38
419,BTC/INR,1h,SHORT,2025-11-21 21:30:00+05:30,2025-11-21 23:30:00+05:30,82766.73,6911021.85,84008.23,79042.23,84050.23,7018194.52,STOP_LOSS,0.01,52.83,0.00051,3522.25,-54.62,4.19,-58.81,-58.81,5283.38,5224.57
420,BTC/INR,1h,SHORT,2025-11-22 04:30:00+05:30,2025-11-23 00:30:00+05:30,84224.33,7032731.36,85487.69,80434.23,84646.58,7067989.06,INTRADAY_SQUAREOFF,0.01,52.25,0.000495,3483.05,-17.46,4.12,-21.58,-21.58,5224.57,5202.99
421,BTC/INR,1h,LONG,2025-11-23 14:30:00+05:30,2025-11-24 00:30:00+05:30,86172.22,7195380.44,84879.64,90049.97,86913.17,7257249.7,INTRADAY_SQUAREOFF,0.01,52.03,0.000482,3468.66,29.83,4.11,25.71,25.71,5202.99,5228.7
422,BTC/INR,1h,LONG,2025-11-25 02:30:00+05:30,2025-11-25 05:30:00+05:30,89240.33,7451567.74,87901.73,93256.15,87857.78,7336124.33,STOP_LOSS,0.01,52.29,0.000468,3485.8,-54.0,4.08,-58.09,-58.09,5228.7,5170.62
423,BTC/INR,1h,LONG,2025-11-25 10:30:00+05:30,2025-11-25 13:30:00+05:30,88501.56,7389880.64,87174.04,92484.14,87130.45,7275392.92,STOP_LOSS,0.01,51.71,0.000466,3447.08,-53.4,4.04,-57.44,-57.44,5170.62,5113.18
424,BTC/INR,1h,LONG,2025-11-27 07:30:00+05:30,2025-11-28 00:30:00+05:30,91203.09,7615458.38,89835.05,95307.23,91745.85,7660778.17,INTRADAY_SQUAREOFF,0.01,51.13,0.000448,3408.79,20.29,4.03,16.25,16.25,5113.18,5129.43
425,BTC/INR,1h,LONG,2025-11-28 09:30:00+05:30,2025-11-29 00:30:00+05:30,91307.51,7624177.4,89937.9,95416.35,90796.27,7581488.27,INTRADAY_SQUAREOFF,0.01,51.29,0.000449,3419.62,-19.15,4.02,-23.17,-23.17,5129.43,5106.26
426,BTC/INR,1h,SHORT,2025-12-01 17:30:00+05:30,2025-12-02 00:30:00+05:30,86094.08,7188855.67,87385.49,82219.85,85260.87,7119283.04,INTRADAY_SQUAREOFF,0.01,51.06,0.000474,3404.17,32.95,4.0,28.95,28.95,5106.26,5135.21
427,BTC/INR,1h,SHORT,2025-12-02 05:30:00+05:30,2025-12-02 16:30:00+05:30,86255.67,7202348.52,87549.51,82374.17,87593.28,7314038.94,STOP_LOSS,0.01,51.35,0.000475,3423.47,-53.09,4.07,-57.16,-57.16,5135.21,5078.05
428,BTC/INR,1h,LONG,2025-12-03 04:30:00+05:30,2025-12-04 00:30:00+05:30,92050.71,7686233.91,90669.94,96192.99,92566.13,7729271.96,INTRADAY_SQUAREOFF,0.01,50.78,0.00044,3385.36,18.96,4.01,14.95,14.95,5078.05,5093.0
429,BTC/INR,1h,LONG,2025-12-04 03:30:00+05:30,2025-12-04 19:30:00+05:30,93791.65,7831603.08,92384.78,98012.28,92338.59,7710271.97,STOP_LOSS,0.01,50.93,0.000434,3395.33,-52.6,3.98,-56.58,-56.58,5093.0,5036.42
430,BTC/INR,1h,LONG,2025-12-04 21:30:00+05:30,2025-12-05 00:30:00+05:30,93107.19,7774450.08,91710.58,97297.01,91664.72,7654004.41,STOP_LOSS,0.01,50.36,0.000432,3357.61,-52.02,3.93,-55.95,-55.95,5036.42,4980.47
431,BTC/INR,1h,LONG,2025-12-05 02:30:00+05:30,2025-12-05 14:30:00+05:30,92575.66,7730067.22,91187.02,96741.56,91141.43,7610309.15,STOP_LOSS,0.01,49.8,0.00043,3320.31,-51.44,3.89,-55.33,-55.33,4980.47,4925.14
432,BTC/INR,1h,SHORT,2025-12-05 19:30:00+05:30,2025-12-06 00:30:00+05:30,90287.21,7538981.94,91641.52,86224.28,89024.12,7433514.24,INTRADAY_SQUAREOFF,0.01,49.25,0.000436,3283.43,45.93,3.85,42.09,42.09,4925.14,4967.23
433,BTC/INR,1h,SHORT,2025-12-06 14:30:00+05:30,2025-12-07 00:30:00+05:30,89246.13,7452051.69,90584.82,85230.05,89708.03,7490620.25,INTRADAY_SQUAREOFF,0.01,49.67,0.000444,3311.49,-17.14,3.92,-21.06,-21.06,4967.23,4946.17
434,BTC/INR,1h,SHORT,2025-12-07 04:30:00+05:30,2025-12-07 22:30:00+05:30,89255.84,7452862.8,90594.68,85239.33,90639.98,7568438.07,STOP_LOSS,0.01,49.46,0.000442,3297.45,-51.14,3.92,-55.06,-55.06,4946.17,4891.12
435,BTC/INR,1h,LONG,2025-12-08 05:30:00+05:30,2025-12-09 00:30:00+05:30,90472.16,7554425.26,89115.08,94543.41,89825.52,7500430.74,INTRADAY_SQUAREOFF,0.01,48.91,0.000432,3260.74,-23.31,3.83,-27.14,-27.14,4891.12,4863.98
436,BTC/INR,1h,SHORT,2025-12-09 05:30:00+05:30,2025-12-09 20:30:00+05:30,90477.8,7554896.38,91834.97,86406.3,91880.89,7672053.94,STOP_LOSS,0.01,48.64,0.000429,3242.65,-50.29,3.86,-54.14,-54.14,4863.98,4809.84
437,BTC/INR,1h,LONG,2025-12-10 12:30:00+05:30,2025-12-11 00:30:00+05:30,92776.15,7746808.2,91384.5,96951.07,92455.54,7720037.44,INTRADAY_SQUAREOFF,0.01,48.1,0.000414,3206.56,-11.08,3.78,-14.86,-14.86,4809.84,4794.98
438,BTC/INR,1h,SHORT,2025-12-11 18:30:00+05:30,2025-12-12 00:30:00+05:30,90008.3,7515693.17,91358.43,85957.93,91404.11,7632242.78,STOP_LOSS,0.01,47.95,0.000425,3196.65,-49.57,3.8,-53.37,-53.37,4794.98,4741.6
439,BTC/INR,1h,LONG,2025-12-12 15:30:00+05:30,2025-12-12 20:30:00+05:30,92631.21,7734706.4,91241.75,96799.62,91196.13,7614876.46,STOP_LOSS,0.01,47.42,0.000409,3161.07,-48.97,3.7,-52.67,-52.67,4741.6,4688.93
440,BTC/INR,1h,SHORT,2025-12-13 08:30:00+05:30,2025-12-14 00:30:00+05:30,90196.15,7531378.76,91549.1,86137.33,90191.46,7530987.23,INTRADAY_SQUAREOFF,0.01,46.89,0.000415,3125.95,0.16,3.69,-3.53,-3.53,4688.93,4685.4
441,BTC/INR,1h,SHORT,2025-12-14 02:30:00+05:30,2025-12-15 00:30:00+05:30,90062.03,7520179.7,91412.96,86009.24,89066.33,7437038.66,INTRADAY_SQUAREOFF,0.01,46.85,0.000415,3123.6,34.53,3.67,30.87,30.87,4685.4,4716.27
442,BTC/INR,1h,SHORT,2025-12-16 06:30:00+05:30,2025-12-16 15:30:00+05:30,85730.58,7158503.6,87016.54,81872.71,87060.05,7269514.09,STOP_LOSS,0.01,47.16,0.000439,3144.18,-48.76,3.74,-52.5,-52.5,4716.27,4663.77
443,BTC/INR,1h,LONG,2025-12-17 13:30:00+05:30,2025-12-17 23:30:00+05:30,87115.03,7274104.83,85808.3,91035.2,85765.4,7161410.76,STOP_LOSS,0.01,46.64,0.000427,3109.18,-48.17,3.64,-51.81,-51.81,4663.77,4611.97
444,BTC/INR,1h,SHORT,2025-12-18 11:30:00+05:30,2025-12-18 18:30:00+05:30,86324.63,7208106.49,87619.5,82440.02,87663.31,7319886.2,STOP_LOSS,0.01,46.12,0.000427,3074.64,-47.68,3.66,-51.34,-51.34,4611.97,4560.63
445,BTC/INR,1h,SHORT,2025-12-22 02:30:00+05:30,2025-12-22 05:30:00+05:30,88171.94,7362356.89,89494.52,84204.2,89539.27,7476528.64,STOP_LOSS,0.01,45.61,0.000413,3040.42,-47.15,3.62,-50.76,-50.76,4560.63,4509.86
446,BTC/INR,1h,LONG,2025-12-22 17:30:00+05:30,2025-12-23 00:30:00+05:30,90034.44,7517875.74,88683.92,94085.99,88639.58,7401405.05,STOP_LOSS,0.01,45.1,0.0004,3006.58,-46.58,3.52,-50.1,-50.1,4509.86,4459.76
447,BTC/INR,1h,SHORT,2025-12-23 08:30:00+05:30,2025-12-24 00:30:00+05:30,88080.51,7354722.42,89401.72,84116.89,87977.78,7346144.58,INTRADAY_SQUAREOFF,0.01,44.6,0.000404,2973.18,3.47,3.51,-0.04,-0.04,4459.76,4459.73
448,BTC/INR,1h,SHORT,2025-12-24 04:30:00+05:30,2025-12-25 00:30:00+05:30,87250.05,7285379.05,88558.8,83323.8,87450.49,7302116.12,INTRADAY_SQUAREOFF,0.01,44.6,0.000408,2973.15,-6.83,3.51,-10.34,-10.34,4459.73,4449.38
449,BTC/INR,1h,LONG,2025-12-26 19:30:00+05:30,2025-12-26 21:30:00+05:30,89027.66,7433809.25,87692.24,93033.9,87648.39,7318640.96,STOP_LOSS,0.01,44.49,0.000399,2966.26,-45.95,3.47,-49.43,-49.43,4449.38,4399.96
450,BTC/INR,1h,SHORT,2025-12-27 05:30:00+05:30,2025-12-28 00:30:00+05:30,87234.47,7284078.27,88542.99,83308.92,87482.57,7304794.68,INTRADAY_SQUAREOFF,0.01,44.0,0.000403,2933.3,-8.34,3.47,-11.81,-11.81,4399.96,4388.15
451,BTC/INR,1h,SHORT,2025-12-30 01:30:00+05:30,2025-12-30 19:30:00+05:30,87194.48,7280739.29,88502.4,83270.73,88546.65,7393645.35,STOP_LOSS,0.01,43.88,0.000402,2925.43,-45.37,3.48,-48.84,-48.84,4388.15,4339.3
452,BTC/INR,1h,LONG,2025-12-31 03:30:00+05:30,2026-01-01 00:30:00+05:30,88269.0,7370461.1,86944.96,92241.1,87518.07,7307758.9,INTRADAY_SQUAREOFF,0.01,43.39,0.000392,2892.87,-24.61,3.4,-28.01,-28.01,4339.3,4311.29
453,BTC/INR,1h,SHORT,2026-01-01 05:30:00+05:30,2026-01-02 00:30:00+05:30,87458.2,7302759.88,88770.08,83522.58,88107.01,7356935.17,INTRADAY_SQUAREOFF,0.01,43.11,0.000394,2874.19,-21.32,3.4,-24.73,-24.73,4311.29,4286.57
454,BTC/INR,1h,LONG,2026-01-02 03:30:00+05:30,2026-01-03 00:30:00+05:30,88324.28,7375077.44,86999.42,92298.87,89694.52,7489492.5,INTRADAY_SQUAREOFF,0.01,42.87,0.000387,2857.71,44.33,3.4,40.94,40.94,4286.57,4327.5
455,BTC/INR,1h,LONG,2026-01-03 03:30:00+05:30,2026-01-04 00:30:00+05:30,90137.37,7526470.1,88785.31,94193.55,90046.82,7518909.57,INTRADAY_SQUAREOFF,0.01,43.28,0.000383,2885.0,-2.9,3.4,-6.3,-6.3,4327.5,4321.2
456,BTC/INR,1h,LONG,2026-01-04 02:30:00+05:30,2026-01-05 00:30:00+05:30,90355.66,7544697.21,89000.32,94421.66,91119.06,7608441.37,INTRADAY_SQUAREOFF,0.01,43.21,0.000382,2880.8,24.34,3.41,20.93,20.93,4321.2,4342.13
457,BTC/INR,1h,LONG,2026-01-05 02:30:00+05:30,2026-01-06 00:30:00+05:30,91344.42,7627258.65,89974.25,95454.91,94287.51,7873007.28,INTRADAY_SQUAREOFF,0.01,43.42,0.00038,2894.75,93.27,3.47,89.8,89.8,4342.13,4431.92
458,BTC/INR,1h,SHORT,2026-01-08 08:30:00+05:30,2026-01-09 00:30:00+05:30,90656.14,7569787.81,92015.98,86576.62,91084.2,7605530.62,INTRADAY_SQUAREOFF,0.01,44.32,0.00039,2954.62,-13.95,3.49,-17.45,-17.45,4431.92,4414.48
459,BTC/INR,1h,LONG,2026-01-11 20:30:00+05:30,2026-01-12 00:30:00+05:30,91089.47,7605970.52,89723.13,95188.49,90711.79,7574434.09,INTRADAY_SQUAREOFF,0.01,44.14,0.000387,2942.99,-12.2,3.47,-15.67,-15.67,4414.48,4398.81
460,BTC/INR,1h,LONG,2026-01-12 03:30:00+05:30,2026-01-13 00:30:00+05:30,90723.17,7575384.45,89362.32,94805.71,91572.0,7646262.3,INTRADAY_SQUAREOFF,0.01,43.99,0.000387,2932.54,27.44,3.48,23.96,23.96,4398.81,4422.77
461,BTC/INR,1h,LONG,2026-01-14 01:30:00+05:30,2026-01-15 00:30:00+05:30,94269.59,7871510.58,92855.54,98511.72,96753.44,8078911.82,INTRADAY_SQUAREOFF,0.01,44.23,0.000375,2948.51,77.69,3.53,74.16,74.16,4422.77,4496.94
462,BTC/INR,1h,LONG,2026-01-15 14:30:00+05:30,2026-01-16 00:30:00+05:30,96666.86,8071683.14,95216.86,101016.87,95750.06,7995130.17,INTRADAY_SQUAREOFF,0.01,44.97,0.000371,2997.96,-28.43,3.52,-31.95,-31.95,4496.94,4464.98
463,BTC/INR,1h,SHORT,2026-01-16 09:30:00+05:30,2026-01-17 00:30:00+05:30,95250.12,7953384.75,96678.87,90963.86,95003.33,7932778.01,INTRADAY_SQUAREOFF,0.01,44.65,0.000374,2976.65,7.71,3.51,4.2,4.2,4464.98,4469.19
464,BTC/INR,1h,SHORT,2026-01-17 07:30:00+05:30,2026-01-18 00:30:00+05:30,95303.94,7957879.11,96733.5,91015.26,95444.13,7969584.68,INTRADAY_SQUAREOFF,0.01,44.69,0.000374,2979.46,-4.38,3.52,-7.9,-7.9,4469.19,4461.28
465,BTC/INR,1h,SHORT,2026-01-18 05:30:00+05:30,2026-01-19 00:30:00+05:30,95040.78,7935905.46,96466.4,90763.95,95456.7,7970634.17,INTRADAY_SQUAREOFF,0.01,44.61,0.000375,2974.19,-13.02,3.52,-16.53,-16.53,4461.28,4444.75
466,BTC/INR,1h,SHORT,2026-01-20 04:30:00+05:30,2026-01-21 00:30:00+05:30,92469.83,7721230.63,93856.88,88308.69,89431.83,7467557.5,INTRADAY_SQUAREOFF,0.01,44.45,0.000384,2963.17,97.35,3.44,93.91,93.91,4444.75,4538.66
467,BTC/INR,1h,SHORT,2026-01-21 13:30:00+05:30,2026-01-21 20:30:00+05:30,88942.63,7426709.73,90276.77,84940.21,90321.91,7541879.43,STOP_LOSS,0.01,45.39,0.000407,3025.78,-46.92,3.6,-50.52,-50.52,4538.66,4488.14
468,BTC/INR,1h,SHORT,2026-01-23 11:30:00+05:30,2026-01-23 22:30:00+05:30,89368.16,7462241.42,90708.68,85346.59,90754.04,7577962.13,STOP_LOSS,0.01,44.88,0.000401,2992.1,-46.4,3.56,-49.96,-49.96,4488.14,4438.19
469,BTC/INR,1h,LONG,2026-01-24 08:30:00+05:30,2026-01-25 00:30:00+05:30,89626.88,7483844.88,88282.48,93660.09,89214.64,7449422.11,INTRADAY_SQUAREOFF,0.01,44.38,0.000395,2958.79,-13.61,3.48,-17.09,-17.09,4438.19,4421.09
470,BTC/INR,1h,SHORT,2026-01-25 13:30:00+05:30,2026-01-26 00:30:00+05:30,88459.12,7386336.14,89786.0,84478.46,87339.86,7292878.23,INTRADAY_SQUAREOFF,0.01,44.21,0.000399,2947.4,37.29,3.46,33.84,33.84,4421.09,4454.93
471,BTC/INR,1h,LONG,2026-01-27 22:30:00+05:30,2026-01-28 00:30:00+05:30,88715.51,7407744.87,87384.77,92707.71,88112.23,7357371.57,INTRADAY_SQUAREOFF,0.01,44.55,0.000401,2969.95,-20.2,3.49,-23.69,-23.69,4454.93,4431.24
472,BTC/INR,1h,LONG,2026-01-28 12:30:00+05:30,2026-01-29 00:30:00+05:30,89303.75,7456862.85,87964.19,93322.42,89389.84,7464051.42,INTRADAY_SQUAREOFF,0.01,44.31,0.000396,2954.16,2.85,3.49,-0.64,-0.64,4431.24,4430.6
473,BTC/INR,1h,SHORT,2026-01-29 15:30:00+05:30,2026-01-29 23:30:00+05:30,87719.41,7324570.52,89035.2,83772.03,83813.92,6998462.33,TARGET_HIT,0.01,44.31,0.000403,2953.73,131.51,3.41,128.1,128.1,4430.6,4558.7
474,BTC/INR,1h,SHORT,2026-01-30 06:30:00+05:30,2026-01-31 00:30:00+05:30,84022.39,7015869.54,85282.73,80241.38,83866.8,7002877.4,INTRADAY_SQUAREOFF,0.01,45.59,0.000433,3039.13,5.63,3.58,2.05,2.05,4558.7,4560.75
475,BTC/INR,1h,SHORT,2026-01-31 18:30:00+05:30,2026-01-31 22:30:00+05:30,82552.47,6893131.14,83790.76,78837.61,78877.03,6586231.71,TARGET_HIT,0.01,45.61,0.000441,3040.5,135.37,3.51,131.86,131.86,4560.75,4692.61
476,BTC/INR,1h,SHORT,2026-02-01 11:30:00+05:30,2026-02-02 00:30:00+05:30,78450.94,6550653.69,79627.71,74920.65,78004.25,6513354.73,INTRADAY_SQUAREOFF,0.01,46.93,0.000478,3128.41,17.81,3.68,14.13,14.13,4692.61,4706.74
477,BTC/INR,1h,SHORT,2026-02-02 08:30:00+05:30,2026-02-02 14:30:00+05:30,76364.84,6376463.93,77510.31,72928.42,77549.07,6475346.95,STOP_LOSS,0.01,47.07,0.000492,3137.83,-48.66,3.73,-52.39,-52.39,4706.74,4654.35
478,BTC/INR,1h,SHORT,2026-02-03 22:30:00+05:30,2026-02-04 00:30:00+05:30,76414.01,6380569.69,77560.22,72975.38,73011.87,6096490.78,TARGET_HIT,0.01,46.54,0.000486,3102.9,138.15,3.58,134.57,134.57,4654.35,4788.92
479,BTC/INR,1h,SHORT,2026-02-04 15:30:00+05:30,2026-02-04 22:30:00+05:30,75853.62,6333777.0,76991.42,72440.2,72476.42,6051781.41,TARGET_HIT,0.01,47.89,0.000504,3192.61,142.14,3.68,138.46,138.46,4788.92,4927.38
480,BTC/INR,1h,SHORT,2026-02-05 08:30:00+05:30,2026-02-05 20:30:00+05:30,71279.57,5951844.01,72348.76,68071.99,68106.02,5686853.03,TARGET_HIT,0.01,49.27,0.000552,3284.92,146.25,3.79,142.46,142.46,4927.38,5069.84
481,BTC/INR,1h,SHORT,2026-02-05 23:30:00+05:30,2026-02-06 01:30:00+05:30,66017.92,5512496.31,67008.19,63047.11,63078.64,5267066.19,TARGET_HIT,0.01,50.7,0.000613,3379.89,150.48,3.9,146.58,146.58,5069.84,5216.42
482,BTC/INR,1h,LONG,2026-02-07 04:30:00+05:30,2026-02-07 06:30:00+05:30,71503.03,5970503.05,70430.49,74720.67,70395.27,5878005.03,STOP_LOSS,0.01,52.16,0.000582,3477.62,-53.88,4.07,-57.95,-57.95,5216.42,5158.48
483,BTC/INR,1h,LONG,2026-02-07 09:30:00+05:30,2026-02-07 11:30:00+05:30,70908.93,5920895.57,69845.29,74099.83,69810.37,5829166.09,STOP_LOSS,0.01,51.58,0.000581,3438.98,-53.28,4.03,-57.31,-57.31,5158.48,5101.17
484,BTC/INR,1h,LONG,2026-02-08 17:30:00+05:30,2026-02-09 00:30:00+05:30,71153.14,5941287.58,70085.85,74355.04,71059.83,5933495.58,INTRADAY_SQUAREOFF,0.01,51.01,0.000572,3400.78,-4.46,4.01,-8.47,-8.47,5101.17,5092.7
485,BTC/INR,1h,LONG,2026-02-09 09:30:00+05:30,2026-02-09 13:30:00+05:30,71394.48,5961439.42,70323.57,74607.24,70288.41,5869081.82,STOP_LOSS,0.01,50.93,0.00057,3395.13,-52.6,3.98,-56.57,-56.57,5092.7,5036.13
486,BTC/INR,1h,SHORT,2026-02-09 19:30:00+05:30,2026-02-09 21:30:00+05:30,68525.93,5721915.22,69553.82,65442.26,69588.6,5810647.82,STOP_LOSS,0.01,50.36,0.000587,3357.42,-52.07,3.99,-56.06,-56.06,5036.13,4980.07
487,BTC/INR,1h,SHORT,2026-02-11 00:30:00+05:30,2026-02-12 00:30:00+05:30,68593.17,5727529.75,69622.07,65506.48,67266.04,5616714.18,INTRADAY_SQUAREOFF,0.01,49.8,0.00058,3320.05,64.24,3.88,60.36,60.36,4980.07,5040.42
488,BTC/INR,1h,SHORT,2026-02-12 04:30:00+05:30,2026-02-13 00:30:00+05:30,67321.03,5621305.65,68330.84,64291.58,65560.74,5474322.16,INTRADAY_SQUAREOFF,0.01,50.4,0.000598,3360.28,87.86,3.91,83.95,83.95,5040.42,5124.37
489,BTC/INR,1h,SHORT,2026-02-13 10:30:00+05:30,2026-02-13 18:30:00+05:30,66236.31,5530731.93,67229.86,63255.68,67263.47,5616499.76,STOP_LOSS,0.01,51.24,0.000618,3416.25,-52.98,4.06,-57.04,-57.04,5124.37,5067.33
490,BTC/INR,1h,LONG,2026-02-14 06:30:00+05:30,2026-02-15 00:30:00+05:30,69111.2,5770785.4,68074.53,72221.21,69697.66,5819755.03,INTRADAY_SQUAREOFF,0.01,50.67,0.000585,3378.22,28.67,4.0,24.66,24.66,5067.33,5092.0
491,BTC/INR,1h,LONG,2026-02-15 09:30:00+05:30,2026-02-15 18:30:00+05:30,69999.9,5844991.36,68949.9,73149.89,68915.42,5754437.83,STOP_LOSS,0.01,50.92,0.000581,3394.67,-52.59,3.97,-56.57,-56.57,5092.0,5035.43
492,BTC/INR,1h,SHORT,2026-02-16 08:30:00+05:30,2026-02-16 17:30:00+05:30,68201.58,5694831.72,69224.6,65132.51,69259.21,5783144.32,STOP_LOSS,0.01,50.35,0.000589,3356.95,-52.06,3.99,-56.05,-56.05,5035.43,4979.38
493,BTC/INR,1h,SHORT,2026-02-17 14:30:00+05:30,2026-02-18 00:30:00+05:30,68068.51,5683720.69,69089.54,65005.43,68118.17,5687866.95,INTRADAY_SQUAREOFF,0.01,49.79,0.000584,3319.59,-2.42,3.92,-6.34,-6.34,4979.38,4973.04
494,BTC/INR,1h,SHORT,2026-02-18 16:30:00+05:30,2026-02-19 00:30:00+05:30,67703.72,5653261.03,68719.28,64657.06,66354.16,5540572.4,INTRADAY_SQUAREOFF,0.01,49.73,0.000586,3315.36,66.09,3.87,62.21,62.21,4973.04,5035.25
495,BTC/INR,1h,SHORT,2026-02-19 15:30:00+05:30,2026-02-20 00:30:00+05:30,66721.44,5571240.48,67722.26,63718.98,67038.97,5597754.12,INTRADAY_SQUAREOFF,0.01,50.35,0.000603,3356.84,-15.98,3.97,-19.95,-19.95,5035.25,5015.31
496,BTC/INR,1h,LONG,2026-02-20 15:30:00+05:30,2026-02-20 18:30:00+05:30,68228.03,5697040.88,67204.61,71298.3,67171.01,5608779.47,STOP_LOSS,0.01,50.15,0.000587,3343.54,-51.8,3.91,-55.71,-55.71,5015.31,4959.59
497,BTC/INR,1h,SHORT,2026-02-21 09:30:00+05:30,2026-02-21 19:30:00+05:30,67524.66,5638308.97,68537.53,64486.05,68571.8,5725745.04,STOP_LOSS,0.01,49.6,0.000586,3306.4,-51.27,3.93,-55.21,-55.21,4959.59,4904.39
498,BTC/INR,1h,SHORT,2026-02-22 08:30:00+05:30,2026-02-23 00:30:00+05:30,67834.53,5664182.98,68852.04,64781.97,67443.64,5631544.15,INTRADAY_SQUAREOFF,0.01,49.04,0.000577,3269.59,18.84,3.85,14.99,14.99,4904.39,4919.38
499,BTC/INR,1h,SHORT,2026-02-23 06:30:00+05:30,2026-02-24 00:30:00+05:30,66687.51,5568407.47,67687.83,63686.58,64662.55,5399322.88,INTRADAY_SQUAREOFF,0.01,49.19,0.000589,3279.59,99.58,3.81,95.77,95.77,4919.38,5015.16
500,BTC/INR,1h,SHORT,2026-02-24 08:30:00+05:30,2026-02-25 00:30:00+05:30,63966.11,5341170.54,64925.61,61087.64,64452.4,5381775.2,INTRADAY_SQUAREOFF,0.01,50.15,0.000626,3343.44,-25.42,3.96,-29.38,-29.38,5015.16,4985.78
501,BTC/INR,1h,LONG,2026-02-25 14:30:00+05:30,2026-02-25 22:30:00+05:30,65575.24,5475532.54,64591.61,68526.13,68491.86,5719070.54,TARGET_HIT,0.01,49.86,0.000607,3323.85,147.84,4.01,143.83,143.83,4985.78,5129.6
502,BTC/INR,1h,LONG,2026-02-26 15:30:00+05:30,2026-02-26 19:30:00+05:30,68652.17,5732456.05,67622.39,71741.52,67588.57,5643645.98,STOP_LOSS,0.01,51.3,0.000597,3419.74,-52.98,4.0,-56.98,-56.98,5129.6,5072.62
503,BTC/INR,1h,SHORT,2026-02-27 15:30:00+05:30,2026-02-28 00:30:00+05:30,67298.09,5619390.68,68307.56,64269.68,65337.11,5455648.95,INTRADAY_SQUAREOFF,0.01,50.73,0.000602,3381.75,98.54,3.93,94.61,94.61,5072.62,5167.23
504,BTC/INR,1h,SHORT,2026-02-28 11:30:00+05:30,2026-03-01 00:30:00+05:30,65471.96,5466908.87,66454.04,62525.72,66487.27,5551686.96,STOP_LOSS,0.01,51.67,0.00063,3444.82,-53.42,4.1,-57.52,-57.52,5167.23,5109.71
505,BTC/INR,1h,LONG,2026-03-01 07:30:00+05:30,2026-03-01 13:30:00+05:30,67611.73,5645579.16,66597.55,70654.25,66564.25,5558115.03,STOP_LOSS,0.01,51.1,0.000603,3406.47,-52.77,3.99,-56.76,-56.76,5109.71,5052.95
506,BTC/INR,1h,LONG,2026-03-01 19:30:00+05:30,2026-03-01 21:30:00+05:30,67209.25,5611972.53,66201.11,70233.67,66168.01,5525029.05,STOP_LOSS,0.01,50.53,0.0006,3368.63,-52.19,3.94,-56.13,-56.13,5052.95,4996.81
507,BTC/INR,1h,LONG,2026-03-03 02:30:00+05:30,2026-03-03 07:30:00+05:30,69484.95,5801993.46,68442.68,72611.77,68408.46,5712106.08,STOP_LOSS,0.01,49.97,0.000574,3331.21,-51.61,3.9,-55.51,-55.51,4996.81,4941.31
508,BTC/INR,1h,LONG,2026-03-05 16:30:00+05:30,2026-03-05 18:30:00+05:30,73564.05,6142598.4,72460.59,76874.44,72424.36,6047434.2,STOP_LOSS,0.01,49.41,0.000536,3294.2,-51.04,3.86,-54.89,-54.89,4941.31,4886.41
509,BTC/INR,1h,SHORT,2026-03-06 05:30:00+05:30,2026-03-07 00:30:00+05:30,70755.39,5908074.72,71816.72,67571.39,68282.39,5701579.54,INTRADAY_SQUAREOFF,0.01,48.86,0.000551,3257.61,113.86,3.78,110.08,110.08,4886.41,4996.49
510,BTC/INR,1h,SHORT,2026-03-07 05:30:00+05:30,2026-03-08 00:30:00+05:30,68071.54,5683973.67,69092.61,65008.32,67604.85,5645004.81,INTRADAY_SQUAREOFF,0.01,49.96,0.000586,3331.0,22.84,3.92,18.92,18.92,4996.49,5015.41
511,BTC/INR,1h,SHORT,2026-03-08 04:30:00+05:30,2026-03-08 15:30:00+05:30,67137.98,5606021.06,68145.05,64116.77,68179.12,5692956.43,STOP_LOSS,0.01,50.15,0.000596,3343.61,-51.85,3.98,-55.83,-55.83,5015.41,4959.59
512,BTC/INR,1h,LONG,2026-03-10 06:30:00+05:30,2026-03-11 00:30:00+05:30,69318.82,5788121.62,68279.04,72438.17,69982.22,5843515.2,INTRADAY_SQUAREOFF,0.01,49.6,0.000571,3306.39,31.64,3.92,27.72,27.72,4959.59,4987.31
513,BTC/INR,1h,LONG,2026-03-11 02:30:00+05:30,2026-03-11 16:30:00+05:30,70355.79,5874708.73,69300.46,73521.8,69265.81,5783694.8,STOP_LOSS,0.01,49.87,0.000566,3324.87,-51.51,3.89,-55.4,-55.4,4987.31,4931.91
514,BTC/INR,1h,LONG,2026-03-12 03:30:00+05:30,2026-03-12 07:30:00+05:30,70806.44,5912337.76,69744.34,73992.73,69709.47,5820740.87,STOP_LOSS,0.01,49.32,0.000556,3287.94,-50.94,3.85,-54.79,-54.79,4931.91,4877.12
515,BTC/INR,1h,LONG,2026-03-12 13:30:00+05:30,2026-03-13 00:30:00+05:30,69882.84,5835216.97,68834.6,73027.57,69865.27,5833749.93,INTRADAY_SQUAREOFF,0.01,48.77,0.000557,3251.41,-0.82,3.84,-4.65,-4.65,4877.12,4872.46
516,BTC/INR,1h,LONG,2026-03-13 07:30:00+05:30,2026-03-14 00:30:00+05:30,71720.28,5988643.36,70644.48,74947.69,71021.25,5930274.61,INTRADAY_SQUAREOFF,0.01,48.72,0.000542,3248.31,-31.66,3.81,-35.47,-35.47,4872.46,4836.99
517,BTC/INR,1h,SHORT,2026-03-14 03:30:00+05:30,2026-03-15 00:30:00+05:30,71061.09,5933601.21,72127.01,67863.34,70713.68,5904592.52,INTRADAY_SQUAREOFF,0.01,48.37,0.000543,3224.66,15.76,3.8,11.97,11.97,4836.99,4848.96
518,BTC/INR,1h,LONG,2026-03-15 14:30:00+05:30,2026-03-16 00:30:00+05:30,71854.12,5999819.02,70776.31,75087.56,71382.06,5960401.74,INTRADAY_SQUAREOFF,0.01,48.49,0.000539,3232.64,-21.24,3.8,-25.04,-25.04,4848.96,4823.92
519,BTC/INR,1h,LONG,2026-03-16 09:30:00+05:30,2026-03-17 00:30:00+05:30,74021.29,6180777.63,72910.97,77352.25,73844.72,6166033.74,INTRADAY_SQUAREOFF,0.01,48.24,0.00052,3215.95,-7.67,3.79,-11.46,-11.46,4823.92,4812.46
520,BTC/INR,1h,SHORT,2026-03-19 00:30:00+05:30,2026-03-20 00:30:00+05:30,70957.38,5924941.11,72021.74,67764.3,69895.48,5836272.34,INTRADAY_SQUAREOFF,0.01,48.12,0.000541,3208.31,48.01,3.76,44.26,44.26,4812.46,4856.71
521,BTC/INR,1h,SHORT,2026-03-21 05:30:00+05:30,2026-03-22 00:30:00+05:30,70422.13,5880247.91,71478.46,67253.13,70424.84,5880473.76,INTRADAY_SQUAREOFF,0.01,48.57,0.000551,3237.81,-0.12,3.82,-3.95,-3.95,4856.71,4852.77
522,BTC/INR,1h,SHORT,2026-03-22 04:30:00+05:30,2026-03-23 00:30:00+05:30,70230.36,5864235.01,71283.81,67069.99,68644.76,5731837.32,INTRADAY_SQUAREOFF,0.01,48.53,0.000552,3235.18,73.04,3.77,69.27,69.27,4852.77,4922.04
523,BTC/INR,1h,SHORT,2026-03-23 12:30:00+05:30,2026-03-23 16:30:00+05:30,67707.39,5653567.48,68723.01,64660.56,68757.37,5741240.18,STOP_LOSS,0.01,49.22,0.00058,3281.36,-50.89,3.9,-54.79,-54.79,4922.04,4867.25
524,BTC/INR,1h,LONG,2026-03-24 05:30:00+05:30,2026-03-24 19:30:00+05:30,70955.38,5924774.38,69891.05,74148.37,69856.11,5832984.82,STOP_LOSS,0.01,48.67,0.000548,3244.83,-50.27,3.8,-54.07,-54.07,4867.25,4813.18
525,BTC/INR,1h,SHORT,2026-03-26 16:30:00+05:30,2026-03-27 00:30:00+05:30,69416.32,5796262.83,70457.57,66292.59,68469.73,5717222.08,INTRADAY_SQUAREOFF,0.01,48.13,0.000554,3208.79,43.76,3.76,40.0,40.0,4813.18,4853.17
526,BTC/INR,1h,SHORT,2026-03-27 13:30:00+05:30,2026-03-28 00:30:00+05:30,68384.52,5710107.19,69410.28,65307.21,65849.98,5498473.23,INTRADAY_SQUAREOFF,0.01,48.53,0.000567,3235.45,119.92,3.75,116.17,116.17,4853.17,4969.34
527,BTC/INR,1h,SHORT,2026-03-28 07:30:00+05:30,2026-03-28 18:30:00+05:30,65994.35,5510527.87,66984.26,63024.6,67017.75,5595982.38,STOP_LOSS,0.01,49.69,0.000601,3312.9,-51.37,3.94,-55.31,-55.31,4969.34,4914.03
528,BTC/INR,1h,LONG,2026-03-30 18:30:00+05:30,2026-03-30 22:30:00+05:30,67953.47,5674114.54,66934.17,71011.37,66900.7,5586208.32,STOP_LOSS,0.01,49.14,0.000577,3276.02,-50.75,3.84,-54.59,-54.59,4914.03,4859.44
529,BTC/INR,1h,SHORT,2026-03-31 20:30:00+05:30,2026-03-31 22:30:00+05:30,66445.16,5548170.8,67441.84,63455.13,67475.56,5634209.06,STOP_LOSS,0.01,48.59,0.000584,3239.63,-50.24,3.85,-54.09,-54.09,4859.44,4805.35
530,BTC/INR,1h,LONG,2026-04-01 09:30:00+05:30,2026-04-02 00:30:00+05:30,68158.83,5691262.14,67136.45,71225.98,68020.71,5679729.04,INTRADAY_SQUAREOFF,0.01,48.05,0.000563,3203.57,-6.49,3.78,-10.27,-10.27,4805.35,4795.08
531,BTC/INR,1h,LONG,2026-04-02 06:30:00+05:30,2026-04-02 08:30:00+05:30,68667.47,5733733.33,67637.45,71757.5,67603.63,5644903.46,STOP_LOSS,0.01,47.95,0.000558,3196.72,-49.53,3.74,-53.27,-53.27,4795.08,4741.81
532,BTC/INR,1h,SHORT,2026-04-02 14:30:00+05:30,2026-04-03 00:30:00+05:30,66400.46,5544438.0,67396.46,63412.43,67008.75,5595230.24,INTRADAY_SQUAREOFF,0.01,47.42,0.00057,3161.21,-28.96,3.75,-32.71,-32.71,4741.81,4709.1
533,BTC/INR,1h,LONG,2026-04-05 03:30:00+05:30,2026-04-06 00:30:00+05:30,67436.29,5630929.98,66424.74,70470.92,67341.45,5623011.33,INTRADAY_SQUAREOFF,0.01,47.09,0.000558,3139.4,-4.41,3.7,-8.12,-8.12,4709.1,4700.99
534,BTC/INR,1h,LONG,2026-04-06 04:30:00+05:30,2026-04-07 00:30:00+05:30,68359.65,5708030.53,67334.25,71435.83,69852.57,5832689.75,INTRADAY_SQUAREOFF,0.01,47.01,0.000549,3133.99,68.44,3.74,64.71,64.71,4700.99,4765.69
535,BTC/INR,1h,SHORT,2026-04-07 11:30:00+05:30,2026-04-08 00:30:00+05:30,68589.42,5727216.78,69618.26,65502.9,68462.46,5716615.75,INTRADAY_SQUAREOFF,0.01,47.66,0.000555,3177.13,5.88,3.75,2.14,2.14,4765.69,4767.83
536,BTC/INR,1h,LONG,2026-04-08 10:30:00+05:30,2026-04-09 00:30:00+05:30,71667.79,5984260.68,70592.78,74892.84,71055.23,5933111.54,INTRADAY_SQUAREOFF,0.01,47.68,0.000531,3178.55,-27.17,3.73,-30.9,-30.9,4767.83,4736.93
537,BTC/INR,1h,LONG,2026-04-10 02:30:00+05:30,2026-04-11 00:30:00+05:30,72472.35,6051441.3,71385.27,75733.61,73081.89,6102338.14,INTRADAY_SQUAREOFF,0.01,47.37,0.000522,3157.95,26.56,3.74,22.82,22.82,4736.93,4759.74
538,BTC/INR,1h,LONG,2026-04-11 15:30:00+05:30,2026-04-12 00:30:00+05:30,72974.08,6093335.53,71879.47,76257.91,73519.0,6138836.78,INTRADAY_SQUAREOFF,0.01,47.6,0.000521,3173.16,23.7,3.76,19.94,19.94,4759.74,4779.68
539,BTC/INR,1h,SHORT,2026-04-12 15:30:00+05:30,2026-04-13 00:30:00+05:30,71508.03,5970920.74,72580.65,68290.17,71194.22,5944717.37,INTRADAY_SQUAREOFF,0.01,47.8,0.000534,3186.45,13.98,3.75,10.23,10.23,4779.68,4789.91
540,BTC/INR,1h,SHORT,2026-04-13 09:30:00+05:30,2026-04-13 19:30:00+05:30,70915.53,5921446.95,71979.27,67724.33,72015.25,6013273.79,STOP_LOSS,0.01,47.9,0.000539,3193.28,-49.52,3.8,-53.32,-53.32,4789.91,4736.6
541,BTC/INR,1h,LONG,2026-04-14 00:30:00+05:30,2026-04-14 19:30:00+05:30,72517.79,6055235.27,71430.02,75781.09,75743.2,6324557.0,TARGET_HIT,0.01,47.37,0.000521,3157.73,140.45,3.81,136.64,136.64,4736.6,4873.24
542,BTC/INR,1h,LONG,2026-04-17 05:30:00+05:30,2026-04-18 00:30:00+05:30,75236.06,6282211.02,74107.52,78621.68,77185.13,6444958.38,INTRADAY_SQUAREOFF,0.01,48.73,0.000517,3248.82,84.16,3.88,80.28,80.28,4873.24,4953.52
543,BTC/INR,1h,SHORT,2026-04-18 23:30:00+05:30,2026-04-19 01:30:00+05:30,75784.09,6327971.43,76920.85,72373.8,75716.74,6322347.61,INTRADAY_SQUAREOFF,0.01,49.54,0.000522,3302.34,2.93,3.9,-0.96,-0.96,4953.52,4952.56
544,BTC/INR,1h,SHORT,2026-04-20 03:30:00+05:30,2026-04-20 12:30:00+05:30,74371.45,6210016.24,75487.02,71024.74,75524.77,6306318.06,STOP_LOSS,0.01,49.53,0.000532,3301.7,-51.2,3.93,-55.13,-55.13,4952.56,4897.43
545,BTC/INR,1h,SHORT,2026-04-20 20:30:00+05:30,2026-04-20 23:30:00+05:30,74921.38,6255935.23,76045.2,71549.92,76083.22,6352949.14,STOP_LOSS,0.01,48.97,0.000522,3264.95,-50.63,3.88,-54.51,-54.51,4897.43,4842.92
546,BTC/INR,1h,LONG,2026-04-21 06:30:00+05:30,2026-04-22 00:30:00+05:30,76166.74,6359923.13,75024.24,79594.25,74986.73,6261392.02,STOP_LOSS,0.01,48.43,0.000508,3228.61,-50.02,3.78,-53.8,-53.8,4842.92,4789.12
547,BTC/INR,1h,LONG,2026-04-22 12:30:00+05:30,2026-04-23 00:30:00+05:30,78089.77,6520495.59,76918.42,81603.81,78974.43,6594364.95,INTRADAY_SQUAREOFF,0.01,47.89,0.00049,3192.74,36.17,3.79,32.38,32.38,4789.12,4821.5
548,BTC/INR,1h,SHORT,2026-04-24 00:30:00+05:30,2026-04-25 00:30:00+05:30,77658.94,6484521.5,78823.82,74164.29,77693.83,6487434.6,INTRADAY_SQUAREOFF,0.01,48.21,0.000496,3214.33,-1.44,3.79,-5.24,-5.24,4821.5,4816.26
549,BTC/INR,1h,SHORT,2026-04-25 04:30:00+05:30,2026-04-26 00:30:00+05:30,77270.95,6452124.05,78430.01,73793.75,77348.26,6458579.41,INTRADAY_SQUAREOFF,0.01,48.16,0.000498,3210.84,-3.21,3.79,-7.0,-7.0,4816.26,4809.26
550,BTC/INR,1h,SHORT,2026-04-26 07:30:00+05:30,2026-04-27 00:30:00+05:30,77431.59,6465537.36,78593.06,73947.16,78355.73,6542703.34,INTRADAY_SQUAREOFF,0.01,48.09,0.000496,3206.17,-38.27,3.81,-42.07,-42.07,4809.26,4767.18
551,BTC/INR,1h,LONG,2026-04-27 06:30:00+05:30,2026-04-27 10:30:00+05:30,79392.4,6629264.99,78201.51,82965.05,78162.41,6526561.1,STOP_LOSS,0.01,47.67,0.000479,3178.12,-49.24,3.72,-52.96,-52.96,4767.18,4714.23
552,BTC/INR,1h,LONG,2026-04-27 14:30:00+05:30,2026-04-27 20:30:00+05:30,77860.73,6501371.06,76692.82,81364.46,76654.47,6400648.57,STOP_LOSS,0.01,47.14,0.000483,3142.82,-48.69,3.68,-52.37,-52.37,4714.23,4661.86
553,BTC/INR,1h,SHORT,2026-04-28 03:30:00+05:30,2026-04-29 00:30:00+05:30,76738.61,6407674.06,77889.69,73285.37,76260.64,6367763.65,INTRADAY_SQUAREOFF,0.01,46.62,0.000485,3107.9,19.36,3.66,15.7,15.7,4661.86,4677.56
554,BTC/INR,1h,SHORT,2026-04-29 04:30:00+05:30,2026-04-29 09:30:00+05:30,76167.9,6360020.05,77310.42,72740.35,77349.08,6458648.06,STOP_LOSS,0.01,46.78,0.00049,3118.37,-48.36,3.71,-52.07,-52.07,4677.56,4625.49
555,BTC/INR,1h,SHORT,2026-04-30 05:30:00+05:30,2026-05-01 00:30:00+05:30,75647.33,6316552.0,76782.04,72243.2,76334.9,6373964.01,INTRADAY_SQUAREOFF,0.01,46.25,0.000488,3083.66,-28.03,3.66,-31.68,-31.68,4625.49,4593.81
556,BTC/INR,1h,SHORT,2026-05-01 03:30:00+05:30,2026-05-01 08:30:00+05:30,76167.51,6359986.8,77310.02,72739.97,77348.67,6458614.29,STOP_LOSS,0.01,45.94,0.000482,3062.54,-47.49,3.64,-51.13,-51.13,4593.81,4542.67
557,BTC/INR,1h,LONG,2026-05-02 19:30:00+05:30,2026-05-03 00:30:00+05:30,78449.74,6550553.0,77272.99,81979.97,78422.6,6548286.87,INTRADAY_SQUAREOFF,0.01,45.43,0.000462,3028.45,-1.05,3.57,-4.62,-4.62,4542.67,4538.05
558,BTC/INR,1h,LONG,2026-05-03 04:30:00+05:30,2026-05-04 00:30:00+05:30,78913.59,6589284.39,77729.88,82464.7,78692.92,6570858.41,INTRADAY_SQUAREOFF,0.01,45.38,0.000459,3025.37,-8.46,3.56,-12.02,-12.02,4538.05,4526.03
559,BTC/INR,1h,LONG,2026-05-04 07:30:00+05:30,2026-05-04 15:30:00+05:30,79841.34,6666751.74,78643.72,83434.2,78604.4,6563467.09,STOP_LOSS,0.01,45.26,0.000453,3017.35,-46.75,3.53,-50.28,-50.28,4526.03,4475.75
560,BTC/INR,1h,LONG,2026-05-04 20:30:00+05:30,2026-05-05 00:30:00+05:30,80592.27,6729454.39,79383.38,84218.92,80061.54,6685138.84,INTRADAY_SQUAREOFF,0.01,44.76,0.000443,2983.83,-19.65,3.51,-23.16,-23.16,4475.75,4452.59
561,BTC/INR,1h,LONG,2026-05-05 06:30:00+05:30,2026-05-06 05:30:00+05:30,80216.11,6698045.31,79012.87,83825.84,80844.38,6750505.55,INTRADAY_SQUAREOFF,0.01,44.53,0.000443,2968.39,23.25,3.52,19.73,19.73,4452.59,4472.32
562,BTC/INR,1h,LONG,2026-05-06 14:30:00+05:30,2026-05-07 00:30:00+05:30,82029.72,6849481.7,80799.28,85721.06,81290.18,6787729.89,INTRADAY_SQUAREOFF,0.01,44.72,0.000435,2981.55,-26.88,3.5,-30.38,-30.38,4472.32,4441.94
563,BTC/INR,1h,SHORT,2026-05-07 14:30:00+05:30,2026-05-08 00:30:00+05:30,81153.56,6776322.19,82370.86,77501.65,80239.68,6700013.11,INTRADAY_SQUAREOFF,0.01,44.42,0.000437,2961.29,33.35,3.47,29.87,29.87,4441.94,4471.81
564,BTC/INR,1h,SHORT,2026-05-08 06:30:00+05:30,2026-05-09 00:30:00+05:30,79700.01,6654951.07,80895.51,76113.51,80106.53,6688895.53,INTRADAY_SQUAREOFF,0.01,44.72,0.000448,2981.21,-15.21,3.53,-18.73,-18.73,4471.81,4453.08
565,BTC/INR,1h,LONG,2026-05-10 08:30:00+05:30,2026-05-11 00:30:00+05:30,80812.36,6747832.27,79600.18,84448.92,81224.91,6782279.68,INTRADAY_SQUAREOFF,0.01,44.53,0.00044,2968.72,15.16,3.51,11.64,11.64,4453.08,4464.72
566,BTC/INR,1h,LONG,2026-05-11 04:30:00+05:30,2026-05-11 08:30:00+05:30,82192.8,6863099.0,80959.91,85891.48,80919.43,6756772.44,STOP_LOSS,0.01,44.65,0.000434,2976.48,-46.11,3.49,-49.6,-49.6,4464.72,4415.13
567,BTC/INR,1h,LONG,2026-05-11 15:30:00+05:30,2026-05-12 00:30:00+05:30,81028.13,6765848.57,79812.7,84674.39,81823.07,6832226.18,INTRADAY_SQUAREOFF,0.01,44.15,0.000435,2943.42,28.88,3.49,25.39,25.39,4415.13,4440.51
568,BTC/INR,1h,SHORT,2026-05-13 05:30:00+05:30,2026-05-14 00:30:00+05:30,80379.89,6711720.94,81585.59,76762.8,79614.94,6647847.16,INTRADAY_SQUAREOFF,0.01,44.41,0.000441,2960.34,28.17,3.48,24.7,24.7,4440.51,4465.21
569,BTC/INR,1h,SHORT,2026-05-14 03:30:00+05:30,2026-05-14 19:30:00+05:30,79284.6,6620263.74,80473.86,75716.79,80514.1,6722927.48,STOP_LOSS,0.01,44.65,0.00045,2976.81,-46.16,3.54,-49.7,-49.7,4465.21,4415.51
570,BTC/INR,1h,LONG,2026-05-15 06:30:00+05:30,2026-05-15 10:30:00+05:30,81689.53,6821075.54,80464.18,85365.56,80423.95,6715400.03,STOP_LOSS,0.01,44.16,0.000432,2943.67,-45.6,3.45,-49.05,-49.05,4415.51,4366.45
571,BTC/INR,1h,LONG,2026-05-15 16:30:00+05:30,2026-05-15 18:30:00+05:30,80808.75,6747530.74,79596.62,84445.15,79556.82,6642994.62,STOP_LOSS,0.01,43.66,0.000431,2910.97,-45.1,3.41,-48.51,-48.51,4366.45,4317.95
572,BTC/INR,1h,SHORT,2026-05-17 04:30:00+05:30,2026-05-18 00:30:00+05:30,78086.05,6520184.91,79257.34,74572.17,78271.12,6535638.19,INTRADAY_SQUAREOFF,0.01,43.18,0.000441,2878.63,-6.82,3.4,-10.22,-10.22,4317.95,4307.73
573,BTC/INR,1h,SHORT,2026-05-18 20:30:00+05:30,2026-05-19 00:30:00+05:30,76149.91,6358517.8,77292.16,72723.17,76221.92,6364530.32,INTRADAY_SQUAREOFF,0.01,43.08,0.000452,2871.82,-2.72,3.39,-6.11,-6.11,4307.73,4301.62
574,BTC/INR,1h,SHORT,2026-05-19 07:30:00+05:30,2026-05-20 00:30:00+05:30,76550.78,6391989.78,77699.04,73105.99,76788.88,6411871.08,INTRADAY_SQUAREOFF,0.01,43.02,0.000449,2867.75,-8.92,3.39,-12.31,-12.31,4301.62,4289.31
575,BTC/INR,1h,SHORT,2026-05-20 04:30:00+05:30,2026-05-20 20:30:00+05:30,76533.71,6390565.12,77681.72,73089.7,77720.56,6489666.81,STOP_LOSS,0.01,42.89,0.000447,2859.54,-44.34,3.4,-47.74,-47.74,4289.31,4241.57
576,BTC/INR,1h,LONG,2026-05-21 13:30:00+05:30,2026-05-21 18:30:00+05:30,77863.9,6501636.04,76695.95,81367.78,76657.6,6400909.44,STOP_LOSS,0.01,42.42,0.000435,2827.71,-43.81,3.31,-47.12,-47.12,4241.57,4194.45
577,BTC/INR,1h,SHORT,2026-05-22 23:30:00+05:30,2026-05-23 01:30:00+05:30,76613.64,6397239.17,77762.85,73166.03,75835.6,6332272.77,INTRADAY_SQUAREOFF,0.01,41.94,0.000437,2796.3,28.4,3.28,25.11,25.11,4194.45,4219.56
578,BTC/INR,1h,SHORT,2026-05-23 11:30:00+05:30,2026-05-24 00:30:00+05:30,75338.89,6290797.3,76468.97,71948.64,75798.04,6329136.03,INTRADAY_SQUAREOFF,0.01,42.2,0.000447,2813.04,-17.14,3.33,-20.47,-20.47,4219.56,4199.09
579,BTC/INR,1h,LONG,2026-05-24 07:30:00+05:30,2026-05-25 00:30:00+05:30,76857.93,6417637.42,75705.06,80316.54,76533.78,6390570.99,INTRADAY_SQUAREOFF,0.01,41.99,0.000436,2799.39,-11.81,3.3,-15.1,-15.1,4199.09,4183.98
580,BTC/INR,1h,SHORT,2026-05-25 07:30:00+05:30,2026-05-26 00:30:00+05:30,76791.74,6412110.39,77943.62,73336.11,77524.46,6473292.54,INTRADAY_SQUAREOFF,0.01,41.84,0.000435,2789.32,-26.61,3.31,-29.92,-29.92,4183.98,4154.06
581,BTC/INR,1h,SHORT,2026-05-26 15:30:00+05:30,2026-05-26 19:30:00+05:30,76519.07,6389342.59,77666.86,73075.71,77705.69,6488425.32,STOP_LOSS,0.01,41.54,0.000433,2769.38,-42.95,3.29,-46.24,-46.24,4154.06,4107.82
582,BTC/INR,1h,SHORT,2026-05-26 23:30:00+05:30,2026-05-27 01:30:00+05:30,75698.62,6320835.1,76834.1,72292.19,75970.49,6343535.89,INTRADAY_SQUAREOFF,0.01,41.08,0.000433,2738.55,-9.84,3.24,-13.07,-13.07,4107.82,4094.75
583,BTC/INR,1h,SHORT,2026-05-27 03:30:00+05:30,2026-05-28 00:30:00+05:30,75705.81,6321434.96,76841.39,72299.05,74921.65,6255957.38,INTRADAY_SQUAREOFF,0.01,40.95,0.000432,2729.83,28.28,3.2,25.07,25.07,4094.75,4119.82
584,BTC/INR,1h,SHORT,2026-05-28 03:30:00+05:30,2026-05-29 00:30:00+05:30,74182.89,6194271.32,75295.63,70844.66,73558.85,6142164.38,INTRADAY_SQUAREOFF,0.01,41.2,0.000443,2746.55,23.1,3.23,19.88,19.88,4119.82,4139.7
585,BTC/INR,1h,SHORT,2026-05-29 04:30:00+05:30,2026-05-30 00:30:00+05:30,73302.42,6120752.42,74401.96,70003.82,73309.36,6121331.8,INTRADAY_SQUAREOFF,0.01,41.4,0.000451,2759.8,-0.26,3.26,-3.52,-3.52,4139.7,4136.18
586,BTC/INR,1h,SHORT,2026-06-01 07:30:00+05:30,2026-06-02 00:30:00+05:30,73130.66,6106409.99,74227.62,69839.78,71437.03,5964991.9,INTRADAY_SQUAREOFF,0.01,41.36,0.000452,2757.45,63.86,3.22,60.64,60.64,4136.18,4196.82
587,BTC/INR,1h,SHORT,2026-06-02 03:30:00+05:30,2026-06-02 19:30:00+05:30,70813.98,5912967.46,71876.19,67627.35,67661.17,5649707.37,TARGET_HIT,0.01,41.97,0.000473,2797.88,124.57,3.23,121.34,121.34,4196.82,4318.17
588,BTC/INR,1h,SHORT,2026-06-03 04:30:00+05:30,2026-06-03 10:30:00+05:30,66159.15,5524288.7,67151.53,63181.98,67185.11,5609956.6,STOP_LOSS,0.01,43.18,0.000521,2878.78,-44.64,3.42,-48.07,-48.07,4318.17,4270.1
589,BTC/INR,1h,SHORT,2026-06-03 17:30:00+05:30,2026-06-04 00:30:00+05:30,66919.67,5587792.6,67923.47,63908.29,65965.33,5508105.34,INTRADAY_SQUAREOFF,0.01,42.7,0.000509,2846.73,40.6,3.34,37.26,37.26,4270.1,4307.36
590,BTC/INR,1h,SHORT,2026-06-04 04:30:00+05:30,2026-06-04 07:30:00+05:30,64667.72,5399754.64,65637.74,61757.67,61788.55,5159344.07,TARGET_HIT,0.01,43.07,0.000532,2871.57,127.85,3.31,124.54,124.54,4307.36,4431.9
591,BTC/INR,1h,SHORT,2026-06-04 13:30:00+05:30,2026-06-04 19:30:00+05:30,63408.55,5294613.87,64359.68,60555.16,64391.86,5376720.1,STOP_LOSS,0.01,44.32,0.000558,2954.6,-45.82,3.51,-49.33,-49.33,4431.9,4382.57
592,BTC/INR,1h,SHORT,2026-06-05 08:30:00+05:30,2026-06-05 10:30:00+05:30,62485.98,5217579.3,63423.27,59674.11,63454.98,5298490.91,STOP_LOSS,0.01,43.83,0.00056,2921.71,-45.31,3.47,-48.78,-48.78,4382.57,4333.78
593,BTC/INR,1h,SHORT,2026-06-05 17:30:00+05:30,2026-06-06 00:30:00+05:30,61864.47,5165683.59,62792.44,59080.57,59369.32,4957338.07,INTRADAY_SQUAREOFF,0.01,43.34,0.000559,2889.19,116.53,3.34,113.19,113.19,4333.78,4446.97
594,BTC/INR,1h,SHORT,2026-06-06 07:30:00+05:30,2026-06-07 00:30:00+05:30,60899.0,5085066.18,61812.48,58158.54,60612.3,5061127.28,INTRADAY_SQUAREOFF,0.01,44.47,0.000583,2964.65,13.96,3.49,10.47,10.47,4446.97,4457.44
595,BTC/INR,1h,LONG,2026-06-07 21:30:00+05:30,2026-06-08 00:30:00+05:30,62215.1,5194961.16,61281.88,65014.78,61251.24,5114478.23,STOP_LOSS,0.01,44.57,0.000572,2971.63,-46.04,3.48,-49.52,-49.52,4457.44,4407.92
596,BTC/INR,1h,LONG,2026-06-08 05:30:00+05:30,2026-06-08 10:30:00+05:30,63444.99,5297656.49,62493.31,66300.01,62462.07,5215582.55,STOP_LOSS,0.01,44.08,0.000555,2938.61,-45.53,3.44,-48.97,-48.97,4407.92,4358.95
597,BTC/INR,1h,LONG,2026-06-08 15:30:00+05:30,2026-06-09 00:30:00+05:30,63533.04,5305008.82,62580.04,66392.03,63410.34,5294763.19,INTRADAY_SQUAREOFF,0.01,43.59,0.000548,2905.97,-5.61,3.43,-9.04,-9.04,4358.95,4349.92
598,BTC/INR,1h,SHORT,2026-06-10 03:30:00+05:30,2026-06-10 20:30:00+05:30,61611.5,5144560.18,62535.67,58838.98,62566.94,5224339.45,STOP_LOSS,0.01,43.5,0.000564,2899.94,-44.97,3.45,-48.42,-48.42,4349.92,4301.5
599,BTC/INR,1h,LONG,2026-06-11 16:30:00+05:30,2026-06-12 00:30:00+05:30,63151.04,5273111.86,62203.77,65992.84,63351.56,5289855.12,INTRADAY_SQUAREOFF,0.01,43.01,0.000544,2867.66,9.11,3.39,5.72,5.72,4301.5,4307.21
600,BTC/INR,1h,LONG,2026-06-12 14:30:00+05:30,2026-06-13 00:30:00+05:30,63546.94,5306169.26,62593.73,66406.55,63620.16,5312283.55,INTRADAY_SQUAREOFF,0.01,43.07,0.000541,2871.48,3.31,3.39,-0.08,-0.08,4307.21,4307.13
601,BTC/INR,1h,LONG,2026-06-13 12:30:00+05:30,2026-06-14 00:30:00+05:30,63737.84,5322109.75,62781.77,66606.04,64091.94,5351676.82,INTRADAY_SQUAREOFF,0.01,43.07,0.00054,2871.42,15.95,3.4,12.55,12.55,4307.13,4319.69
602,BTC/INR,1h,LONG,2026-06-14 15:30:00+05:30,2026-06-14 23:30:00+05:30,64612.92,5395178.75,63643.73,67520.5,63611.9,5311593.95,STOP_LOSS,0.01,43.2,0.000534,2879.79,-44.62,3.37,-47.99,-47.99,4319.69,4271.7
603,BTC/INR,1h,LONG,2026-06-15 05:30:00+05:30,2026-06-16 00:30:00+05:30,65794.89,5493873.22,64807.97,68755.66,66701.43,5569569.36,INTRADAY_SQUAREOFF,0.01,42.72,0.000518,2847.8,39.24,3.38,35.85,35.85,4271.7,4307.55
604,BTC/INR,1h,SHORT,2026-06-17 16:30:00+05:30,2026-06-17 20:30:00+05:30,64671.25,5400049.36,65641.32,61761.04,65674.14,5483790.62,STOP_LOSS,0.01,43.08,0.000532,2871.7,-44.53,3.41,-47.95,-47.95,4307.55,4259.61
605,BTC/INR,1h,SHORT,2026-06-18 21:30:00+05:30,2026-06-19 00:30:00+05:30,62207.34,5194313.03,63140.45,59408.01,62662.28,5232300.73,INTRADAY_SQUAREOFF,0.01,42.6,0.000547,2839.74,-20.77,3.36,-24.13,-24.13,4259.61,4235.47
606,BTC/INR,1h,SHORT,2026-06-19 14:30:00+05:30,2026-06-20 00:30:00+05:30,62466.75,5215973.71,63403.75,59655.75,63073.82,5266664.13,INTRADAY_SQUAREOFF,0.01,42.35,0.000541,2823.65,-27.44,3.35,-30.79,-30.79,4235.47,4204.68
607,BTC/INR,1h,LONG,2026-06-21 01:30:00+05:30,2026-06-22 00:30:00+05:30,63931.95,5338317.83,62972.97,66808.89,64098.45,5352220.93,INTRADAY_SQUAREOFF,0.01,42.05,0.000525,2803.12,7.3,3.31,3.99,3.99,4204.68,4208.67
608,BTC/INR,1h,SHORT,2026-06-23 18:30:00+05:30,2026-06-24 00:30:00+05:30,62101.39,5185466.46,63032.92,59306.83,62177.35,5191809.09,INTRADAY_SQUAREOFF,0.01,42.09,0.000541,2805.78,-3.43,3.31,-6.74,-6.74,4208.67,4201.93
609,BTC/INR,1h,SHORT,2026-06-24 08:30:00+05:30,2026-06-24 21:30:00+05:30,62490.33,5217942.48,63427.68,59678.26,59708.1,4985626.63,TARGET_HIT,0.01,42.02,0.000537,2801.29,124.72,3.23,121.49,121.49,4201.93,4323.42
610,BTC/INR,1h,SHORT,2026-06-25 06:30:00+05:30,2026-06-25 10:30:00+05:30,60614.16,5061282.21,61523.37,57886.52,61554.13,5139770.05,STOP_LOSS,0.01,43.23,0.000569,2882.28,-44.7,3.43,-48.12,-48.12,4323.42,4275.29
611,BTC/INR,1h,SHORT,2026-06-26 14:30:00+05:30,2026-06-27 00:30:00+05:30,60020.78,5011734.74,60921.09,57319.84,59595.81,4976250.49,INTRADAY_SQUAREOFF,0.01,42.75,0.000569,2850.2,20.18,3.35,16.83,16.83,4275.29,4292.12
612,BTC/INR,1h,SHORT,2026-06-28 20:30:00+05:30,2026-06-29 00:30:00+05:30,59894.2,5001165.54,60792.61,57198.96,59545.76,4972070.79,INTRADAY_SQUAREOFF,0.01,42.92,0.000572,2861.41,16.65,3.37,13.28,13.28,4292.12,4305.4
613,BTC/INR,1h,SHORT,2026-06-29 04:30:00+05:30,2026-06-29 08:30:00+05:30,58827.55,4912100.59,59709.97,56180.31,59739.82,4988274.99,STOP_LOSS,0.01,43.05,0.000584,2870.27,-44.51,3.41,-47.92,-47.92,4305.4,4257.48
614,BTC/INR,1h,SHORT,2026-06-29 19:30:00+05:30,2026-06-29 22:30:00+05:30,59201.67,4943339.08,60089.69,56537.59,60119.74,5019997.91,STOP_LOSS,0.01,42.57,0.000574,2838.32,-44.02,3.38,-47.39,-47.39,4257.48,4210.09
615,BTC/INR,1h,LONG,2026-07-02 03:30:00+05:30,2026-07-02 05:30:00+05:30,60815.69,5078110.4,59903.46,63552.4,59873.51,4999437.78,STOP_LOSS,0.01,42.1,0.000553,2806.72,-43.48,3.29,-46.77,-46.77,4210.09,4163.32
616,BTC/INR,1h,LONG,2026-07-02 07:30:00+05:30,2026-07-03 00:30:00+05:30,60280.88,5033453.09,59376.66,62993.51,61669.86,5149433.36,INTRADAY_SQUAREOFF,0.01,41.63,0.000551,2775.55,63.95,3.31,60.64,60.64,4163.32,4223.96
617,BTC/INR,1h,LONG,2026-07-03 20:30:00+05:30,2026-07-04 00:30:00+05:30,62228.62,5196089.63,61295.19,65028.91,62118.91,5186929.26,INTRADAY_SQUAREOFF,0.01,42.24,0.000542,2815.97,-4.96,3.32,-8.28,-8.28,4223.96,4215.67
618,BTC/INR,1h,LONG,2026-07-04 18:30:00+05:30,2026-07-05 00:30:00+05:30,62660.53,5232154.54,61720.63,65480.26,63081.79,5267329.87,INTRADAY_SQUAREOFF,0.01,42.16,0.000537,2810.45,18.89,3.33,15.57,15.57,4215.67,4231.24
619,BTC/INR,1h,LONG,2026-07-05 13:30:00+05:30,2026-07-06 00:30:00+05:30,63032.88,5263245.45,62087.39,65869.36,62714.39,5236651.47,INTRADAY_SQUAREOFF,0.01,42.31,0.000536,2820.83,-14.25,3.32,-17.57,-17.57,4231.24,4213.67
620,BTC/INR,1h,LONG,2026-07-06 03:30:00+05:30,2026-07-06 17:30:00+05:30,63194.93,5276776.93,62247.01,66038.71,62215.89,5195026.46,STOP_LOSS,0.01,42.14,0.000532,2809.11,-43.52,3.29,-46.81,-46.81,4213.67,4166.86
621,BTC/INR,1h,LONG,2026-07-07 12:30:00+05:30,2026-07-08 00:30:00+05:30,63379.67,5292202.78,62428.98,66231.76,63600.29,5310624.49,INTRADAY_SQUAREOFF,0.01,41.67,0.000525,2777.91,9.67,3.28,6.39,6.39,4166.86,4173.24
622,BTC/INR,1h,SHORT,2026-07-08 18:30:00+05:30,2026-07-09 00:30:00+05:30,61860.54,5165355.3,62788.45,59076.82,62165.16,5190790.6,INTRADAY_SQUAREOFF,0.01,41.73,0.000539,2782.16,-13.7,3.29,-16.99,-16.99,4173.24,4156.25
623,BTC/INR,1h,SHORT,2026-07-09 07:30:00+05:30,2026-07-09 11:30:00+05:30,61771.89,5157952.62,62698.47,58992.15,62729.82,5237939.57,STOP_LOSS,0.01,41.56,0.000537,2770.84,-42.97,3.29,-46.26,-46.26,4156.25,4109.99
624,BTC/INR,1h,LONG,2026-07-10 07:30:00+05:30,2026-07-11 00:30:00+05:30,63922.93,5337564.97,62964.09,66799.47,63706.62,5319502.69,INTRADAY_SQUAREOFF,0.01,41.1,0.000513,2739.99,-9.27,3.23,-12.5,-12.5,4109.99,4097.49
625,BTC/INR,1h,LONG,2026-07-11 05:30:00+05:30,2026-07-12 00:30:00+05:30,64207.45,5361321.83,63244.34,67096.78,64249.85,5364862.25,INTRADAY_SQUAREOFF,0.01,40.97,0.00051,2731.66,1.8,3.22,-1.42,-1.42,4097.49,4096.07
626,BTC/INR,1h,SHORT,2026-07-12 10:30:00+05:30,2026-07-13 00:30:00+05:30,63875.52,5333605.5,64833.65,61001.12,64141.25,5355794.69,INTRADAY_SQUAREOFF,0.01,40.96,0.000512,2730.71,-11.36,3.23,-14.59,-14.59,4096.07,4081.48
627,BTC/INR,1h,SHORT,2026-07-13 03:30:00+05:30,2026-07-14 05:30:00+05:30,63815.86,5328624.09,64773.1,60944.14,62315.53,5203346.99,INTRADAY_SQUAREOFF,0.01,40.81,0.000511,2720.99,63.97,3.17,60.8,60.8,4081.48,4142.28
628,BTC/INR,1h,LONG,2026-07-14 20:30:00+05:30,2026-07-15 00:30:00+05:30,64308.47,5369756.94,63343.84,67202.35,64501.13,5385844.5,INTRADAY_SQUAREOFF,0.01,41.42,0.000514,2761.52,8.27,3.26,5.01,5.01,4142.28,4147.29
629,BTC/INR,1h,LONG,2026-07-15 05:30:00+05:30,2026-07-16 00:30:00+05:30,65033.99,5430338.08,64058.48,67960.52,64785.63,5409600.11,INTRADAY_SQUAREOFF,0.01,41.47,0.000509,2764.86,-10.56,3.26,-13.82,-13.82,4147.29,4133.47
630,BTC/INR,1h,LONG,2026-07-16 11:30:00+05:30,2026-07-16 13:30:00+05:30,64978.54,5425708.37,64003.87,67902.58,63971.86,5341650.58,STOP_LOSS,0.01,41.33,0.000508,2755.65,-42.69,3.23,-45.92,-45.92,4133.47,4087.55
631,BTC/INR,1h,SHORT,2026-07-17 07:30:00+05:30,2026-07-17 23:30:00+05:30,63387.17,5292828.65,64337.98,60534.75,64370.15,5374907.19,STOP_LOSS,0.01,40.88,0.000515,2725.04,-42.26,3.24,-45.5,-45.5,4087.55,4042.06
632,BTC/INR,1h,LONG,2026-07-18 09:30:00+05:30,2026-07-19 00:30:00+05:30,64009.55,5344797.21,63049.4,66889.98,64439.8,5380722.9,INTRADAY_SQUAREOFF,0.01,40.42,0.000504,2694.7,18.11,3.19,14.92,14.92,4042.06,4056.98
633,BTC/INR,1h,LONG,2026-07-19 19:30:00+05:30,2026-07-20 00:30:00+05:30,64502.5,5385959.14,63534.97,67405.12,64355.79,5373708.82,INTRADAY_SQUAREOFF,0.01,40.57,0.000502,2704.65,-6.15,3.19,-9.34,-9.34,4056.98,4047.64
634,BTC/INR,1h,LONG,2026-07-20 05:30:00+05:30,2026-07-20 11:30:00+05:30,64758.74,5407354.96,63787.36,67672.89,63755.47,5323581.52,STOP_LOSS,0.01,40.48,0.000499,2698.43,-41.81,3.16,-44.96,-44.96,4047.64,4002.67
635,BTC/INR,1h,LONG,2026-07-20 21:30:00+05:30,2026-07-21 00:30:00+05:30,65619.93,5479264.51,64635.64,68572.83,65159.72,5440836.97,INTRADAY_SQUAREOFF,0.01,40.03,0.000487,2668.45,-18.71,3.14,-21.85,-21.85,4002.67,3980.82
636,BTC/INR,1h,LONG,2026-07-21 02:30:00+05:30,2026-07-22 00:30:00+05:30,65423.25,5462841.7,64441.91,68367.3,66245.52,5531500.66,INTRADAY_SQUAREOFF,0.01,39.81,0.000486,2653.88,33.35,3.15,30.2,30.2,3980.82,4011.03
637,BTC/INR,1h,LONG,2026-07-22 05:30:00+05:30,2026-07-22 17:30:00+05:30,66566.16,5558274.12,65567.66,69561.63,65534.88,5472162.55,STOP_LOSS,0.01,40.11,0.000481,2674.02,-41.43,3.13,-44.56,-44.56,4011.03,3966.47
638,BTC/INR,1h,SHORT,2026-07-23 07:30:00+05:30,2026-07-24 00:30:00+05:30,65693.18,5485380.2,66678.57,62736.98,64855.46,5415431.1,INTRADAY_SQUAREOFF,0.01,39.66,0.000482,2644.31,33.72,3.1,30.62,30.62,3966.47,3997.09
639,BTC/INR,1h,SHORT,2026-07-24 14:30:00+05:30,2026-07-25 00:30:00+05:30,65224.39,5446236.65,66202.76,62289.29,64254.76,5365272.44,INTRADAY_SQUAREOFF,0.01,39.97,0.000489,2664.72,39.61,3.12,36.49,36.49,3997.09,4033.58
640,BTC/INR,1h,SHORT,2026-07-25 06:30:00+05:30,2026-07-26 00:30:00+05:30,63952.23,5340010.92,64911.51,61074.38,64394.09,5376906.61,INTRADAY_SQUAREOFF,0.01,40.34,0.000504,2689.05,-18.58,3.18,-21.76,-21.76,4033.58,4011.82
641,BTC/INR,1h,LONG,2026-07-26 04:30:00+05:30,2026-07-27 00:30:00+05:30,64401.88,5377557.32,63435.86,67299.97,64653.85,5398596.33,INTRADAY_SQUAREOFF,0.01,40.12,0.000497,2674.54,10.46,3.16,7.3,7.3,4011.82,4019.12
642,BTC/INR,1h,LONG,2026-07-27 04:30:00+05:30,2026-07-27 19:30:00+05:30,65480.72,5467640.45,64498.51,68427.36,64466.26,5382933.03,STOP_LOSS,0.01,40.19,0.00049,2679.41,-41.51,3.14,-44.65,-44.65,4019.12,3974.47
643,BTC/INR,1h,SHORT,2026-07-28 04:30:00+05:30,2026-07-29 00:30:00+05:30,63688.15,5317960.67,64643.47,60822.18,63688.41,5317981.94,INTRADAY_SQUAREOFF,0.01,39.74,0.000498,2649.65,-0.01,3.13,-3.14,-3.14,3974.47,3971.33
644,BTC/INR,1h,LONG,2026-07-29 15:30:00+05:30,2026-07-29 21:30:00+05:30,64674.1,5400287.53,63703.99,67584.44,63672.14,5316623.57,STOP_LOSS,0.01,39.71,0.00049,2647.56,-41.02,3.1,-44.12,-44.12,3971.33,3927.22
645,BTC/INR,1h,LONG,2026-07-29 23:30:00+05:30,2026-07-30 01:30:00+05:30,64437.1,5380497.92,63470.54,67336.77,63438.81,5297140.56,STOP_LOSS,0.01,39.27,0.000487,2618.14,-40.56,3.07,-43.63,-43.63,3927.22,3883.59
646,BTC/INR,1h,SHORT,2026-07-31 19:30:00+05:30,2026-08-01 00:30:00+05:30,63128.55,5271233.83,64075.48,60287.76,63076.52,5266889.63,INTRADAY_SQUAREOFF,0.01,38.84,0.000491,2589.06,2.13,3.05,-0.92,-0.92,3883.59,3882.67
647,BTC/INR,1h,SHORT,2026-08-01 05:30:00+05:30,2026-08-02 00:30:00+05:30,62772.69,5241519.43,63714.28,59947.92,62538.88,5221996.71,INTRADAY_SQUAREOFF,0.01,38.83,0.000494,2588.45,9.64,3.05,6.59,6.59,3882.67,3889.26
648,BTC/INR,1h,LONG,2026-08-02 23:30:00+05:30,2026-08-03 01:30:00+05:30,63300.11,5285559.58,62350.61,66148.62,63356.06,5290230.69,INTRADAY_SQUAREOFF,0.01,38.89,0.000491,2592.84,2.29,3.06,-0.77,-0.77,3889.26,3888.49
649,BTC/INR,1h,SHORT,2026-08-03 12:30:00+05:30,2026-08-03 19:30:00+05:30,62497.61,5218550.81,63435.08,59685.22,63466.8,5299477.48,STOP_LOSS,0.01,38.88,0.000497,2592.33,-40.2,3.08,-43.28,-43.28,3888.49,3845.21
650,BTC/INR,1h,LONG,2026-08-04 07:30:00+05:30,2026-08-05 00:30:00+05:30,63888.85,5334719.0,62930.52,66763.85,64219.09,5362293.63,INTRADAY_SQUAREOFF,0.01,38.45,0.000481,2563.47,13.25,3.03,10.22,10.22,3845.21,3855.43
651,BTC/INR,1h,LONG,2026-08-05 07:30:00+05:30,2026-08-06 00:30:00+05:30,64329.54,5371516.53,63364.6,67224.37,64700.63,5402502.9,INTRADAY_SQUAREOFF,0.01,38.55,0.000479,2570.28,14.83,3.04,11.79,11.79,3855.43,3867.21
652,BTC/INR,1h,LONG,2026-08-06 10:30:00+05:30,2026-08-07 00:30:00+05:30,64708.38,5403149.49,63737.75,67620.25,64325.81,5371205.08,INTRADAY_SQUAREOFF,0.01,38.67,0.000477,2578.14,-15.24,3.03,-18.28,-18.28,3867.21,3848.94
653,BTC/INR,1h,SHORT,2026-08-10 21:30:00+05:30,2026-08-11 00:30:00+05:30,64113.43,5353471.18,65075.13,61228.32,63847.25,5331245.17,INTRADAY_SQUAREOFF,0.01,38.49,0.000479,2565.96,10.65,3.02,7.63,7.63,3848.94,3856.57
654,BTC/INR,1h,SHORT,2026-08-11 03:30:00+05:30,2026-08-12 00:30:00+05:30,63871.35,5333257.65,64829.42,60997.14,63322.93,5287464.4,INTRADAY_SQUAREOFF,0.01,38.57,0.000482,2571.04,22.08,3.02,19.06,19.06,3856.57,3875.62
655,BTC/INR,1h,SHORT,2026-08-13 21:30:00+05:30,2026-08-14 00:30:00+05:30,63322.82,5287455.7,64272.67,60473.3,63271.61,5283179.29,INTRADAY_SQUAREOFF,0.01,38.76,0.000489,2583.75,2.09,3.05,-0.96,-0.96,3875.62,3874.66
656,BTC/INR,1h,SHORT,2026-08-14 09:30:00+05:30,2026-08-15 00:30:00+05:30,63206.88,5277774.54,64154.98,60362.57,62887.34,5251092.73,INTRADAY_SQUAREOFF,0.01,38.75,0.000489,2583.11,13.06,3.04,10.02,10.02,3874.66,3884.68
657,BTC/INR,1h,SHORT,2026-08-15 14:30:00+05:30,2026-08-16 00:30:00+05:30,62831.7,5246446.73,63774.17,60004.27,63020.62,5262221.41,INTRADAY_SQUAREOFF,0.01,38.85,0.000494,2589.79,-7.79,3.06,-10.85,-10.85,3884.68,3873.84
658,BTC/INR,1h,SHORT,2026-08-16 05:30:00+05:30,2026-08-17 00:30:00+05:30,62982.61,5259048.27,63927.35,60148.4,63105.84,5269337.47,INTRADAY_SQUAREOFF,0.01,38.74,0.000491,2582.56,-5.05,3.05,-8.1,-8.1,3873.84,3865.73
659,BTC/INR,1h,LONG,2026-08-17 12:30:00+05:30,2026-08-18 00:30:00+05:30,63685.18,5317712.38,62729.9,66551.01,64327.72,5371364.49,INTRADAY_SQUAREOFF,0.01,38.66,0.000485,2577.15,26.0,3.06,22.95,22.95,3865.73,3888.68
660,BTC/INR,1h,LONG,2026-08-18 05:30:00+05:30,2026-08-19 00:30:00+05:30,64557.03,5390512.16,63588.68,67462.1,64696.69,5402173.3,INTRADAY_SQUAREOFF,0.01,38.89,0.000481,2592.45,5.61,3.06,2.55,2.55,3888.68,3891.22
661,BTC/INR,1h,LONG,2026-08-19 16:30:00+05:30,2026-08-19 20:30:00+05:30,64436.98,5380488.13,63470.43,67336.65,67302.98,5619798.79,TARGET_HIT,0.01,38.91,0.000482,2594.15,115.38,3.13,112.25,112.25,3891.22,4003.48
662,BTC/INR,1h,LONG,2026-08-20 10:30:00+05:30,2026-08-20 20:30:00+05:30,69568.19,5808943.75,68524.67,72698.76,72662.41,6067311.04,TARGET_HIT,0.01,40.03,0.000459,2668.98,118.71,3.22,115.49,115.49,4003.48,4118.97
663,BTC/INR,1h,LONG,2026-08-21 11:30:00+05:30,2026-08-21 13:30:00+05:30,75498.05,6304087.21,74365.58,78895.46,78856.02,6584477.25,TARGET_HIT,0.01,41.19,0.000436,2745.98,122.13,3.31,118.82,118.82,4118.97,4237.79
664,BTC/INR,1h,LONG,2026-08-22 03:30:00+05:30,2026-08-22 10:30:00+05:30,78703.5,6571742.58,77522.95,82245.16,77484.19,6469929.86,STOP_LOSS,0.01,42.38,0.00043,2825.19,-43.77,3.31,-47.08,-47.08,4237.79,4190.71
665,BTC/INR,1h,LONG,2026-08-22 18:30:00+05:30,2026-08-23 00:30:00+05:30,77411.73,6463879.74,76250.56,80895.26,77223.28,6448143.49,INTRADAY_SQUAREOFF,0.01,41.91,0.000432,2793.81,-6.8,3.29,-10.09,-10.09,4190.71,4180.62
666,BTC/INR,1h,LONG,2026-08-24 12:30:00+05:30,2026-08-25 00:30:00+05:30,77558.02,6476094.46,76394.65,81048.13,78905.13,6588578.29,INTRADAY_SQUAREOFF,0.01,41.81,0.00043,2787.08,48.41,3.32,45.09,45.09,4180.62,4225.71
667,BTC/INR,1h,LONG,2026-08-25 06:30:00+05:30,2026-08-25 17:30:00+05:30,79919.97,6673317.6,78721.17,83516.37,78681.81,6569931.23,STOP_LOSS,0.01,42.26,0.000422,2817.14,-43.64,3.3,-46.94,-46.94,4225.71,4178.76
668,BTC/INR,1h,SHORT,2026-08-26 05:30:00+05:30,2026-08-27 00:30:00+05:30,78349.87,6542213.98,79525.12,74824.12,78495.27,6554354.8,INTRADAY_SQUAREOFF,0.01,41.79,0.000426,2785.84,-5.17,3.29,-8.46,-8.46,4178.76,4170.3
669,BTC/INR,1h,LONG,2026-08-28 06:30:00+05:30,2026-08-28 13:30:00+05:30,80761.1,6743552.06,79549.69,84395.35,79509.91,6639077.58,STOP_LOSS,0.01,41.7,0.000412,2780.2,-43.07,3.26,-46.33,-46.33,4170.3,4123.98
670,BTC/INR,1h,SHORT,2026-08-29 09:30:00+05:30,2026-08-30 00:30:00+05:30,77462.28,6468100.44,78624.21,73976.48,78192.07,6529037.74,INTRADAY_SQUAREOFF,0.01,41.24,0.000425,2749.32,-25.9,3.26,-29.16,-29.16,4123.98,4094.82
671,BTC/INR,1h,LONG,2026-08-30 22:30:00+05:30,2026-08-31 00:30:00+05:30,79420.03,6631572.83,78228.73,82993.94,78988.53,6595542.49,INTRADAY_SQUAREOFF,0.01,40.95,0.000412,2729.88,-14.83,3.21,-18.04,-18.04,4094.82,4076.77
672,BTC/INR,1h,SHORT,2026-08-31 17:30:00+05:30,2026-09-01 00:30:00+05:30,78228.94,6532116.18,79402.37,74708.63,79048.0,6600508.35,INTRADAY_SQUAREOFF,0.01,40.77,0.000416,2717.85,-28.46,3.22,-31.68,-31.68,4076.77,4045.09
673,BTC/INR,1h,SHORT,2026-09-01 04:30:00+05:30,2026-09-02 00:30:00+05:30,78515.76,6556066.09,79693.5,74982.55,77165.43,6443313.46,INTRADAY_SQUAREOFF,0.01,40.45,0.000411,2696.73,46.38,3.15,43.22,43.22,4045.09,4088.32
674,BTC/INR,1h,SHORT,2026-09-02 14:30:00+05:30,2026-09-03 00:30:00+05:30,76663.14,6401372.31,77813.09,73213.3,77378.44,6461100.02,INTRADAY_SQUAREOFF,0.01,40.88,0.000426,2725.54,-25.43,3.23,-28.66,-28.66,4088.32,4059.65
675,BTC/INR,1h,SHORT,2026-09-03 04:30:00+05:30,2026-09-03 12:30:00+05:30,76951.15,6425420.67,78105.41,73488.34,78144.47,6525062.89,STOP_LOSS,0.01,40.6,0.000421,2706.44,-41.97,3.22,-45.19,-45.19,4059.65,4014.47
676,BTC/INR,1h,SHORT,2026-09-03 15:30:00+05:30,2026-09-03 17:30:00+05:30,77532.21,6473939.91,78695.2,74043.26,78734.55,6574334.53,STOP_LOSS,0.01,40.14,0.000413,2676.31,-41.5,3.18,-44.69,-44.69,4014.47,3969.78
677,BTC/INR,1h,LONG,2026-09-04 01:30:00+05:30,2026-09-04 11:30:00+05:30,81853.22,6834743.76,80625.42,85536.61,80585.11,6728856.49,STOP_LOSS,0.01,39.7,0.000387,2646.52,-41.0,3.1,-44.1,-44.1,3969.78,3925.68
678,BTC/INR,1h,LONG,2026-09-04 14:30:00+05:30,2026-09-04 17:30:00+05:30,81265.25,6785648.62,80046.27,84922.19,80006.25,6680521.96,STOP_LOSS,0.01,39.26,0.000386,2617.12,-40.55,3.06,-43.61,-43.61,3925.68,3882.07
679,BTC/INR,1h,SHORT,2026-09-05 06:30:00+05:30,2026-09-06 00:30:00+05:30,79534.68,6641145.91,80727.7,75955.62,80034.27,6682861.59,INTRADAY_SQUAREOFF,0.01,38.82,0.00039,2588.05,-16.26,3.06,-19.32,-19.32,3882.07,3862.75
680,BTC/INR,1h,SHORT,2026-09-07 19:30:00+05:30,2026-09-08 00:30:00+05:30,79269.92,6619037.95,80458.96,75702.77,79234.62,6616090.85,INTRADAY_SQUAREOFF,0.01,38.63,0.000389,2575.17,1.15,3.04,-1.89,-1.89,3862.75,3860.86
681,BTC/INR,1h,SHORT,2026-09-08 03:30:00+05:30,2026-09-09 00:30:00+05:30,79099.92,6604843.52,80286.42,75540.43,78492.09,6554089.16,INTRADAY_SQUAREOFF,0.01,38.61,0.00039,2573.91,19.78,3.03,16.75,16.75,3860.86,3877.61
682,BTC/INR,1h,LONG,2026-09-09 17:30:00+05:30,2026-09-09 20:30:00+05:30,79386.2,6628748.08,78195.41,82958.58,78156.31,6526052.2,STOP_LOSS,0.01,38.78,0.00039,2585.07,-40.05,3.03,-43.08,-43.08,3877.61,3834.54
683,BTC/INR,1h,SHORT,2026-09-10 15:30:00+05:30,2026-09-11 00:30:00+05:30,77864.36,6501674.13,79032.33,74360.46,77245.67,6450013.11,INTRADAY_SQUAREOFF,0.01,38.35,0.000393,2556.36,20.31,3.0,17.31,17.31,3834.54,3851.84
684,BTC/INR,1h,SHORT,2026-09-11 04:30:00+05:30,2026-09-11 17:30:00+05:30,76747.28,6408397.8,77898.49,73293.65,77937.44,6507776.03,STOP_LOSS,0.01,38.52,0.000401,2567.9,-39.82,3.05,-42.88,-42.88,3851.84,3808.97
685,BTC/INR,1h,LONG,2026-09-12 14:30:00+05:30,2026-09-13 00:30:00+05:30,77395.21,6462499.99,76234.28,80877.99,77087.72,6436824.46,INTRADAY_SQUAREOFF,0.01,38.09,0.000393,2539.31,-10.09,2.99,-13.08,-13.08,3808.97,3795.89
686,BTC/INR,1h,LONG,2026-09-13 03:30:00+05:30,2026-09-14 00:30:00+05:30,77300.57,6454597.47,76141.06,80779.09,77273.67,6452351.61,INTRADAY_SQUAREOFF,0.01,37.96,0.000392,2530.59,-0.88,2.99,-3.87,-3.87,3795.89,3792.02
687,BTC/INR,1h,LONG,2026-09-14 13:30:00+05:30,2026-09-15 00:30:00+05:30,77898.08,6504489.51,76729.61,81403.49,79160.4,6609893.4,INTRADAY_SQUAREOFF,0.01,37.92,0.000389,2528.02,40.97,3.01,37.96,37.96,3792.02,3829.98
688,BTC/INR,1h,SHORT,2026-09-16 03:30:00+05:30,2026-09-16 23:30:00+05:30,75309.98,6288383.53,76439.63,71921.03,76477.85,6385900.64,STOP_LOSS,0.01,38.3,0.000406,2553.32,-39.6,3.04,-42.63,-42.63,3829.98,3787.35
689,BTC/INR,1h,SHORT,2026-09-17 03:30:00+05:30,2026-09-17 17:30:00+05:30,75819.67,6330942.68,76956.97,72407.79,76995.45,6429119.77,STOP_LOSS,0.01,37.87,0.000399,2524.9,-39.15,3.0,-42.16,-42.16,3787.35,3745.19
690,BTC/INR,1h,LONG,2026-09-18 13:30:00+05:30,2026-09-19 00:30:00+05:30,77812.66,6497357.14,76645.47,81314.23,81273.57,6786343.34,TARGET_HIT,0.01,37.45,0.000384,2496.8,111.05,3.01,108.04,108.04,3745.19,3853.23
691,BTC/INR,1h,LONG,2026-09-19 06:30:00+05:30,2026-09-20 00:30:00+05:30,81716.81,6823354.01,80491.06,85394.07,81386.61,6795781.66,INTRADAY_SQUAREOFF,0.01,38.53,0.000376,2568.82,-10.38,3.03,-13.41,-13.41,3853.23,3839.83
692,BTC/INR,1h,LONG,2026-09-20 04:30:00+05:30,2026-09-21 00:30:00+05:30,81278.16,6786726.18,80058.99,84935.67,80999.47,6763455.93,INTRADAY_SQUAREOFF,0.01,38.4,0.000377,2559.88,-8.78,3.02,-11.79,-11.79,3839.83,3828.03
693,BTC/INR,1h,LONG,2026-09-21 13:30:00+05:30,2026-09-21 18:30:00+05:30,81756.24,6826646.08,80529.9,85435.27,85392.55,7130278.23,TARGET_HIT,0.01,38.28,0.000374,2552.02,113.51,3.08,110.43,110.43,3828.03,3938.46
694,BTC/INR,1h,LONG,2026-09-22 14:30:00+05:30,2026-09-23 00:30:00+05:30,86374.71,7212288.51,85079.09,90261.57,86431.22,7217006.53,INTRADAY_SQUAREOFF,0.01,39.38,0.000364,2625.64,1.72,3.1,-1.38,-1.38,3938.46,3937.08
695,BTC/INR,1h,LONG,2026-09-23 10:30:00+05:30,2026-09-23 12:30:00+05:30,87324.49,7291595.08,86014.62,91254.09,85971.62,7178630.04,STOP_LOSS,0.01,39.37,0.00036,2624.72,-40.66,3.07,-43.74,-43.74,3937.08,3893.34
