trade_no,coin,timeframe,direction,entry_time,exit_time,entry_price_usd,entry_price_inr,stop_price_usd,target_price_usd,exit_price_usd,exit_price_inr,exit_reason,risk_pct,risk_inr,position_size_coin,position_size_inr,gross_pnl_inr,fees_inr,net_pnl_inr,net_pnl,equity_before,equity_after
1,SOL/INR,1h,LONG,2024-09-26 21:30:00+05:30,2024-09-26 23:30:00+05:30,157.86,13181.12,156.28,162.59,156.2,13042.79,STOP_LOSS,0.01,100.0,0.720728,9500.0,-99.7,11.15,-110.85,-110.85,10000.0,9889.15
2,SOL/INR,1h,LONG,2024-09-27 04:30:00+05:30,2024-09-27 06:30:00+05:30,156.35,13055.18,154.79,161.04,154.71,12918.17,STOP_LOSS,0.01,98.89,0.719614,9394.69,-98.6,11.03,-109.62,-109.62,9889.15,9779.52
3,SOL/INR,1h,LONG,2024-09-27 10:30:00+05:30,2024-09-28 00:30:00+05:30,157.09,13116.83,155.52,161.8,158.4,13226.52,INTRADAY_SQUAREOFF,0.01,97.8,0.708292,9290.55,77.69,11.01,66.68,66.68,9779.52,9846.2
4,SOL/INR,1h,LONG,2024-09-28 07:30:00+05:30,2024-09-28 11:30:00+05:30,158.61,13243.77,157.02,163.37,156.94,13104.77,STOP_LOSS,0.01,98.46,0.706286,9353.89,-98.17,10.98,-109.15,-109.15,9846.2,9737.05
5,SOL/INR,1h,SHORT,2024-09-28 22:30:00+05:30,2024-09-29 00:30:00+05:30,156.67,13081.85,158.24,151.97,156.83,13095.09,INTRADAY_SQUAREOFF,0.01,97.37,0.707102,9250.2,-9.36,10.92,-20.28,-20.28,9737.05,9716.77
6,SOL/INR,1h,SHORT,2024-09-29 02:30:00+05:30,2024-09-29 07:30:00+05:30,156.52,13069.33,158.08,151.82,158.16,13206.62,STOP_LOSS,0.01,97.17,0.706305,9230.93,-96.97,10.95,-107.92,-107.92,9716.77,9608.85
7,SOL/INR,1h,SHORT,2024-09-29 11:30:00+05:30,2024-09-29 22:30:00+05:30,156.38,13057.38,157.94,151.68,158.02,13194.55,STOP_LOSS,0.01,96.09,0.699099,9128.41,-95.89,10.83,-106.72,-106.72,9608.85,9502.13
8,SOL/INR,1h,SHORT,2024-09-30 15:30:00+05:30,2024-09-30 17:30:00+05:30,155.04,12945.47,156.59,150.38,156.66,13081.46,STOP_LOSS,0.01,95.02,0.697311,9027.02,-94.83,10.71,-105.54,-105.54,9502.13,9396.59
9,SOL/INR,1h,SHORT,2024-09-30 21:30:00+05:30,2024-10-01 00:30:00+05:30,154.53,12903.37,156.08,149.9,155.06,12947.85,INTRADAY_SQUAREOFF,0.01,93.97,0.691816,8926.76,-30.77,10.55,-41.32,-41.32,9396.59,9355.27
10,SOL/INR,1h,SHORT,2024-10-01 04:30:00+05:30,2024-10-01 11:30:00+05:30,154.57,12906.76,156.12,149.93,156.2,13042.35,STOP_LOSS,0.01,93.55,0.688593,8887.51,-93.36,10.54,-103.91,-103.91,9355.27,9251.37
11,SOL/INR,1h,SHORT,2024-10-01 17:30:00+05:30,2024-10-01 19:30:00+05:30,156.56,13072.75,158.13,151.86,151.94,12686.9,TARGET_HIT,0.01,92.51,0.672299,8788.8,259.4,10.22,249.18,249.18,9251.37,9500.55
12,SOL/INR,1h,SHORT,2024-10-02 04:30:00+05:30,2024-10-02 06:30:00+05:30,144.02,12026.02,145.46,139.7,145.54,12152.36,STOP_LOSS,0.01,95.01,0.750499,9025.52,-94.81,10.71,-105.52,-105.52,9500.55,9395.03
13,SOL/INR,1h,SHORT,2024-10-02 10:30:00+05:30,2024-10-02 12:30:00+05:30,146.57,12238.71,148.04,142.17,148.11,12367.28,STOP_LOSS,0.01,93.95,0.729266,8925.28,-93.76,10.59,-104.35,-104.35,9395.03,9290.68
14,SOL/INR,1h,SHORT,2024-10-02 15:30:00+05:30,2024-10-02 20:30:00+05:30,145.83,12176.85,147.29,141.46,147.36,12304.77,STOP_LOSS,0.01,92.91,0.72483,8826.15,-92.72,10.47,-103.19,-103.19,9290.68,9187.49
15,SOL/INR,1h,SHORT,2024-10-03 00:30:00+05:30,2024-10-03 13:30:00+05:30,142.54,11902.43,143.97,138.27,138.34,11551.13,TARGET_HIT,0.01,91.87,0.733305,8728.12,257.61,10.15,247.46,247.46,9187.49,9434.96
16,SOL/INR,1h,SHORT,2024-10-03 17:30:00+05:30,2024-10-04 00:30:00+05:30,136.9,11431.03,138.27,132.79,136.36,11386.25,INTRADAY_SQUAREOFF,0.01,94.35,0.784112,8963.21,35.11,10.56,24.56,24.56,9434.96,9459.51
17,SOL/INR,1h,SHORT,2024-10-04 16:30:00+05:30,2024-10-04 18:30:00+05:30,139.35,11635.36,140.74,135.17,140.81,11757.59,STOP_LOSS,0.01,94.6,0.772347,8986.54,-94.4,10.66,-105.06,-105.06,9459.51,9354.45
18,SOL/INR,1h,LONG,2024-10-05 06:30:00+05:30,2024-10-05 08:30:00+05:30,143.98,12022.09,142.54,148.3,142.47,11895.92,STOP_LOSS,0.01,93.54,0.7392,8886.73,-93.27,10.43,-103.7,-103.7,9354.45,9250.75
19,SOL/INR,1h,LONG,2024-10-05 11:30:00+05:30,2024-10-06 00:30:00+05:30,143.52,11983.51,142.08,147.82,142.24,11877.15,INTRADAY_SQUAREOFF,0.01,92.51,0.733359,8788.22,-78.0,10.32,-88.33,-88.33,9250.75,9162.43
20,SOL/INR,1h,LONG,2024-10-07 00:30:00+05:30,2024-10-07 02:30:00+05:30,146.0,12191.15,144.54,150.38,144.47,12063.2,STOP_LOSS,0.01,91.62,0.713986,8704.31,-91.35,10.22,-101.57,-101.57,9162.43,9060.86
21,SOL/INR,1h,LONG,2024-10-07 05:30:00+05:30,2024-10-07 19:30:00+05:30,146.66,12245.86,145.19,151.06,150.98,12606.93,TARGET_HIT,0.01,90.61,0.702917,8607.82,253.8,10.31,243.49,243.49,9060.86,9304.35
22,SOL/INR,1h,SHORT,2024-10-08 18:30:00+05:30,2024-10-09 00:30:00+05:30,143.54,11985.39,144.97,139.23,142.96,11936.8,INTRADAY_SQUAREOFF,0.01,93.04,0.737492,8839.14,35.83,10.41,25.42,25.42,9304.35,9329.78
23,SOL/INR,1h,SHORT,2024-10-09 04:30:00+05:30,2024-10-09 06:30:00+05:30,143.15,11953.17,144.58,138.86,144.66,12078.73,STOP_LOSS,0.01,93.3,0.741501,8863.29,-93.11,10.51,-103.62,-103.62,9329.78,9226.15
24,SOL/INR,1h,SHORT,2024-10-09 08:30:00+05:30,2024-10-10 00:30:00+05:30,143.9,12015.64,145.34,139.58,140.5,11732.14,INTRADAY_SQUAREOFF,0.01,92.26,0.729453,8764.85,206.8,10.22,196.58,196.58,9226.15,9422.74
25,SOL/INR,1h,SHORT,2024-10-10 02:30:00+05:30,2024-10-10 10:30:00+05:30,138.76,11586.44,140.15,134.6,140.22,11708.16,STOP_LOSS,0.01,94.23,0.772593,8951.6,-94.04,10.62,-104.65,-104.65,9422.74,9318.08
26,SOL/INR,1h,SHORT,2024-10-10 14:30:00+05:30,2024-10-10 16:30:00+05:30,138.52,11566.61,139.91,134.37,139.98,11688.11,STOP_LOSS,0.01,93.18,0.765322,8852.18,-92.99,10.5,-103.49,-103.49,9318.08,9214.59
27,SOL/INR,1h,SHORT,2024-10-10 23:30:00+05:30,2024-10-11 01:30:00+05:30,136.43,11392.21,137.8,132.34,137.87,11511.89,STOP_LOSS,0.01,92.15,0.768407,8753.86,-91.96,10.38,-102.34,-102.34,9214.59,9112.24
28,SOL/INR,1h,LONG,2024-10-11 18:30:00+05:30,2024-10-12 00:30:00+05:30,143.0,11940.53,141.57,147.29,145.73,12168.76,INTRADAY_SQUAREOFF,0.01,91.12,0.724979,8656.63,165.46,10.31,155.15,155.15,9112.24,9267.39
29,SOL/INR,1h,LONG,2024-10-12 06:30:00+05:30,2024-10-12 08:30:00+05:30,146.49,12231.93,145.03,150.88,144.95,12103.56,STOP_LOSS,0.01,92.67,0.719757,8804.02,-92.4,10.33,-102.73,-102.73,9267.39,9164.66
30,SOL/INR,1h,LONG,2024-10-12 16:30:00+05:30,2024-10-13 00:30:00+05:30,146.81,12258.77,145.34,151.22,146.39,12223.55,INTRADAY_SQUAREOFF,0.01,91.65,0.71022,8706.43,-25.02,10.26,-35.28,-35.28,9164.66,9129.39
31,SOL/INR,1h,LONG,2024-10-13 04:30:00+05:30,2024-10-13 08:30:00+05:30,147.15,12287.23,145.68,151.57,145.61,12158.28,STOP_LOSS,0.01,91.29,0.705848,8672.92,-91.02,10.18,-101.2,-101.2,9129.39,9028.18
32,SOL/INR,1h,LONG,2024-10-13 11:30:00+05:30,2024-10-13 20:30:00+05:30,146.65,12244.92,145.18,151.05,145.11,12116.41,STOP_LOSS,0.01,90.28,0.700435,8576.77,-90.01,10.07,-100.08,-100.08,9028.18,8928.1
33,SOL/INR,1h,LONG,2024-10-14 13:30:00+05:30,2024-10-14 20:30:00+05:30,152.95,12771.37,151.42,157.54,157.46,13147.94,TARGET_HIT,0.01,89.28,0.664118,8481.7,250.08,10.16,239.93,239.93,8928.1,9168.03
34,SOL/INR,1h,LONG,2024-10-15 04:30:00+05:30,2024-10-15 08:30:00+05:30,157.62,13161.61,156.05,162.35,155.97,13023.48,STOP_LOSS,0.01,91.68,0.661745,8709.63,-91.41,10.22,-101.63,-101.63,9168.03,9066.4
35,SOL/INR,1h,SHORT,2024-10-17 17:30:00+05:30,2024-10-17 20:30:00+05:30,151.14,12620.12,152.65,146.6,152.73,12752.69,STOP_LOSS,0.01,90.66,0.682488,8613.08,-90.48,10.22,-100.7,-100.7,9066.4,8965.7
36,SOL/INR,1h,SHORT,2024-10-17 22:30:00+05:30,2024-10-18 00:30:00+05:30,150.84,12594.92,152.35,146.31,148.61,12408.76,INTRADAY_SQUAREOFF,0.01,89.66,0.676258,8517.42,125.9,9.98,115.92,115.92,8965.7,9081.62
37,SOL/INR,1h,SHORT,2024-10-18 06:30:00+05:30,2024-10-18 08:30:00+05:30,149.63,12494.25,151.13,145.14,151.2,12625.51,STOP_LOSS,0.01,90.82,0.690521,8627.54,-90.63,10.23,-100.87,-100.87,9081.62,8980.75
38,SOL/INR,1h,LONG,2024-10-19 05:30:00+05:30,2024-10-20 00:30:00+05:30,155.13,12953.49,153.58,159.79,155.85,13013.72,INTRADAY_SQUAREOFF,0.01,89.81,0.658643,8531.72,39.67,10.09,29.58,29.58,8980.75,9010.33
39,SOL/INR,1h,LONG,2024-10-20 15:30:00+05:30,2024-10-20 18:30:00+05:30,159.42,13311.36,157.82,164.2,157.74,13171.66,STOP_LOSS,0.01,90.1,0.643046,8559.82,-89.84,10.05,-99.88,-99.88,9010.33,8910.45
40,SOL/INR,1h,LONG,2024-10-20 20:30:00+05:30,2024-10-20 22:30:00+05:30,161.15,13456.43,159.54,165.99,159.46,13315.2,STOP_LOSS,0.01,89.1,0.629062,8464.93,-88.84,9.94,-98.78,-98.78,8910.45,8811.68
41,SOL/INR,1h,LONG,2024-10-21 02:30:00+05:30,2024-10-21 05:30:00+05:30,162.91,13603.18,161.28,167.8,167.72,14004.27,TARGET_HIT,0.01,88.12,0.615378,8371.09,246.82,10.02,236.8,236.8,8811.68,9048.47
42,SOL/INR,1h,LONG,2024-10-21 10:30:00+05:30,2024-10-21 13:30:00+05:30,170.42,14229.69,168.71,175.53,168.63,14080.35,STOP_LOSS,0.01,90.48,0.604093,8596.05,-90.22,10.09,-100.31,-100.31,9048.47,8948.17
43,SOL/INR,1h,SHORT,2024-10-22 05:30:00+05:30,2024-10-22 10:30:00+05:30,166.13,13871.8,167.79,161.15,167.87,14017.52,STOP_LOSS,0.01,89.48,0.612809,8500.76,-89.3,10.08,-99.38,-99.38,8948.17,8848.78
44,SOL/INR,1h,SHORT,2024-10-22 13:30:00+05:30,2024-10-22 17:30:00+05:30,166.91,13936.74,168.58,161.9,168.66,14083.15,STOP_LOSS,0.01,88.49,0.603179,8406.35,-88.31,9.97,-98.28,-98.28,8848.78,8750.5
45,SOL/INR,1h,LONG,2024-10-24 06:30:00+05:30,2024-10-25 00:30:00+05:30,172.62,14414.06,170.9,177.8,175.89,14687.0,INTRADAY_SQUAREOFF,0.01,87.51,0.576727,8312.98,157.41,9.9,147.51,147.51,8750.5,8898.02
46,SOL/INR,1h,LONG,2024-10-25 04:30:00+05:30,2024-10-25 06:30:00+05:30,179.08,14952.79,177.28,184.45,177.2,14795.86,STOP_LOSS,0.01,88.98,0.56532,8453.11,-88.72,9.92,-98.64,-98.64,8898.02,8799.38
47,SOL/INR,1h,SHORT,2024-10-25 21:30:00+05:30,2024-10-25 23:30:00+05:30,171.52,14321.77,173.23,166.37,166.46,13899.07,TARGET_HIT,0.01,87.99,0.583685,8359.41,246.73,9.72,237.01,237.01,8799.38,9036.39
48,SOL/INR,1h,SHORT,2024-10-26 04:30:00+05:30,2024-10-26 09:30:00+05:30,163.91,13686.76,165.55,159.0,165.64,13830.54,STOP_LOSS,0.01,90.36,0.627217,8584.57,-90.18,10.18,-100.36,-100.36,9036.39,8936.02
49,SOL/INR,1h,SHORT,2024-10-26 17:30:00+05:30,2024-10-26 23:30:00+05:30,168.26,14049.85,169.94,163.21,170.03,14197.45,STOP_LOSS,0.01,89.36,0.604221,8489.22,-89.18,10.07,-99.25,-99.25,8936.02,8836.77
50,SOL/INR,1h,LONG,2024-10-27 07:30:00+05:30,2024-10-28 00:30:00+05:30,172.24,14382.36,170.52,177.41,175.6,14663.01,INTRADAY_SQUAREOFF,0.01,88.37,0.583697,8394.94,163.81,10.0,153.81,153.81,8836.77,8990.59
51,SOL/INR,1h,LONG,2024-10-28 04:30:00+05:30,2024-10-28 06:30:00+05:30,177.96,14859.98,176.18,183.3,176.1,14704.03,STOP_LOSS,0.01,89.91,0.574769,8541.06,-89.64,10.03,-99.66,-99.66,8990.59,8890.92
52,SOL/INR,1h,LONG,2024-10-28 18:30:00+05:30,2024-10-28 20:30:00+05:30,177.7,14837.75,175.92,183.03,175.83,14682.02,STOP_LOSS,0.01,88.91,0.569249,8446.38,-88.64,9.91,-98.56,-98.56,8890.92,8792.36
53,SOL/INR,1h,LONG,2024-10-29 09:30:00+05:30,2024-10-29 12:30:00+05:30,181.63,15166.17,179.81,187.08,179.72,15007.0,STOP_LOSS,0.01,87.92,0.550748,8352.74,-87.66,9.8,-97.47,-97.47,8792.36,8694.9
54,SOL/INR,1h,LONG,2024-10-29 21:30:00+05:30,2024-10-30 00:30:00+05:30,180.69,15087.38,178.88,186.11,178.79,14929.04,STOP_LOSS,0.01,86.95,0.547487,8260.15,-86.69,9.7,-96.39,-96.39,8694.9,8598.51
55,SOL/INR,1h,SHORT,2024-10-31 00:30:00+05:30,2024-10-31 02:30:00+05:30,174.01,14530.19,175.75,168.79,175.84,14682.83,STOP_LOSS,0.01,85.99,0.56218,8168.58,-85.81,9.69,-95.5,-95.5,8598.51,8503.01
56,SOL/INR,1h,SHORT,2024-10-31 09:30:00+05:30,2024-10-31 15:30:00+05:30,174.16,14542.54,175.9,168.94,175.99,14695.31,STOP_LOSS,0.01,85.03,0.555464,8077.86,-84.86,9.58,-94.44,-94.44,8503.01,8408.57
57,SOL/INR,1h,SHORT,2024-10-31 18:30:00+05:30,2024-10-31 23:30:00+05:30,174.15,14541.42,175.89,168.92,169.01,14112.23,TARGET_HIT,0.01,84.09,0.549337,7988.14,235.77,9.29,226.48,226.48,8408.57,8635.05
58,SOL/INR,1h,SHORT,2024-11-01 05:30:00+05:30,2024-11-01 18:30:00+05:30,168.3,14052.84,169.98,163.25,170.07,14200.47,STOP_LOSS,0.01,86.35,0.583747,8203.3,-86.18,9.73,-95.91,-95.91,8635.05,8539.15
59,SOL/INR,1h,SHORT,2024-11-02 00:30:00+05:30,2024-11-02 07:30:00+05:30,165.95,13857.23,167.61,160.98,167.7,14002.8,STOP_LOSS,0.01,85.39,0.585412,8112.19,-85.22,9.62,-94.84,-94.84,8539.15,8444.31
60,SOL/INR,1h,SHORT,2024-11-02 09:30:00+05:30,2024-11-03 00:30:00+05:30,166.79,13927.38,168.46,161.79,164.15,13706.44,INTRADAY_SQUAREOFF,0.01,84.44,0.575994,8022.09,127.26,9.39,117.86,117.86,8444.31,8562.17
61,SOL/INR,1h,SHORT,2024-11-03 15:30:00+05:30,2024-11-03 17:30:00+05:30,162.66,13582.46,164.29,157.78,164.37,13725.15,STOP_LOSS,0.01,85.62,0.598865,8134.06,-85.45,9.65,-95.1,-95.1,8562.17,8467.07
62,SOL/INR,1h,SHORT,2024-11-03 19:30:00+05:30,2024-11-04 00:30:00+05:30,161.06,13448.67,162.67,156.23,158.96,13272.79,INTRADAY_SQUAREOFF,0.01,84.67,0.598105,8043.72,105.19,9.43,95.76,95.76,8467.07,8562.83
63,SOL/INR,1h,SHORT,2024-11-05 00:30:00+05:30,2024-11-05 10:30:00+05:30,159.05,13281.06,160.65,154.28,160.73,13420.58,STOP_LOSS,0.01,85.63,0.612503,8134.69,-85.45,9.65,-95.1,-95.1,8562.83,8467.73
64,SOL/INR,1h,LONG,2024-11-05 22:30:00+05:30,2024-11-06 00:30:00+05:30,168.45,14065.62,166.77,173.5,166.68,13918.0,STOP_LOSS,0.01,84.68,0.571915,8044.34,-84.43,9.44,-93.87,-93.87,8467.73,8373.86
65,SOL/INR,1h,LONG,2024-11-06 04:30:00+05:30,2024-11-06 06:30:00+05:30,167.29,13968.39,165.61,172.3,172.22,14380.25,TARGET_HIT,0.01,83.74,0.569512,7955.17,234.56,9.53,225.03,225.03,8373.86,8598.89
66,SOL/INR,1h,LONG,2024-11-06 16:30:00+05:30,2024-11-07 00:30:00+05:30,185.43,15483.25,183.57,190.99,187.45,15652.31,INTRADAY_SQUAREOFF,0.01,85.99,0.527599,8168.95,89.19,9.69,79.5,79.5,8598.89,8678.39
67,SOL/INR,1h,LONG,2024-11-07 03:30:00+05:30,2024-11-07 05:30:00+05:30,189.96,15861.48,188.06,195.66,187.96,15695.02,STOP_LOSS,0.01,86.78,0.51978,8244.47,-86.53,9.68,-96.2,-96.2,8678.39,8582.19
68,SOL/INR,1h,LONG,2024-11-07 14:30:00+05:30,2024-11-07 16:30:00+05:30,189.24,15801.57,187.35,194.92,187.25,15635.74,STOP_LOSS,0.01,85.82,0.515966,8153.08,-85.57,9.57,-95.14,-95.14,8582.19,8487.05
69,SOL/INR,1h,LONG,2024-11-07 20:30:00+05:30,2024-11-07 22:30:00+05:30,188.21,15715.35,186.33,193.85,193.76,16178.72,TARGET_HIT,0.01,84.87,0.513046,8062.7,237.73,9.65,228.07,228.07,8487.05,8715.13
70,SOL/INR,1h,LONG,2024-11-08 02:30:00+05:30,2024-11-08 04:30:00+05:30,197.69,16507.41,195.72,203.62,195.62,16334.16,STOP_LOSS,0.01,87.15,0.501555,8279.37,-86.89,9.72,-96.61,-96.61,8715.13,8618.52
71,SOL/INR,1h,LONG,2024-11-08 13:30:00+05:30,2024-11-08 20:30:00+05:30,200.77,16764.34,198.76,206.79,198.66,16588.39,STOP_LOSS,0.01,86.19,0.488394,8187.59,-85.93,9.61,-95.54,-95.54,8618.52,8522.98
72,SOL/INR,1h,LONG,2024-11-10 10:30:00+05:30,2024-11-10 20:30:00+05:30,205.01,17118.13,202.96,211.16,211.05,17622.86,TARGET_HIT,0.01,85.23,0.472997,8096.83,238.74,9.7,229.04,229.04,8522.98,8752.02
73,SOL/INR,1h,LONG,2024-11-10 23:30:00+05:30,2024-11-11 01:30:00+05:30,215.16,17965.47,213.0,221.61,212.9,17776.92,STOP_LOSS,0.01,87.52,0.4628,8314.42,-87.26,9.76,-97.02,-97.02,8752.02,8655.0
74,SOL/INR,1h,LONG,2024-11-12 05:30:00+05:30,2024-11-12 07:30:00+05:30,223.33,18648.17,221.1,230.03,220.99,18452.46,STOP_LOSS,0.01,86.55,0.440914,8222.25,-86.29,9.65,-95.94,-95.94,8655.0,8559.06
75,SOL/INR,1h,LONG,2024-11-12 09:30:00+05:30,2024-11-12 11:30:00+05:30,220.72,18430.2,218.51,227.34,218.4,18236.77,STOP_LOSS,0.01,85.59,0.441184,8131.1,-85.34,9.54,-94.88,-94.88,8559.06,8464.18
76,SOL/INR,1h,SHORT,2024-11-13 05:30:00+05:30,2024-11-13 07:30:00+05:30,212.09,17709.22,214.21,205.72,205.83,17186.54,TARGET_HIT,0.01,84.64,0.454055,8040.97,237.33,9.35,227.98,227.98,8464.18,8692.16
77,SOL/INR,1h,SHORT,2024-11-13 12:30:00+05:30,2024-11-13 14:30:00+05:30,202.1,16875.15,204.12,196.03,204.22,17052.42,STOP_LOSS,0.01,86.92,0.489332,8257.55,-86.75,9.8,-96.54,-96.54,8692.16,8595.62
78,SOL/INR,1h,LONG,2024-11-14 00:30:00+05:30,2024-11-14 02:30:00+05:30,219.83,18355.4,217.63,226.42,217.52,18162.76,STOP_LOSS,0.01,85.96,0.444874,8165.84,-85.7,9.59,-95.29,-95.29,8595.62,8500.33
79,SOL/INR,1h,LONG,2024-11-14 04:30:00+05:30,2024-11-14 14:30:00+05:30,214.2,17885.56,212.06,220.62,220.51,18412.92,TARGET_HIT,0.01,85.0,0.451499,8075.31,238.1,9.67,228.43,228.43,8500.33,8728.76
80,SOL/INR,1h,SHORT,2024-11-15 20:30:00+05:30,2024-11-16 00:30:00+05:30,210.6,17584.79,212.7,204.28,212.81,17769.52,STOP_LOSS,0.01,87.29,0.471562,8292.32,-87.11,9.84,-96.95,-96.95,8728.76,8631.81
81,SOL/INR,1h,LONG,2024-11-16 07:30:00+05:30,2024-11-16 20:30:00+05:30,218.99,18286.07,216.8,225.56,216.7,18094.16,STOP_LOSS,0.01,86.32,0.448441,8200.22,-86.06,9.63,-95.69,-95.69,8631.81,8536.13
82,SOL/INR,1h,LONG,2024-11-16 23:30:00+05:30,2024-11-17 01:30:00+05:30,216.13,18047.03,213.97,222.62,216.24,18055.8,INTRADAY_SQUAREOFF,0.01,85.36,0.449344,8109.32,3.94,9.57,-5.63,-5.63,8536.13,8530.49
83,SOL/INR,1h,LONG,2024-11-17 03:30:00+05:30,2024-11-17 07:30:00+05:30,217.19,18135.6,215.02,223.71,214.91,17945.27,STOP_LOSS,0.01,85.3,0.446854,8103.97,-85.05,9.51,-94.56,-94.56,8530.49,8435.93
84,SOL/INR,1h,LONG,2024-11-17 16:30:00+05:30,2024-11-17 18:30:00+05:30,240.85,20111.18,238.44,248.08,238.32,19900.11,STOP_LOSS,0.01,84.36,0.398492,8014.13,-84.11,9.41,-93.52,-93.52,8435.93,8342.42
85,SOL/INR,1h,LONG,2024-11-18 01:30:00+05:30,2024-11-18 03:30:00+05:30,235.55,19668.81,233.2,242.62,233.08,19462.39,STOP_LOSS,0.01,83.42,0.402937,7925.29,-83.18,9.3,-92.48,-92.48,8342.42,8249.94
86,SOL/INR,1h,LONG,2024-11-18 08:30:00+05:30,2024-11-18 15:30:00+05:30,240.03,20042.1,237.62,247.23,247.1,20633.04,TARGET_HIT,0.01,82.5,0.391049,7837.44,231.09,9.38,221.7,221.7,8249.94,8471.64
87,SOL/INR,1h,LONG,2024-11-19 08:30:00+05:30,2024-11-20 00:30:00+05:30,241.29,20147.49,238.87,248.53,243.99,20372.92,INTRADAY_SQUAREOFF,0.01,84.72,0.399457,8048.06,90.05,9.55,80.5,80.5,8471.64,8552.14
88,SOL/INR,1h,SHORT,2024-11-20 07:30:00+05:30,2024-11-20 13:30:00+05:30,234.82,19607.64,237.17,227.78,237.29,19813.62,STOP_LOSS,0.01,85.52,0.414355,8124.53,-85.35,9.64,-94.99,-94.99,8552.14,8457.15
89,SOL/INR,1h,SHORT,2024-11-20 23:30:00+05:30,2024-11-21 01:30:00+05:30,232.26,19393.84,234.58,225.29,234.7,19597.57,STOP_LOSS,0.01,84.57,0.41427,8034.3,-84.4,9.53,-93.93,-93.93,8457.15,8363.22
90,SOL/INR,1h,SHORT,2024-11-21 08:30:00+05:30,2024-11-21 10:30:00+05:30,230.23,19224.26,232.53,223.32,232.65,19426.21,STOP_LOSS,0.01,83.63,0.413283,7945.06,-83.46,9.42,-92.89,-92.89,8363.22,8270.34
91,SOL/INR,1h,LONG,2024-11-21 22:30:00+05:30,2024-11-22 00:30:00+05:30,254.86,21280.8,252.31,262.51,258.48,21582.99,INTRADAY_SQUAREOFF,0.01,82.7,0.369198,7856.82,111.57,9.34,102.23,102.23,8270.34,8372.57
92,SOL/INR,1h,LONG,2024-11-22 04:30:00+05:30,2024-11-22 08:30:00+05:30,255.43,21328.16,252.87,263.09,262.96,21957.02,TARGET_HIT,0.01,83.73,0.372931,7953.94,234.52,9.52,225.0,225.0,8372.57,8597.56
93,SOL/INR,1h,LONG,2024-11-22 18:30:00+05:30,2024-11-22 20:30:00+05:30,260.39,21742.84,257.79,268.21,257.66,21514.65,STOP_LOSS,0.01,85.98,0.375649,8167.69,-85.72,9.59,-95.31,-95.31,8597.56,8502.26
94,SOL/INR,1h,LONG,2024-11-23 02:30:00+05:30,2024-11-23 09:30:00+05:30,255.53,21336.71,252.97,263.2,263.06,21965.82,TARGET_HIT,0.01,85.02,0.378556,8077.14,238.15,9.67,228.48,228.48,8502.26,8730.74
95,SOL/INR,1h,LONG,2024-11-23 19:30:00+05:30,2024-11-23 21:30:00+05:30,260.28,21733.71,257.68,268.09,257.55,21505.62,STOP_LOSS,0.01,87.31,0.381628,8294.2,-87.05,9.74,-96.78,-96.78,8730.74,8633.96
96,SOL/INR,1h,SHORT,2024-11-25 12:30:00+05:30,2024-11-25 14:30:00+05:30,251.98,21040.39,254.5,244.42,254.63,21261.41,STOP_LOSS,0.01,86.34,0.389834,8202.26,-86.16,9.73,-95.89,-95.89,8633.96,8538.06
97,SOL/INR,1h,SHORT,2024-11-26 13:30:00+05:30,2024-11-26 15:30:00+05:30,235.29,19646.82,237.64,228.23,228.35,19066.94,TARGET_HIT,0.01,85.38,0.412848,8111.16,239.4,9.43,229.97,229.97,8538.06,8768.03
98,SOL/INR,1h,SHORT,2024-11-27 06:30:00+05:30,2024-11-27 08:30:00+05:30,229.51,19164.39,231.81,222.63,231.92,19365.71,STOP_LOSS,0.01,87.68,0.434641,8329.63,-87.5,9.88,-97.38,-97.38,8768.03,8670.65
99,SOL/INR,1h,LONG,2024-11-28 02:30:00+05:30,2024-11-28 08:30:00+05:30,242.94,20285.3,240.51,250.23,240.39,20072.4,STOP_LOSS,0.01,86.71,0.406063,8237.12,-86.45,9.67,-96.12,-96.12,8670.65,8574.53
100,SOL/INR,1h,LONG,2024-11-30 02:30:00+05:30,2024-11-30 05:30:00+05:30,243.08,20297.28,240.65,250.37,240.53,20084.26,STOP_LOSS,0.01,85.75,0.401325,8145.81,-85.49,9.56,-95.05,-95.05,8574.53,8479.48
101,SOL/INR,1h,LONG,2024-11-30 11:30:00+05:30,2024-11-30 15:30:00+05:30,243.78,20355.44,241.34,251.09,241.22,20141.81,STOP_LOSS,0.01,84.79,0.395742,8055.51,-84.54,9.46,-94.0,-94.0,8479.48,8385.48
102,SOL/INR,1h,LONG,2024-12-01 02:30:00+05:30,2024-12-01 04:30:00+05:30,240.97,20120.66,238.56,248.19,238.44,19909.49,STOP_LOSS,0.01,83.85,0.395922,7966.21,-83.61,9.35,-92.96,-92.96,8385.48,8292.53
103,SOL/INR,1h,SHORT,2024-12-02 00:30:00+05:30,2024-12-02 03:30:00+05:30,236.17,19720.57,238.54,229.09,238.66,19927.73,STOP_LOSS,0.01,82.93,0.399476,7877.9,-82.76,9.34,-92.1,-92.1,8292.53,8200.42
104,SOL/INR,1h,SHORT,2024-12-02 06:30:00+05:30,2024-12-02 09:30:00+05:30,234.83,19608.67,237.18,227.79,227.9,19029.92,TARGET_HIT,0.01,82.0,0.397294,7790.4,229.93,9.06,220.88,220.88,8200.42,8421.3
105,SOL/INR,1h,SHORT,2024-12-02 16:30:00+05:30,2024-12-02 18:30:00+05:30,223.16,18633.44,225.39,216.46,225.5,18829.19,STOP_LOSS,0.01,84.21,0.429348,8000.24,-84.04,9.49,-93.53,-93.53,8421.3,8327.77
106,SOL/INR,1h,SHORT,2024-12-02 23:30:00+05:30,2024-12-03 01:30:00+05:30,220.55,18415.7,222.75,213.93,222.86,18609.16,STOP_LOSS,0.01,83.28,0.4296,7911.38,-83.11,9.38,-92.49,-92.49,8327.77,8235.28
107,SOL/INR,1h,SHORT,2024-12-03 07:30:00+05:30,2024-12-03 09:30:00+05:30,224.14,18715.32,226.38,217.41,226.49,18911.92,STOP_LOSS,0.01,82.35,0.418027,7823.51,-82.19,9.28,-91.47,-91.47,8235.28,8143.81
108,SOL/INR,1h,SHORT,2024-12-03 12:30:00+05:30,2024-12-03 18:30:00+05:30,227.44,18991.17,229.71,220.62,220.73,18430.65,TARGET_HIT,0.01,81.44,0.40738,7736.62,228.35,8.99,219.35,219.35,8143.81,8363.16
109,SOL/INR,1h,LONG,2024-12-04 07:30:00+05:30,2024-12-04 09:30:00+05:30,239.54,20002.0,237.15,246.73,237.03,19792.08,STOP_LOSS,0.01,83.63,0.397211,7945.0,-83.38,9.33,-92.71,-92.71,8363.16,8270.45
110,SOL/INR,1h,SHORT,2024-12-05 04:30:00+05:30,2024-12-05 07:30:00+05:30,229.32,19148.29,231.61,222.44,231.73,19349.44,STOP_LOSS,0.01,82.7,0.41032,7856.93,-82.54,9.32,-91.86,-91.86,8270.45,8178.6
111,SOL/INR,1h,LONG,2024-12-06 20:30:00+05:30,2024-12-07 00:30:00+05:30,237.95,19868.55,235.57,245.09,239.41,19990.81,INTRADAY_SQUAREOFF,0.01,81.79,0.391053,7769.67,47.81,9.2,38.61,38.61,8178.6,8217.21
112,SOL/INR,1h,LONG,2024-12-07 12:30:00+05:30,2024-12-08 00:30:00+05:30,236.37,19737.05,234.01,243.46,241.92,20200.17,INTRADAY_SQUAREOFF,0.01,82.17,0.395518,7806.35,183.18,9.32,173.86,173.86,8217.21,8391.06
113,SOL/INR,1h,LONG,2024-12-08 08:30:00+05:30,2024-12-08 10:30:00+05:30,241.54,20168.46,239.12,248.78,239.0,19956.79,STOP_LOSS,0.01,83.91,0.395246,7971.51,-83.66,9.36,-93.02,-93.02,8391.06,8298.05
114,SOL/INR,1h,SHORT,2024-12-09 06:30:00+05:30,2024-12-09 14:30:00+05:30,233.35,19484.8,235.68,226.35,226.46,18909.71,TARGET_HIT,0.01,82.98,0.404579,7883.14,232.67,9.16,223.51,223.51,8298.05,8521.55
115,SOL/INR,1h,SHORT,2024-12-09 21:30:00+05:30,2024-12-10 00:30:00+05:30,223.22,18639.19,225.46,216.53,224.91,18779.6,INTRADAY_SQUAREOFF,0.01,85.22,0.434325,8095.47,-60.99,9.59,-70.57,-70.57,8521.55,8450.98
116,SOL/INR,1h,SHORT,2024-12-10 08:30:00+05:30,2024-12-10 10:30:00+05:30,213.35,17814.97,215.49,206.95,215.59,18002.12,STOP_LOSS,0.01,84.51,0.450656,8028.43,-84.34,9.52,-93.86,-93.86,8450.98,8357.12
117,SOL/INR,1h,SHORT,2024-12-10 18:30:00+05:30,2024-12-10 20:30:00+05:30,210.92,17611.72,213.03,204.59,213.13,17796.73,STOP_LOSS,0.01,83.57,0.450794,7939.26,-83.4,9.42,-92.82,-92.82,8357.12,8264.3
118,SOL/INR,1h,SHORT,2024-12-10 23:30:00+05:30,2024-12-11 01:30:00+05:30,204.69,17091.56,206.74,198.55,206.84,17271.1,STOP_LOSS,0.01,82.64,0.459354,7851.08,-82.48,9.31,-91.79,-91.79,8264.3,8172.51
119,SOL/INR,1h,SHORT,2024-12-11 07:30:00+05:30,2024-12-11 09:30:00+05:30,212.34,17730.37,214.46,205.97,214.57,17916.63,STOP_LOSS,0.01,81.73,0.437886,7763.88,-81.56,9.21,-90.77,-90.77,8172.51,8081.74
120,SOL/INR,1h,LONG,2024-12-12 08:30:00+05:30,2024-12-13 00:30:00+05:30,229.19,19137.44,226.9,236.07,231.55,19334.21,INTRADAY_SQUAREOFF,0.01,80.82,0.401185,7677.65,78.94,9.11,69.83,69.83,8081.74,8151.57
121,SOL/INR,1h,SHORT,2024-12-14 16:30:00+05:30,2024-12-14 23:30:00+05:30,224.82,18772.48,227.07,218.08,218.18,18218.41,TARGET_HIT,0.01,81.52,0.412518,7743.99,228.56,9.0,219.56,219.56,8151.57,8371.13
122,SOL/INR,1h,SHORT,2024-12-15 02:30:00+05:30,2024-12-15 04:30:00+05:30,215.24,17972.42,217.39,208.78,217.5,18161.22,STOP_LOSS,0.01,83.71,0.442488,7952.58,-83.54,9.43,-92.98,-92.98,8371.13,8278.16
123,SOL/INR,1h,SHORT,2024-12-15 12:30:00+05:30,2024-12-15 19:30:00+05:30,218.23,18221.87,220.41,211.68,220.52,18413.29,STOP_LOSS,0.01,82.78,0.431583,7864.25,-82.61,9.33,-91.94,-91.94,8278.16,8186.22
124,SOL/INR,1h,SHORT,2024-12-16 02:30:00+05:30,2024-12-16 04:30:00+05:30,220.33,18397.8,222.54,213.72,222.65,18591.07,STOP_LOSS,0.01,81.86,0.422708,7776.9,-81.7,9.22,-90.92,-90.92,8186.22,8095.29
125,SOL/INR,1h,LONG,2024-12-17 18:30:00+05:30,2024-12-17 20:30:00+05:30,227.37,18985.7,225.1,234.19,224.99,18786.44,STOP_LOSS,0.01,80.95,0.40507,7690.53,-80.71,9.03,-89.74,-89.74,8095.29,8005.55
126,SOL/INR,1h,LONG,2024-12-17 22:30:00+05:30,2024-12-18 00:30:00+05:30,226.85,18942.27,224.59,233.66,227.52,18997.66,INTRADAY_SQUAREOFF,0.01,80.06,0.401498,7605.28,22.24,8.99,13.25,13.25,8005.55,8018.8
127,SOL/INR,1h,SHORT,2024-12-19 07:30:00+05:30,2024-12-19 09:30:00+05:30,203.82,17019.26,205.86,197.71,205.96,17198.05,STOP_LOSS,0.01,80.19,0.447603,7617.86,-80.03,9.04,-89.06,-89.06,8018.8,7929.74
128,SOL/INR,1h,SHORT,2024-12-19 14:30:00+05:30,2024-12-19 16:30:00+05:30,208.28,17391.1,210.36,202.03,210.46,17573.79,STOP_LOSS,0.01,79.3,0.433167,7533.26,-79.14,8.94,-88.07,-88.07,7929.74,7841.67
129,SOL/INR,1h,SHORT,2024-12-19 23:30:00+05:30,2024-12-20 01:30:00+05:30,197.4,16482.54,199.37,191.47,191.57,15996.06,TARGET_HIT,0.01,78.42,0.451968,7449.59,219.87,8.66,211.21,211.21,7841.67,8052.88
130,SOL/INR,1h,SHORT,2024-12-20 05:30:00+05:30,2024-12-20 07:30:00+05:30,193.73,16176.48,195.67,187.92,195.77,16346.41,STOP_LOSS,0.01,80.53,0.472924,7650.24,-80.37,9.07,-89.44,-89.44,8052.88,7963.44
131,SOL/INR,1h,SHORT,2024-12-20 11:30:00+05:30,2024-12-20 13:30:00+05:30,192.71,16090.87,194.63,186.92,187.02,15615.95,TARGET_HIT,0.01,79.63,0.470159,7565.27,223.29,8.8,214.49,214.49,7963.44,8177.94
132,SOL/INR,1h,SHORT,2024-12-20 17:30:00+05:30,2024-12-20 19:30:00+05:30,176.42,14730.84,178.18,171.12,178.27,14885.59,STOP_LOSS,0.01,81.78,0.5274,7769.04,-81.61,9.22,-90.83,-90.83,8177.94,8087.11
133,SOL/INR,1h,SHORT,2024-12-21 22:30:00+05:30,2024-12-22 00:30:00+05:30,184.01,15365.06,185.85,178.49,182.0,15196.87,INTRADAY_SQUAREOFF,0.01,80.87,0.500015,7682.75,84.1,9.02,75.08,75.08,8087.11,8162.19
134,SOL/INR,1h,SHORT,2024-12-22 10:30:00+05:30,2024-12-22 12:30:00+05:30,180.18,15044.92,181.98,174.77,182.07,15202.97,STOP_LOSS,0.01,81.62,0.515395,7754.08,-81.46,9.2,-90.65,-90.65,8162.19,8071.53
135,SOL/INR,1h,SHORT,2024-12-23 01:30:00+05:30,2024-12-23 03:30:00+05:30,178.09,14870.4,179.87,172.75,179.96,15026.62,STOP_LOSS,0.01,80.72,0.515652,7667.96,-80.55,9.1,-89.65,-89.65,8071.53,7981.89
136,SOL/INR,1h,LONG,2024-12-24 09:30:00+05:30,2024-12-24 20:30:00+05:30,189.72,15841.48,187.82,195.41,195.31,16308.56,TARGET_HIT,0.01,79.82,0.478667,7582.79,223.58,9.08,214.5,214.5,7981.89,8196.39
137,SOL/INR,1h,LONG,2024-12-25 03:30:00+05:30,2024-12-26 00:30:00+05:30,196.75,16428.76,194.78,202.65,197.91,16525.55,INTRADAY_SQUAREOFF,0.01,81.96,0.47396,7786.57,45.88,9.22,36.66,36.66,8196.39,8233.05
138,SOL/INR,1h,SHORT,2024-12-26 18:30:00+05:30,2024-12-26 21:30:00+05:30,188.69,15755.53,190.58,183.03,190.67,15921.04,STOP_LOSS,0.01,82.33,0.496422,7821.4,-82.16,9.28,-91.44,-91.44,8233.05,8141.61
139,SOL/INR,1h,SHORT,2024-12-26 23:30:00+05:30,2024-12-27 01:30:00+05:30,187.68,15671.19,189.56,182.05,189.11,15790.38,INTRADAY_SQUAREOFF,0.01,81.42,0.493551,7734.53,-58.82,9.16,-67.99,-67.99,8141.61,8073.62
140,SOL/INR,1h,SHORT,2024-12-27 13:30:00+05:30,2024-12-27 15:30:00+05:30,186.33,15558.86,188.2,180.74,188.29,15722.3,STOP_LOSS,0.01,80.74,0.492963,7669.94,-80.57,9.1,-89.67,-89.67,8073.62,7983.95
141,SOL/INR,1h,SHORT,2024-12-28 02:30:00+05:30,2024-12-28 17:30:00+05:30,185.14,15459.01,186.99,179.58,187.08,15621.41,STOP_LOSS,0.01,79.84,0.490636,7584.75,-79.68,9.0,-88.67,-88.67,7983.95,7895.28
142,SOL/INR,1h,LONG,2024-12-29 04:30:00+05:30,2024-12-29 06:30:00+05:30,195.47,16321.38,193.51,201.33,193.41,16150.08,STOP_LOSS,0.01,78.95,0.459551,7500.51,-78.72,8.8,-87.52,-87.52,7895.28,7807.75
143,SOL/INR,1h,LONG,2024-12-29 09:30:00+05:30,2024-12-29 22:30:00+05:30,194.54,16244.46,192.6,200.38,192.5,16073.98,STOP_LOSS,0.01,78.08,0.456609,7417.37,-77.85,8.71,-86.55,-86.55,7807.75,7721.2
144,SOL/INR,1h,SHORT,2024-12-30 09:30:00+05:30,2024-12-30 11:30:00+05:30,190.7,15923.6,192.61,184.98,192.71,16090.87,STOP_LOSS,0.01,77.21,0.460646,7335.14,-77.06,8.7,-85.76,-85.76,7721.2,7635.44
145,SOL/INR,1h,SHORT,2024-12-30 19:30:00+05:30,2024-12-30 22:30:00+05:30,188.83,15767.03,190.71,183.16,190.81,15932.66,STOP_LOSS,0.01,76.35,0.460053,7253.67,-76.2,8.6,-84.8,-84.8,7635.44,7550.64
146,SOL/INR,1h,LONG,2024-12-31 13:30:00+05:30,2024-12-31 18:30:00+05:30,189.9,15856.86,188.0,195.6,195.5,16324.4,TARGET_HIT,0.01,75.51,0.452366,7173.11,211.5,8.59,202.91,202.91,7550.64,7753.55
147,SOL/INR,1h,SHORT,2025-01-01 09:30:00+05:30,2025-01-02 00:30:00+05:30,189.77,15845.92,191.67,184.08,191.77,16012.38,STOP_LOSS,0.01,77.54,0.464843,7365.87,-77.38,8.74,-86.12,-86.12,7753.55,7667.43
148,SOL/INR,1h,LONG,2025-01-02 06:30:00+05:30,2025-01-02 09:30:00+05:30,196.57,16413.19,194.6,202.46,202.36,16897.14,TARGET_HIT,0.01,76.67,0.443793,7284.06,214.77,8.72,206.05,206.05,7667.43,7873.48
149,SOL/INR,1h,LONG,2025-01-02 17:30:00+05:30,2025-01-02 20:30:00+05:30,208.67,17424.08,206.58,214.93,206.48,17241.21,STOP_LOSS,0.01,78.73,0.42928,7479.81,-78.5,8.78,-87.28,-87.28,7873.48,7786.2
150,SOL/INR,1h,LONG,2025-01-03 05:30:00+05:30,2025-01-03 16:30:00+05:30,208.22,17386.17,206.14,214.46,214.36,17898.8,TARGET_HIT,0.01,77.86,0.425447,7396.89,218.1,8.86,209.24,209.24,7786.2,7995.44
151,SOL/INR,1h,LONG,2025-01-03 20:30:00+05:30,2025-01-04 00:30:00+05:30,218.11,18212.27,215.93,224.65,217.81,18187.11,INTRADAY_SQUAREOFF,0.01,79.95,0.417063,7595.67,-10.49,8.96,-19.45,-19.45,7995.44,7975.99
152,SOL/INR,1h,LONG,2025-01-04 05:30:00+05:30,2025-01-04 13:30:00+05:30,217.87,18192.18,215.69,224.41,215.58,18001.26,STOP_LOSS,0.01,79.76,0.416508,7577.19,-79.52,8.89,-88.42,-88.42,7975.99,7887.58
153,SOL/INR,1h,LONG,2025-01-04 17:30:00+05:30,2025-01-04 20:30:00+05:30,216.56,18083.08,214.4,223.06,214.29,17893.3,STOP_LOSS,0.01,78.88,0.414376,7493.2,-78.64,8.8,-87.44,-87.44,7887.58,7800.14
154,SOL/INR,1h,LONG,2025-01-04 23:30:00+05:30,2025-01-05 01:30:00+05:30,215.79,18018.82,213.64,222.27,215.45,17990.29,INTRADAY_SQUAREOFF,0.01,78.0,0.411244,7410.13,-11.73,8.74,-20.47,-20.47,7800.14,7779.67
155,SOL/INR,1h,LONG,2025-01-05 04:30:00+05:30,2025-01-05 14:30:00+05:30,217.14,18131.28,214.97,223.66,214.86,17940.99,STOP_LOSS,0.01,77.8,0.407621,7390.69,-77.57,8.68,-86.24,-86.24,7779.67,7693.43
156,SOL/INR,1h,SHORT,2025-01-05 19:30:00+05:30,2025-01-06 00:30:00+05:30,212.46,17740.74,214.59,206.09,212.5,17744.14,INTRADAY_SQUAREOFF,0.01,76.93,0.411976,7308.76,-1.4,8.63,-10.02,-10.02,7693.43,7683.41
157,SOL/INR,1h,SHORT,2025-01-06 06:30:00+05:30,2025-01-06 08:30:00+05:30,212.12,17712.27,214.24,205.76,214.35,17898.34,STOP_LOSS,0.01,76.83,0.412101,7299.24,-76.68,8.66,-85.34,-85.34,7683.41,7598.07
158,SOL/INR,1h,LONG,2025-01-07 14:30:00+05:30,2025-01-07 16:30:00+05:30,216.8,18102.73,214.63,223.3,214.52,17912.75,STOP_LOSS,0.01,75.98,0.398734,7218.17,-75.75,8.47,-84.23,-84.23,7598.07,7513.84
159,SOL/INR,1h,SHORT,2025-01-07 20:30:00+05:30,2025-01-07 23:30:00+05:30,211.82,17686.6,213.93,205.46,205.56,17164.58,TARGET_HIT,0.01,75.14,0.403591,7138.15,210.68,8.3,202.38,202.38,7513.84,7716.23
160,SOL/INR,1h,SHORT,2025-01-08 08:30:00+05:30,2025-01-08 11:30:00+05:30,200.48,16740.15,202.49,194.47,194.56,16246.07,TARGET_HIT,0.01,77.16,0.437894,7330.42,216.36,8.52,207.83,207.83,7716.23,7924.06
161,SOL/INR,1h,SHORT,2025-01-08 18:30:00+05:30,2025-01-08 20:30:00+05:30,195.06,16287.32,197.01,189.21,197.11,16458.42,STOP_LOSS,0.01,79.24,0.462191,7527.86,-79.08,8.93,-88.01,-88.01,7924.06,7836.05
162,SOL/INR,1h,SHORT,2025-01-09 09:30:00+05:30,2025-01-09 18:30:00+05:30,194.22,16217.77,196.17,188.4,188.49,15739.1,TARGET_HIT,0.01,78.36,0.459018,7444.25,219.72,8.65,211.06,211.06,7836.05,8047.11
163,SOL/INR,1h,SHORT,2025-01-09 23:30:00+05:30,2025-01-10 01:30:00+05:30,186.43,15567.09,188.3,180.84,186.49,15572.08,INTRADAY_SQUAREOFF,0.01,80.47,0.491085,7644.76,-2.45,9.02,-11.47,-11.47,8047.11,8035.64
164,SOL/INR,1h,SHORT,2025-01-10 19:30:00+05:30,2025-01-10 22:30:00+05:30,185.76,15510.57,187.61,180.18,187.71,15673.51,STOP_LOSS,0.01,80.36,0.492171,7633.86,-80.19,9.06,-89.25,-89.25,8035.64,7946.39
165,SOL/INR,1h,SHORT,2025-01-11 07:30:00+05:30,2025-01-11 20:30:00+05:30,185.92,15524.72,187.78,180.35,187.88,15687.8,STOP_LOSS,0.01,79.46,0.486262,7549.07,-79.3,8.95,-88.26,-88.26,7946.39,7858.14
166,SOL/INR,1h,LONG,2025-01-12 08:30:00+05:30,2025-01-12 10:30:00+05:30,188.44,15735.01,186.56,194.1,186.47,15569.87,STOP_LOSS,0.01,78.58,0.474434,7465.23,-78.35,8.76,-87.11,-87.11,7858.14,7771.03
167,SOL/INR,1h,LONG,2025-01-13 06:30:00+05:30,2025-01-13 08:30:00+05:30,191.84,16018.79,189.92,197.6,189.83,15850.68,STOP_LOSS,0.01,77.71,0.460863,7382.47,-77.48,8.67,-86.14,-86.14,7771.03,7684.88
168,SOL/INR,1h,SHORT,2025-01-13 12:30:00+05:30,2025-01-13 16:30:00+05:30,181.82,15181.77,183.64,176.36,176.45,14733.68,TARGET_HIT,0.01,76.85,0.480882,7300.64,215.48,8.49,206.99,206.99,7684.88,7891.87
169,SOL/INR,1h,LONG,2025-01-14 14:30:00+05:30,2025-01-15 00:30:00+05:30,187.35,15644.05,185.48,192.97,186.45,15568.81,INTRADAY_SQUAREOFF,0.01,78.92,0.479241,7497.28,-36.06,8.83,-44.88,-44.88,7891.87,7846.99
170,SOL/INR,1h,LONG,2025-01-15 04:30:00+05:30,2025-01-15 14:30:00+05:30,188.74,15759.63,186.85,194.4,186.76,15594.24,STOP_LOSS,0.01,78.47,0.473021,7454.64,-78.24,8.75,-86.99,-86.99,7846.99,7760.0
171,SOL/INR,1h,LONG,2025-01-15 19:30:00+05:30,2025-01-15 23:30:00+05:30,195.56,16328.97,193.6,201.42,201.32,16810.43,TARGET_HIT,0.01,77.6,0.451467,7372.0,217.36,8.83,208.54,208.54,7760.0,7968.54
172,SOL/INR,1h,LONG,2025-01-16 04:30:00+05:30,2025-01-16 08:30:00+05:30,204.7,17092.28,202.65,210.84,202.55,16912.89,STOP_LOSS,0.01,79.69,0.442896,7570.11,-79.45,8.89,-88.33,-88.33,7968.54,7880.2
173,SOL/INR,1h,LONG,2025-01-16 11:30:00+05:30,2025-01-16 13:30:00+05:30,203.06,16955.89,201.03,209.16,200.93,16777.94,STOP_LOSS,0.01,78.8,0.44151,7486.19,-78.57,8.79,-87.35,-87.35,7880.2,7792.85
174,SOL/INR,1h,LONG,2025-01-16 17:30:00+05:30,2025-01-16 19:30:00+05:30,213.37,17816.29,211.24,219.77,211.13,17629.3,STOP_LOSS,0.01,77.93,0.41553,7403.21,-77.7,8.69,-86.39,-86.39,7792.85,7706.46
175,SOL/INR,1h,LONG,2025-01-16 22:30:00+05:30,2025-01-17 00:30:00+05:30,214.27,17891.19,212.12,220.69,212.42,17737.46,INTRADAY_SQUAREOFF,0.01,77.06,0.409203,7321.14,-62.91,8.6,-71.51,-71.51,7706.46,7634.95
176,SOL/INR,1h,LONG,2025-01-17 07:30:00+05:30,2025-01-17 09:30:00+05:30,214.86,17940.94,212.71,221.31,212.61,17752.65,STOP_LOSS,0.01,76.35,0.404282,7253.2,-76.12,8.51,-84.64,-84.64,7634.95,7550.32
177,SOL/INR,1h,LONG,2025-01-17 14:30:00+05:30,2025-01-18 00:30:00+05:30,216.22,18054.34,214.06,222.71,216.51,18078.39,INTRADAY_SQUAREOFF,0.01,75.5,0.39729,7172.8,9.55,8.47,1.08,1.08,7550.32,7551.4
178,SOL/INR,1h,LONG,2025-01-18 08:30:00+05:30,2025-01-18 10:30:00+05:30,221.58,18502.16,219.37,228.23,228.12,19047.69,TARGET_HIT,0.01,75.51,0.387729,7173.83,211.52,8.59,202.93,202.93,7551.4,7754.33
179,SOL/INR,1h,LONG,2025-01-18 12:30:00+05:30,2025-01-18 20:30:00+05:30,237.76,19852.8,235.38,244.89,244.77,20438.16,TARGET_HIT,0.01,77.54,0.371062,7366.61,217.2,8.82,208.38,208.38,7754.33,7962.71
180,SOL/INR,1h,LONG,2025-01-19 05:30:00+05:30,2025-01-19 07:30:00+05:30,263.58,22008.96,260.94,271.49,260.81,21777.97,STOP_LOSS,0.01,79.63,0.343705,7564.58,-79.39,8.88,-88.27,-88.27,7962.71,7874.45
181,SOL/INR,1h,LONG,2025-01-19 10:30:00+05:30,2025-01-19 13:30:00+05:30,273.91,22871.3,271.17,282.12,271.03,22631.26,STOP_LOSS,0.01,78.74,0.327079,7480.72,-78.51,8.78,-87.29,-87.29,7874.45,7787.15
182,SOL/INR,1h,LONG,2025-01-19 16:30:00+05:30,2025-01-19 18:30:00+05:30,287.99,24047.17,285.11,296.63,284.97,23794.79,STOP_LOSS,0.01,77.87,0.307637,7397.8,-77.64,8.68,-86.32,-86.32,7787.15,7700.83
183,SOL/INR,1h,LONG,2025-01-20 02:30:00+05:30,2025-01-20 04:30:00+05:30,277.26,23151.15,274.49,285.58,274.35,22908.18,STOP_LOSS,0.01,77.01,0.316001,7315.79,-76.78,8.59,-85.37,-85.37,7700.83,7615.46
184,SOL/INR,1h,SHORT,2025-01-20 08:30:00+05:30,2025-01-20 10:30:00+05:30,231.77,19353.19,234.09,224.82,234.21,19556.5,STOP_LOSS,0.01,76.15,0.373824,7234.69,-76.0,8.58,-84.58,-84.58,7615.46,7530.88
185,SOL/INR,1h,SHORT,2025-01-20 16:30:00+05:30,2025-01-20 21:30:00+05:30,259.2,21643.31,261.79,251.43,251.55,21004.5,TARGET_HIT,0.01,75.31,0.330557,7154.34,211.16,8.32,202.84,202.84,7530.88,7733.72
186,SOL/INR,1h,SHORT,2025-01-21 05:30:00+05:30,2025-01-21 07:30:00+05:30,241.99,20206.14,244.41,234.73,234.85,19609.75,TARGET_HIT,0.01,77.34,0.363604,7347.04,216.85,8.54,208.31,208.31,7733.72,7942.03
187,SOL/INR,1h,SHORT,2025-01-21 11:30:00+05:30,2025-01-21 13:30:00+05:30,232.15,19384.69,234.47,225.19,234.59,19588.32,STOP_LOSS,0.01,79.42,0.389221,7544.93,-79.26,8.95,-88.21,-88.21,7942.03,7853.82
188,SOL/INR,1h,SHORT,2025-01-21 20:30:00+05:30,2025-01-21 22:30:00+05:30,238.22,19891.56,240.6,231.08,240.72,20100.52,STOP_LOSS,0.01,78.54,0.37509,7461.13,-78.38,8.85,-87.23,-87.23,7853.82,7766.59
189,SOL/INR,1h,LONG,2025-01-22 06:30:00+05:30,2025-01-22 18:30:00+05:30,252.93,21119.95,250.4,260.52,260.39,21742.68,TARGET_HIT,0.01,77.67,0.34935,7378.26,217.55,8.83,208.71,208.71,7766.59,7975.31
190,SOL/INR,1h,LONG,2025-01-22 23:30:00+05:30,2025-01-23 01:30:00+05:30,260.32,21736.54,257.71,268.13,267.99,22377.44,TARGET_HIT,0.01,79.75,0.348562,7576.54,223.39,9.07,214.32,214.32,7975.31,8189.63
191,SOL/INR,1h,SHORT,2025-01-23 14:30:00+05:30,2025-01-23 19:30:00+05:30,245.96,20537.27,248.41,238.58,248.54,20753.01,STOP_LOSS,0.01,81.9,0.378831,7780.15,-81.73,9.23,-90.96,-90.96,8189.63,8098.67
192,SOL/INR,1h,SHORT,2025-01-24 01:30:00+05:30,2025-01-24 03:30:00+05:30,245.91,20533.72,248.37,238.54,248.5,20749.43,STOP_LOSS,0.01,80.99,0.374688,7693.73,-80.82,9.13,-89.95,-89.95,8098.67,8008.72
193,SOL/INR,1h,LONG,2025-01-24 14:30:00+05:30,2025-01-24 20:30:00+05:30,264.88,22117.74,262.23,272.83,262.1,21885.61,STOP_LOSS,0.01,80.09,0.34399,7608.28,-79.85,8.93,-88.78,-88.78,8008.72,7919.94
194,SOL/INR,1h,SHORT,2025-01-25 12:30:00+05:30,2025-01-25 16:30:00+05:30,246.81,20608.42,249.28,239.4,249.4,20824.91,STOP_LOSS,0.01,79.2,0.365091,7523.94,-79.04,8.92,-87.96,-87.96,7919.94,7831.98
195,SOL/INR,1h,LONG,2025-01-26 04:30:00+05:30,2025-01-26 06:30:00+05:30,259.25,21647.52,256.66,267.03,256.53,21420.33,STOP_LOSS,0.01,78.32,0.343706,7440.38,-78.09,8.73,-86.82,-86.82,7831.98,7745.16
196,SOL/INR,1h,LONG,2025-01-26 18:30:00+05:30,2025-01-26 21:30:00+05:30,256.85,21447.34,254.29,264.56,254.16,21222.25,STOP_LOSS,0.01,77.45,0.343068,7357.9,-77.22,8.64,-85.86,-85.86,7745.16,7659.3
197,SOL/INR,1h,SHORT,2025-01-27 10:30:00+05:30,2025-01-27 12:30:00+05:30,230.76,19268.13,233.06,223.83,223.95,18699.43,TARGET_HIT,0.01,76.59,0.377636,7276.33,214.76,8.46,206.3,206.3,7659.3,7865.6
198,SOL/INR,1h,SHORT,2025-01-27 16:30:00+05:30,2025-01-27 18:30:00+05:30,221.88,18526.58,224.09,215.22,224.21,18721.2,STOP_LOSS,0.01,78.66,0.40333,7472.32,-78.5,8.86,-87.36,-87.36,7865.6,7778.24
199,SOL/INR,1h,SHORT,2025-01-29 15:30:00+05:30,2025-01-30 00:30:00+05:30,231.01,19289.18,233.32,224.08,233.43,19491.82,STOP_LOSS,0.01,77.78,0.383081,7389.33,-77.62,8.77,-86.39,-86.39,7778.24,7691.85
200,SOL/INR,1h,LONG,2025-01-30 07:30:00+05:30,2025-01-30 20:30:00+05:30,235.24,19642.82,232.89,242.3,242.18,20221.98,TARGET_HIT,0.01,76.92,0.372007,7307.26,215.45,8.75,206.7,206.7,7691.85,7898.55
201,SOL/INR,1h,LONG,2025-01-31 21:30:00+05:30,2025-01-31 23:30:00+05:30,240.89,20114.37,238.48,248.12,238.36,19903.27,STOP_LOSS,0.01,78.99,0.373048,7503.63,-78.75,8.81,-87.56,-87.56,7898.55,7811.0
202,SOL/INR,1h,SHORT,2025-02-01 20:30:00+05:30,2025-02-02 00:30:00+05:30,225.29,18811.66,227.54,218.53,224.85,18774.96,INTRADAY_SQUAREOFF,0.01,78.11,0.39446,7420.45,14.48,8.75,5.73,5.73,7811.0,7816.72
203,SOL/INR,1h,SHORT,2025-02-02 09:30:00+05:30,2025-02-02 11:30:00+05:30,207.57,17331.88,209.64,201.34,209.75,17513.95,STOP_LOSS,0.01,78.17,0.428453,7425.89,-78.01,8.81,-86.82,-86.82,7816.72,7729.91
204,SOL/INR,1h,SHORT,2025-02-02 13:30:00+05:30,2025-02-02 15:30:00+05:30,211.49,17659.01,213.6,205.14,213.71,17844.52,STOP_LOSS,0.01,77.3,0.415845,7343.41,-77.14,8.71,-85.85,-85.85,7729.91,7644.05
205,SOL/INR,1h,SHORT,2025-02-02 22:30:00+05:30,2025-02-03 00:30:00+05:30,206.29,17225.15,208.35,200.1,200.2,16716.75,TARGET_HIT,0.01,76.44,0.421584,7261.85,214.33,8.44,205.89,205.89,7644.05,7849.94
206,SOL/INR,1h,SHORT,2025-02-03 07:30:00+05:30,2025-02-03 09:30:00+05:30,182.6,15246.73,184.42,177.12,184.51,15406.9,STOP_LOSS,0.01,78.5,0.489118,7457.45,-78.34,8.85,-87.19,-87.19,7849.94,7762.76
207,SOL/INR,1h,SHORT,2025-02-03 15:30:00+05:30,2025-02-03 17:30:00+05:30,194.4,16232.13,196.34,188.56,196.44,16402.65,STOP_LOSS,0.01,77.63,0.454322,7374.62,-77.47,8.75,-86.22,-86.22,7762.76,7676.54
208,SOL/INR,1h,LONG,2025-02-04 03:30:00+05:30,2025-02-04 06:30:00+05:30,217.88,18192.95,215.7,224.42,215.59,18002.01,STOP_LOSS,0.01,76.77,0.400854,7292.71,-76.54,8.56,-85.1,-85.1,7676.54,7591.44
209,SOL/INR,1h,SHORT,2025-02-04 14:30:00+05:30,2025-02-04 16:30:00+05:30,202.95,16946.25,204.98,196.86,205.08,17124.27,STOP_LOSS,0.01,75.91,0.425573,7211.87,-75.76,8.55,-84.32,-84.32,7591.44,7507.13
210,SOL/INR,1h,SHORT,2025-02-05 07:30:00+05:30,2025-02-05 21:30:00+05:30,205.81,17185.16,207.87,199.64,199.74,16677.94,TARGET_HIT,0.01,75.07,0.414996,7131.77,210.49,8.29,202.2,202.2,7507.13,7709.33
211,SOL/INR,1h,SHORT,2025-02-06 04:30:00+05:30,2025-02-06 06:30:00+05:30,195.78,16347.81,197.74,189.91,197.84,16519.54,STOP_LOSS,0.01,77.09,0.448003,7323.86,-76.94,8.69,-85.62,-85.62,7709.33,7623.7
212,SOL/INR,1h,SHORT,2025-02-06 14:30:00+05:30,2025-02-06 20:30:00+05:30,201.18,16798.38,203.19,195.14,195.24,16302.57,TARGET_HIT,0.01,76.24,0.431144,7242.52,213.76,8.42,205.34,205.34,7623.7,7829.05
213,SOL/INR,1h,SHORT,2025-02-07 04:30:00+05:30,2025-02-07 06:30:00+05:30,190.6,15915.21,192.51,184.88,192.6,16082.4,STOP_LOSS,0.01,78.29,0.467326,7437.6,-78.13,8.82,-86.95,-86.95,7829.05,7742.09
214,SOL/INR,1h,SHORT,2025-02-07 11:30:00+05:30,2025-02-07 13:30:00+05:30,192.41,16065.88,194.33,186.63,194.43,16234.65,STOP_LOSS,0.01,77.42,0.457802,7354.99,-77.26,8.72,-85.99,-85.99,7742.09,7656.1
215,SOL/INR,1h,SHORT,2025-02-08 10:30:00+05:30,2025-02-08 14:30:00+05:30,191.79,16014.35,193.71,186.03,193.8,16182.58,STOP_LOSS,0.01,76.56,0.454174,7273.3,-76.41,8.63,-85.03,-85.03,7656.1,7571.07
216,SOL/INR,1h,LONG,2025-02-09 06:30:00+05:30,2025-02-09 09:30:00+05:30,200.43,16736.23,198.43,206.45,206.34,17229.7,TARGET_HIT,0.01,75.71,0.429757,7192.52,212.07,8.61,203.46,203.46,7571.07,7774.53
217,SOL/INR,1h,SHORT,2025-02-09 23:30:00+05:30,2025-02-10 01:30:00+05:30,199.96,16696.34,201.96,193.96,199.28,16639.7,INTRADAY_SQUAREOFF,0.01,77.75,0.442361,7385.8,25.05,8.7,16.35,16.35,7774.53,7790.88
218,SOL/INR,1h,SHORT,2025-02-10 03:30:00+05:30,2025-02-10 05:30:00+05:30,194.19,16214.91,196.13,188.36,196.23,16385.25,STOP_LOSS,0.01,77.91,0.456453,7401.34,-77.75,8.78,-86.53,-86.53,7790.88,7704.35
219,SOL/INR,1h,LONG,2025-02-11 07:30:00+05:30,2025-02-11 09:30:00+05:30,204.68,17090.87,202.63,210.82,202.53,16911.5,STOP_LOSS,0.01,77.04,0.428248,7319.13,-76.81,8.59,-85.41,-85.41,7704.35,7618.95
220,SOL/INR,1h,LONG,2025-02-11 17:30:00+05:30,2025-02-11 19:30:00+05:30,203.31,16976.65,201.28,209.41,201.18,16798.48,STOP_LOSS,0.01,76.19,0.42635,7238.0,-75.96,8.5,-84.46,-84.46,7618.95,7534.49
221,SOL/INR,1h,SHORT,2025-02-12 08:30:00+05:30,2025-02-12 16:30:00+05:30,195.12,16292.81,197.07,189.27,197.17,16463.97,STOP_LOSS,0.01,75.34,0.43932,7157.76,-75.19,8.49,-83.68,-83.68,7534.49,7450.8
222,SOL/INR,1h,SHORT,2025-02-13 00:30:00+05:30,2025-02-13 02:30:00+05:30,192.95,16111.19,194.88,187.16,194.98,16280.44,STOP_LOSS,0.01,74.51,0.439338,7078.26,-74.36,8.4,-82.75,-82.75,7450.8,7368.05
223,SOL/INR,1h,SHORT,2025-02-13 06:30:00+05:30,2025-02-13 08:30:00+05:30,195.18,16297.12,197.13,189.32,197.23,16468.32,STOP_LOSS,0.01,73.68,0.429502,6999.65,-73.53,8.3,-81.83,-81.83,7368.05,7286.22
224,SOL/INR,1h,SHORT,2025-02-13 10:30:00+05:30,2025-02-13 19:30:00+05:30,195.38,16314.19,197.33,189.52,189.61,15832.67,TARGET_HIT,0.01,72.86,0.424288,6921.91,204.3,8.05,196.25,196.25,7286.22,7482.47
225,SOL/INR,1h,LONG,2025-02-14 12:30:00+05:30,2025-02-14 22:30:00+05:30,196.36,16396.22,194.4,202.25,202.15,16879.66,TARGET_HIT,0.01,74.82,0.433536,7108.35,209.59,8.51,201.08,201.08,7482.47,7683.55
226,SOL/INR,1h,SHORT,2025-02-15 23:30:00+05:30,2025-02-16 01:30:00+05:30,193.45,16153.22,195.39,187.65,194.3,16223.81,INTRADAY_SQUAREOFF,0.01,76.84,0.451883,7299.37,-31.9,8.63,-40.53,-40.53,7683.55,7643.02
227,SOL/INR,1h,SHORT,2025-02-16 08:30:00+05:30,2025-02-16 10:30:00+05:30,193.39,16147.96,195.32,187.59,195.42,16317.59,STOP_LOSS,0.01,76.43,0.449646,7260.87,-76.28,8.61,-84.89,-84.89,7643.02,7558.13
228,SOL/INR,1h,SHORT,2025-02-16 13:30:00+05:30,2025-02-17 00:30:00+05:30,192.62,16083.44,194.54,186.84,189.36,15811.2,INTRADAY_SQUAREOFF,0.01,75.58,0.446436,7180.22,121.54,8.4,113.14,113.14,7558.13,7671.27
229,SOL/INR,1h,SHORT,2025-02-17 08:30:00+05:30,2025-02-17 10:30:00+05:30,187.14,15626.46,189.01,181.53,181.62,15165.24,TARGET_HIT,0.01,76.71,0.46637,7287.7,215.1,8.47,206.62,206.62,7671.27,7877.89
230,SOL/INR,1h,SHORT,2025-02-17 16:30:00+05:30,2025-02-17 18:30:00+05:30,183.36,15310.65,185.19,177.86,185.29,15471.49,STOP_LOSS,0.01,78.78,0.48881,7484.0,-78.62,8.88,-87.5,-87.5,7877.89,7790.39
231,SOL/INR,1h,SHORT,2025-02-18 05:30:00+05:30,2025-02-18 10:30:00+05:30,177.57,14827.26,179.35,172.24,172.33,14389.63,TARGET_HIT,0.01,77.9,0.49914,7400.87,218.44,8.6,209.83,209.83,7790.39,8000.23
232,SOL/INR,1h,SHORT,2025-02-18 14:30:00+05:30,2025-02-18 16:30:00+05:30,163.73,13671.09,165.36,158.81,165.45,13814.7,STOP_LOSS,0.01,80.0,0.555934,7600.22,-79.84,9.02,-88.86,-88.86,8000.23,7911.37
233,SOL/INR,1h,SHORT,2025-02-18 20:30:00+05:30,2025-02-19 00:30:00+05:30,166.12,13870.84,167.78,161.13,164.55,13739.98,INTRADAY_SQUAREOFF,0.01,79.11,0.541842,7515.8,70.9,8.83,62.08,62.08,7911.37,7973.45
234,SOL/INR,1h,SHORT,2025-02-19 09:30:00+05:30,2025-02-19 12:30:00+05:30,167.15,13957.22,168.82,162.14,168.91,14103.84,STOP_LOSS,0.01,79.73,0.542714,7574.78,-79.57,8.99,-88.56,-88.56,7973.45,7884.89
235,SOL/INR,1h,LONG,2025-02-21 05:30:00+05:30,2025-02-21 07:30:00+05:30,176.47,14735.02,174.7,181.76,174.62,14580.38,STOP_LOSS,0.01,78.85,0.508357,7490.65,-78.61,8.79,-87.41,-87.41,7884.89,7797.48
236,SOL/INR,1h,LONG,2025-02-21 11:30:00+05:30,2025-02-21 20:30:00+05:30,175.4,14645.61,173.64,180.66,173.56,14491.91,STOP_LOSS,0.01,77.97,0.50579,7407.61,-77.74,8.7,-86.44,-86.44,7797.48,7711.05
237,SOL/INR,1h,SHORT,2025-02-22 01:30:00+05:30,2025-02-22 05:30:00+05:30,168.42,14063.0,170.1,163.37,170.19,14210.73,STOP_LOSS,0.01,77.11,0.520906,7325.49,-76.95,8.69,-85.64,-85.64,7711.05,7625.4
238,SOL/INR,1h,SHORT,2025-02-22 12:30:00+05:30,2025-02-22 14:30:00+05:30,170.85,14266.22,172.56,165.73,172.65,14416.09,STOP_LOSS,0.01,76.25,0.507782,7244.13,-76.1,8.59,-84.69,-84.69,7625.4,7540.71
239,SOL/INR,1h,SHORT,2025-02-22 19:30:00+05:30,2025-02-23 00:30:00+05:30,172.81,14429.85,174.54,167.63,173.0,14445.78,INTRADAY_SQUAREOFF,0.01,75.41,0.496448,7163.67,-7.91,8.46,-16.36,-16.36,7540.71,7524.34
240,SOL/INR,1h,SHORT,2025-02-23 05:30:00+05:30,2025-02-23 21:30:00+05:30,172.06,14366.73,173.78,166.9,166.98,13942.7,TARGET_HIT,0.01,75.24,0.497547,7148.13,210.98,8.31,202.67,202.67,7524.34,7727.01
241,SOL/INR,1h,SHORT,2025-02-24 06:30:00+05:30,2025-02-24 08:30:00+05:30,166.8,13927.46,168.46,161.79,161.87,13516.39,TARGET_HIT,0.01,77.27,0.527064,7340.66,216.66,8.53,208.13,208.13,7727.01,7935.14
242,SOL/INR,1h,SHORT,2025-02-24 14:30:00+05:30,2025-02-24 18:30:00+05:30,158.21,13210.38,159.79,153.46,159.87,13349.15,STOP_LOSS,0.01,79.35,0.570641,7538.38,-79.19,8.94,-88.13,-88.13,7935.14,7847.0
243,SOL/INR,1h,SHORT,2025-02-25 00:30:00+05:30,2025-02-25 03:30:00+05:30,152.03,12694.34,153.55,147.47,147.54,12319.67,TARGET_HIT,0.01,78.47,0.587242,7454.65,220.02,8.67,211.36,211.36,7847.0,8058.36
244,SOL/INR,1h,SHORT,2025-02-25 15:30:00+05:30,2025-02-25 17:30:00+05:30,133.99,11188.5,135.33,129.97,135.4,11306.03,STOP_LOSS,0.01,80.58,0.684225,7655.44,-80.42,9.08,-89.5,-89.5,8058.36,7968.86
245,SOL/INR,1h,SHORT,2025-02-26 23:30:00+05:30,2025-02-27 01:30:00+05:30,133.29,11129.75,134.62,129.29,134.69,11246.67,STOP_LOSS,0.01,79.69,0.680197,7570.42,-79.53,8.98,-88.51,-88.51,7968.86,7880.35
246,SOL/INR,1h,SHORT,2025-02-27 05:30:00+05:30,2025-02-27 07:30:00+05:30,134.53,11233.02,135.87,130.49,135.94,11351.02,STOP_LOSS,0.01,78.8,0.666458,7486.34,-78.64,8.88,-87.52,-87.52,7880.35,7792.83
247,SOL/INR,1h,LONG,2025-02-27 16:30:00+05:30,2025-02-27 18:30:00+05:30,142.09,11864.32,140.67,146.35,140.6,11739.8,STOP_LOSS,0.01,77.93,0.623988,7403.19,-77.7,8.69,-86.39,-86.39,7792.83,7706.44
248,SOL/INR,1h,LONG,2025-02-27 21:30:00+05:30,2025-02-27 23:30:00+05:30,140.49,11731.04,139.09,144.71,139.02,11607.92,STOP_LOSS,0.01,77.06,0.624081,7321.12,-76.84,8.59,-85.43,-85.43,7706.44,7621.01
249,SOL/INR,1h,SHORT,2025-02-28 16:30:00+05:30,2025-02-28 18:30:00+05:30,130.07,10860.69,131.37,126.17,131.43,10974.78,STOP_LOSS,0.01,76.21,0.666621,7239.96,-76.06,8.59,-84.64,-84.64,7621.01,7536.37
250,SOL/INR,1h,LONG,2025-03-01 00:30:00+05:30,2025-03-01 10:30:00+05:30,146.82,12259.32,145.35,151.22,145.28,12130.66,STOP_LOSS,0.01,75.36,0.584009,7159.55,-75.14,8.4,-83.54,-83.54,7536.37,7452.83
251,SOL/INR,1h,LONG,2025-03-02 21:30:00+05:30,2025-03-02 23:30:00+05:30,161.23,13462.46,159.61,166.06,165.98,13859.4,TARGET_HIT,0.01,74.53,0.525921,7080.19,208.76,8.48,200.28,200.28,7452.83,7653.11
252,SOL/INR,1h,LONG,2025-03-03 01:30:00+05:30,2025-03-03 04:30:00+05:30,172.28,14385.09,170.55,177.44,177.36,14809.23,TARGET_HIT,0.01,76.53,0.505416,7270.45,214.37,8.71,205.66,205.66,7653.11,7858.77
253,SOL/INR,1h,SHORT,2025-03-03 20:30:00+05:30,2025-03-03 22:30:00+05:30,157.42,13144.24,158.99,152.69,159.07,13282.32,STOP_LOSS,0.01,78.59,0.567993,7465.83,-78.43,8.86,-87.28,-87.28,7858.77,7771.49
254,SOL/INR,1h,SHORT,2025-03-04 03:30:00+05:30,2025-03-04 05:30:00+05:30,139.76,11670.18,141.16,135.57,141.23,11792.78,STOP_LOSS,0.01,77.71,0.632631,7382.91,-77.56,8.76,-86.32,-86.32,7771.49,7685.17
255,SOL/INR,1h,SHORT,2025-03-04 07:30:00+05:30,2025-03-04 10:30:00+05:30,135.72,11332.6,137.08,131.65,137.15,11451.65,STOP_LOSS,0.01,76.85,0.64424,7300.91,-76.7,8.66,-85.36,-85.36,7685.17,7599.82
256,SOL/INR,1h,SHORT,2025-03-04 13:30:00+05:30,2025-03-04 16:30:00+05:30,135.79,11338.27,137.15,131.71,137.21,11457.38,STOP_LOSS,0.01,76.0,0.636766,7219.82,-75.84,8.56,-84.41,-84.41,7599.82,7515.41
257,SOL/INR,1h,LONG,2025-03-05 03:30:00+05:30,2025-03-05 05:30:00+05:30,146.41,12225.26,144.95,150.8,144.87,12096.96,STOP_LOSS,0.01,75.15,0.584007,7139.64,-74.93,8.38,-83.31,-83.31,7515.41,7432.1
258,SOL/INR,1h,LONG,2025-03-05 12:30:00+05:30,2025-03-05 15:30:00+05:30,143.72,12001.0,142.29,148.04,147.96,12354.85,TARGET_HIT,0.01,74.32,0.588325,7060.49,208.18,8.45,199.72,199.72,7432.1,7631.82
259,SOL/INR,1h,LONG,2025-03-06 10:30:00+05:30,2025-03-06 18:30:00+05:30,150.0,12525.29,148.5,154.5,148.43,12393.84,STOP_LOSS,0.01,76.32,0.578847,7250.23,-76.09,8.51,-84.6,-84.6,7631.82,7547.22
260,SOL/INR,1h,LONG,2025-03-06 21:30:00+05:30,2025-03-06 23:30:00+05:30,149.58,12489.82,148.08,154.07,148.01,12358.74,STOP_LOSS,0.01,75.47,0.574056,7169.86,-75.25,8.42,-83.66,-83.66,7547.22,7463.56
261,SOL/INR,1h,SHORT,2025-03-07 05:30:00+05:30,2025-03-07 14:30:00+05:30,143.28,11963.97,144.71,138.98,144.79,12089.65,STOP_LOSS,0.01,74.64,0.592644,7090.38,-74.48,8.41,-82.9,-82.9,7463.56,7380.66
262,SOL/INR,1h,SHORT,2025-03-09 15:30:00+05:30,2025-03-09 18:30:00+05:30,137.99,11522.17,139.37,133.85,133.92,11182.1,TARGET_HIT,0.01,73.81,0.608533,7011.63,206.95,8.15,198.8,198.8,7380.66,7579.46
263,SOL/INR,1h,SHORT,2025-03-10 14:30:00+05:30,2025-03-10 16:30:00+05:30,126.09,10528.42,127.35,122.31,127.41,10639.03,STOP_LOSS,0.01,75.79,0.683909,7200.48,-75.64,8.54,-84.18,-84.18,7579.46,7495.27
264,SOL/INR,1h,SHORT,2025-03-10 19:30:00+05:30,2025-03-10 21:30:00+05:30,124.95,10433.47,126.2,121.2,121.26,10125.53,TARGET_HIT,0.01,74.95,0.682468,7120.51,210.16,8.28,201.88,201.88,7495.27,7697.16
265,SOL/INR,1h,SHORT,2025-03-11 06:30:00+05:30,2025-03-11 08:30:00+05:30,113.17,9449.3,114.3,109.77,114.35,9548.57,STOP_LOSS,0.01,76.97,0.773846,7312.3,-76.82,8.67,-85.49,-85.49,7697.16,7611.67
266,SOL/INR,1h,LONG,2025-03-12 07:30:00+05:30,2025-03-12 09:30:00+05:30,126.78,10585.97,125.51,130.58,125.45,10474.87,STOP_LOSS,0.01,76.12,0.683082,7231.09,-75.89,8.49,-84.38,-84.38,7611.67,7527.29
267,SOL/INR,1h,LONG,2025-03-12 13:30:00+05:30,2025-03-12 17:30:00+05:30,123.39,10302.93,122.15,127.09,127.03,10606.71,TARGET_HIT,0.01,75.27,0.694067,7150.93,210.85,8.56,202.28,202.28,7527.29,7729.57
268,SOL/INR,1h,LONG,2025-03-13 04:30:00+05:30,2025-03-13 06:30:00+05:30,126.66,10575.7,125.39,130.45,125.33,10464.71,STOP_LOSS,0.01,77.3,0.694337,7343.09,-77.07,8.62,-85.69,-85.69,7729.57,7643.89
269,SOL/INR,1h,LONG,2025-03-13 13:30:00+05:30,2025-03-13 21:30:00+05:30,124.49,10395.12,123.25,128.23,123.19,10286.02,STOP_LOSS,0.01,76.44,0.698568,7261.69,-76.21,8.52,-84.74,-84.74,7643.89,7559.15
270,SOL/INR,1h,SHORT,2025-03-14 01:30:00+05:30,2025-03-14 03:30:00+05:30,121.15,10116.15,122.36,117.52,122.42,10222.42,STOP_LOSS,0.01,75.59,0.709875,7181.2,-75.44,8.52,-83.96,-83.96,7559.15,7475.2
271,SOL/INR,1h,SHORT,2025-03-14 09:30:00+05:30,2025-03-14 13:30:00+05:30,124.22,10372.02,125.46,120.49,125.52,10480.98,STOP_LOSS,0.01,74.75,0.684673,7101.44,-74.6,8.42,-83.02,-83.02,7475.2,7392.17
272,SOL/INR,1h,LONG,2025-03-15 00:30:00+05:30,2025-03-15 13:30:00+05:30,134.15,11201.24,132.81,138.17,132.74,11083.68,STOP_LOSS,0.01,73.92,0.626945,7022.56,-73.7,8.24,-81.94,-81.94,7392.17,7310.23
273,SOL/INR,1h,LONG,2025-03-15 17:30:00+05:30,2025-03-16 00:30:00+05:30,133.58,11154.32,132.25,137.59,134.17,11203.33,INTRADAY_SQUAREOFF,0.01,73.1,0.622603,6944.72,30.51,8.21,22.3,22.3,7310.23,7332.53
274,SOL/INR,1h,LONG,2025-03-16 05:30:00+05:30,2025-03-16 07:30:00+05:30,136.04,11359.5,134.68,140.12,134.61,11240.28,STOP_LOSS,0.01,73.33,0.613223,6965.9,-73.11,8.18,-81.28,-81.28,7332.53,7251.24
275,SOL/INR,1h,LONG,2025-03-16 09:30:00+05:30,2025-03-16 12:30:00+05:30,135.61,11323.45,134.25,139.68,134.19,11204.61,STOP_LOSS,0.01,72.51,0.608355,6888.68,-72.3,8.09,-80.38,-80.38,7251.24,7170.86
276,SOL/INR,1h,SHORT,2025-03-17 01:30:00+05:30,2025-03-17 05:30:00+05:30,126.45,10558.48,127.71,122.66,127.78,10669.39,STOP_LOSS,0.01,71.71,0.645199,6812.32,-71.56,8.08,-79.64,-79.64,7170.86,7091.22
277,SOL/INR,1h,SHORT,2025-03-17 18:30:00+05:30,2025-03-17 23:30:00+05:30,127.44,10641.43,128.72,123.62,128.78,10753.22,STOP_LOSS,0.01,70.91,0.633059,6736.66,-70.77,7.99,-78.76,-78.76,7091.22,7012.46
278,SOL/INR,1h,SHORT,2025-03-18 10:30:00+05:30,2025-03-18 13:30:00+05:30,123.9,10345.34,125.14,120.18,125.2,10454.02,STOP_LOSS,0.01,70.12,0.643945,6661.83,-69.98,7.9,-77.88,-77.88,7012.46,6934.57
279,SOL/INR,1h,SHORT,2025-03-18 15:30:00+05:30,2025-03-19 00:30:00+05:30,124.89,10428.51,126.14,121.15,124.1,10362.48,INTRADAY_SQUAREOFF,0.01,69.35,0.631715,6587.84,41.71,7.75,33.96,33.96,6934.57,6968.54
280,SOL/INR,1h,LONG,2025-03-19 19:30:00+05:30,2025-03-19 23:30:00+05:30,130.94,10933.3,129.63,134.87,129.56,10818.56,STOP_LOSS,0.01,69.69,0.6055,6620.11,-69.48,7.77,-77.25,-77.25,6968.54,6891.29
281,SOL/INR,1h,LONG,2025-03-20 04:30:00+05:30,2025-03-20 06:30:00+05:30,134.87,11261.83,133.52,138.92,133.46,11143.64,STOP_LOSS,0.01,68.91,0.58132,6546.72,-68.71,7.68,-76.39,-76.39,6891.29,6814.9
282,SOL/INR,1h,LONG,2025-03-20 08:30:00+05:30,2025-03-20 15:30:00+05:30,134.26,11210.92,132.92,138.29,132.85,11093.26,STOP_LOSS,0.01,68.15,0.577486,6474.15,-67.95,7.6,-75.55,-75.55,6814.9,6739.35
283,SOL/INR,1h,SHORT,2025-03-21 03:30:00+05:30,2025-03-21 07:30:00+05:30,127.51,10646.77,128.78,123.68,128.85,10758.61,STOP_LOSS,0.01,67.39,0.601345,6402.38,-67.26,7.59,-74.85,-74.85,6739.35,6664.5
284,SOL/INR,1h,SHORT,2025-03-21 15:30:00+05:30,2025-03-21 23:30:00+05:30,127.53,10648.9,128.81,123.71,128.87,10760.77,STOP_LOSS,0.01,66.64,0.594547,6331.27,-66.51,7.51,-74.02,-74.02,6664.5,6590.48
285,SOL/INR,1h,LONG,2025-03-23 12:30:00+05:30,2025-03-24 00:30:00+05:30,130.99,10937.36,129.68,134.92,130.92,10931.96,INTRADAY_SQUAREOFF,0.01,65.9,0.572437,6260.95,-3.09,7.39,-10.48,-10.48,6590.48,6580.0
286,SOL/INR,1h,LONG,2025-03-24 08:30:00+05:30,2025-03-24 10:30:00+05:30,135.06,11277.63,133.71,139.11,139.04,11610.16,TARGET_HIT,0.01,65.8,0.554283,6251.0,184.31,7.48,176.83,176.83,6580.0,6756.83
287,SOL/INR,1h,LONG,2025-03-24 14:30:00+05:30,2025-03-25 00:30:00+05:30,140.68,11747.06,139.28,144.9,142.24,11876.66,INTRADAY_SQUAREOFF,0.01,67.57,0.546433,6418.99,70.82,7.62,63.2,63.2,6756.83,6820.03
288,SOL/INR,1h,LONG,2025-03-25 06:30:00+05:30,2025-03-25 08:30:00+05:30,142.3,11881.8,140.87,146.57,140.8,11757.11,STOP_LOSS,0.01,68.2,0.54529,6479.02,-68.0,7.61,-75.6,-75.6,6820.03,6744.42
289,SOL/INR,1h,LONG,2025-03-25 19:30:00+05:30,2025-03-25 21:30:00+05:30,145.9,12183.03,144.45,150.28,144.37,12055.17,STOP_LOSS,0.01,67.44,0.525912,6407.2,-67.24,7.52,-74.76,-74.76,6744.42,6669.66
290,SOL/INR,1h,LONG,2025-03-26 06:30:00+05:30,2025-03-26 08:30:00+05:30,144.54,12068.9,143.09,148.87,143.02,11942.24,STOP_LOSS,0.01,66.7,0.525,6336.18,-66.5,7.44,-73.94,-73.94,6669.66,6595.72
291,SOL/INR,1h,LONG,2025-03-26 12:30:00+05:30,2025-03-26 18:30:00+05:30,144.29,12047.98,142.84,148.62,142.77,11921.53,STOP_LOSS,0.01,65.96,0.520082,6265.94,-65.76,7.36,-73.12,-73.12,6595.72,6522.61
292,SOL/INR,1h,SHORT,2025-03-26 23:30:00+05:30,2025-03-27 01:30:00+05:30,137.98,11521.29,139.36,133.84,137.72,11500.02,INTRADAY_SQUAREOFF,0.01,65.23,0.537829,6196.48,11.44,7.31,4.13,4.13,6522.61,6526.74
293,SOL/INR,1h,SHORT,2025-03-27 16:30:00+05:30,2025-03-27 19:30:00+05:30,137.53,11484.02,138.91,133.41,138.98,11604.66,STOP_LOSS,0.01,65.27,0.539916,6200.4,-65.14,7.35,-72.49,-72.49,6526.74,6454.25
294,SOL/INR,1h,SHORT,2025-03-27 23:30:00+05:30,2025-03-28 01:30:00+05:30,137.48,11479.36,138.85,133.35,138.92,11599.95,STOP_LOSS,0.01,64.54,0.534136,6131.54,-64.41,7.27,-71.69,-71.69,6454.25,6382.56
295,SOL/INR,1h,SHORT,2025-03-28 05:30:00+05:30,2025-03-28 09:30:00+05:30,138.08,11529.97,139.46,133.94,134.01,11189.66,TARGET_HIT,0.01,63.83,0.525885,6063.44,178.96,7.05,171.91,171.91,6382.56,6554.48
296,SOL/INR,1h,SHORT,2025-03-28 19:30:00+05:30,2025-03-29 00:30:00+05:30,129.85,10842.43,131.15,125.95,129.59,10820.68,INTRADAY_SQUAREOFF,0.01,65.54,0.574295,6226.75,12.49,7.34,5.15,5.15,6554.48,6559.62
297,SOL/INR,1h,SHORT,2025-03-29 07:30:00+05:30,2025-03-29 16:30:00+05:30,129.25,10792.74,130.55,125.38,125.44,10474.2,TARGET_HIT,0.01,65.6,0.577392,6231.64,183.93,7.24,176.68,176.68,6559.62,6736.31
298,SOL/INR,1h,SHORT,2025-03-29 22:30:00+05:30,2025-03-30 00:30:00+05:30,125.28,10461.16,126.54,121.52,125.06,10442.61,INTRADAY_SQUAREOFF,0.01,67.36,0.611738,6399.49,11.35,7.54,3.8,3.8,6736.31,6740.11
299,SOL/INR,1h,SHORT,2025-03-30 04:30:00+05:30,2025-03-30 06:30:00+05:30,123.03,10272.74,124.26,119.34,124.32,10380.66,STOP_LOSS,0.01,67.4,0.62331,6403.1,-67.26,7.6,-74.86,-74.86,6740.11,6665.25
300,SOL/INR,1h,SHORT,2025-03-30 13:30:00+05:30,2025-03-31 00:30:00+05:30,125.27,10460.15,126.52,121.51,126.59,10570.04,STOP_LOSS,0.01,66.65,0.605344,6331.99,-66.52,7.51,-74.03,-74.03,6665.25,6591.22
301,SOL/INR,1h,LONG,2025-04-01 21:30:00+05:30,2025-04-01 23:30:00+05:30,130.06,10860.18,128.76,133.96,128.7,10746.21,STOP_LOSS,0.01,65.91,0.57657,6261.66,-65.72,7.35,-73.07,-73.07,6591.22,6518.16
302,SOL/INR,1h,LONG,2025-04-02 04:30:00+05:30,2025-04-02 06:30:00+05:30,127.14,10615.89,125.87,130.95,125.8,10504.48,STOP_LOSS,0.01,65.18,0.5833,6192.25,-64.99,7.27,-72.26,-72.26,6518.16,6445.9
303,SOL/INR,1h,SHORT,2025-04-02 11:30:00+05:30,2025-04-02 13:30:00+05:30,123.61,10321.43,124.85,119.9,124.91,10429.85,STOP_LOSS,0.01,64.46,0.59329,6123.6,-64.33,7.26,-71.59,-71.59,6445.9,6374.31
304,SOL/INR,1h,SHORT,2025-04-03 11:30:00+05:30,2025-04-03 17:30:00+05:30,118.95,9932.5,120.14,115.38,115.44,9639.34,TARGET_HIT,0.01,63.74,0.609674,6055.59,178.73,7.04,171.69,171.69,6374.31,6546.0
305,SOL/INR,1h,SHORT,2025-04-03 20:30:00+05:30,2025-04-03 22:30:00+05:30,112.48,9392.14,113.61,109.11,113.66,9490.8,STOP_LOSS,0.01,65.46,0.662118,6218.7,-65.33,7.38,-72.7,-72.7,6546.0,6473.29
306,SOL/INR,1h,SHORT,2025-04-04 06:30:00+05:30,2025-04-04 12:30:00+05:30,115.97,9683.64,117.13,112.49,117.19,9785.37,STOP_LOSS,0.01,64.73,0.635053,6149.63,-64.6,7.29,-71.9,-71.9,6473.29,6401.4
307,SOL/INR,1h,LONG,2025-04-05 02:30:00+05:30,2025-04-05 04:30:00+05:30,123.77,10335.21,122.54,127.49,122.48,10226.74,STOP_LOSS,0.01,64.01,0.588409,6081.33,-63.82,7.14,-70.96,-70.96,6401.4,6330.44
308,SOL/INR,1h,LONG,2025-04-05 13:30:00+05:30,2025-04-05 17:30:00+05:30,121.16,10117.14,119.95,124.8,119.89,10010.96,STOP_LOSS,0.01,63.3,0.594428,6013.91,-63.12,7.06,-70.18,-70.18,6330.44,6260.26
309,SOL/INR,1h,SHORT,2025-04-06 18:30:00+05:30,2025-04-06 22:30:00+05:30,116.47,9725.38,117.64,112.98,113.03,9438.34,TARGET_HIT,0.01,62.6,0.611518,5947.25,175.53,6.91,168.62,168.62,6260.26,6428.88
310,SOL/INR,1h,SHORT,2025-04-07 02:30:00+05:30,2025-04-07 07:30:00+05:30,106.39,8883.53,107.45,103.2,107.51,8976.85,STOP_LOSS,0.01,64.29,0.687501,6107.44,-64.16,7.24,-71.4,-71.4,6428.88,6357.48
311,SOL/INR,1h,LONG,2025-04-08 07:30:00+05:30,2025-04-08 11:30:00+05:30,111.2,9284.96,110.09,114.53,110.03,9187.52,STOP_LOSS,0.01,63.57,0.650471,6039.6,-63.39,7.09,-70.47,-70.47,6357.48,6287.0
312,SOL/INR,1h,LONG,2025-04-08 17:30:00+05:30,2025-04-08 19:30:00+05:30,111.7,9326.61,110.58,115.05,110.52,9228.73,STOP_LOSS,0.01,62.87,0.640388,5972.65,-62.68,7.01,-69.69,-69.69,6287.0,6217.31
313,SOL/INR,1h,SHORT,2025-04-09 01:30:00+05:30,2025-04-09 03:30:00+05:30,103.41,8634.32,104.44,100.3,104.49,8725.03,STOP_LOSS,0.01,62.17,0.684065,5906.44,-62.05,7.01,-69.05,-69.05,6217.31,6148.25
314,SOL/INR,1h,SHORT,2025-04-09 06:30:00+05:30,2025-04-09 09:30:00+05:30,104.36,8714.15,105.4,101.23,105.46,8805.69,STOP_LOSS,0.01,61.48,0.670271,5840.84,-61.36,6.93,-68.29,-68.29,6148.25,6079.97
315,SOL/INR,1h,SHORT,2025-04-09 17:30:00+05:30,2025-04-09 19:30:00+05:30,102.88,8590.32,103.91,99.79,103.96,8680.56,STOP_LOSS,0.01,60.8,0.672381,5775.97,-60.68,6.85,-67.53,-67.53,6079.97,6012.44
316,SOL/INR,1h,SHORT,2025-04-11 06:30:00+05:30,2025-04-11 08:30:00+05:30,112.21,9369.53,113.33,108.84,113.39,9467.96,STOP_LOSS,0.01,60.12,0.609616,5711.82,-60.0,6.78,-66.78,-66.78,6012.44,5945.66
317,SOL/INR,1h,LONG,2025-04-11 14:30:00+05:30,2025-04-11 22:30:00+05:30,117.33,9796.99,116.16,120.85,120.79,10085.85,TARGET_HIT,0.01,59.46,0.576542,5648.38,166.54,6.76,159.78,159.78,5945.66,6105.44
318,SOL/INR,1h,LONG,2025-04-12 05:30:00+05:30,2025-04-12 07:30:00+05:30,121.69,10161.21,120.47,125.34,120.41,10054.56,STOP_LOSS,0.01,61.05,0.570815,5800.17,-60.87,6.81,-67.68,-67.68,6105.44,6037.76
319,SOL/INR,1h,LONG,2025-04-12 10:30:00+05:30,2025-04-12 18:30:00+05:30,122.59,10236.32,121.36,126.27,126.21,10538.13,TARGET_HIT,0.01,60.38,0.560345,5735.87,169.12,6.87,162.25,162.25,6037.76,6200.01
320,SOL/INR,1h,LONG,2025-04-13 00:30:00+05:30,2025-04-13 11:30:00+05:30,130.96,10934.8,129.65,134.88,129.58,10820.04,STOP_LOSS,0.01,62.0,0.538648,5890.01,-61.82,6.91,-68.73,-68.73,6200.01,6131.28
321,SOL/INR,1h,LONG,2025-04-13 15:30:00+05:30,2025-04-13 17:30:00+05:30,131.49,10979.36,130.17,135.43,130.11,10864.13,STOP_LOSS,0.01,61.31,0.530516,5824.72,-61.13,6.84,-67.97,-67.97,6131.28,6063.32
322,SOL/INR,1h,LONG,2025-04-14 16:30:00+05:30,2025-04-14 18:30:00+05:30,133.95,11184.43,132.61,137.96,132.54,11067.05,STOP_LOSS,0.01,60.63,0.515015,5760.15,-60.45,6.76,-67.21,-67.21,6063.32,5996.1
323,SOL/INR,1h,LONG,2025-04-15 07:30:00+05:30,2025-04-15 22:30:00+05:30,130.41,10889.47,129.11,134.33,129.04,10775.18,STOP_LOSS,0.01,59.96,0.523102,5696.3,-59.78,6.69,-66.47,-66.47,5996.1,5929.63
324,SOL/INR,1h,SHORT,2025-04-16 04:30:00+05:30,2025-04-16 19:30:00+05:30,126.1,10529.29,127.36,122.32,127.42,10639.9,STOP_LOSS,0.01,59.3,0.534998,5633.15,-59.18,6.68,-65.86,-65.86,5929.63,5863.78
325,SOL/INR,1h,LONG,2025-04-17 11:30:00+05:30,2025-04-17 19:30:00+05:30,133.35,11134.74,132.02,137.35,131.95,11017.88,STOP_LOSS,0.01,58.64,0.500289,5570.59,-58.46,6.54,-65.0,-65.0,5863.78,5798.77
326,SOL/INR,1h,LONG,2025-04-17 21:30:00+05:30,2025-04-18 00:30:00+05:30,133.7,11163.98,132.36,137.71,132.3,11046.81,STOP_LOSS,0.01,57.99,0.493447,5508.83,-57.82,6.47,-64.28,-64.28,5798.77,5734.49
327,SOL/INR,1h,LONG,2025-04-18 02:30:00+05:30,2025-04-18 04:30:00+05:30,135.13,11283.12,133.78,139.18,133.71,11164.71,STOP_LOSS,0.01,57.34,0.482824,5447.77,-57.17,6.39,-63.57,-63.57,5734.49,5670.92
328,SOL/INR,1h,LONG,2025-04-18 13:30:00+05:30,2025-04-18 19:30:00+05:30,134.93,11266.91,133.58,138.98,133.52,11148.67,STOP_LOSS,0.01,56.71,0.478159,5387.38,-56.54,6.32,-62.86,-62.86,5670.92,5608.06
329,SOL/INR,1h,LONG,2025-04-19 03:30:00+05:30,2025-04-19 08:30:00+05:30,134.36,11218.97,133.02,138.39,138.32,11549.76,TARGET_HIT,0.01,56.08,0.474879,5327.66,157.09,6.38,150.71,150.71,5608.06,5758.76
330,SOL/INR,1h,LONG,2025-04-19 13:30:00+05:30,2025-04-20 00:30:00+05:30,138.96,11602.79,137.57,143.12,138.51,11565.74,INTRADAY_SQUAREOFF,0.01,57.59,0.47151,5470.83,-17.47,6.45,-23.92,-23.92,5758.76,5734.85
331,SOL/INR,1h,SHORT,2025-04-20 21:30:00+05:30,2025-04-21 00:30:00+05:30,135.71,11332.0,137.07,131.64,136.54,11400.8,INTRADAY_SQUAREOFF,0.01,57.35,0.480772,5448.11,-33.08,6.45,-39.53,-39.53,5734.85,5695.32
332,SOL/INR,1h,SHORT,2025-04-21 04:30:00+05:30,2025-04-21 06:30:00+05:30,136.49,11397.0,137.86,132.4,137.92,11516.73,STOP_LOSS,0.01,56.95,0.474735,5410.55,-56.84,6.42,-63.26,-63.26,5695.32,5632.06
333,SOL/INR,1h,LONG,2025-04-21 10:30:00+05:30,2025-04-21 15:30:00+05:30,141.01,11774.12,139.6,145.24,139.53,11650.55,STOP_LOSS,0.01,56.32,0.454426,5350.46,-56.15,6.28,-62.43,-62.43,5632.06,5569.63
334,SOL/INR,1h,SHORT,2025-04-22 04:30:00+05:30,2025-04-22 06:30:00+05:30,136.03,11358.68,137.39,131.95,137.46,11478.01,STOP_LOSS,0.01,55.7,0.465824,5291.15,-55.58,6.28,-61.86,-61.86,5569.63,5507.77
335,SOL/INR,1h,LONG,2025-04-23 03:30:00+05:30,2025-04-23 13:30:00+05:30,148.07,12363.48,146.58,152.51,152.43,12728.01,TARGET_HIT,0.01,55.08,0.423213,5232.38,154.28,6.27,148.01,148.01,5507.77,5655.78
336,SOL/INR,1h,LONG,2025-04-24 02:30:00+05:30,2025-04-24 06:30:00+05:30,151.18,12623.67,149.67,155.72,149.6,12491.19,STOP_LOSS,0.01,56.56,0.425628,5372.99,-56.39,6.31,-62.7,-62.7,5655.78,5593.09
337,SOL/INR,1h,LONG,2025-04-25 12:30:00+05:30,2025-04-25 21:30:00+05:30,153.85,12846.74,152.31,158.47,152.24,12711.91,STOP_LOSS,0.01,55.93,0.413602,5313.43,-55.76,6.24,-62.0,-62.0,5593.09,5531.09
338,SOL/INR,1h,SHORT,2025-04-27 00:30:00+05:30,2025-04-28 00:30:00+05:30,148.77,12421.95,150.25,144.3,149.99,12523.78,INTRADAY_SQUAREOFF,0.01,55.31,0.423004,5254.53,-43.07,6.23,-49.3,-49.3,5531.09,5481.78
339,SOL/INR,1h,SHORT,2025-04-29 10:30:00+05:30,2025-04-29 12:30:00+05:30,146.4,12224.11,147.86,142.0,147.93,12352.52,STOP_LOSS,0.01,54.82,0.426018,5207.7,-54.71,6.18,-60.88,-60.88,5481.78,5420.9
340,SOL/INR,1h,SHORT,2025-04-29 18:30:00+05:30,2025-04-29 21:30:00+05:30,147.92,12351.69,149.4,143.49,149.48,12481.44,STOP_LOSS,0.01,54.21,0.416935,5149.86,-54.1,6.11,-60.21,-60.21,5420.9,5360.69
341,SOL/INR,1h,SHORT,2025-04-30 18:30:00+05:30,2025-05-01 00:30:00+05:30,144.71,12083.35,146.16,140.37,145.61,12158.35,INTRADAY_SQUAREOFF,0.01,53.61,0.421461,5092.66,-31.61,6.03,-37.64,-37.64,5360.69,5323.06
342,SOL/INR,1h,LONG,2025-05-01 11:30:00+05:30,2025-05-02 00:30:00+05:30,149.37,12472.29,147.88,153.85,151.07,12614.28,INTRADAY_SQUAREOFF,0.01,53.23,0.405451,5056.9,57.57,6.0,51.57,51.57,5323.06,5374.62
343,SOL/INR,1h,LONG,2025-05-02 03:30:00+05:30,2025-05-02 11:30:00+05:30,150.98,12606.81,149.47,155.51,149.4,12474.5,STOP_LOSS,0.01,53.75,0.405011,5105.89,-53.59,5.99,-59.58,-59.58,5374.62,5315.04
344,SOL/INR,1h,SHORT,2025-05-03 03:30:00+05:30,2025-05-03 07:30:00+05:30,147.44,12310.86,148.91,143.01,148.98,12440.19,STOP_LOSS,0.01,53.15,0.410149,5049.29,-53.04,5.99,-59.03,-59.03,5315.04,5256.01
345,SOL/INR,1h,SHORT,2025-05-03 11:30:00+05:30,2025-05-04 00:30:00+05:30,147.7,12333.29,149.18,143.27,146.79,12257.3,INTRADAY_SQUAREOFF,0.01,52.56,0.404856,4993.21,30.77,5.87,24.89,24.89,5256.01,5280.9
346,SOL/INR,1h,SHORT,2025-05-04 05:30:00+05:30,2025-05-05 00:30:00+05:30,146.71,12250.08,148.17,142.31,146.81,12258.39,INTRADAY_SQUAREOFF,0.01,52.81,0.409537,5016.86,-3.4,5.92,-9.33,-9.33,5280.9,5271.58
347,SOL/INR,1h,SHORT,2025-05-05 04:30:00+05:30,2025-05-05 10:30:00+05:30,145.09,12115.01,146.54,140.74,146.61,12242.28,STOP_LOSS,0.01,52.72,0.413371,5008.0,-52.61,5.94,-58.55,-58.55,5271.58,5213.03
348,SOL/INR,1h,SHORT,2025-05-05 21:30:00+05:30,2025-05-05 23:30:00+05:30,143.37,11971.26,144.8,139.07,144.87,12097.02,STOP_LOSS,0.01,52.13,0.413689,4952.38,-52.02,5.87,-57.9,-57.9,5213.03,5155.13
349,SOL/INR,1h,LONG,2025-05-07 13:30:00+05:30,2025-05-07 20:30:00+05:30,147.31,12300.29,145.84,151.73,145.76,12171.19,STOP_LOSS,0.01,51.55,0.398151,4897.37,-51.4,5.75,-57.15,-57.15,5155.13,5097.98
350,SOL/INR,1h,LONG,2025-05-08 03:30:00+05:30,2025-05-08 13:30:00+05:30,147.57,12321.83,146.09,151.99,151.92,12685.14,TARGET_HIT,0.01,50.98,0.393049,4843.08,142.8,5.8,137.0,137.0,5097.98,5234.98
351,SOL/INR,1h,LONG,2025-05-09 02:30:00+05:30,2025-05-09 04:30:00+05:30,162.84,13597.06,161.21,167.72,161.13,13454.35,STOP_LOSS,0.01,52.35,0.365758,4973.23,-52.19,5.84,-58.03,-58.03,5234.98,5176.95
352,SOL/INR,1h,LONG,2025-05-09 12:30:00+05:30,2025-05-09 15:30:00+05:30,164.32,13721.09,162.68,169.25,169.17,14125.65,TARGET_HIT,0.01,51.77,0.358434,4918.1,145.01,5.89,139.12,139.12,5176.95,5316.07
353,SOL/INR,1h,LONG,2025-05-09 19:30:00+05:30,2025-05-09 21:30:00+05:30,173.09,14452.75,171.36,178.28,171.27,14301.07,STOP_LOSS,0.01,53.16,0.349433,5050.27,-53.0,5.93,-58.93,-58.93,5316.07,5257.14
354,SOL/INR,1h,LONG,2025-05-09 23:30:00+05:30,2025-05-10 01:30:00+05:30,171.94,14357.11,170.22,177.1,171.65,14332.59,INTRADAY_SQUAREOFF,0.01,52.57,0.347861,4994.28,-8.53,5.89,-14.42,-14.42,5257.14,5242.72
355,SOL/INR,1h,LONG,2025-05-10 04:30:00+05:30,2025-05-10 06:30:00+05:30,173.5,14487.11,171.76,178.7,171.68,14335.07,STOP_LOSS,0.01,52.43,0.343794,4980.58,-52.27,5.85,-58.12,-58.12,5242.72,5184.6
356,SOL/INR,1h,LONG,2025-05-10 13:30:00+05:30,2025-05-10 16:30:00+05:30,172.51,14404.31,170.78,177.68,170.7,14253.13,STOP_LOSS,0.01,51.85,0.341937,4925.37,-51.69,5.78,-57.47,-57.47,5184.6,5127.13
357,SOL/INR,1h,LONG,2025-05-10 18:30:00+05:30,2025-05-11 00:30:00+05:30,171.28,14301.6,169.56,176.41,172.42,14397.22,INTRADAY_SQUAREOFF,0.01,51.27,0.340575,4870.77,32.57,5.77,26.8,26.8,5127.13,5153.93
358,SOL/INR,1h,LONG,2025-05-11 02:30:00+05:30,2025-05-11 04:30:00+05:30,172.94,14440.86,171.22,178.13,178.04,14866.65,TARGET_HIT,0.01,51.54,0.339054,4896.23,144.37,5.86,138.5,138.5,5153.93,5292.43
359,SOL/INR,1h,SHORT,2025-05-12 04:30:00+05:30,2025-05-12 06:30:00+05:30,171.48,14318.39,173.19,166.33,173.28,14468.81,STOP_LOSS,0.01,52.92,0.351144,5027.81,-52.82,5.96,-58.78,-58.78,5292.43,5233.65
360,SOL/INR,1h,LONG,2025-05-14 10:30:00+05:30,2025-05-14 13:30:00+05:30,181.89,15187.45,180.07,187.34,179.98,15028.05,STOP_LOSS,0.01,52.34,0.327374,4971.97,-52.18,5.84,-58.02,-58.02,5233.65,5175.63
361,SOL/INR,1h,SHORT,2025-05-15 04:30:00+05:30,2025-05-15 06:30:00+05:30,175.47,14651.53,177.22,170.2,177.31,14805.44,STOP_LOSS,0.01,51.76,0.335586,4916.85,-51.65,5.83,-57.48,-57.48,5175.63,5118.15
362,SOL/INR,1h,SHORT,2025-05-15 09:30:00+05:30,2025-05-15 18:30:00+05:30,174.22,14547.3,175.96,168.99,169.08,14117.94,TARGET_HIT,0.01,51.18,0.334237,4862.24,143.51,5.65,137.86,137.86,5118.15,5256.01
363,SOL/INR,1h,SHORT,2025-05-16 00:30:00+05:30,2025-05-16 05:30:00+05:30,169.45,14149.02,171.14,164.37,171.23,14297.65,STOP_LOSS,0.01,52.56,0.352901,4993.21,-52.45,5.92,-58.38,-58.38,5256.01,5197.63
364,SOL/INR,1h,SHORT,2025-05-16 14:30:00+05:30,2025-05-16 16:30:00+05:30,169.64,14165.24,171.34,164.55,171.43,14314.05,STOP_LOSS,0.01,51.98,0.348582,4937.75,-51.87,5.86,-57.73,-57.73,5197.63,5139.9
365,SOL/INR,1h,SHORT,2025-05-16 20:30:00+05:30,2025-05-17 00:30:00+05:30,171.12,14288.52,172.83,165.99,170.53,14239.28,INTRADAY_SQUAREOFF,0.01,51.4,0.341737,4882.91,16.83,5.75,11.08,11.08,5139.9,5150.98
366,SOL/INR,1h,SHORT,2025-05-17 02:30:00+05:30,2025-05-18 00:30:00+05:30,169.01,14112.11,170.7,163.94,165.8,13844.48,INTRADAY_SQUAREOFF,0.01,51.51,0.346754,4893.43,92.8,5.72,87.08,87.08,5150.98,5238.06
367,SOL/INR,1h,LONG,2025-05-18 18:30:00+05:30,2025-05-18 23:30:00+05:30,171.64,14332.13,169.93,176.79,169.84,14181.72,STOP_LOSS,0.01,52.38,0.347203,4976.16,-52.22,5.84,-58.07,-58.07,5238.06,5179.99
368,SOL/INR,1h,SHORT,2025-05-19 18:30:00+05:30,2025-05-19 20:30:00+05:30,160.29,13384.45,161.9,155.48,161.98,13525.05,STOP_LOSS,0.01,51.8,0.367665,4920.99,-51.7,5.84,-57.53,-57.53,5179.99,5122.46
369,SOL/INR,1h,LONG,2025-05-20 21:30:00+05:30,2025-05-20 23:30:00+05:30,167.23,13963.62,165.56,172.25,165.47,13817.07,STOP_LOSS,0.01,51.22,0.348501,4866.34,-51.07,5.71,-56.78,-56.78,5122.46,5065.68
370,SOL/INR,1h,LONG,2025-05-21 17:30:00+05:30,2025-05-21 22:30:00+05:30,169.66,14166.45,167.96,174.75,167.88,14017.77,STOP_LOSS,0.01,50.66,0.339704,4812.39,-50.51,5.65,-56.15,-56.15,5065.68,5009.52
371,SOL/INR,1h,LONG,2025-05-22 13:30:00+05:30,2025-05-23 00:30:00+05:30,178.59,14912.25,176.8,183.95,179.48,14986.48,INTRADAY_SQUAREOFF,0.01,50.1,0.319137,4759.05,23.69,5.63,18.06,18.06,5009.52,5027.58
372,SOL/INR,1h,LONG,2025-05-23 05:30:00+05:30,2025-05-23 13:30:00+05:30,179.97,15027.13,178.17,185.36,185.27,15470.21,TARGET_HIT,0.01,50.28,0.317839,4776.2,140.83,5.72,135.11,135.11,5027.58,5162.69
373,SOL/INR,1h,SHORT,2025-05-24 00:30:00+05:30,2025-05-24 06:30:00+05:30,178.6,14912.77,180.38,173.24,173.32,14472.62,TARGET_HIT,0.01,51.63,0.328883,4904.55,144.76,5.7,139.06,139.06,5162.69,5301.74
374,SOL/INR,1h,SHORT,2025-05-24 12:30:00+05:30,2025-05-24 14:30:00+05:30,173.81,14513.14,175.55,168.6,175.64,14665.6,STOP_LOSS,0.01,53.02,0.347041,5036.66,-52.91,5.97,-58.88,-58.88,5301.74,5242.86
375,SOL/INR,1h,SHORT,2025-05-25 13:30:00+05:30,2025-05-26 00:30:00+05:30,172.03,14364.84,173.75,166.87,171.78,14343.42,INTRADAY_SQUAREOFF,0.01,52.43,0.34673,4980.72,7.43,5.87,1.56,1.56,5242.86,5244.42
376,SOL/INR,1h,LONG,2025-05-26 10:30:00+05:30,2025-05-26 21:30:00+05:30,177.36,14809.34,175.58,182.68,175.5,14653.91,STOP_LOSS,0.01,52.44,0.336423,4982.2,-52.29,5.85,-58.14,-58.14,5244.42,5186.28
377,SOL/INR,1h,SHORT,2025-05-27 07:30:00+05:30,2025-05-27 09:30:00+05:30,171.6,14329.0,173.32,166.46,173.41,14479.52,STOP_LOSS,0.01,51.86,0.343846,4926.97,-51.76,5.84,-57.6,-57.6,5186.28,5128.68
378,SOL/INR,1h,LONG,2025-05-27 21:30:00+05:30,2025-05-28 00:30:00+05:30,178.6,14913.1,176.81,183.96,178.59,14911.96,INTRADAY_SQUAREOFF,0.01,51.29,0.326709,4872.24,-0.37,5.75,-6.12,-6.12,5128.68,5122.56
379,SOL/INR,1h,SHORT,2025-05-28 19:30:00+05:30,2025-05-29 00:30:00+05:30,172.76,14425.48,174.49,167.58,170.12,14205.27,INTRADAY_SQUAREOFF,0.01,51.23,0.33735,4866.43,74.29,5.7,68.59,68.59,5122.56,5191.14
380,SOL/INR,1h,LONG,2025-05-29 14:30:00+05:30,2025-05-29 18:30:00+05:30,173.16,14458.47,171.42,178.35,171.34,14306.73,STOP_LOSS,0.01,51.91,0.341086,4931.59,-51.76,5.79,-57.55,-57.55,5191.14,5133.6
381,SOL/INR,1h,SHORT,2025-05-30 05:30:00+05:30,2025-05-30 18:30:00+05:30,166.31,13886.84,167.97,161.32,161.4,13476.97,TARGET_HIT,0.01,51.34,0.35119,4876.92,143.94,5.67,138.27,138.27,5133.6,5271.87
382,SOL/INR,1h,SHORT,2025-05-30 22:30:00+05:30,2025-05-31 00:30:00+05:30,157.03,13112.28,158.6,152.32,158.68,13250.03,STOP_LOSS,0.01,52.72,0.381953,5008.28,-52.61,5.94,-58.55,-58.55,5271.87,5213.32
383,SOL/INR,1h,SHORT,2025-05-31 02:30:00+05:30,2025-05-31 06:30:00+05:30,159.9,13351.9,161.5,155.11,155.18,12957.82,TARGET_HIT,0.01,52.13,0.370932,4952.65,146.18,5.76,140.42,140.42,5213.32,5353.74
384,SOL/INR,1h,SHORT,2025-05-31 15:30:00+05:30,2025-05-31 18:30:00+05:30,153.76,12838.72,155.29,149.14,155.37,12973.59,STOP_LOSS,0.01,53.54,0.396149,5086.05,-53.43,6.03,-59.46,-59.46,5353.74,5294.28
385,SOL/INR,1h,SHORT,2025-06-01 18:30:00+05:30,2025-06-01 20:30:00+05:30,150.88,12598.12,152.38,146.35,152.46,12730.46,STOP_LOSS,0.01,52.94,0.399231,5029.56,-52.84,5.97,-58.8,-58.8,5294.28,5235.47
386,SOL/INR,1h,LONG,2025-06-02 03:30:00+05:30,2025-06-02 09:30:00+05:30,157.14,13121.57,155.57,161.86,155.5,12983.86,STOP_LOSS,0.01,52.35,0.379048,4973.7,-52.2,5.84,-58.04,-58.04,5235.47,5177.44
387,SOL/INR,1h,LONG,2025-06-03 11:30:00+05:30,2025-06-04 00:30:00+05:30,159.68,13333.23,158.08,164.47,160.37,13390.61,INTRADAY_SQUAREOFF,0.01,51.77,0.368895,4918.57,21.17,5.82,15.35,15.35,5177.44,5192.79
388,SOL/INR,1h,SHORT,2025-06-04 17:30:00+05:30,2025-06-04 20:30:00+05:30,155.92,13019.47,157.48,151.24,157.56,13156.24,STOP_LOSS,0.01,51.93,0.378905,4933.15,-51.82,5.85,-57.67,-57.67,5192.79,5135.11
389,SOL/INR,1h,SHORT,2025-06-04 23:30:00+05:30,2025-06-05 01:30:00+05:30,155.77,13006.46,157.32,151.09,155.73,13003.74,INTRADAY_SQUAREOFF,0.01,51.35,0.375072,4878.36,1.02,5.76,-4.74,-4.74,5135.11,5130.38
390,SOL/INR,1h,SHORT,2025-06-05 04:30:00+05:30,2025-06-05 21:30:00+05:30,153.44,12812.32,154.98,148.84,148.91,12434.17,TARGET_HIT,0.01,51.3,0.380404,4873.86,143.85,5.67,138.19,138.19,5130.38,5268.56
391,SOL/INR,1h,SHORT,2025-06-06 01:30:00+05:30,2025-06-06 09:30:00+05:30,145.68,12164.13,147.13,141.31,147.21,12291.91,STOP_LOSS,0.01,52.69,0.411467,5005.13,-52.58,5.94,-58.52,-58.52,5268.56,5210.05
392,SOL/INR,1h,LONG,2025-06-07 18:30:00+05:30,2025-06-07 20:30:00+05:30,152.45,12729.34,150.92,157.02,150.85,12595.75,STOP_LOSS,0.01,52.1,0.388829,4949.54,-51.95,5.81,-57.76,-57.76,5210.05,5152.29
393,SOL/INR,1h,LONG,2025-06-08 07:30:00+05:30,2025-06-08 14:30:00+05:30,150.33,12552.8,148.83,154.84,148.76,12421.06,STOP_LOSS,0.01,51.52,0.389927,4894.68,-51.37,5.75,-57.12,-57.12,5152.29,5095.18
394,SOL/INR,1h,LONG,2025-06-10 03:30:00+05:30,2025-06-10 10:30:00+05:30,159.55,13322.41,157.95,164.34,157.88,13182.59,STOP_LOSS,0.01,50.95,0.363329,4840.42,-50.8,5.68,-56.48,-56.48,5095.18,5038.69
395,SOL/INR,1h,LONG,2025-06-10 15:30:00+05:30,2025-06-10 19:30:00+05:30,159.05,13280.62,157.46,163.82,157.38,13141.24,STOP_LOSS,0.01,50.39,0.360432,4786.76,-50.24,5.62,-55.86,-55.86,5038.69,4982.84
396,SOL/INR,1h,LONG,2025-06-10 23:30:00+05:30,2025-06-11 01:30:00+05:30,158.6,13242.95,157.01,163.36,163.27,13633.42,TARGET_HIT,0.01,49.83,0.35745,4733.7,139.57,5.67,133.9,133.9,4982.84,5116.74
397,SOL/INR,1h,LONG,2025-06-11 09:30:00+05:30,2025-06-11 11:30:00+05:30,167.31,13970.74,165.64,172.33,165.56,13824.12,STOP_LOSS,0.01,51.17,0.347935,4860.91,-51.02,5.71,-56.72,-56.72,5116.74,5060.02
398,SOL/INR,1h,LONG,2025-06-11 18:30:00+05:30,2025-06-11 22:30:00+05:30,167.36,13974.2,165.68,172.38,165.6,13827.54,STOP_LOSS,0.01,50.6,0.343993,4807.02,-50.45,5.64,-56.09,-56.09,5060.02,5003.93
399,SOL/INR,1h,SHORT,2025-06-12 17:30:00+05:30,2025-06-12 19:30:00+05:30,157.63,13162.52,159.21,152.91,159.29,13300.79,STOP_LOSS,0.01,50.04,0.361157,4753.73,-49.94,5.64,-55.58,-55.58,5003.93,4948.35
400,SOL/INR,1h,SHORT,2025-06-12 21:30:00+05:30,2025-06-12 23:30:00+05:30,156.61,13076.77,158.17,151.91,158.25,13214.14,STOP_LOSS,0.01,49.48,0.359488,4700.94,-49.38,5.58,-54.96,-54.96,4948.35,4893.39
401,SOL/INR,1h,SHORT,2025-06-13 06:30:00+05:30,2025-06-13 12:30:00+05:30,143.92,12016.91,145.35,139.6,145.43,12143.15,STOP_LOSS,0.01,48.93,0.386848,4648.72,-48.83,5.51,-54.35,-54.35,4893.39,4839.04
402,SOL/INR,1h,SHORT,2025-06-14 01:30:00+05:30,2025-06-14 03:30:00+05:30,144.88,12097.23,146.33,140.53,146.4,12224.32,STOP_LOSS,0.01,48.39,0.380012,4597.09,-48.29,5.45,-53.75,-53.75,4839.04,4785.3
403,SOL/INR,1h,SHORT,2025-06-14 07:30:00+05:30,2025-06-15 00:30:00+05:30,146.87,12263.83,148.34,142.47,144.24,12044.13,INTRADAY_SQUAREOFF,0.01,47.85,0.370686,4546.03,81.44,5.32,76.12,76.12,4785.3,4861.42
404,SOL/INR,1h,LONG,2025-06-15 17:30:00+05:30,2025-06-15 19:30:00+05:30,146.64,12244.82,145.18,151.04,150.97,12605.86,TARGET_HIT,0.01,48.61,0.377168,4618.35,136.17,5.53,130.64,130.64,4861.42,4992.06
405,SOL/INR,1h,LONG,2025-06-16 00:30:00+05:30,2025-06-16 02:30:00+05:30,152.83,12761.13,151.3,157.41,151.22,12627.21,STOP_LOSS,0.01,49.92,0.371633,4742.46,-49.77,5.57,-55.34,-55.34,4992.06,4936.73
406,SOL/INR,1h,LONG,2025-06-16 07:30:00+05:30,2025-06-17 00:30:00+05:30,156.21,13043.92,154.65,160.9,158.03,13195.29,INTRADAY_SQUAREOFF,0.01,49.37,0.359546,4689.89,54.42,5.57,48.86,48.86,4936.73,4985.58
407,SOL/INR,1h,SHORT,2025-06-17 12:30:00+05:30,2025-06-17 20:30:00+05:30,152.79,12758.35,154.32,148.21,148.28,12381.79,TARGET_HIT,0.01,49.86,0.371231,4736.3,139.79,5.51,134.29,134.29,4985.58,5119.87
408,SOL/INR,1h,SHORT,2025-06-18 04:30:00+05:30,2025-06-18 06:30:00+05:30,146.73,12252.02,148.2,142.33,148.27,12380.73,STOP_LOSS,0.01,51.2,0.396985,4863.87,-51.09,5.77,-56.86,-56.86,5119.87,5063.0
409,SOL/INR,1h,SHORT,2025-06-18 12:30:00+05:30,2025-06-19 00:30:00+05:30,147.03,12276.9,148.5,142.62,144.28,12047.57,INTRADAY_SQUAREOFF,0.01,50.63,0.391781,4809.85,89.85,5.62,84.23,84.23,5063.0,5147.23
410,SOL/INR,1h,SHORT,2025-06-19 05:30:00+05:30,2025-06-20 00:30:00+05:30,146.1,12199.54,147.56,141.72,145.2,12123.91,INTRADAY_SQUAREOFF,0.01,51.47,0.400824,4889.87,30.31,5.75,24.56,24.56,5147.23,5171.79
411,SOL/INR,1h,LONG,2025-06-20 12:30:00+05:30,2025-06-20 19:30:00+05:30,145.65,12161.49,144.19,150.02,144.12,12033.85,STOP_LOSS,0.01,51.72,0.403997,4913.2,-51.56,5.77,-57.33,-57.33,5171.79,5114.46
412,SOL/INR,1h,SHORT,2025-06-21 04:30:00+05:30,2025-06-21 06:30:00+05:30,138.88,11596.83,140.27,134.72,140.34,11718.66,STOP_LOSS,0.01,51.14,0.418971,4858.74,-51.04,5.76,-56.8,-56.8,5114.46,5057.66
413,SOL/INR,1h,SHORT,2025-06-21 18:30:00+05:30,2025-06-22 00:30:00+05:30,141.63,11825.93,143.04,137.38,137.8,11506.47,INTRADAY_SQUAREOFF,0.01,50.58,0.406291,4804.77,129.79,5.59,124.2,124.2,5057.66,5181.86
414,SOL/INR,1h,SHORT,2025-06-22 03:30:00+05:30,2025-06-22 05:30:00+05:30,132.79,11088.14,134.12,128.81,134.19,11204.62,STOP_LOSS,0.01,51.82,0.443967,4922.76,-51.71,5.84,-57.55,-57.55,5181.86,5124.3
415,SOL/INR,1h,SHORT,2025-06-22 19:30:00+05:30,2025-06-22 21:30:00+05:30,127.65,10658.94,128.93,123.82,128.99,10770.91,STOP_LOSS,0.01,51.24,0.456714,4868.09,-51.14,5.77,-56.91,-56.91,5124.3,5067.39
416,SOL/INR,1h,LONG,2025-06-23 23:30:00+05:30,2025-06-24 01:30:00+05:30,137.04,11443.04,135.67,141.15,141.08,11780.44,TARGET_HIT,0.01,50.67,0.420694,4814.02,141.94,5.76,136.18,136.18,5067.39,5203.57
417,SOL/INR,1h,LONG,2025-06-24 11:30:00+05:30,2025-06-24 13:30:00+05:30,145.66,12162.39,144.2,150.03,144.13,12034.75,STOP_LOSS,0.01,52.04,0.406449,4943.39,-51.88,5.8,-57.68,-57.68,5203.57,5145.88
418,SOL/INR,1h,LONG,2025-06-24 17:30:00+05:30,2025-06-25 00:30:00+05:30,144.66,12079.03,143.21,149.0,143.14,11952.26,STOP_LOSS,0.01,51.46,0.404717,4888.59,-51.31,5.74,-57.04,-57.04,5145.88,5088.84
419,SOL/INR,1h,LONG,2025-06-25 02:30:00+05:30,2025-06-25 20:30:00+05:30,145.17,12122.11,143.72,149.53,143.65,11994.89,STOP_LOSS,0.01,50.89,0.398808,4834.4,-50.74,5.67,-56.41,-56.41,5088.84,5032.43
420,SOL/INR,1h,SHORT,2025-06-26 11:30:00+05:30,2025-06-26 13:30:00+05:30,144.18,12039.07,145.62,139.86,145.7,12165.54,STOP_LOSS,0.01,50.32,0.397107,4780.81,-50.22,5.67,-55.89,-55.89,5032.43,4976.53
421,SOL/INR,1h,SHORT,2025-06-26 18:30:00+05:30,2025-06-27 00:30:00+05:30,142.88,11930.39,144.31,138.59,141.64,11826.62,INTRADAY_SQUAREOFF,0.01,49.77,0.396274,4727.71,41.12,5.55,35.57,35.57,4976.53,5012.1
422,SOL/INR,1h,SHORT,2025-06-27 03:30:00+05:30,2025-06-27 08:30:00+05:30,139.78,11671.27,141.17,135.58,141.24,11793.88,STOP_LOSS,0.01,50.12,0.407967,4761.5,-50.02,5.65,-55.67,-55.67,5012.1,4956.44
423,SOL/INR,1h,SHORT,2025-06-27 11:30:00+05:30,2025-06-27 13:30:00+05:30,140.63,11742.8,142.04,136.41,142.11,11866.15,STOP_LOSS,0.01,49.56,0.400979,4708.61,-49.46,5.59,-55.05,-55.05,4956.44,4901.39
424,SOL/INR,1h,SHORT,2025-06-27 18:30:00+05:30,2025-06-27 20:30:00+05:30,141.28,11796.92,142.69,137.04,142.76,11920.84,STOP_LOSS,0.01,49.01,0.394706,4656.32,-48.91,5.52,-54.44,-54.44,4901.39,4846.95
425,SOL/INR,1h,LONG,2025-06-28 15:30:00+05:30,2025-06-28 18:30:00+05:30,147.52,12318.04,146.05,151.95,145.97,12188.77,STOP_LOSS,0.01,48.47,0.373809,4604.6,-48.33,5.4,-53.73,-53.73,4846.95,4793.22
426,SOL/INR,1h,LONG,2025-06-28 20:30:00+05:30,2025-06-28 22:30:00+05:30,147.08,12281.44,145.61,151.5,151.42,12643.56,TARGET_HIT,0.01,47.93,0.370767,4553.56,134.26,5.45,128.81,128.81,4793.22,4922.03
427,SOL/INR,1h,LONG,2025-06-29 03:30:00+05:30,2025-06-30 00:30:00+05:30,151.03,12610.87,149.52,155.56,151.98,12690.57,INTRADAY_SQUAREOFF,0.01,49.22,0.370785,4675.93,29.55,5.54,24.02,24.02,4922.03,4946.05
428,SOL/INR,1h,LONG,2025-06-30 05:30:00+05:30,2025-06-30 08:30:00+05:30,153.62,12827.14,152.08,158.23,152.01,12692.52,STOP_LOSS,0.01,49.46,0.366313,4698.74,-49.31,5.52,-54.83,-54.83,4946.05,4891.22
429,SOL/INR,1h,LONG,2025-07-01 01:30:00+05:30,2025-07-01 03:30:00+05:30,157.77,13174.12,156.2,162.51,156.12,13035.86,STOP_LOSS,0.01,48.91,0.352711,4646.66,-48.77,5.45,-54.22,-54.22,4891.22,4837.0
430,SOL/INR,1h,SHORT,2025-07-02 00:30:00+05:30,2025-07-02 06:30:00+05:30,146.31,12216.58,147.77,141.92,147.84,12344.92,STOP_LOSS,0.01,48.37,0.37614,4595.15,-48.27,5.45,-53.72,-53.72,4837.0,4783.27
431,SOL/INR,1h,LONG,2025-07-03 11:30:00+05:30,2025-07-03 17:30:00+05:30,155.91,13018.74,154.35,160.59,154.28,12882.11,STOP_LOSS,0.01,47.83,0.349044,4544.11,-47.69,5.33,-53.02,-53.02,4783.27,4730.25
432,SOL/INR,1h,SHORT,2025-07-04 05:30:00+05:30,2025-07-04 20:30:00+05:30,152.18,12706.9,153.7,147.61,147.69,12331.86,TARGET_HIT,0.01,47.3,0.353645,4493.74,132.63,5.22,127.41,127.41,4730.25,4857.66
433,SOL/INR,1h,SHORT,2025-07-05 19:30:00+05:30,2025-07-06 00:30:00+05:30,147.91,12350.75,149.39,143.48,146.56,12237.81,INTRADAY_SQUAREOFF,0.01,48.58,0.373643,4614.77,42.2,5.42,36.78,36.78,4857.66,4894.44
434,SOL/INR,1h,SHORT,2025-07-06 15:30:00+05:30,2025-07-06 17:30:00+05:30,146.93,12268.7,148.4,142.52,148.47,12397.59,STOP_LOSS,0.01,48.94,0.37899,4649.71,-48.85,5.52,-54.36,-54.36,4894.44,4840.08
435,SOL/INR,1h,LONG,2025-07-06 22:30:00+05:30,2025-07-07 00:30:00+05:30,153.13,12786.27,151.6,157.72,151.52,12652.08,STOP_LOSS,0.01,48.4,0.35961,4598.07,-48.26,5.4,-53.65,-53.65,4840.08,4786.42
436,SOL/INR,1h,LONG,2025-07-07 08:30:00+05:30,2025-07-07 11:30:00+05:30,152.72,12751.79,151.19,157.3,151.11,12617.96,STOP_LOSS,0.01,47.86,0.356585,4547.1,-47.72,5.34,-53.06,-53.06,4786.42,4733.36
437,SOL/INR,1h,LONG,2025-07-07 13:30:00+05:30,2025-07-07 21:30:00+05:30,152.32,12718.51,150.79,156.89,150.72,12585.03,STOP_LOSS,0.01,47.33,0.353555,4496.69,-47.19,5.28,-52.47,-52.47,4733.36,4680.89
438,SOL/INR,1h,SHORT,2025-07-08 08:30:00+05:30,2025-07-08 11:30:00+05:30,147.9,12349.62,149.38,143.46,149.45,12479.35,STOP_LOSS,0.01,46.81,0.36008,4446.85,-46.71,5.27,-51.99,-51.99,4680.89,4628.9
439,SOL/INR,1h,LONG,2025-07-09 05:30:00+05:30,2025-07-10 00:30:00+05:30,151.94,12687.06,150.42,156.5,156.42,13061.13,TARGET_HIT,0.01,46.29,0.34661,4397.46,129.66,5.27,124.39,124.39,4628.9,4753.3
440,SOL/INR,1h,LONG,2025-07-10 04:30:00+05:30,2025-07-10 06:30:00+05:30,157.95,13188.75,156.37,162.69,156.29,13050.34,STOP_LOSS,0.01,47.53,0.342385,4515.63,-47.39,5.3,-52.69,-52.69,4753.3,4700.6
441,SOL/INR,1h,LONG,2025-07-10 14:30:00+05:30,2025-07-10 16:30:00+05:30,159.21,13294.28,157.62,163.99,157.54,13154.76,STOP_LOSS,0.01,47.01,0.335902,4465.57,-46.87,5.24,-52.11,-52.11,4700.6,4648.5
442,SOL/INR,1h,LONG,2025-07-10 22:30:00+05:30,2025-07-11 00:30:00+05:30,158.71,13252.2,157.12,163.47,159.07,13282.0,INTRADAY_SQUAREOFF,0.01,46.48,0.333233,4416.07,9.93,5.22,4.71,4.71,4648.5,4653.21
443,SOL/INR,1h,LONG,2025-07-11 08:30:00+05:30,2025-07-11 12:30:00+05:30,165.08,13783.9,163.43,170.03,163.34,13639.23,STOP_LOSS,0.01,46.53,0.320704,4420.55,-46.39,5.19,-51.58,-51.58,4653.21,4601.63
444,SOL/INR,1h,LONG,2025-07-11 19:30:00+05:30,2025-07-11 21:30:00+05:30,166.7,13919.19,165.03,171.7,164.95,13773.11,STOP_LOSS,0.01,46.02,0.314066,4371.55,-45.88,5.13,-51.01,-51.01,4601.63,4550.62
445,SOL/INR,1h,SHORT,2025-07-13 02:30:00+05:30,2025-07-13 04:30:00+05:30,159.1,13285.09,160.69,154.33,160.77,13424.65,STOP_LOSS,0.01,45.51,0.325409,4323.08,-45.41,5.13,-50.54,-50.54,4550.62,4500.07
446,SOL/INR,1h,LONG,2025-07-14 13:30:00+05:30,2025-07-14 19:30:00+05:30,167.59,13993.9,165.92,172.62,165.83,13847.03,STOP_LOSS,0.01,45.0,0.305495,4275.07,-44.87,5.02,-49.88,-49.88,4500.07,4450.19
447,SOL/INR,1h,SHORT,2025-07-15 13:30:00+05:30,2025-07-15 18:30:00+05:30,159.46,13314.77,161.05,154.67,161.13,13454.64,STOP_LOSS,0.01,44.5,0.317518,4227.68,-44.41,5.01,-49.43,-49.43,4450.19,4400.76
448,SOL/INR,1h,SHORT,2025-07-15 20:30:00+05:30,2025-07-15 22:30:00+05:30,157.56,13155.9,159.13,152.83,159.21,13294.11,STOP_LOSS,0.01,44.01,0.317783,4180.72,-43.92,4.96,-48.88,-48.88,4400.76,4351.88
449,SOL/INR,1h,SHORT,2025-07-16 01:30:00+05:30,2025-07-16 03:30:00+05:30,160.08,13366.4,161.68,155.27,161.76,13506.81,STOP_LOSS,0.01,43.52,0.309305,4134.29,-43.43,4.9,-48.33,-48.33,4351.88,4303.55
450,SOL/INR,1h,LONG,2025-07-16 12:30:00+05:30,2025-07-16 21:30:00+05:30,164.09,13701.16,162.44,169.01,168.92,14105.14,TARGET_HIT,0.01,43.04,0.298396,4088.37,120.55,4.9,115.65,115.65,4303.55,4419.2
451,SOL/INR,1h,LONG,2025-07-17 18:30:00+05:30,2025-07-17 20:30:00+05:30,177.53,14823.69,175.75,182.86,175.67,14668.12,STOP_LOSS,0.01,44.19,0.283211,4198.24,-44.06,4.93,-48.99,-48.99,4419.2,4370.21
452,SOL/INR,1h,LONG,2025-07-18 00:30:00+05:30,2025-07-18 06:30:00+05:30,174.83,14598.2,173.08,180.07,179.98,15028.63,TARGET_HIT,0.01,43.7,0.284398,4151.7,122.41,4.97,117.44,117.44,4370.21,4487.65
453,SOL/INR,1h,LONG,2025-07-18 09:30:00+05:30,2025-07-18 13:30:00+05:30,181.06,15118.76,179.25,186.49,179.16,14960.08,STOP_LOSS,0.01,44.88,0.281986,4263.27,-44.74,5.0,-49.75,-49.75,4487.65,4437.91
454,SOL/INR,1h,LONG,2025-07-18 18:30:00+05:30,2025-07-18 20:30:00+05:30,180.12,15040.05,178.32,185.52,178.23,14882.21,STOP_LOSS,0.01,44.38,0.280319,4216.01,-44.25,4.95,-49.2,-49.2,4437.91,4388.71
455,SOL/INR,1h,LONG,2025-07-20 18:30:00+05:30,2025-07-21 00:30:00+05:30,181.87,15185.86,180.05,187.32,182.24,15216.64,INTRADAY_SQUAREOFF,0.01,43.89,0.27455,4169.27,8.45,4.92,3.53,3.53,4388.71,4392.24
456,SOL/INR,1h,LONG,2025-07-21 08:30:00+05:30,2025-07-21 12:30:00+05:30,184.26,15385.52,182.42,189.79,189.69,15839.16,TARGET_HIT,0.01,43.92,0.271205,4172.63,123.03,5.0,118.03,118.03,4392.24,4510.27
457,SOL/INR,1h,LONG,2025-07-21 18:30:00+05:30,2025-07-21 20:30:00+05:30,191.86,16020.15,189.94,197.61,197.52,16492.51,TARGET_HIT,0.01,45.1,0.26746,4284.76,126.34,5.13,121.21,121.21,4510.27,4631.48
458,SOL/INR,1h,LONG,2025-07-22 03:30:00+05:30,2025-07-22 06:30:00+05:30,196.68,16422.52,194.71,202.58,194.61,16250.16,STOP_LOSS,0.01,46.31,0.267919,4399.9,-46.18,5.16,-51.34,-51.34,4631.48,4580.13
459,SOL/INR,1h,LONG,2025-07-22 16:30:00+05:30,2025-07-23 00:30:00+05:30,199.08,16622.97,197.09,205.05,203.05,16954.42,INTRADAY_SQUAREOFF,0.01,45.8,0.261754,4351.13,86.76,5.19,81.57,81.57,4580.13,4661.71
460,SOL/INR,1h,SHORT,2025-07-23 22:30:00+05:30,2025-07-24 00:30:00+05:30,188.85,15769.29,190.74,183.19,190.25,15886.27,INTRADAY_SQUAREOFF,0.01,46.62,0.280838,4428.62,-32.85,5.25,-38.1,-38.1,4661.71,4623.61
461,SOL/INR,1h,SHORT,2025-07-24 10:30:00+05:30,2025-07-24 19:30:00+05:30,185.61,15498.54,187.47,180.04,187.56,15661.35,STOP_LOSS,0.01,46.24,0.283409,4392.43,-46.14,5.21,-51.35,-51.35,4623.61,4572.26
462,SOL/INR,1h,SHORT,2025-07-25 20:30:00+05:30,2025-07-25 22:30:00+05:30,177.07,14785.13,178.84,171.76,178.93,14940.45,STOP_LOSS,0.01,45.72,0.293785,4343.65,-45.63,5.15,-50.78,-50.78,4572.26,4521.48
463,SOL/INR,1h,LONG,2025-07-26 08:30:00+05:30,2025-07-27 00:30:00+05:30,186.81,15598.67,184.94,192.41,186.09,15538.67,INTRADAY_SQUAREOFF,0.01,45.21,0.27537,4295.4,-16.52,5.06,-21.58,-21.58,4521.48,4499.89
464,SOL/INR,1h,LONG,2025-07-27 16:30:00+05:30,2025-07-27 18:30:00+05:30,188.46,15736.28,186.57,194.11,186.48,15571.13,STOP_LOSS,0.01,45.0,0.271659,4274.9,-44.87,5.02,-49.88,-49.88,4499.89,4450.01
465,SOL/INR,1h,LONG,2025-07-27 23:30:00+05:30,2025-07-28 01:30:00+05:30,188.29,15722.38,186.41,193.94,186.98,15612.54,INTRADAY_SQUAREOFF,0.01,44.5,0.268885,4227.51,-29.54,4.97,-34.51,-34.51,4450.01,4415.51
466,SOL/INR,1h,LONG,2025-07-28 08:30:00+05:30,2025-07-28 18:30:00+05:30,191.94,16026.85,190.02,197.7,189.92,15858.65,STOP_LOSS,0.01,44.16,0.261731,4194.73,-44.02,4.92,-48.95,-48.95,4415.51,4366.56
467,SOL/INR,1h,SHORT,2025-07-29 03:30:00+05:30,2025-07-29 12:30:00+05:30,183.68,15337.65,185.52,178.17,185.61,15498.78,STOP_LOSS,0.01,43.67,0.270461,4148.23,-43.58,4.92,-48.5,-48.5,4366.56,4318.06
468,SOL/INR,1h,SHORT,2025-07-29 15:30:00+05:30,2025-07-29 21:30:00+05:30,184.31,15389.86,186.15,178.78,178.87,14935.63,TARGET_HIT,0.01,43.18,0.266549,4102.16,121.08,4.77,116.31,116.31,4318.06,4434.37
469,SOL/INR,1h,SHORT,2025-07-30 02:30:00+05:30,2025-07-30 04:30:00+05:30,179.64,15000.2,181.44,174.25,181.53,15157.78,STOP_LOSS,0.01,44.34,0.280839,4212.65,-44.25,5.0,-49.25,-49.25,4434.37,4385.11
470,SOL/INR,1h,SHORT,2025-07-30 10:30:00+05:30,2025-07-30 12:30:00+05:30,180.23,15049.6,182.04,174.83,182.13,15207.69,STOP_LOSS,0.01,43.85,0.276809,4165.86,-43.76,4.94,-48.7,-48.7,4385.11,4336.41
471,SOL/INR,1h,SHORT,2025-07-30 15:30:00+05:30,2025-07-31 00:30:00+05:30,178.81,14930.4,180.6,173.44,173.53,14489.73,TARGET_HIT,0.01,43.36,0.27592,4119.59,121.59,4.79,116.8,116.8,4336.41,4453.21
472,SOL/INR,1h,SHORT,2025-07-31 23:30:00+05:30,2025-08-01 01:30:00+05:30,177.0,14779.89,178.77,171.69,175.22,14630.91,INTRADAY_SQUAREOFF,0.01,44.53,0.286237,4230.55,42.64,4.97,37.68,37.68,4453.21,4490.89
473,SOL/INR,1h,SHORT,2025-08-01 03:30:00+05:30,2025-08-01 13:30:00+05:30,173.18,14460.19,174.91,167.98,168.06,14033.39,TARGET_HIT,0.01,44.91,0.295041,4266.34,125.92,4.96,120.96,120.96,4490.89,4611.85
474,SOL/INR,1h,SHORT,2025-08-01 19:30:00+05:30,2025-08-01 21:30:00+05:30,165.42,13812.52,167.07,160.46,167.16,13957.62,STOP_LOSS,0.01,46.12,0.317195,4381.26,-46.03,5.2,-51.22,-51.22,4611.85,4560.63
475,SOL/INR,1h,SHORT,2025-08-02 12:30:00+05:30,2025-08-02 14:30:00+05:30,162.12,13537.43,163.75,157.26,163.83,13679.64,STOP_LOSS,0.01,45.61,0.320046,4332.6,-45.51,5.14,-50.65,-50.65,4560.63,4509.97
476,SOL/INR,1h,SHORT,2025-08-02 20:30:00+05:30,2025-08-02 23:30:00+05:30,162.47,13566.11,164.09,157.59,157.67,13165.7,TARGET_HIT,0.01,45.1,0.315822,4284.48,126.46,4.98,121.48,121.48,4509.97,4631.45
477,SOL/INR,1h,SHORT,2025-08-03 11:30:00+05:30,2025-08-03 16:30:00+05:30,160.2,13376.79,161.8,155.4,161.88,13517.31,STOP_LOSS,0.01,46.31,0.328919,4399.88,-46.22,5.22,-51.44,-51.44,4631.45,4580.01
478,SOL/INR,1h,SHORT,2025-08-03 19:30:00+05:30,2025-08-03 22:30:00+05:30,160.88,13433.19,162.49,156.05,162.57,13574.31,STOP_LOSS,0.01,45.8,0.3239,4351.01,-45.71,5.16,-50.87,-50.87,4580.01,4529.14
479,SOL/INR,1h,LONG,2025-08-04 13:30:00+05:30,2025-08-04 22:30:00+05:30,163.31,13636.18,161.67,168.21,168.12,14038.24,TARGET_HIT,0.01,45.29,0.315534,4302.68,126.86,5.15,121.71,121.71,4529.14,4650.85
480,SOL/INR,1h,LONG,2025-08-05 03:30:00+05:30,2025-08-05 12:30:00+05:30,168.81,14096.03,167.13,173.88,167.04,13948.09,STOP_LOSS,0.01,46.51,0.313444,4418.31,-46.37,5.19,-51.56,-51.56,4650.85,4599.3
481,SOL/INR,1h,LONG,2025-08-05 15:30:00+05:30,2025-08-05 17:30:00+05:30,169.37,14142.76,167.68,174.46,167.6,13994.33,STOP_LOSS,0.01,45.99,0.308945,4369.33,-45.86,5.13,-50.98,-50.98,4599.3,4548.31
482,SOL/INR,1h,SHORT,2025-08-06 01:30:00+05:30,2025-08-06 04:30:00+05:30,162.51,13569.92,164.14,157.64,164.22,13712.47,STOP_LOSS,0.01,45.48,0.318417,4320.9,-45.39,5.13,-50.52,-50.52,4548.31,4497.8
483,SOL/INR,1h,SHORT,2025-08-06 06:30:00+05:30,2025-08-06 10:30:00+05:30,162.61,13577.95,164.24,157.73,164.32,13720.58,STOP_LOSS,0.01,44.98,0.314695,4272.91,-44.89,5.07,-49.96,-49.96,4497.8,4447.84
484,SOL/INR,1h,SHORT,2025-08-06 14:30:00+05:30,2025-08-06 17:30:00+05:30,162.83,13596.43,164.46,157.95,164.54,13739.26,STOP_LOSS,0.01,44.48,0.310776,4225.45,-44.39,5.01,-49.4,-49.4,4447.84,4398.44
485,SOL/INR,1h,LONG,2025-08-07 11:30:00+05:30,2025-08-08 00:30:00+05:30,168.82,14096.16,167.13,173.88,169.83,14180.4,INTRADAY_SQUAREOFF,0.01,43.98,0.29643,4178.52,24.97,4.95,20.03,20.03,4398.44,4418.47
486,SOL/INR,1h,LONG,2025-08-08 13:30:00+05:30,2025-08-08 19:30:00+05:30,177.71,14838.69,175.93,183.04,175.84,14682.96,STOP_LOSS,0.01,44.18,0.282878,4197.54,-44.05,4.93,-48.98,-48.98,4418.47,4369.49
487,SOL/INR,1h,LONG,2025-08-08 23:30:00+05:30,2025-08-09 01:30:00+05:30,179.35,14975.65,177.56,184.73,177.47,14818.48,STOP_LOSS,0.01,43.69,0.277184,4151.01,-43.56,4.87,-48.44,-48.44,4369.49,4321.05
488,SOL/INR,1h,LONG,2025-08-09 07:30:00+05:30,2025-08-10 00:30:00+05:30,178.75,14925.94,176.97,184.12,181.93,15191.3,INTRADAY_SQUAREOFF,0.01,43.21,0.275024,4105.0,72.98,4.89,68.09,68.09,4321.05,4389.14
489,SOL/INR,1h,LONG,2025-08-10 06:30:00+05:30,2025-08-10 11:30:00+05:30,182.58,15245.05,180.75,188.05,180.66,15085.05,STOP_LOSS,0.01,43.89,0.273511,4169.69,-43.76,4.89,-48.66,-48.66,4389.14,4340.49
490,SOL/INR,1h,LONG,2025-08-11 10:30:00+05:30,2025-08-11 12:30:00+05:30,186.39,15563.57,184.53,191.98,184.43,15400.23,STOP_LOSS,0.01,43.4,0.264943,4123.46,-43.28,4.84,-48.12,-48.12,4340.49,4292.37
491,SOL/INR,1h,SHORT,2025-08-12 01:30:00+05:30,2025-08-12 17:30:00+05:30,175.83,14681.82,177.59,170.56,177.68,14836.05,STOP_LOSS,0.01,42.92,0.277742,4077.75,-42.84,4.84,-47.67,-47.67,4292.37,4244.7
492,SOL/INR,1h,LONG,2025-08-13 06:30:00+05:30,2025-08-13 14:30:00+05:30,194.51,16241.53,192.56,200.34,200.24,16720.41,TARGET_HIT,0.01,42.45,0.248281,4032.46,118.9,4.83,114.07,114.07,4244.7,4358.77
493,SOL/INR,1h,SHORT,2025-08-15 15:30:00+05:30,2025-08-15 19:30:00+05:30,193.88,16188.78,195.82,188.06,188.16,15710.96,TARGET_HIT,0.01,43.59,0.255784,4140.83,122.22,4.81,117.4,117.4,4358.77,4476.17
494,SOL/INR,1h,SHORT,2025-08-16 11:30:00+05:30,2025-08-16 13:30:00+05:30,186.34,15559.39,188.2,180.75,188.3,15722.84,STOP_LOSS,0.01,44.76,0.273299,4252.36,-44.67,5.04,-49.72,-49.72,4476.17,4426.45
495,SOL/INR,1h,SHORT,2025-08-17 03:30:00+05:30,2025-08-17 07:30:00+05:30,188.56,15744.56,190.44,182.9,190.54,15909.96,STOP_LOSS,0.01,44.26,0.267085,4205.13,-44.17,4.99,-49.16,-49.16,4426.45,4377.29
496,SOL/INR,1h,LONG,2025-08-17 14:30:00+05:30,2025-08-18 00:30:00+05:30,193.54,16160.51,191.6,199.35,191.51,15990.91,STOP_LOSS,0.01,43.77,0.25732,4158.43,-43.64,4.88,-48.52,-48.52,4377.29,4328.77
497,SOL/INR,1h,SHORT,2025-08-18 12:30:00+05:30,2025-08-18 17:30:00+05:30,180.9,15104.91,182.71,175.47,182.8,15263.58,STOP_LOSS,0.01,43.29,0.272251,4112.33,-43.2,4.88,-48.08,-48.08,4328.77,4280.69
498,SOL/INR,1h,SHORT,2025-08-19 05:30:00+05:30,2025-08-19 21:30:00+05:30,182.82,15265.27,184.65,177.33,177.42,14814.72,TARGET_HIT,0.01,42.81,0.266399,4066.66,120.03,4.73,115.3,115.3,4280.69,4395.99
499,SOL/INR,1h,SHORT,2025-08-20 05:30:00+05:30,2025-08-20 07:30:00+05:30,176.03,14698.16,177.79,170.75,177.87,14852.56,STOP_LOSS,0.01,43.96,0.28413,4176.19,-43.87,4.95,-48.82,-48.82,4395.99,4347.16
500,SOL/INR,1h,SHORT,2025-08-20 19:30:00+05:30,2025-08-20 21:30:00+05:30,178.91,14938.67,180.7,173.54,180.79,15095.6,STOP_LOSS,0.01,43.47,0.276451,4129.81,-43.38,4.9,-48.28,-48.28,4347.16,4298.88
501,SOL/INR,1h,LONG,2025-08-21 01:30:00+05:30,2025-08-21 14:30:00+05:30,187.66,15669.77,185.79,193.29,185.69,15505.32,STOP_LOSS,0.01,42.99,0.260625,4083.94,-42.86,4.79,-47.65,-47.65,4298.88,4251.23
502,SOL/INR,1h,SHORT,2025-08-22 01:30:00+05:30,2025-08-22 03:30:00+05:30,179.94,15024.66,181.74,174.54,181.83,15182.49,STOP_LOSS,0.01,42.51,0.268803,4038.67,-42.43,4.79,-47.22,-47.22,4251.23,4204.01
503,SOL/INR,1h,SHORT,2025-08-22 05:30:00+05:30,2025-08-22 07:30:00+05:30,179.91,15022.18,181.71,174.51,181.8,15179.99,STOP_LOSS,0.01,42.04,0.265861,3993.81,-41.95,4.74,-46.69,-46.69,4204.01,4157.32
504,SOL/INR,1h,SHORT,2025-08-22 09:30:00+05:30,2025-08-22 11:30:00+05:30,181.39,15146.15,183.2,175.95,183.3,15305.26,STOP_LOSS,0.01,41.57,0.260756,3949.45,-41.49,4.68,-46.17,-46.17,4157.32,4111.14
505,SOL/INR,1h,SHORT,2025-08-22 16:30:00+05:30,2025-08-22 19:30:00+05:30,180.97,15110.83,182.78,175.54,182.87,15269.57,STOP_LOSS,0.01,41.11,0.258463,3905.59,-41.03,4.63,-45.66,-45.66,4111.14,4065.48
506,SOL/INR,1h,LONG,2025-08-23 01:30:00+05:30,2025-08-23 06:30:00+05:30,199.2,16632.94,197.2,205.17,197.11,16458.38,STOP_LOSS,0.01,40.65,0.232202,3862.21,-40.53,4.53,-45.07,-45.07,4065.48,4020.42
507,SOL/INR,1h,LONG,2025-08-23 10:30:00+05:30,2025-08-23 13:30:00+05:30,204.38,17065.71,202.34,210.51,202.23,16886.61,STOP_LOSS,0.01,40.2,0.223805,3819.4,-40.08,4.48,-44.57,-44.57,4020.42,3975.85
508,SOL/INR,1h,LONG,2025-08-23 20:30:00+05:30,2025-08-24 00:30:00+05:30,203.08,16957.22,201.05,209.17,203.77,17014.63,INTRADAY_SQUAREOFF,0.01,39.76,0.22274,3777.06,12.79,4.46,8.32,8.32,3975.85,3984.17
509,SOL/INR,1h,LONG,2025-08-24 14:30:00+05:30,2025-08-24 16:30:00+05:30,208.1,17376.26,206.02,214.34,205.91,17193.9,STOP_LOSS,0.01,39.84,0.217824,3784.96,-39.72,4.44,-44.17,-44.17,3984.17,3940.01
510,SOL/INR,1h,SHORT,2025-08-25 21:30:00+05:30,2025-08-26 00:30:00+05:30,196.34,16394.15,198.3,190.45,196.76,16429.51,INTRADAY_SQUAREOFF,0.01,39.4,0.228314,3743.01,-8.07,4.42,-12.49,-12.49,3940.01,3927.51
511,SOL/INR,1h,SHORT,2025-08-26 06:30:00+05:30,2025-08-26 09:30:00+05:30,186.18,15545.63,188.04,180.59,188.13,15708.94,STOP_LOSS,0.01,39.28,0.240012,3731.14,-39.2,4.43,-43.62,-43.62,3927.51,3883.89
512,SOL/INR,1h,SHORT,2025-08-26 12:30:00+05:30,2025-08-26 17:30:00+05:30,187.51,15656.84,189.38,181.88,189.48,15821.32,STOP_LOSS,0.01,38.84,0.23566,3689.7,-38.76,4.38,-43.14,-43.14,3883.89,3840.75
513,SOL/INR,1h,LONG,2025-08-27 08:30:00+05:30,2025-08-27 17:30:00+05:30,199.56,16662.95,197.56,205.54,205.44,17154.26,TARGET_HIT,0.01,38.41,0.218972,3648.72,107.58,4.37,103.21,103.21,3840.75,3943.97
514,SOL/INR,1h,LONG,2025-08-27 20:30:00+05:30,2025-08-28 00:30:00+05:30,207.63,17337.43,205.56,213.86,209.15,17463.98,INTRADAY_SQUAREOFF,0.01,39.44,0.216109,3746.77,27.35,4.44,22.91,22.91,3943.97,3966.88
515,SOL/INR,1h,LONG,2025-08-28 20:30:00+05:30,2025-08-28 22:30:00+05:30,215.51,17995.25,213.36,221.98,213.25,17806.39,STOP_LOSS,0.01,39.67,0.209418,3768.53,-39.55,4.42,-43.97,-43.97,3966.88,3922.9
516,SOL/INR,1h,LONG,2025-08-29 02:30:00+05:30,2025-08-29 12:30:00+05:30,213.61,17836.53,211.48,220.02,211.37,17649.34,STOP_LOSS,0.01,39.23,0.20894,3726.76,-39.11,4.37,-43.49,-43.49,3922.9,3879.42
517,SOL/INR,1h,SHORT,2025-08-29 21:30:00+05:30,2025-08-30 00:30:00+05:30,205.58,17166.2,207.64,199.42,202.28,16890.39,INTRADAY_SQUAREOFF,0.01,38.79,0.214692,3685.45,59.21,4.31,54.9,54.9,3879.42,3934.32
518,SOL/INR,1h,SHORT,2025-08-30 02:30:00+05:30,2025-08-30 04:30:00+05:30,201.21,16800.85,203.22,195.17,203.32,16977.34,STOP_LOSS,0.01,39.34,0.222465,3737.6,-39.26,4.43,-43.7,-43.7,3934.32,3890.62
519,SOL/INR,1h,SHORT,2025-08-30 07:30:00+05:30,2025-08-30 09:30:00+05:30,201.72,16843.45,203.74,195.67,203.84,17020.39,STOP_LOSS,0.01,38.91,0.219438,3696.09,-38.83,4.38,-43.21,-43.21,3890.62,3847.41
520,SOL/INR,1h,SHORT,2025-08-30 14:30:00+05:30,2025-08-31 00:30:00+05:30,203.23,16970.04,205.27,197.14,201.25,16804.52,INTRADAY_SQUAREOFF,0.01,38.47,0.215382,3655.04,35.65,4.29,31.36,31.36,3847.41,3878.77
521,SOL/INR,1h,LONG,2025-08-31 14:30:00+05:30,2025-08-31 16:30:00+05:30,205.56,17164.28,203.5,211.73,203.4,16984.14,STOP_LOSS,0.01,38.79,0.21468,3684.83,-38.67,4.33,-43.0,-43.0,3878.77,3835.77
522,SOL/INR,1h,LONG,2025-08-31 21:30:00+05:30,2025-09-01 00:30:00+05:30,204.67,17090.32,202.63,210.81,205.45,17155.27,INTRADAY_SQUAREOFF,0.01,38.36,0.213219,3643.98,13.85,4.31,9.54,9.54,3835.77,3845.31
523,SOL/INR,1h,SHORT,2025-09-01 15:30:00+05:30,2025-09-02 00:30:00+05:30,201.25,16804.61,203.27,195.22,199.34,16644.64,INTRADAY_SQUAREOFF,0.01,38.45,0.217384,3653.04,34.77,4.29,30.48,30.48,3845.31,3875.79
524,SOL/INR,1h,SHORT,2025-09-02 02:30:00+05:30,2025-09-02 06:30:00+05:30,196.94,16444.84,198.91,191.04,199.01,16617.6,STOP_LOSS,0.01,38.76,0.2239,3682.0,-38.68,4.37,-43.05,-43.05,3875.79,3832.75
525,SOL/INR,1h,LONG,2025-09-03 07:30:00+05:30,2025-09-03 11:30:00+05:30,211.08,17624.86,208.97,217.41,208.86,17439.89,STOP_LOSS,0.01,38.33,0.206589,3641.11,-38.21,4.27,-42.49,-42.49,3832.75,3790.26
526,SOL/INR,1h,LONG,2025-09-03 15:30:00+05:30,2025-09-04 00:30:00+05:30,209.58,17499.71,207.48,215.86,209.38,17482.99,INTRADAY_SQUAREOFF,0.01,37.9,0.20576,3600.75,-3.44,4.25,-7.69,-7.69,3790.26,3782.57
527,SOL/INR,1h,LONG,2025-09-04 05:30:00+05:30,2025-09-04 07:30:00+05:30,210.86,17606.99,208.75,217.19,208.65,17422.21,STOP_LOSS,0.01,37.83,0.204092,3593.45,-37.71,4.22,-41.93,-41.93,3782.57,3740.64
528,SOL/INR,1h,SHORT,2025-09-05 00:30:00+05:30,2025-09-05 12:30:00+05:30,202.79,16933.21,204.82,196.71,204.92,17111.09,STOP_LOSS,0.01,37.41,0.20986,3553.61,-37.33,4.22,-41.55,-41.55,3740.64,3699.1
529,SOL/INR,1h,LONG,2025-09-05 18:30:00+05:30,2025-09-05 20:30:00+05:30,209.31,17477.44,207.22,215.59,207.11,17294.01,STOP_LOSS,0.01,36.99,0.201067,3514.14,-36.88,4.12,-41.01,-41.01,3699.1,3658.09
530,SOL/INR,1h,SHORT,2025-09-06 03:30:00+05:30,2025-09-07 00:30:00+05:30,203.06,16955.92,205.1,196.97,200.12,16709.79,INTRADAY_SQUAREOFF,0.01,36.58,0.204954,3475.19,50.45,4.07,46.37,46.37,3658.09,3704.47
531,SOL/INR,1h,SHORT,2025-09-07 04:30:00+05:30,2025-09-07 06:30:00+05:30,200.11,16708.96,202.11,194.1,202.21,16884.49,STOP_LOSS,0.01,37.04,0.21062,3519.24,-36.97,4.17,-41.14,-41.14,3704.47,3663.32
532,SOL/INR,1h,LONG,2025-09-07 21:30:00+05:30,2025-09-07 23:30:00+05:30,205.41,17151.62,203.35,211.57,203.25,16971.61,STOP_LOSS,0.01,36.63,0.202905,3480.16,-36.52,4.09,-40.61,-40.61,3663.32,3622.71
533,SOL/INR,1h,LONG,2025-09-08 07:30:00+05:30,2025-09-08 15:30:00+05:30,207.19,17299.96,205.11,213.4,213.29,17810.04,TARGET_HIT,0.01,36.23,0.198936,3441.58,101.47,4.12,97.35,97.35,3622.71,3720.07
534,SOL/INR,1h,LONG,2025-09-09 00:30:00+05:30,2025-09-09 02:30:00+05:30,216.9,18111.11,214.73,223.41,214.62,17921.03,STOP_LOSS,0.01,37.2,0.195132,3534.06,-37.09,4.15,-41.24,-41.24,3720.07,3678.83
535,SOL/INR,1h,LONG,2025-09-09 09:30:00+05:30,2025-09-09 20:30:00+05:30,214.28,17892.79,212.14,220.71,212.04,17705.01,STOP_LOSS,0.01,36.79,0.195324,3494.89,-36.68,4.1,-40.78,-40.78,3678.83,3638.05
536,SOL/INR,1h,LONG,2025-09-10 12:30:00+05:30,2025-09-11 00:30:00+05:30,219.61,18337.32,217.41,226.2,222.44,18573.89,INTRADAY_SQUAREOFF,0.01,36.38,0.188476,3456.14,44.59,4.1,40.48,40.48,3638.05,3678.53
537,SOL/INR,1h,LONG,2025-09-11 03:30:00+05:30,2025-09-12 00:30:00+05:30,223.6,18670.95,221.37,230.31,226.21,18888.8,INTRADAY_SQUAREOFF,0.01,36.79,0.187168,3494.6,40.77,4.15,36.63,36.63,3678.53,3715.16
538,SOL/INR,1h,LONG,2025-09-12 03:30:00+05:30,2025-09-12 05:30:00+05:30,227.02,18955.81,224.75,233.83,233.71,19514.72,TARGET_HIT,0.01,37.15,0.186191,3529.4,104.06,4.23,99.84,99.84,3715.16,3814.99
539,SOL/INR,1h,LONG,2025-09-12 09:30:00+05:30,2025-09-13 00:30:00+05:30,235.68,19679.59,233.33,242.75,240.59,20089.31,INTRADAY_SQUAREOFF,0.01,38.15,0.184163,3624.24,75.46,4.32,71.13,71.13,3814.99,3886.13
540,SOL/INR,1h,LONG,2025-09-13 05:30:00+05:30,2025-09-13 18:30:00+05:30,242.76,20270.59,240.33,250.04,240.21,20057.85,STOP_LOSS,0.01,38.86,0.182127,3691.82,-38.75,4.33,-43.08,-43.08,3886.13,3843.05
541,SOL/INR,1h,LONG,2025-09-14 11:30:00+05:30,2025-09-14 17:30:00+05:30,248.09,20715.23,245.61,255.53,245.48,20497.82,STOP_LOSS,0.01,38.43,0.176242,3650.9,-38.32,4.29,-42.6,-42.6,3843.05,3800.45
542,SOL/INR,1h,LONG,2025-09-15 03:30:00+05:30,2025-09-15 05:30:00+05:30,244.31,20400.16,241.87,251.64,241.75,20186.06,STOP_LOSS,0.01,38.0,0.17698,3610.43,-37.89,4.24,-42.13,-42.13,3800.45,3758.32
543,SOL/INR,1h,SHORT,2025-09-15 12:30:00+05:30,2025-09-15 14:30:00+05:30,240.15,20052.63,242.55,232.95,233.06,19460.78,TARGET_HIT,0.01,37.58,0.178052,3570.4,105.38,4.15,101.23,101.23,3758.32,3859.55
544,SOL/INR,1h,SHORT,2025-09-15 20:30:00+05:30,2025-09-16 00:30:00+05:30,233.65,19509.83,235.99,226.64,233.58,19503.57,INTRADAY_SQUAREOFF,0.01,38.6,0.187935,3666.57,1.18,4.33,-3.15,-3.15,3859.55,3856.4
545,SOL/INR,1h,SHORT,2025-09-16 06:30:00+05:30,2025-09-16 08:30:00+05:30,233.05,19460.04,235.38,226.06,235.5,19664.47,STOP_LOSS,0.01,38.56,0.188262,3663.58,-38.49,4.35,-42.83,-42.83,3856.4,3813.57
546,SOL/INR,1h,SHORT,2025-09-16 15:30:00+05:30,2025-09-16 20:30:00+05:30,235.07,19628.33,237.42,228.02,237.54,19834.53,STOP_LOSS,0.01,38.14,0.184574,3622.89,-38.06,4.3,-42.36,-42.36,3813.57,3771.21
547,SOL/INR,1h,LONG,2025-09-18 07:30:00+05:30,2025-09-18 10:30:00+05:30,247.37,20655.19,244.89,254.79,244.77,20438.41,STOP_LOSS,0.01,37.71,0.17345,3582.65,-37.6,4.21,-41.81,-41.81,3771.21,3729.41
548,SOL/INR,1h,LONG,2025-09-18 14:30:00+05:30,2025-09-19 00:30:00+05:30,247.12,20634.71,244.65,254.54,250.45,20912.73,INTRADAY_SQUAREOFF,0.01,37.29,0.171698,3542.94,47.73,4.21,43.53,43.53,3729.41,3772.93
549,SOL/INR,1h,SHORT,2025-09-19 20:30:00+05:30,2025-09-20 00:30:00+05:30,239.56,20003.53,241.96,232.38,237.02,19791.33,INTRADAY_SQUAREOFF,0.01,37.73,0.179183,3584.28,38.02,4.21,33.82,33.82,3772.93,3806.75
550,SOL/INR,1h,SHORT,2025-09-20 09:30:00+05:30,2025-09-20 20:30:00+05:30,237.99,19872.27,240.37,230.85,240.49,20081.03,STOP_LOSS,0.01,38.07,0.181983,3616.41,-37.99,4.29,-42.28,-42.28,3806.75,3764.47
551,SOL/INR,1h,SHORT,2025-09-22 06:30:00+05:30,2025-09-22 11:30:00+05:30,232.23,19391.47,234.56,225.27,225.38,18819.13,TARGET_HIT,0.01,37.64,0.184424,3576.24,105.55,4.16,101.4,101.4,3764.47,3865.86
552,SOL/INR,1h,SHORT,2025-09-22 20:30:00+05:30,2025-09-23 00:30:00+05:30,221.39,18486.39,223.61,214.75,220.0,18369.59,INTRADAY_SQUAREOFF,0.01,38.66,0.198663,3672.57,23.21,4.32,18.89,18.89,3865.86,3884.75
553,SOL/INR,1h,SHORT,2025-09-23 06:30:00+05:30,2025-09-23 08:30:00+05:30,219.68,18342.88,221.87,213.08,213.19,17801.49,TARGET_HIT,0.01,38.85,0.201196,3690.51,108.93,4.29,104.63,104.63,3884.75,3989.38
554,SOL/INR,1h,SHORT,2025-09-23 15:30:00+05:30,2025-09-23 21:30:00+05:30,218.56,18249.56,220.74,212.0,220.85,18441.27,STOP_LOSS,0.01,39.89,0.207671,3789.91,-39.81,4.5,-44.31,-44.31,3989.38,3945.07
555,SOL/INR,1h,SHORT,2025-09-23 23:30:00+05:30,2025-09-24 01:30:00+05:30,216.3,18061.1,218.46,209.81,214.87,17941.86,INTRADAY_SQUAREOFF,0.01,39.45,0.207508,3747.82,24.74,4.41,20.33,20.33,3945.07,3965.41
556,SOL/INR,1h,SHORT,2025-09-24 05:30:00+05:30,2025-09-24 07:30:00+05:30,213.57,17832.89,215.7,207.16,215.81,18020.23,STOP_LOSS,0.01,39.65,0.211247,3767.14,-39.57,4.47,-44.04,-44.04,3965.41,3921.37
557,SOL/INR,1h,SHORT,2025-09-25 09:30:00+05:30,2025-09-25 17:30:00+05:30,206.64,17254.22,208.7,200.44,200.54,16744.96,TARGET_HIT,0.01,39.21,0.215907,3725.3,109.95,4.33,105.62,105.62,3921.37,4026.99
558,SOL/INR,1h,SHORT,2025-09-25 22:30:00+05:30,2025-09-26 00:30:00+05:30,198.64,16586.16,200.62,192.68,200.72,16760.4,STOP_LOSS,0.01,40.27,0.230652,3825.64,-40.19,4.54,-44.73,-44.73,4026.99,3982.26
559,SOL/INR,1h,SHORT,2025-09-26 04:30:00+05:30,2025-09-26 06:30:00+05:30,194.16,16211.98,196.1,188.33,196.19,16382.28,STOP_LOSS,0.01,39.82,0.233355,3783.15,-39.74,4.49,-44.23,-44.23,3982.26,3938.03
560,SOL/INR,1h,SHORT,2025-09-26 10:30:00+05:30,2025-09-26 21:30:00+05:30,195.36,16312.39,197.31,189.5,197.41,16483.75,STOP_LOSS,0.01,39.38,0.229343,3741.13,-39.3,4.44,-43.74,-43.74,3938.03,3894.29
561,SOL/INR,1h,LONG,2025-09-27 03:30:00+05:30,2025-09-27 14:30:00+05:30,202.5,16908.85,200.48,208.58,200.38,16731.39,STOP_LOSS,0.01,38.94,0.218795,3699.58,-38.83,4.34,-43.17,-43.17,3894.29,3851.12
562,SOL/INR,1h,LONG,2025-09-27 18:30:00+05:30,2025-09-28 00:30:00+05:30,202.74,16928.45,200.71,208.82,201.62,16835.59,INTRADAY_SQUAREOFF,0.01,38.51,0.216119,3658.57,-20.07,4.31,-24.37,-24.37,3851.12,3826.75
563,SOL/INR,1h,LONG,2025-09-29 04:30:00+05:30,2025-09-29 12:30:00+05:30,209.95,17531.02,207.85,216.25,207.75,17347.03,STOP_LOSS,0.01,38.27,0.20737,3635.41,-38.15,4.27,-42.42,-42.42,3826.75,3784.33
564,SOL/INR,1h,LONG,2025-09-30 01:30:00+05:30,2025-09-30 06:30:00+05:30,213.0,17785.9,210.87,219.39,210.77,17599.23,STOP_LOSS,0.01,37.84,0.202133,3595.11,-37.73,4.22,-41.95,-41.95,3784.33,3742.38
565,SOL/INR,1h,SHORT,2025-09-30 21:30:00+05:30,2025-09-30 23:30:00+05:30,205.04,17120.56,207.09,198.89,207.19,17300.41,STOP_LOSS,0.01,37.42,0.20766,3555.26,-37.35,4.22,-41.57,-41.57,3742.38,3700.81
566,SOL/INR,1h,LONG,2025-10-01 19:30:00+05:30,2025-10-02 00:30:00+05:30,219.78,18351.44,217.58,226.37,219.12,18296.32,INTRADAY_SQUAREOFF,0.01,37.01,0.19158,3515.77,-10.56,4.14,-14.7,-14.7,3700.81,3686.11
567,SOL/INR,1h,LONG,2025-10-02 05:30:00+05:30,2025-10-02 21:30:00+05:30,221.79,18519.87,219.58,228.45,228.33,19065.93,TARGET_HIT,0.01,36.86,0.189084,3501.81,103.25,4.19,99.06,99.06,3686.11,3785.17
568,SOL/INR,1h,LONG,2025-10-03 05:30:00+05:30,2025-10-03 07:30:00+05:30,234.97,19619.83,232.62,242.02,232.5,19413.92,STOP_LOSS,0.01,37.85,0.183279,3595.91,-37.74,4.22,-41.96,-41.96,3785.17,3743.21
569,SOL/INR,1h,LONG,2025-10-03 21:30:00+05:30,2025-10-03 23:30:00+05:30,235.18,19637.8,232.83,242.24,232.72,19431.7,STOP_LOSS,0.01,37.43,0.181082,3556.05,-37.32,4.17,-41.49,-41.49,3743.21,3701.71
570,SOL/INR,1h,SHORT,2025-10-04 20:30:00+05:30,2025-10-05 00:30:00+05:30,226.9,18946.38,229.17,220.1,226.25,18892.23,INTRADAY_SQUAREOFF,0.01,37.02,0.18561,3516.63,10.05,4.14,5.91,5.91,3701.71,3707.62
571,SOL/INR,1h,SHORT,2025-10-05 06:30:00+05:30,2025-10-05 08:30:00+05:30,226.8,18937.4,229.06,219.99,229.18,19136.34,STOP_LOSS,0.01,37.08,0.185994,3522.24,-37.0,4.18,-41.18,-41.18,3707.62,3666.44
572,SOL/INR,1h,LONG,2025-10-05 10:30:00+05:30,2025-10-05 15:30:00+05:30,234.56,19585.62,232.21,241.6,232.1,19380.07,STOP_LOSS,0.01,36.66,0.177841,3483.12,-36.56,4.09,-40.64,-40.64,3666.44,3625.8
573,SOL/INR,1h,LONG,2025-10-06 21:30:00+05:30,2025-10-07 00:30:00+05:30,236.33,19733.94,233.97,243.42,236.64,19759.27,INTRADAY_SQUAREOFF,0.01,36.26,0.174547,3444.51,4.42,4.07,0.35,0.35,3625.8,3626.15
574,SOL/INR,1h,SHORT,2025-10-08 00:30:00+05:30,2025-10-08 02:30:00+05:30,221.5,18495.29,223.72,214.86,223.83,18689.58,STOP_LOSS,0.01,36.26,0.186255,3444.85,-36.19,4.09,-40.27,-40.27,3626.15,3585.88
575,SOL/INR,1h,SHORT,2025-10-08 09:30:00+05:30,2025-10-08 12:30:00+05:30,218.28,18226.27,220.46,211.73,220.57,18417.74,STOP_LOSS,0.01,35.86,0.186905,3406.59,-35.79,4.04,-39.83,-39.83,3585.88,3546.05
576,SOL/INR,1h,SHORT,2025-10-08 17:30:00+05:30,2025-10-08 19:30:00+05:30,220.8,18436.51,223.0,214.17,223.12,18630.19,STOP_LOSS,0.01,35.46,0.182722,3368.75,-35.39,4.0,-39.38,-39.38,3546.05,3506.67
577,SOL/INR,1h,SHORT,2025-10-09 21:30:00+05:30,2025-10-10 00:30:00+05:30,219.1,18294.73,221.29,212.53,217.8,18186.19,INTRADAY_SQUAREOFF,0.01,35.07,0.182093,3331.33,19.77,3.92,15.85,15.85,3506.67,3522.51
578,SOL/INR,1h,SHORT,2025-10-10 08:30:00+05:30,2025-10-10 18:30:00+05:30,220.2,18386.37,222.4,213.59,222.51,18579.52,STOP_LOSS,0.01,35.23,0.182004,3346.39,-35.15,3.97,-39.12,-39.12,3522.51,3483.39
579,SOL/INR,1h,SHORT,2025-10-10 21:30:00+05:30,2025-10-11 00:30:00+05:30,210.19,17550.74,212.29,203.88,208.01,17369.09,INTRADAY_SQUAREOFF,0.01,34.83,0.188552,3309.22,34.25,3.88,30.37,30.37,3483.39,3513.76
580,SOL/INR,1h,SHORT,2025-10-11 07:30:00+05:30,2025-10-11 09:30:00+05:30,183.07,15286.46,184.9,177.58,184.99,15447.04,STOP_LOSS,0.01,35.14,0.218368,3338.07,-35.07,3.96,-39.03,-39.03,3513.76,3474.73
581,SOL/INR,1h,SHORT,2025-10-12 00:30:00+05:30,2025-10-12 02:30:00+05:30,182.52,15240.71,184.35,177.05,177.14,14790.88,TARGET_HIT,0.01,34.75,0.216591,3300.99,97.43,3.84,93.59,93.59,3474.73,3568.32
582,SOL/INR,1h,SHORT,2025-10-12 06:30:00+05:30,2025-10-12 08:30:00+05:30,173.46,14484.15,175.2,168.26,175.29,14636.31,STOP_LOSS,0.01,35.68,0.234042,3389.91,-35.61,4.02,-39.63,-39.63,3568.32,3528.69
583,SOL/INR,1h,LONG,2025-10-13 01:30:00+05:30,2025-10-13 10:30:00+05:30,196.22,16384.34,194.26,202.11,194.16,16212.38,STOP_LOSS,0.01,35.29,0.204601,3352.25,-35.18,3.93,-39.12,-39.12,3528.69,3489.57
584,SOL/INR,1h,LONG,2025-10-13 12:30:00+05:30,2025-10-13 15:30:00+05:30,197.41,16483.65,195.43,203.33,195.34,16310.65,STOP_LOSS,0.01,34.9,0.201114,3315.09,-34.79,3.89,-38.68,-38.68,3489.57,3450.89
585,SOL/INR,1h,LONG,2025-10-13 19:30:00+05:30,2025-10-13 23:30:00+05:30,196.74,16428.01,194.78,202.64,202.54,16912.39,TARGET_HIT,0.01,34.51,0.199558,3278.34,96.66,3.93,92.74,92.74,3450.89,3543.63
586,SOL/INR,1h,SHORT,2025-10-14 18:30:00+05:30,2025-10-14 20:30:00+05:30,192.82,16100.65,194.75,187.04,194.85,16269.79,STOP_LOSS,0.01,35.44,0.209087,3366.44,-35.36,3.99,-39.36,-39.36,3543.63,3504.27
587,SOL/INR,1h,SHORT,2025-10-16 01:30:00+05:30,2025-10-16 14:30:00+05:30,194.68,16255.43,196.62,188.84,188.93,15775.65,TARGET_HIT,0.01,35.04,0.204796,3329.05,98.26,3.87,94.39,94.39,3504.27,3598.65
588,SOL/INR,1h,SHORT,2025-10-17 01:30:00+05:30,2025-10-17 06:30:00+05:30,184.88,15437.5,186.73,179.33,186.82,15599.67,STOP_LOSS,0.01,35.99,0.221456,3418.72,-35.91,4.06,-39.97,-39.97,3598.65,3558.69
589,SOL/INR,1h,SHORT,2025-10-17 11:30:00+05:30,2025-10-17 13:30:00+05:30,185.59,15497.17,187.45,180.03,180.12,15039.77,TARGET_HIT,0.01,35.59,0.218153,3380.75,99.78,3.93,95.85,95.85,3558.69,3654.54
590,SOL/INR,1h,LONG,2025-10-19 00:30:00+05:30,2025-10-19 13:30:00+05:30,186.12,15540.88,184.26,191.7,184.16,15377.77,STOP_LOSS,0.01,36.55,0.223399,3471.81,-36.44,4.08,-40.51,-40.51,3654.54,3614.03
591,SOL/INR,1h,LONG,2025-10-19 15:30:00+05:30,2025-10-20 00:30:00+05:30,188.12,15707.97,186.24,193.76,190.09,15872.22,INTRADAY_SQUAREOFF,0.01,36.14,0.218572,3433.32,35.9,4.07,31.83,31.83,3614.03,3645.85
592,SOL/INR,1h,LONG,2025-10-20 04:30:00+05:30,2025-10-20 06:30:00+05:30,190.18,15880.19,188.28,195.89,188.19,15713.52,STOP_LOSS,0.01,36.46,0.218106,3463.56,-36.35,4.07,-40.42,-40.42,3645.85,3605.44
593,SOL/INR,1h,SHORT,2025-10-21 19:30:00+05:30,2025-10-21 21:30:00+05:30,184.59,15412.94,186.43,179.05,186.53,15574.85,STOP_LOSS,0.01,36.05,0.222227,3425.17,-35.98,4.06,-40.04,-40.04,3605.44,3565.39
594,SOL/INR,1h,SHORT,2025-10-22 23:30:00+05:30,2025-10-23 01:30:00+05:30,181.5,15155.65,183.32,176.06,180.49,15071.11,INTRADAY_SQUAREOFF,0.01,35.65,0.223489,3387.12,18.89,3.99,14.91,14.91,3565.39,3580.3
595,SOL/INR,1h,LONG,2025-10-23 15:30:00+05:30,2025-10-24 00:30:00+05:30,188.71,15757.63,186.83,194.38,191.51,15991.15,INTRADAY_SQUAREOFF,0.01,35.8,0.21585,3401.29,50.41,4.04,46.36,46.36,3580.3,3626.66
596,SOL/INR,1h,LONG,2025-10-24 04:30:00+05:30,2025-10-25 00:30:00+05:30,190.58,15913.18,188.67,196.29,191.69,16006.36,INTRADAY_SQUAREOFF,0.01,36.27,0.216508,3445.33,20.17,4.08,16.1,16.1,3626.66,3642.76
597,SOL/INR,1h,LONG,2025-10-25 10:30:00+05:30,2025-10-25 15:30:00+05:30,194.49,16239.93,192.55,200.32,192.45,16069.5,STOP_LOSS,0.01,36.43,0.213093,3460.62,-36.32,4.06,-40.38,-40.38,3642.76,3602.38
598,SOL/INR,1h,LONG,2025-10-26 17:30:00+05:30,2025-10-27 00:30:00+05:30,197.71,16508.42,195.73,203.64,199.13,16627.44,INTRADAY_SQUAREOFF,0.01,36.02,0.207304,3422.26,24.67,4.05,20.62,20.62,3602.38,3623.0
599,SOL/INR,1h,LONG,2025-10-27 04:30:00+05:30,2025-10-28 00:30:00+05:30,200.58,16748.57,198.58,206.6,201.72,16843.65,INTRADAY_SQUAREOFF,0.01,36.23,0.205501,3441.85,19.54,4.07,15.47,15.47,3623.0,3638.46
600,SOL/INR,1h,SHORT,2025-10-28 11:30:00+05:30,2025-10-28 13:30:00+05:30,198.86,16604.75,200.85,192.89,200.95,16779.18,STOP_LOSS,0.01,36.38,0.208166,3456.54,-36.31,4.1,-40.41,-40.41,3638.46,3598.05
601,SOL/INR,1h,SHORT,2025-10-29 14:30:00+05:30,2025-10-29 16:30:00+05:30,194.23,16218.61,196.18,188.41,196.28,16388.99,STOP_LOSS,0.01,35.98,0.210755,3418.15,-35.91,4.05,-39.96,-39.96,3598.05,3558.09
602,SOL/INR,1h,SHORT,2025-10-30 10:30:00+05:30,2025-10-30 12:30:00+05:30,190.77,15928.92,192.67,185.04,192.77,16096.25,STOP_LOSS,0.01,35.58,0.212204,3380.19,-35.51,4.01,-39.52,-39.52,3558.09,3518.57
603,SOL/INR,1h,SHORT,2025-10-30 15:30:00+05:30,2025-10-30 18:30:00+05:30,192.3,16057.23,194.23,186.53,186.63,15583.3,TARGET_HIT,0.01,35.19,0.208171,3342.64,98.66,3.89,94.77,94.77,3518.57,3613.34
604,SOL/INR,1h,SHORT,2025-10-30 21:30:00+05:30,2025-10-31 00:30:00+05:30,184.73,15424.61,186.57,179.18,181.45,15150.81,INTRADAY_SQUAREOFF,0.01,36.13,0.222546,3432.68,60.93,4.01,56.92,56.92,3613.34,3670.26
605,SOL/INR,1h,SHORT,2025-11-03 11:30:00+05:30,2025-11-03 20:30:00+05:30,176.64,14749.25,178.4,171.34,171.42,14313.92,TARGET_HIT,0.01,36.7,0.236402,3486.75,102.91,4.05,98.86,98.86,3670.26,3769.12
606,SOL/INR,1h,SHORT,2025-11-04 00:30:00+05:30,2025-11-04 10:30:00+05:30,167.89,14018.59,169.57,162.85,162.93,13604.83,TARGET_HIT,0.01,37.69,0.255423,3580.67,105.68,4.16,101.52,101.52,3769.12,3870.64
607,SOL/INR,1h,SHORT,2025-11-04 22:30:00+05:30,2025-11-05 00:30:00+05:30,156.65,13080.4,158.22,151.95,156.34,13054.04,INTRADAY_SQUAREOFF,0.01,38.71,0.281116,3677.11,7.41,4.33,3.07,3.07,3870.64,3873.72
608,SOL/INR,1h,SHORT,2025-11-05 13:30:00+05:30,2025-11-05 16:30:00+05:30,155.73,13003.14,157.28,151.05,157.36,13139.74,STOP_LOSS,0.01,38.74,0.283011,3680.03,-38.66,4.37,-43.02,-43.02,3873.72,3830.69
609,SOL/INR,1h,LONG,2025-11-06 08:30:00+05:30,2025-11-06 10:30:00+05:30,162.1,13535.61,160.48,166.97,160.4,13393.56,STOP_LOSS,0.01,38.31,0.268858,3639.16,-38.19,4.27,-42.46,-42.46,3830.69,3788.23
610,SOL/INR,1h,SHORT,2025-11-07 02:30:00+05:30,2025-11-07 05:30:00+05:30,154.82,12927.11,156.36,150.17,156.44,13062.91,STOP_LOSS,0.01,37.88,0.278393,3598.82,-37.81,4.27,-42.07,-42.07,3788.23,3746.15
611,SOL/INR,1h,SHORT,2025-11-07 15:30:00+05:30,2025-11-07 20:30:00+05:30,154.24,12878.72,155.78,149.61,155.86,13014.01,STOP_LOSS,0.01,37.46,0.276335,3558.85,-37.39,4.22,-41.61,-41.61,3746.15,3704.55
612,SOL/INR,1h,LONG,2025-11-08 14:30:00+05:30,2025-11-08 16:30:00+05:30,161.82,13511.76,160.2,166.67,160.12,13369.96,STOP_LOSS,0.01,37.05,0.260463,3519.32,-36.94,4.13,-41.07,-41.07,3704.55,3663.48
613,SOL/INR,1h,SHORT,2025-11-09 06:30:00+05:30,2025-11-09 10:30:00+05:30,156.54,13070.98,158.1,151.84,158.18,13208.29,STOP_LOSS,0.01,36.63,0.266262,3480.31,-36.56,4.13,-40.69,-40.69,3663.48,3622.79
614,SOL/INR,1h,LONG,2025-11-10 00:30:00+05:30,2025-11-10 14:30:00+05:30,163.83,13679.84,162.19,168.75,168.66,14083.19,TARGET_HIT,0.01,36.23,0.251586,3441.65,101.48,4.12,97.36,97.36,3622.79,3720.15
615,SOL/INR,1h,LONG,2025-11-10 19:30:00+05:30,2025-11-10 21:30:00+05:30,170.1,14203.2,168.4,175.2,168.31,14054.14,STOP_LOSS,0.01,37.2,0.248827,3534.14,-37.09,4.15,-41.24,-41.24,3720.15,3678.91
616,SOL/INR,1h,LONG,2025-11-11 08:30:00+05:30,2025-11-11 10:30:00+05:30,170.79,14260.71,169.08,175.91,168.99,14111.04,STOP_LOSS,0.01,36.79,0.245076,3494.96,-36.68,4.1,-40.78,-40.78,3678.91,3638.13
617,SOL/INR,1h,SHORT,2025-11-12 05:30:00+05:30,2025-11-12 10:30:00+05:30,154.19,12874.82,155.73,149.56,155.81,13010.07,STOP_LOSS,0.01,36.38,0.268448,3456.22,-36.31,4.1,-40.41,-40.41,3638.13,3597.72
618,SOL/INR,1h,SHORT,2025-11-12 13:30:00+05:30,2025-11-12 15:30:00+05:30,154.9,12934.22,156.45,150.25,156.53,13070.1,STOP_LOSS,0.01,35.98,0.264247,3417.83,-35.9,4.05,-39.96,-39.96,3597.72,3557.76
619,SOL/INR,1h,SHORT,2025-11-13 06:30:00+05:30,2025-11-13 08:30:00+05:30,152.73,12752.93,154.26,148.15,154.33,12886.89,STOP_LOSS,0.01,35.58,0.265027,3379.87,-35.51,4.01,-39.51,-39.51,3557.76,3518.24
620,SOL/INR,1h,SHORT,2025-11-14 06:30:00+05:30,2025-11-14 08:30:00+05:30,143.2,11957.61,144.64,138.91,144.71,12083.22,STOP_LOSS,0.01,35.18,0.279515,3342.33,-35.11,3.96,-39.08,-39.08,3518.24,3479.17
621,SOL/INR,1h,SHORT,2025-11-14 17:30:00+05:30,2025-11-14 19:30:00+05:30,139.98,11688.16,141.38,135.78,141.45,11810.94,STOP_LOSS,0.01,34.79,0.282783,3305.21,-34.72,3.92,-38.64,-38.64,3479.17,3440.53
622,SOL/INR,1h,SHORT,2025-11-14 23:30:00+05:30,2025-11-15 01:30:00+05:30,141.0,11773.33,142.41,136.77,142.48,11897.01,STOP_LOSS,0.01,34.41,0.277619,3268.5,-34.34,3.88,-38.21,-38.21,3440.53,3402.31
623,SOL/INR,1h,SHORT,2025-11-15 14:30:00+05:30,2025-11-15 20:30:00+05:30,140.56,11736.41,141.96,136.34,142.03,11859.71,STOP_LOSS,0.01,34.02,0.275399,3232.2,-33.95,3.83,-37.79,-37.79,3402.31,3364.53
624,SOL/INR,1h,SHORT,2025-11-16 19:30:00+05:30,2025-11-17 00:30:00+05:30,139.02,11608.2,140.41,134.85,135.67,11328.75,INTRADAY_SQUAREOFF,0.01,33.65,0.275348,3196.3,76.95,3.73,73.22,73.22,3364.53,3437.75
625,SOL/INR,1h,SHORT,2025-11-21 21:30:00+05:30,2025-11-21 23:30:00+05:30,125.14,10448.88,126.39,121.38,126.45,10558.65,STOP_LOSS,0.01,34.38,0.312556,3265.86,-34.31,3.87,-38.18,-38.18,3437.75,3399.56
626,SOL/INR,1h,SHORT,2025-11-22 04:30:00+05:30,2025-11-22 06:30:00+05:30,125.6,10487.53,126.86,121.83,126.92,10597.71,STOP_LOSS,0.01,34.0,0.307945,3229.59,-33.93,3.83,-37.76,-37.76,3399.56,3361.81
627,SOL/INR,1h,SHORT,2025-11-22 08:30:00+05:30,2025-11-23 00:30:00+05:30,127.58,10652.85,128.85,123.75,127.76,10668.0,INTRADAY_SQUAREOFF,0.01,33.62,0.299799,3193.72,-4.54,3.77,-8.31,-8.31,3361.81,3353.49
628,SOL/INR,1h,LONG,2025-11-23 14:30:00+05:30,2025-11-24 00:30:00+05:30,129.61,10822.15,128.31,133.49,132.08,11028.55,INTRADAY_SQUAREOFF,0.01,33.53,0.294379,3185.82,60.76,3.8,56.96,56.96,3353.49,3410.46
629,SOL/INR,1h,LONG,2025-11-25 02:30:00+05:30,2025-11-25 05:30:00+05:30,139.2,11622.96,137.81,143.37,137.74,11500.98,STOP_LOSS,0.01,34.1,0.278753,3239.93,-34.0,3.8,-37.81,-37.81,3410.46,3372.65
630,SOL/INR,1h,LONG,2025-11-25 10:30:00+05:30,2025-11-25 12:30:00+05:30,138.91,11598.62,137.52,143.07,137.45,11476.9,STOP_LOSS,0.01,33.73,0.276241,3204.02,-33.63,3.76,-37.39,-37.39,3372.65,3335.26
631,SOL/INR,1h,LONG,2025-11-25 16:30:00+05:30,2025-11-25 18:30:00+05:30,136.78,11421.21,135.41,140.88,135.35,11301.35,STOP_LOSS,0.01,33.35,0.277422,3168.5,-33.25,3.72,-36.97,-36.97,3335.26,3298.29
632,SOL/INR,1h,LONG,2025-11-26 12:30:00+05:30,2025-11-26 14:30:00+05:30,139.72,11666.22,138.32,143.91,138.25,11543.78,STOP_LOSS,0.01,32.98,0.268585,3133.38,-32.88,3.68,-36.56,-36.56,3298.29,3261.73
633,SOL/INR,1h,LONG,2025-11-27 12:30:00+05:30,2025-11-27 14:30:00+05:30,144.01,12024.98,142.57,148.33,142.5,11898.78,STOP_LOSS,0.01,32.62,0.257684,3098.64,-32.52,3.64,-36.16,-36.16,3261.73,3225.57
634,SOL/INR,1h,SHORT,2025-11-28 12:30:00+05:30,2025-11-28 14:30:00+05:30,139.36,11636.18,140.75,135.17,140.82,11758.42,STOP_LOSS,0.01,32.26,0.263342,3064.29,-32.19,3.63,-35.83,-35.83,3225.57,3189.74
635,SOL/INR,1h,SHORT,2025-12-01 15:30:00+05:30,2025-12-02 00:30:00+05:30,126.9,10596.49,128.17,123.1,124.37,10384.92,INTRADAY_SQUAREOFF,0.01,31.9,0.285968,3030.26,60.5,3.54,56.96,56.96,3189.74,3246.71
636,SOL/INR,1h,LONG,2025-12-03 08:30:00+05:30,2025-12-04 00:30:00+05:30,140.24,11709.82,138.83,144.44,141.23,11792.51,INTRADAY_SQUAREOFF,0.01,32.47,0.263401,3084.37,21.78,3.65,18.13,18.13,3246.71,3264.84
637,SOL/INR,1h,LONG,2025-12-04 15:30:00+05:30,2025-12-04 17:30:00+05:30,144.12,12033.75,142.68,148.44,142.6,11907.46,STOP_LOSS,0.01,32.65,0.257741,3101.59,-32.55,3.64,-36.19,-36.19,3264.84,3228.64
638,SOL/INR,1h,LONG,2025-12-04 21:30:00+05:30,2025-12-04 23:30:00+05:30,143.39,11973.15,141.96,147.69,141.89,11847.49,STOP_LOSS,0.01,32.29,0.256174,3067.21,-32.19,3.6,-35.79,-35.79,3228.64,3192.85
639,SOL/INR,1h,SHORT,2025-12-05 03:30:00+05:30,2025-12-05 12:30:00+05:30,138.7,11581.65,140.09,134.54,140.16,11703.31,STOP_LOSS,0.01,31.93,0.261898,3033.21,-31.86,3.6,-35.46,-35.46,3192.85,3157.39
640,SOL/INR,1h,SHORT,2025-12-05 14:30:00+05:30,2025-12-05 21:30:00+05:30,137.99,11521.84,139.37,133.85,133.91,11181.77,TARGET_HIT,0.01,31.57,0.260334,2999.52,88.53,3.49,85.04,85.04,3157.39,3242.44
641,SOL/INR,1h,SHORT,2025-12-06 00:30:00+05:30,2025-12-06 02:30:00+05:30,131.22,10957.07,132.53,127.29,132.6,11072.18,STOP_LOSS,0.01,32.42,0.281126,3080.31,-32.36,3.65,-36.01,-36.01,3242.44,3206.42
642,SOL/INR,1h,SHORT,2025-12-06 10:30:00+05:30,2025-12-07 00:30:00+05:30,133.2,11122.44,134.53,129.21,132.9,11097.02,INTRADAY_SQUAREOFF,0.01,32.06,0.27387,3046.1,6.96,3.59,3.37,3.37,3206.42,3209.79
643,SOL/INR,1h,SHORT,2025-12-07 04:30:00+05:30,2025-12-07 08:30:00+05:30,132.14,11033.55,133.46,128.17,133.53,11149.45,STOP_LOSS,0.01,32.1,0.276367,3049.31,-32.03,3.62,-35.65,-35.65,3209.79,3174.14
644,SOL/INR,1h,SHORT,2025-12-07 10:30:00+05:30,2025-12-07 19:30:00+05:30,133.03,11107.83,134.36,129.04,129.1,10779.98,TARGET_HIT,0.01,31.74,0.27147,3015.44,89.0,3.51,85.49,85.49,3174.14,3259.64
645,SOL/INR,1h,LONG,2025-12-08 07:30:00+05:30,2025-12-08 14:30:00+05:30,133.81,11173.26,132.47,137.83,137.76,11502.7,TARGET_HIT,0.01,32.6,0.277149,3096.66,91.3,3.71,87.6,87.6,3259.64,3347.24
646,SOL/INR,1h,SHORT,2025-12-09 04:30:00+05:30,2025-12-09 20:30:00+05:30,133.58,11153.65,134.91,129.57,134.98,11270.81,STOP_LOSS,0.01,33.47,0.285097,3179.88,-33.4,3.77,-37.18,-37.18,3347.24,3310.06
647,SOL/INR,1h,SHORT,2025-12-11 06:30:00+05:30,2025-12-11 08:30:00+05:30,133.62,11157.39,134.96,129.61,129.68,10828.08,TARGET_HIT,0.01,33.1,0.281836,3144.56,92.81,3.66,89.16,89.16,3310.06,3399.22
648,SOL/INR,1h,LONG,2025-12-12 02:30:00+05:30,2025-12-12 20:30:00+05:30,136.12,11365.8,134.76,140.2,134.69,11246.52,STOP_LOSS,0.01,33.99,0.28412,3229.26,-33.89,3.79,-37.68,-37.68,3399.22,3361.53
649,SOL/INR,1h,SHORT,2025-12-13 01:30:00+05:30,2025-12-13 03:30:00+05:30,130.66,10910.01,131.97,126.74,132.03,11024.62,STOP_LOSS,0.01,33.62,0.292709,3193.46,-33.55,3.79,-37.34,-37.34,3361.53,3324.2
650,SOL/INR,1h,SHORT,2025-12-13 17:30:00+05:30,2025-12-14 00:30:00+05:30,133.34,11134.05,134.68,129.34,132.46,11060.77,INTRADAY_SQUAREOFF,0.01,33.24,0.283633,3157.99,20.79,3.71,17.07,17.07,3324.2,3341.27
651,SOL/INR,1h,SHORT,2025-12-14 09:30:00+05:30,2025-12-15 00:30:00+05:30,132.93,11099.47,134.26,128.94,130.69,10912.33,INTRADAY_SQUAREOFF,0.01,33.41,0.285978,3174.21,53.52,3.71,49.8,49.8,3341.27,3391.08
652,SOL/INR,1h,LONG,2025-12-15 15:30:00+05:30,2025-12-15 20:30:00+05:30,132.79,11088.37,131.47,136.78,131.4,10972.0,STOP_LOSS,0.01,33.91,0.290532,3221.52,-33.81,3.78,-37.59,-37.59,3391.08,3353.48
653,SOL/INR,1h,SHORT,2025-12-16 13:30:00+05:30,2025-12-16 15:30:00+05:30,125.67,10493.12,126.92,121.9,126.99,10603.35,STOP_LOSS,0.01,33.53,0.30361,3185.81,-33.47,3.78,-37.25,-37.25,3353.48,3316.24
654,SOL/INR,1h,SHORT,2025-12-16 19:30:00+05:30,2025-12-16 21:30:00+05:30,127.52,10648.09,128.8,123.7,128.86,10759.95,STOP_LOSS,0.01,33.16,0.295868,3150.43,-33.1,3.74,-36.83,-36.83,3316.24,3279.41
655,SOL/INR,1h,LONG,2025-12-17 08:30:00+05:30,2025-12-17 10:30:00+05:30,129.42,10806.25,128.12,133.3,128.06,10692.84,STOP_LOSS,0.01,32.79,0.2883,3115.44,-32.7,3.66,-36.35,-36.35,3279.41,3243.05
656,SOL/INR,1h,LONG,2025-12-17 13:30:00+05:30,2025-12-17 15:30:00+05:30,128.38,10719.66,127.1,132.23,127.03,10607.15,STOP_LOSS,0.01,32.43,0.287407,3080.9,-32.33,3.62,-35.95,-35.95,3243.05,3207.1
657,SOL/INR,1h,SHORT,2025-12-18 11:30:00+05:30,2025-12-18 14:30:00+05:30,122.31,10213.3,123.54,118.65,123.6,10320.59,STOP_LOSS,0.01,32.07,0.298312,3046.75,-32.01,3.61,-35.62,-35.62,3207.1,3171.48
658,SOL/INR,1h,SHORT,2025-12-19 06:30:00+05:30,2025-12-19 08:30:00+05:30,118.1,9861.75,119.29,114.56,119.35,9965.35,STOP_LOSS,0.01,31.71,0.305515,3012.91,-31.65,3.57,-35.22,-35.22,3171.48,3136.26
659,SOL/INR,1h,LONG,2025-12-20 01:30:00+05:30,2025-12-21 00:30:00+05:30,126.48,10561.1,125.22,130.27,125.88,10510.9,INTRADAY_SQUAREOFF,0.01,31.36,0.282115,2979.44,-14.16,3.51,-17.67,-17.67,3136.26,3118.59
660,SOL/INR,1h,SHORT,2025-12-22 03:30:00+05:30,2025-12-22 05:30:00+05:30,124.73,10414.99,125.98,120.99,126.04,10524.4,STOP_LOSS,0.01,31.19,0.284461,2962.66,-31.12,3.51,-34.64,-34.64,3118.59,3083.95
661,SOL/INR,1h,LONG,2025-12-22 10:30:00+05:30,2025-12-23 00:30:00+05:30,126.65,10575.5,125.39,130.45,125.32,10464.51,STOP_LOSS,0.01,30.84,0.277032,2929.75,-30.75,3.44,-34.19,-34.19,3083.95,3049.76
662,SOL/INR,1h,SHORT,2025-12-23 08:30:00+05:30,2025-12-24 00:30:00+05:30,125.52,10480.82,126.77,121.75,123.95,10349.44,INTRADAY_SQUAREOFF,0.01,30.5,0.276436,2897.28,36.32,3.4,32.92,32.92,3049.76,3082.69
663,SOL/INR,1h,SHORT,2025-12-24 07:30:00+05:30,2025-12-25 00:30:00+05:30,122.9,10262.38,124.13,119.22,122.47,10226.15,INTRADAY_SQUAREOFF,0.01,30.83,0.285368,2928.55,10.34,3.45,6.89,6.89,3082.69,3089.58
664,SOL/INR,1h,LONG,2025-12-26 00:30:00+05:30,2025-12-26 03:30:00+05:30,124.05,10358.13,122.81,127.77,122.75,10249.43,STOP_LOSS,0.01,30.9,0.283362,2935.1,-30.8,3.45,-34.25,-34.25,3089.58,3055.33
665,SOL/INR,1h,LONG,2025-12-28 13:30:00+05:30,2025-12-29 00:30:00+05:30,124.17,10368.14,122.93,127.89,123.08,10277.3,INTRADAY_SQUAREOFF,0.01,30.55,0.27995,2902.56,-25.43,3.41,-28.84,-28.84,3055.33,3026.49
666,SOL/INR,1h,SHORT,2025-12-30 00:30:00+05:30,2025-12-30 13:30:00+05:30,122.95,10265.98,124.18,119.26,124.24,10373.82,STOP_LOSS,0.01,30.26,0.280067,2875.16,-30.2,3.41,-33.61,-33.61,3026.49,2992.87
667,SOL/INR,1h,LONG,2025-12-30 20:30:00+05:30,2025-12-31 00:30:00+05:30,125.03,10440.3,123.78,128.78,124.37,10384.78,INTRADAY_SQUAREOFF,0.01,29.93,0.272332,2843.23,-15.12,3.35,-18.47,-18.47,2992.87,2974.41
668,SOL/INR,1h,LONG,2025-12-31 05:30:00+05:30,2026-01-01 00:30:00+05:30,125.01,10438.16,123.76,128.76,124.56,10400.95,INTRADAY_SQUAREOFF,0.01,29.74,0.270707,2825.69,-10.07,3.33,-13.4,-13.4,2974.41,2961.01
669,SOL/INR,1h,SHORT,2026-01-01 09:30:00+05:30,2026-01-02 00:30:00+05:30,124.85,10424.89,126.1,121.1,125.16,10451.01,INTRADAY_SQUAREOFF,0.01,29.61,0.269831,2812.96,-7.05,3.32,-10.37,-10.37,2961.01,2950.63
670,SOL/INR,1h,LONG,2026-01-02 09:30:00+05:30,2026-01-02 22:30:00+05:30,127.71,10663.38,126.43,131.54,131.47,10977.79,TARGET_HIT,0.01,29.51,0.262872,2803.1,82.65,3.36,79.29,79.29,2950.63,3029.93
671,SOL/INR,1h,LONG,2026-01-03 04:30:00+05:30,2026-01-03 10:30:00+05:30,133.04,11108.45,131.7,137.03,131.64,10991.87,STOP_LOSS,0.01,30.3,0.259121,2878.43,-30.21,3.38,-33.59,-33.59,3029.93,2996.34
672,SOL/INR,1h,LONG,2026-01-04 09:30:00+05:30,2026-01-05 00:30:00+05:30,134.57,11236.77,133.23,138.61,134.04,11192.51,INTRADAY_SQUAREOFF,0.01,29.96,0.253322,2846.52,-11.21,3.35,-14.56,-14.56,2996.34,2981.77
673,SOL/INR,1h,LONG,2026-01-05 16:30:00+05:30,2026-01-05 18:30:00+05:30,135.92,11349.43,134.56,140.0,134.49,11230.31,STOP_LOSS,0.01,29.82,0.249588,2832.68,-29.73,3.33,-33.05,-33.05,2981.77,2948.72
674,SOL/INR,1h,LONG,2026-01-06 09:30:00+05:30,2026-01-06 19:30:00+05:30,138.5,11564.62,137.11,142.65,142.58,11905.6,TARGET_HIT,0.01,29.49,0.242229,2801.28,82.6,3.35,79.24,79.24,2948.72,3027.96
675,SOL/INR,1h,SHORT,2026-01-07 07:30:00+05:30,2026-01-08 00:30:00+05:30,138.8,11589.96,140.19,134.64,135.2,11288.86,INTRADAY_SQUAREOFF,0.01,30.28,0.248194,2876.56,74.73,3.35,71.38,71.38,3027.96,3099.34
676,SOL/INR,1h,SHORT,2026-01-08 09:30:00+05:30,2026-01-08 22:30:00+05:30,136.56,11402.38,137.92,132.46,137.99,11522.16,STOP_LOSS,0.01,30.99,0.258225,2944.37,-30.93,3.49,-34.42,-34.42,3099.34,3064.92
677,SOL/INR,1h,LONG,2026-01-09 03:30:00+05:30,2026-01-09 06:30:00+05:30,139.56,11652.97,138.16,143.74,138.09,11530.67,STOP_LOSS,0.01,30.65,0.249865,2911.67,-30.56,3.42,-33.98,-33.98,3064.92,3030.94
678,SOL/INR,1h,LONG,2026-01-09 09:30:00+05:30,2026-01-09 12:30:00+05:30,140.96,11770.16,139.55,145.19,139.48,11646.63,STOP_LOSS,0.01,30.31,0.244635,2879.39,-30.22,3.38,-33.6,-33.6,3030.94,2997.34
679,SOL/INR,1h,LONG,2026-01-09 19:30:00+05:30,2026-01-09 23:30:00+05:30,138.8,11589.61,137.41,142.96,137.34,11467.98,STOP_LOSS,0.01,29.97,0.245692,2847.48,-29.88,3.34,-33.23,-33.23,2997.34,2964.12
680,SOL/INR,1h,LONG,2026-01-12 00:30:00+05:30,2026-01-12 02:30:00+05:30,139.98,11688.64,138.58,144.18,138.51,11565.97,STOP_LOSS,0.01,29.64,0.24091,2815.91,-29.55,3.31,-32.86,-32.86,2964.12,2931.26
681,SOL/INR,1h,LONG,2026-01-12 05:30:00+05:30,2026-01-12 08:30:00+05:30,139.56,11653.31,138.17,143.75,143.68,11996.91,TARGET_HIT,0.01,29.31,0.238962,2784.69,82.11,3.33,78.77,78.77,2931.26,3010.03
682,SOL/INR,1h,LONG,2026-01-14 01:30:00+05:30,2026-01-15 00:30:00+05:30,144.29,12047.81,142.84,148.61,146.37,12221.78,INTRADAY_SQUAREOFF,0.01,30.1,0.237348,2859.53,41.29,3.4,37.89,37.89,3010.03,3047.92
683,SOL/INR,1h,SHORT,2026-01-15 23:30:00+05:30,2026-01-16 01:30:00+05:30,142.57,11904.68,144.0,138.29,141.52,11817.26,INTRADAY_SQUAREOFF,0.01,30.48,0.243226,2895.53,21.26,3.4,17.86,17.86,3047.92,3065.78
684,SOL/INR,1h,SHORT,2026-01-16 09:30:00+05:30,2026-01-16 11:30:00+05:30,141.84,11843.96,143.26,137.59,143.33,11968.38,STOP_LOSS,0.01,30.66,0.245906,2912.49,-30.6,3.45,-34.05,-34.05,3065.78,3031.73
685,SOL/INR,1h,SHORT,2026-01-16 19:30:00+05:30,2026-01-17 00:30:00+05:30,142.75,11919.58,144.18,138.47,144.25,12044.79,STOP_LOSS,0.01,30.32,0.241632,2880.15,-30.26,3.42,-33.67,-33.67,3031.73,2998.06
686,SOL/INR,1h,LONG,2026-01-17 14:30:00+05:30,2026-01-18 00:30:00+05:30,144.24,12043.64,142.79,148.56,144.12,12034.14,INTRADAY_SQUAREOFF,0.01,29.98,0.236486,2848.16,-2.25,3.36,-5.6,-5.6,2998.06,2992.46
687,SOL/INR,1h,SHORT,2026-01-18 12:30:00+05:30,2026-01-19 00:30:00+05:30,142.52,11900.54,143.95,138.25,142.88,11930.65,INTRADAY_SQUAREOFF,0.01,29.92,0.238883,2842.83,-7.19,3.36,-10.55,-10.55,2992.46,2981.9
688,SOL/INR,1h,SHORT,2026-01-19 05:30:00+05:30,2026-01-19 07:30:00+05:30,137.89,11514.15,139.27,133.76,133.82,11174.31,TARGET_HIT,0.01,29.82,0.246028,2832.81,83.61,3.29,80.32,80.32,2981.9,3062.22
689,SOL/INR,1h,SHORT,2026-01-19 11:30:00+05:30,2026-01-20 00:30:00+05:30,133.26,11127.31,134.59,129.26,134.26,11210.91,INTRADAY_SQUAREOFF,0.01,30.62,0.261439,2909.11,-21.86,3.45,-25.3,-25.3,3062.22,3036.92
690,SOL/INR,1h,SHORT,2026-01-20 03:30:00+05:30,2026-01-20 13:30:00+05:30,134.01,11189.59,135.35,129.99,130.05,10859.33,TARGET_HIT,0.01,30.37,0.257835,2885.07,85.15,3.35,81.8,81.8,3036.92,3118.72
691,SOL/INR,1h,SHORT,2026-01-20 19:30:00+05:30,2026-01-21 00:30:00+05:30,128.34,10716.17,129.62,124.49,127.05,10608.52,INTRADAY_SQUAREOFF,0.01,31.19,0.276478,2962.78,29.76,3.48,26.28,26.28,3118.72,3145.0
692,SOL/INR,1h,SHORT,2026-01-21 04:30:00+05:30,2026-01-21 06:30:00+05:30,125.82,10506.28,127.08,122.05,127.15,10616.65,STOP_LOSS,0.01,31.45,0.284378,2987.75,-31.39,3.54,-34.93,-34.93,3145.0,3110.07
693,SOL/INR,1h,SHORT,2026-01-21 08:30:00+05:30,2026-01-21 10:30:00+05:30,126.7,10579.47,127.97,122.9,128.03,10690.6,STOP_LOSS,0.01,31.1,0.279274,2954.57,-31.04,3.5,-34.54,-34.54,3110.07,3075.53
694,SOL/INR,1h,SHORT,2026-01-21 13:30:00+05:30,2026-01-21 19:30:00+05:30,127.4,10638.24,128.68,123.58,128.74,10749.99,STOP_LOSS,0.01,30.76,0.274646,2921.75,-30.69,3.47,-34.16,-34.16,3075.53,3041.37
695,SOL/INR,1h,SHORT,2026-01-23 00:30:00+05:30,2026-01-23 09:30:00+05:30,127.59,10653.48,128.86,123.76,128.93,10765.4,STOP_LOSS,0.01,30.41,0.271207,2889.3,-30.35,3.43,-33.78,-33.78,3041.37,3007.59
696,SOL/INR,1h,SHORT,2026-01-23 11:30:00+05:30,2026-01-23 22:30:00+05:30,128.25,10709.24,129.54,124.41,129.6,10821.74,STOP_LOSS,0.01,30.08,0.266799,2857.21,-30.02,3.39,-33.4,-33.4,3007.59,2974.19
697,SOL/INR,1h,LONG,2026-01-24 08:30:00+05:30,2026-01-25 00:30:00+05:30,127.61,10655.42,126.33,131.44,127.14,10616.22,INTRADAY_SQUAREOFF,0.01,29.74,0.265168,2825.48,-10.39,3.33,-13.72,-13.72,2974.19,2960.47
698,SOL/INR,1h,LONG,2026-01-25 04:30:00+05:30,2026-01-25 13:30:00+05:30,127.51,10647.11,126.24,131.34,126.17,10535.37,STOP_LOSS,0.01,29.6,0.264151,2812.44,-29.52,3.3,-32.82,-32.82,2960.47,2927.65
699,SOL/INR,1h,SHORT,2026-01-25 20:30:00+05:30,2026-01-25 22:30:00+05:30,125.58,10485.82,126.83,121.81,121.87,10176.33,TARGET_HIT,0.01,29.28,0.265241,2781.27,82.09,3.23,78.86,78.86,2927.65,3006.5
700,SOL/INR,1h,LONG,2026-01-27 03:30:00+05:30,2026-01-27 18:30:00+05:30,124.57,10401.87,123.33,128.31,123.27,10292.71,STOP_LOSS,0.01,30.07,0.274583,2856.18,-29.98,3.35,-33.33,-33.33,3006.5,2973.17
701,SOL/INR,1h,LONG,2026-01-27 21:30:00+05:30,2026-01-28 00:30:00+05:30,124.69,10411.45,123.44,128.43,125.53,10481.78,INTRADAY_SQUAREOFF,0.01,29.73,0.271289,2824.52,19.08,3.34,15.74,15.74,2973.17,2988.91
702,SOL/INR,1h,LONG,2026-01-28 12:30:00+05:30,2026-01-28 14:30:00+05:30,127.34,10633.26,126.07,131.16,126.01,10521.67,STOP_LOSS,0.01,29.89,0.267036,2839.46,-29.8,3.33,-33.13,-33.13,2988.91,2955.78
703,SOL/INR,1h,LONG,2026-01-28 17:30:00+05:30,2026-01-28 19:30:00+05:30,128.02,10690.03,126.74,131.87,126.68,10577.84,STOP_LOSS,0.01,29.56,0.262674,2807.99,-29.47,3.3,-32.77,-32.77,2955.78,2923.01
704,SOL/INR,1h,SHORT,2026-01-29 15:30:00+05:30,2026-01-29 20:30:00+05:30,122.85,10257.64,124.07,119.16,119.22,9954.88,TARGET_HIT,0.01,29.23,0.270712,2776.86,81.96,3.23,78.73,78.73,2923.01,3001.74
705,SOL/INR,1h,SHORT,2026-01-30 00:30:00+05:30,2026-01-30 02:30:00+05:30,115.64,9655.96,116.8,112.17,116.86,9757.4,STOP_LOSS,0.01,30.02,0.295326,2851.65,-29.96,3.38,-33.34,-33.34,3001.74,2968.4
706,SOL/INR,1h,SHORT,2026-01-30 12:30:00+05:30,2026-01-30 14:30:00+05:30,113.18,9450.47,114.31,109.78,114.37,9549.75,STOP_LOSS,0.01,29.68,0.298396,2819.98,-29.62,3.35,-32.97,-32.97,2968.4,2935.43
707,SOL/INR,1h,SHORT,2026-01-30 19:30:00+05:30,2026-01-30 21:30:00+05:30,115.42,9637.51,116.57,111.96,116.63,9738.75,STOP_LOSS,0.01,29.35,0.289355,2788.66,-29.29,3.31,-32.6,-32.6,2935.43,2902.83
708,SOL/INR,1h,SHORT,2026-01-31 18:30:00+05:30,2026-01-31 20:30:00+05:30,115.03,9605.19,116.18,111.58,111.64,9321.69,TARGET_HIT,0.01,29.03,0.287104,2757.69,81.39,3.21,78.19,78.19,2902.83,2981.02
709,SOL/INR,1h,SHORT,2026-02-01 09:30:00+05:30,2026-02-01 12:30:00+05:30,104.58,8732.49,105.63,101.44,105.68,8824.22,STOP_LOSS,0.01,29.81,0.324302,2831.97,-29.75,3.36,-33.11,-33.11,2981.02,2947.91
710,SOL/INR,1h,SHORT,2026-02-01 16:30:00+05:30,2026-02-01 18:30:00+05:30,103.92,8677.59,104.96,100.81,105.01,8768.75,STOP_LOSS,0.01,29.48,0.322729,2800.51,-29.42,3.32,-32.74,-32.74,2947.91,2915.17
711,SOL/INR,1h,SHORT,2026-02-02 01:30:00+05:30,2026-02-02 06:30:00+05:30,101.59,8482.92,102.61,98.54,102.66,8572.03,STOP_LOSS,0.01,29.15,0.326469,2769.41,-29.09,3.29,-32.38,-32.38,2915.17,2882.79
712,SOL/INR,1h,SHORT,2026-02-02 11:30:00+05:30,2026-02-02 13:30:00+05:30,97.86,8170.9,98.83,94.92,98.88,8256.73,STOP_LOSS,0.01,28.83,0.335171,2738.65,-28.77,3.25,-32.02,-32.02,2882.79,2850.77
713,SOL/INR,1h,SHORT,2026-02-03 01:30:00+05:30,2026-02-03 03:30:00+05:30,103.57,8648.0,104.6,100.46,104.66,8738.85,STOP_LOSS,0.01,28.51,0.313163,2708.23,-28.45,3.21,-31.66,-31.66,2850.77,2819.11
714,SOL/INR,1h,SHORT,2026-02-03 05:30:00+05:30,2026-02-03 19:30:00+05:30,104.4,8717.19,105.44,101.27,101.32,8459.9,TARGET_HIT,0.01,28.19,0.307227,2678.15,79.05,3.11,75.93,75.93,2819.11,2895.04
715,SOL/INR,1h,SHORT,2026-02-03 23:30:00+05:30,2026-02-04 01:30:00+05:30,99.05,8270.49,100.04,96.08,100.09,8357.37,STOP_LOSS,0.01,28.95,0.332543,2750.29,-28.89,3.26,-32.15,-32.15,2895.04,2862.89
716,SOL/INR,1h,SHORT,2026-02-04 04:30:00+05:30,2026-02-04 06:30:00+05:30,98.27,8205.53,99.25,95.32,99.3,8291.73,STOP_LOSS,0.01,28.63,0.331452,2719.74,-28.57,3.23,-31.8,-31.8,2862.89,2831.09
717,SOL/INR,1h,SHORT,2026-02-04 08:30:00+05:30,2026-02-04 11:30:00+05:30,97.38,8131.47,98.36,94.46,98.41,8216.89,STOP_LOSS,0.01,28.31,0.330756,2689.54,-28.25,3.19,-31.44,-31.44,2831.09,2799.65
718,SOL/INR,1h,SHORT,2026-02-04 19:30:00+05:30,2026-02-04 21:30:00+05:30,94.4,7882.35,95.34,91.57,91.61,7649.7,TARGET_HIT,0.01,28.0,0.33742,2659.66,78.5,3.09,75.41,75.41,2799.65,2875.05
719,SOL/INR,1h,SHORT,2026-02-05 03:30:00+05:30,2026-02-05 05:30:00+05:30,90.62,7566.69,91.53,87.9,91.57,7646.17,STOP_LOSS,0.01,28.75,0.360964,2731.3,-28.69,3.24,-31.93,-31.93,2875.05,2843.12
720,SOL/INR,1h,SHORT,2026-02-05 12:30:00+05:30,2026-02-05 14:30:00+05:30,89.71,7490.48,90.6,87.02,90.65,7569.17,STOP_LOSS,0.01,28.43,0.360586,2700.97,-28.37,3.2,-31.58,-31.58,2843.12,2811.54
721,SOL/INR,1h,SHORT,2026-02-05 16:30:00+05:30,2026-02-05 20:30:00+05:30,90.05,7519.32,90.95,87.35,87.39,7297.39,TARGET_HIT,0.01,28.12,0.355214,2670.97,78.83,3.11,75.73,75.73,2811.54,2887.27
722,SOL/INR,1h,SHORT,2026-02-05 23:30:00+05:30,2026-02-06 01:30:00+05:30,82.6,6897.35,83.43,80.12,80.16,6693.77,TARGET_HIT,0.01,28.87,0.397676,2742.91,80.96,3.19,77.77,77.77,2887.27,2965.04
723,SOL/INR,1h,SHORT,2026-02-06 05:30:00+05:30,2026-02-06 07:30:00+05:30,78.15,6525.23,78.93,75.8,78.97,6593.78,STOP_LOSS,0.01,29.65,0.431677,2816.79,-29.59,3.34,-32.93,-32.93,2965.04,2932.11
724,SOL/INR,1h,LONG,2026-02-07 01:30:00+05:30,2026-02-07 05:30:00+05:30,87.19,7280.37,86.32,89.81,86.28,7203.97,STOP_LOSS,0.01,29.32,0.382604,2785.5,-29.23,3.27,-32.5,-32.5,2932.11,2899.61
725,SOL/INR,1h,LONG,2026-02-07 09:30:00+05:30,2026-02-07 11:30:00+05:30,88.25,7368.48,87.36,90.89,87.32,7291.14,STOP_LOSS,0.01,29.0,0.373839,2754.63,-28.91,3.23,-32.14,-32.14,2899.61,2867.46
726,SOL/INR,1h,LONG,2026-02-07 23:30:00+05:30,2026-02-08 01:30:00+05:30,87.57,7312.07,86.69,90.2,88.18,7363.04,INTRADAY_SQUAREOFF,0.01,28.67,0.372547,2724.09,18.99,3.23,15.76,15.76,2867.46,2883.23
727,SOL/INR,1h,LONG,2026-02-08 07:30:00+05:30,2026-02-08 09:30:00+05:30,87.95,7343.55,87.07,90.59,87.02,7266.48,STOP_LOSS,0.01,28.83,0.372989,2739.07,-28.75,3.22,-31.96,-31.96,2883.23,2851.26
728,SOL/INR,1h,LONG,2026-02-08 14:30:00+05:30,2026-02-08 16:30:00+05:30,88.61,7398.67,87.72,91.26,87.68,7321.02,STOP_LOSS,0.01,28.51,0.366107,2708.7,-28.43,3.18,-31.61,-31.61,2851.26,2819.66
729,SOL/INR,1h,LONG,2026-02-09 01:30:00+05:30,2026-02-09 03:30:00+05:30,88.43,7383.64,87.54,91.08,87.5,7306.15,STOP_LOSS,0.01,28.2,0.362785,2678.67,-28.11,3.14,-31.26,-31.26,2819.66,2788.4
730,SOL/INR,1h,LONG,2026-02-09 09:30:00+05:30,2026-02-09 11:30:00+05:30,87.73,7325.47,86.85,90.36,86.81,7248.59,STOP_LOSS,0.01,27.88,0.361612,2648.98,-27.8,3.11,-30.91,-30.91,2788.4,2757.49
731,SOL/INR,1h,LONG,2026-02-10 07:30:00+05:30,2026-02-10 09:30:00+05:30,87.38,7296.46,86.51,90.0,86.47,7219.88,STOP_LOSS,0.01,27.57,0.359026,2619.62,-27.49,3.07,-30.57,-30.57,2757.49,2726.92
732,SOL/INR,1h,SHORT,2026-02-11 02:30:00+05:30,2026-02-11 05:30:00+05:30,82.44,6883.46,83.26,79.96,83.3,6955.77,STOP_LOSS,0.01,27.27,0.376348,2590.58,-27.21,3.07,-30.29,-30.29,2726.92,2696.64
733,SOL/INR,1h,SHORT,2026-02-11 10:30:00+05:30,2026-02-11 19:30:00+05:30,81.84,6833.79,82.66,79.39,82.7,6905.58,STOP_LOSS,0.01,26.97,0.374873,2561.8,-26.91,3.04,-29.95,-29.95,2696.64,2666.68
734,SOL/INR,1h,SHORT,2026-02-12 04:30:00+05:30,2026-02-12 06:30:00+05:30,79.47,6635.37,80.26,77.08,80.3,6705.07,STOP_LOSS,0.01,26.67,0.381795,2533.35,-26.61,3.01,-29.62,-29.62,2666.68,2637.07
735,SOL/INR,1h,SHORT,2026-02-12 18:30:00+05:30,2026-02-12 21:30:00+05:30,80.86,6751.61,81.67,78.43,78.47,6552.33,TARGET_HIT,0.01,26.37,0.371054,2505.21,73.94,2.91,71.03,71.03,2637.07,2708.1
736,SOL/INR,1h,LONG,2026-02-14 06:30:00+05:30,2026-02-14 21:30:00+05:30,85.05,7101.55,84.2,87.6,87.56,7310.94,TARGET_HIT,0.01,27.08,0.362272,2572.69,75.86,3.08,72.78,72.78,2708.1,2780.87
737,SOL/INR,1h,LONG,2026-02-15 04:30:00+05:30,2026-02-15 06:30:00+05:30,88.72,7408.09,87.83,91.38,87.79,7330.34,STOP_LOSS,0.01,27.81,0.356614,2641.83,-27.73,3.1,-30.83,-30.83,2780.87,2750.04
738,SOL/INR,1h,LONG,2026-02-15 09:30:00+05:30,2026-02-15 17:30:00+05:30,88.67,7403.88,87.78,91.33,87.74,7326.17,STOP_LOSS,0.01,27.5,0.352861,2612.54,-27.42,3.07,-30.49,-30.49,2750.04,2719.56
739,SOL/INR,1h,SHORT,2026-02-16 07:30:00+05:30,2026-02-16 18:30:00+05:30,85.46,7135.52,86.31,82.89,86.35,7210.48,STOP_LOSS,0.01,27.2,0.362073,2583.58,-27.14,3.06,-30.21,-30.21,2719.56,2689.35
740,SOL/INR,1h,LONG,2026-02-17 12:30:00+05:30,2026-02-17 14:30:00+05:30,86.71,7240.23,85.84,89.31,85.8,7164.25,STOP_LOSS,0.01,26.89,0.352873,2554.89,-26.81,3.0,-29.81,-29.81,2689.35,2659.54
741,SOL/INR,1h,SHORT,2026-02-18 06:30:00+05:30,2026-02-18 13:30:00+05:30,84.8,7080.75,85.65,82.26,85.69,7155.14,STOP_LOSS,0.01,26.6,0.356821,2526.56,-26.54,3.0,-29.54,-29.54,2659.54,2630.0
742,SOL/INR,1h,SHORT,2026-02-18 16:30:00+05:30,2026-02-18 23:30:00+05:30,84.16,7027.3,85.0,81.63,81.68,6819.89,TARGET_HIT,0.01,26.3,0.355542,2498.5,73.74,2.9,70.84,70.84,2630.0,2700.84
743,SOL/INR,1h,SHORT,2026-02-19 14:30:00+05:30,2026-02-20 00:30:00+05:30,81.63,6816.45,82.45,79.19,81.95,6842.67,INTRADAY_SQUAREOFF,0.01,27.01,0.376413,2565.8,-9.87,3.03,-12.9,-12.9,2700.84,2687.94
744,SOL/INR,1h,LONG,2026-02-20 11:30:00+05:30,2026-02-20 18:30:00+05:30,83.56,6977.44,82.73,86.07,82.69,6904.21,STOP_LOSS,0.01,26.88,0.365971,2553.54,-26.8,3.0,-29.8,-29.8,2687.94,2658.14
745,SOL/INR,1h,LONG,2026-02-21 19:30:00+05:30,2026-02-22 00:30:00+05:30,85.67,7153.63,84.82,88.24,86.56,7227.93,INTRADAY_SQUAREOFF,0.01,26.58,0.353,2525.23,26.23,3.0,23.23,23.23,2658.14,2681.37
746,SOL/INR,1h,SHORT,2026-02-23 02:30:00+05:30,2026-02-23 06:30:00+05:30,83.01,6931.23,83.84,80.52,80.56,6726.65,TARGET_HIT,0.01,26.81,0.367511,2547.3,75.18,2.96,72.22,72.22,2681.37,2753.59
747,SOL/INR,1h,SHORT,2026-02-23 10:30:00+05:30,2026-02-23 12:30:00+05:30,77.25,6450.19,78.02,74.93,78.06,6517.94,STOP_LOSS,0.01,27.54,0.405557,2615.91,-27.48,3.1,-30.58,-30.58,2753.59,2723.01
748,SOL/INR,1h,SHORT,2026-02-23 14:30:00+05:30,2026-02-23 16:30:00+05:30,78.61,6563.66,79.39,76.25,79.43,6632.61,STOP_LOSS,0.01,27.23,0.394119,2586.86,-27.17,3.07,-30.24,-30.24,2723.01,2692.77
749,SOL/INR,1h,SHORT,2026-02-24 05:30:00+05:30,2026-02-25 00:30:00+05:30,77.66,6484.31,78.43,75.33,78.25,6533.46,INTRADAY_SQUAREOFF,0.01,26.93,0.394511,2558.13,-19.39,3.03,-22.42,-22.42,2692.77,2670.35
750,SOL/INR,1h,LONG,2026-02-25 07:30:00+05:30,2026-02-25 09:30:00+05:30,82.33,6874.26,81.5,84.8,81.46,6802.11,STOP_LOSS,0.01,26.7,0.369034,2536.83,-26.62,2.98,-29.6,-29.6,2670.35,2640.75
751,SOL/INR,1h,LONG,2026-02-25 13:30:00+05:30,2026-02-25 19:30:00+05:30,82.35,6876.34,81.53,84.82,84.78,7079.09,TARGET_HIT,0.01,26.41,0.364832,2508.71,73.97,3.0,70.97,70.97,2640.75,2711.71
752,SOL/INR,1h,LONG,2026-02-26 10:30:00+05:30,2026-02-26 12:30:00+05:30,88.93,7425.78,88.04,91.6,88.0,7347.84,STOP_LOSS,0.01,27.12,0.346917,2576.13,-27.04,3.02,-30.06,-30.06,2711.71,2681.65
753,SOL/INR,1h,LONG,2026-02-26 15:30:00+05:30,2026-02-26 17:30:00+05:30,88.43,7383.59,87.54,91.08,87.5,7306.1,STOP_LOSS,0.01,26.82,0.345031,2547.57,-26.74,2.99,-29.73,-29.73,2681.65,2651.92
754,SOL/INR,1h,SHORT,2026-02-27 11:30:00+05:30,2026-02-27 15:30:00+05:30,87.49,7305.39,88.36,84.87,84.91,7089.77,TARGET_HIT,0.01,26.52,0.344859,2519.33,74.36,2.93,71.43,71.43,2651.92,2723.35
755,SOL/INR,1h,SHORT,2026-02-27 22:30:00+05:30,2026-02-28 00:30:00+05:30,81.45,6801.32,82.27,79.01,81.53,6807.42,INTRADAY_SQUAREOFF,0.01,27.23,0.380395,2587.19,-2.32,3.05,-5.37,-5.37,2723.35,2717.98
756,SOL/INR,1h,SHORT,2026-02-28 03:30:00+05:30,2026-02-28 05:30:00+05:30,81.08,6770.38,81.89,78.65,81.93,6841.5,STOP_LOSS,0.01,27.18,0.381379,2582.08,-27.12,3.06,-30.19,-30.19,2717.98,2687.79
757,SOL/INR,1h,SHORT,2026-02-28 09:30:00+05:30,2026-02-28 11:30:00+05:30,81.61,6814.02,82.42,79.16,79.2,6612.9,TARGET_HIT,0.01,26.88,0.374728,2553.4,75.36,2.97,72.4,72.4,2687.79,2760.19
758,SOL/INR,1h,LONG,2026-03-01 02:30:00+05:30,2026-03-01 07:30:00+05:30,84.89,7088.0,84.04,87.43,87.39,7296.99,TARGET_HIT,0.01,27.6,0.369946,2622.18,77.31,3.14,74.18,74.18,2760.19,2834.36
759,SOL/INR,1h,LONG,2026-03-01 19:30:00+05:30,2026-03-01 21:30:00+05:30,86.64,7234.51,85.77,89.24,85.73,7158.58,STOP_LOSS,0.01,28.34,0.372195,2692.65,-28.26,3.16,-31.42,-31.42,2834.36,2802.94
760,SOL/INR,1h,SHORT,2026-03-02 12:30:00+05:30,2026-03-02 14:30:00+05:30,83.05,6934.97,83.88,80.56,83.93,7007.83,STOP_LOSS,0.01,28.03,0.383966,2662.8,-27.97,3.16,-31.13,-31.13,2802.94,2771.81
761,SOL/INR,1h,SHORT,2026-03-02 19:30:00+05:30,2026-03-02 21:30:00+05:30,82.93,6924.72,83.76,80.44,83.8,6997.46,STOP_LOSS,0.01,27.72,0.380264,2633.22,-27.66,3.12,-30.79,-30.79,2771.81,2741.03
762,SOL/INR,1h,LONG,2026-03-03 02:30:00+05:30,2026-03-03 04:30:00+05:30,87.95,7343.85,87.07,90.59,87.03,7266.78,STOP_LOSS,0.01,27.41,0.354579,2603.98,-27.33,3.06,-30.39,-30.39,2741.03,2710.64
763,SOL/INR,1h,SHORT,2026-03-03 16:30:00+05:30,2026-03-03 20:30:00+05:30,83.79,6996.22,84.62,81.27,84.67,7069.72,STOP_LOSS,0.01,27.11,0.368072,2575.11,-27.05,3.05,-30.11,-30.11,2710.64,2680.54
764,SOL/INR,1h,LONG,2026-03-04 11:30:00+05:30,2026-03-04 13:30:00+05:30,85.86,7169.37,85.0,88.44,88.39,7380.76,TARGET_HIT,0.01,26.81,0.355193,2546.51,75.08,3.05,72.03,72.03,2680.54,2752.57
765,SOL/INR,1h,LONG,2026-03-04 19:30:00+05:30,2026-03-04 21:30:00+05:30,90.05,7518.82,89.15,92.75,92.7,7740.51,TARGET_HIT,0.01,27.53,0.347786,2614.94,77.1,3.13,73.97,73.97,2752.57,2826.54
766,SOL/INR,1h,LONG,2026-03-05 01:30:00+05:30,2026-03-05 03:30:00+05:30,93.85,7836.72,92.91,96.67,92.87,7754.47,STOP_LOSS,0.01,28.27,0.342645,2685.21,-28.18,3.15,-31.33,-31.33,2826.54,2795.21
767,SOL/INR,1h,LONG,2026-03-05 12:30:00+05:30,2026-03-05 19:30:00+05:30,90.93,7592.59,90.02,93.66,89.97,7512.9,STOP_LOSS,0.01,27.95,0.349742,2655.45,-27.87,3.12,-30.99,-30.99,2795.21,2764.22
768,SOL/INR,1h,SHORT,2026-03-06 05:30:00+05:30,2026-03-06 18:30:00+05:30,88.65,7402.2,89.54,85.99,86.03,7183.73,TARGET_HIT,0.01,27.64,0.354761,2626.01,77.51,3.05,74.45,74.45,2764.22,2838.68
769,SOL/INR,1h,SHORT,2026-03-06 22:30:00+05:30,2026-03-07 00:30:00+05:30,84.25,7034.86,85.09,81.72,85.13,7108.76,STOP_LOSS,0.01,28.39,0.38334,2696.74,-28.33,3.2,-31.53,-31.53,2838.68,2807.15
770,SOL/INR,1h,SHORT,2026-03-07 09:30:00+05:30,2026-03-08 00:30:00+05:30,84.4,7047.16,85.24,81.87,83.44,6967.34,INTRADAY_SQUAREOFF,0.01,28.07,0.378421,2666.79,30.21,3.13,27.08,27.08,2807.15,2834.22
771,SOL/INR,1h,SHORT,2026-03-08 08:30:00+05:30,2026-03-08 14:30:00+05:30,82.37,6877.66,83.19,79.9,83.23,6949.91,STOP_LOSS,0.01,28.34,0.391486,2692.51,-28.28,3.19,-31.48,-31.48,2834.22,2802.75
772,SOL/INR,1h,SHORT,2026-03-08 22:30:00+05:30,2026-03-09 00:30:00+05:30,81.45,6801.18,82.27,79.01,82.31,6872.63,STOP_LOSS,0.01,28.03,0.391492,2662.61,-27.97,3.16,-31.13,-31.13,2802.75,2771.62
773,SOL/INR,1h,SHORT,2026-03-09 05:30:00+05:30,2026-03-09 07:30:00+05:30,81.58,6812.24,82.4,79.14,82.44,6883.81,STOP_LOSS,0.01,27.72,0.386515,2633.04,-27.66,3.12,-30.78,-30.78,2771.62,2740.83
774,SOL/INR,1h,LONG,2026-03-09 19:30:00+05:30,2026-03-09 21:30:00+05:30,85.65,7152.15,84.8,88.22,84.76,7077.09,STOP_LOSS,0.01,27.41,0.364057,2603.79,-27.33,3.06,-30.38,-30.38,2740.83,2710.45
775,SOL/INR,1h,LONG,2026-03-10 08:30:00+05:30,2026-03-10 19:30:00+05:30,86.76,7244.67,85.89,89.37,85.85,7168.63,STOP_LOSS,0.01,27.1,0.355424,2574.93,-27.02,3.02,-30.05,-30.05,2710.45,2680.4
776,SOL/INR,1h,LONG,2026-03-13 01:30:00+05:30,2026-03-13 05:30:00+05:30,86.9,7255.92,86.03,89.5,89.46,7469.86,TARGET_HIT,0.01,26.8,0.350939,2546.38,75.08,3.05,72.03,72.03,2680.4,2752.43
777,SOL/INR,1h,LONG,2026-03-13 15:30:00+05:30,2026-03-13 19:30:00+05:30,89.62,7483.67,88.73,92.31,92.27,7704.33,TARGET_HIT,0.01,27.52,0.349402,2614.81,77.1,3.13,73.97,73.97,2752.43,2826.4
778,SOL/INR,1h,SHORT,2026-03-14 04:30:00+05:30,2026-03-14 09:30:00+05:30,87.78,7329.59,88.66,85.15,88.7,7406.59,STOP_LOSS,0.01,28.26,0.366334,2685.08,-28.21,3.19,-31.39,-31.39,2826.4,2795.01
779,SOL/INR,1h,SHORT,2026-03-14 14:30:00+05:30,2026-03-15 00:30:00+05:30,87.12,7274.61,87.99,84.51,87.09,7271.61,INTRADAY_SQUAREOFF,0.01,27.95,0.365004,2655.26,1.09,3.13,-2.04,-2.04,2795.01,2792.97
780,SOL/INR,1h,LONG,2026-03-15 08:30:00+05:30,2026-03-15 18:30:00+05:30,88.52,7391.07,87.63,91.17,87.59,7313.5,STOP_LOSS,0.01,27.93,0.35899,2653.32,-27.85,3.11,-30.96,-30.96,2792.97,2762.01
781,SOL/INR,1h,LONG,2026-03-15 23:30:00+05:30,2026-03-16 01:30:00+05:30,88.74,7410.16,87.86,91.41,88.14,7359.81,INTRADAY_SQUAREOFF,0.01,27.62,0.354096,2623.91,-17.83,3.09,-20.92,-20.92,2762.01,2741.09
782,SOL/INR,1h,LONG,2026-03-16 09:30:00+05:30,2026-03-16 19:30:00+05:30,93.7,7823.88,92.76,96.51,92.72,7741.77,STOP_LOSS,0.01,27.41,0.332832,2604.04,-27.33,3.06,-30.39,-30.39,2741.09,2710.7
783,SOL/INR,1h,SHORT,2026-03-19 04:30:00+05:30,2026-03-19 08:30:00+05:30,89.95,7510.45,90.85,87.25,90.89,7589.35,STOP_LOSS,0.01,27.11,0.342878,2575.17,-27.05,3.05,-30.11,-30.11,2710.7,2680.6
784,SOL/INR,1h,SHORT,2026-03-19 10:30:00+05:30,2026-03-20 00:30:00+05:30,89.79,7497.54,90.69,87.1,88.11,7357.28,INTRADAY_SQUAREOFF,0.01,26.81,0.339654,2546.57,47.64,2.98,44.67,44.67,2680.6,2725.26
785,SOL/INR,1h,SHORT,2026-03-20 04:30:00+05:30,2026-03-20 06:30:00+05:30,88.49,7389.21,89.38,85.84,89.42,7466.84,STOP_LOSS,0.01,27.25,0.350376,2589.0,-27.2,3.07,-30.27,-30.27,2725.26,2695.0
786,SOL/INR,1h,SHORT,2026-03-20 12:30:00+05:30,2026-03-21 00:30:00+05:30,88.99,7430.61,89.88,86.32,88.57,7395.22,INTRADAY_SQUAREOFF,0.01,26.95,0.344554,2560.25,12.2,3.01,9.18,9.18,2695.0,2704.18
787,SOL/INR,1h,SHORT,2026-03-23 12:30:00+05:30,2026-03-23 16:30:00+05:30,85.58,7145.74,86.43,83.01,86.48,7220.8,STOP_LOSS,0.01,27.04,0.359511,2568.97,-26.99,3.05,-30.03,-30.03,2704.18,2674.14
788,SOL/INR,1h,LONG,2026-03-24 02:30:00+05:30,2026-03-24 04:30:00+05:30,91.98,7680.73,91.06,94.74,91.02,7600.12,STOP_LOSS,0.01,26.74,0.330755,2540.44,-26.66,2.98,-29.64,-29.64,2674.14,2644.5
789,SOL/INR,1h,LONG,2026-03-24 12:30:00+05:30,2026-03-24 19:30:00+05:30,90.48,7554.84,89.57,93.19,89.53,7475.55,STOP_LOSS,0.01,26.44,0.332538,2512.27,-26.37,2.95,-29.32,-29.32,2644.5,2615.18
790,SOL/INR,1h,SHORT,2026-03-24 22:30:00+05:30,2026-03-25 00:30:00+05:30,89.17,7445.36,90.06,86.49,89.03,7434.32,INTRADAY_SQUAREOFF,0.01,26.15,0.333687,2484.42,3.69,2.93,0.76,0.76,2615.18,2615.94
791,SOL/INR,1h,LONG,2026-03-25 16:30:00+05:30,2026-03-25 20:30:00+05:30,92.66,7736.91,91.73,95.44,91.69,7655.71,STOP_LOSS,0.01,26.16,0.321206,2485.14,-26.08,2.92,-29.0,-29.0,2615.94,2586.94
792,SOL/INR,1h,SHORT,2026-03-26 11:30:00+05:30,2026-03-26 23:30:00+05:30,89.13,7442.76,90.03,86.46,86.5,7223.09,TARGET_HIT,0.01,25.87,0.330199,2457.59,72.54,2.86,69.68,69.68,2586.94,2656.62
793,SOL/INR,1h,SHORT,2026-03-27 09:30:00+05:30,2026-03-27 15:30:00+05:30,86.33,7208.84,87.2,83.74,83.79,6996.08,TARGET_HIT,0.01,26.57,0.350096,2523.79,74.49,2.93,71.56,71.56,2656.62,2728.18
794,SOL/INR,1h,SHORT,2026-03-27 19:30:00+05:30,2026-03-28 00:30:00+05:30,82.72,6907.43,83.55,80.24,82.37,6878.13,INTRADAY_SQUAREOFF,0.01,27.28,0.375214,2591.77,10.99,3.05,7.94,7.94,2728.18,2736.12
795,SOL/INR,1h,SHORT,2026-03-28 08:30:00+05:30,2026-03-28 12:30:00+05:30,82.4,6880.37,83.22,79.93,83.27,6952.65,STOP_LOSS,0.01,27.36,0.377786,2599.31,-27.31,3.08,-30.39,-30.39,2736.12,2705.73
796,SOL/INR,1h,SHORT,2026-03-29 19:30:00+05:30,2026-03-30 00:30:00+05:30,81.78,6828.83,82.6,79.33,81.79,6829.36,INTRADAY_SQUAREOFF,0.01,27.06,0.37641,2570.44,-0.2,3.03,-3.23,-3.23,2705.73,2702.49
797,SOL/INR,1h,LONG,2026-03-30 10:30:00+05:30,2026-03-30 23:30:00+05:30,83.7,6989.08,82.86,86.21,82.82,6915.73,STOP_LOSS,0.01,27.02,0.36734,2567.37,-26.94,3.01,-29.96,-29.96,2702.49,2672.54
798,SOL/INR,1h,SHORT,2026-03-31 10:30:00+05:30,2026-03-31 14:30:00+05:30,83.27,6952.63,84.1,80.77,80.81,6747.42,TARGET_HIT,0.01,26.73,0.365173,2538.91,74.94,2.95,71.98,71.98,2672.54,2744.52
799,SOL/INR,1h,SHORT,2026-03-31 20:30:00+05:30,2026-03-31 22:30:00+05:30,80.5,6721.62,81.3,78.08,81.34,6792.24,STOP_LOSS,0.01,27.45,0.387897,2607.3,-27.39,3.09,-30.48,-30.48,2744.52,2714.04
800,SOL/INR,1h,SHORT,2026-04-02 07:30:00+05:30,2026-04-03 00:30:00+05:30,79.11,6605.87,79.9,76.74,79.13,6607.27,INTRADAY_SQUAREOFF,0.01,27.14,0.39031,2578.34,-0.55,3.04,-3.59,-3.59,2714.04,2710.45
801,SOL/INR,1h,LONG,2026-04-03 21:30:00+05:30,2026-04-04 00:30:00+05:30,80.54,6724.77,79.73,82.95,80.09,6687.89,INTRADAY_SQUAREOFF,0.01,27.1,0.382902,2574.92,-14.12,3.03,-17.15,-17.15,2710.45,2693.3
802,SOL/INR,1h,LONG,2026-04-04 12:30:00+05:30,2026-04-05 00:30:00+05:30,80.51,6722.83,79.71,82.93,80.85,6750.99,INTRADAY_SQUAREOFF,0.01,26.93,0.380588,2558.63,10.72,3.03,7.69,7.69,2693.3,2700.99
803,SOL/INR,1h,LONG,2026-04-05 03:30:00+05:30,2026-04-05 10:30:00+05:30,81.01,6764.14,80.2,83.44,80.16,6693.15,STOP_LOSS,0.01,27.01,0.379344,2565.94,-26.93,3.01,-29.94,-29.94,2700.99,2671.05
804,SOL/INR,1h,SHORT,2026-04-05 18:30:00+05:30,2026-04-05 20:30:00+05:30,78.84,6583.38,79.63,76.48,79.67,6652.54,STOP_LOSS,0.01,26.71,0.385439,2537.5,-26.66,3.01,-29.67,-29.67,2671.05,2641.38
805,SOL/INR,1h,SHORT,2026-04-06 01:30:00+05:30,2026-04-06 03:30:00+05:30,79.57,6644.1,80.37,77.18,80.41,6713.9,STOP_LOSS,0.01,26.41,0.377675,2509.31,-26.36,2.98,-29.34,-29.34,2641.38,2612.04
806,SOL/INR,1h,LONG,2026-04-06 08:30:00+05:30,2026-04-06 11:30:00+05:30,82.7,6905.29,81.87,85.18,81.83,6832.82,STOP_LOSS,0.01,26.12,0.359354,2481.44,-26.04,2.91,-28.96,-28.96,2612.04,2583.09
807,SOL/INR,1h,SHORT,2026-04-07 11:30:00+05:30,2026-04-07 14:30:00+05:30,79.47,6635.77,80.27,77.09,80.31,6705.48,STOP_LOSS,0.01,25.83,0.369804,2453.93,-25.78,2.91,-28.69,-28.69,2583.09,2554.4
808,SOL/INR,1h,SHORT,2026-04-07 16:30:00+05:30,2026-04-07 22:30:00+05:30,79.33,6624.3,80.13,76.95,80.17,6693.89,STOP_LOSS,0.01,25.54,0.36633,2426.68,-25.49,2.88,-28.37,-28.37,2554.4,2526.03
809,SOL/INR,1h,LONG,2026-04-08 14:30:00+05:30,2026-04-08 19:30:00+05:30,84.88,7087.6,84.03,87.43,83.99,7013.22,STOP_LOSS,0.01,25.26,0.338581,2399.73,-25.19,2.82,-28.0,-28.0,2526.03,2498.03
810,SOL/INR,1h,SHORT,2026-04-09 00:30:00+05:30,2026-04-09 20:30:00+05:30,82.85,6918.31,83.68,80.37,83.72,6990.99,STOP_LOSS,0.01,24.98,0.343021,2373.13,-24.93,2.81,-27.74,-27.74,2498.03,2470.28
811,SOL/INR,1h,LONG,2026-04-09 23:30:00+05:30,2026-04-10 01:30:00+05:30,84.6,7064.26,83.76,87.14,84.01,7014.47,INTRADAY_SQUAREOFF,0.01,24.7,0.332203,2346.77,-16.54,2.76,-19.3,-19.3,2470.28,2450.99
812,SOL/INR,1h,LONG,2026-04-10 10:30:00+05:30,2026-04-11 00:30:00+05:30,83.42,6965.9,82.59,85.93,85.19,7113.25,INTRADAY_SQUAREOFF,0.01,24.51,0.334262,2328.44,49.25,2.78,46.47,46.47,2450.99,2497.46
813,SOL/INR,1h,LONG,2026-04-11 21:30:00+05:30,2026-04-12 00:30:00+05:30,84.8,7080.75,83.95,87.34,85.4,7131.02,INTRADAY_SQUAREOFF,0.01,24.97,0.335076,2372.59,16.85,2.81,14.04,14.04,2497.46,2511.5
814,SOL/INR,1h,SHORT,2026-04-12 15:30:00+05:30,2026-04-13 00:30:00+05:30,82.2,6863.34,83.02,79.73,82.23,6866.0,INTRADAY_SQUAREOFF,0.01,25.11,0.347633,2385.92,-0.92,2.82,-3.74,-3.74,2511.5,2507.76
815,SOL/INR,1h,SHORT,2026-04-13 08:30:00+05:30,2026-04-13 18:30:00+05:30,81.91,6839.7,82.73,79.46,82.77,6911.55,STOP_LOSS,0.01,25.08,0.348315,2382.37,-25.03,2.83,-27.85,-27.85,2507.76,2479.9
816,SOL/INR,1h,LONG,2026-04-14 01:30:00+05:30,2026-04-14 18:30:00+05:30,84.26,7035.84,83.42,86.79,86.75,7243.29,TARGET_HIT,0.01,24.8,0.334844,2355.91,69.46,2.82,66.64,66.64,2479.9,2546.55
817,SOL/INR,1h,SHORT,2026-04-15 11:30:00+05:30,2026-04-15 17:30:00+05:30,82.96,6927.03,83.79,80.47,83.83,6999.8,STOP_LOSS,0.01,25.47,0.349243,2419.22,-25.41,2.87,-28.28,-28.28,2546.55,2518.26
818,SOL/INR,1h,LONG,2026-04-16 21:30:00+05:30,2026-04-17 00:30:00+05:30,87.11,7273.98,86.24,89.73,89.68,7488.45,TARGET_HIT,0.01,25.18,0.328892,2392.35,70.54,2.86,67.67,67.67,2518.26,2585.94
819,SOL/INR,1h,LONG,2026-04-17 12:30:00+05:30,2026-04-18 00:30:00+05:30,88.16,7361.7,87.28,90.81,89.19,7446.98,INTRADAY_SQUAREOFF,0.01,25.86,0.333706,2456.64,28.46,2.92,25.54,25.54,2585.94,2611.48
820,SOL/INR,1h,SHORT,2026-04-19 00:30:00+05:30,2026-04-19 18:30:00+05:30,85.81,7164.89,86.67,83.23,86.71,7240.16,STOP_LOSS,0.01,26.11,0.346259,2480.91,-26.06,2.94,-29.0,-29.0,2611.48,2582.48
821,SOL/INR,1h,SHORT,2026-04-20 11:30:00+05:30,2026-04-20 13:30:00+05:30,83.76,6993.8,84.6,81.25,84.64,7067.27,STOP_LOSS,0.01,25.82,0.35079,2453.35,-25.77,2.91,-28.68,-28.68,2582.48,2553.79
822,SOL/INR,1h,SHORT,2026-04-20 20:30:00+05:30,2026-04-20 22:30:00+05:30,84.57,7061.4,85.41,82.03,85.46,7135.58,STOP_LOSS,0.01,25.54,0.343573,2426.1,-25.49,2.88,-28.36,-28.36,2553.79,2525.43
823,SOL/INR,1h,LONG,2026-04-22 11:30:00+05:30,2026-04-23 00:30:00+05:30,88.36,7378.41,87.48,91.02,87.44,7300.97,STOP_LOSS,0.01,25.25,0.325159,2399.16,-25.18,2.82,-28.0,-28.0,2525.43,2497.43
824,SOL/INR,1h,LONG,2026-04-23 03:30:00+05:30,2026-04-23 05:30:00+05:30,87.72,7324.94,86.85,90.36,86.8,7248.07,STOP_LOSS,0.01,24.97,0.323902,2372.56,-24.9,2.78,-27.68,-27.68,2497.43,2469.75
825,SOL/INR,1h,SHORT,2026-04-24 00:30:00+05:30,2026-04-24 03:30:00+05:30,85.22,7115.65,86.07,82.66,86.11,7190.4,STOP_LOSS,0.01,24.7,0.329733,2346.26,-24.65,2.78,-27.43,-27.43,2469.75,2442.32
826,SOL/INR,1h,SHORT,2026-04-24 08:30:00+05:30,2026-04-24 17:30:00+05:30,85.78,7162.39,86.63,83.2,86.68,7237.63,STOP_LOSS,0.01,24.42,0.323943,2320.2,-24.37,2.75,-27.13,-27.13,2442.32,2415.19
827,SOL/INR,1h,SHORT,2026-04-26 07:30:00+05:30,2026-04-26 23:30:00+05:30,85.95,7176.57,86.81,83.37,86.85,7251.96,STOP_LOSS,0.01,24.15,0.319711,2294.43,-24.1,2.72,-26.82,-26.82,2415.19,2388.37
828,SOL/INR,1h,SHORT,2026-04-28 07:30:00+05:30,2026-04-29 00:30:00+05:30,84.34,7042.21,85.18,81.81,83.83,6999.96,INTRADAY_SQUAREOFF,0.01,23.88,0.322193,2268.95,13.61,2.67,10.94,10.94,2388.37,2399.31
829,SOL/INR,1h,SHORT,2026-04-30 08:30:00+05:30,2026-04-30 14:30:00+05:30,82.62,6898.66,83.44,80.14,83.49,6971.13,STOP_LOSS,0.01,23.99,0.330404,2279.34,-23.94,2.7,-26.65,-26.65,2399.31,2372.66
830,SOL/INR,1h,SHORT,2026-04-30 22:30:00+05:30,2026-05-01 00:30:00+05:30,82.88,6920.36,83.71,80.39,83.05,6934.8,INTRADAY_SQUAREOFF,0.01,23.73,0.32571,2254.03,-4.7,2.66,-7.37,-7.37,2372.66,2365.29
831,SOL/INR,1h,SHORT,2026-05-01 03:30:00+05:30,2026-05-01 06:30:00+05:30,82.79,6912.85,83.62,80.3,83.66,6985.47,STOP_LOSS,0.01,23.65,0.325051,2247.03,-23.61,2.67,-26.27,-26.27,2365.29,2339.02
832,SOL/INR,1h,LONG,2026-05-04 07:30:00+05:30,2026-05-04 15:30:00+05:30,84.93,7091.86,84.08,87.48,84.04,7017.43,STOP_LOSS,0.01,23.39,0.313327,2222.07,-23.32,2.61,-25.93,-25.93,2339.02,2313.1
833,SOL/INR,1h,LONG,2026-05-04 20:30:00+05:30,2026-05-04 22:30:00+05:30,85.36,7127.78,84.51,87.92,84.47,7052.98,STOP_LOSS,0.01,23.13,0.308292,2197.44,-23.06,2.58,-25.64,-25.64,2313.1,2287.45
834,SOL/INR,1h,LONG,2026-05-05 06:30:00+05:30,2026-05-06 05:30:00+05:30,84.39,7046.75,83.55,86.92,86.21,7198.27,INTRADAY_SQUAREOFF,0.01,22.87,0.308381,2173.08,46.73,2.59,44.14,44.14,2287.45,2331.59
835,SOL/INR,1h,LONG,2026-05-06 12:30:00+05:30,2026-05-07 00:30:00+05:30,87.57,7312.41,86.7,90.2,88.97,7428.62,INTRADAY_SQUAREOFF,0.01,23.32,0.302911,2215.01,35.2,2.63,32.57,32.57,2331.59,2364.16
836,SOL/INR,1h,LONG,2026-05-07 10:30:00+05:30,2026-05-08 00:30:00+05:30,88.42,7383.42,87.54,91.08,88.51,7390.23,INTRADAY_SQUAREOFF,0.01,23.64,0.304188,2245.95,2.07,2.65,-0.58,-0.58,2364.16,2363.58
837,SOL/INR,1h,LONG,2026-05-08 05:30:00+05:30,2026-05-08 22:30:00+05:30,88.53,7392.61,87.65,91.19,91.14,7610.58,TARGET_HIT,0.01,23.64,0.303735,2245.4,66.21,2.69,63.52,63.52,2363.58,2427.09
838,SOL/INR,1h,LONG,2026-05-09 06:30:00+05:30,2026-05-10 00:30:00+05:30,92.67,7737.64,91.74,95.45,93.33,7793.33,INTRADAY_SQUAREOFF,0.01,24.27,0.29799,2305.74,16.6,2.73,13.87,13.87,2427.09,2440.96
839,SOL/INR,1h,LONG,2026-05-10 09:30:00+05:30,2026-05-10 22:30:00+05:30,93.54,7810.32,92.6,96.34,96.29,8040.61,TARGET_HIT,0.01,24.41,0.296904,2318.91,68.37,2.78,65.6,65.6,2440.96,2506.56
840,SOL/INR,1h,LONG,2026-05-11 11:30:00+05:30,2026-05-11 13:30:00+05:30,95.9,8007.48,94.94,98.77,94.89,7923.44,STOP_LOSS,0.01,25.07,0.297376,2381.23,-24.99,2.8,-27.79,-27.79,2506.56,2478.77
841,SOL/INR,1h,LONG,2026-05-11 21:30:00+05:30,2026-05-12 00:30:00+05:30,96.85,8086.84,95.88,99.75,97.25,8120.49,INTRADAY_SQUAREOFF,0.01,24.79,0.291193,2354.83,9.8,2.78,7.01,7.01,2478.77,2485.78
842,SOL/INR,1h,SHORT,2026-05-14 08:30:00+05:30,2026-05-14 10:30:00+05:30,90.39,7547.96,91.3,87.68,91.34,7627.26,STOP_LOSS,0.01,24.86,0.312865,2361.49,-24.81,2.8,-27.61,-27.61,2485.78,2458.17
843,SOL/INR,1h,SHORT,2026-05-14 13:30:00+05:30,2026-05-14 19:30:00+05:30,90.61,7566.33,91.52,87.9,91.57,7645.81,STOP_LOSS,0.01,24.58,0.308639,2335.27,-24.53,2.77,-27.3,-27.3,2458.17,2430.87
844,SOL/INR,1h,LONG,2026-05-15 13:30:00+05:30,2026-05-15 17:30:00+05:30,91.75,7660.78,90.83,94.5,90.78,7580.38,STOP_LOSS,0.01,24.31,0.301448,2309.33,-24.24,2.71,-26.95,-26.95,2430.87,2403.92
845,SOL/INR,1h,SHORT,2026-05-16 01:30:00+05:30,2026-05-16 14:30:00+05:30,89.28,7454.49,90.17,86.6,86.64,7234.47,TARGET_HIT,0.01,24.04,0.306356,2283.73,67.4,2.66,64.75,64.75,2403.92,2468.67
846,SOL/INR,1h,SHORT,2026-05-17 06:30:00+05:30,2026-05-17 09:30:00+05:30,85.89,7171.57,86.75,83.31,86.79,7246.9,STOP_LOSS,0.01,24.69,0.327019,2345.24,-24.64,2.78,-27.42,-27.42,2468.67,2441.26
847,SOL/INR,1h,SHORT,2026-05-17 18:30:00+05:30,2026-05-18 00:30:00+05:30,86.64,7234.16,87.5,84.04,86.43,7217.17,INTRADAY_SQUAREOFF,0.01,24.41,0.320589,2319.19,5.45,2.73,2.71,2.71,2441.26,2443.97
848,SOL/INR,1h,SHORT,2026-05-18 04:30:00+05:30,2026-05-19 00:30:00+05:30,85.94,7175.74,86.8,83.36,83.48,6970.72,INTRADAY_SQUAREOFF,0.01,24.44,0.323558,2321.77,66.33,2.7,63.63,63.63,2443.97,2507.6
849,SOL/INR,1h,SHORT,2026-05-19 07:30:00+05:30,2026-05-20 00:30:00+05:30,84.79,7079.76,85.64,82.24,84.37,7045.08,INTRADAY_SQUAREOFF,0.01,25.08,0.336483,2382.22,11.67,2.8,8.87,8.87,2507.6,2516.47
850,SOL/INR,1h,SHORT,2026-05-20 04:30:00+05:30,2026-05-20 10:30:00+05:30,83.91,7006.32,84.75,81.39,84.79,7079.92,STOP_LOSS,0.01,25.16,0.341213,2390.65,-25.11,2.84,-27.95,-27.95,2516.47,2488.52
851,SOL/INR,1h,LONG,2026-05-21 13:30:00+05:30,2026-05-21 15:30:00+05:30,86.69,7238.89,85.83,89.29,85.78,7162.92,STOP_LOSS,0.01,24.89,0.326582,2364.09,-24.81,2.77,-27.59,-27.59,2488.52,2460.93
852,SOL/INR,1h,LONG,2026-05-21 19:30:00+05:30,2026-05-22 00:30:00+05:30,86.07,7187.1,85.21,88.66,86.95,7260.03,INTRADAY_SQUAREOFF,0.01,24.61,0.32529,2337.89,23.73,2.77,20.95,20.95,2460.93,2481.89
853,SOL/INR,1h,LONG,2026-05-22 17:30:00+05:30,2026-05-22 19:30:00+05:30,87.29,7289.02,86.42,89.91,86.38,7212.52,STOP_LOSS,0.01,24.82,0.323472,2357.79,-24.75,2.77,-27.51,-27.51,2481.89,2454.37
854,SOL/INR,1h,SHORT,2026-05-23 10:30:00+05:30,2026-05-23 12:30:00+05:30,84.21,7031.36,85.05,81.68,81.72,6823.83,TARGET_HIT,0.01,24.54,0.331608,2331.66,68.82,2.71,66.11,66.11,2454.37,2520.48
855,SOL/INR,1h,LONG,2026-05-24 11:30:00+05:30,2026-05-24 19:30:00+05:30,86.1,7189.6,85.24,88.69,85.2,7114.15,STOP_LOSS,0.01,25.2,0.333045,2394.46,-25.13,2.81,-27.94,-27.94,2520.48,2492.54
856,SOL/INR,1h,SHORT,2026-05-25 07:30:00+05:30,2026-05-25 09:30:00+05:30,84.69,7071.42,85.53,82.15,85.58,7145.7,STOP_LOSS,0.01,24.93,0.334857,2367.92,-24.87,2.81,-27.68,-27.68,2492.54,2464.86
857,SOL/INR,1h,SHORT,2026-05-25 17:30:00+05:30,2026-05-26 00:30:00+05:30,85.6,7147.36,86.45,83.03,85.87,7170.39,INTRADAY_SQUAREOFF,0.01,24.65,0.327619,2341.62,-7.54,2.77,-10.31,-10.31,2464.86,2454.55
858,SOL/INR,1h,SHORT,2026-05-27 09:30:00+05:30,2026-05-27 13:30:00+05:30,83.33,6957.91,84.16,80.83,84.2,7031.01,STOP_LOSS,0.01,24.55,0.335132,2331.82,-24.5,2.77,-27.26,-27.26,2454.55,2427.29
859,SOL/INR,1h,SHORT,2026-05-27 23:30:00+05:30,2026-05-28 01:30:00+05:30,82.98,6928.7,83.81,80.49,83.85,7001.49,STOP_LOSS,0.01,24.27,0.332807,2305.92,-24.22,2.74,-26.96,-26.96,2427.29,2400.33
860,SOL/INR,1h,SHORT,2026-05-28 08:30:00+05:30,2026-05-28 23:30:00+05:30,81.87,6836.07,82.69,79.41,82.73,6907.88,STOP_LOSS,0.01,24.0,0.333571,2280.31,-23.95,2.7,-26.66,-26.66,2400.33,2373.67
861,SOL/INR,1h,SHORT,2026-06-01 07:30:00+05:30,2026-06-01 09:30:00+05:30,81.6,6813.53,82.42,79.15,82.46,6885.11,STOP_LOSS,0.01,23.74,0.330957,2254.98,-23.69,2.67,-26.36,-26.36,2373.67,2347.3
862,SOL/INR,1h,SHORT,2026-06-02 07:30:00+05:30,2026-06-02 09:30:00+05:30,79.93,6674.16,80.73,77.53,80.77,6744.27,STOP_LOSS,0.01,23.47,0.334115,2229.94,-23.43,2.65,-26.07,-26.07,2347.3,2321.23
863,SOL/INR,1h,SHORT,2026-06-02 17:30:00+05:30,2026-06-02 20:30:00+05:30,78.7,6571.5,79.49,76.34,76.38,6377.54,TARGET_HIT,0.01,23.21,0.335566,2205.17,65.09,2.56,62.52,62.52,2321.23,2383.76
864,SOL/INR,1h,SHORT,2026-06-03 04:30:00+05:30,2026-06-03 06:30:00+05:30,73.27,6118.32,74.01,71.08,74.04,6182.6,STOP_LOSS,0.01,23.84,0.370129,2264.57,-23.79,2.69,-26.48,-26.48,2383.76,2357.28
865,SOL/INR,1h,SHORT,2026-06-03 19:30:00+05:30,2026-06-03 21:30:00+05:30,74.26,6200.95,75.01,72.03,72.07,6017.93,TARGET_HIT,0.01,23.57,0.361141,2239.42,66.1,2.6,63.49,63.49,2357.28,2420.77
866,SOL/INR,1h,SHORT,2026-06-04 01:30:00+05:30,2026-06-04 03:30:00+05:30,71.62,5980.62,72.34,69.48,72.38,6043.44,STOP_LOSS,0.01,24.21,0.384531,2299.73,-24.16,2.73,-26.89,-26.89,2420.77,2393.89
867,SOL/INR,1h,SHORT,2026-06-04 13:30:00+05:30,2026-06-04 17:30:00+05:30,69.05,5765.3,69.74,66.97,69.77,5825.86,STOP_LOSS,0.01,23.94,0.394462,2274.19,-23.89,2.7,-26.59,-26.59,2393.89,2367.3
868,SOL/INR,1h,SHORT,2026-06-05 03:30:00+05:30,2026-06-05 05:30:00+05:30,67.56,5640.94,68.23,65.53,68.27,5700.2,STOP_LOSS,0.01,23.67,0.39868,2248.93,-23.63,2.67,-26.29,-26.29,2367.3,2341.01
869,SOL/INR,1h,SHORT,2026-06-05 08:30:00+05:30,2026-06-05 10:30:00+05:30,67.1,5602.55,67.77,65.08,67.8,5661.41,STOP_LOSS,0.01,23.41,0.396954,2223.96,-23.36,2.64,-26.0,-26.0,2341.01,2315.0
870,SOL/INR,1h,SHORT,2026-06-06 00:30:00+05:30,2026-06-06 02:30:00+05:30,62.57,5224.49,63.19,60.69,63.23,5279.37,STOP_LOSS,0.01,23.15,0.420951,2199.25,-23.1,2.61,-25.71,-25.71,2315.0,2289.29
871,SOL/INR,1h,SHORT,2026-06-06 09:30:00+05:30,2026-06-06 11:30:00+05:30,62.58,5225.32,63.2,60.7,63.24,5280.21,STOP_LOSS,0.01,22.89,0.416209,2174.83,-22.85,2.58,-25.43,-25.43,2289.29,2263.87
872,SOL/INR,1h,LONG,2026-06-08 05:30:00+05:30,2026-06-08 09:30:00+05:30,66.57,5558.87,65.91,68.57,65.87,5500.53,STOP_LOSS,0.01,22.64,0.38689,2150.67,-22.57,2.52,-25.1,-25.1,2263.87,2238.77
873,SOL/INR,1h,LONG,2026-06-08 13:30:00+05:30,2026-06-09 00:30:00+05:30,66.2,5527.96,65.54,68.19,67.38,5625.92,INTRADAY_SQUAREOFF,0.01,22.39,0.384741,2126.83,37.69,2.53,35.16,35.16,2238.77,2273.93
874,SOL/INR,1h,SHORT,2026-06-10 03:30:00+05:30,2026-06-10 20:30:00+05:30,64.82,5412.27,65.47,62.87,65.5,5469.12,STOP_LOSS,0.01,22.74,0.399136,2160.23,-22.69,2.56,-25.26,-25.26,2273.93,2248.67
875,SOL/INR,1h,LONG,2026-06-12 08:30:00+05:30,2026-06-12 10:30:00+05:30,67.23,5614.01,66.56,69.25,66.53,5555.09,STOP_LOSS,0.01,22.49,0.38052,2136.24,-22.42,2.51,-24.93,-24.93,2248.67,2223.75
876,SOL/INR,1h,LONG,2026-06-12 14:30:00+05:30,2026-06-13 00:30:00+05:30,66.98,5593.12,66.31,68.99,66.98,5592.54,INTRADAY_SQUAREOFF,0.01,22.24,0.377707,2112.56,-0.22,2.49,-2.71,-2.71,2223.75,2221.03
877,SOL/INR,1h,LONG,2026-06-13 12:30:00+05:30,2026-06-14 00:30:00+05:30,67.21,5612.33,66.54,69.23,68.05,5681.84,INTRADAY_SQUAREOFF,0.01,22.21,0.375954,2109.98,26.13,2.51,23.62,23.62,2221.03,2244.66
878,SOL/INR,1h,LONG,2026-06-14 09:30:00+05:30,2026-06-14 11:30:00+05:30,69.04,5765.22,68.35,71.12,68.32,5704.71,STOP_LOSS,0.01,22.45,0.369878,2132.43,-22.38,2.5,-24.88,-24.88,2244.66,2219.78
879,SOL/INR,1h,LONG,2026-06-15 16:30:00+05:30,2026-06-15 18:30:00+05:30,72.02,6013.34,71.3,74.18,74.14,6190.64,TARGET_HIT,0.01,22.2,0.350685,2108.79,62.18,2.53,59.65,59.65,2219.78,2279.43
880,SOL/INR,1h,LONG,2026-06-16 12:30:00+05:30,2026-06-16 19:30:00+05:30,74.28,6202.14,73.53,76.51,73.5,6137.05,STOP_LOSS,0.01,22.79,0.349147,2165.46,-22.73,2.54,-25.27,-25.27,2279.43,2254.16
881,SOL/INR,1h,SHORT,2026-06-18 09:30:00+05:30,2026-06-18 20:30:00+05:30,71.46,5967.26,72.18,69.32,69.35,5791.14,TARGET_HIT,0.01,22.54,0.358867,2141.45,63.2,2.49,60.72,60.72,2254.16,2314.87
882,SOL/INR,1h,SHORT,2026-06-19 10:30:00+05:30,2026-06-19 18:30:00+05:30,68.11,5686.85,68.79,66.06,68.82,5746.59,STOP_LOSS,0.01,23.15,0.386705,2199.13,-23.1,2.61,-25.71,-25.71,2314.87,2289.16
883,SOL/INR,1h,SHORT,2026-06-19 22:30:00+05:30,2026-06-20 00:30:00+05:30,68.61,5728.57,69.29,66.55,69.03,5764.38,INTRADAY_SQUAREOFF,0.01,22.89,0.379624,2174.71,-13.59,2.57,-16.17,-16.17,2289.16,2273.0
884,SOL/INR,1h,LONG,2026-06-20 16:30:00+05:30,2026-06-20 18:30:00+05:30,71.68,5984.93,70.96,73.83,70.92,5922.12,STOP_LOSS,0.01,22.73,0.360797,2159.35,-22.66,2.53,-25.2,-25.2,2273.0,2247.8
885,SOL/INR,1h,LONG,2026-06-20 20:30:00+05:30,2026-06-20 22:30:00+05:30,72.05,6015.84,71.33,74.21,71.29,5952.71,STOP_LOSS,0.01,22.48,0.354965,2135.41,-22.41,2.51,-24.92,-24.92,2247.8,2222.88
886,SOL/INR,1h,LONG,2026-06-21 01:30:00+05:30,2026-06-21 03:30:00+05:30,71.88,6001.64,71.16,74.03,74.0,6178.6,TARGET_HIT,0.01,22.23,0.35186,2111.74,62.26,2.53,59.74,59.74,2222.88,2282.62
887,SOL/INR,1h,LONG,2026-06-21 08:30:00+05:30,2026-06-22 00:30:00+05:30,73.34,6123.61,72.6,75.54,74.1,6187.59,INTRADAY_SQUAREOFF,0.01,22.83,0.354119,2168.49,22.66,2.57,20.09,20.09,2282.62,2302.7
888,SOL/INR,1h,LONG,2026-06-22 23:30:00+05:30,2026-06-23 01:30:00+05:30,73.29,6119.43,72.55,75.49,72.52,6055.21,STOP_LOSS,0.01,23.03,0.357479,2187.57,-22.96,2.57,-25.53,-25.53,2302.7,2277.18
889,SOL/INR,1h,SHORT,2026-06-23 10:30:00+05:30,2026-06-23 13:30:00+05:30,71.28,5952.24,72.0,69.15,69.18,5776.56,TARGET_HIT,0.01,22.77,0.363446,2163.32,63.85,2.52,61.34,61.34,2277.18,2338.51
890,SOL/INR,1h,SHORT,2026-06-23 23:30:00+05:30,2026-06-24 01:30:00+05:30,68.53,5721.9,69.21,66.47,68.82,5746.84,INTRADAY_SQUAREOFF,0.01,23.39,0.388261,2221.59,-9.68,2.63,-12.31,-12.31,2338.51,2326.2
891,SOL/INR,1h,SHORT,2026-06-24 08:30:00+05:30,2026-06-24 10:30:00+05:30,69.31,5786.99,70.0,67.23,70.03,5847.79,STOP_LOSS,0.01,23.26,0.381872,2209.89,-23.21,2.62,-25.84,-25.84,2326.2,2300.37
892,SOL/INR,1h,SHORT,2026-06-24 13:30:00+05:30,2026-06-24 16:30:00+05:30,69.15,5773.64,69.84,67.07,69.87,5834.29,STOP_LOSS,0.01,23.0,0.378504,2185.35,-22.96,2.59,-25.55,-25.55,2300.37,2274.82
893,SOL/INR,1h,SHORT,2026-06-25 06:30:00+05:30,2026-06-25 09:30:00+05:30,67.47,5633.43,68.14,65.44,68.17,5692.61,STOP_LOSS,0.01,22.75,0.383616,2161.08,-22.7,2.56,-25.27,-25.27,2274.82,2249.55
894,SOL/INR,1h,SHORT,2026-06-26 08:30:00+05:30,2026-06-26 10:30:00+05:30,65.82,5495.73,66.48,63.84,66.51,5553.46,STOP_LOSS,0.01,22.5,0.388861,2137.07,-22.45,2.53,-24.98,-24.98,2249.55,2224.57
895,SOL/INR,1h,LONG,2026-06-26 19:30:00+05:30,2026-06-26 21:30:00+05:30,70.83,5913.92,70.12,72.95,72.91,6088.29,TARGET_HIT,0.01,22.25,0.35735,2113.34,62.31,2.53,59.78,59.78,2224.57,2284.35
896,SOL/INR,1h,LONG,2026-06-27 08:30:00+05:30,2026-06-27 10:30:00+05:30,72.18,6026.7,71.45,74.34,71.42,5963.45,STOP_LOSS,0.01,22.84,0.360086,2170.13,-22.78,2.55,-25.32,-25.32,2284.35,2259.03
897,SOL/INR,1h,LONG,2026-06-27 13:30:00+05:30,2026-06-27 16:30:00+05:30,72.28,6035.06,71.55,74.44,71.52,5971.72,STOP_LOSS,0.01,22.59,0.355601,2146.07,-22.52,2.52,-25.04,-25.04,2259.03,2233.98
898,SOL/INR,1h,LONG,2026-06-27 18:30:00+05:30,2026-06-28 00:30:00+05:30,72.11,6020.85,71.38,74.27,71.35,5957.67,STOP_LOSS,0.01,22.34,0.352489,2122.28,-22.27,2.49,-24.76,-24.76,2233.98,2209.22
899,SOL/INR,1h,LONG,2026-06-29 20:30:00+05:30,2026-06-29 22:30:00+05:30,73.78,6160.37,73.04,75.99,75.95,6342.01,TARGET_HIT,0.01,22.09,0.340687,2098.76,61.88,2.51,59.37,59.37,2209.22,2268.59
900,SOL/INR,1h,LONG,2026-07-01 14:30:00+05:30,2026-07-01 16:30:00+05:30,75.44,6299.05,74.68,77.7,74.65,6232.94,STOP_LOSS,0.01,22.69,0.34214,2155.16,-22.62,2.53,-25.15,-25.15,2268.59,2243.44
901,SOL/INR,1h,LONG,2026-07-01 19:30:00+05:30,2026-07-02 00:30:00+05:30,76.04,6349.17,75.28,78.32,77.3,6454.66,INTRADAY_SQUAREOFF,0.01,22.43,0.335676,2131.27,35.41,2.54,32.87,32.87,2243.44,2276.31
902,SOL/INR,1h,LONG,2026-07-02 03:30:00+05:30,2026-07-02 05:30:00+05:30,78.62,6564.71,77.83,80.98,77.79,6495.81,STOP_LOSS,0.01,22.76,0.329412,2162.5,-22.7,2.54,-25.23,-25.23,2276.31,2251.08
903,SOL/INR,1h,LONG,2026-07-02 08:30:00+05:30,2026-07-02 10:30:00+05:30,78.55,6558.86,77.76,80.91,77.72,6490.03,STOP_LOSS,0.01,22.51,0.326051,2138.53,-22.44,2.51,-24.95,-24.95,2251.08,2226.13
904,SOL/INR,1h,LONG,2026-07-02 14:30:00+05:30,2026-07-02 16:30:00+05:30,78.44,6549.67,77.65,80.79,80.75,6742.79,TARGET_HIT,0.01,22.26,0.322889,2114.82,62.36,2.53,59.82,59.82,2226.13,2285.95
905,SOL/INR,1h,LONG,2026-07-03 07:30:00+05:30,2026-07-03 09:30:00+05:30,81.64,6817.01,80.82,84.09,80.78,6745.46,STOP_LOSS,0.01,22.86,0.318564,2171.65,-22.79,2.55,-25.34,-25.34,2285.95,2260.61
906,SOL/INR,1h,LONG,2026-07-03 11:30:00+05:30,2026-07-04 00:30:00+05:30,81.19,6779.41,80.38,83.63,82.0,6846.91,INTRADAY_SQUAREOFF,0.01,22.61,0.316779,2147.58,21.38,2.55,18.84,18.84,2260.61,2279.44
907,SOL/INR,1h,LONG,2026-07-04 09:30:00+05:30,2026-07-04 14:30:00+05:30,82.79,6913.08,81.96,85.28,81.92,6840.53,STOP_LOSS,0.01,22.79,0.313243,2165.47,-22.73,2.54,-25.27,-25.27,2279.44,2254.18
908,SOL/INR,1h,LONG,2026-07-04 21:30:00+05:30,2026-07-05 00:30:00+05:30,82.37,6877.99,81.55,84.84,82.15,6859.43,INTRADAY_SQUAREOFF,0.01,22.54,0.311351,2141.47,-5.78,2.52,-8.3,-8.3,2254.18,2245.87
909,SOL/INR,1h,SHORT,2026-07-05 15:30:00+05:30,2026-07-05 17:30:00+05:30,79.6,6646.61,80.4,77.21,80.44,6716.44,STOP_LOSS,0.01,22.46,0.321003,2133.58,-22.41,2.53,-24.94,-24.94,2245.87,2220.93
910,SOL/INR,1h,SHORT,2026-07-06 00:30:00+05:30,2026-07-06 02:30:00+05:30,80.85,6750.94,81.66,78.42,81.7,6821.86,STOP_LOSS,0.01,22.21,0.312532,2109.88,-22.16,2.5,-24.67,-24.67,2220.93,2196.26
911,SOL/INR,1h,LONG,2026-07-06 13:30:00+05:30,2026-07-06 15:30:00+05:30,80.94,6758.53,80.13,83.37,80.09,6687.6,STOP_LOSS,0.01,21.96,0.308714,2086.45,-21.9,2.45,-24.35,-24.35,2196.26,2171.92
912,SOL/INR,1h,LONG,2026-07-07 12:30:00+05:30,2026-07-07 16:30:00+05:30,81.61,6814.5,80.79,84.06,80.75,6742.98,STOP_LOSS,0.01,21.72,0.302784,2063.32,-21.65,2.42,-24.08,-24.08,2171.92,2147.84
913,SOL/INR,1h,LONG,2026-07-07 20:30:00+05:30,2026-07-08 00:30:00+05:30,81.85,6834.55,81.03,84.31,80.99,6762.82,STOP_LOSS,0.01,21.48,0.298549,2040.45,-21.41,2.4,-23.81,-23.81,2147.84,2124.03
914,SOL/INR,1h,SHORT,2026-07-08 14:30:00+05:30,2026-07-08 16:30:00+05:30,76.79,6412.1,77.56,74.49,77.6,6479.46,STOP_LOSS,0.01,21.24,0.314691,2017.83,-21.2,2.39,-23.59,-23.59,2124.03,2100.44
915,SOL/INR,1h,SHORT,2026-07-08 18:30:00+05:30,2026-07-09 00:30:00+05:30,76.92,6422.95,77.69,74.61,77.12,6439.4,INTRADAY_SQUAREOFF,0.01,21.0,0.31067,1995.42,-5.11,2.36,-7.47,-7.47,2100.44,2092.97
916,SOL/INR,1h,SHORT,2026-07-09 07:30:00+05:30,2026-07-09 10:30:00+05:30,77.22,6447.98,77.99,74.9,78.03,6515.72,STOP_LOSS,0.01,20.93,0.308363,1988.32,-20.89,2.36,-23.25,-23.25,2092.97,2069.73
917,SOL/INR,1h,SHORT,2026-07-09 16:30:00+05:30,2026-07-09 18:30:00+05:30,77.44,6466.35,78.22,75.12,78.25,6534.27,STOP_LOSS,0.01,20.7,0.304073,1966.24,-20.66,2.33,-22.99,-22.99,2069.73,2046.74
918,SOL/INR,1h,SHORT,2026-07-10 23:30:00+05:30,2026-07-11 01:30:00+05:30,77.48,6469.68,78.26,75.16,77.87,6502.05,INTRADAY_SQUAREOFF,0.01,20.47,0.30054,1944.4,-9.73,2.3,-12.03,-12.03,2046.74,2034.71
919,SOL/INR,1h,SHORT,2026-07-11 06:30:00+05:30,2026-07-11 19:30:00+05:30,77.68,6486.38,78.46,75.35,78.5,6554.51,STOP_LOSS,0.01,20.35,0.298005,1932.97,-20.31,2.29,-22.6,-22.6,2034.71,2012.11
920,SOL/INR,1h,SHORT,2026-07-12 05:30:00+05:30,2026-07-12 18:30:00+05:30,76.61,6397.07,77.38,74.31,77.42,6464.28,STOP_LOSS,0.01,20.12,0.298809,1911.5,-20.08,2.27,-22.35,-22.35,2012.11,1989.76
921,SOL/INR,1h,SHORT,2026-07-13 03:30:00+05:30,2026-07-13 05:30:00+05:30,76.9,6421.28,77.67,74.59,77.71,6488.73,STOP_LOSS,0.01,19.9,0.294377,1890.27,-19.86,2.24,-22.1,-22.1,1989.76,1967.66
922,SOL/INR,1h,SHORT,2026-07-13 07:30:00+05:30,2026-07-14 06:30:00+05:30,76.17,6360.35,76.93,73.89,75.4,6295.71,INTRADAY_SQUAREOFF,0.01,19.68,0.293896,1869.28,19.0,2.19,16.8,16.8,1967.66,1984.47
923,SOL/INR,1h,SHORT,2026-07-14 13:30:00+05:30,2026-07-14 17:30:00+05:30,74.76,6242.68,75.51,72.52,75.55,6308.26,STOP_LOSS,0.01,19.84,0.301993,1885.24,-19.8,2.24,-22.04,-22.04,1984.47,1962.43
924,SOL/INR,1h,LONG,2026-07-15 05:30:00+05:30,2026-07-15 07:30:00+05:30,77.91,6505.4,77.13,80.25,77.09,6437.12,STOP_LOSS,0.01,19.62,0.286578,1864.31,-19.57,2.19,-21.75,-21.75,1962.43,1940.67
925,SOL/INR,1h,LONG,2026-07-15 09:30:00+05:30,2026-07-15 21:30:00+05:30,77.88,6502.89,77.1,80.22,77.06,6434.64,STOP_LOSS,0.01,19.41,0.283511,1843.64,-19.35,2.16,-21.51,-21.51,1940.67,1919.16
926,SOL/INR,1h,LONG,2026-07-16 11:30:00+05:30,2026-07-16 13:30:00+05:30,77.48,6469.47,76.7,79.8,76.67,6401.58,STOP_LOSS,0.01,19.19,0.281816,1823.2,-19.13,2.14,-21.27,-21.27,1919.16,1897.88
927,SOL/INR,1h,SHORT,2026-07-16 23:30:00+05:30,2026-07-17 01:30:00+05:30,75.31,6288.58,76.07,73.05,75.77,6326.62,INTRADAY_SQUAREOFF,0.01,18.98,0.286709,1802.99,-10.91,2.13,-13.04,-13.04,1897.88,1884.85
928,SOL/INR,1h,SHORT,2026-07-17 04:30:00+05:30,2026-07-18 00:30:00+05:30,75.16,6276.06,75.91,72.91,75.31,6288.19,INTRADAY_SQUAREOFF,0.01,18.85,0.285307,1790.6,-3.46,2.11,-5.57,-5.57,1884.85,1879.27
929,SOL/INR,1h,SHORT,2026-07-18 10:30:00+05:30,2026-07-19 00:30:00+05:30,74.96,6259.37,75.71,72.71,75.28,6285.68,INTRADAY_SQUAREOFF,0.01,18.79,0.285222,1785.31,-7.5,2.11,-9.62,-9.62,1879.27,1869.65
930,SOL/INR,1h,LONG,2026-07-20 02:30:00+05:30,2026-07-21 00:30:00+05:30,76.16,6359.2,75.4,78.44,77.55,6475.53,INTRADAY_SQUAREOFF,0.01,18.7,0.279307,1776.17,32.49,2.12,30.38,30.38,1869.65,1900.03
931,SOL/INR,1h,LONG,2026-07-21 05:30:00+05:30,2026-07-22 00:30:00+05:30,77.87,6502.05,77.09,80.2,77.77,6493.89,INTRADAY_SQUAREOFF,0.01,19.0,0.277609,1805.03,-2.27,2.13,-4.4,-4.4,1900.03,1895.63
932,SOL/INR,1h,LONG,2026-07-22 05:30:00+05:30,2026-07-22 10:30:00+05:30,78.19,6528.79,77.41,80.53,77.37,6460.27,STOP_LOSS,0.01,18.96,0.275833,1800.85,-18.9,2.11,-21.01,-21.01,1895.63,1874.62
933,SOL/INR,1h,LONG,2026-07-23 03:30:00+05:30,2026-07-23 12:30:00+05:30,78.07,6518.76,77.29,80.41,77.25,6450.35,STOP_LOSS,0.01,18.75,0.273194,1780.89,-18.69,2.09,-20.78,-20.78,1874.62,1853.84
934,SOL/INR,1h,LONG,2026-07-23 16:30:00+05:30,2026-07-23 18:30:00+05:30,77.83,6498.71,77.05,80.16,77.01,6430.51,STOP_LOSS,0.01,18.54,0.270999,1761.15,-18.48,2.07,-20.55,-20.55,1853.84,1833.29
935,SOL/INR,1h,SHORT,2026-07-24 07:30:00+05:30,2026-07-24 12:30:00+05:30,75.57,6310.28,76.33,73.31,76.37,6376.57,STOP_LOSS,0.01,18.33,0.275998,1741.62,-18.3,2.07,-20.36,-20.36,1833.29,1812.93
936,SOL/INR,1h,SHORT,2026-07-24 14:30:00+05:30,2026-07-25 00:30:00+05:30,75.62,6314.45,76.38,73.35,73.95,6174.57,INTRADAY_SQUAREOFF,0.01,18.13,0.272752,1722.28,38.15,2.01,36.14,36.14,1812.93,1849.07
937,SOL/INR,1h,SHORT,2026-07-25 11:30:00+05:30,2026-07-25 22:30:00+05:30,73.8,6162.56,74.54,71.59,74.58,6227.29,STOP_LOSS,0.01,18.49,0.285047,1756.62,-18.45,2.08,-20.54,-20.54,1849.07,1828.53
938,SOL/INR,1h,LONG,2026-07-26 21:30:00+05:30,2026-07-27 00:30:00+05:30,75.48,6302.39,74.72,77.74,75.29,6286.91,INTRADAY_SQUAREOFF,0.01,18.29,0.275627,1737.11,-4.27,2.05,-6.31,-6.31,1828.53,1822.22
939,SOL/INR,1h,LONG,2026-07-27 04:30:00+05:30,2026-07-27 06:30:00+05:30,76.78,6410.99,76.01,79.08,75.97,6343.71,STOP_LOSS,0.01,18.22,0.270022,1731.11,-18.17,2.03,-20.2,-20.2,1822.22,1802.02
940,SOL/INR,1h,SHORT,2026-07-28 04:30:00+05:30,2026-07-29 00:30:00+05:30,73.9,6170.9,74.64,71.69,73.86,6167.05,INTRADAY_SQUAREOFF,0.01,18.02,0.277418,1711.92,1.07,2.02,-0.95,-0.95,1802.02,1801.07
941,SOL/INR,1h,LONG,2026-07-29 12:30:00+05:30,2026-07-29 18:30:00+05:30,74.04,6182.09,73.3,76.26,73.26,6117.21,STOP_LOSS,0.01,18.01,0.27677,1711.01,-17.96,2.01,-19.97,-19.97,1801.07,1781.1
942,SOL/INR,1h,LONG,2026-07-29 23:30:00+05:30,2026-07-30 01:30:00+05:30,73.84,6165.38,73.1,76.05,73.06,6100.68,STOP_LOSS,0.01,17.81,0.274443,1692.05,-17.76,1.99,-19.74,-19.74,1781.1,1761.36
943,SOL/INR,1h,LONG,2026-07-30 04:30:00+05:30,2026-07-31 00:30:00+05:30,73.75,6157.86,73.01,75.96,74.4,6212.63,INTRADAY_SQUAREOFF,0.01,17.61,0.271732,1673.29,14.88,1.98,12.9,12.9,1761.36,1774.26
944,SOL/INR,1h,LONG,2026-07-31 11:30:00+05:30,2026-07-31 13:30:00+05:30,74.28,6202.14,73.53,76.51,73.5,6137.05,STOP_LOSS,0.01,17.74,0.271768,1685.55,-17.69,1.98,-19.67,-19.67,1774.26,1754.59
945,SOL/INR,1h,SHORT,2026-08-01 02:30:00+05:30,2026-08-01 23:30:00+05:30,72.82,6080.77,73.55,70.64,70.67,5901.29,TARGET_HIT,0.01,17.55,0.27412,1666.86,49.2,1.94,47.26,47.26,1754.59,1801.85
946,SOL/INR,1h,LONG,2026-08-04 07:30:00+05:30,2026-08-04 15:30:00+05:30,73.79,6161.2,73.05,76.0,73.01,6096.54,STOP_LOSS,0.01,18.02,0.277828,1711.76,-17.96,2.01,-19.97,-19.97,1801.85,1781.88
947,SOL/INR,1h,LONG,2026-08-05 07:30:00+05:30,2026-08-05 18:30:00+05:30,74.1,6187.1,73.36,76.32,73.32,6122.17,STOP_LOSS,0.01,17.82,0.273598,1692.78,-17.77,1.99,-19.75,-19.75,1781.88,1762.12
948,SOL/INR,1h,LONG,2026-08-05 23:30:00+05:30,2026-08-06 01:30:00+05:30,74.62,6230.54,73.87,76.86,74.37,6210.13,INTRADAY_SQUAREOFF,0.01,17.62,0.268679,1674.02,-5.49,1.97,-7.46,-7.46,1762.12,1754.67
949,SOL/INR,1h,LONG,2026-08-06 10:30:00+05:30,2026-08-06 15:30:00+05:30,73.84,6165.38,73.1,76.05,73.06,6100.68,STOP_LOSS,0.01,17.55,0.27037,1666.93,-17.49,1.96,-19.45,-19.45,1754.67,1735.21
950,SOL/INR,1h,SHORT,2026-08-07 04:30:00+05:30,2026-08-07 14:30:00+05:30,72.55,6058.23,73.28,70.38,73.32,6121.88,STOP_LOSS,0.01,17.35,0.272101,1648.45,-17.32,1.96,-19.27,-19.27,1735.21,1715.94
951,SOL/INR,1h,LONG,2026-08-08 01:30:00+05:30,2026-08-08 19:30:00+05:30,74.03,6181.25,73.29,76.25,76.21,6363.51,TARGET_HIT,0.01,17.16,0.263724,1630.14,48.06,1.95,46.11,46.11,1715.94,1762.05
952,SOL/INR,1h,LONG,2026-08-09 12:30:00+05:30,2026-08-10 00:30:00+05:30,76.47,6385.1,75.7,78.76,77.1,6437.97,INTRADAY_SQUAREOFF,0.01,17.62,0.262165,1673.95,13.86,1.98,11.88,11.88,1762.05,1773.93
953,SOL/INR,1h,SHORT,2026-08-11 05:30:00+05:30,2026-08-12 00:30:00+05:30,75.86,6334.48,76.62,73.59,75.24,6282.34,INTRADAY_SQUAREOFF,0.01,17.74,0.266042,1685.24,13.87,1.98,11.89,11.89,1773.93,1785.82
954,SOL/INR,1h,SHORT,2026-08-13 03:30:00+05:30,2026-08-13 08:30:00+05:30,75.32,6289.41,76.08,73.06,76.11,6355.48,STOP_LOSS,0.01,17.86,0.269744,1696.53,-17.82,2.01,-19.83,-19.83,1785.82,1765.99
955,SOL/INR,1h,SHORT,2026-08-13 21:30:00+05:30,2026-08-14 00:30:00+05:30,75.53,6306.94,76.29,73.27,75.99,6345.0,INTRADAY_SQUAREOFF,0.01,17.66,0.266007,1677.69,-10.12,1.99,-12.11,-12.11,1765.99,1753.88
956,SOL/INR,1h,SHORT,2026-08-14 08:30:00+05:30,2026-08-15 00:30:00+05:30,75.88,6336.15,76.64,73.61,74.92,6255.61,INTRADAY_SQUAREOFF,0.01,17.54,0.262965,1666.19,21.18,1.95,19.23,19.23,1753.88,1773.11
957,SOL/INR,1h,SHORT,2026-08-15 11:30:00+05:30,2026-08-16 00:30:00+05:30,75.2,6279.4,75.95,72.95,75.52,6305.73,INTRADAY_SQUAREOFF,0.01,17.73,0.268251,1684.45,-7.06,1.99,-9.06,-9.06,1773.11,1764.05
958,SOL/INR,1h,SHORT,2026-08-16 05:30:00+05:30,2026-08-17 00:30:00+05:30,75.2,6279.4,75.95,72.95,75.15,6274.82,INTRADAY_SQUAREOFF,0.01,17.64,0.266881,1675.85,1.22,1.98,-0.76,-0.76,1764.05,1763.3
959,SOL/INR,1h,SHORT,2026-08-17 02:30:00+05:30,2026-08-17 11:30:00+05:30,74.88,6252.69,75.63,72.64,75.67,6318.38,STOP_LOSS,0.01,17.63,0.267906,1675.13,-17.6,1.99,-19.58,-19.58,1763.3,1743.71
960,SOL/INR,1h,LONG,2026-08-17 20:30:00+05:30,2026-08-18 00:30:00+05:30,75.99,6345.0,75.23,78.27,75.8,6329.47,INTRADAY_SQUAREOFF,0.01,17.44,0.261076,1656.53,-4.05,1.95,-6.0,-6.0,1743.71,1737.71
961,SOL/INR,1h,LONG,2026-08-18 02:30:00+05:30,2026-08-18 07:30:00+05:30,76.08,6352.51,75.32,78.36,75.28,6285.85,STOP_LOSS,0.01,17.38,0.259869,1650.82,-17.33,1.94,-19.26,-19.26,1737.71,1718.44
962,SOL/INR,1h,LONG,2026-08-18 10:30:00+05:30,2026-08-19 00:30:00+05:30,75.81,6329.96,75.05,78.08,77.16,6442.98,INTRADAY_SQUAREOFF,0.01,17.18,0.257904,1632.52,29.15,1.94,27.2,27.2,1718.44,1745.65
963,SOL/INR,1h,LONG,2026-08-19 12:30:00+05:30,2026-08-19 19:30:00+05:30,77.12,6439.4,76.35,79.43,79.39,6629.26,TARGET_HIT,0.01,17.46,0.257534,1658.37,48.9,1.99,46.91,46.91,1745.65,1792.56
964,SOL/INR,1h,LONG,2026-08-20 10:30:00+05:30,2026-08-20 13:30:00+05:30,84.9,7089.35,84.05,87.45,87.41,7298.38,TARGET_HIT,0.01,17.93,0.24021,1702.93,50.21,2.04,48.17,48.17,1792.56,1840.73
965,SOL/INR,1h,LONG,2026-08-20 22:30:00+05:30,2026-08-21 00:30:00+05:30,87.83,7334.13,86.96,90.47,86.91,7257.16,STOP_LOSS,0.01,18.41,0.238433,1748.7,-18.35,2.05,-20.41,-20.41,1840.73,1820.33
966,SOL/INR,1h,LONG,2026-08-21 11:30:00+05:30,2026-08-22 00:30:00+05:30,90.71,7573.9,89.8,93.43,91.51,7641.44,INTRADAY_SQUAREOFF,0.01,18.2,0.228325,1729.31,15.42,2.05,13.37,13.37,1820.33,1833.7
967,SOL/INR,1h,LONG,2026-08-22 02:30:00+05:30,2026-08-22 04:30:00+05:30,91.98,7679.99,91.06,94.74,94.69,7906.44,TARGET_HIT,0.01,18.34,0.226825,1742.01,51.36,2.09,49.28,49.28,1833.7,1882.98
968,SOL/INR,1h,LONG,2026-08-22 08:30:00+05:30,2026-08-22 10:30:00+05:30,95.8,7999.12,94.84,98.67,94.79,7915.17,STOP_LOSS,0.01,18.83,0.223628,1788.83,-18.77,2.1,-20.87,-20.87,1882.98,1862.1
969,SOL/INR,1h,LONG,2026-08-25 05:30:00+05:30,2026-08-25 07:30:00+05:30,99.03,8268.96,98.04,102.0,101.95,8512.77,TARGET_HIT,0.01,18.62,0.213932,1769.0,52.16,2.12,50.04,50.04,1862.1,1912.14
970,SOL/INR,1h,LONG,2026-08-27 11:30:00+05:30,2026-08-27 14:30:00+05:30,102.27,8539.64,101.25,105.34,105.29,8791.43,TARGET_HIT,0.01,19.12,0.212718,1816.54,53.56,2.18,51.39,51.39,1912.14,1963.53
971,SOL/INR,1h,LONG,2026-08-27 19:30:00+05:30,2026-08-27 22:30:00+05:30,106.35,8880.49,105.29,109.54,109.49,9142.33,TARGET_HIT,0.01,19.64,0.210051,1865.35,55.0,2.23,52.77,52.77,1963.53,2016.3
972,SOL/INR,1h,LONG,2026-08-28 20:30:00+05:30,2026-08-28 22:30:00+05:30,106.72,8911.4,105.66,109.93,105.6,8817.87,STOP_LOSS,0.01,20.16,0.214947,1915.48,-20.1,2.25,-22.35,-22.35,2016.3,1993.94
973,SOL/INR,1h,SHORT,2026-08-29 06:30:00+05:30,2026-08-29 19:30:00+05:30,103.85,8671.31,104.89,100.73,104.94,8762.4,STOP_LOSS,0.01,19.94,0.21845,1894.25,-19.9,2.25,-22.15,-22.15,1993.94,1971.8
974,SOL/INR,1h,LONG,2026-08-30 12:30:00+05:30,2026-08-31 00:30:00+05:30,105.48,8807.81,104.43,108.65,106.64,8904.16,INTRADAY_SQUAREOFF,0.01,19.72,0.212676,1873.21,20.49,2.22,18.27,18.27,1971.8,1990.07
975,SOL/INR,1h,SHORT,2026-08-31 19:30:00+05:30,2026-08-31 21:30:00+05:30,102.1,8525.26,103.12,99.04,103.17,8614.82,STOP_LOSS,0.01,19.9,0.22176,1890.56,-19.86,2.24,-22.1,-22.1,1990.07,1967.96
976,SOL/INR,1h,SHORT,2026-09-01 04:30:00+05:30,2026-09-01 08:30:00+05:30,103.05,8604.55,104.08,99.96,104.13,8694.94,STOP_LOSS,0.01,19.68,0.217277,1869.57,-19.64,2.22,-21.86,-21.86,1967.96,1946.11
977,SOL/INR,1h,SHORT,2026-09-01 12:30:00+05:30,2026-09-01 23:30:00+05:30,103.26,8622.07,104.29,100.16,100.21,8367.59,TARGET_HIT,0.01,19.46,0.214427,1848.8,54.57,2.15,52.42,52.42,1946.11,1998.53
978,SOL/INR,1h,SHORT,2026-09-02 14:30:00+05:30,2026-09-02 19:30:00+05:30,98.73,8244.01,99.72,95.77,99.77,8330.61,STOP_LOSS,0.01,19.99,0.230301,1898.6,-19.94,2.25,-22.2,-22.2,1998.53,1976.33
979,SOL/INR,1h,LONG,2026-09-03 20:30:00+05:30,2026-09-04 00:30:00+05:30,104.85,8755.18,103.8,108.0,105.15,8779.81,INTRADAY_SQUAREOFF,0.01,19.76,0.214446,1877.51,5.28,2.22,3.06,3.06,1976.33,1979.39
980,SOL/INR,1h,LONG,2026-09-04 14:30:00+05:30,2026-09-04 17:30:00+05:30,104.54,8729.28,103.5,107.68,103.45,8637.66,STOP_LOSS,0.01,19.79,0.215416,1880.42,-19.74,2.21,-21.94,-21.94,1979.39,1957.45
981,SOL/INR,1h,SHORT,2026-09-04 23:30:00+05:30,2026-09-05 01:30:00+05:30,101.04,8436.79,102.05,98.01,101.73,8494.53,INTRADAY_SQUAREOFF,0.01,19.57,0.220413,1859.58,-12.72,2.2,-14.93,-14.93,1957.45,1942.52
982,SOL/INR,1h,SHORT,2026-09-05 03:30:00+05:30,2026-09-05 12:30:00+05:30,101.47,8472.68,102.48,98.43,102.54,8561.69,STOP_LOSS,0.01,19.43,0.217806,1845.4,-19.39,2.19,-21.57,-21.57,1942.52,1920.95
983,SOL/INR,1h,LONG,2026-09-06 07:30:00+05:30,2026-09-07 00:30:00+05:30,104.28,8707.56,103.24,107.41,105.93,8844.91,INTRADAY_SQUAREOFF,0.01,19.21,0.209577,1824.9,28.79,2.17,26.61,26.61,1920.95,1947.56
984,SOL/INR,1h,LONG,2026-09-07 05:30:00+05:30,2026-09-07 07:30:00+05:30,106.8,8918.08,105.74,110.01,105.68,8824.49,STOP_LOSS,0.01,19.48,0.207464,1850.18,-19.42,2.17,-21.59,-21.59,1947.56,1925.97
985,SOL/INR,1h,LONG,2026-09-07 18:30:00+05:30,2026-09-07 20:30:00+05:30,105.94,8846.24,104.88,109.12,104.83,8753.39,STOP_LOSS,0.01,19.26,0.206831,1829.67,-19.2,2.15,-21.35,-21.35,1925.97,1904.62
986,SOL/INR,1h,SHORT,2026-09-10 04:30:00+05:30,2026-09-10 06:30:00+05:30,100.43,8385.89,101.43,97.42,101.48,8473.98,STOP_LOSS,0.01,19.05,0.215766,1809.39,-19.01,2.15,-21.15,-21.15,1904.62,1883.47
987,SOL/INR,1h,SHORT,2026-09-11 04:30:00+05:30,2026-09-11 13:30:00+05:30,99.17,8280.73,100.16,96.2,100.21,8367.72,STOP_LOSS,0.01,18.83,0.21608,1789.3,-18.8,2.12,-20.92,-20.92,1883.47,1862.55
988,SOL/INR,1h,SHORT,2026-09-11 16:30:00+05:30,2026-09-11 18:30:00+05:30,99.09,8274.05,100.08,96.12,100.13,8360.97,STOP_LOSS,0.01,18.63,0.213852,1769.42,-18.59,2.1,-20.69,-20.69,1862.55,1841.86
989,SOL/INR,1h,LONG,2026-09-12 01:30:00+05:30,2026-09-13 00:30:00+05:30,102.16,8530.45,101.14,105.23,101.58,8481.86,INTRADAY_SQUAREOFF,0.01,18.42,0.205121,1749.77,-9.97,2.06,-12.02,-12.02,1841.86,1829.84
990,SOL/INR,1h,LONG,2026-09-13 07:30:00+05:30,2026-09-13 11:30:00+05:30,102.38,8548.83,101.36,105.45,101.31,8459.11,STOP_LOSS,0.01,18.3,0.203343,1738.35,-18.24,2.04,-20.28,-20.28,1829.84,1809.55
991,SOL/INR,1h,SHORT,2026-09-14 01:30:00+05:30,2026-09-14 11:30:00+05:30,100.76,8413.43,101.77,97.74,101.82,8501.81,STOP_LOSS,0.01,18.1,0.204325,1719.08,-18.06,2.04,-20.1,-20.1,1809.55,1789.46
992,SOL/INR,1h,SHORT,2026-09-16 07:30:00+05:30,2026-09-16 09:30:00+05:30,96.28,8039.53,97.24,93.39,97.29,8123.99,STOP_LOSS,0.01,17.89,0.211453,1699.98,-17.86,2.02,-19.87,-19.87,1789.46,1769.58
993,SOL/INR,1h,SHORT,2026-09-17 04:30:00+05:30,2026-09-17 06:30:00+05:30,97.31,8125.5,98.28,94.39,98.33,8210.85,STOP_LOSS,0.01,17.7,0.206892,1681.1,-17.66,1.99,-19.65,-19.65,1769.58,1749.93
994,SOL/INR,1h,LONG,2026-09-17 14:30:00+05:30,2026-09-18 00:30:00+05:30,100.3,8375.06,99.3,103.31,100.7,8408.42,INTRADAY_SQUAREOFF,0.01,17.5,0.198498,1662.43,6.62,1.97,4.66,4.66,1749.93,1754.58
995,SOL/INR,1h,LONG,2026-09-18 08:30:00+05:30,2026-09-18 10:30:00+05:30,102.87,8589.76,101.84,105.96,105.9,8843.03,TARGET_HIT,0.01,17.55,0.194051,1666.85,49.15,2.0,47.15,47.15,1754.58,1801.73
996,SOL/INR,1h,LONG,2026-09-18 14:30:00+05:30,2026-09-18 19:30:00+05:30,106.33,8878.82,105.27,109.52,109.47,9140.61,TARGET_HIT,0.01,18.02,0.192779,1711.65,50.47,2.05,48.42,48.42,1801.73,1850.15
997,SOL/INR,1h,LONG,2026-09-19 01:30:00+05:30,2026-09-19 03:30:00+05:30,114.38,9550.49,113.23,117.81,113.18,9450.26,STOP_LOSS,0.01,18.5,0.184037,1757.65,-18.45,2.06,-20.51,-20.51,1850.15,1829.64
998,SOL/INR,1h,LONG,2026-09-19 06:30:00+05:30,2026-09-19 09:30:00+05:30,113.81,9502.87,112.67,117.22,112.61,9403.14,STOP_LOSS,0.01,18.3,0.182909,1738.16,-18.24,2.04,-20.28,-20.28,1829.64,1809.36
999,SOL/INR,1h,LONG,2026-09-19 14:30:00+05:30,2026-09-19 18:30:00+05:30,112.46,9390.09,111.33,115.83,111.28,9291.54,STOP_LOSS,0.01,18.09,0.183054,1718.89,-18.04,2.02,-20.06,-20.06,1809.36,1789.3
1000,SOL/INR,1h,LONG,2026-09-19 22:30:00+05:30,2026-09-20 00:30:00+05:30,112.05,9355.84,110.93,115.41,110.87,9257.65,STOP_LOSS,0.01,17.89,0.181687,1699.84,-17.84,2.0,-19.84,-19.84,1789.3,1769.47
1001,SOL/INR,1h,LONG,2026-09-21 14:30:00+05:30,2026-09-22 00:30:00+05:30,116.36,9715.91,115.19,119.85,117.69,9827.21,INTRADAY_SQUAREOFF,0.01,17.69,0.173015,1681.0,19.26,1.99,17.26,17.26,1769.47,1786.73
1002,SOL/INR,1h,LONG,2026-09-22 14:30:00+05:30,2026-09-22 16:30:00+05:30,118.0,9852.91,116.82,121.54,116.76,9749.51,STOP_LOSS,0.01,17.87,0.172273,1697.39,-17.81,1.99,-19.81,-19.81,1786.73,1766.92
1003,SOL/INR,1h,LONG,2026-09-23 10:30:00+05:30,2026-09-23 12:30:00+05:30,119.76,9999.95,118.56,123.35,118.5,9895.0,STOP_LOSS,0.01,17.67,0.167859,1678.58,-17.62,1.97,-19.59,-19.59,1766.92,1747.34
