trade_no,coin,timeframe,direction,entry_time,exit_time,entry_price_usd,entry_price_inr,stop_price_usd,target_price_usd,exit_price_usd,exit_price_inr,exit_reason,risk_pct,risk_inr,position_size_coin,position_size_inr,gross_pnl_inr,fees_inr,net_pnl_inr,net_pnl,equity_before,equity_after
1,ETH/INR,1h,LONG,2024-09-27 06:30:00+05:30,2024-09-28 00:30:00+05:30,2642.67,220662.56,2603.03,2761.59,2700.77,225514.05,INTRADAY_SQUAREOFF,0.01,100.0,0.030212,6666.67,146.57,7.95,138.62,138.62,10000.0,10138.62
2,ETH/INR,1h,LONG,2024-09-28 04:30:00+05:30,2024-09-28 13:30:00+05:30,2709.34,226229.73,2668.7,2831.26,2667.36,222724.87,STOP_LOSS,0.01,101.39,0.029877,6759.08,-104.72,7.91,-112.63,-112.63,10138.62,10025.99
3,ETH/INR,1h,SHORT,2024-09-30 02:30:00+05:30,2024-10-01 00:30:00+05:30,2657.87,221931.99,2697.74,2538.26,2589.83,216250.88,INTRADAY_SQUAREOFF,0.01,100.26,0.030117,6683.99,171.1,7.79,163.31,163.31,10025.99,10189.3
4,ETH/INR,1h,SHORT,2024-10-02 15:30:00+05:30,2024-10-03 00:30:00+05:30,2446.89,204315.37,2483.59,2336.78,2391.33,199675.82,INTRADAY_SQUAREOFF,0.01,101.89,0.033247,6792.87,154.25,7.92,146.33,146.33,10189.3,10335.63
5,ETH/INR,1h,SHORT,2024-10-03 11:30:00+05:30,2024-10-04 00:30:00+05:30,2381.77,198877.85,2417.5,2274.59,2345.34,195835.83,INTRADAY_SQUAREOFF,0.01,103.36,0.034646,6890.42,105.4,8.07,97.33,97.33,10335.63,10432.96
6,ETH/INR,1h,SHORT,2024-10-04 06:30:00+05:30,2024-10-04 09:30:00+05:30,2338.94,195301.09,2374.02,2233.68,2375.21,198329.72,STOP_LOSS,0.01,104.33,0.035613,6955.31,-107.86,8.27,-116.13,-116.13,10432.96,10316.83
7,ETH/INR,1h,SHORT,2024-10-04 15:30:00+05:30,2024-10-04 20:30:00+05:30,2374.18,198244.03,2409.79,2267.34,2411.0,201318.3,STOP_LOSS,0.01,103.17,0.034694,6877.89,-106.66,8.18,-114.84,-114.84,10316.83,10201.99
8,ETH/INR,1h,LONG,2024-10-05 06:30:00+05:30,2024-10-06 00:30:00+05:30,2425.44,202524.37,2389.06,2534.59,2401.15,200496.36,INTRADAY_SQUAREOFF,0.01,102.02,0.033583,6801.33,-68.11,7.99,-76.09,-76.09,10201.99,10125.9
9,ETH/INR,1h,LONG,2024-10-06 17:30:00+05:30,2024-10-07 00:30:00+05:30,2430.84,202975.35,2394.38,2540.23,2444.87,204146.48,INTRADAY_SQUAREOFF,0.01,101.26,0.033258,6750.6,38.95,7.99,30.96,30.96,10125.9,10156.86
10,ETH/INR,1h,SHORT,2024-10-08 04:30:00+05:30,2024-10-08 19:30:00+05:30,2413.96,201565.75,2450.17,2305.33,2451.4,204691.53,STOP_LOSS,0.01,101.57,0.033593,6771.24,-105.01,8.05,-113.06,-113.06,10156.86,10043.8
11,ETH/INR,1h,SHORT,2024-10-09 04:30:00+05:30,2024-10-10 00:30:00+05:30,2438.62,203624.56,2475.2,2328.88,2413.49,201526.5,INTRADAY_SQUAREOFF,0.01,100.44,0.032883,6695.87,68.99,7.86,61.13,61.13,10043.8,10104.93
12,ETH/INR,1h,SHORT,2024-10-10 02:30:00+05:30,2024-10-10 06:30:00+05:30,2354.46,196597.36,2389.78,2248.51,2390.97,199646.09,STOP_LOSS,0.01,101.05,0.034266,6736.62,-104.47,8.01,-112.48,-112.48,10104.93,9992.45
13,ETH/INR,1h,SHORT,2024-10-10 14:30:00+05:30,2024-10-11 00:30:00+05:30,2379.79,198712.46,2415.49,2272.7,2355.56,196689.53,INTRADAY_SQUAREOFF,0.01,99.92,0.033524,6661.64,67.82,7.82,60.0,60.0,9992.45,10052.45
14,ETH/INR,1h,SHORT,2024-10-11 14:30:00+05:30,2024-10-11 19:30:00+05:30,2400.07,200406.12,2436.07,2292.07,2437.29,203513.92,STOP_LOSS,0.01,100.52,0.03344,6701.63,-103.93,7.97,-111.89,-111.89,10052.45,9940.56
15,ETH/INR,1h,LONG,2024-10-11 23:30:00+05:30,2024-10-12 01:30:00+05:30,2451.88,204731.79,2415.1,2562.21,2456.71,205135.67,INTRADAY_SQUAREOFF,0.01,99.41,0.032369,6627.04,13.07,7.83,5.25,5.25,9940.56,9945.8
16,ETH/INR,1h,LONG,2024-10-12 06:30:00+05:30,2024-10-13 00:30:00+05:30,2448.93,204485.75,2412.2,2559.13,2468.11,206086.92,INTRADAY_SQUAREOFF,0.01,99.46,0.032425,6630.53,51.92,7.85,44.06,44.06,9945.8,9989.87
17,ETH/INR,1h,LONG,2024-10-13 03:30:00+05:30,2024-10-13 20:30:00+05:30,2480.23,207099.16,2443.03,2591.84,2441.8,203890.68,STOP_LOSS,0.01,99.9,0.032158,6659.91,-103.18,7.8,-110.98,-110.98,9989.87,9878.89
18,ETH/INR,1h,SHORT,2024-10-14 06:30:00+05:30,2024-10-14 08:30:00+05:30,2448.86,204479.46,2485.59,2338.66,2486.83,207650.42,STOP_LOSS,0.01,98.79,0.032208,6585.93,-102.13,7.83,-109.96,-109.96,9878.89,9768.93
19,ETH/INR,1h,LONG,2024-10-14 18:30:00+05:30,2024-10-15 00:30:00+05:30,2560.8,213826.72,2522.39,2676.04,2627.01,219355.2,INTRADAY_SQUAREOFF,0.01,97.69,0.030457,6512.62,168.38,7.78,160.6,160.6,9768.93,9929.53
20,ETH/INR,1h,LONG,2024-10-15 04:30:00+05:30,2024-10-15 08:30:00+05:30,2650.52,221318.78,2610.77,2769.8,2609.46,217890.0,STOP_LOSS,0.01,99.3,0.02991,6619.68,-102.56,7.75,-110.31,-110.31,9929.53,9819.22
21,ETH/INR,1h,SHORT,2024-10-16 19:30:00+05:30,2024-10-17 00:30:00+05:30,2602.75,217329.54,2641.79,2485.63,2618.76,218666.53,INTRADAY_SQUAREOFF,0.01,98.19,0.030121,6546.15,-40.27,7.75,-48.02,-48.02,9819.22,9771.2
22,ETH/INR,1h,SHORT,2024-10-17 05:30:00+05:30,2024-10-18 00:30:00+05:30,2608.68,217825.18,2647.82,2491.29,2587.79,216080.27,INTRADAY_SQUAREOFF,0.01,97.71,0.029905,6514.13,52.18,7.66,44.53,44.53,9771.2,9815.73
23,ETH/INR,1h,SHORT,2024-10-18 06:30:00+05:30,2024-10-18 11:30:00+05:30,2594.98,216680.91,2633.91,2478.21,2635.22,220041.09,STOP_LOSS,0.01,98.16,0.0302,6543.82,-101.48,7.78,-109.26,-109.26,9815.73,9706.47
24,ETH/INR,1h,LONG,2024-10-19 08:30:00+05:30,2024-10-20 00:30:00+05:30,2648.15,221120.9,2608.43,2767.32,2640.36,220470.31,INTRADAY_SQUAREOFF,0.01,97.06,0.029264,6470.98,-19.04,7.62,-26.66,-26.66,9706.47,9679.8
25,ETH/INR,1h,LONG,2024-10-20 04:30:00+05:30,2024-10-21 00:30:00+05:30,2653.71,221584.8,2613.9,2773.13,2699.99,225448.89,INTRADAY_SQUAREOFF,0.01,96.8,0.029123,6453.2,112.53,7.68,104.85,104.85,9679.8,9784.66
26,ETH/INR,1h,LONG,2024-10-21 02:30:00+05:30,2024-10-21 18:30:00+05:30,2718.03,226955.09,2677.25,2840.34,2675.92,223438.99,STOP_LOSS,0.01,97.85,0.028742,6523.1,-101.06,7.64,-108.7,-108.7,9784.66,9675.96
27,ETH/INR,1h,SHORT,2024-10-22 05:30:00+05:30,2024-10-23 00:30:00+05:30,2664.29,222468.5,2704.26,2544.4,2622.02,218938.43,INTRADAY_SQUAREOFF,0.01,96.76,0.028996,6450.64,102.36,7.55,94.81,94.81,9675.96,9770.76
28,ETH/INR,1h,SHORT,2024-10-23 05:30:00+05:30,2024-10-23 21:30:00+05:30,2616.6,218486.26,2655.85,2498.85,2500.1,208758.71,TARGET_HIT,0.01,97.71,0.029814,6513.84,290.01,7.52,282.5,282.5,9770.76,10053.26
29,ETH/INR,1h,SHORT,2024-10-24 03:30:00+05:30,2024-10-24 05:30:00+05:30,2500.04,208752.94,2537.54,2387.53,2538.8,211990.18,STOP_LOSS,0.01,100.53,0.032106,6702.17,-103.93,7.97,-111.9,-111.9,10053.26,9941.36
30,ETH/INR,1h,LONG,2024-10-25 19:30:00+05:30,2024-10-25 21:30:00+05:30,2551.82,213077.19,2513.55,2666.65,2512.29,209776.09,STOP_LOSS,0.01,99.41,0.031104,6627.57,-102.68,7.76,-110.44,-110.44,9941.36,9830.92
31,ETH/INR,1h,SHORT,2024-10-26 19:30:00+05:30,2024-10-27 00:30:00+05:30,2460.99,205492.43,2497.9,2350.24,2479.04,206999.75,INTRADAY_SQUAREOFF,0.01,98.31,0.031894,6553.95,-48.07,7.76,-55.84,-55.84,9830.92,9775.08
32,ETH/INR,1h,LONG,2024-10-28 03:30:00+05:30,2024-10-28 08:30:00+05:30,2515.08,210009.29,2477.36,2628.26,2476.12,206755.73,STOP_LOSS,0.01,97.75,0.031031,6516.72,-100.96,7.63,-108.59,-108.59,9775.08,9666.49
33,ETH/INR,1h,LONG,2024-10-29 02:30:00+05:30,2024-10-29 15:30:00+05:30,2517.22,210187.62,2479.46,2630.49,2629.18,219536.24,TARGET_HIT,0.01,96.66,0.03066,6444.33,286.63,7.77,278.85,278.85,9666.49,9945.35
34,ETH/INR,1h,LONG,2024-10-29 19:30:00+05:30,2024-10-30 00:30:00+05:30,2638.15,220285.64,2598.58,2756.87,2663.33,222388.22,INTRADAY_SQUAREOFF,0.01,99.45,0.030098,6630.23,63.28,7.86,55.42,55.42,9945.35,10000.77
35,ETH/INR,1h,LONG,2024-10-30 05:30:00+05:30,2024-10-31 00:30:00+05:30,2639.65,220410.83,2600.06,2758.43,2664.41,222478.04,INTRADAY_SQUAREOFF,0.01,100.01,0.030249,6667.18,62.53,7.9,54.63,54.63,10000.77,10055.4
36,ETH/INR,1h,LONG,2024-10-31 02:30:00+05:30,2024-10-31 11:30:00+05:30,2679.27,223718.87,2639.08,2799.83,2637.76,220252.91,STOP_LOSS,0.01,100.55,0.029964,6703.6,-103.86,7.85,-111.7,-111.7,10055.4,9943.69
37,ETH/INR,1h,SHORT,2024-11-01 07:30:00+05:30,2024-11-01 17:30:00+05:30,2496.39,208448.57,2533.84,2384.05,2535.1,211681.09,STOP_LOSS,0.01,99.44,0.031802,6629.13,-102.8,7.88,-110.68,-110.68,9943.69,9833.01
38,ETH/INR,1h,SHORT,2024-11-02 18:30:00+05:30,2024-11-03 00:30:00+05:30,2485.12,207507.49,2522.4,2373.29,2488.06,207752.77,INTRADAY_SQUAREOFF,0.01,98.33,0.031591,6555.34,-7.75,7.74,-15.49,-15.49,9833.01,9817.52
39,ETH/INR,1h,SHORT,2024-11-03 11:30:00+05:30,2024-11-04 00:30:00+05:30,2440.87,203812.34,2477.48,2331.03,2425.05,202491.78,INTRADAY_SQUAREOFF,0.01,98.18,0.032113,6545.01,42.41,7.7,34.71,34.71,9817.52,9852.23
40,ETH/INR,1h,LONG,2024-11-04 12:30:00+05:30,2024-11-04 20:30:00+05:30,2479.19,207012.15,2442.0,2590.75,2440.78,203805.02,STOP_LOSS,0.01,98.52,0.031728,6568.15,-101.76,7.69,-109.45,-109.45,9852.23,9742.78
41,ETH/INR,1h,SHORT,2024-11-05 03:30:00+05:30,2024-11-05 05:30:00+05:30,2360.39,197092.38,2395.79,2254.17,2396.99,200148.79,STOP_LOSS,0.01,97.43,0.032955,6495.19,-100.72,7.72,-108.45,-108.45,9742.78,9634.33
42,ETH/INR,1h,LONG,2024-11-06 15:30:00+05:30,2024-11-07 00:30:00+05:30,2630.36,219635.4,2590.91,2748.73,2678.69,223671.0,INTRADAY_SQUAREOFF,0.01,96.34,0.029243,6422.89,118.01,7.65,110.37,110.37,9634.33,9744.7
43,ETH/INR,1h,LONG,2024-11-07 04:30:00+05:30,2024-11-07 07:30:00+05:30,2741.11,228882.47,2699.99,2864.46,2863.03,239062.59,TARGET_HIT,0.01,97.45,0.028383,6496.47,288.95,7.84,281.11,281.11,9744.7,10025.81
44,ETH/INR,1h,LONG,2024-11-07 21:30:00+05:30,2024-11-08 00:30:00+05:30,2851.05,238062.8,2808.29,2979.35,2880.69,240537.7,INTRADAY_SQUAREOFF,0.01,100.26,0.028076,6683.87,69.49,7.93,61.56,61.56,10025.81,10087.37
45,ETH/INR,1h,LONG,2024-11-08 07:30:00+05:30,2024-11-09 00:30:00+05:30,2930.75,244717.73,2886.79,3062.64,2959.72,247137.01,INTRADAY_SQUAREOFF,0.01,100.87,0.02748,6724.91,66.48,7.97,58.51,58.51,10087.37,10145.87
46,ETH/INR,1h,LONG,2024-11-09 05:30:00+05:30,2024-11-10 00:30:00+05:30,2964.59,247543.18,2920.12,3098.0,3048.32,254535.01,INTRADAY_SQUAREOFF,0.01,101.46,0.027324,6763.92,191.05,8.09,182.95,182.95,10145.87,10328.83
47,ETH/INR,1h,LONG,2024-11-10 04:30:00+05:30,2024-11-11 00:30:00+05:30,3142.71,262416.53,3095.57,3284.13,3219.03,268789.19,INTRADAY_SQUAREOFF,0.01,103.29,0.02624,6885.88,167.22,8.22,159.0,159.0,10328.83,10487.82
48,ETH/INR,1h,LONG,2024-11-12 04:30:00+05:30,2024-11-12 07:30:00+05:30,3347.65,279529.02,3297.44,3498.3,3295.79,275198.42,STOP_LOSS,0.01,104.88,0.025013,6991.88,-108.32,8.19,-116.51,-116.51,10487.82,10371.32
49,ETH/INR,1h,LONG,2024-11-12 09:30:00+05:30,2024-11-12 15:30:00+05:30,3341.6,279023.71,3291.48,3491.97,3289.83,274700.94,STOP_LOSS,0.01,103.71,0.02478,6914.21,-107.12,8.1,-115.21,-115.21,10371.32,10256.1
50,ETH/INR,1h,SHORT,2024-11-15 02:30:00+05:30,2024-11-16 00:30:00+05:30,3098.56,258729.95,3145.04,2959.13,3021.36,252283.52,INTRADAY_SQUAREOFF,0.01,102.56,0.026427,6837.4,170.36,7.97,162.39,162.39,10256.1,10418.49
51,ETH/INR,1h,LONG,2024-11-17 00:30:00+05:30,2024-11-17 04:30:00+05:30,3184.42,265898.83,3136.65,3327.72,3135.08,261779.39,STOP_LOSS,0.01,104.18,0.026121,6945.66,-107.61,8.13,-115.74,-115.74,10418.49,10302.75
52,ETH/INR,1h,LONG,2024-11-17 06:30:00+05:30,2024-11-17 08:30:00+05:30,3155.58,263491.09,3108.25,3297.58,3106.69,259408.95,STOP_LOSS,0.01,103.03,0.026067,6868.5,-106.41,8.04,-114.45,-114.45,10302.75,10188.3
53,ETH/INR,1h,SHORT,2024-11-17 17:30:00+05:30,2024-11-18 00:30:00+05:30,3101.17,258947.6,3147.69,2961.62,3084.09,257521.67,INTRADAY_SQUAREOFF,0.01,101.88,0.02623,6792.2,37.4,7.99,29.41,29.41,10188.3,10217.71
54,ETH/INR,1h,SHORT,2024-11-18 02:30:00+05:30,2024-11-18 05:30:00+05:30,3066.72,256070.98,3112.72,2928.72,3114.28,260042.0,STOP_LOSS,0.01,102.18,0.026601,6811.81,-105.63,8.1,-113.73,-113.73,10217.71,10103.98
55,ETH/INR,1h,SHORT,2024-11-18 17:30:00+05:30,2024-11-18 19:30:00+05:30,3051.01,254759.45,3096.78,2913.72,3098.32,258710.13,STOP_LOSS,0.01,101.04,0.026441,6735.98,-104.46,8.01,-112.47,-112.47,10103.98,9991.51
56,ETH/INR,1h,LONG,2024-11-19 05:30:00+05:30,2024-11-19 07:30:00+05:30,3226.74,269433.06,3178.34,3371.95,3176.75,265258.86,STOP_LOSS,0.01,99.92,0.024722,6661.01,-103.2,7.8,-110.99,-110.99,9991.51,9880.51
57,ETH/INR,1h,LONG,2024-11-19 17:30:00+05:30,2024-11-19 19:30:00+05:30,3131.27,261461.08,3084.3,3272.18,3082.76,257410.39,STOP_LOSS,0.01,98.81,0.025193,6587.01,-102.05,7.71,-109.76,-109.76,9880.51,9770.75
58,ETH/INR,1h,LONG,2024-11-20 05:30:00+05:30,2024-11-20 22:30:00+05:30,3118.19,260369.0,3071.42,3258.51,3069.88,256335.23,STOP_LOSS,0.01,97.71,0.025018,6513.83,-100.92,7.63,-108.54,-108.54,9770.75,9662.21
59,ETH/INR,1h,LONG,2024-11-22 00:30:00+05:30,2024-11-22 05:30:00+05:30,3384.06,282568.67,3333.3,3536.34,3331.63,278190.97,STOP_LOSS,0.01,96.62,0.022796,6441.47,-99.79,7.54,-107.34,-107.34,9662.21,9554.87
60,ETH/INR,1h,LONG,2024-11-22 09:30:00+05:30,2024-11-22 15:30:00+05:30,3377.65,282034.09,3326.99,3529.65,3325.33,277664.68,STOP_LOSS,0.01,95.55,0.022586,6369.92,-98.69,7.46,-106.14,-106.14,9554.87,9448.73
61,ETH/INR,1h,LONG,2024-11-24 07:30:00+05:30,2024-11-24 15:30:00+05:30,3440.32,287266.57,3388.71,3595.13,3387.02,282816.09,STOP_LOSS,0.01,94.49,0.021928,6299.15,-97.59,7.38,-104.97,-104.97,9448.73,9343.76
62,ETH/INR,1h,SHORT,2024-11-24 21:30:00+05:30,2024-11-25 00:30:00+05:30,3293.7,275023.89,3343.1,3145.48,3330.57,278102.82,INTRADAY_SQUAREOFF,0.01,93.44,0.02265,6229.18,-69.74,7.39,-77.13,-77.13,9343.76,9266.64
63,ETH/INR,1h,LONG,2024-11-25 21:30:00+05:30,2024-11-25 23:30:00+05:30,3532.2,294938.5,3479.21,3691.15,3477.48,290369.16,STOP_LOSS,0.01,92.67,0.020946,6177.76,-95.71,7.23,-102.94,-102.94,9266.64,9163.69
64,ETH/INR,1h,LONG,2024-11-26 02:30:00+05:30,2024-11-26 04:30:00+05:30,3503.11,292509.93,3450.57,3660.75,3448.84,287978.22,STOP_LOSS,0.01,91.64,0.020885,6109.13,-94.65,7.15,-101.8,-101.8,9163.69,9061.89
65,ETH/INR,1h,SHORT,2024-11-26 21:30:00+05:30,2024-11-27 00:30:00+05:30,3297.1,275308.23,3346.56,3148.73,3284.66,274269.07,INTRADAY_SQUAREOFF,0.01,90.62,0.021944,6041.26,22.8,7.12,15.69,15.69,9061.89,9077.58
66,ETH/INR,1h,SHORT,2024-11-27 06:30:00+05:30,2024-11-27 08:30:00+05:30,3305.63,276020.46,3355.22,3156.88,3356.9,280300.84,STOP_LOSS,0.01,90.78,0.021925,6051.72,-93.85,7.2,-101.04,-101.04,9077.58,8976.54
67,ETH/INR,1h,LONG,2024-11-28 00:30:00+05:30,2024-11-28 20:30:00+05:30,3597.94,300428.15,3543.97,3759.85,3542.2,295773.76,STOP_LOSS,0.01,89.77,0.019919,5984.36,-92.71,7.01,-99.72,-99.72,8976.54,8876.82
68,ETH/INR,1h,LONG,2024-11-30 11:30:00+05:30,2024-12-01 00:30:00+05:30,3695.96,308613.01,3640.52,3862.28,3669.71,306421.02,INTRADAY_SQUAREOFF,0.01,88.77,0.019176,5917.88,-42.03,6.96,-48.99,-48.99,8876.82,8827.83
69,ETH/INR,1h,LONG,2024-12-01 20:30:00+05:30,2024-12-02 00:30:00+05:30,3714.98,310200.78,3659.25,3882.15,3712.17,309966.22,INTRADAY_SQUAREOFF,0.01,88.28,0.018972,5885.22,-4.45,6.94,-11.39,-11.39,8827.83,8816.44
70,ETH/INR,1h,LONG,2024-12-02 07:30:00+05:30,2024-12-02 09:30:00+05:30,3739.57,312254.28,3683.48,3907.85,3681.64,307416.68,STOP_LOSS,0.01,88.16,0.018823,5877.62,-91.06,6.88,-97.94,-97.94,8816.44,8718.5
71,ETH/INR,1h,SHORT,2024-12-02 16:30:00+05:30,2024-12-02 18:30:00+05:30,3572.41,298295.94,3625.99,3411.65,3627.81,302921.77,STOP_LOSS,0.01,87.18,0.019485,5812.33,-90.13,6.91,-97.05,-97.05,8718.5,8621.45
72,ETH/INR,1h,SHORT,2024-12-02 23:30:00+05:30,2024-12-03 01:30:00+05:30,3558.38,297124.51,3611.75,3398.25,3613.56,301732.17,STOP_LOSS,0.01,86.21,0.019344,5747.63,-89.13,6.83,-95.97,-95.97,8621.45,8525.48
73,ETH/INR,1h,SHORT,2024-12-03 12:30:00+05:30,2024-12-04 00:30:00+05:30,3632.29,303296.59,3686.78,3468.84,3581.95,299093.15,INTRADAY_SQUAREOFF,0.01,85.25,0.01874,5683.65,78.77,6.66,72.11,72.11,8525.48,8597.59
74,ETH/INR,1h,LONG,2024-12-04 15:30:00+05:30,2024-12-05 00:30:00+05:30,3734.55,311835.14,3678.53,3902.61,3827.84,319624.29,INTRADAY_SQUAREOFF,0.01,85.98,0.018381,5731.73,143.17,6.85,136.32,136.32,8597.59,8733.91
75,ETH/INR,1h,LONG,2024-12-05 14:30:00+05:30,2024-12-06 00:30:00+05:30,3925.41,327771.71,3866.53,4102.05,3864.6,322693.71,STOP_LOSS,0.01,87.34,0.017764,5822.61,-90.21,6.82,-97.02,-97.02,8733.91,8636.89
76,ETH/INR,1h,SHORT,2024-12-06 14:30:00+05:30,2024-12-06 19:30:00+05:30,3880.19,323996.15,3938.4,3705.58,3940.37,329020.52,STOP_LOSS,0.01,86.37,0.017772,5757.93,-89.29,6.85,-96.14,-96.14,8636.89,8540.75
77,ETH/INR,1h,LONG,2024-12-07 10:30:00+05:30,2024-12-08 00:30:00+05:30,4007.06,334589.89,3946.96,4187.38,4011.56,334965.21,INTRADAY_SQUAREOFF,0.01,85.41,0.017017,5693.83,6.39,6.72,-0.34,-0.34,8540.75,8540.42
78,ETH/INR,1h,SHORT,2024-12-09 14:30:00+05:30,2024-12-09 19:30:00+05:30,3863.19,322576.22,3921.14,3689.34,3923.1,327578.57,STOP_LOSS,0.01,85.4,0.01765,5693.61,-88.29,6.77,-95.06,-95.06,8540.42,8445.35
79,ETH/INR,1h,SHORT,2024-12-09 21:30:00+05:30,2024-12-10 00:30:00+05:30,3803.87,317623.23,3860.93,3632.7,3838.87,320545.25,INTRADAY_SQUAREOFF,0.01,84.45,0.017726,5630.24,-51.8,6.67,-58.47,-58.47,8445.35,8386.88
80,ETH/INR,1h,SHORT,2024-12-10 18:30:00+05:30,2024-12-11 00:30:00+05:30,3667.39,306227.15,3722.4,3502.36,3582.41,299131.21,INTRADAY_SQUAREOFF,0.01,83.87,0.018259,5591.25,129.56,6.52,123.04,123.04,8386.88,8509.92
81,ETH/INR,1h,SHORT,2024-12-11 07:30:00+05:30,2024-12-11 09:30:00+05:30,3567.19,297860.42,3620.7,3406.67,3622.51,302479.49,STOP_LOSS,0.01,85.1,0.019047,5673.28,-87.98,6.75,-94.72,-94.72,8509.92,8415.2
82,ETH/INR,1h,SHORT,2024-12-11 13:30:00+05:30,2024-12-11 15:30:00+05:30,3652.2,304958.42,3706.98,3487.85,3708.83,309687.56,STOP_LOSS,0.01,84.15,0.018396,5610.13,-87.0,6.67,-93.67,-93.67,8415.2,8321.53
83,ETH/INR,1h,LONG,2024-12-12 02:30:00+05:30,2024-12-13 00:30:00+05:30,3841.23,320743.11,3783.62,4014.09,3920.34,327348.48,INTRADAY_SQUAREOFF,0.01,83.22,0.017296,5547.68,114.25,6.61,107.64,107.64,8321.53,8429.16
84,ETH/INR,1h,LONG,2024-12-13 18:30:00+05:30,2024-12-14 00:30:00+05:30,3932.63,328374.23,3873.64,4109.59,3911.88,326642.04,INTRADAY_SQUAREOFF,0.01,84.29,0.017113,5619.44,-29.64,6.61,-36.26,-36.26,8429.16,8392.91
85,ETH/INR,1h,LONG,2024-12-14 05:30:00+05:30,2024-12-14 18:30:00+05:30,3913.81,326802.8,3855.1,4089.93,3853.17,321739.81,STOP_LOSS,0.01,83.93,0.017121,5595.27,-86.68,6.55,-93.24,-93.24,8392.91,8299.67
86,ETH/INR,1h,SHORT,2024-12-15 02:30:00+05:30,2024-12-15 06:30:00+05:30,3825.24,319407.15,3882.61,3653.1,3884.56,324360.36,STOP_LOSS,0.01,83.0,0.017323,5533.11,-85.8,6.58,-92.38,-92.38,8299.67,8207.29
87,ETH/INR,1h,SHORT,2024-12-15 13:30:00+05:30,2024-12-15 17:30:00+05:30,3830.53,319849.42,3887.99,3658.16,3889.93,324809.49,STOP_LOSS,0.01,82.07,0.017107,5471.52,-84.85,6.51,-91.36,-91.36,8207.29,8115.93
88,ETH/INR,1h,SHORT,2024-12-16 02:30:00+05:30,2024-12-16 04:30:00+05:30,3888.28,324671.66,3946.61,3713.31,3948.58,329706.51,STOP_LOSS,0.01,81.16,0.016665,5410.62,-83.91,6.43,-90.34,-90.34,8115.93,8025.59
89,ETH/INR,1h,LONG,2024-12-17 09:30:00+05:30,2024-12-17 19:30:00+05:30,4042.2,337523.7,3981.57,4224.1,3979.58,332294.62,STOP_LOSS,0.01,80.26,0.015852,5350.39,-82.89,6.26,-89.16,-89.16,8025.59,7936.43
90,ETH/INR,1h,SHORT,2024-12-18 07:30:00+05:30,2024-12-19 00:30:00+05:30,3838.63,320525.69,3896.21,3665.89,3897.98,325481.13,INTRADAY_SQUAREOFF,0.01,79.36,0.016507,5290.96,-81.8,6.29,-88.09,-88.09,7936.43,7848.34
91,ETH/INR,1h,SHORT,2024-12-19 05:30:00+05:30,2024-12-19 09:30:00+05:30,3617.74,302080.93,3672.0,3454.94,3673.84,306765.45,STOP_LOSS,0.01,78.48,0.017321,5232.23,-81.14,6.22,-87.36,-87.36,7848.34,7760.98
92,ETH/INR,1h,SHORT,2024-12-19 14:30:00+05:30,2024-12-19 22:30:00+05:30,3664.33,305971.23,3719.29,3499.43,3501.18,292348.63,TARGET_HIT,0.01,77.61,0.01691,5173.99,230.36,5.97,224.39,224.39,7760.98,7985.37
93,ETH/INR,1h,SHORT,2024-12-20 07:30:00+05:30,2024-12-20 09:30:00+05:30,3371.53,281522.44,3422.1,3219.81,3423.81,285888.15,STOP_LOSS,0.01,79.85,0.01891,5323.58,-82.56,6.33,-88.89,-88.89,7985.37,7896.49
94,ETH/INR,1h,SHORT,2024-12-20 14:30:00+05:30,2024-12-20 16:30:00+05:30,3277.96,273709.3,3327.12,3130.45,3132.01,261523.08,TARGET_HIT,0.01,78.96,0.019233,5264.32,234.38,6.07,228.31,228.31,7896.49,8124.79
95,ETH/INR,1h,LONG,2024-12-21 04:30:00+05:30,2024-12-21 17:30:00+05:30,3478.8,290479.54,3426.61,3635.34,3424.9,285979.29,STOP_LOSS,0.01,81.25,0.018647,5416.53,-83.92,6.34,-90.26,-90.26,8124.79,8034.54
96,ETH/INR,1h,SHORT,2024-12-22 10:30:00+05:30,2024-12-22 13:30:00+05:30,3311.26,276490.34,3360.93,3162.25,3362.61,280778.01,STOP_LOSS,0.01,80.35,0.019373,5356.36,-83.06,6.37,-89.43,-89.43,8034.54,7945.1
97,ETH/INR,1h,SHORT,2024-12-22 20:30:00+05:30,2024-12-22 22:30:00+05:30,3273.2,273311.99,3322.3,3125.9,3323.96,277550.38,STOP_LOSS,0.01,79.45,0.01938,5296.73,-82.14,6.3,-88.44,-88.44,7945.1,7856.66
98,ETH/INR,1h,SHORT,2024-12-23 19:30:00+05:30,2024-12-23 21:30:00+05:30,3304.89,275958.07,3354.46,3156.17,3356.14,280237.49,STOP_LOSS,0.01,78.57,0.01898,5237.78,-81.22,6.23,-87.45,-87.45,7856.66,7769.21
99,ETH/INR,1h,LONG,2024-12-24 09:30:00+05:30,2024-12-25 00:30:00+05:30,3394.31,283424.93,3343.4,3547.05,3490.05,291419.48,INTRADAY_SQUAREOFF,0.01,77.69,0.018275,5179.47,146.1,6.2,139.9,139.9,7769.21,7909.11
100,ETH/INR,1h,LONG,2024-12-25 03:30:00+05:30,2024-12-26 00:30:00+05:30,3491.85,291569.15,3439.47,3648.98,3465.51,289370.31,INTRADAY_SQUAREOFF,0.01,79.09,0.018084,5272.74,-39.76,6.2,-45.96,-45.96,7909.11,7863.15
101,ETH/INR,1h,LONG,2024-12-26 05:30:00+05:30,2024-12-26 09:30:00+05:30,3498.89,292157.7,3446.41,3656.34,3444.69,287631.44,STOP_LOSS,0.01,78.63,0.017943,5242.1,-81.21,6.14,-87.35,-87.35,7863.15,7775.8
102,ETH/INR,1h,SHORT,2024-12-26 18:30:00+05:30,2024-12-27 00:30:00+05:30,3351.84,279879.03,3402.12,3201.01,3334.97,278469.68,INTRADAY_SQUAREOFF,0.01,77.76,0.018522,5183.86,26.1,6.1,20.0,20.0,7775.8,7795.8
103,ETH/INR,1h,SHORT,2024-12-27 13:30:00+05:30,2024-12-27 15:30:00+05:30,3316.41,276920.5,3366.16,3167.17,3367.84,281214.85,STOP_LOSS,0.01,77.96,0.018768,5197.2,-80.6,6.18,-86.78,-86.78,7795.8,7709.02
104,ETH/INR,1h,LONG,2024-12-29 03:30:00+05:30,2024-12-29 21:30:00+05:30,3399.94,283895.34,3348.95,3552.94,3347.27,279497.1,STOP_LOSS,0.01,77.09,0.018103,5139.35,-79.62,6.02,-85.64,-85.64,7709.02,7623.38
105,ETH/INR,1h,SHORT,2025-01-01 10:30:00+05:30,2025-01-02 00:30:00+05:30,3332.33,278249.81,3382.32,3182.38,3341.94,279051.88,INTRADAY_SQUAREOFF,0.01,76.23,0.018265,5082.26,-14.65,6.01,-20.66,-20.66,7623.38,7602.73
106,ETH/INR,1h,LONG,2025-01-02 13:30:00+05:30,2025-01-03 00:30:00+05:30,3417.96,285400.05,3366.7,3571.77,3460.08,288917.08,INTRADAY_SQUAREOFF,0.01,76.03,0.017759,5068.49,62.46,6.02,56.44,56.44,7602.73,7659.17
107,ETH/INR,1h,LONG,2025-01-03 05:30:00+05:30,2025-01-03 23:30:00+05:30,3453.48,288365.26,3401.67,3608.88,3607.08,301191.02,TARGET_HIT,0.01,76.59,0.017707,5106.11,227.11,6.16,220.95,220.95,7659.17,7880.12
108,ETH/INR,1h,LONG,2025-01-04 17:30:00+05:30,2025-01-05 00:30:00+05:30,3603.87,300923.16,3549.81,3766.04,3624.22,302622.04,INTRADAY_SQUAREOFF,0.01,78.8,0.017458,5253.41,29.66,6.22,23.44,23.44,7880.12,7903.56
109,ETH/INR,1h,LONG,2025-01-05 20:30:00+05:30,2025-01-06 00:30:00+05:30,3627.67,302910.21,3573.25,3790.91,3627.47,302893.46,INTRADAY_SQUAREOFF,0.01,79.04,0.017395,5269.04,-0.29,6.22,-6.51,-6.51,7903.56,7897.05
110,ETH/INR,1h,LONG,2025-01-06 17:30:00+05:30,2025-01-07 00:30:00+05:30,3657.61,305410.26,3602.74,3822.2,3680.85,307351.39,INTRADAY_SQUAREOFF,0.01,78.97,0.017238,5264.7,33.46,6.23,27.23,27.23,7897.05,7924.28
111,ETH/INR,1h,LONG,2025-01-07 07:30:00+05:30,2025-01-07 16:30:00+05:30,3697.89,308774.06,3642.42,3864.3,3640.6,303990.38,STOP_LOSS,0.01,79.24,0.017109,5282.85,-81.84,6.19,-88.03,-88.03,7924.28,7836.25
112,ETH/INR,1h,SHORT,2025-01-08 12:30:00+05:30,2025-01-08 14:30:00+05:30,3305.57,276015.26,3355.16,3156.82,3356.83,280295.57,STOP_LOSS,0.01,78.36,0.018927,5224.17,-81.01,6.21,-87.23,-87.23,7836.25,7749.03
113,ETH/INR,1h,SHORT,2025-01-08 18:30:00+05:30,2025-01-09 00:30:00+05:30,3337.72,278699.68,3387.79,3187.52,3291.25,274819.72,INTRADAY_SQUAREOFF,0.01,77.49,0.018536,5166.02,71.92,6.05,65.87,65.87,7749.03,7814.89
114,ETH/INR,1h,SHORT,2025-01-09 13:30:00+05:30,2025-01-09 20:30:00+05:30,3282.51,274089.95,3331.75,3134.8,3333.42,278340.4,STOP_LOSS,0.01,78.15,0.019008,5209.93,-80.79,6.2,-86.99,-86.99,7814.89,7727.9
115,ETH/INR,1h,SHORT,2025-01-10 01:30:00+05:30,2025-01-10 07:30:00+05:30,3194.8,266765.88,3242.72,3051.03,3244.34,270902.75,STOP_LOSS,0.01,77.28,0.019313,5151.94,-79.89,6.13,-86.02,-86.02,7727.9,7641.88
116,ETH/INR,1h,SHORT,2025-01-11 02:30:00+05:30,2025-01-12 00:30:00+05:30,3258.72,272103.01,3307.6,3112.08,3278.19,273729.28,INTRADAY_SQUAREOFF,0.01,76.42,0.018723,5094.59,-30.45,6.03,-36.48,-36.48,7641.88,7605.41
117,ETH/INR,1h,LONG,2025-01-12 23:30:00+05:30,2025-01-13 01:30:00+05:30,3290.83,274784.56,3241.47,3438.92,3276.05,273550.19,INTRADAY_SQUAREOFF,0.01,76.05,0.018452,5070.27,-22.78,5.97,-28.75,-28.75,7605.41,7576.66
118,ETH/INR,1h,SHORT,2025-01-13 14:30:00+05:30,2025-01-13 19:30:00+05:30,3162.07,264032.5,3209.5,3019.77,3021.28,252277.11,TARGET_HIT,0.01,75.77,0.019131,5051.11,224.89,5.83,219.06,219.06,7576.66,7795.72
119,ETH/INR,1h,SHORT,2025-01-13 22:30:00+05:30,2025-01-14 00:30:00+05:30,3005.21,250934.91,3050.29,2869.97,3008.13,251178.49,INTRADAY_SQUAREOFF,0.01,77.96,0.020711,5197.15,-5.04,6.14,-11.18,-11.18,7795.72,7784.54
120,ETH/INR,1h,LONG,2025-01-14 23:30:00+05:30,2025-01-15 01:30:00+05:30,3214.14,268380.91,3165.93,3358.78,3211.06,268123.63,INTRADAY_SQUAREOFF,0.01,77.85,0.019337,5189.69,-4.98,6.12,-11.1,-11.1,7784.54,7773.44
121,ETH/INR,1h,LONG,2025-01-15 04:30:00+05:30,2025-01-15 16:30:00+05:30,3240.11,270548.84,3191.5,3385.91,3189.91,266357.36,STOP_LOSS,0.01,77.73,0.019155,5182.3,-80.29,6.07,-86.35,-86.35,7773.44,7687.09
122,ETH/INR,1h,LONG,2025-01-15 19:30:00+05:30,2025-01-16 00:30:00+05:30,3299.56,275513.65,3250.07,3448.05,3371.23,281497.89,INTRADAY_SQUAREOFF,0.01,76.87,0.018601,5124.73,111.31,6.11,105.2,105.2,7687.09,7792.29
123,ETH/INR,1h,LONG,2025-01-16 05:30:00+05:30,2025-01-16 07:30:00+05:30,3453.01,288326.05,3401.21,3608.39,3399.51,283859.16,STOP_LOSS,0.01,77.92,0.018017,5194.86,-80.48,6.08,-86.56,-86.56,7792.29,7705.72
124,ETH/INR,1h,LONG,2025-01-18 02:30:00+05:30,2025-01-18 04:30:00+05:30,3525.99,294420.32,3473.1,3684.66,3471.37,289859.01,STOP_LOSS,0.01,77.06,0.017448,5137.15,-79.59,6.01,-85.6,-85.6,7705.72,7620.12
125,ETH/INR,1h,SHORT,2025-01-18 22:30:00+05:30,2025-01-19 00:30:00+05:30,3253.33,271652.79,3302.13,3106.93,3264.32,272570.46,INTRADAY_SQUAREOFF,0.01,76.2,0.018701,5080.08,-17.16,6.0,-23.17,-23.17,7620.12,7596.95
126,ETH/INR,1h,SHORT,2025-01-19 10:30:00+05:30,2025-01-19 16:30:00+05:30,3277.97,273710.4,3327.14,3130.46,3132.03,261524.13,TARGET_HIT,0.01,75.97,0.018504,5064.64,225.49,5.84,219.65,219.65,7596.95,7816.6
127,ETH/INR,1h,SHORT,2025-01-23 04:30:00+05:30,2025-01-23 19:30:00+05:30,3234.72,270098.95,3283.24,3089.16,3284.88,274287.51,STOP_LOSS,0.01,78.17,0.019293,5211.07,-80.81,6.2,-87.01,-87.01,7816.6,7729.59
128,ETH/INR,1h,SHORT,2025-01-24 01:30:00+05:30,2025-01-24 03:30:00+05:30,3196.49,266906.55,3244.43,3052.64,3246.06,271045.61,STOP_LOSS,0.01,77.3,0.019307,5153.06,-79.91,6.13,-86.04,-86.04,7729.59,7643.56
129,ETH/INR,1h,LONG,2025-01-24 10:30:00+05:30,2025-01-25 00:30:00+05:30,3335.95,278551.59,3285.91,3486.06,3380.66,282285.12,INTRADAY_SQUAREOFF,0.01,76.44,0.018294,5095.7,68.3,6.05,62.25,62.25,7643.56,7705.8
130,ETH/INR,1h,SHORT,2025-01-27 10:30:00+05:30,2025-01-28 00:30:00+05:30,3154.48,263399.17,3201.8,3012.53,3054.84,255079.05,INTRADAY_SQUAREOFF,0.01,77.06,0.019503,5137.2,162.27,5.97,156.31,156.31,7705.8,7862.11
131,ETH/INR,1h,SHORT,2025-01-29 15:30:00+05:30,2025-01-30 00:30:00+05:30,3121.73,260664.5,3168.56,2981.25,3112.37,259882.54,INTRADAY_SQUAREOFF,0.01,78.62,0.020108,5241.4,15.72,6.18,9.55,9.55,7862.11,7871.66
132,ETH/INR,1h,SHORT,2025-01-30 05:30:00+05:30,2025-01-30 08:30:00+05:30,3110.88,259758.79,3157.55,2970.89,3159.13,263787.0,STOP_LOSS,0.01,78.72,0.020202,5247.77,-81.38,6.24,-87.62,-87.62,7871.66,7784.04
133,ETH/INR,1h,LONG,2025-01-30 14:30:00+05:30,2025-01-31 00:30:00+05:30,3209.78,268016.74,3161.63,3354.22,3267.98,272876.28,INTRADAY_SQUAREOFF,0.01,77.84,0.019362,5189.36,94.09,6.18,87.91,87.91,7784.04,7871.95
134,ETH/INR,1h,LONG,2025-01-31 07:30:00+05:30,2025-01-31 09:30:00+05:30,3273.56,273342.41,3224.46,3420.87,3222.85,269107.65,STOP_LOSS,0.01,78.72,0.019199,5247.96,-81.3,6.14,-87.45,-87.45,7871.95,7784.5
135,ETH/INR,1h,LONG,2025-01-31 11:30:00+05:30,2025-01-31 20:30:00+05:30,3249.05,271295.84,3200.32,3395.26,3393.56,283362.4,TARGET_HIT,0.01,77.84,0.019129,5189.67,230.82,6.26,224.56,224.56,7784.5,8009.06
136,ETH/INR,1h,SHORT,2025-02-01 19:30:00+05:30,2025-02-02 00:30:00+05:30,3241.67,270679.29,3290.29,3095.79,3244.63,270926.38,INTRADAY_SQUAREOFF,0.01,80.09,0.019726,5339.37,-4.87,6.3,-11.18,-11.18,8009.06,7997.88
137,ETH/INR,1h,SHORT,2025-02-02 09:30:00+05:30,2025-02-02 11:30:00+05:30,3071.17,256442.93,3117.24,2932.97,3118.8,260419.72,STOP_LOSS,0.01,79.98,0.020792,5331.92,-82.68,6.34,-89.03,-89.03,7997.88,7908.86
138,ETH/INR,1h,SHORT,2025-02-02 18:30:00+05:30,2025-02-03 00:30:00+05:30,3051.04,254761.97,3096.81,2913.74,2915.2,243419.33,TARGET_HIT,0.01,79.09,0.020696,5272.57,234.75,6.08,228.66,228.66,7908.86,8137.52
139,ETH/INR,1h,SHORT,2025-02-03 10:30:00+05:30,2025-02-03 12:30:00+05:30,2452.15,204754.18,2488.93,2341.8,2490.17,207929.41,STOP_LOSS,0.01,81.38,0.026495,5425.02,-84.13,6.45,-90.58,-90.58,8137.52,8046.94
140,ETH/INR,1h,LONG,2025-02-04 16:30:00+05:30,2025-02-05 00:30:00+05:30,2759.12,230386.69,2717.74,2883.28,2829.85,236292.7,INTRADAY_SQUAREOFF,0.01,80.47,0.023285,5364.63,137.52,6.41,131.11,131.11,8046.94,8178.06
141,ETH/INR,1h,LONG,2025-02-06 15:30:00+05:30,2025-02-06 17:30:00+05:30,2857.5,238601.21,2814.64,2986.09,2813.23,234904.68,STOP_LOSS,0.01,81.78,0.02285,5452.04,-84.47,6.38,-90.85,-90.85,8178.06,8087.21
142,ETH/INR,1h,SHORT,2025-02-07 21:30:00+05:30,2025-02-08 00:30:00+05:30,2715.51,226745.27,2756.24,2593.31,2680.47,223819.48,INTRADAY_SQUAREOFF,0.01,80.87,0.023778,5391.47,69.57,6.32,63.25,63.25,8087.21,8150.45
143,ETH/INR,1h,SHORT,2025-02-08 11:30:00+05:30,2025-02-09 00:30:00+05:30,2615.7,218411.36,2654.94,2498.0,2633.64,219909.26,INTRADAY_SQUAREOFF,0.01,81.5,0.024878,5433.64,-37.26,6.43,-43.7,-43.7,8150.45,8106.76
144,ETH/INR,1h,SHORT,2025-02-09 04:30:00+05:30,2025-02-09 08:30:00+05:30,2625.89,219261.84,2665.28,2507.73,2666.61,222662.04,STOP_LOSS,0.01,81.07,0.024649,5404.5,-83.81,6.43,-90.24,-90.24,8106.76,8016.52
145,ETH/INR,1h,SHORT,2025-02-09 23:30:00+05:30,2025-02-10 01:30:00+05:30,2636.58,220154.39,2676.13,2517.93,2626.71,219330.32,INTRADAY_SQUAREOFF,0.01,80.17,0.024275,5344.35,20.0,6.29,13.71,13.71,8016.52,8030.23
146,ETH/INR,1h,SHORT,2025-02-10 03:30:00+05:30,2025-02-10 05:30:00+05:30,2531.37,211369.63,2569.34,2417.46,2570.63,214647.45,STOP_LOSS,0.01,80.3,0.025328,5353.49,-83.02,6.37,-89.39,-89.39,8030.23,7940.84
147,ETH/INR,1h,SHORT,2025-02-10 07:30:00+05:30,2025-02-10 09:30:00+05:30,2563.02,214012.46,2601.47,2447.69,2602.77,217331.26,STOP_LOSS,0.01,79.41,0.024736,5293.9,-82.1,6.3,-88.39,-88.39,7940.84,7852.45
148,ETH/INR,1h,SHORT,2025-02-10 18:30:00+05:30,2025-02-10 22:30:00+05:30,2635.45,220060.48,2674.99,2516.86,2676.32,223473.06,STOP_LOSS,0.01,78.52,0.023789,5234.97,-81.18,6.23,-87.41,-87.41,7852.45,7765.05
149,ETH/INR,1h,LONG,2025-02-11 11:30:00+05:30,2025-02-11 18:30:00+05:30,2722.35,227316.41,2681.52,2844.86,2680.18,223794.71,STOP_LOSS,0.01,77.65,0.022773,5176.7,-80.2,6.06,-86.26,-86.26,7765.05,7678.79
150,ETH/INR,1h,SHORT,2025-02-12 04:30:00+05:30,2025-02-12 06:30:00+05:30,2572.98,214843.44,2611.57,2457.19,2612.88,218175.12,STOP_LOSS,0.01,76.79,0.023828,5119.19,-79.39,6.09,-85.47,-85.47,7678.79,7593.31
151,ETH/INR,1h,SHORT,2025-02-12 08:30:00+05:30,2025-02-12 13:30:00+05:30,2590.26,216286.58,2629.11,2473.7,2630.43,219640.64,STOP_LOSS,0.01,75.93,0.023405,5062.21,-78.5,6.02,-84.52,-84.52,7593.31,7508.79
152,ETH/INR,1h,SHORT,2025-02-12 16:30:00+05:30,2025-02-12 18:30:00+05:30,2612.93,218179.79,2652.13,2495.35,2653.45,221563.22,STOP_LOSS,0.01,75.09,0.022944,5005.86,-77.63,5.95,-83.58,-83.58,7508.79,7425.21
153,ETH/INR,1h,LONG,2025-02-13 07:30:00+05:30,2025-02-13 10:30:00+05:30,2757.69,230267.46,2716.33,2881.79,2714.97,226700.04,STOP_LOSS,0.01,74.25,0.021497,4950.14,-76.69,5.8,-82.49,-82.49,7425.21,7342.72
154,ETH/INR,1h,LONG,2025-02-14 15:30:00+05:30,2025-02-15 00:30:00+05:30,2715.11,226711.69,2674.38,2837.29,2754.91,230034.92,INTRADAY_SQUAREOFF,0.01,73.43,0.021592,4895.15,71.76,5.82,65.94,65.94,7342.72,7408.66
155,ETH/INR,1h,LONG,2025-02-15 07:30:00+05:30,2025-02-15 19:30:00+05:30,2731.21,228055.92,2690.24,2854.11,2688.9,224522.77,STOP_LOSS,0.01,74.09,0.021657,4939.11,-76.52,5.78,-82.3,-82.3,7408.66,7326.36
156,ETH/INR,1h,SHORT,2025-02-19 10:30:00+05:30,2025-02-19 12:30:00+05:30,2665.9,222602.51,2705.89,2545.93,2707.24,226054.52,STOP_LOSS,0.01,73.26,0.021942,4884.24,-75.74,5.81,-81.55,-81.55,7326.36,7244.81
157,ETH/INR,1h,LONG,2025-02-20 16:30:00+05:30,2025-02-21 00:30:00+05:30,2747.19,229390.02,2705.98,2870.81,2737.8,228606.25,INTRADAY_SQUAREOFF,0.01,72.45,0.021055,4829.87,-16.5,5.69,-22.19,-22.19,7244.81,7222.62
158,ETH/INR,1h,LONG,2025-02-21 16:30:00+05:30,2025-02-21 20:30:00+05:30,2808.7,234526.55,2766.57,2935.09,2765.19,230893.15,STOP_LOSS,0.01,72.23,0.020531,4815.08,-74.6,5.64,-80.24,-80.24,7222.62,7142.38
159,ETH/INR,1h,SHORT,2025-02-21 23:30:00+05:30,2025-02-22 01:30:00+05:30,2654.74,221671.16,2694.57,2535.28,2640.81,220507.43,INTRADAY_SQUAREOFF,0.01,71.42,0.02148,4761.59,25.0,5.6,19.39,19.39,7142.38,7161.77
160,ETH/INR,1h,LONG,2025-02-23 06:30:00+05:30,2025-02-24 00:30:00+05:30,2773.58,231594.23,2731.98,2898.39,2807.44,234421.51,INTRADAY_SQUAREOFF,0.01,71.62,0.020616,4774.52,58.29,5.67,52.62,52.62,7161.77,7214.39
161,ETH/INR,1h,LONG,2025-02-24 03:30:00+05:30,2025-02-24 08:30:00+05:30,2810.62,234686.66,2768.46,2937.1,2767.08,231050.78,STOP_LOSS,0.01,72.14,0.020494,4809.59,-74.51,5.63,-80.14,-80.14,7214.39,7134.25
162,ETH/INR,1h,SHORT,2025-02-24 14:30:00+05:30,2025-02-25 00:30:00+05:30,2680.14,223791.34,2720.34,2559.53,2652.23,221461.43,INTRADAY_SQUAREOFF,0.01,71.34,0.021253,4756.17,49.52,5.58,43.93,43.93,7134.25,7178.18
163,ETH/INR,1h,SHORT,2025-02-25 12:30:00+05:30,2025-02-25 15:30:00+05:30,2480.2,207096.84,2517.4,2368.59,2369.78,197876.37,TARGET_HIT,0.01,71.78,0.023107,4785.45,213.06,5.52,207.54,207.54,7178.18,7385.72
164,ETH/INR,1h,SHORT,2025-02-25 19:30:00+05:30,2025-02-26 00:30:00+05:30,2410.11,201244.59,2446.27,2301.66,2447.49,204365.39,STOP_LOSS,0.01,73.86,0.024467,4923.81,-76.36,5.86,-82.21,-82.21,7385.72,7303.51
165,ETH/INR,1h,SHORT,2025-02-26 06:30:00+05:30,2025-02-26 22:30:00+05:30,2469.94,206239.78,2506.99,2358.79,2359.97,197057.47,TARGET_HIT,0.01,73.04,0.023608,4869.01,216.78,5.62,211.16,211.16,7303.51,7514.67
166,ETH/INR,1h,SHORT,2025-02-27 10:30:00+05:30,2025-02-27 12:30:00+05:30,2302.25,192237.77,2336.78,2198.65,2337.95,195218.89,STOP_LOSS,0.01,75.15,0.02606,5009.78,-77.69,5.96,-83.65,-83.65,7514.67,7431.03
167,ETH/INR,1h,SHORT,2025-02-27 18:30:00+05:30,2025-02-28 00:30:00+05:30,2339.48,195346.61,2374.57,2234.2,2325.01,194137.95,INTRADAY_SQUAREOFF,0.01,74.31,0.02536,4954.02,30.65,5.83,24.82,24.82,7431.03,7455.85
168,ETH/INR,1h,SHORT,2025-02-28 07:30:00+05:30,2025-02-28 11:30:00+05:30,2190.74,182926.91,2223.6,2092.16,2093.2,174782.55,TARGET_HIT,0.01,74.56,0.027172,4970.57,221.3,5.73,215.57,215.57,7455.85,7671.42
169,ETH/INR,1h,LONG,2025-03-02 22:30:00+05:30,2025-03-03 00:30:00+05:30,2489.93,207909.15,2452.58,2601.98,2475.03,206665.41,INTRADAY_SQUAREOFF,0.01,76.71,0.024599,5114.28,-30.59,6.02,-36.61,-36.61,7671.42,7634.81
170,ETH/INR,1h,SHORT,2025-03-04 00:30:00+05:30,2025-03-04 06:30:00+05:30,2177.4,181813.27,2210.07,2079.42,2080.46,173718.49,TARGET_HIT,0.01,76.35,0.027995,5089.87,226.61,5.87,220.74,220.74,7634.81,7855.55
171,ETH/INR,1h,SHORT,2025-03-04 13:30:00+05:30,2025-03-04 15:30:00+05:30,2071.38,172960.09,2102.45,1978.17,2103.5,175642.27,STOP_LOSS,0.01,78.56,0.030279,5237.03,-81.21,6.23,-87.44,-87.44,7855.55,7768.11
172,ETH/INR,1h,SHORT,2025-03-04 19:30:00+05:30,2025-03-04 22:30:00+05:30,2057.6,171809.24,2088.46,1965.0,2089.5,174473.57,STOP_LOSS,0.01,77.68,0.030142,5178.74,-80.31,6.16,-86.47,-86.47,7768.11,7681.64
173,ETH/INR,1h,LONG,2025-03-05 12:30:00+05:30,2025-03-06 00:30:00+05:30,2194.03,183201.88,2161.12,2292.77,2204.37,184064.97,INTRADAY_SQUAREOFF,0.01,76.82,0.027953,5121.09,24.13,6.06,18.07,18.07,7681.64,7699.71
174,ETH/INR,1h,SHORT,2025-03-07 06:30:00+05:30,2025-03-07 08:30:00+05:30,2112.25,176373.28,2143.94,2017.2,2145.01,179108.39,STOP_LOSS,0.01,77.0,0.029104,5133.14,-79.6,6.1,-85.71,-85.71,7699.71,7614.0
175,ETH/INR,1h,SHORT,2025-03-07 22:30:00+05:30,2025-03-08 00:30:00+05:30,2144.26,179045.39,2176.42,2047.76,2177.51,181821.94,STOP_LOSS,0.01,76.14,0.02835,5076.0,-78.72,6.04,-84.75,-84.75,7614.0,7529.25
176,ETH/INR,1h,SHORT,2025-03-09 19:30:00+05:30,2025-03-09 23:30:00+05:30,2107.89,176009.03,2139.51,2013.04,2014.04,168172.67,TARGET_HIT,0.01,75.29,0.028518,5019.5,223.48,5.79,217.69,217.69,7529.25,7746.94
177,ETH/INR,1h,SHORT,2025-03-10 03:30:00+05:30,2025-03-10 06:30:00+05:30,2015.54,168297.72,2045.77,1924.84,2046.8,170907.59,STOP_LOSS,0.01,77.47,0.030687,5164.63,-80.09,6.14,-86.23,-86.23,7746.94,7660.71
178,ETH/INR,1h,SHORT,2025-03-10 23:30:00+05:30,2025-03-11 01:30:00+05:30,1909.69,159459.44,1938.34,1823.76,1869.84,156131.7,INTRADAY_SQUAREOFF,0.01,76.61,0.032028,5107.14,106.58,5.96,100.62,100.62,7660.71,7761.32
179,ETH/INR,1h,SHORT,2025-03-11 05:30:00+05:30,2025-03-11 10:30:00+05:30,1858.85,155213.79,1886.73,1775.2,1887.67,157620.77,STOP_LOSS,0.01,77.61,0.033336,5174.22,-80.24,6.15,-86.39,-86.39,7761.32,7674.93
180,ETH/INR,1h,SHORT,2025-03-11 18:30:00+05:30,2025-03-11 21:30:00+05:30,1893.35,158094.4,1921.75,1808.15,1922.71,160546.05,STOP_LOSS,0.01,76.75,0.032364,5116.62,-79.35,6.08,-85.43,-85.43,7674.93,7589.5
181,ETH/INR,1h,SHORT,2025-03-12 05:30:00+05:30,2025-03-12 14:30:00+05:30,1916.38,160017.49,1945.12,1830.14,1946.1,162498.96,STOP_LOSS,0.01,75.9,0.031619,5059.67,-78.46,6.02,-84.48,-84.48,7589.5,7505.02
182,ETH/INR,1h,LONG,2025-03-15 04:30:00+05:30,2025-03-16 00:30:00+05:30,1931.09,161246.04,1902.12,2017.99,1932.32,161348.82,INTRADAY_SQUAREOFF,0.01,75.05,0.031029,5003.35,3.19,5.91,-2.72,-2.72,7505.02,7502.31
183,ETH/INR,1h,SHORT,2025-03-17 00:30:00+05:30,2025-03-17 17:30:00+05:30,1892.35,158011.42,1920.74,1807.2,1921.7,160461.78,STOP_LOSS,0.01,75.02,0.031653,5001.54,-77.56,5.95,-83.51,-83.51,7502.31,7418.8
184,ETH/INR,1h,LONG,2025-03-18 03:30:00+05:30,2025-03-18 06:30:00+05:30,1945.07,162413.64,1915.9,2032.6,1914.94,159897.44,STOP_LOSS,0.01,74.19,0.030452,4945.86,-76.62,5.79,-82.41,-82.41,7418.8,7336.38
185,ETH/INR,1h,LONG,2025-03-19 11:30:00+05:30,2025-03-19 16:30:00+05:30,1941.09,162081.03,1911.97,2028.44,2027.43,169289.99,TARGET_HIT,0.01,73.36,0.030176,4890.92,217.54,5.9,211.64,211.64,7336.38,7548.02
186,ETH/INR,1h,LONG,2025-03-19 20:30:00+05:30,2025-03-20 00:30:00+05:30,2034.87,169911.93,2004.35,2126.44,2046.5,170882.51,INTRADAY_SQUAREOFF,0.01,75.48,0.029615,5032.01,28.74,5.95,22.79,22.79,7548.02,7570.81
187,ETH/INR,1h,LONG,2025-03-20 14:30:00+05:30,2025-03-20 16:30:00+05:30,2022.27,168859.47,1991.94,2113.27,1990.94,166243.41,STOP_LOSS,0.01,75.71,0.02989,5047.21,-78.19,5.91,-84.1,-84.1,7570.81,7486.7
188,ETH/INR,1h,SHORT,2025-03-21 11:30:00+05:30,2025-03-22 00:30:00+05:30,1968.84,164398.54,1998.38,1880.25,1970.72,164555.37,INTRADAY_SQUAREOFF,0.01,74.87,0.03036,4991.14,-4.76,5.89,-10.65,-10.65,7486.7,7476.05
189,ETH/INR,1h,SHORT,2025-03-22 03:30:00+05:30,2025-03-22 14:30:00+05:30,1971.73,164639.08,2001.3,1883.0,2002.3,167192.22,STOP_LOSS,0.01,74.76,0.030272,4984.03,-77.29,5.93,-83.22,-83.22,7476.05,7392.83
190,ETH/INR,1h,LONG,2025-03-23 19:30:00+05:30,2025-03-23 22:30:00+05:30,2019.54,168631.43,1989.25,2110.42,1988.25,166018.91,STOP_LOSS,0.01,73.93,0.029227,4928.56,-76.36,5.77,-82.13,-82.13,7392.83,7310.71
191,ETH/INR,1h,LONG,2025-03-24 21:30:00+05:30,2025-03-25 00:30:00+05:30,2091.31,174624.37,2059.94,2185.42,2096.74,175078.03,INTRADAY_SQUAREOFF,0.01,73.11,0.02791,4873.8,12.66,5.76,6.9,6.9,7310.71,7317.61
192,ETH/INR,1h,SHORT,2025-03-26 23:30:00+05:30,2025-03-27 01:30:00+05:30,2004.07,167340.16,2034.13,1913.89,2001.67,167139.53,INTRADAY_SQUAREOFF,0.01,73.18,0.029153,4878.41,5.85,5.75,0.1,0.1,7317.61,7317.71
193,ETH/INR,1h,SHORT,2025-03-27 17:30:00+05:30,2025-03-28 00:30:00+05:30,2012.2,168018.88,2042.39,1921.65,2011.09,167925.73,INTRADAY_SQUAREOFF,0.01,73.18,0.029035,4878.47,2.7,5.76,-3.05,-3.05,7317.71,7314.66
194,ETH/INR,1h,SHORT,2025-03-28 10:30:00+05:30,2025-03-29 00:30:00+05:30,1927.29,160928.89,1956.2,1840.56,1878.84,156883.26,INTRADAY_SQUAREOFF,0.01,73.15,0.030302,4876.44,122.59,5.68,116.91,116.91,7314.66,7431.56
195,ETH/INR,1h,SHORT,2025-03-29 08:30:00+05:30,2025-03-29 22:30:00+05:30,1893.84,158136.05,1922.25,1808.62,1809.53,151095.44,TARGET_HIT,0.01,74.32,0.03133,4954.38,220.58,5.72,214.87,214.87,7431.56,7646.43
196,ETH/INR,1h,SHORT,2025-03-30 09:30:00+05:30,2025-03-31 00:30:00+05:30,1831.94,152967.28,1859.42,1749.51,1824.88,152377.47,INTRADAY_SQUAREOFF,0.01,76.46,0.033325,5097.62,19.66,6.0,13.65,13.65,7646.43,7660.08
197,ETH/INR,1h,SHORT,2025-03-31 03:30:00+05:30,2025-03-31 17:30:00+05:30,1799.45,150254.3,1826.44,1718.48,1827.36,152584.37,STOP_LOSS,0.01,76.6,0.033987,5106.72,-79.19,6.07,-85.27,-85.27,7660.08,7574.82
198,ETH/INR,1h,LONG,2025-04-01 14:30:00+05:30,2025-04-01 16:30:00+05:30,1890.36,157844.99,1862.0,1975.43,1861.07,155399.57,STOP_LOSS,0.01,75.75,0.031993,5049.88,-78.24,5.91,-84.15,-84.15,7574.82,7490.67
199,ETH/INR,1h,LONG,2025-04-01 20:30:00+05:30,2025-04-02 00:30:00+05:30,1887.51,157607.38,1859.2,1972.45,1907.43,159270.55,INTRADAY_SQUAREOFF,0.01,74.91,0.031685,4993.78,52.7,5.92,46.77,46.77,7490.67,7537.44
200,ETH/INR,1h,LONG,2025-04-02 02:30:00+05:30,2025-04-02 06:30:00+05:30,1914.93,159896.81,1886.21,2001.1,1885.26,157419.61,STOP_LOSS,0.01,75.37,0.031426,5024.96,-77.85,5.88,-83.73,-83.73,7537.44,7453.71
201,ETH/INR,1h,LONG,2025-04-03 01:30:00+05:30,2025-04-03 03:30:00+05:30,1916.75,160048.4,1888.0,2003.0,1887.05,157568.85,STOP_LOSS,0.01,74.54,0.031048,4969.14,-76.98,5.82,-82.8,-82.8,7453.71,7370.91
202,ETH/INR,1h,SHORT,2025-04-03 12:30:00+05:30,2025-04-04 00:30:00+05:30,1814.4,151502.16,1841.61,1732.75,1787.88,149287.89,INTRADAY_SQUAREOFF,0.01,73.71,0.032435,4913.94,71.82,5.76,66.06,66.06,7370.91,7436.97
203,ETH/INR,1h,SHORT,2025-04-04 07:30:00+05:30,2025-04-04 10:30:00+05:30,1773.21,148063.29,1799.81,1693.42,1800.71,150359.38,STOP_LOSS,0.01,74.37,0.033486,4957.98,-76.89,5.9,-82.78,-82.78,7436.97,7354.19
204,ETH/INR,1h,SHORT,2025-04-06 01:30:00+05:30,2025-04-06 04:30:00+05:30,1779.53,148590.63,1806.22,1699.45,1807.12,150894.9,STOP_LOSS,0.01,73.54,0.032995,4902.79,-76.03,5.83,-81.86,-81.86,7354.19,7272.33
205,ETH/INR,1h,SHORT,2025-04-06 08:30:00+05:30,2025-04-06 22:30:00+05:30,1803.49,150591.37,1830.54,1722.33,1723.19,143886.66,TARGET_HIT,0.01,72.72,0.032195,4848.22,215.85,5.59,210.26,210.26,7272.33,7482.59
206,ETH/INR,1h,SHORT,2025-04-07 02:30:00+05:30,2025-04-07 06:30:00+05:30,1569.62,131063.05,1593.16,1498.98,1593.96,133095.51,STOP_LOSS,0.01,74.83,0.038061,4988.39,-77.36,5.93,-83.29,-83.29,7482.59,7399.3
207,ETH/INR,1h,SHORT,2025-04-07 09:30:00+05:30,2025-04-07 11:30:00+05:30,1530.76,127818.26,1553.72,1461.87,1462.6,122127.47,TARGET_HIT,0.01,73.99,0.038593,4932.87,219.62,5.69,213.93,213.93,7399.3,7613.23
208,ETH/INR,1h,SHORT,2025-04-07 22:30:00+05:30,2025-04-08 00:30:00+05:30,1525.98,127419.74,1548.87,1457.32,1549.65,129395.7,STOP_LOSS,0.01,76.13,0.039833,5075.49,-78.71,6.04,-84.74,-84.74,7613.23,7528.49
209,ETH/INR,1h,SHORT,2025-04-08 05:30:00+05:30,2025-04-08 07:30:00+05:30,1551.24,129528.87,1574.51,1481.44,1575.3,131537.54,STOP_LOSS,0.01,75.28,0.038748,5018.99,-77.83,5.97,-83.8,-83.8,7528.49,7444.69
210,ETH/INR,1h,SHORT,2025-04-08 22:30:00+05:30,2025-04-09 00:30:00+05:30,1484.65,123967.87,1506.91,1417.84,1477.46,123367.74,INTRADAY_SQUAREOFF,0.01,74.45,0.040036,4963.13,24.03,5.84,18.18,18.18,7444.69,7462.87
211,ETH/INR,1h,SHORT,2025-04-09 08:30:00+05:30,2025-04-09 10:30:00+05:30,1415.13,118163.47,1436.36,1351.45,1437.08,119995.89,STOP_LOSS,0.01,74.63,0.042105,4975.25,-77.15,5.92,-83.07,-83.07,7462.87,7379.8
212,ETH/INR,1h,SHORT,2025-04-09 17:30:00+05:30,2025-04-09 19:30:00+05:30,1444.98,120656.24,1466.66,1379.96,1467.39,122527.32,STOP_LOSS,0.01,73.8,0.040776,4919.87,-76.29,5.85,-82.15,-82.15,7379.8,7297.66
213,ETH/INR,1h,LONG,2025-04-10 15:30:00+05:30,2025-04-10 18:30:00+05:30,1605.82,134085.66,1581.73,1678.08,1580.94,132008.34,STOP_LOSS,0.01,72.98,0.036284,4865.1,-75.37,5.7,-81.07,-81.07,7297.66,7216.59
214,ETH/INR,1h,SHORT,2025-04-11 06:30:00+05:30,2025-04-11 08:30:00+05:30,1506.25,125771.8,1528.84,1438.47,1529.61,127722.2,STOP_LOSS,0.01,72.17,0.038252,4811.06,-74.61,5.72,-80.33,-80.33,7216.59,7136.26
215,ETH/INR,1h,SHORT,2025-04-11 18:30:00+05:30,2025-04-11 22:30:00+05:30,1553.46,129714.02,1576.76,1483.56,1577.55,131725.56,STOP_LOSS,0.01,71.36,0.036677,4757.51,-73.78,5.66,-79.43,-79.43,7136.26,7056.83
216,ETH/INR,1h,SHORT,2025-04-12 00:30:00+05:30,2025-04-12 13:30:00+05:30,1560.9,130335.09,1584.31,1490.66,1585.1,132356.27,STOP_LOSS,0.01,70.57,0.036096,4704.55,-72.96,5.59,-78.55,-78.55,7056.83,6978.27
217,ETH/INR,1h,LONG,2025-04-12 19:30:00+05:30,2025-04-13 00:30:00+05:30,1643.59,137239.83,1618.94,1717.55,1649.46,137730.27,INTRADAY_SQUAREOFF,0.01,69.78,0.033898,4652.18,16.62,5.5,11.13,11.13,6978.27,6989.4
218,ETH/INR,1h,LONG,2025-04-13 15:30:00+05:30,2025-04-13 17:30:00+05:30,1627.26,135876.34,1602.85,1700.49,1602.05,133771.28,STOP_LOSS,0.01,69.89,0.034293,4659.6,-72.19,5.46,-77.64,-77.64,6989.4,6911.76
219,ETH/INR,1h,SHORT,2025-04-16 06:30:00+05:30,2025-04-16 20:30:00+05:30,1577.24,131699.3,1600.9,1506.26,1601.7,133741.63,STOP_LOSS,0.01,69.12,0.034988,4607.84,-71.46,5.48,-76.94,-76.94,6911.76,6834.82
220,ETH/INR,1h,SHORT,2025-04-16 23:30:00+05:30,2025-04-17 01:30:00+05:30,1545.62,129059.4,1568.81,1476.07,1569.59,131060.79,STOP_LOSS,0.01,68.35,0.035306,4556.55,-70.66,5.42,-76.08,-76.08,6834.82,6758.74
221,ETH/INR,1h,SHORT,2025-04-17 14:30:00+05:30,2025-04-18 00:30:00+05:30,1594.9,133174.49,1618.83,1523.13,1602.03,133769.53,INTRADAY_SQUAREOFF,0.01,67.59,0.033834,4505.83,-20.13,5.33,-25.46,-25.46,6758.74,6733.28
222,ETH/INR,1h,SHORT,2025-04-18 04:30:00+05:30,2025-04-19 00:30:00+05:30,1578.91,131838.83,1602.59,1507.86,1594.09,133106.42,INTRADAY_SQUAREOFF,0.01,67.33,0.034048,4488.85,-43.16,5.32,-48.48,-48.48,6733.28,6684.8
223,ETH/INR,1h,SHORT,2025-04-19 04:30:00+05:30,2025-04-19 22:30:00+05:30,1591.93,132926.24,1615.81,1520.29,1616.62,134987.6,STOP_LOSS,0.01,66.85,0.033526,4456.53,-69.11,5.3,-74.41,-74.41,6684.8,6610.39
224,ETH/INR,1h,LONG,2025-04-20 03:30:00+05:30,2025-04-20 12:30:00+05:30,1621.77,135417.99,1597.45,1694.75,1596.65,133320.03,STOP_LOSS,0.01,66.1,0.032543,4406.93,-68.27,5.16,-73.43,-73.43,6610.39,6536.96
225,ETH/INR,1h,SHORT,2025-04-20 16:30:00+05:30,2025-04-21 00:30:00+05:30,1571.07,131184.65,1594.64,1500.38,1582.25,132118.16,INTRADAY_SQUAREOFF,0.01,65.37,0.03322,4357.97,-31.01,5.16,-36.17,-36.17,6536.96,6500.78
226,ETH/INR,1h,LONG,2025-04-23 03:30:00+05:30,2025-04-24 00:30:00+05:30,1771.07,147884.0,1744.5,1850.76,1798.01,150133.49,INTRADAY_SQUAREOFF,0.01,65.01,0.029306,4333.86,65.92,5.15,60.77,60.77,6500.78,6561.55
227,ETH/INR,1h,LONG,2025-04-24 04:30:00+05:30,2025-04-24 07:30:00+05:30,1805.94,150795.79,1778.85,1887.2,1777.96,148459.58,STOP_LOSS,0.01,65.62,0.029009,4374.37,-67.77,5.12,-72.89,-72.89,6561.55,6488.66
228,ETH/INR,1h,SHORT,2025-04-25 08:30:00+05:30,2025-04-25 10:30:00+05:30,1739.63,145259.43,1765.73,1661.35,1766.61,147512.04,STOP_LOSS,0.01,64.89,0.02978,4325.77,-67.08,5.14,-72.23,-72.23,6488.66,6416.44
229,ETH/INR,1h,LONG,2025-04-26 21:30:00+05:30,2025-04-27 00:30:00+05:30,1804.72,150694.01,1777.65,1885.93,1803.27,150573.25,INTRADAY_SQUAREOFF,0.01,64.16,0.028386,4277.62,-3.43,5.05,-8.47,-8.47,6416.44,6407.96
230,ETH/INR,1h,LONG,2025-04-27 05:30:00+05:30,2025-04-27 10:30:00+05:30,1823.94,152299.13,1796.58,1906.02,1795.68,149939.63,STOP_LOSS,0.01,64.08,0.02805,4271.97,-66.18,5.0,-71.19,-71.19,6407.96,6336.78
231,ETH/INR,1h,SHORT,2025-04-29 10:30:00+05:30,2025-04-29 12:30:00+05:30,1789.72,149441.92,1816.57,1709.19,1817.48,151759.39,STOP_LOSS,0.01,63.37,0.028269,4224.52,-65.51,5.02,-70.54,-70.54,6336.78,6266.24
232,ETH/INR,1h,LONG,2025-04-29 23:30:00+05:30,2025-04-30 01:30:00+05:30,1829.62,152772.89,1802.17,1911.95,1821.81,152120.85,INTRADAY_SQUAREOFF,0.01,62.66,0.027344,4177.49,-17.83,4.92,-22.75,-22.75,6266.24,6243.49
233,ETH/INR,1h,LONG,2025-05-02 06:30:00+05:30,2025-05-02 12:30:00+05:30,1850.66,154529.92,1822.9,1933.94,1821.99,152135.87,STOP_LOSS,0.01,62.43,0.026935,4162.33,-64.48,4.87,-69.36,-69.36,6243.49,6174.13
234,ETH/INR,1h,LONG,2025-05-03 05:30:00+05:30,2025-05-03 22:30:00+05:30,1843.79,153956.16,1816.13,1926.76,1815.22,151570.99,STOP_LOSS,0.01,61.74,0.026735,4116.09,-63.77,4.82,-68.59,-68.59,6174.13,6105.55
235,ETH/INR,1h,LONG,2025-05-04 01:30:00+05:30,2025-05-05 00:30:00+05:30,1840.13,153651.25,1812.53,1922.94,1825.75,152449.92,INTRADAY_SQUAREOFF,0.01,61.06,0.026491,4070.36,-31.82,4.78,-36.61,-36.61,6105.55,6068.94
236,ETH/INR,1h,SHORT,2025-05-05 07:30:00+05:30,2025-05-05 10:30:00+05:30,1784.8,149031.21,1811.58,1704.49,1812.48,151342.31,STOP_LOSS,0.01,60.69,0.027148,4045.96,-62.74,4.81,-67.55,-67.55,6068.94,6001.38
237,ETH/INR,1h,SHORT,2025-05-05 16:30:00+05:30,2025-05-05 23:30:00+05:30,1799.81,150284.55,1826.81,1718.82,1827.73,152615.09,STOP_LOSS,0.01,60.01,0.026622,4000.92,-62.04,4.76,-66.8,-66.8,6001.38,5934.58
238,ETH/INR,1h,SHORT,2025-05-06 06:30:00+05:30,2025-05-07 00:30:00+05:30,1810.52,151178.05,1837.67,1729.04,1790.78,149529.93,INTRADAY_SQUAREOFF,0.01,59.35,0.02617,3956.39,43.13,4.64,38.49,38.49,5934.58,5973.07
239,ETH/INR,1h,LONG,2025-05-07 13:30:00+05:30,2025-05-07 21:30:00+05:30,1839.2,153572.93,1811.61,1921.96,1810.7,151193.7,STOP_LOSS,0.01,59.73,0.025929,3982.05,-61.69,4.66,-66.35,-66.35,5973.07,5906.72
240,ETH/INR,1h,LONG,2025-05-08 19:30:00+05:30,2025-05-08 23:30:00+05:30,1980.7,165388.34,1950.99,2069.83,2068.8,172744.4,TARGET_HIT,0.01,59.07,0.023809,3937.81,175.14,4.75,170.39,170.39,5906.72,6077.11
241,ETH/INR,1h,LONG,2025-05-09 05:30:00+05:30,2025-05-09 12:30:00+05:30,2208.38,184399.49,2175.25,2307.75,2306.6,192601.11,TARGET_HIT,0.01,60.77,0.021971,4051.41,180.2,4.89,175.31,175.31,6077.11,6252.42
242,ETH/INR,1h,LONG,2025-05-09 19:30:00+05:30,2025-05-09 21:30:00+05:30,2382.41,198931.65,2346.68,2489.62,2345.51,195849.7,STOP_LOSS,0.01,62.52,0.020953,4168.28,-64.58,4.88,-69.46,-69.46,6252.42,6182.96
243,ETH/INR,1h,LONG,2025-05-09 23:30:00+05:30,2025-05-10 01:30:00+05:30,2352.43,196428.31,2317.15,2458.29,2330.61,194605.61,INTRADAY_SQUAREOFF,0.01,61.83,0.020985,4121.98,-38.25,4.84,-43.09,-43.09,6182.96,6139.87
244,ETH/INR,1h,LONG,2025-05-10 05:30:00+05:30,2025-05-10 21:30:00+05:30,2346.98,195972.77,2311.77,2452.59,2451.37,204689.15,TARGET_HIT,0.01,61.4,0.020887,4093.25,182.06,4.94,177.12,177.12,6139.87,6316.99
245,ETH/INR,1h,LONG,2025-05-11 03:30:00+05:30,2025-05-11 12:30:00+05:30,2545.42,212542.29,2507.24,2659.96,2505.98,209249.48,STOP_LOSS,0.01,63.17,0.019814,4211.33,-65.24,4.93,-70.17,-70.17,6316.99,6246.82
246,ETH/INR,1h,SHORT,2025-05-13 06:30:00+05:30,2025-05-13 16:30:00+05:30,2458.42,205278.44,2495.3,2347.8,2496.55,208461.8,STOP_LOSS,0.01,62.47,0.020287,4164.55,-64.58,4.95,-69.53,-69.53,6246.82,6177.28
247,ETH/INR,1h,LONG,2025-05-13 21:30:00+05:30,2025-05-14 00:30:00+05:30,2572.2,214778.37,2533.61,2687.94,2686.6,224331.18,TARGET_HIT,0.01,61.77,0.019174,4118.19,183.17,4.97,178.2,178.2,6177.28,6355.48
248,ETH/INR,1h,LONG,2025-05-14 06:30:00+05:30,2025-05-14 08:30:00+05:30,2701.03,225536.13,2660.52,2822.58,2659.19,222042.01,STOP_LOSS,0.01,63.55,0.018786,4236.99,-65.64,4.96,-70.6,-70.6,6355.48,6284.88
249,ETH/INR,1h,LONG,2025-05-14 17:30:00+05:30,2025-05-14 19:30:00+05:30,2633.75,219918.09,2594.24,2752.27,2592.95,216511.01,STOP_LOSS,0.01,62.85,0.019052,4189.92,-64.91,4.91,-69.82,-69.82,6284.88,6215.06
250,ETH/INR,1h,SHORT,2025-05-15 19:30:00+05:30,2025-05-15 21:30:00+05:30,2515.41,210036.62,2553.14,2402.22,2554.42,213293.77,STOP_LOSS,0.01,62.15,0.019727,4143.37,-64.25,4.93,-69.18,-69.18,6215.06,6145.88
251,ETH/INR,1h,SHORT,2025-05-16 00:30:00+05:30,2025-05-16 03:30:00+05:30,2520.65,210473.88,2558.45,2407.22,2559.73,213737.81,STOP_LOSS,0.01,61.46,0.019467,4097.25,-63.54,4.87,-68.41,-68.41,6145.88,6077.47
252,ETH/INR,1h,SHORT,2025-05-17 11:30:00+05:30,2025-05-18 00:30:00+05:30,2476.71,206804.88,2513.86,2365.25,2467.03,205997.39,INTRADAY_SQUAREOFF,0.01,60.77,0.019592,4051.65,15.82,4.77,11.05,11.05,6077.47,6088.52
253,ETH/INR,1h,SHORT,2025-05-18 04:30:00+05:30,2025-05-18 10:30:00+05:30,2455.73,205053.33,2492.56,2345.22,2493.81,208233.2,STOP_LOSS,0.01,60.89,0.019795,4059.01,-62.95,4.83,-67.77,-67.77,6088.52,6020.75
254,ETH/INR,1h,SHORT,2025-05-18 15:30:00+05:30,2025-05-18 19:30:00+05:30,2504.38,209115.51,2541.94,2391.68,2543.21,212358.36,STOP_LOSS,0.01,60.21,0.019194,4013.83,-62.24,4.77,-67.02,-67.02,6020.75,5953.73
255,ETH/INR,1h,SHORT,2025-05-19 12:30:00+05:30,2025-05-19 14:30:00+05:30,2354.28,196582.79,2389.6,2248.34,2390.79,199631.3,STOP_LOSS,0.01,59.54,0.020191,3969.15,-61.55,4.72,-66.27,-66.27,5953.73,5887.46
256,ETH/INR,1h,SHORT,2025-05-19 18:30:00+05:30,2025-05-19 20:30:00+05:30,2387.03,199316.99,2422.84,2279.61,2424.05,202407.89,STOP_LOSS,0.01,58.87,0.019692,3924.97,-60.87,4.67,-65.53,-65.53,5887.46,5821.92
257,ETH/INR,1h,LONG,2025-05-23 05:30:00+05:30,2025-05-23 16:30:00+05:30,2666.04,222614.08,2626.05,2786.01,2624.73,219165.24,STOP_LOSS,0.01,58.22,0.017435,3881.28,-60.13,4.54,-64.68,-64.68,5821.92,5757.25
258,ETH/INR,1h,SHORT,2025-05-24 00:30:00+05:30,2025-05-25 00:30:00+05:30,2554.09,213266.7,2592.4,2439.16,2551.06,213013.17,INTRADAY_SQUAREOFF,0.01,57.57,0.017997,3838.17,4.56,4.53,0.04,0.04,5757.25,5757.29
259,ETH/INR,1h,SHORT,2025-05-25 04:30:00+05:30,2025-05-26 00:30:00+05:30,2524.14,210766.01,2562.01,2410.56,2517.97,210250.56,INTRADAY_SQUAREOFF,0.01,57.57,0.018211,3838.19,9.39,4.52,4.86,4.86,5757.29,5762.15
260,ETH/INR,1h,LONG,2025-05-26 18:30:00+05:30,2025-05-26 22:30:00+05:30,2574.47,214967.87,2535.85,2690.32,2534.58,211637.48,STOP_LOSS,0.01,57.62,0.01787,3841.43,-59.51,4.5,-64.01,-64.01,5762.15,5698.14
261,ETH/INR,1h,LONG,2025-05-27 02:30:00+05:30,2025-05-27 06:30:00+05:30,2568.14,214440.05,2529.62,2683.71,2528.36,211117.83,STOP_LOSS,0.01,56.98,0.017715,3798.76,-58.85,4.45,-63.3,-63.3,5698.14,5634.84
262,ETH/INR,1h,LONG,2025-05-27 21:30:00+05:30,2025-05-28 00:30:00+05:30,2671.24,223048.42,2631.17,2791.44,2679.87,223769.01,INTRADAY_SQUAREOFF,0.01,56.35,0.016842,3756.56,12.14,4.44,7.7,7.7,5634.84,5642.53
263,ETH/INR,1h,LONG,2025-05-28 14:30:00+05:30,2025-05-29 00:30:00+05:30,2646.6,220991.45,2606.91,2765.7,2635.29,220046.62,INTRADAY_SQUAREOFF,0.01,56.43,0.017022,3761.69,-16.08,4.43,-20.51,-20.51,5642.53,5622.02
264,ETH/INR,1h,LONG,2025-05-29 05:30:00+05:30,2025-05-29 19:30:00+05:30,2685.43,224233.26,2645.15,2806.27,2643.82,220759.32,STOP_LOSS,0.01,56.22,0.016715,3748.01,-58.07,4.39,-62.45,-62.45,5622.02,5559.57
265,ETH/INR,1h,SHORT,2025-05-30 06:30:00+05:30,2025-05-30 08:30:00+05:30,2566.76,214324.74,2605.26,2451.26,2606.57,217648.38,STOP_LOSS,0.01,55.6,0.017293,3706.38,-57.48,4.41,-61.88,-61.88,5559.57,5497.68
266,ETH/INR,1h,SHORT,2025-05-30 19:30:00+05:30,2025-05-31 00:30:00+05:30,2574.86,215001.17,2613.49,2459.0,2578.87,215335.24,INTRADAY_SQUAREOFF,0.01,54.98,0.017047,3665.12,-5.7,4.33,-10.02,-10.02,5497.68,5487.66
267,ETH/INR,1h,SHORT,2025-05-31 04:30:00+05:30,2025-06-01 00:30:00+05:30,2524.68,210810.81,2562.55,2411.07,2541.98,212255.11,INTRADAY_SQUAREOFF,0.01,54.88,0.017354,3658.44,-25.06,4.33,-29.4,-29.4,5487.66,5458.26
268,ETH/INR,1h,SHORT,2025-06-01 04:30:00+05:30,2025-06-02 00:30:00+05:30,2531.45,211376.07,2569.42,2417.53,2521.84,210573.32,INTRADAY_SQUAREOFF,0.01,54.58,0.017215,3638.84,13.82,4.29,9.53,9.53,5458.26,5467.8
269,ETH/INR,1h,LONG,2025-06-03 03:30:00+05:30,2025-06-04 00:30:00+05:30,2562.16,213940.04,2523.72,2677.45,2618.38,218634.9,INTRADAY_SQUAREOFF,0.01,54.68,0.017038,3645.2,79.99,4.35,75.64,75.64,5467.8,5543.44
270,ETH/INR,1h,LONG,2025-06-04 07:30:00+05:30,2025-06-05 00:30:00+05:30,2618.49,218644.3,2579.22,2736.33,2628.92,219514.74,INTRADAY_SQUAREOFF,0.01,55.43,0.016902,3695.63,14.71,4.37,10.34,10.34,5543.44,5553.79
271,ETH/INR,1h,LONG,2025-06-05 10:30:00+05:30,2025-06-05 15:30:00+05:30,2635.22,220040.89,2595.69,2753.81,2594.39,216631.91,STOP_LOSS,0.01,55.54,0.016827,3702.52,-57.36,4.34,-61.7,-61.7,5553.79,5492.09
272,ETH/INR,1h,SHORT,2025-06-06 01:30:00+05:30,2025-06-06 05:30:00+05:30,2515.92,210079.17,2553.66,2402.7,2403.9,200725.92,TARGET_HIT,0.01,54.92,0.017429,3661.39,163.01,4.22,158.79,158.79,5492.09,5650.88
273,ETH/INR,1h,LONG,2025-06-08 20:30:00+05:30,2025-06-09 00:30:00+05:30,2517.76,210233.3,2480.0,2631.06,2532.12,211432.04,INTRADAY_SQUAREOFF,0.01,56.51,0.017919,3767.25,21.48,4.46,17.02,17.02,5650.88,5667.9
274,ETH/INR,1h,LONG,2025-06-10 02:30:00+05:30,2025-06-10 05:30:00+05:30,2593.2,216532.38,2554.3,2709.9,2708.54,226163.2,TARGET_HIT,0.01,56.68,0.017451,3778.6,168.06,4.56,163.5,163.5,5667.9,5831.41
275,ETH/INR,1h,LONG,2025-06-10 15:30:00+05:30,2025-06-11 00:30:00+05:30,2693.88,224938.83,2653.47,2815.1,2753.66,229930.6,INTRADAY_SQUAREOFF,0.01,58.31,0.017283,3887.6,86.27,4.64,81.63,81.63,5831.41,5913.04
276,ETH/INR,1h,LONG,2025-06-11 05:30:00+05:30,2025-06-11 13:30:00+05:30,2815.19,235068.68,2772.97,2941.88,2771.58,231426.88,STOP_LOSS,0.01,59.13,0.01677,3942.03,-61.07,4.62,-65.69,-65.69,5913.04,5847.35
277,ETH/INR,1h,LONG,2025-06-11 20:30:00+05:30,2025-06-11 23:30:00+05:30,2851.24,238078.63,2808.47,2979.55,2807.07,234390.2,STOP_LOSS,0.01,58.47,0.016374,3898.24,-60.39,4.56,-64.96,-64.96,5847.35,5782.4
278,ETH/INR,1h,SHORT,2025-06-12 17:30:00+05:30,2025-06-12 19:30:00+05:30,2725.45,227574.75,2766.33,2602.8,2767.71,231103.87,STOP_LOSS,0.01,57.82,0.016939,3854.93,-59.78,4.58,-64.36,-64.36,5782.4,5718.03
279,ETH/INR,1h,SHORT,2025-06-12 21:30:00+05:30,2025-06-12 23:30:00+05:30,2715.49,226743.49,2756.22,2593.29,2757.6,230259.72,STOP_LOSS,0.01,57.18,0.016812,3812.02,-59.11,4.53,-63.65,-63.65,5718.03,5654.38
280,ETH/INR,1h,SHORT,2025-06-13 06:30:00+05:30,2025-06-13 12:30:00+05:30,2502.49,208957.8,2540.03,2389.88,2541.3,212198.21,STOP_LOSS,0.01,56.54,0.01804,3769.59,-58.46,4.48,-62.94,-62.94,5654.38,5591.44
281,ETH/INR,1h,SHORT,2025-06-14 06:30:00+05:30,2025-06-15 00:30:00+05:30,2560.74,213821.85,2599.15,2445.51,2510.5,209627.16,INTRADAY_SQUAREOFF,0.01,55.91,0.017433,3727.63,73.13,4.36,68.77,68.77,5591.44,5660.22
282,ETH/INR,1h,SHORT,2025-06-15 08:30:00+05:30,2025-06-16 00:30:00+05:30,2528.74,211149.88,2566.67,2414.95,2550.48,212964.95,INTRADAY_SQUAREOFF,0.01,56.6,0.017871,3773.48,-32.44,4.47,-36.91,-36.91,5660.22,5623.31
283,ETH/INR,1h,LONG,2025-06-16 10:30:00+05:30,2025-06-17 00:30:00+05:30,2578.69,215320.52,2540.01,2694.73,2653.81,221593.49,INTRADAY_SQUAREOFF,0.01,56.23,0.017411,3748.87,109.22,4.49,104.73,104.73,5623.31,5728.03
284,ETH/INR,1h,SHORT,2025-06-17 14:30:00+05:30,2025-06-18 00:30:00+05:30,2569.37,214542.47,2607.91,2453.75,2498.33,208610.58,INTRADAY_SQUAREOFF,0.01,57.28,0.017799,3818.69,105.58,4.44,101.14,101.14,5728.03,5829.17
285,ETH/INR,1h,SHORT,2025-06-18 04:30:00+05:30,2025-06-18 06:30:00+05:30,2492.9,208156.82,2530.29,2380.72,2531.55,211384.81,STOP_LOSS,0.01,58.29,0.018669,3886.12,-60.26,4.62,-64.89,-64.89,5829.17,5764.29
286,ETH/INR,1h,SHORT,2025-06-18 12:30:00+05:30,2025-06-19 00:30:00+05:30,2520.34,210448.64,2558.15,2406.93,2479.1,207004.71,INTRADAY_SQUAREOFF,0.01,57.64,0.01826,3842.86,62.89,4.5,58.39,58.39,5764.29,5822.68
287,ETH/INR,1h,SHORT,2025-06-19 07:30:00+05:30,2025-06-20 00:30:00+05:30,2510.22,209603.05,2547.87,2397.26,2506.33,209278.3,INTRADAY_SQUAREOFF,0.01,58.23,0.01852,3881.79,6.01,4.58,1.44,1.44,5822.68,5824.12
288,ETH/INR,1h,SHORT,2025-06-20 08:30:00+05:30,2025-06-20 13:30:00+05:30,2514.36,209948.74,2552.07,2401.21,2553.35,213204.52,STOP_LOSS,0.01,58.24,0.018494,3882.74,-60.21,4.62,-64.83,-64.83,5824.12,5759.29
289,ETH/INR,1h,SHORT,2025-06-21 04:30:00+05:30,2025-06-21 06:30:00+05:30,2385.09,199154.8,2420.86,2277.76,2422.07,202243.19,STOP_LOSS,0.01,57.59,0.019279,3839.52,-59.54,4.57,-64.11,-64.11,5759.29,5695.18
290,ETH/INR,1h,SHORT,2025-06-21 18:30:00+05:30,2025-06-22 00:30:00+05:30,2434.68,203295.82,2471.2,2325.12,2389.0,199481.65,INTRADAY_SQUAREOFF,0.01,56.95,0.018676,3796.79,71.23,4.44,66.8,66.8,5695.18,5761.98
291,ETH/INR,1h,SHORT,2025-06-22 03:30:00+05:30,2025-06-22 05:30:00+05:30,2250.71,187934.53,2284.47,2149.43,2285.62,190848.93,STOP_LOSS,0.01,57.62,0.02044,3841.32,-59.57,4.57,-64.14,-64.14,5761.98,5697.84
292,ETH/INR,1h,SHORT,2025-06-22 13:30:00+05:30,2025-06-22 19:30:00+05:30,2268.7,189436.33,2302.73,2166.61,2167.69,181002.15,TARGET_HIT,0.01,56.98,0.020052,3798.56,169.12,4.38,164.74,164.74,5697.84,5862.58
293,ETH/INR,1h,LONG,2025-06-24 04:30:00+05:30,2025-06-24 07:30:00+05:30,2433.6,203205.82,2397.1,2543.11,2395.9,200057.66,STOP_LOSS,0.01,58.63,0.019234,3908.38,-60.55,4.58,-65.13,-65.13,5862.58,5797.45
294,ETH/INR,1h,LONG,2025-06-24 11:30:00+05:30,2025-06-24 13:30:00+05:30,2426.13,202582.09,2389.74,2535.31,2388.55,199443.59,STOP_LOSS,0.01,57.97,0.019079,3864.97,-59.88,4.53,-64.4,-64.4,5797.45,5733.05
295,ETH/INR,1h,LONG,2025-06-25 02:30:00+05:30,2025-06-25 14:30:00+05:30,2452.15,204754.42,2415.37,2562.5,2414.16,201582.27,STOP_LOSS,0.01,57.33,0.018666,3822.03,-59.21,4.48,-63.69,-63.69,5733.05,5669.36
296,ETH/INR,1h,LONG,2025-06-26 02:30:00+05:30,2025-06-27 00:30:00+05:30,2442.78,203972.06,2406.14,2552.7,2425.37,202518.51,INTRADAY_SQUAREOFF,0.01,56.69,0.01853,3779.57,-26.93,4.44,-31.38,-31.38,5669.36,5637.98
297,ETH/INR,1h,SHORT,2025-06-27 11:30:00+05:30,2025-06-28 00:30:00+05:30,2435.45,203360.39,2471.99,2325.86,2395.91,200058.34,INTRADAY_SQUAREOFF,0.01,56.38,0.018483,3758.65,61.03,4.4,56.63,56.63,5637.98,5694.61
298,ETH/INR,1h,SHORT,2025-06-28 06:30:00+05:30,2025-06-29 00:30:00+05:30,2418.01,201904.19,2454.28,2309.2,2438.9,203648.27,INTRADAY_SQUAREOFF,0.01,56.95,0.018803,3796.41,-32.79,4.5,-37.29,-37.29,5694.61,5657.32
299,ETH/INR,1h,LONG,2025-06-30 06:30:00+05:30,2025-06-30 11:30:00+05:30,2522.86,210659.15,2485.02,2636.39,2483.78,207395.51,STOP_LOSS,0.01,56.57,0.017904,3771.55,-58.43,4.42,-62.85,-62.85,5657.32,5594.47
300,ETH/INR,1h,SHORT,2025-07-01 20:30:00+05:30,2025-07-02 00:30:00+05:30,2410.67,201291.05,2446.83,2302.19,2412.38,201433.84,INTRADAY_SQUAREOFF,0.01,55.94,0.018529,3729.65,-2.65,4.4,-7.05,-7.05,5594.47,5587.43
301,ETH/INR,1h,SHORT,2025-07-02 04:30:00+05:30,2025-07-02 09:30:00+05:30,2399.67,200372.28,2435.66,2291.68,2436.88,203479.55,STOP_LOSS,0.01,55.87,0.01859,3724.95,-57.76,4.43,-62.19,-62.19,5587.43,5525.23
302,ETH/INR,1h,LONG,2025-07-03 11:30:00+05:30,2025-07-04 00:30:00+05:30,2598.66,216988.38,2559.68,2715.6,2585.09,215854.78,INTRADAY_SQUAREOFF,0.01,55.25,0.016976,3683.49,-19.24,4.34,-23.58,-23.58,5525.23,5501.65
303,ETH/INR,1h,SHORT,2025-07-04 19:30:00+05:30,2025-07-05 00:30:00+05:30,2524.58,210802.28,2562.45,2410.97,2485.61,207548.69,INTRADAY_SQUAREOFF,0.01,55.02,0.017399,3667.77,56.61,4.29,52.31,52.31,5501.65,5553.97
304,ETH/INR,1h,SHORT,2025-07-05 19:30:00+05:30,2025-07-06 00:30:00+05:30,2513.41,209869.71,2551.11,2400.31,2494.7,208307.42,INTRADAY_SQUAREOFF,0.01,55.54,0.017643,3702.64,27.56,4.35,23.21,23.21,5553.97,5577.18
305,ETH/INR,1h,SHORT,2025-07-06 11:30:00+05:30,2025-07-06 18:30:00+05:30,2509.32,209528.44,2546.96,2396.4,2548.24,212777.7,STOP_LOSS,0.01,55.77,0.017745,3718.12,-57.66,4.42,-62.08,-62.08,5577.18,5515.1
306,ETH/INR,1h,LONG,2025-07-07 03:30:00+05:30,2025-07-07 05:30:00+05:30,2600.72,217159.89,2561.71,2717.75,2560.43,213795.54,STOP_LOSS,0.01,55.15,0.016931,3676.73,-56.96,4.3,-61.27,-61.27,5515.1,5453.83
307,ETH/INR,1h,LONG,2025-07-07 13:30:00+05:30,2025-07-07 18:30:00+05:30,2580.11,215439.1,2541.41,2696.21,2540.14,212101.41,STOP_LOSS,0.01,54.54,0.016877,3635.89,-56.33,4.26,-60.59,-60.59,5453.83,5393.24
308,ETH/INR,1h,LONG,2025-07-08 23:30:00+05:30,2025-07-09 01:30:00+05:30,2627.36,219384.23,2587.95,2745.59,2609.6,217901.32,INTRADAY_SQUAREOFF,0.01,53.93,0.016389,3595.5,-24.3,4.23,-28.53,-28.53,5393.24,5364.71
309,ETH/INR,1h,LONG,2025-07-09 05:30:00+05:30,2025-07-10 00:30:00+05:30,2619.25,218707.51,2579.96,2737.12,2735.75,228435.07,TARGET_HIT,0.01,53.65,0.016353,3576.48,159.07,4.31,154.76,154.76,5364.71,5519.47
310,ETH/INR,1h,LONG,2025-07-10 04:30:00+05:30,2025-07-11 00:30:00+05:30,2783.08,232387.43,2741.34,2908.32,2811.34,234746.89,INTRADAY_SQUAREOFF,0.01,55.19,0.015834,3679.65,37.36,4.36,33.0,33.0,5519.47,5552.47
311,ETH/INR,1h,LONG,2025-07-11 08:30:00+05:30,2025-07-12 00:30:00+05:30,2969.41,247945.53,2924.87,3103.03,2994.17,250013.27,INTRADAY_SQUAREOFF,0.01,55.52,0.014929,3701.64,30.87,4.39,26.48,26.48,5552.47,5578.95
312,ETH/INR,1h,SHORT,2025-07-13 02:30:00+05:30,2025-07-13 10:30:00+05:30,2917.67,243625.76,2961.44,2786.38,2962.92,247403.78,STOP_LOSS,0.01,55.79,0.015266,3719.3,-57.68,4.42,-62.1,-62.1,5578.95,5516.85
313,ETH/INR,1h,SHORT,2025-07-13 15:30:00+05:30,2025-07-13 17:30:00+05:30,2944.48,245863.83,2988.64,2811.98,2990.14,249676.56,STOP_LOSS,0.01,55.17,0.014959,3677.9,-57.04,4.37,-61.41,-61.41,5516.85,5455.44
314,ETH/INR,1h,LONG,2025-07-14 05:30:00+05:30,2025-07-15 00:30:00+05:30,2979.44,248783.48,2934.75,3113.52,2987.68,249471.2,INTRADAY_SQUAREOFF,0.01,54.55,0.014619,3636.96,10.05,4.3,5.76,5.76,5455.44,5461.2
315,ETH/INR,1h,LONG,2025-07-15 23:30:00+05:30,2025-07-16 01:30:00+05:30,3096.8,258583.17,3050.35,3236.16,3048.83,254577.07,STOP_LOSS,0.01,54.61,0.01408,3640.8,-56.41,4.26,-60.67,-60.67,5461.2,5400.53
316,ETH/INR,1h,LONG,2025-07-16 19:30:00+05:30,2025-07-16 23:30:00+05:30,3199.28,267140.27,3151.3,3343.25,3341.58,279022.0,TARGET_HIT,0.01,54.01,0.013477,3600.35,160.13,4.34,155.79,155.79,5400.53,5556.32
317,ETH/INR,1h,LONG,2025-07-17 10:30:00+05:30,2025-07-18 00:30:00+05:30,3353.1,279984.16,3302.81,3503.99,3427.79,286220.6,INTRADAY_SQUAREOFF,0.01,55.56,0.01323,3704.21,82.51,4.42,78.09,78.09,5556.32,5634.41
318,ETH/INR,1h,LONG,2025-07-18 06:30:00+05:30,2025-07-19 00:30:00+05:30,3543.38,295872.57,3490.23,3702.84,3570.07,298100.75,INTRADAY_SQUAREOFF,0.01,56.34,0.012696,3756.27,28.29,4.45,23.84,23.84,5634.41,5658.25
319,ETH/INR,1h,LONG,2025-07-20 14:30:00+05:30,2025-07-21 00:30:00+05:30,3716.58,310334.08,3660.83,3883.82,3750.41,313159.07,INTRADAY_SQUAREOFF,0.01,56.58,0.012155,3772.17,34.34,4.47,29.87,29.87,5658.25,5688.12
320,ETH/INR,1h,LONG,2025-07-21 03:30:00+05:30,2025-07-21 05:30:00+05:30,3774.72,315189.4,3718.1,3944.59,3716.24,310306.33,STOP_LOSS,0.01,56.88,0.012031,3792.08,-58.75,4.44,-63.19,-63.19,5688.12,5624.93
321,ETH/INR,1h,LONG,2025-07-21 16:30:00+05:30,2025-07-21 21:30:00+05:30,3820.27,318992.91,3762.97,3992.19,3761.09,314050.92,STOP_LOSS,0.01,56.25,0.011756,3749.95,-58.1,4.39,-62.49,-62.49,5624.93,5562.44
322,ETH/INR,1h,LONG,2025-07-22 07:30:00+05:30,2025-07-22 09:30:00+05:30,3799.26,317238.46,3742.27,3970.23,3740.4,312323.64,STOP_LOSS,0.01,55.62,0.011689,3708.29,-57.45,4.34,-61.79,-61.79,5562.44,5500.65
323,ETH/INR,1h,SHORT,2025-07-22 13:30:00+05:30,2025-07-22 20:30:00+05:30,3670.34,306473.06,3725.39,3505.17,3727.25,311225.69,STOP_LOSS,0.01,55.01,0.011965,3667.1,-56.87,4.36,-61.23,-61.23,5500.65,5439.42
324,ETH/INR,1h,SHORT,2025-07-23 01:30:00+05:30,2025-07-23 03:30:00+05:30,3660.4,305643.65,3715.31,3495.68,3717.17,310383.42,STOP_LOSS,0.01,54.39,0.011864,3626.28,-56.23,4.31,-60.55,-60.55,5439.42,5378.87
325,ETH/INR,1h,SHORT,2025-07-23 09:30:00+05:30,2025-07-23 22:30:00+05:30,3727.58,311253.0,3783.49,3559.84,3561.62,297395.24,TARGET_HIT,0.01,53.79,0.011521,3585.92,159.65,4.14,155.52,155.52,5378.87,5534.39
326,ETH/INR,1h,SHORT,2025-07-24 10:30:00+05:30,2025-07-24 16:30:00+05:30,3606.65,301155.53,3660.75,3444.35,3662.58,305825.7,STOP_LOSS,0.01,55.34,0.012251,3689.59,-57.22,4.39,-61.6,-61.6,5534.39,5472.79
327,ETH/INR,1h,LONG,2025-07-25 00:30:00+05:30,2025-07-25 05:30:00+05:30,3753.05,313379.5,3696.75,3921.94,3694.9,308524.47,STOP_LOSS,0.01,54.73,0.011643,3648.52,-56.52,4.27,-60.8,-60.8,5472.79,5411.99
328,ETH/INR,1h,LONG,2025-07-26 00:30:00+05:30,2025-07-27 00:30:00+05:30,3656.83,305344.99,3601.97,3821.38,3740.39,312322.7,INTRADAY_SQUAREOFF,0.01,54.12,0.011816,3607.99,82.45,4.31,78.14,78.14,5411.99,5490.13
329,ETH/INR,1h,LONG,2025-07-27 03:30:00+05:30,2025-07-28 00:30:00+05:30,3761.22,314062.03,3704.8,3930.48,3847.71,321283.94,INTRADAY_SQUAREOFF,0.01,54.9,0.011654,3660.09,84.16,4.37,79.8,79.8,5490.13,5569.93
330,ETH/INR,1h,LONG,2025-07-28 05:30:00+05:30,2025-07-28 19:30:00+05:30,3877.83,323798.56,3819.66,4052.33,3817.75,318782.11,STOP_LOSS,0.01,55.7,0.011468,3713.29,-57.53,4.35,-61.88,-61.88,5569.93,5508.05
331,ETH/INR,1h,SHORT,2025-07-29 07:30:00+05:30,2025-07-29 11:30:00+05:30,3758.5,313834.38,3814.87,3589.36,3816.78,318701.16,STOP_LOSS,0.01,55.08,0.011701,3672.04,-56.94,4.37,-61.31,-61.31,5508.05,5446.74
332,ETH/INR,1h,SHORT,2025-07-30 10:30:00+05:30,2025-07-31 00:30:00+05:30,3799.97,317297.9,3856.97,3628.98,3740.11,312299.5,INTRADAY_SQUAREOFF,0.01,54.47,0.011444,3631.16,57.2,4.25,52.95,52.95,5446.74,5499.69
333,ETH/INR,1h,SHORT,2025-07-31 23:30:00+05:30,2025-08-01 01:30:00+05:30,3769.28,314734.88,3825.82,3599.66,3740.11,312298.93,INTRADAY_SQUAREOFF,0.01,55.0,0.011649,3666.46,28.38,4.31,24.07,24.07,5499.69,5523.76
334,ETH/INR,1h,SHORT,2025-08-01 10:30:00+05:30,2025-08-02 00:30:00+05:30,3678.82,307181.54,3734.0,3513.27,3553.45,296713.03,INTRADAY_SQUAREOFF,0.01,55.24,0.011988,3682.51,125.5,4.27,121.23,121.23,5523.76,5644.99
335,ETH/INR,1h,SHORT,2025-08-02 11:30:00+05:30,2025-08-03 00:30:00+05:30,3514.59,293468.61,3567.31,3356.44,3384.22,282582.09,INTRADAY_SQUAREOFF,0.01,56.45,0.012824,3763.32,139.6,4.36,135.25,135.25,5644.99,5780.23
336,ETH/INR,1h,SHORT,2025-08-03 12:30:00+05:30,2025-08-03 16:30:00+05:30,3436.27,286928.71,3487.82,3281.64,3489.56,291378.26,STOP_LOSS,0.01,57.8,0.01343,3853.49,-59.76,4.58,-64.34,-64.34,5780.23,5715.89
337,ETH/INR,1h,SHORT,2025-08-03 20:30:00+05:30,2025-08-04 00:30:00+05:30,3468.0,289578.08,3520.02,3311.94,3498.38,292114.7,INTRADAY_SQUAREOFF,0.01,57.16,0.013159,3810.59,-33.38,4.52,-37.9,-37.9,5715.89,5678.0
338,ETH/INR,1h,LONG,2025-08-04 08:30:00+05:30,2025-08-05 00:30:00+05:30,3571.75,298240.85,3518.17,3732.48,3673.83,306764.41,INTRADAY_SQUAREOFF,0.01,56.78,0.012692,3785.33,108.18,4.53,103.65,103.65,5678.0,5781.65
339,ETH/INR,1h,LONG,2025-08-05 02:30:00+05:30,2025-08-05 08:30:00+05:30,3712.45,309989.82,3656.77,3879.51,3654.94,305187.3,STOP_LOSS,0.01,57.82,0.012434,3854.43,-59.71,4.51,-64.23,-64.23,5781.65,5717.42
340,ETH/INR,1h,SHORT,2025-08-06 06:30:00+05:30,2025-08-06 10:30:00+05:30,3570.42,298130.27,3623.98,3409.75,3625.79,302753.52,STOP_LOSS,0.01,57.17,0.012785,3811.61,-59.11,4.53,-63.64,-63.64,5717.42,5653.78
341,ETH/INR,1h,SHORT,2025-08-06 16:30:00+05:30,2025-08-06 20:30:00+05:30,3610.54,301480.07,3664.7,3448.07,3666.53,306155.27,STOP_LOSS,0.01,56.54,0.012502,3769.19,-58.45,4.48,-62.93,-62.93,5653.78,5590.85
342,ETH/INR,1h,LONG,2025-08-07 11:30:00+05:30,2025-08-07 18:30:00+05:30,3690.33,308142.36,3634.97,3856.39,3854.46,321847.76,TARGET_HIT,0.01,55.91,0.012096,3727.23,165.78,4.5,161.28,161.28,5590.85,5752.13
343,ETH/INR,1h,LONG,2025-08-08 01:30:00+05:30,2025-08-08 23:30:00+05:30,3879.94,323974.62,3821.74,4054.53,4052.51,338384.2,TARGET_HIT,0.01,57.52,0.011837,3834.75,170.56,4.63,165.93,165.93,5752.13,5918.06
344,ETH/INR,1h,LONG,2025-08-09 07:30:00+05:30,2025-08-09 14:30:00+05:30,4036.06,337010.91,3975.52,4217.68,4215.57,352000.31,TARGET_HIT,0.01,59.18,0.011707,3945.38,175.48,4.76,170.72,170.72,5918.06,6088.78
345,ETH/INR,1h,LONG,2025-08-12 06:30:00+05:30,2025-08-12 20:30:00+05:30,4278.34,357241.57,4214.17,4470.87,4468.63,373130.79,TARGET_HIT,0.01,60.89,0.011363,4059.19,180.54,4.9,175.65,175.65,6088.78,6264.43
346,ETH/INR,1h,LONG,2025-08-12 23:30:00+05:30,2025-08-13 01:30:00+05:30,4503.87,376073.34,4436.31,4706.55,4510.28,376608.25,INTRADAY_SQUAREOFF,0.01,62.64,0.011105,4176.29,5.94,4.93,1.01,1.01,6264.43,6265.44
347,ETH/INR,1h,LONG,2025-08-13 08:30:00+05:30,2025-08-14 00:30:00+05:30,4624.3,386129.19,4554.94,4832.4,4713.86,393607.36,INTRADAY_SQUAREOFF,0.01,62.65,0.010818,4176.96,80.9,4.98,75.92,75.92,6265.44,6341.36
348,ETH/INR,1h,LONG,2025-08-14 09:30:00+05:30,2025-08-14 15:30:00+05:30,4780.44,399166.97,4708.74,4995.56,4706.38,392982.87,STOP_LOSS,0.01,63.41,0.010591,4227.57,-65.5,4.95,-70.45,-70.45,6341.36,6270.91
349,ETH/INR,1h,SHORT,2025-08-15 03:30:00+05:30,2025-08-15 05:30:00+05:30,4459.58,372374.98,4526.47,4258.9,4528.74,378149.59,STOP_LOSS,0.01,62.71,0.011227,4180.61,-64.83,4.97,-69.8,-69.8,6270.91,6201.11
350,ETH/INR,1h,SHORT,2025-08-15 15:30:00+05:30,2025-08-15 21:30:00+05:30,4615.46,385391.0,4684.69,4407.77,4409.97,368232.43,TARGET_HIT,0.01,62.01,0.010727,4134.07,184.06,4.77,179.29,179.29,6201.11,6380.4
351,ETH/INR,1h,SHORT,2025-08-16 09:30:00+05:30,2025-08-17 00:30:00+05:30,4431.34,370016.96,4497.81,4231.93,4413.77,368549.41,INTRADAY_SQUAREOFF,0.01,63.8,0.011496,4253.6,16.87,5.01,11.86,11.86,6380.4,6392.26
352,ETH/INR,1h,LONG,2025-08-17 21:30:00+05:30,2025-08-17 23:30:00+05:30,4568.95,381506.94,4500.41,4774.55,4498.16,375596.45,STOP_LOSS,0.01,63.92,0.01117,4261.51,-66.02,4.99,-71.01,-71.01,6392.26,6321.25
353,ETH/INR,1h,SHORT,2025-08-18 12:30:00+05:30,2025-08-18 14:30:00+05:30,4235.1,353630.94,4298.63,4044.52,4300.78,359114.88,STOP_LOSS,0.01,63.21,0.011917,4214.17,-65.35,5.01,-70.36,-70.36,6321.25,6250.89
354,ETH/INR,1h,SHORT,2025-08-19 05:30:00+05:30,2025-08-20 00:30:00+05:30,4306.68,359607.7,4371.28,4112.88,4146.03,346193.75,INTRADAY_SQUAREOFF,0.01,62.51,0.011588,4167.26,155.45,4.83,150.62,150.62,6250.89,6401.51
355,ETH/INR,1h,SHORT,2025-08-20 05:30:00+05:30,2025-08-20 07:30:00+05:30,4068.56,339724.35,4129.58,3885.47,4131.65,344992.62,STOP_LOSS,0.01,64.02,0.012562,4267.67,-66.18,5.07,-71.26,-71.26,6401.51,6330.25
356,ETH/INR,1h,LONG,2025-08-21 01:30:00+05:30,2025-08-21 07:30:00+05:30,4352.35,363421.05,4287.06,4548.2,4284.92,357790.75,STOP_LOSS,0.01,63.3,0.011612,4220.17,-65.38,4.94,-70.32,-70.32,6330.25,6259.93
357,ETH/INR,1h,LONG,2025-08-22 00:30:00+05:30,2025-08-22 19:30:00+05:30,4267.38,356325.96,4203.37,4459.41,4457.18,372174.45,TARGET_HIT,0.01,62.6,0.011712,4173.29,185.62,5.03,180.58,180.58,6259.93,6440.51
358,ETH/INR,1h,LONG,2025-08-23 01:30:00+05:30,2025-08-23 06:30:00+05:30,4854.24,405328.95,4781.43,5072.68,4779.03,399049.39,STOP_LOSS,0.01,64.41,0.010593,4293.68,-66.52,5.03,-71.55,-71.55,6440.51,6368.97
359,ETH/INR,1h,LONG,2025-08-23 10:30:00+05:30,2025-08-24 00:30:00+05:30,4746.78,396356.41,4675.58,4960.39,4748.79,396524.04,INTRADAY_SQUAREOFF,0.01,63.69,0.010713,4245.98,1.8,5.01,-3.22,-3.22,6368.97,6365.75
360,ETH/INR,1h,LONG,2025-08-24 04:30:00+05:30,2025-08-25 00:30:00+05:30,4782.99,399379.62,4711.24,4998.22,4932.51,411864.18,INTRADAY_SQUAREOFF,0.01,63.66,0.010626,4243.83,132.66,5.09,127.58,127.58,6365.75,6493.33
361,ETH/INR,1h,SHORT,2025-08-25 11:30:00+05:30,2025-08-26 00:30:00+05:30,4700.37,392481.17,4770.88,4488.86,4491.1,375006.92,TARGET_HIT,0.01,64.93,0.01103,4328.88,192.73,4.99,187.74,187.74,6493.33,6681.06
362,ETH/INR,1h,SHORT,2025-08-26 06:30:00+05:30,2025-08-26 08:30:00+05:30,4333.12,361815.76,4398.12,4138.13,4400.32,367426.62,STOP_LOSS,0.01,66.81,0.01231,4454.04,-69.07,5.3,-74.37,-74.37,6681.06,6606.7
363,ETH/INR,1h,LONG,2025-08-27 09:30:00+05:30,2025-08-28 00:30:00+05:30,4626.31,386296.93,4556.92,4834.49,4554.64,380312.22,STOP_LOSS,0.01,66.07,0.011402,4404.46,-68.24,5.16,-73.39,-73.39,6606.7,6533.3
364,ETH/INR,1h,SHORT,2025-08-29 06:30:00+05:30,2025-08-30 00:30:00+05:30,4471.62,373380.07,4538.69,4270.39,4317.73,360530.26,INTRADAY_SQUAREOFF,0.01,65.33,0.011665,4355.54,149.9,5.05,144.84,144.84,6533.3,6678.15
365,ETH/INR,1h,SHORT,2025-08-31 00:30:00+05:30,2025-08-31 05:30:00+05:30,4345.23,362826.96,4410.41,4149.7,4412.62,368453.5,STOP_LOSS,0.01,66.78,0.012271,4452.1,-69.04,5.29,-74.34,-74.34,6678.15,6603.81
366,ETH/INR,1h,LONG,2025-08-31 09:30:00+05:30,2025-09-01 00:30:00+05:30,4487.85,374735.25,4420.53,4689.8,4486.16,374594.78,INTRADAY_SQUAREOFF,0.01,66.04,0.011748,4402.54,-1.65,5.19,-6.84,-6.84,6603.81,6596.97
367,ETH/INR,1h,SHORT,2025-09-02 02:30:00+05:30,2025-09-02 06:30:00+05:30,4274.29,356903.01,4338.4,4081.94,4340.57,362437.69,STOP_LOSS,0.01,65.97,0.012323,4397.98,-68.2,5.23,-73.43,-73.43,6596.97,6523.54
368,ETH/INR,1h,SHORT,2025-09-03 01:30:00+05:30,2025-09-03 03:30:00+05:30,4262.51,355919.32,4326.44,4070.69,4328.61,361438.74,STOP_LOSS,0.01,65.24,0.012219,4349.02,-67.44,5.17,-72.61,-72.61,6523.54,6450.92
369,ETH/INR,1h,SHORT,2025-09-03 11:30:00+05:30,2025-09-03 16:30:00+05:30,4313.56,360182.01,4378.26,4119.45,4380.45,365767.53,STOP_LOSS,0.01,64.51,0.01194,4300.62,-66.69,5.11,-71.81,-71.81,6450.92,6379.12
370,ETH/INR,1h,SHORT,2025-09-03 18:30:00+05:30,2025-09-03 20:30:00+05:30,4343.16,362654.13,4408.31,4147.72,4410.51,368277.99,STOP_LOSS,0.01,63.79,0.011727,4252.74,-65.95,5.06,-71.01,-71.01,6379.12,6308.11
371,ETH/INR,1h,SHORT,2025-09-04 19:30:00+05:30,2025-09-05 00:30:00+05:30,4367.7,364703.22,4433.22,4171.16,4277.82,357198.33,INTRADAY_SQUAREOFF,0.01,63.08,0.011531,4205.41,86.54,4.91,81.63,81.63,6308.11,6389.74
372,ETH/INR,1h,SHORT,2025-09-05 05:30:00+05:30,2025-09-05 12:30:00+05:30,4296.69,358773.41,4361.14,4103.34,4363.32,364337.08,STOP_LOSS,0.01,63.9,0.011873,4259.83,-66.06,5.07,-71.12,-71.12,6389.74,6318.61
373,ETH/INR,1h,SHORT,2025-09-06 03:30:00+05:30,2025-09-07 00:30:00+05:30,4293.78,358530.73,4358.19,4100.56,4281.82,357531.56,INTRADAY_SQUAREOFF,0.01,63.19,0.011749,4212.41,11.74,4.96,6.78,6.78,6318.61,6325.39
374,ETH/INR,1h,SHORT,2025-09-07 12:30:00+05:30,2025-09-08 00:30:00+05:30,4281.89,357538.16,4346.12,4089.21,4284.03,357716.35,INTRADAY_SQUAREOFF,0.01,63.25,0.011794,4216.93,-2.1,4.98,-7.08,-7.08,6325.39,6318.31
375,ETH/INR,1h,SHORT,2025-09-08 10:30:00+05:30,2025-09-08 20:30:00+05:30,4295.27,358655.43,4359.7,4101.99,4361.88,364217.28,STOP_LOSS,0.01,63.18,0.011744,4212.21,-65.32,5.01,-70.33,-70.33,6318.31,6247.98
376,ETH/INR,1h,LONG,2025-09-12 03:30:00+05:30,2025-09-13 00:30:00+05:30,4433.3,370180.59,4366.8,4632.8,4630.48,386645.3,TARGET_HIT,0.01,62.48,0.011252,4165.32,185.26,5.02,180.24,180.24,6247.98,6428.22
377,ETH/INR,1h,LONG,2025-09-13 05:30:00+05:30,2025-09-13 21:30:00+05:30,4717.55,393915.02,4646.78,4929.83,4644.46,387812.29,STOP_LOSS,0.01,64.28,0.010879,4285.48,-66.39,5.02,-71.41,-71.41,6428.22,6356.81
378,ETH/INR,1h,SHORT,2025-09-14 09:30:00+05:30,2025-09-15 00:30:00+05:30,4662.77,389341.54,4732.71,4452.95,4607.7,384742.84,INTRADAY_SQUAREOFF,0.01,63.57,0.010885,4237.87,50.06,4.97,45.08,45.08,6356.81,6401.89
379,ETH/INR,1h,SHORT,2025-09-15 05:30:00+05:30,2025-09-16 00:30:00+05:30,4603.17,384364.36,4672.21,4396.02,4505.75,376229.78,INTRADAY_SQUAREOFF,0.01,64.02,0.011104,4267.93,90.33,4.98,85.34,85.34,6401.89,6487.24
380,ETH/INR,1h,LONG,2025-09-18 07:30:00+05:30,2025-09-18 11:30:00+05:30,4635.64,387075.81,4566.1,4844.24,4563.82,381079.04,STOP_LOSS,0.01,64.87,0.011173,4324.82,-67.0,5.06,-72.07,-72.07,6487.24,6415.17
381,ETH/INR,1h,LONG,2025-09-18 14:30:00+05:30,2025-09-19 00:30:00+05:30,4607.73,384745.17,4538.61,4815.07,4618.55,385648.71,INTRADAY_SQUAREOFF,0.01,64.15,0.011116,4276.78,10.04,5.05,4.99,4.99,6415.17,6420.16
382,ETH/INR,1h,LONG,2025-09-19 06:30:00+05:30,2025-09-19 09:30:00+05:30,4614.18,385283.78,4544.96,4821.81,4542.69,379314.77,STOP_LOSS,0.01,64.2,0.011109,4280.11,-66.31,5.01,-71.32,-71.32,6420.16,6348.84
383,ETH/INR,1h,SHORT,2025-09-19 20:30:00+05:30,2025-09-20 00:30:00+05:30,4490.12,374925.14,4557.47,4288.07,4454.09,371916.57,INTRADAY_SQUAREOFF,0.01,63.49,0.011289,4232.56,33.96,4.97,28.99,28.99,6348.84,6377.83
384,ETH/INR,1h,SHORT,2025-09-20 14:30:00+05:30,2025-09-21 00:30:00+05:30,4467.18,373009.35,4534.19,4266.15,4478.96,373993.2,INTRADAY_SQUAREOFF,0.01,63.78,0.011399,4251.89,-11.21,5.02,-16.24,-16.24,6377.83,6361.59
385,ETH/INR,1h,SHORT,2025-09-22 10:30:00+05:30,2025-09-23 00:30:00+05:30,4289.88,358205.13,4354.23,4096.84,4162.2,347543.67,INTRADAY_SQUAREOFF,0.01,63.62,0.01184,4241.06,126.23,4.93,121.3,121.3,6361.59,6482.89
386,ETH/INR,1h,SHORT,2025-09-23 07:30:00+05:30,2025-09-24 00:30:00+05:30,4165.96,347857.65,4228.45,3978.49,4164.52,347737.03,INTRADAY_SQUAREOFF,0.01,64.83,0.012424,4321.93,1.5,5.1,-3.6,-3.6,6482.89,6479.29
387,ETH/INR,1h,SHORT,2025-09-24 05:30:00+05:30,2025-09-25 00:30:00+05:30,4161.67,347499.13,4224.09,3974.39,4175.93,348690.25,INTRADAY_SQUAREOFF,0.01,64.79,0.01243,4319.53,-14.81,5.11,-19.91,-19.91,6479.29,6459.38
388,ETH/INR,1h,SHORT,2025-09-25 03:30:00+05:30,2025-09-25 18:30:00+05:30,4136.26,345377.99,4198.31,3950.13,3952.11,330000.9,TARGET_HIT,0.01,64.59,0.012468,4306.25,191.73,4.97,186.76,186.76,6459.38,6646.13
389,ETH/INR,1h,SHORT,2025-09-25 22:30:00+05:30,2025-09-26 00:30:00+05:30,3931.33,328265.83,3990.3,3754.42,3927.84,327974.61,INTRADAY_SQUAREOFF,0.01,66.46,0.013497,4430.76,3.93,5.23,-1.3,-1.3,6646.13,6644.84
390,ETH/INR,1h,SHORT,2025-09-26 05:30:00+05:30,2025-09-26 07:30:00+05:30,3858.19,322158.77,3916.06,3684.57,3918.02,327154.64,STOP_LOSS,0.01,66.45,0.013751,4429.89,-68.7,5.27,-73.96,-73.96,6644.84,6570.87
391,ETH/INR,1h,SHORT,2025-09-26 11:30:00+05:30,2025-09-26 18:30:00+05:30,3922.32,327513.58,3981.15,3745.81,3983.14,332592.5,STOP_LOSS,0.01,65.71,0.013375,4380.58,-67.93,5.21,-73.14,-73.14,6570.87,6497.73
392,ETH/INR,1h,LONG,2025-09-27 05:30:00+05:30,2025-09-27 14:30:00+05:30,4039.82,337324.8,3979.22,4221.61,3977.23,332098.8,STOP_LOSS,0.01,64.98,0.012842,4331.82,-67.11,5.07,-72.18,-72.18,6497.73,6425.55
393,ETH/INR,1h,LONG,2025-09-27 18:30:00+05:30,2025-09-28 00:30:00+05:30,4039.66,337311.24,3979.06,4221.44,3995.25,333603.37,INTRADAY_SQUAREOFF,0.01,64.26,0.0127,4283.7,-47.09,5.03,-52.12,-52.12,6425.55,6373.44
394,ETH/INR,1h,LONG,2025-09-28 13:30:00+05:30,2025-09-29 00:30:00+05:30,4017.37,335450.78,3957.11,4198.16,4041.02,337425.23,INTRADAY_SQUAREOFF,0.01,63.73,0.012666,4248.96,25.01,5.03,19.98,19.98,6373.44,6393.42
395,ETH/INR,1h,LONG,2025-09-29 04:30:00+05:30,2025-09-30 00:30:00+05:30,4138.23,345541.89,4076.15,4324.45,4161.58,347492.03,INTRADAY_SQUAREOFF,0.01,63.93,0.012335,4262.28,24.06,5.04,19.01,19.01,6393.42,6412.43
396,ETH/INR,1h,LONG,2025-10-02 05:30:00+05:30,2025-10-03 00:30:00+05:30,4351.9,363383.73,4286.62,4547.74,4489.11,374840.42,INTRADAY_SQUAREOFF,0.01,64.12,0.011764,4274.95,134.78,5.12,129.66,129.66,6412.43,6542.08
397,ETH/INR,1h,LONG,2025-10-03 05:30:00+05:30,2025-10-04 00:30:00+05:30,4489.52,374874.59,4422.17,4691.54,4510.55,376630.66,INTRADAY_SQUAREOFF,0.01,65.42,0.011634,4361.39,20.43,5.16,15.27,15.27,6542.08,6557.36
398,ETH/INR,1h,LONG,2025-10-05 10:30:00+05:30,2025-10-05 21:30:00+05:30,4588.23,383117.49,4519.41,4794.7,4517.15,377182.04,STOP_LOSS,0.01,65.57,0.011411,4371.57,-67.73,5.12,-72.85,-72.85,6557.36,6484.51
399,ETH/INR,1h,LONG,2025-10-06 19:30:00+05:30,2025-10-07 00:30:00+05:30,4639.36,387386.93,4569.77,4848.14,4713.07,393541.51,INTRADAY_SQUAREOFF,0.01,64.85,0.011159,4323.01,68.68,5.14,63.54,63.54,6484.51,6548.05
400,ETH/INR,1h,LONG,2025-10-07 10:30:00+05:30,2025-10-07 13:30:00+05:30,4719.56,394083.53,4648.77,4931.94,4646.45,387978.19,STOP_LOSS,0.01,65.48,0.011077,4365.37,-67.63,5.11,-72.74,-72.74,6548.05,6475.31
401,ETH/INR,1h,LONG,2025-10-07 15:30:00+05:30,2025-10-07 19:30:00+05:30,4686.12,391291.16,4615.83,4897.0,4613.52,385229.08,STOP_LOSS,0.01,64.75,0.011032,4316.87,-66.88,5.05,-71.93,-71.93,6475.31,6403.37
402,ETH/INR,1h,SHORT,2025-10-08 05:30:00+05:30,2025-10-08 19:30:00+05:30,4448.88,371481.68,4515.62,4248.68,4517.87,377242.43,STOP_LOSS,0.01,64.03,0.011492,4268.92,-66.2,5.08,-71.28,-71.28,6403.37,6332.1
403,ETH/INR,1h,SHORT,2025-10-09 06:30:00+05:30,2025-10-09 20:30:00+05:30,4510.75,376647.9,4578.41,4307.77,4309.92,359878.59,TARGET_HIT,0.01,63.32,0.011208,4221.4,187.95,4.87,183.08,183.08,6332.1,6515.18
404,ETH/INR,1h,SHORT,2025-10-10 08:30:00+05:30,2025-10-10 20:30:00+05:30,4357.9,363884.94,4423.27,4161.8,4163.88,347683.87,TARGET_HIT,0.01,65.15,0.011936,4343.45,193.38,5.01,188.37,188.37,6515.18,6703.55
405,ETH/INR,1h,SHORT,2025-10-10 23:30:00+05:30,2025-10-11 01:30:00+05:30,4089.64,341485.04,4150.99,3905.61,3907.56,326281.27,TARGET_HIT,0.01,67.04,0.013087,4469.03,198.97,5.16,193.82,193.82,6703.55,6897.36
406,ETH/INR,1h,SHORT,2025-10-11 07:30:00+05:30,2025-10-11 09:30:00+05:30,3735.98,311954.08,3792.02,3567.86,3793.91,316791.71,STOP_LOSS,0.01,68.97,0.01474,4598.24,-71.31,5.47,-76.78,-76.78,6897.36,6820.59
407,ETH/INR,1h,SHORT,2025-10-11 12:30:00+05:30,2025-10-11 14:30:00+05:30,3778.5,315504.85,3835.18,3608.47,3837.1,320397.54,STOP_LOSS,0.01,68.21,0.014412,4547.06,-70.51,5.41,-75.92,-75.92,6820.59,6744.67
408,ETH/INR,1h,SHORT,2025-10-12 00:30:00+05:30,2025-10-12 19:30:00+05:30,3815.6,318602.91,3872.84,3643.9,3874.77,323543.64,STOP_LOSS,0.01,67.45,0.014113,4496.44,-69.73,5.35,-75.08,-75.08,6744.67,6669.59
409,ETH/INR,1h,LONG,2025-10-13 05:30:00+05:30,2025-10-13 16:30:00+05:30,4166.13,347871.97,4103.64,4353.61,4101.59,342482.56,STOP_LOSS,0.01,66.7,0.012782,4446.39,-68.89,5.21,-74.09,-74.09,6669.59,6595.5
410,ETH/INR,1h,LONG,2025-10-13 19:30:00+05:30,2025-10-14 00:30:00+05:30,4179.39,348978.69,4116.69,4367.46,4227.97,353035.85,INTRADAY_SQUAREOFF,0.01,65.95,0.0126,4397.0,51.12,5.22,45.9,45.9,6595.5,6641.4
411,ETH/INR,1h,SHORT,2025-10-14 18:30:00+05:30,2025-10-14 20:30:00+05:30,3937.4,328772.59,3996.46,3760.21,3998.46,333871.03,STOP_LOSS,0.01,66.41,0.013467,4427.6,-68.66,5.27,-73.93,-73.93,6641.4,6567.47
412,ETH/INR,1h,SHORT,2025-10-16 03:30:00+05:30,2025-10-16 06:30:00+05:30,3941.97,329154.57,4001.1,3764.58,4003.1,334258.93,STOP_LOSS,0.01,65.67,0.013302,4378.31,-67.9,5.21,-73.1,-73.1,6567.47,6494.37
413,ETH/INR,1h,SHORT,2025-10-16 11:30:00+05:30,2025-10-16 15:30:00+05:30,3989.27,333103.96,4049.11,3809.75,4051.13,338269.57,STOP_LOSS,0.01,64.94,0.012998,4329.58,-67.14,5.15,-72.29,-72.29,6494.37,6422.08
414,ETH/INR,1h,SHORT,2025-10-16 19:30:00+05:30,2025-10-17 00:30:00+05:30,4016.5,335378.0,4076.75,3835.76,3907.78,326299.47,INTRADAY_SQUAREOFF,0.01,64.22,0.012766,4281.39,115.9,4.98,110.91,110.91,6422.08,6532.99
415,ETH/INR,1h,SHORT,2025-10-17 11:30:00+05:30,2025-10-17 13:30:00+05:30,3895.48,325272.6,3953.91,3720.18,3722.04,310790.65,TARGET_HIT,0.01,65.33,0.01339,4355.33,193.91,5.02,188.89,188.89,6532.99,6721.88
416,ETH/INR,1h,LONG,2025-10-19 09:30:00+05:30,2025-10-20 00:30:00+05:30,3907.41,326268.96,3848.8,4083.25,4001.28,334106.62,INTRADAY_SQUAREOFF,0.01,67.22,0.013735,4481.25,107.65,5.35,102.3,102.3,6721.88,6824.17
417,ETH/INR,1h,LONG,2025-10-20 04:30:00+05:30,2025-10-20 06:30:00+05:30,4028.78,336403.11,3968.35,4210.07,3966.36,331191.38,STOP_LOSS,0.01,68.24,0.013524,4549.45,-70.48,5.33,-75.81,-75.81,6824.17,6748.36
418,ETH/INR,1h,LONG,2025-10-20 08:30:00+05:30,2025-10-21 00:30:00+05:30,3967.84,331314.79,3908.32,4146.39,3972.88,331735.36,INTRADAY_SQUAREOFF,0.01,67.48,0.013579,4498.91,5.71,5.31,0.4,0.4,6748.36,6748.76
419,ETH/INR,1h,SHORT,2025-10-21 19:30:00+05:30,2025-10-21 21:30:00+05:30,3857.45,322097.23,3915.31,3683.87,3917.27,327092.16,STOP_LOSS,0.01,67.49,0.013968,4499.18,-69.77,5.35,-75.12,-75.12,6748.76,6673.64
420,ETH/INR,1h,SHORT,2025-10-22 15:30:00+05:30,2025-10-23 00:30:00+05:30,3830.73,319866.23,3888.19,3658.35,3804.93,317711.87,INTRADAY_SQUAREOFF,0.01,66.74,0.013909,4449.09,29.97,5.23,24.73,24.73,6673.64,6698.38
421,ETH/INR,1h,LONG,2025-10-26 17:30:00+05:30,2025-10-27 00:30:00+05:30,4046.71,337900.09,3986.01,4228.81,4070.4,339878.3,INTRADAY_SQUAREOFF,0.01,66.98,0.013216,4465.58,26.14,5.28,20.86,20.86,6698.38,6719.23
422,ETH/INR,1h,LONG,2025-10-27 04:30:00+05:30,2025-10-28 00:30:00+05:30,4169.51,348153.92,4106.97,4357.14,4213.17,351799.91,INTRADAY_SQUAREOFF,0.01,67.19,0.012866,4479.49,46.91,5.31,41.6,41.6,6719.23,6760.83
423,ETH/INR,1h,SHORT,2025-10-28 11:30:00+05:30,2025-10-28 13:30:00+05:30,4067.6,339644.7,4128.62,3884.56,4130.68,344911.74,STOP_LOSS,0.01,67.61,0.01327,4507.22,-69.9,5.36,-75.26,-75.26,6760.83,6685.58
424,ETH/INR,1h,SHORT,2025-10-28 21:30:00+05:30,2025-10-29 00:30:00+05:30,4087.29,341289.0,4148.6,3903.37,4115.67,343658.37,INTRADAY_SQUAREOFF,0.01,66.86,0.013059,4457.05,-30.94,5.28,-36.22,-36.22,6685.58,6649.36
425,ETH/INR,1h,SHORT,2025-10-29 14:30:00+05:30,2025-10-30 00:30:00+05:30,4004.87,334407.02,4064.95,3824.66,3920.56,327367.0,INTRADAY_SQUAREOFF,0.01,66.49,0.013256,4432.9,93.32,5.18,88.15,88.15,6649.36,6737.5
426,ETH/INR,1h,SHORT,2025-10-30 15:30:00+05:30,2025-10-31 00:30:00+05:30,3892.79,325048.14,3951.18,3717.62,3719.48,310576.19,TARGET_HIT,0.01,67.38,0.013818,4491.67,199.98,5.18,194.8,194.8,6737.5,6932.3
427,ETH/INR,1h,LONG,2025-11-01 08:30:00+05:30,2025-11-02 00:30:00+05:30,3854.31,321834.64,3796.49,4027.75,3879.42,323931.52,INTRADAY_SQUAREOFF,0.01,69.32,0.01436,4621.53,30.11,5.47,24.64,24.64,6932.3,6956.94
428,ETH/INR,1h,LONG,2025-11-02 08:30:00+05:30,2025-11-03 00:30:00+05:30,3884.99,324396.51,3826.71,4059.81,3861.44,322430.31,INTRADAY_SQUAREOFF,0.01,69.57,0.014297,4637.96,-28.11,5.46,-33.57,-33.57,6956.94,6923.37
429,ETH/INR,1h,SHORT,2025-11-03 21:30:00+05:30,2025-11-03 23:30:00+05:30,3583.22,299198.87,3636.97,3421.98,3638.79,303838.69,STOP_LOSS,0.01,69.23,0.015426,4615.58,-71.58,5.49,-77.06,-77.06,6923.37,6846.31
430,ETH/INR,1h,SHORT,2025-11-04 02:30:00+05:30,2025-11-04 05:30:00+05:30,3565.6,297727.3,3619.08,3405.14,3620.89,302344.31,STOP_LOSS,0.01,68.46,0.01533,4564.21,-70.78,5.43,-76.21,-76.21,6846.31,6770.1
431,ETH/INR,1h,SHORT,2025-11-04 11:30:00+05:30,2025-11-04 19:30:00+05:30,3491.41,291532.69,3543.78,3334.3,3545.55,296053.63,STOP_LOSS,0.01,67.7,0.015482,4513.4,-69.99,5.37,-75.36,-75.36,6770.1,6694.74
432,ETH/INR,1h,SHORT,2025-11-04 22:30:00+05:30,2025-11-05 00:30:00+05:30,3421.04,285657.17,3472.36,3267.1,3268.73,272939.0,TARGET_HIT,0.01,66.95,0.015624,4463.16,198.71,5.15,193.56,193.56,6694.74,6888.31
433,ETH/INR,1h,SHORT,2025-11-05 16:30:00+05:30,2025-11-05 18:30:00+05:30,3275.01,273462.98,3324.13,3127.63,3325.79,277703.7,STOP_LOSS,0.01,68.88,0.016793,4592.2,-71.21,5.46,-76.67,-76.67,6888.31,6811.63
434,ETH/INR,1h,LONG,2025-11-06 08:30:00+05:30,2025-11-06 12:30:00+05:30,3426.98,286152.58,3375.57,3581.19,3373.88,281719.36,STOP_LOSS,0.01,68.12,0.015869,4541.09,-70.35,5.32,-75.67,-75.67,6811.63,6735.96
435,ETH/INR,1h,SHORT,2025-11-07 15:30:00+05:30,2025-11-07 22:30:00+05:30,3289.45,274669.23,3338.79,3141.43,3340.46,278928.66,STOP_LOSS,0.01,67.36,0.016349,4490.64,-69.64,5.34,-74.98,-74.98,6735.96,6660.98
436,ETH/INR,1h,SHORT,2025-11-09 08:30:00+05:30,2025-11-09 11:30:00+05:30,3365.2,280993.92,3415.67,3213.76,3417.38,285351.44,STOP_LOSS,0.01,66.61,0.015803,4440.65,-68.86,5.28,-74.14,-74.14,6660.98,6586.84
437,ETH/INR,1h,SHORT,2025-11-09 15:30:00+05:30,2025-11-09 17:30:00+05:30,3398.72,283792.91,3449.7,3245.78,3451.42,288193.83,STOP_LOSS,0.01,65.87,0.015473,4391.23,-68.1,5.22,-73.32,-73.32,6586.84,6513.52
438,ETH/INR,1h,LONG,2025-11-10 00:30:00+05:30,2025-11-11 00:30:00+05:30,3544.48,295964.41,3491.32,3703.99,3533.53,295049.69,INTRADAY_SQUAREOFF,0.01,65.14,0.014672,4342.35,-13.42,5.12,-18.54,-18.54,6513.52,6494.98
439,ETH/INR,1h,SHORT,2025-11-11 03:30:00+05:30,2025-11-11 05:30:00+05:30,3529.67,294727.55,3582.62,3370.84,3584.41,299298.04,STOP_LOSS,0.01,64.95,0.014691,4329.99,-67.15,5.15,-72.3,-72.3,6494.98,6422.69
440,ETH/INR,1h,SHORT,2025-11-11 11:30:00+05:30,2025-11-12 00:30:00+05:30,3545.4,296041.0,3598.58,3385.86,3470.14,289756.71,INTRADAY_SQUAREOFF,0.01,64.23,0.014464,4281.79,90.89,5.0,85.89,85.89,6422.69,6508.58
441,ETH/INR,1h,SHORT,2025-11-12 13:30:00+05:30,2025-11-12 15:30:00+05:30,3425.04,285990.52,3476.41,3270.91,3478.15,290425.52,STOP_LOSS,0.01,65.09,0.015172,4339.05,-67.29,5.16,-72.45,-72.45,6508.58,6436.13
442,ETH/INR,1h,SHORT,2025-11-13 21:30:00+05:30,2025-11-13 23:30:00+05:30,3368.92,281305.02,3419.46,3217.32,3218.93,268780.61,TARGET_HIT,0.01,64.36,0.015253,4290.76,191.04,4.95,186.08,186.08,6436.13,6622.22
443,ETH/INR,1h,SHORT,2025-11-14 06:30:00+05:30,2025-11-14 08:30:00+05:30,3188.64,266251.38,3236.47,3045.15,3238.09,270380.27,STOP_LOSS,0.01,66.22,0.016581,4414.81,-68.46,5.25,-73.71,-73.71,6622.22,6548.51
444,ETH/INR,1h,SHORT,2025-11-14 17:30:00+05:30,2025-11-14 19:30:00+05:30,3122.47,260726.32,3169.31,2981.96,3170.89,264769.54,STOP_LOSS,0.01,65.49,0.016744,4365.67,-67.7,5.19,-72.89,-72.89,6548.51,6475.61
445,ETH/INR,1h,SHORT,2025-11-14 23:30:00+05:30,2025-11-15 01:30:00+05:30,3172.78,264927.01,3220.37,3030.0,3207.37,267815.76,INTRADAY_SQUAREOFF,0.01,64.76,0.016295,4317.08,-47.07,5.12,-52.2,-52.2,6475.61,6423.42
446,ETH/INR,1h,SHORT,2025-11-15 05:30:00+05:30,2025-11-15 07:30:00+05:30,3092.2,258198.49,3138.58,2953.05,3140.15,262202.51,STOP_LOSS,0.01,64.23,0.016585,4282.28,-66.41,5.09,-71.5,-71.5,6423.42,6351.92
447,ETH/INR,1h,SHORT,2025-11-15 14:30:00+05:30,2025-11-15 18:30:00+05:30,3133.47,261645.08,3180.48,2992.47,3182.07,265702.54,STOP_LOSS,0.01,63.52,0.016185,4234.61,-65.67,5.04,-70.7,-70.7,6351.92,6281.21
448,ETH/INR,1h,SHORT,2025-11-16 02:30:00+05:30,2025-11-16 12:30:00+05:30,3167.49,264485.33,3215.0,3024.95,3216.61,268586.83,STOP_LOSS,0.01,62.81,0.015833,4187.48,-64.94,4.98,-69.92,-69.92,6281.21,6211.3
449,ETH/INR,1h,SHORT,2025-11-21 21:30:00+05:30,2025-11-21 23:30:00+05:30,2693.06,224870.43,2733.45,2571.87,2734.82,228357.61,STOP_LOSS,0.01,62.11,0.018414,4140.87,-64.21,4.92,-69.14,-69.14,6211.3,6142.16
450,ETH/INR,1h,SHORT,2025-11-22 04:30:00+05:30,2025-11-22 06:30:00+05:30,2720.8,227187.01,2761.61,2598.37,2763.0,230710.11,STOP_LOSS,0.01,61.42,0.018024,4094.77,-63.5,4.87,-68.37,-68.37,6142.16,6073.79
451,ETH/INR,1h,SHORT,2025-11-22 14:30:00+05:30,2025-11-23 00:30:00+05:30,2720.57,227167.53,2761.38,2598.14,2752.38,229823.52,INTRADAY_SQUAREOFF,0.01,60.74,0.017825,4049.19,-47.34,4.81,-52.15,-52.15,6073.79,6021.64
452,ETH/INR,1h,LONG,2025-11-23 14:30:00+05:30,2025-11-24 00:30:00+05:30,2813.79,234951.77,2771.59,2940.41,2805.52,234261.3,INTRADAY_SQUAREOFF,0.01,60.22,0.017086,4014.43,-11.8,4.73,-16.53,-16.53,6021.64,6005.11
453,ETH/INR,1h,LONG,2025-11-24 07:30:00+05:30,2025-11-24 22:30:00+05:30,2806.36,234331.1,2764.27,2932.65,2931.18,244753.56,TARGET_HIT,0.01,60.05,0.017084,4003.41,178.06,4.83,173.23,173.23,6005.11,6178.35
454,ETH/INR,1h,LONG,2025-11-25 10:30:00+05:30,2025-11-25 13:30:00+05:30,2942.36,245687.05,2898.22,3074.77,2896.78,241880.74,STOP_LOSS,0.01,61.78,0.016765,4118.9,-63.81,4.82,-68.63,-68.63,6178.35,6109.71
455,ETH/INR,1h,LONG,2025-11-26 19:30:00+05:30,2025-11-27 00:30:00+05:30,2932.49,244863.15,2888.51,3064.46,3032.08,253178.85,INTRADAY_SQUAREOFF,0.01,61.1,0.016634,4073.14,138.33,4.89,133.44,133.44,6109.71,6243.15
456,ETH/INR,1h,LONG,2025-11-27 07:30:00+05:30,2025-11-27 17:30:00+05:30,3055.04,255095.57,3009.21,3192.51,3007.71,251143.5,STOP_LOSS,0.01,62.43,0.016316,4162.1,-64.48,4.87,-69.35,-69.35,6243.15,6173.8
457,ETH/INR,1h,LONG,2025-11-28 00:30:00+05:30,2025-11-29 00:30:00+05:30,3039.45,253794.21,2993.86,3176.23,3039.64,253810.21,INTRADAY_SQUAREOFF,0.01,61.74,0.016217,4115.86,0.26,4.86,-4.6,-4.6,6173.8,6169.2
458,ETH/INR,1h,SHORT,2025-12-01 19:30:00+05:30,2025-12-02 00:30:00+05:30,2807.87,234457.53,2849.99,2681.52,2751.63,229761.31,INTRADAY_SQUAREOFF,0.01,61.69,0.017542,4112.8,82.38,4.8,77.58,77.58,6169.2,6246.77
459,ETH/INR,1h,SHORT,2025-12-02 15:30:00+05:30,2025-12-02 18:30:00+05:30,2795.34,233410.88,2837.27,2669.55,2838.69,237030.5,STOP_LOSS,0.01,62.47,0.017842,4164.52,-64.58,4.95,-69.53,-69.53,6246.77,6177.24
460,ETH/INR,1h,LONG,2025-12-03 15:30:00+05:30,2025-12-04 00:30:00+05:30,3064.43,255880.24,3018.47,3202.33,3113.97,260016.36,INTRADAY_SQUAREOFF,0.01,61.77,0.016094,4118.16,66.57,4.9,61.67,61.67,6177.24,6238.91
461,ETH/INR,1h,LONG,2025-12-04 08:30:00+05:30,2025-12-04 10:30:00+05:30,3226.62,269422.51,3178.22,3371.81,3176.63,265248.48,STOP_LOSS,0.01,62.39,0.015438,4159.27,-64.44,4.87,-69.31,-69.31,6238.91,6169.6
462,ETH/INR,1h,LONG,2025-12-04 21:30:00+05:30,2025-12-04 23:30:00+05:30,3222.25,269057.63,3173.91,3367.25,3172.33,264889.25,STOP_LOSS,0.01,61.7,0.015287,4113.07,-63.72,4.82,-68.54,-68.54,6169.6,6101.06
463,ETH/INR,1h,SHORT,2025-12-06 13:30:00+05:30,2025-12-07 00:30:00+05:30,3025.35,252616.39,3070.73,2889.21,3044.59,254222.87,INTRADAY_SQUAREOFF,0.01,61.01,0.016101,4067.38,-25.87,4.81,-30.68,-30.68,6101.06,6070.38
464,ETH/INR,1h,SHORT,2025-12-07 10:30:00+05:30,2025-12-07 22:30:00+05:30,3043.11,254099.54,3088.75,2906.17,3090.3,258039.99,STOP_LOSS,0.01,60.7,0.015927,4046.92,-62.76,4.81,-67.57,-67.57,6070.38,6002.81
465,ETH/INR,1h,LONG,2025-12-08 14:30:00+05:30,2025-12-08 20:30:00+05:30,3146.36,262721.16,3099.17,3287.95,3097.62,258650.95,STOP_LOSS,0.01,60.03,0.015232,4001.88,-62.0,4.69,-66.68,-66.68,6002.81,5936.13
466,ETH/INR,1h,LONG,2025-12-10 04:30:00+05:30,2025-12-11 00:30:00+05:30,3340.42,278924.88,3290.31,3490.74,3381.53,282357.88,INTRADAY_SQUAREOFF,0.01,59.36,0.014188,3957.42,48.71,4.7,44.01,44.01,5936.13,5980.14
467,ETH/INR,1h,LONG,2025-12-12 08:30:00+05:30,2025-12-12 20:30:00+05:30,3267.01,272794.94,3218.0,3414.02,3216.39,268568.66,STOP_LOSS,0.01,59.8,0.014614,3986.76,-61.76,4.67,-66.43,-66.43,5980.14,5913.71
468,ETH/INR,1h,LONG,2025-12-14 03:30:00+05:30,2025-12-14 16:30:00+05:30,3115.45,260140.34,3068.72,3255.65,3067.19,256110.12,STOP_LOSS,0.01,59.14,0.015155,3942.47,-61.08,4.62,-65.69,-65.69,5913.71,5848.01
469,ETH/INR,1h,LONG,2025-12-15 15:30:00+05:30,2025-12-15 19:30:00+05:30,3159.46,263815.02,3112.07,3301.64,3110.51,259727.86,STOP_LOSS,0.01,58.48,0.014778,3898.67,-60.4,4.56,-64.97,-64.97,5848.01,5783.05
470,ETH/INR,1h,SHORT,2025-12-16 06:30:00+05:30,2025-12-17 00:30:00+05:30,2940.93,245567.51,2985.04,2808.59,2952.76,246555.77,INTRADAY_SQUAREOFF,0.01,57.83,0.0157,3855.36,-15.52,4.56,-20.07,-20.07,5783.05,5762.97
471,ETH/INR,1h,SHORT,2025-12-17 09:30:00+05:30,2025-12-17 20:30:00+05:30,2943.79,245806.88,2987.95,2811.32,2989.45,249618.73,STOP_LOSS,0.01,57.63,0.01563,3841.98,-59.58,4.57,-64.15,-64.15,5762.97,5698.82
472,ETH/INR,1h,SHORT,2025-12-18 11:30:00+05:30,2025-12-18 17:30:00+05:30,2822.78,235702.19,2865.12,2695.76,2866.56,239357.35,STOP_LOSS,0.01,56.99,0.016119,3799.22,-58.92,4.52,-63.43,-63.43,5698.82,5635.39
473,ETH/INR,1h,LONG,2025-12-20 17:30:00+05:30,2025-12-21 00:30:00+05:30,2988.19,249513.67,2943.36,3122.66,2975.11,248421.49,INTRADAY_SQUAREOFF,0.01,56.35,0.015057,3756.93,-16.44,4.42,-20.87,-20.87,5635.39,5614.52
474,ETH/INR,1h,LONG,2025-12-22 10:30:00+05:30,2025-12-23 00:30:00+05:30,3041.98,254005.28,2996.35,3178.87,2994.85,250070.11,STOP_LOSS,0.01,56.15,0.014736,3743.01,-57.99,4.38,-62.37,-62.37,5614.52,5552.15
475,ETH/INR,1h,SHORT,2025-12-23 08:30:00+05:30,2025-12-24 00:30:00+05:30,2987.65,249468.47,3032.46,2853.2,2947.58,246123.07,INTRADAY_SQUAREOFF,0.01,55.52,0.014837,3701.43,49.64,4.34,45.3,45.3,5552.15,5597.45
476,ETH/INR,1h,SHORT,2025-12-24 04:30:00+05:30,2025-12-25 00:30:00+05:30,2952.77,246556.15,2997.06,2819.89,2940.99,245572.83,INTRADAY_SQUAREOFF,0.01,55.97,0.015135,3731.63,14.88,4.39,10.49,10.49,5597.45,5607.94
477,ETH/INR,1h,SHORT,2025-12-25 06:30:00+05:30,2025-12-26 00:30:00+05:30,2935.33,245099.83,2979.36,2803.24,2958.56,247039.4,INTRADAY_SQUAREOFF,0.01,56.08,0.015253,3738.62,-29.59,4.43,-34.01,-34.01,5607.94,5573.92
478,ETH/INR,1h,LONG,2025-12-26 19:30:00+05:30,2025-12-26 21:30:00+05:30,2984.89,249238.53,2940.12,3119.21,2938.65,245377.2,STOP_LOSS,0.01,55.74,0.014909,3715.95,-57.57,4.35,-61.92,-61.92,5573.92,5512.0
479,ETH/INR,1h,SHORT,2025-12-27 22:30:00+05:30,2025-12-28 00:30:00+05:30,2915.81,243470.35,2959.55,2784.6,2925.4,244271.12,INTRADAY_SQUAREOFF,0.01,55.12,0.015093,3674.67,-12.09,4.34,-16.43,-16.43,5512.0,5495.57
480,ETH/INR,1h,SHORT,2025-12-30 00:30:00+05:30,2025-12-30 13:30:00+05:30,2912.5,243194.14,2956.19,2781.44,2957.67,246965.47,STOP_LOSS,0.01,54.96,0.015065,3663.71,-56.82,4.36,-61.17,-61.17,5495.57,5434.4
481,ETH/INR,1h,LONG,2025-12-31 05:30:00+05:30,2026-01-01 00:30:00+05:30,2972.89,248236.58,2928.3,3106.67,2968.64,247881.7,INTRADAY_SQUAREOFF,0.01,54.34,0.014595,3622.93,-5.18,4.27,-9.45,-9.45,5434.4,5424.95
482,ETH/INR,1h,LONG,2026-01-01 03:30:00+05:30,2026-01-02 00:30:00+05:30,2980.38,248861.47,2935.67,3114.49,2984.27,249186.22,INTRADAY_SQUAREOFF,0.01,54.25,0.014533,3616.63,4.72,4.27,0.45,0.45,5424.95,5425.4
483,ETH/INR,1h,LONG,2026-01-02 04:30:00+05:30,2026-01-02 21:30:00+05:30,2997.1,250257.9,2952.14,3131.97,3130.4,261388.74,TARGET_HIT,0.01,54.25,0.014453,3616.93,160.87,4.36,156.51,156.51,5425.4,5581.91
484,ETH/INR,1h,LONG,2026-01-03 03:30:00+05:30,2026-01-03 12:30:00+05:30,3131.28,261461.71,3084.31,3272.19,3082.77,257411.02,STOP_LOSS,0.01,55.82,0.014233,3721.27,-57.65,4.36,-62.01,-62.01,5581.91,5519.9
485,ETH/INR,1h,LONG,2026-01-04 00:30:00+05:30,2026-01-05 00:30:00+05:30,3116.92,260263.23,3070.17,3257.19,3131.44,261475.19,INTRADAY_SQUAREOFF,0.01,55.2,0.014139,3679.93,17.14,4.35,12.78,12.78,5519.9,5532.68
486,ETH/INR,1h,LONG,2026-01-05 02:30:00+05:30,2026-01-06 00:30:00+05:30,3141.74,262334.98,3094.61,3283.11,3218.65,268756.88,INTRADAY_SQUAREOFF,0.01,55.33,0.01406,3688.45,90.29,4.41,85.89,85.89,5532.68,5618.57
487,ETH/INR,1h,LONG,2026-01-06 12:30:00+05:30,2026-01-06 22:30:00+05:30,3251.26,271480.38,3202.49,3397.57,3200.89,267274.47,STOP_LOSS,0.01,56.19,0.013797,3745.71,-58.03,4.39,-62.42,-62.42,5618.57,5556.15
488,ETH/INR,1h,SHORT,2026-01-08 09:30:00+05:30,2026-01-09 00:30:00+05:30,3131.55,261484.05,3178.52,2990.63,3119.22,260454.97,INTRADAY_SQUAREOFF,0.01,55.56,0.014166,3704.1,14.58,4.36,10.22,10.22,5556.15,5566.37
489,ETH/INR,1h,SHORT,2026-01-09 13:30:00+05:30,2026-01-10 00:30:00+05:30,3106.45,259388.95,3153.05,2966.66,3090.31,258041.11,INTRADAY_SQUAREOFF,0.01,55.66,0.014306,3710.91,19.28,4.37,14.92,14.92,5566.37,5581.28
490,ETH/INR,1h,LONG,2026-01-11 18:30:00+05:30,2026-01-12 00:30:00+05:30,3112.97,259933.1,3066.28,3253.05,3123.31,260796.42,INTRADAY_SQUAREOFF,0.01,55.81,0.014315,3720.86,12.36,4.4,7.96,7.96,5581.28,5589.24
491,ETH/INR,1h,LONG,2026-01-12 05:30:00+05:30,2026-01-12 19:30:00+05:30,3120.82,260588.81,3074.01,3261.26,3072.47,256551.63,STOP_LOSS,0.01,55.89,0.014299,3726.16,-57.73,4.36,-62.09,-62.09,5589.24,5527.15
492,ETH/INR,1h,LONG,2026-01-12 21:30:00+05:30,2026-01-13 00:30:00+05:30,3128.69,261245.37,3081.76,3269.48,3104.14,259195.33,INTRADAY_SQUAREOFF,0.01,55.27,0.014105,3684.77,-28.92,4.33,-33.25,-33.25,5527.15,5493.91
493,ETH/INR,1h,LONG,2026-01-14 01:30:00+05:30,2026-01-14 21:30:00+05:30,3216.51,268578.34,3168.26,3361.25,3359.57,280524.04,TARGET_HIT,0.01,54.94,0.013637,3662.6,162.9,4.42,158.49,158.49,5493.91,5652.39
494,ETH/INR,1h,SHORT,2026-01-16 15:30:00+05:30,2026-01-17 00:30:00+05:30,3305.14,275978.85,3354.71,3156.4,3278.65,273767.33,INTRADAY_SQUAREOFF,0.01,56.52,0.013654,3768.26,30.2,4.43,25.77,25.77,5652.39,5678.16
495,ETH/INR,1h,LONG,2026-01-18 09:30:00+05:30,2026-01-19 00:30:00+05:30,3317.91,277045.53,3268.14,3467.22,3358.89,280467.28,INTRADAY_SQUAREOFF,0.01,56.78,0.013664,3785.44,46.75,4.49,42.26,42.26,5678.16,5720.42
496,ETH/INR,1h,SHORT,2026-01-19 12:30:00+05:30,2026-01-20 00:30:00+05:30,3188.19,266214.23,3236.02,3044.73,3214.6,268419.48,INTRADAY_SQUAREOFF,0.01,57.2,0.014325,3813.61,-31.59,4.52,-36.11,-36.11,5720.42,5684.31
497,ETH/INR,1h,SHORT,2026-01-20 03:30:00+05:30,2026-01-20 19:30:00+05:30,3208.66,267923.09,3256.79,3064.27,3065.8,255994.48,TARGET_HIT,0.01,56.84,0.014144,3789.54,168.72,4.37,164.35,164.35,5684.31,5848.66
498,ETH/INR,1h,SHORT,2026-01-21 04:30:00+05:30,2026-01-21 08:30:00+05:30,2931.0,244738.73,2974.97,2799.11,2976.46,248534.02,STOP_LOSS,0.01,58.49,0.015932,3899.1,-60.47,4.64,-65.1,-65.1,5848.66,5783.56
499,ETH/INR,1h,SHORT,2026-01-21 13:30:00+05:30,2026-01-21 20:30:00+05:30,2962.38,247358.37,3006.81,2829.07,3008.31,251194.28,STOP_LOSS,0.01,57.84,0.015588,3855.7,-59.79,4.59,-64.38,-64.38,5783.56,5719.18
500,ETH/INR,1h,LONG,2026-01-22 07:30:00+05:30,2026-01-22 16:30:00+05:30,3029.23,252940.84,2983.79,3165.55,2982.3,249022.16,STOP_LOSS,0.01,57.19,0.015074,3812.79,-59.07,4.46,-63.53,-63.53,5719.18,5655.64
501,ETH/INR,1h,SHORT,2026-01-23 12:30:00+05:30,2026-01-23 22:30:00+05:30,2934.18,245004.26,2978.2,2802.14,2979.68,248803.67,STOP_LOSS,0.01,56.56,0.015389,3770.43,-58.47,4.48,-62.95,-62.95,5655.64,5592.69
502,ETH/INR,1h,SHORT,2026-01-25 13:30:00+05:30,2026-01-26 00:30:00+05:30,2933.12,244915.69,2977.12,2801.13,2802.53,234011.43,TARGET_HIT,0.01,55.93,0.015223,3728.46,166.0,4.3,161.7,161.7,5592.69,5754.39
503,ETH/INR,1h,LONG,2026-01-26 19:30:00+05:30,2026-01-27 00:30:00+05:30,2908.37,242848.75,2864.74,3039.24,2927.34,244432.79,INTRADAY_SQUAREOFF,0.01,57.54,0.015797,3836.26,25.02,4.54,20.48,20.48,5754.39,5774.87
504,ETH/INR,1h,LONG,2026-01-27 08:30:00+05:30,2026-01-27 15:30:00+05:30,2943.38,245772.06,2899.23,3075.83,2897.78,241964.43,STOP_LOSS,0.01,57.75,0.015665,3849.91,-59.64,4.51,-64.15,-64.15,5774.87,5710.72
505,ETH/INR,1h,LONG,2026-01-27 17:30:00+05:30,2026-01-28 00:30:00+05:30,2919.24,243756.29,2875.45,3050.6,2972.67,248217.9,INTRADAY_SQUAREOFF,0.01,57.11,0.015619,3807.15,69.68,4.53,65.15,65.15,5710.72,5775.87
506,ETH/INR,1h,LONG,2026-01-28 12:30:00+05:30,2026-01-29 00:30:00+05:30,3014.24,251689.0,2969.03,3149.88,3009.63,251304.4,INTRADAY_SQUAREOFF,0.01,57.76,0.015299,3850.58,-5.88,4.54,-10.42,-10.42,5775.87,5765.44
507,ETH/INR,1h,SHORT,2026-01-29 15:30:00+05:30,2026-01-29 20:30:00+05:30,2937.45,245276.71,2981.51,2805.26,2806.66,234356.37,TARGET_HIT,0.01,57.65,0.015671,3843.63,171.13,4.43,166.69,166.69,5765.44,5932.14
508,ETH/INR,1h,SHORT,2026-01-30 00:30:00+05:30,2026-01-30 02:30:00+05:30,2755.26,230064.34,2796.59,2631.27,2797.99,233632.06,STOP_LOSS,0.01,59.32,0.01719,3954.76,-61.33,4.7,-66.03,-66.03,5932.14,5866.11
509,ETH/INR,1h,SHORT,2026-01-30 06:30:00+05:30,2026-01-30 23:30:00+05:30,2798.13,233644.14,2840.11,2672.22,2673.55,223241.72,TARGET_HIT,0.01,58.66,0.016738,3910.74,174.12,4.51,169.6,169.6,5866.11,6035.71
510,ETH/INR,1h,SHORT,2026-01-31 02:30:00+05:30,2026-01-31 04:30:00+05:30,2662.14,222288.48,2702.07,2542.34,2703.42,225735.62,STOP_LOSS,0.01,60.36,0.018102,4023.81,-62.4,4.78,-67.18,-67.18,6035.71,5968.53
511,ETH/INR,1h,SHORT,2026-01-31 07:30:00+05:30,2026-01-31 19:30:00+05:30,2693.74,224927.22,2734.15,2572.52,2573.81,214912.9,TARGET_HIT,0.01,59.69,0.01769,3979.02,177.16,4.59,172.57,172.57,5968.53,6141.09
512,ETH/INR,1h,SHORT,2026-02-01 11:30:00+05:30,2026-02-01 20:30:00+05:30,2423.06,202325.66,2459.41,2314.02,2315.18,193317.62,TARGET_HIT,0.01,61.41,0.020235,4094.06,182.28,4.72,177.55,177.55,6141.09,6318.65
513,ETH/INR,1h,SHORT,2026-02-02 03:30:00+05:30,2026-02-02 05:30:00+05:30,2282.25,190567.97,2316.48,2179.55,2317.64,193523.2,STOP_LOSS,0.01,63.19,0.022105,4212.43,-65.32,5.01,-70.33,-70.33,6318.65,6248.31
514,ETH/INR,1h,SHORT,2026-02-03 08:30:00+05:30,2026-02-03 10:30:00+05:30,2295.6,191682.41,2330.03,2192.3,2331.2,194654.92,STOP_LOSS,0.01,62.48,0.021731,4165.54,-64.6,4.95,-69.55,-69.55,6248.31,6178.76
515,ETH/INR,1h,SHORT,2026-02-03 16:30:00+05:30,2026-02-03 18:30:00+05:30,2274.7,189937.65,2308.82,2172.34,2309.98,192883.11,STOP_LOSS,0.01,61.79,0.021687,4119.17,-63.88,4.9,-68.78,-68.78,6178.76,6109.99
516,ETH/INR,1h,SHORT,2026-02-03 20:30:00+05:30,2026-02-03 23:30:00+05:30,2254.73,188270.26,2288.55,2153.27,2154.35,179888.0,TARGET_HIT,0.01,61.1,0.021636,4073.32,181.35,4.7,176.66,176.66,6109.99,6286.64
517,ETH/INR,1h,SHORT,2026-02-05 09:30:00+05:30,2026-02-05 14:30:00+05:30,2098.55,175229.05,2130.03,2004.12,2131.09,177946.42,STOP_LOSS,0.01,62.87,0.023918,4191.09,-64.99,4.98,-69.98,-69.98,6286.64,6216.66
518,ETH/INR,1h,SHORT,2026-02-05 16:30:00+05:30,2026-02-05 20:30:00+05:30,2086.93,174258.56,2118.23,1993.02,1994.01,166500.14,TARGET_HIT,0.01,62.17,0.023783,4144.44,184.52,4.78,179.74,179.74,6216.66,6396.4
519,ETH/INR,1h,SHORT,2026-02-06 01:30:00+05:30,2026-02-06 03:30:00+05:30,1914.54,159864.25,1943.26,1828.39,1829.3,152746.69,TARGET_HIT,0.01,63.96,0.026674,4264.27,189.86,4.92,184.94,184.94,6396.4,6581.34
520,ETH/INR,1h,SHORT,2026-02-06 14:30:00+05:30,2026-02-06 16:30:00+05:30,1866.07,155816.54,1894.06,1782.09,1895.0,158232.87,STOP_LOSS,0.01,65.81,0.028158,4387.56,-68.04,5.22,-73.26,-73.26,6581.34,6508.08
521,ETH/INR,1h,LONG,2026-02-07 07:30:00+05:30,2026-02-07 12:30:00+05:30,2065.15,172440.25,2034.18,2158.08,2033.16,169768.72,STOP_LOSS,0.01,65.08,0.025161,4338.72,-67.22,5.08,-72.3,-72.3,6508.08,6435.78
522,ETH/INR,1h,LONG,2026-02-07 17:30:00+05:30,2026-02-08 00:30:00+05:30,2019.66,168642.02,1989.37,2110.55,2094.48,174889.41,INTRADAY_SQUAREOFF,0.01,64.36,0.025442,4290.52,158.94,5.16,153.79,153.79,6435.78,6589.57
523,ETH/INR,1h,LONG,2026-02-08 02:30:00+05:30,2026-02-08 04:30:00+05:30,2110.02,176186.57,2078.37,2204.97,2077.33,173457.0,STOP_LOSS,0.01,65.9,0.024934,4393.05,-68.06,5.14,-73.2,-73.2,6589.57,6516.37
524,ETH/INR,1h,LONG,2026-02-08 07:30:00+05:30,2026-02-09 00:30:00+05:30,2096.76,175079.2,2065.31,2191.11,2107.7,175992.58,INTRADAY_SQUAREOFF,0.01,65.16,0.024813,4344.25,22.66,5.14,17.52,17.52,6516.37,6533.89
525,ETH/INR,1h,SHORT,2026-02-09 19:30:00+05:30,2026-02-09 21:30:00+05:30,2020.5,168711.86,2050.81,1929.58,2051.83,171328.16,STOP_LOSS,0.01,65.34,0.025819,4355.93,-67.55,5.18,-72.73,-72.73,6533.89,6461.16
526,ETH/INR,1h,LONG,2026-02-10 07:30:00+05:30,2026-02-10 09:30:00+05:30,2122.82,177255.73,2090.98,2218.35,2089.94,174509.59,STOP_LOSS,0.01,64.61,0.024301,4307.44,-66.73,5.04,-71.78,-71.78,6461.16,6389.39
527,ETH/INR,1h,SHORT,2026-02-10 17:30:00+05:30,2026-02-10 19:30:00+05:30,1999.42,166951.79,2029.41,1909.45,2030.43,169540.8,STOP_LOSS,0.01,63.89,0.025514,4259.59,-66.06,5.07,-71.12,-71.12,6389.39,6318.27
528,ETH/INR,1h,SHORT,2026-02-11 08:30:00+05:30,2026-02-11 20:30:00+05:30,2013.16,168099.19,2043.36,1922.57,1923.53,160614.99,TARGET_HIT,0.01,63.18,0.025058,4212.18,187.54,4.86,182.68,182.68,6318.27,6500.94
529,ETH/INR,1h,SHORT,2026-02-12 08:30:00+05:30,2026-02-12 14:30:00+05:30,1956.23,163345.16,1985.57,1868.2,1986.57,165878.23,STOP_LOSS,0.01,65.01,0.026533,4333.96,-67.21,5.15,-72.36,-72.36,6500.94,6428.58
530,ETH/INR,1h,SHORT,2026-02-13 06:30:00+05:30,2026-02-13 13:30:00+05:30,1928.67,161043.64,1957.6,1841.88,1958.58,163541.02,STOP_LOSS,0.01,64.29,0.026612,4285.72,-66.46,5.1,-71.56,-71.56,6428.58,6357.02
531,ETH/INR,1h,LONG,2026-02-14 06:30:00+05:30,2026-02-15 00:30:00+05:30,2055.52,171635.83,2024.69,2148.02,2082.95,173926.32,INTRADAY_SQUAREOFF,0.01,63.57,0.024692,4238.02,56.56,5.03,51.52,51.52,6357.02,6408.55
532,ETH/INR,1h,SHORT,2026-02-15 23:30:00+05:30,2026-02-16 01:30:00+05:30,1959.21,163594.19,1988.6,1871.05,1942.61,162208.03,INTRADAY_SQUAREOFF,0.01,64.09,0.026116,4272.36,36.2,5.02,31.18,31.18,6408.55,6439.73
533,ETH/INR,1h,SHORT,2026-02-16 08:30:00+05:30,2026-02-16 14:30:00+05:30,1952.13,163003.14,1981.42,1864.29,1982.41,165530.91,STOP_LOSS,0.01,64.4,0.026338,4293.15,-66.58,5.11,-71.68,-71.68,6439.73,6368.04
534,ETH/INR,1h,SHORT,2026-02-16 19:30:00+05:30,2026-02-17 00:30:00+05:30,1960.94,163738.37,1990.35,1872.7,1969.56,164458.39,INTRADAY_SQUAREOFF,0.01,63.68,0.025928,4245.36,-18.67,5.02,-23.69,-23.69,6368.04,6344.36
535,ETH/INR,1h,SHORT,2026-02-17 07:30:00+05:30,2026-02-18 00:30:00+05:30,1990.18,166179.97,2020.03,1900.62,2000.06,167004.63,INTRADAY_SQUAREOFF,0.01,63.44,0.025452,4229.57,-20.99,5.0,-25.99,-25.99,6344.36,6318.36
536,ETH/INR,1h,SHORT,2026-02-18 06:30:00+05:30,2026-02-18 12:30:00+05:30,1979.89,165320.57,2009.59,1890.79,2010.59,167884.28,STOP_LOSS,0.01,63.18,0.025479,4212.24,-65.32,5.01,-70.33,-70.33,6318.36,6248.03
537,ETH/INR,1h,SHORT,2026-02-18 19:30:00+05:30,2026-02-19 00:30:00+05:30,1963.42,163945.28,1992.87,1875.06,1952.71,163051.53,INTRADAY_SQUAREOFF,0.01,62.48,0.025407,4165.36,22.71,4.9,17.81,17.81,6248.03,6265.84
538,ETH/INR,1h,SHORT,2026-02-19 14:30:00+05:30,2026-02-20 00:30:00+05:30,1966.08,164167.46,1995.57,1877.6,1940.08,161996.69,INTRADAY_SQUAREOFF,0.01,62.66,0.025445,4177.23,55.24,4.9,50.34,50.34,6265.84,6316.18
539,ETH/INR,1h,SHORT,2026-02-20 10:30:00+05:30,2026-02-20 12:30:00+05:30,1932.75,161384.54,1961.74,1845.78,1962.72,163887.21,STOP_LOSS,0.01,63.16,0.026092,4210.78,-65.3,5.01,-70.31,-70.31,6316.18,6245.87
540,ETH/INR,1h,SHORT,2026-02-20 16:30:00+05:30,2026-02-21 00:30:00+05:30,1955.61,163293.71,1984.95,1867.61,1978.27,165185.19,INTRADAY_SQUAREOFF,0.01,62.46,0.0255,4163.91,-48.23,4.94,-53.17,-53.17,6245.87,6192.7
541,ETH/INR,1h,SHORT,2026-02-23 02:30:00+05:30,2026-02-23 22:30:00+05:30,1938.88,161896.61,1967.96,1851.63,1852.56,154688.56,TARGET_HIT,0.01,61.93,0.025501,4128.46,183.81,4.76,179.05,179.05,6192.7,6371.74
542,ETH/INR,1h,LONG,2026-02-25 14:30:00+05:30,2026-02-25 20:30:00+05:30,1912.9,159726.87,1884.2,1998.98,1997.98,166831.12,TARGET_HIT,0.01,63.72,0.026594,4247.83,188.93,5.12,183.81,183.81,6371.74,6555.55
543,ETH/INR,1h,LONG,2026-02-26 02:30:00+05:30,2026-02-26 04:30:00+05:30,2081.29,173787.64,2050.07,2174.95,2049.04,171095.24,STOP_LOSS,0.01,65.56,0.025148,4370.37,-67.71,5.12,-72.83,-72.83,6555.55,6482.73
544,ETH/INR,1h,LONG,2026-02-26 10:30:00+05:30,2026-02-26 13:30:00+05:30,2082.2,173863.97,2050.97,2175.9,2049.94,171170.38,STOP_LOSS,0.01,64.83,0.024857,4321.82,-66.96,5.06,-72.02,-72.02,6482.73,6410.71
545,ETH/INR,1h,LONG,2026-02-26 18:30:00+05:30,2026-02-26 20:30:00+05:30,2071.15,172941.03,2040.08,2164.35,2039.06,170261.74,STOP_LOSS,0.01,64.11,0.024713,4273.81,-66.21,5.0,-71.22,-71.22,6410.71,6339.5
546,ETH/INR,1h,SHORT,2026-02-27 06:30:00+05:30,2026-02-27 08:30:00+05:30,2008.86,167740.13,2039.0,1918.46,2040.02,170341.36,STOP_LOSS,0.01,63.39,0.025196,4226.33,-65.54,5.03,-70.57,-70.57,6339.5,6268.93
547,ETH/INR,1h,SHORT,2026-02-27 11:30:00+05:30,2026-02-27 18:30:00+05:30,2038.82,170241.25,2069.4,1947.07,1948.04,162661.68,TARGET_HIT,0.01,62.69,0.024549,4179.29,186.07,4.82,181.25,181.25,6268.93,6450.18
548,ETH/INR,1h,SHORT,2026-02-27 22:30:00+05:30,2026-02-28 00:30:00+05:30,1924.92,160731.16,1953.8,1838.3,1918.9,160228.11,INTRADAY_SQUAREOFF,0.01,64.5,0.026753,4300.12,13.46,5.07,8.39,8.39,6450.18,6458.57
549,ETH/INR,1h,SHORT,2026-02-28 09:30:00+05:30,2026-03-01 00:30:00+05:30,1921.28,160426.55,1950.1,1834.82,1951.07,162914.37,STOP_LOSS,0.01,64.59,0.026839,4305.71,-66.77,5.12,-71.89,-71.89,6458.57,6386.68
550,ETH/INR,1h,LONG,2026-03-01 07:30:00+05:30,2026-03-01 14:30:00+05:30,2014.1,168177.27,1983.89,2104.73,1982.9,165571.79,STOP_LOSS,0.01,63.87,0.025317,4257.79,-65.96,4.99,-70.95,-70.95,6386.68,6315.73
551,ETH/INR,1h,LONG,2026-03-01 19:30:00+05:30,2026-03-01 21:30:00+05:30,2015.95,168332.14,1985.71,2106.67,1984.72,165724.25,STOP_LOSS,0.01,63.16,0.025013,4210.49,-65.23,4.93,-70.16,-70.16,6315.73,6245.57
552,ETH/INR,1h,SHORT,2026-03-02 12:30:00+05:30,2026-03-02 19:30:00+05:30,1938.86,161894.67,1967.94,1851.61,1968.93,164405.25,STOP_LOSS,0.01,62.46,0.025719,4163.71,-64.57,4.95,-69.52,-69.52,6245.57,6176.05
553,ETH/INR,1h,LONG,2026-03-03 01:30:00+05:30,2026-03-03 07:30:00+05:30,2046.12,170850.71,2015.42,2138.19,2014.42,168203.81,STOP_LOSS,0.01,61.76,0.024099,4117.37,-63.79,4.82,-68.61,-68.61,6176.05,6107.44
554,ETH/INR,1h,LONG,2026-03-04 19:30:00+05:30,2026-03-04 23:30:00+05:30,2068.85,172748.94,2037.82,2161.95,2160.87,180432.38,TARGET_HIT,0.01,61.07,0.02357,4071.63,181.1,4.91,176.18,176.18,6107.44,6283.63
555,ETH/INR,1h,LONG,2026-03-05 10:30:00+05:30,2026-03-05 12:30:00+05:30,2143.05,178944.49,2110.9,2239.48,2109.85,176172.19,STOP_LOSS,0.01,62.84,0.02341,4189.08,-64.9,4.9,-69.8,-69.8,6283.63,6213.82
556,ETH/INR,1h,LONG,2026-03-05 16:30:00+05:30,2026-03-05 18:30:00+05:30,2163.04,180614.18,2130.6,2260.38,2129.53,177816.02,STOP_LOSS,0.01,62.14,0.022936,4142.55,-64.18,4.85,-69.03,-69.03,6213.82,6144.79
557,ETH/INR,1h,SHORT,2026-03-07 05:30:00+05:30,2026-03-08 00:30:00+05:30,1976.85,165067.34,2006.51,1887.9,1972.21,164679.4,INTRADAY_SQUAREOFF,0.01,61.45,0.024817,4096.53,9.63,4.83,4.8,4.8,6144.79,6149.59
558,ETH/INR,1h,SHORT,2026-03-08 08:30:00+05:30,2026-03-08 14:30:00+05:30,1939.19,161922.53,1968.28,1851.93,1969.26,164433.55,STOP_LOSS,0.01,61.5,0.025319,4099.73,-63.58,4.88,-68.45,-68.45,6149.59,6081.14
559,ETH/INR,1h,SHORT,2026-03-08 17:30:00+05:30,2026-03-09 00:30:00+05:30,1946.17,162505.4,1975.37,1858.59,1931.43,161274.81,INTRADAY_SQUAREOFF,0.01,60.81,0.024947,4054.09,30.7,4.77,25.93,25.93,6081.14,6107.08
560,ETH/INR,1h,LONG,2026-03-09 14:30:00+05:30,2026-03-10 00:30:00+05:30,1999.77,166980.63,1969.77,2089.76,2011.91,167994.55,INTRADAY_SQUAREOFF,0.01,61.07,0.024382,4071.38,24.72,4.82,19.9,19.9,6107.08,6126.98
561,ETH/INR,1h,LONG,2026-03-10 06:30:00+05:30,2026-03-11 00:30:00+05:30,2023.01,168920.99,1992.66,2114.04,2039.01,170257.35,INTRADAY_SQUAREOFF,0.01,61.27,0.024181,4084.65,32.31,4.84,27.48,27.48,6126.98,6154.45
562,ETH/INR,1h,LONG,2026-03-11 05:30:00+05:30,2026-03-12 00:30:00+05:30,2038.15,170185.42,2007.58,2129.87,2076.27,173368.54,INTRADAY_SQUAREOFF,0.01,61.54,0.024109,4102.97,76.74,4.89,71.85,71.85,6154.45,6226.31
563,ETH/INR,1h,LONG,2026-03-13 01:30:00+05:30,2026-03-13 18:30:00+05:30,2073.97,173176.44,2042.86,2167.3,2166.21,180878.89,TARGET_HIT,0.01,62.26,0.023969,4150.87,184.62,5.01,179.61,179.61,6226.31,6405.92
564,ETH/INR,1h,SHORT,2026-03-14 10:30:00+05:30,2026-03-15 00:30:00+05:30,2088.1,174356.71,2119.43,1994.14,2078.46,173551.79,INTRADAY_SQUAREOFF,0.01,64.06,0.024494,4270.61,19.72,5.03,14.69,14.69,6405.92,6420.61
565,ETH/INR,1h,LONG,2026-03-15 14:30:00+05:30,2026-03-16 00:30:00+05:30,2114.12,176528.88,2082.41,2209.25,2099.41,175300.53,INTRADAY_SQUAREOFF,0.01,64.21,0.024248,4280.41,-29.78,5.03,-34.82,-34.82,6420.61,6385.79
566,ETH/INR,1h,LONG,2026-03-16 07:30:00+05:30,2026-03-16 17:30:00+05:30,2189.57,182828.73,2156.72,2288.1,2286.95,190960.5,TARGET_HIT,0.01,63.86,0.023285,4257.19,189.35,5.14,184.21,184.21,6385.79,6570.01
567,ETH/INR,1h,LONG,2026-03-16 23:30:00+05:30,2026-03-17 01:30:00+05:30,2321.27,193825.96,2286.45,2425.73,2330.43,194590.57,INTRADAY_SQUAREOFF,0.01,65.7,0.022598,4380.0,17.28,5.18,12.1,12.1,6570.01,6582.11
568,ETH/INR,1h,LONG,2026-03-17 17:30:00+05:30,2026-03-18 00:30:00+05:30,2333.0,194805.37,2298.0,2437.98,2331.82,194706.83,INTRADAY_SQUAREOFF,0.01,65.82,0.022525,4388.07,-2.22,5.18,-7.4,-7.4,6582.11,6574.71
569,ETH/INR,1h,LONG,2026-03-18 14:30:00+05:30,2026-03-18 16:30:00+05:30,2326.22,194239.75,2291.33,2430.9,2290.19,191230.49,STOP_LOSS,0.01,65.75,0.022566,4383.14,-67.91,5.13,-73.04,-73.04,6574.71,6501.67
570,ETH/INR,1h,SHORT,2026-03-19 00:30:00+05:30,2026-03-19 08:30:00+05:30,2176.45,181733.72,2209.1,2078.51,2210.2,184551.96,STOP_LOSS,0.01,65.02,0.023851,4334.45,-67.22,5.15,-72.37,-72.37,6501.67,6429.3
571,ETH/INR,1h,SHORT,2026-03-19 10:30:00+05:30,2026-03-20 00:30:00+05:30,2191.18,182963.69,2224.05,2092.58,2128.34,177716.53,INTRADAY_SQUAREOFF,0.01,64.29,0.023427,4286.2,122.92,4.99,117.94,117.94,6429.3,6547.24
572,ETH/INR,1h,SHORT,2026-03-20 04:30:00+05:30,2026-03-20 13:30:00+05:30,2134.94,178267.54,2166.96,2038.87,2168.05,181032.02,STOP_LOSS,0.01,65.47,0.024485,4364.83,-67.69,5.19,-72.88,-72.88,6547.24,6474.36
573,ETH/INR,1h,SHORT,2026-03-20 15:30:00+05:30,2026-03-21 00:30:00+05:30,2135.42,178307.31,2167.45,2039.32,2123.64,177324.32,INTRADAY_SQUAREOFF,0.01,64.74,0.024207,4316.24,23.79,5.08,18.72,18.72,6474.36,6493.08
574,ETH/INR,1h,SHORT,2026-03-21 05:30:00+05:30,2026-03-22 00:30:00+05:30,2143.45,178978.48,2175.61,2047.0,2152.25,179712.81,INTRADAY_SQUAREOFF,0.01,64.93,0.024186,4328.72,-17.76,5.12,-22.88,-22.88,6493.08,6470.2
575,ETH/INR,1h,SHORT,2026-03-22 04:30:00+05:30,2026-03-23 00:30:00+05:30,2148.61,179409.2,2180.84,2051.93,2072.41,173046.19,INTRADAY_SQUAREOFF,0.01,64.7,0.024043,4313.47,152.98,5.0,147.98,147.98,6470.2,6618.18
576,ETH/INR,1h,SHORT,2026-03-23 12:30:00+05:30,2026-03-23 16:30:00+05:30,2028.66,169393.28,2059.09,1937.37,2060.12,172020.15,STOP_LOSS,0.01,66.18,0.026047,4412.12,-68.42,5.25,-73.67,-73.67,6618.18,6544.51
577,ETH/INR,1h,LONG,2026-03-24 13:30:00+05:30,2026-03-24 18:30:00+05:30,2169.03,181113.74,2136.49,2266.63,2135.42,178307.84,STOP_LOSS,0.01,65.45,0.02409,4363.01,-67.59,5.11,-72.7,-72.7,6544.51,6471.81
578,ETH/INR,1h,SHORT,2026-03-26 15:30:00+05:30,2026-03-27 00:30:00+05:30,2076.22,173364.49,2107.36,1982.79,2046.53,170885.28,INTRADAY_SQUAREOFF,0.01,64.72,0.024887,4314.54,61.7,5.05,56.65,56.65,6471.81,6528.46
579,ETH/INR,1h,SHORT,2026-03-27 05:30:00+05:30,2026-03-28 00:30:00+05:30,2056.16,171689.04,2087.0,1963.63,1984.18,165678.62,INTRADAY_SQUAREOFF,0.01,65.28,0.02535,4352.3,152.36,5.05,147.32,147.32,6528.46,6675.77
580,ETH/INR,1h,SHORT,2026-03-28 14:30:00+05:30,2026-03-28 18:30:00+05:30,1996.74,166727.48,2026.69,1906.88,2027.7,169313.0,STOP_LOSS,0.01,66.76,0.026693,4450.52,-69.02,5.29,-74.31,-74.31,6675.77,6601.47
581,ETH/INR,1h,LONG,2026-03-29 02:30:00+05:30,2026-03-29 04:30:00+05:30,2025.56,169134.46,1995.18,2116.71,1994.18,166514.15,STOP_LOSS,0.01,66.01,0.026021,4400.98,-68.18,5.15,-73.34,-73.34,6601.47,6528.13
582,ETH/INR,1h,LONG,2026-03-30 13:30:00+05:30,2026-03-30 23:30:00+05:30,2059.52,171969.73,2028.63,2152.2,2027.61,169305.49,STOP_LOSS,0.01,65.28,0.025307,4352.09,-67.42,5.1,-72.52,-72.52,6528.13,6455.61
583,ETH/INR,1h,SHORT,2026-03-31 10:30:00+05:30,2026-03-31 19:30:00+05:30,2055.19,171608.38,2086.02,1962.71,2087.06,174269.59,STOP_LOSS,0.01,64.56,0.025079,4303.74,-66.74,5.12,-71.86,-71.86,6455.61,6383.75
584,ETH/INR,1h,LONG,2026-04-01 02:30:00+05:30,2026-04-02 00:30:00+05:30,2107.46,175972.78,2075.85,2202.29,2126.88,177594.12,INTRADAY_SQUAREOFF,0.01,63.84,0.024185,4255.84,39.21,5.05,34.17,34.17,6383.75,6417.92
585,ETH/INR,1h,LONG,2026-04-02 06:30:00+05:30,2026-04-02 08:30:00+05:30,2159.22,180295.03,2126.83,2256.39,2125.77,177501.81,STOP_LOSS,0.01,64.18,0.023731,4278.61,-66.29,5.01,-71.3,-71.3,6417.92,6346.62
586,ETH/INR,1h,LONG,2026-04-03 17:30:00+05:30,2026-04-04 00:30:00+05:30,2064.98,172425.89,2034.01,2157.9,2047.73,170985.82,INTRADAY_SQUAREOFF,0.01,63.47,0.024539,4231.08,-35.34,4.97,-40.31,-40.31,6346.62,6306.31
587,ETH/INR,1h,LONG,2026-04-04 11:30:00+05:30,2026-04-05 00:30:00+05:30,2054.77,171573.42,2023.95,2147.24,2054.02,171510.41,INTRADAY_SQUAREOFF,0.01,63.06,0.024504,4204.21,-1.54,4.96,-6.5,-6.5,6306.31,6299.81
588,ETH/INR,1h,LONG,2026-04-06 04:30:00+05:30,2026-04-07 00:30:00+05:30,2086.47,174220.32,2055.17,2180.36,2143.79,179006.58,INTRADAY_SQUAREOFF,0.01,63.0,0.024107,4199.87,115.38,5.02,110.36,110.36,6299.81,6410.17
589,ETH/INR,1h,LONG,2026-04-07 02:30:00+05:30,2026-04-07 04:30:00+05:30,2154.04,179861.96,2121.72,2250.97,2120.66,177075.45,STOP_LOSS,0.01,64.1,0.02376,4273.44,-66.21,5.0,-71.21,-71.21,6410.17,6338.96
590,ETH/INR,1h,SHORT,2026-04-07 07:30:00+05:30,2026-04-07 14:30:00+05:30,2097.44,175136.34,2128.9,2003.06,2129.97,177852.27,STOP_LOSS,0.01,63.39,0.02413,4225.97,-65.53,5.03,-70.56,-70.56,6338.96,6268.4
591,ETH/INR,1h,SHORT,2026-04-07 16:30:00+05:30,2026-04-08 00:30:00+05:30,2086.24,174201.29,2117.54,1992.36,2086.8,174247.98,INTRADAY_SQUAREOFF,0.01,62.68,0.023989,4178.93,-1.12,4.93,-6.05,-6.05,6268.4,6262.35
592,ETH/INR,1h,LONG,2026-04-08 18:30:00+05:30,2026-04-08 20:30:00+05:30,2257.93,188536.82,2224.06,2359.53,2222.95,185615.91,STOP_LOSS,0.01,62.62,0.022144,4174.9,-64.68,4.89,-69.57,-69.57,6262.35,6192.78
593,ETH/INR,1h,SHORT,2026-04-09 00:30:00+05:30,2026-04-10 00:30:00+05:30,2198.04,183536.39,2231.01,2099.13,2207.89,184359.12,INTRADAY_SQUAREOFF,0.01,61.93,0.022494,4128.52,-18.51,4.88,-23.39,-23.39,6192.78,6169.39
594,ETH/INR,1h,LONG,2026-04-10 10:30:00+05:30,2026-04-11 00:30:00+05:30,2197.25,183470.08,2164.29,2296.12,2248.86,187779.74,INTRADAY_SQUAREOFF,0.01,61.69,0.022417,4112.93,96.61,4.91,91.7,91.7,6169.39,6261.09
595,ETH/INR,1h,LONG,2026-04-11 17:30:00+05:30,2026-04-12 00:30:00+05:30,2248.71,187766.87,2214.97,2349.9,2303.59,192349.65,INTRADAY_SQUAREOFF,0.01,62.61,0.02223,4174.06,101.88,4.99,96.89,96.89,6261.09,6357.98
596,ETH/INR,1h,SHORT,2026-04-12 16:30:00+05:30,2026-04-13 00:30:00+05:30,2196.86,183438.22,2229.82,2098.01,2202.68,183923.87,INTRADAY_SQUAREOFF,0.01,63.58,0.023107,4238.65,-11.22,5.01,-16.23,-16.23,6357.98,6341.75
597,ETH/INR,1h,LONG,2026-04-14 04:30:00+05:30,2026-04-14 22:30:00+05:30,2362.75,197289.7,2327.31,2469.07,2326.15,194233.19,STOP_LOSS,0.01,63.42,0.02143,4227.83,-65.5,4.95,-70.45,-70.45,6341.75,6271.3
598,ETH/INR,1h,SHORT,2026-04-15 11:30:00+05:30,2026-04-15 20:30:00+05:30,2314.47,193258.42,2349.19,2210.32,2350.36,196255.37,STOP_LOSS,0.01,62.71,0.021634,4180.87,-64.83,4.97,-69.81,-69.81,6271.3,6201.49
599,ETH/INR,1h,LONG,2026-04-17 12:30:00+05:30,2026-04-17 18:30:00+05:30,2334.1,194897.05,2299.08,2439.13,2437.91,203565.58,TARGET_HIT,0.01,62.01,0.021213,4134.33,183.88,4.99,178.9,178.9,6201.49,6380.39
600,ETH/INR,1h,SHORT,2026-04-19 22:30:00+05:30,2026-04-20 00:30:00+05:30,2305.15,192479.77,2339.72,2201.42,2299.82,192034.91,INTRADAY_SQUAREOFF,0.01,63.8,0.022099,4253.59,9.83,5.01,4.82,4.82,6380.39,6385.21
601,ETH/INR,1h,SHORT,2026-04-20 03:30:00+05:30,2026-04-20 12:30:00+05:30,2274.16,189892.56,2308.27,2171.83,2309.43,192837.32,STOP_LOSS,0.01,63.85,0.022417,4256.81,-66.01,5.06,-71.07,-71.07,6385.21,6314.13
602,ETH/INR,1h,SHORT,2026-04-20 20:30:00+05:30,2026-04-20 22:30:00+05:30,2283.19,190646.19,2317.44,2180.44,2318.59,193602.64,STOP_LOSS,0.01,63.14,0.02208,4209.42,-65.28,5.01,-70.28,-70.28,6314.13,6243.85
603,ETH/INR,1h,LONG,2026-04-22 17:30:00+05:30,2026-04-23 00:30:00+05:30,2402.89,200641.38,2366.85,2511.02,2394.27,199921.73,INTRADAY_SQUAREOFF,0.01,62.44,0.020746,4162.57,-14.93,4.9,-19.83,-19.83,6243.85,6224.02
604,ETH/INR,1h,SHORT,2026-04-23 13:30:00+05:30,2026-04-24 00:30:00+05:30,2340.96,195470.06,2376.07,2235.62,2306.94,192629.73,INTRADAY_SQUAREOFF,0.01,62.24,0.021228,4149.34,60.29,4.86,55.43,55.43,6224.02,6279.45
605,ETH/INR,1h,SHORT,2026-04-24 08:30:00+05:30,2026-04-25 00:30:00+05:30,2315.37,193333.54,2350.1,2211.18,2322.82,193955.53,INTRADAY_SQUAREOFF,0.01,62.79,0.021653,4186.3,-13.47,4.95,-18.42,-18.42,6279.45,6261.03
606,ETH/INR,1h,SHORT,2026-04-25 03:30:00+05:30,2026-04-26 00:30:00+05:30,2312.67,193108.21,2347.36,2208.6,2312.86,193123.46,INTRADAY_SQUAREOFF,0.01,62.61,0.021615,4174.02,-0.33,4.93,-5.26,-5.26,6261.03,6255.78
607,ETH/INR,1h,SHORT,2026-04-26 07:30:00+05:30,2026-04-26 19:30:00+05:30,2312.92,193129.07,2347.62,2208.84,2348.79,196124.02,STOP_LOSS,0.01,62.56,0.021594,4170.52,-64.67,4.96,-69.63,-69.63,6255.78,6186.14
608,ETH/INR,1h,LONG,2026-04-26 23:30:00+05:30,2026-04-27 01:30:00+05:30,2352.14,196403.31,2316.85,2457.98,2368.03,197730.12,INTRADAY_SQUAREOFF,0.01,61.86,0.020998,4124.1,27.86,4.88,22.98,22.98,6186.14,6209.12
609,ETH/INR,1h,LONG,2026-04-27 06:30:00+05:30,2026-04-27 10:30:00+05:30,2393.58,199863.6,2357.67,2501.29,2356.49,196767.22,STOP_LOSS,0.01,62.09,0.020711,4139.41,-64.13,4.85,-68.98,-68.98,6209.12,6140.15
610,ETH/INR,1h,SHORT,2026-04-27 18:30:00+05:30,2026-04-28 00:30:00+05:30,2311.1,192977.17,2345.77,2207.1,2289.09,191139.34,INTRADAY_SQUAREOFF,0.01,61.4,0.021212,4093.43,38.98,4.81,34.18,34.18,6140.15,6174.32
611,ETH/INR,1h,SHORT,2026-04-28 03:30:00+05:30,2026-04-29 00:30:00+05:30,2285.49,190838.13,2319.77,2182.64,2298.02,191884.55,INTRADAY_SQUAREOFF,0.01,61.74,0.021569,4116.21,-22.57,4.87,-27.44,-27.44,6174.32,6146.88
612,ETH/INR,1h,SHORT,2026-04-29 04:30:00+05:30,2026-04-29 09:30:00+05:30,2284.07,190719.62,2318.33,2181.28,2319.49,193677.21,STOP_LOSS,0.01,61.47,0.021487,4097.92,-63.55,4.87,-68.42,-68.42,6146.88,6078.46
613,ETH/INR,1h,SHORT,2026-04-30 08:30:00+05:30,2026-04-30 14:30:00+05:30,2234.55,186585.1,2268.07,2134.0,2269.2,189478.57,STOP_LOSS,0.01,60.78,0.021718,4052.31,-62.84,4.82,-67.66,-67.66,6078.46,6010.8
614,ETH/INR,1h,SHORT,2026-04-30 22:30:00+05:30,2026-05-01 00:30:00+05:30,2252.95,188121.58,2286.75,2151.57,2259.56,188673.19,INTRADAY_SQUAREOFF,0.01,60.11,0.021301,4007.2,-11.75,4.74,-16.49,-16.49,6010.8,5994.31
615,ETH/INR,1h,SHORT,2026-05-01 03:30:00+05:30,2026-05-01 08:30:00+05:30,2252.38,188074.0,2286.17,2151.03,2287.31,190990.56,STOP_LOSS,0.01,59.94,0.021248,3996.21,-61.97,4.75,-66.72,-66.72,5994.31,5927.59
616,ETH/INR,1h,LONG,2026-05-02 12:30:00+05:30,2026-05-03 00:30:00+05:30,2306.78,192616.36,2272.18,2410.59,2309.11,192811.09,INTRADAY_SQUAREOFF,0.01,59.28,0.020516,3951.73,4.0,4.67,-0.67,-0.67,5927.59,5926.92
617,ETH/INR,1h,LONG,2026-05-04 01:30:00+05:30,2026-05-05 00:30:00+05:30,2338.68,195279.68,2303.6,2443.92,2360.99,197142.57,INTRADAY_SQUAREOFF,0.01,59.27,0.020234,3951.28,37.69,4.68,33.01,33.01,5926.92,5959.93
618,ETH/INR,1h,LONG,2026-05-05 06:30:00+05:30,2026-05-06 05:30:00+05:30,2360.62,197111.74,2325.21,2466.85,2358.53,196937.26,INTRADAY_SQUAREOFF,0.01,59.6,0.020158,3973.29,-3.52,4.69,-8.2,-8.2,5959.93,5951.73
619,ETH/INR,1h,LONG,2026-05-06 12:30:00+05:30,2026-05-07 00:30:00+05:30,2372.17,198075.82,2336.58,2478.91,2343.51,195682.88,INTRADAY_SQUAREOFF,0.01,59.52,0.020032,3967.82,-47.93,4.65,-52.59,-52.59,5951.73,5899.14
620,ETH/INR,1h,SHORT,2026-05-07 06:30:00+05:30,2026-05-08 00:30:00+05:30,2328.24,194407.64,2363.16,2223.46,2297.07,191805.17,INTRADAY_SQUAREOFF,0.01,58.99,0.020229,3932.76,52.65,4.61,48.04,48.04,5899.14,5947.18
621,ETH/INR,1h,SHORT,2026-05-08 08:30:00+05:30,2026-05-08 22:30:00+05:30,2269.6,189511.37,2303.64,2167.47,2304.79,192450.22,STOP_LOSS,0.01,59.47,0.020921,3964.78,-61.48,4.71,-66.2,-66.2,5947.18,5880.98
622,ETH/INR,1h,LONG,2026-05-09 21:30:00+05:30,2026-05-10 00:30:00+05:30,2318.89,193627.22,2284.11,2423.24,2328.99,194471.07,INTRADAY_SQUAREOFF,0.01,58.81,0.020248,3920.65,17.09,4.64,12.45,12.45,5880.98,5893.43
623,ETH/INR,1h,LONG,2026-05-10 08:30:00+05:30,2026-05-11 00:30:00+05:30,2328.8,194455.11,2293.87,2433.6,2357.19,196825.44,INTRADAY_SQUAREOFF,0.01,58.93,0.020205,3928.95,47.89,4.66,43.23,43.23,5893.43,5936.65
624,ETH/INR,1h,LONG,2026-05-11 17:30:00+05:30,2026-05-12 00:30:00+05:30,2336.94,195134.32,2301.88,2442.1,2334.46,194927.58,INTRADAY_SQUAREOFF,0.01,59.37,0.020282,3957.77,-4.19,4.67,-8.86,-8.86,5936.65,5927.79
625,ETH/INR,1h,SHORT,2026-05-12 12:30:00+05:30,2026-05-13 00:30:00+05:30,2300.86,192121.73,2335.37,2197.32,2280.56,190426.73,INTRADAY_SQUAREOFF,0.01,59.28,0.02057,3951.86,34.87,4.64,30.22,30.22,5927.79,5958.02
626,ETH/INR,1h,SHORT,2026-05-13 11:30:00+05:30,2026-05-14 00:30:00+05:30,2294.47,191588.44,2328.89,2191.22,2259.73,188687.4,INTRADAY_SQUAREOFF,0.01,59.58,0.020732,3972.01,60.14,4.65,55.49,55.49,5958.02,6013.51
627,ETH/INR,1h,SHORT,2026-05-14 03:30:00+05:30,2026-05-14 19:30:00+05:30,2252.23,188061.49,2286.02,2150.88,2287.16,190977.85,STOP_LOSS,0.01,60.14,0.021318,4009.01,-62.17,4.77,-66.94,-66.94,6013.51,5946.57
628,ETH/INR,1h,SHORT,2026-05-16 01:30:00+05:30,2026-05-17 00:30:00+05:30,2219.45,185324.06,2252.74,2119.57,2181.66,182168.64,INTRADAY_SQUAREOFF,0.01,59.47,0.021392,3964.38,67.5,4.64,62.86,62.86,5946.57,6009.43
629,ETH/INR,1h,SHORT,2026-05-17 04:30:00+05:30,2026-05-18 00:30:00+05:30,2177.61,181830.49,2210.27,2079.62,2188.76,182761.77,INTRADAY_SQUAREOFF,0.01,60.09,0.022033,4006.29,-20.52,4.74,-25.26,-25.26,6009.43,5984.18
630,ETH/INR,1h,SHORT,2026-05-19 00:30:00+05:30,2026-05-19 02:30:00+05:30,2076.96,173426.24,2108.12,1983.5,2109.17,176115.65,STOP_LOSS,0.01,59.84,0.023004,3989.45,-61.87,4.74,-66.61,-66.61,5984.18,5917.56
631,ETH/INR,1h,SHORT,2026-05-19 07:30:00+05:30,2026-05-20 00:30:00+05:30,2120.94,177098.41,2152.75,2025.5,2115.02,176603.91,INTRADAY_SQUAREOFF,0.01,59.18,0.022276,3945.04,11.02,4.65,6.37,6.37,5917.56,5923.93
632,ETH/INR,1h,SHORT,2026-05-20 19:30:00+05:30,2026-05-20 22:30:00+05:30,2113.37,176466.62,2145.07,2018.27,2146.15,179203.18,STOP_LOSS,0.01,59.24,0.02238,3949.29,-61.24,4.7,-65.94,-65.94,5923.93,5857.99
633,ETH/INR,1h,SHORT,2026-05-22 10:30:00+05:30,2026-05-23 00:30:00+05:30,2129.49,177812.81,2161.44,2033.67,2098.76,175246.36,INTRADAY_SQUAREOFF,0.01,58.58,0.021963,3905.33,56.37,4.58,51.79,51.79,5857.99,5909.78
634,ETH/INR,1h,SHORT,2026-05-23 12:30:00+05:30,2026-05-24 00:30:00+05:30,2057.08,171766.27,2087.94,1964.51,2072.81,173079.29,INTRADAY_SQUAREOFF,0.01,59.1,0.022937,3939.86,-30.12,4.67,-34.78,-34.78,5909.78,5875.0
635,ETH/INR,1h,LONG,2026-05-24 12:30:00+05:30,2026-05-24 19:30:00+05:30,2128.01,177689.12,2096.09,2223.77,2095.05,174936.27,STOP_LOSS,0.01,58.75,0.022042,3916.67,-60.68,4.59,-65.26,-65.26,5875.0,5809.73
636,ETH/INR,1h,SHORT,2026-05-25 07:30:00+05:30,2026-05-25 14:30:00+05:30,2089.78,174497.02,2121.13,1995.74,2122.19,177203.03,STOP_LOSS,0.01,58.1,0.022196,3873.16,-60.06,4.61,-64.67,-64.67,5809.73,5745.07
637,ETH/INR,1h,SHORT,2026-05-25 17:30:00+05:30,2026-05-26 00:30:00+05:30,2111.27,176291.37,2142.94,2016.27,2126.04,177524.55,INTRADAY_SQUAREOFF,0.01,57.45,0.021726,3830.04,-26.79,4.54,-31.33,-31.33,5745.07,5713.74
638,ETH/INR,1h,SHORT,2026-05-27 09:30:00+05:30,2026-05-28 00:30:00+05:30,2065.42,172462.3,2096.4,1972.47,2053.84,171495.34,INTRADAY_SQUAREOFF,0.01,57.14,0.022087,3809.16,21.36,4.48,16.87,16.87,5713.74,5730.61
639,ETH/INR,1h,SHORT,2026-05-28 03:30:00+05:30,2026-05-29 00:30:00+05:30,2011.99,168001.46,2042.17,1921.45,2022.44,168873.8,INTRADAY_SQUAREOFF,0.01,57.31,0.02274,3820.41,-19.84,4.52,-24.36,-24.36,5730.61,5706.26
640,ETH/INR,1h,LONG,2026-05-30 15:30:00+05:30,2026-05-31 00:30:00+05:30,2015.56,168299.04,1985.32,2106.26,2023.5,168962.06,INTRADAY_SQUAREOFF,0.01,57.06,0.022604,3804.17,14.99,4.5,10.49,10.49,5706.26,5716.75
641,ETH/INR,1h,LONG,2026-05-31 06:30:00+05:30,2026-05-31 22:30:00+05:30,2025.75,169150.32,1995.37,2116.91,1994.37,166529.76,STOP_LOSS,0.01,57.17,0.022531,3811.16,-59.04,4.46,-63.51,-63.51,5716.75,5653.24
642,ETH/INR,1h,SHORT,2026-06-01 07:30:00+05:30,2026-06-02 00:30:00+05:30,1990.2,166182.06,2020.06,1900.65,1991.51,166290.69,INTRADAY_SQUAREOFF,0.01,56.53,0.022679,3768.83,-2.46,4.45,-6.91,-6.91,5653.24,5646.33
643,ETH/INR,1h,SHORT,2026-06-02 03:30:00+05:30,2026-06-02 20:30:00+05:30,1988.65,166051.87,2018.47,1899.16,1900.11,158658.83,TARGET_HIT,0.01,56.46,0.022669,3764.22,167.59,4.34,163.25,163.25,5646.33,5809.58
644,ETH/INR,1h,SHORT,2026-06-03 08:30:00+05:30,2026-06-03 11:30:00+05:30,1847.99,154306.8,1875.71,1764.83,1876.64,156699.71,STOP_LOSS,0.01,58.1,0.0251,3873.05,-60.06,4.61,-64.67,-64.67,5809.58,5744.91
645,ETH/INR,1h,SHORT,2026-06-04 01:30:00+05:30,2026-06-04 03:30:00+05:30,1794.93,149876.83,1821.86,1714.16,1822.77,152201.04,STOP_LOSS,0.01,57.45,0.025554,3829.94,-59.39,4.55,-63.95,-63.95,5744.91,5680.96
646,ETH/INR,1h,SHORT,2026-06-04 13:30:00+05:30,2026-06-05 00:30:00+05:30,1770.92,147872.17,1797.49,1691.23,1774.0,148128.71,INTRADAY_SQUAREOFF,0.01,56.81,0.025612,3787.31,-6.57,4.47,-11.04,-11.04,5680.96,5669.92
647,ETH/INR,1h,SHORT,2026-06-05 03:30:00+05:30,2026-06-05 11:30:00+05:30,1755.79,146608.61,1782.13,1676.78,1677.62,140081.23,TARGET_HIT,0.01,56.7,0.025783,3779.95,168.29,4.36,163.93,163.93,5669.92,5833.85
648,ETH/INR,1h,SHORT,2026-06-06 15:30:00+05:30,2026-06-07 00:30:00+05:30,1564.56,130640.53,1588.03,1494.15,1556.84,129995.98,INTRADAY_SQUAREOFF,0.01,58.34,0.02977,3889.23,19.19,4.58,14.61,14.61,5833.85,5848.46
649,ETH/INR,1h,LONG,2026-06-08 03:30:00+05:30,2026-06-08 05:30:00+05:30,1635.95,136601.62,1611.41,1709.57,1708.71,142677.32,TARGET_HIT,0.01,58.48,0.028543,3898.97,173.42,4.7,168.71,168.71,5848.46,6017.17
650,ETH/INR,1h,LONG,2026-06-08 12:30:00+05:30,2026-06-09 00:30:00+05:30,1669.52,139405.28,1644.48,1744.65,1682.75,140509.47,INTRADAY_SQUAREOFF,0.01,60.17,0.028775,4011.45,31.77,4.75,27.02,27.02,6017.17,6044.2
651,ETH/INR,1h,SHORT,2026-06-10 04:30:00+05:30,2026-06-10 18:30:00+05:30,1637.67,136745.51,1662.24,1563.98,1663.07,138866.09,STOP_LOSS,0.01,60.44,0.029467,4029.46,-62.49,4.79,-67.28,-67.28,6044.2,5976.92
652,ETH/INR,1h,SHORT,2026-06-11 03:30:00+05:30,2026-06-11 05:30:00+05:30,1602.56,133813.62,1626.6,1530.44,1627.41,135888.73,STOP_LOSS,0.01,59.77,0.029777,3984.61,-61.79,4.74,-66.53,-66.53,5976.92,5910.39
653,ETH/INR,1h,SHORT,2026-06-11 11:30:00+05:30,2026-06-11 16:30:00+05:30,1644.94,137352.25,1669.61,1570.91,1670.45,139482.24,STOP_LOSS,0.01,59.1,0.028687,3940.26,-61.1,4.69,-65.79,-65.79,5910.39,5844.6
654,ETH/INR,1h,LONG,2026-06-12 08:30:00+05:30,2026-06-12 11:30:00+05:30,1676.33,139973.37,1651.18,1751.76,1650.36,137804.83,STOP_LOSS,0.01,58.45,0.027837,3896.4,-60.36,4.56,-64.93,-64.93,5844.6,5779.67
655,ETH/INR,1h,LONG,2026-06-12 20:30:00+05:30,2026-06-13 00:30:00+05:30,1686.18,140796.25,1660.89,1762.06,1664.91,139019.74,INTRADAY_SQUAREOFF,0.01,57.8,0.027367,3853.11,-48.62,4.52,-53.13,-53.13,5779.67,5726.54
656,ETH/INR,1h,LONG,2026-06-13 07:30:00+05:30,2026-06-14 00:30:00+05:30,1675.33,139889.82,1650.2,1750.72,1676.67,140002.05,INTRADAY_SQUAREOFF,0.01,57.27,0.027291,3817.69,3.06,4.51,-1.44,-1.44,5726.54,5725.09
657,ETH/INR,1h,LONG,2026-06-14 15:30:00+05:30,2026-06-15 00:30:00+05:30,1678.44,140149.64,1653.26,1753.97,1659.9,138601.62,INTRADAY_SQUAREOFF,0.01,57.25,0.027233,3816.73,-42.16,4.48,-46.64,-46.64,5725.09,5678.46
658,ETH/INR,1h,LONG,2026-06-15 17:30:00+05:30,2026-06-15 20:30:00+05:30,1767.87,147617.44,1741.36,1847.43,1846.5,154183.09,TARGET_HIT,0.01,56.78,0.025645,3785.64,168.38,4.57,163.81,163.81,5678.46,5842.27
659,ETH/INR,1h,LONG,2026-06-16 23:30:00+05:30,2026-06-17 01:30:00+05:30,1799.11,150225.61,1772.12,1880.07,1791.88,149622.28,INTRADAY_SQUAREOFF,0.01,58.42,0.025927,3894.84,-15.64,4.59,-20.23,-20.23,5842.27,5822.04
660,ETH/INR,1h,SHORT,2026-06-18 01:30:00+05:30,2026-06-18 05:30:00+05:30,1726.8,144187.48,1752.7,1649.09,1753.57,146423.47,STOP_LOSS,0.01,58.22,0.026919,3881.36,-60.19,4.62,-64.81,-64.81,5822.04,5757.23
661,ETH/INR,1h,SHORT,2026-06-18 09:30:00+05:30,2026-06-19 00:30:00+05:30,1738.77,145187.31,1764.85,1660.53,1684.24,140634.18,INTRADAY_SQUAREOFF,0.01,57.57,0.026436,3838.15,120.37,4.46,115.91,115.91,5757.23,5873.14
662,ETH/INR,1h,SHORT,2026-06-19 15:30:00+05:30,2026-06-20 00:30:00+05:30,1686.2,140797.41,1711.49,1610.32,1702.07,142122.89,INTRADAY_SQUAREOFF,0.01,58.73,0.027809,3915.43,-36.86,4.64,-41.5,-41.5,5873.14,5831.64
663,ETH/INR,1h,SHORT,2026-06-20 08:30:00+05:30,2026-06-20 10:30:00+05:30,1701.61,142084.33,1727.13,1625.04,1728.0,144287.7,STOP_LOSS,0.01,58.32,0.027362,3887.76,-60.29,4.62,-64.91,-64.91,5831.64,5766.72
664,ETH/INR,1h,LONG,2026-06-21 20:30:00+05:30,2026-06-22 00:30:00+05:30,1727.25,144225.64,1701.34,1804.98,1732.73,144683.22,INTRADAY_SQUAREOFF,0.01,57.67,0.026656,3844.48,12.2,4.54,7.65,7.65,5766.72,5774.38
665,ETH/INR,1h,LONG,2026-06-22 19:30:00+05:30,2026-06-22 21:30:00+05:30,1778.3,148487.94,1751.62,1858.32,1750.75,146187.5,STOP_LOSS,0.01,57.74,0.025925,3849.59,-59.64,4.51,-64.15,-64.15,5774.38,5710.23
666,ETH/INR,1h,SHORT,2026-06-23 10:30:00+05:30,2026-06-23 13:30:00+05:30,1715.7,143261.1,1741.44,1638.5,1639.31,136882.76,TARGET_HIT,0.01,57.1,0.026573,3806.82,169.49,4.39,165.1,165.1,5710.23,5875.33
667,ETH/INR,1h,SHORT,2026-06-24 08:30:00+05:30,2026-06-24 16:30:00+05:30,1660.71,138669.22,1685.62,1585.98,1686.46,140819.64,STOP_LOSS,0.01,58.75,0.028246,3916.89,-60.74,4.66,-65.4,-65.4,5875.33,5809.93
668,ETH/INR,1h,SHORT,2026-06-24 19:30:00+05:30,2026-06-24 22:30:00+05:30,1638.5,136814.77,1663.08,1564.77,1565.55,130723.44,TARGET_HIT,0.01,58.1,0.02831,3873.29,172.45,4.47,167.98,167.98,5809.93,5977.91
669,ETH/INR,1h,SHORT,2026-06-26 14:30:00+05:30,2026-06-26 20:30:00+05:30,1560.42,130295.02,1583.83,1490.2,1584.62,132315.57,STOP_LOSS,0.01,59.78,0.030587,3985.27,-61.8,4.74,-66.54,-66.54,5977.91,5911.37
670,ETH/INR,1h,SHORT,2026-06-27 00:30:00+05:30,2026-06-27 19:30:00+05:30,1567.88,130917.62,1591.39,1497.32,1592.19,132947.83,STOP_LOSS,0.01,59.11,0.030102,3940.91,-61.11,4.69,-65.8,-65.8,5911.37,5845.57
671,ETH/INR,1h,SHORT,2026-06-29 10:30:00+05:30,2026-06-29 22:30:00+05:30,1571.35,131208.05,1594.92,1500.64,1595.72,133242.76,STOP_LOSS,0.01,58.46,0.029701,3897.05,-60.43,4.63,-65.07,-65.07,5845.57,5780.5
672,ETH/INR,1h,SHORT,2026-07-01 03:30:00+05:30,2026-07-01 08:30:00+05:30,1566.58,130809.12,1590.07,1496.08,1590.87,132837.64,STOP_LOSS,0.01,57.81,0.02946,3853.67,-59.76,4.58,-64.34,-64.34,5780.5,5716.16
673,ETH/INR,1h,LONG,2026-07-02 03:30:00+05:30,2026-07-02 05:30:00+05:30,1635.78,136587.42,1611.24,1709.39,1610.44,134471.34,STOP_LOSS,0.01,57.16,0.0279,3810.77,-59.04,4.46,-63.5,-63.5,5716.16,5652.66
674,ETH/INR,1h,LONG,2026-07-02 07:30:00+05:30,2026-07-02 18:30:00+05:30,1623.21,135538.14,1598.86,1696.26,1695.41,141566.53,TARGET_HIT,0.01,56.53,0.027804,3768.44,167.61,4.55,163.07,163.07,5652.66,5815.72
675,ETH/INR,1h,LONG,2026-07-03 02:30:00+05:30,2026-07-04 00:30:00+05:30,1705.75,142430.33,1680.17,1782.51,1736.28,144979.5,INTRADAY_SQUAREOFF,0.01,58.16,0.027221,3877.15,69.39,4.62,64.78,64.78,5815.72,5880.5
676,ETH/INR,1h,LONG,2026-07-04 10:30:00+05:30,2026-07-05 00:30:00+05:30,1763.38,147242.33,1736.93,1842.73,1791.33,149576.38,INTRADAY_SQUAREOFF,0.01,58.8,0.026625,3920.33,62.14,4.66,57.48,57.48,5880.5,5937.98
677,ETH/INR,1h,LONG,2026-07-07 12:30:00+05:30,2026-07-08 00:30:00+05:30,1781.81,148781.18,1755.08,1861.99,1784.0,148963.8,INTRADAY_SQUAREOFF,0.01,59.38,0.026607,3958.65,4.86,4.67,0.18,0.18,5937.98,5938.16
678,ETH/INR,1h,SHORT,2026-07-09 07:30:00+05:30,2026-07-09 11:30:00+05:30,1727.84,144274.27,1753.75,1650.08,1754.63,146511.61,STOP_LOSS,0.01,59.38,0.027439,3958.78,-61.39,4.71,-66.1,-66.1,5938.16,5872.07
679,ETH/INR,1h,SHORT,2026-07-09 16:30:00+05:30,2026-07-10 00:30:00+05:30,1741.8,145440.19,1767.93,1663.42,1751.2,146224.79,INTRADAY_SQUAREOFF,0.01,58.72,0.026916,3914.71,-21.12,4.63,-25.75,-25.75,5872.07,5846.32
680,ETH/INR,1h,LONG,2026-07-10 15:30:00+05:30,2026-07-11 00:30:00+05:30,1794.28,149822.1,1767.36,1875.02,1782.21,148814.4,INTRADAY_SQUAREOFF,0.01,58.46,0.026014,3897.54,-26.21,4.58,-30.8,-30.8,5846.32,5815.52
681,ETH/INR,1h,LONG,2026-07-11 05:30:00+05:30,2026-07-12 00:30:00+05:30,1797.57,150096.96,1770.6,1878.46,1823.81,152287.94,INTRADAY_SQUAREOFF,0.01,58.16,0.02583,3877.01,56.59,4.61,51.98,51.98,5815.52,5867.5
682,ETH/INR,1h,SHORT,2026-07-14 13:30:00+05:30,2026-07-14 17:30:00+05:30,1776.1,148304.47,1802.74,1696.18,1803.64,150604.31,STOP_LOSS,0.01,58.68,0.026376,3911.67,-60.66,4.65,-65.31,-65.31,5867.5,5802.19
683,ETH/INR,1h,LONG,2026-07-15 05:30:00+05:30,2026-07-15 07:30:00+05:30,1893.03,158067.67,1864.63,1978.21,1863.7,155618.81,STOP_LOSS,0.01,58.02,0.024471,3868.13,-59.93,4.53,-64.46,-64.46,5802.19,5737.73
684,ETH/INR,1h,LONG,2026-07-15 09:30:00+05:30,2026-07-16 00:30:00+05:30,1878.6,156863.01,1850.42,1963.14,1922.07,160492.72,INTRADAY_SQUAREOFF,0.01,57.38,0.024385,3825.16,88.51,4.57,83.95,83.95,5737.73,5821.68
685,ETH/INR,1h,LONG,2026-07-16 08:30:00+05:30,2026-07-16 13:30:00+05:30,1925.66,160792.8,1896.78,2012.32,1895.83,158301.72,STOP_LOSS,0.01,58.22,0.024137,3881.12,-60.13,4.54,-64.67,-64.67,5821.68,5757.01
686,ETH/INR,1h,SHORT,2026-07-17 04:30:00+05:30,2026-07-18 00:30:00+05:30,1865.97,155808.21,1893.96,1782.0,1846.49,154182.14,INTRADAY_SQUAREOFF,0.01,57.57,0.024633,3838.0,40.05,4.51,35.55,35.55,5757.01,5792.56
687,ETH/INR,1h,LONG,2026-07-20 23:30:00+05:30,2026-07-21 01:30:00+05:30,1909.35,159431.08,1880.71,1995.28,1897.7,158458.01,INTRADAY_SQUAREOFF,0.01,57.93,0.024222,3861.7,-23.57,4.54,-28.11,-28.11,5792.56,5764.44
688,ETH/INR,1h,LONG,2026-07-21 06:30:00+05:30,2026-07-22 00:30:00+05:30,1917.76,160132.83,1888.99,2004.06,1917.6,160119.67,INTRADAY_SQUAREOFF,0.01,57.64,0.023999,3842.96,-0.32,4.53,-4.85,-4.85,5764.44,5759.59
689,ETH/INR,1h,LONG,2026-07-22 05:30:00+05:30,2026-07-23 00:30:00+05:30,1930.79,161221.37,1901.83,2017.68,1928.93,161065.24,INTRADAY_SQUAREOFF,0.01,57.6,0.023817,3839.73,-3.72,4.53,-8.25,-8.25,5759.59,5751.35
690,ETH/INR,1h,LONG,2026-07-23 03:30:00+05:30,2026-07-23 17:30:00+05:30,1939.6,161956.54,1910.51,2026.88,1909.55,159447.43,STOP_LOSS,0.01,57.51,0.023674,3834.23,-59.4,4.49,-63.89,-63.89,5751.35,5687.46
691,ETH/INR,1h,SHORT,2026-07-24 14:30:00+05:30,2026-07-25 00:30:00+05:30,1884.15,157326.31,1912.41,1799.36,1862.37,155507.95,INTRADAY_SQUAREOFF,0.01,56.87,0.0241,3791.64,43.82,4.45,39.38,39.38,5687.46,5726.83
692,ETH/INR,1h,SHORT,2026-07-25 03:30:00+05:30,2026-07-26 00:30:00+05:30,1854.43,154845.1,1882.25,1770.98,1874.64,156532.17,INTRADAY_SQUAREOFF,0.01,57.27,0.024656,3817.89,-41.6,4.53,-46.13,-46.13,5726.83,5680.7
693,ETH/INR,1h,LONG,2026-07-26 04:30:00+05:30,2026-07-27 00:30:00+05:30,1876.3,156670.86,1848.15,1960.73,1911.78,159633.93,INTRADAY_SQUAREOFF,0.01,56.81,0.024173,3787.14,71.63,4.51,67.11,67.11,5680.7,5747.82
694,ETH/INR,1h,LONG,2026-07-27 04:30:00+05:30,2026-07-27 19:30:00+05:30,1951.96,162988.28,1922.68,2039.79,1921.71,160463.19,STOP_LOSS,0.01,57.48,0.02351,3831.88,-59.37,4.49,-63.85,-63.85,5747.82,5683.97
695,ETH/INR,1h,SHORT,2026-07-28 06:30:00+05:30,2026-07-28 20:30:00+05:30,1875.23,156581.87,1903.36,1790.85,1904.31,159010.06,STOP_LOSS,0.01,56.84,0.0242,3789.31,-58.76,4.51,-63.27,-63.27,5683.97,5620.7
696,ETH/INR,1h,LONG,2026-07-29 12:30:00+05:30,2026-07-29 19:30:00+05:30,1919.86,160308.27,1891.06,2006.25,1890.12,157824.69,STOP_LOSS,0.01,56.21,0.023375,3747.13,-58.05,4.39,-62.44,-62.44,5620.7,5558.26
697,ETH/INR,1h,LONG,2026-07-29 23:30:00+05:30,2026-07-30 01:30:00+05:30,1924.78,160719.28,1895.91,2011.4,1894.96,158229.34,STOP_LOSS,0.01,55.58,0.023056,3705.51,-57.41,4.34,-61.75,-61.75,5558.26,5496.51
698,ETH/INR,1h,LONG,2026-07-30 03:30:00+05:30,2026-07-31 00:30:00+05:30,1897.14,158411.03,1868.68,1982.51,1913.28,159759.12,INTRADAY_SQUAREOFF,0.01,54.97,0.023132,3664.34,31.18,4.34,26.84,26.84,5496.51,5523.35
699,ETH/INR,1h,SHORT,2026-07-31 19:30:00+05:30,2026-08-01 00:30:00+05:30,1861.66,155448.5,1889.58,1777.88,1871.04,156231.42,INTRADAY_SQUAREOFF,0.01,55.23,0.023688,3682.24,-18.55,4.36,-22.9,-22.9,5523.35,5500.45
700,ETH/INR,1h,LONG,2026-08-02 10:30:00+05:30,2026-08-02 16:30:00+05:30,1881.16,157076.87,1852.94,1965.81,1852.02,154643.35,STOP_LOSS,0.01,55.0,0.023345,3666.97,-56.81,4.29,-61.1,-61.1,5500.45,5439.35
701,ETH/INR,1h,LONG,2026-08-06 17:30:00+05:30,2026-08-07 00:30:00+05:30,1908.41,159352.54,1879.79,1994.29,1904.11,158992.98,INTRADAY_SQUAREOFF,0.01,54.39,0.022756,3626.23,-8.18,4.27,-12.46,-12.46,5439.35,5426.89
702,ETH/INR,1h,LONG,2026-08-08 01:30:00+05:30,2026-08-09 00:30:00+05:30,1920.16,160333.32,1891.36,2006.57,1919.14,160248.18,INTRADAY_SQUAREOFF,0.01,54.27,0.022565,3617.93,-1.92,4.27,-6.19,-6.19,5426.89,5420.7
703,ETH/INR,1h,LONG,2026-08-09 12:30:00+05:30,2026-08-10 00:30:00+05:30,1919.08,160243.1,1890.29,2005.44,1919.17,160250.69,INTRADAY_SQUAREOFF,0.01,54.21,0.022552,3613.8,0.17,4.26,-4.09,-4.09,5420.7,5416.61
704,ETH/INR,1h,SHORT,2026-08-11 03:30:00+05:30,2026-08-12 00:30:00+05:30,1870.95,156224.66,1899.02,1786.76,1865.03,155730.17,INTRADAY_SQUAREOFF,0.01,54.17,0.023115,3611.07,11.43,4.25,7.18,7.18,5416.61,5423.78
705,ETH/INR,1h,SHORT,2026-08-13 14:30:00+05:30,2026-08-14 00:30:00+05:30,1886.06,157485.72,1914.35,1801.18,1884.81,157381.8,INTRADAY_SQUAREOFF,0.01,54.24,0.02296,3615.86,2.39,4.27,-1.88,-1.88,5423.78,5421.9
706,ETH/INR,1h,SHORT,2026-08-14 09:30:00+05:30,2026-08-15 00:30:00+05:30,1880.01,156980.79,1908.21,1795.41,1874.47,156517.98,INTRADAY_SQUAREOFF,0.01,54.22,0.023026,3614.6,10.66,4.26,6.4,6.4,5421.9,5428.3
707,ETH/INR,1h,SHORT,2026-08-15 09:30:00+05:30,2026-08-16 00:30:00+05:30,1879.92,156973.28,1908.12,1795.32,1881.74,157125.33,INTRADAY_SQUAREOFF,0.01,54.28,0.023054,3618.87,-3.51,4.27,-7.78,-7.78,5428.3,5420.53
708,ETH/INR,1h,LONG,2026-08-17 16:30:00+05:30,2026-08-18 00:30:00+05:30,1908.22,159336.68,1879.6,1994.09,1907.0,159234.16,INTRADAY_SQUAREOFF,0.01,54.21,0.02268,3613.68,-2.32,4.26,-6.59,-6.59,5420.53,5413.94
709,ETH/INR,1h,LONG,2026-08-18 14:30:00+05:30,2026-08-19 00:30:00+05:30,1900.97,158731.0,1872.46,1986.51,1914.04,159822.55,INTRADAY_SQUAREOFF,0.01,54.14,0.022738,3609.29,24.82,4.27,20.55,20.55,5413.94,5434.48
710,ETH/INR,1h,LONG,2026-08-19 12:30:00+05:30,2026-08-19 20:30:00+05:30,1917.82,160137.84,1889.05,2004.12,2003.12,167260.37,TARGET_HIT,0.01,54.34,0.022624,3622.99,161.14,4.37,156.77,156.77,5434.48,5591.26
711,ETH/INR,1h,LONG,2026-08-20 12:30:00+05:30,2026-08-21 00:30:00+05:30,2266.68,189268.02,2232.68,2368.68,2315.36,193332.71,INTRADAY_SQUAREOFF,0.01,55.91,0.019694,3727.5,80.05,4.45,75.61,75.61,5591.26,5666.86
712,ETH/INR,1h,LONG,2026-08-21 11:30:00+05:30,2026-08-22 00:30:00+05:30,2368.78,197793.46,2333.25,2475.38,2418.58,201951.44,INTRADAY_SQUAREOFF,0.01,56.67,0.0191,3777.91,79.42,4.5,74.91,74.91,5666.86,5741.77
713,ETH/INR,1h,LONG,2026-08-22 02:30:00+05:30,2026-08-22 10:30:00+05:30,2448.56,204455.07,2411.84,2558.75,2410.63,201287.55,STOP_LOSS,0.01,57.42,0.018722,3827.85,-59.3,4.48,-63.78,-63.78,5741.77,5677.99
714,ETH/INR,1h,LONG,2026-08-24 15:30:00+05:30,2026-08-25 00:30:00+05:30,2466.12,205921.22,2429.13,2577.1,2473.35,206524.96,INTRADAY_SQUAREOFF,0.01,56.78,0.018382,3785.33,11.1,4.47,6.63,6.63,5677.99,5684.61
715,ETH/INR,1h,LONG,2026-08-25 03:30:00+05:30,2026-08-25 18:30:00+05:30,2487.72,207724.89,2450.41,2599.67,2449.18,204506.71,STOP_LOSS,0.01,56.85,0.018244,3789.74,-58.71,4.44,-63.15,-63.15,5684.61,5621.47
716,ETH/INR,1h,LONG,2026-08-25 20:30:00+05:30,2026-08-26 00:30:00+05:30,2485.05,207501.84,2447.78,2596.88,2466.17,205924.88,INTRADAY_SQUAREOFF,0.01,56.21,0.018061,3747.64,-28.48,4.41,-32.89,-32.89,5621.47,5588.58
717,ETH/INR,1h,LONG,2026-08-27 11:30:00+05:30,2026-08-28 00:30:00+05:30,2498.63,208635.49,2461.15,2611.07,2505.85,209238.19,INTRADAY_SQUAREOFF,0.01,55.89,0.017858,3725.72,10.76,4.4,6.36,6.36,5588.58,5594.94
718,ETH/INR,1h,LONG,2026-08-28 04:30:00+05:30,2026-08-28 09:30:00+05:30,2518.56,210299.65,2480.78,2631.89,2479.54,207041.58,STOP_LOSS,0.01,55.95,0.017736,3729.96,-57.79,4.37,-62.15,-62.15,5594.94,5532.78
719,ETH/INR,1h,LONG,2026-08-28 12:30:00+05:30,2026-08-28 21:30:00+05:30,2507.06,209339.76,2469.46,2619.88,2468.22,206096.56,STOP_LOSS,0.01,55.33,0.01762,3688.52,-57.14,4.32,-61.46,-61.46,5532.78,5471.32
720,ETH/INR,1h,SHORT,2026-08-29 03:30:00+05:30,2026-08-30 00:30:00+05:30,2421.49,202194.3,2457.81,2312.52,2459.04,205329.83,STOP_LOSS,0.01,54.71,0.01804,3647.55,-56.56,4.34,-60.9,-60.9,5471.32,5410.42
721,ETH/INR,1h,LONG,2026-08-30 12:30:00+05:30,2026-08-31 00:30:00+05:30,2462.47,205616.3,2425.53,2573.28,2509.39,209534.45,INTRADAY_SQUAREOFF,0.01,54.1,0.017542,3606.95,68.73,4.3,64.44,64.44,5410.42,5474.86
722,ETH/INR,1h,SHORT,2026-08-31 19:30:00+05:30,2026-08-31 21:30:00+05:30,2435.09,203330.17,2471.62,2325.51,2472.85,206483.32,STOP_LOSS,0.01,54.75,0.017951,3649.9,-56.6,4.34,-60.94,-60.94,5474.86,5413.91
723,ETH/INR,1h,SHORT,2026-09-01 02:30:00+05:30,2026-09-02 00:30:00+05:30,2468.89,206152.72,2505.93,2357.79,2413.44,201521.91,INTRADAY_SQUAREOFF,0.01,54.14,0.017508,3609.28,81.08,4.21,76.86,76.86,5413.91,5490.78
724,ETH/INR,1h,SHORT,2026-09-02 06:30:00+05:30,2026-09-03 00:30:00+05:30,2404.02,200735.45,2440.08,2295.84,2394.75,199961.36,INTRADAY_SQUAREOFF,0.01,54.91,0.018236,3660.52,14.12,4.31,9.8,9.8,5490.78,5500.58
725,ETH/INR,1h,SHORT,2026-09-03 04:30:00+05:30,2026-09-03 12:30:00+05:30,2376.66,198451.21,2412.31,2269.71,2413.52,201528.69,STOP_LOSS,0.01,55.01,0.018478,3667.06,-56.87,4.36,-61.23,-61.23,5500.58,5439.36
726,ETH/INR,1h,SHORT,2026-09-03 15:30:00+05:30,2026-09-03 18:30:00+05:30,2390.89,199639.65,2426.76,2283.3,2427.97,202735.56,STOP_LOSS,0.01,54.39,0.018164,3626.24,-56.23,4.31,-60.55,-60.55,5439.36,5378.81
727,ETH/INR,1h,LONG,2026-09-04 14:30:00+05:30,2026-09-04 17:30:00+05:30,2532.27,211444.17,2494.28,2646.22,2493.03,208168.37,STOP_LOSS,0.01,53.79,0.016959,3585.87,-55.55,4.2,-59.75,-59.75,5378.81,5319.06
728,ETH/INR,1h,SHORT,2026-09-04 23:30:00+05:30,2026-09-05 01:30:00+05:30,2441.9,203898.53,2478.53,2332.01,2456.11,205084.96,INTRADAY_SQUAREOFF,0.01,53.19,0.017391,3546.04,-20.63,4.2,-24.83,-24.83,5319.06,5294.23
729,ETH/INR,1h,SHORT,2026-09-05 10:30:00+05:30,2026-09-05 22:30:00+05:30,2447.58,204372.57,2484.29,2337.43,2485.53,207541.87,STOP_LOSS,0.01,52.94,0.01727,3529.48,-54.73,4.2,-58.93,-58.93,5294.23,5235.3
730,ETH/INR,1h,LONG,2026-09-06 03:30:00+05:30,2026-09-07 00:30:00+05:30,2494.15,208261.22,2456.73,2606.38,2493.42,208200.79,INTRADAY_SQUAREOFF,0.01,52.35,0.016759,3490.2,-1.01,4.12,-5.13,-5.13,5235.3,5230.17
731,ETH/INR,1h,LONG,2026-09-07 02:30:00+05:30,2026-09-08 00:30:00+05:30,2501.52,208876.93,2464.0,2614.09,2489.95,207911.19,INTRADAY_SQUAREOFF,0.01,52.3,0.016693,3486.78,-16.12,4.1,-20.23,-20.23,5230.17,5209.94
732,ETH/INR,1h,LONG,2026-09-09 17:30:00+05:30,2026-09-10 00:30:00+05:30,2506.26,209272.92,2468.67,2619.04,2467.43,206030.76,STOP_LOSS,0.01,52.1,0.016597,3473.29,-53.81,4.07,-57.88,-57.88,5209.94,5152.06
733,ETH/INR,1h,SHORT,2026-09-15 20:30:00+05:30,2026-09-15 22:30:00+05:30,2387.79,199380.09,2423.6,2280.34,2424.81,202471.98,STOP_LOSS,0.01,51.52,0.017227,3434.71,-53.26,4.08,-57.35,-57.35,5152.06,5094.72
734,ETH/INR,1h,SHORT,2026-09-16 03:30:00+05:30,2026-09-16 16:30:00+05:30,2387.69,199371.73,2423.5,2280.24,2424.71,202463.49,STOP_LOSS,0.01,50.95,0.017036,3396.48,-52.67,4.04,-56.71,-56.71,5094.72,5038.01
735,ETH/INR,1h,SHORT,2026-09-17 04:30:00+05:30,2026-09-17 06:30:00+05:30,2385.35,199176.46,2421.13,2278.01,2422.34,202265.18,STOP_LOSS,0.01,50.38,0.016863,3358.67,-52.08,3.99,-56.08,-56.08,5038.01,4981.93
736,ETH/INR,1h,LONG,2026-09-18 07:30:00+05:30,2026-09-18 18:30:00+05:30,2458.84,205313.05,2421.96,2569.49,2568.2,214444.86,TARGET_HIT,0.01,49.82,0.016177,3321.28,147.72,4.01,143.72,143.72,4981.93,5125.64
737,ETH/INR,1h,LONG,2026-09-19 06:30:00+05:30,2026-09-20 00:30:00+05:30,2627.73,219415.72,2588.32,2745.98,2637.47,220228.8,INTRADAY_SQUAREOFF,0.01,51.26,0.015574,3417.1,12.66,4.04,8.62,8.62,5125.64,5134.27
738,ETH/INR,1h,SHORT,2026-09-20 16:30:00+05:30,2026-09-20 20:30:00+05:30,2568.48,214467.67,2607.0,2452.89,2608.31,217793.53,STOP_LOSS,0.01,51.34,0.01596,3422.84,-53.08,4.07,-57.15,-57.15,5134.27,5077.12
739,ETH/INR,1h,LONG,2026-09-21 05:30:00+05:30,2026-09-21 21:30:00+05:30,2649.03,221194.32,2609.3,2768.24,2766.86,231032.49,TARGET_HIT,0.01,50.77,0.015302,3384.74,150.54,4.08,146.46,146.46,5077.12,5223.58
740,ETH/INR,1h,LONG,2026-09-22 14:30:00+05:30,2026-09-23 00:30:00+05:30,2756.31,230151.67,2714.96,2880.34,2751.17,229723.01,INTRADAY_SQUAREOFF,0.01,52.24,0.015131,3482.39,-6.49,4.11,-10.59,-10.59,5223.58,5212.99
