trade_no,coin,timeframe,direction,entry_time,exit_time,entry_price_usd,entry_price_inr,stop_price_usd,target_price_usd,exit_price_usd,exit_price_inr,exit_reason,risk_pct,risk_inr,position_size_coin,position_size_inr,gross_pnl_inr,fees_inr,net_pnl_inr,net_pnl,equity_before,equity_after
1,BTC/INR,1h,LONG,2024-09-26 21:30:00+05:30,2024-09-27 00:30:00+05:30,65506.05,5469754.78,64195.92,69436.41,65256.97,5448956.87,INTRADAY_SQUAREOFF,0.01,100.0,0.000914,5000.0,-19.01,5.89,-24.9,-24.9,10000.0,9975.1
2,BTC/INR,1h,LONG,2024-09-27 03:30:00+05:30,2024-09-28 00:30:00+05:30,65087.26,5434786.03,63785.51,68992.49,65859.9,5499301.43,INTRADAY_SQUAREOFF,0.01,99.75,0.000918,4987.55,59.21,5.92,53.29,53.29,9975.1,10028.39
3,BTC/INR,1h,LONG,2024-09-28 07:30:00+05:30,2024-09-29 00:30:00+05:30,66032.95,5513750.93,64712.29,69994.92,65681.21,5484381.31,INTRADAY_SQUAREOFF,0.01,100.28,0.000909,5014.19,-26.71,5.9,-32.61,-32.61,10028.39,9995.78
4,BTC/INR,1h,LONG,2024-09-29 05:30:00+05:30,2024-09-30 00:30:00+05:30,65981.37,5509444.62,64661.75,69940.25,65770.47,5491834.52,INTRADAY_SQUAREOFF,0.01,99.96,0.000907,4997.89,-15.97,5.89,-21.86,-21.86,9995.78,9973.91
5,BTC/INR,1h,SHORT,2024-09-30 12:30:00+05:30,2024-10-01 00:30:00+05:30,64333.27,5371828.4,65619.94,60473.28,63351.79,5289874.05,INTRADAY_SQUAREOFF,0.01,99.74,0.000928,4986.96,76.08,5.84,70.24,70.24,9973.91,10044.16
6,BTC/INR,1h,SHORT,2024-10-02 15:30:00+05:30,2024-10-03 00:30:00+05:30,61119.47,5103475.57,62341.86,57452.3,60811.97,5077799.4,INTRADAY_SQUAREOFF,0.01,100.44,0.000984,5022.08,25.27,5.91,19.36,19.36,10044.16,10063.51
7,BTC/INR,1h,SHORT,2024-10-03 13:30:00+05:30,2024-10-04 00:30:00+05:30,60862.06,5081982.14,62079.3,57210.34,60745.15,5072220.06,INTRADAY_SQUAREOFF,0.01,100.64,0.00099,5031.76,9.67,5.93,3.73,3.73,10063.51,10067.25
8,BTC/INR,1h,SHORT,2024-10-04 06:30:00+05:30,2024-10-04 17:30:00+05:30,60437.06,5046494.78,61645.8,56810.84,61676.63,5149998.39,STOP_LOSS,0.01,100.67,0.000997,5033.62,-103.24,6.0,-109.24,-109.24,10067.25,9958.0
9,BTC/INR,1h,LONG,2024-10-05 00:30:00+05:30,2024-10-06 00:30:00+05:30,62360.88,5207133.78,61113.67,66102.54,61833.21,5163073.24,INTRADAY_SQUAREOFF,0.01,99.58,0.000956,4979.0,-42.13,5.85,-47.98,-47.98,9958.0,9910.02
10,BTC/INR,1h,LONG,2024-10-07 06:30:00+05:30,2024-10-08 00:30:00+05:30,63728.09,5321295.54,62453.53,67551.78,62809.52,5244595.0,INTRADAY_SQUAREOFF,0.01,99.1,0.000931,4955.01,-71.42,5.8,-77.23,-77.23,9910.02,9832.8
11,BTC/INR,1h,SHORT,2024-10-09 04:30:00+05:30,2024-10-10 00:30:00+05:30,62099.17,5185280.96,63341.16,58373.22,61167.65,5107499.15,INTRADAY_SQUAREOFF,0.01,98.33,0.000948,4916.4,73.75,5.76,67.99,67.99,9832.8,9900.79
12,BTC/INR,1h,SHORT,2024-10-10 06:30:00+05:30,2024-10-11 00:30:00+05:30,60321.22,5036821.77,61527.64,56701.95,59454.54,4964454.14,INTRADAY_SQUAREOFF,0.01,99.01,0.000983,4950.39,71.13,5.8,65.33,65.33,9900.79,9966.12
13,BTC/INR,1h,LONG,2024-10-11 23:30:00+05:30,2024-10-12 01:30:00+05:30,62940.76,5255553.73,61681.95,66717.21,63053.4,5264958.81,INTRADAY_SQUAREOFF,0.01,99.66,0.000948,4983.06,8.92,5.89,3.03,3.03,9966.12,9969.15
14,BTC/INR,1h,LONG,2024-10-12 06:30:00+05:30,2024-10-13 00:30:00+05:30,62860.31,5248835.8,61603.1,66631.93,62899.62,5252117.98,INTRADAY_SQUAREOFF,0.01,99.69,0.00095,4984.57,3.12,5.88,-2.77,-2.77,9969.15,9966.38
15,BTC/INR,1h,LONG,2024-10-14 13:30:00+05:30,2024-10-15 00:30:00+05:30,64632.37,5396802.92,63339.72,68510.31,65709.99,5486783.99,INTRADAY_SQUAREOFF,0.01,99.66,0.000923,4983.19,83.08,5.93,77.16,77.16,9966.38,10043.54
16,BTC/INR,1h,LONG,2024-10-15 04:30:00+05:30,2024-10-15 20:30:00+05:30,66468.08,5550085.07,65138.72,70456.17,65106.15,5436363.82,STOP_LOSS,0.01,100.44,0.000905,5021.77,-102.9,5.86,-108.76,-108.76,10043.54,9934.78
17,BTC/INR,1h,LONG,2024-10-16 05:30:00+05:30,2024-10-17 00:30:00+05:30,67143.01,5606441.16,65800.15,71171.59,67785.67,5660103.31,INTRADAY_SQUAREOFF,0.01,99.35,0.000886,4967.39,47.55,5.89,41.66,41.66,9934.78,9976.43
18,BTC/INR,1h,LONG,2024-10-17 04:30:00+05:30,2024-10-18 00:30:00+05:30,67864.77,5666708.04,66507.47,71936.65,66887.51,5585106.94,INTRADAY_SQUAREOFF,0.01,99.76,0.00088,4988.22,-71.83,5.84,-77.67,-77.67,9976.43,9898.76
19,BTC/INR,1h,LONG,2024-10-18 19:30:00+05:30,2024-10-19 00:30:00+05:30,68206.28,5695224.5,66842.16,72298.66,68838.36,5748003.1,INTRADAY_SQUAREOFF,0.01,98.99,0.000869,4949.38,45.87,5.87,40.0,40.0,9898.76,9938.76
20,BTC/INR,1h,LONG,2024-10-19 05:30:00+05:30,2024-10-20 00:30:00+05:30,68481.07,5718169.11,67111.45,72589.93,68140.85,5689760.98,INTRADAY_SQUAREOFF,0.01,99.39,0.000869,4969.38,-24.69,5.85,-30.54,-30.54,9938.76,9908.22
21,BTC/INR,1h,LONG,2024-10-20 12:30:00+05:30,2024-10-21 00:30:00+05:30,68422.0,5713236.88,67053.56,72527.32,68554.45,5724296.39,INTRADAY_SQUAREOFF,0.01,99.08,0.000867,4954.11,9.59,5.85,3.74,3.74,9908.22,9911.96
22,BTC/INR,1h,LONG,2024-10-21 02:30:00+05:30,2024-10-21 18:30:00+05:30,68920.19,5754836.11,67541.79,73055.4,67508.02,5636919.51,STOP_LOSS,0.01,99.12,0.000861,4955.98,-101.55,5.79,-107.34,-107.34,9911.96,9804.62
23,BTC/INR,1h,SHORT,2024-10-22 05:30:00+05:30,2024-10-23 00:30:00+05:30,67325.13,5621647.96,68671.63,63285.62,67364.49,5624935.21,INTRADAY_SQUAREOFF,0.01,98.05,0.000872,4902.31,-2.87,5.79,-8.65,-8.65,9804.62,9795.97
24,BTC/INR,1h,SHORT,2024-10-23 05:30:00+05:30,2024-10-24 00:30:00+05:30,67255.1,5615800.67,68600.2,63219.79,65999.87,5510988.83,INTRADAY_SQUAREOFF,0.01,97.96,0.000872,4897.98,91.41,5.73,85.69,85.69,9795.97,9881.66
25,BTC/INR,1h,LONG,2024-10-24 17:30:00+05:30,2024-10-25 00:30:00+05:30,67261.31,5616319.31,65916.08,71296.99,67739.44,5656243.36,INTRADAY_SQUAREOFF,0.01,98.82,0.00088,4940.83,35.12,5.85,29.27,29.27,9881.66,9910.93
26,BTC/INR,1h,LONG,2024-10-25 08:30:00+05:30,2024-10-25 23:30:00+05:30,68062.09,5683184.7,66700.85,72145.82,66667.5,5566736.24,STOP_LOSS,0.01,99.11,0.000872,4955.46,-101.54,5.79,-107.33,-107.33,9910.93,9803.6
27,BTC/INR,1h,SHORT,2024-10-26 04:30:00+05:30,2024-10-27 00:30:00+05:30,66510.81,5553652.31,67841.02,62520.16,66993.87,5593988.21,INTRADAY_SQUAREOFF,0.01,98.04,0.000883,4901.8,-35.6,5.81,-41.41,-41.41,9803.6,9762.2
28,BTC/INR,1h,SHORT,2024-10-27 04:30:00+05:30,2024-10-28 00:30:00+05:30,67005.21,5594934.8,68345.31,62984.89,67520.31,5637946.19,INTRADAY_SQUAREOFF,0.01,97.62,0.000872,4881.1,-37.52,5.78,-43.31,-43.31,9762.2,9718.89
29,BTC/INR,1h,LONG,2024-10-28 15:30:00+05:30,2024-10-29 00:30:00+05:30,68541.83,5723242.96,67171.0,72654.34,69144.02,5773525.68,INTRADAY_SQUAREOFF,0.01,97.19,0.000849,4859.45,42.69,5.76,36.93,36.93,9718.89,9755.83
30,BTC/INR,1h,LONG,2024-10-29 03:30:00+05:30,2024-10-30 00:30:00+05:30,69795.02,5827884.23,68399.12,73982.72,73124.99,6105936.63,INTRADAY_SQUAREOFF,0.01,97.56,0.000837,4877.91,232.73,5.89,226.84,226.84,9755.83,9982.66
31,BTC/INR,1h,LONG,2024-10-30 05:30:00+05:30,2024-10-31 00:30:00+05:30,72784.66,6077519.38,71328.97,77151.74,71903.65,6003954.56,INTRADAY_SQUAREOFF,0.01,99.83,0.000821,4991.33,-60.42,5.85,-66.27,-66.27,9982.66,9916.39
32,BTC/INR,1h,LONG,2024-10-31 02:30:00+05:30,2024-10-31 18:30:00+05:30,72850.25,6082995.93,71393.25,77221.27,71357.55,5958355.34,STOP_LOSS,0.01,99.16,0.000815,4958.19,-101.59,5.79,-107.38,-107.38,9916.39,9809.01
33,BTC/INR,1h,SHORT,2024-11-01 01:30:00+05:30,2024-11-01 19:30:00+05:30,69932.29,5839346.2,71330.94,65736.35,71366.6,5959111.19,STOP_LOSS,0.01,98.09,0.00084,4904.5,-100.59,5.85,-106.44,-106.44,9809.01,9702.57
34,BTC/INR,1h,SHORT,2024-11-02 00:30:00+05:30,2024-11-03 00:30:00+05:30,69029.52,5763965.14,70410.11,64887.75,69443.31,5798516.04,INTRADAY_SQUAREOFF,0.01,97.03,0.000842,4851.28,-29.08,5.74,-34.82,-34.82,9702.57,9667.75
35,BTC/INR,1h,SHORT,2024-11-03 03:30:00+05:30,2024-11-04 00:30:00+05:30,69404.59,5795282.85,70792.68,65240.31,68024.5,5680046.01,INTRADAY_SQUAREOFF,0.01,96.68,0.000834,4833.87,96.12,5.65,90.47,90.47,9667.75,9758.22
36,BTC/INR,1h,LONG,2024-11-04 18:30:00+05:30,2024-11-04 22:30:00+05:30,68967.11,5758754.08,67587.77,73105.14,67553.98,5640757.21,STOP_LOSS,0.01,97.58,0.000847,4879.11,-99.97,5.7,-105.67,-105.67,9758.22,9652.55
37,BTC/INR,1h,LONG,2024-11-06 00:30:00+05:30,2024-11-06 08:30:00+05:30,70277.71,5868188.55,68872.15,74494.37,74457.12,6217169.73,TARGET_HIT,0.01,96.53,0.000822,4826.27,287.02,5.86,281.15,281.15,9652.55,9933.7
38,BTC/INR,1h,LONG,2024-11-06 21:30:00+05:30,2024-11-07 00:30:00+05:30,74534.23,6223607.79,73043.54,79006.28,75266.79,6284777.22,INTRADAY_SQUAREOFF,0.01,99.34,0.000798,4966.85,48.82,5.89,42.93,42.93,9933.7,9976.63
39,BTC/INR,1h,LONG,2024-11-07 14:30:00+05:30,2024-11-08 00:30:00+05:30,75180.1,6277538.56,73676.5,79690.91,76623.19,6398036.59,INTRADAY_SQUAREOFF,0.01,99.77,0.000795,4988.31,95.75,5.94,89.81,89.81,9976.63,10066.44
40,BTC/INR,1h,LONG,2024-11-08 13:30:00+05:30,2024-11-09 00:30:00+05:30,76349.26,6375162.97,74822.27,80930.21,76872.92,6418888.76,INTRADAY_SQUAREOFF,0.01,100.66,0.00079,5033.22,34.52,5.96,28.56,28.56,10066.44,10095.0
41,BTC/INR,1h,LONG,2024-11-10 00:30:00+05:30,2024-11-11 00:30:00+05:30,76449.07,6383497.56,74920.09,81036.02,80563.15,6727023.14,INTRADAY_SQUAREOFF,0.01,100.95,0.000791,5047.5,271.63,6.12,265.51,265.51,10095.0,10360.51
42,BTC/INR,1h,LONG,2024-11-11 20:30:00+05:30,2024-11-12 00:30:00+05:30,82621.67,6898909.04,80969.23,87578.97,85844.0,7167974.15,INTRADAY_SQUAREOFF,0.01,103.61,0.000751,5180.26,202.04,6.23,195.8,195.8,10360.51,10556.32
43,BTC/INR,1h,LONG,2024-11-12 06:30:00+05:30,2024-11-12 15:30:00+05:30,89074.2,7437695.9,87292.72,94418.65,87249.07,7285297.51,STOP_LOSS,0.01,105.56,0.00071,5278.16,-108.15,6.16,-114.31,-114.31,10556.32,10442.0
44,BTC/INR,1h,LONG,2024-11-13 00:30:00+05:30,2024-11-13 07:30:00+05:30,89038.01,7434674.03,87257.25,94380.29,87213.62,7282337.56,STOP_LOSS,0.01,104.42,0.000702,5221.0,-106.98,6.1,-113.08,-113.08,10442.0,10328.93
45,BTC/INR,1h,LONG,2024-11-13 13:30:00+05:30,2024-11-13 21:30:00+05:30,87586.8,7313498.03,85835.07,92842.01,92795.59,7748431.76,TARGET_HIT,0.01,103.29,0.000706,5164.46,307.13,6.28,300.86,300.86,10328.93,10629.78
46,BTC/INR,1h,SHORT,2024-11-15 02:30:00+05:30,2024-11-15 15:30:00+05:30,87553.35,7310704.71,89304.42,82300.15,89349.07,7460647.27,STOP_LOSS,0.01,106.3,0.000727,5314.89,-109.01,6.34,-115.34,-115.34,10629.78,10514.44
47,BTC/INR,1h,LONG,2024-11-17 00:30:00+05:30,2024-11-17 07:30:00+05:30,91454.13,7636420.18,89625.05,96941.38,89580.24,7479949.93,STOP_LOSS,0.01,105.14,0.000688,5257.22,-107.72,6.14,-113.86,-113.86,10514.44,10400.58
48,BTC/INR,1h,SHORT,2024-11-18 02:30:00+05:30,2024-11-18 11:30:00+05:30,89561.62,7478395.16,91352.85,84187.92,91398.53,7631777.04,STOP_LOSS,0.01,104.01,0.000695,5200.29,-106.66,6.2,-112.86,-112.86,10400.58,10287.72
49,BTC/INR,1h,LONG,2024-11-20 09:30:00+05:30,2024-11-21 00:30:00+05:30,92203.63,7699002.74,90359.55,97735.84,93740.32,7827316.5,INTRADAY_SQUAREOFF,0.01,102.88,0.000668,5143.86,85.73,6.12,79.61,79.61,10287.72,10367.33
50,BTC/INR,1h,LONG,2024-11-21 06:30:00+05:30,2024-11-22 00:30:00+05:30,95011.15,7933431.33,93110.93,100711.82,98311.62,8209019.98,INTRADAY_SQUAREOFF,0.01,103.67,0.000653,5183.66,180.07,6.22,173.85,173.85,10367.33,10541.17
51,BTC/INR,1h,LONG,2024-11-22 04:30:00+05:30,2024-11-23 00:30:00+05:30,98480.22,8223098.65,96510.62,104389.04,99153.8,8279342.03,INTRADAY_SQUAREOFF,0.01,105.41,0.000641,5270.59,36.05,6.24,29.81,29.81,10541.17,10570.98
52,BTC/INR,1h,SHORT,2024-11-24 09:30:00+05:30,2024-11-25 00:30:00+05:30,98183.52,8198324.28,100147.19,92292.51,96638.71,8069332.22,INTRADAY_SQUAREOFF,0.01,105.71,0.000645,5285.49,83.16,6.19,76.97,76.97,10570.98,10647.96
53,BTC/INR,1h,SHORT,2024-11-26 03:30:00+05:30,2024-11-27 00:30:00+05:30,93667.03,7821197.31,95540.37,88047.01,92229.11,7701130.45,INTRADAY_SQUAREOFF,0.01,106.48,0.000681,5323.98,81.73,6.23,75.5,75.5,10647.96,10723.45
54,BTC/INR,1h,SHORT,2024-11-27 17:30:00+05:30,2024-11-27 20:30:00+05:30,93295.43,7790168.45,95161.34,87697.7,95208.92,7949944.8,STOP_LOSS,0.01,107.23,0.000688,5361.73,-109.97,6.39,-116.36,-116.36,10723.45,10607.09
55,BTC/INR,1h,LONG,2024-11-28 01:30:00+05:30,2024-11-28 15:30:00+05:30,96798.03,8082635.6,94862.07,102605.91,94814.64,7917022.39,STOP_LOSS,0.01,106.07,0.000656,5303.55,-108.67,6.19,-114.86,-114.86,10607.09,10492.23
56,BTC/INR,1h,LONG,2024-11-29 00:30:00+05:30,2024-11-30 00:30:00+05:30,95379.56,7964193.63,93471.97,101102.34,97203.99,8116533.24,INTRADAY_SQUAREOFF,0.01,104.92,0.000659,5246.11,100.35,6.25,94.1,94.1,10492.23,10586.33
57,BTC/INR,1h,LONG,2024-12-02 03:30:00+05:30,2024-12-02 12:30:00+05:30,97884.31,8173339.74,95926.62,103757.37,95878.66,8005868.01,STOP_LOSS,0.01,105.86,0.000648,5293.16,-108.46,6.18,-114.64,-114.64,10586.33,10471.69
58,BTC/INR,1h,SHORT,2024-12-02 16:30:00+05:30,2024-12-02 19:30:00+05:30,94814.68,7917025.64,96710.97,89125.8,96759.33,8079403.84,STOP_LOSS,0.01,104.72,0.000661,5235.84,-107.39,6.24,-113.63,-113.63,10471.69,10358.06
59,BTC/INR,1h,SHORT,2024-12-03 22:30:00+05:30,2024-12-04 00:30:00+05:30,94916.1,7925494.7,96814.43,89221.14,95564.17,7979608.38,INTRADAY_SQUAREOFF,0.01,103.58,0.000653,5179.03,-35.36,6.13,-41.49,-41.49,10358.06,10316.57
60,BTC/INR,1h,LONG,2024-12-04 11:30:00+05:30,2024-12-05 00:30:00+05:30,96604.98,8066515.95,94672.88,102401.28,96221.45,8034491.17,INTRADAY_SQUAREOFF,0.01,103.17,0.000639,5158.28,-20.48,6.07,-26.55,-26.55,10316.57,10290.01
61,BTC/INR,1h,LONG,2024-12-05 08:30:00+05:30,2024-12-06 00:30:00+05:30,101425.63,8469040.34,99397.12,107511.17,99347.42,8295509.7,STOP_LOSS,0.01,102.9,0.000608,5145.01,-105.42,6.01,-111.43,-111.43,10290.01,10178.58
62,BTC/INR,1h,SHORT,2024-12-06 15:30:00+05:30,2024-12-06 22:30:00+05:30,98048.95,8187087.41,100009.93,92166.01,100059.93,8355004.57,STOP_LOSS,0.01,101.79,0.000622,5089.29,-104.38,6.07,-110.45,-110.45,10178.58,10068.13
63,BTC/INR,1h,LONG,2024-12-07 21:30:00+05:30,2024-12-08 00:30:00+05:30,99929.04,8344074.93,97930.46,105924.78,100164.47,8363733.31,INTRADAY_SQUAREOFF,0.01,100.68,0.000603,5034.07,11.86,5.95,5.91,5.91,10068.13,10074.05
64,BTC/INR,1h,LONG,2024-12-09 04:30:00+05:30,2024-12-09 15:30:00+05:30,100347.4,8379007.79,98340.45,106368.24,98291.28,8207321.92,STOP_LOSS,0.01,100.74,0.000601,5037.02,-103.21,5.88,-109.09,-109.09,10074.05,9964.96
65,BTC/INR,1h,SHORT,2024-12-09 17:30:00+05:30,2024-12-09 19:30:00+05:30,97972.95,8180741.32,99932.41,92094.57,99982.38,8348528.33,STOP_LOSS,0.01,99.65,0.000609,4982.48,-102.19,5.94,-108.13,-108.13,9964.96,9856.83
66,BTC/INR,1h,SHORT,2024-12-10 01:30:00+05:30,2024-12-11 00:30:00+05:30,96932.05,8093826.07,98870.69,91116.13,95163.21,7946128.38,INTRADAY_SQUAREOFF,0.01,98.57,0.000609,4928.41,89.93,5.76,84.17,84.17,9856.83,9941.0
67,BTC/INR,1h,SHORT,2024-12-11 05:30:00+05:30,2024-12-11 18:30:00+05:30,96565.86,8063249.71,98497.18,90771.91,98546.43,8228626.96,STOP_LOSS,0.01,99.41,0.000616,4970.5,-101.94,5.93,-107.87,-107.87,9941.0,9833.13
68,BTC/INR,1h,LONG,2024-12-12 01:30:00+05:30,2024-12-13 00:30:00+05:30,101269.65,8456015.66,99244.26,107345.83,100822.7,8418695.79,INTRADAY_SQUAREOFF,0.01,98.33,0.000581,4916.56,-21.7,5.79,-27.49,-27.49,9833.13,9805.64
69,BTC/INR,1h,SHORT,2024-12-13 07:30:00+05:30,2024-12-13 20:30:00+05:30,99188.26,8282220.03,101172.03,93236.97,101222.62,8452088.37,STOP_LOSS,0.01,98.06,0.000592,4902.82,-100.56,5.84,-106.4,-106.4,9805.64,9699.24
70,BTC/INR,1h,LONG,2024-12-14 20:30:00+05:30,2024-12-15 00:30:00+05:30,101536.17,8478270.4,99505.45,107628.34,100824.34,8418832.71,INTRADAY_SQUAREOFF,0.01,96.99,0.000572,4849.62,-34.0,5.7,-39.7,-39.7,9699.24,9659.54
71,BTC/INR,1h,LONG,2024-12-15 15:30:00+05:30,2024-12-16 00:30:00+05:30,102248.96,8537788.02,100203.98,108383.9,103093.08,8608272.51,INTRADAY_SQUAREOFF,0.01,96.6,0.000566,4829.77,39.87,5.72,34.15,34.15,9659.54,9693.69
72,BTC/INR,1h,LONG,2024-12-16 04:30:00+05:30,2024-12-17 00:30:00+05:30,103368.42,8631262.75,101301.05,109570.52,107073.55,8940641.08,INTRADAY_SQUAREOFF,0.01,96.94,0.000562,4846.84,173.73,5.82,167.91,167.91,9693.69,9861.6
73,BTC/INR,1h,LONG,2024-12-17 07:30:00+05:30,2024-12-18 00:30:00+05:30,106469.62,8890213.46,104340.23,112857.8,106481.42,8891198.58,INTRADAY_SQUAREOFF,0.01,98.62,0.000555,4930.8,0.55,5.82,-5.27,-5.27,9861.6,9856.32
74,BTC/INR,1h,SHORT,2024-12-18 20:30:00+05:30,2024-12-19 00:30:00+05:30,103922.04,8677490.69,106000.49,97686.72,104657.28,8738882.8,INTRADAY_SQUAREOFF,0.01,98.56,0.000568,4928.16,-34.87,5.84,-40.7,-40.7,9856.32,9815.62
75,BTC/INR,1h,SHORT,2024-12-19 05:30:00+05:30,2024-12-19 15:30:00+05:30,100054.42,8354544.43,102055.51,94051.16,102106.54,8525896.14,STOP_LOSS,0.01,98.16,0.000587,4907.81,-100.66,5.85,-106.51,-106.51,9815.62,9709.11
76,BTC/INR,1h,SHORT,2024-12-20 07:30:00+05:30,2024-12-20 12:30:00+05:30,96081.59,8022812.88,98003.22,90316.7,98052.22,8187360.78,STOP_LOSS,0.01,97.09,0.000605,4854.56,-99.57,5.79,-105.35,-105.35,9709.11,9603.76
77,BTC/INR,1h,SHORT,2024-12-20 14:30:00+05:30,2024-12-20 20:30:00+05:30,95220.62,7950921.43,97125.03,89507.38,97173.59,8113994.82,STOP_LOSS,0.01,96.04,0.000604,4801.88,-98.49,5.72,-104.21,-104.21,9603.76,9499.55
78,BTC/INR,1h,SHORT,2024-12-22 10:30:00+05:30,2024-12-23 00:30:00+05:30,96016.62,8017387.45,97936.95,90255.62,95922.62,8009538.52,INTRADAY_SQUAREOFF,0.01,95.0,0.000592,4749.77,4.65,5.6,-0.95,-0.95,9499.55,9498.59
79,BTC/INR,1h,SHORT,2024-12-23 17:30:00+05:30,2024-12-24 00:30:00+05:30,95704.01,7991284.57,97618.09,89961.77,92675.02,7738363.96,INTRADAY_SQUAREOFF,0.01,94.99,0.000594,4749.3,150.31,5.52,144.8,144.8,9498.59,9643.39
80,BTC/INR,1h,SHORT,2024-12-24 12:30:00+05:30,2024-12-24 18:30:00+05:30,93683.99,7822612.84,95557.67,88062.95,95605.44,7983054.63,STOP_LOSS,0.01,96.43,0.000616,4821.7,-98.89,5.75,-104.64,-104.64,9643.39,9538.75
81,BTC/INR,1h,LONG,2024-12-25 03:30:00+05:30,2024-12-26 00:30:00+05:30,98409.51,8217193.94,96441.32,104314.08,98604.32,8233460.85,INTRADAY_SQUAREOFF,0.01,95.39,0.00058,4769.38,9.44,5.63,3.81,3.81,9538.75,9542.56
82,BTC/INR,1h,LONG,2024-12-26 05:30:00+05:30,2024-12-26 13:30:00+05:30,99525.16,8310350.83,97534.66,105496.67,97485.89,8140071.74,STOP_LOSS,0.01,95.43,0.000574,4771.28,-97.76,5.57,-103.34,-103.34,9542.56,9439.22
83,BTC/INR,1h,SHORT,2024-12-26 20:30:00+05:30,2024-12-27 00:30:00+05:30,95157.12,7945619.22,97060.26,89447.69,95686.0,7989780.9,INTRADAY_SQUAREOFF,0.01,94.39,0.000594,4719.61,-26.23,5.58,-31.82,-31.82,9439.22,9407.41
84,BTC/INR,1h,SHORT,2024-12-27 13:30:00+05:30,2024-12-27 15:30:00+05:30,94616.75,7900498.95,96509.09,88939.75,96557.34,8062538.18,STOP_LOSS,0.01,94.07,0.000595,4703.7,-96.47,5.61,-102.08,-102.08,9407.41,9305.33
85,BTC/INR,1h,SHORT,2024-12-28 12:30:00+05:30,2024-12-29 00:30:00+05:30,94237.95,7868868.93,96122.71,88583.67,94725.86,7909609.54,INTRADAY_SQUAREOFF,0.01,93.05,0.000591,4652.66,-24.09,5.5,-29.59,-29.59,9305.33,9275.73
86,BTC/INR,1h,SHORT,2024-12-30 00:30:00+05:30,2024-12-31 00:30:00+05:30,93431.75,7801550.72,95300.38,87825.84,94527.83,7893074.14,INTRADAY_SQUAREOFF,0.01,92.76,0.000594,4637.87,-54.41,5.5,-59.91,-59.91,9275.73,9215.82
87,BTC/INR,1h,LONG,2025-01-02 08:30:00+05:30,2025-01-03 00:30:00+05:30,95073.52,7938638.99,93172.05,100777.93,97182.92,8114773.44,INTRADAY_SQUAREOFF,0.01,92.16,0.00058,4607.91,102.24,5.5,96.74,96.74,9215.82,9312.56
88,BTC/INR,1h,LONG,2025-01-03 15:30:00+05:30,2025-01-04 00:30:00+05:30,96635.43,8069058.1,94702.72,102433.55,98461.31,8221519.15,INTRADAY_SQUAREOFF,0.01,93.13,0.000577,4656.28,87.98,5.55,82.43,82.43,9312.56,9394.99
89,BTC/INR,1h,LONG,2025-01-04 08:30:00+05:30,2025-01-05 00:30:00+05:30,98314.66,8209274.45,96348.37,104213.54,97899.66,8174621.48,INTRADAY_SQUAREOFF,0.01,93.95,0.000572,4697.49,-19.83,5.53,-25.36,-25.36,9394.99,9369.63
90,BTC/INR,1h,LONG,2025-01-05 12:30:00+05:30,2025-01-06 00:30:00+05:30,98498.25,8224603.7,96528.28,104408.14,97841.48,8169763.3,INTRADAY_SQUAREOFF,0.01,93.7,0.00057,4684.81,-31.24,5.51,-36.75,-36.75,9369.63,9332.88
91,BTC/INR,1h,LONG,2025-01-06 07:30:00+05:30,2025-01-07 00:30:00+05:30,98767.32,8247071.21,96791.97,104693.36,101779.02,8498548.38,INTRADAY_SQUAREOFF,0.01,93.33,0.000566,4666.44,142.29,5.59,136.7,136.7,9332.88,9469.58
92,BTC/INR,1h,SHORT,2025-01-08 10:30:00+05:30,2025-01-09 00:30:00+05:30,96073.28,8022118.49,97994.74,90308.88,94283.49,7872671.03,INTRADAY_SQUAREOFF,0.01,94.7,0.00059,4734.79,88.21,5.54,82.67,82.67,9469.58,9552.26
93,BTC/INR,1h,SHORT,2025-01-09 09:30:00+05:30,2025-01-10 00:30:00+05:30,93943.74,7844302.21,95822.61,88307.11,93064.29,7770868.23,INTRADAY_SQUAREOFF,0.01,95.52,0.000609,4776.13,44.71,5.61,39.1,39.1,9552.26,9591.36
94,BTC/INR,1h,LONG,2025-01-10 23:30:00+05:30,2025-01-11 01:30:00+05:30,95798.26,7999154.54,93882.29,101546.15,95266.03,7954713.56,INTRADAY_SQUAREOFF,0.01,95.91,0.0006,4795.68,-26.64,5.64,-32.29,-32.29,9591.36,9559.07
95,BTC/INR,1h,LONG,2025-01-11 11:30:00+05:30,2025-01-12 00:30:00+05:30,94392.58,7881780.34,92504.73,100056.13,94188.12,7864708.4,INTRADAY_SQUAREOFF,0.01,95.59,0.000606,4779.54,-10.35,5.63,-15.99,-15.99,9559.07,9543.09
96,BTC/INR,1h,LONG,2025-01-12 02:30:00+05:30,2025-01-13 00:30:00+05:30,94652.22,7903460.73,92759.18,100331.36,94914.0,7925318.65,INTRADAY_SQUAREOFF,0.01,95.43,0.000604,4771.54,13.2,5.64,7.56,7.56,9543.09,9550.64
97,BTC/INR,1h,SHORT,2025-01-13 22:30:00+05:30,2025-01-14 00:30:00+05:30,91234.07,7618044.94,93058.75,85760.03,92078.4,7688546.32,INTRADAY_SQUAREOFF,0.01,95.51,0.000627,4775.32,-44.19,5.66,-49.85,-49.85,9550.64,9500.79
98,BTC/INR,1h,LONG,2025-01-14 15:30:00+05:30,2025-01-14 21:30:00+05:30,97394.9,8132474.12,95447.0,103238.59,95399.28,7965839.73,STOP_LOSS,0.01,95.01,0.000584,4750.39,-97.34,5.55,-102.88,-102.88,9500.79,9397.91
99,BTC/INR,1h,LONG,2025-01-15 00:30:00+05:30,2025-01-16 00:30:00+05:30,96936.56,8094202.86,94997.83,102752.75,99408.27,8300590.63,INTRADAY_SQUAREOFF,0.01,93.98,0.000581,4698.95,119.81,5.62,114.2,114.2,9397.91,9512.11
100,BTC/INR,1h,LONG,2025-01-16 12:30:00+05:30,2025-01-16 19:30:00+05:30,99860.3,8338335.35,97863.1,105851.92,97814.17,8167482.86,STOP_LOSS,0.01,95.12,0.00057,4756.05,-97.45,5.55,-103.01,-103.01,9512.11,9409.1
101,BTC/INR,1h,LONG,2025-01-17 10:30:00+05:30,2025-01-18 00:30:00+05:30,101485.99,8474080.25,99456.27,107575.15,104812.72,8751862.43,INTRADAY_SQUAREOFF,0.01,94.09,0.000555,4704.55,154.22,5.64,148.57,148.57,9409.1,9557.67
102,BTC/INR,1h,LONG,2025-01-18 06:30:00+05:30,2025-01-18 13:30:00+05:30,104681.09,8740870.83,102587.47,110961.95,102536.17,8561770.39,STOP_LOSS,0.01,95.58,0.000547,4778.84,-97.92,5.58,-103.5,-103.5,9557.67,9454.17
103,BTC/INR,1h,LONG,2025-01-19 15:30:00+05:30,2025-01-20 00:30:00+05:30,105271.3,8790153.94,103165.88,111587.58,104826.69,8753028.23,INTRADAY_SQUAREOFF,0.01,94.54,0.000538,4727.09,-19.97,5.57,-25.53,-25.53,9454.17,9428.64
104,BTC/INR,1h,SHORT,2025-01-21 10:30:00+05:30,2025-01-21 17:30:00+05:30,101870.6,8506195.24,103908.01,95758.37,103959.97,8680657.31,STOP_LOSS,0.01,94.29,0.000554,4714.32,-96.69,5.62,-102.31,-102.31,9428.64,9326.33
105,BTC/INR,1h,SHORT,2025-01-21 20:30:00+05:30,2025-01-21 22:30:00+05:30,102916.19,8593501.7,104974.51,96741.22,105027.0,8769754.42,STOP_LOSS,0.01,93.26,0.000543,4663.17,-95.64,5.56,-101.2,-101.2,9326.33,9225.13
106,BTC/INR,1h,LONG,2025-01-22 17:30:00+05:30,2025-01-23 00:30:00+05:30,105445.55,8804703.26,103336.64,111772.28,103851.07,8671564.51,INTRADAY_SQUAREOFF,0.01,92.25,0.000524,4612.57,-69.75,5.4,-75.15,-75.15,9225.13,9149.98
107,BTC/INR,1h,SHORT,2025-01-23 15:30:00+05:30,2025-01-23 19:30:00+05:30,101555.74,8479904.59,103586.86,95462.4,103638.65,8653827.43,STOP_LOSS,0.01,91.5,0.00054,4574.99,-93.83,5.45,-99.29,-99.29,9149.98,9050.69
108,BTC/INR,1h,LONG,2025-01-24 09:30:00+05:30,2025-01-25 00:30:00+05:30,104231.38,8703320.12,102146.75,110485.26,106254.67,8872264.64,INTRADAY_SQUAREOFF,0.01,90.51,0.00052,4525.35,87.84,5.39,82.45,82.45,9050.69,9133.15
109,BTC/INR,1h,SHORT,2025-01-27 10:30:00+05:30,2025-01-27 19:30:00+05:30,100211.59,8367667.59,102215.82,94198.89,102266.93,8539288.45,STOP_LOSS,0.01,91.33,0.000546,4566.57,-93.66,5.44,-99.1,-99.1,9133.15,9034.04
110,BTC/INR,1h,SHORT,2025-01-29 19:30:00+05:30,2025-01-30 00:30:00+05:30,101642.61,8487157.63,103675.46,95544.05,103727.3,8661229.24,STOP_LOSS,0.01,90.34,0.000532,4517.02,-92.64,5.38,-98.03,-98.03,9034.04,8936.01
111,BTC/INR,1h,LONG,2025-01-30 06:30:00+05:30,2025-01-31 00:30:00+05:30,104130.91,8694931.36,102048.3,110378.77,105543.83,8812910.18,INTRADAY_SQUAREOFF,0.01,89.36,0.000514,4468.01,60.62,5.31,55.32,55.32,8936.01,8991.33
112,BTC/INR,1h,SHORT,2025-02-01 09:30:00+05:30,2025-02-02 00:30:00+05:30,102174.85,8531599.8,104218.34,96044.36,102055.97,8521673.6,INTRADAY_SQUAREOFF,0.01,89.91,0.000527,4495.67,5.23,5.3,-0.07,-0.07,8991.33,8991.26
113,BTC/INR,1h,SHORT,2025-02-02 04:30:00+05:30,2025-02-03 00:30:00+05:30,100522.32,8393613.32,102532.76,94490.98,96939.77,8094471.11,INTRADAY_SQUAREOFF,0.01,89.91,0.000536,4495.63,160.22,5.21,155.01,155.01,8991.26,9146.27
114,BTC/INR,1h,SHORT,2025-02-03 03:30:00+05:30,2025-02-03 20:30:00+05:30,96598.35,8065962.1,98530.32,90802.45,98579.58,8231394.99,STOP_LOSS,0.01,91.46,0.000567,4573.13,-93.79,5.45,-99.25,-99.25,9146.27,9047.02
115,BTC/INR,1h,LONG,2025-02-04 00:30:00+05:30,2025-02-04 13:30:00+05:30,100099.99,8358348.82,98097.99,106105.99,98048.94,8187086.26,STOP_LOSS,0.01,90.47,0.000541,4523.51,-92.69,5.28,-97.97,-97.97,9047.02,8949.05
116,BTC/INR,1h,SHORT,2025-02-05 12:30:00+05:30,2025-02-06 00:30:00+05:30,97590.23,8148783.98,99542.03,91734.81,96776.99,8080878.61,INTRADAY_SQUAREOFF,0.01,89.49,0.000549,4474.53,37.29,5.26,32.03,32.03,8949.05,8981.08
117,BTC/INR,1h,SHORT,2025-02-06 04:30:00+05:30,2025-02-06 11:30:00+05:30,96258.74,8037605.21,98183.92,90483.22,98233.01,8202456.49,STOP_LOSS,0.01,89.81,0.000559,4490.54,-92.1,5.35,-97.45,-97.45,8981.08,8883.63
118,BTC/INR,1h,SHORT,2025-02-07 01:30:00+05:30,2025-02-07 06:30:00+05:30,95744.28,7994647.03,97659.16,89999.62,97707.99,8158617.24,STOP_LOSS,0.01,88.84,0.000556,4441.81,-91.1,5.3,-96.4,-96.4,8883.63,8787.23
119,BTC/INR,1h,SHORT,2025-02-07 12:30:00+05:30,2025-02-07 18:30:00+05:30,96588.06,8065102.74,98519.82,90792.77,98569.08,8230518.0,STOP_LOSS,0.01,87.87,0.000545,4393.62,-90.11,5.24,-95.35,-95.35,8787.23,8691.88
120,BTC/INR,1h,SHORT,2025-02-08 10:30:00+05:30,2025-02-09 00:30:00+05:30,96240.31,8036065.79,98165.12,90465.89,96553.6,8062225.3,INTRADAY_SQUAREOFF,0.01,86.92,0.000541,4345.94,-14.15,5.14,-19.28,-19.28,8691.88,8672.6
121,BTC/INR,1h,SHORT,2025-02-10 07:30:00+05:30,2025-02-10 10:30:00+05:30,95352.3,7961917.05,97259.35,89631.16,97307.98,8125215.97,STOP_LOSS,0.01,86.73,0.000545,4336.3,-88.94,5.17,-94.11,-94.11,8672.6,8578.49
122,BTC/INR,1h,LONG,2025-02-10 19:30:00+05:30,2025-02-11 00:30:00+05:30,98360.57,8213107.58,96393.36,104262.2,97529.94,8143749.76,INTRADAY_SQUAREOFF,0.01,85.78,0.000522,4289.25,-36.22,5.04,-41.26,-41.26,8578.49,8537.23
123,BTC/INR,1h,LONG,2025-02-11 07:30:00+05:30,2025-02-11 22:30:00+05:30,98150.16,8195538.35,96187.16,104039.17,96139.06,8027611.77,STOP_LOSS,0.01,85.37,0.000521,4268.61,-87.46,4.99,-92.45,-92.45,8537.23,8444.78
124,BTC/INR,1h,SHORT,2025-02-12 08:30:00+05:30,2025-02-12 22:30:00+05:30,95381.96,7964394.06,97289.6,89659.05,97338.25,8127743.79,STOP_LOSS,0.01,84.45,0.00053,4222.39,-86.6,5.03,-91.63,-91.63,8444.78,8353.14
125,BTC/INR,1h,LONG,2025-02-13 07:30:00+05:30,2025-02-13 11:30:00+05:30,98135.75,8194334.83,96173.03,104023.89,96124.95,8026432.91,STOP_LOSS,0.01,83.53,0.00051,4176.57,-85.58,4.88,-90.46,-90.46,8353.14,8262.69
126,BTC/INR,1h,LONG,2025-02-13 15:30:00+05:30,2025-02-14 00:30:00+05:30,96313.35,8042164.84,94387.08,102092.15,95922.67,8009543.02,INTRADAY_SQUAREOFF,0.01,82.63,0.000514,4131.34,-16.76,4.87,-21.62,-21.62,8262.69,8241.07
127,BTC/INR,1h,LONG,2025-02-15 07:30:00+05:30,2025-02-16 00:30:00+05:30,97862.6,8171527.28,95905.35,103734.36,97515.66,8142557.87,INTRADAY_SQUAREOFF,0.01,82.41,0.000504,4120.53,-14.61,4.85,-19.46,-19.46,8241.07,8221.6
128,BTC/INR,1h,LONG,2025-02-16 03:30:00+05:30,2025-02-17 00:30:00+05:30,97744.55,8161670.01,95789.66,103609.22,96848.48,8086848.18,INTRADAY_SQUAREOFF,0.01,82.22,0.000504,4110.8,-37.69,4.83,-42.51,-42.51,8221.6,8179.09
129,BTC/INR,1h,SHORT,2025-02-17 05:30:00+05:30,2025-02-18 00:30:00+05:30,96021.93,8017831.47,97942.37,90260.62,95376.45,7963933.21,INTRADAY_SQUAREOFF,0.01,81.79,0.00051,4089.54,27.49,4.81,22.68,22.68,8179.09,8201.77
130,BTC/INR,1h,SHORT,2025-02-18 04:30:00+05:30,2025-02-19 00:30:00+05:30,95818.68,8000859.45,97735.05,90069.56,93955.84,7845312.41,INTRADAY_SQUAREOFF,0.01,82.02,0.000513,4100.89,79.73,4.79,74.93,74.93,8201.77,8276.71
131,BTC/INR,1h,LONG,2025-02-20 08:30:00+05:30,2025-02-21 00:30:00+05:30,97279.08,8122802.86,95333.49,103115.82,98279.72,8206356.48,INTRADAY_SQUAREOFF,0.01,82.77,0.000509,4138.35,42.57,4.91,37.66,37.66,8276.71,8314.37
132,BTC/INR,1h,SHORT,2025-02-22 13:30:00+05:30,2025-02-23 00:30:00+05:30,96249.66,8036846.26,98174.65,90474.68,96504.21,8058101.73,INTRADAY_SQUAREOFF,0.01,83.14,0.000517,4157.18,-10.99,4.91,-15.91,-15.91,8314.37,8298.46
133,BTC/INR,1h,SHORT,2025-02-23 07:30:00+05:30,2025-02-24 00:30:00+05:30,96383.34,8048008.8,98311.01,90600.34,95797.74,7999111.47,INTRADAY_SQUAREOFF,0.01,82.98,0.000516,4149.23,25.21,4.88,20.33,20.33,8298.46,8318.79
134,BTC/INR,1h,SHORT,2025-02-24 14:30:00+05:30,2025-02-25 00:30:00+05:30,95388.99,7964980.88,97296.77,89665.65,94202.87,7865939.39,INTRADAY_SQUAREOFF,0.01,83.19,0.000522,4159.39,51.72,4.88,46.84,46.84,8318.79,8365.63
135,BTC/INR,1h,SHORT,2025-02-25 04:30:00+05:30,2025-02-25 20:30:00+05:30,92398.89,7715307.7,94246.87,86854.96,86898.39,7256015.43,TARGET_HIT,0.01,83.66,0.000542,4182.82,249.0,4.79,244.21,244.21,8365.63,8609.84
136,BTC/INR,1h,SHORT,2025-02-26 06:30:00+05:30,2025-02-27 00:30:00+05:30,88010.5,7348877.08,89770.71,82729.87,84126.71,7024579.98,INTRADAY_SQUAREOFF,0.01,86.1,0.000586,4304.92,189.97,4.97,185.0,185.0,8609.84,8794.85
137,BTC/INR,1h,SHORT,2025-02-27 08:30:00+05:30,2025-02-27 11:30:00+05:30,84180.65,7029083.98,85864.26,79129.81,85907.19,7173250.49,STOP_LOSS,0.01,87.95,0.000626,4397.42,-90.19,5.24,-95.43,-95.43,8794.85,8699.41
138,BTC/INR,1h,SHORT,2025-02-27 14:30:00+05:30,2025-02-28 00:30:00+05:30,85823.49,7166261.3,87539.96,80674.08,84542.92,7059334.0,INTRADAY_SQUAREOFF,0.01,86.99,0.000607,4349.71,64.9,5.09,59.81,59.81,8699.41,8759.22
139,BTC/INR,1h,SHORT,2025-02-28 06:30:00+05:30,2025-02-28 11:30:00+05:30,84167.45,7027982.07,85850.8,79117.4,79156.96,6609606.3,TARGET_HIT,0.01,87.59,0.000623,4379.61,260.72,5.01,255.7,255.7,8759.22,9014.93
140,BTC/INR,1h,LONG,2025-03-01 05:30:00+05:30,2025-03-02 00:30:00+05:30,84509.85,7056572.56,82819.65,89580.44,85221.28,7115977.06,INTRADAY_SQUAREOFF,0.01,90.15,0.000639,4507.46,37.95,5.34,32.6,32.6,9014.93,9047.53
141,BTC/INR,1h,LONG,2025-03-02 07:30:00+05:30,2025-03-02 21:30:00+05:30,86354.19,7210574.59,84627.1,91535.44,91489.67,7639387.47,TARGET_HIT,0.01,90.48,0.000627,4523.76,269.03,5.5,263.53,263.53,9047.53,9311.06
142,BTC/INR,1h,LONG,2025-03-03 02:30:00+05:30,2025-03-03 07:30:00+05:30,94468.95,7888156.93,92579.57,100137.08,92533.28,7726528.59,STOP_LOSS,0.01,93.11,0.00059,4655.53,-95.39,5.44,-100.83,-100.83,9311.06,9210.23
143,BTC/INR,1h,LONG,2025-03-03 16:30:00+05:30,2025-03-03 19:30:00+05:30,92539.64,7727059.72,90688.84,98092.02,90643.5,7568732.26,STOP_LOSS,0.01,92.1,0.000596,4605.12,-94.36,5.38,-99.74,-99.74,9210.23,9110.5
144,BTC/INR,1h,SHORT,2025-03-04 00:30:00+05:30,2025-03-05 00:30:00+05:30,86790.58,7247013.03,88526.39,81583.14,86807.91,7248460.78,INTRADAY_SQUAREOFF,0.01,91.1,0.000629,4555.25,-0.91,5.38,-6.29,-6.29,9110.5,9104.21
145,BTC/INR,1h,LONG,2025-03-05 07:30:00+05:30,2025-03-06 00:30:00+05:30,87749.03,7327044.2,85994.05,93013.97,89695.94,7489611.16,INTRADAY_SQUAREOFF,0.01,91.04,0.000621,4552.1,101.0,5.43,95.57,95.57,9104.21,9199.78
146,BTC/INR,1h,LONG,2025-03-06 08:30:00+05:30,2025-03-06 17:30:00+05:30,92014.5,7683210.74,90174.21,97535.37,90129.12,7525781.75,STOP_LOSS,0.01,92.0,0.000599,4599.89,-94.25,5.37,-99.62,-99.62,9199.78,9100.15
147,BTC/INR,1h,SHORT,2025-03-07 06:30:00+05:30,2025-03-07 08:30:00+05:30,85117.0,7107269.36,86819.34,80009.98,86862.75,7253039.46,STOP_LOSS,0.01,91.0,0.00064,4550.08,-93.32,5.42,-98.75,-98.75,9100.15,9001.41
148,BTC/INR,1h,SHORT,2025-03-07 21:30:00+05:30,2025-03-08 00:30:00+05:30,88044.34,7351702.27,89805.23,82761.68,88833.22,7417574.08,INTRADAY_SQUAREOFF,0.01,90.01,0.000612,4500.7,-40.33,5.33,-45.66,-45.66,9001.41,8955.75
149,BTC/INR,1h,SHORT,2025-03-08 13:30:00+05:30,2025-03-09 00:30:00+05:30,86115.36,7190632.42,87837.67,80948.44,86070.04,7186848.09,INTRADAY_SQUAREOFF,0.01,89.56,0.000623,4477.87,2.36,5.28,-2.93,-2.93,8955.75,8952.82
150,BTC/INR,1h,SHORT,2025-03-09 08:30:00+05:30,2025-03-10 00:30:00+05:30,85952.41,7177026.11,87671.46,80795.26,82689.98,6904613.38,INTRADAY_SQUAREOFF,0.01,89.53,0.000624,4476.41,169.91,5.18,164.73,164.73,8952.82,9117.55
151,BTC/INR,1h,SHORT,2025-03-10 03:30:00+05:30,2025-03-10 14:30:00+05:30,81725.22,6824055.75,83359.72,76821.71,83401.4,6964017.13,STOP_LOSS,0.01,91.18,0.000668,4558.77,-93.5,5.43,-98.93,-98.93,9117.55,9018.61
152,BTC/INR,1h,SHORT,2025-03-10 22:30:00+05:30,2025-03-11 00:30:00+05:30,78933.37,6590936.64,80512.04,74197.37,77853.06,6500730.14,INTRADAY_SQUAREOFF,0.01,90.19,0.000684,4509.31,61.72,5.28,56.43,56.43,9018.61,9075.04
153,BTC/INR,1h,SHORT,2025-03-11 05:30:00+05:30,2025-03-11 09:30:00+05:30,78530.62,6557306.88,80101.23,73818.78,80141.28,6691797.24,STOP_LOSS,0.01,90.75,0.000692,4537.52,-93.06,5.41,-98.47,-98.47,9075.04,8976.57
154,BTC/INR,1h,LONG,2025-03-12 13:30:00+05:30,2025-03-12 20:30:00+05:30,82505.22,6889186.22,80855.12,87455.54,80814.69,6748026.79,STOP_LOSS,0.01,89.77,0.000651,4488.28,-91.96,5.24,-97.21,-97.21,8976.57,8879.36
155,BTC/INR,1h,LONG,2025-03-13 01:30:00+05:30,2025-03-13 20:30:00+05:30,83097.0,6938599.21,81435.06,88082.82,81394.34,6796427.31,STOP_LOSS,0.01,88.79,0.00064,4439.68,-90.97,5.19,-96.15,-96.15,8879.36,8783.21
156,BTC/INR,1h,LONG,2025-03-15 08:30:00+05:30,2025-03-16 00:30:00+05:30,84624.34,7066132.21,82931.85,89701.8,84175.11,7028621.7,INTRADAY_SQUAREOFF,0.01,87.83,0.000622,4391.6,-23.31,5.17,-28.48,-28.48,8783.21,8754.73
157,BTC/INR,1h,LONG,2025-03-16 09:30:00+05:30,2025-03-16 16:30:00+05:30,84387.47,7046353.71,82699.72,89450.72,82658.37,6901973.92,STOP_LOSS,0.01,87.55,0.000621,4377.36,-89.69,5.11,-94.8,-94.8,8754.73,8659.92
158,BTC/INR,1h,SHORT,2025-03-17 11:30:00+05:30,2025-03-18 00:30:00+05:30,83099.67,6938822.58,84761.66,78113.69,84541.87,7059246.55,INTRADAY_SQUAREOFF,0.01,86.6,0.000624,4329.96,-75.15,5.15,-80.3,-80.3,8659.92,8579.62
159,BTC/INR,1h,SHORT,2025-03-18 23:30:00+05:30,2025-03-19 01:30:00+05:30,81339.08,6791813.48,82965.87,76458.74,82323.13,6873980.97,INTRADAY_SQUAREOFF,0.01,85.8,0.000632,4289.81,-51.9,5.09,-56.99,-56.99,8579.62,8522.63
160,BTC/INR,1h,LONG,2025-03-19 19:30:00+05:30,2025-03-20 00:30:00+05:30,84362.14,7044239.05,82674.9,89423.87,85640.78,7151004.74,INTRADAY_SQUAREOFF,0.01,85.23,0.000605,4261.32,64.59,5.07,59.52,59.52,8522.63,8582.15
161,BTC/INR,1h,LONG,2025-03-20 05:30:00+05:30,2025-03-20 15:30:00+05:30,87045.49,7268298.03,85304.58,92268.21,85261.92,7119370.6,STOP_LOSS,0.01,85.82,0.00059,4291.08,-87.92,5.01,-92.94,-92.94,8582.15,8489.21
162,BTC/INR,1h,SHORT,2025-03-21 04:30:00+05:30,2025-03-22 00:30:00+05:30,83948.37,7009689.06,85627.34,78911.47,84107.67,7022990.73,INTRADAY_SQUAREOFF,0.01,84.89,0.000606,4244.61,-8.05,5.01,-13.07,-13.07,8489.21,8476.15
163,BTC/INR,1h,SHORT,2025-03-22 05:30:00+05:30,2025-03-23 00:30:00+05:30,83981.25,7012434.06,85660.87,78942.37,84299.94,7039045.11,INTRADAY_SQUAREOFF,0.01,84.76,0.000604,4238.07,-16.08,5.01,-21.09,-21.09,8476.15,8455.05
164,BTC/INR,1h,LONG,2025-03-23 21:30:00+05:30,2025-03-24 00:30:00+05:30,85257.94,7119038.29,83552.78,90373.42,84936.32,7092182.33,INTRADAY_SQUAREOFF,0.01,84.55,0.000594,4227.53,-15.95,4.98,-20.93,-20.93,8455.05,8434.13
165,BTC/INR,1h,LONG,2025-03-24 09:30:00+05:30,2025-03-25 00:30:00+05:30,86581.46,7229552.28,84849.84,91776.35,88454.59,7385958.63,INTRADAY_SQUAREOFF,0.01,84.34,0.000583,4217.06,91.23,5.03,86.2,86.2,8434.13,8520.33
166,BTC/INR,1h,LONG,2025-03-25 06:30:00+05:30,2025-03-26 00:30:00+05:30,87713.25,7324056.27,85958.98,92976.04,87823.36,7333250.83,INTRADAY_SQUAREOFF,0.01,85.2,0.000582,4260.16,5.35,5.03,0.32,0.32,8520.33,8520.65
167,BTC/INR,1h,LONG,2025-03-26 07:30:00+05:30,2025-03-27 00:30:00+05:30,87928.93,7342066.05,86170.36,93204.67,86127.27,7191627.11,STOP_LOSS,0.01,85.21,0.00058,4260.32,-87.29,4.98,-92.27,-92.27,8520.65,8428.38
168,BTC/INR,1h,SHORT,2025-03-27 11:30:00+05:30,2025-03-28 00:30:00+05:30,87257.26,7285980.86,89002.4,82021.82,87248.48,7285247.87,INTRADAY_SQUAREOFF,0.01,84.28,0.000578,4214.19,0.42,4.97,-4.55,-4.55,8428.38,8423.83
169,BTC/INR,1h,SHORT,2025-03-28 16:30:00+05:30,2025-03-29 00:30:00+05:30,84851.12,7085068.16,86548.14,79760.05,83867.54,7002939.41,INTRADAY_SQUAREOFF,0.01,84.24,0.000594,4211.91,48.82,4.94,43.88,43.88,8423.83,8467.71
170,BTC/INR,1h,SHORT,2025-03-29 15:30:00+05:30,2025-03-30 00:30:00+05:30,83348.4,6959591.29,85015.37,78347.49,82362.04,6877229.96,INTRADAY_SQUAREOFF,0.01,84.68,0.000608,4233.86,50.1,4.97,45.14,45.14,8467.71,8512.85
171,BTC/INR,1h,SHORT,2025-03-30 11:30:00+05:30,2025-03-31 00:30:00+05:30,82882.62,6920698.44,84540.27,77909.66,82728.85,6907859.11,INTRADAY_SQUAREOFF,0.01,85.13,0.000615,4256.42,7.9,5.02,2.88,2.88,8512.85,8515.73
172,BTC/INR,1h,SHORT,2025-03-31 09:30:00+05:30,2025-03-31 19:30:00+05:30,81453.24,6801345.32,83082.3,76566.04,83123.84,6940840.91,STOP_LOSS,0.01,85.16,0.000626,4257.86,-87.33,5.08,-92.4,-92.4,8515.73,8423.32
173,BTC/INR,1h,LONG,2025-04-01 20:30:00+05:30,2025-04-02 00:30:00+05:30,84263.83,7036029.77,82578.55,89319.66,85079.45,7104134.46,INTRADAY_SQUAREOFF,0.01,84.23,0.000599,4211.66,40.77,4.99,35.77,35.77,8423.32,8459.1
174,BTC/INR,1h,LONG,2025-04-02 02:30:00+05:30,2025-04-03 00:30:00+05:30,85333.86,7125377.67,83627.19,90453.9,86347.66,7210029.29,INTRADAY_SQUAREOFF,0.01,84.59,0.000594,4229.55,50.25,5.02,45.23,45.23,8459.1,8504.32
175,BTC/INR,1h,SHORT,2025-04-03 12:30:00+05:30,2025-04-04 00:30:00+05:30,82972.83,6928231.2,84632.29,77994.46,82094.91,6854924.96,INTRADAY_SQUAREOFF,0.01,85.04,0.000614,4252.16,44.99,4.99,40.0,40.0,8504.32,8544.32
176,BTC/INR,1h,LONG,2025-04-05 15:30:00+05:30,2025-04-06 00:30:00+05:30,83863.67,7002616.34,82186.4,88895.49,82993.64,6929968.83,INTRADAY_SQUAREOFF,0.01,85.44,0.00061,4272.16,-44.32,5.02,-49.34,-49.34,8544.32,8494.99
177,BTC/INR,1h,SHORT,2025-04-06 12:30:00+05:30,2025-04-07 00:30:00+05:30,83054.24,6935029.14,84715.33,78070.99,79041.75,6599986.22,INTRADAY_SQUAREOFF,0.01,84.95,0.000612,4247.49,205.2,4.89,200.31,200.31,8494.99,8695.3
178,BTC/INR,1h,SHORT,2025-04-07 02:30:00+05:30,2025-04-07 19:30:00+05:30,78594.12,6562609.09,80166.0,73878.47,80206.09,6697208.2,STOP_LOSS,0.01,86.95,0.000662,4347.65,-89.17,5.18,-94.35,-94.35,8695.3,8600.95
179,BTC/INR,1h,LONG,2025-04-08 07:30:00+05:30,2025-04-08 13:30:00+05:30,80766.53,6744005.02,79151.2,85612.52,79111.62,6605820.35,STOP_LOSS,0.01,86.01,0.000638,4300.47,-88.12,5.02,-93.14,-93.14,8600.95,8507.81
180,BTC/INR,1h,LONG,2025-04-08 17:30:00+05:30,2025-04-08 19:30:00+05:30,80142.09,6691864.52,78539.25,84950.62,78499.98,6554748.22,STOP_LOSS,0.01,85.08,0.000636,4253.9,-87.16,4.97,-92.13,-92.13,8507.81,8415.68
181,BTC/INR,1h,SHORT,2025-04-09 05:30:00+05:30,2025-04-09 12:30:00+05:30,76215.33,6363979.75,77739.63,71642.41,77778.5,6494504.98,STOP_LOSS,0.01,84.16,0.000661,4207.84,-86.3,5.02,-91.32,-91.32,8415.68,8324.36
182,BTC/INR,1h,LONG,2025-04-10 02:30:00+05:30,2025-04-10 08:30:00+05:30,83231.63,6949841.45,81567.0,88225.53,81526.22,6807439.19,STOP_LOSS,0.01,83.24,0.000599,4162.18,-85.28,4.86,-90.14,-90.14,8324.36,8234.22
183,BTC/INR,1h,LONG,2025-04-10 15:30:00+05:30,2025-04-10 20:30:00+05:30,82053.59,6851474.95,80412.52,86976.81,80372.31,6711088.23,STOP_LOSS,0.01,82.34,0.000601,4117.11,-84.36,4.81,-89.17,-89.17,8234.22,8145.05
184,BTC/INR,1h,SHORT,2025-04-11 06:30:00+05:30,2025-04-11 08:30:00+05:30,78930.41,6590688.87,80509.01,74194.58,80549.27,6725863.9,STOP_LOSS,0.01,81.45,0.000618,4072.52,-83.53,4.85,-88.38,-88.38,8145.05,8056.66
185,BTC/INR,1h,LONG,2025-04-11 21:30:00+05:30,2025-04-12 00:30:00+05:30,82632.58,6899820.82,80979.93,87590.54,83534.19,6975104.75,INTRADAY_SQUAREOFF,0.01,80.57,0.000584,4028.33,43.95,4.78,39.17,39.17,8056.66,8095.84
186,BTC/INR,1h,LONG,2025-04-12 10:30:00+05:30,2025-04-13 00:30:00+05:30,83329.97,6958052.69,81663.37,88329.77,85110.35,7106713.84,INTRADAY_SQUAREOFF,0.01,80.96,0.000582,4047.92,86.49,4.83,81.66,81.66,8095.84,8177.5
187,BTC/INR,1h,LONG,2025-04-13 06:30:00+05:30,2025-04-13 18:30:00+05:30,85570.1,7145103.32,83858.7,90704.31,83816.77,6998700.15,STOP_LOSS,0.01,81.77,0.000572,4088.75,-83.78,4.78,-88.55,-88.55,8177.5,8088.94
188,BTC/INR,1h,SHORT,2025-04-14 02:30:00+05:30,2025-04-14 05:30:00+05:30,83205.45,6947655.46,84869.56,78213.13,84912.0,7090151.87,STOP_LOSS,0.01,80.89,0.000582,4044.47,-82.95,4.82,-87.77,-87.77,8088.94,8001.17
189,BTC/INR,1h,LONG,2025-04-15 18:30:00+05:30,2025-04-16 00:30:00+05:30,85839.23,7167575.4,84122.44,90989.58,84080.38,7020711.78,STOP_LOSS,0.01,80.01,0.000558,4000.58,-81.97,4.67,-86.64,-86.64,8001.17,7914.52
190,BTC/INR,1h,SHORT,2025-04-16 04:30:00+05:30,2025-04-16 22:30:00+05:30,83660.48,6985650.48,85333.69,78640.86,85376.36,7128926.17,STOP_LOSS,0.01,79.15,0.000566,3957.26,-81.16,4.72,-85.88,-85.88,7914.52,7828.64
191,BTC/INR,1h,LONG,2025-04-18 02:30:00+05:30,2025-04-19 00:30:00+05:30,85180.3,7112554.67,83476.69,90291.11,84563.41,7061044.57,INTRADAY_SQUAREOFF,0.01,78.29,0.00055,3914.32,-28.35,4.6,-32.95,-32.95,7828.64,7795.69
192,BTC/INR,1h,LONG,2025-04-19 07:30:00+05:30,2025-04-20 00:30:00+05:30,84613.47,7065224.35,82921.2,89690.27,85085.07,7104603.26,INTRADAY_SQUAREOFF,0.01,77.96,0.000552,3897.85,21.73,4.61,17.11,17.11,7795.69,7812.81
193,BTC/INR,1h,LONG,2025-04-21 05:30:00+05:30,2025-04-22 00:30:00+05:30,85283.57,7121178.4,83577.9,90400.59,86763.25,7244730.97,INTRADAY_SQUAREOFF,0.01,78.13,0.000549,3906.4,67.78,4.65,63.13,63.13,7812.81,7875.93
194,BTC/INR,1h,LONG,2025-04-22 05:30:00+05:30,2025-04-23 00:30:00+05:30,87611.13,7315529.14,85858.9,92867.8,91511.09,7641175.91,INTRADAY_SQUAREOFF,0.01,78.76,0.000538,3937.97,175.3,4.75,170.55,170.55,7875.93,8046.48
195,BTC/INR,1h,LONG,2025-04-23 03:30:00+05:30,2025-04-24 00:30:00+05:30,93507.8,7807901.37,91637.64,99118.27,93600.82,7815668.86,INTRADAY_SQUAREOFF,0.01,80.46,0.000515,4023.24,4.0,4.75,-0.75,-0.75,8046.48,8045.73
196,BTC/INR,1h,LONG,2025-04-24 04:30:00+05:30,2025-04-24 13:30:00+05:30,93846.62,7836192.65,91969.69,99477.42,91923.7,7675629.07,STOP_LOSS,0.01,80.46,0.000513,4022.87,-82.43,4.7,-87.13,-87.13,8045.73,7958.6
197,BTC/INR,1h,LONG,2025-04-25 01:30:00+05:30,2025-04-26 00:30:00+05:30,93731.35,7826567.73,91856.72,99355.23,94971.43,7930114.24,INTRADAY_SQUAREOFF,0.01,79.59,0.000508,3979.3,52.65,4.73,47.92,47.92,7958.6,8006.52
198,BTC/INR,1h,LONG,2025-04-26 08:30:00+05:30,2025-04-27 00:30:00+05:30,95196.42,7948900.92,93292.49,100908.2,94161.49,7862484.37,INTRADAY_SQUAREOFF,0.01,80.07,0.000504,4003.26,-43.52,4.7,-48.22,-48.22,8006.52,7958.31
199,BTC/INR,1h,LONG,2025-04-27 06:30:00+05:30,2025-04-28 00:30:00+05:30,95055.87,7937165.26,93154.75,100759.22,94263.66,7871015.37,INTRADAY_SQUAREOFF,0.01,79.58,0.000501,3979.15,-33.16,4.68,-37.84,-37.84,7958.31,7920.47
200,BTC/INR,1h,SHORT,2025-04-28 05:30:00+05:30,2025-04-28 17:30:00+05:30,93681.8,7822430.28,95555.44,88060.89,95603.21,7982868.32,STOP_LOSS,0.01,79.2,0.000506,3960.23,-81.22,4.72,-85.95,-85.95,7920.47,7834.52
201,BTC/INR,1h,SHORT,2025-04-29 10:30:00+05:30,2025-04-30 00:30:00+05:30,94314.49,7875260.0,96200.78,88655.62,95481.19,7972678.99,INTRADAY_SQUAREOFF,0.01,78.35,0.000497,3917.26,-48.46,4.65,-53.11,-53.11,7834.52,7781.41
202,BTC/INR,1h,SHORT,2025-04-30 12:30:00+05:30,2025-05-01 00:30:00+05:30,94725.3,7909562.65,96619.81,89041.78,94185.58,7864496.34,INTRADAY_SQUAREOFF,0.01,77.81,0.000492,3890.71,22.17,4.58,17.59,17.59,7781.41,7799.0
203,BTC/INR,1h,SHORT,2025-05-01 04:30:00+05:30,2025-05-01 15:30:00+05:30,94058.39,7853875.78,95939.56,88414.89,95987.53,8014958.77,STOP_LOSS,0.01,77.99,0.000497,3899.5,-79.98,4.65,-84.63,-84.63,7799.0,7714.38
204,BTC/INR,1h,LONG,2025-05-01 18:30:00+05:30,2025-05-02 00:30:00+05:30,96504.15,8058096.51,94574.07,102294.4,96809.88,8083625.26,INTRADAY_SQUAREOFF,0.01,77.14,0.000479,3857.19,12.22,4.56,7.66,7.66,7714.38,7722.04
205,BTC/INR,1h,LONG,2025-05-02 06:30:00+05:30,2025-05-03 00:30:00+05:30,97102.62,8108068.84,95160.57,102928.78,97141.04,8111276.67,INTRADAY_SQUAREOFF,0.01,77.22,0.000476,3861.02,1.53,4.56,-3.03,-3.03,7722.04,7719.01
206,BTC/INR,1h,LONG,2025-05-03 05:30:00+05:30,2025-05-04 00:30:00+05:30,96966.24,8096681.05,95026.92,102784.21,96120.12,8026029.94,INTRADAY_SQUAREOFF,0.01,77.19,0.000477,3859.5,-33.68,4.53,-38.21,-38.21,7719.01,7680.8
207,BTC/INR,1h,SHORT,2025-05-04 22:30:00+05:30,2025-05-05 00:30:00+05:30,95279.63,7955848.72,97185.22,89562.85,95439.68,7969213.31,INTRADAY_SQUAREOFF,0.01,76.81,0.000483,3840.4,-6.45,4.54,-10.99,-10.99,7680.8,7669.81
208,BTC/INR,1h,SHORT,2025-05-05 05:30:00+05:30,2025-05-06 00:30:00+05:30,94163.22,7862628.47,96046.48,88513.42,94773.72,7913605.83,INTRADAY_SQUAREOFF,0.01,76.7,0.000488,3834.9,-24.86,4.54,-29.4,-29.4,7669.81,7640.4
209,BTC/INR,1h,LONG,2025-05-07 04:30:00+05:30,2025-05-08 00:30:00+05:30,96402.69,8049624.86,94474.64,102186.85,96548.83,8061827.66,INTRADAY_SQUAREOFF,0.01,76.4,0.000475,3820.2,5.79,4.51,1.28,1.28,7640.4,7641.68
210,BTC/INR,1h,LONG,2025-05-08 14:30:00+05:30,2025-05-09 00:30:00+05:30,99811.26,8334239.85,97815.03,105799.93,101301.26,8458655.34,INTRADAY_SQUAREOFF,0.01,76.42,0.000458,3820.84,57.04,4.54,52.5,52.5,7641.68,7694.18
211,BTC/INR,1h,LONG,2025-05-09 02:30:00+05:30,2025-05-10 00:30:00+05:30,102814.03,8584971.49,100757.75,108982.87,103165.12,8614287.37,INTRADAY_SQUAREOFF,0.01,76.94,0.000448,3847.09,13.14,4.55,8.59,8.59,7694.18,7702.77
212,BTC/INR,1h,LONG,2025-05-10 09:30:00+05:30,2025-05-11 00:30:00+05:30,103257.01,8621960.25,101191.87,109452.43,103203.73,8617511.6,INTRADAY_SQUAREOFF,0.01,77.03,0.000447,3851.39,-1.99,4.54,-6.53,-6.53,7702.77,7696.24
213,BTC/INR,1h,LONG,2025-05-11 03:30:00+05:30,2025-05-12 00:30:00+05:30,103835.33,8670249.99,101758.62,110065.45,104509.91,8726577.18,INTRADAY_SQUAREOFF,0.01,76.96,0.000444,3848.12,25.0,4.56,20.44,20.44,7696.24,7716.68
214,BTC/INR,1h,LONG,2025-05-12 06:30:00+05:30,2025-05-12 20:30:00+05:30,104697.56,8742246.01,102603.61,110979.41,102552.3,8563117.39,STOP_LOSS,0.01,77.17,0.000441,3858.34,-79.06,4.51,-83.56,-83.56,7716.68,7633.12
215,BTC/INR,1h,SHORT,2025-05-13 06:30:00+05:30,2025-05-13 21:30:00+05:30,102164.24,8530714.36,104207.53,96034.39,104259.63,8705679.32,STOP_LOSS,0.01,76.33,0.000447,3816.56,-78.28,4.55,-82.83,-82.83,7633.12,7550.29
216,BTC/INR,1h,LONG,2025-05-15 00:30:00+05:30,2025-05-15 19:30:00+05:30,103549.54,8646386.42,101478.55,109762.51,101427.81,8469221.96,STOP_LOSS,0.01,75.5,0.000437,3775.15,-77.35,4.41,-81.76,-81.76,7550.29,7468.53
217,BTC/INR,1h,LONG,2025-05-16 05:30:00+05:30,2025-05-17 00:30:00+05:30,103920.47,8677359.52,101842.06,110155.7,103680.77,8657344.0,INTRADAY_SQUAREOFF,0.01,74.69,0.00043,3734.27,-8.61,4.4,-13.01,-13.01,7468.53,7455.52
218,BTC/INR,1h,LONG,2025-05-17 09:30:00+05:30,2025-05-18 00:30:00+05:30,103593.1,8650023.75,101521.24,109808.68,102970.54,8598039.74,INTRADAY_SQUAREOFF,0.01,74.56,0.000431,3727.76,-22.4,4.39,-26.79,-26.79,7455.52,7428.73
219,BTC/INR,1h,LONG,2025-05-18 19:30:00+05:30,2025-05-19 00:30:00+05:30,104795.6,8750432.45,102699.69,111083.33,104445.91,8721233.25,INTRADAY_SQUAREOFF,0.01,74.29,0.000424,3714.36,-12.39,4.38,-16.77,-16.77,7428.73,7411.96
220,BTC/INR,1h,SHORT,2025-05-19 12:30:00+05:30,2025-05-19 19:30:00+05:30,102061.63,8522146.2,104102.86,95937.93,104154.92,8696935.42,STOP_LOSS,0.01,74.12,0.000435,3705.98,-76.01,4.42,-80.43,-80.43,7411.96,7331.53
221,BTC/INR,1h,LONG,2025-05-20 10:30:00+05:30,2025-05-21 00:30:00+05:30,106262.74,8872938.59,104137.48,112638.5,105254.53,8788753.58,INTRADAY_SQUAREOFF,0.01,73.32,0.000413,3665.77,-34.78,4.31,-39.09,-39.09,7331.53,7292.45
222,BTC/INR,1h,LONG,2025-05-21 19:30:00+05:30,2025-05-22 00:30:00+05:30,107620.73,8986330.85,105468.31,114077.97,106953.75,8930638.47,INTRADAY_SQUAREOFF,0.01,72.92,0.000406,3646.22,-22.6,4.29,-26.89,-26.89,7292.45,7265.56
223,BTC/INR,1h,LONG,2025-05-22 18:30:00+05:30,2025-05-23 00:30:00+05:30,111622.86,9320508.95,109390.4,118320.23,111727.49,9329245.51,INTRADAY_SQUAREOFF,0.01,72.66,0.00039,3632.78,3.41,4.29,-0.88,-0.88,7265.56,7264.68
224,BTC/INR,1h,LONG,2025-05-23 05:30:00+05:30,2025-05-23 16:30:00+05:30,111755.84,9331612.82,109520.73,118461.19,109465.96,9140408.08,STOP_LOSS,0.01,72.65,0.000389,3632.34,-74.43,4.24,-78.67,-78.67,7264.68,7186.01
225,BTC/INR,1h,SHORT,2025-05-24 00:30:00+05:30,2025-05-25 00:30:00+05:30,108648.38,9072139.33,110821.34,102129.47,108879.94,9091474.67,INTRADAY_SQUAREOFF,0.01,71.86,0.000396,3593.0,-7.66,4.24,-11.9,-11.9,7186.01,7174.1
226,BTC/INR,1h,SHORT,2025-05-25 04:30:00+05:30,2025-05-26 00:30:00+05:30,108005.98,9018499.15,110166.1,101525.62,107499.57,8976214.47,INTRADAY_SQUAREOFF,0.01,71.74,0.000398,3587.05,16.82,4.22,12.6,12.6,7174.1,7186.7
227,BTC/INR,1h,LONG,2025-05-26 06:30:00+05:30,2025-05-27 00:30:00+05:30,109655.33,9156220.18,107462.22,116234.65,109059.44,9106463.49,INTRADAY_SQUAREOFF,0.01,71.87,0.000392,3593.35,-19.53,4.23,-23.76,-23.76,7186.7,7162.94
228,BTC/INR,1h,SHORT,2025-05-27 12:30:00+05:30,2025-05-28 00:30:00+05:30,108826.74,9087032.71,111003.27,102297.13,109985.6,9183797.44,INTRADAY_SQUAREOFF,0.01,71.63,0.000394,3581.47,-38.14,4.25,-42.39,-42.39,7162.94,7120.56
229,BTC/INR,1h,SHORT,2025-05-28 12:30:00+05:30,2025-05-29 00:30:00+05:30,108645.54,9071902.65,110818.45,102126.81,107543.57,8979887.7,INTRADAY_SQUAREOFF,0.01,71.21,0.000392,3560.28,36.11,4.18,31.93,31.93,7120.56,7152.49
230,BTC/INR,1h,SHORT,2025-05-29 23:30:00+05:30,2025-05-30 01:30:00+05:30,106130.65,8861909.3,108253.26,99762.81,105783.33,8832908.39,INTRADAY_SQUAREOFF,0.01,71.52,0.000404,3576.24,11.7,4.21,7.49,7.49,7152.49,7159.98
231,BTC/INR,1h,SHORT,2025-05-30 04:30:00+05:30,2025-05-31 00:30:00+05:30,105895.3,8842257.49,108013.21,99541.58,104959.99,8764158.75,INTRADAY_SQUAREOFF,0.01,71.6,0.000405,3579.99,31.62,4.21,27.41,27.41,7159.98,7187.39
232,BTC/INR,1h,SHORT,2025-05-31 04:30:00+05:30,2025-06-01 00:30:00+05:30,104000.1,8684008.26,106080.1,97760.09,104584.38,8732796.0,INTRADAY_SQUAREOFF,0.01,71.87,0.000414,3593.7,-20.19,4.25,-24.44,-24.44,7187.39,7162.95
233,BTC/INR,1h,LONG,2025-06-01 10:30:00+05:30,2025-06-02 00:30:00+05:30,104789.63,8749934.46,102693.84,111077.01,104871.26,8756749.95,INTRADAY_SQUAREOFF,0.01,71.63,0.000409,3581.48,2.79,4.23,-1.44,-1.44,7162.95,7161.51
234,BTC/INR,1h,LONG,2025-06-02 03:30:00+05:30,2025-06-03 00:30:00+05:30,105564.9,8814669.53,103453.61,111898.8,104324.57,8711101.55,INTRADAY_SQUAREOFF,0.01,71.62,0.000406,3580.76,-42.07,4.2,-46.27,-46.27,7161.51,7115.24
235,BTC/INR,1h,LONG,2025-06-03 19:30:00+05:30,2025-06-04 00:30:00+05:30,105717.28,8827392.67,103602.93,112060.31,106040.05,8854343.94,INTRADAY_SQUAREOFF,0.01,71.15,0.000403,3557.62,10.86,4.2,6.66,6.66,7115.24,7121.9
236,BTC/INR,1h,SHORT,2025-06-04 19:30:00+05:30,2025-06-05 00:30:00+05:30,104740.28,8745813.66,106835.09,98455.87,105053.56,8771971.86,INTRADAY_SQUAREOFF,0.01,71.22,0.000407,3560.95,-10.65,4.21,-14.86,-14.86,7121.9,7107.04
237,BTC/INR,1h,SHORT,2025-06-05 02:30:00+05:30,2025-06-06 00:30:00+05:30,104449.65,8721545.57,106538.64,98182.67,103090.73,8608076.0,INTRADAY_SQUAREOFF,0.01,71.07,0.000407,3553.52,46.23,4.17,42.07,42.07,7107.04,7149.11
238,BTC/INR,1h,LONG,2025-06-07 04:30:00+05:30,2025-06-08 00:30:00+05:30,104629.56,8736568.43,102536.97,110907.34,105596.61,8817317.17,INTRADAY_SQUAREOFF,0.01,71.49,0.000409,3574.55,33.04,4.24,28.8,28.8,7149.11,7177.91
239,BTC/INR,1h,LONG,2025-06-08 07:30:00+05:30,2025-06-09 00:30:00+05:30,105857.52,8839102.88,103740.37,112208.97,106308.71,8876777.26,INTRADAY_SQUAREOFF,0.01,71.78,0.000406,3588.95,15.3,4.24,11.05,11.05,7177.91,7188.96
240,BTC/INR,1h,LONG,2025-06-10 15:30:00+05:30,2025-06-11 00:30:00+05:30,109592.69,9150989.68,107400.84,116168.25,109257.44,9122996.05,INTRADAY_SQUAREOFF,0.01,71.89,0.000393,3594.48,-11.0,4.23,-15.23,-15.23,7188.96,7173.73
241,BTC/INR,1h,LONG,2025-06-11 05:30:00+05:30,2025-06-12 00:30:00+05:30,110327.41,9212338.7,108120.86,116947.05,108791.54,9084093.42,INTRADAY_SQUAREOFF,0.01,71.74,0.000389,3586.86,-49.93,4.2,-54.14,-54.14,7173.73,7119.59
242,BTC/INR,1h,SHORT,2025-06-12 09:30:00+05:30,2025-06-13 00:30:00+05:30,107698.65,8992837.69,109852.63,101236.74,107625.46,8986725.72,INTRADAY_SQUAREOFF,0.01,71.2,0.000396,3559.8,2.42,4.2,-1.78,-1.78,7119.59,7117.81
243,BTC/INR,1h,SHORT,2025-06-13 05:30:00+05:30,2025-06-14 00:30:00+05:30,105677.09,8824036.86,107790.63,99336.46,105225.55,8786333.21,INTRADAY_SQUAREOFF,0.01,71.18,0.000403,3558.91,15.21,4.19,11.02,11.02,7117.81,7128.83
244,BTC/INR,1h,SHORT,2025-06-14 07:30:00+05:30,2025-06-15 00:30:00+05:30,105448.25,8804928.83,107557.21,99121.35,104993.53,8766959.36,INTRADAY_SQUAREOFF,0.01,71.29,0.000405,3564.41,15.37,4.2,11.17,11.17,7128.83,7140.0
245,BTC/INR,1h,LONG,2025-06-15 11:30:00+05:30,2025-06-16 00:30:00+05:30,106167.65,8864998.86,104044.3,112537.71,105468.84,8806648.2,INTRADAY_SQUAREOFF,0.01,71.4,0.000403,3570.0,-23.5,4.2,-27.7,-27.7,7140.0,7112.31
246,BTC/INR,1h,LONG,2025-06-16 10:30:00+05:30,2025-06-17 00:30:00+05:30,106454.4,8888942.71,104325.32,112841.67,108255.17,9039306.98,INTRADAY_SQUAREOFF,0.01,71.12,0.0004,3556.15,60.16,4.23,55.92,55.92,7112.31,7168.23
247,BTC/INR,1h,SHORT,2025-06-17 10:30:00+05:30,2025-06-18 00:30:00+05:30,107304.59,8959933.62,109450.69,100866.32,104483.73,8724391.57,INTRADAY_SQUAREOFF,0.01,71.68,0.0004,3584.12,94.22,4.17,90.05,90.05,7168.23,7258.28
248,BTC/INR,1h,SHORT,2025-06-18 02:30:00+05:30,2025-06-19 00:30:00+05:30,104303.13,8709311.11,106389.19,98044.94,103713.4,8660068.99,INTRADAY_SQUAREOFF,0.01,72.58,0.000417,3629.14,20.52,4.27,16.25,16.25,7258.28,7274.53
249,BTC/INR,1h,SHORT,2025-06-19 07:30:00+05:30,2025-06-20 00:30:00+05:30,104486.63,8724633.52,106576.36,98217.43,104470.63,8723297.7,INTRADAY_SQUAREOFF,0.01,72.75,0.000417,3637.26,0.56,4.29,-3.73,-3.73,7274.53,7270.79
250,BTC/INR,1h,SHORT,2025-06-20 10:30:00+05:30,2025-06-20 13:30:00+05:30,104205.07,8701123.72,106289.18,97952.77,106342.32,8879583.77,STOP_LOSS,0.01,72.71,0.000418,3635.4,-74.56,4.33,-78.9,-78.9,7270.79,7191.9
251,BTC/INR,1h,SHORT,2025-06-20 22:30:00+05:30,2025-06-21 00:30:00+05:30,103611.98,8651600.38,105684.22,97395.26,103230.61,8619755.53,INTRADAY_SQUAREOFF,0.01,71.92,0.000416,3595.95,13.24,4.24,9.0,9.0,7191.9,7200.9
252,BTC/INR,1h,SHORT,2025-06-21 04:30:00+05:30,2025-06-22 00:30:00+05:30,102968.81,8597895.65,105028.19,96790.68,102740.52,8578833.12,INTRADAY_SQUAREOFF,0.01,72.01,0.000419,3600.45,7.98,4.24,3.74,3.74,7200.9,7204.63
253,BTC/INR,1h,SHORT,2025-06-22 03:30:00+05:30,2025-06-23 00:30:00+05:30,101276.49,8456587.14,103302.02,95199.9,99511.17,8309182.55,INTRADAY_SQUAREOFF,0.01,72.05,0.000426,3602.32,62.79,4.21,58.58,58.58,7204.63,7263.21
254,BTC/INR,1h,LONG,2025-06-24 07:30:00+05:30,2025-06-25 00:30:00+05:30,105592.46,8816970.19,103480.61,111928.0,105549.38,8813373.11,INTRADAY_SQUAREOFF,0.01,72.63,0.000412,3631.61,-1.48,4.28,-5.77,-5.77,7263.21,7257.45
255,BTC/INR,1h,LONG,2025-06-25 06:30:00+05:30,2025-06-26 00:30:00+05:30,106519.11,8894345.51,104388.73,112910.25,107387.83,8966884.13,INTRADAY_SQUAREOFF,0.01,72.57,0.000408,3628.72,29.59,4.3,25.3,25.3,7257.45,7282.74
256,BTC/INR,1h,LONG,2025-06-26 08:30:00+05:30,2025-06-27 00:30:00+05:30,108059.24,9022946.94,105898.06,114542.8,107358.58,8964441.67,INTRADAY_SQUAREOFF,0.01,72.83,0.000404,3641.37,-23.61,4.28,-27.89,-27.89,7282.74,7254.85
257,BTC/INR,1h,SHORT,2025-06-28 14:30:00+05:30,2025-06-29 00:30:00+05:30,107349.21,8963659.25,109496.2,100908.26,107408.83,8968637.62,INTRADAY_SQUAREOFF,0.01,72.55,0.000405,3627.42,-2.01,4.28,-6.3,-6.3,7254.85,7248.55
258,BTC/INR,1h,SHORT,2025-06-29 09:30:00+05:30,2025-06-30 00:30:00+05:30,107187.4,8950147.49,109331.14,100756.15,107717.14,8994380.88,INTRADAY_SQUAREOFF,0.01,72.49,0.000405,3624.28,-17.91,4.29,-22.2,-22.2,7248.55,7226.35
259,BTC/INR,1h,SHORT,2025-07-01 00:30:00+05:30,2025-07-02 00:30:00+05:30,107147.95,8946854.15,109290.91,100719.08,105859.78,8839291.5,INTRADAY_SQUAREOFF,0.01,72.26,0.000404,3613.18,43.44,4.24,39.2,39.2,7226.35,7265.55
260,BTC/INR,1h,LONG,2025-07-02 16:30:00+05:30,2025-07-03 00:30:00+05:30,107897.79,9009465.39,105739.83,114371.66,109529.04,9145674.52,INTRADAY_SQUAREOFF,0.01,72.66,0.000403,3632.78,54.92,4.32,50.6,50.6,7265.55,7316.16
261,BTC/INR,1h,LONG,2025-07-03 11:30:00+05:30,2025-07-04 00:30:00+05:30,109453.58,9139374.12,107264.51,116020.8,109632.73,9154333.32,INTRADAY_SQUAREOFF,0.01,73.16,0.0004,3658.08,5.99,4.32,1.67,1.67,7316.16,7317.82
262,BTC/INR,1h,SHORT,2025-07-05 00:30:00+05:30,2025-07-06 00:30:00+05:30,107463.78,8973225.65,109613.06,101015.95,108089.38,9025463.64,INTRADAY_SQUAREOFF,0.01,73.18,0.000408,3658.91,-21.3,4.33,-25.63,-25.63,7317.82,7292.19
263,BTC/INR,1h,SHORT,2025-07-06 15:30:00+05:30,2025-07-07 00:30:00+05:30,107836.65,9004360.15,109993.38,101366.45,108575.85,9066083.2,INTRADAY_SQUAREOFF,0.01,72.92,0.000405,3646.1,-24.99,4.32,-29.31,-29.31,7292.19,7262.88
264,BTC/INR,1h,LONG,2025-07-07 08:30:00+05:30,2025-07-08 00:30:00+05:30,109558.74,9148155.14,107367.57,116132.27,107952.79,9014057.6,INTRADAY_SQUAREOFF,0.01,72.63,0.000397,3631.44,-53.23,4.25,-57.48,-57.48,7262.88,7205.4
265,BTC/INR,1h,SHORT,2025-07-08 07:30:00+05:30,2025-07-09 00:30:00+05:30,107688.99,8992030.49,109842.77,101227.65,109214.42,9119404.38,INTRADAY_SQUAREOFF,0.01,72.05,0.000401,3602.7,-51.03,4.28,-55.31,-55.31,7205.4,7150.08
266,BTC/INR,1h,LONG,2025-07-09 12:30:00+05:30,2025-07-10 00:30:00+05:30,108934.32,9096015.95,106755.64,115470.38,109508.88,9143991.67,INTRADAY_SQUAREOFF,0.01,71.5,0.000393,3575.04,18.86,4.23,14.63,14.63,7150.08,7164.71
267,BTC/INR,1h,LONG,2025-07-10 07:30:00+05:30,2025-07-11 00:30:00+05:30,111433.71,9304714.99,109205.04,118119.74,113434.96,9471818.93,INTRADAY_SQUAREOFF,0.01,71.65,0.000385,3582.35,64.34,4.27,60.07,60.07,7164.71,7224.78
268,BTC/INR,1h,LONG,2025-07-11 03:30:00+05:30,2025-07-12 00:30:00+05:30,116653.76,9740588.85,114320.68,123652.98,117659.88,9824600.22,INTRADAY_SQUAREOFF,0.01,72.25,0.000371,3612.39,31.16,4.28,26.88,26.88,7224.78,7251.66
269,BTC/INR,1h,LONG,2025-07-12 07:30:00+05:30,2025-07-13 00:30:00+05:30,117774.08,9834136.03,115418.6,124840.53,117453.71,9807385.0,INTRADAY_SQUAREOFF,0.01,72.52,0.000369,3625.83,-9.86,4.27,-14.14,-14.14,7251.66,7237.52
270,BTC/INR,1h,LONG,2025-07-14 00:30:00+05:30,2025-07-15 00:30:00+05:30,119120.35,9946549.29,116737.94,126267.57,119595.64,9986236.02,INTRADAY_SQUAREOFF,0.01,72.38,0.000364,3618.76,14.44,4.28,10.16,10.16,7237.52,7247.68
271,BTC/INR,1h,SHORT,2025-07-15 20:30:00+05:30,2025-07-16 00:30:00+05:30,115707.8,9661601.69,118021.96,108765.34,116805.37,9753248.69,INTRADAY_SQUAREOFF,0.01,72.48,0.000375,3623.84,-34.37,4.3,-38.67,-38.67,7247.68,7209.01
272,BTC/INR,1h,LONG,2025-07-17 02:30:00+05:30,2025-07-17 17:30:00+05:30,120006.0,10020500.7,117605.88,127206.36,117547.07,9815180.64,STOP_LOSS,0.01,72.09,0.00036,3604.5,-73.86,4.21,-78.07,-78.07,7209.01,7130.94
273,BTC/INR,1h,LONG,2025-07-17 19:30:00+05:30,2025-07-18 00:30:00+05:30,118478.23,9892931.8,116108.66,125586.92,119603.51,9986893.26,INTRADAY_SQUAREOFF,0.01,71.31,0.00036,3565.47,33.86,4.23,29.64,29.64,7130.94,7160.58
274,BTC/INR,1h,LONG,2025-07-18 10:30:00+05:30,2025-07-18 19:30:00+05:30,120613.47,10071224.9,118201.2,127850.28,118142.1,9864865.51,STOP_LOSS,0.01,71.61,0.000355,3580.29,-73.36,4.18,-77.54,-77.54,7160.58,7083.04
275,BTC/INR,1h,SHORT,2025-07-19 19:30:00+05:30,2025-07-20 00:30:00+05:30,118087.04,9860268.18,120448.79,111001.82,117972.14,9850673.38,INTRADAY_SQUAREOFF,0.01,70.83,0.000359,3541.52,3.45,4.18,-0.73,-0.73,7083.04,7082.31
276,BTC/INR,1h,SHORT,2025-07-20 15:30:00+05:30,2025-07-21 00:30:00+05:30,117960.54,9849705.5,120319.76,110882.91,118453.78,9890890.9,INTRADAY_SQUAREOFF,0.01,70.82,0.00036,3541.15,-14.81,4.19,-18.99,-18.99,7082.31,7063.31
277,BTC/INR,1h,LONG,2025-07-21 19:30:00+05:30,2025-07-22 00:30:00+05:30,119167.37,9950475.75,116784.03,126317.42,116725.63,9746590.5,STOP_LOSS,0.01,70.63,0.000355,3531.66,-72.36,4.12,-76.49,-76.49,7063.31,6986.83
278,BTC/INR,1h,SHORT,2025-07-22 06:30:00+05:30,2025-07-22 17:30:00+05:30,117050.27,9773697.85,119391.28,110027.26,119450.97,9974156.4,STOP_LOSS,0.01,69.87,0.000357,3493.41,-71.65,4.16,-75.81,-75.81,6986.83,6911.01
279,BTC/INR,1h,LONG,2025-07-23 17:30:00+05:30,2025-07-24 00:30:00+05:30,118742.49,9914997.92,116367.64,125867.04,118350.85,9882295.95,INTRADAY_SQUAREOFF,0.01,69.11,0.000349,3455.51,-11.4,4.07,-15.47,-15.47,6911.01,6895.54
280,BTC/INR,1h,SHORT,2025-07-25 18:30:00+05:30,2025-07-26 00:30:00+05:30,115943.19,9681256.11,118262.05,108986.6,116531.35,9730368.04,INTRADAY_SQUAREOFF,0.01,68.96,0.000356,3447.77,-17.49,4.08,-21.57,-21.57,6895.54,6873.97
281,BTC/INR,1h,LONG,2025-07-27 01:30:00+05:30,2025-07-28 00:30:00+05:30,118384.15,9885076.26,116016.46,125487.2,118984.03,9935166.1,INTRADAY_SQUAREOFF,0.01,68.74,0.000348,3436.99,17.42,4.07,13.35,13.35,6873.97,6887.32
282,BTC/INR,1h,LONG,2025-07-28 03:30:00+05:30,2025-07-29 00:30:00+05:30,119359.82,9966545.13,116972.63,126521.41,117704.71,9828343.45,INTRADAY_SQUAREOFF,0.01,68.87,0.000346,3443.66,-47.75,4.04,-51.79,-51.79,6887.32,6835.54
283,BTC/INR,1h,SHORT,2025-07-29 04:30:00+05:30,2025-07-30 00:30:00+05:30,117732.11,9830631.38,120086.75,110668.19,117634.72,9822498.92,INTRADAY_SQUAREOFF,0.01,68.36,0.000348,3417.77,2.83,4.03,-1.2,-1.2,6835.54,6834.33
284,BTC/INR,1h,SHORT,2025-07-30 17:30:00+05:30,2025-07-31 00:30:00+05:30,117415.41,9804186.85,119763.72,110370.49,116463.83,9724729.62,INTRADAY_SQUAREOFF,0.01,68.34,0.000349,3417.17,27.69,4.02,23.68,23.68,6834.33,6858.01
285,BTC/INR,1h,SHORT,2025-08-01 12:30:00+05:30,2025-08-02 00:30:00+05:30,115004.03,9602836.65,117304.11,108103.79,113891.43,9509933.99,INTRADAY_SQUAREOFF,0.01,68.58,0.000357,3429.01,33.17,4.03,29.15,29.15,6858.01,6887.16
286,BTC/INR,1h,SHORT,2025-08-02 23:30:00+05:30,2025-08-03 01:30:00+05:30,112517.58,9395217.95,114767.93,105766.53,112272.26,9374734.07,INTRADAY_SQUAREOFF,0.01,68.87,0.000367,3443.58,7.51,4.06,3.45,3.45,6887.16,6890.61
287,BTC/INR,1h,LONG,2025-08-04 06:30:00+05:30,2025-08-05 00:30:00+05:30,114985.94,9601326.06,112686.22,121885.1,114885.11,9592906.42,INTRADAY_SQUAREOFF,0.01,68.91,0.000359,3445.3,-3.02,4.06,-7.08,-7.08,6890.61,6883.52
288,BTC/INR,1h,LONG,2025-08-05 03:30:00+05:30,2025-08-05 19:30:00+05:30,115320.67,9629275.99,113014.26,122239.91,112957.75,9431972.13,STOP_LOSS,0.01,68.84,0.000357,3441.76,-70.52,4.02,-74.54,-74.54,6883.52,6808.98
289,BTC/INR,1h,SHORT,2025-08-06 06:30:00+05:30,2025-08-07 00:30:00+05:30,113719.1,9495544.55,115993.48,106895.95,115508.51,9644960.3,INTRADAY_SQUAREOFF,0.01,68.09,0.000359,3404.49,-53.57,4.05,-57.62,-57.62,6808.98,6751.36
290,BTC/INR,1h,LONG,2025-08-07 19:30:00+05:30,2025-08-08 00:30:00+05:30,116788.07,9751803.68,114452.31,123795.35,116532.17,9730435.84,INTRADAY_SQUAREOFF,0.01,67.51,0.000346,3375.68,-7.4,3.98,-11.38,-11.38,6751.36,6739.99
291,BTC/INR,1h,LONG,2025-08-08 04:30:00+05:30,2025-08-09 00:30:00+05:30,117711.24,9828888.56,115357.02,124773.91,116449.5,9723532.93,INTRADAY_SQUAREOFF,0.01,67.4,0.000343,3369.99,-36.12,3.96,-40.08,-40.08,6739.99,6699.91
292,BTC/INR,1h,LONG,2025-08-09 02:30:00+05:30,2025-08-10 00:30:00+05:30,116950.91,9765401.4,114611.9,123967.97,116599.83,9736086.22,INTRADAY_SQUAREOFF,0.01,67.0,0.000343,3349.95,-10.06,3.95,-14.0,-14.0,6699.91,6685.9
293,BTC/INR,1h,LONG,2025-08-10 14:30:00+05:30,2025-08-11 00:30:00+05:30,118438.55,9889618.85,116069.78,125544.86,118491.9,9894073.34,INTRADAY_SQUAREOFF,0.01,66.86,0.000338,3342.95,1.51,3.95,-2.44,-2.44,6685.9,6683.46
294,BTC/INR,1h,LONG,2025-08-11 04:30:00+05:30,2025-08-12 00:30:00+05:30,119301.77,9961697.75,116915.73,126459.88,119705.8,9995434.69,INTRADAY_SQUAREOFF,0.01,66.83,0.000335,3341.73,11.32,3.95,7.37,7.37,6683.46,6690.83
295,BTC/INR,1h,SHORT,2025-08-12 09:30:00+05:30,2025-08-13 00:30:00+05:30,118756.82,9916194.34,121131.95,111631.41,119389.8,9969048.12,INTRADAY_SQUAREOFF,0.01,66.91,0.000337,3345.42,-17.83,3.96,-21.79,-21.79,6690.83,6669.04
296,BTC/INR,1h,LONG,2025-08-13 05:30:00+05:30,2025-08-14 00:30:00+05:30,120284.41,10043748.15,117878.72,127501.47,121532.53,10147966.38,INTRADAY_SQUAREOFF,0.01,66.69,0.000332,3334.52,34.6,3.96,30.65,30.65,6669.04,6699.69
297,BTC/INR,1h,SHORT,2025-08-15 15:30:00+05:30,2025-08-16 00:30:00+05:30,118647.82,9907092.83,121020.77,111528.95,117228.26,9788560.09,INTRADAY_SQUAREOFF,0.01,67.0,0.000338,3349.84,40.08,3.93,36.15,36.15,6699.69,6735.84
298,BTC/INR,1h,SHORT,2025-08-16 08:30:00+05:30,2025-08-17 00:30:00+05:30,117509.36,9812031.27,119859.54,110458.8,117821.9,9838128.41,INTRADAY_SQUAREOFF,0.01,67.36,0.000343,3367.92,-8.96,3.98,-12.94,-12.94,6735.84,6722.9
299,BTC/INR,1h,SHORT,2025-08-17 03:30:00+05:30,2025-08-18 00:30:00+05:30,117485.69,9810055.01,119835.4,110436.55,117667.22,9825212.73,INTRADAY_SQUAREOFF,0.01,67.23,0.000343,3361.45,-5.19,3.97,-9.16,-9.16,6722.9,6713.74
300,BTC/INR,1h,SHORT,2025-08-19 19:30:00+05:30,2025-08-20 00:30:00+05:30,114933.81,9596973.05,117232.49,108037.78,113104.4,9444217.31,INTRADAY_SQUAREOFF,0.01,67.14,0.00035,3356.87,53.43,3.93,49.5,49.5,6713.74,6763.24
301,BTC/INR,1h,SHORT,2025-08-20 05:30:00+05:30,2025-08-21 00:30:00+05:30,112701.68,9410590.57,114955.72,105939.58,113547.4,9481208.03,INTRADAY_SQUAREOFF,0.01,67.63,0.000359,3381.62,-25.38,4.01,-29.38,-29.38,6763.24,6733.86
302,BTC/INR,1h,SHORT,2025-08-22 01:30:00+05:30,2025-08-22 19:30:00+05:30,111942.24,9347177.3,114181.09,105225.71,114238.18,9538887.9,STOP_LOSS,0.01,67.34,0.00036,3366.93,-69.06,4.01,-73.07,-73.07,6733.86,6660.79
303,BTC/INR,1h,LONG,2025-08-22 23:30:00+05:30,2025-08-23 01:30:00+05:30,117049.78,9773657.02,114708.79,124072.77,116567.78,9733409.69,INTRADAY_SQUAREOFF,0.01,66.61,0.000341,3330.39,-13.71,3.92,-17.64,-17.64,6660.79,6643.15
304,BTC/INR,1h,SHORT,2025-08-24 08:30:00+05:30,2025-08-25 00:30:00+05:30,114952.94,9598570.5,117252.0,108055.76,114657.72,9573919.79,INTRADAY_SQUAREOFF,0.01,66.43,0.000346,3321.58,8.53,3.91,4.62,4.62,6643.15,6647.77
305,BTC/INR,1h,SHORT,2025-08-25 11:30:00+05:30,2025-08-26 00:30:00+05:30,112286.94,9375959.31,114532.68,105549.72,112454.03,9389911.91,INTRADAY_SQUAREOFF,0.01,66.48,0.000355,3323.88,-4.95,3.93,-8.87,-8.87,6647.77,6638.9
306,BTC/INR,1h,SHORT,2025-08-26 06:30:00+05:30,2025-08-27 00:30:00+05:30,108973.07,9099251.52,111152.53,102434.69,111208.11,9285877.17,STOP_LOSS,0.01,66.39,0.000365,3319.45,-68.08,3.96,-72.04,-72.04,6638.9,6566.86
307,BTC/INR,1h,LONG,2025-08-27 17:30:00+05:30,2025-08-28 00:30:00+05:30,111424.68,9303960.5,109196.18,118110.16,111934.52,9346532.45,INTRADAY_SQUAREOFF,0.01,65.67,0.000353,3283.43,15.02,3.88,11.14,11.14,6566.86,6578.0
308,BTC/INR,1h,LONG,2025-08-28 07:30:00+05:30,2025-08-29 00:30:00+05:30,111729.6,9329421.81,109495.01,118433.38,112332.38,9379754.05,INTRADAY_SQUAREOFF,0.01,65.78,0.000353,3289.0,17.74,3.89,13.85,13.85,6578.0,6591.85
309,BTC/INR,1h,LONG,2025-08-29 04:30:00+05:30,2025-08-29 12:30:00+05:30,112505.86,9394239.11,110255.74,119256.21,110200.61,9201751.15,STOP_LOSS,0.01,65.92,0.000351,3295.93,-67.53,3.85,-71.38,-71.38,6591.85,6520.47
310,BTC/INR,1h,SHORT,2025-08-29 19:30:00+05:30,2025-08-30 00:30:00+05:30,108978.6,9099713.15,111158.17,102439.88,108210.84,9035605.47,INTRADAY_SQUAREOFF,0.01,65.2,0.000358,3260.23,22.97,3.83,19.13,19.13,6520.47,6539.6
311,BTC/INR,1h,SHORT,2025-08-30 07:30:00+05:30,2025-08-31 00:30:00+05:30,107428.23,8970257.02,109576.79,100982.53,108797.48,9084589.66,INTRADAY_SQUAREOFF,0.01,65.4,0.000365,3269.8,-41.68,3.88,-45.56,-45.56,6539.6,6494.04
312,BTC/INR,1h,SHORT,2025-08-31 02:30:00+05:30,2025-09-01 00:30:00+05:30,108569.2,9065528.52,110740.59,102055.05,109204.74,9118595.72,INTRADAY_SQUAREOFF,0.01,64.94,0.000358,3247.02,-19.01,3.84,-22.85,-22.85,6494.04,6471.19
313,BTC/INR,1h,SHORT,2025-09-01 04:30:00+05:30,2025-09-02 00:30:00+05:30,108720.99,9078202.44,110895.41,102197.73,109287.31,9125490.52,INTRADAY_SQUAREOFF,0.01,64.71,0.000356,3235.6,-16.85,3.83,-20.68,-20.68,6471.19,6450.51
314,BTC/INR,1h,LONG,2025-09-02 19:30:00+05:30,2025-09-03 00:30:00+05:30,111314.82,9294787.88,109088.53,117993.71,110611.62,9236070.24,INTRADAY_SQUAREOFF,0.01,64.51,0.000347,3225.26,-20.37,3.79,-24.17,-24.17,6450.51,6426.34
315,BTC/INR,1h,LONG,2025-09-03 08:30:00+05:30,2025-09-04 00:30:00+05:30,111510.68,9311141.83,109280.47,118201.32,111972.93,9349739.73,INTRADAY_SQUAREOFF,0.01,64.26,0.000345,3213.17,13.32,3.8,9.52,9.52,6426.34,6435.86
316,BTC/INR,1h,LONG,2025-09-04 06:30:00+05:30,2025-09-04 19:30:00+05:30,112249.68,9372848.51,110004.69,118984.66,109949.69,9180798.84,STOP_LOSS,0.01,64.36,0.000343,3217.93,-65.94,3.76,-69.69,-69.69,6435.86,6366.17
317,BTC/INR,1h,LONG,2025-09-05 07:30:00+05:30,2025-09-06 00:30:00+05:30,111161.99,9282026.23,108938.75,117831.71,111152.29,9281215.94,INTRADAY_SQUAREOFF,0.01,63.66,0.000343,3183.09,-0.28,3.76,-4.03,-4.03,6366.17,6362.14
318,BTC/INR,1h,SHORT,2025-09-06 03:30:00+05:30,2025-09-07 00:30:00+05:30,110553.32,9231202.28,112764.39,103920.12,110300.61,9210101.35,INTRADAY_SQUAREOFF,0.01,63.62,0.000345,3181.07,7.27,3.75,3.52,3.52,6362.14,6365.66
319,BTC/INR,1h,SHORT,2025-09-07 12:30:00+05:30,2025-09-08 00:30:00+05:30,110455.62,9223044.23,112664.73,103828.28,111099.53,9276810.74,INTRADAY_SQUAREOFF,0.01,63.66,0.000345,3182.83,-18.55,3.77,-22.32,-22.32,6365.66,6343.34
320,BTC/INR,1h,LONG,2025-09-08 20:30:00+05:30,2025-09-09 00:30:00+05:30,112780.98,9417211.79,110525.36,119547.84,112413.38,9386517.43,INTRADAY_SQUAREOFF,0.01,63.43,0.000337,3171.67,-10.34,3.74,-14.07,-14.07,6343.34,6329.26
321,BTC/INR,1h,LONG,2025-09-09 03:30:00+05:30,2025-09-10 00:30:00+05:30,112377.02,9383481.15,110129.48,119119.64,111111.65,9277822.84,INTRADAY_SQUAREOFF,0.01,63.29,0.000337,3164.63,-35.63,3.71,-39.35,-39.35,6329.26,6289.92
322,BTC/INR,1h,SHORT,2025-09-10 06:30:00+05:30,2025-09-10 17:30:00+05:30,110935.25,9263093.11,113153.95,104279.13,113210.53,9453079.15,STOP_LOSS,0.01,62.9,0.00034,3144.96,-64.5,3.75,-68.25,-68.25,6289.92,6221.66
323,BTC/INR,1h,LONG,2025-09-11 03:30:00+05:30,2025-09-12 00:30:00+05:30,113902.17,9510831.41,111624.13,120736.3,114266.5,9541252.94,INTRADAY_SQUAREOFF,0.01,62.22,0.000327,3110.83,9.95,3.68,6.27,6.27,6221.66,6227.94
324,BTC/INR,1h,LONG,2025-09-12 03:30:00+05:30,2025-09-13 00:30:00+05:30,114595.62,9568734.33,112303.71,121471.36,116460.11,9724419.02,INTRADAY_SQUAREOFF,0.01,62.28,0.000325,3113.97,50.66,3.7,46.96,46.96,6227.94,6274.9
325,BTC/INR,1h,LONG,2025-09-13 06:30:00+05:30,2025-09-14 00:30:00+05:30,116382.87,9717969.92,114055.22,123365.85,115620.94,9654348.65,INTRADAY_SQUAREOFF,0.01,62.75,0.000323,3137.45,-20.54,3.69,-24.23,-24.23,6274.9,6250.67
326,BTC/INR,1h,SHORT,2025-09-15 00:30:00+05:30,2025-09-16 00:30:00+05:30,115366.93,9633138.51,117674.27,108444.91,115370.72,9633455.04,INTRADAY_SQUAREOFF,0.01,62.51,0.000324,3125.33,-0.1,3.69,-3.79,-3.79,6250.67,6246.88
327,BTC/INR,1h,SHORT,2025-09-16 06:30:00+05:30,2025-09-17 00:30:00+05:30,114955.79,9598808.48,117254.91,108058.44,116511.09,9728675.66,INTRADAY_SQUAREOFF,0.01,62.47,0.000325,3123.44,-42.26,3.71,-45.97,-45.97,6246.88,6200.91
328,BTC/INR,1h,LONG,2025-09-17 11:30:00+05:30,2025-09-17 23:30:00+05:30,117264.5,9791585.87,114919.21,124300.37,114861.75,9590956.27,STOP_LOSS,0.01,62.01,0.000317,3100.45,-63.53,3.62,-67.15,-67.15,6200.91,6133.76
329,BTC/INR,1h,LONG,2025-09-18 15:30:00+05:30,2025-09-19 00:30:00+05:30,117409.82,9803720.3,115061.63,124454.41,117799.34,9836244.6,INTRADAY_SQUAREOFF,0.01,61.34,0.000313,3066.88,10.17,3.62,6.55,6.55,6133.76,6140.31
330,BTC/INR,1h,LONG,2025-09-19 06:30:00+05:30,2025-09-20 00:30:00+05:30,117502.04,9811420.5,115152.0,124552.16,115400.18,9635914.8,INTRADAY_SQUAREOFF,0.01,61.4,0.000313,3070.15,-54.92,3.59,-58.51,-58.51,6140.31,6081.8
331,BTC/INR,1h,SHORT,2025-09-20 09:30:00+05:30,2025-09-21 00:30:00+05:30,115435.15,9638835.19,117743.86,108509.04,115841.37,9672754.25,INTRADAY_SQUAREOFF,0.01,60.82,0.000315,3040.9,-10.7,3.59,-14.3,-14.3,6081.8,6067.5
332,BTC/INR,1h,SHORT,2025-09-21 14:30:00+05:30,2025-09-22 00:30:00+05:30,115585.98,9651429.56,117897.7,108650.82,115644.49,9656314.8,INTRADAY_SQUAREOFF,0.01,60.68,0.000314,3033.75,-1.54,3.58,-5.12,-5.12,6067.5,6062.39
333,BTC/INR,1h,SHORT,2025-09-22 05:30:00+05:30,2025-09-23 00:30:00+05:30,115210.23,9620054.48,117514.44,108297.62,112583.77,9400744.93,INTRADAY_SQUAREOFF,0.01,60.62,0.000315,3031.19,69.1,3.54,65.57,65.57,6062.39,6127.95
334,BTC/INR,1h,SHORT,2025-09-23 06:30:00+05:30,2025-09-24 00:30:00+05:30,112444.72,9389133.98,114693.61,105698.04,111856.33,9340003.55,INTRADAY_SQUAREOFF,0.01,61.28,0.000326,3063.98,16.03,3.61,12.43,12.43,6127.95,6140.38
335,BTC/INR,1h,SHORT,2025-09-24 09:30:00+05:30,2025-09-24 22:30:00+05:30,111699.22,9326885.2,113933.21,104997.27,113990.18,9518179.62,STOP_LOSS,0.01,61.4,0.000329,3070.19,-62.97,3.66,-66.63,-66.63,6140.38,6073.75
336,BTC/INR,1h,SHORT,2025-09-25 17:30:00+05:30,2025-09-26 00:30:00+05:30,111322.59,9295436.44,113549.04,104643.24,109966.56,9182207.54,INTRADAY_SQUAREOFF,0.01,60.74,0.000327,3036.88,36.99,3.56,33.43,33.43,6073.75,6107.18
337,BTC/INR,1h,SHORT,2025-09-26 05:30:00+05:30,2025-09-27 00:30:00+05:30,108893.63,9092617.9,111071.5,102360.01,109852.43,9172677.91,INTRADAY_SQUAREOFF,0.01,61.07,0.000336,3053.59,-26.89,3.62,-30.51,-30.51,6107.18,6076.68
338,BTC/INR,1h,SHORT,2025-09-27 07:30:00+05:30,2025-09-28 00:30:00+05:30,109363.99,9131892.83,111551.27,102802.15,109517.61,9144720.79,INTRADAY_SQUAREOFF,0.01,60.77,0.000333,3038.34,-4.27,3.59,-7.86,-7.86,6076.68,6068.82
339,BTC/INR,1h,SHORT,2025-09-28 07:30:00+05:30,2025-09-29 00:30:00+05:30,109354.05,9131062.81,111541.13,102792.8,110357.05,9214813.62,INTRADAY_SQUAREOFF,0.01,60.69,0.000332,3034.41,-27.83,3.6,-31.43,-31.43,6068.82,6037.39
340,BTC/INR,1h,LONG,2025-09-29 04:30:00+05:30,2025-09-30 00:30:00+05:30,112069.06,9357766.61,109827.68,118793.2,114031.0,9521588.09,INTRADAY_SQUAREOFF,0.01,60.37,0.000323,3018.7,52.85,3.59,49.25,49.25,6037.39,6086.64
341,BTC/INR,1h,LONG,2025-09-30 05:30:00+05:30,2025-10-01 00:30:00+05:30,114462.38,9557608.92,112173.13,121330.13,113664.12,9490953.69,INTRADAY_SQUAREOFF,0.01,60.87,0.000318,3043.32,-21.22,3.58,-24.8,-24.8,6086.64,6061.84
342,BTC/INR,1h,LONG,2025-10-01 07:30:00+05:30,2025-10-02 00:30:00+05:30,114583.63,9567733.14,112291.96,121458.65,117221.13,9787964.0,INTRADAY_SQUAREOFF,0.01,60.62,0.000317,3030.92,69.77,3.62,66.15,66.15,6061.84,6127.99
343,BTC/INR,1h,LONG,2025-10-02 05:30:00+05:30,2025-10-03 00:30:00+05:30,118711.71,9912427.7,116337.47,125834.41,120514.1,10062926.98,INTRADAY_SQUAREOFF,0.01,61.28,0.000309,3064.0,46.52,3.64,42.88,42.88,6127.99,6170.87
344,BTC/INR,1h,LONG,2025-10-03 15:30:00+05:30,2025-10-04 00:30:00+05:30,120471.58,10059376.99,118062.15,127699.88,122537.11,10231848.44,INTRADAY_SQUAREOFF,0.01,61.71,0.000307,3085.43,52.9,3.67,49.23,49.23,6170.87,6220.1
345,BTC/INR,1h,LONG,2025-10-04 09:30:00+05:30,2025-10-05 00:30:00+05:30,122405.77,10220881.46,119957.65,129750.11,121593.48,10153055.37,INTRADAY_SQUAREOFF,0.01,62.2,0.000304,3110.05,-20.64,3.66,-24.3,-24.3,6220.1,6195.8
346,BTC/INR,1h,LONG,2025-10-05 05:30:00+05:30,2025-10-06 00:30:00+05:30,122504.94,10229162.54,120054.84,129855.24,122976.84,10268566.16,INTRADAY_SQUAREOFF,0.01,61.96,0.000303,3097.9,11.93,3.66,8.27,8.27,6195.8,6204.07
347,BTC/INR,1h,LONG,2025-10-06 22:30:00+05:30,2025-10-07 00:30:00+05:30,125553.1,10483683.58,123042.03,133086.28,126006.19,10521517.03,INTRADAY_SQUAREOFF,0.01,62.04,0.000296,3102.04,11.19,3.67,7.53,7.53,6204.07,6211.6
348,BTC/INR,1h,LONG,2025-10-07 10:30:00+05:30,2025-10-07 20:30:00+05:30,124696.02,10412117.67,122202.1,132177.78,122141.0,10198773.38,STOP_LOSS,0.01,62.12,0.000298,3105.8,-63.64,3.63,-67.27,-67.27,6211.6,6144.33
349,BTC/INR,1h,SHORT,2025-10-08 05:30:00+05:30,2025-10-08 22:30:00+05:30,121348.18,10132572.89,123775.14,114067.29,123837.03,10340391.96,STOP_LOSS,0.01,61.44,0.000303,3072.17,-63.01,3.66,-66.67,-66.67,6144.33,6077.66
350,BTC/INR,1h,SHORT,2025-10-10 08:30:00+05:30,2025-10-11 00:30:00+05:30,120985.09,10102254.73,123404.79,113725.98,117323.87,9796542.89,INTRADAY_SQUAREOFF,0.01,60.78,0.000301,3038.83,91.96,3.53,88.43,88.43,6077.66,6166.09
351,BTC/INR,1h,SHORT,2025-10-11 07:30:00+05:30,2025-10-12 00:30:00+05:30,111170.93,9282772.96,113394.35,104500.68,112135.82,9363341.07,INTRADAY_SQUAREOFF,0.01,61.66,0.000332,3083.04,-26.76,3.65,-30.41,-30.41,6166.09,6135.68
352,BTC/INR,1h,SHORT,2025-10-12 06:30:00+05:30,2025-10-12 09:30:00+05:30,109687.11,9158873.97,111880.86,103105.89,111936.8,9346722.47,STOP_LOSS,0.01,61.36,0.000335,3067.84,-62.92,3.66,-66.58,-66.58,6135.68,6069.1
353,BTC/INR,1h,SHORT,2025-10-12 13:30:00+05:30,2025-10-12 21:30:00+05:30,111557.73,9315070.65,113788.89,104864.27,113845.78,9506122.75,STOP_LOSS,0.01,60.69,0.000326,3034.55,-62.24,3.62,-65.86,-65.86,6069.1,6003.24
354,BTC/INR,1h,LONG,2025-10-13 02:30:00+05:30,2025-10-14 00:30:00+05:30,115380.28,9634253.25,113072.67,122303.1,115172.38,9616894.15,INTRADAY_SQUAREOFF,0.01,60.03,0.000312,3001.62,-5.41,3.54,-8.95,-8.95,6003.24,5994.3
355,BTC/INR,1h,SHORT,2025-10-14 15:30:00+05:30,2025-10-14 23:30:00+05:30,111152.01,9281192.47,113375.05,104482.89,113431.73,9471549.72,STOP_LOSS,0.01,59.94,0.000323,2997.15,-61.47,3.57,-65.04,-65.04,5994.3,5929.25
356,BTC/INR,1h,SHORT,2025-10-16 03:30:00+05:30,2025-10-17 00:30:00+05:30,110599.77,9235080.48,112811.76,103963.78,108676.21,9074463.48,INTRADAY_SQUAREOFF,0.01,59.29,0.000321,2964.63,51.56,3.47,48.09,48.09,5929.25,5977.34
357,BTC/INR,1h,SHORT,2025-10-17 10:30:00+05:30,2025-10-18 00:30:00+05:30,108748.05,9080462.33,110923.01,102223.17,106757.01,8914210.17,INTRADAY_SQUAREOFF,0.01,59.77,0.000329,2988.67,54.72,3.49,51.22,51.22,5977.34,6028.57
358,BTC/INR,1h,LONG,2025-10-19 01:30:00+05:30,2025-10-20 00:30:00+05:30,107156.41,8947560.3,105013.28,113585.8,109385.84,9133717.83,INTRADAY_SQUAREOFF,0.01,60.29,0.000337,3014.28,62.71,3.59,59.12,59.12,6028.57,6087.69
359,BTC/INR,1h,LONG,2025-10-20 08:30:00+05:30,2025-10-21 00:30:00+05:30,109006.9,9102075.99,106826.76,115547.31,110915.66,9261457.2,INTRADAY_SQUAREOFF,0.01,60.88,0.000334,3043.84,53.3,3.62,49.68,49.68,6087.69,6137.36
360,BTC/INR,1h,SHORT,2025-10-21 19:30:00+05:30,2025-10-21 21:30:00+05:30,108238.37,9037903.84,110403.14,101744.07,110458.34,9223271.25,STOP_LOSS,0.01,61.37,0.00034,3068.68,-62.94,3.66,-66.6,-66.6,6137.36,6070.77
361,BTC/INR,1h,SHORT,2025-10-22 12:30:00+05:30,2025-10-23 00:30:00+05:30,107982.62,9016548.96,110142.27,101503.66,108058.92,9022919.53,INTRADAY_SQUAREOFF,0.01,60.71,0.000337,3035.38,-2.14,3.58,-5.73,-5.73,6070.77,6065.04
362,BTC/INR,1h,LONG,2025-10-23 19:30:00+05:30,2025-10-24 00:30:00+05:30,109639.83,9154925.94,107447.03,116218.22,110536.61,9229806.96,INTRADAY_SQUAREOFF,0.01,60.65,0.000331,3032.52,24.8,3.59,21.21,21.21,6065.04,6086.25
363,BTC/INR,1h,LONG,2025-10-24 10:30:00+05:30,2025-10-25 00:30:00+05:30,111437.78,9305054.38,109209.02,118124.04,110570.14,9232606.72,INTRADAY_SQUAREOFF,0.01,60.86,0.000327,3043.13,-23.69,3.58,-27.27,-27.27,6086.25,6058.98
364,BTC/INR,1h,LONG,2025-10-25 11:30:00+05:30,2025-10-26 00:30:00+05:30,111546.21,9314108.22,109315.28,118238.98,111670.93,9324522.29,INTRADAY_SQUAREOFF,0.01,60.59,0.000325,3029.49,3.39,3.58,-0.19,-0.19,6058.98,6058.79
365,BTC/INR,1h,LONG,2025-10-26 04:30:00+05:30,2025-10-27 00:30:00+05:30,111747.54,9330919.69,109512.59,118452.39,113551.38,9481540.51,INTRADAY_SQUAREOFF,0.01,60.59,0.000325,3029.4,48.9,3.6,45.3,45.3,6058.79,6104.09
366,BTC/INR,1h,LONG,2025-10-27 04:30:00+05:30,2025-10-28 00:30:00+05:30,115074.99,9608761.27,112773.49,121979.48,115267.59,9624843.55,INTRADAY_SQUAREOFF,0.01,61.04,0.000318,3052.04,5.11,3.6,1.5,1.5,6104.09,6105.59
367,BTC/INR,1h,SHORT,2025-10-28 17:30:00+05:30,2025-10-29 00:30:00+05:30,114254.81,9540276.87,116539.91,107399.52,115035.04,9605425.48,INTRADAY_SQUAREOFF,0.01,61.06,0.00032,3052.8,-20.85,3.61,-24.46,-24.46,6105.59,6081.13
368,BTC/INR,1h,SHORT,2025-10-29 06:30:00+05:30,2025-10-30 00:30:00+05:30,112461.83,9390563.2,114711.07,105714.12,110875.31,9258088.25,INTRADAY_SQUAREOFF,0.01,60.81,0.000324,3040.57,42.89,3.56,39.33,39.33,6081.13,6120.46
369,BTC/INR,1h,SHORT,2025-10-30 05:30:00+05:30,2025-10-31 00:30:00+05:30,109845.17,9172072.11,112042.08,103254.46,106875.52,8924105.96,INTRADAY_SQUAREOFF,0.01,61.2,0.000334,3060.23,82.73,3.56,79.17,79.17,6120.46,6199.63
370,BTC/INR,1h,LONG,2025-10-31 14:30:00+05:30,2025-11-01 00:30:00+05:30,110107.68,9193991.5,107905.53,116714.14,109338.98,9129804.42,INTRADAY_SQUAREOFF,0.01,62.0,0.000337,3099.82,-21.64,3.65,-25.29,-25.29,6199.63,6174.35
371,BTC/INR,1h,LONG,2025-11-01 14:30:00+05:30,2025-11-02 00:30:00+05:30,110240.04,9205043.16,108035.24,116854.44,110345.79,9213873.61,INTRADAY_SQUAREOFF,0.01,61.74,0.000335,3087.17,2.96,3.64,-0.68,-0.68,6174.35,6173.66
372,BTC/INR,1h,LONG,2025-11-02 13:30:00+05:30,2025-11-03 00:30:00+05:30,111036.04,9271509.75,108815.32,117698.21,110260.58,9206758.14,INTRADAY_SQUAREOFF,0.01,61.74,0.000333,3086.83,-21.56,3.63,-25.19,-25.19,6173.66,6148.48
373,BTC/INR,1h,SHORT,2025-11-03 15:30:00+05:30,2025-11-04 00:30:00+05:30,107044.43,8938209.7,109185.32,100621.76,106956.4,8930859.13,INTRADAY_SQUAREOFF,0.01,61.48,0.000344,3074.24,2.53,3.63,-1.1,-1.1,6148.48,6147.38
374,BTC/INR,1h,SHORT,2025-11-04 02:30:00+05:30,2025-11-05 00:30:00+05:30,106311.54,8877013.94,108437.78,99932.85,101369.82,8464379.62,INTRADAY_SQUAREOFF,0.01,61.47,0.000346,3073.69,142.88,3.54,139.33,139.33,6147.38,6286.71
375,BTC/INR,1h,SHORT,2025-11-05 06:30:00+05:30,2025-11-05 17:30:00+05:30,100335.46,8378010.54,102342.16,94315.33,102393.34,8549843.54,STOP_LOSS,0.01,62.87,0.000375,3143.36,-64.47,3.75,-68.22,-68.22,6286.71,6218.49
376,BTC/INR,1h,SHORT,2025-11-07 12:30:00+05:30,2025-11-08 00:30:00+05:30,101793.27,8499738.31,103829.14,95685.68,102534.62,8561641.15,INTRADAY_SQUAREOFF,0.01,62.18,0.000366,3109.25,-22.64,3.68,-26.33,-26.33,6218.49,6192.17
377,BTC/INR,1h,LONG,2025-11-08 23:30:00+05:30,2025-11-09 01:30:00+05:30,102014.68,8518226.2,99974.39,108135.57,101904.31,8509010.0,INTRADAY_SQUAREOFF,0.01,61.92,0.000363,3096.08,-3.35,3.65,-7.0,-7.0,6192.17,6185.17
378,BTC/INR,1h,LONG,2025-11-09 17:30:00+05:30,2025-11-10 00:30:00+05:30,102317.42,8543504.75,100271.07,108456.47,104455.57,8722039.79,INTRADAY_SQUAREOFF,0.01,61.85,0.000362,3092.58,64.63,3.69,60.94,60.94,6185.17,6246.1
379,BTC/INR,1h,LONG,2025-11-10 06:30:00+05:30,2025-11-11 00:30:00+05:30,106486.15,8891593.86,104356.43,112875.32,105469.22,8806679.5,INTRADAY_SQUAREOFF,0.01,62.46,0.000351,3123.05,-29.83,3.67,-33.49,-33.49,6246.1,6212.61
380,BTC/INR,1h,LONG,2025-11-11 06:30:00+05:30,2025-11-11 19:30:00+05:30,106206.33,8868228.93,104082.21,112578.71,104030.17,8686518.92,STOP_LOSS,0.01,62.13,0.00035,3106.31,-63.65,3.63,-67.28,-67.28,6212.61,6145.34
381,BTC/INR,1h,SHORT,2025-11-11 21:30:00+05:30,2025-11-12 00:30:00+05:30,103186.76,8616094.76,105250.5,96995.56,103430.6,8636455.39,INTRADAY_SQUAREOFF,0.01,61.45,0.000357,3072.67,-7.26,3.63,-10.89,-10.89,6145.34,6134.44
382,BTC/INR,1h,SHORT,2025-11-12 13:30:00+05:30,2025-11-12 16:30:00+05:30,103034.93,8603416.28,105095.62,96852.83,105148.17,8779872.35,STOP_LOSS,0.01,61.34,0.000357,3067.22,-62.91,3.66,-66.57,-66.57,6134.44,6067.88
383,BTC/INR,1h,SHORT,2025-11-14 02:30:00+05:30,2025-11-14 04:30:00+05:30,97986.64,8181884.31,99946.37,92107.44,99996.34,8349694.76,STOP_LOSS,0.01,60.68,0.000371,3033.94,-62.23,3.62,-65.84,-65.84,6067.88,6002.04
384,BTC/INR,1h,SHORT,2025-11-14 15:30:00+05:30,2025-11-15 00:30:00+05:30,96670.48,8071984.79,98603.89,90870.25,95067.64,7938147.53,INTRADAY_SQUAREOFF,0.01,60.02,0.000372,3001.02,49.76,3.51,46.25,46.25,6002.04,6048.28
385,BTC/INR,1h,SHORT,2025-11-15 02:30:00+05:30,2025-11-15 07:30:00+05:30,94136.86,7860427.91,96019.6,88488.65,96067.61,8021645.28,STOP_LOSS,0.01,60.48,0.000385,3024.14,-62.03,3.61,-65.63,-65.63,6048.28,5982.65
386,BTC/INR,1h,SHORT,2025-11-15 12:30:00+05:30,2025-11-16 00:30:00+05:30,95934.15,8010501.49,97852.83,90178.1,96044.34,8019702.55,INTRADAY_SQUAREOFF,0.01,59.83,0.000373,2991.33,-3.44,3.53,-6.97,-6.97,5982.65,5975.69
387,BTC/INR,1h,SHORT,2025-11-16 12:30:00+05:30,2025-11-17 00:30:00+05:30,95676.11,7988955.57,97589.64,89935.55,94051.87,7853331.11,INTRADAY_SQUAREOFF,0.01,59.76,0.000374,2987.84,50.72,3.5,47.23,47.23,5975.69,6022.91
388,BTC/INR,1h,SHORT,2025-11-17 03:30:00+05:30,2025-11-17 05:30:00+05:30,93336.15,7793568.72,95202.88,87735.98,95250.48,7953414.81,STOP_LOSS,0.01,60.23,0.000386,3011.46,-61.76,3.59,-65.35,-65.35,6022.91,5957.56
389,BTC/INR,1h,SHORT,2025-11-21 17:30:00+05:30,2025-11-21 19:30:00+05:30,82099.57,6855314.12,83741.56,77173.6,83783.43,6995916.61,STOP_LOSS,0.01,59.58,0.000435,2978.78,-61.09,3.55,-64.65,-64.65,5957.56,5892.91
390,BTC/INR,1h,SHORT,2025-11-21 21:30:00+05:30,2025-11-21 23:30:00+05:30,82766.73,6911021.85,84422.06,77800.73,84464.27,7052766.91,STOP_LOSS,0.01,58.93,0.000426,2946.46,-60.43,3.51,-63.94,-63.94,5892.91,5828.97
391,BTC/INR,1h,SHORT,2025-11-22 04:30:00+05:30,2025-11-23 00:30:00+05:30,84224.33,7032731.36,85908.81,79170.87,84646.58,7067989.06,INTRADAY_SQUAREOFF,0.01,58.29,0.000414,2914.48,-14.61,3.45,-18.06,-18.06,5828.97,5810.91
392,BTC/INR,1h,LONG,2025-11-23 14:30:00+05:30,2025-11-24 00:30:00+05:30,86172.22,7195380.44,84448.78,91342.55,86913.17,7257249.7,INTRADAY_SQUAREOFF,0.01,58.11,0.000404,2905.45,24.98,3.44,21.54,21.54,5810.91,5832.45
393,BTC/INR,1h,LONG,2025-11-25 02:30:00+05:30,2025-11-25 12:30:00+05:30,89240.33,7451567.74,87455.53,94594.75,87411.8,7298885.12,STOP_LOSS,0.01,58.32,0.000391,2916.22,-59.75,3.41,-63.16,-63.16,5832.45,5769.29
394,BTC/INR,1h,LONG,2025-11-27 07:30:00+05:30,2025-11-28 00:30:00+05:30,91203.09,7615458.38,89379.03,96675.28,91745.85,7660778.17,INTRADAY_SQUAREOFF,0.01,57.69,0.000379,2884.64,17.17,3.41,13.75,13.75,5769.29,5783.04
395,BTC/INR,1h,LONG,2025-11-28 09:30:00+05:30,2025-11-29 00:30:00+05:30,91307.51,7624177.4,89481.36,96785.96,90796.27,7581488.27,INTRADAY_SQUAREOFF,0.01,57.83,0.000379,2891.52,-16.19,3.4,-19.59,-19.59,5783.04,5763.45
396,BTC/INR,1h,SHORT,2025-12-01 17:30:00+05:30,2025-12-02 00:30:00+05:30,86094.08,7188855.67,87815.96,80928.44,85260.87,7119283.04,INTRADAY_SQUAREOFF,0.01,57.63,0.000401,2881.72,27.89,3.38,24.5,24.5,5763.45,5787.95
397,BTC/INR,1h,SHORT,2025-12-02 05:30:00+05:30,2025-12-02 19:30:00+05:30,86255.67,7202348.52,87980.78,81080.33,88024.77,7350068.69,STOP_LOSS,0.01,57.88,0.000402,2893.98,-59.36,3.45,-62.81,-62.81,5787.95,5725.15
398,BTC/INR,1h,LONG,2025-12-03 04:30:00+05:30,2025-12-04 00:30:00+05:30,92050.71,7686233.91,90209.69,97573.75,92566.13,7729271.96,INTRADAY_SQUAREOFF,0.01,57.25,0.000372,2862.57,16.03,3.39,12.64,12.64,5725.15,5737.79
399,BTC/INR,1h,LONG,2025-12-04 03:30:00+05:30,2025-12-04 19:30:00+05:30,93791.65,7831603.08,91915.82,99419.15,91869.86,7671133.53,STOP_LOSS,0.01,57.38,0.000366,2868.89,-58.78,3.35,-62.13,-62.13,5737.79,5675.66
400,BTC/INR,1h,LONG,2025-12-04 21:30:00+05:30,2025-12-05 00:30:00+05:30,93107.19,7774450.08,91245.04,98693.62,91199.42,7615151.6,STOP_LOSS,0.01,56.76,0.000365,2837.83,-58.15,3.31,-61.46,-61.46,5675.66,5614.19
401,BTC/INR,1h,LONG,2025-12-05 02:30:00+05:30,2025-12-05 18:30:00+05:30,92575.66,7730067.22,90724.14,98130.19,90678.78,7571678.14,STOP_LOSS,0.01,56.14,0.000363,2807.1,-57.52,3.28,-60.8,-60.8,5614.19,5553.4
402,BTC/INR,1h,SHORT,2025-12-06 00:30:00+05:30,2025-12-07 00:30:00+05:30,88935.14,7426084.44,90713.85,83599.03,89708.03,7490620.25,INTRADAY_SQUAREOFF,0.01,55.53,0.000374,2776.7,-24.13,3.29,-27.42,-27.42,5553.4,5525.98
403,BTC/INR,1h,SHORT,2025-12-07 04:30:00+05:30,2025-12-07 22:30:00+05:30,89255.84,7452862.8,91040.96,83900.49,91086.48,7605721.02,STOP_LOSS,0.01,55.26,0.000371,2762.99,-56.67,3.29,-59.96,-59.96,5525.98,5466.01
404,BTC/INR,1h,LONG,2025-12-08 05:30:00+05:30,2025-12-09 00:30:00+05:30,90472.16,7554425.26,88662.72,95900.49,89825.52,7500430.74,INTRADAY_SQUAREOFF,0.01,54.66,0.000362,2733.01,-19.53,3.21,-22.75,-22.75,5466.01,5443.27
405,BTC/INR,1h,SHORT,2025-12-09 05:30:00+05:30,2025-12-09 20:30:00+05:30,90477.8,7554896.38,92287.36,85049.13,92333.5,7709847.31,STOP_LOSS,0.01,54.43,0.00036,2721.63,-55.82,3.24,-59.07,-59.07,5443.27,5384.2
406,BTC/INR,1h,LONG,2025-12-10 12:30:00+05:30,2025-12-11 00:30:00+05:30,92776.15,7746808.2,90920.62,98342.71,92455.54,7720037.44,INTRADAY_SQUAREOFF,0.01,53.84,0.000348,2692.1,-9.3,3.17,-12.47,-12.47,5384.2,5371.73
407,BTC/INR,1h,SHORT,2025-12-11 18:30:00+05:30,2025-12-12 00:30:00+05:30,90008.3,7515693.17,91808.47,84607.8,90814.37,7582999.8,INTRADAY_SQUAREOFF,0.01,53.72,0.000357,2685.86,-24.05,3.18,-27.24,-27.24,5371.73,5344.49
408,BTC/INR,1h,LONG,2025-12-12 15:30:00+05:30,2025-12-12 20:30:00+05:30,92631.21,7734706.4,90778.59,98189.09,90733.2,7576222.26,STOP_LOSS,0.01,53.44,0.000345,2672.25,-54.75,3.12,-57.88,-57.88,5344.49,5286.61
409,BTC/INR,1h,SHORT,2025-12-13 08:30:00+05:30,2025-12-14 00:30:00+05:30,90196.15,7531378.76,92000.08,84784.38,90191.46,7530987.23,INTRADAY_SQUAREOFF,0.01,52.87,0.000351,2643.31,0.14,3.12,-2.98,-2.98,5286.61,5283.63
410,BTC/INR,1h,SHORT,2025-12-14 02:30:00+05:30,2025-12-15 00:30:00+05:30,90062.03,7520179.7,91863.27,84658.31,89066.33,7437038.66,INTRADAY_SQUAREOFF,0.01,52.84,0.000351,2641.82,29.21,3.1,26.11,26.11,5283.63,5309.74
411,BTC/INR,1h,SHORT,2025-12-16 06:30:00+05:30,2025-12-16 18:30:00+05:30,85730.58,7158503.6,87445.19,80586.75,87488.92,7305324.51,STOP_LOSS,0.01,53.1,0.000371,2654.87,-54.45,3.16,-57.62,-57.62,5309.74,5252.12
412,BTC/INR,1h,LONG,2025-12-17 13:30:00+05:30,2025-12-18 00:30:00+05:30,87115.03,7274104.83,85372.73,92341.93,85330.04,7125058.42,STOP_LOSS,0.01,52.52,0.000361,2626.06,-53.81,3.07,-56.88,-56.88,5252.12,5195.25
413,BTC/INR,1h,SHORT,2025-12-18 11:30:00+05:30,2025-12-18 18:30:00+05:30,86324.63,7208106.49,88051.12,81145.15,88095.15,7355944.75,STOP_LOSS,0.01,51.95,0.00036,2597.62,-53.28,3.1,-56.37,-56.37,5195.25,5138.88
414,BTC/INR,1h,SHORT,2025-12-22 02:30:00+05:30,2025-12-22 16:30:00+05:30,88171.94,7362356.89,89935.38,82881.62,89980.35,7513358.83,STOP_LOSS,0.01,51.39,0.000349,2569.44,-52.7,3.06,-55.76,-55.76,5138.88,5083.11
415,BTC/INR,1h,SHORT,2025-12-23 08:30:00+05:30,2025-12-24 00:30:00+05:30,88080.51,7354722.42,89842.12,82795.68,87977.78,7346144.58,INTRADAY_SQUAREOFF,0.01,50.83,0.000346,2541.56,2.96,3.0,-0.03,-0.03,5083.11,5083.08
416,BTC/INR,1h,SHORT,2025-12-24 04:30:00+05:30,2025-12-25 00:30:00+05:30,87250.05,7285379.05,88995.05,82015.05,87450.49,7302116.12,INTRADAY_SQUAREOFF,0.01,50.83,0.000349,2541.54,-5.84,3.0,-8.84,-8.84,5083.08,5074.24
417,BTC/INR,1h,LONG,2025-12-26 19:30:00+05:30,2025-12-26 21:30:00+05:30,89027.66,7433809.25,87247.1,94369.31,87203.48,7281490.49,STOP_LOSS,0.01,50.74,0.000341,2537.12,-51.99,2.96,-54.95,-54.95,5074.24,5019.29
418,BTC/INR,1h,SHORT,2025-12-27 05:30:00+05:30,2025-12-28 00:30:00+05:30,87234.47,7284078.27,88979.16,82000.4,87482.57,7304794.68,INTRADAY_SQUAREOFF,0.01,50.19,0.000345,2509.65,-7.14,2.97,-10.1,-10.1,5019.29,5009.19
419,BTC/INR,1h,SHORT,2025-12-30 01:30:00+05:30,2025-12-30 20:30:00+05:30,87194.48,7280739.29,88938.37,81962.81,88982.84,7430067.25,STOP_LOSS,0.01,50.09,0.000344,2504.59,-51.37,2.99,-54.35,-54.35,5009.19,4954.83
420,BTC/INR,1h,LONG,2025-12-31 03:30:00+05:30,2026-01-01 00:30:00+05:30,88269.0,7370461.1,86503.62,93565.13,87518.07,7307758.9,INTRADAY_SQUAREOFF,0.01,49.55,0.000336,2477.42,-21.08,2.91,-23.99,-23.99,4954.83,4930.85
421,BTC/INR,1h,SHORT,2026-01-01 05:30:00+05:30,2026-01-02 00:30:00+05:30,87458.2,7302759.88,89207.37,82210.71,88107.01,7356935.17,INTRADAY_SQUAREOFF,0.01,49.31,0.000338,2465.42,-18.29,2.92,-21.21,-21.21,4930.85,4909.64
422,BTC/INR,1h,LONG,2026-01-02 03:30:00+05:30,2026-01-03 00:30:00+05:30,88324.28,7375077.44,86557.8,93623.74,89694.52,7489492.5,INTRADAY_SQUAREOFF,0.01,49.1,0.000333,2454.82,38.08,2.92,35.16,35.16,4909.64,4944.8
423,BTC/INR,1h,LONG,2026-01-03 03:30:00+05:30,2026-01-04 00:30:00+05:30,90137.37,7526470.1,88334.62,95545.61,90046.82,7518909.57,INTRADAY_SQUAREOFF,0.01,49.45,0.000328,2472.4,-2.48,2.92,-5.4,-5.4,4944.8,4939.4
424,BTC/INR,1h,LONG,2026-01-04 02:30:00+05:30,2026-01-05 00:30:00+05:30,90355.66,7544697.21,88548.54,95776.99,91119.06,7608441.37,INTRADAY_SQUAREOFF,0.01,49.39,0.000327,2469.7,20.87,2.93,17.94,17.94,4939.4,4957.34
425,BTC/INR,1h,LONG,2026-01-05 02:30:00+05:30,2026-01-06 00:30:00+05:30,91344.42,7627258.65,89517.53,96825.08,94287.51,7873007.28,INTRADAY_SQUAREOFF,0.01,49.57,0.000325,2478.67,79.86,2.97,76.89,76.89,4957.34,5034.23
426,BTC/INR,1h,SHORT,2026-01-08 08:30:00+05:30,2026-01-09 00:30:00+05:30,90656.14,7569787.81,92469.26,85216.77,91084.2,7605530.62,INTRADAY_SQUAREOFF,0.01,50.34,0.000333,2517.11,-11.89,2.98,-14.86,-14.86,5034.23,5019.37
427,BTC/INR,1h,LONG,2026-01-11 20:30:00+05:30,2026-01-12 00:30:00+05:30,91089.47,7605970.52,89267.68,96554.84,90711.79,7574434.09,INTRADAY_SQUAREOFF,0.01,50.19,0.00033,2509.68,-10.41,2.96,-13.36,-13.36,5019.37,5006.01
428,BTC/INR,1h,LONG,2026-01-12 03:30:00+05:30,2026-01-13 00:30:00+05:30,90723.17,7575384.45,88908.7,96166.56,91572.0,7646262.3,INTRADAY_SQUAREOFF,0.01,50.06,0.00033,2503.0,23.42,2.97,20.45,20.45,5006.01,5026.46
429,BTC/INR,1h,LONG,2026-01-14 01:30:00+05:30,2026-01-15 00:30:00+05:30,94269.59,7871510.58,92384.2,99925.76,96753.44,8078911.82,INTRADAY_SQUAREOFF,0.01,50.26,0.000319,2513.23,66.22,3.0,63.21,63.21,5026.46,5089.67
430,BTC/INR,1h,LONG,2026-01-15 14:30:00+05:30,2026-01-16 00:30:00+05:30,96666.86,8071683.14,94733.53,102466.88,95750.06,7995130.17,INTRADAY_SQUAREOFF,0.01,50.9,0.000315,2544.84,-24.14,2.99,-27.12,-27.12,5089.67,5062.55
431,BTC/INR,1h,SHORT,2026-01-16 09:30:00+05:30,2026-01-17 00:30:00+05:30,95250.12,7953384.75,97155.12,89535.11,95003.33,7932778.01,INTRADAY_SQUAREOFF,0.01,50.63,0.000318,2531.27,6.56,2.98,3.58,3.58,5062.55,5066.12
432,BTC/INR,1h,SHORT,2026-01-17 07:30:00+05:30,2026-01-18 00:30:00+05:30,95303.94,7957879.11,97210.02,89585.7,95444.13,7969584.68,INTRADAY_SQUAREOFF,0.01,50.66,0.000318,2533.06,-3.73,2.99,-6.72,-6.72,5066.12,5059.41
433,BTC/INR,1h,SHORT,2026-01-18 05:30:00+05:30,2026-01-19 00:30:00+05:30,95040.78,7935905.46,96941.6,89338.34,95456.7,7970634.17,INTRADAY_SQUAREOFF,0.01,50.59,0.000319,2529.7,-11.07,2.99,-14.06,-14.06,5059.41,5045.34
434,BTC/INR,1h,SHORT,2026-01-20 04:30:00+05:30,2026-01-21 00:30:00+05:30,92469.83,7721230.63,94319.22,86921.64,89431.83,7467557.5,INTRADAY_SQUAREOFF,0.01,50.45,0.000327,2522.67,82.88,2.93,79.95,79.95,5045.34,5125.3
435,BTC/INR,1h,SHORT,2026-01-21 13:30:00+05:30,2026-01-22 00:30:00+05:30,88942.63,7426709.73,90721.48,83606.07,88434.5,7384280.74,INTRADAY_SQUAREOFF,0.01,51.25,0.000345,2562.65,14.64,3.02,11.63,11.63,5125.3,5136.92
436,BTC/INR,1h,SHORT,2026-01-23 11:30:00+05:30,2026-01-24 00:30:00+05:30,89368.16,7462241.42,91155.52,84006.07,90471.03,7554330.62,INTRADAY_SQUAREOFF,0.01,51.37,0.000344,2568.46,-31.7,3.05,-34.75,-34.75,5136.92,5102.18
437,BTC/INR,1h,LONG,2026-01-24 08:30:00+05:30,2026-01-25 00:30:00+05:30,89626.88,7483844.88,87834.35,95004.5,89214.64,7449422.11,INTRADAY_SQUAREOFF,0.01,51.02,0.000341,2551.09,-11.73,3.0,-14.74,-14.74,5102.18,5087.44
438,BTC/INR,1h,SHORT,2026-01-25 13:30:00+05:30,2026-01-26 00:30:00+05:30,88459.12,7386336.14,90228.3,83151.57,87339.86,7292878.23,INTRADAY_SQUAREOFF,0.01,50.87,0.000344,2543.72,32.19,2.98,29.2,29.2,5087.44,5116.64
439,BTC/INR,1h,LONG,2026-01-27 22:30:00+05:30,2026-01-28 00:30:00+05:30,88715.51,7407744.87,86941.2,94038.44,88112.23,7357371.57,INTRADAY_SQUAREOFF,0.01,51.17,0.000345,2558.32,-17.4,3.01,-20.41,-20.41,5116.64,5096.24
440,BTC/INR,1h,LONG,2026-01-28 12:30:00+05:30,2026-01-29 00:30:00+05:30,89303.75,7456862.85,87517.67,94661.97,89389.84,7464051.42,INTRADAY_SQUAREOFF,0.01,50.96,0.000342,2548.12,2.46,3.01,-0.55,-0.55,5096.24,5095.68
441,BTC/INR,1h,SHORT,2026-01-29 15:30:00+05:30,2026-01-30 00:30:00+05:30,87719.41,7324570.52,89473.8,82456.24,83376.31,6961921.71,INTRADAY_SQUAREOFF,0.01,50.96,0.000348,2547.84,126.15,2.93,123.21,123.21,5095.68,5218.9
442,BTC/INR,1h,SHORT,2026-01-30 06:30:00+05:30,2026-01-31 00:30:00+05:30,84022.39,7015869.54,85702.84,78981.05,83866.8,7002877.4,INTRADAY_SQUAREOFF,0.01,52.19,0.000372,2609.45,4.83,3.08,1.76,1.76,5218.9,5220.65
443,BTC/INR,1h,SHORT,2026-01-31 18:30:00+05:30,2026-01-31 23:30:00+05:30,82552.47,6893131.14,84203.52,77599.32,77638.12,6482783.04,TARGET_HIT,0.01,52.21,0.000379,2610.33,155.39,2.99,152.4,152.4,5220.65,5373.06
444,BTC/INR,1h,SHORT,2026-02-01 11:30:00+05:30,2026-02-02 00:30:00+05:30,78450.94,6550653.69,80019.96,73743.89,78004.25,6513354.73,INTRADAY_SQUAREOFF,0.01,53.73,0.00041,2686.53,15.3,3.16,12.14,12.14,5373.06,5385.19
445,BTC/INR,1h,SHORT,2026-02-02 08:30:00+05:30,2026-02-02 17:30:00+05:30,76364.84,6376463.93,77892.13,71782.95,77931.08,6507245.21,STOP_LOSS,0.01,53.85,0.000422,2692.6,-55.23,3.21,-58.44,-58.44,5385.19,5326.76
446,BTC/INR,1h,SHORT,2026-02-03 22:30:00+05:30,2026-02-04 00:30:00+05:30,76414.01,6380569.69,77942.29,71829.17,73109.99,6104684.15,INTRADAY_SQUAREOFF,0.01,53.27,0.000417,2663.38,115.16,3.07,112.09,112.09,5326.76,5438.85
447,BTC/INR,1h,SHORT,2026-02-04 15:30:00+05:30,2026-02-05 00:30:00+05:30,75853.62,6333777.0,77370.69,71302.4,73294.35,6120078.03,INTRADAY_SQUAREOFF,0.01,54.39,0.000429,2719.42,91.75,3.15,88.6,88.6,5438.85,5527.44
448,BTC/INR,1h,SHORT,2026-02-05 08:30:00+05:30,2026-02-05 20:30:00+05:30,71279.57,5951844.01,72705.16,67002.79,67036.3,5597530.73,TARGET_HIT,0.01,55.27,0.000464,2763.72,164.52,3.16,161.36,161.36,5527.44,5688.8
449,BTC/INR,1h,SHORT,2026-02-05 23:30:00+05:30,2026-02-06 01:30:00+05:30,66017.92,5512496.31,67338.28,62056.84,65158.41,5440727.61,INTRADAY_SQUAREOFF,0.01,56.89,0.000516,2844.4,37.03,3.33,33.7,33.7,5688.8,5722.5
450,BTC/INR,1h,LONG,2026-02-07 04:30:00+05:30,2026-02-07 06:30:00+05:30,71503.03,5970503.05,70072.97,75793.21,70037.93,5848167.44,STOP_LOSS,0.01,57.23,0.000479,2861.25,-58.63,3.34,-61.97,-61.97,5722.5,5660.53
451,BTC/INR,1h,LONG,2026-02-07 09:30:00+05:30,2026-02-07 11:30:00+05:30,70908.93,5920895.57,69490.75,75163.46,69456.0,5799576.42,STOP_LOSS,0.01,56.61,0.000478,2830.27,-57.99,3.31,-61.3,-61.3,5660.53,5599.23
452,BTC/INR,1h,LONG,2026-02-08 17:30:00+05:30,2026-02-09 00:30:00+05:30,71153.14,5941287.58,69730.08,75422.33,71059.83,5933495.58,INTRADAY_SQUAREOFF,0.01,55.99,0.000471,2799.62,-3.67,3.3,-6.97,-6.97,5599.23,5592.26
453,BTC/INR,1h,LONG,2026-02-09 09:30:00+05:30,2026-02-09 13:30:00+05:30,71394.48,5961439.42,69966.59,75678.15,69931.61,5839289.53,STOP_LOSS,0.01,55.92,0.000469,2796.13,-57.29,3.27,-60.56,-60.56,5592.26,5531.7
454,BTC/INR,1h,SHORT,2026-02-09 19:30:00+05:30,2026-02-09 21:30:00+05:30,68525.93,5721915.22,69896.45,64414.37,69931.4,5839271.71,STOP_LOSS,0.01,55.32,0.000483,2765.85,-56.73,3.3,-60.02,-60.02,5531.7,5471.68
455,BTC/INR,1h,SHORT,2026-02-11 00:30:00+05:30,2026-02-12 00:30:00+05:30,68593.17,5727529.75,69965.03,64477.58,67266.04,5616714.18,INTRADAY_SQUAREOFF,0.01,54.72,0.000478,2735.84,52.93,3.2,49.74,49.74,5471.68,5521.41
456,BTC/INR,1h,SHORT,2026-02-12 04:30:00+05:30,2026-02-13 00:30:00+05:30,67321.03,5621305.65,68667.45,63281.76,65560.74,5474322.16,INTRADAY_SQUAREOFF,0.01,55.21,0.000491,2760.71,72.19,3.22,68.97,68.97,5521.41,5590.38
457,BTC/INR,1h,SHORT,2026-02-13 10:30:00+05:30,2026-02-13 19:30:00+05:30,66236.31,5530731.93,67561.04,62262.13,67594.82,5644167.25,STOP_LOSS,0.01,55.9,0.000505,2795.19,-57.33,3.33,-60.66,-60.66,5590.38,5529.72
458,BTC/INR,1h,LONG,2026-02-14 06:30:00+05:30,2026-02-15 00:30:00+05:30,69111.2,5770785.4,67728.98,73257.87,69697.66,5819755.03,INTRADAY_SQUAREOFF,0.01,55.3,0.000479,2764.86,23.46,3.28,20.19,20.19,5529.72,5549.91
459,BTC/INR,1h,LONG,2026-02-15 09:30:00+05:30,2026-02-15 22:30:00+05:30,69999.9,5844991.36,68599.9,74199.89,68565.6,5725227.49,STOP_LOSS,0.01,55.5,0.000475,2774.95,-56.86,3.24,-60.1,-60.1,5549.91,5489.81
460,BTC/INR,1h,SHORT,2026-02-16 08:30:00+05:30,2026-02-16 17:30:00+05:30,68201.58,5694831.72,69565.61,64109.48,69600.39,5811632.72,STOP_LOSS,0.01,54.9,0.000482,2744.9,-56.3,3.27,-59.57,-59.57,5489.81,5430.24
461,BTC/INR,1h,SHORT,2026-02-17 14:30:00+05:30,2026-02-18 00:30:00+05:30,68068.51,5683720.69,69429.88,63984.4,68118.17,5687866.95,INTRADAY_SQUAREOFF,0.01,54.3,0.000478,2715.12,-1.98,3.21,-5.19,-5.19,5430.24,5425.05
462,BTC/INR,1h,SHORT,2026-02-18 16:30:00+05:30,2026-02-19 00:30:00+05:30,67703.72,5653261.03,69057.8,63641.5,66354.16,5540572.4,INTRADAY_SQUAREOFF,0.01,54.25,0.00048,2712.53,54.07,3.17,50.9,50.9,5425.05,5475.95
463,BTC/INR,1h,SHORT,2026-02-19 15:30:00+05:30,2026-02-20 00:30:00+05:30,66721.44,5571240.48,68055.87,62718.16,67038.97,5597754.12,INTRADAY_SQUAREOFF,0.01,54.76,0.000491,2737.98,-13.03,3.24,-16.27,-16.27,5475.95,5459.68
464,BTC/INR,1h,LONG,2026-02-20 15:30:00+05:30,2026-02-20 18:30:00+05:30,68228.03,5697040.88,66863.47,72321.72,66830.04,5580308.51,STOP_LOSS,0.01,54.6,0.000479,2729.84,-55.93,3.19,-59.12,-59.12,5459.68,5400.56
465,BTC/INR,1h,SHORT,2026-02-21 09:30:00+05:30,2026-02-22 00:30:00+05:30,67524.66,5638308.97,68875.15,63473.18,68585.43,5726883.56,INTRADAY_SQUAREOFF,0.01,54.01,0.000479,2700.28,-42.42,3.21,-45.63,-45.63,5400.56,5354.93
466,BTC/INR,1h,SHORT,2026-02-22 08:30:00+05:30,2026-02-23 00:30:00+05:30,67834.53,5664182.98,69191.22,63764.46,67443.64,5631544.15,INTRADAY_SQUAREOFF,0.01,53.55,0.000473,2677.47,15.43,3.15,12.28,12.28,5354.93,5367.21
467,BTC/INR,1h,SHORT,2026-02-23 06:30:00+05:30,2026-02-24 00:30:00+05:30,66687.51,5568407.47,68021.26,62686.26,64662.55,5399322.88,INTRADAY_SQUAREOFF,0.01,53.67,0.000482,2683.6,81.49,3.12,78.37,78.37,5367.21,5445.58
468,BTC/INR,1h,SHORT,2026-02-24 08:30:00+05:30,2026-02-25 00:30:00+05:30,63966.11,5341170.54,65245.44,60128.15,64452.4,5381775.2,INTRADAY_SQUAREOFF,0.01,54.46,0.00051,2722.79,-20.7,3.23,-23.92,-23.92,5445.58,5421.65
469,BTC/INR,1h,LONG,2026-02-25 14:30:00+05:30,2026-02-25 23:30:00+05:30,65575.24,5475532.54,64263.74,69509.75,69475.0,5801162.46,TARGET_HIT,0.01,54.22,0.000495,2710.83,161.21,3.29,157.92,157.92,5421.65,5579.57
470,BTC/INR,1h,LONG,2026-02-26 15:30:00+05:30,2026-02-26 20:30:00+05:30,68652.17,5732456.05,67279.12,72771.3,67245.49,5614998.03,STOP_LOSS,0.01,55.8,0.000487,2789.79,-57.16,3.26,-60.42,-60.42,5579.57,5519.15
471,BTC/INR,1h,SHORT,2026-02-27 15:30:00+05:30,2026-02-28 00:30:00+05:30,67298.09,5619390.68,68644.05,63260.21,65337.11,5455648.95,INTRADAY_SQUAREOFF,0.01,55.19,0.000491,2759.58,80.41,3.21,77.2,77.2,5519.15,5596.35
472,BTC/INR,1h,SHORT,2026-02-28 11:30:00+05:30,2026-03-01 00:30:00+05:30,65471.96,5466908.87,66781.4,61543.64,65943.38,5506271.99,INTRADAY_SQUAREOFF,0.01,55.96,0.000512,2798.18,-20.15,3.31,-23.46,-23.46,5596.35,5572.89
473,BTC/INR,1h,LONG,2026-03-01 07:30:00+05:30,2026-03-01 17:30:00+05:30,67611.73,5645579.16,66259.49,71668.43,66226.36,5529901.24,STOP_LOSS,0.01,55.73,0.000494,2786.45,-57.09,3.25,-60.35,-60.35,5572.89,5512.54
474,BTC/INR,1h,LONG,2026-03-01 19:30:00+05:30,2026-03-01 22:30:00+05:30,67209.25,5611972.53,65865.07,71241.81,65832.13,5496983.22,STOP_LOSS,0.01,55.13,0.000491,2756.27,-56.48,3.22,-59.7,-59.7,5512.54,5452.85
475,BTC/INR,1h,LONG,2026-03-03 02:30:00+05:30,2026-03-03 09:30:00+05:30,69484.95,5801993.46,68095.25,73654.05,68061.21,5683110.62,STOP_LOSS,0.01,54.53,0.00047,2726.42,-55.86,3.18,-59.05,-59.05,5452.85,5393.8
476,BTC/INR,1h,LONG,2026-03-05 16:30:00+05:30,2026-03-05 19:30:00+05:30,73564.05,6142598.4,72092.77,77977.9,72056.73,6016736.56,STOP_LOSS,0.01,53.94,0.000439,2696.9,-55.26,3.15,-58.41,-58.41,5393.8,5335.39
477,BTC/INR,1h,SHORT,2026-03-06 05:30:00+05:30,2026-03-07 00:30:00+05:30,70755.39,5908074.72,72170.49,66510.06,68282.39,5701579.54,INTRADAY_SQUAREOFF,0.01,53.35,0.000452,2667.7,93.24,3.09,90.15,90.15,5335.39,5425.54
478,BTC/INR,1h,SHORT,2026-03-07 05:30:00+05:30,2026-03-08 00:30:00+05:30,68071.54,5683973.67,69432.97,63987.25,67604.85,5645004.81,INTRADAY_SQUAREOFF,0.01,54.26,0.000477,2712.77,18.6,3.19,15.41,15.41,5425.54,5440.95
479,BTC/INR,1h,SHORT,2026-03-08 04:30:00+05:30,2026-03-09 00:30:00+05:30,67137.98,5606021.06,68480.74,63109.7,66857.35,5582588.68,INTRADAY_SQUAREOFF,0.01,54.41,0.000485,2720.47,11.37,3.2,8.17,8.17,5440.95,5449.11
480,BTC/INR,1h,LONG,2026-03-10 06:30:00+05:30,2026-03-11 00:30:00+05:30,69318.82,5788121.62,67932.45,73477.95,69982.22,5843515.2,INTRADAY_SQUAREOFF,0.01,54.49,0.000471,2724.56,26.07,3.23,22.84,22.84,5449.11,5471.96
481,BTC/INR,1h,LONG,2026-03-11 02:30:00+05:30,2026-03-12 00:30:00+05:30,70355.79,5874708.73,68948.68,74577.14,70613.07,5896191.7,INTRADAY_SQUAREOFF,0.01,54.72,0.000466,2735.98,10.01,3.23,6.77,6.77,5471.96,5478.73
482,BTC/INR,1h,LONG,2026-03-12 03:30:00+05:30,2026-03-12 07:30:00+05:30,70806.44,5912337.76,69390.31,75054.83,69355.62,5791193.96,STOP_LOSS,0.01,54.79,0.000463,2739.36,-56.13,3.2,-59.33,-59.33,5478.73,5419.4
483,BTC/INR,1h,LONG,2026-03-12 13:30:00+05:30,2026-03-13 00:30:00+05:30,69882.84,5835216.97,68485.18,74075.81,69865.27,5833749.93,INTRADAY_SQUAREOFF,0.01,54.19,0.000464,2709.7,-0.68,3.2,-3.88,-3.88,5419.4,5415.52
484,BTC/INR,1h,LONG,2026-03-13 07:30:00+05:30,2026-03-14 00:30:00+05:30,71720.28,5988643.36,70285.87,76023.5,71021.25,5930274.61,INTRADAY_SQUAREOFF,0.01,54.16,0.000452,2707.76,-26.39,3.18,-29.57,-29.57,5415.52,5385.95
485,BTC/INR,1h,SHORT,2026-03-14 03:30:00+05:30,2026-03-15 00:30:00+05:30,71061.09,5933601.21,72482.31,66797.43,70713.68,5904592.52,INTRADAY_SQUAREOFF,0.01,53.86,0.000454,2692.98,13.17,3.17,10.0,10.0,5385.95,5395.95
486,BTC/INR,1h,LONG,2026-03-15 14:30:00+05:30,2026-03-16 00:30:00+05:30,71854.12,5999819.02,70417.04,76165.37,71382.06,5960401.74,INTRADAY_SQUAREOFF,0.01,53.96,0.00045,2697.97,-17.72,3.17,-20.9,-20.9,5395.95,5375.05
487,BTC/INR,1h,LONG,2026-03-16 09:30:00+05:30,2026-03-17 00:30:00+05:30,74021.29,6180777.63,72540.86,78462.57,73844.72,6166033.74,INTRADAY_SQUAREOFF,0.01,53.75,0.000435,2687.52,-6.41,3.17,-9.58,-9.58,5375.05,5365.47
488,BTC/INR,1h,SHORT,2026-03-19 00:30:00+05:30,2026-03-20 00:30:00+05:30,70957.38,5924941.11,72376.53,66699.94,69895.48,5836272.34,INTRADAY_SQUAREOFF,0.01,53.65,0.000453,2682.73,40.15,3.14,37.01,37.01,5365.47,5402.48
489,BTC/INR,1h,SHORT,2026-03-21 05:30:00+05:30,2026-03-22 00:30:00+05:30,70422.13,5880247.91,71830.57,66196.8,70424.84,5880473.76,INTRADAY_SQUAREOFF,0.01,54.02,0.000459,2701.24,-0.1,3.19,-3.29,-3.29,5402.48,5399.18
490,BTC/INR,1h,SHORT,2026-03-22 04:30:00+05:30,2026-03-23 00:30:00+05:30,70230.36,5864235.01,71634.97,66016.54,68644.76,5731837.32,INTRADAY_SQUAREOFF,0.01,53.99,0.00046,2699.59,60.95,3.15,57.8,57.8,5399.18,5456.98
491,BTC/INR,1h,SHORT,2026-03-23 12:30:00+05:30,2026-03-23 16:30:00+05:30,67707.39,5653567.48,69061.54,63644.95,69096.07,5769522.15,STOP_LOSS,0.01,54.57,0.000483,2728.49,-55.96,3.25,-59.21,-59.21,5456.98,5397.77
492,BTC/INR,1h,LONG,2026-03-24 05:30:00+05:30,2026-03-24 19:30:00+05:30,70955.38,5924774.38,69536.27,75212.7,69501.51,5803375.76,STOP_LOSS,0.01,53.98,0.000456,2698.88,-55.3,3.15,-58.45,-58.45,5397.77,5339.32
493,BTC/INR,1h,SHORT,2026-03-26 16:30:00+05:30,2026-03-27 00:30:00+05:30,69416.32,5796262.83,70804.65,65251.34,68469.73,5717222.08,INTRADAY_SQUAREOFF,0.01,53.39,0.000461,2669.66,36.4,3.13,33.28,33.28,5339.32,5372.59
494,BTC/INR,1h,SHORT,2026-03-27 13:30:00+05:30,2026-03-28 00:30:00+05:30,68384.52,5710107.19,69752.21,64281.45,65849.98,5498473.23,INTRADAY_SQUAREOFF,0.01,53.73,0.00047,2686.3,99.56,3.11,96.45,96.45,5372.59,5469.04
495,BTC/INR,1h,SHORT,2026-03-28 07:30:00+05:30,2026-03-29 00:30:00+05:30,65994.35,5510527.87,67314.23,62034.68,66900.05,5586154.22,INTRADAY_SQUAREOFF,0.01,54.69,0.000496,2734.52,-37.53,3.25,-40.78,-40.78,5469.04,5428.27
496,BTC/INR,1h,LONG,2026-03-30 18:30:00+05:30,2026-03-30 23:30:00+05:30,67953.47,5674114.54,66594.4,72030.68,66561.1,5557851.93,STOP_LOSS,0.01,54.28,0.000478,2714.13,-55.61,3.17,-58.78,-58.78,5428.27,5369.48
497,BTC/INR,1h,SHORT,2026-03-31 20:30:00+05:30,2026-03-31 22:30:00+05:30,66445.16,5548170.8,67774.06,62458.45,67807.95,5661963.78,STOP_LOSS,0.01,53.69,0.000484,2684.74,-55.06,3.2,-58.26,-58.26,5369.48,5311.22
498,BTC/INR,1h,LONG,2026-04-01 09:30:00+05:30,2026-04-02 00:30:00+05:30,68158.83,5691262.14,66795.65,72248.36,68020.71,5679729.04,INTRADAY_SQUAREOFF,0.01,53.11,0.000467,2655.61,-5.38,3.13,-8.51,-8.51,5311.22,5302.71
499,BTC/INR,1h,LONG,2026-04-02 06:30:00+05:30,2026-04-02 08:30:00+05:30,68667.47,5733733.33,67294.12,72787.51,67260.47,5616249.13,STOP_LOSS,0.01,53.03,0.000462,2651.35,-54.33,3.1,-57.42,-57.42,5302.71,5245.29
500,BTC/INR,1h,SHORT,2026-04-02 14:30:00+05:30,2026-04-03 00:30:00+05:30,66400.46,5544438.0,67728.46,62416.43,67008.75,5595230.24,INTRADAY_SQUAREOFF,0.01,52.45,0.000473,2622.64,-24.03,3.11,-27.13,-27.13,5245.29,5218.15
501,BTC/INR,1h,LONG,2026-04-05 03:30:00+05:30,2026-04-06 00:30:00+05:30,67436.29,5630929.98,66087.56,71482.46,67341.45,5623011.33,INTRADAY_SQUAREOFF,0.01,52.18,0.000463,2609.08,-3.67,3.08,-6.75,-6.75,5218.15,5211.41
502,BTC/INR,1h,LONG,2026-04-06 04:30:00+05:30,2026-04-07 00:30:00+05:30,68359.65,5708030.53,66992.45,72461.23,69852.57,5832689.75,INTRADAY_SQUAREOFF,0.01,52.11,0.000456,2605.7,56.91,3.11,53.8,53.8,5211.41,5265.2
503,BTC/INR,1h,SHORT,2026-04-07 11:30:00+05:30,2026-04-08 00:30:00+05:30,68589.42,5727216.78,69961.21,64474.06,68462.46,5716615.75,INTRADAY_SQUAREOFF,0.01,52.65,0.00046,2632.6,4.87,3.1,1.77,1.77,5265.2,5266.97
504,BTC/INR,1h,LONG,2026-04-08 10:30:00+05:30,2026-04-09 00:30:00+05:30,71667.79,5984260.68,70234.44,75967.86,71055.23,5933111.54,INTRADAY_SQUAREOFF,0.01,52.67,0.00044,2633.49,-22.51,3.09,-25.6,-25.6,5266.97,5241.37
505,BTC/INR,1h,LONG,2026-04-10 02:30:00+05:30,2026-04-11 00:30:00+05:30,72472.35,6051441.3,71022.9,76820.69,73081.89,6102338.14,INTRADAY_SQUAREOFF,0.01,52.41,0.000433,2620.68,22.04,3.11,18.94,18.94,5241.37,5260.31
506,BTC/INR,1h,LONG,2026-04-11 15:30:00+05:30,2026-04-12 00:30:00+05:30,72974.08,6093335.53,71514.6,77352.52,73519.0,6138836.78,INTRADAY_SQUAREOFF,0.01,52.6,0.000432,2630.15,19.64,3.12,16.53,16.53,5260.31,5276.83
507,BTC/INR,1h,SHORT,2026-04-12 15:30:00+05:30,2026-04-13 00:30:00+05:30,71508.03,5970920.74,72938.19,67217.55,71194.22,5944717.37,INTRADAY_SQUAREOFF,0.01,52.77,0.000442,2638.42,11.58,3.11,8.47,8.47,5276.83,5285.3
508,BTC/INR,1h,SHORT,2026-04-13 09:30:00+05:30,2026-04-13 19:30:00+05:30,70915.53,5921446.95,72333.84,66660.6,72370.01,6042895.82,STOP_LOSS,0.01,52.85,0.000446,2642.65,-54.2,3.15,-57.35,-57.35,5285.3,5227.95
509,BTC/INR,1h,LONG,2026-04-14 00:30:00+05:30,2026-04-15 00:30:00+05:30,72517.79,6055235.27,71067.43,76868.85,74095.73,6186993.49,INTRADAY_SQUAREOFF,0.01,52.28,0.000432,2613.98,56.88,3.12,53.76,53.76,5227.95,5281.71
510,BTC/INR,1h,LONG,2026-04-17 05:30:00+05:30,2026-04-18 00:30:00+05:30,75236.06,6282211.02,73731.34,79750.22,77185.13,6444958.38,INTRADAY_SQUAREOFF,0.01,52.82,0.00042,2640.86,68.41,3.16,65.26,65.26,5281.71,5346.97
511,BTC/INR,1h,SHORT,2026-04-18 23:30:00+05:30,2026-04-19 01:30:00+05:30,75784.09,6327971.43,77299.77,71237.04,75716.74,6322347.61,INTRADAY_SQUAREOFF,0.01,53.47,0.000422,2673.49,2.38,3.15,-0.78,-0.78,5346.97,5346.19
512,BTC/INR,1h,SHORT,2026-04-20 03:30:00+05:30,2026-04-20 22:30:00+05:30,74371.45,6210016.24,75858.88,69909.16,75896.81,6337383.67,STOP_LOSS,0.01,53.46,0.00043,2673.1,-54.83,3.19,-58.01,-58.01,5346.19,5288.18
513,BTC/INR,1h,LONG,2026-04-21 06:30:00+05:30,2026-04-22 00:30:00+05:30,76166.74,6359923.13,74643.41,80736.75,75590.26,6311787.05,INTRADAY_SQUAREOFF,0.01,52.88,0.000416,2644.09,-20.01,3.11,-23.12,-23.12,5288.18,5265.06
514,BTC/INR,1h,LONG,2026-04-22 12:30:00+05:30,2026-04-23 00:30:00+05:30,78089.77,6520495.59,76527.97,82775.15,78974.43,6594364.95,INTRADAY_SQUAREOFF,0.01,52.65,0.000404,2632.53,29.82,3.12,26.7,26.7,5265.06,5291.76
515,BTC/INR,1h,SHORT,2026-04-24 00:30:00+05:30,2026-04-25 00:30:00+05:30,77658.94,6484521.5,79212.12,72999.4,77693.83,6487434.6,INTRADAY_SQUAREOFF,0.01,52.92,0.000408,2645.88,-1.19,3.12,-4.31,-4.31,5291.76,5287.45
516,BTC/INR,1h,SHORT,2026-04-25 04:30:00+05:30,2026-04-26 00:30:00+05:30,77270.95,6452124.05,78816.37,72634.69,77348.26,6458579.41,INTRADAY_SQUAREOFF,0.01,52.87,0.00041,2643.72,-2.65,3.12,-5.77,-5.77,5287.45,5281.68
517,BTC/INR,1h,SHORT,2026-04-26 07:30:00+05:30,2026-04-27 00:30:00+05:30,77431.59,6465537.36,78980.22,72785.69,78355.73,6542703.34,INTRADAY_SQUAREOFF,0.01,52.82,0.000408,2640.84,-31.52,3.13,-34.65,-34.65,5281.68,5247.03
518,BTC/INR,1h,LONG,2026-04-27 06:30:00+05:30,2026-04-27 10:30:00+05:30,79392.4,6629264.99,77804.55,84155.94,77765.64,6493431.35,STOP_LOSS,0.01,52.47,0.000396,2623.51,-53.76,3.06,-56.82,-56.82,5247.03,5190.21
519,BTC/INR,1h,LONG,2026-04-27 14:30:00+05:30,2026-04-28 00:30:00+05:30,77860.73,6501371.06,76303.52,82532.38,76763.63,6409763.12,INTRADAY_SQUAREOFF,0.01,51.9,0.000399,2595.1,-36.57,3.04,-39.61,-39.61,5190.21,5150.6
520,BTC/INR,1h,SHORT,2026-04-28 03:30:00+05:30,2026-04-29 00:30:00+05:30,76738.61,6407674.06,78273.38,72134.29,76260.64,6367763.65,INTRADAY_SQUAREOFF,0.01,51.51,0.000402,2575.3,16.04,3.03,13.01,13.01,5150.6,5163.61
521,BTC/INR,1h,SHORT,2026-04-29 04:30:00+05:30,2026-04-29 14:30:00+05:30,76167.9,6360020.05,77691.26,71597.83,77730.11,6490464.06,STOP_LOSS,0.01,51.64,0.000406,2581.81,-52.95,3.08,-56.03,-56.03,5163.61,5107.58
522,BTC/INR,1h,SHORT,2026-04-30 05:30:00+05:30,2026-05-01 00:30:00+05:30,75647.33,6316552.0,77160.28,71108.49,76334.9,6373964.01,INTRADAY_SQUAREOFF,0.01,51.08,0.000404,2553.79,-23.21,3.03,-26.24,-26.24,5107.58,5081.34
523,BTC/INR,1h,SHORT,2026-05-01 03:30:00+05:30,2026-05-01 17:30:00+05:30,76167.51,6359986.8,77690.86,71597.46,77729.7,6490430.13,STOP_LOSS,0.01,50.81,0.000399,2540.67,-52.11,3.03,-55.14,-55.14,5081.34,5026.21
524,BTC/INR,1h,LONG,2026-05-02 19:30:00+05:30,2026-05-03 00:30:00+05:30,78449.74,6550553.0,76880.74,83156.72,78422.6,6548286.87,INTRADAY_SQUAREOFF,0.01,50.26,0.000384,2513.1,-0.87,2.96,-3.83,-3.83,5026.21,5022.37
525,BTC/INR,1h,LONG,2026-05-03 04:30:00+05:30,2026-05-04 00:30:00+05:30,78913.59,6589284.39,77335.31,83648.4,78692.92,6570858.41,INTRADAY_SQUAREOFF,0.01,50.22,0.000381,2511.19,-7.02,2.96,-9.98,-9.98,5022.37,5012.39
526,BTC/INR,1h,LONG,2026-05-04 07:30:00+05:30,2026-05-04 15:30:00+05:30,79841.34,6666751.74,78244.51,84631.82,78205.39,6530150.0,STOP_LOSS,0.01,50.12,0.000376,2506.2,-51.35,2.93,-54.28,-54.28,5012.39,4958.11
527,BTC/INR,1h,LONG,2026-05-04 20:30:00+05:30,2026-05-05 00:30:00+05:30,80592.27,6729454.39,78980.42,85427.8,80061.54,6685138.84,INTRADAY_SQUAREOFF,0.01,49.58,0.000368,2479.06,-16.33,2.92,-19.24,-19.24,4958.11,4938.87
528,BTC/INR,1h,LONG,2026-05-05 06:30:00+05:30,2026-05-06 05:30:00+05:30,80216.11,6698045.31,78611.79,85029.08,80844.38,6750505.55,INTRADAY_SQUAREOFF,0.01,49.39,0.000369,2469.44,19.34,2.93,16.42,16.42,4938.87,4955.29
529,BTC/INR,1h,LONG,2026-05-06 14:30:00+05:30,2026-05-07 00:30:00+05:30,82029.72,6849481.7,80389.13,86951.5,81290.18,6787729.89,INTRADAY_SQUAREOFF,0.01,49.55,0.000362,2477.64,-22.34,2.91,-25.25,-25.25,4955.29,4930.04
530,BTC/INR,1h,SHORT,2026-05-07 14:30:00+05:30,2026-05-08 00:30:00+05:30,81153.56,6776322.19,82776.63,76284.35,80239.68,6700013.11,INTRADAY_SQUAREOFF,0.01,49.3,0.000364,2465.02,27.76,2.89,24.87,24.87,4930.04,4954.9
531,BTC/INR,1h,SHORT,2026-05-08 06:30:00+05:30,2026-05-09 00:30:00+05:30,79700.01,6654951.07,81294.01,74918.01,80106.53,6688895.53,INTRADAY_SQUAREOFF,0.01,49.55,0.000372,2477.45,-12.64,2.93,-15.57,-15.57,4954.9,4939.34
532,BTC/INR,1h,LONG,2026-05-10 08:30:00+05:30,2026-05-11 00:30:00+05:30,80812.36,6747832.27,79196.12,85661.1,81224.91,6782279.68,INTRADAY_SQUAREOFF,0.01,49.39,0.000366,2469.67,12.61,2.92,9.69,9.69,4939.34,4949.02
533,BTC/INR,1h,LONG,2026-05-11 04:30:00+05:30,2026-05-11 08:30:00+05:30,82192.8,6863099.0,80548.95,87124.37,80508.67,6722474.1,STOP_LOSS,0.01,49.49,0.000361,2474.51,-50.7,2.89,-53.59,-53.59,4949.02,4895.43
534,BTC/INR,1h,LONG,2026-05-11 15:30:00+05:30,2026-05-12 00:30:00+05:30,81028.13,6765848.57,79407.56,85889.81,81823.07,6832226.18,INTRADAY_SQUAREOFF,0.01,48.95,0.000362,2447.72,24.01,2.9,21.11,21.11,4895.43,4916.54
535,BTC/INR,1h,SHORT,2026-05-13 05:30:00+05:30,2026-05-14 00:30:00+05:30,80379.89,6711720.94,81987.49,75557.1,79614.94,6647847.16,INTRADAY_SQUAREOFF,0.01,49.17,0.000366,2458.27,23.39,2.89,20.51,20.51,4916.54,4937.05
536,BTC/INR,1h,SHORT,2026-05-14 03:30:00+05:30,2026-05-14 19:30:00+05:30,79284.6,6620263.74,80870.29,74527.52,80910.72,6756045.35,STOP_LOSS,0.01,49.37,0.000373,2468.52,-50.63,2.94,-53.57,-53.57,4937.05,4883.48
537,BTC/INR,1h,LONG,2026-05-15 06:30:00+05:30,2026-05-15 18:30:00+05:30,81689.53,6821075.54,80055.74,86590.9,80015.71,6681311.71,STOP_LOSS,0.01,48.83,0.000358,2441.74,-50.03,2.85,-52.88,-52.88,4883.48,4830.59
538,BTC/INR,1h,SHORT,2026-05-17 04:30:00+05:30,2026-05-18 00:30:00+05:30,78086.05,6520184.91,79647.77,73400.88,78271.12,6535638.19,INTRADAY_SQUAREOFF,0.01,48.31,0.00037,2415.3,-5.72,2.85,-8.58,-8.58,4830.59,4822.02
539,BTC/INR,1h,SHORT,2026-05-18 20:30:00+05:30,2026-05-19 00:30:00+05:30,76149.91,6358517.8,77672.91,71580.92,76221.92,6364530.32,INTRADAY_SQUAREOFF,0.01,48.22,0.000379,2411.01,-2.28,2.85,-5.13,-5.13,4822.02,4816.89
540,BTC/INR,1h,SHORT,2026-05-19 07:30:00+05:30,2026-05-20 00:30:00+05:30,76550.78,6391989.78,78081.79,71957.73,76788.88,6411871.08,INTRADAY_SQUAREOFF,0.01,48.17,0.000377,2408.45,-7.49,2.85,-10.34,-10.34,4816.89,4806.55
541,BTC/INR,1h,SHORT,2026-05-20 04:30:00+05:30,2026-05-21 00:30:00+05:30,76533.71,6390565.12,78064.39,71941.69,77357.84,6459379.58,INTRADAY_SQUAREOFF,0.01,48.07,0.000376,2403.28,-25.88,2.85,-28.73,-28.73,4806.55,4777.82
542,BTC/INR,1h,LONG,2026-05-21 13:30:00+05:30,2026-05-22 00:30:00+05:30,77863.9,6501636.04,76306.63,82535.74,77251.36,6450488.14,INTRADAY_SQUAREOFF,0.01,47.78,0.000367,2388.91,-18.79,2.81,-21.6,-21.6,4777.82,4756.22
543,BTC/INR,1h,SHORT,2026-05-22 23:30:00+05:30,2026-05-23 01:30:00+05:30,76613.64,6397239.17,78145.92,72016.82,75835.6,6332272.77,INTRADAY_SQUAREOFF,0.01,47.56,0.000372,2378.11,24.15,2.79,21.36,21.36,4756.22,4777.58
544,BTC/INR,1h,SHORT,2026-05-23 11:30:00+05:30,2026-05-24 00:30:00+05:30,75338.89,6290797.3,76845.67,70818.56,75798.04,6329136.03,INTRADAY_SQUAREOFF,0.01,47.78,0.00038,2388.79,-14.56,2.83,-17.39,-17.39,4777.58,4760.19
545,BTC/INR,1h,LONG,2026-05-24 07:30:00+05:30,2026-05-25 00:30:00+05:30,76857.93,6417637.42,75320.77,81469.41,76533.78,6390570.99,INTRADAY_SQUAREOFF,0.01,47.6,0.000371,2380.1,-10.04,2.8,-12.84,-12.84,4760.19,4747.35
546,BTC/INR,1h,SHORT,2026-05-25 07:30:00+05:30,2026-05-26 00:30:00+05:30,76791.74,6412110.39,78327.58,72184.24,77524.46,6473292.54,INTRADAY_SQUAREOFF,0.01,47.47,0.00037,2373.68,-22.65,2.81,-25.46,-25.46,4747.35,4721.89
547,BTC/INR,1h,SHORT,2026-05-26 15:30:00+05:30,2026-05-27 00:30:00+05:30,76519.07,6389342.59,78049.45,71927.93,75752.67,6325347.94,INTRADAY_SQUAREOFF,0.01,47.22,0.00037,2360.95,23.65,2.77,20.87,20.87,4721.89,4742.77
548,BTC/INR,1h,SHORT,2026-05-27 04:30:00+05:30,2026-05-28 00:30:00+05:30,75520.79,6305986.05,77031.21,70989.54,74921.65,6255957.38,INTRADAY_SQUAREOFF,0.01,47.43,0.000376,2371.38,18.81,2.79,16.03,16.03,4742.77,4758.79
549,BTC/INR,1h,SHORT,2026-05-28 03:30:00+05:30,2026-05-29 00:30:00+05:30,74182.89,6194271.32,75666.55,69731.92,73558.85,6142164.38,INTRADAY_SQUAREOFF,0.01,47.59,0.000384,2379.4,20.02,2.8,17.22,17.22,4758.79,4776.01
550,BTC/INR,1h,SHORT,2026-05-29 04:30:00+05:30,2026-05-30 00:30:00+05:30,73302.42,6120752.42,74768.47,68904.28,73309.36,6121331.8,INTRADAY_SQUAREOFF,0.01,47.76,0.00039,2388.01,-0.23,2.82,-3.04,-3.04,4776.01,4772.97
551,BTC/INR,1h,SHORT,2026-06-01 07:30:00+05:30,2026-06-02 00:30:00+05:30,73130.66,6106409.99,74593.27,68742.82,71437.03,5964991.9,INTRADAY_SQUAREOFF,0.01,47.73,0.000391,2386.48,55.27,2.78,52.49,52.49,4772.97,4825.45
552,BTC/INR,1h,SHORT,2026-06-02 03:30:00+05:30,2026-06-03 00:30:00+05:30,70813.98,5912967.46,72230.26,66565.14,66598.43,5560968.51,TARGET_HIT,0.01,48.25,0.000408,2412.73,143.63,2.76,140.87,140.87,4825.45,4966.32
553,BTC/INR,1h,SHORT,2026-06-03 04:30:00+05:30,2026-06-04 00:30:00+05:30,66159.15,5524288.7,67482.33,62189.6,65965.33,5508105.34,INTRADAY_SQUAREOFF,0.01,49.66,0.000449,2483.16,7.27,2.93,4.35,4.35,4966.32,4970.67
554,BTC/INR,1h,SHORT,2026-06-04 04:30:00+05:30,2026-06-05 00:30:00+05:30,64667.72,5399754.64,65961.07,60787.66,63749.16,5323054.81,INTRADAY_SQUAREOFF,0.01,49.71,0.00046,2485.33,35.3,2.91,32.39,32.39,4970.67,5003.06
555,BTC/INR,1h,SHORT,2026-06-05 08:30:00+05:30,2026-06-06 00:30:00+05:30,62485.98,5217579.3,63735.7,58736.82,59369.32,4957338.07,INTRADAY_SQUAREOFF,0.01,50.03,0.000479,2501.53,124.77,2.88,121.89,121.89,5003.06,5124.95
556,BTC/INR,1h,SHORT,2026-06-06 07:30:00+05:30,2026-06-07 00:30:00+05:30,60899.0,5085066.18,62116.98,57245.06,60612.3,5061127.28,INTRADAY_SQUAREOFF,0.01,51.25,0.000504,2562.48,12.06,3.02,9.05,9.05,5124.95,5134.0
557,BTC/INR,1h,LONG,2026-06-07 21:30:00+05:30,2026-06-08 00:30:00+05:30,62215.1,5194961.16,60970.8,65948.01,61975.3,5174937.35,INTRADAY_SQUAREOFF,0.01,51.34,0.000494,2567.0,-9.89,3.02,-12.92,-12.92,5134.0,5121.08
558,BTC/INR,1h,LONG,2026-06-08 05:30:00+05:30,2026-06-09 00:30:00+05:30,63444.99,5297656.49,62176.09,67251.69,63410.34,5294763.19,INTRADAY_SQUAREOFF,0.01,51.21,0.000483,2560.54,-1.4,3.02,-4.42,-4.42,5121.08,5116.66
559,BTC/INR,1h,SHORT,2026-06-10 03:30:00+05:30,2026-06-11 00:30:00+05:30,61611.5,5144560.18,62843.73,57914.81,61842.18,5163821.63,INTRADAY_SQUAREOFF,0.01,51.17,0.000497,2558.33,-9.58,3.02,-12.6,-12.6,5116.66,5104.06
560,BTC/INR,1h,LONG,2026-06-11 16:30:00+05:30,2026-06-12 00:30:00+05:30,63151.04,5273111.86,61888.02,66940.1,63351.56,5289855.12,INTRADAY_SQUAREOFF,0.01,51.04,0.000484,2552.03,8.1,3.02,5.09,5.09,5104.06,5109.15
561,BTC/INR,1h,LONG,2026-06-12 14:30:00+05:30,2026-06-13 00:30:00+05:30,63546.94,5306169.26,62276.0,67359.75,63620.16,5312283.55,INTRADAY_SQUAREOFF,0.01,51.09,0.000481,2554.57,2.94,3.02,-0.07,-0.07,5109.15,5109.07
562,BTC/INR,1h,LONG,2026-06-13 12:30:00+05:30,2026-06-14 00:30:00+05:30,63737.84,5322109.75,62463.08,67562.11,64091.94,5351676.82,INTRADAY_SQUAREOFF,0.01,51.09,0.00048,2554.54,14.19,3.02,11.17,11.17,5109.07,5120.24
563,BTC/INR,1h,LONG,2026-06-14 15:30:00+05:30,2026-06-15 00:30:00+05:30,64612.92,5395178.75,63320.66,68489.69,63743.81,5322608.25,INTRADAY_SQUAREOFF,0.01,51.2,0.000475,2560.12,-34.44,3.0,-37.44,-37.44,5120.24,5082.81
564,BTC/INR,1h,LONG,2026-06-15 05:30:00+05:30,2026-06-16 00:30:00+05:30,65794.89,5493873.22,64478.99,69742.58,66701.43,5569569.36,INTRADAY_SQUAREOFF,0.01,50.83,0.000463,2541.4,35.02,3.02,32.0,32.0,5082.81,5114.8
565,BTC/INR,1h,SHORT,2026-06-17 16:30:00+05:30,2026-06-17 21:30:00+05:30,64671.25,5400049.36,65964.67,60790.97,65997.66,5510804.37,STOP_LOSS,0.01,51.15,0.000474,2557.4,-52.45,3.05,-55.5,-55.5,5114.8,5059.3
566,BTC/INR,1h,SHORT,2026-06-18 21:30:00+05:30,2026-06-19 00:30:00+05:30,62207.34,5194313.03,63451.49,58474.9,62662.28,5232300.73,INTRADAY_SQUAREOFF,0.01,50.59,0.000487,2529.65,-18.5,3.0,-21.5,-21.5,5059.3,5037.81
567,BTC/INR,1h,SHORT,2026-06-19 14:30:00+05:30,2026-06-20 00:30:00+05:30,62466.75,5215973.71,63716.09,58718.75,63073.82,5266664.13,INTRADAY_SQUAREOFF,0.01,50.38,0.000483,2518.9,-24.48,2.99,-27.47,-27.47,5037.81,5010.34
568,BTC/INR,1h,LONG,2026-06-21 01:30:00+05:30,2026-06-22 00:30:00+05:30,63931.95,5338317.83,62653.31,67767.87,64098.45,5352220.93,INTRADAY_SQUAREOFF,0.01,50.1,0.000469,2505.17,6.52,2.96,3.56,3.56,5010.34,5013.9
569,BTC/INR,1h,SHORT,2026-06-23 18:30:00+05:30,2026-06-24 00:30:00+05:30,62101.39,5185466.46,63343.42,58375.31,62177.35,5191809.09,INTRADAY_SQUAREOFF,0.01,50.14,0.000483,2506.95,-3.07,2.96,-6.03,-6.03,5013.9,5007.88
570,BTC/INR,1h,SHORT,2026-06-24 08:30:00+05:30,2026-06-25 00:30:00+05:30,62490.33,5217942.48,63740.14,58740.91,59571.04,4974181.85,INTRADAY_SQUAREOFF,0.01,50.08,0.00048,2503.94,116.97,2.89,114.09,114.09,5007.88,5121.97
571,BTC/INR,1h,SHORT,2026-06-25 06:30:00+05:30,2026-06-25 12:30:00+05:30,60614.16,5061282.21,61826.44,56977.31,61857.35,5165089.11,STOP_LOSS,0.01,51.22,0.000506,2560.98,-52.53,3.05,-55.58,-55.58,5121.97,5066.39
572,BTC/INR,1h,SHORT,2026-06-26 14:30:00+05:30,2026-06-27 00:30:00+05:30,60020.78,5011734.74,61221.19,56419.53,59595.81,4976250.49,INTRADAY_SQUAREOFF,0.01,50.66,0.000505,2533.19,17.94,2.98,14.96,14.96,5066.39,5081.34
573,BTC/INR,1h,SHORT,2026-06-28 20:30:00+05:30,2026-06-29 00:30:00+05:30,59894.2,5001165.54,61092.08,56300.55,59545.76,4972070.79,INTRADAY_SQUAREOFF,0.01,50.81,0.000508,2540.67,14.78,2.99,11.79,11.79,5081.34,5093.14
574,BTC/INR,1h,SHORT,2026-06-29 04:30:00+05:30,2026-06-29 08:30:00+05:30,58827.55,4912100.59,60004.1,55297.9,60034.11,5012847.77,STOP_LOSS,0.01,50.93,0.000518,2546.57,-52.23,3.04,-55.27,-55.27,5093.14,5037.87
575,BTC/INR,1h,SHORT,2026-06-29 19:30:00+05:30,2026-06-29 22:30:00+05:30,59201.67,4943339.08,60385.7,55649.57,60415.89,5044726.96,STOP_LOSS,0.01,50.38,0.00051,2518.93,-51.66,3.0,-54.67,-54.67,5037.87,4983.2
576,BTC/INR,1h,LONG,2026-07-02 03:30:00+05:30,2026-07-02 05:30:00+05:30,60815.69,5078110.4,59599.38,64464.64,59569.58,4974059.92,STOP_LOSS,0.01,49.83,0.000491,2491.6,-51.05,2.91,-53.96,-53.96,4983.2,4929.24
577,BTC/INR,1h,LONG,2026-07-02 07:30:00+05:30,2026-07-03 00:30:00+05:30,60280.88,5033453.09,59075.26,63897.73,61669.86,5149433.36,INTRADAY_SQUAREOFF,0.01,49.29,0.00049,2464.62,56.79,2.94,53.85,53.85,4929.24,4983.09
578,BTC/INR,1h,LONG,2026-07-03 20:30:00+05:30,2026-07-04 00:30:00+05:30,62228.62,5196089.63,60984.05,65962.34,62118.91,5186929.26,INTRADAY_SQUAREOFF,0.01,49.83,0.00048,2491.54,-4.39,2.94,-7.33,-7.33,4983.09,4975.76
579,BTC/INR,1h,LONG,2026-07-04 18:30:00+05:30,2026-07-05 00:30:00+05:30,62660.53,5232154.54,61407.32,66420.17,63081.79,5267329.87,INTRADAY_SQUAREOFF,0.01,49.76,0.000475,2487.88,16.73,2.95,13.78,13.78,4975.76,4989.54
580,BTC/INR,1h,LONG,2026-07-05 13:30:00+05:30,2026-07-06 00:30:00+05:30,63032.88,5263245.45,61772.22,66814.85,62714.39,5236651.47,INTRADAY_SQUAREOFF,0.01,49.9,0.000474,2494.77,-12.61,2.94,-15.54,-15.54,4989.54,4974.0
581,BTC/INR,1h,LONG,2026-07-06 03:30:00+05:30,2026-07-06 17:30:00+05:30,63194.93,5276776.93,61931.03,66986.63,61900.07,5168655.77,STOP_LOSS,0.01,49.74,0.000471,2487.0,-50.96,2.9,-53.86,-53.86,4974.0,4920.13
582,BTC/INR,1h,LONG,2026-07-07 12:30:00+05:30,2026-07-08 00:30:00+05:30,63379.67,5292202.78,62112.08,67182.45,63600.29,5310624.49,INTRADAY_SQUAREOFF,0.01,49.2,0.000465,2460.07,8.56,2.91,5.66,5.66,4920.13,4925.79
583,BTC/INR,1h,SHORT,2026-07-08 18:30:00+05:30,2026-07-09 00:30:00+05:30,61860.54,5165355.3,63097.75,58148.91,62165.16,5190790.6,INTRADAY_SQUAREOFF,0.01,49.26,0.000477,2462.89,-12.13,2.91,-15.04,-15.04,4925.79,4910.75
584,BTC/INR,1h,SHORT,2026-07-09 07:30:00+05:30,2026-07-09 12:30:00+05:30,61771.89,5157952.62,63007.33,58065.57,63038.83,5263742.23,STOP_LOSS,0.01,49.11,0.000476,2455.37,-50.36,2.93,-53.29,-53.29,4910.75,4857.46
585,BTC/INR,1h,LONG,2026-07-10 07:30:00+05:30,2026-07-11 00:30:00+05:30,63922.93,5337564.97,62644.48,67758.31,63706.62,5319502.69,INTRADAY_SQUAREOFF,0.01,48.57,0.000455,2428.73,-8.22,2.86,-11.08,-11.08,4857.46,4846.38
586,BTC/INR,1h,LONG,2026-07-11 05:30:00+05:30,2026-07-12 00:30:00+05:30,64207.45,5361321.83,62923.3,68059.89,64249.85,5364862.25,INTRADAY_SQUAREOFF,0.01,48.46,0.000452,2423.19,1.6,2.86,-1.26,-1.26,4846.38,4845.12
587,BTC/INR,1h,SHORT,2026-07-12 10:30:00+05:30,2026-07-13 00:30:00+05:30,63875.52,5333605.5,65153.03,60042.98,64141.25,5355794.69,INTRADAY_SQUAREOFF,0.01,48.45,0.000454,2422.56,-10.08,2.86,-12.94,-12.94,4845.12,4832.18
588,BTC/INR,1h,SHORT,2026-07-13 03:30:00+05:30,2026-07-14 05:30:00+05:30,63815.86,5328624.09,65092.17,59986.91,62315.53,5203346.99,INTRADAY_SQUAREOFF,0.01,48.32,0.000453,2416.09,56.8,2.82,53.99,53.99,4832.18,4886.16
589,BTC/INR,1h,LONG,2026-07-14 20:30:00+05:30,2026-07-15 00:30:00+05:30,64308.47,5369756.94,63022.3,68166.97,64501.13,5385844.5,INTRADAY_SQUAREOFF,0.01,48.86,0.000455,2443.08,7.32,2.89,4.43,4.43,4886.16,4890.6
590,BTC/INR,1h,LONG,2026-07-15 05:30:00+05:30,2026-07-16 00:30:00+05:30,65033.99,5430338.08,63733.31,68936.03,64785.63,5409600.11,INTRADAY_SQUAREOFF,0.01,48.91,0.00045,2445.3,-9.34,2.88,-12.22,-12.22,4890.6,4878.38
591,BTC/INR,1h,LONG,2026-07-16 11:30:00+05:30,2026-07-17 00:30:00+05:30,64978.54,5425708.37,63678.97,68877.26,64156.73,5357086.61,INTRADAY_SQUAREOFF,0.01,48.78,0.00045,2439.19,-30.85,2.86,-33.71,-33.71,4878.38,4844.67
592,BTC/INR,1h,SHORT,2026-07-17 07:30:00+05:30,2026-07-18 00:30:00+05:30,63387.17,5292828.65,64654.91,59583.94,64245.22,5364475.53,INTRADAY_SQUAREOFF,0.01,48.45,0.000458,2422.33,-32.79,2.88,-35.67,-35.67,4844.67,4809.0
593,BTC/INR,1h,LONG,2026-07-18 09:30:00+05:30,2026-07-19 00:30:00+05:30,64009.55,5344797.21,62729.36,67850.12,64439.8,5380722.9,INTRADAY_SQUAREOFF,0.01,48.09,0.00045,2404.5,16.16,2.85,13.32,13.32,4809.0,4822.31
594,BTC/INR,1h,LONG,2026-07-19 19:30:00+05:30,2026-07-20 00:30:00+05:30,64502.5,5385959.14,63212.45,68372.65,64355.79,5373708.82,INTRADAY_SQUAREOFF,0.01,48.22,0.000448,2411.16,-5.48,2.84,-8.33,-8.33,4822.31,4813.99
595,BTC/INR,1h,LONG,2026-07-20 05:30:00+05:30,2026-07-21 00:30:00+05:30,64758.74,5407354.96,63463.57,68644.27,65159.72,5440836.97,INTRADAY_SQUAREOFF,0.01,48.14,0.000445,2406.99,14.9,2.85,12.05,12.05,4813.99,4826.04
596,BTC/INR,1h,LONG,2026-07-21 02:30:00+05:30,2026-07-22 00:30:00+05:30,65423.25,5462841.7,64114.79,69348.65,66245.52,5531500.66,INTRADAY_SQUAREOFF,0.01,48.26,0.000442,2413.02,30.33,2.87,27.46,27.46,4826.04,4853.51
597,BTC/INR,1h,LONG,2026-07-22 05:30:00+05:30,2026-07-23 00:30:00+05:30,66566.16,5558274.12,65234.83,70560.13,65830.18,5496819.85,INTRADAY_SQUAREOFF,0.01,48.54,0.000437,2426.75,-26.83,2.85,-29.68,-29.68,4853.51,4823.83
598,BTC/INR,1h,SHORT,2026-07-23 07:30:00+05:30,2026-07-24 00:30:00+05:30,65693.18,5485380.2,67007.04,61751.59,64855.46,5415431.1,INTRADAY_SQUAREOFF,0.01,48.24,0.00044,2411.91,30.76,2.83,27.93,27.93,4823.83,4851.76
599,BTC/INR,1h,SHORT,2026-07-24 14:30:00+05:30,2026-07-25 00:30:00+05:30,65224.39,5446236.65,66528.88,61310.93,64254.76,5365272.44,INTRADAY_SQUAREOFF,0.01,48.52,0.000445,2425.88,36.06,2.84,33.22,33.22,4851.76,4884.98
600,BTC/INR,1h,SHORT,2026-07-25 06:30:00+05:30,2026-07-26 00:30:00+05:30,63952.23,5340010.92,65231.27,60115.09,64394.09,5376906.61,INTRADAY_SQUAREOFF,0.01,48.85,0.000457,2442.49,-16.88,2.89,-19.77,-19.77,4884.98,4865.21
601,BTC/INR,1h,LONG,2026-07-26 04:30:00+05:30,2026-07-27 00:30:00+05:30,64401.88,5377557.32,63113.85,68266.0,64653.85,5398596.33,INTRADAY_SQUAREOFF,0.01,48.65,0.000452,2432.6,9.52,2.88,6.64,6.64,4865.21,4871.85
602,BTC/INR,1h,LONG,2026-07-27 04:30:00+05:30,2026-07-28 00:30:00+05:30,65480.72,5467640.45,64171.11,69409.57,64782.6,5409347.45,INTRADAY_SQUAREOFF,0.01,48.72,0.000446,2435.93,-25.97,2.86,-28.83,-28.83,4871.85,4843.02
603,BTC/INR,1h,SHORT,2026-07-28 04:30:00+05:30,2026-07-29 00:30:00+05:30,63688.15,5317960.67,64961.91,59866.86,63688.41,5317981.94,INTRADAY_SQUAREOFF,0.01,48.43,0.000455,2421.51,-0.01,2.86,-2.87,-2.87,4843.02,4840.15
604,BTC/INR,1h,LONG,2026-07-29 15:30:00+05:30,2026-07-30 00:30:00+05:30,64674.1,5400287.53,63380.62,68554.55,64399.23,5377335.34,INTRADAY_SQUAREOFF,0.01,48.4,0.000448,2420.08,-10.29,2.85,-13.14,-13.14,4840.15,4827.02
605,BTC/INR,1h,SHORT,2026-07-31 19:30:00+05:30,2026-08-01 00:30:00+05:30,63128.55,5271233.83,64391.12,59340.84,63076.52,5266889.63,INTRADAY_SQUAREOFF,0.01,48.27,0.000458,2413.51,1.99,2.85,-0.86,-0.86,4827.02,4826.16
606,BTC/INR,1h,SHORT,2026-08-01 05:30:00+05:30,2026-08-02 00:30:00+05:30,62772.69,5241519.43,64028.14,59006.33,62538.88,5221996.71,INTRADAY_SQUAREOFF,0.01,48.26,0.00046,2413.08,8.99,2.84,6.15,6.15,4826.16,4832.31
607,BTC/INR,1h,LONG,2026-08-02 23:30:00+05:30,2026-08-03 01:30:00+05:30,63300.11,5285559.58,62034.11,67098.12,63356.06,5290230.69,INTRADAY_SQUAREOFF,0.01,48.32,0.000457,2416.15,2.14,2.85,-0.72,-0.72,4832.31,4831.59
608,BTC/INR,1h,SHORT,2026-08-03 12:30:00+05:30,2026-08-03 19:30:00+05:30,62497.61,5218550.81,63747.57,58747.76,63779.44,5325583.29,STOP_LOSS,0.01,48.32,0.000463,2415.8,-49.55,2.88,-52.43,-52.43,4831.59,4779.16
609,BTC/INR,1h,LONG,2026-08-04 07:30:00+05:30,2026-08-05 00:30:00+05:30,63888.85,5334719.0,62611.07,67722.18,64219.09,5362293.63,INTRADAY_SQUAREOFF,0.01,47.79,0.000448,2389.58,12.35,2.83,9.52,9.52,4779.16,4788.69
610,BTC/INR,1h,LONG,2026-08-05 07:30:00+05:30,2026-08-06 00:30:00+05:30,64329.54,5371516.53,63042.95,68189.31,64700.63,5402502.9,INTRADAY_SQUAREOFF,0.01,47.89,0.000446,2394.34,13.81,2.83,10.98,10.98,4788.69,4799.67
611,BTC/INR,1h,LONG,2026-08-06 10:30:00+05:30,2026-08-07 00:30:00+05:30,64708.38,5403149.49,63414.21,68590.88,64325.81,5371205.08,INTRADAY_SQUAREOFF,0.01,48.0,0.000444,2399.83,-14.19,2.82,-17.01,-17.01,4799.67,4782.65
612,BTC/INR,1h,SHORT,2026-08-10 21:30:00+05:30,2026-08-11 00:30:00+05:30,64113.43,5353471.18,65395.7,60266.62,63847.25,5331245.17,INTRADAY_SQUAREOFF,0.01,47.83,0.000447,2391.33,9.93,2.82,7.11,7.11,4782.65,4789.77
613,BTC/INR,1h,SHORT,2026-08-11 03:30:00+05:30,2026-08-12 00:30:00+05:30,63871.35,5333257.65,65148.78,60039.07,63322.93,5287464.4,INTRADAY_SQUAREOFF,0.01,47.9,0.000449,2394.88,20.56,2.81,17.75,17.75,4789.77,4807.52
614,BTC/INR,1h,SHORT,2026-08-13 21:30:00+05:30,2026-08-14 00:30:00+05:30,63322.82,5287455.7,64589.28,59523.45,63271.61,5283179.29,INTRADAY_SQUAREOFF,0.01,48.08,0.000455,2403.76,1.94,2.84,-0.89,-0.89,4807.52,4806.62
615,BTC/INR,1h,SHORT,2026-08-14 09:30:00+05:30,2026-08-15 00:30:00+05:30,63206.88,5277774.54,64471.02,59414.47,62887.34,5251092.73,INTRADAY_SQUAREOFF,0.01,48.07,0.000455,2403.31,12.15,2.83,9.32,9.32,4806.62,4815.95
616,BTC/INR,1h,SHORT,2026-08-15 14:30:00+05:30,2026-08-16 00:30:00+05:30,62831.7,5246446.73,64088.33,59061.8,63020.62,5262221.41,INTRADAY_SQUAREOFF,0.01,48.16,0.000459,2407.97,-7.24,2.85,-10.09,-10.09,4815.95,4805.86
617,BTC/INR,1h,SHORT,2026-08-16 05:30:00+05:30,2026-08-17 00:30:00+05:30,62982.61,5259048.27,64242.27,59203.66,63105.84,5269337.47,INTRADAY_SQUAREOFF,0.01,48.06,0.000457,2402.93,-4.7,2.84,-7.54,-7.54,4805.86,4798.32
618,BTC/INR,1h,LONG,2026-08-17 12:30:00+05:30,2026-08-18 00:30:00+05:30,63685.18,5317712.38,62411.47,67506.29,64327.72,5371364.49,INTRADAY_SQUAREOFF,0.01,47.98,0.000451,2399.16,24.21,2.85,21.36,21.36,4798.32,4819.68
619,BTC/INR,1h,LONG,2026-08-18 05:30:00+05:30,2026-08-19 00:30:00+05:30,64557.03,5390512.16,63265.89,68430.45,64696.69,5402173.3,INTRADAY_SQUAREOFF,0.01,48.2,0.000447,2409.84,5.21,2.85,2.37,2.37,4819.68,4822.05
620,BTC/INR,1h,LONG,2026-08-19 16:30:00+05:30,2026-08-19 20:30:00+05:30,64436.98,5380488.13,63148.24,68303.2,68269.05,5700465.76,TARGET_HIT,0.01,48.22,0.000448,2411.02,143.38,2.93,140.45,140.45,4822.05,4962.5
621,BTC/INR,1h,LONG,2026-08-20 10:30:00+05:30,2026-08-21 00:30:00+05:30,69568.19,5808943.75,68176.82,73742.28,72382.58,6043945.4,INTRADAY_SQUAREOFF,0.01,49.63,0.000427,2481.25,100.38,2.99,97.39,97.39,4962.5,5059.89
622,BTC/INR,1h,LONG,2026-08-21 11:30:00+05:30,2026-08-22 00:30:00+05:30,75498.05,6304087.21,73988.09,80027.93,77106.33,6438378.22,INTRADAY_SQUAREOFF,0.01,50.6,0.000401,2529.95,53.89,3.02,50.88,50.88,5059.89,5110.77
623,BTC/INR,1h,LONG,2026-08-22 02:30:00+05:30,2026-08-23 00:30:00+05:30,77557.0,6476009.61,76005.86,82210.42,77223.28,6448143.49,INTRADAY_SQUAREOFF,0.01,51.11,0.000395,2555.38,-11.0,3.01,-14.0,-14.0,5110.77,5096.77
624,BTC/INR,1h,LONG,2026-08-24 12:30:00+05:30,2026-08-25 00:30:00+05:30,77558.02,6476094.46,76006.86,82211.5,78905.13,6588578.29,INTRADAY_SQUAREOFF,0.01,50.97,0.000394,2548.38,44.26,3.03,41.23,41.23,5096.77,5137.99
625,BTC/INR,1h,LONG,2026-08-25 06:30:00+05:30,2026-08-25 18:30:00+05:30,79919.97,6673317.6,78321.57,84715.17,78282.41,6536581.32,STOP_LOSS,0.01,51.38,0.000385,2569.0,-52.64,3.0,-55.64,-55.64,5137.99,5082.36
626,BTC/INR,1h,SHORT,2026-08-26 05:30:00+05:30,2026-08-27 00:30:00+05:30,78349.87,6542213.98,79916.87,73648.88,78495.27,6554354.8,INTRADAY_SQUAREOFF,0.01,50.82,0.000388,2541.18,-4.72,3.0,-7.72,-7.72,5082.36,5074.64
627,BTC/INR,1h,LONG,2026-08-28 06:30:00+05:30,2026-08-28 15:30:00+05:30,80761.1,6743552.06,79145.88,85606.77,79106.31,6605376.68,STOP_LOSS,0.01,50.75,0.000376,2537.32,-51.99,2.96,-54.95,-54.95,5074.64,5019.69
628,BTC/INR,1h,SHORT,2026-08-29 09:30:00+05:30,2026-08-30 00:30:00+05:30,77462.28,6468100.44,79011.53,72814.54,78192.07,6529037.74,INTRADAY_SQUAREOFF,0.01,50.2,0.000388,2509.84,-23.65,2.98,-26.62,-26.62,5019.69,4993.06
629,BTC/INR,1h,LONG,2026-08-30 22:30:00+05:30,2026-08-31 00:30:00+05:30,79420.03,6631572.83,77831.63,84185.24,78988.53,6595542.49,INTRADAY_SQUAREOFF,0.01,49.93,0.000376,2496.53,-13.56,2.94,-16.5,-16.5,4993.06,4976.56
630,BTC/INR,1h,SHORT,2026-08-31 17:30:00+05:30,2026-09-01 00:30:00+05:30,78228.94,6532116.18,79793.52,73535.2,79048.0,6600508.35,INTRADAY_SQUAREOFF,0.01,49.77,0.000381,2488.28,-26.05,2.95,-29.0,-29.0,4976.56,4947.56
631,BTC/INR,1h,SHORT,2026-09-01 04:30:00+05:30,2026-09-02 00:30:00+05:30,78515.76,6556066.09,80086.08,73804.82,77165.43,6443313.46,INTRADAY_SQUAREOFF,0.01,49.48,0.000377,2473.78,42.54,2.89,39.65,39.65,4947.56,4987.21
632,BTC/INR,1h,SHORT,2026-09-02 14:30:00+05:30,2026-09-03 00:30:00+05:30,76663.14,6401372.31,78196.4,72063.35,77378.44,6461100.02,INTRADAY_SQUAREOFF,0.01,49.87,0.00039,2493.6,-23.27,2.96,-26.22,-26.22,4987.21,4960.99
633,BTC/INR,1h,SHORT,2026-09-03 04:30:00+05:30,2026-09-03 17:30:00+05:30,76951.15,6425420.67,78490.17,72334.08,78529.41,6557206.05,STOP_LOSS,0.01,49.61,0.000386,2480.49,-50.87,2.96,-53.83,-53.83,4960.99,4907.15
634,BTC/INR,1h,LONG,2026-09-04 01:30:00+05:30,2026-09-04 17:30:00+05:30,81853.22,6834743.76,80216.15,86764.41,80176.05,6694699.86,STOP_LOSS,0.01,49.07,0.000359,2453.58,-50.27,2.87,-53.14,-53.14,4907.15,4854.01
635,BTC/INR,1h,SHORT,2026-09-05 06:30:00+05:30,2026-09-06 00:30:00+05:30,79534.68,6641145.91,81125.38,74762.6,80034.27,6682861.59,INTRADAY_SQUAREOFF,0.01,48.54,0.000365,2427.01,-15.25,2.87,-18.12,-18.12,4854.01,4835.9
636,BTC/INR,1h,SHORT,2026-09-07 19:30:00+05:30,2026-09-08 00:30:00+05:30,79269.92,6619037.95,80855.31,74513.72,79234.62,6616090.85,INTRADAY_SQUAREOFF,0.01,48.36,0.000365,2417.95,1.08,2.85,-1.78,-1.78,4835.9,4834.12
637,BTC/INR,1h,SHORT,2026-09-08 03:30:00+05:30,2026-09-09 00:30:00+05:30,79099.92,6604843.52,80681.92,74353.93,78492.09,6554089.16,INTRADAY_SQUAREOFF,0.01,48.34,0.000366,2417.06,18.57,2.84,15.73,15.73,4834.12,4849.85
638,BTC/INR,1h,LONG,2026-09-09 17:30:00+05:30,2026-09-10 00:30:00+05:30,79386.2,6628748.08,77798.48,84149.38,78360.31,6543085.72,INTRADAY_SQUAREOFF,0.01,48.5,0.000366,2424.93,-31.34,2.84,-34.18,-34.18,4849.85,4815.67
639,BTC/INR,1h,SHORT,2026-09-10 15:30:00+05:30,2026-09-11 00:30:00+05:30,77864.36,6501674.13,79421.65,73192.5,77245.67,6450013.11,INTRADAY_SQUAREOFF,0.01,48.16,0.00037,2407.84,19.13,2.83,16.3,16.3,4815.67,4831.98
640,BTC/INR,1h,SHORT,2026-09-11 04:30:00+05:30,2026-09-11 18:30:00+05:30,76747.28,6408397.8,78282.22,72142.44,78321.37,6539834.04,STOP_LOSS,0.01,48.32,0.000377,2415.99,-49.55,2.88,-52.43,-52.43,4831.98,4779.54
641,BTC/INR,1h,LONG,2026-09-12 14:30:00+05:30,2026-09-13 00:30:00+05:30,77395.21,6462499.99,75847.31,82038.92,77087.72,6436824.46,INTRADAY_SQUAREOFF,0.01,47.8,0.00037,2389.77,-9.49,2.81,-12.31,-12.31,4779.54,4767.23
642,BTC/INR,1h,LONG,2026-09-13 03:30:00+05:30,2026-09-14 00:30:00+05:30,77300.57,6454597.47,75754.56,81938.6,77273.67,6452351.61,INTRADAY_SQUAREOFF,0.01,47.67,0.000369,2383.62,-0.83,2.81,-3.64,-3.64,4767.23,4763.59
643,BTC/INR,1h,LONG,2026-09-14 13:30:00+05:30,2026-09-15 00:30:00+05:30,77898.08,6504489.51,76340.12,82571.96,79160.4,6609893.4,INTRADAY_SQUAREOFF,0.01,47.64,0.000366,2381.8,38.6,2.83,35.76,35.76,4763.59,4799.36
644,BTC/INR,1h,SHORT,2026-09-16 03:30:00+05:30,2026-09-17 00:30:00+05:30,75309.98,6288383.53,76816.18,70791.38,75608.21,6313285.94,INTRADAY_SQUAREOFF,0.01,47.99,0.000382,2399.68,-9.5,2.84,-12.34,-12.34,4799.36,4787.02
645,BTC/INR,1h,SHORT,2026-09-17 03:30:00+05:30,2026-09-18 00:30:00+05:30,75819.67,6330942.68,77336.07,71270.49,76544.65,6391478.41,INTRADAY_SQUAREOFF,0.01,47.87,0.000378,2393.51,-22.89,2.84,-25.72,-25.72,4787.02,4761.29
646,BTC/INR,1h,LONG,2026-09-18 13:30:00+05:30,2026-09-19 00:30:00+05:30,77812.66,6497357.14,76256.41,82481.42,80889.14,6754242.92,INTRADAY_SQUAREOFF,0.01,47.61,0.000366,2380.65,94.12,2.86,91.26,91.26,4761.29,4852.55
647,BTC/INR,1h,LONG,2026-09-19 06:30:00+05:30,2026-09-20 00:30:00+05:30,81716.81,6823354.01,80082.48,86619.82,81386.61,6795781.66,INTRADAY_SQUAREOFF,0.01,48.53,0.000356,2426.28,-9.8,2.86,-12.66,-12.66,4852.55,4839.89
648,BTC/INR,1h,LONG,2026-09-20 04:30:00+05:30,2026-09-21 00:30:00+05:30,81278.16,6786726.18,79652.59,86154.85,80999.47,6763455.93,INTRADAY_SQUAREOFF,0.01,48.4,0.000357,2419.94,-8.3,2.85,-11.15,-11.15,4839.89,4828.74
649,BTC/INR,1h,LONG,2026-09-21 13:30:00+05:30,2026-09-22 00:30:00+05:30,81756.24,6826646.08,80121.12,86661.61,86618.28,7232626.72,TARGET_HIT,0.01,48.29,0.000354,2414.37,143.58,2.93,140.65,140.65,4828.74,4969.39
650,BTC/INR,1h,LONG,2026-09-22 14:30:00+05:30,2026-09-23 00:30:00+05:30,86374.71,7212288.51,84647.22,91557.2,86431.22,7217006.53,INTRADAY_SQUAREOFF,0.01,49.69,0.000345,2484.7,1.63,2.93,-1.31,-1.31,4969.39,4968.08
651,BTC/INR,1h,LONG,2026-09-23 10:30:00+05:30,2026-09-23 16:30:00+05:30,87324.49,7291595.08,85578.0,92563.96,85535.21,7142190.3,STOP_LOSS,0.01,49.68,0.000341,2484.04,-50.9,2.9,-53.8,-53.8,4968.08,4914.28
