trade_no,coin,timeframe,direction,entry_time,exit_time,entry_price_usd,entry_price_inr,stop_price_usd,target_price_usd,exit_price_usd,exit_price_inr,exit_reason,risk_pct,risk_inr,position_size_coin,position_size_inr,gross_pnl_inr,fees_inr,net_pnl_inr,net_pnl,equity_before,equity_after
1,ETH/INR,1h,LONG,2024-09-27 06:30:00+05:30,2024-09-27 21:30:00+05:30,2642.67,220662.56,2616.24,2721.95,2720.58,227168.8,TARGET_HIT,0.01,100.0,0.043052,9500.0,280.11,11.38,268.73,268.73,10000.0,10268.73
2,ETH/INR,1h,LONG,2024-09-28 04:30:00+05:30,2024-09-28 11:30:00+05:30,2709.34,226229.73,2682.24,2790.62,2680.9,223855.45,STOP_LOSS,0.01,102.69,0.043121,9755.3,-102.38,11.45,-113.83,-113.83,10268.73,10154.9
3,ETH/INR,1h,SHORT,2024-09-30 02:30:00+05:30,2024-10-01 00:30:00+05:30,2657.87,221931.99,2684.45,2578.13,2589.83,216250.88,INTRADAY_SQUAREOFF,0.01,101.55,0.043469,9647.15,246.95,11.24,235.71,235.71,10154.9,10390.61
4,ETH/INR,1h,SHORT,2024-10-02 15:30:00+05:30,2024-10-02 21:30:00+05:30,2446.89,204315.37,2471.36,2373.48,2472.6,206461.71,STOP_LOSS,0.01,103.91,0.048313,9871.08,-103.7,11.71,-115.4,-115.4,10390.61,10275.21
5,ETH/INR,1h,SHORT,2024-10-03 11:30:00+05:30,2024-10-04 00:30:00+05:30,2381.77,198877.85,2405.59,2310.32,2345.34,195835.83,INTRADAY_SQUAREOFF,0.01,102.75,0.049083,9761.45,149.31,11.43,137.88,137.88,10275.21,10413.09
6,ETH/INR,1h,SHORT,2024-10-04 06:30:00+05:30,2024-10-04 08:30:00+05:30,2338.94,195301.09,2362.32,2268.77,2363.51,197352.72,STOP_LOSS,0.01,104.13,0.050652,9892.43,-103.92,11.73,-115.65,-115.65,10413.09,10297.43
7,ETH/INR,1h,SHORT,2024-10-04 15:30:00+05:30,2024-10-04 20:30:00+05:30,2374.18,198244.03,2397.92,2302.95,2399.12,200326.58,STOP_LOSS,0.01,102.97,0.049346,9782.56,-102.77,11.6,-114.37,-114.37,10297.43,10183.06
8,ETH/INR,1h,LONG,2024-10-05 06:30:00+05:30,2024-10-05 08:30:00+05:30,2425.44,202524.37,2401.19,2498.2,2399.99,200398.88,STOP_LOSS,0.01,101.83,0.047767,9673.91,-101.53,11.36,-112.88,-112.88,10183.06,10070.18
9,ETH/INR,1h,LONG,2024-10-05 11:30:00+05:30,2024-10-06 00:30:00+05:30,2418.83,201972.7,2394.65,2491.4,2393.45,199853.0,STOP_LOSS,0.01,100.7,0.047366,9566.67,-100.4,11.23,-111.63,-111.63,10070.18,9958.55
10,ETH/INR,1h,LONG,2024-10-06 17:30:00+05:30,2024-10-07 00:30:00+05:30,2430.84,202975.35,2406.53,2503.77,2444.87,204146.48,INTRADAY_SQUAREOFF,0.01,99.59,0.04661,9460.62,54.59,11.2,43.39,43.39,9958.55,10001.94
11,ETH/INR,1h,SHORT,2024-10-08 04:30:00+05:30,2024-10-08 06:30:00+05:30,2413.96,201565.75,2438.1,2341.54,2439.32,203683.2,STOP_LOSS,0.01,100.02,0.04714,9501.84,-99.82,11.27,-111.09,-111.09,10001.94,9890.85
12,ETH/INR,1h,SHORT,2024-10-09 04:30:00+05:30,2024-10-09 06:30:00+05:30,2438.62,203624.56,2463.0,2365.46,2464.24,205763.64,STOP_LOSS,0.01,98.91,0.046145,9396.31,-98.71,11.15,-109.85,-109.85,9890.85,9781.0
13,ETH/INR,1h,SHORT,2024-10-09 14:30:00+05:30,2024-10-09 20:30:00+05:30,2427.63,202707.5,2451.91,2354.81,2453.14,204836.94,STOP_LOSS,0.01,97.81,0.045839,9291.95,-97.61,11.02,-108.63,-108.63,9781.0,9672.36
14,ETH/INR,1h,SHORT,2024-10-09 22:30:00+05:30,2024-10-10 00:30:00+05:30,2428.88,202811.15,2453.16,2356.01,2413.49,201526.5,INTRADAY_SQUAREOFF,0.01,96.72,0.045307,9188.75,58.2,10.81,47.39,47.39,9672.36,9719.76
15,ETH/INR,1h,SHORT,2024-10-10 02:30:00+05:30,2024-10-10 05:30:00+05:30,2354.46,196597.36,2378.0,2283.83,2379.19,198662.61,STOP_LOSS,0.01,97.2,0.046968,9233.77,-97.0,10.95,-107.95,-107.95,9719.76,9611.81
16,ETH/INR,1h,SHORT,2024-10-10 14:30:00+05:30,2024-10-10 16:30:00+05:30,2379.79,198712.46,2403.59,2308.4,2404.79,200799.94,STOP_LOSS,0.01,96.12,0.045952,9131.21,-95.92,10.83,-106.75,-106.75,9611.81,9505.05
17,ETH/INR,1h,SHORT,2024-10-10 23:30:00+05:30,2024-10-11 01:30:00+05:30,2365.05,197482.09,2388.71,2294.1,2366.52,197604.73,INTRADAY_SQUAREOFF,0.01,95.05,0.045725,9029.8,-5.61,10.66,-16.27,-16.27,9505.05,9488.78
18,ETH/INR,1h,SHORT,2024-10-11 14:30:00+05:30,2024-10-11 18:30:00+05:30,2400.07,200406.12,2424.07,2328.07,2425.29,202511.39,STOP_LOSS,0.01,94.89,0.04498,9014.34,-94.7,10.69,-105.39,-105.39,9488.78,9383.4
19,ETH/INR,1h,LONG,2024-10-11 23:30:00+05:30,2024-10-12 01:30:00+05:30,2451.88,204731.79,2427.36,2525.43,2456.71,205135.67,INTRADAY_SQUAREOFF,0.01,93.83,0.043541,8914.23,17.59,10.53,7.06,7.06,9383.4,9390.45
20,ETH/INR,1h,LONG,2024-10-12 06:30:00+05:30,2024-10-13 00:30:00+05:30,2448.93,204485.75,2424.44,2522.4,2468.11,206086.92,INTRADAY_SQUAREOFF,0.01,93.9,0.043626,8920.93,69.85,10.57,59.29,59.29,9390.45,9449.74
21,ETH/INR,1h,LONG,2024-10-13 03:30:00+05:30,2024-10-13 19:30:00+05:30,2480.23,207099.16,2455.43,2554.64,2454.2,204925.66,STOP_LOSS,0.01,94.5,0.043348,8977.25,-94.22,10.54,-104.75,-104.75,9449.74,9344.98
22,ETH/INR,1h,SHORT,2024-10-14 06:30:00+05:30,2024-10-14 08:30:00+05:30,2448.86,204479.46,2473.34,2375.39,2474.58,206627.51,STOP_LOSS,0.01,93.45,0.043416,8877.73,-93.26,10.53,-103.79,-103.79,9344.98,9241.19
23,ETH/INR,1h,LONG,2024-10-14 18:30:00+05:30,2024-10-14 20:30:00+05:30,2560.8,213826.72,2535.19,2637.62,2636.3,220131.4,TARGET_HIT,0.01,92.41,0.041057,8779.13,258.85,10.51,248.34,248.34,9241.19,9489.53
24,ETH/INR,1h,LONG,2024-10-15 04:30:00+05:30,2024-10-15 06:30:00+05:30,2650.52,221318.78,2624.02,2730.04,2622.71,218996.04,STOP_LOSS,0.01,94.9,0.040733,9015.06,-94.61,10.58,-105.19,-105.19,9489.53,9384.34
25,ETH/INR,1h,SHORT,2024-10-16 19:30:00+05:30,2024-10-17 00:30:00+05:30,2602.75,217329.54,2628.78,2524.67,2618.76,218666.53,INTRADAY_SQUAREOFF,0.01,93.84,0.041021,8915.12,-54.85,10.55,-65.4,-65.4,9384.34,9318.94
26,ETH/INR,1h,SHORT,2024-10-17 05:30:00+05:30,2024-10-17 07:30:00+05:30,2608.68,217825.18,2634.77,2530.42,2636.09,220113.43,STOP_LOSS,0.01,93.19,0.040643,8852.99,-93.0,10.5,-103.5,-103.5,9318.94,9215.44
27,ETH/INR,1h,SHORT,2024-10-17 15:30:00+05:30,2024-10-18 00:30:00+05:30,2614.95,218348.24,2641.1,2536.5,2587.79,216080.27,INTRADAY_SQUAREOFF,0.01,92.15,0.040095,8754.67,90.93,10.28,80.66,80.66,9215.44,9296.1
28,ETH/INR,1h,SHORT,2024-10-18 06:30:00+05:30,2024-10-18 08:30:00+05:30,2594.98,216680.91,2620.93,2517.13,2622.24,218957.14,STOP_LOSS,0.01,92.96,0.040757,8831.29,-92.77,10.48,-103.25,-103.25,9296.1,9192.85
29,ETH/INR,1h,LONG,2024-10-19 08:30:00+05:30,2024-10-20 00:30:00+05:30,2648.15,221120.9,2621.67,2727.6,2640.36,220470.31,INTRADAY_SQUAREOFF,0.01,91.93,0.039495,8733.2,-25.7,10.29,-35.99,-35.99,9192.85,9156.86
30,ETH/INR,1h,LONG,2024-10-20 04:30:00+05:30,2024-10-21 00:30:00+05:30,2653.71,221584.8,2627.17,2733.32,2699.99,225448.89,INTRADAY_SQUAREOFF,0.01,91.57,0.039258,8699.02,151.7,10.35,141.34,141.34,9156.86,9298.2
31,ETH/INR,1h,LONG,2024-10-21 02:30:00+05:30,2024-10-21 17:30:00+05:30,2718.03,226955.09,2690.84,2799.57,2689.5,224573.2,STOP_LOSS,0.01,92.98,0.038921,8833.29,-92.71,10.37,-103.07,-103.07,9298.2,9195.13
32,ETH/INR,1h,SHORT,2024-10-22 05:30:00+05:30,2024-10-23 00:30:00+05:30,2664.29,222468.5,2690.94,2584.36,2622.02,218938.43,INTRADAY_SQUAREOFF,0.01,91.95,0.039266,8735.37,138.61,10.23,128.38,128.38,9195.13,9323.52
33,ETH/INR,1h,SHORT,2024-10-23 05:30:00+05:30,2024-10-23 20:30:00+05:30,2616.6,218486.26,2642.77,2538.1,2539.37,212037.64,TARGET_HIT,0.01,93.24,0.04054,8857.34,261.42,10.3,251.13,251.13,9323.52,9574.64
34,ETH/INR,1h,SHORT,2024-10-24 03:30:00+05:30,2024-10-24 05:30:00+05:30,2500.04,208752.94,2525.04,2425.03,2526.3,210945.89,STOP_LOSS,0.01,95.75,0.043573,9095.91,-95.55,10.79,-106.34,-106.34,9574.64,9468.3
35,ETH/INR,1h,LONG,2024-10-25 19:30:00+05:30,2024-10-25 21:30:00+05:30,2551.82,213077.19,2526.3,2628.38,2525.04,210840.95,STOP_LOSS,0.01,94.68,0.042214,8994.89,-94.4,10.56,-104.96,-104.96,9468.3,9363.34
36,ETH/INR,1h,SHORT,2024-10-26 19:30:00+05:30,2024-10-27 00:30:00+05:30,2460.99,205492.43,2485.6,2387.16,2479.04,206999.75,INTRADAY_SQUAREOFF,0.01,93.63,0.043287,8895.17,-65.25,10.53,-75.78,-75.78,9363.34,9287.56
37,ETH/INR,1h,LONG,2024-10-28 03:30:00+05:30,2024-10-28 07:30:00+05:30,2515.08,210009.29,2489.93,2590.53,2488.69,207805.25,STOP_LOSS,0.01,92.88,0.042013,8823.18,-92.6,10.36,-102.96,-102.96,9287.56,9184.6
38,ETH/INR,1h,LONG,2024-10-29 02:30:00+05:30,2024-10-29 07:30:00+05:30,2517.22,210187.62,2492.04,2592.73,2591.44,216385.0,TARGET_HIT,0.01,91.85,0.041512,8725.37,257.27,10.45,246.82,246.82,9184.6,9431.42
39,ETH/INR,1h,LONG,2024-10-29 16:30:00+05:30,2024-10-30 00:30:00+05:30,2636.84,220175.91,2610.47,2715.94,2663.33,222388.22,INTRADAY_SQUAREOFF,0.01,94.31,0.040694,8959.85,90.03,10.63,79.4,79.4,9431.42,9510.82
40,ETH/INR,1h,LONG,2024-10-30 05:30:00+05:30,2024-10-31 00:30:00+05:30,2639.65,220410.83,2613.25,2718.84,2664.41,222478.04,INTRADAY_SQUAREOFF,0.01,95.11,0.040993,9035.28,84.74,10.71,74.03,74.03,9510.82,9584.85
41,ETH/INR,1h,LONG,2024-10-31 02:30:00+05:30,2024-10-31 06:30:00+05:30,2679.27,223718.87,2652.48,2759.65,2651.15,221370.94,STOP_LOSS,0.01,95.85,0.040701,9105.61,-95.56,10.69,-106.25,-106.25,9584.85,9478.6
42,ETH/INR,1h,SHORT,2024-11-01 07:30:00+05:30,2024-11-01 16:30:00+05:30,2496.39,208448.57,2521.35,2421.5,2522.61,210638.33,STOP_LOSS,0.01,94.79,0.043199,9004.67,-94.59,10.68,-105.28,-105.28,9478.6,9373.33
43,ETH/INR,1h,SHORT,2024-11-02 18:30:00+05:30,2024-11-03 00:30:00+05:30,2485.12,207507.49,2509.97,2410.57,2488.06,207752.77,INTRADAY_SQUAREOFF,0.01,93.73,0.042912,8904.66,-10.53,10.51,-21.04,-21.04,9373.33,9352.29
44,ETH/INR,1h,SHORT,2024-11-03 11:30:00+05:30,2024-11-04 00:30:00+05:30,2440.87,203812.34,2465.28,2367.64,2425.05,202491.78,INTRADAY_SQUAREOFF,0.01,93.52,0.043592,8884.67,57.57,10.45,47.12,47.12,9352.29,9399.4
45,ETH/INR,1h,LONG,2024-11-04 12:30:00+05:30,2024-11-04 14:30:00+05:30,2479.19,207012.15,2454.4,2553.56,2453.17,204839.56,STOP_LOSS,0.01,93.99,0.043135,8929.43,-93.71,10.48,-104.2,-104.2,9399.4,9295.21
46,ETH/INR,1h,LONG,2024-11-04 18:30:00+05:30,2024-11-04 20:30:00+05:30,2476.38,206778.13,2451.62,2550.68,2450.4,204607.99,STOP_LOSS,0.01,92.95,0.042705,8830.45,-92.68,10.37,-103.04,-103.04,9295.21,9192.17
47,ETH/INR,1h,SHORT,2024-11-05 03:30:00+05:30,2024-11-05 05:30:00+05:30,2360.39,197092.38,2383.99,2289.58,2385.18,199162.84,STOP_LOSS,0.01,91.92,0.044307,8732.56,-91.74,10.36,-102.09,-102.09,9192.17,9090.07
48,ETH/INR,1h,LONG,2024-11-06 15:30:00+05:30,2024-11-07 00:30:00+05:30,2630.36,219635.4,2604.06,2709.28,2678.69,223671.0,INTRADAY_SQUAREOFF,0.01,90.9,0.039318,8635.57,158.67,10.28,148.39,148.39,9090.07,9238.46
49,ETH/INR,1h,LONG,2024-11-07 04:30:00+05:30,2024-11-07 06:30:00+05:30,2741.11,228882.47,2713.7,2823.34,2821.93,235631.07,TARGET_HIT,0.01,92.38,0.038345,8776.54,258.78,10.51,248.27,248.27,9238.46,9486.73
50,ETH/INR,1h,LONG,2024-11-07 21:30:00+05:30,2024-11-08 00:30:00+05:30,2851.05,238062.8,2822.54,2936.58,2880.69,240537.7,INTRADAY_SQUAREOFF,0.01,94.87,0.037857,9012.39,93.69,10.69,83.0,83.0,9486.73,9569.73
51,ETH/INR,1h,LONG,2024-11-08 07:30:00+05:30,2024-11-08 12:30:00+05:30,2930.75,244717.73,2901.44,3018.67,2899.99,242149.42,STOP_LOSS,0.01,95.7,0.03715,9091.24,-95.41,10.67,-106.08,-106.08,9569.73,9463.65
52,ETH/INR,1h,LONG,2024-11-08 15:30:00+05:30,2024-11-09 00:30:00+05:30,2921.58,243952.27,2892.37,3009.23,2959.72,247137.01,INTRADAY_SQUAREOFF,0.01,94.64,0.036853,8990.46,117.37,10.68,106.69,106.69,9463.65,9570.34
53,ETH/INR,1h,LONG,2024-11-09 05:30:00+05:30,2024-11-09 11:30:00+05:30,2964.59,247543.18,2934.94,3053.53,3052.0,254841.99,TARGET_HIT,0.01,95.7,0.036728,9091.82,268.07,10.89,257.19,257.19,9570.34,9827.52
54,ETH/INR,1h,LONG,2024-11-09 15:30:00+05:30,2024-11-09 22:30:00+05:30,3051.04,254761.79,3020.53,3142.57,3019.02,252088.07,STOP_LOSS,0.01,98.28,0.036647,9336.15,-97.98,10.96,-108.94,-108.94,9827.52,9718.58
55,ETH/INR,1h,LONG,2024-11-10 04:30:00+05:30,2024-11-10 06:30:00+05:30,3142.71,262416.53,3111.29,3236.99,3109.73,259662.47,STOP_LOSS,0.01,97.19,0.035183,9232.65,-96.9,10.84,-107.73,-107.73,9718.58,9610.85
56,ETH/INR,1h,LONG,2024-11-10 10:30:00+05:30,2024-11-11 00:30:00+05:30,3184.93,265941.25,3153.08,3280.47,3219.03,268789.19,INTRADAY_SQUAREOFF,0.01,96.11,0.034332,9130.3,97.78,10.83,86.94,86.94,9610.85,9697.79
57,ETH/INR,1h,LONG,2024-11-12 04:30:00+05:30,2024-11-12 06:30:00+05:30,3347.65,279529.02,3314.18,3448.08,3312.52,276595.37,STOP_LOSS,0.01,96.98,0.032959,9212.9,-96.69,10.81,-107.5,-107.5,9697.79,9590.29
58,ETH/INR,1h,LONG,2024-11-12 09:30:00+05:30,2024-11-12 15:30:00+05:30,3341.6,279023.71,3308.19,3441.85,3306.53,276095.36,STOP_LOSS,0.01,95.9,0.032652,9110.77,-95.62,10.69,-106.31,-106.31,9590.29,9483.97
59,ETH/INR,1h,SHORT,2024-11-15 02:30:00+05:30,2024-11-16 00:30:00+05:30,3098.56,258729.95,3129.55,3005.61,3021.36,252283.52,INTRADAY_SQUAREOFF,0.01,94.84,0.034823,9009.78,224.48,10.5,213.99,213.99,9483.97,9697.96
60,ETH/INR,1h,LONG,2024-11-17 00:30:00+05:30,2024-11-17 02:30:00+05:30,3184.42,265898.83,3152.57,3279.95,3151.0,263108.22,STOP_LOSS,0.01,96.98,0.034649,9213.06,-96.69,10.81,-107.51,-107.51,9697.96,9590.45
61,ETH/INR,1h,LONG,2024-11-17 06:30:00+05:30,2024-11-17 08:30:00+05:30,3155.58,263491.09,3124.03,3250.25,3122.46,260725.75,STOP_LOSS,0.01,95.9,0.034578,9110.93,-95.62,10.69,-106.31,-106.31,9590.45,9484.14
62,ETH/INR,1h,SHORT,2024-11-17 17:30:00+05:30,2024-11-18 00:30:00+05:30,3101.17,258947.6,3132.18,3008.13,3084.09,257521.67,INTRADAY_SQUAREOFF,0.01,94.84,0.034794,9009.93,49.61,10.6,39.01,39.01,9484.14,9523.15
63,ETH/INR,1h,SHORT,2024-11-18 02:30:00+05:30,2024-11-18 05:30:00+05:30,3066.72,256070.98,3097.39,2974.72,3098.93,258761.0,STOP_LOSS,0.01,95.23,0.03533,9047.0,-95.04,10.73,-105.77,-105.77,9523.15,9417.38
64,ETH/INR,1h,SHORT,2024-11-18 17:30:00+05:30,2024-11-18 19:30:00+05:30,3051.01,254759.45,3081.52,2959.48,3083.06,257435.69,STOP_LOSS,0.01,94.17,0.035117,8946.51,-93.98,10.61,-104.6,-104.6,9417.38,9312.79
65,ETH/INR,1h,LONG,2024-11-19 05:30:00+05:30,2024-11-19 07:30:00+05:30,3226.74,269433.06,3194.48,3323.55,3192.88,266605.36,STOP_LOSS,0.01,93.13,0.032836,8847.15,-92.85,10.38,-103.24,-103.24,9312.79,9209.55
66,ETH/INR,1h,LONG,2024-11-19 17:30:00+05:30,2024-11-19 19:30:00+05:30,3131.27,261461.08,3099.96,3225.21,3098.41,258717.05,STOP_LOSS,0.01,92.1,0.033462,8749.07,-91.82,10.27,-102.09,-102.09,9209.55,9107.46
67,ETH/INR,1h,LONG,2024-11-20 05:30:00+05:30,2024-11-20 08:30:00+05:30,3118.19,260369.0,3087.01,3211.74,3085.47,257636.43,STOP_LOSS,0.01,91.07,0.03323,8652.09,-90.8,10.16,-100.96,-100.96,9107.46,9006.5
68,ETH/INR,1h,LONG,2024-11-20 14:30:00+05:30,2024-11-20 16:30:00+05:30,3131.65,261492.55,3100.33,3225.6,3098.78,258748.19,STOP_LOSS,0.01,90.07,0.032721,8556.18,-89.8,10.04,-99.84,-99.84,9006.5,8906.66
69,ETH/INR,1h,LONG,2024-11-20 19:30:00+05:30,2024-11-20 21:30:00+05:30,3117.55,260315.48,3086.38,3211.08,3084.83,257583.47,STOP_LOSS,0.01,89.07,0.032504,8461.33,-88.8,9.93,-98.73,-98.73,8906.66,8807.93
70,ETH/INR,1h,LONG,2024-11-22 00:30:00+05:30,2024-11-22 02:30:00+05:30,3384.06,282568.67,3350.22,3485.58,3348.54,279603.11,STOP_LOSS,0.01,88.08,0.029612,8367.53,-87.82,9.82,-97.64,-97.64,8807.93,8710.29
71,ETH/INR,1h,LONG,2024-11-22 04:30:00+05:30,2024-11-22 06:30:00+05:30,3380.58,282278.58,3346.78,3482.0,3345.1,279316.06,STOP_LOSS,0.01,87.1,0.029314,8274.77,-86.84,9.71,-96.56,-96.56,8710.29,8613.73
72,ETH/INR,1h,LONG,2024-11-24 07:30:00+05:30,2024-11-24 10:30:00+05:30,3440.32,287266.57,3405.91,3543.53,3404.21,284251.71,STOP_LOSS,0.01,86.14,0.028486,8183.04,-85.88,9.61,-95.49,-95.49,8613.73,8518.24
73,ETH/INR,1h,LONG,2024-11-24 12:30:00+05:30,2024-11-24 14:30:00+05:30,3433.31,286681.25,3398.98,3536.31,3397.28,283672.53,STOP_LOSS,0.01,85.18,0.028228,8092.33,-84.93,9.5,-94.43,-94.43,8518.24,8423.82
74,ETH/INR,1h,SHORT,2024-11-24 21:30:00+05:30,2024-11-24 23:30:00+05:30,3293.7,275023.89,3326.64,3194.89,3328.3,277913.01,STOP_LOSS,0.01,84.24,0.029098,8002.63,-84.07,9.49,-93.56,-93.56,8423.82,8330.26
75,ETH/INR,1h,LONG,2024-11-25 21:30:00+05:30,2024-11-25 23:30:00+05:30,3532.2,294938.5,3496.88,3638.16,3495.13,291843.12,STOP_LOSS,0.01,83.3,0.026832,7913.74,-83.05,9.29,-92.34,-92.34,8330.26,8237.91
76,ETH/INR,1h,LONG,2024-11-26 02:30:00+05:30,2024-11-26 04:30:00+05:30,3503.11,292509.93,3468.08,3608.21,3466.35,289440.04,STOP_LOSS,0.01,82.38,0.026755,7826.02,-82.13,9.19,-91.32,-91.32,8237.91,8146.59
77,ETH/INR,1h,SHORT,2024-11-26 21:30:00+05:30,2024-11-26 23:30:00+05:30,3297.1,275308.23,3330.08,3198.19,3331.74,278200.34,STOP_LOSS,0.01,81.47,0.028111,7739.26,-81.3,9.18,-90.48,-90.48,8146.59,8056.11
78,ETH/INR,1h,SHORT,2024-11-27 06:30:00+05:30,2024-11-27 08:30:00+05:30,3305.63,276020.46,3338.69,3206.47,3340.36,278920.05,STOP_LOSS,0.01,80.56,0.027727,7653.31,-80.4,9.08,-89.48,-89.48,8056.11,7966.63
79,ETH/INR,1h,LONG,2024-11-28 00:30:00+05:30,2024-11-28 19:30:00+05:30,3597.94,300428.15,3561.96,3705.88,3560.18,297275.15,STOP_LOSS,0.01,79.67,0.025192,7568.3,-79.43,8.88,-88.31,-88.31,7966.63,7878.32
80,ETH/INR,1h,LONG,2024-11-30 11:30:00+05:30,2024-11-30 15:30:00+05:30,3695.96,308613.01,3659.0,3806.84,3657.18,305374.12,STOP_LOSS,0.01,78.78,0.024252,7484.41,-78.55,8.79,-87.33,-87.33,7878.32,7790.99
81,ETH/INR,1h,LONG,2024-12-01 01:30:00+05:30,2024-12-02 00:30:00+05:30,3698.83,308852.56,3661.84,3809.8,3712.17,309966.22,INTRADAY_SQUAREOFF,0.01,77.91,0.023964,7401.44,26.69,8.75,17.94,17.94,7790.99,7808.93
82,ETH/INR,1h,LONG,2024-12-02 07:30:00+05:30,2024-12-02 09:30:00+05:30,3739.57,312254.28,3702.18,3851.76,3700.33,308977.17,STOP_LOSS,0.01,78.09,0.023758,7418.48,-77.86,8.71,-86.56,-86.56,7808.93,7722.36
83,ETH/INR,1h,SHORT,2024-12-02 16:30:00+05:30,2024-12-02 18:30:00+05:30,3572.41,298295.94,3608.13,3465.23,3609.93,301429.54,STOP_LOSS,0.01,77.22,0.024594,7336.24,-77.07,8.7,-85.77,-85.77,7722.36,7636.59
84,ETH/INR,1h,SHORT,2024-12-02 23:30:00+05:30,2024-12-03 01:30:00+05:30,3558.38,297124.51,3593.96,3451.63,3595.76,300245.81,STOP_LOSS,0.01,76.37,0.024417,7254.76,-76.21,8.61,-84.82,-84.82,7636.59,7551.78
85,ETH/INR,1h,SHORT,2024-12-03 12:30:00+05:30,2024-12-03 19:30:00+05:30,3632.29,303296.59,3668.62,3523.33,3525.09,294344.79,TARGET_HIT,0.01,75.52,0.023654,7174.19,211.75,8.34,203.41,203.41,7551.78,7755.18
86,ETH/INR,1h,LONG,2024-12-04 15:30:00+05:30,2024-12-04 18:30:00+05:30,3734.55,311835.14,3697.21,3846.59,3695.36,308562.43,STOP_LOSS,0.01,77.55,0.023626,7367.42,-77.32,8.65,-85.97,-85.97,7755.18,7669.21
87,ETH/INR,1h,LONG,2024-12-04 20:30:00+05:30,2024-12-05 00:30:00+05:30,3797.66,317104.84,3759.69,3911.59,3827.84,319624.29,INTRADAY_SQUAREOFF,0.01,76.69,0.022976,7285.75,57.89,8.63,49.26,49.26,7669.21,7718.47
88,ETH/INR,1h,LONG,2024-12-05 14:30:00+05:30,2024-12-05 20:30:00+05:30,3925.41,327771.71,3886.16,4043.17,3884.21,324331.75,STOP_LOSS,0.01,77.18,0.022371,7332.54,-76.96,8.61,-85.56,-85.56,7718.47,7632.9
89,ETH/INR,1h,SHORT,2024-12-06 14:30:00+05:30,2024-12-06 19:30:00+05:30,3880.19,323996.15,3919.0,3763.79,3920.95,327399.73,STOP_LOSS,0.01,76.33,0.022381,7251.26,-76.17,8.6,-84.78,-84.78,7632.9,7548.13
90,ETH/INR,1h,LONG,2024-12-07 10:30:00+05:30,2024-12-08 00:30:00+05:30,4007.06,334589.89,3966.99,4127.28,4011.56,334965.21,INTRADAY_SQUAREOFF,0.01,75.48,0.021431,7170.72,8.04,8.47,-0.42,-0.42,7548.13,7547.71
91,ETH/INR,1h,SHORT,2024-12-09 14:30:00+05:30,2024-12-09 19:30:00+05:30,3863.19,322576.22,3901.82,3747.29,3903.77,325964.89,STOP_LOSS,0.01,75.48,0.022228,7170.32,-75.32,8.51,-83.83,-83.83,7547.71,7463.88
92,ETH/INR,1h,SHORT,2024-12-09 21:30:00+05:30,2024-12-09 23:30:00+05:30,3803.87,317623.23,3841.91,3689.75,3843.83,320959.86,STOP_LOSS,0.01,74.64,0.022324,7090.68,-74.49,8.41,-82.9,-82.9,7463.88,7380.98
93,ETH/INR,1h,SHORT,2024-12-10 01:30:00+05:30,2024-12-10 03:30:00+05:30,3785.28,316071.17,3823.14,3671.72,3673.56,306742.32,TARGET_HIT,0.01,73.81,0.022185,7011.93,206.96,8.15,198.81,198.81,7380.98,7579.78
94,ETH/INR,1h,SHORT,2024-12-10 18:30:00+05:30,2024-12-10 21:30:00+05:30,3667.39,306227.15,3704.06,3557.37,3559.15,297188.85,TARGET_HIT,0.01,75.8,0.023515,7200.79,212.53,8.37,204.16,204.16,7579.78,7783.94
95,ETH/INR,1h,SHORT,2024-12-10 23:30:00+05:30,2024-12-11 01:30:00+05:30,3527.4,294538.0,3562.68,3421.58,3564.46,297632.12,STOP_LOSS,0.01,77.84,0.025106,7394.75,-77.68,8.77,-86.45,-86.45,7783.94,7697.49
96,ETH/INR,1h,SHORT,2024-12-11 07:30:00+05:30,2024-12-11 09:30:00+05:30,3567.19,297860.42,3602.86,3460.17,3604.66,300989.44,STOP_LOSS,0.01,76.97,0.02455,7312.62,-76.82,8.67,-85.49,-85.49,7697.49,7612.0
97,ETH/INR,1h,SHORT,2024-12-11 13:30:00+05:30,2024-12-11 15:30:00+05:30,3652.2,304958.42,3688.72,3542.63,3690.56,308162.01,STOP_LOSS,0.01,76.12,0.023713,7231.4,-75.97,8.58,-84.54,-84.54,7612.0,7527.45
98,ETH/INR,1h,LONG,2024-12-12 02:30:00+05:30,2024-12-12 06:30:00+05:30,3841.23,320743.11,3802.82,3956.47,3800.92,317376.91,STOP_LOSS,0.01,75.27,0.022295,7151.08,-75.05,8.39,-83.44,-83.44,7527.45,7444.01
99,ETH/INR,1h,LONG,2024-12-12 08:30:00+05:30,2024-12-13 00:30:00+05:30,3885.56,324444.24,3846.7,4002.13,3920.34,327348.48,INTRADAY_SQUAREOFF,0.01,74.44,0.021797,7071.81,63.3,8.38,54.92,54.92,7444.01,7498.93
100,ETH/INR,1h,LONG,2024-12-13 18:30:00+05:30,2024-12-13 20:30:00+05:30,3932.63,328374.23,3893.3,4050.6,3891.35,324927.94,STOP_LOSS,0.01,74.99,0.021695,7123.98,-74.77,8.36,-83.13,-83.13,7498.93,7415.8
101,ETH/INR,1h,LONG,2024-12-14 05:30:00+05:30,2024-12-14 17:30:00+05:30,3913.81,326802.8,3874.67,4031.22,3872.73,323373.01,STOP_LOSS,0.01,74.16,0.021557,7045.01,-73.94,8.27,-82.21,-82.21,7415.8,7333.59
102,ETH/INR,1h,SHORT,2024-12-15 02:30:00+05:30,2024-12-15 04:30:00+05:30,3825.24,319407.15,3863.49,3710.48,3865.42,322762.52,STOP_LOSS,0.01,73.34,0.021812,6966.91,-73.19,8.26,-81.45,-81.45,7333.59,7252.14
103,ETH/INR,1h,SHORT,2024-12-15 13:30:00+05:30,2024-12-15 15:30:00+05:30,3830.53,319849.42,3868.84,3715.62,3870.77,323209.44,STOP_LOSS,0.01,72.52,0.02154,6889.53,-72.37,8.17,-80.55,-80.55,7252.14,7171.6
104,ETH/INR,1h,SHORT,2024-12-16 02:30:00+05:30,2024-12-16 04:30:00+05:30,3888.28,324671.66,3927.17,3771.63,3929.13,328082.34,STOP_LOSS,0.01,71.72,0.020984,6813.02,-71.57,8.08,-79.65,-79.65,7171.6,7091.94
105,ETH/INR,1h,LONG,2024-12-17 09:30:00+05:30,2024-12-17 11:30:00+05:30,4042.2,337523.7,4001.78,4163.47,3999.78,333981.39,STOP_LOSS,0.01,70.92,0.019961,6737.35,-70.71,7.91,-78.62,-78.62,7091.94,7013.33
106,ETH/INR,1h,LONG,2024-12-17 15:30:00+05:30,2024-12-17 17:30:00+05:30,4031.11,336597.67,3990.8,4152.04,3988.8,333065.07,STOP_LOSS,0.01,70.13,0.019794,6662.66,-69.92,7.82,-77.75,-77.75,7013.33,6935.58
107,ETH/INR,1h,SHORT,2024-12-18 07:30:00+05:30,2024-12-18 16:30:00+05:30,3838.63,320525.69,3877.02,3723.47,3878.96,323892.81,STOP_LOSS,0.01,69.36,0.020556,6588.8,-69.22,7.82,-77.03,-77.03,6935.58,6858.55
108,ETH/INR,1h,SHORT,2024-12-18 18:30:00+05:30,2024-12-18 23:30:00+05:30,3852.9,321717.37,3891.43,3737.32,3893.38,325097.01,STOP_LOSS,0.01,68.59,0.020253,6515.62,-68.45,7.73,-76.18,-76.18,6858.55,6782.37
109,ETH/INR,1h,SHORT,2024-12-19 01:30:00+05:30,2024-12-19 04:30:00+05:30,3768.55,314674.12,3806.24,3655.5,3657.32,305386.51,TARGET_HIT,0.01,67.82,0.020476,6443.26,190.17,7.49,182.68,182.68,6782.37,6965.06
110,ETH/INR,1h,SHORT,2024-12-19 07:30:00+05:30,2024-12-19 09:30:00+05:30,3594.48,300138.85,3630.42,3486.64,3632.24,303291.81,STOP_LOSS,0.01,69.65,0.022046,6616.8,-69.51,7.85,-77.36,-77.36,6965.06,6887.7
111,ETH/INR,1h,SHORT,2024-12-19 14:30:00+05:30,2024-12-19 16:30:00+05:30,3664.33,305971.23,3700.97,3554.4,3702.82,309185.46,STOP_LOSS,0.01,68.88,0.021385,6543.31,-68.74,7.76,-76.5,-76.5,6887.7,6811.2
112,ETH/INR,1h,SHORT,2024-12-20 07:30:00+05:30,2024-12-20 09:30:00+05:30,3371.53,281522.44,3405.24,3270.38,3406.94,284479.84,STOP_LOSS,0.01,68.11,0.022984,6470.64,-67.97,7.68,-75.65,-75.65,6811.2,6735.55
113,ETH/INR,1h,SHORT,2024-12-20 14:30:00+05:30,2024-12-20 16:30:00+05:30,3277.96,273709.3,3310.74,3179.62,3181.21,265630.77,TARGET_HIT,0.01,67.36,0.023378,6398.77,188.86,7.44,181.42,181.42,6735.55,6916.97
114,ETH/INR,1h,LONG,2024-12-21 04:30:00+05:30,2024-12-21 16:30:00+05:30,3478.8,290479.54,3444.01,3583.16,3442.29,287430.96,STOP_LOSS,0.01,69.17,0.022622,6571.12,-68.96,7.71,-76.68,-76.68,6916.97,6840.29
115,ETH/INR,1h,SHORT,2024-12-22 10:30:00+05:30,2024-12-22 12:30:00+05:30,3311.26,276490.34,3344.37,3211.92,3346.05,279394.87,STOP_LOSS,0.01,68.4,0.023503,6498.28,-68.26,7.71,-75.97,-75.97,6840.29,6764.32
116,ETH/INR,1h,SHORT,2024-12-22 20:30:00+05:30,2024-12-22 22:30:00+05:30,3273.2,273311.99,3305.93,3175.0,3307.58,276183.14,STOP_LOSS,0.01,67.64,0.023512,6426.1,-67.51,7.62,-75.13,-75.13,6764.32,6689.19
117,ETH/INR,1h,SHORT,2024-12-23 19:30:00+05:30,2024-12-23 21:30:00+05:30,3304.89,275958.07,3337.94,3205.74,3339.6,278857.01,STOP_LOSS,0.01,66.89,0.023028,6354.73,-66.76,7.54,-74.29,-74.29,6689.19,6614.9
118,ETH/INR,1h,LONG,2024-12-24 09:30:00+05:30,2024-12-24 20:30:00+05:30,3394.31,283424.93,3360.37,3496.14,3494.39,291781.72,TARGET_HIT,0.01,66.15,0.022172,6284.15,185.29,7.52,177.76,177.76,6614.9,6792.66
119,ETH/INR,1h,LONG,2024-12-25 03:30:00+05:30,2024-12-25 21:30:00+05:30,3491.85,291569.15,3456.93,3596.6,3455.2,288509.13,STOP_LOSS,0.01,67.93,0.022132,6453.03,-67.72,7.57,-75.3,-75.3,6792.66,6717.36
120,ETH/INR,1h,LONG,2024-12-26 05:30:00+05:30,2024-12-26 07:30:00+05:30,3498.89,292157.7,3463.91,3603.86,3462.17,289091.5,STOP_LOSS,0.01,67.17,0.021843,6381.49,-66.97,7.49,-74.46,-74.46,6717.36,6642.9
121,ETH/INR,1h,SHORT,2024-12-26 18:30:00+05:30,2024-12-27 00:30:00+05:30,3351.84,279879.03,3385.36,3251.29,3334.97,278469.68,INTRADAY_SQUAREOFF,0.01,66.43,0.022548,6310.75,31.78,7.43,24.35,24.35,6642.9,6667.25
122,ETH/INR,1h,SHORT,2024-12-27 13:30:00+05:30,2024-12-27 15:30:00+05:30,3316.41,276920.5,3349.58,3216.92,3351.25,279829.55,STOP_LOSS,0.01,66.67,0.022873,6333.88,-66.54,7.51,-74.05,-74.05,6667.25,6593.2
123,ETH/INR,1h,LONG,2024-12-29 03:30:00+05:30,2024-12-29 19:30:00+05:30,3399.94,283895.34,3365.94,3501.94,3364.26,280915.86,STOP_LOSS,0.01,65.93,0.022063,6263.54,-65.74,7.35,-73.09,-73.09,6593.2,6520.11
124,ETH/INR,1h,SHORT,2025-01-01 10:30:00+05:30,2025-01-02 00:30:00+05:30,3332.33,278249.81,3365.66,3232.36,3341.94,279051.88,INTRADAY_SQUAREOFF,0.01,65.2,0.022261,6194.1,-17.85,7.32,-25.17,-25.17,6520.11,6494.93
125,ETH/INR,1h,LONG,2025-01-02 13:30:00+05:30,2025-01-03 00:30:00+05:30,3417.96,285400.05,3383.79,3520.5,3460.08,288917.08,INTRADAY_SQUAREOFF,0.01,64.95,0.021619,6170.19,76.04,7.33,68.71,68.71,6494.93,6563.64
126,ETH/INR,1h,LONG,2025-01-03 05:30:00+05:30,2025-01-03 20:30:00+05:30,3453.48,288365.26,3418.94,3557.08,3555.3,296867.71,TARGET_HIT,0.01,65.64,0.021623,6235.46,183.85,7.47,176.39,176.39,6563.64,6740.03
127,ETH/INR,1h,LONG,2025-01-04 17:30:00+05:30,2025-01-05 00:30:00+05:30,3603.87,300923.16,3567.83,3711.99,3624.22,302622.04,INTRADAY_SQUAREOFF,0.01,67.4,0.021278,6403.03,36.15,7.58,28.57,28.57,6740.03,6768.6
128,ETH/INR,1h,LONG,2025-01-05 20:30:00+05:30,2025-01-06 00:30:00+05:30,3627.67,302910.21,3591.39,3736.5,3627.47,302893.46,INTRADAY_SQUAREOFF,0.01,67.69,0.021228,6430.17,-0.36,7.59,-7.94,-7.94,6768.6,6760.66
129,ETH/INR,1h,LONG,2025-01-06 17:30:00+05:30,2025-01-07 00:30:00+05:30,3657.61,305410.26,3621.03,3767.34,3680.85,307351.39,INTRADAY_SQUAREOFF,0.01,67.61,0.02103,6422.63,40.82,7.6,33.22,33.22,6760.66,6793.88
130,ETH/INR,1h,LONG,2025-01-07 07:30:00+05:30,2025-01-07 14:30:00+05:30,3697.89,308774.06,3660.91,3808.83,3659.08,305533.48,STOP_LOSS,0.01,67.94,0.020903,6454.18,-67.74,7.58,-75.31,-75.31,6793.88,6718.57
131,ETH/INR,1h,SHORT,2025-01-08 12:30:00+05:30,2025-01-08 14:30:00+05:30,3305.57,276015.26,3338.63,3206.4,3340.3,278914.8,STOP_LOSS,0.01,67.19,0.023124,6382.64,-67.05,7.57,-74.62,-74.62,6718.57,6643.94
132,ETH/INR,1h,SHORT,2025-01-08 18:30:00+05:30,2025-01-08 20:30:00+05:30,3337.72,278699.68,3371.1,3237.59,3372.78,281627.42,STOP_LOSS,0.01,66.44,0.022647,6311.75,-66.3,7.49,-73.79,-73.79,6643.94,6570.15
133,ETH/INR,1h,SHORT,2025-01-09 13:30:00+05:30,2025-01-09 15:30:00+05:30,3282.51,274089.95,3315.34,3184.04,3317.0,276969.27,STOP_LOSS,0.01,65.7,0.022772,6241.64,-65.57,7.4,-72.97,-72.97,6570.15,6497.18
134,ETH/INR,1h,SHORT,2025-01-10 01:30:00+05:30,2025-01-10 03:30:00+05:30,3194.8,266765.88,3226.75,3098.96,3228.36,269568.26,STOP_LOSS,0.01,64.97,0.023138,6172.32,-64.84,7.32,-72.16,-72.16,6497.18,6425.02
135,ETH/INR,1h,SHORT,2025-01-11 02:30:00+05:30,2025-01-12 00:30:00+05:30,3258.72,272103.01,3291.31,3160.96,3278.19,273729.28,INTRADAY_SQUAREOFF,0.01,64.25,0.022432,6103.77,-36.48,7.22,-43.7,-43.7,6425.02,6381.31
136,ETH/INR,1h,LONG,2025-01-12 23:30:00+05:30,2025-01-13 01:30:00+05:30,3290.83,274784.56,3257.92,3389.56,3276.05,273550.19,INTRADAY_SQUAREOFF,0.01,63.81,0.022062,6062.25,-27.23,7.14,-34.37,-34.37,6381.31,6346.94
137,ETH/INR,1h,SHORT,2025-01-13 14:30:00+05:30,2025-01-13 16:30:00+05:30,3162.07,264032.5,3193.69,3067.2,3068.74,256239.58,TARGET_HIT,0.01,63.47,0.022837,6029.6,177.96,7.01,170.95,170.95,6346.94,6517.9
138,ETH/INR,1h,SHORT,2025-01-13 22:30:00+05:30,2025-01-14 00:30:00+05:30,3005.21,250934.91,3035.26,2915.05,3008.13,251178.49,INTRADAY_SQUAREOFF,0.01,65.18,0.024676,6192.0,-6.01,7.31,-13.32,-13.32,6517.9,6504.58
139,ETH/INR,1h,LONG,2025-01-14 23:30:00+05:30,2025-01-15 01:30:00+05:30,3214.14,268380.91,3182.0,3310.57,3211.06,268123.63,INTRADAY_SQUAREOFF,0.01,65.05,0.023025,6179.35,-5.92,7.29,-13.21,-13.21,6504.58,6491.37
140,ETH/INR,1h,LONG,2025-01-15 04:30:00+05:30,2025-01-15 07:30:00+05:30,3240.11,270548.84,3207.7,3337.31,3206.1,267709.43,STOP_LOSS,0.01,64.91,0.022794,6166.8,-64.72,7.24,-71.96,-71.96,6491.37,6419.41
141,ETH/INR,1h,LONG,2025-01-15 19:30:00+05:30,2025-01-16 00:30:00+05:30,3299.56,275513.65,3266.57,3398.55,3396.85,283637.18,TARGET_HIT,0.01,64.19,0.022135,6098.44,179.81,7.3,172.51,172.51,6419.41,6591.92
142,ETH/INR,1h,LONG,2025-01-16 05:30:00+05:30,2025-01-16 07:30:00+05:30,3453.01,288326.05,3418.48,3556.6,3416.77,285300.07,STOP_LOSS,0.01,65.92,0.02172,6262.32,-65.72,7.35,-73.07,-73.07,6591.92,6518.84
143,ETH/INR,1h,LONG,2025-01-18 02:30:00+05:30,2025-01-18 04:30:00+05:30,3525.99,294420.32,3490.73,3631.77,3488.99,291330.38,STOP_LOSS,0.01,65.19,0.021034,6192.9,-64.99,7.27,-72.26,-72.26,6518.84,6446.58
144,ETH/INR,1h,SHORT,2025-01-18 22:30:00+05:30,2025-01-19 00:30:00+05:30,3253.33,271652.79,3285.86,3155.73,3287.5,274506.51,STOP_LOSS,0.01,64.47,0.022544,6124.25,-64.34,7.26,-71.6,-71.6,6446.58,6374.98
145,ETH/INR,1h,SHORT,2025-01-19 10:30:00+05:30,2025-01-19 14:30:00+05:30,3277.97,273710.4,3310.75,3179.63,3181.22,265631.84,TARGET_HIT,0.01,63.75,0.022126,6056.23,178.75,7.04,171.71,171.71,6374.98,6546.69
146,ETH/INR,1h,SHORT,2025-01-23 04:30:00+05:30,2025-01-23 19:30:00+05:30,3234.72,270098.95,3267.07,3137.68,3268.7,272936.34,STOP_LOSS,0.01,65.47,0.023026,6219.35,-65.33,7.38,-72.71,-72.71,6546.69,6473.98
147,ETH/INR,1h,SHORT,2025-01-24 01:30:00+05:30,2025-01-24 03:30:00+05:30,3196.49,266906.55,3228.45,3100.59,3230.06,269710.41,STOP_LOSS,0.01,64.74,0.023043,6150.28,-64.61,7.3,-71.9,-71.9,6473.98,6402.07
148,ETH/INR,1h,LONG,2025-01-24 10:30:00+05:30,2025-01-25 00:30:00+05:30,3335.95,278551.59,3302.59,3436.03,3380.66,282285.12,INTRADAY_SQUAREOFF,0.01,64.02,0.021834,6081.97,81.52,7.22,74.29,74.29,6402.07,6476.37
149,ETH/INR,1h,SHORT,2025-01-27 10:30:00+05:30,2025-01-27 12:30:00+05:30,3154.48,263399.17,3186.03,3059.85,3061.38,255624.94,TARGET_HIT,0.01,64.76,0.023358,6152.55,181.59,7.15,174.44,174.44,6476.37,6650.81
150,ETH/INR,1h,SHORT,2025-01-27 16:30:00+05:30,2025-01-27 18:30:00+05:30,3034.69,253396.73,3065.04,2943.65,3066.57,256058.66,STOP_LOSS,0.01,66.51,0.024934,6318.27,-66.37,7.49,-73.87,-73.87,6650.81,6576.94
151,ETH/INR,1h,SHORT,2025-01-27 22:30:00+05:30,2025-01-28 00:30:00+05:30,3075.27,256784.76,3106.02,2983.01,3054.84,255079.05,INTRADAY_SQUAREOFF,0.01,65.77,0.024332,6248.09,41.5,7.35,34.16,34.16,6576.94,6611.09
152,ETH/INR,1h,SHORT,2025-01-29 15:30:00+05:30,2025-01-30 00:30:00+05:30,3121.73,260664.5,3152.95,3028.08,3112.37,259882.54,INTRADAY_SQUAREOFF,0.01,66.11,0.024094,6280.54,18.84,7.4,11.44,11.44,6611.09,6622.53
153,ETH/INR,1h,SHORT,2025-01-30 05:30:00+05:30,2025-01-30 07:30:00+05:30,3110.88,259758.79,3141.99,3017.56,3143.56,262487.56,STOP_LOSS,0.01,66.23,0.02422,6291.41,-66.09,7.46,-73.55,-73.55,6622.53,6548.98
154,ETH/INR,1h,LONG,2025-01-30 14:30:00+05:30,2025-01-31 00:30:00+05:30,3209.78,268016.74,3177.68,3306.07,3267.98,272876.28,INTRADAY_SQUAREOFF,0.01,65.49,0.023213,6221.53,112.81,7.41,105.4,105.4,6548.98,6654.38
155,ETH/INR,1h,LONG,2025-01-31 07:30:00+05:30,2025-01-31 09:30:00+05:30,3273.56,273342.41,3240.83,3371.77,3239.21,270473.68,STOP_LOSS,0.01,66.54,0.023127,6321.66,-66.35,7.42,-73.77,-73.77,6654.38,6580.61
156,ETH/INR,1h,LONG,2025-01-31 11:30:00+05:30,2025-01-31 17:30:00+05:30,3249.05,271295.84,3216.56,3346.52,3344.85,279294.99,TARGET_HIT,0.01,65.81,0.023043,6251.58,184.33,7.49,176.84,176.84,6580.61,6757.45
157,ETH/INR,1h,LONG,2025-01-31 21:30:00+05:30,2025-01-31 23:30:00+05:30,3428.71,286297.21,3394.42,3531.57,3392.72,283292.52,STOP_LOSS,0.01,67.57,0.022423,6419.58,-67.37,7.54,-74.91,-74.91,6757.45,6682.54
158,ETH/INR,1h,SHORT,2025-02-01 19:30:00+05:30,2025-02-02 00:30:00+05:30,3241.67,270679.29,3274.08,3144.42,3244.63,270926.38,INTRADAY_SQUAREOFF,0.01,66.83,0.023454,6348.42,-5.8,7.49,-13.29,-13.29,6682.54,6669.25
159,ETH/INR,1h,SHORT,2025-02-02 09:30:00+05:30,2025-02-02 11:30:00+05:30,3071.17,256442.93,3101.88,2979.04,3103.44,259136.87,STOP_LOSS,0.01,66.69,0.024706,6335.79,-66.56,7.52,-74.07,-74.07,6669.25,6595.18
160,ETH/INR,1h,SHORT,2025-02-02 18:30:00+05:30,2025-02-02 20:30:00+05:30,3051.04,254761.97,3081.55,2959.51,3083.09,257438.25,STOP_LOSS,0.01,65.95,0.024593,6265.42,-65.82,7.43,-73.25,-73.25,6595.18,6521.93
161,ETH/INR,1h,SHORT,2025-02-03 10:30:00+05:30,2025-02-03 12:30:00+05:30,2452.15,204754.18,2476.67,2378.58,2477.91,206905.12,STOP_LOSS,0.01,65.22,0.03026,6195.83,-65.09,7.35,-72.44,-72.44,6521.93,6449.49
162,ETH/INR,1h,LONG,2025-02-04 16:30:00+05:30,2025-02-05 00:30:00+05:30,2759.12,230386.69,2731.53,2841.9,2840.47,237179.64,TARGET_HIT,0.01,64.49,0.026595,6127.02,180.66,7.34,173.32,173.32,6449.49,6622.81
163,ETH/INR,1h,LONG,2025-02-06 15:30:00+05:30,2025-02-06 17:30:00+05:30,2857.5,238601.21,2828.92,2943.22,2827.51,236097.09,STOP_LOSS,0.01,66.23,0.026369,6291.67,-66.03,7.39,-73.42,-73.42,6622.81,6549.4
164,ETH/INR,1h,SHORT,2025-02-07 21:30:00+05:30,2025-02-08 00:30:00+05:30,2715.51,226745.27,2742.67,2634.05,2680.47,223819.48,INTRADAY_SQUAREOFF,0.01,65.49,0.02744,6221.93,80.28,7.29,72.99,72.99,6549.4,6622.39
165,ETH/INR,1h,SHORT,2025-02-08 11:30:00+05:30,2025-02-09 00:30:00+05:30,2615.7,218411.36,2641.86,2537.23,2643.18,220705.77,STOP_LOSS,0.01,66.22,0.028805,6291.27,-66.09,7.46,-73.55,-73.55,6622.39,6548.83
166,ETH/INR,1h,SHORT,2025-02-09 04:30:00+05:30,2025-02-09 06:30:00+05:30,2625.89,219261.84,2652.15,2547.11,2653.48,221565.18,STOP_LOSS,0.01,65.49,0.028374,6221.39,-65.36,7.38,-72.74,-72.74,6548.83,6476.1
167,ETH/INR,1h,SHORT,2025-02-09 23:30:00+05:30,2025-02-10 01:30:00+05:30,2636.58,220154.39,2662.95,2557.48,2626.71,219330.32,INTRADAY_SQUAREOFF,0.01,64.76,0.027945,6152.29,23.03,7.25,15.78,15.78,6476.1,6491.88
168,ETH/INR,1h,SHORT,2025-02-10 03:30:00+05:30,2025-02-10 05:30:00+05:30,2531.37,211369.63,2556.69,2455.43,2557.96,213590.07,STOP_LOSS,0.01,64.92,0.029178,6167.29,-64.79,7.32,-72.1,-72.1,6491.88,6419.78
169,ETH/INR,1h,SHORT,2025-02-10 07:30:00+05:30,2025-02-10 09:30:00+05:30,2563.02,214012.46,2588.65,2486.13,2589.95,216260.66,STOP_LOSS,0.01,64.2,0.028497,6098.79,-64.07,7.23,-71.3,-71.3,6419.78,6348.48
170,ETH/INR,1h,SHORT,2025-02-10 18:30:00+05:30,2025-02-10 21:30:00+05:30,2635.45,220060.48,2661.81,2556.39,2663.14,222372.21,STOP_LOSS,0.01,63.48,0.027406,6031.05,-63.36,7.15,-70.51,-70.51,6348.48,6277.97
171,ETH/INR,1h,LONG,2025-02-11 11:30:00+05:30,2025-02-11 15:30:00+05:30,2722.35,227316.41,2695.13,2804.02,2693.78,224930.72,STOP_LOSS,0.01,62.78,0.026237,5964.07,-62.59,7.0,-69.59,-69.59,6277.97,6208.37
172,ETH/INR,1h,LONG,2025-02-11 17:30:00+05:30,2025-02-11 19:30:00+05:30,2710.57,226333.0,2683.47,2791.89,2682.13,223957.63,STOP_LOSS,0.01,62.08,0.026059,5897.95,-61.9,6.92,-68.82,-68.82,6208.37,6139.55
173,ETH/INR,1h,SHORT,2025-02-12 04:30:00+05:30,2025-02-12 06:30:00+05:30,2572.98,214843.44,2598.71,2495.79,2600.0,217100.37,STOP_LOSS,0.01,61.4,0.027148,5832.57,-61.27,6.92,-68.19,-68.19,6139.55,6071.36
174,ETH/INR,1h,SHORT,2025-02-12 08:30:00+05:30,2025-02-12 12:30:00+05:30,2590.26,216286.58,2616.16,2512.55,2617.47,218558.67,STOP_LOSS,0.01,60.71,0.026667,5767.79,-60.59,6.84,-67.43,-67.43,6071.36,6003.93
175,ETH/INR,1h,SHORT,2025-02-12 16:30:00+05:30,2025-02-12 18:30:00+05:30,2612.93,218179.79,2639.06,2534.54,2640.38,220471.77,STOP_LOSS,0.01,60.04,0.026142,5703.73,-59.92,6.77,-66.68,-66.68,6003.93,5937.24
176,ETH/INR,1h,LONG,2025-02-13 07:30:00+05:30,2025-02-13 09:30:00+05:30,2757.69,230267.46,2730.12,2840.42,2728.75,227850.8,STOP_LOSS,0.01,59.37,0.024495,5640.38,-59.2,6.62,-65.82,-65.82,5937.24,5871.43
177,ETH/INR,1h,LONG,2025-02-14 15:30:00+05:30,2025-02-14 17:30:00+05:30,2715.11,226711.69,2687.96,2796.56,2686.61,224332.35,STOP_LOSS,0.01,58.71,0.024603,5577.86,-58.54,6.55,-65.09,-65.09,5871.43,5806.34
178,ETH/INR,1h,LONG,2025-02-14 19:30:00+05:30,2025-02-14 23:30:00+05:30,2705.37,225898.3,2678.32,2786.53,2785.14,232558.91,TARGET_HIT,0.01,58.06,0.024418,5516.02,162.64,6.6,156.04,156.04,5806.34,5962.38
179,ETH/INR,1h,LONG,2025-02-15 07:30:00+05:30,2025-02-15 12:30:00+05:30,2731.21,228055.92,2703.9,2813.14,2702.54,225662.48,STOP_LOSS,0.01,59.62,0.024837,5664.26,-59.45,6.65,-66.1,-66.1,5962.38,5896.28
180,ETH/INR,1h,LONG,2025-02-15 16:30:00+05:30,2025-02-15 19:30:00+05:30,2713.36,226565.19,2686.22,2794.76,2684.88,224187.38,STOP_LOSS,0.01,58.96,0.024723,5601.47,-58.79,6.58,-65.36,-65.36,5896.28,5830.92
181,ETH/INR,1h,SHORT,2025-02-19 10:30:00+05:30,2025-02-19 12:30:00+05:30,2665.9,222602.51,2692.56,2585.92,2693.9,224940.95,STOP_LOSS,0.01,58.31,0.024885,5539.37,-58.19,6.57,-64.76,-64.76,5830.92,5766.16
182,ETH/INR,1h,LONG,2025-02-20 16:30:00+05:30,2025-02-20 20:30:00+05:30,2747.19,229390.02,2719.71,2829.6,2718.35,226982.57,STOP_LOSS,0.01,57.66,0.02388,5477.85,-57.49,6.43,-63.92,-63.92,5766.16,5702.24
183,ETH/INR,1h,LONG,2025-02-20 23:30:00+05:30,2025-02-21 01:30:00+05:30,2738.23,228642.43,2710.85,2820.38,2747.68,229431.31,INTRADAY_SQUAREOFF,0.01,57.02,0.023693,5417.12,18.69,6.4,12.29,12.29,5702.24,5714.52
184,ETH/INR,1h,LONG,2025-02-21 16:30:00+05:30,2025-02-21 19:30:00+05:30,2808.7,234526.55,2780.61,2892.96,2779.22,232065.2,STOP_LOSS,0.01,57.15,0.023148,5428.8,-56.98,6.37,-63.35,-63.35,5714.52,5651.18
185,ETH/INR,1h,SHORT,2025-02-21 23:30:00+05:30,2025-02-22 01:30:00+05:30,2654.74,221671.16,2681.29,2575.1,2640.81,220507.43,INTRADAY_SQUAREOFF,0.01,56.51,0.024219,5368.62,28.18,6.32,21.87,21.87,5651.18,5673.04
186,ETH/INR,1h,LONG,2025-02-23 06:30:00+05:30,2025-02-24 00:30:00+05:30,2773.58,231594.23,2745.85,2856.79,2807.44,234421.51,INTRADAY_SQUAREOFF,0.01,56.73,0.023271,5389.39,65.79,6.4,59.39,59.39,5673.04,5732.44
187,ETH/INR,1h,LONG,2025-02-24 03:30:00+05:30,2025-02-24 07:30:00+05:30,2810.62,234686.66,2782.51,2894.94,2781.12,232223.63,STOP_LOSS,0.01,57.32,0.023205,5445.82,-57.15,6.39,-63.55,-63.55,5732.44,5668.89
188,ETH/INR,1h,SHORT,2025-02-24 14:30:00+05:30,2025-02-25 00:30:00+05:30,2680.14,223791.34,2706.94,2599.73,2652.23,221461.43,INTRADAY_SQUAREOFF,0.01,56.69,0.024065,5385.45,56.07,6.32,49.75,49.75,5668.89,5718.64
189,ETH/INR,1h,SHORT,2025-02-25 12:30:00+05:30,2025-02-25 14:30:00+05:30,2480.2,207096.84,2505.0,2405.8,2407.0,200984.38,TARGET_HIT,0.01,57.19,0.026233,5432.71,160.35,6.32,154.03,154.03,5718.64,5872.67
190,ETH/INR,1h,SHORT,2025-02-25 19:30:00+05:30,2025-02-25 22:30:00+05:30,2410.11,201244.59,2434.22,2337.81,2435.43,203358.67,STOP_LOSS,0.01,58.73,0.027723,5579.03,-58.61,6.62,-65.23,-65.23,5872.67,5807.44
191,ETH/INR,1h,SHORT,2025-02-26 06:30:00+05:30,2025-02-26 08:30:00+05:30,2469.94,206239.78,2494.64,2395.84,2495.88,208406.33,STOP_LOSS,0.01,58.07,0.026751,5517.07,-57.96,6.54,-64.5,-64.5,5807.44,5742.94
192,ETH/INR,1h,SHORT,2025-02-26 14:30:00+05:30,2025-02-26 16:30:00+05:30,2457.37,205190.38,2481.94,2383.65,2483.18,207345.91,STOP_LOSS,0.01,57.43,0.026589,5455.79,-57.31,6.47,-63.78,-63.78,5742.94,5679.16
193,ETH/INR,1h,SHORT,2025-02-26 23:30:00+05:30,2025-02-27 01:30:00+05:30,2354.88,196632.22,2378.43,2284.23,2285.37,190828.62,TARGET_HIT,0.01,56.79,0.027438,5395.2,159.24,6.27,152.97,152.97,5679.16,5832.12
194,ETH/INR,1h,SHORT,2025-02-27 10:30:00+05:30,2025-02-27 12:30:00+05:30,2302.25,192237.77,2325.27,2233.18,2326.43,194257.22,STOP_LOSS,0.01,58.32,0.028821,5540.52,-58.2,6.57,-64.78,-64.78,5832.12,5767.35
195,ETH/INR,1h,SHORT,2025-02-27 18:30:00+05:30,2025-02-28 00:30:00+05:30,2339.48,195346.61,2362.88,2269.3,2325.01,194137.95,INTRADAY_SQUAREOFF,0.01,57.67,0.028047,5478.98,33.9,6.45,27.45,27.45,5767.35,5794.8
196,ETH/INR,1h,SHORT,2025-02-28 07:30:00+05:30,2025-02-28 09:30:00+05:30,2190.74,182926.91,2212.65,2125.02,2126.08,177527.83,TARGET_HIT,0.01,57.95,0.030094,5505.06,162.48,6.4,156.08,156.08,5794.8,5950.88
197,ETH/INR,1h,LONG,2025-03-02 22:30:00+05:30,2025-03-03 00:30:00+05:30,2489.93,207909.15,2465.03,2564.63,2475.03,206665.41,INTRADAY_SQUAREOFF,0.01,59.51,0.027191,5653.34,-33.82,6.65,-40.47,-40.47,5950.88,5910.41
198,ETH/INR,1h,SHORT,2025-03-04 00:30:00+05:30,2025-03-04 02:30:00+05:30,2177.4,181813.27,2199.18,2112.08,2113.14,176447.05,TARGET_HIT,0.01,59.1,0.030883,5614.89,165.72,6.53,159.2,159.2,5910.41,6069.61
199,ETH/INR,1h,SHORT,2025-03-04 13:30:00+05:30,2025-03-04 15:30:00+05:30,2071.38,172960.09,2092.09,2009.24,2093.14,174777.04,STOP_LOSS,0.01,60.7,0.033338,5766.13,-60.57,6.84,-67.41,-67.41,6069.61,6002.2
200,ETH/INR,1h,SHORT,2025-03-04 19:30:00+05:30,2025-03-04 22:30:00+05:30,2057.6,171809.24,2078.17,1995.87,2079.21,173614.1,STOP_LOSS,0.01,60.02,0.033188,5702.09,-59.9,6.76,-66.66,-66.66,6002.2,5935.53
201,ETH/INR,1h,LONG,2025-03-05 12:30:00+05:30,2025-03-05 15:30:00+05:30,2194.03,183201.88,2172.09,2259.86,2258.73,188603.58,TARGET_HIT,0.01,59.36,0.030779,5638.76,166.26,6.75,159.51,159.51,5935.53,6095.04
202,ETH/INR,1h,SHORT,2025-03-07 06:30:00+05:30,2025-03-07 08:30:00+05:30,2112.25,176373.28,2133.38,2048.89,2134.44,178226.08,STOP_LOSS,0.01,60.95,0.03283,5790.29,-60.83,6.87,-67.7,-67.7,6095.04,6027.34
203,ETH/INR,1h,SHORT,2025-03-07 22:30:00+05:30,2025-03-08 00:30:00+05:30,2144.26,179045.39,2165.7,2079.93,2166.78,180926.26,STOP_LOSS,0.01,60.27,0.031981,5725.98,-60.15,6.79,-66.94,-66.94,6027.34,5960.4
204,ETH/INR,1h,SHORT,2025-03-09 19:30:00+05:30,2025-03-09 22:30:00+05:30,2107.89,176009.03,2128.97,2044.66,2045.68,170814.12,TARGET_HIT,0.01,59.6,0.032171,5662.38,167.13,6.58,160.54,160.54,5960.4,6120.94
205,ETH/INR,1h,SHORT,2025-03-10 03:30:00+05:30,2025-03-10 05:30:00+05:30,2015.54,168297.72,2035.7,1955.08,2036.71,170065.69,STOP_LOSS,0.01,61.21,0.034551,5814.9,-61.09,6.9,-67.98,-67.98,6120.94,6052.96
206,ETH/INR,1h,SHORT,2025-03-10 23:30:00+05:30,2025-03-11 01:30:00+05:30,1909.69,159459.44,1928.79,1852.4,1853.33,154752.99,TARGET_HIT,0.01,60.53,0.036061,5750.31,169.72,6.69,163.04,163.04,6052.96,6216.0
207,ETH/INR,1h,SHORT,2025-03-11 05:30:00+05:30,2025-03-11 10:30:00+05:30,1858.85,155213.79,1877.44,1803.08,1878.38,156844.31,STOP_LOSS,0.01,62.16,0.038046,5905.2,-62.03,7.0,-69.04,-69.04,6216.0,6146.96
208,ETH/INR,1h,SHORT,2025-03-11 18:30:00+05:30,2025-03-11 20:30:00+05:30,1893.35,158094.4,1912.28,1836.55,1913.24,159755.18,STOP_LOSS,0.01,61.47,0.036937,5839.61,-61.35,6.93,-68.27,-68.27,6146.96,6078.68
209,ETH/INR,1h,SHORT,2025-03-12 05:30:00+05:30,2025-03-12 09:30:00+05:30,1916.38,160017.49,1935.54,1858.89,1859.82,155294.58,TARGET_HIT,0.01,60.79,0.036088,5774.75,170.44,6.71,163.73,163.73,6078.68,6242.41
210,ETH/INR,1h,LONG,2025-03-15 04:30:00+05:30,2025-03-15 06:30:00+05:30,1931.09,161246.04,1911.78,1989.02,1910.82,159553.76,STOP_LOSS,0.01,62.42,0.036778,5930.29,-62.24,6.96,-69.2,-69.2,6242.41,6173.21
211,ETH/INR,1h,LONG,2025-03-15 09:30:00+05:30,2025-03-16 00:30:00+05:30,1922.63,160539.9,1903.41,1980.31,1932.32,161348.82,INTRADAY_SQUAREOFF,0.01,61.73,0.03653,5864.55,29.55,6.94,22.61,22.61,6173.21,6195.83
212,ETH/INR,1h,SHORT,2025-03-17 00:30:00+05:30,2025-03-17 08:30:00+05:30,1892.35,158011.42,1911.28,1835.58,1912.23,159671.33,STOP_LOSS,0.01,61.96,0.037251,5886.03,-61.83,6.98,-68.81,-68.81,6195.83,6127.01
213,ETH/INR,1h,SHORT,2025-03-17 10:30:00+05:30,2025-03-17 17:30:00+05:30,1902.57,158864.62,1921.6,1845.49,1922.56,160533.5,STOP_LOSS,0.01,61.27,0.036639,5820.66,-61.15,6.9,-68.05,-68.05,6127.01,6058.96
214,ETH/INR,1h,LONG,2025-03-18 03:30:00+05:30,2025-03-18 05:30:00+05:30,1945.07,162413.64,1925.62,2003.43,1924.66,160709.11,STOP_LOSS,0.01,60.59,0.03544,5756.01,-60.41,6.76,-67.17,-67.17,6058.96,5991.79
215,ETH/INR,1h,LONG,2025-03-19 11:30:00+05:30,2025-03-19 16:30:00+05:30,1941.09,162081.03,1921.68,1999.32,1998.32,166859.99,TARGET_HIT,0.01,59.92,0.035119,5692.2,167.83,6.82,161.02,161.02,5991.79,6152.81
216,ETH/INR,1h,LONG,2025-03-19 20:30:00+05:30,2025-03-19 23:30:00+05:30,2034.87,169911.93,2014.52,2095.92,2013.52,168128.7,STOP_LOSS,0.01,61.53,0.034401,5845.17,-61.35,6.86,-68.21,-68.21,6152.81,6084.61
217,ETH/INR,1h,LONG,2025-03-20 14:30:00+05:30,2025-03-20 16:30:00+05:30,2022.27,168859.47,2002.05,2082.94,2001.05,167087.29,STOP_LOSS,0.01,60.85,0.034232,5780.38,-60.67,6.79,-67.45,-67.45,6084.61,6017.16
218,ETH/INR,1h,SHORT,2025-03-21 11:30:00+05:30,2025-03-22 00:30:00+05:30,1968.84,164398.54,1988.53,1909.78,1970.72,164555.37,INTRADAY_SQUAREOFF,0.01,60.17,0.034771,5716.3,-5.45,6.75,-12.2,-12.2,6017.16,6004.96
219,ETH/INR,1h,SHORT,2025-03-22 03:30:00+05:30,2025-03-22 14:30:00+05:30,1971.73,164639.08,1991.44,1912.57,1992.44,166368.62,STOP_LOSS,0.01,60.05,0.03465,5704.71,-59.93,6.77,-66.69,-66.69,6004.96,5938.26
220,ETH/INR,1h,LONG,2025-03-23 19:30:00+05:30,2025-03-23 21:30:00+05:30,2019.54,168631.43,1999.34,2080.12,1998.34,166861.64,STOP_LOSS,0.01,59.38,0.033454,5641.35,-59.21,6.62,-65.83,-65.83,5938.26,5872.43
221,ETH/INR,1h,LONG,2025-03-24 21:30:00+05:30,2025-03-25 00:30:00+05:30,2091.31,174624.37,2070.4,2154.05,2096.74,175078.03,INTRADAY_SQUAREOFF,0.01,58.72,0.031947,5578.81,14.49,6.59,7.9,7.9,5872.43,5880.33
222,ETH/INR,1h,SHORT,2025-03-26 23:30:00+05:30,2025-03-27 01:30:00+05:30,2004.07,167340.16,2024.11,1943.95,2001.67,167139.53,INTRADAY_SQUAREOFF,0.01,58.8,0.033383,5586.32,6.7,6.59,0.11,0.11,5880.33,5880.44
223,ETH/INR,1h,SHORT,2025-03-27 17:30:00+05:30,2025-03-28 00:30:00+05:30,2012.2,168018.88,2032.32,1951.84,2011.09,167925.73,INTRADAY_SQUAREOFF,0.01,58.8,0.033249,5586.42,3.1,6.59,-3.49,-3.49,5880.44,5876.95
224,ETH/INR,1h,SHORT,2025-03-28 10:30:00+05:30,2025-03-28 21:30:00+05:30,1927.29,160928.89,1946.57,1869.47,1870.41,156179.07,TARGET_HIT,0.01,58.77,0.034693,5583.1,164.79,6.49,158.29,158.29,5876.95,6035.25
225,ETH/INR,1h,SHORT,2025-03-29 08:30:00+05:30,2025-03-29 16:30:00+05:30,1893.84,158136.05,1912.78,1837.03,1837.95,153468.67,TARGET_HIT,0.01,60.35,0.036257,5733.48,169.22,6.67,162.56,162.56,6035.25,6197.8
226,ETH/INR,1h,SHORT,2025-03-29 21:30:00+05:30,2025-03-30 00:30:00+05:30,1833.66,153110.77,1852.0,1778.65,1818.81,151870.34,INTRADAY_SQUAREOFF,0.01,61.98,0.038455,5887.91,47.7,6.92,40.78,40.78,6197.8,6238.59
227,ETH/INR,1h,SHORT,2025-03-30 09:30:00+05:30,2025-03-31 00:30:00+05:30,1831.94,152967.28,1850.26,1776.99,1824.88,152377.47,INTRADAY_SQUAREOFF,0.01,62.39,0.038745,5926.66,22.85,6.98,15.87,15.87,6238.59,6254.46
228,ETH/INR,1h,SHORT,2025-03-31 03:30:00+05:30,2025-03-31 06:30:00+05:30,1799.45,150254.3,1817.45,1745.47,1818.36,151832.72,STOP_LOSS,0.01,62.54,0.039545,5941.73,-62.42,7.05,-69.47,-69.47,6254.46,6184.99
229,ETH/INR,1h,SHORT,2025-03-31 14:30:00+05:30,2025-03-31 16:30:00+05:30,1793.89,149789.65,1811.83,1740.07,1812.73,151363.19,STOP_LOSS,0.01,61.85,0.039227,5875.74,-61.72,6.97,-68.69,-68.69,6184.99,6116.3
230,ETH/INR,1h,LONG,2025-04-01 14:30:00+05:30,2025-04-01 16:30:00+05:30,1890.36,157844.99,1871.46,1947.07,1870.52,156188.4,STOP_LOSS,0.01,61.16,0.036811,5810.48,-60.98,6.82,-67.8,-67.8,6116.3,6048.5
231,ETH/INR,1h,LONG,2025-04-01 20:30:00+05:30,2025-04-02 00:30:00+05:30,1887.51,157607.38,1868.64,1944.14,1907.43,159270.55,INTRADAY_SQUAREOFF,0.01,60.48,0.036458,5746.07,60.64,6.82,53.82,53.82,6048.5,6102.32
232,ETH/INR,1h,LONG,2025-04-02 02:30:00+05:30,2025-04-02 05:30:00+05:30,1914.93,159896.81,1895.78,1972.38,1894.83,158218.69,STOP_LOSS,0.01,61.02,0.036256,5797.2,-60.84,6.8,-67.65,-67.65,6102.32,6034.67
233,ETH/INR,1h,LONG,2025-04-03 01:30:00+05:30,2025-04-03 03:30:00+05:30,1916.75,160048.4,1897.58,1974.25,1896.63,158368.69,STOP_LOSS,0.01,60.35,0.03582,5732.94,-60.17,6.73,-66.9,-66.9,6034.67,5967.77
234,ETH/INR,1h,SHORT,2025-04-03 12:30:00+05:30,2025-04-03 17:30:00+05:30,1814.4,151502.16,1832.54,1759.97,1760.85,147030.58,TARGET_HIT,0.01,59.68,0.037421,5669.38,167.33,6.59,160.74,160.74,5967.77,6128.51
235,ETH/INR,1h,SHORT,2025-04-04 07:30:00+05:30,2025-04-04 09:30:00+05:30,1773.21,148063.29,1790.95,1720.02,1791.84,149618.69,STOP_LOSS,0.01,61.29,0.039322,5822.09,-61.16,6.91,-68.07,-68.07,6128.51,6060.45
236,ETH/INR,1h,SHORT,2025-04-06 01:30:00+05:30,2025-04-06 04:30:00+05:30,1779.53,148590.63,1797.32,1726.14,1798.22,150151.57,STOP_LOSS,0.01,60.6,0.038747,5757.42,-60.48,6.83,-67.31,-67.31,6060.45,5993.14
237,ETH/INR,1h,SHORT,2025-04-06 08:30:00+05:30,2025-04-06 18:30:00+05:30,1803.49,150591.37,1821.52,1749.38,1750.26,146146.66,TARGET_HIT,0.01,59.93,0.037807,5693.48,168.04,6.62,161.42,161.42,5993.14,6154.56
238,ETH/INR,1h,SHORT,2025-04-06 22:30:00+05:30,2025-04-07 00:30:00+05:30,1731.22,144556.98,1748.53,1679.28,1680.12,140290.38,TARGET_HIT,0.01,61.55,0.040447,5846.83,172.57,6.8,165.77,165.77,6154.56,6320.33
239,ETH/INR,1h,SHORT,2025-04-07 02:30:00+05:30,2025-04-07 06:30:00+05:30,1569.62,131063.05,1585.31,1522.53,1586.11,132439.87,STOP_LOSS,0.01,63.2,0.045812,6004.31,-63.08,7.12,-70.2,-70.2,6320.33,6250.13
240,ETH/INR,1h,SHORT,2025-04-07 09:30:00+05:30,2025-04-07 11:30:00+05:30,1530.76,127818.26,1546.07,1484.83,1546.84,129160.99,STOP_LOSS,0.01,62.5,0.046454,5937.63,-62.37,7.04,-69.42,-69.42,6250.13,6180.72
241,ETH/INR,1h,SHORT,2025-04-07 22:30:00+05:30,2025-04-08 00:30:00+05:30,1525.98,127419.74,1541.24,1480.21,1542.02,128758.28,STOP_LOSS,0.01,61.81,0.046081,5871.68,-61.68,6.96,-68.65,-68.65,6180.72,6112.07
242,ETH/INR,1h,SHORT,2025-04-08 05:30:00+05:30,2025-04-08 07:30:00+05:30,1551.24,129528.87,1566.76,1504.71,1567.54,130889.58,STOP_LOSS,0.01,61.12,0.044828,5806.46,-61.0,6.89,-67.88,-67.88,6112.07,6044.18
243,ETH/INR,1h,SHORT,2025-04-08 22:30:00+05:30,2025-04-09 00:30:00+05:30,1484.65,123967.87,1499.49,1440.11,1477.46,123367.74,INTRADAY_SQUAREOFF,0.01,60.44,0.046318,5741.97,27.8,6.76,21.04,21.04,6044.18,6065.22
244,ETH/INR,1h,SHORT,2025-04-09 08:30:00+05:30,2025-04-09 10:30:00+05:30,1415.13,118163.47,1429.28,1372.68,1430.0,119404.78,STOP_LOSS,0.01,60.65,0.048763,5761.96,-60.53,6.83,-67.36,-67.36,6065.22,5997.86
245,ETH/INR,1h,SHORT,2025-04-09 17:30:00+05:30,2025-04-09 19:30:00+05:30,1444.98,120656.24,1459.43,1401.64,1460.16,121923.73,STOP_LOSS,0.01,59.98,0.047225,5697.96,-59.86,6.76,-66.62,-66.62,5997.86,5931.24
246,ETH/INR,1h,LONG,2025-04-10 15:30:00+05:30,2025-04-10 17:30:00+05:30,1605.82,134085.66,1589.76,1653.99,1588.96,132678.43,STOP_LOSS,0.01,59.31,0.042023,5634.68,-59.14,6.61,-65.75,-65.75,5931.24,5865.49
247,ETH/INR,1h,SHORT,2025-04-11 06:30:00+05:30,2025-04-11 08:30:00+05:30,1506.25,125771.8,1521.31,1461.06,1522.07,127093.03,STOP_LOSS,0.01,58.65,0.044304,5572.22,-58.54,6.61,-65.15,-65.15,5865.49,5800.35
248,ETH/INR,1h,SHORT,2025-04-11 18:30:00+05:30,2025-04-11 21:30:00+05:30,1553.46,129714.02,1569.0,1506.86,1569.78,131076.66,STOP_LOSS,0.01,58.0,0.042481,5510.33,-57.89,6.54,-64.42,-64.42,5800.35,5735.92
249,ETH/INR,1h,SHORT,2025-04-12 00:30:00+05:30,2025-04-12 02:30:00+05:30,1560.9,130335.09,1576.51,1514.07,1577.3,131704.26,STOP_LOSS,0.01,57.36,0.041809,5449.13,-57.24,6.46,-63.71,-63.71,5735.92,5672.22
250,ETH/INR,1h,SHORT,2025-04-12 07:30:00+05:30,2025-04-12 10:30:00+05:30,1552.36,129622.27,1567.89,1505.79,1568.67,130983.95,STOP_LOSS,0.01,56.72,0.041572,5388.61,-56.61,6.39,-63.0,-63.0,5672.22,5609.22
251,ETH/INR,1h,LONG,2025-04-12 19:30:00+05:30,2025-04-13 00:30:00+05:30,1643.59,137239.83,1627.15,1692.9,1649.46,137730.27,INTRADAY_SQUAREOFF,0.01,56.09,0.038828,5328.76,19.04,6.3,12.74,12.74,5609.22,5621.96
252,ETH/INR,1h,LONG,2025-04-13 15:30:00+05:30,2025-04-13 17:30:00+05:30,1627.26,135876.34,1610.99,1676.08,1610.18,134450.32,STOP_LOSS,0.01,56.22,0.039307,5340.86,-56.05,6.27,-62.32,-62.32,5621.96,5559.64
253,ETH/INR,1h,SHORT,2025-04-16 06:30:00+05:30,2025-04-16 08:30:00+05:30,1577.24,131699.3,1593.01,1529.92,1593.81,133082.8,STOP_LOSS,0.01,55.6,0.040104,5281.66,-55.48,6.27,-61.75,-61.75,5559.64,5497.89
254,ETH/INR,1h,SHORT,2025-04-16 13:30:00+05:30,2025-04-16 15:30:00+05:30,1563.15,130523.44,1578.79,1516.26,1579.58,131894.58,STOP_LOSS,0.01,54.98,0.040016,5223.0,-54.87,6.2,-61.06,-61.06,5497.89,5436.83
255,ETH/INR,1h,SHORT,2025-04-16 19:30:00+05:30,2025-04-16 21:30:00+05:30,1568.49,130968.6,1584.17,1521.43,1584.96,132344.43,STOP_LOSS,0.01,54.37,0.039437,5164.99,-54.26,6.13,-60.38,-60.38,5436.83,5376.44
256,ETH/INR,1h,SHORT,2025-04-16 23:30:00+05:30,2025-04-17 01:30:00+05:30,1545.62,129059.4,1561.08,1499.25,1561.86,130415.17,STOP_LOSS,0.01,53.76,0.039576,5107.62,-53.66,6.06,-59.71,-59.71,5376.44,5316.73
257,ETH/INR,1h,SHORT,2025-04-17 14:30:00+05:30,2025-04-17 21:30:00+05:30,1594.9,133174.49,1610.85,1547.06,1611.66,134573.49,STOP_LOSS,0.01,53.17,0.037927,5050.89,-53.06,5.99,-59.05,-59.05,5316.73,5257.68
258,ETH/INR,1h,SHORT,2025-04-18 01:30:00+05:30,2025-04-18 17:30:00+05:30,1577.9,131754.8,1593.68,1530.56,1594.48,133138.89,STOP_LOSS,0.01,52.58,0.03791,4994.79,-52.47,5.92,-58.4,-58.4,5257.68,5199.28
259,ETH/INR,1h,SHORT,2025-04-19 04:30:00+05:30,2025-04-19 09:30:00+05:30,1591.93,132926.24,1607.85,1544.17,1608.65,134322.63,STOP_LOSS,0.01,51.99,0.037158,4939.32,-51.89,5.86,-57.75,-57.75,5199.28,5141.54
260,ETH/INR,1h,LONG,2025-04-19 23:30:00+05:30,2025-04-20 01:30:00+05:30,1625.2,135704.6,1608.95,1673.96,1613.74,134747.5,INTRADAY_SQUAREOFF,0.01,51.42,0.035993,4884.46,-34.45,5.74,-40.19,-40.19,5141.54,5101.34
261,ETH/INR,1h,LONG,2025-04-20 07:30:00+05:30,2025-04-20 12:30:00+05:30,1619.23,135205.49,1603.04,1667.8,1602.23,133786.51,STOP_LOSS,0.01,51.01,0.035844,4846.28,-50.86,5.69,-56.55,-56.55,5101.34,5044.79
262,ETH/INR,1h,SHORT,2025-04-20 16:30:00+05:30,2025-04-21 00:30:00+05:30,1571.07,131184.65,1586.78,1523.94,1582.25,132118.16,INTRADAY_SQUAREOFF,0.01,50.45,0.036533,4792.55,-34.1,5.68,-39.78,-39.78,5044.79,5005.01
263,ETH/INR,1h,LONG,2025-04-23 03:30:00+05:30,2025-04-23 05:30:00+05:30,1771.07,147884.0,1753.36,1824.2,1752.48,146331.96,STOP_LOSS,0.01,50.05,0.032152,4754.76,-49.9,5.58,-55.48,-55.48,5005.01,4949.53
264,ETH/INR,1h,LONG,2025-04-23 09:30:00+05:30,2025-04-23 12:30:00+05:30,1797.08,150056.21,1779.11,1850.99,1778.22,148481.37,STOP_LOSS,0.01,49.5,0.031335,4702.05,-49.35,5.52,-54.87,-54.87,4949.53,4894.66
265,ETH/INR,1h,LONG,2025-04-23 16:30:00+05:30,2025-04-23 18:30:00+05:30,1806.3,150825.72,1788.23,1860.48,1787.34,149242.8,STOP_LOSS,0.01,48.95,0.03083,4649.93,-48.8,5.46,-54.26,-54.26,4894.66,4840.4
266,ETH/INR,1h,LONG,2025-04-23 23:30:00+05:30,2025-04-24 01:30:00+05:30,1802.99,150549.78,1784.96,1857.08,1786.1,149139.01,INTRADAY_SQUAREOFF,0.01,48.4,0.030544,4598.38,-43.09,5.4,-48.49,-48.49,4840.4,4791.91
267,ETH/INR,1h,LONG,2025-04-24 04:30:00+05:30,2025-04-24 06:30:00+05:30,1805.94,150795.79,1787.88,1860.12,1786.98,149213.18,STOP_LOSS,0.01,47.92,0.030189,4552.32,-47.78,5.34,-53.12,-53.12,4791.91,4738.79
268,ETH/INR,1h,SHORT,2025-04-25 08:30:00+05:30,2025-04-25 10:30:00+05:30,1739.63,145259.43,1757.03,1687.44,1757.91,146785.38,STOP_LOSS,0.01,47.39,0.030992,4501.85,-47.29,5.34,-52.63,-52.63,4738.79,4686.16
269,ETH/INR,1h,LONG,2025-04-26 21:30:00+05:30,2025-04-27 00:30:00+05:30,1804.72,150694.01,1786.67,1858.86,1803.27,150573.25,INTRADAY_SQUAREOFF,0.01,46.86,0.029542,4451.85,-3.57,5.25,-8.82,-8.82,4686.16,4677.34
270,ETH/INR,1h,LONG,2025-04-27 05:30:00+05:30,2025-04-27 09:30:00+05:30,1823.94,152299.13,1805.7,1878.66,1804.8,150700.75,STOP_LOSS,0.01,46.77,0.029176,4443.48,-46.63,5.22,-51.85,-51.85,4677.34,4625.49
271,ETH/INR,1h,SHORT,2025-04-29 10:30:00+05:30,2025-04-29 12:30:00+05:30,1789.72,149441.92,1807.62,1736.03,1808.52,151011.81,STOP_LOSS,0.01,46.25,0.029404,4394.22,-46.16,5.21,-51.37,-51.37,4625.49,4574.12
272,ETH/INR,1h,LONG,2025-04-29 23:30:00+05:30,2025-04-30 01:30:00+05:30,1829.62,152772.89,1811.32,1884.5,1810.41,151169.53,STOP_LOSS,0.01,45.74,0.028444,4345.41,-45.61,5.1,-50.71,-50.71,4574.12,4523.41
273,ETH/INR,1h,LONG,2025-05-02 06:30:00+05:30,2025-05-02 10:30:00+05:30,1850.66,154529.92,1832.15,1906.18,1831.24,152908.13,STOP_LOSS,0.01,45.23,0.027808,4297.24,-45.1,5.04,-50.14,-50.14,4523.41,4473.27
274,ETH/INR,1h,LONG,2025-05-03 05:30:00+05:30,2025-05-03 13:30:00+05:30,1843.79,153956.16,1825.35,1899.1,1824.44,152340.39,STOP_LOSS,0.01,44.73,0.027603,4249.61,-44.6,4.99,-49.59,-49.59,4473.27,4423.68
275,ETH/INR,1h,LONG,2025-05-03 18:30:00+05:30,2025-05-03 22:30:00+05:30,1833.2,153071.87,1814.86,1888.19,1813.96,151465.38,STOP_LOSS,0.01,44.24,0.027454,4202.5,-44.11,4.93,-49.04,-49.04,4423.68,4374.64
276,ETH/INR,1h,LONG,2025-05-04 01:30:00+05:30,2025-05-04 18:30:00+05:30,1840.13,153651.25,1821.73,1895.34,1820.82,152038.68,STOP_LOSS,0.01,43.75,0.027048,4155.91,-43.62,4.88,-48.49,-48.49,4374.64,4326.15
277,ETH/INR,1h,SHORT,2025-05-05 07:30:00+05:30,2025-05-05 09:30:00+05:30,1784.8,149031.21,1802.65,1731.26,1803.55,150596.78,STOP_LOSS,0.01,43.26,0.027577,4109.84,-43.17,4.88,-48.05,-48.05,4326.15,4278.1
278,ETH/INR,1h,SHORT,2025-05-05 16:30:00+05:30,2025-05-05 23:30:00+05:30,1799.81,150284.55,1817.81,1745.82,1818.72,151863.29,STOP_LOSS,0.01,42.78,0.027043,4064.19,-42.69,4.82,-47.52,-47.52,4278.1,4230.58
279,ETH/INR,1h,SHORT,2025-05-06 06:30:00+05:30,2025-05-06 18:30:00+05:30,1810.52,151178.05,1828.62,1756.2,1757.08,146716.03,TARGET_HIT,0.01,42.31,0.026585,4019.06,118.62,4.67,113.95,113.95,4230.58,4344.53
280,ETH/INR,1h,LONG,2025-05-07 13:30:00+05:30,2025-05-07 19:30:00+05:30,1839.2,153572.93,1820.8,1894.37,1819.89,151961.18,STOP_LOSS,0.01,43.45,0.026875,4127.31,-43.32,4.84,-48.16,-48.16,4344.53,4296.37
281,ETH/INR,1h,LONG,2025-05-08 19:30:00+05:30,2025-05-08 21:30:00+05:30,1980.7,165388.34,1960.89,2040.12,2039.1,170264.82,TARGET_HIT,0.01,42.96,0.024679,4081.56,120.34,4.89,115.46,115.46,4296.37,4411.83
282,ETH/INR,1h,LONG,2025-05-09 00:30:00+05:30,2025-05-09 02:30:00+05:30,2072.33,173039.79,2051.61,2134.5,2133.44,178141.86,TARGET_HIT,0.01,44.12,0.024221,4191.24,123.58,5.02,118.56,118.56,4411.83,4530.39
283,ETH/INR,1h,LONG,2025-05-09 05:30:00+05:30,2025-05-09 12:30:00+05:30,2208.38,184399.49,2186.29,2274.63,2273.49,189836.5,TARGET_HIT,0.01,45.3,0.02334,4303.87,126.9,5.15,121.75,121.75,4530.39,4652.14
284,ETH/INR,1h,LONG,2025-05-09 19:30:00+05:30,2025-05-09 21:30:00+05:30,2382.41,198931.65,2358.59,2453.89,2357.41,196843.86,STOP_LOSS,0.01,46.52,0.022216,4419.53,-46.38,5.19,-51.57,-51.57,4652.14,4600.57
285,ETH/INR,1h,LONG,2025-05-09 23:30:00+05:30,2025-05-10 01:30:00+05:30,2352.43,196428.31,2328.91,2423.01,2330.61,194605.61,INTRADAY_SQUAREOFF,0.01,46.01,0.02225,4370.54,-40.56,5.13,-45.69,-45.69,4600.57,4554.88
286,ETH/INR,1h,LONG,2025-05-10 05:30:00+05:30,2025-05-10 13:30:00+05:30,2346.98,195972.77,2323.51,2417.39,2416.18,201751.03,TARGET_HIT,0.01,45.55,0.02208,4327.13,127.59,5.18,122.4,122.4,4554.88,4677.28
287,ETH/INR,1h,LONG,2025-05-10 19:30:00+05:30,2025-05-11 00:30:00+05:30,2444.4,204107.0,2419.95,2517.73,2496.33,208443.74,INTRADAY_SQUAREOFF,0.01,46.77,0.02177,4443.42,94.41,5.3,89.11,89.11,4677.28,4766.39
288,ETH/INR,1h,LONG,2025-05-11 03:30:00+05:30,2025-05-11 05:30:00+05:30,2545.42,212542.29,2519.96,2621.78,2518.7,210311.66,STOP_LOSS,0.01,47.66,0.021304,4528.08,-47.52,5.32,-52.84,-52.84,4766.39,4713.56
289,ETH/INR,1h,LONG,2025-05-11 11:30:00+05:30,2025-05-11 13:30:00+05:30,2562.21,213944.59,2536.59,2639.08,2535.32,211699.24,STOP_LOSS,0.01,47.14,0.02093,4477.88,-47.0,5.26,-52.25,-52.25,4713.56,4661.31
290,ETH/INR,1h,SHORT,2025-05-13 06:30:00+05:30,2025-05-13 14:30:00+05:30,2458.42,205278.44,2483.01,2384.67,2484.25,207434.89,STOP_LOSS,0.01,46.61,0.021572,4428.24,-46.52,5.25,-51.77,-51.77,4661.31,4609.53
291,ETH/INR,1h,LONG,2025-05-13 21:30:00+05:30,2025-05-13 23:30:00+05:30,2572.2,214778.37,2546.47,2649.36,2648.04,221111.11,TARGET_HIT,0.01,46.1,0.020389,4379.06,129.12,5.24,123.87,123.87,4609.53,4733.41
292,ETH/INR,1h,LONG,2025-05-14 06:30:00+05:30,2025-05-14 08:30:00+05:30,2701.03,225536.13,2674.02,2782.06,2672.68,223169.13,STOP_LOSS,0.01,47.33,0.019938,4496.74,-47.19,5.28,-52.47,-52.47,4733.41,4680.94
293,ETH/INR,1h,LONG,2025-05-14 17:30:00+05:30,2025-05-14 19:30:00+05:30,2633.75,219918.09,2607.41,2712.76,2606.11,217610.05,STOP_LOSS,0.01,46.81,0.020221,4446.89,-46.67,5.22,-51.89,-51.89,4680.94,4629.05
294,ETH/INR,1h,SHORT,2025-05-15 19:30:00+05:30,2025-05-15 21:30:00+05:30,2515.41,210036.62,2540.56,2439.95,2541.83,212243.06,STOP_LOSS,0.01,46.29,0.020937,4397.59,-46.2,5.22,-51.41,-51.41,4629.05,4577.63
295,ETH/INR,1h,SHORT,2025-05-16 00:30:00+05:30,2025-05-16 03:30:00+05:30,2520.65,210473.88,2545.85,2445.03,2547.12,212684.91,STOP_LOSS,0.01,45.78,0.020662,4348.75,-45.68,5.16,-50.84,-50.84,4577.63,4526.79
296,ETH/INR,1h,SHORT,2025-05-17 11:30:00+05:30,2025-05-18 00:30:00+05:30,2476.71,206804.88,2501.47,2402.4,2467.03,205997.39,INTRADAY_SQUAREOFF,0.01,45.27,0.020795,4300.45,16.79,5.06,11.73,11.73,4526.79,4538.52
297,ETH/INR,1h,SHORT,2025-05-18 04:30:00+05:30,2025-05-18 06:30:00+05:30,2455.73,205053.33,2480.29,2382.06,2481.53,207207.42,STOP_LOSS,0.01,45.39,0.021027,4311.59,-45.29,5.11,-50.41,-50.41,4538.52,4488.11
298,ETH/INR,1h,SHORT,2025-05-18 15:30:00+05:30,2025-05-18 18:30:00+05:30,2504.38,209115.51,2529.42,2429.25,2530.69,211312.26,STOP_LOSS,0.01,44.88,0.020389,4263.7,-44.79,5.06,-49.85,-49.85,4488.11,4438.26
299,ETH/INR,1h,SHORT,2025-05-19 12:30:00+05:30,2025-05-19 14:30:00+05:30,2354.28,196582.79,2377.83,2283.66,2379.02,198647.89,STOP_LOSS,0.01,44.38,0.021448,4216.35,-44.29,5.0,-49.29,-49.29,4438.26,4388.97
300,ETH/INR,1h,SHORT,2025-05-19 18:30:00+05:30,2025-05-19 20:30:00+05:30,2387.03,199316.99,2410.9,2315.42,2412.11,201410.81,STOP_LOSS,0.01,43.89,0.020919,4169.52,-43.8,4.95,-48.75,-48.75,4388.97,4340.22
301,ETH/INR,1h,LONG,2025-05-23 05:30:00+05:30,2025-05-23 16:30:00+05:30,2666.04,222614.08,2639.38,2746.02,2638.06,220277.75,STOP_LOSS,0.01,43.4,0.018522,4123.21,-43.27,4.84,-48.11,-48.11,4340.22,4292.11
302,ETH/INR,1h,SHORT,2025-05-24 00:30:00+05:30,2025-05-25 00:30:00+05:30,2554.09,213266.7,2579.63,2477.47,2551.06,213013.17,INTRADAY_SQUAREOFF,0.01,42.92,0.019119,4077.5,4.85,4.81,0.04,0.04,4292.11,4292.15
303,ETH/INR,1h,SHORT,2025-05-25 04:30:00+05:30,2025-05-26 00:30:00+05:30,2524.14,210766.01,2549.39,2448.42,2517.97,210250.56,INTRADAY_SQUAREOFF,0.01,42.92,0.019346,4077.54,9.97,4.81,5.17,5.17,4292.15,4297.31
304,ETH/INR,1h,LONG,2025-05-26 18:30:00+05:30,2025-05-26 20:30:00+05:30,2574.47,214967.87,2548.72,2651.7,2547.45,212711.79,STOP_LOSS,0.01,42.97,0.018991,4082.45,-42.85,4.79,-47.64,-47.64,4297.31,4249.68
305,ETH/INR,1h,LONG,2025-05-27 02:30:00+05:30,2025-05-27 06:30:00+05:30,2568.14,214440.05,2542.46,2645.19,2541.19,212189.5,STOP_LOSS,0.01,42.5,0.018827,4037.19,-42.37,4.74,-47.11,-47.11,4249.68,4202.57
306,ETH/INR,1h,LONG,2025-05-27 21:30:00+05:30,2025-05-28 00:30:00+05:30,2671.24,223048.42,2644.53,2751.38,2679.87,223769.01,INTRADAY_SQUAREOFF,0.01,42.03,0.017899,3992.44,12.9,4.72,8.18,8.18,4202.57,4210.75
307,ETH/INR,1h,LONG,2025-05-28 14:30:00+05:30,2025-05-28 20:30:00+05:30,2646.6,220991.45,2620.14,2726.0,2618.83,218672.14,STOP_LOSS,0.01,42.11,0.018101,4000.21,-41.98,4.7,-46.68,-46.68,4210.75,4164.07
308,ETH/INR,1h,LONG,2025-05-28 22:30:00+05:30,2025-05-29 00:30:00+05:30,2644.33,220801.23,2617.88,2723.66,2635.29,220046.62,INTRADAY_SQUAREOFF,0.01,41.64,0.017916,3955.87,-13.52,4.66,-18.18,-18.18,4164.07,4145.89
309,ETH/INR,1h,LONG,2025-05-29 05:30:00+05:30,2025-05-29 07:30:00+05:30,2685.43,224233.26,2658.57,2765.99,2764.61,230844.77,TARGET_HIT,0.01,41.46,0.017565,3938.59,116.13,4.72,111.41,111.41,4145.89,4257.3
310,ETH/INR,1h,LONG,2025-05-29 15:30:00+05:30,2025-05-29 17:30:00+05:30,2738.67,228678.78,2711.28,2820.83,2709.93,226278.79,STOP_LOSS,0.01,42.57,0.017686,4044.44,-42.45,4.75,-47.19,-47.19,4257.3,4210.11
311,ETH/INR,1h,SHORT,2025-05-30 06:30:00+05:30,2025-05-30 08:30:00+05:30,2566.76,214324.74,2592.43,2489.76,2593.73,216576.22,STOP_LOSS,0.01,42.1,0.018661,3999.6,-42.02,4.74,-46.76,-46.76,4210.11,4163.35
312,ETH/INR,1h,SHORT,2025-05-30 19:30:00+05:30,2025-05-30 21:30:00+05:30,2574.86,215001.17,2600.61,2497.62,2601.91,217259.75,STOP_LOSS,0.01,41.63,0.018396,3955.18,-41.55,4.69,-46.24,-46.24,4163.35,4117.11
313,ETH/INR,1h,SHORT,2025-05-31 04:30:00+05:30,2025-06-01 00:30:00+05:30,2524.68,210810.81,2549.93,2448.94,2541.98,212255.11,INTRADAY_SQUAREOFF,0.01,41.17,0.018553,3911.25,-26.8,4.63,-31.43,-31.43,4117.11,4085.68
314,ETH/INR,1h,SHORT,2025-06-01 04:30:00+05:30,2025-06-02 00:30:00+05:30,2531.45,211376.07,2556.76,2455.51,2521.84,210573.32,INTRADAY_SQUAREOFF,0.01,40.86,0.018363,3881.4,14.74,4.57,10.17,10.17,4085.68,4095.85
315,ETH/INR,1h,LONG,2025-06-03 03:30:00+05:30,2025-06-03 06:30:00+05:30,2562.16,213940.04,2536.53,2639.02,2637.7,220248.06,TARGET_HIT,0.01,40.96,0.018188,3891.06,114.73,4.66,110.07,110.07,4095.85,4205.92
316,ETH/INR,1h,LONG,2025-06-03 11:30:00+05:30,2025-06-04 00:30:00+05:30,2617.35,218549.01,2591.18,2695.87,2618.38,218634.9,INTRADAY_SQUAREOFF,0.01,42.06,0.018282,3995.62,1.57,4.72,-3.15,-3.15,4205.92,4202.77
317,ETH/INR,1h,LONG,2025-06-04 07:30:00+05:30,2025-06-05 00:30:00+05:30,2618.49,218644.3,2592.31,2697.05,2628.92,219514.74,INTRADAY_SQUAREOFF,0.01,42.03,0.018261,3992.63,15.89,4.72,11.17,11.17,4202.77,4213.95
318,ETH/INR,1h,LONG,2025-06-05 10:30:00+05:30,2025-06-05 12:30:00+05:30,2635.22,220040.89,2608.87,2714.28,2607.56,217731.56,STOP_LOSS,0.01,42.14,0.018193,4003.25,-42.01,4.7,-46.71,-46.71,4213.95,4167.23
319,ETH/INR,1h,SHORT,2025-06-06 01:30:00+05:30,2025-06-06 03:30:00+05:30,2515.92,210079.17,2541.08,2440.44,2441.66,203878.68,TARGET_HIT,0.01,41.67,0.018845,3958.87,116.85,4.6,112.24,112.24,4167.23,4279.48
320,ETH/INR,1h,LONG,2025-06-08 20:30:00+05:30,2025-06-09 00:30:00+05:30,2517.76,210233.3,2492.59,2593.3,2532.12,211432.04,INTRADAY_SQUAREOFF,0.01,42.79,0.019338,4065.5,23.18,4.81,18.37,18.37,4279.48,4297.85
321,ETH/INR,1h,LONG,2025-06-10 02:30:00+05:30,2025-06-10 04:30:00+05:30,2593.2,216532.38,2567.27,2671.0,2669.66,222916.84,TARGET_HIT,0.01,42.98,0.018856,4082.96,120.39,4.89,115.5,115.5,4297.85,4413.34
322,ETH/INR,1h,LONG,2025-06-10 15:30:00+05:30,2025-06-10 17:30:00+05:30,2693.88,224938.83,2666.94,2774.69,2773.31,231571.16,TARGET_HIT,0.01,44.13,0.018639,4192.68,123.62,5.02,118.6,118.6,4413.34,4531.95
323,ETH/INR,1h,LONG,2025-06-11 00:30:00+05:30,2025-06-11 19:30:00+05:30,2762.34,230655.51,2734.72,2845.21,2843.79,237456.39,TARGET_HIT,0.01,45.32,0.018666,4305.35,126.94,5.16,121.79,121.79,4531.95,4653.73
324,ETH/INR,1h,SHORT,2025-06-12 17:30:00+05:30,2025-06-12 19:30:00+05:30,2725.45,227574.75,2752.7,2643.68,2754.08,229965.43,STOP_LOSS,0.01,46.54,0.019427,4421.05,-46.44,5.24,-51.69,-51.69,4653.73,4602.05
325,ETH/INR,1h,SHORT,2025-06-12 21:30:00+05:30,2025-06-12 23:30:00+05:30,2715.49,226743.49,2742.65,2634.03,2744.02,229125.43,STOP_LOSS,0.01,46.02,0.019281,4371.94,-45.93,5.19,-51.11,-51.11,4602.05,4550.93
326,ETH/INR,1h,SHORT,2025-06-13 06:30:00+05:30,2025-06-13 11:30:00+05:30,2502.49,208957.8,2527.51,2427.41,2528.78,211152.9,STOP_LOSS,0.01,45.51,0.02069,4323.39,-45.42,5.13,-50.55,-50.55,4550.93,4500.39
327,ETH/INR,1h,SHORT,2025-06-14 06:30:00+05:30,2025-06-15 00:30:00+05:30,2560.74,213821.85,2586.35,2483.92,2510.5,209627.16,INTRADAY_SQUAREOFF,0.01,45.0,0.019995,4275.37,83.87,5.0,78.88,78.88,4500.39,4579.26
328,ETH/INR,1h,SHORT,2025-06-15 08:30:00+05:30,2025-06-15 21:30:00+05:30,2528.74,211149.88,2554.03,2452.88,2555.31,213368.01,STOP_LOSS,0.01,45.79,0.020603,4350.3,-45.7,5.16,-50.86,-50.86,4579.26,4528.4
329,ETH/INR,1h,LONG,2025-06-16 10:30:00+05:30,2025-06-17 00:30:00+05:30,2578.69,215320.52,2552.9,2656.05,2654.72,221669.24,TARGET_HIT,0.01,45.28,0.019979,4301.98,126.84,5.15,121.69,121.69,4528.4,4650.1
330,ETH/INR,1h,SHORT,2025-06-17 14:30:00+05:30,2025-06-17 20:30:00+05:30,2569.37,214542.47,2595.06,2492.29,2493.54,208210.25,TARGET_HIT,0.01,46.5,0.020591,4417.59,130.39,5.14,125.25,125.25,4650.1,4775.35
331,ETH/INR,1h,SHORT,2025-06-18 04:30:00+05:30,2025-06-18 06:30:00+05:30,2492.9,208156.82,2517.82,2418.11,2519.08,210343.5,STOP_LOSS,0.01,47.75,0.021794,4536.58,-47.66,5.38,-53.04,-53.04,4775.35,4722.31
332,ETH/INR,1h,SHORT,2025-06-18 12:30:00+05:30,2025-06-19 00:30:00+05:30,2520.34,210448.64,2545.55,2444.73,2479.1,207004.71,INTRADAY_SQUAREOFF,0.01,47.22,0.021317,4486.19,73.42,5.25,68.16,68.16,4722.31,4790.47
333,ETH/INR,1h,SHORT,2025-06-19 07:30:00+05:30,2025-06-19 14:30:00+05:30,2510.22,209603.05,2535.32,2434.91,2536.59,211804.93,STOP_LOSS,0.01,47.9,0.021712,4550.95,-47.81,5.4,-53.21,-53.21,4790.47,4737.27
334,ETH/INR,1h,SHORT,2025-06-19 19:30:00+05:30,2025-06-20 00:30:00+05:30,2508.75,209480.72,2533.84,2433.49,2506.33,209278.3,INTRADAY_SQUAREOFF,0.01,47.37,0.021484,4500.4,4.35,5.31,-0.96,-0.96,4737.27,4736.31
335,ETH/INR,1h,SHORT,2025-06-20 08:30:00+05:30,2025-06-20 12:30:00+05:30,2514.36,209948.74,2539.5,2438.93,2540.77,212154.25,STOP_LOSS,0.01,47.36,0.021431,4499.49,-47.27,5.34,-52.6,-52.6,4736.31,4683.7
336,ETH/INR,1h,SHORT,2025-06-21 04:30:00+05:30,2025-06-21 06:30:00+05:30,2385.09,199154.8,2408.94,2313.53,2410.14,201246.92,STOP_LOSS,0.01,46.84,0.022342,4449.52,-46.74,5.28,-52.02,-52.02,4683.7,4631.68
337,ETH/INR,1h,SHORT,2025-06-21 18:30:00+05:30,2025-06-22 00:30:00+05:30,2434.68,203295.82,2459.03,2361.64,2389.0,199481.65,INTRADAY_SQUAREOFF,0.01,46.32,0.021644,4400.1,82.55,5.14,77.41,77.41,4631.68,4709.09
338,ETH/INR,1h,SHORT,2025-06-22 03:30:00+05:30,2025-06-22 05:30:00+05:30,2250.71,187934.53,2273.22,2183.19,2274.36,189908.78,STOP_LOSS,0.01,47.09,0.023804,4473.64,-47.0,5.31,-52.3,-52.3,4709.09,4656.79
339,ETH/INR,1h,SHORT,2025-06-22 13:30:00+05:30,2025-06-22 18:30:00+05:30,2268.7,189436.33,2291.39,2200.64,2201.74,183845.12,TARGET_HIT,0.01,46.57,0.023353,4423.95,130.57,5.14,125.43,125.43,4656.79,4782.22
340,ETH/INR,1h,LONG,2025-06-24 04:30:00+05:30,2025-06-24 06:30:00+05:30,2433.6,203205.82,2409.27,2506.61,2408.06,201073.18,STOP_LOSS,0.01,47.82,0.022357,4543.11,-47.68,5.33,-53.01,-53.01,4782.22,4729.21
341,ETH/INR,1h,LONG,2025-06-24 11:30:00+05:30,2025-06-24 13:30:00+05:30,2426.13,202582.09,2401.87,2498.92,2400.67,200456.0,STOP_LOSS,0.01,47.29,0.022177,4492.75,-47.15,5.27,-52.43,-52.43,4729.21,4676.78
342,ETH/INR,1h,LONG,2025-06-25 02:30:00+05:30,2025-06-25 10:30:00+05:30,2452.15,204754.42,2427.63,2525.71,2426.41,202605.53,STOP_LOSS,0.01,46.77,0.021699,4442.94,-46.63,5.22,-51.84,-51.84,4676.78,4624.94
343,ETH/INR,1h,LONG,2025-06-25 12:30:00+05:30,2025-06-25 14:30:00+05:30,2447.14,204336.31,2422.67,2520.56,2421.46,202191.8,STOP_LOSS,0.01,46.25,0.021502,4393.69,-46.11,5.16,-51.27,-51.27,4624.94,4573.67
344,ETH/INR,1h,LONG,2025-06-26 02:30:00+05:30,2025-06-26 04:30:00+05:30,2442.78,203972.06,2418.35,2516.06,2417.14,201831.37,STOP_LOSS,0.01,45.74,0.021302,4344.99,-45.6,5.1,-50.7,-50.7,4573.67,4522.97
345,ETH/INR,1h,LONG,2025-06-26 12:30:00+05:30,2025-06-26 15:30:00+05:30,2490.01,207915.57,2465.11,2564.71,2463.87,205733.5,STOP_LOSS,0.01,45.23,0.020666,4296.82,-45.1,5.04,-50.14,-50.14,4522.97,4472.83
346,ETH/INR,1h,SHORT,2025-06-27 11:30:00+05:30,2025-06-27 13:30:00+05:30,2435.45,203360.39,2459.81,2362.39,2461.04,205496.69,STOP_LOSS,0.01,44.73,0.020895,4249.19,-44.64,5.04,-49.68,-49.68,4472.83,4423.15
347,ETH/INR,1h,SHORT,2025-06-27 18:30:00+05:30,2025-06-28 00:30:00+05:30,2427.66,202709.86,2451.94,2354.83,2395.91,200058.34,INTRADAY_SQUAREOFF,0.01,44.23,0.020729,4201.99,54.96,4.93,50.04,50.04,4423.15,4473.19
348,ETH/INR,1h,SHORT,2025-06-28 06:30:00+05:30,2025-06-28 22:30:00+05:30,2418.01,201904.19,2442.19,2345.47,2443.42,204025.19,STOP_LOSS,0.01,44.73,0.021047,4249.53,-44.64,5.04,-49.68,-49.68,4473.19,4423.51
349,ETH/INR,1h,LONG,2025-06-30 06:30:00+05:30,2025-06-30 08:30:00+05:30,2522.86,210659.15,2497.64,2598.55,2496.39,208448.28,STOP_LOSS,0.01,44.24,0.019948,4202.33,-44.1,4.93,-49.04,-49.04,4423.51,4374.47
350,ETH/INR,1h,SHORT,2025-07-01 20:30:00+05:30,2025-07-02 00:30:00+05:30,2410.67,201291.05,2434.78,2338.35,2412.38,201433.84,INTRADAY_SQUAREOFF,0.01,43.74,0.020645,4155.75,-2.95,4.91,-7.85,-7.85,4374.47,4366.62
351,ETH/INR,1h,SHORT,2025-07-02 04:30:00+05:30,2025-07-02 08:30:00+05:30,2399.67,200372.28,2423.66,2327.68,2424.88,202477.19,STOP_LOSS,0.01,43.67,0.020703,4148.29,-43.58,4.92,-48.5,-48.5,4366.62,4318.12
352,ETH/INR,1h,LONG,2025-07-03 11:30:00+05:30,2025-07-03 17:30:00+05:30,2598.66,216988.38,2572.68,2676.62,2571.39,214711.08,STOP_LOSS,0.01,43.18,0.018905,4102.21,-43.05,4.82,-47.87,-47.87,4318.12,4270.25
353,ETH/INR,1h,LONG,2025-07-03 19:30:00+05:30,2025-07-03 21:30:00+05:30,2634.64,219992.6,2608.3,2713.68,2606.99,217683.77,STOP_LOSS,0.01,42.7,0.01844,4056.74,-42.58,4.76,-47.34,-47.34,4270.25,4222.91
354,ETH/INR,1h,SHORT,2025-07-04 19:30:00+05:30,2025-07-05 00:30:00+05:30,2524.58,210802.28,2549.82,2448.84,2485.61,207548.69,INTRADAY_SQUAREOFF,0.01,42.23,0.019031,4011.77,61.92,4.7,57.22,57.22,4222.91,4280.14
355,ETH/INR,1h,SHORT,2025-07-05 19:30:00+05:30,2025-07-06 00:30:00+05:30,2513.41,209869.71,2538.54,2438.01,2494.7,208307.42,INTRADAY_SQUAREOFF,0.01,42.8,0.019375,4066.13,30.27,4.78,25.49,25.49,4280.14,4305.62
356,ETH/INR,1h,SHORT,2025-07-06 11:30:00+05:30,2025-07-06 18:30:00+05:30,2509.32,209528.44,2534.42,2434.04,2535.68,211729.53,STOP_LOSS,0.01,43.06,0.019522,4090.34,-42.97,4.85,-47.82,-47.82,4305.62,4257.8
357,ETH/INR,1h,LONG,2025-07-07 03:30:00+05:30,2025-07-07 05:30:00+05:30,2600.72,217159.89,2574.71,2678.74,2573.42,214880.79,STOP_LOSS,0.01,42.58,0.018626,4044.91,-42.45,4.75,-47.2,-47.2,4257.8,4210.6
358,ETH/INR,1h,LONG,2025-07-07 13:30:00+05:30,2025-07-07 17:30:00+05:30,2580.11,215439.1,2554.31,2657.51,2553.03,213178.07,STOP_LOSS,0.01,42.11,0.018567,4000.07,-41.98,4.7,-46.68,-46.68,4210.6,4163.93
359,ETH/INR,1h,LONG,2025-07-07 19:30:00+05:30,2025-07-07 21:30:00+05:30,2568.15,214440.33,2542.47,2645.19,2541.19,212189.78,STOP_LOSS,0.01,41.64,0.018447,3955.73,-41.52,4.64,-46.16,-46.16,4163.93,4117.77
360,ETH/INR,1h,LONG,2025-07-08 23:30:00+05:30,2025-07-09 01:30:00+05:30,2627.36,219384.23,2601.08,2706.18,2609.6,217901.32,INTRADAY_SQUAREOFF,0.01,41.18,0.017831,3911.88,-26.44,4.6,-31.04,-31.04,4117.77,4086.73
361,ETH/INR,1h,LONG,2025-07-09 05:30:00+05:30,2025-07-09 08:30:00+05:30,2619.25,218707.51,2593.06,2697.83,2591.76,216412.17,STOP_LOSS,0.01,40.87,0.017752,3882.39,-40.75,4.56,-45.3,-45.3,4086.73,4041.42
362,ETH/INR,1h,LONG,2025-07-09 12:30:00+05:30,2025-07-09 14:30:00+05:30,2633.72,219915.31,2607.38,2712.73,2606.08,217607.3,STOP_LOSS,0.01,40.41,0.017458,3839.35,-40.29,4.51,-44.8,-44.8,4041.42,3996.62
363,ETH/INR,1h,LONG,2025-07-09 16:30:00+05:30,2025-07-09 23:30:00+05:30,2622.07,218943.06,2595.85,2700.73,2699.38,225398.6,TARGET_HIT,0.01,39.97,0.017341,3796.79,111.95,4.55,107.4,107.4,3996.62,4104.03
364,ETH/INR,1h,LONG,2025-07-10 04:30:00+05:30,2025-07-11 00:30:00+05:30,2783.08,232387.43,2755.25,2866.58,2811.34,234746.89,INTRADAY_SQUAREOFF,0.01,41.04,0.016777,3898.82,39.59,4.62,34.96,34.96,4104.03,4138.99
365,ETH/INR,1h,LONG,2025-07-11 08:30:00+05:30,2025-07-12 00:30:00+05:30,2969.41,247945.53,2939.71,3058.49,2994.17,250013.27,INTRADAY_SQUAREOFF,0.01,41.39,0.015858,3932.04,32.79,4.66,28.13,28.13,4138.99,4167.12
366,ETH/INR,1h,SHORT,2025-07-13 02:30:00+05:30,2025-07-13 05:30:00+05:30,2917.67,243625.76,2946.85,2830.14,2948.32,246185.05,STOP_LOSS,0.01,41.67,0.016249,3958.76,-41.59,4.7,-46.28,-46.28,4167.12,4120.84
367,ETH/INR,1h,SHORT,2025-07-13 11:30:00+05:30,2025-07-13 17:30:00+05:30,2949.89,246315.76,2979.39,2861.39,2980.88,248903.3,STOP_LOSS,0.01,41.21,0.015893,3914.79,-41.12,4.64,-45.77,-45.77,4120.84,4075.07
368,ETH/INR,1h,LONG,2025-07-14 05:30:00+05:30,2025-07-14 15:30:00+05:30,2979.44,248783.48,2949.65,3068.83,3067.29,256118.86,TARGET_HIT,0.01,40.75,0.015561,3871.31,114.15,4.64,109.51,109.51,4075.07,4184.58
369,ETH/INR,1h,LONG,2025-07-15 03:30:00+05:30,2025-07-15 06:30:00+05:30,3016.23,251855.57,2986.07,3106.72,2984.58,249212.35,STOP_LOSS,0.01,41.85,0.015784,3975.35,-41.72,4.67,-46.39,-46.39,4184.58,4138.19
370,ETH/INR,1h,LONG,2025-07-15 23:30:00+05:30,2025-07-16 01:30:00+05:30,3096.8,258583.17,3065.84,3189.71,3064.3,255869.34,STOP_LOSS,0.01,41.38,0.015203,3931.28,-41.26,4.61,-45.87,-45.87,4138.19,4092.32
371,ETH/INR,1h,LONG,2025-07-16 19:30:00+05:30,2025-07-16 22:30:00+05:30,3199.28,267140.27,3167.29,3295.26,3293.62,275016.9,TARGET_HIT,0.01,40.92,0.014553,3887.7,114.63,4.66,109.97,109.97,4092.32,4202.29
372,ETH/INR,1h,LONG,2025-07-17 10:30:00+05:30,2025-07-17 12:30:00+05:30,3353.1,279984.16,3319.57,3453.7,3451.97,288239.49,TARGET_HIT,0.01,42.02,0.014259,3992.18,117.71,4.78,112.93,112.93,4202.29,4315.22
373,ETH/INR,1h,LONG,2025-07-18 06:30:00+05:30,2025-07-18 10:30:00+05:30,3543.38,295872.57,3507.95,3649.69,3647.86,304596.37,TARGET_HIT,0.01,43.15,0.013855,4099.46,120.87,4.91,115.96,115.96,4315.22,4431.18
374,ETH/INR,1h,LONG,2025-07-18 18:30:00+05:30,2025-07-18 20:30:00+05:30,3638.68,303829.37,3602.29,3747.84,3600.49,300640.68,STOP_LOSS,0.01,44.31,0.013855,4209.62,-44.18,4.94,-49.12,-49.12,4431.18,4382.06
375,ETH/INR,1h,LONG,2025-07-20 14:30:00+05:30,2025-07-21 00:30:00+05:30,3716.58,310334.08,3679.41,3828.07,3750.41,313159.07,INTRADAY_SQUAREOFF,0.01,43.82,0.013414,4162.96,37.9,4.93,32.96,32.96,4382.06,4415.02
376,ETH/INR,1h,LONG,2025-07-21 03:30:00+05:30,2025-07-21 05:30:00+05:30,3774.72,315189.4,3736.98,3887.97,3735.11,311881.49,STOP_LOSS,0.01,44.15,0.013307,4194.27,-44.02,4.92,-48.94,-48.94,4415.02,4366.08
377,ETH/INR,1h,LONG,2025-07-21 16:30:00+05:30,2025-07-21 18:30:00+05:30,3820.27,318992.91,3782.07,3934.88,3780.18,315645.08,STOP_LOSS,0.01,43.66,0.013003,4147.78,-43.53,4.87,-48.4,-48.4,4366.08,4317.68
378,ETH/INR,1h,LONG,2025-07-22 07:30:00+05:30,2025-07-22 09:30:00+05:30,3799.26,317238.46,3761.27,3913.24,3759.39,313909.04,STOP_LOSS,0.01,43.18,0.01293,4101.8,-43.05,4.81,-47.86,-47.86,4317.68,4269.82
379,ETH/INR,1h,SHORT,2025-07-22 13:30:00+05:30,2025-07-22 16:30:00+05:30,3670.34,306473.06,3707.04,3560.23,3708.89,309692.56,STOP_LOSS,0.01,42.7,0.013236,4056.33,-42.61,4.81,-47.42,-47.42,4269.82,4222.39
380,ETH/INR,1h,SHORT,2025-07-22 19:30:00+05:30,2025-07-22 21:30:00+05:30,3639.18,303871.57,3675.57,3530.01,3677.41,307063.74,STOP_LOSS,0.01,42.22,0.013201,4011.28,-42.14,4.76,-46.9,-46.9,4222.39,4175.5
381,ETH/INR,1h,SHORT,2025-07-23 01:30:00+05:30,2025-07-23 03:30:00+05:30,3660.4,305643.65,3697.01,3550.59,3698.86,308854.44,STOP_LOSS,0.01,41.75,0.012978,3966.72,-41.67,4.71,-46.38,-46.38,4175.5,4129.12
382,ETH/INR,1h,SHORT,2025-07-23 09:30:00+05:30,2025-07-23 18:30:00+05:30,3727.58,311253.0,3764.86,3615.75,3617.56,302066.37,TARGET_HIT,0.01,41.29,0.012603,3922.67,115.78,4.56,111.22,111.22,4129.12,4240.34
383,ETH/INR,1h,SHORT,2025-07-23 22:30:00+05:30,2025-07-24 00:30:00+05:30,3573.66,298400.33,3609.39,3466.45,3611.2,301535.02,STOP_LOSS,0.01,42.4,0.0135,4028.32,-42.32,4.78,-47.1,-47.1,4240.34,4193.24
384,ETH/INR,1h,SHORT,2025-07-24 10:30:00+05:30,2025-07-24 13:30:00+05:30,3606.65,301155.53,3642.72,3498.45,3644.54,304319.17,STOP_LOSS,0.01,41.93,0.013228,3983.58,-41.85,4.73,-46.57,-46.57,4193.24,4146.67
385,ETH/INR,1h,LONG,2025-07-25 00:30:00+05:30,2025-07-25 02:30:00+05:30,3753.05,313379.5,3715.52,3865.64,3713.66,310090.59,STOP_LOSS,0.01,41.47,0.012571,3939.34,-41.34,4.62,-45.97,-45.97,4146.67,4100.7
386,ETH/INR,1h,LONG,2025-07-26 00:30:00+05:30,2025-07-26 13:30:00+05:30,3656.83,305344.99,3620.26,3766.53,3764.65,314348.09,TARGET_HIT,0.01,41.01,0.012758,3895.67,114.86,4.66,110.2,110.2,4100.7,4210.9
387,ETH/INR,1h,LONG,2025-07-27 00:30:00+05:30,2025-07-27 23:30:00+05:30,3751.52,313251.52,3714.0,3864.06,3862.13,322487.74,TARGET_HIT,0.01,42.11,0.01277,4000.36,117.95,4.79,113.16,113.16,4210.9,4324.06
388,ETH/INR,1h,LONG,2025-07-28 05:30:00+05:30,2025-07-28 18:30:00+05:30,3877.83,323798.56,3839.05,3994.16,3837.13,320400.3,STOP_LOSS,0.01,43.24,0.012686,4107.86,-43.11,4.82,-47.93,-47.93,4324.06,4276.13
389,ETH/INR,1h,SHORT,2025-07-29 07:30:00+05:30,2025-07-29 09:30:00+05:30,3758.5,313834.38,3796.08,3645.74,3797.98,317131.21,STOP_LOSS,0.01,42.76,0.012944,4062.32,-42.67,4.82,-47.49,-47.49,4276.13,4228.64
390,ETH/INR,1h,SHORT,2025-07-30 10:30:00+05:30,2025-07-31 00:30:00+05:30,3799.97,317297.9,3837.97,3685.98,3740.11,312299.5,INTRADAY_SQUAREOFF,0.01,42.29,0.012661,4017.2,63.28,4.7,58.58,58.58,4228.64,4287.22
391,ETH/INR,1h,SHORT,2025-07-31 23:30:00+05:30,2025-08-01 01:30:00+05:30,3769.28,314734.88,3806.97,3656.2,3740.11,312298.93,INTRADAY_SQUAREOFF,0.01,42.87,0.012941,4072.86,31.52,4.79,26.74,26.74,4287.22,4313.95
392,ETH/INR,1h,SHORT,2025-08-01 10:30:00+05:30,2025-08-01 22:30:00+05:30,3678.82,307181.54,3715.61,3568.46,3570.24,298115.07,TARGET_HIT,0.01,43.14,0.013341,4098.25,120.96,4.76,116.2,116.2,4313.95,4430.15
393,ETH/INR,1h,SHORT,2025-08-02 11:30:00+05:30,2025-08-02 23:30:00+05:30,3514.59,293468.61,3549.74,3409.16,3410.86,284806.88,TARGET_HIT,0.01,44.3,0.014341,4208.64,124.22,4.89,119.33,119.33,4430.15,4549.47
394,ETH/INR,1h,SHORT,2025-08-03 12:30:00+05:30,2025-08-03 15:30:00+05:30,3436.27,286928.71,3470.63,3333.18,3472.37,289942.9,STOP_LOSS,0.01,45.49,0.015063,4322.0,-45.4,5.13,-50.53,-50.53,4549.47,4498.94
395,ETH/INR,1h,SHORT,2025-08-03 20:30:00+05:30,2025-08-04 00:30:00+05:30,3468.0,289578.08,3502.68,3363.96,3504.43,292620.1,STOP_LOSS,0.01,44.99,0.014759,4274.0,-44.9,5.07,-49.97,-49.97,4498.94,4448.97
396,ETH/INR,1h,LONG,2025-08-04 08:30:00+05:30,2025-08-04 10:30:00+05:30,3571.75,298240.85,3536.03,3678.9,3534.26,295110.81,STOP_LOSS,0.01,44.49,0.014172,4226.53,-44.36,4.96,-49.32,-49.32,4448.97,4399.66
397,ETH/INR,1h,LONG,2025-08-04 13:30:00+05:30,2025-08-04 21:30:00+05:30,3555.7,296900.81,3520.14,3662.37,3660.54,305654.93,TARGET_HIT,0.01,44.0,0.014078,4179.67,123.24,5.0,118.23,118.23,4399.66,4517.89
398,ETH/INR,1h,LONG,2025-08-05 02:30:00+05:30,2025-08-05 07:30:00+05:30,3712.45,309989.82,3675.33,3823.83,3673.49,306736.48,STOP_LOSS,0.01,45.18,0.013846,4291.99,-45.04,5.04,-50.08,-50.08,4517.89,4467.81
399,ETH/INR,1h,SHORT,2025-08-06 06:30:00+05:30,2025-08-06 10:30:00+05:30,3570.42,298130.27,3606.13,3463.31,3607.93,301262.13,STOP_LOSS,0.01,44.68,0.014237,4244.42,-44.59,5.03,-49.62,-49.62,4467.81,4418.18
400,ETH/INR,1h,SHORT,2025-08-06 16:30:00+05:30,2025-08-06 20:30:00+05:30,3610.54,301480.07,3646.65,3502.22,3648.47,304647.12,STOP_LOSS,0.01,44.18,0.013922,4197.27,-44.09,4.98,-49.07,-49.07,4418.18,4369.11
401,ETH/INR,1h,LONG,2025-08-07 11:30:00+05:30,2025-08-07 15:30:00+05:30,3690.33,308142.36,3653.42,3801.04,3799.14,317227.94,TARGET_HIT,0.01,43.69,0.01347,4150.66,122.38,4.97,117.41,117.41,4369.11,4486.52
402,ETH/INR,1h,LONG,2025-08-08 01:30:00+05:30,2025-08-08 18:30:00+05:30,3879.94,323974.62,3841.14,3996.33,3994.34,333527.01,TARGET_HIT,0.01,44.87,0.013156,4262.2,125.67,5.1,120.57,120.57,4486.52,4607.09
403,ETH/INR,1h,LONG,2025-08-08 23:30:00+05:30,2025-08-09 01:30:00+05:30,4035.8,336989.02,3995.44,4156.87,4058.77,338906.98,INTRADAY_SQUAREOFF,0.01,46.07,0.012988,4376.74,24.91,5.18,19.73,19.73,4607.09,4626.82
404,ETH/INR,1h,LONG,2025-08-09 07:30:00+05:30,2025-08-09 10:30:00+05:30,4036.06,337010.91,3995.7,4157.14,4155.06,346947.67,TARGET_HIT,0.01,46.27,0.013043,4395.48,129.6,5.26,124.34,124.34,4626.82,4751.16
405,ETH/INR,1h,LONG,2025-08-09 15:30:00+05:30,2025-08-09 17:30:00+05:30,4233.57,353502.92,4191.23,4360.57,4189.14,349792.9,STOP_LOSS,0.01,47.51,0.012768,4513.6,-47.37,5.3,-52.67,-52.67,4751.16,4698.49
406,ETH/INR,1h,LONG,2025-08-12 06:30:00+05:30,2025-08-12 17:30:00+05:30,4278.34,357241.57,4235.56,4406.69,4404.49,367774.84,TARGET_HIT,0.01,46.98,0.012495,4463.57,131.61,5.34,126.26,126.26,4698.49,4824.76
407,ETH/INR,1h,LONG,2025-08-12 21:30:00+05:30,2025-08-13 00:30:00+05:30,4476.9,373821.39,4432.13,4611.21,4486.68,374637.6,INTRADAY_SQUAREOFF,0.01,48.25,0.012261,4583.52,10.01,5.41,4.59,4.59,4824.76,4829.35
408,ETH/INR,1h,LONG,2025-08-13 08:30:00+05:30,2025-08-14 00:30:00+05:30,4624.3,386129.19,4578.06,4763.03,4713.86,393607.36,INTRADAY_SQUAREOFF,0.01,48.29,0.011882,4587.88,88.85,5.47,83.39,83.39,4829.35,4912.74
409,ETH/INR,1h,LONG,2025-08-14 09:30:00+05:30,2025-08-14 11:30:00+05:30,4780.44,399166.97,4732.64,4923.86,4730.27,394977.71,STOP_LOSS,0.01,49.13,0.011692,4667.1,-48.98,5.48,-54.46,-54.46,4912.74,4858.28
410,ETH/INR,1h,LONG,2025-08-14 15:30:00+05:30,2025-08-14 17:30:00+05:30,4763.63,397763.28,4716.0,4906.54,4713.64,393588.75,STOP_LOSS,0.01,48.58,0.011603,4615.36,-48.44,5.42,-53.86,-53.86,4858.28,4804.42
411,ETH/INR,1h,SHORT,2025-08-15 03:30:00+05:30,2025-08-15 05:30:00+05:30,4459.58,372374.98,4504.18,4325.79,4506.43,376286.78,STOP_LOSS,0.01,48.04,0.012257,4564.2,-47.95,5.41,-53.36,-53.36,4804.42,4751.06
412,ETH/INR,1h,SHORT,2025-08-15 15:30:00+05:30,2025-08-15 17:30:00+05:30,4615.46,385391.0,4661.62,4477.0,4663.95,389439.54,STOP_LOSS,0.01,47.51,0.011712,4513.51,-47.41,5.35,-52.77,-52.77,4751.06,4698.29
413,ETH/INR,1h,SHORT,2025-08-16 09:30:00+05:30,2025-08-17 00:30:00+05:30,4431.34,370016.96,4475.65,4298.4,4413.77,368549.41,INTRADAY_SQUAREOFF,0.01,46.98,0.012063,4463.38,17.7,5.26,12.45,12.45,4698.29,4710.74
414,ETH/INR,1h,LONG,2025-08-17 21:30:00+05:30,2025-08-17 23:30:00+05:30,4568.95,381506.94,4523.26,4706.01,4520.99,377503.03,STOP_LOSS,0.01,47.11,0.01173,4475.2,-46.97,5.25,-52.22,-52.22,4710.74,4658.52
415,ETH/INR,1h,SHORT,2025-08-18 12:30:00+05:30,2025-08-18 14:30:00+05:30,4235.1,353630.94,4277.45,4108.05,4279.59,357345.84,STOP_LOSS,0.01,46.59,0.012515,4425.59,-46.49,5.25,-51.74,-51.74,4658.52,4606.78
416,ETH/INR,1h,SHORT,2025-08-19 05:30:00+05:30,2025-08-19 21:30:00+05:30,4306.68,359607.7,4349.75,4177.48,4179.57,348993.88,TARGET_HIT,0.01,46.07,0.01217,4376.44,129.17,5.09,124.08,124.08,4606.78,4730.86
417,ETH/INR,1h,SHORT,2025-08-20 05:30:00+05:30,2025-08-20 07:30:00+05:30,4068.56,339724.35,4109.24,3946.5,4111.3,343293.15,STOP_LOSS,0.01,47.31,0.013229,4494.32,-47.21,5.33,-52.54,-52.54,4730.86,4678.32
418,ETH/INR,1h,LONG,2025-08-21 01:30:00+05:30,2025-08-21 06:30:00+05:30,4352.35,363421.05,4308.82,4482.92,4306.67,359606.95,STOP_LOSS,0.01,46.78,0.012229,4444.4,-46.64,5.22,-51.86,-51.86,4678.32,4626.46
419,ETH/INR,1h,LONG,2025-08-22 00:30:00+05:30,2025-08-22 02:30:00+05:30,4267.38,356325.96,4224.7,4395.4,4222.59,352586.32,STOP_LOSS,0.01,46.26,0.012335,4395.13,-46.13,5.16,-51.29,-51.29,4626.46,4575.17
420,ETH/INR,1h,LONG,2025-08-22 07:30:00+05:30,2025-08-22 17:30:00+05:30,4266.03,356213.41,4223.37,4394.01,4221.26,352474.96,STOP_LOSS,0.01,45.75,0.012202,4346.41,-45.62,5.1,-50.72,-50.72,4575.17,4524.45
421,ETH/INR,1h,LONG,2025-08-22 20:30:00+05:30,2025-08-22 22:30:00+05:30,4639.02,387357.97,4592.63,4778.19,4775.8,398779.22,TARGET_HIT,0.01,45.24,0.011096,4298.23,126.73,5.15,121.59,121.59,4524.45,4646.04
422,ETH/INR,1h,LONG,2025-08-23 01:30:00+05:30,2025-08-23 03:30:00+05:30,4854.24,405328.95,4805.7,4999.87,4803.29,401075.02,STOP_LOSS,0.01,46.46,0.010889,4413.74,-46.32,5.18,-51.5,-51.5,4646.04,4594.54
423,ETH/INR,1h,LONG,2025-08-23 10:30:00+05:30,2025-08-23 17:30:00+05:30,4746.78,396356.41,4699.32,4889.19,4696.97,392196.65,STOP_LOSS,0.01,45.95,0.011012,4364.81,-45.81,5.12,-50.93,-50.93,4594.54,4543.6
424,ETH/INR,1h,LONG,2025-08-24 04:30:00+05:30,2025-08-24 16:30:00+05:30,4782.99,399379.62,4735.16,4926.48,4732.79,395188.13,STOP_LOSS,0.01,45.44,0.010808,4316.42,-45.3,5.07,-50.37,-50.37,4543.6,4493.24
425,ETH/INR,1h,SHORT,2025-08-25 11:30:00+05:30,2025-08-25 15:30:00+05:30,4700.37,392481.17,4747.38,4559.36,4561.64,380897.08,TARGET_HIT,0.01,44.93,0.010876,4268.57,125.99,4.96,121.02,121.02,4493.24,4614.26
426,ETH/INR,1h,SHORT,2025-08-25 21:30:00+05:30,2025-08-26 00:30:00+05:30,4607.18,384699.46,4653.25,4468.96,4471.2,373345.05,TARGET_HIT,0.01,46.14,0.011395,4383.55,129.38,5.1,124.28,124.28,4614.26,4738.54
427,ETH/INR,1h,SHORT,2025-08-26 06:30:00+05:30,2025-08-26 08:30:00+05:30,4333.12,361815.76,4376.45,4203.13,4378.64,365616.64,STOP_LOSS,0.01,47.39,0.012442,4501.62,-47.29,5.34,-52.63,-52.63,4738.54,4685.92
428,ETH/INR,1h,LONG,2025-08-27 09:30:00+05:30,2025-08-27 12:30:00+05:30,4626.31,386296.93,4580.05,4765.1,4577.76,382242.74,STOP_LOSS,0.01,46.86,0.011524,4451.62,-46.72,5.23,-51.95,-51.95,4685.92,4633.97
429,ETH/INR,1h,LONG,2025-08-27 14:30:00+05:30,2025-08-28 00:30:00+05:30,4596.8,383832.65,4550.83,4734.7,4548.55,379804.33,STOP_LOSS,0.01,46.34,0.011469,4402.27,-46.2,5.17,-51.37,-51.37,4633.97,4582.6
430,ETH/INR,1h,SHORT,2025-08-29 06:30:00+05:30,2025-08-29 13:30:00+05:30,4471.62,373380.07,4516.33,4337.47,4339.64,362359.75,TARGET_HIT,0.01,45.83,0.01166,4353.47,128.49,5.06,123.43,123.43,4582.6,4706.03
431,ETH/INR,1h,SHORT,2025-08-29 19:30:00+05:30,2025-08-30 00:30:00+05:30,4320.69,360777.95,4363.9,4191.07,4366.08,364567.92,STOP_LOSS,0.01,47.06,0.012392,4470.73,-46.97,5.3,-52.27,-52.27,4706.03,4653.76
432,ETH/INR,1h,SHORT,2025-08-31 00:30:00+05:30,2025-08-31 05:30:00+05:30,4345.23,362826.96,4388.69,4214.88,4390.88,366638.46,STOP_LOSS,0.01,46.54,0.012185,4421.08,-46.44,5.24,-51.69,-51.69,4653.76,4602.08
433,ETH/INR,1h,LONG,2025-08-31 09:30:00+05:30,2025-08-31 11:30:00+05:30,4487.85,374735.25,4442.97,4622.48,4440.75,370802.4,STOP_LOSS,0.01,46.02,0.011667,4371.97,-45.88,5.13,-51.02,-51.02,4602.08,4551.06
434,ETH/INR,1h,LONG,2025-08-31 14:30:00+05:30,2025-09-01 00:30:00+05:30,4474.09,373586.67,4429.35,4608.31,4486.16,374594.78,INTRADAY_SQUAREOFF,0.01,45.51,0.011573,4323.51,11.67,5.11,6.56,6.56,4551.06,4557.62
435,ETH/INR,1h,SHORT,2025-09-02 02:30:00+05:30,2025-09-02 06:30:00+05:30,4274.29,356903.01,4317.03,4146.06,4319.19,360652.28,STOP_LOSS,0.01,45.58,0.012131,4329.74,-45.48,5.14,-50.62,-50.62,4557.62,4507.0
436,ETH/INR,1h,SHORT,2025-09-03 01:30:00+05:30,2025-09-03 03:30:00+05:30,4262.51,355919.32,4305.13,4134.63,4307.28,359658.25,STOP_LOSS,0.01,45.07,0.01203,4281.65,-44.98,5.08,-50.06,-50.06,4507.0,4456.94
437,ETH/INR,1h,SHORT,2025-09-03 11:30:00+05:30,2025-09-03 15:30:00+05:30,4313.56,360182.01,4356.69,4184.15,4358.87,363965.72,STOP_LOSS,0.01,44.57,0.011755,4234.09,-44.48,5.02,-49.5,-49.5,4456.94,4407.44
438,ETH/INR,1h,SHORT,2025-09-03 18:30:00+05:30,2025-09-03 20:30:00+05:30,4343.16,362654.13,4386.59,4212.87,4388.79,366463.81,STOP_LOSS,0.01,44.07,0.011546,4187.07,-43.99,4.97,-48.95,-48.95,4407.44,4358.49
439,ETH/INR,1h,SHORT,2025-09-04 19:30:00+05:30,2025-09-05 00:30:00+05:30,4367.7,364703.22,4411.38,4236.67,4277.82,357198.33,INTRADAY_SQUAREOFF,0.01,43.58,0.011353,4140.56,85.2,4.84,80.37,80.37,4358.49,4438.86
440,ETH/INR,1h,SHORT,2025-09-05 05:30:00+05:30,2025-09-05 10:30:00+05:30,4296.69,358773.41,4339.65,4167.79,4341.82,362542.32,STOP_LOSS,0.01,44.39,0.011754,4216.91,-44.3,5.0,-49.3,-49.3,4438.86,4389.56
441,ETH/INR,1h,SHORT,2025-09-06 03:30:00+05:30,2025-09-07 00:30:00+05:30,4293.78,358530.73,4336.72,4164.97,4281.82,357531.56,INTRADAY_SQUAREOFF,0.01,43.9,0.011631,4170.08,11.62,4.91,6.71,6.71,4389.56,4396.26
442,ETH/INR,1h,SHORT,2025-09-07 12:30:00+05:30,2025-09-08 00:30:00+05:30,4281.89,357538.16,4324.71,4153.44,4284.03,357716.35,INTRADAY_SQUAREOFF,0.01,43.96,0.011681,4176.45,-2.08,4.93,-7.01,-7.01,4396.26,4389.25
443,ETH/INR,1h,SHORT,2025-09-08 10:30:00+05:30,2025-09-08 18:30:00+05:30,4295.27,358655.43,4338.23,4166.42,4340.4,362423.11,STOP_LOSS,0.01,43.89,0.011626,4169.79,-43.8,4.95,-48.75,-48.75,4389.25,4340.5
444,ETH/INR,1h,LONG,2025-09-12 03:30:00+05:30,2025-09-12 19:30:00+05:30,4433.3,370180.59,4388.97,4566.3,4564.02,381095.37,TARGET_HIT,0.01,43.41,0.011139,4123.48,121.58,4.94,116.64,116.64,4340.5,4457.15
445,ETH/INR,1h,LONG,2025-09-12 22:30:00+05:30,2025-09-13 00:30:00+05:30,4576.9,382171.04,4531.13,4714.21,4623.18,386035.36,INTRADAY_SQUAREOFF,0.01,44.57,0.01108,4234.29,42.82,5.02,37.79,37.79,4457.15,4494.94
446,ETH/INR,1h,LONG,2025-09-13 05:30:00+05:30,2025-09-13 18:30:00+05:30,4717.55,393915.02,4670.37,4859.07,4668.03,389780.88,STOP_LOSS,0.01,44.95,0.01084,4270.19,-44.82,5.01,-49.83,-49.83,4494.94,4445.11
447,ETH/INR,1h,SHORT,2025-09-14 09:30:00+05:30,2025-09-15 00:30:00+05:30,4662.77,389341.54,4709.4,4522.89,4607.7,384742.84,INTRADAY_SQUAREOFF,0.01,44.45,0.010846,4222.86,49.88,4.95,44.92,44.92,4445.11,4490.04
448,ETH/INR,1h,SHORT,2025-09-15 05:30:00+05:30,2025-09-15 09:30:00+05:30,4603.17,384364.36,4649.2,4465.07,4651.52,388402.11,STOP_LOSS,0.01,44.9,0.011098,4265.53,-44.81,5.06,-49.87,-49.87,4490.04,4440.17
449,ETH/INR,1h,SHORT,2025-09-15 12:30:00+05:30,2025-09-15 20:30:00+05:30,4620.81,385837.76,4667.02,4482.19,4484.43,374449.76,TARGET_HIT,0.01,44.4,0.010932,4218.16,124.5,4.9,119.59,119.59,4440.17,4559.76
450,ETH/INR,1h,LONG,2025-09-18 07:30:00+05:30,2025-09-18 10:30:00+05:30,4635.64,387075.81,4589.28,4774.71,4586.99,383013.45,STOP_LOSS,0.01,45.6,0.011191,4331.77,-45.46,5.08,-50.55,-50.55,4559.76,4509.22
451,ETH/INR,1h,LONG,2025-09-18 14:30:00+05:30,2025-09-19 00:30:00+05:30,4607.73,384745.17,4561.65,4745.96,4618.55,385648.71,INTRADAY_SQUAREOFF,0.01,45.09,0.011134,4283.75,10.06,5.06,5.0,5.0,4509.22,4514.21
452,ETH/INR,1h,LONG,2025-09-19 06:30:00+05:30,2025-09-19 08:30:00+05:30,4614.18,385283.78,4568.04,4752.6,4565.75,381240.23,STOP_LOSS,0.01,45.14,0.011131,4288.5,-45.01,5.03,-50.04,-50.04,4514.21,4464.17
453,ETH/INR,1h,SHORT,2025-09-19 20:30:00+05:30,2025-09-20 00:30:00+05:30,4490.12,374925.14,4535.02,4355.42,4454.09,371916.57,INTRADAY_SQUAREOFF,0.01,44.64,0.011311,4240.96,34.03,4.98,29.05,29.05,4464.17,4493.22
454,ETH/INR,1h,SHORT,2025-09-20 14:30:00+05:30,2025-09-21 00:30:00+05:30,4467.18,373009.35,4511.85,4333.16,4478.96,373993.2,INTRADAY_SQUAREOFF,0.01,44.93,0.011444,4268.56,-11.26,5.04,-16.3,-16.3,4493.22,4476.92
455,ETH/INR,1h,SHORT,2025-09-22 10:30:00+05:30,2025-09-22 14:30:00+05:30,4289.88,358205.13,4332.78,4161.19,4163.27,347632.71,TARGET_HIT,0.01,44.77,0.011873,4253.07,125.53,4.94,120.58,120.58,4476.92,4597.5
456,ETH/INR,1h,SHORT,2025-09-22 21:30:00+05:30,2025-09-23 00:30:00+05:30,4165.41,347811.97,4207.07,4040.45,4162.2,347543.67,INTRADAY_SQUAREOFF,0.01,45.98,0.012557,4367.63,3.37,5.15,-1.78,-1.78,4597.5,4595.72
457,ETH/INR,1h,SHORT,2025-09-23 07:30:00+05:30,2025-09-23 11:30:00+05:30,4165.96,347857.65,4207.62,4040.98,4209.72,351511.9,STOP_LOSS,0.01,45.96,0.012551,4365.93,-45.86,5.18,-51.04,-51.04,4595.72,4544.68
458,ETH/INR,1h,SHORT,2025-09-23 15:30:00+05:30,2025-09-24 00:30:00+05:30,4187.43,349650.7,4229.31,4061.81,4164.52,347737.03,INTRADAY_SQUAREOFF,0.01,45.45,0.012348,4317.44,23.63,5.08,18.55,18.55,4544.68,4563.23
459,ETH/INR,1h,SHORT,2025-09-24 05:30:00+05:30,2025-09-24 19:30:00+05:30,4161.67,347499.13,4203.28,4036.82,4205.38,351149.6,STOP_LOSS,0.01,45.63,0.012475,4335.07,-45.54,5.14,-50.68,-50.68,4563.23,4512.54
460,ETH/INR,1h,SHORT,2025-09-25 03:30:00+05:30,2025-09-25 09:30:00+05:30,4136.26,345377.99,4177.63,4012.18,4014.18,335184.16,TARGET_HIT,0.01,45.13,0.012412,4286.92,126.53,4.98,121.54,121.54,4512.54,4634.09
461,ETH/INR,1h,SHORT,2025-09-25 17:30:00+05:30,2025-09-25 22:30:00+05:30,3995.69,333640.06,4035.65,3875.82,3877.76,323792.68,TARGET_HIT,0.01,46.34,0.013195,4402.38,129.94,5.12,124.82,124.82,4634.09,4758.91
462,ETH/INR,1h,SHORT,2025-09-26 05:30:00+05:30,2025-09-26 07:30:00+05:30,3858.19,322158.77,3896.77,3742.44,3898.72,325543.05,STOP_LOSS,0.01,47.59,0.014033,4520.96,-47.49,5.36,-52.86,-52.86,4758.91,4706.05
463,ETH/INR,1h,SHORT,2025-09-26 11:30:00+05:30,2025-09-26 18:30:00+05:30,3922.32,327513.58,3961.54,3804.65,3963.52,330954.11,STOP_LOSS,0.01,47.06,0.013651,4470.75,-46.97,5.3,-52.27,-52.27,4706.05,4653.78
464,ETH/INR,1h,LONG,2025-09-27 05:30:00+05:30,2025-09-27 13:30:00+05:30,4039.82,337324.8,3999.42,4161.01,3997.42,333784.58,STOP_LOSS,0.01,46.54,0.013106,4421.09,-46.4,5.19,-51.59,-51.59,4653.78,4602.19
465,ETH/INR,1h,LONG,2025-09-27 16:30:00+05:30,2025-09-28 00:30:00+05:30,4018.96,335583.17,3978.77,4139.53,3995.25,333603.37,INTRADAY_SQUAREOFF,0.01,46.02,0.013028,4372.08,-25.79,5.14,-30.94,-30.94,4602.19,4571.26
466,ETH/INR,1h,LONG,2025-09-28 13:30:00+05:30,2025-09-28 17:30:00+05:30,4017.37,335450.78,3977.2,4137.9,3975.21,331930.23,STOP_LOSS,0.01,45.71,0.012946,4342.69,-45.58,5.1,-50.67,-50.67,4571.26,4520.58
467,ETH/INR,1h,LONG,2025-09-29 04:30:00+05:30,2025-09-29 12:30:00+05:30,4138.23,345541.89,4096.84,4262.37,4094.8,341915.43,STOP_LOSS,0.01,45.21,0.012428,4294.55,-45.07,5.04,-50.11,-50.11,4520.58,4470.47
468,ETH/INR,1h,LONG,2025-09-29 19:30:00+05:30,2025-09-29 21:30:00+05:30,4188.21,349715.68,4146.33,4313.86,4144.26,346045.41,STOP_LOSS,0.01,44.7,0.012144,4246.95,-44.57,4.99,-49.56,-49.56,4470.47,4420.91
469,ETH/INR,1h,LONG,2025-09-30 01:30:00+05:30,2025-09-30 14:30:00+05:30,4196.01,350366.47,4154.05,4321.89,4151.97,346689.38,STOP_LOSS,0.01,44.21,0.011987,4199.87,-44.08,4.93,-49.01,-49.01,4420.91,4371.91
470,ETH/INR,1h,LONG,2025-10-02 05:30:00+05:30,2025-10-02 23:30:00+05:30,4351.9,363383.73,4308.38,4482.46,4480.22,374098.1,TARGET_HIT,0.01,43.72,0.01143,4153.31,122.46,4.97,117.49,117.49,4371.91,4489.39
471,ETH/INR,1h,LONG,2025-10-03 05:30:00+05:30,2025-10-03 13:30:00+05:30,4489.52,374874.59,4444.62,4624.2,4442.4,370940.29,STOP_LOSS,0.01,44.89,0.011377,4264.92,-44.76,5.01,-49.77,-49.77,4489.39,4439.63
472,ETH/INR,1h,LONG,2025-10-03 21:30:00+05:30,2025-10-03 23:30:00+05:30,4553.92,380252.68,4508.39,4690.54,4506.13,376261.92,STOP_LOSS,0.01,44.4,0.011092,4217.65,-44.26,4.95,-49.21,-49.21,4439.63,4390.41
473,ETH/INR,1h,LONG,2025-10-05 10:30:00+05:30,2025-10-05 15:30:00+05:30,4588.23,383117.49,4542.35,4725.88,4540.08,379096.67,STOP_LOSS,0.01,43.9,0.010887,4170.89,-43.77,4.9,-48.67,-48.67,4390.41,4341.74
474,ETH/INR,1h,LONG,2025-10-05 17:30:00+05:30,2025-10-05 21:30:00+05:30,4558.34,380621.56,4512.76,4695.09,4510.5,376626.93,STOP_LOSS,0.01,43.42,0.010837,4124.66,-43.29,4.84,-48.13,-48.13,4341.74,4293.61
475,ETH/INR,1h,LONG,2025-10-06 19:30:00+05:30,2025-10-07 00:30:00+05:30,4639.36,387386.93,4592.97,4778.55,4713.07,393541.51,INTRADAY_SQUAREOFF,0.01,42.94,0.010529,4078.93,64.8,4.85,59.95,59.95,4293.61,4353.57
476,ETH/INR,1h,LONG,2025-10-07 10:30:00+05:30,2025-10-07 12:30:00+05:30,4719.56,394083.53,4672.37,4861.15,4670.03,389947.62,STOP_LOSS,0.01,43.54,0.010495,4135.89,-43.41,4.85,-48.26,-48.26,4353.57,4305.3
477,ETH/INR,1h,LONG,2025-10-07 15:30:00+05:30,2025-10-07 19:30:00+05:30,4686.12,391291.16,4639.26,4826.71,4636.94,387184.56,STOP_LOSS,0.01,43.05,0.010453,4090.04,-42.92,4.8,-47.73,-47.73,4305.3,4257.58
478,ETH/INR,1h,SHORT,2025-10-08 05:30:00+05:30,2025-10-08 07:30:00+05:30,4448.88,371481.68,4493.37,4315.42,4495.62,375384.09,STOP_LOSS,0.01,42.58,0.010888,4044.7,-42.49,4.8,-47.29,-47.29,4257.58,4210.29
479,ETH/INR,1h,SHORT,2025-10-08 18:30:00+05:30,2025-10-08 22:30:00+05:30,4470.57,373292.37,4515.27,4336.45,4517.53,377213.81,STOP_LOSS,0.01,42.1,0.010715,3999.78,-42.02,4.74,-46.76,-46.76,4210.29,4163.53
480,ETH/INR,1h,SHORT,2025-10-09 06:30:00+05:30,2025-10-09 13:30:00+05:30,4510.75,376647.9,4555.86,4375.43,4377.62,365531.13,TARGET_HIT,0.01,41.64,0.010501,3955.35,116.74,4.6,112.14,112.14,4163.53,4275.67
481,ETH/INR,1h,SHORT,2025-10-09 19:30:00+05:30,2025-10-10 00:30:00+05:30,4349.27,363164.13,4392.76,4218.79,4317.68,360526.01,INTRADAY_SQUAREOFF,0.01,42.76,0.011185,4061.89,29.51,4.78,24.73,24.73,4275.67,4300.4
482,ETH/INR,1h,SHORT,2025-10-10 08:30:00+05:30,2025-10-10 20:30:00+05:30,4357.9,363884.94,4401.48,4227.17,4229.28,353144.87,TARGET_HIT,0.01,43.0,0.011227,4085.38,120.58,4.75,115.83,115.83,4300.4,4416.23
483,ETH/INR,1h,SHORT,2025-10-10 23:30:00+05:30,2025-10-11 01:30:00+05:30,4089.64,341485.04,4130.54,3966.95,3968.94,331406.11,TARGET_HIT,0.01,44.16,0.012286,4195.42,123.83,4.88,118.95,118.95,4416.23,4535.18
484,ETH/INR,1h,SHORT,2025-10-11 07:30:00+05:30,2025-10-11 09:30:00+05:30,3735.98,311954.08,3773.34,3623.9,3775.22,315231.16,STOP_LOSS,0.01,45.35,0.013811,4308.43,-45.26,5.11,-50.37,-50.37,4535.18,4484.81
485,ETH/INR,1h,SHORT,2025-10-11 12:30:00+05:30,2025-10-11 14:30:00+05:30,3778.5,315504.85,3816.29,3665.15,3818.19,318819.23,STOP_LOSS,0.01,44.85,0.013504,4260.57,-44.76,5.05,-49.81,-49.81,4484.81,4435.0
486,ETH/INR,1h,SHORT,2025-10-12 00:30:00+05:30,2025-10-12 02:30:00+05:30,3815.6,318602.91,3853.76,3701.14,3702.99,309199.34,TARGET_HIT,0.01,44.35,0.013224,4213.25,124.35,4.9,119.46,119.46,4435.0,4554.46
487,ETH/INR,1h,SHORT,2025-10-12 06:30:00+05:30,2025-10-12 08:30:00+05:30,3701.61,309084.37,3738.63,3590.56,3740.49,312331.3,STOP_LOSS,0.01,45.54,0.013999,4326.74,-45.45,5.13,-50.58,-50.58,4554.46,4503.87
488,ETH/INR,1h,LONG,2025-10-13 05:30:00+05:30,2025-10-13 09:30:00+05:30,4166.13,347871.97,4124.47,4291.12,4122.41,344221.05,STOP_LOSS,0.01,45.04,0.0123,4278.68,-44.9,5.02,-49.93,-49.93,4503.87,4453.95
489,ETH/INR,1h,LONG,2025-10-13 12:30:00+05:30,2025-10-13 16:30:00+05:30,4181.49,349154.63,4139.68,4306.94,4137.61,345490.25,STOP_LOSS,0.01,44.54,0.012119,4231.25,-44.41,4.97,-49.37,-49.37,4453.95,4404.57
490,ETH/INR,1h,LONG,2025-10-13 19:30:00+05:30,2025-10-13 21:30:00+05:30,4179.39,348978.69,4137.59,4304.77,4135.52,345316.16,STOP_LOSS,0.01,44.05,0.01199,4184.34,-43.91,4.91,-48.83,-48.83,4404.57,4355.75
491,ETH/INR,1h,LONG,2025-10-14 02:30:00+05:30,2025-10-14 04:30:00+05:30,4288.42,358082.95,4245.53,4417.07,4243.41,354324.87,STOP_LOSS,0.01,43.56,0.011556,4137.96,-43.43,4.86,-48.29,-48.29,4355.75,4307.46
492,ETH/INR,1h,SHORT,2025-10-14 18:30:00+05:30,2025-10-14 20:30:00+05:30,3937.4,328772.59,3976.77,3819.27,3978.76,332226.35,STOP_LOSS,0.01,43.07,0.012447,4092.09,-42.99,4.85,-47.84,-47.84,4307.46,4259.62
493,ETH/INR,1h,SHORT,2025-10-16 03:30:00+05:30,2025-10-16 05:30:00+05:30,3941.97,329154.57,3981.39,3823.71,3983.38,332612.34,STOP_LOSS,0.01,42.6,0.012294,4046.64,-42.51,4.8,-47.31,-47.31,4259.62,4212.31
494,ETH/INR,1h,SHORT,2025-10-16 11:30:00+05:30,2025-10-16 14:30:00+05:30,3989.27,333103.96,4029.16,3869.59,4031.18,336603.22,STOP_LOSS,0.01,42.12,0.012013,4001.69,-42.04,4.75,-46.78,-46.78,4212.31,4165.53
495,ETH/INR,1h,SHORT,2025-10-16 19:30:00+05:30,2025-10-16 21:30:00+05:30,4016.5,335378.0,4056.67,3896.01,3897.96,325479.31,TARGET_HIT,0.01,41.66,0.011799,3957.25,116.8,4.6,112.2,112.2,4165.53,4277.72
496,ETH/INR,1h,SHORT,2025-10-17 11:30:00+05:30,2025-10-17 13:30:00+05:30,3895.48,325272.6,3934.44,3778.62,3780.51,315672.18,TARGET_HIT,0.01,42.78,0.012494,4063.84,119.94,4.72,115.22,115.22,4277.72,4392.94
497,ETH/INR,1h,LONG,2025-10-19 09:30:00+05:30,2025-10-19 13:30:00+05:30,3907.41,326268.96,3868.34,4024.64,3866.4,322844.77,STOP_LOSS,0.01,43.93,0.012791,4173.3,-43.8,4.9,-48.7,-48.7,4392.94,4344.25
498,ETH/INR,1h,LONG,2025-10-19 19:30:00+05:30,2025-10-20 00:30:00+05:30,3983.62,332632.67,3943.79,4103.13,4001.28,334106.62,INTRADAY_SQUAREOFF,0.01,43.44,0.012407,4127.03,18.29,4.88,13.41,13.41,4344.25,4357.65
499,ETH/INR,1h,LONG,2025-10-20 04:30:00+05:30,2025-10-20 06:30:00+05:30,4028.78,336403.11,3988.49,4149.64,3986.5,332872.56,STOP_LOSS,0.01,43.58,0.012306,4139.77,-43.45,4.86,-48.31,-48.31,4357.65,4309.35
500,ETH/INR,1h,LONG,2025-10-20 08:30:00+05:30,2025-10-20 22:30:00+05:30,3967.84,331314.79,3928.16,4086.88,3926.2,327837.64,STOP_LOSS,0.01,43.09,0.012356,4093.88,-42.97,4.81,-47.77,-47.77,4309.35,4261.58
501,ETH/INR,1h,SHORT,2025-10-21 19:30:00+05:30,2025-10-21 21:30:00+05:30,3857.45,322097.23,3896.03,3741.73,3897.97,325480.87,STOP_LOSS,0.01,42.62,0.012569,4048.5,-42.53,4.8,-47.33,-47.33,4261.58,4214.24
502,ETH/INR,1h,SHORT,2025-10-22 15:30:00+05:30,2025-10-22 18:30:00+05:30,3830.73,319866.23,3869.04,3715.81,3870.98,323226.43,STOP_LOSS,0.01,42.14,0.012516,4003.53,-42.06,4.75,-46.81,-46.81,4214.24,4167.44
503,ETH/INR,1h,SHORT,2025-10-22 23:30:00+05:30,2025-10-23 01:30:00+05:30,3798.07,317138.6,3836.05,3684.13,3805.48,317757.96,INTRADAY_SQUAREOFF,0.01,41.67,0.012484,3959.07,-7.73,4.68,-12.41,-12.41,4167.44,4155.03
504,ETH/INR,1h,LONG,2025-10-26 17:30:00+05:30,2025-10-27 00:30:00+05:30,4046.71,337900.09,4006.24,4168.11,4070.4,339878.3,INTRADAY_SQUAREOFF,0.01,41.55,0.011682,3947.28,23.11,4.67,18.44,18.44,4155.03,4173.47
505,ETH/INR,1h,LONG,2025-10-27 04:30:00+05:30,2025-10-28 00:30:00+05:30,4169.51,348153.92,4127.81,4294.59,4213.17,351799.91,INTRADAY_SQUAREOFF,0.01,41.73,0.011388,3964.79,41.52,4.7,36.82,36.82,4173.47,4210.28
506,ETH/INR,1h,SHORT,2025-10-28 11:30:00+05:30,2025-10-28 13:30:00+05:30,4067.6,339644.7,4108.28,3945.57,4110.33,343212.67,STOP_LOSS,0.01,42.1,0.011776,3999.77,-42.02,4.74,-46.76,-46.76,4210.28,4163.52
507,ETH/INR,1h,SHORT,2025-10-28 21:30:00+05:30,2025-10-28 23:30:00+05:30,4087.29,341289.0,4128.17,3964.67,4130.23,344874.25,STOP_LOSS,0.01,41.64,0.011589,3955.35,-41.55,4.69,-46.24,-46.24,4163.52,4117.28
508,ETH/INR,1h,SHORT,2025-10-29 14:30:00+05:30,2025-10-29 23:30:00+05:30,4004.87,334407.02,4044.92,3884.73,3886.67,324537.0,TARGET_HIT,0.01,41.17,0.011697,3911.42,115.45,4.55,110.9,110.9,4117.28,4228.18
509,ETH/INR,1h,SHORT,2025-10-30 15:30:00+05:30,2025-10-30 19:30:00+05:30,3892.79,325048.14,3931.72,3776.01,3777.9,315454.35,TARGET_HIT,0.01,42.28,0.012357,4016.77,118.55,4.67,113.89,113.89,4228.18,4342.06
510,ETH/INR,1h,SHORT,2025-10-31 00:30:00+05:30,2025-10-31 02:30:00+05:30,3718.87,310526.0,3756.06,3607.31,3757.94,313788.08,STOP_LOSS,0.01,43.42,0.013284,4124.96,-43.33,4.89,-48.23,-48.23,4342.06,4293.84
511,ETH/INR,1h,LONG,2025-11-01 08:30:00+05:30,2025-11-02 00:30:00+05:30,3854.31,321834.64,3815.76,3969.94,3879.42,323931.52,INTRADAY_SQUAREOFF,0.01,42.94,0.012675,4079.15,26.58,4.83,21.75,21.75,4293.84,4315.59
512,ETH/INR,1h,LONG,2025-11-02 08:30:00+05:30,2025-11-02 19:30:00+05:30,3884.99,324396.51,3846.14,4001.54,3844.22,320991.97,STOP_LOSS,0.01,43.16,0.012638,4099.81,-43.03,4.81,-47.84,-47.84,4315.59,4267.75
513,ETH/INR,1h,SHORT,2025-11-03 21:30:00+05:30,2025-11-03 23:30:00+05:30,3583.22,299198.87,3619.05,3475.72,3620.86,302341.95,STOP_LOSS,0.01,42.68,0.013551,4054.36,-42.59,4.81,-47.4,-47.4,4267.75,4220.35
514,ETH/INR,1h,SHORT,2025-11-04 02:30:00+05:30,2025-11-04 04:30:00+05:30,3565.6,297727.3,3601.25,3458.63,3603.05,300854.93,STOP_LOSS,0.01,42.2,0.013466,4009.33,-42.12,4.76,-46.87,-46.87,4220.35,4173.47
515,ETH/INR,1h,SHORT,2025-11-04 11:30:00+05:30,2025-11-04 17:30:00+05:30,3491.41,291532.69,3526.32,3386.67,3528.09,294595.24,STOP_LOSS,0.01,41.73,0.0136,3964.8,-41.65,4.7,-46.35,-46.35,4173.47,4127.12
516,ETH/INR,1h,SHORT,2025-11-04 22:30:00+05:30,2025-11-05 00:30:00+05:30,3421.04,285657.17,3455.25,3318.41,3320.07,277226.0,TARGET_HIT,0.01,41.27,0.013725,3920.76,115.72,4.56,111.16,111.16,4127.12,4238.28
517,ETH/INR,1h,SHORT,2025-11-05 16:30:00+05:30,2025-11-05 18:30:00+05:30,3275.01,273462.98,3307.76,3176.76,3309.41,276335.71,STOP_LOSS,0.01,42.38,0.014724,4026.37,-42.3,4.78,-47.07,-47.07,4238.28,4191.21
518,ETH/INR,1h,LONG,2025-11-06 08:30:00+05:30,2025-11-06 10:30:00+05:30,3426.98,286152.58,3392.71,3529.79,3391.01,283149.41,STOP_LOSS,0.01,41.91,0.013914,3981.65,-41.79,4.67,-46.46,-46.46,4191.21,4144.75
519,ETH/INR,1h,SHORT,2025-11-07 15:30:00+05:30,2025-11-07 21:30:00+05:30,3289.45,274669.23,3322.35,3190.77,3324.01,277554.63,STOP_LOSS,0.01,41.45,0.014335,3937.51,-41.36,4.67,-46.03,-46.03,4144.75,4098.71
520,ETH/INR,1h,SHORT,2025-11-09 08:30:00+05:30,2025-11-09 10:30:00+05:30,3365.2,280993.92,3398.85,3264.24,3400.55,283945.76,STOP_LOSS,0.01,40.99,0.013857,3893.78,-40.9,4.62,-45.52,-45.52,4098.71,4053.19
521,ETH/INR,1h,SHORT,2025-11-09 15:30:00+05:30,2025-11-09 17:30:00+05:30,3398.72,283792.91,3432.7,3296.76,3434.42,286774.16,STOP_LOSS,0.01,40.53,0.013568,3850.53,-40.45,4.57,-45.02,-45.02,4053.19,4008.17
522,ETH/INR,1h,LONG,2025-11-10 00:30:00+05:30,2025-11-11 00:30:00+05:30,3544.48,295964.41,3509.04,3650.82,3533.53,295049.69,INTRADAY_SQUAREOFF,0.01,40.08,0.012866,3807.76,-11.77,4.49,-16.25,-16.25,4008.17,3991.92
523,ETH/INR,1h,SHORT,2025-11-11 03:30:00+05:30,2025-11-11 05:30:00+05:30,3529.67,294727.55,3564.97,3423.78,3566.75,297823.67,STOP_LOSS,0.01,39.92,0.012867,3792.32,-39.84,4.5,-44.34,-44.34,3991.92,3947.58
524,ETH/INR,1h,SHORT,2025-11-11 11:30:00+05:30,2025-11-11 14:30:00+05:30,3545.4,296041.0,3580.86,3439.04,3582.65,299150.91,STOP_LOSS,0.01,39.48,0.012668,3750.2,-39.4,4.45,-43.84,-43.84,3947.58,3903.74
525,ETH/INR,1h,SHORT,2025-11-11 18:30:00+05:30,2025-11-12 00:30:00+05:30,3542.08,295763.65,3577.5,3435.82,3470.14,289756.71,INTRADAY_SQUAREOFF,0.01,39.04,0.012539,3708.55,75.32,4.33,70.99,70.99,3903.74,3974.73
526,ETH/INR,1h,SHORT,2025-11-12 13:30:00+05:30,2025-11-12 15:30:00+05:30,3425.04,285990.52,3459.29,3322.29,3461.02,288994.85,STOP_LOSS,0.01,39.75,0.013203,3775.99,-39.67,4.48,-44.15,-44.15,3974.73,3930.58
527,ETH/INR,1h,SHORT,2025-11-13 21:30:00+05:30,2025-11-13 23:30:00+05:30,3368.92,281305.02,3402.61,3267.85,3269.49,273002.3,TARGET_HIT,0.01,39.31,0.013274,3734.05,110.21,4.34,105.87,105.87,3930.58,4036.45
528,ETH/INR,1h,SHORT,2025-11-14 06:30:00+05:30,2025-11-14 08:30:00+05:30,3188.64,266251.38,3220.53,3092.98,3222.14,269048.35,STOP_LOSS,0.01,40.36,0.014402,3834.63,-40.28,4.55,-44.83,-44.83,4036.45,3991.62
529,ETH/INR,1h,SHORT,2025-11-14 17:30:00+05:30,2025-11-14 19:30:00+05:30,3122.47,260726.32,3153.7,3028.8,3155.27,263465.25,STOP_LOSS,0.01,39.92,0.014544,3792.04,-39.84,4.5,-44.33,-44.33,3991.62,3947.28
530,ETH/INR,1h,SHORT,2025-11-14 23:30:00+05:30,2025-11-15 01:30:00+05:30,3172.78,264927.01,3204.51,3077.6,3206.11,267710.07,STOP_LOSS,0.01,39.47,0.014155,3749.92,-39.39,4.45,-43.84,-43.84,3947.28,3903.44
531,ETH/INR,1h,SHORT,2025-11-15 05:30:00+05:30,2025-11-15 07:30:00+05:30,3092.2,258198.49,3123.12,2999.43,3124.68,260910.87,STOP_LOSS,0.01,39.03,0.014362,3708.27,-38.96,4.4,-43.35,-43.35,3903.44,3860.09
532,ETH/INR,1h,SHORT,2025-11-15 14:30:00+05:30,2025-11-15 16:30:00+05:30,3133.47,261645.08,3164.81,3039.47,3166.39,264393.66,STOP_LOSS,0.01,38.6,0.014015,3667.08,-38.52,4.35,-42.87,-42.87,3860.09,3817.22
533,ETH/INR,1h,SHORT,2025-11-16 02:30:00+05:30,2025-11-16 08:30:00+05:30,3167.49,264485.33,3199.16,3072.46,3200.76,267263.75,STOP_LOSS,0.01,38.17,0.013711,3626.36,-38.09,4.3,-42.4,-42.4,3817.22,3774.82
534,ETH/INR,1h,SHORT,2025-11-21 21:30:00+05:30,2025-11-21 23:30:00+05:30,2693.06,224870.43,2719.99,2612.27,2721.35,227232.69,STOP_LOSS,0.01,37.75,0.015947,3586.08,-37.67,4.25,-41.93,-41.93,3774.82,3732.89
535,ETH/INR,1h,SHORT,2025-11-22 04:30:00+05:30,2025-11-22 06:30:00+05:30,2720.8,227187.01,2748.01,2639.18,2749.38,229573.61,STOP_LOSS,0.01,37.33,0.015609,3546.25,-37.25,4.21,-41.46,-41.46,3732.89,3691.43
536,ETH/INR,1h,SHORT,2025-11-22 14:30:00+05:30,2025-11-22 21:30:00+05:30,2720.57,227167.53,2747.77,2638.95,2749.15,229553.92,STOP_LOSS,0.01,36.91,0.015437,3506.86,-36.84,4.16,-41.0,-41.0,3691.43,3650.44
537,ETH/INR,1h,SHORT,2025-11-23 02:30:00+05:30,2025-11-23 04:30:00+05:30,2732.46,228160.8,2759.79,2650.49,2761.17,230557.63,STOP_LOSS,0.01,36.5,0.015199,3467.91,-36.43,4.11,-40.54,-40.54,3650.44,3609.89
538,ETH/INR,1h,LONG,2025-11-23 14:30:00+05:30,2025-11-24 00:30:00+05:30,2813.79,234951.77,2785.66,2898.21,2805.52,234261.3,INTRADAY_SQUAREOFF,0.01,36.1,0.014596,3429.4,-10.08,4.04,-14.12,-14.12,3609.89,3595.77
539,ETH/INR,1h,LONG,2025-11-24 07:30:00+05:30,2025-11-24 22:30:00+05:30,2806.36,234331.1,2778.3,2890.55,2889.11,241240.35,TARGET_HIT,0.01,35.96,0.014578,3415.98,100.72,4.09,96.63,96.63,3595.77,3692.4
540,ETH/INR,1h,LONG,2025-11-25 10:30:00+05:30,2025-11-25 12:30:00+05:30,2942.36,245687.05,2912.94,3030.63,2911.48,243108.56,STOP_LOSS,0.01,36.92,0.014277,3507.78,-36.81,4.12,-40.93,-40.93,3692.4,3651.47
541,ETH/INR,1h,LONG,2025-11-26 19:30:00+05:30,2025-11-26 22:30:00+05:30,2932.49,244863.15,2903.17,3020.47,3018.96,252082.94,TARGET_HIT,0.01,36.51,0.014167,3468.9,102.28,4.15,98.13,98.13,3651.47,3749.6
542,ETH/INR,1h,LONG,2025-11-27 07:30:00+05:30,2025-11-27 10:30:00+05:30,3055.04,255095.57,3024.49,3146.69,3022.97,252418.34,STOP_LOSS,0.01,37.5,0.013964,3562.12,-37.38,4.18,-41.57,-41.57,3749.6,3708.03
543,ETH/INR,1h,LONG,2025-11-28 00:30:00+05:30,2025-11-28 03:30:00+05:30,3039.45,253794.21,3009.06,3130.64,3007.55,251130.64,STOP_LOSS,0.01,37.08,0.01388,3522.63,-36.97,4.13,-41.1,-41.1,3708.03,3666.93
544,ETH/INR,1h,LONG,2025-11-28 10:30:00+05:30,2025-11-29 00:30:00+05:30,3020.03,252172.1,2989.82,3110.63,3039.64,253810.21,INTRADAY_SQUAREOFF,0.01,36.67,0.013814,3483.58,22.63,4.12,18.51,18.51,3666.93,3685.43
545,ETH/INR,1h,SHORT,2025-12-01 19:30:00+05:30,2025-12-02 00:30:00+05:30,2807.87,234457.53,2835.95,2723.64,2751.63,229761.31,INTRADAY_SQUAREOFF,0.01,36.85,0.014933,3501.16,70.13,4.09,66.04,66.04,3685.43,3751.47
546,ETH/INR,1h,SHORT,2025-12-02 15:30:00+05:30,2025-12-02 17:30:00+05:30,2795.34,233410.88,2823.29,2711.48,2824.7,235862.86,STOP_LOSS,0.01,37.51,0.015269,3563.9,-37.44,4.23,-41.67,-41.67,3751.47,3709.8
547,ETH/INR,1h,LONG,2025-12-03 15:30:00+05:30,2025-12-04 00:30:00+05:30,3064.43,255880.24,3033.79,3156.37,3113.97,260016.36,INTRADAY_SQUAREOFF,0.01,37.1,0.013773,3524.31,56.97,4.19,52.78,52.78,3709.8,3762.58
548,ETH/INR,1h,LONG,2025-12-04 08:30:00+05:30,2025-12-04 10:30:00+05:30,3226.62,269422.51,3194.35,3323.42,3192.75,266594.92,STOP_LOSS,0.01,37.63,0.013267,3574.45,-37.51,4.2,-41.71,-41.71,3762.58,3720.87
549,ETH/INR,1h,LONG,2025-12-04 21:30:00+05:30,2025-12-04 23:30:00+05:30,3222.25,269057.63,3190.02,3318.91,3188.43,266233.87,STOP_LOSS,0.01,37.21,0.013138,3534.83,-37.1,4.15,-41.25,-41.25,3720.87,3679.62
550,ETH/INR,1h,SHORT,2025-12-06 13:30:00+05:30,2025-12-06 19:30:00+05:30,3025.35,252616.39,3055.6,2934.59,3057.13,255270.12,STOP_LOSS,0.01,36.8,0.013838,3495.64,-36.72,4.15,-40.87,-40.87,3679.62,3638.76
551,ETH/INR,1h,SHORT,2025-12-07 01:30:00+05:30,2025-12-07 09:30:00+05:30,3026.58,252719.43,3056.85,2935.78,3058.37,255374.24,STOP_LOSS,0.01,36.39,0.013678,3456.82,-36.31,4.1,-40.41,-40.41,3638.76,3598.34
552,ETH/INR,1h,SHORT,2025-12-07 13:30:00+05:30,2025-12-07 19:30:00+05:30,3032.34,253200.25,3062.66,2941.37,2942.84,245727.04,TARGET_HIT,0.01,35.98,0.013501,3418.42,100.89,3.97,96.92,96.92,3598.34,3695.26
553,ETH/INR,1h,LONG,2025-12-08 14:30:00+05:30,2025-12-08 20:30:00+05:30,3146.36,262721.16,3114.9,3240.75,3113.34,259963.9,STOP_LOSS,0.01,36.95,0.013362,3510.5,-36.84,4.12,-40.96,-40.96,3695.26,3654.3
554,ETH/INR,1h,LONG,2025-12-10 04:30:00+05:30,2025-12-10 06:30:00+05:30,3340.42,278924.88,3307.01,3440.63,3305.36,275997.56,STOP_LOSS,0.01,36.54,0.012446,3471.58,-36.43,4.07,-40.51,-40.51,3654.3,3613.79
555,ETH/INR,1h,LONG,2025-12-10 10:30:00+05:30,2025-12-10 23:30:00+05:30,3327.8,277871.42,3294.52,3427.64,3425.92,286064.46,TARGET_HIT,0.01,36.14,0.012355,3433.1,101.22,4.11,97.11,97.11,3613.79,3710.9
556,ETH/INR,1h,LONG,2025-12-12 08:30:00+05:30,2025-12-12 16:30:00+05:30,3267.01,272794.94,3234.34,3365.02,3232.72,269931.96,STOP_LOSS,0.01,37.11,0.012923,3525.36,-37.0,4.14,-41.14,-41.14,3710.9,3669.77
557,ETH/INR,1h,LONG,2025-12-12 18:30:00+05:30,2025-12-12 20:30:00+05:30,3250.03,271377.46,3217.53,3347.53,3215.92,268529.35,STOP_LOSS,0.01,36.7,0.012847,3486.28,-36.59,4.09,-40.68,-40.68,3669.77,3629.09
558,ETH/INR,1h,LONG,2025-12-14 03:30:00+05:30,2025-12-14 16:30:00+05:30,3115.45,260140.34,3084.3,3208.92,3082.76,257410.17,STOP_LOSS,0.01,36.29,0.013253,3447.63,-36.18,4.05,-40.23,-40.23,3629.09,3588.86
559,ETH/INR,1h,LONG,2025-12-15 15:30:00+05:30,2025-12-15 19:30:00+05:30,3159.46,263815.02,3127.87,3254.25,3126.3,261046.28,STOP_LOSS,0.01,35.89,0.012923,3409.41,-35.78,4.0,-39.78,-39.78,3588.86,3549.07
560,ETH/INR,1h,SHORT,2025-12-16 06:30:00+05:30,2025-12-16 20:30:00+05:30,2940.93,245567.51,2970.34,2852.7,2971.82,248147.19,STOP_LOSS,0.01,35.49,0.01373,3371.62,-35.42,4.0,-39.42,-39.42,3549.07,3509.65
561,ETH/INR,1h,SHORT,2025-12-17 09:30:00+05:30,2025-12-17 19:30:00+05:30,2943.79,245806.88,2973.23,2855.48,2974.72,248389.08,STOP_LOSS,0.01,35.1,0.013564,3334.17,-35.03,3.95,-38.98,-38.98,3509.65,3470.67
562,ETH/INR,1h,SHORT,2025-12-18 11:30:00+05:30,2025-12-18 14:30:00+05:30,2822.78,235702.19,2851.01,2738.1,2852.43,238178.25,STOP_LOSS,0.01,34.71,0.013989,3297.14,-34.64,3.91,-38.55,-38.55,3470.67,3432.13
563,ETH/INR,1h,LONG,2025-12-20 17:30:00+05:30,2025-12-21 00:30:00+05:30,2988.19,249513.67,2958.31,3077.83,2975.11,248421.49,INTRADAY_SQUAREOFF,0.01,34.32,0.013067,3260.52,-14.27,3.84,-18.11,-18.11,3432.13,3414.01
564,ETH/INR,1h,LONG,2025-12-22 10:30:00+05:30,2025-12-23 00:30:00+05:30,3041.98,254005.28,3011.56,3133.24,3010.05,251339.5,STOP_LOSS,0.01,34.14,0.012769,3243.31,-34.04,3.81,-37.85,-37.85,3414.01,3376.17
565,ETH/INR,1h,SHORT,2025-12-23 08:30:00+05:30,2025-12-24 00:30:00+05:30,2987.65,249468.47,3017.52,2898.02,2947.58,246123.07,INTRADAY_SQUAREOFF,0.01,33.76,0.012857,3207.36,43.01,3.76,39.25,39.25,3376.17,3415.42
566,ETH/INR,1h,SHORT,2025-12-24 04:30:00+05:30,2025-12-25 00:30:00+05:30,2952.77,246556.15,2982.3,2864.19,2940.99,245572.83,INTRADAY_SQUAREOFF,0.01,34.15,0.01316,3244.65,12.94,3.82,9.12,9.12,3415.42,3424.54
567,ETH/INR,1h,SHORT,2025-12-25 06:30:00+05:30,2025-12-25 20:30:00+05:30,2935.33,245099.83,2964.68,2847.27,2966.16,247674.6,STOP_LOSS,0.01,34.25,0.013273,3253.31,-34.18,3.86,-38.04,-38.04,3424.54,3386.51
568,ETH/INR,1h,LONG,2025-12-26 19:30:00+05:30,2025-12-26 21:30:00+05:30,2984.89,249238.53,2955.04,3074.44,2953.57,246622.77,STOP_LOSS,0.01,33.87,0.012908,3217.18,-33.76,3.78,-37.54,-37.54,3386.51,3348.96
569,ETH/INR,1h,SHORT,2025-12-27 22:30:00+05:30,2025-12-28 00:30:00+05:30,2915.81,243470.35,2944.97,2828.34,2925.4,244271.12,INTRADAY_SQUAREOFF,0.01,33.49,0.013067,3181.52,-10.46,3.76,-14.22,-14.22,3348.96,3334.74
570,ETH/INR,1h,SHORT,2025-12-30 00:30:00+05:30,2025-12-30 08:30:00+05:30,2912.5,243194.14,2941.63,2825.13,2943.1,245748.9,STOP_LOSS,0.01,33.35,0.013027,3168.0,-33.28,3.76,-37.04,-37.04,3334.74,3297.7
571,ETH/INR,1h,LONG,2025-12-31 05:30:00+05:30,2026-01-01 00:30:00+05:30,2972.89,248236.58,2943.16,3062.08,2968.64,247881.7,INTRADAY_SQUAREOFF,0.01,32.98,0.01262,3132.82,-4.48,3.69,-8.17,-8.17,3297.7,3289.53
572,ETH/INR,1h,LONG,2026-01-01 03:30:00+05:30,2026-01-02 00:30:00+05:30,2980.38,248861.47,2950.57,3069.79,2984.27,249186.22,INTRADAY_SQUAREOFF,0.01,32.9,0.012557,3125.05,4.08,3.69,0.39,0.39,3289.53,3289.92
573,ETH/INR,1h,LONG,2026-01-02 04:30:00+05:30,2026-01-02 19:30:00+05:30,2997.1,250257.9,2967.13,3087.01,3085.47,257636.75,TARGET_HIT,0.01,32.9,0.012489,3125.42,92.15,3.74,88.41,88.41,3289.92,3378.33
574,ETH/INR,1h,LONG,2026-01-02 22:30:00+05:30,2026-01-03 00:30:00+05:30,3139.68,262163.29,3108.28,3233.87,3106.73,259411.89,STOP_LOSS,0.01,33.78,0.012242,3209.41,-33.68,3.77,-37.45,-37.45,3378.33,3340.88
575,ETH/INR,1h,LONG,2026-01-03 03:30:00+05:30,2026-01-03 11:30:00+05:30,3131.28,261461.71,3099.97,3225.22,3098.42,258717.67,STOP_LOSS,0.01,33.41,0.012139,3173.83,-33.31,3.73,-37.03,-37.03,3340.88,3303.84
576,ETH/INR,1h,LONG,2026-01-04 00:30:00+05:30,2026-01-05 00:30:00+05:30,3116.92,260263.23,3085.76,3210.43,3131.44,261475.19,INTRADAY_SQUAREOFF,0.01,33.04,0.01206,3138.65,14.62,3.71,10.9,10.9,3303.84,3314.75
577,ETH/INR,1h,LONG,2026-01-05 02:30:00+05:30,2026-01-06 00:30:00+05:30,3141.74,262334.98,3110.32,3235.99,3218.65,268756.88,INTRADAY_SQUAREOFF,0.01,33.15,0.012004,3149.01,77.09,3.76,73.33,73.33,3314.75,3388.07
578,ETH/INR,1h,LONG,2026-01-06 12:30:00+05:30,2026-01-06 14:30:00+05:30,3251.26,271480.38,3218.75,3348.8,3217.14,268631.19,STOP_LOSS,0.01,33.88,0.011856,3218.67,-33.78,3.78,-37.56,-37.56,3388.07,3350.51
579,ETH/INR,1h,SHORT,2026-01-08 09:30:00+05:30,2026-01-09 00:30:00+05:30,3131.55,261484.05,3162.86,3037.6,3119.22,260454.97,INTRADAY_SQUAREOFF,0.01,33.51,0.012173,3182.99,12.53,3.75,8.78,8.78,3350.51,3359.29
580,ETH/INR,1h,SHORT,2026-01-09 13:30:00+05:30,2026-01-09 21:30:00+05:30,3106.45,259388.95,3137.52,3013.26,3139.09,262113.84,STOP_LOSS,0.01,33.59,0.012303,3191.33,-33.52,3.79,-37.31,-37.31,3359.29,3321.98
581,ETH/INR,1h,LONG,2026-01-11 18:30:00+05:30,2026-01-12 00:30:00+05:30,3112.97,259933.1,3081.84,3206.36,3123.31,260796.42,INTRADAY_SQUAREOFF,0.01,33.22,0.012141,3155.88,10.48,3.73,6.75,6.75,3321.98,3328.73
582,ETH/INR,1h,LONG,2026-01-12 05:30:00+05:30,2026-01-12 19:30:00+05:30,3120.82,260588.81,3089.62,3214.45,3088.07,257853.93,STOP_LOSS,0.01,33.29,0.012135,3162.3,-33.19,3.71,-36.9,-36.9,3328.73,3291.83
583,ETH/INR,1h,LONG,2026-01-12 21:30:00+05:30,2026-01-12 23:30:00+05:30,3128.69,261245.37,3097.4,3222.55,3095.85,258503.6,STOP_LOSS,0.01,32.92,0.011971,3127.24,-32.82,3.67,-36.49,-36.49,3291.83,3255.34
584,ETH/INR,1h,LONG,2026-01-14 01:30:00+05:30,2026-01-14 03:30:00+05:30,3216.51,268578.34,3184.34,3313.0,3311.35,276497.38,TARGET_HIT,0.01,32.55,0.011515,3092.58,91.18,3.7,87.48,87.48,3255.34,3342.82
585,ETH/INR,1h,LONG,2026-01-14 20:30:00+05:30,2026-01-14 23:30:00+05:30,3356.39,280258.79,3322.83,3457.08,3321.17,277317.47,STOP_LOSS,0.01,33.43,0.011331,3175.68,-33.33,3.73,-37.06,-37.06,3342.82,3305.77
586,ETH/INR,1h,SHORT,2026-01-16 15:30:00+05:30,2026-01-17 00:30:00+05:30,3305.14,275978.85,3338.19,3205.98,3278.65,273767.33,INTRADAY_SQUAREOFF,0.01,33.06,0.011379,3140.48,25.17,3.69,21.47,21.47,3305.77,3327.24
587,ETH/INR,1h,LONG,2026-01-18 09:30:00+05:30,2026-01-19 00:30:00+05:30,3317.91,277045.53,3284.73,3417.45,3358.89,280467.28,INTRADAY_SQUAREOFF,0.01,33.27,0.011409,3160.88,39.04,3.75,35.29,35.29,3327.24,3362.53
588,ETH/INR,1h,SHORT,2026-01-19 12:30:00+05:30,2026-01-19 16:30:00+05:30,3188.19,266214.23,3220.08,3092.55,3221.69,269010.81,STOP_LOSS,0.01,33.63,0.011999,3194.4,-33.56,3.79,-37.35,-37.35,3362.53,3325.18
589,ETH/INR,1h,SHORT,2026-01-20 03:30:00+05:30,2026-01-20 11:30:00+05:30,3208.66,267923.09,3240.75,3112.4,3113.96,260015.34,TARGET_HIT,0.01,33.25,0.01179,3158.92,93.24,3.67,89.56,89.56,3325.18,3414.75
590,ETH/INR,1h,SHORT,2026-01-20 15:30:00+05:30,2026-01-20 22:30:00+05:30,3086.22,257699.56,3117.08,2993.64,2995.13,250093.55,TARGET_HIT,0.01,34.15,0.012588,3244.01,95.75,3.77,91.98,91.98,3414.75,3506.72
591,ETH/INR,1h,SHORT,2026-01-21 04:30:00+05:30,2026-01-21 06:30:00+05:30,2931.0,244738.73,2960.31,2843.07,2961.79,247309.71,STOP_LOSS,0.01,35.07,0.013612,3331.39,-35.0,3.95,-38.95,-38.95,3506.72,3467.77
592,ETH/INR,1h,SHORT,2026-01-21 13:30:00+05:30,2026-01-21 20:30:00+05:30,2962.38,247358.37,2992.0,2873.5,2993.5,249956.87,STOP_LOSS,0.01,34.68,0.013318,3294.38,-34.61,3.91,-38.52,-38.52,3467.77,3429.26
593,ETH/INR,1h,LONG,2026-01-22 07:30:00+05:30,2026-01-22 12:30:00+05:30,3029.23,252940.84,2998.94,3120.11,2997.44,250286.23,STOP_LOSS,0.01,34.29,0.01288,3257.8,-34.19,3.82,-38.01,-38.01,3429.26,3391.24
594,ETH/INR,1h,SHORT,2026-01-23 12:30:00+05:30,2026-01-23 21:30:00+05:30,2934.18,245004.26,2963.52,2846.16,2965.01,247578.03,STOP_LOSS,0.01,33.91,0.013149,3221.68,-33.84,3.82,-37.67,-37.67,3391.24,3353.58
595,ETH/INR,1h,SHORT,2026-01-25 13:30:00+05:30,2026-01-25 23:30:00+05:30,2933.12,244915.69,2962.45,2845.13,2846.55,237687.01,TARGET_HIT,0.01,33.54,0.013008,3185.9,94.03,3.7,90.33,90.33,3353.58,3443.91
596,ETH/INR,1h,LONG,2026-01-26 19:30:00+05:30,2026-01-27 00:30:00+05:30,2908.37,242848.75,2879.28,2995.62,2927.34,244432.79,INTRADAY_SQUAREOFF,0.01,34.44,0.013472,3271.71,21.34,3.87,17.47,17.47,3443.91,3461.37
597,ETH/INR,1h,LONG,2026-01-27 08:30:00+05:30,2026-01-27 14:30:00+05:30,2943.38,245772.06,2913.94,3031.68,2912.49,243192.68,STOP_LOSS,0.01,34.61,0.013379,3288.3,-34.51,3.86,-38.37,-38.37,3461.37,3423.0
598,ETH/INR,1h,LONG,2026-01-27 17:30:00+05:30,2026-01-28 00:30:00+05:30,2919.24,243756.29,2890.04,3006.81,2972.67,248217.9,INTRADAY_SQUAREOFF,0.01,34.23,0.013341,3251.85,59.52,3.87,55.65,55.65,3423.0,3478.65
599,ETH/INR,1h,LONG,2026-01-28 12:30:00+05:30,2026-01-28 14:30:00+05:30,3014.24,251689.0,2984.1,3104.67,2982.61,249047.52,STOP_LOSS,0.01,34.79,0.01313,3304.72,-34.68,3.88,-38.56,-38.56,3478.65,3440.09
600,ETH/INR,1h,LONG,2026-01-28 23:30:00+05:30,2026-01-29 01:30:00+05:30,3023.97,252501.61,2993.73,3114.69,3013.29,251609.67,INTRADAY_SQUAREOFF,0.01,34.4,0.012943,3268.08,-11.54,3.85,-15.39,-15.39,3440.09,3424.7
601,ETH/INR,1h,SHORT,2026-01-29 15:30:00+05:30,2026-01-29 20:30:00+05:30,2937.45,245276.71,2966.82,2849.32,2850.75,238037.36,TARGET_HIT,0.01,34.25,0.013264,3253.46,96.03,3.78,92.24,92.24,3424.7,3516.94
602,ETH/INR,1h,SHORT,2026-01-30 00:30:00+05:30,2026-01-30 02:30:00+05:30,2755.26,230064.34,2782.81,2672.6,2784.21,232481.17,STOP_LOSS,0.01,35.17,0.014522,3341.09,-35.1,3.96,-39.06,-39.06,3516.94,3477.88
603,ETH/INR,1h,SHORT,2026-01-30 06:30:00+05:30,2026-01-30 11:30:00+05:30,2798.13,233644.14,2826.11,2714.19,2715.55,226748.14,TARGET_HIT,0.01,34.78,0.014141,3303.98,97.52,3.84,93.68,93.68,3477.88,3571.55
604,ETH/INR,1h,SHORT,2026-01-30 19:30:00+05:30,2026-01-31 00:30:00+05:30,2720.39,227152.49,2747.59,2638.78,2748.97,229538.73,STOP_LOSS,0.01,35.72,0.014937,3392.98,-35.64,4.02,-39.67,-39.67,3571.55,3531.89
605,ETH/INR,1h,SHORT,2026-01-31 02:30:00+05:30,2026-01-31 04:30:00+05:30,2662.14,222288.48,2688.76,2582.27,2690.1,224623.62,STOP_LOSS,0.01,35.32,0.015094,3355.29,-35.25,3.98,-39.23,-39.23,3531.89,3492.66
606,ETH/INR,1h,SHORT,2026-01-31 07:30:00+05:30,2026-01-31 19:30:00+05:30,2693.74,224927.22,2720.68,2612.93,2614.23,218288.49,TARGET_HIT,0.01,34.93,0.014752,3318.02,97.93,3.86,94.07,94.07,3492.66,3586.73
607,ETH/INR,1h,SHORT,2026-02-01 11:30:00+05:30,2026-02-01 19:30:00+05:30,2423.06,202325.66,2447.29,2350.37,2351.55,196354.02,TARGET_HIT,0.01,35.87,0.016841,3407.4,100.57,3.96,96.61,96.61,3586.73,3683.34
608,ETH/INR,1h,SHORT,2026-02-02 03:30:00+05:30,2026-02-02 05:30:00+05:30,2282.25,190567.97,2305.07,2213.78,2306.23,192569.89,STOP_LOSS,0.01,36.83,0.018362,3499.17,-36.76,4.15,-40.91,-40.91,3683.34,3642.43
609,ETH/INR,1h,SHORT,2026-02-03 08:30:00+05:30,2026-02-03 10:30:00+05:30,2295.6,191682.41,2318.55,2226.73,2319.71,193696.03,STOP_LOSS,0.01,36.42,0.018052,3460.31,-36.35,4.1,-40.46,-40.46,3642.43,3601.98
610,ETH/INR,1h,SHORT,2026-02-03 16:30:00+05:30,2026-02-03 18:30:00+05:30,2274.7,189937.65,2297.45,2206.46,2298.6,191932.95,STOP_LOSS,0.01,36.02,0.018016,3421.88,-35.95,4.06,-40.01,-40.01,3601.98,3561.97
611,ETH/INR,1h,SHORT,2026-02-03 20:30:00+05:30,2026-02-03 23:30:00+05:30,2254.73,188270.26,2277.28,2187.09,2188.19,182713.46,TARGET_HIT,0.01,35.62,0.017973,3383.87,99.87,3.93,95.94,95.94,3561.97,3657.91
612,ETH/INR,1h,SHORT,2026-02-05 09:30:00+05:30,2026-02-05 14:30:00+05:30,2098.55,175229.05,2119.54,2035.59,2120.6,177069.83,STOP_LOSS,0.01,36.58,0.019831,3475.01,-36.51,4.12,-40.63,-40.63,3657.91,3617.28
613,ETH/INR,1h,SHORT,2026-02-05 16:30:00+05:30,2026-02-05 20:30:00+05:30,2086.93,174258.56,2107.8,2024.32,2025.33,169115.32,TARGET_HIT,0.01,36.17,0.01972,3436.42,101.43,4.0,97.43,97.43,3617.28,3714.71
614,ETH/INR,1h,SHORT,2026-02-06 01:30:00+05:30,2026-02-06 03:30:00+05:30,1914.54,159864.25,1933.69,1857.11,1858.03,155145.85,TARGET_HIT,0.01,37.15,0.022075,3528.98,104.16,4.1,100.06,100.06,3714.71,3814.77
615,ETH/INR,1h,SHORT,2026-02-06 14:30:00+05:30,2026-02-06 16:30:00+05:30,1866.07,155816.54,1884.73,1810.08,1885.67,157453.4,STOP_LOSS,0.01,38.15,0.023258,3624.03,-38.07,4.3,-42.37,-42.37,3814.77,3772.4
616,ETH/INR,1h,LONG,2026-02-07 07:30:00+05:30,2026-02-07 12:30:00+05:30,2065.15,172440.25,2044.5,2127.11,2043.48,170630.49,STOP_LOSS,0.01,37.72,0.020783,3583.78,-37.61,4.21,-41.82,-41.82,3772.4,3730.58
617,ETH/INR,1h,LONG,2026-02-07 17:30:00+05:30,2026-02-07 21:30:00+05:30,2019.66,168642.02,1999.47,2080.25,2079.21,173614.43,TARGET_HIT,0.01,37.31,0.021015,3544.05,104.5,4.24,100.25,100.25,3730.58,3830.83
618,ETH/INR,1h,LONG,2026-02-08 00:30:00+05:30,2026-02-08 04:30:00+05:30,2106.81,175918.39,2085.74,2170.01,2084.7,174072.12,STOP_LOSS,0.01,38.31,0.020687,3639.29,-38.19,4.27,-42.47,-42.47,3830.83,3788.37
619,ETH/INR,1h,LONG,2026-02-08 07:30:00+05:30,2026-02-08 09:30:00+05:30,2096.76,175079.2,2075.79,2159.66,2074.75,173241.74,STOP_LOSS,0.01,37.88,0.020556,3598.95,-37.77,4.22,-42.0,-42.0,3788.37,3746.37
620,ETH/INR,1h,LONG,2026-02-08 14:30:00+05:30,2026-02-08 16:30:00+05:30,2119.7,176995.07,2098.5,2183.29,2097.46,175137.5,STOP_LOSS,0.01,37.46,0.020108,3559.05,-37.35,4.18,-41.53,-41.53,3746.37,3704.84
621,ETH/INR,1h,LONG,2026-02-09 01:30:00+05:30,2026-02-09 03:30:00+05:30,2127.81,177671.74,2106.53,2191.64,2105.47,175807.08,STOP_LOSS,0.01,37.05,0.01981,3519.6,-36.94,4.13,-41.07,-41.07,3704.84,3663.77
622,ETH/INR,1h,SHORT,2026-02-09 19:30:00+05:30,2026-02-09 21:30:00+05:30,2020.5,168711.86,2040.71,1959.89,2041.73,170484.18,STOP_LOSS,0.01,36.64,0.02063,3480.58,-36.56,4.13,-40.69,-40.69,3663.77,3623.08
623,ETH/INR,1h,LONG,2026-02-10 07:30:00+05:30,2026-02-10 09:30:00+05:30,2122.82,177255.73,2101.59,2186.51,2100.54,175395.43,STOP_LOSS,0.01,36.23,0.019418,3441.93,-36.12,4.04,-40.16,-40.16,3623.08,3582.92
624,ETH/INR,1h,SHORT,2026-02-10 17:30:00+05:30,2026-02-10 19:30:00+05:30,1999.42,166951.79,2019.42,1939.44,2020.43,168705.62,STOP_LOSS,0.01,35.83,0.020388,3403.77,-35.76,4.04,-39.79,-39.79,3582.92,3543.12
625,ETH/INR,1h,SHORT,2026-02-11 08:30:00+05:30,2026-02-11 11:30:00+05:30,2013.16,168099.19,2033.3,1952.77,1953.75,163137.74,TARGET_HIT,0.01,35.43,0.020024,3365.97,99.35,3.91,95.43,95.43,3543.12,3638.56
626,ETH/INR,1h,SHORT,2026-02-11 15:30:00+05:30,2026-02-11 17:30:00+05:30,1942.19,162172.88,1961.61,1883.92,1962.59,163876.5,STOP_LOSS,0.01,36.39,0.021314,3456.63,-36.31,4.1,-40.41,-40.41,3638.56,3598.14
627,ETH/INR,1h,SHORT,2026-02-11 20:30:00+05:30,2026-02-12 00:30:00+05:30,1938.87,161895.54,1958.26,1880.7,1943.28,162263.6,INTRADAY_SQUAREOFF,0.01,35.98,0.021114,3418.24,-7.77,4.04,-11.81,-11.81,3598.14,3586.34
628,ETH/INR,1h,SHORT,2026-02-12 08:30:00+05:30,2026-02-12 11:30:00+05:30,1956.23,163345.16,1975.79,1897.54,1976.78,165061.1,STOP_LOSS,0.01,35.86,0.020858,3407.02,-35.79,4.04,-39.83,-39.83,3586.34,3546.5
629,ETH/INR,1h,SHORT,2026-02-13 06:30:00+05:30,2026-02-13 08:30:00+05:30,1928.67,161043.64,1947.95,1870.81,1948.93,162735.4,STOP_LOSS,0.01,35.47,0.020921,3369.18,-35.39,4.0,-39.39,-39.39,3546.5,3507.11
630,ETH/INR,1h,SHORT,2026-02-13 11:30:00+05:30,2026-02-13 13:30:00+05:30,1931.65,161292.8,1950.97,1873.7,1951.94,162987.18,STOP_LOSS,0.01,35.07,0.020657,3331.76,-35.0,3.95,-38.95,-38.95,3507.11,3468.16
631,ETH/INR,1h,LONG,2026-02-14 06:30:00+05:30,2026-02-15 00:30:00+05:30,2055.52,171635.83,2034.96,2117.18,2082.95,173926.32,INTRADAY_SQUAREOFF,0.01,34.68,0.019196,3294.75,43.97,3.91,40.05,40.05,3468.16,3508.22
632,ETH/INR,1h,SHORT,2026-02-15 23:30:00+05:30,2026-02-16 01:30:00+05:30,1959.21,163594.19,1978.8,1900.44,1942.61,162208.03,INTRADAY_SQUAREOFF,0.01,35.08,0.020372,3332.81,28.24,3.92,24.32,24.32,3508.22,3532.54
633,ETH/INR,1h,SHORT,2026-02-16 08:30:00+05:30,2026-02-16 10:30:00+05:30,1952.13,163003.14,1971.65,1893.57,1972.64,164715.49,STOP_LOSS,0.01,35.33,0.020588,3355.91,-35.25,3.98,-39.23,-39.23,3532.54,3493.3
634,ETH/INR,1h,SHORT,2026-02-16 19:30:00+05:30,2026-02-16 22:30:00+05:30,1960.94,163738.37,1980.55,1902.11,1981.54,165458.44,STOP_LOSS,0.01,34.93,0.020268,3318.64,-34.86,3.94,-38.8,-38.8,3493.3,3454.51
635,ETH/INR,1h,SHORT,2026-02-17 07:30:00+05:30,2026-02-18 00:30:00+05:30,1990.18,166179.97,2010.08,1930.47,2011.09,167925.7,STOP_LOSS,0.01,34.55,0.019748,3281.78,-34.48,3.89,-38.37,-38.37,3454.51,3416.14
636,ETH/INR,1h,SHORT,2026-02-18 06:30:00+05:30,2026-02-18 09:30:00+05:30,1979.89,165320.57,1999.69,1920.49,2000.69,167057.27,STOP_LOSS,0.01,34.16,0.019631,3245.33,-34.09,3.85,-37.94,-37.94,3416.14,3378.2
637,ETH/INR,1h,SHORT,2026-02-18 19:30:00+05:30,2026-02-18 21:30:00+05:30,1963.42,163945.28,1983.05,1904.51,1984.04,165667.52,STOP_LOSS,0.01,33.78,0.019575,3209.29,-33.71,3.81,-37.52,-37.52,3378.2,3340.68
638,ETH/INR,1h,SHORT,2026-02-19 00:30:00+05:30,2026-02-19 06:30:00+05:30,1950.24,162844.94,1969.74,1891.73,1970.73,164555.62,STOP_LOSS,0.01,33.41,0.019489,3173.64,-33.34,3.76,-37.1,-37.1,3340.68,3303.57
639,ETH/INR,1h,SHORT,2026-02-19 14:30:00+05:30,2026-02-20 00:30:00+05:30,1966.08,164167.46,1985.74,1907.1,1940.08,161996.69,INTRADAY_SQUAREOFF,0.01,33.04,0.019117,3138.39,41.5,3.68,37.82,37.82,3303.57,3341.39
640,ETH/INR,1h,SHORT,2026-02-20 10:30:00+05:30,2026-02-20 12:30:00+05:30,1932.75,161384.54,1952.08,1874.77,1953.05,163079.88,STOP_LOSS,0.01,33.41,0.019669,3174.32,-33.35,3.77,-37.11,-37.11,3341.39,3304.28
641,ETH/INR,1h,SHORT,2026-02-20 16:30:00+05:30,2026-02-20 23:30:00+05:30,1955.61,163293.71,1975.17,1896.94,1976.16,165009.11,STOP_LOSS,0.01,33.04,0.019223,3139.07,-32.98,3.72,-36.7,-36.7,3304.28,3267.58
642,ETH/INR,1h,SHORT,2026-02-23 02:30:00+05:30,2026-02-23 04:30:00+05:30,1938.88,161896.61,1958.27,1880.72,1959.25,163597.33,STOP_LOSS,0.01,32.68,0.019174,3104.2,-32.61,3.68,-36.29,-36.29,3267.58,3231.29
643,ETH/INR,1h,SHORT,2026-02-23 06:30:00+05:30,2026-02-23 08:30:00+05:30,1923.36,160600.84,1942.6,1865.66,1866.6,155860.71,TARGET_HIT,0.01,32.31,0.019114,3069.72,90.6,3.57,87.03,87.03,3231.29,3318.32
644,ETH/INR,1h,LONG,2026-02-25 14:30:00+05:30,2026-02-25 18:30:00+05:30,1912.9,159726.87,1893.77,1970.28,1969.3,164436.42,TARGET_HIT,0.01,33.18,0.019736,3152.41,92.95,3.77,89.17,89.17,3318.32,3407.5
645,ETH/INR,1h,LONG,2026-02-26 02:30:00+05:30,2026-02-26 04:30:00+05:30,2081.29,173787.64,2060.48,2143.73,2059.45,171963.74,STOP_LOSS,0.01,34.07,0.018627,3237.12,-33.97,3.8,-37.77,-37.77,3407.5,3369.72
646,ETH/INR,1h,LONG,2026-02-26 10:30:00+05:30,2026-02-26 12:30:00+05:30,2082.2,173863.97,2061.38,2144.67,2060.35,172039.26,STOP_LOSS,0.01,33.7,0.018412,3201.24,-33.6,3.76,-37.35,-37.35,3369.72,3332.37
647,ETH/INR,1h,LONG,2026-02-26 15:30:00+05:30,2026-02-26 19:30:00+05:30,2076.81,173413.66,2056.04,2139.11,2055.01,171593.69,STOP_LOSS,0.01,33.32,0.018255,3165.75,-33.22,3.72,-36.94,-36.94,3332.37,3295.43
648,ETH/INR,1h,SHORT,2026-02-27 06:30:00+05:30,2026-02-27 08:30:00+05:30,2008.86,167740.13,2028.95,1948.6,2029.97,169502.24,STOP_LOSS,0.01,32.95,0.018664,3130.66,-32.89,3.71,-36.6,-36.6,3295.43,3258.83
649,ETH/INR,1h,SHORT,2026-02-27 11:30:00+05:30,2026-02-27 16:30:00+05:30,2038.82,170241.25,2059.21,1977.65,1978.64,165216.58,TARGET_HIT,0.01,32.59,0.018185,3095.89,91.38,3.6,87.78,87.78,3258.83,3346.6
650,ETH/INR,1h,SHORT,2026-02-27 22:30:00+05:30,2026-02-28 00:30:00+05:30,1924.92,160731.16,1944.17,1867.18,1918.9,160228.11,INTRADAY_SQUAREOFF,0.01,33.47,0.01978,3179.27,9.95,3.75,6.2,6.2,3346.6,3352.81
651,ETH/INR,1h,SHORT,2026-02-28 09:30:00+05:30,2026-02-28 11:30:00+05:30,1921.28,160426.55,1940.49,1863.64,1864.57,155691.56,TARGET_HIT,0.01,33.53,0.019854,3185.17,94.01,3.7,90.31,90.31,3352.81,3443.11
652,ETH/INR,1h,LONG,2026-03-01 07:30:00+05:30,2026-03-01 11:30:00+05:30,2014.1,168177.27,1993.96,2074.52,1992.96,166412.25,STOP_LOSS,0.01,34.43,0.019449,3270.96,-34.33,3.84,-38.17,-38.17,3443.11,3404.95
653,ETH/INR,1h,LONG,2026-03-01 19:30:00+05:30,2026-03-01 21:30:00+05:30,2015.95,168332.14,1995.79,2076.43,1994.8,166565.49,STOP_LOSS,0.01,34.05,0.019216,3234.7,-33.95,3.8,-37.75,-37.75,3404.95,3367.2
654,ETH/INR,1h,SHORT,2026-03-02 12:30:00+05:30,2026-03-02 14:30:00+05:30,1938.86,161894.67,1958.25,1880.69,1959.23,163595.37,STOP_LOSS,0.01,33.67,0.019759,3198.84,-33.6,3.79,-37.4,-37.4,3367.2,3329.8
655,ETH/INR,1h,SHORT,2026-03-02 19:30:00+05:30,2026-03-02 21:30:00+05:30,1922.07,160493.09,1941.29,1864.41,1942.26,162179.07,STOP_LOSS,0.01,33.3,0.01971,3163.31,-33.23,3.75,-36.98,-36.98,3329.8,3292.82
656,ETH/INR,1h,LONG,2026-03-03 01:30:00+05:30,2026-03-03 05:30:00+05:30,2046.12,170850.71,2025.66,2107.5,2024.64,169057.63,STOP_LOSS,0.01,32.93,0.018309,3128.18,-32.83,3.67,-36.5,-36.5,3292.82,3256.32
657,ETH/INR,1h,LONG,2026-03-04 19:30:00+05:30,2026-03-04 21:30:00+05:30,2068.85,172748.94,2048.16,2130.92,2129.85,177842.44,TARGET_HIT,0.01,32.56,0.017908,3093.5,91.21,3.7,87.51,87.51,3256.32,3343.83
658,ETH/INR,1h,LONG,2026-03-05 00:30:00+05:30,2026-03-05 03:30:00+05:30,2163.99,180692.75,2142.35,2228.9,2141.27,178796.38,STOP_LOSS,0.01,33.44,0.01758,3176.63,-33.34,3.73,-37.07,-37.07,3343.83,3306.76
659,ETH/INR,1h,LONG,2026-03-05 10:30:00+05:30,2026-03-05 12:30:00+05:30,2143.05,178944.49,2121.62,2207.34,2120.56,177066.47,STOP_LOSS,0.01,33.07,0.017555,3141.42,-32.97,3.69,-36.66,-36.66,3306.76,3270.1
660,ETH/INR,1h,LONG,2026-03-05 16:30:00+05:30,2026-03-05 18:30:00+05:30,2163.04,180614.18,2141.41,2227.94,2140.34,178718.64,STOP_LOSS,0.01,32.7,0.0172,3106.6,-32.6,3.65,-36.25,-36.25,3270.1,3233.85
661,ETH/INR,1h,SHORT,2026-03-07 05:30:00+05:30,2026-03-08 00:30:00+05:30,1976.85,165067.34,1996.62,1917.55,1972.21,164679.4,INTRADAY_SQUAREOFF,0.01,32.34,0.018612,3072.16,7.22,3.62,3.6,3.6,3233.85,3237.45
662,ETH/INR,1h,SHORT,2026-03-08 08:30:00+05:30,2026-03-08 12:30:00+05:30,1939.19,161922.53,1958.58,1881.02,1959.56,163623.53,STOP_LOSS,0.01,32.37,0.018994,3075.58,-32.31,3.65,-35.96,-35.96,3237.45,3201.49
663,ETH/INR,1h,SHORT,2026-03-08 17:30:00+05:30,2026-03-09 00:30:00+05:30,1946.17,162505.4,1965.63,1887.79,1966.62,164212.52,STOP_LOSS,0.01,32.01,0.018716,3041.42,-31.95,3.61,-35.56,-35.56,3201.49,3165.94
664,ETH/INR,1h,LONG,2026-03-09 14:30:00+05:30,2026-03-10 00:30:00+05:30,1999.77,166980.63,1979.77,2059.76,2011.91,167994.55,INTRADAY_SQUAREOFF,0.01,31.66,0.018012,3007.64,18.26,3.56,14.7,14.7,3165.94,3180.64
665,ETH/INR,1h,LONG,2026-03-10 06:30:00+05:30,2026-03-10 20:30:00+05:30,2023.01,168920.99,2002.78,2083.7,2082.65,173901.63,TARGET_HIT,0.01,31.81,0.017888,3021.61,89.09,3.62,85.47,85.47,3180.64,3266.11
666,ETH/INR,1h,LONG,2026-03-11 05:30:00+05:30,2026-03-11 10:30:00+05:30,2038.15,170185.42,2017.77,2099.29,2016.76,168399.32,STOP_LOSS,0.01,32.66,0.018232,3102.81,-32.56,3.64,-36.21,-36.21,3266.11,3229.91
667,ETH/INR,1h,LONG,2026-03-11 16:30:00+05:30,2026-03-12 00:30:00+05:30,2030.65,169559.31,2010.34,2091.57,2076.27,173368.54,INTRADAY_SQUAREOFF,0.01,32.3,0.018096,3068.41,68.93,3.66,65.27,65.27,3229.91,3295.18
668,ETH/INR,1h,LONG,2026-03-13 01:30:00+05:30,2026-03-13 05:30:00+05:30,2073.97,173176.44,2053.23,2136.19,2135.12,178282.55,TARGET_HIT,0.01,32.95,0.018076,3130.42,92.3,3.75,88.55,88.55,3295.18,3383.73
669,ETH/INR,1h,LONG,2026-03-13 15:30:00+05:30,2026-03-13 18:30:00+05:30,2116.73,176746.99,2095.56,2180.23,2179.14,181958.38,TARGET_HIT,0.01,33.84,0.018187,3214.54,94.78,3.85,90.93,90.93,3383.73,3474.66
670,ETH/INR,1h,SHORT,2026-03-14 10:30:00+05:30,2026-03-15 00:30:00+05:30,2088.1,174356.71,2108.99,2025.46,2078.46,173551.79,INTRADAY_SQUAREOFF,0.01,34.75,0.018932,3300.93,15.24,3.89,11.35,11.35,3474.66,3486.02
671,ETH/INR,1h,LONG,2026-03-15 14:30:00+05:30,2026-03-15 18:30:00+05:30,2114.12,176528.88,2092.98,2177.54,2091.93,174676.21,STOP_LOSS,0.01,34.86,0.01876,3311.71,-34.76,3.89,-38.64,-38.64,3486.02,3447.37
672,ETH/INR,1h,LONG,2026-03-16 01:30:00+05:30,2026-03-16 03:30:00+05:30,2115.15,176614.66,2093.99,2178.6,2177.51,181822.15,TARGET_HIT,0.01,34.47,0.018543,3275.0,96.56,3.92,92.64,92.64,3447.37,3540.01
673,ETH/INR,1h,LONG,2026-03-16 07:30:00+05:30,2026-03-16 09:30:00+05:30,2189.57,182828.73,2167.67,2255.25,2254.13,188219.44,TARGET_HIT,0.01,35.4,0.018394,3363.01,99.16,4.03,95.13,95.13,3540.01,3635.14
674,ETH/INR,1h,LONG,2026-03-16 16:30:00+05:30,2026-03-17 00:30:00+05:30,2279.23,190315.47,2256.43,2347.6,2319.89,193711.2,INTRADAY_SQUAREOFF,0.01,36.35,0.018146,3453.39,61.62,4.11,57.51,57.51,3635.14,3692.65
675,ETH/INR,1h,LONG,2026-03-17 17:30:00+05:30,2026-03-17 20:30:00+05:30,2333.0,194805.37,2309.67,2402.99,2308.51,192760.89,STOP_LOSS,0.01,36.93,0.018008,3508.02,-36.82,4.12,-40.93,-40.93,3692.65,3651.72
676,ETH/INR,1h,LONG,2026-03-18 14:30:00+05:30,2026-03-18 16:30:00+05:30,2326.22,194239.75,2302.96,2396.01,2301.81,192201.2,STOP_LOSS,0.01,36.52,0.01786,3469.13,-36.41,4.07,-40.48,-40.48,3651.72,3611.24
677,ETH/INR,1h,SHORT,2026-03-19 00:30:00+05:30,2026-03-19 02:30:00+05:30,2176.45,181733.72,2198.22,2111.16,2199.32,183642.83,STOP_LOSS,0.01,36.11,0.018877,3430.67,-36.04,4.07,-40.11,-40.11,3611.24,3571.13
678,ETH/INR,1h,SHORT,2026-03-19 10:30:00+05:30,2026-03-19 18:30:00+05:30,2191.18,182963.69,2213.09,2125.45,2126.51,177563.52,TARGET_HIT,0.01,35.71,0.018542,3392.57,100.13,3.94,96.19,96.19,3571.13,3667.31
679,ETH/INR,1h,SHORT,2026-03-20 04:30:00+05:30,2026-03-20 06:30:00+05:30,2134.94,178267.54,2156.29,2070.89,2157.37,180140.24,STOP_LOSS,0.01,36.67,0.019543,3483.95,-36.6,4.13,-40.73,-40.73,3667.31,3626.58
680,ETH/INR,1h,SHORT,2026-03-20 11:30:00+05:30,2026-03-20 13:30:00+05:30,2138.39,178555.67,2159.78,2074.24,2160.86,180431.39,STOP_LOSS,0.01,36.27,0.019295,3445.25,-36.19,4.09,-40.28,-40.28,3626.58,3586.3
681,ETH/INR,1h,SHORT,2026-03-20 15:30:00+05:30,2026-03-21 00:30:00+05:30,2135.42,178307.31,2156.77,2071.35,2123.64,177324.32,INTRADAY_SQUAREOFF,0.01,35.86,0.019107,3406.99,18.78,4.01,14.77,14.77,3586.3,3601.08
682,ETH/INR,1h,SHORT,2026-03-21 05:30:00+05:30,2026-03-21 19:30:00+05:30,2143.45,178978.48,2164.89,2079.15,2165.97,180858.65,STOP_LOSS,0.01,36.01,0.019114,3421.02,-35.94,4.06,-40.0,-40.0,3601.08,3561.08
683,ETH/INR,1h,SHORT,2026-03-21 22:30:00+05:30,2026-03-22 00:30:00+05:30,2144.46,179062.63,2165.91,2080.13,2152.25,179712.81,INTRADAY_SQUAREOFF,0.01,35.61,0.018893,3383.03,-12.28,4.0,-16.28,-16.28,3561.08,3544.8
684,ETH/INR,1h,SHORT,2026-03-22 04:30:00+05:30,2026-03-22 06:30:00+05:30,2148.61,179409.2,2170.1,2084.15,2085.2,174113.94,TARGET_HIT,0.01,35.45,0.01877,3367.56,99.39,3.92,95.48,95.48,3544.8,3640.28
685,ETH/INR,1h,SHORT,2026-03-22 13:30:00+05:30,2026-03-23 00:30:00+05:30,2092.46,174720.46,2113.39,2029.69,2072.41,173046.19,INTRADAY_SQUAREOFF,0.01,36.4,0.019793,3458.26,33.14,4.06,29.08,29.08,3640.28,3669.35
686,ETH/INR,1h,SHORT,2026-03-23 12:30:00+05:30,2026-03-23 15:30:00+05:30,2028.66,169393.28,2048.95,1967.8,2049.97,171172.76,STOP_LOSS,0.01,36.69,0.020579,3485.89,-36.62,4.13,-40.75,-40.75,3669.35,3628.6
687,ETH/INR,1h,LONG,2026-03-24 13:30:00+05:30,2026-03-24 18:30:00+05:30,2169.03,181113.74,2147.34,2234.1,2146.26,179212.95,STOP_LOSS,0.01,36.29,0.019033,3447.17,-36.18,4.05,-40.22,-40.22,3628.6,3588.38
688,ETH/INR,1h,SHORT,2026-03-26 15:30:00+05:30,2026-03-27 00:30:00+05:30,2076.22,173364.49,2096.98,2013.93,2046.53,170885.28,INTRADAY_SQUAREOFF,0.01,35.88,0.019664,3408.96,48.75,3.99,44.76,44.76,3588.38,3633.13
689,ETH/INR,1h,SHORT,2026-03-27 05:30:00+05:30,2026-03-27 15:30:00+05:30,2056.16,171689.04,2076.72,1994.47,1995.47,166621.64,TARGET_HIT,0.01,36.33,0.020103,3451.48,101.87,4.01,97.86,97.86,3633.13,3730.99
690,ETH/INR,1h,SHORT,2026-03-27 23:30:00+05:30,2026-03-28 01:30:00+05:30,1973.89,164819.65,1993.63,1914.67,1994.62,166551.08,STOP_LOSS,0.01,37.31,0.021505,3544.44,-37.23,4.2,-41.44,-41.44,3730.99,3689.55
691,ETH/INR,1h,SHORT,2026-03-28 14:30:00+05:30,2026-03-28 18:30:00+05:30,1996.74,166727.48,2016.7,1936.83,2017.71,168478.95,STOP_LOSS,0.01,36.9,0.021023,3505.07,-36.82,4.16,-40.98,-40.98,3689.55,3648.57
692,ETH/INR,1h,LONG,2026-03-29 02:30:00+05:30,2026-03-29 04:30:00+05:30,2025.56,169134.46,2005.31,2086.33,2004.3,167359.4,STOP_LOSS,0.01,36.49,0.020493,3466.14,-36.38,4.07,-40.45,-40.45,3648.57,3608.13
693,ETH/INR,1h,LONG,2026-03-30 13:30:00+05:30,2026-03-30 22:30:00+05:30,2059.52,171969.73,2038.92,2121.3,2037.9,170164.91,STOP_LOSS,0.01,36.08,0.019932,3427.72,-35.97,4.02,-40.0,-40.0,3608.13,3568.13
694,ETH/INR,1h,SHORT,2026-03-31 10:30:00+05:30,2026-03-31 18:30:00+05:30,2055.19,171608.38,2075.74,1993.53,2076.78,173411.12,STOP_LOSS,0.01,35.68,0.019753,3389.72,-35.61,4.02,-39.63,-39.63,3568.13,3528.5
695,ETH/INR,1h,SHORT,2026-03-31 20:30:00+05:30,2026-03-31 22:30:00+05:30,2039.03,170258.68,2059.42,1977.86,2060.45,172047.25,STOP_LOSS,0.01,35.28,0.019688,3352.07,-35.21,3.98,-39.19,-39.19,3528.5,3489.31
696,ETH/INR,1h,LONG,2026-04-01 02:30:00+05:30,2026-04-01 07:30:00+05:30,2107.46,175972.78,2086.38,2170.68,2085.34,174125.95,STOP_LOSS,0.01,34.89,0.018837,3314.84,-34.79,3.89,-38.68,-38.68,3489.31,3450.63
697,ETH/INR,1h,LONG,2026-04-01 09:30:00+05:30,2026-04-02 00:30:00+05:30,2104.94,175762.32,2083.89,2168.09,2126.88,177594.12,INTRADAY_SQUAREOFF,0.01,34.51,0.018651,3278.1,34.16,3.89,30.28,30.28,3450.63,3480.91
698,ETH/INR,1h,LONG,2026-04-02 06:30:00+05:30,2026-04-02 08:30:00+05:30,2159.22,180295.03,2137.63,2224.0,2136.56,178402.83,STOP_LOSS,0.01,34.81,0.018341,3306.86,-34.71,3.88,-38.59,-38.59,3480.91,3442.32
699,ETH/INR,1h,LONG,2026-04-03 17:30:00+05:30,2026-04-04 00:30:00+05:30,2064.98,172425.89,2044.33,2126.93,2047.73,170985.82,INTRADAY_SQUAREOFF,0.01,34.42,0.018966,3270.2,-27.31,3.84,-31.15,-31.15,3442.32,3411.16
700,ETH/INR,1h,LONG,2026-04-04 11:30:00+05:30,2026-04-05 00:30:00+05:30,2054.77,171573.42,2034.22,2116.41,2054.02,171510.41,INTRADAY_SQUAREOFF,0.01,34.11,0.018888,3240.61,-1.19,3.82,-5.01,-5.01,3411.16,3406.15
701,ETH/INR,1h,LONG,2026-04-06 04:30:00+05:30,2026-04-06 14:30:00+05:30,2086.47,174220.32,2065.61,2149.07,2147.99,179357.21,TARGET_HIT,0.01,34.06,0.018573,3235.84,95.41,3.87,91.53,91.53,3406.15,3497.68
702,ETH/INR,1h,LONG,2026-04-06 20:30:00+05:30,2026-04-06 22:30:00+05:30,2163.49,180651.12,2141.85,2228.39,2140.78,178755.19,STOP_LOSS,0.01,34.98,0.018393,3322.8,-34.87,3.9,-38.77,-38.77,3497.68,3458.91
703,ETH/INR,1h,LONG,2026-04-07 00:30:00+05:30,2026-04-07 03:30:00+05:30,2148.55,179404.15,2127.07,2213.01,2126.0,177521.31,STOP_LOSS,0.01,34.59,0.018316,3285.97,-34.49,3.86,-38.34,-38.34,3458.91,3420.57
704,ETH/INR,1h,SHORT,2026-04-07 07:30:00+05:30,2026-04-07 14:30:00+05:30,2097.44,175136.34,2118.42,2034.52,2119.47,176976.15,STOP_LOSS,0.01,34.21,0.018554,3249.54,-34.14,3.85,-37.99,-37.99,3420.57,3382.58
705,ETH/INR,1h,SHORT,2026-04-07 16:30:00+05:30,2026-04-08 00:30:00+05:30,2086.24,174201.29,2107.11,2023.66,2108.16,176031.27,STOP_LOSS,0.01,33.83,0.018447,3213.45,-33.76,3.81,-37.57,-37.57,3382.58,3345.01
706,ETH/INR,1h,LONG,2026-04-08 18:30:00+05:30,2026-04-08 20:30:00+05:30,2257.93,188536.82,2235.35,2325.66,2234.23,186558.13,STOP_LOSS,0.01,33.45,0.016855,3177.76,-33.35,3.73,-37.08,-37.08,3345.01,3307.93
707,ETH/INR,1h,SHORT,2026-04-09 00:30:00+05:30,2026-04-09 02:30:00+05:30,2198.04,183536.39,2220.02,2132.1,2221.13,185464.44,STOP_LOSS,0.01,33.08,0.017122,3142.53,-33.01,3.73,-36.74,-36.74,3307.93,3271.19
708,ETH/INR,1h,SHORT,2026-04-09 04:30:00+05:30,2026-04-09 20:30:00+05:30,2183.34,182309.17,2205.18,2117.84,2206.28,184224.33,STOP_LOSS,0.01,32.71,0.017046,3107.63,-32.65,3.69,-36.33,-36.33,3271.19,3234.86
709,ETH/INR,1h,LONG,2026-04-10 10:30:00+05:30,2026-04-11 00:30:00+05:30,2197.25,183470.08,2175.27,2263.16,2248.86,187779.74,INTRADAY_SQUAREOFF,0.01,32.35,0.01675,3073.11,72.19,3.67,68.52,68.52,3234.86,3303.37
710,ETH/INR,1h,LONG,2026-04-11 17:30:00+05:30,2026-04-12 00:30:00+05:30,2248.71,187766.87,2226.22,2316.17,2315.01,193303.18,TARGET_HIT,0.01,33.03,0.016713,3138.2,92.53,3.76,88.77,88.77,3303.37,3392.15
711,ETH/INR,1h,SHORT,2026-04-12 16:30:00+05:30,2026-04-13 00:30:00+05:30,2196.86,183438.22,2218.83,2130.96,2202.68,183923.87,INTRADAY_SQUAREOFF,0.01,33.92,0.017567,3222.54,-8.53,3.81,-12.34,-12.34,3392.15,3379.81
712,ETH/INR,1h,LONG,2026-04-14 04:30:00+05:30,2026-04-14 20:30:00+05:30,2362.75,197289.7,2339.12,2433.63,2337.95,195219.14,STOP_LOSS,0.01,33.8,0.016275,3210.82,-33.7,3.77,-37.47,-37.47,3379.81,3342.34
713,ETH/INR,1h,SHORT,2026-04-15 11:30:00+05:30,2026-04-15 16:30:00+05:30,2314.47,193258.42,2337.62,2245.04,2338.79,195288.6,STOP_LOSS,0.01,33.42,0.01643,3175.22,-33.36,3.77,-37.12,-37.12,3342.34,3305.22
714,ETH/INR,1h,LONG,2026-04-17 12:30:00+05:30,2026-04-17 18:30:00+05:30,2334.1,194897.05,2310.76,2404.12,2402.92,200643.59,TARGET_HIT,0.01,33.05,0.016111,3139.96,92.58,3.76,88.82,88.82,3305.22,3394.04
715,ETH/INR,1h,SHORT,2026-04-19 22:30:00+05:30,2026-04-20 00:30:00+05:30,2305.15,192479.77,2328.2,2235.99,2299.82,192034.91,INTRADAY_SQUAREOFF,0.01,33.94,0.016752,3224.34,7.45,3.8,3.65,3.65,3394.04,3397.69
716,ETH/INR,1h,SHORT,2026-04-20 03:30:00+05:30,2026-04-20 12:30:00+05:30,2274.16,189892.56,2296.9,2205.94,2298.05,191887.38,STOP_LOSS,0.01,33.98,0.016998,3227.81,-33.91,3.83,-37.74,-37.74,3397.69,3359.95
717,ETH/INR,1h,SHORT,2026-04-20 20:30:00+05:30,2026-04-20 22:30:00+05:30,2283.19,190646.19,2306.02,2214.69,2307.17,192648.93,STOP_LOSS,0.01,33.6,0.016743,3191.96,-33.53,3.79,-37.32,-37.32,3359.95,3322.64
718,ETH/INR,1h,LONG,2026-04-22 17:30:00+05:30,2026-04-23 00:30:00+05:30,2402.89,200641.38,2378.86,2474.98,2394.27,199921.73,INTRADAY_SQUAREOFF,0.01,33.23,0.015732,3156.5,-11.32,3.72,-15.04,-15.04,3322.64,3307.6
719,ETH/INR,1h,SHORT,2026-04-23 13:30:00+05:30,2026-04-24 00:30:00+05:30,2340.96,195470.06,2364.37,2270.73,2306.94,192629.73,INTRADAY_SQUAREOFF,0.01,33.08,0.016075,3142.22,45.66,3.68,41.98,41.98,3307.6,3349.58
720,ETH/INR,1h,SHORT,2026-04-24 08:30:00+05:30,2026-04-25 00:30:00+05:30,2315.37,193333.54,2338.53,2245.91,2322.82,193955.53,INTRADAY_SQUAREOFF,0.01,33.5,0.016459,3182.1,-10.24,3.76,-14.0,-14.0,3349.58,3335.58
721,ETH/INR,1h,SHORT,2026-04-25 03:30:00+05:30,2026-04-26 00:30:00+05:30,2312.67,193108.21,2335.8,2243.29,2312.86,193123.46,INTRADAY_SQUAREOFF,0.01,33.36,0.016409,3168.8,-0.25,3.74,-3.99,-3.99,3335.58,3331.59
722,ETH/INR,1h,SHORT,2026-04-26 07:30:00+05:30,2026-04-26 13:30:00+05:30,2312.92,193129.07,2336.05,2243.54,2337.22,195157.89,STOP_LOSS,0.01,33.32,0.016388,3165.01,-33.25,3.75,-37.0,-37.0,3331.59,3294.58
723,ETH/INR,1h,LONG,2026-04-26 21:30:00+05:30,2026-04-27 00:30:00+05:30,2350.84,196295.54,2327.34,2421.37,2361.83,197212.68,INTRADAY_SQUAREOFF,0.01,32.95,0.015945,3129.86,14.62,3.7,10.92,10.92,3294.58,3305.51
724,ETH/INR,1h,LONG,2026-04-27 06:30:00+05:30,2026-04-27 10:30:00+05:30,2393.58,199863.6,2369.64,2465.38,2368.46,197766.03,STOP_LOSS,0.01,33.06,0.015712,3140.23,-32.96,3.69,-36.64,-36.64,3305.51,3268.86
725,ETH/INR,1h,SHORT,2026-04-27 18:30:00+05:30,2026-04-28 00:30:00+05:30,2311.1,192977.17,2334.21,2241.77,2289.09,191139.34,INTRADAY_SQUAREOFF,0.01,32.69,0.016092,3105.42,29.57,3.65,25.93,25.93,3268.86,3294.79
726,ETH/INR,1h,SHORT,2026-04-28 03:30:00+05:30,2026-04-28 05:30:00+05:30,2285.49,190838.13,2308.34,2216.92,2309.5,192842.88,STOP_LOSS,0.01,32.95,0.016402,3130.05,-32.88,3.71,-36.59,-36.59,3294.79,3258.2
727,ETH/INR,1h,SHORT,2026-04-28 07:30:00+05:30,2026-04-29 00:30:00+05:30,2296.62,191767.86,2319.59,2227.72,2298.02,191884.55,INTRADAY_SQUAREOFF,0.01,32.58,0.016141,3095.29,-1.88,3.65,-5.54,-5.54,3258.2,3252.66
728,ETH/INR,1h,SHORT,2026-04-29 04:30:00+05:30,2026-04-29 08:30:00+05:30,2284.07,190719.62,2306.91,2215.55,2308.06,192723.13,STOP_LOSS,0.01,32.53,0.016202,3090.03,-32.46,3.67,-36.13,-36.13,3252.66,3216.53
729,ETH/INR,1h,SHORT,2026-04-30 08:30:00+05:30,2026-04-30 12:30:00+05:30,2234.55,186585.1,2256.9,2167.52,2258.03,188545.18,STOP_LOSS,0.01,32.17,0.016377,3055.71,-32.1,3.62,-35.72,-35.72,3216.53,3180.81
730,ETH/INR,1h,SHORT,2026-04-30 22:30:00+05:30,2026-05-01 00:30:00+05:30,2252.95,188121.58,2275.48,2185.36,2259.56,188673.19,INTRADAY_SQUAREOFF,0.01,31.81,0.016063,3021.77,-8.86,3.57,-12.43,-12.43,3180.81,3168.38
731,ETH/INR,1h,SHORT,2026-05-01 03:30:00+05:30,2026-05-01 08:30:00+05:30,2252.38,188074.0,2274.91,2184.81,2276.04,190049.72,STOP_LOSS,0.01,31.68,0.016004,3009.96,-31.62,3.57,-35.19,-35.19,3168.38,3133.19
732,ETH/INR,1h,LONG,2026-05-02 12:30:00+05:30,2026-05-03 00:30:00+05:30,2306.78,192616.36,2283.71,2375.99,2309.11,192811.09,INTRADAY_SQUAREOFF,0.01,31.33,0.015453,2976.53,3.01,3.51,-0.5,-0.5,3133.19,3132.68
733,ETH/INR,1h,LONG,2026-05-04 01:30:00+05:30,2026-05-04 05:30:00+05:30,2338.68,195279.68,2315.29,2408.84,2314.13,193230.22,STOP_LOSS,0.01,31.33,0.01524,2976.05,-31.23,3.49,-34.73,-34.73,3132.68,3097.96
734,ETH/INR,1h,LONG,2026-05-04 07:30:00+05:30,2026-05-04 15:30:00+05:30,2354.78,196623.87,2331.23,2425.42,2330.06,194560.3,STOP_LOSS,0.01,30.98,0.014968,2943.06,-30.89,3.45,-34.34,-34.34,3097.96,3063.61
735,ETH/INR,1h,LONG,2026-05-04 20:30:00+05:30,2026-05-04 22:30:00+05:30,2382.19,198912.91,2358.37,2453.66,2357.19,196825.32,STOP_LOSS,0.01,30.64,0.014632,2910.43,-30.54,3.42,-33.96,-33.96,3063.61,3029.65
736,ETH/INR,1h,LONG,2026-05-05 06:30:00+05:30,2026-05-06 05:30:00+05:30,2360.62,197111.74,2337.01,2431.44,2358.53,196937.26,INTRADAY_SQUAREOFF,0.01,30.3,0.014602,2878.17,-2.55,3.39,-5.94,-5.94,3029.65,3023.71
737,ETH/INR,1h,LONG,2026-05-06 12:30:00+05:30,2026-05-06 19:30:00+05:30,2372.17,198075.82,2348.44,2443.33,2347.27,195997.01,STOP_LOSS,0.01,30.24,0.014502,2872.52,-30.15,3.37,-33.52,-33.52,3023.71,2990.19
738,ETH/INR,1h,SHORT,2026-05-07 06:30:00+05:30,2026-05-08 00:30:00+05:30,2328.24,194407.64,2351.52,2258.39,2297.07,191805.17,INTRADAY_SQUAREOFF,0.01,29.9,0.014612,2840.68,38.03,3.33,34.7,34.7,2990.19,3024.89
739,ETH/INR,1h,SHORT,2026-05-08 08:30:00+05:30,2026-05-08 16:30:00+05:30,2269.6,189511.37,2292.29,2201.51,2293.44,191502.19,STOP_LOSS,0.01,30.25,0.015163,2873.64,-30.19,3.41,-33.6,-33.6,3024.89,2991.29
740,ETH/INR,1h,SHORT,2026-05-08 18:30:00+05:30,2026-05-08 22:30:00+05:30,2281.89,190537.69,2304.71,2213.43,2305.86,192539.29,STOP_LOSS,0.01,29.91,0.014914,2841.73,-29.85,3.37,-33.22,-33.22,2991.29,2958.07
741,ETH/INR,1h,LONG,2026-05-09 21:30:00+05:30,2026-05-10 00:30:00+05:30,2318.89,193627.22,2295.7,2388.46,2328.99,194471.07,INTRADAY_SQUAREOFF,0.01,29.58,0.014513,2810.17,12.25,3.32,8.92,8.92,2958.07,2966.99
742,ETH/INR,1h,LONG,2026-05-10 08:30:00+05:30,2026-05-11 00:30:00+05:30,2328.8,194455.11,2305.52,2398.67,2357.19,196825.44,INTRADAY_SQUAREOFF,0.01,29.67,0.014495,2818.64,34.36,3.35,31.01,31.01,2966.99,2998.01
743,ETH/INR,1h,LONG,2026-05-11 17:30:00+05:30,2026-05-11 19:30:00+05:30,2336.94,195134.32,2313.57,2407.05,2312.41,193086.38,STOP_LOSS,0.01,29.98,0.014596,2848.1,-29.89,3.34,-33.23,-33.23,2998.01,2964.77
744,ETH/INR,1h,SHORT,2026-05-12 12:30:00+05:30,2026-05-13 00:30:00+05:30,2300.86,192121.73,2323.87,2231.83,2280.56,190426.73,INTRADAY_SQUAREOFF,0.01,29.65,0.01466,2816.53,24.85,3.31,21.54,21.54,2964.77,2986.31
745,ETH/INR,1h,SHORT,2026-05-13 11:30:00+05:30,2026-05-13 14:30:00+05:30,2294.47,191588.44,2317.42,2225.64,2318.58,193601.07,STOP_LOSS,0.01,29.86,0.014808,2837.0,-29.8,3.37,-33.17,-33.17,2986.31,2953.14
746,ETH/INR,1h,SHORT,2026-05-13 21:30:00+05:30,2026-05-13 23:30:00+05:30,2231.95,186368.12,2254.27,2164.99,2255.4,188325.92,STOP_LOSS,0.01,29.53,0.015053,2805.49,-29.47,3.33,-32.8,-32.8,2953.14,2920.34
747,ETH/INR,1h,SHORT,2026-05-14 03:30:00+05:30,2026-05-14 19:30:00+05:30,2252.23,188061.49,2274.76,2184.67,2275.89,190037.08,STOP_LOSS,0.01,29.2,0.014752,2774.33,-29.14,3.29,-32.44,-32.44,2920.34,2887.91
748,ETH/INR,1h,SHORT,2026-05-16 01:30:00+05:30,2026-05-17 00:30:00+05:30,2219.45,185324.06,2241.64,2152.87,2181.66,182168.64,INTRADAY_SQUAREOFF,0.01,28.88,0.014804,2743.51,46.71,3.21,43.5,43.5,2887.91,2931.41
749,ETH/INR,1h,SHORT,2026-05-17 04:30:00+05:30,2026-05-18 00:30:00+05:30,2177.61,181830.49,2199.39,2112.28,2188.76,182761.77,INTRADAY_SQUAREOFF,0.01,29.31,0.015316,2784.84,-14.26,3.29,-17.56,-17.56,2931.41,2913.85
750,ETH/INR,1h,SHORT,2026-05-19 00:30:00+05:30,2026-05-19 02:30:00+05:30,2076.96,173426.24,2097.73,2014.65,2098.78,175248.09,STOP_LOSS,0.01,29.14,0.015962,2768.16,-29.08,3.28,-32.36,-32.36,2913.85,2881.49
751,ETH/INR,1h,SHORT,2026-05-19 07:30:00+05:30,2026-05-19 12:30:00+05:30,2120.94,177098.41,2142.15,2057.31,2143.22,178958.83,STOP_LOSS,0.01,28.81,0.015457,2737.42,-28.76,3.25,-32.0,-32.0,2881.49,2849.49
752,ETH/INR,1h,SHORT,2026-05-19 14:30:00+05:30,2026-05-20 00:30:00+05:30,2128.22,177705.99,2149.5,2064.37,2115.02,176603.91,INTRADAY_SQUAREOFF,0.01,28.49,0.015233,2707.01,16.79,3.18,13.6,13.6,2849.49,2863.09
753,ETH/INR,1h,SHORT,2026-05-20 19:30:00+05:30,2026-05-20 21:30:00+05:30,2113.37,176466.62,2134.51,2049.97,2135.57,178320.4,STOP_LOSS,0.01,28.63,0.015413,2719.94,-28.57,3.23,-31.8,-31.8,2863.09,2831.29
754,ETH/INR,1h,SHORT,2026-05-22 10:30:00+05:30,2026-05-23 00:30:00+05:30,2129.49,177812.81,2150.79,2065.61,2066.64,172564.67,TARGET_HIT,0.01,28.31,0.015127,2689.73,79.39,3.13,76.26,76.26,2831.29,2907.55
755,ETH/INR,1h,SHORT,2026-05-23 12:30:00+05:30,2026-05-23 23:30:00+05:30,2057.08,171766.27,2077.65,1995.37,2078.69,173570.67,STOP_LOSS,0.01,29.08,0.016081,2762.17,-29.02,3.28,-32.29,-32.29,2907.55,2875.26
756,ETH/INR,1h,LONG,2026-05-24 12:30:00+05:30,2026-05-24 18:30:00+05:30,2128.01,177689.12,2106.73,2191.85,2105.68,175824.27,STOP_LOSS,0.01,28.75,0.015372,2731.5,-28.67,3.21,-31.87,-31.87,2875.26,2843.38
757,ETH/INR,1h,SHORT,2026-05-25 07:30:00+05:30,2026-05-25 12:30:00+05:30,2089.78,174497.02,2110.68,2027.09,2111.74,176330.11,STOP_LOSS,0.01,28.43,0.01548,2701.22,-28.38,3.2,-31.58,-31.58,2843.38,2811.8
758,ETH/INR,1h,SHORT,2026-05-25 17:30:00+05:30,2026-05-25 20:30:00+05:30,2111.27,176291.37,2132.39,2047.94,2133.45,178143.31,STOP_LOSS,0.01,28.12,0.015152,2671.21,-28.06,3.17,-31.23,-31.23,2811.8,2780.57
759,ETH/INR,1h,SHORT,2026-05-27 09:30:00+05:30,2026-05-27 13:30:00+05:30,2065.42,172462.3,2086.07,2003.45,2087.11,174274.01,STOP_LOSS,0.01,27.81,0.015317,2641.55,-27.75,3.13,-30.88,-30.88,2780.57,2749.69
760,ETH/INR,1h,SHORT,2026-05-27 16:30:00+05:30,2026-05-28 00:30:00+05:30,2075.45,173300.22,2096.21,2013.19,2053.84,171495.34,INTRADAY_SQUAREOFF,0.01,27.5,0.015073,2612.21,27.21,3.07,24.14,24.14,2749.69,2773.83
761,ETH/INR,1h,SHORT,2026-05-28 03:30:00+05:30,2026-05-29 00:30:00+05:30,2011.99,168001.46,2032.11,1951.63,2022.44,168873.8,INTRADAY_SQUAREOFF,0.01,27.74,0.015685,2635.14,-13.68,3.12,-16.8,-16.8,2773.83,2757.03
762,ETH/INR,1h,LONG,2026-05-30 15:30:00+05:30,2026-05-31 00:30:00+05:30,2015.56,168299.04,1995.4,2076.02,2023.5,168962.06,INTRADAY_SQUAREOFF,0.01,27.57,0.015563,2619.18,10.32,3.1,7.22,7.22,2757.03,2764.25
763,ETH/INR,1h,LONG,2026-05-31 06:30:00+05:30,2026-05-31 19:30:00+05:30,2025.75,169150.32,2005.49,2086.52,2004.49,167375.09,STOP_LOSS,0.01,27.64,0.015525,2626.04,-27.56,3.08,-30.64,-30.64,2764.25,2733.61
764,ETH/INR,1h,SHORT,2026-06-01 00:30:00+05:30,2026-06-01 04:30:00+05:30,1995.31,166608.54,2015.27,1935.45,2016.27,168358.77,STOP_LOSS,0.01,27.34,0.015587,2596.93,-27.28,3.08,-30.36,-30.36,2733.61,2703.25
765,ETH/INR,1h,SHORT,2026-06-01 07:30:00+05:30,2026-06-02 00:30:00+05:30,1990.2,166182.06,2010.11,1930.5,1991.51,166290.69,INTRADAY_SQUAREOFF,0.01,27.03,0.015453,2568.09,-1.68,3.03,-4.71,-4.71,2703.25,2698.54
766,ETH/INR,1h,SHORT,2026-06-02 03:30:00+05:30,2026-06-02 19:30:00+05:30,1988.65,166051.87,2008.53,1928.99,1929.95,161150.85,TARGET_HIT,0.01,26.99,0.015439,2563.61,75.66,2.98,72.68,72.68,2698.54,2771.22
767,ETH/INR,1h,SHORT,2026-06-03 08:30:00+05:30,2026-06-03 10:30:00+05:30,1847.99,154306.8,1866.47,1792.55,1867.4,155927.79,STOP_LOSS,0.01,27.71,0.017061,2632.66,-27.66,3.12,-30.78,-30.78,2771.22,2740.44
768,ETH/INR,1h,SHORT,2026-06-04 01:30:00+05:30,2026-06-04 03:30:00+05:30,1794.93,149876.83,1812.88,1741.08,1813.79,151451.28,STOP_LOSS,0.01,27.4,0.01737,2603.42,-27.35,3.09,-30.44,-30.44,2740.44,2710.01
769,ETH/INR,1h,SHORT,2026-06-04 13:30:00+05:30,2026-06-04 19:30:00+05:30,1770.92,147872.17,1788.63,1717.8,1789.53,149425.56,STOP_LOSS,0.01,27.1,0.01741,2574.51,-27.05,3.05,-30.1,-30.1,2710.01,2679.91
770,ETH/INR,1h,SHORT,2026-06-05 03:30:00+05:30,2026-06-05 10:30:00+05:30,1755.79,146608.61,1773.35,1703.12,1703.97,142281.45,TARGET_HIT,0.01,26.8,0.017365,2545.91,75.14,2.96,72.18,72.18,2679.91,2752.09
771,ETH/INR,1h,SHORT,2026-06-06 15:30:00+05:30,2026-06-07 00:30:00+05:30,1564.56,130640.53,1580.2,1517.62,1556.84,129995.98,INTRADAY_SQUAREOFF,0.01,27.52,0.020013,2614.49,12.9,3.08,9.82,9.82,2752.09,2761.91
772,ETH/INR,1h,LONG,2026-06-08 03:30:00+05:30,2026-06-08 05:30:00+05:30,1635.95,136601.62,1619.59,1685.03,1684.18,140629.32,TARGET_HIT,0.01,27.62,0.019208,2623.82,77.36,3.14,74.22,74.22,2761.91,2836.13
773,ETH/INR,1h,LONG,2026-06-08 12:30:00+05:30,2026-06-09 00:30:00+05:30,1669.52,139405.28,1652.83,1719.61,1682.75,140509.47,INTRADAY_SQUAREOFF,0.01,28.36,0.019327,2694.33,21.34,3.19,18.15,18.15,2836.13,2854.28
774,ETH/INR,1h,SHORT,2026-06-10 04:30:00+05:30,2026-06-10 18:30:00+05:30,1637.67,136745.51,1654.05,1588.54,1654.87,138182.02,STOP_LOSS,0.01,28.54,0.019829,2711.57,-28.49,3.22,-31.7,-31.7,2854.28,2822.58
775,ETH/INR,1h,SHORT,2026-06-11 03:30:00+05:30,2026-06-11 05:30:00+05:30,1602.56,133813.62,1618.58,1554.48,1619.39,135219.33,STOP_LOSS,0.01,28.23,0.020039,2681.45,-28.17,3.18,-31.35,-31.35,2822.58,2791.23
776,ETH/INR,1h,SHORT,2026-06-11 11:30:00+05:30,2026-06-11 13:30:00+05:30,1644.94,137352.25,1661.39,1595.59,1662.22,138795.14,STOP_LOSS,0.01,27.91,0.019306,2651.67,-27.86,3.15,-31.0,-31.0,2791.23,2760.23
777,ETH/INR,1h,LONG,2026-06-12 08:30:00+05:30,2026-06-12 11:30:00+05:30,1676.33,139973.37,1659.56,1726.62,1658.73,138504.35,STOP_LOSS,0.01,27.6,0.018734,2622.22,-27.52,3.08,-30.6,-30.6,2760.23,2729.63
778,ETH/INR,1h,LONG,2026-06-12 20:30:00+05:30,2026-06-12 22:30:00+05:30,1686.18,140796.25,1669.32,1736.77,1668.49,139318.59,STOP_LOSS,0.01,27.3,0.018418,2593.15,-27.22,3.04,-30.26,-30.26,2729.63,2699.37
779,ETH/INR,1h,LONG,2026-06-13 07:30:00+05:30,2026-06-14 00:30:00+05:30,1675.33,139889.82,1658.57,1725.59,1676.67,140002.05,INTRADAY_SQUAREOFF,0.01,26.99,0.018332,2564.41,2.06,3.03,-0.97,-0.97,2699.37,2698.4
780,ETH/INR,1h,LONG,2026-06-14 15:30:00+05:30,2026-06-14 19:30:00+05:30,1678.44,140149.64,1661.65,1728.79,1660.82,138678.77,STOP_LOSS,0.01,26.98,0.018291,2563.48,-26.9,3.01,-29.91,-29.91,2698.4,2668.49
781,ETH/INR,1h,LONG,2026-06-15 17:30:00+05:30,2026-06-15 20:30:00+05:30,1767.87,147617.44,1750.19,1820.91,1820.0,151969.94,TARGET_HIT,0.01,26.68,0.017173,2535.07,74.75,3.04,71.71,71.71,2668.49,2740.2
782,ETH/INR,1h,LONG,2026-06-16 23:30:00+05:30,2026-06-17 01:30:00+05:30,1799.11,150225.61,1781.12,1853.08,1791.88,149622.28,INTRADAY_SQUAREOFF,0.01,27.4,0.017329,2603.19,-10.45,3.07,-13.52,-13.52,2740.2,2726.68
783,ETH/INR,1h,SHORT,2026-06-18 01:30:00+05:30,2026-06-18 03:30:00+05:30,1726.8,144187.48,1744.06,1674.99,1744.94,145702.17,STOP_LOSS,0.01,27.27,0.017965,2590.35,-27.21,3.07,-30.28,-30.28,2726.68,2696.4
784,ETH/INR,1h,SHORT,2026-06-18 09:30:00+05:30,2026-06-18 20:30:00+05:30,1738.77,145187.31,1756.16,1686.61,1687.45,140902.11,TARGET_HIT,0.01,26.96,0.017643,2561.58,75.6,2.98,72.63,72.63,2696.4,2769.02
785,ETH/INR,1h,SHORT,2026-06-19 15:30:00+05:30,2026-06-19 18:30:00+05:30,1686.2,140797.41,1703.06,1635.61,1703.91,142276.49,STOP_LOSS,0.01,27.69,0.018683,2630.57,-27.63,3.12,-30.75,-30.75,2769.02,2738.27
786,ETH/INR,1h,SHORT,2026-06-19 22:30:00+05:30,2026-06-20 00:30:00+05:30,1692.39,141314.85,1709.32,1641.62,1702.07,142122.89,INTRADAY_SQUAREOFF,0.01,27.38,0.018408,2601.36,-14.87,3.08,-17.95,-17.95,2738.27,2720.32
787,ETH/INR,1h,SHORT,2026-06-20 08:30:00+05:30,2026-06-20 10:30:00+05:30,1701.61,142084.33,1718.62,1650.56,1719.48,143576.92,STOP_LOSS,0.01,27.2,0.018188,2584.3,-27.15,3.07,-30.21,-30.21,2720.32,2690.1
788,ETH/INR,1h,LONG,2026-06-21 20:30:00+05:30,2026-06-22 00:30:00+05:30,1727.25,144225.64,1709.98,1779.07,1732.73,144683.22,INTRADAY_SQUAREOFF,0.01,26.9,0.017719,2555.6,8.11,3.02,5.09,5.09,2690.1,2695.19
789,ETH/INR,1h,LONG,2026-06-22 19:30:00+05:30,2026-06-22 21:30:00+05:30,1778.3,148487.94,1760.52,1831.65,1759.64,146929.56,STOP_LOSS,0.01,26.95,0.017243,2560.43,-26.87,3.01,-29.88,-29.88,2695.19,2665.31
790,ETH/INR,1h,SHORT,2026-06-23 10:30:00+05:30,2026-06-23 13:30:00+05:30,1715.7,143261.1,1732.86,1664.23,1665.06,139032.75,TARGET_HIT,0.01,26.65,0.017674,2532.05,74.73,2.94,71.79,71.79,2665.31,2737.1
791,ETH/INR,1h,SHORT,2026-06-24 08:30:00+05:30,2026-06-24 16:30:00+05:30,1660.71,138669.22,1677.32,1610.89,1678.16,140125.94,STOP_LOSS,0.01,27.37,0.018751,2600.25,-27.32,3.08,-30.4,-30.4,2737.1,2706.7
792,ETH/INR,1h,SHORT,2026-06-24 19:30:00+05:30,2026-06-24 21:30:00+05:30,1638.5,136814.77,1654.89,1589.35,1590.14,132776.69,TARGET_HIT,0.01,27.07,0.018795,2571.37,75.89,2.99,72.9,72.9,2706.7,2779.61
793,ETH/INR,1h,SHORT,2026-06-26 14:30:00+05:30,2026-06-26 20:30:00+05:30,1560.42,130295.02,1576.02,1513.61,1576.81,131663.76,STOP_LOSS,0.01,27.8,0.020267,2640.63,-27.74,3.13,-30.87,-30.87,2779.61,2748.74
794,ETH/INR,1h,SHORT,2026-06-27 00:30:00+05:30,2026-06-27 07:30:00+05:30,1567.88,130917.62,1583.55,1520.84,1584.35,132292.91,STOP_LOSS,0.01,27.49,0.019946,2611.3,-27.43,3.1,-30.53,-30.53,2748.74,2718.21
795,ETH/INR,1h,SHORT,2026-06-29 10:30:00+05:30,2026-06-29 17:30:00+05:30,1571.35,131208.05,1587.07,1524.21,1587.86,132586.39,STOP_LOSS,0.01,27.18,0.019681,2582.3,-27.13,3.06,-30.19,-30.19,2718.21,2688.02
796,ETH/INR,1h,SHORT,2026-07-01 03:30:00+05:30,2026-07-01 06:30:00+05:30,1566.58,130809.12,1582.24,1519.58,1583.03,132183.27,STOP_LOSS,0.01,26.88,0.019522,2553.62,-26.83,3.03,-29.85,-29.85,2688.02,2658.16
797,ETH/INR,1h,LONG,2026-07-02 03:30:00+05:30,2026-07-02 05:30:00+05:30,1635.78,136587.42,1619.42,1684.85,1618.61,135153.93,STOP_LOSS,0.01,26.58,0.018488,2525.25,-26.5,2.96,-29.47,-29.47,2658.16,2628.69
798,ETH/INR,1h,LONG,2026-07-02 07:30:00+05:30,2026-07-02 18:30:00+05:30,1623.21,135538.14,1606.98,1671.91,1671.07,139534.48,TARGET_HIT,0.01,26.29,0.018425,2497.26,73.63,2.99,70.64,70.64,2628.69,2699.34
799,ETH/INR,1h,LONG,2026-07-03 02:30:00+05:30,2026-07-04 00:30:00+05:30,1705.75,142430.33,1688.69,1756.93,1736.28,144979.5,INTRADAY_SQUAREOFF,0.01,26.99,0.018004,2564.37,45.9,3.05,42.84,42.84,2699.34,2742.18
800,ETH/INR,1h,LONG,2026-07-04 10:30:00+05:30,2026-07-05 00:30:00+05:30,1763.38,147242.33,1745.75,1816.28,1791.33,149576.38,INTRADAY_SQUAREOFF,0.01,27.42,0.017692,2605.07,41.29,3.1,38.2,38.2,2742.18,2780.38
801,ETH/INR,1h,LONG,2026-07-07 12:30:00+05:30,2026-07-07 19:30:00+05:30,1781.81,148781.18,1763.99,1835.26,1763.11,147219.72,STOP_LOSS,0.01,27.8,0.017753,2641.36,-27.72,3.1,-30.82,-30.82,2780.38,2749.55
802,ETH/INR,1h,SHORT,2026-07-09 07:30:00+05:30,2026-07-09 10:30:00+05:30,1727.84,144274.27,1745.11,1676.0,1745.99,145789.87,STOP_LOSS,0.01,27.5,0.018105,2612.08,-27.44,3.1,-30.54,-30.54,2749.55,2719.02
803,ETH/INR,1h,SHORT,2026-07-09 16:30:00+05:30,2026-07-10 00:30:00+05:30,1741.8,145440.19,1759.22,1689.54,1751.2,146224.79,INTRADAY_SQUAREOFF,0.01,27.19,0.01776,2583.07,-13.93,3.06,-16.99,-16.99,2719.02,2702.03
804,ETH/INR,1h,LONG,2026-07-10 15:30:00+05:30,2026-07-10 19:30:00+05:30,1794.28,149822.1,1776.33,1848.1,1775.45,148249.72,STOP_LOSS,0.01,27.02,0.017133,2566.92,-26.94,3.01,-29.95,-29.95,2702.03,2672.07
805,ETH/INR,1h,LONG,2026-07-11 05:30:00+05:30,2026-07-12 00:30:00+05:30,1797.57,150096.96,1779.59,1851.5,1823.81,152287.94,INTRADAY_SQUAREOFF,0.01,26.72,0.016912,2538.47,37.05,3.02,34.04,34.04,2672.07,2706.11
806,ETH/INR,1h,SHORT,2026-07-14 13:30:00+05:30,2026-07-14 15:30:00+05:30,1776.1,148304.47,1793.86,1722.82,1794.76,149862.41,STOP_LOSS,0.01,27.06,0.017335,2570.8,-27.01,3.05,-30.06,-30.06,2706.11,2676.05
807,ETH/INR,1h,LONG,2026-07-15 05:30:00+05:30,2026-07-15 07:30:00+05:30,1893.03,158067.67,1874.1,1949.82,1873.16,156408.75,STOP_LOSS,0.01,26.76,0.016083,2542.25,-26.68,2.98,-29.67,-29.67,2676.05,2646.39
808,ETH/INR,1h,LONG,2026-07-15 09:30:00+05:30,2026-07-15 18:30:00+05:30,1878.6,156863.01,1859.81,1934.96,1933.99,161488.11,TARGET_HIT,0.01,26.46,0.016027,2514.07,74.13,3.01,71.12,71.12,2646.39,2717.51
809,ETH/INR,1h,LONG,2026-07-16 08:30:00+05:30,2026-07-16 12:30:00+05:30,1925.66,160792.8,1906.41,1983.43,1905.45,159105.28,STOP_LOSS,0.01,27.18,0.016056,2581.63,-27.09,3.03,-30.12,-30.12,2717.51,2687.38
810,ETH/INR,1h,SHORT,2026-07-17 04:30:00+05:30,2026-07-17 18:30:00+05:30,1865.97,155808.21,1884.63,1809.99,1810.89,151209.53,TARGET_HIT,0.01,26.87,0.016386,2553.01,75.35,2.97,72.38,72.38,2687.38,2759.76
811,ETH/INR,1h,LONG,2026-07-20 23:30:00+05:30,2026-07-21 01:30:00+05:30,1909.35,159431.08,1890.26,1966.63,1897.7,158458.01,INTRADAY_SQUAREOFF,0.01,27.6,0.016445,2621.78,-16.0,3.08,-19.09,-19.09,2759.76,2740.68
812,ETH/INR,1h,LONG,2026-07-21 06:30:00+05:30,2026-07-22 00:30:00+05:30,1917.76,160132.83,1898.58,1975.29,1917.6,160119.67,INTRADAY_SQUAREOFF,0.01,27.41,0.016259,2603.64,-0.21,3.07,-3.29,-3.29,2740.68,2737.39
813,ETH/INR,1h,LONG,2026-07-22 05:30:00+05:30,2026-07-22 12:30:00+05:30,1930.79,161221.37,1911.49,1988.72,1910.53,159529.35,STOP_LOSS,0.01,27.37,0.01613,2600.52,-27.29,3.05,-30.35,-30.35,2737.39,2707.05
814,ETH/INR,1h,LONG,2026-07-22 19:30:00+05:30,2026-07-22 23:30:00+05:30,1941.86,162145.35,1922.44,2000.12,1921.48,160443.63,STOP_LOSS,0.01,27.07,0.01586,2571.7,-26.99,3.02,-30.01,-30.01,2707.05,2677.04
815,ETH/INR,1h,LONG,2026-07-23 03:30:00+05:30,2026-07-23 08:30:00+05:30,1939.6,161956.54,1920.2,1997.79,1919.24,160256.81,STOP_LOSS,0.01,26.77,0.015703,2543.19,-26.69,2.99,-29.68,-29.68,2677.04,2647.36
816,ETH/INR,1h,LONG,2026-07-23 14:30:00+05:30,2026-07-23 17:30:00+05:30,1927.09,160912.27,1907.82,1984.91,1906.87,159223.5,STOP_LOSS,0.01,26.47,0.01563,2514.99,-26.39,2.95,-29.35,-29.35,2647.36,2618.02
817,ETH/INR,1h,SHORT,2026-07-24 14:30:00+05:30,2026-07-25 00:30:00+05:30,1884.15,157326.31,1902.99,1827.62,1862.37,155507.95,INTRADAY_SQUAREOFF,0.01,26.18,0.015809,2487.12,28.75,2.92,25.83,25.83,2618.02,2643.84
818,ETH/INR,1h,SHORT,2026-07-25 03:30:00+05:30,2026-07-25 23:30:00+05:30,1854.43,154845.1,1872.98,1798.8,1873.91,156471.75,STOP_LOSS,0.01,26.44,0.01622,2511.65,-26.38,2.98,-29.36,-29.36,2643.84,2614.48
819,ETH/INR,1h,LONG,2026-07-26 04:30:00+05:30,2026-07-27 00:30:00+05:30,1876.3,156670.86,1857.53,1932.59,1911.78,159633.93,INTRADAY_SQUAREOFF,0.01,26.14,0.015853,2483.76,46.97,2.96,44.02,44.02,2614.48,2658.5
820,ETH/INR,1h,LONG,2026-07-27 04:30:00+05:30,2026-07-27 19:30:00+05:30,1951.96,162988.28,1932.44,2010.51,1931.47,161277.72,STOP_LOSS,0.01,26.58,0.015495,2525.57,-26.51,2.96,-29.47,-29.47,2658.5,2629.03
821,ETH/INR,1h,SHORT,2026-07-28 06:30:00+05:30,2026-07-28 18:30:00+05:30,1875.23,156581.87,1893.98,1818.98,1894.93,158226.76,STOP_LOSS,0.01,26.29,0.015951,2497.57,-26.24,2.96,-29.2,-29.2,2629.03,2599.83
822,ETH/INR,1h,LONG,2026-07-29 12:30:00+05:30,2026-07-29 18:30:00+05:30,1919.86,160308.27,1900.66,1977.46,1899.71,158625.83,STOP_LOSS,0.01,26.0,0.015407,2469.83,-25.92,2.9,-28.82,-28.82,2599.83,2571.01
823,ETH/INR,1h,LONG,2026-07-29 23:30:00+05:30,2026-07-30 01:30:00+05:30,1924.78,160719.28,1905.53,1982.53,1904.58,159032.54,STOP_LOSS,0.01,25.71,0.015197,2442.46,-25.63,2.87,-28.5,-28.5,2571.01,2542.51
824,ETH/INR,1h,LONG,2026-07-30 03:30:00+05:30,2026-07-31 00:30:00+05:30,1897.14,158411.03,1878.17,1954.05,1913.28,159759.12,INTRADAY_SQUAREOFF,0.01,25.43,0.015248,2415.38,20.56,2.86,17.69,17.69,2542.51,2560.2
825,ETH/INR,1h,SHORT,2026-07-31 19:30:00+05:30,2026-08-01 00:30:00+05:30,1861.66,155448.5,1880.28,1805.81,1871.04,156231.42,INTRADAY_SQUAREOFF,0.01,25.6,0.015646,2432.19,-12.25,2.88,-15.13,-15.13,2560.2,2545.07
826,ETH/INR,1h,LONG,2026-08-02 10:30:00+05:30,2026-08-02 14:30:00+05:30,1881.16,157076.87,1862.35,1937.59,1861.42,155428.35,STOP_LOSS,0.01,25.45,0.015393,2417.82,-25.37,2.84,-28.21,-28.21,2545.07,2516.86
827,ETH/INR,1h,LONG,2026-08-06 17:30:00+05:30,2026-08-07 00:30:00+05:30,1908.41,159352.54,1889.33,1965.67,1904.11,158992.98,INTRADAY_SQUAREOFF,0.01,25.17,0.015005,2391.02,-5.4,2.82,-8.21,-8.21,2516.86,2508.64
828,ETH/INR,1h,LONG,2026-08-08 01:30:00+05:30,2026-08-09 00:30:00+05:30,1920.16,160333.32,1900.96,1977.76,1919.14,160248.18,INTRADAY_SQUAREOFF,0.01,25.09,0.014864,2383.21,-1.27,2.81,-4.08,-4.08,2508.64,2504.57
829,ETH/INR,1h,LONG,2026-08-09 12:30:00+05:30,2026-08-10 00:30:00+05:30,1919.08,160243.1,1899.89,1976.65,1919.17,160250.69,INTRADAY_SQUAREOFF,0.01,25.05,0.014848,2379.34,0.11,2.81,-2.7,-2.7,2504.57,2501.87
830,ETH/INR,1h,SHORT,2026-08-11 03:30:00+05:30,2026-08-11 16:30:00+05:30,1870.95,156224.66,1889.66,1814.83,1890.61,157865.8,STOP_LOSS,0.01,25.02,0.015214,2376.78,-24.97,2.82,-27.79,-27.79,2501.87,2474.09
831,ETH/INR,1h,SHORT,2026-08-13 14:30:00+05:30,2026-08-14 00:30:00+05:30,1886.06,157485.72,1904.92,1829.47,1884.81,157381.8,INTRADAY_SQUAREOFF,0.01,24.74,0.014924,2350.38,1.55,2.77,-1.22,-1.22,2474.09,2472.86
832,ETH/INR,1h,SHORT,2026-08-14 09:30:00+05:30,2026-08-15 00:30:00+05:30,1880.01,156980.79,1898.81,1823.61,1874.47,156517.98,INTRADAY_SQUAREOFF,0.01,24.73,0.014965,2349.22,6.93,2.77,4.16,4.16,2472.86,2477.02
833,ETH/INR,1h,SHORT,2026-08-15 09:30:00+05:30,2026-08-16 00:30:00+05:30,1879.92,156973.28,1898.72,1823.52,1881.74,157125.33,INTRADAY_SQUAREOFF,0.01,24.77,0.014991,2353.17,-2.28,2.78,-5.06,-5.06,2477.02,2471.96
834,ETH/INR,1h,LONG,2026-08-17 16:30:00+05:30,2026-08-18 00:30:00+05:30,1908.22,159336.68,1889.14,1965.47,1907.0,159234.16,INTRADAY_SQUAREOFF,0.01,24.72,0.014738,2348.37,-1.51,2.77,-4.28,-4.28,2471.96,2467.68
835,ETH/INR,1h,LONG,2026-08-18 14:30:00+05:30,2026-08-19 00:30:00+05:30,1900.97,158731.0,1881.96,1958.0,1914.04,159822.55,INTRADAY_SQUAREOFF,0.01,24.68,0.014769,2344.3,16.12,2.78,13.35,13.35,2467.68,2481.03
836,ETH/INR,1h,LONG,2026-08-19 12:30:00+05:30,2026-08-19 19:30:00+05:30,1917.82,160137.84,1898.64,1975.35,1974.37,164859.5,TARGET_HIT,0.01,24.81,0.014718,2356.98,69.5,2.82,66.67,66.67,2481.03,2547.7
837,ETH/INR,1h,LONG,2026-08-20 12:30:00+05:30,2026-08-20 20:30:00+05:30,2266.68,189268.02,2244.02,2334.68,2333.52,194848.58,TARGET_HIT,0.01,25.48,0.012788,2420.32,71.36,2.9,68.46,68.46,2547.7,2616.17
838,ETH/INR,1h,LONG,2026-08-21 11:30:00+05:30,2026-08-21 13:30:00+05:30,2368.78,197793.46,2345.1,2439.85,2438.63,203625.4,TARGET_HIT,0.01,26.16,0.012565,2485.36,73.28,2.98,70.3,70.3,2616.17,2686.47
839,ETH/INR,1h,LONG,2026-08-21 22:30:00+05:30,2026-08-22 00:30:00+05:30,2413.27,201507.72,2389.13,2485.66,2418.58,201951.44,INTRADAY_SQUAREOFF,0.01,26.86,0.012665,2552.15,5.62,3.01,2.61,2.61,2686.47,2689.08
840,ETH/INR,1h,LONG,2026-08-22 02:30:00+05:30,2026-08-22 04:30:00+05:30,2448.56,204455.07,2424.08,2522.02,2520.76,210483.43,TARGET_HIT,0.01,26.89,0.012495,2554.62,75.32,3.06,72.26,72.26,2689.08,2761.34
841,ETH/INR,1h,LONG,2026-08-24 15:30:00+05:30,2026-08-25 00:30:00+05:30,2466.12,205921.22,2441.46,2540.11,2473.35,206524.96,INTRADAY_SQUAREOFF,0.01,27.61,0.012739,2623.27,7.69,3.1,4.59,4.59,2761.34,2765.93
842,ETH/INR,1h,LONG,2026-08-25 03:30:00+05:30,2026-08-25 17:30:00+05:30,2487.72,207724.89,2462.85,2562.35,2461.61,205544.82,STOP_LOSS,0.01,27.66,0.01265,2627.64,-27.58,3.08,-30.66,-30.66,2765.93,2735.27
843,ETH/INR,1h,LONG,2026-08-25 21:30:00+05:30,2026-08-26 00:30:00+05:30,2485.64,207551.12,2460.79,2560.21,2459.56,205372.87,STOP_LOSS,0.01,27.35,0.01252,2598.51,-27.27,3.05,-30.32,-30.32,2735.27,2704.95
844,ETH/INR,1h,LONG,2026-08-27 11:30:00+05:30,2026-08-28 00:30:00+05:30,2498.63,208635.49,2473.64,2573.59,2505.85,209238.19,INTRADAY_SQUAREOFF,0.01,27.05,0.012317,2569.7,7.42,3.04,4.39,4.39,2704.95,2709.34
845,ETH/INR,1h,LONG,2026-08-28 04:30:00+05:30,2026-08-28 07:30:00+05:30,2518.56,210299.65,2493.37,2594.12,2492.13,208092.56,STOP_LOSS,0.01,27.09,0.012239,2573.87,-27.01,3.02,-30.03,-30.03,2709.34,2679.3
846,ETH/INR,1h,LONG,2026-08-28 12:30:00+05:30,2026-08-28 19:30:00+05:30,2507.06,209339.76,2481.99,2582.27,2480.75,207142.74,STOP_LOSS,0.01,26.79,0.012159,2545.34,-26.71,2.99,-29.7,-29.7,2679.3,2649.6
847,ETH/INR,1h,SHORT,2026-08-29 03:30:00+05:30,2026-08-29 05:30:00+05:30,2421.49,202194.3,2445.7,2348.84,2446.93,204318.35,STOP_LOSS,0.01,26.5,0.012449,2517.12,-26.44,2.99,-29.43,-29.43,2649.6,2620.17
848,ETH/INR,1h,SHORT,2026-08-29 09:30:00+05:30,2026-08-30 00:30:00+05:30,2433.46,203194.13,2457.8,2360.46,2459.03,205328.68,STOP_LOSS,0.01,26.2,0.01225,2489.16,-26.15,2.95,-29.1,-29.1,2620.17,2591.07
849,ETH/INR,1h,LONG,2026-08-30 12:30:00+05:30,2026-08-31 00:30:00+05:30,2462.47,205616.3,2437.85,2536.34,2509.39,209534.45,INTRADAY_SQUAREOFF,0.01,25.91,0.011971,2461.52,46.91,2.93,43.97,43.97,2591.07,2635.04
850,ETH/INR,1h,SHORT,2026-08-31 19:30:00+05:30,2026-08-31 21:30:00+05:30,2435.09,203330.17,2459.44,2362.04,2460.67,205466.16,STOP_LOSS,0.01,26.35,0.012311,2503.29,-26.3,2.97,-29.27,-29.27,2635.04,2605.78
851,ETH/INR,1h,SHORT,2026-09-01 02:30:00+05:30,2026-09-01 23:30:00+05:30,2468.89,206152.72,2493.58,2394.83,2396.03,200068.12,TARGET_HIT,0.01,26.06,0.012008,2475.49,73.06,2.88,70.19,70.19,2605.78,2675.96
852,ETH/INR,1h,SHORT,2026-09-02 06:30:00+05:30,2026-09-03 00:30:00+05:30,2404.02,200735.45,2428.06,2331.9,2394.75,199961.36,INTRADAY_SQUAREOFF,0.01,26.76,0.012664,2542.17,9.8,2.99,6.81,6.81,2675.96,2682.77
853,ETH/INR,1h,SHORT,2026-09-03 04:30:00+05:30,2026-09-03 07:30:00+05:30,2376.66,198451.21,2400.43,2305.36,2401.63,200535.94,STOP_LOSS,0.01,26.83,0.012843,2548.64,-26.77,3.02,-29.8,-29.8,2682.77,2652.98
854,ETH/INR,1h,SHORT,2026-09-03 13:30:00+05:30,2026-09-03 17:30:00+05:30,2393.35,199844.96,2417.29,2321.55,2418.49,201944.33,STOP_LOSS,0.01,26.53,0.012611,2520.33,-26.48,2.99,-29.47,-29.47,2652.98,2623.51
855,ETH/INR,1h,LONG,2026-09-04 14:30:00+05:30,2026-09-04 17:30:00+05:30,2532.27,211444.17,2506.94,2608.23,2505.69,209225.06,STOP_LOSS,0.01,26.24,0.011787,2492.34,-26.16,2.93,-29.08,-29.08,2623.51,2594.43
856,ETH/INR,1h,SHORT,2026-09-04 23:30:00+05:30,2026-09-05 01:30:00+05:30,2441.9,203898.53,2466.32,2368.64,2456.11,205084.96,INTRADAY_SQUAREOFF,0.01,25.94,0.012088,2464.71,-14.34,2.92,-17.26,-17.26,2594.43,2577.17
857,ETH/INR,1h,SHORT,2026-09-05 10:30:00+05:30,2026-09-05 21:30:00+05:30,2447.58,204372.57,2472.05,2374.15,2473.29,206519.5,STOP_LOSS,0.01,25.77,0.01198,2448.31,-25.72,2.9,-28.62,-28.62,2577.17,2548.55
858,ETH/INR,1h,LONG,2026-09-06 03:30:00+05:30,2026-09-06 19:30:00+05:30,2494.15,208261.22,2469.2,2568.97,2467.97,206075.52,STOP_LOSS,0.01,25.49,0.011625,2421.12,-25.41,2.84,-28.25,-28.25,2548.55,2520.3
859,ETH/INR,1h,LONG,2026-09-07 02:30:00+05:30,2026-09-07 12:30:00+05:30,2501.52,208876.93,2476.5,2576.57,2475.27,206684.77,STOP_LOSS,0.01,25.2,0.011463,2394.28,-25.13,2.81,-27.94,-27.94,2520.3,2492.36
860,ETH/INR,1h,LONG,2026-09-07 18:30:00+05:30,2026-09-07 20:30:00+05:30,2508.72,209478.43,2483.64,2583.99,2482.39,207279.95,STOP_LOSS,0.01,24.92,0.011303,2367.74,-24.85,2.78,-27.63,-27.63,2492.36,2464.73
861,ETH/INR,1h,LONG,2026-09-09 17:30:00+05:30,2026-09-09 20:30:00+05:30,2506.26,209272.92,2481.2,2581.45,2479.96,207076.6,STOP_LOSS,0.01,24.65,0.011189,2341.49,-24.57,2.75,-27.32,-27.32,2464.73,2437.41
862,ETH/INR,1h,SHORT,2026-09-15 20:30:00+05:30,2026-09-15 22:30:00+05:30,2387.79,199380.09,2411.66,2316.15,2412.87,201474.58,STOP_LOSS,0.01,24.37,0.011614,2315.54,-24.32,2.75,-27.07,-27.07,2437.41,2410.33
863,ETH/INR,1h,SHORT,2026-09-16 03:30:00+05:30,2026-09-16 16:30:00+05:30,2387.69,199371.73,2411.56,2316.05,2412.77,201466.13,STOP_LOSS,0.01,24.1,0.011485,2289.82,-24.05,2.72,-26.77,-26.77,2410.33,2383.56
864,ETH/INR,1h,SHORT,2026-09-17 04:30:00+05:30,2026-09-17 06:30:00+05:30,2385.35,199176.46,2409.2,2313.79,2410.4,201268.8,STOP_LOSS,0.01,23.84,0.011369,2264.39,-23.79,2.69,-26.47,-26.47,2383.56,2357.09
865,ETH/INR,1h,LONG,2026-09-18 07:30:00+05:30,2026-09-18 18:30:00+05:30,2458.84,205313.05,2434.25,2532.6,2531.34,211366.7,TARGET_HIT,0.01,23.57,0.010906,2239.24,66.02,2.68,63.34,63.34,2357.09,2420.43
866,ETH/INR,1h,LONG,2026-09-19 06:30:00+05:30,2026-09-20 00:30:00+05:30,2627.73,219415.72,2601.46,2706.57,2637.47,220228.8,INTRADAY_SQUAREOFF,0.01,24.2,0.01048,2299.41,8.52,2.72,5.8,5.8,2420.43,2426.24
867,ETH/INR,1h,SHORT,2026-09-20 16:30:00+05:30,2026-09-20 20:30:00+05:30,2568.48,214467.67,2594.16,2491.42,2595.46,216720.66,STOP_LOSS,0.01,24.26,0.010747,2304.92,-24.21,2.73,-26.95,-26.95,2426.24,2399.29
868,ETH/INR,1h,LONG,2026-09-21 05:30:00+05:30,2026-09-21 14:30:00+05:30,2649.03,221194.32,2622.54,2728.5,2727.14,227716.24,TARGET_HIT,0.01,23.99,0.010305,2279.32,67.21,2.73,64.48,64.48,2399.29,2463.76
869,ETH/INR,1h,LONG,2026-09-21 18:30:00+05:30,2026-09-22 00:30:00+05:30,2740.18,228804.99,2712.78,2822.38,2756.49,230167.01,INTRADAY_SQUAREOFF,0.01,24.64,0.01023,2340.58,13.93,2.77,11.16,11.16,2463.76,2474.93
870,ETH/INR,1h,LONG,2026-09-22 14:30:00+05:30,2026-09-22 19:30:00+05:30,2756.31,230151.67,2728.74,2839.0,2727.38,227736.23,STOP_LOSS,0.01,24.75,0.010216,2351.18,-24.68,2.76,-27.44,-27.44,2474.93,2447.49
