trade_no,coin,timeframe,direction,entry_time,exit_time,entry_price_usd,entry_price_inr,stop_price_usd,target_price_usd,exit_price_usd,exit_price_inr,exit_reason,risk_pct,risk_inr,position_size_coin,position_size_inr,gross_pnl_inr,fees_inr,net_pnl_inr,net_pnl,equity_before,equity_after
1,SOL/INR,1h,LONG,2024-09-26 21:30:00+05:30,2024-09-27 00:30:00+05:30,157.86,13181.12,155.49,162.59,156.54,13071.49,INTRADAY_SQUAREOFF,0.01,100.0,0.505774,6666.67,-55.45,7.83,-63.28,-63.28,10000.0,9936.72
2,SOL/INR,1h,LONG,2024-09-27 04:30:00+05:30,2024-09-28 00:30:00+05:30,156.35,13055.18,154.0,161.04,158.4,13226.52,INTRADAY_SQUAREOFF,0.01,99.37,0.507421,6624.48,86.94,7.87,79.07,79.07,9936.72,10015.79
3,SOL/INR,1h,LONG,2024-09-28 07:30:00+05:30,2024-09-28 13:30:00+05:30,158.61,13243.77,156.23,163.37,156.15,13038.59,STOP_LOSS,0.01,100.16,0.504176,6677.19,-103.45,7.82,-111.26,-111.26,10015.79,9904.52
4,SOL/INR,1h,SHORT,2024-09-28 22:30:00+05:30,2024-09-29 00:30:00+05:30,156.67,13081.85,159.02,151.97,156.83,13095.09,INTRADAY_SQUAREOFF,0.01,99.05,0.504746,6603.01,-6.68,7.8,-14.48,-14.48,9904.52,9890.04
5,SOL/INR,1h,SHORT,2024-09-29 02:30:00+05:30,2024-09-30 00:30:00+05:30,156.52,13069.33,158.87,151.82,158.95,13272.0,STOP_LOSS,0.01,98.9,0.504491,6593.36,-102.25,7.84,-110.09,-110.09,9890.04,9779.96
6,SOL/INR,1h,SHORT,2024-09-30 15:30:00+05:30,2024-10-01 00:30:00+05:30,155.04,12945.47,157.36,150.38,155.06,12947.85,INTRADAY_SQUAREOFF,0.01,97.8,0.503649,6519.97,-1.2,7.69,-8.89,-8.89,9779.96,9771.06
7,SOL/INR,1h,SHORT,2024-10-01 04:30:00+05:30,2024-10-01 14:30:00+05:30,154.57,12906.76,156.89,149.93,156.97,13106.91,STOP_LOSS,0.01,97.71,0.5047,6514.04,-101.02,7.75,-108.76,-108.76,9771.06,9662.3
8,SOL/INR,1h,SHORT,2024-10-01 17:30:00+05:30,2024-10-01 19:30:00+05:30,156.56,13072.75,158.91,151.86,151.94,12686.9,TARGET_HIT,0.01,96.62,0.492745,6441.53,190.12,7.49,182.63,182.63,9662.3,9844.93
9,SOL/INR,1h,SHORT,2024-10-02 04:30:00+05:30,2024-10-02 07:30:00+05:30,144.02,12026.02,146.18,139.7,146.26,12212.52,STOP_LOSS,0.01,98.45,0.545757,6563.29,-101.78,7.8,-109.58,-109.58,9844.93,9735.35
10,SOL/INR,1h,SHORT,2024-10-02 10:30:00+05:30,2024-10-03 00:30:00+05:30,146.57,12238.71,148.77,142.17,142.25,11877.49,TARGET_HIT,0.01,97.35,0.530304,6490.23,191.56,7.55,184.01,184.01,9735.35,9919.36
11,SOL/INR,1h,SHORT,2024-10-03 11:30:00+05:30,2024-10-03 13:30:00+05:30,141.09,11780.61,143.2,136.85,136.92,11432.91,TARGET_HIT,0.01,99.19,0.561338,6612.91,195.18,7.69,187.49,187.49,9919.36,10106.85
12,SOL/INR,1h,SHORT,2024-10-03 17:30:00+05:30,2024-10-04 00:30:00+05:30,136.9,11431.03,138.95,132.79,136.36,11386.25,INTRADAY_SQUAREOFF,0.01,101.07,0.58944,6737.9,26.39,7.94,18.46,18.46,10106.85,10125.31
13,SOL/INR,1h,SHORT,2024-10-04 16:30:00+05:30,2024-10-04 18:30:00+05:30,139.35,11635.36,141.44,135.17,141.51,11815.79,STOP_LOSS,0.01,101.25,0.580146,6750.21,-104.68,8.03,-112.71,-112.71,10125.31,10012.61
14,SOL/INR,1h,LONG,2024-10-05 06:30:00+05:30,2024-10-05 09:30:00+05:30,143.98,12022.09,141.82,148.3,141.75,11835.84,STOP_LOSS,0.01,100.13,0.555234,6675.07,-103.41,7.82,-111.23,-111.23,10012.61,9901.38
15,SOL/INR,1h,LONG,2024-10-07 00:30:00+05:30,2024-10-07 07:30:00+05:30,146.0,12191.15,143.81,150.38,150.31,12550.6,TARGET_HIT,0.01,99.01,0.541452,6600.92,194.63,7.9,186.72,186.72,9901.38,10088.1
16,SOL/INR,1h,SHORT,2024-10-08 18:30:00+05:30,2024-10-09 00:30:00+05:30,143.54,11985.39,145.69,139.23,142.96,11936.8,INTRADAY_SQUAREOFF,0.01,100.88,0.561133,6725.4,27.26,7.92,19.34,19.34,10088.1,10107.45
17,SOL/INR,1h,SHORT,2024-10-09 04:30:00+05:30,2024-10-10 00:30:00+05:30,143.15,11953.17,145.3,138.86,140.5,11732.14,INTRADAY_SQUAREOFF,0.01,101.07,0.563725,6738.3,124.6,7.88,116.72,116.72,10107.45,10224.17
18,SOL/INR,1h,SHORT,2024-10-10 02:30:00+05:30,2024-10-11 00:30:00+05:30,138.76,11586.44,140.84,134.6,137.04,11443.13,INTRADAY_SQUAREOFF,0.01,102.24,0.588284,6816.11,84.31,7.99,76.32,76.32,10224.17,10300.49
19,SOL/INR,1h,LONG,2024-10-11 18:30:00+05:30,2024-10-12 00:30:00+05:30,143.0,11940.53,140.86,147.29,145.73,12168.76,INTRADAY_SQUAREOFF,0.01,103.0,0.5751,6866.99,131.25,8.18,123.07,123.07,10300.49,10423.56
20,SOL/INR,1h,LONG,2024-10-12 06:30:00+05:30,2024-10-13 00:30:00+05:30,146.49,12231.93,144.29,150.88,146.39,12223.55,INTRADAY_SQUAREOFF,0.01,104.24,0.568107,6949.04,-4.76,8.2,-12.96,-12.96,10423.56,10410.6
21,SOL/INR,1h,LONG,2024-10-13 04:30:00+05:30,2024-10-13 20:30:00+05:30,147.15,12287.23,144.95,151.57,144.87,12096.87,STOP_LOSS,0.01,104.11,0.564847,6940.4,-107.52,8.13,-115.65,-115.65,10410.6,10294.95
22,SOL/INR,1h,LONG,2024-10-14 13:30:00+05:30,2024-10-14 20:30:00+05:30,152.95,12771.37,150.66,157.54,157.46,13147.94,TARGET_HIT,0.01,102.95,0.537397,6863.3,202.36,8.22,194.15,194.15,10294.95,10489.1
23,SOL/INR,1h,LONG,2024-10-15 04:30:00+05:30,2024-10-15 09:30:00+05:30,157.62,13161.61,155.26,162.35,155.18,12957.71,STOP_LOSS,0.01,104.89,0.531297,6992.73,-108.33,8.19,-116.52,-116.52,10489.1,10372.57
24,SOL/INR,1h,SHORT,2024-10-17 17:30:00+05:30,2024-10-18 00:30:00+05:30,151.14,12620.12,153.41,146.6,148.61,12408.76,INTRADAY_SQUAREOFF,0.01,103.73,0.547939,6915.05,115.81,8.09,107.72,107.72,10372.57,10480.29
25,SOL/INR,1h,SHORT,2024-10-18 06:30:00+05:30,2024-10-18 08:30:00+05:30,149.63,12494.25,151.88,145.14,151.95,12688.01,STOP_LOSS,0.01,104.8,0.559206,6986.86,-108.35,8.31,-116.66,-116.66,10480.29,10363.64
26,SOL/INR,1h,LONG,2024-10-19 05:30:00+05:30,2024-10-20 00:30:00+05:30,155.13,12953.49,152.8,159.79,155.85,13013.72,INTRADAY_SQUAREOFF,0.01,103.64,0.533377,6909.09,32.13,8.17,23.95,23.95,10363.64,10387.59
27,SOL/INR,1h,LONG,2024-10-20 15:30:00+05:30,2024-10-21 00:30:00+05:30,159.42,13311.36,157.03,164.2,160.34,13388.54,INTRADAY_SQUAREOFF,0.01,103.88,0.520237,6925.06,40.15,8.2,31.96,31.96,10387.59,10419.55
28,SOL/INR,1h,LONG,2024-10-21 02:30:00+05:30,2024-10-21 05:30:00+05:30,162.91,13603.18,160.47,167.8,167.72,14004.27,TARGET_HIT,0.01,104.2,0.510643,6946.36,204.81,8.32,196.5,196.5,10419.55,10616.04
29,SOL/INR,1h,LONG,2024-10-21 10:30:00+05:30,2024-10-21 13:30:00+05:30,170.42,14229.69,167.86,175.53,167.78,14009.24,STOP_LOSS,0.01,106.16,0.497366,7077.36,-109.65,8.29,-117.93,-117.93,10616.04,10498.11
30,SOL/INR,1h,SHORT,2024-10-22 05:30:00+05:30,2024-10-22 11:30:00+05:30,166.13,13871.8,168.62,161.15,168.71,14086.91,STOP_LOSS,0.01,104.98,0.50453,6998.74,-108.53,8.32,-116.86,-116.86,10498.11,10381.26
31,SOL/INR,1h,SHORT,2024-10-22 13:30:00+05:30,2024-10-22 19:30:00+05:30,166.91,13936.74,169.41,161.9,169.5,14152.87,STOP_LOSS,0.01,103.81,0.496589,6920.84,-107.32,8.23,-115.55,-115.55,10381.26,10265.7
32,SOL/INR,1h,LONG,2024-10-24 06:30:00+05:30,2024-10-25 00:30:00+05:30,172.62,14414.06,170.03,177.8,175.89,14687.0,INTRADAY_SQUAREOFF,0.01,102.66,0.4748,6843.8,129.59,8.15,121.44,121.44,10265.7,10387.14
33,SOL/INR,1h,LONG,2024-10-25 04:30:00+05:30,2024-10-25 06:30:00+05:30,179.08,14952.79,176.39,184.45,176.3,14721.13,STOP_LOSS,0.01,103.87,0.463108,6924.76,-107.28,8.11,-115.39,-115.39,10387.14,10271.75
34,SOL/INR,1h,SHORT,2024-10-25 21:30:00+05:30,2024-10-25 23:30:00+05:30,171.52,14321.77,174.09,166.37,166.46,13899.07,TARGET_HIT,0.01,102.72,0.478142,6847.83,202.11,7.96,194.15,194.15,10271.75,10465.9
35,SOL/INR,1h,SHORT,2024-10-26 04:30:00+05:30,2024-10-26 10:30:00+05:30,163.91,13686.76,166.37,159.0,166.46,13899.01,STOP_LOSS,0.01,104.66,0.509782,6977.27,-108.2,8.3,-116.5,-116.5,10465.9,10349.41
36,SOL/INR,1h,SHORT,2024-10-26 17:30:00+05:30,2024-10-27 00:30:00+05:30,168.26,14049.85,170.79,163.21,170.87,14267.73,STOP_LOSS,0.01,103.49,0.49108,6899.6,-107.0,8.2,-115.2,-115.2,10349.41,10234.21
37,SOL/INR,1h,LONG,2024-10-27 07:30:00+05:30,2024-10-28 00:30:00+05:30,172.24,14382.36,169.66,177.41,175.6,14663.01,INTRADAY_SQUAREOFF,0.01,102.34,0.474387,6822.8,133.14,8.13,125.01,125.01,10234.21,10359.21
38,SOL/INR,1h,LONG,2024-10-28 04:30:00+05:30,2024-10-28 07:30:00+05:30,177.96,14859.98,175.29,183.3,175.21,14629.76,STOP_LOSS,0.01,103.59,0.464748,6906.14,-106.99,8.09,-115.08,-115.08,10359.21,10244.13
39,SOL/INR,1h,LONG,2024-10-28 18:30:00+05:30,2024-10-28 20:30:00+05:30,177.7,14837.75,175.03,183.03,174.94,14607.87,STOP_LOSS,0.01,102.44,0.460274,6829.42,-105.8,8.0,-113.8,-113.8,10244.13,10130.33
40,SOL/INR,1h,LONG,2024-10-29 09:30:00+05:30,2024-10-29 18:30:00+05:30,181.63,15166.17,178.91,187.08,178.82,14931.21,STOP_LOSS,0.01,101.3,0.445304,6753.56,-104.63,7.91,-112.54,-112.54,10130.33,10017.8
41,SOL/INR,1h,LONG,2024-10-29 21:30:00+05:30,2024-10-30 00:30:00+05:30,180.69,15087.38,177.98,186.11,181.44,15150.45,INTRADAY_SQUAREOFF,0.01,100.18,0.442657,6678.53,27.92,7.9,20.02,20.02,10017.8,10037.82
42,SOL/INR,1h,SHORT,2024-10-31 00:30:00+05:30,2024-10-31 02:30:00+05:30,174.01,14530.19,176.62,168.79,176.71,14755.52,STOP_LOSS,0.01,100.38,0.46055,6691.88,-103.77,7.96,-111.73,-111.73,10037.82,9926.09
43,SOL/INR,1h,SHORT,2024-10-31 09:30:00+05:30,2024-10-31 23:30:00+05:30,174.16,14542.54,176.77,168.94,169.02,14113.32,TARGET_HIT,0.01,99.26,0.455037,6617.39,195.31,7.69,187.62,187.62,9926.09,10113.7
44,SOL/INR,1h,SHORT,2024-11-01 05:30:00+05:30,2024-11-01 18:30:00+05:30,168.3,14052.84,170.82,163.25,170.91,14270.77,STOP_LOSS,0.01,101.14,0.479794,6742.47,-104.56,8.02,-112.58,-112.58,10113.7,10001.13
45,SOL/INR,1h,SHORT,2024-11-02 00:30:00+05:30,2024-11-02 07:30:00+05:30,165.95,13857.23,168.44,160.98,168.53,14072.12,STOP_LOSS,0.01,100.01,0.481151,6667.42,-103.39,7.93,-111.32,-111.32,10001.13,9889.8
46,SOL/INR,1h,SHORT,2024-11-02 09:30:00+05:30,2024-11-03 00:30:00+05:30,166.79,13927.38,169.3,161.79,164.15,13706.44,INTRADAY_SQUAREOFF,0.01,98.9,0.473399,6593.2,104.59,7.72,96.87,96.87,9889.8,9986.67
47,SOL/INR,1h,SHORT,2024-11-03 15:30:00+05:30,2024-11-04 00:30:00+05:30,162.66,13582.46,165.1,157.78,158.96,13272.79,INTRADAY_SQUAREOFF,0.01,99.87,0.490175,6657.78,151.79,7.77,144.03,144.03,9986.67,10130.7
48,SOL/INR,1h,SHORT,2024-11-05 00:30:00+05:30,2024-11-05 12:30:00+05:30,159.05,13281.06,161.44,154.28,161.52,13487.02,STOP_LOSS,0.01,101.31,0.508529,6753.8,-104.73,8.03,-112.77,-112.77,10130.7,10017.93
49,SOL/INR,1h,LONG,2024-11-05 22:30:00+05:30,2024-11-06 00:30:00+05:30,168.45,14065.62,165.92,173.5,165.84,13847.71,STOP_LOSS,0.01,100.18,0.474819,6678.62,-103.47,7.82,-111.29,-111.29,10017.93,9906.65
50,SOL/INR,1h,LONG,2024-11-06 04:30:00+05:30,2024-11-06 06:30:00+05:30,167.29,13968.39,164.78,172.3,172.22,14380.25,TARGET_HIT,0.01,99.07,0.472812,6604.43,194.73,7.91,186.82,186.82,9906.65,10093.47
51,SOL/INR,1h,LONG,2024-11-06 16:30:00+05:30,2024-11-07 00:30:00+05:30,185.43,15483.25,182.65,190.99,187.45,15652.31,INTRADAY_SQUAREOFF,0.01,100.93,0.434597,6728.98,73.47,7.98,65.49,65.49,10093.47,10158.96
52,SOL/INR,1h,LONG,2024-11-07 03:30:00+05:30,2024-11-07 05:30:00+05:30,189.96,15861.48,187.11,195.66,187.01,15615.75,STOP_LOSS,0.01,101.59,0.426986,6772.64,-104.93,7.93,-112.85,-112.85,10158.96,10046.1
53,SOL/INR,1h,LONG,2024-11-07 14:30:00+05:30,2024-11-07 16:30:00+05:30,189.24,15801.57,186.4,194.92,186.31,15556.77,STOP_LOSS,0.01,100.46,0.423844,6697.4,-103.76,7.84,-111.6,-111.6,10046.1,9934.5
54,SOL/INR,1h,LONG,2024-11-07 20:30:00+05:30,2024-11-07 22:30:00+05:30,188.21,15715.35,185.38,193.85,193.76,16178.72,TARGET_HIT,0.01,99.34,0.421435,6623.0,195.28,7.93,187.35,187.35,9934.5,10121.85
55,SOL/INR,1h,LONG,2024-11-08 02:30:00+05:30,2024-11-08 04:30:00+05:30,197.69,16507.41,194.73,203.62,194.63,16251.67,STOP_LOSS,0.01,101.22,0.40878,6747.9,-104.54,7.9,-112.44,-112.44,10121.85,10009.41
56,SOL/INR,1h,LONG,2024-11-08 13:30:00+05:30,2024-11-08 21:30:00+05:30,200.77,16764.34,197.76,206.79,197.66,16504.61,STOP_LOSS,0.01,100.09,0.398044,6672.94,-103.38,7.81,-111.19,-111.19,10009.41,9898.21
57,SOL/INR,1h,LONG,2024-11-10 10:30:00+05:30,2024-11-10 20:30:00+05:30,205.01,17118.13,201.93,211.16,211.05,17622.86,TARGET_HIT,0.01,98.98,0.385487,6598.81,194.57,7.9,186.66,186.66,9898.21,10084.88
58,SOL/INR,1h,LONG,2024-11-10 23:30:00+05:30,2024-11-11 01:30:00+05:30,215.16,17965.47,211.93,221.61,211.82,17687.14,STOP_LOSS,0.01,100.85,0.374232,6723.25,-104.16,7.87,-112.03,-112.03,10084.88,9972.84
59,SOL/INR,1h,LONG,2024-11-12 05:30:00+05:30,2024-11-12 07:30:00+05:30,223.33,18648.17,219.98,230.03,219.87,18359.27,STOP_LOSS,0.01,99.73,0.356526,6648.56,-103.0,7.78,-110.79,-110.79,9972.84,9862.06
60,SOL/INR,1h,LONG,2024-11-12 09:30:00+05:30,2024-11-12 14:30:00+05:30,220.72,18430.2,217.41,227.34,217.3,18144.67,STOP_LOSS,0.01,98.62,0.356735,6574.71,-101.86,7.7,-109.56,-109.56,9862.06,9752.5
61,SOL/INR,1h,SHORT,2024-11-13 05:30:00+05:30,2024-11-13 07:30:00+05:30,212.09,17709.22,215.27,205.72,205.83,17186.54,TARGET_HIT,0.01,97.53,0.367135,6501.67,191.9,7.56,184.34,184.34,9752.5,9936.84
62,SOL/INR,1h,SHORT,2024-11-13 12:30:00+05:30,2024-11-13 14:30:00+05:30,202.1,16875.15,205.13,196.03,205.23,17136.84,STOP_LOSS,0.01,99.37,0.392563,6624.56,-102.73,7.88,-110.61,-110.61,9936.84,9826.23
63,SOL/INR,1h,LONG,2024-11-14 00:30:00+05:30,2024-11-14 02:30:00+05:30,219.83,18355.4,216.53,226.42,216.42,18071.03,STOP_LOSS,0.01,98.26,0.356888,6550.82,-101.49,7.67,-109.16,-109.16,9826.23,9717.07
64,SOL/INR,1h,LONG,2024-11-14 04:30:00+05:30,2024-11-14 14:30:00+05:30,214.2,17885.56,210.99,220.62,220.51,18412.92,TARGET_HIT,0.01,97.17,0.362194,6478.05,191.01,7.76,183.25,183.25,9717.07,9900.32
65,SOL/INR,1h,SHORT,2024-11-15 20:30:00+05:30,2024-11-16 00:30:00+05:30,210.6,17584.79,213.76,204.28,210.79,17600.64,INTRADAY_SQUAREOFF,0.01,99.0,0.375337,6600.21,-5.95,7.79,-13.74,-13.74,9900.32,9886.58
66,SOL/INR,1h,LONG,2024-11-16 07:30:00+05:30,2024-11-16 20:30:00+05:30,218.99,18286.07,215.71,225.56,215.6,18002.77,STOP_LOSS,0.01,98.87,0.360441,6591.05,-102.11,7.72,-109.83,-109.83,9886.58,9776.75
67,SOL/INR,1h,LONG,2024-11-16 23:30:00+05:30,2024-11-17 01:30:00+05:30,216.13,18047.03,212.89,222.62,216.24,18055.8,INTRADAY_SQUAREOFF,0.01,97.77,0.361158,6517.83,3.17,7.69,-4.53,-4.53,9776.75,9772.22
68,SOL/INR,1h,LONG,2024-11-17 03:30:00+05:30,2024-11-17 07:30:00+05:30,217.19,18135.6,213.93,223.71,213.83,17854.63,STOP_LOSS,0.01,97.72,0.359228,6514.81,-100.93,7.63,-108.56,-108.56,9772.22,9663.66
69,SOL/INR,1h,LONG,2024-11-17 16:30:00+05:30,2024-11-17 18:30:00+05:30,240.85,20111.18,237.24,248.08,237.12,19799.61,STOP_LOSS,0.01,96.64,0.320341,6442.44,-99.81,7.54,-107.35,-107.35,9663.66,9556.31
70,SOL/INR,1h,LONG,2024-11-18 01:30:00+05:30,2024-11-18 08:30:00+05:30,235.55,19668.81,232.02,242.62,242.5,20248.75,TARGET_HIT,0.01,95.56,0.323907,6370.87,187.85,7.63,180.22,180.22,9556.31,9736.53
71,SOL/INR,1h,LONG,2024-11-18 15:30:00+05:30,2024-11-18 18:30:00+05:30,245.09,20465.24,241.42,252.45,241.3,20148.18,STOP_LOSS,0.01,97.37,0.317173,6491.02,-100.56,7.6,-108.16,-108.16,9736.53,9628.37
72,SOL/INR,1h,LONG,2024-11-19 08:30:00+05:30,2024-11-20 00:30:00+05:30,241.29,20147.49,237.67,248.53,243.99,20372.92,INTRADAY_SQUAREOFF,0.01,96.28,0.318596,6418.91,71.82,7.62,64.2,64.2,9628.37,9692.57
73,SOL/INR,1h,SHORT,2024-11-20 07:30:00+05:30,2024-11-20 13:30:00+05:30,234.82,19607.64,238.34,227.78,238.46,19911.71,STOP_LOSS,0.01,96.93,0.329551,6461.71,-100.21,7.68,-107.89,-107.89,9692.57,9584.68
74,SOL/INR,1h,SHORT,2024-11-20 23:30:00+05:30,2024-11-21 01:30:00+05:30,232.26,19393.84,235.75,225.29,233.24,19475.74,INTRADAY_SQUAREOFF,0.01,95.85,0.329475,6389.79,-26.98,7.56,-34.54,-34.54,9584.68,9550.14
75,SOL/INR,1h,SHORT,2024-11-21 08:30:00+05:30,2024-11-21 10:30:00+05:30,230.23,19224.26,233.68,223.32,233.8,19522.38,STOP_LOSS,0.01,95.5,0.331184,6366.76,-98.73,7.57,-106.3,-106.3,9550.14,9443.84
76,SOL/INR,1h,LONG,2024-11-21 22:30:00+05:30,2024-11-22 00:30:00+05:30,254.86,21280.8,251.04,262.51,258.48,21582.99,INTRADAY_SQUAREOFF,0.01,94.44,0.295848,6295.89,89.4,7.48,81.92,81.92,9443.84,9525.76
77,SOL/INR,1h,LONG,2024-11-22 04:30:00+05:30,2024-11-22 08:30:00+05:30,255.43,21328.16,251.6,263.09,262.96,21957.02,TARGET_HIT,0.01,95.26,0.297752,6350.51,187.24,7.6,179.64,179.64,9525.76,9705.4
78,SOL/INR,1h,LONG,2024-11-22 18:30:00+05:30,2024-11-22 20:30:00+05:30,260.39,21742.84,256.49,268.21,256.36,21405.99,STOP_LOSS,0.01,97.05,0.297581,6470.27,-100.24,7.58,-107.82,-107.82,9705.4,9597.58
79,SOL/INR,1h,LONG,2024-11-23 02:30:00+05:30,2024-11-23 09:30:00+05:30,255.53,21336.71,251.7,263.2,263.06,21965.82,TARGET_HIT,0.01,95.98,0.299877,6398.39,188.66,7.66,181.0,181.0,9597.58,9778.58
80,SOL/INR,1h,LONG,2024-11-23 19:30:00+05:30,2024-11-23 21:30:00+05:30,260.28,21733.71,256.38,268.09,256.25,21397.0,STOP_LOSS,0.01,97.79,0.299951,6519.05,-101.0,7.63,-108.63,-108.63,9778.58,9669.95
81,SOL/INR,1h,SHORT,2024-11-25 12:30:00+05:30,2024-11-25 14:30:00+05:30,251.98,21040.39,255.76,244.42,255.89,21366.67,STOP_LOSS,0.01,96.7,0.306393,6446.63,-99.97,7.67,-107.64,-107.64,9669.95,9562.31
82,SOL/INR,1h,SHORT,2024-11-26 13:30:00+05:30,2024-11-26 15:30:00+05:30,235.29,19646.82,238.82,228.23,228.35,19066.94,TARGET_HIT,0.01,95.62,0.324474,6374.87,188.15,7.41,180.74,180.74,9562.31,9743.05
83,SOL/INR,1h,SHORT,2024-11-27 06:30:00+05:30,2024-11-27 08:30:00+05:30,229.51,19164.39,232.96,222.63,233.07,19461.58,STOP_LOSS,0.01,97.43,0.338929,6495.37,-100.73,7.72,-108.45,-108.45,9743.05,9634.6
84,SOL/INR,1h,LONG,2024-11-28 02:30:00+05:30,2024-11-28 08:30:00+05:30,242.94,20285.3,239.29,250.23,239.17,19971.03,STOP_LOSS,0.01,96.35,0.316637,6423.07,-99.51,7.52,-107.03,-107.03,9634.6,9527.57
85,SOL/INR,1h,LONG,2024-11-30 02:30:00+05:30,2024-11-30 20:30:00+05:30,243.08,20297.28,239.43,250.37,239.32,19982.82,STOP_LOSS,0.01,95.28,0.312934,6351.72,-98.4,7.44,-105.84,-105.84,9527.57,9421.73
86,SOL/INR,1h,LONG,2024-12-01 02:30:00+05:30,2024-12-01 06:30:00+05:30,240.97,20120.66,237.35,248.19,237.23,19808.94,STOP_LOSS,0.01,94.22,0.312174,6281.15,-97.31,7.35,-104.67,-104.67,9421.73,9317.07
87,SOL/INR,1h,SHORT,2024-12-02 00:30:00+05:30,2024-12-02 08:30:00+05:30,236.17,19720.57,239.72,229.09,229.2,19138.51,TARGET_HIT,0.01,93.17,0.31497,6211.38,183.33,7.22,176.11,176.11,9317.07,9493.17
88,SOL/INR,1h,SHORT,2024-12-02 16:30:00+05:30,2024-12-02 19:30:00+05:30,223.16,18633.44,226.5,216.46,226.62,18922.4,STOP_LOSS,0.01,94.93,0.339646,6328.78,-98.14,7.53,-105.67,-105.67,9493.17,9387.5
89,SOL/INR,1h,SHORT,2024-12-02 23:30:00+05:30,2024-12-03 01:30:00+05:30,220.55,18415.7,223.86,213.93,223.97,18701.28,STOP_LOSS,0.01,93.88,0.339837,6258.34,-97.05,7.44,-104.49,-104.49,9387.5,9283.01
90,SOL/INR,1h,SHORT,2024-12-03 07:30:00+05:30,2024-12-03 09:30:00+05:30,224.14,18715.32,227.5,217.41,227.61,19005.54,STOP_LOSS,0.01,92.83,0.330674,6188.67,-95.97,7.36,-103.33,-103.33,9283.01,9179.68
91,SOL/INR,1h,SHORT,2024-12-03 12:30:00+05:30,2024-12-03 18:30:00+05:30,227.44,18991.17,230.85,220.62,220.73,18430.65,TARGET_HIT,0.01,91.8,0.322244,6119.79,180.63,7.11,173.51,173.51,9179.68,9353.19
92,SOL/INR,1h,LONG,2024-12-04 07:30:00+05:30,2024-12-04 13:30:00+05:30,239.54,20002.0,235.95,246.73,235.83,19692.12,STOP_LOSS,0.01,93.53,0.311742,6235.46,-96.6,7.3,-103.9,-103.9,9353.19,9249.29
93,SOL/INR,1h,SHORT,2024-12-05 04:30:00+05:30,2024-12-05 07:30:00+05:30,229.32,19148.29,232.76,222.44,232.88,19445.23,STOP_LOSS,0.01,92.49,0.322023,6166.19,-95.62,7.33,-102.95,-102.95,9249.29,9146.33
94,SOL/INR,1h,LONG,2024-12-06 20:30:00+05:30,2024-12-07 00:30:00+05:30,237.95,19868.55,234.38,245.09,239.41,19990.81,INTRADAY_SQUAREOFF,0.01,91.46,0.306895,6097.56,37.52,7.22,30.3,30.3,9146.33,9176.64
95,SOL/INR,1h,LONG,2024-12-07 12:30:00+05:30,2024-12-08 00:30:00+05:30,236.37,19737.05,232.83,243.46,241.92,20200.17,INTRADAY_SQUAREOFF,0.01,91.77,0.309963,6117.76,143.55,7.3,136.25,136.25,9176.64,9312.89
96,SOL/INR,1h,LONG,2024-12-08 08:30:00+05:30,2024-12-08 10:30:00+05:30,241.54,20168.46,237.92,248.78,237.8,19856.0,STOP_LOSS,0.01,93.13,0.307837,6208.59,-96.19,7.27,-103.46,-103.46,9312.89,9209.43
97,SOL/INR,1h,SHORT,2024-12-09 06:30:00+05:30,2024-12-09 14:30:00+05:30,233.35,19484.8,236.85,226.35,226.46,18909.71,TARGET_HIT,0.01,92.09,0.315098,6139.62,181.21,7.14,174.07,174.07,9209.43,9383.5
98,SOL/INR,1h,SHORT,2024-12-09 21:30:00+05:30,2024-12-10 00:30:00+05:30,223.22,18639.19,226.57,216.53,224.91,18779.6,INTRADAY_SQUAREOFF,0.01,93.84,0.335619,6255.67,-47.13,7.41,-54.53,-54.53,9383.5,9328.97
99,SOL/INR,1h,SHORT,2024-12-10 08:30:00+05:30,2024-12-10 10:30:00+05:30,213.35,17814.97,216.55,206.95,216.66,18091.23,STOP_LOSS,0.01,93.29,0.349106,6219.31,-96.45,7.4,-103.84,-103.84,9328.97,9225.13
100,SOL/INR,1h,SHORT,2024-12-10 18:30:00+05:30,2024-12-10 20:30:00+05:30,210.92,17611.72,214.08,204.59,214.19,17884.83,STOP_LOSS,0.01,92.25,0.349204,6150.08,-95.37,7.31,-102.69,-102.69,9225.13,9122.44
101,SOL/INR,1h,SHORT,2024-12-10 23:30:00+05:30,2024-12-11 01:30:00+05:30,204.69,17091.56,207.76,198.55,207.86,17356.6,STOP_LOSS,0.01,91.22,0.355826,6081.63,-94.31,7.23,-101.54,-101.54,9122.44,9020.9
102,SOL/INR,1h,SHORT,2024-12-11 07:30:00+05:30,2024-12-11 09:30:00+05:30,212.34,17730.37,215.52,205.97,215.63,18005.33,STOP_LOSS,0.01,90.21,0.339188,6013.93,-93.26,7.15,-100.41,-100.41,9020.9,8920.48
103,SOL/INR,1h,LONG,2024-12-12 08:30:00+05:30,2024-12-13 00:30:00+05:30,229.19,19137.44,225.75,236.07,231.55,19334.21,INTRADAY_SQUAREOFF,0.01,89.2,0.310752,5946.99,61.15,7.05,54.09,54.09,8920.48,8974.58
104,SOL/INR,1h,SHORT,2024-12-14 16:30:00+05:30,2024-12-14 23:30:00+05:30,224.82,18772.48,228.19,218.08,218.18,18218.41,TARGET_HIT,0.01,89.75,0.318714,5983.05,176.59,6.96,169.63,169.63,8974.58,9144.21
105,SOL/INR,1h,SHORT,2024-12-15 02:30:00+05:30,2024-12-15 04:30:00+05:30,215.24,17972.42,218.47,208.78,218.58,18251.12,STOP_LOSS,0.01,91.44,0.339194,6096.14,-94.54,7.25,-101.79,-101.79,9144.21,9042.43
106,SOL/INR,1h,SHORT,2024-12-15 12:30:00+05:30,2024-12-15 21:30:00+05:30,218.23,18221.87,221.5,211.68,221.61,18504.45,STOP_LOSS,0.01,90.42,0.330827,6028.28,-93.48,7.17,-100.65,-100.65,9042.43,8941.77
107,SOL/INR,1h,SHORT,2024-12-16 02:30:00+05:30,2024-12-16 04:30:00+05:30,220.33,18397.8,223.64,213.72,223.75,18683.11,STOP_LOSS,0.01,89.42,0.324016,5961.18,-92.44,7.09,-99.53,-99.53,8941.77,8842.24
108,SOL/INR,1h,LONG,2024-12-17 18:30:00+05:30,2024-12-17 20:30:00+05:30,227.37,18985.7,223.96,234.19,223.85,18691.56,STOP_LOSS,0.01,88.42,0.310488,5894.83,-91.33,6.9,-98.23,-98.23,8842.24,8744.01
109,SOL/INR,1h,LONG,2024-12-17 22:30:00+05:30,2024-12-18 00:30:00+05:30,226.85,18942.27,223.45,233.66,227.52,18997.66,INTRADAY_SQUAREOFF,0.01,87.44,0.307742,5829.34,17.04,6.89,10.16,10.16,8744.01,8754.17
110,SOL/INR,1h,SHORT,2024-12-19 07:30:00+05:30,2024-12-19 09:30:00+05:30,203.82,17019.26,206.88,197.71,206.98,17283.19,STOP_LOSS,0.01,87.54,0.342912,5836.11,-90.5,6.94,-97.44,-97.44,8754.17,8656.73
111,SOL/INR,1h,SHORT,2024-12-19 14:30:00+05:30,2024-12-19 22:30:00+05:30,208.28,17391.1,211.4,202.03,202.13,16877.8,TARGET_HIT,0.01,86.57,0.331845,5771.15,170.34,6.71,163.63,163.63,8656.73,8820.35
112,SOL/INR,1h,SHORT,2024-12-20 05:30:00+05:30,2024-12-20 07:30:00+05:30,193.73,16176.48,196.64,187.92,196.73,16427.34,STOP_LOSS,0.01,88.2,0.363505,5880.23,-91.19,6.99,-98.18,-98.18,8820.35,8722.17
113,SOL/INR,1h,SHORT,2024-12-20 11:30:00+05:30,2024-12-20 13:30:00+05:30,192.71,16090.87,195.6,186.92,187.02,15615.95,TARGET_HIT,0.01,87.22,0.361371,5814.78,171.62,6.76,164.86,164.86,8722.17,8887.04
114,SOL/INR,1h,SHORT,2024-12-20 17:30:00+05:30,2024-12-20 19:30:00+05:30,176.42,14730.84,179.06,171.12,179.15,14959.28,STOP_LOSS,0.01,88.87,0.402196,5924.69,-91.88,7.05,-98.92,-98.92,8887.04,8788.11
115,SOL/INR,1h,SHORT,2024-12-21 22:30:00+05:30,2024-12-22 00:30:00+05:30,184.01,15365.06,186.77,178.49,182.0,15196.87,INTRADAY_SQUAREOFF,0.01,87.88,0.381303,5858.74,64.13,6.88,57.26,57.26,8788.11,8845.37
116,SOL/INR,1h,SHORT,2024-12-22 10:30:00+05:30,2024-12-22 12:30:00+05:30,180.18,15044.92,182.88,174.77,182.97,15278.23,STOP_LOSS,0.01,88.45,0.391954,5896.91,-91.45,7.01,-98.46,-98.46,8845.37,8746.91
117,SOL/INR,1h,SHORT,2024-12-23 01:30:00+05:30,2024-12-23 04:30:00+05:30,178.09,14870.4,180.76,172.75,180.85,15101.0,STOP_LOSS,0.01,87.47,0.39214,5831.27,-90.43,6.93,-97.36,-97.36,8746.91,8649.55
118,SOL/INR,1h,LONG,2024-12-24 09:30:00+05:30,2024-12-24 20:30:00+05:30,189.72,15841.48,186.87,195.41,195.31,16308.56,TARGET_HIT,0.01,86.5,0.364004,5766.36,170.02,6.9,163.12,163.12,8649.55,8812.66
119,SOL/INR,1h,LONG,2024-12-25 03:30:00+05:30,2024-12-26 00:30:00+05:30,196.75,16428.76,193.8,202.65,197.91,16525.55,INTRADAY_SQUAREOFF,0.01,88.13,0.357611,5875.11,34.62,6.95,27.66,27.66,8812.66,8840.33
120,SOL/INR,1h,SHORT,2024-12-26 18:30:00+05:30,2024-12-27 00:30:00+05:30,188.69,15755.53,191.52,183.03,189.22,15799.69,INTRADAY_SQUAREOFF,0.01,88.4,0.374062,5893.55,-16.52,6.96,-23.48,-23.48,8840.33,8816.84
121,SOL/INR,1h,SHORT,2024-12-27 13:30:00+05:30,2024-12-27 15:30:00+05:30,186.33,15558.86,189.13,180.74,189.22,15800.14,STOP_LOSS,0.01,88.17,0.377784,5877.89,-91.15,6.99,-98.14,-98.14,8816.84,8718.7
122,SOL/INR,1h,SHORT,2024-12-28 02:30:00+05:30,2024-12-28 18:30:00+05:30,185.14,15459.01,187.91,179.58,188.01,15698.74,STOP_LOSS,0.01,87.19,0.375992,5812.47,-90.14,6.91,-97.05,-97.05,8718.7,8621.65
123,SOL/INR,1h,LONG,2024-12-29 04:30:00+05:30,2024-12-29 06:30:00+05:30,195.47,16321.38,192.53,201.33,192.44,16068.52,STOP_LOSS,0.01,86.22,0.352162,5747.77,-89.05,6.73,-95.78,-95.78,8621.65,8525.88
124,SOL/INR,1h,LONG,2024-12-29 09:30:00+05:30,2024-12-30 00:30:00+05:30,194.54,16244.46,191.63,200.38,192.66,16087.29,INTRADAY_SQUAREOFF,0.01,85.26,0.349899,5683.92,-55.0,6.67,-61.67,-61.67,8525.88,8464.21
125,SOL/INR,1h,SHORT,2024-12-30 09:30:00+05:30,2024-12-30 17:30:00+05:30,190.7,15923.6,193.56,184.98,193.66,16170.53,STOP_LOSS,0.01,84.64,0.354367,5642.8,-87.51,6.71,-94.22,-94.22,8464.21,8369.99
126,SOL/INR,1h,LONG,2024-12-31 13:30:00+05:30,2024-12-31 18:30:00+05:30,189.9,15856.86,187.05,195.6,195.5,16324.4,TARGET_HIT,0.01,83.7,0.351898,5579.99,164.53,6.68,157.84,157.84,8369.99,8527.83
127,SOL/INR,1h,SHORT,2025-01-01 09:30:00+05:30,2025-01-02 00:30:00+05:30,189.77,15845.92,192.62,184.08,192.71,16091.65,STOP_LOSS,0.01,85.28,0.358781,5685.22,-88.16,6.76,-94.92,-94.92,8527.83,8432.91
128,SOL/INR,1h,LONG,2025-01-02 06:30:00+05:30,2025-01-02 09:30:00+05:30,196.57,16413.19,193.62,202.46,202.36,16897.14,TARGET_HIT,0.01,84.33,0.342526,5621.94,165.76,6.73,159.03,159.03,8432.91,8591.94
129,SOL/INR,1h,LONG,2025-01-02 17:30:00+05:30,2025-01-02 22:30:00+05:30,208.67,17424.08,205.54,214.93,205.44,17154.14,STOP_LOSS,0.01,85.92,0.328738,5727.96,-88.74,6.71,-95.45,-95.45,8591.94,8496.49
130,SOL/INR,1h,LONG,2025-01-03 05:30:00+05:30,2025-01-03 16:30:00+05:30,208.22,17386.17,205.09,214.46,214.36,17898.8,TARGET_HIT,0.01,84.96,0.325795,5664.33,167.01,6.78,160.23,160.23,8496.49,8656.72
131,SOL/INR,1h,LONG,2025-01-03 20:30:00+05:30,2025-01-04 00:30:00+05:30,218.11,18212.27,214.84,224.65,217.81,18187.11,INTRADAY_SQUAREOFF,0.01,86.57,0.316882,5771.15,-7.97,6.81,-14.78,-14.78,8656.72,8641.95
132,SOL/INR,1h,LONG,2025-01-04 05:30:00+05:30,2025-01-04 15:30:00+05:30,217.87,18192.18,214.6,224.41,214.5,17910.34,STOP_LOSS,0.01,86.42,0.316691,5761.3,-89.26,6.75,-96.0,-96.0,8641.95,8545.94
133,SOL/INR,1h,LONG,2025-01-04 17:30:00+05:30,2025-01-05 00:30:00+05:30,216.56,18083.08,213.32,223.06,215.39,17985.4,INTRADAY_SQUAREOFF,0.01,85.46,0.315062,5697.3,-30.77,6.7,-37.48,-37.48,8545.94,8508.46
134,SOL/INR,1h,LONG,2025-01-05 04:30:00+05:30,2025-01-05 14:30:00+05:30,217.14,18131.28,213.88,223.66,213.78,17850.38,STOP_LOSS,0.01,85.08,0.312847,5672.31,-87.88,6.64,-94.52,-94.52,8508.46,8413.95
135,SOL/INR,1h,SHORT,2025-01-05 19:30:00+05:30,2025-01-06 00:30:00+05:30,212.46,17740.74,215.65,206.09,212.5,17744.14,INTRADAY_SQUAREOFF,0.01,84.14,0.316182,5609.3,-1.07,6.62,-7.69,-7.69,8413.95,8406.25
136,SOL/INR,1h,SHORT,2025-01-06 06:30:00+05:30,2025-01-06 08:30:00+05:30,212.12,17712.27,215.3,205.76,215.41,17986.94,STOP_LOSS,0.01,84.06,0.3164,5604.17,-86.91,6.66,-93.57,-93.57,8406.25,8312.68
137,SOL/INR,1h,LONG,2025-01-07 14:30:00+05:30,2025-01-07 16:30:00+05:30,216.8,18102.73,213.55,223.3,213.44,17822.28,STOP_LOSS,0.01,83.13,0.30613,5541.79,-85.86,6.49,-92.34,-92.34,8312.68,8220.34
138,SOL/INR,1h,SHORT,2025-01-07 20:30:00+05:30,2025-01-07 23:30:00+05:30,211.82,17686.6,214.99,205.46,205.56,17164.58,TARGET_HIT,0.01,82.2,0.309852,5480.22,161.75,6.37,155.38,155.38,8220.34,8375.71
139,SOL/INR,1h,SHORT,2025-01-08 08:30:00+05:30,2025-01-08 11:30:00+05:30,200.48,16740.15,203.49,194.47,194.56,16246.07,TARGET_HIT,0.01,83.76,0.333558,5583.81,164.81,6.49,158.31,158.31,8375.71,8534.03
140,SOL/INR,1h,SHORT,2025-01-08 18:30:00+05:30,2025-01-08 20:30:00+05:30,195.06,16287.32,197.98,189.21,198.08,16539.89,STOP_LOSS,0.01,85.34,0.349312,5689.35,-88.23,6.77,-94.99,-94.99,8534.03,8439.04
141,SOL/INR,1h,SHORT,2025-01-09 09:30:00+05:30,2025-01-09 18:30:00+05:30,194.22,16217.77,197.14,188.4,188.49,15739.1,TARGET_HIT,0.01,84.39,0.346905,5626.02,166.05,6.54,159.51,159.51,8439.04,8598.55
142,SOL/INR,1h,SHORT,2025-01-09 23:30:00+05:30,2025-01-10 01:30:00+05:30,186.43,15567.09,189.23,180.84,186.49,15572.08,INTRADAY_SQUAREOFF,0.01,85.99,0.368236,5732.36,-1.84,6.77,-8.6,-8.6,8598.55,8589.94
143,SOL/INR,1h,SHORT,2025-01-10 19:30:00+05:30,2025-01-10 22:30:00+05:30,185.76,15510.57,188.54,180.18,188.64,15751.1,STOP_LOSS,0.01,85.9,0.369208,5726.63,-88.81,6.81,-95.62,-95.62,8589.94,8494.33
144,SOL/INR,1h,SHORT,2025-01-11 07:30:00+05:30,2025-01-12 00:30:00+05:30,185.92,15524.72,188.71,180.35,187.7,15672.89,INTRADAY_SQUAREOFF,0.01,84.94,0.364766,5662.89,-54.05,6.71,-60.76,-60.76,8494.33,8433.57
145,SOL/INR,1h,LONG,2025-01-12 08:30:00+05:30,2025-01-12 14:30:00+05:30,188.44,15735.01,185.62,194.1,185.52,15491.24,STOP_LOSS,0.01,84.34,0.357316,5622.38,-87.1,6.58,-93.69,-93.69,8433.57,8339.88
146,SOL/INR,1h,LONG,2025-01-13 06:30:00+05:30,2025-01-13 08:30:00+05:30,191.84,16018.79,188.96,197.6,188.87,15770.62,STOP_LOSS,0.01,83.4,0.347087,5559.92,-86.14,6.51,-92.65,-92.65,8339.88,8247.23
147,SOL/INR,1h,SHORT,2025-01-13 12:30:00+05:30,2025-01-13 16:30:00+05:30,181.82,15181.77,184.54,176.36,176.45,14733.68,TARGET_HIT,0.01,82.47,0.362155,5498.15,162.28,6.39,155.89,155.89,8247.23,8403.12
148,SOL/INR,1h,LONG,2025-01-14 14:30:00+05:30,2025-01-15 00:30:00+05:30,187.35,15644.05,184.54,192.97,186.45,15568.81,INTRADAY_SQUAREOFF,0.01,84.03,0.358096,5602.08,-26.94,6.59,-33.54,-33.54,8403.12,8369.58
149,SOL/INR,1h,LONG,2025-01-15 04:30:00+05:30,2025-01-15 18:30:00+05:30,188.74,15759.63,185.91,194.4,194.3,16224.31,TARGET_HIT,0.01,83.7,0.354051,5579.72,164.52,6.68,157.84,157.84,8369.58,8527.42
150,SOL/INR,1h,LONG,2025-01-15 22:30:00+05:30,2025-01-16 00:30:00+05:30,198.58,16581.12,195.6,204.53,201.29,16807.6,INTRADAY_SQUAREOFF,0.01,85.27,0.342857,5684.94,77.65,6.75,70.9,70.9,8527.42,8598.31
151,SOL/INR,1h,LONG,2025-01-16 04:30:00+05:30,2025-01-16 09:30:00+05:30,204.7,17092.28,201.63,210.84,201.53,16827.48,STOP_LOSS,0.01,85.98,0.335368,5732.21,-88.81,6.71,-95.52,-95.52,8598.31,8502.79
152,SOL/INR,1h,LONG,2025-01-16 11:30:00+05:30,2025-01-16 13:30:00+05:30,203.06,16955.89,200.02,209.16,199.92,16693.2,STOP_LOSS,0.01,85.03,0.33431,5668.53,-87.82,6.64,-94.46,-94.46,8502.79,8408.34
153,SOL/INR,1h,LONG,2025-01-16 17:30:00+05:30,2025-01-16 19:30:00+05:30,213.37,17816.29,210.17,219.77,210.06,17540.27,STOP_LOSS,0.01,84.08,0.314631,5605.56,-86.84,6.56,-93.41,-93.41,8408.34,8314.93
154,SOL/INR,1h,LONG,2025-01-16 22:30:00+05:30,2025-01-17 00:30:00+05:30,214.27,17891.19,211.05,220.69,212.42,17737.46,INTRADAY_SQUAREOFF,0.01,83.15,0.309833,5543.29,-47.63,6.51,-54.14,-54.14,8314.93,8260.79
155,SOL/INR,1h,LONG,2025-01-17 07:30:00+05:30,2025-01-17 09:30:00+05:30,214.86,17940.94,211.64,221.31,211.53,17662.99,STOP_LOSS,0.01,82.61,0.306962,5507.19,-85.32,6.45,-91.77,-91.77,8260.79,8169.02
156,SOL/INR,1h,LONG,2025-01-17 14:30:00+05:30,2025-01-18 00:30:00+05:30,216.22,18054.34,212.98,222.71,216.51,18078.39,INTRADAY_SQUAREOFF,0.01,81.69,0.301646,5446.01,7.25,6.43,0.82,0.82,8169.02,8169.84
157,SOL/INR,1h,LONG,2025-01-18 08:30:00+05:30,2025-01-18 10:30:00+05:30,221.58,18502.16,218.26,228.23,228.12,19047.69,TARGET_HIT,0.01,81.7,0.294374,5446.56,160.59,6.52,154.07,154.07,8169.84,8323.91
158,SOL/INR,1h,LONG,2025-01-18 12:30:00+05:30,2025-01-18 20:30:00+05:30,237.76,19852.8,234.19,244.89,244.77,20438.16,TARGET_HIT,0.01,83.24,0.279521,5549.27,163.62,6.64,156.98,156.98,8323.91,8480.89
159,SOL/INR,1h,LONG,2025-01-19 05:30:00+05:30,2025-01-19 07:30:00+05:30,263.58,22008.96,259.63,271.49,259.5,21667.98,STOP_LOSS,0.01,84.81,0.256892,5653.93,-87.59,6.62,-94.21,-94.21,8480.89,8386.67
160,SOL/INR,1h,LONG,2025-01-19 10:30:00+05:30,2025-01-19 13:30:00+05:30,273.91,22871.3,269.8,282.12,269.66,22516.96,STOP_LOSS,0.01,83.87,0.24446,5591.12,-86.62,6.55,-93.17,-93.17,8386.67,8293.51
161,SOL/INR,1h,LONG,2025-01-19 16:30:00+05:30,2025-01-19 18:30:00+05:30,287.99,24047.17,283.67,296.63,283.53,23674.62,STOP_LOSS,0.01,82.94,0.229923,5529.01,-85.66,6.47,-92.13,-92.13,8293.51,8201.38
162,SOL/INR,1h,LONG,2025-01-20 02:30:00+05:30,2025-01-20 04:30:00+05:30,277.26,23151.15,273.1,285.58,272.96,22792.48,STOP_LOSS,0.01,82.01,0.236169,5467.58,-84.71,6.4,-91.11,-91.11,8201.38,8110.27
163,SOL/INR,1h,SHORT,2025-01-20 08:30:00+05:30,2025-01-20 10:30:00+05:30,231.77,19353.19,235.25,224.82,235.37,19653.31,STOP_LOSS,0.01,81.1,0.279377,5406.85,-83.85,6.43,-90.28,-90.28,8110.27,8019.99
164,SOL/INR,1h,SHORT,2025-01-20 16:30:00+05:30,2025-01-20 21:30:00+05:30,259.2,21643.31,263.09,251.43,251.55,21004.5,TARGET_HIT,0.01,80.2,0.247035,5346.66,157.81,6.22,151.59,151.59,8019.99,8171.58
165,SOL/INR,1h,SHORT,2025-01-21 05:30:00+05:30,2025-01-21 07:30:00+05:30,241.99,20206.14,245.62,234.73,234.85,19609.75,TARGET_HIT,0.01,81.72,0.269607,5447.72,160.79,6.33,154.46,154.46,8171.58,8326.04
166,SOL/INR,1h,SHORT,2025-01-21 11:30:00+05:30,2025-01-21 13:30:00+05:30,232.15,19384.69,235.63,225.19,235.75,19685.29,STOP_LOSS,0.01,83.26,0.286344,5550.69,-86.08,6.6,-92.68,-92.68,8326.04,8233.36
167,SOL/INR,1h,SHORT,2025-01-21 20:30:00+05:30,2025-01-21 22:30:00+05:30,238.22,19891.56,241.8,231.08,241.92,20200.03,STOP_LOSS,0.01,82.33,0.275942,5488.91,-85.12,6.53,-91.65,-91.65,8233.36,8141.71
168,SOL/INR,1h,LONG,2025-01-22 06:30:00+05:30,2025-01-22 18:30:00+05:30,252.93,21119.95,249.14,260.52,260.39,21742.68,TARGET_HIT,0.01,81.42,0.256999,5427.81,160.04,6.5,153.54,153.54,8141.71,8295.25
169,SOL/INR,1h,LONG,2025-01-22 23:30:00+05:30,2025-01-23 01:30:00+05:30,260.32,21736.54,256.41,268.13,267.99,22377.44,TARGET_HIT,0.01,82.95,0.254418,5530.17,163.06,6.62,156.44,156.44,8295.25,8451.69
170,SOL/INR,1h,SHORT,2025-01-23 14:30:00+05:30,2025-01-23 19:30:00+05:30,245.96,20537.27,249.64,238.58,249.77,20855.75,STOP_LOSS,0.01,84.52,0.274353,5634.46,-87.38,6.7,-94.08,-94.08,8451.69,8357.61
171,SOL/INR,1h,SHORT,2025-01-24 01:30:00+05:30,2025-01-24 03:30:00+05:30,245.91,20533.72,249.6,238.54,249.73,20852.14,STOP_LOSS,0.01,83.58,0.271346,5571.74,-86.4,6.63,-93.03,-93.03,8357.61,8264.58
172,SOL/INR,1h,LONG,2025-01-24 14:30:00+05:30,2025-01-25 00:30:00+05:30,264.88,22117.74,260.91,272.83,262.73,21937.92,INTRADAY_SQUAREOFF,0.01,82.65,0.249109,5509.72,-44.79,6.48,-51.27,-51.27,8264.58,8213.31
173,SOL/INR,1h,SHORT,2025-01-25 12:30:00+05:30,2025-01-25 18:30:00+05:30,246.81,20608.42,250.51,239.4,250.63,20928.0,STOP_LOSS,0.01,82.13,0.265694,5475.54,-84.91,6.51,-91.42,-91.42,8213.31,8121.89
174,SOL/INR,1h,LONG,2025-01-26 04:30:00+05:30,2025-01-26 06:30:00+05:30,259.25,21647.52,255.36,267.03,255.24,21312.15,STOP_LOSS,0.01,81.22,0.250125,5414.59,-83.89,6.34,-90.23,-90.23,8121.89,8031.66
175,SOL/INR,1h,LONG,2025-01-26 18:30:00+05:30,2025-01-27 00:30:00+05:30,256.85,21447.34,253.0,264.56,256.63,21428.6,INTRADAY_SQUAREOFF,0.01,80.32,0.249655,5354.44,-4.68,6.32,-10.99,-10.99,8031.66,8020.67
176,SOL/INR,1h,SHORT,2025-01-27 10:30:00+05:30,2025-01-27 12:30:00+05:30,230.76,19268.13,234.22,223.83,223.95,18699.43,TARGET_HIT,0.01,80.21,0.277511,5347.11,157.82,6.22,151.6,151.6,8020.67,8172.27
177,SOL/INR,1h,SHORT,2025-01-27 16:30:00+05:30,2025-01-27 18:30:00+05:30,221.88,18526.58,225.2,215.22,225.32,18813.88,STOP_LOSS,0.01,81.72,0.294074,5448.18,-84.49,6.48,-90.97,-90.97,8172.27,8081.31
178,SOL/INR,1h,SHORT,2025-01-29 15:30:00+05:30,2025-01-30 00:30:00+05:30,231.01,19289.18,234.47,224.08,234.59,19588.31,STOP_LOSS,0.01,80.81,0.279304,5387.54,-83.55,6.41,-89.95,-89.95,8081.31,7991.35
179,SOL/INR,1h,LONG,2025-01-30 07:30:00+05:30,2025-01-30 20:30:00+05:30,235.24,19642.82,231.71,242.3,242.18,20221.98,TARGET_HIT,0.01,79.91,0.271222,5327.57,157.08,6.38,150.7,150.7,7991.35,8142.06
180,SOL/INR,1h,LONG,2025-01-31 21:30:00+05:30,2025-01-31 23:30:00+05:30,240.89,20114.37,237.28,248.12,237.16,19802.75,STOP_LOSS,0.01,81.42,0.269859,5428.04,-84.09,6.36,-90.45,-90.45,8142.06,8051.61
181,SOL/INR,1h,SHORT,2025-02-01 20:30:00+05:30,2025-02-02 00:30:00+05:30,225.29,18811.66,228.67,218.53,224.85,18774.96,INTRADAY_SQUAREOFF,0.01,80.52,0.285341,5367.74,10.47,6.33,4.14,4.14,8051.61,8055.75
182,SOL/INR,1h,SHORT,2025-02-02 09:30:00+05:30,2025-02-02 11:30:00+05:30,207.57,17331.88,210.68,201.34,210.79,17600.65,STOP_LOSS,0.01,80.56,0.309863,5370.5,-83.28,6.39,-89.67,-89.67,8055.75,7966.08
183,SOL/INR,1h,SHORT,2025-02-02 13:30:00+05:30,2025-02-02 22:30:00+05:30,211.49,17659.01,214.66,205.14,205.24,17137.81,TARGET_HIT,0.01,79.66,0.300737,5310.72,156.75,6.17,150.57,150.57,7966.08,8116.65
184,SOL/INR,1h,SHORT,2025-02-03 07:30:00+05:30,2025-02-03 09:30:00+05:30,182.6,15246.73,185.33,177.12,185.43,15483.17,STOP_LOSS,0.01,81.17,0.354902,5411.1,-83.91,6.43,-90.35,-90.35,8116.65,8026.31
185,SOL/INR,1h,SHORT,2025-02-03 15:30:00+05:30,2025-02-03 17:30:00+05:30,194.4,16232.13,197.31,188.56,197.41,16483.85,STOP_LOSS,0.01,80.26,0.329647,5350.87,-82.98,6.36,-89.34,-89.34,8026.31,7936.97
186,SOL/INR,1h,LONG,2025-02-04 03:30:00+05:30,2025-02-04 08:30:00+05:30,217.88,18192.95,214.61,224.42,214.5,17911.09,STOP_LOSS,0.01,79.37,0.290844,5291.31,-81.98,6.2,-88.17,-88.17,7936.97,7848.79
187,SOL/INR,1h,SHORT,2025-02-04 14:30:00+05:30,2025-02-04 16:30:00+05:30,202.95,16946.25,205.99,196.86,206.1,17209.05,STOP_LOSS,0.01,78.49,0.308772,5232.53,-81.14,6.22,-87.37,-87.37,7848.79,7761.43
188,SOL/INR,1h,SHORT,2025-02-05 07:30:00+05:30,2025-02-05 21:30:00+05:30,205.81,17185.16,208.9,199.64,199.74,16677.94,TARGET_HIT,0.01,77.61,0.30109,5174.29,152.72,6.02,146.7,146.7,7761.43,7908.13
189,SOL/INR,1h,SHORT,2025-02-06 04:30:00+05:30,2025-02-06 06:30:00+05:30,195.78,16347.81,198.72,189.91,198.82,16601.32,STOP_LOSS,0.01,79.08,0.322495,5272.09,-81.76,6.27,-88.03,-88.03,7908.13,7820.11
190,SOL/INR,1h,SHORT,2025-02-06 14:30:00+05:30,2025-02-06 20:30:00+05:30,201.18,16798.38,204.2,195.14,195.24,16302.57,TARGET_HIT,0.01,78.2,0.310352,5213.4,153.87,6.06,147.81,147.81,7820.11,7967.92
191,SOL/INR,1h,SHORT,2025-02-07 04:30:00+05:30,2025-02-07 07:30:00+05:30,190.6,15915.21,193.46,184.88,193.56,16162.01,STOP_LOSS,0.01,79.68,0.333765,5311.95,-82.38,6.32,-88.69,-88.69,7967.92,7879.23
192,SOL/INR,1h,SHORT,2025-02-07 11:30:00+05:30,2025-02-07 14:30:00+05:30,192.41,16065.88,195.29,186.63,195.39,16315.02,STOP_LOSS,0.01,78.79,0.326955,5252.82,-81.46,6.25,-87.7,-87.7,7879.23,7791.52
193,SOL/INR,1h,SHORT,2025-02-08 10:30:00+05:30,2025-02-08 15:30:00+05:30,191.79,16014.35,194.67,186.03,194.76,16262.69,STOP_LOSS,0.01,77.92,0.324356,5194.35,-80.55,6.18,-86.73,-86.73,7791.52,7704.79
194,SOL/INR,1h,LONG,2025-02-09 06:30:00+05:30,2025-02-09 09:30:00+05:30,200.43,16736.23,197.43,206.45,206.34,17229.7,TARGET_HIT,0.01,77.05,0.306911,5136.53,151.45,6.15,145.3,145.3,7704.79,7850.09
195,SOL/INR,1h,SHORT,2025-02-09 23:30:00+05:30,2025-02-10 01:30:00+05:30,199.96,16696.34,202.96,193.96,199.28,16639.7,INTRADAY_SQUAREOFF,0.01,78.5,0.313446,5233.4,17.75,6.16,11.59,11.59,7850.09,7861.68
196,SOL/INR,1h,SHORT,2025-02-10 03:30:00+05:30,2025-02-10 05:30:00+05:30,194.19,16214.91,197.1,188.36,197.2,16466.36,STOP_LOSS,0.01,78.62,0.323229,5241.12,-81.28,6.23,-87.51,-87.51,7861.68,7774.17
197,SOL/INR,1h,LONG,2025-02-11 07:30:00+05:30,2025-02-11 09:30:00+05:30,204.68,17090.87,201.61,210.82,201.51,16826.09,STOP_LOSS,0.01,77.74,0.303249,5182.78,-80.29,6.07,-86.36,-86.36,7774.17,7687.81
198,SOL/INR,1h,LONG,2025-02-11 17:30:00+05:30,2025-02-11 19:30:00+05:30,203.31,16976.65,200.26,209.41,200.16,16713.64,STOP_LOSS,0.01,76.88,0.301897,5125.21,-79.4,6.0,-85.4,-85.4,7687.81,7602.41
199,SOL/INR,1h,SHORT,2025-02-12 08:30:00+05:30,2025-02-12 18:30:00+05:30,195.12,16292.81,198.05,189.27,198.15,16545.47,STOP_LOSS,0.01,76.02,0.311074,5068.27,-78.6,6.03,-84.62,-84.62,7602.41,7517.78
200,SOL/INR,1h,SHORT,2025-02-13 00:30:00+05:30,2025-02-13 02:30:00+05:30,192.95,16111.19,195.84,187.16,195.94,16361.04,STOP_LOSS,0.01,75.18,0.311079,5011.86,-77.72,5.96,-83.68,-83.68,7517.78,7434.1
201,SOL/INR,1h,SHORT,2025-02-13 06:30:00+05:30,2025-02-13 09:30:00+05:30,195.18,16297.12,198.1,189.32,198.2,16549.85,STOP_LOSS,0.01,74.34,0.304107,4956.07,-76.86,5.89,-82.75,-82.75,7434.1,7351.35
202,SOL/INR,1h,SHORT,2025-02-13 17:30:00+05:30,2025-02-14 00:30:00+05:30,191.39,15980.7,194.26,185.64,194.35,16228.52,STOP_LOSS,0.01,73.51,0.306676,4900.9,-76.0,5.83,-81.83,-81.83,7351.35,7269.52
203,SOL/INR,1h,LONG,2025-02-14 12:30:00+05:30,2025-02-14 22:30:00+05:30,196.36,16396.22,193.42,202.25,202.15,16879.66,TARGET_HIT,0.01,72.7,0.295577,4846.35,142.89,5.8,137.09,137.09,7269.52,7406.62
204,SOL/INR,1h,SHORT,2025-02-15 23:30:00+05:30,2025-02-16 01:30:00+05:30,193.45,16153.22,196.35,187.65,194.3,16223.81,INTRADAY_SQUAREOFF,0.01,74.07,0.305682,4937.74,-21.58,5.84,-27.42,-27.42,7406.62,7379.2
205,SOL/INR,1h,SHORT,2025-02-16 08:30:00+05:30,2025-02-17 00:30:00+05:30,193.39,16147.96,196.29,187.59,189.36,15811.2,INTRADAY_SQUAREOFF,0.01,73.79,0.304649,4919.47,102.59,5.74,96.85,96.85,7379.2,7476.05
206,SOL/INR,1h,SHORT,2025-02-17 08:30:00+05:30,2025-02-17 10:30:00+05:30,187.14,15626.46,189.95,181.53,181.62,15165.24,TARGET_HIT,0.01,74.76,0.318948,4984.03,147.1,5.79,141.31,141.31,7476.05,7617.36
207,SOL/INR,1h,SHORT,2025-02-17 16:30:00+05:30,2025-02-17 18:30:00+05:30,183.36,15310.65,186.11,177.86,186.2,15548.08,STOP_LOSS,0.01,76.17,0.33168,5078.24,-78.75,6.04,-84.79,-84.79,7617.36,7532.57
208,SOL/INR,1h,SHORT,2025-02-18 05:30:00+05:30,2025-02-18 10:30:00+05:30,177.57,14827.26,180.24,172.24,172.33,14389.63,TARGET_HIT,0.01,75.33,0.338681,5021.71,148.22,5.84,142.38,142.38,7532.57,7674.94
209,SOL/INR,1h,SHORT,2025-02-18 14:30:00+05:30,2025-02-18 16:30:00+05:30,163.73,13671.09,166.18,158.81,166.26,13883.09,STOP_LOSS,0.01,76.75,0.374266,5116.63,-79.35,6.08,-85.43,-85.43,7674.94,7589.51
210,SOL/INR,1h,SHORT,2025-02-18 20:30:00+05:30,2025-02-19 00:30:00+05:30,166.12,13870.84,168.61,161.13,164.55,13739.98,INTRADAY_SQUAREOFF,0.01,75.9,0.364771,5059.68,47.73,5.94,41.79,41.79,7589.51,7631.3
211,SOL/INR,1h,SHORT,2025-02-19 09:30:00+05:30,2025-02-19 13:30:00+05:30,167.15,13957.22,169.66,162.14,169.74,14173.66,STOP_LOSS,0.01,76.31,0.364509,5087.54,-78.89,6.05,-84.94,-84.94,7631.3,7546.36
212,SOL/INR,1h,LONG,2025-02-21 05:30:00+05:30,2025-02-21 07:30:00+05:30,176.47,14735.02,173.82,181.76,173.73,14506.74,STOP_LOSS,0.01,75.46,0.341425,5030.91,-77.94,5.89,-83.83,-83.83,7546.36,7462.53
213,SOL/INR,1h,LONG,2025-02-21 11:30:00+05:30,2025-02-21 20:30:00+05:30,175.4,14645.61,172.77,180.66,172.68,14418.71,STOP_LOSS,0.01,74.63,0.339693,4975.02,-77.08,5.83,-82.9,-82.9,7462.53,7379.63
214,SOL/INR,1h,SHORT,2025-02-22 01:30:00+05:30,2025-02-22 06:30:00+05:30,168.42,14063.0,170.95,163.37,171.03,14281.08,STOP_LOSS,0.01,73.8,0.349837,4919.75,-76.29,5.85,-82.14,-82.14,7379.63,7297.48
215,SOL/INR,1h,SHORT,2025-02-22 12:30:00+05:30,2025-02-22 15:30:00+05:30,170.85,14266.22,173.42,165.73,173.5,14487.45,STOP_LOSS,0.01,72.97,0.341015,4864.99,-75.44,5.79,-81.23,-81.23,7297.48,7216.25
216,SOL/INR,1h,SHORT,2025-02-22 19:30:00+05:30,2025-02-23 00:30:00+05:30,172.81,14429.85,175.4,167.63,173.0,14445.78,INTRADAY_SQUAREOFF,0.01,72.16,0.333395,4810.84,-5.31,5.68,-10.99,-10.99,7216.25,7205.27
217,SOL/INR,1h,SHORT,2025-02-23 05:30:00+05:30,2025-02-23 21:30:00+05:30,172.06,14366.73,174.64,166.9,166.98,13942.7,TARGET_HIT,0.01,72.05,0.334349,4803.51,141.78,5.58,136.19,136.19,7205.27,7341.46
218,SOL/INR,1h,SHORT,2025-02-24 06:30:00+05:30,2025-02-24 08:30:00+05:30,166.8,13927.46,169.3,161.79,161.87,13516.39,TARGET_HIT,0.01,73.41,0.351414,4894.3,144.46,5.69,138.77,138.77,7341.46,7480.22
219,SOL/INR,1h,SHORT,2025-02-24 14:30:00+05:30,2025-02-24 20:30:00+05:30,158.21,13210.38,160.58,153.46,153.54,12820.47,TARGET_HIT,0.01,74.8,0.377492,4986.81,147.19,5.8,141.39,141.39,7480.22,7621.61
220,SOL/INR,1h,SHORT,2025-02-25 00:30:00+05:30,2025-02-25 03:30:00+05:30,152.03,12694.34,154.31,147.47,147.54,12319.67,TARGET_HIT,0.01,76.22,0.400263,5081.07,149.97,5.91,144.06,144.06,7621.61,7765.67
221,SOL/INR,1h,SHORT,2025-02-25 15:30:00+05:30,2025-02-25 17:30:00+05:30,133.99,11188.5,136.0,129.97,136.07,11362.0,STOP_LOSS,0.01,77.66,0.462718,5177.11,-80.28,6.16,-86.44,-86.44,7765.67,7679.23
222,SOL/INR,1h,SHORT,2025-02-26 23:30:00+05:30,2025-02-27 01:30:00+05:30,133.29,11129.75,135.29,129.29,131.9,11013.56,INTRADAY_SQUAREOFF,0.01,76.79,0.459982,5119.49,53.44,6.01,47.43,47.43,7679.23,7726.66
223,SOL/INR,1h,SHORT,2025-02-27 05:30:00+05:30,2025-02-27 07:30:00+05:30,134.53,11233.02,136.55,130.49,136.61,11407.21,STOP_LOSS,0.01,77.27,0.458569,5151.11,-79.88,6.13,-86.01,-86.01,7726.66,7640.66
224,SOL/INR,1h,LONG,2025-02-27 16:30:00+05:30,2025-02-27 18:30:00+05:30,142.09,11864.32,139.96,146.35,139.89,11680.51,STOP_LOSS,0.01,76.41,0.429335,5093.77,-78.92,5.96,-84.88,-84.88,7640.66,7555.78
225,SOL/INR,1h,LONG,2025-02-27 21:30:00+05:30,2025-02-28 00:30:00+05:30,140.49,11731.04,138.38,144.71,138.31,11549.3,STOP_LOSS,0.01,75.56,0.429389,5037.19,-78.04,5.9,-83.94,-83.94,7555.78,7471.84
226,SOL/INR,1h,SHORT,2025-02-28 16:30:00+05:30,2025-02-28 18:30:00+05:30,130.07,10860.69,132.02,126.17,132.09,11029.11,STOP_LOSS,0.01,74.72,0.458647,4981.23,-77.25,5.92,-83.17,-83.17,7471.84,7388.67
227,SOL/INR,1h,LONG,2025-03-01 00:30:00+05:30,2025-03-01 11:30:00+05:30,146.82,12259.32,144.62,151.22,144.54,12069.39,STOP_LOSS,0.01,73.89,0.401799,4925.78,-76.31,5.77,-82.08,-82.08,7388.67,7306.59
228,SOL/INR,1h,LONG,2025-03-02 21:30:00+05:30,2025-03-02 23:30:00+05:30,161.23,13462.46,158.81,166.06,165.98,13859.4,TARGET_HIT,0.01,73.07,0.361825,4871.06,143.62,5.83,137.79,137.79,7306.59,7444.38
229,SOL/INR,1h,LONG,2025-03-03 01:30:00+05:30,2025-03-03 04:30:00+05:30,172.28,14385.09,169.69,177.44,177.36,14809.23,TARGET_HIT,0.01,74.44,0.345005,4962.92,146.33,5.94,140.39,140.39,7444.38,7584.77
230,SOL/INR,1h,SHORT,2025-03-03 20:30:00+05:30,2025-03-03 23:30:00+05:30,157.42,13144.24,159.78,152.69,152.77,12756.29,TARGET_HIT,0.01,75.85,0.384694,5056.51,149.24,5.88,143.36,143.36,7584.77,7728.14
231,SOL/INR,1h,SHORT,2025-03-04 03:30:00+05:30,2025-03-04 05:30:00+05:30,139.76,11670.18,141.86,135.57,141.93,11851.16,STOP_LOSS,0.01,77.28,0.441475,5152.09,-79.9,6.13,-86.02,-86.02,7728.14,7642.11
232,SOL/INR,1h,SHORT,2025-03-04 07:30:00+05:30,2025-03-04 10:30:00+05:30,135.72,11332.6,137.76,131.65,137.82,11508.34,STOP_LOSS,0.01,76.42,0.449565,5094.74,-79.01,6.06,-85.07,-85.07,7642.11,7557.05
233,SOL/INR,1h,SHORT,2025-03-04 13:30:00+05:30,2025-03-04 19:30:00+05:30,135.79,11338.27,137.82,131.71,137.89,11514.1,STOP_LOSS,0.01,75.57,0.444339,5038.03,-78.13,5.99,-84.12,-84.12,7557.05,7472.93
234,SOL/INR,1h,LONG,2025-03-05 03:30:00+05:30,2025-03-05 05:30:00+05:30,146.41,12225.26,144.21,150.8,144.14,12035.86,STOP_LOSS,0.01,74.73,0.407513,4981.95,-77.18,5.83,-83.02,-83.02,7472.93,7389.91
235,SOL/INR,1h,LONG,2025-03-05 12:30:00+05:30,2025-03-05 15:30:00+05:30,143.72,12001.0,141.57,148.04,147.96,12354.85,TARGET_HIT,0.01,73.9,0.410517,4926.61,145.26,5.9,139.36,139.36,7389.91,7529.28
236,SOL/INR,1h,LONG,2025-03-06 10:30:00+05:30,2025-03-06 18:30:00+05:30,150.0,12525.29,147.75,154.5,147.68,12331.25,STOP_LOSS,0.01,75.29,0.40075,5019.52,-77.76,5.88,-83.64,-83.64,7529.28,7445.63
237,SOL/INR,1h,LONG,2025-03-06 21:30:00+05:30,2025-03-06 23:30:00+05:30,149.58,12489.82,147.34,154.07,147.26,12296.32,STOP_LOSS,0.01,74.46,0.397424,4963.76,-76.9,5.81,-82.71,-82.71,7445.63,7362.92
238,SOL/INR,1h,SHORT,2025-03-07 05:30:00+05:30,2025-03-07 14:30:00+05:30,143.28,11963.97,145.43,138.98,145.5,12149.5,STOP_LOSS,0.01,73.63,0.410283,4908.61,-76.12,5.84,-81.96,-81.96,7362.92,7280.96
239,SOL/INR,1h,SHORT,2025-03-09 15:30:00+05:30,2025-03-09 18:30:00+05:30,137.99,11522.17,140.06,133.85,133.92,11182.1,TARGET_HIT,0.01,72.81,0.421273,4853.98,143.27,5.64,137.62,137.62,7280.96,7418.59
240,SOL/INR,1h,SHORT,2025-03-10 14:30:00+05:30,2025-03-10 16:30:00+05:30,126.09,10528.42,127.98,122.31,128.04,10691.69,STOP_LOSS,0.01,74.19,0.46975,4945.72,-76.7,5.88,-82.58,-82.58,7418.59,7336.01
241,SOL/INR,1h,SHORT,2025-03-10 19:30:00+05:30,2025-03-10 21:30:00+05:30,124.95,10433.47,126.83,121.2,121.26,10125.53,TARGET_HIT,0.01,73.36,0.468748,4890.67,144.35,5.69,138.66,138.66,7336.01,7474.67
242,SOL/INR,1h,SHORT,2025-03-11 06:30:00+05:30,2025-03-11 08:30:00+05:30,113.17,9449.3,114.86,109.77,114.92,9595.84,STOP_LOSS,0.01,74.75,0.527353,4983.11,-77.28,5.93,-83.2,-83.2,7474.67,7391.47
243,SOL/INR,1h,LONG,2025-03-12 07:30:00+05:30,2025-03-12 09:30:00+05:30,126.78,10585.97,124.88,130.58,124.81,10421.97,STOP_LOSS,0.01,73.91,0.465488,4927.65,-76.34,5.77,-82.11,-82.11,7391.47,7309.36
244,SOL/INR,1h,LONG,2025-03-12 13:30:00+05:30,2025-03-12 17:30:00+05:30,123.39,10302.93,121.54,127.09,127.03,10606.71,TARGET_HIT,0.01,73.09,0.472963,4872.91,143.68,5.83,137.84,137.84,7309.36,7447.2
245,SOL/INR,1h,LONG,2025-03-13 04:30:00+05:30,2025-03-13 09:30:00+05:30,126.66,10575.7,124.76,130.45,124.69,10411.85,STOP_LOSS,0.01,74.47,0.469454,4964.8,-76.92,5.81,-82.73,-82.73,7447.2,7364.47
246,SOL/INR,1h,LONG,2025-03-13 13:30:00+05:30,2025-03-13 22:30:00+05:30,124.49,10395.12,122.63,128.23,122.56,10234.07,STOP_LOSS,0.01,73.64,0.472303,4909.65,-76.06,5.75,-81.81,-81.81,7364.47,7282.66
247,SOL/INR,1h,SHORT,2025-03-14 01:30:00+05:30,2025-03-14 03:30:00+05:30,121.15,10116.15,122.97,117.52,123.03,10273.02,STOP_LOSS,0.01,72.83,0.479936,4855.11,-75.29,5.77,-81.06,-81.06,7282.66,7201.6
248,SOL/INR,1h,SHORT,2025-03-14 09:30:00+05:30,2025-03-14 15:30:00+05:30,124.22,10372.02,126.08,120.49,126.14,10532.86,STOP_LOSS,0.01,72.02,0.462886,4801.06,-74.45,5.71,-80.16,-80.16,7201.6,7121.43
249,SOL/INR,1h,LONG,2025-03-15 00:30:00+05:30,2025-03-16 00:30:00+05:30,134.15,11201.24,132.13,138.17,134.17,11203.33,INTRADAY_SQUAREOFF,0.01,71.21,0.423848,4747.62,0.88,5.6,-4.72,-4.72,7121.43,7116.72
250,SOL/INR,1h,LONG,2025-03-16 05:30:00+05:30,2025-03-16 14:30:00+05:30,136.04,11359.5,134.0,140.12,133.93,11183.51,STOP_LOSS,0.01,71.17,0.417666,4744.48,-73.5,5.56,-79.06,-79.06,7116.72,7037.66
251,SOL/INR,1h,SHORT,2025-03-17 01:30:00+05:30,2025-03-17 06:30:00+05:30,126.45,10558.48,128.35,122.66,128.41,10722.21,STOP_LOSS,0.01,70.38,0.444361,4691.77,-72.76,5.58,-78.34,-78.34,7037.66,6959.32
252,SOL/INR,1h,SHORT,2025-03-17 18:30:00+05:30,2025-03-17 23:30:00+05:30,127.44,10641.43,129.35,123.62,129.42,10806.45,STOP_LOSS,0.01,69.59,0.435989,4639.55,-71.95,5.52,-77.46,-77.46,6959.32,6881.85
253,SOL/INR,1h,SHORT,2025-03-18 10:30:00+05:30,2025-03-18 13:30:00+05:30,123.9,10345.34,125.75,120.18,125.82,10505.77,STOP_LOSS,0.01,68.82,0.443475,4587.9,-71.15,5.46,-76.6,-76.6,6881.85,6805.25
254,SOL/INR,1h,SHORT,2025-03-18 15:30:00+05:30,2025-03-19 00:30:00+05:30,124.89,10428.51,126.77,121.15,124.1,10362.48,INTRADAY_SQUAREOFF,0.01,68.05,0.435042,4536.83,28.73,5.34,23.39,23.39,6805.25,6828.64
255,SOL/INR,1h,LONG,2025-03-19 19:30:00+05:30,2025-03-20 00:30:00+05:30,130.94,10933.3,128.97,134.87,132.92,11098.52,INTRADAY_SQUAREOFF,0.01,68.29,0.416382,4552.43,68.8,5.41,63.38,63.38,6828.64,6892.02
256,SOL/INR,1h,LONG,2025-03-20 04:30:00+05:30,2025-03-20 15:30:00+05:30,134.87,11261.83,132.85,138.92,132.78,11087.36,STOP_LOSS,0.01,68.92,0.407987,4594.68,-71.18,5.38,-76.56,-76.56,6892.02,6815.46
257,SOL/INR,1h,SHORT,2025-03-21 03:30:00+05:30,2025-03-22 00:30:00+05:30,127.51,10646.77,129.42,123.68,127.5,10645.86,INTRADAY_SQUAREOFF,0.01,68.15,0.426763,4543.64,0.38,5.36,-4.98,-4.98,6815.46,6810.49
258,SOL/INR,1h,LONG,2025-03-23 12:30:00+05:30,2025-03-24 00:30:00+05:30,130.99,10937.36,129.02,134.92,130.92,10931.96,INTRADAY_SQUAREOFF,0.01,68.1,0.415121,4540.32,-2.24,5.36,-7.6,-7.6,6810.49,6802.89
259,SOL/INR,1h,LONG,2025-03-24 08:30:00+05:30,2025-03-24 10:30:00+05:30,135.06,11277.63,133.04,139.11,139.04,11610.16,TARGET_HIT,0.01,68.03,0.402146,4535.26,133.72,5.43,128.29,128.29,6802.89,6931.18
260,SOL/INR,1h,LONG,2025-03-24 14:30:00+05:30,2025-03-25 00:30:00+05:30,140.68,11747.06,138.57,144.9,142.24,11876.66,INTRADAY_SQUAREOFF,0.01,69.31,0.393357,4620.79,50.98,5.48,45.49,45.49,6931.18,6976.67
261,SOL/INR,1h,LONG,2025-03-25 06:30:00+05:30,2025-03-25 08:30:00+05:30,142.3,11881.8,140.16,146.57,140.09,11697.73,STOP_LOSS,0.01,69.77,0.391449,4651.12,-72.06,5.45,-77.5,-77.5,6976.67,6899.17
262,SOL/INR,1h,LONG,2025-03-25 19:30:00+05:30,2025-03-26 00:30:00+05:30,145.9,12183.03,143.72,150.28,145.22,12126.13,INTRADAY_SQUAREOFF,0.01,68.99,0.377529,4599.45,-21.48,5.41,-26.9,-26.9,6899.17,6872.27
263,SOL/INR,1h,LONG,2025-03-26 06:30:00+05:30,2025-03-26 08:30:00+05:30,144.54,12068.9,142.37,148.87,142.3,11881.92,STOP_LOSS,0.01,68.72,0.379613,4581.52,-70.98,5.36,-76.34,-76.34,6872.27,6795.93
264,SOL/INR,1h,LONG,2025-03-26 12:30:00+05:30,2025-03-26 18:30:00+05:30,144.29,12047.98,142.12,148.62,142.05,11861.32,STOP_LOSS,0.01,67.96,0.376048,4530.62,-70.19,5.3,-75.5,-75.5,6795.93,6720.43
265,SOL/INR,1h,SHORT,2025-03-26 23:30:00+05:30,2025-03-27 01:30:00+05:30,137.98,11521.29,140.05,133.84,137.72,11500.02,INTRADAY_SQUAREOFF,0.01,67.2,0.388871,4480.29,8.27,5.28,2.99,2.99,6720.43,6723.42
266,SOL/INR,1h,SHORT,2025-03-27 16:30:00+05:30,2025-03-27 20:30:00+05:30,137.53,11484.02,139.6,133.41,139.67,11662.11,STOP_LOSS,0.01,67.23,0.390306,4482.28,-69.51,5.33,-74.84,-74.84,6723.42,6648.58
267,SOL/INR,1h,SHORT,2025-03-27 23:30:00+05:30,2025-03-28 01:30:00+05:30,137.48,11479.36,139.54,133.35,139.23,11625.54,INTRADAY_SQUAREOFF,0.01,66.49,0.386118,4432.39,-56.44,5.26,-61.7,-61.7,6648.58,6586.88
268,SOL/INR,1h,SHORT,2025-03-28 05:30:00+05:30,2025-03-28 09:30:00+05:30,138.08,11529.97,140.15,133.94,134.01,11189.66,TARGET_HIT,0.01,65.87,0.380855,4391.25,129.61,5.11,124.5,124.5,6586.88,6711.38
269,SOL/INR,1h,SHORT,2025-03-28 19:30:00+05:30,2025-03-29 00:30:00+05:30,129.85,10842.43,131.8,125.95,129.59,10820.68,INTRADAY_SQUAREOFF,0.01,67.11,0.412662,4474.25,8.97,5.27,3.7,3.7,6711.38,6715.08
270,SOL/INR,1h,SHORT,2025-03-29 07:30:00+05:30,2025-03-29 16:30:00+05:30,129.25,10792.74,131.19,125.38,125.44,10474.2,TARGET_HIT,0.01,67.15,0.41479,4476.72,132.13,5.2,126.93,126.93,6715.08,6842.01
271,SOL/INR,1h,SHORT,2025-03-29 22:30:00+05:30,2025-03-30 00:30:00+05:30,125.28,10461.16,127.16,121.52,125.06,10442.61,INTRADAY_SQUAREOFF,0.01,68.42,0.436026,4561.34,8.09,5.38,2.71,2.71,6842.01,6844.72
272,SOL/INR,1h,SHORT,2025-03-30 04:30:00+05:30,2025-03-30 06:30:00+05:30,123.03,10272.74,124.87,119.34,124.93,10432.05,STOP_LOSS,0.01,68.45,0.444199,4563.14,-70.76,5.43,-76.19,-76.19,6844.72,6768.53
273,SOL/INR,1h,SHORT,2025-03-30 13:30:00+05:30,2025-03-31 00:30:00+05:30,125.27,10460.15,127.15,121.51,126.15,10533.29,INTRADAY_SQUAREOFF,0.01,67.69,0.431385,4512.35,-31.55,5.34,-36.89,-36.89,6768.53,6731.63
274,SOL/INR,1h,LONG,2025-04-01 21:30:00+05:30,2025-04-01 23:30:00+05:30,130.06,10860.18,128.11,133.96,128.05,10691.93,STOP_LOSS,0.01,67.32,0.41323,4487.76,-69.53,5.25,-74.78,-74.78,6731.63,6656.85
275,SOL/INR,1h,LONG,2025-04-02 04:30:00+05:30,2025-04-02 07:30:00+05:30,127.14,10615.89,125.23,130.95,125.17,10451.43,STOP_LOSS,0.01,66.57,0.418043,4437.9,-68.75,5.2,-73.95,-73.95,6656.85,6582.9
276,SOL/INR,1h,SHORT,2025-04-02 11:30:00+05:30,2025-04-02 13:30:00+05:30,123.61,10321.43,125.46,119.9,125.53,10481.49,STOP_LOSS,0.01,65.83,0.425193,4388.6,-68.06,5.22,-73.27,-73.27,6582.9,6509.63
277,SOL/INR,1h,SHORT,2025-04-03 11:30:00+05:30,2025-04-03 17:30:00+05:30,118.95,9932.5,120.74,115.38,115.44,9639.34,TARGET_HIT,0.01,65.1,0.436924,4339.75,128.09,5.05,123.04,123.04,6509.63,6632.67
278,SOL/INR,1h,SHORT,2025-04-03 20:30:00+05:30,2025-04-03 22:30:00+05:30,112.48,9392.14,114.17,109.11,114.22,9537.78,STOP_LOSS,0.01,66.33,0.470796,4421.78,-68.57,5.26,-73.83,-73.83,6632.67,6558.84
279,SOL/INR,1h,SHORT,2025-04-04 06:30:00+05:30,2025-04-04 12:30:00+05:30,115.97,9683.64,117.71,112.49,117.77,9833.81,STOP_LOSS,0.01,65.59,0.451541,4372.56,-67.81,5.2,-73.01,-73.01,6558.84,6485.83
280,SOL/INR,1h,LONG,2025-04-05 02:30:00+05:30,2025-04-05 05:30:00+05:30,123.77,10335.21,121.92,127.49,121.86,10175.09,STOP_LOSS,0.01,64.86,0.418365,4323.89,-66.99,5.06,-72.05,-72.05,6485.83,6413.78
281,SOL/INR,1h,LONG,2025-04-05 13:30:00+05:30,2025-04-05 17:30:00+05:30,121.16,10117.14,119.35,124.8,119.29,9960.4,STOP_LOSS,0.01,64.14,0.422635,4275.86,-66.24,5.01,-71.25,-71.25,6413.78,6342.53
282,SOL/INR,1h,SHORT,2025-04-06 18:30:00+05:30,2025-04-06 22:30:00+05:30,116.47,9725.38,118.22,112.98,113.03,9438.34,TARGET_HIT,0.01,63.43,0.434775,4228.36,124.8,4.92,119.88,119.88,6342.53,6462.42
283,SOL/INR,1h,SHORT,2025-04-07 02:30:00+05:30,2025-04-07 08:30:00+05:30,106.39,8883.53,107.99,103.2,103.25,8621.33,TARGET_HIT,0.01,64.62,0.484974,4308.28,127.16,5.01,122.15,122.15,6462.42,6584.57
284,SOL/INR,1h,LONG,2025-04-08 07:30:00+05:30,2025-04-08 11:30:00+05:30,111.2,9284.96,109.53,114.53,109.47,9141.12,STOP_LOSS,0.01,65.85,0.472776,4389.71,-68.01,5.14,-73.15,-73.15,6584.57,6511.42
285,SOL/INR,1h,LONG,2025-04-08 17:30:00+05:30,2025-04-08 19:30:00+05:30,111.7,9326.61,110.02,115.05,109.97,9182.12,STOP_LOSS,0.01,65.11,0.465437,4340.95,-67.25,5.08,-72.33,-72.33,6511.42,6439.09
286,SOL/INR,1h,SHORT,2025-04-09 01:30:00+05:30,2025-04-09 03:30:00+05:30,103.41,8634.32,104.96,100.3,105.01,8768.22,STOP_LOSS,0.01,64.39,0.49717,4292.72,-66.57,5.1,-71.67,-71.67,6439.09,6367.41
287,SOL/INR,1h,SHORT,2025-04-09 06:30:00+05:30,2025-04-09 11:30:00+05:30,104.36,8714.15,105.93,101.23,105.98,8849.29,STOP_LOSS,0.01,63.67,0.487132,4244.94,-65.83,5.05,-70.88,-70.88,6367.41,6296.54
288,SOL/INR,1h,SHORT,2025-04-09 17:30:00+05:30,2025-04-09 19:30:00+05:30,102.88,8590.32,104.42,99.79,104.47,8723.54,STOP_LOSS,0.01,62.97,0.488653,4197.69,-65.1,4.99,-70.09,-70.09,6296.54,6226.45
289,SOL/INR,1h,SHORT,2025-04-11 06:30:00+05:30,2025-04-11 08:30:00+05:30,112.21,9369.53,113.89,108.84,113.95,9514.83,STOP_LOSS,0.01,62.26,0.443028,4150.97,-64.37,4.94,-69.31,-69.31,6226.45,6157.14
290,SOL/INR,1h,LONG,2025-04-11 14:30:00+05:30,2025-04-11 22:30:00+05:30,117.33,9796.99,115.57,120.85,120.79,10085.85,TARGET_HIT,0.01,61.57,0.418982,4104.76,121.03,4.92,116.11,116.11,6157.14,6273.25
291,SOL/INR,1h,LONG,2025-04-12 05:30:00+05:30,2025-04-12 07:30:00+05:30,121.69,10161.21,119.87,125.34,119.81,10003.78,STOP_LOSS,0.01,62.73,0.411582,4182.17,-64.79,4.9,-69.69,-69.69,6273.25,6203.57
292,SOL/INR,1h,LONG,2025-04-12 10:30:00+05:30,2025-04-12 18:30:00+05:30,122.59,10236.32,120.75,126.27,126.21,10538.13,TARGET_HIT,0.01,62.04,0.404023,4135.71,121.94,4.95,116.99,116.99,6203.57,6320.56
293,SOL/INR,1h,LONG,2025-04-13 00:30:00+05:30,2025-04-13 12:30:00+05:30,130.96,10934.8,128.99,134.88,128.93,10765.39,STOP_LOSS,0.01,63.21,0.385348,4213.7,-65.28,4.93,-70.21,-70.21,6320.56,6250.34
294,SOL/INR,1h,LONG,2025-04-13 14:30:00+05:30,2025-04-13 18:30:00+05:30,129.84,10841.92,127.9,133.74,127.83,10673.95,STOP_LOSS,0.01,62.5,0.384332,4166.89,-64.56,4.88,-69.43,-69.43,6250.34,6180.91
295,SOL/INR,1h,LONG,2025-04-14 16:30:00+05:30,2025-04-14 18:30:00+05:30,133.95,11184.43,131.94,137.96,131.87,11011.15,STOP_LOSS,0.01,61.81,0.368423,4120.6,-63.84,4.82,-68.66,-68.66,6180.91,6112.24
296,SOL/INR,1h,LONG,2025-04-15 07:30:00+05:30,2025-04-15 22:30:00+05:30,130.41,10889.47,128.46,134.33,128.39,10720.76,STOP_LOSS,0.01,61.12,0.374199,4074.83,-63.13,4.77,-67.9,-67.9,6112.24,6044.34
297,SOL/INR,1h,SHORT,2025-04-16 04:30:00+05:30,2025-04-16 20:30:00+05:30,126.1,10529.29,127.99,122.32,128.05,10692.57,STOP_LOSS,0.01,60.44,0.3827,4029.56,-62.49,4.79,-67.28,-67.28,6044.34,5977.06
298,SOL/INR,1h,LONG,2025-04-17 11:30:00+05:30,2025-04-17 19:30:00+05:30,133.35,11134.74,131.35,137.35,131.28,10962.23,STOP_LOSS,0.01,59.77,0.357863,3984.71,-61.73,4.67,-66.4,-66.4,5977.06,5910.66
299,SOL/INR,1h,LONG,2025-04-17 21:30:00+05:30,2025-04-18 00:30:00+05:30,133.7,11163.98,131.69,137.71,134.52,11232.32,INTRADAY_SQUAREOFF,0.01,59.11,0.35296,3940.44,24.12,4.66,19.46,19.46,5910.66,5930.12
300,SOL/INR,1h,LONG,2025-04-18 02:30:00+05:30,2025-04-18 20:30:00+05:30,135.13,11283.12,133.1,139.18,133.03,11108.32,STOP_LOSS,0.01,59.3,0.350383,3953.42,-61.25,4.63,-65.88,-65.88,5930.12,5864.25
301,SOL/INR,1h,LONG,2025-04-19 03:30:00+05:30,2025-04-19 08:30:00+05:30,134.36,11218.97,132.34,138.39,138.32,11549.76,TARGET_HIT,0.01,58.64,0.348472,3909.5,115.27,4.68,110.59,110.59,5864.25,5974.84
302,SOL/INR,1h,LONG,2025-04-19 13:30:00+05:30,2025-04-20 00:30:00+05:30,138.96,11602.79,136.87,143.12,138.51,11565.74,INTRADAY_SQUAREOFF,0.01,59.75,0.343299,3983.22,-12.72,4.69,-17.41,-17.41,5974.84,5957.42
303,SOL/INR,1h,SHORT,2025-04-20 21:30:00+05:30,2025-04-21 00:30:00+05:30,135.71,11332.0,137.75,131.64,136.54,11400.8,INTRADAY_SQUAREOFF,0.01,59.57,0.350478,3971.62,-24.11,4.7,-28.82,-28.82,5957.42,5928.61
304,SOL/INR,1h,SHORT,2025-04-21 04:30:00+05:30,2025-04-21 06:30:00+05:30,136.49,11397.0,138.54,132.4,138.61,11573.74,STOP_LOSS,0.01,59.29,0.346793,3952.41,-61.29,4.7,-65.99,-65.99,5928.61,5862.62
305,SOL/INR,1h,LONG,2025-04-21 10:30:00+05:30,2025-04-21 16:30:00+05:30,141.01,11774.12,138.89,145.24,138.82,11591.71,STOP_LOSS,0.01,58.63,0.331949,3908.41,-60.55,4.58,-65.13,-65.13,5862.62,5797.49
306,SOL/INR,1h,SHORT,2025-04-22 04:30:00+05:30,2025-04-22 06:30:00+05:30,136.03,11358.68,138.07,131.95,138.14,11534.83,STOP_LOSS,0.01,57.97,0.340268,3864.99,-59.94,4.6,-64.53,-64.53,5797.49,5732.96
307,SOL/INR,1h,LONG,2025-04-23 03:30:00+05:30,2025-04-23 13:30:00+05:30,148.07,12363.48,145.84,152.51,152.43,12728.01,TARGET_HIT,0.01,57.33,0.309134,3821.97,112.69,4.58,108.11,108.11,5732.96,5841.07
308,SOL/INR,1h,LONG,2025-04-24 02:30:00+05:30,2025-04-24 08:30:00+05:30,151.18,12623.67,148.91,155.72,148.84,12428.1,STOP_LOSS,0.01,58.41,0.308472,3894.05,-60.33,4.56,-64.89,-64.89,5841.07,5776.18
309,SOL/INR,1h,LONG,2025-04-25 12:30:00+05:30,2025-04-25 22:30:00+05:30,153.85,12846.74,151.55,158.47,151.47,12647.71,STOP_LOSS,0.01,57.76,0.299748,3850.79,-59.66,4.51,-64.17,-64.17,5776.18,5712.02
310,SOL/INR,1h,SHORT,2025-04-27 00:30:00+05:30,2025-04-28 00:30:00+05:30,148.77,12421.95,151.0,144.3,149.99,12523.78,INTRADAY_SQUAREOFF,0.01,57.12,0.306555,3808.01,-31.22,4.51,-35.73,-35.73,5712.02,5676.29
311,SOL/INR,1h,SHORT,2025-04-29 10:30:00+05:30,2025-04-29 12:30:00+05:30,146.4,12224.11,148.59,142.0,148.67,12413.67,STOP_LOSS,0.01,56.76,0.309568,3784.19,-58.68,4.5,-63.18,-63.18,5676.29,5613.1
312,SOL/INR,1h,SHORT,2025-04-29 18:30:00+05:30,2025-04-30 00:30:00+05:30,147.92,12351.69,150.14,143.49,150.04,12528.26,INTRADAY_SQUAREOFF,0.01,56.13,0.30296,3742.07,-53.5,4.45,-57.94,-57.94,5613.1,5555.16
313,SOL/INR,1h,SHORT,2025-04-30 18:30:00+05:30,2025-05-01 00:30:00+05:30,144.71,12083.35,146.88,140.37,145.61,12158.35,INTRADAY_SQUAREOFF,0.01,55.55,0.306491,3703.44,-22.99,4.38,-27.37,-27.37,5555.16,5527.79
314,SOL/INR,1h,LONG,2025-05-01 11:30:00+05:30,2025-05-02 00:30:00+05:30,149.37,12472.29,147.13,153.85,151.07,12614.28,INTRADAY_SQUAREOFF,0.01,55.28,0.295471,3685.19,41.95,4.37,37.58,37.58,5527.79,5565.37
315,SOL/INR,1h,LONG,2025-05-02 03:30:00+05:30,2025-05-02 12:30:00+05:30,150.98,12606.81,148.72,155.51,148.64,12411.5,STOP_LOSS,0.01,55.65,0.294305,3710.25,-57.48,4.34,-61.83,-61.83,5565.37,5503.55
316,SOL/INR,1h,SHORT,2025-05-03 03:30:00+05:30,2025-05-04 00:30:00+05:30,147.44,12310.86,149.65,143.01,146.79,12257.3,INTRADAY_SQUAREOFF,0.01,55.04,0.298032,3669.03,15.96,4.32,11.64,11.64,5503.55,5515.19
317,SOL/INR,1h,SHORT,2025-05-04 05:30:00+05:30,2025-05-05 00:30:00+05:30,146.71,12250.08,148.91,142.31,146.81,12258.39,INTRADAY_SQUAREOFF,0.01,55.15,0.300144,3676.79,-2.5,4.34,-6.84,-6.84,5515.19,5508.35
318,SOL/INR,1h,SHORT,2025-05-05 04:30:00+05:30,2025-05-06 00:30:00+05:30,145.09,12115.01,147.27,140.74,146.7,12249.43,INTRADAY_SQUAREOFF,0.01,55.08,0.303114,3672.23,-40.74,4.36,-45.1,-45.1,5508.35,5463.25
319,SOL/INR,1h,LONG,2025-05-07 13:30:00+05:30,2025-05-07 23:30:00+05:30,147.31,12300.29,145.1,151.73,145.03,12109.72,STOP_LOSS,0.01,54.63,0.296104,3642.17,-56.43,4.26,-60.69,-60.69,5463.25,5402.56
320,SOL/INR,1h,LONG,2025-05-08 03:30:00+05:30,2025-05-08 13:30:00+05:30,147.57,12321.83,145.35,151.99,151.92,12685.14,TARGET_HIT,0.01,54.03,0.292303,3601.71,106.2,4.31,101.88,101.88,5402.56,5504.44
321,SOL/INR,1h,LONG,2025-05-09 02:30:00+05:30,2025-05-09 13:30:00+05:30,162.84,13597.06,160.4,167.72,167.64,13997.97,TARGET_HIT,0.01,55.04,0.269884,3669.63,108.2,4.39,103.81,103.81,5504.44,5608.25
322,SOL/INR,1h,LONG,2025-05-09 16:30:00+05:30,2025-05-09 18:30:00+05:30,174.09,14536.24,171.48,179.31,171.39,14311.03,STOP_LOSS,0.01,56.08,0.257208,3738.83,-57.92,4.38,-62.3,-62.3,5608.25,5545.95
323,SOL/INR,1h,LONG,2025-05-09 23:30:00+05:30,2025-05-10 01:30:00+05:30,171.94,14357.11,169.36,177.1,171.65,14332.59,INTRADAY_SQUAREOFF,0.01,55.46,0.257524,3697.3,-6.32,4.36,-10.68,-10.68,5545.95,5535.27
324,SOL/INR,1h,LONG,2025-05-10 04:30:00+05:30,2025-05-10 09:30:00+05:30,173.5,14487.11,170.9,178.7,170.81,14262.67,STOP_LOSS,0.01,55.35,0.254722,3690.18,-57.17,4.32,-61.49,-61.49,5535.27,5473.78
325,SOL/INR,1h,LONG,2025-05-10 13:30:00+05:30,2025-05-10 16:30:00+05:30,172.51,14404.31,169.92,177.68,169.83,14181.15,STOP_LOSS,0.01,54.74,0.25334,3649.19,-56.54,4.27,-60.81,-60.81,5473.78,5412.97
326,SOL/INR,1h,LONG,2025-05-10 18:30:00+05:30,2025-05-11 00:30:00+05:30,171.28,14301.6,168.71,176.41,172.42,14397.22,INTRADAY_SQUAREOFF,0.01,54.13,0.252325,3608.65,24.13,4.27,19.86,19.86,5412.97,5432.83
327,SOL/INR,1h,LONG,2025-05-11 02:30:00+05:30,2025-05-11 04:30:00+05:30,172.94,14440.86,170.35,178.13,178.04,14866.65,TARGET_HIT,0.01,54.33,0.250808,3621.89,106.79,4.34,102.45,102.45,5432.83,5535.29
328,SOL/INR,1h,SHORT,2025-05-12 04:30:00+05:30,2025-05-12 06:30:00+05:30,171.48,14318.39,174.05,166.33,174.14,14540.44,STOP_LOSS,0.01,55.35,0.257724,3690.19,-57.23,4.39,-61.61,-61.61,5535.29,5473.67
329,SOL/INR,1h,LONG,2025-05-14 10:30:00+05:30,2025-05-14 14:30:00+05:30,181.89,15187.45,179.16,187.34,179.07,14952.15,STOP_LOSS,0.01,54.74,0.240272,3649.11,-56.53,4.27,-60.81,-60.81,5473.67,5412.87
330,SOL/INR,1h,SHORT,2025-05-15 04:30:00+05:30,2025-05-15 12:30:00+05:30,175.47,14651.53,178.1,170.2,170.29,14219.09,TARGET_HIT,0.01,54.13,0.246294,3608.58,106.51,4.2,102.31,102.31,5412.87,5515.18
331,SOL/INR,1h,SHORT,2025-05-16 00:30:00+05:30,2025-05-16 05:30:00+05:30,169.45,14149.02,171.99,164.37,172.08,14368.43,STOP_LOSS,0.01,55.15,0.259862,3676.79,-57.02,4.37,-61.39,-61.39,5515.18,5453.79
332,SOL/INR,1h,SHORT,2025-05-16 14:30:00+05:30,2025-05-16 16:30:00+05:30,169.64,14165.24,172.19,164.55,172.27,14384.91,STOP_LOSS,0.01,54.54,0.256675,3635.86,-56.38,4.32,-60.71,-60.71,5453.79,5393.08
333,SOL/INR,1h,SHORT,2025-05-16 20:30:00+05:30,2025-05-17 00:30:00+05:30,171.12,14288.52,173.69,165.99,170.53,14239.28,INTRADAY_SQUAREOFF,0.01,53.93,0.251628,3595.39,12.39,4.24,8.15,8.15,5393.08,5401.24
334,SOL/INR,1h,SHORT,2025-05-17 02:30:00+05:30,2025-05-18 00:30:00+05:30,169.01,14112.11,171.54,163.94,165.8,13844.48,INTRADAY_SQUAREOFF,0.01,54.01,0.255159,3600.82,68.29,4.21,64.08,64.08,5401.24,5465.32
335,SOL/INR,1h,LONG,2025-05-18 18:30:00+05:30,2025-05-19 00:30:00+05:30,171.64,14332.13,169.07,176.79,168.98,14110.09,STOP_LOSS,0.01,54.65,0.254222,3643.54,-56.45,4.27,-60.71,-60.71,5465.32,5404.6
336,SOL/INR,1h,SHORT,2025-05-19 18:30:00+05:30,2025-05-19 20:30:00+05:30,160.29,13384.45,162.7,155.48,162.78,13592.01,STOP_LOSS,0.01,54.05,0.269198,3603.07,-55.87,4.28,-60.16,-60.16,5404.6,5344.44
337,SOL/INR,1h,LONG,2025-05-20 21:30:00+05:30,2025-05-21 00:30:00+05:30,167.23,13963.62,164.72,172.25,164.82,13762.73,INTRADAY_SQUAREOFF,0.01,53.44,0.25516,3562.96,-51.26,4.17,-55.43,-55.43,5344.44,5289.01
338,SOL/INR,1h,LONG,2025-05-21 17:30:00+05:30,2025-05-21 22:30:00+05:30,169.66,14166.45,167.11,174.75,167.03,13946.97,STOP_LOSS,0.01,52.89,0.248898,3526.01,-54.63,4.13,-58.76,-58.76,5289.01,5230.25
339,SOL/INR,1h,LONG,2025-05-22 13:30:00+05:30,2025-05-23 00:30:00+05:30,178.59,14912.25,175.91,183.95,179.48,14986.48,INTRADAY_SQUAREOFF,0.01,52.3,0.233824,3486.84,17.36,4.12,13.23,13.23,5230.25,5243.49
340,SOL/INR,1h,LONG,2025-05-23 05:30:00+05:30,2025-05-23 13:30:00+05:30,179.97,15027.13,177.27,185.36,185.27,15470.21,TARGET_HIT,0.01,52.43,0.232623,3495.66,103.07,4.19,98.88,98.88,5243.49,5342.37
341,SOL/INR,1h,SHORT,2025-05-24 00:30:00+05:30,2025-05-24 06:30:00+05:30,178.6,14912.77,181.28,173.24,173.32,14472.62,TARGET_HIT,0.01,53.42,0.238827,3561.58,105.12,4.14,100.98,100.98,5342.37,5443.35
342,SOL/INR,1h,SHORT,2025-05-24 12:30:00+05:30,2025-05-24 15:30:00+05:30,173.81,14513.14,176.42,168.6,176.51,14738.2,STOP_LOSS,0.01,54.43,0.250042,3628.9,-56.28,4.32,-60.59,-60.59,5443.35,5382.76
343,SOL/INR,1h,SHORT,2025-05-25 13:30:00+05:30,2025-05-26 00:30:00+05:30,172.03,14364.84,174.61,166.87,171.78,14343.42,INTRADAY_SQUAREOFF,0.01,53.83,0.249812,3588.51,5.35,4.23,1.12,1.12,5382.76,5383.88
344,SOL/INR,1h,LONG,2025-05-26 10:30:00+05:30,2025-05-26 22:30:00+05:30,177.36,14809.34,174.7,182.68,174.61,14579.9,STOP_LOSS,0.01,53.84,0.242364,3589.25,-55.61,4.2,-59.81,-59.81,5383.88,5324.07
345,SOL/INR,1h,SHORT,2025-05-27 07:30:00+05:30,2025-05-27 11:30:00+05:30,171.6,14329.0,174.18,166.46,174.27,14551.2,STOP_LOSS,0.01,53.24,0.247706,3549.38,-55.04,4.22,-59.26,-59.26,5324.07,5264.81
346,SOL/INR,1h,LONG,2025-05-27 21:30:00+05:30,2025-05-28 00:30:00+05:30,178.6,14913.1,175.92,183.96,178.59,14911.96,INTRADAY_SQUAREOFF,0.01,52.65,0.235355,3509.87,-0.27,4.14,-4.41,-4.41,5264.81,5260.4
347,SOL/INR,1h,SHORT,2025-05-28 19:30:00+05:30,2025-05-29 00:30:00+05:30,172.76,14425.48,175.35,167.58,170.12,14205.27,INTRADAY_SQUAREOFF,0.01,52.6,0.243107,3506.93,53.53,4.11,49.43,49.43,5260.4,5309.83
348,SOL/INR,1h,LONG,2025-05-29 14:30:00+05:30,2025-05-29 19:30:00+05:30,173.16,14458.47,170.56,178.35,170.47,14234.47,STOP_LOSS,0.01,53.1,0.244831,3539.88,-54.84,4.14,-58.99,-58.99,5309.83,5250.84
349,SOL/INR,1h,SHORT,2025-05-30 05:30:00+05:30,2025-05-30 18:30:00+05:30,166.31,13886.84,168.8,161.32,161.4,13476.97,TARGET_HIT,0.01,52.51,0.252078,3500.56,103.32,4.07,99.25,99.25,5250.84,5350.09
350,SOL/INR,1h,SHORT,2025-05-30 22:30:00+05:30,2025-05-31 00:30:00+05:30,157.03,13112.28,159.39,152.32,159.47,13315.62,STOP_LOSS,0.01,53.5,0.272014,3566.73,-55.31,4.24,-59.55,-59.55,5350.09,5290.54
351,SOL/INR,1h,SHORT,2025-05-31 02:30:00+05:30,2025-05-31 06:30:00+05:30,159.9,13351.9,162.3,155.11,155.18,12957.82,TARGET_HIT,0.01,52.91,0.264159,3527.02,104.1,4.1,100.0,100.0,5290.54,5390.54
352,SOL/INR,1h,SHORT,2025-05-31 15:30:00+05:30,2025-05-31 20:30:00+05:30,153.76,12838.72,156.06,149.14,156.14,13037.82,STOP_LOSS,0.01,53.91,0.27991,3593.69,-55.73,4.27,-60.0,-60.0,5390.54,5330.53
353,SOL/INR,1h,SHORT,2025-06-01 18:30:00+05:30,2025-06-01 20:30:00+05:30,150.88,12598.12,153.14,146.35,153.22,12793.48,STOP_LOSS,0.01,53.31,0.282081,3553.69,-55.11,4.23,-59.33,-59.33,5330.53,5271.2
354,SOL/INR,1h,LONG,2025-06-02 03:30:00+05:30,2025-06-02 13:30:00+05:30,157.14,13121.57,154.79,161.86,154.71,12918.29,STOP_LOSS,0.01,52.71,0.267813,3514.13,-54.44,4.11,-58.56,-58.56,5271.2,5212.64
355,SOL/INR,1h,LONG,2025-06-03 11:30:00+05:30,2025-06-04 00:30:00+05:30,159.68,13333.23,157.28,164.47,160.37,13390.61,INTRADAY_SQUAREOFF,0.01,52.13,0.260634,3475.09,14.95,4.11,10.84,10.84,5212.64,5223.49
356,SOL/INR,1h,SHORT,2025-06-04 17:30:00+05:30,2025-06-05 00:30:00+05:30,155.92,13019.47,158.26,151.24,155.79,13008.28,INTRADAY_SQUAREOFF,0.01,52.23,0.26747,3482.32,2.99,4.11,-1.11,-1.11,5223.49,5222.37
357,SOL/INR,1h,SHORT,2025-06-05 02:30:00+05:30,2025-06-05 19:30:00+05:30,154.19,12874.8,156.5,149.56,149.64,12494.8,TARGET_HIT,0.01,52.22,0.270418,3481.58,102.76,4.05,98.71,98.71,5222.37,5321.08
358,SOL/INR,1h,SHORT,2025-06-05 22:30:00+05:30,2025-06-06 00:30:00+05:30,148.72,12418.08,150.95,144.26,149.57,12489.13,INTRADAY_SQUAREOFF,0.01,53.21,0.285663,3547.39,-20.3,4.2,-24.49,-24.49,5321.08,5296.59
359,SOL/INR,1h,LONG,2025-06-07 18:30:00+05:30,2025-06-08 00:30:00+05:30,152.45,12729.34,150.16,157.02,150.56,12571.96,INTRADAY_SQUAREOFF,0.01,52.97,0.277395,3531.06,-43.66,4.14,-47.8,-47.8,5296.59,5248.79
360,SOL/INR,1h,LONG,2025-06-08 07:30:00+05:30,2025-06-09 00:30:00+05:30,150.33,12552.8,148.08,154.84,153.92,12852.51,INTRADAY_SQUAREOFF,0.01,52.49,0.278758,3499.19,83.55,4.18,79.37,79.37,5248.79,5328.16
361,SOL/INR,1h,LONG,2025-06-10 03:30:00+05:30,2025-06-10 19:30:00+05:30,159.55,13322.41,157.16,164.34,157.08,13116.01,STOP_LOSS,0.01,53.28,0.266626,3552.11,-55.03,4.16,-59.19,-59.19,5328.16,5268.97
362,SOL/INR,1h,LONG,2025-06-10 23:30:00+05:30,2025-06-11 01:30:00+05:30,158.6,13242.95,156.22,163.36,163.27,13633.42,TARGET_HIT,0.01,52.69,0.265247,3512.65,103.57,4.21,99.36,99.36,5268.97,5368.33
363,SOL/INR,1h,LONG,2025-06-11 09:30:00+05:30,2025-06-11 15:30:00+05:30,167.31,13970.74,164.8,172.33,164.72,13754.3,STOP_LOSS,0.01,53.68,0.25617,3578.89,-55.45,4.19,-59.64,-59.64,5368.33,5308.7
364,SOL/INR,1h,LONG,2025-06-11 18:30:00+05:30,2025-06-11 22:30:00+05:30,167.36,13974.2,164.85,172.38,164.76,13757.71,STOP_LOSS,0.01,53.09,0.253262,3539.13,-54.83,4.14,-58.97,-58.97,5308.7,5249.72
365,SOL/INR,1h,SHORT,2025-06-12 17:30:00+05:30,2025-06-12 19:30:00+05:30,157.63,13162.52,160.0,152.91,160.08,13366.63,STOP_LOSS,0.01,52.5,0.265893,3499.82,-54.27,4.16,-58.44,-58.44,5249.72,5191.29
366,SOL/INR,1h,SHORT,2025-06-12 21:30:00+05:30,2025-06-12 23:30:00+05:30,156.61,13076.77,158.96,151.91,159.04,13279.56,STOP_LOSS,0.01,51.91,0.264657,3460.86,-53.67,4.12,-57.78,-57.78,5191.29,5133.5
367,SOL/INR,1h,SHORT,2025-06-13 06:30:00+05:30,2025-06-13 13:30:00+05:30,143.92,12016.91,146.07,139.6,146.15,12203.26,STOP_LOSS,0.01,51.34,0.284793,3422.34,-53.07,4.07,-57.14,-57.14,5133.5,5076.36
368,SOL/INR,1h,SHORT,2025-06-14 01:30:00+05:30,2025-06-14 03:30:00+05:30,144.88,12097.23,147.05,140.53,147.12,12284.83,STOP_LOSS,0.01,50.76,0.279753,3384.24,-52.48,4.02,-56.51,-56.51,5076.36,5019.86
369,SOL/INR,1h,SHORT,2025-06-14 07:30:00+05:30,2025-06-15 00:30:00+05:30,146.87,12263.83,149.08,142.47,144.24,12044.13,INTRADAY_SQUAREOFF,0.01,50.2,0.272881,3346.57,59.95,3.91,56.04,56.04,5019.86,5075.9
370,SOL/INR,1h,LONG,2025-06-15 17:30:00+05:30,2025-06-15 19:30:00+05:30,146.64,12244.82,144.44,151.04,150.97,12605.86,TARGET_HIT,0.01,50.76,0.276356,3383.93,99.78,4.05,95.72,95.72,5075.9,5171.62
371,SOL/INR,1h,LONG,2025-06-16 00:30:00+05:30,2025-06-16 02:30:00+05:30,152.83,12761.13,150.54,157.41,150.46,12563.43,STOP_LOSS,0.01,51.72,0.270175,3447.75,-53.41,4.04,-57.45,-57.45,5171.62,5114.17
372,SOL/INR,1h,LONG,2025-06-16 07:30:00+05:30,2025-06-17 00:30:00+05:30,156.21,13043.92,153.87,160.9,158.03,13195.29,INTRADAY_SQUAREOFF,0.01,51.14,0.261382,3409.44,39.56,4.05,35.52,35.52,5114.17,5149.68
373,SOL/INR,1h,SHORT,2025-06-17 12:30:00+05:30,2025-06-17 20:30:00+05:30,152.79,12758.35,155.09,148.21,148.28,12381.79,TARGET_HIT,0.01,51.5,0.269088,3433.12,101.33,3.99,97.34,97.34,5149.68,5247.02
374,SOL/INR,1h,SHORT,2025-06-18 04:30:00+05:30,2025-06-18 06:30:00+05:30,146.73,12252.02,148.93,142.33,149.01,12442.02,STOP_LOSS,0.01,52.47,0.285505,3498.01,-54.25,4.16,-58.41,-58.41,5247.02,5188.62
375,SOL/INR,1h,SHORT,2025-06-18 12:30:00+05:30,2025-06-19 00:30:00+05:30,147.03,12276.9,149.23,142.62,144.28,12047.57,INTRADAY_SQUAREOFF,0.01,51.89,0.281755,3459.08,64.62,4.04,60.57,60.57,5188.62,5249.19
376,SOL/INR,1h,SHORT,2025-06-19 05:30:00+05:30,2025-06-20 00:30:00+05:30,146.1,12199.54,148.29,141.72,145.2,12123.91,INTRADAY_SQUAREOFF,0.01,52.49,0.286852,3499.46,21.69,4.12,17.58,17.58,5249.19,5266.77
377,SOL/INR,1h,LONG,2025-06-20 12:30:00+05:30,2025-06-20 20:30:00+05:30,145.65,12161.49,143.46,150.02,143.39,11973.08,STOP_LOSS,0.01,52.67,0.288713,3511.18,-54.4,4.11,-58.51,-58.51,5266.77,5208.26
378,SOL/INR,1h,SHORT,2025-06-21 04:30:00+05:30,2025-06-21 08:30:00+05:30,138.88,11596.83,140.97,134.72,141.04,11776.67,STOP_LOSS,0.01,52.08,0.299407,3472.17,-53.84,4.13,-57.97,-57.97,5208.26,5150.29
379,SOL/INR,1h,SHORT,2025-06-21 18:30:00+05:30,2025-06-22 00:30:00+05:30,141.63,11825.93,143.75,137.38,137.8,11506.47,INTRADAY_SQUAREOFF,0.01,51.5,0.290339,3433.52,92.75,4.0,88.75,88.75,5150.29,5239.04
380,SOL/INR,1h,SHORT,2025-06-22 03:30:00+05:30,2025-06-22 05:30:00+05:30,132.79,11088.14,134.78,128.81,134.85,11260.09,STOP_LOSS,0.01,52.39,0.314994,3492.69,-54.16,4.15,-58.32,-58.32,5239.04,5180.72
381,SOL/INR,1h,SHORT,2025-06-22 19:30:00+05:30,2025-06-22 21:30:00+05:30,127.65,10658.94,129.57,123.82,129.63,10824.23,STOP_LOSS,0.01,51.81,0.32403,3453.82,-53.56,4.11,-57.67,-57.67,5180.72,5123.06
382,SOL/INR,1h,LONG,2025-06-23 23:30:00+05:30,2025-06-24 01:30:00+05:30,137.04,11443.04,134.99,141.15,141.08,11780.44,TARGET_HIT,0.01,51.23,0.298467,3415.37,100.7,4.09,96.61,96.61,5123.06,5219.67
383,SOL/INR,1h,LONG,2025-06-24 11:30:00+05:30,2025-06-24 16:30:00+05:30,145.66,12162.39,143.47,150.03,143.4,11973.97,STOP_LOSS,0.01,52.2,0.28611,3479.78,-53.91,4.07,-57.98,-57.98,5219.67,5161.69
384,SOL/INR,1h,LONG,2025-06-24 22:30:00+05:30,2025-06-25 00:30:00+05:30,145.99,12189.76,143.8,150.36,143.72,12000.91,STOP_LOSS,0.01,51.62,0.282296,3441.12,-53.31,4.03,-57.34,-57.34,5161.69,5104.34
385,SOL/INR,1h,LONG,2025-06-25 02:30:00+05:30,2025-06-26 00:30:00+05:30,145.17,12122.11,143.0,149.53,143.33,11968.24,INTRADAY_SQUAREOFF,0.01,51.04,0.280718,3402.9,-43.19,3.99,-47.18,-47.18,5104.34,5057.16
386,SOL/INR,1h,SHORT,2025-06-26 11:30:00+05:30,2025-06-27 00:30:00+05:30,144.18,12039.07,146.34,139.86,141.64,11826.62,INTRADAY_SQUAREOFF,0.01,50.57,0.280041,3371.44,59.5,3.94,55.55,55.55,5057.16,5112.71
387,SOL/INR,1h,SHORT,2025-06-27 03:30:00+05:30,2025-06-27 12:30:00+05:30,139.78,11671.27,141.87,135.58,141.94,11852.26,STOP_LOSS,0.01,51.13,0.29204,3408.48,-52.86,4.05,-56.91,-56.91,5112.71,5055.8
388,SOL/INR,1h,SHORT,2025-06-27 18:30:00+05:30,2025-06-27 20:30:00+05:30,141.28,11796.92,143.4,137.04,143.47,11979.86,STOP_LOSS,0.01,50.56,0.285713,3370.54,-52.27,4.01,-56.28,-56.28,5055.8,4999.53
389,SOL/INR,1h,LONG,2025-06-28 15:30:00+05:30,2025-06-28 22:30:00+05:30,147.52,12318.04,145.31,151.95,151.87,12681.24,TARGET_HIT,0.01,50.0,0.27058,3333.02,98.27,3.99,94.28,94.28,4999.53,5093.81
390,SOL/INR,1h,LONG,2025-06-29 03:30:00+05:30,2025-06-30 00:30:00+05:30,151.03,12610.87,148.76,155.56,151.98,12690.57,INTRADAY_SQUAREOFF,0.01,50.94,0.269282,3395.87,21.46,4.02,17.44,17.44,5093.81,5111.25
391,SOL/INR,1h,LONG,2025-06-30 05:30:00+05:30,2025-06-30 09:30:00+05:30,153.62,12827.14,151.31,158.23,151.24,12628.41,STOP_LOSS,0.01,51.11,0.265648,3407.5,-52.79,3.99,-56.78,-56.78,5111.25,5054.47
392,SOL/INR,1h,LONG,2025-07-01 01:30:00+05:30,2025-07-01 03:30:00+05:30,157.77,13174.12,155.41,162.51,155.33,12970.02,STOP_LOSS,0.01,50.54,0.255778,3369.65,-52.2,3.95,-56.15,-56.15,5054.47,4998.32
393,SOL/INR,1h,SHORT,2025-07-02 00:30:00+05:30,2025-07-02 08:30:00+05:30,146.31,12216.58,148.5,141.92,148.58,12406.03,STOP_LOSS,0.01,49.98,0.272762,3332.22,-51.67,3.96,-55.64,-55.64,4998.32,4942.69
394,SOL/INR,1h,LONG,2025-07-03 11:30:00+05:30,2025-07-03 17:30:00+05:30,155.91,13018.74,153.57,160.59,153.5,12817.05,STOP_LOSS,0.01,49.43,0.253106,3295.12,-51.05,3.86,-54.91,-54.91,4942.69,4887.78
395,SOL/INR,1h,SHORT,2025-07-04 05:30:00+05:30,2025-07-04 20:30:00+05:30,152.18,12706.9,154.46,147.61,147.69,12331.86,TARGET_HIT,0.01,48.88,0.256437,3258.52,96.18,3.79,92.39,92.39,4887.78,4980.17
396,SOL/INR,1h,SHORT,2025-07-05 19:30:00+05:30,2025-07-06 00:30:00+05:30,147.91,12350.75,150.13,143.48,146.56,12237.81,INTRADAY_SQUAREOFF,0.01,49.8,0.268819,3320.11,30.36,3.9,26.46,26.46,4980.17,5006.63
397,SOL/INR,1h,SHORT,2025-07-06 15:30:00+05:30,2025-07-06 18:30:00+05:30,146.93,12268.7,149.13,142.52,149.21,12458.96,STOP_LOSS,0.01,50.07,0.272054,3337.75,-51.76,3.97,-55.73,-55.73,5006.63,4950.9
398,SOL/INR,1h,LONG,2025-07-06 22:30:00+05:30,2025-07-07 00:30:00+05:30,153.13,12786.27,150.83,157.72,150.76,12588.18,STOP_LOSS,0.01,49.51,0.258136,3300.6,-51.13,3.86,-55.0,-55.0,4950.9,4895.9
399,SOL/INR,1h,LONG,2025-07-07 08:30:00+05:30,2025-07-07 21:30:00+05:30,152.72,12751.79,150.43,157.3,150.35,12554.23,STOP_LOSS,0.01,48.96,0.255959,3263.93,-50.57,3.82,-54.39,-54.39,4895.9,4841.51
400,SOL/INR,1h,SHORT,2025-07-08 08:30:00+05:30,2025-07-08 13:30:00+05:30,147.9,12349.62,150.12,143.46,150.19,12541.13,STOP_LOSS,0.01,48.42,0.261358,3227.67,-50.05,3.84,-53.89,-53.89,4841.51,4787.62
401,SOL/INR,1h,LONG,2025-07-09 05:30:00+05:30,2025-07-10 00:30:00+05:30,151.94,12687.06,149.66,156.5,156.42,13061.13,TARGET_HIT,0.01,47.88,0.251575,3191.75,94.11,3.82,90.29,90.29,4787.62,4877.91
402,SOL/INR,1h,LONG,2025-07-10 04:30:00+05:30,2025-07-11 00:30:00+05:30,157.95,13188.75,155.58,162.69,159.07,13282.0,INTRADAY_SQUAREOFF,0.01,48.78,0.246569,3251.94,22.99,3.85,19.14,19.14,4877.91,4897.05
403,SOL/INR,1h,LONG,2025-07-11 08:30:00+05:30,2025-07-11 20:30:00+05:30,165.08,13783.9,162.6,170.03,162.52,13570.35,STOP_LOSS,0.01,48.97,0.236849,3264.7,-50.58,3.82,-54.4,-54.4,4897.05,4842.64
404,SOL/INR,1h,SHORT,2025-07-13 02:30:00+05:30,2025-07-13 06:30:00+05:30,159.1,13285.09,161.49,154.33,161.57,13491.11,STOP_LOSS,0.01,48.43,0.243012,3228.43,-50.06,3.84,-53.9,-53.9,4842.64,4788.74
405,SOL/INR,1h,LONG,2025-07-14 13:30:00+05:30,2025-07-14 20:30:00+05:30,167.59,13993.9,165.08,172.62,165.0,13777.1,STOP_LOSS,0.01,47.89,0.228135,3192.49,-49.46,3.74,-53.2,-53.2,4788.74,4735.54
406,SOL/INR,1h,SHORT,2025-07-15 13:30:00+05:30,2025-07-15 19:30:00+05:30,159.46,13314.77,161.85,154.67,161.93,13521.25,STOP_LOSS,0.01,47.36,0.237107,3157.03,-48.96,3.75,-52.71,-52.71,4735.54,4682.83
407,SOL/INR,1h,SHORT,2025-07-16 01:30:00+05:30,2025-07-16 04:30:00+05:30,160.08,13366.4,162.48,155.27,162.56,13573.68,STOP_LOSS,0.01,46.83,0.233562,3121.89,-48.41,3.71,-52.13,-52.13,4682.83,4630.71
408,SOL/INR,1h,LONG,2025-07-16 12:30:00+05:30,2025-07-16 21:30:00+05:30,164.09,13701.16,161.62,169.01,168.92,14105.14,TARGET_HIT,0.01,46.31,0.225319,3087.14,91.02,3.7,87.33,87.33,4630.71,4718.03
409,SOL/INR,1h,LONG,2025-07-17 18:30:00+05:30,2025-07-17 20:30:00+05:30,177.53,14823.69,174.87,182.86,174.78,14594.04,STOP_LOSS,0.01,47.18,0.212184,3145.36,-48.73,3.68,-52.41,-52.41,4718.03,4665.62
410,SOL/INR,1h,LONG,2025-07-18 00:30:00+05:30,2025-07-18 06:30:00+05:30,174.83,14598.2,172.21,180.07,179.98,15028.63,TARGET_HIT,0.01,46.66,0.213068,3110.41,91.71,3.72,87.99,87.99,4665.62,4753.61
411,SOL/INR,1h,LONG,2025-07-18 09:30:00+05:30,2025-07-18 16:30:00+05:30,181.06,15118.76,178.35,186.49,178.26,14884.53,STOP_LOSS,0.01,47.54,0.209612,3169.07,-49.1,3.71,-52.81,-52.81,4753.61,4700.8
412,SOL/INR,1h,LONG,2025-07-18 18:30:00+05:30,2025-07-18 20:30:00+05:30,180.12,15040.05,177.42,185.52,177.33,14807.04,STOP_LOSS,0.01,47.01,0.208368,3133.87,-48.55,3.67,-52.22,-52.22,4700.8,4648.58
413,SOL/INR,1h,LONG,2025-07-20 18:30:00+05:30,2025-07-21 00:30:00+05:30,181.87,15185.86,179.14,187.32,182.24,15216.64,INTRADAY_SQUAREOFF,0.01,46.49,0.204075,3099.05,6.28,3.66,2.62,2.62,4648.58,4651.2
414,SOL/INR,1h,LONG,2025-07-21 08:30:00+05:30,2025-07-21 12:30:00+05:30,184.26,15385.52,181.49,189.79,189.69,15839.16,TARGET_HIT,0.01,46.51,0.20154,3100.8,91.43,3.71,87.71,87.71,4651.2,4738.92
415,SOL/INR,1h,LONG,2025-07-21 18:30:00+05:30,2025-07-21 20:30:00+05:30,191.86,16020.15,188.98,197.61,197.52,16492.51,TARGET_HIT,0.01,47.39,0.197206,3159.28,93.15,3.78,89.37,89.37,4738.92,4828.28
416,SOL/INR,1h,LONG,2025-07-22 03:30:00+05:30,2025-07-22 07:30:00+05:30,196.68,16422.52,193.73,202.58,202.48,16906.74,TARGET_HIT,0.01,48.28,0.196003,3218.86,94.91,3.85,91.05,91.05,4828.28,4919.34
417,SOL/INR,1h,LONG,2025-07-22 16:30:00+05:30,2025-07-23 00:30:00+05:30,199.08,16622.97,196.09,205.05,203.05,16954.42,INTRADAY_SQUAREOFF,0.01,49.19,0.197291,3279.56,65.39,3.91,61.48,61.48,4919.34,4980.82
418,SOL/INR,1h,SHORT,2025-07-23 22:30:00+05:30,2025-07-24 00:30:00+05:30,188.85,15769.29,191.69,183.19,190.25,15886.27,INTRADAY_SQUAREOFF,0.01,49.81,0.210571,3320.55,-24.63,3.93,-28.56,-28.56,4980.82,4952.26
419,SOL/INR,1h,SHORT,2025-07-24 10:30:00+05:30,2025-07-24 19:30:00+05:30,185.61,15498.54,188.4,180.04,188.49,15738.88,STOP_LOSS,0.01,49.52,0.21302,3301.51,-51.2,3.93,-55.12,-55.12,4952.26,4897.13
420,SOL/INR,1h,SHORT,2025-07-25 20:30:00+05:30,2025-07-25 22:30:00+05:30,177.07,14785.13,179.72,171.76,179.81,15014.41,STOP_LOSS,0.01,48.97,0.220813,3264.76,-50.63,3.88,-54.51,-54.51,4897.13,4842.62
421,SOL/INR,1h,LONG,2025-07-26 08:30:00+05:30,2025-07-27 00:30:00+05:30,186.81,15598.67,184.01,192.41,186.09,15538.67,INTRADAY_SQUAREOFF,0.01,48.43,0.206967,3228.42,-12.42,3.8,-16.22,-16.22,4842.62,4826.4
422,SOL/INR,1h,LONG,2025-07-27 16:30:00+05:30,2025-07-27 19:30:00+05:30,188.46,15736.28,185.63,194.11,185.54,15492.49,STOP_LOSS,0.01,48.26,0.20447,3217.6,-49.85,3.77,-53.62,-53.62,4826.4,4772.79
423,SOL/INR,1h,LONG,2025-07-27 23:30:00+05:30,2025-07-28 01:30:00+05:30,188.29,15722.38,185.47,193.94,186.98,15612.54,INTRADAY_SQUAREOFF,0.01,47.73,0.202378,3181.86,-22.23,3.74,-25.97,-25.97,4772.79,4746.81
424,SOL/INR,1h,LONG,2025-07-28 08:30:00+05:30,2025-07-28 19:30:00+05:30,191.94,16026.85,189.06,197.7,188.96,15778.56,STOP_LOSS,0.01,47.47,0.197453,3164.54,-49.03,3.71,-52.73,-52.73,4746.81,4694.08
425,SOL/INR,1h,SHORT,2025-07-29 03:30:00+05:30,2025-07-29 12:30:00+05:30,183.68,15337.65,186.44,178.17,186.53,15575.5,STOP_LOSS,0.01,46.94,0.204033,3129.39,-48.53,3.72,-52.25,-52.25,4694.08,4641.83
426,SOL/INR,1h,SHORT,2025-07-29 15:30:00+05:30,2025-07-29 21:30:00+05:30,184.31,15389.86,187.07,178.78,178.87,14935.63,TARGET_HIT,0.01,46.42,0.201078,3094.55,91.34,3.6,87.74,87.74,4641.83,4729.57
427,SOL/INR,1h,SHORT,2025-07-30 02:30:00+05:30,2025-07-30 12:30:00+05:30,179.64,15000.2,182.34,174.25,182.43,15232.82,STOP_LOSS,0.01,47.3,0.2102,3153.05,-48.9,3.75,-52.65,-52.65,4729.57,4676.93
428,SOL/INR,1h,SHORT,2025-07-30 15:30:00+05:30,2025-07-31 00:30:00+05:30,178.81,14930.4,181.49,173.44,173.53,14489.73,TARGET_HIT,0.01,46.77,0.208832,3117.95,92.03,3.62,88.4,88.4,4676.93,4765.33
429,SOL/INR,1h,SHORT,2025-07-31 23:30:00+05:30,2025-08-01 01:30:00+05:30,177.0,14779.89,179.66,171.69,175.22,14630.91,INTRADAY_SQUAREOFF,0.01,47.65,0.214946,3176.88,32.02,3.73,28.29,28.29,4765.33,4793.62
430,SOL/INR,1h,SHORT,2025-08-01 03:30:00+05:30,2025-08-01 13:30:00+05:30,173.18,14460.19,175.77,167.98,168.06,14033.39,TARGET_HIT,0.01,47.94,0.221003,3195.75,94.32,3.72,90.61,90.61,4793.62,4884.23
431,SOL/INR,1h,SHORT,2025-08-01 19:30:00+05:30,2025-08-01 21:30:00+05:30,165.42,13812.52,167.9,160.46,167.98,14026.72,STOP_LOSS,0.01,48.84,0.235739,3256.15,-50.49,3.87,-54.37,-54.37,4884.23,4829.86
432,SOL/INR,1h,SHORT,2025-08-02 12:30:00+05:30,2025-08-02 16:30:00+05:30,162.12,13537.43,164.56,157.26,164.64,13747.36,STOP_LOSS,0.01,48.3,0.237852,3219.91,-49.93,3.83,-53.76,-53.76,4829.86,4776.1
433,SOL/INR,1h,SHORT,2025-08-02 20:30:00+05:30,2025-08-02 23:30:00+05:30,162.47,13566.11,164.91,157.59,157.67,13165.7,TARGET_HIT,0.01,47.76,0.234707,3184.07,93.98,3.7,90.28,90.28,4776.1,4866.37
434,SOL/INR,1h,SHORT,2025-08-03 11:30:00+05:30,2025-08-03 16:30:00+05:30,160.2,13376.79,162.6,155.4,162.69,13584.23,STOP_LOSS,0.01,48.66,0.242528,3244.25,-50.31,3.86,-54.17,-54.17,4866.37,4812.21
435,SOL/INR,1h,SHORT,2025-08-03 19:30:00+05:30,2025-08-04 00:30:00+05:30,160.88,13433.19,163.29,156.05,162.01,13527.45,INTRADAY_SQUAREOFF,0.01,48.12,0.238822,3208.14,-22.51,3.8,-26.31,-26.31,4812.21,4785.9
436,SOL/INR,1h,LONG,2025-08-04 13:30:00+05:30,2025-08-04 22:30:00+05:30,163.31,13636.18,160.86,168.21,168.12,14038.24,TARGET_HIT,0.01,47.86,0.23398,3190.6,94.07,3.82,90.25,90.25,4785.9,4876.15
437,SOL/INR,1h,LONG,2025-08-05 03:30:00+05:30,2025-08-05 12:30:00+05:30,168.81,14096.03,166.28,173.88,166.2,13877.65,STOP_LOSS,0.01,48.76,0.230616,3250.77,-50.36,3.81,-54.17,-54.17,4876.15,4821.98
438,SOL/INR,1h,LONG,2025-08-05 15:30:00+05:30,2025-08-05 19:30:00+05:30,169.37,14142.76,166.83,174.46,166.75,13923.65,STOP_LOSS,0.01,48.22,0.2273,3214.66,-49.8,3.76,-53.57,-53.57,4821.98,4768.42
439,SOL/INR,1h,SHORT,2025-08-06 01:30:00+05:30,2025-08-06 19:30:00+05:30,162.51,13569.92,164.95,157.64,165.03,13780.36,STOP_LOSS,0.01,47.68,0.234264,3178.94,-49.3,3.78,-53.08,-53.08,4768.42,4715.34
440,SOL/INR,1h,LONG,2025-08-07 11:30:00+05:30,2025-08-08 00:30:00+05:30,168.82,14096.16,166.28,173.88,169.83,14180.4,INTRADAY_SQUAREOFF,0.01,47.15,0.223008,3143.56,18.79,3.72,15.07,15.07,4715.34,4730.41
441,SOL/INR,1h,LONG,2025-08-08 13:30:00+05:30,2025-08-08 20:30:00+05:30,177.71,14838.69,175.04,183.04,174.96,14608.8,STOP_LOSS,0.01,47.3,0.212526,3153.6,-48.86,3.69,-52.55,-52.55,4730.41,4677.86
442,SOL/INR,1h,LONG,2025-08-08 23:30:00+05:30,2025-08-09 01:30:00+05:30,179.35,14975.65,176.66,184.73,178.05,14866.95,INTRADAY_SQUAREOFF,0.01,46.78,0.208243,3118.57,-22.64,3.67,-26.3,-26.3,4677.86,4651.55
443,SOL/INR,1h,LONG,2025-08-09 07:30:00+05:30,2025-08-10 00:30:00+05:30,178.75,14925.94,176.07,184.12,181.93,15191.3,INTRADAY_SQUAREOFF,0.01,46.52,0.207762,3101.04,55.13,3.69,51.44,51.44,4651.55,4702.99
444,SOL/INR,1h,LONG,2025-08-10 06:30:00+05:30,2025-08-10 12:30:00+05:30,182.58,15245.05,179.84,188.05,179.75,15008.86,STOP_LOSS,0.01,47.03,0.205662,3135.33,-48.57,3.67,-52.25,-52.25,4702.99,4650.75
445,SOL/INR,1h,LONG,2025-08-11 10:30:00+05:30,2025-08-11 12:30:00+05:30,186.39,15563.57,183.59,191.98,183.5,15322.45,STOP_LOSS,0.01,46.51,0.199215,3100.5,-48.03,3.63,-51.66,-51.66,4650.75,4599.08
446,SOL/INR,1h,SHORT,2025-08-12 01:30:00+05:30,2025-08-12 18:30:00+05:30,175.83,14681.82,178.47,170.56,178.56,14909.5,STOP_LOSS,0.01,45.99,0.208833,3066.06,-47.55,3.65,-51.19,-51.19,4599.08,4547.89
447,SOL/INR,1h,LONG,2025-08-13 06:30:00+05:30,2025-08-13 14:30:00+05:30,194.51,16241.53,191.59,200.34,200.24,16720.41,TARGET_HIT,0.01,45.48,0.186677,3031.93,89.4,3.63,85.77,85.77,4547.89,4633.66
448,SOL/INR,1h,SHORT,2025-08-15 15:30:00+05:30,2025-08-15 19:30:00+05:30,193.88,16188.78,196.79,188.06,188.16,15710.96,TARGET_HIT,0.01,46.34,0.190818,3089.1,91.17,3.59,87.58,87.58,4633.66,4721.24
449,SOL/INR,1h,SHORT,2025-08-16 11:30:00+05:30,2025-08-16 13:30:00+05:30,186.34,15559.39,189.14,180.75,189.23,15800.67,STOP_LOSS,0.01,47.21,0.202289,3147.49,-48.81,3.74,-52.55,-52.55,4721.24,4668.69
450,SOL/INR,1h,SHORT,2025-08-17 03:30:00+05:30,2025-08-17 07:30:00+05:30,188.56,15744.56,191.39,182.9,191.48,15988.72,STOP_LOSS,0.01,46.69,0.197685,3112.46,-48.27,3.7,-51.97,-51.97,4668.69,4616.72
451,SOL/INR,1h,LONG,2025-08-17 14:30:00+05:30,2025-08-18 00:30:00+05:30,193.54,16160.51,190.64,199.35,192.16,16045.6,INTRADAY_SQUAREOFF,0.01,46.17,0.190453,3077.81,-21.89,3.62,-25.5,-25.5,4616.72,4591.22
452,SOL/INR,1h,SHORT,2025-08-18 12:30:00+05:30,2025-08-18 21:30:00+05:30,180.9,15104.91,183.61,175.47,183.7,15339.15,STOP_LOSS,0.01,45.91,0.202637,3060.81,-47.47,3.64,-51.11,-51.11,4591.22,4540.11
453,SOL/INR,1h,SHORT,2025-08-19 05:30:00+05:30,2025-08-19 21:30:00+05:30,182.82,15265.27,185.56,177.33,177.42,14814.72,TARGET_HIT,0.01,45.4,0.198276,3026.74,89.33,3.52,85.82,85.82,4540.11,4625.93
454,SOL/INR,1h,SHORT,2025-08-20 05:30:00+05:30,2025-08-20 07:30:00+05:30,176.03,14698.16,178.67,170.75,178.76,14926.09,STOP_LOSS,0.01,46.26,0.209819,3083.95,-47.82,3.67,-51.49,-51.49,4625.93,4574.43
455,SOL/INR,1h,SHORT,2025-08-20 19:30:00+05:30,2025-08-20 21:30:00+05:30,178.91,14938.67,181.59,173.54,181.68,15170.33,STOP_LOSS,0.01,45.74,0.204143,3049.62,-47.29,3.63,-50.92,-50.92,4574.43,4523.52
456,SOL/INR,1h,LONG,2025-08-21 01:30:00+05:30,2025-08-21 14:30:00+05:30,187.66,15669.77,184.85,193.29,184.75,15427.01,STOP_LOSS,0.01,45.24,0.192452,3015.68,-46.72,3.53,-50.25,-50.25,4523.52,4473.26
457,SOL/INR,1h,SHORT,2025-08-22 01:30:00+05:30,2025-08-22 07:30:00+05:30,179.94,15024.66,182.64,174.54,182.73,15257.65,STOP_LOSS,0.01,44.73,0.198485,2982.18,-46.25,3.55,-49.79,-49.79,4473.26,4423.47
458,SOL/INR,1h,SHORT,2025-08-22 09:30:00+05:30,2025-08-22 12:30:00+05:30,181.39,15146.15,184.11,175.95,184.2,15381.03,STOP_LOSS,0.01,44.23,0.194702,2948.98,-45.73,3.51,-49.24,-49.24,4423.47,4374.23
459,SOL/INR,1h,SHORT,2025-08-22 16:30:00+05:30,2025-08-22 19:30:00+05:30,180.97,15110.83,183.68,175.54,183.77,15345.16,STOP_LOSS,0.01,43.74,0.192985,2916.16,-45.22,3.47,-48.69,-48.69,4374.23,4325.54
460,SOL/INR,1h,LONG,2025-08-23 01:30:00+05:30,2025-08-23 07:30:00+05:30,199.2,16632.94,196.21,205.17,196.11,16375.26,STOP_LOSS,0.01,43.26,0.173373,2883.7,-44.68,3.38,-48.05,-48.05,4325.54,4277.49
461,SOL/INR,1h,LONG,2025-08-23 09:30:00+05:30,2025-08-23 11:30:00+05:30,198.5,16574.75,195.52,204.45,204.35,17063.45,TARGET_HIT,0.01,42.77,0.172049,2851.66,84.08,3.41,80.67,80.67,4277.49,4358.16
462,SOL/INR,1h,LONG,2025-08-23 20:30:00+05:30,2025-08-24 00:30:00+05:30,203.08,16957.22,200.03,209.17,203.77,17014.63,INTRADAY_SQUAREOFF,0.01,43.58,0.171339,2905.44,9.84,3.43,6.4,6.4,4358.16,4364.56
463,SOL/INR,1h,LONG,2025-08-24 14:30:00+05:30,2025-08-24 16:30:00+05:30,208.1,17376.26,204.98,214.34,204.88,17107.06,STOP_LOSS,0.01,43.65,0.167453,2909.71,-45.08,3.41,-48.49,-48.49,4364.56,4316.08
464,SOL/INR,1h,SHORT,2025-08-25 21:30:00+05:30,2025-08-26 00:30:00+05:30,196.34,16394.15,199.28,190.45,196.76,16429.51,INTRADAY_SQUAREOFF,0.01,43.16,0.175513,2877.38,-6.21,3.4,-9.6,-9.6,4316.08,4306.47
465,SOL/INR,1h,SHORT,2025-08-26 06:30:00+05:30,2025-08-26 10:30:00+05:30,186.18,15545.63,188.97,180.59,189.06,15786.7,STOP_LOSS,0.01,43.06,0.184681,2870.98,-44.52,3.41,-47.94,-47.94,4306.47,4258.53
466,SOL/INR,1h,SHORT,2025-08-26 12:30:00+05:30,2025-08-26 17:30:00+05:30,187.51,15656.84,190.32,181.88,190.41,15899.64,STOP_LOSS,0.01,42.59,0.181328,2839.02,-44.03,3.38,-47.4,-47.4,4258.53,4211.13
467,SOL/INR,1h,LONG,2025-08-27 08:30:00+05:30,2025-08-27 17:30:00+05:30,199.56,16662.95,196.56,205.54,205.44,17154.26,TARGET_HIT,0.01,42.11,0.168483,2807.42,82.78,3.36,79.42,79.42,4211.13,4290.55
468,SOL/INR,1h,LONG,2025-08-27 20:30:00+05:30,2025-08-28 00:30:00+05:30,207.63,17337.43,204.52,213.86,209.15,17463.98,INTRADAY_SQUAREOFF,0.01,42.91,0.164982,2860.37,20.88,3.39,17.49,17.49,4290.55,4308.04
469,SOL/INR,1h,LONG,2025-08-28 20:30:00+05:30,2025-08-28 22:30:00+05:30,215.51,17995.25,212.28,221.98,212.17,17716.46,STOP_LOSS,0.01,43.08,0.159599,2872.03,-44.49,3.36,-47.86,-47.86,4308.04,4260.18
470,SOL/INR,1h,LONG,2025-08-29 02:30:00+05:30,2025-08-29 12:30:00+05:30,213.61,17836.53,210.41,220.02,210.3,17560.2,STOP_LOSS,0.01,42.6,0.159231,2840.12,-44.0,3.33,-47.33,-47.33,4260.18,4212.86
471,SOL/INR,1h,SHORT,2025-08-29 21:30:00+05:30,2025-08-30 00:30:00+05:30,205.58,17166.2,208.67,199.42,202.28,16890.39,INTRADAY_SQUAREOFF,0.01,42.13,0.16361,2808.57,45.13,3.29,41.84,41.84,4212.86,4254.69
472,SOL/INR,1h,SHORT,2025-08-30 02:30:00+05:30,2025-08-30 04:30:00+05:30,201.21,16800.85,204.23,195.17,204.33,17061.39,STOP_LOSS,0.01,42.55,0.168829,2836.46,-43.99,3.37,-47.36,-47.36,4254.69,4207.33
473,SOL/INR,1h,SHORT,2025-08-30 07:30:00+05:30,2025-08-30 09:30:00+05:30,201.72,16843.45,204.74,195.67,204.85,17104.65,STOP_LOSS,0.01,42.07,0.166527,2804.89,-43.5,3.34,-46.83,-46.83,4207.33,4160.5
474,SOL/INR,1h,SHORT,2025-08-30 14:30:00+05:30,2025-08-31 00:30:00+05:30,203.23,16970.04,206.28,197.14,201.25,16804.52,INTRADAY_SQUAREOFF,0.01,41.61,0.163445,2773.67,27.05,3.26,23.8,23.8,4160.5,4184.3
475,SOL/INR,1h,LONG,2025-08-31 14:30:00+05:30,2025-08-31 18:30:00+05:30,205.56,17164.28,202.48,211.73,202.38,16898.36,STOP_LOSS,0.01,41.84,0.16252,2789.53,-43.22,3.27,-46.48,-46.48,4184.3,4137.82
476,SOL/INR,1h,LONG,2025-08-31 21:30:00+05:30,2025-09-01 00:30:00+05:30,204.67,17090.32,201.6,210.81,205.45,17155.27,INTRADAY_SQUAREOFF,0.01,41.38,0.16141,2758.54,10.48,3.26,7.22,7.22,4137.82,4145.04
477,SOL/INR,1h,SHORT,2025-09-01 15:30:00+05:30,2025-09-02 00:30:00+05:30,201.25,16804.61,204.27,195.22,199.34,16644.64,INTRADAY_SQUAREOFF,0.01,41.45,0.164441,2763.36,26.3,3.25,23.06,23.06,4145.04,4168.1
478,SOL/INR,1h,SHORT,2025-09-02 02:30:00+05:30,2025-09-02 06:30:00+05:30,196.94,16444.84,199.9,191.04,200.0,16699.86,STOP_LOSS,0.01,41.68,0.168973,2778.73,-43.09,3.3,-46.4,-46.4,4168.1,4121.7
479,SOL/INR,1h,LONG,2025-09-03 07:30:00+05:30,2025-09-04 00:30:00+05:30,211.08,17624.86,207.91,217.41,209.38,17482.99,INTRADAY_SQUAREOFF,0.01,41.22,0.155905,2747.8,-22.12,3.23,-25.35,-25.35,4121.7,4096.35
480,SOL/INR,1h,LONG,2025-09-04 05:30:00+05:30,2025-09-04 09:30:00+05:30,210.86,17606.99,207.7,217.19,207.6,17334.22,STOP_LOSS,0.01,40.96,0.155103,2730.9,-42.31,3.2,-45.51,-45.51,4096.35,4050.85
481,SOL/INR,1h,SHORT,2025-09-05 00:30:00+05:30,2025-09-05 12:30:00+05:30,202.79,16933.21,205.83,196.71,205.94,17195.8,STOP_LOSS,0.01,40.51,0.159483,2700.57,-41.88,3.21,-45.09,-45.09,4050.85,4005.76
482,SOL/INR,1h,LONG,2025-09-05 18:30:00+05:30,2025-09-05 20:30:00+05:30,209.31,17477.44,206.17,215.59,206.07,17206.67,STOP_LOSS,0.01,40.06,0.152797,2670.51,-41.37,3.13,-44.5,-44.5,4005.76,3961.26
483,SOL/INR,1h,SHORT,2025-09-06 03:30:00+05:30,2025-09-07 00:30:00+05:30,203.06,16955.92,206.11,196.97,200.12,16709.79,INTRADAY_SQUAREOFF,0.01,39.61,0.155747,2640.84,38.33,3.09,35.24,35.24,3961.26,3996.5
484,SOL/INR,1h,SHORT,2025-09-07 04:30:00+05:30,2025-09-07 10:30:00+05:30,200.11,16708.96,203.11,194.1,203.21,16968.08,STOP_LOSS,0.01,39.96,0.159455,2664.33,-41.32,3.17,-44.49,-44.49,3996.5,3952.01
485,SOL/INR,1h,LONG,2025-09-07 21:30:00+05:30,2025-09-07 23:30:00+05:30,205.41,17151.62,202.33,211.57,202.23,16885.89,STOP_LOSS,0.01,39.52,0.153611,2634.68,-40.82,3.08,-43.9,-43.9,3952.01,3908.11
486,SOL/INR,1h,LONG,2025-09-08 07:30:00+05:30,2025-09-08 15:30:00+05:30,207.19,17299.96,204.08,213.4,213.29,17810.04,TARGET_HIT,0.01,39.08,0.150602,2605.41,76.82,3.12,73.7,73.7,3908.11,3981.81
487,SOL/INR,1h,LONG,2025-09-09 00:30:00+05:30,2025-09-09 05:30:00+05:30,216.9,18111.11,213.65,223.41,213.54,17830.52,STOP_LOSS,0.01,39.82,0.14657,2654.54,-41.13,3.11,-44.23,-44.23,3981.81,3937.58
488,SOL/INR,1h,LONG,2025-09-09 09:30:00+05:30,2025-09-10 00:30:00+05:30,214.28,17892.79,211.07,220.71,216.31,18061.79,INTRADAY_SQUAREOFF,0.01,39.38,0.14671,2625.05,24.79,3.11,21.68,21.68,3937.58,3959.26
489,SOL/INR,1h,LONG,2025-09-10 12:30:00+05:30,2025-09-11 00:30:00+05:30,219.61,18337.32,216.31,226.2,222.44,18573.89,INTRADAY_SQUAREOFF,0.01,39.59,0.143942,2639.51,34.05,3.13,30.92,30.92,3959.26,3990.18
490,SOL/INR,1h,LONG,2025-09-11 03:30:00+05:30,2025-09-12 00:30:00+05:30,223.6,18670.95,220.25,230.31,226.21,18888.8,INTRADAY_SQUAREOFF,0.01,39.9,0.142474,2660.12,31.04,3.16,27.88,27.88,3990.18,4018.06
491,SOL/INR,1h,LONG,2025-09-12 03:30:00+05:30,2025-09-12 05:30:00+05:30,227.02,18955.81,223.61,233.83,233.71,19514.72,TARGET_HIT,0.01,40.18,0.141313,2678.7,78.98,3.21,75.77,75.77,4018.06,4093.83
492,SOL/INR,1h,LONG,2025-09-12 09:30:00+05:30,2025-09-13 00:30:00+05:30,235.68,19679.59,232.15,242.75,240.59,20089.31,INTRADAY_SQUAREOFF,0.01,40.94,0.138683,2729.22,56.82,3.25,53.57,53.57,4093.83,4147.4
493,SOL/INR,1h,LONG,2025-09-13 05:30:00+05:30,2025-09-13 20:30:00+05:30,242.76,20270.59,239.12,250.04,239.0,19956.55,STOP_LOSS,0.01,41.47,0.136401,2764.93,-42.84,3.24,-46.07,-46.07,4147.4,4101.33
494,SOL/INR,1h,LONG,2025-09-14 11:30:00+05:30,2025-09-14 18:30:00+05:30,248.09,20715.23,244.37,255.53,244.24,20394.3,STOP_LOSS,0.01,41.01,0.131991,2734.22,-42.36,3.2,-45.56,-45.56,4101.33,4055.76
495,SOL/INR,1h,LONG,2025-09-15 03:30:00+05:30,2025-09-15 05:30:00+05:30,244.31,20400.16,240.65,251.64,240.53,20084.11,STOP_LOSS,0.01,40.56,0.13254,2703.84,-41.89,3.17,-45.06,-45.06,4055.76,4010.71
496,SOL/INR,1h,SHORT,2025-09-15 12:30:00+05:30,2025-09-15 14:30:00+05:30,240.15,20052.63,243.75,232.95,233.06,19460.78,TARGET_HIT,0.01,40.11,0.133339,2673.81,78.92,3.11,75.81,75.81,4010.71,4086.52
497,SOL/INR,1h,SHORT,2025-09-15 20:30:00+05:30,2025-09-16 00:30:00+05:30,233.65,19509.83,237.16,226.64,233.58,19503.57,INTRADAY_SQUAREOFF,0.01,40.87,0.13964,2724.35,0.87,3.21,-2.34,-2.34,4086.52,4084.18
498,SOL/INR,1h,SHORT,2025-09-16 06:30:00+05:30,2025-09-16 10:30:00+05:30,233.05,19460.04,236.55,226.06,236.67,19761.82,STOP_LOSS,0.01,40.84,0.139917,2722.79,-42.22,3.24,-45.46,-45.46,4084.18,4038.72
499,SOL/INR,1h,SHORT,2025-09-16 15:30:00+05:30,2025-09-16 22:30:00+05:30,235.07,19628.33,238.6,228.02,238.72,19932.72,STOP_LOSS,0.01,40.39,0.137173,2692.48,-41.75,3.2,-44.96,-44.96,4038.72,3993.76
500,SOL/INR,1h,LONG,2025-09-18 07:30:00+05:30,2025-09-18 11:30:00+05:30,247.37,20655.19,243.66,254.79,243.54,20335.19,STOP_LOSS,0.01,39.94,0.128903,2662.51,-41.25,3.12,-44.37,-44.37,3993.76,3949.39
501,SOL/INR,1h,LONG,2025-09-18 14:30:00+05:30,2025-09-19 00:30:00+05:30,247.12,20634.71,243.42,254.54,250.45,20912.73,INTRADAY_SQUAREOFF,0.01,39.49,0.127597,2632.93,35.47,3.13,32.35,32.35,3949.39,3981.74
502,SOL/INR,1h,SHORT,2025-09-19 20:30:00+05:30,2025-09-20 00:30:00+05:30,239.56,20003.53,243.16,232.38,237.02,19791.33,INTRADAY_SQUAREOFF,0.01,39.82,0.132701,2654.49,28.16,3.12,25.04,25.04,3981.74,4006.78
503,SOL/INR,1h,SHORT,2025-09-20 09:30:00+05:30,2025-09-21 00:30:00+05:30,237.99,19872.27,241.56,230.85,238.68,19930.07,INTRADAY_SQUAREOFF,0.01,40.07,0.134418,2671.19,-7.77,3.16,-10.93,-10.93,4006.78,3995.86
504,SOL/INR,1h,SHORT,2025-09-22 06:30:00+05:30,2025-09-22 11:30:00+05:30,232.23,19391.47,235.72,225.27,225.38,18819.13,TARGET_HIT,0.01,39.96,0.137375,2663.91,78.63,3.1,75.53,75.53,3995.86,4071.39
505,SOL/INR,1h,SHORT,2025-09-22 20:30:00+05:30,2025-09-23 00:30:00+05:30,221.39,18486.39,224.71,214.75,220.0,18369.59,INTRADAY_SQUAREOFF,0.01,40.71,0.146825,2714.26,17.15,3.19,13.96,13.96,4071.39,4085.35
506,SOL/INR,1h,SHORT,2025-09-23 06:30:00+05:30,2025-09-23 08:30:00+05:30,219.68,18342.88,222.97,213.08,213.19,17801.49,TARGET_HIT,0.01,40.85,0.148481,2723.56,80.39,3.17,77.22,77.22,4085.35,4162.57
507,SOL/INR,1h,SHORT,2025-09-23 15:30:00+05:30,2025-09-24 00:30:00+05:30,218.56,18249.56,221.84,212.0,215.82,18020.96,INTRADAY_SQUAREOFF,0.01,41.63,0.152061,2775.04,34.76,3.25,31.51,31.51,4162.57,4194.07
508,SOL/INR,1h,SHORT,2025-09-24 05:30:00+05:30,2025-09-24 09:30:00+05:30,213.57,17832.89,216.77,207.16,207.26,17306.56,TARGET_HIT,0.01,41.94,0.156792,2796.05,82.53,3.25,79.27,79.27,4194.07,4273.35
509,SOL/INR,1h,SHORT,2025-09-25 09:30:00+05:30,2025-09-25 17:30:00+05:30,206.64,17254.22,209.74,200.44,200.54,16744.96,TARGET_HIT,0.01,42.73,0.165113,2848.9,84.09,3.31,80.77,80.77,4273.35,4354.12
510,SOL/INR,1h,SHORT,2025-09-25 22:30:00+05:30,2025-09-26 00:30:00+05:30,198.64,16586.16,201.62,192.68,199.5,16658.56,INTRADAY_SQUAREOFF,0.01,43.54,0.17501,2902.75,-12.67,3.43,-16.1,-16.1,4354.12,4338.02
511,SOL/INR,1h,SHORT,2025-09-26 04:30:00+05:30,2025-09-26 07:30:00+05:30,194.16,16211.98,197.07,188.33,197.17,16463.38,STOP_LOSS,0.01,43.38,0.178387,2892.01,-44.85,3.44,-48.29,-48.29,4338.02,4289.73
512,SOL/INR,1h,SHORT,2025-09-26 10:30:00+05:30,2025-09-26 21:30:00+05:30,195.36,16312.39,198.29,189.5,198.39,16565.35,STOP_LOSS,0.01,42.9,0.175316,2859.82,-44.35,3.4,-47.75,-47.75,4289.73,4241.98
513,SOL/INR,1h,LONG,2025-09-27 03:30:00+05:30,2025-09-28 00:30:00+05:30,202.5,16908.85,199.46,208.58,201.62,16835.59,INTRADAY_SQUAREOFF,0.01,42.42,0.167249,2827.99,-12.25,3.33,-15.58,-15.58,4241.98,4226.4
514,SOL/INR,1h,LONG,2025-09-29 04:30:00+05:30,2025-09-29 16:30:00+05:30,209.95,17531.02,206.8,216.25,206.7,17259.42,STOP_LOSS,0.01,42.26,0.160721,2817.6,-43.65,3.3,-46.95,-46.95,4226.4,4179.45
515,SOL/INR,1h,LONG,2025-09-30 01:30:00+05:30,2025-09-30 10:30:00+05:30,213.0,17785.9,209.81,219.39,209.7,17510.35,STOP_LOSS,0.01,41.79,0.156658,2786.3,-43.17,3.26,-46.43,-46.43,4179.45,4133.02
516,SOL/INR,1h,SHORT,2025-09-30 21:30:00+05:30,2025-10-01 00:30:00+05:30,205.04,17120.56,208.11,198.89,208.22,17386.05,STOP_LOSS,0.01,41.33,0.160938,2755.35,-42.73,3.28,-46.01,-46.01,4133.02,4087.01
517,SOL/INR,1h,LONG,2025-10-01 19:30:00+05:30,2025-10-02 00:30:00+05:30,219.78,18351.44,216.48,226.37,219.12,18296.32,INTRADAY_SQUAREOFF,0.01,40.87,0.148472,2724.68,-8.18,3.21,-11.39,-11.39,4087.01,4075.62
518,SOL/INR,1h,LONG,2025-10-02 05:30:00+05:30,2025-10-02 21:30:00+05:30,221.79,18519.87,218.47,228.45,228.33,19065.93,TARGET_HIT,0.01,40.76,0.146712,2717.08,80.11,3.25,76.86,76.86,4075.62,4152.48
519,SOL/INR,1h,LONG,2025-10-03 05:30:00+05:30,2025-10-03 07:30:00+05:30,234.97,19619.83,231.44,242.02,231.33,19315.86,STOP_LOSS,0.01,41.52,0.141098,2768.32,-42.89,3.24,-46.13,-46.13,4152.48,4106.35
520,SOL/INR,1h,LONG,2025-10-03 21:30:00+05:30,2025-10-03 23:30:00+05:30,235.18,19637.8,231.66,242.24,231.54,19333.56,STOP_LOSS,0.01,41.06,0.139403,2737.57,-42.41,3.21,-45.62,-45.62,4106.35,4060.73
521,SOL/INR,1h,SHORT,2025-10-04 20:30:00+05:30,2025-10-05 00:30:00+05:30,226.9,18946.38,230.31,220.1,226.25,18892.23,INTRADAY_SQUAREOFF,0.01,40.61,0.142885,2707.16,7.74,3.19,4.55,4.55,4060.73,4065.28
522,SOL/INR,1h,SHORT,2025-10-05 06:30:00+05:30,2025-10-05 08:30:00+05:30,226.8,18937.4,230.2,219.99,230.31,19231.08,STOP_LOSS,0.01,40.65,0.143113,2710.19,-42.03,3.22,-45.25,-45.25,4065.28,4020.03
523,SOL/INR,1h,LONG,2025-10-05 10:30:00+05:30,2025-10-05 16:30:00+05:30,234.56,19585.62,231.04,241.6,230.92,19282.19,STOP_LOSS,0.01,40.2,0.136836,2680.02,-41.52,3.14,-44.66,-44.66,4020.03,3975.37
524,SOL/INR,1h,LONG,2025-10-06 21:30:00+05:30,2025-10-07 00:30:00+05:30,236.33,19733.94,232.79,243.42,236.64,19759.27,INTRADAY_SQUAREOFF,0.01,39.75,0.134299,2650.25,3.4,3.13,0.27,0.27,3975.37,3975.65
525,SOL/INR,1h,SHORT,2025-10-08 00:30:00+05:30,2025-10-08 22:30:00+05:30,221.5,18495.29,224.82,214.86,224.94,18782.1,STOP_LOSS,0.01,39.76,0.143303,2650.43,-41.1,3.15,-44.25,-44.25,3975.65,3931.39
526,SOL/INR,1h,SHORT,2025-10-09 21:30:00+05:30,2025-10-10 00:30:00+05:30,219.1,18294.73,222.39,212.53,217.8,18186.19,INTRADAY_SQUAREOFF,0.01,39.31,0.143261,2620.93,15.55,3.08,12.47,12.47,3931.39,3943.86
527,SOL/INR,1h,SHORT,2025-10-10 08:30:00+05:30,2025-10-10 18:30:00+05:30,220.2,18386.37,223.5,213.59,223.61,18671.49,STOP_LOSS,0.01,39.44,0.142999,2629.24,-40.77,3.13,-43.9,-43.9,3943.86,3899.96
528,SOL/INR,1h,SHORT,2025-10-10 21:30:00+05:30,2025-10-11 00:30:00+05:30,210.19,17550.74,213.34,203.88,208.01,17369.09,INTRADAY_SQUAREOFF,0.01,39.0,0.14814,2599.97,26.91,3.05,23.86,23.86,3899.96,3923.82
529,SOL/INR,1h,SHORT,2025-10-11 07:30:00+05:30,2025-10-11 09:30:00+05:30,183.07,15286.46,185.82,177.58,185.91,15523.51,STOP_LOSS,0.01,39.24,0.171124,2615.88,-40.57,3.11,-43.68,-43.68,3923.82,3880.14
530,SOL/INR,1h,SHORT,2025-10-12 00:30:00+05:30,2025-10-12 02:30:00+05:30,182.52,15240.71,185.26,177.05,177.14,14790.88,TARGET_HIT,0.01,38.8,0.169727,2586.76,76.35,3.01,73.34,73.34,3880.14,3953.48
531,SOL/INR,1h,SHORT,2025-10-12 06:30:00+05:30,2025-10-12 08:30:00+05:30,173.46,14484.15,176.06,168.26,176.15,14708.76,STOP_LOSS,0.01,39.53,0.181968,2635.65,-40.87,3.13,-44.01,-44.01,3953.48,3909.47
532,SOL/INR,1h,LONG,2025-10-13 01:30:00+05:30,2025-10-13 16:30:00+05:30,196.22,16384.34,193.28,202.11,193.18,16130.5,STOP_LOSS,0.01,39.09,0.159074,2606.32,-40.38,3.05,-43.43,-43.43,3909.47,3866.04
533,SOL/INR,1h,LONG,2025-10-13 19:30:00+05:30,2025-10-13 23:30:00+05:30,196.74,16428.01,193.79,202.64,202.54,16912.39,TARGET_HIT,0.01,38.66,0.156888,2577.36,75.99,3.09,72.91,72.91,3866.04,3938.95
534,SOL/INR,1h,SHORT,2025-10-14 18:30:00+05:30,2025-10-14 20:30:00+05:30,192.82,16100.65,195.71,187.04,195.81,16350.33,STOP_LOSS,0.01,39.39,0.163097,2625.97,-40.72,3.12,-43.84,-43.84,3938.95,3895.11
535,SOL/INR,1h,SHORT,2025-10-16 01:30:00+05:30,2025-10-16 14:30:00+05:30,194.68,16255.43,197.6,188.84,188.93,15775.65,TARGET_HIT,0.01,38.95,0.159746,2596.74,76.64,3.02,73.62,73.62,3895.11,3968.73
536,SOL/INR,1h,SHORT,2025-10-17 01:30:00+05:30,2025-10-17 12:30:00+05:30,184.88,15437.5,187.65,179.33,179.42,14981.86,TARGET_HIT,0.01,39.69,0.171389,2645.82,78.09,3.08,75.02,75.02,3968.73,4043.75
537,SOL/INR,1h,LONG,2025-10-19 00:30:00+05:30,2025-10-19 22:30:00+05:30,186.12,15540.88,183.33,191.7,191.61,15999.1,TARGET_HIT,0.01,40.44,0.173467,2695.83,79.49,3.23,76.26,76.26,4043.75,4120.01
538,SOL/INR,1h,LONG,2025-10-20 04:30:00+05:30,2025-10-20 06:30:00+05:30,190.18,15880.19,187.33,195.89,187.24,15634.16,STOP_LOSS,0.01,41.2,0.172962,2746.67,-42.55,3.22,-45.77,-45.77,4120.01,4074.24
539,SOL/INR,1h,SHORT,2025-10-21 19:30:00+05:30,2025-10-21 21:30:00+05:30,184.59,15412.94,187.35,179.05,187.45,15651.96,STOP_LOSS,0.01,40.74,0.176226,2716.16,-42.12,3.23,-45.35,-45.35,4074.24,4028.89
540,SOL/INR,1h,SHORT,2025-10-22 23:30:00+05:30,2025-10-23 01:30:00+05:30,181.5,15155.65,184.23,176.06,180.49,15071.11,INTRADAY_SQUAREOFF,0.01,40.29,0.177223,2685.92,14.98,3.16,11.82,11.82,4028.89,4040.71
541,SOL/INR,1h,LONG,2025-10-23 15:30:00+05:30,2025-10-24 00:30:00+05:30,188.71,15757.63,185.88,194.38,191.51,15991.15,INTRADAY_SQUAREOFF,0.01,40.41,0.170952,2693.81,39.92,3.2,36.72,36.72,4040.71,4077.43
542,SOL/INR,1h,LONG,2025-10-24 04:30:00+05:30,2025-10-25 00:30:00+05:30,190.58,15913.18,187.72,196.29,191.69,16006.36,INTRADAY_SQUAREOFF,0.01,40.77,0.17082,2718.28,15.92,3.22,12.7,12.7,4077.43,4090.13
543,SOL/INR,1h,LONG,2025-10-25 10:30:00+05:30,2025-10-26 00:30:00+05:30,194.49,16239.93,191.57,200.32,194.01,16200.11,INTRADAY_SQUAREOFF,0.01,40.9,0.167904,2726.75,-6.69,3.21,-9.9,-9.9,4090.13,4080.23
544,SOL/INR,1h,LONG,2025-10-26 17:30:00+05:30,2025-10-27 00:30:00+05:30,197.71,16508.42,194.74,203.64,199.13,16627.44,INTRADAY_SQUAREOFF,0.01,40.8,0.164774,2720.15,19.61,3.22,16.39,16.39,4080.23,4096.62
545,SOL/INR,1h,LONG,2025-10-27 04:30:00+05:30,2025-10-28 00:30:00+05:30,200.58,16748.57,197.57,206.6,201.72,16843.65,INTRADAY_SQUAREOFF,0.01,40.97,0.163063,2731.08,15.5,3.23,12.27,12.27,4096.62,4108.89
546,SOL/INR,1h,SHORT,2025-10-28 11:30:00+05:30,2025-10-28 13:30:00+05:30,198.86,16604.75,201.84,192.89,201.94,16862.25,STOP_LOSS,0.01,41.09,0.164968,2739.26,-42.48,3.26,-45.74,-45.74,4108.89,4063.15
547,SOL/INR,1h,SHORT,2025-10-29 14:30:00+05:30,2025-10-29 16:30:00+05:30,194.23,16218.61,197.15,188.41,197.25,16470.12,STOP_LOSS,0.01,40.63,0.167016,2708.77,-42.01,3.22,-45.23,-45.23,4063.15,4017.92
548,SOL/INR,1h,SHORT,2025-10-30 10:30:00+05:30,2025-10-30 12:30:00+05:30,190.77,15928.92,193.63,185.04,193.72,16175.93,STOP_LOSS,0.01,40.18,0.168161,2678.62,-41.54,3.19,-44.72,-44.72,4017.92,3973.2
549,SOL/INR,1h,SHORT,2025-10-30 15:30:00+05:30,2025-10-30 18:30:00+05:30,192.3,16057.23,195.19,186.53,186.63,15583.3,TARGET_HIT,0.01,39.73,0.16496,2648.8,78.18,3.08,75.1,75.1,3973.2,4048.3
550,SOL/INR,1h,SHORT,2025-10-30 21:30:00+05:30,2025-10-31 00:30:00+05:30,184.73,15424.61,187.5,179.18,181.45,15150.81,INTRADAY_SQUAREOFF,0.01,40.48,0.174971,2698.87,47.91,3.16,44.75,44.75,4048.3,4093.05
551,SOL/INR,1h,SHORT,2025-11-03 11:30:00+05:30,2025-11-03 20:30:00+05:30,176.64,14749.25,179.29,171.34,171.42,14313.92,TARGET_HIT,0.01,40.93,0.185006,2728.7,80.54,3.17,77.37,77.37,4093.05,4170.42
552,SOL/INR,1h,SHORT,2025-11-04 00:30:00+05:30,2025-11-04 10:30:00+05:30,167.89,14018.59,170.41,162.85,162.93,13604.83,TARGET_HIT,0.01,41.7,0.198328,2780.28,82.06,3.23,78.83,78.83,4170.42,4249.24
553,SOL/INR,1h,SHORT,2025-11-04 22:30:00+05:30,2025-11-05 00:30:00+05:30,156.65,13080.4,159.0,151.95,156.34,13054.04,INTRADAY_SQUAREOFF,0.01,42.49,0.216571,2832.83,5.71,3.34,2.37,2.37,4249.24,4251.61
554,SOL/INR,1h,SHORT,2025-11-05 13:30:00+05:30,2025-11-05 17:30:00+05:30,155.73,13003.14,158.06,151.05,158.14,13204.79,STOP_LOSS,0.01,42.52,0.217979,2834.41,-43.95,3.37,-47.33,-47.33,4251.61,4204.29
555,SOL/INR,1h,LONG,2025-11-06 08:30:00+05:30,2025-11-06 10:30:00+05:30,162.1,13535.61,159.67,166.97,159.59,13325.91,STOP_LOSS,0.01,42.04,0.207073,2802.86,-43.42,3.28,-46.71,-46.71,4204.29,4157.58
556,SOL/INR,1h,SHORT,2025-11-07 02:30:00+05:30,2025-11-07 07:30:00+05:30,154.82,12927.11,157.14,150.17,157.22,13127.58,STOP_LOSS,0.01,41.58,0.214412,2771.72,-42.98,3.3,-46.28,-46.28,4157.58,4111.3
557,SOL/INR,1h,SHORT,2025-11-07 15:30:00+05:30,2025-11-07 21:30:00+05:30,154.24,12878.72,156.55,149.61,156.63,13078.44,STOP_LOSS,0.01,41.11,0.212821,2740.87,-42.5,3.26,-45.76,-45.76,4111.3,4065.54
558,SOL/INR,1h,LONG,2025-11-08 14:30:00+05:30,2025-11-08 16:30:00+05:30,161.82,13511.76,159.39,166.67,159.31,13302.43,STOP_LOSS,0.01,40.66,0.200593,2710.36,-41.99,3.17,-45.16,-45.16,4065.54,4020.38
559,SOL/INR,1h,SHORT,2025-11-09 06:30:00+05:30,2025-11-09 11:30:00+05:30,156.54,13070.98,158.89,151.84,158.97,13273.68,STOP_LOSS,0.01,40.2,0.205054,2680.25,-41.56,3.19,-44.75,-44.75,4020.38,3975.62
560,SOL/INR,1h,LONG,2025-11-10 00:30:00+05:30,2025-11-10 14:30:00+05:30,163.83,13679.84,161.37,168.75,168.66,14083.19,TARGET_HIT,0.01,39.76,0.193746,2650.42,78.15,3.17,74.97,74.97,3975.62,4050.6
561,SOL/INR,1h,LONG,2025-11-10 19:30:00+05:30,2025-11-10 21:30:00+05:30,170.1,14203.2,167.55,175.2,167.46,13983.16,STOP_LOSS,0.01,40.51,0.190126,2700.4,-41.84,3.16,-45.0,-45.0,4050.6,4005.6
562,SOL/INR,1h,LONG,2025-11-11 08:30:00+05:30,2025-11-11 10:30:00+05:30,170.79,14260.71,168.23,175.91,168.14,14039.77,STOP_LOSS,0.01,40.06,0.187256,2670.4,-41.37,3.13,-44.5,-44.5,4005.6,3961.1
563,SOL/INR,1h,SHORT,2025-11-12 05:30:00+05:30,2025-11-12 13:30:00+05:30,154.19,12874.82,156.5,149.56,156.58,13074.47,STOP_LOSS,0.01,39.61,0.205109,2640.74,-40.95,3.14,-44.09,-44.09,3961.1,3917.01
564,SOL/INR,1h,SHORT,2025-11-13 06:30:00+05:30,2025-11-13 08:30:00+05:30,152.73,12752.93,155.02,148.15,155.1,12950.69,STOP_LOSS,0.01,39.17,0.204764,2611.34,-40.5,3.11,-43.6,-43.6,3917.01,3873.41
565,SOL/INR,1h,SHORT,2025-11-14 06:30:00+05:30,2025-11-14 17:30:00+05:30,143.2,11957.61,145.35,138.91,138.98,11604.68,TARGET_HIT,0.01,38.73,0.215952,2582.27,76.22,3.0,73.21,73.21,3873.41,3946.62
566,SOL/INR,1h,SHORT,2025-11-14 23:30:00+05:30,2025-11-15 01:30:00+05:30,141.0,11773.33,143.11,136.77,142.96,11936.91,INTRADAY_SQUAREOFF,0.01,39.47,0.223478,2631.08,-36.56,3.13,-39.68,-39.68,3946.62,3906.94
567,SOL/INR,1h,SHORT,2025-11-15 14:30:00+05:30,2025-11-15 22:30:00+05:30,140.56,11736.41,142.66,136.34,142.74,11918.42,STOP_LOSS,0.01,39.07,0.221927,2604.63,-40.39,3.1,-43.49,-43.49,3906.94,3863.45
568,SOL/INR,1h,SHORT,2025-11-16 19:30:00+05:30,2025-11-17 00:30:00+05:30,139.02,11608.2,141.11,134.85,135.67,11328.75,INTRADAY_SQUAREOFF,0.01,38.63,0.221881,2575.64,62.0,3.0,59.0,59.0,3863.45,3922.45
569,SOL/INR,1h,SHORT,2025-11-21 21:30:00+05:30,2025-11-21 23:30:00+05:30,125.14,10448.88,127.01,121.38,127.08,10610.92,STOP_LOSS,0.01,39.22,0.250263,2614.97,-40.55,3.11,-43.66,-43.66,3922.45,3878.79
570,SOL/INR,1h,SHORT,2025-11-22 04:30:00+05:30,2025-11-22 06:30:00+05:30,125.6,10487.53,127.48,121.83,127.55,10650.17,STOP_LOSS,0.01,38.79,0.246565,2585.86,-40.1,3.07,-43.18,-43.18,3878.79,3835.62
571,SOL/INR,1h,SHORT,2025-11-22 08:30:00+05:30,2025-11-23 00:30:00+05:30,127.58,10652.85,129.49,123.75,127.76,10668.0,INTRADAY_SQUAREOFF,0.01,38.36,0.240037,2557.08,-3.64,3.02,-6.66,-6.66,3835.62,3828.96
572,SOL/INR,1h,LONG,2025-11-23 14:30:00+05:30,2025-11-24 00:30:00+05:30,129.61,10822.15,127.66,133.49,132.08,11028.55,INTRADAY_SQUAREOFF,0.01,38.29,0.235872,2552.64,48.68,3.04,45.64,45.64,3828.96,3874.6
573,SOL/INR,1h,LONG,2025-11-25 02:30:00+05:30,2025-11-25 12:30:00+05:30,139.2,11622.96,137.11,143.37,137.04,11442.89,STOP_LOSS,0.01,38.75,0.222238,2583.07,-40.02,3.02,-43.04,-43.04,3874.6,3831.56
574,SOL/INR,1h,LONG,2025-11-25 16:30:00+05:30,2025-11-25 19:30:00+05:30,136.78,11421.21,134.73,140.88,134.66,11244.27,STOP_LOSS,0.01,38.32,0.223652,2554.37,-39.57,2.99,-42.56,-42.56,3831.56,3789.0
575,SOL/INR,1h,LONG,2025-11-26 12:30:00+05:30,2025-11-26 14:30:00+05:30,139.72,11666.22,137.62,143.91,137.55,11485.48,STOP_LOSS,0.01,37.89,0.216522,2526.0,-39.13,2.96,-42.09,-42.09,3789.0,3746.91
576,SOL/INR,1h,LONG,2025-11-27 12:30:00+05:30,2025-11-27 14:30:00+05:30,144.01,12024.98,141.85,148.33,141.78,11838.69,STOP_LOSS,0.01,37.47,0.207729,2497.94,-38.7,2.92,-41.62,-41.62,3746.91,3705.28
577,SOL/INR,1h,SHORT,2025-11-28 12:30:00+05:30,2025-11-28 14:30:00+05:30,139.36,11636.18,141.45,135.17,141.52,11816.63,STOP_LOSS,0.01,37.05,0.212285,2470.19,-38.31,2.94,-41.24,-41.24,3705.28,3664.04
578,SOL/INR,1h,SHORT,2025-12-01 15:30:00+05:30,2025-12-02 00:30:00+05:30,126.9,10596.49,128.81,123.1,124.37,10384.92,INTRADAY_SQUAREOFF,0.01,36.64,0.230519,2442.69,48.77,2.85,45.92,45.92,3664.04,3709.96
579,SOL/INR,1h,LONG,2025-12-03 08:30:00+05:30,2025-12-04 00:30:00+05:30,140.24,11709.82,138.13,144.44,141.23,11792.51,INTRADAY_SQUAREOFF,0.01,37.1,0.211216,2473.3,17.47,2.93,14.54,14.54,3709.96,3724.49
580,SOL/INR,1h,LONG,2025-12-04 15:30:00+05:30,2025-12-04 19:30:00+05:30,144.12,12033.75,141.96,148.44,141.88,11847.32,STOP_LOSS,0.01,37.24,0.206336,2483.0,-38.47,2.91,-41.38,-41.38,3724.49,3683.12
581,SOL/INR,1h,LONG,2025-12-04 21:30:00+05:30,2025-12-04 23:30:00+05:30,143.39,11973.15,141.24,147.69,141.17,11787.65,STOP_LOSS,0.01,36.83,0.205077,2455.41,-38.04,2.87,-40.92,-40.92,3683.12,3642.2
582,SOL/INR,1h,SHORT,2025-12-05 03:30:00+05:30,2025-12-05 21:30:00+05:30,138.7,11581.65,140.78,134.54,134.61,11239.82,TARGET_HIT,0.01,36.42,0.209654,2428.13,71.67,2.82,68.84,68.84,3642.2,3711.05
583,SOL/INR,1h,SHORT,2025-12-06 00:30:00+05:30,2025-12-06 04:30:00+05:30,131.22,10957.07,133.19,127.29,133.26,11126.99,STOP_LOSS,0.01,37.11,0.225793,2474.03,-38.37,2.94,-41.31,-41.31,3711.05,3669.74
584,SOL/INR,1h,SHORT,2025-12-06 10:30:00+05:30,2025-12-07 00:30:00+05:30,133.2,11122.44,135.2,129.21,132.9,11097.02,INTRADAY_SQUAREOFF,0.01,36.7,0.21996,2446.49,5.59,2.88,2.71,2.71,3669.74,3672.45
585,SOL/INR,1h,SHORT,2025-12-07 04:30:00+05:30,2025-12-07 22:30:00+05:30,132.14,11033.55,134.12,128.17,134.19,11204.65,STOP_LOSS,0.01,36.72,0.221896,2448.3,-37.97,2.91,-40.88,-40.88,3672.45,3631.57
586,SOL/INR,1h,LONG,2025-12-08 07:30:00+05:30,2025-12-08 14:30:00+05:30,133.81,11173.26,131.8,137.83,137.76,11502.7,TARGET_HIT,0.01,36.32,0.216682,2421.04,71.38,2.9,68.49,68.49,3631.57,3700.05
587,SOL/INR,1h,SHORT,2025-12-09 04:30:00+05:30,2025-12-09 20:30:00+05:30,133.58,11153.65,135.58,129.57,135.65,11326.61,STOP_LOSS,0.01,37.0,0.221157,2466.7,-38.25,2.93,-41.19,-41.19,3700.05,3658.87
588,SOL/INR,1h,SHORT,2025-12-11 06:30:00+05:30,2025-12-11 08:30:00+05:30,133.62,11157.39,135.63,129.61,129.68,10828.08,TARGET_HIT,0.01,36.59,0.218622,2439.24,71.99,2.84,69.16,69.16,3658.87,3728.03
589,SOL/INR,1h,LONG,2025-12-12 02:30:00+05:30,2025-12-12 20:30:00+05:30,136.12,11365.8,134.08,140.2,134.01,11189.71,STOP_LOSS,0.01,37.28,0.218669,2485.35,-38.5,2.91,-41.41,-41.41,3728.03,3686.61
590,SOL/INR,1h,SHORT,2025-12-13 01:30:00+05:30,2025-12-13 03:30:00+05:30,130.66,10910.01,132.62,126.74,132.69,11079.2,STOP_LOSS,0.01,36.87,0.225274,2457.74,-38.11,2.92,-41.04,-41.04,3686.61,3645.58
591,SOL/INR,1h,SHORT,2025-12-13 17:30:00+05:30,2025-12-14 00:30:00+05:30,133.34,11134.05,135.34,129.34,132.46,11060.77,INTRADAY_SQUAREOFF,0.01,36.46,0.218284,2430.38,16.0,2.86,13.14,13.14,3645.58,3658.71
592,SOL/INR,1h,SHORT,2025-12-14 09:30:00+05:30,2025-12-15 00:30:00+05:30,132.93,11099.47,134.92,128.94,130.69,10912.33,INTRADAY_SQUAREOFF,0.01,36.59,0.219753,2439.14,41.13,2.85,38.27,38.27,3658.71,3696.99
593,SOL/INR,1h,LONG,2025-12-15 15:30:00+05:30,2025-12-15 20:30:00+05:30,132.79,11088.37,130.8,136.78,130.74,10916.59,STOP_LOSS,0.01,36.97,0.222274,2464.66,-38.18,2.89,-41.07,-41.07,3696.99,3655.92
594,SOL/INR,1h,SHORT,2025-12-16 13:30:00+05:30,2025-12-16 15:30:00+05:30,125.67,10493.12,127.55,121.9,127.61,10655.84,STOP_LOSS,0.01,36.56,0.232274,2437.28,-37.8,2.9,-40.69,-40.69,3655.92,3615.22
595,SOL/INR,1h,SHORT,2025-12-16 19:30:00+05:30,2025-12-16 21:30:00+05:30,127.52,10648.09,129.43,123.7,129.5,10813.22,STOP_LOSS,0.01,36.15,0.226345,2410.15,-37.38,2.87,-40.24,-40.24,3615.22,3574.98
596,SOL/INR,1h,LONG,2025-12-17 08:30:00+05:30,2025-12-17 10:30:00+05:30,129.42,10806.25,127.47,133.3,127.41,10638.83,STOP_LOSS,0.01,35.75,0.22055,2383.32,-36.92,2.79,-39.71,-39.71,3574.98,3535.27
597,SOL/INR,1h,LONG,2025-12-17 13:30:00+05:30,2025-12-17 15:30:00+05:30,128.38,10719.66,126.45,132.23,126.39,10553.58,STOP_LOSS,0.01,35.35,0.219862,2356.84,-36.51,2.76,-39.27,-39.27,3535.27,3495.99
598,SOL/INR,1h,SHORT,2025-12-18 11:30:00+05:30,2025-12-18 17:30:00+05:30,122.31,10213.3,124.15,118.65,124.21,10371.68,STOP_LOSS,0.01,34.96,0.228199,2330.66,-36.14,2.77,-38.91,-38.91,3495.99,3457.08
599,SOL/INR,1h,SHORT,2025-12-19 06:30:00+05:30,2025-12-19 08:30:00+05:30,118.1,9861.75,119.88,114.56,119.94,10014.68,STOP_LOSS,0.01,34.57,0.233703,2304.72,-35.74,2.74,-38.48,-38.48,3457.08,3418.6
600,SOL/INR,1h,LONG,2025-12-20 01:30:00+05:30,2025-12-21 00:30:00+05:30,126.48,10561.1,124.58,130.27,125.88,10510.9,INTRADAY_SQUAREOFF,0.01,34.19,0.215798,2279.07,-10.83,2.68,-13.52,-13.52,3418.6,3405.08
601,SOL/INR,1h,SHORT,2025-12-22 03:30:00+05:30,2025-12-22 05:30:00+05:30,124.73,10414.99,126.6,120.99,126.66,10576.5,STOP_LOSS,0.01,34.05,0.21796,2270.05,-35.2,2.7,-37.9,-37.9,3405.08,3367.18
602,SOL/INR,1h,LONG,2025-12-22 10:30:00+05:30,2025-12-23 00:30:00+05:30,126.65,10575.5,124.75,130.45,126.71,10580.33,INTRADAY_SQUAREOFF,0.01,33.67,0.212263,2244.79,1.03,2.65,-1.62,-1.62,3367.18,3365.55
603,SOL/INR,1h,SHORT,2025-12-23 08:30:00+05:30,2025-12-24 00:30:00+05:30,125.52,10480.82,127.4,121.75,123.95,10349.44,INTRADAY_SQUAREOFF,0.01,33.66,0.214077,2243.7,28.13,2.63,25.5,25.5,3365.55,3391.05
604,SOL/INR,1h,SHORT,2025-12-24 07:30:00+05:30,2025-12-25 00:30:00+05:30,122.9,10262.38,124.75,119.22,122.47,10226.15,INTRADAY_SQUAREOFF,0.01,33.91,0.22029,2260.7,7.98,2.66,5.32,5.32,3391.05,3396.37
605,SOL/INR,1h,LONG,2025-12-26 00:30:00+05:30,2025-12-26 03:30:00+05:30,124.05,10358.13,122.19,127.77,122.13,10197.66,STOP_LOSS,0.01,33.96,0.218596,2264.25,-35.08,2.65,-37.73,-37.73,3396.37,3358.64
606,SOL/INR,1h,LONG,2025-12-28 13:30:00+05:30,2025-12-29 00:30:00+05:30,124.17,10368.14,122.31,127.89,123.08,10277.3,INTRADAY_SQUAREOFF,0.01,33.59,0.215959,2239.09,-19.62,2.63,-22.25,-22.25,3358.64,3336.39
607,SOL/INR,1h,SHORT,2025-12-30 00:30:00+05:30,2025-12-30 13:30:00+05:30,122.95,10265.98,124.79,119.26,124.85,10425.18,STOP_LOSS,0.01,33.36,0.216663,2224.26,-34.49,2.64,-37.14,-37.14,3336.39,3299.25
608,SOL/INR,1h,LONG,2025-12-30 20:30:00+05:30,2025-12-31 00:30:00+05:30,125.03,10440.3,123.16,128.78,124.37,10384.78,INTRADAY_SQUAREOFF,0.01,32.99,0.210674,2199.5,-11.7,2.59,-14.29,-14.29,3299.25,3284.97
609,SOL/INR,1h,LONG,2025-12-31 05:30:00+05:30,2026-01-01 00:30:00+05:30,125.01,10438.16,123.13,128.76,124.56,10400.95,INTRADAY_SQUAREOFF,0.01,32.85,0.209805,2189.98,-7.81,2.58,-10.39,-10.39,3284.97,3274.58
610,SOL/INR,1h,SHORT,2026-01-01 09:30:00+05:30,2026-01-02 00:30:00+05:30,124.85,10424.89,126.72,121.1,125.16,10451.01,INTRADAY_SQUAREOFF,0.01,32.75,0.209408,2183.05,-5.47,2.58,-8.05,-8.05,3274.58,3266.53
611,SOL/INR,1h,LONG,2026-01-02 09:30:00+05:30,2026-01-02 22:30:00+05:30,127.71,10663.38,125.79,131.54,131.47,10977.79,TARGET_HIT,0.01,32.67,0.204221,2177.69,64.21,2.61,61.6,61.6,3266.53,3328.13
612,SOL/INR,1h,LONG,2026-01-03 04:30:00+05:30,2026-01-03 12:30:00+05:30,133.04,11108.45,131.04,137.03,130.97,10936.35,STOP_LOSS,0.01,33.28,0.199736,2218.76,-34.37,2.6,-36.97,-36.97,3328.13,3291.16
613,SOL/INR,1h,LONG,2026-01-04 09:30:00+05:30,2026-01-05 00:30:00+05:30,134.57,11236.77,132.55,138.61,134.04,11192.51,INTRADAY_SQUAREOFF,0.01,32.91,0.195261,2194.11,-8.64,2.58,-11.23,-11.23,3291.16,3279.93
614,SOL/INR,1h,LONG,2026-01-05 16:30:00+05:30,2026-01-05 18:30:00+05:30,135.92,11349.43,133.88,140.0,133.82,11173.59,STOP_LOSS,0.01,32.8,0.192664,2186.62,-33.88,2.56,-36.44,-36.44,3279.93,3243.5
615,SOL/INR,1h,LONG,2026-01-06 09:30:00+05:30,2026-01-06 19:30:00+05:30,138.5,11564.62,136.42,142.65,142.58,11905.6,TARGET_HIT,0.01,32.43,0.186978,2162.33,63.76,2.59,61.17,61.17,3243.5,3304.66
616,SOL/INR,1h,SHORT,2026-01-07 07:30:00+05:30,2026-01-08 00:30:00+05:30,138.8,11589.96,140.88,134.64,135.2,11288.86,INTRADAY_SQUAREOFF,0.01,33.05,0.190088,2203.11,57.24,2.57,54.67,54.67,3304.66,3359.33
617,SOL/INR,1h,SHORT,2026-01-08 09:30:00+05:30,2026-01-08 23:30:00+05:30,136.56,11402.38,138.6,132.46,138.67,11579.2,STOP_LOSS,0.01,33.59,0.196411,2239.56,-34.73,2.66,-37.39,-37.39,3359.33,3321.94
618,SOL/INR,1h,LONG,2026-01-09 03:30:00+05:30,2026-01-09 13:30:00+05:30,139.56,11652.97,137.46,143.74,137.39,11472.44,STOP_LOSS,0.01,33.22,0.190048,2214.63,-34.31,2.59,-36.9,-36.9,3321.94,3285.04
619,SOL/INR,1h,LONG,2026-01-09 19:30:00+05:30,2026-01-09 23:30:00+05:30,138.8,11589.61,136.72,142.96,136.65,11410.06,STOP_LOSS,0.01,32.85,0.188964,2190.03,-33.93,2.56,-36.49,-36.49,3285.04,3248.54
620,SOL/INR,1h,LONG,2026-01-12 00:30:00+05:30,2026-01-12 02:30:00+05:30,139.98,11688.64,137.88,144.18,137.82,11507.55,STOP_LOSS,0.01,32.49,0.185282,2165.7,-33.55,2.54,-36.09,-36.09,3248.54,3212.46
621,SOL/INR,1h,LONG,2026-01-12 05:30:00+05:30,2026-01-12 08:30:00+05:30,139.56,11653.31,137.47,143.75,143.68,11996.91,TARGET_HIT,0.01,32.12,0.183779,2141.64,63.15,2.56,60.58,60.58,3212.46,3273.04
622,SOL/INR,1h,LONG,2026-01-14 01:30:00+05:30,2026-01-15 00:30:00+05:30,144.29,12047.81,142.12,148.61,146.37,12221.78,INTRADAY_SQUAREOFF,0.01,32.73,0.181114,2182.03,31.51,2.59,28.92,28.92,3273.04,3301.95
623,SOL/INR,1h,SHORT,2026-01-15 23:30:00+05:30,2026-01-16 01:30:00+05:30,142.57,11904.68,144.71,138.29,141.52,11817.26,INTRADAY_SQUAREOFF,0.01,33.02,0.184911,2201.3,16.17,2.59,13.58,13.58,3301.95,3315.53
624,SOL/INR,1h,SHORT,2026-01-16 09:30:00+05:30,2026-01-17 00:30:00+05:30,141.84,11843.96,143.97,137.59,144.04,12027.63,STOP_LOSS,0.01,33.16,0.186623,2210.35,-34.28,2.63,-36.91,-36.91,3315.53,3278.63
625,SOL/INR,1h,LONG,2026-01-17 14:30:00+05:30,2026-01-18 00:30:00+05:30,144.24,12043.64,142.07,148.56,144.12,12034.14,INTRADAY_SQUAREOFF,0.01,32.79,0.181486,2185.75,-1.72,2.58,-4.3,-4.3,3278.63,3274.33
626,SOL/INR,1h,SHORT,2026-01-18 12:30:00+05:30,2026-01-19 00:30:00+05:30,142.52,11900.54,144.66,138.25,142.88,11930.65,INTRADAY_SQUAREOFF,0.01,32.74,0.183427,2182.88,-5.52,2.58,-8.1,-8.1,3274.33,3266.22
627,SOL/INR,1h,SHORT,2026-01-19 05:30:00+05:30,2026-01-19 07:30:00+05:30,137.89,11514.15,139.96,133.76,133.82,11174.31,TARGET_HIT,0.01,32.66,0.189114,2177.48,64.27,2.53,61.74,61.74,3266.22,3327.96
628,SOL/INR,1h,SHORT,2026-01-19 11:30:00+05:30,2026-01-20 00:30:00+05:30,133.26,11127.31,135.26,129.26,134.26,11210.91,INTRADAY_SQUAREOFF,0.01,33.28,0.199387,2218.64,-16.67,2.63,-19.3,-19.3,3327.96,3308.66
629,SOL/INR,1h,SHORT,2026-01-20 03:30:00+05:30,2026-01-20 13:30:00+05:30,134.01,11189.59,136.02,129.99,130.05,10859.33,TARGET_HIT,0.01,33.09,0.197127,2205.78,65.1,2.56,62.54,62.54,3308.66,3371.2
630,SOL/INR,1h,SHORT,2026-01-20 19:30:00+05:30,2026-01-21 00:30:00+05:30,128.34,10716.17,130.26,124.49,127.05,10608.52,INTRADAY_SQUAREOFF,0.01,33.71,0.209727,2247.47,22.58,2.64,19.94,19.94,3371.2,3391.14
631,SOL/INR,1h,SHORT,2026-01-21 04:30:00+05:30,2026-01-21 09:30:00+05:30,125.82,10506.28,127.71,122.05,127.77,10669.21,STOP_LOSS,0.01,33.91,0.215182,2260.76,-35.06,2.69,-37.75,-37.75,3391.14,3353.39
632,SOL/INR,1h,SHORT,2026-01-21 13:30:00+05:30,2026-01-21 19:30:00+05:30,127.4,10638.24,129.32,123.58,129.38,10803.21,STOP_LOSS,0.01,33.53,0.210147,2235.6,-34.67,2.66,-37.33,-37.33,3353.39,3316.07
633,SOL/INR,1h,SHORT,2026-01-23 00:30:00+05:30,2026-01-23 22:30:00+05:30,127.59,10653.48,129.5,123.76,129.57,10818.69,STOP_LOSS,0.01,33.16,0.207511,2210.71,-34.28,2.63,-36.91,-36.91,3316.07,3279.16
634,SOL/INR,1h,LONG,2026-01-24 08:30:00+05:30,2026-01-25 00:30:00+05:30,127.61,10655.42,125.7,131.44,127.14,10616.22,INTRADAY_SQUAREOFF,0.01,32.79,0.205164,2186.1,-8.04,2.57,-10.62,-10.62,3279.16,3268.54
635,SOL/INR,1h,LONG,2026-01-25 04:30:00+05:30,2026-01-25 20:30:00+05:30,127.51,10647.11,125.6,131.34,125.53,10482.16,STOP_LOSS,0.01,32.69,0.204659,2179.03,-33.76,2.55,-36.31,-36.31,3268.54,3232.23
636,SOL/INR,1h,LONG,2026-01-27 03:30:00+05:30,2026-01-28 00:30:00+05:30,124.57,10401.87,122.7,128.31,125.53,10481.78,INTRADAY_SQUAREOFF,0.01,32.32,0.207157,2154.82,16.55,2.55,14.0,14.0,3232.23,3246.23
637,SOL/INR,1h,LONG,2026-01-28 12:30:00+05:30,2026-01-28 22:30:00+05:30,127.34,10633.26,125.43,131.16,125.37,10468.53,STOP_LOSS,0.01,32.46,0.203527,2164.15,-33.53,2.53,-36.06,-36.06,3246.23,3210.17
638,SOL/INR,1h,SHORT,2026-01-29 15:30:00+05:30,2026-01-29 20:30:00+05:30,122.85,10257.64,124.69,119.16,119.22,9954.88,TARGET_HIT,0.01,32.1,0.208636,2140.11,63.17,2.49,60.68,60.68,3210.17,3270.84
639,SOL/INR,1h,SHORT,2026-01-30 00:30:00+05:30,2026-01-30 03:30:00+05:30,115.64,9655.96,117.37,112.17,117.43,9805.7,STOP_LOSS,0.01,32.71,0.225826,2180.56,-33.82,2.59,-36.41,-36.41,3270.84,3234.44
640,SOL/INR,1h,SHORT,2026-01-30 12:30:00+05:30,2026-01-30 14:30:00+05:30,113.18,9450.47,114.88,109.78,114.93,9597.02,STOP_LOSS,0.01,32.34,0.228168,2156.29,-33.44,2.56,-36.0,-36.0,3234.44,3198.43
641,SOL/INR,1h,SHORT,2026-01-30 19:30:00+05:30,2026-01-30 21:30:00+05:30,115.42,9637.51,117.15,111.96,117.21,9786.96,STOP_LOSS,0.01,31.98,0.221249,2132.29,-33.07,2.54,-35.6,-35.6,3198.43,3162.83
642,SOL/INR,1h,SHORT,2026-01-31 18:30:00+05:30,2026-01-31 20:30:00+05:30,115.03,9605.19,116.76,111.58,111.64,9321.69,TARGET_HIT,0.01,31.63,0.219522,2108.55,62.23,2.45,59.78,59.78,3162.83,3222.61
643,SOL/INR,1h,SHORT,2026-02-01 09:30:00+05:30,2026-02-01 18:30:00+05:30,104.58,8732.49,106.15,101.44,106.2,8867.91,STOP_LOSS,0.01,32.23,0.246025,2148.41,-33.32,2.55,-35.87,-35.87,3222.61,3186.74
644,SOL/INR,1h,SHORT,2026-02-02 01:30:00+05:30,2026-02-02 08:30:00+05:30,101.59,8482.92,103.12,98.54,98.59,8232.55,TARGET_HIT,0.01,31.87,0.250444,2124.5,62.7,2.47,60.23,60.23,3186.74,3246.98
645,SOL/INR,1h,SHORT,2026-02-02 11:30:00+05:30,2026-02-02 13:30:00+05:30,97.86,8170.9,99.32,94.92,99.37,8297.61,STOP_LOSS,0.01,32.47,0.264922,2164.65,-33.57,2.57,-36.14,-36.14,3246.98,3210.83
646,SOL/INR,1h,SHORT,2026-02-03 01:30:00+05:30,2026-02-03 21:30:00+05:30,103.57,8648.0,105.12,100.46,100.51,8392.75,TARGET_HIT,0.01,32.11,0.24752,2140.56,63.18,2.49,60.69,60.69,3210.83,3271.52
647,SOL/INR,1h,SHORT,2026-02-04 04:30:00+05:30,2026-02-04 16:30:00+05:30,98.27,8205.53,99.74,95.32,95.37,7963.35,TARGET_HIT,0.01,32.72,0.265798,2181.02,64.37,2.54,61.84,61.84,3271.52,3333.36
648,SOL/INR,1h,SHORT,2026-02-04 19:30:00+05:30,2026-02-04 21:30:00+05:30,94.4,7882.35,95.82,91.57,91.61,7649.7,TARGET_HIT,0.01,33.33,0.281926,2222.24,65.59,2.58,63.01,63.01,3333.36,3396.37
649,SOL/INR,1h,SHORT,2026-02-05 03:30:00+05:30,2026-02-05 05:30:00+05:30,90.62,7566.69,91.98,87.9,92.02,7684.03,STOP_LOSS,0.01,33.96,0.299239,2264.25,-35.11,2.69,-37.81,-37.81,3396.37,3358.56
650,SOL/INR,1h,SHORT,2026-02-05 12:30:00+05:30,2026-02-05 14:30:00+05:30,89.71,7490.48,91.05,87.02,91.1,7606.64,STOP_LOSS,0.01,33.59,0.298918,2239.04,-34.72,2.66,-37.38,-37.38,3358.56,3321.18
651,SOL/INR,1h,SHORT,2026-02-05 16:30:00+05:30,2026-02-05 20:30:00+05:30,90.05,7519.32,91.4,87.35,87.39,7297.39,TARGET_HIT,0.01,33.21,0.294457,2214.12,65.35,2.57,62.78,62.78,3321.18,3383.95
652,SOL/INR,1h,SHORT,2026-02-05 23:30:00+05:30,2026-02-06 01:30:00+05:30,82.6,6897.35,83.84,80.12,80.16,6693.77,TARGET_HIT,0.01,33.84,0.327078,2255.97,66.58,2.62,63.96,63.96,3383.95,3447.92
653,SOL/INR,1h,SHORT,2026-02-06 05:30:00+05:30,2026-02-06 07:30:00+05:30,78.15,6525.23,79.32,75.8,79.36,6626.42,STOP_LOSS,0.01,34.48,0.352265,2298.61,-35.65,2.73,-38.38,-38.38,3447.92,3409.54
654,SOL/INR,1h,LONG,2026-02-07 01:30:00+05:30,2026-02-07 12:30:00+05:30,87.19,7280.37,85.88,89.81,85.84,7167.58,STOP_LOSS,0.01,34.1,0.312213,2273.02,-35.21,2.66,-37.88,-37.88,3409.54,3371.66
655,SOL/INR,1h,LONG,2026-02-07 23:30:00+05:30,2026-02-08 01:30:00+05:30,87.57,7312.07,86.26,90.2,88.18,7363.04,INTRADAY_SQUAREOFF,0.01,33.72,0.307406,2247.77,15.67,2.66,13.01,13.01,3371.66,3384.67
656,SOL/INR,1h,LONG,2026-02-08 07:30:00+05:30,2026-02-08 15:30:00+05:30,87.95,7343.55,86.63,90.59,86.58,7229.78,STOP_LOSS,0.01,33.85,0.307269,2256.45,-34.96,2.64,-37.6,-37.6,3384.67,3347.07
657,SOL/INR,1h,LONG,2026-02-08 17:30:00+05:30,2026-02-08 21:30:00+05:30,88.16,7361.62,86.84,90.81,86.8,7247.57,STOP_LOSS,0.01,33.47,0.30311,2231.38,-34.57,2.61,-37.18,-37.18,3347.07,3309.89
658,SOL/INR,1h,LONG,2026-02-09 01:30:00+05:30,2026-02-09 03:30:00+05:30,88.43,7383.64,87.1,91.08,87.06,7269.25,STOP_LOSS,0.01,33.1,0.298848,2206.59,-34.19,2.58,-36.77,-36.77,3309.89,3273.12
659,SOL/INR,1h,LONG,2026-02-09 09:30:00+05:30,2026-02-09 11:30:00+05:30,87.73,7325.47,86.41,90.36,86.37,7211.98,STOP_LOSS,0.01,32.73,0.297875,2182.08,-33.81,2.55,-36.36,-36.36,3273.12,3236.76
660,SOL/INR,1h,LONG,2026-02-10 07:30:00+05:30,2026-02-10 09:30:00+05:30,87.38,7296.46,86.07,90.0,86.03,7183.42,STOP_LOSS,0.01,32.37,0.295738,2157.84,-33.43,2.53,-35.96,-35.96,3236.76,3200.8
661,SOL/INR,1h,SHORT,2026-02-11 02:30:00+05:30,2026-02-11 07:30:00+05:30,82.44,6883.46,83.67,79.96,83.72,6990.2,STOP_LOSS,0.01,32.01,0.309999,2133.87,-33.09,2.54,-35.63,-35.63,3200.8,3165.17
662,SOL/INR,1h,SHORT,2026-02-11 15:30:00+05:30,2026-02-11 19:30:00+05:30,80.68,6736.6,81.89,78.26,81.93,6841.06,STOP_LOSS,0.01,31.65,0.313231,2110.11,-32.72,2.51,-35.23,-35.23,3165.17,3129.94
663,SOL/INR,1h,SHORT,2026-02-12 04:30:00+05:30,2026-02-12 09:30:00+05:30,79.47,6635.37,80.66,77.08,80.7,6738.26,STOP_LOSS,0.01,31.3,0.31447,2086.63,-32.36,2.48,-34.84,-34.84,3129.94,3095.1
664,SOL/INR,1h,SHORT,2026-02-12 18:30:00+05:30,2026-02-12 21:30:00+05:30,80.86,6751.61,82.07,78.43,78.47,6552.33,TARGET_HIT,0.01,30.95,0.305616,2063.4,60.9,2.4,58.5,58.5,3095.1,3153.6
665,SOL/INR,1h,LONG,2026-02-14 06:30:00+05:30,2026-02-14 21:30:00+05:30,85.05,7101.55,83.77,87.6,87.56,7310.94,TARGET_HIT,0.01,31.54,0.296048,2102.4,61.99,2.52,59.47,59.47,3153.6,3213.07
666,SOL/INR,1h,LONG,2026-02-15 04:30:00+05:30,2026-02-15 18:30:00+05:30,88.72,7408.09,87.39,91.38,87.35,7293.32,STOP_LOSS,0.01,32.13,0.28915,2142.05,-33.19,2.51,-35.69,-35.69,3213.07,3177.38
667,SOL/INR,1h,SHORT,2026-02-16 07:30:00+05:30,2026-02-16 20:30:00+05:30,85.46,7135.52,86.74,82.89,82.93,6924.91,TARGET_HIT,0.01,31.77,0.29686,2118.25,62.52,2.46,60.06,60.06,3177.38,3237.44
668,SOL/INR,1h,LONG,2026-02-17 12:30:00+05:30,2026-02-17 15:30:00+05:30,86.71,7240.23,85.41,89.31,85.37,7128.06,STOP_LOSS,0.01,32.37,0.298097,2158.29,-33.44,2.53,-35.96,-35.96,3237.44,3201.47
669,SOL/INR,1h,SHORT,2026-02-18 06:30:00+05:30,2026-02-18 19:30:00+05:30,84.8,7080.75,86.07,82.26,82.3,6871.77,TARGET_HIT,0.01,32.01,0.301425,2134.32,62.99,2.48,60.51,60.51,3201.47,3261.99
670,SOL/INR,1h,SHORT,2026-02-18 22:30:00+05:30,2026-02-19 00:30:00+05:30,82.13,6857.47,83.36,79.66,81.31,6789.65,INTRADAY_SQUAREOFF,0.01,32.62,0.317122,2174.66,21.51,2.55,18.96,18.96,3261.99,3280.94
671,SOL/INR,1h,SHORT,2026-02-19 14:30:00+05:30,2026-02-20 00:30:00+05:30,81.63,6816.45,82.86,79.19,81.95,6842.67,INTRADAY_SQUAREOFF,0.01,32.81,0.320885,2187.29,-8.42,2.59,-11.0,-11.0,3280.94,3269.94
672,SOL/INR,1h,LONG,2026-02-20 11:30:00+05:30,2026-02-20 18:30:00+05:30,83.56,6977.44,82.31,86.07,82.27,6869.34,STOP_LOSS,0.01,32.7,0.31243,2179.96,-33.77,2.55,-36.33,-36.33,3269.94,3233.62
673,SOL/INR,1h,LONG,2026-02-21 19:30:00+05:30,2026-02-22 00:30:00+05:30,85.67,7153.63,84.39,88.24,86.56,7227.93,INTRADAY_SQUAREOFF,0.01,32.34,0.30135,2155.74,22.39,2.56,19.83,19.83,3233.62,3253.45
674,SOL/INR,1h,SHORT,2026-02-23 02:30:00+05:30,2026-02-23 06:30:00+05:30,83.01,6931.23,84.25,80.52,80.56,6726.65,TARGET_HIT,0.01,32.53,0.312927,2168.97,64.02,2.52,61.5,61.5,3253.45,3314.94
675,SOL/INR,1h,SHORT,2026-02-23 10:30:00+05:30,2026-02-23 12:30:00+05:30,77.25,6450.19,78.41,74.93,78.45,6550.21,STOP_LOSS,0.01,33.15,0.34262,2209.96,-34.27,2.63,-36.9,-36.9,3314.94,3278.05
676,SOL/INR,1h,SHORT,2026-02-23 14:30:00+05:30,2026-02-23 16:30:00+05:30,78.61,6563.66,79.79,76.25,79.83,6665.44,STOP_LOSS,0.01,32.78,0.332949,2185.36,-33.89,2.6,-36.49,-36.49,3278.05,3241.56
677,SOL/INR,1h,SHORT,2026-02-24 05:30:00+05:30,2026-02-25 00:30:00+05:30,77.66,6484.31,78.82,75.33,78.25,6533.46,INTRADAY_SQUAREOFF,0.01,32.42,0.333272,2161.04,-16.38,2.56,-18.94,-18.94,3241.56,3222.62
678,SOL/INR,1h,LONG,2026-02-25 07:30:00+05:30,2026-02-25 10:30:00+05:30,82.33,6874.26,81.09,84.8,81.05,6767.76,STOP_LOSS,0.01,32.23,0.31253,2148.41,-33.28,2.52,-35.8,-35.8,3222.62,3186.82
679,SOL/INR,1h,LONG,2026-02-25 13:30:00+05:30,2026-02-25 19:30:00+05:30,82.35,6876.34,81.12,84.82,84.78,7079.09,TARGET_HIT,0.01,31.87,0.308965,2124.55,62.64,2.54,60.1,60.1,3186.82,3246.92
680,SOL/INR,1h,LONG,2026-02-26 10:30:00+05:30,2026-02-26 12:30:00+05:30,88.93,7425.78,87.6,91.6,87.55,7310.73,STOP_LOSS,0.01,32.47,0.2915,2164.61,-33.54,2.53,-36.07,-36.07,3246.92,3210.85
681,SOL/INR,1h,LONG,2026-02-26 15:30:00+05:30,2026-02-26 17:30:00+05:30,88.43,7383.59,87.1,91.08,87.06,7269.2,STOP_LOSS,0.01,32.11,0.289908,2140.56,-33.16,2.51,-35.67,-35.67,3210.85,3175.18
682,SOL/INR,1h,SHORT,2026-02-27 11:30:00+05:30,2026-02-27 15:30:00+05:30,87.49,7305.39,88.8,84.87,84.91,7089.77,TARGET_HIT,0.01,31.75,0.289757,2116.79,62.48,2.46,60.02,60.02,3175.18,3235.19
683,SOL/INR,1h,SHORT,2026-02-27 22:30:00+05:30,2026-02-28 00:30:00+05:30,81.45,6801.32,82.67,79.01,81.53,6807.42,INTRADAY_SQUAREOFF,0.01,32.35,0.317114,2156.8,-1.93,2.55,-4.48,-4.48,3235.19,3230.71
684,SOL/INR,1h,SHORT,2026-02-28 03:30:00+05:30,2026-02-28 11:30:00+05:30,81.08,6770.38,82.3,78.65,78.69,6570.55,TARGET_HIT,0.01,32.31,0.318123,2153.81,63.57,2.5,61.07,61.07,3230.71,3291.78
685,SOL/INR,1h,LONG,2026-03-01 02:30:00+05:30,2026-03-01 07:30:00+05:30,84.89,7088.0,83.61,87.43,87.39,7296.99,TARGET_HIT,0.01,32.92,0.309611,2194.52,64.71,2.63,62.08,62.08,3291.78,3353.86
686,SOL/INR,1h,LONG,2026-03-01 19:30:00+05:30,2026-03-01 21:30:00+05:30,86.64,7234.51,85.34,89.24,85.3,7122.43,STOP_LOSS,0.01,33.54,0.309061,2235.91,-34.64,2.62,-37.26,-37.26,3353.86,3316.6
687,SOL/INR,1h,SHORT,2026-03-02 12:30:00+05:30,2026-03-02 19:30:00+05:30,83.05,6934.97,84.3,80.56,84.34,7042.52,STOP_LOSS,0.01,33.17,0.318828,2211.07,-34.29,2.63,-36.92,-36.92,3316.6,3279.68
688,SOL/INR,1h,LONG,2026-03-03 02:30:00+05:30,2026-03-03 04:30:00+05:30,87.95,7343.85,86.63,90.59,86.59,7230.08,STOP_LOSS,0.01,32.8,0.297726,2186.46,-33.87,2.56,-36.43,-36.43,3279.68,3243.25
689,SOL/INR,1h,SHORT,2026-03-03 16:30:00+05:30,2026-03-03 21:30:00+05:30,83.79,6996.22,85.04,81.27,85.09,7104.72,STOP_LOSS,0.01,32.43,0.309048,2162.17,-33.53,2.57,-36.1,-36.1,3243.25,3207.15
690,SOL/INR,1h,LONG,2026-03-04 11:30:00+05:30,2026-03-04 13:30:00+05:30,85.86,7169.37,84.57,88.44,88.39,7380.76,TARGET_HIT,0.01,32.07,0.298227,2138.1,63.04,2.56,60.48,60.48,3207.15,3267.63
691,SOL/INR,1h,LONG,2026-03-04 19:30:00+05:30,2026-03-04 21:30:00+05:30,90.05,7518.82,88.7,92.75,92.7,7740.51,TARGET_HIT,0.01,32.68,0.289729,2178.42,64.23,2.61,61.62,61.62,3267.63,3329.25
692,SOL/INR,1h,LONG,2026-03-05 01:30:00+05:30,2026-03-05 03:30:00+05:30,93.85,7836.72,92.45,96.67,92.4,7715.31,STOP_LOSS,0.01,33.29,0.283218,2219.5,-34.39,2.6,-36.98,-36.98,3329.25,3292.27
693,SOL/INR,1h,LONG,2026-03-05 12:30:00+05:30,2026-03-05 20:30:00+05:30,90.93,7592.59,89.57,93.66,89.52,7474.96,STOP_LOSS,0.01,32.92,0.289077,2194.85,-34.0,2.57,-36.57,-36.57,3292.27,3255.69
694,SOL/INR,1h,SHORT,2026-03-06 05:30:00+05:30,2026-03-06 18:30:00+05:30,88.65,7402.2,89.98,85.99,86.03,7183.73,TARGET_HIT,0.01,32.56,0.293219,2170.46,64.06,2.52,61.54,61.54,3255.69,3317.23
695,SOL/INR,1h,SHORT,2026-03-06 22:30:00+05:30,2026-03-07 00:30:00+05:30,84.25,7034.86,85.51,81.72,85.56,7143.95,STOP_LOSS,0.01,33.17,0.314362,2211.49,-34.29,2.63,-36.92,-36.92,3317.23,3280.31
696,SOL/INR,1h,SHORT,2026-03-07 09:30:00+05:30,2026-03-08 00:30:00+05:30,84.4,7047.16,85.66,81.87,83.44,6967.34,INTRADAY_SQUAREOFF,0.01,32.8,0.31032,2186.87,24.77,2.57,22.2,22.2,3280.31,3302.51
697,SOL/INR,1h,SHORT,2026-03-08 08:30:00+05:30,2026-03-08 15:30:00+05:30,82.37,6877.66,83.6,79.9,83.64,6984.32,STOP_LOSS,0.01,33.03,0.320119,2201.67,-34.14,2.62,-36.76,-36.76,3302.51,3265.75
698,SOL/INR,1h,SHORT,2026-03-08 22:30:00+05:30,2026-03-09 00:30:00+05:30,81.45,6801.18,82.67,79.01,81.64,6816.93,INTRADAY_SQUAREOFF,0.01,32.66,0.320116,2177.17,-5.04,2.57,-7.61,-7.61,3265.75,3258.14
699,SOL/INR,1h,SHORT,2026-03-09 05:30:00+05:30,2026-03-09 07:30:00+05:30,81.58,6812.24,82.81,79.14,82.85,6917.88,STOP_LOSS,0.01,32.58,0.318851,2172.09,-33.68,2.58,-36.27,-36.27,3258.14,3221.87
700,SOL/INR,1h,LONG,2026-03-09 19:30:00+05:30,2026-03-10 00:30:00+05:30,85.65,7152.15,84.37,88.22,85.18,7112.32,INTRADAY_SQUAREOFF,0.01,32.22,0.300317,2147.92,-11.96,2.53,-14.49,-14.49,3221.87,3207.38
701,SOL/INR,1h,LONG,2026-03-10 08:30:00+05:30,2026-03-10 19:30:00+05:30,86.76,7244.67,85.46,89.37,85.42,7132.43,STOP_LOSS,0.01,32.07,0.295149,2138.26,-33.13,2.5,-35.63,-35.63,3207.38,3171.75
702,SOL/INR,1h,LONG,2026-03-13 01:30:00+05:30,2026-03-13 05:30:00+05:30,86.9,7255.92,85.59,89.5,89.46,7469.86,TARGET_HIT,0.01,31.72,0.291418,2114.5,62.35,2.53,59.81,59.81,3171.75,3231.57
703,SOL/INR,1h,LONG,2026-03-13 15:30:00+05:30,2026-03-13 19:30:00+05:30,89.62,7483.67,88.28,92.31,92.27,7704.33,TARGET_HIT,0.01,32.32,0.287877,2154.38,63.52,2.58,60.94,60.94,3231.57,3292.51
704,SOL/INR,1h,SHORT,2026-03-14 04:30:00+05:30,2026-03-15 00:30:00+05:30,87.78,7329.59,89.1,85.15,87.09,7271.61,INTRADAY_SQUAREOFF,0.01,32.93,0.299472,2195.01,17.36,2.58,14.78,14.78,3292.51,3307.29
705,SOL/INR,1h,LONG,2026-03-15 08:30:00+05:30,2026-03-16 00:30:00+05:30,88.52,7391.07,87.19,91.17,87.88,7338.08,INTRADAY_SQUAREOFF,0.01,33.07,0.298314,2204.86,-15.81,2.59,-18.4,-18.4,3307.29,3288.89
706,SOL/INR,1h,LONG,2026-03-16 09:30:00+05:30,2026-03-17 00:30:00+05:30,93.7,7823.88,92.29,96.51,94.39,7881.59,INTRADAY_SQUAREOFF,0.01,32.89,0.280244,2192.6,16.17,2.6,13.58,13.58,3288.89,3302.47
707,SOL/INR,1h,SHORT,2026-03-19 04:30:00+05:30,2026-03-19 21:30:00+05:30,89.95,7510.45,91.29,87.25,87.29,7288.78,TARGET_HIT,0.01,33.02,0.293144,2201.65,64.98,2.56,62.42,62.42,3302.47,3364.89
708,SOL/INR,1h,SHORT,2026-03-20 04:30:00+05:30,2026-03-20 13:30:00+05:30,88.49,7389.21,89.82,85.84,89.87,7503.8,STOP_LOSS,0.01,33.65,0.303586,2243.26,-34.79,2.67,-37.45,-37.45,3364.89,3327.44
709,SOL/INR,1h,SHORT,2026-03-20 15:30:00+05:30,2026-03-21 00:30:00+05:30,88.75,7410.6,90.08,86.09,88.57,7395.22,INTRADAY_SQUAREOFF,0.01,33.27,0.29934,2218.29,4.6,2.61,1.99,1.99,3327.44,3329.43
710,SOL/INR,1h,SHORT,2026-03-23 12:30:00+05:30,2026-03-23 16:30:00+05:30,85.58,7145.74,86.86,83.01,86.9,7256.55,STOP_LOSS,0.01,33.29,0.310621,2219.62,-34.42,2.64,-37.06,-37.06,3329.43,3292.36
711,SOL/INR,1h,LONG,2026-03-24 02:30:00+05:30,2026-03-24 06:30:00+05:30,91.98,7680.73,90.6,94.74,90.56,7561.73,STOP_LOSS,0.01,32.92,0.285769,2194.91,-34.0,2.57,-36.57,-36.57,3292.36,3255.79
712,SOL/INR,1h,LONG,2026-03-24 12:30:00+05:30,2026-03-24 19:30:00+05:30,90.48,7554.84,89.12,93.19,89.08,7437.8,STOP_LOSS,0.01,32.56,0.287303,2170.53,-33.63,2.54,-36.17,-36.17,3255.79,3219.62
713,SOL/INR,1h,SHORT,2026-03-24 22:30:00+05:30,2026-03-25 00:30:00+05:30,89.17,7445.36,90.5,86.49,89.03,7434.32,INTRADAY_SQUAREOFF,0.01,32.2,0.288289,2146.41,3.18,2.53,0.65,0.65,3219.62,3220.28
714,SOL/INR,1h,LONG,2026-03-25 16:30:00+05:30,2026-03-25 20:30:00+05:30,92.66,7736.91,91.27,95.44,91.22,7617.05,STOP_LOSS,0.01,32.2,0.277481,2146.85,-33.26,2.51,-35.77,-35.77,3220.28,3184.5
715,SOL/INR,1h,SHORT,2026-03-26 11:30:00+05:30,2026-03-26 23:30:00+05:30,89.13,7442.76,90.47,86.46,86.5,7223.09,TARGET_HIT,0.01,31.85,0.285244,2123.0,62.66,2.47,60.19,60.19,3184.5,3244.69
716,SOL/INR,1h,SHORT,2026-03-27 09:30:00+05:30,2026-03-27 15:30:00+05:30,86.33,7208.84,87.63,83.74,83.79,6996.08,TARGET_HIT,0.01,32.45,0.300066,2163.13,63.84,2.51,61.33,61.33,3244.69,3306.02
717,SOL/INR,1h,SHORT,2026-03-27 19:30:00+05:30,2026-03-28 00:30:00+05:30,82.72,6907.43,83.96,80.24,82.37,6878.13,INTRADAY_SQUAREOFF,0.01,33.06,0.319079,2204.02,9.35,2.6,6.75,6.75,3306.02,3312.78
718,SOL/INR,1h,SHORT,2026-03-28 08:30:00+05:30,2026-03-28 18:30:00+05:30,82.4,6880.37,83.64,79.93,83.68,6987.07,STOP_LOSS,0.01,33.13,0.320988,2208.52,-34.25,2.63,-36.87,-36.87,3312.78,3275.9
719,SOL/INR,1h,SHORT,2026-03-29 19:30:00+05:30,2026-03-30 00:30:00+05:30,81.78,6828.83,83.01,79.33,81.79,6829.36,INTRADAY_SQUAREOFF,0.01,32.76,0.319811,2183.94,-0.17,2.58,-2.75,-2.75,3275.9,3273.16
720,SOL/INR,1h,LONG,2026-03-30 10:30:00+05:30,2026-03-31 00:30:00+05:30,83.7,6989.08,82.45,86.21,82.4,6880.8,STOP_LOSS,0.01,32.73,0.312216,2182.1,-33.81,2.55,-36.36,-36.36,3273.16,3236.79
721,SOL/INR,1h,SHORT,2026-03-31 10:30:00+05:30,2026-03-31 14:30:00+05:30,83.27,6952.63,84.51,80.77,80.81,6747.42,TARGET_HIT,0.01,32.37,0.310366,2157.86,63.69,2.51,61.18,61.18,3236.79,3297.97
722,SOL/INR,1h,SHORT,2026-03-31 20:30:00+05:30,2026-03-31 22:30:00+05:30,80.5,6721.62,81.71,78.08,81.75,6825.86,STOP_LOSS,0.01,32.98,0.327101,2198.65,-34.1,2.61,-36.71,-36.71,3297.97,3261.26
723,SOL/INR,1h,SHORT,2026-04-02 07:30:00+05:30,2026-04-03 00:30:00+05:30,79.11,6605.87,80.3,76.74,79.13,6607.27,INTRADAY_SQUAREOFF,0.01,32.61,0.329128,2174.18,-0.46,2.57,-3.03,-3.03,3261.26,3258.24
724,SOL/INR,1h,LONG,2026-04-03 21:30:00+05:30,2026-04-04 00:30:00+05:30,80.54,6724.77,79.33,82.95,80.09,6687.89,INTRADAY_SQUAREOFF,0.01,32.58,0.323009,2172.16,-11.91,2.56,-14.47,-14.47,3258.24,3243.77
725,SOL/INR,1h,LONG,2026-04-04 12:30:00+05:30,2026-04-05 00:30:00+05:30,80.51,6722.83,79.31,82.93,80.85,6750.99,INTRADAY_SQUAREOFF,0.01,32.44,0.321667,2162.51,9.06,2.56,6.5,6.5,3243.77,3250.27
726,SOL/INR,1h,LONG,2026-04-05 03:30:00+05:30,2026-04-05 11:30:00+05:30,81.01,6764.14,79.79,83.44,79.75,6659.35,STOP_LOSS,0.01,32.5,0.320343,2166.85,-33.57,2.54,-36.11,-36.11,3250.27,3214.16
727,SOL/INR,1h,SHORT,2026-04-05 18:30:00+05:30,2026-04-06 00:30:00+05:30,78.84,6583.38,80.03,76.48,80.07,6685.48,STOP_LOSS,0.01,32.14,0.325482,2142.78,-33.23,2.55,-35.78,-35.78,3214.16,3178.39
728,SOL/INR,1h,LONG,2026-04-06 08:30:00+05:30,2026-04-06 11:30:00+05:30,82.7,6905.29,81.46,85.18,81.42,6798.31,STOP_LOSS,0.01,31.78,0.306855,2118.92,-32.83,2.48,-35.31,-35.31,3178.39,3143.08
729,SOL/INR,1h,SHORT,2026-04-07 11:30:00+05:30,2026-04-08 00:30:00+05:30,79.47,6635.77,80.66,77.09,80.7,6738.68,STOP_LOSS,0.01,31.43,0.315771,2095.38,-32.49,2.49,-34.99,-34.99,3143.08,3108.09
730,SOL/INR,1h,LONG,2026-04-08 14:30:00+05:30,2026-04-08 19:30:00+05:30,84.88,7087.6,83.61,87.43,83.57,6977.8,STOP_LOSS,0.01,31.08,0.29235,2072.06,-32.1,2.43,-34.53,-34.53,3108.09,3073.56
731,SOL/INR,1h,SHORT,2026-04-09 00:30:00+05:30,2026-04-09 22:30:00+05:30,82.85,6918.31,84.1,80.37,84.14,7025.59,STOP_LOSS,0.01,30.74,0.296177,2049.04,-31.78,2.44,-34.21,-34.21,3073.56,3039.35
732,SOL/INR,1h,LONG,2026-04-10 10:30:00+05:30,2026-04-11 00:30:00+05:30,83.42,6965.9,82.17,85.93,85.19,7113.25,INTRADAY_SQUAREOFF,0.01,30.39,0.290879,2026.23,42.86,2.42,40.44,40.44,3039.35,3079.79
733,SOL/INR,1h,LONG,2026-04-11 21:30:00+05:30,2026-04-12 00:30:00+05:30,84.8,7080.75,83.53,87.34,85.4,7131.02,INTRADAY_SQUAREOFF,0.01,30.8,0.289969,2053.2,14.58,2.43,12.15,12.15,3079.79,3091.94
734,SOL/INR,1h,SHORT,2026-04-12 15:30:00+05:30,2026-04-13 00:30:00+05:30,82.2,6863.34,83.43,79.73,82.23,6866.0,INTRADAY_SQUAREOFF,0.01,30.92,0.300334,2061.29,-0.8,2.43,-3.23,-3.23,3091.94,3088.71
735,SOL/INR,1h,SHORT,2026-04-13 08:30:00+05:30,2026-04-13 18:30:00+05:30,81.91,6839.7,83.14,79.46,83.18,6945.77,STOP_LOSS,0.01,30.89,0.301057,2059.14,-31.93,2.45,-34.38,-34.38,3088.71,3054.33
736,SOL/INR,1h,LONG,2026-04-14 01:30:00+05:30,2026-04-14 18:30:00+05:30,84.26,7035.84,83.0,86.79,86.75,7243.29,TARGET_HIT,0.01,30.54,0.289407,2036.22,60.04,2.44,57.6,57.6,3054.33,3111.93
737,SOL/INR,1h,SHORT,2026-04-15 11:30:00+05:30,2026-04-15 19:30:00+05:30,82.96,6927.03,84.2,80.47,84.24,7034.46,STOP_LOSS,0.01,31.12,0.299496,2074.62,-32.17,2.47,-34.64,-34.64,3111.93,3077.29
738,SOL/INR,1h,LONG,2026-04-16 21:30:00+05:30,2026-04-17 00:30:00+05:30,87.11,7273.98,85.81,89.73,89.68,7488.45,TARGET_HIT,0.01,30.77,0.282036,2051.53,60.49,2.46,58.03,58.03,3077.29,3135.32
739,SOL/INR,1h,LONG,2026-04-17 12:30:00+05:30,2026-04-18 00:30:00+05:30,88.16,7361.7,86.84,90.81,89.19,7446.98,INTRADAY_SQUAREOFF,0.01,31.35,0.283931,2090.22,24.21,2.48,21.73,21.73,3135.32,3157.06
740,SOL/INR,1h,SHORT,2026-04-19 00:30:00+05:30,2026-04-19 19:30:00+05:30,85.81,7164.89,87.09,83.23,87.14,7276.0,STOP_LOSS,0.01,31.57,0.293753,2104.7,-32.64,2.5,-35.14,-35.14,3157.06,3121.92
741,SOL/INR,1h,SHORT,2026-04-20 11:30:00+05:30,2026-04-20 13:30:00+05:30,83.76,6993.8,85.01,81.25,85.06,7102.26,STOP_LOSS,0.01,31.22,0.297589,2081.28,-32.28,2.47,-34.75,-34.75,3121.92,3087.17
742,SOL/INR,1h,SHORT,2026-04-20 20:30:00+05:30,2026-04-20 22:30:00+05:30,84.57,7061.4,85.84,82.03,85.88,7170.91,STOP_LOSS,0.01,30.87,0.291459,2058.11,-31.92,2.45,-34.36,-34.36,3087.17,3052.8
743,SOL/INR,1h,LONG,2026-04-22 11:30:00+05:30,2026-04-23 00:30:00+05:30,88.36,7378.41,87.04,91.02,87.74,7325.97,INTRADAY_SQUAREOFF,0.01,30.53,0.275832,2035.2,-14.47,2.39,-16.86,-16.86,3052.8,3035.94
744,SOL/INR,1h,LONG,2026-04-23 03:30:00+05:30,2026-04-23 05:30:00+05:30,87.72,7324.94,86.41,90.36,86.36,7211.46,STOP_LOSS,0.01,30.36,0.276311,2023.96,-31.36,2.37,-33.73,-33.73,3035.94,3002.22
745,SOL/INR,1h,SHORT,2026-04-24 00:30:00+05:30,2026-04-24 17:30:00+05:30,85.22,7115.65,86.5,82.66,86.54,7226.0,STOP_LOSS,0.01,30.02,0.281278,2001.48,-31.04,2.38,-33.42,-33.42,3002.22,2968.8
746,SOL/INR,1h,SHORT,2026-04-26 07:30:00+05:30,2026-04-27 00:30:00+05:30,85.95,7176.57,87.24,83.37,86.89,7255.6,INTRADAY_SQUAREOFF,0.01,29.69,0.275786,1979.2,-21.79,2.35,-24.14,-24.14,2968.8,2944.66
747,SOL/INR,1h,SHORT,2026-04-28 07:30:00+05:30,2026-04-29 00:30:00+05:30,84.34,7042.21,85.6,81.81,83.83,6999.96,INTRADAY_SQUAREOFF,0.01,29.45,0.278763,1963.1,11.78,2.31,9.47,9.47,2944.66,2954.12
748,SOL/INR,1h,SHORT,2026-04-30 08:30:00+05:30,2026-05-01 00:30:00+05:30,82.62,6898.66,83.86,80.14,83.05,6934.8,INTRADAY_SQUAREOFF,0.01,29.54,0.285478,1969.42,-10.32,2.33,-12.65,-12.65,2954.12,2941.48
749,SOL/INR,1h,SHORT,2026-05-01 03:30:00+05:30,2026-05-01 08:30:00+05:30,82.79,6912.85,84.03,80.3,84.07,7020.05,STOP_LOSS,0.01,29.41,0.283672,1960.98,-30.41,2.33,-32.74,-32.74,2941.48,2908.73
750,SOL/INR,1h,LONG,2026-05-04 07:30:00+05:30,2026-05-04 15:30:00+05:30,84.93,7091.86,83.66,87.48,83.62,6981.99,STOP_LOSS,0.01,29.09,0.273434,1939.16,-30.04,2.27,-32.31,-32.31,2908.73,2876.42
751,SOL/INR,1h,LONG,2026-05-04 20:30:00+05:30,2026-05-05 00:30:00+05:30,85.36,7127.78,84.08,87.92,84.7,7072.25,INTRADAY_SQUAREOFF,0.01,28.76,0.269034,1917.61,-14.94,2.25,-17.19,-17.19,2876.42,2859.23
752,SOL/INR,1h,LONG,2026-05-05 06:30:00+05:30,2026-05-06 05:30:00+05:30,84.39,7046.75,83.13,86.92,86.21,7198.27,INTRADAY_SQUAREOFF,0.01,28.59,0.270501,1906.15,40.99,2.27,38.71,38.71,2859.23,2897.94
753,SOL/INR,1h,LONG,2026-05-06 12:30:00+05:30,2026-05-07 00:30:00+05:30,87.57,7312.41,86.26,90.2,88.97,7428.62,INTRADAY_SQUAREOFF,0.01,28.98,0.264203,1931.96,30.7,2.3,28.41,28.41,2897.94,2926.35
754,SOL/INR,1h,LONG,2026-05-07 10:30:00+05:30,2026-05-08 00:30:00+05:30,88.42,7383.42,87.1,91.08,88.51,7390.23,INTRADAY_SQUAREOFF,0.01,29.26,0.264227,1950.9,1.8,2.3,-0.5,-0.5,2926.35,2925.84
755,SOL/INR,1h,LONG,2026-05-08 05:30:00+05:30,2026-05-08 22:30:00+05:30,88.53,7392.61,87.21,91.19,91.14,7610.58,TARGET_HIT,0.01,29.26,0.263853,1950.56,57.51,2.34,55.18,55.18,2925.84,2981.02
756,SOL/INR,1h,LONG,2026-05-09 06:30:00+05:30,2026-05-10 00:30:00+05:30,92.67,7737.64,91.28,95.45,93.33,7793.33,INTRADAY_SQUAREOFF,0.01,29.81,0.256842,1987.35,14.3,2.35,11.95,11.95,2981.02,2992.97
757,SOL/INR,1h,LONG,2026-05-10 09:30:00+05:30,2026-05-10 22:30:00+05:30,93.54,7810.32,92.13,96.34,96.29,8040.61,TARGET_HIT,0.01,29.93,0.255472,1995.31,58.83,2.39,56.44,56.44,2992.97,3049.41
758,SOL/INR,1h,LONG,2026-05-11 11:30:00+05:30,2026-05-11 19:30:00+05:30,95.9,8007.48,94.46,98.77,94.41,7883.42,STOP_LOSS,0.01,30.49,0.253881,2032.94,-31.5,2.38,-33.88,-33.88,3049.41,3015.54
759,SOL/INR,1h,LONG,2026-05-11 21:30:00+05:30,2026-05-12 00:30:00+05:30,96.85,8086.84,95.4,99.75,97.25,8120.49,INTRADAY_SQUAREOFF,0.01,30.16,0.248596,2010.36,8.36,2.38,5.99,5.99,3015.54,3021.53
760,SOL/INR,1h,SHORT,2026-05-14 08:30:00+05:30,2026-05-14 19:30:00+05:30,90.39,7547.96,91.75,87.68,91.8,7665.01,STOP_LOSS,0.01,30.22,0.266873,2014.35,-31.24,2.4,-33.63,-33.63,3021.53,2987.89
761,SOL/INR,1h,LONG,2026-05-15 13:30:00+05:30,2026-05-15 18:30:00+05:30,91.75,7660.78,90.37,94.5,90.32,7542.09,STOP_LOSS,0.01,29.88,0.260016,1991.93,-30.86,2.33,-33.19,-33.19,2987.89,2954.7
762,SOL/INR,1h,SHORT,2026-05-16 01:30:00+05:30,2026-05-16 14:30:00+05:30,89.28,7454.49,90.61,86.6,86.64,7234.47,TARGET_HIT,0.01,29.55,0.264243,1969.8,58.14,2.29,55.85,55.85,2954.7,3010.55
763,SOL/INR,1h,SHORT,2026-05-17 06:30:00+05:30,2026-05-17 10:30:00+05:30,85.89,7171.57,87.18,83.31,87.22,7282.78,STOP_LOSS,0.01,30.11,0.27986,2007.03,-31.12,2.39,-33.51,-33.51,3010.55,2977.04
764,SOL/INR,1h,SHORT,2026-05-17 18:30:00+05:30,2026-05-18 00:30:00+05:30,86.64,7234.16,87.94,84.04,86.43,7217.17,INTRADAY_SQUAREOFF,0.01,29.77,0.27435,1984.69,4.66,2.34,2.32,2.32,2977.04,2979.36
765,SOL/INR,1h,SHORT,2026-05-18 04:30:00+05:30,2026-05-19 00:30:00+05:30,85.94,7175.74,87.23,83.36,83.48,6970.72,INTRADAY_SQUAREOFF,0.01,29.79,0.276799,1986.24,56.75,2.31,54.44,54.44,2979.36,3033.8
766,SOL/INR,1h,SHORT,2026-05-19 07:30:00+05:30,2026-05-20 00:30:00+05:30,84.79,7079.76,86.06,82.24,84.37,7045.08,INTRADAY_SQUAREOFF,0.01,30.34,0.285678,2022.53,9.91,2.38,7.53,7.53,3033.8,3041.33
767,SOL/INR,1h,SHORT,2026-05-20 04:30:00+05:30,2026-05-20 17:30:00+05:30,83.91,7006.32,85.17,81.39,85.21,7114.97,STOP_LOSS,0.01,30.41,0.289389,2027.55,-31.44,2.41,-33.85,-33.85,3041.33,3007.47
768,SOL/INR,1h,LONG,2026-05-21 13:30:00+05:30,2026-05-21 17:30:00+05:30,86.69,7238.89,85.39,89.29,85.35,7126.74,STOP_LOSS,0.01,30.07,0.276974,2004.98,-31.06,2.35,-33.41,-33.41,3007.47,2974.06
769,SOL/INR,1h,LONG,2026-05-21 23:30:00+05:30,2026-05-22 01:30:00+05:30,87.92,7341.65,86.61,90.56,87.71,7323.46,INTRADAY_SQUAREOFF,0.01,29.74,0.270063,1982.71,-4.91,2.34,-7.25,-7.25,2974.06,2966.82
770,SOL/INR,1h,LONG,2026-05-22 17:30:00+05:30,2026-05-22 23:30:00+05:30,87.29,7289.02,85.98,89.91,85.94,7176.09,STOP_LOSS,0.01,29.67,0.27135,1977.88,-30.64,2.32,-32.96,-32.96,2966.82,2933.86
771,SOL/INR,1h,SHORT,2026-05-23 10:30:00+05:30,2026-05-23 12:30:00+05:30,84.21,7031.36,85.47,81.68,81.72,6823.83,TARGET_HIT,0.01,29.34,0.278169,1955.91,57.73,2.27,55.45,55.45,2933.86,2989.31
772,SOL/INR,1h,LONG,2026-05-24 11:30:00+05:30,2026-05-24 19:30:00+05:30,86.1,7189.6,84.81,88.69,84.77,7078.22,STOP_LOSS,0.01,29.89,0.277188,1992.87,-30.87,2.33,-33.21,-33.21,2989.31,2956.1
773,SOL/INR,1h,SHORT,2026-05-25 07:30:00+05:30,2026-05-25 10:30:00+05:30,84.69,7071.42,85.96,82.15,86.0,7181.08,STOP_LOSS,0.01,29.56,0.27869,1970.74,-30.56,2.34,-32.9,-32.9,2956.1,2923.2
774,SOL/INR,1h,SHORT,2026-05-25 17:30:00+05:30,2026-05-26 00:30:00+05:30,85.6,7147.36,86.88,83.03,85.87,7170.39,INTRADAY_SQUAREOFF,0.01,29.23,0.27266,1948.8,-6.28,2.3,-8.58,-8.58,2923.2,2914.62
775,SOL/INR,1h,SHORT,2026-05-27 09:30:00+05:30,2026-05-27 20:30:00+05:30,83.33,6957.91,84.58,80.83,84.62,7065.81,STOP_LOSS,0.01,29.15,0.279262,1943.08,-30.13,2.31,-32.44,-32.44,2914.62,2882.18
776,SOL/INR,1h,SHORT,2026-05-27 23:30:00+05:30,2026-05-28 01:30:00+05:30,82.98,6928.7,84.22,80.49,83.81,6998.29,INTRADAY_SQUAREOFF,0.01,28.82,0.277317,1921.45,-19.3,2.28,-21.58,-21.58,2882.18,2860.6
777,SOL/INR,1h,SHORT,2026-05-28 08:30:00+05:30,2026-05-29 00:30:00+05:30,81.87,6836.07,83.1,79.41,82.79,6913.08,INTRADAY_SQUAREOFF,0.01,28.61,0.278971,1907.07,-21.48,2.26,-23.75,-23.75,2860.6,2836.85
778,SOL/INR,1h,SHORT,2026-06-01 07:30:00+05:30,2026-06-01 20:30:00+05:30,81.6,6813.53,82.82,79.15,79.19,6612.43,TARGET_HIT,0.01,28.37,0.27757,1891.23,55.82,2.2,53.62,53.62,2836.85,2890.47
779,SOL/INR,1h,SHORT,2026-06-02 07:30:00+05:30,2026-06-02 19:30:00+05:30,79.93,6674.16,81.13,77.53,77.57,6477.17,TARGET_HIT,0.01,28.9,0.288723,1926.98,56.87,2.24,54.63,54.63,2890.47,2945.11
780,SOL/INR,1h,SHORT,2026-06-03 04:30:00+05:30,2026-06-03 06:30:00+05:30,73.27,6118.32,74.37,71.08,74.41,6213.2,STOP_LOSS,0.01,29.45,0.320906,1963.4,-30.45,2.33,-32.78,-32.78,2945.11,2912.32
781,SOL/INR,1h,SHORT,2026-06-03 19:30:00+05:30,2026-06-03 21:30:00+05:30,74.26,6200.95,75.38,72.03,72.07,6017.93,TARGET_HIT,0.01,29.12,0.313105,1941.55,57.3,2.26,55.05,55.05,2912.32,2967.37
782,SOL/INR,1h,SHORT,2026-06-04 01:30:00+05:30,2026-06-04 03:30:00+05:30,71.62,5980.62,72.7,69.48,72.73,6073.36,STOP_LOSS,0.01,29.67,0.330776,1978.25,-30.68,2.35,-33.03,-33.03,2967.37,2934.34
783,SOL/INR,1h,SHORT,2026-06-04 13:30:00+05:30,2026-06-04 17:30:00+05:30,69.05,5765.3,70.08,66.97,70.12,5854.7,STOP_LOSS,0.01,29.34,0.339311,1956.23,-30.34,2.33,-32.66,-32.66,2934.34,2901.68
784,SOL/INR,1h,SHORT,2026-06-05 03:30:00+05:30,2026-06-05 05:30:00+05:30,67.56,5640.94,68.57,65.53,68.6,5728.42,STOP_LOSS,0.01,29.02,0.342931,1934.45,-30.0,2.3,-32.3,-32.3,2901.68,2869.38
785,SOL/INR,1h,SHORT,2026-06-05 08:30:00+05:30,2026-06-05 11:30:00+05:30,67.1,5602.55,68.1,65.08,65.12,5437.19,TARGET_HIT,0.01,28.69,0.341437,1912.92,56.46,2.22,54.24,54.24,2869.38,2923.62
786,SOL/INR,1h,SHORT,2026-06-06 00:30:00+05:30,2026-06-06 02:30:00+05:30,62.57,5224.49,63.51,60.69,63.54,5305.51,STOP_LOSS,0.01,29.24,0.373066,1949.08,-30.23,2.32,-32.54,-32.54,2923.62,2891.07
787,SOL/INR,1h,SHORT,2026-06-06 09:30:00+05:30,2026-06-06 13:30:00+05:30,62.58,5225.32,63.52,60.7,63.55,5306.35,STOP_LOSS,0.01,28.91,0.368854,1927.38,-29.89,2.29,-32.18,-32.18,2891.07,2858.89
788,SOL/INR,1h,LONG,2026-06-08 05:30:00+05:30,2026-06-08 09:30:00+05:30,66.57,5558.87,65.57,68.57,65.54,5472.75,STOP_LOSS,0.01,28.59,0.342863,1905.93,-29.53,2.23,-31.76,-31.76,2858.89,2827.13
789,SOL/INR,1h,LONG,2026-06-08 13:30:00+05:30,2026-06-09 00:30:00+05:30,66.2,5527.96,65.21,68.19,67.38,5625.92,INTRADAY_SQUAREOFF,0.01,28.27,0.34095,1884.76,33.4,2.24,31.16,31.16,2827.13,2858.29
790,SOL/INR,1h,SHORT,2026-06-10 03:30:00+05:30,2026-06-11 00:30:00+05:30,64.82,5412.27,65.79,62.87,63.79,5326.62,INTRADAY_SQUAREOFF,0.01,28.58,0.352076,1905.53,30.15,2.23,27.92,27.92,2858.29,2886.21
791,SOL/INR,1h,LONG,2026-06-12 08:30:00+05:30,2026-06-12 11:30:00+05:30,67.23,5614.01,66.23,69.25,66.19,5527.03,STOP_LOSS,0.01,28.86,0.34274,1924.14,-29.81,2.25,-32.06,-32.06,2886.21,2854.15
792,SOL/INR,1h,LONG,2026-06-12 14:30:00+05:30,2026-06-13 00:30:00+05:30,66.98,5593.12,65.98,68.99,66.98,5592.54,INTRADAY_SQUAREOFF,0.01,28.54,0.340198,1902.77,-0.2,2.25,-2.44,-2.44,2854.15,2851.71
793,SOL/INR,1h,LONG,2026-06-13 12:30:00+05:30,2026-06-14 00:30:00+05:30,67.21,5612.33,66.21,69.23,68.05,5681.84,INTRADAY_SQUAREOFF,0.01,28.52,0.338743,1901.14,23.54,2.26,21.29,21.29,2851.71,2872.99
794,SOL/INR,1h,LONG,2026-06-14 09:30:00+05:30,2026-06-14 14:30:00+05:30,69.04,5765.22,68.01,71.12,67.97,5675.9,STOP_LOSS,0.01,28.73,0.332222,1915.33,-29.67,2.24,-31.92,-31.92,2872.99,2841.08
795,SOL/INR,1h,LONG,2026-06-15 16:30:00+05:30,2026-06-15 18:30:00+05:30,72.02,6013.34,70.94,74.18,74.14,6190.64,TARGET_HIT,0.01,28.41,0.314975,1894.05,55.85,2.27,53.58,53.58,2841.08,2894.66
796,SOL/INR,1h,LONG,2026-06-16 12:30:00+05:30,2026-06-16 19:30:00+05:30,74.28,6202.14,73.16,76.51,73.13,6106.05,STOP_LOSS,0.01,28.95,0.311146,1929.77,-29.9,2.26,-32.16,-32.16,2894.66,2862.5
797,SOL/INR,1h,SHORT,2026-06-18 09:30:00+05:30,2026-06-18 20:30:00+05:30,71.46,5967.26,72.54,69.32,69.35,5791.14,TARGET_HIT,0.01,28.62,0.3198,1908.33,56.32,2.22,54.11,54.11,2862.5,2916.61
798,SOL/INR,1h,SHORT,2026-06-19 10:30:00+05:30,2026-06-19 18:30:00+05:30,68.11,5686.85,69.13,66.06,69.16,5775.03,STOP_LOSS,0.01,29.17,0.341913,1944.4,-30.15,2.31,-32.47,-32.47,2916.61,2884.14
799,SOL/INR,1h,SHORT,2026-06-19 22:30:00+05:30,2026-06-20 00:30:00+05:30,68.61,5728.57,69.63,66.55,69.03,5764.38,INTRADAY_SQUAREOFF,0.01,28.84,0.335644,1922.76,-12.02,2.28,-14.29,-14.29,2884.14,2869.85
800,SOL/INR,1h,LONG,2026-06-20 16:30:00+05:30,2026-06-20 19:30:00+05:30,71.68,5984.93,70.6,73.83,70.57,5892.21,STOP_LOSS,0.01,28.7,0.319675,1913.23,-29.64,2.24,-31.88,-31.88,2869.85,2837.97
801,SOL/INR,1h,LONG,2026-06-21 01:30:00+05:30,2026-06-21 03:30:00+05:30,71.88,6001.64,70.8,74.03,74.0,6178.6,TARGET_HIT,0.01,28.38,0.315243,1891.98,55.78,2.27,53.52,53.52,2837.97,2891.48
802,SOL/INR,1h,LONG,2026-06-21 08:30:00+05:30,2026-06-22 00:30:00+05:30,73.34,6123.61,72.24,75.54,74.1,6187.59,INTRADAY_SQUAREOFF,0.01,28.91,0.314791,1927.66,20.14,2.29,17.86,17.86,2891.48,2909.34
803,SOL/INR,1h,LONG,2026-06-22 23:30:00+05:30,2026-06-23 01:30:00+05:30,73.29,6119.43,72.19,75.49,72.6,6062.41,INTRADAY_SQUAREOFF,0.01,29.09,0.316951,1939.56,-18.07,2.28,-20.35,-20.35,2909.34,2888.99
804,SOL/INR,1h,SHORT,2026-06-23 10:30:00+05:30,2026-06-23 13:30:00+05:30,71.28,5952.24,72.35,69.15,69.18,5776.56,TARGET_HIT,0.01,28.89,0.323574,1925.99,56.85,2.24,54.61,54.61,2888.99,2943.59
805,SOL/INR,1h,SHORT,2026-06-23 23:30:00+05:30,2026-06-24 01:30:00+05:30,68.53,5721.9,69.55,66.47,68.82,5746.84,INTRADAY_SQUAREOFF,0.01,29.44,0.342962,1962.4,-8.55,2.32,-10.87,-10.87,2943.59,2932.72
806,SOL/INR,1h,SHORT,2026-06-24 08:30:00+05:30,2026-06-24 20:30:00+05:30,69.31,5786.99,70.34,67.23,67.26,5616.19,TARGET_HIT,0.01,29.33,0.337852,1955.15,57.71,2.27,55.43,55.43,2932.72,2988.15
807,SOL/INR,1h,SHORT,2026-06-25 06:30:00+05:30,2026-06-25 10:30:00+05:30,67.47,5633.43,68.48,65.44,68.51,5720.79,STOP_LOSS,0.01,29.88,0.353621,1992.1,-30.89,2.37,-33.26,-33.26,2988.15,2954.89
808,SOL/INR,1h,SHORT,2026-06-26 08:30:00+05:30,2026-06-26 10:30:00+05:30,65.82,5495.73,66.8,63.84,66.84,5580.95,STOP_LOSS,0.01,29.55,0.358447,1969.93,-30.55,2.34,-32.89,-32.89,2954.89,2922.0
809,SOL/INR,1h,LONG,2026-06-26 19:30:00+05:30,2026-06-26 21:30:00+05:30,70.83,5913.92,69.76,72.95,72.91,6088.29,TARGET_HIT,0.01,29.22,0.329392,1948.0,57.44,2.33,55.1,55.1,2922.0,2977.1
810,SOL/INR,1h,LONG,2026-06-27 08:30:00+05:30,2026-06-28 00:30:00+05:30,72.18,6026.7,71.09,74.34,71.06,5933.33,STOP_LOSS,0.01,29.77,0.329324,1984.74,-30.75,2.32,-33.07,-33.07,2977.1,2944.03
811,SOL/INR,1h,LONG,2026-06-29 20:30:00+05:30,2026-06-29 22:30:00+05:30,73.78,6160.37,72.67,75.99,75.95,6342.01,TARGET_HIT,0.01,29.44,0.318599,1962.69,57.87,2.35,55.52,55.52,2944.03,2999.55
812,SOL/INR,1h,LONG,2026-07-01 14:30:00+05:30,2026-07-01 17:30:00+05:30,75.44,6299.05,74.31,77.7,74.27,6201.46,STOP_LOSS,0.01,30.0,0.317461,1999.7,-30.98,2.34,-33.32,-33.32,2999.55,2966.23
813,SOL/INR,1h,LONG,2026-07-01 19:30:00+05:30,2026-07-02 00:30:00+05:30,76.04,6349.17,74.9,78.32,77.3,6454.66,INTRADAY_SQUAREOFF,0.01,29.66,0.311456,1977.49,32.85,2.35,30.5,30.5,2966.23,2996.73
814,SOL/INR,1h,LONG,2026-07-02 03:30:00+05:30,2026-07-02 05:30:00+05:30,78.62,6564.71,77.44,80.98,77.4,6463.01,STOP_LOSS,0.01,29.97,0.304327,1997.82,-30.95,2.34,-33.29,-33.29,2996.73,2963.44
815,SOL/INR,1h,LONG,2026-07-02 08:30:00+05:30,2026-07-02 15:30:00+05:30,78.55,6558.86,77.37,80.91,80.87,6752.25,TARGET_HIT,0.01,29.63,0.301215,1975.63,58.25,2.37,55.89,55.89,2963.44,3019.33
816,SOL/INR,1h,LONG,2026-07-03 07:30:00+05:30,2026-07-03 09:30:00+05:30,81.64,6817.01,80.42,84.09,80.38,6711.39,STOP_LOSS,0.01,30.19,0.295274,2012.89,-31.18,2.36,-33.54,-33.54,3019.33,2985.79
817,SOL/INR,1h,LONG,2026-07-03 11:30:00+05:30,2026-07-04 00:30:00+05:30,81.19,6779.41,79.97,83.63,82.0,6846.91,INTRADAY_SQUAREOFF,0.01,29.86,0.293613,1990.52,19.82,2.36,17.46,17.46,2985.79,3003.25
818,SOL/INR,1h,LONG,2026-07-04 09:30:00+05:30,2026-07-04 15:30:00+05:30,82.79,6913.08,81.55,85.28,81.51,6805.98,STOP_LOSS,0.01,30.03,0.28962,2002.16,-31.02,2.34,-33.36,-33.36,3003.25,2969.88
819,SOL/INR,1h,LONG,2026-07-04 21:30:00+05:30,2026-07-05 00:30:00+05:30,82.37,6877.99,81.14,84.84,82.15,6859.43,INTRADAY_SQUAREOFF,0.01,29.7,0.287863,1979.92,-5.34,2.33,-7.68,-7.68,2969.88,2962.21
820,SOL/INR,1h,SHORT,2026-07-05 15:30:00+05:30,2026-07-05 17:30:00+05:30,79.6,6646.61,80.79,77.21,80.83,6749.69,STOP_LOSS,0.01,29.62,0.297114,1974.8,-30.62,2.35,-32.97,-32.97,2962.21,2929.23
821,SOL/INR,1h,SHORT,2026-07-06 00:30:00+05:30,2026-07-06 02:30:00+05:30,80.85,6750.94,82.06,78.42,82.1,6855.63,STOP_LOSS,0.01,29.29,0.289267,1952.82,-30.28,2.32,-32.61,-32.61,2929.23,2896.63
822,SOL/INR,1h,LONG,2026-07-06 13:30:00+05:30,2026-07-06 17:30:00+05:30,80.94,6758.53,79.73,83.37,79.69,6653.82,STOP_LOSS,0.01,28.97,0.285726,1931.09,-29.92,2.26,-32.18,-32.18,2896.63,2864.45
823,SOL/INR,1h,LONG,2026-07-07 12:30:00+05:30,2026-07-08 00:30:00+05:30,81.61,6814.5,80.39,84.06,81.14,6775.14,INTRADAY_SQUAREOFF,0.01,28.64,0.280231,1909.63,-11.03,2.25,-13.28,-13.28,2864.45,2851.17
824,SOL/INR,1h,SHORT,2026-07-08 14:30:00+05:30,2026-07-09 00:30:00+05:30,76.79,6412.1,77.94,74.49,77.12,6439.4,INTRADAY_SQUAREOFF,0.01,28.51,0.296437,1900.78,-8.09,2.25,-10.34,-10.34,2851.17,2840.83
825,SOL/INR,1h,SHORT,2026-07-09 07:30:00+05:30,2026-07-09 11:30:00+05:30,77.22,6447.98,78.38,74.9,78.42,6547.98,STOP_LOSS,0.01,28.41,0.293718,1893.89,-29.37,2.25,-31.62,-31.62,2840.83,2809.21
826,SOL/INR,1h,SHORT,2026-07-09 16:30:00+05:30,2026-07-10 00:30:00+05:30,77.44,6466.35,78.6,75.12,78.19,6528.79,INTRADAY_SQUAREOFF,0.01,28.09,0.289624,1872.81,-18.08,2.22,-20.31,-20.31,2809.21,2788.91
827,SOL/INR,1h,SHORT,2026-07-10 23:30:00+05:30,2026-07-11 01:30:00+05:30,77.48,6469.68,78.64,75.16,77.87,6502.05,INTRADAY_SQUAREOFF,0.01,27.89,0.287382,1859.27,-9.3,2.2,-11.5,-11.5,2788.91,2777.4
828,SOL/INR,1h,SHORT,2026-07-11 06:30:00+05:30,2026-07-12 00:30:00+05:30,77.68,6486.38,78.85,75.35,78.06,6517.93,INTRADAY_SQUAREOFF,0.01,27.77,0.28546,1851.6,-9.01,2.19,-11.2,-11.2,2777.4,2766.21
829,SOL/INR,1h,SHORT,2026-07-12 05:30:00+05:30,2026-07-13 00:30:00+05:30,76.61,6397.07,77.76,74.31,77.56,6476.16,INTRADAY_SQUAREOFF,0.01,27.66,0.288278,1844.14,-22.8,2.19,-24.99,-24.99,2766.21,2741.22
830,SOL/INR,1h,SHORT,2026-07-13 03:30:00+05:30,2026-07-13 05:30:00+05:30,76.9,6421.28,78.06,74.59,78.09,6520.86,STOP_LOSS,0.01,27.41,0.284598,1827.48,-28.34,2.17,-30.51,-30.51,2741.22,2710.71
831,SOL/INR,1h,SHORT,2026-07-13 07:30:00+05:30,2026-07-14 06:30:00+05:30,76.17,6360.35,77.31,73.89,75.4,6295.71,INTRADAY_SQUAREOFF,0.01,27.11,0.284125,1807.14,18.37,2.12,16.25,16.25,2710.71,2726.95
832,SOL/INR,1h,SHORT,2026-07-14 13:30:00+05:30,2026-07-14 17:30:00+05:30,74.76,6242.68,75.88,72.52,75.92,6339.49,STOP_LOSS,0.01,27.27,0.291216,1817.97,-28.19,2.16,-30.35,-30.35,2726.95,2696.6
833,SOL/INR,1h,LONG,2026-07-15 05:30:00+05:30,2026-07-16 00:30:00+05:30,77.91,6505.4,76.74,80.25,77.5,6471.35,INTRADAY_SQUAREOFF,0.01,26.97,0.276345,1797.73,-9.41,2.12,-11.52,-11.52,2696.6,2685.08
834,SOL/INR,1h,LONG,2026-07-16 11:30:00+05:30,2026-07-16 13:30:00+05:30,77.48,6469.47,76.32,79.8,76.28,6369.25,STOP_LOSS,0.01,26.85,0.276692,1790.05,-27.73,2.1,-29.83,-29.83,2685.08,2655.25
835,SOL/INR,1h,SHORT,2026-07-16 23:30:00+05:30,2026-07-17 01:30:00+05:30,75.31,6288.58,76.44,73.05,75.77,6326.62,INTRADAY_SQUAREOFF,0.01,26.55,0.281489,1770.16,-10.71,2.1,-12.8,-12.8,2655.25,2642.45
836,SOL/INR,1h,SHORT,2026-07-17 04:30:00+05:30,2026-07-18 00:30:00+05:30,75.16,6276.06,76.29,72.91,75.31,6288.19,INTRADAY_SQUAREOFF,0.01,26.42,0.28069,1761.63,-3.4,2.08,-5.48,-5.48,2642.45,2636.96
837,SOL/INR,1h,SHORT,2026-07-18 10:30:00+05:30,2026-07-19 00:30:00+05:30,74.96,6259.37,76.09,72.71,75.28,6285.68,INTRADAY_SQUAREOFF,0.01,26.37,0.280855,1757.97,-7.39,2.08,-9.47,-9.47,2636.96,2627.49
838,SOL/INR,1h,LONG,2026-07-20 02:30:00+05:30,2026-07-21 00:30:00+05:30,76.16,6359.2,75.02,78.44,77.55,6475.53,INTRADAY_SQUAREOFF,0.01,26.27,0.275453,1751.66,32.04,2.09,29.96,29.96,2627.49,2657.45
839,SOL/INR,1h,LONG,2026-07-21 05:30:00+05:30,2026-07-22 00:30:00+05:30,77.87,6502.05,76.7,80.2,77.77,6493.89,INTRADAY_SQUAREOFF,0.01,26.57,0.272473,1771.63,-2.23,2.09,-4.31,-4.31,2657.45,2653.13
840,SOL/INR,1h,LONG,2026-07-22 05:30:00+05:30,2026-07-22 11:30:00+05:30,78.19,6528.79,77.02,80.53,76.98,6427.64,STOP_LOSS,0.01,26.53,0.270916,1768.76,-27.4,2.07,-29.47,-29.47,2653.13,2623.66
841,SOL/INR,1h,LONG,2026-07-23 03:30:00+05:30,2026-07-23 17:30:00+05:30,78.07,6518.76,76.9,80.41,76.86,6417.77,STOP_LOSS,0.01,26.24,0.268319,1749.11,-27.1,2.05,-29.15,-29.15,2623.66,2594.51
842,SOL/INR,1h,SHORT,2026-07-24 07:30:00+05:30,2026-07-25 00:30:00+05:30,75.57,6310.28,76.71,73.31,73.95,6174.57,INTRADAY_SQUAREOFF,0.01,25.95,0.274105,1729.68,37.2,2.02,35.18,35.18,2594.51,2629.69
843,SOL/INR,1h,SHORT,2026-07-25 11:30:00+05:30,2026-07-26 00:30:00+05:30,73.8,6162.56,74.91,71.59,74.62,6230.54,INTRADAY_SQUAREOFF,0.01,26.3,0.284481,1753.13,-19.34,2.08,-21.42,-21.42,2629.69,2608.27
844,SOL/INR,1h,LONG,2026-07-26 21:30:00+05:30,2026-07-27 00:30:00+05:30,75.48,6302.39,74.35,77.74,75.29,6286.91,INTRADAY_SQUAREOFF,0.01,26.08,0.275903,1738.85,-4.27,2.05,-6.32,-6.32,2608.27,2601.95
845,SOL/INR,1h,LONG,2026-07-27 04:30:00+05:30,2026-07-27 19:30:00+05:30,76.78,6410.99,75.63,79.08,75.59,6311.67,STOP_LOSS,0.01,26.02,0.270572,1734.63,-26.87,2.03,-28.9,-28.9,2601.95,2573.05
846,SOL/INR,1h,SHORT,2026-07-28 04:30:00+05:30,2026-07-29 00:30:00+05:30,73.9,6170.9,75.01,71.69,73.86,6167.05,INTRADAY_SQUAREOFF,0.01,25.73,0.277976,1715.36,1.07,2.02,-0.95,-0.95,2573.05,2572.09
847,SOL/INR,1h,LONG,2026-07-29 12:30:00+05:30,2026-07-29 20:30:00+05:30,74.04,6182.09,72.93,76.26,72.89,6086.31,STOP_LOSS,0.01,25.72,0.277371,1714.73,-26.57,2.01,-28.57,-28.57,2572.09,2543.52
848,SOL/INR,1h,LONG,2026-07-29 23:30:00+05:30,2026-07-30 01:30:00+05:30,73.84,6165.38,72.73,76.05,72.69,6069.86,STOP_LOSS,0.01,25.44,0.275033,1695.68,-26.27,1.99,-28.26,-28.26,2543.52,2515.27
849,SOL/INR,1h,LONG,2026-07-30 04:30:00+05:30,2026-07-31 00:30:00+05:30,73.75,6157.86,72.64,75.96,74.4,6212.63,INTRADAY_SQUAREOFF,0.01,25.15,0.272309,1676.84,14.91,1.99,12.93,12.93,2515.27,2528.19
850,SOL/INR,1h,LONG,2026-07-31 11:30:00+05:30,2026-07-31 18:30:00+05:30,74.28,6202.14,73.16,76.51,73.13,6106.05,STOP_LOSS,0.01,25.28,0.271755,1685.46,-26.11,1.97,-28.09,-28.09,2528.19,2500.11
851,SOL/INR,1h,SHORT,2026-08-01 02:30:00+05:30,2026-08-01 23:30:00+05:30,72.82,6080.77,73.92,70.64,70.67,5901.29,TARGET_HIT,0.01,25.0,0.2741,1666.74,49.19,1.94,47.26,47.26,2500.11,2547.36
852,SOL/INR,1h,LONG,2026-08-04 07:30:00+05:30,2026-08-05 00:30:00+05:30,73.79,6161.2,72.68,76.0,74.07,6185.09,INTRADAY_SQUAREOFF,0.01,25.47,0.275635,1698.24,6.58,2.01,4.58,4.58,2547.36,2551.94
853,SOL/INR,1h,LONG,2026-08-05 07:30:00+05:30,2026-08-06 00:30:00+05:30,74.1,6187.1,72.99,76.32,74.4,6212.63,INTRADAY_SQUAREOFF,0.01,25.52,0.274974,1701.29,7.02,2.01,5.01,5.01,2551.94,2556.95
854,SOL/INR,1h,LONG,2026-08-06 10:30:00+05:30,2026-08-06 23:30:00+05:30,73.84,6165.38,72.73,76.05,72.69,6069.86,STOP_LOSS,0.01,25.57,0.276484,1704.63,-26.41,2.0,-28.4,-28.4,2556.95,2528.54
855,SOL/INR,1h,SHORT,2026-08-07 04:30:00+05:30,2026-08-07 14:30:00+05:30,72.55,6058.23,73.64,70.38,73.68,6152.18,STOP_LOSS,0.01,25.29,0.278249,1685.69,-26.14,2.0,-28.15,-28.15,2528.54,2500.4
856,SOL/INR,1h,LONG,2026-08-08 01:30:00+05:30,2026-08-08 19:30:00+05:30,74.03,6181.25,72.92,76.25,76.21,6363.51,TARGET_HIT,0.01,25.0,0.269675,1666.93,49.15,2.0,47.15,47.15,2500.4,2547.55
857,SOL/INR,1h,LONG,2026-08-09 12:30:00+05:30,2026-08-10 00:30:00+05:30,76.47,6385.1,75.32,78.76,77.1,6437.97,INTRADAY_SQUAREOFF,0.01,25.48,0.265989,1698.37,14.06,2.01,12.05,12.05,2547.55,2559.6
858,SOL/INR,1h,SHORT,2026-08-11 05:30:00+05:30,2026-08-12 00:30:00+05:30,75.86,6334.48,77.0,73.59,75.24,6282.34,INTRADAY_SQUAREOFF,0.01,25.6,0.269383,1706.4,14.05,2.01,12.04,12.04,2559.6,2571.64
859,SOL/INR,1h,SHORT,2026-08-13 03:30:00+05:30,2026-08-13 10:30:00+05:30,75.32,6289.41,76.45,73.06,76.49,6386.95,STOP_LOSS,0.01,25.72,0.27259,1714.43,-26.59,2.04,-28.63,-28.63,2571.64,2543.02
860,SOL/INR,1h,SHORT,2026-08-13 21:30:00+05:30,2026-08-14 00:30:00+05:30,75.53,6306.94,76.67,73.27,75.99,6345.0,INTRADAY_SQUAREOFF,0.01,25.43,0.268806,1695.35,-10.23,2.01,-12.24,-12.24,2543.02,2530.78
861,SOL/INR,1h,SHORT,2026-08-14 08:30:00+05:30,2026-08-15 00:30:00+05:30,75.88,6336.15,77.02,73.61,74.92,6255.61,INTRADAY_SQUAREOFF,0.01,25.31,0.26628,1687.19,21.45,1.98,19.47,19.47,2530.78,2550.25
862,SOL/INR,1h,SHORT,2026-08-15 11:30:00+05:30,2026-08-16 00:30:00+05:30,75.2,6279.4,76.33,72.95,75.52,6305.73,INTRADAY_SQUAREOFF,0.01,25.5,0.270753,1700.17,-7.13,2.01,-9.14,-9.14,2550.25,2541.11
863,SOL/INR,1h,SHORT,2026-08-16 05:30:00+05:30,2026-08-17 00:30:00+05:30,75.2,6279.4,76.33,72.95,75.15,6274.82,INTRADAY_SQUAREOFF,0.01,25.41,0.269783,1694.07,1.23,2.0,-0.76,-0.76,2541.11,2540.35
864,SOL/INR,1h,SHORT,2026-08-17 02:30:00+05:30,2026-08-17 20:30:00+05:30,74.88,6252.69,76.01,72.64,76.04,6349.66,STOP_LOSS,0.01,25.4,0.270854,1693.56,-26.26,2.01,-28.28,-28.28,2540.35,2512.07
865,SOL/INR,1h,LONG,2026-08-18 02:30:00+05:30,2026-08-19 00:30:00+05:30,76.08,6352.51,74.94,78.36,77.16,6442.98,INTRADAY_SQUAREOFF,0.01,25.12,0.26363,1674.71,23.85,1.99,21.86,21.86,2512.07,2533.93
866,SOL/INR,1h,LONG,2026-08-19 12:30:00+05:30,2026-08-19 19:30:00+05:30,77.12,6439.4,75.96,79.43,79.39,6629.26,TARGET_HIT,0.01,25.34,0.262336,1689.29,49.81,2.02,47.79,47.79,2533.93,2581.71
867,SOL/INR,1h,LONG,2026-08-20 10:30:00+05:30,2026-08-20 13:30:00+05:30,84.9,7089.35,83.63,87.45,87.41,7298.38,TARGET_HIT,0.01,25.82,0.242779,1721.14,50.75,2.06,48.69,48.69,2581.71,2630.4
868,SOL/INR,1h,LONG,2026-08-20 22:30:00+05:30,2026-08-21 00:30:00+05:30,87.83,7334.13,86.52,90.47,86.8,7247.51,INTRADAY_SQUAREOFF,0.01,26.3,0.239101,1753.6,-20.71,2.06,-22.77,-22.77,2630.4,2607.63
869,SOL/INR,1h,LONG,2026-08-21 11:30:00+05:30,2026-08-22 00:30:00+05:30,90.71,7573.9,89.34,93.43,91.51,7641.44,INTRADAY_SQUAREOFF,0.01,26.08,0.229528,1738.42,15.5,2.06,13.44,13.44,2607.63,2621.08
870,SOL/INR,1h,LONG,2026-08-22 02:30:00+05:30,2026-08-22 04:30:00+05:30,91.98,7679.99,90.6,94.74,94.69,7906.44,TARGET_HIT,0.01,26.21,0.227524,1747.38,51.52,2.09,49.43,49.43,2621.08,2670.51
871,SOL/INR,1h,LONG,2026-08-22 08:30:00+05:30,2026-08-22 10:30:00+05:30,95.8,7999.12,94.36,98.67,94.31,7875.2,STOP_LOSS,0.01,26.71,0.222567,1780.34,-27.58,2.08,-29.67,-29.67,2670.51,2640.84
872,SOL/INR,1h,LONG,2026-08-25 05:30:00+05:30,2026-08-25 07:30:00+05:30,99.03,8268.96,97.54,102.0,101.95,8512.77,TARGET_HIT,0.01,26.41,0.212912,1760.56,51.91,2.11,49.8,49.8,2640.84,2690.64
873,SOL/INR,1h,LONG,2026-08-27 11:30:00+05:30,2026-08-27 14:30:00+05:30,102.27,8539.64,100.74,105.34,105.29,8791.43,TARGET_HIT,0.01,26.91,0.210051,1793.76,52.89,2.15,50.74,50.74,2690.64,2741.38
874,SOL/INR,1h,LONG,2026-08-27 19:30:00+05:30,2026-08-27 22:30:00+05:30,106.35,8880.49,104.76,109.54,109.49,9142.33,TARGET_HIT,0.01,27.41,0.205798,1827.59,53.89,2.19,51.7,51.7,2741.38,2793.08
875,SOL/INR,1h,LONG,2026-08-28 20:30:00+05:30,2026-08-28 22:30:00+05:30,106.72,8911.4,105.12,109.93,105.07,8773.34,STOP_LOSS,0.01,27.93,0.208952,1862.05,-28.85,2.18,-31.03,-31.03,2793.08,2762.05
876,SOL/INR,1h,SHORT,2026-08-29 06:30:00+05:30,2026-08-29 19:30:00+05:30,103.85,8671.31,105.41,100.73,105.46,8805.78,STOP_LOSS,0.01,27.62,0.212352,1841.37,-28.56,2.19,-30.74,-30.74,2762.05,2731.31
877,SOL/INR,1h,LONG,2026-08-30 12:30:00+05:30,2026-08-31 00:30:00+05:30,105.48,8807.81,103.9,108.65,106.64,8904.16,INTRADAY_SQUAREOFF,0.01,27.31,0.206734,1820.87,19.92,2.16,17.76,17.76,2731.31,2749.07
878,SOL/INR,1h,SHORT,2026-08-31 19:30:00+05:30,2026-08-31 22:30:00+05:30,102.1,8525.26,103.63,99.04,103.68,8657.47,STOP_LOSS,0.01,27.49,0.214974,1832.71,-28.42,2.18,-30.6,-30.6,2749.07,2718.47
879,SOL/INR,1h,SHORT,2026-09-01 04:30:00+05:30,2026-09-01 23:30:00+05:30,103.05,8604.55,104.59,99.96,100.01,8350.58,TARGET_HIT,0.01,27.18,0.210623,1812.31,53.49,2.11,51.38,51.38,2718.47,2769.85
880,SOL/INR,1h,SHORT,2026-09-02 14:30:00+05:30,2026-09-03 00:30:00+05:30,98.73,8244.01,100.21,95.77,99.49,8307.39,INTRADAY_SQUAREOFF,0.01,27.7,0.223989,1846.57,-14.2,2.19,-16.39,-16.39,2769.85,2753.47
881,SOL/INR,1h,LONG,2026-09-03 20:30:00+05:30,2026-09-04 00:30:00+05:30,104.85,8755.18,103.28,108.0,105.15,8779.81,INTRADAY_SQUAREOFF,0.01,27.53,0.209664,1835.64,5.16,2.17,3.0,3.0,2753.47,2756.46
882,SOL/INR,1h,LONG,2026-09-04 14:30:00+05:30,2026-09-04 17:30:00+05:30,104.54,8729.28,102.97,107.68,102.92,8594.04,STOP_LOSS,0.01,27.56,0.210515,1837.64,-28.47,2.15,-30.62,-30.62,2756.46,2725.84
883,SOL/INR,1h,SHORT,2026-09-04 23:30:00+05:30,2026-09-05 01:30:00+05:30,101.04,8436.79,102.56,98.01,101.73,8494.53,INTRADAY_SQUAREOFF,0.01,27.26,0.215393,1817.23,-12.43,2.15,-14.59,-14.59,2725.84,2711.25
884,SOL/INR,1h,SHORT,2026-09-05 03:30:00+05:30,2026-09-05 17:30:00+05:30,101.47,8472.68,102.99,98.43,103.04,8604.07,STOP_LOSS,0.01,27.11,0.213333,1807.5,-28.03,2.15,-30.18,-30.18,2711.25,2681.07
885,SOL/INR,1h,LONG,2026-09-06 07:30:00+05:30,2026-09-07 00:30:00+05:30,104.28,8707.56,102.72,107.41,105.93,8844.91,INTRADAY_SQUAREOFF,0.01,26.81,0.205268,1787.38,28.19,2.13,26.07,26.07,2681.07,2707.14
886,SOL/INR,1h,LONG,2026-09-07 05:30:00+05:30,2026-09-07 07:30:00+05:30,106.8,8918.08,105.2,110.01,105.15,8779.92,STOP_LOSS,0.01,27.07,0.202371,1804.76,-27.96,2.11,-30.07,-30.07,2707.14,2677.07
887,SOL/INR,1h,LONG,2026-09-07 18:30:00+05:30,2026-09-07 20:30:00+05:30,105.94,8846.24,104.35,109.12,104.3,8709.19,STOP_LOSS,0.01,26.77,0.201748,1784.71,-27.65,2.09,-29.74,-29.74,2677.07,2647.33
888,SOL/INR,1h,SHORT,2026-09-10 04:30:00+05:30,2026-09-10 08:30:00+05:30,100.43,8385.89,101.94,97.42,101.99,8515.93,STOP_LOSS,0.01,26.47,0.210459,1764.89,-27.37,2.1,-29.47,-29.47,2647.33,2617.86
889,SOL/INR,1h,SHORT,2026-09-11 04:30:00+05:30,2026-09-11 17:30:00+05:30,99.17,8280.73,100.66,96.2,100.71,8409.14,STOP_LOSS,0.01,26.18,0.210759,1745.24,-27.06,2.08,-29.14,-29.14,2617.86,2588.72
890,SOL/INR,1h,LONG,2026-09-12 01:30:00+05:30,2026-09-13 00:30:00+05:30,102.16,8530.45,100.63,105.23,101.58,8481.86,INTRADAY_SQUAREOFF,0.01,25.89,0.202312,1725.81,-9.83,2.03,-11.86,-11.86,2588.72,2576.86
891,SOL/INR,1h,LONG,2026-09-13 07:30:00+05:30,2026-09-13 12:30:00+05:30,102.38,8548.83,100.85,105.45,100.8,8416.38,STOP_LOSS,0.01,25.77,0.200952,1717.91,-26.61,2.01,-28.63,-28.63,2576.86,2548.23
892,SOL/INR,1h,SHORT,2026-09-14 01:30:00+05:30,2026-09-14 14:30:00+05:30,100.76,8413.43,102.27,97.74,102.32,8543.9,STOP_LOSS,0.01,25.48,0.201918,1698.82,-26.34,2.02,-28.36,-28.36,2548.23,2519.87
893,SOL/INR,1h,SHORT,2026-09-16 07:30:00+05:30,2026-09-16 16:30:00+05:30,96.28,8039.53,97.73,93.39,97.77,8164.21,STOP_LOSS,0.01,25.2,0.208957,1679.91,-26.05,2.0,-28.05,-28.05,2519.87,2491.82
894,SOL/INR,1h,SHORT,2026-09-17 04:30:00+05:30,2026-09-17 06:30:00+05:30,97.31,8125.5,98.77,94.39,98.82,8251.5,STOP_LOSS,0.01,24.92,0.204445,1661.21,-25.76,1.98,-27.74,-27.74,2491.82,2464.08
895,SOL/INR,1h,LONG,2026-09-17 14:30:00+05:30,2026-09-18 00:30:00+05:30,100.3,8375.06,98.8,103.31,100.7,8408.42,INTRADAY_SQUAREOFF,0.01,24.64,0.196145,1642.72,6.54,1.94,4.6,4.6,2464.08,2468.69
896,SOL/INR,1h,LONG,2026-09-18 08:30:00+05:30,2026-09-18 10:30:00+05:30,102.87,8589.76,101.33,105.96,105.9,8843.03,TARGET_HIT,0.01,24.69,0.191599,1645.79,48.53,1.97,46.56,46.56,2468.69,2515.24
897,SOL/INR,1h,LONG,2026-09-18 14:30:00+05:30,2026-09-18 19:30:00+05:30,106.33,8878.82,104.74,109.52,109.47,9140.61,TARGET_HIT,0.01,25.15,0.188857,1676.83,49.44,2.01,47.43,47.43,2515.24,2562.67
898,SOL/INR,1h,LONG,2026-09-19 01:30:00+05:30,2026-09-19 04:30:00+05:30,114.38,9550.49,112.66,117.81,112.61,9402.53,STOP_LOSS,0.01,25.63,0.178886,1708.45,-26.47,2.0,-28.47,-28.47,2562.67,2534.21
899,SOL/INR,1h,LONG,2026-09-19 06:30:00+05:30,2026-09-19 09:30:00+05:30,113.81,9502.87,112.1,117.22,112.04,9355.65,STOP_LOSS,0.01,25.34,0.177785,1689.47,-26.17,1.98,-28.15,-28.15,2534.21,2506.05
900,SOL/INR,1h,LONG,2026-09-19 14:30:00+05:30,2026-09-19 23:30:00+05:30,112.46,9390.09,110.77,115.83,110.71,9244.62,STOP_LOSS,0.01,25.06,0.177922,1670.7,-25.88,1.96,-27.84,-27.84,2506.05,2478.21
901,SOL/INR,1h,LONG,2026-09-21 14:30:00+05:30,2026-09-22 00:30:00+05:30,116.36,9715.91,114.61,119.85,117.69,9827.21,INTRADAY_SQUAREOFF,0.01,24.78,0.170045,1652.14,18.93,1.96,16.97,16.97,2478.21,2495.18
902,SOL/INR,1h,LONG,2026-09-22 14:30:00+05:30,2026-09-22 19:30:00+05:30,118.0,9852.91,116.23,121.54,116.17,9700.27,STOP_LOSS,0.01,24.95,0.168829,1663.45,-25.77,1.95,-27.72,-27.72,2495.18,2467.46
903,SOL/INR,1h,LONG,2026-09-23 10:30:00+05:30,2026-09-23 12:30:00+05:30,119.76,9999.95,117.96,123.35,117.9,9845.02,STOP_LOSS,0.01,24.67,0.164498,1644.97,-25.48,1.93,-27.41,-27.41,2467.46,2440.05
