trade_no,coin,timeframe,direction,entry_time,exit_time,entry_price_usd,entry_price_inr,stop_price_usd,target_price_usd,exit_price_usd,exit_price_inr,exit_reason,risk_pct,risk_inr,position_size_coin,position_size_inr,gross_pnl_inr,fees_inr,net_pnl_inr,net_pnl,equity_before,equity_after
1,SOL/INR,1h,LONG,2024-09-26 21:30:00+05:30,2024-09-26 23:30:00+05:30,157.86,13181.12,156.28,161.01,156.2,13042.79,STOP_LOSS,0.01,100.0,0.720728,9500.0,-99.7,11.15,-110.85,-110.85,10000.0,9889.15
2,SOL/INR,1h,LONG,2024-09-27 04:30:00+05:30,2024-09-27 06:30:00+05:30,156.35,13055.18,154.79,159.48,154.71,12918.17,STOP_LOSS,0.01,98.89,0.719614,9394.69,-98.6,11.03,-109.62,-109.62,9889.15,9779.52
3,SOL/INR,1h,LONG,2024-09-27 10:30:00+05:30,2024-09-27 19:30:00+05:30,157.09,13116.83,155.52,160.23,160.15,13372.48,TARGET_HIT,0.01,97.8,0.708292,9290.55,181.07,11.07,170.0,170.0,9779.52,9949.52
4,SOL/INR,1h,LONG,2024-09-28 07:30:00+05:30,2024-09-28 11:30:00+05:30,158.61,13243.77,157.02,161.78,156.94,13104.77,STOP_LOSS,0.01,99.5,0.713698,9452.05,-99.2,11.09,-110.29,-110.29,9949.52,9839.23
5,SOL/INR,1h,SHORT,2024-09-28 22:30:00+05:30,2024-09-29 00:30:00+05:30,156.67,13081.85,158.24,153.54,156.83,13095.09,INTRADAY_SQUAREOFF,0.01,98.39,0.714522,9347.27,-9.46,11.04,-20.49,-20.49,9839.23,9818.74
6,SOL/INR,1h,SHORT,2024-09-29 02:30:00+05:30,2024-09-29 07:30:00+05:30,156.52,13069.33,158.08,153.39,158.16,13206.62,STOP_LOSS,0.01,98.19,0.713717,9327.8,-97.99,11.06,-109.05,-109.05,9818.74,9709.68
7,SOL/INR,1h,SHORT,2024-09-29 11:30:00+05:30,2024-09-29 22:30:00+05:30,156.38,13057.38,157.94,153.25,158.02,13194.55,STOP_LOSS,0.01,97.1,0.706435,9224.2,-96.9,10.94,-107.84,-107.84,9709.68,9601.84
8,SOL/INR,1h,SHORT,2024-09-30 15:30:00+05:30,2024-09-30 17:30:00+05:30,155.04,12945.47,156.59,151.93,156.66,13081.46,STOP_LOSS,0.01,96.02,0.704629,9121.75,-95.82,10.82,-106.64,-106.64,9601.84,9495.2
9,SOL/INR,1h,SHORT,2024-09-30 21:30:00+05:30,2024-10-01 00:30:00+05:30,154.53,12903.37,156.08,151.44,155.06,12947.85,INTRADAY_SQUAREOFF,0.01,94.95,0.699076,9020.44,-31.09,10.66,-41.76,-41.76,9495.2,9453.44
10,SOL/INR,1h,SHORT,2024-10-01 04:30:00+05:30,2024-10-01 11:30:00+05:30,154.57,12906.76,156.12,151.48,156.2,13042.35,STOP_LOSS,0.01,94.53,0.695819,8980.77,-94.34,10.65,-105.0,-105.0,9453.44,9348.44
11,SOL/INR,1h,SHORT,2024-10-01 17:30:00+05:30,2024-10-01 19:30:00+05:30,156.56,13072.75,158.13,153.43,153.51,12817.7,TARGET_HIT,0.01,93.48,0.679354,8881.02,173.27,10.38,162.89,162.89,9348.44,9511.34
12,SOL/INR,1h,SHORT,2024-10-02 04:30:00+05:30,2024-10-02 06:30:00+05:30,144.02,12026.02,145.46,141.14,145.54,12152.36,STOP_LOSS,0.01,95.11,0.751351,9035.77,-94.92,10.72,-105.64,-105.64,9511.34,9405.7
13,SOL/INR,1h,SHORT,2024-10-02 10:30:00+05:30,2024-10-02 12:30:00+05:30,146.57,12238.71,148.04,143.64,148.11,12367.28,STOP_LOSS,0.01,94.06,0.730094,8935.41,-93.87,10.6,-104.47,-104.47,9405.7,9301.23
14,SOL/INR,1h,SHORT,2024-10-02 15:30:00+05:30,2024-10-02 20:30:00+05:30,145.83,12176.85,147.29,142.91,147.36,12304.77,STOP_LOSS,0.01,93.01,0.725653,8836.17,-92.82,10.48,-103.31,-103.31,9301.23,9197.93
15,SOL/INR,1h,SHORT,2024-10-03 00:30:00+05:30,2024-10-03 05:30:00+05:30,142.54,11902.43,143.97,139.69,139.76,11670.22,TARGET_HIT,0.01,91.98,0.734138,8738.03,170.48,10.21,160.27,160.27,9197.93,9358.19
16,SOL/INR,1h,SHORT,2024-10-03 11:30:00+05:30,2024-10-03 13:30:00+05:30,141.09,11780.61,142.5,138.26,138.33,11550.77,TARGET_HIT,0.01,93.58,0.754654,8890.28,173.45,10.39,163.06,163.06,9358.19,9521.26
17,SOL/INR,1h,SHORT,2024-10-03 17:30:00+05:30,2024-10-03 20:30:00+05:30,136.9,11431.03,138.27,134.16,134.23,11208.01,TARGET_HIT,0.01,95.21,0.791284,9045.19,176.47,10.57,165.9,165.9,9521.26,9687.16
18,SOL/INR,1h,SHORT,2024-10-04 16:30:00+05:30,2024-10-04 18:30:00+05:30,139.35,11635.36,140.74,136.56,140.81,11757.59,STOP_LOSS,0.01,96.87,0.790934,9202.8,-96.68,10.92,-107.59,-107.59,9687.16,9579.57
19,SOL/INR,1h,LONG,2024-10-05 06:30:00+05:30,2024-10-05 08:30:00+05:30,143.98,12022.09,142.54,146.86,142.47,11895.92,STOP_LOSS,0.01,95.8,0.756989,9100.59,-95.51,10.68,-106.19,-106.19,9579.57,9473.37
20,SOL/INR,1h,LONG,2024-10-05 11:30:00+05:30,2024-10-06 00:30:00+05:30,143.52,11983.51,142.08,146.39,142.24,11877.15,INTRADAY_SQUAREOFF,0.01,94.73,0.751008,8999.71,-79.88,10.57,-90.45,-90.45,9473.37,9382.92
21,SOL/INR,1h,LONG,2024-10-07 00:30:00+05:30,2024-10-07 02:30:00+05:30,146.0,12191.15,144.54,148.92,144.47,12063.2,STOP_LOSS,0.01,93.83,0.731168,8913.78,-93.55,10.46,-104.01,-104.01,9382.92,9278.91
22,SOL/INR,1h,LONG,2024-10-07 05:30:00+05:30,2024-10-07 07:30:00+05:30,146.66,12245.86,145.19,149.59,149.52,12484.53,TARGET_HIT,0.01,92.79,0.719832,8814.96,171.8,10.5,161.3,161.3,9278.91,9440.21
23,SOL/INR,1h,SHORT,2024-10-08 18:30:00+05:30,2024-10-09 00:30:00+05:30,143.54,11985.39,144.97,140.67,142.96,11936.8,INTRADAY_SQUAREOFF,0.01,94.4,0.748261,8968.2,36.36,10.56,25.8,25.8,9440.21,9466.01
24,SOL/INR,1h,SHORT,2024-10-09 04:30:00+05:30,2024-10-09 06:30:00+05:30,143.15,11953.17,144.58,140.29,144.66,12078.73,STOP_LOSS,0.01,94.66,0.752328,8992.71,-94.47,10.67,-105.14,-105.14,9466.01,9360.87
25,SOL/INR,1h,SHORT,2024-10-09 08:30:00+05:30,2024-10-09 18:30:00+05:30,143.9,12015.64,145.34,141.02,141.09,11781.21,TARGET_HIT,0.01,93.61,0.740104,8892.83,173.5,10.39,163.11,163.11,9360.87,9523.98
26,SOL/INR,1h,SHORT,2024-10-09 22:30:00+05:30,2024-10-10 00:30:00+05:30,140.59,11739.2,142.0,137.78,140.5,11732.14,INTRADAY_SQUAREOFF,0.01,95.24,0.770732,9047.78,5.44,10.67,-5.23,-5.23,9523.98,9518.75
27,SOL/INR,1h,SHORT,2024-10-10 02:30:00+05:30,2024-10-10 10:30:00+05:30,138.76,11586.44,140.15,135.98,140.22,11708.16,STOP_LOSS,0.01,95.19,0.780465,9042.81,-94.99,10.73,-105.72,-105.72,9518.75,9413.03
28,SOL/INR,1h,SHORT,2024-10-10 14:30:00+05:30,2024-10-10 16:30:00+05:30,138.52,11566.61,139.91,135.75,139.98,11688.11,STOP_LOSS,0.01,94.13,0.77312,8942.38,-93.94,10.61,-104.55,-104.55,9413.03,9308.48
29,SOL/INR,1h,SHORT,2024-10-10 23:30:00+05:30,2024-10-11 01:30:00+05:30,136.43,11392.21,137.8,133.7,137.87,11511.89,STOP_LOSS,0.01,93.08,0.776237,8843.06,-92.9,10.49,-103.39,-103.39,9308.48,9205.09
30,SOL/INR,1h,LONG,2024-10-11 18:30:00+05:30,2024-10-11 22:30:00+05:30,143.0,11940.53,141.57,145.86,145.79,12173.25,TARGET_HIT,0.01,92.05,0.732366,8744.84,170.44,10.42,160.02,160.02,9205.09,9365.11
31,SOL/INR,1h,LONG,2024-10-12 06:30:00+05:30,2024-10-12 08:30:00+05:30,146.49,12231.93,145.03,149.42,144.95,12103.56,STOP_LOSS,0.01,93.65,0.727347,8896.86,-93.37,10.44,-103.82,-103.82,9365.11,9261.3
32,SOL/INR,1h,LONG,2024-10-12 16:30:00+05:30,2024-10-13 00:30:00+05:30,146.81,12258.77,145.34,149.75,146.39,12223.55,INTRADAY_SQUAREOFF,0.01,92.61,0.717709,8798.23,-25.28,10.37,-35.65,-35.65,9261.3,9225.65
33,SOL/INR,1h,LONG,2024-10-13 04:30:00+05:30,2024-10-13 08:30:00+05:30,147.15,12287.23,145.68,150.1,145.61,12158.28,STOP_LOSS,0.01,92.26,0.713291,8764.37,-91.98,10.29,-102.27,-102.27,9225.65,9123.38
34,SOL/INR,1h,LONG,2024-10-13 11:30:00+05:30,2024-10-13 20:30:00+05:30,146.65,12244.92,145.18,149.58,145.11,12116.41,STOP_LOSS,0.01,91.23,0.707821,8667.21,-90.96,10.17,-101.14,-101.14,9123.38,9022.24
35,SOL/INR,1h,LONG,2024-10-14 13:30:00+05:30,2024-10-14 20:30:00+05:30,152.95,12771.37,151.42,156.01,155.93,13020.29,TARGET_HIT,0.01,90.22,0.671121,8571.13,167.05,10.21,156.84,156.84,9022.24,9179.08
36,SOL/INR,1h,LONG,2024-10-15 04:30:00+05:30,2024-10-15 08:30:00+05:30,157.62,13161.61,156.05,160.78,155.97,13023.48,STOP_LOSS,0.01,91.79,0.662542,8720.13,-91.52,10.24,-101.75,-101.75,9179.08,9077.33
37,SOL/INR,1h,SHORT,2024-10-17 17:30:00+05:30,2024-10-17 20:30:00+05:30,151.14,12620.12,152.65,148.12,152.73,12752.69,STOP_LOSS,0.01,90.77,0.683311,8623.46,-90.59,10.23,-100.82,-100.82,9077.33,8976.51
38,SOL/INR,1h,SHORT,2024-10-17 22:30:00+05:30,2024-10-18 00:30:00+05:30,150.84,12594.92,152.35,147.82,148.61,12408.76,INTRADAY_SQUAREOFF,0.01,89.77,0.677073,8527.68,126.05,9.99,116.06,116.06,8976.51,9092.57
39,SOL/INR,1h,SHORT,2024-10-18 06:30:00+05:30,2024-10-18 08:30:00+05:30,149.63,12494.25,151.13,146.64,151.2,12625.51,STOP_LOSS,0.01,90.93,0.691353,8637.94,-90.74,10.25,-100.99,-100.99,9092.57,8991.58
40,SOL/INR,1h,LONG,2024-10-19 05:30:00+05:30,2024-10-20 00:30:00+05:30,155.13,12953.49,153.58,158.23,155.85,13013.72,INTRADAY_SQUAREOFF,0.01,89.92,0.659437,8542.0,39.72,10.1,29.62,29.62,8991.58,9021.2
41,SOL/INR,1h,LONG,2024-10-20 15:30:00+05:30,2024-10-20 18:30:00+05:30,159.42,13311.36,157.82,162.61,157.74,13171.66,STOP_LOSS,0.01,90.21,0.643821,8570.14,-89.94,10.06,-100.0,-100.0,9021.2,8921.19
42,SOL/INR,1h,LONG,2024-10-20 20:30:00+05:30,2024-10-20 22:30:00+05:30,161.15,13456.43,159.54,164.38,159.46,13315.2,STOP_LOSS,0.01,89.21,0.62982,8475.13,-88.95,9.95,-98.89,-98.89,8921.19,8822.3
43,SOL/INR,1h,LONG,2024-10-21 02:30:00+05:30,2024-10-21 04:30:00+05:30,162.91,13603.18,161.28,166.17,166.09,13868.3,TARGET_HIT,0.01,88.22,0.61612,8381.18,163.35,9.99,153.36,153.36,8822.3,8975.66
44,SOL/INR,1h,LONG,2024-10-21 10:30:00+05:30,2024-10-21 13:30:00+05:30,170.42,14229.69,168.71,173.82,168.63,14080.35,STOP_LOSS,0.01,89.76,0.599232,8526.88,-89.49,10.01,-99.5,-99.5,8975.66,8876.16
45,SOL/INR,1h,SHORT,2024-10-22 05:30:00+05:30,2024-10-22 10:30:00+05:30,166.13,13871.8,167.79,162.81,167.87,14017.52,STOP_LOSS,0.01,88.76,0.607878,8432.36,-88.58,10.0,-98.58,-98.58,8876.16,8777.58
46,SOL/INR,1h,SHORT,2024-10-22 13:30:00+05:30,2024-10-22 17:30:00+05:30,166.91,13936.74,168.58,163.57,168.66,14083.15,STOP_LOSS,0.01,87.78,0.598325,8338.7,-87.6,9.89,-97.49,-97.49,8777.58,8680.09
47,SOL/INR,1h,LONG,2024-10-24 06:30:00+05:30,2024-10-24 19:30:00+05:30,172.62,14414.06,170.9,176.08,175.99,14694.99,TARGET_HIT,0.01,86.8,0.572086,8246.09,160.72,9.83,150.89,150.89,8680.09,8830.98
48,SOL/INR,1h,LONG,2024-10-24 22:30:00+05:30,2024-10-25 00:30:00+05:30,176.96,14775.97,175.19,180.5,175.89,14687.0,INTRADAY_SQUAREOFF,0.01,88.31,0.567775,8389.43,-50.51,9.87,-60.38,-60.38,8830.98,8770.6
49,SOL/INR,1h,LONG,2024-10-25 04:30:00+05:30,2024-10-25 06:30:00+05:30,179.08,14952.79,177.28,182.66,177.2,14795.86,STOP_LOSS,0.01,87.71,0.557225,8332.07,-87.45,9.78,-97.23,-97.23,8770.6,8673.37
50,SOL/INR,1h,SHORT,2024-10-25 21:30:00+05:30,2024-10-25 23:30:00+05:30,171.52,14321.77,173.23,168.09,168.17,14042.35,TARGET_HIT,0.01,86.73,0.575327,8239.7,160.76,9.63,151.13,151.13,8673.37,8824.5
51,SOL/INR,1h,SHORT,2024-10-26 04:30:00+05:30,2024-10-26 09:30:00+05:30,163.91,13686.76,165.55,160.64,165.64,13830.54,STOP_LOSS,0.01,88.24,0.61251,8383.27,-88.07,9.94,-98.01,-98.01,8824.5,8726.49
52,SOL/INR,1h,SHORT,2024-10-26 17:30:00+05:30,2024-10-26 23:30:00+05:30,168.26,14049.85,169.94,164.9,170.03,14197.45,STOP_LOSS,0.01,87.26,0.590053,8290.16,-87.09,9.83,-96.92,-96.92,8726.49,8629.57
53,SOL/INR,1h,LONG,2024-10-27 07:30:00+05:30,2024-10-27 18:30:00+05:30,172.24,14382.36,170.52,175.69,175.6,14662.67,TARGET_HIT,0.01,86.3,0.57001,8198.09,159.78,9.77,150.01,150.01,8629.57,8779.58
54,SOL/INR,1h,LONG,2024-10-28 01:30:00+05:30,2024-10-28 07:30:00+05:30,177.09,14787.08,175.32,180.63,175.23,14631.89,STOP_LOSS,0.01,87.8,0.564047,8340.6,-87.53,9.79,-97.32,-97.32,8779.58,8682.26
55,SOL/INR,1h,LONG,2024-10-28 18:30:00+05:30,2024-10-28 20:30:00+05:30,177.7,14837.75,175.92,181.25,175.83,14682.02,STOP_LOSS,0.01,86.82,0.555889,8248.14,-86.56,9.68,-96.25,-96.25,8682.26,8586.01
56,SOL/INR,1h,LONG,2024-10-29 09:30:00+05:30,2024-10-29 12:30:00+05:30,181.63,15166.17,179.81,185.26,179.72,15007.0,STOP_LOSS,0.01,85.86,0.537823,8156.71,-85.6,9.57,-95.18,-95.18,8586.01,8490.83
57,SOL/INR,1h,LONG,2024-10-29 21:30:00+05:30,2024-10-30 00:30:00+05:30,180.69,15087.38,178.88,184.3,178.79,14929.04,STOP_LOSS,0.01,84.91,0.534638,8066.29,-84.66,9.47,-94.12,-94.12,8490.83,8396.71
58,SOL/INR,1h,SHORT,2024-10-31 00:30:00+05:30,2024-10-31 02:30:00+05:30,174.01,14530.19,175.75,170.53,175.84,14682.83,STOP_LOSS,0.01,83.97,0.548986,7976.87,-83.8,9.46,-93.26,-93.26,8396.71,8303.45
59,SOL/INR,1h,SHORT,2024-10-31 09:30:00+05:30,2024-10-31 15:30:00+05:30,174.16,14542.54,175.9,170.68,175.99,14695.31,STOP_LOSS,0.01,83.03,0.542428,7888.27,-82.87,9.36,-92.22,-92.22,8303.45,8211.22
60,SOL/INR,1h,SHORT,2024-10-31 18:30:00+05:30,2024-10-31 20:30:00+05:30,174.15,14541.42,175.89,170.67,170.75,14257.72,TARGET_HIT,0.01,82.11,0.536444,7800.66,152.19,9.11,143.08,143.08,8211.22,8354.3
61,SOL/INR,1h,SHORT,2024-10-31 22:30:00+05:30,2024-11-01 00:30:00+05:30,169.52,14155.24,171.22,166.13,169.53,14155.83,INTRADAY_SQUAREOFF,0.01,83.54,0.560682,7936.58,-0.33,9.37,-9.69,-9.69,8354.3,8344.61
62,SOL/INR,1h,SHORT,2024-11-01 05:30:00+05:30,2024-11-01 18:30:00+05:30,168.3,14052.84,169.98,164.93,170.07,14200.47,STOP_LOSS,0.01,83.45,0.564112,7927.38,-83.28,9.4,-92.68,-92.68,8344.61,8251.93
63,SOL/INR,1h,SHORT,2024-11-02 00:30:00+05:30,2024-11-02 07:30:00+05:30,165.95,13857.23,167.61,162.64,167.7,14002.8,STOP_LOSS,0.01,82.52,0.565721,7839.33,-82.35,9.3,-91.65,-91.65,8251.93,8160.27
64,SOL/INR,1h,SHORT,2024-11-02 09:30:00+05:30,2024-11-02 19:30:00+05:30,166.79,13927.38,168.46,163.46,163.54,13655.65,TARGET_HIT,0.01,81.6,0.55662,7752.26,151.25,9.06,142.19,142.19,8160.27,8302.46
65,SOL/INR,1h,SHORT,2024-11-03 15:30:00+05:30,2024-11-03 17:30:00+05:30,162.66,13582.46,164.29,159.41,164.37,13725.15,STOP_LOSS,0.01,83.02,0.5807,7887.34,-82.86,9.36,-92.21,-92.21,8302.46,8210.25
66,SOL/INR,1h,SHORT,2024-11-03 19:30:00+05:30,2024-11-04 00:30:00+05:30,161.06,13448.67,162.67,157.84,158.96,13272.79,INTRADAY_SQUAREOFF,0.01,82.1,0.579964,7799.74,102.0,9.14,92.86,92.86,8210.25,8303.11
67,SOL/INR,1h,SHORT,2024-11-05 00:30:00+05:30,2024-11-05 02:30:00+05:30,159.05,13281.06,160.65,155.87,155.95,13021.95,TARGET_HIT,0.01,83.03,0.593925,7887.95,153.89,9.22,144.68,144.68,8303.11,8447.78
68,SOL/INR,1h,LONG,2024-11-05 22:30:00+05:30,2024-11-06 00:30:00+05:30,168.45,14065.62,166.77,171.82,166.68,13918.0,STOP_LOSS,0.01,84.48,0.570568,8025.39,-84.23,9.42,-93.65,-93.65,8447.78,8354.14
69,SOL/INR,1h,LONG,2024-11-06 04:30:00+05:30,2024-11-06 06:30:00+05:30,167.29,13968.39,165.61,170.63,170.55,14240.64,TARGET_HIT,0.01,83.54,0.568171,7936.43,154.68,9.46,145.22,145.22,8354.14,8499.36
70,SOL/INR,1h,LONG,2024-11-06 16:30:00+05:30,2024-11-07 00:30:00+05:30,185.43,15483.25,183.57,189.14,187.45,15652.31,INTRADAY_SQUAREOFF,0.01,84.99,0.521492,8074.39,88.16,9.58,78.58,78.58,8499.36,8577.94
71,SOL/INR,1h,LONG,2024-11-07 03:30:00+05:30,2024-11-07 05:30:00+05:30,189.96,15861.48,188.06,193.76,187.96,15695.02,STOP_LOSS,0.01,85.78,0.513763,8149.04,-85.52,9.57,-95.09,-95.09,8577.94,8482.85
72,SOL/INR,1h,LONG,2024-11-07 14:30:00+05:30,2024-11-07 16:30:00+05:30,189.24,15801.57,187.35,193.03,187.25,15635.74,STOP_LOSS,0.01,84.83,0.509994,8058.71,-84.58,9.46,-94.04,-94.04,8482.85,8388.82
73,SOL/INR,1h,LONG,2024-11-07 20:30:00+05:30,2024-11-07 22:30:00+05:30,188.21,15715.35,186.33,191.97,191.88,16021.65,TARGET_HIT,0.01,83.89,0.507108,7969.38,155.32,9.5,145.83,145.83,8388.82,8534.64
74,SOL/INR,1h,LONG,2024-11-08 02:30:00+05:30,2024-11-08 04:30:00+05:30,197.69,16507.41,195.72,201.65,195.62,16334.16,STOP_LOSS,0.01,85.35,0.491168,8107.91,-85.09,9.52,-94.61,-94.61,8534.64,8440.03
75,SOL/INR,1h,LONG,2024-11-08 13:30:00+05:30,2024-11-08 16:30:00+05:30,200.77,16764.34,198.76,204.79,204.68,17091.07,TARGET_HIT,0.01,84.4,0.478279,8018.03,156.27,9.55,146.72,146.72,8440.03,8586.75
76,SOL/INR,1h,LONG,2024-11-08 19:30:00+05:30,2024-11-08 21:30:00+05:30,205.01,17118.66,202.96,209.11,202.86,16939.0,STOP_LOSS,0.01,85.87,0.476522,8157.41,-85.61,9.58,-95.19,-95.19,8586.75,8491.56
77,SOL/INR,1h,LONG,2024-11-10 10:30:00+05:30,2024-11-10 20:30:00+05:30,205.01,17118.13,202.96,209.11,209.0,17451.76,TARGET_HIT,0.01,84.92,0.471254,8066.99,157.23,9.61,147.61,147.61,8491.56,8639.18
78,SOL/INR,1h,LONG,2024-11-10 23:30:00+05:30,2024-11-11 01:30:00+05:30,215.16,17965.47,213.0,219.46,212.9,17776.92,STOP_LOSS,0.01,86.39,0.456833,8207.22,-86.13,9.63,-95.77,-95.77,8639.18,8543.41
79,SOL/INR,1h,LONG,2024-11-12 05:30:00+05:30,2024-11-12 07:30:00+05:30,223.33,18648.17,221.1,227.8,220.99,18452.46,STOP_LOSS,0.01,85.43,0.43523,8116.24,-85.18,9.53,-94.71,-94.71,8543.41,8448.7
80,SOL/INR,1h,LONG,2024-11-12 09:30:00+05:30,2024-11-12 11:30:00+05:30,220.72,18430.2,218.51,225.14,218.4,18236.77,STOP_LOSS,0.01,84.49,0.435495,8026.27,-84.24,9.42,-93.66,-93.66,8448.7,8355.05
81,SOL/INR,1h,SHORT,2024-11-13 05:30:00+05:30,2024-11-13 07:30:00+05:30,212.09,17709.22,214.21,207.84,207.95,17363.72,TARGET_HIT,0.01,83.55,0.448201,7937.29,154.86,9.27,145.58,145.58,8355.05,8500.63
82,SOL/INR,1h,SHORT,2024-11-13 12:30:00+05:30,2024-11-13 14:30:00+05:30,202.1,16875.15,204.12,198.06,204.22,17052.42,STOP_LOSS,0.01,85.01,0.47855,8075.6,-84.83,9.58,-94.41,-94.41,8500.63,8406.21
83,SOL/INR,1h,LONG,2024-11-14 00:30:00+05:30,2024-11-14 02:30:00+05:30,219.83,18355.4,217.63,224.22,217.52,18162.76,STOP_LOSS,0.01,84.06,0.435071,7985.9,-83.81,9.37,-93.19,-93.19,8406.21,8313.03
84,SOL/INR,1h,LONG,2024-11-14 04:30:00+05:30,2024-11-14 08:30:00+05:30,214.2,17885.56,212.06,218.48,218.37,18234.15,TARGET_HIT,0.01,83.13,0.44155,7897.38,153.92,9.41,144.51,144.51,8313.03,8457.54
85,SOL/INR,1h,LONG,2024-11-14 15:30:00+05:30,2024-11-14 17:30:00+05:30,222.7,18595.39,220.47,227.15,220.36,18400.23,STOP_LOSS,0.01,84.58,0.432078,8034.66,-84.32,9.43,-93.75,-93.75,8457.54,8363.78
86,SOL/INR,1h,SHORT,2024-11-15 20:30:00+05:30,2024-11-16 00:30:00+05:30,210.6,17584.79,212.7,206.38,212.81,17769.52,STOP_LOSS,0.01,83.64,0.451845,7945.59,-83.47,9.43,-92.89,-92.89,8363.78,8270.89
87,SOL/INR,1h,LONG,2024-11-16 07:30:00+05:30,2024-11-16 20:30:00+05:30,218.99,18286.07,216.8,223.37,216.7,18094.16,STOP_LOSS,0.01,82.71,0.42969,7857.35,-82.46,9.22,-91.69,-91.69,8270.89,8179.2
88,SOL/INR,1h,LONG,2024-11-16 23:30:00+05:30,2024-11-17 01:30:00+05:30,216.13,18047.03,213.97,220.45,216.24,18055.8,INTRADAY_SQUAREOFF,0.01,81.79,0.430555,7770.24,3.77,9.17,-5.4,-5.4,8179.2,8173.81
89,SOL/INR,1h,LONG,2024-11-17 03:30:00+05:30,2024-11-17 07:30:00+05:30,217.19,18135.6,215.02,221.54,214.91,17945.27,STOP_LOSS,0.01,81.74,0.42817,7765.12,-81.49,9.11,-90.61,-90.61,8173.81,8083.2
90,SOL/INR,1h,LONG,2024-11-17 16:30:00+05:30,2024-11-17 18:30:00+05:30,240.85,20111.18,238.44,245.67,238.32,19900.11,STOP_LOSS,0.01,80.83,0.381829,7679.04,-80.59,9.01,-89.61,-89.61,8083.2,7993.59
91,SOL/INR,1h,LONG,2024-11-18 01:30:00+05:30,2024-11-18 03:30:00+05:30,235.55,19668.81,233.2,240.27,233.08,19462.39,STOP_LOSS,0.01,79.94,0.386089,7593.91,-79.7,8.91,-88.61,-88.61,7993.59,7904.98
92,SOL/INR,1h,LONG,2024-11-18 08:30:00+05:30,2024-11-18 14:30:00+05:30,240.03,20042.1,237.62,244.83,244.7,20432.72,TARGET_HIT,0.01,79.05,0.374698,7509.73,146.36,8.95,137.42,137.42,7904.98,8042.4
93,SOL/INR,1h,LONG,2024-11-19 08:30:00+05:30,2024-11-19 16:30:00+05:30,241.29,20147.49,238.87,246.11,245.99,20540.17,TARGET_HIT,0.01,80.42,0.379217,7640.28,148.91,9.1,139.81,139.81,8042.4,8182.2
94,SOL/INR,1h,SHORT,2024-11-20 07:30:00+05:30,2024-11-20 13:30:00+05:30,234.82,19607.64,237.17,230.13,237.29,19813.62,STOP_LOSS,0.01,81.82,0.396432,7773.09,-81.66,9.22,-90.88,-90.88,8182.2,8091.33
95,SOL/INR,1h,SHORT,2024-11-20 23:30:00+05:30,2024-11-21 01:30:00+05:30,232.26,19393.84,234.58,227.62,234.7,19597.57,STOP_LOSS,0.01,80.91,0.396351,7686.76,-80.75,9.12,-89.87,-89.87,8091.33,8001.46
96,SOL/INR,1h,SHORT,2024-11-21 08:30:00+05:30,2024-11-21 10:30:00+05:30,230.23,19224.26,232.53,225.63,232.65,19426.21,STOP_LOSS,0.01,80.01,0.395406,7601.39,-79.85,9.02,-88.87,-88.87,8001.46,7912.59
97,SOL/INR,1h,LONG,2024-11-21 22:30:00+05:30,2024-11-22 00:30:00+05:30,254.86,21280.8,252.31,259.96,258.48,21582.99,INTRADAY_SQUAREOFF,0.01,79.13,0.353227,7516.96,106.74,8.93,97.81,97.81,7912.59,8010.4
98,SOL/INR,1h,LONG,2024-11-22 04:30:00+05:30,2024-11-22 08:30:00+05:30,255.43,21328.16,252.87,260.54,260.41,21743.85,TARGET_HIT,0.01,80.1,0.3568,7609.88,148.32,9.07,139.25,139.25,8010.4,8149.65
99,SOL/INR,1h,LONG,2024-11-22 18:30:00+05:30,2024-11-22 20:30:00+05:30,260.39,21742.84,257.79,265.6,257.66,21514.65,STOP_LOSS,0.01,81.5,0.356079,7742.17,-81.25,9.09,-90.34,-90.34,8149.65,8059.31
100,SOL/INR,1h,LONG,2024-11-23 02:30:00+05:30,2024-11-23 09:30:00+05:30,255.53,21336.71,252.97,260.64,260.51,21752.56,TARGET_HIT,0.01,80.59,0.358834,7656.34,149.22,9.12,140.1,140.1,8059.31,8199.41
101,SOL/INR,1h,LONG,2024-11-23 19:30:00+05:30,2024-11-23 21:30:00+05:30,260.28,21733.71,257.68,265.49,257.55,21505.62,STOP_LOSS,0.01,81.99,0.358403,7789.44,-81.75,9.14,-90.89,-90.89,8199.41,8108.51
102,SOL/INR,1h,SHORT,2024-11-25 12:30:00+05:30,2024-11-25 14:30:00+05:30,251.98,21040.39,254.5,246.94,254.63,21261.41,STOP_LOSS,0.01,81.09,0.36611,7703.09,-80.92,9.14,-90.06,-90.06,8108.51,8018.45
103,SOL/INR,1h,SHORT,2024-11-26 13:30:00+05:30,2024-11-26 15:30:00+05:30,235.29,19646.82,237.64,230.59,230.7,19263.51,TARGET_HIT,0.01,80.18,0.387723,7617.53,148.62,8.9,139.72,139.72,8018.45,8158.17
104,SOL/INR,1h,SHORT,2024-11-27 06:30:00+05:30,2024-11-27 08:30:00+05:30,229.51,19164.39,231.81,224.92,231.92,19365.71,STOP_LOSS,0.01,81.58,0.40441,7750.26,-81.42,9.19,-90.61,-90.61,8158.17,8067.56
105,SOL/INR,1h,LONG,2024-11-28 02:30:00+05:30,2024-11-28 08:30:00+05:30,242.94,20285.3,240.51,247.8,240.39,20072.4,STOP_LOSS,0.01,80.68,0.37782,7664.18,-80.44,9.0,-89.43,-89.43,8067.56,7978.13
106,SOL/INR,1h,LONG,2024-11-30 02:30:00+05:30,2024-11-30 05:30:00+05:30,243.08,20297.28,240.65,247.94,240.53,20084.26,STOP_LOSS,0.01,79.78,0.373411,7579.22,-79.54,8.9,-88.44,-88.44,7978.13,7889.69
107,SOL/INR,1h,LONG,2024-11-30 11:30:00+05:30,2024-11-30 15:30:00+05:30,243.78,20355.44,241.34,248.65,241.22,20141.81,STOP_LOSS,0.01,78.9,0.368216,7495.2,-78.66,8.8,-87.46,-87.46,7889.69,7802.23
108,SOL/INR,1h,LONG,2024-12-01 02:30:00+05:30,2024-12-01 04:30:00+05:30,240.97,20120.66,238.56,245.79,238.44,19909.49,STOP_LOSS,0.01,78.02,0.368383,7412.12,-77.79,8.7,-86.49,-86.49,7802.23,7715.74
109,SOL/INR,1h,SHORT,2024-12-02 00:30:00+05:30,2024-12-02 03:30:00+05:30,236.17,19720.57,238.54,231.45,238.66,19927.73,STOP_LOSS,0.01,77.16,0.371691,7329.95,-77.0,8.69,-85.7,-85.7,7715.74,7630.04
110,SOL/INR,1h,SHORT,2024-12-02 06:30:00+05:30,2024-12-02 08:30:00+05:30,234.83,19608.67,237.18,230.14,230.25,19226.1,TARGET_HIT,0.01,76.3,0.36966,7248.54,141.42,8.47,132.95,132.95,7630.04,7762.99
111,SOL/INR,1h,SHORT,2024-12-02 16:30:00+05:30,2024-12-02 18:30:00+05:30,223.16,18633.44,225.39,218.69,225.5,18829.19,STOP_LOSS,0.01,77.63,0.395785,7374.84,-77.47,8.75,-86.22,-86.22,7762.99,7676.77
112,SOL/INR,1h,SHORT,2024-12-02 23:30:00+05:30,2024-12-03 01:30:00+05:30,220.55,18415.7,222.75,216.14,222.86,18609.16,STOP_LOSS,0.01,76.77,0.396017,7292.93,-76.61,8.65,-85.26,-85.26,7676.77,7591.51
113,SOL/INR,1h,SHORT,2024-12-03 07:30:00+05:30,2024-12-03 09:30:00+05:30,224.14,18715.32,226.38,219.65,226.49,18911.92,STOP_LOSS,0.01,75.92,0.385349,7211.93,-75.76,8.55,-84.32,-84.32,7591.51,7507.19
114,SOL/INR,1h,SHORT,2024-12-03 12:30:00+05:30,2024-12-03 18:30:00+05:30,227.44,18991.17,229.71,222.89,223.0,18620.65,TARGET_HIT,0.01,75.07,0.375534,7131.83,139.14,8.33,130.81,130.81,7507.19,7638.0
115,SOL/INR,1h,LONG,2024-12-04 07:30:00+05:30,2024-12-04 09:30:00+05:30,239.54,20002.0,237.15,244.34,237.03,19792.08,STOP_LOSS,0.01,76.38,0.362769,7256.1,-76.15,8.52,-84.67,-84.67,7638.0,7553.33
116,SOL/INR,1h,SHORT,2024-12-05 04:30:00+05:30,2024-12-05 06:30:00+05:30,229.32,19148.29,231.61,224.73,224.85,18774.7,TARGET_HIT,0.01,75.53,0.374742,7175.66,140.0,8.38,131.61,131.61,7553.33,7684.94
117,SOL/INR,1h,LONG,2024-12-06 20:30:00+05:30,2024-12-07 00:30:00+05:30,237.95,19868.55,235.57,242.71,239.41,19990.81,INTRADAY_SQUAREOFF,0.01,76.85,0.36745,7300.7,44.92,8.64,36.28,36.28,7684.94,7721.22
118,SOL/INR,1h,LONG,2024-12-07 12:30:00+05:30,2024-12-07 19:30:00+05:30,236.37,19737.05,234.01,241.1,240.98,20121.72,TARGET_HIT,0.01,77.21,0.371644,7335.16,142.96,8.74,134.22,134.22,7721.22,7855.45
119,SOL/INR,1h,LONG,2024-12-08 08:30:00+05:30,2024-12-08 10:30:00+05:30,241.54,20168.46,239.12,246.37,239.0,19956.79,STOP_LOSS,0.01,78.55,0.370017,7462.67,-78.32,8.76,-87.08,-87.08,7855.45,7768.37
120,SOL/INR,1h,SHORT,2024-12-09 06:30:00+05:30,2024-12-09 13:30:00+05:30,233.35,19484.8,235.68,228.68,228.8,19104.65,TARGET_HIT,0.01,77.68,0.378754,7379.95,143.98,8.62,135.36,135.36,7768.37,7903.73
121,SOL/INR,1h,SHORT,2024-12-09 21:30:00+05:30,2024-12-10 00:30:00+05:30,223.22,18639.19,225.46,218.76,224.91,18779.6,INTRADAY_SQUAREOFF,0.01,79.04,0.402836,7508.54,-56.56,8.89,-65.46,-65.46,7903.73,7838.27
122,SOL/INR,1h,SHORT,2024-12-10 08:30:00+05:30,2024-12-10 10:30:00+05:30,213.35,17814.97,215.49,209.09,215.59,18002.12,STOP_LOSS,0.01,78.38,0.417983,7446.35,-78.22,8.83,-87.06,-87.06,7838.27,7751.21
123,SOL/INR,1h,SHORT,2024-12-10 18:30:00+05:30,2024-12-10 20:30:00+05:30,210.92,17611.72,213.03,206.7,213.13,17796.73,STOP_LOSS,0.01,77.51,0.418111,7363.65,-77.36,8.73,-86.09,-86.09,7751.21,7665.12
124,SOL/INR,1h,SHORT,2024-12-10 23:30:00+05:30,2024-12-11 01:30:00+05:30,204.69,17091.56,206.74,200.6,206.84,17271.1,STOP_LOSS,0.01,76.65,0.42605,7281.87,-76.5,8.64,-85.13,-85.13,7665.12,7579.99
125,SOL/INR,1h,SHORT,2024-12-11 07:30:00+05:30,2024-12-11 09:30:00+05:30,212.34,17730.37,214.46,208.09,214.57,17916.63,STOP_LOSS,0.01,75.8,0.406139,7200.99,-75.65,8.54,-84.19,-84.19,7579.99,7495.8
126,SOL/INR,1h,LONG,2024-12-12 08:30:00+05:30,2024-12-12 22:30:00+05:30,229.19,19137.44,226.9,233.77,233.66,19510.43,TARGET_HIT,0.01,74.96,0.372098,7121.01,138.79,8.48,130.3,130.3,7495.8,7626.1
127,SOL/INR,1h,SHORT,2024-12-14 16:30:00+05:30,2024-12-14 22:30:00+05:30,224.82,18772.48,227.07,220.32,220.43,18406.23,TARGET_HIT,0.01,76.26,0.385927,7244.8,141.35,8.47,132.88,132.88,7626.1,7758.98
128,SOL/INR,1h,SHORT,2024-12-15 02:30:00+05:30,2024-12-15 04:30:00+05:30,215.24,17972.42,217.39,210.93,217.5,18161.22,STOP_LOSS,0.01,77.59,0.41013,7371.03,-77.43,8.74,-86.18,-86.18,7758.98,7672.81
129,SOL/INR,1h,SHORT,2024-12-15 12:30:00+05:30,2024-12-15 19:30:00+05:30,218.23,18221.87,220.41,213.86,220.52,18413.29,STOP_LOSS,0.01,76.73,0.400023,7289.17,-76.57,8.65,-85.22,-85.22,7672.81,7587.59
130,SOL/INR,1h,SHORT,2024-12-16 02:30:00+05:30,2024-12-16 04:30:00+05:30,220.33,18397.8,222.54,215.93,222.65,18591.07,STOP_LOSS,0.01,75.88,0.391797,7208.21,-75.72,8.55,-84.27,-84.27,7587.59,7503.32
131,SOL/INR,1h,LONG,2024-12-17 18:30:00+05:30,2024-12-17 20:30:00+05:30,227.37,18985.7,225.1,231.92,224.99,18786.44,STOP_LOSS,0.01,75.03,0.375448,7128.15,-74.81,8.37,-83.18,-83.18,7503.32,7420.14
132,SOL/INR,1h,LONG,2024-12-17 22:30:00+05:30,2024-12-18 00:30:00+05:30,226.85,18942.27,224.59,231.39,227.52,18997.66,INTRADAY_SQUAREOFF,0.01,74.2,0.372138,7049.13,20.61,8.33,12.28,12.28,7420.14,7432.42
133,SOL/INR,1h,SHORT,2024-12-19 07:30:00+05:30,2024-12-19 09:30:00+05:30,203.82,17019.26,205.86,199.75,205.96,17198.05,STOP_LOSS,0.01,74.32,0.414871,7060.8,-74.17,8.38,-82.55,-82.55,7432.42,7349.87
134,SOL/INR,1h,SHORT,2024-12-19 14:30:00+05:30,2024-12-19 16:30:00+05:30,208.28,17391.1,210.36,204.11,210.46,17573.79,STOP_LOSS,0.01,73.5,0.401491,6982.38,-73.35,8.28,-81.63,-81.63,7349.87,7268.24
135,SOL/INR,1h,SHORT,2024-12-19 23:30:00+05:30,2024-12-20 01:30:00+05:30,197.4,16482.54,199.37,193.45,193.54,16160.96,TARGET_HIT,0.01,72.68,0.418918,6904.83,134.71,8.07,126.64,126.64,7268.24,7394.88
136,SOL/INR,1h,SHORT,2024-12-20 05:30:00+05:30,2024-12-20 07:30:00+05:30,193.73,16176.48,195.67,189.86,195.77,16346.41,STOP_LOSS,0.01,73.95,0.434281,7025.14,-73.8,8.33,-82.13,-82.13,7394.88,7312.75
137,SOL/INR,1h,SHORT,2024-12-20 11:30:00+05:30,2024-12-20 13:30:00+05:30,192.71,16090.87,194.63,188.85,188.95,15776.94,TARGET_HIT,0.01,73.13,0.431743,6947.11,135.54,8.12,127.42,127.42,7312.75,7440.17
138,SOL/INR,1h,SHORT,2024-12-20 17:30:00+05:30,2024-12-20 19:30:00+05:30,176.42,14730.84,178.18,172.89,178.27,14885.59,STOP_LOSS,0.01,74.4,0.479821,7068.16,-74.25,8.38,-82.64,-82.64,7440.17,7357.54
139,SOL/INR,1h,SHORT,2024-12-21 22:30:00+05:30,2024-12-22 00:30:00+05:30,184.01,15365.06,185.85,180.33,180.42,15065.28,TARGET_HIT,0.01,73.58,0.454906,6989.66,136.37,8.17,128.2,128.2,7357.54,7485.74
140,SOL/INR,1h,SHORT,2024-12-22 10:30:00+05:30,2024-12-22 12:30:00+05:30,180.18,15044.92,181.98,176.58,182.07,15202.97,STOP_LOSS,0.01,74.86,0.472681,7111.45,-74.71,8.44,-83.14,-83.14,7485.74,7402.6
141,SOL/INR,1h,SHORT,2024-12-23 01:30:00+05:30,2024-12-23 03:30:00+05:30,178.09,14870.4,179.87,174.53,179.96,15026.62,STOP_LOSS,0.01,74.03,0.472917,7032.47,-73.88,8.34,-82.22,-82.22,7402.6,7320.38
142,SOL/INR,1h,LONG,2024-12-24 09:30:00+05:30,2024-12-24 18:30:00+05:30,189.72,15841.48,187.82,193.51,193.42,16150.23,TARGET_HIT,0.01,73.2,0.438997,6954.36,135.54,8.29,127.25,127.25,7320.38,7447.63
143,SOL/INR,1h,LONG,2024-12-24 21:30:00+05:30,2024-12-24 23:30:00+05:30,198.79,16599.18,196.8,202.77,196.71,16424.97,STOP_LOSS,0.01,74.48,0.426241,7075.25,-74.25,8.3,-82.56,-82.56,7447.63,7365.07
144,SOL/INR,1h,LONG,2024-12-25 03:30:00+05:30,2024-12-25 07:30:00+05:30,196.75,16428.76,194.78,200.69,200.59,16748.95,TARGET_HIT,0.01,73.65,0.425888,6996.82,136.37,8.34,128.03,128.03,7365.07,7493.1
145,SOL/INR,1h,LONG,2024-12-25 23:30:00+05:30,2024-12-26 01:30:00+05:30,198.56,16579.82,196.58,202.53,198.91,16609.19,INTRADAY_SQUAREOFF,0.01,74.93,0.429344,7118.45,12.61,8.41,4.2,4.2,7493.1,7497.3
146,SOL/INR,1h,SHORT,2024-12-26 18:30:00+05:30,2024-12-26 21:30:00+05:30,188.69,15755.53,190.58,184.92,190.67,15921.04,STOP_LOSS,0.01,74.97,0.45206,7122.44,-74.82,8.45,-83.27,-83.27,7497.3,7414.03
147,SOL/INR,1h,SHORT,2024-12-26 23:30:00+05:30,2024-12-27 01:30:00+05:30,187.68,15671.19,189.56,183.93,189.11,15790.38,INTRADAY_SQUAREOFF,0.01,74.14,0.449445,7043.33,-53.57,8.34,-61.91,-61.91,7414.03,7352.12
148,SOL/INR,1h,SHORT,2024-12-27 13:30:00+05:30,2024-12-27 15:30:00+05:30,186.33,15558.86,188.2,182.61,188.29,15722.3,STOP_LOSS,0.01,73.52,0.448909,6984.52,-73.37,8.29,-81.66,-81.66,7352.12,7270.47
149,SOL/INR,1h,SHORT,2024-12-28 02:30:00+05:30,2024-12-28 17:30:00+05:30,185.14,15459.01,186.99,181.44,187.08,15621.41,STOP_LOSS,0.01,72.7,0.446791,6906.94,-72.56,8.19,-80.75,-80.75,7270.47,7189.72
150,SOL/INR,1h,LONG,2024-12-29 04:30:00+05:30,2024-12-29 06:30:00+05:30,195.47,16321.38,193.51,199.37,193.41,16150.08,STOP_LOSS,0.01,71.9,0.418484,6830.23,-71.68,8.02,-79.7,-79.7,7189.72,7110.02
151,SOL/INR,1h,LONG,2024-12-29 09:30:00+05:30,2024-12-29 22:30:00+05:30,194.54,16244.46,192.6,198.44,192.5,16073.98,STOP_LOSS,0.01,71.1,0.415804,6754.51,-70.89,7.93,-78.82,-78.82,7110.02,7031.2
152,SOL/INR,1h,SHORT,2024-12-30 09:30:00+05:30,2024-12-30 11:30:00+05:30,190.7,15923.6,192.61,186.89,192.71,16090.87,STOP_LOSS,0.01,70.31,0.419481,6679.64,-70.17,7.92,-78.09,-78.09,7031.2,6953.11
153,SOL/INR,1h,SHORT,2024-12-30 19:30:00+05:30,2024-12-30 22:30:00+05:30,188.83,15767.03,190.71,185.05,190.81,15932.66,STOP_LOSS,0.01,69.53,0.418941,6605.45,-69.39,7.84,-77.23,-77.23,6953.11,6875.88
154,SOL/INR,1h,LONG,2024-12-31 13:30:00+05:30,2024-12-31 15:30:00+05:30,189.9,15856.86,188.0,193.7,193.6,16165.91,TARGET_HIT,0.01,68.76,0.411941,6532.09,127.31,7.78,119.53,119.53,6875.88,6995.41
155,SOL/INR,1h,LONG,2024-12-31 19:30:00+05:30,2025-01-01 00:30:00+05:30,195.82,16350.84,193.86,199.73,193.76,16179.24,STOP_LOSS,0.01,69.95,0.40644,6645.64,-69.75,7.8,-77.55,-77.55,6995.41,6917.86
156,SOL/INR,1h,SHORT,2025-01-01 09:30:00+05:30,2025-01-02 00:30:00+05:30,189.77,15845.92,191.67,185.98,191.77,16012.38,STOP_LOSS,0.01,69.18,0.414742,6571.97,-69.04,7.8,-76.83,-76.83,6917.86,6841.03
157,SOL/INR,1h,LONG,2025-01-02 06:30:00+05:30,2025-01-02 09:30:00+05:30,196.57,16413.19,194.6,200.5,200.4,16733.09,TARGET_HIT,0.01,68.41,0.39596,6498.97,126.67,7.74,118.92,118.92,6841.03,6959.95
158,SOL/INR,1h,LONG,2025-01-02 17:30:00+05:30,2025-01-02 20:30:00+05:30,208.67,17424.08,206.58,212.85,206.48,17241.21,STOP_LOSS,0.01,69.6,0.379472,6611.95,-69.39,7.76,-77.15,-77.15,6959.95,6882.79
159,SOL/INR,1h,LONG,2025-01-03 05:30:00+05:30,2025-01-03 16:30:00+05:30,208.22,17386.17,206.14,212.38,212.28,17725.02,TARGET_HIT,0.01,68.83,0.376084,6538.65,127.44,7.79,119.65,119.65,6882.79,7002.44
160,SOL/INR,1h,LONG,2025-01-03 20:30:00+05:30,2025-01-04 00:30:00+05:30,218.11,18212.27,215.93,222.47,217.81,18187.11,INTRADAY_SQUAREOFF,0.01,70.02,0.365266,6652.32,-9.19,7.84,-17.03,-17.03,7002.44,6985.41
161,SOL/INR,1h,LONG,2025-01-04 05:30:00+05:30,2025-01-04 13:30:00+05:30,217.87,18192.18,215.69,222.23,215.58,18001.26,STOP_LOSS,0.01,69.85,0.36478,6636.14,-69.65,7.79,-77.44,-77.44,6985.41,6907.97
162,SOL/INR,1h,LONG,2025-01-04 17:30:00+05:30,2025-01-04 20:30:00+05:30,216.56,18083.08,214.4,220.9,214.29,17893.3,STOP_LOSS,0.01,69.08,0.362912,6562.57,-68.87,7.7,-76.58,-76.58,6907.97,6831.39
163,SOL/INR,1h,LONG,2025-01-04 23:30:00+05:30,2025-01-05 01:30:00+05:30,215.79,18018.82,213.64,220.11,215.45,17990.29,INTRADAY_SQUAREOFF,0.01,68.31,0.360169,6489.82,-10.27,7.65,-17.93,-17.93,6831.39,6813.47
164,SOL/INR,1h,LONG,2025-01-05 04:30:00+05:30,2025-01-05 14:30:00+05:30,217.14,18131.28,214.97,221.48,214.86,17940.99,STOP_LOSS,0.01,68.13,0.356996,6472.79,-67.93,7.6,-75.53,-75.53,6813.47,6737.94
165,SOL/INR,1h,SHORT,2025-01-05 19:30:00+05:30,2025-01-06 00:30:00+05:30,212.46,17740.74,214.59,208.21,212.5,17744.14,INTRADAY_SQUAREOFF,0.01,67.38,0.36081,6401.04,-1.23,7.55,-8.78,-8.78,6737.94,6729.16
166,SOL/INR,1h,SHORT,2025-01-06 06:30:00+05:30,2025-01-06 08:30:00+05:30,212.12,17712.27,214.24,207.88,214.35,17898.34,STOP_LOSS,0.01,67.29,0.360919,6392.7,-67.16,7.58,-74.74,-74.74,6729.16,6654.42
167,SOL/INR,1h,LONG,2025-01-07 14:30:00+05:30,2025-01-07 16:30:00+05:30,216.8,18102.73,214.63,221.14,214.52,17912.75,STOP_LOSS,0.01,66.54,0.349212,6321.7,-66.35,7.42,-73.77,-73.77,6654.42,6580.65
168,SOL/INR,1h,SHORT,2025-01-07 20:30:00+05:30,2025-01-07 22:30:00+05:30,211.82,17686.6,213.93,207.58,207.68,17341.54,TARGET_HIT,0.01,65.81,0.353466,6251.62,121.97,7.3,114.66,114.66,6580.65,6695.32
169,SOL/INR,1h,SHORT,2025-01-08 08:30:00+05:30,2025-01-08 10:30:00+05:30,200.48,16740.15,202.49,196.47,196.57,16413.55,TARGET_HIT,0.01,66.95,0.379958,6360.55,124.09,7.43,116.66,116.66,6695.32,6811.98
170,SOL/INR,1h,SHORT,2025-01-08 18:30:00+05:30,2025-01-08 20:30:00+05:30,195.06,16287.32,197.01,191.16,197.11,16458.42,STOP_LOSS,0.01,68.12,0.397326,6471.38,-67.98,7.68,-75.66,-75.66,6811.98,6736.32
171,SOL/INR,1h,SHORT,2025-01-09 09:30:00+05:30,2025-01-09 12:30:00+05:30,194.22,16217.77,196.17,190.34,190.44,15901.36,TARGET_HIT,0.01,67.36,0.394598,6399.51,124.85,7.48,117.38,117.38,6736.32,6853.7
172,SOL/INR,1h,SHORT,2025-01-09 18:30:00+05:30,2025-01-09 20:30:00+05:30,189.87,15853.81,191.76,186.07,191.86,16020.35,STOP_LOSS,0.01,68.54,0.410691,6511.01,-68.4,7.72,-76.12,-76.12,6853.7,6777.58
173,SOL/INR,1h,SHORT,2025-01-09 23:30:00+05:30,2025-01-10 01:30:00+05:30,186.43,15567.09,188.3,182.7,182.79,15263.38,TARGET_HIT,0.01,67.78,0.41361,6438.7,125.62,7.52,118.1,118.1,6777.58,6895.67
174,SOL/INR,1h,SHORT,2025-01-10 19:30:00+05:30,2025-01-10 22:30:00+05:30,185.76,15510.57,187.61,182.04,187.71,15673.51,STOP_LOSS,0.01,68.96,0.42235,6550.89,-68.82,7.77,-76.59,-76.59,6895.67,6819.08
175,SOL/INR,1h,SHORT,2025-01-11 07:30:00+05:30,2025-01-11 20:30:00+05:30,185.92,15524.72,187.78,182.21,187.88,15687.8,STOP_LOSS,0.01,68.19,0.417279,6478.13,-68.05,7.68,-75.74,-75.74,6819.08,6743.35
176,SOL/INR,1h,LONG,2025-01-12 08:30:00+05:30,2025-01-12 10:30:00+05:30,188.44,15735.01,186.56,192.21,186.47,15569.87,STOP_LOSS,0.01,67.43,0.407129,6406.18,-67.23,7.52,-74.75,-74.75,6743.35,6668.6
177,SOL/INR,1h,LONG,2025-01-13 06:30:00+05:30,2025-01-13 08:30:00+05:30,191.84,16018.79,189.92,195.68,189.83,15850.68,STOP_LOSS,0.01,66.69,0.395483,6335.17,-66.49,7.44,-73.92,-73.92,6668.6,6594.67
178,SOL/INR,1h,SHORT,2025-01-13 12:30:00+05:30,2025-01-13 15:30:00+05:30,181.82,15181.77,183.64,178.18,178.27,14885.57,TARGET_HIT,0.01,65.95,0.412662,6264.94,122.23,7.32,114.91,114.91,6594.67,6709.58
179,SOL/INR,1h,LONG,2025-01-14 14:30:00+05:30,2025-01-15 00:30:00+05:30,187.35,15644.05,185.48,191.1,186.45,15568.81,INTRADAY_SQUAREOFF,0.01,67.1,0.407446,6374.1,-30.66,7.5,-38.16,-38.16,6709.58,6671.42
180,SOL/INR,1h,LONG,2025-01-15 04:30:00+05:30,2025-01-15 14:30:00+05:30,188.74,15759.63,186.85,192.51,186.76,15594.24,STOP_LOSS,0.01,66.71,0.402157,6337.85,-66.52,7.44,-73.96,-73.96,6671.42,6597.46
181,SOL/INR,1h,LONG,2025-01-15 19:30:00+05:30,2025-01-15 23:30:00+05:30,195.56,16328.97,193.6,199.47,199.37,16647.22,TARGET_HIT,0.01,65.97,0.383833,6267.59,122.16,7.47,114.69,114.69,6597.46,6712.15
182,SOL/INR,1h,LONG,2025-01-16 04:30:00+05:30,2025-01-16 08:30:00+05:30,204.7,17092.28,202.65,208.79,202.55,16912.89,STOP_LOSS,0.01,67.12,0.373066,6376.54,-66.92,7.48,-74.41,-74.41,6712.15,6637.75
183,SOL/INR,1h,LONG,2025-01-16 11:30:00+05:30,2025-01-16 13:30:00+05:30,203.06,16955.89,201.03,207.13,200.93,16777.94,STOP_LOSS,0.01,66.38,0.371898,6305.86,-66.18,7.4,-73.58,-73.58,6637.75,6564.16
184,SOL/INR,1h,LONG,2025-01-16 17:30:00+05:30,2025-01-16 19:30:00+05:30,213.37,17816.29,211.24,217.64,211.13,17629.3,STOP_LOSS,0.01,65.64,0.350014,6235.96,-65.45,7.32,-72.77,-72.77,6564.16,6491.4
185,SOL/INR,1h,LONG,2025-01-16 22:30:00+05:30,2025-01-17 00:30:00+05:30,214.27,17891.19,212.12,218.55,212.42,17737.46,INTRADAY_SQUAREOFF,0.01,64.91,0.344685,6166.83,-52.99,7.25,-60.23,-60.23,6491.4,6431.16
186,SOL/INR,1h,LONG,2025-01-17 07:30:00+05:30,2025-01-17 09:30:00+05:30,214.86,17940.94,212.71,219.16,212.61,17752.65,STOP_LOSS,0.01,64.31,0.34054,6109.6,-64.12,7.17,-71.29,-71.29,6431.16,6359.87
187,SOL/INR,1h,LONG,2025-01-17 14:30:00+05:30,2025-01-17 18:30:00+05:30,216.22,18054.34,214.06,220.54,220.43,18406.22,TARGET_HIT,0.01,63.6,0.33465,6041.88,117.76,7.2,110.56,110.56,6359.87,6470.43
188,SOL/INR,1h,LONG,2025-01-17 22:30:00+05:30,2025-01-18 00:30:00+05:30,221.83,18522.61,219.61,226.26,219.5,18328.21,STOP_LOSS,0.01,64.7,0.33186,6146.91,-64.51,7.22,-71.73,-71.73,6470.43,6398.7
189,SOL/INR,1h,LONG,2025-01-18 08:30:00+05:30,2025-01-18 10:30:00+05:30,221.58,18502.16,219.37,226.01,225.9,18862.76,TARGET_HIT,0.01,63.99,0.328544,6078.77,118.48,7.24,111.23,111.23,6398.7,6509.93
190,SOL/INR,1h,LONG,2025-01-18 12:30:00+05:30,2025-01-18 15:30:00+05:30,237.76,19852.8,235.38,242.51,242.39,20239.73,TARGET_HIT,0.01,65.1,0.311515,6184.44,120.53,7.37,113.17,113.17,6509.93,6623.1
191,SOL/INR,1h,LONG,2025-01-18 18:30:00+05:30,2025-01-18 20:30:00+05:30,243.99,20373.58,241.55,248.87,241.43,20159.76,STOP_LOSS,0.01,66.23,0.308829,6291.94,-66.03,7.39,-73.42,-73.42,6623.1,6549.68
192,SOL/INR,1h,LONG,2025-01-19 05:30:00+05:30,2025-01-19 07:30:00+05:30,263.58,22008.96,260.94,268.85,260.81,21777.97,STOP_LOSS,0.01,65.5,0.282712,6222.2,-65.3,7.3,-72.61,-72.61,6549.68,6477.07
193,SOL/INR,1h,LONG,2025-01-19 10:30:00+05:30,2025-01-19 13:30:00+05:30,273.91,22871.3,271.17,279.39,271.03,22631.26,STOP_LOSS,0.01,64.77,0.269037,6153.22,-64.58,7.22,-71.8,-71.8,6477.07,6405.27
194,SOL/INR,1h,LONG,2025-01-19 16:30:00+05:30,2025-01-19 18:30:00+05:30,287.99,24047.17,285.11,293.75,284.97,23794.79,STOP_LOSS,0.01,64.05,0.253045,6085.01,-63.86,7.14,-71.0,-71.0,6405.27,6334.27
195,SOL/INR,1h,LONG,2025-01-20 02:30:00+05:30,2025-01-20 04:30:00+05:30,277.26,23151.15,274.49,282.8,274.35,22908.18,STOP_LOSS,0.01,63.34,0.259925,6017.56,-63.15,7.06,-70.22,-70.22,6334.27,6264.05
196,SOL/INR,1h,SHORT,2025-01-20 08:30:00+05:30,2025-01-20 10:30:00+05:30,231.77,19353.19,234.09,227.14,234.21,19556.5,STOP_LOSS,0.01,62.64,0.307487,5950.85,-62.51,7.06,-69.57,-69.57,6264.05,6194.48
197,SOL/INR,1h,SHORT,2025-01-20 16:30:00+05:30,2025-01-20 18:30:00+05:30,259.2,21643.31,261.79,254.02,254.14,21221.04,TARGET_HIT,0.01,61.94,0.271897,5884.75,114.81,6.88,107.94,107.94,6194.48,6302.41
198,SOL/INR,1h,SHORT,2025-01-20 21:30:00+05:30,2025-01-20 23:30:00+05:30,253.79,21191.41,256.33,248.71,248.84,20777.96,TARGET_HIT,0.01,63.02,0.282534,5987.29,116.81,7.0,109.82,109.82,6302.41,6412.23
199,SOL/INR,1h,SHORT,2025-01-21 05:30:00+05:30,2025-01-21 07:30:00+05:30,241.99,20206.14,244.41,237.15,237.27,19811.92,TARGET_HIT,0.01,64.12,0.301474,6091.62,118.85,7.12,111.73,111.73,6412.23,6523.96
200,SOL/INR,1h,SHORT,2025-01-21 11:30:00+05:30,2025-01-21 13:30:00+05:30,232.15,19384.69,234.47,227.51,234.59,19588.32,STOP_LOSS,0.01,65.24,0.319725,6197.76,-65.11,7.35,-72.46,-72.46,6523.96,6451.5
201,SOL/INR,1h,SHORT,2025-01-21 20:30:00+05:30,2025-01-21 22:30:00+05:30,238.22,19891.56,240.6,233.46,240.72,20100.52,STOP_LOSS,0.01,64.51,0.308117,6128.92,-64.38,7.27,-71.65,-71.65,6451.5,6379.85
202,SOL/INR,1h,LONG,2025-01-22 06:30:00+05:30,2025-01-22 12:30:00+05:30,252.93,21119.95,250.4,257.99,257.86,21531.58,TARGET_HIT,0.01,63.8,0.286973,6060.85,118.13,7.22,110.9,110.9,6379.85,6490.75
203,SOL/INR,1h,LONG,2025-01-22 17:30:00+05:30,2025-01-22 19:30:00+05:30,258.57,21590.34,255.98,263.74,255.85,21363.75,STOP_LOSS,0.01,64.91,0.285601,6166.21,-64.71,7.24,-71.95,-71.95,6490.75,6418.8
204,SOL/INR,1h,LONG,2025-01-22 23:30:00+05:30,2025-01-23 01:30:00+05:30,260.32,21736.54,257.71,265.52,265.39,22160.19,TARGET_HIT,0.01,64.19,0.280535,6097.86,118.85,7.27,111.58,111.58,6418.8,6530.38
205,SOL/INR,1h,SHORT,2025-01-23 14:30:00+05:30,2025-01-23 19:30:00+05:30,245.96,20537.27,248.41,241.04,248.54,20753.01,STOP_LOSS,0.01,65.3,0.302078,6203.86,-65.17,7.36,-72.53,-72.53,6530.38,6457.85
206,SOL/INR,1h,SHORT,2025-01-24 01:30:00+05:30,2025-01-24 03:30:00+05:30,245.91,20533.72,248.37,240.99,248.5,20749.43,STOP_LOSS,0.01,64.58,0.298775,6134.96,-64.45,7.28,-71.72,-71.72,6457.85,6386.12
207,SOL/INR,1h,LONG,2025-01-24 14:30:00+05:30,2025-01-24 20:30:00+05:30,264.88,22117.74,262.23,270.18,262.1,21885.61,STOP_LOSS,0.01,63.86,0.274296,6066.82,-63.67,7.12,-70.79,-70.79,6386.12,6315.33
208,SOL/INR,1h,SHORT,2025-01-25 12:30:00+05:30,2025-01-25 16:30:00+05:30,246.81,20608.42,249.28,241.87,249.4,20824.91,STOP_LOSS,0.01,63.15,0.291122,5999.56,-63.03,7.12,-70.14,-70.14,6315.33,6245.19
209,SOL/INR,1h,LONG,2025-01-26 04:30:00+05:30,2025-01-26 06:30:00+05:30,259.25,21647.52,256.66,264.44,256.53,21420.33,STOP_LOSS,0.01,62.45,0.27407,5932.93,-62.27,6.96,-69.23,-69.23,6245.19,6175.96
210,SOL/INR,1h,LONG,2025-01-26 18:30:00+05:30,2025-01-26 21:30:00+05:30,256.85,21447.34,254.29,261.99,254.16,21222.25,STOP_LOSS,0.01,61.76,0.273561,5867.16,-61.58,6.89,-68.46,-68.46,6175.96,6107.5
211,SOL/INR,1h,SHORT,2025-01-27 10:30:00+05:30,2025-01-27 12:30:00+05:30,230.76,19268.13,233.06,226.14,226.25,18892.21,TARGET_HIT,0.01,61.07,0.301125,5802.12,113.2,6.78,106.42,106.42,6107.5,6213.92
212,SOL/INR,1h,SHORT,2025-01-27 16:30:00+05:30,2025-01-27 18:30:00+05:30,221.88,18526.58,224.09,217.44,224.21,18721.2,STOP_LOSS,0.01,62.14,0.318635,5903.22,-62.01,7.0,-69.02,-69.02,6213.92,6144.9
213,SOL/INR,1h,SHORT,2025-01-29 15:30:00+05:30,2025-01-29 18:30:00+05:30,231.01,19289.18,233.32,226.39,226.5,18912.85,TARGET_HIT,0.01,61.45,0.302639,5837.66,113.89,6.82,107.07,107.07,6144.9,6251.97
214,SOL/INR,1h,SHORT,2025-01-29 22:30:00+05:30,2025-01-30 00:30:00+05:30,226.43,18906.86,228.69,221.9,228.81,19105.47,STOP_LOSS,0.01,62.52,0.314139,5939.37,-62.39,7.05,-69.44,-69.44,6251.97,6182.53
215,SOL/INR,1h,LONG,2025-01-30 07:30:00+05:30,2025-01-30 09:30:00+05:30,235.24,19642.82,232.89,239.95,239.83,20025.65,TARGET_HIT,0.01,61.83,0.29901,5873.41,114.47,7.0,107.47,107.47,6182.53,6290.01
216,SOL/INR,1h,LONG,2025-01-30 14:30:00+05:30,2025-01-31 00:30:00+05:30,240.17,20054.13,237.77,244.97,240.99,20122.53,INTRADAY_SQUAREOFF,0.01,62.9,0.297969,5975.51,20.38,7.06,13.32,13.32,6290.01,6303.33
217,SOL/INR,1h,LONG,2025-01-31 21:30:00+05:30,2025-01-31 23:30:00+05:30,240.89,20114.37,238.48,245.71,238.36,19903.27,STOP_LOSS,0.01,63.03,0.297706,5988.16,-62.85,7.03,-69.87,-69.87,6303.33,6233.45
218,SOL/INR,1h,SHORT,2025-02-01 20:30:00+05:30,2025-02-02 00:30:00+05:30,225.29,18811.66,227.54,220.78,224.85,18774.96,INTRADAY_SQUAREOFF,0.01,62.33,0.314793,5921.78,11.55,6.98,4.57,4.57,6233.45,6238.02
219,SOL/INR,1h,SHORT,2025-02-02 09:30:00+05:30,2025-02-02 11:30:00+05:30,207.57,17331.88,209.64,203.42,209.75,17513.95,STOP_LOSS,0.01,62.38,0.34192,5926.12,-62.25,7.03,-69.28,-69.28,6238.02,6168.74
220,SOL/INR,1h,SHORT,2025-02-02 13:30:00+05:30,2025-02-02 15:30:00+05:30,211.49,17659.01,213.6,207.26,213.71,17844.52,STOP_LOSS,0.01,61.69,0.331859,5860.3,-61.56,6.95,-68.51,-68.51,6168.74,6100.23
221,SOL/INR,1h,SHORT,2025-02-02 22:30:00+05:30,2025-02-03 00:30:00+05:30,206.29,17225.15,208.35,202.16,202.26,16889.09,TARGET_HIT,0.01,61.0,0.336439,5795.22,113.06,6.77,106.29,106.29,6100.23,6206.52
222,SOL/INR,1h,SHORT,2025-02-03 07:30:00+05:30,2025-02-03 09:30:00+05:30,182.6,15246.73,184.42,178.94,184.51,15406.9,STOP_LOSS,0.01,62.07,0.386718,5896.19,-61.94,6.99,-68.93,-68.93,6206.52,6137.59
223,SOL/INR,1h,SHORT,2025-02-03 15:30:00+05:30,2025-02-03 17:30:00+05:30,194.4,16232.13,196.34,190.51,196.44,16402.65,STOP_LOSS,0.01,61.38,0.359208,5830.71,-61.25,6.92,-68.17,-68.17,6137.59,6069.42
224,SOL/INR,1h,LONG,2025-02-04 03:30:00+05:30,2025-02-04 06:30:00+05:30,217.88,18192.95,215.7,222.24,215.59,18002.01,STOP_LOSS,0.01,60.69,0.316933,5765.95,-60.51,6.77,-67.28,-67.28,6069.42,6002.14
225,SOL/INR,1h,SHORT,2025-02-04 14:30:00+05:30,2025-02-04 16:30:00+05:30,202.95,16946.25,204.98,198.89,205.08,17124.27,STOP_LOSS,0.01,60.02,0.336477,5702.03,-59.9,6.76,-66.66,-66.66,6002.14,5935.47
226,SOL/INR,1h,SHORT,2025-02-05 07:30:00+05:30,2025-02-05 21:30:00+05:30,205.81,17185.16,207.87,201.69,201.79,16849.88,TARGET_HIT,0.01,59.35,0.328114,5638.7,110.01,6.59,103.42,103.42,5935.47,6038.89
227,SOL/INR,1h,SHORT,2025-02-06 04:30:00+05:30,2025-02-06 06:30:00+05:30,195.78,16347.81,197.74,191.87,197.84,16519.54,STOP_LOSS,0.01,60.39,0.350931,5736.95,-60.27,6.81,-67.07,-67.07,6038.89,5971.82
228,SOL/INR,1h,SHORT,2025-02-06 14:30:00+05:30,2025-02-06 19:30:00+05:30,201.18,16798.38,203.19,197.15,197.25,16470.64,TARGET_HIT,0.01,59.72,0.337725,5673.23,110.68,6.63,104.06,104.06,5971.82,6075.88
229,SOL/INR,1h,SHORT,2025-02-07 04:30:00+05:30,2025-02-07 06:30:00+05:30,190.6,15915.21,192.51,186.79,192.6,16082.4,STOP_LOSS,0.01,60.76,0.362677,5772.08,-60.64,6.85,-67.48,-67.48,6075.88,6008.4
230,SOL/INR,1h,SHORT,2025-02-07 11:30:00+05:30,2025-02-07 13:30:00+05:30,192.41,16065.88,194.33,188.56,194.43,16234.65,STOP_LOSS,0.01,60.08,0.355286,5707.98,-59.96,6.77,-66.73,-66.73,6008.4,5941.66
231,SOL/INR,1h,SHORT,2025-02-08 10:30:00+05:30,2025-02-08 14:30:00+05:30,191.79,16014.35,193.71,187.95,193.8,16182.58,STOP_LOSS,0.01,59.42,0.35247,5644.58,-59.3,6.7,-65.99,-65.99,5941.66,5875.67
232,SOL/INR,1h,LONG,2025-02-09 06:30:00+05:30,2025-02-09 08:30:00+05:30,200.43,16736.23,198.43,204.44,204.34,17062.42,TARGET_HIT,0.01,58.76,0.333521,5581.89,108.79,6.65,102.14,102.14,5875.67,5977.81
233,SOL/INR,1h,SHORT,2025-02-09 23:30:00+05:30,2025-02-10 01:30:00+05:30,199.96,16696.34,201.96,195.96,199.28,16639.7,INTRADAY_SQUAREOFF,0.01,59.78,0.34013,5678.92,19.26,6.69,12.57,12.57,5977.81,5990.38
234,SOL/INR,1h,SHORT,2025-02-10 03:30:00+05:30,2025-02-10 05:30:00+05:30,194.19,16214.91,196.13,190.31,196.23,16385.25,STOP_LOSS,0.01,59.9,0.350965,5690.87,-59.78,6.75,-66.53,-66.53,5990.38,5923.85
235,SOL/INR,1h,LONG,2025-02-11 07:30:00+05:30,2025-02-11 09:30:00+05:30,204.68,17090.87,202.63,208.77,202.53,16911.5,STOP_LOSS,0.01,59.24,0.329279,5627.66,-59.06,6.61,-65.67,-65.67,5923.85,5858.18
236,SOL/INR,1h,LONG,2025-02-11 17:30:00+05:30,2025-02-11 19:30:00+05:30,203.31,16976.65,201.28,207.38,201.18,16798.48,STOP_LOSS,0.01,58.58,0.327819,5565.27,-58.41,6.53,-64.94,-64.94,5858.18,5793.24
237,SOL/INR,1h,SHORT,2025-02-12 08:30:00+05:30,2025-02-12 16:30:00+05:30,195.12,16292.81,197.07,191.22,197.17,16463.97,STOP_LOSS,0.01,57.93,0.337792,5503.58,-57.82,6.53,-64.34,-64.34,5793.24,5728.9
238,SOL/INR,1h,SHORT,2025-02-13 00:30:00+05:30,2025-02-13 02:30:00+05:30,192.95,16111.19,194.88,189.09,194.98,16280.44,STOP_LOSS,0.01,57.29,0.337806,5442.46,-57.17,6.46,-63.63,-63.63,5728.9,5665.27
239,SOL/INR,1h,SHORT,2025-02-13 06:30:00+05:30,2025-02-13 08:30:00+05:30,195.18,16297.12,197.13,191.27,197.23,16468.32,STOP_LOSS,0.01,56.65,0.330243,5382.01,-56.54,6.38,-62.92,-62.92,5665.27,5602.35
240,SOL/INR,1h,SHORT,2025-02-13 10:30:00+05:30,2025-02-13 17:30:00+05:30,195.38,16314.19,197.33,191.47,191.57,15995.9,TARGET_HIT,0.01,56.02,0.326233,5322.23,103.84,6.22,97.62,97.62,5602.35,5699.97
241,SOL/INR,1h,LONG,2025-02-14 12:30:00+05:30,2025-02-14 15:30:00+05:30,196.36,16396.22,194.4,200.29,200.19,16715.78,TARGET_HIT,0.01,57.0,0.330257,5414.97,105.54,6.45,99.09,99.09,5699.97,5799.05
242,SOL/INR,1h,LONG,2025-02-14 20:30:00+05:30,2025-02-14 22:30:00+05:30,200.45,16737.7,198.45,204.46,204.36,17063.92,TARGET_HIT,0.01,57.99,0.329143,5509.1,107.37,6.56,100.81,100.81,5799.05,5899.86
243,SOL/INR,1h,SHORT,2025-02-15 23:30:00+05:30,2025-02-16 01:30:00+05:30,193.45,16153.22,195.39,189.58,194.3,16223.81,INTRADAY_SQUAREOFF,0.01,59.0,0.346981,5604.87,-24.49,6.63,-31.12,-31.12,5899.86,5868.74
244,SOL/INR,1h,SHORT,2025-02-16 08:30:00+05:30,2025-02-16 10:30:00+05:30,193.39,16147.96,195.32,189.52,195.42,16317.59,STOP_LOSS,0.01,58.69,0.345264,5575.3,-58.57,6.61,-65.18,-65.18,5868.74,5803.56
245,SOL/INR,1h,SHORT,2025-02-16 13:30:00+05:30,2025-02-16 23:30:00+05:30,192.62,16083.44,194.54,188.76,188.86,15769.65,TARGET_HIT,0.01,58.04,0.342799,5513.38,107.57,6.44,101.12,101.12,5803.56,5904.68
246,SOL/INR,1h,SHORT,2025-02-17 08:30:00+05:30,2025-02-17 10:30:00+05:30,187.14,15626.46,189.01,183.4,183.49,15321.58,TARGET_HIT,0.01,59.05,0.358971,5609.45,109.44,6.55,102.89,102.89,5904.68,6007.57
247,SOL/INR,1h,SHORT,2025-02-17 16:30:00+05:30,2025-02-17 18:30:00+05:30,183.36,15310.65,185.19,179.69,185.29,15471.49,STOP_LOSS,0.01,60.08,0.372759,5707.19,-59.95,6.77,-66.72,-66.72,6007.57,5940.84
248,SOL/INR,1h,SHORT,2025-02-18 05:30:00+05:30,2025-02-18 10:30:00+05:30,177.57,14827.26,179.35,174.02,174.11,14537.98,TARGET_HIT,0.01,59.41,0.380637,5643.8,110.11,6.59,103.52,103.52,5940.84,6044.36
249,SOL/INR,1h,SHORT,2025-02-18 14:30:00+05:30,2025-02-18 16:30:00+05:30,163.73,13671.09,165.36,160.45,165.45,13814.7,STOP_LOSS,0.01,60.44,0.420021,5742.14,-60.32,6.81,-67.13,-67.13,6044.36,5977.23
250,SOL/INR,1h,SHORT,2025-02-18 20:30:00+05:30,2025-02-18 22:30:00+05:30,166.12,13870.84,167.78,162.8,162.88,13600.22,TARGET_HIT,0.01,59.77,0.409374,5678.37,110.78,6.64,104.15,104.15,5977.23,6081.38
251,SOL/INR,1h,SHORT,2025-02-19 09:30:00+05:30,2025-02-19 12:30:00+05:30,167.15,13957.22,168.82,163.81,168.91,14103.84,STOP_LOSS,0.01,60.81,0.41393,5777.31,-60.69,6.85,-67.54,-67.54,6081.38,6013.83
252,SOL/INR,1h,LONG,2025-02-21 05:30:00+05:30,2025-02-21 07:30:00+05:30,176.47,14735.02,174.7,180.0,174.62,14580.38,STOP_LOSS,0.01,60.14,0.387725,5713.14,-59.96,6.71,-66.67,-66.67,6013.83,5947.17
253,SOL/INR,1h,LONG,2025-02-21 11:30:00+05:30,2025-02-21 14:30:00+05:30,175.4,14645.61,173.64,178.9,178.82,14931.05,TARGET_HIT,0.01,59.47,0.385768,5649.81,110.11,6.73,103.38,103.38,5947.17,6050.55
254,SOL/INR,1h,LONG,2025-02-21 19:30:00+05:30,2025-02-21 21:30:00+05:30,180.34,15058.0,178.53,183.94,178.44,14899.96,STOP_LOSS,0.01,60.51,0.381726,5748.02,-60.33,6.75,-67.07,-67.07,6050.55,5983.48
255,SOL/INR,1h,SHORT,2025-02-22 01:30:00+05:30,2025-02-22 05:30:00+05:30,168.42,14063.0,170.1,165.05,170.19,14210.73,STOP_LOSS,0.01,59.83,0.404203,5684.3,-59.71,6.74,-66.46,-66.46,5983.48,5917.02
256,SOL/INR,1h,SHORT,2025-02-22 12:30:00+05:30,2025-02-22 14:30:00+05:30,170.85,14266.22,172.56,167.44,172.65,14416.09,STOP_LOSS,0.01,59.17,0.39402,5621.17,-59.05,6.67,-65.72,-65.72,5917.02,5851.3
257,SOL/INR,1h,SHORT,2025-02-22 19:30:00+05:30,2025-02-23 00:30:00+05:30,172.81,14429.85,174.54,169.36,173.0,14445.78,INTRADAY_SQUAREOFF,0.01,58.51,0.385225,5558.74,-6.14,6.56,-12.7,-12.7,5851.3,5838.61
258,SOL/INR,1h,SHORT,2025-02-23 05:30:00+05:30,2025-02-23 20:30:00+05:30,172.06,14366.73,173.78,168.62,168.7,14086.44,TARGET_HIT,0.01,58.39,0.386078,5546.68,108.22,6.48,101.73,101.73,5838.61,5940.34
259,SOL/INR,1h,SHORT,2025-02-24 06:30:00+05:30,2025-02-24 08:30:00+05:30,166.8,13927.46,168.46,163.46,163.54,13655.74,TARGET_HIT,0.01,59.4,0.405194,5643.32,110.1,6.59,103.51,103.51,5940.34,6043.85
260,SOL/INR,1h,SHORT,2025-02-24 14:30:00+05:30,2025-02-24 18:30:00+05:30,158.21,13210.38,159.79,155.04,159.87,13349.15,STOP_LOSS,0.01,60.44,0.434632,5741.65,-60.32,6.81,-67.13,-67.13,6043.85,5976.72
261,SOL/INR,1h,SHORT,2025-02-25 00:30:00+05:30,2025-02-25 03:30:00+05:30,152.03,12694.34,153.55,148.99,149.06,12446.67,TARGET_HIT,0.01,59.77,0.447277,5677.88,110.78,6.63,104.14,104.14,5976.72,6080.86
262,SOL/INR,1h,SHORT,2025-02-25 15:30:00+05:30,2025-02-25 17:30:00+05:30,133.99,11188.5,135.33,131.31,135.4,11306.03,STOP_LOSS,0.01,60.81,0.516318,5776.82,-60.69,6.85,-67.54,-67.54,6080.86,6013.32
263,SOL/INR,1h,SHORT,2025-02-26 23:30:00+05:30,2025-02-27 01:30:00+05:30,133.29,11129.75,134.62,130.62,134.69,11246.67,STOP_LOSS,0.01,60.13,0.513278,5712.66,-60.01,6.78,-66.79,-66.79,6013.32,5946.54
264,SOL/INR,1h,SHORT,2025-02-27 05:30:00+05:30,2025-02-27 07:30:00+05:30,134.53,11233.02,135.87,131.84,135.94,11351.02,STOP_LOSS,0.01,59.47,0.502911,5649.21,-59.34,6.7,-66.05,-66.05,5946.54,5880.49
265,SOL/INR,1h,LONG,2025-02-27 16:30:00+05:30,2025-02-27 18:30:00+05:30,142.09,11864.32,140.67,144.93,140.6,11739.8,STOP_LOSS,0.01,58.8,0.470863,5586.47,-58.63,6.56,-65.19,-65.19,5880.49,5815.3
266,SOL/INR,1h,LONG,2025-02-27 21:30:00+05:30,2025-02-27 23:30:00+05:30,140.49,11731.04,139.09,143.3,139.02,11607.92,STOP_LOSS,0.01,58.15,0.470933,5524.54,-57.98,6.48,-64.46,-64.46,5815.3,5750.84
267,SOL/INR,1h,SHORT,2025-02-28 16:30:00+05:30,2025-02-28 18:30:00+05:30,130.07,10860.69,131.37,127.47,131.43,10974.78,STOP_LOSS,0.01,57.51,0.503034,5463.3,-57.39,6.48,-63.87,-63.87,5750.84,5686.96
268,SOL/INR,1h,LONG,2025-03-01 00:30:00+05:30,2025-03-01 06:30:00+05:30,146.82,12259.32,145.35,149.75,149.68,12498.26,TARGET_HIT,0.01,56.87,0.440695,5402.62,105.3,6.44,98.86,98.86,5686.96,5785.82
269,SOL/INR,1h,LONG,2025-03-02 21:30:00+05:30,2025-03-02 23:30:00+05:30,161.23,13462.46,159.61,164.45,164.37,13724.85,TARGET_HIT,0.01,57.86,0.408286,5496.53,107.13,6.55,100.58,100.58,5785.82,5886.4
270,SOL/INR,1h,LONG,2025-03-03 01:30:00+05:30,2025-03-03 03:30:00+05:30,172.28,14385.09,170.55,175.72,175.63,14665.45,TARGET_HIT,0.01,58.86,0.388742,5592.08,108.99,6.66,102.33,102.33,5886.4,5988.73
271,SOL/INR,1h,SHORT,2025-03-03 20:30:00+05:30,2025-03-03 22:30:00+05:30,157.42,13144.24,158.99,154.27,159.07,13282.32,STOP_LOSS,0.01,59.89,0.432835,5689.29,-59.77,6.75,-66.51,-66.51,5988.73,5922.22
272,SOL/INR,1h,SHORT,2025-03-04 03:30:00+05:30,2025-03-04 05:30:00+05:30,139.76,11670.18,141.16,136.97,141.23,11792.78,STOP_LOSS,0.01,59.22,0.482092,5626.1,-59.1,6.67,-65.78,-65.78,5922.22,5856.44
273,SOL/INR,1h,SHORT,2025-03-04 07:30:00+05:30,2025-03-04 10:30:00+05:30,135.72,11332.6,137.08,133.01,137.15,11451.65,STOP_LOSS,0.01,58.56,0.490939,5563.62,-58.45,6.6,-65.05,-65.05,5856.44,5791.39
274,SOL/INR,1h,SHORT,2025-03-04 13:30:00+05:30,2025-03-04 16:30:00+05:30,135.79,11338.27,137.15,133.07,137.21,11457.38,STOP_LOSS,0.01,57.91,0.485244,5501.82,-57.8,6.53,-64.32,-64.32,5791.39,5727.07
275,SOL/INR,1h,LONG,2025-03-05 03:30:00+05:30,2025-03-05 05:30:00+05:30,146.41,12225.26,144.95,149.34,144.87,12096.96,STOP_LOSS,0.01,57.27,0.445039,5440.72,-57.1,6.39,-63.49,-63.49,5727.07,5663.58
276,SOL/INR,1h,LONG,2025-03-05 12:30:00+05:30,2025-03-05 15:30:00+05:30,143.72,12001.0,142.29,146.6,146.53,12234.9,TARGET_HIT,0.01,56.64,0.44833,5380.41,104.86,6.41,98.45,98.45,5663.58,5762.04
277,SOL/INR,1h,LONG,2025-03-06 10:30:00+05:30,2025-03-06 18:30:00+05:30,150.0,12525.29,148.5,153.0,148.43,12393.84,STOP_LOSS,0.01,57.62,0.437031,5473.94,-57.45,6.43,-63.87,-63.87,5762.04,5698.16
278,SOL/INR,1h,LONG,2025-03-06 21:30:00+05:30,2025-03-06 23:30:00+05:30,149.58,12489.82,148.08,152.57,148.01,12358.74,STOP_LOSS,0.01,56.98,0.433413,5413.26,-56.81,6.35,-63.17,-63.17,5698.16,5635.0
279,SOL/INR,1h,SHORT,2025-03-07 05:30:00+05:30,2025-03-07 07:30:00+05:30,143.28,11963.97,144.71,140.42,140.49,11730.55,TARGET_HIT,0.01,56.35,0.447447,5353.25,104.44,6.26,98.19,98.19,5635.0,5733.18
280,SOL/INR,1h,SHORT,2025-03-09 15:30:00+05:30,2025-03-09 17:30:00+05:30,137.99,11522.17,139.37,135.23,135.3,11297.38,TARGET_HIT,0.01,57.33,0.472699,5446.52,106.26,6.36,99.9,99.9,5733.18,5833.08
281,SOL/INR,1h,SHORT,2025-03-10 14:30:00+05:30,2025-03-10 16:30:00+05:30,126.09,10528.42,127.35,123.57,127.41,10639.03,STOP_LOSS,0.01,58.33,0.52633,5541.43,-58.21,6.57,-64.79,-64.79,5833.08,5768.3
282,SOL/INR,1h,SHORT,2025-03-10 19:30:00+05:30,2025-03-10 21:30:00+05:30,124.95,10433.47,126.2,122.45,122.51,10229.92,TARGET_HIT,0.01,57.68,0.525221,5479.88,106.91,6.4,100.51,100.51,5768.3,5868.8
283,SOL/INR,1h,SHORT,2025-03-11 06:30:00+05:30,2025-03-11 08:30:00+05:30,113.17,9449.3,114.3,110.9,114.35,9548.57,STOP_LOSS,0.01,58.69,0.590029,5575.36,-58.57,6.61,-65.18,-65.18,5868.8,5803.62
284,SOL/INR,1h,LONG,2025-03-12 07:30:00+05:30,2025-03-12 09:30:00+05:30,126.78,10585.97,125.51,129.31,125.45,10474.87,STOP_LOSS,0.01,58.04,0.520825,5513.44,-57.86,6.47,-64.34,-64.34,5803.62,5739.29
285,SOL/INR,1h,LONG,2025-03-12 13:30:00+05:30,2025-03-12 16:30:00+05:30,123.39,10302.93,122.15,125.86,125.79,10503.73,TARGET_HIT,0.01,57.39,0.529201,5452.32,106.27,6.5,99.77,99.77,5739.29,5839.06
286,SOL/INR,1h,LONG,2025-03-13 04:30:00+05:30,2025-03-13 06:30:00+05:30,126.66,10575.7,125.39,129.19,125.33,10464.71,STOP_LOSS,0.01,58.39,0.524514,5547.1,-58.22,6.51,-64.73,-64.73,5839.06,5774.33
287,SOL/INR,1h,LONG,2025-03-13 13:30:00+05:30,2025-03-13 15:30:00+05:30,124.49,10395.12,123.25,126.98,126.92,10597.72,TARGET_HIT,0.01,57.74,0.52771,5485.61,106.91,6.54,100.38,100.38,5774.33,5874.71
288,SOL/INR,1h,SHORT,2025-03-14 01:30:00+05:30,2025-03-14 03:30:00+05:30,121.15,10116.15,122.36,118.73,122.42,10222.42,STOP_LOSS,0.01,58.75,0.551689,5580.97,-58.63,6.62,-65.25,-65.25,5874.71,5809.46
289,SOL/INR,1h,SHORT,2025-03-14 09:30:00+05:30,2025-03-14 13:30:00+05:30,124.22,10372.02,125.46,121.73,125.52,10480.98,STOP_LOSS,0.01,58.09,0.532103,5518.99,-57.98,6.55,-64.52,-64.52,5809.46,5744.93
290,SOL/INR,1h,LONG,2025-03-15 00:30:00+05:30,2025-03-15 13:30:00+05:30,134.15,11201.24,132.81,136.83,132.74,11083.68,STOP_LOSS,0.01,57.45,0.48724,5457.69,-57.28,6.41,-63.68,-63.68,5744.93,5681.25
291,SOL/INR,1h,LONG,2025-03-15 17:30:00+05:30,2025-03-15 22:30:00+05:30,133.58,11154.32,132.25,136.26,136.19,11371.71,TARGET_HIT,0.01,56.81,0.483865,5397.19,105.19,6.43,98.76,98.76,5681.25,5780.01
292,SOL/INR,1h,LONG,2025-03-16 02:30:00+05:30,2025-03-16 12:30:00+05:30,135.48,11312.83,134.13,138.19,134.06,11194.11,STOP_LOSS,0.01,57.8,0.485379,5491.01,-57.63,6.45,-64.07,-64.07,5780.01,5715.94
293,SOL/INR,1h,SHORT,2025-03-17 01:30:00+05:30,2025-03-17 05:30:00+05:30,126.45,10558.48,127.71,123.92,127.78,10669.39,STOP_LOSS,0.01,57.16,0.514292,5430.14,-57.04,6.44,-63.48,-63.48,5715.94,5652.45
294,SOL/INR,1h,SHORT,2025-03-17 18:30:00+05:30,2025-03-17 23:30:00+05:30,127.44,10641.43,128.72,124.89,128.78,10753.22,STOP_LOSS,0.01,56.52,0.504615,5369.83,-56.41,6.37,-62.78,-62.78,5652.45,5589.67
295,SOL/INR,1h,SHORT,2025-03-18 10:30:00+05:30,2025-03-18 13:30:00+05:30,123.9,10345.34,125.14,121.42,125.2,10454.02,STOP_LOSS,0.01,55.9,0.513293,5310.19,-55.78,6.3,-62.08,-62.08,5589.67,5527.59
296,SOL/INR,1h,SHORT,2025-03-18 15:30:00+05:30,2025-03-18 18:30:00+05:30,124.89,10428.51,126.14,122.39,122.46,10225.05,TARGET_HIT,0.01,55.28,0.503544,5251.21,102.45,6.14,96.32,96.32,5527.59,5623.9
297,SOL/INR,1h,LONG,2025-03-19 19:30:00+05:30,2025-03-19 23:30:00+05:30,130.94,10933.3,129.63,133.56,129.56,10818.56,STOP_LOSS,0.01,56.24,0.488664,5342.71,-56.07,6.27,-62.34,-62.34,5623.9,5561.56
298,SOL/INR,1h,LONG,2025-03-20 04:30:00+05:30,2025-03-20 06:30:00+05:30,134.87,11261.83,133.52,137.57,133.46,11143.64,STOP_LOSS,0.01,55.62,0.46915,5283.48,-55.45,6.2,-61.65,-61.65,5561.56,5499.91
299,SOL/INR,1h,LONG,2025-03-20 08:30:00+05:30,2025-03-20 15:30:00+05:30,134.26,11210.92,132.92,136.95,132.85,11093.26,STOP_LOSS,0.01,55.0,0.466056,5224.91,-54.84,6.13,-60.97,-60.97,5499.91,5438.94
300,SOL/INR,1h,SHORT,2025-03-21 03:30:00+05:30,2025-03-21 07:30:00+05:30,127.51,10646.77,128.78,124.96,128.85,10758.61,STOP_LOSS,0.01,54.39,0.485311,5166.99,-54.28,6.13,-60.41,-60.41,5438.94,5378.53
301,SOL/INR,1h,SHORT,2025-03-21 15:30:00+05:30,2025-03-21 23:30:00+05:30,127.53,10648.9,128.81,124.98,128.87,10760.77,STOP_LOSS,0.01,53.79,0.479825,5109.61,-53.68,6.06,-59.74,-59.74,5378.53,5318.8
302,SOL/INR,1h,LONG,2025-03-23 12:30:00+05:30,2025-03-23 16:30:00+05:30,130.99,10937.36,129.68,133.61,133.54,11150.53,TARGET_HIT,0.01,53.19,0.461981,5052.86,98.48,6.02,92.46,92.46,5318.8,5411.26
303,SOL/INR,1h,LONG,2025-03-24 08:30:00+05:30,2025-03-24 10:30:00+05:30,135.06,11277.63,133.71,137.76,137.69,11497.44,TARGET_HIT,0.01,54.11,0.455831,5140.69,100.19,6.13,94.07,94.07,5411.26,5505.32
304,SOL/INR,1h,LONG,2025-03-24 14:30:00+05:30,2025-03-24 16:30:00+05:30,140.68,11747.06,139.28,143.5,143.43,11976.01,TARGET_HIT,0.01,55.05,0.445222,5230.06,101.93,6.23,95.7,95.7,5505.32,5601.02
305,SOL/INR,1h,LONG,2025-03-24 19:30:00+05:30,2025-03-24 21:30:00+05:30,144.29,12048.4,142.85,147.18,142.78,11921.95,STOP_LOSS,0.01,56.01,0.441633,5320.97,-55.84,6.25,-62.09,-62.09,5601.02,5538.93
306,SOL/INR,1h,LONG,2025-03-25 01:30:00+05:30,2025-03-25 03:30:00+05:30,142.87,11930.05,141.45,145.73,141.38,11804.84,STOP_LOSS,0.01,55.39,0.44107,5261.99,-55.22,6.18,-61.4,-61.4,5538.93,5477.53
307,SOL/INR,1h,LONG,2025-03-25 06:30:00+05:30,2025-03-25 08:30:00+05:30,142.3,11881.8,140.87,145.14,140.8,11757.11,STOP_LOSS,0.01,54.78,0.437952,5203.66,-54.61,6.11,-60.72,-60.72,5477.53,5416.81
308,SOL/INR,1h,LONG,2025-03-25 19:30:00+05:30,2025-03-25 21:30:00+05:30,145.9,12183.03,144.45,148.82,144.37,12055.17,STOP_LOSS,0.01,54.17,0.422389,5145.97,-54.01,6.04,-60.05,-60.05,5416.81,5356.77
309,SOL/INR,1h,LONG,2025-03-26 06:30:00+05:30,2025-03-26 08:30:00+05:30,144.54,12068.9,143.09,147.43,143.02,11942.24,STOP_LOSS,0.01,53.57,0.421656,5088.93,-53.41,5.97,-59.38,-59.38,5356.77,5297.38
310,SOL/INR,1h,LONG,2025-03-26 12:30:00+05:30,2025-03-26 18:30:00+05:30,144.29,12047.98,142.84,147.17,142.77,11921.53,STOP_LOSS,0.01,52.97,0.417706,5032.51,-52.82,5.91,-58.72,-58.72,5297.38,5238.66
311,SOL/INR,1h,SHORT,2025-03-26 23:30:00+05:30,2025-03-27 01:30:00+05:30,137.98,11521.29,139.36,135.22,137.72,11500.02,INTRADAY_SQUAREOFF,0.01,52.39,0.431959,4976.73,9.19,5.87,3.32,3.32,5238.66,5241.98
312,SOL/INR,1h,SHORT,2025-03-27 16:30:00+05:30,2025-03-27 19:30:00+05:30,137.53,11484.02,138.91,134.78,138.98,11604.66,STOP_LOSS,0.01,52.42,0.433636,4979.88,-52.31,5.91,-58.22,-58.22,5241.98,5183.76
313,SOL/INR,1h,SHORT,2025-03-27 23:30:00+05:30,2025-03-28 01:30:00+05:30,137.48,11479.36,138.85,134.73,138.92,11599.95,STOP_LOSS,0.01,51.84,0.428993,4924.57,-51.73,5.84,-57.57,-57.57,5183.76,5126.18
314,SOL/INR,1h,SHORT,2025-03-28 05:30:00+05:30,2025-03-28 09:30:00+05:30,138.08,11529.97,139.46,135.32,135.39,11305.02,TARGET_HIT,0.01,51.26,0.422367,4869.87,95.01,5.69,89.32,89.32,5126.18,5215.5
315,SOL/INR,1h,SHORT,2025-03-28 19:30:00+05:30,2025-03-29 00:30:00+05:30,129.85,10842.43,131.15,127.25,129.59,10820.68,INTRADAY_SQUAREOFF,0.01,52.16,0.456976,4954.73,9.94,5.84,4.1,4.1,5215.5,5219.6
316,SOL/INR,1h,SHORT,2025-03-29 07:30:00+05:30,2025-03-29 11:30:00+05:30,129.25,10792.74,130.55,126.67,126.73,10582.18,TARGET_HIT,0.01,52.2,0.45944,4958.62,96.74,5.79,90.95,90.95,5219.6,5310.55
317,SOL/INR,1h,SHORT,2025-03-29 16:30:00+05:30,2025-03-30 00:30:00+05:30,125.72,10497.46,126.98,123.2,125.06,10442.61,INTRADAY_SQUAREOFF,0.01,53.11,0.480594,5045.02,26.36,5.94,20.42,20.42,5310.55,5330.97
318,SOL/INR,1h,SHORT,2025-03-30 04:30:00+05:30,2025-03-30 06:30:00+05:30,123.03,10272.74,124.26,120.57,124.32,10380.66,STOP_LOSS,0.01,53.31,0.492996,5064.42,-53.2,6.01,-59.21,-59.21,5330.97,5271.76
319,SOL/INR,1h,SHORT,2025-03-30 13:30:00+05:30,2025-03-31 00:30:00+05:30,125.27,10460.15,126.52,122.77,126.59,10570.04,STOP_LOSS,0.01,52.72,0.478786,5008.18,-52.61,5.94,-58.55,-58.55,5271.76,5213.21
320,SOL/INR,1h,LONG,2025-04-01 21:30:00+05:30,2025-04-01 23:30:00+05:30,130.06,10860.18,128.76,132.66,128.7,10746.21,STOP_LOSS,0.01,52.13,0.456028,4952.55,-51.98,5.81,-57.79,-57.79,5213.21,5155.42
321,SOL/INR,1h,LONG,2025-04-02 04:30:00+05:30,2025-04-02 06:30:00+05:30,127.14,10615.89,125.87,129.68,125.8,10504.48,STOP_LOSS,0.01,51.55,0.461351,4897.65,-51.4,5.75,-57.15,-57.15,5155.42,5098.27
322,SOL/INR,1h,SHORT,2025-04-02 11:30:00+05:30,2025-04-02 13:30:00+05:30,123.61,10321.43,124.85,121.14,124.91,10429.85,STOP_LOSS,0.01,50.98,0.469253,4843.36,-50.88,5.75,-56.62,-56.62,5098.27,5041.65
323,SOL/INR,1h,SHORT,2025-04-03 11:30:00+05:30,2025-04-03 15:30:00+05:30,118.95,9932.5,120.14,116.57,116.63,9738.72,TARGET_HIT,0.01,50.42,0.482211,4789.56,93.44,5.6,87.85,87.85,5041.65,5129.49
324,SOL/INR,1h,SHORT,2025-04-03 20:30:00+05:30,2025-04-03 22:30:00+05:30,112.48,9392.14,113.61,110.23,113.66,9490.8,STOP_LOSS,0.01,51.29,0.51884,4873.02,-51.19,5.78,-56.97,-56.97,5129.49,5072.52
325,SOL/INR,1h,SHORT,2025-04-04 06:30:00+05:30,2025-04-04 12:30:00+05:30,115.97,9683.64,117.13,113.65,117.19,9785.37,STOP_LOSS,0.01,50.73,0.497633,4818.9,-50.62,5.72,-56.34,-56.34,5072.52,5016.18
326,SOL/INR,1h,LONG,2025-04-05 02:30:00+05:30,2025-04-05 04:30:00+05:30,123.77,10335.21,122.54,126.25,122.48,10226.74,STOP_LOSS,0.01,50.16,0.461082,4765.38,-50.01,5.59,-55.61,-55.61,5016.18,4960.58
327,SOL/INR,1h,LONG,2025-04-05 13:30:00+05:30,2025-04-05 17:30:00+05:30,121.16,10117.14,119.95,123.59,119.89,10010.96,STOP_LOSS,0.01,49.61,0.465799,4712.55,-49.46,5.53,-54.99,-54.99,4960.58,4905.59
328,SOL/INR,1h,SHORT,2025-04-06 18:30:00+05:30,2025-04-06 21:30:00+05:30,116.47,9725.38,117.64,114.14,114.2,9535.64,TARGET_HIT,0.01,49.06,0.47919,4660.31,90.92,5.45,85.48,85.48,4905.59,4991.07
329,SOL/INR,1h,SHORT,2025-04-07 02:30:00+05:30,2025-04-07 04:30:00+05:30,106.39,8883.53,107.45,104.26,104.31,8710.21,TARGET_HIT,0.01,49.91,0.533742,4741.51,92.51,5.54,86.97,86.97,4991.07,5078.03
330,SOL/INR,1h,SHORT,2025-04-07 09:30:00+05:30,2025-04-07 11:30:00+05:30,102.4,8550.66,103.43,100.36,100.41,8383.84,TARGET_HIT,0.01,50.78,0.564182,4824.13,94.12,5.64,88.48,88.48,5078.03,5166.51
331,SOL/INR,1h,LONG,2025-04-08 07:30:00+05:30,2025-04-08 11:30:00+05:30,111.2,9284.96,110.09,113.42,110.03,9187.52,STOP_LOSS,0.01,51.67,0.528617,4908.19,-51.51,5.76,-57.27,-57.27,5166.51,5109.24
332,SOL/INR,1h,LONG,2025-04-08 17:30:00+05:30,2025-04-08 19:30:00+05:30,111.7,9326.61,110.58,113.93,110.52,9228.73,STOP_LOSS,0.01,51.09,0.520423,4853.78,-50.94,5.7,-56.64,-56.64,5109.24,5052.6
333,SOL/INR,1h,SHORT,2025-04-09 01:30:00+05:30,2025-04-09 03:30:00+05:30,103.41,8634.32,104.44,101.34,104.49,8725.03,STOP_LOSS,0.01,50.53,0.555918,4799.97,-50.42,5.69,-56.12,-56.12,5052.6,4996.49
334,SOL/INR,1h,SHORT,2025-04-09 06:30:00+05:30,2025-04-09 09:30:00+05:30,104.36,8714.15,105.4,102.27,105.46,8805.69,STOP_LOSS,0.01,49.96,0.544707,4746.66,-49.86,5.63,-55.49,-55.49,4996.49,4940.99
335,SOL/INR,1h,SHORT,2025-04-09 17:30:00+05:30,2025-04-09 19:30:00+05:30,102.88,8590.32,103.91,100.82,103.96,8680.56,STOP_LOSS,0.01,49.41,0.546422,4693.94,-49.31,5.57,-54.88,-54.88,4940.99,4886.11
336,SOL/INR,1h,SHORT,2025-04-11 06:30:00+05:30,2025-04-11 08:30:00+05:30,112.21,9369.53,113.33,109.97,113.39,9467.96,STOP_LOSS,0.01,48.86,0.495415,4641.81,-48.76,5.51,-54.27,-54.27,4886.11,4831.85
337,SOL/INR,1h,LONG,2025-04-11 14:30:00+05:30,2025-04-11 18:30:00+05:30,117.33,9796.99,116.16,119.68,119.62,9987.93,TARGET_HIT,0.01,48.32,0.468537,4590.25,89.46,5.47,83.99,83.99,4831.85,4915.84
338,SOL/INR,1h,LONG,2025-04-11 23:30:00+05:30,2025-04-12 01:30:00+05:30,121.73,10164.82,120.52,124.17,120.64,10073.04,INTRADAY_SQUAREOFF,0.01,49.16,0.459433,4670.05,-42.17,5.49,-47.65,-47.65,4915.84,4868.19
339,SOL/INR,1h,LONG,2025-04-12 05:30:00+05:30,2025-04-12 07:30:00+05:30,121.69,10161.21,120.47,124.12,120.41,10054.56,STOP_LOSS,0.01,48.68,0.455141,4624.78,-48.54,5.43,-53.97,-53.97,4868.19,4814.22
340,SOL/INR,1h,LONG,2025-04-12 10:30:00+05:30,2025-04-12 13:30:00+05:30,122.59,10236.32,121.36,125.04,124.98,10435.82,TARGET_HIT,0.01,48.14,0.446793,4573.51,89.14,5.45,83.69,83.69,4814.22,4897.91
341,SOL/INR,1h,LONG,2025-04-12 18:30:00+05:30,2025-04-12 20:30:00+05:30,126.17,10534.99,124.91,128.69,128.63,10740.32,TARGET_HIT,0.01,48.98,0.441672,4653.02,90.69,5.54,85.14,85.14,4897.91,4983.05
342,SOL/INR,1h,LONG,2025-04-13 00:30:00+05:30,2025-04-13 03:30:00+05:30,130.96,10934.8,129.65,133.57,133.51,11147.92,TARGET_HIT,0.01,49.83,0.432921,4733.9,92.26,5.64,86.62,86.62,4983.05,5069.68
343,SOL/INR,1h,LONG,2025-04-13 15:30:00+05:30,2025-04-13 17:30:00+05:30,131.49,10979.36,130.17,134.12,130.11,10864.13,STOP_LOSS,0.01,50.7,0.438659,4816.19,-50.55,5.65,-56.2,-56.2,5069.68,5013.48
344,SOL/INR,1h,LONG,2025-04-14 16:30:00+05:30,2025-04-14 18:30:00+05:30,133.95,11184.43,132.61,136.62,132.54,11067.05,STOP_LOSS,0.01,50.13,0.425842,4762.8,-49.99,5.59,-55.58,-55.58,5013.48,4957.9
345,SOL/INR,1h,LONG,2025-04-15 07:30:00+05:30,2025-04-15 14:30:00+05:30,130.41,10889.47,129.11,133.02,132.95,11101.7,TARGET_HIT,0.01,49.58,0.432529,4710.01,91.8,5.61,86.19,86.19,4957.9,5044.09
346,SOL/INR,1h,SHORT,2025-04-16 04:30:00+05:30,2025-04-16 19:30:00+05:30,126.1,10529.29,127.36,123.58,127.42,10639.9,STOP_LOSS,0.01,50.44,0.4551,4791.88,-50.34,5.68,-56.02,-56.02,5044.09,4988.07
347,SOL/INR,1h,LONG,2025-04-17 11:30:00+05:30,2025-04-17 19:30:00+05:30,133.35,11134.74,132.02,136.02,131.95,11017.88,STOP_LOSS,0.01,49.88,0.425575,4738.66,-49.73,5.56,-55.29,-55.29,4988.07,4932.77
348,SOL/INR,1h,LONG,2025-04-17 21:30:00+05:30,2025-04-18 00:30:00+05:30,133.7,11163.98,132.36,136.37,132.3,11046.81,STOP_LOSS,0.01,49.33,0.419755,4686.13,-49.18,5.5,-54.68,-54.68,4932.77,4878.09
349,SOL/INR,1h,LONG,2025-04-18 02:30:00+05:30,2025-04-18 04:30:00+05:30,135.13,11283.12,133.78,137.83,133.71,11164.71,STOP_LOSS,0.01,48.78,0.410718,4634.18,-48.64,5.44,-54.08,-54.08,4878.09,4824.01
350,SOL/INR,1h,LONG,2025-04-18 13:30:00+05:30,2025-04-18 19:30:00+05:30,134.93,11266.91,133.58,137.63,133.52,11148.67,STOP_LOSS,0.01,48.24,0.40675,4582.81,-48.1,5.38,-53.48,-53.48,4824.01,4770.54
351,SOL/INR,1h,LONG,2025-04-19 03:30:00+05:30,2025-04-19 07:30:00+05:30,134.36,11218.97,133.02,137.05,136.98,11437.62,TARGET_HIT,0.01,47.71,0.40396,4532.01,88.33,5.4,82.93,82.93,4770.54,4853.47
352,SOL/INR,1h,LONG,2025-04-19 13:30:00+05:30,2025-04-20 00:30:00+05:30,138.96,11602.79,137.57,141.73,138.51,11565.74,INTRADAY_SQUAREOFF,0.01,48.53,0.397387,4610.79,-14.72,5.43,-20.16,-20.16,4853.47,4833.31
353,SOL/INR,1h,SHORT,2025-04-20 21:30:00+05:30,2025-04-21 00:30:00+05:30,135.71,11332.0,137.07,133.0,136.54,11400.8,INTRADAY_SQUAREOFF,0.01,48.33,0.405193,4591.64,-27.88,5.43,-33.31,-33.31,4833.31,4800.0
354,SOL/INR,1h,SHORT,2025-04-21 04:30:00+05:30,2025-04-21 06:30:00+05:30,136.49,11397.0,137.86,133.76,137.92,11516.73,STOP_LOSS,0.01,48.0,0.400105,4560.0,-47.9,5.41,-53.31,-53.31,4800.0,4746.68
355,SOL/INR,1h,LONG,2025-04-21 10:30:00+05:30,2025-04-21 15:30:00+05:30,141.01,11774.12,139.6,143.83,139.53,11650.55,STOP_LOSS,0.01,47.47,0.382988,4509.35,-47.33,5.29,-52.62,-52.62,4746.68,4694.07
356,SOL/INR,1h,SHORT,2025-04-22 04:30:00+05:30,2025-04-22 06:30:00+05:30,136.03,11358.68,137.39,133.31,137.46,11478.01,STOP_LOSS,0.01,46.94,0.392595,4459.36,-46.85,5.29,-52.14,-52.14,4694.07,4641.93
357,SOL/INR,1h,LONG,2025-04-23 03:30:00+05:30,2025-04-23 09:30:00+05:30,148.07,12363.48,146.58,151.03,150.95,12604.44,TARGET_HIT,0.01,46.42,0.356682,4409.83,85.95,5.25,80.69,80.69,4641.93,4722.62
358,SOL/INR,1h,LONG,2025-04-23 14:30:00+05:30,2025-04-23 18:30:00+05:30,152.63,12744.72,151.11,155.68,151.03,12610.97,STOP_LOSS,0.01,47.23,0.352028,4486.49,-47.09,5.27,-52.35,-52.35,4722.62,4670.27
359,SOL/INR,1h,LONG,2025-04-24 02:30:00+05:30,2025-04-24 06:30:00+05:30,151.18,12623.67,149.67,154.21,149.6,12491.19,STOP_LOSS,0.01,46.7,0.351463,4436.76,-46.56,5.21,-51.77,-51.77,4670.27,4618.5
360,SOL/INR,1h,LONG,2025-04-25 12:30:00+05:30,2025-04-25 21:30:00+05:30,153.85,12846.74,152.31,156.93,152.24,12711.91,STOP_LOSS,0.01,46.18,0.341532,4387.57,-46.05,5.15,-51.2,-51.2,4618.5,4567.3
361,SOL/INR,1h,SHORT,2025-04-27 00:30:00+05:30,2025-04-27 10:30:00+05:30,148.77,12421.95,150.25,145.79,145.86,12179.6,TARGET_HIT,0.01,45.67,0.349296,4338.94,84.65,5.07,79.58,79.58,4567.3,4646.88
362,SOL/INR,1h,SHORT,2025-04-27 17:30:00+05:30,2025-04-27 19:30:00+05:30,148.12,12367.93,149.6,145.16,149.67,12497.85,STOP_LOSS,0.01,46.47,0.356935,4414.54,-46.37,5.24,-51.61,-51.61,4646.88,4595.27
363,SOL/INR,1h,SHORT,2025-04-27 22:30:00+05:30,2025-04-28 00:30:00+05:30,148.36,12388.16,149.84,145.39,149.92,12518.3,STOP_LOSS,0.01,45.95,0.352394,4365.51,-45.86,5.18,-51.04,-51.04,4595.27,4544.24
364,SOL/INR,1h,SHORT,2025-04-29 10:30:00+05:30,2025-04-29 12:30:00+05:30,146.4,12224.11,147.86,143.47,147.93,12352.52,STOP_LOSS,0.01,45.44,0.353157,4317.02,-45.35,5.12,-50.47,-50.47,4544.24,4493.76
365,SOL/INR,1h,SHORT,2025-04-29 18:30:00+05:30,2025-04-29 21:30:00+05:30,147.92,12351.69,149.4,144.97,149.48,12481.44,STOP_LOSS,0.01,44.94,0.345627,4269.08,-44.85,5.06,-49.91,-49.91,4493.76,4443.85
366,SOL/INR,1h,SHORT,2025-04-30 18:30:00+05:30,2025-04-30 21:30:00+05:30,144.71,12083.35,146.16,141.82,141.89,11847.61,TARGET_HIT,0.01,44.44,0.349378,4221.66,82.36,4.93,77.43,77.43,4443.85,4521.29
367,SOL/INR,1h,LONG,2025-05-01 11:30:00+05:30,2025-05-01 18:30:00+05:30,149.37,12472.29,147.88,152.36,152.28,12715.38,TARGET_HIT,0.01,45.21,0.344381,4295.22,83.71,5.12,78.6,78.6,4521.29,4599.88
368,SOL/INR,1h,LONG,2025-05-01 20:30:00+05:30,2025-05-01 22:30:00+05:30,153.25,12796.21,151.72,156.31,151.64,12661.91,STOP_LOSS,0.01,46.0,0.341499,4369.89,-45.86,5.13,-50.99,-50.99,4599.88,4548.89
369,SOL/INR,1h,LONG,2025-05-02 03:30:00+05:30,2025-05-02 11:30:00+05:30,150.98,12606.81,149.47,154.0,149.4,12474.5,STOP_LOSS,0.01,45.49,0.342787,4321.45,-45.35,5.07,-50.43,-50.43,4548.89,4498.46
370,SOL/INR,1h,SHORT,2025-05-03 03:30:00+05:30,2025-05-03 07:30:00+05:30,147.44,12310.86,148.91,144.49,148.98,12440.19,STOP_LOSS,0.01,44.98,0.347136,4273.54,-44.89,5.07,-49.96,-49.96,4498.46,4448.5
371,SOL/INR,1h,SHORT,2025-05-03 11:30:00+05:30,2025-05-04 00:30:00+05:30,147.7,12333.29,149.18,144.75,146.79,12257.3,INTRADAY_SQUAREOFF,0.01,44.49,0.342656,4226.08,26.04,4.97,21.07,21.07,4448.5,4469.57
372,SOL/INR,1h,SHORT,2025-05-04 05:30:00+05:30,2025-05-05 00:30:00+05:30,146.71,12250.08,148.17,143.77,146.81,12258.39,INTRADAY_SQUAREOFF,0.01,44.7,0.346617,4246.09,-2.88,5.01,-7.89,-7.89,4469.57,4461.68
373,SOL/INR,1h,SHORT,2025-05-05 04:30:00+05:30,2025-05-05 10:30:00+05:30,145.09,12115.01,146.54,142.19,146.61,12242.28,STOP_LOSS,0.01,44.62,0.349863,4238.59,-44.53,5.03,-49.55,-49.55,4461.68,4412.12
374,SOL/INR,1h,SHORT,2025-05-05 21:30:00+05:30,2025-05-05 23:30:00+05:30,143.37,11971.26,144.8,140.5,144.87,12097.02,STOP_LOSS,0.01,44.12,0.350131,4191.51,-44.03,4.97,-49.0,-49.0,4412.12,4363.12
375,SOL/INR,1h,LONG,2025-05-07 13:30:00+05:30,2025-05-07 20:30:00+05:30,147.31,12300.29,145.84,150.25,145.76,12171.19,STOP_LOSS,0.01,43.63,0.336981,4144.96,-43.5,4.87,-48.37,-48.37,4363.12,4314.75
376,SOL/INR,1h,LONG,2025-05-08 03:30:00+05:30,2025-05-08 08:30:00+05:30,147.57,12321.83,146.09,150.52,150.44,12561.98,TARGET_HIT,0.01,43.15,0.332663,4099.01,79.89,4.88,75.01,75.01,4314.75,4389.76
377,SOL/INR,1h,LONG,2025-05-08 13:30:00+05:30,2025-05-08 15:30:00+05:30,151.9,12683.71,150.38,154.94,154.86,12930.92,TARGET_HIT,0.01,43.9,0.328789,4170.27,81.28,4.97,76.31,76.31,4389.76,4466.07
378,SOL/INR,1h,LONG,2025-05-09 02:30:00+05:30,2025-05-09 04:30:00+05:30,162.84,13597.06,161.21,166.1,161.13,13454.35,STOP_LOSS,0.01,44.66,0.312035,4242.76,-44.53,4.98,-49.51,-49.51,4466.07,4416.56
379,SOL/INR,1h,LONG,2025-05-09 12:30:00+05:30,2025-05-09 15:30:00+05:30,164.32,13721.09,162.68,167.61,167.53,13988.51,TARGET_HIT,0.01,44.17,0.305787,4195.73,81.77,5.0,76.78,76.78,4416.56,4493.33
380,SOL/INR,1h,LONG,2025-05-09 19:30:00+05:30,2025-05-09 21:30:00+05:30,173.09,14452.75,171.36,176.55,171.27,14301.07,STOP_LOSS,0.01,44.93,0.295353,4268.67,-44.8,5.01,-49.81,-49.81,4493.33,4443.52
381,SOL/INR,1h,LONG,2025-05-09 23:30:00+05:30,2025-05-10 01:30:00+05:30,171.94,14357.11,170.22,175.38,171.65,14332.59,INTRADAY_SQUAREOFF,0.01,44.44,0.294025,4221.35,-7.21,4.98,-12.19,-12.19,4443.52,4431.33
382,SOL/INR,1h,LONG,2025-05-10 04:30:00+05:30,2025-05-10 06:30:00+05:30,173.5,14487.11,171.76,176.97,171.68,14335.07,STOP_LOSS,0.01,44.31,0.290587,4209.77,-44.18,4.94,-49.12,-49.12,4431.33,4382.21
383,SOL/INR,1h,LONG,2025-05-10 13:30:00+05:30,2025-05-10 16:30:00+05:30,172.51,14404.31,170.78,175.96,170.7,14253.13,STOP_LOSS,0.01,43.82,0.289018,4163.1,-43.69,4.89,-48.58,-48.58,4382.21,4333.63
384,SOL/INR,1h,LONG,2025-05-10 18:30:00+05:30,2025-05-11 00:30:00+05:30,171.28,14301.6,169.56,174.7,172.42,14397.22,INTRADAY_SQUAREOFF,0.01,43.34,0.287867,4116.95,27.53,4.87,22.65,22.65,4333.63,4356.29
385,SOL/INR,1h,LONG,2025-05-11 02:30:00+05:30,2025-05-11 04:30:00+05:30,172.94,14440.86,171.22,176.4,176.32,14722.31,TARGET_HIT,0.01,43.56,0.286581,4138.47,80.66,4.93,75.73,75.73,4356.29,4432.02
386,SOL/INR,1h,SHORT,2025-05-12 04:30:00+05:30,2025-05-12 06:30:00+05:30,171.48,14318.39,173.19,168.05,173.28,14468.81,STOP_LOSS,0.01,44.32,0.294056,4210.41,-44.23,4.99,-49.22,-49.22,4432.02,4382.79
387,SOL/INR,1h,LONG,2025-05-14 10:30:00+05:30,2025-05-14 13:30:00+05:30,181.89,15187.45,180.07,185.52,179.98,15028.05,STOP_LOSS,0.01,43.83,0.274151,4163.65,-43.7,4.89,-48.58,-48.58,4382.79,4334.21
388,SOL/INR,1h,SHORT,2025-05-15 04:30:00+05:30,2025-05-15 06:30:00+05:30,175.47,14651.53,177.22,171.96,177.31,14805.44,STOP_LOSS,0.01,43.34,0.281028,4117.5,-43.25,4.88,-48.14,-48.14,4334.21,4286.07
389,SOL/INR,1h,SHORT,2025-05-15 09:30:00+05:30,2025-05-15 12:30:00+05:30,174.22,14547.3,175.96,170.73,170.82,14263.49,TARGET_HIT,0.01,42.86,0.279898,4071.76,79.44,4.76,74.68,74.68,4286.07,4360.75
390,SOL/INR,1h,SHORT,2025-05-16 00:30:00+05:30,2025-05-16 05:30:00+05:30,169.45,14149.02,171.14,166.06,171.23,14297.65,STOP_LOSS,0.01,43.61,0.292792,4142.71,-43.52,4.91,-48.43,-48.43,4360.75,4312.32
391,SOL/INR,1h,SHORT,2025-05-16 14:30:00+05:30,2025-05-16 16:30:00+05:30,169.64,14165.24,171.34,166.25,171.43,14314.05,STOP_LOSS,0.01,43.12,0.289208,4096.7,-43.04,4.86,-47.9,-47.9,4312.32,4264.42
392,SOL/INR,1h,SHORT,2025-05-16 20:30:00+05:30,2025-05-17 00:30:00+05:30,171.12,14288.52,172.83,167.7,170.53,14239.28,INTRADAY_SQUAREOFF,0.01,42.64,0.283528,4051.2,13.96,4.77,9.19,9.19,4264.42,4273.61
393,SOL/INR,1h,SHORT,2025-05-17 02:30:00+05:30,2025-05-17 06:30:00+05:30,169.01,14112.11,170.7,165.63,165.71,13836.78,TARGET_HIT,0.01,42.74,0.287691,4059.93,79.21,4.74,74.47,74.47,4273.61,4348.07
394,SOL/INR,1h,SHORT,2025-05-17 11:30:00+05:30,2025-05-17 13:30:00+05:30,167.49,13985.28,169.16,164.14,169.25,14132.2,STOP_LOSS,0.01,43.48,0.295358,4130.67,-43.39,4.9,-48.29,-48.29,4348.07,4299.78
395,SOL/INR,1h,SHORT,2025-05-17 19:30:00+05:30,2025-05-18 00:30:00+05:30,165.91,13853.31,167.57,162.59,165.8,13844.48,INTRADAY_SQUAREOFF,0.01,43.0,0.294861,4084.79,2.6,4.82,-2.21,-2.21,4299.78,4297.57
396,SOL/INR,1h,LONG,2025-05-18 18:30:00+05:30,2025-05-18 20:30:00+05:30,171.64,14332.13,169.93,175.08,174.99,14611.47,TARGET_HIT,0.01,42.98,0.284863,4082.69,79.57,4.86,74.71,74.71,4297.57,4372.27
397,SOL/INR,1h,SHORT,2025-05-19 18:30:00+05:30,2025-05-19 20:30:00+05:30,160.29,13384.45,161.9,157.09,161.98,13525.05,STOP_LOSS,0.01,43.72,0.310335,4153.66,-43.63,4.93,-48.56,-48.56,4372.27,4323.71
398,SOL/INR,1h,LONG,2025-05-20 21:30:00+05:30,2025-05-20 23:30:00+05:30,167.23,13963.62,165.56,170.57,165.47,13817.07,STOP_LOSS,0.01,43.24,0.294159,4107.53,-43.11,4.82,-47.93,-47.93,4323.71,4275.78
399,SOL/INR,1h,LONG,2025-05-21 17:30:00+05:30,2025-05-21 20:30:00+05:30,169.66,14166.45,167.96,173.05,172.96,14442.55,TARGET_HIT,0.01,42.76,0.286733,4061.99,79.17,4.84,74.33,74.33,4275.78,4350.11
400,SOL/INR,1h,LONG,2025-05-22 13:30:00+05:30,2025-05-23 00:30:00+05:30,178.59,14912.25,176.8,182.16,179.48,14986.48,INTRADAY_SQUAREOFF,0.01,43.5,0.277128,4132.61,20.57,4.89,15.68,15.68,4350.11,4365.79
401,SOL/INR,1h,LONG,2025-05-23 05:30:00+05:30,2025-05-23 07:30:00+05:30,179.97,15027.13,178.17,183.56,183.47,15320.01,TARGET_HIT,0.01,43.66,0.276001,4147.5,80.83,4.94,75.89,75.89,4365.79,4441.69
402,SOL/INR,1h,LONG,2025-05-23 14:30:00+05:30,2025-05-23 16:30:00+05:30,186.42,15565.65,184.55,190.14,184.46,15402.29,STOP_LOSS,0.01,44.42,0.271084,4219.6,-44.28,4.95,-49.24,-49.24,4441.69,4392.45
403,SOL/INR,1h,SHORT,2025-05-24 00:30:00+05:30,2025-05-24 04:30:00+05:30,178.6,14912.77,180.38,175.02,175.11,14621.82,TARGET_HIT,0.01,43.92,0.279816,4172.83,81.41,4.88,76.54,76.54,4392.45,4468.99
404,SOL/INR,1h,SHORT,2025-05-24 12:30:00+05:30,2025-05-24 14:30:00+05:30,173.81,14513.14,175.55,170.33,175.64,14665.6,STOP_LOSS,0.01,44.69,0.292531,4245.54,-44.6,5.04,-49.64,-49.64,4468.99,4419.35
405,SOL/INR,1h,SHORT,2025-05-25 13:30:00+05:30,2025-05-26 00:30:00+05:30,172.03,14364.84,173.75,168.59,171.78,14343.42,INTRADAY_SQUAREOFF,0.01,44.19,0.292268,4198.38,6.26,4.95,1.31,1.31,4419.35,4420.66
406,SOL/INR,1h,LONG,2025-05-26 10:30:00+05:30,2025-05-26 21:30:00+05:30,177.36,14809.34,175.58,180.9,175.5,14653.91,STOP_LOSS,0.01,44.21,0.28358,4199.63,-44.08,4.93,-49.0,-49.0,4420.66,4371.66
407,SOL/INR,1h,SHORT,2025-05-27 07:30:00+05:30,2025-05-27 09:30:00+05:30,171.6,14329.0,173.32,168.17,173.41,14479.52,STOP_LOSS,0.01,43.72,0.289837,4153.07,-43.63,4.93,-48.55,-48.55,4371.66,4323.1
408,SOL/INR,1h,LONG,2025-05-27 21:30:00+05:30,2025-05-28 00:30:00+05:30,178.6,14913.1,176.81,182.17,178.59,14911.96,INTRADAY_SQUAREOFF,0.01,43.23,0.275392,4106.95,-0.31,4.85,-5.16,-5.16,4323.1,4317.94
409,SOL/INR,1h,SHORT,2025-05-28 19:30:00+05:30,2025-05-29 00:30:00+05:30,172.76,14425.48,174.49,169.31,170.12,14205.27,INTRADAY_SQUAREOFF,0.01,43.18,0.284361,4102.04,62.62,4.8,57.82,57.82,4317.94,4375.76
410,SOL/INR,1h,LONG,2025-05-29 14:30:00+05:30,2025-05-29 18:30:00+05:30,173.16,14458.47,171.42,176.62,171.34,14306.73,STOP_LOSS,0.01,43.76,0.287511,4156.97,-43.63,4.88,-48.51,-48.51,4375.76,4327.25
411,SOL/INR,1h,SHORT,2025-05-30 05:30:00+05:30,2025-05-30 12:30:00+05:30,166.31,13886.84,167.97,162.98,163.06,13615.9,TARGET_HIT,0.01,43.27,0.296028,4110.89,80.2,4.8,75.4,75.4,4327.25,4402.65
412,SOL/INR,1h,SHORT,2025-05-30 19:30:00+05:30,2025-05-30 21:30:00+05:30,160.9,13435.51,162.51,157.69,157.77,13173.39,TARGET_HIT,0.01,44.03,0.311303,4182.52,81.6,4.89,76.71,76.71,4402.65,4479.36
413,SOL/INR,1h,SHORT,2025-05-31 02:30:00+05:30,2025-05-31 04:30:00+05:30,159.9,13351.9,161.5,156.7,156.78,13091.41,TARGET_HIT,0.01,44.79,0.318711,4255.4,83.02,4.97,78.05,78.05,4479.36,4557.41
414,SOL/INR,1h,SHORT,2025-05-31 15:30:00+05:30,2025-05-31 18:30:00+05:30,153.76,12838.72,155.29,150.68,155.37,12973.59,STOP_LOSS,0.01,45.57,0.337225,4329.54,-45.48,5.14,-50.62,-50.62,4557.41,4506.8
415,SOL/INR,1h,SHORT,2025-06-01 18:30:00+05:30,2025-06-01 20:30:00+05:30,150.88,12598.12,152.38,147.86,152.46,12730.46,STOP_LOSS,0.01,45.07,0.339849,4281.46,-44.98,5.08,-50.06,-50.06,4506.8,4456.74
416,SOL/INR,1h,LONG,2025-06-02 03:30:00+05:30,2025-06-02 09:30:00+05:30,157.14,13121.57,155.57,160.29,155.5,12983.86,STOP_LOSS,0.01,44.57,0.322667,4233.9,-44.43,4.97,-49.4,-49.4,4456.74,4407.34
417,SOL/INR,1h,LONG,2025-06-03 11:30:00+05:30,2025-06-03 19:30:00+05:30,159.68,13333.23,158.08,162.87,162.79,13593.1,TARGET_HIT,0.01,44.07,0.314025,4186.97,81.6,4.99,76.62,76.62,4407.34,4483.95
418,SOL/INR,1h,SHORT,2025-06-04 17:30:00+05:30,2025-06-04 20:30:00+05:30,155.92,13019.47,157.48,152.8,157.56,13156.24,STOP_LOSS,0.01,44.84,0.327183,4259.75,-44.75,5.05,-49.8,-49.8,4483.95,4434.15
419,SOL/INR,1h,SHORT,2025-06-04 23:30:00+05:30,2025-06-05 01:30:00+05:30,155.77,13006.46,157.32,152.65,155.73,13003.74,INTRADAY_SQUAREOFF,0.01,44.34,0.323873,4212.44,0.88,4.97,-4.09,-4.09,4434.15,4430.06
420,SOL/INR,1h,SHORT,2025-06-05 04:30:00+05:30,2025-06-05 18:30:00+05:30,153.44,12812.32,154.98,150.37,150.45,12562.35,TARGET_HIT,0.01,44.3,0.328477,4208.56,82.11,4.92,77.19,77.19,4430.06,4507.25
421,SOL/INR,1h,SHORT,2025-06-05 22:30:00+05:30,2025-06-06 00:30:00+05:30,148.72,12418.08,150.21,145.75,149.57,12489.13,INTRADAY_SQUAREOFF,0.01,45.07,0.344811,4281.89,-24.5,5.07,-29.57,-29.57,4507.25,4477.69
422,SOL/INR,1h,LONG,2025-06-07 18:30:00+05:30,2025-06-07 20:30:00+05:30,152.45,12729.34,150.92,155.5,150.85,12595.75,STOP_LOSS,0.01,44.78,0.334173,4253.8,-44.64,4.99,-49.64,-49.64,4477.69,4428.05
423,SOL/INR,1h,LONG,2025-06-08 07:30:00+05:30,2025-06-08 14:30:00+05:30,150.33,12552.8,148.83,153.34,148.76,12421.06,STOP_LOSS,0.01,44.28,0.335116,4206.65,-44.15,4.94,-49.09,-49.09,4428.05,4378.96
424,SOL/INR,1h,LONG,2025-06-10 03:30:00+05:30,2025-06-10 10:30:00+05:30,159.55,13322.41,157.95,162.74,157.88,13182.59,STOP_LOSS,0.01,43.79,0.312257,4160.02,-43.66,4.88,-48.54,-48.54,4378.96,4330.42
425,SOL/INR,1h,LONG,2025-06-10 15:30:00+05:30,2025-06-10 19:30:00+05:30,159.05,13280.62,157.46,162.23,157.38,13141.24,STOP_LOSS,0.01,43.3,0.309767,4113.9,-43.18,4.83,-48.0,-48.0,4330.42,4282.42
426,SOL/INR,1h,LONG,2025-06-10 23:30:00+05:30,2025-06-11 01:30:00+05:30,158.6,13242.95,157.01,161.77,161.69,13501.05,TARGET_HIT,0.01,42.82,0.307205,4068.3,79.29,4.85,74.44,74.44,4282.42,4356.86
427,SOL/INR,1h,LONG,2025-06-11 09:30:00+05:30,2025-06-11 11:30:00+05:30,167.31,13970.74,165.64,170.66,165.56,13824.12,STOP_LOSS,0.01,43.57,0.296263,4139.02,-43.44,4.86,-48.3,-48.3,4356.86,4308.56
428,SOL/INR,1h,LONG,2025-06-11 18:30:00+05:30,2025-06-11 22:30:00+05:30,167.36,13974.2,165.68,170.7,165.6,13827.54,STOP_LOSS,0.01,43.09,0.292907,4093.14,-42.96,4.8,-47.76,-47.76,4308.56,4260.8
429,SOL/INR,1h,SHORT,2025-06-12 17:30:00+05:30,2025-06-12 19:30:00+05:30,157.63,13162.52,159.21,154.48,159.29,13300.79,STOP_LOSS,0.01,42.61,0.307522,4047.76,-42.52,4.8,-47.32,-47.32,4260.8,4213.48
430,SOL/INR,1h,SHORT,2025-06-12 21:30:00+05:30,2025-06-12 23:30:00+05:30,156.61,13076.77,158.17,153.48,158.25,13214.14,STOP_LOSS,0.01,42.13,0.3061,4002.8,-42.05,4.75,-46.8,-46.8,4213.48,4166.68
431,SOL/INR,1h,SHORT,2025-06-13 06:30:00+05:30,2025-06-13 12:30:00+05:30,143.92,12016.91,145.35,141.04,145.43,12143.15,STOP_LOSS,0.01,41.67,0.329398,3958.35,-41.58,4.7,-46.28,-46.28,4166.68,4120.4
432,SOL/INR,1h,SHORT,2025-06-14 01:30:00+05:30,2025-06-14 03:30:00+05:30,144.88,12097.23,146.33,141.98,146.4,12224.32,STOP_LOSS,0.01,41.2,0.323577,3914.38,-41.12,4.64,-45.76,-45.76,4120.4,4074.64
433,SOL/INR,1h,SHORT,2025-06-14 07:30:00+05:30,2025-06-14 21:30:00+05:30,146.87,12263.83,148.34,143.93,144.01,12024.57,TARGET_HIT,0.01,40.75,0.315636,3870.91,75.52,4.52,71.0,71.0,4074.64,4145.64
434,SOL/INR,1h,LONG,2025-06-15 17:30:00+05:30,2025-06-15 19:30:00+05:30,146.64,12244.82,145.18,149.58,149.5,12483.47,TARGET_HIT,0.01,41.46,0.321634,3938.36,76.76,4.69,72.07,72.07,4145.64,4217.7
435,SOL/INR,1h,LONG,2025-06-16 00:30:00+05:30,2025-06-16 02:30:00+05:30,152.83,12761.13,151.3,155.88,151.22,12627.21,STOP_LOSS,0.01,42.18,0.313986,4006.82,-42.05,4.7,-46.75,-46.75,4217.7,4170.95
436,SOL/INR,1h,LONG,2025-06-16 07:30:00+05:30,2025-06-17 00:30:00+05:30,156.21,13043.92,154.65,159.34,158.03,13195.29,INTRADAY_SQUAREOFF,0.01,41.71,0.303774,3962.4,45.98,4.7,41.28,41.28,4170.95,4212.23
437,SOL/INR,1h,SHORT,2025-06-17 12:30:00+05:30,2025-06-17 18:30:00+05:30,152.79,12758.35,154.32,149.74,149.81,12509.44,TARGET_HIT,0.01,42.12,0.313647,4001.61,78.07,4.68,73.4,73.4,4212.23,4285.62
438,SOL/INR,1h,SHORT,2025-06-17 21:30:00+05:30,2025-06-18 00:30:00+05:30,147.12,12284.68,148.59,144.18,148.67,12413.73,STOP_LOSS,0.01,42.86,0.331416,4071.34,-42.77,4.83,-47.6,-47.6,4285.62,4238.02
439,SOL/INR,1h,SHORT,2025-06-18 04:30:00+05:30,2025-06-18 06:30:00+05:30,146.73,12252.02,148.2,143.8,148.27,12380.73,STOP_LOSS,0.01,42.38,0.328609,4026.12,-42.29,4.78,-47.07,-47.07,4238.02,4190.95
440,SOL/INR,1h,SHORT,2025-06-18 12:30:00+05:30,2025-06-18 18:30:00+05:30,147.03,12276.9,148.5,144.09,144.16,12037.38,TARGET_HIT,0.01,41.91,0.3243,3981.4,77.68,4.65,73.02,73.02,4190.95,4263.98
441,SOL/INR,1h,SHORT,2025-06-18 22:30:00+05:30,2025-06-19 00:30:00+05:30,144.58,12072.8,146.03,141.69,144.28,12047.57,INTRADAY_SQUAREOFF,0.01,42.64,0.335529,4050.78,8.47,4.77,3.69,3.69,4263.98,4267.67
442,SOL/INR,1h,SHORT,2025-06-19 05:30:00+05:30,2025-06-19 19:30:00+05:30,146.1,12199.54,147.56,143.18,143.25,11961.52,TARGET_HIT,0.01,42.68,0.332331,4054.28,79.1,4.74,74.36,74.36,4267.67,4342.03
443,SOL/INR,1h,LONG,2025-06-20 12:30:00+05:30,2025-06-20 15:30:00+05:30,145.65,12161.49,144.19,148.56,148.49,12398.52,TARGET_HIT,0.01,43.42,0.33918,4124.93,80.39,4.91,75.48,75.48,4342.03,4417.51
444,SOL/INR,1h,SHORT,2025-06-21 04:30:00+05:30,2025-06-21 06:30:00+05:30,138.88,11596.83,140.27,136.11,140.34,11718.66,STOP_LOSS,0.01,44.18,0.361878,4196.63,-44.09,4.98,-49.06,-49.06,4417.51,4368.45
445,SOL/INR,1h,SHORT,2025-06-21 18:30:00+05:30,2025-06-21 22:30:00+05:30,141.63,11825.93,143.04,138.8,138.86,11595.2,TARGET_HIT,0.01,43.68,0.350926,4150.02,80.97,4.85,76.12,76.12,4368.45,4444.56
446,SOL/INR,1h,SHORT,2025-06-22 03:30:00+05:30,2025-06-22 05:30:00+05:30,132.79,11088.14,134.12,130.14,134.19,11204.62,STOP_LOSS,0.01,44.45,0.380798,4222.34,-44.36,5.01,-49.36,-49.36,4444.56,4395.2
447,SOL/INR,1h,SHORT,2025-06-22 19:30:00+05:30,2025-06-22 21:30:00+05:30,127.65,10658.94,128.93,125.1,128.99,10770.91,STOP_LOSS,0.01,43.95,0.391731,4175.44,-43.86,4.95,-48.82,-48.82,4395.2,4346.38
448,SOL/INR,1h,LONG,2025-06-23 23:30:00+05:30,2025-06-24 01:30:00+05:30,137.04,11443.04,135.67,139.78,139.71,11666.06,TARGET_HIT,0.01,43.46,0.360836,4129.06,80.48,4.92,75.56,75.56,4346.38,4421.94
449,SOL/INR,1h,LONG,2025-06-24 11:30:00+05:30,2025-06-24 13:30:00+05:30,145.66,12162.39,144.2,148.57,144.13,12034.75,STOP_LOSS,0.01,44.22,0.345396,4200.84,-44.09,4.93,-49.02,-49.02,4421.94,4372.92
450,SOL/INR,1h,LONG,2025-06-24 17:30:00+05:30,2025-06-25 00:30:00+05:30,144.66,12079.03,143.21,147.55,143.14,11952.26,STOP_LOSS,0.01,43.73,0.343924,4154.27,-43.6,4.88,-48.48,-48.48,4372.92,4324.45
451,SOL/INR,1h,LONG,2025-06-25 02:30:00+05:30,2025-06-25 20:30:00+05:30,145.17,12122.11,143.72,148.08,143.65,11994.89,STOP_LOSS,0.01,43.24,0.338903,4108.22,-43.12,4.82,-47.94,-47.94,4324.45,4276.51
452,SOL/INR,1h,SHORT,2025-06-26 11:30:00+05:30,2025-06-26 13:30:00+05:30,144.18,12039.07,145.62,141.3,145.7,12165.54,STOP_LOSS,0.01,42.77,0.337458,4062.68,-42.68,4.82,-47.5,-47.5,4276.51,4229.01
453,SOL/INR,1h,SHORT,2025-06-26 18:30:00+05:30,2025-06-27 00:30:00+05:30,142.88,11930.39,144.31,140.02,141.64,11826.62,INTRADAY_SQUAREOFF,0.01,42.29,0.33675,4017.56,34.95,4.72,30.23,30.23,4229.01,4259.24
454,SOL/INR,1h,SHORT,2025-06-27 03:30:00+05:30,2025-06-27 08:30:00+05:30,139.78,11671.27,141.17,136.98,141.24,11793.88,STOP_LOSS,0.01,42.59,0.346687,4046.27,-42.51,4.8,-47.31,-47.31,4259.24,4211.93
455,SOL/INR,1h,SHORT,2025-06-27 11:30:00+05:30,2025-06-27 13:30:00+05:30,140.63,11742.8,142.04,137.82,142.11,11866.15,STOP_LOSS,0.01,42.12,0.340748,4001.33,-42.03,4.75,-46.78,-46.78,4211.93,4165.15
456,SOL/INR,1h,SHORT,2025-06-27 18:30:00+05:30,2025-06-27 20:30:00+05:30,141.28,11796.92,142.69,138.45,142.76,11920.84,STOP_LOSS,0.01,41.65,0.335417,3956.89,-41.57,4.69,-46.26,-46.26,4165.15,4118.89
457,SOL/INR,1h,LONG,2025-06-28 15:30:00+05:30,2025-06-28 18:30:00+05:30,147.52,12318.04,146.05,150.47,145.97,12188.77,STOP_LOSS,0.01,41.19,0.31766,3912.94,-41.07,4.59,-45.66,-45.66,4118.89,4073.23
458,SOL/INR,1h,LONG,2025-06-28 20:30:00+05:30,2025-06-28 22:30:00+05:30,147.08,12281.44,145.61,150.02,149.95,12520.81,TARGET_HIT,0.01,40.73,0.315074,3869.57,75.42,4.61,70.81,70.81,4073.23,4144.04
459,SOL/INR,1h,LONG,2025-06-29 03:30:00+05:30,2025-06-30 00:30:00+05:30,151.03,12610.87,149.52,154.05,151.98,12690.57,INTRADAY_SQUAREOFF,0.01,41.44,0.312178,3936.83,24.88,4.66,20.22,20.22,4144.04,4164.26
460,SOL/INR,1h,LONG,2025-06-30 05:30:00+05:30,2025-06-30 08:30:00+05:30,153.62,12827.14,152.08,156.69,152.01,12692.52,STOP_LOSS,0.01,41.64,0.308412,3956.05,-41.52,4.64,-46.16,-46.16,4164.26,4118.1
461,SOL/INR,1h,LONG,2025-07-01 01:30:00+05:30,2025-07-01 03:30:00+05:30,157.77,13174.12,156.2,160.93,156.12,13035.86,STOP_LOSS,0.01,41.18,0.29696,3912.19,-41.06,4.59,-45.65,-45.65,4118.1,4072.45
462,SOL/INR,1h,SHORT,2025-07-02 00:30:00+05:30,2025-07-02 06:30:00+05:30,146.31,12216.58,147.77,143.38,147.84,12344.92,STOP_LOSS,0.01,40.72,0.316686,3868.82,-40.64,4.59,-45.23,-45.23,4072.45,4027.21
463,SOL/INR,1h,LONG,2025-07-03 11:30:00+05:30,2025-07-03 17:30:00+05:30,155.91,13018.74,154.35,159.03,154.28,12882.11,STOP_LOSS,0.01,40.27,0.293873,3825.85,-40.15,4.49,-44.64,-44.64,4027.21,3982.57
464,SOL/INR,1h,SHORT,2025-07-04 05:30:00+05:30,2025-07-04 18:30:00+05:30,152.18,12706.9,153.7,149.13,149.21,12458.99,TARGET_HIT,0.01,39.83,0.297747,3783.44,73.81,4.42,69.39,69.39,3982.57,4051.97
465,SOL/INR,1h,SHORT,2025-07-05 19:30:00+05:30,2025-07-06 00:30:00+05:30,147.91,12350.75,149.39,144.95,146.56,12237.81,INTRADAY_SQUAREOFF,0.01,40.52,0.311671,3849.37,35.2,4.52,30.68,30.68,4051.97,4082.64
466,SOL/INR,1h,SHORT,2025-07-06 15:30:00+05:30,2025-07-06 17:30:00+05:30,146.93,12268.7,148.4,143.99,148.47,12397.59,STOP_LOSS,0.01,40.83,0.316131,3878.51,-40.74,4.6,-45.34,-45.34,4082.64,4037.3
467,SOL/INR,1h,LONG,2025-07-06 22:30:00+05:30,2025-07-07 00:30:00+05:30,153.13,12786.27,151.6,156.19,151.52,12652.08,STOP_LOSS,0.01,40.37,0.299965,3835.43,-40.25,4.5,-44.75,-44.75,4037.3,3992.54
468,SOL/INR,1h,LONG,2025-07-07 08:30:00+05:30,2025-07-07 11:30:00+05:30,152.72,12751.79,151.19,155.77,151.11,12617.96,STOP_LOSS,0.01,39.93,0.297442,3792.92,-39.81,4.45,-44.26,-44.26,3992.54,3948.29
469,SOL/INR,1h,LONG,2025-07-07 13:30:00+05:30,2025-07-07 21:30:00+05:30,152.32,12718.51,150.79,155.36,150.72,12585.03,STOP_LOSS,0.01,39.48,0.294914,3750.87,-39.37,4.4,-43.77,-43.77,3948.29,3904.52
470,SOL/INR,1h,SHORT,2025-07-08 08:30:00+05:30,2025-07-08 11:30:00+05:30,147.9,12349.62,149.38,144.94,149.45,12479.35,STOP_LOSS,0.01,39.05,0.300357,3709.29,-38.97,4.4,-43.37,-43.37,3904.52,3861.15
471,SOL/INR,1h,LONG,2025-07-09 05:30:00+05:30,2025-07-09 19:30:00+05:30,151.94,12687.06,150.42,154.98,154.9,12934.33,TARGET_HIT,0.01,38.61,0.289121,3668.09,71.49,4.37,67.12,67.12,3861.15,3928.27
472,SOL/INR,1h,LONG,2025-07-10 01:30:00+05:30,2025-07-10 22:30:00+05:30,157.55,13155.43,155.97,160.7,160.62,13411.83,TARGET_HIT,0.01,39.28,0.283674,3731.86,72.73,4.45,68.29,68.29,3928.27,3996.56
473,SOL/INR,1h,LONG,2025-07-11 03:30:00+05:30,2025-07-11 05:30:00+05:30,164.07,13699.44,162.42,167.35,162.34,13555.67,STOP_LOSS,0.01,39.97,0.277145,3796.73,-39.85,4.46,-44.3,-44.3,3996.56,3952.26
474,SOL/INR,1h,LONG,2025-07-11 08:30:00+05:30,2025-07-11 12:30:00+05:30,165.08,13783.9,163.43,168.38,163.34,13639.23,STOP_LOSS,0.01,39.52,0.272393,3754.64,-39.4,4.41,-43.81,-43.81,3952.26,3908.44
475,SOL/INR,1h,LONG,2025-07-11 19:30:00+05:30,2025-07-11 21:30:00+05:30,166.7,13919.19,165.03,170.03,164.95,13773.11,STOP_LOSS,0.01,39.08,0.266756,3713.02,-38.97,4.36,-43.33,-43.33,3908.44,3865.12
476,SOL/INR,1h,SHORT,2025-07-13 02:30:00+05:30,2025-07-13 04:30:00+05:30,159.1,13285.09,160.69,155.92,160.77,13424.65,STOP_LOSS,0.01,38.65,0.27639,3671.86,-38.57,4.36,-42.93,-42.93,3865.12,3822.19
477,SOL/INR,1h,LONG,2025-07-14 13:30:00+05:30,2025-07-14 19:30:00+05:30,167.59,13993.9,165.92,170.94,165.83,13847.03,STOP_LOSS,0.01,38.22,0.259476,3631.08,-38.11,4.26,-42.37,-42.37,3822.19,3779.82
478,SOL/INR,1h,SHORT,2025-07-15 13:30:00+05:30,2025-07-15 18:30:00+05:30,159.46,13314.77,161.05,156.27,161.13,13454.64,STOP_LOSS,0.01,37.8,0.269688,3590.83,-37.72,4.26,-41.98,-41.98,3779.82,3737.84
479,SOL/INR,1h,SHORT,2025-07-15 20:30:00+05:30,2025-07-15 22:30:00+05:30,157.56,13155.9,159.13,154.4,159.21,13294.11,STOP_LOSS,0.01,37.38,0.269913,3550.95,-37.3,4.21,-41.51,-41.51,3737.84,3696.32
480,SOL/INR,1h,SHORT,2025-07-16 01:30:00+05:30,2025-07-16 03:30:00+05:30,160.08,13366.4,161.68,156.88,161.76,13506.81,STOP_LOSS,0.01,36.96,0.262712,3511.51,-36.89,4.17,-41.05,-41.05,3696.32,3655.27
481,SOL/INR,1h,LONG,2025-07-16 12:30:00+05:30,2025-07-16 19:30:00+05:30,164.09,13701.16,162.44,167.37,167.28,13968.19,TARGET_HIT,0.01,36.55,0.253446,3472.51,67.68,4.14,63.54,63.54,3655.27,3718.81
482,SOL/INR,1h,LONG,2025-07-17 18:30:00+05:30,2025-07-17 20:30:00+05:30,177.53,14823.69,175.75,181.08,175.67,14668.12,STOP_LOSS,0.01,37.19,0.238326,3532.87,-37.08,4.15,-41.22,-41.22,3718.81,3677.59
483,SOL/INR,1h,LONG,2025-07-18 00:30:00+05:30,2025-07-18 05:30:00+05:30,174.83,14598.2,173.08,178.33,178.24,14882.72,TARGET_HIT,0.01,36.78,0.239324,3493.71,68.09,4.16,63.93,63.93,3677.59,3741.52
484,SOL/INR,1h,LONG,2025-07-18 09:30:00+05:30,2025-07-18 13:30:00+05:30,181.06,15118.76,179.25,184.68,179.16,14960.08,STOP_LOSS,0.01,37.42,0.235101,3554.44,-37.3,4.17,-41.48,-41.48,3741.52,3700.04
485,SOL/INR,1h,LONG,2025-07-18 18:30:00+05:30,2025-07-18 20:30:00+05:30,180.12,15040.05,178.32,183.72,178.23,14882.21,STOP_LOSS,0.01,37.0,0.233712,3515.04,-36.89,4.13,-41.02,-41.02,3700.04,3659.02
486,SOL/INR,1h,LONG,2025-07-20 18:30:00+05:30,2025-07-21 00:30:00+05:30,181.87,15185.86,180.05,185.5,182.24,15216.64,INTRADAY_SQUAREOFF,0.01,36.59,0.228902,3476.07,7.05,4.11,2.94,2.94,3659.02,3661.96
487,SOL/INR,1h,LONG,2025-07-21 08:30:00+05:30,2025-07-21 10:30:00+05:30,184.26,15385.52,182.42,187.94,187.85,15685.38,TARGET_HIT,0.01,36.62,0.226113,3478.87,67.8,4.15,63.66,63.66,3661.96,3725.62
488,SOL/INR,1h,LONG,2025-07-21 18:30:00+05:30,2025-07-21 20:30:00+05:30,191.86,16020.15,189.94,195.7,195.6,16332.38,TARGET_HIT,0.01,37.26,0.220931,3539.34,68.98,4.22,64.76,64.76,3725.62,3790.39
489,SOL/INR,1h,LONG,2025-07-22 03:30:00+05:30,2025-07-22 06:30:00+05:30,196.68,16422.52,194.71,200.61,194.61,16250.16,STOP_LOSS,0.01,37.9,0.219264,3600.87,-37.79,4.23,-42.02,-42.02,3790.39,3748.37
490,SOL/INR,1h,LONG,2025-07-22 16:30:00+05:30,2025-07-22 18:30:00+05:30,199.08,16622.97,197.09,203.06,202.96,16946.95,TARGET_HIT,0.01,37.48,0.214219,3560.95,69.4,4.24,65.16,65.16,3748.37,3813.53
491,SOL/INR,1h,LONG,2025-07-22 22:30:00+05:30,2025-07-23 00:30:00+05:30,204.13,17044.75,202.09,208.21,201.99,16865.86,STOP_LOSS,0.01,38.14,0.21255,3622.85,-38.02,4.25,-42.27,-42.27,3813.53,3771.25
492,SOL/INR,1h,SHORT,2025-07-23 22:30:00+05:30,2025-07-24 00:30:00+05:30,188.85,15769.29,190.74,185.08,190.25,15886.27,INTRADAY_SQUAREOFF,0.01,37.71,0.227194,3582.69,-26.58,4.24,-30.82,-30.82,3771.25,3740.44
493,SOL/INR,1h,SHORT,2025-07-24 10:30:00+05:30,2025-07-24 12:30:00+05:30,185.61,15498.54,187.47,181.9,181.99,15196.16,TARGET_HIT,0.01,37.4,0.229274,3553.41,69.33,4.15,65.17,65.17,3740.44,3805.61
494,SOL/INR,1h,SHORT,2025-07-25 20:30:00+05:30,2025-07-25 22:30:00+05:30,177.07,14785.13,178.84,173.53,178.93,14940.45,STOP_LOSS,0.01,38.06,0.244525,3615.33,-37.98,4.29,-42.27,-42.27,3805.61,3763.34
495,SOL/INR,1h,LONG,2025-07-26 08:30:00+05:30,2025-07-27 00:30:00+05:30,186.81,15598.67,184.94,190.55,186.09,15538.67,INTRADAY_SQUAREOFF,0.01,37.63,0.229197,3575.18,-13.75,4.21,-17.96,-17.96,3763.34,3745.38
496,SOL/INR,1h,LONG,2025-07-27 16:30:00+05:30,2025-07-27 18:30:00+05:30,188.46,15736.28,186.57,192.23,186.48,15571.13,STOP_LOSS,0.01,37.45,0.226109,3558.11,-37.34,4.18,-41.52,-41.52,3745.38,3703.86
497,SOL/INR,1h,LONG,2025-07-27 23:30:00+05:30,2025-07-28 01:30:00+05:30,188.29,15722.38,186.41,192.06,186.98,15612.54,INTRADAY_SQUAREOFF,0.01,37.04,0.2238,3518.67,-24.58,4.14,-28.72,-28.72,3703.86,3675.14
498,SOL/INR,1h,LONG,2025-07-28 08:30:00+05:30,2025-07-28 18:30:00+05:30,191.94,16026.85,190.02,195.78,189.92,15858.65,STOP_LOSS,0.01,36.75,0.217846,3491.38,-36.64,4.1,-40.74,-40.74,3675.14,3634.4
499,SOL/INR,1h,SHORT,2025-07-29 03:30:00+05:30,2025-07-29 12:30:00+05:30,183.68,15337.65,185.52,180.01,185.61,15498.78,STOP_LOSS,0.01,36.34,0.225111,3452.68,-36.27,4.1,-40.37,-40.37,3634.4,3594.03
500,SOL/INR,1h,SHORT,2025-07-29 15:30:00+05:30,2025-07-29 19:30:00+05:30,184.31,15389.86,186.15,180.62,180.71,15089.6,TARGET_HIT,0.01,35.94,0.221856,3414.33,66.61,3.99,62.62,62.62,3594.03,3656.66
501,SOL/INR,1h,SHORT,2025-07-30 02:30:00+05:30,2025-07-30 04:30:00+05:30,179.64,15000.2,181.44,176.05,181.53,15157.78,STOP_LOSS,0.01,36.57,0.231585,3473.83,-36.49,4.12,-40.61,-40.61,3656.66,3616.04
502,SOL/INR,1h,SHORT,2025-07-30 10:30:00+05:30,2025-07-30 12:30:00+05:30,180.23,15049.6,182.04,176.63,182.13,15207.69,STOP_LOSS,0.01,36.16,0.228261,3435.24,-36.09,4.07,-40.16,-40.16,3616.04,3575.88
503,SOL/INR,1h,SHORT,2025-07-30 15:30:00+05:30,2025-07-31 00:30:00+05:30,178.81,14930.4,180.6,175.23,175.32,14639.11,TARGET_HIT,0.01,35.76,0.227528,3397.09,66.28,3.97,62.31,62.31,3575.88,3638.19
504,SOL/INR,1h,SHORT,2025-07-31 23:30:00+05:30,2025-08-01 01:30:00+05:30,177.0,14779.89,178.77,173.46,175.22,14630.91,INTRADAY_SQUAREOFF,0.01,36.38,0.23385,3456.28,34.84,4.06,30.78,30.78,3638.19,3668.97
505,SOL/INR,1h,SHORT,2025-08-01 03:30:00+05:30,2025-08-01 05:30:00+05:30,173.18,14460.19,174.91,169.71,169.8,14178.07,TARGET_HIT,0.01,36.69,0.241043,3485.52,68.0,4.07,63.93,63.93,3668.97,3732.9
506,SOL/INR,1h,SHORT,2025-08-01 15:30:00+05:30,2025-08-01 17:30:00+05:30,167.27,13966.71,168.94,163.92,169.02,14113.43,STOP_LOSS,0.01,37.33,0.253908,3546.26,-37.25,4.21,-41.46,-41.46,3732.9,3691.44
507,SOL/INR,1h,SHORT,2025-08-01 19:30:00+05:30,2025-08-01 21:30:00+05:30,165.42,13812.52,167.07,162.11,167.16,13957.62,STOP_LOSS,0.01,36.91,0.253891,3506.87,-36.84,4.16,-41.0,-41.0,3691.44,3650.44
508,SOL/INR,1h,SHORT,2025-08-02 12:30:00+05:30,2025-08-02 14:30:00+05:30,162.12,13537.43,163.75,158.88,163.83,13679.64,STOP_LOSS,0.01,36.5,0.256173,3467.92,-36.43,4.11,-40.54,-40.54,3650.44,3609.9
509,SOL/INR,1h,SHORT,2025-08-02 20:30:00+05:30,2025-08-02 22:30:00+05:30,162.47,13566.11,164.09,159.22,159.3,13301.43,TARGET_HIT,0.01,36.1,0.252792,3429.4,66.91,4.01,62.9,62.9,3609.9,3672.8
510,SOL/INR,1h,SHORT,2025-08-03 11:30:00+05:30,2025-08-03 16:30:00+05:30,160.2,13376.79,161.8,157.0,161.88,13517.31,STOP_LOSS,0.01,36.73,0.260837,3489.16,-36.65,4.14,-40.79,-40.79,3672.8,3632.01
511,SOL/INR,1h,SHORT,2025-08-03 19:30:00+05:30,2025-08-03 22:30:00+05:30,160.88,13433.19,162.49,157.66,162.57,13574.31,STOP_LOSS,0.01,36.32,0.256857,3450.41,-36.25,4.09,-40.34,-40.34,3632.01,3591.67
512,SOL/INR,1h,LONG,2025-08-04 13:30:00+05:30,2025-08-04 19:30:00+05:30,163.31,13636.18,161.67,166.57,166.49,13901.95,TARGET_HIT,0.01,35.92,0.250223,3412.08,66.5,4.07,62.44,62.44,3591.67,3654.1
513,SOL/INR,1h,LONG,2025-08-04 22:30:00+05:30,2025-08-05 00:30:00+05:30,168.15,14040.64,166.47,171.51,166.39,13893.29,STOP_LOSS,0.01,36.54,0.247239,3471.4,-36.43,4.07,-40.51,-40.51,3654.1,3613.6
514,SOL/INR,1h,LONG,2025-08-05 03:30:00+05:30,2025-08-05 12:30:00+05:30,168.81,14096.03,167.13,172.19,167.04,13948.09,STOP_LOSS,0.01,36.14,0.243538,3432.92,-36.03,4.03,-40.06,-40.06,3613.6,3573.54
515,SOL/INR,1h,LONG,2025-08-05 15:30:00+05:30,2025-08-05 17:30:00+05:30,169.37,14142.76,167.68,172.76,167.6,13994.33,STOP_LOSS,0.01,35.74,0.240042,3394.86,-35.63,3.98,-39.61,-39.61,3573.54,3533.92
516,SOL/INR,1h,SHORT,2025-08-06 01:30:00+05:30,2025-08-06 04:30:00+05:30,162.51,13569.92,164.14,159.26,164.22,13712.47,STOP_LOSS,0.01,35.34,0.247402,3357.23,-35.27,3.98,-39.25,-39.25,3533.92,3494.67
517,SOL/INR,1h,SHORT,2025-08-06 06:30:00+05:30,2025-08-06 10:30:00+05:30,162.61,13577.95,164.24,159.36,164.32,13720.58,STOP_LOSS,0.01,34.95,0.24451,3319.94,-34.88,3.94,-38.81,-38.81,3494.67,3455.86
518,SOL/INR,1h,SHORT,2025-08-06 14:30:00+05:30,2025-08-06 17:30:00+05:30,162.83,13596.43,164.46,159.57,164.54,13739.26,STOP_LOSS,0.01,34.56,0.241465,3283.07,-34.49,3.89,-38.38,-38.38,3455.86,3417.48
519,SOL/INR,1h,LONG,2025-08-07 11:30:00+05:30,2025-08-07 15:30:00+05:30,168.82,14096.16,167.13,172.19,172.11,14370.89,TARGET_HIT,0.01,34.17,0.230318,3246.6,63.28,3.87,59.41,59.41,3417.48,3476.88
520,SOL/INR,1h,LONG,2025-08-08 13:30:00+05:30,2025-08-08 19:30:00+05:30,177.71,14838.69,175.93,181.26,175.84,14682.96,STOP_LOSS,0.01,34.77,0.222597,3303.04,-34.67,3.88,-38.54,-38.54,3476.88,3438.34
521,SOL/INR,1h,LONG,2025-08-08 23:30:00+05:30,2025-08-09 01:30:00+05:30,179.35,14975.65,177.56,182.94,177.47,14818.48,STOP_LOSS,0.01,34.38,0.218116,3266.43,-34.28,3.83,-38.12,-38.12,3438.34,3400.23
522,SOL/INR,1h,LONG,2025-08-09 07:30:00+05:30,2025-08-09 14:30:00+05:30,178.75,14925.94,176.97,182.33,182.24,15216.85,TARGET_HIT,0.01,34.0,0.216416,3230.22,62.96,3.85,59.11,59.11,3400.23,3459.34
523,SOL/INR,1h,LONG,2025-08-09 18:30:00+05:30,2025-08-09 20:30:00+05:30,182.08,15203.57,180.26,185.72,180.17,15044.0,STOP_LOSS,0.01,34.59,0.216158,3286.37,-34.49,3.86,-38.35,-38.35,3459.34,3420.99
524,SOL/INR,1h,LONG,2025-08-09 23:30:00+05:30,2025-08-10 01:30:00+05:30,181.6,15163.7,179.79,185.23,182.04,15199.94,INTRADAY_SQUAREOFF,0.01,34.21,0.214324,3249.94,7.77,3.84,3.93,3.93,3420.99,3424.92
525,SOL/INR,1h,LONG,2025-08-10 06:30:00+05:30,2025-08-10 11:30:00+05:30,182.58,15245.05,180.75,186.23,180.66,15085.05,STOP_LOSS,0.01,34.25,0.213425,3253.67,-34.15,3.82,-37.97,-37.97,3424.92,3386.95
526,SOL/INR,1h,LONG,2025-08-11 10:30:00+05:30,2025-08-11 12:30:00+05:30,186.39,15563.57,184.53,190.12,184.43,15400.23,STOP_LOSS,0.01,33.87,0.206739,3217.6,-33.77,3.78,-37.55,-37.55,3386.95,3349.4
527,SOL/INR,1h,SHORT,2025-08-12 01:30:00+05:30,2025-08-12 17:30:00+05:30,175.83,14681.82,177.59,172.31,177.68,14836.05,STOP_LOSS,0.01,33.49,0.216726,3181.93,-33.43,3.77,-37.2,-37.2,3349.4,3312.2
528,SOL/INR,1h,LONG,2025-08-13 06:30:00+05:30,2025-08-13 08:30:00+05:30,194.51,16241.53,192.56,198.4,198.3,16558.08,TARGET_HIT,0.01,33.12,0.193737,3146.59,61.33,3.75,57.58,57.58,3312.2,3369.78
529,SOL/INR,1h,LONG,2025-08-13 13:30:00+05:30,2025-08-13 17:30:00+05:30,198.34,16561.56,196.36,202.31,202.21,16884.35,TARGET_HIT,0.01,33.7,0.193296,3201.29,62.39,3.81,58.58,58.58,3369.78,3428.36
530,SOL/INR,1h,SHORT,2025-08-15 15:30:00+05:30,2025-08-15 19:30:00+05:30,193.88,16188.78,195.82,190.0,190.09,15872.93,TARGET_HIT,0.01,34.28,0.201185,3256.94,63.54,3.81,59.74,59.74,3428.36,3488.1
531,SOL/INR,1h,SHORT,2025-08-16 11:30:00+05:30,2025-08-16 13:30:00+05:30,186.34,15559.39,188.2,182.61,188.3,15722.84,STOP_LOSS,0.01,34.88,0.212971,3313.69,-34.81,3.93,-38.74,-38.74,3488.1,3449.36
532,SOL/INR,1h,SHORT,2025-08-17 03:30:00+05:30,2025-08-17 07:30:00+05:30,188.56,15744.56,190.44,184.79,190.54,15909.96,STOP_LOSS,0.01,34.49,0.208128,3276.89,-34.42,3.89,-38.31,-38.31,3449.36,3411.05
533,SOL/INR,1h,LONG,2025-08-17 14:30:00+05:30,2025-08-18 00:30:00+05:30,193.54,16160.51,191.6,197.41,191.51,15990.91,STOP_LOSS,0.01,34.11,0.200519,3240.49,-34.01,3.8,-37.81,-37.81,3411.05,3373.23
534,SOL/INR,1h,SHORT,2025-08-18 12:30:00+05:30,2025-08-18 17:30:00+05:30,180.9,15104.91,182.71,177.28,182.8,15263.58,STOP_LOSS,0.01,33.73,0.212154,3204.57,-33.66,3.8,-37.47,-37.47,3373.23,3335.77
535,SOL/INR,1h,SHORT,2025-08-19 05:30:00+05:30,2025-08-19 08:30:00+05:30,182.82,15265.27,184.65,179.16,179.25,14967.45,TARGET_HIT,0.01,33.36,0.207594,3168.98,61.83,3.7,58.12,58.12,3335.77,3393.89
536,SOL/INR,1h,SHORT,2025-08-19 20:30:00+05:30,2025-08-20 00:30:00+05:30,178.64,14916.26,180.42,175.07,176.94,14774.86,INTRADAY_SQUAREOFF,0.01,33.94,0.216153,3224.2,30.56,3.79,26.78,26.78,3393.89,3420.67
537,SOL/INR,1h,SHORT,2025-08-20 05:30:00+05:30,2025-08-20 07:30:00+05:30,176.03,14698.16,177.79,172.51,177.87,14852.56,STOP_LOSS,0.01,34.21,0.221091,3249.63,-34.14,3.85,-37.99,-37.99,3420.67,3382.68
538,SOL/INR,1h,SHORT,2025-08-20 19:30:00+05:30,2025-08-20 21:30:00+05:30,178.91,14938.67,180.7,175.33,180.79,15095.6,STOP_LOSS,0.01,33.83,0.215116,3213.54,-33.76,3.81,-37.57,-37.57,3382.68,3345.11
539,SOL/INR,1h,LONG,2025-08-21 01:30:00+05:30,2025-08-21 14:30:00+05:30,187.66,15669.77,185.79,191.42,185.69,15505.32,STOP_LOSS,0.01,33.45,0.202801,3177.85,-33.35,3.73,-37.08,-37.08,3345.11,3308.02
540,SOL/INR,1h,SHORT,2025-08-22 01:30:00+05:30,2025-08-22 03:30:00+05:30,179.94,15024.66,181.74,176.34,181.83,15182.49,STOP_LOSS,0.01,33.08,0.209164,3142.62,-33.01,3.73,-36.74,-36.74,3308.02,3271.28
541,SOL/INR,1h,SHORT,2025-08-22 05:30:00+05:30,2025-08-22 07:30:00+05:30,179.91,15022.18,181.71,176.31,181.8,15179.99,STOP_LOSS,0.01,32.71,0.206875,3107.72,-32.65,3.69,-36.33,-36.33,3271.28,3234.95
542,SOL/INR,1h,SHORT,2025-08-22 09:30:00+05:30,2025-08-22 11:30:00+05:30,181.39,15146.15,183.2,177.76,183.3,15305.26,STOP_LOSS,0.01,32.35,0.202903,3073.2,-32.28,3.65,-35.93,-35.93,3234.95,3199.02
543,SOL/INR,1h,SHORT,2025-08-22 16:30:00+05:30,2025-08-22 19:30:00+05:30,180.97,15110.83,182.78,177.35,182.87,15269.57,STOP_LOSS,0.01,31.99,0.201119,3039.07,-31.93,3.6,-35.53,-35.53,3199.02,3163.49
544,SOL/INR,1h,LONG,2025-08-23 01:30:00+05:30,2025-08-23 06:30:00+05:30,199.2,16632.94,197.2,203.18,197.11,16458.38,STOP_LOSS,0.01,31.63,0.180684,3005.32,-31.54,3.53,-35.07,-35.07,3163.49,3128.42
545,SOL/INR,1h,LONG,2025-08-23 10:30:00+05:30,2025-08-23 13:30:00+05:30,204.38,17065.71,202.34,208.47,202.23,16886.61,STOP_LOSS,0.01,31.28,0.17415,2972.0,-31.19,3.49,-34.68,-34.68,3128.42,3093.74
546,SOL/INR,1h,LONG,2025-08-23 20:30:00+05:30,2025-08-24 00:30:00+05:30,203.08,16957.22,201.05,207.14,203.77,17014.63,INTRADAY_SQUAREOFF,0.01,30.94,0.173322,2939.05,9.95,3.47,6.48,6.48,3093.74,3100.22
547,SOL/INR,1h,LONG,2025-08-24 14:30:00+05:30,2025-08-24 16:30:00+05:30,208.1,17376.26,206.02,212.26,205.91,17193.9,STOP_LOSS,0.01,31.0,0.169496,2945.21,-30.91,3.46,-34.37,-34.37,3100.22,3065.85
548,SOL/INR,1h,SHORT,2025-08-25 21:30:00+05:30,2025-08-26 00:30:00+05:30,196.34,16394.15,198.3,192.41,192.51,16074.3,TARGET_HIT,0.01,30.66,0.177658,2912.56,56.82,3.4,53.42,53.42,3065.85,3119.27
549,SOL/INR,1h,SHORT,2025-08-26 06:30:00+05:30,2025-08-26 09:30:00+05:30,186.18,15545.63,188.04,182.45,188.13,15708.94,STOP_LOSS,0.01,31.19,0.19062,2963.31,-31.13,3.52,-34.64,-34.64,3119.27,3084.63
550,SOL/INR,1h,SHORT,2025-08-26 12:30:00+05:30,2025-08-26 17:30:00+05:30,187.51,15656.84,189.38,183.76,189.48,15821.32,STOP_LOSS,0.01,30.85,0.187164,2930.4,-30.78,3.48,-34.26,-34.26,3084.63,3050.37
551,SOL/INR,1h,LONG,2025-08-27 08:30:00+05:30,2025-08-27 10:30:00+05:30,199.56,16662.95,197.56,203.55,203.45,16987.71,TARGET_HIT,0.01,30.5,0.17391,2897.85,56.48,3.45,53.03,53.03,3050.37,3103.39
552,SOL/INR,1h,LONG,2025-08-27 14:30:00+05:30,2025-08-27 19:30:00+05:30,203.24,16970.91,201.21,207.31,207.21,17301.68,TARGET_HIT,0.01,31.03,0.173722,2948.22,57.46,3.51,53.95,53.95,3103.39,3157.34
553,SOL/INR,1h,LONG,2025-08-28 20:30:00+05:30,2025-08-28 22:30:00+05:30,215.51,17995.25,213.36,219.82,213.25,17806.39,STOP_LOSS,0.01,31.57,0.166681,2999.47,-31.48,3.52,-35.0,-35.0,3157.34,3122.34
554,SOL/INR,1h,LONG,2025-08-29 02:30:00+05:30,2025-08-29 12:30:00+05:30,213.61,17836.53,211.48,217.88,211.37,17649.34,STOP_LOSS,0.01,31.22,0.166301,2966.22,-31.13,3.48,-34.61,-34.61,3122.34,3087.73
555,SOL/INR,1h,SHORT,2025-08-29 21:30:00+05:30,2025-08-30 00:30:00+05:30,205.58,17166.2,207.64,201.47,202.28,16890.39,INTRADAY_SQUAREOFF,0.01,30.88,0.170879,2933.34,47.13,3.43,43.7,43.7,3087.73,3131.43
556,SOL/INR,1h,SHORT,2025-08-30 02:30:00+05:30,2025-08-30 04:30:00+05:30,201.21,16800.85,203.22,197.18,203.32,16977.34,STOP_LOSS,0.01,31.31,0.177066,2974.86,-31.25,3.53,-34.78,-34.78,3131.43,3096.65
557,SOL/INR,1h,SHORT,2025-08-30 07:30:00+05:30,2025-08-30 09:30:00+05:30,201.72,16843.45,203.74,197.68,203.84,17020.39,STOP_LOSS,0.01,30.97,0.174656,2941.81,-30.9,3.49,-34.39,-34.39,3096.65,3062.25
558,SOL/INR,1h,SHORT,2025-08-30 14:30:00+05:30,2025-08-30 18:30:00+05:30,203.23,16970.04,205.27,199.17,199.27,16638.95,TARGET_HIT,0.01,30.62,0.171428,2909.14,56.76,3.4,53.36,53.36,3062.25,3115.61
559,SOL/INR,1h,LONG,2025-08-31 14:30:00+05:30,2025-08-31 16:30:00+05:30,205.56,17164.28,203.5,209.67,203.4,16984.14,STOP_LOSS,0.01,31.16,0.172441,2959.83,-31.06,3.47,-34.54,-34.54,3115.61,3081.07
560,SOL/INR,1h,LONG,2025-08-31 21:30:00+05:30,2025-09-01 00:30:00+05:30,204.67,17090.32,202.63,208.77,205.45,17155.27,INTRADAY_SQUAREOFF,0.01,30.81,0.171268,2927.02,11.12,3.46,7.66,7.66,3081.07,3088.74
561,SOL/INR,1h,SHORT,2025-09-01 15:30:00+05:30,2025-09-02 00:30:00+05:30,201.25,16804.61,203.27,197.23,199.34,16644.64,INTRADAY_SQUAREOFF,0.01,30.89,0.174613,2934.3,27.93,3.45,24.49,24.49,3088.74,3113.22
562,SOL/INR,1h,SHORT,2025-09-02 02:30:00+05:30,2025-09-02 06:30:00+05:30,196.94,16444.84,198.91,193.01,199.01,16617.6,STOP_LOSS,0.01,31.13,0.179847,2957.56,-31.07,3.51,-34.58,-34.58,3113.22,3078.65
563,SOL/INR,1h,LONG,2025-09-03 07:30:00+05:30,2025-09-03 11:30:00+05:30,211.08,17624.86,208.97,215.3,208.86,17439.89,STOP_LOSS,0.01,30.79,0.165942,2924.71,-30.69,3.43,-34.13,-34.13,3078.65,3044.52
564,SOL/INR,1h,LONG,2025-09-03 15:30:00+05:30,2025-09-04 00:30:00+05:30,209.58,17499.71,207.48,213.77,209.38,17482.99,INTRADAY_SQUAREOFF,0.01,30.45,0.165277,2892.29,-2.76,3.41,-6.17,-6.17,3044.52,3038.34
565,SOL/INR,1h,LONG,2025-09-04 05:30:00+05:30,2025-09-04 07:30:00+05:30,210.86,17606.99,208.75,215.08,208.65,17422.21,STOP_LOSS,0.01,30.38,0.163936,2886.43,-30.29,3.39,-33.68,-33.68,3038.34,3004.66
566,SOL/INR,1h,SHORT,2025-09-05 00:30:00+05:30,2025-09-05 12:30:00+05:30,202.79,16933.21,204.82,198.74,204.92,17111.09,STOP_LOSS,0.01,30.05,0.16857,2854.43,-29.99,3.39,-33.37,-33.37,3004.66,2971.29
567,SOL/INR,1h,LONG,2025-09-05 18:30:00+05:30,2025-09-05 20:30:00+05:30,209.31,17477.44,207.22,213.5,207.11,17294.01,STOP_LOSS,0.01,29.71,0.161507,2822.73,-29.62,3.31,-32.94,-32.94,2971.29,2938.35
568,SOL/INR,1h,SHORT,2025-09-06 03:30:00+05:30,2025-09-07 00:30:00+05:30,203.06,16955.92,205.1,199.0,200.12,16709.79,INTRADAY_SQUAREOFF,0.01,29.38,0.164629,2791.44,40.52,3.27,37.25,37.25,2938.35,2975.6
569,SOL/INR,1h,SHORT,2025-09-07 04:30:00+05:30,2025-09-07 06:30:00+05:30,200.11,16708.96,202.11,196.11,202.21,16884.49,STOP_LOSS,0.01,29.76,0.16918,2826.82,-29.7,3.35,-33.05,-33.05,2975.6,2942.56
570,SOL/INR,1h,LONG,2025-09-07 21:30:00+05:30,2025-09-07 23:30:00+05:30,205.41,17151.62,203.35,209.52,203.25,16971.61,STOP_LOSS,0.01,29.43,0.162983,2795.43,-29.34,3.28,-32.62,-32.62,2942.56,2909.94
571,SOL/INR,1h,LONG,2025-09-08 07:30:00+05:30,2025-09-08 15:30:00+05:30,207.19,17299.96,205.11,211.33,211.22,17637.13,TARGET_HIT,0.01,29.1,0.159795,2764.44,53.88,3.29,50.59,50.59,2909.94,2960.52
572,SOL/INR,1h,LONG,2025-09-09 00:30:00+05:30,2025-09-09 02:30:00+05:30,216.9,18111.11,214.73,221.24,214.62,17921.03,STOP_LOSS,0.01,29.61,0.155291,2812.5,-29.52,3.3,-32.82,-32.82,2960.52,2927.7
573,SOL/INR,1h,LONG,2025-09-09 09:30:00+05:30,2025-09-09 11:30:00+05:30,214.28,17892.79,212.14,218.57,218.46,18241.52,TARGET_HIT,0.01,29.28,0.155443,2781.32,54.21,3.31,50.89,50.89,2927.7,2978.6
574,SOL/INR,1h,LONG,2025-09-09 19:30:00+05:30,2025-09-09 21:30:00+05:30,218.3,18227.77,216.11,222.66,216.01,18036.47,STOP_LOSS,0.01,29.79,0.155239,2829.67,-29.7,3.32,-33.02,-33.02,2978.6,2945.58
575,SOL/INR,1h,LONG,2025-09-10 12:30:00+05:30,2025-09-10 17:30:00+05:30,219.61,18337.32,217.41,224.0,223.89,18694.72,TARGET_HIT,0.01,29.46,0.152601,2798.3,54.54,3.33,51.2,51.2,2945.58,2996.78
576,SOL/INR,1h,LONG,2025-09-11 03:30:00+05:30,2025-09-11 18:30:00+05:30,223.6,18670.95,221.37,228.08,227.96,19034.85,TARGET_HIT,0.01,29.97,0.15248,2846.94,55.49,3.39,52.09,52.09,2996.78,3048.88
577,SOL/INR,1h,LONG,2025-09-11 23:30:00+05:30,2025-09-12 01:30:00+05:30,227.69,19012.46,225.42,232.25,226.4,18904.47,INTRADAY_SQUAREOFF,0.01,30.49,0.152344,2896.43,-16.45,3.41,-19.86,-19.86,3048.88,3029.02
578,SOL/INR,1h,LONG,2025-09-12 03:30:00+05:30,2025-09-12 05:30:00+05:30,227.02,18955.81,224.75,231.56,231.44,19325.26,TARGET_HIT,0.01,30.29,0.151804,2877.57,56.08,3.43,52.66,52.66,3029.02,3081.67
579,SOL/INR,1h,LONG,2025-09-12 09:30:00+05:30,2025-09-12 19:30:00+05:30,235.68,19679.59,233.33,240.4,240.28,20063.14,TARGET_HIT,0.01,30.82,0.148763,2927.59,57.06,3.49,53.57,53.57,3081.67,3135.24
580,SOL/INR,1h,LONG,2025-09-13 01:30:00+05:30,2025-09-13 20:30:00+05:30,241.44,20159.82,239.02,246.26,238.9,19948.25,STOP_LOSS,0.01,31.35,0.147743,2978.48,-31.26,3.5,-34.76,-34.76,3135.24,3100.49
581,SOL/INR,1h,LONG,2025-09-14 11:30:00+05:30,2025-09-14 17:30:00+05:30,248.09,20715.23,245.61,253.05,245.48,20497.82,STOP_LOSS,0.01,31.0,0.142188,2945.46,-30.91,3.46,-34.37,-34.37,3100.49,3066.12
582,SOL/INR,1h,LONG,2025-09-15 03:30:00+05:30,2025-09-15 05:30:00+05:30,244.31,20400.16,241.87,249.2,241.75,20186.06,STOP_LOSS,0.01,30.66,0.142784,2912.81,-30.57,3.42,-33.99,-33.99,3066.12,3032.13
583,SOL/INR,1h,SHORT,2025-09-15 12:30:00+05:30,2025-09-15 14:30:00+05:30,240.15,20052.63,242.55,235.35,235.47,19661.41,TARGET_HIT,0.01,30.32,0.143648,2880.52,56.2,3.37,52.83,52.83,3032.13,3084.96
584,SOL/INR,1h,SHORT,2025-09-15 20:30:00+05:30,2025-09-16 00:30:00+05:30,233.65,19509.83,235.99,228.98,233.58,19503.57,INTRADAY_SQUAREOFF,0.01,30.85,0.150217,2930.71,0.94,3.46,-2.52,-2.52,3084.96,3082.44
585,SOL/INR,1h,SHORT,2025-09-16 06:30:00+05:30,2025-09-16 08:30:00+05:30,233.05,19460.04,235.38,228.39,235.5,19664.47,STOP_LOSS,0.01,30.82,0.150479,2928.32,-30.76,3.47,-34.24,-34.24,3082.44,3048.21
586,SOL/INR,1h,SHORT,2025-09-16 15:30:00+05:30,2025-09-16 20:30:00+05:30,235.07,19628.33,237.42,230.37,237.54,19834.53,STOP_LOSS,0.01,30.48,0.147532,2895.8,-30.42,3.43,-33.86,-33.86,3048.21,3014.35
587,SOL/INR,1h,LONG,2025-09-18 07:30:00+05:30,2025-09-18 10:30:00+05:30,247.37,20655.19,244.89,252.31,244.77,20438.41,STOP_LOSS,0.01,30.14,0.13864,2863.64,-30.05,3.36,-33.42,-33.42,3014.35,2980.94
588,SOL/INR,1h,LONG,2025-09-18 14:30:00+05:30,2025-09-18 22:30:00+05:30,247.12,20634.71,244.65,252.06,251.94,21036.88,TARGET_HIT,0.01,29.81,0.137239,2831.89,55.19,3.37,51.82,51.82,2980.94,3032.76
589,SOL/INR,1h,SHORT,2025-09-19 20:30:00+05:30,2025-09-20 00:30:00+05:30,239.56,20003.53,241.96,234.77,237.02,19791.33,INTRADAY_SQUAREOFF,0.01,30.33,0.144031,2881.12,30.56,3.38,27.18,27.18,3032.76,3059.94
590,SOL/INR,1h,SHORT,2025-09-20 09:30:00+05:30,2025-09-20 20:30:00+05:30,237.99,19872.27,240.37,233.23,240.49,20081.03,STOP_LOSS,0.01,30.6,0.146281,2906.94,-30.54,3.45,-33.99,-33.99,3059.94,3025.95
591,SOL/INR,1h,SHORT,2025-09-22 06:30:00+05:30,2025-09-22 11:30:00+05:30,232.23,19391.47,234.56,227.59,227.7,19013.15,TARGET_HIT,0.01,30.26,0.148243,2874.66,56.08,3.36,52.73,52.73,3025.95,3078.68
592,SOL/INR,1h,SHORT,2025-09-22 20:30:00+05:30,2025-09-23 00:30:00+05:30,221.39,18486.39,223.61,216.97,220.0,18369.59,INTRADAY_SQUAREOFF,0.01,30.79,0.158211,2924.74,18.48,3.44,15.04,15.04,3078.68,3093.72
593,SOL/INR,1h,SHORT,2025-09-23 06:30:00+05:30,2025-09-23 08:30:00+05:30,219.68,18342.88,221.87,215.28,215.39,17985.01,TARGET_HIT,0.01,30.94,0.160227,2939.03,57.34,3.43,53.91,53.91,3093.72,3147.63
594,SOL/INR,1h,SHORT,2025-09-23 15:30:00+05:30,2025-09-23 21:30:00+05:30,218.56,18249.56,220.74,214.19,220.85,18441.27,STOP_LOSS,0.01,31.48,0.163853,2990.24,-31.41,3.55,-34.96,-34.96,3147.63,3112.67
595,SOL/INR,1h,SHORT,2025-09-23 23:30:00+05:30,2025-09-24 01:30:00+05:30,216.3,18061.1,218.46,211.97,214.87,17941.86,INTRADAY_SQUAREOFF,0.01,31.13,0.163724,2957.03,19.52,3.48,16.04,16.04,3112.67,3128.71
596,SOL/INR,1h,SHORT,2025-09-24 05:30:00+05:30,2025-09-24 07:30:00+05:30,213.57,17832.89,215.7,209.3,215.81,18020.23,STOP_LOSS,0.01,31.29,0.166674,2972.27,-31.22,3.53,-34.75,-34.75,3128.71,3093.96
597,SOL/INR,1h,SHORT,2025-09-25 09:30:00+05:30,2025-09-25 15:30:00+05:30,206.64,17254.22,208.7,202.5,202.61,16917.59,TARGET_HIT,0.01,30.94,0.17035,2939.26,57.34,3.43,53.91,53.91,3093.96,3147.87
598,SOL/INR,1h,SHORT,2025-09-25 22:30:00+05:30,2025-09-26 00:30:00+05:30,198.64,16586.16,200.62,194.66,200.72,16760.4,STOP_LOSS,0.01,31.48,0.1803,2990.48,-31.41,3.55,-34.96,-34.96,3147.87,3112.91
599,SOL/INR,1h,SHORT,2025-09-26 04:30:00+05:30,2025-09-26 06:30:00+05:30,194.16,16211.98,196.1,190.27,196.19,16382.28,STOP_LOSS,0.01,31.13,0.182412,2957.26,-31.07,3.51,-34.57,-34.57,3112.91,3078.33
600,SOL/INR,1h,SHORT,2025-09-26 10:30:00+05:30,2025-09-26 16:30:00+05:30,195.36,16312.39,197.31,191.45,191.55,15994.13,TARGET_HIT,0.01,30.78,0.179276,2924.42,57.06,3.42,53.64,53.64,3078.33,3131.97
601,SOL/INR,1h,SHORT,2025-09-26 20:30:00+05:30,2025-09-26 22:30:00+05:30,194.02,16200.47,195.96,190.14,196.06,16370.65,STOP_LOSS,0.01,31.32,0.18366,2975.37,-31.26,3.53,-34.79,-34.79,3131.97,3097.19
602,SOL/INR,1h,LONG,2025-09-27 03:30:00+05:30,2025-09-27 14:30:00+05:30,202.5,16908.85,200.48,206.55,200.38,16731.39,STOP_LOSS,0.01,30.97,0.174011,2942.33,-30.88,3.45,-34.33,-34.33,3097.19,3062.85
603,SOL/INR,1h,LONG,2025-09-27 18:30:00+05:30,2025-09-28 00:30:00+05:30,202.74,16928.45,200.71,206.79,201.62,16835.59,INTRADAY_SQUAREOFF,0.01,30.63,0.171883,2909.71,-15.96,3.42,-19.38,-19.38,3062.85,3043.47
604,SOL/INR,1h,LONG,2025-09-29 04:30:00+05:30,2025-09-29 12:30:00+05:30,209.95,17531.02,207.85,214.15,207.75,17347.03,STOP_LOSS,0.01,30.43,0.164925,2891.3,-30.34,3.39,-33.74,-33.74,3043.47,3009.73
605,SOL/INR,1h,LONG,2025-09-30 01:30:00+05:30,2025-09-30 06:30:00+05:30,213.0,17785.9,210.87,217.26,210.77,17599.23,STOP_LOSS,0.01,30.1,0.160759,2859.24,-30.01,3.36,-33.36,-33.36,3009.73,2976.37
606,SOL/INR,1h,SHORT,2025-09-30 21:30:00+05:30,2025-09-30 23:30:00+05:30,205.04,17120.56,207.09,200.94,207.19,17300.41,STOP_LOSS,0.01,29.76,0.165155,2827.55,-29.7,3.35,-33.06,-33.06,2976.37,2943.31
607,SOL/INR,1h,LONG,2025-10-01 19:30:00+05:30,2025-10-02 00:30:00+05:30,219.78,18351.44,217.58,224.17,219.12,18296.32,INTRADAY_SQUAREOFF,0.01,29.43,0.152367,2796.14,-8.4,3.29,-11.69,-11.69,2943.31,2931.62
608,SOL/INR,1h,LONG,2025-10-02 05:30:00+05:30,2025-10-02 16:30:00+05:30,221.79,18519.87,219.58,226.23,226.12,18880.82,TARGET_HIT,0.01,29.32,0.150381,2785.04,54.28,3.32,50.96,50.96,2931.62,2982.58
609,SOL/INR,1h,LONG,2025-10-02 21:30:00+05:30,2025-10-02 23:30:00+05:30,227.23,18973.8,224.96,231.78,231.66,19343.6,TARGET_HIT,0.01,29.83,0.149335,2833.45,55.22,3.38,51.85,51.85,2982.58,3034.43
610,SOL/INR,1h,LONG,2025-10-03 05:30:00+05:30,2025-10-03 07:30:00+05:30,234.97,19619.83,232.62,239.67,232.5,19413.92,STOP_LOSS,0.01,30.34,0.146928,2882.71,-30.25,3.38,-33.64,-33.64,3034.43,3000.79
611,SOL/INR,1h,LONG,2025-10-03 21:30:00+05:30,2025-10-03 23:30:00+05:30,235.18,19637.8,232.83,239.89,232.72,19431.7,STOP_LOSS,0.01,30.01,0.145166,2850.75,-29.92,3.35,-33.26,-33.26,3000.79,2967.52
612,SOL/INR,1h,SHORT,2025-10-04 20:30:00+05:30,2025-10-05 00:30:00+05:30,226.9,18946.38,229.17,222.36,226.25,18892.23,INTRADAY_SQUAREOFF,0.01,29.68,0.148796,2819.15,8.06,3.32,4.74,4.74,2967.52,2972.26
613,SOL/INR,1h,SHORT,2025-10-05 06:30:00+05:30,2025-10-05 08:30:00+05:30,226.8,18937.4,229.06,222.26,229.18,19136.34,STOP_LOSS,0.01,29.72,0.149104,2823.65,-29.66,3.35,-33.01,-33.01,2972.26,2939.25
614,SOL/INR,1h,LONG,2025-10-05 10:30:00+05:30,2025-10-05 15:30:00+05:30,234.56,19585.62,232.21,239.25,232.1,19380.07,STOP_LOSS,0.01,29.39,0.142568,2792.29,-29.31,3.28,-32.58,-32.58,2939.25,2906.67
615,SOL/INR,1h,LONG,2025-10-06 21:30:00+05:30,2025-10-07 00:30:00+05:30,236.33,19733.94,233.97,241.06,236.64,19759.27,INTRADAY_SQUAREOFF,0.01,29.07,0.139928,2761.33,3.54,3.26,0.28,0.28,2906.67,2906.95
616,SOL/INR,1h,SHORT,2025-10-08 00:30:00+05:30,2025-10-08 02:30:00+05:30,221.5,18495.29,223.72,217.07,223.83,18689.58,STOP_LOSS,0.01,29.07,0.149314,2761.6,-29.01,3.28,-32.29,-32.29,2906.95,2874.66
617,SOL/INR,1h,SHORT,2025-10-08 09:30:00+05:30,2025-10-08 12:30:00+05:30,218.28,18226.27,220.46,213.91,220.57,18417.74,STOP_LOSS,0.01,28.75,0.149835,2730.93,-28.69,3.24,-31.93,-31.93,2874.66,2842.74
618,SOL/INR,1h,SHORT,2025-10-08 17:30:00+05:30,2025-10-08 19:30:00+05:30,220.8,18436.51,223.0,216.38,223.12,18630.19,STOP_LOSS,0.01,28.43,0.146481,2700.6,-28.37,3.2,-31.57,-31.57,2842.74,2811.16
619,SOL/INR,1h,SHORT,2025-10-09 21:30:00+05:30,2025-10-10 00:30:00+05:30,219.1,18294.73,221.29,214.72,217.8,18186.19,INTRADAY_SQUAREOFF,0.01,28.11,0.145977,2670.6,15.85,3.14,12.7,12.7,2811.16,2823.87
620,SOL/INR,1h,SHORT,2025-10-10 08:30:00+05:30,2025-10-10 18:30:00+05:30,220.2,18386.37,222.4,215.79,222.51,18579.52,STOP_LOSS,0.01,28.24,0.145906,2682.67,-28.18,3.18,-31.36,-31.36,2823.87,2792.5
621,SOL/INR,1h,SHORT,2025-10-10 21:30:00+05:30,2025-10-11 00:30:00+05:30,210.19,17550.74,212.29,205.98,206.09,17208.32,TARGET_HIT,0.01,27.93,0.151155,2652.88,51.76,3.1,48.66,48.66,2792.5,2841.16
622,SOL/INR,1h,SHORT,2025-10-11 07:30:00+05:30,2025-10-11 09:30:00+05:30,183.07,15286.46,184.9,179.41,184.99,15447.04,STOP_LOSS,0.01,28.41,0.176568,2699.1,-28.35,3.2,-31.56,-31.56,2841.16,2809.6
623,SOL/INR,1h,SHORT,2025-10-12 00:30:00+05:30,2025-10-12 02:30:00+05:30,182.52,15240.71,184.35,178.87,178.96,14943.36,TARGET_HIT,0.01,28.1,0.175131,2669.12,52.07,3.12,48.96,48.96,2809.6,2858.56
624,SOL/INR,1h,SHORT,2025-10-12 06:30:00+05:30,2025-10-12 08:30:00+05:30,173.46,14484.15,175.2,169.99,175.29,14636.31,STOP_LOSS,0.01,28.59,0.18749,2715.63,-28.53,3.22,-31.75,-31.75,2858.56,2826.81
625,SOL/INR,1h,LONG,2025-10-13 01:30:00+05:30,2025-10-13 10:30:00+05:30,196.22,16384.34,194.26,200.14,194.16,16212.38,STOP_LOSS,0.01,28.27,0.163905,2685.47,-28.18,3.15,-31.34,-31.34,2826.81,2795.48
626,SOL/INR,1h,LONG,2025-10-13 12:30:00+05:30,2025-10-13 15:30:00+05:30,197.41,16483.65,195.43,201.36,195.34,16310.65,STOP_LOSS,0.01,27.95,0.161111,2655.7,-27.87,3.12,-30.99,-30.99,2795.48,2764.49
627,SOL/INR,1h,LONG,2025-10-13 19:30:00+05:30,2025-10-13 22:30:00+05:30,196.74,16428.01,194.78,200.68,200.58,16748.19,TARGET_HIT,0.01,27.64,0.159865,2626.26,51.19,3.13,48.06,48.06,2764.49,2812.54
628,SOL/INR,1h,SHORT,2025-10-14 18:30:00+05:30,2025-10-14 20:30:00+05:30,192.82,16100.65,194.75,188.97,194.85,16269.79,STOP_LOSS,0.01,28.13,0.165951,2671.92,-28.07,3.17,-31.24,-31.24,2812.54,2781.31
629,SOL/INR,1h,SHORT,2025-10-16 01:30:00+05:30,2025-10-16 14:30:00+05:30,194.68,16255.43,196.62,190.78,190.88,15938.29,TARGET_HIT,0.01,27.81,0.162545,2642.24,51.55,3.09,48.46,48.46,2781.31,2829.77
630,SOL/INR,1h,SHORT,2025-10-17 01:30:00+05:30,2025-10-17 06:30:00+05:30,184.88,15437.5,186.73,181.18,186.82,15599.67,STOP_LOSS,0.01,28.3,0.17414,2688.28,-28.24,3.19,-31.43,-31.43,2829.77,2798.34
631,SOL/INR,1h,SHORT,2025-10-17 11:30:00+05:30,2025-10-17 13:30:00+05:30,185.59,15497.17,187.45,181.88,181.97,15194.82,TARGET_HIT,0.01,27.98,0.171542,2658.42,51.87,3.11,48.76,48.76,2798.34,2847.1
632,SOL/INR,1h,LONG,2025-10-19 00:30:00+05:30,2025-10-19 13:30:00+05:30,186.12,15540.88,184.26,189.84,184.16,15377.77,STOP_LOSS,0.01,28.47,0.174041,2704.74,-28.39,3.17,-31.56,-31.56,2847.1,2815.54
633,SOL/INR,1h,LONG,2025-10-19 15:30:00+05:30,2025-10-19 22:30:00+05:30,188.12,15707.97,186.24,191.88,191.79,16014.11,TARGET_HIT,0.01,28.16,0.17028,2674.76,52.13,3.19,48.94,48.94,2815.54,2864.48
634,SOL/INR,1h,LONG,2025-10-20 04:30:00+05:30,2025-10-20 06:30:00+05:30,190.18,15880.19,188.28,193.99,188.19,15713.52,STOP_LOSS,0.01,28.64,0.171362,2721.26,-28.56,3.19,-31.75,-31.75,2864.48,2832.73
635,SOL/INR,1h,SHORT,2025-10-21 19:30:00+05:30,2025-10-21 21:30:00+05:30,184.59,15412.94,186.43,180.89,186.53,15574.85,STOP_LOSS,0.01,28.33,0.174599,2691.09,-28.27,3.19,-31.46,-31.46,2832.73,2801.27
636,SOL/INR,1h,SHORT,2025-10-22 23:30:00+05:30,2025-10-23 01:30:00+05:30,181.5,15155.65,183.32,177.87,180.49,15071.11,INTRADAY_SQUAREOFF,0.01,28.01,0.175591,2661.2,14.84,3.13,11.71,11.71,2801.27,2812.98
637,SOL/INR,1h,LONG,2025-10-23 15:30:00+05:30,2025-10-23 22:30:00+05:30,188.71,15757.63,186.83,192.49,192.39,16064.75,TARGET_HIT,0.01,28.13,0.16959,2672.33,52.08,3.18,48.9,48.9,2812.98,2861.88
638,SOL/INR,1h,LONG,2025-10-24 04:30:00+05:30,2025-10-24 17:30:00+05:30,190.58,15913.18,188.67,194.39,194.29,16223.33,TARGET_HIT,0.01,28.62,0.170851,2718.78,52.99,3.24,49.75,49.75,2861.88,2911.63
639,SOL/INR,1h,LONG,2025-10-24 23:30:00+05:30,2025-10-25 01:30:00+05:30,191.71,16007.39,189.79,195.54,193.05,16119.61,INTRADAY_SQUAREOFF,0.01,29.12,0.172798,2766.05,19.39,3.28,16.12,16.12,2911.63,2927.74
640,SOL/INR,1h,LONG,2025-10-25 10:30:00+05:30,2025-10-25 15:30:00+05:30,194.49,16239.93,192.55,198.38,192.45,16069.5,STOP_LOSS,0.01,29.28,0.171266,2781.36,-29.19,3.26,-32.46,-32.46,2927.74,2895.29
641,SOL/INR,1h,LONG,2025-10-26 17:30:00+05:30,2025-10-27 00:30:00+05:30,197.71,16508.42,195.73,201.66,199.13,16627.44,INTRADAY_SQUAREOFF,0.01,28.95,0.166613,2750.52,19.83,3.26,16.57,16.57,2895.29,2911.86
642,SOL/INR,1h,LONG,2025-10-27 04:30:00+05:30,2025-10-27 06:30:00+05:30,200.58,16748.57,198.58,204.59,204.49,17075.0,TARGET_HIT,0.01,29.12,0.165164,2766.27,53.91,3.3,50.62,50.62,2911.86,2962.48
643,SOL/INR,1h,LONG,2025-10-27 12:30:00+05:30,2025-10-27 14:30:00+05:30,204.89,17107.97,202.84,208.98,202.74,16928.43,STOP_LOSS,0.01,29.62,0.164506,2814.36,-29.54,3.3,-32.84,-32.84,2962.48,2929.64
644,SOL/INR,1h,SHORT,2025-10-28 11:30:00+05:30,2025-10-28 13:30:00+05:30,198.86,16604.75,200.85,194.88,200.95,16779.18,STOP_LOSS,0.01,29.3,0.167612,2783.16,-29.24,3.3,-32.54,-32.54,2929.64,2897.1
645,SOL/INR,1h,SHORT,2025-10-29 14:30:00+05:30,2025-10-29 16:30:00+05:30,194.23,16218.61,196.18,190.35,196.28,16388.99,STOP_LOSS,0.01,28.97,0.169697,2752.25,-28.91,3.26,-32.18,-32.18,2897.1,2864.92
646,SOL/INR,1h,SHORT,2025-10-30 10:30:00+05:30,2025-10-30 12:30:00+05:30,190.77,15928.92,192.67,186.95,192.77,16096.25,STOP_LOSS,0.01,28.65,0.170864,2721.68,-28.59,3.23,-31.82,-31.82,2864.92,2833.1
647,SOL/INR,1h,SHORT,2025-10-30 15:30:00+05:30,2025-10-30 17:30:00+05:30,192.3,16057.23,194.23,188.46,188.55,15743.96,TARGET_HIT,0.01,28.33,0.167616,2691.45,52.51,3.14,49.37,49.37,2833.1,2882.47
648,SOL/INR,1h,SHORT,2025-10-30 21:30:00+05:30,2025-10-31 00:30:00+05:30,184.73,15424.61,186.57,181.03,181.12,15123.67,TARGET_HIT,0.01,28.82,0.177531,2738.35,53.43,3.2,50.23,50.23,2882.47,2932.7
649,SOL/INR,1h,SHORT,2025-11-03 11:30:00+05:30,2025-11-03 20:30:00+05:30,176.64,14749.25,178.4,173.1,173.19,14461.49,TARGET_HIT,0.01,29.33,0.188895,2786.06,54.36,3.26,51.1,51.1,2932.7,2983.8
650,SOL/INR,1h,SHORT,2025-11-04 00:30:00+05:30,2025-11-04 02:30:00+05:30,167.89,14018.59,169.57,164.53,164.61,13745.09,TARGET_HIT,0.01,29.84,0.202203,2834.61,55.3,3.31,51.99,51.99,2983.8,3035.79
651,SOL/INR,1h,SHORT,2025-11-04 10:30:00+05:30,2025-11-04 12:30:00+05:30,164.89,13768.33,166.54,161.59,161.67,13499.71,TARGET_HIT,0.01,30.36,0.209466,2884.0,56.27,3.37,52.9,52.9,3035.79,3088.68
652,SOL/INR,1h,SHORT,2025-11-04 22:30:00+05:30,2025-11-05 00:30:00+05:30,156.65,13080.4,158.22,153.52,156.34,13054.04,INTRADAY_SQUAREOFF,0.01,30.89,0.224324,2934.25,5.91,3.46,2.45,2.45,3088.68,3091.14
653,SOL/INR,1h,SHORT,2025-11-05 13:30:00+05:30,2025-11-05 16:30:00+05:30,155.73,13003.14,157.28,152.61,157.36,13139.74,STOP_LOSS,0.01,30.91,0.225836,2936.58,-30.85,3.48,-34.33,-34.33,3091.14,3056.8
654,SOL/INR,1h,LONG,2025-11-06 08:30:00+05:30,2025-11-06 10:30:00+05:30,162.1,13535.61,160.48,165.35,160.4,13393.56,STOP_LOSS,0.01,30.57,0.214543,2903.96,-30.48,3.41,-33.89,-33.89,3056.8,3022.92
655,SOL/INR,1h,SHORT,2025-11-07 02:30:00+05:30,2025-11-07 05:30:00+05:30,154.82,12927.11,156.36,151.72,156.44,13062.91,STOP_LOSS,0.01,30.23,0.222151,2871.77,-30.17,3.41,-33.57,-33.57,3022.92,2989.34
656,SOL/INR,1h,SHORT,2025-11-07 15:30:00+05:30,2025-11-07 19:30:00+05:30,154.24,12878.72,155.78,151.15,151.23,12627.46,TARGET_HIT,0.01,29.89,0.220509,2839.88,55.41,3.32,52.09,52.09,2989.34,3041.43
657,SOL/INR,1h,LONG,2025-11-08 14:30:00+05:30,2025-11-08 16:30:00+05:30,161.82,13511.76,160.2,165.05,160.12,13369.96,STOP_LOSS,0.01,30.41,0.21384,2889.36,-30.32,3.39,-33.72,-33.72,3041.43,3007.72
658,SOL/INR,1h,SHORT,2025-11-09 06:30:00+05:30,2025-11-09 10:30:00+05:30,156.54,13070.98,158.1,153.41,158.18,13208.29,STOP_LOSS,0.01,30.08,0.218601,2857.33,-30.02,3.39,-33.41,-33.41,3007.72,2974.31
659,SOL/INR,1h,LONG,2025-11-10 00:30:00+05:30,2025-11-10 05:30:00+05:30,163.83,13679.84,162.19,167.11,167.02,13946.46,TARGET_HIT,0.01,29.74,0.206552,2825.6,55.07,3.37,51.7,51.7,2974.31,3026.02
660,SOL/INR,1h,LONG,2025-11-10 15:30:00+05:30,2025-11-10 17:30:00+05:30,169.51,14154.19,167.82,172.9,167.73,14005.64,STOP_LOSS,0.01,30.26,0.2031,2874.71,-30.17,3.37,-33.54,-33.54,3026.02,2992.47
661,SOL/INR,1h,LONG,2025-11-10 19:30:00+05:30,2025-11-10 21:30:00+05:30,170.1,14203.2,168.4,173.5,168.31,14054.14,STOP_LOSS,0.01,29.92,0.200155,2842.85,-29.84,3.34,-33.17,-33.17,2992.47,2959.3
662,SOL/INR,1h,LONG,2025-11-11 08:30:00+05:30,2025-11-11 10:30:00+05:30,170.79,14260.71,169.08,174.2,168.99,14111.04,STOP_LOSS,0.01,29.59,0.197138,2811.33,-29.5,3.3,-32.8,-32.8,2959.3,2926.49
663,SOL/INR,1h,SHORT,2025-11-12 05:30:00+05:30,2025-11-12 10:30:00+05:30,154.19,12874.82,155.73,151.11,155.81,13010.07,STOP_LOSS,0.01,29.26,0.215938,2780.17,-29.21,3.3,-32.5,-32.5,2926.49,2893.99
664,SOL/INR,1h,SHORT,2025-11-12 13:30:00+05:30,2025-11-12 15:30:00+05:30,154.9,12934.22,156.45,151.8,156.53,13070.1,STOP_LOSS,0.01,28.94,0.212559,2749.29,-28.88,3.26,-32.14,-32.14,2893.99,2861.85
665,SOL/INR,1h,SHORT,2025-11-13 06:30:00+05:30,2025-11-13 08:30:00+05:30,152.73,12752.93,154.26,149.68,154.33,12886.89,STOP_LOSS,0.01,28.62,0.213187,2718.75,-28.56,3.22,-31.79,-31.79,2861.85,2830.06
666,SOL/INR,1h,SHORT,2025-11-14 06:30:00+05:30,2025-11-14 08:30:00+05:30,143.2,11957.61,144.64,140.34,144.71,12083.22,STOP_LOSS,0.01,28.3,0.224841,2688.56,-28.24,3.19,-31.43,-31.43,2830.06,2798.63
667,SOL/INR,1h,SHORT,2025-11-14 17:30:00+05:30,2025-11-14 19:30:00+05:30,139.98,11688.16,141.38,137.18,141.45,11810.94,STOP_LOSS,0.01,27.99,0.227469,2658.7,-27.93,3.15,-31.08,-31.08,2798.63,2767.55
668,SOL/INR,1h,SHORT,2025-11-14 23:30:00+05:30,2025-11-15 01:30:00+05:30,141.0,11773.33,142.41,138.18,142.48,11897.01,STOP_LOSS,0.01,27.68,0.223316,2629.17,-27.62,3.12,-30.74,-30.74,2767.55,2736.81
669,SOL/INR,1h,SHORT,2025-11-15 14:30:00+05:30,2025-11-15 20:30:00+05:30,140.56,11736.41,141.96,137.74,142.03,11859.71,STOP_LOSS,0.01,27.37,0.22153,2599.97,-27.31,3.08,-30.4,-30.4,2736.81,2706.41
670,SOL/INR,1h,SHORT,2025-11-16 19:30:00+05:30,2025-11-16 21:30:00+05:30,139.02,11608.2,140.41,136.24,136.31,11381.72,TARGET_HIT,0.01,27.06,0.221489,2571.09,50.16,3.0,47.16,47.16,2706.41,2753.57
671,SOL/INR,1h,SHORT,2025-11-21 21:30:00+05:30,2025-11-21 23:30:00+05:30,125.14,10448.88,126.39,122.63,126.45,10558.65,STOP_LOSS,0.01,27.54,0.250351,2615.89,-27.48,3.1,-30.58,-30.58,2753.57,2722.99
672,SOL/INR,1h,SHORT,2025-11-22 04:30:00+05:30,2025-11-22 06:30:00+05:30,125.6,10487.53,126.86,123.09,126.92,10597.71,STOP_LOSS,0.01,27.23,0.246658,2586.84,-27.17,3.07,-30.24,-30.24,2722.99,2692.74
673,SOL/INR,1h,SHORT,2025-11-22 08:30:00+05:30,2025-11-23 00:30:00+05:30,127.58,10652.85,128.85,125.03,127.76,10668.0,INTRADAY_SQUAREOFF,0.01,26.93,0.240133,2558.11,-3.64,3.02,-6.66,-6.66,2692.74,2686.08
674,SOL/INR,1h,LONG,2025-11-23 14:30:00+05:30,2025-11-23 19:30:00+05:30,129.61,10822.15,128.31,132.2,132.13,11033.08,TARGET_HIT,0.01,26.86,0.235792,2551.78,49.73,3.04,46.69,46.69,2686.08,2732.78
675,SOL/INR,1h,LONG,2025-11-23 21:30:00+05:30,2025-11-23 23:30:00+05:30,132.81,11089.87,131.48,135.47,131.42,10973.48,STOP_LOSS,0.01,27.33,0.2341,2596.14,-27.25,3.05,-30.29,-30.29,2732.78,2702.48
676,SOL/INR,1h,LONG,2025-11-25 02:30:00+05:30,2025-11-25 05:30:00+05:30,139.2,11622.96,137.81,141.98,137.74,11500.98,STOP_LOSS,0.01,27.02,0.220887,2567.36,-26.94,3.01,-29.96,-29.96,2702.48,2672.53
677,SOL/INR,1h,LONG,2025-11-25 10:30:00+05:30,2025-11-25 12:30:00+05:30,138.91,11598.62,137.52,141.68,137.45,11476.9,STOP_LOSS,0.01,26.73,0.218897,2538.9,-26.65,2.98,-29.63,-29.63,2672.53,2642.9
678,SOL/INR,1h,LONG,2025-11-25 16:30:00+05:30,2025-11-25 18:30:00+05:30,136.78,11421.21,135.41,139.52,135.35,11301.35,STOP_LOSS,0.01,26.43,0.219833,2510.75,-26.35,2.95,-29.3,-29.3,2642.9,2613.6
679,SOL/INR,1h,LONG,2025-11-26 12:30:00+05:30,2025-11-26 14:30:00+05:30,139.72,11666.22,138.32,142.51,138.25,11543.78,STOP_LOSS,0.01,26.14,0.21283,2482.92,-26.06,2.91,-28.97,-28.97,2613.6,2584.63
680,SOL/INR,1h,LONG,2025-11-27 12:30:00+05:30,2025-11-27 14:30:00+05:30,144.01,12024.98,142.57,146.89,142.5,11898.78,STOP_LOSS,0.01,25.85,0.204191,2455.4,-25.77,2.88,-28.65,-28.65,2584.63,2555.98
681,SOL/INR,1h,SHORT,2025-11-28 12:30:00+05:30,2025-11-28 14:30:00+05:30,139.36,11636.18,140.75,136.57,140.82,11758.42,STOP_LOSS,0.01,25.56,0.208675,2428.18,-25.51,2.88,-28.39,-28.39,2555.98,2527.59
682,SOL/INR,1h,SHORT,2025-12-01 15:30:00+05:30,2025-12-01 20:30:00+05:30,126.9,10596.49,128.17,124.37,124.43,10389.76,TARGET_HIT,0.01,25.28,0.226604,2401.21,46.85,2.81,44.04,44.04,2527.59,2571.63
683,SOL/INR,1h,LONG,2025-12-03 08:30:00+05:30,2025-12-03 10:30:00+05:30,140.24,11709.82,138.83,143.04,142.97,11938.04,TARGET_HIT,0.01,25.72,0.208633,2443.05,47.62,2.91,44.7,44.7,2571.63,2616.33
684,SOL/INR,1h,LONG,2025-12-03 23:30:00+05:30,2025-12-04 01:30:00+05:30,142.07,11862.76,140.65,144.91,141.23,11792.86,INTRADAY_SQUAREOFF,0.01,26.16,0.209523,2485.52,-14.65,2.92,-17.57,-17.57,2616.33,2598.76
685,SOL/INR,1h,LONG,2025-12-04 15:30:00+05:30,2025-12-04 17:30:00+05:30,144.12,12033.75,142.68,147.0,142.6,11907.46,STOP_LOSS,0.01,25.99,0.205158,2468.83,-25.91,2.9,-28.81,-28.81,2598.76,2569.96
686,SOL/INR,1h,LONG,2025-12-04 21:30:00+05:30,2025-12-04 23:30:00+05:30,143.39,11973.15,141.96,146.26,141.89,11847.49,STOP_LOSS,0.01,25.7,0.203911,2441.46,-25.62,2.87,-28.49,-28.49,2569.96,2541.47
687,SOL/INR,1h,SHORT,2025-12-05 03:30:00+05:30,2025-12-05 12:30:00+05:30,138.7,11581.65,140.09,135.93,140.16,11703.31,STOP_LOSS,0.01,25.41,0.208467,2414.39,-25.36,2.86,-28.23,-28.23,2541.47,2513.24
688,SOL/INR,1h,SHORT,2025-12-05 14:30:00+05:30,2025-12-05 19:30:00+05:30,137.99,11521.84,139.37,135.23,135.29,11297.04,TARGET_HIT,0.01,25.13,0.207222,2387.58,46.58,2.79,43.79,43.79,2513.24,2557.03
689,SOL/INR,1h,SHORT,2025-12-06 00:30:00+05:30,2025-12-06 02:30:00+05:30,131.22,10957.07,132.53,128.6,132.6,11072.18,STOP_LOSS,0.01,25.57,0.2217,2429.18,-25.52,2.88,-28.4,-28.4,2557.03,2528.63
690,SOL/INR,1h,SHORT,2025-12-06 10:30:00+05:30,2025-12-07 00:30:00+05:30,133.2,11122.44,134.53,130.54,132.9,11097.02,INTRADAY_SQUAREOFF,0.01,25.29,0.215978,2402.2,5.49,2.83,2.66,2.66,2528.63,2531.29
691,SOL/INR,1h,SHORT,2025-12-07 04:30:00+05:30,2025-12-07 08:30:00+05:30,132.14,11033.55,133.46,129.5,133.53,11149.45,STOP_LOSS,0.01,25.31,0.217947,2404.73,-25.26,2.85,-28.11,-28.11,2531.29,2503.18
692,SOL/INR,1h,SHORT,2025-12-07 10:30:00+05:30,2025-12-07 19:30:00+05:30,133.03,11107.83,134.36,130.37,130.43,10891.12,TARGET_HIT,0.01,25.03,0.214085,2378.02,46.4,2.78,43.62,43.62,2503.18,2546.79
693,SOL/INR,1h,LONG,2025-12-08 07:30:00+05:30,2025-12-08 13:30:00+05:30,133.81,11173.26,132.47,136.49,136.42,11391.03,TARGET_HIT,0.01,25.47,0.21654,2419.45,47.16,2.88,44.27,44.27,2546.79,2591.07
694,SOL/INR,1h,SHORT,2025-12-09 04:30:00+05:30,2025-12-09 20:30:00+05:30,133.58,11153.65,134.91,130.91,134.98,11270.81,STOP_LOSS,0.01,25.91,0.220691,2461.51,-25.86,2.92,-28.78,-28.78,2591.07,2562.29
695,SOL/INR,1h,SHORT,2025-12-11 06:30:00+05:30,2025-12-11 08:30:00+05:30,133.62,11157.39,134.96,130.95,131.01,10939.71,TARGET_HIT,0.01,25.62,0.218167,2434.17,47.49,2.84,44.65,44.65,2562.29,2606.93
696,SOL/INR,1h,LONG,2025-12-12 02:30:00+05:30,2025-12-12 11:30:00+05:30,136.12,11365.8,134.76,138.84,138.77,11587.32,TARGET_HIT,0.01,26.07,0.217898,2476.59,48.27,2.95,45.32,45.32,2606.93,2652.25
697,SOL/INR,1h,SHORT,2025-12-13 01:30:00+05:30,2025-12-13 03:30:00+05:30,130.66,10910.01,131.97,128.05,132.03,11024.62,STOP_LOSS,0.01,26.52,0.230947,2519.64,-26.47,2.99,-29.46,-29.46,2652.25,2622.79
698,SOL/INR,1h,SHORT,2025-12-13 17:30:00+05:30,2025-12-14 00:30:00+05:30,133.34,11134.05,134.68,130.68,132.46,11060.77,INTRADAY_SQUAREOFF,0.01,26.23,0.223787,2491.65,16.4,2.93,13.47,13.47,2622.79,2636.26
699,SOL/INR,1h,SHORT,2025-12-14 09:30:00+05:30,2025-12-14 22:30:00+05:30,132.93,11099.47,134.26,130.27,130.33,10882.92,TARGET_HIT,0.01,26.36,0.225637,2504.45,48.86,2.93,45.94,45.94,2636.26,2682.2
700,SOL/INR,1h,SHORT,2025-12-15 02:30:00+05:30,2025-12-15 06:30:00+05:30,129.7,10829.6,130.99,127.1,131.06,10943.37,STOP_LOSS,0.01,26.82,0.235289,2548.09,-26.77,3.02,-29.79,-29.79,2682.2,2652.41
701,SOL/INR,1h,LONG,2025-12-15 15:30:00+05:30,2025-12-15 20:30:00+05:30,132.79,11088.37,131.47,135.45,131.4,10972.0,STOP_LOSS,0.01,26.52,0.227246,2519.79,-26.45,2.96,-29.4,-29.4,2652.41,2623.01
702,SOL/INR,1h,SHORT,2025-12-16 13:30:00+05:30,2025-12-16 15:30:00+05:30,125.67,10493.12,126.92,123.15,126.99,10603.35,STOP_LOSS,0.01,26.23,0.237475,2491.86,-26.18,2.96,-29.13,-29.13,2623.01,2593.87
703,SOL/INR,1h,SHORT,2025-12-16 19:30:00+05:30,2025-12-16 21:30:00+05:30,127.52,10648.09,128.8,124.97,128.86,10759.95,STOP_LOSS,0.01,25.94,0.23142,2464.18,-25.89,2.92,-28.81,-28.81,2593.87,2565.06
704,SOL/INR,1h,LONG,2025-12-17 08:30:00+05:30,2025-12-17 10:30:00+05:30,129.42,10806.25,128.12,132.0,128.06,10692.84,STOP_LOSS,0.01,25.65,0.2255,2436.81,-25.57,2.86,-28.43,-28.43,2565.06,2536.63
705,SOL/INR,1h,LONG,2025-12-17 13:30:00+05:30,2025-12-17 15:30:00+05:30,128.38,10719.66,127.1,130.95,127.03,10607.15,STOP_LOSS,0.01,25.37,0.224802,2409.8,-25.29,2.83,-28.12,-28.12,2536.63,2508.51
706,SOL/INR,1h,SHORT,2025-12-18 11:30:00+05:30,2025-12-18 14:30:00+05:30,122.31,10213.3,123.54,119.87,123.6,10320.59,STOP_LOSS,0.01,25.09,0.233331,2383.08,-25.03,2.83,-27.86,-27.86,2508.51,2480.65
707,SOL/INR,1h,SHORT,2025-12-19 06:30:00+05:30,2025-12-19 08:30:00+05:30,118.1,9861.75,119.29,115.74,119.35,9965.35,STOP_LOSS,0.01,24.81,0.238965,2356.62,-24.76,2.8,-27.55,-27.55,2480.65,2453.1
708,SOL/INR,1h,LONG,2025-12-20 01:30:00+05:30,2025-12-21 00:30:00+05:30,126.48,10561.1,125.22,129.01,125.88,10510.9,INTRADAY_SQUAREOFF,0.01,24.53,0.220663,2330.44,-11.08,2.74,-13.82,-13.82,2453.1,2439.28
709,SOL/INR,1h,SHORT,2025-12-22 03:30:00+05:30,2025-12-22 05:30:00+05:30,124.73,10414.99,125.98,122.24,126.04,10524.4,STOP_LOSS,0.01,24.39,0.222498,2317.31,-24.34,2.75,-27.09,-27.09,2439.28,2412.18
710,SOL/INR,1h,LONG,2025-12-22 10:30:00+05:30,2025-12-23 00:30:00+05:30,126.65,10575.5,125.39,129.19,125.32,10464.51,STOP_LOSS,0.01,24.12,0.216687,2291.57,-24.05,2.69,-26.74,-26.74,2412.18,2385.44
711,SOL/INR,1h,SHORT,2025-12-23 08:30:00+05:30,2025-12-23 19:30:00+05:30,125.52,10480.82,126.77,123.01,123.07,10276.34,TARGET_HIT,0.01,23.85,0.216221,2266.17,44.21,2.65,41.57,41.57,2385.44,2427.01
712,SOL/INR,1h,SHORT,2025-12-24 07:30:00+05:30,2025-12-25 00:30:00+05:30,122.9,10262.38,124.13,120.44,122.47,10226.15,INTRADAY_SQUAREOFF,0.01,24.27,0.224671,2305.66,8.14,2.72,5.43,5.43,2427.01,2432.43
713,SOL/INR,1h,LONG,2025-12-26 00:30:00+05:30,2025-12-26 03:30:00+05:30,124.05,10358.13,122.81,126.53,122.75,10249.43,STOP_LOSS,0.01,24.32,0.223092,2310.81,-24.25,2.71,-26.96,-26.96,2432.43,2405.47
714,SOL/INR,1h,LONG,2025-12-28 13:30:00+05:30,2025-12-29 00:30:00+05:30,124.17,10368.14,122.93,126.65,123.08,10277.3,INTRADAY_SQUAREOFF,0.01,24.05,0.220406,2285.2,-20.02,2.68,-22.71,-22.71,2405.47,2382.76
715,SOL/INR,1h,SHORT,2025-12-30 00:30:00+05:30,2025-12-30 13:30:00+05:30,122.95,10265.98,124.18,120.49,124.24,10373.82,STOP_LOSS,0.01,23.83,0.220498,2263.63,-23.78,2.69,-26.46,-26.46,2382.76,2356.3
716,SOL/INR,1h,LONG,2025-12-30 20:30:00+05:30,2025-12-31 00:30:00+05:30,125.03,10440.3,123.78,127.53,124.37,10384.78,INTRADAY_SQUAREOFF,0.01,23.56,0.214408,2238.48,-11.9,2.63,-14.54,-14.54,2356.3,2341.76
717,SOL/INR,1h,LONG,2025-12-31 05:30:00+05:30,2026-01-01 00:30:00+05:30,125.01,10438.16,123.76,127.51,124.56,10400.95,INTRADAY_SQUAREOFF,0.01,23.42,0.213129,2224.67,-7.93,2.62,-10.55,-10.55,2341.76,2331.21
718,SOL/INR,1h,SHORT,2026-01-01 09:30:00+05:30,2026-01-02 00:30:00+05:30,124.85,10424.89,126.1,122.35,125.16,10451.01,INTRADAY_SQUAREOFF,0.01,23.31,0.212439,2214.65,-5.55,2.62,-8.17,-8.17,2331.21,2323.04
719,SOL/INR,1h,LONG,2026-01-02 09:30:00+05:30,2026-01-02 21:30:00+05:30,127.71,10663.38,126.43,130.26,130.19,10871.21,TARGET_HIT,0.01,23.23,0.20696,2206.89,43.01,2.63,40.38,40.38,2323.04,2363.43
720,SOL/INR,1h,LONG,2026-01-03 04:30:00+05:30,2026-01-03 10:30:00+05:30,133.04,11108.45,131.7,135.7,131.64,10991.87,STOP_LOSS,0.01,23.63,0.202121,2245.25,-23.56,2.64,-26.2,-26.2,2363.43,2337.23
721,SOL/INR,1h,LONG,2026-01-04 09:30:00+05:30,2026-01-05 00:30:00+05:30,134.57,11236.77,133.23,137.26,134.04,11192.51,INTRADAY_SQUAREOFF,0.01,23.37,0.197598,2220.36,-8.75,2.61,-11.36,-11.36,2337.23,2325.86
722,SOL/INR,1h,LONG,2026-01-05 16:30:00+05:30,2026-01-05 18:30:00+05:30,135.92,11349.43,134.56,138.64,134.49,11230.31,STOP_LOSS,0.01,23.26,0.194686,2209.57,-23.19,2.59,-25.78,-25.78,2325.86,2300.08
723,SOL/INR,1h,LONG,2026-01-06 09:30:00+05:30,2026-01-06 19:30:00+05:30,138.5,11564.62,137.11,141.27,141.2,11790.01,TARGET_HIT,0.01,23.0,0.188945,2185.08,42.59,2.6,39.98,39.98,2300.08,2340.07
724,SOL/INR,1h,SHORT,2026-01-07 07:30:00+05:30,2026-01-07 20:30:00+05:30,138.8,11589.96,140.19,136.03,136.09,11363.84,TARGET_HIT,0.01,23.4,0.191809,2223.06,43.37,2.6,40.77,40.77,2340.07,2380.84
725,SOL/INR,1h,SHORT,2026-01-08 09:30:00+05:30,2026-01-08 17:30:00+05:30,136.56,11402.38,137.92,133.82,133.89,11179.92,TARGET_HIT,0.01,23.81,0.198362,2261.8,44.13,2.64,41.48,41.48,2380.84,2422.32
726,SOL/INR,1h,LONG,2026-01-09 03:30:00+05:30,2026-01-09 06:30:00+05:30,139.56,11652.97,138.16,142.35,138.09,11530.67,STOP_LOSS,0.01,24.22,0.197478,2301.21,-24.15,2.7,-26.85,-26.85,2422.32,2395.47
727,SOL/INR,1h,LONG,2026-01-09 09:30:00+05:30,2026-01-09 12:30:00+05:30,140.96,11770.16,139.55,143.78,139.48,11646.63,STOP_LOSS,0.01,23.95,0.193345,2275.7,-23.88,2.67,-26.55,-26.55,2395.47,2368.92
728,SOL/INR,1h,LONG,2026-01-09 19:30:00+05:30,2026-01-09 23:30:00+05:30,138.8,11589.61,137.41,141.57,137.34,11467.98,STOP_LOSS,0.01,23.69,0.19418,2250.47,-23.62,2.64,-26.26,-26.26,2368.92,2342.66
729,SOL/INR,1h,LONG,2026-01-12 00:30:00+05:30,2026-01-12 02:30:00+05:30,139.98,11688.64,138.58,142.78,138.51,11565.97,STOP_LOSS,0.01,23.43,0.190401,2225.52,-23.36,2.61,-25.97,-25.97,2342.66,2316.69
730,SOL/INR,1h,LONG,2026-01-12 05:30:00+05:30,2026-01-12 07:30:00+05:30,139.56,11653.31,138.17,142.35,142.28,11880.43,TARGET_HIT,0.01,23.17,0.188861,2200.85,42.89,2.62,40.27,40.27,2316.69,2356.96
731,SOL/INR,1h,LONG,2026-01-14 01:30:00+05:30,2026-01-14 03:30:00+05:30,144.29,12047.81,142.84,147.17,147.1,12282.62,TARGET_HIT,0.01,23.57,0.185852,2239.11,43.64,2.67,40.97,40.97,2356.96,2397.93
732,SOL/INR,1h,LONG,2026-01-14 09:30:00+05:30,2026-01-14 11:30:00+05:30,146.18,12206.21,144.72,149.11,144.65,12078.1,STOP_LOSS,0.01,23.98,0.186629,2278.04,-23.91,2.67,-26.58,-26.58,2397.93,2371.35
733,SOL/INR,1h,LONG,2026-01-14 20:30:00+05:30,2026-01-14 23:30:00+05:30,147.2,12290.92,145.72,150.14,145.65,12161.93,STOP_LOSS,0.01,23.71,0.183288,2252.78,-23.64,2.64,-26.29,-26.29,2371.35,2345.06
734,SOL/INR,1h,SHORT,2026-01-15 23:30:00+05:30,2026-01-16 01:30:00+05:30,142.57,11904.68,144.0,139.72,141.52,11817.26,INTRADAY_SQUAREOFF,0.01,23.45,0.187137,2227.81,16.36,2.62,13.74,13.74,2345.06,2358.8
735,SOL/INR,1h,SHORT,2026-01-16 09:30:00+05:30,2026-01-16 11:30:00+05:30,141.84,11843.96,143.26,139.01,143.33,11968.38,STOP_LOSS,0.01,23.59,0.189199,2240.86,-23.54,2.66,-26.2,-26.2,2358.8,2332.61
736,SOL/INR,1h,SHORT,2026-01-16 19:30:00+05:30,2026-01-17 00:30:00+05:30,142.75,11919.58,144.18,139.89,144.25,12044.79,STOP_LOSS,0.01,23.33,0.185911,2215.98,-23.28,2.63,-25.91,-25.91,2332.61,2306.7
737,SOL/INR,1h,LONG,2026-01-17 14:30:00+05:30,2026-01-18 00:30:00+05:30,144.24,12043.64,142.79,147.12,144.12,12034.14,INTRADAY_SQUAREOFF,0.01,23.07,0.181952,2191.36,-1.73,2.58,-4.31,-4.31,2306.7,2302.39
738,SOL/INR,1h,SHORT,2026-01-18 12:30:00+05:30,2026-01-19 00:30:00+05:30,142.52,11900.54,143.95,139.67,142.88,11930.65,INTRADAY_SQUAREOFF,0.01,23.02,0.183796,2187.27,-5.53,2.58,-8.12,-8.12,2302.39,2294.27
739,SOL/INR,1h,SHORT,2026-01-19 05:30:00+05:30,2026-01-19 07:30:00+05:30,137.89,11514.15,139.27,135.14,135.2,11289.51,TARGET_HIT,0.01,22.94,0.189294,2179.55,42.52,2.55,39.98,39.98,2294.27,2334.24
740,SOL/INR,1h,SHORT,2026-01-19 11:30:00+05:30,2026-01-20 00:30:00+05:30,133.26,11127.31,134.59,130.6,134.26,11210.91,INTRADAY_SQUAREOFF,0.01,23.34,0.199287,2217.53,-16.66,2.63,-19.29,-19.29,2334.24,2314.96
741,SOL/INR,1h,SHORT,2026-01-20 03:30:00+05:30,2026-01-20 11:30:00+05:30,134.01,11189.59,135.35,131.33,131.39,10971.28,TARGET_HIT,0.01,23.15,0.196541,2199.21,42.91,2.57,40.34,40.34,2314.96,2355.29
742,SOL/INR,1h,SHORT,2026-01-20 19:30:00+05:30,2026-01-21 00:30:00+05:30,128.34,10716.17,129.62,125.77,127.05,10608.52,INTRADAY_SQUAREOFF,0.01,23.55,0.208799,2237.53,22.48,2.63,19.85,19.85,2355.29,2375.14
743,SOL/INR,1h,SHORT,2026-01-21 04:30:00+05:30,2026-01-21 06:30:00+05:30,125.82,10506.28,127.08,123.31,127.15,10616.65,STOP_LOSS,0.01,23.75,0.214766,2256.39,-23.7,2.68,-26.38,-26.38,2375.14,2348.76
744,SOL/INR,1h,SHORT,2026-01-21 08:30:00+05:30,2026-01-21 10:30:00+05:30,126.7,10579.47,127.97,124.17,128.03,10690.6,STOP_LOSS,0.01,23.49,0.210911,2231.33,-23.44,2.65,-26.09,-26.09,2348.76,2322.68
745,SOL/INR,1h,SHORT,2026-01-21 13:30:00+05:30,2026-01-21 19:30:00+05:30,127.4,10638.24,128.68,124.86,128.74,10749.99,STOP_LOSS,0.01,23.23,0.207416,2206.54,-23.18,2.62,-25.8,-25.8,2322.68,2296.88
746,SOL/INR,1h,SHORT,2026-01-23 00:30:00+05:30,2026-01-23 09:30:00+05:30,127.59,10653.48,128.86,125.03,128.93,10765.4,STOP_LOSS,0.01,22.97,0.204819,2182.04,-22.92,2.59,-25.51,-25.51,2296.88,2271.37
747,SOL/INR,1h,SHORT,2026-01-23 11:30:00+05:30,2026-01-23 19:30:00+05:30,128.25,10709.24,129.54,125.69,125.75,10500.3,TARGET_HIT,0.01,22.71,0.20149,2157.8,42.1,2.52,39.58,39.58,2271.37,2310.95
748,SOL/INR,1h,LONG,2026-01-24 08:30:00+05:30,2026-01-25 00:30:00+05:30,127.61,10655.42,126.33,130.16,127.14,10616.22,INTRADAY_SQUAREOFF,0.01,23.11,0.206036,2195.4,-8.08,2.59,-10.66,-10.66,2310.95,2300.29
749,SOL/INR,1h,LONG,2026-01-25 04:30:00+05:30,2026-01-25 13:30:00+05:30,127.51,10647.11,126.24,130.06,126.17,10535.37,STOP_LOSS,0.01,23.0,0.205246,2185.27,-22.93,2.57,-25.5,-25.5,2300.29,2274.79
750,SOL/INR,1h,SHORT,2026-01-25 20:30:00+05:30,2026-01-25 22:30:00+05:30,125.58,10485.82,126.83,123.07,123.13,10281.24,TARGET_HIT,0.01,22.75,0.206092,2161.05,42.16,2.53,39.64,39.64,2274.79,2314.42
751,SOL/INR,1h,LONG,2026-01-27 03:30:00+05:30,2026-01-27 18:30:00+05:30,124.57,10401.87,123.33,127.06,123.27,10292.71,STOP_LOSS,0.01,23.14,0.211376,2198.7,-23.08,2.58,-25.66,-25.66,2314.42,2288.77
752,SOL/INR,1h,LONG,2026-01-27 21:30:00+05:30,2026-01-28 00:30:00+05:30,124.69,10411.45,123.44,127.18,125.53,10481.78,INTRADAY_SQUAREOFF,0.01,22.89,0.20884,2174.33,14.69,2.57,12.11,12.11,2288.77,2300.88
753,SOL/INR,1h,LONG,2026-01-28 12:30:00+05:30,2026-01-28 14:30:00+05:30,127.34,10633.26,126.07,129.89,126.01,10521.67,STOP_LOSS,0.01,23.01,0.205566,2185.84,-22.94,2.57,-25.51,-25.51,2300.88,2275.37
754,SOL/INR,1h,LONG,2026-01-28 17:30:00+05:30,2026-01-28 19:30:00+05:30,128.02,10690.03,126.74,130.58,126.68,10577.84,STOP_LOSS,0.01,22.75,0.202208,2161.6,-22.69,2.54,-25.22,-25.22,2275.37,2250.15
755,SOL/INR,1h,SHORT,2026-01-29 15:30:00+05:30,2026-01-29 20:30:00+05:30,122.85,10257.64,124.07,120.39,120.45,10057.51,TARGET_HIT,0.01,22.5,0.208395,2137.64,41.71,2.5,39.21,39.21,2250.15,2289.36
756,SOL/INR,1h,SHORT,2026-01-30 00:30:00+05:30,2026-01-30 02:30:00+05:30,115.64,9655.96,116.8,113.33,116.86,9757.4,STOP_LOSS,0.01,22.89,0.225238,2174.89,-22.85,2.58,-25.43,-25.43,2289.36,2263.93
757,SOL/INR,1h,SHORT,2026-01-30 12:30:00+05:30,2026-01-30 14:30:00+05:30,113.18,9450.47,114.31,110.92,114.37,9549.75,STOP_LOSS,0.01,22.64,0.22758,2150.73,-22.59,2.55,-25.14,-25.14,2263.93,2238.79
758,SOL/INR,1h,SHORT,2026-01-30 19:30:00+05:30,2026-01-30 21:30:00+05:30,115.42,9637.51,116.57,113.11,116.63,9738.75,STOP_LOSS,0.01,22.39,0.220684,2126.85,-22.34,2.52,-24.87,-24.87,2238.79,2213.92
759,SOL/INR,1h,SHORT,2026-01-31 18:30:00+05:30,2026-01-31 20:30:00+05:30,115.03,9605.19,116.18,112.73,112.79,9417.79,TARGET_HIT,0.01,22.14,0.218967,2103.22,41.03,2.46,38.58,38.58,2213.92,2252.5
760,SOL/INR,1h,SHORT,2026-02-01 09:30:00+05:30,2026-02-01 12:30:00+05:30,104.58,8732.49,105.63,102.49,105.68,8824.22,STOP_LOSS,0.01,22.52,0.245047,2139.87,-22.48,2.54,-25.02,-25.02,2252.5,2227.48
761,SOL/INR,1h,SHORT,2026-02-01 16:30:00+05:30,2026-02-01 18:30:00+05:30,103.92,8677.59,104.96,101.84,105.01,8768.75,STOP_LOSS,0.01,22.27,0.243859,2116.11,-22.23,2.51,-24.74,-24.74,2227.48,2202.74
762,SOL/INR,1h,SHORT,2026-02-02 01:30:00+05:30,2026-02-02 04:30:00+05:30,101.59,8482.92,102.61,99.56,99.61,8317.42,TARGET_HIT,0.01,22.03,0.246684,2092.6,40.83,2.45,38.38,38.38,2202.74,2241.12
763,SOL/INR,1h,SHORT,2026-02-02 11:30:00+05:30,2026-02-02 13:30:00+05:30,97.86,8170.9,98.83,95.9,98.88,8256.73,STOP_LOSS,0.01,22.41,0.260567,2129.06,-22.37,2.53,-24.89,-24.89,2241.12,2216.23
764,SOL/INR,1h,SHORT,2026-02-03 01:30:00+05:30,2026-02-03 03:30:00+05:30,103.57,8648.0,104.6,101.5,104.66,8738.85,STOP_LOSS,0.01,22.16,0.243457,2105.42,-22.12,2.5,-24.61,-24.61,2216.23,2191.61
765,SOL/INR,1h,SHORT,2026-02-03 05:30:00+05:30,2026-02-03 19:30:00+05:30,104.4,8717.19,105.44,102.31,102.36,8547.12,TARGET_HIT,0.01,21.92,0.238842,2082.03,40.62,2.43,38.19,38.19,2191.61,2229.8
766,SOL/INR,1h,SHORT,2026-02-03 23:30:00+05:30,2026-02-04 01:30:00+05:30,99.05,8270.49,100.04,97.07,100.09,8357.37,STOP_LOSS,0.01,22.3,0.256129,2118.31,-22.25,2.51,-24.77,-24.77,2229.8,2205.04
767,SOL/INR,1h,SHORT,2026-02-04 04:30:00+05:30,2026-02-04 06:30:00+05:30,98.27,8205.53,99.25,96.3,99.3,8291.73,STOP_LOSS,0.01,22.05,0.255289,2094.78,-22.01,2.48,-24.49,-24.49,2205.04,2180.55
768,SOL/INR,1h,SHORT,2026-02-04 08:30:00+05:30,2026-02-04 11:30:00+05:30,97.38,8131.47,98.36,95.44,98.41,8216.89,STOP_LOSS,0.01,21.81,0.254753,2071.52,-21.76,2.46,-24.22,-24.22,2180.55,2156.33
769,SOL/INR,1h,SHORT,2026-02-04 19:30:00+05:30,2026-02-04 21:30:00+05:30,94.4,7882.35,95.34,92.51,92.56,7728.56,TARGET_HIT,0.01,21.56,0.259886,2048.51,39.97,2.39,37.57,37.57,2156.33,2193.9
770,SOL/INR,1h,SHORT,2026-02-05 03:30:00+05:30,2026-02-05 05:30:00+05:30,90.62,7566.69,91.53,88.81,91.57,7646.17,STOP_LOSS,0.01,21.94,0.275445,2084.21,-21.89,2.47,-24.37,-24.37,2193.9,2169.53
771,SOL/INR,1h,SHORT,2026-02-05 12:30:00+05:30,2026-02-05 14:30:00+05:30,89.71,7490.48,90.6,87.91,90.65,7569.17,STOP_LOSS,0.01,21.7,0.275157,2061.06,-21.65,2.44,-24.1,-24.1,2169.53,2145.44
772,SOL/INR,1h,SHORT,2026-02-05 16:30:00+05:30,2026-02-05 18:30:00+05:30,90.05,7519.32,90.95,88.25,88.29,7372.62,TARGET_HIT,0.01,21.45,0.271057,2038.17,39.76,2.38,37.38,37.38,2145.44,2182.82
773,SOL/INR,1h,SHORT,2026-02-05 21:30:00+05:30,2026-02-05 23:30:00+05:30,83.94,7009.13,84.78,82.26,82.3,6872.38,TARGET_HIT,0.01,21.83,0.295854,2073.68,40.46,2.42,38.03,38.03,2182.82,2220.85
774,SOL/INR,1h,SHORT,2026-02-06 02:30:00+05:30,2026-02-06 04:30:00+05:30,78.02,6514.33,78.8,76.46,78.84,6582.76,STOP_LOSS,0.01,22.21,0.323872,2109.81,-22.16,2.5,-24.67,-24.67,2220.85,2196.19
775,SOL/INR,1h,LONG,2026-02-07 01:30:00+05:30,2026-02-07 03:30:00+05:30,87.19,7280.37,86.32,88.93,88.89,7422.27,TARGET_HIT,0.01,21.96,0.286576,2086.38,40.66,2.49,38.18,38.18,2196.19,2234.37
776,SOL/INR,1h,LONG,2026-02-07 09:30:00+05:30,2026-02-07 11:30:00+05:30,88.25,7368.48,87.36,90.01,87.32,7291.14,STOP_LOSS,0.01,22.34,0.288071,2122.65,-22.28,2.49,-24.77,-24.77,2234.37,2209.6
777,SOL/INR,1h,LONG,2026-02-07 23:30:00+05:30,2026-02-08 01:30:00+05:30,87.57,7312.07,86.69,89.32,88.18,7363.04,INTRADAY_SQUAREOFF,0.01,22.1,0.287076,2099.12,14.63,2.49,12.15,12.15,2209.6,2221.74
778,SOL/INR,1h,LONG,2026-02-08 07:30:00+05:30,2026-02-08 09:30:00+05:30,87.95,7343.55,87.07,89.71,87.02,7266.48,STOP_LOSS,0.01,22.22,0.287417,2110.66,-22.15,2.48,-24.63,-24.63,2221.74,2197.12
779,SOL/INR,1h,LONG,2026-02-08 14:30:00+05:30,2026-02-08 16:30:00+05:30,88.61,7398.67,87.72,90.38,87.68,7321.02,STOP_LOSS,0.01,21.97,0.282113,2087.26,-21.91,2.45,-24.36,-24.36,2197.12,2172.76
780,SOL/INR,1h,LONG,2026-02-09 01:30:00+05:30,2026-02-09 03:30:00+05:30,88.43,7383.64,87.54,90.2,87.5,7306.15,STOP_LOSS,0.01,21.73,0.279553,2064.12,-21.66,2.42,-24.09,-24.09,2172.76,2148.67
781,SOL/INR,1h,LONG,2026-02-09 09:30:00+05:30,2026-02-09 11:30:00+05:30,87.73,7325.47,86.85,89.48,86.81,7248.59,STOP_LOSS,0.01,21.49,0.27865,2041.24,-21.42,2.4,-23.82,-23.82,2148.67,2124.86
782,SOL/INR,1h,LONG,2026-02-10 07:30:00+05:30,2026-02-10 09:30:00+05:30,87.38,7296.46,86.51,89.13,86.47,7219.88,STOP_LOSS,0.01,21.25,0.276656,2018.61,-21.19,2.37,-23.55,-23.55,2124.86,2101.3
783,SOL/INR,1h,SHORT,2026-02-11 02:30:00+05:30,2026-02-11 05:30:00+05:30,82.44,6883.46,83.26,80.79,83.3,6955.77,STOP_LOSS,0.01,21.01,0.290005,1996.24,-20.97,2.37,-23.34,-23.34,2101.3,2077.96
784,SOL/INR,1h,SHORT,2026-02-11 10:30:00+05:30,2026-02-11 19:30:00+05:30,81.84,6833.79,82.66,80.2,82.7,6905.58,STOP_LOSS,0.01,20.78,0.288868,1974.06,-20.74,2.34,-23.08,-23.08,2077.96,2054.88
785,SOL/INR,1h,SHORT,2026-02-12 04:30:00+05:30,2026-02-12 06:30:00+05:30,79.47,6635.37,80.26,77.88,80.3,6705.07,STOP_LOSS,0.01,20.55,0.294202,1952.14,-20.51,2.32,-22.82,-22.82,2054.88,2032.06
786,SOL/INR,1h,SHORT,2026-02-12 18:30:00+05:30,2026-02-12 21:30:00+05:30,80.86,6751.61,81.67,79.24,79.28,6619.88,TARGET_HIT,0.01,20.32,0.285926,1930.46,37.66,2.26,35.41,35.41,2032.06,2067.47
787,SOL/INR,1h,LONG,2026-02-14 06:30:00+05:30,2026-02-14 16:30:00+05:30,85.05,7101.55,84.2,86.75,86.71,7239.96,TARGET_HIT,0.01,20.67,0.276572,1964.09,38.28,2.34,35.94,35.94,2067.47,2103.41
788,SOL/INR,1h,LONG,2026-02-14 20:30:00+05:30,2026-02-15 00:30:00+05:30,87.34,7292.86,86.47,89.09,87.95,7343.81,INTRADAY_SQUAREOFF,0.01,21.03,0.273999,1998.24,13.96,2.37,11.6,11.6,2103.41,2115.0
789,SOL/INR,1h,LONG,2026-02-15 04:30:00+05:30,2026-02-15 06:30:00+05:30,88.72,7408.09,87.83,90.49,87.79,7330.34,STOP_LOSS,0.01,21.15,0.271224,2009.25,-21.09,2.36,-23.45,-23.45,2115.0,2091.56
790,SOL/INR,1h,LONG,2026-02-15 09:30:00+05:30,2026-02-15 12:30:00+05:30,88.67,7403.88,87.78,90.44,90.4,7548.18,TARGET_HIT,0.01,20.92,0.26837,1986.98,38.73,2.37,36.36,36.36,2091.56,2127.92
791,SOL/INR,1h,SHORT,2026-02-16 07:30:00+05:30,2026-02-16 18:30:00+05:30,85.46,7135.52,86.31,83.75,86.35,7210.48,STOP_LOSS,0.01,21.28,0.283304,2021.52,-21.24,2.4,-23.63,-23.63,2127.92,2104.28
792,SOL/INR,1h,LONG,2026-02-17 12:30:00+05:30,2026-02-17 14:30:00+05:30,86.71,7240.23,85.84,88.44,85.8,7164.25,STOP_LOSS,0.01,21.04,0.276105,1999.07,-20.98,2.35,-23.33,-23.33,2104.28,2080.96
793,SOL/INR,1h,SHORT,2026-02-18 06:30:00+05:30,2026-02-18 13:30:00+05:30,84.8,7080.75,85.65,83.1,85.69,7155.14,STOP_LOSS,0.01,20.81,0.279194,1976.91,-20.77,2.35,-23.11,-23.11,2080.96,2057.84
794,SOL/INR,1h,SHORT,2026-02-18 16:30:00+05:30,2026-02-18 18:30:00+05:30,84.16,7027.3,85.0,82.48,82.52,6890.2,TARGET_HIT,0.01,20.58,0.278194,1954.95,38.14,2.28,35.86,35.86,2057.84,2093.7
795,SOL/INR,1h,SHORT,2026-02-18 22:30:00+05:30,2026-02-19 00:30:00+05:30,82.13,6857.47,82.95,80.48,81.31,6789.65,INTRADAY_SQUAREOFF,0.01,20.94,0.290051,1989.01,19.67,2.34,17.34,17.34,2093.7,2111.04
796,SOL/INR,1h,SHORT,2026-02-19 14:30:00+05:30,2026-02-19 18:30:00+05:30,81.63,6816.45,82.45,80.0,80.04,6683.46,TARGET_HIT,0.01,21.11,0.294213,2005.49,39.13,2.34,36.78,36.78,2111.04,2147.82
797,SOL/INR,1h,LONG,2026-02-20 11:30:00+05:30,2026-02-20 18:30:00+05:30,83.56,6977.44,82.73,85.23,82.69,6904.21,STOP_LOSS,0.01,21.48,0.292433,2040.43,-21.41,2.4,-23.81,-23.81,2147.82,2124.01
798,SOL/INR,1h,LONG,2026-02-21 19:30:00+05:30,2026-02-22 00:30:00+05:30,85.67,7153.63,84.82,87.39,86.56,7227.93,INTRADAY_SQUAREOFF,0.01,21.24,0.282068,2017.81,20.96,2.39,18.56,18.56,2124.01,2142.58
799,SOL/INR,1h,SHORT,2026-02-23 02:30:00+05:30,2026-02-23 06:30:00+05:30,83.01,6931.23,83.84,81.35,81.39,6796.0,TARGET_HIT,0.01,21.43,0.293663,2035.45,39.71,2.38,37.33,37.33,2142.58,2179.91
800,SOL/INR,1h,SHORT,2026-02-23 10:30:00+05:30,2026-02-23 12:30:00+05:30,77.25,6450.19,78.02,75.7,78.06,6517.94,STOP_LOSS,0.01,21.8,0.321063,2070.91,-21.75,2.46,-24.21,-24.21,2179.91,2155.7
801,SOL/INR,1h,SHORT,2026-02-23 14:30:00+05:30,2026-02-23 16:30:00+05:30,78.61,6563.66,79.39,77.03,79.43,6632.61,STOP_LOSS,0.01,21.56,0.312008,2047.91,-21.51,2.43,-23.94,-23.94,2155.7,2131.75
802,SOL/INR,1h,SHORT,2026-02-24 05:30:00+05:30,2026-02-25 00:30:00+05:30,77.66,6484.31,78.43,76.1,78.25,6533.46,INTRADAY_SQUAREOFF,0.01,21.32,0.312318,2025.17,-15.35,2.4,-17.75,-17.75,2131.75,2114.01
803,SOL/INR,1h,LONG,2026-02-25 07:30:00+05:30,2026-02-25 09:30:00+05:30,82.33,6874.26,81.5,83.97,81.46,6802.11,STOP_LOSS,0.01,21.14,0.292149,2008.31,-21.08,2.36,-23.43,-23.43,2114.01,2090.57
804,SOL/INR,1h,LONG,2026-02-25 13:30:00+05:30,2026-02-25 18:30:00+05:30,82.35,6876.34,81.53,84.0,83.96,7010.36,TARGET_HIT,0.01,20.91,0.288823,1986.04,38.71,2.37,36.34,36.34,2090.57,2126.91
805,SOL/INR,1h,LONG,2026-02-26 10:30:00+05:30,2026-02-26 12:30:00+05:30,88.93,7425.78,88.04,90.71,88.0,7347.84,STOP_LOSS,0.01,21.27,0.272102,2020.57,-21.21,2.37,-23.58,-23.58,2126.91,2103.34
806,SOL/INR,1h,LONG,2026-02-26 15:30:00+05:30,2026-02-26 17:30:00+05:30,88.43,7383.59,87.54,90.19,87.5,7306.1,STOP_LOSS,0.01,21.03,0.270623,1998.17,-20.97,2.35,-23.32,-23.32,2103.34,2080.02
807,SOL/INR,1h,SHORT,2026-02-27 11:30:00+05:30,2026-02-27 15:30:00+05:30,87.49,7305.39,88.36,85.74,85.78,7162.86,TARGET_HIT,0.01,20.8,0.270488,1976.02,38.55,2.31,36.24,36.24,2080.02,2116.26
808,SOL/INR,1h,SHORT,2026-02-27 22:30:00+05:30,2026-02-28 00:30:00+05:30,81.45,6801.32,82.27,79.82,81.53,6807.42,INTRADAY_SQUAREOFF,0.01,21.16,0.295597,2010.45,-1.8,2.37,-4.18,-4.18,2116.26,2112.09
809,SOL/INR,1h,SHORT,2026-02-28 03:30:00+05:30,2026-02-28 05:30:00+05:30,81.08,6770.38,81.89,79.46,81.93,6841.5,STOP_LOSS,0.01,21.12,0.296362,2006.48,-21.08,2.38,-23.46,-23.46,2112.09,2088.63
810,SOL/INR,1h,SHORT,2026-02-28 09:30:00+05:30,2026-02-28 11:30:00+05:30,81.61,6814.02,82.42,79.97,80.01,6681.08,TARGET_HIT,0.01,20.89,0.291194,1984.2,38.71,2.32,36.39,36.39,2088.63,2125.02
811,SOL/INR,1h,LONG,2026-03-01 02:30:00+05:30,2026-03-01 06:30:00+05:30,84.89,7088.0,84.04,86.58,86.54,7226.15,TARGET_HIT,0.01,21.25,0.284815,2018.77,39.35,2.41,36.94,36.94,2125.02,2161.96
812,SOL/INR,1h,LONG,2026-03-01 19:30:00+05:30,2026-03-01 21:30:00+05:30,86.64,7234.51,85.77,88.37,85.73,7158.58,STOP_LOSS,0.01,21.62,0.283898,2053.87,-21.56,2.41,-23.97,-23.97,2161.96,2138.0
813,SOL/INR,1h,SHORT,2026-03-02 12:30:00+05:30,2026-03-02 14:30:00+05:30,83.05,6934.97,83.88,81.39,83.93,7007.83,STOP_LOSS,0.01,21.38,0.292877,2031.1,-21.34,2.41,-23.75,-23.75,2138.0,2114.25
814,SOL/INR,1h,SHORT,2026-03-02 19:30:00+05:30,2026-03-02 21:30:00+05:30,82.93,6924.72,83.76,81.27,83.8,6997.46,STOP_LOSS,0.01,21.14,0.290053,2008.54,-21.1,2.38,-23.48,-23.48,2114.25,2090.77
815,SOL/INR,1h,LONG,2026-03-03 02:30:00+05:30,2026-03-03 04:30:00+05:30,87.95,7343.85,87.07,89.71,87.03,7266.78,STOP_LOSS,0.01,20.91,0.270462,1986.23,-20.85,2.33,-23.18,-23.18,2090.77,2067.59
816,SOL/INR,1h,SHORT,2026-03-03 16:30:00+05:30,2026-03-03 20:30:00+05:30,83.79,6996.22,84.62,82.11,84.67,7069.72,STOP_LOSS,0.01,20.68,0.280753,1964.21,-20.63,2.33,-22.96,-22.96,2067.59,2044.63
817,SOL/INR,1h,LONG,2026-03-04 11:30:00+05:30,2026-03-04 13:30:00+05:30,85.86,7169.37,85.0,87.58,87.53,7309.1,TARGET_HIT,0.01,20.45,0.27093,1942.4,37.86,2.31,35.54,35.54,2044.63,2080.17
818,SOL/INR,1h,LONG,2026-03-04 19:30:00+05:30,2026-03-04 21:30:00+05:30,90.05,7518.82,89.15,91.85,91.8,7665.36,TARGET_HIT,0.01,20.8,0.262829,1976.16,38.52,2.35,36.16,36.16,2080.17,2116.33
819,SOL/INR,1h,LONG,2026-03-05 01:30:00+05:30,2026-03-05 03:30:00+05:30,93.85,7836.72,92.91,95.73,92.87,7754.47,STOP_LOSS,0.01,21.16,0.256551,2010.52,-21.1,2.36,-23.46,-23.46,2116.33,2092.87
820,SOL/INR,1h,LONG,2026-03-05 12:30:00+05:30,2026-03-05 15:30:00+05:30,90.93,7592.59,90.02,92.75,92.7,7740.57,TARGET_HIT,0.01,20.93,0.261864,1988.23,38.75,2.37,36.38,36.38,2092.87,2129.25
821,SOL/INR,1h,SHORT,2026-03-06 05:30:00+05:30,2026-03-06 17:30:00+05:30,88.65,7402.2,89.54,86.88,86.92,7257.79,TARGET_HIT,0.01,21.29,0.273269,2022.79,39.46,2.36,37.1,37.1,2129.25,2166.35
822,SOL/INR,1h,SHORT,2026-03-06 22:30:00+05:30,2026-03-07 00:30:00+05:30,84.25,7034.86,85.09,82.56,85.13,7108.76,STOP_LOSS,0.01,21.66,0.292548,2058.04,-21.62,2.44,-24.06,-24.06,2166.35,2142.29
823,SOL/INR,1h,SHORT,2026-03-07 09:30:00+05:30,2026-03-08 00:30:00+05:30,84.4,7047.16,85.24,82.71,82.75,6909.67,TARGET_HIT,0.01,21.42,0.288794,2035.18,39.71,2.38,37.33,37.33,2142.29,2179.62
824,SOL/INR,1h,SHORT,2026-03-08 08:30:00+05:30,2026-03-08 14:30:00+05:30,82.37,6877.66,83.19,80.72,83.23,6949.91,STOP_LOSS,0.01,21.8,0.301067,2070.64,-21.75,2.46,-24.21,-24.21,2179.62,2155.41
825,SOL/INR,1h,SHORT,2026-03-08 22:30:00+05:30,2026-03-09 00:30:00+05:30,81.45,6801.18,82.27,79.82,82.31,6872.63,STOP_LOSS,0.01,21.55,0.301072,2047.64,-21.51,2.43,-23.94,-23.94,2155.41,2131.47
826,SOL/INR,1h,SHORT,2026-03-09 05:30:00+05:30,2026-03-09 07:30:00+05:30,81.58,6812.24,82.4,79.95,82.44,6883.81,STOP_LOSS,0.01,21.31,0.297244,2024.9,-21.27,2.4,-23.67,-23.67,2131.47,2107.8
827,SOL/INR,1h,LONG,2026-03-09 19:30:00+05:30,2026-03-09 21:30:00+05:30,85.65,7152.15,84.8,87.37,84.76,7077.09,STOP_LOSS,0.01,21.08,0.279973,2002.41,-21.02,2.35,-23.37,-23.37,2107.8,2084.43
828,SOL/INR,1h,LONG,2026-03-10 08:30:00+05:30,2026-03-10 19:30:00+05:30,86.76,7244.67,85.89,88.5,85.85,7168.63,STOP_LOSS,0.01,20.84,0.273334,1980.21,-20.78,2.32,-23.11,-23.11,2084.43,2061.33
829,SOL/INR,1h,LONG,2026-03-13 01:30:00+05:30,2026-03-13 05:30:00+05:30,86.9,7255.92,86.03,88.64,88.59,7397.34,TARGET_HIT,0.01,20.61,0.269885,1958.26,38.17,2.33,35.83,35.83,2061.33,2097.16
830,SOL/INR,1h,LONG,2026-03-13 15:30:00+05:30,2026-03-13 18:30:00+05:30,89.62,7483.67,88.73,91.42,91.37,7629.53,TARGET_HIT,0.01,20.97,0.26622,1992.3,38.83,2.37,36.46,36.46,2097.16,2133.62
831,SOL/INR,1h,SHORT,2026-03-14 04:30:00+05:30,2026-03-14 09:30:00+05:30,87.78,7329.59,88.66,86.02,88.7,7406.59,STOP_LOSS,0.01,21.34,0.276542,2026.94,-21.29,2.4,-23.7,-23.7,2133.62,2109.92
832,SOL/INR,1h,SHORT,2026-03-14 14:30:00+05:30,2026-03-15 00:30:00+05:30,87.12,7274.61,87.99,85.38,87.09,7271.61,INTRADAY_SQUAREOFF,0.01,21.1,0.275537,2004.42,0.82,2.36,-1.54,-1.54,2109.92,2108.38
833,SOL/INR,1h,LONG,2026-03-15 08:30:00+05:30,2026-03-15 18:30:00+05:30,88.52,7391.07,87.63,90.29,87.59,7313.5,STOP_LOSS,0.01,21.08,0.270997,2002.96,-21.02,2.35,-23.37,-23.37,2108.38,2085.01
834,SOL/INR,1h,LONG,2026-03-15 23:30:00+05:30,2026-03-16 01:30:00+05:30,88.74,7410.16,87.86,90.52,88.14,7359.81,INTRADAY_SQUAREOFF,0.01,20.85,0.267303,1980.76,-13.46,2.33,-15.79,-15.79,2085.01,2069.22
835,SOL/INR,1h,LONG,2026-03-16 09:30:00+05:30,2026-03-16 19:30:00+05:30,93.7,7823.88,92.76,95.57,92.72,7741.77,STOP_LOSS,0.01,20.69,0.251251,1965.76,-20.63,2.31,-22.94,-22.94,2069.22,2046.28
836,SOL/INR,1h,SHORT,2026-03-19 04:30:00+05:30,2026-03-19 08:30:00+05:30,89.95,7510.45,90.85,88.15,90.89,7589.35,STOP_LOSS,0.01,20.46,0.258835,1943.97,-20.42,2.31,-22.73,-22.73,2046.28,2023.55
837,SOL/INR,1h,SHORT,2026-03-19 10:30:00+05:30,2026-03-19 18:30:00+05:30,89.79,7497.54,90.69,88.0,88.04,7351.27,TARGET_HIT,0.01,20.24,0.256401,1922.37,37.51,2.25,35.26,35.26,2023.55,2058.81
838,SOL/INR,1h,SHORT,2026-03-20 04:30:00+05:30,2026-03-20 06:30:00+05:30,88.49,7389.21,89.38,86.72,89.42,7466.84,STOP_LOSS,0.01,20.59,0.264693,1955.87,-20.55,2.32,-22.87,-22.87,2058.81,2035.94
839,SOL/INR,1h,SHORT,2026-03-20 12:30:00+05:30,2026-03-21 00:30:00+05:30,88.99,7430.61,89.88,87.21,88.57,7395.22,INTRADAY_SQUAREOFF,0.01,20.36,0.260294,1934.15,9.21,2.28,6.94,6.94,2035.94,2042.88
840,SOL/INR,1h,SHORT,2026-03-23 12:30:00+05:30,2026-03-23 16:30:00+05:30,85.58,7145.74,86.43,83.87,86.48,7220.8,STOP_LOSS,0.01,20.43,0.271594,1940.74,-20.39,2.3,-22.69,-22.69,2042.88,2020.19
841,SOL/INR,1h,LONG,2026-03-24 02:30:00+05:30,2026-03-24 04:30:00+05:30,91.98,7680.73,91.06,93.82,91.02,7600.12,STOP_LOSS,0.01,20.2,0.24987,1919.18,-20.14,2.25,-22.39,-22.39,2020.19,1997.8
842,SOL/INR,1h,LONG,2026-03-24 12:30:00+05:30,2026-03-24 19:30:00+05:30,90.48,7554.84,89.57,92.29,89.53,7475.55,STOP_LOSS,0.01,19.98,0.251217,1897.91,-19.92,2.23,-22.15,-22.15,1997.8,1975.65
843,SOL/INR,1h,SHORT,2026-03-24 22:30:00+05:30,2026-03-25 00:30:00+05:30,89.17,7445.36,90.06,87.38,89.03,7434.32,INTRADAY_SQUAREOFF,0.01,19.76,0.252086,1876.87,2.78,2.21,0.57,0.57,1975.65,1976.22
844,SOL/INR,1h,LONG,2026-03-25 16:30:00+05:30,2026-03-25 20:30:00+05:30,92.66,7736.91,91.73,94.51,91.69,7655.71,STOP_LOSS,0.01,19.76,0.242656,1877.41,-19.7,2.2,-21.91,-21.91,1976.22,1954.31
845,SOL/INR,1h,SHORT,2026-03-26 11:30:00+05:30,2026-03-26 19:30:00+05:30,89.13,7442.76,90.03,87.35,87.4,7297.56,TARGET_HIT,0.01,19.54,0.24945,1856.6,36.22,2.17,34.05,34.05,1954.31,1988.37
846,SOL/INR,1h,SHORT,2026-03-26 23:30:00+05:30,2026-03-27 01:30:00+05:30,86.65,7235.44,87.52,84.92,85.65,7152.13,INTRADAY_SQUAREOFF,0.01,19.88,0.261069,1888.95,21.75,2.22,19.53,19.53,1988.37,2007.9
847,SOL/INR,1h,SHORT,2026-03-27 09:30:00+05:30,2026-03-27 13:30:00+05:30,86.33,7208.84,87.2,84.61,84.65,7068.2,TARGET_HIT,0.01,20.08,0.264606,1907.51,37.22,2.23,34.99,34.99,2007.9,2042.89
848,SOL/INR,1h,SHORT,2026-03-27 19:30:00+05:30,2026-03-28 00:30:00+05:30,82.72,6907.43,83.55,81.07,82.37,6878.13,INTRADAY_SQUAREOFF,0.01,20.43,0.280964,1940.74,8.23,2.29,5.95,5.95,2042.89,2048.83
849,SOL/INR,1h,SHORT,2026-03-28 08:30:00+05:30,2026-03-28 12:30:00+05:30,82.4,6880.37,83.22,80.75,83.27,6952.65,STOP_LOSS,0.01,20.49,0.282891,1946.39,-20.45,2.31,-22.76,-22.76,2048.83,2026.08
850,SOL/INR,1h,SHORT,2026-03-29 19:30:00+05:30,2026-03-30 00:30:00+05:30,81.78,6828.83,82.6,80.15,81.79,6829.36,INTRADAY_SQUAREOFF,0.01,20.26,0.28186,1924.78,-0.15,2.27,-2.42,-2.42,2026.08,2023.66
851,SOL/INR,1h,LONG,2026-03-30 10:30:00+05:30,2026-03-30 23:30:00+05:30,83.7,6989.08,82.86,85.38,82.82,6915.73,STOP_LOSS,0.01,20.24,0.275068,1922.47,-20.18,2.26,-22.43,-22.43,2023.66,2001.22
852,SOL/INR,1h,SHORT,2026-03-31 10:30:00+05:30,2026-03-31 14:30:00+05:30,83.27,6952.63,84.1,81.6,81.64,6816.98,TARGET_HIT,0.01,20.01,0.273445,1901.16,37.09,2.22,34.87,34.87,2001.22,2036.09
853,SOL/INR,1h,SHORT,2026-03-31 20:30:00+05:30,2026-03-31 22:30:00+05:30,80.5,6721.62,81.3,78.89,81.34,6792.24,STOP_LOSS,0.01,20.36,0.287771,1934.29,-20.32,2.29,-22.61,-22.61,2036.09,2013.48
854,SOL/INR,1h,SHORT,2026-04-02 07:30:00+05:30,2026-04-02 18:30:00+05:30,79.11,6605.87,79.9,77.53,77.57,6476.99,TARGET_HIT,0.01,20.13,0.289562,1912.81,37.32,2.24,35.08,35.08,2013.48,2048.56
855,SOL/INR,1h,LONG,2026-04-03 21:30:00+05:30,2026-04-04 00:30:00+05:30,80.54,6724.77,79.73,82.15,80.09,6687.89,INTRADAY_SQUAREOFF,0.01,20.49,0.289398,1946.14,-10.67,2.29,-12.96,-12.96,2048.56,2035.6
856,SOL/INR,1h,LONG,2026-04-04 12:30:00+05:30,2026-04-05 00:30:00+05:30,80.51,6722.83,79.71,82.12,80.85,6750.99,INTRADAY_SQUAREOFF,0.01,20.36,0.28765,1933.82,8.1,2.29,5.81,5.81,2035.6,2041.42
857,SOL/INR,1h,LONG,2026-04-05 03:30:00+05:30,2026-04-05 10:30:00+05:30,81.01,6764.14,80.2,82.63,80.16,6693.15,STOP_LOSS,0.01,20.41,0.28671,1939.35,-20.35,2.28,-22.63,-22.63,2041.42,2018.79
858,SOL/INR,1h,SHORT,2026-04-05 18:30:00+05:30,2026-04-05 20:30:00+05:30,78.84,6583.38,79.63,77.27,79.67,6652.54,STOP_LOSS,0.01,20.19,0.291316,1917.85,-20.15,2.27,-22.42,-22.42,2018.79,1996.36
859,SOL/INR,1h,SHORT,2026-04-06 01:30:00+05:30,2026-04-06 03:30:00+05:30,79.57,6644.1,80.37,77.98,80.41,6713.9,STOP_LOSS,0.01,19.96,0.285448,1896.55,-19.92,2.25,-22.17,-22.17,1996.36,1974.19
860,SOL/INR,1h,LONG,2026-04-06 08:30:00+05:30,2026-04-06 11:30:00+05:30,82.7,6905.29,81.87,84.35,81.83,6832.82,STOP_LOSS,0.01,19.74,0.271601,1875.48,-19.68,2.2,-21.88,-21.88,1974.19,1952.31
861,SOL/INR,1h,SHORT,2026-04-07 11:30:00+05:30,2026-04-07 14:30:00+05:30,79.47,6635.77,80.27,77.88,80.31,6705.48,STOP_LOSS,0.01,19.52,0.279499,1854.69,-19.48,2.2,-21.68,-21.68,1952.31,1930.62
862,SOL/INR,1h,SHORT,2026-04-07 16:30:00+05:30,2026-04-07 22:30:00+05:30,79.33,6624.3,80.13,77.75,80.17,6693.89,STOP_LOSS,0.01,19.31,0.276873,1834.09,-19.27,2.18,-21.44,-21.44,1930.62,1909.18
863,SOL/INR,1h,LONG,2026-04-08 14:30:00+05:30,2026-04-08 19:30:00+05:30,84.88,7087.6,84.03,86.58,83.99,7013.22,STOP_LOSS,0.01,19.09,0.255901,1813.72,-19.04,2.13,-21.16,-21.16,1909.18,1888.02
864,SOL/INR,1h,SHORT,2026-04-09 00:30:00+05:30,2026-04-09 20:30:00+05:30,82.85,6918.31,83.68,81.2,83.72,6990.99,STOP_LOSS,0.01,18.88,0.259256,1793.62,-18.84,2.13,-20.97,-20.97,1888.02,1867.05
865,SOL/INR,1h,LONG,2026-04-09 23:30:00+05:30,2026-04-10 01:30:00+05:30,84.6,7064.26,83.76,86.29,84.01,7014.47,INTRADAY_SQUAREOFF,0.01,18.67,0.25108,1773.69,-12.5,2.09,-14.58,-14.58,1867.05,1852.46
866,SOL/INR,1h,LONG,2026-04-10 10:30:00+05:30,2026-04-10 19:30:00+05:30,83.42,6965.9,82.59,85.09,85.05,7101.67,TARGET_HIT,0.01,18.52,0.252636,1759.84,34.3,2.1,32.2,32.2,1852.46,1884.67
867,SOL/INR,1h,LONG,2026-04-11 21:30:00+05:30,2026-04-12 00:30:00+05:30,84.8,7080.75,83.95,86.5,85.4,7131.02,INTRADAY_SQUAREOFF,0.01,18.85,0.252859,1790.43,12.71,2.12,10.59,10.59,1884.67,1895.26
868,SOL/INR,1h,SHORT,2026-04-12 15:30:00+05:30,2026-04-13 00:30:00+05:30,82.2,6863.34,83.02,80.55,82.23,6866.0,INTRADAY_SQUAREOFF,0.01,18.95,0.262335,1800.49,-0.7,2.12,-2.82,-2.82,1895.26,1892.44
869,SOL/INR,1h,SHORT,2026-04-13 08:30:00+05:30,2026-04-13 18:30:00+05:30,81.91,6839.7,82.73,80.27,82.77,6911.55,STOP_LOSS,0.01,18.92,0.26285,1797.81,-18.89,2.13,-21.02,-21.02,1892.44,1871.42
870,SOL/INR,1h,LONG,2026-04-14 01:30:00+05:30,2026-04-14 03:30:00+05:30,84.26,7035.84,83.42,85.95,85.9,7172.97,TARGET_HIT,0.01,18.71,0.252684,1777.85,34.65,2.12,32.53,32.53,1871.42,1903.95
871,SOL/INR,1h,LONG,2026-04-14 12:30:00+05:30,2026-04-14 21:30:00+05:30,86.11,7190.43,85.25,87.84,85.21,7114.97,STOP_LOSS,0.01,19.04,0.25155,1808.75,-18.98,2.12,-21.11,-21.11,1903.95,1882.84
872,SOL/INR,1h,SHORT,2026-04-15 11:30:00+05:30,2026-04-15 17:30:00+05:30,82.96,6927.03,83.79,81.3,83.83,6999.8,STOP_LOSS,0.01,18.83,0.25822,1788.7,-18.79,2.12,-20.91,-20.91,1882.84,1861.93
873,SOL/INR,1h,LONG,2026-04-16 21:30:00+05:30,2026-04-16 23:30:00+05:30,87.11,7273.98,86.24,88.86,88.81,7415.75,TARGET_HIT,0.01,18.62,0.243173,1768.83,34.47,2.11,32.37,32.37,1861.93,1894.3
874,SOL/INR,1h,LONG,2026-04-17 12:30:00+05:30,2026-04-17 18:30:00+05:30,88.16,7361.7,87.28,89.93,89.88,7505.18,TARGET_HIT,0.01,18.94,0.244452,1799.58,35.07,2.14,32.93,32.93,1894.3,1927.23
875,SOL/INR,1h,LONG,2026-04-17 22:30:00+05:30,2026-04-18 00:30:00+05:30,90.57,7562.2,89.66,92.38,89.61,7482.83,STOP_LOSS,0.01,19.27,0.242108,1830.87,-19.21,2.15,-21.36,-21.36,1927.23,1905.86
876,SOL/INR,1h,SHORT,2026-04-19 00:30:00+05:30,2026-04-19 18:30:00+05:30,85.81,7164.89,86.67,84.09,86.71,7240.16,STOP_LOSS,0.01,19.06,0.2527,1810.57,-19.02,2.15,-21.17,-21.17,1905.86,1884.7
877,SOL/INR,1h,SHORT,2026-04-20 11:30:00+05:30,2026-04-20 13:30:00+05:30,83.76,6993.8,84.6,82.08,84.64,7067.27,STOP_LOSS,0.01,18.85,0.256007,1790.46,-18.81,2.12,-20.93,-20.93,1884.7,1863.76
878,SOL/INR,1h,SHORT,2026-04-20 20:30:00+05:30,2026-04-20 22:30:00+05:30,84.57,7061.4,85.41,82.88,85.46,7135.58,STOP_LOSS,0.01,18.64,0.25074,1770.58,-18.6,2.1,-20.7,-20.7,1863.76,1843.06
879,SOL/INR,1h,LONG,2026-04-22 11:30:00+05:30,2026-04-23 00:30:00+05:30,88.36,7378.41,87.48,90.13,87.44,7300.97,STOP_LOSS,0.01,18.43,0.237302,1750.91,-18.38,2.06,-20.43,-20.43,1843.06,1822.63
880,SOL/INR,1h,LONG,2026-04-23 03:30:00+05:30,2026-04-23 05:30:00+05:30,87.72,7324.94,86.85,89.48,86.8,7248.07,STOP_LOSS,0.01,18.23,0.236384,1731.5,-18.17,2.03,-20.2,-20.2,1822.63,1802.43
881,SOL/INR,1h,SHORT,2026-04-24 00:30:00+05:30,2026-04-24 03:30:00+05:30,85.22,7115.65,86.07,83.51,86.11,7190.4,STOP_LOSS,0.01,18.02,0.24064,1712.31,-17.99,2.03,-20.02,-20.02,1802.43,1782.41
882,SOL/INR,1h,SHORT,2026-04-24 08:30:00+05:30,2026-04-24 17:30:00+05:30,85.78,7162.39,86.63,84.06,86.68,7237.63,STOP_LOSS,0.01,17.82,0.236414,1693.29,-17.79,2.01,-19.8,-19.8,1782.41,1762.61
883,SOL/INR,1h,SHORT,2026-04-26 07:30:00+05:30,2026-04-26 23:30:00+05:30,85.95,7176.57,86.81,84.23,86.85,7251.96,STOP_LOSS,0.01,17.63,0.233326,1674.48,-17.59,1.99,-19.58,-19.58,1762.61,1743.04
884,SOL/INR,1h,SHORT,2026-04-28 07:30:00+05:30,2026-04-29 00:30:00+05:30,84.34,7042.21,85.18,82.65,83.83,6999.96,INTRADAY_SQUAREOFF,0.01,17.43,0.235137,1655.88,9.93,1.95,7.98,7.98,1743.04,1751.02
885,SOL/INR,1h,SHORT,2026-04-30 08:30:00+05:30,2026-04-30 14:30:00+05:30,82.62,6898.66,83.44,80.97,83.49,6971.13,STOP_LOSS,0.01,17.51,0.241129,1663.47,-17.47,1.97,-19.45,-19.45,1751.02,1731.57
886,SOL/INR,1h,SHORT,2026-04-30 22:30:00+05:30,2026-05-01 00:30:00+05:30,82.88,6920.36,83.71,81.22,83.05,6934.8,INTRADAY_SQUAREOFF,0.01,17.32,0.237704,1644.99,-3.43,1.94,-5.38,-5.38,1731.57,1726.2
887,SOL/INR,1h,SHORT,2026-05-01 03:30:00+05:30,2026-05-01 06:30:00+05:30,82.79,6912.85,83.62,81.13,83.66,6985.47,STOP_LOSS,0.01,17.26,0.237223,1639.89,-17.23,1.95,-19.17,-19.17,1726.2,1707.02
888,SOL/INR,1h,LONG,2026-05-04 07:30:00+05:30,2026-05-04 15:30:00+05:30,84.93,7091.86,84.08,86.63,84.04,7017.43,STOP_LOSS,0.01,17.07,0.228667,1621.67,-17.02,1.9,-18.92,-18.92,1707.02,1688.1
889,SOL/INR,1h,LONG,2026-05-04 20:30:00+05:30,2026-05-04 22:30:00+05:30,85.36,7127.78,84.51,87.07,84.47,7052.98,STOP_LOSS,0.01,16.88,0.224992,1603.7,-16.83,1.88,-18.71,-18.71,1688.1,1669.39
890,SOL/INR,1h,LONG,2026-05-05 06:30:00+05:30,2026-05-06 05:30:00+05:30,84.39,7046.75,83.55,86.08,86.04,7184.09,TARGET_HIT,0.01,16.69,0.225057,1585.92,30.91,1.89,29.02,29.02,1669.39,1698.41
891,SOL/INR,1h,LONG,2026-05-06 12:30:00+05:30,2026-05-06 14:30:00+05:30,87.57,7312.41,86.7,89.33,89.28,7454.93,TARGET_HIT,0.01,16.98,0.220651,1613.49,31.45,1.92,29.52,29.52,1698.41,1727.93
892,SOL/INR,1h,LONG,2026-05-06 17:30:00+05:30,2026-05-06 19:30:00+05:30,90.05,7518.76,89.14,91.85,89.1,7439.85,STOP_LOSS,0.01,17.28,0.218325,1641.54,-17.23,1.93,-19.15,-19.15,1727.93,1708.78
893,SOL/INR,1h,LONG,2026-05-07 10:30:00+05:30,2026-05-07 12:30:00+05:30,88.42,7383.42,87.54,90.19,90.15,7527.32,TARGET_HIT,0.01,17.09,0.219863,1623.34,31.64,1.93,29.7,29.7,1708.78,1738.48
894,SOL/INR,1h,LONG,2026-05-07 17:30:00+05:30,2026-05-07 19:30:00+05:30,89.7,7490.35,88.81,91.5,88.76,7411.74,STOP_LOSS,0.01,17.38,0.220491,1651.56,-17.33,1.94,-19.27,-19.27,1738.48,1719.21
895,SOL/INR,1h,LONG,2026-05-08 05:30:00+05:30,2026-05-08 22:30:00+05:30,88.53,7392.61,87.65,90.3,90.26,7536.69,TARGET_HIT,0.01,17.19,0.22093,1633.25,31.83,1.95,29.89,29.89,1719.21,1749.1
896,SOL/INR,1h,LONG,2026-05-09 06:30:00+05:30,2026-05-10 00:30:00+05:30,92.67,7737.64,91.74,94.52,93.33,7793.33,INTRADAY_SQUAREOFF,0.01,17.49,0.214748,1661.64,11.96,1.97,9.99,9.99,1749.1,1759.09
897,SOL/INR,1h,LONG,2026-05-10 09:30:00+05:30,2026-05-10 22:30:00+05:30,93.54,7810.32,92.6,95.41,95.36,7962.54,TARGET_HIT,0.01,17.59,0.213965,1671.13,32.57,1.99,30.58,30.58,1759.09,1789.67
898,SOL/INR,1h,LONG,2026-05-11 11:30:00+05:30,2026-05-11 13:30:00+05:30,95.9,8007.48,94.94,97.82,94.89,7923.44,STOP_LOSS,0.01,17.9,0.212325,1700.18,-17.84,2.0,-19.84,-19.84,1789.67,1769.83
899,SOL/INR,1h,LONG,2026-05-11 21:30:00+05:30,2026-05-12 00:30:00+05:30,96.85,8086.84,95.88,98.79,97.25,8120.49,INTRADAY_SQUAREOFF,0.01,17.7,0.20791,1681.34,7.0,1.99,5.01,5.01,1769.83,1774.84
900,SOL/INR,1h,SHORT,2026-05-14 08:30:00+05:30,2026-05-14 10:30:00+05:30,90.39,7547.96,91.3,88.59,91.34,7627.26,STOP_LOSS,0.01,17.75,0.223384,1686.09,-17.71,2.0,-19.71,-19.71,1774.84,1755.12
901,SOL/INR,1h,SHORT,2026-05-14 13:30:00+05:30,2026-05-14 19:30:00+05:30,90.61,7566.33,91.52,88.8,91.57,7645.81,STOP_LOSS,0.01,17.55,0.220367,1667.37,-17.52,1.98,-19.49,-19.49,1755.12,1735.63
902,SOL/INR,1h,LONG,2026-05-15 13:30:00+05:30,2026-05-15 17:30:00+05:30,91.75,7660.78,90.83,93.58,90.78,7580.38,STOP_LOSS,0.01,17.36,0.215233,1648.85,-17.3,1.94,-19.24,-19.24,1735.63,1716.39
903,SOL/INR,1h,SHORT,2026-05-16 01:30:00+05:30,2026-05-16 12:30:00+05:30,89.28,7454.49,90.17,87.49,87.53,7309.05,TARGET_HIT,0.01,17.16,0.218737,1630.57,31.81,1.91,29.91,29.91,1716.39,1746.3
904,SOL/INR,1h,SHORT,2026-05-16 15:30:00+05:30,2026-05-16 19:30:00+05:30,85.7,7155.71,86.55,83.98,86.6,7230.88,STOP_LOSS,0.01,17.46,0.23184,1658.98,-17.43,1.97,-19.4,-19.4,1746.3,1726.9
905,SOL/INR,1h,SHORT,2026-05-17 06:30:00+05:30,2026-05-17 09:30:00+05:30,85.89,7171.57,86.75,84.17,86.79,7246.9,STOP_LOSS,0.01,17.27,0.228758,1640.56,-17.23,1.95,-19.18,-19.18,1726.9,1707.72
906,SOL/INR,1h,SHORT,2026-05-17 18:30:00+05:30,2026-05-18 00:30:00+05:30,86.64,7234.16,87.5,84.9,86.43,7217.17,INTRADAY_SQUAREOFF,0.01,17.08,0.22426,1622.34,3.81,1.91,1.9,1.9,1707.72,1709.62
907,SOL/INR,1h,SHORT,2026-05-18 04:30:00+05:30,2026-05-18 15:30:00+05:30,85.94,7175.74,86.8,84.22,84.26,7035.74,TARGET_HIT,0.01,17.1,0.226337,1624.14,31.69,1.9,29.79,29.79,1709.62,1739.41
908,SOL/INR,1h,SHORT,2026-05-19 00:30:00+05:30,2026-05-19 02:30:00+05:30,83.4,6963.76,84.23,81.73,84.27,7036.91,STOP_LOSS,0.01,17.39,0.237291,1652.44,-17.36,1.96,-19.32,-19.32,1739.41,1720.09
909,SOL/INR,1h,SHORT,2026-05-19 07:30:00+05:30,2026-05-20 00:30:00+05:30,84.79,7079.76,85.64,83.09,84.37,7045.08,INTRADAY_SQUAREOFF,0.01,17.2,0.230811,1634.09,8.01,1.92,6.08,6.08,1720.09,1726.17
910,SOL/INR,1h,SHORT,2026-05-20 04:30:00+05:30,2026-05-20 10:30:00+05:30,83.91,7006.32,84.75,82.23,84.79,7079.92,STOP_LOSS,0.01,17.26,0.234055,1639.86,-17.23,1.95,-19.17,-19.17,1726.17,1707.0
911,SOL/INR,1h,LONG,2026-05-21 13:30:00+05:30,2026-05-21 15:30:00+05:30,86.69,7238.89,85.83,88.43,85.78,7162.92,STOP_LOSS,0.01,17.07,0.224019,1621.65,-17.02,1.9,-18.92,-18.92,1707.0,1688.08
912,SOL/INR,1h,LONG,2026-05-21 19:30:00+05:30,2026-05-21 22:30:00+05:30,86.07,7187.1,85.21,87.79,87.75,7327.17,TARGET_HIT,0.01,16.88,0.223132,1603.67,31.26,1.91,29.34,29.34,1688.08,1717.42
913,SOL/INR,1h,LONG,2026-05-22 01:30:00+05:30,2026-05-22 04:30:00+05:30,87.81,7332.46,86.94,89.57,86.89,7255.5,STOP_LOSS,0.01,17.17,0.222511,1631.55,-17.12,1.92,-19.04,-19.04,1717.42,1698.38
914,SOL/INR,1h,LONG,2026-05-22 17:30:00+05:30,2026-05-22 19:30:00+05:30,87.29,7289.02,86.42,89.04,86.38,7212.52,STOP_LOSS,0.01,16.98,0.221356,1613.47,-16.93,1.89,-18.83,-18.83,1698.38,1679.56
915,SOL/INR,1h,SHORT,2026-05-23 10:30:00+05:30,2026-05-23 12:30:00+05:30,84.21,7031.36,85.05,82.52,82.56,6894.18,TARGET_HIT,0.01,16.8,0.226923,1595.58,31.13,1.86,29.27,29.27,1679.56,1708.82
916,SOL/INR,1h,LONG,2026-05-24 11:30:00+05:30,2026-05-24 19:30:00+05:30,86.1,7189.6,85.24,87.83,85.2,7114.15,STOP_LOSS,0.01,17.09,0.225796,1623.38,-17.04,1.91,-18.94,-18.94,1708.82,1689.88
917,SOL/INR,1h,SHORT,2026-05-25 07:30:00+05:30,2026-05-25 09:30:00+05:30,84.69,7071.42,85.53,82.99,85.58,7145.7,STOP_LOSS,0.01,16.9,0.227025,1605.39,-16.86,1.9,-18.77,-18.77,1689.88,1671.11
918,SOL/INR,1h,SHORT,2026-05-25 17:30:00+05:30,2026-05-26 00:30:00+05:30,85.6,7147.36,86.45,83.89,85.87,7170.39,INTRADAY_SQUAREOFF,0.01,16.71,0.222118,1587.56,-5.11,1.88,-6.99,-6.99,1671.11,1664.12
919,SOL/INR,1h,SHORT,2026-05-27 09:30:00+05:30,2026-05-27 13:30:00+05:30,83.33,6957.91,84.16,81.66,84.2,7031.01,STOP_LOSS,0.01,16.64,0.227211,1580.91,-16.61,1.88,-18.48,-18.48,1664.12,1645.64
920,SOL/INR,1h,SHORT,2026-05-27 23:30:00+05:30,2026-05-28 01:30:00+05:30,82.98,6928.7,83.81,81.32,83.85,7001.49,STOP_LOSS,0.01,16.46,0.225635,1563.36,-16.42,1.85,-18.28,-18.28,1645.64,1627.36
921,SOL/INR,1h,SHORT,2026-05-28 08:30:00+05:30,2026-05-28 19:30:00+05:30,81.87,6836.07,82.69,80.23,80.27,6702.69,TARGET_HIT,0.01,16.27,0.226152,1545.99,30.16,1.81,28.36,28.36,1627.36,1655.72
922,SOL/INR,1h,SHORT,2026-06-01 07:30:00+05:30,2026-06-01 09:30:00+05:30,81.6,6813.53,82.42,79.97,82.46,6885.11,STOP_LOSS,0.01,16.56,0.230854,1572.93,-16.52,1.87,-18.39,-18.39,1655.72,1637.33
923,SOL/INR,1h,SHORT,2026-06-02 07:30:00+05:30,2026-06-02 09:30:00+05:30,79.93,6674.16,80.73,78.33,80.77,6744.27,STOP_LOSS,0.01,16.37,0.233057,1555.46,-16.34,1.85,-18.19,-18.19,1637.33,1619.14
924,SOL/INR,1h,SHORT,2026-06-02 17:30:00+05:30,2026-06-02 19:30:00+05:30,78.7,6571.5,79.49,77.13,77.17,6443.29,TARGET_HIT,0.01,16.19,0.234069,1538.18,30.01,1.8,28.21,28.21,1619.14,1647.35
925,SOL/INR,1h,SHORT,2026-06-03 04:30:00+05:30,2026-06-03 06:30:00+05:30,73.27,6118.32,74.01,71.81,74.04,6182.6,STOP_LOSS,0.01,16.47,0.255787,1564.99,-16.44,1.86,-18.3,-18.3,1647.35,1629.06
926,SOL/INR,1h,SHORT,2026-06-03 19:30:00+05:30,2026-06-03 21:30:00+05:30,74.26,6200.95,75.01,72.78,72.81,6079.97,TARGET_HIT,0.01,16.29,0.249576,1547.6,30.19,1.81,28.39,28.39,1629.06,1657.44
927,SOL/INR,1h,SHORT,2026-06-04 01:30:00+05:30,2026-06-04 03:30:00+05:30,71.62,5980.62,72.34,70.19,72.38,6043.44,STOP_LOSS,0.01,16.57,0.263279,1574.57,-16.54,1.87,-18.41,-18.41,1657.44,1639.03
928,SOL/INR,1h,SHORT,2026-06-04 13:30:00+05:30,2026-06-04 15:30:00+05:30,69.05,5765.3,69.74,67.66,67.7,5652.82,TARGET_HIT,0.01,16.39,0.270079,1557.08,30.38,1.82,28.56,28.56,1639.03,1667.59
929,SOL/INR,1h,SHORT,2026-06-05 03:30:00+05:30,2026-06-05 05:30:00+05:30,67.56,5640.94,68.23,66.21,68.27,5700.2,STOP_LOSS,0.01,16.68,0.280842,1584.21,-16.64,1.88,-18.52,-18.52,1667.59,1649.07
930,SOL/INR,1h,SHORT,2026-06-05 08:30:00+05:30,2026-06-05 10:30:00+05:30,67.1,5602.55,67.77,65.75,67.8,5661.41,STOP_LOSS,0.01,16.49,0.279626,1566.62,-16.46,1.86,-18.32,-18.32,1649.07,1630.76
931,SOL/INR,1h,SHORT,2026-06-06 00:30:00+05:30,2026-06-06 02:30:00+05:30,62.57,5224.49,63.19,61.32,63.23,5279.37,STOP_LOSS,0.01,16.31,0.29653,1549.22,-16.27,1.84,-18.11,-18.11,1630.76,1612.64
932,SOL/INR,1h,SHORT,2026-06-06 09:30:00+05:30,2026-06-06 11:30:00+05:30,62.58,5225.32,63.2,61.33,63.24,5280.21,STOP_LOSS,0.01,16.13,0.29319,1532.01,-16.09,1.82,-17.91,-17.91,1612.64,1594.73
933,SOL/INR,1h,LONG,2026-06-08 05:30:00+05:30,2026-06-08 09:30:00+05:30,66.57,5558.87,65.91,67.9,65.87,5500.53,STOP_LOSS,0.01,15.95,0.272537,1515.0,-15.9,1.78,-17.68,-17.68,1594.73,1577.06
934,SOL/INR,1h,LONG,2026-06-08 13:30:00+05:30,2026-06-08 20:30:00+05:30,66.2,5527.96,65.54,67.53,67.49,5635.7,TARGET_HIT,0.01,15.77,0.271023,1498.2,29.2,1.79,27.41,27.41,1577.06,1604.47
935,SOL/INR,1h,SHORT,2026-06-10 03:30:00+05:30,2026-06-10 13:30:00+05:30,64.82,5412.27,65.47,63.52,63.55,5306.67,TARGET_HIT,0.01,16.04,0.281628,1524.25,29.74,1.78,27.96,27.96,1604.47,1632.43
936,SOL/INR,1h,LONG,2026-06-12 08:30:00+05:30,2026-06-12 10:30:00+05:30,67.23,5614.01,66.56,68.58,66.53,5555.09,STOP_LOSS,0.01,16.32,0.276239,1550.81,-16.28,1.82,-18.1,-18.1,1632.43,1614.33
937,SOL/INR,1h,LONG,2026-06-12 14:30:00+05:30,2026-06-12 20:30:00+05:30,66.98,5593.12,66.31,68.32,68.29,5702.13,TARGET_HIT,0.01,16.14,0.274197,1533.61,29.89,1.83,28.06,28.06,1614.33,1642.39
938,SOL/INR,1h,LONG,2026-06-13 12:30:00+05:30,2026-06-13 20:30:00+05:30,67.21,5612.33,66.54,68.56,68.52,5721.72,TARGET_HIT,0.01,16.42,0.278008,1560.27,30.41,1.86,28.55,28.55,1642.39,1670.94
939,SOL/INR,1h,LONG,2026-06-14 02:30:00+05:30,2026-06-14 18:30:00+05:30,68.29,5702.56,67.61,69.66,67.58,5642.71,STOP_LOSS,0.01,16.71,0.278366,1587.4,-16.66,1.86,-18.52,-18.52,1670.94,1652.42
940,SOL/INR,1h,LONG,2026-06-15 16:30:00+05:30,2026-06-15 18:30:00+05:30,72.02,6013.34,71.3,73.46,73.42,6130.54,TARGET_HIT,0.01,16.52,0.261053,1569.8,30.6,1.87,28.72,28.72,1652.42,1681.15
941,SOL/INR,1h,LONG,2026-06-16 12:30:00+05:30,2026-06-16 19:30:00+05:30,74.28,6202.14,73.53,75.76,73.5,6137.05,STOP_LOSS,0.01,16.81,0.257506,1597.09,-16.76,1.87,-18.64,-18.64,1681.15,1662.51
942,SOL/INR,1h,SHORT,2026-06-18 09:30:00+05:30,2026-06-18 20:30:00+05:30,71.46,5967.26,72.18,70.03,70.07,5850.84,TARGET_HIT,0.01,16.63,0.264675,1579.38,30.81,1.85,28.97,28.97,1662.51,1691.48
943,SOL/INR,1h,SHORT,2026-06-19 10:30:00+05:30,2026-06-19 18:30:00+05:30,68.11,5686.85,68.79,66.74,68.82,5746.59,STOP_LOSS,0.01,16.91,0.282565,1606.9,-16.88,1.91,-18.79,-18.79,1691.48,1672.69
944,SOL/INR,1h,SHORT,2026-06-19 22:30:00+05:30,2026-06-20 00:30:00+05:30,68.61,5728.57,69.29,67.23,69.03,5764.38,INTRADAY_SQUAREOFF,0.01,16.73,0.277391,1589.06,-9.93,1.88,-11.81,-11.81,1672.69,1660.88
945,SOL/INR,1h,LONG,2026-06-20 16:30:00+05:30,2026-06-20 18:30:00+05:30,71.68,5984.93,70.96,73.11,70.92,5922.12,STOP_LOSS,0.01,16.61,0.263635,1577.83,-16.56,1.85,-18.41,-18.41,1660.88,1642.47
946,SOL/INR,1h,LONG,2026-06-20 20:30:00+05:30,2026-06-20 22:30:00+05:30,72.05,6015.84,71.33,73.49,71.29,5952.71,STOP_LOSS,0.01,16.42,0.259372,1560.34,-16.38,1.83,-18.21,-18.21,1642.47,1624.26
947,SOL/INR,1h,LONG,2026-06-21 01:30:00+05:30,2026-06-21 03:30:00+05:30,71.88,6001.64,71.16,73.31,73.28,6118.61,TARGET_HIT,0.01,16.24,0.257104,1543.05,30.07,1.84,28.24,28.24,1624.26,1652.5
948,SOL/INR,1h,LONG,2026-06-21 08:30:00+05:30,2026-06-22 00:30:00+05:30,73.34,6123.61,72.6,74.8,74.1,6187.59,INTRADAY_SQUAREOFF,0.01,16.52,0.256364,1569.87,16.4,1.86,14.54,14.54,1652.5,1667.04
949,SOL/INR,1h,LONG,2026-06-22 23:30:00+05:30,2026-06-23 01:30:00+05:30,73.29,6119.43,72.55,74.75,72.52,6055.21,STOP_LOSS,0.01,16.67,0.258796,1583.68,-16.62,1.86,-18.48,-18.48,1667.04,1648.56
950,SOL/INR,1h,SHORT,2026-06-23 10:30:00+05:30,2026-06-23 13:30:00+05:30,71.28,5952.24,72.0,69.86,69.89,5836.11,TARGET_HIT,0.01,16.49,0.263116,1566.13,30.56,1.83,28.73,28.73,1648.56,1677.28
951,SOL/INR,1h,SHORT,2026-06-23 23:30:00+05:30,2026-06-24 01:30:00+05:30,68.53,5721.9,69.21,67.16,68.82,5746.84,INTRADAY_SQUAREOFF,0.01,16.77,0.278477,1593.42,-6.95,1.88,-8.83,-8.83,1677.28,1668.45
952,SOL/INR,1h,SHORT,2026-06-24 08:30:00+05:30,2026-06-24 10:30:00+05:30,69.31,5786.99,70.0,67.92,70.03,5847.79,STOP_LOSS,0.01,16.68,0.273895,1585.03,-16.65,1.88,-18.53,-18.53,1668.45,1649.92
953,SOL/INR,1h,SHORT,2026-06-24 13:30:00+05:30,2026-06-24 16:30:00+05:30,69.15,5773.64,69.84,67.76,69.87,5834.29,STOP_LOSS,0.01,16.5,0.27148,1567.43,-16.47,1.86,-18.33,-18.33,1649.92,1631.6
954,SOL/INR,1h,SHORT,2026-06-25 06:30:00+05:30,2026-06-25 09:30:00+05:30,67.47,5633.43,68.14,66.12,68.17,5692.61,STOP_LOSS,0.01,16.32,0.275146,1550.02,-16.28,1.84,-18.12,-18.12,1631.6,1613.47
955,SOL/INR,1h,SHORT,2026-06-26 08:30:00+05:30,2026-06-26 10:30:00+05:30,65.82,5495.73,66.48,64.5,66.51,5553.46,STOP_LOSS,0.01,16.13,0.278908,1532.8,-16.1,1.82,-17.92,-17.92,1613.47,1595.55
956,SOL/INR,1h,LONG,2026-06-26 19:30:00+05:30,2026-06-26 21:30:00+05:30,70.83,5913.92,70.12,72.24,72.21,6029.18,TARGET_HIT,0.01,15.96,0.256307,1515.78,29.54,1.81,27.74,27.74,1595.55,1623.29
957,SOL/INR,1h,LONG,2026-06-27 08:30:00+05:30,2026-06-27 10:30:00+05:30,72.18,6026.7,71.45,73.62,71.42,5963.45,STOP_LOSS,0.01,16.23,0.255882,1542.13,-16.18,1.81,-17.99,-17.99,1623.29,1605.3
958,SOL/INR,1h,LONG,2026-06-27 13:30:00+05:30,2026-06-27 16:30:00+05:30,72.28,6035.06,71.55,73.72,71.52,5971.72,STOP_LOSS,0.01,16.05,0.252695,1525.03,-16.01,1.79,-17.8,-17.8,1605.3,1587.5
959,SOL/INR,1h,LONG,2026-06-27 18:30:00+05:30,2026-06-28 00:30:00+05:30,72.11,6020.85,71.38,73.55,71.35,5957.67,STOP_LOSS,0.01,15.88,0.250484,1508.13,-15.83,1.77,-17.6,-17.6,1587.5,1569.9
960,SOL/INR,1h,LONG,2026-06-29 20:30:00+05:30,2026-06-29 22:30:00+05:30,73.78,6160.37,73.04,75.25,75.21,6280.43,TARGET_HIT,0.01,15.7,0.242097,1491.41,29.07,1.78,27.29,27.29,1569.9,1597.19
961,SOL/INR,1h,LONG,2026-07-01 14:30:00+05:30,2026-07-01 16:30:00+05:30,75.44,6299.05,74.68,76.95,74.65,6232.94,STOP_LOSS,0.01,15.97,0.240883,1517.33,-15.92,1.78,-17.71,-17.71,1597.19,1579.49
962,SOL/INR,1h,LONG,2026-07-01 19:30:00+05:30,2026-07-01 21:30:00+05:30,76.04,6349.17,75.28,77.56,77.52,6472.92,TARGET_HIT,0.01,15.79,0.236332,1500.51,29.25,1.79,27.46,27.46,1579.49,1606.95
963,SOL/INR,1h,LONG,2026-07-02 03:30:00+05:30,2026-07-02 05:30:00+05:30,78.62,6564.71,77.83,80.19,77.79,6495.81,STOP_LOSS,0.01,16.07,0.232546,1526.6,-16.02,1.79,-17.81,-17.81,1606.95,1589.13
964,SOL/INR,1h,LONG,2026-07-02 08:30:00+05:30,2026-07-02 10:30:00+05:30,78.55,6558.86,77.76,80.12,77.72,6490.03,STOP_LOSS,0.01,15.89,0.230173,1509.67,-15.84,1.77,-17.62,-17.62,1589.13,1571.52
965,SOL/INR,1h,LONG,2026-07-02 14:30:00+05:30,2026-07-02 16:30:00+05:30,78.44,6549.67,77.65,80.01,79.97,6677.33,TARGET_HIT,0.01,15.72,0.227941,1492.94,29.1,1.78,27.32,27.32,1571.52,1598.83
966,SOL/INR,1h,LONG,2026-07-03 07:30:00+05:30,2026-07-03 09:30:00+05:30,81.64,6817.01,80.82,83.27,80.78,6745.46,STOP_LOSS,0.01,15.99,0.222809,1518.89,-15.94,1.78,-17.72,-17.72,1598.83,1581.11
967,SOL/INR,1h,LONG,2026-07-03 11:30:00+05:30,2026-07-04 00:30:00+05:30,81.19,6779.41,80.38,82.81,82.77,6911.54,TARGET_HIT,0.01,15.81,0.221561,1502.05,29.28,1.79,27.49,27.49,1581.11,1608.6
968,SOL/INR,1h,LONG,2026-07-04 09:30:00+05:30,2026-07-04 14:30:00+05:30,82.79,6913.08,81.96,84.45,81.92,6840.53,STOP_LOSS,0.01,16.09,0.221054,1528.17,-16.04,1.79,-17.83,-17.83,1608.6,1590.76
969,SOL/INR,1h,LONG,2026-07-04 21:30:00+05:30,2026-07-05 00:30:00+05:30,82.37,6877.99,81.55,84.02,82.15,6859.43,INTRADAY_SQUAREOFF,0.01,15.91,0.219719,1511.23,-4.08,1.78,-5.86,-5.86,1590.76,1584.91
970,SOL/INR,1h,SHORT,2026-07-05 15:30:00+05:30,2026-07-05 17:30:00+05:30,79.6,6646.61,80.4,78.01,80.44,6716.44,STOP_LOSS,0.01,15.85,0.22653,1505.66,-15.82,1.79,-17.6,-17.6,1584.91,1567.3
971,SOL/INR,1h,SHORT,2026-07-06 00:30:00+05:30,2026-07-06 02:30:00+05:30,80.85,6750.94,81.66,79.23,81.7,6821.86,STOP_LOSS,0.01,15.67,0.220553,1488.94,-15.64,1.77,-17.41,-17.41,1567.3,1549.89
972,SOL/INR,1h,LONG,2026-07-06 13:30:00+05:30,2026-07-06 15:30:00+05:30,80.94,6758.53,80.13,82.56,80.09,6687.6,STOP_LOSS,0.01,15.5,0.217858,1472.4,-15.45,1.73,-17.18,-17.18,1549.89,1532.71
973,SOL/INR,1h,LONG,2026-07-07 12:30:00+05:30,2026-07-07 16:30:00+05:30,81.61,6814.5,80.79,83.24,80.75,6742.98,STOP_LOSS,0.01,15.33,0.213673,1456.08,-15.28,1.71,-16.99,-16.99,1532.71,1515.72
974,SOL/INR,1h,LONG,2026-07-07 20:30:00+05:30,2026-07-08 00:30:00+05:30,81.85,6834.55,81.03,83.49,80.99,6762.82,STOP_LOSS,0.01,15.16,0.210685,1439.94,-15.11,1.69,-16.8,-16.8,1515.72,1498.92
975,SOL/INR,1h,SHORT,2026-07-08 14:30:00+05:30,2026-07-08 16:30:00+05:30,76.79,6412.1,77.56,75.26,77.6,6479.46,STOP_LOSS,0.01,14.99,0.222076,1423.97,-14.96,1.69,-16.65,-16.65,1498.92,1482.27
976,SOL/INR,1h,SHORT,2026-07-08 18:30:00+05:30,2026-07-09 00:30:00+05:30,76.92,6422.95,77.69,75.38,77.12,6439.4,INTRADAY_SQUAREOFF,0.01,14.82,0.219239,1408.16,-3.61,1.66,-5.27,-5.27,1482.27,1477.0
977,SOL/INR,1h,SHORT,2026-07-09 07:30:00+05:30,2026-07-09 10:30:00+05:30,77.22,6447.98,77.99,75.68,78.03,6515.72,STOP_LOSS,0.01,14.77,0.217611,1403.15,-14.74,1.66,-16.4,-16.4,1477.0,1460.6
978,SOL/INR,1h,SHORT,2026-07-09 16:30:00+05:30,2026-07-09 18:30:00+05:30,77.44,6466.35,78.22,75.89,78.25,6534.27,STOP_LOSS,0.01,14.61,0.214583,1387.57,-14.58,1.65,-16.22,-16.22,1460.6,1444.38
979,SOL/INR,1h,SHORT,2026-07-10 23:30:00+05:30,2026-07-11 01:30:00+05:30,77.48,6469.68,78.26,75.93,77.87,6502.05,INTRADAY_SQUAREOFF,0.01,14.44,0.21209,1372.16,-6.87,1.62,-8.49,-8.49,1444.38,1435.89
980,SOL/INR,1h,SHORT,2026-07-11 06:30:00+05:30,2026-07-11 19:30:00+05:30,77.68,6486.38,78.46,76.13,78.5,6554.51,STOP_LOSS,0.01,14.36,0.210301,1364.09,-14.33,1.62,-15.95,-15.95,1435.89,1419.94
981,SOL/INR,1h,SHORT,2026-07-12 05:30:00+05:30,2026-07-12 18:30:00+05:30,76.61,6397.07,77.38,75.08,77.42,6464.28,STOP_LOSS,0.01,14.2,0.210869,1348.94,-14.17,1.6,-15.77,-15.77,1419.94,1404.17
982,SOL/INR,1h,SHORT,2026-07-13 03:30:00+05:30,2026-07-13 05:30:00+05:30,76.9,6421.28,77.67,75.36,77.71,6488.73,STOP_LOSS,0.01,14.04,0.20774,1333.96,-14.01,1.58,-15.6,-15.6,1404.17,1388.57
983,SOL/INR,1h,SHORT,2026-07-13 07:30:00+05:30,2026-07-14 06:30:00+05:30,76.17,6360.35,76.93,74.65,75.4,6295.71,INTRADAY_SQUAREOFF,0.01,13.89,0.207401,1319.14,13.41,1.55,11.86,11.86,1388.57,1400.43
984,SOL/INR,1h,SHORT,2026-07-14 13:30:00+05:30,2026-07-14 17:30:00+05:30,74.76,6242.68,75.51,73.27,75.55,6308.26,STOP_LOSS,0.01,14.0,0.213115,1330.41,-13.98,1.58,-15.55,-15.55,1400.43,1384.88
985,SOL/INR,1h,LONG,2026-07-15 05:30:00+05:30,2026-07-15 07:30:00+05:30,77.91,6505.4,77.13,79.47,77.09,6437.12,STOP_LOSS,0.01,13.85,0.202237,1315.63,-13.81,1.54,-15.35,-15.35,1384.88,1369.53
986,SOL/INR,1h,LONG,2026-07-15 09:30:00+05:30,2026-07-15 21:30:00+05:30,77.88,6502.89,77.1,79.44,77.06,6434.64,STOP_LOSS,0.01,13.7,0.200072,1301.05,-13.65,1.53,-15.18,-15.18,1369.53,1354.34
987,SOL/INR,1h,LONG,2026-07-16 11:30:00+05:30,2026-07-16 13:30:00+05:30,77.48,6469.47,76.7,79.03,76.67,6401.58,STOP_LOSS,0.01,13.54,0.198877,1286.63,-13.5,1.51,-15.01,-15.01,1354.34,1339.33
988,SOL/INR,1h,SHORT,2026-07-16 23:30:00+05:30,2026-07-17 01:30:00+05:30,75.31,6288.58,76.07,73.81,75.77,6326.62,INTRADAY_SQUAREOFF,0.01,13.39,0.202329,1272.36,-7.7,1.51,-9.2,-9.2,1339.33,1330.13
989,SOL/INR,1h,SHORT,2026-07-17 04:30:00+05:30,2026-07-17 18:30:00+05:30,75.16,6276.06,75.91,73.66,73.7,6153.61,TARGET_HIT,0.01,13.3,0.20134,1263.62,24.65,1.48,23.18,23.18,1330.13,1353.3
990,SOL/INR,1h,SHORT,2026-07-18 10:30:00+05:30,2026-07-19 00:30:00+05:30,74.96,6259.37,75.71,73.46,75.28,6285.68,INTRADAY_SQUAREOFF,0.01,13.53,0.205394,1285.64,-5.4,1.52,-6.92,-6.92,1353.3,1346.38
991,SOL/INR,1h,LONG,2026-07-20 02:30:00+05:30,2026-07-20 20:30:00+05:30,76.16,6359.2,75.4,77.68,77.64,6483.14,TARGET_HIT,0.01,13.46,0.201136,1279.06,24.93,1.52,23.4,23.4,1346.38,1369.79
992,SOL/INR,1h,LONG,2026-07-21 05:30:00+05:30,2026-07-22 00:30:00+05:30,77.87,6502.05,77.09,79.43,77.77,6493.89,INTRADAY_SQUAREOFF,0.01,13.7,0.200136,1301.3,-1.63,1.53,-3.17,-3.17,1369.79,1366.62
993,SOL/INR,1h,LONG,2026-07-22 05:30:00+05:30,2026-07-22 10:30:00+05:30,78.19,6528.79,77.41,79.75,77.37,6460.27,STOP_LOSS,0.01,13.67,0.198855,1298.29,-13.63,1.52,-15.15,-15.15,1366.62,1351.47
994,SOL/INR,1h,LONG,2026-07-23 03:30:00+05:30,2026-07-23 12:30:00+05:30,78.07,6518.76,77.29,79.63,77.25,6450.35,STOP_LOSS,0.01,13.51,0.196953,1283.89,-13.47,1.51,-14.98,-14.98,1351.47,1336.48
995,SOL/INR,1h,LONG,2026-07-23 16:30:00+05:30,2026-07-23 18:30:00+05:30,77.83,6498.71,77.05,79.39,77.01,6430.51,STOP_LOSS,0.01,13.36,0.195371,1269.66,-13.33,1.49,-14.82,-14.82,1336.48,1321.67
996,SOL/INR,1h,SHORT,2026-07-24 07:30:00+05:30,2026-07-24 12:30:00+05:30,75.57,6310.28,76.33,74.06,76.37,6376.57,STOP_LOSS,0.01,13.22,0.198975,1255.59,-13.19,1.49,-14.68,-14.68,1321.67,1306.99
997,SOL/INR,1h,SHORT,2026-07-24 14:30:00+05:30,2026-07-24 18:30:00+05:30,75.62,6314.45,76.38,74.11,74.15,6191.26,TARGET_HIT,0.01,13.07,0.196635,1241.64,24.22,1.45,22.77,22.77,1306.99,1329.76
998,SOL/INR,1h,SHORT,2026-07-25 02:30:00+05:30,2026-07-25 22:30:00+05:30,73.63,6148.37,74.37,72.16,74.41,6212.96,STOP_LOSS,0.01,13.3,0.205465,1263.28,-13.27,1.5,-14.77,-14.77,1329.76,1314.99
999,SOL/INR,1h,LONG,2026-07-26 21:30:00+05:30,2026-07-27 00:30:00+05:30,75.48,6302.39,74.72,76.99,75.29,6286.91,INTRADAY_SQUAREOFF,0.01,13.15,0.198218,1249.24,-3.07,1.47,-4.54,-4.54,1314.99,1310.45
1000,SOL/INR,1h,LONG,2026-07-27 04:30:00+05:30,2026-07-27 06:30:00+05:30,76.78,6410.99,76.01,78.31,75.97,6343.71,STOP_LOSS,0.01,13.1,0.194187,1244.93,-13.07,1.46,-14.53,-14.53,1310.45,1295.93
1001,SOL/INR,1h,SHORT,2026-07-28 04:30:00+05:30,2026-07-28 18:30:00+05:30,73.9,6170.9,74.64,72.42,72.46,6050.51,TARGET_HIT,0.01,12.96,0.199506,1231.13,24.02,1.44,22.58,22.58,1295.93,1318.51
1002,SOL/INR,1h,LONG,2026-07-29 12:30:00+05:30,2026-07-29 18:30:00+05:30,74.04,6182.09,73.3,75.52,73.26,6117.21,STOP_LOSS,0.01,13.19,0.202615,1252.58,-13.15,1.47,-14.62,-14.62,1318.51,1303.89
1003,SOL/INR,1h,LONG,2026-07-29 23:30:00+05:30,2026-07-30 01:30:00+05:30,73.84,6165.38,73.1,75.31,73.06,6100.68,STOP_LOSS,0.01,13.04,0.200912,1238.7,-13.0,1.45,-14.45,-14.45,1303.89,1289.44
1004,SOL/INR,1h,LONG,2026-07-30 04:30:00+05:30,2026-07-31 00:30:00+05:30,73.75,6157.86,73.01,75.22,74.4,6212.63,INTRADAY_SQUAREOFF,0.01,12.89,0.198927,1224.97,10.9,1.45,9.44,9.44,1289.44,1298.88
1005,SOL/INR,1h,LONG,2026-07-31 11:30:00+05:30,2026-07-31 13:30:00+05:30,74.28,6202.14,73.53,75.76,73.5,6137.05,STOP_LOSS,0.01,12.99,0.198953,1233.94,-12.95,1.45,-14.4,-14.4,1298.88,1284.48
1006,SOL/INR,1h,SHORT,2026-08-01 02:30:00+05:30,2026-08-01 23:30:00+05:30,72.82,6080.77,73.55,71.37,71.4,5962.13,TARGET_HIT,0.01,12.84,0.200675,1220.26,23.81,1.43,22.38,22.38,1284.48,1306.86
1007,SOL/INR,1h,LONG,2026-08-04 07:30:00+05:30,2026-08-04 15:30:00+05:30,73.79,6161.2,73.05,75.26,73.01,6096.54,STOP_LOSS,0.01,13.07,0.201506,1241.52,-13.03,1.46,-14.49,-14.49,1306.86,1292.38
1008,SOL/INR,1h,LONG,2026-08-05 07:30:00+05:30,2026-08-05 18:30:00+05:30,74.1,6187.1,73.36,75.58,73.32,6122.17,STOP_LOSS,0.01,12.92,0.198438,1227.76,-12.89,1.44,-14.33,-14.33,1292.38,1278.05
1009,SOL/INR,1h,LONG,2026-08-05 23:30:00+05:30,2026-08-06 01:30:00+05:30,74.62,6230.54,73.87,76.11,74.37,6210.13,INTRADAY_SQUAREOFF,0.01,12.78,0.19487,1214.15,-3.98,1.43,-5.41,-5.41,1278.05,1272.64
1010,SOL/INR,1h,LONG,2026-08-06 10:30:00+05:30,2026-08-06 15:30:00+05:30,73.84,6165.38,73.1,75.31,73.06,6100.68,STOP_LOSS,0.01,12.73,0.196096,1209.01,-12.69,1.42,-14.11,-14.11,1272.64,1258.53
1011,SOL/INR,1h,SHORT,2026-08-07 04:30:00+05:30,2026-08-07 14:30:00+05:30,72.55,6058.23,73.28,71.1,73.32,6121.88,STOP_LOSS,0.01,12.59,0.197352,1195.61,-12.56,1.42,-13.98,-13.98,1258.53,1244.56
1012,SOL/INR,1h,LONG,2026-08-08 01:30:00+05:30,2026-08-08 16:30:00+05:30,74.03,6181.25,73.29,75.51,75.47,6301.73,TARGET_HIT,0.01,12.45,0.191276,1182.33,23.04,1.41,21.63,21.63,1244.56,1266.19
1013,SOL/INR,1h,LONG,2026-08-08 20:30:00+05:30,2026-08-09 00:30:00+05:30,76.59,6395.12,75.82,78.12,76.03,6348.67,INTRADAY_SQUAREOFF,0.01,12.66,0.188094,1202.88,-8.74,1.41,-10.15,-10.15,1266.19,1256.04
1014,SOL/INR,1h,LONG,2026-08-09 12:30:00+05:30,2026-08-10 00:30:00+05:30,76.47,6385.1,75.7,78.0,77.1,6437.97,INTRADAY_SQUAREOFF,0.01,12.56,0.186878,1193.24,9.88,1.41,8.47,8.47,1256.04,1264.51
1015,SOL/INR,1h,SHORT,2026-08-11 05:30:00+05:30,2026-08-12 00:30:00+05:30,75.86,6334.48,76.62,74.34,75.24,6282.34,INTRADAY_SQUAREOFF,0.01,12.65,0.189642,1201.28,9.89,1.41,8.48,8.48,1264.51,1272.98
1016,SOL/INR,1h,SHORT,2026-08-13 03:30:00+05:30,2026-08-13 08:30:00+05:30,75.32,6289.41,76.08,73.82,76.11,6355.48,STOP_LOSS,0.01,12.73,0.192281,1209.33,-12.7,1.43,-14.14,-14.14,1272.98,1258.84
1017,SOL/INR,1h,SHORT,2026-08-13 21:30:00+05:30,2026-08-14 00:30:00+05:30,75.53,6306.94,76.29,74.02,75.99,6345.0,INTRADAY_SQUAREOFF,0.01,12.59,0.189617,1195.9,-7.22,1.42,-8.63,-8.63,1258.84,1250.21
1018,SOL/INR,1h,SHORT,2026-08-14 08:30:00+05:30,2026-08-15 00:30:00+05:30,75.88,6336.15,76.64,74.36,74.92,6255.61,INTRADAY_SQUAREOFF,0.01,12.5,0.187449,1187.7,15.1,1.39,13.71,13.71,1250.21,1263.92
1019,SOL/INR,1h,SHORT,2026-08-15 11:30:00+05:30,2026-08-16 00:30:00+05:30,75.2,6279.4,75.95,73.7,75.52,6305.73,INTRADAY_SQUAREOFF,0.01,12.64,0.191216,1200.72,-5.04,1.42,-6.46,-6.46,1263.92,1257.46
1020,SOL/INR,1h,SHORT,2026-08-16 05:30:00+05:30,2026-08-17 00:30:00+05:30,75.2,6279.4,75.95,73.7,75.15,6274.82,INTRADAY_SQUAREOFF,0.01,12.57,0.19024,1194.59,0.87,1.41,-0.54,-0.54,1257.46,1256.92
1021,SOL/INR,1h,SHORT,2026-08-17 02:30:00+05:30,2026-08-17 11:30:00+05:30,74.88,6252.69,75.63,73.38,75.67,6318.38,STOP_LOSS,0.01,12.57,0.19097,1194.08,-12.54,1.42,-13.96,-13.96,1256.92,1242.96
1022,SOL/INR,1h,LONG,2026-08-17 20:30:00+05:30,2026-08-18 00:30:00+05:30,75.99,6345.0,75.23,77.51,75.8,6329.47,INTRADAY_SQUAREOFF,0.01,12.43,0.186102,1180.82,-2.89,1.39,-4.28,-4.28,1242.96,1238.68
1023,SOL/INR,1h,LONG,2026-08-18 02:30:00+05:30,2026-08-18 07:30:00+05:30,76.08,6352.51,75.32,77.6,75.28,6285.85,STOP_LOSS,0.01,12.39,0.185242,1176.75,-12.35,1.38,-13.73,-13.73,1238.68,1224.95
1024,SOL/INR,1h,LONG,2026-08-18 10:30:00+05:30,2026-08-19 00:30:00+05:30,75.81,6329.96,75.05,77.32,77.29,6453.33,TARGET_HIT,0.01,12.25,0.183841,1163.71,22.68,1.39,21.29,21.29,1224.95,1246.25
1025,SOL/INR,1h,LONG,2026-08-19 12:30:00+05:30,2026-08-19 19:30:00+05:30,77.12,6439.4,76.35,78.66,78.62,6564.9,TARGET_HIT,0.01,12.46,0.183858,1183.93,23.07,1.41,21.66,21.66,1246.25,1267.91
1026,SOL/INR,1h,LONG,2026-08-20 10:30:00+05:30,2026-08-20 13:30:00+05:30,84.9,7089.35,84.05,86.6,86.56,7227.52,TARGET_HIT,0.01,12.68,0.169905,1204.52,23.48,1.44,22.04,22.04,1267.91,1289.95
1027,SOL/INR,1h,LONG,2026-08-20 22:30:00+05:30,2026-08-21 00:30:00+05:30,87.83,7334.13,86.96,89.59,86.91,7257.16,STOP_LOSS,0.01,12.9,0.167089,1225.45,-12.86,1.44,-14.3,-14.3,1289.95,1275.65
1028,SOL/INR,1h,LONG,2026-08-21 11:30:00+05:30,2026-08-21 13:30:00+05:30,90.71,7573.9,89.8,92.52,92.47,7721.51,TARGET_HIT,0.01,12.76,0.160006,1211.87,23.62,1.44,22.18,22.18,1275.65,1297.83
1029,SOL/INR,1h,LONG,2026-08-21 20:30:00+05:30,2026-08-22 00:30:00+05:30,91.99,7680.83,91.07,93.83,91.02,7600.22,STOP_LOSS,0.01,12.98,0.160521,1232.94,-12.94,1.45,-14.39,-14.39,1297.83,1283.44
1030,SOL/INR,1h,LONG,2026-08-22 02:30:00+05:30,2026-08-22 04:30:00+05:30,91.98,7679.99,91.06,93.82,93.77,7829.68,TARGET_HIT,0.01,12.83,0.158759,1219.27,23.76,1.45,22.31,22.31,1283.44,1305.75
1031,SOL/INR,1h,LONG,2026-08-22 08:30:00+05:30,2026-08-22 10:30:00+05:30,95.8,7999.12,94.84,97.71,94.79,7915.17,STOP_LOSS,0.01,13.06,0.155075,1240.46,-13.02,1.46,-14.47,-14.47,1305.75,1291.28
1032,SOL/INR,1h,LONG,2026-08-25 05:30:00+05:30,2026-08-25 07:30:00+05:30,99.03,8268.96,98.04,101.01,100.96,8430.12,TARGET_HIT,0.01,12.91,0.148351,1226.71,23.91,1.46,22.45,22.45,1291.28,1313.72
1033,SOL/INR,1h,LONG,2026-08-27 11:30:00+05:30,2026-08-27 13:30:00+05:30,102.27,8539.64,101.25,104.32,104.26,8706.08,TARGET_HIT,0.01,13.14,0.146146,1248.04,24.32,1.49,22.84,22.84,1313.72,1336.56
1034,SOL/INR,1h,LONG,2026-08-27 19:30:00+05:30,2026-08-27 21:30:00+05:30,106.35,8880.49,105.29,108.48,108.43,9053.57,TARGET_HIT,0.01,13.37,0.14298,1269.73,24.75,1.51,23.23,23.23,1336.56,1359.8
1035,SOL/INR,1h,LONG,2026-08-28 20:30:00+05:30,2026-08-28 22:30:00+05:30,106.72,8911.4,105.66,108.86,105.6,8817.87,STOP_LOSS,0.01,13.6,0.144961,1291.81,-13.56,1.52,-15.07,-15.07,1359.8,1344.72
1036,SOL/INR,1h,SHORT,2026-08-29 06:30:00+05:30,2026-08-29 19:30:00+05:30,103.85,8671.31,104.89,101.77,104.94,8762.4,STOP_LOSS,0.01,13.45,0.147323,1277.49,-13.42,1.52,-14.94,-14.94,1344.72,1329.79
1037,SOL/INR,1h,LONG,2026-08-30 12:30:00+05:30,2026-08-31 00:30:00+05:30,105.48,8807.81,104.43,107.59,106.64,8904.16,INTRADAY_SQUAREOFF,0.01,13.3,0.143429,1263.3,13.82,1.5,12.32,12.32,1329.79,1342.11
1038,SOL/INR,1h,SHORT,2026-08-31 19:30:00+05:30,2026-08-31 21:30:00+05:30,102.1,8525.26,103.12,100.06,103.17,8614.82,STOP_LOSS,0.01,13.42,0.149556,1275.0,-13.39,1.51,-14.91,-14.91,1342.11,1327.2
1039,SOL/INR,1h,SHORT,2026-09-01 04:30:00+05:30,2026-09-01 08:30:00+05:30,103.05,8604.55,104.08,100.99,104.13,8694.94,STOP_LOSS,0.01,13.27,0.146532,1260.84,-13.25,1.5,-14.74,-14.74,1327.2,1312.46
1040,SOL/INR,1h,SHORT,2026-09-01 12:30:00+05:30,2026-09-01 20:30:00+05:30,103.26,8622.07,104.29,101.19,101.24,8453.85,TARGET_HIT,0.01,13.12,0.14461,1246.84,24.33,1.46,22.87,22.87,1312.46,1335.33
1041,SOL/INR,1h,SHORT,2026-09-01 22:30:00+05:30,2026-09-02 00:30:00+05:30,100.62,8401.74,101.63,98.61,99.62,8318.25,INTRADAY_SQUAREOFF,0.01,13.35,0.150988,1268.56,12.61,1.49,11.12,11.12,1335.33,1346.45
1042,SOL/INR,1h,SHORT,2026-09-02 14:30:00+05:30,2026-09-02 19:30:00+05:30,98.73,8244.01,99.72,96.76,99.77,8330.61,STOP_LOSS,0.01,13.46,0.155158,1279.12,-13.44,1.52,-14.95,-14.95,1346.45,1331.49
1043,SOL/INR,1h,LONG,2026-09-03 20:30:00+05:30,2026-09-04 00:30:00+05:30,104.85,8755.18,103.8,106.95,105.15,8779.81,INTRADAY_SQUAREOFF,0.01,13.31,0.144476,1264.92,3.56,1.49,2.06,2.06,1331.49,1333.56
1044,SOL/INR,1h,LONG,2026-09-04 14:30:00+05:30,2026-09-04 17:30:00+05:30,104.54,8729.28,103.5,106.63,103.45,8637.66,STOP_LOSS,0.01,13.34,0.14513,1266.88,-13.3,1.49,-14.78,-14.78,1333.56,1318.77
1045,SOL/INR,1h,SHORT,2026-09-04 23:30:00+05:30,2026-09-05 01:30:00+05:30,101.04,8436.79,102.05,99.02,101.73,8494.53,INTRADAY_SQUAREOFF,0.01,13.19,0.148496,1252.83,-8.57,1.48,-10.06,-10.06,1318.77,1308.72
1046,SOL/INR,1h,SHORT,2026-09-05 03:30:00+05:30,2026-09-05 12:30:00+05:30,101.47,8472.68,102.48,99.44,102.54,8561.69,STOP_LOSS,0.01,13.09,0.14674,1243.28,-13.06,1.47,-14.54,-14.54,1308.72,1294.18
1047,SOL/INR,1h,LONG,2026-09-06 07:30:00+05:30,2026-09-06 10:30:00+05:30,104.28,8707.56,103.24,106.37,106.31,8877.27,TARGET_HIT,0.01,12.94,0.141196,1229.47,23.96,1.46,22.5,22.5,1294.18,1316.68
1048,SOL/INR,1h,LONG,2026-09-06 19:30:00+05:30,2026-09-06 21:30:00+05:30,107.2,8951.5,106.13,109.35,106.08,8857.55,STOP_LOSS,0.01,13.17,0.139736,1250.84,-13.13,1.47,-14.6,-14.6,1316.68,1302.08
1049,SOL/INR,1h,LONG,2026-09-07 05:30:00+05:30,2026-09-07 07:30:00+05:30,106.8,8918.08,105.74,108.94,105.68,8824.49,STOP_LOSS,0.01,13.02,0.138704,1236.98,-12.98,1.45,-14.43,-14.43,1302.08,1287.65
1050,SOL/INR,1h,LONG,2026-09-07 18:30:00+05:30,2026-09-07 20:30:00+05:30,105.94,8846.24,104.88,108.06,104.83,8753.39,STOP_LOSS,0.01,12.88,0.138281,1223.27,-12.84,1.44,-14.27,-14.27,1287.65,1273.37
1051,SOL/INR,1h,SHORT,2026-09-10 04:30:00+05:30,2026-09-10 06:30:00+05:30,100.43,8385.89,101.43,98.42,101.48,8473.98,STOP_LOSS,0.01,12.73,0.144255,1209.71,-12.71,1.43,-14.14,-14.14,1273.37,1259.23
1052,SOL/INR,1h,SHORT,2026-09-11 04:30:00+05:30,2026-09-11 13:30:00+05:30,99.17,8280.73,100.16,97.19,100.21,8367.72,STOP_LOSS,0.01,12.59,0.144464,1196.27,-12.57,1.42,-13.99,-13.99,1259.23,1245.25
1053,SOL/INR,1h,SHORT,2026-09-11 16:30:00+05:30,2026-09-11 18:30:00+05:30,99.09,8274.05,100.08,97.11,100.13,8360.97,STOP_LOSS,0.01,12.45,0.142975,1182.98,-12.43,1.4,-13.83,-13.83,1245.25,1231.41
1054,SOL/INR,1h,LONG,2026-09-12 01:30:00+05:30,2026-09-13 00:30:00+05:30,102.16,8530.45,101.14,104.2,101.58,8481.86,INTRADAY_SQUAREOFF,0.01,12.31,0.137137,1169.84,-6.66,1.38,-8.04,-8.04,1231.41,1223.38
1055,SOL/INR,1h,LONG,2026-09-13 07:30:00+05:30,2026-09-13 11:30:00+05:30,102.38,8548.83,101.36,104.43,101.31,8459.11,STOP_LOSS,0.01,12.23,0.135949,1162.21,-12.2,1.36,-13.56,-13.56,1223.38,1209.81
1056,SOL/INR,1h,SHORT,2026-09-14 01:30:00+05:30,2026-09-14 11:30:00+05:30,100.76,8413.43,101.77,98.74,101.82,8501.81,STOP_LOSS,0.01,12.1,0.136606,1149.32,-12.07,1.36,-13.44,-13.44,1209.81,1196.38
1057,SOL/INR,1h,SHORT,2026-09-16 07:30:00+05:30,2026-09-16 09:30:00+05:30,96.28,8039.53,97.24,94.36,97.29,8123.99,STOP_LOSS,0.01,11.96,0.141371,1136.56,-11.94,1.35,-13.29,-13.29,1196.38,1183.09
1058,SOL/INR,1h,SHORT,2026-09-17 04:30:00+05:30,2026-09-17 06:30:00+05:30,97.31,8125.5,98.28,95.37,98.33,8210.85,STOP_LOSS,0.01,11.83,0.138322,1123.93,-11.81,1.33,-13.14,-13.14,1183.09,1169.95
1059,SOL/INR,1h,LONG,2026-09-17 14:30:00+05:30,2026-09-18 00:30:00+05:30,100.3,8375.06,99.3,102.31,100.7,8408.42,INTRADAY_SQUAREOFF,0.01,11.7,0.13271,1111.45,4.43,1.31,3.11,3.11,1169.95,1173.06
1060,SOL/INR,1h,LONG,2026-09-18 08:30:00+05:30,2026-09-18 10:30:00+05:30,102.87,8589.76,101.84,104.93,104.88,8757.18,TARGET_HIT,0.01,11.73,0.129737,1114.41,21.72,1.33,20.39,20.39,1173.06,1193.45
1061,SOL/INR,1h,LONG,2026-09-18 14:30:00+05:30,2026-09-18 18:30:00+05:30,106.33,8878.82,105.27,108.46,108.41,9051.87,TARGET_HIT,0.01,11.93,0.127695,1133.78,22.1,1.35,20.75,20.75,1193.45,1214.2
1062,SOL/INR,1h,LONG,2026-09-19 01:30:00+05:30,2026-09-19 03:30:00+05:30,114.38,9550.49,113.23,116.66,113.18,9450.26,STOP_LOSS,0.01,12.14,0.120778,1153.49,-12.11,1.35,-13.46,-13.46,1214.2,1200.74
1063,SOL/INR,1h,LONG,2026-09-19 06:30:00+05:30,2026-09-19 09:30:00+05:30,113.81,9502.87,112.67,116.08,112.61,9403.14,STOP_LOSS,0.01,12.01,0.120038,1140.7,-11.97,1.34,-13.31,-13.31,1200.74,1187.43
1064,SOL/INR,1h,LONG,2026-09-19 14:30:00+05:30,2026-09-19 18:30:00+05:30,112.46,9390.09,111.33,114.71,111.28,9291.54,STOP_LOSS,0.01,11.87,0.120133,1128.06,-11.84,1.32,-13.16,-13.16,1187.43,1174.27
1065,SOL/INR,1h,LONG,2026-09-19 22:30:00+05:30,2026-09-20 00:30:00+05:30,112.05,9355.84,110.93,114.29,110.87,9257.65,STOP_LOSS,0.01,11.74,0.119236,1115.55,-11.71,1.31,-13.02,-13.02,1174.27,1161.25
1066,SOL/INR,1h,LONG,2026-09-21 14:30:00+05:30,2026-09-21 19:30:00+05:30,116.36,9715.91,115.19,118.69,118.63,9905.27,TARGET_HIT,0.01,11.61,0.113544,1103.19,21.5,1.31,20.19,20.19,1161.25,1181.44
1067,SOL/INR,1h,LONG,2026-09-22 01:30:00+05:30,2026-09-22 06:30:00+05:30,118.51,9895.52,117.32,120.88,117.27,9791.67,STOP_LOSS,0.01,11.81,0.113421,1122.36,-11.78,1.32,-13.1,-13.1,1181.44,1168.34
1068,SOL/INR,1h,LONG,2026-09-22 14:30:00+05:30,2026-09-22 16:30:00+05:30,118.0,9852.91,116.82,120.36,116.76,9749.51,STOP_LOSS,0.01,11.68,0.112649,1109.92,-11.65,1.3,-12.95,-12.95,1168.34,1155.39
1069,SOL/INR,1h,LONG,2026-09-23 10:30:00+05:30,2026-09-23 12:30:00+05:30,119.76,9999.95,118.56,122.16,118.5,9895.0,STOP_LOSS,0.01,11.55,0.109762,1097.62,-11.52,1.29,-12.81,-12.81,1155.39,1142.58
