trade_no,coin,timeframe,direction,entry_time,exit_time,entry_price_usd,entry_price_inr,stop_price_usd,target_price_usd,exit_price_usd,exit_price_inr,exit_reason,risk_pct,risk_inr,position_size_coin,position_size_inr,gross_pnl_inr,fees_inr,net_pnl_inr,net_pnl,equity_before,equity_after
1,BTC/INR,1h,LONG,2024-09-26 21:30:00+05:30,2024-09-27 00:30:00+05:30,65506.05,5469754.78,64850.98,66816.17,64818.56,5412349.7,STOP_LOSS,0.01,100.0,0.001737,9500.0,-99.7,11.15,-110.85,-110.85,10000.0,9889.15
2,BTC/INR,1h,LONG,2024-09-27 03:30:00+05:30,2024-09-27 19:30:00+05:30,65087.26,5434786.03,64436.39,66389.0,66355.81,5540710.01,TARGET_HIT,0.01,98.89,0.001729,9394.69,183.1,11.19,171.91,171.91,9889.15,10061.06
3,BTC/INR,1h,LONG,2024-09-28 07:30:00+05:30,2024-09-29 00:30:00+05:30,66032.95,5513750.93,65372.62,67353.6,65681.21,5484381.31,INTRADAY_SQUAREOFF,0.01,100.61,0.001733,9558.0,-50.91,11.25,-62.16,-62.16,10061.06,9998.89
4,BTC/INR,1h,LONG,2024-09-29 05:30:00+05:30,2024-09-30 00:30:00+05:30,65981.37,5509444.62,65321.56,67301.0,65770.47,5491834.52,INTRADAY_SQUAREOFF,0.01,99.99,0.001724,9498.95,-30.36,11.19,-41.55,-41.55,9998.89,9957.34
5,BTC/INR,1h,SHORT,2024-09-30 12:30:00+05:30,2024-10-01 00:30:00+05:30,64333.27,5371828.4,64976.61,63046.61,63351.79,5289874.05,INTRADAY_SQUAREOFF,0.01,99.57,0.001761,9459.47,144.32,11.08,133.24,133.24,9957.34,10090.58
6,BTC/INR,1h,SHORT,2024-10-02 15:30:00+05:30,2024-10-02 20:30:00+05:30,61119.47,5103475.57,61730.66,59897.08,61761.53,5157087.58,STOP_LOSS,0.01,100.91,0.001878,9586.05,-100.7,11.37,-112.07,-112.07,10090.58,9978.51
7,BTC/INR,1h,SHORT,2024-10-03 00:30:00+05:30,2024-10-03 08:30:00+05:30,60751.19,5072724.14,61358.7,59536.16,61389.38,5126013.11,STOP_LOSS,0.01,99.79,0.001869,9479.58,-99.58,11.24,-110.83,-110.83,9978.51,9867.68
8,BTC/INR,1h,SHORT,2024-10-03 13:30:00+05:30,2024-10-04 00:30:00+05:30,60862.06,5081982.14,61470.68,59644.82,60745.15,5072220.06,INTRADAY_SQUAREOFF,0.01,98.68,0.001845,9374.3,18.01,11.05,6.96,6.96,9867.68,9874.64
9,BTC/INR,1h,SHORT,2024-10-04 06:30:00+05:30,2024-10-04 08:30:00+05:30,60437.06,5046494.78,61041.43,59228.32,61071.95,5099508.21,STOP_LOSS,0.01,98.75,0.001859,9380.91,-98.55,11.13,-109.67,-109.67,9874.64,9764.96
10,BTC/INR,1h,SHORT,2024-10-04 15:30:00+05:30,2024-10-04 18:30:00+05:30,61272.95,5116290.98,61885.68,60047.49,61916.62,5170037.62,STOP_LOSS,0.01,97.65,0.001813,9276.72,-97.45,11.0,-108.46,-108.46,9764.96,9656.51
11,BTC/INR,1h,LONG,2024-10-05 00:30:00+05:30,2024-10-05 08:30:00+05:30,62360.88,5207133.78,61737.27,63608.1,61706.41,5152484.91,STOP_LOSS,0.01,96.57,0.001762,9173.68,-96.28,10.77,-107.05,-107.05,9656.51,9549.46
12,BTC/INR,1h,LONG,2024-10-05 18:30:00+05:30,2024-10-06 00:30:00+05:30,62335.97,5205053.4,61712.61,63582.69,61833.21,5163073.24,INTRADAY_SQUAREOFF,0.01,95.49,0.001743,9071.99,-73.17,10.66,-83.83,-83.83,9549.46,9465.63
13,BTC/INR,1h,LONG,2024-10-07 06:30:00+05:30,2024-10-07 15:30:00+05:30,63728.09,5321295.54,63090.81,65002.65,63059.26,5265448.54,STOP_LOSS,0.01,94.66,0.00169,8992.35,-94.37,10.56,-104.93,-104.93,9465.63,9360.7
14,BTC/INR,1h,LONG,2024-10-07 19:30:00+05:30,2024-10-07 23:30:00+05:30,63555.34,5306870.88,62919.79,64826.45,62888.33,5251175.27,STOP_LOSS,0.01,93.61,0.001676,8892.67,-93.33,10.44,-103.77,-103.77,9360.7,9256.94
15,BTC/INR,1h,SHORT,2024-10-09 04:30:00+05:30,2024-10-10 00:30:00+05:30,62099.17,5185280.96,62720.16,60857.19,60887.62,5084116.13,TARGET_HIT,0.01,92.57,0.001696,8794.09,171.57,10.28,161.3,161.3,9256.94,9418.23
16,BTC/INR,1h,SHORT,2024-10-10 06:30:00+05:30,2024-10-10 10:30:00+05:30,60321.22,5036821.77,60924.43,59114.79,60954.89,5089733.59,STOP_LOSS,0.01,94.18,0.001776,8947.32,-93.99,10.61,-104.6,-104.6,9418.23,9313.63
17,BTC/INR,1h,SHORT,2024-10-10 14:30:00+05:30,2024-10-10 22:30:00+05:30,60744.05,5072128.52,61351.49,59529.17,59558.94,4973171.3,TARGET_HIT,0.01,93.14,0.001744,8847.95,172.62,10.34,162.28,162.28,9313.63,9475.91
18,BTC/INR,1h,LONG,2024-10-11 23:30:00+05:30,2024-10-12 01:30:00+05:30,62940.76,5255553.73,62311.36,64199.58,63053.4,5264958.81,INTRADAY_SQUAREOFF,0.01,94.76,0.001713,9002.12,16.11,10.63,5.48,5.48,9475.91,9481.39
19,BTC/INR,1h,LONG,2024-10-12 06:30:00+05:30,2024-10-13 00:30:00+05:30,62860.31,5248835.8,62231.71,64117.52,62899.62,5252117.98,INTRADAY_SQUAREOFF,0.01,94.81,0.001716,9007.32,5.63,10.63,-5.0,-5.0,9481.39,9476.39
20,BTC/INR,1h,LONG,2024-10-14 13:30:00+05:30,2024-10-14 19:30:00+05:30,64632.37,5396802.92,63986.05,65925.02,65892.06,5501986.61,TARGET_HIT,0.01,94.76,0.001668,9002.57,175.46,10.73,164.73,164.73,9476.39,9641.12
21,BTC/INR,1h,LONG,2024-10-15 04:30:00+05:30,2024-10-15 06:30:00+05:30,66468.08,5550085.07,65803.4,67797.45,65770.5,5491836.92,STOP_LOSS,0.01,96.41,0.00165,9159.07,-96.12,10.75,-106.88,-106.88,9641.12,9534.25
22,BTC/INR,1h,LONG,2024-10-15 18:30:00+05:30,2024-10-15 20:30:00+05:30,65928.57,5505035.83,65269.29,67247.14,65236.65,5447260.48,STOP_LOSS,0.01,95.34,0.001645,9057.54,-95.06,10.63,-105.69,-105.69,9534.25,9428.56
23,BTC/INR,1h,LONG,2024-10-16 05:30:00+05:30,2024-10-17 00:30:00+05:30,67143.01,5606441.16,66471.58,68485.87,67785.67,5660103.31,INTRADAY_SQUAREOFF,0.01,94.29,0.001598,8957.13,85.73,10.62,75.11,75.11,9428.56,9503.67
24,BTC/INR,1h,LONG,2024-10-17 04:30:00+05:30,2024-10-17 12:30:00+05:30,67864.77,5666708.04,67186.12,69222.06,67152.53,5607235.94,STOP_LOSS,0.01,95.04,0.001593,9028.49,-94.75,10.6,-105.35,-105.35,9503.67,9398.32
25,BTC/INR,1h,LONG,2024-10-18 19:30:00+05:30,2024-10-19 00:30:00+05:30,68206.28,5695224.5,67524.22,69570.41,68838.36,5748003.1,INTRADAY_SQUAREOFF,0.01,93.98,0.001568,8928.4,82.74,10.58,72.16,72.16,9398.32,9470.48
26,BTC/INR,1h,LONG,2024-10-19 05:30:00+05:30,2024-10-20 00:30:00+05:30,68481.07,5718169.11,67796.26,69850.69,68140.85,5689760.98,INTRADAY_SQUAREOFF,0.01,94.7,0.001573,8996.95,-44.7,10.59,-55.29,-55.29,9470.48,9415.19
27,BTC/INR,1h,LONG,2024-10-20 12:30:00+05:30,2024-10-21 00:30:00+05:30,68422.0,5713236.88,67737.78,69790.44,68554.45,5724296.39,INTRADAY_SQUAREOFF,0.01,94.15,0.001566,8944.43,17.31,10.56,6.75,6.75,9415.19,9421.94
28,BTC/INR,1h,LONG,2024-10-21 02:30:00+05:30,2024-10-21 14:30:00+05:30,68920.19,5754836.11,68230.99,70298.6,68196.88,5694439.1,STOP_LOSS,0.01,94.22,0.001555,8950.84,-93.94,10.51,-104.45,-104.45,9421.94,9317.49
29,BTC/INR,1h,SHORT,2024-10-22 05:30:00+05:30,2024-10-23 00:30:00+05:30,67325.13,5621647.96,67998.38,65978.62,67364.49,5624935.21,INTRADAY_SQUAREOFF,0.01,93.17,0.001575,8851.62,-5.18,10.45,-15.62,-15.62,9317.49,9301.87
30,BTC/INR,1h,SHORT,2024-10-23 05:30:00+05:30,2024-10-23 20:30:00+05:30,67255.1,5615800.67,67927.65,65910.0,65942.95,5506236.4,TARGET_HIT,0.01,93.02,0.001574,8836.78,172.41,10.33,162.08,162.08,9301.87,9463.95
31,BTC/INR,1h,LONG,2024-10-24 17:30:00+05:30,2024-10-25 00:30:00+05:30,67261.31,5616319.31,66588.7,68606.54,67739.44,5656243.36,INTRADAY_SQUAREOFF,0.01,94.64,0.001601,8990.75,63.91,10.65,53.26,53.26,9463.95,9517.21
32,BTC/INR,1h,LONG,2024-10-25 08:30:00+05:30,2024-10-25 12:30:00+05:30,68062.09,5683184.7,67381.47,69423.33,67347.78,5623539.67,STOP_LOSS,0.01,95.17,0.001591,9041.35,-94.89,10.61,-105.5,-105.5,9517.21,9411.71
33,BTC/INR,1h,LONG,2024-10-25 15:30:00+05:30,2024-10-25 22:30:00+05:30,67818.27,5662825.31,67140.08,69174.63,67106.51,5603393.96,STOP_LOSS,0.01,94.12,0.001579,8941.13,-93.84,10.5,-104.33,-104.33,9411.71,9307.38
34,BTC/INR,1h,SHORT,2024-10-26 04:30:00+05:30,2024-10-27 00:30:00+05:30,66510.81,5553652.31,67175.91,65180.59,66993.87,5593988.21,INTRADAY_SQUAREOFF,0.01,93.07,0.001592,8842.01,-64.22,10.47,-74.69,-74.69,9307.38,9232.69
35,BTC/INR,1h,SHORT,2024-10-27 04:30:00+05:30,2024-10-27 18:30:00+05:30,67005.21,5594934.8,67675.26,65665.1,67709.1,5653709.59,STOP_LOSS,0.01,92.33,0.001568,8771.05,-92.14,10.4,-102.54,-102.54,9232.69,9130.14
36,BTC/INR,1h,LONG,2024-10-28 01:30:00+05:30,2024-10-28 18:30:00+05:30,67791.07,5660554.67,67113.16,69146.9,69112.32,5770878.88,TARGET_HIT,0.01,91.3,0.001532,8673.64,169.05,10.33,158.71,158.71,9130.14,9288.86
37,BTC/INR,1h,LONG,2024-10-29 00:30:00+05:30,2024-10-29 07:30:00+05:30,69228.32,5780564.35,68536.03,70612.88,70577.58,5893227.55,TARGET_HIT,0.01,92.89,0.001527,8824.42,171.99,10.51,161.47,161.47,9288.86,9450.33
38,BTC/INR,1h,LONG,2024-10-29 12:30:00+05:30,2024-10-29 21:30:00+05:30,71296.26,5953237.97,70583.3,72722.19,72685.83,6069266.58,TARGET_HIT,0.01,94.5,0.001508,8977.82,174.98,10.7,164.28,164.28,9450.33,9614.61
39,BTC/INR,1h,LONG,2024-10-30 05:30:00+05:30,2024-10-30 16:30:00+05:30,72784.66,6077519.38,72056.82,74240.36,72020.79,6013735.81,STOP_LOSS,0.01,96.15,0.001503,9133.88,-95.86,10.72,-106.58,-106.58,9614.61,9508.03
40,BTC/INR,1h,LONG,2024-10-30 20:30:00+05:30,2024-10-30 22:30:00+05:30,72454.54,6049953.86,71729.99,73903.63,71694.13,5986459.6,STOP_LOSS,0.01,95.08,0.001493,9032.63,-94.8,10.6,-105.4,-105.4,9508.03,9402.63
41,BTC/INR,1h,LONG,2024-10-31 02:30:00+05:30,2024-10-31 05:30:00+05:30,72850.25,6082995.93,72121.75,74307.26,72085.69,6019154.89,STOP_LOSS,0.01,94.03,0.001468,8932.5,-93.75,10.49,-104.23,-104.23,9402.63,9298.4
42,BTC/INR,1h,LONG,2024-10-31 08:30:00+05:30,2024-10-31 18:30:00+05:30,72568.67,6059484.15,71842.99,74020.05,71807.06,5995889.86,STOP_LOSS,0.01,92.98,0.001458,8833.48,-92.71,10.37,-103.08,-103.08,9298.4,9195.32
43,BTC/INR,1h,SHORT,2024-11-01 01:30:00+05:30,2024-11-01 18:30:00+05:30,69932.29,5839346.2,70631.61,68533.64,70666.93,5900688.53,STOP_LOSS,0.01,91.95,0.001496,8735.56,-91.77,10.36,-102.13,-102.13,9195.32,9093.19
44,BTC/INR,1h,SHORT,2024-11-02 00:30:00+05:30,2024-11-02 07:30:00+05:30,69029.52,5763965.14,69719.82,67648.93,69754.68,5824515.6,STOP_LOSS,0.01,90.93,0.001499,8638.54,-90.75,10.25,-100.99,-100.99,9093.19,8992.2
45,BTC/INR,1h,SHORT,2024-11-02 09:30:00+05:30,2024-11-03 00:30:00+05:30,69517.05,5804673.86,70212.22,68126.71,69443.31,5798516.04,INTRADAY_SQUAREOFF,0.01,89.92,0.001472,8542.59,9.06,10.07,-1.01,-1.01,8992.2,8991.19
46,BTC/INR,1h,SHORT,2024-11-03 03:30:00+05:30,2024-11-03 07:30:00+05:30,69404.59,5795282.85,70098.63,68016.49,68050.5,5682216.88,TARGET_HIT,0.01,89.91,0.001474,8541.63,166.65,9.98,156.67,156.67,8991.19,9147.85
47,BTC/INR,1h,SHORT,2024-11-03 13:30:00+05:30,2024-11-04 00:30:00+05:30,68341.95,5706553.04,69025.37,66975.11,68024.5,5680046.01,INTRADAY_SQUAREOFF,0.01,91.48,0.001523,8690.46,40.37,10.23,30.14,30.14,9147.85,9177.99
48,BTC/INR,1h,LONG,2024-11-04 18:30:00+05:30,2024-11-04 20:30:00+05:30,68967.11,5758754.08,68277.44,70346.46,68243.3,5698315.96,STOP_LOSS,0.01,91.78,0.001514,8719.09,-91.51,10.23,-101.74,-101.74,9177.99,9076.25
49,BTC/INR,1h,LONG,2024-11-06 00:30:00+05:30,2024-11-06 02:30:00+05:30,70277.71,5868188.55,69574.93,71683.26,69540.14,5806601.91,STOP_LOSS,0.01,90.76,0.001469,8622.44,-90.49,10.12,-100.61,-100.61,9076.25,8975.64
50,BTC/INR,1h,LONG,2024-11-06 06:30:00+05:30,2024-11-06 08:30:00+05:30,71457.77,5966724.09,70743.2,72886.93,72850.49,6083015.54,TARGET_HIT,0.01,89.76,0.001429,8526.85,166.19,10.16,156.03,156.03,8975.64,9131.66
51,BTC/INR,1h,LONG,2024-11-06 21:30:00+05:30,2024-11-07 00:30:00+05:30,74534.23,6223607.79,73788.88,76024.91,75266.79,6284777.22,INTRADAY_SQUAREOFF,0.01,91.32,0.001394,8675.08,85.26,10.29,74.98,74.98,9131.66,9206.64
52,BTC/INR,1h,LONG,2024-11-07 14:30:00+05:30,2024-11-08 00:30:00+05:30,75180.1,6277538.56,74428.3,76683.7,76623.19,6398036.59,INTRADAY_SQUAREOFF,0.01,92.07,0.001393,8746.31,167.89,10.42,157.47,157.47,9206.64,9364.11
53,BTC/INR,1h,LONG,2024-11-08 13:30:00+05:30,2024-11-09 00:30:00+05:30,76349.26,6375162.97,75585.76,77876.24,76872.92,6418888.76,INTRADAY_SQUAREOFF,0.01,93.64,0.001395,8895.9,61.01,10.53,50.48,50.48,9364.11,9414.59
54,BTC/INR,1h,LONG,2024-11-10 00:30:00+05:30,2024-11-10 09:30:00+05:30,76449.07,6383497.56,75684.58,77978.05,77939.07,6507911.93,TARGET_HIT,0.01,94.15,0.001401,8943.86,174.32,10.66,163.66,163.66,9414.59,9578.25
55,BTC/INR,1h,LONG,2024-11-10 15:30:00+05:30,2024-11-11 00:30:00+05:30,79551.95,6642587.94,78756.43,81142.99,80563.15,6727023.14,INTRADAY_SQUAREOFF,0.01,95.78,0.00137,9099.34,115.66,10.81,104.86,104.86,9578.25,9683.11
56,BTC/INR,1h,LONG,2024-11-11 20:30:00+05:30,2024-11-11 22:30:00+05:30,82621.67,6898909.04,81795.45,84274.1,84231.96,7033368.78,TARGET_HIT,0.01,96.83,0.001333,9198.95,179.29,10.96,168.33,168.33,9683.11,9851.43
57,BTC/INR,1h,LONG,2024-11-12 06:30:00+05:30,2024-11-12 08:30:00+05:30,89074.2,7437695.9,88183.46,90855.69,88139.37,7359637.28,STOP_LOSS,0.01,98.51,0.001258,9358.86,-98.22,10.99,-109.21,-109.21,9851.43,9742.23
58,BTC/INR,1h,LONG,2024-11-12 12:30:00+05:30,2024-11-12 14:30:00+05:30,89889.99,7505813.75,88991.09,91687.78,88946.59,7427040.23,STOP_LOSS,0.01,97.42,0.001233,9255.12,-97.13,10.86,-108.0,-108.0,9742.23,9634.23
59,BTC/INR,1h,LONG,2024-11-13 00:30:00+05:30,2024-11-13 03:30:00+05:30,89038.01,7434674.03,88147.63,90818.77,88103.56,7356647.13,STOP_LOSS,0.01,96.34,0.001231,9152.52,-96.06,10.74,-106.8,-106.8,9634.23,9527.43
60,BTC/INR,1h,LONG,2024-11-13 13:30:00+05:30,2024-11-13 18:30:00+05:30,87586.8,7313498.03,86710.93,89338.54,89293.87,7456038.11,TARGET_HIT,0.01,95.27,0.001238,9051.06,176.41,10.78,165.62,165.62,9527.43,9693.05
61,BTC/INR,1h,SHORT,2024-11-15 02:30:00+05:30,2024-11-15 07:30:00+05:30,87553.35,7310704.71,88428.88,85802.28,88473.1,7387503.67,STOP_LOSS,0.01,96.93,0.00126,9208.4,-96.73,10.92,-107.66,-107.66,9693.05,9585.4
62,BTC/INR,1h,LONG,2024-11-17 00:30:00+05:30,2024-11-17 03:30:00+05:30,91454.13,7636420.18,90539.59,93283.22,90494.32,7556275.95,STOP_LOSS,0.01,95.85,0.001192,9106.13,-95.57,10.69,-106.26,-106.26,9585.4,9479.14
63,BTC/INR,1h,SHORT,2024-11-18 02:30:00+05:30,2024-11-18 06:30:00+05:30,89561.62,7478395.16,90457.23,87770.39,90502.46,7556955.7,STOP_LOSS,0.01,94.79,0.001204,9005.18,-94.6,10.68,-105.28,-105.28,9479.14,9373.86
64,BTC/INR,1h,LONG,2024-11-20 09:30:00+05:30,2024-11-20 18:30:00+05:30,92203.63,7699002.74,91281.59,94047.7,94000.67,7849056.31,TARGET_HIT,0.01,93.74,0.001157,8905.16,173.56,10.61,162.95,162.95,9373.86,9536.81
65,BTC/INR,1h,LONG,2024-11-21 03:30:00+05:30,2024-11-21 09:30:00+05:30,94605.81,7899585.18,93659.75,96497.93,96449.68,8053548.09,TARGET_HIT,0.01,95.37,0.001147,9059.97,176.58,10.79,165.78,165.78,9536.81,9702.59
66,BTC/INR,1h,LONG,2024-11-21 15:30:00+05:30,2024-11-21 19:30:00+05:30,97679.25,8156217.6,96702.46,99632.84,96654.11,8070618.1,STOP_LOSS,0.01,97.03,0.00113,9217.46,-96.74,10.82,-107.56,-107.56,9702.59,9595.03
67,BTC/INR,1h,LONG,2024-11-21 23:30:00+05:30,2024-11-22 01:30:00+05:30,98114.56,8192566.1,97133.42,100076.86,97855.34,8170921.28,INTRADAY_SQUAREOFF,0.01,95.95,0.001113,9115.28,-24.08,10.74,-34.82,-34.82,9595.03,9560.21
68,BTC/INR,1h,LONG,2024-11-22 04:30:00+05:30,2024-11-22 18:30:00+05:30,98480.22,8223098.65,97495.42,100449.83,97446.67,8136797.23,STOP_LOSS,0.01,95.6,0.001104,9082.2,-95.32,10.66,-105.98,-105.98,9560.21,9454.23
69,BTC/INR,1h,SHORT,2024-11-24 09:30:00+05:30,2024-11-24 20:30:00+05:30,98183.52,8198324.28,99165.36,96219.85,96267.96,8038374.97,TARGET_HIT,0.01,94.54,0.001096,8981.52,175.23,10.49,164.73,164.73,9454.23,9618.97
70,BTC/INR,1h,SHORT,2024-11-26 03:30:00+05:30,2024-11-26 06:30:00+05:30,93667.03,7821197.31,94603.7,91793.69,94651.01,7903358.99,STOP_LOSS,0.01,96.19,0.001168,9138.02,-95.99,10.84,-106.83,-106.83,9618.97,9512.13
71,BTC/INR,1h,SHORT,2024-11-26 16:30:00+05:30,2024-11-26 19:30:00+05:30,92270.69,7704602.22,93193.39,90425.27,93239.99,7785539.07,STOP_LOSS,0.01,95.12,0.001173,9036.53,-94.93,10.72,-105.65,-105.65,9512.13,9406.48
72,BTC/INR,1h,SHORT,2024-11-27 01:30:00+05:30,2024-11-27 06:30:00+05:30,91578.16,7646776.09,92493.94,89746.59,92540.19,7727105.47,STOP_LOSS,0.01,94.06,0.001169,8936.16,-93.87,10.6,-104.47,-104.47,9406.48,9302.01
73,BTC/INR,1h,SHORT,2024-11-27 17:30:00+05:30,2024-11-27 19:30:00+05:30,93295.43,7790168.45,94228.38,91429.52,94275.5,7872004.17,STOP_LOSS,0.01,93.02,0.001134,8836.91,-92.83,10.48,-103.31,-103.31,9302.01,9198.7
74,BTC/INR,1h,LONG,2024-11-28 01:30:00+05:30,2024-11-28 07:30:00+05:30,96798.03,8082635.6,95830.05,98733.99,95782.14,7997808.33,STOP_LOSS,0.01,91.99,0.001081,8738.76,-91.71,10.26,-101.97,-101.97,9198.7,9096.72
75,BTC/INR,1h,LONG,2024-11-28 17:30:00+05:30,2024-11-29 00:30:00+05:30,95800.53,7999344.47,94842.53,97716.54,95256.78,7953940.92,INTRADAY_SQUAREOFF,0.01,90.97,0.00108,8641.89,-49.05,10.17,-59.22,-59.22,9096.72,9037.51
76,BTC/INR,1h,LONG,2024-11-29 04:30:00+05:30,2024-11-29 19:30:00+05:30,95708.02,7991619.47,94750.94,97622.18,97573.37,8147376.13,TARGET_HIT,0.01,90.38,0.001074,8585.63,167.33,10.23,157.1,157.1,9037.51,9194.61
77,BTC/INR,1h,LONG,2024-12-02 03:30:00+05:30,2024-12-02 08:30:00+05:30,97884.31,8173339.74,96905.47,99841.99,96857.01,8087560.54,STOP_LOSS,0.01,91.95,0.001069,8734.88,-91.67,10.25,-101.93,-101.93,9194.61,9092.68
78,BTC/INR,1h,SHORT,2024-12-02 16:30:00+05:30,2024-12-02 18:30:00+05:30,94814.68,7917025.64,95762.83,92918.38,95810.71,8000193.99,STOP_LOSS,0.01,90.93,0.001091,8638.05,-90.74,10.25,-100.99,-100.99,9092.68,8991.7
79,BTC/INR,1h,SHORT,2024-12-03 22:30:00+05:30,2024-12-04 00:30:00+05:30,94916.1,7925494.7,95865.27,93017.78,95564.17,7979608.38,INTRADAY_SQUAREOFF,0.01,89.92,0.001078,8542.11,-58.32,10.11,-68.44,-68.44,8991.7,8923.26
80,BTC/INR,1h,LONG,2024-12-04 11:30:00+05:30,2024-12-04 18:30:00+05:30,96604.98,8066515.95,95638.93,98537.08,95591.11,7981857.87,STOP_LOSS,0.01,89.23,0.001051,8477.09,-88.97,9.95,-98.92,-98.92,8923.26,8824.34
81,BTC/INR,1h,LONG,2024-12-05 08:30:00+05:30,2024-12-05 10:30:00+05:30,101425.63,8469040.34,100411.38,103454.15,103402.42,8634101.93,TARGET_HIT,0.01,88.24,0.00099,8383.12,163.39,9.99,153.4,153.4,8824.34,8977.74
82,BTC/INR,1h,LONG,2024-12-05 14:30:00+05:30,2024-12-05 20:30:00+05:30,103018.87,8602076.01,101988.69,105079.25,101937.69,8511797.22,STOP_LOSS,0.01,89.78,0.000991,8528.85,-89.51,10.01,-99.52,-99.52,8977.74,8878.22
83,BTC/INR,1h,SHORT,2024-12-06 15:30:00+05:30,2024-12-06 19:30:00+05:30,98048.95,8187087.41,99029.44,96087.97,99078.96,8273092.76,STOP_LOSS,0.01,88.78,0.00103,8434.31,-88.6,10.0,-98.61,-98.61,8878.22,8779.61
84,BTC/INR,1h,LONG,2024-12-07 21:30:00+05:30,2024-12-08 00:30:00+05:30,99929.04,8344074.93,98929.75,101927.62,100164.47,8363733.31,INTRADAY_SQUAREOFF,0.01,87.8,0.001,8340.63,19.65,9.85,9.8,9.8,8779.61,8789.41
85,BTC/INR,1h,LONG,2024-12-09 04:30:00+05:30,2024-12-09 07:30:00+05:30,100347.4,8379007.79,99343.92,102354.35,99294.25,8291070.1,STOP_LOSS,0.01,87.89,0.000997,8349.94,-87.63,9.8,-97.43,-97.43,8789.41,8691.97
86,BTC/INR,1h,SHORT,2024-12-09 17:30:00+05:30,2024-12-09 19:30:00+05:30,97972.95,8180741.32,98952.68,96013.49,99002.16,8266680.01,STOP_LOSS,0.01,86.92,0.001009,8257.37,-86.74,9.79,-96.54,-96.54,8691.97,8595.43
87,BTC/INR,1h,SHORT,2024-12-10 01:30:00+05:30,2024-12-10 05:30:00+05:30,96932.05,8093826.07,97901.37,94993.41,97950.32,8178851.72,STOP_LOSS,0.01,85.95,0.001009,8165.66,-85.78,9.69,-95.47,-95.47,8595.43,8499.97
88,BTC/INR,1h,SHORT,2024-12-10 08:30:00+05:30,2024-12-10 15:30:00+05:30,96725.11,8076546.3,97692.36,94790.6,97741.2,8161390.42,STOP_LOSS,0.01,85.0,0.001,8074.97,-84.83,9.58,-94.41,-94.41,8499.97,8405.56
89,BTC/INR,1h,SHORT,2024-12-10 18:30:00+05:30,2024-12-10 20:30:00+05:30,96900.1,8091158.02,97869.1,94962.09,97918.03,8176155.63,STOP_LOSS,0.01,84.06,0.000987,7985.28,-83.89,9.47,-93.36,-93.36,8405.56,8312.2
90,BTC/INR,1h,SHORT,2024-12-11 05:30:00+05:30,2024-12-11 08:30:00+05:30,96565.86,8063249.71,97531.52,94634.55,97580.29,8147954.15,STOP_LOSS,0.01,83.12,0.000979,7896.59,-82.95,9.37,-92.32,-92.32,8312.2,8219.88
91,BTC/INR,1h,SHORT,2024-12-11 13:30:00+05:30,2024-12-11 15:30:00+05:30,97259.02,8121128.01,98231.61,95313.84,98280.72,8206440.46,STOP_LOSS,0.01,82.2,0.000962,7808.89,-82.03,9.26,-91.3,-91.3,8219.88,8128.59
92,BTC/INR,1h,LONG,2024-12-12 01:30:00+05:30,2024-12-12 16:30:00+05:30,101269.65,8456015.66,100256.95,103295.04,100206.82,8367269.77,STOP_LOSS,0.01,81.29,0.000913,7722.16,-81.04,9.06,-90.11,-90.11,8128.59,8038.48
93,BTC/INR,1h,LONG,2024-12-12 18:30:00+05:30,2024-12-13 00:30:00+05:30,100928.39,8427520.74,99919.11,102946.96,99869.15,8339073.91,STOP_LOSS,0.01,80.38,0.000906,7636.56,-80.15,8.96,-89.11,-89.11,8038.48,7949.37
94,BTC/INR,1h,SHORT,2024-12-13 07:30:00+05:30,2024-12-13 12:30:00+05:30,99188.26,8282220.03,100180.15,97204.5,100230.24,8369224.75,STOP_LOSS,0.01,79.49,0.000912,7551.9,-79.33,8.96,-88.29,-88.29,7949.37,7861.08
95,BTC/INR,1h,SHORT,2024-12-13 21:30:00+05:30,2024-12-13 23:30:00+05:30,99776.0,8331296.09,100773.76,97780.48,100824.15,8418816.36,STOP_LOSS,0.01,78.61,0.000896,7468.03,-78.45,8.86,-87.31,-87.31,7861.08,7773.77
96,BTC/INR,1h,LONG,2024-12-14 20:30:00+05:30,2024-12-15 00:30:00+05:30,101536.17,8478270.4,100520.81,103566.9,100824.34,8418832.71,INTRADAY_SQUAREOFF,0.01,77.74,0.000871,7385.08,-51.77,8.68,-60.46,-60.46,7773.77,7713.31
97,BTC/INR,1h,LONG,2024-12-15 15:30:00+05:30,2024-12-16 00:30:00+05:30,102248.96,8537788.02,101226.47,104293.94,103093.08,8608272.51,INTRADAY_SQUAREOFF,0.01,77.13,0.000858,7327.65,60.49,8.68,51.81,51.81,7713.31,7765.12
98,BTC/INR,1h,LONG,2024-12-16 04:30:00+05:30,2024-12-16 06:30:00+05:30,103368.42,8631262.75,102334.73,105435.78,105383.07,8799486.06,TARGET_HIT,0.01,77.65,0.000855,7376.87,143.78,8.79,134.99,134.99,7765.12,7900.11
99,BTC/INR,1h,LONG,2024-12-16 21:30:00+05:30,2024-12-17 00:30:00+05:30,106488.96,8891828.16,105424.07,108618.74,107073.55,8940641.08,INTRADAY_SQUAREOFF,0.01,79.0,0.000844,7505.1,41.2,8.88,32.32,32.32,7900.11,7932.43
100,BTC/INR,1h,LONG,2024-12-17 07:30:00+05:30,2024-12-18 00:30:00+05:30,106469.62,8890213.46,105404.93,108599.01,106481.42,8891198.58,INTRADAY_SQUAREOFF,0.01,79.32,0.000848,7535.81,0.84,8.89,-8.06,-8.06,7932.43,7924.37
101,BTC/INR,1h,SHORT,2024-12-18 20:30:00+05:30,2024-12-19 00:30:00+05:30,103922.04,8677490.69,104961.26,101843.6,104657.28,8738882.8,INTRADAY_SQUAREOFF,0.01,79.24,0.000868,7528.15,-53.26,8.91,-62.18,-62.18,7924.37,7862.2
102,BTC/INR,1h,SHORT,2024-12-19 05:30:00+05:30,2024-12-19 08:30:00+05:30,100054.42,8354544.43,101054.97,98053.34,101105.5,8442308.92,STOP_LOSS,0.01,78.62,0.000894,7469.09,-78.46,8.86,-87.32,-87.32,7862.2,7774.87
103,BTC/INR,1h,SHORT,2024-12-20 07:30:00+05:30,2024-12-20 09:30:00+05:30,96081.59,8022812.88,97042.41,94159.96,97090.93,8107092.53,STOP_LOSS,0.01,77.75,0.000921,7386.13,-77.59,8.76,-86.35,-86.35,7774.87,7688.52
104,BTC/INR,1h,SHORT,2024-12-20 11:30:00+05:30,2024-12-20 13:30:00+05:30,96576.07,8064101.9,97541.83,94644.55,97590.6,8148815.29,STOP_LOSS,0.01,76.89,0.000906,7304.09,-76.73,8.66,-85.39,-85.39,7688.52,7603.13
105,BTC/INR,1h,SHORT,2024-12-22 10:30:00+05:30,2024-12-22 14:30:00+05:30,96016.62,8017387.45,96976.78,94096.28,97025.27,8101610.1,STOP_LOSS,0.01,76.03,0.000901,7222.97,-75.88,8.57,-84.45,-84.45,7603.13,7518.68
106,BTC/INR,1h,SHORT,2024-12-22 20:30:00+05:30,2024-12-22 23:30:00+05:30,95228.72,7951598.22,96181.01,93324.15,96229.1,8035129.76,STOP_LOSS,0.01,75.19,0.000898,7142.75,-75.03,8.47,-83.51,-83.51,7518.68,7435.17
107,BTC/INR,1h,SHORT,2024-12-23 01:30:00+05:30,2024-12-23 04:30:00+05:30,94644.68,7902830.57,95591.12,92751.78,95638.92,7985849.8,STOP_LOSS,0.01,74.35,0.000894,7063.42,-74.2,8.38,-82.58,-82.58,7435.17,7352.59
108,BTC/INR,1h,SHORT,2024-12-23 17:30:00+05:30,2024-12-23 19:30:00+05:30,95704.01,7991284.57,96661.05,93789.93,93836.82,7835374.61,TARGET_HIT,0.01,73.53,0.000874,6984.96,136.28,8.16,128.11,128.11,7352.59,7480.71
109,BTC/INR,1h,SHORT,2024-12-24 00:30:00+05:30,2024-12-24 02:30:00+05:30,92581.55,7730559.04,93507.36,90729.91,93554.11,7811768.57,STOP_LOSS,0.01,74.81,0.000919,7106.67,-74.66,8.43,-83.09,-83.09,7480.71,7397.62
110,BTC/INR,1h,SHORT,2024-12-24 12:30:00+05:30,2024-12-24 18:30:00+05:30,93683.99,7822612.84,94620.83,91810.31,94668.14,7904789.39,STOP_LOSS,0.01,73.98,0.000898,7027.74,-73.83,8.34,-82.16,-82.16,7397.62,7315.46
111,BTC/INR,1h,LONG,2024-12-25 03:30:00+05:30,2024-12-26 00:30:00+05:30,98409.51,8217193.94,97425.41,100377.7,98604.32,8233460.85,INTRADAY_SQUAREOFF,0.01,73.15,0.000846,6949.69,13.76,8.21,5.55,5.55,7315.46,7321.01
112,BTC/INR,1h,LONG,2024-12-26 05:30:00+05:30,2024-12-26 07:30:00+05:30,99525.16,8310350.83,98529.91,101515.66,98480.64,8223133.69,STOP_LOSS,0.01,73.21,0.000837,6954.96,-72.99,8.16,-81.16,-81.16,7321.01,7239.85
113,BTC/INR,1h,SHORT,2024-12-26 20:30:00+05:30,2024-12-26 22:30:00+05:30,95157.12,7945619.22,96108.69,93253.97,96156.74,8029087.95,STOP_LOSS,0.01,72.4,0.000866,6877.86,-72.25,8.16,-80.41,-80.41,7239.85,7159.44
114,BTC/INR,1h,SHORT,2024-12-27 13:30:00+05:30,2024-12-27 15:30:00+05:30,94616.75,7900498.95,95562.92,92724.42,95610.7,7983493.69,STOP_LOSS,0.01,71.59,0.000861,6801.47,-71.45,8.07,-79.52,-79.52,7159.44,7079.93
115,BTC/INR,1h,SHORT,2024-12-28 12:30:00+05:30,2024-12-29 00:30:00+05:30,94237.95,7868868.93,95180.33,92353.19,94725.86,7909609.54,INTRADAY_SQUAREOFF,0.01,70.8,0.000855,6725.93,-34.82,7.96,-42.78,-42.78,7079.93,7037.15
116,BTC/INR,1h,SHORT,2024-12-30 00:30:00+05:30,2024-12-30 20:30:00+05:30,93431.75,7801550.72,94366.06,91563.11,91608.89,7649342.46,TARGET_HIT,0.01,70.37,0.000857,6685.29,130.43,7.81,122.62,122.62,7037.15,7159.76
117,BTC/INR,1h,LONG,2025-01-02 08:30:00+05:30,2025-01-02 21:30:00+05:30,95073.52,7938638.99,94122.79,96974.99,96926.5,8093363.06,TARGET_HIT,0.01,71.6,0.000857,6801.78,132.57,8.1,124.46,124.46,7159.76,7284.23
118,BTC/INR,1h,LONG,2025-01-03 15:30:00+05:30,2025-01-03 23:30:00+05:30,96635.43,8069058.1,95669.07,98568.13,98518.85,8226324.05,TARGET_HIT,0.01,72.84,0.000858,6920.02,134.87,8.25,126.63,126.63,7284.23,7410.85
119,BTC/INR,1h,LONG,2025-01-04 08:30:00+05:30,2025-01-05 00:30:00+05:30,98314.66,8209274.45,97331.52,100280.96,97899.66,8174621.48,INTRADAY_SQUAREOFF,0.01,74.11,0.000858,7040.31,-29.72,8.29,-38.01,-38.01,7410.85,7372.84
120,BTC/INR,1h,LONG,2025-01-05 12:30:00+05:30,2025-01-05 19:30:00+05:30,98498.25,8224603.7,97513.27,100468.21,97464.51,8138286.49,STOP_LOSS,0.01,73.73,0.000852,7004.2,-73.51,8.22,-81.73,-81.73,7372.84,7291.11
121,BTC/INR,1h,LONG,2025-01-06 07:30:00+05:30,2025-01-06 19:30:00+05:30,98767.32,8247071.21,97779.65,100742.67,100692.29,8407806.63,TARGET_HIT,0.01,72.91,0.00084,6926.56,135.0,8.25,126.75,126.75,7291.11,7417.86
122,BTC/INR,1h,SHORT,2025-01-08 10:30:00+05:30,2025-01-08 22:30:00+05:30,96073.28,8022118.49,97034.01,94151.81,94198.89,7865606.95,TARGET_HIT,0.01,74.18,0.000878,7046.97,137.49,8.23,129.25,129.25,7417.86,7547.11
123,BTC/INR,1h,SHORT,2025-01-09 09:30:00+05:30,2025-01-09 18:30:00+05:30,93943.74,7844302.21,94883.18,92064.86,92110.9,7691259.87,TARGET_HIT,0.01,75.47,0.000914,7169.76,139.88,8.38,131.5,131.5,7547.11,7678.62
124,BTC/INR,1h,SHORT,2025-01-10 01:30:00+05:30,2025-01-10 05:30:00+05:30,91891.3,7672923.3,92810.21,90053.47,92856.62,7753527.36,STOP_LOSS,0.01,76.79,0.000951,7294.68,-76.63,8.65,-85.28,-85.28,7678.62,7593.33
125,BTC/INR,1h,LONG,2025-01-10 23:30:00+05:30,2025-01-11 01:30:00+05:30,95798.26,7999154.54,94840.28,97714.22,94792.86,7915203.42,STOP_LOSS,0.01,75.93,0.000902,7213.66,-75.71,8.47,-84.17,-84.17,7593.33,7509.16
126,BTC/INR,1h,LONG,2025-01-11 11:30:00+05:30,2025-01-12 00:30:00+05:30,94392.58,7881780.34,93448.65,96280.43,94188.12,7864708.4,INTRADAY_SQUAREOFF,0.01,75.09,0.000905,7133.7,-15.45,8.41,-23.86,-23.86,7509.16,7485.3
127,BTC/INR,1h,LONG,2025-01-12 02:30:00+05:30,2025-01-13 00:30:00+05:30,94652.22,7903460.73,93705.7,96545.27,94914.0,7925318.65,INTRADAY_SQUAREOFF,0.01,74.85,0.0009,7111.03,19.67,8.4,11.26,11.26,7485.3,7496.56
128,BTC/INR,1h,SHORT,2025-01-13 22:30:00+05:30,2025-01-14 00:30:00+05:30,91234.07,7618044.94,92146.41,89409.39,92192.48,7698072.5,STOP_LOSS,0.01,74.97,0.000935,7121.73,-74.81,8.45,-83.26,-83.26,7496.56,7413.3
129,BTC/INR,1h,LONG,2025-01-14 15:30:00+05:30,2025-01-14 17:30:00+05:30,97394.9,8132474.12,96420.95,99342.8,96372.74,8047123.81,STOP_LOSS,0.01,74.13,0.000866,7042.63,-73.91,8.27,-82.18,-82.18,7413.3,7331.12
130,BTC/INR,1h,LONG,2025-01-15 00:30:00+05:30,2025-01-15 18:30:00+05:30,96936.56,8094202.86,95967.2,98875.29,98825.85,8251958.88,TARGET_HIT,0.01,73.31,0.00086,6964.56,135.74,8.3,127.44,127.44,7331.12,7458.56
131,BTC/INR,1h,LONG,2025-01-16 00:30:00+05:30,2025-01-16 19:30:00+05:30,99507.73,8308895.37,98512.65,101497.88,98463.4,8221693.51,STOP_LOSS,0.01,74.59,0.000853,7085.63,-74.36,8.32,-82.68,-82.68,7458.56,7375.88
132,BTC/INR,1h,LONG,2025-01-17 10:30:00+05:30,2025-01-17 20:30:00+05:30,101485.99,8474080.25,100471.13,103515.71,103463.95,8639240.08,TARGET_HIT,0.01,73.76,0.000827,7007.09,136.57,8.35,128.22,128.22,7375.88,7504.1
133,BTC/INR,1h,LONG,2025-01-18 01:30:00+05:30,2025-01-18 03:30:00+05:30,105897.68,8842456.3,104838.7,108015.63,104786.28,8749654.72,STOP_LOSS,0.01,75.04,0.000806,7128.89,-74.82,8.37,-83.19,-83.19,7504.1,7420.91
134,BTC/INR,1h,LONG,2025-01-18 06:30:00+05:30,2025-01-18 08:30:00+05:30,104681.09,8740870.83,103634.28,106774.71,103582.46,8649135.39,STOP_LOSS,0.01,74.21,0.000807,7049.87,-73.99,8.28,-82.26,-82.26,7420.91,7338.65
135,BTC/INR,1h,LONG,2025-01-19 15:30:00+05:30,2025-01-20 00:30:00+05:30,105271.3,8790153.94,104218.59,107376.73,104826.69,8753028.23,INTRADAY_SQUAREOFF,0.01,73.39,0.000793,6971.72,-29.45,8.21,-37.65,-37.65,7338.65,7300.99
136,BTC/INR,1h,SHORT,2025-01-21 10:30:00+05:30,2025-01-21 15:30:00+05:30,101870.6,8506195.24,102889.31,99833.19,102940.75,8595552.82,STOP_LOSS,0.01,73.01,0.000815,6935.95,-72.86,8.23,-81.09,-81.09,7300.99,7219.91
137,BTC/INR,1h,SHORT,2025-01-21 20:30:00+05:30,2025-01-21 22:30:00+05:30,102916.19,8593501.7,103945.35,100857.86,103997.32,8683776.44,STOP_LOSS,0.01,72.2,0.000798,6858.91,-72.05,8.14,-80.19,-80.19,7219.91,7139.72
138,BTC/INR,1h,LONG,2025-01-22 17:30:00+05:30,2025-01-22 19:30:00+05:30,105445.55,8804703.26,104391.09,107554.46,104338.9,8712297.9,STOP_LOSS,0.01,71.4,0.00077,6782.73,-71.18,7.96,-79.15,-79.15,7139.72,7060.57
139,BTC/INR,1h,SHORT,2025-01-23 15:30:00+05:30,2025-01-23 19:30:00+05:30,101555.74,8479904.59,102571.3,99524.63,102622.59,8568985.99,STOP_LOSS,0.01,70.61,0.000791,6707.54,-70.46,7.96,-78.42,-78.42,7060.57,6982.15
140,BTC/INR,1h,LONG,2025-01-24 09:30:00+05:30,2025-01-24 22:30:00+05:30,104231.38,8703320.12,103189.06,106316.01,106262.85,8872947.83,TARGET_HIT,0.01,69.82,0.000762,6633.04,129.28,7.9,121.37,121.37,6982.15,7103.53
141,BTC/INR,1h,SHORT,2025-01-27 10:30:00+05:30,2025-01-27 12:30:00+05:30,100211.59,8367667.59,101213.7,98207.36,98256.46,8204414.39,TARGET_HIT,0.01,71.04,0.000806,6748.35,131.66,7.89,123.77,123.77,7103.53,7227.3
142,BTC/INR,1h,SHORT,2025-01-27 16:30:00+05:30,2025-01-27 18:30:00+05:30,98223.79,8201686.08,99206.02,96259.31,99255.63,8287844.79,STOP_LOSS,0.01,72.27,0.000837,6865.94,-72.13,8.14,-80.27,-80.27,7227.3,7147.03
143,BTC/INR,1h,SHORT,2025-01-29 19:30:00+05:30,2025-01-29 23:30:00+05:30,101642.61,8487157.63,102659.03,99609.75,102710.36,8576315.23,STOP_LOSS,0.01,71.47,0.0008,6789.68,-71.33,8.05,-79.38,-79.38,7147.03,7067.65
144,BTC/INR,1h,LONG,2025-01-30 06:30:00+05:30,2025-01-30 20:30:00+05:30,104130.91,8694931.36,103089.61,106213.53,106160.43,8864395.57,TARGET_HIT,0.01,70.68,0.000772,6714.27,130.86,8.0,122.86,122.86,7067.65,7190.51
145,BTC/INR,1h,LONG,2025-01-31 01:30:00+05:30,2025-01-31 04:30:00+05:30,105820.66,8836024.89,104762.45,107937.07,104710.07,8743290.81,STOP_LOSS,0.01,71.91,0.000773,6830.99,-71.69,8.02,-79.71,-79.71,7190.51,7110.8
146,BTC/INR,1h,SHORT,2025-02-01 09:30:00+05:30,2025-02-02 00:30:00+05:30,102174.85,8531599.8,103196.6,100131.35,102055.97,8521673.6,INTRADAY_SQUAREOFF,0.01,71.11,0.000792,6755.26,7.86,7.97,-0.11,-0.11,7110.8,7110.69
147,BTC/INR,1h,SHORT,2025-02-02 04:30:00+05:30,2025-02-02 17:30:00+05:30,100522.32,8393613.32,101527.54,98511.87,98561.12,8229853.93,TARGET_HIT,0.01,71.11,0.000805,6755.16,131.79,7.89,123.9,123.9,7110.69,7234.59
148,BTC/INR,1h,SHORT,2025-02-02 22:30:00+05:30,2025-02-03 00:30:00+05:30,98080.18,8189694.83,99060.98,96118.57,96939.77,8094471.11,INTRADAY_SQUAREOFF,0.01,72.35,0.000839,6872.86,79.91,8.06,71.85,71.85,7234.59,7306.44
149,BTC/INR,1h,SHORT,2025-02-03 03:30:00+05:30,2025-02-03 05:30:00+05:30,96598.35,8065962.1,97564.33,94666.38,97613.11,8150695.03,STOP_LOSS,0.01,73.06,0.000861,6941.12,-72.92,8.23,-81.15,-81.15,7306.44,7225.29
150,BTC/INR,1h,SHORT,2025-02-03 10:30:00+05:30,2025-02-03 12:30:00+05:30,92745.24,7744227.94,93672.7,90890.34,93719.53,7825581.06,STOP_LOSS,0.01,72.25,0.000886,6864.03,-72.11,8.14,-80.25,-80.25,7225.29,7145.05
151,BTC/INR,1h,SHORT,2025-02-03 17:30:00+05:30,2025-02-03 19:30:00+05:30,94982.95,7931075.97,95932.78,93083.29,95980.74,8014391.92,STOP_LOSS,0.01,71.45,0.000856,6787.79,-71.31,8.05,-79.36,-79.36,7145.05,7065.69
152,BTC/INR,1h,LONG,2025-02-04 00:30:00+05:30,2025-02-04 03:30:00+05:30,100099.99,8358348.82,99098.99,102101.99,102050.93,8521253.04,TARGET_HIT,0.01,70.66,0.000803,6712.4,130.82,8.0,122.83,122.83,7065.69,7188.51
153,BTC/INR,1h,SHORT,2025-02-05 12:30:00+05:30,2025-02-05 17:30:00+05:30,97590.23,8148783.98,98566.13,95638.42,98615.41,8234386.96,STOP_LOSS,0.01,71.89,0.000838,6829.09,-71.74,8.1,-79.84,-79.84,7188.51,7108.67
154,BTC/INR,1h,SHORT,2025-02-06 04:30:00+05:30,2025-02-06 07:30:00+05:30,96258.74,8037605.21,97221.33,94333.57,97269.94,8122040.25,STOP_LOSS,0.01,71.09,0.00084,6753.24,-70.94,8.01,-78.95,-78.95,7108.67,7029.72
155,BTC/INR,1h,SHORT,2025-02-07 01:30:00+05:30,2025-02-07 03:30:00+05:30,95744.28,7994647.03,96701.72,93829.39,96750.07,8078630.8,STOP_LOSS,0.01,70.3,0.000835,6678.24,-70.15,7.92,-78.08,-78.08,7029.72,6951.64
156,BTC/INR,1h,SHORT,2025-02-07 12:30:00+05:30,2025-02-07 16:30:00+05:30,96588.06,8065102.74,97553.94,94656.3,97602.71,8149826.65,STOP_LOSS,0.01,69.52,0.000819,6604.06,-69.38,7.83,-77.21,-77.21,6951.64,6874.44
157,BTC/INR,1h,SHORT,2025-02-08 10:30:00+05:30,2025-02-09 00:30:00+05:30,96240.31,8036065.79,97202.71,94315.5,96553.6,8062225.3,INTRADAY_SQUAREOFF,0.01,68.74,0.000813,6530.71,-21.26,7.72,-28.98,-28.98,6874.44,6845.46
158,BTC/INR,1h,SHORT,2025-02-10 07:30:00+05:30,2025-02-10 09:30:00+05:30,95352.3,7961917.05,96305.82,93445.25,96353.98,8045556.99,STOP_LOSS,0.01,68.45,0.000817,6503.18,-68.32,7.71,-76.03,-76.03,6845.46,6769.43
159,BTC/INR,1h,LONG,2025-02-10 19:30:00+05:30,2025-02-10 21:30:00+05:30,98360.57,8213107.58,97376.96,100327.78,97328.28,8126911.01,STOP_LOSS,0.01,67.69,0.000783,6430.96,-67.49,7.55,-75.04,-75.04,6769.43,6694.39
160,BTC/INR,1h,LONG,2025-02-11 07:30:00+05:30,2025-02-11 18:30:00+05:30,98150.16,8195538.35,97168.66,100113.16,97120.07,8109526.18,STOP_LOSS,0.01,66.94,0.000776,6359.67,-66.74,7.47,-74.21,-74.21,6694.39,6620.18
161,BTC/INR,1h,SHORT,2025-02-11 22:30:00+05:30,2025-02-12 00:30:00+05:30,96295.86,8040704.25,97258.82,94369.94,95497.56,7974046.33,INTRADAY_SQUAREOFF,0.01,66.2,0.000782,6289.17,52.14,7.39,44.75,44.75,6620.18,6664.92
162,BTC/INR,1h,SHORT,2025-02-12 08:30:00+05:30,2025-02-12 13:30:00+05:30,95381.96,7964394.06,96335.78,93474.33,96383.95,8048060.02,STOP_LOSS,0.01,66.65,0.000795,6331.68,-66.51,7.51,-74.02,-74.02,6664.92,6590.9
163,BTC/INR,1h,SHORT,2025-02-12 16:30:00+05:30,2025-02-12 21:30:00+05:30,95875.73,8005623.09,96834.48,93958.21,96882.9,8089722.16,STOP_LOSS,0.01,65.91,0.000782,6261.35,-65.78,7.43,-73.2,-73.2,6590.9,6517.7
164,BTC/INR,1h,LONG,2025-02-13 07:30:00+05:30,2025-02-13 09:30:00+05:30,98135.75,8194334.83,97154.39,100098.46,97105.81,8108335.29,STOP_LOSS,0.01,65.18,0.000756,6191.81,-64.98,7.27,-72.25,-72.25,6517.7,6445.44
165,BTC/INR,1h,LONG,2025-02-13 15:30:00+05:30,2025-02-13 21:30:00+05:30,96313.35,8042164.84,95350.22,98239.62,95302.54,7957762.32,STOP_LOSS,0.01,64.45,0.000761,6123.17,-64.26,7.19,-71.45,-71.45,6445.44,6373.99
166,BTC/INR,1h,LONG,2025-02-15 07:30:00+05:30,2025-02-16 00:30:00+05:30,97862.6,8171527.28,96883.98,99819.85,97515.66,8142557.87,INTRADAY_SQUAREOFF,0.01,63.74,0.000741,6055.29,-21.47,7.13,-28.6,-28.6,6373.99,6345.39
167,BTC/INR,1h,LONG,2025-02-16 03:30:00+05:30,2025-02-16 19:30:00+05:30,97744.55,8161670.01,96767.11,99699.44,96718.72,8076013.28,STOP_LOSS,0.01,63.45,0.000739,6028.12,-63.27,7.08,-70.34,-70.34,6345.39,6275.05
168,BTC/INR,1h,SHORT,2025-02-16 23:30:00+05:30,2025-02-17 01:30:00+05:30,96906.16,8091663.98,97875.22,94968.03,97116.73,8109246.91,INTRADAY_SQUAREOFF,0.01,62.75,0.000737,5961.3,-12.95,7.04,-20.0,-20.0,6275.05,6255.06
169,BTC/INR,1h,SHORT,2025-02-17 05:30:00+05:30,2025-02-17 19:30:00+05:30,96021.93,8017831.47,96982.15,94101.5,97030.64,8102058.79,STOP_LOSS,0.01,62.55,0.000741,5942.3,-62.42,7.05,-69.47,-69.47,6255.06,6185.59
170,BTC/INR,1h,SHORT,2025-02-17 21:30:00+05:30,2025-02-18 00:30:00+05:30,95552.55,7978638.04,96508.08,93641.5,95376.45,7963933.21,INTRADAY_SQUAREOFF,0.01,61.86,0.000737,5876.31,10.83,6.93,3.9,3.9,6185.59,6189.49
171,BTC/INR,1h,SHORT,2025-02-18 04:30:00+05:30,2025-02-18 23:30:00+05:30,95818.68,8000859.45,96776.86,93902.3,93949.25,7844762.68,TARGET_HIT,0.01,61.89,0.000735,5880.01,114.72,6.87,107.85,107.85,6189.49,6297.34
172,BTC/INR,1h,LONG,2025-02-20 08:30:00+05:30,2025-02-21 00:30:00+05:30,97279.08,8122802.86,96306.29,99224.66,98279.72,8206356.48,INTRADAY_SQUAREOFF,0.01,62.97,0.000737,5982.47,61.54,7.1,54.44,54.44,6297.34,6351.78
173,BTC/INR,1h,SHORT,2025-02-22 13:30:00+05:30,2025-02-23 00:30:00+05:30,96249.66,8036846.26,97212.15,94324.66,96504.21,8058101.73,INTRADAY_SQUAREOFF,0.01,63.52,0.000751,6034.19,-15.96,7.13,-23.09,-23.09,6351.78,6328.69
174,BTC/INR,1h,SHORT,2025-02-23 07:30:00+05:30,2025-02-24 00:30:00+05:30,96383.34,8048008.8,97347.17,94455.67,95797.74,7999111.47,INTRADAY_SQUAREOFF,0.01,63.29,0.000747,6012.25,36.53,7.07,29.46,29.46,6328.69,6358.15
175,BTC/INR,1h,SHORT,2025-02-24 14:30:00+05:30,2025-02-25 00:30:00+05:30,95388.99,7964980.88,96342.88,93481.21,94202.87,7865939.39,INTRADAY_SQUAREOFF,0.01,63.58,0.000758,6040.24,75.11,7.08,68.02,68.02,6358.15,6426.17
176,BTC/INR,1h,SHORT,2025-02-25 04:30:00+05:30,2025-02-25 12:30:00+05:30,92398.89,7715307.7,93322.88,90550.92,90596.19,7564782.05,TARGET_HIT,0.01,64.26,0.000791,6104.86,119.11,7.13,111.97,111.97,6426.17,6538.14
177,BTC/INR,1h,SHORT,2025-02-25 15:30:00+05:30,2025-02-25 17:30:00+05:30,88224.2,7366720.85,89106.44,86459.72,89151.0,7444108.25,STOP_LOSS,0.01,65.38,0.000843,6211.24,-65.25,7.37,-72.62,-72.62,6538.14,6465.53
178,BTC/INR,1h,SHORT,2025-02-25 19:30:00+05:30,2025-02-25 21:30:00+05:30,88652.06,7402446.85,89538.58,86879.02,86922.46,7258025.11,TARGET_HIT,0.01,64.66,0.00083,6142.25,119.84,7.18,112.66,112.66,6465.53,6578.18
179,BTC/INR,1h,SHORT,2025-02-26 06:30:00+05:30,2025-02-26 08:30:00+05:30,88010.5,7348877.08,88890.61,86250.29,88935.05,7426077.04,STOP_LOSS,0.01,65.78,0.00085,6249.27,-65.65,7.41,-73.06,-73.06,6578.18,6505.12
180,BTC/INR,1h,SHORT,2025-02-26 18:30:00+05:30,2025-02-26 22:30:00+05:30,87540.89,7309664.09,88416.3,85790.07,85832.96,7167052.55,TARGET_HIT,0.01,65.05,0.000845,6179.87,120.57,7.22,113.35,113.35,6505.12,6618.47
181,BTC/INR,1h,SHORT,2025-02-27 08:30:00+05:30,2025-02-27 10:30:00+05:30,84180.65,7029083.98,85022.45,82497.03,85064.96,7102924.5,STOP_LOSS,0.01,66.18,0.000895,6287.55,-66.05,7.46,-73.51,-73.51,6618.47,6544.96
182,BTC/INR,1h,SHORT,2025-02-27 14:30:00+05:30,2025-02-27 16:30:00+05:30,85823.49,7166261.3,86681.72,84107.02,86725.06,7241542.88,STOP_LOSS,0.01,65.45,0.000868,6217.71,-65.32,7.38,-72.69,-72.69,6544.96,6472.27
183,BTC/INR,1h,SHORT,2025-02-27 22:30:00+05:30,2025-02-28 00:30:00+05:30,84305.81,7039535.17,85148.87,82619.69,84542.92,7059334.0,INTRADAY_SQUAREOFF,0.01,64.72,0.000873,6148.66,-17.29,7.27,-24.56,-24.56,6472.27,6447.71
184,BTC/INR,1h,SHORT,2025-02-28 06:30:00+05:30,2025-02-28 08:30:00+05:30,84167.45,7027982.07,85009.12,82484.1,82525.34,6890866.14,TARGET_HIT,0.01,64.48,0.000872,6125.32,119.51,7.16,112.35,112.35,6447.71,6560.06
185,BTC/INR,1h,LONG,2025-03-01 05:30:00+05:30,2025-03-01 09:30:00+05:30,84509.85,7056572.56,83664.75,86200.05,86156.95,7194105.16,TARGET_HIT,0.01,65.6,0.000883,6232.05,121.46,7.43,114.04,114.04,6560.06,6674.09
186,BTC/INR,1h,LONG,2025-03-01 14:30:00+05:30,2025-03-01 16:30:00+05:30,85338.77,7125787.55,84485.39,87045.55,84443.14,7051002.41,STOP_LOSS,0.01,66.74,0.00089,6340.39,-66.54,7.44,-73.98,-73.98,6674.09,6600.11
187,BTC/INR,1h,LONG,2025-03-01 22:30:00+05:30,2025-03-02 00:30:00+05:30,85229.27,7116644.3,84376.98,86933.86,85221.28,7115977.06,INTRADAY_SQUAREOFF,0.01,66.0,0.000881,6270.1,-0.59,7.4,-7.99,-7.99,6600.11,6592.12
188,BTC/INR,1h,LONG,2025-03-02 07:30:00+05:30,2025-03-02 19:30:00+05:30,86354.19,7210574.59,85490.64,88081.27,85447.9,7134899.61,STOP_LOSS,0.01,65.92,0.000869,6262.52,-65.73,7.35,-73.08,-73.08,6592.12,6519.05
189,BTC/INR,1h,LONG,2025-03-02 21:30:00+05:30,2025-03-02 23:30:00+05:30,88384.25,7380084.72,87500.41,90151.93,90106.86,7523922.57,TARGET_HIT,0.01,65.19,0.000839,6193.1,120.7,7.38,113.32,113.32,6519.05,6632.37
190,BTC/INR,1h,LONG,2025-03-03 02:30:00+05:30,2025-03-03 05:30:00+05:30,94468.95,7888156.93,93524.26,96358.32,93477.49,7805370.72,STOP_LOSS,0.01,66.32,0.000799,6300.75,-66.13,7.4,-73.52,-73.52,6632.37,6558.85
191,BTC/INR,1h,LONG,2025-03-03 16:30:00+05:30,2025-03-03 19:30:00+05:30,92539.64,7727059.72,91614.24,94390.43,91568.43,7645964.22,STOP_LOSS,0.01,65.59,0.000806,6230.91,-65.39,7.31,-72.71,-72.71,6558.85,6486.14
192,BTC/INR,1h,SHORT,2025-03-04 00:30:00+05:30,2025-03-04 06:30:00+05:30,86790.58,7247013.03,87658.48,85054.76,85097.29,7105623.8,TARGET_HIT,0.01,64.86,0.00085,6161.84,120.22,7.2,113.02,113.02,6486.14,6599.16
193,BTC/INR,1h,SHORT,2025-03-04 10:30:00+05:30,2025-03-04 16:30:00+05:30,83315.18,6956817.61,84148.33,81648.88,84190.41,7029898.98,STOP_LOSS,0.01,65.99,0.000901,6269.2,-65.86,7.44,-73.29,-73.29,6599.16,6525.87
194,BTC/INR,1h,SHORT,2025-03-04 19:30:00+05:30,2025-03-04 21:30:00+05:30,82490.29,6887939.12,83315.19,80840.48,83356.85,6960296.92,STOP_LOSS,0.01,65.26,0.0009,6199.57,-65.13,7.35,-72.48,-72.48,6525.87,6453.38
195,BTC/INR,1h,LONG,2025-03-05 07:30:00+05:30,2025-03-05 09:30:00+05:30,87749.03,7327044.2,86871.54,89504.01,86828.11,7250146.87,STOP_LOSS,0.01,64.53,0.000837,6130.72,-64.34,7.2,-71.54,-71.54,6453.38,6381.85
196,BTC/INR,1h,LONG,2025-03-06 00:30:00+05:30,2025-03-06 06:30:00+05:30,89924.15,7508666.57,89024.91,91722.63,91676.77,7655010.48,TARGET_HIT,0.01,63.82,0.000807,6062.75,118.16,7.22,110.94,110.94,6381.85,6492.79
197,BTC/INR,1h,LONG,2025-03-06 10:30:00+05:30,2025-03-06 12:30:00+05:30,92500.75,7723812.68,91575.74,94350.77,91529.96,7642751.27,STOP_LOSS,0.01,64.93,0.000799,6168.15,-64.73,7.24,-71.97,-71.97,6492.79,6420.81
198,BTC/INR,1h,SHORT,2025-03-07 06:30:00+05:30,2025-03-07 08:30:00+05:30,85117.0,7107269.36,85968.17,83414.66,86011.15,7181931.23,STOP_LOSS,0.01,64.21,0.000858,6099.77,-64.08,7.24,-71.31,-71.31,6420.81,6349.5
199,BTC/INR,1h,SHORT,2025-03-07 21:30:00+05:30,2025-03-07 23:30:00+05:30,88044.34,7351702.27,88924.78,86283.45,88969.24,7428931.91,STOP_LOSS,0.01,63.49,0.00082,6032.02,-63.37,7.16,-70.52,-70.52,6349.5,6278.98
200,BTC/INR,1h,SHORT,2025-03-08 02:30:00+05:30,2025-03-09 00:30:00+05:30,86695.69,7239090.36,87562.65,84961.78,86070.04,7186848.09,INTRADAY_SQUAREOFF,0.01,62.79,0.000824,5965.03,43.05,7.01,36.03,36.03,6278.98,6315.01
201,BTC/INR,1h,SHORT,2025-03-09 08:30:00+05:30,2025-03-09 18:30:00+05:30,85952.41,7177026.11,86811.93,84233.36,84275.48,7037002.33,TARGET_HIT,0.01,63.15,0.000836,5999.26,117.05,7.01,110.04,110.04,6315.01,6425.05
202,BTC/INR,1h,SHORT,2025-03-09 21:30:00+05:30,2025-03-10 00:30:00+05:30,82859.8,6918793.25,83688.4,81202.6,82689.98,6904613.38,INTRADAY_SQUAREOFF,0.01,64.25,0.000882,6103.79,12.51,7.2,5.31,5.31,6425.05,6430.36
203,BTC/INR,1h,SHORT,2025-03-10 03:30:00+05:30,2025-03-10 07:30:00+05:30,81725.22,6824055.75,82542.47,80090.71,82583.74,6895742.45,STOP_LOSS,0.01,64.3,0.000895,6108.84,-64.17,7.25,-71.42,-71.42,6430.36,6358.94
204,BTC/INR,1h,SHORT,2025-03-10 14:30:00+05:30,2025-03-10 16:30:00+05:30,81232.0,6782871.71,82044.32,79607.36,82085.34,6854125.77,STOP_LOSS,0.01,63.59,0.000891,6040.99,-63.46,7.17,-70.63,-70.63,6358.94,6288.31
205,BTC/INR,1h,SHORT,2025-03-10 22:30:00+05:30,2025-03-11 00:30:00+05:30,78933.37,6590936.64,79722.71,77354.71,77853.06,6500730.14,INTRADAY_SQUAREOFF,0.01,62.88,0.000906,5973.9,81.76,7.0,74.76,74.76,6288.31,6363.07
206,BTC/INR,1h,SHORT,2025-03-11 05:30:00+05:30,2025-03-11 07:30:00+05:30,78530.62,6557306.88,79315.93,76960.01,79355.59,6626191.39,STOP_LOSS,0.01,63.63,0.000922,6044.92,-63.5,7.17,-70.67,-70.67,6363.07,6292.4
207,BTC/INR,1h,LONG,2025-03-12 13:30:00+05:30,2025-03-12 17:30:00+05:30,82505.22,6889186.22,81680.17,84155.33,84113.25,7023456.46,TARGET_HIT,0.01,62.92,0.000868,5977.78,116.51,7.12,109.38,109.38,6292.4,6401.79
208,BTC/INR,1h,LONG,2025-03-13 01:30:00+05:30,2025-03-13 18:30:00+05:30,83097.0,6938599.21,82266.03,84758.94,82224.89,6865778.61,STOP_LOSS,0.01,64.02,0.000877,6081.7,-63.83,7.14,-70.97,-70.97,6401.79,6330.82
209,BTC/INR,1h,LONG,2025-03-15 08:30:00+05:30,2025-03-15 13:30:00+05:30,84624.34,7066132.21,83778.09,86316.82,83736.21,6991973.16,STOP_LOSS,0.01,63.31,0.000851,6014.28,-63.12,7.06,-70.18,-70.18,6330.82,6260.64
210,BTC/INR,1h,LONG,2025-03-15 17:30:00+05:30,2025-03-16 00:30:00+05:30,84200.84,7030769.91,83358.83,85884.85,84175.11,7028621.7,INTRADAY_SQUAREOFF,0.01,62.61,0.000846,5947.61,-1.82,7.02,-8.83,-8.83,6260.64,6251.81
211,BTC/INR,1h,LONG,2025-03-16 09:30:00+05:30,2025-03-16 16:30:00+05:30,84387.47,7046353.71,83543.59,86075.22,83501.82,6972402.22,STOP_LOSS,0.01,62.52,0.000843,5939.22,-62.33,6.97,-69.3,-69.3,6251.81,6182.5
212,BTC/INR,1h,SHORT,2025-03-17 11:30:00+05:30,2025-03-17 22:30:00+05:30,83099.67,6938822.58,83930.67,81437.68,83972.63,7011714.91,STOP_LOSS,0.01,61.83,0.000846,5873.38,-61.7,6.97,-68.67,-68.67,6182.5,6113.84
213,BTC/INR,1h,SHORT,2025-03-18 23:30:00+05:30,2025-03-19 01:30:00+05:30,81339.08,6791813.48,82152.47,79712.3,82193.55,6863161.48,STOP_LOSS,0.01,61.14,0.000855,5808.14,-61.01,6.89,-67.9,-67.9,6113.84,6045.93
214,BTC/INR,1h,LONG,2025-03-19 19:30:00+05:30,2025-03-20 00:30:00+05:30,84362.14,7044239.05,83518.52,86049.39,85640.78,7151004.74,INTRADAY_SQUAREOFF,0.01,60.46,0.000815,5743.64,87.05,6.83,80.22,80.22,6045.93,6126.16
215,BTC/INR,1h,LONG,2025-03-20 05:30:00+05:30,2025-03-20 07:30:00+05:30,87045.49,7268298.03,86175.03,88786.4,86131.94,7192017.24,STOP_LOSS,0.01,61.26,0.000801,5819.85,-61.08,6.83,-67.91,-67.91,6126.16,6058.25
216,BTC/INR,1h,LONG,2025-03-20 14:30:00+05:30,2025-03-20 16:30:00+05:30,86329.29,7208495.84,85466.0,88055.88,85423.27,7132842.68,STOP_LOSS,0.01,60.58,0.000798,5755.33,-60.4,6.76,-67.16,-67.16,6058.25,5991.09
217,BTC/INR,1h,SHORT,2025-03-21 04:30:00+05:30,2025-03-22 00:30:00+05:30,83948.37,7009689.06,84787.86,82269.4,84107.67,7022990.73,INTRADAY_SQUAREOFF,0.01,59.91,0.000812,5691.53,-10.8,6.72,-17.52,-17.52,5991.09,5973.57
218,BTC/INR,1h,SHORT,2025-03-22 05:30:00+05:30,2025-03-23 00:30:00+05:30,83981.25,7012434.06,84821.06,82301.62,84299.94,7039045.11,INTRADAY_SQUAREOFF,0.01,59.74,0.000809,5674.89,-21.54,6.71,-28.24,-28.24,5973.57,5945.32
219,BTC/INR,1h,LONG,2025-03-23 21:30:00+05:30,2025-03-24 00:30:00+05:30,85257.94,7119038.29,84405.36,86963.1,84936.32,7092182.33,INTRADAY_SQUAREOFF,0.01,59.45,0.000793,5648.05,-21.31,6.65,-27.96,-27.96,5945.32,5917.36
220,BTC/INR,1h,LONG,2025-03-24 09:30:00+05:30,2025-03-24 19:30:00+05:30,86581.46,7229552.28,85715.65,88313.09,88268.94,7370456.25,TARGET_HIT,0.01,59.17,0.000778,5621.49,109.56,6.7,102.86,102.86,5917.36,6020.23
221,BTC/INR,1h,LONG,2025-03-25 00:30:00+05:30,2025-03-25 03:30:00+05:30,88582.92,7396673.63,87697.09,90354.58,87653.24,7319045.54,STOP_LOSS,0.01,60.2,0.000773,5719.22,-60.02,6.71,-66.74,-66.74,6020.23,5953.49
222,BTC/INR,1h,LONG,2025-03-25 06:30:00+05:30,2025-03-25 08:30:00+05:30,87713.25,7324056.27,86836.12,89467.51,86792.7,7247190.3,STOP_LOSS,0.01,59.53,0.000772,5655.82,-59.36,6.64,-66.0,-66.0,5953.49,5887.49
223,BTC/INR,1h,LONG,2025-03-26 01:30:00+05:30,2025-03-26 03:30:00+05:30,88316.4,7374419.55,87433.24,90082.73,87389.52,7297025.01,STOP_LOSS,0.01,58.87,0.000758,5593.12,-58.7,6.57,-65.27,-65.27,5887.49,5822.23
224,BTC/INR,1h,LONG,2025-03-26 07:30:00+05:30,2025-03-26 18:30:00+05:30,87928.93,7342066.05,87049.65,89687.51,87006.12,7265011.06,STOP_LOSS,0.01,58.22,0.000753,5531.12,-58.05,6.49,-64.54,-64.54,5822.23,5757.69
225,BTC/INR,1h,SHORT,2025-03-27 00:30:00+05:30,2025-03-27 02:30:00+05:30,86171.1,7195286.52,87032.81,84447.67,87076.32,7270873.0,STOP_LOSS,0.01,57.58,0.00076,5469.8,-57.46,6.49,-63.95,-63.95,5757.69,5693.74
226,BTC/INR,1h,SHORT,2025-03-27 11:30:00+05:30,2025-03-28 00:30:00+05:30,87257.26,7285980.86,88129.83,85512.11,87248.48,7285247.87,INTRADAY_SQUAREOFF,0.01,56.94,0.000742,5409.05,0.54,6.38,-5.84,-5.84,5693.74,5687.9
227,BTC/INR,1h,SHORT,2025-03-28 16:30:00+05:30,2025-03-29 00:30:00+05:30,84851.12,7085068.16,85699.63,83154.09,83867.54,7002939.41,INTRADAY_SQUAREOFF,0.01,56.88,0.000763,5403.51,62.64,6.34,56.3,56.3,5687.9,5744.2
228,BTC/INR,1h,SHORT,2025-03-29 15:30:00+05:30,2025-03-29 22:30:00+05:30,83348.4,6959591.29,84181.88,81681.43,81722.27,6823809.67,TARGET_HIT,0.01,57.44,0.000784,5456.99,106.47,6.38,100.09,100.09,5744.2,5844.29
229,BTC/INR,1h,SHORT,2025-03-30 11:30:00+05:30,2025-03-31 00:30:00+05:30,82882.62,6920698.44,83711.44,81224.96,82728.85,6907859.11,INTRADAY_SQUAREOFF,0.01,58.44,0.000802,5552.07,10.3,6.55,3.75,3.75,5844.29,5848.04
230,BTC/INR,1h,SHORT,2025-03-31 09:30:00+05:30,2025-03-31 17:30:00+05:30,81453.24,6801345.32,82267.77,79824.17,82308.9,6872793.45,STOP_LOSS,0.01,58.48,0.000817,5555.64,-58.36,6.59,-64.95,-64.95,5848.04,5783.09
231,BTC/INR,1h,LONG,2025-04-01 20:30:00+05:30,2025-04-02 00:30:00+05:30,84263.83,7036029.77,83421.19,85949.11,85079.45,7104134.46,INTRADAY_SQUAREOFF,0.01,57.83,0.000781,5493.94,53.18,6.51,46.66,46.66,5783.09,5829.75
232,BTC/INR,1h,LONG,2025-04-02 02:30:00+05:30,2025-04-02 09:30:00+05:30,85333.86,7125377.67,84480.53,87040.54,84438.29,7050596.84,STOP_LOSS,0.01,58.3,0.000777,5538.27,-58.12,6.5,-64.62,-64.62,5829.75,5765.13
233,BTC/INR,1h,LONG,2025-04-02 14:30:00+05:30,2025-04-02 20:30:00+05:30,84758.33,7077320.93,83910.75,86453.5,86410.27,7215257.92,TARGET_HIT,0.01,57.65,0.000774,5476.87,106.74,6.53,100.22,100.22,5765.13,5865.35
234,BTC/INR,1h,LONG,2025-04-03 01:30:00+05:30,2025-04-03 03:30:00+05:30,86967.47,7261783.73,86097.8,88706.82,86054.75,7185571.31,STOP_LOSS,0.01,58.65,0.000767,5572.08,-58.48,6.54,-65.02,-65.02,5865.35,5800.33
235,BTC/INR,1h,SHORT,2025-04-03 12:30:00+05:30,2025-04-03 20:30:00+05:30,82972.83,6928231.2,83802.56,81313.37,81354.03,6793061.41,TARGET_HIT,0.01,58.0,0.000795,5510.31,107.51,6.44,101.07,101.07,5800.33,5901.4
236,BTC/INR,1h,LONG,2025-04-05 15:30:00+05:30,2025-04-05 18:30:00+05:30,83863.67,7002616.34,83025.03,85540.94,82983.52,6929123.88,STOP_LOSS,0.01,59.01,0.000801,5606.33,-58.84,6.58,-65.42,-65.42,5901.4,5835.98
237,BTC/INR,1h,SHORT,2025-04-06 01:30:00+05:30,2025-04-06 04:30:00+05:30,82710.54,6906329.93,83537.64,81056.33,83579.41,6978880.93,STOP_LOSS,0.01,58.36,0.000803,5544.18,-58.24,6.58,-64.82,-64.82,5835.98,5771.16
238,BTC/INR,1h,SHORT,2025-04-06 12:30:00+05:30,2025-04-06 22:30:00+05:30,83054.24,6935029.14,83884.78,81393.16,81433.85,6799726.72,TARGET_HIT,0.01,57.71,0.000791,5482.6,106.97,6.41,100.56,100.56,5771.16,5871.72
239,BTC/INR,1h,SHORT,2025-04-07 02:30:00+05:30,2025-04-07 09:30:00+05:30,78594.12,6562609.09,79380.06,77022.24,77060.75,6434572.58,TARGET_HIT,0.01,58.72,0.00085,5578.13,108.83,6.52,102.31,102.31,5871.72,5974.03
240,BTC/INR,1h,LONG,2025-04-08 07:30:00+05:30,2025-04-08 09:30:00+05:30,80766.53,6744005.02,79958.86,82381.86,79918.88,6673226.68,STOP_LOSS,0.01,59.74,0.000842,5675.33,-59.56,6.66,-66.22,-66.22,5974.03,5907.8
241,BTC/INR,1h,LONG,2025-04-08 17:30:00+05:30,2025-04-08 19:30:00+05:30,80142.09,6691864.52,79340.67,81744.93,79301.0,6621633.4,STOP_LOSS,0.01,59.08,0.000839,5612.41,-58.9,6.59,-65.49,-65.49,5907.8,5842.31
242,BTC/INR,1h,SHORT,2025-04-09 05:30:00+05:30,2025-04-09 11:30:00+05:30,76215.33,6363979.75,76977.48,74691.02,77015.97,6430833.36,STOP_LOSS,0.01,58.42,0.000872,5550.2,-58.3,6.58,-64.89,-64.89,5842.31,5777.43
243,BTC/INR,1h,LONG,2025-04-10 02:30:00+05:30,2025-04-10 05:30:00+05:30,83231.63,6949841.45,82399.32,84896.27,82358.12,6876902.86,STOP_LOSS,0.01,57.77,0.00079,5488.55,-57.6,6.44,-64.04,-64.04,5777.43,5713.38
244,BTC/INR,1h,LONG,2025-04-10 15:30:00+05:30,2025-04-10 18:30:00+05:30,82053.59,6851474.95,81233.06,83694.66,81192.44,6779568.72,STOP_LOSS,0.01,57.13,0.000792,5427.71,-56.96,6.37,-63.33,-63.33,5713.38,5650.05
245,BTC/INR,1h,SHORT,2025-04-11 06:30:00+05:30,2025-04-11 08:30:00+05:30,78930.41,6590688.87,79719.71,77351.8,79759.57,6659924.06,STOP_LOSS,0.01,56.5,0.000814,5367.54,-56.39,6.37,-62.75,-62.75,5650.05,5587.29
246,BTC/INR,1h,LONG,2025-04-11 21:30:00+05:30,2025-04-12 00:30:00+05:30,82632.58,6899820.82,81806.26,84285.24,83534.19,6975104.75,INTRADAY_SQUAREOFF,0.01,55.87,0.000769,5307.93,57.91,6.3,51.62,51.62,5587.29,5638.91
247,BTC/INR,1h,LONG,2025-04-12 10:30:00+05:30,2025-04-12 19:30:00+05:30,83329.97,6958052.69,82496.67,84996.57,84954.07,7093665.13,TARGET_HIT,0.01,56.39,0.00077,5356.96,104.41,6.38,98.02,98.02,5638.91,5736.93
248,BTC/INR,1h,LONG,2025-04-13 00:30:00+05:30,2025-04-13 13:30:00+05:30,85204.9,7114609.27,84352.85,86909.0,84310.68,7039941.45,STOP_LOSS,0.01,57.37,0.000766,5450.09,-57.2,6.4,-63.6,-63.6,5736.93,5673.34
249,BTC/INR,1h,SHORT,2025-04-14 02:30:00+05:30,2025-04-14 05:30:00+05:30,83205.45,6947655.46,84037.51,81541.35,84079.53,7020640.58,STOP_LOSS,0.01,56.73,0.000776,5389.67,-56.62,6.39,-63.01,-63.01,5673.34,5610.33
250,BTC/INR,1h,LONG,2025-04-15 18:30:00+05:30,2025-04-15 20:30:00+05:30,85839.23,7167575.4,84980.83,87556.01,84938.34,7092351.69,STOP_LOSS,0.01,56.1,0.000744,5329.81,-55.94,6.26,-62.19,-62.19,5610.33,5548.13
251,BTC/INR,1h,SHORT,2025-04-16 04:30:00+05:30,2025-04-16 19:30:00+05:30,83660.48,6985650.48,84497.09,81987.28,84539.34,7059034.74,STOP_LOSS,0.01,55.48,0.000755,5270.73,-55.37,6.25,-61.62,-61.62,5548.13,5486.51
252,BTC/INR,1h,LONG,2025-04-18 02:30:00+05:30,2025-04-19 00:30:00+05:30,85180.3,7112554.67,84328.49,86883.9,84563.41,7061044.57,INTRADAY_SQUAREOFF,0.01,54.87,0.000733,5212.19,-37.75,6.13,-43.88,-43.88,5486.51,5442.64
253,BTC/INR,1h,LONG,2025-04-19 07:30:00+05:30,2025-04-20 00:30:00+05:30,84613.47,7065224.35,83767.33,86305.73,85085.07,7104603.26,INTRADAY_SQUAREOFF,0.01,54.43,0.000732,5170.51,28.82,6.12,22.7,22.7,5442.64,5465.34
254,BTC/INR,1h,LONG,2025-04-21 05:30:00+05:30,2025-04-21 07:30:00+05:30,85283.57,7121178.4,84430.74,86989.25,86945.75,7259970.16,TARGET_HIT,0.01,54.65,0.000729,5192.07,101.19,6.19,95.01,95.01,5465.34,5560.35
255,BTC/INR,1h,LONG,2025-04-21 20:30:00+05:30,2025-04-21 22:30:00+05:30,88469.31,7387187.73,87584.62,90238.7,87540.83,7309659.19,STOP_LOSS,0.01,55.6,0.000715,5282.33,-55.44,6.2,-61.64,-61.64,5560.35,5498.71
256,BTC/INR,1h,LONG,2025-04-22 01:30:00+05:30,2025-04-22 18:30:00+05:30,87506.32,7306777.49,86631.25,89256.44,89211.82,7449186.58,TARGET_HIT,0.01,54.99,0.000715,5223.77,101.81,6.22,95.59,95.59,5498.71,5594.29
257,BTC/INR,1h,LONG,2025-04-22 23:30:00+05:30,2025-04-23 01:30:00+05:30,91537.61,7643390.7,90622.24,93368.37,91483.32,7638857.34,INTRADAY_SQUAREOFF,0.01,55.94,0.000695,5314.58,-3.15,6.27,-9.42,-9.42,5594.29,5584.87
258,BTC/INR,1h,LONG,2025-04-23 03:30:00+05:30,2025-04-23 20:30:00+05:30,93507.8,7807901.37,92572.72,95377.96,92526.44,7725957.45,STOP_LOSS,0.01,55.85,0.00068,5305.63,-55.68,6.23,-61.91,-61.91,5584.87,5522.96
259,BTC/INR,1h,LONG,2025-04-24 04:30:00+05:30,2025-04-24 08:30:00+05:30,93846.62,7836192.65,92908.15,95723.55,92861.7,7753951.81,STOP_LOSS,0.01,55.23,0.00067,5246.81,-55.07,6.16,-61.22,-61.22,5522.96,5461.74
260,BTC/INR,1h,LONG,2025-04-25 01:30:00+05:30,2025-04-25 19:30:00+05:30,93731.35,7826567.73,92794.04,95605.98,95558.17,7979107.54,TARGET_HIT,0.01,54.62,0.000663,5188.65,101.13,6.18,94.94,94.94,5461.74,5556.68
261,BTC/INR,1h,LONG,2025-04-26 08:30:00+05:30,2025-04-26 14:30:00+05:30,95196.42,7948900.92,94244.45,97100.35,94197.33,7865477.2,STOP_LOSS,0.01,55.57,0.000664,5278.85,-55.4,6.2,-61.6,-61.6,5556.68,5495.08
262,BTC/INR,1h,LONG,2025-04-26 20:30:00+05:30,2025-04-27 00:30:00+05:30,94335.44,7877009.33,93392.09,96222.15,94161.49,7862484.37,INTRADAY_SQUAREOFF,0.01,54.95,0.000663,5220.33,-9.63,6.15,-15.78,-15.78,5495.08,5479.3
263,BTC/INR,1h,LONG,2025-04-27 06:30:00+05:30,2025-04-27 09:30:00+05:30,95055.87,7937165.26,94105.31,96956.99,94058.26,7853864.71,STOP_LOSS,0.01,54.79,0.000656,5205.34,-54.63,6.11,-60.74,-60.74,5479.3,5418.56
264,BTC/INR,1h,SHORT,2025-04-28 05:30:00+05:30,2025-04-28 11:30:00+05:30,93681.8,7822430.28,94618.62,91808.16,94665.93,7904604.91,STOP_LOSS,0.01,54.19,0.000658,5147.64,-54.08,6.11,-60.18,-60.18,5418.56,5358.38
265,BTC/INR,1h,LONG,2025-04-28 16:30:00+05:30,2025-04-28 18:30:00+05:30,95286.19,7956396.83,94333.33,97191.91,94286.16,7872894.45,STOP_LOSS,0.01,53.58,0.00064,5090.46,-53.42,5.98,-59.4,-59.4,5358.38,5298.98
266,BTC/INR,1h,SHORT,2025-04-29 10:30:00+05:30,2025-04-29 16:30:00+05:30,94314.49,7875260.0,95257.64,92428.2,95305.26,7957989.61,STOP_LOSS,0.01,52.99,0.000639,5034.03,-52.88,5.97,-58.85,-58.85,5298.98,5240.13
267,BTC/INR,1h,SHORT,2025-04-30 02:30:00+05:30,2025-05-01 00:30:00+05:30,94812.2,7916818.3,95760.32,92915.95,94185.58,7864496.34,INTRADAY_SQUAREOFF,0.01,52.4,0.000629,4978.12,32.9,5.85,27.05,27.05,5240.13,5267.17
268,BTC/INR,1h,SHORT,2025-05-01 04:30:00+05:30,2025-05-01 10:30:00+05:30,94058.39,7853875.78,94998.98,92177.22,95046.48,7936380.75,STOP_LOSS,0.01,52.67,0.000637,5003.82,-52.57,5.94,-58.5,-58.5,5267.17,5208.67
269,BTC/INR,1h,LONG,2025-05-01 18:30:00+05:30,2025-05-02 00:30:00+05:30,96504.15,8058096.51,95539.11,98434.23,96809.88,8083625.26,INTRADAY_SQUAREOFF,0.01,52.09,0.000614,4948.24,15.68,5.85,9.83,9.83,5208.67,5218.5
270,BTC/INR,1h,LONG,2025-05-02 06:30:00+05:30,2025-05-03 00:30:00+05:30,97102.62,8108068.84,96131.59,99044.67,97141.04,8111276.67,INTRADAY_SQUAREOFF,0.01,52.19,0.000611,4957.58,1.96,5.85,-3.89,-3.89,5218.5,5214.61
271,BTC/INR,1h,LONG,2025-05-03 05:30:00+05:30,2025-05-03 15:30:00+05:30,96966.24,8096681.05,95996.58,98905.56,95948.58,8011706.38,STOP_LOSS,0.01,52.15,0.000612,4953.88,-51.99,5.81,-57.81,-57.81,5214.61,5156.81
272,BTC/INR,1h,SHORT,2025-05-04 22:30:00+05:30,2025-05-05 00:30:00+05:30,95279.63,7955848.72,96232.42,93374.03,95439.68,7969213.31,INTRADAY_SQUAREOFF,0.01,51.57,0.000616,4898.97,-8.23,5.79,-14.02,-14.02,5156.81,5142.79
273,BTC/INR,1h,SHORT,2025-05-05 05:30:00+05:30,2025-05-06 00:30:00+05:30,94163.22,7862628.47,95104.85,92279.95,94773.72,7913605.83,INTRADAY_SQUAREOFF,0.01,51.43,0.000621,4885.65,-31.68,5.78,-37.46,-37.46,5142.79,5105.33
274,BTC/INR,1h,LONG,2025-05-07 04:30:00+05:30,2025-05-08 00:30:00+05:30,96402.69,8049624.86,95438.67,98330.75,96548.83,8061827.66,INTRADAY_SQUAREOFF,0.01,51.05,0.000603,4850.06,7.35,5.73,1.63,1.63,5105.33,5106.96
275,BTC/INR,1h,LONG,2025-05-08 14:30:00+05:30,2025-05-09 00:30:00+05:30,99811.26,8334239.85,98813.14,101807.48,101301.26,8458655.34,INTRADAY_SQUAREOFF,0.01,51.07,0.000582,4851.61,72.43,5.77,66.66,66.66,5106.96,5173.61
276,BTC/INR,1h,LONG,2025-05-09 02:30:00+05:30,2025-05-10 00:30:00+05:30,102814.03,8584971.49,101785.89,104870.31,103165.12,8614287.37,INTRADAY_SQUAREOFF,0.01,51.74,0.000573,4914.93,16.78,5.81,10.97,10.97,5173.61,5184.59
277,BTC/INR,1h,LONG,2025-05-10 09:30:00+05:30,2025-05-11 00:30:00+05:30,103257.01,8621960.25,102224.44,105322.15,103203.73,8617511.6,INTRADAY_SQUAREOFF,0.01,51.85,0.000571,4925.36,-2.54,5.81,-8.35,-8.35,5184.59,5176.24
278,BTC/INR,1h,LONG,2025-05-11 03:30:00+05:30,2025-05-12 00:30:00+05:30,103835.33,8670249.99,102796.98,105912.04,104509.91,8726577.18,INTRADAY_SQUAREOFF,0.01,51.76,0.000567,4917.42,31.95,5.82,26.13,26.13,5176.24,5202.36
279,BTC/INR,1h,LONG,2025-05-12 06:30:00+05:30,2025-05-12 19:30:00+05:30,104697.56,8742246.01,103650.58,106791.51,103598.76,8650496.14,STOP_LOSS,0.01,52.02,0.000565,4942.24,-51.87,5.8,-57.67,-57.67,5202.36,5144.69
280,BTC/INR,1h,SHORT,2025-05-13 06:30:00+05:30,2025-05-13 14:30:00+05:30,102164.24,8530714.36,103185.89,100120.96,103237.48,8620329.52,STOP_LOSS,0.01,51.45,0.000573,4887.46,-51.34,5.8,-57.14,-57.14,5144.69,5087.55
281,BTC/INR,1h,LONG,2025-05-15 00:30:00+05:30,2025-05-15 10:30:00+05:30,103549.54,8646386.42,102514.04,105620.53,102462.79,8555642.59,STOP_LOSS,0.01,50.88,0.000559,4833.17,-50.72,5.67,-56.4,-56.4,5087.55,5031.15
282,BTC/INR,1h,LONG,2025-05-16 05:30:00+05:30,2025-05-17 00:30:00+05:30,103920.47,8677359.52,102881.27,105998.88,103680.77,8657344.0,INTRADAY_SQUAREOFF,0.01,50.31,0.000551,4779.6,-11.02,5.63,-16.66,-16.66,5031.15,5014.5
283,BTC/INR,1h,LONG,2025-05-17 09:30:00+05:30,2025-05-18 00:30:00+05:30,103593.1,8650023.75,102557.17,105664.96,102970.54,8598039.74,INTRADAY_SQUAREOFF,0.01,50.14,0.000551,4763.77,-28.63,5.6,-34.23,-34.23,5014.5,4980.26
284,BTC/INR,1h,LONG,2025-05-18 19:30:00+05:30,2025-05-19 00:30:00+05:30,104795.6,8750432.45,103747.64,106891.51,104445.91,8721233.25,INTRADAY_SQUAREOFF,0.01,49.8,0.000541,4731.25,-15.79,5.57,-21.36,-21.36,4980.26,4958.9
285,BTC/INR,1h,SHORT,2025-05-19 12:30:00+05:30,2025-05-19 14:30:00+05:30,102061.63,8522146.2,103082.25,100020.4,103133.79,8611671.35,STOP_LOSS,0.01,49.59,0.000553,4710.96,-49.49,5.59,-55.08,-55.08,4958.9,4903.82
286,BTC/INR,1h,LONG,2025-05-20 10:30:00+05:30,2025-05-20 12:30:00+05:30,106262.74,8872938.59,105200.11,108387.99,105147.51,8779817.1,STOP_LOSS,0.01,49.04,0.000525,4658.63,-48.89,5.47,-54.36,-54.36,4903.82,4849.46
287,BTC/INR,1h,LONG,2025-05-21 01:30:00+05:30,2025-05-21 03:30:00+05:30,107293.18,8958980.72,106220.25,109439.05,106167.14,8864956.22,STOP_LOSS,0.01,48.49,0.000514,4606.99,-48.35,5.41,-53.76,-53.76,4849.46,4795.71
288,BTC/INR,1h,LONG,2025-05-21 19:30:00+05:30,2025-05-21 22:30:00+05:30,107620.73,8986330.85,106544.52,109773.14,106491.25,8892019.31,STOP_LOSS,0.01,47.96,0.000507,4555.92,-47.81,5.35,-53.16,-53.16,4795.71,4742.54
289,BTC/INR,1h,LONG,2025-05-22 18:30:00+05:30,2025-05-23 00:30:00+05:30,111622.86,9320508.95,110506.63,113855.32,111727.49,9329245.51,INTRADAY_SQUAREOFF,0.01,47.43,0.000483,4505.42,4.22,5.32,-1.1,-1.1,4742.54,4741.45
290,BTC/INR,1h,LONG,2025-05-23 05:30:00+05:30,2025-05-23 09:30:00+05:30,111755.84,9331612.82,110638.28,113990.96,110582.96,9233677.55,STOP_LOSS,0.01,47.41,0.000483,4504.38,-47.27,5.29,-52.56,-52.56,4741.45,4688.89
291,BTC/INR,1h,LONG,2025-05-23 14:30:00+05:30,2025-05-23 16:30:00+05:30,111003.93,9268827.93,109893.89,113224.01,109838.94,9171551.58,STOP_LOSS,0.01,46.89,0.000481,4454.44,-46.75,5.23,-51.98,-51.98,4688.89,4636.91
292,BTC/INR,1h,SHORT,2025-05-24 00:30:00+05:30,2025-05-25 00:30:00+05:30,108648.38,9072139.33,109734.86,106475.41,108879.94,9091474.67,INTRADAY_SQUAREOFF,0.01,46.37,0.000486,4405.06,-9.39,5.2,-14.59,-14.59,4636.91,4622.32
293,BTC/INR,1h,SHORT,2025-05-25 04:30:00+05:30,2025-05-26 00:30:00+05:30,108005.98,9018499.15,109086.04,105845.86,107499.57,8976214.47,INTRADAY_SQUAREOFF,0.01,46.22,0.000487,4391.2,20.59,5.17,15.42,15.42,4622.32,4637.74
294,BTC/INR,1h,LONG,2025-05-26 06:30:00+05:30,2025-05-27 00:30:00+05:30,109655.33,9156220.18,108558.78,111848.44,109059.44,9106463.49,INTRADAY_SQUAREOFF,0.01,46.38,0.000481,4405.85,-23.94,5.18,-29.13,-29.13,4637.74,4608.61
295,BTC/INR,1h,SHORT,2025-05-27 12:30:00+05:30,2025-05-27 18:30:00+05:30,108826.74,9087032.71,109915.01,106650.2,109969.96,9182491.99,STOP_LOSS,0.01,46.09,0.000482,4378.18,-45.99,5.19,-51.19,-51.19,4608.61,4557.42
296,BTC/INR,1h,SHORT,2025-05-28 12:30:00+05:30,2025-05-29 00:30:00+05:30,108645.54,9071902.65,109732.0,106472.63,107543.57,8979887.7,INTRADAY_SQUAREOFF,0.01,45.57,0.000477,4329.55,43.91,5.08,38.83,38.83,4557.42,4596.25
297,BTC/INR,1h,SHORT,2025-05-29 23:30:00+05:30,2025-05-30 01:30:00+05:30,106130.65,8861909.3,107191.96,104008.04,105783.33,8832908.39,INTRADAY_SQUAREOFF,0.01,45.96,0.000493,4366.44,14.29,5.14,9.15,9.15,4596.25,4605.4
298,BTC/INR,1h,SHORT,2025-05-30 04:30:00+05:30,2025-05-30 21:30:00+05:30,105895.3,8842257.49,106954.25,103777.39,103829.28,8669745.05,TARGET_HIT,0.01,46.05,0.000495,4375.13,85.36,5.11,80.25,80.25,4605.4,4685.65
299,BTC/INR,1h,SHORT,2025-05-31 04:30:00+05:30,2025-06-01 00:30:00+05:30,104000.1,8684008.26,105040.1,101920.1,104584.38,8732796.0,INTRADAY_SQUAREOFF,0.01,46.86,0.000513,4451.36,-25.01,5.27,-30.28,-30.28,4685.65,4655.37
300,BTC/INR,1h,LONG,2025-06-01 10:30:00+05:30,2025-06-02 00:30:00+05:30,104789.63,8749934.46,103741.74,106885.43,104871.26,8756749.95,INTRADAY_SQUAREOFF,0.01,46.55,0.000505,4422.6,3.44,5.22,-1.78,-1.78,4655.37,4653.59
301,BTC/INR,1h,LONG,2025-06-02 03:30:00+05:30,2025-06-02 15:30:00+05:30,105564.9,8814669.53,104509.26,107676.2,104457.0,8722159.57,STOP_LOSS,0.01,46.54,0.000502,4420.92,-46.4,5.19,-51.59,-51.59,4653.59,4602.01
302,BTC/INR,1h,SHORT,2025-06-02 19:30:00+05:30,2025-06-03 00:30:00+05:30,103755.08,8663549.25,104792.63,101679.98,104428.95,8719817.01,INTRADAY_SQUAREOFF,0.01,46.02,0.000505,4371.91,-28.39,5.18,-33.57,-33.57,4602.01,4568.44
303,BTC/INR,1h,LONG,2025-06-03 19:30:00+05:30,2025-06-04 00:30:00+05:30,105717.28,8827392.67,104660.1,107831.62,106040.05,8854343.94,INTRADAY_SQUAREOFF,0.01,45.68,0.000492,4340.02,13.25,5.13,8.12,8.12,4568.44,4576.56
304,BTC/INR,1h,SHORT,2025-06-04 19:30:00+05:30,2025-06-05 00:30:00+05:30,104740.28,8745813.66,105787.69,102645.48,105053.56,8771971.86,INTRADAY_SQUAREOFF,0.01,45.77,0.000497,4347.73,-13.0,5.14,-18.14,-18.14,4576.56,4558.42
305,BTC/INR,1h,SHORT,2025-06-05 02:30:00+05:30,2025-06-05 17:30:00+05:30,104449.65,8721545.57,105494.14,102360.65,105546.89,8813165.4,STOP_LOSS,0.01,45.58,0.000497,4330.5,-45.49,5.14,-50.63,-50.63,4558.42,4507.79
306,BTC/INR,1h,LONG,2025-06-07 04:30:00+05:30,2025-06-08 00:30:00+05:30,104629.56,8736568.43,103583.27,106722.15,105596.61,8817317.17,INTRADAY_SQUAREOFF,0.01,45.08,0.00049,4282.4,39.58,5.08,34.5,34.5,4507.79,4542.29
307,BTC/INR,1h,LONG,2025-06-08 07:30:00+05:30,2025-06-09 00:30:00+05:30,105857.52,8839102.88,104798.94,107974.67,106308.71,8876777.26,INTRADAY_SQUAREOFF,0.01,45.42,0.000488,4315.18,18.39,5.1,13.29,13.29,4542.29,4555.58
308,BTC/INR,1h,LONG,2025-06-10 15:30:00+05:30,2025-06-10 20:30:00+05:30,109592.69,9150989.68,108496.76,111784.54,108442.52,9054950.05,STOP_LOSS,0.01,45.56,0.000473,4327.8,-45.42,5.08,-50.5,-50.5,4555.58,4505.08
309,BTC/INR,1h,LONG,2025-06-11 00:30:00+05:30,2025-06-12 00:30:00+05:30,109488.29,9142272.63,108393.41,111678.06,108791.54,9084093.42,INTRADAY_SQUAREOFF,0.01,45.05,0.000468,4279.83,-27.24,5.03,-32.27,-32.27,4505.08,4472.81
310,BTC/INR,1h,SHORT,2025-06-12 09:30:00+05:30,2025-06-13 00:30:00+05:30,107698.65,8992837.69,108775.64,105544.68,107625.46,8986725.72,INTRADAY_SQUAREOFF,0.01,44.73,0.000473,4249.17,2.89,5.01,-2.12,-2.12,4472.81,4470.69
311,BTC/INR,1h,SHORT,2025-06-13 05:30:00+05:30,2025-06-13 07:30:00+05:30,105677.09,8824036.86,106733.86,103563.55,103615.33,8651879.9,TARGET_HIT,0.01,44.71,0.000481,4247.15,82.86,4.96,77.9,77.9,4470.69,4548.59
312,BTC/INR,1h,SHORT,2025-06-14 07:30:00+05:30,2025-06-15 00:30:00+05:30,105448.25,8804928.83,106502.73,103339.28,104993.53,8766959.36,INTRADAY_SQUAREOFF,0.01,45.49,0.000491,4321.16,18.63,5.09,13.55,13.55,4548.59,4562.13
313,BTC/INR,1h,LONG,2025-06-15 11:30:00+05:30,2025-06-15 14:30:00+05:30,106167.65,8864998.86,105105.97,108291.0,105053.42,8771960.7,STOP_LOSS,0.01,45.62,0.000489,4334.03,-45.49,5.09,-50.57,-50.57,4562.13,4511.56
314,BTC/INR,1h,LONG,2025-06-15 18:30:00+05:30,2025-06-16 00:30:00+05:30,105375.07,8798818.13,104321.32,107482.57,105468.84,8806648.2,INTRADAY_SQUAREOFF,0.01,45.12,0.000487,4285.98,3.81,5.06,-1.25,-1.25,4511.56,4510.31
315,BTC/INR,1h,LONG,2025-06-16 10:30:00+05:30,2025-06-17 00:30:00+05:30,106454.4,8888942.71,105389.86,108583.49,108529.2,9062188.2,TARGET_HIT,0.01,45.1,0.000482,4284.8,83.51,5.11,78.41,78.41,4510.31,4588.72
316,BTC/INR,1h,SHORT,2025-06-17 10:30:00+05:30,2025-06-17 19:30:00+05:30,107304.59,8959933.62,108377.64,105158.5,105211.08,8785125.32,TARGET_HIT,0.01,45.89,0.000487,4359.28,85.05,5.09,79.96,79.96,4588.72,4668.68
317,BTC/INR,1h,SHORT,2025-06-18 02:30:00+05:30,2025-06-18 09:30:00+05:30,104303.13,8709311.11,105346.16,102217.06,105398.83,8800802.42,STOP_LOSS,0.01,46.69,0.000509,4435.24,-46.59,5.26,-51.85,-51.85,4668.68,4616.82
318,BTC/INR,1h,SHORT,2025-06-18 12:30:00+05:30,2025-06-19 00:30:00+05:30,104904.91,8759560.15,105953.96,102806.81,103713.4,8660068.99,INTRADAY_SQUAREOFF,0.01,46.17,0.000501,4385.98,49.82,5.15,44.67,44.67,4616.82,4661.49
319,BTC/INR,1h,SHORT,2025-06-19 07:30:00+05:30,2025-06-20 00:30:00+05:30,104486.63,8724633.52,105531.5,102396.9,104470.63,8723297.7,INTRADAY_SQUAREOFF,0.01,46.61,0.000508,4428.42,0.68,5.23,-4.55,-4.55,4661.49,4656.95
320,BTC/INR,1h,SHORT,2025-06-20 10:30:00+05:30,2025-06-20 12:30:00+05:30,104205.07,8701123.72,105247.13,102120.97,105299.75,8792529.03,STOP_LOSS,0.01,46.57,0.000508,4424.1,-46.48,5.25,-51.72,-51.72,4656.95,4605.22
321,BTC/INR,1h,SHORT,2025-06-20 22:30:00+05:30,2025-06-21 00:30:00+05:30,103611.98,8651600.38,104648.1,101539.74,103230.61,8619755.53,INTRADAY_SQUAREOFF,0.01,46.05,0.000506,4374.96,16.1,5.15,10.95,10.95,4605.22,4616.17
322,BTC/INR,1h,SHORT,2025-06-21 04:30:00+05:30,2025-06-21 15:30:00+05:30,102968.81,8597895.65,103998.5,100909.43,104050.5,8688216.54,STOP_LOSS,0.01,46.16,0.00051,4385.36,-46.07,5.2,-51.27,-51.27,4616.17,4564.9
323,BTC/INR,1h,SHORT,2025-06-21 19:30:00+05:30,2025-06-22 00:30:00+05:30,103540.02,8645592.04,104575.42,101469.22,102740.52,8578833.12,INTRADAY_SQUAREOFF,0.01,45.65,0.000502,4336.66,33.49,5.1,28.39,28.39,4564.9,4593.29
324,BTC/INR,1h,SHORT,2025-06-22 03:30:00+05:30,2025-06-22 05:30:00+05:30,101276.49,8456587.14,102289.26,99250.96,102340.4,8545423.59,STOP_LOSS,0.01,45.93,0.000516,4363.63,-45.84,5.18,-51.02,-51.02,4593.29,4542.28
325,BTC/INR,1h,SHORT,2025-06-22 15:30:00+05:30,2025-06-22 19:30:00+05:30,102121.09,8527110.66,103142.3,100078.66,100128.7,8360746.73,TARGET_HIT,0.01,45.42,0.000506,4315.16,84.19,5.04,79.15,79.15,4542.28,4621.42
326,BTC/INR,1h,LONG,2025-06-24 07:30:00+05:30,2025-06-25 00:30:00+05:30,105592.46,8816970.19,104536.53,107704.31,105549.38,8813373.11,INTRADAY_SQUAREOFF,0.01,46.21,0.000498,4390.35,-1.79,5.18,-6.97,-6.97,4621.42,4614.45
327,BTC/INR,1h,LONG,2025-06-25 06:30:00+05:30,2025-06-26 00:30:00+05:30,106519.11,8894345.51,105453.92,108649.49,107387.83,8966884.13,INTRADAY_SQUAREOFF,0.01,46.14,0.000493,4383.73,35.75,5.19,30.56,30.56,4614.45,4645.01
328,BTC/INR,1h,LONG,2025-06-26 08:30:00+05:30,2025-06-26 18:30:00+05:30,108059.24,9022946.94,106978.65,110220.43,106925.16,8928251.11,STOP_LOSS,0.01,46.45,0.000489,4412.76,-46.31,5.18,-51.49,-51.49,4645.01,4593.52
329,BTC/INR,1h,SHORT,2025-06-28 14:30:00+05:30,2025-06-29 00:30:00+05:30,107349.21,8963659.25,108422.7,105202.23,107408.83,8968637.62,INTRADAY_SQUAREOFF,0.01,45.94,0.000487,4363.84,-2.42,5.15,-7.57,-7.57,4593.52,4585.94
330,BTC/INR,1h,SHORT,2025-06-29 09:30:00+05:30,2025-06-29 15:30:00+05:30,107187.4,8950147.49,108259.27,105043.65,108313.4,9044168.79,STOP_LOSS,0.01,45.86,0.000487,4356.65,-45.77,5.17,-50.93,-50.93,4585.94,4535.01
331,BTC/INR,1h,SHORT,2025-06-30 01:30:00+05:30,2025-06-30 04:30:00+05:30,107348.28,8963581.66,108421.77,105201.32,108475.98,9057744.09,STOP_LOSS,0.01,45.35,0.000481,4308.26,-45.26,5.11,-50.37,-50.37,4535.01,4484.64
332,BTC/INR,1h,SHORT,2025-07-01 00:30:00+05:30,2025-07-02 00:30:00+05:30,107147.95,8946854.15,108219.43,105004.99,105859.78,8839291.5,INTRADAY_SQUAREOFF,0.01,44.85,0.000476,4260.41,51.22,5.0,46.22,46.22,4484.64,4530.86
333,BTC/INR,1h,LONG,2025-07-02 16:30:00+05:30,2025-07-03 00:30:00+05:30,107897.79,9009465.39,106818.81,110055.74,109529.04,9145674.52,INTRADAY_SQUAREOFF,0.01,45.31,0.000478,4304.32,65.07,5.12,59.96,59.96,4530.86,4590.82
334,BTC/INR,1h,LONG,2025-07-03 11:30:00+05:30,2025-07-04 00:30:00+05:30,109453.58,9139374.12,108359.05,111642.65,109632.73,9154333.32,INTRADAY_SQUAREOFF,0.01,45.91,0.000477,4361.28,7.14,5.15,1.99,1.99,4590.82,4592.81
335,BTC/INR,1h,SHORT,2025-07-05 00:30:00+05:30,2025-07-06 00:30:00+05:30,107463.78,8973225.65,108538.42,105314.5,108089.38,9025463.64,INTRADAY_SQUAREOFF,0.01,45.93,0.000486,4363.17,-25.4,5.16,-30.56,-30.56,4592.81,4562.25
336,BTC/INR,1h,SHORT,2025-07-06 15:30:00+05:30,2025-07-06 18:30:00+05:30,107836.65,9004360.15,108915.01,105679.92,108969.47,9098950.95,STOP_LOSS,0.01,45.62,0.000481,4334.13,-45.53,5.14,-50.67,-50.67,4562.25,4511.57
337,BTC/INR,1h,LONG,2025-07-07 08:30:00+05:30,2025-07-07 17:30:00+05:30,109558.74,9148155.14,108463.16,111749.92,108408.93,9052145.25,STOP_LOSS,0.01,45.12,0.000469,4286.0,-44.98,5.03,-50.01,-50.01,4511.57,4461.56
338,BTC/INR,1h,SHORT,2025-07-08 07:30:00+05:30,2025-07-08 15:30:00+05:30,107688.99,8992030.49,108765.88,105535.21,108820.26,9086491.77,STOP_LOSS,0.01,44.62,0.000471,4238.48,-44.53,5.03,-49.55,-49.55,4461.56,4412.01
339,BTC/INR,1h,LONG,2025-07-09 12:30:00+05:30,2025-07-10 00:30:00+05:30,108934.32,9096015.95,107844.98,111113.01,111057.45,9273297.3,TARGET_HIT,0.01,44.12,0.000461,4191.41,81.69,4.99,76.7,76.7,4412.01,4488.7
340,BTC/INR,1h,LONG,2025-07-10 07:30:00+05:30,2025-07-10 22:30:00+05:30,111433.71,9304714.99,110319.38,113662.39,113605.56,9486063.88,TARGET_HIT,0.01,44.89,0.000458,4264.27,83.11,5.08,78.03,78.03,4488.7,4566.73
341,BTC/INR,1h,LONG,2025-07-11 03:30:00+05:30,2025-07-11 05:30:00+05:30,116653.76,9740588.85,115487.22,118986.83,115429.48,9638361.37,STOP_LOSS,0.01,45.67,0.000445,4338.4,-45.53,5.09,-50.62,-50.62,4566.73,4516.11
342,BTC/INR,1h,LONG,2025-07-11 08:30:00+05:30,2025-07-12 00:30:00+05:30,116820.44,9754507.03,115652.24,119156.85,117659.88,9824600.22,INTRADAY_SQUAREOFF,0.01,45.16,0.00044,4290.31,30.83,5.08,25.75,25.75,4516.11,4541.86
343,BTC/INR,1h,LONG,2025-07-12 07:30:00+05:30,2025-07-13 00:30:00+05:30,117774.08,9834136.03,116596.34,120129.57,117453.71,9807385.0,INTRADAY_SQUAREOFF,0.01,45.42,0.000439,4314.77,-11.74,5.08,-16.82,-16.82,4541.86,4525.04
344,BTC/INR,1h,LONG,2025-07-14 00:30:00+05:30,2025-07-14 10:30:00+05:30,119120.35,9946549.29,117929.15,121502.76,121442.01,10140407.53,TARGET_HIT,0.01,45.25,0.000432,4298.79,83.78,5.12,78.66,78.66,4525.04,4603.7
345,BTC/INR,1h,SHORT,2025-07-15 20:30:00+05:30,2025-07-15 22:30:00+05:30,115707.8,9661601.69,116864.88,113393.65,116923.32,9763096.81,STOP_LOSS,0.01,46.04,0.000453,4373.51,-45.94,5.19,-51.13,-51.13,4603.7,4552.57
346,BTC/INR,1h,SHORT,2025-07-16 01:30:00+05:30,2025-07-16 03:30:00+05:30,116293.5,9710507.57,117456.44,113967.63,117515.17,9812516.45,STOP_LOSS,0.01,45.53,0.000445,4324.94,-45.43,5.13,-50.56,-50.56,4552.57,4502.0
347,BTC/INR,1h,LONG,2025-07-17 02:30:00+05:30,2025-07-17 04:30:00+05:30,120006.0,10020500.7,118805.94,122406.12,118746.53,9915335.55,STOP_LOSS,0.01,45.02,0.000427,4276.9,-44.89,5.02,-49.91,-49.91,4502.0,4452.1
348,BTC/INR,1h,LONG,2025-07-17 10:30:00+05:30,2025-07-18 00:30:00+05:30,118576.08,9901102.57,117390.32,120947.6,119603.51,9986893.26,INTRADAY_SQUAREOFF,0.01,44.52,0.000427,4229.49,36.65,5.01,31.64,31.64,4452.1,4483.73
349,BTC/INR,1h,LONG,2025-07-18 10:30:00+05:30,2025-07-18 13:30:00+05:30,120613.47,10071224.9,119407.34,123025.74,119347.63,9965527.4,STOP_LOSS,0.01,44.84,0.000423,4259.55,-44.7,5.0,-49.7,-49.7,4483.73,4434.03
350,BTC/INR,1h,LONG,2025-07-18 18:30:00+05:30,2025-07-18 20:30:00+05:30,119625.97,9988768.54,118429.71,122018.49,118370.5,9883936.42,STOP_LOSS,0.01,44.34,0.000422,4212.33,-44.21,4.94,-49.15,-49.15,4434.03,4384.88
351,BTC/INR,1h,SHORT,2025-07-19 19:30:00+05:30,2025-07-20 00:30:00+05:30,118087.04,9860268.18,119267.91,115725.3,117972.14,9850673.38,INTRADAY_SQUAREOFF,0.01,43.85,0.000422,4165.63,4.05,4.91,-0.86,-0.86,4384.88,4384.02
352,BTC/INR,1h,SHORT,2025-07-20 15:30:00+05:30,2025-07-21 00:30:00+05:30,117960.54,9849705.5,119140.15,115601.33,118453.78,9890890.9,INTRADAY_SQUAREOFF,0.01,43.84,0.000423,4164.82,-17.41,4.92,-22.34,-22.34,4384.02,4361.68
353,BTC/INR,1h,LONG,2025-07-21 19:30:00+05:30,2025-07-21 21:30:00+05:30,119167.37,9950475.75,117975.7,121550.72,117916.71,9846045.5,STOP_LOSS,0.01,43.62,0.000416,4143.59,-43.49,4.86,-48.35,-48.35,4361.68,4313.33
354,BTC/INR,1h,SHORT,2025-07-22 06:30:00+05:30,2025-07-22 12:30:00+05:30,117050.27,9773697.85,118220.78,114709.27,118279.89,9876370.55,STOP_LOSS,0.01,43.13,0.000419,4097.66,-43.05,4.86,-47.91,-47.91,4313.33,4265.42
355,BTC/INR,1h,LONG,2025-07-23 17:30:00+05:30,2025-07-23 19:30:00+05:30,118742.49,9914997.92,117555.07,121117.34,117496.29,9810940.01,STOP_LOSS,0.01,42.65,0.000409,4052.15,-42.53,4.76,-47.28,-47.28,4265.42,4218.14
356,BTC/INR,1h,SHORT,2025-07-25 18:30:00+05:30,2025-07-26 00:30:00+05:30,115943.19,9681256.11,117102.62,113624.32,116531.35,9730368.04,INTRADAY_SQUAREOFF,0.01,42.18,0.000414,4007.23,-20.33,4.74,-25.07,-25.07,4218.14,4193.07
357,BTC/INR,1h,LONG,2025-07-27 01:30:00+05:30,2025-07-28 00:30:00+05:30,118384.15,9885076.26,117200.31,120751.83,118984.03,9935166.1,INTRADAY_SQUAREOFF,0.01,41.93,0.000403,3983.41,20.18,4.71,15.47,15.47,4193.07,4208.54
358,BTC/INR,1h,LONG,2025-07-28 03:30:00+05:30,2025-07-28 19:30:00+05:30,119359.82,9966545.13,118166.22,121747.02,118107.14,9861946.24,STOP_LOSS,0.01,42.09,0.000401,3998.11,-41.96,4.69,-46.65,-46.65,4208.54,4161.89
359,BTC/INR,1h,SHORT,2025-07-29 04:30:00+05:30,2025-07-29 11:30:00+05:30,117732.11,9830631.38,118909.43,115377.47,118968.89,9933902.16,STOP_LOSS,0.01,41.62,0.000402,3953.79,-41.53,4.69,-46.22,-46.22,4161.89,4115.66
360,BTC/INR,1h,SHORT,2025-07-29 16:30:00+05:30,2025-07-30 00:30:00+05:30,118246.05,9873545.22,119428.51,115881.13,117634.72,9822498.92,INTRADAY_SQUAREOFF,0.01,41.16,0.000396,3909.88,20.21,4.6,15.61,15.61,4115.66,4131.27
361,BTC/INR,1h,SHORT,2025-07-30 17:30:00+05:30,2025-07-30 19:30:00+05:30,117415.41,9804186.85,118589.57,115067.1,118648.86,9907179.83,STOP_LOSS,0.01,41.31,0.0004,3924.71,-41.23,4.66,-45.88,-45.88,4131.27,4085.39
362,BTC/INR,1h,SHORT,2025-07-31 00:30:00+05:30,2025-07-31 04:30:00+05:30,116347.42,9715009.75,117510.9,114020.47,117569.65,9817065.93,STOP_LOSS,0.01,40.85,0.000399,3881.12,-40.77,4.6,-45.37,-45.37,4085.39,4040.01
363,BTC/INR,1h,SHORT,2025-08-01 12:30:00+05:30,2025-08-02 00:30:00+05:30,115004.03,9602836.65,116154.07,112703.95,113891.43,9509933.99,INTRADAY_SQUAREOFF,0.01,40.4,0.0004,3838.01,37.13,4.51,32.62,32.62,4040.01,4072.64
364,BTC/INR,1h,SHORT,2025-08-02 23:30:00+05:30,2025-08-03 01:30:00+05:30,112517.58,9395217.95,113642.76,110267.23,112272.26,9374734.07,INTRADAY_SQUAREOFF,0.01,40.73,0.000412,3869.01,8.44,4.56,3.87,3.87,4072.64,4076.51
365,BTC/INR,1h,LONG,2025-08-04 06:30:00+05:30,2025-08-05 00:30:00+05:30,114985.94,9601326.06,113836.08,117285.66,114885.11,9592906.42,INTRADAY_SQUAREOFF,0.01,40.77,0.000403,3872.69,-3.4,4.57,-7.96,-7.96,4076.51,4068.55
366,BTC/INR,1h,LONG,2025-08-05 03:30:00+05:30,2025-08-05 11:30:00+05:30,115320.67,9629275.99,114167.46,117627.08,114110.38,9528216.74,STOP_LOSS,0.01,40.69,0.000401,3865.12,-40.56,4.54,-45.1,-45.1,4068.55,4023.45
367,BTC/INR,1h,SHORT,2025-08-06 06:30:00+05:30,2025-08-06 19:30:00+05:30,113719.1,9495544.55,114856.29,111444.71,114913.72,9595295.24,STOP_LOSS,0.01,40.23,0.000403,3822.28,-40.15,4.53,-44.69,-44.69,4023.45,3978.76
368,BTC/INR,1h,LONG,2025-08-06 23:30:00+05:30,2025-08-07 01:30:00+05:30,115633.67,9655411.51,114477.33,117946.34,115221.96,9621033.81,INTRADAY_SQUAREOFF,0.01,39.79,0.000391,3779.82,-13.46,4.45,-17.91,-17.91,3978.76,3960.85
369,BTC/INR,1h,LONG,2025-08-07 19:30:00+05:30,2025-08-08 00:30:00+05:30,116788.07,9751803.68,115620.19,119123.83,116532.17,9730435.84,INTRADAY_SQUAREOFF,0.01,39.61,0.000386,3762.81,-8.24,4.44,-12.68,-12.68,3960.85,3948.17
370,BTC/INR,1h,LONG,2025-08-08 04:30:00+05:30,2025-08-08 11:30:00+05:30,117711.24,9828888.56,116534.13,120065.47,116475.86,9725734.38,STOP_LOSS,0.01,39.48,0.000382,3750.76,-39.36,4.4,-43.77,-43.77,3948.17,3904.4
371,BTC/INR,1h,LONG,2025-08-08 17:30:00+05:30,2025-08-09 00:30:00+05:30,116988.13,9768508.76,115818.25,119327.89,116449.5,9723532.93,INTRADAY_SQUAREOFF,0.01,39.04,0.00038,3709.18,-17.08,4.37,-21.44,-21.44,3904.4,3882.96
372,BTC/INR,1h,LONG,2025-08-09 02:30:00+05:30,2025-08-10 00:30:00+05:30,116950.91,9765401.4,115781.41,119289.93,116599.83,9736086.22,INTRADAY_SQUAREOFF,0.01,38.83,0.000378,3688.81,-11.07,4.35,-15.42,-15.42,3882.96,3867.54
373,BTC/INR,1h,LONG,2025-08-10 14:30:00+05:30,2025-08-11 00:30:00+05:30,118438.55,9889618.85,117254.16,120807.32,118491.9,9894073.34,INTRADAY_SQUAREOFF,0.01,38.68,0.000372,3674.16,1.65,4.34,-2.68,-2.68,3867.54,3864.86
374,BTC/INR,1h,LONG,2025-08-11 04:30:00+05:30,2025-08-11 07:30:00+05:30,119301.77,9961697.75,118108.75,121687.8,121626.96,10155851.24,TARGET_HIT,0.01,38.65,0.000369,3671.61,71.56,4.37,67.19,67.19,3864.86,3932.04
375,BTC/INR,1h,LONG,2025-08-11 10:30:00+05:30,2025-08-11 16:30:00+05:30,122193.32,10203141.9,120971.38,124637.18,120910.9,10096059.92,STOP_LOSS,0.01,39.32,0.000366,3735.44,-39.2,4.38,-43.59,-43.59,3932.04,3888.45
376,BTC/INR,1h,SHORT,2025-08-11 23:30:00+05:30,2025-08-12 01:30:00+05:30,119418.24,9971422.84,120612.42,117029.87,119128.78,9947253.52,INTRADAY_SQUAREOFF,0.01,38.88,0.00037,3694.03,8.95,4.35,4.6,4.6,3888.45,3893.05
377,BTC/INR,1h,SHORT,2025-08-12 09:30:00+05:30,2025-08-12 21:30:00+05:30,118756.82,9916194.34,119944.39,116381.68,120004.36,10020363.96,STOP_LOSS,0.01,38.93,0.000373,3698.4,-38.85,4.39,-43.24,-43.24,3893.05,3849.82
378,BTC/INR,1h,LONG,2025-08-13 02:30:00+05:30,2025-08-13 07:30:00+05:30,120298.64,10044936.67,119095.66,122704.62,119036.11,9939515.06,STOP_LOSS,0.01,38.5,0.000364,3657.33,-38.38,4.29,-42.68,-42.68,3849.82,3807.14
379,BTC/INR,1h,LONG,2025-08-13 14:30:00+05:30,2025-08-14 00:30:00+05:30,120112.37,10029382.89,118911.25,122514.62,122453.36,10224855.56,TARGET_HIT,0.01,38.07,0.000361,3616.78,70.49,4.31,66.18,66.18,3807.14,3873.32
380,BTC/INR,1h,SHORT,2025-08-15 15:30:00+05:30,2025-08-16 00:30:00+05:30,118647.82,9907092.83,119834.3,116274.86,117228.26,9788560.09,INTRADAY_SQUAREOFF,0.01,38.73,0.000371,3679.66,44.02,4.32,39.71,39.71,3873.32,3913.03
381,BTC/INR,1h,SHORT,2025-08-16 08:30:00+05:30,2025-08-17 00:30:00+05:30,117509.36,9812031.27,118684.45,115159.17,117821.9,9838128.41,INTRADAY_SQUAREOFF,0.01,39.13,0.000379,3717.38,-9.89,4.39,-14.28,-14.28,3913.03,3898.75
382,BTC/INR,1h,SHORT,2025-08-17 03:30:00+05:30,2025-08-18 00:30:00+05:30,117485.69,9810055.01,118660.55,115135.97,117667.22,9825212.73,INTRADAY_SQUAREOFF,0.01,38.99,0.000378,3703.81,-5.72,4.37,-10.1,-10.1,3898.75,3888.65
383,BTC/INR,1h,SHORT,2025-08-19 19:30:00+05:30,2025-08-20 00:30:00+05:30,114933.81,9596973.05,116083.15,112635.13,113104.4,9444217.31,INTRADAY_SQUAREOFF,0.01,38.89,0.000385,3694.22,58.8,4.32,54.48,54.48,3888.65,3943.13
384,BTC/INR,1h,SHORT,2025-08-20 05:30:00+05:30,2025-08-20 13:30:00+05:30,112701.68,9410590.57,113828.7,110447.65,113885.61,9509448.82,STOP_LOSS,0.01,39.43,0.000398,3745.97,-39.35,4.44,-43.79,-43.79,3943.13,3899.34
385,BTC/INR,1h,SHORT,2025-08-20 19:30:00+05:30,2025-08-20 21:30:00+05:30,112560.55,9398806.0,113686.16,110309.34,113743.0,9497540.46,STOP_LOSS,0.01,38.99,0.000394,3704.37,-38.91,4.39,-43.31,-43.31,3899.34,3856.03
386,BTC/INR,1h,SHORT,2025-08-22 01:30:00+05:30,2025-08-22 07:30:00+05:30,111942.24,9347177.3,113061.67,109703.4,113118.2,9445369.39,STOP_LOSS,0.01,38.56,0.000392,3663.23,-38.48,4.35,-42.83,-42.83,3856.03,3813.2
387,BTC/INR,1h,SHORT,2025-08-22 10:30:00+05:30,2025-08-22 19:30:00+05:30,112690.07,9409621.02,113816.97,110436.27,113873.88,9508469.09,STOP_LOSS,0.01,38.13,0.000385,3622.54,-38.05,4.3,-42.35,-42.35,3813.2,3770.85
388,BTC/INR,1h,LONG,2025-08-22 23:30:00+05:30,2025-08-23 01:30:00+05:30,117049.78,9773657.02,115879.29,119390.78,116567.78,9733409.69,INTRADAY_SQUAREOFF,0.01,37.71,0.000367,3582.31,-14.75,4.22,-18.97,-18.97,3770.85,3751.88
389,BTC/INR,1h,SHORT,2025-08-24 08:30:00+05:30,2025-08-25 00:30:00+05:30,114952.94,9598570.5,116102.47,112653.88,112710.21,9411302.39,TARGET_HIT,0.01,37.52,0.000371,3564.28,69.54,4.16,65.37,65.37,3751.88,3817.25
390,BTC/INR,1h,SHORT,2025-08-25 11:30:00+05:30,2025-08-26 00:30:00+05:30,112286.94,9375959.31,113409.81,110041.2,112454.03,9389911.91,INTRADAY_SQUAREOFF,0.01,38.17,0.000387,3626.39,-5.4,4.28,-9.68,-9.68,3817.25,3807.57
391,BTC/INR,1h,SHORT,2025-08-26 06:30:00+05:30,2025-08-26 09:30:00+05:30,108973.07,9099251.52,110062.8,106793.61,110117.83,9194839.16,STOP_LOSS,0.01,38.08,0.000398,3617.19,-38.0,4.29,-42.29,-42.29,3807.57,3765.28
392,BTC/INR,1h,SHORT,2025-08-26 12:30:00+05:30,2025-08-27 00:30:00+05:30,109903.37,9176931.59,111002.41,107705.3,111057.91,9273335.26,STOP_LOSS,0.01,37.65,0.00039,3577.02,-37.58,4.24,-41.82,-41.82,3765.28,3723.46
393,BTC/INR,1h,LONG,2025-08-27 17:30:00+05:30,2025-08-28 00:30:00+05:30,111424.68,9303960.5,110310.43,113653.17,111934.52,9346532.45,INTRADAY_SQUAREOFF,0.01,37.23,0.00038,3537.29,16.19,4.18,12.0,12.0,3723.46,3735.47
394,BTC/INR,1h,LONG,2025-08-28 07:30:00+05:30,2025-08-29 00:30:00+05:30,111729.6,9329421.81,110612.31,113964.19,112332.38,9379754.05,INTRADAY_SQUAREOFF,0.01,37.35,0.00038,3548.69,19.15,4.2,14.95,14.95,3735.47,3750.41
395,BTC/INR,1h,LONG,2025-08-29 04:30:00+05:30,2025-08-29 08:30:00+05:30,112505.86,9394239.11,111380.8,114755.97,111325.11,9295646.57,STOP_LOSS,0.01,37.5,0.000379,3562.89,-37.39,4.18,-41.57,-41.57,3750.41,3708.84
396,BTC/INR,1h,SHORT,2025-08-29 19:30:00+05:30,2025-08-30 00:30:00+05:30,108978.6,9099713.15,110068.39,106799.03,108210.84,9035605.47,INTRADAY_SQUAREOFF,0.01,37.09,0.000387,3523.4,24.82,4.14,20.68,20.68,3708.84,3729.52
397,BTC/INR,1h,SHORT,2025-08-30 07:30:00+05:30,2025-08-30 09:30:00+05:30,107428.23,8970257.02,108502.51,105279.66,108556.76,9064489.57,STOP_LOSS,0.01,37.3,0.000395,3543.04,-37.22,4.2,-41.42,-41.42,3729.52,3688.09
398,BTC/INR,1h,SHORT,2025-08-30 12:30:00+05:30,2025-08-31 00:30:00+05:30,108153.71,9030834.67,109235.25,105990.63,108797.48,9084589.66,INTRADAY_SQUAREOFF,0.01,36.88,0.000388,3503.69,-20.86,4.15,-25.0,-25.0,3688.09,3663.09
399,BTC/INR,1h,SHORT,2025-08-31 02:30:00+05:30,2025-09-01 00:30:00+05:30,108569.2,9065528.52,109654.9,106397.82,109204.74,9118595.72,INTRADAY_SQUAREOFF,0.01,36.63,0.000384,3479.94,-20.37,4.12,-24.49,-24.49,3663.09,3638.6
400,BTC/INR,1h,SHORT,2025-09-01 04:30:00+05:30,2025-09-01 14:30:00+05:30,108720.99,9078202.44,109808.2,106546.57,109863.1,9173568.96,STOP_LOSS,0.01,36.39,0.000381,3456.67,-36.31,4.1,-40.41,-40.41,3638.6,3598.19
401,BTC/INR,1h,LONG,2025-09-02 00:30:00+05:30,2025-09-02 02:30:00+05:30,109302.58,9126765.19,108209.55,111488.63,108155.45,9030979.79,STOP_LOSS,0.01,35.98,0.000375,3418.28,-35.87,4.01,-39.89,-39.89,3598.19,3558.3
402,BTC/INR,1h,LONG,2025-09-02 19:30:00+05:30,2025-09-03 00:30:00+05:30,111314.82,9294787.88,110201.68,113541.12,110611.62,9236070.24,INTRADAY_SQUAREOFF,0.01,35.58,0.000364,3380.39,-21.35,3.98,-25.33,-25.33,3558.3,3532.97
403,BTC/INR,1h,LONG,2025-09-03 08:30:00+05:30,2025-09-04 00:30:00+05:30,111510.68,9311141.83,110395.57,113740.89,111972.93,9349739.73,INTRADAY_SQUAREOFF,0.01,35.33,0.00036,3356.32,13.91,3.97,9.94,9.94,3532.97,3542.92
404,BTC/INR,1h,LONG,2025-09-04 06:30:00+05:30,2025-09-04 09:30:00+05:30,112249.68,9372848.51,111127.19,114494.68,111071.62,9274480.46,STOP_LOSS,0.01,35.43,0.000359,3365.77,-35.32,3.95,-39.27,-39.27,3542.92,3503.64
405,BTC/INR,1h,LONG,2025-09-05 07:30:00+05:30,2025-09-06 00:30:00+05:30,111161.99,9282026.23,110050.37,113385.23,111152.29,9281215.94,INTRADAY_SQUAREOFF,0.01,35.04,0.000359,3328.46,-0.29,3.93,-4.22,-4.22,3503.64,3499.42
406,BTC/INR,1h,SHORT,2025-09-06 03:30:00+05:30,2025-09-07 00:30:00+05:30,110553.32,9231202.28,111658.85,108342.25,110300.61,9210101.35,INTRADAY_SQUAREOFF,0.01,34.99,0.00036,3324.45,7.6,3.92,3.68,3.68,3499.42,3503.11
407,BTC/INR,1h,SHORT,2025-09-07 12:30:00+05:30,2025-09-08 00:30:00+05:30,110455.62,9223044.23,111560.18,108246.51,111099.53,9276810.74,INTRADAY_SQUAREOFF,0.01,35.03,0.000361,3327.95,-19.4,3.94,-23.34,-23.34,3503.11,3479.77
408,BTC/INR,1h,LONG,2025-09-08 20:30:00+05:30,2025-09-09 00:30:00+05:30,112780.98,9417211.79,111653.17,115036.6,112413.38,9386517.43,INTRADAY_SQUAREOFF,0.01,34.8,0.000351,3305.78,-10.77,3.89,-14.67,-14.67,3479.77,3465.1
409,BTC/INR,1h,LONG,2025-09-09 03:30:00+05:30,2025-09-09 07:30:00+05:30,112377.02,9383481.15,111253.25,114624.56,111197.62,9285001.52,STOP_LOSS,0.01,34.65,0.000351,3291.84,-34.55,3.86,-38.41,-38.41,3465.1,3426.69
410,BTC/INR,1h,SHORT,2025-09-10 06:30:00+05:30,2025-09-10 12:30:00+05:30,110935.25,9263093.11,112044.6,108716.54,112100.62,9360401.9,STOP_LOSS,0.01,34.27,0.000351,3255.35,-34.2,3.86,-38.06,-38.06,3426.69,3388.63
411,BTC/INR,1h,LONG,2025-09-10 18:30:00+05:30,2025-09-11 00:30:00+05:30,113522.1,9479095.34,112386.88,115792.54,113573.97,9483426.8,INTRADAY_SQUAREOFF,0.01,33.89,0.00034,3219.2,1.47,3.8,-2.33,-2.33,3388.63,3386.3
412,BTC/INR,1h,LONG,2025-09-11 03:30:00+05:30,2025-09-12 00:30:00+05:30,113902.17,9510831.41,112763.15,116180.22,114266.5,9541252.94,INTRADAY_SQUAREOFF,0.01,33.86,0.000338,3216.98,10.29,3.8,6.49,6.49,3386.3,3392.79
413,BTC/INR,1h,LONG,2025-09-12 03:30:00+05:30,2025-09-13 00:30:00+05:30,114595.62,9568734.33,113449.66,116887.53,116460.11,9724419.02,INTRADAY_SQUAREOFF,0.01,33.93,0.000337,3223.15,52.44,3.83,48.61,48.61,3392.79,3441.39
414,BTC/INR,1h,LONG,2025-09-13 06:30:00+05:30,2025-09-14 00:30:00+05:30,116382.87,9717969.92,115219.04,118710.53,115620.94,9654348.65,INTRADAY_SQUAREOFF,0.01,34.41,0.000336,3269.32,-21.4,3.85,-25.25,-25.25,3441.39,3416.14
415,BTC/INR,1h,SHORT,2025-09-15 00:30:00+05:30,2025-09-15 10:30:00+05:30,115366.93,9633138.51,116520.6,113059.59,116578.86,9734334.63,STOP_LOSS,0.01,34.16,0.000337,3245.34,-34.09,3.85,-37.94,-37.94,3416.14,3378.2
416,BTC/INR,1h,SHORT,2025-09-16 06:30:00+05:30,2025-09-16 22:30:00+05:30,114955.79,9598808.48,116105.35,112656.67,116163.4,9699643.97,STOP_LOSS,0.01,33.78,0.000334,3209.29,-33.71,3.81,-37.52,-37.52,3378.2,3340.68
417,BTC/INR,1h,LONG,2025-09-17 01:30:00+05:30,2025-09-17 19:30:00+05:30,116900.65,9761204.08,115731.64,119238.66,115673.78,9658760.24,STOP_LOSS,0.01,33.41,0.000325,3173.65,-33.31,3.73,-37.03,-37.03,3340.68,3303.65
418,BTC/INR,1h,SHORT,2025-09-18 02:30:00+05:30,2025-09-18 04:30:00+05:30,115520.66,9645975.44,116675.87,113210.25,116734.21,9747306.41,STOP_LOSS,0.01,33.04,0.000325,3138.47,-32.97,3.72,-36.69,-36.69,3303.65,3266.96
419,BTC/INR,1h,LONG,2025-09-18 15:30:00+05:30,2025-09-19 00:30:00+05:30,117409.82,9803720.3,116235.73,119758.02,117799.34,9836244.6,INTRADAY_SQUAREOFF,0.01,32.67,0.000317,3103.61,10.3,3.67,6.63,6.63,3266.96,3273.58
420,BTC/INR,1h,LONG,2025-09-19 06:30:00+05:30,2025-09-19 17:30:00+05:30,117502.04,9811420.5,116327.02,119852.08,116268.86,9708449.65,STOP_LOSS,0.01,32.74,0.000317,3109.91,-32.64,3.65,-36.29,-36.29,3273.58,3237.3
421,BTC/INR,1h,SHORT,2025-09-19 20:30:00+05:30,2025-09-20 00:30:00+05:30,115807.35,9669913.61,116965.42,113491.2,115515.64,9645555.54,INTRADAY_SQUAREOFF,0.01,32.37,0.000318,3075.43,7.75,3.62,4.12,4.12,3237.3,3241.42
422,BTC/INR,1h,SHORT,2025-09-20 09:30:00+05:30,2025-09-21 00:30:00+05:30,115435.15,9638835.19,116589.5,113126.45,115841.37,9672754.25,INTRADAY_SQUAREOFF,0.01,32.41,0.000319,3079.35,-10.84,3.64,-14.48,-14.48,3241.42,3226.94
423,BTC/INR,1h,SHORT,2025-09-21 14:30:00+05:30,2025-09-22 00:30:00+05:30,115585.98,9651429.56,116741.84,113274.26,115644.49,9656314.8,INTRADAY_SQUAREOFF,0.01,32.27,0.000318,3065.59,-1.55,3.62,-5.17,-5.17,3226.94,3221.77
424,BTC/INR,1h,SHORT,2025-09-22 05:30:00+05:30,2025-09-22 11:30:00+05:30,115210.23,9620054.48,116362.34,112906.03,112962.48,9432367.21,TARGET_HIT,0.01,32.22,0.000318,3060.68,59.71,3.58,56.14,56.14,3221.77,3277.91
425,BTC/INR,1h,SHORT,2025-09-23 06:30:00+05:30,2025-09-24 00:30:00+05:30,112444.72,9389133.98,113569.17,110195.82,111856.33,9340003.55,INTRADAY_SQUAREOFF,0.01,32.78,0.000332,3114.01,16.29,3.66,12.63,12.63,3277.91,3290.54
426,BTC/INR,1h,SHORT,2025-09-24 09:30:00+05:30,2025-09-24 15:30:00+05:30,111699.22,9326885.2,112816.22,109465.24,112872.62,9424864.13,STOP_LOSS,0.01,32.91,0.000335,3126.01,-32.84,3.71,-36.55,-36.55,3290.54,3253.99
427,BTC/INR,1h,SHORT,2025-09-24 19:30:00+05:30,2025-09-24 22:30:00+05:30,112797.0,9418549.1,113924.97,110541.06,113981.93,9517490.95,STOP_LOSS,0.01,32.54,0.000328,3091.29,-32.47,3.67,-36.14,-36.14,3253.99,3217.85
428,BTC/INR,1h,SHORT,2025-09-25 17:30:00+05:30,2025-09-25 22:30:00+05:30,111322.59,9295436.44,112435.82,109096.14,109150.69,9114082.48,TARGET_HIT,0.01,32.18,0.000329,3056.96,59.64,3.57,56.07,56.07,3217.85,3273.92
429,BTC/INR,1h,SHORT,2025-09-26 05:30:00+05:30,2025-09-26 22:30:00+05:30,108893.63,9092617.9,109982.56,106715.75,110037.56,9188135.85,STOP_LOSS,0.01,32.74,0.000342,3110.22,-32.67,3.69,-36.36,-36.36,3273.92,3237.56
430,BTC/INR,1h,SHORT,2025-09-27 01:30:00+05:30,2025-09-28 00:30:00+05:30,109049.38,9105623.04,110139.87,106868.39,109517.61,9144720.79,INTRADAY_SQUAREOFF,0.01,32.38,0.000338,3075.68,-13.21,3.64,-16.84,-16.84,3237.56,3220.71
431,BTC/INR,1h,SHORT,2025-09-28 07:30:00+05:30,2025-09-29 00:30:00+05:30,109354.05,9131062.81,110447.59,107166.96,110357.05,9214813.62,INTRADAY_SQUAREOFF,0.01,32.21,0.000335,3059.68,-28.06,3.63,-31.69,-31.69,3220.71,3189.02
432,BTC/INR,1h,LONG,2025-09-29 04:30:00+05:30,2025-09-30 00:30:00+05:30,112069.06,9357766.61,110948.37,114310.44,114253.29,9540149.48,TARGET_HIT,0.01,31.89,0.000324,3029.57,59.05,3.61,55.44,55.44,3189.02,3244.46
433,BTC/INR,1h,LONG,2025-09-30 05:30:00+05:30,2025-09-30 14:30:00+05:30,114462.38,9557608.92,113317.76,116751.63,113261.1,9457301.81,STOP_LOSS,0.01,32.44,0.000322,3082.24,-32.35,3.62,-35.97,-35.97,3244.46,3208.49
434,BTC/INR,1h,SHORT,2025-09-30 22:30:00+05:30,2025-10-01 00:30:00+05:30,112760.79,9415525.69,113888.39,110505.57,113945.34,9514435.79,STOP_LOSS,0.01,32.08,0.000324,3048.07,-32.02,3.62,-35.64,-35.64,3208.49,3172.86
435,BTC/INR,1h,LONG,2025-10-01 07:30:00+05:30,2025-10-01 17:30:00+05:30,114583.63,9567733.14,113437.79,116875.3,116816.87,9754208.25,TARGET_HIT,0.01,31.73,0.000315,3014.22,58.75,3.59,55.16,55.16,3172.86,3228.02
436,BTC/INR,1h,LONG,2025-10-01 20:30:00+05:30,2025-10-02 00:30:00+05:30,117478.64,9809466.41,116303.85,119828.21,117221.13,9787964.0,INTRADAY_SQUAREOFF,0.01,32.28,0.000313,3066.61,-6.72,3.61,-10.34,-10.34,3228.02,3217.68
437,BTC/INR,1h,LONG,2025-10-02 05:30:00+05:30,2025-10-03 00:30:00+05:30,118711.71,9912427.7,117524.59,121085.94,120514.1,10062926.98,INTRADAY_SQUAREOFF,0.01,32.18,0.000308,3056.79,46.41,3.63,42.78,42.78,3217.68,3260.45
438,BTC/INR,1h,LONG,2025-10-03 15:30:00+05:30,2025-10-03 21:30:00+05:30,120471.58,10059376.99,119266.86,122881.01,122819.57,10255434.24,TARGET_HIT,0.01,32.6,0.000308,3097.43,60.37,3.69,56.68,56.68,3260.45,3317.13
439,BTC/INR,1h,LONG,2025-10-04 09:30:00+05:30,2025-10-05 00:30:00+05:30,122405.77,10220881.46,121181.71,124853.88,121593.48,10153055.37,INTRADAY_SQUAREOFF,0.01,33.17,0.000308,3151.28,-20.91,3.71,-24.62,-24.62,3317.13,3292.52
440,BTC/INR,1h,LONG,2025-10-05 05:30:00+05:30,2025-10-05 09:30:00+05:30,122504.94,10229162.54,121279.89,124955.04,124892.56,10428528.92,TARGET_HIT,0.01,32.93,0.000306,3127.89,60.96,3.73,57.24,57.24,3292.52,3349.75
441,BTC/INR,1h,LONG,2025-10-06 22:30:00+05:30,2025-10-07 00:30:00+05:30,125553.1,10483683.58,124297.57,128064.16,126006.19,10521517.03,INTRADAY_SQUAREOFF,0.01,33.5,0.000304,3182.26,11.48,3.76,7.72,7.72,3349.75,3357.47
442,BTC/INR,1h,LONG,2025-10-07 10:30:00+05:30,2025-10-07 19:30:00+05:30,124696.02,10412117.67,123449.06,127189.94,123387.34,10302842.49,STOP_LOSS,0.01,33.57,0.000306,3189.6,-33.47,3.74,-37.22,-37.22,3357.47,3320.25
443,BTC/INR,1h,SHORT,2025-10-08 05:30:00+05:30,2025-10-08 13:30:00+05:30,121348.18,10132572.89,122561.66,118921.21,122622.94,10239015.57,STOP_LOSS,0.01,33.2,0.000311,3154.24,-33.14,3.74,-36.88,-36.88,3320.25,3283.38
444,BTC/INR,1h,SHORT,2025-10-10 08:30:00+05:30,2025-10-10 18:30:00+05:30,120985.09,10102254.73,122194.94,118565.38,122256.03,10208378.91,STOP_LOSS,0.01,32.83,0.000309,3119.21,-32.77,3.7,-36.47,-36.47,3283.38,3246.91
445,BTC/INR,1h,SHORT,2025-10-10 20:30:00+05:30,2025-10-10 22:30:00+05:30,120517.25,10063190.4,121722.42,118106.91,118165.96,9866857.55,TARGET_HIT,0.01,32.47,0.000307,3084.56,60.18,3.6,56.58,56.58,3246.91,3303.49
446,BTC/INR,1h,SHORT,2025-10-11 07:30:00+05:30,2025-10-11 09:30:00+05:30,111170.93,9282772.96,112282.64,108947.51,112338.78,9380288.49,STOP_LOSS,0.01,33.03,0.000338,3138.31,-32.97,3.72,-36.69,-36.69,3303.49,3266.8
447,BTC/INR,1h,SHORT,2025-10-11 13:30:00+05:30,2025-10-11 15:30:00+05:30,110265.53,9207172.17,111368.19,108060.22,111423.87,9303893.51,STOP_LOSS,0.01,32.67,0.000337,3103.46,-32.6,3.68,-36.28,-36.28,3266.8,3230.51
448,BTC/INR,1h,SHORT,2025-10-11 20:30:00+05:30,2025-10-12 00:30:00+05:30,111984.96,9350744.48,113104.81,109745.26,112135.82,9363341.07,INTRADAY_SQUAREOFF,0.01,32.31,0.000328,3068.99,-4.13,3.62,-7.76,-7.76,3230.51,3222.75
449,BTC/INR,1h,SHORT,2025-10-12 06:30:00+05:30,2025-10-12 08:30:00+05:30,109687.11,9158873.97,110783.98,107493.37,110839.38,9255087.94,STOP_LOSS,0.01,32.23,0.000334,3061.62,-32.16,3.63,-35.79,-35.79,3222.75,3186.96
450,BTC/INR,1h,SHORT,2025-10-12 13:30:00+05:30,2025-10-12 19:30:00+05:30,111557.73,9315070.65,112673.31,109326.58,112729.65,9412925.46,STOP_LOSS,0.01,31.87,0.000325,3027.61,-31.81,3.59,-35.4,-35.4,3186.96,3151.56
451,BTC/INR,1h,LONG,2025-10-13 02:30:00+05:30,2025-10-13 16:30:00+05:30,115380.28,9634253.25,114226.48,117687.88,114169.36,9533141.77,STOP_LOSS,0.01,31.52,0.000311,2993.99,-31.42,3.51,-34.94,-34.94,3151.56,3116.63
452,BTC/INR,1h,LONG,2025-10-13 19:30:00+05:30,2025-10-13 21:30:00+05:30,115596.41,9652300.23,114440.45,117908.34,114383.23,9550999.34,STOP_LOSS,0.01,31.17,0.000307,2960.8,-31.07,3.48,-34.55,-34.55,3116.63,3082.08
453,BTC/INR,1h,SHORT,2025-10-14 15:30:00+05:30,2025-10-14 20:30:00+05:30,111152.01,9281192.47,112263.53,108928.97,112319.66,9378691.39,STOP_LOSS,0.01,30.82,0.000315,2927.97,-30.76,3.47,-34.23,-34.23,3082.08,3047.85
454,BTC/INR,1h,SHORT,2025-10-16 03:30:00+05:30,2025-10-16 08:30:00+05:30,110599.77,9235080.48,111705.76,108387.77,111761.62,9332095.0,STOP_LOSS,0.01,30.48,0.000314,2895.45,-30.42,3.43,-33.85,-33.85,3047.85,3014.0
455,BTC/INR,1h,SHORT,2025-10-16 13:30:00+05:30,2025-10-16 15:30:00+05:30,110569.64,9232564.99,111675.34,108358.25,111731.17,9329553.09,STOP_LOSS,0.01,30.14,0.00031,2863.3,-30.08,3.4,-33.48,-33.48,3014.0,2980.52
456,BTC/INR,1h,SHORT,2025-10-16 19:30:00+05:30,2025-10-16 21:30:00+05:30,110861.39,9256926.33,111970.01,108644.17,108698.49,9076323.69,TARGET_HIT,0.01,29.81,0.000306,2831.49,55.24,3.31,51.93,51.93,2980.52,3032.45
457,BTC/INR,1h,SHORT,2025-10-17 10:30:00+05:30,2025-10-17 12:30:00+05:30,108748.05,9080462.33,109835.53,106573.09,106626.38,8903302.51,TARGET_HIT,0.01,30.32,0.000317,2880.83,56.21,3.37,52.84,52.84,3032.45,3085.29
458,BTC/INR,1h,LONG,2025-10-19 01:30:00+05:30,2025-10-19 22:30:00+05:30,107156.41,8947560.3,106084.85,109299.54,109244.89,9121948.25,TARGET_HIT,0.01,30.85,0.000328,2931.03,57.13,3.49,53.63,53.63,3085.29,3138.93
459,BTC/INR,1h,LONG,2025-10-20 08:30:00+05:30,2025-10-20 11:30:00+05:30,109006.9,9102075.99,107916.83,111187.04,111131.44,9279475.45,TARGET_HIT,0.01,31.39,0.000328,2981.98,58.12,3.55,54.57,54.57,3138.93,3193.49
460,BTC/INR,1h,LONG,2025-10-20 19:30:00+05:30,2025-10-20 22:30:00+05:30,111252.47,9289580.88,110139.94,113477.51,110084.87,9192086.73,STOP_LOSS,0.01,31.93,0.000327,3033.82,-31.84,3.56,-35.4,-35.4,3193.49,3158.09
461,BTC/INR,1h,SHORT,2025-10-21 19:30:00+05:30,2025-10-21 21:30:00+05:30,108238.37,9037903.84,109320.75,106073.6,109375.41,9132847.02,STOP_LOSS,0.01,31.58,0.000332,3000.19,-31.52,3.56,-35.08,-35.08,3158.09,3123.02
462,BTC/INR,1h,SHORT,2025-10-22 12:30:00+05:30,2025-10-22 20:30:00+05:30,107982.62,9016548.96,109062.45,105822.97,109116.98,9111267.81,STOP_LOSS,0.01,31.23,0.000329,2966.86,-31.17,3.52,-34.69,-34.69,3123.02,3088.33
463,BTC/INR,1h,SHORT,2025-10-22 23:30:00+05:30,2025-10-23 01:30:00+05:30,107577.08,8982685.78,108652.85,105425.53,107891.33,9008926.29,INTRADAY_SQUAREOFF,0.01,30.88,0.000327,2933.91,-8.57,3.47,-12.04,-12.04,3088.33,3076.29
464,BTC/INR,1h,LONG,2025-10-23 19:30:00+05:30,2025-10-24 00:30:00+05:30,109639.83,9154925.94,108543.43,111832.63,110536.61,9229806.96,INTRADAY_SQUAREOFF,0.01,30.76,0.000319,2922.48,23.9,3.46,20.44,20.44,3076.29,3096.73
465,BTC/INR,1h,LONG,2025-10-24 10:30:00+05:30,2025-10-24 19:30:00+05:30,111437.78,9305054.38,110323.4,113666.53,110268.24,9207397.83,STOP_LOSS,0.01,30.97,0.000316,2941.9,-30.88,3.45,-34.33,-34.33,3096.73,3062.4
466,BTC/INR,1h,LONG,2025-10-25 00:30:00+05:30,2025-10-26 00:30:00+05:30,110696.05,9243120.57,109589.09,112909.98,111670.93,9324522.29,INTRADAY_SQUAREOFF,0.01,30.62,0.000315,2909.28,25.62,3.45,22.17,22.17,3062.4,3084.58
467,BTC/INR,1h,LONG,2025-10-26 04:30:00+05:30,2025-10-27 00:30:00+05:30,111747.54,9330919.69,110630.07,113982.49,113551.38,9481540.51,INTRADAY_SQUAREOFF,0.01,30.85,0.000314,2930.35,47.3,3.49,43.82,43.82,3084.58,3128.39
468,BTC/INR,1h,LONG,2025-10-27 04:30:00+05:30,2025-10-28 00:30:00+05:30,115074.99,9608761.27,113924.24,117376.49,115267.59,9624843.55,INTRADAY_SQUAREOFF,0.01,31.28,0.000309,2971.97,4.97,3.51,1.46,1.46,3128.39,3129.86
469,BTC/INR,1h,SHORT,2025-10-28 17:30:00+05:30,2025-10-28 19:30:00+05:30,114254.81,9540276.87,115397.36,111969.72,115455.06,9640497.47,STOP_LOSS,0.01,31.3,0.000312,2973.37,-31.24,3.53,-34.76,-34.76,3129.86,3095.1
470,BTC/INR,1h,SHORT,2025-10-29 06:30:00+05:30,2025-10-29 13:30:00+05:30,112461.83,9390563.2,113586.45,110212.6,113643.25,9489211.06,STOP_LOSS,0.01,30.95,0.000313,2940.34,-30.89,3.49,-34.38,-34.38,3095.1,3060.72
471,BTC/INR,1h,SHORT,2025-10-29 20:30:00+05:30,2025-10-29 23:30:00+05:30,112254.4,9373242.35,113376.94,110009.31,110064.32,9190370.39,TARGET_HIT,0.01,30.61,0.00031,2907.68,56.73,3.4,53.33,53.33,3060.72,3114.05
472,BTC/INR,1h,SHORT,2025-10-30 05:30:00+05:30,2025-10-30 07:30:00+05:30,109845.17,9172072.11,110943.63,107648.27,110999.1,9268424.72,STOP_LOSS,0.01,31.14,0.000323,2958.35,-31.08,3.51,-34.59,-34.59,3114.05,3079.46
473,BTC/INR,1h,SHORT,2025-10-30 15:30:00+05:30,2025-10-30 18:30:00+05:30,110082.2,9191863.45,111183.02,107880.55,107934.49,9012530.19,TARGET_HIT,0.01,30.79,0.000318,2925.49,57.08,3.42,53.66,53.66,3079.46,3133.12
474,BTC/INR,1h,SHORT,2025-10-31 00:30:00+05:30,2025-10-31 02:30:00+05:30,106768.7,8915186.31,107836.39,104633.32,107890.3,9008840.34,STOP_LOSS,0.01,31.33,0.000334,2976.47,-31.27,3.53,-34.8,-34.8,3133.12,3098.32
475,BTC/INR,1h,LONG,2025-10-31 14:30:00+05:30,2025-10-31 21:30:00+05:30,110107.68,9193991.5,109006.61,112309.84,108952.1,9097500.55,STOP_LOSS,0.01,30.98,0.00032,2943.41,-30.89,3.45,-34.35,-34.35,3098.32,3063.98
476,BTC/INR,1h,LONG,2025-11-01 14:30:00+05:30,2025-11-02 00:30:00+05:30,110240.04,9205043.16,109137.64,112444.84,110345.79,9213873.61,INTRADAY_SQUAREOFF,0.01,30.64,0.000316,2910.78,2.79,3.44,-0.64,-0.64,3063.98,3063.33
477,BTC/INR,1h,LONG,2025-11-02 13:30:00+05:30,2025-11-02 21:30:00+05:30,111036.04,9271509.75,109925.68,113256.77,109870.72,9174205.26,STOP_LOSS,0.01,30.63,0.000314,2910.17,-30.54,3.42,-33.96,-33.96,3063.33,3029.38
478,BTC/INR,1h,SHORT,2025-11-03 15:30:00+05:30,2025-11-03 17:30:00+05:30,107044.43,8938209.7,108114.87,104903.54,108168.93,9032105.6,STOP_LOSS,0.01,30.29,0.000322,2877.91,-30.23,3.41,-33.65,-33.65,3029.38,2995.73
479,BTC/INR,1h,SHORT,2025-11-03 21:30:00+05:30,2025-11-03 23:30:00+05:30,105601.65,8817737.72,106657.67,103489.62,106710.99,8910368.05,STOP_LOSS,0.01,29.96,0.000323,2845.94,-29.9,3.38,-33.27,-33.27,2995.73,2962.46
480,BTC/INR,1h,SHORT,2025-11-04 02:30:00+05:30,2025-11-04 13:30:00+05:30,106311.54,8877013.94,107374.66,104185.31,104237.41,8703823.4,TARGET_HIT,0.01,29.62,0.000317,2814.33,54.91,3.29,51.62,51.62,2962.46,3014.08
481,BTC/INR,1h,SHORT,2025-11-04 22:30:00+05:30,2025-11-05 00:30:00+05:30,102089.49,8524472.6,103110.39,100047.7,101369.82,8464379.62,INTRADAY_SQUAREOFF,0.01,30.14,0.000336,2863.37,20.19,3.37,16.82,16.82,3014.08,3030.89
482,BTC/INR,1h,SHORT,2025-11-05 06:30:00+05:30,2025-11-05 08:30:00+05:30,100335.46,8378010.54,101338.81,98328.75,101389.48,8466021.54,STOP_LOSS,0.01,30.31,0.000344,2879.35,-30.25,3.42,-33.66,-33.66,3030.89,2997.23
483,BTC/INR,1h,SHORT,2025-11-05 16:30:00+05:30,2025-11-05 18:30:00+05:30,101291.27,8457821.41,102304.19,99265.45,102355.34,8546670.82,STOP_LOSS,0.01,29.97,0.000337,2847.37,-29.91,3.38,-33.29,-33.29,2997.23,2963.94
484,BTC/INR,1h,SHORT,2025-11-07 12:30:00+05:30,2025-11-07 17:30:00+05:30,101793.27,8499738.31,102811.21,99757.41,99807.29,8333908.42,TARGET_HIT,0.01,29.64,0.000331,2815.75,54.94,3.29,51.65,51.65,2963.94,3015.59
485,BTC/INR,1h,LONG,2025-11-08 23:30:00+05:30,2025-11-09 01:30:00+05:30,102014.68,8518226.2,100994.54,104054.98,101904.31,8509010.0,INTRADAY_SQUAREOFF,0.01,30.16,0.000336,2864.81,-3.1,3.38,-6.48,-6.48,3015.59,3009.11
486,BTC/INR,1h,LONG,2025-11-09 17:30:00+05:30,2025-11-09 23:30:00+05:30,102317.42,8543504.75,101294.25,104363.77,104311.59,8710017.66,TARGET_HIT,0.01,30.09,0.000335,2858.65,55.72,3.41,52.31,52.31,3009.11,3061.42
487,BTC/INR,1h,LONG,2025-11-10 06:30:00+05:30,2025-11-10 19:30:00+05:30,106486.15,8891593.86,105421.29,108615.88,105368.58,8798276.58,STOP_LOSS,0.01,30.61,0.000327,2908.35,-30.52,3.41,-33.94,-33.94,3061.42,3027.48
488,BTC/INR,1h,LONG,2025-11-11 06:30:00+05:30,2025-11-11 11:30:00+05:30,106206.33,8868228.93,105144.27,108330.46,105091.7,8775156.86,STOP_LOSS,0.01,30.27,0.000324,2876.11,-30.18,3.38,-33.56,-33.56,3027.48,2993.92
489,BTC/INR,1h,SHORT,2025-11-11 21:30:00+05:30,2025-11-12 00:30:00+05:30,103186.76,8616094.76,104218.63,101123.03,103430.6,8636455.39,INTRADAY_SQUAREOFF,0.01,29.94,0.00033,2844.22,-6.72,3.36,-10.08,-10.08,2993.92,2983.84
490,BTC/INR,1h,SHORT,2025-11-12 13:30:00+05:30,2025-11-12 15:30:00+05:30,103034.93,8603416.28,104065.27,100974.23,104117.31,8693795.17,STOP_LOSS,0.01,29.84,0.000329,2834.65,-29.78,3.36,-33.14,-33.14,2983.84,2950.7
491,BTC/INR,1h,SHORT,2025-11-14 02:30:00+05:30,2025-11-14 04:30:00+05:30,97986.64,8181884.31,98966.5,96026.91,99015.99,8267835.0,STOP_LOSS,0.01,29.51,0.000343,2803.16,-29.45,3.33,-32.77,-32.77,2950.7,2917.93
492,BTC/INR,1h,SHORT,2025-11-14 15:30:00+05:30,2025-11-14 17:30:00+05:30,96670.48,8071984.79,97637.18,94737.07,94784.44,7914500.37,TARGET_HIT,0.01,29.18,0.000343,2772.03,54.08,3.24,50.84,50.84,2917.93,2968.77
493,BTC/INR,1h,SHORT,2025-11-15 00:30:00+05:30,2025-11-15 07:30:00+05:30,94972.61,7930213.35,95922.34,93073.16,95970.3,8013520.24,STOP_LOSS,0.01,29.69,0.000356,2820.33,-29.63,3.35,-32.97,-32.97,2968.77,2935.8
494,BTC/INR,1h,SHORT,2025-11-15 12:30:00+05:30,2025-11-16 00:30:00+05:30,95934.15,8010501.49,96893.49,94015.47,96044.34,8019702.55,INTRADAY_SQUAREOFF,0.01,29.36,0.000348,2789.01,-3.2,3.29,-6.5,-6.5,2935.8,2929.3
495,BTC/INR,1h,SHORT,2025-11-16 12:30:00+05:30,2025-11-17 00:30:00+05:30,95676.11,7988955.57,96632.88,93762.59,94051.87,7853331.11,INTRADAY_SQUAREOFF,0.01,29.29,0.000348,2782.83,47.24,3.26,43.99,43.99,2929.3,2973.29
496,BTC/INR,1h,SHORT,2025-11-17 03:30:00+05:30,2025-11-17 05:30:00+05:30,93336.15,7793568.72,94269.51,91469.43,94316.65,7875440.16,STOP_LOSS,0.01,29.73,0.000362,2824.62,-29.67,3.35,-33.02,-33.02,2973.29,2940.26
497,BTC/INR,1h,SHORT,2025-11-21 17:30:00+05:30,2025-11-21 19:30:00+05:30,82099.57,6855314.12,82920.57,80457.58,82962.03,6927329.2,STOP_LOSS,0.01,29.4,0.000407,2793.25,-29.34,3.31,-32.66,-32.66,2940.26,2907.61
498,BTC/INR,1h,SHORT,2025-11-21 21:30:00+05:30,2025-11-21 23:30:00+05:30,82766.73,6911021.85,83594.4,81111.39,83636.19,6983622.13,STOP_LOSS,0.01,29.08,0.0004,2762.23,-29.02,3.28,-32.29,-32.29,2907.61,2875.31
499,BTC/INR,1h,SHORT,2025-11-22 04:30:00+05:30,2025-11-22 06:30:00+05:30,84224.33,7032731.36,85066.57,82539.84,85109.1,7106610.21,STOP_LOSS,0.01,28.75,0.000388,2731.55,-28.69,3.24,-31.94,-31.94,2875.31,2843.38
500,BTC/INR,1h,SHORT,2025-11-22 08:30:00+05:30,2025-11-23 00:30:00+05:30,84225.25,7032808.3,85067.5,82540.74,84646.58,7067989.06,INTRADAY_SQUAREOFF,0.01,28.43,0.000384,2701.21,-13.51,3.2,-16.71,-16.71,2843.38,2826.67
501,BTC/INR,1h,LONG,2025-11-23 14:30:00+05:30,2025-11-24 00:30:00+05:30,86172.22,7195380.44,85310.5,87895.67,86913.17,7257249.7,INTRADAY_SQUAREOFF,0.01,28.27,0.000373,2685.34,23.09,3.18,19.91,19.91,2826.67,2846.58
502,BTC/INR,1h,LONG,2025-11-25 02:30:00+05:30,2025-11-25 04:30:00+05:30,89240.33,7451567.74,88347.93,91025.14,88303.75,7373363.54,STOP_LOSS,0.01,28.47,0.000363,2704.25,-28.38,3.17,-31.56,-31.56,2846.58,2815.02
503,BTC/INR,1h,LONG,2025-11-25 10:30:00+05:30,2025-11-25 12:30:00+05:30,88501.56,7389880.64,87616.55,90271.6,87572.74,7312323.85,STOP_LOSS,0.01,28.15,0.000362,2674.27,-28.07,3.14,-31.21,-31.21,2815.02,2783.82
504,BTC/INR,1h,LONG,2025-11-27 07:30:00+05:30,2025-11-28 00:30:00+05:30,91203.09,7615458.38,90291.06,93027.16,91745.85,7660778.17,INTRADAY_SQUAREOFF,0.01,27.84,0.000347,2644.63,15.74,3.13,12.61,12.61,2783.82,2796.43
505,BTC/INR,1h,LONG,2025-11-28 09:30:00+05:30,2025-11-28 22:30:00+05:30,91307.51,7624177.4,90394.44,93133.66,90349.24,7544161.66,STOP_LOSS,0.01,27.96,0.000348,2656.6,-27.88,3.12,-31.0,-31.0,2796.43,2765.43
506,BTC/INR,1h,LONG,2025-11-29 02:30:00+05:30,2025-11-30 00:30:00+05:30,91265.68,7620684.31,90353.02,93090.99,90784.93,7580541.54,INTRADAY_SQUAREOFF,0.01,27.65,0.000345,2627.15,-13.84,3.09,-16.93,-16.93,2765.43,2748.5
507,BTC/INR,1h,SHORT,2025-12-01 17:30:00+05:30,2025-12-01 20:30:00+05:30,86094.08,7188855.67,86955.02,84372.2,84414.38,7048601.09,TARGET_HIT,0.01,27.48,0.000363,2611.07,50.94,3.05,47.89,47.89,2748.5,2796.39
508,BTC/INR,1h,SHORT,2025-12-02 05:30:00+05:30,2025-12-02 09:30:00+05:30,86255.67,7202348.52,87118.23,84530.56,87161.79,7278009.19,STOP_LOSS,0.01,27.96,0.000369,2656.57,-27.91,3.15,-31.06,-31.06,2796.39,2765.33
509,BTC/INR,1h,SHORT,2025-12-02 14:30:00+05:30,2025-12-02 16:30:00+05:30,86365.76,7211541.32,87229.42,84638.45,87273.04,7287298.56,STOP_LOSS,0.01,27.65,0.000364,2627.06,-27.6,3.12,-30.71,-30.71,2765.33,2734.61
510,BTC/INR,1h,LONG,2025-12-03 04:30:00+05:30,2025-12-03 11:30:00+05:30,92050.71,7686233.91,91130.2,93891.72,93844.77,7836038.61,TARGET_HIT,0.01,27.35,0.000338,2597.88,50.63,3.1,47.54,47.54,2734.61,2782.15
511,BTC/INR,1h,LONG,2025-12-03 15:30:00+05:30,2025-12-03 19:30:00+05:30,93255.85,7786863.86,92323.3,95120.97,92277.13,7705140.72,STOP_LOSS,0.01,27.82,0.000339,2643.04,-27.74,3.1,-30.84,-30.84,2782.15,2751.31
512,BTC/INR,1h,LONG,2025-12-03 23:30:00+05:30,2025-12-04 01:30:00+05:30,93079.16,7772109.6,92148.37,94940.74,92987.76,7764478.3,INTRADAY_SQUAREOFF,0.01,27.51,0.000336,2613.74,-2.57,3.08,-5.65,-5.65,2751.31,2745.66
513,BTC/INR,1h,LONG,2025-12-04 03:30:00+05:30,2025-12-04 05:30:00+05:30,93791.65,7831603.08,92853.74,95667.49,92807.31,7749410.4,STOP_LOSS,0.01,27.46,0.000333,2608.38,-27.37,3.06,-30.44,-30.44,2745.66,2715.22
514,BTC/INR,1h,LONG,2025-12-04 08:30:00+05:30,2025-12-04 10:30:00+05:30,94057.69,7853816.7,93117.11,95938.84,93070.55,7771390.89,STOP_LOSS,0.01,27.15,0.000328,2579.46,-27.07,3.03,-30.1,-30.1,2715.22,2685.13
515,BTC/INR,1h,LONG,2025-12-04 13:30:00+05:30,2025-12-04 18:30:00+05:30,93452.31,7803268.07,92517.79,95321.36,92471.53,7721372.77,STOP_LOSS,0.01,26.85,0.000327,2550.87,-26.77,2.99,-29.77,-29.77,2685.13,2655.36
516,BTC/INR,1h,LONG,2025-12-04 21:30:00+05:30,2025-12-04 23:30:00+05:30,93107.19,7774450.08,92176.11,94969.33,92130.03,7692857.23,STOP_LOSS,0.01,26.55,0.000324,2522.59,-26.47,2.96,-29.44,-29.44,2655.36,2625.92
517,BTC/INR,1h,LONG,2025-12-05 02:30:00+05:30,2025-12-05 14:30:00+05:30,92575.66,7730067.22,91649.9,94427.17,91604.07,7648940.16,STOP_LOSS,0.01,26.26,0.000323,2494.63,-26.18,2.93,-29.11,-29.11,2625.92,2596.81
518,BTC/INR,1h,SHORT,2025-12-05 19:30:00+05:30,2025-12-05 21:30:00+05:30,90287.21,7538981.94,91190.08,88481.46,88525.71,7391896.4,TARGET_HIT,0.01,25.97,0.000327,2466.97,48.13,2.88,45.25,45.25,2596.81,2642.06
519,BTC/INR,1h,SHORT,2025-12-06 14:30:00+05:30,2025-12-06 19:30:00+05:30,89246.13,7452051.69,90138.59,87461.21,90183.66,7530335.5,STOP_LOSS,0.01,26.42,0.000337,2509.96,-26.37,2.98,-29.34,-29.34,2642.06,2612.72
520,BTC/INR,1h,SHORT,2025-12-07 04:30:00+05:30,2025-12-07 22:30:00+05:30,89255.84,7452862.8,90148.4,87470.73,90193.47,7531155.13,STOP_LOSS,0.01,26.13,0.000333,2482.08,-26.07,2.94,-29.02,-29.02,2612.72,2583.7
521,BTC/INR,1h,LONG,2025-12-08 05:30:00+05:30,2025-12-09 00:30:00+05:30,90472.16,7554425.26,89567.44,92281.6,89825.52,7500430.74,INTRADAY_SQUAREOFF,0.01,25.84,0.000325,2454.51,-17.54,2.89,-20.43,-20.43,2583.7,2563.27
522,BTC/INR,1h,SHORT,2025-12-09 05:30:00+05:30,2025-12-09 20:30:00+05:30,90477.8,7554896.38,91382.58,88668.24,91428.27,7634260.57,STOP_LOSS,0.01,25.63,0.000322,2435.11,-25.58,2.89,-28.47,-28.47,2563.27,2534.8
523,BTC/INR,1h,LONG,2025-12-10 12:30:00+05:30,2025-12-10 16:30:00+05:30,92776.15,7746808.2,91848.38,94631.67,91802.46,7665505.45,STOP_LOSS,0.01,25.35,0.000311,2408.06,-25.27,2.83,-28.1,-28.1,2534.8,2506.7
524,BTC/INR,1h,LONG,2025-12-10 23:30:00+05:30,2025-12-11 01:30:00+05:30,92526.15,7725933.21,91600.88,94376.67,94329.48,7876511.65,TARGET_HIT,0.01,25.07,0.000308,2381.37,46.41,2.84,43.58,43.58,2506.7,2550.28
525,BTC/INR,1h,SHORT,2025-12-11 18:30:00+05:30,2025-12-11 23:30:00+05:30,90008.3,7515693.17,90908.38,88208.14,90953.84,7594645.53,STOP_LOSS,0.01,25.5,0.000322,2422.76,-25.45,2.87,-28.33,-28.33,2550.28,2521.95
526,BTC/INR,1h,LONG,2025-12-12 15:30:00+05:30,2025-12-12 20:30:00+05:30,92631.21,7734706.4,91704.9,94483.84,91659.05,7653530.65,STOP_LOSS,0.01,25.22,0.00031,2395.85,-25.14,2.81,-27.96,-27.96,2521.95,2494.0
527,BTC/INR,1h,SHORT,2025-12-13 08:30:00+05:30,2025-12-14 00:30:00+05:30,90196.15,7531378.76,91098.11,88392.23,90191.46,7530987.23,INTRADAY_SQUAREOFF,0.01,24.94,0.000315,2369.3,0.12,2.8,-2.67,-2.67,2494.0,2491.32
528,BTC/INR,1h,SHORT,2025-12-14 02:30:00+05:30,2025-12-15 00:30:00+05:30,90062.03,7520179.7,90962.65,88260.79,89066.33,7437038.66,INTRADAY_SQUAREOFF,0.01,24.91,0.000315,2366.76,26.17,2.78,23.39,23.39,2491.32,2514.71
529,BTC/INR,1h,SHORT,2025-12-16 06:30:00+05:30,2025-12-16 15:30:00+05:30,85730.58,7158503.6,86587.89,84015.97,86631.18,7233703.68,STOP_LOSS,0.01,25.15,0.000334,2388.98,-25.1,2.83,-27.93,-27.93,2514.71,2486.78
530,BTC/INR,1h,LONG,2025-12-17 13:30:00+05:30,2025-12-17 19:30:00+05:30,87115.03,7274104.83,86243.88,88857.33,88812.9,7415877.14,TARGET_HIT,0.01,24.87,0.000325,2362.44,46.04,2.81,43.23,43.23,2486.78,2530.01
531,BTC/INR,1h,SHORT,2025-12-18 11:30:00+05:30,2025-12-18 14:30:00+05:30,86324.63,7208106.49,87187.87,84598.14,87231.47,7283827.65,STOP_LOSS,0.01,25.3,0.000333,2403.51,-25.25,2.85,-28.1,-28.1,2530.01,2501.91
532,BTC/INR,1h,SHORT,2025-12-22 02:30:00+05:30,2025-12-22 05:30:00+05:30,88171.94,7362356.89,89053.66,86408.5,89098.19,7439698.45,STOP_LOSS,0.01,25.02,0.000323,2376.82,-24.97,2.82,-27.79,-27.79,2501.91,2474.12
533,BTC/INR,1h,LONG,2025-12-22 17:30:00+05:30,2025-12-22 22:30:00+05:30,90034.44,7517875.74,89134.1,91835.13,89089.53,7438975.64,STOP_LOSS,0.01,24.74,0.000313,2350.42,-24.67,2.76,-27.43,-27.43,2474.12,2446.7
534,BTC/INR,1h,SHORT,2025-12-23 08:30:00+05:30,2025-12-24 00:30:00+05:30,88080.51,7354722.42,88961.31,86318.9,87977.78,7346144.58,INTRADAY_SQUAREOFF,0.01,24.47,0.000316,2324.36,2.71,2.74,-0.03,-0.03,2446.7,2446.67
535,BTC/INR,1h,SHORT,2025-12-24 04:30:00+05:30,2025-12-25 00:30:00+05:30,87250.05,7285379.05,88122.55,85505.05,87450.49,7302116.12,INTRADAY_SQUAREOFF,0.01,24.47,0.000319,2324.33,-5.34,2.75,-8.09,-8.09,2446.67,2438.58
536,BTC/INR,1h,LONG,2025-12-26 19:30:00+05:30,2025-12-26 21:30:00+05:30,89027.66,7433809.25,88137.38,90808.21,88093.31,7355791.42,STOP_LOSS,0.01,24.39,0.000312,2316.65,-24.31,2.72,-27.03,-27.03,2438.58,2411.55
537,BTC/INR,1h,SHORT,2025-12-27 05:30:00+05:30,2025-12-28 00:30:00+05:30,87234.47,7284078.27,88106.82,85489.78,87482.57,7304794.68,INTRADAY_SQUAREOFF,0.01,24.12,0.000315,2290.97,-6.52,2.71,-9.22,-9.22,2411.55,2402.33
538,BTC/INR,1h,SHORT,2025-12-30 01:30:00+05:30,2025-12-30 19:30:00+05:30,87194.48,7280739.29,88066.43,85450.59,88110.46,7357223.46,STOP_LOSS,0.01,24.02,0.000313,2282.21,-23.97,2.71,-26.68,-26.68,2402.33,2375.64
539,BTC/INR,1h,LONG,2025-12-31 03:30:00+05:30,2025-12-31 21:30:00+05:30,88269.0,7370461.1,87386.31,90034.38,87342.61,7293108.11,STOP_LOSS,0.01,23.76,0.000306,2256.86,-23.69,2.65,-26.33,-26.33,2375.64,2349.31
540,BTC/INR,1h,SHORT,2026-01-01 01:30:00+05:30,2026-01-01 22:30:00+05:30,87376.18,7295911.09,88249.94,85628.66,88294.07,7372554.63,STOP_LOSS,0.01,23.49,0.000306,2231.84,-23.45,2.65,-26.09,-26.09,2349.31,2323.22
541,BTC/INR,1h,LONG,2026-01-02 03:30:00+05:30,2026-01-02 21:30:00+05:30,88324.28,7375077.44,87441.04,90090.77,90045.72,7518817.7,TARGET_HIT,0.01,23.23,0.000299,2207.06,43.02,2.63,40.39,40.39,2323.22,2363.6
542,BTC/INR,1h,LONG,2026-01-03 03:30:00+05:30,2026-01-04 00:30:00+05:30,90137.37,7526470.1,89235.99,91940.11,90046.82,7518909.57,INTRADAY_SQUAREOFF,0.01,23.64,0.000298,2245.42,-2.26,2.65,-4.9,-4.9,2363.6,2358.7
543,BTC/INR,1h,LONG,2026-01-04 02:30:00+05:30,2026-01-05 00:30:00+05:30,90355.66,7544697.21,89452.1,92162.77,91119.06,7608441.37,INTRADAY_SQUAREOFF,0.01,23.59,0.000297,2240.76,18.93,2.66,16.28,16.28,2358.7,2374.97
544,BTC/INR,1h,LONG,2026-01-05 02:30:00+05:30,2026-01-05 06:30:00+05:30,91344.42,7627258.65,90430.97,93171.3,93124.72,7775913.92,TARGET_HIT,0.01,23.75,0.000296,2256.23,43.97,2.69,41.29,41.29,2374.97,2416.26
545,BTC/INR,1h,LONG,2026-01-05 16:30:00+05:30,2026-01-06 00:30:00+05:30,93132.93,7776599.32,92201.6,94995.58,94287.51,7873007.28,INTRADAY_SQUAREOFF,0.01,24.16,0.000295,2295.45,28.46,2.73,25.73,25.73,2416.26,2441.99
546,BTC/INR,1h,SHORT,2026-01-08 08:30:00+05:30,2026-01-09 00:30:00+05:30,90656.14,7569787.81,91562.7,88843.02,91084.2,7605530.62,INTRADAY_SQUAREOFF,0.01,24.42,0.000306,2319.89,-10.95,2.74,-13.7,-13.7,2441.99,2428.29
547,BTC/INR,1h,LONG,2026-01-11 20:30:00+05:30,2026-01-12 00:30:00+05:30,91089.47,7605970.52,90178.57,92911.26,90711.79,7574434.09,INTRADAY_SQUAREOFF,0.01,24.28,0.000303,2306.88,-9.56,2.72,-12.28,-12.28,2428.29,2416.01
548,BTC/INR,1h,LONG,2026-01-12 03:30:00+05:30,2026-01-13 00:30:00+05:30,90723.17,7575384.45,89815.94,92537.63,91572.0,7646262.3,INTRADAY_SQUAREOFF,0.01,24.16,0.000303,2295.21,21.47,2.72,18.75,18.75,2416.01,2434.77
549,BTC/INR,1h,LONG,2026-01-14 01:30:00+05:30,2026-01-14 19:30:00+05:30,94269.59,7871510.58,93326.89,96154.98,96106.9,8024926.32,TARGET_HIT,0.01,24.35,0.000294,2313.03,45.08,2.76,42.32,42.32,2434.77,2477.09
550,BTC/INR,1h,LONG,2026-01-15 14:30:00+05:30,2026-01-15 19:30:00+05:30,96666.86,8071683.14,95700.2,98600.2,95652.35,7986970.83,STOP_LOSS,0.01,24.77,0.000292,2353.24,-24.7,2.76,-27.46,-27.46,2477.09,2449.63
551,BTC/INR,1h,SHORT,2026-01-16 09:30:00+05:30,2026-01-17 00:30:00+05:30,95250.12,7953384.75,96202.62,93345.11,95003.33,7932778.01,INTRADAY_SQUAREOFF,0.01,24.5,0.000293,2327.15,6.03,2.74,3.29,3.29,2449.63,2452.92
552,BTC/INR,1h,SHORT,2026-01-17 07:30:00+05:30,2026-01-18 00:30:00+05:30,95303.94,7957879.11,96256.98,93397.86,95444.13,7969584.68,INTRADAY_SQUAREOFF,0.01,24.53,0.000293,2330.27,-3.43,2.75,-6.18,-6.18,2452.92,2446.74
553,BTC/INR,1h,SHORT,2026-01-18 05:30:00+05:30,2026-01-19 00:30:00+05:30,95040.78,7935905.46,95991.19,93139.97,95456.7,7970634.17,INTRADAY_SQUAREOFF,0.01,24.47,0.000293,2324.4,-10.17,2.75,-12.92,-12.92,2446.74,2433.82
554,BTC/INR,1h,SHORT,2026-01-20 04:30:00+05:30,2026-01-20 19:30:00+05:30,92469.83,7721230.63,93394.53,90620.43,90665.74,7570589.42,TARGET_HIT,0.01,24.34,0.000299,2312.13,45.11,2.7,42.41,42.41,2433.82,2476.23
555,BTC/INR,1h,SHORT,2026-01-21 13:30:00+05:30,2026-01-21 19:30:00+05:30,88942.63,7426709.73,89832.06,87163.78,89876.97,7504727.31,STOP_LOSS,0.01,24.76,0.000317,2352.42,-24.71,2.79,-27.5,-27.5,2476.23,2448.72
556,BTC/INR,1h,SHORT,2026-01-21 22:30:00+05:30,2026-01-22 00:30:00+05:30,87483.79,7304896.54,88358.63,85734.12,88402.81,7381634.48,STOP_LOSS,0.01,24.49,0.000318,2326.29,-24.44,2.76,-27.2,-27.2,2448.72,2421.53
557,BTC/INR,1h,SHORT,2026-01-23 11:30:00+05:30,2026-01-23 21:30:00+05:30,89368.16,7462241.42,90261.84,87580.8,90306.97,7540632.27,STOP_LOSS,0.01,24.22,0.000308,2300.45,-24.17,2.73,-26.9,-26.9,2421.53,2394.63
558,BTC/INR,1h,LONG,2026-01-24 08:30:00+05:30,2026-01-25 00:30:00+05:30,89626.88,7483844.88,88730.62,91419.42,89214.64,7449422.11,INTRADAY_SQUAREOFF,0.01,23.95,0.000304,2274.9,-10.46,2.68,-13.14,-13.14,2394.63,2381.49
559,BTC/INR,1h,SHORT,2026-01-25 13:30:00+05:30,2026-01-26 00:30:00+05:30,88459.12,7386336.14,89343.71,86689.93,86733.28,7242228.73,TARGET_HIT,0.01,23.81,0.000306,2262.42,44.14,2.64,41.5,41.5,2381.49,2422.99
560,BTC/INR,1h,LONG,2026-01-27 22:30:00+05:30,2026-01-28 00:30:00+05:30,88715.51,7407744.87,87828.35,90489.82,88112.23,7357371.57,INTRADAY_SQUAREOFF,0.01,24.23,0.000311,2301.84,-15.65,2.71,-18.36,-18.36,2422.99,2404.63
561,BTC/INR,1h,LONG,2026-01-28 12:30:00+05:30,2026-01-29 00:30:00+05:30,89303.75,7456862.85,88410.71,91089.82,89389.84,7464051.42,INTRADAY_SQUAREOFF,0.01,24.05,0.000306,2284.4,2.2,2.7,-0.49,-0.49,2404.63,2404.13
562,BTC/INR,1h,SHORT,2026-01-29 15:30:00+05:30,2026-01-29 20:30:00+05:30,87719.41,7324570.52,88596.6,85965.02,86008.0,7181668.15,TARGET_HIT,0.01,24.04,0.000312,2283.93,44.56,2.67,41.89,41.89,2404.13,2446.02
563,BTC/INR,1h,SHORT,2026-01-29 23:30:00+05:30,2026-01-30 01:30:00+05:30,83969.81,7011478.85,84809.5,82290.41,83894.34,7005177.41,INTRADAY_SQUAREOFF,0.01,24.46,0.000331,2323.72,2.09,2.74,-0.65,-0.65,2446.02,2445.37
564,BTC/INR,1h,SHORT,2026-01-30 06:30:00+05:30,2026-01-30 08:30:00+05:30,84022.39,7015869.54,84862.61,82341.94,82383.11,6878989.92,TARGET_HIT,0.01,24.45,0.000331,2323.1,45.32,2.71,42.61,42.61,2445.37,2487.98
565,BTC/INR,1h,SHORT,2026-01-30 15:30:00+05:30,2026-01-30 17:30:00+05:30,82035.34,6849950.62,82855.69,80394.63,82897.12,6921909.36,STOP_LOSS,0.01,24.88,0.000345,2363.58,-24.83,2.8,-27.63,-27.63,2487.98,2460.35
566,BTC/INR,1h,SHORT,2026-01-31 18:30:00+05:30,2026-01-31 21:30:00+05:30,82552.47,6893131.14,83377.99,80901.42,80941.87,6758646.15,TARGET_HIT,0.01,24.6,0.000339,2337.33,45.6,2.73,42.87,42.87,2460.35,2503.22
567,BTC/INR,1h,SHORT,2026-02-01 11:30:00+05:30,2026-02-01 20:30:00+05:30,78450.94,6550653.69,79235.45,76881.92,76920.36,6422850.44,TARGET_HIT,0.01,25.03,0.000363,2378.06,46.4,2.78,43.62,43.62,2503.22,2546.83
568,BTC/INR,1h,SHORT,2026-02-02 01:30:00+05:30,2026-02-02 05:30:00+05:30,76894.53,6420692.9,77663.47,75356.64,77702.3,6488142.27,STOP_LOSS,0.01,25.47,0.000377,2419.49,-25.42,2.87,-28.29,-28.29,2546.83,2518.55
569,BTC/INR,1h,SHORT,2026-02-02 08:30:00+05:30,2026-02-02 14:30:00+05:30,76364.84,6376463.93,77128.49,74837.54,77167.05,6443448.69,STOP_LOSS,0.01,25.19,0.000375,2392.62,-25.13,2.84,-27.97,-27.97,2518.55,2490.57
570,BTC/INR,1h,SHORT,2026-02-03 22:30:00+05:30,2026-02-04 00:30:00+05:30,76414.01,6380569.69,77178.15,74885.73,74923.17,6256084.77,TARGET_HIT,0.01,24.91,0.000371,2366.05,46.16,2.76,43.4,43.4,2490.57,2533.97
571,BTC/INR,1h,SHORT,2026-02-04 15:30:00+05:30,2026-02-04 19:30:00+05:30,75853.62,6333777.0,76612.15,74336.54,74373.71,6210205.01,TARGET_HIT,0.01,25.34,0.00038,2407.27,46.97,2.81,44.15,44.15,2533.97,2578.12
572,BTC/INR,1h,SHORT,2026-02-05 08:30:00+05:30,2026-02-05 17:30:00+05:30,71279.57,5951844.01,71992.36,69853.98,69888.9,5835723.53,TARGET_HIT,0.01,25.78,0.000412,2449.22,47.78,2.86,44.92,44.92,2578.12,2623.05
573,BTC/INR,1h,SHORT,2026-02-05 21:30:00+05:30,2026-02-06 00:30:00+05:30,66633.23,5563874.64,67299.56,65300.56,65333.21,5455323.45,TARGET_HIT,0.01,26.23,0.000448,2491.89,48.62,2.91,45.71,45.71,2623.05,2668.75
574,BTC/INR,1h,LONG,2026-02-07 04:30:00+05:30,2026-02-07 06:30:00+05:30,71503.03,5970503.05,70788.0,72933.09,70752.61,5907842.62,STOP_LOSS,0.01,26.69,0.000425,2535.31,-26.61,2.98,-29.58,-29.58,2668.75,2639.17
575,BTC/INR,1h,LONG,2026-02-07 09:30:00+05:30,2026-02-07 11:30:00+05:30,70908.93,5920895.57,70199.84,72327.11,70164.74,5858755.77,STOP_LOSS,0.01,26.39,0.000423,2507.21,-26.31,2.94,-29.26,-29.26,2639.17,2609.91
576,BTC/INR,1h,LONG,2026-02-08 17:30:00+05:30,2026-02-08 21:30:00+05:30,71153.14,5941287.58,70441.61,72576.21,70406.39,5878933.77,STOP_LOSS,0.01,26.1,0.000417,2479.42,-26.02,2.91,-28.93,-28.93,2609.91,2580.98
577,BTC/INR,1h,LONG,2026-02-09 09:30:00+05:30,2026-02-09 11:30:00+05:30,71394.48,5961439.42,70680.54,72822.37,70645.2,5898874.11,STOP_LOSS,0.01,25.81,0.000411,2451.93,-25.73,2.88,-28.61,-28.61,2580.98,2552.37
578,BTC/INR,1h,SHORT,2026-02-09 19:30:00+05:30,2026-02-09 21:30:00+05:30,68525.93,5721915.22,69211.19,67155.41,69245.8,5782023.94,STOP_LOSS,0.01,25.52,0.000424,2424.75,-25.47,2.88,-28.35,-28.35,2552.37,2524.02
579,BTC/INR,1h,SHORT,2026-02-11 00:30:00+05:30,2026-02-11 11:30:00+05:30,68593.17,5727529.75,69279.1,67221.31,67254.92,5615785.64,TARGET_HIT,0.01,25.24,0.000419,2397.82,46.78,2.8,43.98,43.98,2524.02,2568.0
580,BTC/INR,1h,SHORT,2026-02-11 20:30:00+05:30,2026-02-11 23:30:00+05:30,66474.21,5550596.3,67138.95,65144.72,67172.52,5608905.32,STOP_LOSS,0.01,25.68,0.00044,2439.6,-25.63,2.89,-28.52,-28.52,2568.0,2539.48
581,BTC/INR,1h,SHORT,2026-02-12 04:30:00+05:30,2026-02-12 16:30:00+05:30,67321.03,5621305.65,67994.24,65974.61,68028.23,5680357.47,STOP_LOSS,0.01,25.39,0.000429,2412.5,-25.34,2.86,-28.21,-28.21,2539.48,2511.27
582,BTC/INR,1h,SHORT,2026-02-13 10:30:00+05:30,2026-02-13 14:30:00+05:30,66236.31,5530731.93,66898.67,64911.58,66932.12,5588832.27,STOP_LOSS,0.01,25.11,0.000431,2385.71,-25.06,2.83,-27.89,-27.89,2511.27,2483.38
583,BTC/INR,1h,LONG,2026-02-14 06:30:00+05:30,2026-02-15 00:30:00+05:30,69111.2,5770785.4,68420.09,70493.43,69697.66,5819755.03,INTRADAY_SQUAREOFF,0.01,24.83,0.000409,2359.21,20.02,2.8,17.22,17.22,2483.38,2500.61
584,BTC/INR,1h,LONG,2026-02-15 09:30:00+05:30,2026-02-15 18:30:00+05:30,69999.9,5844991.36,69299.9,71399.89,69265.25,5783648.18,STOP_LOSS,0.01,25.01,0.000406,2375.57,-24.93,2.79,-27.72,-27.72,2500.61,2472.88
585,BTC/INR,1h,SHORT,2026-02-16 08:30:00+05:30,2026-02-16 14:30:00+05:30,68201.58,5694831.72,68883.59,66837.55,68918.04,5754655.93,STOP_LOSS,0.01,24.73,0.000413,2349.24,-24.68,2.79,-27.47,-27.47,2472.88,2445.42
586,BTC/INR,1h,SHORT,2026-02-17 14:30:00+05:30,2026-02-17 20:30:00+05:30,68068.51,5683720.69,68749.2,66707.14,66740.49,5572831.3,TARGET_HIT,0.01,24.45,0.000409,2323.15,45.32,2.71,42.61,42.61,2445.42,2488.03
587,BTC/INR,1h,SHORT,2026-02-18 16:30:00+05:30,2026-02-18 23:30:00+05:30,67703.72,5653261.03,68380.76,66349.65,66382.83,5542965.91,TARGET_HIT,0.01,24.88,0.000418,2363.63,46.11,2.76,43.35,43.35,2488.03,2531.38
588,BTC/INR,1h,SHORT,2026-02-19 15:30:00+05:30,2026-02-20 00:30:00+05:30,66721.44,5571240.48,67388.66,65387.01,67038.97,5597754.12,INTRADAY_SQUAREOFF,0.01,25.31,0.000432,2404.81,-11.44,2.84,-14.29,-14.29,2531.38,2517.09
589,BTC/INR,1h,LONG,2026-02-20 15:30:00+05:30,2026-02-20 17:30:00+05:30,68228.03,5697040.88,67545.75,69592.6,67511.98,5637250.43,STOP_LOSS,0.01,25.17,0.00042,2391.24,-25.1,2.81,-27.9,-27.9,2517.09,2489.19
590,BTC/INR,1h,SHORT,2026-02-21 09:30:00+05:30,2026-02-21 14:30:00+05:30,67524.66,5638308.97,68199.9,66174.17,68234.0,5697539.4,STOP_LOSS,0.01,24.89,0.000419,2364.73,-24.84,2.81,-27.65,-27.65,2489.19,2461.54
591,BTC/INR,1h,SHORT,2026-02-21 17:30:00+05:30,2026-02-22 00:30:00+05:30,68036.26,5681027.85,68716.62,66675.54,68585.43,5726883.56,INTRADAY_SQUAREOFF,0.01,24.62,0.000412,2338.47,-18.88,2.77,-21.65,-21.65,2461.54,2439.9
592,BTC/INR,1h,SHORT,2026-02-22 08:30:00+05:30,2026-02-23 00:30:00+05:30,67834.53,5664182.98,68512.87,66477.84,67443.64,5631544.15,INTRADAY_SQUAREOFF,0.01,24.4,0.000409,2317.9,13.36,2.73,10.63,10.63,2439.9,2450.53
593,BTC/INR,1h,SHORT,2026-02-23 06:30:00+05:30,2026-02-23 08:30:00+05:30,66687.51,5568407.47,67354.39,65353.76,65386.44,5459767.84,TARGET_HIT,0.01,24.51,0.000418,2328.0,45.42,2.72,42.7,42.7,2450.53,2493.23
594,BTC/INR,1h,SHORT,2026-02-24 08:30:00+05:30,2026-02-24 18:30:00+05:30,63966.11,5341170.54,64605.78,62686.79,62718.14,5236964.3,TARGET_HIT,0.01,24.93,0.000443,2368.56,46.21,2.77,43.44,43.44,2493.23,2536.67
595,BTC/INR,1h,LONG,2026-02-25 14:30:00+05:30,2026-02-25 19:30:00+05:30,65575.24,5475532.54,64919.49,66886.74,66853.3,5582250.67,TARGET_HIT,0.01,25.37,0.00044,2409.84,46.97,2.87,44.1,44.1,2536.67,2580.77
596,BTC/INR,1h,LONG,2026-02-26 15:30:00+05:30,2026-02-26 18:30:00+05:30,68652.17,5732456.05,67965.65,70025.21,67931.66,5672293.93,STOP_LOSS,0.01,25.81,0.000428,2451.73,-25.73,2.88,-28.61,-28.61,2580.77,2552.16
597,BTC/INR,1h,SHORT,2026-02-27 15:30:00+05:30,2026-02-27 17:30:00+05:30,67298.09,5619390.68,67971.07,65952.13,65985.11,5509756.36,TARGET_HIT,0.01,25.52,0.000431,2424.55,47.3,2.83,44.47,44.47,2552.16,2596.63
598,BTC/INR,1h,SHORT,2026-02-27 22:30:00+05:30,2026-02-28 00:30:00+05:30,65453.47,5465364.56,66108.0,64144.4,65337.11,5455648.95,INTRADAY_SQUAREOFF,0.01,25.97,0.000451,2466.8,4.39,2.91,1.48,1.48,2596.63,2598.1
599,BTC/INR,1h,SHORT,2026-02-28 11:30:00+05:30,2026-02-28 13:30:00+05:30,65471.96,5466908.87,66126.68,64162.52,64194.6,5360249.48,TARGET_HIT,0.01,25.98,0.000451,2468.2,48.15,2.88,45.27,45.27,2598.1,2643.37
600,BTC/INR,1h,LONG,2026-03-01 07:30:00+05:30,2026-03-01 11:30:00+05:30,67611.73,5645579.16,66935.61,68963.96,66902.14,5586328.81,STOP_LOSS,0.01,26.43,0.000445,2511.21,-26.36,2.95,-29.3,-29.3,2643.37,2614.07
601,BTC/INR,1h,LONG,2026-03-01 19:30:00+05:30,2026-03-01 21:30:00+05:30,67209.25,5611972.53,66537.16,68553.44,66503.89,5553074.88,STOP_LOSS,0.01,26.14,0.000443,2483.37,-26.06,2.91,-28.98,-28.98,2614.07,2585.09
602,BTC/INR,1h,LONG,2026-03-03 02:30:00+05:30,2026-03-03 04:30:00+05:30,69484.95,5801993.46,68790.1,70874.65,68755.71,5741101.54,STOP_LOSS,0.01,25.85,0.000423,2455.84,-25.77,2.88,-28.66,-28.66,2585.09,2556.44
603,BTC/INR,1h,LONG,2026-03-05 16:30:00+05:30,2026-03-05 18:30:00+05:30,73564.05,6142598.4,72828.41,75035.33,72792.0,6078131.83,STOP_LOSS,0.01,25.56,0.000395,2428.61,-25.49,2.85,-28.34,-28.34,2556.44,2528.1
604,BTC/INR,1h,SHORT,2026-03-06 05:30:00+05:30,2026-03-06 18:30:00+05:30,70755.39,5908074.72,71462.94,69340.28,69374.95,5792808.18,TARGET_HIT,0.01,25.28,0.000407,2401.69,46.86,2.81,44.05,44.05,2528.1,2572.15
605,BTC/INR,1h,SHORT,2026-03-07 01:30:00+05:30,2026-03-08 00:30:00+05:30,67987.99,5676997.08,68667.87,66628.23,67604.85,5645004.81,INTRADAY_SQUAREOFF,0.01,25.72,0.00043,2443.54,13.77,2.88,10.9,10.9,2572.15,2583.04
606,BTC/INR,1h,SHORT,2026-03-08 04:30:00+05:30,2026-03-08 14:30:00+05:30,67137.98,5606021.06,67809.36,65795.22,67843.26,5664912.31,STOP_LOSS,0.01,25.83,0.000438,2453.89,-25.78,2.91,-28.69,-28.69,2583.04,2554.35
607,BTC/INR,1h,LONG,2026-03-10 06:30:00+05:30,2026-03-10 13:30:00+05:30,69318.82,5788121.62,68625.63,70705.2,70669.85,5900932.11,TARGET_HIT,0.01,25.54,0.000419,2426.64,47.3,2.89,44.4,44.4,2554.35,2598.76
608,BTC/INR,1h,LONG,2026-03-10 20:30:00+05:30,2026-03-10 22:30:00+05:30,71604.2,5978950.56,70888.16,73036.28,70852.71,5916201.47,STOP_LOSS,0.01,25.99,0.000413,2468.82,-25.91,2.9,-28.81,-28.81,2598.76,2569.95
609,BTC/INR,1h,LONG,2026-03-11 02:30:00+05:30,2026-03-11 08:30:00+05:30,70355.79,5874708.73,69652.24,71762.91,69617.41,5813053.66,STOP_LOSS,0.01,25.7,0.000416,2441.45,-25.62,2.87,-28.49,-28.49,2569.95,2541.46
610,BTC/INR,1h,LONG,2026-03-11 10:30:00+05:30,2026-03-11 12:30:00+05:30,70291.59,5869347.7,69588.67,71697.42,69553.88,5807748.89,STOP_LOSS,0.01,25.41,0.000411,2414.39,-25.34,2.83,-28.17,-28.17,2541.46,2513.29
611,BTC/INR,1h,LONG,2026-03-12 03:30:00+05:30,2026-03-12 06:30:00+05:30,70806.44,5912337.76,70098.38,72222.57,70063.33,5850287.77,STOP_LOSS,0.01,25.13,0.000404,2387.62,-25.06,2.8,-27.86,-27.86,2513.29,2485.43
612,BTC/INR,1h,LONG,2026-03-12 13:30:00+05:30,2026-03-13 00:30:00+05:30,69882.84,5835216.97,69184.01,71280.49,69865.27,5833749.93,INTRADAY_SQUAREOFF,0.01,24.85,0.000405,2361.16,-0.59,2.79,-3.38,-3.38,2485.43,2482.05
613,BTC/INR,1h,LONG,2026-03-13 07:30:00+05:30,2026-03-13 18:30:00+05:30,71720.28,5988643.36,71003.08,73154.69,73118.11,6105362.02,TARGET_HIT,0.01,24.82,0.000394,2357.95,45.96,2.81,43.15,43.15,2482.05,2525.19
614,BTC/INR,1h,SHORT,2026-03-14 03:30:00+05:30,2026-03-15 00:30:00+05:30,71061.09,5933601.21,71771.7,69639.87,70713.68,5904592.52,INTRADAY_SQUAREOFF,0.01,25.25,0.000404,2398.94,11.73,2.82,8.9,8.9,2525.19,2534.1
615,BTC/INR,1h,LONG,2026-03-15 14:30:00+05:30,2026-03-16 00:30:00+05:30,71854.12,5999819.02,71135.58,73291.2,71382.06,5960401.74,INTRADAY_SQUAREOFF,0.01,25.34,0.000401,2407.39,-15.82,2.83,-18.65,-18.65,2534.1,2515.45
616,BTC/INR,1h,LONG,2026-03-16 09:30:00+05:30,2026-03-16 13:30:00+05:30,74021.29,6180777.63,73281.08,75501.71,73244.44,6115910.37,STOP_LOSS,0.01,25.15,0.000387,2389.68,-25.08,2.81,-27.88,-27.88,2515.45,2487.57
617,BTC/INR,1h,LONG,2026-03-16 18:30:00+05:30,2026-03-16 21:30:00+05:30,73943.38,6174272.47,73203.95,75422.25,73167.35,6109473.48,STOP_LOSS,0.01,24.88,0.000383,2363.19,-24.8,2.77,-27.58,-27.58,2487.57,2459.99
618,BTC/INR,1h,SHORT,2026-03-19 00:30:00+05:30,2026-03-19 17:30:00+05:30,70957.38,5924941.11,71666.95,69538.23,69573.0,5809345.51,TARGET_HIT,0.01,24.6,0.000394,2336.99,45.59,2.73,42.86,42.86,2459.99,2502.86
619,BTC/INR,1h,SHORT,2026-03-21 05:30:00+05:30,2026-03-22 00:30:00+05:30,70422.13,5880247.91,71126.35,69013.69,70424.84,5880473.76,INTRADAY_SQUAREOFF,0.01,25.03,0.000404,2377.71,-0.09,2.81,-2.9,-2.9,2502.86,2499.96
620,BTC/INR,1h,SHORT,2026-03-22 04:30:00+05:30,2026-03-22 06:30:00+05:30,70230.36,5864235.01,70932.66,68825.75,68860.17,5749823.79,TARGET_HIT,0.01,25.0,0.000405,2374.96,46.34,2.78,43.56,43.56,2499.96,2543.52
621,BTC/INR,1h,SHORT,2026-03-22 13:30:00+05:30,2026-03-23 00:30:00+05:30,68872.57,5750859.59,69561.3,67495.12,68644.76,5731837.32,INTRADAY_SQUAREOFF,0.01,25.44,0.00042,2416.34,7.99,2.85,5.15,5.15,2543.52,2548.66
622,BTC/INR,1h,SHORT,2026-03-23 12:30:00+05:30,2026-03-23 14:30:00+05:30,67707.39,5653567.48,68384.47,66353.25,68418.66,5712958.21,STOP_LOSS,0.01,25.49,0.000428,2421.23,-25.44,2.87,-28.31,-28.31,2548.66,2520.36
623,BTC/INR,1h,LONG,2026-03-24 05:30:00+05:30,2026-03-24 10:30:00+05:30,70955.38,5924774.38,70245.83,72374.49,70210.71,5862593.88,STOP_LOSS,0.01,25.2,0.000404,2394.34,-25.13,2.81,-27.94,-27.94,2520.36,2492.42
624,BTC/INR,1h,LONG,2026-03-24 12:30:00+05:30,2026-03-24 19:30:00+05:30,70558.25,5891613.53,69852.66,71969.41,69817.74,5829781.05,STOP_LOSS,0.01,24.92,0.000402,2367.8,-24.85,2.78,-27.63,-27.63,2492.42,2464.79
625,BTC/INR,1h,SHORT,2026-03-26 16:30:00+05:30,2026-03-27 00:30:00+05:30,69416.32,5796262.83,70110.48,68027.99,68469.73,5717222.08,INTRADAY_SQUAREOFF,0.01,24.65,0.000404,2341.55,31.93,2.74,29.19,29.19,2464.79,2493.98
626,BTC/INR,1h,SHORT,2026-03-27 13:30:00+05:30,2026-03-27 15:30:00+05:30,68384.52,5710107.19,69068.36,67016.83,67050.34,5598702.99,TARGET_HIT,0.01,24.94,0.000415,2369.28,46.22,2.77,43.46,43.46,2493.98,2537.43
627,BTC/INR,1h,SHORT,2026-03-27 19:30:00+05:30,2026-03-28 00:30:00+05:30,66031.23,5513607.34,66691.54,64710.6,65849.98,5498473.23,INTRADAY_SQUAREOFF,0.01,25.37,0.000437,2410.56,6.62,2.84,3.78,3.78,2537.43,2541.21
628,BTC/INR,1h,SHORT,2026-03-28 07:30:00+05:30,2026-03-28 18:30:00+05:30,65994.35,5510527.87,66654.29,64674.46,66687.62,5568415.96,STOP_LOSS,0.01,25.41,0.000438,2414.15,-25.36,2.86,-28.22,-28.22,2541.21,2512.98
629,BTC/INR,1h,LONG,2026-03-30 18:30:00+05:30,2026-03-30 21:30:00+05:30,67953.47,5674114.54,67273.93,69312.54,67240.3,5614564.71,STOP_LOSS,0.01,25.13,0.000421,2387.33,-25.06,2.8,-27.86,-27.86,2512.98,2485.13
630,BTC/INR,1h,SHORT,2026-03-31 20:30:00+05:30,2026-03-31 22:30:00+05:30,66445.16,5548170.8,67109.61,65116.26,67143.17,5606454.33,STOP_LOSS,0.01,24.85,0.000426,2360.87,-24.8,2.8,-27.6,-27.6,2485.13,2457.52
631,BTC/INR,1h,LONG,2026-04-01 09:30:00+05:30,2026-04-02 00:30:00+05:30,68158.83,5691262.14,67477.24,69522.0,68020.71,5679729.04,INTRADAY_SQUAREOFF,0.01,24.58,0.00041,2334.65,-4.73,2.75,-7.48,-7.48,2457.52,2450.04
632,BTC/INR,1h,LONG,2026-04-02 06:30:00+05:30,2026-04-02 08:30:00+05:30,68667.47,5733733.33,67980.79,70040.81,67946.8,5673557.8,STOP_LOSS,0.01,24.5,0.000406,2327.54,-24.43,2.73,-27.16,-27.16,2450.04,2422.88
633,BTC/INR,1h,SHORT,2026-04-02 14:30:00+05:30,2026-04-02 21:30:00+05:30,66400.46,5544438.0,67064.46,65072.45,67097.99,5602682.32,STOP_LOSS,0.01,24.23,0.000415,2301.74,-24.18,2.73,-26.91,-26.91,2422.88,2395.97
634,BTC/INR,1h,LONG,2026-04-05 03:30:00+05:30,2026-04-05 11:30:00+05:30,67436.29,5630929.98,66761.92,68785.01,66728.54,5571833.37,STOP_LOSS,0.01,23.96,0.000404,2276.17,-23.89,2.67,-26.56,-26.56,2395.97,2369.41
635,BTC/INR,1h,LONG,2026-04-06 04:30:00+05:30,2026-04-06 14:30:00+05:30,68359.65,5708030.53,67676.05,69726.84,69691.98,5819280.05,TARGET_HIT,0.01,23.69,0.000394,2250.94,43.87,2.68,41.19,41.19,2369.41,2410.6
636,BTC/INR,1h,LONG,2026-04-06 20:30:00+05:30,2026-04-07 00:30:00+05:30,69797.45,5828087.21,69099.48,71193.4,69852.57,5832689.75,INTRADAY_SQUAREOFF,0.01,24.11,0.000393,2290.07,1.81,2.7,-0.89,-0.89,2410.6,2409.71
637,BTC/INR,1h,SHORT,2026-04-07 11:30:00+05:30,2026-04-08 00:30:00+05:30,68589.42,5727216.78,69275.32,67217.63,68462.46,5716615.75,INTRADAY_SQUAREOFF,0.01,24.1,0.0004,2289.22,4.24,2.7,1.54,1.54,2409.71,2411.24
638,BTC/INR,1h,LONG,2026-04-08 10:30:00+05:30,2026-04-08 19:30:00+05:30,71667.79,5984260.68,70951.11,73101.15,70915.64,5921455.86,STOP_LOSS,0.01,24.11,0.000383,2290.68,-24.04,2.69,-26.73,-26.73,2411.24,2384.51
639,BTC/INR,1h,LONG,2026-04-10 02:30:00+05:30,2026-04-10 04:30:00+05:30,72472.35,6051441.3,71747.63,73921.8,71711.75,5987931.42,STOP_LOSS,0.01,23.85,0.000374,2265.29,-23.77,2.66,-26.43,-26.43,2384.51,2358.08
640,BTC/INR,1h,LONG,2026-04-10 10:30:00+05:30,2026-04-11 00:30:00+05:30,72151.04,6024612.0,71429.53,73594.06,73081.89,6102338.14,INTRADAY_SQUAREOFF,0.01,23.58,0.000372,2240.18,28.9,2.66,26.24,26.24,2358.08,2384.32
641,BTC/INR,1h,LONG,2026-04-11 15:30:00+05:30,2026-04-12 00:30:00+05:30,72974.08,6093335.53,72244.34,74433.56,73519.0,6138836.78,INTRADAY_SQUAREOFF,0.01,23.84,0.000372,2265.11,16.91,2.68,14.23,14.23,2384.32,2398.55
642,BTC/INR,1h,SHORT,2026-04-12 15:30:00+05:30,2026-04-13 00:30:00+05:30,71508.03,5970920.74,72223.11,70077.87,71194.22,5944717.37,INTRADAY_SQUAREOFF,0.01,23.99,0.000382,2278.63,10.0,2.68,7.32,7.32,2398.55,2405.87
643,BTC/INR,1h,SHORT,2026-04-13 09:30:00+05:30,2026-04-13 19:30:00+05:30,70915.53,5921446.95,71624.69,69497.22,71660.5,5983651.75,STOP_LOSS,0.01,24.06,0.000386,2285.58,-24.01,2.71,-26.72,-26.72,2405.87,2379.15
644,BTC/INR,1h,LONG,2026-04-14 00:30:00+05:30,2026-04-14 03:30:00+05:30,72517.79,6055235.27,71792.61,73968.14,73931.16,6173251.8,TARGET_HIT,0.01,23.79,0.000373,2260.19,44.05,2.69,41.36,41.36,2379.15,2420.51
645,BTC/INR,1h,LONG,2026-04-14 12:30:00+05:30,2026-04-15 00:30:00+05:30,74603.06,6229355.2,73857.03,76095.12,74095.73,6186993.49,INTRADAY_SQUAREOFF,0.01,24.21,0.000369,2299.48,-15.64,2.7,-18.34,-18.34,2420.51,2402.17
646,BTC/INR,1h,LONG,2026-04-17 05:30:00+05:30,2026-04-17 18:30:00+05:30,75236.06,6282211.02,74483.7,76740.78,76702.41,6404651.32,TARGET_HIT,0.01,24.02,0.000363,2282.06,44.48,2.72,41.76,41.76,2402.17,2443.92
647,BTC/INR,1h,SHORT,2026-04-18 23:30:00+05:30,2026-04-19 01:30:00+05:30,75784.09,6327971.43,76541.93,74268.41,75716.74,6322347.61,INTRADAY_SQUAREOFF,0.01,24.44,0.000367,2321.73,2.06,2.74,-0.68,-0.68,2443.92,2443.25
648,BTC/INR,1h,SHORT,2026-04-20 03:30:00+05:30,2026-04-20 12:30:00+05:30,74371.45,6210016.24,75115.17,72884.02,75152.72,6275252.46,STOP_LOSS,0.01,24.43,0.000374,2321.09,-24.38,2.75,-27.14,-27.14,2443.25,2416.11
649,BTC/INR,1h,SHORT,2026-04-20 20:30:00+05:30,2026-04-20 22:30:00+05:30,74921.38,6255935.23,75670.59,73422.95,75708.43,6321653.82,STOP_LOSS,0.01,24.16,0.000367,2295.31,-24.11,2.72,-26.83,-26.83,2416.11,2389.28
650,BTC/INR,1h,LONG,2026-04-21 06:30:00+05:30,2026-04-21 22:30:00+05:30,76166.74,6359923.13,75405.08,77690.08,75367.37,6293175.73,STOP_LOSS,0.01,23.89,0.000357,2269.81,-23.82,2.66,-26.49,-26.49,2389.28,2362.79
651,BTC/INR,1h,LONG,2026-04-22 12:30:00+05:30,2026-04-23 00:30:00+05:30,78089.77,6520495.59,77308.87,79651.56,78974.43,6594364.95,INTRADAY_SQUAREOFF,0.01,23.63,0.000344,2244.65,25.43,2.66,22.77,22.77,2362.79,2385.56
652,BTC/INR,1h,SHORT,2026-04-24 00:30:00+05:30,2026-04-24 05:30:00+05:30,77658.94,6484521.5,78435.53,76105.76,78474.75,6552641.4,STOP_LOSS,0.01,23.86,0.000349,2266.28,-23.81,2.69,-26.5,-26.5,2385.56,2359.06
653,BTC/INR,1h,SHORT,2026-04-24 08:30:00+05:30,2026-04-25 00:30:00+05:30,78061.31,6518119.32,78841.92,76500.08,77693.83,6487434.6,INTRADAY_SQUAREOFF,0.01,23.59,0.000344,2241.11,10.55,2.64,7.91,7.91,2359.06,2366.97
654,BTC/INR,1h,SHORT,2026-04-25 04:30:00+05:30,2026-04-26 00:30:00+05:30,77270.95,6452124.05,78043.66,75725.53,77348.26,6458579.41,INTRADAY_SQUAREOFF,0.01,23.67,0.000349,2248.63,-2.25,2.65,-4.9,-4.9,2366.97,2362.07
655,BTC/INR,1h,SHORT,2026-04-26 07:30:00+05:30,2026-04-26 10:30:00+05:30,77431.59,6465537.36,78205.9,75882.95,78245.0,6533457.83,STOP_LOSS,0.01,23.62,0.000347,2243.97,-23.57,2.66,-26.23,-26.23,2362.07,2335.84
656,BTC/INR,1h,LONG,2026-04-27 00:30:00+05:30,2026-04-27 11:30:00+05:30,78369.23,6543830.5,77585.54,79936.61,77546.74,6475153.0,STOP_LOSS,0.01,23.36,0.000339,2219.04,-23.29,2.6,-25.89,-25.89,2335.84,2309.94
657,BTC/INR,1h,LONG,2026-04-27 14:30:00+05:30,2026-04-27 20:30:00+05:30,77860.73,6501371.06,77082.12,79417.95,77043.58,6433139.17,STOP_LOSS,0.01,23.1,0.000338,2194.44,-23.03,2.58,-25.61,-25.61,2309.94,2284.34
658,BTC/INR,1h,SHORT,2026-04-28 03:30:00+05:30,2026-04-29 00:30:00+05:30,76738.61,6407674.06,77506.0,75203.84,76260.64,6367763.65,INTRADAY_SQUAREOFF,0.01,22.84,0.000339,2170.12,13.52,2.55,10.96,10.96,2284.34,2295.3
659,BTC/INR,1h,SHORT,2026-04-29 04:30:00+05:30,2026-04-29 08:30:00+05:30,76167.9,6360020.05,76929.58,74644.55,76968.05,6426832.06,STOP_LOSS,0.01,22.95,0.000343,2180.53,-22.91,2.59,-25.49,-25.49,2295.3,2269.81
660,BTC/INR,1h,SHORT,2026-04-30 05:30:00+05:30,2026-04-30 18:30:00+05:30,75647.33,6316552.0,76403.8,74134.38,76442.0,6382907.37,STOP_LOSS,0.01,22.7,0.000341,2156.32,-22.65,2.56,-25.21,-25.21,2269.81,2244.6
661,BTC/INR,1h,SHORT,2026-05-01 03:30:00+05:30,2026-05-01 08:30:00+05:30,76167.51,6359986.8,76929.18,74644.16,76967.65,6426798.46,STOP_LOSS,0.01,22.45,0.000335,2132.37,-22.4,2.53,-24.93,-24.93,2244.6,2219.67
662,BTC/INR,1h,LONG,2026-05-02 19:30:00+05:30,2026-05-03 00:30:00+05:30,78449.74,6550553.0,77665.24,80018.73,78422.6,6548286.87,INTRADAY_SQUAREOFF,0.01,22.2,0.000322,2108.68,-0.73,2.49,-3.22,-3.22,2219.67,2216.45
663,BTC/INR,1h,LONG,2026-05-03 04:30:00+05:30,2026-05-03 07:30:00+05:30,78913.59,6589284.39,78124.45,80491.86,78085.39,6520129.85,STOP_LOSS,0.01,22.16,0.00032,2105.63,-22.1,2.47,-24.57,-24.57,2216.45,2191.88
664,BTC/INR,1h,LONG,2026-05-04 07:30:00+05:30,2026-05-04 15:30:00+05:30,79841.34,6666751.74,79042.92,81438.16,79003.4,6596784.18,STOP_LOSS,0.01,21.92,0.000312,2082.28,-21.85,2.44,-24.3,-24.3,2191.88,2167.58
665,BTC/INR,1h,LONG,2026-05-04 20:30:00+05:30,2026-05-05 00:30:00+05:30,80592.27,6729454.39,79786.35,82204.11,80061.54,6685138.84,INTRADAY_SQUAREOFF,0.01,21.68,0.000306,2059.2,-13.56,2.42,-15.98,-15.98,2167.58,2151.6
666,BTC/INR,1h,LONG,2026-05-05 06:30:00+05:30,2026-05-06 05:30:00+05:30,80216.11,6698045.31,79413.95,81820.43,80844.38,6750505.55,INTRADAY_SQUAREOFF,0.01,21.52,0.000305,2044.02,16.01,2.42,13.59,13.59,2151.6,2165.19
667,BTC/INR,1h,LONG,2026-05-06 14:30:00+05:30,2026-05-06 19:30:00+05:30,82029.72,6849481.7,81209.42,83670.32,81168.82,6777596.39,STOP_LOSS,0.01,21.65,0.0003,2056.93,-21.59,2.41,-24.0,-24.0,2165.19,2141.18
668,BTC/INR,1h,SHORT,2026-05-07 14:30:00+05:30,2026-05-07 22:30:00+05:30,81153.56,6776322.19,81965.09,79530.49,79570.25,6644116.14,TARGET_HIT,0.01,21.41,0.0003,2034.13,39.69,2.38,37.31,37.31,2141.18,2178.49
669,BTC/INR,1h,SHORT,2026-05-08 02:30:00+05:30,2026-05-09 00:30:00+05:30,79808.96,6664048.02,80607.05,78212.78,80106.53,6688895.53,INTRADAY_SQUAREOFF,0.01,21.78,0.000311,2069.57,-7.72,2.45,-10.16,-10.16,2178.49,2168.33
670,BTC/INR,1h,LONG,2026-05-10 08:30:00+05:30,2026-05-11 00:30:00+05:30,80812.36,6747832.27,80004.24,82428.61,81224.91,6782279.68,INTRADAY_SQUAREOFF,0.01,21.68,0.000305,2059.91,10.52,2.44,8.08,8.08,2168.33,2176.41
671,BTC/INR,1h,LONG,2026-05-11 04:30:00+05:30,2026-05-11 06:30:00+05:30,82192.8,6863099.0,81370.87,83836.66,81330.19,6791070.78,STOP_LOSS,0.01,21.76,0.000301,2067.59,-21.7,2.43,-24.13,-24.13,2176.41,2152.28
672,BTC/INR,1h,LONG,2026-05-11 15:30:00+05:30,2026-05-12 00:30:00+05:30,81028.13,6765848.57,80217.85,82648.69,81823.07,6832226.18,INTRADAY_SQUAREOFF,0.01,21.52,0.000302,2044.67,20.06,2.42,17.64,17.64,2152.28,2169.92
673,BTC/INR,1h,SHORT,2026-05-13 05:30:00+05:30,2026-05-13 07:30:00+05:30,80379.89,6711720.94,81183.69,78772.29,81224.28,6782227.57,STOP_LOSS,0.01,21.7,0.000307,2061.42,-21.66,2.45,-24.1,-24.1,2169.92,2145.82
674,BTC/INR,1h,SHORT,2026-05-13 21:30:00+05:30,2026-05-13 23:30:00+05:30,78726.26,6573642.53,79513.52,77151.73,79553.28,6642698.64,STOP_LOSS,0.01,21.46,0.00031,2038.53,-21.41,2.42,-23.83,-23.83,2145.82,2121.98
675,BTC/INR,1h,SHORT,2026-05-14 03:30:00+05:30,2026-05-14 19:30:00+05:30,79284.6,6620263.74,80077.44,77698.9,80117.48,6689809.61,STOP_LOSS,0.01,21.22,0.000305,2015.89,-21.18,2.39,-23.57,-23.57,2121.98,2098.42
676,BTC/INR,1h,LONG,2026-05-15 06:30:00+05:30,2026-05-15 09:30:00+05:30,81689.53,6821075.54,80872.63,83323.32,80832.2,6749488.36,STOP_LOSS,0.01,20.98,0.000292,1993.5,-20.92,2.34,-23.26,-23.26,2098.42,2075.15
677,BTC/INR,1h,LONG,2026-05-15 16:30:00+05:30,2026-05-15 18:30:00+05:30,80808.75,6747530.74,80000.66,82424.93,79960.66,6676715.4,STOP_LOSS,0.01,20.75,0.000292,1971.4,-20.69,2.31,-23.0,-23.0,2075.15,2052.15
678,BTC/INR,1h,SHORT,2026-05-17 04:30:00+05:30,2026-05-18 00:30:00+05:30,78086.05,6520184.91,78866.91,76524.33,78271.12,6535638.19,INTRADAY_SQUAREOFF,0.01,20.52,0.000299,1949.54,-4.62,2.3,-6.92,-6.92,2052.15,2045.23
679,BTC/INR,1h,SHORT,2026-05-18 20:30:00+05:30,2026-05-19 00:30:00+05:30,76149.91,6358517.8,76911.41,74626.92,76949.87,6425314.03,STOP_LOSS,0.01,20.45,0.000306,1942.97,-20.41,2.3,-22.72,-22.72,2045.23,2022.51
680,BTC/INR,1h,SHORT,2026-05-19 07:30:00+05:30,2026-05-20 00:30:00+05:30,76550.78,6391989.78,77316.28,75019.76,76788.88,6411871.08,INTRADAY_SQUAREOFF,0.01,20.23,0.000301,1921.39,-5.98,2.27,-8.25,-8.25,2022.51,2014.26
681,BTC/INR,1h,SHORT,2026-05-20 04:30:00+05:30,2026-05-20 11:30:00+05:30,76533.71,6390565.12,77299.05,75003.04,77337.7,6457698.01,STOP_LOSS,0.01,20.14,0.000299,1913.55,-20.1,2.27,-22.37,-22.37,2014.26,1991.89
682,BTC/INR,1h,SHORT,2026-05-20 17:30:00+05:30,2026-05-21 00:30:00+05:30,77207.35,6446813.37,77979.42,75663.2,77357.84,6459379.58,INTRADAY_SQUAREOFF,0.01,19.92,0.000294,1892.3,-3.69,2.24,-5.92,-5.92,1991.89,1985.97
683,BTC/INR,1h,LONG,2026-05-21 13:30:00+05:30,2026-05-21 16:30:00+05:30,77863.9,6501636.04,77085.27,79421.18,77046.72,6433401.37,STOP_LOSS,0.01,19.86,0.00029,1886.67,-19.8,2.21,-22.02,-22.02,1985.97,1963.95
684,BTC/INR,1h,SHORT,2026-05-22 23:30:00+05:30,2026-05-23 01:30:00+05:30,76613.64,6397239.17,77379.78,75081.37,75835.6,6332272.77,INTRADAY_SQUAREOFF,0.01,19.64,0.000292,1865.76,18.95,2.19,16.76,16.76,1963.95,1980.71
685,BTC/INR,1h,SHORT,2026-05-23 11:30:00+05:30,2026-05-24 00:30:00+05:30,75338.89,6290797.3,76092.28,73832.11,75798.04,6329136.03,INTRADAY_SQUAREOFF,0.01,19.81,0.000299,1881.68,-11.47,2.23,-13.69,-13.69,1980.71,1967.02
686,BTC/INR,1h,LONG,2026-05-24 07:30:00+05:30,2026-05-25 00:30:00+05:30,76857.93,6417637.42,76089.35,78395.09,76533.78,6390570.99,INTRADAY_SQUAREOFF,0.01,19.67,0.000291,1868.67,-7.88,2.2,-10.08,-10.08,1967.02,1956.93
687,BTC/INR,1h,SHORT,2026-05-25 07:30:00+05:30,2026-05-25 14:30:00+05:30,76791.74,6412110.39,77559.66,75255.91,77598.44,6479469.61,STOP_LOSS,0.01,19.57,0.00029,1859.09,-19.53,2.21,-21.73,-21.73,1956.93,1935.2
688,BTC/INR,1h,SHORT,2026-05-26 15:30:00+05:30,2026-05-26 18:30:00+05:30,76519.07,6389342.59,77284.26,74988.69,77322.91,6456462.63,STOP_LOSS,0.01,19.35,0.000288,1838.44,-19.31,2.18,-21.49,-21.49,1935.2,1913.71
689,BTC/INR,1h,SHORT,2026-05-26 23:30:00+05:30,2026-05-27 01:30:00+05:30,75698.62,6320835.1,76455.61,74184.65,75970.49,6343535.89,INTRADAY_SQUAREOFF,0.01,19.14,0.000288,1818.02,-6.53,2.15,-8.68,-8.68,1913.71,1905.03
690,BTC/INR,1h,SHORT,2026-05-27 03:30:00+05:30,2026-05-28 00:30:00+05:30,75705.81,6321434.96,76462.87,74191.69,74921.65,6255957.38,INTRADAY_SQUAREOFF,0.01,19.05,0.000286,1809.78,18.75,2.12,16.62,16.62,1905.03,1921.65
691,BTC/INR,1h,SHORT,2026-05-28 03:30:00+05:30,2026-05-28 09:30:00+05:30,74182.89,6194271.32,74924.72,72699.23,72735.58,6073421.08,TARGET_HIT,0.01,19.22,0.000295,1825.57,35.62,2.13,33.48,33.48,1921.65,1955.13
692,BTC/INR,1h,SHORT,2026-05-29 01:30:00+05:30,2026-05-29 20:30:00+05:30,73248.22,6116226.77,73980.71,71783.26,74017.7,6180477.73,STOP_LOSS,0.01,19.55,0.000304,1857.38,-19.51,2.2,-21.71,-21.71,1955.13,1933.42
693,BTC/INR,1h,SHORT,2026-06-01 07:30:00+05:30,2026-06-01 18:30:00+05:30,73130.66,6106409.99,73861.97,71668.05,71703.88,5987273.93,TARGET_HIT,0.01,19.33,0.000301,1836.75,35.83,2.15,33.69,33.69,1933.42,1967.11
694,BTC/INR,1h,SHORT,2026-06-02 02:30:00+05:30,2026-06-02 11:30:00+05:30,71279.76,5951860.31,71992.56,69854.17,69889.1,5835739.51,TARGET_HIT,0.01,19.67,0.000314,1868.75,36.46,2.18,34.28,34.28,1967.11,2001.38
695,BTC/INR,1h,SHORT,2026-06-02 18:30:00+05:30,2026-06-02 20:30:00+05:30,68849.71,5748951.13,69538.21,67472.72,67506.46,5636789.1,TARGET_HIT,0.01,20.01,0.000331,1901.31,37.09,2.22,34.87,34.87,2001.38,2036.26
696,BTC/INR,1h,SHORT,2026-06-03 04:30:00+05:30,2026-06-03 06:30:00+05:30,66159.15,5524288.7,66820.74,64835.96,66854.15,5582321.35,STOP_LOSS,0.01,20.36,0.00035,1934.44,-20.32,2.29,-22.62,-22.62,2036.26,2013.64
697,BTC/INR,1h,SHORT,2026-06-03 17:30:00+05:30,2026-06-03 21:30:00+05:30,66919.67,5587792.6,67588.87,65581.28,65614.07,5478774.77,TARGET_HIT,0.01,20.14,0.000342,1912.96,37.32,2.24,35.09,35.09,2013.64,2048.73
698,BTC/INR,1h,SHORT,2026-06-04 01:30:00+05:30,2026-06-04 05:30:00+05:30,65144.1,5439532.61,65795.54,63841.22,63873.14,5333407.32,TARGET_HIT,0.01,20.49,0.000358,1946.29,37.97,2.27,35.7,35.7,2048.73,2084.42
699,BTC/INR,1h,SHORT,2026-06-04 13:30:00+05:30,2026-06-04 16:30:00+05:30,63408.55,5294613.87,64042.63,62140.38,62171.45,5191315.96,TARGET_HIT,0.01,20.84,0.000374,1980.2,38.63,2.31,36.32,36.32,2084.42,2120.74
700,BTC/INR,1h,SHORT,2026-06-05 08:30:00+05:30,2026-06-05 10:30:00+05:30,62485.98,5217579.3,63110.84,61236.26,63142.39,5272389.97,STOP_LOSS,0.01,21.21,0.000386,2014.71,-21.16,2.39,-23.55,-23.55,2120.74,2097.19
701,BTC/INR,1h,SHORT,2026-06-05 17:30:00+05:30,2026-06-05 19:30:00+05:30,61864.47,5165683.59,62483.12,60627.18,60657.5,5064901.11,TARGET_HIT,0.01,20.97,0.000386,1992.33,38.87,2.33,36.54,36.54,2097.19,2133.73
702,BTC/INR,1h,SHORT,2026-06-06 00:30:00+05:30,2026-06-06 02:30:00+05:30,59064.44,4931880.85,59655.09,57883.15,59684.91,4983690.26,STOP_LOSS,0.01,21.34,0.000411,2027.04,-21.29,2.4,-23.7,-23.7,2133.73,2110.03
703,BTC/INR,1h,SHORT,2026-06-06 07:30:00+05:30,2026-06-06 09:30:00+05:30,60899.0,5085066.18,61507.99,59681.02,59710.86,4985856.54,TARGET_HIT,0.01,21.1,0.000394,2004.53,39.11,2.34,36.77,36.77,2110.03,2146.8
704,BTC/INR,1h,LONG,2026-06-07 21:30:00+05:30,2026-06-08 00:30:00+05:30,62215.1,5194961.16,61592.95,63459.41,61562.16,5140440.04,STOP_LOSS,0.01,21.47,0.000393,2039.46,-21.4,2.39,-23.8,-23.8,2146.8,2123.0
705,BTC/INR,1h,LONG,2026-06-08 05:30:00+05:30,2026-06-08 09:30:00+05:30,63444.99,5297656.49,62810.54,64713.89,62779.13,5242057.58,STOP_LOSS,0.01,21.23,0.000381,2016.85,-21.17,2.37,-23.53,-23.53,2123.0,2099.47
706,BTC/INR,1h,LONG,2026-06-08 13:30:00+05:30,2026-06-09 00:30:00+05:30,63327.8,5287871.01,62694.52,64594.35,63410.34,5294763.19,INTRADAY_SQUAREOFF,0.01,20.99,0.000377,1994.49,2.6,2.36,0.24,0.24,2099.47,2099.71
707,BTC/INR,1h,SHORT,2026-06-10 03:30:00+05:30,2026-06-10 18:30:00+05:30,61611.5,5144560.18,62227.61,60379.27,62258.73,5198603.78,STOP_LOSS,0.01,21.0,0.000388,1994.73,-20.95,2.37,-23.32,-23.32,2099.71,2076.39
708,BTC/INR,1h,LONG,2026-06-11 16:30:00+05:30,2026-06-11 20:30:00+05:30,63151.04,5273111.86,62519.53,64414.06,62488.27,5217770.55,STOP_LOSS,0.01,20.76,0.000374,1972.57,-20.7,2.32,-23.02,-23.02,2076.39,2053.37
709,BTC/INR,1h,LONG,2026-06-11 23:30:00+05:30,2026-06-12 01:30:00+05:30,63603.15,5310862.61,62967.11,64875.21,63552.33,5306619.47,INTRADAY_SQUAREOFF,0.01,20.53,0.000367,1950.7,-1.56,2.3,-3.86,-3.86,2053.37,2049.51
710,BTC/INR,1h,LONG,2026-06-12 14:30:00+05:30,2026-06-13 00:30:00+05:30,63546.94,5306169.26,62911.47,64817.88,63620.16,5312283.55,INTRADAY_SQUAREOFF,0.01,20.5,0.000367,1947.04,2.24,2.3,-0.06,-0.06,2049.51,2049.46
711,BTC/INR,1h,LONG,2026-06-13 12:30:00+05:30,2026-06-14 00:30:00+05:30,63737.84,5322109.75,63100.46,65012.6,64091.94,5351676.82,INTRADAY_SQUAREOFF,0.01,20.49,0.000366,1946.99,10.82,2.3,8.51,8.51,2049.46,2057.97
712,BTC/INR,1h,LONG,2026-06-14 15:30:00+05:30,2026-06-14 19:30:00+05:30,64612.92,5395178.75,63966.79,65905.18,63934.81,5338556.35,STOP_LOSS,0.01,20.58,0.000362,1955.07,-20.52,2.29,-22.81,-22.81,2057.97,2035.16
713,BTC/INR,1h,LONG,2026-06-15 05:30:00+05:30,2026-06-15 20:30:00+05:30,65794.89,5493873.22,65136.94,67110.79,67077.23,5600948.81,TARGET_HIT,0.01,20.35,0.000352,1933.4,37.68,2.3,35.38,35.38,2035.16,2070.54
714,BTC/INR,1h,SHORT,2026-06-17 16:30:00+05:30,2026-06-17 19:30:00+05:30,64671.25,5400049.36,65317.96,63377.82,65350.62,5456776.87,STOP_LOSS,0.01,20.71,0.000364,1967.01,-20.66,2.33,-23.0,-23.0,2070.54,2047.54
715,BTC/INR,1h,SHORT,2026-06-18 21:30:00+05:30,2026-06-18 23:30:00+05:30,62207.34,5194313.03,62829.42,60963.19,62860.83,5248879.29,STOP_LOSS,0.01,20.48,0.000374,1945.16,-20.43,2.31,-22.74,-22.74,2047.54,2024.8
716,BTC/INR,1h,SHORT,2026-06-19 14:30:00+05:30,2026-06-19 18:30:00+05:30,62466.75,5215973.71,63091.42,61217.42,63122.96,5270767.51,STOP_LOSS,0.01,20.25,0.000369,1923.56,-20.21,2.28,-22.49,-22.49,2024.8,2002.31
717,BTC/INR,1h,SHORT,2026-06-19 22:30:00+05:30,2026-06-20 00:30:00+05:30,62841.84,5247294.02,63470.26,61585.01,63073.82,5266664.13,INTRADAY_SQUAREOFF,0.01,20.02,0.000363,1902.19,-7.02,2.25,-9.27,-9.27,2002.31,1993.04
718,BTC/INR,1h,LONG,2026-06-21 01:30:00+05:30,2026-06-22 00:30:00+05:30,63931.95,5338317.83,63292.63,65210.59,64098.45,5352220.93,INTRADAY_SQUAREOFF,0.01,19.93,0.000355,1893.39,4.93,2.24,2.69,2.69,1993.04,1995.73
719,BTC/INR,1h,SHORT,2026-06-23 18:30:00+05:30,2026-06-23 21:30:00+05:30,62101.39,5185466.46,62722.41,60859.37,62753.77,5239939.78,STOP_LOSS,0.01,19.96,0.000366,1895.95,-19.92,2.25,-22.17,-22.17,1995.73,1973.57
720,BTC/INR,1h,SHORT,2026-06-23 23:30:00+05:30,2026-06-24 01:30:00+05:30,62218.88,5195276.06,62841.06,60974.5,62355.75,5206705.3,INTRADAY_SQUAREOFF,0.01,19.74,0.000361,1874.89,-4.12,2.21,-6.34,-6.34,1973.57,1967.23
721,BTC/INR,1h,SHORT,2026-06-24 08:30:00+05:30,2026-06-24 18:30:00+05:30,62490.33,5217942.48,63115.23,61240.52,61271.14,5116140.42,TARGET_HIT,0.01,19.67,0.000358,1868.87,36.46,2.18,34.28,34.28,1967.23,2001.51
722,BTC/INR,1h,SHORT,2026-06-25 06:30:00+05:30,2026-06-25 09:30:00+05:30,60614.16,5061282.21,61220.3,59401.88,61250.91,5114450.98,STOP_LOSS,0.01,20.02,0.000376,1901.43,-19.97,2.26,-22.23,-22.23,2001.51,1979.28
723,BTC/INR,1h,SHORT,2026-06-26 14:30:00+05:30,2026-06-26 18:30:00+05:30,60020.78,5011734.74,60620.98,58820.36,58849.77,4913955.8,TARGET_HIT,0.01,19.79,0.000375,1880.31,36.68,2.2,34.49,34.49,1979.28,2013.76
724,BTC/INR,1h,SHORT,2026-06-28 20:30:00+05:30,2026-06-29 00:30:00+05:30,59894.2,5001165.54,60493.14,58696.31,59545.76,4972070.79,INTRADAY_SQUAREOFF,0.01,20.14,0.000383,1913.07,11.13,2.25,8.88,8.88,2013.76,2022.64
725,BTC/INR,1h,SHORT,2026-06-29 04:30:00+05:30,2026-06-29 06:30:00+05:30,58827.55,4912100.59,59415.83,57651.0,59445.54,4963702.21,STOP_LOSS,0.01,20.23,0.000391,1921.51,-20.19,2.28,-22.46,-22.46,2022.64,2000.18
726,BTC/INR,1h,SHORT,2026-06-29 19:30:00+05:30,2026-06-29 21:30:00+05:30,59201.67,4943339.08,59793.68,58017.63,59823.58,4995268.86,STOP_LOSS,0.01,20.0,0.000384,1900.17,-19.96,2.25,-22.22,-22.22,2000.18,1977.96
727,BTC/INR,1h,LONG,2026-07-02 03:30:00+05:30,2026-07-02 05:30:00+05:30,60815.69,5078110.4,60207.54,62032.01,60177.43,5024815.63,STOP_LOSS,0.01,19.78,0.00037,1879.06,-19.72,2.21,-21.93,-21.93,1977.96,1956.04
728,BTC/INR,1h,LONG,2026-07-02 07:30:00+05:30,2026-07-02 17:30:00+05:30,60280.88,5033453.09,59678.07,61486.49,61455.75,5131555.09,TARGET_HIT,0.01,19.56,0.000369,1858.23,36.22,2.21,34.0,34.0,1956.04,1990.04
729,BTC/INR,1h,LONG,2026-07-03 20:30:00+05:30,2026-07-04 00:30:00+05:30,62228.62,5196089.63,61606.33,63473.19,62118.91,5186929.26,INTRADAY_SQUAREOFF,0.01,19.9,0.000364,1890.54,-3.33,2.23,-5.56,-5.56,1990.04,1984.48
730,BTC/INR,1h,LONG,2026-07-04 18:30:00+05:30,2026-07-05 00:30:00+05:30,62660.53,5232154.54,62033.93,63913.74,63081.79,5267329.87,INTRADAY_SQUAREOFF,0.01,19.84,0.00036,1885.25,12.67,2.23,10.44,10.44,1984.48,1994.92
731,BTC/INR,1h,LONG,2026-07-05 13:30:00+05:30,2026-07-06 00:30:00+05:30,63032.88,5263245.45,62402.55,64293.54,62714.39,5236651.47,INTRADAY_SQUAREOFF,0.01,19.95,0.00036,1895.17,-9.58,2.23,-11.81,-11.81,1994.92,1983.11
732,BTC/INR,1h,LONG,2026-07-06 03:30:00+05:30,2026-07-06 16:30:00+05:30,63194.93,5276776.93,62562.98,64458.83,62531.7,5221397.15,STOP_LOSS,0.01,19.83,0.000357,1883.96,-19.77,2.21,-21.98,-21.98,1983.11,1961.13
733,BTC/INR,1h,LONG,2026-07-07 12:30:00+05:30,2026-07-07 19:30:00+05:30,63379.67,5292202.78,62745.88,64647.27,62714.5,5236661.11,STOP_LOSS,0.01,19.61,0.000352,1863.07,-19.55,2.19,-21.74,-21.74,1961.13,1939.39
734,BTC/INR,1h,SHORT,2026-07-08 18:30:00+05:30,2026-07-09 00:30:00+05:30,61860.54,5165355.3,62479.15,60623.33,62165.16,5190790.6,INTRADAY_SQUAREOFF,0.01,19.39,0.000357,1842.42,-9.07,2.18,-11.25,-11.25,1939.39,1928.14
735,BTC/INR,1h,SHORT,2026-07-09 07:30:00+05:30,2026-07-09 09:30:00+05:30,61771.89,5157952.62,62389.61,60536.45,62420.8,5212136.91,STOP_LOSS,0.01,19.28,0.000355,1831.73,-19.24,2.17,-21.42,-21.42,1928.14,1906.72
736,BTC/INR,1h,LONG,2026-07-10 07:30:00+05:30,2026-07-11 00:30:00+05:30,63922.93,5337564.97,63283.7,65201.39,63706.62,5319502.69,INTRADAY_SQUAREOFF,0.01,19.07,0.000339,1811.39,-6.13,2.13,-8.26,-8.26,1906.72,1898.46
737,BTC/INR,1h,LONG,2026-07-11 05:30:00+05:30,2026-07-12 00:30:00+05:30,64207.45,5361321.83,63565.37,65491.6,64249.85,5364862.25,INTRADAY_SQUAREOFF,0.01,18.98,0.000336,1803.54,1.19,2.13,-0.94,-0.94,1898.46,1897.52
738,BTC/INR,1h,SHORT,2026-07-12 10:30:00+05:30,2026-07-13 00:30:00+05:30,63875.52,5333605.5,64514.27,62598.0,64141.25,5355794.69,INTRADAY_SQUAREOFF,0.01,18.98,0.000338,1802.64,-7.5,2.13,-9.63,-9.63,1897.52,1887.89
739,BTC/INR,1h,SHORT,2026-07-13 03:30:00+05:30,2026-07-14 05:30:00+05:30,63815.86,5328624.09,64454.02,62539.54,62570.81,5224662.63,TARGET_HIT,0.01,18.88,0.000337,1793.49,34.99,2.1,32.9,32.9,1887.89,1920.78
740,BTC/INR,1h,LONG,2026-07-14 20:30:00+05:30,2026-07-15 00:30:00+05:30,64308.47,5369756.94,63665.38,65594.64,64501.13,5385844.5,INTRADAY_SQUAREOFF,0.01,19.21,0.00034,1824.75,5.47,2.16,3.31,3.31,1920.78,1924.1
741,BTC/INR,1h,LONG,2026-07-15 05:30:00+05:30,2026-07-16 00:30:00+05:30,65033.99,5430338.08,64383.65,66334.67,64785.63,5409600.11,INTRADAY_SQUAREOFF,0.01,19.24,0.000337,1827.89,-6.98,2.15,-9.13,-9.13,1924.1,1914.96
742,BTC/INR,1h,LONG,2026-07-16 11:30:00+05:30,2026-07-16 13:30:00+05:30,64978.54,5425708.37,64328.76,66278.11,64296.59,5368765.56,STOP_LOSS,0.01,19.15,0.000335,1819.21,-19.09,2.14,-21.23,-21.23,1914.96,1893.73
743,BTC/INR,1h,SHORT,2026-07-17 07:30:00+05:30,2026-07-17 22:30:00+05:30,63387.17,5292828.65,64021.04,62119.43,64053.05,5348429.82,STOP_LOSS,0.01,18.94,0.00034,1799.05,-18.9,2.13,-21.03,-21.03,1893.73,1872.7
744,BTC/INR,1h,LONG,2026-07-18 09:30:00+05:30,2026-07-19 00:30:00+05:30,64009.55,5344797.21,63369.45,65289.74,64439.8,5380722.9,INTRADAY_SQUAREOFF,0.01,18.73,0.000333,1779.07,11.96,2.11,9.85,9.85,1872.7,1882.55
745,BTC/INR,1h,LONG,2026-07-19 19:30:00+05:30,2026-07-20 00:30:00+05:30,64502.5,5385959.14,63857.48,65792.55,64355.79,5373708.82,INTRADAY_SQUAREOFF,0.01,18.83,0.000332,1788.43,-4.07,2.11,-6.18,-6.18,1882.55,1876.38
746,BTC/INR,1h,LONG,2026-07-20 05:30:00+05:30,2026-07-20 10:30:00+05:30,64758.74,5407354.96,64111.15,66053.92,64079.1,5350604.77,STOP_LOSS,0.01,18.76,0.00033,1782.56,-18.71,2.09,-20.8,-20.8,1876.38,1855.58
747,BTC/INR,1h,LONG,2026-07-20 21:30:00+05:30,2026-07-21 00:30:00+05:30,65619.93,5479264.51,64963.73,66932.33,65159.72,5440836.97,INTRADAY_SQUAREOFF,0.01,18.56,0.000322,1762.8,-12.36,2.07,-14.44,-14.44,1855.58,1841.14
748,BTC/INR,1h,LONG,2026-07-21 02:30:00+05:30,2026-07-21 18:30:00+05:30,65423.25,5462841.7,64769.02,66731.72,66698.35,5569312.48,TARGET_HIT,0.01,18.41,0.00032,1749.08,34.09,2.08,32.01,32.01,1841.14,1873.15
749,BTC/INR,1h,LONG,2026-07-22 05:30:00+05:30,2026-07-22 11:30:00+05:30,66566.16,5558274.12,65900.5,67897.48,65867.55,5499940.03,STOP_LOSS,0.01,18.73,0.00032,1779.49,-18.68,2.09,-20.76,-20.76,1873.15,1852.38
750,BTC/INR,1h,SHORT,2026-07-23 07:30:00+05:30,2026-07-24 00:30:00+05:30,65693.18,5485380.2,66350.11,64379.31,64855.46,5415431.1,INTRADAY_SQUAREOFF,0.01,18.52,0.000321,1759.76,22.44,2.06,20.38,20.38,1852.38,1872.76
751,BTC/INR,1h,SHORT,2026-07-24 14:30:00+05:30,2026-07-24 18:30:00+05:30,65224.39,5446236.65,65876.63,63919.9,63951.86,5339980.57,TARGET_HIT,0.01,18.73,0.000327,1779.12,34.71,2.08,32.63,32.63,1872.76,1905.39
752,BTC/INR,1h,SHORT,2026-07-25 06:30:00+05:30,2026-07-26 00:30:00+05:30,63952.23,5340010.92,64591.75,62673.18,64394.09,5376906.61,INTRADAY_SQUAREOFF,0.01,19.05,0.000339,1810.12,-12.51,2.14,-14.65,-14.65,1905.39,1890.74
753,BTC/INR,1h,LONG,2026-07-26 04:30:00+05:30,2026-07-27 00:30:00+05:30,64401.88,5377557.32,63757.87,65689.92,64653.85,5398596.33,INTRADAY_SQUAREOFF,0.01,18.91,0.000334,1796.2,7.03,2.12,4.9,4.9,1890.74,1895.64
754,BTC/INR,1h,LONG,2026-07-27 04:30:00+05:30,2026-07-27 17:30:00+05:30,65480.72,5467640.45,64825.92,66790.34,64793.5,5410257.57,STOP_LOSS,0.01,18.96,0.000329,1800.86,-18.9,2.11,-21.01,-21.01,1895.64,1874.63
755,BTC/INR,1h,SHORT,2026-07-28 04:30:00+05:30,2026-07-29 00:30:00+05:30,63688.15,5317960.67,64325.03,62414.39,63688.41,5317981.94,INTRADAY_SQUAREOFF,0.01,18.75,0.000335,1780.9,-0.01,2.1,-2.11,-2.11,1874.63,1872.52
756,BTC/INR,1h,LONG,2026-07-29 15:30:00+05:30,2026-07-29 19:30:00+05:30,64674.1,5400287.53,64027.36,65967.58,63995.35,5343611.51,STOP_LOSS,0.01,18.73,0.000329,1778.9,-18.67,2.09,-20.76,-20.76,1872.52,1851.76
757,BTC/INR,1h,LONG,2026-07-29 23:30:00+05:30,2026-07-30 01:30:00+05:30,64437.1,5380497.92,63792.73,65725.84,63760.83,5324029.6,STOP_LOSS,0.01,18.52,0.000327,1759.18,-18.46,2.06,-20.53,-20.53,1851.76,1831.24
758,BTC/INR,1h,SHORT,2026-07-31 19:30:00+05:30,2026-08-01 00:30:00+05:30,63128.55,5271233.83,63759.83,61865.98,63076.52,5266889.63,INTRADAY_SQUAREOFF,0.01,18.31,0.00033,1739.68,1.43,2.05,-0.62,-0.62,1831.24,1830.62
759,BTC/INR,1h,SHORT,2026-08-01 05:30:00+05:30,2026-08-02 00:30:00+05:30,62772.69,5241519.43,63400.41,61517.23,62538.88,5221996.71,INTRADAY_SQUAREOFF,0.01,18.31,0.000332,1739.09,6.48,2.05,4.43,4.43,1830.62,1835.05
760,BTC/INR,1h,LONG,2026-08-02 23:30:00+05:30,2026-08-03 01:30:00+05:30,63300.11,5285559.58,62667.11,64566.12,63356.06,5290230.69,INTRADAY_SQUAREOFF,0.01,18.35,0.00033,1743.3,1.54,2.06,-0.52,-0.52,1835.05,1834.53
761,BTC/INR,1h,SHORT,2026-08-03 12:30:00+05:30,2026-08-03 18:30:00+05:30,62497.61,5218550.81,63122.59,61247.66,63154.15,5273371.68,STOP_LOSS,0.01,18.35,0.000334,1742.8,-18.31,2.07,-20.38,-20.38,1834.53,1814.16
762,BTC/INR,1h,LONG,2026-08-04 07:30:00+05:30,2026-08-05 00:30:00+05:30,63888.85,5334719.0,63249.96,65166.63,64219.09,5362293.63,INTRADAY_SQUAREOFF,0.01,18.14,0.000323,1723.45,8.91,2.04,6.87,6.87,1814.16,1821.02
763,BTC/INR,1h,LONG,2026-08-05 07:30:00+05:30,2026-08-06 00:30:00+05:30,64329.54,5371516.53,63686.24,65616.13,64700.63,5402502.9,INTRADAY_SQUAREOFF,0.01,18.21,0.000322,1729.97,9.98,2.05,7.93,7.93,1821.02,1828.96
764,BTC/INR,1h,LONG,2026-08-06 10:30:00+05:30,2026-08-07 00:30:00+05:30,64708.38,5403149.49,64061.29,66002.54,64325.81,5371205.08,INTRADAY_SQUAREOFF,0.01,18.29,0.000322,1737.51,-10.27,2.04,-12.32,-12.32,1828.96,1816.64
765,BTC/INR,1h,SHORT,2026-08-10 21:30:00+05:30,2026-08-11 00:30:00+05:30,64113.43,5353471.18,64754.56,62831.16,63847.25,5331245.17,INTRADAY_SQUAREOFF,0.01,18.17,0.000322,1725.81,7.17,2.03,5.13,5.13,1816.64,1821.77
766,BTC/INR,1h,SHORT,2026-08-11 03:30:00+05:30,2026-08-12 00:30:00+05:30,63871.35,5333257.65,64510.06,62593.92,63322.93,5287464.4,INTRADAY_SQUAREOFF,0.01,18.22,0.000325,1730.68,14.86,2.03,12.83,12.83,1821.77,1834.6
767,BTC/INR,1h,SHORT,2026-08-13 21:30:00+05:30,2026-08-14 00:30:00+05:30,63322.82,5287455.7,63956.05,62056.37,63271.61,5283179.29,INTRADAY_SQUAREOFF,0.01,18.35,0.00033,1742.87,1.41,2.06,-0.65,-0.65,1834.6,1833.95
768,BTC/INR,1h,SHORT,2026-08-14 09:30:00+05:30,2026-08-15 00:30:00+05:30,63206.88,5277774.54,63838.95,61942.74,62887.34,5251092.73,INTRADAY_SQUAREOFF,0.01,18.34,0.00033,1742.26,8.81,2.05,6.76,6.76,1833.95,1840.71
769,BTC/INR,1h,SHORT,2026-08-15 14:30:00+05:30,2026-08-16 00:30:00+05:30,62831.7,5246446.73,63460.01,61575.06,63020.62,5262221.41,INTRADAY_SQUAREOFF,0.01,18.41,0.000333,1748.68,-5.26,2.07,-7.32,-7.32,1840.71,1833.39
770,BTC/INR,1h,SHORT,2026-08-16 05:30:00+05:30,2026-08-17 00:30:00+05:30,62982.61,5259048.27,63612.44,61722.96,63105.84,5269337.47,INTRADAY_SQUAREOFF,0.01,18.33,0.000331,1741.72,-3.41,2.06,-5.46,-5.46,1833.39,1827.92
771,BTC/INR,1h,LONG,2026-08-17 12:30:00+05:30,2026-08-18 00:30:00+05:30,63685.18,5317712.38,63048.33,64958.88,64327.72,5371364.49,INTRADAY_SQUAREOFF,0.01,18.28,0.000327,1736.53,17.52,2.06,15.46,15.46,1827.92,1843.38
772,BTC/INR,1h,LONG,2026-08-18 05:30:00+05:30,2026-08-19 00:30:00+05:30,64557.03,5390512.16,63911.46,65848.17,64696.69,5402173.3,INTRADAY_SQUAREOFF,0.01,18.43,0.000325,1751.21,3.79,2.07,1.72,1.72,1843.38,1845.1
773,BTC/INR,1h,LONG,2026-08-19 16:30:00+05:30,2026-08-19 19:30:00+05:30,64436.98,5380488.13,63792.61,65725.72,65692.86,5485353.85,TARGET_HIT,0.01,18.45,0.000326,1752.85,34.16,2.09,32.07,32.07,1845.1,1877.18
774,BTC/INR,1h,LONG,2026-08-20 10:30:00+05:30,2026-08-20 13:30:00+05:30,69568.19,5808943.75,68872.51,70959.55,70924.07,5922160.06,TARGET_HIT,0.01,18.77,0.000307,1783.32,34.76,2.12,32.63,32.63,1877.18,1909.81
775,BTC/INR,1h,LONG,2026-08-20 22:30:00+05:30,2026-08-21 00:30:00+05:30,72893.76,6086628.69,72164.82,74351.63,72382.58,6043945.4,INTRADAY_SQUAREOFF,0.01,19.1,0.000298,1814.32,-12.72,2.13,-14.86,-14.86,1909.81,1894.95
776,BTC/INR,1h,LONG,2026-08-21 11:30:00+05:30,2026-08-21 13:30:00+05:30,75498.05,6304087.21,74743.07,77008.01,76969.51,6426953.87,TARGET_HIT,0.01,18.95,0.000286,1800.2,35.09,2.14,32.94,32.94,1894.95,1927.89
777,BTC/INR,1h,LONG,2026-08-22 03:30:00+05:30,2026-08-22 05:30:00+05:30,78703.5,6571742.58,77916.47,80277.57,77877.51,6502772.14,STOP_LOSS,0.01,19.28,0.000279,1831.5,-19.22,2.15,-21.37,-21.37,1927.89,1906.52
778,BTC/INR,1h,LONG,2026-08-22 08:30:00+05:30,2026-08-22 10:30:00+05:30,78587.99,6562097.42,77802.11,80159.75,77763.21,6493228.21,STOP_LOSS,0.01,19.07,0.000276,1811.2,-19.01,2.13,-21.13,-21.13,1906.52,1885.39
779,BTC/INR,1h,LONG,2026-08-22 18:30:00+05:30,2026-08-23 00:30:00+05:30,77411.73,6463879.74,76637.62,78959.97,77223.28,6448143.49,INTRADAY_SQUAREOFF,0.01,18.85,0.000277,1791.12,-4.36,2.11,-6.47,-6.47,1885.39,1878.92
780,BTC/INR,1h,LONG,2026-08-24 12:30:00+05:30,2026-08-24 17:30:00+05:30,77558.02,6476094.46,76782.44,79109.18,79069.62,6602313.54,TARGET_HIT,0.01,18.79,0.000276,1784.97,34.79,2.13,32.66,32.66,1878.92,1911.58
781,BTC/INR,1h,LONG,2026-08-25 06:30:00+05:30,2026-08-25 14:30:00+05:30,79919.97,6673317.6,79120.77,81518.37,79081.21,6603281.13,STOP_LOSS,0.01,19.12,0.000272,1816.0,-19.06,2.13,-21.19,-21.19,1911.58,1890.39
782,BTC/INR,1h,SHORT,2026-08-26 05:30:00+05:30,2026-08-26 07:30:00+05:30,78349.87,6542213.98,79133.37,76782.87,79172.93,6610939.93,STOP_LOSS,0.01,18.9,0.000275,1795.87,-18.87,2.13,-21.0,-21.0,1890.39,1869.39
783,BTC/INR,1h,SHORT,2026-08-26 20:30:00+05:30,2026-08-26 22:30:00+05:30,77715.42,6489237.55,78492.57,76161.11,78531.82,6557406.99,STOP_LOSS,0.01,18.69,0.000274,1775.92,-18.66,2.11,-20.76,-20.76,1869.39,1848.63
784,BTC/INR,1h,LONG,2026-08-28 06:30:00+05:30,2026-08-28 08:30:00+05:30,80761.1,6743552.06,79953.49,82376.32,79913.51,6672778.48,STOP_LOSS,0.01,18.49,0.00026,1756.2,-18.43,2.06,-20.49,-20.49,1848.63,1828.14
785,BTC/INR,1h,SHORT,2026-08-29 09:30:00+05:30,2026-08-29 23:30:00+05:30,77462.28,6468100.44,78236.9,75913.04,78276.02,6536047.84,STOP_LOSS,0.01,18.28,0.000269,1736.73,-18.24,2.06,-20.3,-20.3,1828.14,1807.83
786,BTC/INR,1h,LONG,2026-08-30 22:30:00+05:30,2026-08-31 00:30:00+05:30,79420.03,6631572.83,78625.83,81008.43,78988.53,6595542.49,INTRADAY_SQUAREOFF,0.01,18.08,0.000259,1717.44,-9.33,2.02,-11.35,-11.35,1807.83,1796.48
787,BTC/INR,1h,SHORT,2026-08-31 17:30:00+05:30,2026-08-31 23:30:00+05:30,78228.94,6532116.18,79011.23,76664.36,79050.73,6600736.06,STOP_LOSS,0.01,17.96,0.000261,1706.66,-17.93,2.02,-19.95,-19.95,1796.48,1776.53
788,BTC/INR,1h,SHORT,2026-09-01 04:30:00+05:30,2026-09-01 23:30:00+05:30,78515.76,6556066.09,79300.92,76945.45,76983.92,6428157.24,TARGET_HIT,0.01,17.77,0.000257,1687.7,32.93,1.97,30.95,30.95,1776.53,1807.48
789,BTC/INR,1h,SHORT,2026-09-02 14:30:00+05:30,2026-09-02 19:30:00+05:30,76663.14,6401372.31,77429.77,75129.88,77468.49,6468618.73,STOP_LOSS,0.01,18.07,0.000268,1717.11,-18.04,2.04,-20.08,-20.08,1807.48,1787.41
790,BTC/INR,1h,SHORT,2026-09-03 04:30:00+05:30,2026-09-03 07:30:00+05:30,76951.15,6425420.67,77720.66,75412.12,77759.52,6492919.72,STOP_LOSS,0.01,17.87,0.000264,1698.04,-17.84,2.01,-19.85,-19.85,1787.41,1767.55
791,BTC/INR,1h,SHORT,2026-09-03 15:30:00+05:30,2026-09-03 17:30:00+05:30,77532.21,6473939.91,78307.54,75981.57,78346.69,6541948.65,STOP_LOSS,0.01,17.68,0.000259,1679.18,-17.64,1.99,-19.63,-19.63,1767.55,1747.92
792,BTC/INR,1h,LONG,2026-09-04 01:30:00+05:30,2026-09-04 03:30:00+05:30,81853.22,6834743.76,81034.69,83490.28,80994.17,6763013.12,STOP_LOSS,0.01,17.48,0.000243,1660.53,-17.43,1.95,-19.38,-19.38,1747.92,1728.55
793,BTC/INR,1h,LONG,2026-09-04 14:30:00+05:30,2026-09-04 17:30:00+05:30,81265.25,6785648.62,80452.6,82890.56,80412.37,6714433.24,STOP_LOSS,0.01,17.29,0.000242,1642.12,-17.23,1.93,-19.16,-19.16,1728.55,1709.39
794,BTC/INR,1h,SHORT,2026-09-05 06:30:00+05:30,2026-09-06 00:30:00+05:30,79534.68,6641145.91,80330.03,77943.99,80034.27,6682861.59,INTRADAY_SQUAREOFF,0.01,17.09,0.000245,1623.92,-10.2,1.92,-12.12,-12.12,1709.39,1697.26
795,BTC/INR,1h,SHORT,2026-09-07 19:30:00+05:30,2026-09-08 00:30:00+05:30,79269.92,6619037.95,80062.61,77684.52,79234.62,6616090.85,INTRADAY_SQUAREOFF,0.01,16.97,0.000244,1612.4,0.72,1.9,-1.18,-1.18,1697.26,1696.08
796,BTC/INR,1h,SHORT,2026-09-08 03:30:00+05:30,2026-09-09 00:30:00+05:30,79099.92,6604843.52,79890.92,77517.92,78492.09,6554089.16,INTRADAY_SQUAREOFF,0.01,16.96,0.000244,1611.27,12.38,1.89,10.49,10.49,1696.08,1706.57
797,BTC/INR,1h,LONG,2026-09-09 17:30:00+05:30,2026-09-09 20:30:00+05:30,79386.2,6628748.08,78592.34,80973.93,78553.05,6559179.37,STOP_LOSS,0.01,17.07,0.000245,1621.24,-17.01,1.9,-18.92,-18.92,1706.57,1687.65
798,BTC/INR,1h,SHORT,2026-09-10 15:30:00+05:30,2026-09-11 00:30:00+05:30,77864.36,6501674.13,78643.0,76307.07,77245.67,6450013.11,INTRADAY_SQUAREOFF,0.01,16.88,0.000247,1603.27,12.74,1.88,10.85,10.85,1687.65,1698.5
799,BTC/INR,1h,SHORT,2026-09-11 04:30:00+05:30,2026-09-11 17:30:00+05:30,76747.28,6408397.8,77514.75,75212.33,77553.51,6475718.02,STOP_LOSS,0.01,16.99,0.000252,1613.58,-16.95,1.91,-18.86,-18.86,1698.5,1679.64
800,BTC/INR,1h,LONG,2026-09-12 14:30:00+05:30,2026-09-13 00:30:00+05:30,77395.21,6462499.99,76621.26,78943.11,77087.72,6436824.46,INTRADAY_SQUAREOFF,0.01,16.8,0.000247,1595.66,-6.34,1.88,-8.22,-8.22,1679.64,1671.42
801,BTC/INR,1h,LONG,2026-09-13 03:30:00+05:30,2026-09-13 16:30:00+05:30,77300.57,6454597.47,76527.56,78846.58,76489.3,6386856.47,STOP_LOSS,0.01,16.71,0.000246,1587.85,-16.66,1.86,-18.53,-18.53,1671.42,1652.89
802,BTC/INR,1h,LONG,2026-09-14 13:30:00+05:30,2026-09-15 00:30:00+05:30,77898.08,6504489.51,77119.1,79456.04,79160.4,6609893.4,INTRADAY_SQUAREOFF,0.01,16.53,0.000241,1570.25,25.45,1.87,23.58,23.58,1652.89,1676.47
803,BTC/INR,1h,SHORT,2026-09-16 03:30:00+05:30,2026-09-16 16:30:00+05:30,75309.98,6288383.53,76063.08,73803.78,76101.11,6354443.0,STOP_LOSS,0.01,16.76,0.000253,1592.65,-16.73,1.89,-18.62,-18.62,1676.47,1657.85
804,BTC/INR,1h,SHORT,2026-09-16 19:30:00+05:30,2026-09-16 23:30:00+05:30,75470.24,6301764.89,76224.94,73960.83,76263.05,6367964.93,STOP_LOSS,0.01,16.58,0.00025,1574.96,-16.54,1.87,-18.41,-18.41,1657.85,1639.44
805,BTC/INR,1h,SHORT,2026-09-17 03:30:00+05:30,2026-09-17 06:30:00+05:30,75819.67,6330942.68,76577.87,74303.28,76616.16,6397449.23,STOP_LOSS,0.01,16.39,0.000246,1557.46,-16.36,1.85,-18.21,-18.21,1639.44,1621.23
806,BTC/INR,1h,SHORT,2026-09-17 11:30:00+05:30,2026-09-17 17:30:00+05:30,76196.81,6362433.82,76958.78,74672.88,76997.26,6429271.19,STOP_LOSS,0.01,16.21,0.000242,1540.17,-16.18,1.83,-18.01,-18.01,1621.23,1603.22
807,BTC/INR,1h,LONG,2026-09-18 13:30:00+05:30,2026-09-18 18:30:00+05:30,77812.66,6497357.14,77034.53,79368.91,79329.23,6623990.63,TARGET_HIT,0.01,16.03,0.000234,1523.06,29.68,1.81,27.87,27.87,1603.22,1631.09
808,BTC/INR,1h,LONG,2026-09-19 06:30:00+05:30,2026-09-19 09:30:00+05:30,81716.81,6823354.01,80899.65,83351.15,80859.2,6751742.91,STOP_LOSS,0.01,16.31,0.000227,1549.54,-16.26,1.82,-18.08,-18.08,1631.09,1613.01
809,BTC/INR,1h,LONG,2026-09-19 14:30:00+05:30,2026-09-20 00:30:00+05:30,81421.7,6798711.81,80607.48,83050.13,81386.61,6795781.66,INTRADAY_SQUAREOFF,0.01,16.13,0.000225,1532.36,-0.66,1.81,-2.47,-2.47,1613.01,1610.54
810,BTC/INR,1h,LONG,2026-09-20 04:30:00+05:30,2026-09-20 07:30:00+05:30,81278.16,6786726.18,80465.38,82903.72,80425.14,6715499.49,STOP_LOSS,0.01,16.11,0.000225,1530.01,-16.06,1.8,-17.85,-17.85,1610.54,1592.69
811,BTC/INR,1h,LONG,2026-09-21 13:30:00+05:30,2026-09-21 15:30:00+05:30,81756.24,6826646.08,80938.68,83391.37,83349.67,6959697.41,TARGET_HIT,0.01,15.93,0.000222,1513.05,29.49,1.8,27.69,27.69,1592.69,1620.37
812,BTC/INR,1h,LONG,2026-09-21 17:30:00+05:30,2026-09-22 00:30:00+05:30,84934.97,7092069.97,84085.62,86633.67,86590.35,7230294.41,TARGET_HIT,0.01,16.2,0.000217,1539.36,30.0,1.83,28.17,28.17,1620.37,1648.54
813,BTC/INR,1h,LONG,2026-09-22 14:30:00+05:30,2026-09-22 19:30:00+05:30,86374.71,7212288.51,85510.97,88102.21,85468.21,7136595.54,STOP_LOSS,0.01,16.49,0.000217,1566.12,-16.44,1.84,-18.27,-18.27,1648.54,1630.27
814,BTC/INR,1h,LONG,2026-09-22 23:30:00+05:30,2026-09-23 01:30:00+05:30,86718.33,7240980.53,85851.15,88452.7,86177.36,7195809.44,INTRADAY_SQUAREOFF,0.01,16.3,0.000214,1548.75,-9.66,1.82,-11.48,-11.48,1630.27,1618.78
815,BTC/INR,1h,LONG,2026-09-23 10:30:00+05:30,2026-09-23 12:30:00+05:30,87324.49,7291595.08,86451.25,89070.98,86408.02,7215069.79,STOP_LOSS,0.01,16.19,0.000211,1537.85,-16.14,1.81,-17.94,-17.94,1618.78,1600.84
