trade_no,coin,timeframe,direction,entry_time,exit_time,entry_price_usd,entry_price_inr,stop_price_usd,target_price_usd,exit_price_usd,exit_price_inr,exit_reason,risk_pct,risk_inr,position_size_coin,position_size_inr,gross_pnl_inr,fees_inr,net_pnl_inr,net_pnl,equity_before,equity_after
1,ETH/INR,1h,LONG,2024-09-27 06:30:00+05:30,2024-09-27 20:30:00+05:30,2642.67,220662.56,2616.24,2695.52,2694.17,224963.27,TARGET_HIT,0.01,100.0,0.043052,9500.0,185.16,11.32,173.84,173.84,10000.0,10173.84
2,ETH/INR,1h,LONG,2024-09-28 04:30:00+05:30,2024-09-28 11:30:00+05:30,2709.34,226229.73,2682.24,2763.52,2680.9,223855.45,STOP_LOSS,0.01,101.74,0.042723,9665.14,-101.44,11.35,-112.78,-112.78,10173.84,10061.06
3,ETH/INR,1h,SHORT,2024-09-30 02:30:00+05:30,2024-09-30 15:30:00+05:30,2657.87,221931.99,2684.45,2604.71,2606.01,217602.1,TARGET_HIT,0.01,100.61,0.043067,9558.0,186.48,11.17,175.31,175.31,10061.06,10236.36
4,ETH/INR,1h,SHORT,2024-09-30 19:30:00+05:30,2024-10-01 00:30:00+05:30,2623.21,219038.05,2649.44,2570.75,2589.83,216250.88,INTRADAY_SQUAREOFF,0.01,102.36,0.044397,9724.55,123.74,11.4,112.34,112.34,10236.36,10348.7
5,ETH/INR,1h,SHORT,2024-10-02 15:30:00+05:30,2024-10-02 21:30:00+05:30,2446.89,204315.37,2471.36,2397.95,2472.6,206461.71,STOP_LOSS,0.01,103.49,0.048118,9831.27,-103.28,11.66,-114.94,-114.94,10348.7,10233.76
6,ETH/INR,1h,SHORT,2024-10-03 11:30:00+05:30,2024-10-03 13:30:00+05:30,2381.77,198877.85,2405.59,2334.14,2335.3,194997.74,TARGET_HIT,0.01,102.34,0.048885,9722.07,189.68,11.36,178.32,178.32,10233.76,10412.08
7,ETH/INR,1h,SHORT,2024-10-03 20:30:00+05:30,2024-10-03 22:30:00+05:30,2316.19,193401.72,2339.35,2269.86,2340.52,195433.4,STOP_LOSS,0.01,104.12,0.051145,9891.48,-103.91,11.73,-115.64,-115.64,10412.08,10296.44
8,ETH/INR,1h,SHORT,2024-10-04 06:30:00+05:30,2024-10-04 08:30:00+05:30,2338.94,195301.09,2362.32,2292.16,2363.51,197352.72,STOP_LOSS,0.01,102.96,0.050085,9781.62,-102.76,11.6,-114.36,-114.36,10296.44,10182.08
9,ETH/INR,1h,SHORT,2024-10-04 15:30:00+05:30,2024-10-04 20:30:00+05:30,2374.18,198244.03,2397.92,2326.7,2399.12,200326.58,STOP_LOSS,0.01,101.82,0.048793,9672.97,-101.61,11.47,-113.09,-113.09,10182.08,10068.99
10,ETH/INR,1h,LONG,2024-10-05 06:30:00+05:30,2024-10-05 08:30:00+05:30,2425.44,202524.37,2401.19,2473.95,2399.99,200398.88,STOP_LOSS,0.01,100.69,0.047232,9565.54,-100.39,11.23,-111.62,-111.62,10068.99,9957.37
11,ETH/INR,1h,LONG,2024-10-05 11:30:00+05:30,2024-10-06 00:30:00+05:30,2418.83,201972.7,2394.65,2467.21,2393.45,199853.0,STOP_LOSS,0.01,99.57,0.046836,9459.5,-99.28,11.1,-110.38,-110.38,9957.37,9846.99
12,ETH/INR,1h,LONG,2024-10-06 17:30:00+05:30,2024-10-07 00:30:00+05:30,2430.84,202975.35,2406.53,2479.46,2444.87,204146.48,INTRADAY_SQUAREOFF,0.01,98.47,0.046088,9354.64,53.97,11.07,42.9,42.9,9846.99,9889.89
13,ETH/INR,1h,SHORT,2024-10-08 04:30:00+05:30,2024-10-08 06:30:00+05:30,2413.96,201565.75,2438.1,2365.68,2439.32,203683.2,STOP_LOSS,0.01,98.9,0.046612,9395.4,-98.7,11.14,-109.84,-109.84,9889.89,9780.05
14,ETH/INR,1h,SHORT,2024-10-09 04:30:00+05:30,2024-10-09 06:30:00+05:30,2438.62,203624.56,2463.0,2389.85,2464.24,205763.64,STOP_LOSS,0.01,97.8,0.045628,9291.05,-97.6,11.02,-108.62,-108.62,9780.05,9671.43
15,ETH/INR,1h,SHORT,2024-10-09 14:30:00+05:30,2024-10-09 20:30:00+05:30,2427.63,202707.5,2451.91,2379.08,2453.14,204836.94,STOP_LOSS,0.01,96.71,0.045326,9187.86,-96.52,10.9,-107.42,-107.42,9671.43,9564.01
16,ETH/INR,1h,SHORT,2024-10-09 22:30:00+05:30,2024-10-10 00:30:00+05:30,2428.88,202811.15,2453.16,2380.3,2413.49,201526.5,INTRADAY_SQUAREOFF,0.01,95.64,0.044799,9085.81,57.55,10.69,46.86,46.86,9564.01,9610.87
17,ETH/INR,1h,SHORT,2024-10-10 02:30:00+05:30,2024-10-10 05:30:00+05:30,2354.46,196597.36,2378.0,2307.37,2379.19,198662.61,STOP_LOSS,0.01,96.11,0.046442,9130.33,-95.91,10.83,-106.74,-106.74,9610.87,9504.13
18,ETH/INR,1h,SHORT,2024-10-10 14:30:00+05:30,2024-10-10 16:30:00+05:30,2379.79,198712.46,2403.59,2332.19,2404.79,200799.94,STOP_LOSS,0.01,95.04,0.045437,9028.92,-94.85,10.71,-105.56,-105.56,9504.13,9398.57
19,ETH/INR,1h,SHORT,2024-10-10 23:30:00+05:30,2024-10-11 01:30:00+05:30,2365.05,197482.09,2388.71,2317.75,2366.52,197604.73,INTRADAY_SQUAREOFF,0.01,93.99,0.045212,8928.64,-5.55,10.54,-16.08,-16.08,9398.57,9382.49
20,ETH/INR,1h,SHORT,2024-10-11 14:30:00+05:30,2024-10-11 18:30:00+05:30,2400.07,200406.12,2424.07,2352.07,2425.29,202511.39,STOP_LOSS,0.01,93.82,0.044476,8913.36,-93.63,10.57,-104.21,-104.21,9382.49,9278.28
21,ETH/INR,1h,LONG,2024-10-11 23:30:00+05:30,2024-10-12 01:30:00+05:30,2451.88,204731.79,2427.36,2500.92,2456.71,205135.67,INTRADAY_SQUAREOFF,0.01,92.78,0.043053,8814.37,17.39,10.41,6.98,6.98,9278.28,9285.26
22,ETH/INR,1h,LONG,2024-10-12 06:30:00+05:30,2024-10-13 00:30:00+05:30,2448.93,204485.75,2424.44,2497.91,2468.11,206086.92,INTRADAY_SQUAREOFF,0.01,92.85,0.043137,8820.99,69.07,10.45,58.62,58.62,9285.26,9343.88
23,ETH/INR,1h,LONG,2024-10-13 03:30:00+05:30,2024-10-13 19:30:00+05:30,2480.23,207099.16,2455.43,2529.83,2454.2,204925.66,STOP_LOSS,0.01,93.44,0.042862,8876.68,-93.16,10.42,-103.58,-103.58,9343.88,9240.3
24,ETH/INR,1h,SHORT,2024-10-14 06:30:00+05:30,2024-10-14 08:30:00+05:30,2448.86,204479.46,2473.34,2399.88,2474.58,206627.51,STOP_LOSS,0.01,92.4,0.04293,8778.28,-92.22,10.41,-102.63,-102.63,9240.3,9137.67
25,ETH/INR,1h,LONG,2024-10-14 18:30:00+05:30,2024-10-14 20:30:00+05:30,2560.8,213826.72,2535.19,2612.02,2610.71,217994.2,TARGET_HIT,0.01,91.38,0.040597,8680.79,169.19,10.34,158.85,158.85,9137.67,9296.51
26,ETH/INR,1h,LONG,2024-10-15 04:30:00+05:30,2024-10-15 06:30:00+05:30,2650.52,221318.78,2624.02,2703.53,2622.71,218996.04,STOP_LOSS,0.01,92.97,0.039905,8831.69,-92.69,10.37,-103.06,-103.06,9296.51,9193.46
27,ETH/INR,1h,SHORT,2024-10-16 19:30:00+05:30,2024-10-17 00:30:00+05:30,2602.75,217329.54,2628.78,2550.69,2618.76,218666.53,INTRADAY_SQUAREOFF,0.01,91.93,0.040187,8733.79,-53.73,10.34,-64.07,-64.07,9193.46,9129.39
28,ETH/INR,1h,SHORT,2024-10-17 05:30:00+05:30,2024-10-17 07:30:00+05:30,2608.68,217825.18,2634.77,2556.51,2636.09,220113.43,STOP_LOSS,0.01,91.29,0.039816,8672.92,-91.11,10.29,-101.4,-101.4,9129.39,9027.99
29,ETH/INR,1h,SHORT,2024-10-17 15:30:00+05:30,2024-10-18 00:30:00+05:30,2614.95,218348.24,2641.1,2562.65,2587.79,216080.27,INTRADAY_SQUAREOFF,0.01,90.28,0.039279,8576.59,89.08,10.07,79.02,79.02,9027.99,9107.01
30,ETH/INR,1h,SHORT,2024-10-18 06:30:00+05:30,2024-10-18 08:30:00+05:30,2594.98,216680.91,2620.93,2543.08,2622.24,218957.14,STOP_LOSS,0.01,91.07,0.039928,8651.66,-90.89,10.26,-101.15,-101.15,9107.01,9005.86
31,ETH/INR,1h,LONG,2024-10-19 08:30:00+05:30,2024-10-20 00:30:00+05:30,2648.15,221120.9,2621.67,2701.12,2640.36,220470.31,INTRADAY_SQUAREOFF,0.01,90.06,0.038692,8555.57,-25.17,10.08,-35.25,-35.25,9005.86,8970.61
32,ETH/INR,1h,LONG,2024-10-20 04:30:00+05:30,2024-10-20 19:30:00+05:30,2653.71,221584.8,2627.17,2706.78,2705.43,225903.49,TARGET_HIT,0.01,89.71,0.03846,8522.08,166.1,10.15,155.94,155.94,8970.61,9126.55
33,ETH/INR,1h,LONG,2024-10-21 02:30:00+05:30,2024-10-21 17:30:00+05:30,2718.03,226955.09,2690.84,2772.39,2689.5,224573.2,STOP_LOSS,0.01,91.27,0.038202,8670.22,-90.99,10.18,-101.17,-101.17,9126.55,9025.38
34,ETH/INR,1h,SHORT,2024-10-22 05:30:00+05:30,2024-10-22 18:30:00+05:30,2664.29,222468.5,2690.94,2611.01,2612.31,218128.14,TARGET_HIT,0.01,90.25,0.038541,8574.11,167.28,10.02,157.26,157.26,9025.38,9182.64
35,ETH/INR,1h,SHORT,2024-10-22 22:30:00+05:30,2024-10-23 00:30:00+05:30,2604.85,217505.18,2630.9,2552.76,2622.02,218938.43,INTRADAY_SQUAREOFF,0.01,91.83,0.040107,8723.51,-57.48,10.33,-67.81,-67.81,9182.64,9114.83
36,ETH/INR,1h,SHORT,2024-10-23 05:30:00+05:30,2024-10-23 14:30:00+05:30,2616.6,218486.26,2642.77,2564.27,2565.55,214223.59,TARGET_HIT,0.01,91.15,0.039632,8659.09,168.94,10.12,158.82,158.82,9114.83,9273.65
37,ETH/INR,1h,SHORT,2024-10-23 20:30:00+05:30,2024-10-23 22:30:00+05:30,2559.56,213723.64,2585.16,2508.37,2509.63,209553.89,TARGET_HIT,0.01,92.74,0.041221,8809.97,171.88,10.29,161.59,161.59,9273.65,9435.24
38,ETH/INR,1h,SHORT,2024-10-24 03:30:00+05:30,2024-10-24 05:30:00+05:30,2500.04,208752.94,2525.04,2450.03,2526.3,210945.89,STOP_LOSS,0.01,94.35,0.042938,8963.48,-94.16,10.63,-104.79,-104.79,9435.24,9330.45
39,ETH/INR,1h,LONG,2024-10-25 19:30:00+05:30,2024-10-25 21:30:00+05:30,2551.82,213077.19,2526.3,2602.86,2525.04,210840.95,STOP_LOSS,0.01,93.3,0.0416,8863.92,-93.03,10.4,-103.43,-103.43,9330.45,9227.01
40,ETH/INR,1h,SHORT,2024-10-26 19:30:00+05:30,2024-10-27 00:30:00+05:30,2460.99,205492.43,2485.6,2411.77,2479.04,206999.75,INTRADAY_SQUAREOFF,0.01,92.27,0.042657,8765.66,-64.3,10.38,-74.68,-74.68,9227.01,9152.34
41,ETH/INR,1h,LONG,2024-10-28 03:30:00+05:30,2024-10-28 07:30:00+05:30,2515.08,210009.29,2489.93,2565.38,2488.69,207805.25,STOP_LOSS,0.01,91.52,0.041402,8694.72,-91.25,10.21,-101.46,-101.46,9152.34,9050.88
42,ETH/INR,1h,LONG,2024-10-29 02:30:00+05:30,2024-10-29 04:30:00+05:30,2517.22,210187.62,2492.04,2567.56,2566.28,214284.17,TARGET_HIT,0.01,90.51,0.040908,8598.33,167.58,10.24,157.34,157.34,9050.88,9208.22
43,ETH/INR,1h,LONG,2024-10-29 06:30:00+05:30,2024-10-29 19:30:00+05:30,2585.68,215904.23,2559.82,2637.39,2636.07,220112.2,TARGET_HIT,0.01,92.08,0.040517,8747.8,170.49,10.42,160.07,160.07,9208.22,9368.29
44,ETH/INR,1h,LONG,2024-10-29 21:30:00+05:30,2024-10-30 00:30:00+05:30,2650.36,221305.2,2623.86,2703.37,2663.33,222388.22,INTRADAY_SQUAREOFF,0.01,93.68,0.040215,8899.87,43.55,10.53,33.03,33.03,9368.29,9401.31
45,ETH/INR,1h,LONG,2024-10-30 05:30:00+05:30,2024-10-30 15:30:00+05:30,2639.65,220410.83,2613.25,2692.44,2691.1,224706.64,TARGET_HIT,0.01,94.01,0.040521,8931.25,174.07,10.64,163.43,163.43,9401.31,9564.74
46,ETH/INR,1h,LONG,2024-10-30 19:30:00+05:30,2024-10-30 22:30:00+05:30,2701.59,225583.18,2674.58,2755.63,2673.24,223215.69,STOP_LOSS,0.01,95.65,0.04028,9086.5,-95.36,10.67,-106.03,-106.03,9564.74,9458.71
47,ETH/INR,1h,LONG,2024-10-31 02:30:00+05:30,2024-10-31 06:30:00+05:30,2679.27,223718.87,2652.48,2732.85,2651.15,221370.94,STOP_LOSS,0.01,94.59,0.040165,8985.78,-94.31,10.55,-104.85,-104.85,9458.71,9353.86
48,ETH/INR,1h,SHORT,2024-11-01 07:30:00+05:30,2024-11-01 16:30:00+05:30,2496.39,208448.57,2521.35,2446.46,2522.61,210638.33,STOP_LOSS,0.01,93.54,0.04263,8886.17,-93.35,10.54,-103.89,-103.89,9353.86,9249.97
49,ETH/INR,1h,SHORT,2024-11-02 18:30:00+05:30,2024-11-03 00:30:00+05:30,2485.12,207507.49,2509.97,2435.42,2488.06,207752.77,INTRADAY_SQUAREOFF,0.01,92.5,0.042348,8787.47,-10.39,10.38,-20.76,-20.76,9249.97,9229.21
50,ETH/INR,1h,SHORT,2024-11-03 11:30:00+05:30,2024-11-04 00:30:00+05:30,2440.87,203812.34,2465.28,2392.05,2425.05,202491.78,INTRADAY_SQUAREOFF,0.01,92.29,0.043019,8767.75,56.81,10.31,46.5,46.5,9229.21,9275.7
51,ETH/INR,1h,LONG,2024-11-04 12:30:00+05:30,2024-11-04 14:30:00+05:30,2479.19,207012.15,2454.4,2528.77,2453.17,204839.56,STOP_LOSS,0.01,92.76,0.042567,8811.92,-92.48,10.34,-102.82,-102.82,9275.7,9172.88
52,ETH/INR,1h,LONG,2024-11-04 18:30:00+05:30,2024-11-04 20:30:00+05:30,2476.38,206778.13,2451.62,2525.91,2450.4,204607.99,STOP_LOSS,0.01,91.73,0.042143,8714.24,-91.46,10.23,-101.68,-101.68,9172.88,9071.19
53,ETH/INR,1h,SHORT,2024-11-05 03:30:00+05:30,2024-11-05 05:30:00+05:30,2360.39,197092.38,2383.99,2313.18,2385.18,199162.84,STOP_LOSS,0.01,90.71,0.043724,8617.63,-90.53,10.22,-100.75,-100.75,9071.19,8970.44
54,ETH/INR,1h,LONG,2024-11-06 15:30:00+05:30,2024-11-07 00:30:00+05:30,2630.36,219635.4,2604.06,2682.97,2681.63,223916.1,TARGET_HIT,0.01,89.7,0.0388,8521.92,166.09,10.15,155.94,155.94,8970.44,9126.38
55,ETH/INR,1h,LONG,2024-11-07 04:30:00+05:30,2024-11-07 06:30:00+05:30,2741.11,228882.47,2713.7,2795.93,2794.53,233343.39,TARGET_HIT,0.01,91.26,0.03788,8670.06,168.98,10.33,158.65,158.65,9126.38,9285.03
56,ETH/INR,1h,LONG,2024-11-07 21:30:00+05:30,2024-11-08 00:30:00+05:30,2851.05,238062.8,2822.54,2908.07,2880.69,240537.7,INTRADAY_SQUAREOFF,0.01,92.85,0.037052,8820.78,91.7,10.46,81.24,81.24,9285.03,9366.27
57,ETH/INR,1h,LONG,2024-11-08 07:30:00+05:30,2024-11-08 12:30:00+05:30,2930.75,244717.73,2901.44,2989.37,2899.99,242149.42,STOP_LOSS,0.01,93.66,0.03636,8897.96,-93.38,10.44,-103.83,-103.83,9366.27,9262.44
58,ETH/INR,1h,LONG,2024-11-08 15:30:00+05:30,2024-11-09 00:30:00+05:30,2921.58,243952.27,2892.37,2980.02,2978.53,248706.9,TARGET_HIT,0.01,92.62,0.03607,8799.32,171.5,10.48,161.01,161.01,9262.44,9423.46
59,ETH/INR,1h,LONG,2024-11-09 05:30:00+05:30,2024-11-09 10:30:00+05:30,2964.59,247543.18,2934.94,3023.88,3022.37,252367.8,TARGET_HIT,0.01,94.23,0.036165,8952.28,174.48,10.67,163.81,163.81,9423.46,9587.27
60,ETH/INR,1h,LONG,2024-11-09 15:30:00+05:30,2024-11-09 22:30:00+05:30,3051.04,254761.79,3020.53,3112.06,3019.02,252088.07,STOP_LOSS,0.01,95.87,0.035751,9107.91,-95.59,10.69,-106.28,-106.28,9587.27,9480.99
61,ETH/INR,1h,LONG,2024-11-10 04:30:00+05:30,2024-11-10 06:30:00+05:30,3142.71,262416.53,3111.29,3205.57,3109.73,259662.47,STOP_LOSS,0.01,94.81,0.034323,9006.94,-94.53,10.57,-105.1,-105.1,9480.99,9375.89
62,ETH/INR,1h,LONG,2024-11-10 10:30:00+05:30,2024-11-11 00:30:00+05:30,3184.93,265941.25,3153.08,3248.62,3219.03,268789.19,INTRADAY_SQUAREOFF,0.01,93.76,0.033493,8907.1,95.39,10.57,84.82,84.82,9375.89,9460.71
63,ETH/INR,1h,LONG,2024-11-12 04:30:00+05:30,2024-11-12 06:30:00+05:30,3347.65,279529.02,3314.18,3414.61,3312.52,276595.37,STOP_LOSS,0.01,94.61,0.032153,8987.67,-94.33,10.55,-104.88,-104.88,9460.71,9355.83
64,ETH/INR,1h,LONG,2024-11-12 09:30:00+05:30,2024-11-12 13:30:00+05:30,3341.6,279023.71,3308.19,3408.43,3406.73,284461.89,TARGET_HIT,0.01,93.56,0.031854,8888.04,173.23,10.59,162.64,162.64,9355.83,9518.47
65,ETH/INR,1h,SHORT,2024-11-15 02:30:00+05:30,2024-11-15 09:30:00+05:30,3098.56,258729.95,3129.55,3036.59,3038.11,253682.13,TARGET_HIT,0.01,95.18,0.03495,9042.55,176.42,10.57,165.85,165.85,9518.47,9684.33
66,ETH/INR,1h,SHORT,2024-11-15 13:30:00+05:30,2024-11-15 15:30:00+05:30,3039.92,253833.13,3070.32,2979.12,3071.85,256499.65,STOP_LOSS,0.01,96.84,0.036245,9200.11,-96.65,10.91,-107.56,-107.56,9684.33,9576.77
67,ETH/INR,1h,SHORT,2024-11-15 20:30:00+05:30,2024-11-16 00:30:00+05:30,3043.04,254093.98,3073.47,2982.18,3021.36,252283.52,INTRADAY_SQUAREOFF,0.01,95.77,0.035805,9097.93,64.82,10.7,54.13,54.13,9576.77,9630.89
68,ETH/INR,1h,LONG,2024-11-17 00:30:00+05:30,2024-11-17 02:30:00+05:30,3184.42,265898.83,3152.57,3248.11,3151.0,263108.22,STOP_LOSS,0.01,96.31,0.034409,9149.35,-96.02,10.74,-106.76,-106.76,9630.89,9524.13
69,ETH/INR,1h,LONG,2024-11-17 06:30:00+05:30,2024-11-17 08:30:00+05:30,3155.58,263491.09,3124.03,3218.69,3122.46,260725.75,STOP_LOSS,0.01,95.24,0.034339,9047.92,-94.96,10.62,-105.58,-105.58,9524.13,9418.55
70,ETH/INR,1h,SHORT,2024-11-17 17:30:00+05:30,2024-11-18 00:30:00+05:30,3101.17,258947.6,3132.18,3039.15,3084.09,257521.67,INTRADAY_SQUAREOFF,0.01,94.19,0.034554,8947.62,49.27,10.53,38.74,38.74,9418.55,9457.29
71,ETH/INR,1h,SHORT,2024-11-18 02:30:00+05:30,2024-11-18 05:30:00+05:30,3066.72,256070.98,3097.39,3005.38,3098.93,258761.0,STOP_LOSS,0.01,94.57,0.035086,8984.43,-94.38,10.66,-105.04,-105.04,9457.29,9352.25
72,ETH/INR,1h,SHORT,2024-11-18 17:30:00+05:30,2024-11-18 19:30:00+05:30,3051.01,254759.45,3081.52,2989.99,3083.06,257435.69,STOP_LOSS,0.01,93.52,0.034875,8884.64,-93.33,10.54,-103.87,-103.87,9352.25,9248.38
73,ETH/INR,1h,LONG,2024-11-19 05:30:00+05:30,2024-11-19 07:30:00+05:30,3226.74,269433.06,3194.48,3291.28,3192.88,266605.36,STOP_LOSS,0.01,92.48,0.032609,8785.96,-92.21,10.31,-102.52,-102.52,9248.38,9145.86
74,ETH/INR,1h,LONG,2024-11-19 17:30:00+05:30,2024-11-19 19:30:00+05:30,3131.27,261461.08,3099.96,3193.9,3098.41,258717.05,STOP_LOSS,0.01,91.46,0.033231,8688.57,-91.19,10.2,-101.39,-101.39,9145.86,9044.48
75,ETH/INR,1h,LONG,2024-11-20 05:30:00+05:30,2024-11-20 08:30:00+05:30,3118.19,260369.0,3087.01,3180.56,3085.47,257636.43,STOP_LOSS,0.01,90.44,0.033,8592.25,-90.18,10.09,-100.26,-100.26,9044.48,8944.21
76,ETH/INR,1h,LONG,2024-11-20 14:30:00+05:30,2024-11-20 16:30:00+05:30,3131.65,261492.55,3100.33,3194.28,3098.78,258748.19,STOP_LOSS,0.01,89.44,0.032494,8497.0,-89.18,9.97,-99.15,-99.15,8944.21,8845.06
77,ETH/INR,1h,LONG,2024-11-20 19:30:00+05:30,2024-11-20 21:30:00+05:30,3117.55,260315.48,3086.38,3179.9,3084.83,257583.47,STOP_LOSS,0.01,88.45,0.032279,8402.81,-88.19,9.86,-98.05,-98.05,8845.06,8747.01
78,ETH/INR,1h,LONG,2024-11-22 00:30:00+05:30,2024-11-22 02:30:00+05:30,3384.06,282568.67,3350.22,3451.74,3348.54,279603.11,STOP_LOSS,0.01,87.47,0.029408,8309.66,-87.21,9.75,-96.96,-96.96,8747.01,8650.05
79,ETH/INR,1h,LONG,2024-11-22 04:30:00+05:30,2024-11-22 06:30:00+05:30,3380.58,282278.58,3346.78,3448.19,3345.1,279316.06,STOP_LOSS,0.01,86.5,0.029111,8217.55,-86.24,9.65,-95.89,-95.89,8650.05,8554.16
80,ETH/INR,1h,LONG,2024-11-24 07:30:00+05:30,2024-11-24 10:30:00+05:30,3440.32,287266.57,3405.91,3509.12,3404.21,284251.71,STOP_LOSS,0.01,85.54,0.028289,8126.45,-85.29,9.54,-94.83,-94.83,8554.16,8459.33
81,ETH/INR,1h,LONG,2024-11-24 12:30:00+05:30,2024-11-24 14:30:00+05:30,3433.31,286681.25,3398.98,3501.97,3397.28,283672.53,STOP_LOSS,0.01,84.59,0.028032,8036.37,-84.34,9.43,-93.77,-93.77,8459.33,8365.56
82,ETH/INR,1h,SHORT,2024-11-24 21:30:00+05:30,2024-11-24 23:30:00+05:30,3293.7,275023.89,3326.64,3227.83,3328.3,277913.01,STOP_LOSS,0.01,83.66,0.028897,7947.28,-83.49,9.43,-92.91,-92.91,8365.56,8272.65
83,ETH/INR,1h,LONG,2024-11-25 21:30:00+05:30,2024-11-25 23:30:00+05:30,3532.2,294938.5,3496.88,3602.84,3495.13,291843.12,STOP_LOSS,0.01,82.73,0.026646,7859.01,-82.48,9.22,-91.71,-91.71,8272.65,8180.94
84,ETH/INR,1h,LONG,2024-11-26 02:30:00+05:30,2024-11-26 04:30:00+05:30,3503.11,292509.93,3468.08,3573.18,3466.35,289440.04,STOP_LOSS,0.01,81.81,0.02657,7771.89,-81.57,9.12,-90.69,-90.69,8180.94,8090.25
85,ETH/INR,1h,SHORT,2024-11-26 21:30:00+05:30,2024-11-26 23:30:00+05:30,3297.1,275308.23,3330.08,3231.16,3331.74,278200.34,STOP_LOSS,0.01,80.9,0.027917,7685.74,-80.74,9.12,-89.86,-89.86,8090.25,8000.4
86,ETH/INR,1h,SHORT,2024-11-27 06:30:00+05:30,2024-11-27 08:30:00+05:30,3305.63,276020.46,3338.69,3239.52,3340.36,278920.05,STOP_LOSS,0.01,80.0,0.027536,7600.38,-79.84,9.02,-88.86,-88.86,8000.4,7911.54
87,ETH/INR,1h,LONG,2024-11-28 00:30:00+05:30,2024-11-28 03:30:00+05:30,3597.94,300428.15,3561.96,3669.9,3668.07,306283.49,TARGET_HIT,0.01,79.12,0.025018,7515.96,146.49,8.96,137.53,137.53,7911.54,8049.07
88,ETH/INR,1h,LONG,2024-11-28 14:30:00+05:30,2024-11-28 16:30:00+05:30,3639.47,303895.92,3603.08,3712.26,3601.28,300706.54,STOP_LOSS,0.01,80.49,0.025162,7646.62,-80.25,8.98,-89.23,-89.23,8049.07,7959.84
89,ETH/INR,1h,LONG,2024-11-30 11:30:00+05:30,2024-11-30 15:30:00+05:30,3695.96,308613.01,3659.0,3769.88,3657.18,305374.12,STOP_LOSS,0.01,79.6,0.024503,7561.85,-79.36,8.88,-88.24,-88.24,7959.84,7871.61
90,ETH/INR,1h,LONG,2024-12-01 01:30:00+05:30,2024-12-02 00:30:00+05:30,3698.83,308852.56,3661.84,3772.81,3712.17,309966.22,INTRADAY_SQUAREOFF,0.01,78.72,0.024212,7478.03,26.96,8.84,18.12,18.12,7871.61,7889.73
91,ETH/INR,1h,LONG,2024-12-02 07:30:00+05:30,2024-12-02 09:30:00+05:30,3739.57,312254.28,3702.18,3814.36,3700.33,308977.17,STOP_LOSS,0.01,78.9,0.024004,7495.24,-78.66,8.8,-87.46,-87.46,7889.73,7802.27
92,ETH/INR,1h,SHORT,2024-12-02 16:30:00+05:30,2024-12-02 18:30:00+05:30,3572.41,298295.94,3608.13,3500.96,3609.93,301429.54,STOP_LOSS,0.01,78.02,0.024848,7412.16,-77.86,8.79,-86.66,-86.66,7802.27,7715.61
93,ETH/INR,1h,SHORT,2024-12-02 23:30:00+05:30,2024-12-03 01:30:00+05:30,3558.38,297124.51,3593.96,3487.21,3595.76,300245.81,STOP_LOSS,0.01,77.16,0.024669,7329.83,-77.0,8.69,-85.69,-85.69,7715.61,7629.92
94,ETH/INR,1h,SHORT,2024-12-03 12:30:00+05:30,2024-12-03 18:30:00+05:30,3632.29,303296.59,3668.62,3559.65,3561.43,297379.28,TARGET_HIT,0.01,76.3,0.023899,7248.42,141.42,8.47,132.95,132.95,7629.92,7762.87
95,ETH/INR,1h,LONG,2024-12-04 15:30:00+05:30,2024-12-04 18:30:00+05:30,3734.55,311835.14,3697.21,3809.24,3695.36,308562.43,STOP_LOSS,0.01,77.63,0.023649,7374.72,-77.4,8.66,-86.05,-86.05,7762.87,7676.81
96,ETH/INR,1h,LONG,2024-12-04 20:30:00+05:30,2024-12-05 00:30:00+05:30,3797.66,317104.84,3759.69,3873.62,3827.84,319624.29,INTRADAY_SQUAREOFF,0.01,76.77,0.022999,7292.97,57.94,8.64,49.3,49.3,7676.81,7726.11
97,ETH/INR,1h,LONG,2024-12-05 14:30:00+05:30,2024-12-05 20:30:00+05:30,3925.41,327771.71,3886.16,4003.92,3884.21,324331.75,STOP_LOSS,0.01,77.26,0.022393,7339.81,-77.03,8.62,-85.65,-85.65,7726.11,7640.47
98,ETH/INR,1h,SHORT,2024-12-06 14:30:00+05:30,2024-12-06 19:30:00+05:30,3880.19,323996.15,3919.0,3802.59,3920.95,327399.73,STOP_LOSS,0.01,76.4,0.022403,7258.44,-76.25,8.61,-84.86,-84.86,7640.47,7555.61
99,ETH/INR,1h,LONG,2024-12-07 10:30:00+05:30,2024-12-08 00:30:00+05:30,4007.06,334589.89,3966.99,4087.21,4011.56,334965.21,INTRADAY_SQUAREOFF,0.01,75.56,0.021453,7177.83,8.05,8.47,-0.42,-0.42,7555.61,7555.19
100,ETH/INR,1h,SHORT,2024-12-09 14:30:00+05:30,2024-12-09 19:30:00+05:30,3863.19,322576.22,3901.82,3785.92,3903.77,325964.89,STOP_LOSS,0.01,75.55,0.02225,7177.43,-75.4,8.51,-83.91,-83.91,7555.19,7471.27
101,ETH/INR,1h,SHORT,2024-12-09 21:30:00+05:30,2024-12-09 23:30:00+05:30,3803.87,317623.23,3841.91,3727.79,3843.83,320959.86,STOP_LOSS,0.01,74.71,0.022346,7097.71,-74.56,8.42,-82.98,-82.98,7471.27,7388.29
102,ETH/INR,1h,SHORT,2024-12-10 01:30:00+05:30,2024-12-10 03:30:00+05:30,3785.28,316071.17,3823.14,3709.58,3711.43,309904.62,TARGET_HIT,0.01,73.88,0.022207,7018.88,136.94,8.2,128.74,128.74,7388.29,7517.03
103,ETH/INR,1h,SHORT,2024-12-10 18:30:00+05:30,2024-12-10 20:30:00+05:30,3667.39,306227.15,3704.06,3594.04,3595.84,300252.65,TARGET_HIT,0.01,75.17,0.02332,7141.18,139.32,8.34,130.98,130.98,7517.03,7648.01
104,ETH/INR,1h,SHORT,2024-12-10 23:30:00+05:30,2024-12-11 01:30:00+05:30,3527.4,294538.0,3562.68,3456.85,3564.46,297632.12,STOP_LOSS,0.01,76.48,0.024668,7265.61,-76.33,8.62,-84.94,-84.94,7648.01,7563.06
105,ETH/INR,1h,SHORT,2024-12-11 07:30:00+05:30,2024-12-11 09:30:00+05:30,3567.19,297860.42,3602.86,3495.85,3604.66,300989.44,STOP_LOSS,0.01,75.63,0.024122,7184.91,-75.48,8.52,-84.0,-84.0,7563.06,7479.06
106,ETH/INR,1h,SHORT,2024-12-11 13:30:00+05:30,2024-12-11 15:30:00+05:30,3652.2,304958.42,3688.72,3579.15,3690.56,308162.01,STOP_LOSS,0.01,74.79,0.023299,7105.11,-74.64,8.43,-83.07,-83.07,7479.06,7396.0
107,ETH/INR,1h,LONG,2024-12-12 02:30:00+05:30,2024-12-12 06:30:00+05:30,3841.23,320743.11,3802.82,3918.06,3800.92,317376.91,STOP_LOSS,0.01,73.96,0.021906,7026.2,-73.74,8.25,-81.99,-81.99,7396.0,7314.01
108,ETH/INR,1h,LONG,2024-12-12 08:30:00+05:30,2024-12-12 18:30:00+05:30,3885.56,324444.24,3846.7,3963.27,3961.29,330767.66,TARGET_HIT,0.01,73.14,0.021416,6948.31,135.42,8.28,127.14,127.14,7314.01,7441.15
109,ETH/INR,1h,LONG,2024-12-12 20:30:00+05:30,2024-12-12 22:30:00+05:30,3985.13,332758.44,3945.28,4064.83,3943.31,329266.14,STOP_LOSS,0.01,74.41,0.021244,7069.1,-74.19,8.3,-82.49,-82.49,7441.15,7358.67
110,ETH/INR,1h,LONG,2024-12-13 18:30:00+05:30,2024-12-13 20:30:00+05:30,3932.63,328374.23,3893.3,4011.28,3891.35,324927.94,STOP_LOSS,0.01,73.59,0.021289,6990.73,-73.37,8.21,-81.57,-81.57,7358.67,7277.09
111,ETH/INR,1h,LONG,2024-12-14 05:30:00+05:30,2024-12-14 17:30:00+05:30,3913.81,326802.8,3874.67,3992.08,3872.73,323373.01,STOP_LOSS,0.01,72.77,0.021154,6913.24,-72.55,8.11,-80.67,-80.67,7277.09,7196.42
112,ETH/INR,1h,SHORT,2024-12-15 02:30:00+05:30,2024-12-15 04:30:00+05:30,3825.24,319407.15,3863.49,3748.73,3865.42,322762.52,STOP_LOSS,0.01,71.96,0.021404,6836.6,-71.82,8.11,-79.93,-79.93,7196.42,7116.49
113,ETH/INR,1h,SHORT,2024-12-15 13:30:00+05:30,2024-12-15 15:30:00+05:30,3830.53,319849.42,3868.84,3753.92,3870.77,323209.44,STOP_LOSS,0.01,71.16,0.021137,6760.67,-71.02,8.02,-79.04,-79.04,7116.49,7037.45
114,ETH/INR,1h,SHORT,2024-12-16 02:30:00+05:30,2024-12-16 04:30:00+05:30,3888.28,324671.66,3927.17,3810.52,3929.13,328082.34,STOP_LOSS,0.01,70.37,0.020592,6685.58,-70.23,7.93,-78.16,-78.16,7037.45,6959.29
115,ETH/INR,1h,LONG,2024-12-17 09:30:00+05:30,2024-12-17 11:30:00+05:30,4042.2,337523.7,4001.78,4123.04,3999.78,333981.39,STOP_LOSS,0.01,69.59,0.019588,6611.33,-69.39,7.76,-77.15,-77.15,6959.29,6882.15
116,ETH/INR,1h,LONG,2024-12-17 15:30:00+05:30,2024-12-17 17:30:00+05:30,4031.11,336597.67,3990.8,4111.73,3988.8,333065.07,STOP_LOSS,0.01,68.82,0.019424,6538.04,-68.62,7.67,-76.29,-76.29,6882.15,6805.85
117,ETH/INR,1h,SHORT,2024-12-18 07:30:00+05:30,2024-12-18 16:30:00+05:30,3838.63,320525.69,3877.02,3761.86,3878.96,323892.81,STOP_LOSS,0.01,68.06,0.020172,6465.56,-67.92,7.67,-75.59,-75.59,6805.85,6730.26
118,ETH/INR,1h,SHORT,2024-12-18 18:30:00+05:30,2024-12-18 23:30:00+05:30,3852.9,321717.37,3891.43,3775.84,3893.38,325097.01,STOP_LOSS,0.01,67.3,0.019874,6393.75,-67.17,7.58,-74.75,-74.75,6730.26,6655.51
119,ETH/INR,1h,SHORT,2024-12-19 01:30:00+05:30,2024-12-19 03:30:00+05:30,3768.55,314674.12,3806.24,3693.18,3695.03,308534.82,TARGET_HIT,0.01,66.56,0.020093,6322.74,123.36,7.39,115.97,115.97,6655.51,6771.48
120,ETH/INR,1h,SHORT,2024-12-19 07:30:00+05:30,2024-12-19 09:30:00+05:30,3594.48,300138.85,3630.42,3522.59,3632.24,303291.81,STOP_LOSS,0.01,67.71,0.021433,6432.91,-67.58,7.63,-75.21,-75.21,6771.48,6696.27
121,ETH/INR,1h,SHORT,2024-12-19 14:30:00+05:30,2024-12-19 16:30:00+05:30,3664.33,305971.23,3700.97,3591.04,3702.82,309185.46,STOP_LOSS,0.01,66.96,0.020791,6361.46,-66.83,7.55,-74.37,-74.37,6696.27,6621.9
122,ETH/INR,1h,SHORT,2024-12-20 07:30:00+05:30,2024-12-20 09:30:00+05:30,3371.53,281522.44,3405.24,3304.1,3406.94,284479.84,STOP_LOSS,0.01,66.22,0.022346,6290.81,-66.08,7.46,-73.55,-73.55,6621.9,6548.35
123,ETH/INR,1h,SHORT,2024-12-20 14:30:00+05:30,2024-12-20 16:30:00+05:30,3277.96,273709.3,3310.74,3212.4,3214.0,268369.23,TARGET_HIT,0.01,65.48,0.022728,6220.94,121.37,7.27,114.1,114.1,6548.35,6662.46
124,ETH/INR,1h,LONG,2024-12-21 04:30:00+05:30,2024-12-21 12:30:00+05:30,3478.8,290479.54,3444.01,3548.37,3546.6,296140.99,TARGET_HIT,0.01,66.62,0.021789,6329.33,123.36,7.54,115.82,115.82,6662.46,6778.27
125,ETH/INR,1h,SHORT,2024-12-22 10:30:00+05:30,2024-12-22 12:30:00+05:30,3311.26,276490.34,3344.37,3245.04,3346.05,279394.87,STOP_LOSS,0.01,67.78,0.02329,6439.36,-67.65,7.64,-75.28,-75.28,6778.27,6702.99
126,ETH/INR,1h,SHORT,2024-12-22 20:30:00+05:30,2024-12-22 22:30:00+05:30,3273.2,273311.99,3305.93,3207.73,3307.58,276183.14,STOP_LOSS,0.01,67.03,0.023299,6367.84,-66.89,7.55,-74.45,-74.45,6702.99,6628.54
127,ETH/INR,1h,SHORT,2024-12-23 19:30:00+05:30,2024-12-23 21:30:00+05:30,3304.89,275958.07,3337.94,3238.79,3339.6,278857.01,STOP_LOSS,0.01,66.29,0.022819,6297.11,-66.15,7.47,-73.62,-73.62,6628.54,6554.92
128,ETH/INR,1h,LONG,2024-12-24 09:30:00+05:30,2024-12-24 19:30:00+05:30,3394.31,283424.93,3360.37,3462.2,3460.47,288948.88,TARGET_HIT,0.01,65.55,0.021971,6227.17,121.37,7.42,113.95,113.95,6554.92,6668.87
129,ETH/INR,1h,LONG,2024-12-25 03:30:00+05:30,2024-12-25 21:30:00+05:30,3491.85,291569.15,3456.93,3561.68,3455.2,288509.13,STOP_LOSS,0.01,66.69,0.021729,6335.42,-66.49,7.44,-73.93,-73.93,6668.87,6594.94
130,ETH/INR,1h,LONG,2024-12-26 05:30:00+05:30,2024-12-26 07:30:00+05:30,3498.89,292157.7,3463.91,3568.87,3462.17,289091.5,STOP_LOSS,0.01,65.95,0.021445,6265.19,-65.75,7.35,-73.11,-73.11,6594.94,6521.83
131,ETH/INR,1h,SHORT,2024-12-26 18:30:00+05:30,2024-12-27 00:30:00+05:30,3351.84,279879.03,3385.36,3284.81,3334.97,278469.68,INTRADAY_SQUAREOFF,0.01,65.22,0.022137,6195.74,31.2,7.29,23.91,23.91,6521.83,6545.74
132,ETH/INR,1h,SHORT,2024-12-27 13:30:00+05:30,2024-12-27 15:30:00+05:30,3316.41,276920.5,3349.58,3250.08,3351.25,279829.55,STOP_LOSS,0.01,65.46,0.022456,6218.45,-65.32,7.38,-72.7,-72.7,6545.74,6473.04
133,ETH/INR,1h,LONG,2024-12-29 03:30:00+05:30,2024-12-29 19:30:00+05:30,3399.94,283895.34,3365.94,3467.94,3364.26,280915.86,STOP_LOSS,0.01,64.73,0.021661,6149.39,-64.54,7.22,-71.76,-71.76,6473.04,6401.28
134,ETH/INR,1h,SHORT,2025-01-01 10:30:00+05:30,2025-01-02 00:30:00+05:30,3332.33,278249.81,3365.66,3265.69,3341.94,279051.88,INTRADAY_SQUAREOFF,0.01,64.01,0.021855,6081.22,-17.53,7.19,-24.72,-24.72,6401.28,6376.57
135,ETH/INR,1h,LONG,2025-01-02 13:30:00+05:30,2025-01-03 00:30:00+05:30,3417.96,285400.05,3383.79,3486.32,3460.08,288917.08,INTRADAY_SQUAREOFF,0.01,63.77,0.021225,6057.74,74.65,7.19,67.46,67.46,6376.57,6444.03
136,ETH/INR,1h,LONG,2025-01-03 05:30:00+05:30,2025-01-03 19:30:00+05:30,3453.48,288365.26,3418.94,3522.55,3520.78,293985.49,TARGET_HIT,0.01,64.44,0.021229,6121.82,119.31,7.29,112.02,112.02,6444.03,6556.05
137,ETH/INR,1h,LONG,2025-01-04 17:30:00+05:30,2025-01-05 00:30:00+05:30,3603.87,300923.16,3567.83,3675.95,3624.22,302622.04,INTRADAY_SQUAREOFF,0.01,65.56,0.020697,6228.24,35.16,7.37,27.79,27.79,6556.05,6583.84
138,ETH/INR,1h,LONG,2025-01-05 20:30:00+05:30,2025-01-06 00:30:00+05:30,3627.67,302910.21,3591.39,3700.22,3627.47,302893.46,INTRADAY_SQUAREOFF,0.01,65.84,0.020649,6254.65,-0.35,7.38,-7.73,-7.73,6583.84,6576.11
139,ETH/INR,1h,LONG,2025-01-06 17:30:00+05:30,2025-01-06 21:30:00+05:30,3657.61,305410.26,3621.03,3730.76,3728.89,311362.71,TARGET_HIT,0.01,65.76,0.020455,6247.31,121.76,7.44,114.32,114.32,6576.11,6690.43
140,ETH/INR,1h,LONG,2025-01-07 07:30:00+05:30,2025-01-07 14:30:00+05:30,3697.89,308774.06,3660.91,3771.85,3659.08,305533.48,STOP_LOSS,0.01,66.9,0.020584,6355.91,-66.71,7.46,-74.17,-74.17,6690.43,6616.26
141,ETH/INR,1h,SHORT,2025-01-08 12:30:00+05:30,2025-01-08 14:30:00+05:30,3305.57,276015.26,3338.63,3239.46,3340.3,278914.8,STOP_LOSS,0.01,66.16,0.022772,6285.45,-66.03,7.46,-73.48,-73.48,6616.26,6542.78
142,ETH/INR,1h,SHORT,2025-01-08 18:30:00+05:30,2025-01-08 20:30:00+05:30,3337.72,278699.68,3371.1,3270.97,3372.78,281627.42,STOP_LOSS,0.01,65.43,0.022302,6215.64,-65.3,7.37,-72.67,-72.67,6542.78,6470.11
143,ETH/INR,1h,SHORT,2025-01-09 13:30:00+05:30,2025-01-09 15:30:00+05:30,3282.51,274089.95,3315.34,3216.86,3317.0,276969.27,STOP_LOSS,0.01,64.7,0.022426,6146.6,-64.57,7.29,-71.86,-71.86,6470.11,6398.25
144,ETH/INR,1h,SHORT,2025-01-10 01:30:00+05:30,2025-01-10 03:30:00+05:30,3194.8,266765.88,3226.75,3130.9,3228.36,269568.26,STOP_LOSS,0.01,63.98,0.022785,6078.34,-63.85,7.21,-71.06,-71.06,6398.25,6327.19
145,ETH/INR,1h,SHORT,2025-01-11 02:30:00+05:30,2025-01-12 00:30:00+05:30,3258.72,272103.01,3291.31,3193.54,3278.19,273729.28,INTRADAY_SQUAREOFF,0.01,63.27,0.02209,6010.83,-35.92,7.11,-43.04,-43.04,6327.19,6284.15
146,ETH/INR,1h,LONG,2025-01-12 23:30:00+05:30,2025-01-13 01:30:00+05:30,3290.83,274784.56,3257.92,3356.65,3276.05,273550.19,INTRADAY_SQUAREOFF,0.01,62.84,0.021726,5969.94,-26.82,7.03,-33.85,-33.85,6284.15,6250.3
147,ETH/INR,1h,SHORT,2025-01-13 14:30:00+05:30,2025-01-13 16:30:00+05:30,3162.07,264032.5,3193.69,3098.82,3100.37,258881.23,TARGET_HIT,0.01,62.5,0.022489,5937.79,115.85,6.94,108.91,108.91,6250.3,6359.21
148,ETH/INR,1h,SHORT,2025-01-13 22:30:00+05:30,2025-01-14 00:30:00+05:30,3005.21,250934.91,3035.26,2945.1,3008.13,251178.49,INTRADAY_SQUAREOFF,0.01,63.59,0.024075,6041.25,-5.86,7.13,-13.0,-13.0,6359.21,6346.21
149,ETH/INR,1h,LONG,2025-01-14 23:30:00+05:30,2025-01-15 01:30:00+05:30,3214.14,268380.91,3182.0,3278.43,3211.06,268123.63,INTRADAY_SQUAREOFF,0.01,63.46,0.022464,6028.9,-5.78,7.11,-12.89,-12.89,6346.21,6333.32
150,ETH/INR,1h,LONG,2025-01-15 04:30:00+05:30,2025-01-15 07:30:00+05:30,3240.11,270548.84,3207.7,3304.91,3206.1,267709.43,STOP_LOSS,0.01,63.33,0.022239,6016.66,-63.14,7.06,-70.21,-70.21,6333.32,6263.11
151,ETH/INR,1h,LONG,2025-01-15 19:30:00+05:30,2025-01-15 23:30:00+05:30,3299.56,275513.65,3266.57,3365.56,3363.87,280883.42,TARGET_HIT,0.01,62.63,0.021596,5949.96,115.96,7.09,108.88,108.88,6263.11,6371.99
152,ETH/INR,1h,LONG,2025-01-16 05:30:00+05:30,2025-01-16 07:30:00+05:30,3453.01,288326.05,3418.48,3522.07,3416.77,285300.07,STOP_LOSS,0.01,63.72,0.020995,6053.39,-63.53,7.11,-70.64,-70.64,6371.99,6301.35
153,ETH/INR,1h,LONG,2025-01-18 02:30:00+05:30,2025-01-18 04:30:00+05:30,3525.99,294420.32,3490.73,3596.51,3488.99,291330.38,STOP_LOSS,0.01,63.01,0.020332,5986.29,-62.83,7.03,-69.85,-69.85,6301.35,6231.5
154,ETH/INR,1h,SHORT,2025-01-18 22:30:00+05:30,2025-01-19 00:30:00+05:30,3253.33,271652.79,3285.86,3188.26,3287.5,274506.51,STOP_LOSS,0.01,62.32,0.021792,5919.93,-62.19,7.02,-69.21,-69.21,6231.5,6162.29
155,ETH/INR,1h,SHORT,2025-01-19 10:30:00+05:30,2025-01-19 14:30:00+05:30,3277.97,273710.4,3310.75,3212.41,3214.02,268370.31,TARGET_HIT,0.01,61.62,0.021388,5854.18,114.21,6.84,107.37,107.37,6162.29,6269.66
156,ETH/INR,1h,SHORT,2025-01-23 04:30:00+05:30,2025-01-23 19:30:00+05:30,3234.72,270098.95,3267.07,3170.02,3268.7,272936.34,STOP_LOSS,0.01,62.7,0.022052,5956.18,-62.57,7.07,-69.63,-69.63,6269.66,6200.03
157,ETH/INR,1h,SHORT,2025-01-24 01:30:00+05:30,2025-01-24 03:30:00+05:30,3196.49,266906.55,3228.45,3132.56,3230.06,269710.41,STOP_LOSS,0.01,62.0,0.022068,5890.03,-61.87,6.99,-68.86,-68.86,6200.03,6131.17
158,ETH/INR,1h,LONG,2025-01-24 10:30:00+05:30,2025-01-24 13:30:00+05:30,3335.95,278551.59,3302.59,3402.67,3400.96,283980.56,TARGET_HIT,0.01,61.31,0.02091,5824.61,113.52,6.94,106.58,106.58,6131.17,6237.75
159,ETH/INR,1h,LONG,2025-01-24 16:30:00+05:30,2025-01-24 20:30:00+05:30,3414.45,285106.54,3380.31,3482.74,3378.61,282114.34,STOP_LOSS,0.01,62.38,0.020785,5925.86,-62.19,6.96,-69.15,-69.15,6237.75,6168.6
160,ETH/INR,1h,LONG,2025-01-24 23:30:00+05:30,2025-01-25 01:30:00+05:30,3406.22,284419.09,3372.15,3474.34,3370.47,281434.11,STOP_LOSS,0.01,61.69,0.020604,5860.17,-61.5,6.88,-68.38,-68.38,6168.6,6100.22
161,ETH/INR,1h,SHORT,2025-01-27 10:30:00+05:30,2025-01-27 12:30:00+05:30,3154.48,263399.17,3186.03,3091.39,3092.94,258260.25,TARGET_HIT,0.01,61.0,0.022002,5795.21,113.06,6.77,106.29,106.29,6100.22,6206.51
162,ETH/INR,1h,SHORT,2025-01-27 16:30:00+05:30,2025-01-27 18:30:00+05:30,3034.69,253396.73,3065.04,2974.0,3066.57,256058.66,STOP_LOSS,0.01,62.07,0.023269,5896.19,-61.94,6.99,-68.93,-68.93,6206.51,6137.58
163,ETH/INR,1h,SHORT,2025-01-27 22:30:00+05:30,2025-01-28 00:30:00+05:30,3075.27,256784.76,3106.02,3013.76,3054.84,255079.05,INTRADAY_SQUAREOFF,0.01,61.38,0.022707,5830.7,38.73,6.86,31.87,31.87,6137.58,6169.45
164,ETH/INR,1h,SHORT,2025-01-29 15:30:00+05:30,2025-01-30 00:30:00+05:30,3121.73,260664.5,3152.95,3059.3,3060.83,255578.94,TARGET_HIT,0.01,61.69,0.022485,5860.98,114.35,6.85,107.5,107.5,6169.45,6276.95
165,ETH/INR,1h,SHORT,2025-01-30 05:30:00+05:30,2025-01-30 07:30:00+05:30,3110.88,259758.79,3141.99,3048.67,3143.56,262487.56,STOP_LOSS,0.01,62.77,0.022956,5963.11,-62.64,7.07,-69.72,-69.72,6276.95,6207.24
166,ETH/INR,1h,LONG,2025-01-30 14:30:00+05:30,2025-01-30 19:30:00+05:30,3209.78,268016.74,3177.68,3273.98,3272.34,273240.39,TARGET_HIT,0.01,62.07,0.022002,5896.88,114.93,7.03,107.9,107.9,6207.24,6315.14
167,ETH/INR,1h,LONG,2025-01-30 22:30:00+05:30,2025-01-31 00:30:00+05:30,3281.19,273979.17,3248.38,3346.81,3267.98,272876.28,INTRADAY_SQUAREOFF,0.01,63.15,0.021897,5999.38,-24.15,7.07,-31.22,-31.22,6315.14,6283.93
168,ETH/INR,1h,LONG,2025-01-31 07:30:00+05:30,2025-01-31 09:30:00+05:30,3273.56,273342.41,3240.83,3339.03,3239.21,270473.68,STOP_LOSS,0.01,62.84,0.02184,5969.73,-62.65,7.01,-69.66,-69.66,6283.93,6214.27
169,ETH/INR,1h,LONG,2025-01-31 11:30:00+05:30,2025-01-31 16:30:00+05:30,3249.05,271295.84,3216.56,3314.03,3312.38,276583.39,TARGET_HIT,0.01,62.14,0.021761,5903.55,115.06,7.03,108.03,108.03,6214.27,6322.29
170,ETH/INR,1h,LONG,2025-01-31 21:30:00+05:30,2025-01-31 23:30:00+05:30,3428.71,286297.21,3394.42,3497.28,3392.72,283292.52,STOP_LOSS,0.01,63.22,0.020979,6006.18,-63.03,7.05,-70.08,-70.08,6322.29,6252.21
171,ETH/INR,1h,SHORT,2025-02-01 19:30:00+05:30,2025-02-02 00:30:00+05:30,3241.67,270679.29,3274.08,3176.83,3244.63,270926.38,INTRADAY_SQUAREOFF,0.01,62.52,0.021943,5939.6,-5.42,7.01,-12.43,-12.43,6252.21,6239.77
172,ETH/INR,1h,SHORT,2025-02-02 09:30:00+05:30,2025-02-02 11:30:00+05:30,3071.17,256442.93,3101.88,3009.75,3103.44,259136.87,STOP_LOSS,0.01,62.4,0.023115,5927.78,-62.27,7.03,-69.3,-69.3,6239.77,6170.47
173,ETH/INR,1h,SHORT,2025-02-02 18:30:00+05:30,2025-02-02 20:30:00+05:30,3051.04,254761.97,3081.55,2990.02,3083.09,257438.25,STOP_LOSS,0.01,61.7,0.02301,5861.95,-61.58,6.95,-68.53,-68.53,6170.47,6101.94
174,ETH/INR,1h,SHORT,2025-02-03 10:30:00+05:30,2025-02-03 12:30:00+05:30,2452.15,204754.18,2476.67,2403.1,2477.91,206905.12,STOP_LOSS,0.01,61.02,0.028311,5796.84,-60.9,6.88,-67.77,-67.77,6101.94,6034.17
175,ETH/INR,1h,LONG,2025-02-04 16:30:00+05:30,2025-02-04 18:30:00+05:30,2759.12,230386.69,2731.53,2814.3,2812.9,234876.93,TARGET_HIT,0.01,60.34,0.024882,5732.46,111.73,6.83,104.9,104.9,6034.17,6139.06
176,ETH/INR,1h,LONG,2025-02-05 00:30:00+05:30,2025-02-05 02:30:00+05:30,2834.47,236678.39,2806.13,2891.16,2804.72,234194.45,STOP_LOSS,0.01,61.39,0.024641,5832.11,-61.21,6.85,-68.05,-68.05,6139.06,6071.01
177,ETH/INR,1h,LONG,2025-02-06 15:30:00+05:30,2025-02-06 17:30:00+05:30,2857.5,238601.21,2828.92,2914.65,2827.51,236097.09,STOP_LOSS,0.01,60.71,0.024172,5767.46,-60.53,6.77,-67.3,-67.3,6071.01,6003.71
178,ETH/INR,1h,SHORT,2025-02-07 21:30:00+05:30,2025-02-08 00:30:00+05:30,2715.51,226745.27,2742.67,2661.2,2662.53,222321.47,TARGET_HIT,0.01,60.04,0.025154,5703.52,111.28,6.66,104.61,104.61,6003.71,6108.32
179,ETH/INR,1h,SHORT,2025-02-08 11:30:00+05:30,2025-02-09 00:30:00+05:30,2615.7,218411.36,2641.86,2563.39,2643.18,220705.77,STOP_LOSS,0.01,61.08,0.026569,5802.9,-60.96,6.88,-67.84,-67.84,6108.32,6040.48
180,ETH/INR,1h,SHORT,2025-02-09 04:30:00+05:30,2025-02-09 06:30:00+05:30,2625.89,219261.84,2652.15,2573.37,2653.48,221565.18,STOP_LOSS,0.01,60.4,0.026172,5738.45,-60.28,6.81,-67.09,-67.09,6040.48,5973.39
181,ETH/INR,1h,SHORT,2025-02-09 23:30:00+05:30,2025-02-10 01:30:00+05:30,2636.58,220154.39,2662.95,2583.85,2626.71,219330.32,INTRADAY_SQUAREOFF,0.01,59.73,0.025776,5674.72,21.24,6.68,14.56,14.56,5973.39,5987.94
182,ETH/INR,1h,SHORT,2025-02-10 03:30:00+05:30,2025-02-10 05:30:00+05:30,2531.37,211369.63,2556.69,2480.75,2557.96,213590.07,STOP_LOSS,0.01,59.88,0.026913,5688.55,-59.76,6.75,-66.51,-66.51,5987.94,5921.44
183,ETH/INR,1h,SHORT,2025-02-10 07:30:00+05:30,2025-02-10 09:30:00+05:30,2563.02,214012.46,2588.65,2511.76,2589.95,216260.66,STOP_LOSS,0.01,59.21,0.026285,5625.37,-59.09,6.67,-65.77,-65.77,5921.44,5855.67
184,ETH/INR,1h,SHORT,2025-02-10 18:30:00+05:30,2025-02-10 21:30:00+05:30,2635.45,220060.48,2661.81,2582.75,2663.14,222372.21,STOP_LOSS,0.01,58.56,0.025279,5562.89,-58.44,6.6,-65.04,-65.04,5855.67,5790.63
185,ETH/INR,1h,LONG,2025-02-11 11:30:00+05:30,2025-02-11 15:30:00+05:30,2722.35,227316.41,2695.13,2776.8,2693.78,224930.72,STOP_LOSS,0.01,57.91,0.0242,5501.1,-57.73,6.46,-64.19,-64.19,5790.63,5726.44
186,ETH/INR,1h,LONG,2025-02-11 17:30:00+05:30,2025-02-11 19:30:00+05:30,2710.57,226333.0,2683.47,2764.79,2682.13,223957.63,STOP_LOSS,0.01,57.26,0.024036,5440.12,-57.09,6.39,-63.48,-63.48,5726.44,5662.96
187,ETH/INR,1h,SHORT,2025-02-12 04:30:00+05:30,2025-02-12 06:30:00+05:30,2572.98,214843.44,2598.71,2521.52,2600.0,217100.37,STOP_LOSS,0.01,56.63,0.025041,5379.82,-56.51,6.38,-62.9,-62.9,5662.96,5600.07
188,ETH/INR,1h,SHORT,2025-02-12 08:30:00+05:30,2025-02-12 12:30:00+05:30,2590.26,216286.58,2616.16,2538.45,2617.47,218558.67,STOP_LOSS,0.01,56.0,0.024597,5320.06,-55.89,6.31,-62.2,-62.2,5600.07,5537.87
189,ETH/INR,1h,SHORT,2025-02-12 16:30:00+05:30,2025-02-12 18:30:00+05:30,2612.93,218179.79,2639.06,2560.67,2640.38,220471.77,STOP_LOSS,0.01,55.38,0.024113,5260.98,-55.27,6.24,-61.51,-61.51,5537.87,5476.36
190,ETH/INR,1h,LONG,2025-02-13 07:30:00+05:30,2025-02-13 09:30:00+05:30,2757.69,230267.46,2730.12,2812.85,2728.75,227850.8,STOP_LOSS,0.01,54.76,0.022593,5202.54,-54.6,6.11,-60.71,-60.71,5476.36,5415.65
191,ETH/INR,1h,LONG,2025-02-14 15:30:00+05:30,2025-02-14 17:30:00+05:30,2715.11,226711.69,2687.96,2769.41,2686.61,224332.35,STOP_LOSS,0.01,54.16,0.022693,5144.87,-54.0,6.04,-60.03,-60.03,5415.65,5355.62
192,ETH/INR,1h,LONG,2025-02-14 19:30:00+05:30,2025-02-14 22:30:00+05:30,2705.37,225898.3,2678.32,2759.48,2758.1,230301.06,TARGET_HIT,0.01,53.56,0.022523,5087.84,99.16,6.06,93.1,93.1,5355.62,5448.72
193,ETH/INR,1h,LONG,2025-02-15 07:30:00+05:30,2025-02-15 12:30:00+05:30,2731.21,228055.92,2703.9,2785.83,2702.54,225662.48,STOP_LOSS,0.01,54.49,0.022697,5176.28,-54.33,6.08,-60.4,-60.4,5448.72,5388.32
194,ETH/INR,1h,LONG,2025-02-15 16:30:00+05:30,2025-02-15 19:30:00+05:30,2713.36,226565.19,2686.22,2767.62,2684.88,224187.38,STOP_LOSS,0.01,53.88,0.022594,5118.9,-53.72,6.01,-59.73,-59.73,5388.32,5328.59
195,ETH/INR,1h,SHORT,2025-02-19 10:30:00+05:30,2025-02-19 12:30:00+05:30,2665.9,222602.51,2692.56,2612.58,2693.9,224940.95,STOP_LOSS,0.01,53.29,0.022741,5062.16,-53.18,6.0,-59.18,-59.18,5328.59,5269.4
196,ETH/INR,1h,LONG,2025-02-20 16:30:00+05:30,2025-02-20 20:30:00+05:30,2747.19,229390.02,2719.71,2802.13,2718.35,226982.57,STOP_LOSS,0.01,52.69,0.021823,5005.93,-52.54,5.88,-58.41,-58.41,5269.4,5210.99
197,ETH/INR,1h,LONG,2025-02-20 23:30:00+05:30,2025-02-21 01:30:00+05:30,2738.23,228642.43,2710.85,2793.0,2747.68,229431.31,INTRADAY_SQUAREOFF,0.01,52.11,0.021651,4950.44,17.08,5.85,11.23,11.23,5210.99,5222.22
198,ETH/INR,1h,LONG,2025-02-21 16:30:00+05:30,2025-02-21 19:30:00+05:30,2808.7,234526.55,2780.61,2864.88,2779.22,232065.2,STOP_LOSS,0.01,52.22,0.021154,4961.11,-52.07,5.82,-57.89,-57.89,5222.22,5164.33
199,ETH/INR,1h,SHORT,2025-02-21 23:30:00+05:30,2025-02-22 01:30:00+05:30,2654.74,221671.16,2681.29,2601.65,2640.81,220507.43,INTRADAY_SQUAREOFF,0.01,51.64,0.022132,4906.11,25.76,5.77,19.98,19.98,5164.33,5184.31
200,ETH/INR,1h,LONG,2025-02-23 06:30:00+05:30,2025-02-23 12:30:00+05:30,2773.58,231594.23,2745.85,2829.06,2827.64,236108.0,TARGET_HIT,0.01,51.84,0.021266,4925.1,95.99,5.87,90.12,90.12,5184.31,5274.43
201,ETH/INR,1h,LONG,2025-02-23 23:30:00+05:30,2025-02-24 01:30:00+05:30,2820.11,235478.9,2791.91,2876.51,2806.79,234366.98,INTRADAY_SQUAREOFF,0.01,52.74,0.021279,5010.71,-23.66,5.9,-29.56,-29.56,5274.43,5244.87
202,ETH/INR,1h,LONG,2025-02-24 03:30:00+05:30,2025-02-24 07:30:00+05:30,2810.62,234686.66,2782.51,2866.83,2781.12,232223.63,STOP_LOSS,0.01,52.45,0.021231,4982.63,-52.29,5.85,-58.14,-58.14,5244.87,5186.73
203,ETH/INR,1h,SHORT,2025-02-24 14:30:00+05:30,2025-02-25 00:30:00+05:30,2680.14,223791.34,2706.94,2626.53,2627.85,219425.17,TARGET_HIT,0.01,51.87,0.022018,4927.4,96.13,5.76,90.38,90.38,5186.73,5277.11
204,ETH/INR,1h,SHORT,2025-02-25 12:30:00+05:30,2025-02-25 14:30:00+05:30,2480.2,207096.84,2505.0,2430.6,2431.81,203056.38,TARGET_HIT,0.01,52.77,0.024207,5013.25,97.81,5.86,91.95,91.95,5277.11,5369.06
205,ETH/INR,1h,SHORT,2025-02-25 19:30:00+05:30,2025-02-25 22:30:00+05:30,2410.11,201244.59,2434.22,2361.91,2435.43,203358.67,STOP_LOSS,0.01,53.69,0.025345,5100.61,-53.58,6.05,-59.63,-59.63,5369.06,5309.43
206,ETH/INR,1h,SHORT,2025-02-26 06:30:00+05:30,2025-02-26 08:30:00+05:30,2469.94,206239.78,2494.64,2420.54,2495.88,208406.33,STOP_LOSS,0.01,53.09,0.024457,5043.96,-52.99,5.98,-58.97,-58.97,5309.43,5250.46
207,ETH/INR,1h,SHORT,2025-02-26 14:30:00+05:30,2025-02-26 16:30:00+05:30,2457.37,205190.38,2481.94,2408.22,2483.18,207345.91,STOP_LOSS,0.01,52.5,0.024309,4987.94,-52.4,5.92,-58.31,-58.31,5250.46,5192.14
208,ETH/INR,1h,SHORT,2025-02-26 23:30:00+05:30,2025-02-27 01:30:00+05:30,2354.88,196632.22,2378.43,2307.78,2308.93,192795.93,TARGET_HIT,0.01,51.92,0.025085,4932.54,96.23,5.76,90.47,90.47,5192.14,5282.61
209,ETH/INR,1h,SHORT,2025-02-27 10:30:00+05:30,2025-02-27 12:30:00+05:30,2302.25,192237.77,2325.27,2256.2,2326.43,194257.22,STOP_LOSS,0.01,52.83,0.026106,5018.48,-52.72,5.95,-58.67,-58.67,5282.61,5223.94
210,ETH/INR,1h,SHORT,2025-02-27 18:30:00+05:30,2025-02-28 00:30:00+05:30,2339.48,195346.61,2362.88,2292.69,2293.84,191535.39,TARGET_HIT,0.01,52.24,0.025405,4962.74,96.82,5.8,91.02,91.02,5223.94,5314.97
211,ETH/INR,1h,SHORT,2025-02-28 07:30:00+05:30,2025-02-28 09:30:00+05:30,2190.74,182926.91,2212.65,2146.93,2148.0,179358.01,TARGET_HIT,0.01,53.15,0.027602,5049.22,98.51,5.9,92.61,92.61,5314.97,5407.58
212,ETH/INR,1h,LONG,2025-03-02 22:30:00+05:30,2025-03-03 00:30:00+05:30,2489.93,207909.15,2465.03,2539.73,2475.03,206665.41,INTRADAY_SQUAREOFF,0.01,54.08,0.024709,5137.2,-30.73,6.04,-36.78,-36.78,5407.58,5370.8
213,ETH/INR,1h,SHORT,2025-03-04 00:30:00+05:30,2025-03-04 02:30:00+05:30,2177.4,181813.27,2199.18,2133.86,2134.92,178266.09,TARGET_HIT,0.01,53.71,0.028063,5102.26,99.55,5.96,93.58,93.58,5370.8,5464.38
214,ETH/INR,1h,SHORT,2025-03-04 13:30:00+05:30,2025-03-04 15:30:00+05:30,2071.38,172960.09,2092.09,2029.95,2093.14,174777.04,STOP_LOSS,0.01,54.64,0.030014,5191.16,-54.53,6.16,-60.69,-60.69,5464.38,5403.69
215,ETH/INR,1h,SHORT,2025-03-04 19:30:00+05:30,2025-03-04 21:30:00+05:30,2057.6,171809.24,2078.17,2016.44,2017.45,168457.24,TARGET_HIT,0.01,54.04,0.029879,5133.51,100.15,6.0,94.16,94.16,5403.69,5497.85
216,ETH/INR,1h,LONG,2025-03-05 12:30:00+05:30,2025-03-05 14:30:00+05:30,2194.03,183201.88,2172.09,2237.92,2236.8,186772.48,TARGET_HIT,0.01,54.98,0.028509,5222.96,101.8,6.22,95.57,95.57,5497.85,5593.42
217,ETH/INR,1h,SHORT,2025-03-07 06:30:00+05:30,2025-03-07 08:30:00+05:30,2112.25,176373.28,2133.38,2070.01,2134.44,178226.08,STOP_LOSS,0.01,55.93,0.030128,5313.75,-55.82,6.3,-62.12,-62.12,5593.42,5531.3
218,ETH/INR,1h,SHORT,2025-03-07 22:30:00+05:30,2025-03-08 00:30:00+05:30,2144.26,179045.39,2165.7,2101.37,2166.78,180926.26,STOP_LOSS,0.01,55.31,0.029349,5254.73,-55.2,6.23,-61.43,-61.43,5531.3,5469.86
219,ETH/INR,1h,SHORT,2025-03-09 19:30:00+05:30,2025-03-09 21:30:00+05:30,2107.89,176009.03,2128.97,2065.73,2066.77,172575.09,TARGET_HIT,0.01,54.7,0.029523,5196.37,101.38,6.07,95.31,95.31,5469.86,5565.17
220,ETH/INR,1h,SHORT,2025-03-10 03:30:00+05:30,2025-03-10 05:30:00+05:30,2015.54,168297.72,2035.7,1975.23,2036.71,170065.69,STOP_LOSS,0.01,55.65,0.031414,5286.91,-55.54,6.27,-61.81,-61.81,5565.17,5503.36
221,ETH/INR,1h,SHORT,2025-03-10 23:30:00+05:30,2025-03-11 01:30:00+05:30,1909.69,159459.44,1928.79,1871.5,1872.44,156348.38,TARGET_HIT,0.01,55.03,0.032787,5228.19,102.0,6.11,95.89,95.89,5503.36,5599.25
222,ETH/INR,1h,SHORT,2025-03-11 05:30:00+05:30,2025-03-11 10:30:00+05:30,1858.85,155213.79,1877.44,1821.67,1878.38,156844.31,STOP_LOSS,0.01,55.99,0.034271,5319.29,-55.88,6.31,-62.19,-62.19,5599.25,5537.07
223,ETH/INR,1h,SHORT,2025-03-11 18:30:00+05:30,2025-03-11 20:30:00+05:30,1893.35,158094.4,1912.28,1855.48,1913.24,159755.18,STOP_LOSS,0.01,55.37,0.033273,5260.21,-55.26,6.24,-61.5,-61.5,5537.07,5475.57
224,ETH/INR,1h,SHORT,2025-03-12 05:30:00+05:30,2025-03-12 08:30:00+05:30,1916.38,160017.49,1935.54,1878.05,1878.99,156895.55,TARGET_HIT,0.01,54.76,0.032508,5201.79,101.49,6.08,95.41,95.41,5475.57,5570.98
225,ETH/INR,1h,LONG,2025-03-15 04:30:00+05:30,2025-03-15 06:30:00+05:30,1931.09,161246.04,1911.78,1969.71,1910.82,159553.76,STOP_LOSS,0.01,55.71,0.032822,5292.43,-55.54,6.21,-61.76,-61.76,5570.98,5509.22
226,ETH/INR,1h,LONG,2025-03-15 09:30:00+05:30,2025-03-16 00:30:00+05:30,1922.63,160539.9,1903.41,1961.09,1932.32,161348.82,INTRADAY_SQUAREOFF,0.01,55.09,0.032601,5233.76,26.37,6.19,20.18,20.18,5509.22,5529.4
227,ETH/INR,1h,SHORT,2025-03-17 00:30:00+05:30,2025-03-17 08:30:00+05:30,1892.35,158011.42,1911.28,1854.51,1912.23,159671.33,STOP_LOSS,0.01,55.29,0.033244,5252.93,-55.18,6.23,-61.41,-61.41,5529.4,5467.99
228,ETH/INR,1h,SHORT,2025-03-17 10:30:00+05:30,2025-03-17 17:30:00+05:30,1902.57,158864.62,1921.6,1864.52,1922.56,160533.5,STOP_LOSS,0.01,54.68,0.032698,5194.59,-54.57,6.16,-60.73,-60.73,5467.99,5407.26
229,ETH/INR,1h,LONG,2025-03-18 03:30:00+05:30,2025-03-18 05:30:00+05:30,1945.07,162413.64,1925.62,1983.97,1924.66,160709.11,STOP_LOSS,0.01,54.07,0.031628,5136.89,-53.91,6.03,-59.94,-59.94,5407.26,5347.31
230,ETH/INR,1h,LONG,2025-03-19 11:30:00+05:30,2025-03-19 15:30:00+05:30,1941.09,162081.03,1921.68,1979.91,1978.92,165239.99,TARGET_HIT,0.01,53.47,0.031342,5079.95,99.01,6.05,92.96,92.96,5347.31,5440.27
231,ETH/INR,1h,LONG,2025-03-19 20:30:00+05:30,2025-03-19 23:30:00+05:30,2034.87,169911.93,2014.52,2075.57,2013.52,168128.7,STOP_LOSS,0.01,54.4,0.030417,5168.26,-54.24,6.07,-60.31,-60.31,5440.27,5379.96
232,ETH/INR,1h,LONG,2025-03-20 14:30:00+05:30,2025-03-20 16:30:00+05:30,2022.27,168859.47,2002.05,2062.71,2001.05,167087.29,STOP_LOSS,0.01,53.8,0.030268,5110.96,-53.64,6.0,-59.64,-59.64,5379.96,5320.32
233,ETH/INR,1h,SHORT,2025-03-21 11:30:00+05:30,2025-03-22 00:30:00+05:30,1968.84,164398.54,1988.53,1929.47,1970.72,164555.37,INTRADAY_SQUAREOFF,0.01,53.2,0.030744,5054.31,-4.82,5.97,-10.79,-10.79,5320.32,5309.54
234,ETH/INR,1h,SHORT,2025-03-22 03:30:00+05:30,2025-03-22 14:30:00+05:30,1971.73,164639.08,1991.44,1932.29,1992.44,166368.62,STOP_LOSS,0.01,53.1,0.030637,5044.06,-52.99,5.98,-58.97,-58.97,5309.54,5250.56
235,ETH/INR,1h,LONG,2025-03-23 19:30:00+05:30,2025-03-23 21:30:00+05:30,2019.54,168631.43,1999.34,2059.93,1998.34,166861.64,STOP_LOSS,0.01,52.51,0.02958,4988.04,-52.35,5.85,-58.2,-58.2,5250.56,5192.36
236,ETH/INR,1h,LONG,2025-03-24 21:30:00+05:30,2025-03-25 00:30:00+05:30,2091.31,174624.37,2070.4,2133.14,2096.74,175078.03,INTRADAY_SQUAREOFF,0.01,51.92,0.028248,4932.74,12.81,5.83,6.99,6.99,5192.36,5199.35
237,ETH/INR,1h,SHORT,2025-03-26 23:30:00+05:30,2025-03-27 01:30:00+05:30,2004.07,167340.16,2024.11,1963.99,2001.67,167139.53,INTRADAY_SQUAREOFF,0.01,51.99,0.029517,4939.38,5.92,5.82,0.1,0.1,5199.35,5199.44
238,ETH/INR,1h,SHORT,2025-03-27 17:30:00+05:30,2025-03-28 00:30:00+05:30,2012.2,168018.88,2032.32,1971.96,2011.09,167925.73,INTRADAY_SQUAREOFF,0.01,51.99,0.029398,4939.47,2.74,5.83,-3.09,-3.09,5199.44,5196.36
239,ETH/INR,1h,SHORT,2025-03-28 10:30:00+05:30,2025-03-28 16:30:00+05:30,1927.29,160928.89,1946.57,1888.75,1889.69,157789.17,TARGET_HIT,0.01,51.96,0.030675,4936.54,96.31,5.77,90.54,90.54,5196.36,5286.9
240,ETH/INR,1h,SHORT,2025-03-28 21:30:00+05:30,2025-03-29 00:30:00+05:30,1870.91,156221.18,1889.62,1833.49,1878.84,156883.26,INTRADAY_SQUAREOFF,0.01,52.87,0.03215,5022.55,-21.29,5.94,-27.23,-27.23,5286.9,5259.67
241,ETH/INR,1h,SHORT,2025-03-29 08:30:00+05:30,2025-03-29 16:30:00+05:30,1893.84,158136.05,1912.78,1855.97,1856.9,155050.82,TARGET_HIT,0.01,52.6,0.031597,4996.69,97.49,5.84,91.65,91.65,5259.67,5351.32
242,ETH/INR,1h,SHORT,2025-03-29 21:30:00+05:30,2025-03-30 00:30:00+05:30,1833.66,153110.77,1852.0,1796.99,1818.81,151870.34,INTRADAY_SQUAREOFF,0.01,53.51,0.033203,5083.75,41.19,5.97,35.21,35.21,5351.32,5386.53
243,ETH/INR,1h,SHORT,2025-03-30 09:30:00+05:30,2025-03-30 21:30:00+05:30,1831.94,152967.28,1850.26,1795.3,1796.2,149982.89,TARGET_HIT,0.01,53.87,0.033453,5117.21,99.84,5.98,93.86,93.86,5386.53,5480.39
244,ETH/INR,1h,SHORT,2025-03-31 03:30:00+05:30,2025-03-31 06:30:00+05:30,1799.45,150254.3,1817.45,1763.46,1818.36,151832.72,STOP_LOSS,0.01,54.8,0.03465,5206.37,-54.69,6.18,-60.87,-60.87,5480.39,5419.52
245,ETH/INR,1h,SHORT,2025-03-31 14:30:00+05:30,2025-03-31 16:30:00+05:30,1793.89,149789.65,1811.83,1758.01,1812.73,151363.19,STOP_LOSS,0.01,54.2,0.034372,5148.54,-54.09,6.11,-60.19,-60.19,5419.52,5359.33
246,ETH/INR,1h,LONG,2025-04-01 14:30:00+05:30,2025-04-01 16:30:00+05:30,1890.36,157844.99,1871.46,1928.17,1870.52,156188.4,STOP_LOSS,0.01,53.59,0.032255,5091.36,-53.43,5.98,-59.41,-59.41,5359.33,5299.92
247,ETH/INR,1h,LONG,2025-04-01 20:30:00+05:30,2025-04-02 00:30:00+05:30,1887.51,157607.38,1868.64,1925.26,1907.43,159270.55,INTRADAY_SQUAREOFF,0.01,53.0,0.031946,5034.92,53.13,5.97,47.16,47.16,5299.92,5347.08
248,ETH/INR,1h,LONG,2025-04-02 02:30:00+05:30,2025-04-02 05:30:00+05:30,1914.93,159896.81,1895.78,1953.23,1894.83,158218.69,STOP_LOSS,0.01,53.47,0.031769,5079.72,-53.31,5.96,-59.27,-59.27,5347.08,5287.8
249,ETH/INR,1h,LONG,2025-04-03 01:30:00+05:30,2025-04-03 03:30:00+05:30,1916.75,160048.4,1897.58,1955.08,1896.63,158368.69,STOP_LOSS,0.01,52.88,0.031387,5023.41,-52.72,5.9,-58.62,-58.62,5287.8,5229.19
250,ETH/INR,1h,SHORT,2025-04-03 12:30:00+05:30,2025-04-03 17:30:00+05:30,1814.4,151502.16,1832.54,1778.11,1779.0,148546.36,TARGET_HIT,0.01,52.29,0.03279,4967.73,96.92,5.8,91.12,91.12,5229.19,5320.3
251,ETH/INR,1h,SHORT,2025-04-04 07:30:00+05:30,2025-04-04 09:30:00+05:30,1773.21,148063.29,1790.95,1737.75,1791.84,149618.69,STOP_LOSS,0.01,53.2,0.034136,5054.29,-53.1,6.0,-59.09,-59.09,5320.3,5261.21
252,ETH/INR,1h,SHORT,2025-04-06 01:30:00+05:30,2025-04-06 04:30:00+05:30,1779.53,148590.63,1797.32,1743.94,1798.22,150151.57,STOP_LOSS,0.01,52.61,0.033637,4998.15,-52.51,5.93,-58.43,-58.43,5261.21,5202.78
253,ETH/INR,1h,SHORT,2025-04-06 08:30:00+05:30,2025-04-06 18:30:00+05:30,1803.49,150591.37,1821.52,1767.42,1768.3,147653.33,TARGET_HIT,0.01,52.03,0.032822,4942.64,96.43,5.78,90.66,90.66,5202.78,5293.43
254,ETH/INR,1h,SHORT,2025-04-06 22:30:00+05:30,2025-04-07 00:30:00+05:30,1731.22,144556.98,1748.53,1696.6,1697.45,141736.68,TARGET_HIT,0.01,52.93,0.034787,5028.76,98.11,5.88,92.24,92.24,5293.43,5385.67
255,ETH/INR,1h,SHORT,2025-04-07 02:30:00+05:30,2025-04-07 06:30:00+05:30,1569.62,131063.05,1585.31,1538.23,1586.11,132439.87,STOP_LOSS,0.01,53.86,0.039038,5116.38,-53.75,6.07,-59.82,-59.82,5385.67,5325.85
256,ETH/INR,1h,SHORT,2025-04-07 09:30:00+05:30,2025-04-07 11:30:00+05:30,1530.76,127818.26,1546.07,1500.14,1546.84,129160.99,STOP_LOSS,0.01,53.26,0.039584,5059.56,-53.15,6.0,-59.15,-59.15,5325.85,5266.7
257,ETH/INR,1h,SHORT,2025-04-07 22:30:00+05:30,2025-04-08 00:30:00+05:30,1525.98,127419.74,1541.24,1495.47,1542.02,128758.28,STOP_LOSS,0.01,52.67,0.039267,5003.36,-52.56,5.93,-58.5,-58.5,5266.7,5208.2
258,ETH/INR,1h,SHORT,2025-04-08 05:30:00+05:30,2025-04-08 07:30:00+05:30,1551.24,129528.87,1566.76,1520.22,1567.54,130889.58,STOP_LOSS,0.01,52.08,0.038198,4947.79,-51.98,5.87,-57.85,-57.85,5208.2,5150.36
259,ETH/INR,1h,SHORT,2025-04-08 22:30:00+05:30,2025-04-09 00:30:00+05:30,1484.65,123967.87,1499.49,1454.95,1477.46,123367.74,INTRADAY_SQUAREOFF,0.01,51.5,0.039469,4892.84,23.69,5.76,17.93,17.93,5150.36,5168.28
260,ETH/INR,1h,SHORT,2025-04-09 08:30:00+05:30,2025-04-09 10:30:00+05:30,1415.13,118163.47,1429.28,1386.83,1430.0,119404.78,STOP_LOSS,0.01,51.68,0.041551,4909.87,-51.58,5.82,-57.4,-57.4,5168.28,5110.88
261,ETH/INR,1h,SHORT,2025-04-09 17:30:00+05:30,2025-04-09 19:30:00+05:30,1444.98,120656.24,1459.43,1416.09,1460.16,121923.73,STOP_LOSS,0.01,51.11,0.040241,4855.34,-51.01,5.76,-56.76,-56.76,5110.88,5054.12
262,ETH/INR,1h,LONG,2025-04-10 15:30:00+05:30,2025-04-10 17:30:00+05:30,1605.82,134085.66,1589.76,1637.93,1588.96,132678.43,STOP_LOSS,0.01,50.54,0.035809,4801.41,-50.39,5.64,-56.03,-56.03,5054.12,4998.09
263,ETH/INR,1h,SHORT,2025-04-11 06:30:00+05:30,2025-04-11 08:30:00+05:30,1506.25,125771.8,1521.31,1476.12,1522.07,127093.03,STOP_LOSS,0.01,49.98,0.037752,4748.19,-49.88,5.63,-55.51,-55.51,4998.09,4942.58
264,ETH/INR,1h,SHORT,2025-04-11 18:30:00+05:30,2025-04-11 21:30:00+05:30,1553.46,129714.02,1569.0,1522.39,1569.78,131076.66,STOP_LOSS,0.01,49.43,0.036198,4695.45,-49.33,5.57,-54.9,-54.9,4942.58,4887.68
265,ETH/INR,1h,SHORT,2025-04-12 00:30:00+05:30,2025-04-12 02:30:00+05:30,1560.9,130335.09,1576.51,1529.68,1577.3,131704.26,STOP_LOSS,0.01,48.88,0.035626,4643.3,-48.78,5.51,-54.29,-54.29,4887.68,4833.4
266,ETH/INR,1h,SHORT,2025-04-12 07:30:00+05:30,2025-04-12 10:30:00+05:30,1552.36,129622.27,1567.89,1521.32,1568.67,130983.95,STOP_LOSS,0.01,48.33,0.035424,4591.73,-48.24,5.45,-53.68,-53.68,4833.4,4779.71
267,ETH/INR,1h,LONG,2025-04-12 19:30:00+05:30,2025-04-13 00:30:00+05:30,1643.59,137239.83,1627.15,1676.46,1649.46,137730.27,INTRADAY_SQUAREOFF,0.01,47.8,0.033086,4540.73,16.23,5.37,10.86,10.86,4779.71,4790.57
268,ETH/INR,1h,LONG,2025-04-13 15:30:00+05:30,2025-04-13 17:30:00+05:30,1627.26,135876.34,1610.99,1659.81,1610.18,134450.32,STOP_LOSS,0.01,47.91,0.033494,4551.04,-47.76,5.34,-53.11,-53.11,4790.57,4737.47
269,ETH/INR,1h,SHORT,2025-04-16 06:30:00+05:30,2025-04-16 08:30:00+05:30,1577.24,131699.3,1593.01,1545.69,1593.81,133082.8,STOP_LOSS,0.01,47.37,0.034173,4500.59,-47.28,5.34,-52.62,-52.62,4737.47,4684.85
270,ETH/INR,1h,SHORT,2025-04-16 13:30:00+05:30,2025-04-16 15:30:00+05:30,1563.15,130523.44,1578.79,1531.89,1579.58,131894.58,STOP_LOSS,0.01,46.85,0.034098,4450.61,-46.75,5.28,-52.03,-52.03,4684.85,4632.82
271,ETH/INR,1h,SHORT,2025-04-16 19:30:00+05:30,2025-04-16 21:30:00+05:30,1568.49,130968.6,1584.17,1537.12,1584.96,132344.43,STOP_LOSS,0.01,46.33,0.033605,4401.18,-46.23,5.22,-51.46,-51.46,4632.82,4581.36
272,ETH/INR,1h,SHORT,2025-04-16 23:30:00+05:30,2025-04-17 01:30:00+05:30,1545.62,129059.4,1561.08,1514.71,1561.86,130415.17,STOP_LOSS,0.01,45.81,0.033723,4352.29,-45.72,5.16,-50.88,-50.88,4581.36,4530.48
273,ETH/INR,1h,SHORT,2025-04-17 14:30:00+05:30,2025-04-17 21:30:00+05:30,1594.9,133174.49,1610.85,1563.01,1611.66,134573.49,STOP_LOSS,0.01,45.3,0.032318,4303.95,-45.21,5.11,-50.32,-50.32,4530.48,4480.16
274,ETH/INR,1h,SHORT,2025-04-18 01:30:00+05:30,2025-04-18 17:30:00+05:30,1577.9,131754.8,1593.68,1546.34,1594.48,133138.89,STOP_LOSS,0.01,44.8,0.032304,4256.15,-44.71,5.05,-49.76,-49.76,4480.16,4430.4
275,ETH/INR,1h,SHORT,2025-04-19 04:30:00+05:30,2025-04-19 09:30:00+05:30,1591.93,132926.24,1607.85,1560.09,1608.65,134322.63,STOP_LOSS,0.01,44.3,0.031663,4208.88,-44.21,4.99,-49.21,-49.21,4430.4,4381.19
276,ETH/INR,1h,LONG,2025-04-19 23:30:00+05:30,2025-04-20 01:30:00+05:30,1625.2,135704.6,1608.95,1657.71,1613.74,134747.5,INTRADAY_SQUAREOFF,0.01,43.81,0.030671,4162.13,-29.35,4.89,-34.25,-34.25,4381.19,4346.95
277,ETH/INR,1h,LONG,2025-04-20 07:30:00+05:30,2025-04-20 12:30:00+05:30,1619.23,135205.49,1603.04,1651.61,1602.23,133786.51,STOP_LOSS,0.01,43.47,0.030543,4129.6,-43.34,4.85,-48.19,-48.19,4346.95,4298.76
278,ETH/INR,1h,SHORT,2025-04-20 16:30:00+05:30,2025-04-21 00:30:00+05:30,1571.07,131184.65,1586.78,1539.65,1582.25,132118.16,INTRADAY_SQUAREOFF,0.01,42.99,0.03113,4083.82,-29.06,4.84,-33.9,-33.9,4298.76,4264.86
279,ETH/INR,1h,LONG,2025-04-23 03:30:00+05:30,2025-04-23 05:30:00+05:30,1771.07,147884.0,1753.36,1806.49,1752.48,146331.96,STOP_LOSS,0.01,42.65,0.027397,4051.62,-42.52,4.76,-47.28,-47.28,4264.86,4217.58
280,ETH/INR,1h,LONG,2025-04-23 09:30:00+05:30,2025-04-23 12:30:00+05:30,1797.08,150056.21,1779.11,1833.02,1778.22,148481.37,STOP_LOSS,0.01,42.18,0.026701,4006.7,-42.05,4.7,-46.75,-46.75,4217.58,4170.83
281,ETH/INR,1h,LONG,2025-04-23 16:30:00+05:30,2025-04-23 18:30:00+05:30,1806.3,150825.72,1788.23,1842.42,1787.34,149242.8,STOP_LOSS,0.01,41.71,0.026271,3962.29,-41.58,4.65,-46.24,-46.24,4170.83,4124.6
282,ETH/INR,1h,LONG,2025-04-23 23:30:00+05:30,2025-04-24 01:30:00+05:30,1802.99,150549.78,1784.96,1839.05,1786.1,149139.01,INTRADAY_SQUAREOFF,0.01,41.25,0.026027,3918.37,-36.72,4.6,-41.32,-41.32,4124.6,4083.28
283,ETH/INR,1h,LONG,2025-04-24 04:30:00+05:30,2025-04-24 06:30:00+05:30,1805.94,150795.79,1787.88,1842.06,1786.98,149213.18,STOP_LOSS,0.01,40.83,0.025724,3879.11,-40.71,4.55,-45.26,-45.26,4083.28,4038.01
284,ETH/INR,1h,SHORT,2025-04-25 08:30:00+05:30,2025-04-25 10:30:00+05:30,1739.63,145259.43,1757.03,1704.84,1757.91,146785.38,STOP_LOSS,0.01,40.38,0.026409,3836.11,-40.3,4.55,-44.85,-44.85,4038.01,3993.16
285,ETH/INR,1h,LONG,2025-04-26 21:30:00+05:30,2025-04-27 00:30:00+05:30,1804.72,150694.01,1786.67,1840.81,1803.27,150573.25,INTRADAY_SQUAREOFF,0.01,39.93,0.025174,3793.5,-3.04,4.47,-7.51,-7.51,3993.16,3985.65
286,ETH/INR,1h,LONG,2025-04-27 05:30:00+05:30,2025-04-27 09:30:00+05:30,1823.94,152299.13,1805.7,1860.42,1804.8,150700.75,STOP_LOSS,0.01,39.86,0.024861,3786.36,-39.74,4.44,-44.18,-44.18,3985.65,3941.46
287,ETH/INR,1h,SHORT,2025-04-29 10:30:00+05:30,2025-04-29 12:30:00+05:30,1789.72,149441.92,1807.62,1753.93,1808.52,151011.81,STOP_LOSS,0.01,39.41,0.025056,3744.39,-39.33,4.44,-43.78,-43.78,3941.46,3897.69
288,ETH/INR,1h,LONG,2025-04-29 23:30:00+05:30,2025-04-30 01:30:00+05:30,1829.62,152772.89,1811.32,1866.21,1810.41,151169.53,STOP_LOSS,0.01,38.98,0.024237,3702.8,-38.86,4.35,-43.21,-43.21,3897.69,3854.48
289,ETH/INR,1h,LONG,2025-05-02 06:30:00+05:30,2025-05-02 10:30:00+05:30,1850.66,154529.92,1832.15,1887.67,1831.24,152908.13,STOP_LOSS,0.01,38.54,0.023696,3661.76,-38.43,4.3,-42.73,-42.73,3854.48,3811.75
290,ETH/INR,1h,LONG,2025-05-03 05:30:00+05:30,2025-05-03 13:30:00+05:30,1843.79,153956.16,1825.35,1880.66,1824.44,152340.39,STOP_LOSS,0.01,38.12,0.023521,3621.17,-38.0,4.25,-42.25,-42.25,3811.75,3769.5
291,ETH/INR,1h,LONG,2025-05-03 18:30:00+05:30,2025-05-03 22:30:00+05:30,1833.2,153071.87,1814.86,1869.86,1813.96,151465.38,STOP_LOSS,0.01,37.69,0.023394,3581.02,-37.58,4.2,-41.79,-41.79,3769.5,3727.71
292,ETH/INR,1h,LONG,2025-05-04 01:30:00+05:30,2025-05-04 18:30:00+05:30,1840.13,153651.25,1821.73,1876.94,1820.82,152038.68,STOP_LOSS,0.01,37.28,0.023048,3541.33,-37.17,4.16,-41.32,-41.32,3727.71,3686.39
293,ETH/INR,1h,SHORT,2025-05-05 07:30:00+05:30,2025-05-05 09:30:00+05:30,1784.8,149031.21,1802.65,1749.11,1803.55,150596.78,STOP_LOSS,0.01,36.86,0.023499,3502.07,-36.79,4.15,-40.94,-40.94,3686.39,3645.45
294,ETH/INR,1h,SHORT,2025-05-05 16:30:00+05:30,2025-05-05 23:30:00+05:30,1799.81,150284.55,1817.81,1763.82,1818.72,151863.29,STOP_LOSS,0.01,36.45,0.023044,3463.17,-36.38,4.11,-40.49,-40.49,3645.45,3604.96
295,ETH/INR,1h,SHORT,2025-05-06 06:30:00+05:30,2025-05-06 16:30:00+05:30,1810.52,151178.05,1828.62,1774.31,1775.19,148228.57,TARGET_HIT,0.01,36.05,0.022653,3424.71,66.82,4.0,62.81,62.81,3604.96,3667.77
296,ETH/INR,1h,LONG,2025-05-07 13:30:00+05:30,2025-05-07 19:30:00+05:30,1839.2,153572.93,1820.8,1875.98,1819.89,151961.18,STOP_LOSS,0.01,36.68,0.022689,3484.38,-36.57,4.09,-40.66,-40.66,3667.77,3627.11
297,ETH/INR,1h,LONG,2025-05-08 19:30:00+05:30,2025-05-08 21:30:00+05:30,1980.7,165388.34,1960.89,2020.31,2019.3,168611.76,TARGET_HIT,0.01,36.27,0.020834,3445.76,67.16,4.11,63.05,63.05,3627.11,3690.16
298,ETH/INR,1h,LONG,2025-05-09 00:30:00+05:30,2025-05-09 02:30:00+05:30,2072.33,173039.79,2051.61,2113.78,2112.72,176412.33,TARGET_HIT,0.01,36.9,0.020259,3505.66,68.33,4.18,64.15,64.15,3690.16,3754.31
299,ETH/INR,1h,LONG,2025-05-09 05:30:00+05:30,2025-05-09 11:30:00+05:30,2208.38,184399.49,2186.29,2252.54,2251.42,187993.43,TARGET_HIT,0.01,37.54,0.019342,3566.6,69.51,4.25,65.26,65.26,3754.31,3819.58
300,ETH/INR,1h,LONG,2025-05-09 19:30:00+05:30,2025-05-09 21:30:00+05:30,2382.41,198931.65,2358.59,2430.06,2357.41,196843.86,STOP_LOSS,0.01,38.2,0.01824,3628.6,-38.08,4.26,-42.34,-42.34,3819.58,3777.24
301,ETH/INR,1h,LONG,2025-05-09 23:30:00+05:30,2025-05-10 01:30:00+05:30,2352.43,196428.31,2328.91,2399.48,2330.61,194605.61,INTRADAY_SQUAREOFF,0.01,37.77,0.018268,3588.37,-33.3,4.21,-37.51,-37.51,3777.24,3739.72
302,ETH/INR,1h,LONG,2025-05-10 05:30:00+05:30,2025-05-10 12:30:00+05:30,2346.98,195972.77,2323.51,2393.92,2392.72,199792.28,TARGET_HIT,0.01,37.4,0.018129,3552.74,69.24,4.23,65.01,65.01,3739.72,3804.73
303,ETH/INR,1h,LONG,2025-05-10 19:30:00+05:30,2025-05-10 22:30:00+05:30,2444.4,204107.0,2419.95,2493.28,2492.04,208085.04,TARGET_HIT,0.01,38.05,0.017709,3614.5,70.45,4.31,66.14,66.14,3804.73,3870.87
304,ETH/INR,1h,LONG,2025-05-11 03:30:00+05:30,2025-05-11 05:30:00+05:30,2545.42,212542.29,2519.96,2596.32,2518.7,210311.66,STOP_LOSS,0.01,38.71,0.017302,3677.33,-38.59,4.32,-42.91,-42.91,3870.87,3827.96
305,ETH/INR,1h,LONG,2025-05-11 11:30:00+05:30,2025-05-11 13:30:00+05:30,2562.21,213944.59,2536.59,2613.45,2535.32,211699.24,STOP_LOSS,0.01,38.28,0.016998,3636.56,-38.17,4.27,-42.43,-42.43,3827.96,3785.53
306,ETH/INR,1h,SHORT,2025-05-13 06:30:00+05:30,2025-05-13 14:30:00+05:30,2458.42,205278.44,2483.01,2409.26,2484.25,207434.89,STOP_LOSS,0.01,37.86,0.017519,3596.25,-37.78,4.27,-42.04,-42.04,3785.53,3743.48
307,ETH/INR,1h,LONG,2025-05-13 21:30:00+05:30,2025-05-13 23:30:00+05:30,2572.2,214778.37,2546.47,2623.64,2622.33,218964.4,TARGET_HIT,0.01,37.43,0.016558,3556.31,69.31,4.24,65.08,65.08,3743.48,3808.56
308,ETH/INR,1h,LONG,2025-05-14 06:30:00+05:30,2025-05-14 08:30:00+05:30,2701.03,225536.13,2674.02,2755.05,2672.68,223169.13,STOP_LOSS,0.01,38.09,0.016042,3618.13,-37.97,4.25,-42.22,-42.22,3808.56,3766.34
309,ETH/INR,1h,LONG,2025-05-14 17:30:00+05:30,2025-05-14 19:30:00+05:30,2633.75,219918.09,2607.41,2686.42,2606.11,217610.05,STOP_LOSS,0.01,37.66,0.01627,3578.02,-37.55,4.2,-41.75,-41.75,3766.34,3724.59
310,ETH/INR,1h,SHORT,2025-05-15 19:30:00+05:30,2025-05-15 21:30:00+05:30,2515.41,210036.62,2540.56,2465.1,2541.83,212243.06,STOP_LOSS,0.01,37.25,0.016846,3538.36,-37.17,4.2,-41.37,-41.37,3724.59,3683.22
311,ETH/INR,1h,SHORT,2025-05-16 00:30:00+05:30,2025-05-16 03:30:00+05:30,2520.65,210473.88,2545.85,2470.23,2547.12,212684.91,STOP_LOSS,0.01,36.83,0.016625,3499.06,-36.76,4.15,-40.91,-40.91,3683.22,3642.31
312,ETH/INR,1h,SHORT,2025-05-17 11:30:00+05:30,2025-05-18 00:30:00+05:30,2476.71,206804.88,2501.47,2427.17,2467.03,205997.39,INTRADAY_SQUAREOFF,0.01,36.42,0.016732,3460.2,13.51,4.08,9.44,9.44,3642.31,3651.75
313,ETH/INR,1h,SHORT,2025-05-18 04:30:00+05:30,2025-05-18 06:30:00+05:30,2455.73,205053.33,2480.29,2406.61,2481.53,207207.42,STOP_LOSS,0.01,36.52,0.016918,3469.16,-36.44,4.12,-40.56,-40.56,3651.75,3611.19
314,ETH/INR,1h,SHORT,2025-05-18 15:30:00+05:30,2025-05-18 18:30:00+05:30,2504.38,209115.51,2529.42,2454.29,2530.69,211312.26,STOP_LOSS,0.01,36.11,0.016405,3430.63,-36.04,4.07,-40.11,-40.11,3611.19,3571.08
315,ETH/INR,1h,SHORT,2025-05-19 12:30:00+05:30,2025-05-19 14:30:00+05:30,2354.28,196582.79,2377.83,2307.2,2379.02,198647.89,STOP_LOSS,0.01,35.71,0.017257,3392.53,-35.64,4.02,-39.66,-39.66,3571.08,3531.42
316,ETH/INR,1h,SHORT,2025-05-19 18:30:00+05:30,2025-05-19 20:30:00+05:30,2387.03,199316.99,2410.9,2339.29,2412.11,201410.81,STOP_LOSS,0.01,35.31,0.016832,3354.85,-35.24,3.98,-39.22,-39.22,3531.42,3492.2
317,ETH/INR,1h,LONG,2025-05-23 05:30:00+05:30,2025-05-23 07:30:00+05:30,2666.04,222614.08,2639.38,2719.36,2718.0,226952.83,TARGET_HIT,0.01,34.92,0.014903,3317.59,64.66,3.95,60.71,60.71,3492.2,3552.9
318,ETH/INR,1h,LONG,2025-05-23 15:30:00+05:30,2025-05-23 17:30:00+05:30,2687.73,224425.69,2660.86,2741.49,2659.53,222070.34,STOP_LOSS,0.01,35.53,0.01504,3375.26,-35.42,3.96,-39.39,-39.39,3552.9,3513.52
319,ETH/INR,1h,SHORT,2025-05-24 00:30:00+05:30,2025-05-25 00:30:00+05:30,2554.09,213266.7,2579.63,2503.01,2551.06,213013.17,INTRADAY_SQUAREOFF,0.01,35.14,0.015651,3337.84,3.97,3.94,0.03,0.03,3513.52,3513.55
320,ETH/INR,1h,SHORT,2025-05-25 04:30:00+05:30,2025-05-25 13:30:00+05:30,2524.14,210766.01,2549.39,2473.66,2474.9,206653.96,TARGET_HIT,0.01,35.14,0.015837,3337.87,65.12,3.9,61.22,61.22,3513.55,3574.77
321,ETH/INR,1h,LONG,2025-05-26 18:30:00+05:30,2025-05-26 20:30:00+05:30,2574.47,214967.87,2548.72,2625.95,2547.45,212711.79,STOP_LOSS,0.01,35.75,0.015798,3396.03,-35.64,3.99,-39.63,-39.63,3574.77,3535.14
322,ETH/INR,1h,LONG,2025-05-27 02:30:00+05:30,2025-05-27 06:30:00+05:30,2568.14,214440.05,2542.46,2619.51,2541.19,212189.5,STOP_LOSS,0.01,35.35,0.015661,3358.39,-35.25,3.94,-39.19,-39.19,3535.14,3495.96
323,ETH/INR,1h,LONG,2025-05-27 21:30:00+05:30,2025-05-28 00:30:00+05:30,2671.24,223048.42,2644.53,2724.66,2679.87,223769.01,INTRADAY_SQUAREOFF,0.01,34.96,0.01489,3321.16,10.73,3.93,6.8,6.8,3495.96,3502.76
324,ETH/INR,1h,LONG,2025-05-28 14:30:00+05:30,2025-05-28 20:30:00+05:30,2646.6,220991.45,2620.14,2699.54,2618.83,218672.14,STOP_LOSS,0.01,35.03,0.015058,3327.62,-34.92,3.91,-38.83,-38.83,3502.76,3463.93
325,ETH/INR,1h,LONG,2025-05-28 22:30:00+05:30,2025-05-29 00:30:00+05:30,2644.33,220801.23,2617.88,2697.21,2635.29,220046.62,INTRADAY_SQUAREOFF,0.01,34.64,0.014904,3290.73,-11.25,3.88,-15.12,-15.12,3463.93,3448.81
326,ETH/INR,1h,LONG,2025-05-29 05:30:00+05:30,2025-05-29 07:30:00+05:30,2685.43,224233.26,2658.57,2739.14,2737.77,228603.56,TARGET_HIT,0.01,34.49,0.014611,3276.37,63.86,3.9,59.95,59.95,3448.81,3508.76
327,ETH/INR,1h,LONG,2025-05-29 15:30:00+05:30,2025-05-29 17:30:00+05:30,2738.67,228678.78,2711.28,2793.44,2709.93,226278.79,STOP_LOSS,0.01,35.09,0.014576,3333.32,-34.98,3.91,-38.9,-38.9,3508.76,3469.86
328,ETH/INR,1h,SHORT,2025-05-30 06:30:00+05:30,2025-05-30 08:30:00+05:30,2566.76,214324.74,2592.43,2515.43,2593.73,216576.22,STOP_LOSS,0.01,34.7,0.01538,3296.37,-34.63,3.91,-38.54,-38.54,3469.86,3431.33
329,ETH/INR,1h,SHORT,2025-05-30 19:30:00+05:30,2025-05-30 21:30:00+05:30,2574.86,215001.17,2600.61,2523.37,2601.91,217259.75,STOP_LOSS,0.01,34.31,0.015162,3259.76,-34.24,3.87,-38.11,-38.11,3431.33,3393.21
330,ETH/INR,1h,SHORT,2025-05-31 04:30:00+05:30,2025-06-01 00:30:00+05:30,2524.68,210810.81,2549.93,2474.19,2541.98,212255.11,INTRADAY_SQUAREOFF,0.01,33.93,0.015291,3223.55,-22.09,3.82,-25.9,-25.9,3393.21,3367.31
331,ETH/INR,1h,SHORT,2025-06-01 04:30:00+05:30,2025-06-01 17:30:00+05:30,2531.45,211376.07,2556.76,2480.82,2482.06,207252.12,TARGET_HIT,0.01,33.67,0.015134,3198.95,62.41,3.74,58.67,58.67,3367.31,3425.99
332,ETH/INR,1h,LONG,2025-06-03 03:30:00+05:30,2025-06-03 05:30:00+05:30,2562.16,213940.04,2536.53,2613.4,2612.09,218109.73,TARGET_HIT,0.01,34.26,0.015213,3254.69,63.43,3.88,59.56,59.56,3425.99,3485.54
333,ETH/INR,1h,LONG,2025-06-03 11:30:00+05:30,2025-06-04 00:30:00+05:30,2617.35,218549.01,2591.18,2669.7,2618.38,218634.9,INTRADAY_SQUAREOFF,0.01,34.86,0.015151,3311.27,1.3,3.91,-2.61,-2.61,3485.54,3482.94
334,ETH/INR,1h,LONG,2025-06-04 07:30:00+05:30,2025-06-04 20:30:00+05:30,2618.49,218644.3,2592.31,2670.86,2669.53,222905.68,TARGET_HIT,0.01,34.83,0.015133,3308.79,64.49,3.94,60.55,60.55,3482.94,3543.48
335,ETH/INR,1h,LONG,2025-06-05 10:30:00+05:30,2025-06-05 12:30:00+05:30,2635.22,220040.89,2608.87,2687.92,2607.56,217731.56,STOP_LOSS,0.01,35.43,0.015299,3366.31,-35.33,3.95,-39.28,-39.28,3543.48,3504.2
336,ETH/INR,1h,SHORT,2025-06-06 01:30:00+05:30,2025-06-06 03:30:00+05:30,2515.92,210079.17,2541.08,2465.6,2466.83,205980.52,TARGET_HIT,0.01,35.04,0.015846,3328.99,64.95,3.89,61.06,61.06,3504.2,3565.26
337,ETH/INR,1h,LONG,2025-06-08 20:30:00+05:30,2025-06-09 00:30:00+05:30,2517.76,210233.3,2492.59,2568.12,2532.12,211432.04,INTRADAY_SQUAREOFF,0.01,35.65,0.016111,3387.0,19.31,4.01,15.3,15.3,3565.26,3580.56
338,ETH/INR,1h,LONG,2025-06-10 02:30:00+05:30,2025-06-10 04:30:00+05:30,2593.2,216532.38,2567.27,2645.07,2643.74,220752.6,TARGET_HIT,0.01,35.81,0.015709,3401.54,66.3,4.05,62.24,62.24,3580.56,3642.81
339,ETH/INR,1h,LONG,2025-06-10 15:30:00+05:30,2025-06-10 17:30:00+05:30,2693.88,224938.83,2666.94,2747.76,2746.38,229322.89,TARGET_HIT,0.01,36.43,0.015385,3460.67,67.45,4.12,63.33,63.33,3642.81,3706.13
340,ETH/INR,1h,LONG,2025-06-11 00:30:00+05:30,2025-06-11 03:30:00+05:30,2762.34,230655.51,2734.72,2817.59,2816.18,235150.98,TARGET_HIT,0.01,37.06,0.015264,3520.83,68.62,4.2,64.43,64.43,3706.13,3770.56
341,ETH/INR,1h,LONG,2025-06-11 20:30:00+05:30,2025-06-11 23:30:00+05:30,2851.24,238078.63,2822.73,2908.27,2821.32,235579.99,STOP_LOSS,0.01,37.71,0.015046,3582.03,-37.59,4.2,-41.8,-41.8,3770.56,3728.76
342,ETH/INR,1h,SHORT,2025-06-12 17:30:00+05:30,2025-06-12 19:30:00+05:30,2725.45,227574.75,2752.7,2670.94,2754.08,229965.43,STOP_LOSS,0.01,37.29,0.015566,3542.32,-37.21,4.2,-41.41,-41.41,3728.76,3687.35
343,ETH/INR,1h,SHORT,2025-06-12 21:30:00+05:30,2025-06-12 23:30:00+05:30,2715.49,226743.49,2742.65,2661.18,2744.02,229125.43,STOP_LOSS,0.01,36.87,0.015449,3502.98,-36.8,4.16,-40.95,-40.95,3687.35,3646.39
344,ETH/INR,1h,SHORT,2025-06-13 06:30:00+05:30,2025-06-13 11:30:00+05:30,2502.49,208957.8,2527.51,2452.44,2528.78,211152.9,STOP_LOSS,0.01,36.46,0.016578,3464.07,-36.39,4.11,-40.5,-40.5,3646.39,3605.89
345,ETH/INR,1h,SHORT,2025-06-14 06:30:00+05:30,2025-06-14 20:30:00+05:30,2560.74,213821.85,2586.35,2509.53,2510.78,209650.19,TARGET_HIT,0.01,36.06,0.016021,3425.6,66.83,4.0,62.83,62.83,3605.89,3668.72
346,ETH/INR,1h,SHORT,2025-06-15 08:30:00+05:30,2025-06-15 21:30:00+05:30,2528.74,211149.88,2554.03,2478.17,2555.31,213368.01,STOP_LOSS,0.01,36.69,0.016506,3485.29,-36.61,4.13,-40.75,-40.75,3668.72,3627.98
347,ETH/INR,1h,LONG,2025-06-16 10:30:00+05:30,2025-06-16 12:30:00+05:30,2578.69,215320.52,2552.9,2630.26,2628.95,219517.12,TARGET_HIT,0.01,36.28,0.016007,3446.58,67.17,4.11,63.07,63.07,3627.98,3691.04
348,ETH/INR,1h,LONG,2025-06-16 19:30:00+05:30,2025-06-17 00:30:00+05:30,2644.15,220786.85,2617.71,2697.04,2653.81,221593.49,INTRADAY_SQUAREOFF,0.01,36.91,0.015882,3506.49,12.81,4.15,8.67,8.67,3691.04,3699.71
349,ETH/INR,1h,SHORT,2025-06-17 14:30:00+05:30,2025-06-17 20:30:00+05:30,2569.37,214542.47,2595.06,2517.98,2519.24,210356.75,TARGET_HIT,0.01,37.0,0.016382,3514.72,68.57,4.11,64.47,64.47,3699.71,3764.17
350,ETH/INR,1h,SHORT,2025-06-18 04:30:00+05:30,2025-06-18 06:30:00+05:30,2492.9,208156.82,2517.82,2443.04,2519.08,210343.5,STOP_LOSS,0.01,37.64,0.017179,3575.97,-37.57,4.24,-41.81,-41.81,3764.17,3722.37
351,ETH/INR,1h,SHORT,2025-06-18 12:30:00+05:30,2025-06-19 00:30:00+05:30,2520.34,210448.64,2545.55,2469.94,2479.1,207004.71,INTRADAY_SQUAREOFF,0.01,37.22,0.016803,3536.25,57.87,4.14,53.73,53.73,3722.37,3776.1
352,ETH/INR,1h,SHORT,2025-06-19 07:30:00+05:30,2025-06-19 14:30:00+05:30,2510.22,209603.05,2535.32,2460.01,2536.59,211804.93,STOP_LOSS,0.01,37.76,0.017115,3587.29,-37.68,4.26,-41.94,-41.94,3776.1,3734.16
353,ETH/INR,1h,SHORT,2025-06-19 19:30:00+05:30,2025-06-20 00:30:00+05:30,2508.75,209480.72,2533.84,2458.58,2506.33,209278.3,INTRADAY_SQUAREOFF,0.01,37.34,0.016934,3547.45,3.43,4.18,-0.76,-0.76,3734.16,3733.4
354,ETH/INR,1h,SHORT,2025-06-20 08:30:00+05:30,2025-06-20 12:30:00+05:30,2514.36,209948.74,2539.5,2464.07,2540.77,212154.25,STOP_LOSS,0.01,37.33,0.016893,3546.73,-37.26,4.21,-41.47,-41.47,3733.4,3691.94
355,ETH/INR,1h,SHORT,2025-06-21 04:30:00+05:30,2025-06-21 06:30:00+05:30,2385.09,199154.8,2408.94,2337.39,2410.14,201246.92,STOP_LOSS,0.01,36.92,0.017611,3507.34,-36.84,4.16,-41.01,-41.01,3691.94,3650.93
356,ETH/INR,1h,SHORT,2025-06-21 18:30:00+05:30,2025-06-21 23:30:00+05:30,2434.68,203295.82,2459.03,2385.99,2387.18,199329.52,TARGET_HIT,0.01,36.51,0.017061,3468.38,67.67,4.05,63.62,63.62,3650.93,3714.55
357,ETH/INR,1h,SHORT,2025-06-22 03:30:00+05:30,2025-06-22 05:30:00+05:30,2250.71,187934.53,2273.22,2205.7,2274.36,189908.78,STOP_LOSS,0.01,37.15,0.018777,3528.82,-37.07,4.19,-41.26,-41.26,3714.55,3673.29
358,ETH/INR,1h,SHORT,2025-06-22 13:30:00+05:30,2025-06-22 18:30:00+05:30,2268.7,189436.33,2291.39,2223.32,2224.44,185740.43,TARGET_HIT,0.01,36.73,0.018421,3489.63,68.08,4.08,64.01,64.01,3673.29,3737.3
359,ETH/INR,1h,LONG,2025-06-24 04:30:00+05:30,2025-06-24 06:30:00+05:30,2433.6,203205.82,2409.27,2482.27,2408.06,201073.18,STOP_LOSS,0.01,37.37,0.017472,3550.43,-37.26,4.17,-41.43,-41.43,3737.3,3695.87
360,ETH/INR,1h,LONG,2025-06-24 11:30:00+05:30,2025-06-24 13:30:00+05:30,2426.13,202582.09,2401.87,2474.66,2400.67,200456.0,STOP_LOSS,0.01,36.96,0.017332,3511.07,-36.85,4.12,-40.97,-40.97,3695.87,3654.9
361,ETH/INR,1h,LONG,2025-06-25 02:30:00+05:30,2025-06-25 10:30:00+05:30,2452.15,204754.42,2427.63,2501.19,2426.41,202605.53,STOP_LOSS,0.01,36.55,0.016958,3472.15,-36.44,4.08,-40.52,-40.52,3654.9,3614.38
362,ETH/INR,1h,LONG,2025-06-25 12:30:00+05:30,2025-06-25 14:30:00+05:30,2447.14,204336.31,2422.67,2496.08,2421.46,202191.8,STOP_LOSS,0.01,36.14,0.016804,3433.66,-36.04,4.03,-40.07,-40.07,3614.38,3574.31
363,ETH/INR,1h,LONG,2025-06-26 02:30:00+05:30,2025-06-26 04:30:00+05:30,2442.78,203972.06,2418.35,2491.63,2417.14,201831.37,STOP_LOSS,0.01,35.74,0.016647,3395.6,-35.64,3.99,-39.62,-39.62,3574.31,3534.69
364,ETH/INR,1h,LONG,2025-06-26 12:30:00+05:30,2025-06-26 15:30:00+05:30,2490.01,207915.57,2465.11,2539.81,2463.87,205733.5,STOP_LOSS,0.01,35.35,0.016151,3357.96,-35.24,3.94,-39.18,-39.18,3534.69,3495.51
365,ETH/INR,1h,SHORT,2025-06-27 11:30:00+05:30,2025-06-27 13:30:00+05:30,2435.45,203360.39,2459.81,2386.74,2461.04,205496.69,STOP_LOSS,0.01,34.96,0.016329,3320.73,-34.88,3.94,-38.82,-38.82,3495.51,3456.68
366,ETH/INR,1h,SHORT,2025-06-27 18:30:00+05:30,2025-06-28 00:30:00+05:30,2427.66,202709.86,2451.94,2379.11,2395.91,200058.34,INTRADAY_SQUAREOFF,0.01,34.57,0.0162,3283.85,42.95,3.85,39.1,39.1,3456.68,3495.79
367,ETH/INR,1h,SHORT,2025-06-28 06:30:00+05:30,2025-06-28 22:30:00+05:30,2418.01,201904.19,2442.19,2369.65,2443.42,204025.19,STOP_LOSS,0.01,34.96,0.016448,3321.0,-34.89,3.94,-38.83,-38.83,3495.79,3456.96
368,ETH/INR,1h,LONG,2025-06-30 06:30:00+05:30,2025-06-30 08:30:00+05:30,2522.86,210659.15,2497.64,2573.32,2496.39,208448.28,STOP_LOSS,0.01,34.57,0.01559,3284.11,-34.47,3.85,-38.32,-38.32,3456.96,3418.64
369,ETH/INR,1h,SHORT,2025-07-01 20:30:00+05:30,2025-07-02 00:30:00+05:30,2410.67,201291.05,2434.78,2362.46,2412.38,201433.84,INTRADAY_SQUAREOFF,0.01,34.19,0.016134,3247.71,-2.3,3.83,-6.14,-6.14,3418.64,3412.5
370,ETH/INR,1h,SHORT,2025-07-02 04:30:00+05:30,2025-07-02 08:30:00+05:30,2399.67,200372.28,2423.66,2351.67,2424.88,202477.19,STOP_LOSS,0.01,34.13,0.016179,3241.88,-34.06,3.85,-37.9,-37.9,3412.5,3374.6
371,ETH/INR,1h,LONG,2025-07-03 11:30:00+05:30,2025-07-03 17:30:00+05:30,2598.66,216988.38,2572.68,2650.64,2571.39,214711.08,STOP_LOSS,0.01,33.75,0.014774,3205.87,-33.65,3.76,-37.41,-37.41,3374.6,3337.19
372,ETH/INR,1h,LONG,2025-07-03 19:30:00+05:30,2025-07-03 21:30:00+05:30,2634.64,219992.6,2608.3,2687.33,2606.99,217683.77,STOP_LOSS,0.01,33.37,0.014411,3170.33,-33.27,3.72,-36.99,-36.99,3337.19,3300.2
373,ETH/INR,1h,SHORT,2025-07-04 19:30:00+05:30,2025-07-05 00:30:00+05:30,2524.58,210802.28,2549.82,2474.09,2485.61,207548.69,INTRADAY_SQUAREOFF,0.01,33.0,0.014873,3135.19,48.39,3.67,44.72,44.72,3300.2,3344.92
374,ETH/INR,1h,SHORT,2025-07-05 19:30:00+05:30,2025-07-06 00:30:00+05:30,2513.41,209869.71,2538.54,2463.14,2494.7,208307.42,INTRADAY_SQUAREOFF,0.01,33.45,0.015141,3177.67,23.65,3.74,19.92,19.92,3344.92,3364.84
375,ETH/INR,1h,SHORT,2025-07-06 11:30:00+05:30,2025-07-06 18:30:00+05:30,2509.32,209528.44,2534.42,2459.14,2535.68,211729.53,STOP_LOSS,0.01,33.65,0.015256,3196.59,-33.58,3.79,-37.37,-37.37,3364.84,3327.46
376,ETH/INR,1h,LONG,2025-07-07 03:30:00+05:30,2025-07-07 05:30:00+05:30,2600.72,217159.89,2574.71,2652.73,2573.42,214880.79,STOP_LOSS,0.01,33.27,0.014557,3161.09,-33.18,3.71,-36.89,-36.89,3327.46,3290.58
377,ETH/INR,1h,LONG,2025-07-07 13:30:00+05:30,2025-07-07 17:30:00+05:30,2580.11,215439.1,2554.31,2631.71,2553.03,213178.07,STOP_LOSS,0.01,32.91,0.01451,3126.05,-32.81,3.67,-36.48,-36.48,3290.58,3254.1
378,ETH/INR,1h,LONG,2025-07-07 19:30:00+05:30,2025-07-07 21:30:00+05:30,2568.15,214440.33,2542.47,2619.51,2541.19,212189.78,STOP_LOSS,0.01,32.54,0.014416,3091.4,-32.44,3.63,-36.07,-36.07,3254.1,3218.03
379,ETH/INR,1h,LONG,2025-07-08 23:30:00+05:30,2025-07-09 01:30:00+05:30,2627.36,219384.23,2601.08,2679.9,2609.6,217901.32,INTRADAY_SQUAREOFF,0.01,32.18,0.013935,3057.13,-20.66,3.6,-24.26,-24.26,3218.03,3193.77
380,ETH/INR,1h,LONG,2025-07-09 05:30:00+05:30,2025-07-09 08:30:00+05:30,2619.25,218707.51,2593.06,2671.64,2591.76,216412.17,STOP_LOSS,0.01,31.94,0.013873,3034.08,-31.84,3.56,-35.4,-35.4,3193.77,3158.36
381,ETH/INR,1h,LONG,2025-07-09 12:30:00+05:30,2025-07-09 14:30:00+05:30,2633.72,219915.31,2607.38,2686.39,2606.08,217607.3,STOP_LOSS,0.01,31.58,0.013644,3000.45,-31.49,3.52,-35.01,-35.01,3158.36,3123.35
382,ETH/INR,1h,LONG,2025-07-09 16:30:00+05:30,2025-07-09 23:30:00+05:30,2622.07,218943.06,2595.85,2674.51,2673.18,223210.26,TARGET_HIT,0.01,31.23,0.013552,2967.19,57.83,3.54,54.3,54.3,3123.35,3177.65
383,ETH/INR,1h,LONG,2025-07-10 04:30:00+05:30,2025-07-10 23:30:00+05:30,2783.08,232387.43,2755.25,2838.74,2837.33,236916.66,TARGET_HIT,0.01,31.78,0.01299,3018.77,58.84,3.6,55.24,55.24,3177.65,3232.89
384,ETH/INR,1h,LONG,2025-07-11 03:30:00+05:30,2025-07-11 05:30:00+05:30,2996.65,250220.25,2966.68,3056.58,2965.2,247594.19,STOP_LOSS,0.01,32.33,0.012274,3071.24,-32.23,3.61,-35.84,-35.84,3232.89,3197.05
385,ETH/INR,1h,LONG,2025-07-11 08:30:00+05:30,2025-07-11 14:30:00+05:30,2969.41,247945.53,2939.71,3028.8,3027.28,252777.99,TARGET_HIT,0.01,31.97,0.012249,3037.2,59.19,3.62,55.58,55.58,3197.05,3252.63
386,ETH/INR,1h,LONG,2025-07-11 19:30:00+05:30,2025-07-11 21:30:00+05:30,3009.19,251267.13,2979.1,3069.37,2977.61,248630.08,STOP_LOSS,0.01,32.53,0.012298,3089.99,-32.43,3.63,-36.06,-36.06,3252.63,3216.57
387,ETH/INR,1h,SHORT,2025-07-13 02:30:00+05:30,2025-07-13 05:30:00+05:30,2917.67,243625.76,2946.85,2859.32,2948.32,246185.05,STOP_LOSS,0.01,32.17,0.012543,3055.74,-32.1,3.62,-35.73,-35.73,3216.57,3180.84
388,ETH/INR,1h,SHORT,2025-07-13 11:30:00+05:30,2025-07-13 17:30:00+05:30,2949.89,246315.76,2979.39,2890.89,2980.88,248903.3,STOP_LOSS,0.01,31.81,0.012268,3021.8,-31.74,3.58,-35.33,-35.33,3180.84,3145.52
389,ETH/INR,1h,LONG,2025-07-14 05:30:00+05:30,2025-07-14 08:30:00+05:30,2979.44,248783.48,2949.65,3039.03,3037.51,253632.27,TARGET_HIT,0.01,31.46,0.012011,2988.24,58.24,3.56,54.68,54.68,3145.52,3200.2
390,ETH/INR,1h,LONG,2025-07-14 13:30:00+05:30,2025-07-14 20:30:00+05:30,3051.57,254805.97,3021.05,3112.6,3019.54,252131.78,STOP_LOSS,0.01,32.0,0.011931,3040.19,-31.91,3.57,-35.48,-35.48,3200.2,3164.72
391,ETH/INR,1h,LONG,2025-07-15 03:30:00+05:30,2025-07-15 06:30:00+05:30,3016.23,251855.57,2986.07,3076.56,2984.58,249212.35,STOP_LOSS,0.01,31.65,0.011937,3006.48,-31.55,3.53,-35.08,-35.08,3164.72,3129.64
392,ETH/INR,1h,LONG,2025-07-15 23:30:00+05:30,2025-07-16 01:30:00+05:30,3096.8,258583.17,3065.84,3158.74,3064.3,255869.34,STOP_LOSS,0.01,31.3,0.011498,2973.16,-31.2,3.49,-34.69,-34.69,3129.64,3094.94
393,ETH/INR,1h,LONG,2025-07-16 19:30:00+05:30,2025-07-16 21:30:00+05:30,3199.28,267140.27,3167.29,3263.27,3261.64,272346.83,TARGET_HIT,0.01,30.95,0.011006,2940.2,57.3,3.5,53.8,53.8,3094.94,3148.75
394,ETH/INR,1h,LONG,2025-07-17 10:30:00+05:30,2025-07-17 12:30:00+05:30,3353.1,279984.16,3319.57,3420.17,3418.46,285441.05,TARGET_HIT,0.01,31.49,0.010684,2991.31,58.3,3.56,54.74,54.74,3148.75,3203.48
395,ETH/INR,1h,LONG,2025-07-18 06:30:00+05:30,2025-07-18 09:30:00+05:30,3543.38,295872.57,3507.95,3614.25,3612.44,301639.13,TARGET_HIT,0.01,32.03,0.010286,3043.31,59.31,3.63,55.69,55.69,3203.48,3259.17
396,ETH/INR,1h,LONG,2025-07-18 18:30:00+05:30,2025-07-18 20:30:00+05:30,3638.68,303829.37,3602.29,3711.45,3600.49,300640.68,STOP_LOSS,0.01,32.59,0.010191,3096.21,-32.49,3.63,-36.13,-36.13,3259.17,3223.04
397,ETH/INR,1h,LONG,2025-07-20 14:30:00+05:30,2025-07-20 21:30:00+05:30,3716.58,310334.08,3679.41,3790.91,3789.01,316382.5,TARGET_HIT,0.01,32.23,0.009866,3061.89,59.68,3.65,56.03,56.03,3223.04,3279.07
398,ETH/INR,1h,LONG,2025-07-21 03:30:00+05:30,2025-07-21 05:30:00+05:30,3774.72,315189.4,3736.98,3850.22,3735.11,311881.49,STOP_LOSS,0.01,32.79,0.009883,3115.12,-32.69,3.66,-36.35,-36.35,3279.07,3242.72
399,ETH/INR,1h,LONG,2025-07-21 16:30:00+05:30,2025-07-21 18:30:00+05:30,3820.27,318992.91,3782.07,3896.68,3780.18,315645.08,STOP_LOSS,0.01,32.43,0.009657,3080.58,-32.33,3.62,-35.95,-35.95,3242.72,3206.77
400,ETH/INR,1h,LONG,2025-07-22 07:30:00+05:30,2025-07-22 09:30:00+05:30,3799.26,317238.46,3761.27,3875.25,3759.39,313909.04,STOP_LOSS,0.01,32.07,0.009603,3046.43,-31.97,3.58,-35.55,-35.55,3206.77,3171.22
401,ETH/INR,1h,SHORT,2025-07-22 13:30:00+05:30,2025-07-22 16:30:00+05:30,3670.34,306473.06,3707.04,3596.93,3708.89,309692.56,STOP_LOSS,0.01,31.71,0.00983,3012.66,-31.65,3.57,-35.22,-35.22,3171.22,3136.0
402,ETH/INR,1h,SHORT,2025-07-22 19:30:00+05:30,2025-07-22 21:30:00+05:30,3639.18,303871.57,3675.57,3566.4,3677.41,307063.74,STOP_LOSS,0.01,31.36,0.009804,2979.2,-31.3,3.53,-34.83,-34.83,3136.0,3101.17
403,ETH/INR,1h,SHORT,2025-07-23 01:30:00+05:30,2025-07-23 03:30:00+05:30,3660.4,305643.65,3697.01,3587.19,3698.86,308854.44,STOP_LOSS,0.01,31.01,0.009639,2946.11,-30.95,3.49,-34.44,-34.44,3101.17,3066.73
404,ETH/INR,1h,SHORT,2025-07-23 09:30:00+05:30,2025-07-23 15:30:00+05:30,3727.58,311253.0,3764.86,3653.03,3654.86,305180.45,TARGET_HIT,0.01,30.67,0.00936,2913.39,56.84,3.4,53.44,53.44,3066.73,3120.16
405,ETH/INR,1h,SHORT,2025-07-23 18:30:00+05:30,2025-07-23 22:30:00+05:30,3637.61,303740.09,3673.98,3564.85,3566.64,297814.12,TARGET_HIT,0.01,31.2,0.009759,2964.16,57.83,3.46,54.37,54.37,3120.16,3174.53
406,ETH/INR,1h,SHORT,2025-07-24 10:30:00+05:30,2025-07-24 12:30:00+05:30,3606.65,301155.53,3642.72,3534.52,3536.29,295279.99,TARGET_HIT,0.01,31.75,0.010014,3015.81,58.84,3.52,55.31,55.31,3174.53,3229.85
407,ETH/INR,1h,LONG,2025-07-25 00:30:00+05:30,2025-07-25 02:30:00+05:30,3753.05,313379.5,3715.52,3828.11,3713.66,310090.59,STOP_LOSS,0.01,32.3,0.009791,3068.35,-32.2,3.6,-35.8,-35.8,3229.85,3194.04
408,ETH/INR,1h,LONG,2025-07-26 00:30:00+05:30,2025-07-26 07:30:00+05:30,3656.83,305344.99,3620.26,3729.96,3728.1,311296.17,TARGET_HIT,0.01,31.94,0.009937,3034.34,59.14,3.62,55.52,55.52,3194.04,3249.57
409,ETH/INR,1h,LONG,2025-07-27 00:30:00+05:30,2025-07-27 15:30:00+05:30,3751.52,313251.52,3714.0,3826.55,3824.63,319356.79,TARGET_HIT,0.01,32.5,0.009855,3087.09,60.17,3.68,56.49,56.49,3249.57,3306.06
410,ETH/INR,1h,LONG,2025-07-27 23:30:00+05:30,2025-07-28 01:30:00+05:30,3842.92,320883.96,3804.49,3919.78,3828.33,319665.47,INTRADAY_SQUAREOFF,0.01,33.06,0.009788,3140.75,-11.93,3.7,-15.63,-15.63,3306.06,3290.43
411,ETH/INR,1h,LONG,2025-07-28 05:30:00+05:30,2025-07-28 18:30:00+05:30,3877.83,323798.56,3839.05,3955.38,3837.13,320400.3,STOP_LOSS,0.01,32.9,0.009654,3125.91,-32.81,3.67,-36.48,-36.48,3290.43,3253.95
412,ETH/INR,1h,SHORT,2025-07-29 07:30:00+05:30,2025-07-29 09:30:00+05:30,3758.5,313834.38,3796.08,3683.33,3797.98,317131.21,STOP_LOSS,0.01,32.54,0.00985,3091.26,-32.47,3.67,-36.14,-36.14,3253.95,3217.81
413,ETH/INR,1h,SHORT,2025-07-30 10:30:00+05:30,2025-07-31 00:30:00+05:30,3799.97,317297.9,3837.97,3723.98,3725.84,311107.41,TARGET_HIT,0.01,32.18,0.009634,3056.92,59.64,3.57,56.07,56.07,3217.81,3273.88
414,ETH/INR,1h,SHORT,2025-07-31 23:30:00+05:30,2025-08-01 01:30:00+05:30,3769.28,314734.88,3806.97,3693.89,3740.11,312298.93,INTRADAY_SQUAREOFF,0.01,32.74,0.009882,3110.19,24.07,3.66,20.42,20.42,3273.88,3294.3
415,ETH/INR,1h,SHORT,2025-08-01 10:30:00+05:30,2025-08-01 13:30:00+05:30,3678.82,307181.54,3715.61,3605.24,3607.05,301188.43,TARGET_HIT,0.01,32.94,0.010188,3129.58,61.06,3.66,57.4,57.4,3294.3,3351.7
416,ETH/INR,1h,SHORT,2025-08-01 19:30:00+05:30,2025-08-01 21:30:00+05:30,3577.72,298739.36,3613.49,3506.16,3615.3,301877.61,STOP_LOSS,0.01,33.52,0.010659,3184.11,-33.45,3.78,-37.23,-37.23,3351.7,3314.47
417,ETH/INR,1h,SHORT,2025-08-02 11:30:00+05:30,2025-08-02 21:30:00+05:30,3514.59,293468.61,3549.74,3444.3,3446.02,287743.04,TARGET_HIT,0.01,33.14,0.010729,3148.75,61.43,3.68,57.75,57.75,3314.47,3372.23
418,ETH/INR,1h,SHORT,2025-08-02 23:30:00+05:30,2025-08-03 01:30:00+05:30,3415.85,285223.11,3450.0,3347.53,3385.07,282653.37,INTRADAY_SQUAREOFF,0.01,33.72,0.011232,3203.62,28.86,3.76,25.1,25.1,3372.23,3397.33
419,ETH/INR,1h,SHORT,2025-08-03 12:30:00+05:30,2025-08-03 15:30:00+05:30,3436.27,286928.71,3470.63,3367.55,3472.37,289942.9,STOP_LOSS,0.01,33.97,0.011248,3227.46,-33.9,3.83,-37.73,-37.73,3397.33,3359.59
420,ETH/INR,1h,SHORT,2025-08-03 20:30:00+05:30,2025-08-04 00:30:00+05:30,3468.0,289578.08,3502.68,3398.64,3504.43,292620.1,STOP_LOSS,0.01,33.6,0.011022,3191.61,-33.53,3.79,-37.31,-37.31,3359.59,3322.28
421,ETH/INR,1h,LONG,2025-08-04 08:30:00+05:30,2025-08-04 10:30:00+05:30,3571.75,298240.85,3536.03,3643.18,3534.26,295110.81,STOP_LOSS,0.01,33.22,0.010583,3156.17,-33.12,3.7,-36.83,-36.83,3322.28,3285.45
422,ETH/INR,1h,LONG,2025-08-04 13:30:00+05:30,2025-08-04 19:30:00+05:30,3555.7,296900.81,3520.14,3626.81,3625.0,302687.41,TARGET_HIT,0.01,32.85,0.010513,3121.18,60.83,3.72,57.11,57.11,3285.45,3342.56
423,ETH/INR,1h,LONG,2025-08-05 02:30:00+05:30,2025-08-05 07:30:00+05:30,3712.45,309989.82,3675.33,3786.7,3673.49,306736.48,STOP_LOSS,0.01,33.43,0.010244,3175.44,-33.33,3.73,-37.05,-37.05,3342.56,3305.51
424,ETH/INR,1h,SHORT,2025-08-06 06:30:00+05:30,2025-08-06 10:30:00+05:30,3570.42,298130.27,3606.13,3499.01,3607.93,301262.13,STOP_LOSS,0.01,33.06,0.010533,3140.23,-32.99,3.72,-36.71,-36.71,3305.51,3268.8
425,ETH/INR,1h,SHORT,2025-08-06 16:30:00+05:30,2025-08-06 20:30:00+05:30,3610.54,301480.07,3646.65,3538.33,3648.47,304647.12,STOP_LOSS,0.01,32.69,0.0103,3105.36,-32.62,3.68,-36.31,-36.31,3268.8,3232.49
426,ETH/INR,1h,LONG,2025-08-07 11:30:00+05:30,2025-08-07 15:30:00+05:30,3690.33,308142.36,3653.42,3764.13,3762.25,314148.05,TARGET_HIT,0.01,32.32,0.009966,3070.87,59.85,3.66,56.19,56.19,3232.49,3288.68
427,ETH/INR,1h,LONG,2025-08-08 01:30:00+05:30,2025-08-08 08:30:00+05:30,3879.94,323974.62,3841.14,3957.53,3955.56,330288.89,TARGET_HIT,0.01,32.89,0.009644,3124.25,60.89,3.72,57.17,57.17,3288.68,3345.85
428,ETH/INR,1h,LONG,2025-08-08 17:30:00+05:30,2025-08-08 19:30:00+05:30,3922.37,327518.25,3883.15,4000.82,3998.82,333901.58,TARGET_HIT,0.01,33.46,0.009705,3178.56,61.95,3.79,58.16,58.16,3345.85,3404.02
429,ETH/INR,1h,LONG,2025-08-08 23:30:00+05:30,2025-08-09 01:30:00+05:30,4035.8,336989.02,3995.44,4116.51,4058.77,338906.98,INTRADAY_SQUAREOFF,0.01,34.04,0.009596,3233.82,18.41,3.83,14.58,14.58,3404.02,3418.59
430,ETH/INR,1h,LONG,2025-08-09 07:30:00+05:30,2025-08-09 10:30:00+05:30,4036.06,337010.91,3995.7,4116.78,4114.72,343579.25,TARGET_HIT,0.01,34.19,0.009637,3247.66,63.3,3.87,59.43,59.43,3418.59,3478.02
431,ETH/INR,1h,LONG,2025-08-09 15:30:00+05:30,2025-08-09 17:30:00+05:30,4233.57,353502.92,4191.23,4318.24,4189.14,349792.9,STOP_LOSS,0.01,34.78,0.009347,3304.12,-34.68,3.88,-38.56,-38.56,3478.02,3439.47
432,ETH/INR,1h,LONG,2025-08-12 06:30:00+05:30,2025-08-12 17:30:00+05:30,4278.34,357241.57,4235.56,4363.91,4361.73,364204.21,TARGET_HIT,0.01,34.39,0.009146,3267.49,63.68,3.89,59.79,59.79,3439.47,3499.26
433,ETH/INR,1h,LONG,2025-08-12 21:30:00+05:30,2025-08-13 00:30:00+05:30,4476.9,373821.39,4432.13,4566.44,4486.68,374637.6,INTRADAY_SQUAREOFF,0.01,34.99,0.008893,3324.29,7.26,3.93,3.33,3.33,3499.26,3502.59
434,ETH/INR,1h,LONG,2025-08-13 08:30:00+05:30,2025-08-13 17:30:00+05:30,4624.3,386129.19,4578.06,4716.79,4714.43,393654.85,TARGET_HIT,0.01,35.03,0.008617,3327.46,64.85,3.96,60.89,60.89,3502.59,3563.48
435,ETH/INR,1h,LONG,2025-08-13 23:30:00+05:30,2025-08-14 01:30:00+05:30,4735.53,395416.97,4688.18,4830.24,4737.67,395595.61,INTRADAY_SQUAREOFF,0.01,35.63,0.008561,3385.3,1.53,4.0,-2.47,-2.47,3563.48,3561.01
436,ETH/INR,1h,LONG,2025-08-14 09:30:00+05:30,2025-08-14 11:30:00+05:30,4780.44,399166.97,4732.64,4876.05,4730.27,394977.71,STOP_LOSS,0.01,35.61,0.008475,3382.96,-35.5,3.97,-39.48,-39.48,3561.01,3521.53
437,ETH/INR,1h,LONG,2025-08-14 15:30:00+05:30,2025-08-14 17:30:00+05:30,4763.63,397763.28,4716.0,4858.9,4713.64,393588.75,STOP_LOSS,0.01,35.22,0.008411,3345.46,-35.11,3.93,-39.04,-39.04,3521.53,3482.5
438,ETH/INR,1h,SHORT,2025-08-15 03:30:00+05:30,2025-08-15 05:30:00+05:30,4459.58,372374.98,4504.18,4370.39,4506.43,376286.78,STOP_LOSS,0.01,34.82,0.008885,3308.37,-34.75,3.92,-38.68,-38.68,3482.5,3443.82
439,ETH/INR,1h,SHORT,2025-08-15 15:30:00+05:30,2025-08-15 17:30:00+05:30,4615.46,385391.0,4661.62,4523.15,4663.95,389439.54,STOP_LOSS,0.01,34.44,0.008489,3271.63,-34.37,3.88,-38.25,-38.25,3443.82,3405.57
440,ETH/INR,1h,SHORT,2025-08-16 09:30:00+05:30,2025-08-17 00:30:00+05:30,4431.34,370016.96,4475.65,4342.71,4413.77,368549.41,INTRADAY_SQUAREOFF,0.01,34.06,0.008744,3235.29,12.83,3.81,9.02,9.02,3405.57,3414.59
441,ETH/INR,1h,LONG,2025-08-17 21:30:00+05:30,2025-08-17 23:30:00+05:30,4568.95,381506.94,4523.26,4660.32,4520.99,377503.03,STOP_LOSS,0.01,34.15,0.008503,3243.86,-34.04,3.81,-37.85,-37.85,3414.59,3376.74
442,ETH/INR,1h,SHORT,2025-08-18 12:30:00+05:30,2025-08-18 14:30:00+05:30,4235.1,353630.94,4277.45,4150.4,4279.59,357345.84,STOP_LOSS,0.01,33.77,0.009071,3207.9,-33.7,3.81,-37.5,-37.5,3376.74,3339.23
443,ETH/INR,1h,SHORT,2025-08-19 05:30:00+05:30,2025-08-19 08:30:00+05:30,4306.68,359607.7,4349.75,4220.55,4222.66,352591.76,TARGET_HIT,0.01,33.39,0.008821,3172.27,61.89,3.71,58.18,58.18,3339.23,3397.42
444,ETH/INR,1h,SHORT,2025-08-19 20:30:00+05:30,2025-08-20 00:30:00+05:30,4183.89,349354.48,4225.72,4100.21,4146.03,346193.75,INTRADAY_SQUAREOFF,0.01,33.97,0.009239,3227.55,29.2,3.79,25.41,25.41,3397.42,3422.83
445,ETH/INR,1h,SHORT,2025-08-20 05:30:00+05:30,2025-08-20 07:30:00+05:30,4068.56,339724.35,4109.24,3987.18,4111.3,343293.15,STOP_LOSS,0.01,34.23,0.009572,3251.69,-34.16,3.86,-38.02,-38.02,3422.83,3384.81
446,ETH/INR,1h,LONG,2025-08-21 01:30:00+05:30,2025-08-21 06:30:00+05:30,4352.35,363421.05,4308.82,4439.39,4306.67,359606.95,STOP_LOSS,0.01,33.85,0.008848,3215.57,-33.75,3.77,-37.52,-37.52,3384.81,3347.29
447,ETH/INR,1h,LONG,2025-08-22 00:30:00+05:30,2025-08-22 02:30:00+05:30,4267.38,356325.96,4224.7,4352.72,4222.59,352586.32,STOP_LOSS,0.01,33.47,0.008924,3179.93,-33.37,3.73,-37.11,-37.11,3347.29,3310.18
448,ETH/INR,1h,LONG,2025-08-22 07:30:00+05:30,2025-08-22 17:30:00+05:30,4266.03,356213.41,4223.37,4351.35,4221.26,352474.96,STOP_LOSS,0.01,33.1,0.008828,3144.68,-33.0,3.69,-36.69,-36.69,3310.18,3273.49
449,ETH/INR,1h,LONG,2025-08-22 20:30:00+05:30,2025-08-22 22:30:00+05:30,4639.02,387357.97,4592.63,4731.8,4729.43,394907.57,TARGET_HIT,0.01,32.73,0.008028,3109.82,60.61,3.71,56.9,56.9,3273.49,3330.39
450,ETH/INR,1h,LONG,2025-08-23 01:30:00+05:30,2025-08-23 03:30:00+05:30,4854.24,405328.95,4805.7,4951.32,4803.29,401075.02,STOP_LOSS,0.01,33.3,0.007806,3163.88,-33.2,3.71,-36.92,-36.92,3330.39,3293.48
451,ETH/INR,1h,LONG,2025-08-23 10:30:00+05:30,2025-08-23 17:30:00+05:30,4746.78,396356.41,4699.32,4841.72,4696.97,392196.65,STOP_LOSS,0.01,32.93,0.007894,3128.8,-32.84,3.67,-36.51,-36.51,3293.48,3256.97
452,ETH/INR,1h,LONG,2025-08-24 04:30:00+05:30,2025-08-24 16:30:00+05:30,4782.99,399379.62,4735.16,4878.65,4732.79,395188.13,STOP_LOSS,0.01,32.57,0.007747,3094.12,-32.47,3.63,-36.1,-36.1,3256.97,3220.86
453,ETH/INR,1h,SHORT,2025-08-25 11:30:00+05:30,2025-08-25 13:30:00+05:30,4700.37,392481.17,4747.38,4606.37,4608.67,384823.86,TARGET_HIT,0.01,32.21,0.007796,3059.82,59.7,3.58,56.12,56.12,3220.86,3276.98
454,ETH/INR,1h,SHORT,2025-08-25 16:30:00+05:30,2025-08-25 18:30:00+05:30,4532.28,378445.71,4577.61,4441.64,4579.9,382421.29,STOP_LOSS,0.01,32.77,0.008226,3113.13,-32.7,3.69,-36.4,-36.4,3276.98,3240.59
455,ETH/INR,1h,SHORT,2025-08-25 21:30:00+05:30,2025-08-26 00:30:00+05:30,4607.18,384699.46,4653.25,4515.04,4517.29,377193.97,TARGET_HIT,0.01,32.41,0.008003,3078.56,60.06,3.6,56.47,56.47,3240.59,3297.05
456,ETH/INR,1h,SHORT,2025-08-26 06:30:00+05:30,2025-08-26 08:30:00+05:30,4333.12,361815.76,4376.45,4246.46,4378.64,365616.64,STOP_LOSS,0.01,32.97,0.008657,3132.2,-32.9,3.72,-36.62,-36.62,3297.05,3260.43
457,ETH/INR,1h,LONG,2025-08-27 09:30:00+05:30,2025-08-27 12:30:00+05:30,4626.31,386296.93,4580.05,4718.84,4577.76,382242.74,STOP_LOSS,0.01,32.6,0.008018,3097.41,-32.51,3.64,-36.14,-36.14,3260.43,3224.29
458,ETH/INR,1h,LONG,2025-08-27 14:30:00+05:30,2025-08-28 00:30:00+05:30,4596.8,383832.65,4550.83,4688.73,4548.55,379804.33,STOP_LOSS,0.01,32.24,0.00798,3063.08,-32.15,3.6,-35.74,-35.74,3224.29,3188.55
459,ETH/INR,1h,SHORT,2025-08-29 06:30:00+05:30,2025-08-29 12:30:00+05:30,4471.62,373380.07,4516.33,4382.19,4384.38,366095.42,TARGET_HIT,0.01,31.89,0.008113,3029.12,59.1,3.54,55.56,55.56,3188.55,3244.11
460,ETH/INR,1h,SHORT,2025-08-29 19:30:00+05:30,2025-08-30 00:30:00+05:30,4320.69,360777.95,4363.9,4234.28,4366.08,364567.92,STOP_LOSS,0.01,32.44,0.008542,3081.9,-32.38,3.66,-36.03,-36.03,3244.11,3208.08
461,ETH/INR,1h,SHORT,2025-08-31 00:30:00+05:30,2025-08-31 05:30:00+05:30,4345.23,362826.96,4388.69,4258.33,4390.88,366638.46,STOP_LOSS,0.01,32.08,0.0084,3047.67,-32.02,3.62,-35.63,-35.63,3208.08,3172.44
462,ETH/INR,1h,LONG,2025-08-31 09:30:00+05:30,2025-08-31 11:30:00+05:30,4487.85,374735.25,4442.97,4577.6,4440.75,370802.4,STOP_LOSS,0.01,31.72,0.008043,3013.82,-31.63,3.54,-35.17,-35.17,3172.44,3137.28
463,ETH/INR,1h,LONG,2025-08-31 14:30:00+05:30,2025-09-01 00:30:00+05:30,4474.09,373586.67,4429.35,4563.57,4486.16,374594.78,INTRADAY_SQUAREOFF,0.01,31.37,0.007978,2980.41,8.04,3.52,4.52,4.52,3137.28,3141.8
464,ETH/INR,1h,SHORT,2025-09-02 02:30:00+05:30,2025-09-02 06:30:00+05:30,4274.29,356903.01,4317.03,4188.8,4319.19,360652.28,STOP_LOSS,0.01,31.42,0.008363,2984.71,-31.35,3.54,-34.89,-34.89,3141.8,3106.9
465,ETH/INR,1h,SHORT,2025-09-03 01:30:00+05:30,2025-09-03 03:30:00+05:30,4262.51,355919.32,4305.13,4177.26,4307.28,359658.25,STOP_LOSS,0.01,31.07,0.008293,2951.56,-31.01,3.5,-34.51,-34.51,3106.9,3072.4
466,ETH/INR,1h,SHORT,2025-09-03 11:30:00+05:30,2025-09-03 15:30:00+05:30,4313.56,360182.01,4356.69,4227.29,4358.87,363965.72,STOP_LOSS,0.01,30.72,0.008104,2918.78,-30.66,3.46,-34.12,-34.12,3072.4,3038.27
467,ETH/INR,1h,SHORT,2025-09-03 18:30:00+05:30,2025-09-03 20:30:00+05:30,4343.16,362654.13,4386.59,4256.3,4388.79,366463.81,STOP_LOSS,0.01,30.38,0.007959,2886.36,-30.32,3.42,-33.74,-33.74,3038.27,3004.53
468,ETH/INR,1h,SHORT,2025-09-04 19:30:00+05:30,2025-09-04 23:30:00+05:30,4367.7,364703.22,4411.38,4280.35,4282.49,357587.86,TARGET_HIT,0.01,30.05,0.007826,2854.3,55.69,3.34,52.35,52.35,3004.53,3056.88
469,ETH/INR,1h,SHORT,2025-09-05 05:30:00+05:30,2025-09-05 10:30:00+05:30,4296.69,358773.41,4339.65,4210.75,4341.82,362542.32,STOP_LOSS,0.01,30.57,0.008094,2904.04,-30.51,3.44,-33.95,-33.95,3056.88,3022.93
470,ETH/INR,1h,SHORT,2025-09-06 03:30:00+05:30,2025-09-07 00:30:00+05:30,4293.78,358530.73,4336.72,4207.91,4281.82,357531.56,INTRADAY_SQUAREOFF,0.01,30.23,0.00801,2871.78,8.0,3.38,4.62,4.62,3022.93,3027.55
471,ETH/INR,1h,SHORT,2025-09-07 12:30:00+05:30,2025-09-08 00:30:00+05:30,4281.89,357538.16,4324.71,4196.26,4284.03,357716.35,INTRADAY_SQUAREOFF,0.01,30.28,0.008044,2876.17,-1.43,3.39,-4.83,-4.83,3027.55,3022.72
472,ETH/INR,1h,SHORT,2025-09-08 10:30:00+05:30,2025-09-08 18:30:00+05:30,4295.27,358655.43,4338.23,4209.37,4340.4,362423.11,STOP_LOSS,0.01,30.23,0.008007,2871.58,-30.17,3.41,-33.57,-33.57,3022.72,2989.15
473,ETH/INR,1h,LONG,2025-09-12 03:30:00+05:30,2025-09-12 05:30:00+05:30,4433.3,370180.59,4388.97,4521.97,4519.71,377395.41,TARGET_HIT,0.01,29.89,0.007671,2839.69,55.35,3.38,51.96,51.96,2989.15,3041.11
474,ETH/INR,1h,LONG,2025-09-12 10:30:00+05:30,2025-09-12 22:30:00+05:30,4526.72,377980.73,4481.45,4617.25,4614.94,385347.58,TARGET_HIT,0.01,30.41,0.007643,2889.05,56.31,3.44,52.87,52.87,3041.11,3093.97
475,ETH/INR,1h,LONG,2025-09-13 05:30:00+05:30,2025-09-13 18:30:00+05:30,4717.55,393915.02,4670.37,4811.9,4668.03,389780.88,STOP_LOSS,0.01,30.94,0.007462,2939.27,-30.85,3.45,-34.3,-34.3,3093.97,3059.68
476,ETH/INR,1h,SHORT,2025-09-14 09:30:00+05:30,2025-09-15 00:30:00+05:30,4662.77,389341.54,4709.4,4569.52,4607.7,384742.84,INTRADAY_SQUAREOFF,0.01,30.6,0.007466,2906.69,34.33,3.41,30.92,30.92,3059.68,3090.6
477,ETH/INR,1h,SHORT,2025-09-15 05:30:00+05:30,2025-09-15 09:30:00+05:30,4603.17,384364.36,4649.2,4511.1,4651.52,388402.11,STOP_LOSS,0.01,30.91,0.007639,2936.07,-30.84,3.48,-34.33,-34.33,3090.6,3056.27
478,ETH/INR,1h,SHORT,2025-09-15 12:30:00+05:30,2025-09-15 14:30:00+05:30,4620.81,385837.76,4667.02,4528.4,4530.66,378310.06,TARGET_HIT,0.01,30.56,0.007525,2903.46,56.65,3.39,53.25,53.25,3056.27,3109.53
479,ETH/INR,1h,SHORT,2025-09-15 18:30:00+05:30,2025-09-16 00:30:00+05:30,4512.54,376796.76,4557.66,4422.29,4505.75,376229.78,INTRADAY_SQUAREOFF,0.01,31.1,0.00784,2954.05,4.45,3.48,0.96,0.96,3109.53,3110.49
480,ETH/INR,1h,LONG,2025-09-18 07:30:00+05:30,2025-09-18 10:30:00+05:30,4635.64,387075.81,4589.28,4728.35,4586.99,383013.45,STOP_LOSS,0.01,31.1,0.007634,2954.96,-31.01,3.47,-34.48,-34.48,3110.49,3076.01
481,ETH/INR,1h,LONG,2025-09-18 14:30:00+05:30,2025-09-19 00:30:00+05:30,4607.73,384745.17,4561.65,4699.88,4618.55,385648.71,INTRADAY_SQUAREOFF,0.01,30.76,0.007595,2922.21,6.86,3.45,3.41,3.41,3076.01,3079.42
482,ETH/INR,1h,LONG,2025-09-19 06:30:00+05:30,2025-09-19 08:30:00+05:30,4614.18,385283.78,4568.04,4706.46,4565.75,381240.23,STOP_LOSS,0.01,30.79,0.007593,2925.45,-30.7,3.43,-34.14,-34.14,3079.42,3045.28
483,ETH/INR,1h,SHORT,2025-09-19 20:30:00+05:30,2025-09-20 00:30:00+05:30,4490.12,374925.14,4535.02,4400.32,4454.09,371916.57,INTRADAY_SQUAREOFF,0.01,30.45,0.007716,2893.02,23.21,3.4,19.81,19.81,3045.28,3065.1
484,ETH/INR,1h,SHORT,2025-09-20 14:30:00+05:30,2025-09-21 00:30:00+05:30,4467.18,373009.35,4511.85,4377.83,4478.96,373993.2,INTRADAY_SQUAREOFF,0.01,30.65,0.007806,2911.84,-7.68,3.44,-11.12,-11.12,3065.1,3053.98
485,ETH/INR,1h,SHORT,2025-09-22 10:30:00+05:30,2025-09-22 12:30:00+05:30,4289.88,358205.13,4332.78,4204.08,4206.19,351216.55,TARGET_HIT,0.01,30.54,0.008099,2901.28,56.6,3.39,53.21,53.21,3053.98,3107.19
486,ETH/INR,1h,SHORT,2025-09-22 15:30:00+05:30,2025-09-22 17:30:00+05:30,4144.67,346080.34,4186.12,4061.78,4188.21,349715.91,STOP_LOSS,0.01,31.07,0.008529,2951.83,-31.01,3.5,-34.51,-34.51,3107.19,3072.68
487,ETH/INR,1h,SHORT,2025-09-22 21:30:00+05:30,2025-09-23 00:30:00+05:30,4165.41,347811.97,4207.07,4082.1,4162.2,347543.67,INTRADAY_SQUAREOFF,0.01,30.73,0.008393,2919.04,2.25,3.44,-1.19,-1.19,3072.68,3071.49
488,ETH/INR,1h,SHORT,2025-09-23 07:30:00+05:30,2025-09-23 11:30:00+05:30,4165.96,347857.65,4207.62,4082.64,4209.72,351511.9,STOP_LOSS,0.01,30.71,0.008388,2917.91,-30.65,3.46,-34.11,-34.11,3071.49,3037.37
489,ETH/INR,1h,SHORT,2025-09-23 15:30:00+05:30,2025-09-24 00:30:00+05:30,4187.43,349650.7,4229.31,4103.68,4164.52,347737.03,INTRADAY_SQUAREOFF,0.01,30.37,0.008253,2885.5,15.79,3.4,12.4,12.4,3037.37,3049.77
490,ETH/INR,1h,SHORT,2025-09-24 05:30:00+05:30,2025-09-24 19:30:00+05:30,4161.67,347499.13,4203.28,4078.43,4205.38,351149.6,STOP_LOSS,0.01,30.5,0.008338,2897.28,-30.44,3.44,-33.87,-33.87,3049.77,3015.9
491,ETH/INR,1h,SHORT,2025-09-25 03:30:00+05:30,2025-09-25 08:30:00+05:30,4136.26,345377.99,4177.63,4053.54,4055.56,338639.67,TARGET_HIT,0.01,30.16,0.008296,2865.1,55.9,3.35,52.55,52.55,3015.9,3068.45
492,ETH/INR,1h,SHORT,2025-09-25 17:30:00+05:30,2025-09-25 22:30:00+05:30,3995.69,333640.06,4035.65,3915.78,3917.73,327130.75,TARGET_HIT,0.01,30.68,0.008737,2915.03,56.87,3.41,53.47,53.47,3068.45,3121.91
493,ETH/INR,1h,SHORT,2025-09-26 05:30:00+05:30,2025-09-26 07:30:00+05:30,3858.19,322158.77,3896.77,3781.03,3898.72,325543.05,STOP_LOSS,0.01,31.22,0.009206,2965.82,-31.16,3.52,-34.67,-34.67,3121.91,3087.24
494,ETH/INR,1h,SHORT,2025-09-26 11:30:00+05:30,2025-09-26 18:30:00+05:30,3922.32,327513.58,3961.54,3843.87,3963.52,330954.11,STOP_LOSS,0.01,30.87,0.008955,2932.88,-30.81,3.48,-34.29,-34.29,3087.24,3052.95
495,ETH/INR,1h,LONG,2025-09-27 05:30:00+05:30,2025-09-27 13:30:00+05:30,4039.82,337324.8,3999.42,4120.61,3997.42,333784.58,STOP_LOSS,0.01,30.53,0.008598,2900.3,-30.44,3.4,-33.84,-33.84,3052.95,3019.11
496,ETH/INR,1h,LONG,2025-09-27 16:30:00+05:30,2025-09-28 00:30:00+05:30,4018.96,335583.17,3978.77,4099.34,3995.25,333603.37,INTRADAY_SQUAREOFF,0.01,30.19,0.008547,2868.15,-16.92,3.37,-20.3,-20.3,3019.11,2998.81
497,ETH/INR,1h,LONG,2025-09-28 13:30:00+05:30,2025-09-28 17:30:00+05:30,4017.37,335450.78,3977.2,4097.72,3975.21,331930.23,STOP_LOSS,0.01,29.99,0.008493,2848.87,-29.9,3.34,-33.24,-33.24,2998.81,2965.57
498,ETH/INR,1h,LONG,2025-09-29 04:30:00+05:30,2025-09-29 12:30:00+05:30,4138.23,345541.89,4096.84,4220.99,4094.8,341915.43,STOP_LOSS,0.01,29.66,0.008153,2817.29,-29.57,3.31,-32.87,-32.87,2965.57,2932.7
499,ETH/INR,1h,LONG,2025-09-29 19:30:00+05:30,2025-09-29 21:30:00+05:30,4188.21,349715.68,4146.33,4271.98,4144.26,346045.41,STOP_LOSS,0.01,29.33,0.007967,2786.06,-29.24,3.27,-32.51,-32.51,2932.7,2900.19
500,ETH/INR,1h,LONG,2025-09-30 01:30:00+05:30,2025-09-30 14:30:00+05:30,4196.01,350366.47,4154.05,4279.93,4151.97,346689.38,STOP_LOSS,0.01,29.0,0.007864,2755.18,-28.92,3.23,-32.15,-32.15,2900.19,2868.04
501,ETH/INR,1h,LONG,2025-10-02 05:30:00+05:30,2025-10-02 20:30:00+05:30,4351.9,363383.73,4308.38,4438.94,4436.72,370466.08,TARGET_HIT,0.01,28.68,0.007498,2724.63,53.1,3.25,49.86,49.86,2868.04,2917.89
502,ETH/INR,1h,LONG,2025-10-03 05:30:00+05:30,2025-10-03 13:30:00+05:30,4489.52,374874.59,4444.62,4579.31,4442.4,370940.29,STOP_LOSS,0.01,29.18,0.007394,2772.0,-29.09,3.25,-32.35,-32.35,2917.89,2885.55
503,ETH/INR,1h,LONG,2025-10-03 21:30:00+05:30,2025-10-03 23:30:00+05:30,4553.92,380252.68,4508.39,4645.0,4506.13,376261.92,STOP_LOSS,0.01,28.86,0.007209,2741.27,-28.77,3.22,-31.99,-31.99,2885.55,2853.56
504,ETH/INR,1h,LONG,2025-10-05 10:30:00+05:30,2025-10-05 15:30:00+05:30,4588.23,383117.49,4542.35,4680.0,4540.08,379096.67,STOP_LOSS,0.01,28.54,0.007076,2710.88,-28.45,3.18,-31.63,-31.63,2853.56,2821.93
505,ETH/INR,1h,LONG,2025-10-05 17:30:00+05:30,2025-10-05 21:30:00+05:30,4558.34,380621.56,4512.76,4649.51,4510.5,376626.93,STOP_LOSS,0.01,28.22,0.007043,2680.83,-28.14,3.15,-31.28,-31.28,2821.93,2790.64
506,ETH/INR,1h,LONG,2025-10-06 19:30:00+05:30,2025-10-07 00:30:00+05:30,4639.36,387386.93,4592.97,4732.15,4713.07,393541.51,INTRADAY_SQUAREOFF,0.01,27.91,0.006844,2651.11,42.12,3.15,38.97,38.97,2790.64,2829.61
507,ETH/INR,1h,LONG,2025-10-07 10:30:00+05:30,2025-10-07 12:30:00+05:30,4719.56,394083.53,4672.37,4813.95,4670.03,389947.62,STOP_LOSS,0.01,28.3,0.006821,2688.13,-28.21,3.16,-31.37,-31.37,2829.61,2798.24
508,ETH/INR,1h,LONG,2025-10-07 15:30:00+05:30,2025-10-07 19:30:00+05:30,4686.12,391291.16,4639.26,4779.84,4636.94,387184.56,STOP_LOSS,0.01,27.98,0.006794,2658.33,-27.9,3.12,-31.02,-31.02,2798.24,2767.22
509,ETH/INR,1h,SHORT,2025-10-08 05:30:00+05:30,2025-10-08 07:30:00+05:30,4448.88,371481.68,4493.37,4359.9,4495.62,375384.09,STOP_LOSS,0.01,27.67,0.007077,2628.86,-27.62,3.12,-30.73,-30.73,2767.22,2736.49
510,ETH/INR,1h,SHORT,2025-10-08 18:30:00+05:30,2025-10-08 22:30:00+05:30,4470.57,373292.37,4515.27,4381.16,4517.53,377213.81,STOP_LOSS,0.01,27.36,0.006964,2599.66,-27.31,3.08,-30.39,-30.39,2736.49,2706.1
511,ETH/INR,1h,SHORT,2025-10-09 06:30:00+05:30,2025-10-09 08:30:00+05:30,4510.75,376647.9,4555.86,4420.54,4422.75,369299.5,TARGET_HIT,0.01,27.06,0.006825,2570.79,50.16,3.0,47.15,47.15,2706.1,2753.25
512,ETH/INR,1h,SHORT,2025-10-09 12:30:00+05:30,2025-10-09 14:30:00+05:30,4425.85,369558.27,4470.11,4337.33,4339.5,362348.18,TARGET_HIT,0.01,27.53,0.007078,2615.59,51.03,3.06,47.97,47.97,2753.25,2801.22
513,ETH/INR,1h,SHORT,2025-10-09 19:30:00+05:30,2025-10-10 00:30:00+05:30,4349.27,363164.13,4392.76,4262.29,4317.68,360526.01,INTRADAY_SQUAREOFF,0.01,28.01,0.007328,2661.16,19.33,3.13,16.2,16.2,2801.22,2817.42
514,ETH/INR,1h,SHORT,2025-10-10 08:30:00+05:30,2025-10-10 20:30:00+05:30,4357.9,363884.94,4401.48,4270.75,4272.88,356785.54,TARGET_HIT,0.01,28.17,0.007355,2676.55,52.22,3.13,49.09,49.09,2817.42,2866.52
515,ETH/INR,1h,SHORT,2025-10-10 23:30:00+05:30,2025-10-11 01:30:00+05:30,4089.64,341485.04,4130.54,4007.85,4009.85,334822.66,TARGET_HIT,0.01,28.67,0.007975,2723.19,53.13,3.18,49.95,49.95,2866.52,2916.46
516,ETH/INR,1h,SHORT,2025-10-11 07:30:00+05:30,2025-10-11 09:30:00+05:30,3735.98,311954.08,3773.34,3661.26,3775.22,315231.16,STOP_LOSS,0.01,29.16,0.008882,2770.64,-29.11,3.29,-32.39,-32.39,2916.46,2884.07
517,ETH/INR,1h,SHORT,2025-10-11 12:30:00+05:30,2025-10-11 14:30:00+05:30,3778.5,315504.85,3816.29,3702.93,3818.19,318819.23,STOP_LOSS,0.01,28.84,0.008684,2739.87,-28.78,3.25,-32.03,-32.03,2884.07,2852.04
518,ETH/INR,1h,SHORT,2025-10-12 00:30:00+05:30,2025-10-12 02:30:00+05:30,3815.6,318602.91,3853.76,3739.29,3741.16,312386.97,TARGET_HIT,0.01,28.52,0.008504,2709.44,52.86,3.17,49.7,49.7,2852.04,2901.73
519,ETH/INR,1h,SHORT,2025-10-12 06:30:00+05:30,2025-10-12 08:30:00+05:30,3701.61,309084.37,3738.63,3627.58,3740.49,312331.3,STOP_LOSS,0.01,29.02,0.008919,2756.65,-28.96,3.27,-32.23,-32.23,2901.73,2869.51
520,ETH/INR,1h,LONG,2025-10-13 05:30:00+05:30,2025-10-13 09:30:00+05:30,4166.13,347871.97,4124.47,4249.45,4122.41,344221.05,STOP_LOSS,0.01,28.7,0.007836,2726.03,-28.61,3.2,-31.81,-31.81,2869.51,2837.7
521,ETH/INR,1h,LONG,2025-10-13 12:30:00+05:30,2025-10-13 16:30:00+05:30,4181.49,349154.63,4139.68,4265.12,4137.61,345490.25,STOP_LOSS,0.01,28.38,0.007721,2695.81,-28.29,3.16,-31.46,-31.46,2837.7,2806.24
522,ETH/INR,1h,LONG,2025-10-13 19:30:00+05:30,2025-10-13 21:30:00+05:30,4179.39,348978.69,4137.59,4262.97,4135.52,345316.16,STOP_LOSS,0.01,28.06,0.007639,2665.93,-27.98,3.13,-31.11,-31.11,2806.24,2775.13
523,ETH/INR,1h,LONG,2025-10-14 02:30:00+05:30,2025-10-14 04:30:00+05:30,4288.42,358082.95,4245.53,4374.19,4243.41,354324.87,STOP_LOSS,0.01,27.75,0.007362,2636.37,-27.67,3.09,-30.76,-30.76,2775.13,2744.37
524,ETH/INR,1h,SHORT,2025-10-14 18:30:00+05:30,2025-10-14 20:30:00+05:30,3937.4,328772.59,3976.77,3858.65,3978.76,332226.35,STOP_LOSS,0.01,27.44,0.00793,2607.15,-27.39,3.09,-30.48,-30.48,2744.37,2713.89
525,ETH/INR,1h,SHORT,2025-10-16 03:30:00+05:30,2025-10-16 05:30:00+05:30,3941.97,329154.57,3981.39,3863.13,3983.38,332612.34,STOP_LOSS,0.01,27.14,0.007833,2578.19,-27.08,3.06,-30.14,-30.14,2713.89,2683.75
526,ETH/INR,1h,SHORT,2025-10-16 11:30:00+05:30,2025-10-16 14:30:00+05:30,3989.27,333103.96,4029.16,3909.48,4031.18,336603.22,STOP_LOSS,0.01,26.84,0.007654,2549.56,-26.78,3.02,-29.81,-29.81,2683.75,2653.94
527,ETH/INR,1h,SHORT,2025-10-16 19:30:00+05:30,2025-10-16 21:30:00+05:30,4016.5,335378.0,4056.67,3936.17,3938.14,328834.77,TARGET_HIT,0.01,26.54,0.007518,2521.24,49.19,2.95,46.24,46.24,2653.94,2700.18
528,ETH/INR,1h,SHORT,2025-10-17 11:30:00+05:30,2025-10-17 13:30:00+05:30,3895.48,325272.6,3934.44,3817.57,3819.48,318926.53,TARGET_HIT,0.01,27.0,0.007886,2565.17,50.05,3.0,47.05,47.05,2700.18,2747.23
529,ETH/INR,1h,LONG,2025-10-19 09:30:00+05:30,2025-10-19 13:30:00+05:30,3907.41,326268.96,3868.34,3985.56,3866.4,322844.77,STOP_LOSS,0.01,27.47,0.007999,2609.87,-27.39,3.06,-30.45,-30.45,2747.23,2716.78
530,ETH/INR,1h,LONG,2025-10-19 19:30:00+05:30,2025-10-20 00:30:00+05:30,3983.62,332632.67,3943.79,4063.3,4001.28,334106.62,INTRADAY_SQUAREOFF,0.01,27.17,0.007759,2580.94,11.44,3.05,8.38,8.38,2716.78,2725.16
531,ETH/INR,1h,LONG,2025-10-20 04:30:00+05:30,2025-10-20 06:30:00+05:30,4028.78,336403.11,3988.49,4109.36,3986.5,332872.56,STOP_LOSS,0.01,27.25,0.007696,2588.9,-27.17,3.04,-30.21,-30.21,2725.16,2694.95
532,ETH/INR,1h,LONG,2025-10-20 08:30:00+05:30,2025-10-20 10:30:00+05:30,3967.84,331314.79,3928.16,4047.2,4045.18,337772.12,TARGET_HIT,0.01,26.95,0.007727,2560.2,49.9,3.05,46.85,46.85,2694.95,2741.8
533,ETH/INR,1h,SHORT,2025-10-21 19:30:00+05:30,2025-10-21 21:30:00+05:30,3857.45,322097.23,3896.03,3780.3,3897.97,325480.87,STOP_LOSS,0.01,27.42,0.008087,2604.71,-27.36,3.09,-30.45,-30.45,2741.8,2711.35
534,ETH/INR,1h,SHORT,2025-10-22 15:30:00+05:30,2025-10-22 18:30:00+05:30,3830.73,319866.23,3869.04,3754.12,3870.98,323226.43,STOP_LOSS,0.01,27.11,0.008053,2575.78,-27.06,3.06,-30.11,-30.11,2711.35,2681.23
535,ETH/INR,1h,SHORT,2025-10-22 23:30:00+05:30,2025-10-23 01:30:00+05:30,3798.07,317138.6,3836.05,3722.11,3805.48,317757.96,INTRADAY_SQUAREOFF,0.01,26.81,0.008032,2547.17,-4.97,3.01,-7.98,-7.98,2681.23,2673.25
536,ETH/INR,1h,LONG,2025-10-26 17:30:00+05:30,2025-10-27 00:30:00+05:30,4046.71,337900.09,4006.24,4127.64,4070.4,339878.3,INTRADAY_SQUAREOFF,0.01,26.73,0.007516,2539.59,14.87,3.01,11.86,11.86,2673.25,2685.11
537,ETH/INR,1h,LONG,2025-10-27 04:30:00+05:30,2025-10-28 00:30:00+05:30,4169.51,348153.92,4127.81,4252.9,4213.17,351799.91,INTRADAY_SQUAREOFF,0.01,26.85,0.007327,2550.86,26.71,3.03,23.69,23.69,2685.11,2708.8
538,ETH/INR,1h,SHORT,2025-10-28 11:30:00+05:30,2025-10-28 13:30:00+05:30,4067.6,339644.7,4108.28,3986.25,4110.33,343212.67,STOP_LOSS,0.01,27.09,0.007577,2573.36,-27.03,3.05,-30.09,-30.09,2708.8,2678.71
539,ETH/INR,1h,SHORT,2025-10-28 21:30:00+05:30,2025-10-28 23:30:00+05:30,4087.29,341289.0,4128.17,4005.55,4130.23,344874.25,STOP_LOSS,0.01,26.79,0.007456,2544.78,-26.73,3.02,-29.75,-29.75,2678.71,2648.96
540,ETH/INR,1h,SHORT,2025-10-29 14:30:00+05:30,2025-10-29 23:30:00+05:30,4004.87,334407.02,4044.92,3924.78,3926.74,327882.74,TARGET_HIT,0.01,26.49,0.007525,2516.51,49.1,2.94,46.16,46.16,2648.96,2695.12
541,ETH/INR,1h,SHORT,2025-10-30 15:30:00+05:30,2025-10-30 17:30:00+05:30,3892.79,325048.14,3931.72,3814.94,3816.84,318706.45,TARGET_HIT,0.01,26.95,0.007877,2560.36,49.95,2.99,46.96,46.96,2695.12,2742.08
542,ETH/INR,1h,SHORT,2025-10-31 00:30:00+05:30,2025-10-31 02:30:00+05:30,3718.87,310526.0,3756.06,3644.5,3757.94,313788.08,STOP_LOSS,0.01,27.42,0.008389,2604.98,-27.37,3.09,-30.46,-30.46,2742.08,2711.62
543,ETH/INR,1h,LONG,2025-11-01 08:30:00+05:30,2025-11-02 00:30:00+05:30,3854.31,321834.64,3815.76,3931.39,3879.42,323931.52,INTRADAY_SQUAREOFF,0.01,27.12,0.008004,2576.04,16.78,3.05,13.73,13.73,2711.62,2725.36
544,ETH/INR,1h,LONG,2025-11-02 08:30:00+05:30,2025-11-02 19:30:00+05:30,3884.99,324396.51,3846.14,3962.69,3844.22,320991.97,STOP_LOSS,0.01,27.25,0.007981,2589.09,-27.17,3.04,-30.21,-30.21,2725.36,2695.15
545,ETH/INR,1h,SHORT,2025-11-03 21:30:00+05:30,2025-11-03 23:30:00+05:30,3583.22,299198.87,3619.05,3511.56,3620.86,302341.95,STOP_LOSS,0.01,26.95,0.008557,2560.39,-26.9,3.04,-29.93,-29.93,2695.15,2665.21
546,ETH/INR,1h,SHORT,2025-11-04 02:30:00+05:30,2025-11-04 04:30:00+05:30,3565.6,297727.3,3601.25,3494.28,3603.05,300854.93,STOP_LOSS,0.01,26.65,0.008504,2531.95,-26.6,3.0,-29.6,-29.6,2665.21,2635.61
547,ETH/INR,1h,SHORT,2025-11-04 11:30:00+05:30,2025-11-04 17:30:00+05:30,3491.41,291532.69,3526.32,3421.58,3528.09,294595.24,STOP_LOSS,0.01,26.36,0.008589,2503.83,-26.3,2.97,-29.27,-29.27,2635.61,2606.34
548,ETH/INR,1h,SHORT,2025-11-04 22:30:00+05:30,2025-11-05 00:30:00+05:30,3421.04,285657.17,3455.25,3352.62,3354.3,280084.0,TARGET_HIT,0.01,26.06,0.008668,2476.02,48.31,2.89,45.41,45.41,2606.34,2651.75
549,ETH/INR,1h,SHORT,2025-11-05 16:30:00+05:30,2025-11-05 18:30:00+05:30,3275.01,273462.98,3307.76,3209.51,3309.41,276335.71,STOP_LOSS,0.01,26.52,0.009212,2519.17,-26.46,2.99,-29.45,-29.45,2651.75,2622.3
550,ETH/INR,1h,LONG,2025-11-06 08:30:00+05:30,2025-11-06 10:30:00+05:30,3426.98,286152.58,3392.71,3495.52,3391.01,283149.41,STOP_LOSS,0.01,26.22,0.008706,2491.19,-26.14,2.92,-29.07,-29.07,2622.3,2593.23
551,ETH/INR,1h,SHORT,2025-11-07 15:30:00+05:30,2025-11-07 17:30:00+05:30,3289.45,274669.23,3322.35,3223.66,3225.27,269310.43,TARGET_HIT,0.01,25.93,0.008969,2463.57,48.06,2.88,45.19,45.19,2593.23,2638.42
552,ETH/INR,1h,SHORT,2025-11-09 08:30:00+05:30,2025-11-09 10:30:00+05:30,3365.2,280993.92,3398.85,3297.89,3400.55,283945.76,STOP_LOSS,0.01,26.38,0.00892,2506.5,-26.33,2.97,-29.3,-29.3,2638.42,2609.11
553,ETH/INR,1h,SHORT,2025-11-09 15:30:00+05:30,2025-11-09 17:30:00+05:30,3398.72,283792.91,3432.7,3330.74,3434.42,286774.16,STOP_LOSS,0.01,26.09,0.008734,2478.66,-26.04,2.94,-28.98,-28.98,2609.11,2580.14
554,ETH/INR,1h,LONG,2025-11-10 00:30:00+05:30,2025-11-10 05:30:00+05:30,3544.48,295964.41,3509.04,3615.37,3613.57,301732.76,TARGET_HIT,0.01,25.8,0.008282,2451.13,47.77,2.92,44.85,44.85,2580.14,2624.99
555,ETH/INR,1h,LONG,2025-11-10 15:30:00+05:30,2025-11-10 17:30:00+05:30,3629.23,303040.31,3592.93,3701.81,3591.14,299859.91,STOP_LOSS,0.01,26.25,0.008229,2493.74,-26.17,2.93,-29.1,-29.1,2624.99,2595.89
556,ETH/INR,1h,LONG,2025-11-10 19:30:00+05:30,2025-11-10 21:30:00+05:30,3620.43,302305.59,3584.22,3692.83,3582.43,299132.89,STOP_LOSS,0.01,25.96,0.008158,2466.09,-25.88,2.89,-28.78,-28.78,2595.89,2567.11
557,ETH/INR,1h,SHORT,2025-11-11 03:30:00+05:30,2025-11-11 05:30:00+05:30,3529.67,294727.55,3564.97,3459.08,3566.75,297823.67,STOP_LOSS,0.01,25.67,0.008275,2438.76,-25.62,2.89,-28.51,-28.51,2567.11,2538.6
558,ETH/INR,1h,SHORT,2025-11-11 11:30:00+05:30,2025-11-11 14:30:00+05:30,3545.4,296041.0,3580.86,3474.49,3582.65,299150.91,STOP_LOSS,0.01,25.39,0.008146,2411.67,-25.33,2.86,-28.2,-28.2,2538.6,2510.4
559,ETH/INR,1h,SHORT,2025-11-11 18:30:00+05:30,2025-11-11 21:30:00+05:30,3542.08,295763.65,3577.5,3471.24,3472.97,289993.3,TARGET_HIT,0.01,25.1,0.008063,2384.88,46.53,2.79,43.74,43.74,2510.4,2554.15
560,ETH/INR,1h,SHORT,2025-11-12 13:30:00+05:30,2025-11-12 15:30:00+05:30,3425.04,285990.52,3459.29,3356.54,3461.02,288994.85,STOP_LOSS,0.01,25.54,0.008484,2426.44,-25.49,2.88,-28.37,-28.37,2554.15,2525.78
561,ETH/INR,1h,SHORT,2025-11-13 21:30:00+05:30,2025-11-13 23:30:00+05:30,3368.92,281305.02,3402.61,3301.54,3303.19,275816.76,TARGET_HIT,0.01,25.26,0.00853,2399.49,46.81,2.8,44.01,44.01,2525.78,2569.79
562,ETH/INR,1h,SHORT,2025-11-14 06:30:00+05:30,2025-11-14 08:30:00+05:30,3188.64,266251.38,3220.53,3124.87,3222.14,269048.35,STOP_LOSS,0.01,25.7,0.009169,2441.3,-25.65,2.9,-28.54,-28.54,2569.79,2541.25
563,ETH/INR,1h,SHORT,2025-11-14 17:30:00+05:30,2025-11-14 19:30:00+05:30,3122.47,260726.32,3153.7,3060.02,3155.27,263465.25,STOP_LOSS,0.01,25.41,0.009259,2414.19,-25.36,2.86,-28.22,-28.22,2541.25,2513.02
564,ETH/INR,1h,SHORT,2025-11-14 23:30:00+05:30,2025-11-15 01:30:00+05:30,3172.78,264927.01,3204.51,3109.32,3206.11,267710.07,STOP_LOSS,0.01,25.13,0.009011,2387.37,-25.08,2.83,-27.91,-27.91,2513.02,2485.11
565,ETH/INR,1h,SHORT,2025-11-15 05:30:00+05:30,2025-11-15 07:30:00+05:30,3092.2,258198.49,3123.12,3030.35,3124.68,260910.87,STOP_LOSS,0.01,24.85,0.009144,2360.86,-24.8,2.8,-27.6,-27.6,2485.11,2457.51
566,ETH/INR,1h,SHORT,2025-11-15 14:30:00+05:30,2025-11-15 16:30:00+05:30,3133.47,261645.08,3164.81,3070.8,3166.39,264393.66,STOP_LOSS,0.01,24.58,0.008923,2334.63,-24.53,2.77,-27.29,-27.29,2457.51,2430.22
567,ETH/INR,1h,SHORT,2025-11-16 02:30:00+05:30,2025-11-16 08:30:00+05:30,3167.49,264485.33,3199.16,3104.14,3200.76,267263.75,STOP_LOSS,0.01,24.3,0.008729,2308.7,-24.25,2.74,-26.99,-26.99,2430.22,2403.22
568,ETH/INR,1h,SHORT,2025-11-21 21:30:00+05:30,2025-11-21 23:30:00+05:30,2693.06,224870.43,2719.99,2639.2,2721.35,227232.69,STOP_LOSS,0.01,24.03,0.010153,2283.06,-23.98,2.71,-26.69,-26.69,2403.22,2376.53
569,ETH/INR,1h,SHORT,2025-11-22 04:30:00+05:30,2025-11-22 06:30:00+05:30,2720.8,227187.01,2748.01,2666.39,2749.38,229573.61,STOP_LOSS,0.01,23.77,0.009938,2257.71,-23.72,2.68,-26.4,-26.4,2376.53,2350.14
570,ETH/INR,1h,SHORT,2025-11-22 14:30:00+05:30,2025-11-22 21:30:00+05:30,2720.57,227167.53,2747.77,2666.16,2749.15,229553.92,STOP_LOSS,0.01,23.5,0.009828,2232.63,-23.45,2.65,-26.1,-26.1,2350.14,2324.03
571,ETH/INR,1h,SHORT,2025-11-23 02:30:00+05:30,2025-11-23 04:30:00+05:30,2732.46,228160.8,2759.79,2677.82,2761.17,230557.63,STOP_LOSS,0.01,23.24,0.009677,2207.83,-23.19,2.62,-25.81,-25.81,2324.03,2298.22
572,ETH/INR,1h,LONG,2025-11-23 14:30:00+05:30,2025-11-24 00:30:00+05:30,2813.79,234951.77,2785.66,2870.07,2805.52,234261.3,INTRADAY_SQUAREOFF,0.01,22.98,0.009293,2183.31,-6.42,2.57,-8.99,-8.99,2298.22,2289.23
573,ETH/INR,1h,LONG,2025-11-24 07:30:00+05:30,2025-11-24 09:30:00+05:30,2806.36,234331.1,2778.3,2862.49,2861.06,238898.21,TARGET_HIT,0.01,22.89,0.009281,2174.77,42.39,2.59,39.8,39.8,2289.23,2329.03
574,ETH/INR,1h,LONG,2025-11-25 10:30:00+05:30,2025-11-25 12:30:00+05:30,2942.36,245687.05,2912.94,3001.21,2911.48,243108.56,STOP_LOSS,0.01,23.29,0.009006,2212.58,-23.22,2.6,-25.82,-25.82,2329.03,2303.21
575,ETH/INR,1h,LONG,2025-11-26 19:30:00+05:30,2025-11-26 22:30:00+05:30,2932.49,244863.15,2903.17,2991.14,2989.65,249635.54,TARGET_HIT,0.01,23.03,0.008936,2188.05,42.65,2.61,40.04,40.04,2303.21,2343.25
576,ETH/INR,1h,LONG,2025-11-27 07:30:00+05:30,2025-11-27 10:30:00+05:30,3055.04,255095.57,3024.49,3116.14,3022.97,252418.34,STOP_LOSS,0.01,23.43,0.008726,2226.09,-23.36,2.61,-25.98,-25.98,2343.25,2317.27
577,ETH/INR,1h,LONG,2025-11-28 00:30:00+05:30,2025-11-28 03:30:00+05:30,3039.45,253794.21,3009.06,3100.24,3007.55,251130.64,STOP_LOSS,0.01,23.17,0.008674,2201.41,-23.1,2.58,-25.69,-25.69,2317.27,2291.59
578,ETH/INR,1h,LONG,2025-11-28 10:30:00+05:30,2025-11-28 19:30:00+05:30,3020.03,252172.1,2989.82,3080.43,3078.89,257086.93,TARGET_HIT,0.01,22.92,0.008633,2177.01,42.43,2.59,39.84,39.84,2291.59,2331.42
579,ETH/INR,1h,SHORT,2025-12-01 19:30:00+05:30,2025-12-01 21:30:00+05:30,2807.87,234457.53,2835.95,2751.72,2753.09,229883.27,TARGET_HIT,0.01,23.31,0.009447,2214.85,43.21,2.59,40.62,40.62,2331.42,2372.04
580,ETH/INR,1h,SHORT,2025-12-02 15:30:00+05:30,2025-12-02 17:30:00+05:30,2795.34,233410.88,2823.29,2739.43,2824.7,235862.86,STOP_LOSS,0.01,23.72,0.009654,2253.44,-23.67,2.67,-26.35,-26.35,2372.04,2345.7
581,ETH/INR,1h,LONG,2025-12-03 15:30:00+05:30,2025-12-03 19:30:00+05:30,3064.43,255880.24,3033.79,3125.72,3124.16,260867.35,TARGET_HIT,0.01,23.46,0.008709,2228.41,43.43,2.66,40.78,40.78,2345.7,2386.48
582,ETH/INR,1h,LONG,2025-12-04 03:30:00+05:30,2025-12-04 06:30:00+05:30,3168.87,264600.59,3137.18,3232.25,3230.63,269757.65,TARGET_HIT,0.01,23.86,0.008568,2267.15,44.19,2.7,41.49,41.49,2386.48,2427.96
583,ETH/INR,1h,LONG,2025-12-04 21:30:00+05:30,2025-12-04 23:30:00+05:30,3222.25,269057.63,3190.02,3286.69,3188.43,266233.87,STOP_LOSS,0.01,24.28,0.008573,2306.56,-24.21,2.71,-26.91,-26.91,2427.96,2401.05
584,ETH/INR,1h,SHORT,2025-12-06 13:30:00+05:30,2025-12-06 19:30:00+05:30,3025.35,252616.39,3055.6,2964.84,3057.13,255270.12,STOP_LOSS,0.01,24.01,0.009029,2280.99,-23.96,2.71,-26.67,-26.67,2401.05,2374.38
585,ETH/INR,1h,SHORT,2025-12-07 01:30:00+05:30,2025-12-07 09:30:00+05:30,3026.58,252719.43,3056.85,2966.05,3058.37,255374.24,STOP_LOSS,0.01,23.74,0.008926,2255.66,-23.7,2.68,-26.37,-26.37,2374.38,2348.01
586,ETH/INR,1h,SHORT,2025-12-07 13:30:00+05:30,2025-12-07 19:30:00+05:30,3032.34,253200.25,3062.66,2971.69,2973.18,248260.31,TARGET_HIT,0.01,23.48,0.00881,2230.61,43.52,2.61,40.91,40.91,2348.01,2388.92
587,ETH/INR,1h,LONG,2025-12-08 14:30:00+05:30,2025-12-08 20:30:00+05:30,3146.36,262721.16,3114.9,3209.29,3113.34,259963.9,STOP_LOSS,0.01,23.89,0.008638,2269.47,-23.82,2.66,-26.48,-26.48,2388.92,2362.44
588,ETH/INR,1h,LONG,2025-12-10 04:30:00+05:30,2025-12-10 06:30:00+05:30,3340.42,278924.88,3307.01,3407.23,3305.36,275997.56,STOP_LOSS,0.01,23.62,0.008046,2244.32,-23.55,2.63,-26.19,-26.19,2362.44,2336.25
589,ETH/INR,1h,LONG,2025-12-10 10:30:00+05:30,2025-12-10 23:30:00+05:30,3327.8,277871.42,3294.52,3394.36,3392.66,283287.14,TARGET_HIT,0.01,23.36,0.007987,2219.44,43.26,2.64,40.61,40.61,2336.25,2376.86
590,ETH/INR,1h,LONG,2025-12-12 08:30:00+05:30,2025-12-12 16:30:00+05:30,3267.01,272794.94,3234.34,3332.35,3232.72,269931.96,STOP_LOSS,0.01,23.77,0.008277,2258.02,-23.7,2.65,-26.35,-26.35,2376.86,2350.51
591,ETH/INR,1h,LONG,2025-12-12 18:30:00+05:30,2025-12-12 20:30:00+05:30,3250.03,271377.46,3217.53,3315.03,3215.92,268529.35,STOP_LOSS,0.01,23.51,0.008228,2232.99,-23.44,2.62,-26.06,-26.06,2350.51,2324.46
592,ETH/INR,1h,LONG,2025-12-14 03:30:00+05:30,2025-12-14 16:30:00+05:30,3115.45,260140.34,3084.3,3177.76,3082.76,257410.17,STOP_LOSS,0.01,23.24,0.008489,2208.23,-23.18,2.59,-25.77,-25.77,2324.46,2298.69
593,ETH/INR,1h,LONG,2025-12-15 15:30:00+05:30,2025-12-15 19:30:00+05:30,3159.46,263815.02,3127.87,3222.65,3126.3,261046.28,STOP_LOSS,0.01,22.99,0.008278,2183.76,-22.92,2.56,-25.48,-25.48,2298.69,2273.21
594,ETH/INR,1h,SHORT,2025-12-16 06:30:00+05:30,2025-12-16 20:30:00+05:30,2940.93,245567.51,2970.34,2882.11,2971.82,248147.19,STOP_LOSS,0.01,22.73,0.008794,2159.55,-22.69,2.56,-25.25,-25.25,2273.21,2247.96
595,ETH/INR,1h,SHORT,2025-12-17 09:30:00+05:30,2025-12-17 19:30:00+05:30,2943.79,245806.88,2973.23,2884.92,2974.72,248389.08,STOP_LOSS,0.01,22.48,0.008688,2135.56,-22.43,2.53,-24.97,-24.97,2247.96,2222.99
596,ETH/INR,1h,SHORT,2025-12-18 11:30:00+05:30,2025-12-18 14:30:00+05:30,2822.78,235702.19,2851.01,2766.33,2852.43,238178.25,STOP_LOSS,0.01,22.23,0.00896,2111.84,-22.18,2.51,-24.69,-24.69,2222.99,2198.3
597,ETH/INR,1h,LONG,2025-12-20 17:30:00+05:30,2025-12-21 00:30:00+05:30,2988.19,249513.67,2958.31,3047.95,2975.11,248421.49,INTRADAY_SQUAREOFF,0.01,21.98,0.00837,2088.39,-9.14,2.46,-11.6,-11.6,2198.3,2186.7
598,ETH/INR,1h,LONG,2025-12-22 10:30:00+05:30,2025-12-23 00:30:00+05:30,3041.98,254005.28,3011.56,3102.82,3010.05,251339.5,STOP_LOSS,0.01,21.87,0.008178,2077.37,-21.8,2.44,-24.24,-24.24,2186.7,2162.46
599,ETH/INR,1h,SHORT,2025-12-23 08:30:00+05:30,2025-12-23 19:30:00+05:30,2987.65,249468.47,3017.52,2927.89,2929.36,244601.34,TARGET_HIT,0.01,21.62,0.008235,2054.34,40.08,2.4,37.68,37.68,2162.46,2200.14
600,ETH/INR,1h,SHORT,2025-12-23 23:30:00+05:30,2025-12-24 01:30:00+05:30,2908.25,242838.91,2937.33,2850.09,2938.8,245389.94,STOP_LOSS,0.01,22.0,0.008607,2090.14,-21.96,2.48,-24.44,-24.44,2200.14,2175.71
601,ETH/INR,1h,SHORT,2025-12-24 04:30:00+05:30,2025-12-24 19:30:00+05:30,2952.77,246556.15,2982.3,2893.71,2895.16,241745.84,TARGET_HIT,0.01,21.76,0.008383,2066.92,40.33,2.42,37.91,37.91,2175.71,2213.62
602,ETH/INR,1h,SHORT,2025-12-25 06:30:00+05:30,2025-12-25 20:30:00+05:30,2935.33,245099.83,2964.68,2876.62,2966.16,247674.6,STOP_LOSS,0.01,22.14,0.00858,2102.94,-22.09,2.49,-24.59,-24.59,2213.62,2189.03
603,ETH/INR,1h,LONG,2025-12-26 19:30:00+05:30,2025-12-26 21:30:00+05:30,2984.89,249238.53,2955.04,3044.59,2953.57,246622.77,STOP_LOSS,0.01,21.89,0.008344,2079.58,-21.83,2.44,-24.27,-24.27,2189.03,2164.76
604,ETH/INR,1h,SHORT,2025-12-27 22:30:00+05:30,2025-12-28 00:30:00+05:30,2915.81,243470.35,2944.97,2857.5,2925.4,244271.12,INTRADAY_SQUAREOFF,0.01,21.65,0.008447,2056.53,-6.76,2.43,-9.19,-9.19,2164.76,2155.57
605,ETH/INR,1h,SHORT,2025-12-30 00:30:00+05:30,2025-12-30 08:30:00+05:30,2912.5,243194.14,2941.63,2854.25,2943.1,245748.9,STOP_LOSS,0.01,21.56,0.00842,2047.79,-21.51,2.43,-23.94,-23.94,2155.57,2131.63
606,ETH/INR,1h,LONG,2025-12-31 05:30:00+05:30,2026-01-01 00:30:00+05:30,2972.89,248236.58,2943.16,3032.35,2968.64,247881.7,INTRADAY_SQUAREOFF,0.01,21.32,0.008158,2025.05,-2.9,2.39,-5.28,-5.28,2131.63,2126.35
607,ETH/INR,1h,LONG,2026-01-01 03:30:00+05:30,2026-01-02 00:30:00+05:30,2980.38,248861.47,2950.57,3039.98,2984.27,249186.22,INTRADAY_SQUAREOFF,0.01,21.26,0.008117,2020.03,2.64,2.39,0.25,0.25,2126.35,2126.6
608,ETH/INR,1h,LONG,2026-01-02 04:30:00+05:30,2026-01-02 15:30:00+05:30,2997.1,250257.9,2967.13,3057.04,3055.51,255135.43,TARGET_HIT,0.01,21.27,0.008073,2020.27,39.38,2.41,36.97,36.97,2126.6,2163.56
609,ETH/INR,1h,LONG,2026-01-02 20:30:00+05:30,2026-01-03 00:30:00+05:30,3099.83,258836.2,3068.84,3161.83,3106.71,259410.45,INTRADAY_SQUAREOFF,0.01,21.64,0.007941,2055.39,4.56,2.43,2.13,2.13,2163.56,2165.7
610,ETH/INR,1h,LONG,2026-01-03 03:30:00+05:30,2026-01-03 11:30:00+05:30,3131.28,261461.71,3099.97,3193.9,3098.42,258717.67,STOP_LOSS,0.01,21.66,0.007869,2057.41,-21.59,2.42,-24.01,-24.01,2165.7,2141.69
611,ETH/INR,1h,LONG,2026-01-04 00:30:00+05:30,2026-01-05 00:30:00+05:30,3116.92,260263.23,3085.76,3179.26,3131.44,261475.19,INTRADAY_SQUAREOFF,0.01,21.42,0.007817,2034.6,9.47,2.41,7.07,7.07,2141.69,2148.76
612,ETH/INR,1h,LONG,2026-01-05 02:30:00+05:30,2026-01-05 06:30:00+05:30,3141.74,262334.98,3110.32,3204.57,3202.97,267447.89,TARGET_HIT,0.01,21.49,0.007781,2041.32,39.79,2.43,37.35,37.35,2148.76,2186.11
613,ETH/INR,1h,LONG,2026-01-05 21:30:00+05:30,2026-01-06 00:30:00+05:30,3200.25,267220.89,3168.25,3264.26,3218.65,268756.88,INTRADAY_SQUAREOFF,0.01,21.86,0.007772,2076.8,11.94,2.46,9.48,9.48,2186.11,2195.59
614,ETH/INR,1h,LONG,2026-01-06 12:30:00+05:30,2026-01-06 14:30:00+05:30,3251.26,271480.38,3218.75,3316.29,3217.14,268631.19,STOP_LOSS,0.01,21.96,0.007683,2085.81,-21.89,2.45,-24.34,-24.34,2195.59,2171.25
615,ETH/INR,1h,SHORT,2026-01-08 09:30:00+05:30,2026-01-08 19:30:00+05:30,3131.55,261484.05,3162.86,3068.91,3070.45,256382.5,TARGET_HIT,0.01,21.71,0.007888,2062.69,40.24,2.41,37.83,37.83,2171.25,2209.08
616,ETH/INR,1h,SHORT,2026-01-09 01:30:00+05:30,2026-01-09 06:30:00+05:30,3102.71,259075.99,3133.73,3040.65,3135.3,261797.58,STOP_LOSS,0.01,22.09,0.0081,2098.63,-22.05,2.49,-24.54,-24.54,2209.08,2184.55
617,ETH/INR,1h,SHORT,2026-01-09 13:30:00+05:30,2026-01-09 21:30:00+05:30,3106.45,259388.95,3137.52,3044.33,3139.09,262113.84,STOP_LOSS,0.01,21.85,0.008001,2075.32,-21.8,2.46,-24.26,-24.26,2184.55,2160.29
618,ETH/INR,1h,LONG,2026-01-11 18:30:00+05:30,2026-01-12 00:30:00+05:30,3112.97,259933.1,3081.84,3175.23,3123.31,260796.42,INTRADAY_SQUAREOFF,0.01,21.6,0.007895,2052.27,6.82,2.43,4.39,4.39,2160.29,2164.68
619,ETH/INR,1h,LONG,2026-01-12 05:30:00+05:30,2026-01-12 19:30:00+05:30,3120.82,260588.81,3089.62,3183.24,3088.07,257853.93,STOP_LOSS,0.01,21.65,0.007892,2056.44,-21.58,2.41,-24.0,-24.0,2164.68,2140.68
620,ETH/INR,1h,LONG,2026-01-12 21:30:00+05:30,2026-01-12 23:30:00+05:30,3128.69,261245.37,3097.4,3191.26,3095.85,258503.6,STOP_LOSS,0.01,21.41,0.007784,2033.65,-21.34,2.39,-23.73,-23.73,2140.68,2116.95
621,ETH/INR,1h,LONG,2026-01-14 01:30:00+05:30,2026-01-14 03:30:00+05:30,3216.51,268578.34,3184.34,3280.84,3279.2,273812.94,TARGET_HIT,0.01,21.17,0.007488,2011.1,39.2,2.4,36.8,36.8,2116.95,2153.75
622,ETH/INR,1h,LONG,2026-01-14 20:30:00+05:30,2026-01-14 23:30:00+05:30,3356.39,280258.79,3322.83,3423.52,3321.17,277317.47,STOP_LOSS,0.01,21.54,0.007301,2046.06,-21.47,2.4,-23.88,-23.88,2153.75,2129.87
623,ETH/INR,1h,SHORT,2026-01-16 15:30:00+05:30,2026-01-17 00:30:00+05:30,3305.14,275978.85,3338.19,3239.03,3278.65,273767.33,INTRADAY_SQUAREOFF,0.01,21.3,0.007332,2023.38,16.21,2.38,13.84,13.84,2129.87,2143.71
624,ETH/INR,1h,LONG,2026-01-18 09:30:00+05:30,2026-01-19 00:30:00+05:30,3317.91,277045.53,3284.73,3384.27,3358.89,280467.28,INTRADAY_SQUAREOFF,0.01,21.44,0.007351,2036.53,25.15,2.42,22.73,22.73,2143.71,2166.45
625,ETH/INR,1h,SHORT,2026-01-19 12:30:00+05:30,2026-01-19 16:30:00+05:30,3188.19,266214.23,3220.08,3124.43,3221.69,269010.81,STOP_LOSS,0.01,21.66,0.007731,2058.12,-21.62,2.44,-24.06,-24.06,2166.45,2142.38
626,ETH/INR,1h,SHORT,2026-01-20 03:30:00+05:30,2026-01-20 11:30:00+05:30,3208.66,267923.09,3240.75,3144.49,3146.06,262695.91,TARGET_HIT,0.01,21.42,0.007596,2035.26,39.71,2.38,37.33,37.33,2142.38,2179.71
627,ETH/INR,1h,SHORT,2026-01-20 15:30:00+05:30,2026-01-20 20:30:00+05:30,3086.22,257699.56,3117.08,3024.5,3026.01,252671.84,TARGET_HIT,0.01,21.8,0.008035,2070.73,40.4,2.42,37.98,37.98,2179.71,2217.69
628,ETH/INR,1h,SHORT,2026-01-21 04:30:00+05:30,2026-01-21 06:30:00+05:30,2931.0,244738.73,2960.31,2872.38,2961.79,247309.71,STOP_LOSS,0.01,22.18,0.008608,2106.81,-22.13,2.5,-24.63,-24.63,2217.69,2193.06
629,ETH/INR,1h,SHORT,2026-01-21 13:30:00+05:30,2026-01-21 17:30:00+05:30,2962.38,247358.37,2992.0,2903.13,2904.58,242532.41,TARGET_HIT,0.01,21.93,0.008423,2083.41,40.65,2.43,38.21,38.21,2193.06,2231.28
630,ETH/INR,1h,SHORT,2026-01-21 22:30:00+05:30,2026-01-22 00:30:00+05:30,2886.18,240995.72,2915.04,2828.45,2916.5,243527.38,STOP_LOSS,0.01,22.31,0.008796,2119.71,-22.27,2.51,-24.78,-24.78,2231.28,2206.49
631,ETH/INR,1h,LONG,2026-01-22 07:30:00+05:30,2026-01-22 12:30:00+05:30,3029.23,252940.84,2998.94,3089.82,2997.44,250286.23,STOP_LOSS,0.01,22.06,0.008287,2096.17,-22.0,2.46,-24.46,-24.46,2206.49,2182.03
632,ETH/INR,1h,SHORT,2026-01-23 12:30:00+05:30,2026-01-23 21:30:00+05:30,2934.18,245004.26,2963.52,2875.5,2965.01,247578.03,STOP_LOSS,0.01,21.82,0.008461,2072.93,-21.78,2.46,-24.24,-24.24,2182.03,2157.8
633,ETH/INR,1h,SHORT,2026-01-25 13:30:00+05:30,2026-01-25 23:30:00+05:30,2933.12,244915.69,2962.45,2874.46,2875.9,240137.39,TARGET_HIT,0.01,21.58,0.00837,2049.91,39.99,2.4,37.6,37.6,2157.8,2195.4
634,ETH/INR,1h,LONG,2026-01-26 19:30:00+05:30,2026-01-27 00:30:00+05:30,2908.37,242848.75,2879.28,2966.54,2927.34,244432.79,INTRADAY_SQUAREOFF,0.01,21.95,0.008588,2085.63,13.6,2.47,11.13,11.13,2195.4,2206.53
635,ETH/INR,1h,LONG,2026-01-27 08:30:00+05:30,2026-01-27 14:30:00+05:30,2943.38,245772.06,2913.94,3002.25,2912.49,243192.68,STOP_LOSS,0.01,22.07,0.008529,2096.21,-22.0,2.46,-24.46,-24.46,2206.53,2182.07
636,ETH/INR,1h,LONG,2026-01-27 17:30:00+05:30,2026-01-27 21:30:00+05:30,2919.24,243756.29,2890.04,2977.62,2976.13,248507.1,TARGET_HIT,0.01,21.82,0.008504,2072.97,40.4,2.47,37.93,37.93,2182.07,2220.0
637,ETH/INR,1h,LONG,2026-01-28 02:30:00+05:30,2026-01-28 09:30:00+05:30,3023.03,252422.76,2992.8,3083.49,2991.3,249773.59,STOP_LOSS,0.01,22.2,0.008355,2109.0,-22.13,2.48,-24.61,-24.61,2220.0,2195.39
638,ETH/INR,1h,LONG,2026-01-28 12:30:00+05:30,2026-01-28 14:30:00+05:30,3014.24,251689.0,2984.1,3074.52,2982.61,249047.52,STOP_LOSS,0.01,21.95,0.008287,2085.62,-21.89,2.45,-24.34,-24.34,2195.39,2171.06
639,ETH/INR,1h,LONG,2026-01-28 23:30:00+05:30,2026-01-29 01:30:00+05:30,3023.97,252501.61,2993.73,3084.45,3013.29,251609.67,INTRADAY_SQUAREOFF,0.01,21.71,0.008168,2062.5,-7.29,2.43,-9.72,-9.72,2171.06,2161.34
640,ETH/INR,1h,SHORT,2026-01-29 15:30:00+05:30,2026-01-29 19:30:00+05:30,2937.45,245276.71,2966.82,2878.7,2880.14,240491.36,TARGET_HIT,0.01,21.61,0.008371,2053.28,40.06,2.4,37.66,37.66,2161.34,2199.0
641,ETH/INR,1h,SHORT,2026-01-30 00:30:00+05:30,2026-01-30 02:30:00+05:30,2755.26,230064.34,2782.81,2700.16,2784.21,232481.17,STOP_LOSS,0.01,21.99,0.00908,2089.05,-21.95,2.48,-24.42,-24.42,2199.0,2174.58
642,ETH/INR,1h,SHORT,2026-01-30 06:30:00+05:30,2026-01-30 08:30:00+05:30,2798.13,233644.14,2826.11,2742.17,2743.54,229085.74,TARGET_HIT,0.01,21.75,0.008842,2065.85,40.3,2.41,37.89,37.89,2174.58,2212.47
643,ETH/INR,1h,SHORT,2026-01-30 19:30:00+05:30,2026-01-30 23:30:00+05:30,2720.39,227152.49,2747.59,2665.98,2667.31,222720.75,TARGET_HIT,0.01,22.12,0.009253,2101.85,41.01,2.46,38.55,38.55,2212.47,2251.02
644,ETH/INR,1h,SHORT,2026-01-31 02:30:00+05:30,2026-01-31 04:30:00+05:30,2662.14,222288.48,2688.76,2608.89,2690.1,224623.62,STOP_LOSS,0.01,22.51,0.00962,2138.47,-22.46,2.54,-25.0,-25.0,2251.02,2226.02
645,ETH/INR,1h,SHORT,2026-01-31 07:30:00+05:30,2026-01-31 13:30:00+05:30,2693.74,224927.22,2720.68,2639.86,2641.18,220538.89,TARGET_HIT,0.01,22.26,0.009402,2114.72,41.26,2.47,38.79,38.79,2226.02,2264.81
646,ETH/INR,1h,SHORT,2026-02-01 11:30:00+05:30,2026-02-01 18:30:00+05:30,2423.06,202325.66,2447.29,2374.6,2375.79,198378.29,TARGET_HIT,0.01,22.65,0.010634,2151.57,41.98,2.51,39.46,39.46,2264.81,2304.27
647,ETH/INR,1h,SHORT,2026-02-02 03:30:00+05:30,2026-02-02 05:30:00+05:30,2282.25,190567.97,2305.07,2236.61,2306.23,192569.89,STOP_LOSS,0.01,23.04,0.011487,2189.06,-23.0,2.6,-25.59,-25.59,2304.27,2278.68
648,ETH/INR,1h,SHORT,2026-02-03 08:30:00+05:30,2026-02-03 10:30:00+05:30,2295.6,191682.41,2318.55,2249.69,2319.71,193696.03,STOP_LOSS,0.01,22.79,0.011293,2164.74,-22.74,2.57,-25.31,-25.31,2278.68,2253.37
649,ETH/INR,1h,SHORT,2026-02-03 16:30:00+05:30,2026-02-03 18:30:00+05:30,2274.7,189937.65,2297.45,2229.21,2298.6,191932.95,STOP_LOSS,0.01,22.53,0.011271,2140.7,-22.49,2.54,-25.03,-25.03,2253.37,2228.34
650,ETH/INR,1h,SHORT,2026-02-03 20:30:00+05:30,2026-02-03 22:30:00+05:30,2254.73,188270.26,2277.28,2209.64,2210.74,184597.11,TARGET_HIT,0.01,22.28,0.011244,2116.92,41.3,2.47,38.83,38.83,2228.34,2267.17
651,ETH/INR,1h,SHORT,2026-02-05 09:30:00+05:30,2026-02-05 14:30:00+05:30,2098.55,175229.05,2119.54,2056.58,2120.6,177069.83,STOP_LOSS,0.01,22.67,0.012291,2153.81,-22.63,2.55,-25.18,-25.18,2267.17,2241.99
652,ETH/INR,1h,SHORT,2026-02-05 16:30:00+05:30,2026-02-05 19:30:00+05:30,2086.93,174258.56,2107.8,2045.19,2046.21,170858.78,TARGET_HIT,0.01,22.42,0.012223,2129.89,41.55,2.49,39.07,39.07,2241.99,2281.05
653,ETH/INR,1h,SHORT,2026-02-06 01:30:00+05:30,2026-02-06 03:30:00+05:30,1914.54,159864.25,1933.69,1876.25,1877.19,156745.3,TARGET_HIT,0.01,22.81,0.013555,2167.0,42.28,2.53,39.75,39.75,2281.05,2320.8
654,ETH/INR,1h,SHORT,2026-02-06 14:30:00+05:30,2026-02-06 16:30:00+05:30,1866.07,155816.54,1884.73,1828.75,1885.67,157453.4,STOP_LOSS,0.01,23.21,0.01415,2204.76,-23.16,2.62,-25.78,-25.78,2320.8,2295.02
655,ETH/INR,1h,LONG,2026-02-07 07:30:00+05:30,2026-02-07 09:30:00+05:30,2065.15,172440.25,2044.5,2106.46,2105.4,175801.11,TARGET_HIT,0.01,22.95,0.012644,2180.27,42.49,2.6,39.9,39.9,2295.02,2334.92
656,ETH/INR,1h,LONG,2026-02-07 17:30:00+05:30,2026-02-07 21:30:00+05:30,2019.66,168642.02,1999.47,2060.06,2059.03,171928.86,TARGET_HIT,0.01,23.35,0.013153,2218.17,43.23,2.64,40.59,40.59,2334.92,2375.51
657,ETH/INR,1h,LONG,2026-02-08 00:30:00+05:30,2026-02-08 04:30:00+05:30,2106.81,175918.39,2085.74,2148.94,2084.7,174072.12,STOP_LOSS,0.01,23.76,0.012828,2256.73,-23.68,2.65,-26.33,-26.33,2375.51,2349.18
658,ETH/INR,1h,LONG,2026-02-08 07:30:00+05:30,2026-02-08 09:30:00+05:30,2096.76,175079.2,2075.79,2138.69,2074.75,173241.74,STOP_LOSS,0.01,23.49,0.012747,2231.72,-23.42,2.62,-26.04,-26.04,2349.18,2323.13
659,ETH/INR,1h,LONG,2026-02-08 14:30:00+05:30,2026-02-08 16:30:00+05:30,2119.7,176995.07,2098.5,2162.1,2097.46,175137.5,STOP_LOSS,0.01,23.23,0.012469,2206.98,-23.16,2.59,-25.75,-25.75,2323.13,2297.38
660,ETH/INR,1h,LONG,2026-02-09 01:30:00+05:30,2026-02-09 03:30:00+05:30,2127.81,177671.74,2106.53,2170.36,2105.47,175807.08,STOP_LOSS,0.01,22.97,0.012284,2182.51,-22.91,2.56,-25.47,-25.47,2297.38,2271.91
661,ETH/INR,1h,SHORT,2026-02-09 19:30:00+05:30,2026-02-09 21:30:00+05:30,2020.5,168711.86,2040.71,1980.09,2041.73,170484.18,STOP_LOSS,0.01,22.72,0.012793,2158.32,-22.67,2.56,-25.23,-25.23,2271.91,2246.68
662,ETH/INR,1h,LONG,2026-02-10 07:30:00+05:30,2026-02-10 09:30:00+05:30,2122.82,177255.73,2101.59,2165.28,2100.54,175395.43,STOP_LOSS,0.01,22.47,0.012041,2134.35,-22.4,2.51,-24.91,-24.91,2246.68,2221.78
663,ETH/INR,1h,SHORT,2026-02-10 17:30:00+05:30,2026-02-10 19:30:00+05:30,1999.42,166951.79,2019.42,1959.43,2020.43,168705.62,STOP_LOSS,0.01,22.22,0.012642,2110.69,-22.17,2.5,-24.68,-24.68,2221.78,2197.1
664,ETH/INR,1h,SHORT,2026-02-11 08:30:00+05:30,2026-02-11 10:30:00+05:30,2013.16,168099.19,2033.3,1972.9,1973.89,164819.57,TARGET_HIT,0.01,21.97,0.012417,2087.24,40.72,2.44,38.28,38.28,2197.1,2235.38
665,ETH/INR,1h,SHORT,2026-02-11 12:30:00+05:30,2026-02-11 17:30:00+05:30,1943.62,162292.29,1963.06,1904.75,1964.04,163997.17,STOP_LOSS,0.01,22.35,0.013085,2123.61,-22.31,2.52,-24.83,-24.83,2235.38,2210.55
666,ETH/INR,1h,SHORT,2026-02-11 20:30:00+05:30,2026-02-12 00:30:00+05:30,1938.87,161895.54,1958.26,1900.09,1943.28,162263.6,INTRADAY_SQUAREOFF,0.01,22.11,0.012971,2100.03,-4.77,2.48,-7.26,-7.26,2210.55,2203.3
667,ETH/INR,1h,SHORT,2026-02-12 08:30:00+05:30,2026-02-12 11:30:00+05:30,1956.23,163345.16,1975.79,1917.1,1976.78,165061.1,STOP_LOSS,0.01,22.03,0.012814,2093.13,-21.99,2.48,-24.47,-24.47,2203.3,2178.83
668,ETH/INR,1h,SHORT,2026-02-13 06:30:00+05:30,2026-02-13 08:30:00+05:30,1928.67,161043.64,1947.95,1890.09,1948.93,162735.4,STOP_LOSS,0.01,21.79,0.012853,2069.89,-21.74,2.46,-24.2,-24.2,2178.83,2154.63
669,ETH/INR,1h,SHORT,2026-02-13 11:30:00+05:30,2026-02-13 13:30:00+05:30,1931.65,161292.8,1950.97,1893.02,1951.94,162987.18,STOP_LOSS,0.01,21.55,0.012691,2046.9,-21.5,2.43,-23.93,-23.93,2154.63,2130.7
670,ETH/INR,1h,LONG,2026-02-14 06:30:00+05:30,2026-02-14 16:30:00+05:30,2055.52,171635.83,2034.96,2096.63,2095.58,174981.01,TARGET_HIT,0.01,21.31,0.011793,2024.16,39.45,2.41,37.04,37.04,2130.7,2167.74
671,ETH/INR,1h,LONG,2026-02-14 20:30:00+05:30,2026-02-15 00:30:00+05:30,2088.55,174393.85,2067.66,2130.32,2082.95,173926.32,INTRADAY_SQUAREOFF,0.01,21.68,0.011809,2059.35,-5.52,2.43,-7.95,-7.95,2167.74,2159.79
672,ETH/INR,1h,SHORT,2026-02-15 23:30:00+05:30,2026-02-16 01:30:00+05:30,1959.21,163594.19,1978.8,1920.03,1942.61,162208.03,INTRADAY_SQUAREOFF,0.01,21.6,0.012542,2051.8,17.39,2.41,14.97,14.97,2159.79,2174.76
673,ETH/INR,1h,SHORT,2026-02-16 08:30:00+05:30,2026-02-16 10:30:00+05:30,1952.13,163003.14,1971.65,1913.09,1972.64,164715.49,STOP_LOSS,0.01,21.75,0.012675,2066.03,-21.7,2.45,-24.15,-24.15,2174.76,2150.61
674,ETH/INR,1h,SHORT,2026-02-16 19:30:00+05:30,2026-02-16 22:30:00+05:30,1960.94,163738.37,1980.55,1921.72,1981.54,165458.44,STOP_LOSS,0.01,21.51,0.012478,2043.08,-21.46,2.42,-23.89,-23.89,2150.61,2126.72
675,ETH/INR,1h,SHORT,2026-02-17 07:30:00+05:30,2026-02-17 19:30:00+05:30,1990.18,166179.97,2010.08,1950.38,1951.35,162937.8,TARGET_HIT,0.01,21.27,0.012158,2020.39,39.42,2.36,37.06,37.06,2126.72,2163.78
676,ETH/INR,1h,SHORT,2026-02-18 06:30:00+05:30,2026-02-18 09:30:00+05:30,1979.89,165320.57,1999.69,1940.29,2000.69,167057.27,STOP_LOSS,0.01,21.64,0.012434,2055.59,-21.59,2.44,-24.03,-24.03,2163.78,2139.75
677,ETH/INR,1h,SHORT,2026-02-18 19:30:00+05:30,2026-02-18 21:30:00+05:30,1963.42,163945.28,1983.05,1924.15,1984.04,165667.52,STOP_LOSS,0.01,21.4,0.012399,2032.76,-21.35,2.41,-23.77,-23.77,2139.75,2115.98
678,ETH/INR,1h,SHORT,2026-02-19 00:30:00+05:30,2026-02-19 06:30:00+05:30,1950.24,162844.94,1969.74,1911.23,1970.73,164555.62,STOP_LOSS,0.01,21.16,0.012344,2010.18,-21.12,2.38,-23.5,-23.5,2115.98,2092.48
679,ETH/INR,1h,SHORT,2026-02-19 14:30:00+05:30,2026-02-19 18:30:00+05:30,1966.08,164167.46,1985.74,1926.76,1927.72,160964.55,TARGET_HIT,0.01,20.92,0.012109,1987.86,38.78,2.32,36.46,36.46,2092.48,2128.94
680,ETH/INR,1h,SHORT,2026-02-20 10:30:00+05:30,2026-02-20 12:30:00+05:30,1932.75,161384.54,1952.08,1894.09,1953.05,163079.88,STOP_LOSS,0.01,21.29,0.012532,2022.49,-21.25,2.4,-23.65,-23.65,2128.94,2105.3
681,ETH/INR,1h,SHORT,2026-02-20 16:30:00+05:30,2026-02-20 23:30:00+05:30,1955.61,163293.71,1975.17,1916.5,1976.16,165009.11,STOP_LOSS,0.01,21.05,0.012248,2000.03,-21.01,2.37,-23.38,-23.38,2105.3,2081.91
682,ETH/INR,1h,SHORT,2026-02-23 02:30:00+05:30,2026-02-23 04:30:00+05:30,1938.88,161896.61,1958.27,1900.1,1959.25,163597.33,STOP_LOSS,0.01,20.82,0.012217,1977.82,-20.78,2.35,-23.12,-23.12,2081.91,2058.79
683,ETH/INR,1h,SHORT,2026-02-23 06:30:00+05:30,2026-02-23 08:30:00+05:30,1923.36,160600.84,1942.6,1884.9,1885.84,157467.52,TARGET_HIT,0.01,20.59,0.012178,1955.85,38.16,2.29,35.87,35.87,2058.79,2094.66
684,ETH/INR,1h,LONG,2026-02-25 14:30:00+05:30,2026-02-25 17:30:00+05:30,1912.9,159726.87,1893.77,1951.15,1950.18,162839.95,TARGET_HIT,0.01,20.95,0.012458,1989.93,38.78,2.37,36.41,36.41,2094.66,2131.08
685,ETH/INR,1h,LONG,2026-02-26 02:30:00+05:30,2026-02-26 04:30:00+05:30,2081.29,173787.64,2060.48,2122.91,2059.45,171963.74,STOP_LOSS,0.01,21.31,0.011649,2024.52,-21.25,2.38,-23.62,-23.62,2131.08,2107.45
686,ETH/INR,1h,LONG,2026-02-26 10:30:00+05:30,2026-02-26 12:30:00+05:30,2082.2,173863.97,2061.38,2123.85,2060.35,172039.26,STOP_LOSS,0.01,21.07,0.011515,2002.08,-21.01,2.35,-23.36,-23.36,2107.45,2084.09
687,ETH/INR,1h,LONG,2026-02-26 15:30:00+05:30,2026-02-26 19:30:00+05:30,2076.81,173413.66,2056.04,2118.35,2055.01,171593.69,STOP_LOSS,0.01,20.84,0.011417,1979.89,-20.78,2.32,-23.1,-23.1,2084.09,2060.99
688,ETH/INR,1h,SHORT,2026-02-27 06:30:00+05:30,2026-02-27 08:30:00+05:30,2008.86,167740.13,2028.95,1968.69,2029.97,169502.24,STOP_LOSS,0.01,20.61,0.011672,1957.94,-20.57,2.32,-22.89,-22.89,2060.99,2038.1
689,ETH/INR,1h,SHORT,2026-02-27 11:30:00+05:30,2026-02-27 15:30:00+05:30,2038.82,170241.25,2059.21,1998.04,1999.04,166919.84,TARGET_HIT,0.01,20.38,0.011373,1936.19,37.78,2.26,35.51,35.51,2038.1,2073.61
690,ETH/INR,1h,SHORT,2026-02-27 22:30:00+05:30,2026-02-28 00:30:00+05:30,1924.92,160731.16,1944.17,1886.43,1918.9,160228.11,INTRADAY_SQUAREOFF,0.01,20.74,0.012256,1969.93,6.17,2.32,3.84,3.84,2073.61,2077.45
691,ETH/INR,1h,SHORT,2026-02-28 09:30:00+05:30,2026-02-28 11:30:00+05:30,1921.28,160426.55,1940.49,1882.85,1883.79,157296.63,TARGET_HIT,0.01,20.77,0.012302,1973.58,38.5,2.31,36.2,36.2,2077.45,2113.65
692,ETH/INR,1h,LONG,2026-03-01 07:30:00+05:30,2026-03-01 11:30:00+05:30,2014.1,168177.27,1993.96,2054.38,1992.96,166412.25,STOP_LOSS,0.01,21.14,0.01194,2007.97,-21.07,2.36,-23.43,-23.43,2113.65,2090.22
693,ETH/INR,1h,LONG,2026-03-01 19:30:00+05:30,2026-03-01 21:30:00+05:30,2015.95,168332.14,1995.79,2056.27,1994.8,166565.49,STOP_LOSS,0.01,20.9,0.011796,1985.71,-20.84,2.33,-23.17,-23.17,2090.22,2067.05
694,ETH/INR,1h,SHORT,2026-03-02 12:30:00+05:30,2026-03-02 14:30:00+05:30,1938.86,161894.67,1958.25,1900.08,1959.23,163595.37,STOP_LOSS,0.01,20.67,0.012129,1963.7,-20.63,2.33,-22.96,-22.96,2067.05,2044.09
695,ETH/INR,1h,SHORT,2026-03-02 19:30:00+05:30,2026-03-02 21:30:00+05:30,1922.07,160493.09,1941.29,1883.63,1942.26,162179.07,STOP_LOSS,0.01,20.44,0.0121,1941.89,-20.4,2.3,-22.7,-22.7,2044.09,2021.39
696,ETH/INR,1h,LONG,2026-03-03 01:30:00+05:30,2026-03-03 05:30:00+05:30,2046.12,170850.71,2025.66,2087.04,2024.64,169057.63,STOP_LOSS,0.01,20.21,0.01124,1920.32,-20.15,2.25,-22.41,-22.41,2021.39,1998.98
697,ETH/INR,1h,LONG,2026-03-04 19:30:00+05:30,2026-03-04 21:30:00+05:30,2068.85,172748.94,2048.16,2110.23,2109.17,176115.82,TARGET_HIT,0.01,19.99,0.010993,1899.03,37.01,2.26,34.75,34.75,1998.98,2033.73
698,ETH/INR,1h,LONG,2026-03-05 00:30:00+05:30,2026-03-05 03:30:00+05:30,2163.99,180692.75,2142.35,2207.26,2141.27,178796.38,STOP_LOSS,0.01,20.34,0.010692,1932.04,-20.28,2.27,-22.54,-22.54,2033.73,2011.19
699,ETH/INR,1h,LONG,2026-03-05 10:30:00+05:30,2026-03-05 12:30:00+05:30,2143.05,178944.49,2121.62,2185.91,2120.56,177066.47,STOP_LOSS,0.01,20.11,0.010677,1910.63,-20.05,2.24,-22.29,-22.29,2011.19,1988.89
700,ETH/INR,1h,LONG,2026-03-05 16:30:00+05:30,2026-03-05 18:30:00+05:30,2163.04,180614.18,2141.41,2206.3,2140.34,178718.64,STOP_LOSS,0.01,19.89,0.010461,1889.45,-19.83,2.22,-22.05,-22.05,1988.89,1966.84
701,ETH/INR,1h,SHORT,2026-03-07 05:30:00+05:30,2026-03-08 00:30:00+05:30,1976.85,165067.34,1996.62,1937.32,1972.21,164679.4,INTRADAY_SQUAREOFF,0.01,19.67,0.01132,1868.5,4.39,2.2,2.19,2.19,1966.84,1969.03
702,ETH/INR,1h,SHORT,2026-03-08 08:30:00+05:30,2026-03-08 12:30:00+05:30,1939.19,161922.53,1958.58,1900.41,1959.56,163623.53,STOP_LOSS,0.01,19.69,0.011552,1870.58,-19.65,2.22,-21.87,-21.87,1969.03,1947.16
703,ETH/INR,1h,SHORT,2026-03-08 17:30:00+05:30,2026-03-09 00:30:00+05:30,1946.17,162505.4,1965.63,1907.25,1966.62,164212.52,STOP_LOSS,0.01,19.47,0.011383,1849.81,-19.43,2.19,-21.63,-21.63,1947.16,1925.54
704,ETH/INR,1h,LONG,2026-03-09 14:30:00+05:30,2026-03-10 00:30:00+05:30,1999.77,166980.63,1979.77,2039.76,2038.74,170235.09,TARGET_HIT,0.01,19.26,0.010955,1829.26,35.65,2.18,33.47,33.47,1925.54,1959.01
705,ETH/INR,1h,LONG,2026-03-10 06:30:00+05:30,2026-03-10 13:30:00+05:30,2023.01,168920.99,2002.78,2063.47,2062.43,172213.26,TARGET_HIT,0.01,19.59,0.011017,1861.06,36.27,2.22,34.05,34.05,1959.01,1993.07
706,ETH/INR,1h,LONG,2026-03-10 20:30:00+05:30,2026-03-10 23:30:00+05:30,2082.88,173920.24,2062.05,2124.53,2061.02,172094.94,STOP_LOSS,0.01,19.93,0.010887,1893.41,-19.87,2.22,-22.09,-22.09,1993.07,1970.97
707,ETH/INR,1h,LONG,2026-03-11 05:30:00+05:30,2026-03-11 10:30:00+05:30,2038.15,170185.42,2017.77,2078.91,2016.76,168399.32,STOP_LOSS,0.01,19.71,0.011002,1872.42,-19.65,2.2,-21.85,-21.85,1970.97,1949.12
708,ETH/INR,1h,LONG,2026-03-11 16:30:00+05:30,2026-03-11 18:30:00+05:30,2030.65,169559.31,2010.34,2071.26,2070.23,172864.02,TARGET_HIT,0.01,19.49,0.01092,1851.67,36.09,2.21,33.88,33.88,1949.12,1983.01
709,ETH/INR,1h,LONG,2026-03-11 22:30:00+05:30,2026-03-12 00:30:00+05:30,2071.26,172949.8,2050.54,2112.68,2076.27,173368.54,INTRADAY_SQUAREOFF,0.01,19.83,0.010892,1883.85,4.56,2.23,2.34,2.34,1983.01,1985.34
710,ETH/INR,1h,LONG,2026-03-13 01:30:00+05:30,2026-03-13 05:30:00+05:30,2073.97,173176.44,2053.23,2115.45,2114.39,176551.65,TARGET_HIT,0.01,19.85,0.010891,1886.07,36.76,2.25,34.51,34.51,1985.34,2019.85
711,ETH/INR,1h,LONG,2026-03-13 15:30:00+05:30,2026-03-13 18:30:00+05:30,2116.73,176746.99,2095.56,2159.07,2157.99,180191.79,TARGET_HIT,0.01,20.2,0.010857,1918.86,37.4,2.29,35.11,35.11,2019.85,2054.97
712,ETH/INR,1h,SHORT,2026-03-14 10:30:00+05:30,2026-03-15 00:30:00+05:30,2088.1,174356.71,2108.99,2046.34,2078.46,173551.79,INTRADAY_SQUAREOFF,0.01,20.55,0.011197,1952.22,9.01,2.3,6.71,6.71,2054.97,2061.68
713,ETH/INR,1h,LONG,2026-03-15 14:30:00+05:30,2026-03-15 18:30:00+05:30,2114.12,176528.88,2092.98,2156.4,2091.93,174676.21,STOP_LOSS,0.01,20.62,0.011095,1958.6,-20.56,2.3,-22.85,-22.85,2061.68,2038.82
714,ETH/INR,1h,LONG,2026-03-16 01:30:00+05:30,2026-03-16 03:30:00+05:30,2115.15,176614.66,2093.99,2157.45,2156.37,180056.88,TARGET_HIT,0.01,20.39,0.010967,1936.88,37.75,2.31,35.44,35.44,2038.82,2074.27
715,ETH/INR,1h,LONG,2026-03-16 07:30:00+05:30,2026-03-16 09:30:00+05:30,2189.57,182828.73,2167.67,2233.36,2232.24,186392.07,TARGET_HIT,0.01,20.74,0.010778,1970.55,38.41,2.35,36.06,36.06,2074.27,2110.33
716,ETH/INR,1h,LONG,2026-03-16 16:30:00+05:30,2026-03-16 23:30:00+05:30,2279.23,190315.47,2256.43,2324.81,2323.65,194024.72,TARGET_HIT,0.01,21.1,0.010534,2004.81,39.07,2.39,36.68,36.68,2110.33,2147.01
717,ETH/INR,1h,LONG,2026-03-17 17:30:00+05:30,2026-03-17 20:30:00+05:30,2333.0,194805.37,2309.67,2379.66,2308.51,192760.89,STOP_LOSS,0.01,21.47,0.01047,2039.66,-21.41,2.39,-23.8,-23.8,2147.01,2123.21
718,ETH/INR,1h,LONG,2026-03-18 14:30:00+05:30,2026-03-18 16:30:00+05:30,2326.22,194239.75,2302.96,2372.75,2301.81,192201.2,STOP_LOSS,0.01,21.23,0.010384,2017.05,-21.17,2.37,-23.54,-23.54,2123.21,2099.67
719,ETH/INR,1h,SHORT,2026-03-19 00:30:00+05:30,2026-03-19 02:30:00+05:30,2176.45,181733.72,2198.22,2132.92,2199.32,183642.83,STOP_LOSS,0.01,21.0,0.010976,1994.69,-20.95,2.37,-23.32,-23.32,2099.67,2076.35
720,ETH/INR,1h,SHORT,2026-03-19 10:30:00+05:30,2026-03-19 12:30:00+05:30,2191.18,182963.69,2213.09,2147.36,2148.43,179394.07,TARGET_HIT,0.01,20.76,0.010781,1972.54,38.48,2.3,36.18,36.18,2076.35,2112.53
721,ETH/INR,1h,SHORT,2026-03-19 18:30:00+05:30,2026-03-20 00:30:00+05:30,2129.56,177818.27,2150.86,2086.97,2151.93,179686.26,STOP_LOSS,0.01,21.13,0.011286,2006.91,-21.08,2.38,-23.46,-23.46,2112.53,2089.07
722,ETH/INR,1h,SHORT,2026-03-20 04:30:00+05:30,2026-03-20 06:30:00+05:30,2134.94,178267.54,2156.29,2092.24,2157.37,180140.24,STOP_LOSS,0.01,20.89,0.011133,1984.62,-20.85,2.35,-23.2,-23.2,2089.07,2065.87
723,ETH/INR,1h,SHORT,2026-03-20 11:30:00+05:30,2026-03-20 13:30:00+05:30,2138.39,178555.67,2159.78,2095.62,2160.86,180431.39,STOP_LOSS,0.01,20.66,0.010991,1962.57,-20.62,2.33,-22.94,-22.94,2065.87,2042.92
724,ETH/INR,1h,SHORT,2026-03-20 15:30:00+05:30,2026-03-21 00:30:00+05:30,2135.42,178307.31,2156.77,2092.71,2123.64,177324.32,INTRADAY_SQUAREOFF,0.01,20.43,0.010884,1940.78,10.7,2.28,8.42,8.42,2042.92,2051.34
725,ETH/INR,1h,SHORT,2026-03-21 05:30:00+05:30,2026-03-21 19:30:00+05:30,2143.45,178978.48,2164.89,2100.59,2165.97,180858.65,STOP_LOSS,0.01,20.51,0.010888,1948.77,-20.47,2.31,-22.78,-22.78,2051.34,2028.55
726,ETH/INR,1h,SHORT,2026-03-21 22:30:00+05:30,2026-03-22 00:30:00+05:30,2144.46,179062.63,2165.91,2101.57,2152.25,179712.81,INTRADAY_SQUAREOFF,0.01,20.29,0.010762,1927.13,-7.0,2.28,-9.28,-9.28,2028.55,2019.28
727,ETH/INR,1h,SHORT,2026-03-22 04:30:00+05:30,2026-03-22 06:30:00+05:30,2148.61,179409.2,2170.1,2105.64,2106.69,175908.92,TARGET_HIT,0.01,20.19,0.010692,1918.31,37.43,2.24,35.18,35.18,2019.28,2054.46
728,ETH/INR,1h,SHORT,2026-03-22 13:30:00+05:30,2026-03-23 00:30:00+05:30,2092.46,174720.46,2113.39,2050.61,2072.41,173046.19,INTRADAY_SQUAREOFF,0.01,20.54,0.011171,1951.74,18.7,2.29,16.41,16.41,2054.46,2070.87
729,ETH/INR,1h,SHORT,2026-03-23 12:30:00+05:30,2026-03-23 15:30:00+05:30,2028.66,169393.28,2048.95,1988.09,2049.97,171172.76,STOP_LOSS,0.01,20.71,0.011614,1967.33,-20.67,2.33,-23.0,-23.0,2070.87,2047.87
730,ETH/INR,1h,LONG,2026-03-24 13:30:00+05:30,2026-03-24 18:30:00+05:30,2169.03,181113.74,2147.34,2212.41,2146.26,179212.95,STOP_LOSS,0.01,20.48,0.010742,1945.48,-20.42,2.28,-22.7,-22.7,2047.87,2025.17
731,ETH/INR,1h,SHORT,2026-03-26 15:30:00+05:30,2026-03-26 23:30:00+05:30,2076.22,173364.49,2096.98,2034.7,2035.71,169982.14,TARGET_HIT,0.01,20.25,0.011098,1923.91,37.54,2.25,35.29,35.29,2025.17,2060.46
732,ETH/INR,1h,SHORT,2026-03-27 05:30:00+05:30,2026-03-27 15:30:00+05:30,2056.16,171689.04,2076.72,2015.03,2016.04,168339.39,TARGET_HIT,0.01,20.6,0.011401,1957.44,38.19,2.29,35.9,35.9,2060.46,2096.36
733,ETH/INR,1h,SHORT,2026-03-27 23:30:00+05:30,2026-03-28 01:30:00+05:30,1973.89,164819.65,1993.63,1934.41,1994.62,166551.08,STOP_LOSS,0.01,20.96,0.012083,1991.54,-20.92,2.36,-23.28,-23.28,2096.36,2073.08
734,ETH/INR,1h,SHORT,2026-03-28 14:30:00+05:30,2026-03-28 18:30:00+05:30,1996.74,166727.48,2016.7,1956.8,2017.71,168478.95,STOP_LOSS,0.01,20.73,0.011812,1969.42,-20.69,2.34,-23.02,-23.02,2073.08,2050.05
735,ETH/INR,1h,LONG,2026-03-29 02:30:00+05:30,2026-03-29 04:30:00+05:30,2025.56,169134.46,2005.31,2066.07,2004.3,167359.4,STOP_LOSS,0.01,20.5,0.011515,1947.55,-20.44,2.29,-22.73,-22.73,2050.05,2027.33
736,ETH/INR,1h,LONG,2026-03-30 13:30:00+05:30,2026-03-30 22:30:00+05:30,2059.52,171969.73,2038.92,2100.71,2037.9,170164.91,STOP_LOSS,0.01,20.27,0.011199,1925.96,-20.21,2.26,-22.47,-22.47,2027.33,2004.85
737,ETH/INR,1h,SHORT,2026-03-31 10:30:00+05:30,2026-03-31 14:30:00+05:30,2055.19,171608.38,2075.74,2014.09,2015.09,168260.3,TARGET_HIT,0.01,20.05,0.011099,1904.61,37.16,2.23,34.93,34.93,2004.85,2039.79
738,ETH/INR,1h,SHORT,2026-03-31 20:30:00+05:30,2026-03-31 22:30:00+05:30,2039.03,170258.68,2059.42,1998.25,2060.45,172047.25,STOP_LOSS,0.01,20.4,0.011381,1937.8,-20.36,2.3,-22.66,-22.66,2039.79,2017.13
739,ETH/INR,1h,LONG,2026-04-01 02:30:00+05:30,2026-04-01 07:30:00+05:30,2107.46,175972.78,2086.38,2149.61,2085.34,174125.95,STOP_LOSS,0.01,20.17,0.01089,1916.28,-20.11,2.25,-22.36,-22.36,2017.13,1994.77
740,ETH/INR,1h,LONG,2026-04-01 09:30:00+05:30,2026-04-01 11:30:00+05:30,2104.94,175762.32,2083.89,2147.04,2145.96,179187.92,TARGET_HIT,0.01,19.95,0.010782,1895.03,36.93,2.26,34.68,34.68,1994.77,2029.45
741,ETH/INR,1h,LONG,2026-04-01 21:30:00+05:30,2026-04-02 00:30:00+05:30,2136.29,178380.05,2114.93,2179.01,2126.88,177594.12,INTRADAY_SQUAREOFF,0.01,20.29,0.010808,1927.98,-8.49,2.27,-10.76,-10.76,2029.45,2018.68
742,ETH/INR,1h,LONG,2026-04-02 06:30:00+05:30,2026-04-02 08:30:00+05:30,2159.22,180295.03,2137.63,2202.41,2136.56,178402.83,STOP_LOSS,0.01,20.19,0.010637,1917.75,-20.13,2.25,-22.38,-22.38,2018.68,1996.31
743,ETH/INR,1h,LONG,2026-04-03 17:30:00+05:30,2026-04-04 00:30:00+05:30,2064.98,172425.89,2044.33,2106.28,2047.73,170985.82,INTRADAY_SQUAREOFF,0.01,19.96,0.010999,1896.49,-15.84,2.23,-18.07,-18.07,1996.31,1978.24
744,ETH/INR,1h,LONG,2026-04-04 11:30:00+05:30,2026-04-05 00:30:00+05:30,2054.77,171573.42,2034.22,2095.87,2054.02,171510.41,INTRADAY_SQUAREOFF,0.01,19.78,0.010953,1879.33,-0.69,2.22,-2.91,-2.91,1978.24,1975.33
745,ETH/INR,1h,LONG,2026-04-06 04:30:00+05:30,2026-04-06 07:30:00+05:30,2086.47,174220.32,2065.61,2128.2,2127.14,177615.88,TARGET_HIT,0.01,19.75,0.010771,1876.56,36.57,2.24,34.34,34.34,1975.33,2009.67
746,ETH/INR,1h,LONG,2026-04-06 20:30:00+05:30,2026-04-06 22:30:00+05:30,2163.49,180651.12,2141.85,2206.76,2140.78,178755.19,STOP_LOSS,0.01,20.1,0.010568,1909.19,-20.04,2.24,-22.28,-22.28,2009.67,1987.39
747,ETH/INR,1h,LONG,2026-04-07 00:30:00+05:30,2026-04-07 03:30:00+05:30,2148.55,179404.15,2127.07,2191.52,2126.0,177521.31,STOP_LOSS,0.01,19.87,0.010524,1888.02,-19.81,2.22,-22.03,-22.03,1987.39,1965.36
748,ETH/INR,1h,SHORT,2026-04-07 07:30:00+05:30,2026-04-07 14:30:00+05:30,2097.44,175136.34,2118.42,2055.49,2119.47,176976.15,STOP_LOSS,0.01,19.65,0.010661,1867.09,-19.61,2.21,-21.83,-21.83,1965.36,1943.53
749,ETH/INR,1h,SHORT,2026-04-07 16:30:00+05:30,2026-04-08 00:30:00+05:30,2086.24,174201.29,2107.11,2044.52,2108.16,176031.27,STOP_LOSS,0.01,19.44,0.010599,1846.35,-19.4,2.19,-21.59,-21.59,1943.53,1921.95
750,ETH/INR,1h,LONG,2026-04-08 18:30:00+05:30,2026-04-08 20:30:00+05:30,2257.93,188536.82,2235.35,2303.08,2234.23,186558.13,STOP_LOSS,0.01,19.22,0.009684,1825.85,-19.16,2.14,-21.31,-21.31,1921.95,1900.64
751,ETH/INR,1h,SHORT,2026-04-09 00:30:00+05:30,2026-04-09 02:30:00+05:30,2198.04,183536.39,2220.02,2154.08,2221.13,185464.44,STOP_LOSS,0.01,19.01,0.009838,1805.61,-18.97,2.14,-21.11,-21.11,1900.64,1879.53
752,ETH/INR,1h,SHORT,2026-04-09 04:30:00+05:30,2026-04-09 20:30:00+05:30,2183.34,182309.17,2205.18,2139.68,2206.28,184224.33,STOP_LOSS,0.01,18.8,0.009794,1785.55,-18.76,2.12,-20.88,-20.88,1879.53,1858.65
753,ETH/INR,1h,LONG,2026-04-10 10:30:00+05:30,2026-04-10 19:30:00+05:30,2197.25,183470.08,2175.27,2241.19,2240.07,187045.92,TARGET_HIT,0.01,18.59,0.009624,1765.72,34.41,2.1,32.31,32.31,1858.65,1890.96
754,ETH/INR,1h,LONG,2026-04-11 17:30:00+05:30,2026-04-11 23:30:00+05:30,2248.71,187766.87,2226.22,2293.68,2292.53,191426.45,TARGET_HIT,0.01,18.91,0.009567,1796.42,35.01,2.14,32.87,32.87,1890.96,1923.84
755,ETH/INR,1h,SHORT,2026-04-12 16:30:00+05:30,2026-04-13 00:30:00+05:30,2196.86,183438.22,2218.83,2152.93,2202.68,183923.87,INTRADAY_SQUAREOFF,0.01,19.24,0.009963,1827.64,-4.84,2.16,-7.0,-7.0,1923.84,1916.84
756,ETH/INR,1h,LONG,2026-04-14 04:30:00+05:30,2026-04-14 19:30:00+05:30,2362.75,197289.7,2339.12,2410.01,2408.8,201134.87,TARGET_HIT,0.01,19.17,0.00923,1821.0,35.49,2.17,33.32,33.32,1916.84,1950.16
757,ETH/INR,1h,SHORT,2026-04-15 11:30:00+05:30,2026-04-15 16:30:00+05:30,2314.47,193258.42,2337.62,2268.18,2338.79,195288.6,STOP_LOSS,0.01,19.5,0.009586,1852.65,-19.46,2.2,-21.66,-21.66,1950.16,1928.5
758,ETH/INR,1h,LONG,2026-04-17 12:30:00+05:30,2026-04-17 17:30:00+05:30,2334.1,194897.05,2310.76,2380.78,2379.59,198695.59,TARGET_HIT,0.01,19.29,0.0094,1832.08,35.71,2.18,33.52,33.52,1928.5,1962.02
759,ETH/INR,1h,SHORT,2026-04-19 22:30:00+05:30,2026-04-20 00:30:00+05:30,2305.15,192479.77,2328.2,2259.04,2299.82,192034.91,INTRADAY_SQUAREOFF,0.01,19.62,0.009684,1863.92,4.31,2.2,2.11,2.11,1962.02,1964.14
760,ETH/INR,1h,SHORT,2026-04-20 03:30:00+05:30,2026-04-20 12:30:00+05:30,2274.16,189892.56,2296.9,2228.68,2298.05,191887.38,STOP_LOSS,0.01,19.64,0.009826,1865.93,-19.6,2.21,-21.81,-21.81,1964.14,1942.32
761,ETH/INR,1h,SHORT,2026-04-20 20:30:00+05:30,2026-04-20 22:30:00+05:30,2283.19,190646.19,2306.02,2237.52,2307.17,192648.93,STOP_LOSS,0.01,19.42,0.009679,1845.2,-19.38,2.19,-21.57,-21.57,1942.32,1920.75
762,ETH/INR,1h,LONG,2026-04-22 17:30:00+05:30,2026-04-23 00:30:00+05:30,2402.89,200641.38,2378.86,2450.95,2394.27,199921.73,INTRADAY_SQUAREOFF,0.01,19.21,0.009094,1824.71,-6.54,2.15,-8.69,-8.69,1920.75,1912.05
763,ETH/INR,1h,SHORT,2026-04-23 13:30:00+05:30,2026-04-23 22:30:00+05:30,2340.96,195470.06,2364.37,2294.14,2295.29,191656.44,TARGET_HIT,0.01,19.12,0.009293,1816.45,35.44,2.12,33.32,33.32,1912.05,1945.37
764,ETH/INR,1h,SHORT,2026-04-24 08:30:00+05:30,2026-04-25 00:30:00+05:30,2315.37,193333.54,2338.53,2269.06,2322.82,193955.53,INTRADAY_SQUAREOFF,0.01,19.45,0.009559,1848.1,-5.95,2.18,-8.13,-8.13,1945.37,1937.24
765,ETH/INR,1h,SHORT,2026-04-25 03:30:00+05:30,2026-04-26 00:30:00+05:30,2312.67,193108.21,2335.8,2266.42,2312.86,193123.46,INTRADAY_SQUAREOFF,0.01,19.37,0.00953,1840.38,-0.15,2.17,-2.32,-2.32,1937.24,1934.92
766,ETH/INR,1h,SHORT,2026-04-26 07:30:00+05:30,2026-04-26 13:30:00+05:30,2312.92,193129.07,2336.05,2266.66,2337.22,195157.89,STOP_LOSS,0.01,19.35,0.009518,1838.18,-19.31,2.18,-21.49,-21.49,1934.92,1913.43
767,ETH/INR,1h,LONG,2026-04-26 21:30:00+05:30,2026-04-27 00:30:00+05:30,2350.84,196295.54,2327.34,2397.86,2361.83,197212.68,INTRADAY_SQUAREOFF,0.01,19.13,0.00926,1817.76,8.49,2.15,6.34,6.34,1913.43,1919.78
768,ETH/INR,1h,LONG,2026-04-27 06:30:00+05:30,2026-04-27 10:30:00+05:30,2393.58,199863.6,2369.64,2441.45,2368.46,197766.03,STOP_LOSS,0.01,19.2,0.009125,1823.79,-19.14,2.14,-21.28,-21.28,1919.78,1898.49
769,ETH/INR,1h,SHORT,2026-04-27 18:30:00+05:30,2026-04-28 00:30:00+05:30,2311.1,192977.17,2334.21,2264.88,2289.09,191139.34,INTRADAY_SQUAREOFF,0.01,18.98,0.009346,1803.57,17.18,2.12,15.06,15.06,1898.49,1913.55
770,ETH/INR,1h,SHORT,2026-04-28 03:30:00+05:30,2026-04-28 05:30:00+05:30,2285.49,190838.13,2308.34,2239.78,2309.5,192842.88,STOP_LOSS,0.01,19.14,0.009526,1817.87,-19.1,2.16,-21.25,-21.25,1913.55,1892.3
771,ETH/INR,1h,SHORT,2026-04-28 07:30:00+05:30,2026-04-29 00:30:00+05:30,2296.62,191767.86,2319.59,2250.69,2298.02,191884.55,INTRADAY_SQUAREOFF,0.01,18.92,0.009374,1797.68,-1.09,2.12,-3.22,-3.22,1892.3,1889.08
772,ETH/INR,1h,SHORT,2026-04-29 04:30:00+05:30,2026-04-29 08:30:00+05:30,2284.07,190719.62,2306.91,2238.39,2308.06,192723.13,STOP_LOSS,0.01,18.89,0.00941,1794.63,-18.85,2.13,-20.98,-20.98,1889.08,1868.1
773,ETH/INR,1h,SHORT,2026-04-30 08:30:00+05:30,2026-04-30 12:30:00+05:30,2234.55,186585.1,2256.9,2189.86,2258.03,188545.18,STOP_LOSS,0.01,18.68,0.009511,1774.7,-18.64,2.11,-20.75,-20.75,1868.1,1847.35
774,ETH/INR,1h,SHORT,2026-04-30 22:30:00+05:30,2026-05-01 00:30:00+05:30,2252.95,188121.58,2275.48,2207.89,2259.56,188673.19,INTRADAY_SQUAREOFF,0.01,18.47,0.009329,1754.99,-5.15,2.07,-7.22,-7.22,1847.35,1840.13
775,ETH/INR,1h,SHORT,2026-05-01 03:30:00+05:30,2026-05-01 08:30:00+05:30,2252.38,188074.0,2274.91,2207.34,2276.04,190049.72,STOP_LOSS,0.01,18.4,0.009295,1748.13,-18.36,2.07,-20.44,-20.44,1840.13,1819.7
776,ETH/INR,1h,LONG,2026-05-02 12:30:00+05:30,2026-05-03 00:30:00+05:30,2306.78,192616.36,2283.71,2352.92,2309.11,192811.09,INTRADAY_SQUAREOFF,0.01,18.2,0.008975,1728.71,1.75,2.04,-0.29,-0.29,1819.7,1819.4
777,ETH/INR,1h,LONG,2026-05-04 01:30:00+05:30,2026-05-04 05:30:00+05:30,2338.68,195279.68,2315.29,2385.45,2314.13,193230.22,STOP_LOSS,0.01,18.19,0.008851,1728.43,-18.14,2.03,-20.17,-20.17,1819.4,1799.23
778,ETH/INR,1h,LONG,2026-05-04 07:30:00+05:30,2026-05-04 15:30:00+05:30,2354.78,196623.87,2331.23,2401.87,2330.06,194560.3,STOP_LOSS,0.01,17.99,0.008693,1709.27,-17.94,2.01,-19.95,-19.95,1799.23,1779.29
779,ETH/INR,1h,LONG,2026-05-04 20:30:00+05:30,2026-05-04 22:30:00+05:30,2382.19,198912.91,2358.37,2429.83,2357.19,196825.32,STOP_LOSS,0.01,17.79,0.008498,1690.32,-17.74,1.98,-19.72,-19.72,1779.29,1759.57
780,ETH/INR,1h,LONG,2026-05-05 06:30:00+05:30,2026-05-06 05:30:00+05:30,2360.62,197111.74,2337.01,2407.83,2358.53,196937.26,INTRADAY_SQUAREOFF,0.01,17.6,0.00848,1671.59,-1.48,1.97,-3.45,-3.45,1759.57,1756.11
781,ETH/INR,1h,LONG,2026-05-06 12:30:00+05:30,2026-05-06 16:30:00+05:30,2372.17,198075.82,2348.44,2419.61,2418.4,201936.31,TARGET_HIT,0.01,17.56,0.008423,1668.31,32.52,1.99,30.53,30.53,1756.11,1786.64
782,ETH/INR,1h,SHORT,2026-05-07 06:30:00+05:30,2026-05-07 22:30:00+05:30,2328.24,194407.64,2351.52,2281.67,2282.81,190614.75,TARGET_HIT,0.01,17.87,0.008731,1697.31,33.11,1.98,31.13,31.13,1786.64,1817.77
783,ETH/INR,1h,SHORT,2026-05-08 08:30:00+05:30,2026-05-08 16:30:00+05:30,2269.6,189511.37,2292.29,2224.21,2293.44,191502.19,STOP_LOSS,0.01,18.18,0.009112,1726.88,-18.14,2.05,-20.19,-20.19,1817.77,1797.58
784,ETH/INR,1h,SHORT,2026-05-08 18:30:00+05:30,2026-05-08 22:30:00+05:30,2281.89,190537.69,2304.71,2236.25,2305.86,192539.29,STOP_LOSS,0.01,17.98,0.008963,1707.7,-17.94,2.03,-19.97,-19.97,1797.58,1777.62
785,ETH/INR,1h,LONG,2026-05-09 21:30:00+05:30,2026-05-10 00:30:00+05:30,2318.89,193627.22,2295.7,2365.27,2328.99,194471.07,INTRADAY_SQUAREOFF,0.01,17.78,0.008722,1688.74,7.36,2.0,5.36,5.36,1777.62,1782.98
786,ETH/INR,1h,LONG,2026-05-10 08:30:00+05:30,2026-05-11 00:30:00+05:30,2328.8,194455.11,2305.52,2375.38,2357.19,196825.44,INTRADAY_SQUAREOFF,0.01,17.83,0.008711,1693.83,20.65,2.01,18.64,18.64,1782.98,1801.62
787,ETH/INR,1h,LONG,2026-05-11 17:30:00+05:30,2026-05-11 19:30:00+05:30,2336.94,195134.32,2313.57,2383.68,2312.41,193086.38,STOP_LOSS,0.01,18.02,0.008771,1711.54,-17.96,2.01,-19.97,-19.97,1801.62,1781.65
788,ETH/INR,1h,SHORT,2026-05-12 12:30:00+05:30,2026-05-13 00:30:00+05:30,2300.86,192121.73,2323.87,2254.84,2280.56,190426.73,INTRADAY_SQUAREOFF,0.01,17.82,0.00881,1692.56,14.93,1.99,12.94,12.94,1781.65,1794.59
789,ETH/INR,1h,SHORT,2026-05-13 11:30:00+05:30,2026-05-13 14:30:00+05:30,2294.47,191588.44,2317.42,2248.58,2318.58,193601.07,STOP_LOSS,0.01,17.95,0.008899,1704.86,-17.91,2.02,-19.93,-19.93,1794.59,1774.66
790,ETH/INR,1h,SHORT,2026-05-13 21:30:00+05:30,2026-05-13 23:30:00+05:30,2231.95,186368.12,2254.27,2187.31,2255.4,188325.92,STOP_LOSS,0.01,17.75,0.009046,1685.93,-17.71,2.0,-19.71,-19.71,1774.66,1754.95
791,ETH/INR,1h,SHORT,2026-05-14 03:30:00+05:30,2026-05-14 19:30:00+05:30,2252.23,188061.49,2274.76,2207.19,2275.89,190037.08,STOP_LOSS,0.01,17.55,0.008865,1667.2,-17.51,1.98,-19.49,-19.49,1754.95,1735.46
792,ETH/INR,1h,SHORT,2026-05-16 01:30:00+05:30,2026-05-16 14:30:00+05:30,2219.45,185324.06,2241.64,2175.06,2176.15,181708.38,TARGET_HIT,0.01,17.35,0.008896,1648.68,32.17,1.93,30.24,30.24,1735.46,1765.7
793,ETH/INR,1h,SHORT,2026-05-17 04:30:00+05:30,2026-05-18 00:30:00+05:30,2177.61,181830.49,2199.39,2134.06,2188.76,182761.77,INTRADAY_SQUAREOFF,0.01,17.66,0.009225,1677.41,-8.59,1.98,-10.58,-10.58,1765.7,1755.12
794,ETH/INR,1h,SHORT,2026-05-19 00:30:00+05:30,2026-05-19 02:30:00+05:30,2076.96,173426.24,2097.73,2035.42,2098.78,175248.09,STOP_LOSS,0.01,17.55,0.009614,1667.36,-17.52,1.98,-19.49,-19.49,1755.12,1735.63
795,ETH/INR,1h,SHORT,2026-05-19 07:30:00+05:30,2026-05-19 12:30:00+05:30,2120.94,177098.41,2142.15,2078.52,2143.22,178958.83,STOP_LOSS,0.01,17.36,0.00931,1648.84,-17.32,1.96,-19.28,-19.28,1735.63,1716.35
796,ETH/INR,1h,SHORT,2026-05-19 14:30:00+05:30,2026-05-20 00:30:00+05:30,2128.22,177705.99,2149.5,2085.65,2115.02,176603.91,INTRADAY_SQUAREOFF,0.01,17.16,0.009175,1630.53,10.11,1.92,8.19,8.19,1716.35,1724.54
797,ETH/INR,1h,SHORT,2026-05-20 19:30:00+05:30,2026-05-20 21:30:00+05:30,2113.37,176466.62,2134.51,2071.11,2135.57,178320.4,STOP_LOSS,0.01,17.25,0.009284,1638.32,-17.21,1.94,-19.15,-19.15,1724.54,1705.39
798,ETH/INR,1h,SHORT,2026-05-22 10:30:00+05:30,2026-05-22 23:30:00+05:30,2129.49,177812.81,2150.79,2086.9,2087.95,174343.69,TARGET_HIT,0.01,17.05,0.009111,1620.12,31.61,1.89,29.72,29.72,1705.39,1735.1
799,ETH/INR,1h,SHORT,2026-05-23 12:30:00+05:30,2026-05-23 23:30:00+05:30,2057.08,171766.27,2077.65,2015.94,2078.69,173570.67,STOP_LOSS,0.01,17.35,0.009596,1648.35,-17.32,1.96,-19.27,-19.27,1735.1,1715.83
800,ETH/INR,1h,LONG,2026-05-24 12:30:00+05:30,2026-05-24 18:30:00+05:30,2128.01,177689.12,2106.73,2170.57,2105.68,175824.27,STOP_LOSS,0.01,17.16,0.009174,1630.04,-17.11,1.91,-19.02,-19.02,1715.83,1696.81
801,ETH/INR,1h,SHORT,2026-05-25 07:30:00+05:30,2026-05-25 12:30:00+05:30,2089.78,174497.02,2110.68,2047.99,2111.74,176330.11,STOP_LOSS,0.01,16.97,0.009238,1611.97,-16.93,1.91,-18.85,-18.85,1696.81,1677.97
802,ETH/INR,1h,SHORT,2026-05-25 17:30:00+05:30,2026-05-25 20:30:00+05:30,2111.27,176291.37,2132.39,2069.05,2133.45,178143.31,STOP_LOSS,0.01,16.78,0.009042,1594.07,-16.75,1.89,-18.64,-18.64,1677.97,1659.33
803,ETH/INR,1h,SHORT,2026-05-27 09:30:00+05:30,2026-05-27 13:30:00+05:30,2065.42,172462.3,2086.07,2024.11,2087.11,174274.01,STOP_LOSS,0.01,16.59,0.00914,1576.36,-16.56,1.87,-18.43,-18.43,1659.33,1640.9
804,ETH/INR,1h,SHORT,2026-05-27 16:30:00+05:30,2026-05-28 00:30:00+05:30,2075.45,173300.22,2096.21,2033.94,2053.84,171495.34,INTRADAY_SQUAREOFF,0.01,16.41,0.008995,1558.86,16.24,1.83,14.41,14.41,1640.9,1655.31
805,ETH/INR,1h,SHORT,2026-05-28 03:30:00+05:30,2026-05-28 09:30:00+05:30,2011.99,168001.46,2032.11,1971.75,1972.74,164723.75,TARGET_HIT,0.01,16.55,0.00936,1572.54,30.68,1.84,28.84,28.84,1655.31,1684.15
806,ETH/INR,1h,LONG,2026-05-30 15:30:00+05:30,2026-05-31 00:30:00+05:30,2015.56,168299.04,1995.4,2055.87,2023.5,168962.06,INTRADAY_SQUAREOFF,0.01,16.84,0.009507,1599.94,6.3,1.89,4.41,4.41,1684.15,1688.56
807,ETH/INR,1h,LONG,2026-05-31 06:30:00+05:30,2026-05-31 19:30:00+05:30,2025.75,169150.32,2005.49,2066.27,2004.49,167375.09,STOP_LOSS,0.01,16.89,0.009483,1604.13,-16.84,1.88,-18.72,-18.72,1688.56,1669.84
808,ETH/INR,1h,SHORT,2026-06-01 00:30:00+05:30,2026-06-01 04:30:00+05:30,1995.31,166608.54,2015.27,1955.41,2016.27,168358.77,STOP_LOSS,0.01,16.7,0.009521,1586.35,-16.66,1.88,-18.55,-18.55,1669.84,1651.3
809,ETH/INR,1h,SHORT,2026-06-01 07:30:00+05:30,2026-06-02 00:30:00+05:30,1990.2,166182.06,2010.11,1950.4,1991.51,166290.69,INTRADAY_SQUAREOFF,0.01,16.51,0.00944,1568.73,-1.03,1.85,-2.88,-2.88,1651.3,1648.42
810,ETH/INR,1h,SHORT,2026-06-02 03:30:00+05:30,2026-06-02 19:30:00+05:30,1988.65,166051.87,2008.53,1948.87,1949.85,162812.2,TARGET_HIT,0.01,16.48,0.009431,1566.0,30.55,1.83,28.72,28.72,1648.42,1677.14
811,ETH/INR,1h,SHORT,2026-06-03 08:30:00+05:30,2026-06-03 10:30:00+05:30,1847.99,154306.8,1866.47,1811.03,1867.4,155927.79,STOP_LOSS,0.01,16.77,0.010325,1593.28,-16.74,1.89,-18.63,-18.63,1677.14,1658.51
812,ETH/INR,1h,SHORT,2026-06-04 01:30:00+05:30,2026-06-04 03:30:00+05:30,1794.93,149876.83,1812.88,1759.03,1813.79,151451.28,STOP_LOSS,0.01,16.59,0.010513,1575.59,-16.55,1.87,-18.42,-18.42,1658.51,1640.09
813,ETH/INR,1h,SHORT,2026-06-04 13:30:00+05:30,2026-06-04 15:30:00+05:30,1770.92,147872.17,1788.63,1735.51,1736.37,144987.18,TARGET_HIT,0.01,16.4,0.010537,1558.09,30.4,1.82,28.58,28.58,1640.09,1668.67
814,ETH/INR,1h,SHORT,2026-06-05 03:30:00+05:30,2026-06-05 08:30:00+05:30,1755.79,146608.61,1773.35,1720.68,1721.54,143748.27,TARGET_HIT,0.01,16.69,0.010813,1585.24,30.93,1.85,29.08,29.08,1668.67,1697.75
815,ETH/INR,1h,SHORT,2026-06-05 11:30:00+05:30,2026-06-05 17:30:00+05:30,1679.36,140226.55,1696.15,1645.77,1646.6,137490.73,TARGET_HIT,0.01,16.98,0.011502,1612.86,31.47,1.88,29.58,29.58,1697.75,1727.33
816,ETH/INR,1h,SHORT,2026-06-06 15:30:00+05:30,2026-06-07 00:30:00+05:30,1564.56,130640.53,1580.2,1533.27,1556.84,129995.98,INTRADAY_SQUAREOFF,0.01,17.27,0.012561,1640.96,8.1,1.93,6.16,6.16,1727.33,1733.49
817,ETH/INR,1h,LONG,2026-06-08 03:30:00+05:30,2026-06-08 05:30:00+05:30,1635.95,136601.62,1619.59,1668.67,1667.83,139263.99,TARGET_HIT,0.01,17.33,0.012056,1646.82,32.1,1.96,30.13,30.13,1733.49,1763.63
818,ETH/INR,1h,LONG,2026-06-08 12:30:00+05:30,2026-06-08 20:30:00+05:30,1669.52,139405.28,1652.83,1702.91,1702.06,142122.29,TARGET_HIT,0.01,17.64,0.012019,1675.45,32.65,2.0,30.66,30.66,1763.63,1794.29
819,ETH/INR,1h,SHORT,2026-06-10 04:30:00+05:30,2026-06-10 18:30:00+05:30,1637.67,136745.51,1654.05,1604.92,1654.87,138182.02,STOP_LOSS,0.01,17.94,0.012465,1704.57,-17.91,2.02,-19.93,-19.93,1794.29,1774.36
820,ETH/INR,1h,SHORT,2026-06-11 03:30:00+05:30,2026-06-11 05:30:00+05:30,1602.56,133813.62,1618.58,1570.51,1619.39,135219.33,STOP_LOSS,0.01,17.74,0.012597,1685.64,-17.71,2.0,-19.71,-19.71,1774.36,1754.65
821,ETH/INR,1h,SHORT,2026-06-11 11:30:00+05:30,2026-06-11 13:30:00+05:30,1644.94,137352.25,1661.39,1612.04,1662.22,138795.14,STOP_LOSS,0.01,17.55,0.012136,1666.92,-17.51,1.98,-19.49,-19.49,1754.65,1735.16
822,ETH/INR,1h,LONG,2026-06-12 08:30:00+05:30,2026-06-12 11:30:00+05:30,1676.33,139973.37,1659.56,1709.85,1658.73,138504.35,STOP_LOSS,0.01,17.35,0.011777,1648.4,-17.3,1.93,-19.23,-19.23,1735.16,1715.93
823,ETH/INR,1h,LONG,2026-06-12 20:30:00+05:30,2026-06-12 22:30:00+05:30,1686.18,140796.25,1669.32,1719.91,1668.49,139318.59,STOP_LOSS,0.01,17.16,0.011578,1630.13,-17.11,1.91,-19.02,-19.02,1715.93,1696.91
824,ETH/INR,1h,LONG,2026-06-13 07:30:00+05:30,2026-06-14 00:30:00+05:30,1675.33,139889.82,1658.57,1708.83,1676.67,140002.05,INTRADAY_SQUAREOFF,0.01,16.97,0.011524,1612.06,1.29,1.9,-0.61,-0.61,1696.91,1696.3
825,ETH/INR,1h,LONG,2026-06-14 15:30:00+05:30,2026-06-14 19:30:00+05:30,1678.44,140149.64,1661.65,1712.01,1660.82,138678.77,STOP_LOSS,0.01,16.96,0.011498,1611.48,-16.91,1.89,-18.8,-18.8,1696.3,1677.49
826,ETH/INR,1h,LONG,2026-06-15 17:30:00+05:30,2026-06-15 19:30:00+05:30,1767.87,147617.44,1750.19,1803.23,1802.33,150494.5,TARGET_HIT,0.01,16.77,0.010796,1593.62,31.06,1.9,29.16,29.16,1677.49,1706.65
827,ETH/INR,1h,LONG,2026-06-16 23:30:00+05:30,2026-06-17 01:30:00+05:30,1799.11,150225.61,1781.12,1835.09,1791.88,149622.28,INTRADAY_SQUAREOFF,0.01,17.07,0.010793,1621.32,-6.51,1.91,-8.42,-8.42,1706.65,1698.23
828,ETH/INR,1h,SHORT,2026-06-18 01:30:00+05:30,2026-06-18 03:30:00+05:30,1726.8,144187.48,1744.06,1692.26,1744.94,145702.17,STOP_LOSS,0.01,16.98,0.011189,1613.32,-16.95,1.91,-18.86,-18.86,1698.23,1679.37
829,ETH/INR,1h,SHORT,2026-06-18 09:30:00+05:30,2026-06-18 20:30:00+05:30,1738.77,145187.31,1756.16,1703.99,1704.85,142354.71,TARGET_HIT,0.01,16.79,0.010989,1595.4,31.13,1.86,29.26,29.26,1679.37,1708.63
830,ETH/INR,1h,SHORT,2026-06-19 15:30:00+05:30,2026-06-19 18:30:00+05:30,1686.2,140797.41,1703.06,1652.47,1703.91,142276.49,STOP_LOSS,0.01,17.09,0.011529,1623.2,-17.05,1.93,-18.98,-18.98,1708.63,1689.66
831,ETH/INR,1h,SHORT,2026-06-19 22:30:00+05:30,2026-06-20 00:30:00+05:30,1692.39,141314.85,1709.32,1658.55,1702.07,142122.89,INTRADAY_SQUAREOFF,0.01,16.9,0.011359,1605.17,-9.18,1.9,-11.08,-11.08,1689.66,1678.58
832,ETH/INR,1h,SHORT,2026-06-20 08:30:00+05:30,2026-06-20 10:30:00+05:30,1701.61,142084.33,1718.62,1667.58,1719.48,143576.92,STOP_LOSS,0.01,16.79,0.011223,1594.65,-16.75,1.89,-18.64,-18.64,1678.58,1659.93
833,ETH/INR,1h,LONG,2026-06-21 20:30:00+05:30,2026-06-22 00:30:00+05:30,1727.25,144225.64,1709.98,1761.8,1732.73,144683.22,INTRADAY_SQUAREOFF,0.01,16.6,0.010934,1576.94,5.0,1.86,3.14,3.14,1659.93,1663.07
834,ETH/INR,1h,LONG,2026-06-22 19:30:00+05:30,2026-06-22 21:30:00+05:30,1778.3,148487.94,1760.52,1813.86,1759.64,146929.56,STOP_LOSS,0.01,16.63,0.01064,1579.92,-16.58,1.85,-18.44,-18.44,1663.07,1644.64
835,ETH/INR,1h,SHORT,2026-06-23 10:30:00+05:30,2026-06-23 12:30:00+05:30,1715.7,143261.1,1732.86,1681.39,1682.23,140466.07,TARGET_HIT,0.01,16.45,0.010906,1562.41,30.48,1.83,28.66,28.66,1644.64,1673.29
836,ETH/INR,1h,SHORT,2026-06-24 08:30:00+05:30,2026-06-24 16:30:00+05:30,1660.71,138669.22,1677.32,1627.5,1678.16,140125.94,STOP_LOSS,0.01,16.73,0.011463,1589.63,-16.7,1.89,-18.58,-18.58,1673.29,1654.71
837,ETH/INR,1h,SHORT,2026-06-24 19:30:00+05:30,2026-06-24 21:30:00+05:30,1638.5,136814.77,1654.89,1605.73,1606.53,134145.52,TARGET_HIT,0.01,16.55,0.01149,1571.97,30.67,1.84,28.83,28.83,1654.71,1683.54
838,ETH/INR,1h,SHORT,2026-06-26 14:30:00+05:30,2026-06-26 17:30:00+05:30,1560.42,130295.02,1576.02,1529.21,1529.98,127752.96,TARGET_HIT,0.01,16.84,0.012275,1599.36,31.2,1.87,29.33,29.33,1683.54,1712.88
839,ETH/INR,1h,SHORT,2026-06-27 00:30:00+05:30,2026-06-27 07:30:00+05:30,1567.88,130917.62,1583.55,1536.52,1584.35,132292.91,STOP_LOSS,0.01,17.13,0.012429,1627.23,-17.09,1.93,-19.02,-19.02,1712.88,1693.85
840,ETH/INR,1h,SHORT,2026-06-29 10:30:00+05:30,2026-06-29 17:30:00+05:30,1571.35,131208.05,1587.07,1539.93,1587.86,132586.39,STOP_LOSS,0.01,16.94,0.012264,1609.16,-16.9,1.91,-18.81,-18.81,1693.85,1675.04
841,ETH/INR,1h,SHORT,2026-07-01 03:30:00+05:30,2026-07-01 06:30:00+05:30,1566.58,130809.12,1582.24,1535.24,1583.03,132183.27,STOP_LOSS,0.01,16.75,0.012165,1591.29,-16.72,1.89,-18.6,-18.6,1675.04,1656.44
842,ETH/INR,1h,LONG,2026-07-02 03:30:00+05:30,2026-07-02 05:30:00+05:30,1635.78,136587.42,1619.42,1668.49,1618.61,135153.93,STOP_LOSS,0.01,16.56,0.011521,1573.61,-16.52,1.85,-18.36,-18.36,1656.44,1638.07
843,ETH/INR,1h,LONG,2026-07-02 07:30:00+05:30,2026-07-02 17:30:00+05:30,1623.21,135538.14,1606.98,1655.68,1654.85,138179.78,TARGET_HIT,0.01,16.38,0.011481,1556.17,30.33,1.85,28.48,28.48,1638.07,1666.55
844,ETH/INR,1h,LONG,2026-07-03 02:30:00+05:30,2026-07-03 15:30:00+05:30,1705.75,142430.33,1688.69,1739.87,1739.0,145206.3,TARGET_HIT,0.01,16.67,0.011116,1583.22,30.86,1.89,28.97,28.97,1666.55,1695.52
845,ETH/INR,1h,LONG,2026-07-03 19:30:00+05:30,2026-07-03 21:30:00+05:30,1750.85,146196.39,1733.35,1785.87,1732.48,144662.06,STOP_LOSS,0.01,16.96,0.011018,1610.74,-16.9,1.89,-18.8,-18.8,1695.52,1676.72
846,ETH/INR,1h,LONG,2026-07-04 10:30:00+05:30,2026-07-04 22:30:00+05:30,1763.38,147242.33,1745.75,1798.65,1797.75,150112.09,TARGET_HIT,0.01,16.77,0.010818,1592.89,31.05,1.9,29.15,29.15,1676.72,1705.87
847,ETH/INR,1h,LONG,2026-07-07 12:30:00+05:30,2026-07-07 19:30:00+05:30,1781.81,148781.18,1763.99,1817.45,1763.11,147219.72,STOP_LOSS,0.01,17.06,0.010892,1620.58,-17.01,1.9,-18.91,-18.91,1705.87,1686.96
848,ETH/INR,1h,SHORT,2026-07-09 07:30:00+05:30,2026-07-09 10:30:00+05:30,1727.84,144274.27,1745.11,1693.28,1745.99,145789.87,STOP_LOSS,0.01,16.87,0.011108,1602.61,-16.84,1.9,-18.74,-18.74,1686.96,1668.22
849,ETH/INR,1h,SHORT,2026-07-09 16:30:00+05:30,2026-07-10 00:30:00+05:30,1741.8,145440.19,1759.22,1706.96,1751.2,146224.79,INTRADAY_SQUAREOFF,0.01,16.68,0.010897,1584.81,-8.55,1.88,-10.42,-10.42,1668.22,1657.8
850,ETH/INR,1h,LONG,2026-07-10 15:30:00+05:30,2026-07-10 19:30:00+05:30,1794.28,149822.1,1776.33,1830.16,1775.45,148249.72,STOP_LOSS,0.01,16.58,0.010512,1574.91,-16.53,1.85,-18.38,-18.38,1657.8,1639.42
851,ETH/INR,1h,LONG,2026-07-11 05:30:00+05:30,2026-07-12 00:30:00+05:30,1797.57,150096.96,1779.59,1833.52,1823.81,152287.94,INTRADAY_SQUAREOFF,0.01,16.39,0.010376,1557.45,22.73,1.85,20.88,20.88,1639.42,1660.31
852,ETH/INR,1h,SHORT,2026-07-14 13:30:00+05:30,2026-07-14 15:30:00+05:30,1776.1,148304.47,1793.86,1740.58,1794.76,149862.41,STOP_LOSS,0.01,16.6,0.010635,1577.29,-16.57,1.87,-18.44,-18.44,1660.31,1641.87
853,ETH/INR,1h,LONG,2026-07-15 05:30:00+05:30,2026-07-15 07:30:00+05:30,1893.03,158067.67,1874.1,1930.89,1873.16,156408.75,STOP_LOSS,0.01,16.42,0.009868,1559.77,-16.37,1.83,-18.2,-18.2,1641.87,1623.66
854,ETH/INR,1h,LONG,2026-07-15 09:30:00+05:30,2026-07-15 17:30:00+05:30,1878.6,156863.01,1859.81,1916.17,1915.21,159920.27,TARGET_HIT,0.01,16.24,0.009833,1542.48,30.06,1.84,28.23,28.23,1623.66,1651.89
855,ETH/INR,1h,LONG,2026-07-16 08:30:00+05:30,2026-07-16 12:30:00+05:30,1925.66,160792.8,1906.41,1964.18,1905.45,159105.28,STOP_LOSS,0.01,16.52,0.00976,1569.3,-16.47,1.84,-18.31,-18.31,1651.89,1633.58
856,ETH/INR,1h,SHORT,2026-07-17 04:30:00+05:30,2026-07-17 10:30:00+05:30,1865.97,155808.21,1884.63,1828.65,1829.56,152768.39,TARGET_HIT,0.01,16.34,0.00996,1551.9,30.28,1.81,28.46,28.46,1633.58,1662.04
857,ETH/INR,1h,SHORT,2026-07-17 18:30:00+05:30,2026-07-17 22:30:00+05:30,1824.77,152368.06,1843.01,1788.27,1843.94,153968.69,STOP_LOSS,0.01,16.62,0.010363,1578.94,-16.59,1.87,-18.46,-18.46,1662.04,1643.58
858,ETH/INR,1h,LONG,2026-07-20 23:30:00+05:30,2026-07-21 01:30:00+05:30,1909.35,159431.08,1890.26,1947.54,1897.7,158458.01,INTRADAY_SQUAREOFF,0.01,16.44,0.009794,1561.4,-9.53,1.84,-11.37,-11.37,1643.58,1632.22
859,ETH/INR,1h,LONG,2026-07-21 06:30:00+05:30,2026-07-22 00:30:00+05:30,1917.76,160132.83,1898.58,1956.11,1917.6,160119.67,INTRADAY_SQUAREOFF,0.01,16.32,0.009683,1550.6,-0.13,1.83,-1.96,-1.96,1632.22,1630.26
860,ETH/INR,1h,LONG,2026-07-22 05:30:00+05:30,2026-07-22 12:30:00+05:30,1930.79,161221.37,1911.49,1969.41,1910.53,159529.35,STOP_LOSS,0.01,16.3,0.009606,1548.75,-16.25,1.82,-18.07,-18.07,1630.26,1612.19
861,ETH/INR,1h,LONG,2026-07-22 19:30:00+05:30,2026-07-22 23:30:00+05:30,1941.86,162145.35,1922.44,1980.7,1921.48,160443.63,STOP_LOSS,0.01,16.12,0.009446,1531.58,-16.07,1.8,-17.87,-17.87,1612.19,1594.31
862,ETH/INR,1h,LONG,2026-07-23 03:30:00+05:30,2026-07-23 08:30:00+05:30,1939.6,161956.54,1920.2,1978.39,1919.24,160256.81,STOP_LOSS,0.01,15.94,0.009352,1514.6,-15.9,1.78,-17.67,-17.67,1594.31,1576.64
863,ETH/INR,1h,LONG,2026-07-23 14:30:00+05:30,2026-07-23 17:30:00+05:30,1927.09,160912.27,1907.82,1965.63,1906.87,159223.5,STOP_LOSS,0.01,15.77,0.009308,1497.81,-15.72,1.76,-17.48,-17.48,1576.64,1559.16
864,ETH/INR,1h,SHORT,2026-07-24 14:30:00+05:30,2026-07-25 00:30:00+05:30,1884.15,157326.31,1902.99,1846.46,1862.37,155507.95,INTRADAY_SQUAREOFF,0.01,15.59,0.009415,1481.21,17.12,1.74,15.38,15.38,1559.16,1574.55
865,ETH/INR,1h,SHORT,2026-07-25 03:30:00+05:30,2026-07-25 23:30:00+05:30,1854.43,154845.1,1872.98,1817.34,1873.91,156471.75,STOP_LOSS,0.01,15.75,0.00966,1495.82,-15.71,1.77,-17.49,-17.49,1574.55,1557.06
866,ETH/INR,1h,LONG,2026-07-26 04:30:00+05:30,2026-07-26 20:30:00+05:30,1876.3,156670.86,1857.53,1913.82,1912.87,159724.37,TARGET_HIT,0.01,15.57,0.009441,1479.2,28.83,1.76,27.07,27.07,1557.06,1584.12
867,ETH/INR,1h,LONG,2026-07-27 04:30:00+05:30,2026-07-27 19:30:00+05:30,1951.96,162988.28,1932.44,1990.99,1931.47,161277.72,STOP_LOSS,0.01,15.84,0.009233,1504.92,-15.79,1.77,-17.56,-17.56,1584.12,1566.56
868,ETH/INR,1h,SHORT,2026-07-28 06:30:00+05:30,2026-07-28 18:30:00+05:30,1875.23,156581.87,1893.98,1837.73,1894.93,158226.76,STOP_LOSS,0.01,15.67,0.009505,1488.24,-15.63,1.77,-17.4,-17.4,1566.56,1549.16
869,ETH/INR,1h,LONG,2026-07-29 12:30:00+05:30,2026-07-29 18:30:00+05:30,1919.86,160308.27,1900.66,1958.26,1899.71,158625.83,STOP_LOSS,0.01,15.49,0.00918,1471.71,-15.45,1.73,-17.17,-17.17,1549.16,1531.99
870,ETH/INR,1h,LONG,2026-07-29 23:30:00+05:30,2026-07-30 01:30:00+05:30,1924.78,160719.28,1905.53,1963.28,1904.58,159032.54,STOP_LOSS,0.01,15.32,0.009055,1455.39,-15.27,1.71,-16.98,-16.98,1531.99,1515.01
871,ETH/INR,1h,LONG,2026-07-30 03:30:00+05:30,2026-07-31 00:30:00+05:30,1897.14,158411.03,1878.17,1935.08,1913.28,159759.12,INTRADAY_SQUAREOFF,0.01,15.15,0.009086,1439.26,12.25,1.71,10.54,10.54,1515.01,1525.55
872,ETH/INR,1h,SHORT,2026-07-31 19:30:00+05:30,2026-08-01 00:30:00+05:30,1861.66,155448.5,1880.28,1824.43,1871.04,156231.42,INTRADAY_SQUAREOFF,0.01,15.26,0.009323,1449.27,-7.3,1.71,-9.01,-9.01,1525.55,1516.54
873,ETH/INR,1h,LONG,2026-08-02 10:30:00+05:30,2026-08-02 14:30:00+05:30,1881.16,157076.87,1862.35,1918.78,1861.42,155428.35,STOP_LOSS,0.01,15.17,0.009172,1440.71,-15.12,1.69,-16.81,-16.81,1516.54,1499.73
874,ETH/INR,1h,LONG,2026-08-06 17:30:00+05:30,2026-08-07 00:30:00+05:30,1908.41,159352.54,1889.33,1946.58,1904.11,158992.98,INTRADAY_SQUAREOFF,0.01,15.0,0.008941,1424.74,-3.21,1.68,-4.89,-4.89,1499.73,1494.83
875,ETH/INR,1h,LONG,2026-08-08 01:30:00+05:30,2026-08-09 00:30:00+05:30,1920.16,160333.32,1900.96,1958.56,1919.14,160248.18,INTRADAY_SQUAREOFF,0.01,14.95,0.008857,1420.09,-0.75,1.68,-2.43,-2.43,1494.83,1492.4
876,ETH/INR,1h,LONG,2026-08-09 12:30:00+05:30,2026-08-10 00:30:00+05:30,1919.08,160243.1,1899.89,1957.46,1919.17,160250.69,INTRADAY_SQUAREOFF,0.01,14.92,0.008848,1417.78,0.07,1.67,-1.61,-1.61,1492.4,1490.8
877,ETH/INR,1h,SHORT,2026-08-11 03:30:00+05:30,2026-08-11 16:30:00+05:30,1870.95,156224.66,1889.66,1833.53,1890.61,157865.8,STOP_LOSS,0.01,14.91,0.009066,1416.26,-14.88,1.68,-16.56,-16.56,1490.8,1474.24
878,ETH/INR,1h,SHORT,2026-08-13 14:30:00+05:30,2026-08-14 00:30:00+05:30,1886.06,157485.72,1904.92,1848.34,1884.81,157381.8,INTRADAY_SQUAREOFF,0.01,14.74,0.008893,1400.53,0.92,1.65,-0.73,-0.73,1474.24,1473.51
879,ETH/INR,1h,SHORT,2026-08-14 09:30:00+05:30,2026-08-15 00:30:00+05:30,1880.01,156980.79,1898.81,1842.41,1874.47,156517.98,INTRADAY_SQUAREOFF,0.01,14.74,0.008917,1399.84,4.13,1.65,2.48,2.48,1473.51,1475.99
880,ETH/INR,1h,SHORT,2026-08-15 09:30:00+05:30,2026-08-16 00:30:00+05:30,1879.92,156973.28,1898.72,1842.32,1881.74,157125.33,INTRADAY_SQUAREOFF,0.01,14.76,0.008933,1402.19,-1.36,1.66,-3.01,-3.01,1475.99,1472.98
881,ETH/INR,1h,LONG,2026-08-17 16:30:00+05:30,2026-08-18 00:30:00+05:30,1908.22,159336.68,1889.14,1946.39,1907.0,159234.16,INTRADAY_SQUAREOFF,0.01,14.73,0.008782,1399.33,-0.9,1.65,-2.55,-2.55,1472.98,1470.42
882,ETH/INR,1h,LONG,2026-08-18 14:30:00+05:30,2026-08-19 00:30:00+05:30,1900.97,158731.0,1881.96,1938.99,1914.04,159822.55,INTRADAY_SQUAREOFF,0.01,14.7,0.0088,1396.9,9.61,1.65,7.95,7.95,1470.42,1478.38
883,ETH/INR,1h,LONG,2026-08-19 12:30:00+05:30,2026-08-19 19:30:00+05:30,1917.82,160137.84,1898.64,1956.17,1955.2,163258.92,TARGET_HIT,0.01,14.78,0.00877,1404.46,27.37,1.67,25.7,25.7,1478.38,1504.08
884,ETH/INR,1h,LONG,2026-08-20 12:30:00+05:30,2026-08-20 16:30:00+05:30,2266.68,189268.02,2244.02,2312.02,2310.86,192956.85,TARGET_HIT,0.01,15.04,0.007549,1428.87,27.85,1.7,26.15,26.15,1504.08,1530.22
885,ETH/INR,1h,LONG,2026-08-20 21:30:00+05:30,2026-08-20 23:30:00+05:30,2336.16,195069.15,2312.8,2382.88,2311.64,193021.9,STOP_LOSS,0.01,15.3,0.007452,1453.71,-15.26,1.71,-16.96,-16.96,1530.22,1513.26
886,ETH/INR,1h,LONG,2026-08-21 11:30:00+05:30,2026-08-21 13:30:00+05:30,2368.78,197793.46,2345.1,2416.16,2414.95,201648.45,TARGET_HIT,0.01,15.13,0.007268,1437.6,28.02,1.71,26.31,26.31,1513.26,1539.57
887,ETH/INR,1h,LONG,2026-08-21 22:30:00+05:30,2026-08-22 00:30:00+05:30,2413.27,201507.72,2389.13,2461.53,2418.58,201951.44,INTRADAY_SQUAREOFF,0.01,15.4,0.007258,1462.59,3.22,1.73,1.49,1.49,1539.57,1541.06
888,ETH/INR,1h,LONG,2026-08-22 02:30:00+05:30,2026-08-22 04:30:00+05:30,2448.56,204455.07,2424.08,2497.54,2496.29,208439.9,TARGET_HIT,0.01,15.41,0.007161,1464.01,28.53,1.74,26.79,26.79,1541.06,1567.85
889,ETH/INR,1h,LONG,2026-08-24 15:30:00+05:30,2026-08-24 17:30:00+05:30,2466.12,205921.22,2441.46,2515.44,2514.19,209934.62,TARGET_HIT,0.01,15.68,0.007233,1489.46,29.03,1.77,27.25,27.25,1567.85,1595.1
890,ETH/INR,1h,LONG,2026-08-25 03:30:00+05:30,2026-08-25 17:30:00+05:30,2487.72,207724.89,2462.85,2537.48,2461.61,205544.82,STOP_LOSS,0.01,15.95,0.007295,1515.35,-15.9,1.78,-17.68,-17.68,1595.1,1577.42
891,ETH/INR,1h,LONG,2026-08-25 21:30:00+05:30,2026-08-26 00:30:00+05:30,2485.64,207551.12,2460.79,2535.35,2459.56,205372.87,STOP_LOSS,0.01,15.77,0.00722,1498.55,-15.73,1.76,-17.49,-17.49,1577.42,1559.93
892,ETH/INR,1h,LONG,2026-08-27 11:30:00+05:30,2026-08-27 14:30:00+05:30,2498.63,208635.49,2473.64,2548.6,2547.33,212701.79,TARGET_HIT,0.01,15.6,0.007103,1481.94,28.88,1.77,27.12,27.12,1559.93,1587.05
893,ETH/INR,1h,LONG,2026-08-27 20:30:00+05:30,2026-08-27 23:30:00+05:30,2524.2,210770.82,2498.96,2574.69,2497.71,208558.78,STOP_LOSS,0.01,15.87,0.007153,1507.7,-15.82,1.77,-17.59,-17.59,1587.05,1569.46
894,ETH/INR,1h,LONG,2026-08-28 04:30:00+05:30,2026-08-28 07:30:00+05:30,2518.56,210299.65,2493.37,2568.93,2492.13,208092.56,STOP_LOSS,0.01,15.69,0.00709,1490.98,-15.65,1.75,-17.4,-17.4,1569.46,1552.06
895,ETH/INR,1h,LONG,2026-08-28 12:30:00+05:30,2026-08-28 19:30:00+05:30,2507.06,209339.76,2481.99,2557.2,2480.75,207142.74,STOP_LOSS,0.01,15.52,0.007043,1474.46,-15.47,1.73,-17.21,-17.21,1552.06,1534.85
896,ETH/INR,1h,SHORT,2026-08-29 03:30:00+05:30,2026-08-29 05:30:00+05:30,2421.49,202194.3,2445.7,2373.06,2446.93,204318.35,STOP_LOSS,0.01,15.35,0.007211,1458.11,-15.32,1.73,-17.05,-17.05,1534.85,1517.81
897,ETH/INR,1h,SHORT,2026-08-29 09:30:00+05:30,2026-08-30 00:30:00+05:30,2433.46,203194.13,2457.8,2384.79,2459.03,205328.68,STOP_LOSS,0.01,15.18,0.007096,1441.92,-15.15,1.71,-16.86,-16.86,1517.81,1500.95
898,ETH/INR,1h,LONG,2026-08-30 12:30:00+05:30,2026-08-30 21:30:00+05:30,2462.47,205616.3,2437.85,2511.72,2510.46,209623.76,TARGET_HIT,0.01,15.01,0.006935,1425.9,27.79,1.7,26.09,26.09,1500.95,1527.04
899,ETH/INR,1h,SHORT,2026-08-31 19:30:00+05:30,2026-08-31 21:30:00+05:30,2435.09,203330.17,2459.44,2386.39,2460.67,205466.16,STOP_LOSS,0.01,15.27,0.007135,1450.69,-15.24,1.72,-16.96,-16.96,1527.04,1510.08
900,ETH/INR,1h,SHORT,2026-09-01 02:30:00+05:30,2026-09-01 22:30:00+05:30,2468.89,206152.72,2493.58,2419.52,2420.73,202130.68,TARGET_HIT,0.01,15.1,0.006959,1434.58,27.99,1.68,26.31,26.31,1510.08,1536.39
901,ETH/INR,1h,SHORT,2026-09-02 06:30:00+05:30,2026-09-02 15:30:00+05:30,2404.02,200735.45,2428.06,2355.94,2357.11,196819.1,TARGET_HIT,0.01,15.36,0.007271,1459.57,28.48,1.71,26.77,26.77,1536.39,1563.16
902,ETH/INR,1h,SHORT,2026-09-03 04:30:00+05:30,2026-09-03 07:30:00+05:30,2376.66,198451.21,2400.43,2329.13,2401.63,200535.94,STOP_LOSS,0.01,15.63,0.007483,1485.01,-15.6,1.76,-17.36,-17.36,1563.16,1545.8
903,ETH/INR,1h,SHORT,2026-09-03 13:30:00+05:30,2026-09-03 17:30:00+05:30,2393.35,199844.96,2417.29,2345.49,2418.49,201944.33,STOP_LOSS,0.01,15.46,0.007348,1468.51,-15.43,1.74,-17.17,-17.17,1545.8,1528.63
904,ETH/INR,1h,LONG,2026-09-04 14:30:00+05:30,2026-09-04 17:30:00+05:30,2532.27,211444.17,2506.94,2582.91,2505.69,209225.06,STOP_LOSS,0.01,15.29,0.006868,1452.2,-15.24,1.7,-16.95,-16.95,1528.63,1511.69
905,ETH/INR,1h,SHORT,2026-09-04 23:30:00+05:30,2026-09-05 01:30:00+05:30,2441.9,203898.53,2466.32,2393.06,2456.11,205084.96,INTRADAY_SQUAREOFF,0.01,15.12,0.007043,1436.1,-8.36,1.7,-10.06,-10.06,1511.69,1501.63
906,ETH/INR,1h,SHORT,2026-09-05 10:30:00+05:30,2026-09-05 21:30:00+05:30,2447.58,204372.57,2472.05,2398.62,2473.29,206519.5,STOP_LOSS,0.01,15.02,0.00698,1426.55,-14.99,1.69,-16.68,-16.68,1501.63,1484.95
907,ETH/INR,1h,LONG,2026-09-06 03:30:00+05:30,2026-09-06 19:30:00+05:30,2494.15,208261.22,2469.2,2544.03,2467.97,206075.52,STOP_LOSS,0.01,14.85,0.006774,1410.71,-14.81,1.66,-16.46,-16.46,1484.95,1468.49
908,ETH/INR,1h,LONG,2026-09-07 02:30:00+05:30,2026-09-07 12:30:00+05:30,2501.52,208876.93,2476.5,2551.55,2475.27,206684.77,STOP_LOSS,0.01,14.68,0.006679,1395.07,-14.64,1.64,-16.28,-16.28,1468.49,1452.21
909,ETH/INR,1h,LONG,2026-09-07 18:30:00+05:30,2026-09-07 20:30:00+05:30,2508.72,209478.43,2483.64,2558.9,2482.39,207279.95,STOP_LOSS,0.01,14.52,0.006586,1379.6,-14.48,1.62,-16.1,-16.1,1452.21,1436.12
910,ETH/INR,1h,LONG,2026-09-09 17:30:00+05:30,2026-09-09 20:30:00+05:30,2506.26,209272.92,2481.2,2556.39,2479.96,207076.6,STOP_LOSS,0.01,14.36,0.006519,1364.31,-14.32,1.6,-15.92,-15.92,1436.12,1420.2
911,ETH/INR,1h,SHORT,2026-09-15 20:30:00+05:30,2026-09-15 22:30:00+05:30,2387.79,199380.09,2411.66,2340.03,2412.87,201474.58,STOP_LOSS,0.01,14.2,0.006767,1349.19,-14.17,1.6,-15.77,-15.77,1420.2,1404.42
912,ETH/INR,1h,SHORT,2026-09-16 03:30:00+05:30,2026-09-16 16:30:00+05:30,2387.69,199371.73,2411.56,2339.93,2412.77,201466.13,STOP_LOSS,0.01,14.04,0.006692,1334.2,-14.02,1.58,-15.6,-15.6,1404.42,1388.82
913,ETH/INR,1h,SHORT,2026-09-17 04:30:00+05:30,2026-09-17 06:30:00+05:30,2385.35,199176.46,2409.2,2337.64,2410.4,201268.8,STOP_LOSS,0.01,13.89,0.006624,1319.38,-13.86,1.57,-15.43,-15.43,1388.82,1373.4
914,ETH/INR,1h,LONG,2026-09-18 07:30:00+05:30,2026-09-18 14:30:00+05:30,2458.84,205313.05,2434.25,2508.02,2506.76,209314.6,TARGET_HIT,0.01,13.73,0.006355,1304.73,25.43,1.55,23.87,23.87,1373.4,1397.27
915,ETH/INR,1h,LONG,2026-09-18 20:30:00+05:30,2026-09-19 00:30:00+05:30,2586.17,215945.39,2560.31,2637.9,2636.58,220154.16,TARGET_HIT,0.01,13.97,0.006147,1327.41,25.87,1.58,24.29,24.29,1397.27,1421.56
916,ETH/INR,1h,LONG,2026-09-19 06:30:00+05:30,2026-09-20 00:30:00+05:30,2627.73,219415.72,2601.46,2680.29,2637.47,220228.8,INTRADAY_SQUAREOFF,0.01,14.22,0.006155,1350.49,5.0,1.6,3.41,3.41,1421.56,1424.97
917,ETH/INR,1h,SHORT,2026-09-20 16:30:00+05:30,2026-09-20 20:30:00+05:30,2568.48,214467.67,2594.16,2517.11,2595.46,216720.66,STOP_LOSS,0.01,14.25,0.006312,1353.72,-14.22,1.61,-15.83,-15.83,1424.97,1409.14
918,ETH/INR,1h,LONG,2026-09-21 05:30:00+05:30,2026-09-21 13:30:00+05:30,2649.03,221194.32,2622.54,2702.01,2700.66,225505.4,TARGET_HIT,0.01,14.09,0.006052,1338.69,26.09,1.6,24.5,24.5,1409.14,1433.64
919,ETH/INR,1h,LONG,2026-09-21 18:30:00+05:30,2026-09-22 00:30:00+05:30,2740.18,228804.99,2712.78,2794.98,2756.49,230167.01,INTRADAY_SQUAREOFF,0.01,14.34,0.005952,1361.96,8.11,1.61,6.5,6.5,1433.64,1440.14
920,ETH/INR,1h,LONG,2026-09-22 14:30:00+05:30,2026-09-22 19:30:00+05:30,2756.31,230151.67,2728.74,2811.43,2727.38,227736.23,STOP_LOSS,0.01,14.4,0.005944,1368.13,-14.36,1.61,-15.96,-15.96,1440.14,1424.17
