coin,timeframe,period,bars,st1_period,st1_mult,st2_period,st2_mult,settings,sl,rr,risk,sl_pct,rr_val,strategy,starting_capital,ending_capital,total_net_profit,return_pct,max_drawdown_inr,max_drawdown_pct,max_profit,max_loss,avg_win,avg_loss,largest_win,largest_loss,win_rate,loss_rate,profit_factor,expectancy,num_trades,winning_trades,losing_trades,breakeven_trades,max_win_streak,max_loss_streak,avg_win_streak,avg_loss_streak,recovery_factor,sharpe,sortino,calmar,exposure_pct,avg_duration_hours,max_duration_hours,min_duration_hours,gross_profit,gross_loss,target,File,oc,ot
SOL/INR,30m,2026-07-25 to 2026-09-24 (60D),2872,14,3.0,10,2.0,"ST1(14,3.0)+ST2(10,2.0)",1.5%,1:3,1%,1.5,3.0,"ST1(14,3.0)+ST2(10,2.0)",10000,11631.59,1631.59,16.32,554.0,5.54,259.776,-96.31,144.32,-96.31,216.48,-96.31,48.72,51.28,1.42,20.92,78,38,40,0,2,2,1.5,1.5,0,0,0,0,58.41,1.5,5,0.5,5484.16,3852.4,4.5%,"SOL_INR_30m_ST1(14,3.0)+ST2(10,2.0)_SL1.5pct_1-3",2,2
SOL/INR,30m,2026-07-25 to 2026-09-24 (60D),2872,10,2.0,14,3.0,"ST1(10,2.0)+ST2(14,3.0)",1.5%,1:3,1%,1.5,3.0,"ST1(10,2.0)+ST2(14,3.0)",10000,11631.59,1631.59,16.32,554.0,5.54,259.776,-96.31,144.32,-96.31,216.48,-96.31,48.72,51.28,1.42,20.92,78,38,40,0,2,2,1.5,1.5,0,0,0,0,58.41,1.5,5,0.5,5484.16,3852.4,4.5%,"SOL_INR_30m_ST1(10,2.0)+ST2(14,3.0)_SL1.5pct_1-3",2,2
SOL/INR,30m,2026-07-25 to 2026-09-24 (60D),2872,14,3.0,14,2.0,"ST1(14,3.0)+ST2(14,2.0)",1.5%,1:3,1%,1.5,3.0,"ST1(14,3.0)+ST2(14,2.0)",10000,11526.36,1526.36,15.26,584.0,5.84,243.108,-94.89,135.06,-94.89,202.59,-94.89,50.0,50.0,1.42,20.08,76,38,38,0,2,2,1.5,1.5,0,0,0,0,58.38,1.5,5,0.5,5132.28,3605.82,4.5%,"SOL_INR_30m_ST1(14,3.0)+ST2(14,2.0)_SL1.5pct_1-3",2,2
SOL/INR,30m,2026-07-25 to 2026-09-24 (60D),2872,14,2.0,14,3.0,"ST1(14,2.0)+ST2(14,3.0)",1.5%,1:3,1%,1.5,3.0,"ST1(14,2.0)+ST2(14,3.0)",10000,11526.36,1526.36,15.26,584.0,5.84,243.108,-94.89,135.06,-94.89,202.59,-94.89,50.0,50.0,1.42,20.08,76,38,38,0,2,2,1.5,1.5,0,0,0,0,58.38,1.5,5,0.5,5132.28,3605.82,4.5%,"SOL_INR_30m_ST1(14,2.0)+ST2(14,3.0)_SL1.5pct_1-3",2,2
SOL/INR,30m,2026-07-25 to 2026-09-24 (60D),2872,14,3.0,12,2.0,"ST1(14,3.0)+ST2(12,2.0)",1.5%,1:3,1%,1.5,3.0,"ST1(14,3.0)+ST2(12,2.0)",10000,11517.27,1517.27,15.17,648.0,6.48,246.402,-95.54,136.89,-95.54,205.335,-95.54,49.37,50.63,1.4,19.21,79,39,40,0,2,2,1.5,1.5,0,0,0,0,58.17,1.5,5,0.5,5338.709999999999,3821.6,4.5%,"SOL_INR_30m_ST1(14,3.0)+ST2(12,2.0)_SL1.5pct_1-3",2,2
SOL/INR,30m,2026-07-25 to 2026-09-24 (60D),2872,12,2.0,14,3.0,"ST1(12,2.0)+ST2(14,3.0)",1.5%,1:3,1%,1.5,3.0,"ST1(12,2.0)+ST2(14,3.0)",10000,11517.27,1517.27,15.17,648.0,6.48,246.402,-95.54,136.89,-95.54,205.335,-95.54,49.37,50.63,1.4,19.21,79,39,40,0,2,2,1.5,1.5,0,0,0,0,58.17,1.5,5,0.5,5338.709999999999,3821.6,4.5%,"SOL_INR_30m_ST1(12,2.0)+ST2(14,3.0)_SL1.5pct_1-3",2,2
SOL/INR,30m,2026-07-25 to 2026-09-24 (60D),2872,12,4.0,10,2.0,"ST1(12,4.0)+ST2(10,2.0)",1.5%,1:3,1%,1.5,3.0,"ST1(12,4.0)+ST2(10,2.0)",10000,11493.49,1493.49,14.93,603.0,6.03,288.036,-93.0,160.02,-93.0,240.03000000000003,-93.0,45.07,54.93,1.41,21.04,71,32,39,0,2,2,1.5,1.5,0,0,0,0,50.82,1.5,5,0.5,5120.64,3627.0,4.5%,"SOL_INR_30m_ST1(12,4.0)+ST2(10,2.0)_SL1.5pct_1-3",2,2
SOL/INR,30m,2026-07-25 to 2026-09-24 (60D),2872,10,2.0,12,4.0,"ST1(10,2.0)+ST2(12,4.0)",1.5%,1:3,1%,1.5,3.0,"ST1(10,2.0)+ST2(12,4.0)",10000,11493.49,1493.49,14.93,603.0,6.03,288.036,-93.0,160.02,-93.0,240.03000000000003,-93.0,45.07,54.93,1.41,21.04,71,32,39,0,2,2,1.5,1.5,0,0,0,0,50.82,1.5,5,0.5,5120.64,3627.0,4.5%,"SOL_INR_30m_ST1(10,2.0)+ST2(12,4.0)_SL1.5pct_1-3",2,2
SOL/INR,30m,2026-07-25 to 2026-09-24 (60D),2872,10,2.0,12,3.5,"ST1(10,2.0)+ST2(12,3.5)",1.5%,1:3,1%,1.5,3.0,"ST1(10,2.0)+ST2(12,3.5)",10000,11473.2,1473.2,14.73,654.0,6.54,260.73,-90.84,144.85,-90.84,217.275,-90.84,47.22,52.78,1.43,20.46,72,34,38,0,2,2,1.5,1.5,0,0,0,0,51.65,1.5,5,0.5,4924.9,3451.92,4.5%,"SOL_INR_30m_ST1(10,2.0)+ST2(12,3.5)_SL1.5pct_1-3",2,2
SOL/INR,30m,2026-07-25 to 2026-09-24 (60D),2872,12,3.5,10,2.0,"ST1(12,3.5)+ST2(10,2.0)",1.5%,1:3,1%,1.5,3.0,"ST1(12,3.5)+ST2(10,2.0)",10000,11473.2,1473.2,14.73,654.0,6.54,260.73,-90.84,144.85,-90.84,217.275,-90.84,47.22,52.78,1.43,20.46,72,34,38,0,2,2,1.5,1.5,0,0,0,0,51.65,1.5,5,0.5,4924.9,3451.92,4.5%,"SOL_INR_30m_ST1(12,3.5)+ST2(10,2.0)_SL1.5pct_1-3",2,2
SOL/INR,30m,2026-07-25 to 2026-09-24 (60D),2872,14,3.5,10,2.0,"ST1(14,3.5)+ST2(10,2.0)",1.5%,1:3,1%,1.5,3.0,"ST1(14,3.5)+ST2(10,2.0)",10000,11454.37,1454.37,14.54,669.0,6.69,268.452,-88.91,149.14,-88.91,223.71,-88.91,45.83,54.17,1.42,20.2,72,33,39,0,2,2,1.5,1.5,0,0,0,0,52.91,1.5,5,0.5,4921.62,3467.49,4.5%,"SOL_INR_30m_ST1(14,3.5)+ST2(10,2.0)_SL1.5pct_1-3",2,2
SOL/INR,30m,2026-07-25 to 2026-09-24 (60D),2872,10,2.0,14,3.5,"ST1(10,2.0)+ST2(14,3.5)",1.5%,1:3,1%,1.5,3.0,"ST1(10,2.0)+ST2(14,3.5)",10000,11454.37,1454.37,14.54,669.0,6.69,268.452,-88.91,149.14,-88.91,223.71,-88.91,45.83,54.17,1.42,20.2,72,33,39,0,2,2,1.5,1.5,0,0,0,0,52.91,1.5,5,0.5,4921.62,3467.49,4.5%,"SOL_INR_30m_ST1(10,2.0)+ST2(14,3.5)_SL1.5pct_1-3",2,2
SOL/INR,30m,2026-07-25 to 2026-09-24 (60D),2872,10,2.0,14,2.0,"ST1(10,2.0)+ST2(14,2.0)",1.5%,1:3,1%,1.5,3.0,"ST1(10,2.0)+ST2(14,2.0)",10000,11437.34,1437.34,14.37,699.0,6.99,248.886,-96.47,138.27,-96.47,207.40500000000003,-96.47,48.75,51.25,1.36,17.97,80,39,41,0,2,2,1.5,1.5,0,0,0,0,62.14,1.5,5,0.5,5392.530000000001,3955.27,4.5%,"SOL_INR_30m_ST1(10,2.0)+ST2(14,2.0)_SL1.5pct_1-3",2,2
SOL/INR,30m,2026-07-25 to 2026-09-24 (60D),2872,14,2.0,10,2.0,"ST1(14,2.0)+ST2(10,2.0)",1.5%,1:3,1%,1.5,3.0,"ST1(14,2.0)+ST2(10,2.0)",10000,11437.34,1437.34,14.37,699.0,6.99,248.886,-96.47,138.27,-96.47,207.40500000000003,-96.47,48.75,51.25,1.36,17.97,80,39,41,0,2,2,1.5,1.5,0,0,0,0,62.14,1.5,5,0.5,5392.530000000001,3955.27,4.5%,"SOL_INR_30m_ST1(14,2.0)+ST2(10,2.0)_SL1.5pct_1-3",2,2
SOL/INR,30m,2026-07-25 to 2026-09-24 (60D),2872,12,2.0,12,3.5,"ST1(12,2.0)+ST2(12,3.5)",1.5%,1:3,1%,1.5,3.0,"ST1(12,2.0)+ST2(12,3.5)",10000,11417.07,1417.07,14.17,654.0,6.54,255.51,-89.71,141.95,-89.71,212.925,-89.71,47.22,52.78,1.42,19.68,72,34,38,0,2,2,1.5,1.5,0,0,0,0,50.54,1.5,5,0.5,4826.299999999999,3408.98,4.5%,"SOL_INR_30m_ST1(12,2.0)+ST2(12,3.5)_SL1.5pct_1-3",2,2
SOL/INR,30m,2026-07-25 to 2026-09-24 (60D),2872,12,3.5,12,2.0,"ST1(12,3.5)+ST2(12,2.0)",1.5%,1:3,1%,1.5,3.0,"ST1(12,3.5)+ST2(12,2.0)",10000,11417.07,1417.07,14.17,654.0,6.54,255.51,-89.71,141.95,-89.71,212.925,-89.71,47.22,52.78,1.42,19.68,72,34,38,0,2,2,1.5,1.5,0,0,0,0,50.54,1.5,5,0.5,4826.299999999999,3408.98,4.5%,"SOL_INR_30m_ST1(12,3.5)+ST2(12,2.0)_SL1.5pct_1-3",2,2
SOL/INR,30m,2026-07-25 to 2026-09-24 (60D),2872,14,2.0,7,3.0,"ST1(14,2.0)+ST2(7,3.0)",1.5%,1:3,1%,1.5,3.0,"ST1(14,2.0)+ST2(7,3.0)",10000,11415.37,1415.37,14.15,613.0,6.13,251.478,-93.85,139.71,-93.85,209.565,-93.85,48.05,51.95,1.38,18.38,77,37,40,0,2,2,1.5,1.5,0,0,0,0,58.13,1.5,5,0.5,5169.27,3754.0,4.5%,"SOL_INR_30m_ST1(14,2.0)+ST2(7,3.0)_SL1.5pct_1-3",2,2
SOL/INR,30m,2026-07-25 to 2026-09-24 (60D),2872,7,3.0,14,2.0,"ST1(7,3.0)+ST2(14,2.0)",1.5%,1:3,1%,1.5,3.0,"ST1(7,3.0)+ST2(14,2.0)",10000,11415.37,1415.37,14.15,613.0,6.13,251.478,-93.85,139.71,-93.85,209.565,-93.85,48.05,51.95,1.38,18.38,77,37,40,0,2,2,1.5,1.5,0,0,0,0,58.13,1.5,5,0.5,5169.27,3754.0,4.5%,"SOL_INR_30m_ST1(7,3.0)+ST2(14,2.0)_SL1.5pct_1-3",2,2
SOL/INR,30m,2026-07-25 to 2026-09-24 (60D),2872,10,3.0,10,2.0,"ST1(10,3.0)+ST2(10,2.0)",1.5%,1:3,1%,1.5,3.0,"ST1(10,3.0)+ST2(10,2.0)",10000,11361.98,1361.98,13.62,700.0,7.0,264.618,-94.83,147.01,-94.83,220.515,-94.83,46.25,53.75,1.33,17.02,80,37,43,0,2,2,1.5,1.5,0,0,0,0,58.48,1.5,5,0.5,5439.37,4077.69,4.5%,"SOL_INR_30m_ST1(10,3.0)+ST2(10,2.0)_SL1.5pct_1-3",2,2
SOL/INR,30m,2026-07-25 to 2026-09-24 (60D),2872,10,2.0,10,3.0,"ST1(10,2.0)+ST2(10,3.0)",1.5%,1:3,1%,1.5,3.0,"ST1(10,2.0)+ST2(10,3.0)",10000,11361.98,1361.98,13.62,700.0,7.0,264.618,-94.83,147.01,-94.83,220.515,-94.83,46.25,53.75,1.33,17.02,80,37,43,0,2,2,1.5,1.5,0,0,0,0,58.48,1.5,5,0.5,5439.37,4077.69,4.5%,"SOL_INR_30m_ST1(10,2.0)+ST2(10,3.0)_SL1.5pct_1-3",2,2
SOL/INR,30m,2026-07-25 to 2026-09-24 (60D),2872,10,3.0,14,2.0,"ST1(10,3.0)+ST2(14,2.0)",1.5%,1:3,1%,1.5,3.0,"ST1(10,3.0)+ST2(14,2.0)",10000,11347.78,1347.78,13.48,613.0,6.13,256.626,-92.32,142.57,-92.32,213.855,-92.32,46.75,53.25,1.36,17.5,77,36,41,0,2,2,1.5,1.5,0,0,0,0,59.18,1.5,5,0.5,5132.52,3785.12,4.5%,"SOL_INR_30m_ST1(10,3.0)+ST2(14,2.0)_SL1.5pct_1-3",2,2
SOL/INR,30m,2026-07-25 to 2026-09-24 (60D),2872,14,2.0,10,3.0,"ST1(14,2.0)+ST2(10,3.0)",1.5%,1:3,1%,1.5,3.0,"ST1(14,2.0)+ST2(10,3.0)",10000,11347.78,1347.78,13.48,613.0,6.13,256.626,-92.32,142.57,-92.32,213.855,-92.32,46.75,53.25,1.36,17.5,77,36,41,0,2,2,1.5,1.5,0,0,0,0,59.18,1.5,5,0.5,5132.52,3785.12,4.5%,"SOL_INR_30m_ST1(14,2.0)+ST2(10,3.0)_SL1.5pct_1-3",2,2
SOL/INR,30m,2026-07-25 to 2026-09-24 (60D),2872,10,2.0,7,3.0,"ST1(10,2.0)+ST2(7,3.0)",1.5%,1:3,1%,1.5,3.0,"ST1(10,2.0)+ST2(7,3.0)",10000,11347.17,1347.17,13.47,712.0,7.12,257.83200000000005,-95.26,143.24,-95.26,214.86,-95.26,46.91,53.09,1.33,16.63,81,38,43,0,2,2,1.5,1.5,0,0,0,0,57.85,1.5,5,0.5,5443.120000000001,4096.18,4.5%,"SOL_INR_30m_ST1(10,2.0)+ST2(7,3.0)_SL1.5pct_1-3",2,2
SOL/INR,30m,2026-07-25 to 2026-09-24 (60D),2872,7,3.0,10,2.0,"ST1(7,3.0)+ST2(10,2.0)",1.5%,1:3,1%,1.5,3.0,"ST1(7,3.0)+ST2(10,2.0)",10000,11347.17,1347.17,13.47,712.0,7.12,257.83200000000005,-95.26,143.24,-95.26,214.86,-95.26,46.91,53.09,1.33,16.63,81,38,43,0,2,2,1.5,1.5,0,0,0,0,57.85,1.5,5,0.5,5443.120000000001,4096.18,4.5%,"SOL_INR_30m_ST1(7,3.0)+ST2(10,2.0)_SL1.5pct_1-3",2,2
SOL/INR,30m,2026-07-25 to 2026-09-24 (60D),2872,12,4.0,12,2.0,"ST1(12,4.0)+ST2(12,2.0)",1.5%,1:3,1%,1.5,3.0,"ST1(12,4.0)+ST2(12,2.0)",10000,11325.36,1325.36,13.25,649.0,6.49,271.26,-93.53,150.7,-93.53,226.05,-93.53,45.83,54.17,1.36,18.41,72,33,39,0,2,2,1.5,1.5,0,0,0,0,50.02,1.5,5,0.5,4973.099999999999,3647.67,4.5%,"SOL_INR_30m_ST1(12,4.0)+ST2(12,2.0)_SL1.5pct_1-3",2,2
SOL/INR,30m,2026-07-25 to 2026-09-24 (60D),2872,12,2.0,12,4.0,"ST1(12,2.0)+ST2(12,4.0)",1.5%,1:3,1%,1.5,3.0,"ST1(12,2.0)+ST2(12,4.0)",10000,11325.36,1325.36,13.25,649.0,6.49,271.26,-93.53,150.7,-93.53,226.05,-93.53,45.83,54.17,1.36,18.41,72,33,39,0,2,2,1.5,1.5,0,0,0,0,50.02,1.5,5,0.5,4973.099999999999,3647.67,4.5%,"SOL_INR_30m_ST1(12,2.0)+ST2(12,4.0)_SL1.5pct_1-3",2,2
SOL/INR,30m,2026-07-25 to 2026-09-24 (60D),2872,12,2.0,7,3.0,"ST1(12,2.0)+ST2(7,3.0)",1.5%,1:3,1%,1.5,3.0,"ST1(12,2.0)+ST2(7,3.0)",10000,11317.32,1317.32,13.17,737.0,7.37,246.168,-95.62,136.76,-95.62,205.14,-95.62,48.15,51.85,1.33,16.26,81,39,42,0,2,2,1.5,1.5,0,0,0,0,57.19,1.5,5,0.5,5333.639999999999,4016.04,4.5%,"SOL_INR_30m_ST1(12,2.0)+ST2(7,3.0)_SL1.5pct_1-3",2,2
SOL/INR,30m,2026-07-25 to 2026-09-24 (60D),2872,7,3.0,12,2.0,"ST1(7,3.0)+ST2(12,2.0)",1.5%,1:3,1%,1.5,3.0,"ST1(7,3.0)+ST2(12,2.0)",10000,11317.32,1317.32,13.17,737.0,7.37,246.168,-95.62,136.76,-95.62,205.14,-95.62,48.15,51.85,1.33,16.26,81,39,42,0,2,2,1.5,1.5,0,0,0,0,57.19,1.5,5,0.5,5333.639999999999,4016.04,4.5%,"SOL_INR_30m_ST1(7,3.0)+ST2(12,2.0)_SL1.5pct_1-3",2,2
SOL/INR,30m,2026-07-25 to 2026-09-24 (60D),2872,12,3.5,14,2.0,"ST1(12,3.5)+ST2(14,2.0)",1.5%,1:3,1%,1.5,3.0,"ST1(12,3.5)+ST2(14,2.0)",10000,11306.55,1306.55,13.07,529.0,5.29,265.98600000000005,-90.96,147.77,-90.96,221.65500000000003,-90.96,46.27,53.73,1.4,19.5,67,31,36,0,2,2,1.5,1.5,0,0,0,0,50.33,1.5,5,0.5,4580.87,3274.56,4.5%,"SOL_INR_30m_ST1(12,3.5)+ST2(14,2.0)_SL1.5pct_1-3",2,2
SOL/INR,30m,2026-07-25 to 2026-09-24 (60D),2872,14,2.0,12,3.5,"ST1(14,2.0)+ST2(12,3.5)",1.5%,1:3,1%,1.5,3.0,"ST1(14,2.0)+ST2(12,3.5)",10000,11306.55,1306.55,13.07,529.0,5.29,265.98600000000005,-90.96,147.77,-90.96,221.65500000000003,-90.96,46.27,53.73,1.4,19.5,67,31,36,0,2,2,1.5,1.5,0,0,0,0,50.33,1.5,5,0.5,4580.87,3274.56,4.5%,"SOL_INR_30m_ST1(14,2.0)+ST2(12,3.5)_SL1.5pct_1-3",2,2
SOL/INR,30m,2026-07-25 to 2026-09-24 (60D),2872,7,2.0,10,2.0,"ST1(7,2.0)+ST2(10,2.0)",1.5%,1:3,1%,1.5,3.0,"ST1(7,2.0)+ST2(10,2.0)",10000,11302.49,1302.49,13.02,985.0,9.85,258.75,-89.25,143.75,-89.25,215.625,-89.25,45.12,54.88,1.32,15.88,82,37,45,0,2,2,1.5,1.5,0,0,0,0,61.06,1.5,5,0.5,5318.75,4016.25,4.5%,"SOL_INR_30m_ST1(7,2.0)+ST2(10,2.0)_SL1.5pct_1-3",2,2
SOL/INR,30m,2026-07-25 to 2026-09-24 (60D),2872,10,2.0,7,2.0,"ST1(10,2.0)+ST2(7,2.0)",1.5%,1:3,1%,1.5,3.0,"ST1(10,2.0)+ST2(7,2.0)",10000,11302.49,1302.49,13.02,985.0,9.85,258.75,-89.25,143.75,-89.25,215.625,-89.25,45.12,54.88,1.32,15.88,82,37,45,0,2,2,1.5,1.5,0,0,0,0,61.06,1.5,5,0.5,5318.75,4016.25,4.5%,"SOL_INR_30m_ST1(10,2.0)+ST2(7,2.0)_SL1.5pct_1-3",2,2
SOL/INR,30m,2026-07-25 to 2026-09-24 (60D),2872,12,2.0,14,3.5,"ST1(12,2.0)+ST2(14,3.5)",1.5%,1:3,1%,1.5,3.0,"ST1(12,2.0)+ST2(14,3.5)",10000,11286.81,1286.81,12.87,762.0,7.62,252.864,-89.48,140.48,-89.48,210.72,-89.48,46.58,53.42,1.37,17.63,73,34,39,0,2,2,1.5,1.5,0,0,0,0,52.11,1.5,5,0.5,4776.32,3489.7200000000003,4.5%,"SOL_INR_30m_ST1(12,2.0)+ST2(14,3.5)_SL1.5pct_1-3",2,2
SOL/INR,30m,2026-07-25 to 2026-09-24 (60D),2872,14,3.5,12,2.0,"ST1(14,3.5)+ST2(12,2.0)",1.5%,1:3,1%,1.5,3.0,"ST1(14,3.5)+ST2(12,2.0)",10000,11286.81,1286.81,12.87,762.0,7.62,252.864,-89.48,140.48,-89.48,210.72,-89.48,46.58,53.42,1.37,17.63,73,34,39,0,2,2,1.5,1.5,0,0,0,0,52.11,1.5,5,0.5,4776.32,3489.7200000000003,4.5%,"SOL_INR_30m_ST1(14,3.5)+ST2(12,2.0)_SL1.5pct_1-3",2,2
SOL/INR,30m,2026-07-25 to 2026-09-24 (60D),2872,10,3.0,12,2.0,"ST1(10,3.0)+ST2(12,2.0)",1.5%,1:3,1%,1.5,3.0,"ST1(10,3.0)+ST2(12,2.0)",10000,11250.31,1250.31,12.5,791.0,7.91,250.84800000000004,-94.08,139.36,-94.08,209.04,-94.08,46.91,53.09,1.31,15.44,81,38,43,0,2,2,1.5,1.5,0,0,0,0,58.24,1.5,5,0.5,5295.68,4045.44,4.5%,"SOL_INR_30m_ST1(10,3.0)+ST2(12,2.0)_SL1.5pct_1-3",2,2
SOL/INR,30m,2026-07-25 to 2026-09-24 (60D),2872,12,2.0,10,3.0,"ST1(12,2.0)+ST2(10,3.0)",1.5%,1:3,1%,1.5,3.0,"ST1(12,2.0)+ST2(10,3.0)",10000,11250.31,1250.31,12.5,791.0,7.91,250.84800000000004,-94.08,139.36,-94.08,209.04,-94.08,46.91,53.09,1.31,15.44,81,38,43,0,2,2,1.5,1.5,0,0,0,0,58.24,1.5,5,0.5,5295.68,4045.44,4.5%,"SOL_INR_30m_ST1(12,2.0)+ST2(10,3.0)_SL1.5pct_1-3",2,2
SOL/INR,30m,2026-07-25 to 2026-09-24 (60D),2872,12,3.0,10,2.0,"ST1(12,3.0)+ST2(10,2.0)",1.5%,1:3,1%,1.5,3.0,"ST1(12,3.0)+ST2(10,2.0)",10000,11242.52,1242.52,12.43,772.0,7.72,262.926,-93.4,146.07,-93.4,219.105,-93.4,45.57,54.43,1.31,15.73,79,36,43,0,2,2,1.5,1.5,0,0,0,0,56.77,1.5,5,0.5,5258.52,4016.2,4.5%,"SOL_INR_30m_ST1(12,3.0)+ST2(10,2.0)_SL1.5pct_1-3",2,2
SOL/INR,30m,2026-07-25 to 2026-09-24 (60D),2872,10,2.0,12,3.0,"ST1(10,2.0)+ST2(12,3.0)",1.5%,1:3,1%,1.5,3.0,"ST1(10,2.0)+ST2(12,3.0)",10000,11242.52,1242.52,12.43,772.0,7.72,262.926,-93.4,146.07,-93.4,219.105,-93.4,45.57,54.43,1.31,15.73,79,36,43,0,2,2,1.5,1.5,0,0,0,0,56.77,1.5,5,0.5,5258.52,4016.2,4.5%,"SOL_INR_30m_ST1(10,2.0)+ST2(12,3.0)_SL1.5pct_1-3",2,2
SOL/INR,30m,2026-07-25 to 2026-09-24 (60D),2872,12,2.0,10,2.0,"ST1(12,2.0)+ST2(10,2.0)",1.5%,1:3,1%,1.5,3.0,"ST1(12,2.0)+ST2(10,2.0)",10000,11230.49,1230.49,12.3,851.0,8.51,239.724,-93.99,133.18,-93.99,199.77,-93.99,47.67,52.33,1.29,14.31,86,41,45,0,2,2,1.5,1.5,0,0,0,0,62.31,1.5,5,0.5,5460.38,4229.55,4.5%,"SOL_INR_30m_ST1(12,2.0)+ST2(10,2.0)_SL1.5pct_1-3",2,2
SOL/INR,30m,2026-07-25 to 2026-09-24 (60D),2872,10,2.0,12,2.0,"ST1(10,2.0)+ST2(12,2.0)",1.5%,1:3,1%,1.5,3.0,"ST1(10,2.0)+ST2(12,2.0)",10000,11230.49,1230.49,12.3,851.0,8.51,239.724,-93.99,133.18,-93.99,199.77,-93.99,47.67,52.33,1.29,14.31,86,41,45,0,2,2,1.5,1.5,0,0,0,0,62.31,1.5,5,0.5,5460.38,4229.55,4.5%,"SOL_INR_30m_ST1(10,2.0)+ST2(12,2.0)_SL1.5pct_1-3",2,2
SOL/INR,30m,2026-07-25 to 2026-09-24 (60D),2872,12,3.0,14,2.0,"ST1(12,3.0)+ST2(14,2.0)",1.5%,1:3,1%,1.5,3.0,"ST1(12,3.0)+ST2(14,2.0)",10000,11228.47,1228.47,12.28,624.0,6.24,254.61,-90.79,141.45,-90.79,212.175,-90.79,46.05,53.95,1.33,16.16,76,35,41,0,2,2,1.5,1.5,0,0,0,0,57.47,1.5,5,0.5,4950.75,3722.39,4.5%,"SOL_INR_30m_ST1(12,3.0)+ST2(14,2.0)_SL1.5pct_1-3",2,2
SOL/INR,30m,2026-07-25 to 2026-09-24 (60D),2872,14,2.0,12,3.0,"ST1(14,2.0)+ST2(12,3.0)",1.5%,1:3,1%,1.5,3.0,"ST1(14,2.0)+ST2(12,3.0)",10000,11228.47,1228.47,12.28,624.0,6.24,254.61,-90.79,141.45,-90.79,212.175,-90.79,46.05,53.95,1.33,16.16,76,35,41,0,2,2,1.5,1.5,0,0,0,0,57.47,1.5,5,0.5,4950.75,3722.39,4.5%,"SOL_INR_30m_ST1(14,2.0)+ST2(12,3.0)_SL1.5pct_1-3",2,2
SOL/INR,30m,2026-07-25 to 2026-09-24 (60D),2872,7,4.0,10,2.0,"ST1(7,4.0)+ST2(10,2.0)",1.5%,1:3,1%,1.5,3.0,"ST1(7,4.0)+ST2(10,2.0)",10000,11222.7,1222.7,12.23,983.0,9.83,268.182,-92.35,148.99,-92.35,223.485,-92.35,45.21,54.79,1.33,16.75,73,33,40,0,2,2,1.5,1.5,0,0,0,0,52.46,1.5,5,0.5,4916.67,3694.0,4.5%,"SOL_INR_30m_ST1(7,4.0)+ST2(10,2.0)_SL1.5pct_1-3",2,2
SOL/INR,30m,2026-07-25 to 2026-09-24 (60D),2872,10,2.0,7,4.0,"ST1(10,2.0)+ST2(7,4.0)",1.5%,1:3,1%,1.5,3.0,"ST1(10,2.0)+ST2(7,4.0)",10000,11222.7,1222.7,12.23,983.0,9.83,268.182,-92.35,148.99,-92.35,223.485,-92.35,45.21,54.79,1.33,16.75,73,33,40,0,2,2,1.5,1.5,0,0,0,0,52.46,1.5,5,0.5,4916.67,3694.0,4.5%,"SOL_INR_30m_ST1(10,2.0)+ST2(7,4.0)_SL1.5pct_1-3",2,2
SOL/INR,30m,2026-07-25 to 2026-09-24 (60D),2872,12,2.0,14,2.0,"ST1(12,2.0)+ST2(14,2.0)",1.5%,1:3,1%,1.5,3.0,"ST1(12,2.0)+ST2(14,2.0)",10000,11220.92,1220.92,12.21,876.0,8.76,241.2,-95.36,134.0,-95.36,201.0,-95.36,48.15,51.85,1.3,15.07,81,39,42,0,2,2,1.5,1.5,0,0,0,0,62.1,1.5,5,0.5,5226.0,4005.12,4.5%,"SOL_INR_30m_ST1(12,2.0)+ST2(14,2.0)_SL1.5pct_1-3",2,2
SOL/INR,30m,2026-07-25 to 2026-09-24 (60D),2872,14,2.0,12,2.0,"ST1(14,2.0)+ST2(12,2.0)",1.5%,1:3,1%,1.5,3.0,"ST1(14,2.0)+ST2(12,2.0)",10000,11220.92,1220.92,12.21,876.0,8.76,241.2,-95.36,134.0,-95.36,201.0,-95.36,48.15,51.85,1.3,15.07,81,39,42,0,2,2,1.5,1.5,0,0,0,0,62.1,1.5,5,0.5,5226.0,4005.12,4.5%,"SOL_INR_30m_ST1(14,2.0)+ST2(12,2.0)_SL1.5pct_1-3",2,2
SOL/INR,30m,2026-07-25 to 2026-09-24 (60D),2872,7,3.0,14,3.0,"ST1(7,3.0)+ST2(14,3.0)",1.5%,1:3,1%,1.5,3.0,"ST1(7,3.0)+ST2(14,3.0)",10000,11217.98,1217.98,12.18,661.0,6.61,252.558,-94.54,140.31,-94.54,210.465,-94.54,46.43,53.57,1.29,14.5,84,39,45,0,2,2,1.5,1.5,0,0,0,0,59.0,1.5,5,0.5,5472.09,4254.3,4.5%,"SOL_INR_30m_ST1(7,3.0)+ST2(14,3.0)_SL1.5pct_1-3",2,2
SOL/INR,30m,2026-07-25 to 2026-09-24 (60D),2872,14,3.0,7,3.0,"ST1(14,3.0)+ST2(7,3.0)",1.5%,1:3,1%,1.5,3.0,"ST1(14,3.0)+ST2(7,3.0)",10000,11217.98,1217.98,12.18,661.0,6.61,252.558,-94.54,140.31,-94.54,210.465,-94.54,46.43,53.57,1.29,14.5,84,39,45,0,2,2,1.5,1.5,0,0,0,0,59.0,1.5,5,0.5,5472.09,4254.3,4.5%,"SOL_INR_30m_ST1(14,3.0)+ST2(7,3.0)_SL1.5pct_1-3",2,2
SOL/INR,30m,2026-07-25 to 2026-09-24 (60D),2872,14,4.0,10,2.0,"ST1(14,4.0)+ST2(10,2.0)",1.5%,1:3,1%,1.5,3.0,"ST1(14,4.0)+ST2(10,2.0)",10000,11211.8,1211.8,12.12,676.0,6.76,288.144,-91.48,160.08,-91.48,240.12,-91.48,43.06,56.94,1.32,16.83,72,31,41,0,2,2,1.5,1.5,0,0,0,0,51.1,1.5,5,0.5,4962.4800000000005,3750.68,4.5%,"SOL_INR_30m_ST1(14,4.0)+ST2(10,2.0)_SL1.5pct_1-3",2,2
SOL/INR,30m,2026-07-25 to 2026-09-24 (60D),2872,10,2.0,14,4.0,"ST1(10,2.0)+ST2(14,4.0)",1.5%,1:3,1%,1.5,3.0,"ST1(10,2.0)+ST2(14,4.0)",10000,11211.8,1211.8,12.12,676.0,6.76,288.144,-91.48,160.08,-91.48,240.12,-91.48,43.06,56.94,1.32,16.83,72,31,41,0,2,2,1.5,1.5,0,0,0,0,51.1,1.5,5,0.5,4962.4800000000005,3750.68,4.5%,"SOL_INR_30m_ST1(10,2.0)+ST2(14,4.0)_SL1.5pct_1-3",2,2
SOL/INR,30m,2026-07-25 to 2026-09-24 (60D),2872,14,2.0,12,4.0,"ST1(14,2.0)+ST2(12,4.0)",1.5%,1:3,1%,1.5,3.0,"ST1(14,2.0)+ST2(12,4.0)",10000,11208.13,1208.13,12.08,649.0,6.49,266.04,-92.67,147.8,-92.67,221.7,-92.67,45.71,54.29,1.34,17.26,70,32,38,0,2,2,1.5,1.5,0,0,0,0,50.3,1.5,5,0.5,4729.6,3521.46,4.5%,"SOL_INR_30m_ST1(14,2.0)+ST2(12,4.0)_SL1.5pct_1-3",2,2
SOL/INR,30m,2026-07-25 to 2026-09-24 (60D),2872,12,4.0,14,2.0,"ST1(12,4.0)+ST2(14,2.0)",1.5%,1:3,1%,1.5,3.0,"ST1(12,4.0)+ST2(14,2.0)",10000,11208.13,1208.13,12.08,649.0,6.49,266.04,-92.67,147.8,-92.67,221.7,-92.67,45.71,54.29,1.34,17.26,70,32,38,0,2,2,1.5,1.5,0,0,0,0,50.3,1.5,5,0.5,4729.6,3521.46,4.5%,"SOL_INR_30m_ST1(12,4.0)+ST2(14,2.0)_SL1.5pct_1-3",2,2
SOL/INR,30m,2026-07-25 to 2026-09-24 (60D),2872,7,4.0,12,2.0,"ST1(7,4.0)+ST2(12,2.0)",1.5%,1:3,1%,1.5,3.0,"ST1(7,4.0)+ST2(12,2.0)",10000,11182.08,1182.08,11.82,972.0,9.72,263.16,-93.4,146.2,-93.4,219.3,-93.4,45.83,54.17,1.32,16.42,72,33,39,0,2,2,1.5,1.5,0,0,0,0,51.1,1.5,5,0.5,4824.599999999999,3642.6,4.5%,"SOL_INR_30m_ST1(7,4.0)+ST2(12,2.0)_SL1.5pct_1-3",2,2
SOL/INR,30m,2026-07-25 to 2026-09-24 (60D),2872,12,2.0,7,4.0,"ST1(12,2.0)+ST2(7,4.0)",1.5%,1:3,1%,1.5,3.0,"ST1(12,2.0)+ST2(7,4.0)",10000,11182.08,1182.08,11.82,972.0,9.72,263.16,-93.4,146.2,-93.4,219.3,-93.4,45.83,54.17,1.32,16.42,72,33,39,0,2,2,1.5,1.5,0,0,0,0,51.1,1.5,5,0.5,4824.599999999999,3642.6,4.5%,"SOL_INR_30m_ST1(12,2.0)+ST2(7,4.0)_SL1.5pct_1-3",2,2
SOL/INR,30m,2026-07-25 to 2026-09-24 (60D),2872,14,2.0,14,3.5,"ST1(14,2.0)+ST2(14,3.5)",1.5%,1:3,1%,1.5,3.0,"ST1(14,2.0)+ST2(14,3.5)",10000,11165.37,1165.37,11.65,615.0,6.15,254.934,-88.6,141.63,-88.6,212.445,-88.6,45.71,54.29,1.35,16.65,70,32,38,0,2,2,1.5,1.5,0,0,0,0,52.32,1.5,5,0.5,4532.16,3366.8,4.5%,"SOL_INR_30m_ST1(14,2.0)+ST2(14,3.5)_SL1.5pct_1-3",2,2
SOL/INR,30m,2026-07-25 to 2026-09-24 (60D),2872,14,3.5,14,2.0,"ST1(14,3.5)+ST2(14,2.0)",1.5%,1:3,1%,1.5,3.0,"ST1(14,3.5)+ST2(14,2.0)",10000,11165.37,1165.37,11.65,615.0,6.15,254.934,-88.6,141.63,-88.6,212.445,-88.6,45.71,54.29,1.35,16.65,70,32,38,0,2,2,1.5,1.5,0,0,0,0,52.32,1.5,5,0.5,4532.16,3366.8,4.5%,"SOL_INR_30m_ST1(14,3.5)+ST2(14,2.0)_SL1.5pct_1-3",2,2
SOL/INR,30m,2026-07-25 to 2026-09-24 (60D),2872,10,3.0,14,3.0,"ST1(10,3.0)+ST2(14,3.0)",1.5%,1:3,1%,1.5,3.0,"ST1(10,3.0)+ST2(14,3.0)",10000,11162.3,1162.3,11.62,661.0,6.61,251.478,-93.18,139.71,-93.18,209.565,-93.18,45.88,54.12,1.27,13.67,85,39,46,0,2,2,1.5,1.5,0,0,0,0,60.43,1.5,5,0.5,5448.6900000000005,4286.280000000001,4.5%,"SOL_INR_30m_ST1(10,3.0)+ST2(14,3.0)_SL1.5pct_1-3",2,2
SOL/INR,30m,2026-07-25 to 2026-09-24 (60D),2872,14,3.0,10,3.0,"ST1(14,3.0)+ST2(10,3.0)",1.5%,1:3,1%,1.5,3.0,"ST1(14,3.0)+ST2(10,3.0)",10000,11162.3,1162.3,11.62,661.0,6.61,251.478,-93.18,139.71,-93.18,209.565,-93.18,45.88,54.12,1.27,13.67,85,39,46,0,2,2,1.5,1.5,0,0,0,0,60.43,1.5,5,0.5,5448.6900000000005,4286.280000000001,4.5%,"SOL_INR_30m_ST1(14,3.0)+ST2(10,3.0)_SL1.5pct_1-3",2,2
SOL/INR,30m,2026-07-25 to 2026-09-24 (60D),2872,14,2.0,7,4.0,"ST1(14,2.0)+ST2(7,4.0)",1.5%,1:3,1%,1.5,3.0,"ST1(14,2.0)+ST2(7,4.0)",10000,11149.73,1149.73,11.5,738.0,7.38,268.092,-91.25,148.94,-91.25,223.41,-91.25,44.93,55.07,1.33,16.66,69,31,38,0,2,2,1.5,1.5,0,0,0,0,52.35,1.5,5,0.5,4617.14,3467.5,4.5%,"SOL_INR_30m_ST1(14,2.0)+ST2(7,4.0)_SL1.5pct_1-3",2,2
SOL/INR,30m,2026-07-25 to 2026-09-24 (60D),2872,7,4.0,14,2.0,"ST1(7,4.0)+ST2(14,2.0)",1.5%,1:3,1%,1.5,3.0,"ST1(7,4.0)+ST2(14,2.0)",10000,11149.73,1149.73,11.5,738.0,7.38,268.092,-91.25,148.94,-91.25,223.41,-91.25,44.93,55.07,1.33,16.66,69,31,38,0,2,2,1.5,1.5,0,0,0,0,52.35,1.5,5,0.5,4617.14,3467.5,4.5%,"SOL_INR_30m_ST1(7,4.0)+ST2(14,2.0)_SL1.5pct_1-3",2,2
SOL/INR,30m,2026-07-25 to 2026-09-24 (60D),2872,10,3.5,10,2.0,"ST1(10,3.5)+ST2(10,2.0)",1.5%,1:3,1%,1.5,3.0,"ST1(10,3.5)+ST2(10,2.0)",10000,11139.06,1139.06,11.39,721.0,7.21,265.626,-91.0,147.57,-91.0,221.355,-91.0,44.59,55.41,1.31,15.39,74,33,41,0,2,2,1.5,1.5,0,0,0,0,53.26,1.5,5,0.5,4869.81,3731.0,4.5%,"SOL_INR_30m_ST1(10,3.5)+ST2(10,2.0)_SL1.5pct_1-3",2,2
SOL/INR,30m,2026-07-25 to 2026-09-24 (60D),2872,10,2.0,10,3.5,"ST1(10,2.0)+ST2(10,3.5)",1.5%,1:3,1%,1.5,3.0,"ST1(10,2.0)+ST2(10,3.5)",10000,11139.06,1139.06,11.39,721.0,7.21,265.626,-91.0,147.57,-91.0,221.355,-91.0,44.59,55.41,1.31,15.39,74,33,41,0,2,2,1.5,1.5,0,0,0,0,53.26,1.5,5,0.5,4869.81,3731.0,4.5%,"SOL_INR_30m_ST1(10,2.0)+ST2(10,3.5)_SL1.5pct_1-3",2,2
SOL/INR,30m,2026-07-25 to 2026-09-24 (60D),2872,12,2.0,12,3.0,"ST1(12,2.0)+ST2(12,3.0)",1.5%,1:3,1%,1.5,3.0,"ST1(12,2.0)+ST2(12,3.0)",10000,11132.02,1132.02,11.32,863.0,8.63,248.922,-92.67,138.29,-92.67,207.435,-92.67,46.25,53.75,1.28,14.15,80,37,43,0,2,2,1.5,1.5,0,0,0,0,56.53,1.5,5,0.5,5116.73,3984.81,4.5%,"SOL_INR_30m_ST1(12,2.0)+ST2(12,3.0)_SL1.5pct_1-3",2,2
SOL/INR,30m,2026-07-25 to 2026-09-24 (60D),2872,12,3.0,12,2.0,"ST1(12,3.0)+ST2(12,2.0)",1.5%,1:3,1%,1.5,3.0,"ST1(12,3.0)+ST2(12,2.0)",10000,11132.02,1132.02,11.32,863.0,8.63,248.922,-92.67,138.29,-92.67,207.435,-92.67,46.25,53.75,1.28,14.15,80,37,43,0,2,2,1.5,1.5,0,0,0,0,56.53,1.5,5,0.5,5116.73,3984.81,4.5%,"SOL_INR_30m_ST1(12,3.0)+ST2(12,2.0)_SL1.5pct_1-3",2,2
SOL/INR,30m,2026-07-25 to 2026-09-24 (60D),2872,12,3.5,14,3.0,"ST1(12,3.5)+ST2(14,3.0)",1.5%,1:3,1%,1.5,3.0,"ST1(12,3.5)+ST2(14,3.0)",10000,11130.03,1130.03,11.3,527.0,5.27,249.516,-95.21,138.62,-95.21,207.93,-95.21,46.84,53.16,1.28,14.3,79,37,42,0,2,2,1.5,1.5,0,0,0,0,54.68,1.5,5,0.5,5128.9400000000005,3998.82,4.5%,"SOL_INR_30m_ST1(12,3.5)+ST2(14,3.0)_SL1.5pct_1-3",2,2
SOL/INR,30m,2026-07-25 to 2026-09-24 (60D),2872,14,3.0,12,3.5,"ST1(14,3.0)+ST2(12,3.5)",1.5%,1:3,1%,1.5,3.0,"ST1(14,3.0)+ST2(12,3.5)",10000,11130.03,1130.03,11.3,527.0,5.27,249.516,-95.21,138.62,-95.21,207.93,-95.21,46.84,53.16,1.28,14.3,79,37,42,0,2,2,1.5,1.5,0,0,0,0,54.68,1.5,5,0.5,5128.9400000000005,3998.82,4.5%,"SOL_INR_30m_ST1(14,3.0)+ST2(12,3.5)_SL1.5pct_1-3",2,2
SOL/INR,30m,2026-07-25 to 2026-09-24 (60D),2872,7,2.0,14,2.0,"ST1(7,2.0)+ST2(14,2.0)",1.5%,1:3,1%,1.5,3.0,"ST1(7,2.0)+ST2(14,2.0)",10000,11124.48,1124.48,11.24,802.0,8.02,249.102,-91.85,138.39,-91.85,207.585,-91.85,46.15,53.85,1.29,14.42,78,36,42,0,2,2,1.5,1.5,0,0,0,0,59.6,1.5,5,0.5,4982.039999999999,3857.7,4.5%,"SOL_INR_30m_ST1(7,2.0)+ST2(14,2.0)_SL1.5pct_1-3",2,2
SOL/INR,30m,2026-07-25 to 2026-09-24 (60D),2872,14,2.0,7,2.0,"ST1(14,2.0)+ST2(7,2.0)",1.5%,1:3,1%,1.5,3.0,"ST1(14,2.0)+ST2(7,2.0)",10000,11124.48,1124.48,11.24,802.0,8.02,249.102,-91.85,138.39,-91.85,207.585,-91.85,46.15,53.85,1.29,14.42,78,36,42,0,2,2,1.5,1.5,0,0,0,0,59.6,1.5,5,0.5,4982.039999999999,3857.7,4.5%,"SOL_INR_30m_ST1(14,2.0)+ST2(7,2.0)_SL1.5pct_1-3",2,2
SOL/INR,30m,2026-07-25 to 2026-09-24 (60D),2872,12,2.0,7,2.0,"ST1(12,2.0)+ST2(7,2.0)",1.5%,1:3,1%,1.5,3.0,"ST1(12,2.0)+ST2(7,2.0)",10000,11107.38,1107.38,11.07,973.0,9.73,251.712,-90.37,139.84,-90.37,209.76,-90.37,45.12,54.88,1.27,13.5,82,37,45,0,2,2,1.5,1.5,0,0,0,0,59.94,1.5,5,0.5,5174.08,4066.65,4.5%,"SOL_INR_30m_ST1(12,2.0)+ST2(7,2.0)_SL1.5pct_1-3",2,2
SOL/INR,30m,2026-07-25 to 2026-09-24 (60D),2872,7,2.0,12,2.0,"ST1(7,2.0)+ST2(12,2.0)",1.5%,1:3,1%,1.5,3.0,"ST1(7,2.0)+ST2(12,2.0)",10000,11107.38,1107.38,11.07,973.0,9.73,251.712,-90.37,139.84,-90.37,209.76,-90.37,45.12,54.88,1.27,13.5,82,37,45,0,2,2,1.5,1.5,0,0,0,0,59.94,1.5,5,0.5,5174.08,4066.65,4.5%,"SOL_INR_30m_ST1(7,2.0)+ST2(12,2.0)_SL1.5pct_1-3",2,2
SOL/INR,30m,2026-07-25 to 2026-09-24 (60D),2872,10,3.5,12,2.0,"ST1(10,3.5)+ST2(12,2.0)",1.5%,1:3,1%,1.5,3.0,"ST1(10,3.5)+ST2(12,2.0)",10000,11084.56,1084.56,10.85,722.0,7.22,260.244,-89.92,144.58,-89.92,216.87,-89.92,44.59,55.41,1.29,14.66,74,33,41,0,2,2,1.5,1.5,0,0,0,0,52.14,1.5,5,0.5,4771.14,3686.72,4.5%,"SOL_INR_30m_ST1(10,3.5)+ST2(12,2.0)_SL1.5pct_1-3",2,2
SOL/INR,30m,2026-07-25 to 2026-09-24 (60D),2872,12,2.0,10,3.5,"ST1(12,2.0)+ST2(10,3.5)",1.5%,1:3,1%,1.5,3.0,"ST1(12,2.0)+ST2(10,3.5)",10000,11084.56,1084.56,10.85,722.0,7.22,260.244,-89.92,144.58,-89.92,216.87,-89.92,44.59,55.41,1.29,14.66,74,33,41,0,2,2,1.5,1.5,0,0,0,0,52.14,1.5,5,0.5,4771.14,3686.72,4.5%,"SOL_INR_30m_ST1(12,2.0)+ST2(10,3.5)_SL1.5pct_1-3",2,2
SOL/INR,30m,2026-07-25 to 2026-09-24 (60D),2872,12,2.0,14,4.0,"ST1(12,2.0)+ST2(14,4.0)",1.5%,1:3,1%,1.5,3.0,"ST1(12,2.0)+ST2(14,4.0)",10000,11047.79,1047.79,10.48,768.0,7.68,270.93600000000004,-91.92,150.52,-91.92,225.78000000000003,-91.92,43.84,56.16,1.28,14.35,73,32,41,0,2,2,1.5,1.5,0,0,0,0,50.3,1.5,5,0.5,4816.64,3768.72,4.5%,"SOL_INR_30m_ST1(12,2.0)+ST2(14,4.0)_SL1.5pct_1-3",2,2
SOL/INR,30m,2026-07-25 to 2026-09-24 (60D),2872,14,4.0,12,2.0,"ST1(14,4.0)+ST2(12,2.0)",1.5%,1:3,1%,1.5,3.0,"ST1(14,4.0)+ST2(12,2.0)",10000,11047.79,1047.79,10.48,768.0,7.68,270.93600000000004,-91.92,150.52,-91.92,225.78000000000003,-91.92,43.84,56.16,1.28,14.35,73,32,41,0,2,2,1.5,1.5,0,0,0,0,50.3,1.5,5,0.5,4816.64,3768.72,4.5%,"SOL_INR_30m_ST1(14,4.0)+ST2(12,2.0)_SL1.5pct_1-3",2,2
SOL/INR,30m,2026-07-25 to 2026-09-24 (60D),2872,7,3.5,14,2.0,"ST1(7,3.5)+ST2(14,2.0)",1.5%,1:3,1%,1.5,3.0,"ST1(7,3.5)+ST2(14,2.0)",10000,11017.22,1017.22,10.17,634.0,6.34,268.74,-92.59,149.3,-92.59,223.95,-92.59,44.29,55.71,1.28,14.53,70,31,39,0,2,2,1.5,1.5,0,0,0,0,53.05,1.5,5,0.5,4628.3,3611.01,4.5%,"SOL_INR_30m_ST1(7,3.5)+ST2(14,2.0)_SL1.5pct_1-3",2,2
SOL/INR,30m,2026-07-25 to 2026-09-24 (60D),2872,14,2.0,7,3.5,"ST1(14,2.0)+ST2(7,3.5)",1.5%,1:3,1%,1.5,3.0,"ST1(14,2.0)+ST2(7,3.5)",10000,11017.22,1017.22,10.17,634.0,6.34,268.74,-92.59,149.3,-92.59,223.95,-92.59,44.29,55.71,1.28,14.53,70,31,39,0,2,2,1.5,1.5,0,0,0,0,53.05,1.5,5,0.5,4628.3,3611.01,4.5%,"SOL_INR_30m_ST1(14,2.0)+ST2(7,3.5)_SL1.5pct_1-3",2,2
SOL/INR,5m,2026-09-17 to 2026-09-24 (7D),1963,12,4.0,14,3.5,"ST1(12,4.0)+ST2(14,3.5)",1.5%,1:3,1%,1.5,3.0,"ST1(12,4.0)+ST2(14,3.5)",10000,11017.02,1017.02,10.17,170.0,1.7,257.83200000000005,-103.84,143.24,-103.84,214.86,-103.84,71.43,28.569999999999997,3.45,72.65,14,10,4,0,2,2,1.5,1.5,0,0,0,0,88.79,1.5,5,0.5,1432.4,415.36,4.5%,"SOL_INR_5m_ST1(12,4.0)+ST2(14,3.5)_SL1.5pct_1-3",2,0
SOL/INR,5m,2026-09-17 to 2026-09-24 (7D),1963,14,3.5,12,4.0,"ST1(14,3.5)+ST2(12,4.0)",1.5%,1:3,1%,1.5,3.0,"ST1(14,3.5)+ST2(12,4.0)",10000,11017.02,1017.02,10.17,170.0,1.7,257.83200000000005,-103.84,143.24,-103.84,214.86,-103.84,71.43,28.569999999999997,3.45,72.65,14,10,4,0,2,2,1.5,1.5,0,0,0,0,88.79,1.5,5,0.5,1432.4,415.36,4.5%,"SOL_INR_5m_ST1(14,3.5)+ST2(12,4.0)_SL1.5pct_1-3",2,0
SOL/INR,5m,2026-09-17 to 2026-09-24 (7D),1963,12,4.0,12,3.5,"ST1(12,4.0)+ST2(12,3.5)",1.5%,1:3,1%,1.5,3.0,"ST1(12,4.0)+ST2(12,3.5)",10000,11017.02,1017.02,10.17,170.0,1.7,257.83200000000005,-103.84,143.24,-103.84,214.86,-103.84,71.43,28.569999999999997,3.45,72.65,14,10,4,0,2,2,1.5,1.5,0,0,0,0,88.79,1.5,5,0.5,1432.4,415.36,4.5%,"SOL_INR_5m_ST1(12,4.0)+ST2(12,3.5)_SL1.5pct_1-3",2,0
SOL/INR,5m,2026-09-17 to 2026-09-24 (7D),1963,12,4.0,10,3.5,"ST1(12,4.0)+ST2(10,3.5)",1.5%,1:3,1%,1.5,3.0,"ST1(12,4.0)+ST2(10,3.5)",10000,11017.02,1017.02,10.17,170.0,1.7,257.83200000000005,-103.84,143.24,-103.84,214.86,-103.84,71.43,28.569999999999997,3.45,72.65,14,10,4,0,2,2,1.5,1.5,0,0,0,0,88.79,1.5,5,0.5,1432.4,415.36,4.5%,"SOL_INR_5m_ST1(12,4.0)+ST2(10,3.5)_SL1.5pct_1-3",2,0
SOL/INR,5m,2026-09-17 to 2026-09-24 (7D),1963,12,3.5,12,4.0,"ST1(12,3.5)+ST2(12,4.0)",1.5%,1:3,1%,1.5,3.0,"ST1(12,3.5)+ST2(12,4.0)",10000,11017.02,1017.02,10.17,170.0,1.7,257.83200000000005,-103.84,143.24,-103.84,214.86,-103.84,71.43,28.569999999999997,3.45,72.65,14,10,4,0,2,2,1.5,1.5,0,0,0,0,88.79,1.5,5,0.5,1432.4,415.36,4.5%,"SOL_INR_5m_ST1(12,3.5)+ST2(12,4.0)_SL1.5pct_1-3",2,0
SOL/INR,5m,2026-09-17 to 2026-09-24 (7D),1963,10,3.5,12,4.0,"ST1(10,3.5)+ST2(12,4.0)",1.5%,1:3,1%,1.5,3.0,"ST1(10,3.5)+ST2(12,4.0)",10000,11017.02,1017.02,10.17,170.0,1.7,257.83200000000005,-103.84,143.24,-103.84,214.86,-103.84,71.43,28.569999999999997,3.45,72.65,14,10,4,0,2,2,1.5,1.5,0,0,0,0,88.79,1.5,5,0.5,1432.4,415.36,4.5%,"SOL_INR_5m_ST1(10,3.5)+ST2(12,4.0)_SL1.5pct_1-3",2,0
SOL/INR,30m,2026-07-25 to 2026-09-24 (60D),2872,14,3.0,7,2.0,"ST1(14,3.0)+ST2(7,2.0)",1.5%,1:3,1%,1.5,3.0,"ST1(14,3.0)+ST2(7,2.0)",10000,11003.58,1003.58,10.04,661.0,6.61,251.496,-92.58,139.72,-92.58,209.58,-92.58,45.12,54.88,1.24,12.24,82,37,45,0,2,2,1.5,1.5,0,0,0,0,58.41,1.5,5,0.5,5169.64,4166.1,4.5%,"SOL_INR_30m_ST1(14,3.0)+ST2(7,2.0)_SL1.5pct_1-3",2,2
SOL/INR,30m,2026-07-25 to 2026-09-24 (60D),2872,7,2.0,14,3.0,"ST1(7,2.0)+ST2(14,3.0)",1.5%,1:3,1%,1.5,3.0,"ST1(7,2.0)+ST2(14,3.0)",10000,11003.58,1003.58,10.04,661.0,6.61,251.496,-92.58,139.72,-92.58,209.58,-92.58,45.12,54.88,1.24,12.24,82,37,45,0,2,2,1.5,1.5,0,0,0,0,58.41,1.5,5,0.5,5169.64,4166.1,4.5%,"SOL_INR_30m_ST1(7,2.0)+ST2(14,3.0)_SL1.5pct_1-3",2,2
SOL/INR,30m,2026-07-25 to 2026-09-24 (60D),2872,7,3.5,14,3.0,"ST1(7,3.5)+ST2(14,3.0)",1.5%,1:3,1%,1.5,3.0,"ST1(7,3.5)+ST2(14,3.0)",10000,11000.3,1000.3,10.0,542.0,5.42,261.93600000000004,-96.33,145.52,-96.33,218.28000000000003,-96.33,45.0,55.0,1.24,12.5,80,36,44,0,2,2,1.5,1.5,0,0,0,0,56.5,1.5,5,0.5,5238.72,4238.52,4.5%,"SOL_INR_30m_ST1(7,3.5)+ST2(14,3.0)_SL1.5pct_1-3",2,2
SOL/INR,30m,2026-07-25 to 2026-09-24 (60D),2872,14,3.0,7,3.5,"ST1(14,3.0)+ST2(7,3.5)",1.5%,1:3,1%,1.5,3.0,"ST1(14,3.0)+ST2(7,3.5)",10000,11000.3,1000.3,10.0,542.0,5.42,261.93600000000004,-96.33,145.52,-96.33,218.28000000000003,-96.33,45.0,55.0,1.24,12.5,80,36,44,0,2,2,1.5,1.5,0,0,0,0,56.5,1.5,5,0.5,5238.72,4238.52,4.5%,"SOL_INR_30m_ST1(14,3.0)+ST2(7,3.5)_SL1.5pct_1-3",2,2
SOL/INR,5m,2026-09-17 to 2026-09-24 (7D),1963,12,4.0,10,4.0,"ST1(12,4.0)+ST2(10,4.0)",1.5%,1:3,1%,1.5,3.0,"ST1(12,4.0)+ST2(10,4.0)",10000,10987.52,987.52,9.88,170.0,1.7,252.324,-103.57,140.18,-103.57,210.27,-103.57,71.43,28.569999999999997,3.38,70.54,14,10,4,0,2,2,1.5,1.5,0,0,0,0,89.96,1.5,5,0.5,1401.8000000000002,414.28,4.5%,"SOL_INR_5m_ST1(12,4.0)+ST2(10,4.0)_SL1.5pct_1-3",2,0
SOL/INR,5m,2026-09-17 to 2026-09-24 (7D),1963,10,3.5,14,4.0,"ST1(10,3.5)+ST2(14,4.0)",1.5%,1:3,1%,1.5,3.0,"ST1(10,3.5)+ST2(14,4.0)",10000,10987.52,987.52,9.88,170.0,1.7,252.324,-103.57,140.18,-103.57,210.27,-103.57,71.43,28.569999999999997,3.38,70.54,14,10,4,0,2,2,1.5,1.5,0,0,0,0,87.16,1.5,5,0.5,1401.8000000000002,414.28,4.5%,"SOL_INR_5m_ST1(10,3.5)+ST2(14,4.0)_SL1.5pct_1-3",2,0
SOL/INR,5m,2026-09-17 to 2026-09-24 (7D),1963,14,4.0,12,3.5,"ST1(14,4.0)+ST2(12,3.5)",1.5%,1:3,1%,1.5,3.0,"ST1(14,4.0)+ST2(12,3.5)",10000,10987.52,987.52,9.88,170.0,1.7,252.324,-103.57,140.18,-103.57,210.27,-103.57,71.43,28.569999999999997,3.38,70.54,14,10,4,0,2,2,1.5,1.5,0,0,0,0,87.16,1.5,5,0.5,1401.8000000000002,414.28,4.5%,"SOL_INR_5m_ST1(14,4.0)+ST2(12,3.5)_SL1.5pct_1-3",2,0
SOL/INR,5m,2026-09-17 to 2026-09-24 (7D),1963,14,4.0,10,3.5,"ST1(14,4.0)+ST2(10,3.5)",1.5%,1:3,1%,1.5,3.0,"ST1(14,4.0)+ST2(10,3.5)",10000,10987.52,987.52,9.88,170.0,1.7,252.324,-103.57,140.18,-103.57,210.27,-103.57,71.43,28.569999999999997,3.38,70.54,14,10,4,0,2,2,1.5,1.5,0,0,0,0,87.16,1.5,5,0.5,1401.8000000000002,414.28,4.5%,"SOL_INR_5m_ST1(14,4.0)+ST2(10,3.5)_SL1.5pct_1-3",2,0
SOL/INR,5m,2026-09-17 to 2026-09-24 (7D),1963,14,4.0,14,3.5,"ST1(14,4.0)+ST2(14,3.5)",1.5%,1:3,1%,1.5,3.0,"ST1(14,4.0)+ST2(14,3.5)",10000,10987.52,987.52,9.88,170.0,1.7,252.324,-103.57,140.18,-103.57,210.27,-103.57,71.43,28.569999999999997,3.38,70.54,14,10,4,0,2,2,1.5,1.5,0,0,0,0,87.16,1.5,5,0.5,1401.8000000000002,414.28,4.5%,"SOL_INR_5m_ST1(14,4.0)+ST2(14,3.5)_SL1.5pct_1-3",2,0
SOL/INR,5m,2026-09-17 to 2026-09-24 (7D),1963,10,4.0,12,4.0,"ST1(10,4.0)+ST2(12,4.0)",1.5%,1:3,1%,1.5,3.0,"ST1(10,4.0)+ST2(12,4.0)",10000,10987.52,987.52,9.88,170.0,1.7,252.324,-103.57,140.18,-103.57,210.27,-103.57,71.43,28.569999999999997,3.38,70.54,14,10,4,0,2,2,1.5,1.5,0,0,0,0,89.96,1.5,5,0.5,1401.8000000000002,414.28,4.5%,"SOL_INR_5m_ST1(10,4.0)+ST2(12,4.0)_SL1.5pct_1-3",2,0
SOL/INR,5m,2026-09-17 to 2026-09-24 (7D),1963,12,4.0,14,4.0,"ST1(12,4.0)+ST2(14,4.0)",1.5%,1:3,1%,1.5,3.0,"ST1(12,4.0)+ST2(14,4.0)",10000,10987.52,987.52,9.88,170.0,1.7,252.324,-103.57,140.18,-103.57,210.27,-103.57,71.43,28.569999999999997,3.38,70.54,14,10,4,0,2,2,1.5,1.5,0,0,0,0,89.96,1.5,5,0.5,1401.8000000000002,414.28,4.5%,"SOL_INR_5m_ST1(12,4.0)+ST2(14,4.0)_SL1.5pct_1-3",2,0
SOL/INR,5m,2026-09-17 to 2026-09-24 (7D),1963,14,4.0,12,4.0,"ST1(14,4.0)+ST2(12,4.0)",1.5%,1:3,1%,1.5,3.0,"ST1(14,4.0)+ST2(12,4.0)",10000,10987.52,987.52,9.88,170.0,1.7,252.324,-103.57,140.18,-103.57,210.27,-103.57,71.43,28.569999999999997,3.38,70.54,14,10,4,0,2,2,1.5,1.5,0,0,0,0,89.96,1.5,5,0.5,1401.8000000000002,414.28,4.5%,"SOL_INR_5m_ST1(14,4.0)+ST2(12,4.0)_SL1.5pct_1-3",2,0
SOL/INR,5m,2026-09-17 to 2026-09-24 (7D),1963,12,3.5,14,4.0,"ST1(12,3.5)+ST2(14,4.0)",1.5%,1:3,1%,1.5,3.0,"ST1(12,3.5)+ST2(14,4.0)",10000,10987.52,987.52,9.88,170.0,1.7,252.324,-103.57,140.18,-103.57,210.27,-103.57,71.43,28.569999999999997,3.38,70.54,14,10,4,0,2,2,1.5,1.5,0,0,0,0,87.16,1.5,5,0.5,1401.8000000000002,414.28,4.5%,"SOL_INR_5m_ST1(12,3.5)+ST2(14,4.0)_SL1.5pct_1-3",2,0
SOL/INR,5m,2026-09-17 to 2026-09-24 (7D),1963,14,3.5,14,4.0,"ST1(14,3.5)+ST2(14,4.0)",1.5%,1:3,1%,1.5,3.0,"ST1(14,3.5)+ST2(14,4.0)",10000,10987.52,987.52,9.88,170.0,1.7,252.324,-103.57,140.18,-103.57,210.27,-103.57,71.43,28.569999999999997,3.38,70.54,14,10,4,0,2,2,1.5,1.5,0,0,0,0,87.16,1.5,5,0.5,1401.8000000000002,414.28,4.5%,"SOL_INR_5m_ST1(14,3.5)+ST2(14,4.0)_SL1.5pct_1-3",2,0
SOL/INR,30m,2026-07-25 to 2026-09-24 (60D),2872,10,3.5,14,2.0,"ST1(10,3.5)+ST2(14,2.0)",1.5%,1:3,1%,1.5,3.0,"ST1(10,3.5)+ST2(14,2.0)",10000,10979.32,979.32,9.79,529.0,5.29,263.088,-91.07,146.16,-91.07,219.24,-91.07,44.29,55.71,1.28,13.99,70,31,39,0,2,2,1.5,1.5,0,0,0,0,52.11,1.5,5,0.5,4530.96,3551.73,4.5%,"SOL_INR_30m_ST1(10,3.5)+ST2(14,2.0)_SL1.5pct_1-3",2,2
SOL/INR,30m,2026-07-25 to 2026-09-24 (60D),2872,14,2.0,10,3.5,"ST1(14,2.0)+ST2(10,3.5)",1.5%,1:3,1%,1.5,3.0,"ST1(14,2.0)+ST2(10,3.5)",10000,10979.32,979.32,9.79,529.0,5.29,263.088,-91.07,146.16,-91.07,219.24,-91.07,44.29,55.71,1.28,13.99,70,31,39,0,2,2,1.5,1.5,0,0,0,0,52.11,1.5,5,0.5,4530.96,3551.73,4.5%,"SOL_INR_30m_ST1(14,2.0)+ST2(10,3.5)_SL1.5pct_1-3",2,2
SOL/INR,30m,2026-07-25 to 2026-09-24 (60D),2872,12,4.0,7,2.0,"ST1(12,4.0)+ST2(7,2.0)",1.5%,1:3,1%,1.5,3.0,"ST1(12,4.0)+ST2(7,2.0)",10000,10977.76,977.76,9.78,637.0,6.37,270.738,-90.59,150.41,-90.59,225.615,-90.59,42.86,57.14,1.25,12.7,77,33,44,0,2,2,1.5,1.5,0,0,0,0,54.06,1.5,5,0.5,4963.53,3985.96,4.5%,"SOL_INR_30m_ST1(12,4.0)+ST2(7,2.0)_SL1.5pct_1-3",2,2
SOL/INR,30m,2026-07-25 to 2026-09-24 (60D),2872,7,2.0,12,4.0,"ST1(7,2.0)+ST2(12,4.0)",1.5%,1:3,1%,1.5,3.0,"ST1(7,2.0)+ST2(12,4.0)",10000,10977.76,977.76,9.78,637.0,6.37,270.738,-90.59,150.41,-90.59,225.615,-90.59,42.86,57.14,1.25,12.7,77,33,44,0,2,2,1.5,1.5,0,0,0,0,54.06,1.5,5,0.5,4963.53,3985.96,4.5%,"SOL_INR_30m_ST1(7,2.0)+ST2(12,4.0)_SL1.5pct_1-3",2,2
SOL/INR,30m,2026-07-25 to 2026-09-24 (60D),2872,7,4.0,14,3.0,"ST1(7,4.0)+ST2(14,3.0)",1.5%,1:3,1%,1.5,3.0,"ST1(7,4.0)+ST2(14,3.0)",10000,10974.78,974.78,9.75,646.0,6.46,265.518,-95.19,147.51,-95.19,221.265,-95.19,44.3,55.7,1.23,12.34,79,35,44,0,2,2,1.5,1.5,0,0,0,0,55.87,1.5,5,0.5,5162.849999999999,4188.36,4.5%,"SOL_INR_30m_ST1(7,4.0)+ST2(14,3.0)_SL1.5pct_1-3",2,2
SOL/INR,30m,2026-07-25 to 2026-09-24 (60D),2872,14,3.0,7,4.0,"ST1(14,3.0)+ST2(7,4.0)",1.5%,1:3,1%,1.5,3.0,"ST1(14,3.0)+ST2(7,4.0)",10000,10974.78,974.78,9.75,646.0,6.46,265.518,-95.19,147.51,-95.19,221.265,-95.19,44.3,55.7,1.23,12.34,79,35,44,0,2,2,1.5,1.5,0,0,0,0,55.87,1.5,5,0.5,5162.849999999999,4188.36,4.5%,"SOL_INR_30m_ST1(14,3.0)+ST2(7,4.0)_SL1.5pct_1-3",2,2
SOL/INR,30m,2026-07-25 to 2026-09-24 (60D),2872,12,3.0,14,3.0,"ST1(12,3.0)+ST2(14,3.0)",1.5%,1:3,1%,1.5,3.0,"ST1(12,3.0)+ST2(14,3.0)",10000,10969.88,969.88,9.7,661.0,6.61,249.12,-94.2,138.4,-94.2,207.6,-94.2,45.35,54.65,1.22,11.28,86,39,47,0,2,2,1.5,1.5,0,0,0,0,60.95,1.5,5,0.5,5397.6,4427.400000000001,4.5%,"SOL_INR_30m_ST1(12,3.0)+ST2(14,3.0)_SL1.5pct_1-3",2,2
SOL/INR,30m,2026-07-25 to 2026-09-24 (60D),2872,14,3.0,12,3.0,"ST1(14,3.0)+ST2(12,3.0)",1.5%,1:3,1%,1.5,3.0,"ST1(14,3.0)+ST2(12,3.0)",10000,10969.88,969.88,9.7,661.0,6.61,249.12,-94.2,138.4,-94.2,207.6,-94.2,45.35,54.65,1.22,11.28,86,39,47,0,2,2,1.5,1.5,0,0,0,0,60.95,1.5,5,0.5,5397.6,4427.400000000001,4.5%,"SOL_INR_30m_ST1(14,3.0)+ST2(12,3.0)_SL1.5pct_1-3",2,2
SOL/INR,30m,2026-07-25 to 2026-09-24 (60D),2872,7,3.5,10,2.0,"ST1(7,3.5)+ST2(10,2.0)",1.5%,1:3,1%,1.5,3.0,"ST1(7,3.5)+ST2(10,2.0)",10000,10965.89,965.89,9.66,881.0,8.81,267.084,-93.59,148.38,-93.59,222.57,-93.59,44.0,56.0,1.25,12.88,75,33,42,0,2,2,1.5,1.5,0,0,0,0,53.22,1.5,5,0.5,4896.54,3930.78,4.5%,"SOL_INR_30m_ST1(7,3.5)+ST2(10,2.0)_SL1.5pct_1-3",2,2
SOL/INR,30m,2026-07-25 to 2026-09-24 (60D),2872,10,2.0,7,3.5,"ST1(10,2.0)+ST2(7,3.5)",1.5%,1:3,1%,1.5,3.0,"ST1(10,2.0)+ST2(7,3.5)",10000,10965.89,965.89,9.66,881.0,8.81,267.084,-93.59,148.38,-93.59,222.57,-93.59,44.0,56.0,1.25,12.88,75,33,42,0,2,2,1.5,1.5,0,0,0,0,53.22,1.5,5,0.5,4896.54,3930.78,4.5%,"SOL_INR_30m_ST1(10,2.0)+ST2(7,3.5)_SL1.5pct_1-3",2,2
SOL/INR,30m,2026-07-25 to 2026-09-24 (60D),2872,7,2.0,10,3.0,"ST1(7,2.0)+ST2(10,3.0)",1.5%,1:3,1%,1.5,3.0,"ST1(7,2.0)+ST2(10,3.0)",10000,10956.85,956.85,9.57,804.0,8.04,249.318,-91.63,138.51,-91.63,207.765,-91.63,44.71,55.29,1.22,11.26,85,38,47,0,2,2,1.5,1.5,0,0,0,0,61.96,1.5,5,0.5,5263.379999999999,4306.61,4.5%,"SOL_INR_30m_ST1(7,2.0)+ST2(10,3.0)_SL1.5pct_1-3",2,2
SOL/INR,30m,2026-07-25 to 2026-09-24 (60D),2872,10,3.0,7,2.0,"ST1(10,3.0)+ST2(7,2.0)",1.5%,1:3,1%,1.5,3.0,"ST1(10,3.0)+ST2(7,2.0)",10000,10956.85,956.85,9.57,804.0,8.04,249.318,-91.63,138.51,-91.63,207.765,-91.63,44.71,55.29,1.22,11.26,85,38,47,0,2,2,1.5,1.5,0,0,0,0,61.96,1.5,5,0.5,5263.379999999999,4306.61,4.5%,"SOL_INR_30m_ST1(10,3.0)+ST2(7,2.0)_SL1.5pct_1-3",2,2
SOL/INR,30m,2026-07-25 to 2026-09-24 (60D),2872,14,3.0,14,3.5,"ST1(14,3.0)+ST2(14,3.5)",1.5%,1:3,1%,1.5,3.0,"ST1(14,3.0)+ST2(14,3.5)",10000,10954.65,954.65,9.55,635.0,6.35,251.424,-92.58,139.68,-92.58,209.52,-92.58,45.0,55.0,1.23,11.93,80,36,44,0,2,2,1.5,1.5,0,0,0,0,55.94,1.5,5,0.5,5028.4800000000005,4073.52,4.5%,"SOL_INR_30m_ST1(14,3.0)+ST2(14,3.5)_SL1.5pct_1-3",2,2
SOL/INR,30m,2026-07-25 to 2026-09-24 (60D),2872,14,3.5,14,3.0,"ST1(14,3.5)+ST2(14,3.0)",1.5%,1:3,1%,1.5,3.0,"ST1(14,3.5)+ST2(14,3.0)",10000,10954.65,954.65,9.55,635.0,6.35,251.424,-92.58,139.68,-92.58,209.52,-92.58,45.0,55.0,1.23,11.93,80,36,44,0,2,2,1.5,1.5,0,0,0,0,55.94,1.5,5,0.5,5028.4800000000005,4073.52,4.5%,"SOL_INR_30m_ST1(14,3.5)+ST2(14,3.0)_SL1.5pct_1-3",2,2
SOL/INR,30m,2026-07-25 to 2026-09-24 (60D),2872,10,2.0,10,4.0,"ST1(10,2.0)+ST2(10,4.0)",1.5%,1:3,1%,1.5,3.0,"ST1(10,2.0)+ST2(10,4.0)",10000,10948.7,948.7,9.49,780.0,7.8,276.12,-92.1,153.4,-92.1,230.1,-92.1,42.67,57.33,1.24,12.65,75,32,43,0,2,2,1.5,1.5,0,0,0,0,51.93,1.5,5,0.5,4908.8,3960.3,4.5%,"SOL_INR_30m_ST1(10,2.0)+ST2(10,4.0)_SL1.5pct_1-3",2,2
SOL/INR,30m,2026-07-25 to 2026-09-24 (60D),2872,10,4.0,10,2.0,"ST1(10,4.0)+ST2(10,2.0)",1.5%,1:3,1%,1.5,3.0,"ST1(10,4.0)+ST2(10,2.0)",10000,10948.7,948.7,9.49,780.0,7.8,276.12,-92.1,153.4,-92.1,230.1,-92.1,42.67,57.33,1.24,12.65,75,32,43,0,2,2,1.5,1.5,0,0,0,0,51.93,1.5,5,0.5,4908.8,3960.3,4.5%,"SOL_INR_30m_ST1(10,4.0)+ST2(10,2.0)_SL1.5pct_1-3",2,2
SOL/INR,30m,2026-07-25 to 2026-09-24 (60D),2872,7,3.0,7,2.0,"ST1(7,3.0)+ST2(7,2.0)",1.5%,1:3,1%,1.5,3.0,"ST1(7,3.0)+ST2(7,2.0)",10000,10942.57,942.57,9.43,816.0,8.16,243.108,-92.01,135.06,-92.01,202.59,-92.01,45.35,54.65,1.22,10.96,86,39,47,0,2,2,1.5,1.5,0,0,0,0,61.34,1.5,5,0.5,5267.34,4324.47,4.5%,"SOL_INR_30m_ST1(7,3.0)+ST2(7,2.0)_SL1.5pct_1-3",2,2
SOL/INR,30m,2026-07-25 to 2026-09-24 (60D),2872,7,2.0,7,3.0,"ST1(7,2.0)+ST2(7,3.0)",1.5%,1:3,1%,1.5,3.0,"ST1(7,2.0)+ST2(7,3.0)",10000,10942.57,942.57,9.43,816.0,8.16,243.108,-92.01,135.06,-92.01,202.59,-92.01,45.35,54.65,1.22,10.96,86,39,47,0,2,2,1.5,1.5,0,0,0,0,61.34,1.5,5,0.5,5267.34,4324.47,4.5%,"SOL_INR_30m_ST1(7,2.0)+ST2(7,3.0)_SL1.5pct_1-3",2,2
SOL/INR,30m,2026-07-25 to 2026-09-24 (60D),2872,12,3.5,10,3.0,"ST1(12,3.5)+ST2(10,3.0)",1.5%,1:3,1%,1.5,3.0,"ST1(12,3.5)+ST2(10,3.0)",10000,10931.96,931.96,9.32,593.0,5.93,252.918,-93.78,140.51,-93.78,210.765,-93.78,45.0,55.0,1.23,11.65,80,36,44,0,2,2,1.5,1.5,0,0,0,0,54.93,1.5,5,0.5,5058.36,4126.32,4.5%,"SOL_INR_30m_ST1(12,3.5)+ST2(10,3.0)_SL1.5pct_1-3",2,2
SOL/INR,30m,2026-07-25 to 2026-09-24 (60D),2872,10,3.0,12,3.5,"ST1(10,3.0)+ST2(12,3.5)",1.5%,1:3,1%,1.5,3.0,"ST1(10,3.0)+ST2(12,3.5)",10000,10931.96,931.96,9.32,593.0,5.93,252.918,-93.78,140.51,-93.78,210.765,-93.78,45.0,55.0,1.23,11.65,80,36,44,0,2,2,1.5,1.5,0,0,0,0,54.93,1.5,5,0.5,5058.36,4126.32,4.5%,"SOL_INR_30m_ST1(10,3.0)+ST2(12,3.5)_SL1.5pct_1-3",2,2
SOL/INR,30m,2026-07-25 to 2026-09-24 (60D),2872,14,4.0,14,2.0,"ST1(14,4.0)+ST2(14,2.0)",1.5%,1:3,1%,1.5,3.0,"ST1(14,4.0)+ST2(14,2.0)",10000,10928.92,928.92,9.29,649.0,6.49,274.338,-91.08,152.41,-91.08,228.615,-91.08,42.86,57.14,1.25,13.27,70,30,40,0,2,2,1.5,1.5,0,0,0,0,50.51,1.5,5,0.5,4572.3,3643.2,4.5%,"SOL_INR_30m_ST1(14,4.0)+ST2(14,2.0)_SL1.5pct_1-3",2,2
SOL/INR,30m,2026-07-25 to 2026-09-24 (60D),2872,14,2.0,14,4.0,"ST1(14,2.0)+ST2(14,4.0)",1.5%,1:3,1%,1.5,3.0,"ST1(14,2.0)+ST2(14,4.0)",10000,10928.92,928.92,9.29,649.0,6.49,274.338,-91.08,152.41,-91.08,228.615,-91.08,42.86,57.14,1.25,13.27,70,30,40,0,2,2,1.5,1.5,0,0,0,0,50.51,1.5,5,0.5,4572.3,3643.2,4.5%,"SOL_INR_30m_ST1(14,2.0)+ST2(14,4.0)_SL1.5pct_1-3",2,2
SOL/INR,30m,2026-07-25 to 2026-09-24 (60D),2872,14,3.5,7,3.0,"ST1(14,3.5)+ST2(7,3.0)",1.5%,1:3,1%,1.5,3.0,"ST1(14,3.5)+ST2(7,3.0)",10000,10914.55,914.55,9.15,593.0,5.93,252.504,-89.9,140.28,-89.9,210.42,-89.9,43.9,56.1,1.22,11.15,82,36,46,0,2,2,1.5,1.5,0,0,0,0,56.64,1.5,5,0.5,5050.08,4135.400000000001,4.5%,"SOL_INR_30m_ST1(14,3.5)+ST2(7,3.0)_SL1.5pct_1-3",2,2
SOL/INR,30m,2026-07-25 to 2026-09-24 (60D),2872,7,3.0,14,3.5,"ST1(7,3.0)+ST2(14,3.5)",1.5%,1:3,1%,1.5,3.0,"ST1(7,3.0)+ST2(14,3.5)",10000,10914.55,914.55,9.15,593.0,5.93,252.504,-89.9,140.28,-89.9,210.42,-89.9,43.9,56.1,1.22,11.15,82,36,46,0,2,2,1.5,1.5,0,0,0,0,56.64,1.5,5,0.5,5050.08,4135.400000000001,4.5%,"SOL_INR_30m_ST1(7,3.0)+ST2(14,3.5)_SL1.5pct_1-3",2,2
SOL/INR,30m,2026-07-25 to 2026-09-24 (60D),2872,12,2.0,7,3.5,"ST1(12,2.0)+ST2(7,3.5)",1.5%,1:3,1%,1.5,3.0,"ST1(12,2.0)+ST2(7,3.5)",10000,10912.24,912.24,9.12,882.0,8.82,261.774,-92.54,145.43,-92.54,218.145,-92.54,44.0,56.0,1.23,12.16,75,33,42,0,2,2,1.5,1.5,0,0,0,0,52.11,1.5,5,0.5,4799.1900000000005,3886.68,4.5%,"SOL_INR_30m_ST1(12,2.0)+ST2(7,3.5)_SL1.5pct_1-3",2,2
SOL/INR,30m,2026-07-25 to 2026-09-24 (60D),2872,7,3.5,12,2.0,"ST1(7,3.5)+ST2(12,2.0)",1.5%,1:3,1%,1.5,3.0,"ST1(7,3.5)+ST2(12,2.0)",10000,10912.24,912.24,9.12,882.0,8.82,261.774,-92.54,145.43,-92.54,218.145,-92.54,44.0,56.0,1.23,12.16,75,33,42,0,2,2,1.5,1.5,0,0,0,0,52.11,1.5,5,0.5,4799.1900000000005,3886.68,4.5%,"SOL_INR_30m_ST1(7,3.5)+ST2(12,2.0)_SL1.5pct_1-3",2,2
SOL/INR,30m,2026-07-25 to 2026-09-24 (60D),2872,10,4.0,12,2.0,"ST1(10,4.0)+ST2(12,2.0)",1.5%,1:3,1%,1.5,3.0,"ST1(10,4.0)+ST2(12,2.0)",10000,10909.07,909.07,9.09,768.0,7.68,270.882,-93.01,150.49,-93.01,225.735,-93.01,43.24,56.76,1.23,12.28,74,32,42,0,2,2,1.5,1.5,0,0,0,0,50.57,1.5,5,0.5,4815.68,3906.42,4.5%,"SOL_INR_30m_ST1(10,4.0)+ST2(12,2.0)_SL1.5pct_1-3",2,2
SOL/INR,30m,2026-07-25 to 2026-09-24 (60D),2872,12,2.0,10,4.0,"ST1(12,2.0)+ST2(10,4.0)",1.5%,1:3,1%,1.5,3.0,"ST1(12,2.0)+ST2(10,4.0)",10000,10909.07,909.07,9.09,768.0,7.68,270.882,-93.01,150.49,-93.01,225.735,-93.01,43.24,56.76,1.23,12.28,74,32,42,0,2,2,1.5,1.5,0,0,0,0,50.57,1.5,5,0.5,4815.68,3906.42,4.5%,"SOL_INR_30m_ST1(12,2.0)+ST2(10,4.0)_SL1.5pct_1-3",2,2
SOL/INR,5m,2026-09-17 to 2026-09-24 (7D),1963,14,2.0,12,4.0,"ST1(14,2.0)+ST2(12,4.0)",1.5%,1:3,1%,1.5,3.0,"ST1(14,2.0)+ST2(12,4.0)",10000,10899.3,899.3,8.99,319.0,3.19,249.498,-121.69,138.61,-121.69,207.915,-121.69,71.43,28.569999999999997,2.85,64.24,14,10,4,0,2,2,1.5,1.5,0,0,0,0,87.92,1.5,5,0.5,1386.1,486.76,4.5%,"SOL_INR_5m_ST1(14,2.0)+ST2(12,4.0)_SL1.5pct_1-3",2,0
SOL/INR,5m,2026-09-17 to 2026-09-24 (7D),1963,12,4.0,14,2.0,"ST1(12,4.0)+ST2(14,2.0)",1.5%,1:3,1%,1.5,3.0,"ST1(12,4.0)+ST2(14,2.0)",10000,10899.3,899.3,8.99,319.0,3.19,249.498,-121.69,138.61,-121.69,207.915,-121.69,71.43,28.569999999999997,2.85,64.24,14,10,4,0,2,2,1.5,1.5,0,0,0,0,87.92,1.5,5,0.5,1386.1,486.76,4.5%,"SOL_INR_5m_ST1(12,4.0)+ST2(14,2.0)_SL1.5pct_1-3",2,0
SOL/INR,30m,2026-07-25 to 2026-09-24 (60D),2872,7,3.0,10,3.0,"ST1(7,3.0)+ST2(10,3.0)",1.5%,1:3,1%,1.5,3.0,"ST1(7,3.0)+ST2(10,3.0)",10000,10870.59,870.59,8.71,661.0,6.61,257.688,-92.41,143.16,-92.41,214.74,-92.41,43.33,56.67,1.18,9.67,90,39,51,0,2,2,1.5,1.5,0,0,0,0,63.92,1.5,5,0.5,5583.24,4712.91,4.5%,"SOL_INR_30m_ST1(7,3.0)+ST2(10,3.0)_SL1.5pct_1-3",2,2
SOL/INR,30m,2026-07-25 to 2026-09-24 (60D),2872,10,3.0,7,3.0,"ST1(10,3.0)+ST2(7,3.0)",1.5%,1:3,1%,1.5,3.0,"ST1(10,3.0)+ST2(7,3.0)",10000,10870.59,870.59,8.71,661.0,6.61,257.688,-92.41,143.16,-92.41,214.74,-92.41,43.33,56.67,1.18,9.67,90,39,51,0,2,2,1.5,1.5,0,0,0,0,63.92,1.5,5,0.5,5583.24,4712.91,4.5%,"SOL_INR_30m_ST1(10,3.0)+ST2(7,3.0)_SL1.5pct_1-3",2,2
SOL/INR,5m,2026-09-17 to 2026-09-24 (7D),1963,14,4.0,14,2.0,"ST1(14,4.0)+ST2(14,2.0)",1.5%,1:3,1%,1.5,3.0,"ST1(14,4.0)+ST2(14,2.0)",10000,10870.11,870.11,8.7,319.0,3.19,244.008,-121.37,135.56,-121.37,203.34,-121.37,71.43,28.569999999999997,2.79,62.15,14,10,4,0,2,2,1.5,1.5,0,0,0,0,86.29,1.5,5,0.5,1355.6,485.48,4.5%,"SOL_INR_5m_ST1(14,4.0)+ST2(14,2.0)_SL1.5pct_1-3",2,0
SOL/INR,5m,2026-09-17 to 2026-09-24 (7D),1963,14,2.0,14,4.0,"ST1(14,2.0)+ST2(14,4.0)",1.5%,1:3,1%,1.5,3.0,"ST1(14,2.0)+ST2(14,4.0)",10000,10870.11,870.11,8.7,319.0,3.19,244.008,-121.37,135.56,-121.37,203.34,-121.37,71.43,28.569999999999997,2.79,62.15,14,10,4,0,2,2,1.5,1.5,0,0,0,0,86.29,1.5,5,0.5,1355.6,485.48,4.5%,"SOL_INR_5m_ST1(14,2.0)+ST2(14,4.0)_SL1.5pct_1-3",2,0
SOL/INR,30m,2026-07-25 to 2026-09-24 (60D),2872,7,3.0,12,4.0,"ST1(7,3.0)+ST2(12,4.0)",1.5%,1:3,1%,1.5,3.0,"ST1(7,3.0)+ST2(12,4.0)",10000,10867.79,867.79,8.68,798.0,7.98,270.576,-93.48,150.32,-93.48,225.48,-93.48,42.68,57.32,1.2,10.58,82,35,47,0,2,2,1.5,1.5,0,0,0,0,55.28,1.5,5,0.5,5261.2,4393.56,4.5%,"SOL_INR_30m_ST1(7,3.0)+ST2(12,4.0)_SL1.5pct_1-3",2,2
SOL/INR,30m,2026-07-25 to 2026-09-24 (60D),2872,12,4.0,7,3.0,"ST1(12,4.0)+ST2(7,3.0)",1.5%,1:3,1%,1.5,3.0,"ST1(12,4.0)+ST2(7,3.0)",10000,10867.79,867.79,8.68,798.0,7.98,270.576,-93.48,150.32,-93.48,225.48,-93.48,42.68,57.32,1.2,10.58,82,35,47,0,2,2,1.5,1.5,0,0,0,0,55.28,1.5,5,0.5,5261.2,4393.56,4.5%,"SOL_INR_30m_ST1(12,4.0)+ST2(7,3.0)_SL1.5pct_1-3",2,2
SOL/INR,30m,2026-07-25 to 2026-09-24 (60D),2872,14,3.0,12,4.0,"ST1(14,3.0)+ST2(12,4.0)",1.5%,1:3,1%,1.5,3.0,"ST1(14,3.0)+ST2(12,4.0)",10000,10845.15,845.15,8.45,734.0,7.34,265.284,-95.85,147.38,-95.85,221.07,-95.85,43.75,56.25,1.2,10.56,80,35,45,0,2,2,1.5,1.5,0,0,0,0,53.92,1.5,5,0.5,5158.3,4313.25,4.5%,"SOL_INR_30m_ST1(14,3.0)+ST2(12,4.0)_SL1.5pct_1-3",2,2
SOL/INR,30m,2026-07-25 to 2026-09-24 (60D),2872,12,4.0,14,3.0,"ST1(12,4.0)+ST2(14,3.0)",1.5%,1:3,1%,1.5,3.0,"ST1(12,4.0)+ST2(14,3.0)",10000,10845.15,845.15,8.45,734.0,7.34,265.284,-95.85,147.38,-95.85,221.07,-95.85,43.75,56.25,1.2,10.56,80,35,45,0,2,2,1.5,1.5,0,0,0,0,53.92,1.5,5,0.5,5158.3,4313.25,4.5%,"SOL_INR_30m_ST1(12,4.0)+ST2(14,3.0)_SL1.5pct_1-3",2,2
SOL/INR,30m,2026-07-25 to 2026-09-24 (60D),2872,14,3.0,14,4.0,"ST1(14,3.0)+ST2(14,4.0)",1.5%,1:3,1%,1.5,3.0,"ST1(14,3.0)+ST2(14,4.0)",10000,10843.12,843.12,8.43,735.0,7.35,270.0,-94.6,150.0,-94.6,225.0,-94.6,43.04,56.96,1.2,10.67,79,34,45,0,2,2,1.5,1.5,0,0,0,0,53.92,1.5,5,0.5,5100.0,4257.0,4.5%,"SOL_INR_30m_ST1(14,3.0)+ST2(14,4.0)_SL1.5pct_1-3",2,2
SOL/INR,30m,2026-07-25 to 2026-09-24 (60D),2872,14,4.0,14,3.0,"ST1(14,4.0)+ST2(14,3.0)",1.5%,1:3,1%,1.5,3.0,"ST1(14,4.0)+ST2(14,3.0)",10000,10843.12,843.12,8.43,735.0,7.35,270.0,-94.6,150.0,-94.6,225.0,-94.6,43.04,56.96,1.2,10.67,79,34,45,0,2,2,1.5,1.5,0,0,0,0,53.92,1.5,5,0.5,5100.0,4257.0,4.5%,"SOL_INR_30m_ST1(14,4.0)+ST2(14,3.0)_SL1.5pct_1-3",2,2
SOL/INR,30m,2026-07-25 to 2026-09-24 (60D),2872,14,3.5,7,2.0,"ST1(14,3.5)+ST2(7,2.0)",1.5%,1:3,1%,1.5,3.0,"ST1(14,3.5)+ST2(7,2.0)",10000,10814.39,814.39,8.14,777.0,7.77,258.264,-87.12,143.48,-87.12,215.22,-87.12,42.31,57.69,1.21,10.44,78,33,45,0,2,2,1.5,1.5,0,0,0,0,56.29,1.5,5,0.5,4734.839999999999,3920.4,4.5%,"SOL_INR_30m_ST1(14,3.5)+ST2(7,2.0)_SL1.5pct_1-3",2,2
SOL/INR,30m,2026-07-25 to 2026-09-24 (60D),2872,7,2.0,14,3.5,"ST1(7,2.0)+ST2(14,3.5)",1.5%,1:3,1%,1.5,3.0,"ST1(7,2.0)+ST2(14,3.5)",10000,10814.39,814.39,8.14,777.0,7.77,258.264,-87.12,143.48,-87.12,215.22,-87.12,42.31,57.69,1.21,10.44,78,33,45,0,2,2,1.5,1.5,0,0,0,0,56.29,1.5,5,0.5,4734.839999999999,3920.4,4.5%,"SOL_INR_30m_ST1(7,2.0)+ST2(14,3.5)_SL1.5pct_1-3",2,2
SOL/INR,30m,2026-07-25 to 2026-09-24 (60D),2872,12,3.5,7,3.0,"ST1(12,3.5)+ST2(7,3.0)",1.5%,1:3,1%,1.5,3.0,"ST1(12,3.5)+ST2(7,3.0)",10000,10810.14,810.14,8.1,593.0,5.93,250.506,-91.3,139.17,-91.3,208.755,-91.3,43.9,56.1,1.19,9.88,82,36,46,0,2,2,1.5,1.5,0,0,0,0,56.25,1.5,5,0.5,5010.12,4199.8,4.5%,"SOL_INR_30m_ST1(12,3.5)+ST2(7,3.0)_SL1.5pct_1-3",2,2
SOL/INR,30m,2026-07-25 to 2026-09-24 (60D),2872,7,3.0,12,3.5,"ST1(7,3.0)+ST2(12,3.5)",1.5%,1:3,1%,1.5,3.0,"ST1(7,3.0)+ST2(12,3.5)",10000,10810.14,810.14,8.1,593.0,5.93,250.506,-91.3,139.17,-91.3,208.755,-91.3,43.9,56.1,1.19,9.88,82,36,46,0,2,2,1.5,1.5,0,0,0,0,56.25,1.5,5,0.5,5010.12,4199.8,4.5%,"SOL_INR_30m_ST1(7,3.0)+ST2(12,3.5)_SL1.5pct_1-3",2,2
SOL/INR,30m,2026-07-25 to 2026-09-24 (60D),2872,14,3.0,10,3.5,"ST1(14,3.0)+ST2(10,3.5)",1.5%,1:3,1%,1.5,3.0,"ST1(14,3.0)+ST2(10,3.5)",10000,10805.5,805.5,8.06,558.0,5.58,253.638,-92.77,140.91,-92.77,211.365,-92.77,43.9,56.1,1.19,9.82,82,36,46,0,2,2,1.5,1.5,0,0,0,0,57.47,1.5,5,0.5,5072.76,4267.42,4.5%,"SOL_INR_30m_ST1(14,3.0)+ST2(10,3.5)_SL1.5pct_1-3",2,2
SOL/INR,30m,2026-07-25 to 2026-09-24 (60D),2872,10,3.5,14,3.0,"ST1(10,3.5)+ST2(14,3.0)",1.5%,1:3,1%,1.5,3.0,"ST1(10,3.5)+ST2(14,3.0)",10000,10805.5,805.5,8.06,558.0,5.58,253.638,-92.77,140.91,-92.77,211.365,-92.77,43.9,56.1,1.19,9.82,82,36,46,0,2,2,1.5,1.5,0,0,0,0,57.47,1.5,5,0.5,5072.76,4267.42,4.5%,"SOL_INR_30m_ST1(10,3.5)+ST2(14,3.0)_SL1.5pct_1-3",2,2
SOL/INR,30m,2026-07-25 to 2026-09-24 (60D),2872,14,4.0,7,3.0,"ST1(14,4.0)+ST2(7,3.0)",1.5%,1:3,1%,1.5,3.0,"ST1(14,4.0)+ST2(7,3.0)",10000,10803.42,803.42,8.03,800.0,8.0,271.152,-91.88,150.64,-91.88,225.96,-91.88,41.98,58.02,1.19,9.92,81,34,47,0,2,2,1.5,1.5,0,0,0,0,54.62,1.5,5,0.5,5121.759999999999,4318.36,4.5%,"SOL_INR_30m_ST1(14,4.0)+ST2(7,3.0)_SL1.5pct_1-3",2,2
SOL/INR,30m,2026-07-25 to 2026-09-24 (60D),2872,7,3.0,14,4.0,"ST1(7,3.0)+ST2(14,4.0)",1.5%,1:3,1%,1.5,3.0,"ST1(7,3.0)+ST2(14,4.0)",10000,10803.42,803.42,8.03,800.0,8.0,271.152,-91.88,150.64,-91.88,225.96,-91.88,41.98,58.02,1.19,9.92,81,34,47,0,2,2,1.5,1.5,0,0,0,0,54.62,1.5,5,0.5,5121.759999999999,4318.36,4.5%,"SOL_INR_30m_ST1(7,3.0)+ST2(14,4.0)_SL1.5pct_1-3",2,2
SOL/INR,5m,2026-09-17 to 2026-09-24 (7D),1963,7,3.0,12,4.0,"ST1(7,3.0)+ST2(12,4.0)",1.5%,1:3,1%,1.5,3.0,"ST1(7,3.0)+ST2(12,4.0)",10000,10796.32,796.32,7.96,330.0,3.3,256.59000000000003,-121.66,142.55,-121.66,213.825,-121.66,69.23,30.77,2.64,61.26,13,9,4,0,2,2,1.5,1.5,0,0,0,0,86.9,1.5,5,0.5,1282.95,486.64,4.5%,"SOL_INR_5m_ST1(7,3.0)+ST2(12,4.0)_SL1.5pct_1-3",2,0
SOL/INR,5m,2026-09-17 to 2026-09-24 (7D),1963,12,4.0,10,3.0,"ST1(12,4.0)+ST2(10,3.0)",1.5%,1:3,1%,1.5,3.0,"ST1(12,4.0)+ST2(10,3.0)",10000,10796.32,796.32,7.96,330.0,3.3,256.59000000000003,-121.66,142.55,-121.66,213.825,-121.66,69.23,30.77,2.64,61.26,13,9,4,0,2,2,1.5,1.5,0,0,0,0,87.77,1.5,5,0.5,1282.95,486.64,4.5%,"SOL_INR_5m_ST1(12,4.0)+ST2(10,3.0)_SL1.5pct_1-3",2,0
SOL/INR,5m,2026-09-17 to 2026-09-24 (7D),1963,14,3.0,12,4.0,"ST1(14,3.0)+ST2(12,4.0)",1.5%,1:3,1%,1.5,3.0,"ST1(14,3.0)+ST2(12,4.0)",10000,10796.32,796.32,7.96,330.0,3.3,256.59000000000003,-121.66,142.55,-121.66,213.825,-121.66,69.23,30.77,2.64,61.26,13,9,4,0,2,2,1.5,1.5,0,0,0,0,86.29,1.5,5,0.5,1282.95,486.64,4.5%,"SOL_INR_5m_ST1(14,3.0)+ST2(12,4.0)_SL1.5pct_1-3",2,0
SOL/INR,5m,2026-09-17 to 2026-09-24 (7D),1963,12,4.0,14,3.0,"ST1(12,4.0)+ST2(14,3.0)",1.5%,1:3,1%,1.5,3.0,"ST1(12,4.0)+ST2(14,3.0)",10000,10796.32,796.32,7.96,330.0,3.3,256.59000000000003,-121.66,142.55,-121.66,213.825,-121.66,69.23,30.77,2.64,61.26,13,9,4,0,2,2,1.5,1.5,0,0,0,0,86.29,1.5,5,0.5,1282.95,486.64,4.5%,"SOL_INR_5m_ST1(12,4.0)+ST2(14,3.0)_SL1.5pct_1-3",2,0
SOL/INR,5m,2026-09-17 to 2026-09-24 (7D),1963,12,4.0,12,3.0,"ST1(12,4.0)+ST2(12,3.0)",1.5%,1:3,1%,1.5,3.0,"ST1(12,4.0)+ST2(12,3.0)",10000,10796.32,796.32,7.96,330.0,3.3,256.59000000000003,-121.66,142.55,-121.66,213.825,-121.66,69.23,30.77,2.64,61.26,13,9,4,0,2,2,1.5,1.5,0,0,0,0,87.77,1.5,5,0.5,1282.95,486.64,4.5%,"SOL_INR_5m_ST1(12,4.0)+ST2(12,3.0)_SL1.5pct_1-3",2,0
SOL/INR,5m,2026-09-17 to 2026-09-24 (7D),1963,10,3.0,12,4.0,"ST1(10,3.0)+ST2(12,4.0)",1.5%,1:3,1%,1.5,3.0,"ST1(10,3.0)+ST2(12,4.0)",10000,10796.32,796.32,7.96,330.0,3.3,256.59000000000003,-121.66,142.55,-121.66,213.825,-121.66,69.23,30.77,2.64,61.26,13,9,4,0,2,2,1.5,1.5,0,0,0,0,87.77,1.5,5,0.5,1282.95,486.64,4.5%,"SOL_INR_5m_ST1(10,3.0)+ST2(12,4.0)_SL1.5pct_1-3",2,0
SOL/INR,5m,2026-09-17 to 2026-09-24 (7D),1963,12,4.0,7,3.0,"ST1(12,4.0)+ST2(7,3.0)",1.5%,1:3,1%,1.5,3.0,"ST1(12,4.0)+ST2(7,3.0)",10000,10796.32,796.32,7.96,330.0,3.3,256.59000000000003,-121.66,142.55,-121.66,213.825,-121.66,69.23,30.77,2.64,61.26,13,9,4,0,2,2,1.5,1.5,0,0,0,0,86.9,1.5,5,0.5,1282.95,486.64,4.5%,"SOL_INR_5m_ST1(12,4.0)+ST2(7,3.0)_SL1.5pct_1-3",2,0
SOL/INR,5m,2026-09-17 to 2026-09-24 (7D),1963,12,3.0,12,4.0,"ST1(12,3.0)+ST2(12,4.0)",1.5%,1:3,1%,1.5,3.0,"ST1(12,3.0)+ST2(12,4.0)",10000,10796.32,796.32,7.96,330.0,3.3,256.59000000000003,-121.66,142.55,-121.66,213.825,-121.66,69.23,30.77,2.64,61.26,13,9,4,0,2,2,1.5,1.5,0,0,0,0,87.77,1.5,5,0.5,1282.95,486.64,4.5%,"SOL_INR_5m_ST1(12,3.0)+ST2(12,4.0)_SL1.5pct_1-3",2,0
SOL/INR,5m,2026-09-17 to 2026-09-24 (7D),1963,7,2.0,12,4.0,"ST1(7,2.0)+ST2(12,4.0)",1.5%,1:3,1%,1.5,3.0,"ST1(7,2.0)+ST2(12,4.0)",10000,10795.72,795.72,7.96,319.0,3.19,230.022,-120.54,127.79,-120.54,191.685,-120.54,71.43,28.569999999999997,2.65,56.84,14,10,4,0,2,2,1.5,1.5,0,0,0,0,87.21,1.5,5,0.5,1277.9,482.16,4.5%,"SOL_INR_5m_ST1(7,2.0)+ST2(12,4.0)_SL1.5pct_1-3",2,0
SOL/INR,5m,2026-09-17 to 2026-09-24 (7D),1963,12,4.0,12,2.0,"ST1(12,4.0)+ST2(12,2.0)",1.5%,1:3,1%,1.5,3.0,"ST1(12,4.0)+ST2(12,2.0)",10000,10795.72,795.72,7.96,319.0,3.19,230.022,-120.54,127.79,-120.54,191.685,-120.54,71.43,28.569999999999997,2.65,56.84,14,10,4,0,2,2,1.5,1.5,0,0,0,0,87.21,1.5,5,0.5,1277.9,482.16,4.5%,"SOL_INR_5m_ST1(12,4.0)+ST2(12,2.0)_SL1.5pct_1-3",2,0
SOL/INR,5m,2026-09-17 to 2026-09-24 (7D),1963,12,4.0,7,2.0,"ST1(12,4.0)+ST2(7,2.0)",1.5%,1:3,1%,1.5,3.0,"ST1(12,4.0)+ST2(7,2.0)",10000,10795.72,795.72,7.96,319.0,3.19,230.022,-120.54,127.79,-120.54,191.685,-120.54,71.43,28.569999999999997,2.65,56.84,14,10,4,0,2,2,1.5,1.5,0,0,0,0,87.21,1.5,5,0.5,1277.9,482.16,4.5%,"SOL_INR_5m_ST1(12,4.0)+ST2(7,2.0)_SL1.5pct_1-3",2,0
SOL/INR,5m,2026-09-17 to 2026-09-24 (7D),1963,12,2.0,12,4.0,"ST1(12,2.0)+ST2(12,4.0)",1.5%,1:3,1%,1.5,3.0,"ST1(12,2.0)+ST2(12,4.0)",10000,10795.72,795.72,7.96,319.0,3.19,230.022,-120.54,127.79,-120.54,191.685,-120.54,71.43,28.569999999999997,2.65,56.84,14,10,4,0,2,2,1.5,1.5,0,0,0,0,87.21,1.5,5,0.5,1277.9,482.16,4.5%,"SOL_INR_5m_ST1(12,2.0)+ST2(12,4.0)_SL1.5pct_1-3",2,0
SOL/INR,5m,2026-09-17 to 2026-09-24 (7D),1963,10,2.0,12,4.0,"ST1(10,2.0)+ST2(12,4.0)",1.5%,1:3,1%,1.5,3.0,"ST1(10,2.0)+ST2(12,4.0)",10000,10795.72,795.72,7.96,319.0,3.19,230.022,-120.54,127.79,-120.54,191.685,-120.54,71.43,28.569999999999997,2.65,56.84,14,10,4,0,2,2,1.5,1.5,0,0,0,0,87.21,1.5,5,0.5,1277.9,482.16,4.5%,"SOL_INR_5m_ST1(10,2.0)+ST2(12,4.0)_SL1.5pct_1-3",2,0
SOL/INR,5m,2026-09-17 to 2026-09-24 (7D),1963,12,4.0,10,2.0,"ST1(12,4.0)+ST2(10,2.0)",1.5%,1:3,1%,1.5,3.0,"ST1(12,4.0)+ST2(10,2.0)",10000,10795.72,795.72,7.96,319.0,3.19,230.022,-120.54,127.79,-120.54,191.685,-120.54,71.43,28.569999999999997,2.65,56.84,14,10,4,0,2,2,1.5,1.5,0,0,0,0,87.21,1.5,5,0.5,1277.9,482.16,4.5%,"SOL_INR_5m_ST1(12,4.0)+ST2(10,2.0)_SL1.5pct_1-3",2,0
SOL/INR,30m,2026-07-25 to 2026-09-24 (60D),2872,10,3.0,14,3.5,"ST1(10,3.0)+ST2(14,3.5)",1.5%,1:3,1%,1.5,3.0,"ST1(10,3.0)+ST2(14,3.5)",10000,10793.43,793.43,7.93,593.0,5.93,250.092,-91.49,138.94,-91.49,208.41,-91.49,43.9,56.1,1.19,9.68,82,36,46,0,2,2,1.5,1.5,0,0,0,0,56.74,1.5,5,0.5,5001.84,4208.54,4.5%,"SOL_INR_30m_ST1(10,3.0)+ST2(14,3.5)_SL1.5pct_1-3",2,2
SOL/INR,30m,2026-07-25 to 2026-09-24 (60D),2872,14,3.5,10,3.0,"ST1(14,3.5)+ST2(10,3.0)",1.5%,1:3,1%,1.5,3.0,"ST1(14,3.5)+ST2(10,3.0)",10000,10793.43,793.43,7.93,593.0,5.93,250.092,-91.49,138.94,-91.49,208.41,-91.49,43.9,56.1,1.19,9.68,82,36,46,0,2,2,1.5,1.5,0,0,0,0,56.74,1.5,5,0.5,5001.84,4208.54,4.5%,"SOL_INR_30m_ST1(14,3.5)+ST2(10,3.0)_SL1.5pct_1-3",2,2
SOL/INR,30m,2026-07-25 to 2026-09-24 (60D),2872,10,4.0,14,2.0,"ST1(10,4.0)+ST2(14,2.0)",1.5%,1:3,1%,1.5,3.0,"ST1(10,4.0)+ST2(14,2.0)",10000,10791.69,791.69,7.92,649.0,6.49,274.464,-92.27,152.48,-92.27,228.72,-92.27,42.25,57.75,1.21,11.15,71,30,41,0,2,2,1.5,1.5,0,0,0,0,50.78,1.5,5,0.5,4574.4,3783.07,4.5%,"SOL_INR_30m_ST1(10,4.0)+ST2(14,2.0)_SL1.5pct_1-3",2,2
SOL/INR,30m,2026-07-25 to 2026-09-24 (60D),2872,14,2.0,10,4.0,"ST1(14,2.0)+ST2(10,4.0)",1.5%,1:3,1%,1.5,3.0,"ST1(14,2.0)+ST2(10,4.0)",10000,10791.69,791.69,7.92,649.0,6.49,274.464,-92.27,152.48,-92.27,228.72,-92.27,42.25,57.75,1.21,11.15,71,30,41,0,2,2,1.5,1.5,0,0,0,0,50.78,1.5,5,0.5,4574.4,3783.07,4.5%,"SOL_INR_30m_ST1(14,2.0)+ST2(10,4.0)_SL1.5pct_1-3",2,2
SOL/INR,5m,2026-09-17 to 2026-09-24 (7D),1963,12,4.0,7,3.5,"ST1(12,4.0)+ST2(7,3.5)",1.5%,1:3,1%,1.5,3.0,"ST1(12,4.0)+ST2(7,3.5)",10000,10779.66,779.66,7.8,330.0,3.3,262.872,-106.94,146.04,-106.94,219.06,-106.94,64.29,35.709999999999994,2.46,55.69,14,9,5,0,2,2,1.5,1.5,0,0,0,0,88.84,1.5,5,0.5,1314.36,534.7,4.5%,"SOL_INR_5m_ST1(12,4.0)+ST2(7,3.5)_SL1.5pct_1-3",2,0
SOL/INR,5m,2026-09-17 to 2026-09-24 (7D),1963,7,3.5,12,4.0,"ST1(7,3.5)+ST2(12,4.0)",1.5%,1:3,1%,1.5,3.0,"ST1(7,3.5)+ST2(12,4.0)",10000,10779.66,779.66,7.8,330.0,3.3,262.872,-106.94,146.04,-106.94,219.06,-106.94,64.29,35.709999999999994,2.46,55.69,14,9,5,0,2,2,1.5,1.5,0,0,0,0,88.84,1.5,5,0.5,1314.36,534.7,4.5%,"SOL_INR_5m_ST1(7,3.5)+ST2(12,4.0)_SL1.5pct_1-3",2,0
SOL/INR,30m,2026-07-25 to 2026-09-24 (60D),2872,7,3.0,7,4.0,"ST1(7,3.0)+ST2(7,4.0)",1.5%,1:3,1%,1.5,3.0,"ST1(7,3.0)+ST2(7,4.0)",10000,10778.18,778.18,7.78,784.0,7.84,262.926,-92.22,146.07,-92.22,219.105,-92.22,42.68,57.32,1.18,9.49,82,35,47,0,2,2,1.5,1.5,0,0,0,0,56.88,1.5,5,0.5,5112.45,4334.34,4.5%,"SOL_INR_30m_ST1(7,3.0)+ST2(7,4.0)_SL1.5pct_1-3",2,2
SOL/INR,30m,2026-07-25 to 2026-09-24 (60D),2872,7,4.0,7,3.0,"ST1(7,4.0)+ST2(7,3.0)",1.5%,1:3,1%,1.5,3.0,"ST1(7,4.0)+ST2(7,3.0)",10000,10778.18,778.18,7.78,784.0,7.84,262.926,-92.22,146.07,-92.22,219.105,-92.22,42.68,57.32,1.18,9.49,82,35,47,0,2,2,1.5,1.5,0,0,0,0,56.88,1.5,5,0.5,5112.45,4334.34,4.5%,"SOL_INR_30m_ST1(7,4.0)+ST2(7,3.0)_SL1.5pct_1-3",2,2
SOL/INR,5m,2026-09-17 to 2026-09-24 (7D),1963,12,4.0,7,4.0,"ST1(12,4.0)+ST2(7,4.0)",1.5%,1:3,1%,1.5,3.0,"ST1(12,4.0)+ST2(7,4.0)",10000,10773.74,773.74,7.74,184.0,1.84,236.052,-101.64,131.14,-101.64,196.71,-101.64,69.23,30.77,2.9,59.52,13,9,4,0,2,2,1.5,1.5,0,0,0,0,83.23,1.5,5,0.5,1180.2599999999998,406.56,4.5%,"SOL_INR_5m_ST1(12,4.0)+ST2(7,4.0)_SL1.5pct_1-3",2,0
SOL/INR,5m,2026-09-17 to 2026-09-24 (7D),1963,7,4.0,12,4.0,"ST1(7,4.0)+ST2(12,4.0)",1.5%,1:3,1%,1.5,3.0,"ST1(7,4.0)+ST2(12,4.0)",10000,10773.74,773.74,7.74,184.0,1.84,236.052,-101.64,131.14,-101.64,196.71,-101.64,69.23,30.77,2.9,59.52,13,9,4,0,2,2,1.5,1.5,0,0,0,0,83.23,1.5,5,0.5,1180.2599999999998,406.56,4.5%,"SOL_INR_5m_ST1(7,4.0)+ST2(12,4.0)_SL1.5pct_1-3",2,0
SOL/INR,5m,2026-09-17 to 2026-09-24 (7D),1963,7,3.0,14,4.0,"ST1(7,3.0)+ST2(14,4.0)",1.5%,1:3,1%,1.5,3.0,"ST1(7,3.0)+ST2(14,4.0)",10000,10767.41,767.41,7.67,330.0,3.3,250.56,-121.34,139.2,-121.34,208.8,-121.34,69.23,30.77,2.58,59.03,13,9,4,0,2,2,1.5,1.5,0,0,0,0,85.27,1.5,5,0.5,1252.8,485.36,4.5%,"SOL_INR_5m_ST1(7,3.0)+ST2(14,4.0)_SL1.5pct_1-3",2,0
SOL/INR,5m,2026-09-17 to 2026-09-24 (7D),1963,10,3.0,14,4.0,"ST1(10,3.0)+ST2(14,4.0)",1.5%,1:3,1%,1.5,3.0,"ST1(10,3.0)+ST2(14,4.0)",10000,10767.41,767.41,7.67,330.0,3.3,250.56,-121.34,139.2,-121.34,208.8,-121.34,69.23,30.77,2.58,59.03,13,9,4,0,2,2,1.5,1.5,0,0,0,0,86.14,1.5,5,0.5,1252.8,485.36,4.5%,"SOL_INR_5m_ST1(10,3.0)+ST2(14,4.0)_SL1.5pct_1-3",2,0
SOL/INR,5m,2026-09-17 to 2026-09-24 (7D),1963,12,3.0,14,4.0,"ST1(12,3.0)+ST2(14,4.0)",1.5%,1:3,1%,1.5,3.0,"ST1(12,3.0)+ST2(14,4.0)",10000,10767.41,767.41,7.67,330.0,3.3,250.56,-121.34,139.2,-121.34,208.8,-121.34,69.23,30.77,2.58,59.03,13,9,4,0,2,2,1.5,1.5,0,0,0,0,86.14,1.5,5,0.5,1252.8,485.36,4.5%,"SOL_INR_5m_ST1(12,3.0)+ST2(14,4.0)_SL1.5pct_1-3",2,0
SOL/INR,5m,2026-09-17 to 2026-09-24 (7D),1963,14,4.0,12,3.0,"ST1(14,4.0)+ST2(12,3.0)",1.5%,1:3,1%,1.5,3.0,"ST1(14,4.0)+ST2(12,3.0)",10000,10767.41,767.41,7.67,330.0,3.3,250.56,-121.34,139.2,-121.34,208.8,-121.34,69.23,30.77,2.58,59.03,13,9,4,0,2,2,1.5,1.5,0,0,0,0,86.14,1.5,5,0.5,1252.8,485.36,4.5%,"SOL_INR_5m_ST1(14,4.0)+ST2(12,3.0)_SL1.5pct_1-3",2,0
SOL/INR,5m,2026-09-17 to 2026-09-24 (7D),1963,14,4.0,7,3.0,"ST1(14,4.0)+ST2(7,3.0)",1.5%,1:3,1%,1.5,3.0,"ST1(14,4.0)+ST2(7,3.0)",10000,10767.41,767.41,7.67,330.0,3.3,250.56,-121.34,139.2,-121.34,208.8,-121.34,69.23,30.77,2.58,59.03,13,9,4,0,2,2,1.5,1.5,0,0,0,0,85.27,1.5,5,0.5,1252.8,485.36,4.5%,"SOL_INR_5m_ST1(14,4.0)+ST2(7,3.0)_SL1.5pct_1-3",2,0
SOL/INR,5m,2026-09-17 to 2026-09-24 (7D),1963,14,3.0,14,4.0,"ST1(14,3.0)+ST2(14,4.0)",1.5%,1:3,1%,1.5,3.0,"ST1(14,3.0)+ST2(14,4.0)",10000,10767.41,767.41,7.67,330.0,3.3,250.56,-121.34,139.2,-121.34,208.8,-121.34,69.23,30.77,2.58,59.03,13,9,4,0,2,2,1.5,1.5,0,0,0,0,84.66,1.5,5,0.5,1252.8,485.36,4.5%,"SOL_INR_5m_ST1(14,3.0)+ST2(14,4.0)_SL1.5pct_1-3",2,0
SOL/INR,5m,2026-09-17 to 2026-09-24 (7D),1963,14,4.0,14,3.0,"ST1(14,4.0)+ST2(14,3.0)",1.5%,1:3,1%,1.5,3.0,"ST1(14,4.0)+ST2(14,3.0)",10000,10767.41,767.41,7.67,330.0,3.3,250.56,-121.34,139.2,-121.34,208.8,-121.34,69.23,30.77,2.58,59.03,13,9,4,0,2,2,1.5,1.5,0,0,0,0,84.66,1.5,5,0.5,1252.8,485.36,4.5%,"SOL_INR_5m_ST1(14,4.0)+ST2(14,3.0)_SL1.5pct_1-3",2,0
SOL/INR,5m,2026-09-17 to 2026-09-24 (7D),1963,14,4.0,10,3.0,"ST1(14,4.0)+ST2(10,3.0)",1.5%,1:3,1%,1.5,3.0,"ST1(14,4.0)+ST2(10,3.0)",10000,10767.41,767.41,7.67,330.0,3.3,250.56,-121.34,139.2,-121.34,208.8,-121.34,69.23,30.77,2.58,59.03,13,9,4,0,2,2,1.5,1.5,0,0,0,0,86.14,1.5,5,0.5,1252.8,485.36,4.5%,"SOL_INR_5m_ST1(14,4.0)+ST2(10,3.0)_SL1.5pct_1-3",2,0
SOL/INR,5m,2026-09-17 to 2026-09-24 (7D),1963,12,2.0,14,4.0,"ST1(12,2.0)+ST2(14,4.0)",1.5%,1:3,1%,1.5,3.0,"ST1(12,2.0)+ST2(14,4.0)",10000,10766.81,766.81,7.67,319.0,3.19,224.586,-120.22,124.77,-120.22,187.155,-120.22,71.43,28.569999999999997,2.59,54.77,14,10,4,0,2,2,1.5,1.5,0,0,0,0,85.58,1.5,5,0.5,1247.7,480.88,4.5%,"SOL_INR_5m_ST1(12,2.0)+ST2(14,4.0)_SL1.5pct_1-3",2,0
SOL/INR,5m,2026-09-17 to 2026-09-24 (7D),1963,10,2.0,14,4.0,"ST1(10,2.0)+ST2(14,4.0)",1.5%,1:3,1%,1.5,3.0,"ST1(10,2.0)+ST2(14,4.0)",10000,10766.81,766.81,7.67,319.0,3.19,224.586,-120.22,124.77,-120.22,187.155,-120.22,71.43,28.569999999999997,2.59,54.77,14,10,4,0,2,2,1.5,1.5,0,0,0,0,85.58,1.5,5,0.5,1247.7,480.88,4.5%,"SOL_INR_5m_ST1(10,2.0)+ST2(14,4.0)_SL1.5pct_1-3",2,0
SOL/INR,5m,2026-09-17 to 2026-09-24 (7D),1963,14,4.0,10,2.0,"ST1(14,4.0)+ST2(10,2.0)",1.5%,1:3,1%,1.5,3.0,"ST1(14,4.0)+ST2(10,2.0)",10000,10766.81,766.81,7.67,319.0,3.19,224.586,-120.22,124.77,-120.22,187.155,-120.22,71.43,28.569999999999997,2.59,54.77,14,10,4,0,2,2,1.5,1.5,0,0,0,0,85.58,1.5,5,0.5,1247.7,480.88,4.5%,"SOL_INR_5m_ST1(14,4.0)+ST2(10,2.0)_SL1.5pct_1-3",2,0
SOL/INR,5m,2026-09-17 to 2026-09-24 (7D),1963,14,4.0,7,2.0,"ST1(14,4.0)+ST2(7,2.0)",1.5%,1:3,1%,1.5,3.0,"ST1(14,4.0)+ST2(7,2.0)",10000,10766.81,766.81,7.67,319.0,3.19,224.586,-120.22,124.77,-120.22,187.155,-120.22,71.43,28.569999999999997,2.59,54.77,14,10,4,0,2,2,1.5,1.5,0,0,0,0,85.58,1.5,5,0.5,1247.7,480.88,4.5%,"SOL_INR_5m_ST1(14,4.0)+ST2(7,2.0)_SL1.5pct_1-3",2,0
SOL/INR,5m,2026-09-17 to 2026-09-24 (7D),1963,14,4.0,12,2.0,"ST1(14,4.0)+ST2(12,2.0)",1.5%,1:3,1%,1.5,3.0,"ST1(14,4.0)+ST2(12,2.0)",10000,10766.81,766.81,7.67,319.0,3.19,224.586,-120.22,124.77,-120.22,187.155,-120.22,71.43,28.569999999999997,2.59,54.77,14,10,4,0,2,2,1.5,1.5,0,0,0,0,85.58,1.5,5,0.5,1247.7,480.88,4.5%,"SOL_INR_5m_ST1(14,4.0)+ST2(12,2.0)_SL1.5pct_1-3",2,0
SOL/INR,5m,2026-09-17 to 2026-09-24 (7D),1963,7,2.0,14,4.0,"ST1(7,2.0)+ST2(14,4.0)",1.5%,1:3,1%,1.5,3.0,"ST1(7,2.0)+ST2(14,4.0)",10000,10766.81,766.81,7.67,319.0,3.19,224.586,-120.22,124.77,-120.22,187.155,-120.22,71.43,28.569999999999997,2.59,54.77,14,10,4,0,2,2,1.5,1.5,0,0,0,0,85.58,1.5,5,0.5,1247.7,480.88,4.5%,"SOL_INR_5m_ST1(7,2.0)+ST2(14,4.0)_SL1.5pct_1-3",2,0
SOL/INR,5m,2026-09-17 to 2026-09-24 (7D),1963,14,4.0,7,3.5,"ST1(14,4.0)+ST2(7,3.5)",1.5%,1:3,1%,1.5,3.0,"ST1(14,4.0)+ST2(7,3.5)",10000,10750.79,750.79,7.51,330.0,3.3,256.824,-106.66,142.68,-106.66,214.02,-106.66,64.29,35.709999999999994,2.41,53.63,14,9,5,0,2,2,1.5,1.5,0,0,0,0,87.21,1.5,5,0.5,1284.12,533.3,4.5%,"SOL_INR_5m_ST1(14,4.0)+ST2(7,3.5)_SL1.5pct_1-3",2,0
SOL/INR,5m,2026-09-17 to 2026-09-24 (7D),1963,7,3.5,14,4.0,"ST1(7,3.5)+ST2(14,4.0)",1.5%,1:3,1%,1.5,3.0,"ST1(7,3.5)+ST2(14,4.0)",10000,10750.79,750.79,7.51,330.0,3.3,256.824,-106.66,142.68,-106.66,214.02,-106.66,64.29,35.709999999999994,2.41,53.63,14,9,5,0,2,2,1.5,1.5,0,0,0,0,87.21,1.5,5,0.5,1284.12,533.3,4.5%,"SOL_INR_5m_ST1(7,3.5)+ST2(14,4.0)_SL1.5pct_1-3",2,0
SOL/INR,30m,2026-07-25 to 2026-09-24 (60D),2872,12,4.0,10,3.0,"ST1(12,4.0)+ST2(10,3.0)",1.5%,1:3,1%,1.5,3.0,"ST1(12,4.0)+ST2(10,3.0)",10000,10747.19,747.19,7.47,798.0,7.98,268.002,-94.98,148.89,-94.98,223.335,-94.98,42.68,57.32,1.17,9.11,82,35,47,0,2,2,1.5,1.5,0,0,0,0,55.38,1.5,5,0.5,5211.15,4464.06,4.5%,"SOL_INR_30m_ST1(12,4.0)+ST2(10,3.0)_SL1.5pct_1-3",2,2
SOL/INR,30m,2026-07-25 to 2026-09-24 (60D),2872,10,3.0,12,4.0,"ST1(10,3.0)+ST2(12,4.0)",1.5%,1:3,1%,1.5,3.0,"ST1(10,3.0)+ST2(12,4.0)",10000,10747.19,747.19,7.47,798.0,7.98,268.002,-94.98,148.89,-94.98,223.335,-94.98,42.68,57.32,1.17,9.11,82,35,47,0,2,2,1.5,1.5,0,0,0,0,55.38,1.5,5,0.5,5211.15,4464.06,4.5%,"SOL_INR_30m_ST1(10,3.0)+ST2(12,4.0)_SL1.5pct_1-3",2,2
SOL/INR,30m,2026-07-25 to 2026-09-24 (60D),2872,7,4.0,10,3.0,"ST1(7,4.0)+ST2(10,3.0)",1.5%,1:3,1%,1.5,3.0,"ST1(7,4.0)+ST2(10,3.0)",10000,10724.68,724.68,7.25,784.0,7.84,261.81,-90.96,145.45,-90.96,218.175,-90.96,42.17,57.83,1.17,8.73,83,35,48,0,2,2,1.5,1.5,0,0,0,0,58.2,1.5,5,0.5,5090.75,4366.08,4.5%,"SOL_INR_30m_ST1(7,4.0)+ST2(10,3.0)_SL1.5pct_1-3",2,2
SOL/INR,30m,2026-07-25 to 2026-09-24 (60D),2872,10,3.0,7,4.0,"ST1(10,3.0)+ST2(7,4.0)",1.5%,1:3,1%,1.5,3.0,"ST1(10,3.0)+ST2(7,4.0)",10000,10724.68,724.68,7.25,784.0,7.84,261.81,-90.96,145.45,-90.96,218.175,-90.96,42.17,57.83,1.17,8.73,83,35,48,0,2,2,1.5,1.5,0,0,0,0,58.2,1.5,5,0.5,5090.75,4366.08,4.5%,"SOL_INR_30m_ST1(10,3.0)+ST2(7,4.0)_SL1.5pct_1-3",2,2
SOL/INR,30m,2026-07-25 to 2026-09-24 (60D),2872,12,3.5,12,3.0,"ST1(12,3.5)+ST2(12,3.0)",1.5%,1:3,1%,1.5,3.0,"ST1(12,3.5)+ST2(12,3.0)",10000,10723.7,723.7,7.24,697.0,6.97,244.692,-93.61,135.94,-93.61,203.91,-93.61,44.58,55.42,1.17,8.72,83,37,46,0,2,2,1.5,1.5,0,0,0,0,56.18,1.5,5,0.5,5029.78,4306.06,4.5%,"SOL_INR_30m_ST1(12,3.5)+ST2(12,3.0)_SL1.5pct_1-3",2,2
SOL/INR,30m,2026-07-25 to 2026-09-24 (60D),2872,12,3.0,12,3.5,"ST1(12,3.0)+ST2(12,3.5)",1.5%,1:3,1%,1.5,3.0,"ST1(12,3.0)+ST2(12,3.5)",10000,10723.7,723.7,7.24,697.0,6.97,244.692,-93.61,135.94,-93.61,203.91,-93.61,44.58,55.42,1.17,8.72,83,37,46,0,2,2,1.5,1.5,0,0,0,0,56.18,1.5,5,0.5,5029.78,4306.06,4.5%,"SOL_INR_30m_ST1(12,3.0)+ST2(12,3.5)_SL1.5pct_1-3",2,2
BTC/INR,5m,2026-09-17 to 2026-09-24 (7D),1963,12,4.0,14,3.0,"ST1(12,4.0)+ST2(14,3.0)",1.5%,1:3,1%,1.5,3.0,"ST1(12,4.0)+ST2(14,3.0)",10000,10719.74,719.74,7.2,111.0,1.11,190.278,-62.96,105.71,-62.96,158.565,-62.96,80.0,20.0,6.72,71.97,10,8,2,0,2,2,1.5,1.5,0,0,0,0,88.69,1.5,5,0.5,845.68,125.92,4.5%,"BTC_INR_5m_ST1(12,4.0)+ST2(14,3.0)_SL1.5pct_1-3",0,0
BTC/INR,5m,2026-09-17 to 2026-09-24 (7D),1963,14,3.0,10,4.0,"ST1(14,3.0)+ST2(10,4.0)",1.5%,1:3,1%,1.5,3.0,"ST1(14,3.0)+ST2(10,4.0)",10000,10719.74,719.74,7.2,111.0,1.11,190.278,-62.96,105.71,-62.96,158.565,-62.96,80.0,20.0,6.72,71.97,10,8,2,0,2,2,1.5,1.5,0,0,0,0,88.69,1.5,5,0.5,845.68,125.92,4.5%,"BTC_INR_5m_ST1(14,3.0)+ST2(10,4.0)_SL1.5pct_1-3",0,0
BTC/INR,5m,2026-09-17 to 2026-09-24 (7D),1963,14,4.0,10,3.0,"ST1(14,4.0)+ST2(10,3.0)",1.5%,1:3,1%,1.5,3.0,"ST1(14,4.0)+ST2(10,3.0)",10000,10719.74,719.74,7.2,111.0,1.11,190.278,-62.96,105.71,-62.96,158.565,-62.96,80.0,20.0,6.72,71.97,10,8,2,0,2,2,1.5,1.5,0,0,0,0,88.69,1.5,5,0.5,845.68,125.92,4.5%,"BTC_INR_5m_ST1(14,4.0)+ST2(10,3.0)_SL1.5pct_1-3",0,0
BTC/INR,5m,2026-09-17 to 2026-09-24 (7D),1963,14,3.0,14,4.0,"ST1(14,3.0)+ST2(14,4.0)",1.5%,1:3,1%,1.5,3.0,"ST1(14,3.0)+ST2(14,4.0)",10000,10719.74,719.74,7.2,111.0,1.11,190.278,-62.96,105.71,-62.96,158.565,-62.96,80.0,20.0,6.72,71.97,10,8,2,0,2,2,1.5,1.5,0,0,0,0,88.69,1.5,5,0.5,845.68,125.92,4.5%,"BTC_INR_5m_ST1(14,3.0)+ST2(14,4.0)_SL1.5pct_1-3",0,0
BTC/INR,5m,2026-09-17 to 2026-09-24 (7D),1963,14,3.0,12,4.0,"ST1(14,3.0)+ST2(12,4.0)",1.5%,1:3,1%,1.5,3.0,"ST1(14,3.0)+ST2(12,4.0)",10000,10719.74,719.74,7.2,111.0,1.11,190.278,-62.96,105.71,-62.96,158.565,-62.96,80.0,20.0,6.72,71.97,10,8,2,0,2,2,1.5,1.5,0,0,0,0,88.69,1.5,5,0.5,845.68,125.92,4.5%,"BTC_INR_5m_ST1(14,3.0)+ST2(12,4.0)_SL1.5pct_1-3",0,0
BTC/INR,5m,2026-09-17 to 2026-09-24 (7D),1963,12,4.0,12,3.0,"ST1(12,4.0)+ST2(12,3.0)",1.5%,1:3,1%,1.5,3.0,"ST1(12,4.0)+ST2(12,3.0)",10000,10719.74,719.74,7.2,111.0,1.11,190.278,-62.96,105.71,-62.96,158.565,-62.96,80.0,20.0,6.72,71.97,10,8,2,0,2,2,1.5,1.5,0,0,0,0,88.69,1.5,5,0.5,845.68,125.92,4.5%,"BTC_INR_5m_ST1(12,4.0)+ST2(12,3.0)_SL1.5pct_1-3",0,0
BTC/INR,5m,2026-09-17 to 2026-09-24 (7D),1963,14,4.0,12,3.0,"ST1(14,4.0)+ST2(12,3.0)",1.5%,1:3,1%,1.5,3.0,"ST1(14,4.0)+ST2(12,3.0)",10000,10719.74,719.74,7.2,111.0,1.11,190.278,-62.96,105.71,-62.96,158.565,-62.96,80.0,20.0,6.72,71.97,10,8,2,0,2,2,1.5,1.5,0,0,0,0,88.69,1.5,5,0.5,845.68,125.92,4.5%,"BTC_INR_5m_ST1(14,4.0)+ST2(12,3.0)_SL1.5pct_1-3",0,0
BTC/INR,5m,2026-09-17 to 2026-09-24 (7D),1963,14,4.0,14,3.0,"ST1(14,4.0)+ST2(14,3.0)",1.5%,1:3,1%,1.5,3.0,"ST1(14,4.0)+ST2(14,3.0)",10000,10719.74,719.74,7.2,111.0,1.11,190.278,-62.96,105.71,-62.96,158.565,-62.96,80.0,20.0,6.72,71.97,10,8,2,0,2,2,1.5,1.5,0,0,0,0,88.69,1.5,5,0.5,845.68,125.92,4.5%,"BTC_INR_5m_ST1(14,4.0)+ST2(14,3.0)_SL1.5pct_1-3",0,0
BTC/INR,5m,2026-09-17 to 2026-09-24 (7D),1963,10,4.0,10,3.0,"ST1(10,4.0)+ST2(10,3.0)",1.5%,1:3,1%,1.5,3.0,"ST1(10,4.0)+ST2(10,3.0)",10000,10719.74,719.74,7.2,111.0,1.11,190.278,-62.96,105.71,-62.96,158.565,-62.96,80.0,20.0,6.72,71.97,10,8,2,0,2,2,1.5,1.5,0,0,0,0,88.69,1.5,5,0.5,845.68,125.92,4.5%,"BTC_INR_5m_ST1(10,4.0)+ST2(10,3.0)_SL1.5pct_1-3",0,0
BTC/INR,5m,2026-09-17 to 2026-09-24 (7D),1963,10,4.0,12,3.0,"ST1(10,4.0)+ST2(12,3.0)",1.5%,1:3,1%,1.5,3.0,"ST1(10,4.0)+ST2(12,3.0)",10000,10719.74,719.74,7.2,111.0,1.11,190.278,-62.96,105.71,-62.96,158.565,-62.96,80.0,20.0,6.72,71.97,10,8,2,0,2,2,1.5,1.5,0,0,0,0,88.69,1.5,5,0.5,845.68,125.92,4.5%,"BTC_INR_5m_ST1(10,4.0)+ST2(12,3.0)_SL1.5pct_1-3",0,0
BTC/INR,5m,2026-09-17 to 2026-09-24 (7D),1963,10,3.0,10,4.0,"ST1(10,3.0)+ST2(10,4.0)",1.5%,1:3,1%,1.5,3.0,"ST1(10,3.0)+ST2(10,4.0)",10000,10719.74,719.74,7.2,111.0,1.11,190.278,-62.96,105.71,-62.96,158.565,-62.96,80.0,20.0,6.72,71.97,10,8,2,0,2,2,1.5,1.5,0,0,0,0,88.69,1.5,5,0.5,845.68,125.92,4.5%,"BTC_INR_5m_ST1(10,3.0)+ST2(10,4.0)_SL1.5pct_1-3",0,0
BTC/INR,5m,2026-09-17 to 2026-09-24 (7D),1963,10,3.0,12,4.0,"ST1(10,3.0)+ST2(12,4.0)",1.5%,1:3,1%,1.5,3.0,"ST1(10,3.0)+ST2(12,4.0)",10000,10719.74,719.74,7.2,111.0,1.11,190.278,-62.96,105.71,-62.96,158.565,-62.96,80.0,20.0,6.72,71.97,10,8,2,0,2,2,1.5,1.5,0,0,0,0,88.69,1.5,5,0.5,845.68,125.92,4.5%,"BTC_INR_5m_ST1(10,3.0)+ST2(12,4.0)_SL1.5pct_1-3",0,0
BTC/INR,5m,2026-09-17 to 2026-09-24 (7D),1963,10,3.0,14,4.0,"ST1(10,3.0)+ST2(14,4.0)",1.5%,1:3,1%,1.5,3.0,"ST1(10,3.0)+ST2(14,4.0)",10000,10719.74,719.74,7.2,111.0,1.11,190.278,-62.96,105.71,-62.96,158.565,-62.96,80.0,20.0,6.72,71.97,10,8,2,0,2,2,1.5,1.5,0,0,0,0,88.69,1.5,5,0.5,845.68,125.92,4.5%,"BTC_INR_5m_ST1(10,3.0)+ST2(14,4.0)_SL1.5pct_1-3",0,0
BTC/INR,5m,2026-09-17 to 2026-09-24 (7D),1963,12,4.0,10,3.0,"ST1(12,4.0)+ST2(10,3.0)",1.5%,1:3,1%,1.5,3.0,"ST1(12,4.0)+ST2(10,3.0)",10000,10719.74,719.74,7.2,111.0,1.11,190.278,-62.96,105.71,-62.96,158.565,-62.96,80.0,20.0,6.72,71.97,10,8,2,0,2,2,1.5,1.5,0,0,0,0,88.69,1.5,5,0.5,845.68,125.92,4.5%,"BTC_INR_5m_ST1(12,4.0)+ST2(10,3.0)_SL1.5pct_1-3",0,0
BTC/INR,5m,2026-09-17 to 2026-09-24 (7D),1963,12,3.0,14,4.0,"ST1(12,3.0)+ST2(14,4.0)",1.5%,1:3,1%,1.5,3.0,"ST1(12,3.0)+ST2(14,4.0)",10000,10719.74,719.74,7.2,111.0,1.11,190.278,-62.96,105.71,-62.96,158.565,-62.96,80.0,20.0,6.72,71.97,10,8,2,0,2,2,1.5,1.5,0,0,0,0,88.69,1.5,5,0.5,845.68,125.92,4.5%,"BTC_INR_5m_ST1(12,3.0)+ST2(14,4.0)_SL1.5pct_1-3",0,0
BTC/INR,5m,2026-09-17 to 2026-09-24 (7D),1963,12,3.0,12,4.0,"ST1(12,3.0)+ST2(12,4.0)",1.5%,1:3,1%,1.5,3.0,"ST1(12,3.0)+ST2(12,4.0)",10000,10719.74,719.74,7.2,111.0,1.11,190.278,-62.96,105.71,-62.96,158.565,-62.96,80.0,20.0,6.72,71.97,10,8,2,0,2,2,1.5,1.5,0,0,0,0,88.69,1.5,5,0.5,845.68,125.92,4.5%,"BTC_INR_5m_ST1(12,3.0)+ST2(12,4.0)_SL1.5pct_1-3",0,0
BTC/INR,5m,2026-09-17 to 2026-09-24 (7D),1963,12,3.0,10,4.0,"ST1(12,3.0)+ST2(10,4.0)",1.5%,1:3,1%,1.5,3.0,"ST1(12,3.0)+ST2(10,4.0)",10000,10719.74,719.74,7.2,111.0,1.11,190.278,-62.96,105.71,-62.96,158.565,-62.96,80.0,20.0,6.72,71.97,10,8,2,0,2,2,1.5,1.5,0,0,0,0,88.69,1.5,5,0.5,845.68,125.92,4.5%,"BTC_INR_5m_ST1(12,3.0)+ST2(10,4.0)_SL1.5pct_1-3",0,0
BTC/INR,5m,2026-09-17 to 2026-09-24 (7D),1963,10,4.0,14,3.0,"ST1(10,4.0)+ST2(14,3.0)",1.5%,1:3,1%,1.5,3.0,"ST1(10,4.0)+ST2(14,3.0)",10000,10719.74,719.74,7.2,111.0,1.11,190.278,-62.96,105.71,-62.96,158.565,-62.96,80.0,20.0,6.72,71.97,10,8,2,0,2,2,1.5,1.5,0,0,0,0,88.69,1.5,5,0.5,845.68,125.92,4.5%,"BTC_INR_5m_ST1(10,4.0)+ST2(14,3.0)_SL1.5pct_1-3",0,0
SOL/INR,30m,2026-07-25 to 2026-09-24 (60D),2872,10,3.0,7,3.5,"ST1(10,3.0)+ST2(7,3.5)",1.5%,1:3,1%,1.5,3.0,"ST1(10,3.0)+ST2(7,3.5)",10000,10716.02,716.02,7.16,681.0,6.81,263.43,-91.8,146.35,-91.8,219.525,-91.8,42.17,57.83,1.16,8.63,83,35,48,0,2,2,1.5,1.5,0,0,0,0,58.69,1.5,5,0.5,5122.25,4406.4,4.5%,"SOL_INR_30m_ST1(10,3.0)+ST2(7,3.5)_SL1.5pct_1-3",2,2
SOL/INR,30m,2026-07-25 to 2026-09-24 (60D),2872,7,3.5,10,3.0,"ST1(7,3.5)+ST2(10,3.0)",1.5%,1:3,1%,1.5,3.0,"ST1(7,3.5)+ST2(10,3.0)",10000,10716.02,716.02,7.16,681.0,6.81,263.43,-91.8,146.35,-91.8,219.525,-91.8,42.17,57.83,1.16,8.63,83,35,48,0,2,2,1.5,1.5,0,0,0,0,58.69,1.5,5,0.5,5122.25,4406.4,4.5%,"SOL_INR_30m_ST1(7,3.5)+ST2(10,3.0)_SL1.5pct_1-3",2,2
SOL/INR,30m,2026-07-25 to 2026-09-24 (60D),2872,12,3.5,7,2.0,"ST1(12,3.5)+ST2(7,2.0)",1.5%,1:3,1%,1.5,3.0,"ST1(12,3.5)+ST2(7,2.0)",10000,10709.58,709.58,7.1,866.0,8.66,255.492,-88.32,141.94,-88.32,212.91,-88.32,42.31,57.69,1.18,9.1,78,33,45,0,2,2,1.5,1.5,0,0,0,0,55.0,1.5,5,0.5,4684.02,3974.4,4.5%,"SOL_INR_30m_ST1(12,3.5)+ST2(7,2.0)_SL1.5pct_1-3",2,2
SOL/INR,30m,2026-07-25 to 2026-09-24 (60D),2872,7,2.0,12,3.5,"ST1(7,2.0)+ST2(12,3.5)",1.5%,1:3,1%,1.5,3.0,"ST1(7,2.0)+ST2(12,3.5)",10000,10709.58,709.58,7.1,866.0,8.66,255.492,-88.32,141.94,-88.32,212.91,-88.32,42.31,57.69,1.18,9.1,78,33,45,0,2,2,1.5,1.5,0,0,0,0,55.0,1.5,5,0.5,4684.02,3974.4,4.5%,"SOL_INR_30m_ST1(7,2.0)+ST2(12,3.5)_SL1.5pct_1-3",2,2
SOL/INR,30m,2026-07-25 to 2026-09-24 (60D),2872,7,2.0,14,4.0,"ST1(7,2.0)+ST2(14,4.0)",1.5%,1:3,1%,1.5,3.0,"ST1(7,2.0)+ST2(14,4.0)",10000,10704.28,704.28,7.04,784.0,7.84,279.018,-89.16,155.01,-89.16,232.515,-89.16,40.26,59.74,1.17,9.15,77,31,46,0,2,2,1.5,1.5,0,0,0,0,54.27,1.5,5,0.5,4805.31,4101.36,4.5%,"SOL_INR_30m_ST1(7,2.0)+ST2(14,4.0)_SL1.5pct_1-3",2,2
SOL/INR,30m,2026-07-25 to 2026-09-24 (60D),2872,14,4.0,7,2.0,"ST1(14,4.0)+ST2(7,2.0)",1.5%,1:3,1%,1.5,3.0,"ST1(14,4.0)+ST2(7,2.0)",10000,10704.28,704.28,7.04,784.0,7.84,279.018,-89.16,155.01,-89.16,232.515,-89.16,40.26,59.74,1.17,9.15,77,31,46,0,2,2,1.5,1.5,0,0,0,0,54.27,1.5,5,0.5,4805.31,4101.36,4.5%,"SOL_INR_30m_ST1(14,4.0)+ST2(7,2.0)_SL1.5pct_1-3",2,2
BTC/INR,5m,2026-09-17 to 2026-09-24 (7D),1963,10,4.0,10,2.0,"ST1(10,4.0)+ST2(10,2.0)",1.5%,1:3,1%,1.5,3.0,"ST1(10,4.0)+ST2(10,2.0)",10000,10703.06,703.06,7.03,118.0,1.18,216.126,-45.81,120.07,-45.81,180.105,-45.81,70.0,30.0,6.12,70.31,10,7,3,0,2,2,1.5,1.5,0,0,0,0,82.06,1.5,5,0.5,840.49,137.43,4.5%,"BTC_INR_5m_ST1(10,4.0)+ST2(10,2.0)_SL1.5pct_1-3",0,0
BTC/INR,5m,2026-09-17 to 2026-09-24 (7D),1963,12,4.0,10,2.0,"ST1(12,4.0)+ST2(10,2.0)",1.5%,1:3,1%,1.5,3.0,"ST1(12,4.0)+ST2(10,2.0)",10000,10703.06,703.06,7.03,118.0,1.18,216.126,-45.81,120.07,-45.81,180.105,-45.81,70.0,30.0,6.12,70.31,10,7,3,0,2,2,1.5,1.5,0,0,0,0,82.06,1.5,5,0.5,840.49,137.43,4.5%,"BTC_INR_5m_ST1(12,4.0)+ST2(10,2.0)_SL1.5pct_1-3",0,0
BTC/INR,5m,2026-09-17 to 2026-09-24 (7D),1963,10,2.0,10,4.0,"ST1(10,2.0)+ST2(10,4.0)",1.5%,1:3,1%,1.5,3.0,"ST1(10,2.0)+ST2(10,4.0)",10000,10703.06,703.06,7.03,118.0,1.18,216.126,-45.81,120.07,-45.81,180.105,-45.81,70.0,30.0,6.12,70.31,10,7,3,0,2,2,1.5,1.5,0,0,0,0,82.06,1.5,5,0.5,840.49,137.43,4.5%,"BTC_INR_5m_ST1(10,2.0)+ST2(10,4.0)_SL1.5pct_1-3",0,0
BTC/INR,5m,2026-09-17 to 2026-09-24 (7D),1963,14,4.0,10,2.0,"ST1(14,4.0)+ST2(10,2.0)",1.5%,1:3,1%,1.5,3.0,"ST1(14,4.0)+ST2(10,2.0)",10000,10703.06,703.06,7.03,118.0,1.18,216.126,-45.81,120.07,-45.81,180.105,-45.81,70.0,30.0,6.12,70.31,10,7,3,0,2,2,1.5,1.5,0,0,0,0,82.06,1.5,5,0.5,840.49,137.43,4.5%,"BTC_INR_5m_ST1(14,4.0)+ST2(10,2.0)_SL1.5pct_1-3",0,0
BTC/INR,5m,2026-09-17 to 2026-09-24 (7D),1963,10,2.0,12,4.0,"ST1(10,2.0)+ST2(12,4.0)",1.5%,1:3,1%,1.5,3.0,"ST1(10,2.0)+ST2(12,4.0)",10000,10703.06,703.06,7.03,118.0,1.18,216.126,-45.81,120.07,-45.81,180.105,-45.81,70.0,30.0,6.12,70.31,10,7,3,0,2,2,1.5,1.5,0,0,0,0,82.06,1.5,5,0.5,840.49,137.43,4.5%,"BTC_INR_5m_ST1(10,2.0)+ST2(12,4.0)_SL1.5pct_1-3",0,0
BTC/INR,5m,2026-09-17 to 2026-09-24 (7D),1963,10,2.0,14,4.0,"ST1(10,2.0)+ST2(14,4.0)",1.5%,1:3,1%,1.5,3.0,"ST1(10,2.0)+ST2(14,4.0)",10000,10703.06,703.06,7.03,118.0,1.18,216.126,-45.81,120.07,-45.81,180.105,-45.81,70.0,30.0,6.12,70.31,10,7,3,0,2,2,1.5,1.5,0,0,0,0,82.06,1.5,5,0.5,840.49,137.43,4.5%,"BTC_INR_5m_ST1(10,2.0)+ST2(14,4.0)_SL1.5pct_1-3",0,0
SOL/INR,30m,2026-07-25 to 2026-09-24 (60D),2872,12,4.0,12,3.5,"ST1(12,4.0)+ST2(12,3.5)",1.5%,1:3,1%,1.5,3.0,"ST1(12,4.0)+ST2(12,3.5)",10000,10698.38,698.38,6.98,767.0,7.67,269.74800000000005,-95.85,149.86,-95.85,224.79,-95.85,42.35,57.65,1.15,8.22,85,36,49,0,2,2,1.5,1.5,0,0,0,0,57.58,1.5,5,0.5,5394.960000000001,4696.65,4.5%,"SOL_INR_30m_ST1(12,4.0)+ST2(12,3.5)_SL1.5pct_1-3",2,2
SOL/INR,30m,2026-07-25 to 2026-09-24 (60D),2872,12,3.5,12,4.0,"ST1(12,3.5)+ST2(12,4.0)",1.5%,1:3,1%,1.5,3.0,"ST1(12,3.5)+ST2(12,4.0)",10000,10698.38,698.38,6.98,767.0,7.67,269.74800000000005,-95.85,149.86,-95.85,224.79,-95.85,42.35,57.65,1.15,8.22,85,36,49,0,2,2,1.5,1.5,0,0,0,0,57.58,1.5,5,0.5,5394.960000000001,4696.65,4.5%,"SOL_INR_30m_ST1(12,3.5)+ST2(12,4.0)_SL1.5pct_1-3",2,2
SOL/INR,5m,2026-09-17 to 2026-09-24 (7D),1963,12,3.5,10,3.5,"ST1(12,3.5)+ST2(10,3.5)",1.5%,1:3,1%,1.5,3.0,"ST1(12,3.5)+ST2(10,3.5)",10000,10697.12,697.12,6.97,170.0,1.7,242.55,-103.13,134.75,-103.13,202.125,-103.13,64.29,35.709999999999994,2.35,49.79,14,9,5,0,2,2,1.5,1.5,0,0,0,0,91.54,1.5,5,0.5,1212.75,515.65,4.5%,"SOL_INR_5m_ST1(12,3.5)+ST2(10,3.5)_SL1.5pct_1-3",2,0
SOL/INR,5m,2026-09-17 to 2026-09-24 (7D),1963,10,3.5,12,3.5,"ST1(10,3.5)+ST2(12,3.5)",1.5%,1:3,1%,1.5,3.0,"ST1(10,3.5)+ST2(12,3.5)",10000,10697.12,697.12,6.97,170.0,1.7,242.55,-103.13,134.75,-103.13,202.125,-103.13,64.29,35.709999999999994,2.35,49.79,14,9,5,0,2,2,1.5,1.5,0,0,0,0,91.54,1.5,5,0.5,1212.75,515.65,4.5%,"SOL_INR_5m_ST1(10,3.5)+ST2(12,3.5)_SL1.5pct_1-3",2,0
SOL/INR,5m,2026-09-17 to 2026-09-24 (7D),1963,12,3.5,14,3.5,"ST1(12,3.5)+ST2(14,3.5)",1.5%,1:3,1%,1.5,3.0,"ST1(12,3.5)+ST2(14,3.5)",10000,10697.12,697.12,6.97,170.0,1.7,242.55,-103.13,134.75,-103.13,202.125,-103.13,64.29,35.709999999999994,2.35,49.79,14,9,5,0,2,2,1.5,1.5,0,0,0,0,91.54,1.5,5,0.5,1212.75,515.65,4.5%,"SOL_INR_5m_ST1(12,3.5)+ST2(14,3.5)_SL1.5pct_1-3",2,0
SOL/INR,5m,2026-09-17 to 2026-09-24 (7D),1963,14,3.5,10,3.5,"ST1(14,3.5)+ST2(10,3.5)",1.5%,1:3,1%,1.5,3.0,"ST1(14,3.5)+ST2(10,3.5)",10000,10697.12,697.12,6.97,170.0,1.7,242.55,-103.13,134.75,-103.13,202.125,-103.13,64.29,35.709999999999994,2.35,49.79,14,9,5,0,2,2,1.5,1.5,0,0,0,0,91.54,1.5,5,0.5,1212.75,515.65,4.5%,"SOL_INR_5m_ST1(14,3.5)+ST2(10,3.5)_SL1.5pct_1-3",2,0
SOL/INR,5m,2026-09-17 to 2026-09-24 (7D),1963,14,3.5,12,3.5,"ST1(14,3.5)+ST2(12,3.5)",1.5%,1:3,1%,1.5,3.0,"ST1(14,3.5)+ST2(12,3.5)",10000,10697.12,697.12,6.97,170.0,1.7,242.55,-103.13,134.75,-103.13,202.125,-103.13,64.29,35.709999999999994,2.35,49.79,14,9,5,0,2,2,1.5,1.5,0,0,0,0,91.54,1.5,5,0.5,1212.75,515.65,4.5%,"SOL_INR_5m_ST1(14,3.5)+ST2(12,3.5)_SL1.5pct_1-3",2,0
SOL/INR,5m,2026-09-17 to 2026-09-24 (7D),1963,10,3.5,14,3.5,"ST1(10,3.5)+ST2(14,3.5)",1.5%,1:3,1%,1.5,3.0,"ST1(10,3.5)+ST2(14,3.5)",10000,10697.12,697.12,6.97,170.0,1.7,242.55,-103.13,134.75,-103.13,202.125,-103.13,64.29,35.709999999999994,2.35,49.79,14,9,5,0,2,2,1.5,1.5,0,0,0,0,91.54,1.5,5,0.5,1212.75,515.65,4.5%,"SOL_INR_5m_ST1(10,3.5)+ST2(14,3.5)_SL1.5pct_1-3",2,0
BTC/INR,5m,2026-09-17 to 2026-09-24 (7D),1963,10,4.0,7,3.0,"ST1(10,4.0)+ST2(7,3.0)",1.5%,1:3,1%,1.5,3.0,"ST1(10,4.0)+ST2(7,3.0)",10000,10690.36,690.36,6.9,111.0,1.11,190.278,-51.77,105.71,-51.77,158.565,-51.77,72.73,27.27,5.45,62.76,11,8,3,0,2,2,1.5,1.5,0,0,0,0,88.94,1.5,5,0.5,845.68,155.31,4.5%,"BTC_INR_5m_ST1(10,4.0)+ST2(7,3.0)_SL1.5pct_1-3",0,0
BTC/INR,5m,2026-09-17 to 2026-09-24 (7D),1963,14,4.0,10,4.0,"ST1(14,4.0)+ST2(10,4.0)",1.5%,1:3,1%,1.5,3.0,"ST1(14,4.0)+ST2(10,4.0)",10000,10690.36,690.36,6.9,111.0,1.11,190.278,-51.77,105.71,-51.77,158.565,-51.77,72.73,27.27,5.45,62.76,11,8,3,0,2,2,1.5,1.5,0,0,0,0,93.07,1.5,5,0.5,845.68,155.31,4.5%,"BTC_INR_5m_ST1(14,4.0)+ST2(10,4.0)_SL1.5pct_1-3",0,0
BTC/INR,5m,2026-09-17 to 2026-09-24 (7D),1963,12,4.0,10,4.0,"ST1(12,4.0)+ST2(10,4.0)",1.5%,1:3,1%,1.5,3.0,"ST1(12,4.0)+ST2(10,4.0)",10000,10690.36,690.36,6.9,111.0,1.11,190.278,-51.77,105.71,-51.77,158.565,-51.77,72.73,27.27,5.45,62.76,11,8,3,0,2,2,1.5,1.5,0,0,0,0,93.07,1.5,5,0.5,845.68,155.31,4.5%,"BTC_INR_5m_ST1(12,4.0)+ST2(10,4.0)_SL1.5pct_1-3",0,0
BTC/INR,5m,2026-09-17 to 2026-09-24 (7D),1963,7,3.0,10,4.0,"ST1(7,3.0)+ST2(10,4.0)",1.5%,1:3,1%,1.5,3.0,"ST1(7,3.0)+ST2(10,4.0)",10000,10690.36,690.36,6.9,111.0,1.11,190.278,-51.77,105.71,-51.77,158.565,-51.77,72.73,27.27,5.45,62.76,11,8,3,0,2,2,1.5,1.5,0,0,0,0,88.94,1.5,5,0.5,845.68,155.31,4.5%,"BTC_INR_5m_ST1(7,3.0)+ST2(10,4.0)_SL1.5pct_1-3",0,0
BTC/INR,5m,2026-09-17 to 2026-09-24 (7D),1963,7,3.0,12,4.0,"ST1(7,3.0)+ST2(12,4.0)",1.5%,1:3,1%,1.5,3.0,"ST1(7,3.0)+ST2(12,4.0)",10000,10690.36,690.36,6.9,111.0,1.11,190.278,-51.77,105.71,-51.77,158.565,-51.77,72.73,27.27,5.45,62.76,11,8,3,0,2,2,1.5,1.5,0,0,0,0,88.94,1.5,5,0.5,845.68,155.31,4.5%,"BTC_INR_5m_ST1(7,3.0)+ST2(12,4.0)_SL1.5pct_1-3",0,0
BTC/INR,5m,2026-09-17 to 2026-09-24 (7D),1963,7,3.0,14,4.0,"ST1(7,3.0)+ST2(14,4.0)",1.5%,1:3,1%,1.5,3.0,"ST1(7,3.0)+ST2(14,4.0)",10000,10690.36,690.36,6.9,111.0,1.11,190.278,-51.77,105.71,-51.77,158.565,-51.77,72.73,27.27,5.45,62.76,11,8,3,0,2,2,1.5,1.5,0,0,0,0,88.94,1.5,5,0.5,845.68,155.31,4.5%,"BTC_INR_5m_ST1(7,3.0)+ST2(14,4.0)_SL1.5pct_1-3",0,0
BTC/INR,5m,2026-09-17 to 2026-09-24 (7D),1963,14,3.5,10,4.0,"ST1(14,3.5)+ST2(10,4.0)",1.5%,1:3,1%,1.5,3.0,"ST1(14,3.5)+ST2(10,4.0)",10000,10690.36,690.36,6.9,111.0,1.11,190.278,-51.77,105.71,-51.77,158.565,-51.77,72.73,27.27,5.45,62.76,11,8,3,0,2,2,1.5,1.5,0,0,0,0,88.94,1.5,5,0.5,845.68,155.31,4.5%,"BTC_INR_5m_ST1(14,3.5)+ST2(10,4.0)_SL1.5pct_1-3",0,0
BTC/INR,5m,2026-09-17 to 2026-09-24 (7D),1963,14,3.5,14,4.0,"ST1(14,3.5)+ST2(14,4.0)",1.5%,1:3,1%,1.5,3.0,"ST1(14,3.5)+ST2(14,4.0)",10000,10690.36,690.36,6.9,111.0,1.11,190.278,-51.77,105.71,-51.77,158.565,-51.77,72.73,27.27,5.45,62.76,11,8,3,0,2,2,1.5,1.5,0,0,0,0,88.94,1.5,5,0.5,845.68,155.31,4.5%,"BTC_INR_5m_ST1(14,3.5)+ST2(14,4.0)_SL1.5pct_1-3",0,0
BTC/INR,5m,2026-09-17 to 2026-09-24 (7D),1963,14,3.5,12,4.0,"ST1(14,3.5)+ST2(12,4.0)",1.5%,1:3,1%,1.5,3.0,"ST1(14,3.5)+ST2(12,4.0)",10000,10690.36,690.36,6.9,111.0,1.11,190.278,-51.77,105.71,-51.77,158.565,-51.77,72.73,27.27,5.45,62.76,11,8,3,0,2,2,1.5,1.5,0,0,0,0,88.94,1.5,5,0.5,845.68,155.31,4.5%,"BTC_INR_5m_ST1(14,3.5)+ST2(12,4.0)_SL1.5pct_1-3",0,0
BTC/INR,5m,2026-09-17 to 2026-09-24 (7D),1963,10,4.0,12,3.5,"ST1(10,4.0)+ST2(12,3.5)",1.5%,1:3,1%,1.5,3.0,"ST1(10,4.0)+ST2(12,3.5)",10000,10690.36,690.36,6.9,111.0,1.11,190.278,-51.77,105.71,-51.77,158.565,-51.77,72.73,27.27,5.45,62.76,11,8,3,0,2,2,1.5,1.5,0,0,0,0,88.94,1.5,5,0.5,845.68,155.31,4.5%,"BTC_INR_5m_ST1(10,4.0)+ST2(12,3.5)_SL1.5pct_1-3",0,0
BTC/INR,5m,2026-09-17 to 2026-09-24 (7D),1963,10,4.0,12,4.0,"ST1(10,4.0)+ST2(12,4.0)",1.5%,1:3,1%,1.5,3.0,"ST1(10,4.0)+ST2(12,4.0)",10000,10690.36,690.36,6.9,111.0,1.11,190.278,-51.77,105.71,-51.77,158.565,-51.77,72.73,27.27,5.45,62.76,11,8,3,0,2,2,1.5,1.5,0,0,0,0,93.07,1.5,5,0.5,845.68,155.31,4.5%,"BTC_INR_5m_ST1(10,4.0)+ST2(12,4.0)_SL1.5pct_1-3",0,0
BTC/INR,5m,2026-09-17 to 2026-09-24 (7D),1963,14,4.0,12,4.0,"ST1(14,4.0)+ST2(12,4.0)",1.5%,1:3,1%,1.5,3.0,"ST1(14,4.0)+ST2(12,4.0)",10000,10690.36,690.36,6.9,111.0,1.11,190.278,-51.77,105.71,-51.77,158.565,-51.77,72.73,27.27,5.45,62.76,11,8,3,0,2,2,1.5,1.5,0,0,0,0,93.07,1.5,5,0.5,845.68,155.31,4.5%,"BTC_INR_5m_ST1(14,4.0)+ST2(12,4.0)_SL1.5pct_1-3",0,0
BTC/INR,5m,2026-09-17 to 2026-09-24 (7D),1963,14,4.0,12,3.5,"ST1(14,4.0)+ST2(12,3.5)",1.5%,1:3,1%,1.5,3.0,"ST1(14,4.0)+ST2(12,3.5)",10000,10690.36,690.36,6.9,111.0,1.11,190.278,-51.77,105.71,-51.77,158.565,-51.77,72.73,27.27,5.45,62.76,11,8,3,0,2,2,1.5,1.5,0,0,0,0,88.94,1.5,5,0.5,845.68,155.31,4.5%,"BTC_INR_5m_ST1(14,4.0)+ST2(12,3.5)_SL1.5pct_1-3",0,0
BTC/INR,5m,2026-09-17 to 2026-09-24 (7D),1963,14,4.0,14,3.5,"ST1(14,4.0)+ST2(14,3.5)",1.5%,1:3,1%,1.5,3.0,"ST1(14,4.0)+ST2(14,3.5)",10000,10690.36,690.36,6.9,111.0,1.11,190.278,-51.77,105.71,-51.77,158.565,-51.77,72.73,27.27,5.45,62.76,11,8,3,0,2,2,1.5,1.5,0,0,0,0,88.94,1.5,5,0.5,845.68,155.31,4.5%,"BTC_INR_5m_ST1(14,4.0)+ST2(14,3.5)_SL1.5pct_1-3",0,0
BTC/INR,5m,2026-09-17 to 2026-09-24 (7D),1963,10,4.0,14,4.0,"ST1(10,4.0)+ST2(14,4.0)",1.5%,1:3,1%,1.5,3.0,"ST1(10,4.0)+ST2(14,4.0)",10000,10690.36,690.36,6.9,111.0,1.11,190.278,-51.77,105.71,-51.77,158.565,-51.77,72.73,27.27,5.45,62.76,11,8,3,0,2,2,1.5,1.5,0,0,0,0,93.07,1.5,5,0.5,845.68,155.31,4.5%,"BTC_INR_5m_ST1(10,4.0)+ST2(14,4.0)_SL1.5pct_1-3",0,0
BTC/INR,5m,2026-09-17 to 2026-09-24 (7D),1963,10,4.0,14,3.5,"ST1(10,4.0)+ST2(14,3.5)",1.5%,1:3,1%,1.5,3.0,"ST1(10,4.0)+ST2(14,3.5)",10000,10690.36,690.36,6.9,111.0,1.11,190.278,-51.77,105.71,-51.77,158.565,-51.77,72.73,27.27,5.45,62.76,11,8,3,0,2,2,1.5,1.5,0,0,0,0,88.94,1.5,5,0.5,845.68,155.31,4.5%,"BTC_INR_5m_ST1(10,4.0)+ST2(14,3.5)_SL1.5pct_1-3",0,0
BTC/INR,5m,2026-09-17 to 2026-09-24 (7D),1963,12,3.5,10,4.0,"ST1(12,3.5)+ST2(10,4.0)",1.5%,1:3,1%,1.5,3.0,"ST1(12,3.5)+ST2(10,4.0)",10000,10690.36,690.36,6.9,111.0,1.11,190.278,-51.77,105.71,-51.77,158.565,-51.77,72.73,27.27,5.45,62.76,11,8,3,0,2,2,1.5,1.5,0,0,0,0,88.94,1.5,5,0.5,845.68,155.31,4.5%,"BTC_INR_5m_ST1(12,3.5)+ST2(10,4.0)_SL1.5pct_1-3",0,0
BTC/INR,5m,2026-09-17 to 2026-09-24 (7D),1963,12,4.0,7,3.0,"ST1(12,4.0)+ST2(7,3.0)",1.5%,1:3,1%,1.5,3.0,"ST1(12,4.0)+ST2(7,3.0)",10000,10690.36,690.36,6.9,111.0,1.11,190.278,-51.77,105.71,-51.77,158.565,-51.77,72.73,27.27,5.45,62.76,11,8,3,0,2,2,1.5,1.5,0,0,0,0,88.94,1.5,5,0.5,845.68,155.31,4.5%,"BTC_INR_5m_ST1(12,4.0)+ST2(7,3.0)_SL1.5pct_1-3",0,0
BTC/INR,5m,2026-09-17 to 2026-09-24 (7D),1963,12,3.5,12,4.0,"ST1(12,3.5)+ST2(12,4.0)",1.5%,1:3,1%,1.5,3.0,"ST1(12,3.5)+ST2(12,4.0)",10000,10690.36,690.36,6.9,111.0,1.11,190.278,-51.77,105.71,-51.77,158.565,-51.77,72.73,27.27,5.45,62.76,11,8,3,0,2,2,1.5,1.5,0,0,0,0,88.94,1.5,5,0.5,845.68,155.31,4.5%,"BTC_INR_5m_ST1(12,3.5)+ST2(12,4.0)_SL1.5pct_1-3",0,0
BTC/INR,5m,2026-09-17 to 2026-09-24 (7D),1963,12,4.0,14,4.0,"ST1(12,4.0)+ST2(14,4.0)",1.5%,1:3,1%,1.5,3.0,"ST1(12,4.0)+ST2(14,4.0)",10000,10690.36,690.36,6.9,111.0,1.11,190.278,-51.77,105.71,-51.77,158.565,-51.77,72.73,27.27,5.45,62.76,11,8,3,0,2,2,1.5,1.5,0,0,0,0,93.07,1.5,5,0.5,845.68,155.31,4.5%,"BTC_INR_5m_ST1(12,4.0)+ST2(14,4.0)_SL1.5pct_1-3",0,0
BTC/INR,5m,2026-09-17 to 2026-09-24 (7D),1963,12,4.0,14,3.5,"ST1(12,4.0)+ST2(14,3.5)",1.5%,1:3,1%,1.5,3.0,"ST1(12,4.0)+ST2(14,3.5)",10000,10690.36,690.36,6.9,111.0,1.11,190.278,-51.77,105.71,-51.77,158.565,-51.77,72.73,27.27,5.45,62.76,11,8,3,0,2,2,1.5,1.5,0,0,0,0,88.94,1.5,5,0.5,845.68,155.31,4.5%,"BTC_INR_5m_ST1(12,4.0)+ST2(14,3.5)_SL1.5pct_1-3",0,0
BTC/INR,5m,2026-09-17 to 2026-09-24 (7D),1963,12,4.0,12,3.5,"ST1(12,4.0)+ST2(12,3.5)",1.5%,1:3,1%,1.5,3.0,"ST1(12,4.0)+ST2(12,3.5)",10000,10690.36,690.36,6.9,111.0,1.11,190.278,-51.77,105.71,-51.77,158.565,-51.77,72.73,27.27,5.45,62.76,11,8,3,0,2,2,1.5,1.5,0,0,0,0,88.94,1.5,5,0.5,845.68,155.31,4.5%,"BTC_INR_5m_ST1(12,4.0)+ST2(12,3.5)_SL1.5pct_1-3",0,0
BTC/INR,5m,2026-09-17 to 2026-09-24 (7D),1963,12,3.5,14,4.0,"ST1(12,3.5)+ST2(14,4.0)",1.5%,1:3,1%,1.5,3.0,"ST1(12,3.5)+ST2(14,4.0)",10000,10690.36,690.36,6.9,111.0,1.11,190.278,-51.77,105.71,-51.77,158.565,-51.77,72.73,27.27,5.45,62.76,11,8,3,0,2,2,1.5,1.5,0,0,0,0,88.94,1.5,5,0.5,845.68,155.31,4.5%,"BTC_INR_5m_ST1(12,3.5)+ST2(14,4.0)_SL1.5pct_1-3",0,0
BTC/INR,5m,2026-09-17 to 2026-09-24 (7D),1963,14,4.0,7,3.0,"ST1(14,4.0)+ST2(7,3.0)",1.5%,1:3,1%,1.5,3.0,"ST1(14,4.0)+ST2(7,3.0)",10000,10690.36,690.36,6.9,111.0,1.11,190.278,-51.77,105.71,-51.77,158.565,-51.77,72.73,27.27,5.45,62.76,11,8,3,0,2,2,1.5,1.5,0,0,0,0,88.94,1.5,5,0.5,845.68,155.31,4.5%,"BTC_INR_5m_ST1(14,4.0)+ST2(7,3.0)_SL1.5pct_1-3",0,0
SOL/INR,30m,2026-07-25 to 2026-09-24 (60D),2872,14,3.5,7,3.5,"ST1(14,3.5)+ST2(7,3.5)",1.5%,1:3,1%,1.5,3.0,"ST1(14,3.5)+ST2(7,3.5)",10000,10689.89,689.89,6.9,680.0,6.8,258.354,-93.28,143.53,-93.28,215.295,-93.28,42.86,57.14,1.15,8.21,84,36,48,0,2,2,1.5,1.5,0,0,0,0,56.98,1.5,5,0.5,5167.08,4477.4400000000005,4.5%,"SOL_INR_30m_ST1(14,3.5)+ST2(7,3.5)_SL1.5pct_1-3",2,2
SOL/INR,30m,2026-07-25 to 2026-09-24 (60D),2872,7,3.5,14,3.5,"ST1(7,3.5)+ST2(14,3.5)",1.5%,1:3,1%,1.5,3.0,"ST1(7,3.5)+ST2(14,3.5)",10000,10689.89,689.89,6.9,680.0,6.8,258.354,-93.28,143.53,-93.28,215.295,-93.28,42.86,57.14,1.15,8.21,84,36,48,0,2,2,1.5,1.5,0,0,0,0,56.98,1.5,5,0.5,5167.08,4477.4400000000005,4.5%,"SOL_INR_30m_ST1(7,3.5)+ST2(14,3.5)_SL1.5pct_1-3",2,2
SOL/INR,30m,2026-07-25 to 2026-09-24 (60D),2872,14,4.0,10,3.0,"ST1(14,4.0)+ST2(10,3.0)",1.5%,1:3,1%,1.5,3.0,"ST1(14,4.0)+ST2(10,3.0)",10000,10683.54,683.54,6.84,800.0,8.0,268.54200000000003,-93.38,149.19,-93.38,223.785,-93.38,41.98,58.02,1.16,8.44,81,34,47,0,2,2,1.5,1.5,0,0,0,0,54.72,1.5,5,0.5,5072.46,4388.86,4.5%,"SOL_INR_30m_ST1(14,4.0)+ST2(10,3.0)_SL1.5pct_1-3",2,2
SOL/INR,30m,2026-07-25 to 2026-09-24 (60D),2872,10,3.0,14,4.0,"ST1(10,3.0)+ST2(14,4.0)",1.5%,1:3,1%,1.5,3.0,"ST1(10,3.0)+ST2(14,4.0)",10000,10683.54,683.54,6.84,800.0,8.0,268.54200000000003,-93.38,149.19,-93.38,223.785,-93.38,41.98,58.02,1.16,8.44,81,34,47,0,2,2,1.5,1.5,0,0,0,0,54.72,1.5,5,0.5,5072.46,4388.86,4.5%,"SOL_INR_30m_ST1(10,3.0)+ST2(14,4.0)_SL1.5pct_1-3",2,2
SOL/INR,30m,2026-07-25 to 2026-09-24 (60D),2872,14,3.5,12,3.0,"ST1(14,3.5)+ST2(12,3.0)",1.5%,1:3,1%,1.5,3.0,"ST1(14,3.5)+ST2(12,3.0)",10000,10673.53,673.53,6.74,697.0,6.97,249.246,-91.73,138.47,-91.73,207.705,-91.73,43.37,56.63,1.16,8.11,83,36,47,0,2,2,1.5,1.5,0,0,0,0,57.3,1.5,5,0.5,4984.92,4311.31,4.5%,"SOL_INR_30m_ST1(14,3.5)+ST2(12,3.0)_SL1.5pct_1-3",2,2
SOL/INR,30m,2026-07-25 to 2026-09-24 (60D),2872,12,3.0,14,3.5,"ST1(12,3.0)+ST2(14,3.5)",1.5%,1:3,1%,1.5,3.0,"ST1(12,3.0)+ST2(14,3.5)",10000,10673.53,673.53,6.74,697.0,6.97,249.246,-91.73,138.47,-91.73,207.705,-91.73,43.37,56.63,1.16,8.11,83,36,47,0,2,2,1.5,1.5,0,0,0,0,57.3,1.5,5,0.5,4984.92,4311.31,4.5%,"SOL_INR_30m_ST1(12,3.0)+ST2(14,3.5)_SL1.5pct_1-3",2,2
SOL/INR,30m,2026-07-25 to 2026-09-24 (60D),2872,12,3.0,7,3.0,"ST1(12,3.0)+ST2(7,3.0)",1.5%,1:3,1%,1.5,3.0,"ST1(12,3.0)+ST2(7,3.0)",10000,10669.53,669.53,6.7,745.0,7.45,253.152,-91.66,140.64,-91.66,210.96,-91.66,42.7,57.3,1.14,7.52,89,38,51,0,2,2,1.5,1.5,0,0,0,0,61.44,1.5,5,0.5,5344.32,4674.66,4.5%,"SOL_INR_30m_ST1(12,3.0)+ST2(7,3.0)_SL1.5pct_1-3",2,2
SOL/INR,30m,2026-07-25 to 2026-09-24 (60D),2872,7,3.0,12,3.0,"ST1(7,3.0)+ST2(12,3.0)",1.5%,1:3,1%,1.5,3.0,"ST1(7,3.0)+ST2(12,3.0)",10000,10669.53,669.53,6.7,745.0,7.45,253.152,-91.66,140.64,-91.66,210.96,-91.66,42.7,57.3,1.14,7.52,89,38,51,0,2,2,1.5,1.5,0,0,0,0,61.44,1.5,5,0.5,5344.32,4674.66,4.5%,"SOL_INR_30m_ST1(7,3.0)+ST2(12,3.0)_SL1.5pct_1-3",2,2
SOL/INR,5m,2026-09-17 to 2026-09-24 (7D),1963,12,3.5,10,4.0,"ST1(12,3.5)+ST2(10,4.0)",1.5%,1:3,1%,1.5,3.0,"ST1(12,3.5)+ST2(10,4.0)",10000,10668.47,668.47,6.68,170.0,1.7,236.538,-102.85,131.41,-102.85,197.115,-102.85,64.29,35.709999999999994,2.3,47.75,14,9,5,0,2,2,1.5,1.5,0,0,0,0,89.5,1.5,5,0.5,1182.69,514.25,4.5%,"SOL_INR_5m_ST1(12,3.5)+ST2(10,4.0)_SL1.5pct_1-3",2,0
SOL/INR,5m,2026-09-17 to 2026-09-24 (7D),1963,14,3.5,10,4.0,"ST1(14,3.5)+ST2(10,4.0)",1.5%,1:3,1%,1.5,3.0,"ST1(14,3.5)+ST2(10,4.0)",10000,10668.47,668.47,6.68,170.0,1.7,236.538,-102.85,131.41,-102.85,197.115,-102.85,64.29,35.709999999999994,2.3,47.75,14,9,5,0,2,2,1.5,1.5,0,0,0,0,89.5,1.5,5,0.5,1182.69,514.25,4.5%,"SOL_INR_5m_ST1(14,3.5)+ST2(10,4.0)_SL1.5pct_1-3",2,0
SOL/INR,5m,2026-09-17 to 2026-09-24 (7D),1963,10,4.0,10,3.5,"ST1(10,4.0)+ST2(10,3.5)",1.5%,1:3,1%,1.5,3.0,"ST1(10,4.0)+ST2(10,3.5)",10000,10668.47,668.47,6.68,170.0,1.7,236.538,-102.85,131.41,-102.85,197.115,-102.85,64.29,35.709999999999994,2.3,47.75,14,9,5,0,2,2,1.5,1.5,0,0,0,0,89.5,1.5,5,0.5,1182.69,514.25,4.5%,"SOL_INR_5m_ST1(10,4.0)+ST2(10,3.5)_SL1.5pct_1-3",2,0
SOL/INR,5m,2026-09-17 to 2026-09-24 (7D),1963,10,3.5,10,4.0,"ST1(10,3.5)+ST2(10,4.0)",1.5%,1:3,1%,1.5,3.0,"ST1(10,3.5)+ST2(10,4.0)",10000,10668.47,668.47,6.68,170.0,1.7,236.538,-102.85,131.41,-102.85,197.115,-102.85,64.29,35.709999999999994,2.3,47.75,14,9,5,0,2,2,1.5,1.5,0,0,0,0,89.5,1.5,5,0.5,1182.69,514.25,4.5%,"SOL_INR_5m_ST1(10,3.5)+ST2(10,4.0)_SL1.5pct_1-3",2,0
SOL/INR,5m,2026-09-17 to 2026-09-24 (7D),1963,10,4.0,14,3.5,"ST1(10,4.0)+ST2(14,3.5)",1.5%,1:3,1%,1.5,3.0,"ST1(10,4.0)+ST2(14,3.5)",10000,10668.47,668.47,6.68,170.0,1.7,236.538,-102.85,131.41,-102.85,197.115,-102.85,64.29,35.709999999999994,2.3,47.75,14,9,5,0,2,2,1.5,1.5,0,0,0,0,89.5,1.5,5,0.5,1182.69,514.25,4.5%,"SOL_INR_5m_ST1(10,4.0)+ST2(14,3.5)_SL1.5pct_1-3",2,0
SOL/INR,5m,2026-09-17 to 2026-09-24 (7D),1963,10,4.0,12,3.5,"ST1(10,4.0)+ST2(12,3.5)",1.5%,1:3,1%,1.5,3.0,"ST1(10,4.0)+ST2(12,3.5)",10000,10668.47,668.47,6.68,170.0,1.7,236.538,-102.85,131.41,-102.85,197.115,-102.85,64.29,35.709999999999994,2.3,47.75,14,9,5,0,2,2,1.5,1.5,0,0,0,0,89.5,1.5,5,0.5,1182.69,514.25,4.5%,"SOL_INR_5m_ST1(10,4.0)+ST2(12,3.5)_SL1.5pct_1-3",2,0
SOL/INR,5m,2026-09-17 to 2026-09-24 (7D),1963,12,3.5,7,4.0,"ST1(12,3.5)+ST2(7,4.0)",1.5%,1:3,1%,1.5,3.0,"ST1(12,3.5)+ST2(7,4.0)",10000,10653.81,653.81,6.54,184.0,1.84,233.568,-102.81,129.76,-102.81,194.64,-102.81,64.29,35.709999999999994,2.27,46.7,14,9,5,0,2,2,1.5,1.5,0,0,0,0,87.36,1.5,5,0.5,1167.84,514.05,4.5%,"SOL_INR_5m_ST1(12,3.5)+ST2(7,4.0)_SL1.5pct_1-3",2,0
SOL/INR,5m,2026-09-17 to 2026-09-24 (7D),1963,10,3.5,7,4.0,"ST1(10,3.5)+ST2(7,4.0)",1.5%,1:3,1%,1.5,3.0,"ST1(10,3.5)+ST2(7,4.0)",10000,10653.81,653.81,6.54,184.0,1.84,233.568,-102.81,129.76,-102.81,194.64,-102.81,64.29,35.709999999999994,2.27,46.7,14,9,5,0,2,2,1.5,1.5,0,0,0,0,87.36,1.5,5,0.5,1167.84,514.05,4.5%,"SOL_INR_5m_ST1(10,3.5)+ST2(7,4.0)_SL1.5pct_1-3",2,0
SOL/INR,5m,2026-09-17 to 2026-09-24 (7D),1963,7,4.0,10,3.5,"ST1(7,4.0)+ST2(10,3.5)",1.5%,1:3,1%,1.5,3.0,"ST1(7,4.0)+ST2(10,3.5)",10000,10653.81,653.81,6.54,184.0,1.84,233.568,-102.81,129.76,-102.81,194.64,-102.81,64.29,35.709999999999994,2.27,46.7,14,9,5,0,2,2,1.5,1.5,0,0,0,0,87.36,1.5,5,0.5,1167.84,514.05,4.5%,"SOL_INR_5m_ST1(7,4.0)+ST2(10,3.5)_SL1.5pct_1-3",2,0
SOL/INR,5m,2026-09-17 to 2026-09-24 (7D),1963,7,4.0,12,3.5,"ST1(7,4.0)+ST2(12,3.5)",1.5%,1:3,1%,1.5,3.0,"ST1(7,4.0)+ST2(12,3.5)",10000,10653.81,653.81,6.54,184.0,1.84,233.568,-102.81,129.76,-102.81,194.64,-102.81,64.29,35.709999999999994,2.27,46.7,14,9,5,0,2,2,1.5,1.5,0,0,0,0,87.36,1.5,5,0.5,1167.84,514.05,4.5%,"SOL_INR_5m_ST1(7,4.0)+ST2(12,3.5)_SL1.5pct_1-3",2,0
SOL/INR,30m,2026-07-25 to 2026-09-24 (60D),2872,12,3.5,14,3.5,"ST1(12,3.5)+ST2(14,3.5)",1.5%,1:3,1%,1.5,3.0,"ST1(12,3.5)+ST2(14,3.5)",10000,10650.21,650.21,6.5,757.0,7.57,252.486,-90.79,140.27,-90.79,210.40500000000003,-90.79,42.53,57.47,1.14,7.47,87,37,50,0,2,2,1.5,1.5,0,0,0,0,60.12,1.5,5,0.5,5189.990000000001,4539.5,4.5%,"SOL_INR_30m_ST1(12,3.5)+ST2(14,3.5)_SL1.5pct_1-3",2,2
SOL/INR,30m,2026-07-25 to 2026-09-24 (60D),2872,14,3.5,12,3.5,"ST1(14,3.5)+ST2(12,3.5)",1.5%,1:3,1%,1.5,3.0,"ST1(14,3.5)+ST2(12,3.5)",10000,10650.21,650.21,6.5,757.0,7.57,252.486,-90.79,140.27,-90.79,210.40500000000003,-90.79,42.53,57.47,1.14,7.47,87,37,50,0,2,2,1.5,1.5,0,0,0,0,60.12,1.5,5,0.5,5189.990000000001,4539.5,4.5%,"SOL_INR_30m_ST1(14,3.5)+ST2(12,3.5)_SL1.5pct_1-3",2,2
BTC/INR,15m,2026-07-25 to 2026-09-24 (60D),5742,7,3.5,7,2.0,"ST1(7,3.5)+ST2(7,2.0)",1.5%,1:3,1%,1.5,3.0,"ST1(7,3.5)+ST2(7,2.0)",10000,10634.68,634.68,6.35,660.0,6.6,167.86800000000002,-61.15,93.26,-61.15,139.89,-61.15,44.87,55.13,1.24,8.14,78,35,43,0,2,2,1.5,1.5,0,0,0,0,76.07,1.5,5,0.5,3264.1000000000004,2629.45,4.5%,"BTC_INR_15m_ST1(7,3.5)+ST2(7,2.0)_SL1.5pct_1-3",0,1
BTC/INR,15m,2026-07-25 to 2026-09-24 (60D),5742,7,2.0,7,3.5,"ST1(7,2.0)+ST2(7,3.5)",1.5%,1:3,1%,1.5,3.0,"ST1(7,2.0)+ST2(7,3.5)",10000,10634.68,634.68,6.35,660.0,6.6,167.86800000000002,-61.15,93.26,-61.15,139.89,-61.15,44.87,55.13,1.24,8.14,78,35,43,0,2,2,1.5,1.5,0,0,0,0,76.07,1.5,5,0.5,3264.1000000000004,2629.45,4.5%,"BTC_INR_15m_ST1(7,2.0)+ST2(7,3.5)_SL1.5pct_1-3",0,1
SOL/INR,30m,2026-07-25 to 2026-09-24 (60D),2872,10,3.0,12,3.0,"ST1(10,3.0)+ST2(12,3.0)",1.5%,1:3,1%,1.5,3.0,"ST1(10,3.0)+ST2(12,3.0)",10000,10616.57,616.57,6.17,745.0,7.45,252.072,-90.48,140.04,-90.48,210.06,-90.48,42.22,57.78,1.13,6.85,90,38,52,0,2,2,1.5,1.5,0,0,0,0,62.77,1.5,5,0.5,5321.52,4704.96,4.5%,"SOL_INR_30m_ST1(10,3.0)+ST2(12,3.0)_SL1.5pct_1-3",2,2
SOL/INR,30m,2026-07-25 to 2026-09-24 (60D),2872,12,3.0,10,3.0,"ST1(12,3.0)+ST2(10,3.0)",1.5%,1:3,1%,1.5,3.0,"ST1(12,3.0)+ST2(10,3.0)",10000,10616.57,616.57,6.17,745.0,7.45,252.072,-90.48,140.04,-90.48,210.06,-90.48,42.22,57.78,1.13,6.85,90,38,52,0,2,2,1.5,1.5,0,0,0,0,62.77,1.5,5,0.5,5321.52,4704.96,4.5%,"SOL_INR_30m_ST1(12,3.0)+ST2(10,3.0)_SL1.5pct_1-3",2,2
SOL/INR,30m,2026-07-25 to 2026-09-24 (60D),2872,10,3.5,10,3.0,"ST1(10,3.5)+ST2(10,3.0)",1.5%,1:3,1%,1.5,3.0,"ST1(10,3.5)+ST2(10,3.0)",10000,10613.21,613.21,6.13,697.0,6.97,257.31,-91.46,142.95,-91.46,214.425,-91.46,42.17,57.83,1.14,7.39,83,35,48,0,2,2,1.5,1.5,0,0,0,0,57.72,1.5,5,0.5,5003.25,4390.08,4.5%,"SOL_INR_30m_ST1(10,3.5)+ST2(10,3.0)_SL1.5pct_1-3",2,2
SOL/INR,30m,2026-07-25 to 2026-09-24 (60D),2872,10,3.0,10,3.5,"ST1(10,3.0)+ST2(10,3.5)",1.5%,1:3,1%,1.5,3.0,"ST1(10,3.0)+ST2(10,3.5)",10000,10613.21,613.21,6.13,697.0,6.97,257.31,-91.46,142.95,-91.46,214.425,-91.46,42.17,57.83,1.14,7.39,83,35,48,0,2,2,1.5,1.5,0,0,0,0,57.72,1.5,5,0.5,5003.25,4390.08,4.5%,"SOL_INR_30m_ST1(10,3.0)+ST2(10,3.5)_SL1.5pct_1-3",2,2
BTC/INR,15m,2026-07-25 to 2026-09-24 (60D),5742,7,2.0,7,4.0,"ST1(7,2.0)+ST2(7,4.0)",1.5%,1:3,1%,1.5,3.0,"ST1(7,2.0)+ST2(7,4.0)",10000,10605.47,605.47,6.05,804.0,8.04,164.952,-64.13,91.64,-64.13,137.46,-64.13,46.15,53.85,1.22,7.76,78,36,42,0,2,2,1.5,1.5,0,0,0,0,74.07,1.5,5,0.5,3299.04,2693.46,4.5%,"BTC_INR_15m_ST1(7,2.0)+ST2(7,4.0)_SL1.5pct_1-3",0,1
BTC/INR,15m,2026-07-25 to 2026-09-24 (60D),5742,7,4.0,7,2.0,"ST1(7,4.0)+ST2(7,2.0)",1.5%,1:3,1%,1.5,3.0,"ST1(7,4.0)+ST2(7,2.0)",10000,10605.47,605.47,6.05,804.0,8.04,164.952,-64.13,91.64,-64.13,137.46,-64.13,46.15,53.85,1.22,7.76,78,36,42,0,2,2,1.5,1.5,0,0,0,0,74.07,1.5,5,0.5,3299.04,2693.46,4.5%,"BTC_INR_15m_ST1(7,4.0)+ST2(7,2.0)_SL1.5pct_1-3",0,1
SOL/INR,30m,2026-07-25 to 2026-09-24 (60D),2872,12,3.0,7,2.0,"ST1(12,3.0)+ST2(7,2.0)",1.5%,1:3,1%,1.5,3.0,"ST1(12,3.0)+ST2(7,2.0)",10000,10601.87,601.87,6.02,977.0,9.77,243.19800000000004,-89.74,135.11,-89.74,202.665,-89.74,43.02,56.98,1.14,7.0,86,37,49,0,2,2,1.5,1.5,0,0,0,0,60.47,1.5,5,0.5,4999.070000000001,4397.259999999999,4.5%,"SOL_INR_30m_ST1(12,3.0)+ST2(7,2.0)_SL1.5pct_1-3",2,2
SOL/INR,30m,2026-07-25 to 2026-09-24 (60D),2872,7,2.0,12,3.0,"ST1(7,2.0)+ST2(12,3.0)",1.5%,1:3,1%,1.5,3.0,"ST1(7,2.0)+ST2(12,3.0)",10000,10601.87,601.87,6.02,977.0,9.77,243.19800000000004,-89.74,135.11,-89.74,202.665,-89.74,43.02,56.98,1.14,7.0,86,37,49,0,2,2,1.5,1.5,0,0,0,0,60.47,1.5,5,0.5,4999.070000000001,4397.259999999999,4.5%,"SOL_INR_30m_ST1(7,2.0)+ST2(12,3.0)_SL1.5pct_1-3",2,2
SOL/INR,30m,2026-07-25 to 2026-09-24 (60D),2872,7,3.5,12,4.0,"ST1(7,3.5)+ST2(12,4.0)",1.5%,1:3,1%,1.5,3.0,"ST1(7,3.5)+ST2(12,4.0)",10000,10599.56,599.56,6.0,1001.0,10.01,268.416,-96.24,149.12,-96.24,223.68,-96.24,42.17,57.83,1.13,7.22,83,35,48,0,2,2,1.5,1.5,0,0,0,0,55.38,1.5,5,0.5,5219.2,4619.52,4.5%,"SOL_INR_30m_ST1(7,3.5)+ST2(12,4.0)_SL1.5pct_1-3",2,2
SOL/INR,30m,2026-07-25 to 2026-09-24 (60D),2872,12,4.0,7,3.5,"ST1(12,4.0)+ST2(7,3.5)",1.5%,1:3,1%,1.5,3.0,"ST1(12,4.0)+ST2(7,3.5)",10000,10599.56,599.56,6.0,1001.0,10.01,268.416,-96.24,149.12,-96.24,223.68,-96.24,42.17,57.83,1.13,7.22,83,35,48,0,2,2,1.5,1.5,0,0,0,0,55.38,1.5,5,0.5,5219.2,4619.52,4.5%,"SOL_INR_30m_ST1(12,4.0)+ST2(7,3.5)_SL1.5pct_1-3",2,2
SOL/INR,30m,2026-07-25 to 2026-09-24 (60D),2872,14,3.0,10,4.0,"ST1(14,3.0)+ST2(10,4.0)",1.5%,1:3,1%,1.5,3.0,"ST1(14,3.0)+ST2(10,4.0)",10000,10588.03,588.03,5.88,764.0,7.64,269.118,-95.64,149.51,-95.64,224.265,-95.64,41.98,58.02,1.13,7.26,81,34,47,0,2,2,1.5,1.5,0,0,0,0,54.41,1.5,5,0.5,5083.34,4495.08,4.5%,"SOL_INR_30m_ST1(14,3.0)+ST2(10,4.0)_SL1.5pct_1-3",2,2
SOL/INR,30m,2026-07-25 to 2026-09-24 (60D),2872,10,4.0,14,3.0,"ST1(10,4.0)+ST2(14,3.0)",1.5%,1:3,1%,1.5,3.0,"ST1(10,4.0)+ST2(14,3.0)",10000,10588.03,588.03,5.88,764.0,7.64,269.118,-95.64,149.51,-95.64,224.265,-95.64,41.98,58.02,1.13,7.26,81,34,47,0,2,2,1.5,1.5,0,0,0,0,54.41,1.5,5,0.5,5083.34,4495.08,4.5%,"SOL_INR_30m_ST1(10,4.0)+ST2(14,3.0)_SL1.5pct_1-3",2,2
SOL/INR,5m,2026-09-17 to 2026-09-24 (7D),1963,10,4.0,14,4.0,"ST1(10,4.0)+ST2(14,4.0)",1.5%,1:3,1%,1.5,3.0,"ST1(10,4.0)+ST2(14,4.0)",10000,10584.65,584.65,5.85,330.0,3.3,236.484,-104.16,131.38,-104.16,197.07,-104.16,58.82,41.18,1.8,34.39,17,10,7,0,2,2,1.5,1.5,0,0,0,0,90.27,1.5,5,0.5,1313.8,729.12,4.5%,"SOL_INR_5m_ST1(10,4.0)+ST2(14,4.0)_SL1.5pct_1-3",2,0
SOL/INR,5m,2026-09-17 to 2026-09-24 (7D),1963,14,4.0,10,4.0,"ST1(14,4.0)+ST2(10,4.0)",1.5%,1:3,1%,1.5,3.0,"ST1(14,4.0)+ST2(10,4.0)",10000,10584.65,584.65,5.85,330.0,3.3,236.484,-104.16,131.38,-104.16,197.07,-104.16,58.82,41.18,1.8,34.39,17,10,7,0,2,2,1.5,1.5,0,0,0,0,90.27,1.5,5,0.5,1313.8,729.12,4.5%,"SOL_INR_5m_ST1(14,4.0)+ST2(10,4.0)_SL1.5pct_1-3",2,0
SOL/INR,5m,2026-09-17 to 2026-09-24 (7D),1963,10,2.0,10,3.5,"ST1(10,2.0)+ST2(10,3.5)",1.5%,1:3,1%,1.5,3.0,"ST1(10,2.0)+ST2(10,3.5)",10000,10582.81,582.81,5.83,319.0,3.19,233.55,-116.99,129.75,-116.99,194.625,-116.99,64.29,35.709999999999994,2.0,41.63,14,9,5,0,2,2,1.5,1.5,0,0,0,0,87.97,1.5,5,0.5,1167.75,584.9499999999999,4.5%,"SOL_INR_5m_ST1(10,2.0)+ST2(10,3.5)_SL1.5pct_1-3",2,0
SOL/INR,5m,2026-09-17 to 2026-09-24 (7D),1963,10,2.0,12,3.5,"ST1(10,2.0)+ST2(12,3.5)",1.5%,1:3,1%,1.5,3.0,"ST1(10,2.0)+ST2(12,3.5)",10000,10582.81,582.81,5.83,319.0,3.19,233.55,-116.99,129.75,-116.99,194.625,-116.99,64.29,35.709999999999994,2.0,41.63,14,9,5,0,2,2,1.5,1.5,0,0,0,0,87.97,1.5,5,0.5,1167.75,584.9499999999999,4.5%,"SOL_INR_5m_ST1(10,2.0)+ST2(12,3.5)_SL1.5pct_1-3",2,0
SOL/INR,5m,2026-09-17 to 2026-09-24 (7D),1963,12,3.5,10,2.0,"ST1(12,3.5)+ST2(10,2.0)",1.5%,1:3,1%,1.5,3.0,"ST1(12,3.5)+ST2(10,2.0)",10000,10582.81,582.81,5.83,319.0,3.19,233.55,-116.99,129.75,-116.99,194.625,-116.99,64.29,35.709999999999994,2.0,41.63,14,9,5,0,2,2,1.5,1.5,0,0,0,0,87.97,1.5,5,0.5,1167.75,584.9499999999999,4.5%,"SOL_INR_5m_ST1(12,3.5)+ST2(10,2.0)_SL1.5pct_1-3",2,0
SOL/INR,5m,2026-09-17 to 2026-09-24 (7D),1963,12,3.5,7,2.0,"ST1(12,3.5)+ST2(7,2.0)",1.5%,1:3,1%,1.5,3.0,"ST1(12,3.5)+ST2(7,2.0)",10000,10582.81,582.81,5.83,319.0,3.19,233.55,-116.99,129.75,-116.99,194.625,-116.99,64.29,35.709999999999994,2.0,41.63,14,9,5,0,2,2,1.5,1.5,0,0,0,0,87.97,1.5,5,0.5,1167.75,584.9499999999999,4.5%,"SOL_INR_5m_ST1(12,3.5)+ST2(7,2.0)_SL1.5pct_1-3",2,0
SOL/INR,5m,2026-09-17 to 2026-09-24 (7D),1963,7,2.0,10,3.5,"ST1(7,2.0)+ST2(10,3.5)",1.5%,1:3,1%,1.5,3.0,"ST1(7,2.0)+ST2(10,3.5)",10000,10582.81,582.81,5.83,319.0,3.19,233.55,-116.99,129.75,-116.99,194.625,-116.99,64.29,35.709999999999994,2.0,41.63,14,9,5,0,2,2,1.5,1.5,0,0,0,0,87.97,1.5,5,0.5,1167.75,584.9499999999999,4.5%,"SOL_INR_5m_ST1(7,2.0)+ST2(10,3.5)_SL1.5pct_1-3",2,0
SOL/INR,5m,2026-09-17 to 2026-09-24 (7D),1963,10,3.5,12,2.0,"ST1(10,3.5)+ST2(12,2.0)",1.5%,1:3,1%,1.5,3.0,"ST1(10,3.5)+ST2(12,2.0)",10000,10582.81,582.81,5.83,319.0,3.19,233.55,-116.99,129.75,-116.99,194.625,-116.99,64.29,35.709999999999994,2.0,41.63,14,9,5,0,2,2,1.5,1.5,0,0,0,0,87.97,1.5,5,0.5,1167.75,584.9499999999999,4.5%,"SOL_INR_5m_ST1(10,3.5)+ST2(12,2.0)_SL1.5pct_1-3",2,0
SOL/INR,5m,2026-09-17 to 2026-09-24 (7D),1963,12,3.5,14,2.0,"ST1(12,3.5)+ST2(14,2.0)",1.5%,1:3,1%,1.5,3.0,"ST1(12,3.5)+ST2(14,2.0)",10000,10582.81,582.81,5.83,319.0,3.19,233.55,-116.99,129.75,-116.99,194.625,-116.99,64.29,35.709999999999994,2.0,41.63,14,9,5,0,2,2,1.5,1.5,0,0,0,0,87.97,1.5,5,0.5,1167.75,584.9499999999999,4.5%,"SOL_INR_5m_ST1(12,3.5)+ST2(14,2.0)_SL1.5pct_1-3",2,0
SOL/INR,5m,2026-09-17 to 2026-09-24 (7D),1963,14,2.0,10,3.5,"ST1(14,2.0)+ST2(10,3.5)",1.5%,1:3,1%,1.5,3.0,"ST1(14,2.0)+ST2(10,3.5)",10000,10582.81,582.81,5.83,319.0,3.19,233.55,-116.99,129.75,-116.99,194.625,-116.99,64.29,35.709999999999994,2.0,41.63,14,9,5,0,2,2,1.5,1.5,0,0,0,0,87.97,1.5,5,0.5,1167.75,584.9499999999999,4.5%,"SOL_INR_5m_ST1(14,2.0)+ST2(10,3.5)_SL1.5pct_1-3",2,0
SOL/INR,5m,2026-09-17 to 2026-09-24 (7D),1963,14,2.0,12,3.5,"ST1(14,2.0)+ST2(12,3.5)",1.5%,1:3,1%,1.5,3.0,"ST1(14,2.0)+ST2(12,3.5)",10000,10582.81,582.81,5.83,319.0,3.19,233.55,-116.99,129.75,-116.99,194.625,-116.99,64.29,35.709999999999994,2.0,41.63,14,9,5,0,2,2,1.5,1.5,0,0,0,0,87.97,1.5,5,0.5,1167.75,584.9499999999999,4.5%,"SOL_INR_5m_ST1(14,2.0)+ST2(12,3.5)_SL1.5pct_1-3",2,0
SOL/INR,5m,2026-09-17 to 2026-09-24 (7D),1963,12,3.5,12,2.0,"ST1(12,3.5)+ST2(12,2.0)",1.5%,1:3,1%,1.5,3.0,"ST1(12,3.5)+ST2(12,2.0)",10000,10582.81,582.81,5.83,319.0,3.19,233.55,-116.99,129.75,-116.99,194.625,-116.99,64.29,35.709999999999994,2.0,41.63,14,9,5,0,2,2,1.5,1.5,0,0,0,0,87.97,1.5,5,0.5,1167.75,584.9499999999999,4.5%,"SOL_INR_5m_ST1(12,3.5)+ST2(12,2.0)_SL1.5pct_1-3",2,0
SOL/INR,5m,2026-09-17 to 2026-09-24 (7D),1963,10,3.5,7,2.0,"ST1(10,3.5)+ST2(7,2.0)",1.5%,1:3,1%,1.5,3.0,"ST1(10,3.5)+ST2(7,2.0)",10000,10582.81,582.81,5.83,319.0,3.19,233.55,-116.99,129.75,-116.99,194.625,-116.99,64.29,35.709999999999994,2.0,41.63,14,9,5,0,2,2,1.5,1.5,0,0,0,0,87.97,1.5,5,0.5,1167.75,584.9499999999999,4.5%,"SOL_INR_5m_ST1(10,3.5)+ST2(7,2.0)_SL1.5pct_1-3",2,0
SOL/INR,5m,2026-09-17 to 2026-09-24 (7D),1963,10,3.5,10,2.0,"ST1(10,3.5)+ST2(10,2.0)",1.5%,1:3,1%,1.5,3.0,"ST1(10,3.5)+ST2(10,2.0)",10000,10582.81,582.81,5.83,319.0,3.19,233.55,-116.99,129.75,-116.99,194.625,-116.99,64.29,35.709999999999994,2.0,41.63,14,9,5,0,2,2,1.5,1.5,0,0,0,0,87.97,1.5,5,0.5,1167.75,584.9499999999999,4.5%,"SOL_INR_5m_ST1(10,3.5)+ST2(10,2.0)_SL1.5pct_1-3",2,0
SOL/INR,5m,2026-09-17 to 2026-09-24 (7D),1963,12,2.0,10,3.5,"ST1(12,2.0)+ST2(10,3.5)",1.5%,1:3,1%,1.5,3.0,"ST1(12,2.0)+ST2(10,3.5)",10000,10582.81,582.81,5.83,319.0,3.19,233.55,-116.99,129.75,-116.99,194.625,-116.99,64.29,35.709999999999994,2.0,41.63,14,9,5,0,2,2,1.5,1.5,0,0,0,0,87.97,1.5,5,0.5,1167.75,584.9499999999999,4.5%,"SOL_INR_5m_ST1(12,2.0)+ST2(10,3.5)_SL1.5pct_1-3",2,0
SOL/INR,5m,2026-09-17 to 2026-09-24 (7D),1963,10,3.5,14,2.0,"ST1(10,3.5)+ST2(14,2.0)",1.5%,1:3,1%,1.5,3.0,"ST1(10,3.5)+ST2(14,2.0)",10000,10582.81,582.81,5.83,319.0,3.19,233.55,-116.99,129.75,-116.99,194.625,-116.99,64.29,35.709999999999994,2.0,41.63,14,9,5,0,2,2,1.5,1.5,0,0,0,0,87.97,1.5,5,0.5,1167.75,584.9499999999999,4.5%,"SOL_INR_5m_ST1(10,3.5)+ST2(14,2.0)_SL1.5pct_1-3",2,0
SOL/INR,5m,2026-09-17 to 2026-09-24 (7D),1963,12,2.0,12,3.5,"ST1(12,2.0)+ST2(12,3.5)",1.5%,1:3,1%,1.5,3.0,"ST1(12,2.0)+ST2(12,3.5)",10000,10582.81,582.81,5.83,319.0,3.19,233.55,-116.99,129.75,-116.99,194.625,-116.99,64.29,35.709999999999994,2.0,41.63,14,9,5,0,2,2,1.5,1.5,0,0,0,0,87.97,1.5,5,0.5,1167.75,584.9499999999999,4.5%,"SOL_INR_5m_ST1(12,2.0)+ST2(12,3.5)_SL1.5pct_1-3",2,0
SOL/INR,5m,2026-09-17 to 2026-09-24 (7D),1963,7,2.0,12,3.5,"ST1(7,2.0)+ST2(12,3.5)",1.5%,1:3,1%,1.5,3.0,"ST1(7,2.0)+ST2(12,3.5)",10000,10582.81,582.81,5.83,319.0,3.19,233.55,-116.99,129.75,-116.99,194.625,-116.99,64.29,35.709999999999994,2.0,41.63,14,9,5,0,2,2,1.5,1.5,0,0,0,0,87.97,1.5,5,0.5,1167.75,584.9499999999999,4.5%,"SOL_INR_5m_ST1(7,2.0)+ST2(12,3.5)_SL1.5pct_1-3",2,0
SOL/INR,30m,2026-07-25 to 2026-09-24 (60D),2872,12,3.0,12,4.0,"ST1(12,3.0)+ST2(12,4.0)",1.5%,1:3,1%,1.5,3.0,"ST1(12,3.0)+ST2(12,4.0)",10000,10566.84,566.84,5.67,900.0,9.0,262.908,-94.7,146.06,-94.7,219.09,-94.7,42.17,57.83,1.12,6.83,83,35,48,0,2,2,1.5,1.5,0,0,0,0,55.28,1.5,5,0.5,5112.1,4545.6,4.5%,"SOL_INR_30m_ST1(12,3.0)+ST2(12,4.0)_SL1.5pct_1-3",2,2
SOL/INR,30m,2026-07-25 to 2026-09-24 (60D),2872,12,4.0,12,3.0,"ST1(12,4.0)+ST2(12,3.0)",1.5%,1:3,1%,1.5,3.0,"ST1(12,4.0)+ST2(12,3.0)",10000,10566.84,566.84,5.67,900.0,9.0,262.908,-94.7,146.06,-94.7,219.09,-94.7,42.17,57.83,1.12,6.83,83,35,48,0,2,2,1.5,1.5,0,0,0,0,55.28,1.5,5,0.5,5112.1,4545.6,4.5%,"SOL_INR_30m_ST1(12,4.0)+ST2(12,3.0)_SL1.5pct_1-3",2,2
SOL/INR,30m,2026-07-25 to 2026-09-24 (60D),2872,14,4.0,12,3.0,"ST1(14,4.0)+ST2(12,3.0)",1.5%,1:3,1%,1.5,3.0,"ST1(14,4.0)+ST2(12,3.0)",10000,10564.86,564.86,5.65,902.0,9.02,267.624,-93.55,148.68,-93.55,223.02,-93.55,41.46,58.54,1.13,6.89,82,34,48,0,2,2,1.5,1.5,0,0,0,0,55.28,1.5,5,0.5,5055.12,4490.4,4.5%,"SOL_INR_30m_ST1(14,4.0)+ST2(12,3.0)_SL1.5pct_1-3",2,2
SOL/INR,30m,2026-07-25 to 2026-09-24 (60D),2872,12,3.0,14,4.0,"ST1(12,3.0)+ST2(14,4.0)",1.5%,1:3,1%,1.5,3.0,"ST1(12,3.0)+ST2(14,4.0)",10000,10564.86,564.86,5.65,902.0,9.02,267.624,-93.55,148.68,-93.55,223.02,-93.55,41.46,58.54,1.13,6.89,82,34,48,0,2,2,1.5,1.5,0,0,0,0,55.28,1.5,5,0.5,5055.12,4490.4,4.5%,"SOL_INR_30m_ST1(12,3.0)+ST2(14,4.0)_SL1.5pct_1-3",2,2
SOL/INR,30m,2026-07-25 to 2026-09-24 (60D),2872,12,3.0,7,3.5,"ST1(12,3.0)+ST2(7,3.5)",1.5%,1:3,1%,1.5,3.0,"ST1(12,3.0)+ST2(7,3.5)",10000,10564.31,564.31,5.64,784.0,7.84,255.996,-92.97,142.22,-92.97,213.33,-92.97,42.35,57.65,1.12,6.64,85,36,49,0,2,2,1.5,1.5,0,0,0,0,59.35,1.5,5,0.5,5119.92,4555.53,4.5%,"SOL_INR_30m_ST1(12,3.0)+ST2(7,3.5)_SL1.5pct_1-3",2,2
SOL/INR,30m,2026-07-25 to 2026-09-24 (60D),2872,7,3.5,12,3.0,"ST1(7,3.5)+ST2(12,3.0)",1.5%,1:3,1%,1.5,3.0,"ST1(7,3.5)+ST2(12,3.0)",10000,10564.31,564.31,5.64,784.0,7.84,255.996,-92.97,142.22,-92.97,213.33,-92.97,42.35,57.65,1.12,6.64,85,36,49,0,2,2,1.5,1.5,0,0,0,0,59.35,1.5,5,0.5,5119.92,4555.53,4.5%,"SOL_INR_30m_ST1(7,3.5)+ST2(12,3.0)_SL1.5pct_1-3",2,2
BTC/INR,5m,2026-09-17 to 2026-09-24 (7D),1963,12,3.0,14,3.5,"ST1(12,3.0)+ST2(14,3.5)",1.5%,1:3,1%,1.5,3.0,"ST1(12,3.0)+ST2(14,3.5)",10000,10558.61,558.61,5.59,111.0,1.11,204.192,-78.48,113.44,-78.48,170.16,-78.48,70.0,30.0,3.37,55.86,10,7,3,0,2,2,1.5,1.5,0,0,0,0,91.49,1.5,5,0.5,794.0799999999999,235.44,4.5%,"BTC_INR_5m_ST1(12,3.0)+ST2(14,3.5)_SL1.5pct_1-3",0,0
BTC/INR,5m,2026-09-17 to 2026-09-24 (7D),1963,12,3.0,7,4.0,"ST1(12,3.0)+ST2(7,4.0)",1.5%,1:3,1%,1.5,3.0,"ST1(12,3.0)+ST2(7,4.0)",10000,10558.61,558.61,5.59,111.0,1.11,204.192,-78.48,113.44,-78.48,170.16,-78.48,70.0,30.0,3.37,55.86,10,7,3,0,2,2,1.5,1.5,0,0,0,0,91.49,1.5,5,0.5,794.0799999999999,235.44,4.5%,"BTC_INR_5m_ST1(12,3.0)+ST2(7,4.0)_SL1.5pct_1-3",0,0
BTC/INR,5m,2026-09-17 to 2026-09-24 (7D),1963,12,3.0,10,3.5,"ST1(12,3.0)+ST2(10,3.5)",1.5%,1:3,1%,1.5,3.0,"ST1(12,3.0)+ST2(10,3.5)",10000,10558.61,558.61,5.59,111.0,1.11,204.192,-78.48,113.44,-78.48,170.16,-78.48,70.0,30.0,3.37,55.86,10,7,3,0,2,2,1.5,1.5,0,0,0,0,91.49,1.5,5,0.5,794.0799999999999,235.44,4.5%,"BTC_INR_5m_ST1(12,3.0)+ST2(10,3.5)_SL1.5pct_1-3",0,0
BTC/INR,5m,2026-09-17 to 2026-09-24 (7D),1963,12,3.0,7,3.5,"ST1(12,3.0)+ST2(7,3.5)",1.5%,1:3,1%,1.5,3.0,"ST1(12,3.0)+ST2(7,3.5)",10000,10558.61,558.61,5.59,111.0,1.11,204.192,-78.48,113.44,-78.48,170.16,-78.48,70.0,30.0,3.37,55.86,10,7,3,0,2,2,1.5,1.5,0,0,0,0,91.49,1.5,5,0.5,794.0799999999999,235.44,4.5%,"BTC_INR_5m_ST1(12,3.0)+ST2(7,3.5)_SL1.5pct_1-3",0,0
BTC/INR,5m,2026-09-17 to 2026-09-24 (7D),1963,7,3.5,10,3.0,"ST1(7,3.5)+ST2(10,3.0)",1.5%,1:3,1%,1.5,3.0,"ST1(7,3.5)+ST2(10,3.0)",10000,10558.61,558.61,5.59,111.0,1.11,204.192,-78.48,113.44,-78.48,170.16,-78.48,70.0,30.0,3.37,55.86,10,7,3,0,2,2,1.5,1.5,0,0,0,0,91.49,1.5,5,0.5,794.0799999999999,235.44,4.5%,"BTC_INR_5m_ST1(7,3.5)+ST2(10,3.0)_SL1.5pct_1-3",0,0
BTC/INR,5m,2026-09-17 to 2026-09-24 (7D),1963,14,3.5,14,3.0,"ST1(14,3.5)+ST2(14,3.0)",1.5%,1:3,1%,1.5,3.0,"ST1(14,3.5)+ST2(14,3.0)",10000,10558.61,558.61,5.59,111.0,1.11,204.192,-78.48,113.44,-78.48,170.16,-78.48,70.0,30.0,3.37,55.86,10,7,3,0,2,2,1.5,1.5,0,0,0,0,91.49,1.5,5,0.5,794.0799999999999,235.44,4.5%,"BTC_INR_5m_ST1(14,3.5)+ST2(14,3.0)_SL1.5pct_1-3",0,0
BTC/INR,5m,2026-09-17 to 2026-09-24 (7D),1963,12,3.5,10,3.0,"ST1(12,3.5)+ST2(10,3.0)",1.5%,1:3,1%,1.5,3.0,"ST1(12,3.5)+ST2(10,3.0)",10000,10558.61,558.61,5.59,111.0,1.11,204.192,-78.48,113.44,-78.48,170.16,-78.48,70.0,30.0,3.37,55.86,10,7,3,0,2,2,1.5,1.5,0,0,0,0,91.49,1.5,5,0.5,794.0799999999999,235.44,4.5%,"BTC_INR_5m_ST1(12,3.5)+ST2(10,3.0)_SL1.5pct_1-3",0,0
BTC/INR,5m,2026-09-17 to 2026-09-24 (7D),1963,7,4.0,12,3.0,"ST1(7,4.0)+ST2(12,3.0)",1.5%,1:3,1%,1.5,3.0,"ST1(7,4.0)+ST2(12,3.0)",10000,10558.61,558.61,5.59,111.0,1.11,204.192,-78.48,113.44,-78.48,170.16,-78.48,70.0,30.0,3.37,55.86,10,7,3,0,2,2,1.5,1.5,0,0,0,0,91.49,1.5,5,0.5,794.0799999999999,235.44,4.5%,"BTC_INR_5m_ST1(7,4.0)+ST2(12,3.0)_SL1.5pct_1-3",0,0
BTC/INR,5m,2026-09-17 to 2026-09-24 (7D),1963,7,4.0,14,3.0,"ST1(7,4.0)+ST2(14,3.0)",1.5%,1:3,1%,1.5,3.0,"ST1(7,4.0)+ST2(14,3.0)",10000,10558.61,558.61,5.59,111.0,1.11,204.192,-78.48,113.44,-78.48,170.16,-78.48,70.0,30.0,3.37,55.86,10,7,3,0,2,2,1.5,1.5,0,0,0,0,91.49,1.5,5,0.5,794.0799999999999,235.44,4.5%,"BTC_INR_5m_ST1(7,4.0)+ST2(14,3.0)_SL1.5pct_1-3",0,0
BTC/INR,5m,2026-09-17 to 2026-09-24 (7D),1963,10,3.0,7,3.5,"ST1(10,3.0)+ST2(7,3.5)",1.5%,1:3,1%,1.5,3.0,"ST1(10,3.0)+ST2(7,3.5)",10000,10558.61,558.61,5.59,111.0,1.11,204.192,-78.48,113.44,-78.48,170.16,-78.48,70.0,30.0,3.37,55.86,10,7,3,0,2,2,1.5,1.5,0,0,0,0,91.49,1.5,5,0.5,794.0799999999999,235.44,4.5%,"BTC_INR_5m_ST1(10,3.0)+ST2(7,3.5)_SL1.5pct_1-3",0,0
BTC/INR,5m,2026-09-17 to 2026-09-24 (7D),1963,7,4.0,10,3.0,"ST1(7,4.0)+ST2(10,3.0)",1.5%,1:3,1%,1.5,3.0,"ST1(7,4.0)+ST2(10,3.0)",10000,10558.61,558.61,5.59,111.0,1.11,204.192,-78.48,113.44,-78.48,170.16,-78.48,70.0,30.0,3.37,55.86,10,7,3,0,2,2,1.5,1.5,0,0,0,0,91.49,1.5,5,0.5,794.0799999999999,235.44,4.5%,"BTC_INR_5m_ST1(7,4.0)+ST2(10,3.0)_SL1.5pct_1-3",0,0
BTC/INR,5m,2026-09-17 to 2026-09-24 (7D),1963,10,3.5,10,3.0,"ST1(10,3.5)+ST2(10,3.0)",1.5%,1:3,1%,1.5,3.0,"ST1(10,3.5)+ST2(10,3.0)",10000,10558.61,558.61,5.59,111.0,1.11,204.192,-78.48,113.44,-78.48,170.16,-78.48,70.0,30.0,3.37,55.86,10,7,3,0,2,2,1.5,1.5,0,0,0,0,91.49,1.5,5,0.5,794.0799999999999,235.44,4.5%,"BTC_INR_5m_ST1(10,3.5)+ST2(10,3.0)_SL1.5pct_1-3",0,0
BTC/INR,5m,2026-09-17 to 2026-09-24 (7D),1963,12,3.0,12,3.5,"ST1(12,3.0)+ST2(12,3.5)",1.5%,1:3,1%,1.5,3.0,"ST1(12,3.0)+ST2(12,3.5)",10000,10558.61,558.61,5.59,111.0,1.11,204.192,-78.48,113.44,-78.48,170.16,-78.48,70.0,30.0,3.37,55.86,10,7,3,0,2,2,1.5,1.5,0,0,0,0,91.49,1.5,5,0.5,794.0799999999999,235.44,4.5%,"BTC_INR_5m_ST1(12,3.0)+ST2(12,3.5)_SL1.5pct_1-3",0,0
BTC/INR,5m,2026-09-17 to 2026-09-24 (7D),1963,10,3.5,14,3.0,"ST1(10,3.5)+ST2(14,3.0)",1.5%,1:3,1%,1.5,3.0,"ST1(10,3.5)+ST2(14,3.0)",10000,10558.61,558.61,5.59,111.0,1.11,204.192,-78.48,113.44,-78.48,170.16,-78.48,70.0,30.0,3.37,55.86,10,7,3,0,2,2,1.5,1.5,0,0,0,0,91.49,1.5,5,0.5,794.0799999999999,235.44,4.5%,"BTC_INR_5m_ST1(10,3.5)+ST2(14,3.0)_SL1.5pct_1-3",0,0
BTC/INR,5m,2026-09-17 to 2026-09-24 (7D),1963,14,3.0,12,3.5,"ST1(14,3.0)+ST2(12,3.5)",1.5%,1:3,1%,1.5,3.0,"ST1(14,3.0)+ST2(12,3.5)",10000,10558.61,558.61,5.59,111.0,1.11,204.192,-78.48,113.44,-78.48,170.16,-78.48,70.0,30.0,3.37,55.86,10,7,3,0,2,2,1.5,1.5,0,0,0,0,91.49,1.5,5,0.5,794.0799999999999,235.44,4.5%,"BTC_INR_5m_ST1(14,3.0)+ST2(12,3.5)_SL1.5pct_1-3",0,0
BTC/INR,5m,2026-09-17 to 2026-09-24 (7D),1963,10,3.5,12,3.0,"ST1(10,3.5)+ST2(12,3.0)",1.5%,1:3,1%,1.5,3.0,"ST1(10,3.5)+ST2(12,3.0)",10000,10558.61,558.61,5.59,111.0,1.11,204.192,-78.48,113.44,-78.48,170.16,-78.48,70.0,30.0,3.37,55.86,10,7,3,0,2,2,1.5,1.5,0,0,0,0,91.49,1.5,5,0.5,794.0799999999999,235.44,4.5%,"BTC_INR_5m_ST1(10,3.5)+ST2(12,3.0)_SL1.5pct_1-3",0,0
BTC/INR,5m,2026-09-17 to 2026-09-24 (7D),1963,14,3.0,10,3.5,"ST1(14,3.0)+ST2(10,3.5)",1.5%,1:3,1%,1.5,3.0,"ST1(14,3.0)+ST2(10,3.5)",10000,10558.61,558.61,5.59,111.0,1.11,204.192,-78.48,113.44,-78.48,170.16,-78.48,70.0,30.0,3.37,55.86,10,7,3,0,2,2,1.5,1.5,0,0,0,0,91.49,1.5,5,0.5,794.0799999999999,235.44,4.5%,"BTC_INR_5m_ST1(14,3.0)+ST2(10,3.5)_SL1.5pct_1-3",0,0
BTC/INR,5m,2026-09-17 to 2026-09-24 (7D),1963,14,3.0,7,4.0,"ST1(14,3.0)+ST2(7,4.0)",1.5%,1:3,1%,1.5,3.0,"ST1(14,3.0)+ST2(7,4.0)",10000,10558.61,558.61,5.59,111.0,1.11,204.192,-78.48,113.44,-78.48,170.16,-78.48,70.0,30.0,3.37,55.86,10,7,3,0,2,2,1.5,1.5,0,0,0,0,91.49,1.5,5,0.5,794.0799999999999,235.44,4.5%,"BTC_INR_5m_ST1(14,3.0)+ST2(7,4.0)_SL1.5pct_1-3",0,0
BTC/INR,5m,2026-09-17 to 2026-09-24 (7D),1963,12,3.5,14,3.0,"ST1(12,3.5)+ST2(14,3.0)",1.5%,1:3,1%,1.5,3.0,"ST1(12,3.5)+ST2(14,3.0)",10000,10558.61,558.61,5.59,111.0,1.11,204.192,-78.48,113.44,-78.48,170.16,-78.48,70.0,30.0,3.37,55.86,10,7,3,0,2,2,1.5,1.5,0,0,0,0,91.49,1.5,5,0.5,794.0799999999999,235.44,4.5%,"BTC_INR_5m_ST1(12,3.5)+ST2(14,3.0)_SL1.5pct_1-3",0,0
BTC/INR,5m,2026-09-17 to 2026-09-24 (7D),1963,14,3.0,7,3.5,"ST1(14,3.0)+ST2(7,3.5)",1.5%,1:3,1%,1.5,3.0,"ST1(14,3.0)+ST2(7,3.5)",10000,10558.61,558.61,5.59,111.0,1.11,204.192,-78.48,113.44,-78.48,170.16,-78.48,70.0,30.0,3.37,55.86,10,7,3,0,2,2,1.5,1.5,0,0,0,0,91.49,1.5,5,0.5,794.0799999999999,235.44,4.5%,"BTC_INR_5m_ST1(14,3.0)+ST2(7,3.5)_SL1.5pct_1-3",0,0
BTC/INR,5m,2026-09-17 to 2026-09-24 (7D),1963,14,3.5,12,3.0,"ST1(14,3.5)+ST2(12,3.0)",1.5%,1:3,1%,1.5,3.0,"ST1(14,3.5)+ST2(12,3.0)",10000,10558.61,558.61,5.59,111.0,1.11,204.192,-78.48,113.44,-78.48,170.16,-78.48,70.0,30.0,3.37,55.86,10,7,3,0,2,2,1.5,1.5,0,0,0,0,91.49,1.5,5,0.5,794.0799999999999,235.44,4.5%,"BTC_INR_5m_ST1(14,3.5)+ST2(12,3.0)_SL1.5pct_1-3",0,0
BTC/INR,5m,2026-09-17 to 2026-09-24 (7D),1963,14,3.0,14,3.5,"ST1(14,3.0)+ST2(14,3.5)",1.5%,1:3,1%,1.5,3.0,"ST1(14,3.0)+ST2(14,3.5)",10000,10558.61,558.61,5.59,111.0,1.11,204.192,-78.48,113.44,-78.48,170.16,-78.48,70.0,30.0,3.37,55.86,10,7,3,0,2,2,1.5,1.5,0,0,0,0,91.49,1.5,5,0.5,794.0799999999999,235.44,4.5%,"BTC_INR_5m_ST1(14,3.0)+ST2(14,3.5)_SL1.5pct_1-3",0,0
BTC/INR,5m,2026-09-17 to 2026-09-24 (7D),1963,10,3.0,14,3.5,"ST1(10,3.0)+ST2(14,3.5)",1.5%,1:3,1%,1.5,3.0,"ST1(10,3.0)+ST2(14,3.5)",10000,10558.61,558.61,5.59,111.0,1.11,204.192,-78.48,113.44,-78.48,170.16,-78.48,70.0,30.0,3.37,55.86,10,7,3,0,2,2,1.5,1.5,0,0,0,0,91.49,1.5,5,0.5,794.0799999999999,235.44,4.5%,"BTC_INR_5m_ST1(10,3.0)+ST2(14,3.5)_SL1.5pct_1-3",0,0
BTC/INR,5m,2026-09-17 to 2026-09-24 (7D),1963,10,3.0,12,3.5,"ST1(10,3.0)+ST2(12,3.5)",1.5%,1:3,1%,1.5,3.0,"ST1(10,3.0)+ST2(12,3.5)",10000,10558.61,558.61,5.59,111.0,1.11,204.192,-78.48,113.44,-78.48,170.16,-78.48,70.0,30.0,3.37,55.86,10,7,3,0,2,2,1.5,1.5,0,0,0,0,91.49,1.5,5,0.5,794.0799999999999,235.44,4.5%,"BTC_INR_5m_ST1(10,3.0)+ST2(12,3.5)_SL1.5pct_1-3",0,0
BTC/INR,5m,2026-09-17 to 2026-09-24 (7D),1963,12,3.5,12,3.0,"ST1(12,3.5)+ST2(12,3.0)",1.5%,1:3,1%,1.5,3.0,"ST1(12,3.5)+ST2(12,3.0)",10000,10558.61,558.61,5.59,111.0,1.11,204.192,-78.48,113.44,-78.48,170.16,-78.48,70.0,30.0,3.37,55.86,10,7,3,0,2,2,1.5,1.5,0,0,0,0,91.49,1.5,5,0.5,794.0799999999999,235.44,4.5%,"BTC_INR_5m_ST1(12,3.5)+ST2(12,3.0)_SL1.5pct_1-3",0,0
BTC/INR,5m,2026-09-17 to 2026-09-24 (7D),1963,14,3.5,10,3.0,"ST1(14,3.5)+ST2(10,3.0)",1.5%,1:3,1%,1.5,3.0,"ST1(14,3.5)+ST2(10,3.0)",10000,10558.61,558.61,5.59,111.0,1.11,204.192,-78.48,113.44,-78.48,170.16,-78.48,70.0,30.0,3.37,55.86,10,7,3,0,2,2,1.5,1.5,0,0,0,0,91.49,1.5,5,0.5,794.0799999999999,235.44,4.5%,"BTC_INR_5m_ST1(14,3.5)+ST2(10,3.0)_SL1.5pct_1-3",0,0
BTC/INR,5m,2026-09-17 to 2026-09-24 (7D),1963,10,3.0,7,4.0,"ST1(10,3.0)+ST2(7,4.0)",1.5%,1:3,1%,1.5,3.0,"ST1(10,3.0)+ST2(7,4.0)",10000,10558.61,558.61,5.59,111.0,1.11,204.192,-78.48,113.44,-78.48,170.16,-78.48,70.0,30.0,3.37,55.86,10,7,3,0,2,2,1.5,1.5,0,0,0,0,91.49,1.5,5,0.5,794.0799999999999,235.44,4.5%,"BTC_INR_5m_ST1(10,3.0)+ST2(7,4.0)_SL1.5pct_1-3",0,0
BTC/INR,5m,2026-09-17 to 2026-09-24 (7D),1963,10,3.0,10,3.5,"ST1(10,3.0)+ST2(10,3.5)",1.5%,1:3,1%,1.5,3.0,"ST1(10,3.0)+ST2(10,3.5)",10000,10558.61,558.61,5.59,111.0,1.11,204.192,-78.48,113.44,-78.48,170.16,-78.48,70.0,30.0,3.37,55.86,10,7,3,0,2,2,1.5,1.5,0,0,0,0,91.49,1.5,5,0.5,794.0799999999999,235.44,4.5%,"BTC_INR_5m_ST1(10,3.0)+ST2(10,3.5)_SL1.5pct_1-3",0,0
BTC/INR,5m,2026-09-17 to 2026-09-24 (7D),1963,7,3.5,14,3.0,"ST1(7,3.5)+ST2(14,3.0)",1.5%,1:3,1%,1.5,3.0,"ST1(7,3.5)+ST2(14,3.0)",10000,10558.61,558.61,5.59,111.0,1.11,204.192,-78.48,113.44,-78.48,170.16,-78.48,70.0,30.0,3.37,55.86,10,7,3,0,2,2,1.5,1.5,0,0,0,0,91.49,1.5,5,0.5,794.0799999999999,235.44,4.5%,"BTC_INR_5m_ST1(7,3.5)+ST2(14,3.0)_SL1.5pct_1-3",0,0
BTC/INR,5m,2026-09-17 to 2026-09-24 (7D),1963,7,3.5,12,3.0,"ST1(7,3.5)+ST2(12,3.0)",1.5%,1:3,1%,1.5,3.0,"ST1(7,3.5)+ST2(12,3.0)",10000,10558.61,558.61,5.59,111.0,1.11,204.192,-78.48,113.44,-78.48,170.16,-78.48,70.0,30.0,3.37,55.86,10,7,3,0,2,2,1.5,1.5,0,0,0,0,91.49,1.5,5,0.5,794.0799999999999,235.44,4.5%,"BTC_INR_5m_ST1(7,3.5)+ST2(12,3.0)_SL1.5pct_1-3",0,0
SOL/INR,5m,2026-09-17 to 2026-09-24 (7D),1963,12,2.0,10,4.0,"ST1(12,2.0)+ST2(10,4.0)",1.5%,1:3,1%,1.5,3.0,"ST1(12,2.0)+ST2(10,4.0)",10000,10554.47,554.47,5.54,319.0,3.19,227.574,-116.68,126.43,-116.68,189.645,-116.68,64.29,35.709999999999994,1.95,39.61,14,9,5,0,2,2,1.5,1.5,0,0,0,0,85.93,1.5,5,0.5,1137.87,583.4000000000001,4.5%,"SOL_INR_5m_ST1(12,2.0)+ST2(10,4.0)_SL1.5pct_1-3",2,0
SOL/INR,5m,2026-09-17 to 2026-09-24 (7D),1963,10,4.0,7,2.0,"ST1(10,4.0)+ST2(7,2.0)",1.5%,1:3,1%,1.5,3.0,"ST1(10,4.0)+ST2(7,2.0)",10000,10554.47,554.47,5.54,319.0,3.19,227.574,-116.68,126.43,-116.68,189.645,-116.68,64.29,35.709999999999994,1.95,39.61,14,9,5,0,2,2,1.5,1.5,0,0,0,0,85.93,1.5,5,0.5,1137.87,583.4000000000001,4.5%,"SOL_INR_5m_ST1(10,4.0)+ST2(7,2.0)_SL1.5pct_1-3",2,0
SOL/INR,5m,2026-09-17 to 2026-09-24 (7D),1963,7,2.0,10,4.0,"ST1(7,2.0)+ST2(10,4.0)",1.5%,1:3,1%,1.5,3.0,"ST1(7,2.0)+ST2(10,4.0)",10000,10554.47,554.47,5.54,319.0,3.19,227.574,-116.68,126.43,-116.68,189.645,-116.68,64.29,35.709999999999994,1.95,39.61,14,9,5,0,2,2,1.5,1.5,0,0,0,0,85.93,1.5,5,0.5,1137.87,583.4000000000001,4.5%,"SOL_INR_5m_ST1(7,2.0)+ST2(10,4.0)_SL1.5pct_1-3",2,0
SOL/INR,5m,2026-09-17 to 2026-09-24 (7D),1963,10,4.0,12,2.0,"ST1(10,4.0)+ST2(12,2.0)",1.5%,1:3,1%,1.5,3.0,"ST1(10,4.0)+ST2(12,2.0)",10000,10554.47,554.47,5.54,319.0,3.19,227.574,-116.68,126.43,-116.68,189.645,-116.68,64.29,35.709999999999994,1.95,39.61,14,9,5,0,2,2,1.5,1.5,0,0,0,0,85.93,1.5,5,0.5,1137.87,583.4000000000001,4.5%,"SOL_INR_5m_ST1(10,4.0)+ST2(12,2.0)_SL1.5pct_1-3",2,0
SOL/INR,5m,2026-09-17 to 2026-09-24 (7D),1963,10,4.0,14,2.0,"ST1(10,4.0)+ST2(14,2.0)",1.5%,1:3,1%,1.5,3.0,"ST1(10,4.0)+ST2(14,2.0)",10000,10554.47,554.47,5.54,319.0,3.19,227.574,-116.68,126.43,-116.68,189.645,-116.68,64.29,35.709999999999994,1.95,39.61,14,9,5,0,2,2,1.5,1.5,0,0,0,0,85.93,1.5,5,0.5,1137.87,583.4000000000001,4.5%,"SOL_INR_5m_ST1(10,4.0)+ST2(14,2.0)_SL1.5pct_1-3",2,0
SOL/INR,5m,2026-09-17 to 2026-09-24 (7D),1963,7,2.0,7,4.0,"ST1(7,2.0)+ST2(7,4.0)",1.5%,1:3,1%,1.5,3.0,"ST1(7,2.0)+ST2(7,4.0)",10000,10554.47,554.47,5.54,319.0,3.19,227.574,-116.68,126.43,-116.68,189.645,-116.68,64.29,35.709999999999994,1.95,39.61,14,9,5,0,2,2,1.5,1.5,0,0,0,0,86.34,1.5,5,0.5,1137.87,583.4000000000001,4.5%,"SOL_INR_5m_ST1(7,2.0)+ST2(7,4.0)_SL1.5pct_1-3",2,0
SOL/INR,5m,2026-09-17 to 2026-09-24 (7D),1963,14,2.0,7,4.0,"ST1(14,2.0)+ST2(7,4.0)",1.5%,1:3,1%,1.5,3.0,"ST1(14,2.0)+ST2(7,4.0)",10000,10554.47,554.47,5.54,319.0,3.19,227.574,-116.68,126.43,-116.68,189.645,-116.68,64.29,35.709999999999994,1.95,39.61,14,9,5,0,2,2,1.5,1.5,0,0,0,0,86.34,1.5,5,0.5,1137.87,583.4000000000001,4.5%,"SOL_INR_5m_ST1(14,2.0)+ST2(7,4.0)_SL1.5pct_1-3",2,0
SOL/INR,5m,2026-09-17 to 2026-09-24 (7D),1963,14,2.0,10,4.0,"ST1(14,2.0)+ST2(10,4.0)",1.5%,1:3,1%,1.5,3.0,"ST1(14,2.0)+ST2(10,4.0)",10000,10554.47,554.47,5.54,319.0,3.19,227.574,-116.68,126.43,-116.68,189.645,-116.68,64.29,35.709999999999994,1.95,39.61,14,9,5,0,2,2,1.5,1.5,0,0,0,0,85.93,1.5,5,0.5,1137.87,583.4000000000001,4.5%,"SOL_INR_5m_ST1(14,2.0)+ST2(10,4.0)_SL1.5pct_1-3",2,0
SOL/INR,5m,2026-09-17 to 2026-09-24 (7D),1963,7,4.0,10,2.0,"ST1(7,4.0)+ST2(10,2.0)",1.5%,1:3,1%,1.5,3.0,"ST1(7,4.0)+ST2(10,2.0)",10000,10554.47,554.47,5.54,319.0,3.19,227.574,-116.68,126.43,-116.68,189.645,-116.68,64.29,35.709999999999994,1.95,39.61,14,9,5,0,2,2,1.5,1.5,0,0,0,0,86.34,1.5,5,0.5,1137.87,583.4000000000001,4.5%,"SOL_INR_5m_ST1(7,4.0)+ST2(10,2.0)_SL1.5pct_1-3",2,0
SOL/INR,5m,2026-09-17 to 2026-09-24 (7D),1963,7,4.0,7,2.0,"ST1(7,4.0)+ST2(7,2.0)",1.5%,1:3,1%,1.5,3.0,"ST1(7,4.0)+ST2(7,2.0)",10000,10554.47,554.47,5.54,319.0,3.19,227.574,-116.68,126.43,-116.68,189.645,-116.68,64.29,35.709999999999994,1.95,39.61,14,9,5,0,2,2,1.5,1.5,0,0,0,0,86.34,1.5,5,0.5,1137.87,583.4000000000001,4.5%,"SOL_INR_5m_ST1(7,4.0)+ST2(7,2.0)_SL1.5pct_1-3",2,0
SOL/INR,5m,2026-09-17 to 2026-09-24 (7D),1963,10,4.0,10,2.0,"ST1(10,4.0)+ST2(10,2.0)",1.5%,1:3,1%,1.5,3.0,"ST1(10,4.0)+ST2(10,2.0)",10000,10554.47,554.47,5.54,319.0,3.19,227.574,-116.68,126.43,-116.68,189.645,-116.68,64.29,35.709999999999994,1.95,39.61,14,9,5,0,2,2,1.5,1.5,0,0,0,0,85.93,1.5,5,0.5,1137.87,583.4000000000001,4.5%,"SOL_INR_5m_ST1(10,4.0)+ST2(10,2.0)_SL1.5pct_1-3",2,0
SOL/INR,5m,2026-09-17 to 2026-09-24 (7D),1963,10,2.0,10,4.0,"ST1(10,2.0)+ST2(10,4.0)",1.5%,1:3,1%,1.5,3.0,"ST1(10,2.0)+ST2(10,4.0)",10000,10554.47,554.47,5.54,319.0,3.19,227.574,-116.68,126.43,-116.68,189.645,-116.68,64.29,35.709999999999994,1.95,39.61,14,9,5,0,2,2,1.5,1.5,0,0,0,0,85.93,1.5,5,0.5,1137.87,583.4000000000001,4.5%,"SOL_INR_5m_ST1(10,2.0)+ST2(10,4.0)_SL1.5pct_1-3",2,0
SOL/INR,5m,2026-09-17 to 2026-09-24 (7D),1963,10,2.0,7,4.0,"ST1(10,2.0)+ST2(7,4.0)",1.5%,1:3,1%,1.5,3.0,"ST1(10,2.0)+ST2(7,4.0)",10000,10554.47,554.47,5.54,319.0,3.19,227.574,-116.68,126.43,-116.68,189.645,-116.68,64.29,35.709999999999994,1.95,39.61,14,9,5,0,2,2,1.5,1.5,0,0,0,0,86.34,1.5,5,0.5,1137.87,583.4000000000001,4.5%,"SOL_INR_5m_ST1(10,2.0)+ST2(7,4.0)_SL1.5pct_1-3",2,0
SOL/INR,5m,2026-09-17 to 2026-09-24 (7D),1963,12,2.0,7,4.0,"ST1(12,2.0)+ST2(7,4.0)",1.5%,1:3,1%,1.5,3.0,"ST1(12,2.0)+ST2(7,4.0)",10000,10554.47,554.47,5.54,319.0,3.19,227.574,-116.68,126.43,-116.68,189.645,-116.68,64.29,35.709999999999994,1.95,39.61,14,9,5,0,2,2,1.5,1.5,0,0,0,0,86.34,1.5,5,0.5,1137.87,583.4000000000001,4.5%,"SOL_INR_5m_ST1(12,2.0)+ST2(7,4.0)_SL1.5pct_1-3",2,0
SOL/INR,5m,2026-09-17 to 2026-09-24 (7D),1963,7,4.0,12,2.0,"ST1(7,4.0)+ST2(12,2.0)",1.5%,1:3,1%,1.5,3.0,"ST1(7,4.0)+ST2(12,2.0)",10000,10554.47,554.47,5.54,319.0,3.19,227.574,-116.68,126.43,-116.68,189.645,-116.68,64.29,35.709999999999994,1.95,39.61,14,9,5,0,2,2,1.5,1.5,0,0,0,0,86.34,1.5,5,0.5,1137.87,583.4000000000001,4.5%,"SOL_INR_5m_ST1(7,4.0)+ST2(12,2.0)_SL1.5pct_1-3",2,0
SOL/INR,5m,2026-09-17 to 2026-09-24 (7D),1963,7,4.0,14,2.0,"ST1(7,4.0)+ST2(14,2.0)",1.5%,1:3,1%,1.5,3.0,"ST1(7,4.0)+ST2(14,2.0)",10000,10554.47,554.47,5.54,319.0,3.19,227.574,-116.68,126.43,-116.68,189.645,-116.68,64.29,35.709999999999994,1.95,39.61,14,9,5,0,2,2,1.5,1.5,0,0,0,0,86.34,1.5,5,0.5,1137.87,583.4000000000001,4.5%,"SOL_INR_5m_ST1(7,4.0)+ST2(14,2.0)_SL1.5pct_1-3",2,0
BTC/INR,5m,2026-09-17 to 2026-09-24 (7D),1963,10,2.0,7,4.0,"ST1(10,2.0)+ST2(7,4.0)",1.5%,1:3,1%,1.5,3.0,"ST1(10,2.0)+ST2(7,4.0)",10000,10550.34,550.34,5.5,118.0,1.18,239.16600000000005,-61.73,132.87,-61.73,199.305,-61.73,60.0,40.0,3.23,55.03,10,6,4,0,2,2,1.5,1.5,0,0,0,0,85.27,1.5,5,0.5,797.22,246.92,4.5%,"BTC_INR_5m_ST1(10,2.0)+ST2(7,4.0)_SL1.5pct_1-3",0,0
BTC/INR,5m,2026-09-17 to 2026-09-24 (7D),1963,7,4.0,10,2.0,"ST1(7,4.0)+ST2(10,2.0)",1.5%,1:3,1%,1.5,3.0,"ST1(7,4.0)+ST2(10,2.0)",10000,10550.34,550.34,5.5,118.0,1.18,239.16600000000005,-61.73,132.87,-61.73,199.305,-61.73,60.0,40.0,3.23,55.03,10,6,4,0,2,2,1.5,1.5,0,0,0,0,85.27,1.5,5,0.5,797.22,246.92,4.5%,"BTC_INR_5m_ST1(7,4.0)+ST2(10,2.0)_SL1.5pct_1-3",0,0
SOL/INR,30m,2026-07-25 to 2026-09-24 (60D),2872,7,3.0,10,4.0,"ST1(7,3.0)+ST2(10,4.0)",1.5%,1:3,1%,1.5,3.0,"ST1(7,3.0)+ST2(10,4.0)",10000,10549.26,549.26,5.49,900.0,9.0,270.27000000000004,-92.97,150.15,-92.97,225.225,-92.97,40.96,59.04,1.12,6.62,83,34,49,0,2,2,1.5,1.5,0,0,0,0,55.1,1.5,5,0.5,5105.1,4555.53,4.5%,"SOL_INR_30m_ST1(7,3.0)+ST2(10,4.0)_SL1.5pct_1-3",2,2
SOL/INR,30m,2026-07-25 to 2026-09-24 (60D),2872,10,4.0,7,3.0,"ST1(10,4.0)+ST2(7,3.0)",1.5%,1:3,1%,1.5,3.0,"ST1(10,4.0)+ST2(7,3.0)",10000,10549.26,549.26,5.49,900.0,9.0,270.27000000000004,-92.97,150.15,-92.97,225.225,-92.97,40.96,59.04,1.12,6.62,83,34,49,0,2,2,1.5,1.5,0,0,0,0,55.1,1.5,5,0.5,5105.1,4555.53,4.5%,"SOL_INR_30m_ST1(10,4.0)+ST2(7,3.0)_SL1.5pct_1-3",2,2
SOL/INR,30m,2026-07-25 to 2026-09-24 (60D),2872,14,4.0,12,3.5,"ST1(14,4.0)+ST2(12,3.5)",1.5%,1:3,1%,1.5,3.0,"ST1(14,4.0)+ST2(12,3.5)",10000,10541.78,541.78,5.42,769.0,7.69,270.648,-92.57,150.36,-92.57,225.54,-92.57,40.7,59.3,1.11,6.3,86,35,51,0,2,2,1.5,1.5,0,0,0,0,57.96,1.5,5,0.5,5262.6,4721.07,4.5%,"SOL_INR_30m_ST1(14,4.0)+ST2(12,3.5)_SL1.5pct_1-3",2,2
SOL/INR,30m,2026-07-25 to 2026-09-24 (60D),2872,12,3.5,14,4.0,"ST1(12,3.5)+ST2(14,4.0)",1.5%,1:3,1%,1.5,3.0,"ST1(12,3.5)+ST2(14,4.0)",10000,10541.78,541.78,5.42,769.0,7.69,270.648,-92.57,150.36,-92.57,225.54,-92.57,40.7,59.3,1.11,6.3,86,35,51,0,2,2,1.5,1.5,0,0,0,0,57.96,1.5,5,0.5,5262.6,4721.07,4.5%,"SOL_INR_30m_ST1(12,3.5)+ST2(14,4.0)_SL1.5pct_1-3",2,2
SOL/INR,30m,2026-07-25 to 2026-09-24 (60D),2872,12,3.0,7,4.0,"ST1(12,3.0)+ST2(7,4.0)",1.5%,1:3,1%,1.5,3.0,"ST1(12,3.0)+ST2(7,4.0)",10000,10539.8,539.8,5.4,886.0,8.86,259.488,-91.95,144.16,-91.95,216.24,-91.95,41.67,58.33,1.12,6.43,84,35,49,0,2,2,1.5,1.5,0,0,0,0,58.73,1.5,5,0.5,5045.599999999999,4505.55,4.5%,"SOL_INR_30m_ST1(12,3.0)+ST2(7,4.0)_SL1.5pct_1-3",2,2
SOL/INR,30m,2026-07-25 to 2026-09-24 (60D),2872,7,4.0,12,3.0,"ST1(7,4.0)+ST2(12,3.0)",1.5%,1:3,1%,1.5,3.0,"ST1(7,4.0)+ST2(12,3.0)",10000,10539.8,539.8,5.4,886.0,8.86,259.488,-91.95,144.16,-91.95,216.24,-91.95,41.67,58.33,1.12,6.43,84,35,49,0,2,2,1.5,1.5,0,0,0,0,58.73,1.5,5,0.5,5045.599999999999,4505.55,4.5%,"SOL_INR_30m_ST1(7,4.0)+ST2(12,3.0)_SL1.5pct_1-3",2,2
SOL/INR,5m,2026-09-17 to 2026-09-24 (7D),1963,7,3.0,14,3.0,"ST1(7,3.0)+ST2(14,3.0)",1.5%,1:3,1%,1.5,3.0,"ST1(7,3.0)+ST2(14,3.0)",10000,10535.53,535.53,5.36,368.0,3.68,232.326,-104.36,129.07,-104.36,193.605,-104.36,60.0,40.0,1.86,35.7,15,9,6,0,2,2,1.5,1.5,0,0,0,0,90.72,1.5,5,0.5,1161.63,626.16,4.5%,"SOL_INR_5m_ST1(7,3.0)+ST2(14,3.0)_SL1.5pct_1-3",2,0
SOL/INR,5m,2026-09-17 to 2026-09-24 (7D),1963,14,3.0,7,3.0,"ST1(14,3.0)+ST2(7,3.0)",1.5%,1:3,1%,1.5,3.0,"ST1(14,3.0)+ST2(7,3.0)",10000,10535.53,535.53,5.36,368.0,3.68,232.326,-104.36,129.07,-104.36,193.605,-104.36,60.0,40.0,1.86,35.7,15,9,6,0,2,2,1.5,1.5,0,0,0,0,90.72,1.5,5,0.5,1161.63,626.16,4.5%,"SOL_INR_5m_ST1(14,3.0)+ST2(7,3.0)_SL1.5pct_1-3",2,0
SOL/INR,5m,2026-09-17 to 2026-09-24 (7D),1963,7,3.0,12,3.0,"ST1(7,3.0)+ST2(12,3.0)",1.5%,1:3,1%,1.5,3.0,"ST1(7,3.0)+ST2(12,3.0)",10000,10535.53,535.53,5.36,368.0,3.68,232.326,-104.36,129.07,-104.36,193.605,-104.36,60.0,40.0,1.86,35.7,15,9,6,0,2,2,1.5,1.5,0,0,0,0,90.72,1.5,5,0.5,1161.63,626.16,4.5%,"SOL_INR_5m_ST1(7,3.0)+ST2(12,3.0)_SL1.5pct_1-3",2,0
SOL/INR,5m,2026-09-17 to 2026-09-24 (7D),1963,12,3.0,7,3.0,"ST1(12,3.0)+ST2(7,3.0)",1.5%,1:3,1%,1.5,3.0,"ST1(12,3.0)+ST2(7,3.0)",10000,10535.53,535.53,5.36,368.0,3.68,232.326,-104.36,129.07,-104.36,193.605,-104.36,60.0,40.0,1.86,35.7,15,9,6,0,2,2,1.5,1.5,0,0,0,0,90.72,1.5,5,0.5,1161.63,626.16,4.5%,"SOL_INR_5m_ST1(12,3.0)+ST2(7,3.0)_SL1.5pct_1-3",2,0
SOL/INR,5m,2026-09-17 to 2026-09-24 (7D),1963,12,3.0,10,3.0,"ST1(12,3.0)+ST2(10,3.0)",1.5%,1:3,1%,1.5,3.0,"ST1(12,3.0)+ST2(10,3.0)",10000,10535.53,535.53,5.36,368.0,3.68,232.326,-104.36,129.07,-104.36,193.605,-104.36,60.0,40.0,1.86,35.7,15,9,6,0,2,2,1.5,1.5,0,0,0,0,91.59,1.5,5,0.5,1161.63,626.16,4.5%,"SOL_INR_5m_ST1(12,3.0)+ST2(10,3.0)_SL1.5pct_1-3",2,0
SOL/INR,5m,2026-09-17 to 2026-09-24 (7D),1963,10,3.0,12,3.0,"ST1(10,3.0)+ST2(12,3.0)",1.5%,1:3,1%,1.5,3.0,"ST1(10,3.0)+ST2(12,3.0)",10000,10535.53,535.53,5.36,368.0,3.68,232.326,-104.36,129.07,-104.36,193.605,-104.36,60.0,40.0,1.86,35.7,15,9,6,0,2,2,1.5,1.5,0,0,0,0,91.59,1.5,5,0.5,1161.63,626.16,4.5%,"SOL_INR_5m_ST1(10,3.0)+ST2(12,3.0)_SL1.5pct_1-3",2,0
SOL/INR,5m,2026-09-17 to 2026-09-24 (7D),1963,10,3.0,14,3.0,"ST1(10,3.0)+ST2(14,3.0)",1.5%,1:3,1%,1.5,3.0,"ST1(10,3.0)+ST2(14,3.0)",10000,10535.53,535.53,5.36,368.0,3.68,232.326,-104.36,129.07,-104.36,193.605,-104.36,60.0,40.0,1.86,35.7,15,9,6,0,2,2,1.5,1.5,0,0,0,0,91.59,1.5,5,0.5,1161.63,626.16,4.5%,"SOL_INR_5m_ST1(10,3.0)+ST2(14,3.0)_SL1.5pct_1-3",2,0
SOL/INR,5m,2026-09-17 to 2026-09-24 (7D),1963,12,3.0,14,3.0,"ST1(12,3.0)+ST2(14,3.0)",1.5%,1:3,1%,1.5,3.0,"ST1(12,3.0)+ST2(14,3.0)",10000,10535.53,535.53,5.36,368.0,3.68,232.326,-104.36,129.07,-104.36,193.605,-104.36,60.0,40.0,1.86,35.7,15,9,6,0,2,2,1.5,1.5,0,0,0,0,91.59,1.5,5,0.5,1161.63,626.16,4.5%,"SOL_INR_5m_ST1(12,3.0)+ST2(14,3.0)_SL1.5pct_1-3",2,0
SOL/INR,5m,2026-09-17 to 2026-09-24 (7D),1963,14,3.0,10,3.0,"ST1(14,3.0)+ST2(10,3.0)",1.5%,1:3,1%,1.5,3.0,"ST1(14,3.0)+ST2(10,3.0)",10000,10535.53,535.53,5.36,368.0,3.68,232.326,-104.36,129.07,-104.36,193.605,-104.36,60.0,40.0,1.86,35.7,15,9,6,0,2,2,1.5,1.5,0,0,0,0,91.59,1.5,5,0.5,1161.63,626.16,4.5%,"SOL_INR_5m_ST1(14,3.0)+ST2(10,3.0)_SL1.5pct_1-3",2,0
SOL/INR,5m,2026-09-17 to 2026-09-24 (7D),1963,7,3.0,10,3.0,"ST1(7,3.0)+ST2(10,3.0)",1.5%,1:3,1%,1.5,3.0,"ST1(7,3.0)+ST2(10,3.0)",10000,10535.53,535.53,5.36,368.0,3.68,232.326,-104.36,129.07,-104.36,193.605,-104.36,60.0,40.0,1.86,35.7,15,9,6,0,2,2,1.5,1.5,0,0,0,0,90.72,1.5,5,0.5,1161.63,626.16,4.5%,"SOL_INR_5m_ST1(7,3.0)+ST2(10,3.0)_SL1.5pct_1-3",2,0
SOL/INR,5m,2026-09-17 to 2026-09-24 (7D),1963,10,3.0,7,3.0,"ST1(10,3.0)+ST2(7,3.0)",1.5%,1:3,1%,1.5,3.0,"ST1(10,3.0)+ST2(7,3.0)",10000,10535.53,535.53,5.36,368.0,3.68,232.326,-104.36,129.07,-104.36,193.605,-104.36,60.0,40.0,1.86,35.7,15,9,6,0,2,2,1.5,1.5,0,0,0,0,90.72,1.5,5,0.5,1161.63,626.16,4.5%,"SOL_INR_5m_ST1(10,3.0)+ST2(7,3.0)_SL1.5pct_1-3",2,0
SOL/INR,5m,2026-09-17 to 2026-09-24 (7D),1963,14,3.0,12,3.0,"ST1(14,3.0)+ST2(12,3.0)",1.5%,1:3,1%,1.5,3.0,"ST1(14,3.0)+ST2(12,3.0)",10000,10535.53,535.53,5.36,368.0,3.68,232.326,-104.36,129.07,-104.36,193.605,-104.36,60.0,40.0,1.86,35.7,15,9,6,0,2,2,1.5,1.5,0,0,0,0,91.59,1.5,5,0.5,1161.63,626.16,4.5%,"SOL_INR_5m_ST1(14,3.0)+ST2(12,3.0)_SL1.5pct_1-3",2,0
BTC/INR,5m,2026-09-17 to 2026-09-24 (7D),1963,12,3.5,10,3.5,"ST1(12,3.5)+ST2(10,3.5)",1.5%,1:3,1%,1.5,3.0,"ST1(12,3.5)+ST2(10,3.5)",10000,10533.7,533.7,5.34,111.0,1.11,179.58599999999998,-66.11,99.77,-66.11,149.655,-66.11,66.67,33.33,3.02,44.47,12,8,4,0,2,2,1.5,1.5,0,0,0,0,92.2,1.5,5,0.5,798.16,264.44,4.5%,"BTC_INR_5m_ST1(12,3.5)+ST2(10,3.5)_SL1.5pct_1-3",0,0
BTC/INR,5m,2026-09-17 to 2026-09-24 (7D),1963,14,3.5,7,3.5,"ST1(14,3.5)+ST2(7,3.5)",1.5%,1:3,1%,1.5,3.0,"ST1(14,3.5)+ST2(7,3.5)",10000,10533.7,533.7,5.34,111.0,1.11,179.58599999999998,-66.11,99.77,-66.11,149.655,-66.11,66.67,33.33,3.02,44.47,12,8,4,0,2,2,1.5,1.5,0,0,0,0,92.2,1.5,5,0.5,798.16,264.44,4.5%,"BTC_INR_5m_ST1(14,3.5)+ST2(7,3.5)_SL1.5pct_1-3",0,0
BTC/INR,5m,2026-09-17 to 2026-09-24 (7D),1963,14,3.5,7,4.0,"ST1(14,3.5)+ST2(7,4.0)",1.5%,1:3,1%,1.5,3.0,"ST1(14,3.5)+ST2(7,4.0)",10000,10533.7,533.7,5.34,111.0,1.11,179.58599999999998,-66.11,99.77,-66.11,149.655,-66.11,66.67,33.33,3.02,44.47,12,8,4,0,2,2,1.5,1.5,0,0,0,0,92.2,1.5,5,0.5,798.16,264.44,4.5%,"BTC_INR_5m_ST1(14,3.5)+ST2(7,4.0)_SL1.5pct_1-3",0,0
BTC/INR,5m,2026-09-17 to 2026-09-24 (7D),1963,12,3.5,14,3.5,"ST1(12,3.5)+ST2(14,3.5)",1.5%,1:3,1%,1.5,3.0,"ST1(12,3.5)+ST2(14,3.5)",10000,10533.7,533.7,5.34,111.0,1.11,179.58599999999998,-66.11,99.77,-66.11,149.655,-66.11,66.67,33.33,3.02,44.47,12,8,4,0,2,2,1.5,1.5,0,0,0,0,92.2,1.5,5,0.5,798.16,264.44,4.5%,"BTC_INR_5m_ST1(12,3.5)+ST2(14,3.5)_SL1.5pct_1-3",0,0
BTC/INR,5m,2026-09-17 to 2026-09-24 (7D),1963,14,3.5,10,3.5,"ST1(14,3.5)+ST2(10,3.5)",1.5%,1:3,1%,1.5,3.0,"ST1(14,3.5)+ST2(10,3.5)",10000,10533.7,533.7,5.34,111.0,1.11,179.58599999999998,-66.11,99.77,-66.11,149.655,-66.11,66.67,33.33,3.02,44.47,12,8,4,0,2,2,1.5,1.5,0,0,0,0,92.2,1.5,5,0.5,798.16,264.44,4.5%,"BTC_INR_5m_ST1(14,3.5)+ST2(10,3.5)_SL1.5pct_1-3",0,0
BTC/INR,5m,2026-09-17 to 2026-09-24 (7D),1963,12,3.5,7,4.0,"ST1(12,3.5)+ST2(7,4.0)",1.5%,1:3,1%,1.5,3.0,"ST1(12,3.5)+ST2(7,4.0)",10000,10533.7,533.7,5.34,111.0,1.11,179.58599999999998,-66.11,99.77,-66.11,149.655,-66.11,66.67,33.33,3.02,44.47,12,8,4,0,2,2,1.5,1.5,0,0,0,0,92.2,1.5,5,0.5,798.16,264.44,4.5%,"BTC_INR_5m_ST1(12,3.5)+ST2(7,4.0)_SL1.5pct_1-3",0,0
BTC/INR,5m,2026-09-17 to 2026-09-24 (7D),1963,12,3.5,7,3.5,"ST1(12,3.5)+ST2(7,3.5)",1.5%,1:3,1%,1.5,3.0,"ST1(12,3.5)+ST2(7,3.5)",10000,10533.7,533.7,5.34,111.0,1.11,179.58599999999998,-66.11,99.77,-66.11,149.655,-66.11,66.67,33.33,3.02,44.47,12,8,4,0,2,2,1.5,1.5,0,0,0,0,92.2,1.5,5,0.5,798.16,264.44,4.5%,"BTC_INR_5m_ST1(12,3.5)+ST2(7,3.5)_SL1.5pct_1-3",0,0
BTC/INR,5m,2026-09-17 to 2026-09-24 (7D),1963,7,4.0,7,3.5,"ST1(7,4.0)+ST2(7,3.5)",1.5%,1:3,1%,1.5,3.0,"ST1(7,4.0)+ST2(7,3.5)",10000,10533.7,533.7,5.34,111.0,1.11,179.58599999999998,-66.11,99.77,-66.11,149.655,-66.11,66.67,33.33,3.02,44.47,12,8,4,0,2,2,1.5,1.5,0,0,0,0,92.2,1.5,5,0.5,798.16,264.44,4.5%,"BTC_INR_5m_ST1(7,4.0)+ST2(7,3.5)_SL1.5pct_1-3",0,0
BTC/INR,5m,2026-09-17 to 2026-09-24 (7D),1963,10,3.5,12,3.5,"ST1(10,3.5)+ST2(12,3.5)",1.5%,1:3,1%,1.5,3.0,"ST1(10,3.5)+ST2(12,3.5)",10000,10533.7,533.7,5.34,111.0,1.11,179.58599999999998,-66.11,99.77,-66.11,149.655,-66.11,66.67,33.33,3.02,44.47,12,8,4,0,2,2,1.5,1.5,0,0,0,0,92.2,1.5,5,0.5,798.16,264.44,4.5%,"BTC_INR_5m_ST1(10,3.5)+ST2(12,3.5)_SL1.5pct_1-3",0,0
BTC/INR,5m,2026-09-17 to 2026-09-24 (7D),1963,10,3.5,7,4.0,"ST1(10,3.5)+ST2(7,4.0)",1.5%,1:3,1%,1.5,3.0,"ST1(10,3.5)+ST2(7,4.0)",10000,10533.7,533.7,5.34,111.0,1.11,179.58599999999998,-66.11,99.77,-66.11,149.655,-66.11,66.67,33.33,3.02,44.47,12,8,4,0,2,2,1.5,1.5,0,0,0,0,92.2,1.5,5,0.5,798.16,264.44,4.5%,"BTC_INR_5m_ST1(10,3.5)+ST2(7,4.0)_SL1.5pct_1-3",0,0
BTC/INR,5m,2026-09-17 to 2026-09-24 (7D),1963,10,3.5,7,3.5,"ST1(10,3.5)+ST2(7,3.5)",1.5%,1:3,1%,1.5,3.0,"ST1(10,3.5)+ST2(7,3.5)",10000,10533.7,533.7,5.34,111.0,1.11,179.58599999999998,-66.11,99.77,-66.11,149.655,-66.11,66.67,33.33,3.02,44.47,12,8,4,0,2,2,1.5,1.5,0,0,0,0,92.2,1.5,5,0.5,798.16,264.44,4.5%,"BTC_INR_5m_ST1(10,3.5)+ST2(7,3.5)_SL1.5pct_1-3",0,0
BTC/INR,5m,2026-09-17 to 2026-09-24 (7D),1963,7,4.0,14,3.5,"ST1(7,4.0)+ST2(14,3.5)",1.5%,1:3,1%,1.5,3.0,"ST1(7,4.0)+ST2(14,3.5)",10000,10533.7,533.7,5.34,111.0,1.11,179.58599999999998,-66.11,99.77,-66.11,149.655,-66.11,66.67,33.33,3.02,44.47,12,8,4,0,2,2,1.5,1.5,0,0,0,0,92.2,1.5,5,0.5,798.16,264.44,4.5%,"BTC_INR_5m_ST1(7,4.0)+ST2(14,3.5)_SL1.5pct_1-3",0,0
BTC/INR,5m,2026-09-17 to 2026-09-24 (7D),1963,10,3.5,14,3.5,"ST1(10,3.5)+ST2(14,3.5)",1.5%,1:3,1%,1.5,3.0,"ST1(10,3.5)+ST2(14,3.5)",10000,10533.7,533.7,5.34,111.0,1.11,179.58599999999998,-66.11,99.77,-66.11,149.655,-66.11,66.67,33.33,3.02,44.47,12,8,4,0,2,2,1.5,1.5,0,0,0,0,92.2,1.5,5,0.5,798.16,264.44,4.5%,"BTC_INR_5m_ST1(10,3.5)+ST2(14,3.5)_SL1.5pct_1-3",0,0
BTC/INR,5m,2026-09-17 to 2026-09-24 (7D),1963,7,3.5,14,3.5,"ST1(7,3.5)+ST2(14,3.5)",1.5%,1:3,1%,1.5,3.0,"ST1(7,3.5)+ST2(14,3.5)",10000,10533.7,533.7,5.34,111.0,1.11,179.58599999999998,-66.11,99.77,-66.11,149.655,-66.11,66.67,33.33,3.02,44.47,12,8,4,0,2,2,1.5,1.5,0,0,0,0,92.2,1.5,5,0.5,798.16,264.44,4.5%,"BTC_INR_5m_ST1(7,3.5)+ST2(14,3.5)_SL1.5pct_1-3",0,0
BTC/INR,5m,2026-09-17 to 2026-09-24 (7D),1963,14,3.5,12,3.5,"ST1(14,3.5)+ST2(12,3.5)",1.5%,1:3,1%,1.5,3.0,"ST1(14,3.5)+ST2(12,3.5)",10000,10533.7,533.7,5.34,111.0,1.11,179.58599999999998,-66.11,99.77,-66.11,149.655,-66.11,66.67,33.33,3.02,44.47,12,8,4,0,2,2,1.5,1.5,0,0,0,0,92.2,1.5,5,0.5,798.16,264.44,4.5%,"BTC_INR_5m_ST1(14,3.5)+ST2(12,3.5)_SL1.5pct_1-3",0,0
BTC/INR,5m,2026-09-17 to 2026-09-24 (7D),1963,7,3.5,12,3.5,"ST1(7,3.5)+ST2(12,3.5)",1.5%,1:3,1%,1.5,3.0,"ST1(7,3.5)+ST2(12,3.5)",10000,10533.7,533.7,5.34,111.0,1.11,179.58599999999998,-66.11,99.77,-66.11,149.655,-66.11,66.67,33.33,3.02,44.47,12,8,4,0,2,2,1.5,1.5,0,0,0,0,92.2,1.5,5,0.5,798.16,264.44,4.5%,"BTC_INR_5m_ST1(7,3.5)+ST2(12,3.5)_SL1.5pct_1-3",0,0
BTC/INR,5m,2026-09-17 to 2026-09-24 (7D),1963,7,3.5,10,3.5,"ST1(7,3.5)+ST2(10,3.5)",1.5%,1:3,1%,1.5,3.0,"ST1(7,3.5)+ST2(10,3.5)",10000,10533.7,533.7,5.34,111.0,1.11,179.58599999999998,-66.11,99.77,-66.11,149.655,-66.11,66.67,33.33,3.02,44.47,12,8,4,0,2,2,1.5,1.5,0,0,0,0,92.2,1.5,5,0.5,798.16,264.44,4.5%,"BTC_INR_5m_ST1(7,3.5)+ST2(10,3.5)_SL1.5pct_1-3",0,0
BTC/INR,5m,2026-09-17 to 2026-09-24 (7D),1963,7,3.5,7,4.0,"ST1(7,3.5)+ST2(7,4.0)",1.5%,1:3,1%,1.5,3.0,"ST1(7,3.5)+ST2(7,4.0)",10000,10533.7,533.7,5.34,111.0,1.11,179.58599999999998,-66.11,99.77,-66.11,149.655,-66.11,66.67,33.33,3.02,44.47,12,8,4,0,2,2,1.5,1.5,0,0,0,0,92.2,1.5,5,0.5,798.16,264.44,4.5%,"BTC_INR_5m_ST1(7,3.5)+ST2(7,4.0)_SL1.5pct_1-3",0,0
BTC/INR,5m,2026-09-17 to 2026-09-24 (7D),1963,7,4.0,10,3.5,"ST1(7,4.0)+ST2(10,3.5)",1.5%,1:3,1%,1.5,3.0,"ST1(7,4.0)+ST2(10,3.5)",10000,10533.7,533.7,5.34,111.0,1.11,179.58599999999998,-66.11,99.77,-66.11,149.655,-66.11,66.67,33.33,3.02,44.47,12,8,4,0,2,2,1.5,1.5,0,0,0,0,92.2,1.5,5,0.5,798.16,264.44,4.5%,"BTC_INR_5m_ST1(7,4.0)+ST2(10,3.5)_SL1.5pct_1-3",0,0
BTC/INR,5m,2026-09-17 to 2026-09-24 (7D),1963,7,4.0,12,3.5,"ST1(7,4.0)+ST2(12,3.5)",1.5%,1:3,1%,1.5,3.0,"ST1(7,4.0)+ST2(12,3.5)",10000,10533.7,533.7,5.34,111.0,1.11,179.58599999999998,-66.11,99.77,-66.11,149.655,-66.11,66.67,33.33,3.02,44.47,12,8,4,0,2,2,1.5,1.5,0,0,0,0,92.2,1.5,5,0.5,798.16,264.44,4.5%,"BTC_INR_5m_ST1(7,4.0)+ST2(12,3.5)_SL1.5pct_1-3",0,0
BTC/INR,5m,2026-09-17 to 2026-09-24 (7D),1963,7,4.0,14,4.0,"ST1(7,4.0)+ST2(14,4.0)",1.5%,1:3,1%,1.5,3.0,"ST1(7,4.0)+ST2(14,4.0)",10000,10532.36,532.36,5.32,111.0,1.11,179.28,-66.1,99.6,-66.1,149.39999999999998,-66.1,66.67,33.33,3.01,44.36,12,8,4,0,2,2,1.5,1.5,0,0,0,0,90.11,1.5,5,0.5,796.8,264.4,4.5%,"BTC_INR_5m_ST1(7,4.0)+ST2(14,4.0)_SL1.5pct_1-3",0,0
BTC/INR,5m,2026-09-17 to 2026-09-24 (7D),1963,10,4.0,7,3.5,"ST1(10,4.0)+ST2(7,3.5)",1.5%,1:3,1%,1.5,3.0,"ST1(10,4.0)+ST2(7,3.5)",10000,10532.36,532.36,5.32,111.0,1.11,179.28,-66.1,99.6,-66.1,149.39999999999998,-66.1,66.67,33.33,3.01,44.36,12,8,4,0,2,2,1.5,1.5,0,0,0,0,90.11,1.5,5,0.5,796.8,264.4,4.5%,"BTC_INR_5m_ST1(10,4.0)+ST2(7,3.5)_SL1.5pct_1-3",0,0
BTC/INR,5m,2026-09-17 to 2026-09-24 (7D),1963,14,4.0,7,3.5,"ST1(14,4.0)+ST2(7,3.5)",1.5%,1:3,1%,1.5,3.0,"ST1(14,4.0)+ST2(7,3.5)",10000,10532.36,532.36,5.32,111.0,1.11,179.28,-66.1,99.6,-66.1,149.39999999999998,-66.1,66.67,33.33,3.01,44.36,12,8,4,0,2,2,1.5,1.5,0,0,0,0,90.11,1.5,5,0.5,796.8,264.4,4.5%,"BTC_INR_5m_ST1(14,4.0)+ST2(7,3.5)_SL1.5pct_1-3",0,0
BTC/INR,5m,2026-09-17 to 2026-09-24 (7D),1963,10,3.5,12,4.0,"ST1(10,3.5)+ST2(12,4.0)",1.5%,1:3,1%,1.5,3.0,"ST1(10,3.5)+ST2(12,4.0)",10000,10532.36,532.36,5.32,111.0,1.11,179.28,-66.1,99.6,-66.1,149.39999999999998,-66.1,66.67,33.33,3.01,44.36,12,8,4,0,2,2,1.5,1.5,0,0,0,0,90.11,1.5,5,0.5,796.8,264.4,4.5%,"BTC_INR_5m_ST1(10,3.5)+ST2(12,4.0)_SL1.5pct_1-3",0,0
BTC/INR,5m,2026-09-17 to 2026-09-24 (7D),1963,12,4.0,7,3.5,"ST1(12,4.0)+ST2(7,3.5)",1.5%,1:3,1%,1.5,3.0,"ST1(12,4.0)+ST2(7,3.5)",10000,10532.36,532.36,5.32,111.0,1.11,179.28,-66.1,99.6,-66.1,149.39999999999998,-66.1,66.67,33.33,3.01,44.36,12,8,4,0,2,2,1.5,1.5,0,0,0,0,90.11,1.5,5,0.5,796.8,264.4,4.5%,"BTC_INR_5m_ST1(12,4.0)+ST2(7,3.5)_SL1.5pct_1-3",0,0
BTC/INR,5m,2026-09-17 to 2026-09-24 (7D),1963,10,4.0,10,3.5,"ST1(10,4.0)+ST2(10,3.5)",1.5%,1:3,1%,1.5,3.0,"ST1(10,4.0)+ST2(10,3.5)",10000,10532.36,532.36,5.32,111.0,1.11,179.28,-66.1,99.6,-66.1,149.39999999999998,-66.1,66.67,33.33,3.01,44.36,12,8,4,0,2,2,1.5,1.5,0,0,0,0,90.11,1.5,5,0.5,796.8,264.4,4.5%,"BTC_INR_5m_ST1(10,4.0)+ST2(10,3.5)_SL1.5pct_1-3",0,0
BTC/INR,5m,2026-09-17 to 2026-09-24 (7D),1963,12,4.0,7,4.0,"ST1(12,4.0)+ST2(7,4.0)",1.5%,1:3,1%,1.5,3.0,"ST1(12,4.0)+ST2(7,4.0)",10000,10532.36,532.36,5.32,111.0,1.11,179.28,-66.1,99.6,-66.1,149.39999999999998,-66.1,66.67,33.33,3.01,44.36,12,8,4,0,2,2,1.5,1.5,0,0,0,0,90.11,1.5,5,0.5,796.8,264.4,4.5%,"BTC_INR_5m_ST1(12,4.0)+ST2(7,4.0)_SL1.5pct_1-3",0,0
BTC/INR,5m,2026-09-17 to 2026-09-24 (7D),1963,12,4.0,10,3.5,"ST1(12,4.0)+ST2(10,3.5)",1.5%,1:3,1%,1.5,3.0,"ST1(12,4.0)+ST2(10,3.5)",10000,10532.36,532.36,5.32,111.0,1.11,179.28,-66.1,99.6,-66.1,149.39999999999998,-66.1,66.67,33.33,3.01,44.36,12,8,4,0,2,2,1.5,1.5,0,0,0,0,90.11,1.5,5,0.5,796.8,264.4,4.5%,"BTC_INR_5m_ST1(12,4.0)+ST2(10,3.5)_SL1.5pct_1-3",0,0
BTC/INR,5m,2026-09-17 to 2026-09-24 (7D),1963,14,4.0,7,4.0,"ST1(14,4.0)+ST2(7,4.0)",1.5%,1:3,1%,1.5,3.0,"ST1(14,4.0)+ST2(7,4.0)",10000,10532.36,532.36,5.32,111.0,1.11,179.28,-66.1,99.6,-66.1,149.39999999999998,-66.1,66.67,33.33,3.01,44.36,12,8,4,0,2,2,1.5,1.5,0,0,0,0,90.11,1.5,5,0.5,796.8,264.4,4.5%,"BTC_INR_5m_ST1(14,4.0)+ST2(7,4.0)_SL1.5pct_1-3",0,0
BTC/INR,5m,2026-09-17 to 2026-09-24 (7D),1963,14,4.0,10,3.5,"ST1(14,4.0)+ST2(10,3.5)",1.5%,1:3,1%,1.5,3.0,"ST1(14,4.0)+ST2(10,3.5)",10000,10532.36,532.36,5.32,111.0,1.11,179.28,-66.1,99.6,-66.1,149.39999999999998,-66.1,66.67,33.33,3.01,44.36,12,8,4,0,2,2,1.5,1.5,0,0,0,0,90.11,1.5,5,0.5,796.8,264.4,4.5%,"BTC_INR_5m_ST1(14,4.0)+ST2(10,3.5)_SL1.5pct_1-3",0,0
BTC/INR,5m,2026-09-17 to 2026-09-24 (7D),1963,10,4.0,7,4.0,"ST1(10,4.0)+ST2(7,4.0)",1.5%,1:3,1%,1.5,3.0,"ST1(10,4.0)+ST2(7,4.0)",10000,10532.36,532.36,5.32,111.0,1.11,179.28,-66.1,99.6,-66.1,149.39999999999998,-66.1,66.67,33.33,3.01,44.36,12,8,4,0,2,2,1.5,1.5,0,0,0,0,90.11,1.5,5,0.5,796.8,264.4,4.5%,"BTC_INR_5m_ST1(10,4.0)+ST2(7,4.0)_SL1.5pct_1-3",0,0
BTC/INR,5m,2026-09-17 to 2026-09-24 (7D),1963,10,3.5,10,4.0,"ST1(10,3.5)+ST2(10,4.0)",1.5%,1:3,1%,1.5,3.0,"ST1(10,3.5)+ST2(10,4.0)",10000,10532.36,532.36,5.32,111.0,1.11,179.28,-66.1,99.6,-66.1,149.39999999999998,-66.1,66.67,33.33,3.01,44.36,12,8,4,0,2,2,1.5,1.5,0,0,0,0,90.11,1.5,5,0.5,796.8,264.4,4.5%,"BTC_INR_5m_ST1(10,3.5)+ST2(10,4.0)_SL1.5pct_1-3",0,0
BTC/INR,5m,2026-09-17 to 2026-09-24 (7D),1963,10,3.5,14,4.0,"ST1(10,3.5)+ST2(14,4.0)",1.5%,1:3,1%,1.5,3.0,"ST1(10,3.5)+ST2(14,4.0)",10000,10532.36,532.36,5.32,111.0,1.11,179.28,-66.1,99.6,-66.1,149.39999999999998,-66.1,66.67,33.33,3.01,44.36,12,8,4,0,2,2,1.5,1.5,0,0,0,0,90.11,1.5,5,0.5,796.8,264.4,4.5%,"BTC_INR_5m_ST1(10,3.5)+ST2(14,4.0)_SL1.5pct_1-3",0,0
BTC/INR,5m,2026-09-17 to 2026-09-24 (7D),1963,7,4.0,12,4.0,"ST1(7,4.0)+ST2(12,4.0)",1.5%,1:3,1%,1.5,3.0,"ST1(7,4.0)+ST2(12,4.0)",10000,10532.36,532.36,5.32,111.0,1.11,179.28,-66.1,99.6,-66.1,149.39999999999998,-66.1,66.67,33.33,3.01,44.36,12,8,4,0,2,2,1.5,1.5,0,0,0,0,90.11,1.5,5,0.5,796.8,264.4,4.5%,"BTC_INR_5m_ST1(7,4.0)+ST2(12,4.0)_SL1.5pct_1-3",0,0
BTC/INR,5m,2026-09-17 to 2026-09-24 (7D),1963,7,3.5,10,4.0,"ST1(7,3.5)+ST2(10,4.0)",1.5%,1:3,1%,1.5,3.0,"ST1(7,3.5)+ST2(10,4.0)",10000,10532.36,532.36,5.32,111.0,1.11,179.28,-66.1,99.6,-66.1,149.39999999999998,-66.1,66.67,33.33,3.01,44.36,12,8,4,0,2,2,1.5,1.5,0,0,0,0,90.11,1.5,5,0.5,796.8,264.4,4.5%,"BTC_INR_5m_ST1(7,3.5)+ST2(10,4.0)_SL1.5pct_1-3",0,0
BTC/INR,5m,2026-09-17 to 2026-09-24 (7D),1963,7,3.5,12,4.0,"ST1(7,3.5)+ST2(12,4.0)",1.5%,1:3,1%,1.5,3.0,"ST1(7,3.5)+ST2(12,4.0)",10000,10532.36,532.36,5.32,111.0,1.11,179.28,-66.1,99.6,-66.1,149.39999999999998,-66.1,66.67,33.33,3.01,44.36,12,8,4,0,2,2,1.5,1.5,0,0,0,0,90.11,1.5,5,0.5,796.8,264.4,4.5%,"BTC_INR_5m_ST1(7,3.5)+ST2(12,4.0)_SL1.5pct_1-3",0,0
BTC/INR,5m,2026-09-17 to 2026-09-24 (7D),1963,7,3.5,14,4.0,"ST1(7,3.5)+ST2(14,4.0)",1.5%,1:3,1%,1.5,3.0,"ST1(7,3.5)+ST2(14,4.0)",10000,10532.36,532.36,5.32,111.0,1.11,179.28,-66.1,99.6,-66.1,149.39999999999998,-66.1,66.67,33.33,3.01,44.36,12,8,4,0,2,2,1.5,1.5,0,0,0,0,90.11,1.5,5,0.5,796.8,264.4,4.5%,"BTC_INR_5m_ST1(7,3.5)+ST2(14,4.0)_SL1.5pct_1-3",0,0
BTC/INR,5m,2026-09-17 to 2026-09-24 (7D),1963,7,4.0,10,4.0,"ST1(7,4.0)+ST2(10,4.0)",1.5%,1:3,1%,1.5,3.0,"ST1(7,4.0)+ST2(10,4.0)",10000,10532.36,532.36,5.32,111.0,1.11,179.28,-66.1,99.6,-66.1,149.39999999999998,-66.1,66.67,33.33,3.01,44.36,12,8,4,0,2,2,1.5,1.5,0,0,0,0,90.11,1.5,5,0.5,796.8,264.4,4.5%,"BTC_INR_5m_ST1(7,4.0)+ST2(10,4.0)_SL1.5pct_1-3",0,0
SOL/INR,30m,2026-07-25 to 2026-09-24 (60D),2872,7,3.5,7,3.0,"ST1(7,3.5)+ST2(7,3.0)",1.5%,1:3,1%,1.5,3.0,"ST1(7,3.5)+ST2(7,3.0)",10000,10531.3,531.3,5.31,776.0,7.76,259.506,-92.14,144.17,-92.14,216.255,-92.14,41.67,58.33,1.12,6.33,84,35,49,0,2,2,1.5,1.5,0,0,0,0,58.79,1.5,5,0.5,5045.95,4514.86,4.5%,"SOL_INR_30m_ST1(7,3.5)+ST2(7,3.0)_SL1.5pct_1-3",2,2
SOL/INR,30m,2026-07-25 to 2026-09-24 (60D),2872,7,3.0,7,3.5,"ST1(7,3.0)+ST2(7,3.5)",1.5%,1:3,1%,1.5,3.0,"ST1(7,3.0)+ST2(7,3.5)",10000,10531.3,531.3,5.31,776.0,7.76,259.506,-92.14,144.17,-92.14,216.255,-92.14,41.67,58.33,1.12,6.33,84,35,49,0,2,2,1.5,1.5,0,0,0,0,58.79,1.5,5,0.5,5045.95,4514.86,4.5%,"SOL_INR_30m_ST1(7,3.0)+ST2(7,3.5)_SL1.5pct_1-3",2,2
BTC/INR,5m,2026-09-17 to 2026-09-24 (7D),1963,7,3.0,10,3.5,"ST1(7,3.0)+ST2(10,3.5)",1.5%,1:3,1%,1.5,3.0,"ST1(7,3.0)+ST2(10,3.5)",10000,10529.68,529.68,5.3,111.0,1.11,204.192,-66.1,113.44,-66.1,170.16,-66.1,63.64,36.36,3.0,48.15,11,7,4,0,2,2,1.5,1.5,0,0,0,0,91.74,1.5,5,0.5,794.0799999999999,264.4,4.5%,"BTC_INR_5m_ST1(7,3.0)+ST2(10,3.5)_SL1.5pct_1-3",0,0
BTC/INR,5m,2026-09-17 to 2026-09-24 (7D),1963,7,3.0,7,4.0,"ST1(7,3.0)+ST2(7,4.0)",1.5%,1:3,1%,1.5,3.0,"ST1(7,3.0)+ST2(7,4.0)",10000,10529.68,529.68,5.3,111.0,1.11,204.192,-66.1,113.44,-66.1,170.16,-66.1,63.64,36.36,3.0,48.15,11,7,4,0,2,2,1.5,1.5,0,0,0,0,91.74,1.5,5,0.5,794.0799999999999,264.4,4.5%,"BTC_INR_5m_ST1(7,3.0)+ST2(7,4.0)_SL1.5pct_1-3",0,0
BTC/INR,5m,2026-09-17 to 2026-09-24 (7D),1963,7,3.0,7,3.5,"ST1(7,3.0)+ST2(7,3.5)",1.5%,1:3,1%,1.5,3.0,"ST1(7,3.0)+ST2(7,3.5)",10000,10529.68,529.68,5.3,111.0,1.11,204.192,-66.1,113.44,-66.1,170.16,-66.1,63.64,36.36,3.0,48.15,11,7,4,0,2,2,1.5,1.5,0,0,0,0,91.74,1.5,5,0.5,794.0799999999999,264.4,4.5%,"BTC_INR_5m_ST1(7,3.0)+ST2(7,3.5)_SL1.5pct_1-3",0,0
BTC/INR,5m,2026-09-17 to 2026-09-24 (7D),1963,7,3.0,12,3.5,"ST1(7,3.0)+ST2(12,3.5)",1.5%,1:3,1%,1.5,3.0,"ST1(7,3.0)+ST2(12,3.5)",10000,10529.68,529.68,5.3,111.0,1.11,204.192,-66.1,113.44,-66.1,170.16,-66.1,63.64,36.36,3.0,48.15,11,7,4,0,2,2,1.5,1.5,0,0,0,0,91.74,1.5,5,0.5,794.0799999999999,264.4,4.5%,"BTC_INR_5m_ST1(7,3.0)+ST2(12,3.5)_SL1.5pct_1-3",0,0
BTC/INR,5m,2026-09-17 to 2026-09-24 (7D),1963,7,3.0,14,3.5,"ST1(7,3.0)+ST2(14,3.5)",1.5%,1:3,1%,1.5,3.0,"ST1(7,3.0)+ST2(14,3.5)",10000,10529.68,529.68,5.3,111.0,1.11,204.192,-66.1,113.44,-66.1,170.16,-66.1,63.64,36.36,3.0,48.15,11,7,4,0,2,2,1.5,1.5,0,0,0,0,91.74,1.5,5,0.5,794.0799999999999,264.4,4.5%,"BTC_INR_5m_ST1(7,3.0)+ST2(14,3.5)_SL1.5pct_1-3",0,0
BTC/INR,5m,2026-09-17 to 2026-09-24 (7D),1963,7,3.5,7,3.0,"ST1(7,3.5)+ST2(7,3.0)",1.5%,1:3,1%,1.5,3.0,"ST1(7,3.5)+ST2(7,3.0)",10000,10529.68,529.68,5.3,111.0,1.11,204.192,-66.1,113.44,-66.1,170.16,-66.1,63.64,36.36,3.0,48.15,11,7,4,0,2,2,1.5,1.5,0,0,0,0,91.74,1.5,5,0.5,794.0799999999999,264.4,4.5%,"BTC_INR_5m_ST1(7,3.5)+ST2(7,3.0)_SL1.5pct_1-3",0,0
BTC/INR,5m,2026-09-17 to 2026-09-24 (7D),1963,10,3.5,7,3.0,"ST1(10,3.5)+ST2(7,3.0)",1.5%,1:3,1%,1.5,3.0,"ST1(10,3.5)+ST2(7,3.0)",10000,10529.68,529.68,5.3,111.0,1.11,204.192,-66.1,113.44,-66.1,170.16,-66.1,63.64,36.36,3.0,48.15,11,7,4,0,2,2,1.5,1.5,0,0,0,0,91.74,1.5,5,0.5,794.0799999999999,264.4,4.5%,"BTC_INR_5m_ST1(10,3.5)+ST2(7,3.0)_SL1.5pct_1-3",0,0
BTC/INR,5m,2026-09-17 to 2026-09-24 (7D),1963,7,4.0,7,3.0,"ST1(7,4.0)+ST2(7,3.0)",1.5%,1:3,1%,1.5,3.0,"ST1(7,4.0)+ST2(7,3.0)",10000,10529.68,529.68,5.3,111.0,1.11,204.192,-66.1,113.44,-66.1,170.16,-66.1,63.64,36.36,3.0,48.15,11,7,4,0,2,2,1.5,1.5,0,0,0,0,91.74,1.5,5,0.5,794.0799999999999,264.4,4.5%,"BTC_INR_5m_ST1(7,4.0)+ST2(7,3.0)_SL1.5pct_1-3",0,0
BTC/INR,5m,2026-09-17 to 2026-09-24 (7D),1963,14,3.5,7,3.0,"ST1(14,3.5)+ST2(7,3.0)",1.5%,1:3,1%,1.5,3.0,"ST1(14,3.5)+ST2(7,3.0)",10000,10529.68,529.68,5.3,111.0,1.11,204.192,-66.1,113.44,-66.1,170.16,-66.1,63.64,36.36,3.0,48.15,11,7,4,0,2,2,1.5,1.5,0,0,0,0,91.74,1.5,5,0.5,794.0799999999999,264.4,4.5%,"BTC_INR_5m_ST1(14,3.5)+ST2(7,3.0)_SL1.5pct_1-3",0,0
BTC/INR,5m,2026-09-17 to 2026-09-24 (7D),1963,12,3.5,7,3.0,"ST1(12,3.5)+ST2(7,3.0)",1.5%,1:3,1%,1.5,3.0,"ST1(12,3.5)+ST2(7,3.0)",10000,10529.68,529.68,5.3,111.0,1.11,204.192,-66.1,113.44,-66.1,170.16,-66.1,63.64,36.36,3.0,48.15,11,7,4,0,2,2,1.5,1.5,0,0,0,0,91.74,1.5,5,0.5,794.0799999999999,264.4,4.5%,"BTC_INR_5m_ST1(12,3.5)+ST2(7,3.0)_SL1.5pct_1-3",0,0
SOL/INR,5m,2026-09-17 to 2026-09-24 (7D),1963,7,3.5,7,3.0,"ST1(7,3.5)+ST2(7,3.0)",1.5%,1:3,1%,1.5,3.0,"ST1(7,3.5)+ST2(7,3.0)",10000,10528.74,528.74,5.29,368.0,3.68,259.848,-104.36,144.36,-104.36,216.54,-104.36,57.14,42.86,1.84,37.77,14,8,6,0,2,2,1.5,1.5,0,0,0,0,90.27,1.5,5,0.5,1154.88,626.16,4.5%,"SOL_INR_5m_ST1(7,3.5)+ST2(7,3.0)_SL1.5pct_1-3",2,0
SOL/INR,5m,2026-09-17 to 2026-09-24 (7D),1963,7,3.0,7,3.5,"ST1(7,3.0)+ST2(7,3.5)",1.5%,1:3,1%,1.5,3.0,"ST1(7,3.0)+ST2(7,3.5)",10000,10528.74,528.74,5.29,368.0,3.68,259.848,-104.36,144.36,-104.36,216.54,-104.36,57.14,42.86,1.84,37.77,14,8,6,0,2,2,1.5,1.5,0,0,0,0,90.27,1.5,5,0.5,1154.88,626.16,4.5%,"SOL_INR_5m_ST1(7,3.0)+ST2(7,3.5)_SL1.5pct_1-3",2,0
SOL/INR,5m,2026-09-17 to 2026-09-24 (7D),1963,10,3.0,7,3.5,"ST1(10,3.0)+ST2(7,3.5)",1.5%,1:3,1%,1.5,3.0,"ST1(10,3.0)+ST2(7,3.5)",10000,10528.74,528.74,5.29,368.0,3.68,259.848,-104.36,144.36,-104.36,216.54,-104.36,57.14,42.86,1.84,37.77,14,8,6,0,2,2,1.5,1.5,0,0,0,0,91.13,1.5,5,0.5,1154.88,626.16,4.5%,"SOL_INR_5m_ST1(10,3.0)+ST2(7,3.5)_SL1.5pct_1-3",2,0
SOL/INR,5m,2026-09-17 to 2026-09-24 (7D),1963,12,3.0,7,3.5,"ST1(12,3.0)+ST2(7,3.5)",1.5%,1:3,1%,1.5,3.0,"ST1(12,3.0)+ST2(7,3.5)",10000,10528.74,528.74,5.29,368.0,3.68,259.848,-104.36,144.36,-104.36,216.54,-104.36,57.14,42.86,1.84,37.77,14,8,6,0,2,2,1.5,1.5,0,0,0,0,91.13,1.5,5,0.5,1154.88,626.16,4.5%,"SOL_INR_5m_ST1(12,3.0)+ST2(7,3.5)_SL1.5pct_1-3",2,0
SOL/INR,5m,2026-09-17 to 2026-09-24 (7D),1963,7,3.5,12,3.0,"ST1(7,3.5)+ST2(12,3.0)",1.5%,1:3,1%,1.5,3.0,"ST1(7,3.5)+ST2(12,3.0)",10000,10528.74,528.74,5.29,368.0,3.68,259.848,-104.36,144.36,-104.36,216.54,-104.36,57.14,42.86,1.84,37.77,14,8,6,0,2,2,1.5,1.5,0,0,0,0,91.13,1.5,5,0.5,1154.88,626.16,4.5%,"SOL_INR_5m_ST1(7,3.5)+ST2(12,3.0)_SL1.5pct_1-3",2,0
SOL/INR,5m,2026-09-17 to 2026-09-24 (7D),1963,7,3.5,10,3.0,"ST1(7,3.5)+ST2(10,3.0)",1.5%,1:3,1%,1.5,3.0,"ST1(7,3.5)+ST2(10,3.0)",10000,10528.74,528.74,5.29,368.0,3.68,259.848,-104.36,144.36,-104.36,216.54,-104.36,57.14,42.86,1.84,37.77,14,8,6,0,2,2,1.5,1.5,0,0,0,0,91.13,1.5,5,0.5,1154.88,626.16,4.5%,"SOL_INR_5m_ST1(7,3.5)+ST2(10,3.0)_SL1.5pct_1-3",2,0
SOL/INR,5m,2026-09-17 to 2026-09-24 (7D),1963,7,3.5,14,3.0,"ST1(7,3.5)+ST2(14,3.0)",1.5%,1:3,1%,1.5,3.0,"ST1(7,3.5)+ST2(14,3.0)",10000,10528.74,528.74,5.29,368.0,3.68,259.848,-104.36,144.36,-104.36,216.54,-104.36,57.14,42.86,1.84,37.77,14,8,6,0,2,2,1.5,1.5,0,0,0,0,91.13,1.5,5,0.5,1154.88,626.16,4.5%,"SOL_INR_5m_ST1(7,3.5)+ST2(14,3.0)_SL1.5pct_1-3",2,0
SOL/INR,5m,2026-09-17 to 2026-09-24 (7D),1963,14,3.0,7,3.5,"ST1(14,3.0)+ST2(7,3.5)",1.5%,1:3,1%,1.5,3.0,"ST1(14,3.0)+ST2(7,3.5)",10000,10528.74,528.74,5.29,368.0,3.68,259.848,-104.36,144.36,-104.36,216.54,-104.36,57.14,42.86,1.84,37.77,14,8,6,0,2,2,1.5,1.5,0,0,0,0,91.13,1.5,5,0.5,1154.88,626.16,4.5%,"SOL_INR_5m_ST1(14,3.0)+ST2(7,3.5)_SL1.5pct_1-3",2,0
BTC/INR,5m,2026-09-17 to 2026-09-24 (7D),1963,12,2.0,10,4.0,"ST1(12,2.0)+ST2(10,4.0)",1.5%,1:3,1%,1.5,3.0,"ST1(12,2.0)+ST2(10,4.0)",10000,10526.12,526.12,5.26,180.0,1.8,215.496,-77.97,119.72,-77.97,179.57999999999998,-77.97,63.64,36.36,2.69,47.83,11,7,4,0,2,2,1.5,1.5,0,0,0,0,81.55,1.5,5,0.5,838.04,311.88,4.5%,"BTC_INR_5m_ST1(12,2.0)+ST2(10,4.0)_SL1.5pct_1-3",0,0
BTC/INR,5m,2026-09-17 to 2026-09-24 (7D),1963,10,4.0,12,2.0,"ST1(10,4.0)+ST2(12,2.0)",1.5%,1:3,1%,1.5,3.0,"ST1(10,4.0)+ST2(12,2.0)",10000,10526.12,526.12,5.26,180.0,1.8,215.496,-77.97,119.72,-77.97,179.57999999999998,-77.97,63.64,36.36,2.69,47.83,11,7,4,0,2,2,1.5,1.5,0,0,0,0,81.55,1.5,5,0.5,838.04,311.88,4.5%,"BTC_INR_5m_ST1(10,4.0)+ST2(12,2.0)_SL1.5pct_1-3",0,0
BTC/INR,5m,2026-09-17 to 2026-09-24 (7D),1963,10,4.0,14,2.0,"ST1(10,4.0)+ST2(14,2.0)",1.5%,1:3,1%,1.5,3.0,"ST1(10,4.0)+ST2(14,2.0)",10000,10526.12,526.12,5.26,180.0,1.8,215.496,-77.97,119.72,-77.97,179.57999999999998,-77.97,63.64,36.36,2.69,47.83,11,7,4,0,2,2,1.5,1.5,0,0,0,0,81.55,1.5,5,0.5,838.04,311.88,4.5%,"BTC_INR_5m_ST1(10,4.0)+ST2(14,2.0)_SL1.5pct_1-3",0,0
BTC/INR,5m,2026-09-17 to 2026-09-24 (7D),1963,14,4.0,12,2.0,"ST1(14,4.0)+ST2(12,2.0)",1.5%,1:3,1%,1.5,3.0,"ST1(14,4.0)+ST2(12,2.0)",10000,10526.12,526.12,5.26,180.0,1.8,215.496,-77.97,119.72,-77.97,179.57999999999998,-77.97,63.64,36.36,2.69,47.83,11,7,4,0,2,2,1.5,1.5,0,0,0,0,81.55,1.5,5,0.5,838.04,311.88,4.5%,"BTC_INR_5m_ST1(14,4.0)+ST2(12,2.0)_SL1.5pct_1-3",0,0
BTC/INR,5m,2026-09-17 to 2026-09-24 (7D),1963,14,2.0,14,4.0,"ST1(14,2.0)+ST2(14,4.0)",1.5%,1:3,1%,1.5,3.0,"ST1(14,2.0)+ST2(14,4.0)",10000,10526.12,526.12,5.26,180.0,1.8,215.496,-77.97,119.72,-77.97,179.57999999999998,-77.97,63.64,36.36,2.69,47.83,11,7,4,0,2,2,1.5,1.5,0,0,0,0,81.55,1.5,5,0.5,838.04,311.88,4.5%,"BTC_INR_5m_ST1(14,2.0)+ST2(14,4.0)_SL1.5pct_1-3",0,0
BTC/INR,5m,2026-09-17 to 2026-09-24 (7D),1963,14,2.0,10,4.0,"ST1(14,2.0)+ST2(10,4.0)",1.5%,1:3,1%,1.5,3.0,"ST1(14,2.0)+ST2(10,4.0)",10000,10526.12,526.12,5.26,180.0,1.8,215.496,-77.97,119.72,-77.97,179.57999999999998,-77.97,63.64,36.36,2.69,47.83,11,7,4,0,2,2,1.5,1.5,0,0,0,0,81.55,1.5,5,0.5,838.04,311.88,4.5%,"BTC_INR_5m_ST1(14,2.0)+ST2(10,4.0)_SL1.5pct_1-3",0,0
BTC/INR,5m,2026-09-17 to 2026-09-24 (7D),1963,14,2.0,12,4.0,"ST1(14,2.0)+ST2(12,4.0)",1.5%,1:3,1%,1.5,3.0,"ST1(14,2.0)+ST2(12,4.0)",10000,10526.12,526.12,5.26,180.0,1.8,215.496,-77.97,119.72,-77.97,179.57999999999998,-77.97,63.64,36.36,2.69,47.83,11,7,4,0,2,2,1.5,1.5,0,0,0,0,81.55,1.5,5,0.5,838.04,311.88,4.5%,"BTC_INR_5m_ST1(14,2.0)+ST2(12,4.0)_SL1.5pct_1-3",0,0
BTC/INR,5m,2026-09-17 to 2026-09-24 (7D),1963,12,4.0,14,2.0,"ST1(12,4.0)+ST2(14,2.0)",1.5%,1:3,1%,1.5,3.0,"ST1(12,4.0)+ST2(14,2.0)",10000,10526.12,526.12,5.26,180.0,1.8,215.496,-77.97,119.72,-77.97,179.57999999999998,-77.97,63.64,36.36,2.69,47.83,11,7,4,0,2,2,1.5,1.5,0,0,0,0,81.55,1.5,5,0.5,838.04,311.88,4.5%,"BTC_INR_5m_ST1(12,4.0)+ST2(14,2.0)_SL1.5pct_1-3",0,0
BTC/INR,5m,2026-09-17 to 2026-09-24 (7D),1963,12,2.0,14,4.0,"ST1(12,2.0)+ST2(14,4.0)",1.5%,1:3,1%,1.5,3.0,"ST1(12,2.0)+ST2(14,4.0)",10000,10526.12,526.12,5.26,180.0,1.8,215.496,-77.97,119.72,-77.97,179.57999999999998,-77.97,63.64,36.36,2.69,47.83,11,7,4,0,2,2,1.5,1.5,0,0,0,0,81.55,1.5,5,0.5,838.04,311.88,4.5%,"BTC_INR_5m_ST1(12,2.0)+ST2(14,4.0)_SL1.5pct_1-3",0,0
BTC/INR,5m,2026-09-17 to 2026-09-24 (7D),1963,12,4.0,12,2.0,"ST1(12,4.0)+ST2(12,2.0)",1.5%,1:3,1%,1.5,3.0,"ST1(12,4.0)+ST2(12,2.0)",10000,10526.12,526.12,5.26,180.0,1.8,215.496,-77.97,119.72,-77.97,179.57999999999998,-77.97,63.64,36.36,2.69,47.83,11,7,4,0,2,2,1.5,1.5,0,0,0,0,81.55,1.5,5,0.5,838.04,311.88,4.5%,"BTC_INR_5m_ST1(12,4.0)+ST2(12,2.0)_SL1.5pct_1-3",0,0
BTC/INR,5m,2026-09-17 to 2026-09-24 (7D),1963,14,4.0,14,2.0,"ST1(14,4.0)+ST2(14,2.0)",1.5%,1:3,1%,1.5,3.0,"ST1(14,4.0)+ST2(14,2.0)",10000,10526.12,526.12,5.26,180.0,1.8,215.496,-77.97,119.72,-77.97,179.57999999999998,-77.97,63.64,36.36,2.69,47.83,11,7,4,0,2,2,1.5,1.5,0,0,0,0,81.55,1.5,5,0.5,838.04,311.88,4.5%,"BTC_INR_5m_ST1(14,4.0)+ST2(14,2.0)_SL1.5pct_1-3",0,0
BTC/INR,5m,2026-09-17 to 2026-09-24 (7D),1963,12,2.0,12,4.0,"ST1(12,2.0)+ST2(12,4.0)",1.5%,1:3,1%,1.5,3.0,"ST1(12,2.0)+ST2(12,4.0)",10000,10526.12,526.12,5.26,180.0,1.8,215.496,-77.97,119.72,-77.97,179.57999999999998,-77.97,63.64,36.36,2.69,47.83,11,7,4,0,2,2,1.5,1.5,0,0,0,0,81.55,1.5,5,0.5,838.04,311.88,4.5%,"BTC_INR_5m_ST1(12,2.0)+ST2(12,4.0)_SL1.5pct_1-3",0,0
BTC/INR,5m,2026-09-17 to 2026-09-24 (7D),1963,10,3.0,7,3.0,"ST1(10,3.0)+ST2(7,3.0)",1.5%,1:3,1%,1.5,3.0,"ST1(10,3.0)+ST2(7,3.0)",10000,10524.91,524.91,5.25,111.0,1.11,203.778,-66.89,113.21,-66.89,169.815,-66.89,63.64,36.36,2.96,47.72,11,7,4,0,2,2,1.5,1.5,0,0,0,0,91.59,1.5,5,0.5,792.4699999999999,267.56,4.5%,"BTC_INR_5m_ST1(10,3.0)+ST2(7,3.0)_SL1.5pct_1-3",0,0
BTC/INR,5m,2026-09-17 to 2026-09-24 (7D),1963,10,3.0,12,3.0,"ST1(10,3.0)+ST2(12,3.0)",1.5%,1:3,1%,1.5,3.0,"ST1(10,3.0)+ST2(12,3.0)",10000,10524.91,524.91,5.25,111.0,1.11,203.778,-66.89,113.21,-66.89,169.815,-66.89,63.64,36.36,2.96,47.72,11,7,4,0,2,2,1.5,1.5,0,0,0,0,91.59,1.5,5,0.5,792.4699999999999,267.56,4.5%,"BTC_INR_5m_ST1(10,3.0)+ST2(12,3.0)_SL1.5pct_1-3",0,0
BTC/INR,5m,2026-09-17 to 2026-09-24 (7D),1963,7,3.0,12,3.0,"ST1(7,3.0)+ST2(12,3.0)",1.5%,1:3,1%,1.5,3.0,"ST1(7,3.0)+ST2(12,3.0)",10000,10524.91,524.91,5.25,111.0,1.11,203.778,-66.89,113.21,-66.89,169.815,-66.89,63.64,36.36,2.96,47.72,11,7,4,0,2,2,1.5,1.5,0,0,0,0,91.59,1.5,5,0.5,792.4699999999999,267.56,4.5%,"BTC_INR_5m_ST1(7,3.0)+ST2(12,3.0)_SL1.5pct_1-3",0,0
BTC/INR,5m,2026-09-17 to 2026-09-24 (7D),1963,12,3.0,7,3.0,"ST1(12,3.0)+ST2(7,3.0)",1.5%,1:3,1%,1.5,3.0,"ST1(12,3.0)+ST2(7,3.0)",10000,10524.91,524.91,5.25,111.0,1.11,203.778,-66.89,113.21,-66.89,169.815,-66.89,63.64,36.36,2.96,47.72,11,7,4,0,2,2,1.5,1.5,0,0,0,0,91.59,1.5,5,0.5,792.4699999999999,267.56,4.5%,"BTC_INR_5m_ST1(12,3.0)+ST2(7,3.0)_SL1.5pct_1-3",0,0
BTC/INR,5m,2026-09-17 to 2026-09-24 (7D),1963,12,3.0,14,3.0,"ST1(12,3.0)+ST2(14,3.0)",1.5%,1:3,1%,1.5,3.0,"ST1(12,3.0)+ST2(14,3.0)",10000,10524.91,524.91,5.25,111.0,1.11,203.778,-66.89,113.21,-66.89,169.815,-66.89,63.64,36.36,2.96,47.72,11,7,4,0,2,2,1.5,1.5,0,0,0,0,91.59,1.5,5,0.5,792.4699999999999,267.56,4.5%,"BTC_INR_5m_ST1(12,3.0)+ST2(14,3.0)_SL1.5pct_1-3",0,0
BTC/INR,5m,2026-09-17 to 2026-09-24 (7D),1963,14,3.0,7,3.0,"ST1(14,3.0)+ST2(7,3.0)",1.5%,1:3,1%,1.5,3.0,"ST1(14,3.0)+ST2(7,3.0)",10000,10524.91,524.91,5.25,111.0,1.11,203.778,-66.89,113.21,-66.89,169.815,-66.89,63.64,36.36,2.96,47.72,11,7,4,0,2,2,1.5,1.5,0,0,0,0,91.59,1.5,5,0.5,792.4699999999999,267.56,4.5%,"BTC_INR_5m_ST1(14,3.0)+ST2(7,3.0)_SL1.5pct_1-3",0,0
BTC/INR,5m,2026-09-17 to 2026-09-24 (7D),1963,10,3.0,14,3.0,"ST1(10,3.0)+ST2(14,3.0)",1.5%,1:3,1%,1.5,3.0,"ST1(10,3.0)+ST2(14,3.0)",10000,10524.91,524.91,5.25,111.0,1.11,203.778,-66.89,113.21,-66.89,169.815,-66.89,63.64,36.36,2.96,47.72,11,7,4,0,2,2,1.5,1.5,0,0,0,0,91.59,1.5,5,0.5,792.4699999999999,267.56,4.5%,"BTC_INR_5m_ST1(10,3.0)+ST2(14,3.0)_SL1.5pct_1-3",0,0
BTC/INR,5m,2026-09-17 to 2026-09-24 (7D),1963,7,3.0,10,3.0,"ST1(7,3.0)+ST2(10,3.0)",1.5%,1:3,1%,1.5,3.0,"ST1(7,3.0)+ST2(10,3.0)",10000,10524.91,524.91,5.25,111.0,1.11,203.778,-66.89,113.21,-66.89,169.815,-66.89,63.64,36.36,2.96,47.72,11,7,4,0,2,2,1.5,1.5,0,0,0,0,91.59,1.5,5,0.5,792.4699999999999,267.56,4.5%,"BTC_INR_5m_ST1(7,3.0)+ST2(10,3.0)_SL1.5pct_1-3",0,0
BTC/INR,5m,2026-09-17 to 2026-09-24 (7D),1963,14,3.0,12,3.0,"ST1(14,3.0)+ST2(12,3.0)",1.5%,1:3,1%,1.5,3.0,"ST1(14,3.0)+ST2(12,3.0)",10000,10524.91,524.91,5.25,111.0,1.11,203.778,-66.89,113.21,-66.89,169.815,-66.89,63.64,36.36,2.96,47.72,11,7,4,0,2,2,1.5,1.5,0,0,0,0,91.59,1.5,5,0.5,792.4699999999999,267.56,4.5%,"BTC_INR_5m_ST1(14,3.0)+ST2(12,3.0)_SL1.5pct_1-3",0,0
BTC/INR,5m,2026-09-17 to 2026-09-24 (7D),1963,14,3.0,10,3.0,"ST1(14,3.0)+ST2(10,3.0)",1.5%,1:3,1%,1.5,3.0,"ST1(14,3.0)+ST2(10,3.0)",10000,10524.91,524.91,5.25,111.0,1.11,203.778,-66.89,113.21,-66.89,169.815,-66.89,63.64,36.36,2.96,47.72,11,7,4,0,2,2,1.5,1.5,0,0,0,0,91.59,1.5,5,0.5,792.4699999999999,267.56,4.5%,"BTC_INR_5m_ST1(14,3.0)+ST2(10,3.0)_SL1.5pct_1-3",0,0
BTC/INR,5m,2026-09-17 to 2026-09-24 (7D),1963,12,3.0,10,3.0,"ST1(12,3.0)+ST2(10,3.0)",1.5%,1:3,1%,1.5,3.0,"ST1(12,3.0)+ST2(10,3.0)",10000,10524.91,524.91,5.25,111.0,1.11,203.778,-66.89,113.21,-66.89,169.815,-66.89,63.64,36.36,2.96,47.72,11,7,4,0,2,2,1.5,1.5,0,0,0,0,91.59,1.5,5,0.5,792.4699999999999,267.56,4.5%,"BTC_INR_5m_ST1(12,3.0)+ST2(10,3.0)_SL1.5pct_1-3",0,0
BTC/INR,5m,2026-09-17 to 2026-09-24 (7D),1963,7,3.0,14,3.0,"ST1(7,3.0)+ST2(14,3.0)",1.5%,1:3,1%,1.5,3.0,"ST1(7,3.0)+ST2(14,3.0)",10000,10524.91,524.91,5.25,111.0,1.11,203.778,-66.89,113.21,-66.89,169.815,-66.89,63.64,36.36,2.96,47.72,11,7,4,0,2,2,1.5,1.5,0,0,0,0,91.59,1.5,5,0.5,792.4699999999999,267.56,4.5%,"BTC_INR_5m_ST1(7,3.0)+ST2(14,3.0)_SL1.5pct_1-3",0,0
SOL/INR,15m,2026-07-25 to 2026-09-24 (60D),5742,7,4.0,10,3.0,"ST1(7,4.0)+ST2(10,3.0)",1.5%,1:3,1%,1.5,3.0,"ST1(7,4.0)+ST2(10,3.0)",10000,10523.67,523.67,5.24,800.0,8.0,220.968,-85.58,122.76,-85.58,184.14,-85.58,43.56,56.44,1.11,5.18,101,44,57,0,2,2,1.5,1.5,0,0,0,0,73.41,1.5,5,0.5,5401.4400000000005,4878.06,4.5%,"SOL_INR_15m_ST1(7,4.0)+ST2(10,3.0)_SL1.5pct_1-3",2,1
SOL/INR,15m,2026-07-25 to 2026-09-24 (60D),5742,10,3.0,7,4.0,"ST1(10,3.0)+ST2(7,4.0)",1.5%,1:3,1%,1.5,3.0,"ST1(10,3.0)+ST2(7,4.0)",10000,10523.67,523.67,5.24,800.0,8.0,220.968,-85.58,122.76,-85.58,184.14,-85.58,43.56,56.44,1.11,5.18,101,44,57,0,2,2,1.5,1.5,0,0,0,0,73.41,1.5,5,0.5,5401.4400000000005,4878.06,4.5%,"SOL_INR_15m_ST1(10,3.0)+ST2(7,4.0)_SL1.5pct_1-3",2,1
SOL/INR,5m,2026-09-17 to 2026-09-24 (7D),1963,7,2.0,14,2.0,"ST1(7,2.0)+ST2(14,2.0)",1.5%,1:3,1%,1.5,3.0,"ST1(7,2.0)+ST2(14,2.0)",10000,10504.06,504.06,5.04,381.0,3.81,228.708,-106.58,127.06,-106.58,190.59,-106.58,60.0,40.0,1.79,33.6,15,9,6,0,2,2,1.5,1.5,0,0,0,0,89.6,1.5,5,0.5,1143.54,639.48,4.5%,"SOL_INR_5m_ST1(7,2.0)+ST2(14,2.0)_SL1.5pct_1-3",2,0
SOL/INR,5m,2026-09-17 to 2026-09-24 (7D),1963,7,2.0,10,2.0,"ST1(7,2.0)+ST2(10,2.0)",1.5%,1:3,1%,1.5,3.0,"ST1(7,2.0)+ST2(10,2.0)",10000,10504.06,504.06,5.04,381.0,3.81,228.708,-106.58,127.06,-106.58,190.59,-106.58,60.0,40.0,1.79,33.6,15,9,6,0,2,2,1.5,1.5,0,0,0,0,89.6,1.5,5,0.5,1143.54,639.48,4.5%,"SOL_INR_5m_ST1(7,2.0)+ST2(10,2.0)_SL1.5pct_1-3",2,0
SOL/INR,5m,2026-09-17 to 2026-09-24 (7D),1963,10,2.0,7,2.0,"ST1(10,2.0)+ST2(7,2.0)",1.5%,1:3,1%,1.5,3.0,"ST1(10,2.0)+ST2(7,2.0)",10000,10504.06,504.06,5.04,381.0,3.81,228.708,-106.58,127.06,-106.58,190.59,-106.58,60.0,40.0,1.79,33.6,15,9,6,0,2,2,1.5,1.5,0,0,0,0,89.6,1.5,5,0.5,1143.54,639.48,4.5%,"SOL_INR_5m_ST1(10,2.0)+ST2(7,2.0)_SL1.5pct_1-3",2,0
SOL/INR,5m,2026-09-17 to 2026-09-24 (7D),1963,10,2.0,12,2.0,"ST1(10,2.0)+ST2(12,2.0)",1.5%,1:3,1%,1.5,3.0,"ST1(10,2.0)+ST2(12,2.0)",10000,10504.06,504.06,5.04,381.0,3.81,228.708,-106.58,127.06,-106.58,190.59,-106.58,60.0,40.0,1.79,33.6,15,9,6,0,2,2,1.5,1.5,0,0,0,0,89.6,1.5,5,0.5,1143.54,639.48,4.5%,"SOL_INR_5m_ST1(10,2.0)+ST2(12,2.0)_SL1.5pct_1-3",2,0
SOL/INR,5m,2026-09-17 to 2026-09-24 (7D),1963,12,2.0,10,2.0,"ST1(12,2.0)+ST2(10,2.0)",1.5%,1:3,1%,1.5,3.0,"ST1(12,2.0)+ST2(10,2.0)",10000,10504.06,504.06,5.04,381.0,3.81,228.708,-106.58,127.06,-106.58,190.59,-106.58,60.0,40.0,1.79,33.6,15,9,6,0,2,2,1.5,1.5,0,0,0,0,89.6,1.5,5,0.5,1143.54,639.48,4.5%,"SOL_INR_5m_ST1(12,2.0)+ST2(10,2.0)_SL1.5pct_1-3",2,0
SOL/INR,5m,2026-09-17 to 2026-09-24 (7D),1963,14,2.0,7,2.0,"ST1(14,2.0)+ST2(7,2.0)",1.5%,1:3,1%,1.5,3.0,"ST1(14,2.0)+ST2(7,2.0)",10000,10504.06,504.06,5.04,381.0,3.81,228.708,-106.58,127.06,-106.58,190.59,-106.58,60.0,40.0,1.79,33.6,15,9,6,0,2,2,1.5,1.5,0,0,0,0,89.6,1.5,5,0.5,1143.54,639.48,4.5%,"SOL_INR_5m_ST1(14,2.0)+ST2(7,2.0)_SL1.5pct_1-3",2,0
SOL/INR,5m,2026-09-17 to 2026-09-24 (7D),1963,14,2.0,10,2.0,"ST1(14,2.0)+ST2(10,2.0)",1.5%,1:3,1%,1.5,3.0,"ST1(14,2.0)+ST2(10,2.0)",10000,10504.06,504.06,5.04,381.0,3.81,228.708,-106.58,127.06,-106.58,190.59,-106.58,60.0,40.0,1.79,33.6,15,9,6,0,2,2,1.5,1.5,0,0,0,0,89.6,1.5,5,0.5,1143.54,639.48,4.5%,"SOL_INR_5m_ST1(14,2.0)+ST2(10,2.0)_SL1.5pct_1-3",2,0
SOL/INR,5m,2026-09-17 to 2026-09-24 (7D),1963,7,2.0,12,2.0,"ST1(7,2.0)+ST2(12,2.0)",1.5%,1:3,1%,1.5,3.0,"ST1(7,2.0)+ST2(12,2.0)",10000,10504.06,504.06,5.04,381.0,3.81,228.708,-106.58,127.06,-106.58,190.59,-106.58,60.0,40.0,1.79,33.6,15,9,6,0,2,2,1.5,1.5,0,0,0,0,89.6,1.5,5,0.5,1143.54,639.48,4.5%,"SOL_INR_5m_ST1(7,2.0)+ST2(12,2.0)_SL1.5pct_1-3",2,0
SOL/INR,5m,2026-09-17 to 2026-09-24 (7D),1963,10,2.0,14,2.0,"ST1(10,2.0)+ST2(14,2.0)",1.5%,1:3,1%,1.5,3.0,"ST1(10,2.0)+ST2(14,2.0)",10000,10504.06,504.06,5.04,381.0,3.81,228.708,-106.58,127.06,-106.58,190.59,-106.58,60.0,40.0,1.79,33.6,15,9,6,0,2,2,1.5,1.5,0,0,0,0,89.6,1.5,5,0.5,1143.54,639.48,4.5%,"SOL_INR_5m_ST1(10,2.0)+ST2(14,2.0)_SL1.5pct_1-3",2,0
SOL/INR,5m,2026-09-17 to 2026-09-24 (7D),1963,12,2.0,7,2.0,"ST1(12,2.0)+ST2(7,2.0)",1.5%,1:3,1%,1.5,3.0,"ST1(12,2.0)+ST2(7,2.0)",10000,10504.06,504.06,5.04,381.0,3.81,228.708,-106.58,127.06,-106.58,190.59,-106.58,60.0,40.0,1.79,33.6,15,9,6,0,2,2,1.5,1.5,0,0,0,0,89.6,1.5,5,0.5,1143.54,639.48,4.5%,"SOL_INR_5m_ST1(12,2.0)+ST2(7,2.0)_SL1.5pct_1-3",2,0
BTC/INR,15m,2026-07-25 to 2026-09-24 (60D),5742,10,2.0,7,3.5,"ST1(10,2.0)+ST2(7,3.5)",1.5%,1:3,1%,1.5,3.0,"ST1(10,2.0)+ST2(7,3.5)",10000,10503.15,503.15,5.03,650.0,6.5,166.96800000000002,-60.24,92.76,-60.24,139.14,-60.24,43.59,56.41,1.19,6.45,78,34,44,0,2,2,1.5,1.5,0,0,0,0,76.87,1.5,5,0.5,3153.84,2650.56,4.5%,"BTC_INR_15m_ST1(10,2.0)+ST2(7,3.5)_SL1.5pct_1-3",0,1
BTC/INR,15m,2026-07-25 to 2026-09-24 (60D),5742,7,3.5,10,2.0,"ST1(7,3.5)+ST2(10,2.0)",1.5%,1:3,1%,1.5,3.0,"ST1(7,3.5)+ST2(10,2.0)",10000,10503.15,503.15,5.03,650.0,6.5,166.96800000000002,-60.24,92.76,-60.24,139.14,-60.24,43.59,56.41,1.19,6.45,78,34,44,0,2,2,1.5,1.5,0,0,0,0,76.87,1.5,5,0.5,3153.84,2650.56,4.5%,"BTC_INR_15m_ST1(7,3.5)+ST2(10,2.0)_SL1.5pct_1-3",0,1
SOL/INR,30m,2026-07-25 to 2026-09-24 (60D),2872,7,3.0,10,3.5,"ST1(7,3.0)+ST2(10,3.5)",1.5%,1:3,1%,1.5,3.0,"ST1(7,3.0)+ST2(10,3.5)",10000,10495.31,495.31,4.95,697.0,6.97,254.844,-91.02,141.58,-91.02,212.37,-91.02,41.67,58.33,1.11,5.9,84,35,49,0,2,2,1.5,1.5,0,0,0,0,57.85,1.5,5,0.5,4955.3,4459.98,4.5%,"SOL_INR_30m_ST1(7,3.0)+ST2(10,3.5)_SL1.5pct_1-3",2,2
SOL/INR,30m,2026-07-25 to 2026-09-24 (60D),2872,10,3.5,7,3.0,"ST1(10,3.5)+ST2(7,3.0)",1.5%,1:3,1%,1.5,3.0,"ST1(10,3.5)+ST2(7,3.0)",10000,10495.31,495.31,4.95,697.0,6.97,254.844,-91.02,141.58,-91.02,212.37,-91.02,41.67,58.33,1.11,5.9,84,35,49,0,2,2,1.5,1.5,0,0,0,0,57.85,1.5,5,0.5,4955.3,4459.98,4.5%,"SOL_INR_30m_ST1(10,3.5)+ST2(7,3.0)_SL1.5pct_1-3",2,2
ETH/INR,5m,2026-09-17 to 2026-09-24 (7D),1963,12,3.0,14,3.0,"ST1(12,3.0)+ST2(14,3.0)",1.5%,1:3,1%,1.5,3.0,"ST1(12,3.0)+ST2(14,3.0)",10000,10492.1,492.1,4.92,145.0,1.45,238.68,-60.7,132.6,-60.7,198.9,-60.7,54.55,45.45,2.62,44.74,11,6,5,0,2,2,1.5,1.5,0,0,0,0,92.3,1.5,5,0.5,795.5999999999999,303.5,4.5%,"ETH_INR_5m_ST1(12,3.0)+ST2(14,3.0)_SL1.5pct_1-3",1,0
ETH/INR,5m,2026-09-17 to 2026-09-24 (7D),1963,12,3.5,14,3.0,"ST1(12,3.5)+ST2(14,3.0)",1.5%,1:3,1%,1.5,3.0,"ST1(12,3.5)+ST2(14,3.0)",10000,10492.1,492.1,4.92,145.0,1.45,238.68,-60.7,132.6,-60.7,198.9,-60.7,54.55,45.45,2.62,44.74,11,6,5,0,2,2,1.5,1.5,0,0,0,0,92.3,1.5,5,0.5,795.5999999999999,303.5,4.5%,"ETH_INR_5m_ST1(12,3.5)+ST2(14,3.0)_SL1.5pct_1-3",1,0
ETH/INR,5m,2026-09-17 to 2026-09-24 (7D),1963,10,3.0,14,3.0,"ST1(10,3.0)+ST2(14,3.0)",1.5%,1:3,1%,1.5,3.0,"ST1(10,3.0)+ST2(14,3.0)",10000,10492.1,492.1,4.92,145.0,1.45,238.68,-60.7,132.6,-60.7,198.9,-60.7,54.55,45.45,2.62,44.74,11,6,5,0,2,2,1.5,1.5,0,0,0,0,92.3,1.5,5,0.5,795.5999999999999,303.5,4.5%,"ETH_INR_5m_ST1(10,3.0)+ST2(14,3.0)_SL1.5pct_1-3",1,0
ETH/INR,5m,2026-09-17 to 2026-09-24 (7D),1963,7,4.0,14,3.0,"ST1(7,4.0)+ST2(14,3.0)",1.5%,1:3,1%,1.5,3.0,"ST1(7,4.0)+ST2(14,3.0)",10000,10492.1,492.1,4.92,145.0,1.45,238.68,-60.7,132.6,-60.7,198.9,-60.7,54.55,45.45,2.62,44.74,11,6,5,0,2,2,1.5,1.5,0,0,0,0,92.2,1.5,5,0.5,795.5999999999999,303.5,4.5%,"ETH_INR_5m_ST1(7,4.0)+ST2(14,3.0)_SL1.5pct_1-3",1,0
ETH/INR,5m,2026-09-17 to 2026-09-24 (7D),1963,14,3.0,7,3.0,"ST1(14,3.0)+ST2(7,3.0)",1.5%,1:3,1%,1.5,3.0,"ST1(14,3.0)+ST2(7,3.0)",10000,10492.1,492.1,4.92,145.0,1.45,238.68,-60.7,132.6,-60.7,198.9,-60.7,54.55,45.45,2.62,44.74,11,6,5,0,2,2,1.5,1.5,0,0,0,0,92.3,1.5,5,0.5,795.5999999999999,303.5,4.5%,"ETH_INR_5m_ST1(14,3.0)+ST2(7,3.0)_SL1.5pct_1-3",1,0
ETH/INR,5m,2026-09-17 to 2026-09-24 (7D),1963,12,4.0,14,3.0,"ST1(12,4.0)+ST2(14,3.0)",1.5%,1:3,1%,1.5,3.0,"ST1(12,4.0)+ST2(14,3.0)",10000,10492.1,492.1,4.92,145.0,1.45,238.68,-60.7,132.6,-60.7,198.9,-60.7,54.55,45.45,2.62,44.74,11,6,5,0,2,2,1.5,1.5,0,0,0,0,92.2,1.5,5,0.5,795.5999999999999,303.5,4.5%,"ETH_INR_5m_ST1(12,4.0)+ST2(14,3.0)_SL1.5pct_1-3",1,0
ETH/INR,5m,2026-09-17 to 2026-09-24 (7D),1963,14,3.0,7,3.5,"ST1(14,3.0)+ST2(7,3.5)",1.5%,1:3,1%,1.5,3.0,"ST1(14,3.0)+ST2(7,3.5)",10000,10492.1,492.1,4.92,145.0,1.45,238.68,-60.7,132.6,-60.7,198.9,-60.7,54.55,45.45,2.62,44.74,11,6,5,0,2,2,1.5,1.5,0,0,0,0,92.3,1.5,5,0.5,795.5999999999999,303.5,4.5%,"ETH_INR_5m_ST1(14,3.0)+ST2(7,3.5)_SL1.5pct_1-3",1,0
ETH/INR,5m,2026-09-17 to 2026-09-24 (7D),1963,14,3.0,7,4.0,"ST1(14,3.0)+ST2(7,4.0)",1.5%,1:3,1%,1.5,3.0,"ST1(14,3.0)+ST2(7,4.0)",10000,10492.1,492.1,4.92,145.0,1.45,238.68,-60.7,132.6,-60.7,198.9,-60.7,54.55,45.45,2.62,44.74,11,6,5,0,2,2,1.5,1.5,0,0,0,0,92.2,1.5,5,0.5,795.5999999999999,303.5,4.5%,"ETH_INR_5m_ST1(14,3.0)+ST2(7,4.0)_SL1.5pct_1-3",1,0
ETH/INR,5m,2026-09-17 to 2026-09-24 (7D),1963,14,3.5,14,3.0,"ST1(14,3.5)+ST2(14,3.0)",1.5%,1:3,1%,1.5,3.0,"ST1(14,3.5)+ST2(14,3.0)",10000,10492.1,492.1,4.92,145.0,1.45,238.68,-60.7,132.6,-60.7,198.9,-60.7,54.55,45.45,2.62,44.74,11,6,5,0,2,2,1.5,1.5,0,0,0,0,92.3,1.5,5,0.5,795.5999999999999,303.5,4.5%,"ETH_INR_5m_ST1(14,3.5)+ST2(14,3.0)_SL1.5pct_1-3",1,0
ETH/INR,5m,2026-09-17 to 2026-09-24 (7D),1963,14,4.0,14,3.0,"ST1(14,4.0)+ST2(14,3.0)",1.5%,1:3,1%,1.5,3.0,"ST1(14,4.0)+ST2(14,3.0)",10000,10492.1,492.1,4.92,145.0,1.45,238.68,-60.7,132.6,-60.7,198.9,-60.7,54.55,45.45,2.62,44.74,11,6,5,0,2,2,1.5,1.5,0,0,0,0,92.2,1.5,5,0.5,795.5999999999999,303.5,4.5%,"ETH_INR_5m_ST1(14,4.0)+ST2(14,3.0)_SL1.5pct_1-3",1,0
ETH/INR,5m,2026-09-17 to 2026-09-24 (7D),1963,10,3.5,14,3.0,"ST1(10,3.5)+ST2(14,3.0)",1.5%,1:3,1%,1.5,3.0,"ST1(10,3.5)+ST2(14,3.0)",10000,10492.1,492.1,4.92,145.0,1.45,238.68,-60.7,132.6,-60.7,198.9,-60.7,54.55,45.45,2.62,44.74,11,6,5,0,2,2,1.5,1.5,0,0,0,0,92.3,1.5,5,0.5,795.5999999999999,303.5,4.5%,"ETH_INR_5m_ST1(10,3.5)+ST2(14,3.0)_SL1.5pct_1-3",1,0
ETH/INR,5m,2026-09-17 to 2026-09-24 (7D),1963,10,4.0,14,3.0,"ST1(10,4.0)+ST2(14,3.0)",1.5%,1:3,1%,1.5,3.0,"ST1(10,4.0)+ST2(14,3.0)",10000,10492.1,492.1,4.92,145.0,1.45,238.68,-60.7,132.6,-60.7,198.9,-60.7,54.55,45.45,2.62,44.74,11,6,5,0,2,2,1.5,1.5,0,0,0,0,92.2,1.5,5,0.5,795.5999999999999,303.5,4.5%,"ETH_INR_5m_ST1(10,4.0)+ST2(14,3.0)_SL1.5pct_1-3",1,0
ETH/INR,5m,2026-09-17 to 2026-09-24 (7D),1963,14,3.0,10,4.0,"ST1(14,3.0)+ST2(10,4.0)",1.5%,1:3,1%,1.5,3.0,"ST1(14,3.0)+ST2(10,4.0)",10000,10492.1,492.1,4.92,145.0,1.45,238.68,-60.7,132.6,-60.7,198.9,-60.7,54.55,45.45,2.62,44.74,11,6,5,0,2,2,1.5,1.5,0,0,0,0,92.2,1.5,5,0.5,795.5999999999999,303.5,4.5%,"ETH_INR_5m_ST1(14,3.0)+ST2(10,4.0)_SL1.5pct_1-3",1,0
ETH/INR,5m,2026-09-17 to 2026-09-24 (7D),1963,14,3.0,12,3.0,"ST1(14,3.0)+ST2(12,3.0)",1.5%,1:3,1%,1.5,3.0,"ST1(14,3.0)+ST2(12,3.0)",10000,10492.1,492.1,4.92,145.0,1.45,238.68,-60.7,132.6,-60.7,198.9,-60.7,54.55,45.45,2.62,44.74,11,6,5,0,2,2,1.5,1.5,0,0,0,0,92.3,1.5,5,0.5,795.5999999999999,303.5,4.5%,"ETH_INR_5m_ST1(14,3.0)+ST2(12,3.0)_SL1.5pct_1-3",1,0
ETH/INR,5m,2026-09-17 to 2026-09-24 (7D),1963,7,3.5,14,3.0,"ST1(7,3.5)+ST2(14,3.0)",1.5%,1:3,1%,1.5,3.0,"ST1(7,3.5)+ST2(14,3.0)",10000,10492.1,492.1,4.92,145.0,1.45,238.68,-60.7,132.6,-60.7,198.9,-60.7,54.55,45.45,2.62,44.74,11,6,5,0,2,2,1.5,1.5,0,0,0,0,92.3,1.5,5,0.5,795.5999999999999,303.5,4.5%,"ETH_INR_5m_ST1(7,3.5)+ST2(14,3.0)_SL1.5pct_1-3",1,0
ETH/INR,5m,2026-09-17 to 2026-09-24 (7D),1963,7,3.0,14,3.0,"ST1(7,3.0)+ST2(14,3.0)",1.5%,1:3,1%,1.5,3.0,"ST1(7,3.0)+ST2(14,3.0)",10000,10492.1,492.1,4.92,145.0,1.45,238.68,-60.7,132.6,-60.7,198.9,-60.7,54.55,45.45,2.62,44.74,11,6,5,0,2,2,1.5,1.5,0,0,0,0,92.3,1.5,5,0.5,795.5999999999999,303.5,4.5%,"ETH_INR_5m_ST1(7,3.0)+ST2(14,3.0)_SL1.5pct_1-3",1,0
ETH/INR,5m,2026-09-17 to 2026-09-24 (7D),1963,14,3.0,10,3.0,"ST1(14,3.0)+ST2(10,3.0)",1.5%,1:3,1%,1.5,3.0,"ST1(14,3.0)+ST2(10,3.0)",10000,10492.1,492.1,4.92,145.0,1.45,238.68,-60.7,132.6,-60.7,198.9,-60.7,54.55,45.45,2.62,44.74,11,6,5,0,2,2,1.5,1.5,0,0,0,0,92.3,1.5,5,0.5,795.5999999999999,303.5,4.5%,"ETH_INR_5m_ST1(14,3.0)+ST2(10,3.0)_SL1.5pct_1-3",1,0
ETH/INR,5m,2026-09-17 to 2026-09-24 (7D),1963,14,3.0,10,3.5,"ST1(14,3.0)+ST2(10,3.5)",1.5%,1:3,1%,1.5,3.0,"ST1(14,3.0)+ST2(10,3.5)",10000,10492.1,492.1,4.92,145.0,1.45,238.68,-60.7,132.6,-60.7,198.9,-60.7,54.55,45.45,2.62,44.74,11,6,5,0,2,2,1.5,1.5,0,0,0,0,92.3,1.5,5,0.5,795.5999999999999,303.5,4.5%,"ETH_INR_5m_ST1(14,3.0)+ST2(10,3.5)_SL1.5pct_1-3",1,0
ETH/INR,5m,2026-09-17 to 2026-09-24 (7D),1963,14,3.0,14,4.0,"ST1(14,3.0)+ST2(14,4.0)",1.5%,1:3,1%,1.5,3.0,"ST1(14,3.0)+ST2(14,4.0)",10000,10492.1,492.1,4.92,145.0,1.45,238.68,-60.7,132.6,-60.7,198.9,-60.7,54.55,45.45,2.62,44.74,11,6,5,0,2,2,1.5,1.5,0,0,0,0,92.2,1.5,5,0.5,795.5999999999999,303.5,4.5%,"ETH_INR_5m_ST1(14,3.0)+ST2(14,4.0)_SL1.5pct_1-3",1,0
ETH/INR,5m,2026-09-17 to 2026-09-24 (7D),1963,14,3.0,14,3.5,"ST1(14,3.0)+ST2(14,3.5)",1.5%,1:3,1%,1.5,3.0,"ST1(14,3.0)+ST2(14,3.5)",10000,10492.1,492.1,4.92,145.0,1.45,238.68,-60.7,132.6,-60.7,198.9,-60.7,54.55,45.45,2.62,44.74,11,6,5,0,2,2,1.5,1.5,0,0,0,0,92.3,1.5,5,0.5,795.5999999999999,303.5,4.5%,"ETH_INR_5m_ST1(14,3.0)+ST2(14,3.5)_SL1.5pct_1-3",1,0
ETH/INR,5m,2026-09-17 to 2026-09-24 (7D),1963,14,3.0,12,4.0,"ST1(14,3.0)+ST2(12,4.0)",1.5%,1:3,1%,1.5,3.0,"ST1(14,3.0)+ST2(12,4.0)",10000,10492.1,492.1,4.92,145.0,1.45,238.68,-60.7,132.6,-60.7,198.9,-60.7,54.55,45.45,2.62,44.74,11,6,5,0,2,2,1.5,1.5,0,0,0,0,92.2,1.5,5,0.5,795.5999999999999,303.5,4.5%,"ETH_INR_5m_ST1(14,3.0)+ST2(12,4.0)_SL1.5pct_1-3",1,0
ETH/INR,5m,2026-09-17 to 2026-09-24 (7D),1963,14,3.0,12,3.5,"ST1(14,3.0)+ST2(12,3.5)",1.5%,1:3,1%,1.5,3.0,"ST1(14,3.0)+ST2(12,3.5)",10000,10492.1,492.1,4.92,145.0,1.45,238.68,-60.7,132.6,-60.7,198.9,-60.7,54.55,45.45,2.62,44.74,11,6,5,0,2,2,1.5,1.5,0,0,0,0,92.3,1.5,5,0.5,795.5999999999999,303.5,4.5%,"ETH_INR_5m_ST1(14,3.0)+ST2(12,3.5)_SL1.5pct_1-3",1,0
ETH/INR,5m,2026-09-17 to 2026-09-24 (7D),1963,10,4.0,12,3.0,"ST1(10,4.0)+ST2(12,3.0)",1.5%,1:3,1%,1.5,3.0,"ST1(10,4.0)+ST2(12,3.0)",10000,10484.63,484.63,4.85,161.0,1.61,290.142,-53.55,161.19,-53.55,241.785,-53.55,45.45,54.55,2.51,44.06,11,5,6,0,2,2,1.5,1.5,0,0,0,0,92.97,1.5,5,0.5,805.95,321.29999999999995,4.5%,"ETH_INR_5m_ST1(10,4.0)+ST2(12,3.0)_SL1.5pct_1-3",1,0
ETH/INR,5m,2026-09-17 to 2026-09-24 (7D),1963,12,3.0,10,4.0,"ST1(12,3.0)+ST2(10,4.0)",1.5%,1:3,1%,1.5,3.0,"ST1(12,3.0)+ST2(10,4.0)",10000,10484.63,484.63,4.85,161.0,1.61,290.142,-53.55,161.19,-53.55,241.785,-53.55,45.45,54.55,2.51,44.06,11,5,6,0,2,2,1.5,1.5,0,0,0,0,92.97,1.5,5,0.5,805.95,321.29999999999995,4.5%,"ETH_INR_5m_ST1(12,3.0)+ST2(10,4.0)_SL1.5pct_1-3",1,0
SOL/INR,5m,2026-09-17 to 2026-09-24 (7D),1963,10,3.5,12,3.0,"ST1(10,3.5)+ST2(12,3.0)",1.5%,1:3,1%,1.5,3.0,"ST1(10,3.5)+ST2(12,3.0)",10000,10482.83,482.83,4.83,330.0,3.3,240.228,-116.97,133.46,-116.97,200.19,-116.97,61.54,38.46,1.83,37.14,13,8,5,0,2,2,1.5,1.5,0,0,0,0,89.04,1.5,5,0.5,1067.68,584.85,4.5%,"SOL_INR_5m_ST1(10,3.5)+ST2(12,3.0)_SL1.5pct_1-3",2,0
SOL/INR,5m,2026-09-17 to 2026-09-24 (7D),1963,10,3.5,14,3.0,"ST1(10,3.5)+ST2(14,3.0)",1.5%,1:3,1%,1.5,3.0,"ST1(10,3.5)+ST2(14,3.0)",10000,10482.83,482.83,4.83,330.0,3.3,240.228,-116.97,133.46,-116.97,200.19,-116.97,61.54,38.46,1.83,37.14,13,8,5,0,2,2,1.5,1.5,0,0,0,0,89.04,1.5,5,0.5,1067.68,584.85,4.5%,"SOL_INR_5m_ST1(10,3.5)+ST2(14,3.0)_SL1.5pct_1-3",2,0
SOL/INR,5m,2026-09-17 to 2026-09-24 (7D),1963,7,3.0,14,3.5,"ST1(7,3.0)+ST2(14,3.5)",1.5%,1:3,1%,1.5,3.0,"ST1(7,3.0)+ST2(14,3.5)",10000,10482.83,482.83,4.83,330.0,3.3,240.228,-116.97,133.46,-116.97,200.19,-116.97,61.54,38.46,1.83,37.14,13,8,5,0,2,2,1.5,1.5,0,0,0,0,88.18,1.5,5,0.5,1067.68,584.85,4.5%,"SOL_INR_5m_ST1(7,3.0)+ST2(14,3.5)_SL1.5pct_1-3",2,0
SOL/INR,5m,2026-09-17 to 2026-09-24 (7D),1963,10,3.0,10,3.5,"ST1(10,3.0)+ST2(10,3.5)",1.5%,1:3,1%,1.5,3.0,"ST1(10,3.0)+ST2(10,3.5)",10000,10482.83,482.83,4.83,330.0,3.3,240.228,-116.97,133.46,-116.97,200.19,-116.97,61.54,38.46,1.83,37.14,13,8,5,0,2,2,1.5,1.5,0,0,0,0,89.04,1.5,5,0.5,1067.68,584.85,4.5%,"SOL_INR_5m_ST1(10,3.0)+ST2(10,3.5)_SL1.5pct_1-3",2,0
SOL/INR,5m,2026-09-17 to 2026-09-24 (7D),1963,14,3.0,14,3.5,"ST1(14,3.0)+ST2(14,3.5)",1.5%,1:3,1%,1.5,3.0,"ST1(14,3.0)+ST2(14,3.5)",10000,10482.83,482.83,4.83,330.0,3.3,240.228,-116.97,133.46,-116.97,200.19,-116.97,61.54,38.46,1.83,37.14,13,8,5,0,2,2,1.5,1.5,0,0,0,0,89.04,1.5,5,0.5,1067.68,584.85,4.5%,"SOL_INR_5m_ST1(14,3.0)+ST2(14,3.5)_SL1.5pct_1-3",2,0
SOL/INR,5m,2026-09-17 to 2026-09-24 (7D),1963,14,3.0,12,3.5,"ST1(14,3.0)+ST2(12,3.5)",1.5%,1:3,1%,1.5,3.0,"ST1(14,3.0)+ST2(12,3.5)",10000,10482.83,482.83,4.83,330.0,3.3,240.228,-116.97,133.46,-116.97,200.19,-116.97,61.54,38.46,1.83,37.14,13,8,5,0,2,2,1.5,1.5,0,0,0,0,89.04,1.5,5,0.5,1067.68,584.85,4.5%,"SOL_INR_5m_ST1(14,3.0)+ST2(12,3.5)_SL1.5pct_1-3",2,0
SOL/INR,5m,2026-09-17 to 2026-09-24 (7D),1963,12,3.5,12,3.0,"ST1(12,3.5)+ST2(12,3.0)",1.5%,1:3,1%,1.5,3.0,"ST1(12,3.5)+ST2(12,3.0)",10000,10482.83,482.83,4.83,330.0,3.3,240.228,-116.97,133.46,-116.97,200.19,-116.97,61.54,38.46,1.83,37.14,13,8,5,0,2,2,1.5,1.5,0,0,0,0,89.04,1.5,5,0.5,1067.68,584.85,4.5%,"SOL_INR_5m_ST1(12,3.5)+ST2(12,3.0)_SL1.5pct_1-3",2,0
SOL/INR,5m,2026-09-17 to 2026-09-24 (7D),1963,12,3.5,10,3.0,"ST1(12,3.5)+ST2(10,3.0)",1.5%,1:3,1%,1.5,3.0,"ST1(12,3.5)+ST2(10,3.0)",10000,10482.83,482.83,4.83,330.0,3.3,240.228,-116.97,133.46,-116.97,200.19,-116.97,61.54,38.46,1.83,37.14,13,8,5,0,2,2,1.5,1.5,0,0,0,0,89.04,1.5,5,0.5,1067.68,584.85,4.5%,"SOL_INR_5m_ST1(12,3.5)+ST2(10,3.0)_SL1.5pct_1-3",2,0
SOL/INR,5m,2026-09-17 to 2026-09-24 (7D),1963,12,3.5,7,3.0,"ST1(12,3.5)+ST2(7,3.0)",1.5%,1:3,1%,1.5,3.0,"ST1(12,3.5)+ST2(7,3.0)",10000,10482.83,482.83,4.83,330.0,3.3,240.228,-116.97,133.46,-116.97,200.19,-116.97,61.54,38.46,1.83,37.14,13,8,5,0,2,2,1.5,1.5,0,0,0,0,88.18,1.5,5,0.5,1067.68,584.85,4.5%,"SOL_INR_5m_ST1(12,3.5)+ST2(7,3.0)_SL1.5pct_1-3",2,0
SOL/INR,5m,2026-09-17 to 2026-09-24 (7D),1963,12,3.0,14,3.5,"ST1(12,3.0)+ST2(14,3.5)",1.5%,1:3,1%,1.5,3.0,"ST1(12,3.0)+ST2(14,3.5)",10000,10482.83,482.83,4.83,330.0,3.3,240.228,-116.97,133.46,-116.97,200.19,-116.97,61.54,38.46,1.83,37.14,13,8,5,0,2,2,1.5,1.5,0,0,0,0,89.04,1.5,5,0.5,1067.68,584.85,4.5%,"SOL_INR_5m_ST1(12,3.0)+ST2(14,3.5)_SL1.5pct_1-3",2,0
SOL/INR,5m,2026-09-17 to 2026-09-24 (7D),1963,12,3.0,12,3.5,"ST1(12,3.0)+ST2(12,3.5)",1.5%,1:3,1%,1.5,3.0,"ST1(12,3.0)+ST2(12,3.5)",10000,10482.83,482.83,4.83,330.0,3.3,240.228,-116.97,133.46,-116.97,200.19,-116.97,61.54,38.46,1.83,37.14,13,8,5,0,2,2,1.5,1.5,0,0,0,0,89.04,1.5,5,0.5,1067.68,584.85,4.5%,"SOL_INR_5m_ST1(12,3.0)+ST2(12,3.5)_SL1.5pct_1-3",2,0
SOL/INR,5m,2026-09-17 to 2026-09-24 (7D),1963,12,3.0,10,3.5,"ST1(12,3.0)+ST2(10,3.5)",1.5%,1:3,1%,1.5,3.0,"ST1(12,3.0)+ST2(10,3.5)",10000,10482.83,482.83,4.83,330.0,3.3,240.228,-116.97,133.46,-116.97,200.19,-116.97,61.54,38.46,1.83,37.14,13,8,5,0,2,2,1.5,1.5,0,0,0,0,89.04,1.5,5,0.5,1067.68,584.85,4.5%,"SOL_INR_5m_ST1(12,3.0)+ST2(10,3.5)_SL1.5pct_1-3",2,0
SOL/INR,5m,2026-09-17 to 2026-09-24 (7D),1963,10,3.5,7,3.0,"ST1(10,3.5)+ST2(7,3.0)",1.5%,1:3,1%,1.5,3.0,"ST1(10,3.5)+ST2(7,3.0)",10000,10482.83,482.83,4.83,330.0,3.3,240.228,-116.97,133.46,-116.97,200.19,-116.97,61.54,38.46,1.83,37.14,13,8,5,0,2,2,1.5,1.5,0,0,0,0,88.18,1.5,5,0.5,1067.68,584.85,4.5%,"SOL_INR_5m_ST1(10,3.5)+ST2(7,3.0)_SL1.5pct_1-3",2,0
SOL/INR,5m,2026-09-17 to 2026-09-24 (7D),1963,10,3.5,10,3.0,"ST1(10,3.5)+ST2(10,3.0)",1.5%,1:3,1%,1.5,3.0,"ST1(10,3.5)+ST2(10,3.0)",10000,10482.83,482.83,4.83,330.0,3.3,240.228,-116.97,133.46,-116.97,200.19,-116.97,61.54,38.46,1.83,37.14,13,8,5,0,2,2,1.5,1.5,0,0,0,0,89.04,1.5,5,0.5,1067.68,584.85,4.5%,"SOL_INR_5m_ST1(10,3.5)+ST2(10,3.0)_SL1.5pct_1-3",2,0
SOL/INR,5m,2026-09-17 to 2026-09-24 (7D),1963,10,3.0,12,3.5,"ST1(10,3.0)+ST2(12,3.5)",1.5%,1:3,1%,1.5,3.0,"ST1(10,3.0)+ST2(12,3.5)",10000,10482.83,482.83,4.83,330.0,3.3,240.228,-116.97,133.46,-116.97,200.19,-116.97,61.54,38.46,1.83,37.14,13,8,5,0,2,2,1.5,1.5,0,0,0,0,89.04,1.5,5,0.5,1067.68,584.85,4.5%,"SOL_INR_5m_ST1(10,3.0)+ST2(12,3.5)_SL1.5pct_1-3",2,0
SOL/INR,5m,2026-09-17 to 2026-09-24 (7D),1963,10,3.0,14,3.5,"ST1(10,3.0)+ST2(14,3.5)",1.5%,1:3,1%,1.5,3.0,"ST1(10,3.0)+ST2(14,3.5)",10000,10482.83,482.83,4.83,330.0,3.3,240.228,-116.97,133.46,-116.97,200.19,-116.97,61.54,38.46,1.83,37.14,13,8,5,0,2,2,1.5,1.5,0,0,0,0,89.04,1.5,5,0.5,1067.68,584.85,4.5%,"SOL_INR_5m_ST1(10,3.0)+ST2(14,3.5)_SL1.5pct_1-3",2,0
SOL/INR,5m,2026-09-17 to 2026-09-24 (7D),1963,7,3.0,12,3.5,"ST1(7,3.0)+ST2(12,3.5)",1.5%,1:3,1%,1.5,3.0,"ST1(7,3.0)+ST2(12,3.5)",10000,10482.83,482.83,4.83,330.0,3.3,240.228,-116.97,133.46,-116.97,200.19,-116.97,61.54,38.46,1.83,37.14,13,8,5,0,2,2,1.5,1.5,0,0,0,0,88.18,1.5,5,0.5,1067.68,584.85,4.5%,"SOL_INR_5m_ST1(7,3.0)+ST2(12,3.5)_SL1.5pct_1-3",2,0
SOL/INR,5m,2026-09-17 to 2026-09-24 (7D),1963,7,3.0,10,3.5,"ST1(7,3.0)+ST2(10,3.5)",1.5%,1:3,1%,1.5,3.0,"ST1(7,3.0)+ST2(10,3.5)",10000,10482.83,482.83,4.83,330.0,3.3,240.228,-116.97,133.46,-116.97,200.19,-116.97,61.54,38.46,1.83,37.14,13,8,5,0,2,2,1.5,1.5,0,0,0,0,88.18,1.5,5,0.5,1067.68,584.85,4.5%,"SOL_INR_5m_ST1(7,3.0)+ST2(10,3.5)_SL1.5pct_1-3",2,0
SOL/INR,5m,2026-09-17 to 2026-09-24 (7D),1963,14,3.5,14,3.0,"ST1(14,3.5)+ST2(14,3.0)",1.5%,1:3,1%,1.5,3.0,"ST1(14,3.5)+ST2(14,3.0)",10000,10482.83,482.83,4.83,330.0,3.3,240.228,-116.97,133.46,-116.97,200.19,-116.97,61.54,38.46,1.83,37.14,13,8,5,0,2,2,1.5,1.5,0,0,0,0,89.04,1.5,5,0.5,1067.68,584.85,4.5%,"SOL_INR_5m_ST1(14,3.5)+ST2(14,3.0)_SL1.5pct_1-3",2,0
SOL/INR,5m,2026-09-17 to 2026-09-24 (7D),1963,14,3.5,12,3.0,"ST1(14,3.5)+ST2(12,3.0)",1.5%,1:3,1%,1.5,3.0,"ST1(14,3.5)+ST2(12,3.0)",10000,10482.83,482.83,4.83,330.0,3.3,240.228,-116.97,133.46,-116.97,200.19,-116.97,61.54,38.46,1.83,37.14,13,8,5,0,2,2,1.5,1.5,0,0,0,0,89.04,1.5,5,0.5,1067.68,584.85,4.5%,"SOL_INR_5m_ST1(14,3.5)+ST2(12,3.0)_SL1.5pct_1-3",2,0
SOL/INR,5m,2026-09-17 to 2026-09-24 (7D),1963,14,3.0,10,3.5,"ST1(14,3.0)+ST2(10,3.5)",1.5%,1:3,1%,1.5,3.0,"ST1(14,3.0)+ST2(10,3.5)",10000,10482.83,482.83,4.83,330.0,3.3,240.228,-116.97,133.46,-116.97,200.19,-116.97,61.54,38.46,1.83,37.14,13,8,5,0,2,2,1.5,1.5,0,0,0,0,89.04,1.5,5,0.5,1067.68,584.85,4.5%,"SOL_INR_5m_ST1(14,3.0)+ST2(10,3.5)_SL1.5pct_1-3",2,0
SOL/INR,5m,2026-09-17 to 2026-09-24 (7D),1963,12,3.5,14,3.0,"ST1(12,3.5)+ST2(14,3.0)",1.5%,1:3,1%,1.5,3.0,"ST1(12,3.5)+ST2(14,3.0)",10000,10482.83,482.83,4.83,330.0,3.3,240.228,-116.97,133.46,-116.97,200.19,-116.97,61.54,38.46,1.83,37.14,13,8,5,0,2,2,1.5,1.5,0,0,0,0,89.04,1.5,5,0.5,1067.68,584.85,4.5%,"SOL_INR_5m_ST1(12,3.5)+ST2(14,3.0)_SL1.5pct_1-3",2,0
SOL/INR,5m,2026-09-17 to 2026-09-24 (7D),1963,14,3.5,10,3.0,"ST1(14,3.5)+ST2(10,3.0)",1.5%,1:3,1%,1.5,3.0,"ST1(14,3.5)+ST2(10,3.0)",10000,10482.83,482.83,4.83,330.0,3.3,240.228,-116.97,133.46,-116.97,200.19,-116.97,61.54,38.46,1.83,37.14,13,8,5,0,2,2,1.5,1.5,0,0,0,0,89.04,1.5,5,0.5,1067.68,584.85,4.5%,"SOL_INR_5m_ST1(14,3.5)+ST2(10,3.0)_SL1.5pct_1-3",2,0
SOL/INR,5m,2026-09-17 to 2026-09-24 (7D),1963,14,3.5,7,3.0,"ST1(14,3.5)+ST2(7,3.0)",1.5%,1:3,1%,1.5,3.0,"ST1(14,3.5)+ST2(7,3.0)",10000,10482.83,482.83,4.83,330.0,3.3,240.228,-116.97,133.46,-116.97,200.19,-116.97,61.54,38.46,1.83,37.14,13,8,5,0,2,2,1.5,1.5,0,0,0,0,88.18,1.5,5,0.5,1067.68,584.85,4.5%,"SOL_INR_5m_ST1(14,3.5)+ST2(7,3.0)_SL1.5pct_1-3",2,0
SOL/INR,30m,2026-07-25 to 2026-09-24 (60D),2872,12,4.0,10,3.5,"ST1(12,4.0)+ST2(10,3.5)",1.5%,1:3,1%,1.5,3.0,"ST1(12,4.0)+ST2(10,3.5)",10000,10481.81,481.81,4.82,900.0,9.0,264.564,-95.15,146.98,-95.15,220.47,-95.15,41.67,58.33,1.1,5.74,84,35,49,0,2,2,1.5,1.5,0,0,0,0,55.17,1.5,5,0.5,5144.299999999999,4662.35,4.5%,"SOL_INR_30m_ST1(12,4.0)+ST2(10,3.5)_SL1.5pct_1-3",2,2
SOL/INR,30m,2026-07-25 to 2026-09-24 (60D),2872,10,3.5,12,4.0,"ST1(10,3.5)+ST2(12,4.0)",1.5%,1:3,1%,1.5,3.0,"ST1(10,3.5)+ST2(12,4.0)",10000,10481.81,481.81,4.82,900.0,9.0,264.564,-95.15,146.98,-95.15,220.47,-95.15,41.67,58.33,1.1,5.74,84,35,49,0,2,2,1.5,1.5,0,0,0,0,55.17,1.5,5,0.5,5144.299999999999,4662.35,4.5%,"SOL_INR_30m_ST1(10,3.5)+ST2(12,4.0)_SL1.5pct_1-3",2,2
SOL/INR,30m,2026-07-25 to 2026-09-24 (60D),2872,7,4.0,7,2.0,"ST1(7,4.0)+ST2(7,2.0)",1.5%,1:3,1%,1.5,3.0,"ST1(7,4.0)+ST2(7,2.0)",10000,10477.72,477.72,4.78,1186.0,11.86,255.096,-89.34,141.72,-89.34,212.58,-89.34,41.25,58.75,1.11,5.97,80,33,47,0,2,2,1.5,1.5,0,0,0,0,55.97,1.5,5,0.5,4676.76,4198.9800000000005,4.5%,"SOL_INR_30m_ST1(7,4.0)+ST2(7,2.0)_SL1.5pct_1-3",2,2
SOL/INR,30m,2026-07-25 to 2026-09-24 (60D),2872,7,2.0,7,4.0,"ST1(7,2.0)+ST2(7,4.0)",1.5%,1:3,1%,1.5,3.0,"ST1(7,2.0)+ST2(7,4.0)",10000,10477.72,477.72,4.78,1186.0,11.86,255.096,-89.34,141.72,-89.34,212.58,-89.34,41.25,58.75,1.11,5.97,80,33,47,0,2,2,1.5,1.5,0,0,0,0,55.97,1.5,5,0.5,4676.76,4198.9800000000005,4.5%,"SOL_INR_30m_ST1(7,2.0)+ST2(7,4.0)_SL1.5pct_1-3",2,2
SOL/INR,15m,2026-07-25 to 2026-09-24 (60D),5742,12,3.5,10,3.0,"ST1(12,3.5)+ST2(10,3.0)",1.5%,1:3,1%,1.5,3.0,"ST1(12,3.5)+ST2(10,3.0)",10000,10468.7,468.7,4.69,1108.0,11.08,225.162,-86.01,125.09,-86.01,187.635,-86.01,42.86,57.14,1.09,4.46,105,45,60,0,2,2,1.5,1.5,0,0,0,0,76.56,1.5,5,0.5,5629.05,5160.6,4.5%,"SOL_INR_15m_ST1(12,3.5)+ST2(10,3.0)_SL1.5pct_1-3",2,1
SOL/INR,15m,2026-07-25 to 2026-09-24 (60D),5742,10,3.0,12,3.5,"ST1(10,3.0)+ST2(12,3.5)",1.5%,1:3,1%,1.5,3.0,"ST1(10,3.0)+ST2(12,3.5)",10000,10468.7,468.7,4.69,1108.0,11.08,225.162,-86.01,125.09,-86.01,187.635,-86.01,42.86,57.14,1.09,4.46,105,45,60,0,2,2,1.5,1.5,0,0,0,0,76.56,1.5,5,0.5,5629.05,5160.6,4.5%,"SOL_INR_15m_ST1(10,3.0)+ST2(12,3.5)_SL1.5pct_1-3",2,1
SOL/INR,5m,2026-09-17 to 2026-09-24 (7D),1963,14,3.5,7,3.5,"ST1(14,3.5)+ST2(7,3.5)",1.5%,1:3,1%,1.5,3.0,"ST1(14,3.5)+ST2(7,3.5)",10000,10466.65,466.65,4.67,330.0,3.3,247.086,-105.25,137.27,-105.25,205.90500000000003,-105.25,57.14,42.86,1.74,33.33,14,8,6,0,2,2,1.5,1.5,0,0,0,0,90.11,1.5,5,0.5,1098.16,631.5,4.5%,"SOL_INR_5m_ST1(14,3.5)+ST2(7,3.5)_SL1.5pct_1-3",2,0
SOL/INR,5m,2026-09-17 to 2026-09-24 (7D),1963,12,3.5,7,3.5,"ST1(12,3.5)+ST2(7,3.5)",1.5%,1:3,1%,1.5,3.0,"ST1(12,3.5)+ST2(7,3.5)",10000,10466.65,466.65,4.67,330.0,3.3,247.086,-105.25,137.27,-105.25,205.90500000000003,-105.25,57.14,42.86,1.74,33.33,14,8,6,0,2,2,1.5,1.5,0,0,0,0,90.11,1.5,5,0.5,1098.16,631.5,4.5%,"SOL_INR_5m_ST1(12,3.5)+ST2(7,3.5)_SL1.5pct_1-3",2,0
SOL/INR,5m,2026-09-17 to 2026-09-24 (7D),1963,7,3.5,14,3.5,"ST1(7,3.5)+ST2(14,3.5)",1.5%,1:3,1%,1.5,3.0,"ST1(7,3.5)+ST2(14,3.5)",10000,10466.65,466.65,4.67,330.0,3.3,247.086,-105.25,137.27,-105.25,205.90500000000003,-105.25,57.14,42.86,1.74,33.33,14,8,6,0,2,2,1.5,1.5,0,0,0,0,90.11,1.5,5,0.5,1098.16,631.5,4.5%,"SOL_INR_5m_ST1(7,3.5)+ST2(14,3.5)_SL1.5pct_1-3",2,0
SOL/INR,5m,2026-09-17 to 2026-09-24 (7D),1963,7,3.5,12,3.5,"ST1(7,3.5)+ST2(12,3.5)",1.5%,1:3,1%,1.5,3.0,"ST1(7,3.5)+ST2(12,3.5)",10000,10466.65,466.65,4.67,330.0,3.3,247.086,-105.25,137.27,-105.25,205.90500000000003,-105.25,57.14,42.86,1.74,33.33,14,8,6,0,2,2,1.5,1.5,0,0,0,0,90.11,1.5,5,0.5,1098.16,631.5,4.5%,"SOL_INR_5m_ST1(7,3.5)+ST2(12,3.5)_SL1.5pct_1-3",2,0
ETH/INR,5m,2026-09-17 to 2026-09-24 (7D),1963,12,3.0,7,4.0,"ST1(12,3.0)+ST2(7,4.0)",1.5%,1:3,1%,1.5,3.0,"ST1(12,3.0)+ST2(7,4.0)",10000,10463.0,463.0,4.63,161.0,1.61,282.114,-53.44,156.73,-53.44,235.095,-53.44,45.45,54.55,2.44,42.09,11,5,6,0,2,2,1.5,1.5,0,0,0,0,92.51,1.5,5,0.5,783.65,320.64,4.5%,"ETH_INR_5m_ST1(12,3.0)+ST2(7,4.0)_SL1.5pct_1-3",1,0
ETH/INR,5m,2026-09-17 to 2026-09-24 (7D),1963,12,3.0,7,3.5,"ST1(12,3.0)+ST2(7,3.5)",1.5%,1:3,1%,1.5,3.0,"ST1(12,3.0)+ST2(7,3.5)",10000,10463.0,463.0,4.63,161.0,1.61,282.114,-53.44,156.73,-53.44,235.095,-53.44,45.45,54.55,2.44,42.09,11,5,6,0,2,2,1.5,1.5,0,0,0,0,92.61,1.5,5,0.5,783.65,320.64,4.5%,"ETH_INR_5m_ST1(12,3.0)+ST2(7,3.5)_SL1.5pct_1-3",1,0
ETH/INR,5m,2026-09-17 to 2026-09-24 (7D),1963,12,3.0,7,3.0,"ST1(12,3.0)+ST2(7,3.0)",1.5%,1:3,1%,1.5,3.0,"ST1(12,3.0)+ST2(7,3.0)",10000,10463.0,463.0,4.63,161.0,1.61,282.114,-53.44,156.73,-53.44,235.095,-53.44,45.45,54.55,2.44,42.09,11,5,6,0,2,2,1.5,1.5,0,0,0,0,92.61,1.5,5,0.5,783.65,320.64,4.5%,"ETH_INR_5m_ST1(12,3.0)+ST2(7,3.0)_SL1.5pct_1-3",1,0
ETH/INR,5m,2026-09-17 to 2026-09-24 (7D),1963,10,4.0,10,3.0,"ST1(10,4.0)+ST2(10,3.0)",1.5%,1:3,1%,1.5,3.0,"ST1(10,4.0)+ST2(10,3.0)",10000,10463.0,463.0,4.63,161.0,1.61,282.114,-53.44,156.73,-53.44,235.095,-53.44,45.45,54.55,2.44,42.09,11,5,6,0,2,2,1.5,1.5,0,0,0,0,92.51,1.5,5,0.5,783.65,320.64,4.5%,"ETH_INR_5m_ST1(10,4.0)+ST2(10,3.0)_SL1.5pct_1-3",1,0
ETH/INR,5m,2026-09-17 to 2026-09-24 (7D),1963,12,3.5,12,3.0,"ST1(12,3.5)+ST2(12,3.0)",1.5%,1:3,1%,1.5,3.0,"ST1(12,3.5)+ST2(12,3.0)",10000,10463.0,463.0,4.63,161.0,1.61,282.114,-53.44,156.73,-53.44,235.095,-53.44,45.45,54.55,2.44,42.09,11,5,6,0,2,2,1.5,1.5,0,0,0,0,92.61,1.5,5,0.5,783.65,320.64,4.5%,"ETH_INR_5m_ST1(12,3.5)+ST2(12,3.0)_SL1.5pct_1-3",1,0
ETH/INR,5m,2026-09-17 to 2026-09-24 (7D),1963,12,4.0,7,3.0,"ST1(12,4.0)+ST2(7,3.0)",1.5%,1:3,1%,1.5,3.0,"ST1(12,4.0)+ST2(7,3.0)",10000,10463.0,463.0,4.63,161.0,1.61,282.114,-53.44,156.73,-53.44,235.095,-53.44,45.45,54.55,2.44,42.09,11,5,6,0,2,2,1.5,1.5,0,0,0,0,92.51,1.5,5,0.5,783.65,320.64,4.5%,"ETH_INR_5m_ST1(12,4.0)+ST2(7,3.0)_SL1.5pct_1-3",1,0
ETH/INR,5m,2026-09-17 to 2026-09-24 (7D),1963,10,3.5,12,3.0,"ST1(10,3.5)+ST2(12,3.0)",1.5%,1:3,1%,1.5,3.0,"ST1(10,3.5)+ST2(12,3.0)",10000,10463.0,463.0,4.63,161.0,1.61,282.114,-53.44,156.73,-53.44,235.095,-53.44,45.45,54.55,2.44,42.09,11,5,6,0,2,2,1.5,1.5,0,0,0,0,92.61,1.5,5,0.5,783.65,320.64,4.5%,"ETH_INR_5m_ST1(10,3.5)+ST2(12,3.0)_SL1.5pct_1-3",1,0
ETH/INR,5m,2026-09-17 to 2026-09-24 (7D),1963,10,4.0,7,3.0,"ST1(10,4.0)+ST2(7,3.0)",1.5%,1:3,1%,1.5,3.0,"ST1(10,4.0)+ST2(7,3.0)",10000,10463.0,463.0,4.63,161.0,1.61,282.114,-53.44,156.73,-53.44,235.095,-53.44,45.45,54.55,2.44,42.09,11,5,6,0,2,2,1.5,1.5,0,0,0,0,92.51,1.5,5,0.5,783.65,320.64,4.5%,"ETH_INR_5m_ST1(10,4.0)+ST2(7,3.0)_SL1.5pct_1-3",1,0
ETH/INR,5m,2026-09-17 to 2026-09-24 (7D),1963,12,3.0,10,3.0,"ST1(12,3.0)+ST2(10,3.0)",1.5%,1:3,1%,1.5,3.0,"ST1(12,3.0)+ST2(10,3.0)",10000,10463.0,463.0,4.63,161.0,1.61,282.114,-53.44,156.73,-53.44,235.095,-53.44,45.45,54.55,2.44,42.09,11,5,6,0,2,2,1.5,1.5,0,0,0,0,92.61,1.5,5,0.5,783.65,320.64,4.5%,"ETH_INR_5m_ST1(12,3.0)+ST2(10,3.0)_SL1.5pct_1-3",1,0
ETH/INR,5m,2026-09-17 to 2026-09-24 (7D),1963,12,3.0,10,3.5,"ST1(12,3.0)+ST2(10,3.5)",1.5%,1:3,1%,1.5,3.0,"ST1(12,3.0)+ST2(10,3.5)",10000,10463.0,463.0,4.63,161.0,1.61,282.114,-53.44,156.73,-53.44,235.095,-53.44,45.45,54.55,2.44,42.09,11,5,6,0,2,2,1.5,1.5,0,0,0,0,92.61,1.5,5,0.5,783.65,320.64,4.5%,"ETH_INR_5m_ST1(12,3.0)+ST2(10,3.5)_SL1.5pct_1-3",1,0
ETH/INR,5m,2026-09-17 to 2026-09-24 (7D),1963,14,4.0,7,3.0,"ST1(14,4.0)+ST2(7,3.0)",1.5%,1:3,1%,1.5,3.0,"ST1(14,4.0)+ST2(7,3.0)",10000,10463.0,463.0,4.63,161.0,1.61,282.114,-53.44,156.73,-53.44,235.095,-53.44,45.45,54.55,2.44,42.09,11,5,6,0,2,2,1.5,1.5,0,0,0,0,92.51,1.5,5,0.5,783.65,320.64,4.5%,"ETH_INR_5m_ST1(14,4.0)+ST2(7,3.0)_SL1.5pct_1-3",1,0
ETH/INR,5m,2026-09-17 to 2026-09-24 (7D),1963,14,3.5,12,3.0,"ST1(14,3.5)+ST2(12,3.0)",1.5%,1:3,1%,1.5,3.0,"ST1(14,3.5)+ST2(12,3.0)",10000,10463.0,463.0,4.63,161.0,1.61,282.114,-53.44,156.73,-53.44,235.095,-53.44,45.45,54.55,2.44,42.09,11,5,6,0,2,2,1.5,1.5,0,0,0,0,92.61,1.5,5,0.5,783.65,320.64,4.5%,"ETH_INR_5m_ST1(14,3.5)+ST2(12,3.0)_SL1.5pct_1-3",1,0
ETH/INR,5m,2026-09-17 to 2026-09-24 (7D),1963,12,4.0,10,3.0,"ST1(12,4.0)+ST2(10,3.0)",1.5%,1:3,1%,1.5,3.0,"ST1(12,4.0)+ST2(10,3.0)",10000,10463.0,463.0,4.63,161.0,1.61,282.114,-53.44,156.73,-53.44,235.095,-53.44,45.45,54.55,2.44,42.09,11,5,6,0,2,2,1.5,1.5,0,0,0,0,92.51,1.5,5,0.5,783.65,320.64,4.5%,"ETH_INR_5m_ST1(12,4.0)+ST2(10,3.0)_SL1.5pct_1-3",1,0
ETH/INR,5m,2026-09-17 to 2026-09-24 (7D),1963,12,4.0,12,3.0,"ST1(12,4.0)+ST2(12,3.0)",1.5%,1:3,1%,1.5,3.0,"ST1(12,4.0)+ST2(12,3.0)",10000,10463.0,463.0,4.63,161.0,1.61,282.114,-53.44,156.73,-53.44,235.095,-53.44,45.45,54.55,2.44,42.09,11,5,6,0,2,2,1.5,1.5,0,0,0,0,92.51,1.5,5,0.5,783.65,320.64,4.5%,"ETH_INR_5m_ST1(12,4.0)+ST2(12,3.0)_SL1.5pct_1-3",1,0
ETH/INR,5m,2026-09-17 to 2026-09-24 (7D),1963,14,3.5,7,3.0,"ST1(14,3.5)+ST2(7,3.0)",1.5%,1:3,1%,1.5,3.0,"ST1(14,3.5)+ST2(7,3.0)",10000,10463.0,463.0,4.63,161.0,1.61,282.114,-53.44,156.73,-53.44,235.095,-53.44,45.45,54.55,2.44,42.09,11,5,6,0,2,2,1.5,1.5,0,0,0,0,92.61,1.5,5,0.5,783.65,320.64,4.5%,"ETH_INR_5m_ST1(14,3.5)+ST2(7,3.0)_SL1.5pct_1-3",1,0
ETH/INR,5m,2026-09-17 to 2026-09-24 (7D),1963,14,3.5,10,3.0,"ST1(14,3.5)+ST2(10,3.0)",1.5%,1:3,1%,1.5,3.0,"ST1(14,3.5)+ST2(10,3.0)",10000,10463.0,463.0,4.63,161.0,1.61,282.114,-53.44,156.73,-53.44,235.095,-53.44,45.45,54.55,2.44,42.09,11,5,6,0,2,2,1.5,1.5,0,0,0,0,92.61,1.5,5,0.5,783.65,320.64,4.5%,"ETH_INR_5m_ST1(14,3.5)+ST2(10,3.0)_SL1.5pct_1-3",1,0
ETH/INR,5m,2026-09-17 to 2026-09-24 (7D),1963,12,3.0,12,4.0,"ST1(12,3.0)+ST2(12,4.0)",1.5%,1:3,1%,1.5,3.0,"ST1(12,3.0)+ST2(12,4.0)",10000,10463.0,463.0,4.63,161.0,1.61,282.114,-53.44,156.73,-53.44,235.095,-53.44,45.45,54.55,2.44,42.09,11,5,6,0,2,2,1.5,1.5,0,0,0,0,92.51,1.5,5,0.5,783.65,320.64,4.5%,"ETH_INR_5m_ST1(12,3.0)+ST2(12,4.0)_SL1.5pct_1-3",1,0
ETH/INR,5m,2026-09-17 to 2026-09-24 (7D),1963,12,3.0,12,3.5,"ST1(12,3.0)+ST2(12,3.5)",1.5%,1:3,1%,1.5,3.0,"ST1(12,3.0)+ST2(12,3.5)",10000,10463.0,463.0,4.63,161.0,1.61,282.114,-53.44,156.73,-53.44,235.095,-53.44,45.45,54.55,2.44,42.09,11,5,6,0,2,2,1.5,1.5,0,0,0,0,92.61,1.5,5,0.5,783.65,320.64,4.5%,"ETH_INR_5m_ST1(12,3.0)+ST2(12,3.5)_SL1.5pct_1-3",1,0
ETH/INR,5m,2026-09-17 to 2026-09-24 (7D),1963,14,4.0,12,3.0,"ST1(14,4.0)+ST2(12,3.0)",1.5%,1:3,1%,1.5,3.0,"ST1(14,4.0)+ST2(12,3.0)",10000,10463.0,463.0,4.63,161.0,1.61,282.114,-53.44,156.73,-53.44,235.095,-53.44,45.45,54.55,2.44,42.09,11,5,6,0,2,2,1.5,1.5,0,0,0,0,92.51,1.5,5,0.5,783.65,320.64,4.5%,"ETH_INR_5m_ST1(14,4.0)+ST2(12,3.0)_SL1.5pct_1-3",1,0
ETH/INR,5m,2026-09-17 to 2026-09-24 (7D),1963,14,4.0,10,3.0,"ST1(14,4.0)+ST2(10,3.0)",1.5%,1:3,1%,1.5,3.0,"ST1(14,4.0)+ST2(10,3.0)",10000,10463.0,463.0,4.63,161.0,1.61,282.114,-53.44,156.73,-53.44,235.095,-53.44,45.45,54.55,2.44,42.09,11,5,6,0,2,2,1.5,1.5,0,0,0,0,92.51,1.5,5,0.5,783.65,320.64,4.5%,"ETH_INR_5m_ST1(14,4.0)+ST2(10,3.0)_SL1.5pct_1-3",1,0
ETH/INR,5m,2026-09-17 to 2026-09-24 (7D),1963,12,3.5,10,3.0,"ST1(12,3.5)+ST2(10,3.0)",1.5%,1:3,1%,1.5,3.0,"ST1(12,3.5)+ST2(10,3.0)",10000,10463.0,463.0,4.63,161.0,1.61,282.114,-53.44,156.73,-53.44,235.095,-53.44,45.45,54.55,2.44,42.09,11,5,6,0,2,2,1.5,1.5,0,0,0,0,92.61,1.5,5,0.5,783.65,320.64,4.5%,"ETH_INR_5m_ST1(12,3.5)+ST2(10,3.0)_SL1.5pct_1-3",1,0
ETH/INR,5m,2026-09-17 to 2026-09-24 (7D),1963,12,3.5,7,3.0,"ST1(12,3.5)+ST2(7,3.0)",1.5%,1:3,1%,1.5,3.0,"ST1(12,3.5)+ST2(7,3.0)",10000,10463.0,463.0,4.63,161.0,1.61,282.114,-53.44,156.73,-53.44,235.095,-53.44,45.45,54.55,2.44,42.09,11,5,6,0,2,2,1.5,1.5,0,0,0,0,92.61,1.5,5,0.5,783.65,320.64,4.5%,"ETH_INR_5m_ST1(12,3.5)+ST2(7,3.0)_SL1.5pct_1-3",1,0
ETH/INR,5m,2026-09-17 to 2026-09-24 (7D),1963,10,3.0,14,4.0,"ST1(10,3.0)+ST2(14,4.0)",1.5%,1:3,1%,1.5,3.0,"ST1(10,3.0)+ST2(14,4.0)",10000,10463.0,463.0,4.63,161.0,1.61,282.114,-53.44,156.73,-53.44,235.095,-53.44,45.45,54.55,2.44,42.09,11,5,6,0,2,2,1.5,1.5,0,0,0,0,92.51,1.5,5,0.5,783.65,320.64,4.5%,"ETH_INR_5m_ST1(10,3.0)+ST2(14,4.0)_SL1.5pct_1-3",1,0
ETH/INR,5m,2026-09-17 to 2026-09-24 (7D),1963,10,3.0,14,3.5,"ST1(10,3.0)+ST2(14,3.5)",1.5%,1:3,1%,1.5,3.0,"ST1(10,3.0)+ST2(14,3.5)",10000,10463.0,463.0,4.63,161.0,1.61,282.114,-53.44,156.73,-53.44,235.095,-53.44,45.45,54.55,2.44,42.09,11,5,6,0,2,2,1.5,1.5,0,0,0,0,92.61,1.5,5,0.5,783.65,320.64,4.5%,"ETH_INR_5m_ST1(10,3.0)+ST2(14,3.5)_SL1.5pct_1-3",1,0
ETH/INR,5m,2026-09-17 to 2026-09-24 (7D),1963,7,3.0,14,3.5,"ST1(7,3.0)+ST2(14,3.5)",1.5%,1:3,1%,1.5,3.0,"ST1(7,3.0)+ST2(14,3.5)",10000,10463.0,463.0,4.63,161.0,1.61,282.114,-53.44,156.73,-53.44,235.095,-53.44,45.45,54.55,2.44,42.09,11,5,6,0,2,2,1.5,1.5,0,0,0,0,92.61,1.5,5,0.5,783.65,320.64,4.5%,"ETH_INR_5m_ST1(7,3.0)+ST2(14,3.5)_SL1.5pct_1-3",1,0
ETH/INR,5m,2026-09-17 to 2026-09-24 (7D),1963,7,3.0,14,4.0,"ST1(7,3.0)+ST2(14,4.0)",1.5%,1:3,1%,1.5,3.0,"ST1(7,3.0)+ST2(14,4.0)",10000,10463.0,463.0,4.63,161.0,1.61,282.114,-53.44,156.73,-53.44,235.095,-53.44,45.45,54.55,2.44,42.09,11,5,6,0,2,2,1.5,1.5,0,0,0,0,92.51,1.5,5,0.5,783.65,320.64,4.5%,"ETH_INR_5m_ST1(7,3.0)+ST2(14,4.0)_SL1.5pct_1-3",1,0
ETH/INR,5m,2026-09-17 to 2026-09-24 (7D),1963,10,3.0,7,3.5,"ST1(10,3.0)+ST2(7,3.5)",1.5%,1:3,1%,1.5,3.0,"ST1(10,3.0)+ST2(7,3.5)",10000,10463.0,463.0,4.63,161.0,1.61,282.114,-53.44,156.73,-53.44,235.095,-53.44,45.45,54.55,2.44,42.09,11,5,6,0,2,2,1.5,1.5,0,0,0,0,92.61,1.5,5,0.5,783.65,320.64,4.5%,"ETH_INR_5m_ST1(10,3.0)+ST2(7,3.5)_SL1.5pct_1-3",1,0
ETH/INR,5m,2026-09-17 to 2026-09-24 (7D),1963,10,3.0,7,3.0,"ST1(10,3.0)+ST2(7,3.0)",1.5%,1:3,1%,1.5,3.0,"ST1(10,3.0)+ST2(7,3.0)",10000,10463.0,463.0,4.63,161.0,1.61,282.114,-53.44,156.73,-53.44,235.095,-53.44,45.45,54.55,2.44,42.09,11,5,6,0,2,2,1.5,1.5,0,0,0,0,92.61,1.5,5,0.5,783.65,320.64,4.5%,"ETH_INR_5m_ST1(10,3.0)+ST2(7,3.0)_SL1.5pct_1-3",1,0
ETH/INR,5m,2026-09-17 to 2026-09-24 (7D),1963,10,3.0,10,4.0,"ST1(10,3.0)+ST2(10,4.0)",1.5%,1:3,1%,1.5,3.0,"ST1(10,3.0)+ST2(10,4.0)",10000,10463.0,463.0,4.63,161.0,1.61,282.114,-53.44,156.73,-53.44,235.095,-53.44,45.45,54.55,2.44,42.09,11,5,6,0,2,2,1.5,1.5,0,0,0,0,92.51,1.5,5,0.5,783.65,320.64,4.5%,"ETH_INR_5m_ST1(10,3.0)+ST2(10,4.0)_SL1.5pct_1-3",1,0
ETH/INR,5m,2026-09-17 to 2026-09-24 (7D),1963,10,3.0,12,3.0,"ST1(10,3.0)+ST2(12,3.0)",1.5%,1:3,1%,1.5,3.0,"ST1(10,3.0)+ST2(12,3.0)",10000,10463.0,463.0,4.63,161.0,1.61,282.114,-53.44,156.73,-53.44,235.095,-53.44,45.45,54.55,2.44,42.09,11,5,6,0,2,2,1.5,1.5,0,0,0,0,92.61,1.5,5,0.5,783.65,320.64,4.5%,"ETH_INR_5m_ST1(10,3.0)+ST2(12,3.0)_SL1.5pct_1-3",1,0
ETH/INR,5m,2026-09-17 to 2026-09-24 (7D),1963,10,3.0,12,3.5,"ST1(10,3.0)+ST2(12,3.5)",1.5%,1:3,1%,1.5,3.0,"ST1(10,3.0)+ST2(12,3.5)",10000,10463.0,463.0,4.63,161.0,1.61,282.114,-53.44,156.73,-53.44,235.095,-53.44,45.45,54.55,2.44,42.09,11,5,6,0,2,2,1.5,1.5,0,0,0,0,92.61,1.5,5,0.5,783.65,320.64,4.5%,"ETH_INR_5m_ST1(10,3.0)+ST2(12,3.5)_SL1.5pct_1-3",1,0
ETH/INR,5m,2026-09-17 to 2026-09-24 (7D),1963,10,3.0,12,4.0,"ST1(10,3.0)+ST2(12,4.0)",1.5%,1:3,1%,1.5,3.0,"ST1(10,3.0)+ST2(12,4.0)",10000,10463.0,463.0,4.63,161.0,1.61,282.114,-53.44,156.73,-53.44,235.095,-53.44,45.45,54.55,2.44,42.09,11,5,6,0,2,2,1.5,1.5,0,0,0,0,92.51,1.5,5,0.5,783.65,320.64,4.5%,"ETH_INR_5m_ST1(10,3.0)+ST2(12,4.0)_SL1.5pct_1-3",1,0
ETH/INR,5m,2026-09-17 to 2026-09-24 (7D),1963,7,3.0,12,4.0,"ST1(7,3.0)+ST2(12,4.0)",1.5%,1:3,1%,1.5,3.0,"ST1(7,3.0)+ST2(12,4.0)",10000,10463.0,463.0,4.63,161.0,1.61,282.114,-53.44,156.73,-53.44,235.095,-53.44,45.45,54.55,2.44,42.09,11,5,6,0,2,2,1.5,1.5,0,0,0,0,92.51,1.5,5,0.5,783.65,320.64,4.5%,"ETH_INR_5m_ST1(7,3.0)+ST2(12,4.0)_SL1.5pct_1-3",1,0
ETH/INR,5m,2026-09-17 to 2026-09-24 (7D),1963,7,3.0,12,3.5,"ST1(7,3.0)+ST2(12,3.5)",1.5%,1:3,1%,1.5,3.0,"ST1(7,3.0)+ST2(12,3.5)",10000,10463.0,463.0,4.63,161.0,1.61,282.114,-53.44,156.73,-53.44,235.095,-53.44,45.45,54.55,2.44,42.09,11,5,6,0,2,2,1.5,1.5,0,0,0,0,92.61,1.5,5,0.5,783.65,320.64,4.5%,"ETH_INR_5m_ST1(7,3.0)+ST2(12,3.5)_SL1.5pct_1-3",1,0
ETH/INR,5m,2026-09-17 to 2026-09-24 (7D),1963,7,3.0,12,3.0,"ST1(7,3.0)+ST2(12,3.0)",1.5%,1:3,1%,1.5,3.0,"ST1(7,3.0)+ST2(12,3.0)",10000,10463.0,463.0,4.63,161.0,1.61,282.114,-53.44,156.73,-53.44,235.095,-53.44,45.45,54.55,2.44,42.09,11,5,6,0,2,2,1.5,1.5,0,0,0,0,92.61,1.5,5,0.5,783.65,320.64,4.5%,"ETH_INR_5m_ST1(7,3.0)+ST2(12,3.0)_SL1.5pct_1-3",1,0
ETH/INR,5m,2026-09-17 to 2026-09-24 (7D),1963,7,3.0,10,4.0,"ST1(7,3.0)+ST2(10,4.0)",1.5%,1:3,1%,1.5,3.0,"ST1(7,3.0)+ST2(10,4.0)",10000,10463.0,463.0,4.63,161.0,1.61,282.114,-53.44,156.73,-53.44,235.095,-53.44,45.45,54.55,2.44,42.09,11,5,6,0,2,2,1.5,1.5,0,0,0,0,92.51,1.5,5,0.5,783.65,320.64,4.5%,"ETH_INR_5m_ST1(7,3.0)+ST2(10,4.0)_SL1.5pct_1-3",1,0
ETH/INR,5m,2026-09-17 to 2026-09-24 (7D),1963,10,3.0,10,3.5,"ST1(10,3.0)+ST2(10,3.5)",1.5%,1:3,1%,1.5,3.0,"ST1(10,3.0)+ST2(10,3.5)",10000,10463.0,463.0,4.63,161.0,1.61,282.114,-53.44,156.73,-53.44,235.095,-53.44,45.45,54.55,2.44,42.09,11,5,6,0,2,2,1.5,1.5,0,0,0,0,92.61,1.5,5,0.5,783.65,320.64,4.5%,"ETH_INR_5m_ST1(10,3.0)+ST2(10,3.5)_SL1.5pct_1-3",1,0
ETH/INR,5m,2026-09-17 to 2026-09-24 (7D),1963,10,3.0,7,4.0,"ST1(10,3.0)+ST2(7,4.0)",1.5%,1:3,1%,1.5,3.0,"ST1(10,3.0)+ST2(7,4.0)",10000,10463.0,463.0,4.63,161.0,1.61,282.114,-53.44,156.73,-53.44,235.095,-53.44,45.45,54.55,2.44,42.09,11,5,6,0,2,2,1.5,1.5,0,0,0,0,92.51,1.5,5,0.5,783.65,320.64,4.5%,"ETH_INR_5m_ST1(10,3.0)+ST2(7,4.0)_SL1.5pct_1-3",1,0
ETH/INR,5m,2026-09-17 to 2026-09-24 (7D),1963,7,3.0,7,4.0,"ST1(7,3.0)+ST2(7,4.0)",1.5%,1:3,1%,1.5,3.0,"ST1(7,3.0)+ST2(7,4.0)",10000,10463.0,463.0,4.63,161.0,1.61,282.114,-53.44,156.73,-53.44,235.095,-53.44,45.45,54.55,2.44,42.09,11,5,6,0,2,2,1.5,1.5,0,0,0,0,92.51,1.5,5,0.5,783.65,320.64,4.5%,"ETH_INR_5m_ST1(7,3.0)+ST2(7,4.0)_SL1.5pct_1-3",1,0
ETH/INR,5m,2026-09-17 to 2026-09-24 (7D),1963,7,3.0,7,3.5,"ST1(7,3.0)+ST2(7,3.5)",1.5%,1:3,1%,1.5,3.0,"ST1(7,3.0)+ST2(7,3.5)",10000,10463.0,463.0,4.63,161.0,1.61,282.114,-53.44,156.73,-53.44,235.095,-53.44,45.45,54.55,2.44,42.09,11,5,6,0,2,2,1.5,1.5,0,0,0,0,92.61,1.5,5,0.5,783.65,320.64,4.5%,"ETH_INR_5m_ST1(7,3.0)+ST2(7,3.5)_SL1.5pct_1-3",1,0
ETH/INR,5m,2026-09-17 to 2026-09-24 (7D),1963,7,3.5,7,3.0,"ST1(7,3.5)+ST2(7,3.0)",1.5%,1:3,1%,1.5,3.0,"ST1(7,3.5)+ST2(7,3.0)",10000,10463.0,463.0,4.63,161.0,1.61,282.114,-53.44,156.73,-53.44,235.095,-53.44,45.45,54.55,2.44,42.09,11,5,6,0,2,2,1.5,1.5,0,0,0,0,92.61,1.5,5,0.5,783.65,320.64,4.5%,"ETH_INR_5m_ST1(7,3.5)+ST2(7,3.0)_SL1.5pct_1-3",1,0
ETH/INR,5m,2026-09-17 to 2026-09-24 (7D),1963,7,3.5,10,3.0,"ST1(7,3.5)+ST2(10,3.0)",1.5%,1:3,1%,1.5,3.0,"ST1(7,3.5)+ST2(10,3.0)",10000,10463.0,463.0,4.63,161.0,1.61,282.114,-53.44,156.73,-53.44,235.095,-53.44,45.45,54.55,2.44,42.09,11,5,6,0,2,2,1.5,1.5,0,0,0,0,92.61,1.5,5,0.5,783.65,320.64,4.5%,"ETH_INR_5m_ST1(7,3.5)+ST2(10,3.0)_SL1.5pct_1-3",1,0
ETH/INR,5m,2026-09-17 to 2026-09-24 (7D),1963,10,3.5,7,3.0,"ST1(10,3.5)+ST2(7,3.0)",1.5%,1:3,1%,1.5,3.0,"ST1(10,3.5)+ST2(7,3.0)",10000,10463.0,463.0,4.63,161.0,1.61,282.114,-53.44,156.73,-53.44,235.095,-53.44,45.45,54.55,2.44,42.09,11,5,6,0,2,2,1.5,1.5,0,0,0,0,92.61,1.5,5,0.5,783.65,320.64,4.5%,"ETH_INR_5m_ST1(10,3.5)+ST2(7,3.0)_SL1.5pct_1-3",1,0
ETH/INR,5m,2026-09-17 to 2026-09-24 (7D),1963,10,3.5,10,3.0,"ST1(10,3.5)+ST2(10,3.0)",1.5%,1:3,1%,1.5,3.0,"ST1(10,3.5)+ST2(10,3.0)",10000,10463.0,463.0,4.63,161.0,1.61,282.114,-53.44,156.73,-53.44,235.095,-53.44,45.45,54.55,2.44,42.09,11,5,6,0,2,2,1.5,1.5,0,0,0,0,92.61,1.5,5,0.5,783.65,320.64,4.5%,"ETH_INR_5m_ST1(10,3.5)+ST2(10,3.0)_SL1.5pct_1-3",1,0
ETH/INR,5m,2026-09-17 to 2026-09-24 (7D),1963,7,3.5,12,3.0,"ST1(7,3.5)+ST2(12,3.0)",1.5%,1:3,1%,1.5,3.0,"ST1(7,3.5)+ST2(12,3.0)",10000,10463.0,463.0,4.63,161.0,1.61,282.114,-53.44,156.73,-53.44,235.095,-53.44,45.45,54.55,2.44,42.09,11,5,6,0,2,2,1.5,1.5,0,0,0,0,92.61,1.5,5,0.5,783.65,320.64,4.5%,"ETH_INR_5m_ST1(7,3.5)+ST2(12,3.0)_SL1.5pct_1-3",1,0
ETH/INR,5m,2026-09-17 to 2026-09-24 (7D),1963,7,4.0,7,3.0,"ST1(7,4.0)+ST2(7,3.0)",1.5%,1:3,1%,1.5,3.0,"ST1(7,4.0)+ST2(7,3.0)",10000,10463.0,463.0,4.63,161.0,1.61,282.114,-53.44,156.73,-53.44,235.095,-53.44,45.45,54.55,2.44,42.09,11,5,6,0,2,2,1.5,1.5,0,0,0,0,92.51,1.5,5,0.5,783.65,320.64,4.5%,"ETH_INR_5m_ST1(7,4.0)+ST2(7,3.0)_SL1.5pct_1-3",1,0
ETH/INR,5m,2026-09-17 to 2026-09-24 (7D),1963,7,4.0,10,3.0,"ST1(7,4.0)+ST2(10,3.0)",1.5%,1:3,1%,1.5,3.0,"ST1(7,4.0)+ST2(10,3.0)",10000,10463.0,463.0,4.63,161.0,1.61,282.114,-53.44,156.73,-53.44,235.095,-53.44,45.45,54.55,2.44,42.09,11,5,6,0,2,2,1.5,1.5,0,0,0,0,92.51,1.5,5,0.5,783.65,320.64,4.5%,"ETH_INR_5m_ST1(7,4.0)+ST2(10,3.0)_SL1.5pct_1-3",1,0
ETH/INR,5m,2026-09-17 to 2026-09-24 (7D),1963,7,4.0,12,3.0,"ST1(7,4.0)+ST2(12,3.0)",1.5%,1:3,1%,1.5,3.0,"ST1(7,4.0)+ST2(12,3.0)",10000,10463.0,463.0,4.63,161.0,1.61,282.114,-53.44,156.73,-53.44,235.095,-53.44,45.45,54.55,2.44,42.09,11,5,6,0,2,2,1.5,1.5,0,0,0,0,92.51,1.5,5,0.5,783.65,320.64,4.5%,"ETH_INR_5m_ST1(7,4.0)+ST2(12,3.0)_SL1.5pct_1-3",1,0
ETH/INR,5m,2026-09-17 to 2026-09-24 (7D),1963,7,3.0,10,3.5,"ST1(7,3.0)+ST2(10,3.5)",1.5%,1:3,1%,1.5,3.0,"ST1(7,3.0)+ST2(10,3.5)",10000,10463.0,463.0,4.63,161.0,1.61,282.114,-53.44,156.73,-53.44,235.095,-53.44,45.45,54.55,2.44,42.09,11,5,6,0,2,2,1.5,1.5,0,0,0,0,92.61,1.5,5,0.5,783.65,320.64,4.5%,"ETH_INR_5m_ST1(7,3.0)+ST2(10,3.5)_SL1.5pct_1-3",1,0
ETH/INR,5m,2026-09-17 to 2026-09-24 (7D),1963,7,3.0,10,3.0,"ST1(7,3.0)+ST2(10,3.0)",1.5%,1:3,1%,1.5,3.0,"ST1(7,3.0)+ST2(10,3.0)",10000,10463.0,463.0,4.63,161.0,1.61,282.114,-53.44,156.73,-53.44,235.095,-53.44,45.45,54.55,2.44,42.09,11,5,6,0,2,2,1.5,1.5,0,0,0,0,92.61,1.5,5,0.5,783.65,320.64,4.5%,"ETH_INR_5m_ST1(7,3.0)+ST2(10,3.0)_SL1.5pct_1-3",1,0
ETH/INR,5m,2026-09-17 to 2026-09-24 (7D),1963,12,3.0,14,4.0,"ST1(12,3.0)+ST2(14,4.0)",1.5%,1:3,1%,1.5,3.0,"ST1(12,3.0)+ST2(14,4.0)",10000,10463.0,463.0,4.63,161.0,1.61,282.114,-53.44,156.73,-53.44,235.095,-53.44,45.45,54.55,2.44,42.09,11,5,6,0,2,2,1.5,1.5,0,0,0,0,92.51,1.5,5,0.5,783.65,320.64,4.5%,"ETH_INR_5m_ST1(12,3.0)+ST2(14,4.0)_SL1.5pct_1-3",1,0
ETH/INR,5m,2026-09-17 to 2026-09-24 (7D),1963,12,3.0,14,3.5,"ST1(12,3.0)+ST2(14,3.5)",1.5%,1:3,1%,1.5,3.0,"ST1(12,3.0)+ST2(14,3.5)",10000,10463.0,463.0,4.63,161.0,1.61,282.114,-53.44,156.73,-53.44,235.095,-53.44,45.45,54.55,2.44,42.09,11,5,6,0,2,2,1.5,1.5,0,0,0,0,92.61,1.5,5,0.5,783.65,320.64,4.5%,"ETH_INR_5m_ST1(12,3.0)+ST2(14,3.5)_SL1.5pct_1-3",1,0
SOL/INR,30m,2026-07-25 to 2026-09-24 (60D),2872,12,4.0,7,4.0,"ST1(12,4.0)+ST2(7,4.0)",1.5%,1:3,1%,1.5,3.0,"ST1(12,4.0)+ST2(7,4.0)",10000,10460.63,460.63,4.61,1001.0,10.01,263.988,-95.36,146.66,-95.36,219.99,-95.36,41.67,58.33,1.1,5.48,84,35,49,0,2,2,1.5,1.5,0,0,0,0,55.56,1.5,5,0.5,5133.099999999999,4672.64,4.5%,"SOL_INR_30m_ST1(12,4.0)+ST2(7,4.0)_SL1.5pct_1-3",2,2
SOL/INR,30m,2026-07-25 to 2026-09-24 (60D),2872,7,4.0,12,4.0,"ST1(7,4.0)+ST2(12,4.0)",1.5%,1:3,1%,1.5,3.0,"ST1(7,4.0)+ST2(12,4.0)",10000,10460.63,460.63,4.61,1001.0,10.01,263.988,-95.36,146.66,-95.36,219.99,-95.36,41.67,58.33,1.1,5.48,84,35,49,0,2,2,1.5,1.5,0,0,0,0,55.56,1.5,5,0.5,5133.099999999999,4672.64,4.5%,"SOL_INR_30m_ST1(7,4.0)+ST2(12,4.0)_SL1.5pct_1-3",2,2
SOL/INR,5m,2026-09-17 to 2026-09-24 (7D),1963,7,4.0,10,3.0,"ST1(7,4.0)+ST2(10,3.0)",1.5%,1:3,1%,1.5,3.0,"ST1(7,4.0)+ST2(10,3.0)",10000,10454.75,454.75,4.55,330.0,3.3,233.55,-116.65,129.75,-116.65,194.625,-116.65,61.54,38.46,1.78,34.98,13,8,5,0,2,2,1.5,1.5,0,0,0,0,87.41,1.5,5,0.5,1038.0,583.25,4.5%,"SOL_INR_5m_ST1(7,4.0)+ST2(10,3.0)_SL1.5pct_1-3",2,0
SOL/INR,5m,2026-09-17 to 2026-09-24 (7D),1963,7,4.0,7,3.0,"ST1(7,4.0)+ST2(7,3.0)",1.5%,1:3,1%,1.5,3.0,"ST1(7,4.0)+ST2(7,3.0)",10000,10454.75,454.75,4.55,330.0,3.3,233.55,-116.65,129.75,-116.65,194.625,-116.65,61.54,38.46,1.78,34.98,13,8,5,0,2,2,1.5,1.5,0,0,0,0,86.54,1.5,5,0.5,1038.0,583.25,4.5%,"SOL_INR_5m_ST1(7,4.0)+ST2(7,3.0)_SL1.5pct_1-3",2,0
SOL/INR,5m,2026-09-17 to 2026-09-24 (7D),1963,10,3.0,10,4.0,"ST1(10,3.0)+ST2(10,4.0)",1.5%,1:3,1%,1.5,3.0,"ST1(10,3.0)+ST2(10,4.0)",10000,10454.75,454.75,4.55,330.0,3.3,233.55,-116.65,129.75,-116.65,194.625,-116.65,61.54,38.46,1.78,34.98,13,8,5,0,2,2,1.5,1.5,0,0,0,0,87.0,1.5,5,0.5,1038.0,583.25,4.5%,"SOL_INR_5m_ST1(10,3.0)+ST2(10,4.0)_SL1.5pct_1-3",2,0
SOL/INR,5m,2026-09-17 to 2026-09-24 (7D),1963,10,3.0,7,4.0,"ST1(10,3.0)+ST2(7,4.0)",1.5%,1:3,1%,1.5,3.0,"ST1(10,3.0)+ST2(7,4.0)",10000,10454.75,454.75,4.55,330.0,3.3,233.55,-116.65,129.75,-116.65,194.625,-116.65,61.54,38.46,1.78,34.98,13,8,5,0,2,2,1.5,1.5,0,0,0,0,87.41,1.5,5,0.5,1038.0,583.25,4.5%,"SOL_INR_5m_ST1(10,3.0)+ST2(7,4.0)_SL1.5pct_1-3",2,0
SOL/INR,5m,2026-09-17 to 2026-09-24 (7D),1963,7,4.0,14,3.0,"ST1(7,4.0)+ST2(14,3.0)",1.5%,1:3,1%,1.5,3.0,"ST1(7,4.0)+ST2(14,3.0)",10000,10454.75,454.75,4.55,330.0,3.3,233.55,-116.65,129.75,-116.65,194.625,-116.65,61.54,38.46,1.78,34.98,13,8,5,0,2,2,1.5,1.5,0,0,0,0,87.41,1.5,5,0.5,1038.0,583.25,4.5%,"SOL_INR_5m_ST1(7,4.0)+ST2(14,3.0)_SL1.5pct_1-3",2,0
SOL/INR,5m,2026-09-17 to 2026-09-24 (7D),1963,7,4.0,12,3.0,"ST1(7,4.0)+ST2(12,3.0)",1.5%,1:3,1%,1.5,3.0,"ST1(7,4.0)+ST2(12,3.0)",10000,10454.75,454.75,4.55,330.0,3.3,233.55,-116.65,129.75,-116.65,194.625,-116.65,61.54,38.46,1.78,34.98,13,8,5,0,2,2,1.5,1.5,0,0,0,0,87.41,1.5,5,0.5,1038.0,583.25,4.5%,"SOL_INR_5m_ST1(7,4.0)+ST2(12,3.0)_SL1.5pct_1-3",2,0
SOL/INR,5m,2026-09-17 to 2026-09-24 (7D),1963,12,3.0,10,4.0,"ST1(12,3.0)+ST2(10,4.0)",1.5%,1:3,1%,1.5,3.0,"ST1(12,3.0)+ST2(10,4.0)",10000,10454.75,454.75,4.55,330.0,3.3,233.55,-116.65,129.75,-116.65,194.625,-116.65,61.54,38.46,1.78,34.98,13,8,5,0,2,2,1.5,1.5,0,0,0,0,87.0,1.5,5,0.5,1038.0,583.25,4.5%,"SOL_INR_5m_ST1(12,3.0)+ST2(10,4.0)_SL1.5pct_1-3",2,0
SOL/INR,5m,2026-09-17 to 2026-09-24 (7D),1963,12,3.0,7,4.0,"ST1(12,3.0)+ST2(7,4.0)",1.5%,1:3,1%,1.5,3.0,"ST1(12,3.0)+ST2(7,4.0)",10000,10454.75,454.75,4.55,330.0,3.3,233.55,-116.65,129.75,-116.65,194.625,-116.65,61.54,38.46,1.78,34.98,13,8,5,0,2,2,1.5,1.5,0,0,0,0,87.41,1.5,5,0.5,1038.0,583.25,4.5%,"SOL_INR_5m_ST1(12,3.0)+ST2(7,4.0)_SL1.5pct_1-3",2,0
SOL/INR,5m,2026-09-17 to 2026-09-24 (7D),1963,14,3.0,10,4.0,"ST1(14,3.0)+ST2(10,4.0)",1.5%,1:3,1%,1.5,3.0,"ST1(14,3.0)+ST2(10,4.0)",10000,10454.75,454.75,4.55,330.0,3.3,233.55,-116.65,129.75,-116.65,194.625,-116.65,61.54,38.46,1.78,34.98,13,8,5,0,2,2,1.5,1.5,0,0,0,0,87.0,1.5,5,0.5,1038.0,583.25,4.5%,"SOL_INR_5m_ST1(14,3.0)+ST2(10,4.0)_SL1.5pct_1-3",2,0
SOL/INR,5m,2026-09-17 to 2026-09-24 (7D),1963,14,3.0,7,4.0,"ST1(14,3.0)+ST2(7,4.0)",1.5%,1:3,1%,1.5,3.0,"ST1(14,3.0)+ST2(7,4.0)",10000,10454.75,454.75,4.55,330.0,3.3,233.55,-116.65,129.75,-116.65,194.625,-116.65,61.54,38.46,1.78,34.98,13,8,5,0,2,2,1.5,1.5,0,0,0,0,87.41,1.5,5,0.5,1038.0,583.25,4.5%,"SOL_INR_5m_ST1(14,3.0)+ST2(7,4.0)_SL1.5pct_1-3",2,0
SOL/INR,5m,2026-09-17 to 2026-09-24 (7D),1963,10,4.0,14,3.0,"ST1(10,4.0)+ST2(14,3.0)",1.5%,1:3,1%,1.5,3.0,"ST1(10,4.0)+ST2(14,3.0)",10000,10454.75,454.75,4.55,330.0,3.3,233.55,-116.65,129.75,-116.65,194.625,-116.65,61.54,38.46,1.78,34.98,13,8,5,0,2,2,1.5,1.5,0,0,0,0,87.0,1.5,5,0.5,1038.0,583.25,4.5%,"SOL_INR_5m_ST1(10,4.0)+ST2(14,3.0)_SL1.5pct_1-3",2,0
SOL/INR,5m,2026-09-17 to 2026-09-24 (7D),1963,10,4.0,12,3.0,"ST1(10,4.0)+ST2(12,3.0)",1.5%,1:3,1%,1.5,3.0,"ST1(10,4.0)+ST2(12,3.0)",10000,10454.75,454.75,4.55,330.0,3.3,233.55,-116.65,129.75,-116.65,194.625,-116.65,61.54,38.46,1.78,34.98,13,8,5,0,2,2,1.5,1.5,0,0,0,0,87.0,1.5,5,0.5,1038.0,583.25,4.5%,"SOL_INR_5m_ST1(10,4.0)+ST2(12,3.0)_SL1.5pct_1-3",2,0
SOL/INR,5m,2026-09-17 to 2026-09-24 (7D),1963,10,4.0,10,3.0,"ST1(10,4.0)+ST2(10,3.0)",1.5%,1:3,1%,1.5,3.0,"ST1(10,4.0)+ST2(10,3.0)",10000,10454.75,454.75,4.55,330.0,3.3,233.55,-116.65,129.75,-116.65,194.625,-116.65,61.54,38.46,1.78,34.98,13,8,5,0,2,2,1.5,1.5,0,0,0,0,87.0,1.5,5,0.5,1038.0,583.25,4.5%,"SOL_INR_5m_ST1(10,4.0)+ST2(10,3.0)_SL1.5pct_1-3",2,0
SOL/INR,5m,2026-09-17 to 2026-09-24 (7D),1963,10,4.0,7,3.0,"ST1(10,4.0)+ST2(7,3.0)",1.5%,1:3,1%,1.5,3.0,"ST1(10,4.0)+ST2(7,3.0)",10000,10454.75,454.75,4.55,330.0,3.3,233.55,-116.65,129.75,-116.65,194.625,-116.65,61.54,38.46,1.78,34.98,13,8,5,0,2,2,1.5,1.5,0,0,0,0,86.14,1.5,5,0.5,1038.0,583.25,4.5%,"SOL_INR_5m_ST1(10,4.0)+ST2(7,3.0)_SL1.5pct_1-3",2,0
SOL/INR,5m,2026-09-17 to 2026-09-24 (7D),1963,7,3.0,10,4.0,"ST1(7,3.0)+ST2(10,4.0)",1.5%,1:3,1%,1.5,3.0,"ST1(7,3.0)+ST2(10,4.0)",10000,10454.75,454.75,4.55,330.0,3.3,233.55,-116.65,129.75,-116.65,194.625,-116.65,61.54,38.46,1.78,34.98,13,8,5,0,2,2,1.5,1.5,0,0,0,0,86.14,1.5,5,0.5,1038.0,583.25,4.5%,"SOL_INR_5m_ST1(7,3.0)+ST2(10,4.0)_SL1.5pct_1-3",2,0
SOL/INR,5m,2026-09-17 to 2026-09-24 (7D),1963,7,3.0,7,4.0,"ST1(7,3.0)+ST2(7,4.0)",1.5%,1:3,1%,1.5,3.0,"ST1(7,3.0)+ST2(7,4.0)",10000,10454.75,454.75,4.55,330.0,3.3,233.55,-116.65,129.75,-116.65,194.625,-116.65,61.54,38.46,1.78,34.98,13,8,5,0,2,2,1.5,1.5,0,0,0,0,86.54,1.5,5,0.5,1038.0,583.25,4.5%,"SOL_INR_5m_ST1(7,3.0)+ST2(7,4.0)_SL1.5pct_1-3",2,0
BTC/INR,15m,2026-07-25 to 2026-09-24 (60D),5742,10,3.5,7,4.0,"ST1(10,3.5)+ST2(7,4.0)",1.5%,1:3,1%,1.5,3.0,"ST1(10,3.5)+ST2(7,4.0)",10000,10446.49,446.49,4.46,551.0,5.51,153.108,-68.35,85.06,-68.35,127.59,-68.35,48.15,51.85,1.16,5.51,81,39,42,0,2,2,1.5,1.5,0,0,0,0,81.64,1.5,5,0.5,3317.34,2870.7,4.5%,"BTC_INR_15m_ST1(10,3.5)+ST2(7,4.0)_SL1.5pct_1-3",0,1
BTC/INR,15m,2026-07-25 to 2026-09-24 (60D),5742,7,4.0,10,3.5,"ST1(7,4.0)+ST2(10,3.5)",1.5%,1:3,1%,1.5,3.0,"ST1(7,4.0)+ST2(10,3.5)",10000,10446.49,446.49,4.46,551.0,5.51,153.108,-68.35,85.06,-68.35,127.59,-68.35,48.15,51.85,1.16,5.51,81,39,42,0,2,2,1.5,1.5,0,0,0,0,81.64,1.5,5,0.5,3317.34,2870.7,4.5%,"BTC_INR_15m_ST1(7,4.0)+ST2(10,3.5)_SL1.5pct_1-3",0,1
SOL/INR,30m,2026-07-25 to 2026-09-24 (60D),2872,14,4.0,7,3.5,"ST1(14,4.0)+ST2(7,3.5)",1.5%,1:3,1%,1.5,3.0,"ST1(14,4.0)+ST2(7,3.5)",10000,10444.4,444.4,4.44,1003.0,10.03,269.42400000000004,-92.9,149.68,-92.9,224.52,-92.9,40.48,59.52,1.1,5.29,84,34,50,0,2,2,1.5,1.5,0,0,0,0,55.76,1.5,5,0.5,5089.12,4645.0,4.5%,"SOL_INR_30m_ST1(14,4.0)+ST2(7,3.5)_SL1.5pct_1-3",2,2
SOL/INR,30m,2026-07-25 to 2026-09-24 (60D),2872,7,3.5,14,4.0,"ST1(7,3.5)+ST2(14,4.0)",1.5%,1:3,1%,1.5,3.0,"ST1(7,3.5)+ST2(14,4.0)",10000,10444.4,444.4,4.44,1003.0,10.03,269.42400000000004,-92.9,149.68,-92.9,224.52,-92.9,40.48,59.52,1.1,5.29,84,34,50,0,2,2,1.5,1.5,0,0,0,0,55.76,1.5,5,0.5,5089.12,4645.0,4.5%,"SOL_INR_30m_ST1(7,3.5)+ST2(14,4.0)_SL1.5pct_1-3",2,2
ETH/INR,5m,2026-09-17 to 2026-09-24 (7D),1963,10,2.0,14,2.0,"ST1(10,2.0)+ST2(14,2.0)",1.5%,1:3,1%,1.5,3.0,"ST1(10,2.0)+ST2(14,2.0)",10000,10442.38,442.38,4.42,191.0,1.91,238.212,-58.62,132.34,-58.62,198.51,-58.62,50.0,50.0,2.26,36.86,12,6,6,0,2,2,1.5,1.5,0,0,0,0,91.74,1.5,5,0.5,794.04,351.72,4.5%,"ETH_INR_5m_ST1(10,2.0)+ST2(14,2.0)_SL1.5pct_1-3",1,0
ETH/INR,5m,2026-09-17 to 2026-09-24 (7D),1963,10,2.0,7,2.0,"ST1(10,2.0)+ST2(7,2.0)",1.5%,1:3,1%,1.5,3.0,"ST1(10,2.0)+ST2(7,2.0)",10000,10442.38,442.38,4.42,191.0,1.91,238.212,-58.62,132.34,-58.62,198.51,-58.62,50.0,50.0,2.26,36.86,12,6,6,0,2,2,1.5,1.5,0,0,0,0,91.74,1.5,5,0.5,794.04,351.72,4.5%,"ETH_INR_5m_ST1(10,2.0)+ST2(7,2.0)_SL1.5pct_1-3",1,0
ETH/INR,5m,2026-09-17 to 2026-09-24 (7D),1963,14,2.0,7,2.0,"ST1(14,2.0)+ST2(7,2.0)",1.5%,1:3,1%,1.5,3.0,"ST1(14,2.0)+ST2(7,2.0)",10000,10442.38,442.38,4.42,191.0,1.91,238.212,-58.62,132.34,-58.62,198.51,-58.62,50.0,50.0,2.26,36.86,12,6,6,0,2,2,1.5,1.5,0,0,0,0,91.74,1.5,5,0.5,794.04,351.72,4.5%,"ETH_INR_5m_ST1(14,2.0)+ST2(7,2.0)_SL1.5pct_1-3",1,0
ETH/INR,5m,2026-09-17 to 2026-09-24 (7D),1963,14,2.0,10,2.0,"ST1(14,2.0)+ST2(10,2.0)",1.5%,1:3,1%,1.5,3.0,"ST1(14,2.0)+ST2(10,2.0)",10000,10442.38,442.38,4.42,191.0,1.91,238.212,-58.62,132.34,-58.62,198.51,-58.62,50.0,50.0,2.26,36.86,12,6,6,0,2,2,1.5,1.5,0,0,0,0,91.74,1.5,5,0.5,794.04,351.72,4.5%,"ETH_INR_5m_ST1(14,2.0)+ST2(10,2.0)_SL1.5pct_1-3",1,0
ETH/INR,5m,2026-09-17 to 2026-09-24 (7D),1963,7,2.0,14,2.0,"ST1(7,2.0)+ST2(14,2.0)",1.5%,1:3,1%,1.5,3.0,"ST1(7,2.0)+ST2(14,2.0)",10000,10442.38,442.38,4.42,191.0,1.91,238.212,-58.62,132.34,-58.62,198.51,-58.62,50.0,50.0,2.26,36.86,12,6,6,0,2,2,1.5,1.5,0,0,0,0,91.74,1.5,5,0.5,794.04,351.72,4.5%,"ETH_INR_5m_ST1(7,2.0)+ST2(14,2.0)_SL1.5pct_1-3",1,0
ETH/INR,5m,2026-09-17 to 2026-09-24 (7D),1963,7,2.0,10,2.0,"ST1(7,2.0)+ST2(10,2.0)",1.5%,1:3,1%,1.5,3.0,"ST1(7,2.0)+ST2(10,2.0)",10000,10442.38,442.38,4.42,191.0,1.91,238.212,-58.62,132.34,-58.62,198.51,-58.62,50.0,50.0,2.26,36.86,12,6,6,0,2,2,1.5,1.5,0,0,0,0,91.74,1.5,5,0.5,794.04,351.72,4.5%,"ETH_INR_5m_ST1(7,2.0)+ST2(10,2.0)_SL1.5pct_1-3",1,0
SOL/INR,30m,2026-07-25 to 2026-09-24 (60D),2872,7,4.0,12,3.5,"ST1(7,4.0)+ST2(12,3.5)",1.5%,1:3,1%,1.5,3.0,"ST1(7,4.0)+ST2(12,3.5)",10000,10440.17,440.17,4.4,784.0,7.84,247.608,-92.99,137.56,-92.99,206.34,-92.99,42.53,57.47,1.09,5.06,87,37,50,0,2,2,1.5,1.5,0,0,0,0,56.67,1.5,5,0.5,5089.72,4649.5,4.5%,"SOL_INR_30m_ST1(7,4.0)+ST2(12,3.5)_SL1.5pct_1-3",2,2
SOL/INR,30m,2026-07-25 to 2026-09-24 (60D),2872,12,3.5,7,4.0,"ST1(12,3.5)+ST2(7,4.0)",1.5%,1:3,1%,1.5,3.0,"ST1(12,3.5)+ST2(7,4.0)",10000,10440.17,440.17,4.4,784.0,7.84,247.608,-92.99,137.56,-92.99,206.34,-92.99,42.53,57.47,1.09,5.06,87,37,50,0,2,2,1.5,1.5,0,0,0,0,56.67,1.5,5,0.5,5089.72,4649.5,4.5%,"SOL_INR_30m_ST1(12,3.5)+ST2(7,4.0)_SL1.5pct_1-3",2,2
SOL/INR,5m,2026-09-17 to 2026-09-24 (7D),1963,14,3.5,7,4.0,"ST1(14,3.5)+ST2(7,4.0)",1.5%,1:3,1%,1.5,3.0,"ST1(14,3.5)+ST2(7,4.0)",10000,10438.85,438.85,4.39,330.0,3.3,240.39,-104.93,133.55,-104.93,200.325,-104.93,57.14,42.86,1.7,31.35,14,8,6,0,2,2,1.5,1.5,0,0,0,0,83.33,1.5,5,0.5,1068.4,629.58,4.5%,"SOL_INR_5m_ST1(14,3.5)+ST2(7,4.0)_SL1.5pct_1-3",2,0
SOL/INR,5m,2026-09-17 to 2026-09-24 (7D),1963,7,4.0,14,3.5,"ST1(7,4.0)+ST2(14,3.5)",1.5%,1:3,1%,1.5,3.0,"ST1(7,4.0)+ST2(14,3.5)",10000,10438.85,438.85,4.39,330.0,3.3,240.39,-104.93,133.55,-104.93,200.325,-104.93,57.14,42.86,1.7,31.35,14,8,6,0,2,2,1.5,1.5,0,0,0,0,83.33,1.5,5,0.5,1068.4,629.58,4.5%,"SOL_INR_5m_ST1(7,4.0)+ST2(14,3.5)_SL1.5pct_1-3",2,0
SOL/INR,5m,2026-09-17 to 2026-09-24 (7D),1963,14,2.0,7,3.5,"ST1(14,2.0)+ST2(7,3.5)",1.5%,1:3,1%,1.5,3.0,"ST1(14,2.0)+ST2(7,3.5)",10000,10438.65,438.65,4.39,330.0,3.3,263.178,-116.97,146.21,-116.97,219.315,-116.97,58.33,41.67,1.75,36.55,12,7,5,0,2,2,1.5,1.5,0,0,0,0,85.52,1.5,5,0.5,1023.47,584.85,4.5%,"SOL_INR_5m_ST1(14,2.0)+ST2(7,3.5)_SL1.5pct_1-3",2,0
SOL/INR,5m,2026-09-17 to 2026-09-24 (7D),1963,7,3.5,14,2.0,"ST1(7,3.5)+ST2(14,2.0)",1.5%,1:3,1%,1.5,3.0,"ST1(7,3.5)+ST2(14,2.0)",10000,10438.65,438.65,4.39,330.0,3.3,263.178,-116.97,146.21,-116.97,219.315,-116.97,58.33,41.67,1.75,36.55,12,7,5,0,2,2,1.5,1.5,0,0,0,0,85.52,1.5,5,0.5,1023.47,584.85,4.5%,"SOL_INR_5m_ST1(7,3.5)+ST2(14,2.0)_SL1.5pct_1-3",2,0
SOL/INR,5m,2026-09-17 to 2026-09-24 (7D),1963,10,4.0,7,3.5,"ST1(10,4.0)+ST2(7,3.5)",1.5%,1:3,1%,1.5,3.0,"ST1(10,4.0)+ST2(7,3.5)",10000,10438.61,438.61,4.39,330.0,3.3,240.39,-104.97,133.55,-104.97,200.325,-104.97,57.14,42.86,1.7,31.33,14,8,6,0,2,2,1.5,1.5,0,0,0,0,88.07,1.5,5,0.5,1068.4,629.8199999999999,4.5%,"SOL_INR_5m_ST1(10,4.0)+ST2(7,3.5)_SL1.5pct_1-3",2,0
SOL/INR,5m,2026-09-17 to 2026-09-24 (7D),1963,7,3.5,10,4.0,"ST1(7,3.5)+ST2(10,4.0)",1.5%,1:3,1%,1.5,3.0,"ST1(7,3.5)+ST2(10,4.0)",10000,10438.61,438.61,4.39,330.0,3.3,240.39,-104.97,133.55,-104.97,200.325,-104.97,57.14,42.86,1.7,31.33,14,8,6,0,2,2,1.5,1.5,0,0,0,0,88.07,1.5,5,0.5,1068.4,629.8199999999999,4.5%,"SOL_INR_5m_ST1(7,3.5)+ST2(10,4.0)_SL1.5pct_1-3",2,0
SOL/INR,5m,2026-09-17 to 2026-09-24 (7D),1963,7,4.0,7,3.5,"ST1(7,4.0)+ST2(7,3.5)",1.5%,1:3,1%,1.5,3.0,"ST1(7,4.0)+ST2(7,3.5)",10000,10438.61,438.61,4.39,330.0,3.3,240.39,-104.97,133.55,-104.97,200.325,-104.97,57.14,42.86,1.7,31.33,14,8,6,0,2,2,1.5,1.5,0,0,0,0,88.48,1.5,5,0.5,1068.4,629.8199999999999,4.5%,"SOL_INR_5m_ST1(7,4.0)+ST2(7,3.5)_SL1.5pct_1-3",2,0
SOL/INR,5m,2026-09-17 to 2026-09-24 (7D),1963,7,3.5,7,4.0,"ST1(7,3.5)+ST2(7,4.0)",1.5%,1:3,1%,1.5,3.0,"ST1(7,3.5)+ST2(7,4.0)",10000,10438.61,438.61,4.39,330.0,3.3,240.39,-104.97,133.55,-104.97,200.325,-104.97,57.14,42.86,1.7,31.33,14,8,6,0,2,2,1.5,1.5,0,0,0,0,88.48,1.5,5,0.5,1068.4,629.8199999999999,4.5%,"SOL_INR_5m_ST1(7,3.5)+ST2(7,4.0)_SL1.5pct_1-3",2,0
SOL/INR,5m,2026-09-17 to 2026-09-24 (7D),1963,10,3.5,7,3.5,"ST1(10,3.5)+ST2(7,3.5)",1.5%,1:3,1%,1.5,3.0,"ST1(10,3.5)+ST2(7,3.5)",10000,10436.29,436.29,4.36,332.0,3.32,240.228,-105.23,133.46,-105.23,200.19,-105.23,57.14,42.86,1.69,31.16,14,8,6,0,2,2,1.5,1.5,0,0,0,0,89.3,1.5,5,0.5,1067.68,631.38,4.5%,"SOL_INR_5m_ST1(10,3.5)+ST2(7,3.5)_SL1.5pct_1-3",2,0
SOL/INR,5m,2026-09-17 to 2026-09-24 (7D),1963,7,3.5,10,3.5,"ST1(7,3.5)+ST2(10,3.5)",1.5%,1:3,1%,1.5,3.0,"ST1(7,3.5)+ST2(10,3.5)",10000,10436.29,436.29,4.36,332.0,3.32,240.228,-105.23,133.46,-105.23,200.19,-105.23,57.14,42.86,1.69,31.16,14,8,6,0,2,2,1.5,1.5,0,0,0,0,89.3,1.5,5,0.5,1067.68,631.38,4.5%,"SOL_INR_5m_ST1(7,3.5)+ST2(10,3.5)_SL1.5pct_1-3",2,0
SOL/INR,30m,2026-07-25 to 2026-09-24 (60D),2872,14,3.5,10,3.5,"ST1(14,3.5)+ST2(10,3.5)",1.5%,1:3,1%,1.5,3.0,"ST1(14,3.5)+ST2(10,3.5)",10000,10434.62,434.62,4.35,771.0,7.71,247.374,-90.26,137.43,-90.26,206.145,-90.26,41.86,58.14,1.1,5.05,86,36,50,0,2,2,1.5,1.5,0,0,0,0,57.72,1.5,5,0.5,4947.4800000000005,4513.0,4.5%,"SOL_INR_30m_ST1(14,3.5)+ST2(10,3.5)_SL1.5pct_1-3",2,2
SOL/INR,30m,2026-07-25 to 2026-09-24 (60D),2872,10,3.5,14,3.5,"ST1(10,3.5)+ST2(14,3.5)",1.5%,1:3,1%,1.5,3.0,"ST1(10,3.5)+ST2(14,3.5)",10000,10434.62,434.62,4.35,771.0,7.71,247.374,-90.26,137.43,-90.26,206.145,-90.26,41.86,58.14,1.1,5.05,86,36,50,0,2,2,1.5,1.5,0,0,0,0,57.72,1.5,5,0.5,4947.4800000000005,4513.0,4.5%,"SOL_INR_30m_ST1(10,3.5)+ST2(14,3.5)_SL1.5pct_1-3",2,2
SOL/INR,30m,2026-07-25 to 2026-09-24 (60D),2872,7,3.5,12,3.5,"ST1(7,3.5)+ST2(12,3.5)",1.5%,1:3,1%,1.5,3.0,"ST1(7,3.5)+ST2(12,3.5)",10000,10432.63,432.63,4.33,892.0,8.92,245.844,-92.42,136.58,-92.42,204.87,-92.42,42.53,57.47,1.09,4.97,87,37,50,0,2,2,1.5,1.5,0,0,0,0,57.75,1.5,5,0.5,5053.46,4621.0,4.5%,"SOL_INR_30m_ST1(7,3.5)+ST2(12,3.5)_SL1.5pct_1-3",2,2
SOL/INR,30m,2026-07-25 to 2026-09-24 (60D),2872,12,3.5,7,3.5,"ST1(12,3.5)+ST2(7,3.5)",1.5%,1:3,1%,1.5,3.0,"ST1(12,3.5)+ST2(7,3.5)",10000,10432.63,432.63,4.33,892.0,8.92,245.844,-92.42,136.58,-92.42,204.87,-92.42,42.53,57.47,1.09,4.97,87,37,50,0,2,2,1.5,1.5,0,0,0,0,57.75,1.5,5,0.5,5053.46,4621.0,4.5%,"SOL_INR_30m_ST1(12,3.5)+ST2(7,3.5)_SL1.5pct_1-3",2,2
SOL/INR,30m,2026-07-25 to 2026-09-24 (60D),2872,7,4.0,14,3.5,"ST1(7,4.0)+ST2(14,3.5)",1.5%,1:3,1%,1.5,3.0,"ST1(7,4.0)+ST2(14,3.5)",10000,10432.58,432.58,4.33,784.0,7.84,253.35,-92.69,140.75,-92.69,211.125,-92.69,41.86,58.14,1.09,5.03,86,36,50,0,2,2,1.5,1.5,0,0,0,0,56.84,1.5,5,0.5,5067.0,4634.5,4.5%,"SOL_INR_30m_ST1(7,4.0)+ST2(14,3.5)_SL1.5pct_1-3",2,2
SOL/INR,30m,2026-07-25 to 2026-09-24 (60D),2872,14,3.5,7,4.0,"ST1(14,3.5)+ST2(7,4.0)",1.5%,1:3,1%,1.5,3.0,"ST1(14,3.5)+ST2(7,4.0)",10000,10432.58,432.58,4.33,784.0,7.84,253.35,-92.69,140.75,-92.69,211.125,-92.69,41.86,58.14,1.09,5.03,86,36,50,0,2,2,1.5,1.5,0,0,0,0,56.84,1.5,5,0.5,5067.0,4634.5,4.5%,"SOL_INR_30m_ST1(14,3.5)+ST2(7,4.0)_SL1.5pct_1-3",2,2
SOL/INR,30m,2026-07-25 to 2026-09-24 (60D),2872,10,4.0,10,3.0,"ST1(10,4.0)+ST2(10,3.0)",1.5%,1:3,1%,1.5,3.0,"ST1(10,4.0)+ST2(10,3.0)",10000,10432.2,432.2,4.32,900.0,9.0,267.678,-94.36,148.71,-94.36,223.065,-94.36,40.96,59.04,1.09,5.21,83,34,49,0,2,2,1.5,1.5,0,0,0,0,55.21,1.5,5,0.5,5056.14,4623.64,4.5%,"SOL_INR_30m_ST1(10,4.0)+ST2(10,3.0)_SL1.5pct_1-3",2,2
SOL/INR,30m,2026-07-25 to 2026-09-24 (60D),2872,10,3.0,10,4.0,"ST1(10,3.0)+ST2(10,4.0)",1.5%,1:3,1%,1.5,3.0,"ST1(10,3.0)+ST2(10,4.0)",10000,10432.2,432.2,4.32,900.0,9.0,267.678,-94.36,148.71,-94.36,223.065,-94.36,40.96,59.04,1.09,5.21,83,34,49,0,2,2,1.5,1.5,0,0,0,0,55.21,1.5,5,0.5,5056.14,4623.64,4.5%,"SOL_INR_30m_ST1(10,3.0)+ST2(10,4.0)_SL1.5pct_1-3",2,2
ETH/INR,5m,2026-09-17 to 2026-09-24 (7D),1963,7,2.0,12,4.0,"ST1(7,2.0)+ST2(12,4.0)",1.5%,1:3,1%,1.5,3.0,"ST1(7,2.0)+ST2(12,4.0)",10000,10431.57,431.57,4.32,191.0,1.91,281.97,-58.62,156.65,-58.62,234.975,-58.62,45.45,54.55,2.23,39.23,11,5,6,0,2,2,1.5,1.5,0,0,0,0,91.28,1.5,5,0.5,783.25,351.72,4.5%,"ETH_INR_5m_ST1(7,2.0)+ST2(12,4.0)_SL1.5pct_1-3",1,0
ETH/INR,5m,2026-09-17 to 2026-09-24 (7D),1963,7,2.0,12,3.5,"ST1(7,2.0)+ST2(12,3.5)",1.5%,1:3,1%,1.5,3.0,"ST1(7,2.0)+ST2(12,3.5)",10000,10431.57,431.57,4.32,191.0,1.91,281.97,-58.62,156.65,-58.62,234.975,-58.62,45.45,54.55,2.23,39.23,11,5,6,0,2,2,1.5,1.5,0,0,0,0,91.28,1.5,5,0.5,783.25,351.72,4.5%,"ETH_INR_5m_ST1(7,2.0)+ST2(12,3.5)_SL1.5pct_1-3",1,0
ETH/INR,5m,2026-09-17 to 2026-09-24 (7D),1963,14,2.0,10,3.0,"ST1(14,2.0)+ST2(10,3.0)",1.5%,1:3,1%,1.5,3.0,"ST1(14,2.0)+ST2(10,3.0)",10000,10431.57,431.57,4.32,191.0,1.91,281.97,-58.62,156.65,-58.62,234.975,-58.62,45.45,54.55,2.23,39.23,11,5,6,0,2,2,1.5,1.5,0,0,0,0,91.28,1.5,5,0.5,783.25,351.72,4.5%,"ETH_INR_5m_ST1(14,2.0)+ST2(10,3.0)_SL1.5pct_1-3",1,0
ETH/INR,5m,2026-09-17 to 2026-09-24 (7D),1963,10,3.0,14,2.0,"ST1(10,3.0)+ST2(14,2.0)",1.5%,1:3,1%,1.5,3.0,"ST1(10,3.0)+ST2(14,2.0)",10000,10431.57,431.57,4.32,191.0,1.91,281.97,-58.62,156.65,-58.62,234.975,-58.62,45.45,54.55,2.23,39.23,11,5,6,0,2,2,1.5,1.5,0,0,0,0,91.28,1.5,5,0.5,783.25,351.72,4.5%,"ETH_INR_5m_ST1(10,3.0)+ST2(14,2.0)_SL1.5pct_1-3",1,0
ETH/INR,5m,2026-09-17 to 2026-09-24 (7D),1963,10,4.0,14,2.0,"ST1(10,4.0)+ST2(14,2.0)",1.5%,1:3,1%,1.5,3.0,"ST1(10,4.0)+ST2(14,2.0)",10000,10431.57,431.57,4.32,191.0,1.91,281.97,-58.62,156.65,-58.62,234.975,-58.62,45.45,54.55,2.23,39.23,11,5,6,0,2,2,1.5,1.5,0,0,0,0,91.28,1.5,5,0.5,783.25,351.72,4.5%,"ETH_INR_5m_ST1(10,4.0)+ST2(14,2.0)_SL1.5pct_1-3",1,0
ETH/INR,5m,2026-09-17 to 2026-09-24 (7D),1963,10,3.5,7,2.0,"ST1(10,3.5)+ST2(7,2.0)",1.5%,1:3,1%,1.5,3.0,"ST1(10,3.5)+ST2(7,2.0)",10000,10431.57,431.57,4.32,191.0,1.91,281.97,-58.62,156.65,-58.62,234.975,-58.62,45.45,54.55,2.23,39.23,11,5,6,0,2,2,1.5,1.5,0,0,0,0,91.28,1.5,5,0.5,783.25,351.72,4.5%,"ETH_INR_5m_ST1(10,3.5)+ST2(7,2.0)_SL1.5pct_1-3",1,0
ETH/INR,5m,2026-09-17 to 2026-09-24 (7D),1963,10,3.0,10,2.0,"ST1(10,3.0)+ST2(10,2.0)",1.5%,1:3,1%,1.5,3.0,"ST1(10,3.0)+ST2(10,2.0)",10000,10431.57,431.57,4.32,191.0,1.91,281.97,-58.62,156.65,-58.62,234.975,-58.62,45.45,54.55,2.23,39.23,11,5,6,0,2,2,1.5,1.5,0,0,0,0,91.28,1.5,5,0.5,783.25,351.72,4.5%,"ETH_INR_5m_ST1(10,3.0)+ST2(10,2.0)_SL1.5pct_1-3",1,0
ETH/INR,5m,2026-09-17 to 2026-09-24 (7D),1963,14,2.0,7,3.0,"ST1(14,2.0)+ST2(7,3.0)",1.5%,1:3,1%,1.5,3.0,"ST1(14,2.0)+ST2(7,3.0)",10000,10431.57,431.57,4.32,191.0,1.91,281.97,-58.62,156.65,-58.62,234.975,-58.62,45.45,54.55,2.23,39.23,11,5,6,0,2,2,1.5,1.5,0,0,0,0,91.28,1.5,5,0.5,783.25,351.72,4.5%,"ETH_INR_5m_ST1(14,2.0)+ST2(7,3.0)_SL1.5pct_1-3",1,0
ETH/INR,5m,2026-09-17 to 2026-09-24 (7D),1963,14,2.0,7,3.5,"ST1(14,2.0)+ST2(7,3.5)",1.5%,1:3,1%,1.5,3.0,"ST1(14,2.0)+ST2(7,3.5)",10000,10431.57,431.57,4.32,191.0,1.91,281.97,-58.62,156.65,-58.62,234.975,-58.62,45.45,54.55,2.23,39.23,11,5,6,0,2,2,1.5,1.5,0,0,0,0,91.28,1.5,5,0.5,783.25,351.72,4.5%,"ETH_INR_5m_ST1(14,2.0)+ST2(7,3.5)_SL1.5pct_1-3",1,0
ETH/INR,5m,2026-09-17 to 2026-09-24 (7D),1963,14,2.0,7,4.0,"ST1(14,2.0)+ST2(7,4.0)",1.5%,1:3,1%,1.5,3.0,"ST1(14,2.0)+ST2(7,4.0)",10000,10431.57,431.57,4.32,191.0,1.91,281.97,-58.62,156.65,-58.62,234.975,-58.62,45.45,54.55,2.23,39.23,11,5,6,0,2,2,1.5,1.5,0,0,0,0,91.28,1.5,5,0.5,783.25,351.72,4.5%,"ETH_INR_5m_ST1(14,2.0)+ST2(7,4.0)_SL1.5pct_1-3",1,0
ETH/INR,5m,2026-09-17 to 2026-09-24 (7D),1963,12,4.0,7,2.0,"ST1(12,4.0)+ST2(7,2.0)",1.5%,1:3,1%,1.5,3.0,"ST1(12,4.0)+ST2(7,2.0)",10000,10431.57,431.57,4.32,191.0,1.91,281.97,-58.62,156.65,-58.62,234.975,-58.62,45.45,54.55,2.23,39.23,11,5,6,0,2,2,1.5,1.5,0,0,0,0,91.28,1.5,5,0.5,783.25,351.72,4.5%,"ETH_INR_5m_ST1(12,4.0)+ST2(7,2.0)_SL1.5pct_1-3",1,0
ETH/INR,5m,2026-09-17 to 2026-09-24 (7D),1963,12,4.0,10,2.0,"ST1(12,4.0)+ST2(10,2.0)",1.5%,1:3,1%,1.5,3.0,"ST1(12,4.0)+ST2(10,2.0)",10000,10431.57,431.57,4.32,191.0,1.91,281.97,-58.62,156.65,-58.62,234.975,-58.62,45.45,54.55,2.23,39.23,11,5,6,0,2,2,1.5,1.5,0,0,0,0,91.28,1.5,5,0.5,783.25,351.72,4.5%,"ETH_INR_5m_ST1(12,4.0)+ST2(10,2.0)_SL1.5pct_1-3",1,0
ETH/INR,5m,2026-09-17 to 2026-09-24 (7D),1963,14,4.0,10,2.0,"ST1(14,4.0)+ST2(10,2.0)",1.5%,1:3,1%,1.5,3.0,"ST1(14,4.0)+ST2(10,2.0)",10000,10431.57,431.57,4.32,191.0,1.91,281.97,-58.62,156.65,-58.62,234.975,-58.62,45.45,54.55,2.23,39.23,11,5,6,0,2,2,1.5,1.5,0,0,0,0,91.28,1.5,5,0.5,783.25,351.72,4.5%,"ETH_INR_5m_ST1(14,4.0)+ST2(10,2.0)_SL1.5pct_1-3",1,0
ETH/INR,5m,2026-09-17 to 2026-09-24 (7D),1963,7,2.0,14,3.0,"ST1(7,2.0)+ST2(14,3.0)",1.5%,1:3,1%,1.5,3.0,"ST1(7,2.0)+ST2(14,3.0)",10000,10431.57,431.57,4.32,191.0,1.91,281.97,-58.62,156.65,-58.62,234.975,-58.62,45.45,54.55,2.23,39.23,11,5,6,0,2,2,1.5,1.5,0,0,0,0,91.28,1.5,5,0.5,783.25,351.72,4.5%,"ETH_INR_5m_ST1(7,2.0)+ST2(14,3.0)_SL1.5pct_1-3",1,0
ETH/INR,5m,2026-09-17 to 2026-09-24 (7D),1963,14,2.0,12,3.5,"ST1(14,2.0)+ST2(12,3.5)",1.5%,1:3,1%,1.5,3.0,"ST1(14,2.0)+ST2(12,3.5)",10000,10431.57,431.57,4.32,191.0,1.91,281.97,-58.62,156.65,-58.62,234.975,-58.62,45.45,54.55,2.23,39.23,11,5,6,0,2,2,1.5,1.5,0,0,0,0,91.28,1.5,5,0.5,783.25,351.72,4.5%,"ETH_INR_5m_ST1(14,2.0)+ST2(12,3.5)_SL1.5pct_1-3",1,0
ETH/INR,5m,2026-09-17 to 2026-09-24 (7D),1963,10,4.0,10,2.0,"ST1(10,4.0)+ST2(10,2.0)",1.5%,1:3,1%,1.5,3.0,"ST1(10,4.0)+ST2(10,2.0)",10000,10431.57,431.57,4.32,191.0,1.91,281.97,-58.62,156.65,-58.62,234.975,-58.62,45.45,54.55,2.23,39.23,11,5,6,0,2,2,1.5,1.5,0,0,0,0,91.28,1.5,5,0.5,783.25,351.72,4.5%,"ETH_INR_5m_ST1(10,4.0)+ST2(10,2.0)_SL1.5pct_1-3",1,0
ETH/INR,5m,2026-09-17 to 2026-09-24 (7D),1963,10,4.0,7,2.0,"ST1(10,4.0)+ST2(7,2.0)",1.5%,1:3,1%,1.5,3.0,"ST1(10,4.0)+ST2(7,2.0)",10000,10431.57,431.57,4.32,191.0,1.91,281.97,-58.62,156.65,-58.62,234.975,-58.62,45.45,54.55,2.23,39.23,11,5,6,0,2,2,1.5,1.5,0,0,0,0,91.28,1.5,5,0.5,783.25,351.72,4.5%,"ETH_INR_5m_ST1(10,4.0)+ST2(7,2.0)_SL1.5pct_1-3",1,0
ETH/INR,5m,2026-09-17 to 2026-09-24 (7D),1963,12,3.5,14,2.0,"ST1(12,3.5)+ST2(14,2.0)",1.5%,1:3,1%,1.5,3.0,"ST1(12,3.5)+ST2(14,2.0)",10000,10431.57,431.57,4.32,191.0,1.91,281.97,-58.62,156.65,-58.62,234.975,-58.62,45.45,54.55,2.23,39.23,11,5,6,0,2,2,1.5,1.5,0,0,0,0,91.28,1.5,5,0.5,783.25,351.72,4.5%,"ETH_INR_5m_ST1(12,3.5)+ST2(14,2.0)_SL1.5pct_1-3",1,0
ETH/INR,5m,2026-09-17 to 2026-09-24 (7D),1963,10,3.5,10,2.0,"ST1(10,3.5)+ST2(10,2.0)",1.5%,1:3,1%,1.5,3.0,"ST1(10,3.5)+ST2(10,2.0)",10000,10431.57,431.57,4.32,191.0,1.91,281.97,-58.62,156.65,-58.62,234.975,-58.62,45.45,54.55,2.23,39.23,11,5,6,0,2,2,1.5,1.5,0,0,0,0,91.28,1.5,5,0.5,783.25,351.72,4.5%,"ETH_INR_5m_ST1(10,3.5)+ST2(10,2.0)_SL1.5pct_1-3",1,0
ETH/INR,5m,2026-09-17 to 2026-09-24 (7D),1963,14,3.5,10,2.0,"ST1(14,3.5)+ST2(10,2.0)",1.5%,1:3,1%,1.5,3.0,"ST1(14,3.5)+ST2(10,2.0)",10000,10431.57,431.57,4.32,191.0,1.91,281.97,-58.62,156.65,-58.62,234.975,-58.62,45.45,54.55,2.23,39.23,11,5,6,0,2,2,1.5,1.5,0,0,0,0,91.28,1.5,5,0.5,783.25,351.72,4.5%,"ETH_INR_5m_ST1(14,3.5)+ST2(10,2.0)_SL1.5pct_1-3",1,0
ETH/INR,5m,2026-09-17 to 2026-09-24 (7D),1963,14,3.5,14,2.0,"ST1(14,3.5)+ST2(14,2.0)",1.5%,1:3,1%,1.5,3.0,"ST1(14,3.5)+ST2(14,2.0)",10000,10431.57,431.57,4.32,191.0,1.91,281.97,-58.62,156.65,-58.62,234.975,-58.62,45.45,54.55,2.23,39.23,11,5,6,0,2,2,1.5,1.5,0,0,0,0,91.28,1.5,5,0.5,783.25,351.72,4.5%,"ETH_INR_5m_ST1(14,3.5)+ST2(14,2.0)_SL1.5pct_1-3",1,0
ETH/INR,5m,2026-09-17 to 2026-09-24 (7D),1963,14,4.0,14,2.0,"ST1(14,4.0)+ST2(14,2.0)",1.5%,1:3,1%,1.5,3.0,"ST1(14,4.0)+ST2(14,2.0)",10000,10431.57,431.57,4.32,191.0,1.91,281.97,-58.62,156.65,-58.62,234.975,-58.62,45.45,54.55,2.23,39.23,11,5,6,0,2,2,1.5,1.5,0,0,0,0,91.28,1.5,5,0.5,783.25,351.72,4.5%,"ETH_INR_5m_ST1(14,4.0)+ST2(14,2.0)_SL1.5pct_1-3",1,0
ETH/INR,5m,2026-09-17 to 2026-09-24 (7D),1963,14,3.5,7,2.0,"ST1(14,3.5)+ST2(7,2.0)",1.5%,1:3,1%,1.5,3.0,"ST1(14,3.5)+ST2(7,2.0)",10000,10431.57,431.57,4.32,191.0,1.91,281.97,-58.62,156.65,-58.62,234.975,-58.62,45.45,54.55,2.23,39.23,11,5,6,0,2,2,1.5,1.5,0,0,0,0,91.28,1.5,5,0.5,783.25,351.72,4.5%,"ETH_INR_5m_ST1(14,3.5)+ST2(7,2.0)_SL1.5pct_1-3",1,0
ETH/INR,5m,2026-09-17 to 2026-09-24 (7D),1963,14,4.0,7,2.0,"ST1(14,4.0)+ST2(7,2.0)",1.5%,1:3,1%,1.5,3.0,"ST1(14,4.0)+ST2(7,2.0)",10000,10431.57,431.57,4.32,191.0,1.91,281.97,-58.62,156.65,-58.62,234.975,-58.62,45.45,54.55,2.23,39.23,11,5,6,0,2,2,1.5,1.5,0,0,0,0,91.28,1.5,5,0.5,783.25,351.72,4.5%,"ETH_INR_5m_ST1(14,4.0)+ST2(7,2.0)_SL1.5pct_1-3",1,0
ETH/INR,5m,2026-09-17 to 2026-09-24 (7D),1963,7,3.5,7,2.0,"ST1(7,3.5)+ST2(7,2.0)",1.5%,1:3,1%,1.5,3.0,"ST1(7,3.5)+ST2(7,2.0)",10000,10431.57,431.57,4.32,191.0,1.91,281.97,-58.62,156.65,-58.62,234.975,-58.62,45.45,54.55,2.23,39.23,11,5,6,0,2,2,1.5,1.5,0,0,0,0,91.28,1.5,5,0.5,783.25,351.72,4.5%,"ETH_INR_5m_ST1(7,3.5)+ST2(7,2.0)_SL1.5pct_1-3",1,0
ETH/INR,5m,2026-09-17 to 2026-09-24 (7D),1963,14,2.0,14,4.0,"ST1(14,2.0)+ST2(14,4.0)",1.5%,1:3,1%,1.5,3.0,"ST1(14,2.0)+ST2(14,4.0)",10000,10431.57,431.57,4.32,191.0,1.91,281.97,-58.62,156.65,-58.62,234.975,-58.62,45.45,54.55,2.23,39.23,11,5,6,0,2,2,1.5,1.5,0,0,0,0,91.28,1.5,5,0.5,783.25,351.72,4.5%,"ETH_INR_5m_ST1(14,2.0)+ST2(14,4.0)_SL1.5pct_1-3",1,0
ETH/INR,5m,2026-09-17 to 2026-09-24 (7D),1963,10,2.0,12,4.0,"ST1(10,2.0)+ST2(12,4.0)",1.5%,1:3,1%,1.5,3.0,"ST1(10,2.0)+ST2(12,4.0)",10000,10431.57,431.57,4.32,191.0,1.91,281.97,-58.62,156.65,-58.62,234.975,-58.62,45.45,54.55,2.23,39.23,11,5,6,0,2,2,1.5,1.5,0,0,0,0,91.28,1.5,5,0.5,783.25,351.72,4.5%,"ETH_INR_5m_ST1(10,2.0)+ST2(12,4.0)_SL1.5pct_1-3",1,0
ETH/INR,5m,2026-09-17 to 2026-09-24 (7D),1963,10,2.0,12,3.5,"ST1(10,2.0)+ST2(12,3.5)",1.5%,1:3,1%,1.5,3.0,"ST1(10,2.0)+ST2(12,3.5)",10000,10431.57,431.57,4.32,191.0,1.91,281.97,-58.62,156.65,-58.62,234.975,-58.62,45.45,54.55,2.23,39.23,11,5,6,0,2,2,1.5,1.5,0,0,0,0,91.28,1.5,5,0.5,783.25,351.72,4.5%,"ETH_INR_5m_ST1(10,2.0)+ST2(12,3.5)_SL1.5pct_1-3",1,0
ETH/INR,5m,2026-09-17 to 2026-09-24 (7D),1963,7,2.0,7,3.5,"ST1(7,2.0)+ST2(7,3.5)",1.5%,1:3,1%,1.5,3.0,"ST1(7,2.0)+ST2(7,3.5)",10000,10431.57,431.57,4.32,191.0,1.91,281.97,-58.62,156.65,-58.62,234.975,-58.62,45.45,54.55,2.23,39.23,11,5,6,0,2,2,1.5,1.5,0,0,0,0,91.28,1.5,5,0.5,783.25,351.72,4.5%,"ETH_INR_5m_ST1(7,2.0)+ST2(7,3.5)_SL1.5pct_1-3",1,0
ETH/INR,5m,2026-09-17 to 2026-09-24 (7D),1963,10,2.0,14,3.0,"ST1(10,2.0)+ST2(14,3.0)",1.5%,1:3,1%,1.5,3.0,"ST1(10,2.0)+ST2(14,3.0)",10000,10431.57,431.57,4.32,191.0,1.91,281.97,-58.62,156.65,-58.62,234.975,-58.62,45.45,54.55,2.23,39.23,11,5,6,0,2,2,1.5,1.5,0,0,0,0,91.28,1.5,5,0.5,783.25,351.72,4.5%,"ETH_INR_5m_ST1(10,2.0)+ST2(14,3.0)_SL1.5pct_1-3",1,0
ETH/INR,5m,2026-09-17 to 2026-09-24 (7D),1963,7,2.0,7,3.0,"ST1(7,2.0)+ST2(7,3.0)",1.5%,1:3,1%,1.5,3.0,"ST1(7,2.0)+ST2(7,3.0)",10000,10431.57,431.57,4.32,191.0,1.91,281.97,-58.62,156.65,-58.62,234.975,-58.62,45.45,54.55,2.23,39.23,11,5,6,0,2,2,1.5,1.5,0,0,0,0,91.28,1.5,5,0.5,783.25,351.72,4.5%,"ETH_INR_5m_ST1(7,2.0)+ST2(7,3.0)_SL1.5pct_1-3",1,0
ETH/INR,5m,2026-09-17 to 2026-09-24 (7D),1963,10,2.0,14,4.0,"ST1(10,2.0)+ST2(14,4.0)",1.5%,1:3,1%,1.5,3.0,"ST1(10,2.0)+ST2(14,4.0)",10000,10431.57,431.57,4.32,191.0,1.91,281.97,-58.62,156.65,-58.62,234.975,-58.62,45.45,54.55,2.23,39.23,11,5,6,0,2,2,1.5,1.5,0,0,0,0,91.28,1.5,5,0.5,783.25,351.72,4.5%,"ETH_INR_5m_ST1(10,2.0)+ST2(14,4.0)_SL1.5pct_1-3",1,0
ETH/INR,5m,2026-09-17 to 2026-09-24 (7D),1963,10,2.0,14,3.5,"ST1(10,2.0)+ST2(14,3.5)",1.5%,1:3,1%,1.5,3.0,"ST1(10,2.0)+ST2(14,3.5)",10000,10431.57,431.57,4.32,191.0,1.91,281.97,-58.62,156.65,-58.62,234.975,-58.62,45.45,54.55,2.23,39.23,11,5,6,0,2,2,1.5,1.5,0,0,0,0,91.28,1.5,5,0.5,783.25,351.72,4.5%,"ETH_INR_5m_ST1(10,2.0)+ST2(14,3.5)_SL1.5pct_1-3",1,0
ETH/INR,5m,2026-09-17 to 2026-09-24 (7D),1963,10,2.0,7,3.5,"ST1(10,2.0)+ST2(7,3.5)",1.5%,1:3,1%,1.5,3.0,"ST1(10,2.0)+ST2(7,3.5)",10000,10431.57,431.57,4.32,191.0,1.91,281.97,-58.62,156.65,-58.62,234.975,-58.62,45.45,54.55,2.23,39.23,11,5,6,0,2,2,1.5,1.5,0,0,0,0,91.28,1.5,5,0.5,783.25,351.72,4.5%,"ETH_INR_5m_ST1(10,2.0)+ST2(7,3.5)_SL1.5pct_1-3",1,0
ETH/INR,5m,2026-09-17 to 2026-09-24 (7D),1963,10,2.0,10,4.0,"ST1(10,2.0)+ST2(10,4.0)",1.5%,1:3,1%,1.5,3.0,"ST1(10,2.0)+ST2(10,4.0)",10000,10431.57,431.57,4.32,191.0,1.91,281.97,-58.62,156.65,-58.62,234.975,-58.62,45.45,54.55,2.23,39.23,11,5,6,0,2,2,1.5,1.5,0,0,0,0,91.28,1.5,5,0.5,783.25,351.72,4.5%,"ETH_INR_5m_ST1(10,2.0)+ST2(10,4.0)_SL1.5pct_1-3",1,0
ETH/INR,5m,2026-09-17 to 2026-09-24 (7D),1963,10,2.0,12,3.0,"ST1(10,2.0)+ST2(12,3.0)",1.5%,1:3,1%,1.5,3.0,"ST1(10,2.0)+ST2(12,3.0)",10000,10431.57,431.57,4.32,191.0,1.91,281.97,-58.62,156.65,-58.62,234.975,-58.62,45.45,54.55,2.23,39.23,11,5,6,0,2,2,1.5,1.5,0,0,0,0,91.28,1.5,5,0.5,783.25,351.72,4.5%,"ETH_INR_5m_ST1(10,2.0)+ST2(12,3.0)_SL1.5pct_1-3",1,0
ETH/INR,5m,2026-09-17 to 2026-09-24 (7D),1963,10,2.0,10,3.0,"ST1(10,2.0)+ST2(10,3.0)",1.5%,1:3,1%,1.5,3.0,"ST1(10,2.0)+ST2(10,3.0)",10000,10431.57,431.57,4.32,191.0,1.91,281.97,-58.62,156.65,-58.62,234.975,-58.62,45.45,54.55,2.23,39.23,11,5,6,0,2,2,1.5,1.5,0,0,0,0,91.28,1.5,5,0.5,783.25,351.72,4.5%,"ETH_INR_5m_ST1(10,2.0)+ST2(10,3.0)_SL1.5pct_1-3",1,0
ETH/INR,5m,2026-09-17 to 2026-09-24 (7D),1963,10,2.0,10,3.5,"ST1(10,2.0)+ST2(10,3.5)",1.5%,1:3,1%,1.5,3.0,"ST1(10,2.0)+ST2(10,3.5)",10000,10431.57,431.57,4.32,191.0,1.91,281.97,-58.62,156.65,-58.62,234.975,-58.62,45.45,54.55,2.23,39.23,11,5,6,0,2,2,1.5,1.5,0,0,0,0,91.28,1.5,5,0.5,783.25,351.72,4.5%,"ETH_INR_5m_ST1(10,2.0)+ST2(10,3.5)_SL1.5pct_1-3",1,0
ETH/INR,5m,2026-09-17 to 2026-09-24 (7D),1963,7,2.0,14,3.5,"ST1(7,2.0)+ST2(14,3.5)",1.5%,1:3,1%,1.5,3.0,"ST1(7,2.0)+ST2(14,3.5)",10000,10431.57,431.57,4.32,191.0,1.91,281.97,-58.62,156.65,-58.62,234.975,-58.62,45.45,54.55,2.23,39.23,11,5,6,0,2,2,1.5,1.5,0,0,0,0,91.28,1.5,5,0.5,783.25,351.72,4.5%,"ETH_INR_5m_ST1(7,2.0)+ST2(14,3.5)_SL1.5pct_1-3",1,0
ETH/INR,5m,2026-09-17 to 2026-09-24 (7D),1963,7,2.0,14,4.0,"ST1(7,2.0)+ST2(14,4.0)",1.5%,1:3,1%,1.5,3.0,"ST1(7,2.0)+ST2(14,4.0)",10000,10431.57,431.57,4.32,191.0,1.91,281.97,-58.62,156.65,-58.62,234.975,-58.62,45.45,54.55,2.23,39.23,11,5,6,0,2,2,1.5,1.5,0,0,0,0,91.28,1.5,5,0.5,783.25,351.72,4.5%,"ETH_INR_5m_ST1(7,2.0)+ST2(14,4.0)_SL1.5pct_1-3",1,0
ETH/INR,5m,2026-09-17 to 2026-09-24 (7D),1963,7,3.0,7,2.0,"ST1(7,3.0)+ST2(7,2.0)",1.5%,1:3,1%,1.5,3.0,"ST1(7,3.0)+ST2(7,2.0)",10000,10431.57,431.57,4.32,191.0,1.91,281.97,-58.62,156.65,-58.62,234.975,-58.62,45.45,54.55,2.23,39.23,11,5,6,0,2,2,1.5,1.5,0,0,0,0,91.28,1.5,5,0.5,783.25,351.72,4.5%,"ETH_INR_5m_ST1(7,3.0)+ST2(7,2.0)_SL1.5pct_1-3",1,0
ETH/INR,5m,2026-09-17 to 2026-09-24 (7D),1963,7,3.0,10,2.0,"ST1(7,3.0)+ST2(10,2.0)",1.5%,1:3,1%,1.5,3.0,"ST1(7,3.0)+ST2(10,2.0)",10000,10431.57,431.57,4.32,191.0,1.91,281.97,-58.62,156.65,-58.62,234.975,-58.62,45.45,54.55,2.23,39.23,11,5,6,0,2,2,1.5,1.5,0,0,0,0,91.28,1.5,5,0.5,783.25,351.72,4.5%,"ETH_INR_5m_ST1(7,3.0)+ST2(10,2.0)_SL1.5pct_1-3",1,0
ETH/INR,5m,2026-09-17 to 2026-09-24 (7D),1963,7,2.0,12,3.0,"ST1(7,2.0)+ST2(12,3.0)",1.5%,1:3,1%,1.5,3.0,"ST1(7,2.0)+ST2(12,3.0)",10000,10431.57,431.57,4.32,191.0,1.91,281.97,-58.62,156.65,-58.62,234.975,-58.62,45.45,54.55,2.23,39.23,11,5,6,0,2,2,1.5,1.5,0,0,0,0,91.28,1.5,5,0.5,783.25,351.72,4.5%,"ETH_INR_5m_ST1(7,2.0)+ST2(12,3.0)_SL1.5pct_1-3",1,0
ETH/INR,5m,2026-09-17 to 2026-09-24 (7D),1963,7,3.0,14,2.0,"ST1(7,3.0)+ST2(14,2.0)",1.5%,1:3,1%,1.5,3.0,"ST1(7,3.0)+ST2(14,2.0)",10000,10431.57,431.57,4.32,191.0,1.91,281.97,-58.62,156.65,-58.62,234.975,-58.62,45.45,54.55,2.23,39.23,11,5,6,0,2,2,1.5,1.5,0,0,0,0,91.28,1.5,5,0.5,783.25,351.72,4.5%,"ETH_INR_5m_ST1(7,3.0)+ST2(14,2.0)_SL1.5pct_1-3",1,0
ETH/INR,5m,2026-09-17 to 2026-09-24 (7D),1963,10,2.0,7,4.0,"ST1(10,2.0)+ST2(7,4.0)",1.5%,1:3,1%,1.5,3.0,"ST1(10,2.0)+ST2(7,4.0)",10000,10431.57,431.57,4.32,191.0,1.91,281.97,-58.62,156.65,-58.62,234.975,-58.62,45.45,54.55,2.23,39.23,11,5,6,0,2,2,1.5,1.5,0,0,0,0,91.28,1.5,5,0.5,783.25,351.72,4.5%,"ETH_INR_5m_ST1(10,2.0)+ST2(7,4.0)_SL1.5pct_1-3",1,0
ETH/INR,5m,2026-09-17 to 2026-09-24 (7D),1963,12,4.0,14,2.0,"ST1(12,4.0)+ST2(14,2.0)",1.5%,1:3,1%,1.5,3.0,"ST1(12,4.0)+ST2(14,2.0)",10000,10431.57,431.57,4.32,191.0,1.91,281.97,-58.62,156.65,-58.62,234.975,-58.62,45.45,54.55,2.23,39.23,11,5,6,0,2,2,1.5,1.5,0,0,0,0,91.28,1.5,5,0.5,783.25,351.72,4.5%,"ETH_INR_5m_ST1(12,4.0)+ST2(14,2.0)_SL1.5pct_1-3",1,0
ETH/INR,5m,2026-09-17 to 2026-09-24 (7D),1963,14,3.0,14,2.0,"ST1(14,3.0)+ST2(14,2.0)",1.5%,1:3,1%,1.5,3.0,"ST1(14,3.0)+ST2(14,2.0)",10000,10431.57,431.57,4.32,191.0,1.91,281.97,-58.62,156.65,-58.62,234.975,-58.62,45.45,54.55,2.23,39.23,11,5,6,0,2,2,1.5,1.5,0,0,0,0,91.28,1.5,5,0.5,783.25,351.72,4.5%,"ETH_INR_5m_ST1(14,3.0)+ST2(14,2.0)_SL1.5pct_1-3",1,0
ETH/INR,5m,2026-09-17 to 2026-09-24 (7D),1963,14,3.0,10,2.0,"ST1(14,3.0)+ST2(10,2.0)",1.5%,1:3,1%,1.5,3.0,"ST1(14,3.0)+ST2(10,2.0)",10000,10431.57,431.57,4.32,191.0,1.91,281.97,-58.62,156.65,-58.62,234.975,-58.62,45.45,54.55,2.23,39.23,11,5,6,0,2,2,1.5,1.5,0,0,0,0,91.28,1.5,5,0.5,783.25,351.72,4.5%,"ETH_INR_5m_ST1(14,3.0)+ST2(10,2.0)_SL1.5pct_1-3",1,0
ETH/INR,5m,2026-09-17 to 2026-09-24 (7D),1963,14,3.0,7,2.0,"ST1(14,3.0)+ST2(7,2.0)",1.5%,1:3,1%,1.5,3.0,"ST1(14,3.0)+ST2(7,2.0)",10000,10431.57,431.57,4.32,191.0,1.91,281.97,-58.62,156.65,-58.62,234.975,-58.62,45.45,54.55,2.23,39.23,11,5,6,0,2,2,1.5,1.5,0,0,0,0,91.28,1.5,5,0.5,783.25,351.72,4.5%,"ETH_INR_5m_ST1(14,3.0)+ST2(7,2.0)_SL1.5pct_1-3",1,0
ETH/INR,5m,2026-09-17 to 2026-09-24 (7D),1963,12,3.5,10,2.0,"ST1(12,3.5)+ST2(10,2.0)",1.5%,1:3,1%,1.5,3.0,"ST1(12,3.5)+ST2(10,2.0)",10000,10431.57,431.57,4.32,191.0,1.91,281.97,-58.62,156.65,-58.62,234.975,-58.62,45.45,54.55,2.23,39.23,11,5,6,0,2,2,1.5,1.5,0,0,0,0,91.28,1.5,5,0.5,783.25,351.72,4.5%,"ETH_INR_5m_ST1(12,3.5)+ST2(10,2.0)_SL1.5pct_1-3",1,0
ETH/INR,5m,2026-09-17 to 2026-09-24 (7D),1963,12,3.5,7,2.0,"ST1(12,3.5)+ST2(7,2.0)",1.5%,1:3,1%,1.5,3.0,"ST1(12,3.5)+ST2(7,2.0)",10000,10431.57,431.57,4.32,191.0,1.91,281.97,-58.62,156.65,-58.62,234.975,-58.62,45.45,54.55,2.23,39.23,11,5,6,0,2,2,1.5,1.5,0,0,0,0,91.28,1.5,5,0.5,783.25,351.72,4.5%,"ETH_INR_5m_ST1(12,3.5)+ST2(7,2.0)_SL1.5pct_1-3",1,0
ETH/INR,5m,2026-09-17 to 2026-09-24 (7D),1963,12,3.0,14,2.0,"ST1(12,3.0)+ST2(14,2.0)",1.5%,1:3,1%,1.5,3.0,"ST1(12,3.0)+ST2(14,2.0)",10000,10431.57,431.57,4.32,191.0,1.91,281.97,-58.62,156.65,-58.62,234.975,-58.62,45.45,54.55,2.23,39.23,11,5,6,0,2,2,1.5,1.5,0,0,0,0,91.28,1.5,5,0.5,783.25,351.72,4.5%,"ETH_INR_5m_ST1(12,3.0)+ST2(14,2.0)_SL1.5pct_1-3",1,0
ETH/INR,5m,2026-09-17 to 2026-09-24 (7D),1963,12,3.0,10,2.0,"ST1(12,3.0)+ST2(10,2.0)",1.5%,1:3,1%,1.5,3.0,"ST1(12,3.0)+ST2(10,2.0)",10000,10431.57,431.57,4.32,191.0,1.91,281.97,-58.62,156.65,-58.62,234.975,-58.62,45.45,54.55,2.23,39.23,11,5,6,0,2,2,1.5,1.5,0,0,0,0,91.28,1.5,5,0.5,783.25,351.72,4.5%,"ETH_INR_5m_ST1(12,3.0)+ST2(10,2.0)_SL1.5pct_1-3",1,0
ETH/INR,5m,2026-09-17 to 2026-09-24 (7D),1963,12,3.0,7,2.0,"ST1(12,3.0)+ST2(7,2.0)",1.5%,1:3,1%,1.5,3.0,"ST1(12,3.0)+ST2(7,2.0)",10000,10431.57,431.57,4.32,191.0,1.91,281.97,-58.62,156.65,-58.62,234.975,-58.62,45.45,54.55,2.23,39.23,11,5,6,0,2,2,1.5,1.5,0,0,0,0,91.28,1.5,5,0.5,783.25,351.72,4.5%,"ETH_INR_5m_ST1(12,3.0)+ST2(7,2.0)_SL1.5pct_1-3",1,0
ETH/INR,5m,2026-09-17 to 2026-09-24 (7D),1963,14,2.0,12,3.0,"ST1(14,2.0)+ST2(12,3.0)",1.5%,1:3,1%,1.5,3.0,"ST1(14,2.0)+ST2(12,3.0)",10000,10431.57,431.57,4.32,191.0,1.91,281.97,-58.62,156.65,-58.62,234.975,-58.62,45.45,54.55,2.23,39.23,11,5,6,0,2,2,1.5,1.5,0,0,0,0,91.28,1.5,5,0.5,783.25,351.72,4.5%,"ETH_INR_5m_ST1(14,2.0)+ST2(12,3.0)_SL1.5pct_1-3",1,0
ETH/INR,5m,2026-09-17 to 2026-09-24 (7D),1963,14,2.0,10,4.0,"ST1(14,2.0)+ST2(10,4.0)",1.5%,1:3,1%,1.5,3.0,"ST1(14,2.0)+ST2(10,4.0)",10000,10431.57,431.57,4.32,191.0,1.91,281.97,-58.62,156.65,-58.62,234.975,-58.62,45.45,54.55,2.23,39.23,11,5,6,0,2,2,1.5,1.5,0,0,0,0,91.28,1.5,5,0.5,783.25,351.72,4.5%,"ETH_INR_5m_ST1(14,2.0)+ST2(10,4.0)_SL1.5pct_1-3",1,0
ETH/INR,5m,2026-09-17 to 2026-09-24 (7D),1963,14,2.0,10,3.5,"ST1(14,2.0)+ST2(10,3.5)",1.5%,1:3,1%,1.5,3.0,"ST1(14,2.0)+ST2(10,3.5)",10000,10431.57,431.57,4.32,191.0,1.91,281.97,-58.62,156.65,-58.62,234.975,-58.62,45.45,54.55,2.23,39.23,11,5,6,0,2,2,1.5,1.5,0,0,0,0,91.28,1.5,5,0.5,783.25,351.72,4.5%,"ETH_INR_5m_ST1(14,2.0)+ST2(10,3.5)_SL1.5pct_1-3",1,0
ETH/INR,5m,2026-09-17 to 2026-09-24 (7D),1963,10,3.5,14,2.0,"ST1(10,3.5)+ST2(14,2.0)",1.5%,1:3,1%,1.5,3.0,"ST1(10,3.5)+ST2(14,2.0)",10000,10431.57,431.57,4.32,191.0,1.91,281.97,-58.62,156.65,-58.62,234.975,-58.62,45.45,54.55,2.23,39.23,11,5,6,0,2,2,1.5,1.5,0,0,0,0,91.28,1.5,5,0.5,783.25,351.72,4.5%,"ETH_INR_5m_ST1(10,3.5)+ST2(14,2.0)_SL1.5pct_1-3",1,0
ETH/INR,5m,2026-09-17 to 2026-09-24 (7D),1963,7,2.0,10,3.5,"ST1(7,2.0)+ST2(10,3.5)",1.5%,1:3,1%,1.5,3.0,"ST1(7,2.0)+ST2(10,3.5)",10000,10431.57,431.57,4.32,191.0,1.91,281.97,-58.62,156.65,-58.62,234.975,-58.62,45.45,54.55,2.23,39.23,11,5,6,0,2,2,1.5,1.5,0,0,0,0,91.28,1.5,5,0.5,783.25,351.72,4.5%,"ETH_INR_5m_ST1(7,2.0)+ST2(10,3.5)_SL1.5pct_1-3",1,0
ETH/INR,5m,2026-09-17 to 2026-09-24 (7D),1963,7,2.0,10,3.0,"ST1(7,2.0)+ST2(10,3.0)",1.5%,1:3,1%,1.5,3.0,"ST1(7,2.0)+ST2(10,3.0)",10000,10431.57,431.57,4.32,191.0,1.91,281.97,-58.62,156.65,-58.62,234.975,-58.62,45.45,54.55,2.23,39.23,11,5,6,0,2,2,1.5,1.5,0,0,0,0,91.28,1.5,5,0.5,783.25,351.72,4.5%,"ETH_INR_5m_ST1(7,2.0)+ST2(10,3.0)_SL1.5pct_1-3",1,0
ETH/INR,5m,2026-09-17 to 2026-09-24 (7D),1963,7,3.5,10,2.0,"ST1(7,3.5)+ST2(10,2.0)",1.5%,1:3,1%,1.5,3.0,"ST1(7,3.5)+ST2(10,2.0)",10000,10431.57,431.57,4.32,191.0,1.91,281.97,-58.62,156.65,-58.62,234.975,-58.62,45.45,54.55,2.23,39.23,11,5,6,0,2,2,1.5,1.5,0,0,0,0,91.28,1.5,5,0.5,783.25,351.72,4.5%,"ETH_INR_5m_ST1(7,3.5)+ST2(10,2.0)_SL1.5pct_1-3",1,0
ETH/INR,5m,2026-09-17 to 2026-09-24 (7D),1963,7,3.5,14,2.0,"ST1(7,3.5)+ST2(14,2.0)",1.5%,1:3,1%,1.5,3.0,"ST1(7,3.5)+ST2(14,2.0)",10000,10431.57,431.57,4.32,191.0,1.91,281.97,-58.62,156.65,-58.62,234.975,-58.62,45.45,54.55,2.23,39.23,11,5,6,0,2,2,1.5,1.5,0,0,0,0,91.28,1.5,5,0.5,783.25,351.72,4.5%,"ETH_INR_5m_ST1(7,3.5)+ST2(14,2.0)_SL1.5pct_1-3",1,0
ETH/INR,5m,2026-09-17 to 2026-09-24 (7D),1963,7,2.0,7,4.0,"ST1(7,2.0)+ST2(7,4.0)",1.5%,1:3,1%,1.5,3.0,"ST1(7,2.0)+ST2(7,4.0)",10000,10431.57,431.57,4.32,191.0,1.91,281.97,-58.62,156.65,-58.62,234.975,-58.62,45.45,54.55,2.23,39.23,11,5,6,0,2,2,1.5,1.5,0,0,0,0,91.28,1.5,5,0.5,783.25,351.72,4.5%,"ETH_INR_5m_ST1(7,2.0)+ST2(7,4.0)_SL1.5pct_1-3",1,0
ETH/INR,5m,2026-09-17 to 2026-09-24 (7D),1963,14,2.0,12,4.0,"ST1(14,2.0)+ST2(12,4.0)",1.5%,1:3,1%,1.5,3.0,"ST1(14,2.0)+ST2(12,4.0)",10000,10431.57,431.57,4.32,191.0,1.91,281.97,-58.62,156.65,-58.62,234.975,-58.62,45.45,54.55,2.23,39.23,11,5,6,0,2,2,1.5,1.5,0,0,0,0,91.28,1.5,5,0.5,783.25,351.72,4.5%,"ETH_INR_5m_ST1(14,2.0)+ST2(12,4.0)_SL1.5pct_1-3",1,0
ETH/INR,5m,2026-09-17 to 2026-09-24 (7D),1963,14,2.0,14,3.0,"ST1(14,2.0)+ST2(14,3.0)",1.5%,1:3,1%,1.5,3.0,"ST1(14,2.0)+ST2(14,3.0)",10000,10431.57,431.57,4.32,191.0,1.91,281.97,-58.62,156.65,-58.62,234.975,-58.62,45.45,54.55,2.23,39.23,11,5,6,0,2,2,1.5,1.5,0,0,0,0,91.28,1.5,5,0.5,783.25,351.72,4.5%,"ETH_INR_5m_ST1(14,2.0)+ST2(14,3.0)_SL1.5pct_1-3",1,0
ETH/INR,5m,2026-09-17 to 2026-09-24 (7D),1963,14,2.0,14,3.5,"ST1(14,2.0)+ST2(14,3.5)",1.5%,1:3,1%,1.5,3.0,"ST1(14,2.0)+ST2(14,3.5)",10000,10431.57,431.57,4.32,191.0,1.91,281.97,-58.62,156.65,-58.62,234.975,-58.62,45.45,54.55,2.23,39.23,11,5,6,0,2,2,1.5,1.5,0,0,0,0,91.28,1.5,5,0.5,783.25,351.72,4.5%,"ETH_INR_5m_ST1(14,2.0)+ST2(14,3.5)_SL1.5pct_1-3",1,0
ETH/INR,5m,2026-09-17 to 2026-09-24 (7D),1963,7,4.0,7,2.0,"ST1(7,4.0)+ST2(7,2.0)",1.5%,1:3,1%,1.5,3.0,"ST1(7,4.0)+ST2(7,2.0)",10000,10431.57,431.57,4.32,191.0,1.91,281.97,-58.62,156.65,-58.62,234.975,-58.62,45.45,54.55,2.23,39.23,11,5,6,0,2,2,1.5,1.5,0,0,0,0,91.28,1.5,5,0.5,783.25,351.72,4.5%,"ETH_INR_5m_ST1(7,4.0)+ST2(7,2.0)_SL1.5pct_1-3",1,0
ETH/INR,5m,2026-09-17 to 2026-09-24 (7D),1963,7,4.0,10,2.0,"ST1(7,4.0)+ST2(10,2.0)",1.5%,1:3,1%,1.5,3.0,"ST1(7,4.0)+ST2(10,2.0)",10000,10431.57,431.57,4.32,191.0,1.91,281.97,-58.62,156.65,-58.62,234.975,-58.62,45.45,54.55,2.23,39.23,11,5,6,0,2,2,1.5,1.5,0,0,0,0,91.28,1.5,5,0.5,783.25,351.72,4.5%,"ETH_INR_5m_ST1(7,4.0)+ST2(10,2.0)_SL1.5pct_1-3",1,0
ETH/INR,5m,2026-09-17 to 2026-09-24 (7D),1963,7,2.0,10,4.0,"ST1(7,2.0)+ST2(10,4.0)",1.5%,1:3,1%,1.5,3.0,"ST1(7,2.0)+ST2(10,4.0)",10000,10431.57,431.57,4.32,191.0,1.91,281.97,-58.62,156.65,-58.62,234.975,-58.62,45.45,54.55,2.23,39.23,11,5,6,0,2,2,1.5,1.5,0,0,0,0,91.28,1.5,5,0.5,783.25,351.72,4.5%,"ETH_INR_5m_ST1(7,2.0)+ST2(10,4.0)_SL1.5pct_1-3",1,0
ETH/INR,5m,2026-09-17 to 2026-09-24 (7D),1963,10,3.0,7,2.0,"ST1(10,3.0)+ST2(7,2.0)",1.5%,1:3,1%,1.5,3.0,"ST1(10,3.0)+ST2(7,2.0)",10000,10431.57,431.57,4.32,191.0,1.91,281.97,-58.62,156.65,-58.62,234.975,-58.62,45.45,54.55,2.23,39.23,11,5,6,0,2,2,1.5,1.5,0,0,0,0,91.28,1.5,5,0.5,783.25,351.72,4.5%,"ETH_INR_5m_ST1(10,3.0)+ST2(7,2.0)_SL1.5pct_1-3",1,0
ETH/INR,5m,2026-09-17 to 2026-09-24 (7D),1963,7,4.0,14,2.0,"ST1(7,4.0)+ST2(14,2.0)",1.5%,1:3,1%,1.5,3.0,"ST1(7,4.0)+ST2(14,2.0)",10000,10431.57,431.57,4.32,191.0,1.91,281.97,-58.62,156.65,-58.62,234.975,-58.62,45.45,54.55,2.23,39.23,11,5,6,0,2,2,1.5,1.5,0,0,0,0,91.28,1.5,5,0.5,783.25,351.72,4.5%,"ETH_INR_5m_ST1(7,4.0)+ST2(14,2.0)_SL1.5pct_1-3",1,0
ETH/INR,5m,2026-09-17 to 2026-09-24 (7D),1963,10,2.0,7,3.0,"ST1(10,2.0)+ST2(7,3.0)",1.5%,1:3,1%,1.5,3.0,"ST1(10,2.0)+ST2(7,3.0)",10000,10431.57,431.57,4.32,191.0,1.91,281.97,-58.62,156.65,-58.62,234.975,-58.62,45.45,54.55,2.23,39.23,11,5,6,0,2,2,1.5,1.5,0,0,0,0,91.28,1.5,5,0.5,783.25,351.72,4.5%,"ETH_INR_5m_ST1(10,2.0)+ST2(7,3.0)_SL1.5pct_1-3",1,0
SOL/INR,30m,2026-07-25 to 2026-09-24 (60D),2872,12,4.0,14,3.5,"ST1(12,4.0)+ST2(14,3.5)",1.5%,1:3,1%,1.5,3.0,"ST1(12,4.0)+ST2(14,3.5)",10000,10428.0,428.0,4.28,836.0,8.36,269.604,-94.4,149.78,-94.4,224.67,-94.4,40.7,59.3,1.09,4.98,86,35,51,0,2,2,1.5,1.5,0,0,0,0,59.42,1.5,5,0.5,5242.3,4814.400000000001,4.5%,"SOL_INR_30m_ST1(12,4.0)+ST2(14,3.5)_SL1.5pct_1-3",2,2
SOL/INR,30m,2026-07-25 to 2026-09-24 (60D),2872,14,3.5,12,4.0,"ST1(14,3.5)+ST2(12,4.0)",1.5%,1:3,1%,1.5,3.0,"ST1(14,3.5)+ST2(12,4.0)",10000,10428.0,428.0,4.28,836.0,8.36,269.604,-94.4,149.78,-94.4,224.67,-94.4,40.7,59.3,1.09,4.98,86,35,51,0,2,2,1.5,1.5,0,0,0,0,59.42,1.5,5,0.5,5242.3,4814.400000000001,4.5%,"SOL_INR_30m_ST1(14,3.5)+ST2(12,4.0)_SL1.5pct_1-3",2,2
ETH/INR,5m,2026-09-17 to 2026-09-24 (7D),1963,12,4.0,7,3.5,"ST1(12,4.0)+ST2(7,3.5)",1.5%,1:3,1%,1.5,3.0,"ST1(12,4.0)+ST2(7,3.5)",10000,10425.11,425.11,4.25,161.0,1.61,282.114,-51.22,156.73,-51.22,235.095,-51.22,41.67,58.33,2.19,35.42,12,5,7,0,2,2,1.5,1.5,0,0,0,0,92.76,1.5,5,0.5,783.65,358.54,4.5%,"ETH_INR_5m_ST1(12,4.0)+ST2(7,3.5)_SL1.5pct_1-3",1,0
ETH/INR,5m,2026-09-17 to 2026-09-24 (7D),1963,12,3.5,14,4.0,"ST1(12,3.5)+ST2(14,4.0)",1.5%,1:3,1%,1.5,3.0,"ST1(12,3.5)+ST2(14,4.0)",10000,10425.11,425.11,4.25,161.0,1.61,282.114,-51.22,156.73,-51.22,235.095,-51.22,41.67,58.33,2.19,35.42,12,5,7,0,2,2,1.5,1.5,0,0,0,0,92.76,1.5,5,0.5,783.65,358.54,4.5%,"ETH_INR_5m_ST1(12,3.5)+ST2(14,4.0)_SL1.5pct_1-3",1,0
ETH/INR,5m,2026-09-17 to 2026-09-24 (7D),1963,14,4.0,7,3.5,"ST1(14,4.0)+ST2(7,3.5)",1.5%,1:3,1%,1.5,3.0,"ST1(14,4.0)+ST2(7,3.5)",10000,10425.11,425.11,4.25,161.0,1.61,282.114,-51.22,156.73,-51.22,235.095,-51.22,41.67,58.33,2.19,35.42,12,5,7,0,2,2,1.5,1.5,0,0,0,0,92.76,1.5,5,0.5,783.65,358.54,4.5%,"ETH_INR_5m_ST1(14,4.0)+ST2(7,3.5)_SL1.5pct_1-3",1,0
ETH/INR,5m,2026-09-17 to 2026-09-24 (7D),1963,14,3.5,14,4.0,"ST1(14,3.5)+ST2(14,4.0)",1.5%,1:3,1%,1.5,3.0,"ST1(14,3.5)+ST2(14,4.0)",10000,10425.11,425.11,4.25,161.0,1.61,282.114,-51.22,156.73,-51.22,235.095,-51.22,41.67,58.33,2.19,35.42,12,5,7,0,2,2,1.5,1.5,0,0,0,0,92.76,1.5,5,0.5,783.65,358.54,4.5%,"ETH_INR_5m_ST1(14,3.5)+ST2(14,4.0)_SL1.5pct_1-3",1,0
ETH/INR,5m,2026-09-17 to 2026-09-24 (7D),1963,14,3.5,12,4.0,"ST1(14,3.5)+ST2(12,4.0)",1.5%,1:3,1%,1.5,3.0,"ST1(14,3.5)+ST2(12,4.0)",10000,10425.11,425.11,4.25,161.0,1.61,282.114,-51.22,156.73,-51.22,235.095,-51.22,41.67,58.33,2.19,35.42,12,5,7,0,2,2,1.5,1.5,0,0,0,0,92.76,1.5,5,0.5,783.65,358.54,4.5%,"ETH_INR_5m_ST1(14,3.5)+ST2(12,4.0)_SL1.5pct_1-3",1,0
ETH/INR,5m,2026-09-17 to 2026-09-24 (7D),1963,12,4.0,10,4.0,"ST1(12,4.0)+ST2(10,4.0)",1.5%,1:3,1%,1.5,3.0,"ST1(12,4.0)+ST2(10,4.0)",10000,10425.11,425.11,4.25,161.0,1.61,282.114,-51.22,156.73,-51.22,235.095,-51.22,41.67,58.33,2.19,35.42,12,5,7,0,2,2,1.5,1.5,0,0,0,0,92.76,1.5,5,0.5,783.65,358.54,4.5%,"ETH_INR_5m_ST1(12,4.0)+ST2(10,4.0)_SL1.5pct_1-3",1,0
ETH/INR,5m,2026-09-17 to 2026-09-24 (7D),1963,12,4.0,10,3.5,"ST1(12,4.0)+ST2(10,3.5)",1.5%,1:3,1%,1.5,3.0,"ST1(12,4.0)+ST2(10,3.5)",10000,10425.11,425.11,4.25,161.0,1.61,282.114,-51.22,156.73,-51.22,235.095,-51.22,41.67,58.33,2.19,35.42,12,5,7,0,2,2,1.5,1.5,0,0,0,0,92.76,1.5,5,0.5,783.65,358.54,4.5%,"ETH_INR_5m_ST1(12,4.0)+ST2(10,3.5)_SL1.5pct_1-3",1,0
ETH/INR,5m,2026-09-17 to 2026-09-24 (7D),1963,12,4.0,7,4.0,"ST1(12,4.0)+ST2(7,4.0)",1.5%,1:3,1%,1.5,3.0,"ST1(12,4.0)+ST2(7,4.0)",10000,10425.11,425.11,4.25,161.0,1.61,282.114,-51.22,156.73,-51.22,235.095,-51.22,41.67,58.33,2.19,35.42,12,5,7,0,2,2,1.5,1.5,0,0,0,0,92.76,1.5,5,0.5,783.65,358.54,4.5%,"ETH_INR_5m_ST1(12,4.0)+ST2(7,4.0)_SL1.5pct_1-3",1,0
ETH/INR,5m,2026-09-17 to 2026-09-24 (7D),1963,12,3.5,7,4.0,"ST1(12,3.5)+ST2(7,4.0)",1.5%,1:3,1%,1.5,3.0,"ST1(12,3.5)+ST2(7,4.0)",10000,10425.11,425.11,4.25,161.0,1.61,282.114,-51.22,156.73,-51.22,235.095,-51.22,41.67,58.33,2.19,35.42,12,5,7,0,2,2,1.5,1.5,0,0,0,0,92.76,1.5,5,0.5,783.65,358.54,4.5%,"ETH_INR_5m_ST1(12,3.5)+ST2(7,4.0)_SL1.5pct_1-3",1,0
ETH/INR,5m,2026-09-17 to 2026-09-24 (7D),1963,12,3.5,10,3.5,"ST1(12,3.5)+ST2(10,3.5)",1.5%,1:3,1%,1.5,3.0,"ST1(12,3.5)+ST2(10,3.5)",10000,10425.11,425.11,4.25,161.0,1.61,282.114,-51.22,156.73,-51.22,235.095,-51.22,41.67,58.33,2.19,35.42,12,5,7,0,2,2,1.5,1.5,0,0,0,0,92.86,1.5,5,0.5,783.65,358.54,4.5%,"ETH_INR_5m_ST1(12,3.5)+ST2(10,3.5)_SL1.5pct_1-3",1,0
ETH/INR,5m,2026-09-17 to 2026-09-24 (7D),1963,12,3.5,7,3.5,"ST1(12,3.5)+ST2(7,3.5)",1.5%,1:3,1%,1.5,3.0,"ST1(12,3.5)+ST2(7,3.5)",10000,10425.11,425.11,4.25,161.0,1.61,282.114,-51.22,156.73,-51.22,235.095,-51.22,41.67,58.33,2.19,35.42,12,5,7,0,2,2,1.5,1.5,0,0,0,0,92.86,1.5,5,0.5,783.65,358.54,4.5%,"ETH_INR_5m_ST1(12,3.5)+ST2(7,3.5)_SL1.5pct_1-3",1,0
ETH/INR,5m,2026-09-17 to 2026-09-24 (7D),1963,12,4.0,12,3.5,"ST1(12,4.0)+ST2(12,3.5)",1.5%,1:3,1%,1.5,3.0,"ST1(12,4.0)+ST2(12,3.5)",10000,10425.11,425.11,4.25,161.0,1.61,282.114,-51.22,156.73,-51.22,235.095,-51.22,41.67,58.33,2.19,35.42,12,5,7,0,2,2,1.5,1.5,0,0,0,0,92.76,1.5,5,0.5,783.65,358.54,4.5%,"ETH_INR_5m_ST1(12,4.0)+ST2(12,3.5)_SL1.5pct_1-3",1,0
ETH/INR,5m,2026-09-17 to 2026-09-24 (7D),1963,12,4.0,14,3.5,"ST1(12,4.0)+ST2(14,3.5)",1.5%,1:3,1%,1.5,3.0,"ST1(12,4.0)+ST2(14,3.5)",10000,10425.11,425.11,4.25,161.0,1.61,282.114,-51.22,156.73,-51.22,235.095,-51.22,41.67,58.33,2.19,35.42,12,5,7,0,2,2,1.5,1.5,0,0,0,0,92.76,1.5,5,0.5,783.65,358.54,4.5%,"ETH_INR_5m_ST1(12,4.0)+ST2(14,3.5)_SL1.5pct_1-3",1,0
ETH/INR,5m,2026-09-17 to 2026-09-24 (7D),1963,12,4.0,14,4.0,"ST1(12,4.0)+ST2(14,4.0)",1.5%,1:3,1%,1.5,3.0,"ST1(12,4.0)+ST2(14,4.0)",10000,10425.11,425.11,4.25,161.0,1.61,282.114,-51.22,156.73,-51.22,235.095,-51.22,41.67,58.33,2.19,35.42,12,5,7,0,2,2,1.5,1.5,0,0,0,0,92.76,1.5,5,0.5,783.65,358.54,4.5%,"ETH_INR_5m_ST1(12,4.0)+ST2(14,4.0)_SL1.5pct_1-3",1,0
ETH/INR,5m,2026-09-17 to 2026-09-24 (7D),1963,10,4.0,14,3.5,"ST1(10,4.0)+ST2(14,3.5)",1.5%,1:3,1%,1.5,3.0,"ST1(10,4.0)+ST2(14,3.5)",10000,10425.11,425.11,4.25,161.0,1.61,282.114,-51.22,156.73,-51.22,235.095,-51.22,41.67,58.33,2.19,35.42,12,5,7,0,2,2,1.5,1.5,0,0,0,0,92.76,1.5,5,0.5,783.65,358.54,4.5%,"ETH_INR_5m_ST1(10,4.0)+ST2(14,3.5)_SL1.5pct_1-3",1,0
ETH/INR,5m,2026-09-17 to 2026-09-24 (7D),1963,10,4.0,14,4.0,"ST1(10,4.0)+ST2(14,4.0)",1.5%,1:3,1%,1.5,3.0,"ST1(10,4.0)+ST2(14,4.0)",10000,10425.11,425.11,4.25,161.0,1.61,282.114,-51.22,156.73,-51.22,235.095,-51.22,41.67,58.33,2.19,35.42,12,5,7,0,2,2,1.5,1.5,0,0,0,0,92.76,1.5,5,0.5,783.65,358.54,4.5%,"ETH_INR_5m_ST1(10,4.0)+ST2(14,4.0)_SL1.5pct_1-3",1,0
ETH/INR,5m,2026-09-17 to 2026-09-24 (7D),1963,14,4.0,12,4.0,"ST1(14,4.0)+ST2(12,4.0)",1.5%,1:3,1%,1.5,3.0,"ST1(14,4.0)+ST2(12,4.0)",10000,10425.11,425.11,4.25,161.0,1.61,282.114,-51.22,156.73,-51.22,235.095,-51.22,41.67,58.33,2.19,35.42,12,5,7,0,2,2,1.5,1.5,0,0,0,0,92.76,1.5,5,0.5,783.65,358.54,4.5%,"ETH_INR_5m_ST1(14,4.0)+ST2(12,4.0)_SL1.5pct_1-3",1,0
ETH/INR,5m,2026-09-17 to 2026-09-24 (7D),1963,7,4.0,7,3.5,"ST1(7,4.0)+ST2(7,3.5)",1.5%,1:3,1%,1.5,3.0,"ST1(7,4.0)+ST2(7,3.5)",10000,10425.11,425.11,4.25,161.0,1.61,282.114,-51.22,156.73,-51.22,235.095,-51.22,41.67,58.33,2.19,35.42,12,5,7,0,2,2,1.5,1.5,0,0,0,0,92.76,1.5,5,0.5,783.65,358.54,4.5%,"ETH_INR_5m_ST1(7,4.0)+ST2(7,3.5)_SL1.5pct_1-3",1,0
ETH/INR,5m,2026-09-17 to 2026-09-24 (7D),1963,7,4.0,10,3.5,"ST1(7,4.0)+ST2(10,3.5)",1.5%,1:3,1%,1.5,3.0,"ST1(7,4.0)+ST2(10,3.5)",10000,10425.11,425.11,4.25,161.0,1.61,282.114,-51.22,156.73,-51.22,235.095,-51.22,41.67,58.33,2.19,35.42,12,5,7,0,2,2,1.5,1.5,0,0,0,0,92.76,1.5,5,0.5,783.65,358.54,4.5%,"ETH_INR_5m_ST1(7,4.0)+ST2(10,3.5)_SL1.5pct_1-3",1,0
ETH/INR,5m,2026-09-17 to 2026-09-24 (7D),1963,7,4.0,10,4.0,"ST1(7,4.0)+ST2(10,4.0)",1.5%,1:3,1%,1.5,3.0,"ST1(7,4.0)+ST2(10,4.0)",10000,10425.11,425.11,4.25,161.0,1.61,282.114,-51.22,156.73,-51.22,235.095,-51.22,41.67,58.33,2.19,35.42,12,5,7,0,2,2,1.5,1.5,0,0,0,0,92.76,1.5,5,0.5,783.65,358.54,4.5%,"ETH_INR_5m_ST1(7,4.0)+ST2(10,4.0)_SL1.5pct_1-3",1,0
ETH/INR,5m,2026-09-17 to 2026-09-24 (7D),1963,14,4.0,7,4.0,"ST1(14,4.0)+ST2(7,4.0)",1.5%,1:3,1%,1.5,3.0,"ST1(14,4.0)+ST2(7,4.0)",10000,10425.11,425.11,4.25,161.0,1.61,282.114,-51.22,156.73,-51.22,235.095,-51.22,41.67,58.33,2.19,35.42,12,5,7,0,2,2,1.5,1.5,0,0,0,0,92.76,1.5,5,0.5,783.65,358.54,4.5%,"ETH_INR_5m_ST1(14,4.0)+ST2(7,4.0)_SL1.5pct_1-3",1,0
ETH/INR,5m,2026-09-17 to 2026-09-24 (7D),1963,14,4.0,10,3.5,"ST1(14,4.0)+ST2(10,3.5)",1.5%,1:3,1%,1.5,3.0,"ST1(14,4.0)+ST2(10,3.5)",10000,10425.11,425.11,4.25,161.0,1.61,282.114,-51.22,156.73,-51.22,235.095,-51.22,41.67,58.33,2.19,35.42,12,5,7,0,2,2,1.5,1.5,0,0,0,0,92.76,1.5,5,0.5,783.65,358.54,4.5%,"ETH_INR_5m_ST1(14,4.0)+ST2(10,3.5)_SL1.5pct_1-3",1,0
ETH/INR,5m,2026-09-17 to 2026-09-24 (7D),1963,14,4.0,10,4.0,"ST1(14,4.0)+ST2(10,4.0)",1.5%,1:3,1%,1.5,3.0,"ST1(14,4.0)+ST2(10,4.0)",10000,10425.11,425.11,4.25,161.0,1.61,282.114,-51.22,156.73,-51.22,235.095,-51.22,41.67,58.33,2.19,35.42,12,5,7,0,2,2,1.5,1.5,0,0,0,0,92.76,1.5,5,0.5,783.65,358.54,4.5%,"ETH_INR_5m_ST1(14,4.0)+ST2(10,4.0)_SL1.5pct_1-3",1,0
ETH/INR,5m,2026-09-17 to 2026-09-24 (7D),1963,14,4.0,12,3.5,"ST1(14,4.0)+ST2(12,3.5)",1.5%,1:3,1%,1.5,3.0,"ST1(14,4.0)+ST2(12,3.5)",10000,10425.11,425.11,4.25,161.0,1.61,282.114,-51.22,156.73,-51.22,235.095,-51.22,41.67,58.33,2.19,35.42,12,5,7,0,2,2,1.5,1.5,0,0,0,0,92.76,1.5,5,0.5,783.65,358.54,4.5%,"ETH_INR_5m_ST1(14,4.0)+ST2(12,3.5)_SL1.5pct_1-3",1,0
ETH/INR,5m,2026-09-17 to 2026-09-24 (7D),1963,7,3.5,10,3.5,"ST1(7,3.5)+ST2(10,3.5)",1.5%,1:3,1%,1.5,3.0,"ST1(7,3.5)+ST2(10,3.5)",10000,10425.11,425.11,4.25,161.0,1.61,282.114,-51.22,156.73,-51.22,235.095,-51.22,41.67,58.33,2.19,35.42,12,5,7,0,2,2,1.5,1.5,0,0,0,0,92.86,1.5,5,0.5,783.65,358.54,4.5%,"ETH_INR_5m_ST1(7,3.5)+ST2(10,3.5)_SL1.5pct_1-3",1,0
ETH/INR,5m,2026-09-17 to 2026-09-24 (7D),1963,7,3.5,7,4.0,"ST1(7,3.5)+ST2(7,4.0)",1.5%,1:3,1%,1.5,3.0,"ST1(7,3.5)+ST2(7,4.0)",10000,10425.11,425.11,4.25,161.0,1.61,282.114,-51.22,156.73,-51.22,235.095,-51.22,41.67,58.33,2.19,35.42,12,5,7,0,2,2,1.5,1.5,0,0,0,0,92.76,1.5,5,0.5,783.65,358.54,4.5%,"ETH_INR_5m_ST1(7,3.5)+ST2(7,4.0)_SL1.5pct_1-3",1,0
ETH/INR,5m,2026-09-17 to 2026-09-24 (7D),1963,14,3.5,12,3.5,"ST1(14,3.5)+ST2(12,3.5)",1.5%,1:3,1%,1.5,3.0,"ST1(14,3.5)+ST2(12,3.5)",10000,10425.11,425.11,4.25,161.0,1.61,282.114,-51.22,156.73,-51.22,235.095,-51.22,41.67,58.33,2.19,35.42,12,5,7,0,2,2,1.5,1.5,0,0,0,0,92.86,1.5,5,0.5,783.65,358.54,4.5%,"ETH_INR_5m_ST1(14,3.5)+ST2(12,3.5)_SL1.5pct_1-3",1,0
ETH/INR,5m,2026-09-17 to 2026-09-24 (7D),1963,14,4.0,14,3.5,"ST1(14,4.0)+ST2(14,3.5)",1.5%,1:3,1%,1.5,3.0,"ST1(14,4.0)+ST2(14,3.5)",10000,10425.11,425.11,4.25,161.0,1.61,282.114,-51.22,156.73,-51.22,235.095,-51.22,41.67,58.33,2.19,35.42,12,5,7,0,2,2,1.5,1.5,0,0,0,0,92.76,1.5,5,0.5,783.65,358.54,4.5%,"ETH_INR_5m_ST1(14,4.0)+ST2(14,3.5)_SL1.5pct_1-3",1,0
ETH/INR,5m,2026-09-17 to 2026-09-24 (7D),1963,14,3.5,7,3.5,"ST1(14,3.5)+ST2(7,3.5)",1.5%,1:3,1%,1.5,3.0,"ST1(14,3.5)+ST2(7,3.5)",10000,10425.11,425.11,4.25,161.0,1.61,282.114,-51.22,156.73,-51.22,235.095,-51.22,41.67,58.33,2.19,35.42,12,5,7,0,2,2,1.5,1.5,0,0,0,0,92.86,1.5,5,0.5,783.65,358.54,4.5%,"ETH_INR_5m_ST1(14,3.5)+ST2(7,3.5)_SL1.5pct_1-3",1,0
ETH/INR,5m,2026-09-17 to 2026-09-24 (7D),1963,14,3.5,7,4.0,"ST1(14,3.5)+ST2(7,4.0)",1.5%,1:3,1%,1.5,3.0,"ST1(14,3.5)+ST2(7,4.0)",10000,10425.11,425.11,4.25,161.0,1.61,282.114,-51.22,156.73,-51.22,235.095,-51.22,41.67,58.33,2.19,35.42,12,5,7,0,2,2,1.5,1.5,0,0,0,0,92.76,1.5,5,0.5,783.65,358.54,4.5%,"ETH_INR_5m_ST1(14,3.5)+ST2(7,4.0)_SL1.5pct_1-3",1,0
ETH/INR,5m,2026-09-17 to 2026-09-24 (7D),1963,14,3.5,10,3.5,"ST1(14,3.5)+ST2(10,3.5)",1.5%,1:3,1%,1.5,3.0,"ST1(14,3.5)+ST2(10,3.5)",10000,10425.11,425.11,4.25,161.0,1.61,282.114,-51.22,156.73,-51.22,235.095,-51.22,41.67,58.33,2.19,35.42,12,5,7,0,2,2,1.5,1.5,0,0,0,0,92.86,1.5,5,0.5,783.65,358.54,4.5%,"ETH_INR_5m_ST1(14,3.5)+ST2(10,3.5)_SL1.5pct_1-3",1,0
ETH/INR,5m,2026-09-17 to 2026-09-24 (7D),1963,14,3.5,10,4.0,"ST1(14,3.5)+ST2(10,4.0)",1.5%,1:3,1%,1.5,3.0,"ST1(14,3.5)+ST2(10,4.0)",10000,10425.11,425.11,4.25,161.0,1.61,282.114,-51.22,156.73,-51.22,235.095,-51.22,41.67,58.33,2.19,35.42,12,5,7,0,2,2,1.5,1.5,0,0,0,0,92.76,1.5,5,0.5,783.65,358.54,4.5%,"ETH_INR_5m_ST1(14,3.5)+ST2(10,4.0)_SL1.5pct_1-3",1,0
ETH/INR,5m,2026-09-17 to 2026-09-24 (7D),1963,10,3.5,7,3.5,"ST1(10,3.5)+ST2(7,3.5)",1.5%,1:3,1%,1.5,3.0,"ST1(10,3.5)+ST2(7,3.5)",10000,10425.11,425.11,4.25,161.0,1.61,282.114,-51.22,156.73,-51.22,235.095,-51.22,41.67,58.33,2.19,35.42,12,5,7,0,2,2,1.5,1.5,0,0,0,0,92.86,1.5,5,0.5,783.65,358.54,4.5%,"ETH_INR_5m_ST1(10,3.5)+ST2(7,3.5)_SL1.5pct_1-3",1,0
ETH/INR,5m,2026-09-17 to 2026-09-24 (7D),1963,10,3.5,14,4.0,"ST1(10,3.5)+ST2(14,4.0)",1.5%,1:3,1%,1.5,3.0,"ST1(10,3.5)+ST2(14,4.0)",10000,10425.11,425.11,4.25,161.0,1.61,282.114,-51.22,156.73,-51.22,235.095,-51.22,41.67,58.33,2.19,35.42,12,5,7,0,2,2,1.5,1.5,0,0,0,0,92.76,1.5,5,0.5,783.65,358.54,4.5%,"ETH_INR_5m_ST1(10,3.5)+ST2(14,4.0)_SL1.5pct_1-3",1,0
ETH/INR,5m,2026-09-17 to 2026-09-24 (7D),1963,10,3.5,14,3.5,"ST1(10,3.5)+ST2(14,3.5)",1.5%,1:3,1%,1.5,3.0,"ST1(10,3.5)+ST2(14,3.5)",10000,10425.11,425.11,4.25,161.0,1.61,282.114,-51.22,156.73,-51.22,235.095,-51.22,41.67,58.33,2.19,35.42,12,5,7,0,2,2,1.5,1.5,0,0,0,0,92.86,1.5,5,0.5,783.65,358.54,4.5%,"ETH_INR_5m_ST1(10,3.5)+ST2(14,3.5)_SL1.5pct_1-3",1,0
ETH/INR,5m,2026-09-17 to 2026-09-24 (7D),1963,10,3.5,12,4.0,"ST1(10,3.5)+ST2(12,4.0)",1.5%,1:3,1%,1.5,3.0,"ST1(10,3.5)+ST2(12,4.0)",10000,10425.11,425.11,4.25,161.0,1.61,282.114,-51.22,156.73,-51.22,235.095,-51.22,41.67,58.33,2.19,35.42,12,5,7,0,2,2,1.5,1.5,0,0,0,0,92.76,1.5,5,0.5,783.65,358.54,4.5%,"ETH_INR_5m_ST1(10,3.5)+ST2(12,4.0)_SL1.5pct_1-3",1,0
ETH/INR,5m,2026-09-17 to 2026-09-24 (7D),1963,10,4.0,7,4.0,"ST1(10,4.0)+ST2(7,4.0)",1.5%,1:3,1%,1.5,3.0,"ST1(10,4.0)+ST2(7,4.0)",10000,10425.11,425.11,4.25,161.0,1.61,282.114,-51.22,156.73,-51.22,235.095,-51.22,41.67,58.33,2.19,35.42,12,5,7,0,2,2,1.5,1.5,0,0,0,0,92.76,1.5,5,0.5,783.65,358.54,4.5%,"ETH_INR_5m_ST1(10,4.0)+ST2(7,4.0)_SL1.5pct_1-3",1,0
ETH/INR,5m,2026-09-17 to 2026-09-24 (7D),1963,10,4.0,12,3.5,"ST1(10,4.0)+ST2(12,3.5)",1.5%,1:3,1%,1.5,3.0,"ST1(10,4.0)+ST2(12,3.5)",10000,10425.11,425.11,4.25,161.0,1.61,282.114,-51.22,156.73,-51.22,235.095,-51.22,41.67,58.33,2.19,35.42,12,5,7,0,2,2,1.5,1.5,0,0,0,0,92.76,1.5,5,0.5,783.65,358.54,4.5%,"ETH_INR_5m_ST1(10,4.0)+ST2(12,3.5)_SL1.5pct_1-3",1,0
ETH/INR,5m,2026-09-17 to 2026-09-24 (7D),1963,10,4.0,10,3.5,"ST1(10,4.0)+ST2(10,3.5)",1.5%,1:3,1%,1.5,3.0,"ST1(10,4.0)+ST2(10,3.5)",10000,10425.11,425.11,4.25,161.0,1.61,282.114,-51.22,156.73,-51.22,235.095,-51.22,41.67,58.33,2.19,35.42,12,5,7,0,2,2,1.5,1.5,0,0,0,0,92.76,1.5,5,0.5,783.65,358.54,4.5%,"ETH_INR_5m_ST1(10,4.0)+ST2(10,3.5)_SL1.5pct_1-3",1,0
ETH/INR,5m,2026-09-17 to 2026-09-24 (7D),1963,7,3.5,14,4.0,"ST1(7,3.5)+ST2(14,4.0)",1.5%,1:3,1%,1.5,3.0,"ST1(7,3.5)+ST2(14,4.0)",10000,10425.11,425.11,4.25,161.0,1.61,282.114,-51.22,156.73,-51.22,235.095,-51.22,41.67,58.33,2.19,35.42,12,5,7,0,2,2,1.5,1.5,0,0,0,0,92.76,1.5,5,0.5,783.65,358.54,4.5%,"ETH_INR_5m_ST1(7,3.5)+ST2(14,4.0)_SL1.5pct_1-3",1,0
ETH/INR,5m,2026-09-17 to 2026-09-24 (7D),1963,7,3.5,14,3.5,"ST1(7,3.5)+ST2(14,3.5)",1.5%,1:3,1%,1.5,3.0,"ST1(7,3.5)+ST2(14,3.5)",10000,10425.11,425.11,4.25,161.0,1.61,282.114,-51.22,156.73,-51.22,235.095,-51.22,41.67,58.33,2.19,35.42,12,5,7,0,2,2,1.5,1.5,0,0,0,0,92.86,1.5,5,0.5,783.65,358.54,4.5%,"ETH_INR_5m_ST1(7,3.5)+ST2(14,3.5)_SL1.5pct_1-3",1,0
ETH/INR,5m,2026-09-17 to 2026-09-24 (7D),1963,7,3.5,12,4.0,"ST1(7,3.5)+ST2(12,4.0)",1.5%,1:3,1%,1.5,3.0,"ST1(7,3.5)+ST2(12,4.0)",10000,10425.11,425.11,4.25,161.0,1.61,282.114,-51.22,156.73,-51.22,235.095,-51.22,41.67,58.33,2.19,35.42,12,5,7,0,2,2,1.5,1.5,0,0,0,0,92.76,1.5,5,0.5,783.65,358.54,4.5%,"ETH_INR_5m_ST1(7,3.5)+ST2(12,4.0)_SL1.5pct_1-3",1,0
ETH/INR,5m,2026-09-17 to 2026-09-24 (7D),1963,10,4.0,7,3.5,"ST1(10,4.0)+ST2(7,3.5)",1.5%,1:3,1%,1.5,3.0,"ST1(10,4.0)+ST2(7,3.5)",10000,10425.11,425.11,4.25,161.0,1.61,282.114,-51.22,156.73,-51.22,235.095,-51.22,41.67,58.33,2.19,35.42,12,5,7,0,2,2,1.5,1.5,0,0,0,0,92.76,1.5,5,0.5,783.65,358.54,4.5%,"ETH_INR_5m_ST1(10,4.0)+ST2(7,3.5)_SL1.5pct_1-3",1,0
ETH/INR,5m,2026-09-17 to 2026-09-24 (7D),1963,10,3.5,7,4.0,"ST1(10,3.5)+ST2(7,4.0)",1.5%,1:3,1%,1.5,3.0,"ST1(10,3.5)+ST2(7,4.0)",10000,10425.11,425.11,4.25,161.0,1.61,282.114,-51.22,156.73,-51.22,235.095,-51.22,41.67,58.33,2.19,35.42,12,5,7,0,2,2,1.5,1.5,0,0,0,0,92.76,1.5,5,0.5,783.65,358.54,4.5%,"ETH_INR_5m_ST1(10,3.5)+ST2(7,4.0)_SL1.5pct_1-3",1,0
ETH/INR,5m,2026-09-17 to 2026-09-24 (7D),1963,7,3.5,10,4.0,"ST1(7,3.5)+ST2(10,4.0)",1.5%,1:3,1%,1.5,3.0,"ST1(7,3.5)+ST2(10,4.0)",10000,10425.11,425.11,4.25,161.0,1.61,282.114,-51.22,156.73,-51.22,235.095,-51.22,41.67,58.33,2.19,35.42,12,5,7,0,2,2,1.5,1.5,0,0,0,0,92.76,1.5,5,0.5,783.65,358.54,4.5%,"ETH_INR_5m_ST1(7,3.5)+ST2(10,4.0)_SL1.5pct_1-3",1,0
ETH/INR,5m,2026-09-17 to 2026-09-24 (7D),1963,7,3.5,12,3.5,"ST1(7,3.5)+ST2(12,3.5)",1.5%,1:3,1%,1.5,3.0,"ST1(7,3.5)+ST2(12,3.5)",10000,10425.11,425.11,4.25,161.0,1.61,282.114,-51.22,156.73,-51.22,235.095,-51.22,41.67,58.33,2.19,35.42,12,5,7,0,2,2,1.5,1.5,0,0,0,0,92.86,1.5,5,0.5,783.65,358.54,4.5%,"ETH_INR_5m_ST1(7,3.5)+ST2(12,3.5)_SL1.5pct_1-3",1,0
ETH/INR,5m,2026-09-17 to 2026-09-24 (7D),1963,10,3.5,10,4.0,"ST1(10,3.5)+ST2(10,4.0)",1.5%,1:3,1%,1.5,3.0,"ST1(10,3.5)+ST2(10,4.0)",10000,10425.11,425.11,4.25,161.0,1.61,282.114,-51.22,156.73,-51.22,235.095,-51.22,41.67,58.33,2.19,35.42,12,5,7,0,2,2,1.5,1.5,0,0,0,0,92.76,1.5,5,0.5,783.65,358.54,4.5%,"ETH_INR_5m_ST1(10,3.5)+ST2(10,4.0)_SL1.5pct_1-3",1,0
ETH/INR,5m,2026-09-17 to 2026-09-24 (7D),1963,10,3.5,12,3.5,"ST1(10,3.5)+ST2(12,3.5)",1.5%,1:3,1%,1.5,3.0,"ST1(10,3.5)+ST2(12,3.5)",10000,10425.11,425.11,4.25,161.0,1.61,282.114,-51.22,156.73,-51.22,235.095,-51.22,41.67,58.33,2.19,35.42,12,5,7,0,2,2,1.5,1.5,0,0,0,0,92.86,1.5,5,0.5,783.65,358.54,4.5%,"ETH_INR_5m_ST1(10,3.5)+ST2(12,3.5)_SL1.5pct_1-3",1,0
ETH/INR,5m,2026-09-17 to 2026-09-24 (7D),1963,7,4.0,14,4.0,"ST1(7,4.0)+ST2(14,4.0)",1.5%,1:3,1%,1.5,3.0,"ST1(7,4.0)+ST2(14,4.0)",10000,10425.11,425.11,4.25,161.0,1.61,282.114,-51.22,156.73,-51.22,235.095,-51.22,41.67,58.33,2.19,35.42,12,5,7,0,2,2,1.5,1.5,0,0,0,0,92.76,1.5,5,0.5,783.65,358.54,4.5%,"ETH_INR_5m_ST1(7,4.0)+ST2(14,4.0)_SL1.5pct_1-3",1,0
ETH/INR,5m,2026-09-17 to 2026-09-24 (7D),1963,7,4.0,14,3.5,"ST1(7,4.0)+ST2(14,3.5)",1.5%,1:3,1%,1.5,3.0,"ST1(7,4.0)+ST2(14,3.5)",10000,10425.11,425.11,4.25,161.0,1.61,282.114,-51.22,156.73,-51.22,235.095,-51.22,41.67,58.33,2.19,35.42,12,5,7,0,2,2,1.5,1.5,0,0,0,0,92.76,1.5,5,0.5,783.65,358.54,4.5%,"ETH_INR_5m_ST1(7,4.0)+ST2(14,3.5)_SL1.5pct_1-3",1,0
ETH/INR,5m,2026-09-17 to 2026-09-24 (7D),1963,7,4.0,12,4.0,"ST1(7,4.0)+ST2(12,4.0)",1.5%,1:3,1%,1.5,3.0,"ST1(7,4.0)+ST2(12,4.0)",10000,10425.11,425.11,4.25,161.0,1.61,282.114,-51.22,156.73,-51.22,235.095,-51.22,41.67,58.33,2.19,35.42,12,5,7,0,2,2,1.5,1.5,0,0,0,0,92.76,1.5,5,0.5,783.65,358.54,4.5%,"ETH_INR_5m_ST1(7,4.0)+ST2(12,4.0)_SL1.5pct_1-3",1,0
ETH/INR,5m,2026-09-17 to 2026-09-24 (7D),1963,7,4.0,12,3.5,"ST1(7,4.0)+ST2(12,3.5)",1.5%,1:3,1%,1.5,3.0,"ST1(7,4.0)+ST2(12,3.5)",10000,10425.11,425.11,4.25,161.0,1.61,282.114,-51.22,156.73,-51.22,235.095,-51.22,41.67,58.33,2.19,35.42,12,5,7,0,2,2,1.5,1.5,0,0,0,0,92.76,1.5,5,0.5,783.65,358.54,4.5%,"ETH_INR_5m_ST1(7,4.0)+ST2(12,3.5)_SL1.5pct_1-3",1,0
ETH/INR,5m,2026-09-17 to 2026-09-24 (7D),1963,10,4.0,12,4.0,"ST1(10,4.0)+ST2(12,4.0)",1.5%,1:3,1%,1.5,3.0,"ST1(10,4.0)+ST2(12,4.0)",10000,10425.11,425.11,4.25,161.0,1.61,282.114,-51.22,156.73,-51.22,235.095,-51.22,41.67,58.33,2.19,35.42,12,5,7,0,2,2,1.5,1.5,0,0,0,0,92.76,1.5,5,0.5,783.65,358.54,4.5%,"ETH_INR_5m_ST1(10,4.0)+ST2(12,4.0)_SL1.5pct_1-3",1,0
ETH/INR,5m,2026-09-17 to 2026-09-24 (7D),1963,12,3.5,12,4.0,"ST1(12,3.5)+ST2(12,4.0)",1.5%,1:3,1%,1.5,3.0,"ST1(12,3.5)+ST2(12,4.0)",10000,10425.11,425.11,4.25,161.0,1.61,282.114,-51.22,156.73,-51.22,235.095,-51.22,41.67,58.33,2.19,35.42,12,5,7,0,2,2,1.5,1.5,0,0,0,0,92.76,1.5,5,0.5,783.65,358.54,4.5%,"ETH_INR_5m_ST1(12,3.5)+ST2(12,4.0)_SL1.5pct_1-3",1,0
ETH/INR,5m,2026-09-17 to 2026-09-24 (7D),1963,12,3.5,14,3.5,"ST1(12,3.5)+ST2(14,3.5)",1.5%,1:3,1%,1.5,3.0,"ST1(12,3.5)+ST2(14,3.5)",10000,10425.11,425.11,4.25,161.0,1.61,282.114,-51.22,156.73,-51.22,235.095,-51.22,41.67,58.33,2.19,35.42,12,5,7,0,2,2,1.5,1.5,0,0,0,0,92.86,1.5,5,0.5,783.65,358.54,4.5%,"ETH_INR_5m_ST1(12,3.5)+ST2(14,3.5)_SL1.5pct_1-3",1,0
ETH/INR,5m,2026-09-17 to 2026-09-24 (7D),1963,12,3.5,10,4.0,"ST1(12,3.5)+ST2(10,4.0)",1.5%,1:3,1%,1.5,3.0,"ST1(12,3.5)+ST2(10,4.0)",10000,10425.11,425.11,4.25,161.0,1.61,282.114,-51.22,156.73,-51.22,235.095,-51.22,41.67,58.33,2.19,35.42,12,5,7,0,2,2,1.5,1.5,0,0,0,0,92.76,1.5,5,0.5,783.65,358.54,4.5%,"ETH_INR_5m_ST1(12,3.5)+ST2(10,4.0)_SL1.5pct_1-3",1,0
SOL/INR,5m,2026-09-17 to 2026-09-24 (7D),1963,10,3.0,12,2.0,"ST1(10,3.0)+ST2(12,2.0)",1.5%,1:3,1%,1.5,3.0,"ST1(10,3.0)+ST2(12,2.0)",10000,10424.08,424.08,4.24,350.0,3.5,231.78600000000003,-101.02,128.77,-101.02,193.15500000000003,-101.02,57.14,42.86,1.7,30.29,14,8,6,0,2,2,1.5,1.5,0,0,0,0,87.61,1.5,5,0.5,1030.16,606.12,4.5%,"SOL_INR_5m_ST1(10,3.0)+ST2(12,2.0)_SL1.5pct_1-3",2,0
SOL/INR,5m,2026-09-17 to 2026-09-24 (7D),1963,12,2.0,10,3.0,"ST1(12,2.0)+ST2(10,3.0)",1.5%,1:3,1%,1.5,3.0,"ST1(12,2.0)+ST2(10,3.0)",10000,10424.08,424.08,4.24,350.0,3.5,231.78600000000003,-101.02,128.77,-101.02,193.15500000000003,-101.02,57.14,42.86,1.7,30.29,14,8,6,0,2,2,1.5,1.5,0,0,0,0,87.61,1.5,5,0.5,1030.16,606.12,4.5%,"SOL_INR_5m_ST1(12,2.0)+ST2(10,3.0)_SL1.5pct_1-3",2,0
SOL/INR,5m,2026-09-17 to 2026-09-24 (7D),1963,12,2.0,7,3.0,"ST1(12,2.0)+ST2(7,3.0)",1.5%,1:3,1%,1.5,3.0,"ST1(12,2.0)+ST2(7,3.0)",10000,10424.08,424.08,4.24,350.0,3.5,231.78600000000003,-101.02,128.77,-101.02,193.15500000000003,-101.02,57.14,42.86,1.7,30.29,14,8,6,0,2,2,1.5,1.5,0,0,0,0,87.61,1.5,5,0.5,1030.16,606.12,4.5%,"SOL_INR_5m_ST1(12,2.0)+ST2(7,3.0)_SL1.5pct_1-3",2,0
SOL/INR,5m,2026-09-17 to 2026-09-24 (7D),1963,7,2.0,10,3.0,"ST1(7,2.0)+ST2(10,3.0)",1.5%,1:3,1%,1.5,3.0,"ST1(7,2.0)+ST2(10,3.0)",10000,10424.08,424.08,4.24,350.0,3.5,231.78600000000003,-101.02,128.77,-101.02,193.15500000000003,-101.02,57.14,42.86,1.7,30.29,14,8,6,0,2,2,1.5,1.5,0,0,0,0,87.61,1.5,5,0.5,1030.16,606.12,4.5%,"SOL_INR_5m_ST1(7,2.0)+ST2(10,3.0)_SL1.5pct_1-3",2,0
SOL/INR,5m,2026-09-17 to 2026-09-24 (7D),1963,7,3.0,7,2.0,"ST1(7,3.0)+ST2(7,2.0)",1.5%,1:3,1%,1.5,3.0,"ST1(7,3.0)+ST2(7,2.0)",10000,10424.08,424.08,4.24,350.0,3.5,231.78600000000003,-101.02,128.77,-101.02,193.15500000000003,-101.02,57.14,42.86,1.7,30.29,14,8,6,0,2,2,1.5,1.5,0,0,0,0,87.61,1.5,5,0.5,1030.16,606.12,4.5%,"SOL_INR_5m_ST1(7,3.0)+ST2(7,2.0)_SL1.5pct_1-3",2,0
SOL/INR,5m,2026-09-17 to 2026-09-24 (7D),1963,7,3.0,10,2.0,"ST1(7,3.0)+ST2(10,2.0)",1.5%,1:3,1%,1.5,3.0,"ST1(7,3.0)+ST2(10,2.0)",10000,10424.08,424.08,4.24,350.0,3.5,231.78600000000003,-101.02,128.77,-101.02,193.15500000000003,-101.02,57.14,42.86,1.7,30.29,14,8,6,0,2,2,1.5,1.5,0,0,0,0,87.61,1.5,5,0.5,1030.16,606.12,4.5%,"SOL_INR_5m_ST1(7,3.0)+ST2(10,2.0)_SL1.5pct_1-3",2,0
SOL/INR,5m,2026-09-17 to 2026-09-24 (7D),1963,7,2.0,12,3.0,"ST1(7,2.0)+ST2(12,3.0)",1.5%,1:3,1%,1.5,3.0,"ST1(7,2.0)+ST2(12,3.0)",10000,10424.08,424.08,4.24,350.0,3.5,231.78600000000003,-101.02,128.77,-101.02,193.15500000000003,-101.02,57.14,42.86,1.7,30.29,14,8,6,0,2,2,1.5,1.5,0,0,0,0,87.61,1.5,5,0.5,1030.16,606.12,4.5%,"SOL_INR_5m_ST1(7,2.0)+ST2(12,3.0)_SL1.5pct_1-3",2,0
SOL/INR,5m,2026-09-17 to 2026-09-24 (7D),1963,7,2.0,14,3.0,"ST1(7,2.0)+ST2(14,3.0)",1.5%,1:3,1%,1.5,3.0,"ST1(7,2.0)+ST2(14,3.0)",10000,10424.08,424.08,4.24,350.0,3.5,231.78600000000003,-101.02,128.77,-101.02,193.15500000000003,-101.02,57.14,42.86,1.7,30.29,14,8,6,0,2,2,1.5,1.5,0,0,0,0,87.61,1.5,5,0.5,1030.16,606.12,4.5%,"SOL_INR_5m_ST1(7,2.0)+ST2(14,3.0)_SL1.5pct_1-3",2,0
SOL/INR,5m,2026-09-17 to 2026-09-24 (7D),1963,10,2.0,12,3.0,"ST1(10,2.0)+ST2(12,3.0)",1.5%,1:3,1%,1.5,3.0,"ST1(10,2.0)+ST2(12,3.0)",10000,10424.08,424.08,4.24,350.0,3.5,231.78600000000003,-101.02,128.77,-101.02,193.15500000000003,-101.02,57.14,42.86,1.7,30.29,14,8,6,0,2,2,1.5,1.5,0,0,0,0,87.61,1.5,5,0.5,1030.16,606.12,4.5%,"SOL_INR_5m_ST1(10,2.0)+ST2(12,3.0)_SL1.5pct_1-3",2,0
SOL/INR,5m,2026-09-17 to 2026-09-24 (7D),1963,10,2.0,10,3.0,"ST1(10,2.0)+ST2(10,3.0)",1.5%,1:3,1%,1.5,3.0,"ST1(10,2.0)+ST2(10,3.0)",10000,10424.08,424.08,4.24,350.0,3.5,231.78600000000003,-101.02,128.77,-101.02,193.15500000000003,-101.02,57.14,42.86,1.7,30.29,14,8,6,0,2,2,1.5,1.5,0,0,0,0,87.61,1.5,5,0.5,1030.16,606.12,4.5%,"SOL_INR_5m_ST1(10,2.0)+ST2(10,3.0)_SL1.5pct_1-3",2,0
SOL/INR,5m,2026-09-17 to 2026-09-24 (7D),1963,14,3.0,12,2.0,"ST1(14,3.0)+ST2(12,2.0)",1.5%,1:3,1%,1.5,3.0,"ST1(14,3.0)+ST2(12,2.0)",10000,10424.08,424.08,4.24,350.0,3.5,231.78600000000003,-101.02,128.77,-101.02,193.15500000000003,-101.02,57.14,42.86,1.7,30.29,14,8,6,0,2,2,1.5,1.5,0,0,0,0,87.61,1.5,5,0.5,1030.16,606.12,4.5%,"SOL_INR_5m_ST1(14,3.0)+ST2(12,2.0)_SL1.5pct_1-3",2,0
SOL/INR,5m,2026-09-17 to 2026-09-24 (7D),1963,14,3.0,10,2.0,"ST1(14,3.0)+ST2(10,2.0)",1.5%,1:3,1%,1.5,3.0,"ST1(14,3.0)+ST2(10,2.0)",10000,10424.08,424.08,4.24,350.0,3.5,231.78600000000003,-101.02,128.77,-101.02,193.15500000000003,-101.02,57.14,42.86,1.7,30.29,14,8,6,0,2,2,1.5,1.5,0,0,0,0,87.61,1.5,5,0.5,1030.16,606.12,4.5%,"SOL_INR_5m_ST1(14,3.0)+ST2(10,2.0)_SL1.5pct_1-3",2,0
SOL/INR,5m,2026-09-17 to 2026-09-24 (7D),1963,14,3.0,7,2.0,"ST1(14,3.0)+ST2(7,2.0)",1.5%,1:3,1%,1.5,3.0,"ST1(14,3.0)+ST2(7,2.0)",10000,10424.08,424.08,4.24,350.0,3.5,231.78600000000003,-101.02,128.77,-101.02,193.15500000000003,-101.02,57.14,42.86,1.7,30.29,14,8,6,0,2,2,1.5,1.5,0,0,0,0,87.61,1.5,5,0.5,1030.16,606.12,4.5%,"SOL_INR_5m_ST1(14,3.0)+ST2(7,2.0)_SL1.5pct_1-3",2,0
SOL/INR,5m,2026-09-17 to 2026-09-24 (7D),1963,7,2.0,7,3.0,"ST1(7,2.0)+ST2(7,3.0)",1.5%,1:3,1%,1.5,3.0,"ST1(7,2.0)+ST2(7,3.0)",10000,10424.08,424.08,4.24,350.0,3.5,231.78600000000003,-101.02,128.77,-101.02,193.15500000000003,-101.02,57.14,42.86,1.7,30.29,14,8,6,0,2,2,1.5,1.5,0,0,0,0,87.61,1.5,5,0.5,1030.16,606.12,4.5%,"SOL_INR_5m_ST1(7,2.0)+ST2(7,3.0)_SL1.5pct_1-3",2,0
SOL/INR,5m,2026-09-17 to 2026-09-24 (7D),1963,7,3.0,12,2.0,"ST1(7,3.0)+ST2(12,2.0)",1.5%,1:3,1%,1.5,3.0,"ST1(7,3.0)+ST2(12,2.0)",10000,10424.08,424.08,4.24,350.0,3.5,231.78600000000003,-101.02,128.77,-101.02,193.15500000000003,-101.02,57.14,42.86,1.7,30.29,14,8,6,0,2,2,1.5,1.5,0,0,0,0,87.61,1.5,5,0.5,1030.16,606.12,4.5%,"SOL_INR_5m_ST1(7,3.0)+ST2(12,2.0)_SL1.5pct_1-3",2,0
SOL/INR,5m,2026-09-17 to 2026-09-24 (7D),1963,10,2.0,7,3.0,"ST1(10,2.0)+ST2(7,3.0)",1.5%,1:3,1%,1.5,3.0,"ST1(10,2.0)+ST2(7,3.0)",10000,10424.08,424.08,4.24,350.0,3.5,231.78600000000003,-101.02,128.77,-101.02,193.15500000000003,-101.02,57.14,42.86,1.7,30.29,14,8,6,0,2,2,1.5,1.5,0,0,0,0,87.61,1.5,5,0.5,1030.16,606.12,4.5%,"SOL_INR_5m_ST1(10,2.0)+ST2(7,3.0)_SL1.5pct_1-3",2,0
SOL/INR,5m,2026-09-17 to 2026-09-24 (7D),1963,12,3.0,12,2.0,"ST1(12,3.0)+ST2(12,2.0)",1.5%,1:3,1%,1.5,3.0,"ST1(12,3.0)+ST2(12,2.0)",10000,10424.08,424.08,4.24,350.0,3.5,231.78600000000003,-101.02,128.77,-101.02,193.15500000000003,-101.02,57.14,42.86,1.7,30.29,14,8,6,0,2,2,1.5,1.5,0,0,0,0,87.61,1.5,5,0.5,1030.16,606.12,4.5%,"SOL_INR_5m_ST1(12,3.0)+ST2(12,2.0)_SL1.5pct_1-3",2,0
SOL/INR,5m,2026-09-17 to 2026-09-24 (7D),1963,12,3.0,10,2.0,"ST1(12,3.0)+ST2(10,2.0)",1.5%,1:3,1%,1.5,3.0,"ST1(12,3.0)+ST2(10,2.0)",10000,10424.08,424.08,4.24,350.0,3.5,231.78600000000003,-101.02,128.77,-101.02,193.15500000000003,-101.02,57.14,42.86,1.7,30.29,14,8,6,0,2,2,1.5,1.5,0,0,0,0,87.61,1.5,5,0.5,1030.16,606.12,4.5%,"SOL_INR_5m_ST1(12,3.0)+ST2(10,2.0)_SL1.5pct_1-3",2,0
SOL/INR,5m,2026-09-17 to 2026-09-24 (7D),1963,12,3.0,7,2.0,"ST1(12,3.0)+ST2(7,2.0)",1.5%,1:3,1%,1.5,3.0,"ST1(12,3.0)+ST2(7,2.0)",10000,10424.08,424.08,4.24,350.0,3.5,231.78600000000003,-101.02,128.77,-101.02,193.15500000000003,-101.02,57.14,42.86,1.7,30.29,14,8,6,0,2,2,1.5,1.5,0,0,0,0,87.61,1.5,5,0.5,1030.16,606.12,4.5%,"SOL_INR_5m_ST1(12,3.0)+ST2(7,2.0)_SL1.5pct_1-3",2,0
SOL/INR,5m,2026-09-17 to 2026-09-24 (7D),1963,12,2.0,14,3.0,"ST1(12,2.0)+ST2(14,3.0)",1.5%,1:3,1%,1.5,3.0,"ST1(12,2.0)+ST2(14,3.0)",10000,10424.08,424.08,4.24,350.0,3.5,231.78600000000003,-101.02,128.77,-101.02,193.15500000000003,-101.02,57.14,42.86,1.7,30.29,14,8,6,0,2,2,1.5,1.5,0,0,0,0,87.61,1.5,5,0.5,1030.16,606.12,4.5%,"SOL_INR_5m_ST1(12,2.0)+ST2(14,3.0)_SL1.5pct_1-3",2,0
SOL/INR,5m,2026-09-17 to 2026-09-24 (7D),1963,12,2.0,12,3.0,"ST1(12,2.0)+ST2(12,3.0)",1.5%,1:3,1%,1.5,3.0,"ST1(12,2.0)+ST2(12,3.0)",10000,10424.08,424.08,4.24,350.0,3.5,231.78600000000003,-101.02,128.77,-101.02,193.15500000000003,-101.02,57.14,42.86,1.7,30.29,14,8,6,0,2,2,1.5,1.5,0,0,0,0,87.61,1.5,5,0.5,1030.16,606.12,4.5%,"SOL_INR_5m_ST1(12,2.0)+ST2(12,3.0)_SL1.5pct_1-3",2,0
SOL/INR,5m,2026-09-17 to 2026-09-24 (7D),1963,10,3.0,10,2.0,"ST1(10,3.0)+ST2(10,2.0)",1.5%,1:3,1%,1.5,3.0,"ST1(10,3.0)+ST2(10,2.0)",10000,10424.08,424.08,4.24,350.0,3.5,231.78600000000003,-101.02,128.77,-101.02,193.15500000000003,-101.02,57.14,42.86,1.7,30.29,14,8,6,0,2,2,1.5,1.5,0,0,0,0,87.61,1.5,5,0.5,1030.16,606.12,4.5%,"SOL_INR_5m_ST1(10,3.0)+ST2(10,2.0)_SL1.5pct_1-3",2,0
SOL/INR,5m,2026-09-17 to 2026-09-24 (7D),1963,10,3.0,7,2.0,"ST1(10,3.0)+ST2(7,2.0)",1.5%,1:3,1%,1.5,3.0,"ST1(10,3.0)+ST2(7,2.0)",10000,10424.08,424.08,4.24,350.0,3.5,231.78600000000003,-101.02,128.77,-101.02,193.15500000000003,-101.02,57.14,42.86,1.7,30.29,14,8,6,0,2,2,1.5,1.5,0,0,0,0,87.61,1.5,5,0.5,1030.16,606.12,4.5%,"SOL_INR_5m_ST1(10,3.0)+ST2(7,2.0)_SL1.5pct_1-3",2,0
SOL/INR,5m,2026-09-17 to 2026-09-24 (7D),1963,10,2.0,14,3.0,"ST1(10,2.0)+ST2(14,3.0)",1.5%,1:3,1%,1.5,3.0,"ST1(10,2.0)+ST2(14,3.0)",10000,10424.08,424.08,4.24,350.0,3.5,231.78600000000003,-101.02,128.77,-101.02,193.15500000000003,-101.02,57.14,42.86,1.7,30.29,14,8,6,0,2,2,1.5,1.5,0,0,0,0,87.61,1.5,5,0.5,1030.16,606.12,4.5%,"SOL_INR_5m_ST1(10,2.0)+ST2(14,3.0)_SL1.5pct_1-3",2,0
BTC/INR,15m,2026-07-25 to 2026-09-24 (60D),5742,7,2.0,10,3.5,"ST1(7,2.0)+ST2(10,3.5)",1.5%,1:3,1%,1.5,3.0,"ST1(7,2.0)+ST2(10,3.5)",10000,10419.69,419.69,4.2,737.0,7.37,166.302,-62.53,92.39,-62.53,138.585,-62.53,43.75,56.25,1.15,5.25,80,35,45,0,2,2,1.5,1.5,0,0,0,0,74.73,1.5,5,0.5,3233.65,2813.85,4.5%,"BTC_INR_15m_ST1(7,2.0)+ST2(10,3.5)_SL1.5pct_1-3",0,1
BTC/INR,15m,2026-07-25 to 2026-09-24 (60D),5742,10,3.5,7,2.0,"ST1(10,3.5)+ST2(7,2.0)",1.5%,1:3,1%,1.5,3.0,"ST1(10,3.5)+ST2(7,2.0)",10000,10419.69,419.69,4.2,737.0,7.37,166.302,-62.53,92.39,-62.53,138.585,-62.53,43.75,56.25,1.15,5.25,80,35,45,0,2,2,1.5,1.5,0,0,0,0,74.73,1.5,5,0.5,3233.65,2813.85,4.5%,"BTC_INR_15m_ST1(10,3.5)+ST2(7,2.0)_SL1.5pct_1-3",0,1
BTC/INR,15m,2026-07-25 to 2026-09-24 (60D),5742,7,2.0,12,3.5,"ST1(7,2.0)+ST2(12,3.5)",1.5%,1:3,1%,1.5,3.0,"ST1(7,2.0)+ST2(12,3.5)",10000,10418.93,418.93,4.19,737.0,7.37,166.302,-62.55,92.39,-62.55,138.585,-62.55,43.75,56.25,1.15,5.24,80,35,45,0,2,2,1.5,1.5,0,0,0,0,75.74,1.5,5,0.5,3233.65,2814.75,4.5%,"BTC_INR_15m_ST1(7,2.0)+ST2(12,3.5)_SL1.5pct_1-3",0,1
BTC/INR,15m,2026-07-25 to 2026-09-24 (60D),5742,12,3.5,7,2.0,"ST1(12,3.5)+ST2(7,2.0)",1.5%,1:3,1%,1.5,3.0,"ST1(12,3.5)+ST2(7,2.0)",10000,10418.93,418.93,4.19,737.0,7.37,166.302,-62.55,92.39,-62.55,138.585,-62.55,43.75,56.25,1.15,5.24,80,35,45,0,2,2,1.5,1.5,0,0,0,0,75.74,1.5,5,0.5,3233.65,2814.75,4.5%,"BTC_INR_15m_ST1(12,3.5)+ST2(7,2.0)_SL1.5pct_1-3",0,1
SOL/INR,5m,2026-09-17 to 2026-09-24 (7D),1963,10,2.0,7,3.5,"ST1(10,2.0)+ST2(7,3.5)",1.5%,1:3,1%,1.5,3.0,"ST1(10,2.0)+ST2(7,3.5)",10000,10417.36,417.36,4.17,350.0,3.5,263.178,-101.02,146.21,-101.02,219.315,-101.02,53.85,46.15,1.69,32.1,13,7,6,0,2,2,1.5,1.5,0,0,0,0,87.16,1.5,5,0.5,1023.47,606.12,4.5%,"SOL_INR_5m_ST1(10,2.0)+ST2(7,3.5)_SL1.5pct_1-3",2,0
SOL/INR,5m,2026-09-17 to 2026-09-24 (7D),1963,12,2.0,7,3.5,"ST1(12,2.0)+ST2(7,3.5)",1.5%,1:3,1%,1.5,3.0,"ST1(12,2.0)+ST2(7,3.5)",10000,10417.36,417.36,4.17,350.0,3.5,263.178,-101.02,146.21,-101.02,219.315,-101.02,53.85,46.15,1.69,32.1,13,7,6,0,2,2,1.5,1.5,0,0,0,0,87.16,1.5,5,0.5,1023.47,606.12,4.5%,"SOL_INR_5m_ST1(12,2.0)+ST2(7,3.5)_SL1.5pct_1-3",2,0
SOL/INR,5m,2026-09-17 to 2026-09-24 (7D),1963,7,2.0,7,3.5,"ST1(7,2.0)+ST2(7,3.5)",1.5%,1:3,1%,1.5,3.0,"ST1(7,2.0)+ST2(7,3.5)",10000,10417.36,417.36,4.17,350.0,3.5,263.178,-101.02,146.21,-101.02,219.315,-101.02,53.85,46.15,1.69,32.1,13,7,6,0,2,2,1.5,1.5,0,0,0,0,87.16,1.5,5,0.5,1023.47,606.12,4.5%,"SOL_INR_5m_ST1(7,2.0)+ST2(7,3.5)_SL1.5pct_1-3",2,0
SOL/INR,5m,2026-09-17 to 2026-09-24 (7D),1963,7,3.5,12,2.0,"ST1(7,3.5)+ST2(12,2.0)",1.5%,1:3,1%,1.5,3.0,"ST1(7,3.5)+ST2(12,2.0)",10000,10417.36,417.36,4.17,350.0,3.5,263.178,-101.02,146.21,-101.02,219.315,-101.02,53.85,46.15,1.69,32.1,13,7,6,0,2,2,1.5,1.5,0,0,0,0,87.16,1.5,5,0.5,1023.47,606.12,4.5%,"SOL_INR_5m_ST1(7,3.5)+ST2(12,2.0)_SL1.5pct_1-3",2,0
SOL/INR,5m,2026-09-17 to 2026-09-24 (7D),1963,7,3.5,10,2.0,"ST1(7,3.5)+ST2(10,2.0)",1.5%,1:3,1%,1.5,3.0,"ST1(7,3.5)+ST2(10,2.0)",10000,10417.36,417.36,4.17,350.0,3.5,263.178,-101.02,146.21,-101.02,219.315,-101.02,53.85,46.15,1.69,32.1,13,7,6,0,2,2,1.5,1.5,0,0,0,0,87.16,1.5,5,0.5,1023.47,606.12,4.5%,"SOL_INR_5m_ST1(7,3.5)+ST2(10,2.0)_SL1.5pct_1-3",2,0
SOL/INR,5m,2026-09-17 to 2026-09-24 (7D),1963,7,3.5,7,2.0,"ST1(7,3.5)+ST2(7,2.0)",1.5%,1:3,1%,1.5,3.0,"ST1(7,3.5)+ST2(7,2.0)",10000,10417.36,417.36,4.17,350.0,3.5,263.178,-101.02,146.21,-101.02,219.315,-101.02,53.85,46.15,1.69,32.1,13,7,6,0,2,2,1.5,1.5,0,0,0,0,87.16,1.5,5,0.5,1023.47,606.12,4.5%,"SOL_INR_5m_ST1(7,3.5)+ST2(7,2.0)_SL1.5pct_1-3",2,0
SOL/INR,30m,2026-07-25 to 2026-09-24 (60D),2872,12,3.0,10,3.5,"ST1(12,3.0)+ST2(10,3.5)",1.5%,1:3,1%,1.5,3.0,"ST1(12,3.0)+ST2(10,3.5)",10000,10411.02,411.02,4.11,800.0,8.0,248.76,-91.28,138.2,-91.28,207.3,-91.28,41.86,58.14,1.09,4.78,86,36,50,0,2,2,1.5,1.5,0,0,0,0,58.97,1.5,5,0.5,4975.2,4564.0,4.5%,"SOL_INR_30m_ST1(12,3.0)+ST2(10,3.5)_SL1.5pct_1-3",2,2
SOL/INR,30m,2026-07-25 to 2026-09-24 (60D),2872,10,3.5,12,3.0,"ST1(10,3.5)+ST2(12,3.0)",1.5%,1:3,1%,1.5,3.0,"ST1(10,3.5)+ST2(12,3.0)",10000,10411.02,411.02,4.11,800.0,8.0,248.76,-91.28,138.2,-91.28,207.3,-91.28,41.86,58.14,1.09,4.78,86,36,50,0,2,2,1.5,1.5,0,0,0,0,58.97,1.5,5,0.5,4975.2,4564.0,4.5%,"SOL_INR_30m_ST1(10,3.5)+ST2(12,3.0)_SL1.5pct_1-3",2,2
SOL/INR,5m,2026-09-17 to 2026-09-24 (7D),1963,12,3.0,14,2.0,"ST1(12,3.0)+ST2(14,2.0)",1.5%,1:3,1%,1.5,3.0,"ST1(12,3.0)+ST2(14,2.0)",10000,10410.77,410.77,4.11,362.0,3.62,231.78600000000003,-103.24,128.77,-103.24,193.15500000000003,-103.24,57.14,42.86,1.66,29.34,14,8,6,0,2,2,1.5,1.5,0,0,0,0,86.9,1.5,5,0.5,1030.16,619.4399999999999,4.5%,"SOL_INR_5m_ST1(12,3.0)+ST2(14,2.0)_SL1.5pct_1-3",2,0
SOL/INR,5m,2026-09-17 to 2026-09-24 (7D),1963,14,2.0,10,3.0,"ST1(14,2.0)+ST2(10,3.0)",1.5%,1:3,1%,1.5,3.0,"ST1(14,2.0)+ST2(10,3.0)",10000,10410.77,410.77,4.11,362.0,3.62,231.78600000000003,-103.24,128.77,-103.24,193.15500000000003,-103.24,57.14,42.86,1.66,29.34,14,8,6,0,2,2,1.5,1.5,0,0,0,0,86.9,1.5,5,0.5,1030.16,619.4399999999999,4.5%,"SOL_INR_5m_ST1(14,2.0)+ST2(10,3.0)_SL1.5pct_1-3",2,0
SOL/INR,5m,2026-09-17 to 2026-09-24 (7D),1963,14,2.0,12,3.0,"ST1(14,2.0)+ST2(12,3.0)",1.5%,1:3,1%,1.5,3.0,"ST1(14,2.0)+ST2(12,3.0)",10000,10410.77,410.77,4.11,362.0,3.62,231.78600000000003,-103.24,128.77,-103.24,193.15500000000003,-103.24,57.14,42.86,1.66,29.34,14,8,6,0,2,2,1.5,1.5,0,0,0,0,86.9,1.5,5,0.5,1030.16,619.4399999999999,4.5%,"SOL_INR_5m_ST1(14,2.0)+ST2(12,3.0)_SL1.5pct_1-3",2,0
SOL/INR,5m,2026-09-17 to 2026-09-24 (7D),1963,14,2.0,14,3.0,"ST1(14,2.0)+ST2(14,3.0)",1.5%,1:3,1%,1.5,3.0,"ST1(14,2.0)+ST2(14,3.0)",10000,10410.77,410.77,4.11,362.0,3.62,231.78600000000003,-103.24,128.77,-103.24,193.15500000000003,-103.24,57.14,42.86,1.66,29.34,14,8,6,0,2,2,1.5,1.5,0,0,0,0,86.9,1.5,5,0.5,1030.16,619.4399999999999,4.5%,"SOL_INR_5m_ST1(14,2.0)+ST2(14,3.0)_SL1.5pct_1-3",2,0
SOL/INR,5m,2026-09-17 to 2026-09-24 (7D),1963,7,3.0,14,2.0,"ST1(7,3.0)+ST2(14,2.0)",1.5%,1:3,1%,1.5,3.0,"ST1(7,3.0)+ST2(14,2.0)",10000,10410.77,410.77,4.11,362.0,3.62,231.78600000000003,-103.24,128.77,-103.24,193.15500000000003,-103.24,57.14,42.86,1.66,29.34,14,8,6,0,2,2,1.5,1.5,0,0,0,0,86.9,1.5,5,0.5,1030.16,619.4399999999999,4.5%,"SOL_INR_5m_ST1(7,3.0)+ST2(14,2.0)_SL1.5pct_1-3",2,0
SOL/INR,5m,2026-09-17 to 2026-09-24 (7D),1963,14,3.0,14,2.0,"ST1(14,3.0)+ST2(14,2.0)",1.5%,1:3,1%,1.5,3.0,"ST1(14,3.0)+ST2(14,2.0)",10000,10410.77,410.77,4.11,362.0,3.62,231.78600000000003,-103.24,128.77,-103.24,193.15500000000003,-103.24,57.14,42.86,1.66,29.34,14,8,6,0,2,2,1.5,1.5,0,0,0,0,86.9,1.5,5,0.5,1030.16,619.4399999999999,4.5%,"SOL_INR_5m_ST1(14,3.0)+ST2(14,2.0)_SL1.5pct_1-3",2,0
SOL/INR,5m,2026-09-17 to 2026-09-24 (7D),1963,10,3.0,14,2.0,"ST1(10,3.0)+ST2(14,2.0)",1.5%,1:3,1%,1.5,3.0,"ST1(10,3.0)+ST2(14,2.0)",10000,10410.77,410.77,4.11,362.0,3.62,231.78600000000003,-103.24,128.77,-103.24,193.15500000000003,-103.24,57.14,42.86,1.66,29.34,14,8,6,0,2,2,1.5,1.5,0,0,0,0,86.9,1.5,5,0.5,1030.16,619.4399999999999,4.5%,"SOL_INR_5m_ST1(10,3.0)+ST2(14,2.0)_SL1.5pct_1-3",2,0
SOL/INR,5m,2026-09-17 to 2026-09-24 (7D),1963,14,2.0,7,3.0,"ST1(14,2.0)+ST2(7,3.0)",1.5%,1:3,1%,1.5,3.0,"ST1(14,2.0)+ST2(7,3.0)",10000,10410.77,410.77,4.11,362.0,3.62,231.78600000000003,-103.24,128.77,-103.24,193.15500000000003,-103.24,57.14,42.86,1.66,29.34,14,8,6,0,2,2,1.5,1.5,0,0,0,0,86.9,1.5,5,0.5,1030.16,619.4399999999999,4.5%,"SOL_INR_5m_ST1(14,2.0)+ST2(7,3.0)_SL1.5pct_1-3",2,0
BTC/INR,15m,2026-07-25 to 2026-09-24 (60D),5742,7,4.0,7,3.5,"ST1(7,4.0)+ST2(7,3.5)",1.5%,1:3,1%,1.5,3.0,"ST1(7,4.0)+ST2(7,3.5)",10000,10409.25,409.25,4.09,551.0,5.51,151.36200000000002,-66.75,84.09,-66.75,126.135,-66.75,47.56,52.44,1.14,4.99,82,39,43,0,2,2,1.5,1.5,0,0,0,0,82.93,1.5,5,0.5,3279.51,2870.25,4.5%,"BTC_INR_15m_ST1(7,4.0)+ST2(7,3.5)_SL1.5pct_1-3",0,1
BTC/INR,15m,2026-07-25 to 2026-09-24 (60D),5742,7,3.5,7,4.0,"ST1(7,3.5)+ST2(7,4.0)",1.5%,1:3,1%,1.5,3.0,"ST1(7,3.5)+ST2(7,4.0)",10000,10409.25,409.25,4.09,551.0,5.51,151.36200000000002,-66.75,84.09,-66.75,126.135,-66.75,47.56,52.44,1.14,4.99,82,39,43,0,2,2,1.5,1.5,0,0,0,0,82.93,1.5,5,0.5,3279.51,2870.25,4.5%,"BTC_INR_15m_ST1(7,3.5)+ST2(7,4.0)_SL1.5pct_1-3",0,1
SOL/INR,30m,2026-07-25 to 2026-09-24 (60D),2872,7,2.0,10,3.5,"ST1(7,2.0)+ST2(10,3.5)",1.5%,1:3,1%,1.5,3.0,"ST1(7,2.0)+ST2(10,3.5)",10000,10399.63,399.63,4.0,930.0,9.3,252.792,-88.23,140.44,-88.23,210.66,-88.23,40.74,59.26,1.09,4.93,81,33,48,0,2,2,1.5,1.5,0,0,0,0,56.77,1.5,5,0.5,4634.52,4235.04,4.5%,"SOL_INR_30m_ST1(7,2.0)+ST2(10,3.5)_SL1.5pct_1-3",2,2
SOL/INR,30m,2026-07-25 to 2026-09-24 (60D),2872,10,3.5,7,2.0,"ST1(10,3.5)+ST2(7,2.0)",1.5%,1:3,1%,1.5,3.0,"ST1(10,3.5)+ST2(7,2.0)",10000,10399.63,399.63,4.0,930.0,9.3,252.792,-88.23,140.44,-88.23,210.66,-88.23,40.74,59.26,1.09,4.93,81,33,48,0,2,2,1.5,1.5,0,0,0,0,56.77,1.5,5,0.5,4634.52,4235.04,4.5%,"SOL_INR_30m_ST1(10,3.5)+ST2(7,2.0)_SL1.5pct_1-3",2,2
SOL/INR,5m,2026-09-17 to 2026-09-24 (7D),1963,12,2.0,14,2.0,"ST1(12,2.0)+ST2(14,2.0)",1.5%,1:3,1%,1.5,3.0,"ST1(12,2.0)+ST2(14,2.0)",10000,10397.34,397.34,3.97,381.0,3.81,229.68,-107.3,127.6,-107.3,191.4,-107.3,56.25,43.75,1.53,24.83,16,9,7,0,2,2,1.5,1.5,0,0,0,0,90.57,1.5,5,0.5,1148.4,751.1,4.5%,"SOL_INR_5m_ST1(12,2.0)+ST2(14,2.0)_SL1.5pct_1-3",2,0
SOL/INR,5m,2026-09-17 to 2026-09-24 (7D),1963,14,2.0,12,2.0,"ST1(14,2.0)+ST2(12,2.0)",1.5%,1:3,1%,1.5,3.0,"ST1(14,2.0)+ST2(12,2.0)",10000,10397.34,397.34,3.97,381.0,3.81,229.68,-107.3,127.6,-107.3,191.4,-107.3,56.25,43.75,1.53,24.83,16,9,7,0,2,2,1.5,1.5,0,0,0,0,90.57,1.5,5,0.5,1148.4,751.1,4.5%,"SOL_INR_5m_ST1(14,2.0)+ST2(12,2.0)_SL1.5pct_1-3",2,0
BTC/INR,30m,2026-07-25 to 2026-09-24 (60D),2872,14,3.0,14,3.5,"ST1(14,3.0)+ST2(14,3.5)",1.5%,1:3,1%,1.5,3.0,"ST1(14,3.0)+ST2(14,3.5)",10000,10386.91,386.91,3.87,636.0,6.36,178.596,-66.41,99.22,-66.41,148.82999999999998,-66.41,43.48,56.52,1.15,5.61,69,30,39,0,2,2,1.5,1.5,0,0,0,0,66.88,1.5,5,0.5,2976.6,2589.99,4.5%,"BTC_INR_30m_ST1(14,3.0)+ST2(14,3.5)_SL1.5pct_1-3",0,2
BTC/INR,30m,2026-07-25 to 2026-09-24 (60D),2872,14,3.5,14,3.0,"ST1(14,3.5)+ST2(14,3.0)",1.5%,1:3,1%,1.5,3.0,"ST1(14,3.5)+ST2(14,3.0)",10000,10386.91,386.91,3.87,636.0,6.36,178.596,-66.41,99.22,-66.41,148.82999999999998,-66.41,43.48,56.52,1.15,5.61,69,30,39,0,2,2,1.5,1.5,0,0,0,0,66.88,1.5,5,0.5,2976.6,2589.99,4.5%,"BTC_INR_30m_ST1(14,3.5)+ST2(14,3.0)_SL1.5pct_1-3",0,2
ETH/INR,5m,2026-09-17 to 2026-09-24 (7D),1963,14,2.0,12,2.0,"ST1(14,2.0)+ST2(12,2.0)",1.5%,1:3,1%,1.5,3.0,"ST1(14,2.0)+ST2(12,2.0)",10000,10382.93,382.93,3.83,247.0,2.47,209.394,-71.9,116.33,-71.9,174.495,-71.9,53.85,46.15,1.89,29.46,13,7,6,0,2,2,1.5,1.5,0,0,0,0,90.72,1.5,5,0.5,814.31,431.4,4.5%,"ETH_INR_5m_ST1(14,2.0)+ST2(12,2.0)_SL1.5pct_1-3",1,0
ETH/INR,5m,2026-09-17 to 2026-09-24 (7D),1963,12,2.0,14,2.0,"ST1(12,2.0)+ST2(14,2.0)",1.5%,1:3,1%,1.5,3.0,"ST1(12,2.0)+ST2(14,2.0)",10000,10382.93,382.93,3.83,247.0,2.47,209.394,-71.9,116.33,-71.9,174.495,-71.9,53.85,46.15,1.89,29.46,13,7,6,0,2,2,1.5,1.5,0,0,0,0,90.72,1.5,5,0.5,814.31,431.4,4.5%,"ETH_INR_5m_ST1(12,2.0)+ST2(14,2.0)_SL1.5pct_1-3",1,0
ETH/INR,5m,2026-09-17 to 2026-09-24 (7D),1963,12,2.0,10,2.0,"ST1(12,2.0)+ST2(10,2.0)",1.5%,1:3,1%,1.5,3.0,"ST1(12,2.0)+ST2(10,2.0)",10000,10382.93,382.93,3.83,247.0,2.47,209.394,-71.9,116.33,-71.9,174.495,-71.9,53.85,46.15,1.89,29.46,13,7,6,0,2,2,1.5,1.5,0,0,0,0,90.72,1.5,5,0.5,814.31,431.4,4.5%,"ETH_INR_5m_ST1(12,2.0)+ST2(10,2.0)_SL1.5pct_1-3",1,0
ETH/INR,5m,2026-09-17 to 2026-09-24 (7D),1963,12,2.0,7,2.0,"ST1(12,2.0)+ST2(7,2.0)",1.5%,1:3,1%,1.5,3.0,"ST1(12,2.0)+ST2(7,2.0)",10000,10382.93,382.93,3.83,247.0,2.47,209.394,-71.9,116.33,-71.9,174.495,-71.9,53.85,46.15,1.89,29.46,13,7,6,0,2,2,1.5,1.5,0,0,0,0,90.72,1.5,5,0.5,814.31,431.4,4.5%,"ETH_INR_5m_ST1(12,2.0)+ST2(7,2.0)_SL1.5pct_1-3",1,0
ETH/INR,5m,2026-09-17 to 2026-09-24 (7D),1963,10,2.0,12,2.0,"ST1(10,2.0)+ST2(12,2.0)",1.5%,1:3,1%,1.5,3.0,"ST1(10,2.0)+ST2(12,2.0)",10000,10382.93,382.93,3.83,247.0,2.47,209.394,-71.9,116.33,-71.9,174.495,-71.9,53.85,46.15,1.89,29.46,13,7,6,0,2,2,1.5,1.5,0,0,0,0,90.72,1.5,5,0.5,814.31,431.4,4.5%,"ETH_INR_5m_ST1(10,2.0)+ST2(12,2.0)_SL1.5pct_1-3",1,0
ETH/INR,5m,2026-09-17 to 2026-09-24 (7D),1963,7,2.0,12,2.0,"ST1(7,2.0)+ST2(12,2.0)",1.5%,1:3,1%,1.5,3.0,"ST1(7,2.0)+ST2(12,2.0)",10000,10382.93,382.93,3.83,247.0,2.47,209.394,-71.9,116.33,-71.9,174.495,-71.9,53.85,46.15,1.89,29.46,13,7,6,0,2,2,1.5,1.5,0,0,0,0,90.72,1.5,5,0.5,814.31,431.4,4.5%,"ETH_INR_5m_ST1(7,2.0)+ST2(12,2.0)_SL1.5pct_1-3",1,0
BTC/INR,30m,2026-07-25 to 2026-09-24 (60D),2872,10,3.0,14,3.5,"ST1(10,3.0)+ST2(14,3.5)",1.5%,1:3,1%,1.5,3.0,"ST1(10,3.0)+ST2(14,3.5)",10000,10382.5,382.5,3.82,622.0,6.22,178.27200000000002,-64.71,99.04,-64.71,148.56,-64.71,42.86,57.14,1.15,5.46,70,30,40,0,2,2,1.5,1.5,0,0,0,0,68.93,1.5,5,0.5,2971.2000000000003,2588.4,4.5%,"BTC_INR_30m_ST1(10,3.0)+ST2(14,3.5)_SL1.5pct_1-3",0,2
BTC/INR,30m,2026-07-25 to 2026-09-24 (60D),2872,14,3.5,10,3.0,"ST1(14,3.5)+ST2(10,3.0)",1.5%,1:3,1%,1.5,3.0,"ST1(14,3.5)+ST2(10,3.0)",10000,10382.5,382.5,3.82,622.0,6.22,178.27200000000002,-64.71,99.04,-64.71,148.56,-64.71,42.86,57.14,1.15,5.46,70,30,40,0,2,2,1.5,1.5,0,0,0,0,68.93,1.5,5,0.5,2971.2000000000003,2588.4,4.5%,"BTC_INR_30m_ST1(14,3.5)+ST2(10,3.0)_SL1.5pct_1-3",0,2
SOL/INR,5m,2026-09-17 to 2026-09-24 (7D),1963,14,4.0,7,4.0,"ST1(14,4.0)+ST2(7,4.0)",1.5%,1:3,1%,1.5,3.0,"ST1(14,4.0)+ST2(7,4.0)",10000,10378.71,378.71,3.79,330.0,3.3,220.068,-103.09,122.26,-103.09,183.39,-103.09,56.25,43.75,1.52,23.67,16,9,7,0,2,2,1.5,1.5,0,0,0,0,83.54,1.5,5,0.5,1100.34,721.63,4.5%,"SOL_INR_5m_ST1(14,4.0)+ST2(7,4.0)_SL1.5pct_1-3",2,0
SOL/INR,5m,2026-09-17 to 2026-09-24 (7D),1963,7,4.0,14,4.0,"ST1(7,4.0)+ST2(14,4.0)",1.5%,1:3,1%,1.5,3.0,"ST1(7,4.0)+ST2(14,4.0)",10000,10378.71,378.71,3.79,330.0,3.3,220.068,-103.09,122.26,-103.09,183.39,-103.09,56.25,43.75,1.52,23.67,16,9,7,0,2,2,1.5,1.5,0,0,0,0,83.54,1.5,5,0.5,1100.34,721.63,4.5%,"SOL_INR_5m_ST1(7,4.0)+ST2(14,4.0)_SL1.5pct_1-3",2,0
BTC/INR,5m,2026-09-17 to 2026-09-24 (7D),1963,14,2.0,7,4.0,"ST1(14,2.0)+ST2(7,4.0)",1.5%,1:3,1%,1.5,3.0,"ST1(14,2.0)+ST2(7,4.0)",10000,10375.93,375.93,3.76,180.0,1.8,238.42800000000005,-83.77,132.46,-83.77,198.69,-83.77,54.55,45.45,1.9,34.17,11,6,5,0,2,2,1.5,1.5,0,0,0,0,84.76,1.5,5,0.5,794.76,418.85,4.5%,"BTC_INR_5m_ST1(14,2.0)+ST2(7,4.0)_SL1.5pct_1-3",0,0
BTC/INR,5m,2026-09-17 to 2026-09-24 (7D),1963,7,4.0,12,2.0,"ST1(7,4.0)+ST2(12,2.0)",1.5%,1:3,1%,1.5,3.0,"ST1(7,4.0)+ST2(12,2.0)",10000,10375.93,375.93,3.76,180.0,1.8,238.42800000000005,-83.77,132.46,-83.77,198.69,-83.77,54.55,45.45,1.9,34.17,11,6,5,0,2,2,1.5,1.5,0,0,0,0,84.76,1.5,5,0.5,794.76,418.85,4.5%,"BTC_INR_5m_ST1(7,4.0)+ST2(12,2.0)_SL1.5pct_1-3",0,0
BTC/INR,5m,2026-09-17 to 2026-09-24 (7D),1963,12,2.0,7,4.0,"ST1(12,2.0)+ST2(7,4.0)",1.5%,1:3,1%,1.5,3.0,"ST1(12,2.0)+ST2(7,4.0)",10000,10375.93,375.93,3.76,180.0,1.8,238.42800000000005,-83.77,132.46,-83.77,198.69,-83.77,54.55,45.45,1.9,34.17,11,6,5,0,2,2,1.5,1.5,0,0,0,0,84.76,1.5,5,0.5,794.76,418.85,4.5%,"BTC_INR_5m_ST1(12,2.0)+ST2(7,4.0)_SL1.5pct_1-3",0,0
BTC/INR,5m,2026-09-17 to 2026-09-24 (7D),1963,7,4.0,14,2.0,"ST1(7,4.0)+ST2(14,2.0)",1.5%,1:3,1%,1.5,3.0,"ST1(7,4.0)+ST2(14,2.0)",10000,10375.93,375.93,3.76,180.0,1.8,238.42800000000005,-83.77,132.46,-83.77,198.69,-83.77,54.55,45.45,1.9,34.17,11,6,5,0,2,2,1.5,1.5,0,0,0,0,84.76,1.5,5,0.5,794.76,418.85,4.5%,"BTC_INR_5m_ST1(7,4.0)+ST2(14,2.0)_SL1.5pct_1-3",0,0
BTC/INR,5m,2026-09-17 to 2026-09-24 (7D),1963,7,2.0,14,4.0,"ST1(7,2.0)+ST2(14,4.0)",1.5%,1:3,1%,1.5,3.0,"ST1(7,2.0)+ST2(14,4.0)",10000,10372.72,372.72,3.73,228.0,2.28,156.42000000000002,-78.54,86.9,-78.54,130.35000000000002,-78.54,70.0,30.0,2.58,37.27,10,7,3,0,2,2,1.5,1.5,0,0,0,0,84.05,1.5,5,0.5,608.3000000000001,235.62,4.5%,"BTC_INR_5m_ST1(7,2.0)+ST2(14,4.0)_SL1.5pct_1-3",0,0
BTC/INR,5m,2026-09-17 to 2026-09-24 (7D),1963,14,4.0,7,2.0,"ST1(14,4.0)+ST2(7,2.0)",1.5%,1:3,1%,1.5,3.0,"ST1(14,4.0)+ST2(7,2.0)",10000,10372.72,372.72,3.73,228.0,2.28,156.42000000000002,-78.54,86.9,-78.54,130.35000000000002,-78.54,70.0,30.0,2.58,37.27,10,7,3,0,2,2,1.5,1.5,0,0,0,0,84.05,1.5,5,0.5,608.3000000000001,235.62,4.5%,"BTC_INR_5m_ST1(14,4.0)+ST2(7,2.0)_SL1.5pct_1-3",0,0
BTC/INR,5m,2026-09-17 to 2026-09-24 (7D),1963,10,4.0,7,2.0,"ST1(10,4.0)+ST2(7,2.0)",1.5%,1:3,1%,1.5,3.0,"ST1(10,4.0)+ST2(7,2.0)",10000,10372.72,372.72,3.73,228.0,2.28,156.42000000000002,-78.54,86.9,-78.54,130.35000000000002,-78.54,70.0,30.0,2.58,37.27,10,7,3,0,2,2,1.5,1.5,0,0,0,0,84.05,1.5,5,0.5,608.3000000000001,235.62,4.5%,"BTC_INR_5m_ST1(10,4.0)+ST2(7,2.0)_SL1.5pct_1-3",0,0
BTC/INR,5m,2026-09-17 to 2026-09-24 (7D),1963,7,2.0,10,4.0,"ST1(7,2.0)+ST2(10,4.0)",1.5%,1:3,1%,1.5,3.0,"ST1(7,2.0)+ST2(10,4.0)",10000,10372.72,372.72,3.73,228.0,2.28,156.42000000000002,-78.54,86.9,-78.54,130.35000000000002,-78.54,70.0,30.0,2.58,37.27,10,7,3,0,2,2,1.5,1.5,0,0,0,0,84.05,1.5,5,0.5,608.3000000000001,235.62,4.5%,"BTC_INR_5m_ST1(7,2.0)+ST2(10,4.0)_SL1.5pct_1-3",0,0
BTC/INR,5m,2026-09-17 to 2026-09-24 (7D),1963,7,2.0,12,4.0,"ST1(7,2.0)+ST2(12,4.0)",1.5%,1:3,1%,1.5,3.0,"ST1(7,2.0)+ST2(12,4.0)",10000,10372.72,372.72,3.73,228.0,2.28,156.42000000000002,-78.54,86.9,-78.54,130.35000000000002,-78.54,70.0,30.0,2.58,37.27,10,7,3,0,2,2,1.5,1.5,0,0,0,0,84.05,1.5,5,0.5,608.3000000000001,235.62,4.5%,"BTC_INR_5m_ST1(7,2.0)+ST2(12,4.0)_SL1.5pct_1-3",0,0
BTC/INR,5m,2026-09-17 to 2026-09-24 (7D),1963,12,4.0,7,2.0,"ST1(12,4.0)+ST2(7,2.0)",1.5%,1:3,1%,1.5,3.0,"ST1(12,4.0)+ST2(7,2.0)",10000,10372.72,372.72,3.73,228.0,2.28,156.42000000000002,-78.54,86.9,-78.54,130.35000000000002,-78.54,70.0,30.0,2.58,37.27,10,7,3,0,2,2,1.5,1.5,0,0,0,0,84.05,1.5,5,0.5,608.3000000000001,235.62,4.5%,"BTC_INR_5m_ST1(12,4.0)+ST2(7,2.0)_SL1.5pct_1-3",0,0
SOL/INR,15m,2026-07-25 to 2026-09-24 (60D),5742,7,4.0,7,3.0,"ST1(7,4.0)+ST2(7,3.0)",1.5%,1:3,1%,1.5,3.0,"ST1(7,4.0)+ST2(7,3.0)",10000,10372.69,372.69,3.73,903.0,9.03,208.854,-87.1,116.03,-87.1,174.04500000000002,-87.1,44.66,55.34,1.08,3.62,103,46,57,0,2,2,1.5,1.5,0,0,0,0,75.1,1.5,5,0.5,5337.38,4964.7,4.5%,"SOL_INR_15m_ST1(7,4.0)+ST2(7,3.0)_SL1.5pct_1-3",2,1
SOL/INR,15m,2026-07-25 to 2026-09-24 (60D),5742,7,3.0,7,4.0,"ST1(7,3.0)+ST2(7,4.0)",1.5%,1:3,1%,1.5,3.0,"ST1(7,3.0)+ST2(7,4.0)",10000,10372.69,372.69,3.73,903.0,9.03,208.854,-87.1,116.03,-87.1,174.04500000000002,-87.1,44.66,55.34,1.08,3.62,103,46,57,0,2,2,1.5,1.5,0,0,0,0,75.1,1.5,5,0.5,5337.38,4964.7,4.5%,"SOL_INR_15m_ST1(7,3.0)+ST2(7,4.0)_SL1.5pct_1-3",2,1
ETH/INR,5m,2026-09-17 to 2026-09-24 (7D),1963,10,3.0,12,2.0,"ST1(10,3.0)+ST2(12,2.0)",1.5%,1:3,1%,1.5,3.0,"ST1(10,3.0)+ST2(12,2.0)",10000,10372.18,372.18,3.72,247.0,2.47,241.074,-71.9,133.93,-71.9,200.895,-71.9,50.0,50.0,1.86,31.02,12,6,6,0,2,2,1.5,1.5,0,0,0,0,90.27,1.5,5,0.5,803.58,431.4,4.5%,"ETH_INR_5m_ST1(10,3.0)+ST2(12,2.0)_SL1.5pct_1-3",1,0
ETH/INR,5m,2026-09-17 to 2026-09-24 (7D),1963,12,2.0,12,3.0,"ST1(12,2.0)+ST2(12,3.0)",1.5%,1:3,1%,1.5,3.0,"ST1(12,2.0)+ST2(12,3.0)",10000,10372.18,372.18,3.72,247.0,2.47,241.074,-71.9,133.93,-71.9,200.895,-71.9,50.0,50.0,1.86,31.02,12,6,6,0,2,2,1.5,1.5,0,0,0,0,90.27,1.5,5,0.5,803.58,431.4,4.5%,"ETH_INR_5m_ST1(12,2.0)+ST2(12,3.0)_SL1.5pct_1-3",1,0
ETH/INR,5m,2026-09-17 to 2026-09-24 (7D),1963,12,2.0,14,3.0,"ST1(12,2.0)+ST2(14,3.0)",1.5%,1:3,1%,1.5,3.0,"ST1(12,2.0)+ST2(14,3.0)",10000,10372.18,372.18,3.72,247.0,2.47,241.074,-71.9,133.93,-71.9,200.895,-71.9,50.0,50.0,1.86,31.02,12,6,6,0,2,2,1.5,1.5,0,0,0,0,90.27,1.5,5,0.5,803.58,431.4,4.5%,"ETH_INR_5m_ST1(12,2.0)+ST2(14,3.0)_SL1.5pct_1-3",1,0
ETH/INR,5m,2026-09-17 to 2026-09-24 (7D),1963,14,3.0,12,2.0,"ST1(14,3.0)+ST2(12,2.0)",1.5%,1:3,1%,1.5,3.0,"ST1(14,3.0)+ST2(12,2.0)",10000,10372.18,372.18,3.72,247.0,2.47,241.074,-71.9,133.93,-71.9,200.895,-71.9,50.0,50.0,1.86,31.02,12,6,6,0,2,2,1.5,1.5,0,0,0,0,90.27,1.5,5,0.5,803.58,431.4,4.5%,"ETH_INR_5m_ST1(14,3.0)+ST2(12,2.0)_SL1.5pct_1-3",1,0
ETH/INR,5m,2026-09-17 to 2026-09-24 (7D),1963,12,3.0,12,2.0,"ST1(12,3.0)+ST2(12,2.0)",1.5%,1:3,1%,1.5,3.0,"ST1(12,3.0)+ST2(12,2.0)",10000,10372.18,372.18,3.72,247.0,2.47,241.074,-71.9,133.93,-71.9,200.895,-71.9,50.0,50.0,1.86,31.02,12,6,6,0,2,2,1.5,1.5,0,0,0,0,90.27,1.5,5,0.5,803.58,431.4,4.5%,"ETH_INR_5m_ST1(12,3.0)+ST2(12,2.0)_SL1.5pct_1-3",1,0
ETH/INR,5m,2026-09-17 to 2026-09-24 (7D),1963,12,2.0,10,3.0,"ST1(12,2.0)+ST2(10,3.0)",1.5%,1:3,1%,1.5,3.0,"ST1(12,2.0)+ST2(10,3.0)",10000,10372.18,372.18,3.72,247.0,2.47,241.074,-71.9,133.93,-71.9,200.895,-71.9,50.0,50.0,1.86,31.02,12,6,6,0,2,2,1.5,1.5,0,0,0,0,90.27,1.5,5,0.5,803.58,431.4,4.5%,"ETH_INR_5m_ST1(12,2.0)+ST2(10,3.0)_SL1.5pct_1-3",1,0
SOL/INR,15m,2026-07-25 to 2026-09-24 (60D),5742,10,4.0,10,3.0,"ST1(10,4.0)+ST2(10,3.0)",1.5%,1:3,1%,1.5,3.0,"ST1(10,4.0)+ST2(10,3.0)",10000,10369.25,369.25,3.69,1044.0,10.44,214.992,-84.24,119.44,-84.24,179.16,-84.24,43.14,56.86,1.08,3.62,102,44,58,0,2,2,1.5,1.5,0,0,0,0,74.42,1.5,5,0.5,5255.36,4885.92,4.5%,"SOL_INR_15m_ST1(10,4.0)+ST2(10,3.0)_SL1.5pct_1-3",2,1
SOL/INR,15m,2026-07-25 to 2026-09-24 (60D),5742,10,3.0,10,4.0,"ST1(10,3.0)+ST2(10,4.0)",1.5%,1:3,1%,1.5,3.0,"ST1(10,3.0)+ST2(10,4.0)",10000,10369.25,369.25,3.69,1044.0,10.44,214.992,-84.24,119.44,-84.24,179.16,-84.24,43.14,56.86,1.08,3.62,102,44,58,0,2,2,1.5,1.5,0,0,0,0,74.42,1.5,5,0.5,5255.36,4885.92,4.5%,"SOL_INR_15m_ST1(10,3.0)+ST2(10,4.0)_SL1.5pct_1-3",2,1
BTC/INR,30m,2026-07-25 to 2026-09-24 (60D),2872,14,3.0,10,3.5,"ST1(14,3.0)+ST2(10,3.5)",1.5%,1:3,1%,1.5,3.0,"ST1(14,3.0)+ST2(10,3.5)",10000,10367.16,367.16,3.67,659.0,6.59,181.566,-63.95,100.87,-63.95,151.305,-63.95,42.03,57.97,1.14,5.32,69,29,40,0,2,2,1.5,1.5,0,0,0,0,65.69,1.5,5,0.5,2925.23,2558.0,4.5%,"BTC_INR_30m_ST1(14,3.0)+ST2(10,3.5)_SL1.5pct_1-3",0,2
BTC/INR,30m,2026-07-25 to 2026-09-24 (60D),2872,10,3.5,14,3.0,"ST1(10,3.5)+ST2(14,3.0)",1.5%,1:3,1%,1.5,3.0,"ST1(10,3.5)+ST2(14,3.0)",10000,10367.16,367.16,3.67,659.0,6.59,181.566,-63.95,100.87,-63.95,151.305,-63.95,42.03,57.97,1.14,5.32,69,29,40,0,2,2,1.5,1.5,0,0,0,0,65.69,1.5,5,0.5,2925.23,2558.0,4.5%,"BTC_INR_30m_ST1(10,3.5)+ST2(14,3.0)_SL1.5pct_1-3",0,2
BTC/INR,30m,2026-07-25 to 2026-09-24 (60D),2872,10,3.0,10,3.5,"ST1(10,3.0)+ST2(10,3.5)",1.5%,1:3,1%,1.5,3.0,"ST1(10,3.0)+ST2(10,3.5)",10000,10365.94,365.94,3.66,640.0,6.4,181.26,-62.3,100.7,-62.3,151.05,-62.3,41.43,58.57,1.14,5.23,70,29,41,0,2,2,1.5,1.5,0,0,0,0,67.61,1.5,5,0.5,2920.3,2554.3,4.5%,"BTC_INR_30m_ST1(10,3.0)+ST2(10,3.5)_SL1.5pct_1-3",0,2
BTC/INR,30m,2026-07-25 to 2026-09-24 (60D),2872,10,3.5,10,3.0,"ST1(10,3.5)+ST2(10,3.0)",1.5%,1:3,1%,1.5,3.0,"ST1(10,3.5)+ST2(10,3.0)",10000,10365.94,365.94,3.66,640.0,6.4,181.26,-62.3,100.7,-62.3,151.05,-62.3,41.43,58.57,1.14,5.23,70,29,41,0,2,2,1.5,1.5,0,0,0,0,67.61,1.5,5,0.5,2920.3,2554.3,4.5%,"BTC_INR_30m_ST1(10,3.5)+ST2(10,3.0)_SL1.5pct_1-3",0,2
BTC/INR,15m,2026-07-25 to 2026-09-24 (60D),5742,7,2.0,10,2.0,"ST1(7,2.0)+ST2(10,2.0)",1.5%,1:3,1%,1.5,3.0,"ST1(7,2.0)+ST2(10,2.0)",10000,10365.69,365.69,3.66,1086.0,10.86,173.826,-60.78,96.57,-60.78,144.855,-60.78,41.46,58.54,1.13,4.46,82,34,48,0,2,2,1.5,1.5,0,0,0,0,84.45,1.5,5,0.5,3283.38,2917.44,4.5%,"BTC_INR_15m_ST1(7,2.0)+ST2(10,2.0)_SL1.5pct_1-3",0,1
BTC/INR,15m,2026-07-25 to 2026-09-24 (60D),5742,10,2.0,7,2.0,"ST1(10,2.0)+ST2(7,2.0)",1.5%,1:3,1%,1.5,3.0,"ST1(10,2.0)+ST2(7,2.0)",10000,10365.69,365.69,3.66,1086.0,10.86,173.826,-60.78,96.57,-60.78,144.855,-60.78,41.46,58.54,1.13,4.46,82,34,48,0,2,2,1.5,1.5,0,0,0,0,84.45,1.5,5,0.5,3283.38,2917.44,4.5%,"BTC_INR_15m_ST1(10,2.0)+ST2(7,2.0)_SL1.5pct_1-3",0,1
BTC/INR,30m,2026-07-25 to 2026-09-24 (60D),2872,14,3.5,7,3.0,"ST1(14,3.5)+ST2(7,3.0)",1.5%,1:3,1%,1.5,3.0,"ST1(14,3.5)+ST2(7,3.0)",10000,10361.86,361.86,3.62,640.0,6.4,175.392,-65.67,97.44,-65.67,146.16,-65.67,43.48,56.52,1.14,5.24,69,30,39,0,2,2,1.5,1.5,0,0,0,0,66.18,1.5,5,0.5,2923.2,2561.13,4.5%,"BTC_INR_30m_ST1(14,3.5)+ST2(7,3.0)_SL1.5pct_1-3",0,2
BTC/INR,30m,2026-07-25 to 2026-09-24 (60D),2872,7,3.0,14,3.5,"ST1(7,3.0)+ST2(14,3.5)",1.5%,1:3,1%,1.5,3.0,"ST1(7,3.0)+ST2(14,3.5)",10000,10361.86,361.86,3.62,640.0,6.4,175.392,-65.67,97.44,-65.67,146.16,-65.67,43.48,56.52,1.14,5.24,69,30,39,0,2,2,1.5,1.5,0,0,0,0,66.18,1.5,5,0.5,2923.2,2561.13,4.5%,"BTC_INR_30m_ST1(7,3.0)+ST2(14,3.5)_SL1.5pct_1-3",0,2
BTC/INR,30m,2026-07-25 to 2026-09-24 (60D),2872,12,3.5,14,3.0,"ST1(12,3.5)+ST2(14,3.0)",1.5%,1:3,1%,1.5,3.0,"ST1(12,3.5)+ST2(14,3.0)",10000,10360.33,360.33,3.6,683.0,6.83,181.728,-64.19,100.96,-64.19,151.44,-64.19,42.03,57.97,1.14,5.22,69,29,40,0,2,2,1.5,1.5,0,0,0,0,65.97,1.5,5,0.5,2927.84,2567.6,4.5%,"BTC_INR_30m_ST1(12,3.5)+ST2(14,3.0)_SL1.5pct_1-3",0,2
BTC/INR,30m,2026-07-25 to 2026-09-24 (60D),2872,14,3.0,12,3.5,"ST1(14,3.0)+ST2(12,3.5)",1.5%,1:3,1%,1.5,3.0,"ST1(14,3.0)+ST2(12,3.5)",10000,10360.33,360.33,3.6,683.0,6.83,181.728,-64.19,100.96,-64.19,151.44,-64.19,42.03,57.97,1.14,5.22,69,29,40,0,2,2,1.5,1.5,0,0,0,0,65.97,1.5,5,0.5,2927.84,2567.6,4.5%,"BTC_INR_30m_ST1(14,3.0)+ST2(12,3.5)_SL1.5pct_1-3",0,2
BTC/INR,30m,2026-07-25 to 2026-09-24 (60D),2872,12,3.0,14,3.5,"ST1(12,3.0)+ST2(14,3.5)",1.5%,1:3,1%,1.5,3.0,"ST1(12,3.0)+ST2(14,3.5)",10000,10358.53,358.53,3.59,636.0,6.36,178.16400000000002,-65.27,98.98,-65.27,148.47,-65.27,42.86,57.14,1.14,5.12,70,30,40,0,2,2,1.5,1.5,0,0,0,0,68.55,1.5,5,0.5,2969.4,2610.8,4.5%,"BTC_INR_30m_ST1(12,3.0)+ST2(14,3.5)_SL1.5pct_1-3",0,2
BTC/INR,30m,2026-07-25 to 2026-09-24 (60D),2872,14,3.5,12,3.0,"ST1(14,3.5)+ST2(12,3.0)",1.5%,1:3,1%,1.5,3.0,"ST1(14,3.5)+ST2(12,3.0)",10000,10358.53,358.53,3.59,636.0,6.36,178.16400000000002,-65.27,98.98,-65.27,148.47,-65.27,42.86,57.14,1.14,5.12,70,30,40,0,2,2,1.5,1.5,0,0,0,0,68.55,1.5,5,0.5,2969.4,2610.8,4.5%,"BTC_INR_30m_ST1(14,3.5)+ST2(12,3.0)_SL1.5pct_1-3",0,2
BTC/INR,30m,2026-07-25 to 2026-09-24 (60D),2872,10,3.0,12,3.5,"ST1(10,3.0)+ST2(12,3.5)",1.5%,1:3,1%,1.5,3.0,"ST1(10,3.0)+ST2(12,3.5)",10000,10355.93,355.93,3.56,663.0,6.63,181.386,-62.6,100.77,-62.6,151.155,-62.6,41.43,58.57,1.14,5.08,70,29,41,0,2,2,1.5,1.5,0,0,0,0,68.03,1.5,5,0.5,2922.33,2566.6,4.5%,"BTC_INR_30m_ST1(10,3.0)+ST2(12,3.5)_SL1.5pct_1-3",0,2
BTC/INR,30m,2026-07-25 to 2026-09-24 (60D),2872,12,3.5,10,3.0,"ST1(12,3.5)+ST2(10,3.0)",1.5%,1:3,1%,1.5,3.0,"ST1(12,3.5)+ST2(10,3.0)",10000,10355.93,355.93,3.56,663.0,6.63,181.386,-62.6,100.77,-62.6,151.155,-62.6,41.43,58.57,1.14,5.08,70,29,41,0,2,2,1.5,1.5,0,0,0,0,68.03,1.5,5,0.5,2922.33,2566.6,4.5%,"BTC_INR_30m_ST1(12,3.5)+ST2(10,3.0)_SL1.5pct_1-3",0,2
SOL/INR,30m,2026-07-25 to 2026-09-24 (60D),2872,7,3.5,7,2.0,"ST1(7,3.5)+ST2(7,2.0)",1.5%,1:3,1%,1.5,3.0,"ST1(7,3.5)+ST2(7,2.0)",10000,10352.96,352.96,3.53,1087.0,10.87,255.834,-90.36,142.13,-90.36,213.195,-90.36,40.74,59.26,1.08,4.36,81,33,48,0,2,2,1.5,1.5,0,0,0,0,56.67,1.5,5,0.5,4690.29,4337.28,4.5%,"SOL_INR_30m_ST1(7,3.5)+ST2(7,2.0)_SL1.5pct_1-3",2,2
SOL/INR,30m,2026-07-25 to 2026-09-24 (60D),2872,7,2.0,7,3.5,"ST1(7,2.0)+ST2(7,3.5)",1.5%,1:3,1%,1.5,3.0,"ST1(7,2.0)+ST2(7,3.5)",10000,10352.96,352.96,3.53,1087.0,10.87,255.834,-90.36,142.13,-90.36,213.195,-90.36,40.74,59.26,1.08,4.36,81,33,48,0,2,2,1.5,1.5,0,0,0,0,56.67,1.5,5,0.5,4690.29,4337.28,4.5%,"SOL_INR_30m_ST1(7,2.0)+ST2(7,3.5)_SL1.5pct_1-3",2,2
BTC/INR,30m,2026-07-25 to 2026-09-24 (60D),2872,10,3.5,12,3.0,"ST1(10,3.5)+ST2(12,3.0)",1.5%,1:3,1%,1.5,3.0,"ST1(10,3.5)+ST2(12,3.0)",10000,10342.01,342.01,3.42,659.0,6.59,181.17,-62.85,100.65,-62.85,150.97500000000002,-62.85,41.43,58.57,1.13,4.89,70,29,41,0,2,2,1.5,1.5,0,0,0,0,67.22,1.5,5,0.5,2918.8500000000004,2576.85,4.5%,"BTC_INR_30m_ST1(10,3.5)+ST2(12,3.0)_SL1.5pct_1-3",0,2
BTC/INR,30m,2026-07-25 to 2026-09-24 (60D),2872,12,3.0,10,3.5,"ST1(12,3.0)+ST2(10,3.5)",1.5%,1:3,1%,1.5,3.0,"ST1(12,3.0)+ST2(10,3.5)",10000,10342.01,342.01,3.42,659.0,6.59,181.17,-62.85,100.65,-62.85,150.97500000000002,-62.85,41.43,58.57,1.13,4.89,70,29,41,0,2,2,1.5,1.5,0,0,0,0,67.22,1.5,5,0.5,2918.8500000000004,2576.85,4.5%,"BTC_INR_30m_ST1(12,3.0)+ST2(10,3.5)_SL1.5pct_1-3",0,2
BTC/INR,15m,2026-07-25 to 2026-09-24 (60D),5742,10,2.0,7,4.0,"ST1(10,2.0)+ST2(7,4.0)",1.5%,1:3,1%,1.5,3.0,"ST1(10,2.0)+ST2(7,4.0)",10000,10340.92,340.92,3.41,845.0,8.45,162.55800000000002,-64.09,90.31,-64.09,135.465,-64.09,44.3,55.7,1.12,4.32,79,35,44,0,2,2,1.5,1.5,0,0,0,0,75.04,1.5,5,0.5,3160.85,2819.96,4.5%,"BTC_INR_15m_ST1(10,2.0)+ST2(7,4.0)_SL1.5pct_1-3",0,1
BTC/INR,15m,2026-07-25 to 2026-09-24 (60D),5742,7,4.0,10,2.0,"ST1(7,4.0)+ST2(10,2.0)",1.5%,1:3,1%,1.5,3.0,"ST1(7,4.0)+ST2(10,2.0)",10000,10340.92,340.92,3.41,845.0,8.45,162.55800000000002,-64.09,90.31,-64.09,135.465,-64.09,44.3,55.7,1.12,4.32,79,35,44,0,2,2,1.5,1.5,0,0,0,0,75.04,1.5,5,0.5,3160.85,2819.96,4.5%,"BTC_INR_15m_ST1(7,4.0)+ST2(10,2.0)_SL1.5pct_1-3",0,1
SOL/INR,30m,2026-07-25 to 2026-09-24 (60D),2872,7,2.0,10,4.0,"ST1(7,2.0)+ST2(10,4.0)",1.5%,1:3,1%,1.5,3.0,"ST1(7,2.0)+ST2(10,4.0)",10000,10336.74,336.74,3.37,988.0,9.88,264.51,-89.09,146.95,-89.09,220.425,-89.09,39.51,60.49,1.08,4.16,81,32,49,0,2,2,1.5,1.5,0,0,0,0,55.24,1.5,5,0.5,4702.4,4365.41,4.5%,"SOL_INR_30m_ST1(7,2.0)+ST2(10,4.0)_SL1.5pct_1-3",2,2
SOL/INR,30m,2026-07-25 to 2026-09-24 (60D),2872,10,4.0,7,2.0,"ST1(10,4.0)+ST2(7,2.0)",1.5%,1:3,1%,1.5,3.0,"ST1(10,4.0)+ST2(7,2.0)",10000,10336.74,336.74,3.37,988.0,9.88,264.51,-89.09,146.95,-89.09,220.425,-89.09,39.51,60.49,1.08,4.16,81,32,49,0,2,2,1.5,1.5,0,0,0,0,55.24,1.5,5,0.5,4702.4,4365.41,4.5%,"SOL_INR_30m_ST1(10,4.0)+ST2(7,2.0)_SL1.5pct_1-3",2,2
BTC/INR,30m,2026-07-25 to 2026-09-24 (60D),2872,10,3.0,12,4.0,"ST1(10,3.0)+ST2(12,4.0)",1.5%,1:3,1%,1.5,3.0,"ST1(10,3.0)+ST2(12,4.0)",10000,10333.96,333.96,3.34,640.0,6.4,178.758,-63.65,99.31,-63.65,148.965,-63.65,42.03,57.97,1.13,4.84,69,29,40,0,2,2,1.5,1.5,0,0,0,0,64.93,1.5,5,0.5,2879.99,2546.0,4.5%,"BTC_INR_30m_ST1(10,3.0)+ST2(12,4.0)_SL1.5pct_1-3",0,2
BTC/INR,30m,2026-07-25 to 2026-09-24 (60D),2872,12,4.0,10,3.0,"ST1(12,4.0)+ST2(10,3.0)",1.5%,1:3,1%,1.5,3.0,"ST1(12,4.0)+ST2(10,3.0)",10000,10333.96,333.96,3.34,640.0,6.4,178.758,-63.65,99.31,-63.65,148.965,-63.65,42.03,57.97,1.13,4.84,69,29,40,0,2,2,1.5,1.5,0,0,0,0,64.93,1.5,5,0.5,2879.99,2546.0,4.5%,"BTC_INR_30m_ST1(12,4.0)+ST2(10,3.0)_SL1.5pct_1-3",0,2
BTC/INR,30m,2026-07-25 to 2026-09-24 (60D),2872,12,3.5,12,3.0,"ST1(12,3.5)+ST2(12,3.0)",1.5%,1:3,1%,1.5,3.0,"ST1(12,3.5)+ST2(12,3.0)",10000,10332.03,332.03,3.32,683.0,6.83,181.296,-63.14,100.72,-63.14,151.07999999999998,-63.14,41.43,58.57,1.13,4.74,70,29,41,0,2,2,1.5,1.5,0,0,0,0,67.64,1.5,5,0.5,2920.88,2588.74,4.5%,"BTC_INR_30m_ST1(12,3.5)+ST2(12,3.0)_SL1.5pct_1-3",0,2
BTC/INR,30m,2026-07-25 to 2026-09-24 (60D),2872,12,3.0,12,3.5,"ST1(12,3.0)+ST2(12,3.5)",1.5%,1:3,1%,1.5,3.0,"ST1(12,3.0)+ST2(12,3.5)",10000,10332.03,332.03,3.32,683.0,6.83,181.296,-63.14,100.72,-63.14,151.07999999999998,-63.14,41.43,58.57,1.13,4.74,70,29,41,0,2,2,1.5,1.5,0,0,0,0,67.64,1.5,5,0.5,2920.88,2588.74,4.5%,"BTC_INR_30m_ST1(12,3.0)+ST2(12,3.5)_SL1.5pct_1-3",0,2
SOL/INR,30m,2026-07-25 to 2026-09-24 (60D),2872,14,4.0,10,3.5,"ST1(14,4.0)+ST2(10,3.5)",1.5%,1:3,1%,1.5,3.0,"ST1(14,4.0)+ST2(10,3.5)",10000,10328.38,328.38,3.28,902.0,9.02,265.59000000000003,-91.93,147.55,-91.93,221.325,-91.93,40.0,60.0,1.07,3.86,85,34,51,0,2,2,1.5,1.5,0,0,0,0,55.56,1.5,5,0.5,5016.700000000001,4688.43,4.5%,"SOL_INR_30m_ST1(14,4.0)+ST2(10,3.5)_SL1.5pct_1-3",2,2
SOL/INR,30m,2026-07-25 to 2026-09-24 (60D),2872,10,3.5,14,4.0,"ST1(10,3.5)+ST2(14,4.0)",1.5%,1:3,1%,1.5,3.0,"ST1(10,3.5)+ST2(14,4.0)",10000,10328.38,328.38,3.28,902.0,9.02,265.59000000000003,-91.93,147.55,-91.93,221.325,-91.93,40.0,60.0,1.07,3.86,85,34,51,0,2,2,1.5,1.5,0,0,0,0,55.56,1.5,5,0.5,5016.700000000001,4688.43,4.5%,"SOL_INR_30m_ST1(10,3.5)+ST2(14,4.0)_SL1.5pct_1-3",2,2
SOL/INR,5m,2026-09-17 to 2026-09-24 (7D),1963,14,2.0,14,3.5,"ST1(14,2.0)+ST2(14,3.5)",1.5%,1:3,1%,1.5,3.0,"ST1(14,2.0)+ST2(14,3.5)",10000,10322.46,322.46,3.22,437.0,4.37,263.178,-116.84,146.21,-116.84,219.315,-116.84,53.85,46.15,1.46,24.8,13,7,6,0,2,2,1.5,1.5,0,0,0,0,85.17,1.5,5,0.5,1023.47,701.04,4.5%,"SOL_INR_5m_ST1(14,2.0)+ST2(14,3.5)_SL1.5pct_1-3",2,0
SOL/INR,5m,2026-09-17 to 2026-09-24 (7D),1963,14,3.5,14,2.0,"ST1(14,3.5)+ST2(14,2.0)",1.5%,1:3,1%,1.5,3.0,"ST1(14,3.5)+ST2(14,2.0)",10000,10322.46,322.46,3.22,437.0,4.37,263.178,-116.84,146.21,-116.84,219.315,-116.84,53.85,46.15,1.46,24.8,13,7,6,0,2,2,1.5,1.5,0,0,0,0,85.17,1.5,5,0.5,1023.47,701.04,4.5%,"SOL_INR_5m_ST1(14,3.5)+ST2(14,2.0)_SL1.5pct_1-3",2,0
SOL/INR,30m,2026-07-25 to 2026-09-24 (60D),2872,10,3.5,7,4.0,"ST1(10,3.5)+ST2(7,4.0)",1.5%,1:3,1%,1.5,3.0,"ST1(10,3.5)+ST2(7,4.0)",10000,10317.43,317.43,3.17,886.0,8.86,248.76,-92.23,138.2,-92.23,207.3,-92.23,41.57,58.43,1.07,3.57,89,37,52,0,2,2,1.5,1.5,0,0,0,0,59.25,1.5,5,0.5,5113.4,4795.96,4.5%,"SOL_INR_30m_ST1(10,3.5)+ST2(7,4.0)_SL1.5pct_1-3",2,2
SOL/INR,30m,2026-07-25 to 2026-09-24 (60D),2872,7,4.0,10,3.5,"ST1(7,4.0)+ST2(10,3.5)",1.5%,1:3,1%,1.5,3.0,"ST1(7,4.0)+ST2(10,3.5)",10000,10317.43,317.43,3.17,886.0,8.86,248.76,-92.23,138.2,-92.23,207.3,-92.23,41.57,58.43,1.07,3.57,89,37,52,0,2,2,1.5,1.5,0,0,0,0,59.25,1.5,5,0.5,5113.4,4795.96,4.5%,"SOL_INR_30m_ST1(7,4.0)+ST2(10,3.5)_SL1.5pct_1-3",2,2
SOL/INR,30m,2026-07-25 to 2026-09-24 (60D),2872,10,3.5,7,3.5,"ST1(10,3.5)+ST2(7,3.5)",1.5%,1:3,1%,1.5,3.0,"ST1(10,3.5)+ST2(7,3.5)",10000,10309.99,309.99,3.1,898.0,8.98,247.014,-91.68,137.23,-91.68,205.845,-91.68,41.57,58.43,1.07,3.48,89,37,52,0,2,2,1.5,1.5,0,0,0,0,60.33,1.5,5,0.5,5077.509999999999,4767.360000000001,4.5%,"SOL_INR_30m_ST1(10,3.5)+ST2(7,3.5)_SL1.5pct_1-3",2,2
SOL/INR,30m,2026-07-25 to 2026-09-24 (60D),2872,7,3.5,10,3.5,"ST1(7,3.5)+ST2(10,3.5)",1.5%,1:3,1%,1.5,3.0,"ST1(7,3.5)+ST2(10,3.5)",10000,10309.99,309.99,3.1,898.0,8.98,247.014,-91.68,137.23,-91.68,205.845,-91.68,41.57,58.43,1.07,3.48,89,37,52,0,2,2,1.5,1.5,0,0,0,0,60.33,1.5,5,0.5,5077.509999999999,4767.360000000001,4.5%,"SOL_INR_30m_ST1(7,3.5)+ST2(10,3.5)_SL1.5pct_1-3",2,2
SOL/INR,5m,2026-09-17 to 2026-09-24 (7D),1963,14,3.5,7,2.0,"ST1(14,3.5)+ST2(7,2.0)",1.5%,1:3,1%,1.5,3.0,"ST1(14,3.5)+ST2(7,2.0)",10000,10301.4,301.4,3.01,457.0,4.57,263.178,-103.16,146.21,-103.16,219.315,-103.16,50.0,50.0,1.42,21.53,14,7,7,0,2,2,1.5,1.5,0,0,0,0,86.8,1.5,5,0.5,1023.47,722.12,4.5%,"SOL_INR_5m_ST1(14,3.5)+ST2(7,2.0)_SL1.5pct_1-3",2,0
SOL/INR,5m,2026-09-17 to 2026-09-24 (7D),1963,7,2.0,14,3.5,"ST1(7,2.0)+ST2(14,3.5)",1.5%,1:3,1%,1.5,3.0,"ST1(7,2.0)+ST2(14,3.5)",10000,10301.4,301.4,3.01,457.0,4.57,263.178,-103.16,146.21,-103.16,219.315,-103.16,50.0,50.0,1.42,21.53,14,7,7,0,2,2,1.5,1.5,0,0,0,0,86.8,1.5,5,0.5,1023.47,722.12,4.5%,"SOL_INR_5m_ST1(7,2.0)+ST2(14,3.5)_SL1.5pct_1-3",2,0
SOL/INR,5m,2026-09-17 to 2026-09-24 (7D),1963,10,2.0,14,3.5,"ST1(10,2.0)+ST2(14,3.5)",1.5%,1:3,1%,1.5,3.0,"ST1(10,2.0)+ST2(14,3.5)",10000,10301.4,301.4,3.01,457.0,4.57,263.178,-103.16,146.21,-103.16,219.315,-103.16,50.0,50.0,1.42,21.53,14,7,7,0,2,2,1.5,1.5,0,0,0,0,86.8,1.5,5,0.5,1023.47,722.12,4.5%,"SOL_INR_5m_ST1(10,2.0)+ST2(14,3.5)_SL1.5pct_1-3",2,0
SOL/INR,5m,2026-09-17 to 2026-09-24 (7D),1963,12,2.0,14,3.5,"ST1(12,2.0)+ST2(14,3.5)",1.5%,1:3,1%,1.5,3.0,"ST1(12,2.0)+ST2(14,3.5)",10000,10301.4,301.4,3.01,457.0,4.57,263.178,-103.16,146.21,-103.16,219.315,-103.16,50.0,50.0,1.42,21.53,14,7,7,0,2,2,1.5,1.5,0,0,0,0,86.8,1.5,5,0.5,1023.47,722.12,4.5%,"SOL_INR_5m_ST1(12,2.0)+ST2(14,3.5)_SL1.5pct_1-3",2,0
SOL/INR,5m,2026-09-17 to 2026-09-24 (7D),1963,14,3.5,12,2.0,"ST1(14,3.5)+ST2(12,2.0)",1.5%,1:3,1%,1.5,3.0,"ST1(14,3.5)+ST2(12,2.0)",10000,10301.4,301.4,3.01,457.0,4.57,263.178,-103.16,146.21,-103.16,219.315,-103.16,50.0,50.0,1.42,21.53,14,7,7,0,2,2,1.5,1.5,0,0,0,0,86.8,1.5,5,0.5,1023.47,722.12,4.5%,"SOL_INR_5m_ST1(14,3.5)+ST2(12,2.0)_SL1.5pct_1-3",2,0
SOL/INR,5m,2026-09-17 to 2026-09-24 (7D),1963,14,3.5,10,2.0,"ST1(14,3.5)+ST2(10,2.0)",1.5%,1:3,1%,1.5,3.0,"ST1(14,3.5)+ST2(10,2.0)",10000,10301.4,301.4,3.01,457.0,4.57,263.178,-103.16,146.21,-103.16,219.315,-103.16,50.0,50.0,1.42,21.53,14,7,7,0,2,2,1.5,1.5,0,0,0,0,86.8,1.5,5,0.5,1023.47,722.12,4.5%,"SOL_INR_5m_ST1(14,3.5)+ST2(10,2.0)_SL1.5pct_1-3",2,0
BTC/INR,15m,2026-07-25 to 2026-09-24 (60D),5742,12,3.5,7,4.0,"ST1(12,3.5)+ST2(7,4.0)",1.5%,1:3,1%,1.5,3.0,"ST1(12,3.5)+ST2(7,4.0)",10000,10301.21,301.21,3.01,647.0,6.47,155.394,-67.71,86.33,-67.71,129.495,-67.71,46.34,53.66,1.1,3.67,82,38,44,0,2,2,1.5,1.5,0,0,0,0,82.22,1.5,5,0.5,3280.54,2979.24,4.5%,"BTC_INR_15m_ST1(12,3.5)+ST2(7,4.0)_SL1.5pct_1-3",0,1
BTC/INR,15m,2026-07-25 to 2026-09-24 (60D),5742,7,4.0,12,3.5,"ST1(7,4.0)+ST2(12,3.5)",1.5%,1:3,1%,1.5,3.0,"ST1(7,4.0)+ST2(12,3.5)",10000,10301.21,301.21,3.01,647.0,6.47,155.394,-67.71,86.33,-67.71,129.495,-67.71,46.34,53.66,1.1,3.67,82,38,44,0,2,2,1.5,1.5,0,0,0,0,82.22,1.5,5,0.5,3280.54,2979.24,4.5%,"BTC_INR_15m_ST1(7,4.0)+ST2(12,3.5)_SL1.5pct_1-3",0,1
SOL/INR,15m,2026-07-25 to 2026-09-24 (60D),5742,14,3.5,10,3.0,"ST1(14,3.5)+ST2(10,3.0)",1.5%,1:3,1%,1.5,3.0,"ST1(14,3.5)+ST2(10,3.0)",10000,10291.26,291.26,2.91,1249.0,12.49,221.22000000000003,-85.89,122.9,-85.89,184.35,-85.89,42.45,57.55,1.06,2.75,106,45,61,0,2,2,1.5,1.5,0,0,0,0,76.56,1.5,5,0.5,5530.5,5239.29,4.5%,"SOL_INR_15m_ST1(14,3.5)+ST2(10,3.0)_SL1.5pct_1-3",2,1
SOL/INR,15m,2026-07-25 to 2026-09-24 (60D),5742,10,3.0,14,3.5,"ST1(10,3.0)+ST2(14,3.5)",1.5%,1:3,1%,1.5,3.0,"ST1(10,3.0)+ST2(14,3.5)",10000,10291.26,291.26,2.91,1249.0,12.49,221.22000000000003,-85.89,122.9,-85.89,184.35,-85.89,42.45,57.55,1.06,2.75,106,45,61,0,2,2,1.5,1.5,0,0,0,0,76.56,1.5,5,0.5,5530.5,5239.29,4.5%,"SOL_INR_15m_ST1(10,3.0)+ST2(14,3.5)_SL1.5pct_1-3",2,1
SOL/INR,15m,2026-07-25 to 2026-09-24 (60D),5742,7,4.0,14,3.5,"ST1(7,4.0)+ST2(14,3.5)",1.5%,1:3,1%,1.5,3.0,"ST1(7,4.0)+ST2(14,3.5)",10000,10287.93,287.93,2.88,1004.0,10.04,215.208,-86.31,119.56,-86.31,179.34,-86.31,43.27,56.73,1.06,2.77,104,45,59,0,2,2,1.5,1.5,0,0,0,0,74.97,1.5,5,0.5,5380.2,5092.29,4.5%,"SOL_INR_15m_ST1(7,4.0)+ST2(14,3.5)_SL1.5pct_1-3",2,1
SOL/INR,15m,2026-07-25 to 2026-09-24 (60D),5742,7,4.0,12,3.5,"ST1(7,4.0)+ST2(12,3.5)",1.5%,1:3,1%,1.5,3.0,"ST1(7,4.0)+ST2(12,3.5)",10000,10287.93,287.93,2.88,1004.0,10.04,215.208,-86.31,119.56,-86.31,179.34,-86.31,43.27,56.73,1.06,2.77,104,45,59,0,2,2,1.5,1.5,0,0,0,0,74.97,1.5,5,0.5,5380.2,5092.29,4.5%,"SOL_INR_15m_ST1(7,4.0)+ST2(12,3.5)_SL1.5pct_1-3",2,1
SOL/INR,15m,2026-07-25 to 2026-09-24 (60D),5742,12,3.5,7,4.0,"ST1(12,3.5)+ST2(7,4.0)",1.5%,1:3,1%,1.5,3.0,"ST1(12,3.5)+ST2(7,4.0)",10000,10287.93,287.93,2.88,1004.0,10.04,215.208,-86.31,119.56,-86.31,179.34,-86.31,43.27,56.73,1.06,2.77,104,45,59,0,2,2,1.5,1.5,0,0,0,0,74.97,1.5,5,0.5,5380.2,5092.29,4.5%,"SOL_INR_15m_ST1(12,3.5)+ST2(7,4.0)_SL1.5pct_1-3",2,1
SOL/INR,15m,2026-07-25 to 2026-09-24 (60D),5742,14,3.5,7,4.0,"ST1(14,3.5)+ST2(7,4.0)",1.5%,1:3,1%,1.5,3.0,"ST1(14,3.5)+ST2(7,4.0)",10000,10287.93,287.93,2.88,1004.0,10.04,215.208,-86.31,119.56,-86.31,179.34,-86.31,43.27,56.73,1.06,2.77,104,45,59,0,2,2,1.5,1.5,0,0,0,0,74.97,1.5,5,0.5,5380.2,5092.29,4.5%,"SOL_INR_15m_ST1(14,3.5)+ST2(7,4.0)_SL1.5pct_1-3",2,1
BTC/INR,15m,2026-07-25 to 2026-09-24 (60D),5742,7,3.5,10,3.5,"ST1(7,3.5)+ST2(10,3.5)",1.5%,1:3,1%,1.5,3.0,"ST1(7,3.5)+ST2(10,3.5)",10000,10279.3,279.3,2.79,500.0,5.0,151.056,-68.04,83.92,-68.04,125.88,-68.04,46.99,53.01,1.09,3.36,83,39,44,0,2,2,1.5,1.5,0,0,0,0,83.63,1.5,5,0.5,3272.88,2993.76,4.5%,"BTC_INR_15m_ST1(7,3.5)+ST2(10,3.5)_SL1.5pct_1-3",0,1
BTC/INR,15m,2026-07-25 to 2026-09-24 (60D),5742,10,3.5,7,3.5,"ST1(10,3.5)+ST2(7,3.5)",1.5%,1:3,1%,1.5,3.0,"ST1(10,3.5)+ST2(7,3.5)",10000,10279.3,279.3,2.79,500.0,5.0,151.056,-68.04,83.92,-68.04,125.88,-68.04,46.99,53.01,1.09,3.36,83,39,44,0,2,2,1.5,1.5,0,0,0,0,83.63,1.5,5,0.5,3272.88,2993.76,4.5%,"BTC_INR_15m_ST1(10,3.5)+ST2(7,3.5)_SL1.5pct_1-3",0,1
SOL/INR,30m,2026-07-25 to 2026-09-24 (60D),2872,14,3.5,14,4.0,"ST1(14,3.5)+ST2(14,4.0)",1.5%,1:3,1%,1.5,3.0,"ST1(14,3.5)+ST2(14,4.0)",10000,10275.35,275.35,2.75,968.0,9.68,270.72,-91.29,150.4,-91.29,225.6,-91.29,39.08,60.92,1.06,3.16,87,34,53,0,2,2,1.5,1.5,0,0,0,0,59.8,1.5,5,0.5,5113.6,4838.37,4.5%,"SOL_INR_30m_ST1(14,3.5)+ST2(14,4.0)_SL1.5pct_1-3",2,2
SOL/INR,30m,2026-07-25 to 2026-09-24 (60D),2872,14,4.0,14,3.5,"ST1(14,4.0)+ST2(14,3.5)",1.5%,1:3,1%,1.5,3.0,"ST1(14,4.0)+ST2(14,3.5)",10000,10275.35,275.35,2.75,968.0,9.68,270.72,-91.29,150.4,-91.29,225.6,-91.29,39.08,60.92,1.06,3.16,87,34,53,0,2,2,1.5,1.5,0,0,0,0,59.8,1.5,5,0.5,5113.6,4838.37,4.5%,"SOL_INR_30m_ST1(14,4.0)+ST2(14,3.5)_SL1.5pct_1-3",2,2
SOL/INR,30m,2026-07-25 to 2026-09-24 (60D),2872,7,3.5,7,4.0,"ST1(7,3.5)+ST2(7,4.0)",1.5%,1:3,1%,1.5,3.0,"ST1(7,3.5)+ST2(7,4.0)",10000,10271.49,271.49,2.71,988.0,9.88,248.16600000000005,-93.73,137.87,-93.73,206.805,-93.73,41.76,58.24,1.05,2.98,91,38,53,0,2,2,1.5,1.5,0,0,0,0,61.16,1.5,5,0.5,5239.06,4967.6900000000005,4.5%,"SOL_INR_30m_ST1(7,3.5)+ST2(7,4.0)_SL1.5pct_1-3",2,2
SOL/INR,30m,2026-07-25 to 2026-09-24 (60D),2872,7,4.0,7,3.5,"ST1(7,4.0)+ST2(7,3.5)",1.5%,1:3,1%,1.5,3.0,"ST1(7,4.0)+ST2(7,3.5)",10000,10271.49,271.49,2.71,988.0,9.88,248.16600000000005,-93.73,137.87,-93.73,206.805,-93.73,41.76,58.24,1.05,2.98,91,38,53,0,2,2,1.5,1.5,0,0,0,0,61.16,1.5,5,0.5,5239.06,4967.6900000000005,4.5%,"SOL_INR_30m_ST1(7,4.0)+ST2(7,3.5)_SL1.5pct_1-3",2,2
SOL/INR,5m,2026-09-17 to 2026-09-24 (7D),1963,7,4.0,10,4.0,"ST1(7,4.0)+ST2(10,4.0)",1.5%,1:3,1%,1.5,3.0,"ST1(7,4.0)+ST2(10,4.0)",10000,10263.18,263.18,2.63,414.0,4.14,217.674,-103.15,120.93,-103.15,181.395,-103.15,52.94,47.06,1.32,15.48,17,9,8,0,2,2,1.5,1.5,0,0,0,0,87.26,1.5,5,0.5,1088.37,825.2,4.5%,"SOL_INR_5m_ST1(7,4.0)+ST2(10,4.0)_SL1.5pct_1-3",2,0
SOL/INR,5m,2026-09-17 to 2026-09-24 (7D),1963,10,4.0,7,4.0,"ST1(10,4.0)+ST2(7,4.0)",1.5%,1:3,1%,1.5,3.0,"ST1(10,4.0)+ST2(7,4.0)",10000,10263.18,263.18,2.63,414.0,4.14,217.674,-103.15,120.93,-103.15,181.395,-103.15,52.94,47.06,1.32,15.48,17,9,8,0,2,2,1.5,1.5,0,0,0,0,87.26,1.5,5,0.5,1088.37,825.2,4.5%,"SOL_INR_5m_ST1(10,4.0)+ST2(7,4.0)_SL1.5pct_1-3",2,0
BTC/INR,15m,2026-07-25 to 2026-09-24 (60D),5742,10,3.5,10,2.0,"ST1(10,3.5)+ST2(10,2.0)",1.5%,1:3,1%,1.5,3.0,"ST1(10,3.5)+ST2(10,2.0)",10000,10256.99,256.99,2.57,778.0,7.78,163.494,-61.55,90.83,-61.55,136.245,-61.55,42.5,57.5,1.09,3.21,80,34,46,0,2,2,1.5,1.5,0,0,0,0,75.2,1.5,5,0.5,3088.22,2831.3,4.5%,"BTC_INR_15m_ST1(10,3.5)+ST2(10,2.0)_SL1.5pct_1-3",0,1
BTC/INR,15m,2026-07-25 to 2026-09-24 (60D),5742,10,2.0,10,3.5,"ST1(10,2.0)+ST2(10,3.5)",1.5%,1:3,1%,1.5,3.0,"ST1(10,2.0)+ST2(10,3.5)",10000,10256.99,256.99,2.57,778.0,7.78,163.494,-61.55,90.83,-61.55,136.245,-61.55,42.5,57.5,1.09,3.21,80,34,46,0,2,2,1.5,1.5,0,0,0,0,75.2,1.5,5,0.5,3088.22,2831.3,4.5%,"BTC_INR_15m_ST1(10,2.0)+ST2(10,3.5)_SL1.5pct_1-3",0,1
BTC/INR,15m,2026-07-25 to 2026-09-24 (60D),5742,12,3.5,10,2.0,"ST1(12,3.5)+ST2(10,2.0)",1.5%,1:3,1%,1.5,3.0,"ST1(12,3.5)+ST2(10,2.0)",10000,10256.24,256.24,2.56,778.0,7.78,163.494,-61.56,90.83,-61.56,136.245,-61.56,42.5,57.5,1.09,3.2,80,34,46,0,2,2,1.5,1.5,0,0,0,0,76.21,1.5,5,0.5,3088.22,2831.76,4.5%,"BTC_INR_15m_ST1(12,3.5)+ST2(10,2.0)_SL1.5pct_1-3",0,1
BTC/INR,15m,2026-07-25 to 2026-09-24 (60D),5742,10,2.0,12,3.5,"ST1(10,2.0)+ST2(12,3.5)",1.5%,1:3,1%,1.5,3.0,"ST1(10,2.0)+ST2(12,3.5)",10000,10256.24,256.24,2.56,778.0,7.78,163.494,-61.56,90.83,-61.56,136.245,-61.56,42.5,57.5,1.09,3.2,80,34,46,0,2,2,1.5,1.5,0,0,0,0,76.21,1.5,5,0.5,3088.22,2831.76,4.5%,"BTC_INR_15m_ST1(10,2.0)+ST2(12,3.5)_SL1.5pct_1-3",0,1
BTC/INR,5m,2026-09-17 to 2026-09-24 (7D),1963,7,2.0,10,2.0,"ST1(7,2.0)+ST2(10,2.0)",1.5%,1:3,1%,1.5,3.0,"ST1(7,2.0)+ST2(10,2.0)",10000,10254.38,254.38,2.54,153.0,1.53,165.312,-59.33,91.84,-59.33,137.76,-59.33,54.55,45.45,1.86,23.13,11,6,5,0,2,2,1.5,1.5,0,0,0,0,91.79,1.5,5,0.5,551.04,296.65,4.5%,"BTC_INR_5m_ST1(7,2.0)+ST2(10,2.0)_SL1.5pct_1-3",0,0
BTC/INR,5m,2026-09-17 to 2026-09-24 (7D),1963,10,2.0,7,2.0,"ST1(10,2.0)+ST2(7,2.0)",1.5%,1:3,1%,1.5,3.0,"ST1(10,2.0)+ST2(7,2.0)",10000,10254.38,254.38,2.54,153.0,1.53,165.312,-59.33,91.84,-59.33,137.76,-59.33,54.55,45.45,1.86,23.13,11,6,5,0,2,2,1.5,1.5,0,0,0,0,91.79,1.5,5,0.5,551.04,296.65,4.5%,"BTC_INR_5m_ST1(10,2.0)+ST2(7,2.0)_SL1.5pct_1-3",0,0
BTC/INR,30m,2026-07-25 to 2026-09-24 (60D),2872,12,3.5,7,3.0,"ST1(12,3.5)+ST2(7,3.0)",1.5%,1:3,1%,1.5,3.0,"ST1(12,3.5)+ST2(7,3.0)",10000,10238.18,238.18,2.38,744.0,7.44,180.216,-65.0,100.12,-65.0,150.18,-65.0,41.43,58.57,1.09,3.4,70,29,41,0,2,2,1.5,1.5,0,0,0,0,67.4,1.5,5,0.5,2903.48,2665.0,4.5%,"BTC_INR_30m_ST1(12,3.5)+ST2(7,3.0)_SL1.5pct_1-3",0,2
BTC/INR,30m,2026-07-25 to 2026-09-24 (60D),2872,7,3.0,12,3.5,"ST1(7,3.0)+ST2(12,3.5)",1.5%,1:3,1%,1.5,3.0,"ST1(7,3.0)+ST2(12,3.5)",10000,10238.18,238.18,2.38,744.0,7.44,180.216,-65.0,100.12,-65.0,150.18,-65.0,41.43,58.57,1.09,3.4,70,29,41,0,2,2,1.5,1.5,0,0,0,0,67.4,1.5,5,0.5,2903.48,2665.0,4.5%,"BTC_INR_30m_ST1(7,3.0)+ST2(12,3.5)_SL1.5pct_1-3",0,2
BTC/INR,5m,2026-09-17 to 2026-09-24 (7D),1963,10,3.5,7,2.0,"ST1(10,3.5)+ST2(7,2.0)",1.5%,1:3,1%,1.5,3.0,"ST1(10,3.5)+ST2(7,2.0)",10000,10237.78,237.78,2.38,228.0,2.28,174.438,-85.92,96.91,-85.92,145.365,-85.92,60.0,40.0,1.69,23.78,10,6,4,0,2,2,1.5,1.5,0,0,0,0,89.04,1.5,5,0.5,581.46,343.68,4.5%,"BTC_INR_5m_ST1(10,3.5)+ST2(7,2.0)_SL1.5pct_1-3",0,0
BTC/INR,5m,2026-09-17 to 2026-09-24 (7D),1963,7,2.0,7,3.5,"ST1(7,2.0)+ST2(7,3.5)",1.5%,1:3,1%,1.5,3.0,"ST1(7,2.0)+ST2(7,3.5)",10000,10237.78,237.78,2.38,228.0,2.28,174.438,-85.92,96.91,-85.92,145.365,-85.92,60.0,40.0,1.69,23.78,10,6,4,0,2,2,1.5,1.5,0,0,0,0,89.04,1.5,5,0.5,581.46,343.68,4.5%,"BTC_INR_5m_ST1(7,2.0)+ST2(7,3.5)_SL1.5pct_1-3",0,0
BTC/INR,5m,2026-09-17 to 2026-09-24 (7D),1963,7,2.0,12,3.5,"ST1(7,2.0)+ST2(12,3.5)",1.5%,1:3,1%,1.5,3.0,"ST1(7,2.0)+ST2(12,3.5)",10000,10237.78,237.78,2.38,228.0,2.28,174.438,-85.92,96.91,-85.92,145.365,-85.92,60.0,40.0,1.69,23.78,10,6,4,0,2,2,1.5,1.5,0,0,0,0,89.04,1.5,5,0.5,581.46,343.68,4.5%,"BTC_INR_5m_ST1(7,2.0)+ST2(12,3.5)_SL1.5pct_1-3",0,0
BTC/INR,5m,2026-09-17 to 2026-09-24 (7D),1963,7,3.5,7,2.0,"ST1(7,3.5)+ST2(7,2.0)",1.5%,1:3,1%,1.5,3.0,"ST1(7,3.5)+ST2(7,2.0)",10000,10237.78,237.78,2.38,228.0,2.28,174.438,-85.92,96.91,-85.92,145.365,-85.92,60.0,40.0,1.69,23.78,10,6,4,0,2,2,1.5,1.5,0,0,0,0,89.04,1.5,5,0.5,581.46,343.68,4.5%,"BTC_INR_5m_ST1(7,3.5)+ST2(7,2.0)_SL1.5pct_1-3",0,0
BTC/INR,5m,2026-09-17 to 2026-09-24 (7D),1963,7,2.0,10,3.5,"ST1(7,2.0)+ST2(10,3.5)",1.5%,1:3,1%,1.5,3.0,"ST1(7,2.0)+ST2(10,3.5)",10000,10237.78,237.78,2.38,228.0,2.28,174.438,-85.92,96.91,-85.92,145.365,-85.92,60.0,40.0,1.69,23.78,10,6,4,0,2,2,1.5,1.5,0,0,0,0,89.04,1.5,5,0.5,581.46,343.68,4.5%,"BTC_INR_5m_ST1(7,2.0)+ST2(10,3.5)_SL1.5pct_1-3",0,0
BTC/INR,5m,2026-09-17 to 2026-09-24 (7D),1963,12,3.5,7,2.0,"ST1(12,3.5)+ST2(7,2.0)",1.5%,1:3,1%,1.5,3.0,"ST1(12,3.5)+ST2(7,2.0)",10000,10237.78,237.78,2.38,228.0,2.28,174.438,-85.92,96.91,-85.92,145.365,-85.92,60.0,40.0,1.69,23.78,10,6,4,0,2,2,1.5,1.5,0,0,0,0,89.04,1.5,5,0.5,581.46,343.68,4.5%,"BTC_INR_5m_ST1(12,3.5)+ST2(7,2.0)_SL1.5pct_1-3",0,0
ETH/INR,5m,2026-09-17 to 2026-09-24 (7D),1963,12,2.0,10,3.5,"ST1(12,2.0)+ST2(10,3.5)",1.5%,1:3,1%,1.5,3.0,"ST1(12,2.0)+ST2(10,3.5)",10000,10235.91,235.91,2.36,375.0,3.75,281.106,-77.85,156.17,-77.85,234.255,-77.85,41.67,58.33,1.43,19.66,12,5,7,0,2,2,1.5,1.5,0,0,0,0,86.24,1.5,5,0.5,780.8499999999999,544.9499999999999,4.5%,"ETH_INR_5m_ST1(12,2.0)+ST2(10,3.5)_SL1.5pct_1-3",1,0
ETH/INR,5m,2026-09-17 to 2026-09-24 (7D),1963,14,3.5,12,2.0,"ST1(14,3.5)+ST2(12,2.0)",1.5%,1:3,1%,1.5,3.0,"ST1(14,3.5)+ST2(12,2.0)",10000,10235.91,235.91,2.36,375.0,3.75,281.106,-77.85,156.17,-77.85,234.255,-77.85,41.67,58.33,1.43,19.66,12,5,7,0,2,2,1.5,1.5,0,0,0,0,86.24,1.5,5,0.5,780.8499999999999,544.9499999999999,4.5%,"ETH_INR_5m_ST1(14,3.5)+ST2(12,2.0)_SL1.5pct_1-3",1,0
ETH/INR,5m,2026-09-17 to 2026-09-24 (7D),1963,10,3.5,12,2.0,"ST1(10,3.5)+ST2(12,2.0)",1.5%,1:3,1%,1.5,3.0,"ST1(10,3.5)+ST2(12,2.0)",10000,10235.91,235.91,2.36,375.0,3.75,281.106,-77.85,156.17,-77.85,234.255,-77.85,41.67,58.33,1.43,19.66,12,5,7,0,2,2,1.5,1.5,0,0,0,0,86.24,1.5,5,0.5,780.8499999999999,544.9499999999999,4.5%,"ETH_INR_5m_ST1(10,3.5)+ST2(12,2.0)_SL1.5pct_1-3",1,0
ETH/INR,5m,2026-09-17 to 2026-09-24 (7D),1963,12,2.0,7,3.5,"ST1(12,2.0)+ST2(7,3.5)",1.5%,1:3,1%,1.5,3.0,"ST1(12,2.0)+ST2(7,3.5)",10000,10235.91,235.91,2.36,375.0,3.75,281.106,-77.85,156.17,-77.85,234.255,-77.85,41.67,58.33,1.43,19.66,12,5,7,0,2,2,1.5,1.5,0,0,0,0,86.24,1.5,5,0.5,780.8499999999999,544.9499999999999,4.5%,"ETH_INR_5m_ST1(12,2.0)+ST2(7,3.5)_SL1.5pct_1-3",1,0
ETH/INR,5m,2026-09-17 to 2026-09-24 (7D),1963,7,3.0,12,2.0,"ST1(7,3.0)+ST2(12,2.0)",1.5%,1:3,1%,1.5,3.0,"ST1(7,3.0)+ST2(12,2.0)",10000,10235.91,235.91,2.36,375.0,3.75,281.106,-77.85,156.17,-77.85,234.255,-77.85,41.67,58.33,1.43,19.66,12,5,7,0,2,2,1.5,1.5,0,0,0,0,86.24,1.5,5,0.5,780.8499999999999,544.9499999999999,4.5%,"ETH_INR_5m_ST1(7,3.0)+ST2(12,2.0)_SL1.5pct_1-3",1,0
ETH/INR,5m,2026-09-17 to 2026-09-24 (7D),1963,12,2.0,7,3.0,"ST1(12,2.0)+ST2(7,3.0)",1.5%,1:3,1%,1.5,3.0,"ST1(12,2.0)+ST2(7,3.0)",10000,10235.91,235.91,2.36,375.0,3.75,281.106,-77.85,156.17,-77.85,234.255,-77.85,41.67,58.33,1.43,19.66,12,5,7,0,2,2,1.5,1.5,0,0,0,0,86.24,1.5,5,0.5,780.8499999999999,544.9499999999999,4.5%,"ETH_INR_5m_ST1(12,2.0)+ST2(7,3.0)_SL1.5pct_1-3",1,0
ETH/INR,5m,2026-09-17 to 2026-09-24 (7D),1963,7,3.5,12,2.0,"ST1(7,3.5)+ST2(12,2.0)",1.5%,1:3,1%,1.5,3.0,"ST1(7,3.5)+ST2(12,2.0)",10000,10235.91,235.91,2.36,375.0,3.75,281.106,-77.85,156.17,-77.85,234.255,-77.85,41.67,58.33,1.43,19.66,12,5,7,0,2,2,1.5,1.5,0,0,0,0,86.24,1.5,5,0.5,780.8499999999999,544.9499999999999,4.5%,"ETH_INR_5m_ST1(7,3.5)+ST2(12,2.0)_SL1.5pct_1-3",1,0
ETH/INR,5m,2026-09-17 to 2026-09-24 (7D),1963,12,2.0,14,3.5,"ST1(12,2.0)+ST2(14,3.5)",1.5%,1:3,1%,1.5,3.0,"ST1(12,2.0)+ST2(14,3.5)",10000,10235.91,235.91,2.36,375.0,3.75,281.106,-77.85,156.17,-77.85,234.255,-77.85,41.67,58.33,1.43,19.66,12,5,7,0,2,2,1.5,1.5,0,0,0,0,86.24,1.5,5,0.5,780.8499999999999,544.9499999999999,4.5%,"ETH_INR_5m_ST1(12,2.0)+ST2(14,3.5)_SL1.5pct_1-3",1,0
ETH/INR,5m,2026-09-17 to 2026-09-24 (7D),1963,12,2.0,12,3.5,"ST1(12,2.0)+ST2(12,3.5)",1.5%,1:3,1%,1.5,3.0,"ST1(12,2.0)+ST2(12,3.5)",10000,10235.91,235.91,2.36,375.0,3.75,281.106,-77.85,156.17,-77.85,234.255,-77.85,41.67,58.33,1.43,19.66,12,5,7,0,2,2,1.5,1.5,0,0,0,0,86.24,1.5,5,0.5,780.8499999999999,544.9499999999999,4.5%,"ETH_INR_5m_ST1(12,2.0)+ST2(12,3.5)_SL1.5pct_1-3",1,0
ETH/INR,5m,2026-09-17 to 2026-09-24 (7D),1963,12,3.5,12,2.0,"ST1(12,3.5)+ST2(12,2.0)",1.5%,1:3,1%,1.5,3.0,"ST1(12,3.5)+ST2(12,2.0)",10000,10235.91,235.91,2.36,375.0,3.75,281.106,-77.85,156.17,-77.85,234.255,-77.85,41.67,58.33,1.43,19.66,12,5,7,0,2,2,1.5,1.5,0,0,0,0,86.24,1.5,5,0.5,780.8499999999999,544.9499999999999,4.5%,"ETH_INR_5m_ST1(12,3.5)+ST2(12,2.0)_SL1.5pct_1-3",1,0
BTC/INR,5m,2026-09-17 to 2026-09-24 (7D),1963,12,3.0,7,2.0,"ST1(12,3.0)+ST2(7,2.0)",1.5%,1:3,1%,1.5,3.0,"ST1(12,3.0)+ST2(7,2.0)",10000,10230.03,230.03,2.3,228.0,2.28,147.47400000000002,-85.88,81.93,-85.88,122.895,-85.88,63.64,36.36,1.67,20.91,11,7,4,0,2,2,1.5,1.5,0,0,0,0,89.09,1.5,5,0.5,573.51,343.52,4.5%,"BTC_INR_5m_ST1(12,3.0)+ST2(7,2.0)_SL1.5pct_1-3",0,0
BTC/INR,5m,2026-09-17 to 2026-09-24 (7D),1963,7,2.0,12,3.0,"ST1(7,2.0)+ST2(12,3.0)",1.5%,1:3,1%,1.5,3.0,"ST1(7,2.0)+ST2(12,3.0)",10000,10230.03,230.03,2.3,228.0,2.28,147.47400000000002,-85.88,81.93,-85.88,122.895,-85.88,63.64,36.36,1.67,20.91,11,7,4,0,2,2,1.5,1.5,0,0,0,0,89.09,1.5,5,0.5,573.51,343.52,4.5%,"BTC_INR_5m_ST1(7,2.0)+ST2(12,3.0)_SL1.5pct_1-3",0,0
BTC/INR,5m,2026-09-17 to 2026-09-24 (7D),1963,7,2.0,14,3.0,"ST1(7,2.0)+ST2(14,3.0)",1.5%,1:3,1%,1.5,3.0,"ST1(7,2.0)+ST2(14,3.0)",10000,10229.87,229.87,2.3,228.0,2.28,172.008,-85.88,95.56,-85.88,143.34,-85.88,60.0,40.0,1.67,22.98,10,6,4,0,2,2,1.5,1.5,0,0,0,0,88.63,1.5,5,0.5,573.36,343.52,4.5%,"BTC_INR_5m_ST1(7,2.0)+ST2(14,3.0)_SL1.5pct_1-3",0,0
BTC/INR,5m,2026-09-17 to 2026-09-24 (7D),1963,7,2.0,10,3.0,"ST1(7,2.0)+ST2(10,3.0)",1.5%,1:3,1%,1.5,3.0,"ST1(7,2.0)+ST2(10,3.0)",10000,10229.87,229.87,2.3,228.0,2.28,172.008,-85.88,95.56,-85.88,143.34,-85.88,60.0,40.0,1.67,22.98,10,6,4,0,2,2,1.5,1.5,0,0,0,0,88.99,1.5,5,0.5,573.36,343.52,4.5%,"BTC_INR_5m_ST1(7,2.0)+ST2(10,3.0)_SL1.5pct_1-3",0,0
BTC/INR,5m,2026-09-17 to 2026-09-24 (7D),1963,7,3.0,7,2.0,"ST1(7,3.0)+ST2(7,2.0)",1.5%,1:3,1%,1.5,3.0,"ST1(7,3.0)+ST2(7,2.0)",10000,10229.87,229.87,2.3,228.0,2.28,172.008,-85.88,95.56,-85.88,143.34,-85.88,60.0,40.0,1.67,22.98,10,6,4,0,2,2,1.5,1.5,0,0,0,0,88.99,1.5,5,0.5,573.36,343.52,4.5%,"BTC_INR_5m_ST1(7,3.0)+ST2(7,2.0)_SL1.5pct_1-3",0,0
BTC/INR,5m,2026-09-17 to 2026-09-24 (7D),1963,10,3.0,7,2.0,"ST1(10,3.0)+ST2(7,2.0)",1.5%,1:3,1%,1.5,3.0,"ST1(10,3.0)+ST2(7,2.0)",10000,10229.87,229.87,2.3,228.0,2.28,172.008,-85.88,95.56,-85.88,143.34,-85.88,60.0,40.0,1.67,22.98,10,6,4,0,2,2,1.5,1.5,0,0,0,0,88.99,1.5,5,0.5,573.36,343.52,4.5%,"BTC_INR_5m_ST1(10,3.0)+ST2(7,2.0)_SL1.5pct_1-3",0,0
BTC/INR,5m,2026-09-17 to 2026-09-24 (7D),1963,7,2.0,7,3.0,"ST1(7,2.0)+ST2(7,3.0)",1.5%,1:3,1%,1.5,3.0,"ST1(7,2.0)+ST2(7,3.0)",10000,10229.87,229.87,2.3,228.0,2.28,172.008,-85.88,95.56,-85.88,143.34,-85.88,60.0,40.0,1.67,22.98,10,6,4,0,2,2,1.5,1.5,0,0,0,0,88.99,1.5,5,0.5,573.36,343.52,4.5%,"BTC_INR_5m_ST1(7,2.0)+ST2(7,3.0)_SL1.5pct_1-3",0,0
BTC/INR,5m,2026-09-17 to 2026-09-24 (7D),1963,14,3.0,7,2.0,"ST1(14,3.0)+ST2(7,2.0)",1.5%,1:3,1%,1.5,3.0,"ST1(14,3.0)+ST2(7,2.0)",10000,10229.87,229.87,2.3,228.0,2.28,172.008,-85.88,95.56,-85.88,143.34,-85.88,60.0,40.0,1.67,22.98,10,6,4,0,2,2,1.5,1.5,0,0,0,0,88.63,1.5,5,0.5,573.36,343.52,4.5%,"BTC_INR_5m_ST1(14,3.0)+ST2(7,2.0)_SL1.5pct_1-3",0,0
BTC/INR,5m,2026-09-17 to 2026-09-24 (7D),1963,7,2.0,7,4.0,"ST1(7,2.0)+ST2(7,4.0)",1.5%,1:3,1%,1.5,3.0,"ST1(7,2.0)+ST2(7,4.0)",10000,10224.72,224.72,2.25,228.0,2.28,170.514,-85.92,94.73,-85.92,142.095,-85.92,60.0,40.0,1.65,22.47,10,6,4,0,2,2,1.5,1.5,0,0,0,0,87.26,1.5,5,0.5,568.38,343.68,4.5%,"BTC_INR_5m_ST1(7,2.0)+ST2(7,4.0)_SL1.5pct_1-3",0,0
BTC/INR,5m,2026-09-17 to 2026-09-24 (7D),1963,7,2.0,14,3.5,"ST1(7,2.0)+ST2(14,3.5)",1.5%,1:3,1%,1.5,3.0,"ST1(7,2.0)+ST2(14,3.5)",10000,10224.72,224.72,2.25,228.0,2.28,170.514,-85.92,94.73,-85.92,142.095,-85.92,60.0,40.0,1.65,22.47,10,6,4,0,2,2,1.5,1.5,0,0,0,0,87.72,1.5,5,0.5,568.38,343.68,4.5%,"BTC_INR_5m_ST1(7,2.0)+ST2(14,3.5)_SL1.5pct_1-3",0,0
BTC/INR,5m,2026-09-17 to 2026-09-24 (7D),1963,14,3.5,7,2.0,"ST1(14,3.5)+ST2(7,2.0)",1.5%,1:3,1%,1.5,3.0,"ST1(14,3.5)+ST2(7,2.0)",10000,10224.72,224.72,2.25,228.0,2.28,170.514,-85.92,94.73,-85.92,142.095,-85.92,60.0,40.0,1.65,22.47,10,6,4,0,2,2,1.5,1.5,0,0,0,0,87.72,1.5,5,0.5,568.38,343.68,4.5%,"BTC_INR_5m_ST1(14,3.5)+ST2(7,2.0)_SL1.5pct_1-3",0,0
BTC/INR,5m,2026-09-17 to 2026-09-24 (7D),1963,7,4.0,7,2.0,"ST1(7,4.0)+ST2(7,2.0)",1.5%,1:3,1%,1.5,3.0,"ST1(7,4.0)+ST2(7,2.0)",10000,10224.72,224.72,2.25,228.0,2.28,170.514,-85.92,94.73,-85.92,142.095,-85.92,60.0,40.0,1.65,22.47,10,6,4,0,2,2,1.5,1.5,0,0,0,0,87.26,1.5,5,0.5,568.38,343.68,4.5%,"BTC_INR_5m_ST1(7,4.0)+ST2(7,2.0)_SL1.5pct_1-3",0,0
BTC/INR,30m,2026-07-25 to 2026-09-24 (60D),2872,10,3.0,10,4.0,"ST1(10,3.0)+ST2(10,4.0)",1.5%,1:3,1%,1.5,3.0,"ST1(10,3.0)+ST2(10,4.0)",10000,10223.28,223.28,2.23,680.0,6.8,182.142,-63.66,101.19,-63.66,151.785,-63.66,40.58,59.42,1.09,3.24,69,28,41,0,2,2,1.5,1.5,0,0,0,0,62.24,1.5,5,0.5,2833.32,2610.06,4.5%,"BTC_INR_30m_ST1(10,3.0)+ST2(10,4.0)_SL1.5pct_1-3",0,2
BTC/INR,30m,2026-07-25 to 2026-09-24 (60D),2872,10,4.0,10,3.0,"ST1(10,4.0)+ST2(10,3.0)",1.5%,1:3,1%,1.5,3.0,"ST1(10,4.0)+ST2(10,3.0)",10000,10223.28,223.28,2.23,680.0,6.8,182.142,-63.66,101.19,-63.66,151.785,-63.66,40.58,59.42,1.09,3.24,69,28,41,0,2,2,1.5,1.5,0,0,0,0,62.24,1.5,5,0.5,2833.32,2610.06,4.5%,"BTC_INR_30m_ST1(10,4.0)+ST2(10,3.0)_SL1.5pct_1-3",0,2
BTC/INR,30m,2026-07-25 to 2026-09-24 (60D),2872,12,4.0,14,3.0,"ST1(12,4.0)+ST2(14,3.0)",1.5%,1:3,1%,1.5,3.0,"ST1(12,4.0)+ST2(14,3.0)",10000,10223.27,223.27,2.23,654.0,6.54,177.264,-65.82,98.48,-65.82,147.72,-65.82,42.03,57.97,1.08,3.24,69,29,40,0,2,2,1.5,1.5,0,0,0,0,63.15,1.5,5,0.5,2855.92,2632.8,4.5%,"BTC_INR_30m_ST1(12,4.0)+ST2(14,3.0)_SL1.5pct_1-3",0,2
BTC/INR,30m,2026-07-25 to 2026-09-24 (60D),2872,14,3.0,12,4.0,"ST1(14,3.0)+ST2(12,4.0)",1.5%,1:3,1%,1.5,3.0,"ST1(14,3.0)+ST2(12,4.0)",10000,10223.27,223.27,2.23,654.0,6.54,177.264,-65.82,98.48,-65.82,147.72,-65.82,42.03,57.97,1.08,3.24,69,29,40,0,2,2,1.5,1.5,0,0,0,0,63.15,1.5,5,0.5,2855.92,2632.8,4.5%,"BTC_INR_30m_ST1(14,3.0)+ST2(12,4.0)_SL1.5pct_1-3",0,2
SOL/INR,15m,2026-07-25 to 2026-09-24 (60D),5742,7,3.0,10,4.0,"ST1(7,3.0)+ST2(10,4.0)",1.5%,1:3,1%,1.5,3.0,"ST1(7,3.0)+ST2(10,4.0)",10000,10220.48,220.48,2.2,1111.0,11.11,203.16600000000005,-85.72,112.87,-85.72,169.305,-85.72,44.23,55.77,1.04,2.12,104,46,58,0,2,2,1.5,1.5,0,0,0,0,76.11,1.5,5,0.5,5192.02,4971.76,4.5%,"SOL_INR_15m_ST1(7,3.0)+ST2(10,4.0)_SL1.5pct_1-3",2,1
SOL/INR,15m,2026-07-25 to 2026-09-24 (60D),5742,10,4.0,7,3.0,"ST1(10,4.0)+ST2(7,3.0)",1.5%,1:3,1%,1.5,3.0,"ST1(10,4.0)+ST2(7,3.0)",10000,10220.48,220.48,2.2,1111.0,11.11,203.16600000000005,-85.72,112.87,-85.72,169.305,-85.72,44.23,55.77,1.04,2.12,104,46,58,0,2,2,1.5,1.5,0,0,0,0,76.11,1.5,5,0.5,5192.02,4971.76,4.5%,"SOL_INR_15m_ST1(10,4.0)+ST2(7,3.0)_SL1.5pct_1-3",2,1
SOL/INR,15m,2026-07-25 to 2026-09-24 (60D),5742,12,3.5,7,3.0,"ST1(12,3.5)+ST2(7,3.0)",1.5%,1:3,1%,1.5,3.0,"ST1(12,3.5)+ST2(7,3.0)",10000,10219.36,219.36,2.19,1198.0,11.98,213.732,-85.94,118.74,-85.94,178.11,-85.94,42.99,57.01,1.04,2.05,107,46,61,0,2,2,1.5,1.5,0,0,0,0,75.72,1.5,5,0.5,5462.04,5242.34,4.5%,"SOL_INR_15m_ST1(12,3.5)+ST2(7,3.0)_SL1.5pct_1-3",2,1
SOL/INR,15m,2026-07-25 to 2026-09-24 (60D),5742,7,3.0,12,3.5,"ST1(7,3.0)+ST2(12,3.5)",1.5%,1:3,1%,1.5,3.0,"ST1(7,3.0)+ST2(12,3.5)",10000,10219.36,219.36,2.19,1198.0,11.98,213.732,-85.94,118.74,-85.94,178.11,-85.94,42.99,57.01,1.04,2.05,107,46,61,0,2,2,1.5,1.5,0,0,0,0,75.72,1.5,5,0.5,5462.04,5242.34,4.5%,"SOL_INR_15m_ST1(7,3.0)+ST2(12,3.5)_SL1.5pct_1-3",2,1
BTC/INR,5m,2026-09-17 to 2026-09-24 (7D),1963,10,2.0,10,3.5,"ST1(10,2.0)+ST2(10,3.5)",1.5%,1:3,1%,1.5,3.0,"ST1(10,2.0)+ST2(10,3.5)",10000,10212.11,212.11,2.12,228.0,2.28,205.47000000000003,-71.73,114.15,-71.73,171.22500000000002,-71.73,50.0,50.0,1.59,21.21,10,5,5,0,2,2,1.5,1.5,0,0,0,0,88.74,1.5,5,0.5,570.75,358.65000000000003,4.5%,"BTC_INR_5m_ST1(10,2.0)+ST2(10,3.5)_SL1.5pct_1-3",0,0
BTC/INR,5m,2026-09-17 to 2026-09-24 (7D),1963,7,3.5,10,2.0,"ST1(7,3.5)+ST2(10,2.0)",1.5%,1:3,1%,1.5,3.0,"ST1(7,3.5)+ST2(10,2.0)",10000,10212.11,212.11,2.12,228.0,2.28,205.47000000000003,-71.73,114.15,-71.73,171.22500000000002,-71.73,50.0,50.0,1.59,21.21,10,5,5,0,2,2,1.5,1.5,0,0,0,0,88.74,1.5,5,0.5,570.75,358.65000000000003,4.5%,"BTC_INR_5m_ST1(7,3.5)+ST2(10,2.0)_SL1.5pct_1-3",0,0
BTC/INR,5m,2026-09-17 to 2026-09-24 (7D),1963,12,3.5,10,2.0,"ST1(12,3.5)+ST2(10,2.0)",1.5%,1:3,1%,1.5,3.0,"ST1(12,3.5)+ST2(10,2.0)",10000,10212.11,212.11,2.12,228.0,2.28,205.47000000000003,-71.73,114.15,-71.73,171.22500000000002,-71.73,50.0,50.0,1.59,21.21,10,5,5,0,2,2,1.5,1.5,0,0,0,0,88.74,1.5,5,0.5,570.75,358.65000000000003,4.5%,"BTC_INR_5m_ST1(12,3.5)+ST2(10,2.0)_SL1.5pct_1-3",0,0
BTC/INR,5m,2026-09-17 to 2026-09-24 (7D),1963,10,2.0,7,3.5,"ST1(10,2.0)+ST2(7,3.5)",1.5%,1:3,1%,1.5,3.0,"ST1(10,2.0)+ST2(7,3.5)",10000,10212.11,212.11,2.12,228.0,2.28,205.47000000000003,-71.73,114.15,-71.73,171.22500000000002,-71.73,50.0,50.0,1.59,21.21,10,5,5,0,2,2,1.5,1.5,0,0,0,0,88.74,1.5,5,0.5,570.75,358.65000000000003,4.5%,"BTC_INR_5m_ST1(10,2.0)+ST2(7,3.5)_SL1.5pct_1-3",0,0
BTC/INR,5m,2026-09-17 to 2026-09-24 (7D),1963,10,2.0,12,3.5,"ST1(10,2.0)+ST2(12,3.5)",1.5%,1:3,1%,1.5,3.0,"ST1(10,2.0)+ST2(12,3.5)",10000,10212.11,212.11,2.12,228.0,2.28,205.47000000000003,-71.73,114.15,-71.73,171.22500000000002,-71.73,50.0,50.0,1.59,21.21,10,5,5,0,2,2,1.5,1.5,0,0,0,0,88.74,1.5,5,0.5,570.75,358.65000000000003,4.5%,"BTC_INR_5m_ST1(10,2.0)+ST2(12,3.5)_SL1.5pct_1-3",0,0
BTC/INR,5m,2026-09-17 to 2026-09-24 (7D),1963,10,3.5,10,2.0,"ST1(10,3.5)+ST2(10,2.0)",1.5%,1:3,1%,1.5,3.0,"ST1(10,3.5)+ST2(10,2.0)",10000,10212.11,212.11,2.12,228.0,2.28,205.47000000000003,-71.73,114.15,-71.73,171.22500000000002,-71.73,50.0,50.0,1.59,21.21,10,5,5,0,2,2,1.5,1.5,0,0,0,0,88.74,1.5,5,0.5,570.75,358.65000000000003,4.5%,"BTC_INR_5m_ST1(10,3.5)+ST2(10,2.0)_SL1.5pct_1-3",0,0
BTC/INR,5m,2026-09-17 to 2026-09-24 (7D),1963,12,3.0,10,2.0,"ST1(12,3.0)+ST2(10,2.0)",1.5%,1:3,1%,1.5,3.0,"ST1(12,3.0)+ST2(10,2.0)",10000,10204.38,204.38,2.04,228.0,2.28,168.858,-71.7,93.81,-71.7,140.715,-71.7,54.55,45.45,1.57,18.58,11,6,5,0,2,2,1.5,1.5,0,0,0,0,88.79,1.5,5,0.5,562.86,358.5,4.5%,"BTC_INR_5m_ST1(12,3.0)+ST2(10,2.0)_SL1.5pct_1-3",0,0
BTC/INR,5m,2026-09-17 to 2026-09-24 (7D),1963,10,2.0,12,3.0,"ST1(10,2.0)+ST2(12,3.0)",1.5%,1:3,1%,1.5,3.0,"ST1(10,2.0)+ST2(12,3.0)",10000,10204.38,204.38,2.04,228.0,2.28,168.858,-71.7,93.81,-71.7,140.715,-71.7,54.55,45.45,1.57,18.58,11,6,5,0,2,2,1.5,1.5,0,0,0,0,88.79,1.5,5,0.5,562.86,358.5,4.5%,"BTC_INR_5m_ST1(10,2.0)+ST2(12,3.0)_SL1.5pct_1-3",0,0
BTC/INR,5m,2026-09-17 to 2026-09-24 (7D),1963,7,3.0,10,2.0,"ST1(7,3.0)+ST2(10,2.0)",1.5%,1:3,1%,1.5,3.0,"ST1(7,3.0)+ST2(10,2.0)",10000,10204.21,204.21,2.04,228.0,2.28,202.554,-71.7,112.53,-71.7,168.79500000000002,-71.7,50.0,50.0,1.57,20.42,10,5,5,0,2,2,1.5,1.5,0,0,0,0,88.69,1.5,5,0.5,562.65,358.5,4.5%,"BTC_INR_5m_ST1(7,3.0)+ST2(10,2.0)_SL1.5pct_1-3",0,0
BTC/INR,5m,2026-09-17 to 2026-09-24 (7D),1963,10,2.0,10,3.0,"ST1(10,2.0)+ST2(10,3.0)",1.5%,1:3,1%,1.5,3.0,"ST1(10,2.0)+ST2(10,3.0)",10000,10204.21,204.21,2.04,228.0,2.28,202.554,-71.7,112.53,-71.7,168.79500000000002,-71.7,50.0,50.0,1.57,20.42,10,5,5,0,2,2,1.5,1.5,0,0,0,0,88.69,1.5,5,0.5,562.65,358.5,4.5%,"BTC_INR_5m_ST1(10,2.0)+ST2(10,3.0)_SL1.5pct_1-3",0,0
BTC/INR,5m,2026-09-17 to 2026-09-24 (7D),1963,10,3.0,10,2.0,"ST1(10,3.0)+ST2(10,2.0)",1.5%,1:3,1%,1.5,3.0,"ST1(10,3.0)+ST2(10,2.0)",10000,10204.21,204.21,2.04,228.0,2.28,202.554,-71.7,112.53,-71.7,168.79500000000002,-71.7,50.0,50.0,1.57,20.42,10,5,5,0,2,2,1.5,1.5,0,0,0,0,88.69,1.5,5,0.5,562.65,358.5,4.5%,"BTC_INR_5m_ST1(10,3.0)+ST2(10,2.0)_SL1.5pct_1-3",0,0
BTC/INR,5m,2026-09-17 to 2026-09-24 (7D),1963,10,2.0,14,3.0,"ST1(10,2.0)+ST2(14,3.0)",1.5%,1:3,1%,1.5,3.0,"ST1(10,2.0)+ST2(14,3.0)",10000,10204.21,204.21,2.04,228.0,2.28,202.554,-71.7,112.53,-71.7,168.79500000000002,-71.7,50.0,50.0,1.57,20.42,10,5,5,0,2,2,1.5,1.5,0,0,0,0,88.33,1.5,5,0.5,562.65,358.5,4.5%,"BTC_INR_5m_ST1(10,2.0)+ST2(14,3.0)_SL1.5pct_1-3",0,0
BTC/INR,5m,2026-09-17 to 2026-09-24 (7D),1963,14,3.0,10,2.0,"ST1(14,3.0)+ST2(10,2.0)",1.5%,1:3,1%,1.5,3.0,"ST1(14,3.0)+ST2(10,2.0)",10000,10204.21,204.21,2.04,228.0,2.28,202.554,-71.7,112.53,-71.7,168.79500000000002,-71.7,50.0,50.0,1.57,20.42,10,5,5,0,2,2,1.5,1.5,0,0,0,0,88.33,1.5,5,0.5,562.65,358.5,4.5%,"BTC_INR_5m_ST1(14,3.0)+ST2(10,2.0)_SL1.5pct_1-3",0,0
BTC/INR,5m,2026-09-17 to 2026-09-24 (7D),1963,10,2.0,7,3.0,"ST1(10,2.0)+ST2(7,3.0)",1.5%,1:3,1%,1.5,3.0,"ST1(10,2.0)+ST2(7,3.0)",10000,10204.21,204.21,2.04,228.0,2.28,202.554,-71.7,112.53,-71.7,168.79500000000002,-71.7,50.0,50.0,1.57,20.42,10,5,5,0,2,2,1.5,1.5,0,0,0,0,88.69,1.5,5,0.5,562.65,358.5,4.5%,"BTC_INR_5m_ST1(10,2.0)+ST2(7,3.0)_SL1.5pct_1-3",0,0
SOL/INR,30m,2026-07-25 to 2026-09-24 (60D),2872,10,4.0,12,3.0,"ST1(10,4.0)+ST2(12,3.0)",1.5%,1:3,1%,1.5,3.0,"ST1(10,4.0)+ST2(12,3.0)",10000,10201.48,201.48,2.01,1001.0,10.01,263.862,-93.77,146.59,-93.77,219.885,-93.77,40.0,60.0,1.04,2.37,85,34,51,0,2,2,1.5,1.5,0,0,0,0,55.9,1.5,5,0.5,4984.06,4782.27,4.5%,"SOL_INR_30m_ST1(10,4.0)+ST2(12,3.0)_SL1.5pct_1-3",2,2
SOL/INR,30m,2026-07-25 to 2026-09-24 (60D),2872,12,3.0,10,4.0,"ST1(12,3.0)+ST2(10,4.0)",1.5%,1:3,1%,1.5,3.0,"ST1(12,3.0)+ST2(10,4.0)",10000,10201.48,201.48,2.01,1001.0,10.01,263.862,-93.77,146.59,-93.77,219.885,-93.77,40.0,60.0,1.04,2.37,85,34,51,0,2,2,1.5,1.5,0,0,0,0,55.9,1.5,5,0.5,4984.06,4782.27,4.5%,"SOL_INR_30m_ST1(12,3.0)+ST2(10,4.0)_SL1.5pct_1-3",2,2
BTC/INR,5m,2026-09-17 to 2026-09-24 (7D),1963,10,2.0,14,3.5,"ST1(10,2.0)+ST2(14,3.5)",1.5%,1:3,1%,1.5,3.0,"ST1(10,2.0)+ST2(14,3.5)",10000,10199.07,199.07,1.99,228.0,2.28,200.79,-71.73,111.55,-71.73,167.325,-71.73,50.0,50.0,1.56,19.91,10,5,5,0,2,2,1.5,1.5,0,0,0,0,87.41,1.5,5,0.5,557.75,358.65000000000003,4.5%,"BTC_INR_5m_ST1(10,2.0)+ST2(14,3.5)_SL1.5pct_1-3",0,0
BTC/INR,5m,2026-09-17 to 2026-09-24 (7D),1963,14,3.5,10,2.0,"ST1(14,3.5)+ST2(10,2.0)",1.5%,1:3,1%,1.5,3.0,"ST1(14,3.5)+ST2(10,2.0)",10000,10199.07,199.07,1.99,228.0,2.28,200.79,-71.73,111.55,-71.73,167.325,-71.73,50.0,50.0,1.56,19.91,10,5,5,0,2,2,1.5,1.5,0,0,0,0,87.41,1.5,5,0.5,557.75,358.65000000000003,4.5%,"BTC_INR_5m_ST1(14,3.5)+ST2(10,2.0)_SL1.5pct_1-3",0,0
BTC/INR,15m,2026-07-25 to 2026-09-24 (60D),5742,12,3.5,10,3.5,"ST1(12,3.5)+ST2(10,3.5)",1.5%,1:3,1%,1.5,3.0,"ST1(12,3.5)+ST2(10,3.5)",10000,10196.16,196.16,1.96,609.0,6.09,155.466,-68.58,86.37,-68.58,129.555,-68.58,45.78,54.22,1.06,2.36,83,38,45,0,2,2,1.5,1.5,0,0,0,0,83.04,1.5,5,0.5,3282.0600000000004,3086.1,4.5%,"BTC_INR_15m_ST1(12,3.5)+ST2(10,3.5)_SL1.5pct_1-3",0,1
BTC/INR,15m,2026-07-25 to 2026-09-24 (60D),5742,10,3.5,12,3.5,"ST1(10,3.5)+ST2(12,3.5)",1.5%,1:3,1%,1.5,3.0,"ST1(10,3.5)+ST2(12,3.5)",10000,10196.16,196.16,1.96,609.0,6.09,155.466,-68.58,86.37,-68.58,129.555,-68.58,45.78,54.22,1.06,2.36,83,38,45,0,2,2,1.5,1.5,0,0,0,0,83.04,1.5,5,0.5,3282.0600000000004,3086.1,4.5%,"BTC_INR_15m_ST1(10,3.5)+ST2(12,3.5)_SL1.5pct_1-3",0,1
BTC/INR,30m,2026-07-25 to 2026-09-24 (60D),2872,12,3.0,12,4.0,"ST1(12,3.0)+ST2(12,4.0)",1.5%,1:3,1%,1.5,3.0,"ST1(12,3.0)+ST2(12,4.0)",10000,10195.34,195.34,1.95,654.0,6.54,176.832,-64.72,98.24,-64.72,147.36,-64.72,41.43,58.57,1.07,2.79,70,29,41,0,2,2,1.5,1.5,0,0,0,0,64.82,1.5,5,0.5,2848.96,2653.52,4.5%,"BTC_INR_30m_ST1(12,3.0)+ST2(12,4.0)_SL1.5pct_1-3",0,2
BTC/INR,30m,2026-07-25 to 2026-09-24 (60D),2872,12,4.0,12,3.0,"ST1(12,4.0)+ST2(12,3.0)",1.5%,1:3,1%,1.5,3.0,"ST1(12,4.0)+ST2(12,3.0)",10000,10195.34,195.34,1.95,654.0,6.54,176.832,-64.72,98.24,-64.72,147.36,-64.72,41.43,58.57,1.07,2.79,70,29,41,0,2,2,1.5,1.5,0,0,0,0,64.82,1.5,5,0.5,2848.96,2653.52,4.5%,"BTC_INR_30m_ST1(12,4.0)+ST2(12,3.0)_SL1.5pct_1-3",0,2
BTC/INR,30m,2026-07-25 to 2026-09-24 (60D),2872,7,3.0,10,3.5,"ST1(7,3.0)+ST2(10,3.5)",1.5%,1:3,1%,1.5,3.0,"ST1(7,3.0)+ST2(10,3.5)",10000,10193.96,193.96,1.94,771.0,7.71,179.838,-62.87,99.91,-62.87,149.865,-62.87,40.28,59.72,1.07,2.69,72,29,43,0,2,2,1.5,1.5,0,0,0,0,69.21,1.5,5,0.5,2897.39,2703.41,4.5%,"BTC_INR_30m_ST1(7,3.0)+ST2(10,3.5)_SL1.5pct_1-3",0,2
BTC/INR,30m,2026-07-25 to 2026-09-24 (60D),2872,10,3.5,7,3.0,"ST1(10,3.5)+ST2(7,3.0)",1.5%,1:3,1%,1.5,3.0,"ST1(10,3.5)+ST2(7,3.0)",10000,10193.96,193.96,1.94,771.0,7.71,179.838,-62.87,99.91,-62.87,149.865,-62.87,40.28,59.72,1.07,2.69,72,29,43,0,2,2,1.5,1.5,0,0,0,0,69.21,1.5,5,0.5,2897.39,2703.41,4.5%,"BTC_INR_30m_ST1(10,3.5)+ST2(7,3.0)_SL1.5pct_1-3",0,2
SOL/INR,30m,2026-07-25 to 2026-09-24 (60D),2872,7,4.0,14,4.0,"ST1(7,4.0)+ST2(14,4.0)",1.5%,1:3,1%,1.5,3.0,"ST1(7,4.0)+ST2(14,4.0)",10000,10193.0,193.0,1.93,1103.0,11.03,264.204,-92.26,146.78,-92.26,220.17,-92.26,39.53,60.47,1.04,2.24,86,34,52,0,2,2,1.5,1.5,0,0,0,0,55.63,1.5,5,0.5,4990.52,4797.52,4.5%,"SOL_INR_30m_ST1(7,4.0)+ST2(14,4.0)_SL1.5pct_1-3",2,2
SOL/INR,30m,2026-07-25 to 2026-09-24 (60D),2872,14,4.0,7,4.0,"ST1(14,4.0)+ST2(7,4.0)",1.5%,1:3,1%,1.5,3.0,"ST1(14,4.0)+ST2(7,4.0)",10000,10193.0,193.0,1.93,1103.0,11.03,264.204,-92.26,146.78,-92.26,220.17,-92.26,39.53,60.47,1.04,2.24,86,34,52,0,2,2,1.5,1.5,0,0,0,0,55.63,1.5,5,0.5,4990.52,4797.52,4.5%,"SOL_INR_30m_ST1(14,4.0)+ST2(7,4.0)_SL1.5pct_1-3",2,2
SOL/INR,30m,2026-07-25 to 2026-09-24 (60D),2872,10,3.5,12,3.5,"ST1(10,3.5)+ST2(12,3.5)",1.5%,1:3,1%,1.5,3.0,"ST1(10,3.5)+ST2(12,3.5)",10000,10183.5,183.5,1.84,993.0,9.93,235.404,-89.53,130.78,-89.53,196.17,-89.53,41.57,58.43,1.04,2.06,89,37,52,0,2,2,1.5,1.5,0,0,0,0,58.48,1.5,5,0.5,4838.86,4655.56,4.5%,"SOL_INR_30m_ST1(10,3.5)+ST2(12,3.5)_SL1.5pct_1-3",2,2
SOL/INR,30m,2026-07-25 to 2026-09-24 (60D),2872,12,3.5,10,3.5,"ST1(12,3.5)+ST2(10,3.5)",1.5%,1:3,1%,1.5,3.0,"ST1(12,3.5)+ST2(10,3.5)",10000,10183.5,183.5,1.84,993.0,9.93,235.404,-89.53,130.78,-89.53,196.17,-89.53,41.57,58.43,1.04,2.06,89,37,52,0,2,2,1.5,1.5,0,0,0,0,58.48,1.5,5,0.5,4838.86,4655.56,4.5%,"SOL_INR_30m_ST1(12,3.5)+ST2(10,3.5)_SL1.5pct_1-3",2,2
SOL/INR,30m,2026-07-25 to 2026-09-24 (60D),2872,10,4.0,12,3.5,"ST1(10,4.0)+ST2(12,3.5)",1.5%,1:3,1%,1.5,3.0,"ST1(10,4.0)+ST2(12,3.5)",10000,10178.63,178.63,1.79,900.0,9.0,249.642,-90.83,138.69,-90.83,208.035,-90.83,40.45,59.55,1.04,2.01,89,36,53,0,2,2,1.5,1.5,0,0,0,0,57.54,1.5,5,0.5,4992.84,4813.99,4.5%,"SOL_INR_30m_ST1(10,4.0)+ST2(12,3.5)_SL1.5pct_1-3",2,2
SOL/INR,30m,2026-07-25 to 2026-09-24 (60D),2872,12,3.5,10,4.0,"ST1(12,3.5)+ST2(10,4.0)",1.5%,1:3,1%,1.5,3.0,"ST1(12,3.5)+ST2(10,4.0)",10000,10178.63,178.63,1.79,900.0,9.0,249.642,-90.83,138.69,-90.83,208.035,-90.83,40.45,59.55,1.04,2.01,89,36,53,0,2,2,1.5,1.5,0,0,0,0,57.54,1.5,5,0.5,4992.84,4813.99,4.5%,"SOL_INR_30m_ST1(12,3.5)+ST2(10,4.0)_SL1.5pct_1-3",2,2
BTC/INR,15m,2026-07-25 to 2026-09-24 (60D),5742,12,3.0,7,4.0,"ST1(12,3.0)+ST2(7,4.0)",1.5%,1:3,1%,1.5,3.0,"ST1(12,3.0)+ST2(7,4.0)",10000,10172.21,172.21,1.72,742.0,7.42,155.16,-65.59,86.2,-65.59,129.3,-65.59,44.58,55.42,1.06,2.07,83,37,46,0,2,2,1.5,1.5,0,0,0,0,77.93,1.5,5,0.5,3189.4,3017.1400000000003,4.5%,"BTC_INR_15m_ST1(12,3.0)+ST2(7,4.0)_SL1.5pct_1-3",0,1
BTC/INR,15m,2026-07-25 to 2026-09-24 (60D),5742,7,4.0,12,3.0,"ST1(7,4.0)+ST2(12,3.0)",1.5%,1:3,1%,1.5,3.0,"ST1(7,4.0)+ST2(12,3.0)",10000,10172.21,172.21,1.72,742.0,7.42,155.16,-65.59,86.2,-65.59,129.3,-65.59,44.58,55.42,1.06,2.07,83,37,46,0,2,2,1.5,1.5,0,0,0,0,77.93,1.5,5,0.5,3189.4,3017.1400000000003,4.5%,"BTC_INR_15m_ST1(7,4.0)+ST2(12,3.0)_SL1.5pct_1-3",0,1
BTC/INR,30m,2026-07-25 to 2026-09-24 (60D),2872,7,3.0,12,4.0,"ST1(7,3.0)+ST2(12,4.0)",1.5%,1:3,1%,1.5,3.0,"ST1(7,3.0)+ST2(12,4.0)",10000,10162.51,162.51,1.63,771.0,7.71,177.33599999999998,-64.16,98.52,-64.16,147.78,-64.16,40.85,59.15,1.06,2.29,71,29,42,0,2,2,1.5,1.5,0,0,0,0,66.53,1.5,5,0.5,2857.08,2694.72,4.5%,"BTC_INR_30m_ST1(7,3.0)+ST2(12,4.0)_SL1.5pct_1-3",0,2
BTC/INR,30m,2026-07-25 to 2026-09-24 (60D),2872,12,4.0,7,3.0,"ST1(12,4.0)+ST2(7,3.0)",1.5%,1:3,1%,1.5,3.0,"ST1(12,4.0)+ST2(7,3.0)",10000,10162.51,162.51,1.63,771.0,7.71,177.33599999999998,-64.16,98.52,-64.16,147.78,-64.16,40.85,59.15,1.06,2.29,71,29,42,0,2,2,1.5,1.5,0,0,0,0,66.53,1.5,5,0.5,2857.08,2694.72,4.5%,"BTC_INR_30m_ST1(12,4.0)+ST2(7,3.0)_SL1.5pct_1-3",0,2
SOL/INR,30m,2026-07-25 to 2026-09-24 (60D),2872,7,3.5,10,4.0,"ST1(7,3.5)+ST2(10,4.0)",1.5%,1:3,1%,1.5,3.0,"ST1(7,3.5)+ST2(10,4.0)",10000,10162.28,162.28,1.62,1101.0,11.01,258.894,-91.92,143.83,-91.92,215.745,-91.92,39.77,60.23,1.03,1.84,88,35,53,0,2,2,1.5,1.5,0,0,0,0,57.33,1.5,5,0.5,5034.05,4871.76,4.5%,"SOL_INR_30m_ST1(7,3.5)+ST2(10,4.0)_SL1.5pct_1-3",2,2
SOL/INR,30m,2026-07-25 to 2026-09-24 (60D),2872,10,4.0,7,3.5,"ST1(10,4.0)+ST2(7,3.5)",1.5%,1:3,1%,1.5,3.0,"ST1(10,4.0)+ST2(7,3.5)",10000,10162.28,162.28,1.62,1101.0,11.01,258.894,-91.92,143.83,-91.92,215.745,-91.92,39.77,60.23,1.03,1.84,88,35,53,0,2,2,1.5,1.5,0,0,0,0,57.33,1.5,5,0.5,5034.05,4871.76,4.5%,"SOL_INR_30m_ST1(10,4.0)+ST2(7,3.5)_SL1.5pct_1-3",2,2
BTC/INR,30m,2026-07-25 to 2026-09-24 (60D),2872,14,3.0,7,3.5,"ST1(14,3.0)+ST2(7,3.5)",1.5%,1:3,1%,1.5,3.0,"ST1(14,3.0)+ST2(7,3.5)",10000,10162.2,162.2,1.62,659.0,6.59,179.37,-66.53,99.65,-66.53,149.47500000000002,-66.53,41.43,58.57,1.06,2.32,70,29,41,0,2,2,1.5,1.5,0,0,0,0,63.78,1.5,5,0.5,2889.8500000000004,2727.73,4.5%,"BTC_INR_30m_ST1(14,3.0)+ST2(7,3.5)_SL1.5pct_1-3",0,2
BTC/INR,30m,2026-07-25 to 2026-09-24 (60D),2872,7,3.5,14,3.0,"ST1(7,3.5)+ST2(14,3.0)",1.5%,1:3,1%,1.5,3.0,"ST1(7,3.5)+ST2(14,3.0)",10000,10162.2,162.2,1.62,659.0,6.59,179.37,-66.53,99.65,-66.53,149.47500000000002,-66.53,41.43,58.57,1.06,2.32,70,29,41,0,2,2,1.5,1.5,0,0,0,0,63.78,1.5,5,0.5,2889.8500000000004,2727.73,4.5%,"BTC_INR_30m_ST1(7,3.5)+ST2(14,3.0)_SL1.5pct_1-3",0,2
BTC/INR,5m,2026-09-17 to 2026-09-24 (7D),1963,12,2.0,14,2.0,"ST1(12,2.0)+ST2(14,2.0)",1.5%,1:3,1%,1.5,3.0,"ST1(12,2.0)+ST2(14,2.0)",10000,10158.11,158.11,1.58,168.0,1.68,142.038,-78.86,78.91,-78.86,118.365,-78.86,58.33,41.67,1.4,13.18,12,7,5,0,2,2,1.5,1.5,0,0,0,0,90.88,1.5,5,0.5,552.37,394.3,4.5%,"BTC_INR_5m_ST1(12,2.0)+ST2(14,2.0)_SL1.5pct_1-3",0,0
BTC/INR,5m,2026-09-17 to 2026-09-24 (7D),1963,14,2.0,12,2.0,"ST1(14,2.0)+ST2(12,2.0)",1.5%,1:3,1%,1.5,3.0,"ST1(14,2.0)+ST2(12,2.0)",10000,10158.11,158.11,1.58,168.0,1.68,142.038,-78.86,78.91,-78.86,118.365,-78.86,58.33,41.67,1.4,13.18,12,7,5,0,2,2,1.5,1.5,0,0,0,0,90.88,1.5,5,0.5,552.37,394.3,4.5%,"BTC_INR_5m_ST1(14,2.0)+ST2(12,2.0)_SL1.5pct_1-3",0,0
BTC/INR,30m,2026-07-25 to 2026-09-24 (60D),2872,7,3.5,10,3.0,"ST1(7,3.5)+ST2(10,3.0)",1.5%,1:3,1%,1.5,3.0,"ST1(7,3.5)+ST2(10,3.0)",10000,10157.88,157.88,1.58,640.0,6.4,179.028,-64.92,99.46,-64.92,149.19,-64.92,40.85,59.15,1.06,2.22,71,29,42,0,2,2,1.5,1.5,0,0,0,0,65.83,1.5,5,0.5,2884.34,2726.64,4.5%,"BTC_INR_30m_ST1(7,3.5)+ST2(10,3.0)_SL1.5pct_1-3",0,2
BTC/INR,30m,2026-07-25 to 2026-09-24 (60D),2872,10,3.0,7,3.5,"ST1(10,3.0)+ST2(7,3.5)",1.5%,1:3,1%,1.5,3.0,"ST1(10,3.0)+ST2(7,3.5)",10000,10157.88,157.88,1.58,640.0,6.4,179.028,-64.92,99.46,-64.92,149.19,-64.92,40.85,59.15,1.06,2.22,71,29,42,0,2,2,1.5,1.5,0,0,0,0,65.83,1.5,5,0.5,2884.34,2726.64,4.5%,"BTC_INR_30m_ST1(10,3.0)+ST2(7,3.5)_SL1.5pct_1-3",0,2
SOL/INR,15m,2026-07-25 to 2026-09-24 (60D),5742,7,4.0,10,3.5,"ST1(7,4.0)+ST2(10,3.5)",1.5%,1:3,1%,1.5,3.0,"ST1(7,4.0)+ST2(10,3.5)",10000,10150.88,150.88,1.51,1004.0,10.04,213.66,-86.51,118.7,-86.51,178.05,-86.51,42.86,57.14,1.03,1.44,105,45,60,0,2,2,1.5,1.5,0,0,0,0,76.12,1.5,5,0.5,5341.5,5190.6,4.5%,"SOL_INR_15m_ST1(7,4.0)+ST2(10,3.5)_SL1.5pct_1-3",2,1
SOL/INR,15m,2026-07-25 to 2026-09-24 (60D),5742,10,3.5,7,4.0,"ST1(10,3.5)+ST2(7,4.0)",1.5%,1:3,1%,1.5,3.0,"ST1(10,3.5)+ST2(7,4.0)",10000,10150.88,150.88,1.51,1004.0,10.04,213.66,-86.51,118.7,-86.51,178.05,-86.51,42.86,57.14,1.03,1.44,105,45,60,0,2,2,1.5,1.5,0,0,0,0,76.12,1.5,5,0.5,5341.5,5190.6,4.5%,"SOL_INR_15m_ST1(10,3.5)+ST2(7,4.0)_SL1.5pct_1-3",2,1
BTC/INR,30m,2026-07-25 to 2026-09-24 (60D),2872,10,3.5,14,3.5,"ST1(10,3.5)+ST2(14,3.5)",1.5%,1:3,1%,1.5,3.0,"ST1(10,3.5)+ST2(14,3.5)",10000,10140.78,140.78,1.41,807.0,8.07,174.132,-65.75,96.74,-65.75,145.11,-65.75,41.67,58.33,1.05,1.96,72,30,42,0,2,2,1.5,1.5,0,0,0,0,68.86,1.5,5,0.5,2902.2,2761.5,4.5%,"BTC_INR_30m_ST1(10,3.5)+ST2(14,3.5)_SL1.5pct_1-3",0,2
BTC/INR,30m,2026-07-25 to 2026-09-24 (60D),2872,14,3.5,10,3.5,"ST1(14,3.5)+ST2(10,3.5)",1.5%,1:3,1%,1.5,3.0,"ST1(14,3.5)+ST2(10,3.5)",10000,10140.78,140.78,1.41,807.0,8.07,174.132,-65.75,96.74,-65.75,145.11,-65.75,41.67,58.33,1.05,1.96,72,30,42,0,2,2,1.5,1.5,0,0,0,0,68.86,1.5,5,0.5,2902.2,2761.5,4.5%,"BTC_INR_30m_ST1(14,3.5)+ST2(10,3.5)_SL1.5pct_1-3",0,2
BTC/INR,30m,2026-07-25 to 2026-09-24 (60D),2872,10,3.0,14,4.0,"ST1(10,3.0)+ST2(14,4.0)",1.5%,1:3,1%,1.5,3.0,"ST1(10,3.0)+ST2(14,4.0)",10000,10138.29,138.29,1.38,696.0,6.96,179.514,-63.2,99.73,-63.2,149.595,-63.2,40.0,60.0,1.05,1.98,70,28,42,0,2,2,1.5,1.5,0,0,0,0,64.05,1.5,5,0.5,2792.44,2654.4,4.5%,"BTC_INR_30m_ST1(10,3.0)+ST2(14,4.0)_SL1.5pct_1-3",0,2
BTC/INR,30m,2026-07-25 to 2026-09-24 (60D),2872,14,4.0,10,3.0,"ST1(14,4.0)+ST2(10,3.0)",1.5%,1:3,1%,1.5,3.0,"ST1(14,4.0)+ST2(10,3.0)",10000,10138.29,138.29,1.38,696.0,6.96,179.514,-63.2,99.73,-63.2,149.595,-63.2,40.0,60.0,1.05,1.98,70,28,42,0,2,2,1.5,1.5,0,0,0,0,64.05,1.5,5,0.5,2792.44,2654.4,4.5%,"BTC_INR_30m_ST1(14,4.0)+ST2(10,3.0)_SL1.5pct_1-3",0,2
BTC/INR,15m,2026-07-25 to 2026-09-24 (60D),5742,10,2.0,10,3.0,"ST1(10,2.0)+ST2(10,3.0)",1.5%,1:3,1%,1.5,3.0,"ST1(10,2.0)+ST2(10,3.0)",10000,10137.8,137.8,1.38,753.0,7.53,163.458,-62.76,90.81,-62.76,136.215,-62.76,41.98,58.02,1.05,1.7,81,34,47,0,2,2,1.5,1.5,0,0,0,0,78.68,1.5,5,0.5,3087.54,2949.72,4.5%,"BTC_INR_15m_ST1(10,2.0)+ST2(10,3.0)_SL1.5pct_1-3",0,1
BTC/INR,15m,2026-07-25 to 2026-09-24 (60D),5742,10,3.0,10,2.0,"ST1(10,3.0)+ST2(10,2.0)",1.5%,1:3,1%,1.5,3.0,"ST1(10,3.0)+ST2(10,2.0)",10000,10137.8,137.8,1.38,753.0,7.53,163.458,-62.76,90.81,-62.76,136.215,-62.76,41.98,58.02,1.05,1.7,81,34,47,0,2,2,1.5,1.5,0,0,0,0,78.68,1.5,5,0.5,3087.54,2949.72,4.5%,"BTC_INR_15m_ST1(10,3.0)+ST2(10,2.0)_SL1.5pct_1-3",0,1
BTC/INR,15m,2026-07-25 to 2026-09-24 (60D),5742,7,3.5,12,3.5,"ST1(7,3.5)+ST2(12,3.5)",1.5%,1:3,1%,1.5,3.0,"ST1(7,3.5)+ST2(12,3.5)",10000,10136.35,136.35,1.36,632.0,6.32,153.324,-67.4,85.18,-67.4,127.77,-67.4,45.24,54.76,1.04,1.62,84,38,46,0,2,2,1.5,1.5,0,0,0,0,84.2,1.5,5,0.5,3236.84,3100.4,4.5%,"BTC_INR_15m_ST1(7,3.5)+ST2(12,3.5)_SL1.5pct_1-3",0,1
BTC/INR,15m,2026-07-25 to 2026-09-24 (60D),5742,12,3.5,7,3.5,"ST1(12,3.5)+ST2(7,3.5)",1.5%,1:3,1%,1.5,3.0,"ST1(12,3.5)+ST2(7,3.5)",10000,10136.35,136.35,1.36,632.0,6.32,153.324,-67.4,85.18,-67.4,127.77,-67.4,45.24,54.76,1.04,1.62,84,38,46,0,2,2,1.5,1.5,0,0,0,0,84.2,1.5,5,0.5,3236.84,3100.4,4.5%,"BTC_INR_15m_ST1(12,3.5)+ST2(7,3.5)_SL1.5pct_1-3",0,1
BTC/INR,15m,2026-07-25 to 2026-09-24 (60D),5742,7,2.0,10,3.0,"ST1(7,2.0)+ST2(10,3.0)",1.5%,1:3,1%,1.5,3.0,"ST1(7,2.0)+ST2(10,3.0)",10000,10134.51,134.51,1.35,752.0,7.52,169.452,-63.88,94.14,-63.88,141.21,-63.88,41.46,58.54,1.04,1.64,82,34,48,0,2,2,1.5,1.5,0,0,0,0,77.69,1.5,5,0.5,3200.76,3066.24,4.5%,"BTC_INR_15m_ST1(7,2.0)+ST2(10,3.0)_SL1.5pct_1-3",0,1
BTC/INR,15m,2026-07-25 to 2026-09-24 (60D),5742,10,3.0,7,2.0,"ST1(10,3.0)+ST2(7,2.0)",1.5%,1:3,1%,1.5,3.0,"ST1(10,3.0)+ST2(7,2.0)",10000,10134.51,134.51,1.35,752.0,7.52,169.452,-63.88,94.14,-63.88,141.21,-63.88,41.46,58.54,1.04,1.64,82,34,48,0,2,2,1.5,1.5,0,0,0,0,77.69,1.5,5,0.5,3200.76,3066.24,4.5%,"BTC_INR_15m_ST1(10,3.0)+ST2(7,2.0)_SL1.5pct_1-3",0,1
BTC/INR,30m,2026-07-25 to 2026-09-24 (60D),2872,7,3.5,12,3.0,"ST1(7,3.5)+ST2(12,3.0)",1.5%,1:3,1%,1.5,3.0,"ST1(7,3.5)+ST2(12,3.0)",10000,10134.44,134.44,1.34,659.0,6.59,178.938,-65.44,99.41,-65.44,149.115,-65.44,40.85,59.15,1.05,1.89,71,29,42,0,2,2,1.5,1.5,0,0,0,0,65.45,1.5,5,0.5,2882.89,2748.48,4.5%,"BTC_INR_30m_ST1(7,3.5)+ST2(12,3.0)_SL1.5pct_1-3",0,2
BTC/INR,30m,2026-07-25 to 2026-09-24 (60D),2872,12,3.0,7,3.5,"ST1(12,3.0)+ST2(7,3.5)",1.5%,1:3,1%,1.5,3.0,"ST1(12,3.0)+ST2(7,3.5)",10000,10134.44,134.44,1.34,659.0,6.59,178.938,-65.44,99.41,-65.44,149.115,-65.44,40.85,59.15,1.05,1.89,71,29,42,0,2,2,1.5,1.5,0,0,0,0,65.45,1.5,5,0.5,2882.89,2748.48,4.5%,"BTC_INR_30m_ST1(12,3.0)+ST2(7,3.5)_SL1.5pct_1-3",0,2
ETH/INR,5m,2026-09-17 to 2026-09-24 (7D),1963,12,2.0,14,4.0,"ST1(12,2.0)+ST2(14,4.0)",1.5%,1:3,1%,1.5,3.0,"ST1(12,2.0)+ST2(14,4.0)",10000,10122.2,122.2,1.22,482.0,4.82,280.62,-82.16,155.9,-82.16,233.85,-82.16,38.46,61.54,1.19,9.4,13,5,8,0,2,2,1.5,1.5,0,0,0,0,86.85,1.5,5,0.5,779.5,657.28,4.5%,"ETH_INR_5m_ST1(12,2.0)+ST2(14,4.0)_SL1.5pct_1-3",1,0
ETH/INR,5m,2026-09-17 to 2026-09-24 (7D),1963,12,2.0,12,4.0,"ST1(12,2.0)+ST2(12,4.0)",1.5%,1:3,1%,1.5,3.0,"ST1(12,2.0)+ST2(12,4.0)",10000,10122.2,122.2,1.22,482.0,4.82,280.62,-82.16,155.9,-82.16,233.85,-82.16,38.46,61.54,1.19,9.4,13,5,8,0,2,2,1.5,1.5,0,0,0,0,86.85,1.5,5,0.5,779.5,657.28,4.5%,"ETH_INR_5m_ST1(12,2.0)+ST2(12,4.0)_SL1.5pct_1-3",1,0
ETH/INR,5m,2026-09-17 to 2026-09-24 (7D),1963,7,4.0,12,2.0,"ST1(7,4.0)+ST2(12,2.0)",1.5%,1:3,1%,1.5,3.0,"ST1(7,4.0)+ST2(12,2.0)",10000,10122.2,122.2,1.22,482.0,4.82,280.62,-82.16,155.9,-82.16,233.85,-82.16,38.46,61.54,1.19,9.4,13,5,8,0,2,2,1.5,1.5,0,0,0,0,86.85,1.5,5,0.5,779.5,657.28,4.5%,"ETH_INR_5m_ST1(7,4.0)+ST2(12,2.0)_SL1.5pct_1-3",1,0
ETH/INR,5m,2026-09-17 to 2026-09-24 (7D),1963,10,4.0,12,2.0,"ST1(10,4.0)+ST2(12,2.0)",1.5%,1:3,1%,1.5,3.0,"ST1(10,4.0)+ST2(12,2.0)",10000,10122.2,122.2,1.22,482.0,4.82,280.62,-82.16,155.9,-82.16,233.85,-82.16,38.46,61.54,1.19,9.4,13,5,8,0,2,2,1.5,1.5,0,0,0,0,86.85,1.5,5,0.5,779.5,657.28,4.5%,"ETH_INR_5m_ST1(10,4.0)+ST2(12,2.0)_SL1.5pct_1-3",1,0
ETH/INR,5m,2026-09-17 to 2026-09-24 (7D),1963,12,2.0,7,4.0,"ST1(12,2.0)+ST2(7,4.0)",1.5%,1:3,1%,1.5,3.0,"ST1(12,2.0)+ST2(7,4.0)",10000,10122.2,122.2,1.22,482.0,4.82,280.62,-82.16,155.9,-82.16,233.85,-82.16,38.46,61.54,1.19,9.4,13,5,8,0,2,2,1.5,1.5,0,0,0,0,86.85,1.5,5,0.5,779.5,657.28,4.5%,"ETH_INR_5m_ST1(12,2.0)+ST2(7,4.0)_SL1.5pct_1-3",1,0
ETH/INR,5m,2026-09-17 to 2026-09-24 (7D),1963,12,2.0,10,4.0,"ST1(12,2.0)+ST2(10,4.0)",1.5%,1:3,1%,1.5,3.0,"ST1(12,2.0)+ST2(10,4.0)",10000,10122.2,122.2,1.22,482.0,4.82,280.62,-82.16,155.9,-82.16,233.85,-82.16,38.46,61.54,1.19,9.4,13,5,8,0,2,2,1.5,1.5,0,0,0,0,86.85,1.5,5,0.5,779.5,657.28,4.5%,"ETH_INR_5m_ST1(12,2.0)+ST2(10,4.0)_SL1.5pct_1-3",1,0
ETH/INR,5m,2026-09-17 to 2026-09-24 (7D),1963,14,4.0,12,2.0,"ST1(14,4.0)+ST2(12,2.0)",1.5%,1:3,1%,1.5,3.0,"ST1(14,4.0)+ST2(12,2.0)",10000,10122.2,122.2,1.22,482.0,4.82,280.62,-82.16,155.9,-82.16,233.85,-82.16,38.46,61.54,1.19,9.4,13,5,8,0,2,2,1.5,1.5,0,0,0,0,86.85,1.5,5,0.5,779.5,657.28,4.5%,"ETH_INR_5m_ST1(14,4.0)+ST2(12,2.0)_SL1.5pct_1-3",1,0
ETH/INR,5m,2026-09-17 to 2026-09-24 (7D),1963,12,4.0,12,2.0,"ST1(12,4.0)+ST2(12,2.0)",1.5%,1:3,1%,1.5,3.0,"ST1(12,4.0)+ST2(12,2.0)",10000,10122.2,122.2,1.22,482.0,4.82,280.62,-82.16,155.9,-82.16,233.85,-82.16,38.46,61.54,1.19,9.4,13,5,8,0,2,2,1.5,1.5,0,0,0,0,86.85,1.5,5,0.5,779.5,657.28,4.5%,"ETH_INR_5m_ST1(12,4.0)+ST2(12,2.0)_SL1.5pct_1-3",1,0
BTC/INR,15m,2026-07-25 to 2026-09-24 (60D),5742,14,4.0,7,4.0,"ST1(14,4.0)+ST2(7,4.0)",1.5%,1:3,1%,1.5,3.0,"ST1(14,4.0)+ST2(7,4.0)",10000,10120.11,120.11,1.2,789.0,7.89,151.41600000000005,-68.36,84.12,-68.36,126.18,-68.36,45.78,54.22,1.04,1.45,83,38,45,0,2,2,1.5,1.5,0,0,0,0,83.4,1.5,5,0.5,3196.5600000000004,3076.2,4.5%,"BTC_INR_15m_ST1(14,4.0)+ST2(7,4.0)_SL1.5pct_1-3",0,1
BTC/INR,15m,2026-07-25 to 2026-09-24 (60D),5742,7,4.0,14,4.0,"ST1(7,4.0)+ST2(14,4.0)",1.5%,1:3,1%,1.5,3.0,"ST1(7,4.0)+ST2(14,4.0)",10000,10120.11,120.11,1.2,789.0,7.89,151.41600000000005,-68.36,84.12,-68.36,126.18,-68.36,45.78,54.22,1.04,1.45,83,38,45,0,2,2,1.5,1.5,0,0,0,0,83.4,1.5,5,0.5,3196.5600000000004,3076.2,4.5%,"BTC_INR_15m_ST1(7,4.0)+ST2(14,4.0)_SL1.5pct_1-3",0,1
SOL/INR,15m,2026-07-25 to 2026-09-24 (60D),5742,14,3.0,7,4.0,"ST1(14,3.0)+ST2(7,4.0)",1.5%,1:3,1%,1.5,3.0,"ST1(14,3.0)+ST2(7,4.0)",10000,10119.8,119.8,1.2,951.0,9.51,220.734,-83.19,122.63,-83.19,183.945,-83.19,41.0,59.0,1.02,1.2,100,41,59,0,2,2,1.5,1.5,0,0,0,0,72.94,1.5,5,0.5,5027.83,4908.21,4.5%,"SOL_INR_15m_ST1(14,3.0)+ST2(7,4.0)_SL1.5pct_1-3",2,1
SOL/INR,15m,2026-07-25 to 2026-09-24 (60D),5742,7,4.0,14,3.0,"ST1(7,4.0)+ST2(14,3.0)",1.5%,1:3,1%,1.5,3.0,"ST1(7,4.0)+ST2(14,3.0)",10000,10119.8,119.8,1.2,951.0,9.51,220.734,-83.19,122.63,-83.19,183.945,-83.19,41.0,59.0,1.02,1.2,100,41,59,0,2,2,1.5,1.5,0,0,0,0,72.94,1.5,5,0.5,5027.83,4908.21,4.5%,"SOL_INR_15m_ST1(7,4.0)+ST2(14,3.0)_SL1.5pct_1-3",2,1
SOL/INR,15m,2026-07-25 to 2026-09-24 (60D),5742,7,4.0,7,3.5,"ST1(7,4.0)+ST2(7,3.5)",1.5%,1:3,1%,1.5,3.0,"ST1(7,4.0)+ST2(7,3.5)",10000,10116.56,116.56,1.17,1039.0,10.39,210.996,-85.97,117.22,-85.97,175.82999999999998,-85.97,42.86,57.14,1.02,1.11,105,45,60,0,2,2,1.5,1.5,0,0,0,0,76.05,1.5,5,0.5,5274.9,5158.2,4.5%,"SOL_INR_15m_ST1(7,4.0)+ST2(7,3.5)_SL1.5pct_1-3",2,1
SOL/INR,15m,2026-07-25 to 2026-09-24 (60D),5742,7,3.5,7,4.0,"ST1(7,3.5)+ST2(7,4.0)",1.5%,1:3,1%,1.5,3.0,"ST1(7,3.5)+ST2(7,4.0)",10000,10116.56,116.56,1.17,1039.0,10.39,210.996,-85.97,117.22,-85.97,175.82999999999998,-85.97,42.86,57.14,1.02,1.11,105,45,60,0,2,2,1.5,1.5,0,0,0,0,76.05,1.5,5,0.5,5274.9,5158.2,4.5%,"SOL_INR_15m_ST1(7,3.5)+ST2(7,4.0)_SL1.5pct_1-3",2,1
BTC/INR,30m,2026-07-25 to 2026-09-24 (60D),2872,10,4.0,14,3.0,"ST1(10,4.0)+ST2(14,3.0)",1.5%,1:3,1%,1.5,3.0,"ST1(10,4.0)+ST2(14,3.0)",10000,10113.77,113.77,1.14,694.0,6.94,180.612,-65.75,100.34,-65.75,150.51,-65.75,40.58,59.42,1.04,1.65,69,28,41,0,2,2,1.5,1.5,0,0,0,0,60.47,1.5,5,0.5,2809.52,2695.75,4.5%,"BTC_INR_30m_ST1(10,4.0)+ST2(14,3.0)_SL1.5pct_1-3",0,2
BTC/INR,30m,2026-07-25 to 2026-09-24 (60D),2872,14,3.0,10,4.0,"ST1(14,3.0)+ST2(10,4.0)",1.5%,1:3,1%,1.5,3.0,"ST1(14,3.0)+ST2(10,4.0)",10000,10113.77,113.77,1.14,694.0,6.94,180.612,-65.75,100.34,-65.75,150.51,-65.75,40.58,59.42,1.04,1.65,69,28,41,0,2,2,1.5,1.5,0,0,0,0,60.47,1.5,5,0.5,2809.52,2695.75,4.5%,"BTC_INR_30m_ST1(14,3.0)+ST2(10,4.0)_SL1.5pct_1-3",0,2
BTC/INR,15m,2026-07-25 to 2026-09-24 (60D),5742,14,4.0,7,2.0,"ST1(14,4.0)+ST2(7,2.0)",1.5%,1:3,1%,1.5,3.0,"ST1(14,4.0)+ST2(7,2.0)",10000,10104.91,104.91,1.05,1012.0,10.12,161.28,-67.36,89.6,-67.36,134.39999999999998,-67.36,43.75,56.25,1.03,1.31,80,35,45,0,2,2,1.5,1.5,0,0,0,0,74.14,1.5,5,0.5,3136.0,3031.2,4.5%,"BTC_INR_15m_ST1(14,4.0)+ST2(7,2.0)_SL1.5pct_1-3",0,1
BTC/INR,15m,2026-07-25 to 2026-09-24 (60D),5742,7,2.0,14,4.0,"ST1(7,2.0)+ST2(14,4.0)",1.5%,1:3,1%,1.5,3.0,"ST1(7,2.0)+ST2(14,4.0)",10000,10104.91,104.91,1.05,1012.0,10.12,161.28,-67.36,89.6,-67.36,134.39999999999998,-67.36,43.75,56.25,1.03,1.31,80,35,45,0,2,2,1.5,1.5,0,0,0,0,74.14,1.5,5,0.5,3136.0,3031.2,4.5%,"BTC_INR_15m_ST1(7,2.0)+ST2(14,4.0)_SL1.5pct_1-3",0,1
BTC/INR,30m,2026-07-25 to 2026-09-24 (60D),2872,10,3.0,12,3.0,"ST1(10,3.0)+ST2(12,3.0)",1.5%,1:3,1%,1.5,3.0,"ST1(10,3.0)+ST2(12,3.0)",10000,10096.31,96.31,0.96,667.0,6.67,170.946,-61.91,94.97,-61.91,142.45499999999998,-61.91,40.26,59.74,1.03,1.25,77,31,46,0,2,2,1.5,1.5,0,0,0,0,73.84,1.5,5,0.5,2944.07,2847.86,4.5%,"BTC_INR_30m_ST1(10,3.0)+ST2(12,3.0)_SL1.5pct_1-3",0,2
BTC/INR,30m,2026-07-25 to 2026-09-24 (60D),2872,12,3.0,10,3.0,"ST1(12,3.0)+ST2(10,3.0)",1.5%,1:3,1%,1.5,3.0,"ST1(12,3.0)+ST2(10,3.0)",10000,10096.31,96.31,0.96,667.0,6.67,170.946,-61.91,94.97,-61.91,142.45499999999998,-61.91,40.26,59.74,1.03,1.25,77,31,46,0,2,2,1.5,1.5,0,0,0,0,73.84,1.5,5,0.5,2944.07,2847.86,4.5%,"BTC_INR_30m_ST1(12,3.0)+ST2(10,3.0)_SL1.5pct_1-3",0,2
BTC/INR,30m,2026-07-25 to 2026-09-24 (60D),2872,12,3.0,10,4.0,"ST1(12,3.0)+ST2(10,4.0)",1.5%,1:3,1%,1.5,3.0,"ST1(12,3.0)+ST2(10,4.0)",10000,10086.14,86.14,0.86,694.0,6.94,180.18,-64.68,100.1,-64.68,150.14999999999998,-64.68,40.0,60.0,1.03,1.23,70,28,42,0,2,2,1.5,1.5,0,0,0,0,62.14,1.5,5,0.5,2802.8,2716.5600000000004,4.5%,"BTC_INR_30m_ST1(12,3.0)+ST2(10,4.0)_SL1.5pct_1-3",0,2
BTC/INR,30m,2026-07-25 to 2026-09-24 (60D),2872,10,4.0,12,3.0,"ST1(10,4.0)+ST2(12,3.0)",1.5%,1:3,1%,1.5,3.0,"ST1(10,4.0)+ST2(12,3.0)",10000,10086.14,86.14,0.86,694.0,6.94,180.18,-64.68,100.1,-64.68,150.14999999999998,-64.68,40.0,60.0,1.03,1.23,70,28,42,0,2,2,1.5,1.5,0,0,0,0,62.14,1.5,5,0.5,2802.8,2716.5600000000004,4.5%,"BTC_INR_30m_ST1(10,4.0)+ST2(12,3.0)_SL1.5pct_1-3",0,2
BTC/INR,5m,2026-09-17 to 2026-09-24 (7D),1963,7,2.0,12,2.0,"ST1(7,2.0)+ST2(12,2.0)",1.5%,1:3,1%,1.5,3.0,"ST1(7,2.0)+ST2(12,2.0)",10000,10084.87,84.87,0.85,236.0,2.36,164.592,-77.3,91.44,-77.3,137.16,-77.3,50.0,50.0,1.18,7.07,12,6,6,0,2,2,1.5,1.5,0,0,0,0,91.28,1.5,5,0.5,548.64,463.8,4.5%,"BTC_INR_5m_ST1(7,2.0)+ST2(12,2.0)_SL1.5pct_1-3",0,0
BTC/INR,5m,2026-09-17 to 2026-09-24 (7D),1963,14,2.0,7,2.0,"ST1(14,2.0)+ST2(7,2.0)",1.5%,1:3,1%,1.5,3.0,"ST1(14,2.0)+ST2(7,2.0)",10000,10084.87,84.87,0.85,236.0,2.36,164.592,-77.3,91.44,-77.3,137.16,-77.3,50.0,50.0,1.18,7.07,12,6,6,0,2,2,1.5,1.5,0,0,0,0,91.28,1.5,5,0.5,548.64,463.8,4.5%,"BTC_INR_5m_ST1(14,2.0)+ST2(7,2.0)_SL1.5pct_1-3",0,0
BTC/INR,5m,2026-09-17 to 2026-09-24 (7D),1963,10,2.0,14,2.0,"ST1(10,2.0)+ST2(14,2.0)",1.5%,1:3,1%,1.5,3.0,"ST1(10,2.0)+ST2(14,2.0)",10000,10084.87,84.87,0.85,236.0,2.36,164.592,-77.3,91.44,-77.3,137.16,-77.3,50.0,50.0,1.18,7.07,12,6,6,0,2,2,1.5,1.5,0,0,0,0,91.28,1.5,5,0.5,548.64,463.8,4.5%,"BTC_INR_5m_ST1(10,2.0)+ST2(14,2.0)_SL1.5pct_1-3",0,0
BTC/INR,5m,2026-09-17 to 2026-09-24 (7D),1963,12,2.0,7,2.0,"ST1(12,2.0)+ST2(7,2.0)",1.5%,1:3,1%,1.5,3.0,"ST1(12,2.0)+ST2(7,2.0)",10000,10084.87,84.87,0.85,236.0,2.36,164.592,-77.3,91.44,-77.3,137.16,-77.3,50.0,50.0,1.18,7.07,12,6,6,0,2,2,1.5,1.5,0,0,0,0,91.28,1.5,5,0.5,548.64,463.8,4.5%,"BTC_INR_5m_ST1(12,2.0)+ST2(7,2.0)_SL1.5pct_1-3",0,0
BTC/INR,5m,2026-09-17 to 2026-09-24 (7D),1963,12,2.0,10,2.0,"ST1(12,2.0)+ST2(10,2.0)",1.5%,1:3,1%,1.5,3.0,"ST1(12,2.0)+ST2(10,2.0)",10000,10084.87,84.87,0.85,236.0,2.36,164.592,-77.3,91.44,-77.3,137.16,-77.3,50.0,50.0,1.18,7.07,12,6,6,0,2,2,1.5,1.5,0,0,0,0,91.28,1.5,5,0.5,548.64,463.8,4.5%,"BTC_INR_5m_ST1(12,2.0)+ST2(10,2.0)_SL1.5pct_1-3",0,0
BTC/INR,5m,2026-09-17 to 2026-09-24 (7D),1963,10,2.0,12,2.0,"ST1(10,2.0)+ST2(12,2.0)",1.5%,1:3,1%,1.5,3.0,"ST1(10,2.0)+ST2(12,2.0)",10000,10084.87,84.87,0.85,236.0,2.36,164.592,-77.3,91.44,-77.3,137.16,-77.3,50.0,50.0,1.18,7.07,12,6,6,0,2,2,1.5,1.5,0,0,0,0,91.28,1.5,5,0.5,548.64,463.8,4.5%,"BTC_INR_5m_ST1(10,2.0)+ST2(12,2.0)_SL1.5pct_1-3",0,0
BTC/INR,5m,2026-09-17 to 2026-09-24 (7D),1963,14,2.0,10,2.0,"ST1(14,2.0)+ST2(10,2.0)",1.5%,1:3,1%,1.5,3.0,"ST1(14,2.0)+ST2(10,2.0)",10000,10084.87,84.87,0.85,236.0,2.36,164.592,-77.3,91.44,-77.3,137.16,-77.3,50.0,50.0,1.18,7.07,12,6,6,0,2,2,1.5,1.5,0,0,0,0,91.28,1.5,5,0.5,548.64,463.8,4.5%,"BTC_INR_5m_ST1(14,2.0)+ST2(10,2.0)_SL1.5pct_1-3",0,0
BTC/INR,5m,2026-09-17 to 2026-09-24 (7D),1963,7,2.0,14,2.0,"ST1(7,2.0)+ST2(14,2.0)",1.5%,1:3,1%,1.5,3.0,"ST1(7,2.0)+ST2(14,2.0)",10000,10084.87,84.87,0.85,236.0,2.36,164.592,-77.3,91.44,-77.3,137.16,-77.3,50.0,50.0,1.18,7.07,12,6,6,0,2,2,1.5,1.5,0,0,0,0,91.28,1.5,5,0.5,548.64,463.8,4.5%,"BTC_INR_5m_ST1(7,2.0)+ST2(14,2.0)_SL1.5pct_1-3",0,0
BTC/INR,30m,2026-07-25 to 2026-09-24 (60D),2872,12,3.5,14,3.5,"ST1(12,3.5)+ST2(14,3.5)",1.5%,1:3,1%,1.5,3.0,"ST1(12,3.5)+ST2(14,3.5)",10000,10078.52,78.52,0.79,830.0,8.3,173.466,-63.92,96.37,-63.92,144.555,-63.92,40.54,59.46,1.03,1.06,74,30,44,0,2,2,1.5,1.5,0,0,0,0,71.68,1.5,5,0.5,2891.1000000000004,2812.48,4.5%,"BTC_INR_30m_ST1(12,3.5)+ST2(14,3.5)_SL1.5pct_1-3",0,2
BTC/INR,30m,2026-07-25 to 2026-09-24 (60D),2872,14,3.5,12,3.5,"ST1(14,3.5)+ST2(12,3.5)",1.5%,1:3,1%,1.5,3.0,"ST1(14,3.5)+ST2(12,3.5)",10000,10078.52,78.52,0.79,830.0,8.3,173.466,-63.92,96.37,-63.92,144.555,-63.92,40.54,59.46,1.03,1.06,74,30,44,0,2,2,1.5,1.5,0,0,0,0,71.68,1.5,5,0.5,2891.1000000000004,2812.48,4.5%,"BTC_INR_30m_ST1(14,3.5)+ST2(12,3.5)_SL1.5pct_1-3",0,2
SOL/INR,15m,2026-07-25 to 2026-09-24 (60D),5742,14,3.5,7,3.0,"ST1(14,3.5)+ST2(7,3.0)",1.5%,1:3,1%,1.5,3.0,"ST1(14,3.5)+ST2(7,3.0)",10000,10077.86,77.86,0.78,1306.0,13.06,211.842,-86.06,117.69,-86.06,176.535,-86.06,42.59,57.41,1.01,0.72,108,46,62,0,2,2,1.5,1.5,0,0,0,0,75.9,1.5,5,0.5,5413.74,5335.72,4.5%,"SOL_INR_15m_ST1(14,3.5)+ST2(7,3.0)_SL1.5pct_1-3",2,1
SOL/INR,15m,2026-07-25 to 2026-09-24 (60D),5742,7,3.0,14,3.5,"ST1(7,3.0)+ST2(14,3.5)",1.5%,1:3,1%,1.5,3.0,"ST1(7,3.0)+ST2(14,3.5)",10000,10077.86,77.86,0.78,1306.0,13.06,211.842,-86.06,117.69,-86.06,176.535,-86.06,42.59,57.41,1.01,0.72,108,46,62,0,2,2,1.5,1.5,0,0,0,0,75.9,1.5,5,0.5,5413.74,5335.72,4.5%,"SOL_INR_15m_ST1(7,3.0)+ST2(14,3.5)_SL1.5pct_1-3",2,1
BTC/INR,30m,2026-07-25 to 2026-09-24 (60D),2872,10,3.0,14,3.0,"ST1(10,3.0)+ST2(14,3.0)",1.5%,1:3,1%,1.5,3.0,"ST1(10,3.0)+ST2(14,3.0)",10000,10076.75,76.75,0.77,672.0,6.72,174.61800000000002,-61.6,97.01,-61.6,145.515,-61.6,39.47,60.53,1.03,1.01,76,30,46,0,2,2,1.5,1.5,0,0,0,0,72.17,1.5,5,0.5,2910.3,2833.6,4.5%,"BTC_INR_30m_ST1(10,3.0)+ST2(14,3.0)_SL1.5pct_1-3",0,2
BTC/INR,30m,2026-07-25 to 2026-09-24 (60D),2872,14,3.0,10,3.0,"ST1(14,3.0)+ST2(10,3.0)",1.5%,1:3,1%,1.5,3.0,"ST1(14,3.0)+ST2(10,3.0)",10000,10076.75,76.75,0.77,672.0,6.72,174.61800000000002,-61.6,97.01,-61.6,145.515,-61.6,39.47,60.53,1.03,1.01,76,30,46,0,2,2,1.5,1.5,0,0,0,0,72.17,1.5,5,0.5,2910.3,2833.6,4.5%,"BTC_INR_30m_ST1(14,3.0)+ST2(10,3.0)_SL1.5pct_1-3",0,2
BTC/INR,15m,2026-07-25 to 2026-09-24 (60D),5742,10,3.5,12,4.0,"ST1(10,3.5)+ST2(12,4.0)",1.5%,1:3,1%,1.5,3.0,"ST1(10,3.5)+ST2(12,4.0)",10000,10074.8,74.8,0.75,721.0,7.21,148.08599999999998,-68.13,82.27,-68.13,123.405,-68.13,45.88,54.12,1.02,0.88,85,39,46,0,2,2,1.5,1.5,0,0,0,0,84.36,1.5,5,0.5,3208.53,3133.98,4.5%,"BTC_INR_15m_ST1(10,3.5)+ST2(12,4.0)_SL1.5pct_1-3",0,1
BTC/INR,15m,2026-07-25 to 2026-09-24 (60D),5742,12,4.0,10,3.5,"ST1(12,4.0)+ST2(10,3.5)",1.5%,1:3,1%,1.5,3.0,"ST1(12,4.0)+ST2(10,3.5)",10000,10074.8,74.8,0.75,721.0,7.21,148.08599999999998,-68.13,82.27,-68.13,123.405,-68.13,45.88,54.12,1.02,0.88,85,39,46,0,2,2,1.5,1.5,0,0,0,0,84.36,1.5,5,0.5,3208.53,3133.98,4.5%,"BTC_INR_15m_ST1(12,4.0)+ST2(10,3.5)_SL1.5pct_1-3",0,1
SOL/INR,30m,2026-07-25 to 2026-09-24 (60D),2872,10,4.0,14,3.5,"ST1(10,4.0)+ST2(14,3.5)",1.5%,1:3,1%,1.5,3.0,"ST1(10,4.0)+ST2(14,3.5)",10000,10068.78,68.78,0.69,969.0,9.69,260.478,-91.54,144.71,-91.54,217.065,-91.54,39.08,60.92,1.01,0.79,87,34,53,0,2,2,1.5,1.5,0,0,0,0,58.24,1.5,5,0.5,4920.14,4851.62,4.5%,"SOL_INR_30m_ST1(10,4.0)+ST2(14,3.5)_SL1.5pct_1-3",2,2
SOL/INR,30m,2026-07-25 to 2026-09-24 (60D),2872,14,3.5,10,4.0,"ST1(14,3.5)+ST2(10,4.0)",1.5%,1:3,1%,1.5,3.0,"ST1(14,3.5)+ST2(10,4.0)",10000,10068.78,68.78,0.69,969.0,9.69,260.478,-91.54,144.71,-91.54,217.065,-91.54,39.08,60.92,1.01,0.79,87,34,53,0,2,2,1.5,1.5,0,0,0,0,58.24,1.5,5,0.5,4920.14,4851.62,4.5%,"SOL_INR_30m_ST1(14,3.5)+ST2(10,4.0)_SL1.5pct_1-3",2,2
BTC/INR,30m,2026-07-25 to 2026-09-24 (60D),2872,12,3.0,14,3.0,"ST1(12,3.0)+ST2(14,3.0)",1.5%,1:3,1%,1.5,3.0,"ST1(12,3.0)+ST2(14,3.0)",10000,10068.74,68.74,0.69,674.0,6.74,174.42000000000002,-60.39,96.9,-60.39,145.35000000000002,-60.39,38.96,61.04,1.02,0.89,77,30,47,0,2,2,1.5,1.5,0,0,0,0,73.77,1.5,5,0.5,2907.0,2838.33,4.5%,"BTC_INR_30m_ST1(12,3.0)+ST2(14,3.0)_SL1.5pct_1-3",0,2
BTC/INR,30m,2026-07-25 to 2026-09-24 (60D),2872,14,3.0,12,3.0,"ST1(14,3.0)+ST2(12,3.0)",1.5%,1:3,1%,1.5,3.0,"ST1(14,3.0)+ST2(12,3.0)",10000,10068.74,68.74,0.69,674.0,6.74,174.42000000000002,-60.39,96.9,-60.39,145.35000000000002,-60.39,38.96,61.04,1.02,0.89,77,30,47,0,2,2,1.5,1.5,0,0,0,0,73.77,1.5,5,0.5,2907.0,2838.33,4.5%,"BTC_INR_30m_ST1(14,3.0)+ST2(12,3.0)_SL1.5pct_1-3",0,2
BTC/INR,15m,2026-07-25 to 2026-09-24 (60D),5742,7,4.0,14,3.0,"ST1(7,4.0)+ST2(14,3.0)",1.5%,1:3,1%,1.5,3.0,"ST1(7,4.0)+ST2(14,3.0)",10000,10067.34,67.34,0.67,742.0,7.42,161.58599999999998,-64.05,89.77,-64.05,134.655,-64.05,42.17,57.83,1.02,0.81,83,35,48,0,2,2,1.5,1.5,0,0,0,0,76.87,1.5,5,0.5,3141.95,3074.4,4.5%,"BTC_INR_15m_ST1(7,4.0)+ST2(14,3.0)_SL1.5pct_1-3",0,1
BTC/INR,15m,2026-07-25 to 2026-09-24 (60D),5742,14,3.0,7,4.0,"ST1(14,3.0)+ST2(7,4.0)",1.5%,1:3,1%,1.5,3.0,"ST1(14,3.0)+ST2(7,4.0)",10000,10067.34,67.34,0.67,742.0,7.42,161.58599999999998,-64.05,89.77,-64.05,134.655,-64.05,42.17,57.83,1.02,0.81,83,35,48,0,2,2,1.5,1.5,0,0,0,0,76.87,1.5,5,0.5,3141.95,3074.4,4.5%,"BTC_INR_15m_ST1(14,3.0)+ST2(7,4.0)_SL1.5pct_1-3",0,1
BTC/INR,15m,2026-07-25 to 2026-09-24 (60D),5742,7,3.0,7,4.0,"ST1(7,3.0)+ST2(7,4.0)",1.5%,1:3,1%,1.5,3.0,"ST1(7,3.0)+ST2(7,4.0)",10000,10065.57,65.57,0.66,648.0,6.48,157.68,-62.51,87.6,-62.51,131.39999999999998,-62.51,42.17,57.83,1.02,0.79,83,35,48,0,2,2,1.5,1.5,0,0,0,0,79.71,1.5,5,0.5,3066.0,3000.48,4.5%,"BTC_INR_15m_ST1(7,3.0)+ST2(7,4.0)_SL1.5pct_1-3",0,1
BTC/INR,15m,2026-07-25 to 2026-09-24 (60D),5742,7,4.0,7,3.0,"ST1(7,4.0)+ST2(7,3.0)",1.5%,1:3,1%,1.5,3.0,"ST1(7,4.0)+ST2(7,3.0)",10000,10065.57,65.57,0.66,648.0,6.48,157.68,-62.51,87.6,-62.51,131.39999999999998,-62.51,42.17,57.83,1.02,0.79,83,35,48,0,2,2,1.5,1.5,0,0,0,0,79.71,1.5,5,0.5,3066.0,3000.48,4.5%,"BTC_INR_15m_ST1(7,4.0)+ST2(7,3.0)_SL1.5pct_1-3",0,1
BTC/INR,15m,2026-07-25 to 2026-09-24 (60D),5742,7,4.0,10,3.0,"ST1(7,4.0)+ST2(10,3.0)",1.5%,1:3,1%,1.5,3.0,"ST1(7,4.0)+ST2(10,3.0)",10000,10062.39,62.39,0.62,755.0,7.55,160.95600000000002,-63.91,89.42,-63.91,134.13,-63.91,42.17,57.83,1.02,0.75,83,35,48,0,2,2,1.5,1.5,0,0,0,0,79.29,1.5,5,0.5,3129.7000000000003,3067.68,4.5%,"BTC_INR_15m_ST1(7,4.0)+ST2(10,3.0)_SL1.5pct_1-3",0,1
BTC/INR,15m,2026-07-25 to 2026-09-24 (60D),5742,10,3.0,7,4.0,"ST1(10,3.0)+ST2(7,4.0)",1.5%,1:3,1%,1.5,3.0,"ST1(10,3.0)+ST2(7,4.0)",10000,10062.39,62.39,0.62,755.0,7.55,160.95600000000002,-63.91,89.42,-63.91,134.13,-63.91,42.17,57.83,1.02,0.75,83,35,48,0,2,2,1.5,1.5,0,0,0,0,79.29,1.5,5,0.5,3129.7000000000003,3067.68,4.5%,"BTC_INR_15m_ST1(10,3.0)+ST2(7,4.0)_SL1.5pct_1-3",0,1
SOL/INR,15m,2026-07-25 to 2026-09-24 (60D),5742,14,3.5,10,4.0,"ST1(14,3.5)+ST2(10,4.0)",1.5%,1:3,1%,1.5,3.0,"ST1(14,3.5)+ST2(10,4.0)",10000,10061.57,61.57,0.62,1200.0,12.0,210.132,-85.11,116.74,-85.11,175.11,-85.11,42.45,57.55,1.01,0.58,106,45,61,0,2,2,1.5,1.5,0,0,0,0,76.8,1.5,5,0.5,5253.3,5191.71,4.5%,"SOL_INR_15m_ST1(14,3.5)+ST2(10,4.0)_SL1.5pct_1-3",2,1
SOL/INR,15m,2026-07-25 to 2026-09-24 (60D),5742,12,3.5,10,4.0,"ST1(12,3.5)+ST2(10,4.0)",1.5%,1:3,1%,1.5,3.0,"ST1(12,3.5)+ST2(10,4.0)",10000,10061.57,61.57,0.62,1200.0,12.0,210.132,-85.11,116.74,-85.11,175.11,-85.11,42.45,57.55,1.01,0.58,106,45,61,0,2,2,1.5,1.5,0,0,0,0,76.8,1.5,5,0.5,5253.3,5191.71,4.5%,"SOL_INR_15m_ST1(12,3.5)+ST2(10,4.0)_SL1.5pct_1-3",2,1
SOL/INR,15m,2026-07-25 to 2026-09-24 (60D),5742,10,4.0,14,3.5,"ST1(10,4.0)+ST2(14,3.5)",1.5%,1:3,1%,1.5,3.0,"ST1(10,4.0)+ST2(14,3.5)",10000,10061.57,61.57,0.62,1200.0,12.0,210.132,-85.11,116.74,-85.11,175.11,-85.11,42.45,57.55,1.01,0.58,106,45,61,0,2,2,1.5,1.5,0,0,0,0,76.8,1.5,5,0.5,5253.3,5191.71,4.5%,"SOL_INR_15m_ST1(10,4.0)+ST2(14,3.5)_SL1.5pct_1-3",2,1
SOL/INR,15m,2026-07-25 to 2026-09-24 (60D),5742,10,4.0,12,3.5,"ST1(10,4.0)+ST2(12,3.5)",1.5%,1:3,1%,1.5,3.0,"ST1(10,4.0)+ST2(12,3.5)",10000,10061.57,61.57,0.62,1200.0,12.0,210.132,-85.11,116.74,-85.11,175.11,-85.11,42.45,57.55,1.01,0.58,106,45,61,0,2,2,1.5,1.5,0,0,0,0,76.8,1.5,5,0.5,5253.3,5191.71,4.5%,"SOL_INR_15m_ST1(10,4.0)+ST2(12,3.5)_SL1.5pct_1-3",2,1
BTC/INR,30m,2026-07-25 to 2026-09-24 (60D),2872,10,3.0,7,3.0,"ST1(10,3.0)+ST2(7,3.0)",1.5%,1:3,1%,1.5,3.0,"ST1(10,3.0)+ST2(7,3.0)",10000,10055.54,55.54,0.56,670.0,6.7,171.50400000000002,-60.93,95.28,-60.93,142.92000000000002,-60.93,39.47,60.53,1.02,0.73,76,30,46,0,2,2,1.5,1.5,0,0,0,0,71.33,1.5,5,0.5,2858.4,2802.78,4.5%,"BTC_INR_30m_ST1(10,3.0)+ST2(7,3.0)_SL1.5pct_1-3",0,2
BTC/INR,30m,2026-07-25 to 2026-09-24 (60D),2872,7,3.0,10,3.0,"ST1(7,3.0)+ST2(10,3.0)",1.5%,1:3,1%,1.5,3.0,"ST1(7,3.0)+ST2(10,3.0)",10000,10055.54,55.54,0.56,670.0,6.7,171.50400000000002,-60.93,95.28,-60.93,142.92000000000002,-60.93,39.47,60.53,1.02,0.73,76,30,46,0,2,2,1.5,1.5,0,0,0,0,71.33,1.5,5,0.5,2858.4,2802.78,4.5%,"BTC_INR_30m_ST1(7,3.0)+ST2(10,3.0)_SL1.5pct_1-3",0,2
BTC/INR,15m,2026-07-25 to 2026-09-24 (60D),5742,7,2.0,10,4.0,"ST1(7,2.0)+ST2(10,4.0)",1.5%,1:3,1%,1.5,3.0,"ST1(7,2.0)+ST2(10,4.0)",10000,10054.24,54.24,0.54,1024.0,10.24,156.852,-66.57,87.14,-66.57,130.71,-66.57,43.75,56.25,1.02,0.68,80,35,45,0,2,2,1.5,1.5,0,0,0,0,72.95,1.5,5,0.5,3049.9,2995.65,4.5%,"BTC_INR_15m_ST1(7,2.0)+ST2(10,4.0)_SL1.5pct_1-3",0,1
BTC/INR,15m,2026-07-25 to 2026-09-24 (60D),5742,10,4.0,7,2.0,"ST1(10,4.0)+ST2(7,2.0)",1.5%,1:3,1%,1.5,3.0,"ST1(10,4.0)+ST2(7,2.0)",10000,10054.24,54.24,0.54,1024.0,10.24,156.852,-66.57,87.14,-66.57,130.71,-66.57,43.75,56.25,1.02,0.68,80,35,45,0,2,2,1.5,1.5,0,0,0,0,72.95,1.5,5,0.5,3049.9,2995.65,4.5%,"BTC_INR_15m_ST1(10,4.0)+ST2(7,2.0)_SL1.5pct_1-3",0,1
SOL/INR,15m,2026-07-25 to 2026-09-24 (60D),5742,14,3.5,12,3.5,"ST1(14,3.5)+ST2(12,3.5)",1.5%,1:3,1%,1.5,3.0,"ST1(14,3.5)+ST2(12,3.5)",10000,10054.08,54.08,0.54,1365.0,13.65,217.494,-86.0,120.83,-86.0,181.245,-86.0,41.82,58.18,1.01,0.49,110,46,64,0,2,2,1.5,1.5,0,0,0,0,78.74,1.5,5,0.5,5558.18,5504.0,4.5%,"SOL_INR_15m_ST1(14,3.5)+ST2(12,3.5)_SL1.5pct_1-3",2,1
SOL/INR,15m,2026-07-25 to 2026-09-24 (60D),5742,12,3.5,14,3.5,"ST1(12,3.5)+ST2(14,3.5)",1.5%,1:3,1%,1.5,3.0,"ST1(12,3.5)+ST2(14,3.5)",10000,10054.08,54.08,0.54,1365.0,13.65,217.494,-86.0,120.83,-86.0,181.245,-86.0,41.82,58.18,1.01,0.49,110,46,64,0,2,2,1.5,1.5,0,0,0,0,78.74,1.5,5,0.5,5558.18,5504.0,4.5%,"SOL_INR_15m_ST1(12,3.5)+ST2(14,3.5)_SL1.5pct_1-3",2,1
BTC/INR,30m,2026-07-25 to 2026-09-24 (60D),2872,7,3.0,10,4.0,"ST1(7,3.0)+ST2(10,4.0)",1.5%,1:3,1%,1.5,3.0,"ST1(7,3.0)+ST2(10,4.0)",10000,10053.66,53.66,0.54,811.0,8.11,180.72000000000003,-64.13,100.4,-64.13,150.60000000000002,-64.13,39.44,60.56,1.02,0.76,71,28,43,0,2,2,1.5,1.5,0,0,0,0,63.85,1.5,5,0.5,2811.2000000000003,2757.59,4.5%,"BTC_INR_30m_ST1(7,3.0)+ST2(10,4.0)_SL1.5pct_1-3",0,2
BTC/INR,30m,2026-07-25 to 2026-09-24 (60D),2872,10,4.0,7,3.0,"ST1(10,4.0)+ST2(7,3.0)",1.5%,1:3,1%,1.5,3.0,"ST1(10,4.0)+ST2(7,3.0)",10000,10053.66,53.66,0.54,811.0,8.11,180.72000000000003,-64.13,100.4,-64.13,150.60000000000002,-64.13,39.44,60.56,1.02,0.76,71,28,43,0,2,2,1.5,1.5,0,0,0,0,63.85,1.5,5,0.5,2811.2000000000003,2757.59,4.5%,"BTC_INR_30m_ST1(10,4.0)+ST2(7,3.0)_SL1.5pct_1-3",0,2
SOL/INR,30m,2026-07-25 to 2026-09-24 (60D),2872,10,3.5,10,4.0,"ST1(10,3.5)+ST2(10,4.0)",1.5%,1:3,1%,1.5,3.0,"ST1(10,3.5)+ST2(10,4.0)",10000,10049.39,49.39,0.49,1001.0,10.01,255.18600000000004,-90.97,141.77,-90.97,212.65500000000003,-90.97,39.33,60.67,1.01,0.55,89,35,54,0,2,2,1.5,1.5,0,0,0,0,57.12,1.5,5,0.5,4961.950000000001,4912.38,4.5%,"SOL_INR_30m_ST1(10,3.5)+ST2(10,4.0)_SL1.5pct_1-3",2,2
SOL/INR,30m,2026-07-25 to 2026-09-24 (60D),2872,10,4.0,10,3.5,"ST1(10,4.0)+ST2(10,3.5)",1.5%,1:3,1%,1.5,3.0,"ST1(10,4.0)+ST2(10,3.5)",10000,10049.39,49.39,0.49,1001.0,10.01,255.18600000000004,-90.97,141.77,-90.97,212.65500000000003,-90.97,39.33,60.67,1.01,0.55,89,35,54,0,2,2,1.5,1.5,0,0,0,0,57.12,1.5,5,0.5,4961.950000000001,4912.38,4.5%,"SOL_INR_30m_ST1(10,4.0)+ST2(10,3.5)_SL1.5pct_1-3",2,2
BTC/INR,30m,2026-07-25 to 2026-09-24 (60D),2872,14,3.0,7,3.0,"ST1(14,3.0)+ST2(7,3.0)",1.5%,1:3,1%,1.5,3.0,"ST1(14,3.0)+ST2(7,3.0)",10000,10048.72,48.72,0.49,691.0,6.91,171.576,-61.11,95.32,-61.11,142.98,-61.11,39.47,60.53,1.02,0.64,76,30,46,0,2,2,1.5,1.5,0,0,0,0,71.02,1.5,5,0.5,2859.6,2811.06,4.5%,"BTC_INR_30m_ST1(14,3.0)+ST2(7,3.0)_SL1.5pct_1-3",0,2
BTC/INR,30m,2026-07-25 to 2026-09-24 (60D),2872,7,3.0,14,3.0,"ST1(7,3.0)+ST2(14,3.0)",1.5%,1:3,1%,1.5,3.0,"ST1(7,3.0)+ST2(14,3.0)",10000,10048.72,48.72,0.49,691.0,6.91,171.576,-61.11,95.32,-61.11,142.98,-61.11,39.47,60.53,1.02,0.64,76,30,46,0,2,2,1.5,1.5,0,0,0,0,71.02,1.5,5,0.5,2859.6,2811.06,4.5%,"BTC_INR_30m_ST1(7,3.0)+ST2(14,3.0)_SL1.5pct_1-3",0,2
BTC/INR,5m,2026-09-17 to 2026-09-24 (7D),1963,12,2.0,12,3.5,"ST1(12,2.0)+ST2(12,3.5)",1.5%,1:3,1%,1.5,3.0,"ST1(12,2.0)+ST2(12,3.5)",10000,10043.29,43.29,0.43,310.0,3.1,204.552,-87.48,113.64,-87.48,170.46,-87.48,45.45,54.55,1.08,3.93,11,5,6,0,2,2,1.5,1.5,0,0,0,0,88.23,1.5,5,0.5,568.2,524.88,4.5%,"BTC_INR_5m_ST1(12,2.0)+ST2(12,3.5)_SL1.5pct_1-3",0,0
BTC/INR,5m,2026-09-17 to 2026-09-24 (7D),1963,12,2.0,10,3.5,"ST1(12,2.0)+ST2(10,3.5)",1.5%,1:3,1%,1.5,3.0,"ST1(12,2.0)+ST2(10,3.5)",10000,10043.29,43.29,0.43,310.0,3.1,204.552,-87.48,113.64,-87.48,170.46,-87.48,45.45,54.55,1.08,3.93,11,5,6,0,2,2,1.5,1.5,0,0,0,0,88.23,1.5,5,0.5,568.2,524.88,4.5%,"BTC_INR_5m_ST1(12,2.0)+ST2(10,3.5)_SL1.5pct_1-3",0,0
BTC/INR,5m,2026-09-17 to 2026-09-24 (7D),1963,10,3.5,14,2.0,"ST1(10,3.5)+ST2(14,2.0)",1.5%,1:3,1%,1.5,3.0,"ST1(10,3.5)+ST2(14,2.0)",10000,10043.29,43.29,0.43,310.0,3.1,204.552,-87.48,113.64,-87.48,170.46,-87.48,45.45,54.55,1.08,3.93,11,5,6,0,2,2,1.5,1.5,0,0,0,0,88.23,1.5,5,0.5,568.2,524.88,4.5%,"BTC_INR_5m_ST1(10,3.5)+ST2(14,2.0)_SL1.5pct_1-3",0,0
BTC/INR,5m,2026-09-17 to 2026-09-24 (7D),1963,12,2.0,7,3.5,"ST1(12,2.0)+ST2(7,3.5)",1.5%,1:3,1%,1.5,3.0,"ST1(12,2.0)+ST2(7,3.5)",10000,10043.29,43.29,0.43,310.0,3.1,204.552,-87.48,113.64,-87.48,170.46,-87.48,45.45,54.55,1.08,3.93,11,5,6,0,2,2,1.5,1.5,0,0,0,0,88.23,1.5,5,0.5,568.2,524.88,4.5%,"BTC_INR_5m_ST1(12,2.0)+ST2(7,3.5)_SL1.5pct_1-3",0,0
BTC/INR,5m,2026-09-17 to 2026-09-24 (7D),1963,14,2.0,10,3.5,"ST1(14,2.0)+ST2(10,3.5)",1.5%,1:3,1%,1.5,3.0,"ST1(14,2.0)+ST2(10,3.5)",10000,10043.29,43.29,0.43,310.0,3.1,204.552,-87.48,113.64,-87.48,170.46,-87.48,45.45,54.55,1.08,3.93,11,5,6,0,2,2,1.5,1.5,0,0,0,0,88.23,1.5,5,0.5,568.2,524.88,4.5%,"BTC_INR_5m_ST1(14,2.0)+ST2(10,3.5)_SL1.5pct_1-3",0,0
BTC/INR,5m,2026-09-17 to 2026-09-24 (7D),1963,14,2.0,7,3.5,"ST1(14,2.0)+ST2(7,3.5)",1.5%,1:3,1%,1.5,3.0,"ST1(14,2.0)+ST2(7,3.5)",10000,10043.29,43.29,0.43,310.0,3.1,204.552,-87.48,113.64,-87.48,170.46,-87.48,45.45,54.55,1.08,3.93,11,5,6,0,2,2,1.5,1.5,0,0,0,0,88.23,1.5,5,0.5,568.2,524.88,4.5%,"BTC_INR_5m_ST1(14,2.0)+ST2(7,3.5)_SL1.5pct_1-3",0,0
BTC/INR,5m,2026-09-17 to 2026-09-24 (7D),1963,7,3.5,14,2.0,"ST1(7,3.5)+ST2(14,2.0)",1.5%,1:3,1%,1.5,3.0,"ST1(7,3.5)+ST2(14,2.0)",10000,10043.29,43.29,0.43,310.0,3.1,204.552,-87.48,113.64,-87.48,170.46,-87.48,45.45,54.55,1.08,3.93,11,5,6,0,2,2,1.5,1.5,0,0,0,0,88.23,1.5,5,0.5,568.2,524.88,4.5%,"BTC_INR_5m_ST1(7,3.5)+ST2(14,2.0)_SL1.5pct_1-3",0,0
BTC/INR,5m,2026-09-17 to 2026-09-24 (7D),1963,10,3.5,12,2.0,"ST1(10,3.5)+ST2(12,2.0)",1.5%,1:3,1%,1.5,3.0,"ST1(10,3.5)+ST2(12,2.0)",10000,10043.29,43.29,0.43,310.0,3.1,204.552,-87.48,113.64,-87.48,170.46,-87.48,45.45,54.55,1.08,3.93,11,5,6,0,2,2,1.5,1.5,0,0,0,0,88.23,1.5,5,0.5,568.2,524.88,4.5%,"BTC_INR_5m_ST1(10,3.5)+ST2(12,2.0)_SL1.5pct_1-3",0,0
BTC/INR,5m,2026-09-17 to 2026-09-24 (7D),1963,12,3.5,14,2.0,"ST1(12,3.5)+ST2(14,2.0)",1.5%,1:3,1%,1.5,3.0,"ST1(12,3.5)+ST2(14,2.0)",10000,10043.29,43.29,0.43,310.0,3.1,204.552,-87.48,113.64,-87.48,170.46,-87.48,45.45,54.55,1.08,3.93,11,5,6,0,2,2,1.5,1.5,0,0,0,0,88.23,1.5,5,0.5,568.2,524.88,4.5%,"BTC_INR_5m_ST1(12,3.5)+ST2(14,2.0)_SL1.5pct_1-3",0,0
BTC/INR,5m,2026-09-17 to 2026-09-24 (7D),1963,12,3.5,12,2.0,"ST1(12,3.5)+ST2(12,2.0)",1.5%,1:3,1%,1.5,3.0,"ST1(12,3.5)+ST2(12,2.0)",10000,10043.29,43.29,0.43,310.0,3.1,204.552,-87.48,113.64,-87.48,170.46,-87.48,45.45,54.55,1.08,3.93,11,5,6,0,2,2,1.5,1.5,0,0,0,0,88.23,1.5,5,0.5,568.2,524.88,4.5%,"BTC_INR_5m_ST1(12,3.5)+ST2(12,2.0)_SL1.5pct_1-3",0,0
BTC/INR,5m,2026-09-17 to 2026-09-24 (7D),1963,7,3.5,12,2.0,"ST1(7,3.5)+ST2(12,2.0)",1.5%,1:3,1%,1.5,3.0,"ST1(7,3.5)+ST2(12,2.0)",10000,10043.29,43.29,0.43,310.0,3.1,204.552,-87.48,113.64,-87.48,170.46,-87.48,45.45,54.55,1.08,3.93,11,5,6,0,2,2,1.5,1.5,0,0,0,0,88.23,1.5,5,0.5,568.2,524.88,4.5%,"BTC_INR_5m_ST1(7,3.5)+ST2(12,2.0)_SL1.5pct_1-3",0,0
BTC/INR,5m,2026-09-17 to 2026-09-24 (7D),1963,14,2.0,12,3.5,"ST1(14,2.0)+ST2(12,3.5)",1.5%,1:3,1%,1.5,3.0,"ST1(14,2.0)+ST2(12,3.5)",10000,10043.29,43.29,0.43,310.0,3.1,204.552,-87.48,113.64,-87.48,170.46,-87.48,45.45,54.55,1.08,3.93,11,5,6,0,2,2,1.5,1.5,0,0,0,0,88.23,1.5,5,0.5,568.2,524.88,4.5%,"BTC_INR_5m_ST1(14,2.0)+ST2(12,3.5)_SL1.5pct_1-3",0,0
SOL/INR,15m,2026-07-25 to 2026-09-24 (60D),5742,10,3.5,10,4.0,"ST1(10,3.5)+ST2(10,4.0)",1.5%,1:3,1%,1.5,3.0,"ST1(10,3.5)+ST2(10,4.0)",10000,10039.05,39.05,0.39,1200.0,12.0,209.898,-85.38,116.61,-85.38,174.915,-85.38,42.45,57.55,1.01,0.37,106,45,61,0,2,2,1.5,1.5,0,0,0,0,77.88,1.5,5,0.5,5247.45,5208.179999999999,4.5%,"SOL_INR_15m_ST1(10,3.5)+ST2(10,4.0)_SL1.5pct_1-3",2,1
SOL/INR,15m,2026-07-25 to 2026-09-24 (60D),5742,10,4.0,10,3.5,"ST1(10,4.0)+ST2(10,3.5)",1.5%,1:3,1%,1.5,3.0,"ST1(10,4.0)+ST2(10,3.5)",10000,10039.05,39.05,0.39,1200.0,12.0,209.898,-85.38,116.61,-85.38,174.915,-85.38,42.45,57.55,1.01,0.37,106,45,61,0,2,2,1.5,1.5,0,0,0,0,77.88,1.5,5,0.5,5247.45,5208.179999999999,4.5%,"SOL_INR_15m_ST1(10,4.0)+ST2(10,3.5)_SL1.5pct_1-3",2,1
BTC/INR,5m,2026-09-17 to 2026-09-24 (7D),1963,12,2.0,12,3.0,"ST1(12,2.0)+ST2(12,3.0)",1.5%,1:3,1%,1.5,3.0,"ST1(12,2.0)+ST2(12,3.0)",10000,10035.69,35.69,0.36,310.0,3.1,168.066,-87.43,93.37,-87.43,140.055,-87.43,50.0,50.0,1.07,2.97,12,6,6,0,2,2,1.5,1.5,0,0,0,0,88.28,1.5,5,0.5,560.22,524.58,4.5%,"BTC_INR_5m_ST1(12,2.0)+ST2(12,3.0)_SL1.5pct_1-3",0,0
BTC/INR,5m,2026-09-17 to 2026-09-24 (7D),1963,14,2.0,12,3.0,"ST1(14,2.0)+ST2(12,3.0)",1.5%,1:3,1%,1.5,3.0,"ST1(14,2.0)+ST2(12,3.0)",10000,10035.69,35.69,0.36,310.0,3.1,168.066,-87.43,93.37,-87.43,140.055,-87.43,50.0,50.0,1.07,2.97,12,6,6,0,2,2,1.5,1.5,0,0,0,0,88.28,1.5,5,0.5,560.22,524.58,4.5%,"BTC_INR_5m_ST1(14,2.0)+ST2(12,3.0)_SL1.5pct_1-3",0,0
BTC/INR,5m,2026-09-17 to 2026-09-24 (7D),1963,12,3.0,14,2.0,"ST1(12,3.0)+ST2(14,2.0)",1.5%,1:3,1%,1.5,3.0,"ST1(12,3.0)+ST2(14,2.0)",10000,10035.69,35.69,0.36,310.0,3.1,168.066,-87.43,93.37,-87.43,140.055,-87.43,50.0,50.0,1.07,2.97,12,6,6,0,2,2,1.5,1.5,0,0,0,0,88.28,1.5,5,0.5,560.22,524.58,4.5%,"BTC_INR_5m_ST1(12,3.0)+ST2(14,2.0)_SL1.5pct_1-3",0,0
BTC/INR,5m,2026-09-17 to 2026-09-24 (7D),1963,12,3.0,12,2.0,"ST1(12,3.0)+ST2(12,2.0)",1.5%,1:3,1%,1.5,3.0,"ST1(12,3.0)+ST2(12,2.0)",10000,10035.69,35.69,0.36,310.0,3.1,168.066,-87.43,93.37,-87.43,140.055,-87.43,50.0,50.0,1.07,2.97,12,6,6,0,2,2,1.5,1.5,0,0,0,0,88.28,1.5,5,0.5,560.22,524.58,4.5%,"BTC_INR_5m_ST1(12,3.0)+ST2(12,2.0)_SL1.5pct_1-3",0,0
BTC/INR,5m,2026-09-17 to 2026-09-24 (7D),1963,7,3.0,12,2.0,"ST1(7,3.0)+ST2(12,2.0)",1.5%,1:3,1%,1.5,3.0,"ST1(7,3.0)+ST2(12,2.0)",10000,10035.52,35.52,0.36,310.0,3.1,201.636,-87.43,112.02,-87.43,168.03,-87.43,45.45,54.55,1.07,3.23,11,5,6,0,2,2,1.5,1.5,0,0,0,0,88.18,1.5,5,0.5,560.1,524.58,4.5%,"BTC_INR_5m_ST1(7,3.0)+ST2(12,2.0)_SL1.5pct_1-3",0,0
BTC/INR,5m,2026-09-17 to 2026-09-24 (7D),1963,14,2.0,7,3.0,"ST1(14,2.0)+ST2(7,3.0)",1.5%,1:3,1%,1.5,3.0,"ST1(14,2.0)+ST2(7,3.0)",10000,10035.52,35.52,0.36,310.0,3.1,201.636,-87.43,112.02,-87.43,168.03,-87.43,45.45,54.55,1.07,3.23,11,5,6,0,2,2,1.5,1.5,0,0,0,0,88.18,1.5,5,0.5,560.1,524.58,4.5%,"BTC_INR_5m_ST1(14,2.0)+ST2(7,3.0)_SL1.5pct_1-3",0,0
BTC/INR,5m,2026-09-17 to 2026-09-24 (7D),1963,14,2.0,10,3.0,"ST1(14,2.0)+ST2(10,3.0)",1.5%,1:3,1%,1.5,3.0,"ST1(14,2.0)+ST2(10,3.0)",10000,10035.52,35.52,0.36,310.0,3.1,201.636,-87.43,112.02,-87.43,168.03,-87.43,45.45,54.55,1.07,3.23,11,5,6,0,2,2,1.5,1.5,0,0,0,0,88.18,1.5,5,0.5,560.1,524.58,4.5%,"BTC_INR_5m_ST1(14,2.0)+ST2(10,3.0)_SL1.5pct_1-3",0,0
BTC/INR,5m,2026-09-17 to 2026-09-24 (7D),1963,10,3.0,14,2.0,"ST1(10,3.0)+ST2(14,2.0)",1.5%,1:3,1%,1.5,3.0,"ST1(10,3.0)+ST2(14,2.0)",10000,10035.52,35.52,0.36,310.0,3.1,201.636,-87.43,112.02,-87.43,168.03,-87.43,45.45,54.55,1.07,3.23,11,5,6,0,2,2,1.5,1.5,0,0,0,0,88.18,1.5,5,0.5,560.1,524.58,4.5%,"BTC_INR_5m_ST1(10,3.0)+ST2(14,2.0)_SL1.5pct_1-3",0,0
BTC/INR,5m,2026-09-17 to 2026-09-24 (7D),1963,14,2.0,14,3.0,"ST1(14,2.0)+ST2(14,3.0)",1.5%,1:3,1%,1.5,3.0,"ST1(14,2.0)+ST2(14,3.0)",10000,10035.52,35.52,0.36,310.0,3.1,201.636,-87.43,112.02,-87.43,168.03,-87.43,45.45,54.55,1.07,3.23,11,5,6,0,2,2,1.5,1.5,0,0,0,0,87.82,1.5,5,0.5,560.1,524.58,4.5%,"BTC_INR_5m_ST1(14,2.0)+ST2(14,3.0)_SL1.5pct_1-3",0,0
BTC/INR,5m,2026-09-17 to 2026-09-24 (7D),1963,14,3.0,12,2.0,"ST1(14,3.0)+ST2(12,2.0)",1.5%,1:3,1%,1.5,3.0,"ST1(14,3.0)+ST2(12,2.0)",10000,10035.52,35.52,0.36,310.0,3.1,201.636,-87.43,112.02,-87.43,168.03,-87.43,45.45,54.55,1.07,3.23,11,5,6,0,2,2,1.5,1.5,0,0,0,0,87.82,1.5,5,0.5,560.1,524.58,4.5%,"BTC_INR_5m_ST1(14,3.0)+ST2(12,2.0)_SL1.5pct_1-3",0,0
BTC/INR,5m,2026-09-17 to 2026-09-24 (7D),1963,14,3.0,14,2.0,"ST1(14,3.0)+ST2(14,2.0)",1.5%,1:3,1%,1.5,3.0,"ST1(14,3.0)+ST2(14,2.0)",10000,10035.52,35.52,0.36,310.0,3.1,201.636,-87.43,112.02,-87.43,168.03,-87.43,45.45,54.55,1.07,3.23,11,5,6,0,2,2,1.5,1.5,0,0,0,0,87.82,1.5,5,0.5,560.1,524.58,4.5%,"BTC_INR_5m_ST1(14,3.0)+ST2(14,2.0)_SL1.5pct_1-3",0,0
BTC/INR,5m,2026-09-17 to 2026-09-24 (7D),1963,12,2.0,10,3.0,"ST1(12,2.0)+ST2(10,3.0)",1.5%,1:3,1%,1.5,3.0,"ST1(12,2.0)+ST2(10,3.0)",10000,10035.52,35.52,0.36,310.0,3.1,201.636,-87.43,112.02,-87.43,168.03,-87.43,45.45,54.55,1.07,3.23,11,5,6,0,2,2,1.5,1.5,0,0,0,0,88.18,1.5,5,0.5,560.1,524.58,4.5%,"BTC_INR_5m_ST1(12,2.0)+ST2(10,3.0)_SL1.5pct_1-3",0,0
BTC/INR,5m,2026-09-17 to 2026-09-24 (7D),1963,7,3.0,14,2.0,"ST1(7,3.0)+ST2(14,2.0)",1.5%,1:3,1%,1.5,3.0,"ST1(7,3.0)+ST2(14,2.0)",10000,10035.52,35.52,0.36,310.0,3.1,201.636,-87.43,112.02,-87.43,168.03,-87.43,45.45,54.55,1.07,3.23,11,5,6,0,2,2,1.5,1.5,0,0,0,0,88.18,1.5,5,0.5,560.1,524.58,4.5%,"BTC_INR_5m_ST1(7,3.0)+ST2(14,2.0)_SL1.5pct_1-3",0,0
BTC/INR,5m,2026-09-17 to 2026-09-24 (7D),1963,12,2.0,7,3.0,"ST1(12,2.0)+ST2(7,3.0)",1.5%,1:3,1%,1.5,3.0,"ST1(12,2.0)+ST2(7,3.0)",10000,10035.52,35.52,0.36,310.0,3.1,201.636,-87.43,112.02,-87.43,168.03,-87.43,45.45,54.55,1.07,3.23,11,5,6,0,2,2,1.5,1.5,0,0,0,0,88.18,1.5,5,0.5,560.1,524.58,4.5%,"BTC_INR_5m_ST1(12,2.0)+ST2(7,3.0)_SL1.5pct_1-3",0,0
BTC/INR,5m,2026-09-17 to 2026-09-24 (7D),1963,10,3.0,12,2.0,"ST1(10,3.0)+ST2(12,2.0)",1.5%,1:3,1%,1.5,3.0,"ST1(10,3.0)+ST2(12,2.0)",10000,10035.52,35.52,0.36,310.0,3.1,201.636,-87.43,112.02,-87.43,168.03,-87.43,45.45,54.55,1.07,3.23,11,5,6,0,2,2,1.5,1.5,0,0,0,0,88.18,1.5,5,0.5,560.1,524.58,4.5%,"BTC_INR_5m_ST1(10,3.0)+ST2(12,2.0)_SL1.5pct_1-3",0,0
BTC/INR,5m,2026-09-17 to 2026-09-24 (7D),1963,12,2.0,14,3.0,"ST1(12,2.0)+ST2(14,3.0)",1.5%,1:3,1%,1.5,3.0,"ST1(12,2.0)+ST2(14,3.0)",10000,10035.52,35.52,0.36,310.0,3.1,201.636,-87.43,112.02,-87.43,168.03,-87.43,45.45,54.55,1.07,3.23,11,5,6,0,2,2,1.5,1.5,0,0,0,0,87.82,1.5,5,0.5,560.1,524.58,4.5%,"BTC_INR_5m_ST1(12,2.0)+ST2(14,3.0)_SL1.5pct_1-3",0,0
BTC/INR,15m,2026-07-25 to 2026-09-24 (60D),5742,7,4.0,14,3.5,"ST1(7,4.0)+ST2(14,3.5)",1.5%,1:3,1%,1.5,3.0,"ST1(7,4.0)+ST2(14,3.5)",10000,10032.36,32.36,0.32,815.0,8.15,159.012,-66.98,88.34,-66.98,132.51,-66.98,43.37,56.63,1.01,0.39,83,36,47,0,2,2,1.5,1.5,0,0,0,0,80.74,1.5,5,0.5,3180.24,3148.0600000000004,4.5%,"BTC_INR_15m_ST1(7,4.0)+ST2(14,3.5)_SL1.5pct_1-3",0,1
BTC/INR,15m,2026-07-25 to 2026-09-24 (60D),5742,14,3.5,7,4.0,"ST1(14,3.5)+ST2(7,4.0)",1.5%,1:3,1%,1.5,3.0,"ST1(14,3.5)+ST2(7,4.0)",10000,10032.36,32.36,0.32,815.0,8.15,159.012,-66.98,88.34,-66.98,132.51,-66.98,43.37,56.63,1.01,0.39,83,36,47,0,2,2,1.5,1.5,0,0,0,0,80.74,1.5,5,0.5,3180.24,3148.0600000000004,4.5%,"BTC_INR_15m_ST1(14,3.5)+ST2(7,4.0)_SL1.5pct_1-3",0,1
BTC/INR,30m,2026-07-25 to 2026-09-24 (60D),2872,12,3.0,7,3.0,"ST1(12,3.0)+ST2(7,3.0)",1.5%,1:3,1%,1.5,3.0,"ST1(12,3.0)+ST2(7,3.0)",10000,10030.97,30.97,0.31,691.0,6.91,171.324,-61.4,95.18,-61.4,142.77,-61.4,39.47,60.53,1.01,0.41,76,30,46,0,2,2,1.5,1.5,0,0,0,0,71.4,1.5,5,0.5,2855.4,2824.4,4.5%,"BTC_INR_30m_ST1(12,3.0)+ST2(7,3.0)_SL1.5pct_1-3",0,2
BTC/INR,30m,2026-07-25 to 2026-09-24 (60D),2872,7,3.0,12,3.0,"ST1(7,3.0)+ST2(12,3.0)",1.5%,1:3,1%,1.5,3.0,"ST1(7,3.0)+ST2(12,3.0)",10000,10030.97,30.97,0.31,691.0,6.91,171.324,-61.4,95.18,-61.4,142.77,-61.4,39.47,60.53,1.01,0.41,76,30,46,0,2,2,1.5,1.5,0,0,0,0,71.4,1.5,5,0.5,2855.4,2824.4,4.5%,"BTC_INR_30m_ST1(7,3.0)+ST2(12,3.0)_SL1.5pct_1-3",0,2
BTC/INR,5m,2026-09-17 to 2026-09-24 (7D),1963,14,3.5,14,2.0,"ST1(14,3.5)+ST2(14,2.0)",1.5%,1:3,1%,1.5,3.0,"ST1(14,3.5)+ST2(14,2.0)",10000,10030.47,30.47,0.3,310.0,3.1,199.926,-87.48,111.07,-87.48,166.605,-87.48,45.45,54.55,1.06,2.77,11,5,6,0,2,2,1.5,1.5,0,0,0,0,86.9,1.5,5,0.5,555.3499999999999,524.88,4.5%,"BTC_INR_5m_ST1(14,3.5)+ST2(14,2.0)_SL1.5pct_1-3",0,0
BTC/INR,5m,2026-09-17 to 2026-09-24 (7D),1963,14,3.5,12,2.0,"ST1(14,3.5)+ST2(12,2.0)",1.5%,1:3,1%,1.5,3.0,"ST1(14,3.5)+ST2(12,2.0)",10000,10030.47,30.47,0.3,310.0,3.1,199.926,-87.48,111.07,-87.48,166.605,-87.48,45.45,54.55,1.06,2.77,11,5,6,0,2,2,1.5,1.5,0,0,0,0,86.9,1.5,5,0.5,555.3499999999999,524.88,4.5%,"BTC_INR_5m_ST1(14,3.5)+ST2(12,2.0)_SL1.5pct_1-3",0,0
BTC/INR,5m,2026-09-17 to 2026-09-24 (7D),1963,14,2.0,14,3.5,"ST1(14,2.0)+ST2(14,3.5)",1.5%,1:3,1%,1.5,3.0,"ST1(14,2.0)+ST2(14,3.5)",10000,10030.47,30.47,0.3,310.0,3.1,199.926,-87.48,111.07,-87.48,166.605,-87.48,45.45,54.55,1.06,2.77,11,5,6,0,2,2,1.5,1.5,0,0,0,0,86.9,1.5,5,0.5,555.3499999999999,524.88,4.5%,"BTC_INR_5m_ST1(14,2.0)+ST2(14,3.5)_SL1.5pct_1-3",0,0
BTC/INR,5m,2026-09-17 to 2026-09-24 (7D),1963,12,2.0,14,3.5,"ST1(12,2.0)+ST2(14,3.5)",1.5%,1:3,1%,1.5,3.0,"ST1(12,2.0)+ST2(14,3.5)",10000,10030.47,30.47,0.3,310.0,3.1,199.926,-87.48,111.07,-87.48,166.605,-87.48,45.45,54.55,1.06,2.77,11,5,6,0,2,2,1.5,1.5,0,0,0,0,86.9,1.5,5,0.5,555.3499999999999,524.88,4.5%,"BTC_INR_5m_ST1(12,2.0)+ST2(14,3.5)_SL1.5pct_1-3",0,0
BTC/INR,30m,2026-07-25 to 2026-09-24 (60D),2872,14,4.0,14,3.0,"ST1(14,4.0)+ST2(14,3.0)",1.5%,1:3,1%,1.5,3.0,"ST1(14,4.0)+ST2(14,3.0)",10000,10029.7,29.7,0.3,765.0,7.65,178.02,-65.23,98.9,-65.23,148.35000000000002,-65.23,40.0,60.0,1.01,0.42,70,28,42,0,2,2,1.5,1.5,0,0,0,0,62.28,1.5,5,0.5,2769.2000000000003,2739.6600000000003,4.5%,"BTC_INR_30m_ST1(14,4.0)+ST2(14,3.0)_SL1.5pct_1-3",0,2
BTC/INR,30m,2026-07-25 to 2026-09-24 (60D),2872,14,3.0,14,4.0,"ST1(14,3.0)+ST2(14,4.0)",1.5%,1:3,1%,1.5,3.0,"ST1(14,3.0)+ST2(14,4.0)",10000,10029.7,29.7,0.3,765.0,7.65,178.02,-65.23,98.9,-65.23,148.35000000000002,-65.23,40.0,60.0,1.01,0.42,70,28,42,0,2,2,1.5,1.5,0,0,0,0,62.28,1.5,5,0.5,2769.2000000000003,2739.6600000000003,4.5%,"BTC_INR_30m_ST1(14,3.0)+ST2(14,4.0)_SL1.5pct_1-3",0,2
SOL/INR,30m,2026-07-25 to 2026-09-24 (60D),2872,10,4.0,7,4.0,"ST1(10,4.0)+ST2(7,4.0)",1.5%,1:3,1%,1.5,3.0,"ST1(10,4.0)+ST2(7,4.0)",10000,10029.08,29.08,0.29,1101.0,11.01,254.628,-91.15,141.46,-91.15,212.19,-91.15,39.33,60.67,1.01,0.33,89,35,54,0,2,2,1.5,1.5,0,0,0,0,57.51,1.5,5,0.5,4951.1,4922.1,4.5%,"SOL_INR_30m_ST1(10,4.0)+ST2(7,4.0)_SL1.5pct_1-3",2,2
SOL/INR,30m,2026-07-25 to 2026-09-24 (60D),2872,7,4.0,10,4.0,"ST1(7,4.0)+ST2(10,4.0)",1.5%,1:3,1%,1.5,3.0,"ST1(7,4.0)+ST2(10,4.0)",10000,10029.08,29.08,0.29,1101.0,11.01,254.628,-91.15,141.46,-91.15,212.19,-91.15,39.33,60.67,1.01,0.33,89,35,54,0,2,2,1.5,1.5,0,0,0,0,57.51,1.5,5,0.5,4951.1,4922.1,4.5%,"SOL_INR_30m_ST1(7,4.0)+ST2(10,4.0)_SL1.5pct_1-3",2,2
BTC/INR,30m,2026-07-25 to 2026-09-24 (60D),2872,7,3.5,14,3.5,"ST1(7,3.5)+ST2(14,3.5)",1.5%,1:3,1%,1.5,3.0,"ST1(7,3.5)+ST2(14,3.5)",10000,10019.95,19.95,0.2,807.0,8.07,173.394,-66.74,96.33,-66.74,144.495,-66.74,41.1,58.9,1.01,0.27,73,30,43,0,2,2,1.5,1.5,0,0,0,0,69.31,1.5,5,0.5,2889.9,2869.82,4.5%,"BTC_INR_30m_ST1(7,3.5)+ST2(14,3.5)_SL1.5pct_1-3",0,2
BTC/INR,30m,2026-07-25 to 2026-09-24 (60D),2872,14,3.5,7,3.5,"ST1(14,3.5)+ST2(7,3.5)",1.5%,1:3,1%,1.5,3.0,"ST1(14,3.5)+ST2(7,3.5)",10000,10019.95,19.95,0.2,807.0,8.07,173.394,-66.74,96.33,-66.74,144.495,-66.74,41.1,58.9,1.01,0.27,73,30,43,0,2,2,1.5,1.5,0,0,0,0,69.31,1.5,5,0.5,2889.9,2869.82,4.5%,"BTC_INR_30m_ST1(14,3.5)+ST2(7,3.5)_SL1.5pct_1-3",0,2
BTC/INR,30m,2026-07-25 to 2026-09-24 (60D),2872,12,3.5,10,3.5,"ST1(12,3.5)+ST2(10,3.5)",1.5%,1:3,1%,1.5,3.0,"ST1(12,3.5)+ST2(10,3.5)",10000,10019.74,19.74,0.2,909.0,9.09,178.938,-65.07,99.41,-65.07,149.115,-65.07,39.73,60.27,1.01,0.27,73,29,44,0,2,2,1.5,1.5,0,0,0,0,70.08,1.5,5,0.5,2882.89,2863.08,4.5%,"BTC_INR_30m_ST1(12,3.5)+ST2(10,3.5)_SL1.5pct_1-3",0,2
BTC/INR,30m,2026-07-25 to 2026-09-24 (60D),2872,10,3.5,12,3.5,"ST1(10,3.5)+ST2(12,3.5)",1.5%,1:3,1%,1.5,3.0,"ST1(10,3.5)+ST2(12,3.5)",10000,10019.74,19.74,0.2,909.0,9.09,178.938,-65.07,99.41,-65.07,149.115,-65.07,39.73,60.27,1.01,0.27,73,29,44,0,2,2,1.5,1.5,0,0,0,0,70.08,1.5,5,0.5,2882.89,2863.08,4.5%,"BTC_INR_30m_ST1(10,3.5)+ST2(12,3.5)_SL1.5pct_1-3",0,2
BTC/INR,15m,2026-07-25 to 2026-09-24 (60D),5742,10,3.5,14,4.0,"ST1(10,3.5)+ST2(14,4.0)",1.5%,1:3,1%,1.5,3.0,"ST1(10,3.5)+ST2(14,4.0)",10000,10014.09,14.09,0.14,777.0,7.77,151.236,-70.63,84.02,-70.63,126.03,-70.63,45.78,54.22,1.0,0.17,83,38,45,0,2,2,1.5,1.5,0,0,0,0,83.63,1.5,5,0.5,3192.76,3178.35,4.5%,"BTC_INR_15m_ST1(10,3.5)+ST2(14,4.0)_SL1.5pct_1-3",0,1
BTC/INR,15m,2026-07-25 to 2026-09-24 (60D),5742,14,4.0,10,3.5,"ST1(14,4.0)+ST2(10,3.5)",1.5%,1:3,1%,1.5,3.0,"ST1(14,4.0)+ST2(10,3.5)",10000,10014.09,14.09,0.14,777.0,7.77,151.236,-70.63,84.02,-70.63,126.03,-70.63,45.78,54.22,1.0,0.17,83,38,45,0,2,2,1.5,1.5,0,0,0,0,83.63,1.5,5,0.5,3192.76,3178.35,4.5%,"BTC_INR_15m_ST1(14,4.0)+ST2(10,3.5)_SL1.5pct_1-3",0,1
BTC/INR,15m,2026-07-25 to 2026-09-24 (60D),5742,10,4.0,10,3.5,"ST1(10,4.0)+ST2(10,3.5)",1.5%,1:3,1%,1.5,3.0,"ST1(10,4.0)+ST2(10,3.5)",10000,10010.68,10.68,0.11,680.0,6.8,146.052,-65.38,81.14,-65.38,121.71,-65.38,44.71,55.29,1.0,0.13,85,38,47,0,2,2,1.5,1.5,0,0,0,0,84.38,1.5,5,0.5,3083.32,3072.86,4.5%,"BTC_INR_15m_ST1(10,4.0)+ST2(10,3.5)_SL1.5pct_1-3",0,1
BTC/INR,15m,2026-07-25 to 2026-09-24 (60D),5742,10,3.5,10,4.0,"ST1(10,3.5)+ST2(10,4.0)",1.5%,1:3,1%,1.5,3.0,"ST1(10,3.5)+ST2(10,4.0)",10000,10010.68,10.68,0.11,680.0,6.8,146.052,-65.38,81.14,-65.38,121.71,-65.38,44.71,55.29,1.0,0.13,85,38,47,0,2,2,1.5,1.5,0,0,0,0,84.38,1.5,5,0.5,3083.32,3072.86,4.5%,"BTC_INR_15m_ST1(10,3.5)+ST2(10,4.0)_SL1.5pct_1-3",0,1
BTC/INR,30m,2026-07-25 to 2026-09-24 (60D),2872,14,3.5,12,4.0,"ST1(14,3.5)+ST2(12,4.0)",1.5%,1:3,1%,1.5,3.0,"ST1(14,3.5)+ST2(12,4.0)",10000,10007.64,7.64,0.08,807.0,8.07,176.364,-62.97,97.98,-62.97,146.97,-62.97,39.19,60.81,1.0,0.1,74,29,45,0,2,2,1.5,1.5,0,0,0,0,68.79,1.5,5,0.5,2841.42,2833.65,4.5%,"BTC_INR_30m_ST1(14,3.5)+ST2(12,4.0)_SL1.5pct_1-3",0,2
BTC/INR,30m,2026-07-25 to 2026-09-24 (60D),2872,12,4.0,14,3.5,"ST1(12,4.0)+ST2(14,3.5)",1.5%,1:3,1%,1.5,3.0,"ST1(12,4.0)+ST2(14,3.5)",10000,10007.64,7.64,0.08,807.0,8.07,176.364,-62.97,97.98,-62.97,146.97,-62.97,39.19,60.81,1.0,0.1,74,29,45,0,2,2,1.5,1.5,0,0,0,0,68.79,1.5,5,0.5,2841.42,2833.65,4.5%,"BTC_INR_30m_ST1(12,4.0)+ST2(14,3.5)_SL1.5pct_1-3",0,2
SOL/INR,15m,2026-07-25 to 2026-09-24 (60D),5742,7,4.0,12,3.0,"ST1(7,4.0)+ST2(12,3.0)",1.5%,1:3,1%,1.5,3.0,"ST1(7,4.0)+ST2(12,3.0)",10000,10007.15,7.15,0.07,1051.0,10.51,219.02400000000003,-83.03,121.68,-83.03,182.52,-83.03,40.59,59.41,1.0,0.07,101,41,60,0,2,2,1.5,1.5,0,0,0,0,73.16,1.5,5,0.5,4988.88,4981.8,4.5%,"SOL_INR_15m_ST1(7,4.0)+ST2(12,3.0)_SL1.5pct_1-3",2,1
SOL/INR,15m,2026-07-25 to 2026-09-24 (60D),5742,12,3.0,7,4.0,"ST1(12,3.0)+ST2(7,4.0)",1.5%,1:3,1%,1.5,3.0,"ST1(12,3.0)+ST2(7,4.0)",10000,10007.15,7.15,0.07,1051.0,10.51,219.02400000000003,-83.03,121.68,-83.03,182.52,-83.03,40.59,59.41,1.0,0.07,101,41,60,0,2,2,1.5,1.5,0,0,0,0,73.16,1.5,5,0.5,4988.88,4981.8,4.5%,"SOL_INR_15m_ST1(12,3.0)+ST2(7,4.0)_SL1.5pct_1-3",2,1
BTC/INR,30m,2026-07-25 to 2026-09-24 (60D),2872,14,4.0,12,3.0,"ST1(14,4.0)+ST2(12,3.0)",1.5%,1:3,1%,1.5,3.0,"ST1(14,4.0)+ST2(12,3.0)",10000,10002.3,2.3,0.02,765.0,7.65,177.588,-64.19,98.66,-64.19,147.99,-64.19,39.44,60.56,1.0,0.03,71,28,43,0,2,2,1.5,1.5,0,0,0,0,63.95,1.5,5,0.5,2762.48,2760.17,4.5%,"BTC_INR_30m_ST1(14,4.0)+ST2(12,3.0)_SL1.5pct_1-3",0,2
BTC/INR,30m,2026-07-25 to 2026-09-24 (60D),2872,12,3.0,14,4.0,"ST1(12,3.0)+ST2(14,4.0)",1.5%,1:3,1%,1.5,3.0,"ST1(12,3.0)+ST2(14,4.0)",10000,10002.3,2.3,0.02,765.0,7.65,177.588,-64.19,98.66,-64.19,147.99,-64.19,39.44,60.56,1.0,0.03,71,28,43,0,2,2,1.5,1.5,0,0,0,0,63.95,1.5,5,0.5,2762.48,2760.17,4.5%,"BTC_INR_30m_ST1(12,3.0)+ST2(14,4.0)_SL1.5pct_1-3",0,2
BTC/INR,15m,2026-07-25 to 2026-09-24 (60D),5742,7,2.0,12,2.0,"ST1(7,2.0)+ST2(12,2.0)",1.5%,1:3,1%,1.5,3.0,"ST1(7,2.0)+ST2(12,2.0)",10000,9996.99,-3.01,-0.03,1081.0,10.81,168.84,-65.15,93.8,-65.15,140.7,-65.15,40.96,59.04,1.0,-0.04,83,34,49,0,2,2,1.5,1.5,0,0,0,0,82.5,1.5,5,0.5,3189.2,3192.3500000000004,4.5%,"BTC_INR_15m_ST1(7,2.0)+ST2(12,2.0)_SL1.5pct_1-3",0,1
BTC/INR,15m,2026-07-25 to 2026-09-24 (60D),5742,12,2.0,7,2.0,"ST1(12,2.0)+ST2(7,2.0)",1.5%,1:3,1%,1.5,3.0,"ST1(12,2.0)+ST2(7,2.0)",10000,9996.99,-3.01,-0.03,1081.0,10.81,168.84,-65.15,93.8,-65.15,140.7,-65.15,40.96,59.04,1.0,-0.04,83,34,49,0,2,2,1.5,1.5,0,0,0,0,82.5,1.5,5,0.5,3189.2,3192.3500000000004,4.5%,"BTC_INR_15m_ST1(12,2.0)+ST2(7,2.0)_SL1.5pct_1-3",0,1
BTC/INR,30m,2026-07-25 to 2026-09-24 (60D),2872,7,3.5,7,3.0,"ST1(7,3.5)+ST2(7,3.0)",1.5%,1:3,1%,1.5,3.0,"ST1(7,3.5)+ST2(7,3.0)",10000,9989.35,-10.65,-0.11,771.0,7.71,177.62400000000002,-65.28,98.68,-65.28,148.02,-65.28,39.73,60.27,1.0,-0.15,73,29,44,0,2,2,1.5,1.5,0,0,0,0,67.43,1.5,5,0.5,2861.7200000000003,2872.32,4.5%,"BTC_INR_30m_ST1(7,3.5)+ST2(7,3.0)_SL1.5pct_1-3",0,2
BTC/INR,30m,2026-07-25 to 2026-09-24 (60D),2872,7,3.0,7,3.5,"ST1(7,3.0)+ST2(7,3.5)",1.5%,1:3,1%,1.5,3.0,"ST1(7,3.0)+ST2(7,3.5)",10000,9989.35,-10.65,-0.11,771.0,7.71,177.62400000000002,-65.28,98.68,-65.28,148.02,-65.28,39.73,60.27,1.0,-0.15,73,29,44,0,2,2,1.5,1.5,0,0,0,0,67.43,1.5,5,0.5,2861.7200000000003,2872.32,4.5%,"BTC_INR_30m_ST1(7,3.0)+ST2(7,3.5)_SL1.5pct_1-3",0,2
SOL/INR,15m,2026-07-25 to 2026-09-24 (60D),5742,7,4.0,10,4.0,"ST1(7,4.0)+ST2(10,4.0)",1.5%,1:3,1%,1.5,3.0,"ST1(7,4.0)+ST2(10,4.0)",10000,9987.48,-12.52,-0.13,1108.0,11.08,202.05,-85.29,112.25,-85.29,168.375,-85.29,43.12,56.88,1.0,-0.12,109,47,62,0,2,2,1.5,1.5,0,0,0,0,76.59,1.5,5,0.5,5275.75,5287.9800000000005,4.5%,"SOL_INR_15m_ST1(7,4.0)+ST2(10,4.0)_SL1.5pct_1-3",2,1
SOL/INR,15m,2026-07-25 to 2026-09-24 (60D),5742,10,4.0,7,4.0,"ST1(10,4.0)+ST2(7,4.0)",1.5%,1:3,1%,1.5,3.0,"ST1(10,4.0)+ST2(7,4.0)",10000,9987.48,-12.52,-0.13,1108.0,11.08,202.05,-85.29,112.25,-85.29,168.375,-85.29,43.12,56.88,1.0,-0.12,109,47,62,0,2,2,1.5,1.5,0,0,0,0,76.59,1.5,5,0.5,5275.75,5287.9800000000005,4.5%,"SOL_INR_15m_ST1(10,4.0)+ST2(7,4.0)_SL1.5pct_1-3",2,1
BTC/INR,15m,2026-07-25 to 2026-09-24 (60D),5742,7,4.0,12,4.0,"ST1(7,4.0)+ST2(12,4.0)",1.5%,1:3,1%,1.5,3.0,"ST1(7,4.0)+ST2(12,4.0)",10000,9982.63,-17.37,-0.17,903.0,9.03,144.648,-69.8,80.36,-69.8,120.54,-69.8,46.34,53.66,0.99,-0.21,82,38,44,0,2,2,1.5,1.5,0,0,0,0,82.38,1.5,5,0.5,3053.68,3071.2,4.5%,"BTC_INR_15m_ST1(7,4.0)+ST2(12,4.0)_SL1.5pct_1-3",0,1
BTC/INR,15m,2026-07-25 to 2026-09-24 (60D),5742,12,4.0,7,4.0,"ST1(12,4.0)+ST2(7,4.0)",1.5%,1:3,1%,1.5,3.0,"ST1(12,4.0)+ST2(7,4.0)",10000,9982.63,-17.37,-0.17,903.0,9.03,144.648,-69.8,80.36,-69.8,120.54,-69.8,46.34,53.66,0.99,-0.21,82,38,44,0,2,2,1.5,1.5,0,0,0,0,82.38,1.5,5,0.5,3053.68,3071.2,4.5%,"BTC_INR_15m_ST1(12,4.0)+ST2(7,4.0)_SL1.5pct_1-3",0,1
BTC/INR,15m,2026-07-25 to 2026-09-24 (60D),5742,12,4.0,7,3.5,"ST1(12,4.0)+ST2(7,3.5)",1.5%,1:3,1%,1.5,3.0,"ST1(12,4.0)+ST2(7,3.5)",10000,9981.02,-18.98,-0.19,808.0,8.08,146.64600000000002,-69.49,81.47,-69.49,122.205,-69.49,45.88,54.12,0.99,-0.22,85,39,46,0,2,2,1.5,1.5,0,0,0,0,82.57,1.5,5,0.5,3177.33,3196.54,4.5%,"BTC_INR_15m_ST1(12,4.0)+ST2(7,3.5)_SL1.5pct_1-3",0,1
BTC/INR,15m,2026-07-25 to 2026-09-24 (60D),5742,7,3.5,12,4.0,"ST1(7,3.5)+ST2(12,4.0)",1.5%,1:3,1%,1.5,3.0,"ST1(7,3.5)+ST2(12,4.0)",10000,9981.02,-18.98,-0.19,808.0,8.08,146.64600000000002,-69.49,81.47,-69.49,122.205,-69.49,45.88,54.12,0.99,-0.22,85,39,46,0,2,2,1.5,1.5,0,0,0,0,82.57,1.5,5,0.5,3177.33,3196.54,4.5%,"BTC_INR_15m_ST1(7,3.5)+ST2(12,4.0)_SL1.5pct_1-3",0,1
ETH/INR,30m,2026-07-25 to 2026-09-24 (60D),2872,12,3.0,10,2.0,"ST1(12,3.0)+ST2(10,2.0)",1.5%,1:3,1%,1.5,3.0,"ST1(12,3.0)+ST2(10,2.0)",10000,9980.63,-19.37,-0.19,848.0,8.48,209.61,-68.77,116.45,-68.77,174.675,-68.77,36.99,63.01,0.99,-0.27,73,27,46,0,2,2,1.5,1.5,0,0,0,0,61.27,1.5,5,0.5,3144.15,3163.42,4.5%,"ETH_INR_30m_ST1(12,3.0)+ST2(10,2.0)_SL1.5pct_1-3",1,2
ETH/INR,30m,2026-07-25 to 2026-09-24 (60D),2872,10,2.0,12,3.0,"ST1(10,2.0)+ST2(12,3.0)",1.5%,1:3,1%,1.5,3.0,"ST1(10,2.0)+ST2(12,3.0)",10000,9980.63,-19.37,-0.19,848.0,8.48,209.61,-68.77,116.45,-68.77,174.675,-68.77,36.99,63.01,0.99,-0.27,73,27,46,0,2,2,1.5,1.5,0,0,0,0,61.27,1.5,5,0.5,3144.15,3163.42,4.5%,"ETH_INR_30m_ST1(10,2.0)+ST2(12,3.0)_SL1.5pct_1-3",1,2
BTC/INR,15m,2026-07-25 to 2026-09-24 (60D),5742,7,3.5,12,2.0,"ST1(7,3.5)+ST2(12,2.0)",1.5%,1:3,1%,1.5,3.0,"ST1(7,3.5)+ST2(12,2.0)",10000,9978.74,-21.26,-0.21,800.0,8.0,162.0,-63.64,90.0,-63.64,135.0,-63.64,41.25,58.75,0.99,-0.27,80,33,47,0,2,2,1.5,1.5,0,0,0,0,75.84,1.5,5,0.5,2970.0,2991.08,4.5%,"BTC_INR_15m_ST1(7,3.5)+ST2(12,2.0)_SL1.5pct_1-3",0,1
BTC/INR,15m,2026-07-25 to 2026-09-24 (60D),5742,12,2.0,7,3.5,"ST1(12,2.0)+ST2(7,3.5)",1.5%,1:3,1%,1.5,3.0,"ST1(12,2.0)+ST2(7,3.5)",10000,9978.74,-21.26,-0.21,800.0,8.0,162.0,-63.64,90.0,-63.64,135.0,-63.64,41.25,58.75,0.99,-0.27,80,33,47,0,2,2,1.5,1.5,0,0,0,0,75.84,1.5,5,0.5,2970.0,2991.08,4.5%,"BTC_INR_15m_ST1(12,2.0)+ST2(7,3.5)_SL1.5pct_1-3",0,1
BTC/INR,15m,2026-07-25 to 2026-09-24 (60D),5742,12,2.0,10,2.0,"ST1(12,2.0)+ST2(10,2.0)",1.5%,1:3,1%,1.5,3.0,"ST1(12,2.0)+ST2(10,2.0)",10000,9977.3,-22.7,-0.23,1093.0,10.93,168.174,-63.99,93.43,-63.99,140.145,-63.99,40.48,59.52,0.99,-0.27,84,34,50,0,2,2,1.5,1.5,0,0,0,0,82.55,1.5,5,0.5,3176.6200000000003,3199.5,4.5%,"BTC_INR_15m_ST1(12,2.0)+ST2(10,2.0)_SL1.5pct_1-3",0,1
BTC/INR,15m,2026-07-25 to 2026-09-24 (60D),5742,10,2.0,12,2.0,"ST1(10,2.0)+ST2(12,2.0)",1.5%,1:3,1%,1.5,3.0,"ST1(10,2.0)+ST2(12,2.0)",10000,9977.3,-22.7,-0.23,1093.0,10.93,168.174,-63.99,93.43,-63.99,140.145,-63.99,40.48,59.52,0.99,-0.27,84,34,50,0,2,2,1.5,1.5,0,0,0,0,82.55,1.5,5,0.5,3176.6200000000003,3199.5,4.5%,"BTC_INR_15m_ST1(10,2.0)+ST2(12,2.0)_SL1.5pct_1-3",0,1
BTC/INR,15m,2026-07-25 to 2026-09-24 (60D),5742,10,4.0,7,3.5,"ST1(10,4.0)+ST2(7,3.5)",1.5%,1:3,1%,1.5,3.0,"ST1(10,4.0)+ST2(7,3.5)",10000,9973.84,-26.16,-0.26,704.0,7.04,144.252,-66.77,80.14,-66.77,120.21,-66.77,45.24,54.76,0.99,-0.31,84,38,46,0,2,2,1.5,1.5,0,0,0,0,82.48,1.5,5,0.5,3045.32,3071.42,4.5%,"BTC_INR_15m_ST1(10,4.0)+ST2(7,3.5)_SL1.5pct_1-3",0,1
BTC/INR,15m,2026-07-25 to 2026-09-24 (60D),5742,7,3.5,10,4.0,"ST1(7,3.5)+ST2(10,4.0)",1.5%,1:3,1%,1.5,3.0,"ST1(7,3.5)+ST2(10,4.0)",10000,9973.84,-26.16,-0.26,704.0,7.04,144.252,-66.77,80.14,-66.77,120.21,-66.77,45.24,54.76,0.99,-0.31,84,38,46,0,2,2,1.5,1.5,0,0,0,0,82.48,1.5,5,0.5,3045.32,3071.42,4.5%,"BTC_INR_15m_ST1(7,3.5)+ST2(10,4.0)_SL1.5pct_1-3",0,1
SOL/INR,15m,2026-07-25 to 2026-09-24 (60D),5742,10,3.0,12,4.0,"ST1(10,3.0)+ST2(12,4.0)",1.5%,1:3,1%,1.5,3.0,"ST1(10,3.0)+ST2(12,4.0)",10000,9973.46,-26.54,-0.27,1235.0,12.35,217.638,-83.68,120.91,-83.68,181.365,-83.68,40.78,59.22,0.99,-0.26,103,42,61,0,2,2,1.5,1.5,0,0,0,0,74.49,1.5,5,0.5,5078.22,5104.4800000000005,4.5%,"SOL_INR_15m_ST1(10,3.0)+ST2(12,4.0)_SL1.5pct_1-3",2,1
SOL/INR,15m,2026-07-25 to 2026-09-24 (60D),5742,12,4.0,10,3.0,"ST1(12,4.0)+ST2(10,3.0)",1.5%,1:3,1%,1.5,3.0,"ST1(12,4.0)+ST2(10,3.0)",10000,9973.46,-26.54,-0.27,1235.0,12.35,217.638,-83.68,120.91,-83.68,181.365,-83.68,40.78,59.22,0.99,-0.26,103,42,61,0,2,2,1.5,1.5,0,0,0,0,74.49,1.5,5,0.5,5078.22,5104.4800000000005,4.5%,"SOL_INR_15m_ST1(12,4.0)+ST2(10,3.0)_SL1.5pct_1-3",2,1
SOL/INR,15m,2026-07-25 to 2026-09-24 (60D),5742,14,3.0,10,4.0,"ST1(14,3.0)+ST2(10,4.0)",1.5%,1:3,1%,1.5,3.0,"ST1(14,3.0)+ST2(10,4.0)",10000,9971.3,-28.7,-0.29,1227.0,12.27,214.704,-81.99,119.28,-81.99,178.92000000000002,-81.99,40.59,59.41,0.99,-0.28,101,41,60,0,2,2,1.5,1.5,0,0,0,0,74.02,1.5,5,0.5,4890.4800000000005,4919.4,4.5%,"SOL_INR_15m_ST1(14,3.0)+ST2(10,4.0)_SL1.5pct_1-3",2,1
SOL/INR,15m,2026-07-25 to 2026-09-24 (60D),5742,10,4.0,14,3.0,"ST1(10,4.0)+ST2(14,3.0)",1.5%,1:3,1%,1.5,3.0,"ST1(10,4.0)+ST2(14,3.0)",10000,9971.3,-28.7,-0.29,1227.0,12.27,214.704,-81.99,119.28,-81.99,178.92000000000002,-81.99,40.59,59.41,0.99,-0.28,101,41,60,0,2,2,1.5,1.5,0,0,0,0,74.02,1.5,5,0.5,4890.4800000000005,4919.4,4.5%,"SOL_INR_15m_ST1(10,4.0)+ST2(14,3.0)_SL1.5pct_1-3",2,1
BTC/INR,30m,2026-07-25 to 2026-09-24 (60D),2872,7,3.0,14,4.0,"ST1(7,3.0)+ST2(14,4.0)",1.5%,1:3,1%,1.5,3.0,"ST1(7,3.0)+ST2(14,4.0)",10000,9968.72,-31.28,-0.31,826.0,8.26,178.11,-63.68,98.95,-63.68,148.425,-63.68,38.89,61.11,0.99,-0.43,72,28,44,0,2,2,1.5,1.5,0,0,0,0,65.52,1.5,5,0.5,2770.6,2801.92,4.5%,"BTC_INR_30m_ST1(7,3.0)+ST2(14,4.0)_SL1.5pct_1-3",0,2
BTC/INR,30m,2026-07-25 to 2026-09-24 (60D),2872,14,4.0,7,3.0,"ST1(14,4.0)+ST2(7,3.0)",1.5%,1:3,1%,1.5,3.0,"ST1(14,4.0)+ST2(7,3.0)",10000,9968.72,-31.28,-0.31,826.0,8.26,178.11,-63.68,98.95,-63.68,148.425,-63.68,38.89,61.11,0.99,-0.43,72,28,44,0,2,2,1.5,1.5,0,0,0,0,65.52,1.5,5,0.5,2770.6,2801.92,4.5%,"BTC_INR_30m_ST1(14,4.0)+ST2(7,3.0)_SL1.5pct_1-3",0,2
SOL/INR,15m,2026-07-25 to 2026-09-24 (60D),5742,7,3.5,10,4.0,"ST1(7,3.5)+ST2(10,4.0)",1.5%,1:3,1%,1.5,3.0,"ST1(7,3.5)+ST2(10,4.0)",10000,9968.11,-31.89,-0.32,1313.0,13.13,205.218,-84.63,114.01,-84.63,171.015,-84.63,42.45,57.55,0.99,-0.3,106,45,61,0,2,2,1.5,1.5,0,0,0,0,77.06,1.5,5,0.5,5130.45,5162.429999999999,4.5%,"SOL_INR_15m_ST1(7,3.5)+ST2(10,4.0)_SL1.5pct_1-3",2,1
SOL/INR,15m,2026-07-25 to 2026-09-24 (60D),5742,10,4.0,7,3.5,"ST1(10,4.0)+ST2(7,3.5)",1.5%,1:3,1%,1.5,3.0,"ST1(10,4.0)+ST2(7,3.5)",10000,9968.11,-31.89,-0.32,1313.0,13.13,205.218,-84.63,114.01,-84.63,171.015,-84.63,42.45,57.55,0.99,-0.3,106,45,61,0,2,2,1.5,1.5,0,0,0,0,77.06,1.5,5,0.5,5130.45,5162.429999999999,4.5%,"SOL_INR_15m_ST1(10,4.0)+ST2(7,3.5)_SL1.5pct_1-3",2,1
BTC/INR,30m,2026-07-25 to 2026-09-24 (60D),2872,14,3.5,14,4.0,"ST1(14,3.5)+ST2(14,4.0)",1.5%,1:3,1%,1.5,3.0,"ST1(14,3.5)+ST2(14,4.0)",10000,9966.94,-33.06,-0.33,862.0,8.62,179.676,-61.48,99.82,-61.48,149.73,-61.48,37.84,62.16,0.99,-0.45,74,28,46,0,2,2,1.5,1.5,0,0,0,0,67.99,1.5,5,0.5,2794.96,2828.08,4.5%,"BTC_INR_30m_ST1(14,3.5)+ST2(14,4.0)_SL1.5pct_1-3",0,2
BTC/INR,30m,2026-07-25 to 2026-09-24 (60D),2872,14,4.0,14,3.5,"ST1(14,4.0)+ST2(14,3.5)",1.5%,1:3,1%,1.5,3.0,"ST1(14,4.0)+ST2(14,3.5)",10000,9966.94,-33.06,-0.33,862.0,8.62,179.676,-61.48,99.82,-61.48,149.73,-61.48,37.84,62.16,0.99,-0.45,74,28,46,0,2,2,1.5,1.5,0,0,0,0,67.99,1.5,5,0.5,2794.96,2828.08,4.5%,"BTC_INR_30m_ST1(14,4.0)+ST2(14,3.5)_SL1.5pct_1-3",0,2
BTC/INR,15m,2026-07-25 to 2026-09-24 (60D),5742,14,4.0,10,2.0,"ST1(14,4.0)+ST2(10,2.0)",1.5%,1:3,1%,1.5,3.0,"ST1(14,4.0)+ST2(10,2.0)",10000,9963.75,-36.25,-0.36,948.0,9.48,159.40800000000002,-66.24,88.56,-66.24,132.84,-66.24,42.5,57.5,0.99,-0.45,80,34,46,0,2,2,1.5,1.5,0,0,0,0,74.75,1.5,5,0.5,3011.04,3047.04,4.5%,"BTC_INR_15m_ST1(14,4.0)+ST2(10,2.0)_SL1.5pct_1-3",0,1
BTC/INR,15m,2026-07-25 to 2026-09-24 (60D),5742,10,2.0,14,4.0,"ST1(10,2.0)+ST2(14,4.0)",1.5%,1:3,1%,1.5,3.0,"ST1(10,2.0)+ST2(14,4.0)",10000,9963.75,-36.25,-0.36,948.0,9.48,159.40800000000002,-66.24,88.56,-66.24,132.84,-66.24,42.5,57.5,0.99,-0.45,80,34,46,0,2,2,1.5,1.5,0,0,0,0,74.75,1.5,5,0.5,3011.04,3047.04,4.5%,"BTC_INR_15m_ST1(10,2.0)+ST2(14,4.0)_SL1.5pct_1-3",0,1
BTC/INR,15m,2026-07-25 to 2026-09-24 (60D),5742,12,4.0,7,2.0,"ST1(12,4.0)+ST2(7,2.0)",1.5%,1:3,1%,1.5,3.0,"ST1(12,4.0)+ST2(7,2.0)",10000,9953.75,-46.25,-0.46,1124.0,11.24,156.97799999999998,-67.36,87.21,-67.36,130.815,-67.36,43.21,56.79,0.99,-0.57,81,35,46,0,2,2,1.5,1.5,0,0,0,0,72.99,1.5,5,0.5,3052.35,3098.56,4.5%,"BTC_INR_15m_ST1(12,4.0)+ST2(7,2.0)_SL1.5pct_1-3",0,1
BTC/INR,15m,2026-07-25 to 2026-09-24 (60D),5742,7,2.0,12,4.0,"ST1(7,2.0)+ST2(12,4.0)",1.5%,1:3,1%,1.5,3.0,"ST1(7,2.0)+ST2(12,4.0)",10000,9953.75,-46.25,-0.46,1124.0,11.24,156.97799999999998,-67.36,87.21,-67.36,130.815,-67.36,43.21,56.79,0.99,-0.57,81,35,46,0,2,2,1.5,1.5,0,0,0,0,72.99,1.5,5,0.5,3052.35,3098.56,4.5%,"BTC_INR_15m_ST1(7,2.0)+ST2(12,4.0)_SL1.5pct_1-3",0,1
SOL/INR,30m,2026-07-25 to 2026-09-24 (60D),2872,14,4.0,12,4.0,"ST1(14,4.0)+ST2(12,4.0)",1.5%,1:3,1%,1.5,3.0,"ST1(14,4.0)+ST2(12,4.0)",10000,9950.3,-49.7,-0.5,1073.0,10.73,277.884,-91.86,154.38,-91.86,231.57,-91.86,37.08,62.92,0.99,-0.56,89,33,56,0,2,2,1.5,1.5,0,0,0,0,60.82,1.5,5,0.5,5094.54,5144.16,4.5%,"SOL_INR_30m_ST1(14,4.0)+ST2(12,4.0)_SL1.5pct_1-3",2,2
SOL/INR,30m,2026-07-25 to 2026-09-24 (60D),2872,12,4.0,14,4.0,"ST1(12,4.0)+ST2(14,4.0)",1.5%,1:3,1%,1.5,3.0,"ST1(12,4.0)+ST2(14,4.0)",10000,9950.3,-49.7,-0.5,1073.0,10.73,277.884,-91.86,154.38,-91.86,231.57,-91.86,37.08,62.92,0.99,-0.56,89,33,56,0,2,2,1.5,1.5,0,0,0,0,60.82,1.5,5,0.5,5094.54,5144.16,4.5%,"SOL_INR_30m_ST1(12,4.0)+ST2(14,4.0)_SL1.5pct_1-3",2,2
BTC/INR,30m,2026-07-25 to 2026-09-24 (60D),2872,7,4.0,10,3.0,"ST1(7,4.0)+ST2(10,3.0)",1.5%,1:3,1%,1.5,3.0,"ST1(7,4.0)+ST2(10,3.0)",10000,9935.37,-64.63,-0.65,838.0,8.38,174.096,-64.48,96.72,-64.48,145.07999999999998,-64.48,39.44,60.56,0.98,-0.91,71,28,43,0,2,2,1.5,1.5,0,0,0,0,63.5,1.5,5,0.5,2708.16,2772.6400000000003,4.5%,"BTC_INR_30m_ST1(7,4.0)+ST2(10,3.0)_SL1.5pct_1-3",0,2
BTC/INR,30m,2026-07-25 to 2026-09-24 (60D),2872,10,3.0,7,4.0,"ST1(10,3.0)+ST2(7,4.0)",1.5%,1:3,1%,1.5,3.0,"ST1(10,3.0)+ST2(7,4.0)",10000,9935.37,-64.63,-0.65,838.0,8.38,174.096,-64.48,96.72,-64.48,145.07999999999998,-64.48,39.44,60.56,0.98,-0.91,71,28,43,0,2,2,1.5,1.5,0,0,0,0,63.5,1.5,5,0.5,2708.16,2772.6400000000003,4.5%,"BTC_INR_30m_ST1(10,3.0)+ST2(7,4.0)_SL1.5pct_1-3",0,2
ETH/INR,30m,2026-07-25 to 2026-09-24 (60D),2872,12,3.0,12,2.0,"ST1(12,3.0)+ST2(12,2.0)",1.5%,1:3,1%,1.5,3.0,"ST1(12,3.0)+ST2(12,2.0)",10000,9934.72,-65.28,-0.65,848.0,8.48,215.334,-67.57,119.63,-67.57,179.445,-67.57,35.62,64.38,0.98,-0.89,73,26,47,0,2,2,1.5,1.5,0,0,0,0,60.33,1.5,5,0.5,3110.38,3175.7899999999995,4.5%,"ETH_INR_30m_ST1(12,3.0)+ST2(12,2.0)_SL1.5pct_1-3",1,2
ETH/INR,30m,2026-07-25 to 2026-09-24 (60D),2872,12,2.0,12,3.0,"ST1(12,2.0)+ST2(12,3.0)",1.5%,1:3,1%,1.5,3.0,"ST1(12,2.0)+ST2(12,3.0)",10000,9934.72,-65.28,-0.65,848.0,8.48,215.334,-67.57,119.63,-67.57,179.445,-67.57,35.62,64.38,0.98,-0.89,73,26,47,0,2,2,1.5,1.5,0,0,0,0,60.33,1.5,5,0.5,3110.38,3175.7899999999995,4.5%,"ETH_INR_30m_ST1(12,2.0)+ST2(12,3.0)_SL1.5pct_1-3",1,2
SOL/INR,15m,2026-07-25 to 2026-09-24 (60D),5742,14,3.0,12,3.5,"ST1(14,3.0)+ST2(12,3.5)",1.5%,1:3,1%,1.5,3.0,"ST1(14,3.0)+ST2(12,3.5)",10000,9924.07,-75.93,-0.76,1352.0,13.52,225.45,-81.43,125.25,-81.43,187.875,-81.43,39.05,60.95,0.99,-0.72,105,41,64,0,2,2,1.5,1.5,0,0,0,0,73.74,1.5,5,0.5,5135.25,5211.52,4.5%,"SOL_INR_15m_ST1(14,3.0)+ST2(12,3.5)_SL1.5pct_1-3",2,1
SOL/INR,15m,2026-07-25 to 2026-09-24 (60D),5742,12,3.5,14,3.0,"ST1(12,3.5)+ST2(14,3.0)",1.5%,1:3,1%,1.5,3.0,"ST1(12,3.5)+ST2(14,3.0)",10000,9924.07,-75.93,-0.76,1352.0,13.52,225.45,-81.43,125.25,-81.43,187.875,-81.43,39.05,60.95,0.99,-0.72,105,41,64,0,2,2,1.5,1.5,0,0,0,0,73.74,1.5,5,0.5,5135.25,5211.52,4.5%,"SOL_INR_15m_ST1(12,3.5)+ST2(14,3.0)_SL1.5pct_1-3",2,1
SOL/INR,15m,2026-07-25 to 2026-09-24 (60D),5742,14,3.0,10,3.0,"ST1(14,3.0)+ST2(10,3.0)",1.5%,1:3,1%,1.5,3.0,"ST1(14,3.0)+ST2(10,3.0)",10000,9921.25,-78.75,-0.79,1363.0,13.63,210.798,-83.04,117.11,-83.04,175.665,-83.04,41.12,58.88,0.98,-0.74,107,44,63,0,2,2,1.5,1.5,0,0,0,0,74.43,1.5,5,0.5,5152.84,5231.52,4.5%,"SOL_INR_15m_ST1(14,3.0)+ST2(10,3.0)_SL1.5pct_1-3",2,1
SOL/INR,15m,2026-07-25 to 2026-09-24 (60D),5742,10,3.0,14,3.0,"ST1(10,3.0)+ST2(14,3.0)",1.5%,1:3,1%,1.5,3.0,"ST1(10,3.0)+ST2(14,3.0)",10000,9921.25,-78.75,-0.79,1363.0,13.63,210.798,-83.04,117.11,-83.04,175.665,-83.04,41.12,58.88,0.98,-0.74,107,44,63,0,2,2,1.5,1.5,0,0,0,0,74.43,1.5,5,0.5,5152.84,5231.52,4.5%,"SOL_INR_15m_ST1(10,3.0)+ST2(14,3.0)_SL1.5pct_1-3",2,1
BTC/INR,15m,2026-07-25 to 2026-09-24 (60D),5742,7,4.0,10,4.0,"ST1(7,4.0)+ST2(10,4.0)",1.5%,1:3,1%,1.5,3.0,"ST1(7,4.0)+ST2(10,4.0)",10000,9914.84,-85.16,-0.85,863.0,8.63,143.352,-69.14,79.64,-69.14,119.46,-69.14,45.78,54.22,0.97,-1.03,83,38,45,0,2,2,1.5,1.5,0,0,0,0,82.65,1.5,5,0.5,3026.32,3111.3,4.5%,"BTC_INR_15m_ST1(7,4.0)+ST2(10,4.0)_SL1.5pct_1-3",0,1
BTC/INR,15m,2026-07-25 to 2026-09-24 (60D),5742,10,4.0,7,4.0,"ST1(10,4.0)+ST2(7,4.0)",1.5%,1:3,1%,1.5,3.0,"ST1(10,4.0)+ST2(7,4.0)",10000,9914.84,-85.16,-0.85,863.0,8.63,143.352,-69.14,79.64,-69.14,119.46,-69.14,45.78,54.22,0.97,-1.03,83,38,45,0,2,2,1.5,1.5,0,0,0,0,82.65,1.5,5,0.5,3026.32,3111.3,4.5%,"BTC_INR_15m_ST1(10,4.0)+ST2(7,4.0)_SL1.5pct_1-3",0,1
BTC/INR,15m,2026-07-25 to 2026-09-24 (60D),5742,10,2.0,10,4.0,"ST1(10,2.0)+ST2(10,4.0)",1.5%,1:3,1%,1.5,3.0,"ST1(10,2.0)+ST2(10,4.0)",10000,9913.79,-86.21,-0.86,996.0,9.96,154.89,-65.48,86.05,-65.48,129.075,-65.48,42.5,57.5,0.97,-1.08,80,34,46,0,2,2,1.5,1.5,0,0,0,0,73.56,1.5,5,0.5,2925.7,3012.0800000000004,4.5%,"BTC_INR_15m_ST1(10,2.0)+ST2(10,4.0)_SL1.5pct_1-3",0,1
BTC/INR,15m,2026-07-25 to 2026-09-24 (60D),5742,10,4.0,10,2.0,"ST1(10,4.0)+ST2(10,2.0)",1.5%,1:3,1%,1.5,3.0,"ST1(10,4.0)+ST2(10,2.0)",10000,9913.79,-86.21,-0.86,996.0,9.96,154.89,-65.48,86.05,-65.48,129.075,-65.48,42.5,57.5,0.97,-1.08,80,34,46,0,2,2,1.5,1.5,0,0,0,0,73.56,1.5,5,0.5,2925.7,3012.0800000000004,4.5%,"BTC_INR_15m_ST1(10,4.0)+ST2(10,2.0)_SL1.5pct_1-3",0,1
SOL/INR,30m,2026-07-25 to 2026-09-24 (60D),2872,12,4.0,10,4.0,"ST1(12,4.0)+ST2(10,4.0)",1.5%,1:3,1%,1.5,3.0,"ST1(12,4.0)+ST2(10,4.0)",10000,9910.53,-89.47,-0.89,1101.0,11.01,269.892,-93.28,149.94,-93.28,224.91,-93.28,37.93,62.07,0.98,-1.03,87,33,54,0,2,2,1.5,1.5,0,0,0,0,58.97,1.5,5,0.5,4948.02,5037.12,4.5%,"SOL_INR_30m_ST1(12,4.0)+ST2(10,4.0)_SL1.5pct_1-3",2,2
SOL/INR,30m,2026-07-25 to 2026-09-24 (60D),2872,10,4.0,12,4.0,"ST1(10,4.0)+ST2(12,4.0)",1.5%,1:3,1%,1.5,3.0,"ST1(10,4.0)+ST2(12,4.0)",10000,9910.53,-89.47,-0.89,1101.0,11.01,269.892,-93.28,149.94,-93.28,224.91,-93.28,37.93,62.07,0.98,-1.03,87,33,54,0,2,2,1.5,1.5,0,0,0,0,58.97,1.5,5,0.5,4948.02,5037.12,4.5%,"SOL_INR_30m_ST1(10,4.0)+ST2(12,4.0)_SL1.5pct_1-3",2,2
BTC/INR,30m,2026-07-25 to 2026-09-24 (60D),2872,10,3.5,12,4.0,"ST1(10,3.5)+ST2(12,4.0)",1.5%,1:3,1%,1.5,3.0,"ST1(10,3.5)+ST2(12,4.0)",10000,9909.36,-90.64,-0.91,936.0,9.36,176.076,-63.64,97.82,-63.64,146.73,-63.64,38.67,61.33,0.97,-1.21,75,29,46,0,2,2,1.5,1.5,0,0,0,0,69.28,1.5,5,0.5,2836.78,2927.44,4.5%,"BTC_INR_30m_ST1(10,3.5)+ST2(12,4.0)_SL1.5pct_1-3",0,2
BTC/INR,30m,2026-07-25 to 2026-09-24 (60D),2872,12,4.0,10,3.5,"ST1(12,4.0)+ST2(10,3.5)",1.5%,1:3,1%,1.5,3.0,"ST1(12,4.0)+ST2(10,3.5)",10000,9909.36,-90.64,-0.91,936.0,9.36,176.076,-63.64,97.82,-63.64,146.73,-63.64,38.67,61.33,0.97,-1.21,75,29,46,0,2,2,1.5,1.5,0,0,0,0,69.28,1.5,5,0.5,2836.78,2927.44,4.5%,"BTC_INR_30m_ST1(12,4.0)+ST2(10,3.5)_SL1.5pct_1-3",0,2
BTC/INR,30m,2026-07-25 to 2026-09-24 (60D),2872,10,3.5,7,3.5,"ST1(10,3.5)+ST2(7,3.5)",1.5%,1:3,1%,1.5,3.0,"ST1(10,3.5)+ST2(7,3.5)",10000,9908.91,-91.09,-0.91,936.0,9.36,178.614,-65.97,99.23,-65.97,148.845,-65.97,39.19,60.81,0.97,-1.23,74,29,45,0,2,2,1.5,1.5,0,0,0,0,69.94,1.5,5,0.5,2877.67,2968.65,4.5%,"BTC_INR_30m_ST1(10,3.5)+ST2(7,3.5)_SL1.5pct_1-3",0,2
BTC/INR,30m,2026-07-25 to 2026-09-24 (60D),2872,7,3.5,10,3.5,"ST1(7,3.5)+ST2(10,3.5)",1.5%,1:3,1%,1.5,3.0,"ST1(7,3.5)+ST2(10,3.5)",10000,9908.91,-91.09,-0.91,936.0,9.36,178.614,-65.97,99.23,-65.97,148.845,-65.97,39.19,60.81,0.97,-1.23,74,29,45,0,2,2,1.5,1.5,0,0,0,0,69.94,1.5,5,0.5,2877.67,2968.65,4.5%,"BTC_INR_30m_ST1(7,3.5)+ST2(10,3.5)_SL1.5pct_1-3",0,2
ETH/INR,30m,2026-07-25 to 2026-09-24 (60D),2872,14,2.0,12,3.0,"ST1(14,2.0)+ST2(12,3.0)",1.5%,1:3,1%,1.5,3.0,"ST1(14,2.0)+ST2(12,3.0)",10000,9908.02,-91.98,-0.92,860.0,8.6,214.74,-67.95,119.3,-67.95,178.95,-67.95,35.62,64.38,0.97,-1.26,73,26,47,0,2,2,1.5,1.5,0,0,0,0,61.96,1.5,5,0.5,3101.8,3193.65,4.5%,"ETH_INR_30m_ST1(14,2.0)+ST2(12,3.0)_SL1.5pct_1-3",1,2
ETH/INR,30m,2026-07-25 to 2026-09-24 (60D),2872,12,3.0,14,2.0,"ST1(12,3.0)+ST2(14,2.0)",1.5%,1:3,1%,1.5,3.0,"ST1(12,3.0)+ST2(14,2.0)",10000,9908.02,-91.98,-0.92,860.0,8.6,214.74,-67.95,119.3,-67.95,178.95,-67.95,35.62,64.38,0.97,-1.26,73,26,47,0,2,2,1.5,1.5,0,0,0,0,61.96,1.5,5,0.5,3101.8,3193.65,4.5%,"ETH_INR_30m_ST1(12,3.0)+ST2(14,2.0)_SL1.5pct_1-3",1,2
BTC/INR,15m,2026-07-25 to 2026-09-24 (60D),5742,14,3.5,10,2.0,"ST1(14,3.5)+ST2(10,2.0)",1.5%,1:3,1%,1.5,3.0,"ST1(14,3.5)+ST2(10,2.0)",10000,9905.44,-94.56,-0.95,862.0,8.62,161.748,-62.45,89.86,-62.45,134.79,-62.45,40.24,59.76,0.97,-1.15,82,33,49,0,2,2,1.5,1.5,0,0,0,0,76.51,1.5,5,0.5,2965.38,3060.05,4.5%,"BTC_INR_15m_ST1(14,3.5)+ST2(10,2.0)_SL1.5pct_1-3",0,1
BTC/INR,15m,2026-07-25 to 2026-09-24 (60D),5742,10,2.0,14,3.5,"ST1(10,2.0)+ST2(14,3.5)",1.5%,1:3,1%,1.5,3.0,"ST1(10,2.0)+ST2(14,3.5)",10000,9905.44,-94.56,-0.95,862.0,8.62,161.748,-62.45,89.86,-62.45,134.79,-62.45,40.24,59.76,0.97,-1.15,82,33,49,0,2,2,1.5,1.5,0,0,0,0,76.51,1.5,5,0.5,2965.38,3060.05,4.5%,"BTC_INR_15m_ST1(10,2.0)+ST2(14,3.5)_SL1.5pct_1-3",0,1
SOL/INR,15m,2026-07-25 to 2026-09-24 (60D),5742,7,4.0,12,4.0,"ST1(7,4.0)+ST2(12,4.0)",1.5%,1:3,1%,1.5,3.0,"ST1(7,4.0)+ST2(12,4.0)",10000,9903.18,-96.82,-0.97,1132.0,11.32,207.198,-85.11,115.11,-85.11,172.665,-85.11,42.06,57.94,0.98,-0.9,107,45,62,0,2,2,1.5,1.5,0,0,0,0,76.25,1.5,5,0.5,5179.95,5276.82,4.5%,"SOL_INR_15m_ST1(7,4.0)+ST2(12,4.0)_SL1.5pct_1-3",2,1
SOL/INR,15m,2026-07-25 to 2026-09-24 (60D),5742,12,4.0,7,4.0,"ST1(12,4.0)+ST2(7,4.0)",1.5%,1:3,1%,1.5,3.0,"ST1(12,4.0)+ST2(7,4.0)",10000,9903.18,-96.82,-0.97,1132.0,11.32,207.198,-85.11,115.11,-85.11,172.665,-85.11,42.06,57.94,0.98,-0.9,107,45,62,0,2,2,1.5,1.5,0,0,0,0,76.25,1.5,5,0.5,5179.95,5276.82,4.5%,"SOL_INR_15m_ST1(12,4.0)+ST2(7,4.0)_SL1.5pct_1-3",2,1
BTC/INR,30m,2026-07-25 to 2026-09-24 (60D),2872,12,4.0,12,3.5,"ST1(12,4.0)+ST2(12,3.5)",1.5%,1:3,1%,1.5,3.0,"ST1(12,4.0)+ST2(12,3.5)",10000,9900.81,-99.19,-0.99,909.0,9.09,175.626,-63.67,97.57,-63.67,146.355,-63.67,38.67,61.33,0.97,-1.32,75,29,46,0,2,2,1.5,1.5,0,0,0,0,69.87,1.5,5,0.5,2829.53,2928.82,4.5%,"BTC_INR_30m_ST1(12,4.0)+ST2(12,3.5)_SL1.5pct_1-3",0,2
BTC/INR,30m,2026-07-25 to 2026-09-24 (60D),2872,12,3.5,12,4.0,"ST1(12,3.5)+ST2(12,4.0)",1.5%,1:3,1%,1.5,3.0,"ST1(12,3.5)+ST2(12,4.0)",10000,9900.81,-99.19,-0.99,909.0,9.09,175.626,-63.67,97.57,-63.67,146.355,-63.67,38.67,61.33,0.97,-1.32,75,29,46,0,2,2,1.5,1.5,0,0,0,0,69.87,1.5,5,0.5,2829.53,2928.82,4.5%,"BTC_INR_30m_ST1(12,3.5)+ST2(12,4.0)_SL1.5pct_1-3",0,2
ETH/INR,30m,2026-07-25 to 2026-09-24 (60D),2872,12,3.0,7,2.0,"ST1(12,3.0)+ST2(7,2.0)",1.5%,1:3,1%,1.5,3.0,"ST1(12,3.0)+ST2(7,2.0)",10000,9900.79,-99.21,-0.99,792.0,7.92,205.056,-68.52,113.92,-68.52,170.88,-68.52,36.84,63.16,0.97,-1.31,76,28,48,0,2,2,1.5,1.5,0,0,0,0,65.8,1.5,5,0.5,3189.76,3288.96,4.5%,"ETH_INR_30m_ST1(12,3.0)+ST2(7,2.0)_SL1.5pct_1-3",1,2
ETH/INR,30m,2026-07-25 to 2026-09-24 (60D),2872,7,2.0,12,3.0,"ST1(7,2.0)+ST2(12,3.0)",1.5%,1:3,1%,1.5,3.0,"ST1(7,2.0)+ST2(12,3.0)",10000,9900.79,-99.21,-0.99,792.0,7.92,205.056,-68.52,113.92,-68.52,170.88,-68.52,36.84,63.16,0.97,-1.31,76,28,48,0,2,2,1.5,1.5,0,0,0,0,65.8,1.5,5,0.5,3189.76,3288.96,4.5%,"ETH_INR_30m_ST1(7,2.0)+ST2(12,3.0)_SL1.5pct_1-3",1,2
BTC/INR,30m,2026-07-25 to 2026-09-24 (60D),2872,10,4.0,14,3.5,"ST1(10,4.0)+ST2(14,3.5)",1.5%,1:3,1%,1.5,3.0,"ST1(10,4.0)+ST2(14,3.5)",10000,9900.45,-99.55,-1.0,847.0,8.47,179.71200000000002,-62.93,99.84,-62.93,149.76,-62.93,37.84,62.16,0.97,-1.34,74,28,46,0,2,2,1.5,1.5,0,0,0,0,66.11,1.5,5,0.5,2795.52,2894.78,4.5%,"BTC_INR_30m_ST1(10,4.0)+ST2(14,3.5)_SL1.5pct_1-3",0,2
BTC/INR,30m,2026-07-25 to 2026-09-24 (60D),2872,14,3.5,10,4.0,"ST1(14,3.5)+ST2(10,4.0)",1.5%,1:3,1%,1.5,3.0,"ST1(14,3.5)+ST2(10,4.0)",10000,9900.45,-99.55,-1.0,847.0,8.47,179.71200000000002,-62.93,99.84,-62.93,149.76,-62.93,37.84,62.16,0.97,-1.34,74,28,46,0,2,2,1.5,1.5,0,0,0,0,66.11,1.5,5,0.5,2795.52,2894.78,4.5%,"BTC_INR_30m_ST1(14,3.5)+ST2(10,4.0)_SL1.5pct_1-3",0,2
BTC/INR,30m,2026-07-25 to 2026-09-24 (60D),2872,7,3.5,12,3.5,"ST1(7,3.5)+ST2(12,3.5)",1.5%,1:3,1%,1.5,3.0,"ST1(7,3.5)+ST2(12,3.5)",10000,9900.36,-99.64,-1.0,909.0,9.09,178.16400000000002,-66.0,98.98,-66.0,148.47,-66.0,39.19,60.81,0.97,-1.35,74,29,45,0,2,2,1.5,1.5,0,0,0,0,70.53,1.5,5,0.5,2870.42,2970.0,4.5%,"BTC_INR_30m_ST1(7,3.5)+ST2(12,3.5)_SL1.5pct_1-3",0,2
BTC/INR,30m,2026-07-25 to 2026-09-24 (60D),2872,12,3.5,7,3.5,"ST1(12,3.5)+ST2(7,3.5)",1.5%,1:3,1%,1.5,3.0,"ST1(12,3.5)+ST2(7,3.5)",10000,9900.36,-99.64,-1.0,909.0,9.09,178.16400000000002,-66.0,98.98,-66.0,148.47,-66.0,39.19,60.81,0.97,-1.35,74,29,45,0,2,2,1.5,1.5,0,0,0,0,70.53,1.5,5,0.5,2870.42,2970.0,4.5%,"BTC_INR_30m_ST1(12,3.5)+ST2(7,3.5)_SL1.5pct_1-3",0,2
BTC/INR,15m,2026-07-25 to 2026-09-24 (60D),5742,12,3.5,10,4.0,"ST1(12,3.5)+ST2(10,4.0)",1.5%,1:3,1%,1.5,3.0,"ST1(12,3.5)+ST2(10,4.0)",10000,9894.47,-105.53,-1.06,788.0,7.88,148.392,-68.61,82.44,-68.61,123.66,-68.61,44.58,55.42,0.97,-1.27,83,37,46,0,2,2,1.5,1.5,0,0,0,0,81.07,1.5,5,0.5,3050.28,3156.06,4.5%,"BTC_INR_15m_ST1(12,3.5)+ST2(10,4.0)_SL1.5pct_1-3",0,1
BTC/INR,15m,2026-07-25 to 2026-09-24 (60D),5742,10,4.0,12,3.5,"ST1(10,4.0)+ST2(12,3.5)",1.5%,1:3,1%,1.5,3.0,"ST1(10,4.0)+ST2(12,3.5)",10000,9894.47,-105.53,-1.06,788.0,7.88,148.392,-68.61,82.44,-68.61,123.66,-68.61,44.58,55.42,0.97,-1.27,83,37,46,0,2,2,1.5,1.5,0,0,0,0,81.07,1.5,5,0.5,3050.28,3156.06,4.5%,"BTC_INR_15m_ST1(10,4.0)+ST2(12,3.5)_SL1.5pct_1-3",0,1
BTC/INR,15m,2026-07-25 to 2026-09-24 (60D),5742,12,4.0,12,3.5,"ST1(12,4.0)+ST2(12,3.5)",1.5%,1:3,1%,1.5,3.0,"ST1(12,4.0)+ST2(12,3.5)",10000,9890.45,-109.55,-1.1,891.0,8.91,150.066,-71.26,83.37,-71.26,125.055,-71.26,45.24,54.76,0.97,-1.3,84,38,46,0,2,2,1.5,1.5,0,0,0,0,81.23,1.5,5,0.5,3168.0600000000004,3277.96,4.5%,"BTC_INR_15m_ST1(12,4.0)+ST2(12,3.5)_SL1.5pct_1-3",0,1
BTC/INR,15m,2026-07-25 to 2026-09-24 (60D),5742,12,3.5,12,4.0,"ST1(12,3.5)+ST2(12,4.0)",1.5%,1:3,1%,1.5,3.0,"ST1(12,3.5)+ST2(12,4.0)",10000,9890.45,-109.55,-1.1,891.0,8.91,150.066,-71.26,83.37,-71.26,125.055,-71.26,45.24,54.76,0.97,-1.3,84,38,46,0,2,2,1.5,1.5,0,0,0,0,81.23,1.5,5,0.5,3168.0600000000004,3277.96,4.5%,"BTC_INR_15m_ST1(12,3.5)+ST2(12,4.0)_SL1.5pct_1-3",0,1
BTC/INR,15m,2026-07-25 to 2026-09-24 (60D),5742,14,4.0,12,3.5,"ST1(14,4.0)+ST2(12,3.5)",1.5%,1:3,1%,1.5,3.0,"ST1(14,4.0)+ST2(12,3.5)",10000,9889.33,-110.67,-1.11,892.0,8.92,150.642,-71.54,83.69,-71.54,125.535,-71.54,45.24,54.76,0.97,-1.32,84,38,46,0,2,2,1.5,1.5,0,0,0,0,83.63,1.5,5,0.5,3180.22,3290.84,4.5%,"BTC_INR_15m_ST1(14,4.0)+ST2(12,3.5)_SL1.5pct_1-3",0,1
BTC/INR,15m,2026-07-25 to 2026-09-24 (60D),5742,12,3.5,14,4.0,"ST1(12,3.5)+ST2(14,4.0)",1.5%,1:3,1%,1.5,3.0,"ST1(12,3.5)+ST2(14,4.0)",10000,9889.33,-110.67,-1.11,892.0,8.92,150.642,-71.54,83.69,-71.54,125.535,-71.54,45.24,54.76,0.97,-1.32,84,38,46,0,2,2,1.5,1.5,0,0,0,0,83.63,1.5,5,0.5,3180.22,3290.84,4.5%,"BTC_INR_15m_ST1(12,3.5)+ST2(14,4.0)_SL1.5pct_1-3",0,1
BTC/INR,30m,2026-07-25 to 2026-09-24 (60D),2872,14,3.5,10,2.0,"ST1(14,3.5)+ST2(10,2.0)",1.5%,1:3,1%,1.5,3.0,"ST1(14,3.5)+ST2(10,2.0)",10000,9881.04,-118.96,-1.19,898.0,8.98,184.662,-66.34,102.59,-66.34,153.885,-66.34,38.24,61.76,0.96,-1.75,68,26,42,0,2,2,1.5,1.5,0,0,0,0,56.18,1.5,5,0.5,2667.34,2786.28,4.5%,"BTC_INR_30m_ST1(14,3.5)+ST2(10,2.0)_SL1.5pct_1-3",0,2
BTC/INR,30m,2026-07-25 to 2026-09-24 (60D),2872,10,2.0,14,3.5,"ST1(10,2.0)+ST2(14,3.5)",1.5%,1:3,1%,1.5,3.0,"ST1(10,2.0)+ST2(14,3.5)",10000,9881.04,-118.96,-1.19,898.0,8.98,184.662,-66.34,102.59,-66.34,153.885,-66.34,38.24,61.76,0.96,-1.75,68,26,42,0,2,2,1.5,1.5,0,0,0,0,56.18,1.5,5,0.5,2667.34,2786.28,4.5%,"BTC_INR_30m_ST1(10,2.0)+ST2(14,3.5)_SL1.5pct_1-3",0,2
SOL/INR,15m,2026-07-25 to 2026-09-24 (60D),5742,14,3.0,7,3.0,"ST1(14,3.0)+ST2(7,3.0)",1.5%,1:3,1%,1.5,3.0,"ST1(14,3.0)+ST2(7,3.0)",10000,9875.56,-124.44,-1.24,1356.0,13.56,217.116,-82.99,120.62,-82.99,180.93,-82.99,40.19,59.81,0.98,-1.16,107,43,64,0,2,2,1.5,1.5,0,0,0,0,75.48,1.5,5,0.5,5186.66,5311.36,4.5%,"SOL_INR_15m_ST1(14,3.0)+ST2(7,3.0)_SL1.5pct_1-3",2,1
SOL/INR,15m,2026-07-25 to 2026-09-24 (60D),5742,7,3.0,14,3.0,"ST1(7,3.0)+ST2(14,3.0)",1.5%,1:3,1%,1.5,3.0,"ST1(7,3.0)+ST2(14,3.0)",10000,9875.56,-124.44,-1.24,1356.0,13.56,217.116,-82.99,120.62,-82.99,180.93,-82.99,40.19,59.81,0.98,-1.16,107,43,64,0,2,2,1.5,1.5,0,0,0,0,75.48,1.5,5,0.5,5186.66,5311.36,4.5%,"SOL_INR_15m_ST1(7,3.0)+ST2(14,3.0)_SL1.5pct_1-3",2,1
BTC/INR,15m,2026-07-25 to 2026-09-24 (60D),5742,14,3.5,7,2.0,"ST1(14,3.5)+ST2(7,2.0)",1.5%,1:3,1%,1.5,3.0,"ST1(14,3.5)+ST2(7,2.0)",10000,9874.79,-125.21,-1.25,1061.0,10.61,166.428,-63.53,92.46,-63.53,138.69,-63.53,39.76,60.24,0.96,-1.51,83,33,50,0,2,2,1.5,1.5,0,0,0,0,75.5,1.5,5,0.5,3051.18,3176.5,4.5%,"BTC_INR_15m_ST1(14,3.5)+ST2(7,2.0)_SL1.5pct_1-3",0,1
BTC/INR,15m,2026-07-25 to 2026-09-24 (60D),5742,7,2.0,14,3.5,"ST1(7,2.0)+ST2(14,3.5)",1.5%,1:3,1%,1.5,3.0,"ST1(7,2.0)+ST2(14,3.5)",10000,9874.79,-125.21,-1.25,1061.0,10.61,166.428,-63.53,92.46,-63.53,138.69,-63.53,39.76,60.24,0.96,-1.51,83,33,50,0,2,2,1.5,1.5,0,0,0,0,75.5,1.5,5,0.5,3051.18,3176.5,4.5%,"BTC_INR_15m_ST1(7,2.0)+ST2(14,3.5)_SL1.5pct_1-3",0,1
SOL/INR,15m,2026-07-25 to 2026-09-24 (60D),5742,14,4.0,10,3.0,"ST1(14,4.0)+ST2(10,3.0)",1.5%,1:3,1%,1.5,3.0,"ST1(14,4.0)+ST2(10,3.0)",10000,9868.3,-131.7,-1.32,1250.0,12.5,216.792,-85.08,120.44,-85.08,180.66,-85.08,40.78,59.22,0.97,-1.28,103,42,61,0,2,2,1.5,1.5,0,0,0,0,73.23,1.5,5,0.5,5058.48,5189.88,4.5%,"SOL_INR_15m_ST1(14,4.0)+ST2(10,3.0)_SL1.5pct_1-3",2,1
SOL/INR,15m,2026-07-25 to 2026-09-24 (60D),5742,10,3.0,14,4.0,"ST1(10,3.0)+ST2(14,4.0)",1.5%,1:3,1%,1.5,3.0,"ST1(10,3.0)+ST2(14,4.0)",10000,9868.3,-131.7,-1.32,1250.0,12.5,216.792,-85.08,120.44,-85.08,180.66,-85.08,40.78,59.22,0.97,-1.28,103,42,61,0,2,2,1.5,1.5,0,0,0,0,73.23,1.5,5,0.5,5058.48,5189.88,4.5%,"SOL_INR_15m_ST1(10,3.0)+ST2(14,4.0)_SL1.5pct_1-3",2,1
BTC/INR,15m,2026-07-25 to 2026-09-24 (60D),5742,14,4.0,7,3.5,"ST1(14,4.0)+ST2(7,3.5)",1.5%,1:3,1%,1.5,3.0,"ST1(14,4.0)+ST2(7,3.5)",10000,9867.54,-132.46,-1.32,902.0,9.02,148.91400000000002,-69.7,82.73,-69.7,124.095,-69.7,44.71,55.29,0.96,-1.56,85,38,47,0,2,2,1.5,1.5,0,0,0,0,84.95,1.5,5,0.5,3143.74,3275.9,4.5%,"BTC_INR_15m_ST1(14,4.0)+ST2(7,3.5)_SL1.5pct_1-3",0,1
BTC/INR,15m,2026-07-25 to 2026-09-24 (60D),5742,7,3.5,14,4.0,"ST1(7,3.5)+ST2(14,4.0)",1.5%,1:3,1%,1.5,3.0,"ST1(7,3.5)+ST2(14,4.0)",10000,9867.54,-132.46,-1.32,902.0,9.02,148.91400000000002,-69.7,82.73,-69.7,124.095,-69.7,44.71,55.29,0.96,-1.56,85,38,47,0,2,2,1.5,1.5,0,0,0,0,84.95,1.5,5,0.5,3143.74,3275.9,4.5%,"BTC_INR_15m_ST1(7,3.5)+ST2(14,4.0)_SL1.5pct_1-3",0,1
BTC/INR,15m,2026-07-25 to 2026-09-24 (60D),5742,14,2.0,10,2.0,"ST1(14,2.0)+ST2(10,2.0)",1.5%,1:3,1%,1.5,3.0,"ST1(14,2.0)+ST2(10,2.0)",10000,9865.44,-134.56,-1.35,1177.0,11.77,171.198,-62.95,95.11,-62.95,142.665,-62.95,38.82,61.18,0.96,-1.58,85,33,52,0,2,2,1.5,1.5,0,0,0,0,82.74,1.5,5,0.5,3138.63,3273.4,4.5%,"BTC_INR_15m_ST1(14,2.0)+ST2(10,2.0)_SL1.5pct_1-3",0,1
BTC/INR,15m,2026-07-25 to 2026-09-24 (60D),5742,10,2.0,14,2.0,"ST1(10,2.0)+ST2(14,2.0)",1.5%,1:3,1%,1.5,3.0,"ST1(10,2.0)+ST2(14,2.0)",10000,9865.44,-134.56,-1.35,1177.0,11.77,171.198,-62.95,95.11,-62.95,142.665,-62.95,38.82,61.18,0.96,-1.58,85,33,52,0,2,2,1.5,1.5,0,0,0,0,82.74,1.5,5,0.5,3138.63,3273.4,4.5%,"BTC_INR_15m_ST1(10,2.0)+ST2(14,2.0)_SL1.5pct_1-3",0,1
SOL/INR,15m,2026-07-25 to 2026-09-24 (60D),5742,12,3.0,10,4.0,"ST1(12,3.0)+ST2(10,4.0)",1.5%,1:3,1%,1.5,3.0,"ST1(12,3.0)+ST2(10,4.0)",10000,9860.31,-139.69,-1.4,1324.0,13.24,213.012,-81.83,118.34,-81.83,177.51,-81.83,40.2,59.8,0.97,-1.37,102,41,61,0,2,2,1.5,1.5,0,0,0,0,74.17,1.5,5,0.5,4851.9400000000005,4991.63,4.5%,"SOL_INR_15m_ST1(12,3.0)+ST2(10,4.0)_SL1.5pct_1-3",2,1
SOL/INR,15m,2026-07-25 to 2026-09-24 (60D),5742,10,4.0,12,3.0,"ST1(10,4.0)+ST2(12,3.0)",1.5%,1:3,1%,1.5,3.0,"ST1(10,4.0)+ST2(12,3.0)",10000,9860.31,-139.69,-1.4,1324.0,13.24,213.012,-81.83,118.34,-81.83,177.51,-81.83,40.2,59.8,0.97,-1.37,102,41,61,0,2,2,1.5,1.5,0,0,0,0,74.17,1.5,5,0.5,4851.9400000000005,4991.63,4.5%,"SOL_INR_15m_ST1(10,4.0)+ST2(12,3.0)_SL1.5pct_1-3",2,1
BTC/INR,15m,2026-07-25 to 2026-09-24 (60D),5742,12,4.0,14,4.0,"ST1(12,4.0)+ST2(14,4.0)",1.5%,1:3,1%,1.5,3.0,"ST1(12,4.0)+ST2(14,4.0)",10000,9859.9,-140.1,-1.4,938.0,9.38,146.898,-72.23,81.61,-72.23,122.415,-72.23,45.88,54.12,0.96,-1.65,85,39,46,0,2,2,1.5,1.5,0,0,0,0,83.87,1.5,5,0.5,3182.79,3322.5800000000004,4.5%,"BTC_INR_15m_ST1(12,4.0)+ST2(14,4.0)_SL1.5pct_1-3",0,1
BTC/INR,15m,2026-07-25 to 2026-09-24 (60D),5742,14,4.0,12,4.0,"ST1(14,4.0)+ST2(12,4.0)",1.5%,1:3,1%,1.5,3.0,"ST1(14,4.0)+ST2(12,4.0)",10000,9859.9,-140.1,-1.4,938.0,9.38,146.898,-72.23,81.61,-72.23,122.415,-72.23,45.88,54.12,0.96,-1.65,85,39,46,0,2,2,1.5,1.5,0,0,0,0,83.87,1.5,5,0.5,3182.79,3322.5800000000004,4.5%,"BTC_INR_15m_ST1(14,4.0)+ST2(12,4.0)_SL1.5pct_1-3",0,1
BTC/INR,30m,2026-07-25 to 2026-09-24 (60D),2872,12,4.0,7,2.0,"ST1(12,4.0)+ST2(7,2.0)",1.5%,1:3,1%,1.5,3.0,"ST1(12,4.0)+ST2(7,2.0)",10000,9858.45,-141.55,-1.42,861.0,8.61,166.986,-62.28,92.77,-62.28,139.155,-62.28,38.81,61.19,0.94,-2.11,67,26,41,0,2,2,1.5,1.5,0,0,0,0,55.66,1.5,5,0.5,2412.02,2553.48,4.5%,"BTC_INR_30m_ST1(12,4.0)+ST2(7,2.0)_SL1.5pct_1-3",0,2
BTC/INR,30m,2026-07-25 to 2026-09-24 (60D),2872,7,2.0,12,4.0,"ST1(7,2.0)+ST2(12,4.0)",1.5%,1:3,1%,1.5,3.0,"ST1(7,2.0)+ST2(12,4.0)",10000,9858.45,-141.55,-1.42,861.0,8.61,166.986,-62.28,92.77,-62.28,139.155,-62.28,38.81,61.19,0.94,-2.11,67,26,41,0,2,2,1.5,1.5,0,0,0,0,55.66,1.5,5,0.5,2412.02,2553.48,4.5%,"BTC_INR_30m_ST1(7,2.0)+ST2(12,4.0)_SL1.5pct_1-3",0,2
BTC/INR,15m,2026-07-25 to 2026-09-24 (60D),5742,7,2.0,14,2.0,"ST1(7,2.0)+ST2(14,2.0)",1.5%,1:3,1%,1.5,3.0,"ST1(7,2.0)+ST2(14,2.0)",10000,9858.0,-142.0,-1.42,1183.0,11.83,171.72000000000003,-64.51,95.4,-64.51,143.10000000000002,-64.51,39.29,60.71,0.96,-1.69,84,33,51,0,2,2,1.5,1.5,0,0,0,0,82.5,1.5,5,0.5,3148.2000000000003,3290.01,4.5%,"BTC_INR_15m_ST1(7,2.0)+ST2(14,2.0)_SL1.5pct_1-3",0,1
BTC/INR,15m,2026-07-25 to 2026-09-24 (60D),5742,14,2.0,7,2.0,"ST1(14,2.0)+ST2(7,2.0)",1.5%,1:3,1%,1.5,3.0,"ST1(14,2.0)+ST2(7,2.0)",10000,9858.0,-142.0,-1.42,1183.0,11.83,171.72000000000003,-64.51,95.4,-64.51,143.10000000000002,-64.51,39.29,60.71,0.96,-1.69,84,33,51,0,2,2,1.5,1.5,0,0,0,0,82.5,1.5,5,0.5,3148.2000000000003,3290.01,4.5%,"BTC_INR_15m_ST1(14,2.0)+ST2(7,2.0)_SL1.5pct_1-3",0,1
BTC/INR,15m,2026-07-25 to 2026-09-24 (60D),5742,14,2.0,7,3.5,"ST1(14,2.0)+ST2(7,3.5)",1.5%,1:3,1%,1.5,3.0,"ST1(14,2.0)+ST2(7,3.5)",10000,9855.27,-144.73,-1.45,754.0,7.54,163.296,-65.38,90.72,-65.38,136.07999999999998,-65.38,40.74,59.26,0.95,-1.79,81,33,48,0,2,2,1.5,1.5,0,0,0,0,74.59,1.5,5,0.5,2993.76,3138.24,4.5%,"BTC_INR_15m_ST1(14,2.0)+ST2(7,3.5)_SL1.5pct_1-3",0,1
BTC/INR,15m,2026-07-25 to 2026-09-24 (60D),5742,7,3.5,14,2.0,"ST1(7,3.5)+ST2(14,2.0)",1.5%,1:3,1%,1.5,3.0,"ST1(7,3.5)+ST2(14,2.0)",10000,9855.27,-144.73,-1.45,754.0,7.54,163.296,-65.38,90.72,-65.38,136.07999999999998,-65.38,40.74,59.26,0.95,-1.79,81,33,48,0,2,2,1.5,1.5,0,0,0,0,74.59,1.5,5,0.5,2993.76,3138.24,4.5%,"BTC_INR_15m_ST1(7,3.5)+ST2(14,2.0)_SL1.5pct_1-3",0,1
BTC/INR,30m,2026-07-25 to 2026-09-24 (60D),2872,14,3.5,7,2.0,"ST1(14,3.5)+ST2(7,2.0)",1.5%,1:3,1%,1.5,3.0,"ST1(14,3.5)+ST2(7,2.0)",10000,9836.66,-163.34,-1.63,818.0,8.18,165.45600000000002,-64.52,91.92,-64.52,137.88,-64.52,39.71,60.29,0.94,-2.4,68,27,41,0,2,2,1.5,1.5,0,0,0,0,59.18,1.5,5,0.5,2481.84,2645.32,4.5%,"BTC_INR_30m_ST1(14,3.5)+ST2(7,2.0)_SL1.5pct_1-3",0,2
BTC/INR,30m,2026-07-25 to 2026-09-24 (60D),2872,7,2.0,14,3.5,"ST1(7,2.0)+ST2(14,3.5)",1.5%,1:3,1%,1.5,3.0,"ST1(7,2.0)+ST2(14,3.5)",10000,9836.66,-163.34,-1.63,818.0,8.18,165.45600000000002,-64.52,91.92,-64.52,137.88,-64.52,39.71,60.29,0.94,-2.4,68,27,41,0,2,2,1.5,1.5,0,0,0,0,59.18,1.5,5,0.5,2481.84,2645.32,4.5%,"BTC_INR_30m_ST1(7,2.0)+ST2(14,3.5)_SL1.5pct_1-3",0,2
BTC/INR,30m,2026-07-25 to 2026-09-24 (60D),2872,7,2.0,7,3.0,"ST1(7,2.0)+ST2(7,3.0)",1.5%,1:3,1%,1.5,3.0,"ST1(7,2.0)+ST2(7,3.0)",10000,9830.95,-169.05,-1.69,659.0,6.59,163.098,-58.12,90.61,-58.12,135.915,-58.12,37.5,62.5,0.94,-2.35,72,27,45,0,2,2,1.5,1.5,0,0,0,0,60.99,1.5,5,0.5,2446.47,2615.4,4.5%,"BTC_INR_30m_ST1(7,2.0)+ST2(7,3.0)_SL1.5pct_1-3",0,2
BTC/INR,30m,2026-07-25 to 2026-09-24 (60D),2872,7,3.0,7,2.0,"ST1(7,3.0)+ST2(7,2.0)",1.5%,1:3,1%,1.5,3.0,"ST1(7,3.0)+ST2(7,2.0)",10000,9830.95,-169.05,-1.69,659.0,6.59,163.098,-58.12,90.61,-58.12,135.915,-58.12,37.5,62.5,0.94,-2.35,72,27,45,0,2,2,1.5,1.5,0,0,0,0,60.99,1.5,5,0.5,2446.47,2615.4,4.5%,"BTC_INR_30m_ST1(7,3.0)+ST2(7,2.0)_SL1.5pct_1-3",0,2
SOL/INR,15m,2026-07-25 to 2026-09-24 (60D),5742,12,4.0,7,3.0,"ST1(12,4.0)+ST2(7,3.0)",1.5%,1:3,1%,1.5,3.0,"ST1(12,4.0)+ST2(7,3.0)",10000,9830.37,-169.63,-1.7,1341.0,13.41,205.236,-85.02,114.02,-85.02,171.03,-85.02,41.9,58.1,0.97,-1.61,105,44,61,0,2,2,1.5,1.5,0,0,0,0,76.18,1.5,5,0.5,5016.88,5186.219999999999,4.5%,"SOL_INR_15m_ST1(12,4.0)+ST2(7,3.0)_SL1.5pct_1-3",2,1
SOL/INR,15m,2026-07-25 to 2026-09-24 (60D),5742,7,3.0,12,4.0,"ST1(7,3.0)+ST2(12,4.0)",1.5%,1:3,1%,1.5,3.0,"ST1(7,3.0)+ST2(12,4.0)",10000,9830.37,-169.63,-1.7,1341.0,13.41,205.236,-85.02,114.02,-85.02,171.03,-85.02,41.9,58.1,0.97,-1.61,105,44,61,0,2,2,1.5,1.5,0,0,0,0,76.18,1.5,5,0.5,5016.88,5186.219999999999,4.5%,"SOL_INR_15m_ST1(7,3.0)+ST2(12,4.0)_SL1.5pct_1-3",2,1
SOL/INR,15m,2026-07-25 to 2026-09-24 (60D),5742,7,4.0,7,2.0,"ST1(7,4.0)+ST2(7,2.0)",1.5%,1:3,1%,1.5,3.0,"ST1(7,4.0)+ST2(7,2.0)",10000,9830.06,-169.94,-1.7,1162.0,11.62,198.126,-80.22,110.07,-80.22,165.105,-80.22,41.24,58.76,0.96,-1.75,97,40,57,0,2,2,1.5,1.5,0,0,0,0,66.89,1.5,5,0.5,4402.799999999999,4572.54,4.5%,"SOL_INR_15m_ST1(7,4.0)+ST2(7,2.0)_SL1.5pct_1-3",2,1
SOL/INR,15m,2026-07-25 to 2026-09-24 (60D),5742,7,2.0,7,4.0,"ST1(7,2.0)+ST2(7,4.0)",1.5%,1:3,1%,1.5,3.0,"ST1(7,2.0)+ST2(7,4.0)",10000,9830.06,-169.94,-1.7,1162.0,11.62,198.126,-80.22,110.07,-80.22,165.105,-80.22,41.24,58.76,0.96,-1.75,97,40,57,0,2,2,1.5,1.5,0,0,0,0,66.89,1.5,5,0.5,4402.799999999999,4572.54,4.5%,"SOL_INR_15m_ST1(7,2.0)+ST2(7,4.0)_SL1.5pct_1-3",2,1
BTC/INR,30m,2026-07-25 to 2026-09-24 (60D),2872,14,4.0,10,3.5,"ST1(14,4.0)+ST2(10,3.5)",1.5%,1:3,1%,1.5,3.0,"ST1(14,4.0)+ST2(10,3.5)",10000,9829.6,-170.4,-1.7,990.0,9.9,178.74,-62.78,99.3,-62.78,148.95,-62.78,37.33,62.67,0.94,-2.27,75,28,47,0,2,2,1.5,1.5,0,0,0,0,67.99,1.5,5,0.5,2780.4,2950.66,4.5%,"BTC_INR_30m_ST1(14,4.0)+ST2(10,3.5)_SL1.5pct_1-3",0,2
BTC/INR,30m,2026-07-25 to 2026-09-24 (60D),2872,10,3.5,14,4.0,"ST1(10,3.5)+ST2(14,4.0)",1.5%,1:3,1%,1.5,3.0,"ST1(10,3.5)+ST2(14,4.0)",10000,9829.6,-170.4,-1.7,990.0,9.9,178.74,-62.78,99.3,-62.78,148.95,-62.78,37.33,62.67,0.94,-2.27,75,28,47,0,2,2,1.5,1.5,0,0,0,0,67.99,1.5,5,0.5,2780.4,2950.66,4.5%,"BTC_INR_30m_ST1(10,3.5)+ST2(14,4.0)_SL1.5pct_1-3",0,2
BTC/INR,30m,2026-07-25 to 2026-09-24 (60D),2872,14,3.0,7,4.0,"ST1(14,3.0)+ST2(7,4.0)",1.5%,1:3,1%,1.5,3.0,"ST1(14,3.0)+ST2(7,4.0)",10000,9828.95,-171.05,-1.71,852.0,8.52,172.638,-66.43,95.91,-66.43,143.865,-66.43,39.44,60.56,0.94,-2.41,71,28,43,0,2,2,1.5,1.5,0,0,0,0,61.72,1.5,5,0.5,2685.48,2856.49,4.5%,"BTC_INR_30m_ST1(14,3.0)+ST2(7,4.0)_SL1.5pct_1-3",0,2
BTC/INR,30m,2026-07-25 to 2026-09-24 (60D),2872,7,4.0,14,3.0,"ST1(7,4.0)+ST2(14,3.0)",1.5%,1:3,1%,1.5,3.0,"ST1(7,4.0)+ST2(14,3.0)",10000,9828.95,-171.05,-1.71,852.0,8.52,172.638,-66.43,95.91,-66.43,143.865,-66.43,39.44,60.56,0.94,-2.41,71,28,43,0,2,2,1.5,1.5,0,0,0,0,61.72,1.5,5,0.5,2685.48,2856.49,4.5%,"BTC_INR_30m_ST1(7,4.0)+ST2(14,3.0)_SL1.5pct_1-3",0,2
SOL/INR,15m,2026-07-25 to 2026-09-24 (60D),5742,10,3.0,12,3.0,"ST1(10,3.0)+ST2(12,3.0)",1.5%,1:3,1%,1.5,3.0,"ST1(10,3.0)+ST2(12,3.0)",10000,9827.35,-172.65,-1.73,1459.0,14.59,209.898,-82.87,116.61,-82.87,174.915,-82.87,40.74,59.26,0.97,-1.6,108,44,64,0,2,2,1.5,1.5,0,0,0,0,74.8,1.5,5,0.5,5130.84,5303.68,4.5%,"SOL_INR_15m_ST1(10,3.0)+ST2(12,3.0)_SL1.5pct_1-3",2,1
SOL/INR,15m,2026-07-25 to 2026-09-24 (60D),5742,12,3.0,10,3.0,"ST1(12,3.0)+ST2(10,3.0)",1.5%,1:3,1%,1.5,3.0,"ST1(12,3.0)+ST2(10,3.0)",10000,9827.35,-172.65,-1.73,1459.0,14.59,209.898,-82.87,116.61,-82.87,174.915,-82.87,40.74,59.26,0.97,-1.6,108,44,64,0,2,2,1.5,1.5,0,0,0,0,74.8,1.5,5,0.5,5130.84,5303.68,4.5%,"SOL_INR_15m_ST1(12,3.0)+ST2(10,3.0)_SL1.5pct_1-3",2,1
BTC/INR,15m,2026-07-25 to 2026-09-24 (60D),5742,7,4.0,12,2.0,"ST1(7,4.0)+ST2(12,2.0)",1.5%,1:3,1%,1.5,3.0,"ST1(7,4.0)+ST2(12,2.0)",10000,9824.6,-175.4,-1.75,1038.0,10.38,157.716,-67.12,87.62,-67.12,131.43,-67.12,41.98,58.02,0.94,-2.17,81,34,47,0,2,2,1.5,1.5,0,0,0,0,74.02,1.5,5,0.5,2979.08,3154.6400000000003,4.5%,"BTC_INR_15m_ST1(7,4.0)+ST2(12,2.0)_SL1.5pct_1-3",0,1
BTC/INR,15m,2026-07-25 to 2026-09-24 (60D),5742,12,2.0,7,4.0,"ST1(12,2.0)+ST2(7,4.0)",1.5%,1:3,1%,1.5,3.0,"ST1(12,2.0)+ST2(7,4.0)",10000,9824.6,-175.4,-1.75,1038.0,10.38,157.716,-67.12,87.62,-67.12,131.43,-67.12,41.98,58.02,0.94,-2.17,81,34,47,0,2,2,1.5,1.5,0,0,0,0,74.02,1.5,5,0.5,2979.08,3154.6400000000003,4.5%,"BTC_INR_15m_ST1(12,2.0)+ST2(7,4.0)_SL1.5pct_1-3",0,1
BTC/INR,30m,2026-07-25 to 2026-09-24 (60D),2872,12,3.5,14,4.0,"ST1(12,3.5)+ST2(14,4.0)",1.5%,1:3,1%,1.5,3.0,"ST1(12,3.5)+ST2(14,4.0)",10000,9821.11,-178.89,-1.79,963.0,9.63,178.27200000000002,-62.81,99.04,-62.81,148.56,-62.81,37.33,62.67,0.94,-2.39,75,28,47,0,2,2,1.5,1.5,0,0,0,0,68.58,1.5,5,0.5,2773.1200000000003,2952.07,4.5%,"BTC_INR_30m_ST1(12,3.5)+ST2(14,4.0)_SL1.5pct_1-3",0,2
BTC/INR,30m,2026-07-25 to 2026-09-24 (60D),2872,14,4.0,12,3.5,"ST1(14,4.0)+ST2(12,3.5)",1.5%,1:3,1%,1.5,3.0,"ST1(14,4.0)+ST2(12,3.5)",10000,9821.11,-178.89,-1.79,963.0,9.63,178.27200000000002,-62.81,99.04,-62.81,148.56,-62.81,37.33,62.67,0.94,-2.39,75,28,47,0,2,2,1.5,1.5,0,0,0,0,68.58,1.5,5,0.5,2773.1200000000003,2952.07,4.5%,"BTC_INR_30m_ST1(14,4.0)+ST2(12,3.5)_SL1.5pct_1-3",0,2
BTC/INR,15m,2026-07-25 to 2026-09-24 (60D),5742,7,2.0,7,3.0,"ST1(7,2.0)+ST2(7,3.0)",1.5%,1:3,1%,1.5,3.0,"ST1(7,2.0)+ST2(7,3.0)",10000,9818.79,-181.21,-1.81,916.0,9.16,168.03,-63.37,93.35,-63.37,140.02499999999998,-63.37,39.02,60.98,0.94,-2.21,82,32,50,0,2,2,1.5,1.5,0,0,0,0,77.2,1.5,5,0.5,2987.2,3168.5,4.5%,"BTC_INR_15m_ST1(7,2.0)+ST2(7,3.0)_SL1.5pct_1-3",0,1
BTC/INR,15m,2026-07-25 to 2026-09-24 (60D),5742,7,3.0,7,2.0,"ST1(7,3.0)+ST2(7,2.0)",1.5%,1:3,1%,1.5,3.0,"ST1(7,3.0)+ST2(7,2.0)",10000,9818.79,-181.21,-1.81,916.0,9.16,168.03,-63.37,93.35,-63.37,140.02499999999998,-63.37,39.02,60.98,0.94,-2.21,82,32,50,0,2,2,1.5,1.5,0,0,0,0,77.2,1.5,5,0.5,2987.2,3168.5,4.5%,"BTC_INR_15m_ST1(7,3.0)+ST2(7,2.0)_SL1.5pct_1-3",0,1
SOL/INR,15m,2026-07-25 to 2026-09-24 (60D),5742,10,3.0,10,3.5,"ST1(10,3.0)+ST2(10,3.5)",1.5%,1:3,1%,1.5,3.0,"ST1(10,3.0)+ST2(10,3.5)",10000,9817.25,-182.75,-1.83,1300.0,13.0,213.75,-82.07,118.75,-82.07,178.125,-82.07,40.0,60.0,0.96,-1.74,105,42,63,0,2,2,1.5,1.5,0,0,0,0,75.62,1.5,5,0.5,4987.5,5170.41,4.5%,"SOL_INR_15m_ST1(10,3.0)+ST2(10,3.5)_SL1.5pct_1-3",2,1
SOL/INR,15m,2026-07-25 to 2026-09-24 (60D),5742,10,3.5,10,3.0,"ST1(10,3.5)+ST2(10,3.0)",1.5%,1:3,1%,1.5,3.0,"ST1(10,3.5)+ST2(10,3.0)",10000,9817.25,-182.75,-1.83,1300.0,13.0,213.75,-82.07,118.75,-82.07,178.125,-82.07,40.0,60.0,0.96,-1.74,105,42,63,0,2,2,1.5,1.5,0,0,0,0,75.62,1.5,5,0.5,4987.5,5170.41,4.5%,"SOL_INR_15m_ST1(10,3.5)+ST2(10,3.0)_SL1.5pct_1-3",2,1
SOL/INR,15m,2026-07-25 to 2026-09-24 (60D),5742,7,2.0,12,3.5,"ST1(7,2.0)+ST2(12,3.5)",1.5%,1:3,1%,1.5,3.0,"ST1(7,2.0)+ST2(12,3.5)",10000,9815.26,-184.74,-1.85,1517.0,15.17,204.498,-82.08,113.61,-82.08,170.415,-82.08,41.0,59.0,0.96,-1.85,100,41,59,0,2,2,1.5,1.5,0,0,0,0,69.02,1.5,5,0.5,4658.01,4842.72,4.5%,"SOL_INR_15m_ST1(7,2.0)+ST2(12,3.5)_SL1.5pct_1-3",2,1
SOL/INR,15m,2026-07-25 to 2026-09-24 (60D),5742,12,3.5,7,2.0,"ST1(12,3.5)+ST2(7,2.0)",1.5%,1:3,1%,1.5,3.0,"ST1(12,3.5)+ST2(7,2.0)",10000,9815.26,-184.74,-1.85,1517.0,15.17,204.498,-82.08,113.61,-82.08,170.415,-82.08,41.0,59.0,0.96,-1.85,100,41,59,0,2,2,1.5,1.5,0,0,0,0,69.02,1.5,5,0.5,4658.01,4842.72,4.5%,"SOL_INR_15m_ST1(12,3.5)+ST2(7,2.0)_SL1.5pct_1-3",2,1
BTC/INR,15m,2026-07-25 to 2026-09-24 (60D),5742,12,4.0,10,2.0,"ST1(12,4.0)+ST2(10,2.0)",1.5%,1:3,1%,1.5,3.0,"ST1(12,4.0)+ST2(10,2.0)",10000,9814.7,-185.3,-1.85,1096.0,10.96,155.052,-66.26,86.14,-66.26,129.21,-66.26,41.98,58.02,0.94,-2.29,81,34,47,0,2,2,1.5,1.5,0,0,0,0,73.6,1.5,5,0.5,2928.76,3114.2200000000003,4.5%,"BTC_INR_15m_ST1(12,4.0)+ST2(10,2.0)_SL1.5pct_1-3",0,1
BTC/INR,15m,2026-07-25 to 2026-09-24 (60D),5742,10,2.0,12,4.0,"ST1(10,2.0)+ST2(12,4.0)",1.5%,1:3,1%,1.5,3.0,"ST1(10,2.0)+ST2(12,4.0)",10000,9814.7,-185.3,-1.85,1096.0,10.96,155.052,-66.26,86.14,-66.26,129.21,-66.26,41.98,58.02,0.94,-2.29,81,34,47,0,2,2,1.5,1.5,0,0,0,0,73.6,1.5,5,0.5,2928.76,3114.2200000000003,4.5%,"BTC_INR_15m_ST1(10,2.0)+ST2(12,4.0)_SL1.5pct_1-3",0,1
BTC/INR,15m,2026-07-25 to 2026-09-24 (60D),5742,10,3.0,14,3.5,"ST1(10,3.0)+ST2(14,3.5)",1.5%,1:3,1%,1.5,3.0,"ST1(10,3.0)+ST2(14,3.5)",10000,9814.23,-185.77,-1.86,738.0,7.38,157.536,-64.98,87.52,-64.98,131.28,-64.98,41.18,58.82,0.94,-2.19,85,35,50,0,2,2,1.5,1.5,0,0,0,0,83.54,1.5,5,0.5,3063.2,3249.0,4.5%,"BTC_INR_15m_ST1(10,3.0)+ST2(14,3.5)_SL1.5pct_1-3",0,1
BTC/INR,15m,2026-07-25 to 2026-09-24 (60D),5742,14,3.5,10,3.0,"ST1(14,3.5)+ST2(10,3.0)",1.5%,1:3,1%,1.5,3.0,"ST1(14,3.5)+ST2(10,3.0)",10000,9814.23,-185.77,-1.86,738.0,7.38,157.536,-64.98,87.52,-64.98,131.28,-64.98,41.18,58.82,0.94,-2.19,85,35,50,0,2,2,1.5,1.5,0,0,0,0,83.54,1.5,5,0.5,3063.2,3249.0,4.5%,"BTC_INR_15m_ST1(14,3.5)+ST2(10,3.0)_SL1.5pct_1-3",0,1
SOL/INR,15m,2026-07-25 to 2026-09-24 (60D),5742,12,3.5,10,2.0,"ST1(12,3.5)+ST2(10,2.0)",1.5%,1:3,1%,1.5,3.0,"ST1(12,3.5)+ST2(10,2.0)",10000,9814.17,-185.83,-1.86,1359.0,13.59,204.192,-83.4,113.44,-83.4,170.16,-83.4,41.41,58.59,0.96,-1.88,99,41,58,0,2,2,1.5,1.5,0,0,0,0,68.97,1.5,5,0.5,4651.04,4837.200000000001,4.5%,"SOL_INR_15m_ST1(12,3.5)+ST2(10,2.0)_SL1.5pct_1-3",2,1
SOL/INR,15m,2026-07-25 to 2026-09-24 (60D),5742,10,2.0,12,3.5,"ST1(10,2.0)+ST2(12,3.5)",1.5%,1:3,1%,1.5,3.0,"ST1(10,2.0)+ST2(12,3.5)",10000,9814.17,-185.83,-1.86,1359.0,13.59,204.192,-83.4,113.44,-83.4,170.16,-83.4,41.41,58.59,0.96,-1.88,99,41,58,0,2,2,1.5,1.5,0,0,0,0,68.97,1.5,5,0.5,4651.04,4837.200000000001,4.5%,"SOL_INR_15m_ST1(10,2.0)+ST2(12,3.5)_SL1.5pct_1-3",2,1
BTC/INR,15m,2026-07-25 to 2026-09-24 (60D),5742,7,3.0,10,3.5,"ST1(7,3.0)+ST2(10,3.5)",1.5%,1:3,1%,1.5,3.0,"ST1(7,3.0)+ST2(10,3.5)",10000,9813.73,-186.27,-1.86,767.0,7.67,156.726,-64.67,87.07,-64.67,130.605,-64.67,41.18,58.82,0.94,-2.19,85,35,50,0,2,2,1.5,1.5,0,0,0,0,81.68,1.5,5,0.5,3047.45,3233.5,4.5%,"BTC_INR_15m_ST1(7,3.0)+ST2(10,3.5)_SL1.5pct_1-3",0,1
BTC/INR,15m,2026-07-25 to 2026-09-24 (60D),5742,10,3.5,7,3.0,"ST1(10,3.5)+ST2(7,3.0)",1.5%,1:3,1%,1.5,3.0,"ST1(10,3.5)+ST2(7,3.0)",10000,9813.73,-186.27,-1.86,767.0,7.67,156.726,-64.67,87.07,-64.67,130.605,-64.67,41.18,58.82,0.94,-2.19,85,35,50,0,2,2,1.5,1.5,0,0,0,0,81.68,1.5,5,0.5,3047.45,3233.5,4.5%,"BTC_INR_15m_ST1(10,3.5)+ST2(7,3.0)_SL1.5pct_1-3",0,1
SOL/INR,15m,2026-07-25 to 2026-09-24 (60D),5742,12,3.5,12,3.0,"ST1(12,3.5)+ST2(12,3.0)",1.5%,1:3,1%,1.5,3.0,"ST1(12,3.5)+ST2(12,3.0)",10000,9813.61,-186.39,-1.86,1449.0,14.49,223.632,-81.24,124.24,-81.24,186.36,-81.24,38.68,61.32,0.96,-1.76,106,41,65,0,2,2,1.5,1.5,0,0,0,0,73.89,1.5,5,0.5,5093.84,5280.599999999999,4.5%,"SOL_INR_15m_ST1(12,3.5)+ST2(12,3.0)_SL1.5pct_1-3",2,1
SOL/INR,15m,2026-07-25 to 2026-09-24 (60D),5742,12,3.0,12,3.5,"ST1(12,3.0)+ST2(12,3.5)",1.5%,1:3,1%,1.5,3.0,"ST1(12,3.0)+ST2(12,3.5)",10000,9813.61,-186.39,-1.86,1449.0,14.49,223.632,-81.24,124.24,-81.24,186.36,-81.24,38.68,61.32,0.96,-1.76,106,41,65,0,2,2,1.5,1.5,0,0,0,0,73.89,1.5,5,0.5,5093.84,5280.599999999999,4.5%,"SOL_INR_15m_ST1(12,3.0)+ST2(12,3.5)_SL1.5pct_1-3",2,1
BTC/INR,15m,2026-07-25 to 2026-09-24 (60D),5742,10,3.0,12,3.5,"ST1(10,3.0)+ST2(12,3.5)",1.5%,1:3,1%,1.5,3.0,"ST1(10,3.0)+ST2(12,3.5)",10000,9811.9,-188.1,-1.88,871.0,8.71,159.912,-65.95,88.84,-65.95,133.26,-65.95,41.18,58.82,0.94,-2.21,85,35,50,0,2,2,1.5,1.5,0,0,0,0,82.93,1.5,5,0.5,3109.4,3297.5,4.5%,"BTC_INR_15m_ST1(10,3.0)+ST2(12,3.5)_SL1.5pct_1-3",0,1
BTC/INR,15m,2026-07-25 to 2026-09-24 (60D),5742,12,3.5,10,3.0,"ST1(12,3.5)+ST2(10,3.0)",1.5%,1:3,1%,1.5,3.0,"ST1(12,3.5)+ST2(10,3.0)",10000,9811.9,-188.1,-1.88,871.0,8.71,159.912,-65.95,88.84,-65.95,133.26,-65.95,41.18,58.82,0.94,-2.21,85,35,50,0,2,2,1.5,1.5,0,0,0,0,82.93,1.5,5,0.5,3109.4,3297.5,4.5%,"BTC_INR_15m_ST1(12,3.5)+ST2(10,3.0)_SL1.5pct_1-3",0,1
BTC/INR,15m,2026-07-25 to 2026-09-24 (60D),5742,10,3.5,10,3.0,"ST1(10,3.5)+ST2(10,3.0)",1.5%,1:3,1%,1.5,3.0,"ST1(10,3.5)+ST2(10,3.0)",10000,9810.62,-189.38,-1.89,872.0,8.72,159.912,-65.97,88.84,-65.97,133.26,-65.97,41.18,58.82,0.94,-2.23,85,35,50,0,2,2,1.5,1.5,0,0,0,0,81.26,1.5,5,0.5,3109.4,3298.5,4.5%,"BTC_INR_15m_ST1(10,3.5)+ST2(10,3.0)_SL1.5pct_1-3",0,1
BTC/INR,15m,2026-07-25 to 2026-09-24 (60D),5742,10,3.0,10,3.5,"ST1(10,3.0)+ST2(10,3.5)",1.5%,1:3,1%,1.5,3.0,"ST1(10,3.0)+ST2(10,3.5)",10000,9810.62,-189.38,-1.89,872.0,8.72,159.912,-65.97,88.84,-65.97,133.26,-65.97,41.18,58.82,0.94,-2.23,85,35,50,0,2,2,1.5,1.5,0,0,0,0,81.26,1.5,5,0.5,3109.4,3298.5,4.5%,"BTC_INR_15m_ST1(10,3.0)+ST2(10,3.5)_SL1.5pct_1-3",0,1
BTC/INR,30m,2026-07-25 to 2026-09-24 (60D),2872,7,2.0,14,4.0,"ST1(7,2.0)+ST2(14,4.0)",1.5%,1:3,1%,1.5,3.0,"ST1(7,2.0)+ST2(14,4.0)",10000,9809.32,-190.68,-1.91,889.0,8.89,165.222,-62.86,91.79,-62.86,137.685,-62.86,38.81,61.19,0.93,-2.85,67,26,41,0,2,2,1.5,1.5,0,0,0,0,54.75,1.5,5,0.5,2386.54,2577.26,4.5%,"BTC_INR_30m_ST1(7,2.0)+ST2(14,4.0)_SL1.5pct_1-3",0,2
BTC/INR,30m,2026-07-25 to 2026-09-24 (60D),2872,14,4.0,7,2.0,"ST1(14,4.0)+ST2(7,2.0)",1.5%,1:3,1%,1.5,3.0,"ST1(14,4.0)+ST2(7,2.0)",10000,9809.32,-190.68,-1.91,889.0,8.89,165.222,-62.86,91.79,-62.86,137.685,-62.86,38.81,61.19,0.93,-2.85,67,26,41,0,2,2,1.5,1.5,0,0,0,0,54.75,1.5,5,0.5,2386.54,2577.26,4.5%,"BTC_INR_30m_ST1(14,4.0)+ST2(7,2.0)_SL1.5pct_1-3",0,2
ETH/INR,30m,2026-07-25 to 2026-09-24 (60D),2872,10,3.0,10,2.0,"ST1(10,3.0)+ST2(10,2.0)",1.5%,1:3,1%,1.5,3.0,"ST1(10,3.0)+ST2(10,2.0)",10000,9805.25,-194.75,-1.95,955.0,9.55,199.206,-70.07,110.67,-70.07,166.005,-70.07,37.33,62.67,0.94,-2.6,75,28,47,0,2,2,1.5,1.5,0,0,0,0,61.02,1.5,5,0.5,3098.76,3293.2899999999995,4.5%,"ETH_INR_30m_ST1(10,3.0)+ST2(10,2.0)_SL1.5pct_1-3",1,2
ETH/INR,30m,2026-07-25 to 2026-09-24 (60D),2872,10,2.0,10,3.0,"ST1(10,2.0)+ST2(10,3.0)",1.5%,1:3,1%,1.5,3.0,"ST1(10,2.0)+ST2(10,3.0)",10000,9805.25,-194.75,-1.95,955.0,9.55,199.206,-70.07,110.67,-70.07,166.005,-70.07,37.33,62.67,0.94,-2.6,75,28,47,0,2,2,1.5,1.5,0,0,0,0,61.02,1.5,5,0.5,3098.76,3293.2899999999995,4.5%,"ETH_INR_30m_ST1(10,2.0)+ST2(10,3.0)_SL1.5pct_1-3",1,2
ETH/INR,30m,2026-07-25 to 2026-09-24 (60D),2872,14,3.0,10,2.0,"ST1(14,3.0)+ST2(10,2.0)",1.5%,1:3,1%,1.5,3.0,"ST1(14,3.0)+ST2(10,2.0)",10000,9804.58,-195.42,-1.95,955.0,9.55,204.102,-69.3,113.39,-69.3,170.085,-69.3,36.49,63.51,0.94,-2.64,74,27,47,0,2,2,1.5,1.5,0,0,0,0,61.62,1.5,5,0.5,3061.53,3257.1,4.5%,"ETH_INR_30m_ST1(14,3.0)+ST2(10,2.0)_SL1.5pct_1-3",1,2
ETH/INR,30m,2026-07-25 to 2026-09-24 (60D),2872,10,2.0,14,3.0,"ST1(10,2.0)+ST2(14,3.0)",1.5%,1:3,1%,1.5,3.0,"ST1(10,2.0)+ST2(14,3.0)",10000,9804.58,-195.42,-1.95,955.0,9.55,204.102,-69.3,113.39,-69.3,170.085,-69.3,36.49,63.51,0.94,-2.64,74,27,47,0,2,2,1.5,1.5,0,0,0,0,61.62,1.5,5,0.5,3061.53,3257.1,4.5%,"ETH_INR_30m_ST1(10,2.0)+ST2(14,3.0)_SL1.5pct_1-3",1,2
BTC/INR,30m,2026-07-25 to 2026-09-24 (60D),2872,10,3.5,10,4.0,"ST1(10,3.5)+ST2(10,4.0)",1.5%,1:3,1%,1.5,3.0,"ST1(10,3.5)+ST2(10,4.0)",10000,9803.23,-196.77,-1.97,975.0,9.75,179.442,-63.57,99.69,-63.57,149.535,-63.57,37.33,62.67,0.93,-2.62,75,28,47,0,2,2,1.5,1.5,0,0,0,0,66.6,1.5,5,0.5,2791.32,2987.79,4.5%,"BTC_INR_30m_ST1(10,3.5)+ST2(10,4.0)_SL1.5pct_1-3",0,2
BTC/INR,30m,2026-07-25 to 2026-09-24 (60D),2872,10,4.0,10,3.5,"ST1(10,4.0)+ST2(10,3.5)",1.5%,1:3,1%,1.5,3.0,"ST1(10,4.0)+ST2(10,3.5)",10000,9803.23,-196.77,-1.97,975.0,9.75,179.442,-63.57,99.69,-63.57,149.535,-63.57,37.33,62.67,0.93,-2.62,75,28,47,0,2,2,1.5,1.5,0,0,0,0,66.6,1.5,5,0.5,2791.32,2987.79,4.5%,"BTC_INR_30m_ST1(10,4.0)+ST2(10,3.5)_SL1.5pct_1-3",0,2
BTC/INR,30m,2026-07-25 to 2026-09-24 (60D),2872,7,4.0,12,3.0,"ST1(7,4.0)+ST2(12,3.0)",1.5%,1:3,1%,1.5,3.0,"ST1(7,4.0)+ST2(12,3.0)",10000,9802.1,-197.9,-1.98,852.0,8.52,172.22400000000002,-65.38,95.68,-65.38,143.52,-65.38,38.89,61.11,0.93,-2.75,72,28,44,0,2,2,1.5,1.5,0,0,0,0,63.39,1.5,5,0.5,2679.04,2876.72,4.5%,"BTC_INR_30m_ST1(7,4.0)+ST2(12,3.0)_SL1.5pct_1-3",0,2
BTC/INR,30m,2026-07-25 to 2026-09-24 (60D),2872,12,3.0,7,4.0,"ST1(12,3.0)+ST2(7,4.0)",1.5%,1:3,1%,1.5,3.0,"ST1(12,3.0)+ST2(7,4.0)",10000,9802.1,-197.9,-1.98,852.0,8.52,172.22400000000002,-65.38,95.68,-65.38,143.52,-65.38,38.89,61.11,0.93,-2.75,72,28,44,0,2,2,1.5,1.5,0,0,0,0,63.39,1.5,5,0.5,2679.04,2876.72,4.5%,"BTC_INR_30m_ST1(12,3.0)+ST2(7,4.0)_SL1.5pct_1-3",0,2
BTC/INR,30m,2026-07-25 to 2026-09-24 (60D),2872,7,2.0,10,3.5,"ST1(7,2.0)+ST2(10,3.5)",1.5%,1:3,1%,1.5,3.0,"ST1(7,2.0)+ST2(10,3.5)",10000,9797.63,-202.37,-2.02,835.0,8.35,168.066,-61.16,93.37,-61.16,140.055,-61.16,37.68,62.32,0.92,-2.93,69,26,43,0,2,2,1.5,1.5,0,0,0,0,57.78,1.5,5,0.5,2427.62,2629.88,4.5%,"BTC_INR_30m_ST1(7,2.0)+ST2(10,3.5)_SL1.5pct_1-3",0,2
BTC/INR,30m,2026-07-25 to 2026-09-24 (60D),2872,10,3.5,7,2.0,"ST1(10,3.5)+ST2(7,2.0)",1.5%,1:3,1%,1.5,3.0,"ST1(10,3.5)+ST2(7,2.0)",10000,9797.63,-202.37,-2.02,835.0,8.35,168.066,-61.16,93.37,-61.16,140.055,-61.16,37.68,62.32,0.92,-2.93,69,26,43,0,2,2,1.5,1.5,0,0,0,0,57.78,1.5,5,0.5,2427.62,2629.88,4.5%,"BTC_INR_30m_ST1(10,3.5)+ST2(7,2.0)_SL1.5pct_1-3",0,2
ETH/INR,30m,2026-07-25 to 2026-09-24 (60D),2872,12,3.0,10,3.0,"ST1(12,3.0)+ST2(10,3.0)",1.5%,1:3,1%,1.5,3.0,"ST1(12,3.0)+ST2(10,3.0)",10000,9795.64,-204.36,-2.04,997.0,9.97,194.364,-70.28,107.98,-70.28,161.97,-70.28,37.97,62.03,0.94,-2.59,79,30,49,0,2,2,1.5,1.5,0,0,0,0,66.14,1.5,5,0.5,3239.4,3443.7200000000003,4.5%,"ETH_INR_30m_ST1(12,3.0)+ST2(10,3.0)_SL1.5pct_1-3",1,2
ETH/INR,30m,2026-07-25 to 2026-09-24 (60D),2872,10,3.0,12,3.0,"ST1(10,3.0)+ST2(12,3.0)",1.5%,1:3,1%,1.5,3.0,"ST1(10,3.0)+ST2(12,3.0)",10000,9795.64,-204.36,-2.04,997.0,9.97,194.364,-70.28,107.98,-70.28,161.97,-70.28,37.97,62.03,0.94,-2.59,79,30,49,0,2,2,1.5,1.5,0,0,0,0,66.14,1.5,5,0.5,3239.4,3443.7200000000003,4.5%,"ETH_INR_30m_ST1(10,3.0)+ST2(12,3.0)_SL1.5pct_1-3",1,2
BTC/INR,30m,2026-07-25 to 2026-09-24 (60D),2872,10,4.0,12,3.5,"ST1(10,4.0)+ST2(12,3.5)",1.5%,1:3,1%,1.5,3.0,"ST1(10,4.0)+ST2(12,3.5)",10000,9794.76,-205.24,-2.05,949.0,9.49,178.97400000000002,-63.6,99.43,-63.6,149.145,-63.6,37.33,62.67,0.93,-2.74,75,28,47,0,2,2,1.5,1.5,0,0,0,0,67.19,1.5,5,0.5,2784.04,2989.2000000000003,4.5%,"BTC_INR_30m_ST1(10,4.0)+ST2(12,3.5)_SL1.5pct_1-3",0,2
BTC/INR,30m,2026-07-25 to 2026-09-24 (60D),2872,12,3.5,10,4.0,"ST1(12,3.5)+ST2(10,4.0)",1.5%,1:3,1%,1.5,3.0,"ST1(12,3.5)+ST2(10,4.0)",10000,9794.76,-205.24,-2.05,949.0,9.49,178.97400000000002,-63.6,99.43,-63.6,149.145,-63.6,37.33,62.67,0.93,-2.74,75,28,47,0,2,2,1.5,1.5,0,0,0,0,67.19,1.5,5,0.5,2784.04,2989.2000000000003,4.5%,"BTC_INR_30m_ST1(12,3.5)+ST2(10,4.0)_SL1.5pct_1-3",0,2
BTC/INR,15m,2026-07-25 to 2026-09-24 (60D),5742,14,2.0,7,4.0,"ST1(14,2.0)+ST2(7,4.0)",1.5%,1:3,1%,1.5,3.0,"ST1(14,2.0)+ST2(7,4.0)",10000,9792.55,-207.45,-2.07,1077.0,10.77,161.964,-66.19,89.98,-66.19,134.97,-66.19,40.74,59.26,0.93,-2.56,81,33,48,0,2,2,1.5,1.5,0,0,0,0,72.62,1.5,5,0.5,2969.34,3177.12,4.5%,"BTC_INR_15m_ST1(14,2.0)+ST2(7,4.0)_SL1.5pct_1-3",0,1
BTC/INR,15m,2026-07-25 to 2026-09-24 (60D),5742,7,4.0,14,2.0,"ST1(7,4.0)+ST2(14,2.0)",1.5%,1:3,1%,1.5,3.0,"ST1(7,4.0)+ST2(14,2.0)",10000,9792.55,-207.45,-2.07,1077.0,10.77,161.964,-66.19,89.98,-66.19,134.97,-66.19,40.74,59.26,0.93,-2.56,81,33,48,0,2,2,1.5,1.5,0,0,0,0,72.62,1.5,5,0.5,2969.34,3177.12,4.5%,"BTC_INR_15m_ST1(7,4.0)+ST2(14,2.0)_SL1.5pct_1-3",0,1
BTC/INR,15m,2026-07-25 to 2026-09-24 (60D),5742,10,3.5,14,3.5,"ST1(10,3.5)+ST2(14,3.5)",1.5%,1:3,1%,1.5,3.0,"ST1(10,3.5)+ST2(14,3.5)",10000,9792.25,-207.75,-2.08,960.0,9.6,158.04,-68.75,87.8,-68.75,131.7,-68.75,42.35,57.65,0.94,-2.44,85,36,49,0,2,2,1.5,1.5,0,0,0,0,81.89,1.5,5,0.5,3160.8,3368.75,4.5%,"BTC_INR_15m_ST1(10,3.5)+ST2(14,3.5)_SL1.5pct_1-3",0,1
BTC/INR,15m,2026-07-25 to 2026-09-24 (60D),5742,14,3.5,10,3.5,"ST1(14,3.5)+ST2(10,3.5)",1.5%,1:3,1%,1.5,3.0,"ST1(14,3.5)+ST2(10,3.5)",10000,9792.25,-207.75,-2.08,960.0,9.6,158.04,-68.75,87.8,-68.75,131.7,-68.75,42.35,57.65,0.94,-2.44,85,36,49,0,2,2,1.5,1.5,0,0,0,0,81.89,1.5,5,0.5,3160.8,3368.75,4.5%,"BTC_INR_15m_ST1(14,3.5)+ST2(10,3.5)_SL1.5pct_1-3",0,1
BTC/INR,30m,2026-07-25 to 2026-09-24 (60D),2872,12,4.0,7,3.5,"ST1(12,4.0)+ST2(7,3.5)",1.5%,1:3,1%,1.5,3.0,"ST1(12,4.0)+ST2(7,3.5)",10000,9791.29,-208.71,-2.09,936.0,9.36,175.32000000000002,-64.53,97.4,-64.53,146.10000000000002,-64.53,38.16,61.84,0.93,-2.75,76,29,47,0,2,2,1.5,1.5,0,0,0,0,69.73,1.5,5,0.5,2824.6000000000004,3032.91,4.5%,"BTC_INR_30m_ST1(12,4.0)+ST2(7,3.5)_SL1.5pct_1-3",0,2
BTC/INR,30m,2026-07-25 to 2026-09-24 (60D),2872,7,3.5,12,4.0,"ST1(7,3.5)+ST2(12,4.0)",1.5%,1:3,1%,1.5,3.0,"ST1(7,3.5)+ST2(12,4.0)",10000,9791.29,-208.71,-2.09,936.0,9.36,175.32000000000002,-64.53,97.4,-64.53,146.10000000000002,-64.53,38.16,61.84,0.93,-2.75,76,29,47,0,2,2,1.5,1.5,0,0,0,0,69.73,1.5,5,0.5,2824.6000000000004,3032.91,4.5%,"BTC_INR_30m_ST1(7,3.5)+ST2(12,4.0)_SL1.5pct_1-3",0,2
BTC/INR,30m,2026-07-25 to 2026-09-24 (60D),2872,12,3.5,7,2.0,"ST1(12,3.5)+ST2(7,2.0)",1.5%,1:3,1%,1.5,3.0,"ST1(12,3.5)+ST2(7,2.0)",10000,9791.18,-208.82,-2.09,857.0,8.57,168.21,-61.36,93.45,-61.36,140.175,-61.36,37.68,62.32,0.92,-3.03,69,26,43,0,2,2,1.5,1.5,0,0,0,0,58.06,1.5,5,0.5,2429.7000000000003,2638.48,4.5%,"BTC_INR_30m_ST1(12,3.5)+ST2(7,2.0)_SL1.5pct_1-3",0,2
BTC/INR,30m,2026-07-25 to 2026-09-24 (60D),2872,7,2.0,12,3.5,"ST1(7,2.0)+ST2(12,3.5)",1.5%,1:3,1%,1.5,3.0,"ST1(7,2.0)+ST2(12,3.5)",10000,9791.18,-208.82,-2.09,857.0,8.57,168.21,-61.36,93.45,-61.36,140.175,-61.36,37.68,62.32,0.92,-3.03,69,26,43,0,2,2,1.5,1.5,0,0,0,0,58.06,1.5,5,0.5,2429.7000000000003,2638.48,4.5%,"BTC_INR_30m_ST1(7,2.0)+ST2(12,3.5)_SL1.5pct_1-3",0,2
BTC/INR,30m,2026-07-25 to 2026-09-24 (60D),2872,10,2.0,12,4.0,"ST1(10,2.0)+ST2(12,4.0)",1.5%,1:3,1%,1.5,3.0,"ST1(10,2.0)+ST2(12,4.0)",10000,9790.67,-209.33,-2.09,1019.0,10.19,175.824,-64.67,97.68,-64.67,146.52,-64.67,37.88,62.12,0.92,-3.17,66,25,41,0,2,2,1.5,1.5,0,0,0,0,52.39,1.5,5,0.5,2442.0,2651.4700000000003,4.5%,"BTC_INR_30m_ST1(10,2.0)+ST2(12,4.0)_SL1.5pct_1-3",0,2
BTC/INR,30m,2026-07-25 to 2026-09-24 (60D),2872,12,4.0,10,2.0,"ST1(12,4.0)+ST2(10,2.0)",1.5%,1:3,1%,1.5,3.0,"ST1(12,4.0)+ST2(10,2.0)",10000,9790.67,-209.33,-2.09,1019.0,10.19,175.824,-64.67,97.68,-64.67,146.52,-64.67,37.88,62.12,0.92,-3.17,66,25,41,0,2,2,1.5,1.5,0,0,0,0,52.39,1.5,5,0.5,2442.0,2651.4700000000003,4.5%,"BTC_INR_30m_ST1(12,4.0)+ST2(10,2.0)_SL1.5pct_1-3",0,2
SOL/INR,15m,2026-07-25 to 2026-09-24 (60D),5742,14,3.0,14,3.5,"ST1(14,3.0)+ST2(14,3.5)",1.5%,1:3,1%,1.5,3.0,"ST1(14,3.0)+ST2(14,3.5)",10000,9786.67,-213.33,-2.13,1459.0,14.59,223.506,-81.61,124.17,-81.61,186.255,-81.61,38.68,61.32,0.96,-2.01,106,41,65,0,2,2,1.5,1.5,0,0,0,0,73.91,1.5,5,0.5,5090.97,5304.65,4.5%,"SOL_INR_15m_ST1(14,3.0)+ST2(14,3.5)_SL1.5pct_1-3",2,1
SOL/INR,15m,2026-07-25 to 2026-09-24 (60D),5742,14,3.5,14,3.0,"ST1(14,3.5)+ST2(14,3.0)",1.5%,1:3,1%,1.5,3.0,"ST1(14,3.5)+ST2(14,3.0)",10000,9786.67,-213.33,-2.13,1459.0,14.59,223.506,-81.61,124.17,-81.61,186.255,-81.61,38.68,61.32,0.96,-2.01,106,41,65,0,2,2,1.5,1.5,0,0,0,0,73.91,1.5,5,0.5,5090.97,5304.65,4.5%,"SOL_INR_15m_ST1(14,3.5)+ST2(14,3.0)_SL1.5pct_1-3",2,1
SOL/INR,15m,2026-07-25 to 2026-09-24 (60D),5742,14,2.0,7,4.0,"ST1(14,2.0)+ST2(7,4.0)",1.5%,1:3,1%,1.5,3.0,"ST1(14,2.0)+ST2(7,4.0)",10000,9786.16,-213.84,-2.14,1190.0,11.9,199.188,-81.91,110.66,-81.91,165.99,-81.91,41.41,58.59,0.95,-2.16,99,41,58,0,2,2,1.5,1.5,0,0,0,0,67.89,1.5,5,0.5,4537.06,4750.78,4.5%,"SOL_INR_15m_ST1(14,2.0)+ST2(7,4.0)_SL1.5pct_1-3",2,1
SOL/INR,15m,2026-07-25 to 2026-09-24 (60D),5742,7,4.0,14,2.0,"ST1(7,4.0)+ST2(14,2.0)",1.5%,1:3,1%,1.5,3.0,"ST1(7,4.0)+ST2(14,2.0)",10000,9786.16,-213.84,-2.14,1190.0,11.9,199.188,-81.91,110.66,-81.91,165.99,-81.91,41.41,58.59,0.95,-2.16,99,41,58,0,2,2,1.5,1.5,0,0,0,0,67.89,1.5,5,0.5,4537.06,4750.78,4.5%,"SOL_INR_15m_ST1(7,4.0)+ST2(14,2.0)_SL1.5pct_1-3",2,1
SOL/INR,15m,2026-07-25 to 2026-09-24 (60D),5742,12,3.0,7,3.0,"ST1(12,3.0)+ST2(7,3.0)",1.5%,1:3,1%,1.5,3.0,"ST1(12,3.0)+ST2(7,3.0)",10000,9782.09,-217.91,-2.18,1452.0,14.52,216.198,-82.81,120.11,-82.81,180.165,-82.81,39.81,60.19,0.96,-2.02,108,43,65,0,2,2,1.5,1.5,0,0,0,0,75.84,1.5,5,0.5,5164.73,5382.650000000001,4.5%,"SOL_INR_15m_ST1(12,3.0)+ST2(7,3.0)_SL1.5pct_1-3",2,1
SOL/INR,15m,2026-07-25 to 2026-09-24 (60D),5742,7,3.0,12,3.0,"ST1(7,3.0)+ST2(12,3.0)",1.5%,1:3,1%,1.5,3.0,"ST1(7,3.0)+ST2(12,3.0)",10000,9782.09,-217.91,-2.18,1452.0,14.52,216.198,-82.81,120.11,-82.81,180.165,-82.81,39.81,60.19,0.96,-2.02,108,43,65,0,2,2,1.5,1.5,0,0,0,0,75.84,1.5,5,0.5,5164.73,5382.650000000001,4.5%,"SOL_INR_15m_ST1(7,3.0)+ST2(12,3.0)_SL1.5pct_1-3",2,1
SOL/INR,15m,2026-07-25 to 2026-09-24 (60D),5742,7,3.5,10,3.0,"ST1(7,3.5)+ST2(10,3.0)",1.5%,1:3,1%,1.5,3.0,"ST1(7,3.5)+ST2(10,3.0)",10000,9779.03,-220.97,-2.21,1413.0,14.13,207.558,-80.93,115.31,-80.93,172.965,-80.93,40.19,59.81,0.96,-2.07,107,43,64,0,2,2,1.5,1.5,0,0,0,0,75.58,1.5,5,0.5,4958.33,5179.52,4.5%,"SOL_INR_15m_ST1(7,3.5)+ST2(10,3.0)_SL1.5pct_1-3",2,1
SOL/INR,15m,2026-07-25 to 2026-09-24 (60D),5742,10,3.0,7,3.5,"ST1(10,3.0)+ST2(7,3.5)",1.5%,1:3,1%,1.5,3.0,"ST1(10,3.0)+ST2(7,3.5)",10000,9779.03,-220.97,-2.21,1413.0,14.13,207.558,-80.93,115.31,-80.93,172.965,-80.93,40.19,59.81,0.96,-2.07,107,43,64,0,2,2,1.5,1.5,0,0,0,0,75.58,1.5,5,0.5,4958.33,5179.52,4.5%,"SOL_INR_15m_ST1(10,3.0)+ST2(7,3.5)_SL1.5pct_1-3",2,1
BTC/INR,30m,2026-07-25 to 2026-09-24 (60D),2872,7,3.5,7,4.0,"ST1(7,3.5)+ST2(7,4.0)",1.5%,1:3,1%,1.5,3.0,"ST1(7,3.5)+ST2(7,4.0)",10000,9777.12,-222.88,-2.23,983.0,9.83,174.366,-63.17,96.87,-63.17,145.305,-63.17,37.66,62.34,0.93,-2.89,77,29,48,0,2,2,1.5,1.5,0,0,0,0,70.25,1.5,5,0.5,2809.23,3032.16,4.5%,"BTC_INR_30m_ST1(7,3.5)+ST2(7,4.0)_SL1.5pct_1-3",0,2
BTC/INR,30m,2026-07-25 to 2026-09-24 (60D),2872,7,4.0,7,3.5,"ST1(7,4.0)+ST2(7,3.5)",1.5%,1:3,1%,1.5,3.0,"ST1(7,4.0)+ST2(7,3.5)",10000,9777.12,-222.88,-2.23,983.0,9.83,174.366,-63.17,96.87,-63.17,145.305,-63.17,37.66,62.34,0.93,-2.89,77,29,48,0,2,2,1.5,1.5,0,0,0,0,70.25,1.5,5,0.5,2809.23,3032.16,4.5%,"BTC_INR_30m_ST1(7,4.0)+ST2(7,3.5)_SL1.5pct_1-3",0,2
BTC/INR,30m,2026-07-25 to 2026-09-24 (60D),2872,14,3.5,14,2.0,"ST1(14,3.5)+ST2(14,2.0)",1.5%,1:3,1%,1.5,3.0,"ST1(14,3.5)+ST2(14,2.0)",10000,9774.37,-225.63,-2.26,898.0,8.98,182.682,-68.2,101.49,-68.2,152.235,-68.2,38.24,61.76,0.92,-3.32,68,26,42,0,2,2,1.5,1.5,0,0,0,0,57.65,1.5,5,0.5,2638.74,2864.4,4.5%,"BTC_INR_30m_ST1(14,3.5)+ST2(14,2.0)_SL1.5pct_1-3",0,2
BTC/INR,30m,2026-07-25 to 2026-09-24 (60D),2872,14,2.0,14,3.5,"ST1(14,2.0)+ST2(14,3.5)",1.5%,1:3,1%,1.5,3.0,"ST1(14,2.0)+ST2(14,3.5)",10000,9774.37,-225.63,-2.26,898.0,8.98,182.682,-68.2,101.49,-68.2,152.235,-68.2,38.24,61.76,0.92,-3.32,68,26,42,0,2,2,1.5,1.5,0,0,0,0,57.65,1.5,5,0.5,2638.74,2864.4,4.5%,"BTC_INR_30m_ST1(14,2.0)+ST2(14,3.5)_SL1.5pct_1-3",0,2
BTC/INR,30m,2026-07-25 to 2026-09-24 (60D),2872,7,3.0,7,4.0,"ST1(7,3.0)+ST2(7,4.0)",1.5%,1:3,1%,1.5,3.0,"ST1(7,3.0)+ST2(7,4.0)",10000,9770.53,-229.47,-2.29,967.0,9.67,172.674,-64.79,95.93,-64.79,143.895,-64.79,38.36,61.64,0.92,-3.14,73,28,45,0,2,2,1.5,1.5,0,0,0,0,65.1,1.5,5,0.5,2686.04,2915.55,4.5%,"BTC_INR_30m_ST1(7,3.0)+ST2(7,4.0)_SL1.5pct_1-3",0,2
BTC/INR,30m,2026-07-25 to 2026-09-24 (60D),2872,7,4.0,7,3.0,"ST1(7,4.0)+ST2(7,3.0)",1.5%,1:3,1%,1.5,3.0,"ST1(7,4.0)+ST2(7,3.0)",10000,9770.53,-229.47,-2.29,967.0,9.67,172.674,-64.79,95.93,-64.79,143.895,-64.79,38.36,61.64,0.92,-3.14,73,28,45,0,2,2,1.5,1.5,0,0,0,0,65.1,1.5,5,0.5,2686.04,2915.55,4.5%,"BTC_INR_30m_ST1(7,4.0)+ST2(7,3.0)_SL1.5pct_1-3",0,2
SOL/INR,15m,2026-07-25 to 2026-09-24 (60D),5742,10,4.0,12,4.0,"ST1(10,4.0)+ST2(12,4.0)",1.5%,1:3,1%,1.5,3.0,"ST1(10,4.0)+ST2(12,4.0)",10000,9768.99,-231.01,-2.31,1296.0,12.96,207.0,-84.47,115.0,-84.47,172.5,-84.47,41.28,58.72,0.96,-2.12,109,45,64,0,2,2,1.5,1.5,0,0,0,0,78.65,1.5,5,0.5,5175.0,5406.08,4.5%,"SOL_INR_15m_ST1(10,4.0)+ST2(12,4.0)_SL1.5pct_1-3",2,1
SOL/INR,15m,2026-07-25 to 2026-09-24 (60D),5742,12,4.0,10,4.0,"ST1(12,4.0)+ST2(10,4.0)",1.5%,1:3,1%,1.5,3.0,"ST1(12,4.0)+ST2(10,4.0)",10000,9768.99,-231.01,-2.31,1296.0,12.96,207.0,-84.47,115.0,-84.47,172.5,-84.47,41.28,58.72,0.96,-2.12,109,45,64,0,2,2,1.5,1.5,0,0,0,0,78.65,1.5,5,0.5,5175.0,5406.08,4.5%,"SOL_INR_15m_ST1(12,4.0)+ST2(10,4.0)_SL1.5pct_1-3",2,1
SOL/INR,15m,2026-07-25 to 2026-09-24 (60D),5742,10,3.0,7,3.0,"ST1(10,3.0)+ST2(7,3.0)",1.5%,1:3,1%,1.5,3.0,"ST1(10,3.0)+ST2(7,3.0)",10000,9767.75,-232.25,-2.32,1424.0,14.24,216.702,-83.78,120.39,-83.78,180.585,-83.78,40.0,60.0,0.96,-2.11,110,44,66,0,2,2,1.5,1.5,0,0,0,0,75.93,1.5,5,0.5,5297.16,5529.4800000000005,4.5%,"SOL_INR_15m_ST1(10,3.0)+ST2(7,3.0)_SL1.5pct_1-3",2,1
SOL/INR,15m,2026-07-25 to 2026-09-24 (60D),5742,7,3.0,10,3.0,"ST1(7,3.0)+ST2(10,3.0)",1.5%,1:3,1%,1.5,3.0,"ST1(7,3.0)+ST2(10,3.0)",10000,9767.75,-232.25,-2.32,1424.0,14.24,216.702,-83.78,120.39,-83.78,180.585,-83.78,40.0,60.0,0.96,-2.11,110,44,66,0,2,2,1.5,1.5,0,0,0,0,75.93,1.5,5,0.5,5297.16,5529.4800000000005,4.5%,"SOL_INR_15m_ST1(7,3.0)+ST2(10,3.0)_SL1.5pct_1-3",2,1
BTC/INR,15m,2026-07-25 to 2026-09-24 (60D),5742,14,3.5,12,3.5,"ST1(14,3.5)+ST2(12,3.5)",1.5%,1:3,1%,1.5,3.0,"ST1(14,3.5)+ST2(12,3.5)",10000,9766.08,-233.92,-2.34,984.0,9.84,157.932,-67.85,87.74,-67.85,131.61,-67.85,41.86,58.14,0.93,-2.72,86,36,50,0,2,2,1.5,1.5,0,0,0,0,84.01,1.5,5,0.5,3158.64,3392.4999999999995,4.5%,"BTC_INR_15m_ST1(14,3.5)+ST2(12,3.5)_SL1.5pct_1-3",0,1
BTC/INR,15m,2026-07-25 to 2026-09-24 (60D),5742,12,3.5,14,3.5,"ST1(12,3.5)+ST2(14,3.5)",1.5%,1:3,1%,1.5,3.0,"ST1(12,3.5)+ST2(14,3.5)",10000,9766.08,-233.92,-2.34,984.0,9.84,157.932,-67.85,87.74,-67.85,131.61,-67.85,41.86,58.14,0.93,-2.72,86,36,50,0,2,2,1.5,1.5,0,0,0,0,84.01,1.5,5,0.5,3158.64,3392.4999999999995,4.5%,"BTC_INR_15m_ST1(12,3.5)+ST2(14,3.5)_SL1.5pct_1-3",0,1
ETH/INR,30m,2026-07-25 to 2026-09-24 (60D),2872,12,2.0,14,3.0,"ST1(12,2.0)+ST2(14,3.0)",1.5%,1:3,1%,1.5,3.0,"ST1(12,2.0)+ST2(14,3.0)",10000,9759.48,-240.52,-2.41,955.0,9.55,209.646,-68.1,116.47,-68.1,174.70499999999998,-68.1,35.14,64.86,0.93,-3.25,74,26,48,0,2,2,1.5,1.5,0,0,0,0,60.68,1.5,5,0.5,3028.22,3268.8,4.5%,"ETH_INR_30m_ST1(12,2.0)+ST2(14,3.0)_SL1.5pct_1-3",1,2
ETH/INR,30m,2026-07-25 to 2026-09-24 (60D),2872,14,3.0,12,2.0,"ST1(14,3.0)+ST2(12,2.0)",1.5%,1:3,1%,1.5,3.0,"ST1(14,3.0)+ST2(12,2.0)",10000,9759.48,-240.52,-2.41,955.0,9.55,209.646,-68.1,116.47,-68.1,174.70499999999998,-68.1,35.14,64.86,0.93,-3.25,74,26,48,0,2,2,1.5,1.5,0,0,0,0,60.68,1.5,5,0.5,3028.22,3268.8,4.5%,"ETH_INR_30m_ST1(14,3.0)+ST2(12,2.0)_SL1.5pct_1-3",1,2
BTC/INR,30m,2026-07-25 to 2026-09-24 (60D),2872,12,4.0,14,2.0,"ST1(12,4.0)+ST2(14,2.0)",1.5%,1:3,1%,1.5,3.0,"ST1(12,4.0)+ST2(14,2.0)",10000,9757.13,-242.87,-2.43,1019.0,10.19,175.15800000000002,-66.89,97.31,-66.89,145.965,-66.89,38.46,61.54,0.91,-3.74,65,25,40,0,2,2,1.5,1.5,0,0,0,0,53.95,1.5,5,0.5,2432.75,2675.6,4.5%,"BTC_INR_30m_ST1(12,4.0)+ST2(14,2.0)_SL1.5pct_1-3",0,2
BTC/INR,30m,2026-07-25 to 2026-09-24 (60D),2872,14,2.0,12,4.0,"ST1(14,2.0)+ST2(12,4.0)",1.5%,1:3,1%,1.5,3.0,"ST1(14,2.0)+ST2(12,4.0)",10000,9757.13,-242.87,-2.43,1019.0,10.19,175.15800000000002,-66.89,97.31,-66.89,145.965,-66.89,38.46,61.54,0.91,-3.74,65,25,40,0,2,2,1.5,1.5,0,0,0,0,53.95,1.5,5,0.5,2432.75,2675.6,4.5%,"BTC_INR_30m_ST1(14,2.0)+ST2(12,4.0)_SL1.5pct_1-3",0,2
BTC/INR,30m,2026-07-25 to 2026-09-24 (60D),2872,12,4.0,14,4.0,"ST1(12,4.0)+ST2(14,4.0)",1.5%,1:3,1%,1.5,3.0,"ST1(12,4.0)+ST2(14,4.0)",10000,9755.51,-244.49,-2.44,990.0,9.9,177.51600000000002,-62.62,98.62,-62.62,147.93,-62.62,36.84,63.16,0.92,-3.22,76,28,48,0,2,2,1.5,1.5,0,0,0,0,69.8,1.5,5,0.5,2761.36,3005.76,4.5%,"BTC_INR_30m_ST1(12,4.0)+ST2(14,4.0)_SL1.5pct_1-3",0,2
BTC/INR,30m,2026-07-25 to 2026-09-24 (60D),2872,14,4.0,12,4.0,"ST1(14,4.0)+ST2(12,4.0)",1.5%,1:3,1%,1.5,3.0,"ST1(14,4.0)+ST2(12,4.0)",10000,9755.51,-244.49,-2.44,990.0,9.9,177.51600000000002,-62.62,98.62,-62.62,147.93,-62.62,36.84,63.16,0.92,-3.22,76,28,48,0,2,2,1.5,1.5,0,0,0,0,69.8,1.5,5,0.5,2761.36,3005.76,4.5%,"BTC_INR_30m_ST1(14,4.0)+ST2(12,4.0)_SL1.5pct_1-3",0,2
BTC/INR,15m,2026-07-25 to 2026-09-24 (60D),5742,14,4.0,10,4.0,"ST1(14,4.0)+ST2(10,4.0)",1.5%,1:3,1%,1.5,3.0,"ST1(14,4.0)+ST2(10,4.0)",10000,9754.33,-245.67,-2.46,938.0,9.38,144.63,-70.19,80.35,-70.19,120.525,-70.19,44.71,55.29,0.93,-2.89,85,38,47,0,2,2,1.5,1.5,0,0,0,0,83.75,1.5,5,0.5,3053.3,3298.93,4.5%,"BTC_INR_15m_ST1(14,4.0)+ST2(10,4.0)_SL1.5pct_1-3",0,1
BTC/INR,15m,2026-07-25 to 2026-09-24 (60D),5742,10,4.0,14,4.0,"ST1(10,4.0)+ST2(14,4.0)",1.5%,1:3,1%,1.5,3.0,"ST1(10,4.0)+ST2(14,4.0)",10000,9754.33,-245.67,-2.46,938.0,9.38,144.63,-70.19,80.35,-70.19,120.525,-70.19,44.71,55.29,0.93,-2.89,85,38,47,0,2,2,1.5,1.5,0,0,0,0,83.75,1.5,5,0.5,3053.3,3298.93,4.5%,"BTC_INR_15m_ST1(10,4.0)+ST2(14,4.0)_SL1.5pct_1-3",0,1
BTC/INR,30m,2026-07-25 to 2026-09-24 (60D),2872,12,2.0,14,3.5,"ST1(12,2.0)+ST2(14,3.5)",1.5%,1:3,1%,1.5,3.0,"ST1(12,2.0)+ST2(14,3.5)",10000,9746.04,-253.96,-2.54,898.0,8.98,180.234,-68.03,100.13,-68.03,150.195,-68.03,38.24,61.76,0.91,-3.73,68,26,42,0,2,2,1.5,1.5,0,0,0,0,56.46,1.5,5,0.5,2603.38,2857.26,4.5%,"BTC_INR_30m_ST1(12,2.0)+ST2(14,3.5)_SL1.5pct_1-3",0,2
BTC/INR,30m,2026-07-25 to 2026-09-24 (60D),2872,14,3.5,12,2.0,"ST1(14,3.5)+ST2(12,2.0)",1.5%,1:3,1%,1.5,3.0,"ST1(14,3.5)+ST2(12,2.0)",10000,9746.04,-253.96,-2.54,898.0,8.98,180.234,-68.03,100.13,-68.03,150.195,-68.03,38.24,61.76,0.91,-3.73,68,26,42,0,2,2,1.5,1.5,0,0,0,0,56.46,1.5,5,0.5,2603.38,2857.26,4.5%,"BTC_INR_30m_ST1(14,3.5)+ST2(12,2.0)_SL1.5pct_1-3",0,2
BTC/INR,15m,2026-07-25 to 2026-09-24 (60D),5742,10,3.5,12,2.0,"ST1(10,3.5)+ST2(12,2.0)",1.5%,1:3,1%,1.5,3.0,"ST1(10,3.5)+ST2(12,2.0)",10000,9743.0,-257.0,-2.57,940.0,9.4,158.57999999999998,-64.58,88.1,-64.58,132.14999999999998,-64.58,40.24,59.76,0.92,-3.13,82,33,49,0,2,2,1.5,1.5,0,0,0,0,74.09,1.5,5,0.5,2907.3,3164.42,4.5%,"BTC_INR_15m_ST1(10,3.5)+ST2(12,2.0)_SL1.5pct_1-3",0,1
BTC/INR,15m,2026-07-25 to 2026-09-24 (60D),5742,12,2.0,10,3.5,"ST1(12,2.0)+ST2(10,3.5)",1.5%,1:3,1%,1.5,3.0,"ST1(12,2.0)+ST2(10,3.5)",10000,9743.0,-257.0,-2.57,940.0,9.4,158.57999999999998,-64.58,88.1,-64.58,132.14999999999998,-64.58,40.24,59.76,0.92,-3.13,82,33,49,0,2,2,1.5,1.5,0,0,0,0,74.09,1.5,5,0.5,2907.3,3164.42,4.5%,"BTC_INR_15m_ST1(12,2.0)+ST2(10,3.5)_SL1.5pct_1-3",0,1
BTC/INR,15m,2026-07-25 to 2026-09-24 (60D),5742,12,2.0,12,3.5,"ST1(12,2.0)+ST2(12,3.5)",1.5%,1:3,1%,1.5,3.0,"ST1(12,2.0)+ST2(12,3.5)",10000,9742.29,-257.71,-2.58,940.0,9.4,158.57999999999998,-64.59,88.1,-64.59,132.14999999999998,-64.59,40.24,59.76,0.92,-3.14,82,33,49,0,2,2,1.5,1.5,0,0,0,0,75.1,1.5,5,0.5,2907.3,3164.9100000000003,4.5%,"BTC_INR_15m_ST1(12,2.0)+ST2(12,3.5)_SL1.5pct_1-3",0,1
BTC/INR,15m,2026-07-25 to 2026-09-24 (60D),5742,12,3.5,12,2.0,"ST1(12,3.5)+ST2(12,2.0)",1.5%,1:3,1%,1.5,3.0,"ST1(12,3.5)+ST2(12,2.0)",10000,9742.29,-257.71,-2.58,940.0,9.4,158.57999999999998,-64.59,88.1,-64.59,132.14999999999998,-64.59,40.24,59.76,0.92,-3.14,82,33,49,0,2,2,1.5,1.5,0,0,0,0,75.1,1.5,5,0.5,2907.3,3164.9100000000003,4.5%,"BTC_INR_15m_ST1(12,3.5)+ST2(12,2.0)_SL1.5pct_1-3",0,1
BTC/INR,30m,2026-07-25 to 2026-09-24 (60D),2872,14,4.0,10,2.0,"ST1(14,4.0)+ST2(10,2.0)",1.5%,1:3,1%,1.5,3.0,"ST1(14,4.0)+ST2(10,2.0)",10000,9741.87,-258.13,-2.58,1031.0,10.31,173.97000000000003,-65.23,96.65,-65.23,144.97500000000002,-65.23,37.88,62.12,0.9,-3.91,66,25,41,0,2,2,1.5,1.5,0,0,0,0,51.48,1.5,5,0.5,2416.25,2674.4300000000003,4.5%,"BTC_INR_30m_ST1(14,4.0)+ST2(10,2.0)_SL1.5pct_1-3",0,2
BTC/INR,30m,2026-07-25 to 2026-09-24 (60D),2872,10,2.0,14,4.0,"ST1(10,2.0)+ST2(14,4.0)",1.5%,1:3,1%,1.5,3.0,"ST1(10,2.0)+ST2(14,4.0)",10000,9741.87,-258.13,-2.58,1031.0,10.31,173.97000000000003,-65.23,96.65,-65.23,144.97500000000002,-65.23,37.88,62.12,0.9,-3.91,66,25,41,0,2,2,1.5,1.5,0,0,0,0,51.48,1.5,5,0.5,2416.25,2674.4300000000003,4.5%,"BTC_INR_30m_ST1(10,2.0)+ST2(14,4.0)_SL1.5pct_1-3",0,2
BTC/INR,15m,2026-07-25 to 2026-09-24 (60D),5742,14,3.5,7,3.5,"ST1(14,3.5)+ST2(7,3.5)",1.5%,1:3,1%,1.5,3.0,"ST1(14,3.5)+ST2(7,3.5)",10000,9734.81,-265.19,-2.65,982.0,9.82,155.80800000000002,-67.63,86.56,-67.63,129.84,-67.63,41.86,58.14,0.92,-3.08,86,36,50,0,2,2,1.5,1.5,0,0,0,0,83.05,1.5,5,0.5,3116.16,3381.5,4.5%,"BTC_INR_15m_ST1(14,3.5)+ST2(7,3.5)_SL1.5pct_1-3",0,1
BTC/INR,15m,2026-07-25 to 2026-09-24 (60D),5742,7,3.5,14,3.5,"ST1(7,3.5)+ST2(14,3.5)",1.5%,1:3,1%,1.5,3.0,"ST1(7,3.5)+ST2(14,3.5)",10000,9734.81,-265.19,-2.65,982.0,9.82,155.80800000000002,-67.63,86.56,-67.63,129.84,-67.63,41.86,58.14,0.92,-3.08,86,36,50,0,2,2,1.5,1.5,0,0,0,0,83.05,1.5,5,0.5,3116.16,3381.5,4.5%,"BTC_INR_15m_ST1(7,3.5)+ST2(14,3.5)_SL1.5pct_1-3",0,1
ETH/INR,30m,2026-07-25 to 2026-09-24 (60D),2872,12,2.0,10,3.0,"ST1(12,2.0)+ST2(10,3.0)",1.5%,1:3,1%,1.5,3.0,"ST1(12,2.0)+ST2(10,3.0)",10000,9733.36,-266.64,-2.67,1021.0,10.21,203.868,-69.27,113.26,-69.27,169.89,-69.27,36.0,64.0,0.92,-3.56,75,27,48,0,2,2,1.5,1.5,0,0,0,0,59.67,1.5,5,0.5,3058.02,3324.96,4.5%,"ETH_INR_30m_ST1(12,2.0)+ST2(10,3.0)_SL1.5pct_1-3",1,2
ETH/INR,30m,2026-07-25 to 2026-09-24 (60D),2872,10,3.0,12,2.0,"ST1(10,3.0)+ST2(12,2.0)",1.5%,1:3,1%,1.5,3.0,"ST1(10,3.0)+ST2(12,2.0)",10000,9733.36,-266.64,-2.67,1021.0,10.21,203.868,-69.27,113.26,-69.27,169.89,-69.27,36.0,64.0,0.92,-3.56,75,27,48,0,2,2,1.5,1.5,0,0,0,0,59.67,1.5,5,0.5,3058.02,3324.96,4.5%,"ETH_INR_30m_ST1(10,3.0)+ST2(12,2.0)_SL1.5pct_1-3",1,2
ETH/INR,30m,2026-07-25 to 2026-09-24 (60D),2872,14,2.0,14,3.0,"ST1(14,2.0)+ST2(14,3.0)",1.5%,1:3,1%,1.5,3.0,"ST1(14,2.0)+ST2(14,3.0)",10000,9733.25,-266.75,-2.67,967.0,9.67,209.052,-68.47,116.14,-68.47,174.21,-68.47,35.14,64.86,0.92,-3.6,74,26,48,0,2,2,1.5,1.5,0,0,0,0,62.31,1.5,5,0.5,3019.64,3286.56,4.5%,"ETH_INR_30m_ST1(14,2.0)+ST2(14,3.0)_SL1.5pct_1-3",1,2
ETH/INR,30m,2026-07-25 to 2026-09-24 (60D),2872,14,3.0,14,2.0,"ST1(14,3.0)+ST2(14,2.0)",1.5%,1:3,1%,1.5,3.0,"ST1(14,3.0)+ST2(14,2.0)",10000,9733.25,-266.75,-2.67,967.0,9.67,209.052,-68.47,116.14,-68.47,174.21,-68.47,35.14,64.86,0.92,-3.6,74,26,48,0,2,2,1.5,1.5,0,0,0,0,62.31,1.5,5,0.5,3019.64,3286.56,4.5%,"ETH_INR_30m_ST1(14,3.0)+ST2(14,2.0)_SL1.5pct_1-3",1,2
BTC/INR,15m,2026-07-25 to 2026-09-24 (60D),5742,14,3.5,12,3.0,"ST1(14,3.5)+ST2(12,3.0)",1.5%,1:3,1%,1.5,3.0,"ST1(14,3.5)+ST2(12,3.0)",10000,9732.63,-267.37,-2.67,799.0,7.99,153.45000000000002,-66.73,85.25,-66.73,127.875,-66.73,41.86,58.14,0.92,-3.11,86,36,50,0,2,2,1.5,1.5,0,0,0,0,82.36,1.5,5,0.5,3069.0,3336.5,4.5%,"BTC_INR_15m_ST1(14,3.5)+ST2(12,3.0)_SL1.5pct_1-3",0,1
BTC/INR,15m,2026-07-25 to 2026-09-24 (60D),5742,12,3.0,14,3.5,"ST1(12,3.0)+ST2(14,3.5)",1.5%,1:3,1%,1.5,3.0,"ST1(12,3.0)+ST2(14,3.5)",10000,9732.63,-267.37,-2.67,799.0,7.99,153.45000000000002,-66.73,85.25,-66.73,127.875,-66.73,41.86,58.14,0.92,-3.11,86,36,50,0,2,2,1.5,1.5,0,0,0,0,82.36,1.5,5,0.5,3069.0,3336.5,4.5%,"BTC_INR_15m_ST1(12,3.0)+ST2(14,3.5)_SL1.5pct_1-3",0,1
BTC/INR,30m,2026-07-25 to 2026-09-24 (60D),2872,10,2.0,7,3.0,"ST1(10,2.0)+ST2(7,3.0)",1.5%,1:3,1%,1.5,3.0,"ST1(10,2.0)+ST2(7,3.0)",10000,9730.74,-269.26,-2.69,876.0,8.76,171.018,-59.56,95.01,-59.56,142.515,-59.56,36.11,63.89,0.9,-3.74,72,26,46,0,2,2,1.5,1.5,0,0,0,0,58.48,1.5,5,0.5,2470.26,2739.76,4.5%,"BTC_INR_30m_ST1(10,2.0)+ST2(7,3.0)_SL1.5pct_1-3",0,2
BTC/INR,30m,2026-07-25 to 2026-09-24 (60D),2872,7,3.0,10,2.0,"ST1(7,3.0)+ST2(10,2.0)",1.5%,1:3,1%,1.5,3.0,"ST1(7,3.0)+ST2(10,2.0)",10000,9730.74,-269.26,-2.69,876.0,8.76,171.018,-59.56,95.01,-59.56,142.515,-59.56,36.11,63.89,0.9,-3.74,72,26,46,0,2,2,1.5,1.5,0,0,0,0,58.48,1.5,5,0.5,2470.26,2739.76,4.5%,"BTC_INR_30m_ST1(7,3.0)+ST2(10,2.0)_SL1.5pct_1-3",0,2
BTC/INR,15m,2026-07-25 to 2026-09-24 (60D),5742,12,3.0,12,3.5,"ST1(12,3.0)+ST2(12,3.5)",1.5%,1:3,1%,1.5,3.0,"ST1(12,3.0)+ST2(12,3.5)",10000,9730.31,-269.69,-2.7,931.0,9.31,155.77200000000002,-67.7,86.54,-67.7,129.81,-67.7,41.86,58.14,0.92,-3.14,86,36,50,0,2,2,1.5,1.5,0,0,0,0,81.75,1.5,5,0.5,3115.44,3385.0,4.5%,"BTC_INR_15m_ST1(12,3.0)+ST2(12,3.5)_SL1.5pct_1-3",0,1
BTC/INR,15m,2026-07-25 to 2026-09-24 (60D),5742,12,3.5,12,3.0,"ST1(12,3.5)+ST2(12,3.0)",1.5%,1:3,1%,1.5,3.0,"ST1(12,3.5)+ST2(12,3.0)",10000,9730.31,-269.69,-2.7,931.0,9.31,155.77200000000002,-67.7,86.54,-67.7,129.81,-67.7,41.86,58.14,0.92,-3.14,86,36,50,0,2,2,1.5,1.5,0,0,0,0,81.75,1.5,5,0.5,3115.44,3385.0,4.5%,"BTC_INR_15m_ST1(12,3.5)+ST2(12,3.0)_SL1.5pct_1-3",0,1
BTC/INR,15m,2026-07-25 to 2026-09-24 (60D),5742,12,3.0,10,3.5,"ST1(12,3.0)+ST2(10,3.5)",1.5%,1:3,1%,1.5,3.0,"ST1(12,3.0)+ST2(10,3.5)",10000,9729.05,-270.95,-2.71,932.0,9.32,155.77200000000002,-67.73,86.54,-67.73,129.81,-67.73,41.86,58.14,0.92,-3.15,86,36,50,0,2,2,1.5,1.5,0,0,0,0,80.08,1.5,5,0.5,3115.44,3386.5,4.5%,"BTC_INR_15m_ST1(12,3.0)+ST2(10,3.5)_SL1.5pct_1-3",0,1
BTC/INR,15m,2026-07-25 to 2026-09-24 (60D),5742,10,3.5,12,3.0,"ST1(10,3.5)+ST2(12,3.0)",1.5%,1:3,1%,1.5,3.0,"ST1(10,3.5)+ST2(12,3.0)",10000,9729.05,-270.95,-2.71,932.0,9.32,155.77200000000002,-67.73,86.54,-67.73,129.81,-67.73,41.86,58.14,0.92,-3.15,86,36,50,0,2,2,1.5,1.5,0,0,0,0,80.08,1.5,5,0.5,3115.44,3386.5,4.5%,"BTC_INR_15m_ST1(10,3.5)+ST2(12,3.0)_SL1.5pct_1-3",0,1
BTC/INR,30m,2026-07-25 to 2026-09-24 (60D),2872,12,4.0,12,2.0,"ST1(12,4.0)+ST2(12,2.0)",1.5%,1:3,1%,1.5,3.0,"ST1(12,4.0)+ST2(12,2.0)",10000,9728.85,-271.15,-2.71,1019.0,10.19,172.656,-66.73,95.92,-66.73,143.88,-66.73,38.46,61.54,0.9,-4.17,65,25,40,0,2,2,1.5,1.5,0,0,0,0,52.77,1.5,5,0.5,2398.0,2669.2000000000003,4.5%,"BTC_INR_30m_ST1(12,4.0)+ST2(12,2.0)_SL1.5pct_1-3",0,2
BTC/INR,30m,2026-07-25 to 2026-09-24 (60D),2872,12,2.0,12,4.0,"ST1(12,2.0)+ST2(12,4.0)",1.5%,1:3,1%,1.5,3.0,"ST1(12,2.0)+ST2(12,4.0)",10000,9728.85,-271.15,-2.71,1019.0,10.19,172.656,-66.73,95.92,-66.73,143.88,-66.73,38.46,61.54,0.9,-4.17,65,25,40,0,2,2,1.5,1.5,0,0,0,0,52.77,1.5,5,0.5,2398.0,2669.2000000000003,4.5%,"BTC_INR_30m_ST1(12,2.0)+ST2(12,4.0)_SL1.5pct_1-3",0,2
SOL/INR,15m,2026-07-25 to 2026-09-24 (60D),5742,7,3.5,7,3.0,"ST1(7,3.5)+ST2(7,3.0)",1.5%,1:3,1%,1.5,3.0,"ST1(7,3.5)+ST2(7,3.0)",10000,9727.57,-272.43,-2.72,1439.0,14.39,202.86,-83.04,112.7,-83.04,169.05,-83.04,41.12,58.88,0.95,-2.55,107,44,63,0,2,2,1.5,1.5,0,0,0,0,76.89,1.5,5,0.5,4958.8,5231.52,4.5%,"SOL_INR_15m_ST1(7,3.5)+ST2(7,3.0)_SL1.5pct_1-3",2,1
SOL/INR,15m,2026-07-25 to 2026-09-24 (60D),5742,7,3.0,7,3.5,"ST1(7,3.0)+ST2(7,3.5)",1.5%,1:3,1%,1.5,3.0,"ST1(7,3.0)+ST2(7,3.5)",10000,9727.57,-272.43,-2.72,1439.0,14.39,202.86,-83.04,112.7,-83.04,169.05,-83.04,41.12,58.88,0.95,-2.55,107,44,63,0,2,2,1.5,1.5,0,0,0,0,76.89,1.5,5,0.5,4958.8,5231.52,4.5%,"SOL_INR_15m_ST1(7,3.0)+ST2(7,3.5)_SL1.5pct_1-3",2,1
SOL/INR,15m,2026-07-25 to 2026-09-24 (60D),5742,14,4.0,7,3.0,"ST1(14,4.0)+ST2(7,3.0)",1.5%,1:3,1%,1.5,3.0,"ST1(14,4.0)+ST2(7,3.0)",10000,9726.72,-273.28,-2.73,1356.0,13.56,204.48,-86.42,113.6,-86.42,170.39999999999998,-86.42,41.9,58.1,0.95,-2.6,105,44,61,0,2,2,1.5,1.5,0,0,0,0,74.92,1.5,5,0.5,4998.4,5271.62,4.5%,"SOL_INR_15m_ST1(14,4.0)+ST2(7,3.0)_SL1.5pct_1-3",2,1
SOL/INR,15m,2026-07-25 to 2026-09-24 (60D),5742,7,3.0,14,4.0,"ST1(7,3.0)+ST2(14,4.0)",1.5%,1:3,1%,1.5,3.0,"ST1(7,3.0)+ST2(14,4.0)",10000,9726.72,-273.28,-2.73,1356.0,13.56,204.48,-86.42,113.6,-86.42,170.39999999999998,-86.42,41.9,58.1,0.95,-2.6,105,44,61,0,2,2,1.5,1.5,0,0,0,0,74.92,1.5,5,0.5,4998.4,5271.62,4.5%,"SOL_INR_15m_ST1(7,3.0)+ST2(14,4.0)_SL1.5pct_1-3",2,1
SOL/INR,15m,2026-07-25 to 2026-09-24 (60D),5742,7,4.0,10,2.0,"ST1(7,4.0)+ST2(10,2.0)",1.5%,1:3,1%,1.5,3.0,"ST1(7,4.0)+ST2(10,2.0)",10000,9726.67,-273.33,-2.73,1091.0,10.91,195.588,-82.5,108.66,-82.5,162.99,-82.5,41.67,58.33,0.94,-2.85,96,40,56,0,2,2,1.5,1.5,0,0,0,0,66.2,1.5,5,0.5,4346.4,4620.0,4.5%,"SOL_INR_15m_ST1(7,4.0)+ST2(10,2.0)_SL1.5pct_1-3",2,1
SOL/INR,15m,2026-07-25 to 2026-09-24 (60D),5742,10,2.0,7,4.0,"ST1(10,2.0)+ST2(7,4.0)",1.5%,1:3,1%,1.5,3.0,"ST1(10,2.0)+ST2(7,4.0)",10000,9726.67,-273.33,-2.73,1091.0,10.91,195.588,-82.5,108.66,-82.5,162.99,-82.5,41.67,58.33,0.94,-2.85,96,40,56,0,2,2,1.5,1.5,0,0,0,0,66.2,1.5,5,0.5,4346.4,4620.0,4.5%,"SOL_INR_15m_ST1(10,2.0)+ST2(7,4.0)_SL1.5pct_1-3",2,1
ETH/INR,30m,2026-07-25 to 2026-09-24 (60D),2872,14,3.0,7,2.0,"ST1(14,3.0)+ST2(7,2.0)",1.5%,1:3,1%,1.5,3.0,"ST1(14,3.0)+ST2(7,2.0)",10000,9726.15,-273.85,-2.74,900.0,9.0,199.782,-69.01,110.99,-69.01,166.485,-69.01,36.36,63.64,0.92,-3.56,77,28,49,0,2,2,1.5,1.5,0,0,0,0,66.14,1.5,5,0.5,3107.72,3381.49,4.5%,"ETH_INR_30m_ST1(14,3.0)+ST2(7,2.0)_SL1.5pct_1-3",1,2
ETH/INR,30m,2026-07-25 to 2026-09-24 (60D),2872,7,2.0,14,3.0,"ST1(7,2.0)+ST2(14,3.0)",1.5%,1:3,1%,1.5,3.0,"ST1(7,2.0)+ST2(14,3.0)",10000,9726.15,-273.85,-2.74,900.0,9.0,199.782,-69.01,110.99,-69.01,166.485,-69.01,36.36,63.64,0.92,-3.56,77,28,49,0,2,2,1.5,1.5,0,0,0,0,66.14,1.5,5,0.5,3107.72,3381.49,4.5%,"ETH_INR_30m_ST1(7,2.0)+ST2(14,3.0)_SL1.5pct_1-3",1,2
ETH/INR,30m,2026-07-25 to 2026-09-24 (60D),2872,14,3.5,12,3.0,"ST1(14,3.5)+ST2(12,3.0)",1.5%,1:3,1%,1.5,3.0,"ST1(14,3.5)+ST2(12,3.0)",10000,9725.18,-274.82,-2.75,1036.0,10.36,189.738,-70.89,105.41,-70.89,158.115,-70.89,38.16,61.84,0.92,-3.62,76,29,47,0,2,2,1.5,1.5,0,0,0,0,62.84,1.5,5,0.5,3056.89,3331.83,4.5%,"ETH_INR_30m_ST1(14,3.5)+ST2(12,3.0)_SL1.5pct_1-3",1,2
ETH/INR,30m,2026-07-25 to 2026-09-24 (60D),2872,12,3.0,14,3.5,"ST1(12,3.0)+ST2(14,3.5)",1.5%,1:3,1%,1.5,3.0,"ST1(12,3.0)+ST2(14,3.5)",10000,9725.18,-274.82,-2.75,1036.0,10.36,189.738,-70.89,105.41,-70.89,158.115,-70.89,38.16,61.84,0.92,-3.62,76,29,47,0,2,2,1.5,1.5,0,0,0,0,62.84,1.5,5,0.5,3056.89,3331.83,4.5%,"ETH_INR_30m_ST1(12,3.0)+ST2(14,3.5)_SL1.5pct_1-3",1,2
BTC/INR,30m,2026-07-25 to 2026-09-24 (60D),2872,10,4.0,7,3.5,"ST1(10,4.0)+ST2(7,3.5)",1.5%,1:3,1%,1.5,3.0,"ST1(10,4.0)+ST2(7,3.5)",10000,9725.14,-274.86,-2.75,1074.0,10.74,178.14600000000002,-63.46,98.97,-63.46,148.45499999999998,-63.46,36.84,63.16,0.91,-3.62,76,28,48,0,2,2,1.5,1.5,0,0,0,0,69.21,1.5,5,0.5,2771.16,3046.08,4.5%,"BTC_INR_30m_ST1(10,4.0)+ST2(7,3.5)_SL1.5pct_1-3",0,2
BTC/INR,30m,2026-07-25 to 2026-09-24 (60D),2872,7,3.5,10,4.0,"ST1(7,3.5)+ST2(10,4.0)",1.5%,1:3,1%,1.5,3.0,"ST1(7,3.5)+ST2(10,4.0)",10000,9725.14,-274.86,-2.75,1074.0,10.74,178.14600000000002,-63.46,98.97,-63.46,148.45499999999998,-63.46,36.84,63.16,0.91,-3.62,76,28,48,0,2,2,1.5,1.5,0,0,0,0,69.21,1.5,5,0.5,2771.16,3046.08,4.5%,"BTC_INR_30m_ST1(7,3.5)+ST2(10,4.0)_SL1.5pct_1-3",0,2
BTC/INR,30m,2026-07-25 to 2026-09-24 (60D),2872,10,3.0,10,2.0,"ST1(10,3.0)+ST2(10,2.0)",1.5%,1:3,1%,1.5,3.0,"ST1(10,3.0)+ST2(10,2.0)",10000,9720.35,-279.65,-2.8,839.0,8.39,184.698,-60.16,102.61,-60.16,153.915,-60.16,34.67,65.33,0.91,-3.73,75,26,49,0,2,2,1.5,1.5,0,0,0,0,61.58,1.5,5,0.5,2667.86,2947.84,4.5%,"BTC_INR_30m_ST1(10,3.0)+ST2(10,2.0)_SL1.5pct_1-3",0,2
BTC/INR,30m,2026-07-25 to 2026-09-24 (60D),2872,10,2.0,10,3.0,"ST1(10,2.0)+ST2(10,3.0)",1.5%,1:3,1%,1.5,3.0,"ST1(10,2.0)+ST2(10,3.0)",10000,9720.35,-279.65,-2.8,839.0,8.39,184.698,-60.16,102.61,-60.16,153.915,-60.16,34.67,65.33,0.91,-3.73,75,26,49,0,2,2,1.5,1.5,0,0,0,0,61.58,1.5,5,0.5,2667.86,2947.84,4.5%,"BTC_INR_30m_ST1(10,2.0)+ST2(10,3.0)_SL1.5pct_1-3",0,2
BTC/INR,30m,2026-07-25 to 2026-09-24 (60D),2872,14,2.0,14,4.0,"ST1(14,2.0)+ST2(14,4.0)",1.5%,1:3,1%,1.5,3.0,"ST1(14,2.0)+ST2(14,4.0)",10000,9708.5,-291.5,-2.91,1031.0,10.31,173.322,-67.47,96.29,-67.47,144.435,-67.47,38.46,61.54,0.89,-4.48,65,25,40,0,2,2,1.5,1.5,0,0,0,0,53.05,1.5,5,0.5,2407.25,2698.8,4.5%,"BTC_INR_30m_ST1(14,2.0)+ST2(14,4.0)_SL1.5pct_1-3",0,2
BTC/INR,30m,2026-07-25 to 2026-09-24 (60D),2872,14,4.0,14,2.0,"ST1(14,4.0)+ST2(14,2.0)",1.5%,1:3,1%,1.5,3.0,"ST1(14,4.0)+ST2(14,2.0)",10000,9708.5,-291.5,-2.91,1031.0,10.31,173.322,-67.47,96.29,-67.47,144.435,-67.47,38.46,61.54,0.89,-4.48,65,25,40,0,2,2,1.5,1.5,0,0,0,0,53.05,1.5,5,0.5,2407.25,2698.8,4.5%,"BTC_INR_30m_ST1(14,4.0)+ST2(14,2.0)_SL1.5pct_1-3",0,2
SOL/INR,15m,2026-07-25 to 2026-09-24 (60D),5742,12,2.0,12,3.5,"ST1(12,2.0)+ST2(12,3.5)",1.5%,1:3,1%,1.5,3.0,"ST1(12,2.0)+ST2(12,3.5)",10000,9704.92,-295.08,-2.95,1456.0,14.56,201.924,-82.96,112.18,-82.96,168.27,-82.96,41.0,59.0,0.94,-2.95,100,41,59,0,2,2,1.5,1.5,0,0,0,0,69.3,1.5,5,0.5,4599.38,4894.639999999999,4.5%,"SOL_INR_15m_ST1(12,2.0)+ST2(12,3.5)_SL1.5pct_1-3",2,1
SOL/INR,15m,2026-07-25 to 2026-09-24 (60D),5742,12,3.5,12,2.0,"ST1(12,3.5)+ST2(12,2.0)",1.5%,1:3,1%,1.5,3.0,"ST1(12,3.5)+ST2(12,2.0)",10000,9704.92,-295.08,-2.95,1456.0,14.56,201.924,-82.96,112.18,-82.96,168.27,-82.96,41.0,59.0,0.94,-2.95,100,41,59,0,2,2,1.5,1.5,0,0,0,0,69.3,1.5,5,0.5,4599.38,4894.639999999999,4.5%,"SOL_INR_15m_ST1(12,3.5)+ST2(12,2.0)_SL1.5pct_1-3",2,1
BTC/INR,15m,2026-07-25 to 2026-09-24 (60D),5742,7,3.0,14,3.5,"ST1(7,3.0)+ST2(14,3.5)",1.5%,1:3,1%,1.5,3.0,"ST1(7,3.0)+ST2(14,3.5)",10000,9704.44,-295.56,-2.96,869.0,8.69,159.678,-64.93,88.71,-64.93,133.065,-64.93,40.0,60.0,0.91,-3.48,85,34,51,0,2,2,1.5,1.5,0,0,0,0,81.96,1.5,5,0.5,3016.14,3311.4300000000003,4.5%,"BTC_INR_15m_ST1(7,3.0)+ST2(14,3.5)_SL1.5pct_1-3",0,1
BTC/INR,15m,2026-07-25 to 2026-09-24 (60D),5742,7,3.0,12,3.5,"ST1(7,3.0)+ST2(12,3.5)",1.5%,1:3,1%,1.5,3.0,"ST1(7,3.0)+ST2(12,3.5)",10000,9704.44,-295.56,-2.96,869.0,8.69,159.678,-64.93,88.71,-64.93,133.065,-64.93,40.0,60.0,0.91,-3.48,85,34,51,0,2,2,1.5,1.5,0,0,0,0,81.8,1.5,5,0.5,3016.14,3311.4300000000003,4.5%,"BTC_INR_15m_ST1(7,3.0)+ST2(12,3.5)_SL1.5pct_1-3",0,1
BTC/INR,15m,2026-07-25 to 2026-09-24 (60D),5742,12,3.5,7,3.0,"ST1(12,3.5)+ST2(7,3.0)",1.5%,1:3,1%,1.5,3.0,"ST1(12,3.5)+ST2(7,3.0)",10000,9704.44,-295.56,-2.96,869.0,8.69,159.678,-64.93,88.71,-64.93,133.065,-64.93,40.0,60.0,0.91,-3.48,85,34,51,0,2,2,1.5,1.5,0,0,0,0,81.8,1.5,5,0.5,3016.14,3311.4300000000003,4.5%,"BTC_INR_15m_ST1(12,3.5)+ST2(7,3.0)_SL1.5pct_1-3",0,1
BTC/INR,15m,2026-07-25 to 2026-09-24 (60D),5742,14,3.5,7,3.0,"ST1(14,3.5)+ST2(7,3.0)",1.5%,1:3,1%,1.5,3.0,"ST1(14,3.5)+ST2(7,3.0)",10000,9704.44,-295.56,-2.96,869.0,8.69,159.678,-64.93,88.71,-64.93,133.065,-64.93,40.0,60.0,0.91,-3.48,85,34,51,0,2,2,1.5,1.5,0,0,0,0,81.96,1.5,5,0.5,3016.14,3311.4300000000003,4.5%,"BTC_INR_15m_ST1(14,3.5)+ST2(7,3.0)_SL1.5pct_1-3",0,1
SOL/INR,15m,2026-07-25 to 2026-09-24 (60D),5742,14,3.5,12,4.0,"ST1(14,3.5)+ST2(12,4.0)",1.5%,1:3,1%,1.5,3.0,"ST1(14,3.5)+ST2(12,4.0)",10000,9703.41,-296.59,-2.97,1418.0,14.18,209.034,-84.47,116.13,-84.47,174.195,-84.47,40.74,59.26,0.95,-2.75,108,44,64,0,2,2,1.5,1.5,0,0,0,0,77.2,1.5,5,0.5,5109.719999999999,5406.08,4.5%,"SOL_INR_15m_ST1(14,3.5)+ST2(12,4.0)_SL1.5pct_1-3",2,1
SOL/INR,15m,2026-07-25 to 2026-09-24 (60D),5742,12,4.0,14,3.5,"ST1(12,4.0)+ST2(14,3.5)",1.5%,1:3,1%,1.5,3.0,"ST1(12,4.0)+ST2(14,3.5)",10000,9703.41,-296.59,-2.97,1418.0,14.18,209.034,-84.47,116.13,-84.47,174.195,-84.47,40.74,59.26,0.95,-2.75,108,44,64,0,2,2,1.5,1.5,0,0,0,0,77.2,1.5,5,0.5,5109.719999999999,5406.08,4.5%,"SOL_INR_15m_ST1(12,4.0)+ST2(14,3.5)_SL1.5pct_1-3",2,1
SOL/INR,15m,2026-07-25 to 2026-09-24 (60D),5742,12,3.5,12,4.0,"ST1(12,3.5)+ST2(12,4.0)",1.5%,1:3,1%,1.5,3.0,"ST1(12,3.5)+ST2(12,4.0)",10000,9703.41,-296.59,-2.97,1418.0,14.18,209.034,-84.47,116.13,-84.47,174.195,-84.47,40.74,59.26,0.95,-2.75,108,44,64,0,2,2,1.5,1.5,0,0,0,0,77.2,1.5,5,0.5,5109.719999999999,5406.08,4.5%,"SOL_INR_15m_ST1(12,3.5)+ST2(12,4.0)_SL1.5pct_1-3",2,1
SOL/INR,15m,2026-07-25 to 2026-09-24 (60D),5742,12,4.0,12,3.5,"ST1(12,4.0)+ST2(12,3.5)",1.5%,1:3,1%,1.5,3.0,"ST1(12,4.0)+ST2(12,3.5)",10000,9703.41,-296.59,-2.97,1418.0,14.18,209.034,-84.47,116.13,-84.47,174.195,-84.47,40.74,59.26,0.95,-2.75,108,44,64,0,2,2,1.5,1.5,0,0,0,0,77.2,1.5,5,0.5,5109.719999999999,5406.08,4.5%,"SOL_INR_15m_ST1(12,4.0)+ST2(12,3.5)_SL1.5pct_1-3",2,1
BTC/INR,15m,2026-07-25 to 2026-09-24 (60D),5742,14,2.0,10,3.5,"ST1(14,2.0)+ST2(10,3.5)",1.5%,1:3,1%,1.5,3.0,"ST1(14,2.0)+ST2(10,3.5)",10000,9702.51,-297.49,-2.97,1023.0,10.23,160.506,-64.8,89.17,-64.8,133.755,-64.8,39.76,60.24,0.91,-3.58,83,33,50,0,2,2,1.5,1.5,0,0,0,0,72.4,1.5,5,0.5,2942.61,3240.0,4.5%,"BTC_INR_15m_ST1(14,2.0)+ST2(10,3.5)_SL1.5pct_1-3",0,1
BTC/INR,15m,2026-07-25 to 2026-09-24 (60D),5742,10,3.5,14,2.0,"ST1(10,3.5)+ST2(14,2.0)",1.5%,1:3,1%,1.5,3.0,"ST1(10,3.5)+ST2(14,2.0)",10000,9702.51,-297.49,-2.97,1023.0,10.23,160.506,-64.8,89.17,-64.8,133.755,-64.8,39.76,60.24,0.91,-3.58,83,33,50,0,2,2,1.5,1.5,0,0,0,0,72.4,1.5,5,0.5,2942.61,3240.0,4.5%,"BTC_INR_15m_ST1(10,3.5)+ST2(14,2.0)_SL1.5pct_1-3",0,1
BTC/INR,15m,2026-07-25 to 2026-09-24 (60D),5742,14,2.0,12,2.0,"ST1(14,2.0)+ST2(12,2.0)",1.5%,1:3,1%,1.5,3.0,"ST1(14,2.0)+ST2(12,2.0)",10000,9701.08,-298.92,-2.99,1174.0,11.74,172.278,-62.25,95.71,-62.25,143.565,-62.25,37.21,62.79,0.91,-3.48,86,32,54,0,2,2,1.5,1.5,0,0,0,0,83.79,1.5,5,0.5,3062.72,3361.5,4.5%,"BTC_INR_15m_ST1(14,2.0)+ST2(12,2.0)_SL1.5pct_1-3",0,1
BTC/INR,15m,2026-07-25 to 2026-09-24 (60D),5742,12,2.0,14,2.0,"ST1(12,2.0)+ST2(14,2.0)",1.5%,1:3,1%,1.5,3.0,"ST1(12,2.0)+ST2(14,2.0)",10000,9701.08,-298.92,-2.99,1174.0,11.74,172.278,-62.25,95.71,-62.25,143.565,-62.25,37.21,62.79,0.91,-3.48,86,32,54,0,2,2,1.5,1.5,0,0,0,0,83.79,1.5,5,0.5,3062.72,3361.5,4.5%,"BTC_INR_15m_ST1(12,2.0)+ST2(14,2.0)_SL1.5pct_1-3",0,1
BTC/INR,15m,2026-07-25 to 2026-09-24 (60D),5742,12,3.5,14,2.0,"ST1(12,3.5)+ST2(14,2.0)",1.5%,1:3,1%,1.5,3.0,"ST1(12,3.5)+ST2(14,2.0)",10000,9700.6,-299.4,-2.99,1025.0,10.25,160.47000000000003,-64.83,89.15,-64.83,133.72500000000002,-64.83,39.76,60.24,0.91,-3.61,83,33,50,0,2,2,1.5,1.5,0,0,0,0,73.65,1.5,5,0.5,2941.9500000000003,3241.5,4.5%,"BTC_INR_15m_ST1(12,3.5)+ST2(14,2.0)_SL1.5pct_1-3",0,1
BTC/INR,15m,2026-07-25 to 2026-09-24 (60D),5742,14,2.0,12,3.5,"ST1(14,2.0)+ST2(12,3.5)",1.5%,1:3,1%,1.5,3.0,"ST1(14,2.0)+ST2(12,3.5)",10000,9700.6,-299.4,-2.99,1025.0,10.25,160.47000000000003,-64.83,89.15,-64.83,133.72500000000002,-64.83,39.76,60.24,0.91,-3.61,83,33,50,0,2,2,1.5,1.5,0,0,0,0,73.65,1.5,5,0.5,2941.9500000000003,3241.5,4.5%,"BTC_INR_15m_ST1(14,2.0)+ST2(12,3.5)_SL1.5pct_1-3",0,1
ETH/INR,30m,2026-07-25 to 2026-09-24 (60D),2872,10,3.0,14,2.0,"ST1(10,3.0)+ST2(14,2.0)",1.5%,1:3,1%,1.5,3.0,"ST1(10,3.0)+ST2(14,2.0)",10000,9698.09,-301.91,-3.02,1054.0,10.54,203.112,-69.76,112.84,-69.76,169.26,-69.76,36.0,64.0,0.91,-4.03,75,27,48,0,2,2,1.5,1.5,0,0,0,0,61.23,1.5,5,0.5,3046.6800000000003,3348.4800000000005,4.5%,"ETH_INR_30m_ST1(10,3.0)+ST2(14,2.0)_SL1.5pct_1-3",1,2
ETH/INR,30m,2026-07-25 to 2026-09-24 (60D),2872,14,2.0,10,3.0,"ST1(14,2.0)+ST2(10,3.0)",1.5%,1:3,1%,1.5,3.0,"ST1(14,2.0)+ST2(10,3.0)",10000,9698.09,-301.91,-3.02,1054.0,10.54,203.112,-69.76,112.84,-69.76,169.26,-69.76,36.0,64.0,0.91,-4.03,75,27,48,0,2,2,1.5,1.5,0,0,0,0,61.23,1.5,5,0.5,3046.6800000000003,3348.4800000000005,4.5%,"ETH_INR_30m_ST1(14,2.0)+ST2(10,3.0)_SL1.5pct_1-3",1,2
BTC/INR,30m,2026-07-25 to 2026-09-24 (60D),2872,10,2.0,10,3.5,"ST1(10,2.0)+ST2(10,3.5)",1.5%,1:3,1%,1.5,3.0,"ST1(10,2.0)+ST2(10,3.5)",10000,9697.29,-302.71,-3.03,1048.0,10.48,176.67000000000002,-62.65,98.15,-62.65,147.22500000000002,-62.65,36.23,63.77,0.89,-4.39,69,25,44,0,2,2,1.5,1.5,0,0,0,0,54.58,1.5,5,0.5,2453.75,2756.6,4.5%,"BTC_INR_30m_ST1(10,2.0)+ST2(10,3.5)_SL1.5pct_1-3",0,2
BTC/INR,30m,2026-07-25 to 2026-09-24 (60D),2872,10,3.5,10,2.0,"ST1(10,3.5)+ST2(10,2.0)",1.5%,1:3,1%,1.5,3.0,"ST1(10,3.5)+ST2(10,2.0)",10000,9697.29,-302.71,-3.03,1048.0,10.48,176.67000000000002,-62.65,98.15,-62.65,147.22500000000002,-62.65,36.23,63.77,0.89,-4.39,69,25,44,0,2,2,1.5,1.5,0,0,0,0,54.58,1.5,5,0.5,2453.75,2756.6,4.5%,"BTC_INR_30m_ST1(10,3.5)+ST2(10,2.0)_SL1.5pct_1-3",0,2
SOL/INR,15m,2026-07-25 to 2026-09-24 (60D),5742,10,4.0,14,2.0,"ST1(10,4.0)+ST2(14,2.0)",1.5%,1:3,1%,1.5,3.0,"ST1(10,4.0)+ST2(14,2.0)",10000,9692.91,-307.09,-3.07,1414.0,14.14,197.01,-81.26,109.45,-81.26,164.175,-81.26,41.0,59.0,0.94,-3.07,100,41,59,0,2,2,1.5,1.5,0,0,0,0,69.54,1.5,5,0.5,4487.45,4794.34,4.5%,"SOL_INR_15m_ST1(10,4.0)+ST2(14,2.0)_SL1.5pct_1-3",2,1
SOL/INR,15m,2026-07-25 to 2026-09-24 (60D),5742,14,2.0,10,4.0,"ST1(14,2.0)+ST2(10,4.0)",1.5%,1:3,1%,1.5,3.0,"ST1(14,2.0)+ST2(10,4.0)",10000,9692.91,-307.09,-3.07,1414.0,14.14,197.01,-81.26,109.45,-81.26,164.175,-81.26,41.0,59.0,0.94,-3.07,100,41,59,0,2,2,1.5,1.5,0,0,0,0,69.54,1.5,5,0.5,4487.45,4794.34,4.5%,"SOL_INR_15m_ST1(14,2.0)+ST2(10,4.0)_SL1.5pct_1-3",2,1
BTC/INR,30m,2026-07-25 to 2026-09-24 (60D),2872,10,2.0,12,3.5,"ST1(10,2.0)+ST2(12,3.5)",1.5%,1:3,1%,1.5,3.0,"ST1(10,2.0)+ST2(12,3.5)",10000,9690.9,-309.1,-3.09,1070.0,10.7,176.81400000000002,-62.84,98.23,-62.84,147.345,-62.84,36.23,63.77,0.89,-4.48,69,25,44,0,2,2,1.5,1.5,0,0,0,0,54.86,1.5,5,0.5,2455.75,2764.96,4.5%,"BTC_INR_30m_ST1(10,2.0)+ST2(12,3.5)_SL1.5pct_1-3",0,2
BTC/INR,30m,2026-07-25 to 2026-09-24 (60D),2872,12,3.5,10,2.0,"ST1(12,3.5)+ST2(10,2.0)",1.5%,1:3,1%,1.5,3.0,"ST1(12,3.5)+ST2(10,2.0)",10000,9690.9,-309.1,-3.09,1070.0,10.7,176.81400000000002,-62.84,98.23,-62.84,147.345,-62.84,36.23,63.77,0.89,-4.48,69,25,44,0,2,2,1.5,1.5,0,0,0,0,54.86,1.5,5,0.5,2455.75,2764.96,4.5%,"BTC_INR_30m_ST1(12,3.5)+ST2(10,2.0)_SL1.5pct_1-3",0,2
SOL/INR,15m,2026-07-25 to 2026-09-24 (60D),5742,14,2.0,12,3.5,"ST1(14,2.0)+ST2(12,3.5)",1.5%,1:3,1%,1.5,3.0,"ST1(14,2.0)+ST2(12,3.5)",10000,9684.68,-315.32,-3.15,1456.0,14.56,213.012,-81.43,118.34,-81.43,177.51,-81.43,39.22,60.78,0.94,-3.09,102,40,62,0,2,2,1.5,1.5,0,0,0,0,69.09,1.5,5,0.5,4733.6,5048.660000000001,4.5%,"SOL_INR_15m_ST1(14,2.0)+ST2(12,3.5)_SL1.5pct_1-3",2,1
SOL/INR,15m,2026-07-25 to 2026-09-24 (60D),5742,12,3.5,14,2.0,"ST1(12,3.5)+ST2(14,2.0)",1.5%,1:3,1%,1.5,3.0,"ST1(12,3.5)+ST2(14,2.0)",10000,9684.68,-315.32,-3.15,1456.0,14.56,213.012,-81.43,118.34,-81.43,177.51,-81.43,39.22,60.78,0.94,-3.09,102,40,62,0,2,2,1.5,1.5,0,0,0,0,69.09,1.5,5,0.5,4733.6,5048.660000000001,4.5%,"SOL_INR_15m_ST1(12,3.5)+ST2(14,2.0)_SL1.5pct_1-3",2,1
SOL/INR,15m,2026-07-25 to 2026-09-24 (60D),5742,12,4.0,10,3.5,"ST1(12,4.0)+ST2(10,3.5)",1.5%,1:3,1%,1.5,3.0,"ST1(12,4.0)+ST2(10,3.5)",10000,9681.7,-318.3,-3.18,1418.0,14.18,208.8,-84.72,116.0,-84.72,174.0,-84.72,40.74,59.26,0.94,-2.95,108,44,64,0,2,2,1.5,1.5,0,0,0,0,78.28,1.5,5,0.5,5104.0,5422.08,4.5%,"SOL_INR_15m_ST1(12,4.0)+ST2(10,3.5)_SL1.5pct_1-3",2,1
SOL/INR,15m,2026-07-25 to 2026-09-24 (60D),5742,10,3.5,12,4.0,"ST1(10,3.5)+ST2(12,4.0)",1.5%,1:3,1%,1.5,3.0,"ST1(10,3.5)+ST2(12,4.0)",10000,9681.7,-318.3,-3.18,1418.0,14.18,208.8,-84.72,116.0,-84.72,174.0,-84.72,40.74,59.26,0.94,-2.95,108,44,64,0,2,2,1.5,1.5,0,0,0,0,78.28,1.5,5,0.5,5104.0,5422.08,4.5%,"SOL_INR_15m_ST1(10,3.5)+ST2(12,4.0)_SL1.5pct_1-3",2,1
BTC/INR,30m,2026-07-25 to 2026-09-24 (60D),2872,14,4.0,12,2.0,"ST1(14,4.0)+ST2(12,2.0)",1.5%,1:3,1%,1.5,3.0,"ST1(14,4.0)+ST2(12,2.0)",10000,9680.36,-319.64,-3.2,1031.0,10.31,170.82000000000002,-67.3,94.9,-67.3,142.35000000000002,-67.3,38.46,61.54,0.88,-4.92,65,25,40,0,2,2,1.5,1.5,0,0,0,0,51.86,1.5,5,0.5,2372.5,2692.0,4.5%,"BTC_INR_30m_ST1(14,4.0)+ST2(12,2.0)_SL1.5pct_1-3",0,2
BTC/INR,30m,2026-07-25 to 2026-09-24 (60D),2872,12,2.0,14,4.0,"ST1(12,2.0)+ST2(14,4.0)",1.5%,1:3,1%,1.5,3.0,"ST1(12,2.0)+ST2(14,4.0)",10000,9680.36,-319.64,-3.2,1031.0,10.31,170.82000000000002,-67.3,94.9,-67.3,142.35000000000002,-67.3,38.46,61.54,0.88,-4.92,65,25,40,0,2,2,1.5,1.5,0,0,0,0,51.86,1.5,5,0.5,2372.5,2692.0,4.5%,"BTC_INR_30m_ST1(12,2.0)+ST2(14,4.0)_SL1.5pct_1-3",0,2
BTC/INR,15m,2026-07-25 to 2026-09-24 (60D),5742,7,3.5,7,3.0,"ST1(7,3.5)+ST2(7,3.0)",1.5%,1:3,1%,1.5,3.0,"ST1(7,3.5)+ST2(7,3.0)",10000,9679.15,-320.85,-3.21,764.0,7.64,157.806,-64.74,87.67,-64.74,131.505,-64.74,40.0,60.0,0.9,-3.78,85,34,51,0,2,2,1.5,1.5,0,0,0,0,82.81,1.5,5,0.5,2980.78,3301.74,4.5%,"BTC_INR_15m_ST1(7,3.5)+ST2(7,3.0)_SL1.5pct_1-3",0,1
BTC/INR,15m,2026-07-25 to 2026-09-24 (60D),5742,7,3.0,7,3.5,"ST1(7,3.0)+ST2(7,3.5)",1.5%,1:3,1%,1.5,3.0,"ST1(7,3.0)+ST2(7,3.5)",10000,9679.15,-320.85,-3.21,764.0,7.64,157.806,-64.74,87.67,-64.74,131.505,-64.74,40.0,60.0,0.9,-3.78,85,34,51,0,2,2,1.5,1.5,0,0,0,0,82.81,1.5,5,0.5,2980.78,3301.74,4.5%,"BTC_INR_15m_ST1(7,3.0)+ST2(7,3.5)_SL1.5pct_1-3",0,1
SOL/INR,15m,2026-07-25 to 2026-09-24 (60D),5742,14,3.5,12,3.0,"ST1(14,3.5)+ST2(12,3.0)",1.5%,1:3,1%,1.5,3.0,"ST1(14,3.5)+ST2(12,3.0)",10000,9677.73,-322.27,-3.22,1554.0,15.54,221.724,-81.4,123.18,-81.4,184.77,-81.4,38.32,61.68,0.94,-3.01,107,41,66,0,2,2,1.5,1.5,0,0,0,0,74.07,1.5,5,0.5,5050.38,5372.400000000001,4.5%,"SOL_INR_15m_ST1(14,3.5)+ST2(12,3.0)_SL1.5pct_1-3",2,1
SOL/INR,15m,2026-07-25 to 2026-09-24 (60D),5742,12,3.0,14,3.5,"ST1(12,3.0)+ST2(14,3.5)",1.5%,1:3,1%,1.5,3.0,"ST1(12,3.0)+ST2(14,3.5)",10000,9677.73,-322.27,-3.22,1554.0,15.54,221.724,-81.4,123.18,-81.4,184.77,-81.4,38.32,61.68,0.94,-3.01,107,41,66,0,2,2,1.5,1.5,0,0,0,0,74.07,1.5,5,0.5,5050.38,5372.400000000001,4.5%,"SOL_INR_15m_ST1(12,3.0)+ST2(14,3.5)_SL1.5pct_1-3",2,1
SOL/INR,15m,2026-07-25 to 2026-09-24 (60D),5742,7,3.0,10,3.5,"ST1(7,3.0)+ST2(10,3.5)",1.5%,1:3,1%,1.5,3.0,"ST1(7,3.0)+ST2(10,3.5)",10000,9676.41,-323.59,-3.24,1388.0,13.88,201.564,-83.35,111.98,-83.35,167.97,-83.35,41.12,58.88,0.94,-3.02,107,44,63,0,2,2,1.5,1.5,0,0,0,0,77.31,1.5,5,0.5,4927.12,5251.049999999999,4.5%,"SOL_INR_15m_ST1(7,3.0)+ST2(10,3.5)_SL1.5pct_1-3",2,1
SOL/INR,15m,2026-07-25 to 2026-09-24 (60D),5742,10,3.5,7,3.0,"ST1(10,3.5)+ST2(7,3.0)",1.5%,1:3,1%,1.5,3.0,"ST1(10,3.5)+ST2(7,3.0)",10000,9676.41,-323.59,-3.24,1388.0,13.88,201.564,-83.35,111.98,-83.35,167.97,-83.35,41.12,58.88,0.94,-3.02,107,44,63,0,2,2,1.5,1.5,0,0,0,0,77.31,1.5,5,0.5,4927.12,5251.049999999999,4.5%,"SOL_INR_15m_ST1(10,3.5)+ST2(7,3.0)_SL1.5pct_1-3",2,1
BTC/INR,15m,2026-07-25 to 2026-09-24 (60D),5742,7,3.5,10,3.0,"ST1(7,3.5)+ST2(10,3.0)",1.5%,1:3,1%,1.5,3.0,"ST1(7,3.5)+ST2(10,3.0)",10000,9676.08,-323.92,-3.24,869.0,8.69,161.046,-66.0,89.47,-66.0,134.20499999999998,-66.0,40.0,60.0,0.9,-3.81,85,34,51,0,2,2,1.5,1.5,0,0,0,0,82.39,1.5,5,0.5,3041.98,3366.0,4.5%,"BTC_INR_15m_ST1(7,3.5)+ST2(10,3.0)_SL1.5pct_1-3",0,1
BTC/INR,15m,2026-07-25 to 2026-09-24 (60D),5742,10,3.0,7,3.5,"ST1(10,3.0)+ST2(7,3.5)",1.5%,1:3,1%,1.5,3.0,"ST1(10,3.0)+ST2(7,3.5)",10000,9676.08,-323.92,-3.24,869.0,8.69,161.046,-66.0,89.47,-66.0,134.20499999999998,-66.0,40.0,60.0,0.9,-3.81,85,34,51,0,2,2,1.5,1.5,0,0,0,0,82.39,1.5,5,0.5,3041.98,3366.0,4.5%,"BTC_INR_15m_ST1(10,3.0)+ST2(7,3.5)_SL1.5pct_1-3",0,1
ETH/INR,30m,2026-07-25 to 2026-09-24 (60D),2872,7,2.0,10,3.0,"ST1(7,2.0)+ST2(10,3.0)",1.5%,1:3,1%,1.5,3.0,"ST1(7,2.0)+ST2(10,3.0)",10000,9674.56,-325.44,-3.25,981.0,9.81,197.856,-69.45,109.92,-69.45,164.88,-69.45,36.36,63.64,0.9,-4.23,77,28,49,0,2,2,1.5,1.5,0,0,0,0,65.1,1.5,5,0.5,3077.76,3403.05,4.5%,"ETH_INR_30m_ST1(7,2.0)+ST2(10,3.0)_SL1.5pct_1-3",1,2
ETH/INR,30m,2026-07-25 to 2026-09-24 (60D),2872,10,3.0,7,2.0,"ST1(10,3.0)+ST2(7,2.0)",1.5%,1:3,1%,1.5,3.0,"ST1(10,3.0)+ST2(7,2.0)",10000,9674.56,-325.44,-3.25,981.0,9.81,197.856,-69.45,109.92,-69.45,164.88,-69.45,36.36,63.64,0.9,-4.23,77,28,49,0,2,2,1.5,1.5,0,0,0,0,65.1,1.5,5,0.5,3077.76,3403.05,4.5%,"ETH_INR_30m_ST1(10,3.0)+ST2(7,2.0)_SL1.5pct_1-3",1,2
ETH/INR,30m,2026-07-25 to 2026-09-24 (60D),2872,7,2.0,10,2.0,"ST1(7,2.0)+ST2(10,2.0)",1.5%,1:3,1%,1.5,3.0,"ST1(7,2.0)+ST2(10,2.0)",10000,9668.82,-331.18,-3.31,1029.0,10.29,199.296,-67.28,110.72,-67.28,166.07999999999998,-67.28,35.44,64.56,0.9,-4.19,79,28,51,0,2,2,1.5,1.5,0,0,0,0,63.85,1.5,5,0.5,3100.16,3431.28,4.5%,"ETH_INR_30m_ST1(7,2.0)+ST2(10,2.0)_SL1.5pct_1-3",1,2
ETH/INR,30m,2026-07-25 to 2026-09-24 (60D),2872,10,2.0,7,2.0,"ST1(10,2.0)+ST2(7,2.0)",1.5%,1:3,1%,1.5,3.0,"ST1(10,2.0)+ST2(7,2.0)",10000,9668.82,-331.18,-3.31,1029.0,10.29,199.296,-67.28,110.72,-67.28,166.07999999999998,-67.28,35.44,64.56,0.9,-4.19,79,28,51,0,2,2,1.5,1.5,0,0,0,0,63.85,1.5,5,0.5,3100.16,3431.28,4.5%,"ETH_INR_30m_ST1(10,2.0)+ST2(7,2.0)_SL1.5pct_1-3",1,2
SOL/INR,15m,2026-07-25 to 2026-09-24 (60D),5742,7,3.5,12,4.0,"ST1(7,3.5)+ST2(12,4.0)",1.5%,1:3,1%,1.5,3.0,"ST1(7,3.5)+ST2(12,4.0)",10000,9665.37,-334.63,-3.35,1528.0,15.28,206.964,-83.79,114.98,-83.79,172.47,-83.79,40.57,59.43,0.94,-3.16,106,43,63,0,2,2,1.5,1.5,0,0,0,0,77.01,1.5,5,0.5,4944.14,5278.77,4.5%,"SOL_INR_15m_ST1(7,3.5)+ST2(12,4.0)_SL1.5pct_1-3",2,1
SOL/INR,15m,2026-07-25 to 2026-09-24 (60D),5742,12,4.0,7,3.5,"ST1(12,4.0)+ST2(7,3.5)",1.5%,1:3,1%,1.5,3.0,"ST1(12,4.0)+ST2(7,3.5)",10000,9665.37,-334.63,-3.35,1528.0,15.28,206.964,-83.79,114.98,-83.79,172.47,-83.79,40.57,59.43,0.94,-3.16,106,43,63,0,2,2,1.5,1.5,0,0,0,0,77.01,1.5,5,0.5,4944.14,5278.77,4.5%,"SOL_INR_15m_ST1(12,4.0)+ST2(7,3.5)_SL1.5pct_1-3",2,1
BTC/INR,15m,2026-07-25 to 2026-09-24 (60D),5742,7,3.0,10,3.0,"ST1(7,3.0)+ST2(10,3.0)",1.5%,1:3,1%,1.5,3.0,"ST1(7,3.0)+ST2(10,3.0)",10000,9664.62,-335.38,-3.35,807.0,8.07,159.966,-65.82,88.87,-65.82,133.305,-65.82,40.0,60.0,0.9,-3.95,85,34,51,0,2,2,1.5,1.5,0,0,0,0,82.1,1.5,5,0.5,3021.58,3356.82,4.5%,"BTC_INR_15m_ST1(7,3.0)+ST2(10,3.0)_SL1.5pct_1-3",0,1
BTC/INR,15m,2026-07-25 to 2026-09-24 (60D),5742,10,3.0,7,3.0,"ST1(10,3.0)+ST2(7,3.0)",1.5%,1:3,1%,1.5,3.0,"ST1(10,3.0)+ST2(7,3.0)",10000,9664.62,-335.38,-3.35,807.0,8.07,159.966,-65.82,88.87,-65.82,133.305,-65.82,40.0,60.0,0.9,-3.95,85,34,51,0,2,2,1.5,1.5,0,0,0,0,82.1,1.5,5,0.5,3021.58,3356.82,4.5%,"BTC_INR_15m_ST1(10,3.0)+ST2(7,3.0)_SL1.5pct_1-3",0,1
SOL/INR,15m,2026-07-25 to 2026-09-24 (60D),5742,14,4.0,7,4.0,"ST1(14,4.0)+ST2(7,4.0)",1.5%,1:3,1%,1.5,3.0,"ST1(14,4.0)+ST2(7,4.0)",10000,9661.92,-338.08,-3.38,1297.0,12.97,202.284,-85.64,112.38,-85.64,168.57,-85.64,41.67,58.33,0.94,-3.13,108,45,63,0,2,2,1.5,1.5,0,0,0,0,75.32,1.5,5,0.5,5057.099999999999,5395.32,4.5%,"SOL_INR_15m_ST1(14,4.0)+ST2(7,4.0)_SL1.5pct_1-3",2,1
SOL/INR,15m,2026-07-25 to 2026-09-24 (60D),5742,7,4.0,14,4.0,"ST1(7,4.0)+ST2(14,4.0)",1.5%,1:3,1%,1.5,3.0,"ST1(7,4.0)+ST2(14,4.0)",10000,9661.92,-338.08,-3.38,1297.0,12.97,202.284,-85.64,112.38,-85.64,168.57,-85.64,41.67,58.33,0.94,-3.13,108,45,63,0,2,2,1.5,1.5,0,0,0,0,75.32,1.5,5,0.5,5057.099999999999,5395.32,4.5%,"SOL_INR_15m_ST1(7,4.0)+ST2(14,4.0)_SL1.5pct_1-3",2,1
SOL/INR,15m,2026-07-25 to 2026-09-24 (60D),5742,14,3.0,7,2.0,"ST1(14,3.0)+ST2(7,2.0)",1.5%,1:3,1%,1.5,3.0,"ST1(14,3.0)+ST2(7,2.0)",10000,9658.42,-341.58,-3.42,1529.0,15.29,205.038,-81.09,113.91,-81.09,170.865,-81.09,39.8,60.2,0.93,-3.49,98,39,59,0,2,2,1.5,1.5,0,0,0,0,66.98,1.5,5,0.5,4442.49,4784.31,4.5%,"SOL_INR_15m_ST1(14,3.0)+ST2(7,2.0)_SL1.5pct_1-3",2,1
SOL/INR,15m,2026-07-25 to 2026-09-24 (60D),5742,7,2.0,14,3.0,"ST1(7,2.0)+ST2(14,3.0)",1.5%,1:3,1%,1.5,3.0,"ST1(7,2.0)+ST2(14,3.0)",10000,9658.42,-341.58,-3.42,1529.0,15.29,205.038,-81.09,113.91,-81.09,170.865,-81.09,39.8,60.2,0.93,-3.49,98,39,59,0,2,2,1.5,1.5,0,0,0,0,66.98,1.5,5,0.5,4442.49,4784.31,4.5%,"SOL_INR_15m_ST1(7,2.0)+ST2(14,3.0)_SL1.5pct_1-3",2,1
SOL/INR,15m,2026-07-25 to 2026-09-24 (60D),5742,7,3.5,12,3.5,"ST1(7,3.5)+ST2(12,3.5)",1.5%,1:3,1%,1.5,3.0,"ST1(7,3.5)+ST2(12,3.5)",10000,9657.19,-342.81,-3.43,1548.0,15.48,207.522,-81.55,115.29,-81.55,172.935,-81.55,39.81,60.19,0.94,-3.17,108,43,65,0,2,2,1.5,1.5,0,0,0,0,76.52,1.5,5,0.5,4957.47,5300.75,4.5%,"SOL_INR_15m_ST1(7,3.5)+ST2(12,3.5)_SL1.5pct_1-3",2,1
SOL/INR,15m,2026-07-25 to 2026-09-24 (60D),5742,12,3.5,7,3.5,"ST1(12,3.5)+ST2(7,3.5)",1.5%,1:3,1%,1.5,3.0,"ST1(12,3.5)+ST2(7,3.5)",10000,9657.19,-342.81,-3.43,1548.0,15.48,207.522,-81.55,115.29,-81.55,172.935,-81.55,39.81,60.19,0.94,-3.17,108,43,65,0,2,2,1.5,1.5,0,0,0,0,76.52,1.5,5,0.5,4957.47,5300.75,4.5%,"SOL_INR_15m_ST1(12,3.5)+ST2(7,3.5)_SL1.5pct_1-3",2,1
SOL/INR,30m,2026-07-25 to 2026-09-24 (60D),2872,10,4.0,14,4.0,"ST1(10,4.0)+ST2(14,4.0)",1.5%,1:3,1%,1.5,3.0,"ST1(10,4.0)+ST2(14,4.0)",10000,9656.98,-343.02,-3.43,1202.0,12.02,270.63,-90.42,150.35,-90.42,225.525,-90.42,35.96,64.03999999999999,0.93,-3.85,89,32,57,0,2,2,1.5,1.5,0,0,0,0,59.04,1.5,5,0.5,4811.2,5153.9400000000005,4.5%,"SOL_INR_30m_ST1(10,4.0)+ST2(14,4.0)_SL1.5pct_1-3",2,2
SOL/INR,30m,2026-07-25 to 2026-09-24 (60D),2872,14,4.0,10,4.0,"ST1(14,4.0)+ST2(10,4.0)",1.5%,1:3,1%,1.5,3.0,"ST1(14,4.0)+ST2(10,4.0)",10000,9656.98,-343.02,-3.43,1202.0,12.02,270.63,-90.42,150.35,-90.42,225.525,-90.42,35.96,64.03999999999999,0.93,-3.85,89,32,57,0,2,2,1.5,1.5,0,0,0,0,59.04,1.5,5,0.5,4811.2,5153.9400000000005,4.5%,"SOL_INR_30m_ST1(14,4.0)+ST2(10,4.0)_SL1.5pct_1-3",2,2
BTC/INR,30m,2026-07-25 to 2026-09-24 (60D),2872,7,4.0,14,3.5,"ST1(7,4.0)+ST2(14,3.5)",1.5%,1:3,1%,1.5,3.0,"ST1(7,4.0)+ST2(14,3.5)",10000,9656.9,-343.1,-3.43,1002.0,10.02,171.72000000000003,-64.14,95.4,-64.14,143.10000000000002,-64.14,37.33,62.67,0.89,-4.57,75,28,47,0,2,2,1.5,1.5,0,0,0,0,67.29,1.5,5,0.5,2671.2000000000003,3014.58,4.5%,"BTC_INR_30m_ST1(7,4.0)+ST2(14,3.5)_SL1.5pct_1-3",0,2
BTC/INR,30m,2026-07-25 to 2026-09-24 (60D),2872,14,3.5,7,4.0,"ST1(14,3.5)+ST2(7,4.0)",1.5%,1:3,1%,1.5,3.0,"ST1(14,3.5)+ST2(7,4.0)",10000,9656.9,-343.1,-3.43,1002.0,10.02,171.72000000000003,-64.14,95.4,-64.14,143.10000000000002,-64.14,37.33,62.67,0.89,-4.57,75,28,47,0,2,2,1.5,1.5,0,0,0,0,67.29,1.5,5,0.5,2671.2000000000003,3014.58,4.5%,"BTC_INR_30m_ST1(14,3.5)+ST2(7,4.0)_SL1.5pct_1-3",0,2
SOL/INR,15m,2026-07-25 to 2026-09-24 (60D),5742,14,3.5,7,2.0,"ST1(14,3.5)+ST2(7,2.0)",1.5%,1:3,1%,1.5,3.0,"ST1(14,3.5)+ST2(7,2.0)",10000,9650.29,-349.71,-3.5,1621.0,16.21,201.276,-82.24,111.82,-82.24,167.73,-82.24,40.59,59.41,0.93,-3.46,101,41,60,0,2,2,1.5,1.5,0,0,0,0,68.91,1.5,5,0.5,4584.62,4934.4,4.5%,"SOL_INR_15m_ST1(14,3.5)+ST2(7,2.0)_SL1.5pct_1-3",2,1
SOL/INR,15m,2026-07-25 to 2026-09-24 (60D),5742,7,2.0,14,3.5,"ST1(7,2.0)+ST2(14,3.5)",1.5%,1:3,1%,1.5,3.0,"ST1(7,2.0)+ST2(14,3.5)",10000,9650.29,-349.71,-3.5,1621.0,16.21,201.276,-82.24,111.82,-82.24,167.73,-82.24,40.59,59.41,0.93,-3.46,101,41,60,0,2,2,1.5,1.5,0,0,0,0,68.91,1.5,5,0.5,4584.62,4934.4,4.5%,"SOL_INR_15m_ST1(7,2.0)+ST2(14,3.5)_SL1.5pct_1-3",2,1
SOL/INR,15m,2026-07-25 to 2026-09-24 (60D),5742,7,2.0,10,4.0,"ST1(7,2.0)+ST2(10,4.0)",1.5%,1:3,1%,1.5,3.0,"ST1(7,2.0)+ST2(10,4.0)",10000,9649.53,-350.47,-3.5,1463.0,14.63,194.202,-80.45,107.89,-80.45,161.835,-80.45,40.82,59.18,0.92,-3.58,98,40,58,0,2,2,1.5,1.5,0,0,0,0,67.96,1.5,5,0.5,4315.6,4666.1,4.5%,"SOL_INR_15m_ST1(7,2.0)+ST2(10,4.0)_SL1.5pct_1-3",2,1
SOL/INR,15m,2026-07-25 to 2026-09-24 (60D),5742,10,4.0,7,2.0,"ST1(10,4.0)+ST2(7,2.0)",1.5%,1:3,1%,1.5,3.0,"ST1(10,4.0)+ST2(7,2.0)",10000,9649.53,-350.47,-3.5,1463.0,14.63,194.202,-80.45,107.89,-80.45,161.835,-80.45,40.82,59.18,0.92,-3.58,98,40,58,0,2,2,1.5,1.5,0,0,0,0,67.96,1.5,5,0.5,4315.6,4666.1,4.5%,"SOL_INR_15m_ST1(10,4.0)+ST2(7,2.0)_SL1.5pct_1-3",2,1
BTC/INR,30m,2026-07-25 to 2026-09-24 (60D),2872,7,2.0,10,3.0,"ST1(7,2.0)+ST2(10,3.0)",1.5%,1:3,1%,1.5,3.0,"ST1(7,2.0)+ST2(10,3.0)",10000,9647.67,-352.33,-3.52,758.0,7.58,169.632,-58.39,94.24,-58.39,141.36,-58.39,35.14,64.86,0.87,-4.76,74,26,48,0,2,2,1.5,1.5,0,0,0,0,63.64,1.5,5,0.5,2450.24,2802.7200000000003,4.5%,"BTC_INR_30m_ST1(7,2.0)+ST2(10,3.0)_SL1.5pct_1-3",0,2
BTC/INR,30m,2026-07-25 to 2026-09-24 (60D),2872,10,3.0,7,2.0,"ST1(10,3.0)+ST2(7,2.0)",1.5%,1:3,1%,1.5,3.0,"ST1(10,3.0)+ST2(7,2.0)",10000,9647.67,-352.33,-3.52,758.0,7.58,169.632,-58.39,94.24,-58.39,141.36,-58.39,35.14,64.86,0.87,-4.76,74,26,48,0,2,2,1.5,1.5,0,0,0,0,63.64,1.5,5,0.5,2450.24,2802.7200000000003,4.5%,"BTC_INR_30m_ST1(10,3.0)+ST2(7,2.0)_SL1.5pct_1-3",0,2
SOL/INR,15m,2026-07-25 to 2026-09-24 (60D),5742,14,4.0,12,3.5,"ST1(14,4.0)+ST2(12,3.5)",1.5%,1:3,1%,1.5,3.0,"ST1(14,4.0)+ST2(12,3.5)",10000,9647.37,-352.63,-3.53,1432.0,14.32,210.528,-85.92,116.96,-85.92,175.44,-85.92,40.74,59.26,0.94,-3.26,108,44,64,0,2,2,1.5,1.5,0,0,0,0,76.42,1.5,5,0.5,5146.24,5498.88,4.5%,"SOL_INR_15m_ST1(14,4.0)+ST2(12,3.5)_SL1.5pct_1-3",2,1
SOL/INR,15m,2026-07-25 to 2026-09-24 (60D),5742,12,3.5,14,4.0,"ST1(12,3.5)+ST2(14,4.0)",1.5%,1:3,1%,1.5,3.0,"ST1(12,3.5)+ST2(14,4.0)",10000,9647.37,-352.63,-3.53,1432.0,14.32,210.528,-85.92,116.96,-85.92,175.44,-85.92,40.74,59.26,0.94,-3.26,108,44,64,0,2,2,1.5,1.5,0,0,0,0,76.42,1.5,5,0.5,5146.24,5498.88,4.5%,"SOL_INR_15m_ST1(12,3.5)+ST2(14,4.0)_SL1.5pct_1-3",2,1
BTC/INR,30m,2026-07-25 to 2026-09-24 (60D),2872,12,4.0,7,4.0,"ST1(12,4.0)+ST2(7,4.0)",1.5%,1:3,1%,1.5,3.0,"ST1(12,4.0)+ST2(7,4.0)",10000,9644.63,-355.37,-3.55,983.0,9.83,173.556,-65.66,96.42,-65.66,144.63,-65.66,37.66,62.34,0.89,-4.61,77,29,48,0,2,2,1.5,1.5,0,0,0,0,69.84,1.5,5,0.5,2796.18,3151.68,4.5%,"BTC_INR_30m_ST1(12,4.0)+ST2(7,4.0)_SL1.5pct_1-3",0,2
BTC/INR,30m,2026-07-25 to 2026-09-24 (60D),2872,7,4.0,12,4.0,"ST1(7,4.0)+ST2(12,4.0)",1.5%,1:3,1%,1.5,3.0,"ST1(7,4.0)+ST2(12,4.0)",10000,9644.63,-355.37,-3.55,983.0,9.83,173.556,-65.66,96.42,-65.66,144.63,-65.66,37.66,62.34,0.89,-4.61,77,29,48,0,2,2,1.5,1.5,0,0,0,0,69.84,1.5,5,0.5,2796.18,3151.68,4.5%,"BTC_INR_30m_ST1(7,4.0)+ST2(12,4.0)_SL1.5pct_1-3",0,2
BTC/INR,30m,2026-07-25 to 2026-09-24 (60D),2872,7,3.5,7,2.0,"ST1(7,3.5)+ST2(7,2.0)",1.5%,1:3,1%,1.5,3.0,"ST1(7,3.5)+ST2(7,2.0)",10000,9635.35,-364.65,-3.65,861.0,8.61,172.17000000000002,-61.24,95.65,-61.24,143.47500000000002,-61.24,35.71,64.28999999999999,0.87,-5.21,70,25,45,0,2,2,1.5,1.5,0,0,0,0,56.18,1.5,5,0.5,2391.25,2755.8,4.5%,"BTC_INR_30m_ST1(7,3.5)+ST2(7,2.0)_SL1.5pct_1-3",0,2
BTC/INR,30m,2026-07-25 to 2026-09-24 (60D),2872,7,2.0,7,3.5,"ST1(7,2.0)+ST2(7,3.5)",1.5%,1:3,1%,1.5,3.0,"ST1(7,2.0)+ST2(7,3.5)",10000,9635.35,-364.65,-3.65,861.0,8.61,172.17000000000002,-61.24,95.65,-61.24,143.47500000000002,-61.24,35.71,64.28999999999999,0.87,-5.21,70,25,45,0,2,2,1.5,1.5,0,0,0,0,56.18,1.5,5,0.5,2391.25,2755.8,4.5%,"BTC_INR_30m_ST1(7,2.0)+ST2(7,3.5)_SL1.5pct_1-3",0,2
SOL/INR,15m,2026-07-25 to 2026-09-24 (60D),5742,10,4.0,10,2.0,"ST1(10,4.0)+ST2(10,2.0)",1.5%,1:3,1%,1.5,3.0,"ST1(10,4.0)+ST2(10,2.0)",10000,9633.99,-366.01,-3.66,1318.0,13.18,193.446,-81.84,107.47,-81.84,161.20499999999998,-81.84,41.24,58.76,0.92,-3.77,97,40,57,0,2,2,1.5,1.5,0,0,0,0,67.85,1.5,5,0.5,4298.8,4664.88,4.5%,"SOL_INR_15m_ST1(10,4.0)+ST2(10,2.0)_SL1.5pct_1-3",2,1
SOL/INR,15m,2026-07-25 to 2026-09-24 (60D),5742,10,2.0,10,4.0,"ST1(10,2.0)+ST2(10,4.0)",1.5%,1:3,1%,1.5,3.0,"ST1(10,2.0)+ST2(10,4.0)",10000,9633.99,-366.01,-3.66,1318.0,13.18,193.446,-81.84,107.47,-81.84,161.20499999999998,-81.84,41.24,58.76,0.92,-3.77,97,40,57,0,2,2,1.5,1.5,0,0,0,0,67.85,1.5,5,0.5,4298.8,4664.88,4.5%,"SOL_INR_15m_ST1(10,2.0)+ST2(10,4.0)_SL1.5pct_1-3",2,1
BTC/INR,15m,2026-07-25 to 2026-09-24 (60D),5742,10,3.0,12,2.0,"ST1(10,3.0)+ST2(12,2.0)",1.5%,1:3,1%,1.5,3.0,"ST1(10,3.0)+ST2(12,2.0)",10000,9631.71,-368.29,-3.68,987.0,9.87,158.472,-65.47,88.04,-65.47,132.06,-65.47,39.76,60.24,0.89,-4.44,83,33,50,0,2,2,1.5,1.5,0,0,0,0,77.69,1.5,5,0.5,2905.32,3273.5,4.5%,"BTC_INR_15m_ST1(10,3.0)+ST2(12,2.0)_SL1.5pct_1-3",0,1
BTC/INR,15m,2026-07-25 to 2026-09-24 (60D),5742,12,2.0,10,3.0,"ST1(12,2.0)+ST2(10,3.0)",1.5%,1:3,1%,1.5,3.0,"ST1(12,2.0)+ST2(10,3.0)",10000,9631.71,-368.29,-3.68,987.0,9.87,158.472,-65.47,88.04,-65.47,132.06,-65.47,39.76,60.24,0.89,-4.44,83,33,50,0,2,2,1.5,1.5,0,0,0,0,77.69,1.5,5,0.5,2905.32,3273.5,4.5%,"BTC_INR_15m_ST1(12,2.0)+ST2(10,3.0)_SL1.5pct_1-3",0,1
BTC/INR,15m,2026-07-25 to 2026-09-24 (60D),5742,12,3.0,12,4.0,"ST1(12,3.0)+ST2(12,4.0)",1.5%,1:3,1%,1.5,3.0,"ST1(12,3.0)+ST2(12,4.0)",10000,9631.18,-368.82,-3.69,1033.0,10.33,149.472,-70.23,83.04,-70.23,124.56,-70.23,43.02,56.98,0.89,-4.29,86,37,49,0,2,2,1.5,1.5,0,0,0,0,77.76,1.5,5,0.5,3072.48,3441.27,4.5%,"BTC_INR_15m_ST1(12,3.0)+ST2(12,4.0)_SL1.5pct_1-3",0,1
BTC/INR,15m,2026-07-25 to 2026-09-24 (60D),5742,12,4.0,12,3.0,"ST1(12,4.0)+ST2(12,3.0)",1.5%,1:3,1%,1.5,3.0,"ST1(12,4.0)+ST2(12,3.0)",10000,9631.18,-368.82,-3.69,1033.0,10.33,149.472,-70.23,83.04,-70.23,124.56,-70.23,43.02,56.98,0.89,-4.29,86,37,49,0,2,2,1.5,1.5,0,0,0,0,77.76,1.5,5,0.5,3072.48,3441.27,4.5%,"BTC_INR_15m_ST1(12,4.0)+ST2(12,3.0)_SL1.5pct_1-3",0,1
BTC/INR,15m,2026-07-25 to 2026-09-24 (60D),5742,12,3.0,10,4.0,"ST1(12,3.0)+ST2(10,4.0)",1.5%,1:3,1%,1.5,3.0,"ST1(12,3.0)+ST2(10,4.0)",10000,9624.25,-375.75,-3.76,932.0,9.32,147.06,-67.69,81.7,-67.69,122.55,-67.69,42.35,57.65,0.89,-4.42,85,36,49,0,2,2,1.5,1.5,0,0,0,0,77.67,1.5,5,0.5,2941.2000000000003,3316.81,4.5%,"BTC_INR_15m_ST1(12,3.0)+ST2(10,4.0)_SL1.5pct_1-3",0,1
BTC/INR,15m,2026-07-25 to 2026-09-24 (60D),5742,10,4.0,12,3.0,"ST1(10,4.0)+ST2(12,3.0)",1.5%,1:3,1%,1.5,3.0,"ST1(10,4.0)+ST2(12,3.0)",10000,9624.25,-375.75,-3.76,932.0,9.32,147.06,-67.69,81.7,-67.69,122.55,-67.69,42.35,57.65,0.89,-4.42,85,36,49,0,2,2,1.5,1.5,0,0,0,0,77.67,1.5,5,0.5,2941.2000000000003,3316.81,4.5%,"BTC_INR_15m_ST1(10,4.0)+ST2(12,3.0)_SL1.5pct_1-3",0,1
SOL/INR,15m,2026-07-25 to 2026-09-24 (60D),5742,10,2.0,14,3.5,"ST1(10,2.0)+ST2(14,3.5)",1.5%,1:3,1%,1.5,3.0,"ST1(10,2.0)+ST2(14,3.5)",10000,9619.79,-380.21,-3.8,1491.0,14.91,200.43,-83.82,111.35,-83.82,167.02499999999998,-83.82,41.0,59.0,0.92,-3.8,100,41,59,0,2,2,1.5,1.5,0,0,0,0,69.49,1.5,5,0.5,4565.349999999999,4945.379999999999,4.5%,"SOL_INR_15m_ST1(10,2.0)+ST2(14,3.5)_SL1.5pct_1-3",2,1
SOL/INR,15m,2026-07-25 to 2026-09-24 (60D),5742,14,3.5,10,2.0,"ST1(14,3.5)+ST2(10,2.0)",1.5%,1:3,1%,1.5,3.0,"ST1(14,3.5)+ST2(10,2.0)",10000,9619.79,-380.21,-3.8,1491.0,14.91,200.43,-83.82,111.35,-83.82,167.02499999999998,-83.82,41.0,59.0,0.92,-3.8,100,41,59,0,2,2,1.5,1.5,0,0,0,0,69.49,1.5,5,0.5,4565.349999999999,4945.379999999999,4.5%,"SOL_INR_15m_ST1(14,3.5)+ST2(10,2.0)_SL1.5pct_1-3",2,1
BTC/INR,15m,2026-07-25 to 2026-09-24 (60D),5742,10,3.0,12,3.0,"ST1(10,3.0)+ST2(12,3.0)",1.5%,1:3,1%,1.5,3.0,"ST1(10,3.0)+ST2(12,3.0)",10000,9619.31,-380.69,-3.81,778.0,7.78,156.906,-67.28,87.17,-67.28,130.755,-67.28,40.7,59.3,0.89,-4.43,86,35,51,0,2,2,1.5,1.5,0,0,0,0,81.75,1.5,5,0.5,3050.9500000000003,3431.28,4.5%,"BTC_INR_15m_ST1(10,3.0)+ST2(12,3.0)_SL1.5pct_1-3",0,1
BTC/INR,15m,2026-07-25 to 2026-09-24 (60D),5742,12,3.0,10,3.0,"ST1(12,3.0)+ST2(10,3.0)",1.5%,1:3,1%,1.5,3.0,"ST1(12,3.0)+ST2(10,3.0)",10000,9619.31,-380.69,-3.81,778.0,7.78,156.906,-67.28,87.17,-67.28,130.755,-67.28,40.7,59.3,0.89,-4.43,86,35,51,0,2,2,1.5,1.5,0,0,0,0,81.75,1.5,5,0.5,3050.9500000000003,3431.28,4.5%,"BTC_INR_15m_ST1(12,3.0)+ST2(10,3.0)_SL1.5pct_1-3",0,1
SOL/INR,15m,2026-07-25 to 2026-09-24 (60D),5742,12,2.0,7,4.0,"ST1(12,2.0)+ST2(7,4.0)",1.5%,1:3,1%,1.5,3.0,"ST1(12,2.0)+ST2(7,4.0)",10000,9618.4,-381.6,-3.82,1190.0,11.9,193.41,-82.1,107.45,-82.1,161.175,-82.1,41.24,58.76,0.92,-3.93,97,40,57,0,2,2,1.5,1.5,0,0,0,0,66.53,1.5,5,0.5,4298.0,4679.7,4.5%,"SOL_INR_15m_ST1(12,2.0)+ST2(7,4.0)_SL1.5pct_1-3",2,1
SOL/INR,15m,2026-07-25 to 2026-09-24 (60D),5742,7,4.0,12,2.0,"ST1(7,4.0)+ST2(12,2.0)",1.5%,1:3,1%,1.5,3.0,"ST1(7,4.0)+ST2(12,2.0)",10000,9618.4,-381.6,-3.82,1190.0,11.9,193.41,-82.1,107.45,-82.1,161.175,-82.1,41.24,58.76,0.92,-3.93,97,40,57,0,2,2,1.5,1.5,0,0,0,0,66.53,1.5,5,0.5,4298.0,4679.7,4.5%,"SOL_INR_15m_ST1(7,4.0)+ST2(12,2.0)_SL1.5pct_1-3",2,1
BTC/INR,30m,2026-07-25 to 2026-09-24 (60D),2872,10,2.0,12,3.0,"ST1(10,2.0)+ST2(12,3.0)",1.5%,1:3,1%,1.5,3.0,"ST1(10,2.0)+ST2(12,3.0)",10000,9618.36,-381.64,-3.82,840.0,8.4,175.32000000000002,-62.74,97.4,-62.74,146.10000000000002,-62.74,36.0,64.0,0.87,-5.09,75,27,48,0,2,2,1.5,1.5,0,0,0,0,61.41,1.5,5,0.5,2629.8,3011.52,4.5%,"BTC_INR_30m_ST1(10,2.0)+ST2(12,3.0)_SL1.5pct_1-3",0,2
BTC/INR,30m,2026-07-25 to 2026-09-24 (60D),2872,12,3.0,10,2.0,"ST1(12,3.0)+ST2(10,2.0)",1.5%,1:3,1%,1.5,3.0,"ST1(12,3.0)+ST2(10,2.0)",10000,9618.36,-381.64,-3.82,840.0,8.4,175.32000000000002,-62.74,97.4,-62.74,146.10000000000002,-62.74,36.0,64.0,0.87,-5.09,75,27,48,0,2,2,1.5,1.5,0,0,0,0,61.41,1.5,5,0.5,2629.8,3011.52,4.5%,"BTC_INR_30m_ST1(12,3.0)+ST2(10,2.0)_SL1.5pct_1-3",0,2
SOL/INR,15m,2026-07-25 to 2026-09-24 (60D),5742,14,3.0,12,4.0,"ST1(14,3.0)+ST2(12,4.0)",1.5%,1:3,1%,1.5,3.0,"ST1(14,3.0)+ST2(12,4.0)",10000,9616.35,-383.65,-3.84,1444.0,14.44,213.804,-81.51,118.78,-81.51,178.17000000000002,-81.51,38.83,61.17,0.93,-3.73,103,40,63,0,2,2,1.5,1.5,0,0,0,0,74.42,1.5,5,0.5,4751.2,5135.13,4.5%,"SOL_INR_15m_ST1(14,3.0)+ST2(12,4.0)_SL1.5pct_1-3",2,1
SOL/INR,15m,2026-07-25 to 2026-09-24 (60D),5742,12,4.0,14,3.0,"ST1(12,4.0)+ST2(14,3.0)",1.5%,1:3,1%,1.5,3.0,"ST1(12,4.0)+ST2(14,3.0)",10000,9616.35,-383.65,-3.84,1444.0,14.44,213.804,-81.51,118.78,-81.51,178.17000000000002,-81.51,38.83,61.17,0.93,-3.73,103,40,63,0,2,2,1.5,1.5,0,0,0,0,74.42,1.5,5,0.5,4751.2,5135.13,4.5%,"SOL_INR_15m_ST1(12,4.0)+ST2(14,3.0)_SL1.5pct_1-3",2,1
SOL/INR,15m,2026-07-25 to 2026-09-24 (60D),5742,14,4.0,7,3.5,"ST1(14,4.0)+ST2(7,3.5)",1.5%,1:3,1%,1.5,3.0,"ST1(14,4.0)+ST2(7,3.5)",10000,9609.55,-390.45,-3.9,1542.0,15.42,208.42200000000005,-85.23,115.79,-85.23,173.685,-85.23,40.57,59.43,0.93,-3.68,106,43,63,0,2,2,1.5,1.5,0,0,0,0,76.23,1.5,5,0.5,4978.97,5369.490000000001,4.5%,"SOL_INR_15m_ST1(14,4.0)+ST2(7,3.5)_SL1.5pct_1-3",2,1
SOL/INR,15m,2026-07-25 to 2026-09-24 (60D),5742,7,3.5,14,4.0,"ST1(7,3.5)+ST2(14,4.0)",1.5%,1:3,1%,1.5,3.0,"ST1(7,3.5)+ST2(14,4.0)",10000,9609.55,-390.45,-3.9,1542.0,15.42,208.42200000000005,-85.23,115.79,-85.23,173.685,-85.23,40.57,59.43,0.93,-3.68,106,43,63,0,2,2,1.5,1.5,0,0,0,0,76.23,1.5,5,0.5,4978.97,5369.490000000001,4.5%,"SOL_INR_15m_ST1(7,3.5)+ST2(14,4.0)_SL1.5pct_1-3",2,1
ETH/INR,30m,2026-07-25 to 2026-09-24 (60D),2872,12,3.0,14,3.0,"ST1(12,3.0)+ST2(14,3.0)",1.5%,1:3,1%,1.5,3.0,"ST1(12,3.0)+ST2(14,3.0)",10000,9608.39,-391.61,-3.92,1028.0,10.28,197.352,-68.68,109.64,-68.68,164.46,-68.68,35.8,64.2,0.89,-4.83,81,29,52,0,2,2,1.5,1.5,0,0,0,0,69.0,1.5,5,0.5,3179.56,3571.3600000000006,4.5%,"ETH_INR_30m_ST1(12,3.0)+ST2(14,3.0)_SL1.5pct_1-3",1,2
ETH/INR,30m,2026-07-25 to 2026-09-24 (60D),2872,14,3.0,12,3.0,"ST1(14,3.0)+ST2(12,3.0)",1.5%,1:3,1%,1.5,3.0,"ST1(14,3.0)+ST2(12,3.0)",10000,9608.39,-391.61,-3.92,1028.0,10.28,197.352,-68.68,109.64,-68.68,164.46,-68.68,35.8,64.2,0.89,-4.83,81,29,52,0,2,2,1.5,1.5,0,0,0,0,69.0,1.5,5,0.5,3179.56,3571.3600000000006,4.5%,"ETH_INR_30m_ST1(14,3.0)+ST2(12,3.0)_SL1.5pct_1-3",1,2
BTC/INR,30m,2026-07-25 to 2026-09-24 (60D),2872,7,3.5,14,4.0,"ST1(7,3.5)+ST2(14,4.0)",1.5%,1:3,1%,1.5,3.0,"ST1(7,3.5)+ST2(14,4.0)",10000,9604.58,-395.42,-3.95,990.0,9.9,176.11200000000002,-63.98,97.84,-63.98,146.76,-63.98,36.36,63.64,0.87,-5.14,77,28,49,0,2,2,1.5,1.5,0,0,0,0,68.72,1.5,5,0.5,2739.52,3135.02,4.5%,"BTC_INR_30m_ST1(7,3.5)+ST2(14,4.0)_SL1.5pct_1-3",0,2
BTC/INR,30m,2026-07-25 to 2026-09-24 (60D),2872,14,4.0,7,3.5,"ST1(14,4.0)+ST2(7,3.5)",1.5%,1:3,1%,1.5,3.0,"ST1(14,4.0)+ST2(7,3.5)",10000,9604.58,-395.42,-3.95,990.0,9.9,176.11200000000002,-63.98,97.84,-63.98,146.76,-63.98,36.36,63.64,0.87,-5.14,77,28,49,0,2,2,1.5,1.5,0,0,0,0,68.72,1.5,5,0.5,2739.52,3135.02,4.5%,"BTC_INR_30m_ST1(14,4.0)+ST2(7,3.5)_SL1.5pct_1-3",0,2
SOL/INR,15m,2026-07-25 to 2026-09-24 (60D),5742,14,4.0,14,3.5,"ST1(14,4.0)+ST2(14,3.5)",1.5%,1:3,1%,1.5,3.0,"ST1(14,4.0)+ST2(14,3.5)",10000,9601.09,-398.91,-3.99,1432.0,14.32,208.386,-85.83,115.77,-85.83,173.655,-85.83,40.74,59.26,0.93,-3.69,108,44,64,0,2,2,1.5,1.5,0,0,0,0,75.95,1.5,5,0.5,5093.88,5493.12,4.5%,"SOL_INR_15m_ST1(14,4.0)+ST2(14,3.5)_SL1.5pct_1-3",2,1
SOL/INR,15m,2026-07-25 to 2026-09-24 (60D),5742,14,3.5,14,4.0,"ST1(14,3.5)+ST2(14,4.0)",1.5%,1:3,1%,1.5,3.0,"ST1(14,3.5)+ST2(14,4.0)",10000,9601.09,-398.91,-3.99,1432.0,14.32,208.386,-85.83,115.77,-85.83,173.655,-85.83,40.74,59.26,0.93,-3.69,108,44,64,0,2,2,1.5,1.5,0,0,0,0,75.95,1.5,5,0.5,5093.88,5493.12,4.5%,"SOL_INR_15m_ST1(14,3.5)+ST2(14,4.0)_SL1.5pct_1-3",2,1
BTC/INR,30m,2026-07-25 to 2026-09-24 (60D),2872,14,2.0,7,3.0,"ST1(14,2.0)+ST2(7,3.0)",1.5%,1:3,1%,1.5,3.0,"ST1(14,2.0)+ST2(7,3.0)",10000,9600.78,-399.22,-3.99,876.0,8.76,167.57999999999998,-61.3,93.1,-61.3,139.64999999999998,-61.3,36.11,63.89,0.86,-5.55,72,26,46,0,2,2,1.5,1.5,0,0,0,0,59.53,1.5,5,0.5,2420.6,2819.8,4.5%,"BTC_INR_30m_ST1(14,2.0)+ST2(7,3.0)_SL1.5pct_1-3",0,2
BTC/INR,30m,2026-07-25 to 2026-09-24 (60D),2872,7,3.0,14,2.0,"ST1(7,3.0)+ST2(14,2.0)",1.5%,1:3,1%,1.5,3.0,"ST1(7,3.0)+ST2(14,2.0)",10000,9600.78,-399.22,-3.99,876.0,8.76,167.57999999999998,-61.3,93.1,-61.3,139.64999999999998,-61.3,36.11,63.89,0.86,-5.55,72,26,46,0,2,2,1.5,1.5,0,0,0,0,59.53,1.5,5,0.5,2420.6,2819.8,4.5%,"BTC_INR_30m_ST1(7,3.0)+ST2(14,2.0)_SL1.5pct_1-3",0,2
BTC/INR,15m,2026-07-25 to 2026-09-24 (60D),5742,12,3.0,7,3.5,"ST1(12,3.0)+ST2(7,3.5)",1.5%,1:3,1%,1.5,3.0,"ST1(12,3.0)+ST2(7,3.5)",10000,9595.63,-404.37,-4.04,929.0,9.29,156.762,-67.7,87.09,-67.7,130.635,-67.7,40.7,59.3,0.88,-4.7,86,35,51,0,2,2,1.5,1.5,0,0,0,0,81.21,1.5,5,0.5,3048.15,3452.7000000000003,4.5%,"BTC_INR_15m_ST1(12,3.0)+ST2(7,3.5)_SL1.5pct_1-3",0,1
BTC/INR,15m,2026-07-25 to 2026-09-24 (60D),5742,7,3.5,12,3.0,"ST1(7,3.5)+ST2(12,3.0)",1.5%,1:3,1%,1.5,3.0,"ST1(7,3.5)+ST2(12,3.0)",10000,9595.63,-404.37,-4.04,929.0,9.29,156.762,-67.7,87.09,-67.7,130.635,-67.7,40.7,59.3,0.88,-4.7,86,35,51,0,2,2,1.5,1.5,0,0,0,0,81.21,1.5,5,0.5,3048.15,3452.7000000000003,4.5%,"BTC_INR_15m_ST1(7,3.5)+ST2(12,3.0)_SL1.5pct_1-3",0,1
ETH/INR,30m,2026-07-25 to 2026-09-24 (60D),2872,14,3.5,14,3.0,"ST1(14,3.5)+ST2(14,3.0)",1.5%,1:3,1%,1.5,3.0,"ST1(14,3.5)+ST2(14,3.0)",10000,9594.89,-405.11,-4.05,1101.0,11.01,192.762,-70.91,107.09,-70.91,160.635,-70.91,36.84,63.16,0.88,-5.33,76,28,48,0,2,2,1.5,1.5,0,0,0,0,62.07,1.5,5,0.5,2998.52,3403.68,4.5%,"ETH_INR_30m_ST1(14,3.5)+ST2(14,3.0)_SL1.5pct_1-3",1,2
ETH/INR,30m,2026-07-25 to 2026-09-24 (60D),2872,14,3.0,14,3.5,"ST1(14,3.0)+ST2(14,3.5)",1.5%,1:3,1%,1.5,3.0,"ST1(14,3.0)+ST2(14,3.5)",10000,9594.89,-405.11,-4.05,1101.0,11.01,192.762,-70.91,107.09,-70.91,160.635,-70.91,36.84,63.16,0.88,-5.33,76,28,48,0,2,2,1.5,1.5,0,0,0,0,62.07,1.5,5,0.5,2998.52,3403.68,4.5%,"ETH_INR_30m_ST1(14,3.0)+ST2(14,3.5)_SL1.5pct_1-3",1,2
BTC/INR,30m,2026-07-25 to 2026-09-24 (60D),2872,10,4.0,12,4.0,"ST1(10,4.0)+ST2(12,4.0)",1.5%,1:3,1%,1.5,3.0,"ST1(10,4.0)+ST2(12,4.0)",10000,9593.36,-406.64,-4.07,1074.0,10.74,177.3,-65.93,98.5,-65.93,147.75,-65.93,36.84,63.16,0.87,-5.35,76,28,48,0,2,2,1.5,1.5,0,0,0,0,68.79,1.5,5,0.5,2758.0,3164.6400000000003,4.5%,"BTC_INR_30m_ST1(10,4.0)+ST2(12,4.0)_SL1.5pct_1-3",0,2
BTC/INR,30m,2026-07-25 to 2026-09-24 (60D),2872,12,4.0,10,4.0,"ST1(12,4.0)+ST2(10,4.0)",1.5%,1:3,1%,1.5,3.0,"ST1(12,4.0)+ST2(10,4.0)",10000,9593.36,-406.64,-4.07,1074.0,10.74,177.3,-65.93,98.5,-65.93,147.75,-65.93,36.84,63.16,0.87,-5.35,76,28,48,0,2,2,1.5,1.5,0,0,0,0,68.79,1.5,5,0.5,2758.0,3164.6400000000003,4.5%,"BTC_INR_30m_ST1(12,4.0)+ST2(10,4.0)_SL1.5pct_1-3",0,2
SOL/INR,15m,2026-07-25 to 2026-09-24 (60D),5742,10,3.5,12,3.5,"ST1(10,3.5)+ST2(12,3.5)",1.5%,1:3,1%,1.5,3.0,"ST1(10,3.5)+ST2(12,3.5)",10000,9591.0,-409.0,-4.09,1512.0,15.12,209.286,-81.95,116.27,-81.95,174.405,-81.95,39.45,60.55,0.92,-3.75,109,43,66,0,2,2,1.5,1.5,0,0,0,0,77.8,1.5,5,0.5,4999.61,5408.7,4.5%,"SOL_INR_15m_ST1(10,3.5)+ST2(12,3.5)_SL1.5pct_1-3",2,1
SOL/INR,15m,2026-07-25 to 2026-09-24 (60D),5742,12,3.5,10,3.5,"ST1(12,3.5)+ST2(10,3.5)",1.5%,1:3,1%,1.5,3.0,"ST1(12,3.5)+ST2(10,3.5)",10000,9591.0,-409.0,-4.09,1512.0,15.12,209.286,-81.95,116.27,-81.95,174.405,-81.95,39.45,60.55,0.92,-3.75,109,43,66,0,2,2,1.5,1.5,0,0,0,0,77.8,1.5,5,0.5,4999.61,5408.7,4.5%,"SOL_INR_15m_ST1(12,3.5)+ST2(10,3.5)_SL1.5pct_1-3",2,1
BTC/INR,30m,2026-07-25 to 2026-09-24 (60D),2872,14,2.0,10,3.0,"ST1(14,2.0)+ST2(10,3.0)",1.5%,1:3,1%,1.5,3.0,"ST1(14,2.0)+ST2(10,3.0)",10000,9590.52,-409.48,-4.09,839.0,8.39,181.08,-61.74,100.6,-61.74,150.89999999999998,-61.74,34.67,65.33,0.86,-5.46,75,26,49,0,2,2,1.5,1.5,0,0,0,0,62.63,1.5,5,0.5,2615.6,3025.26,4.5%,"BTC_INR_30m_ST1(14,2.0)+ST2(10,3.0)_SL1.5pct_1-3",0,2
BTC/INR,30m,2026-07-25 to 2026-09-24 (60D),2872,10,3.0,14,2.0,"ST1(10,3.0)+ST2(14,2.0)",1.5%,1:3,1%,1.5,3.0,"ST1(10,3.0)+ST2(14,2.0)",10000,9590.52,-409.48,-4.09,839.0,8.39,181.08,-61.74,100.6,-61.74,150.89999999999998,-61.74,34.67,65.33,0.86,-5.46,75,26,49,0,2,2,1.5,1.5,0,0,0,0,62.63,1.5,5,0.5,2615.6,3025.26,4.5%,"BTC_INR_30m_ST1(10,3.0)+ST2(14,2.0)_SL1.5pct_1-3",0,2
ETH/INR,30m,2026-07-25 to 2026-09-24 (60D),2872,7,2.0,12,2.0,"ST1(7,2.0)+ST2(12,2.0)",1.5%,1:3,1%,1.5,3.0,"ST1(7,2.0)+ST2(12,2.0)",10000,9589.03,-410.97,-4.11,1103.0,11.03,201.546,-66.04,111.97,-66.04,167.95499999999998,-66.04,34.18,65.82,0.88,-5.2,79,27,52,0,2,2,1.5,1.5,0,0,0,0,62.84,1.5,5,0.5,3023.19,3434.0800000000004,4.5%,"ETH_INR_30m_ST1(7,2.0)+ST2(12,2.0)_SL1.5pct_1-3",1,2
ETH/INR,30m,2026-07-25 to 2026-09-24 (60D),2872,12,2.0,7,2.0,"ST1(12,2.0)+ST2(7,2.0)",1.5%,1:3,1%,1.5,3.0,"ST1(12,2.0)+ST2(7,2.0)",10000,9589.03,-410.97,-4.11,1103.0,11.03,201.546,-66.04,111.97,-66.04,167.95499999999998,-66.04,34.18,65.82,0.88,-5.2,79,27,52,0,2,2,1.5,1.5,0,0,0,0,62.84,1.5,5,0.5,3023.19,3434.0800000000004,4.5%,"ETH_INR_30m_ST1(12,2.0)+ST2(7,2.0)_SL1.5pct_1-3",1,2
BTC/INR,30m,2026-07-25 to 2026-09-24 (60D),2872,14,2.0,12,3.5,"ST1(14,2.0)+ST2(12,3.5)",1.5%,1:3,1%,1.5,3.0,"ST1(14,2.0)+ST2(12,3.5)",10000,9586.29,-413.71,-4.14,1070.0,10.7,174.942,-64.62,97.19,-64.62,145.785,-64.62,36.23,63.77,0.85,-6.0,69,25,44,0,2,2,1.5,1.5,0,0,0,0,56.32,1.5,5,0.5,2429.75,2843.28,4.5%,"BTC_INR_30m_ST1(14,2.0)+ST2(12,3.5)_SL1.5pct_1-3",0,2
BTC/INR,30m,2026-07-25 to 2026-09-24 (60D),2872,12,3.5,14,2.0,"ST1(12,3.5)+ST2(14,2.0)",1.5%,1:3,1%,1.5,3.0,"ST1(12,3.5)+ST2(14,2.0)",10000,9586.29,-413.71,-4.14,1070.0,10.7,174.942,-64.62,97.19,-64.62,145.785,-64.62,36.23,63.77,0.85,-6.0,69,25,44,0,2,2,1.5,1.5,0,0,0,0,56.32,1.5,5,0.5,2429.75,2843.28,4.5%,"BTC_INR_30m_ST1(12,3.5)+ST2(14,2.0)_SL1.5pct_1-3",0,2
BTC/INR,30m,2026-07-25 to 2026-09-24 (60D),2872,14,2.0,10,3.5,"ST1(14,2.0)+ST2(10,3.5)",1.5%,1:3,1%,1.5,3.0,"ST1(14,2.0)+ST2(10,3.5)",10000,9585.99,-414.01,-4.14,1048.0,10.48,174.69,-64.55,97.05,-64.55,145.575,-64.55,36.23,63.77,0.85,-6.0,69,25,44,0,2,2,1.5,1.5,0,0,0,0,55.73,1.5,5,0.5,2426.25,2840.2,4.5%,"BTC_INR_30m_ST1(14,2.0)+ST2(10,3.5)_SL1.5pct_1-3",0,2
BTC/INR,30m,2026-07-25 to 2026-09-24 (60D),2872,10,3.5,14,2.0,"ST1(10,3.5)+ST2(14,2.0)",1.5%,1:3,1%,1.5,3.0,"ST1(10,3.5)+ST2(14,2.0)",10000,9585.99,-414.01,-4.14,1048.0,10.48,174.69,-64.55,97.05,-64.55,145.575,-64.55,36.23,63.77,0.85,-6.0,69,25,44,0,2,2,1.5,1.5,0,0,0,0,55.73,1.5,5,0.5,2426.25,2840.2,4.5%,"BTC_INR_30m_ST1(10,3.5)+ST2(14,2.0)_SL1.5pct_1-3",0,2
BTC/INR,15m,2026-07-25 to 2026-09-24 (60D),5742,10,3.0,14,2.0,"ST1(10,3.0)+ST2(14,2.0)",1.5%,1:3,1%,1.5,3.0,"ST1(10,3.0)+ST2(14,2.0)",10000,9584.96,-415.04,-4.15,1031.0,10.31,159.966,-65.64,88.87,-65.64,133.305,-65.64,39.29,60.71,0.88,-4.94,84,33,51,0,2,2,1.5,1.5,0,0,0,0,76.23,1.5,5,0.5,2932.71,3347.64,4.5%,"BTC_INR_15m_ST1(10,3.0)+ST2(14,2.0)_SL1.5pct_1-3",0,1
BTC/INR,15m,2026-07-25 to 2026-09-24 (60D),5742,14,2.0,10,3.0,"ST1(14,2.0)+ST2(10,3.0)",1.5%,1:3,1%,1.5,3.0,"ST1(14,2.0)+ST2(10,3.0)",10000,9584.96,-415.04,-4.15,1031.0,10.31,159.966,-65.64,88.87,-65.64,133.305,-65.64,39.29,60.71,0.88,-4.94,84,33,51,0,2,2,1.5,1.5,0,0,0,0,76.23,1.5,5,0.5,2932.71,3347.64,4.5%,"BTC_INR_15m_ST1(14,2.0)+ST2(10,3.0)_SL1.5pct_1-3",0,1
BTC/INR,30m,2026-07-25 to 2026-09-24 (60D),2872,10,4.0,7,2.0,"ST1(10,4.0)+ST2(7,2.0)",1.5%,1:3,1%,1.5,3.0,"ST1(10,4.0)+ST2(7,2.0)",10000,9580.9,-419.1,-4.19,961.0,9.61,164.64600000000002,-66.6,91.47,-66.6,137.20499999999998,-66.6,38.24,61.76,0.85,-6.16,68,26,42,0,2,2,1.5,1.5,0,0,0,0,54.93,1.5,5,0.5,2378.22,2797.2,4.5%,"BTC_INR_30m_ST1(10,4.0)+ST2(7,2.0)_SL1.5pct_1-3",0,2
BTC/INR,30m,2026-07-25 to 2026-09-24 (60D),2872,7,2.0,10,4.0,"ST1(7,2.0)+ST2(10,4.0)",1.5%,1:3,1%,1.5,3.0,"ST1(7,2.0)+ST2(10,4.0)",10000,9580.9,-419.1,-4.19,961.0,9.61,164.64600000000002,-66.6,91.47,-66.6,137.20499999999998,-66.6,38.24,61.76,0.85,-6.16,68,26,42,0,2,2,1.5,1.5,0,0,0,0,54.93,1.5,5,0.5,2378.22,2797.2,4.5%,"BTC_INR_30m_ST1(7,2.0)+ST2(10,4.0)_SL1.5pct_1-3",0,2
BTC/INR,30m,2026-07-25 to 2026-09-24 (60D),2872,12,2.0,7,3.0,"ST1(12,2.0)+ST2(7,3.0)",1.5%,1:3,1%,1.5,3.0,"ST1(12,2.0)+ST2(7,3.0)",10000,9579.56,-420.44,-4.2,876.0,8.76,165.312,-61.05,91.84,-61.05,137.76,-61.05,36.11,63.89,0.85,-5.84,72,26,46,0,2,2,1.5,1.5,0,0,0,0,58.66,1.5,5,0.5,2387.84,2808.3,4.5%,"BTC_INR_30m_ST1(12,2.0)+ST2(7,3.0)_SL1.5pct_1-3",0,2
BTC/INR,30m,2026-07-25 to 2026-09-24 (60D),2872,7,3.0,12,2.0,"ST1(7,3.0)+ST2(12,2.0)",1.5%,1:3,1%,1.5,3.0,"ST1(7,3.0)+ST2(12,2.0)",10000,9579.56,-420.44,-4.2,876.0,8.76,165.312,-61.05,91.84,-61.05,137.76,-61.05,36.11,63.89,0.85,-5.84,72,26,46,0,2,2,1.5,1.5,0,0,0,0,58.66,1.5,5,0.5,2387.84,2808.3,4.5%,"BTC_INR_30m_ST1(7,3.0)+ST2(12,2.0)_SL1.5pct_1-3",0,2
BTC/INR,30m,2026-07-25 to 2026-09-24 (60D),2872,10,4.0,7,4.0,"ST1(10,4.0)+ST2(7,4.0)",1.5%,1:3,1%,1.5,3.0,"ST1(10,4.0)+ST2(7,4.0)",10000,9579.47,-420.53,-4.21,1132.0,11.32,176.382,-64.57,97.99,-64.57,146.985,-64.57,36.36,63.64,0.87,-5.46,77,28,49,0,2,2,1.5,1.5,0,0,0,0,69.31,1.5,5,0.5,2743.72,3163.93,4.5%,"BTC_INR_30m_ST1(10,4.0)+ST2(7,4.0)_SL1.5pct_1-3",0,2
BTC/INR,30m,2026-07-25 to 2026-09-24 (60D),2872,7,4.0,10,4.0,"ST1(7,4.0)+ST2(10,4.0)",1.5%,1:3,1%,1.5,3.0,"ST1(7,4.0)+ST2(10,4.0)",10000,9579.47,-420.53,-4.21,1132.0,11.32,176.382,-64.57,97.99,-64.57,146.985,-64.57,36.36,63.64,0.87,-5.46,77,28,49,0,2,2,1.5,1.5,0,0,0,0,69.31,1.5,5,0.5,2743.72,3163.93,4.5%,"BTC_INR_30m_ST1(7,4.0)+ST2(10,4.0)_SL1.5pct_1-3",0,2
BTC/INR,30m,2026-07-25 to 2026-09-24 (60D),2872,7,4.0,14,4.0,"ST1(7,4.0)+ST2(14,4.0)",1.5%,1:3,1%,1.5,3.0,"ST1(7,4.0)+ST2(14,4.0)",10000,9579.19,-420.81,-4.21,1010.0,10.1,176.31,-65.9,97.95,-65.9,146.925,-65.9,36.84,63.16,0.87,-5.54,76,28,48,0,2,2,1.5,1.5,0,0,0,0,68.41,1.5,5,0.5,2742.6,3163.2000000000003,4.5%,"BTC_INR_30m_ST1(7,4.0)+ST2(14,4.0)_SL1.5pct_1-3",0,2
BTC/INR,30m,2026-07-25 to 2026-09-24 (60D),2872,14,4.0,7,4.0,"ST1(14,4.0)+ST2(7,4.0)",1.5%,1:3,1%,1.5,3.0,"ST1(14,4.0)+ST2(7,4.0)",10000,9579.19,-420.81,-4.21,1010.0,10.1,176.31,-65.9,97.95,-65.9,146.925,-65.9,36.84,63.16,0.87,-5.54,76,28,48,0,2,2,1.5,1.5,0,0,0,0,68.41,1.5,5,0.5,2742.6,3163.2000000000003,4.5%,"BTC_INR_30m_ST1(14,4.0)+ST2(7,4.0)_SL1.5pct_1-3",0,2
SOL/INR,15m,2026-07-25 to 2026-09-24 (60D),5742,10,3.5,14,3.5,"ST1(10,3.5)+ST2(14,3.5)",1.5%,1:3,1%,1.5,3.0,"ST1(10,3.5)+ST2(14,3.5)",10000,9577.62,-422.38,-4.22,1514.0,15.14,208.71,-81.94,115.95,-81.94,173.925,-81.94,39.45,60.55,0.92,-3.87,109,43,66,0,2,2,1.5,1.5,0,0,0,0,78.0,1.5,5,0.5,4985.85,5408.04,4.5%,"SOL_INR_15m_ST1(10,3.5)+ST2(14,3.5)_SL1.5pct_1-3",2,1
SOL/INR,15m,2026-07-25 to 2026-09-24 (60D),5742,14,3.5,10,3.5,"ST1(14,3.5)+ST2(10,3.5)",1.5%,1:3,1%,1.5,3.0,"ST1(14,3.5)+ST2(10,3.5)",10000,9577.62,-422.38,-4.22,1514.0,15.14,208.71,-81.94,115.95,-81.94,173.925,-81.94,39.45,60.55,0.92,-3.87,109,43,66,0,2,2,1.5,1.5,0,0,0,0,78.0,1.5,5,0.5,4985.85,5408.04,4.5%,"SOL_INR_15m_ST1(14,3.5)+ST2(10,3.5)_SL1.5pct_1-3",2,1
SOL/INR,15m,2026-07-25 to 2026-09-24 (60D),5742,14,2.0,14,3.0,"ST1(14,2.0)+ST2(14,3.0)",1.5%,1:3,1%,1.5,3.0,"ST1(14,2.0)+ST2(14,3.0)",10000,9573.44,-426.56,-4.27,1482.0,14.82,209.358,-80.04,116.31,-80.04,174.465,-80.04,38.61,61.39,0.91,-4.22,101,39,62,0,2,2,1.5,1.5,0,0,0,0,68.97,1.5,5,0.5,4536.09,4962.4800000000005,4.5%,"SOL_INR_15m_ST1(14,2.0)+ST2(14,3.0)_SL1.5pct_1-3",2,1
SOL/INR,15m,2026-07-25 to 2026-09-24 (60D),5742,14,3.0,14,2.0,"ST1(14,3.0)+ST2(14,2.0)",1.5%,1:3,1%,1.5,3.0,"ST1(14,3.0)+ST2(14,2.0)",10000,9573.44,-426.56,-4.27,1482.0,14.82,209.358,-80.04,116.31,-80.04,174.465,-80.04,38.61,61.39,0.91,-4.22,101,39,62,0,2,2,1.5,1.5,0,0,0,0,68.97,1.5,5,0.5,4536.09,4962.4800000000005,4.5%,"SOL_INR_15m_ST1(14,3.0)+ST2(14,2.0)_SL1.5pct_1-3",2,1
SOL/INR,15m,2026-07-25 to 2026-09-24 (60D),5742,10,3.5,14,4.0,"ST1(10,3.5)+ST2(14,4.0)",1.5%,1:3,1%,1.5,3.0,"ST1(10,3.5)+ST2(14,4.0)",10000,9569.37,-430.63,-4.31,1483.0,14.83,206.838,-85.73,114.91,-85.73,172.365,-85.73,40.74,59.26,0.92,-3.99,108,44,64,0,2,2,1.5,1.5,0,0,0,0,77.38,1.5,5,0.5,5056.04,5486.72,4.5%,"SOL_INR_15m_ST1(10,3.5)+ST2(14,4.0)_SL1.5pct_1-3",2,1
SOL/INR,15m,2026-07-25 to 2026-09-24 (60D),5742,14,4.0,10,3.5,"ST1(14,4.0)+ST2(10,3.5)",1.5%,1:3,1%,1.5,3.0,"ST1(14,4.0)+ST2(10,3.5)",10000,9569.37,-430.63,-4.31,1483.0,14.83,206.838,-85.73,114.91,-85.73,172.365,-85.73,40.74,59.26,0.92,-3.99,108,44,64,0,2,2,1.5,1.5,0,0,0,0,77.38,1.5,5,0.5,5056.04,5486.72,4.5%,"SOL_INR_15m_ST1(14,4.0)+ST2(10,3.5)_SL1.5pct_1-3",2,1
BTC/INR,30m,2026-07-25 to 2026-09-24 (60D),2872,10,3.0,12,2.0,"ST1(10,3.0)+ST2(12,2.0)",1.5%,1:3,1%,1.5,3.0,"ST1(10,3.0)+ST2(12,2.0)",10000,9569.33,-430.67,-4.31,839.0,8.39,178.77599999999998,-61.49,99.32,-61.49,148.98,-61.49,34.67,65.33,0.86,-5.74,75,26,49,0,2,2,1.5,1.5,0,0,0,0,61.76,1.5,5,0.5,2582.32,3013.01,4.5%,"BTC_INR_30m_ST1(10,3.0)+ST2(12,2.0)_SL1.5pct_1-3",0,2
BTC/INR,30m,2026-07-25 to 2026-09-24 (60D),2872,12,2.0,10,3.0,"ST1(12,2.0)+ST2(10,3.0)",1.5%,1:3,1%,1.5,3.0,"ST1(12,2.0)+ST2(10,3.0)",10000,9569.33,-430.67,-4.31,839.0,8.39,178.77599999999998,-61.49,99.32,-61.49,148.98,-61.49,34.67,65.33,0.86,-5.74,75,26,49,0,2,2,1.5,1.5,0,0,0,0,61.76,1.5,5,0.5,2582.32,3013.01,4.5%,"BTC_INR_30m_ST1(12,2.0)+ST2(10,3.0)_SL1.5pct_1-3",0,2
BTC/INR,30m,2026-07-25 to 2026-09-24 (60D),2872,10,3.5,12,2.0,"ST1(10,3.5)+ST2(12,2.0)",1.5%,1:3,1%,1.5,3.0,"ST1(10,3.5)+ST2(12,2.0)",10000,9564.81,-435.19,-4.35,1048.0,10.48,172.278,-64.27,95.71,-64.27,143.565,-64.27,36.23,63.77,0.85,-6.31,69,25,44,0,2,2,1.5,1.5,0,0,0,0,54.86,1.5,5,0.5,2392.75,2827.88,4.5%,"BTC_INR_30m_ST1(10,3.5)+ST2(12,2.0)_SL1.5pct_1-3",0,2
BTC/INR,30m,2026-07-25 to 2026-09-24 (60D),2872,12,2.0,10,3.5,"ST1(12,2.0)+ST2(10,3.5)",1.5%,1:3,1%,1.5,3.0,"ST1(12,2.0)+ST2(10,3.5)",10000,9564.81,-435.19,-4.35,1048.0,10.48,172.278,-64.27,95.71,-64.27,143.565,-64.27,36.23,63.77,0.85,-6.31,69,25,44,0,2,2,1.5,1.5,0,0,0,0,54.86,1.5,5,0.5,2392.75,2827.88,4.5%,"BTC_INR_30m_ST1(12,2.0)+ST2(10,3.5)_SL1.5pct_1-3",0,2
SOL/INR,15m,2026-07-25 to 2026-09-24 (60D),5742,10,3.0,7,2.0,"ST1(10,3.0)+ST2(7,2.0)",1.5%,1:3,1%,1.5,3.0,"ST1(10,3.0)+ST2(7,2.0)",10000,9563.96,-436.04,-4.36,1560.0,15.6,205.128,-83.24,113.96,-83.24,170.94,-83.24,40.0,60.0,0.91,-4.36,100,40,60,0,2,2,1.5,1.5,0,0,0,0,67.83,1.5,5,0.5,4558.4,4994.4,4.5%,"SOL_INR_15m_ST1(10,3.0)+ST2(7,2.0)_SL1.5pct_1-3",2,1
SOL/INR,15m,2026-07-25 to 2026-09-24 (60D),5742,7,2.0,10,3.0,"ST1(7,2.0)+ST2(10,3.0)",1.5%,1:3,1%,1.5,3.0,"ST1(7,2.0)+ST2(10,3.0)",10000,9563.96,-436.04,-4.36,1560.0,15.6,205.128,-83.24,113.96,-83.24,170.94,-83.24,40.0,60.0,0.91,-4.36,100,40,60,0,2,2,1.5,1.5,0,0,0,0,67.83,1.5,5,0.5,4558.4,4994.4,4.5%,"SOL_INR_15m_ST1(7,2.0)+ST2(10,3.0)_SL1.5pct_1-3",2,1
BTC/INR,15m,2026-07-25 to 2026-09-24 (60D),5742,10,4.0,12,4.0,"ST1(10,4.0)+ST2(12,4.0)",1.5%,1:3,1%,1.5,3.0,"ST1(10,4.0)+ST2(12,4.0)",10000,9563.06,-436.94,-4.37,1116.0,11.16,137.79,-68.28,76.55,-68.28,114.825,-68.28,43.68,56.32,0.87,-5.02,87,38,49,0,2,2,1.5,1.5,0,0,0,0,85.82,1.5,5,0.5,2908.9,3345.7200000000003,4.5%,"BTC_INR_15m_ST1(10,4.0)+ST2(12,4.0)_SL1.5pct_1-3",0,1
BTC/INR,15m,2026-07-25 to 2026-09-24 (60D),5742,12,4.0,10,4.0,"ST1(12,4.0)+ST2(10,4.0)",1.5%,1:3,1%,1.5,3.0,"ST1(12,4.0)+ST2(10,4.0)",10000,9563.06,-436.94,-4.37,1116.0,11.16,137.79,-68.28,76.55,-68.28,114.825,-68.28,43.68,56.32,0.87,-5.02,87,38,49,0,2,2,1.5,1.5,0,0,0,0,85.82,1.5,5,0.5,2908.9,3345.7200000000003,4.5%,"BTC_INR_15m_ST1(12,4.0)+ST2(10,4.0)_SL1.5pct_1-3",0,1
BTC/INR,30m,2026-07-25 to 2026-09-24 (60D),2872,7,4.0,10,3.5,"ST1(7,4.0)+ST2(10,3.5)",1.5%,1:3,1%,1.5,3.0,"ST1(7,4.0)+ST2(10,3.5)",10000,9562.07,-437.93,-4.38,1128.0,11.28,171.432,-64.68,95.24,-64.68,142.86,-64.68,36.84,63.16,0.86,-5.76,76,28,48,0,2,2,1.5,1.5,0,0,0,0,67.78,1.5,5,0.5,2666.72,3104.6400000000003,4.5%,"BTC_INR_30m_ST1(7,4.0)+ST2(10,3.5)_SL1.5pct_1-3",0,2
BTC/INR,30m,2026-07-25 to 2026-09-24 (60D),2872,10,3.5,7,4.0,"ST1(10,3.5)+ST2(7,4.0)",1.5%,1:3,1%,1.5,3.0,"ST1(10,3.5)+ST2(7,4.0)",10000,9562.07,-437.93,-4.38,1128.0,11.28,171.432,-64.68,95.24,-64.68,142.86,-64.68,36.84,63.16,0.86,-5.76,76,28,48,0,2,2,1.5,1.5,0,0,0,0,67.78,1.5,5,0.5,2666.72,3104.6400000000003,4.5%,"BTC_INR_30m_ST1(10,3.5)+ST2(7,4.0)_SL1.5pct_1-3",0,2
BTC/INR,30m,2026-07-25 to 2026-09-24 (60D),2872,12,2.0,12,3.5,"ST1(12,2.0)+ST2(12,3.5)",1.5%,1:3,1%,1.5,3.0,"ST1(12,2.0)+ST2(12,3.5)",10000,9558.5,-441.5,-4.41,1070.0,10.7,172.44,-64.46,95.8,-64.46,143.7,-64.46,36.23,63.77,0.84,-6.4,69,25,44,0,2,2,1.5,1.5,0,0,0,0,55.14,1.5,5,0.5,2395.0,2836.24,4.5%,"BTC_INR_30m_ST1(12,2.0)+ST2(12,3.5)_SL1.5pct_1-3",0,2
BTC/INR,30m,2026-07-25 to 2026-09-24 (60D),2872,12,3.5,12,2.0,"ST1(12,3.5)+ST2(12,2.0)",1.5%,1:3,1%,1.5,3.0,"ST1(12,3.5)+ST2(12,2.0)",10000,9558.5,-441.5,-4.41,1070.0,10.7,172.44,-64.46,95.8,-64.46,143.7,-64.46,36.23,63.77,0.84,-6.4,69,25,44,0,2,2,1.5,1.5,0,0,0,0,55.14,1.5,5,0.5,2395.0,2836.24,4.5%,"BTC_INR_30m_ST1(12,3.5)+ST2(12,2.0)_SL1.5pct_1-3",0,2
BTC/INR,15m,2026-07-25 to 2026-09-24 (60D),5742,7,3.0,10,2.0,"ST1(7,3.0)+ST2(10,2.0)",1.5%,1:3,1%,1.5,3.0,"ST1(7,3.0)+ST2(10,2.0)",10000,9554.97,-445.03,-4.45,904.0,9.04,153.36,-64.72,85.2,-64.72,127.8,-64.72,39.51,60.49,0.86,-5.49,81,32,49,0,2,2,1.5,1.5,0,0,0,0,77.99,1.5,5,0.5,2726.4,3171.28,4.5%,"BTC_INR_15m_ST1(7,3.0)+ST2(10,2.0)_SL1.5pct_1-3",0,1
BTC/INR,15m,2026-07-25 to 2026-09-24 (60D),5742,10,2.0,7,3.0,"ST1(10,2.0)+ST2(7,3.0)",1.5%,1:3,1%,1.5,3.0,"ST1(10,2.0)+ST2(7,3.0)",10000,9554.97,-445.03,-4.45,904.0,9.04,153.36,-64.72,85.2,-64.72,127.8,-64.72,39.51,60.49,0.86,-5.49,81,32,49,0,2,2,1.5,1.5,0,0,0,0,77.99,1.5,5,0.5,2726.4,3171.28,4.5%,"BTC_INR_15m_ST1(10,2.0)+ST2(7,3.0)_SL1.5pct_1-3",0,1
BTC/INR,30m,2026-07-25 to 2026-09-24 (60D),2872,7,4.0,12,3.5,"ST1(7,4.0)+ST2(12,3.5)",1.5%,1:3,1%,1.5,3.0,"ST1(7,4.0)+ST2(12,3.5)",10000,9553.81,-446.19,-4.46,1102.0,11.02,171.0,-64.71,95.0,-64.71,142.5,-64.71,36.84,63.16,0.86,-5.87,76,28,48,0,2,2,1.5,1.5,0,0,0,0,68.37,1.5,5,0.5,2660.0,3106.08,4.5%,"BTC_INR_30m_ST1(7,4.0)+ST2(12,3.5)_SL1.5pct_1-3",0,2
BTC/INR,30m,2026-07-25 to 2026-09-24 (60D),2872,12,3.5,7,4.0,"ST1(12,3.5)+ST2(7,4.0)",1.5%,1:3,1%,1.5,3.0,"ST1(12,3.5)+ST2(7,4.0)",10000,9553.81,-446.19,-4.46,1102.0,11.02,171.0,-64.71,95.0,-64.71,142.5,-64.71,36.84,63.16,0.86,-5.87,76,28,48,0,2,2,1.5,1.5,0,0,0,0,68.37,1.5,5,0.5,2660.0,3106.08,4.5%,"BTC_INR_30m_ST1(12,3.5)+ST2(7,4.0)_SL1.5pct_1-3",0,2
BTC/INR,30m,2026-07-25 to 2026-09-24 (60D),2872,7,3.5,10,2.0,"ST1(7,3.5)+ST2(10,2.0)",1.5%,1:3,1%,1.5,3.0,"ST1(7,3.5)+ST2(10,2.0)",10000,9536.67,-463.33,-4.63,1074.0,10.74,181.314,-62.63,100.73,-62.63,151.095,-62.63,34.29,65.71000000000001,0.84,-6.62,70,24,46,0,2,2,1.5,1.5,0,0,0,0,52.98,1.5,5,0.5,2417.52,2880.98,4.5%,"BTC_INR_30m_ST1(7,3.5)+ST2(10,2.0)_SL1.5pct_1-3",0,2
BTC/INR,30m,2026-07-25 to 2026-09-24 (60D),2872,10,2.0,7,3.5,"ST1(10,2.0)+ST2(7,3.5)",1.5%,1:3,1%,1.5,3.0,"ST1(10,2.0)+ST2(7,3.5)",10000,9536.67,-463.33,-4.63,1074.0,10.74,181.314,-62.63,100.73,-62.63,151.095,-62.63,34.29,65.71000000000001,0.84,-6.62,70,24,46,0,2,2,1.5,1.5,0,0,0,0,52.98,1.5,5,0.5,2417.52,2880.98,4.5%,"BTC_INR_30m_ST1(10,2.0)+ST2(7,3.5)_SL1.5pct_1-3",0,2
SOL/INR,15m,2026-07-25 to 2026-09-24 (60D),5742,14,3.5,7,3.5,"ST1(14,3.5)+ST2(7,3.5)",1.5%,1:3,1%,1.5,3.0,"ST1(14,3.5)+ST2(7,3.5)",10000,9536.59,-463.41,-4.63,1644.0,16.44,204.732,-81.13,113.74,-81.13,170.61,-81.13,39.45,60.55,0.91,-4.25,109,43,66,0,2,2,1.5,1.5,0,0,0,0,76.8,1.5,5,0.5,4890.82,5354.58,4.5%,"SOL_INR_15m_ST1(14,3.5)+ST2(7,3.5)_SL1.5pct_1-3",2,1
SOL/INR,15m,2026-07-25 to 2026-09-24 (60D),5742,7,3.5,14,3.5,"ST1(7,3.5)+ST2(14,3.5)",1.5%,1:3,1%,1.5,3.0,"ST1(7,3.5)+ST2(14,3.5)",10000,9536.59,-463.41,-4.63,1644.0,16.44,204.732,-81.13,113.74,-81.13,170.61,-81.13,39.45,60.55,0.91,-4.25,109,43,66,0,2,2,1.5,1.5,0,0,0,0,76.8,1.5,5,0.5,4890.82,5354.58,4.5%,"SOL_INR_15m_ST1(7,3.5)+ST2(14,3.5)_SL1.5pct_1-3",2,1
BTC/INR,30m,2026-07-25 to 2026-09-24 (60D),2872,7,2.0,12,3.0,"ST1(7,2.0)+ST2(12,3.0)",1.5%,1:3,1%,1.5,3.0,"ST1(7,2.0)+ST2(12,3.0)",10000,9532.97,-467.03,-4.67,789.0,7.89,160.74,-59.96,89.3,-59.96,133.95,-59.96,36.0,64.0,0.84,-6.23,75,27,48,0,2,2,1.5,1.5,0,0,0,0,63.57,1.5,5,0.5,2411.1,2878.08,4.5%,"BTC_INR_30m_ST1(7,2.0)+ST2(12,3.0)_SL1.5pct_1-3",0,2
BTC/INR,30m,2026-07-25 to 2026-09-24 (60D),2872,12,3.0,7,2.0,"ST1(12,3.0)+ST2(7,2.0)",1.5%,1:3,1%,1.5,3.0,"ST1(12,3.0)+ST2(7,2.0)",10000,9532.97,-467.03,-4.67,789.0,7.89,160.74,-59.96,89.3,-59.96,133.95,-59.96,36.0,64.0,0.84,-6.23,75,27,48,0,2,2,1.5,1.5,0,0,0,0,63.57,1.5,5,0.5,2411.1,2878.08,4.5%,"BTC_INR_30m_ST1(12,3.0)+ST2(7,2.0)_SL1.5pct_1-3",0,2
BTC/INR,15m,2026-07-25 to 2026-09-24 (60D),5742,12,3.0,10,2.0,"ST1(12,3.0)+ST2(10,2.0)",1.5%,1:3,1%,1.5,3.0,"ST1(12,3.0)+ST2(10,2.0)",10000,9532.01,-467.99,-4.68,1136.0,11.36,160.848,-65.24,89.36,-65.24,134.04,-65.24,38.55,61.45,0.86,-5.64,83,32,51,0,2,2,1.5,1.5,0,0,0,0,76.91,1.5,5,0.5,2859.52,3327.24,4.5%,"BTC_INR_15m_ST1(12,3.0)+ST2(10,2.0)_SL1.5pct_1-3",0,1
BTC/INR,15m,2026-07-25 to 2026-09-24 (60D),5742,10,2.0,12,3.0,"ST1(10,2.0)+ST2(12,3.0)",1.5%,1:3,1%,1.5,3.0,"ST1(10,2.0)+ST2(12,3.0)",10000,9532.01,-467.99,-4.68,1136.0,11.36,160.848,-65.24,89.36,-65.24,134.04,-65.24,38.55,61.45,0.86,-5.64,83,32,51,0,2,2,1.5,1.5,0,0,0,0,76.91,1.5,5,0.5,2859.52,3327.24,4.5%,"BTC_INR_15m_ST1(10,2.0)+ST2(12,3.0)_SL1.5pct_1-3",0,1
ETH/INR,30m,2026-07-25 to 2026-09-24 (60D),2872,14,2.0,7,2.0,"ST1(14,2.0)+ST2(7,2.0)",1.5%,1:3,1%,1.5,3.0,"ST1(14,2.0)+ST2(7,2.0)",10000,9531.48,-468.52,-4.69,1156.0,11.56,200.394,-65.56,111.33,-65.56,166.995,-65.56,33.75,66.25,0.87,-5.86,80,27,53,0,2,2,1.5,1.5,0,0,0,0,64.47,1.5,5,0.5,3005.91,3474.6800000000003,4.5%,"ETH_INR_30m_ST1(14,2.0)+ST2(7,2.0)_SL1.5pct_1-3",1,2
ETH/INR,30m,2026-07-25 to 2026-09-24 (60D),2872,7,2.0,14,2.0,"ST1(7,2.0)+ST2(14,2.0)",1.5%,1:3,1%,1.5,3.0,"ST1(7,2.0)+ST2(14,2.0)",10000,9531.48,-468.52,-4.69,1156.0,11.56,200.394,-65.56,111.33,-65.56,166.995,-65.56,33.75,66.25,0.87,-5.86,80,27,53,0,2,2,1.5,1.5,0,0,0,0,64.47,1.5,5,0.5,3005.91,3474.6800000000003,4.5%,"ETH_INR_30m_ST1(7,2.0)+ST2(14,2.0)_SL1.5pct_1-3",1,2
SOL/INR,15m,2026-07-25 to 2026-09-24 (60D),5742,14,4.0,10,4.0,"ST1(14,4.0)+ST2(10,4.0)",1.5%,1:3,1%,1.5,3.0,"ST1(14,4.0)+ST2(10,4.0)",10000,9531.0,-469.0,-4.69,1458.0,14.58,202.14,-84.96,112.3,-84.96,168.45,-84.96,40.91,59.09,0.92,-4.26,110,45,65,0,2,2,1.5,1.5,0,0,0,0,77.73,1.5,5,0.5,5053.5,5522.4,4.5%,"SOL_INR_15m_ST1(14,4.0)+ST2(10,4.0)_SL1.5pct_1-3",2,1
SOL/INR,15m,2026-07-25 to 2026-09-24 (60D),5742,10,4.0,14,4.0,"ST1(10,4.0)+ST2(14,4.0)",1.5%,1:3,1%,1.5,3.0,"ST1(10,4.0)+ST2(14,4.0)",10000,9531.0,-469.0,-4.69,1458.0,14.58,202.14,-84.96,112.3,-84.96,168.45,-84.96,40.91,59.09,0.92,-4.26,110,45,65,0,2,2,1.5,1.5,0,0,0,0,77.73,1.5,5,0.5,5053.5,5522.4,4.5%,"SOL_INR_15m_ST1(10,4.0)+ST2(14,4.0)_SL1.5pct_1-3",2,1
BTC/INR,15m,2026-07-25 to 2026-09-24 (60D),5742,14,3.0,10,3.5,"ST1(14,3.0)+ST2(10,3.5)",1.5%,1:3,1%,1.5,3.0,"ST1(14,3.0)+ST2(10,3.5)",10000,9527.14,-472.86,-4.73,1071.0,10.71,162.0,-67.94,90.0,-67.94,135.0,-67.94,39.53,60.47,0.87,-5.5,86,34,52,0,2,2,1.5,1.5,0,0,0,0,78.67,1.5,5,0.5,3060.0,3532.88,4.5%,"BTC_INR_15m_ST1(14,3.0)+ST2(10,3.5)_SL1.5pct_1-3",0,1
BTC/INR,15m,2026-07-25 to 2026-09-24 (60D),5742,10,3.5,14,3.0,"ST1(10,3.5)+ST2(14,3.0)",1.5%,1:3,1%,1.5,3.0,"ST1(10,3.5)+ST2(14,3.0)",10000,9527.14,-472.86,-4.73,1071.0,10.71,162.0,-67.94,90.0,-67.94,135.0,-67.94,39.53,60.47,0.87,-5.5,86,34,52,0,2,2,1.5,1.5,0,0,0,0,78.67,1.5,5,0.5,3060.0,3532.88,4.5%,"BTC_INR_15m_ST1(10,3.5)+ST2(14,3.0)_SL1.5pct_1-3",0,1
BTC/INR,30m,2026-07-25 to 2026-09-24 (60D),2872,14,4.0,10,4.0,"ST1(14,4.0)+ST2(10,4.0)",1.5%,1:3,1%,1.5,3.0,"ST1(14,4.0)+ST2(10,4.0)",10000,9526.78,-473.22,-4.73,1059.0,10.59,179.87400000000002,-63.43,99.93,-63.43,149.895,-63.43,35.06,64.94,0.85,-6.15,77,27,50,0,2,2,1.5,1.5,0,0,0,0,68.44,1.5,5,0.5,2698.11,3171.5,4.5%,"BTC_INR_30m_ST1(14,4.0)+ST2(10,4.0)_SL1.5pct_1-3",0,2
BTC/INR,30m,2026-07-25 to 2026-09-24 (60D),2872,10,4.0,14,4.0,"ST1(10,4.0)+ST2(14,4.0)",1.5%,1:3,1%,1.5,3.0,"ST1(10,4.0)+ST2(14,4.0)",10000,9526.78,-473.22,-4.73,1059.0,10.59,179.87400000000002,-63.43,99.93,-63.43,149.895,-63.43,35.06,64.94,0.85,-6.15,77,27,50,0,2,2,1.5,1.5,0,0,0,0,68.44,1.5,5,0.5,2698.11,3171.5,4.5%,"BTC_INR_30m_ST1(10,4.0)+ST2(14,4.0)_SL1.5pct_1-3",0,2
SOL/INR,15m,2026-07-25 to 2026-09-24 (60D),5742,12,2.0,10,4.0,"ST1(12,2.0)+ST2(10,4.0)",1.5%,1:3,1%,1.5,3.0,"ST1(12,2.0)+ST2(10,4.0)",10000,9526.76,-473.24,-4.73,1414.0,14.14,191.304,-81.45,106.28,-81.45,159.42000000000002,-81.45,40.82,59.18,0.9,-4.83,98,40,58,0,2,2,1.5,1.5,0,0,0,0,68.18,1.5,5,0.5,4251.2,4724.1,4.5%,"SOL_INR_15m_ST1(12,2.0)+ST2(10,4.0)_SL1.5pct_1-3",2,1
SOL/INR,15m,2026-07-25 to 2026-09-24 (60D),5742,10,4.0,12,2.0,"ST1(10,4.0)+ST2(12,2.0)",1.5%,1:3,1%,1.5,3.0,"ST1(10,4.0)+ST2(12,2.0)",10000,9526.76,-473.24,-4.73,1414.0,14.14,191.304,-81.45,106.28,-81.45,159.42000000000002,-81.45,40.82,59.18,0.9,-4.83,98,40,58,0,2,2,1.5,1.5,0,0,0,0,68.18,1.5,5,0.5,4251.2,4724.1,4.5%,"SOL_INR_15m_ST1(10,4.0)+ST2(12,2.0)_SL1.5pct_1-3",2,1
BTC/INR,15m,2026-07-25 to 2026-09-24 (60D),5742,12,4.0,10,3.0,"ST1(12,4.0)+ST2(10,3.0)",1.5%,1:3,1%,1.5,3.0,"ST1(12,4.0)+ST2(10,3.0)",10000,9521.42,-478.58,-4.79,1146.0,11.46,154.944,-68.46,86.08,-68.46,129.12,-68.46,40.7,59.3,0.86,-5.56,86,35,51,0,2,2,1.5,1.5,0,0,0,0,78.32,1.5,5,0.5,3012.8,3491.46,4.5%,"BTC_INR_15m_ST1(12,4.0)+ST2(10,3.0)_SL1.5pct_1-3",0,1
BTC/INR,15m,2026-07-25 to 2026-09-24 (60D),5742,10,3.0,12,4.0,"ST1(10,3.0)+ST2(12,4.0)",1.5%,1:3,1%,1.5,3.0,"ST1(10,3.0)+ST2(12,4.0)",10000,9521.42,-478.58,-4.79,1146.0,11.46,154.944,-68.46,86.08,-68.46,129.12,-68.46,40.7,59.3,0.86,-5.56,86,35,51,0,2,2,1.5,1.5,0,0,0,0,78.32,1.5,5,0.5,3012.8,3491.46,4.5%,"BTC_INR_15m_ST1(10,3.0)+ST2(12,4.0)_SL1.5pct_1-3",0,1
SOL/INR,15m,2026-07-25 to 2026-09-24 (60D),5742,10,3.0,10,2.0,"ST1(10,3.0)+ST2(10,2.0)",1.5%,1:3,1%,1.5,3.0,"ST1(10,3.0)+ST2(10,2.0)",10000,9521.2,-478.8,-4.79,1447.0,14.47,206.064,-82.92,114.48,-82.92,171.72,-82.92,39.6,60.4,0.91,-4.74,101,40,61,0,2,2,1.5,1.5,0,0,0,0,68.98,1.5,5,0.5,4579.2,5058.12,4.5%,"SOL_INR_15m_ST1(10,3.0)+ST2(10,2.0)_SL1.5pct_1-3",2,1
SOL/INR,15m,2026-07-25 to 2026-09-24 (60D),5742,10,2.0,10,3.0,"ST1(10,2.0)+ST2(10,3.0)",1.5%,1:3,1%,1.5,3.0,"ST1(10,2.0)+ST2(10,3.0)",10000,9521.2,-478.8,-4.79,1447.0,14.47,206.064,-82.92,114.48,-82.92,171.72,-82.92,39.6,60.4,0.91,-4.74,101,40,61,0,2,2,1.5,1.5,0,0,0,0,68.98,1.5,5,0.5,4579.2,5058.12,4.5%,"SOL_INR_15m_ST1(10,2.0)+ST2(10,3.0)_SL1.5pct_1-3",2,1
BTC/INR,30m,2026-07-25 to 2026-09-24 (60D),2872,10,4.0,10,2.0,"ST1(10,4.0)+ST2(10,2.0)",1.5%,1:3,1%,1.5,3.0,"ST1(10,4.0)+ST2(10,2.0)",10000,9515.02,-484.98,-4.85,1101.0,11.01,173.358,-68.87,96.31,-68.87,144.465,-68.87,37.31,62.69,0.83,-7.24,67,25,42,0,2,2,1.5,1.5,0,0,0,0,51.65,1.5,5,0.5,2407.75,2892.54,4.5%,"BTC_INR_30m_ST1(10,4.0)+ST2(10,2.0)_SL1.5pct_1-3",0,2
BTC/INR,30m,2026-07-25 to 2026-09-24 (60D),2872,10,2.0,10,4.0,"ST1(10,2.0)+ST2(10,4.0)",1.5%,1:3,1%,1.5,3.0,"ST1(10,2.0)+ST2(10,4.0)",10000,9515.02,-484.98,-4.85,1101.0,11.01,173.358,-68.87,96.31,-68.87,144.465,-68.87,37.31,62.69,0.83,-7.24,67,25,42,0,2,2,1.5,1.5,0,0,0,0,51.65,1.5,5,0.5,2407.75,2892.54,4.5%,"BTC_INR_30m_ST1(10,2.0)+ST2(10,4.0)_SL1.5pct_1-3",0,2
SOL/INR,15m,2026-07-25 to 2026-09-24 (60D),5742,14,4.0,14,3.0,"ST1(14,4.0)+ST2(14,3.0)",1.5%,1:3,1%,1.5,3.0,"ST1(14,4.0)+ST2(14,3.0)",10000,9514.96,-485.04,-4.85,1458.0,14.58,212.886,-82.79,118.27,-82.79,177.405,-82.79,38.83,61.17,0.91,-4.71,103,40,63,0,2,2,1.5,1.5,0,0,0,0,73.16,1.5,5,0.5,4730.8,5215.77,4.5%,"SOL_INR_15m_ST1(14,4.0)+ST2(14,3.0)_SL1.5pct_1-3",2,1
SOL/INR,15m,2026-07-25 to 2026-09-24 (60D),5742,14,3.0,14,4.0,"ST1(14,3.0)+ST2(14,4.0)",1.5%,1:3,1%,1.5,3.0,"ST1(14,3.0)+ST2(14,4.0)",10000,9514.96,-485.04,-4.85,1458.0,14.58,212.886,-82.79,118.27,-82.79,177.405,-82.79,38.83,61.17,0.91,-4.71,103,40,63,0,2,2,1.5,1.5,0,0,0,0,73.16,1.5,5,0.5,4730.8,5215.77,4.5%,"SOL_INR_15m_ST1(14,3.0)+ST2(14,4.0)_SL1.5pct_1-3",2,1
BTC/INR,15m,2026-07-25 to 2026-09-24 (60D),5742,10,3.0,10,4.0,"ST1(10,3.0)+ST2(10,4.0)",1.5%,1:3,1%,1.5,3.0,"ST1(10,3.0)+ST2(10,4.0)",10000,9514.57,-485.43,-4.85,1046.0,10.46,152.568,-66.02,84.76,-66.02,127.14,-66.02,40.0,60.0,0.86,-5.71,85,34,51,0,2,2,1.5,1.5,0,0,0,0,78.23,1.5,5,0.5,2881.84,3367.02,4.5%,"BTC_INR_15m_ST1(10,3.0)+ST2(10,4.0)_SL1.5pct_1-3",0,1
BTC/INR,15m,2026-07-25 to 2026-09-24 (60D),5742,10,4.0,10,3.0,"ST1(10,4.0)+ST2(10,3.0)",1.5%,1:3,1%,1.5,3.0,"ST1(10,4.0)+ST2(10,3.0)",10000,9514.57,-485.43,-4.85,1046.0,10.46,152.568,-66.02,84.76,-66.02,127.14,-66.02,40.0,60.0,0.86,-5.71,85,34,51,0,2,2,1.5,1.5,0,0,0,0,78.23,1.5,5,0.5,2881.84,3367.02,4.5%,"BTC_INR_15m_ST1(10,4.0)+ST2(10,3.0)_SL1.5pct_1-3",0,1
SOL/INR,15m,2026-07-25 to 2026-09-24 (60D),5742,14,3.5,12,2.0,"ST1(14,3.5)+ST2(12,2.0)",1.5%,1:3,1%,1.5,3.0,"ST1(14,3.5)+ST2(12,2.0)",10000,9512.71,-487.29,-4.87,1586.0,15.86,198.198,-83.36,110.11,-83.36,165.165,-83.36,40.59,59.41,0.9,-4.82,101,41,60,0,2,2,1.5,1.5,0,0,0,0,69.82,1.5,5,0.5,4514.51,5001.6,4.5%,"SOL_INR_15m_ST1(14,3.5)+ST2(12,2.0)_SL1.5pct_1-3",2,1
SOL/INR,15m,2026-07-25 to 2026-09-24 (60D),5742,12,2.0,14,3.5,"ST1(12,2.0)+ST2(14,3.5)",1.5%,1:3,1%,1.5,3.0,"ST1(12,2.0)+ST2(14,3.5)",10000,9512.71,-487.29,-4.87,1586.0,15.86,198.198,-83.36,110.11,-83.36,165.165,-83.36,40.59,59.41,0.9,-4.82,101,41,60,0,2,2,1.5,1.5,0,0,0,0,69.82,1.5,5,0.5,4514.51,5001.6,4.5%,"SOL_INR_15m_ST1(12,2.0)+ST2(14,3.5)_SL1.5pct_1-3",2,1
SOL/INR,15m,2026-07-25 to 2026-09-24 (60D),5742,12,3.0,12,4.0,"ST1(12,3.0)+ST2(12,4.0)",1.5%,1:3,1%,1.5,3.0,"ST1(12,3.0)+ST2(12,4.0)",10000,9509.31,-490.69,-4.91,1539.0,15.39,212.13,-81.33,117.85,-81.33,176.77499999999998,-81.33,38.46,61.54,0.91,-4.72,104,40,64,0,2,2,1.5,1.5,0,0,0,0,74.57,1.5,5,0.5,4714.0,5205.12,4.5%,"SOL_INR_15m_ST1(12,3.0)+ST2(12,4.0)_SL1.5pct_1-3",2,1
ETH/INR,30m,2026-07-25 to 2026-09-24 (60D),2872,14,4.0,12,3.0,"ST1(14,4.0)+ST2(12,3.0)",1.5%,1:3,1%,1.5,3.0,"ST1(14,4.0)+ST2(12,3.0)",10000,9509.31,-490.69,-4.91,828.0,8.28,169.82999999999998,-66.05,94.35,-66.05,141.52499999999998,-66.05,36.99,63.01,0.84,-6.72,73,27,46,0,2,2,1.5,1.5,0,0,0,0,58.66,1.5,5,0.5,2547.45,3038.3,4.5%,"ETH_INR_30m_ST1(14,4.0)+ST2(12,3.0)_SL1.5pct_1-3",1,2
ETH/INR,30m,2026-07-25 to 2026-09-24 (60D),2872,12,3.0,14,4.0,"ST1(12,3.0)+ST2(14,4.0)",1.5%,1:3,1%,1.5,3.0,"ST1(12,3.0)+ST2(14,4.0)",10000,9509.31,-490.69,-4.91,828.0,8.28,169.82999999999998,-66.05,94.35,-66.05,141.52499999999998,-66.05,36.99,63.01,0.84,-6.72,73,27,46,0,2,2,1.5,1.5,0,0,0,0,58.66,1.5,5,0.5,2547.45,3038.3,4.5%,"ETH_INR_30m_ST1(12,3.0)+ST2(14,4.0)_SL1.5pct_1-3",1,2
SOL/INR,15m,2026-07-25 to 2026-09-24 (60D),5742,12,4.0,12,3.0,"ST1(12,4.0)+ST2(12,3.0)",1.5%,1:3,1%,1.5,3.0,"ST1(12,4.0)+ST2(12,3.0)",10000,9509.31,-490.69,-4.91,1539.0,15.39,212.13,-81.33,117.85,-81.33,176.77499999999998,-81.33,38.46,61.54,0.91,-4.72,104,40,64,0,2,2,1.5,1.5,0,0,0,0,74.57,1.5,5,0.5,4714.0,5205.12,4.5%,"SOL_INR_15m_ST1(12,4.0)+ST2(12,3.0)_SL1.5pct_1-3",2,1
BTC/INR,30m,2026-07-25 to 2026-09-24 (60D),2872,14,2.0,12,3.0,"ST1(14,2.0)+ST2(12,3.0)",1.5%,1:3,1%,1.5,3.0,"ST1(14,2.0)+ST2(12,3.0)",10000,9507.96,-492.04,-4.92,890.0,8.9,173.376,-64.43,96.32,-64.43,144.48,-64.43,36.0,64.0,0.84,-6.56,75,27,48,0,2,2,1.5,1.5,0,0,0,0,62.56,1.5,5,0.5,2600.64,3092.6400000000003,4.5%,"BTC_INR_30m_ST1(14,2.0)+ST2(12,3.0)_SL1.5pct_1-3",0,2
BTC/INR,30m,2026-07-25 to 2026-09-24 (60D),2872,12,3.0,14,2.0,"ST1(12,3.0)+ST2(14,2.0)",1.5%,1:3,1%,1.5,3.0,"ST1(12,3.0)+ST2(14,2.0)",10000,9507.96,-492.04,-4.92,890.0,8.9,173.376,-64.43,96.32,-64.43,144.48,-64.43,36.0,64.0,0.84,-6.56,75,27,48,0,2,2,1.5,1.5,0,0,0,0,62.56,1.5,5,0.5,2600.64,3092.6400000000003,4.5%,"BTC_INR_30m_ST1(12,3.0)+ST2(14,2.0)_SL1.5pct_1-3",0,2
BTC/INR,15m,2026-07-25 to 2026-09-24 (60D),5742,7,3.0,12,4.0,"ST1(7,3.0)+ST2(12,4.0)",1.5%,1:3,1%,1.5,3.0,"ST1(7,3.0)+ST2(12,4.0)",10000,9506.95,-493.05,-4.93,1065.0,10.65,151.812,-66.25,84.34,-66.25,126.51,-66.25,40.23,59.77,0.86,-5.67,87,35,52,0,2,2,1.5,1.5,0,0,0,0,80.23,1.5,5,0.5,2951.9,3445.0,4.5%,"BTC_INR_15m_ST1(7,3.0)+ST2(12,4.0)_SL1.5pct_1-3",0,1
BTC/INR,15m,2026-07-25 to 2026-09-24 (60D),5742,12,4.0,7,3.0,"ST1(12,4.0)+ST2(7,3.0)",1.5%,1:3,1%,1.5,3.0,"ST1(12,4.0)+ST2(7,3.0)",10000,9506.95,-493.05,-4.93,1065.0,10.65,151.812,-66.25,84.34,-66.25,126.51,-66.25,40.23,59.77,0.86,-5.67,87,35,52,0,2,2,1.5,1.5,0,0,0,0,80.23,1.5,5,0.5,2951.9,3445.0,4.5%,"BTC_INR_15m_ST1(12,4.0)+ST2(7,3.0)_SL1.5pct_1-3",0,1
BTC/INR,15m,2026-07-25 to 2026-09-24 (60D),5742,14,3.0,14,3.5,"ST1(14,3.0)+ST2(14,3.5)",1.5%,1:3,1%,1.5,3.0,"ST1(14,3.0)+ST2(14,3.5)",10000,9503.94,-496.06,-4.96,966.0,9.66,159.444,-66.18,88.58,-66.18,132.87,-66.18,39.08,60.92,0.86,-5.7,87,34,53,0,2,2,1.5,1.5,0,0,0,0,81.4,1.5,5,0.5,3011.72,3507.5400000000004,4.5%,"BTC_INR_15m_ST1(14,3.0)+ST2(14,3.5)_SL1.5pct_1-3",0,1
BTC/INR,15m,2026-07-25 to 2026-09-24 (60D),5742,14,3.5,14,3.0,"ST1(14,3.5)+ST2(14,3.0)",1.5%,1:3,1%,1.5,3.0,"ST1(14,3.5)+ST2(14,3.0)",10000,9503.94,-496.06,-4.96,966.0,9.66,159.444,-66.18,88.58,-66.18,132.87,-66.18,39.08,60.92,0.86,-5.7,87,34,53,0,2,2,1.5,1.5,0,0,0,0,81.4,1.5,5,0.5,3011.72,3507.5400000000004,4.5%,"BTC_INR_15m_ST1(14,3.5)+ST2(14,3.0)_SL1.5pct_1-3",0,1
BTC/INR,15m,2026-07-25 to 2026-09-24 (60D),5742,12,3.5,14,3.0,"ST1(12,3.5)+ST2(14,3.0)",1.5%,1:3,1%,1.5,3.0,"ST1(12,3.5)+ST2(14,3.0)",10000,9501.68,-498.32,-4.98,1095.0,10.95,161.892,-67.1,89.94,-67.1,134.91,-67.1,39.08,60.92,0.86,-5.73,87,34,53,0,2,2,1.5,1.5,0,0,0,0,80.79,1.5,5,0.5,3057.96,3556.3,4.5%,"BTC_INR_15m_ST1(12,3.5)+ST2(14,3.0)_SL1.5pct_1-3",0,1
BTC/INR,15m,2026-07-25 to 2026-09-24 (60D),5742,14,3.0,12,3.5,"ST1(14,3.0)+ST2(12,3.5)",1.5%,1:3,1%,1.5,3.0,"ST1(14,3.0)+ST2(12,3.5)",10000,9501.68,-498.32,-4.98,1095.0,10.95,161.892,-67.1,89.94,-67.1,134.91,-67.1,39.08,60.92,0.86,-5.73,87,34,53,0,2,2,1.5,1.5,0,0,0,0,80.79,1.5,5,0.5,3057.96,3556.3,4.5%,"BTC_INR_15m_ST1(14,3.0)+ST2(12,3.5)_SL1.5pct_1-3",0,1
BTC/INR,15m,2026-07-25 to 2026-09-24 (60D),5742,10,4.0,14,3.5,"ST1(10,4.0)+ST2(14,3.5)",1.5%,1:3,1%,1.5,3.0,"ST1(10,4.0)+ST2(14,3.5)",10000,9500.9,-499.1,-4.99,1132.0,11.32,150.858,-68.65,83.81,-68.65,125.715,-68.65,41.18,58.82,0.85,-5.87,85,35,50,0,2,2,1.5,1.5,0,0,0,0,80.08,1.5,5,0.5,2933.35,3432.5000000000005,4.5%,"BTC_INR_15m_ST1(10,4.0)+ST2(14,3.5)_SL1.5pct_1-3",0,1
BTC/INR,15m,2026-07-25 to 2026-09-24 (60D),5742,14,3.5,10,4.0,"ST1(14,3.5)+ST2(10,4.0)",1.5%,1:3,1%,1.5,3.0,"ST1(14,3.5)+ST2(10,4.0)",10000,9500.9,-499.1,-4.99,1132.0,11.32,150.858,-68.65,83.81,-68.65,125.715,-68.65,41.18,58.82,0.85,-5.87,85,35,50,0,2,2,1.5,1.5,0,0,0,0,80.08,1.5,5,0.5,2933.35,3432.5000000000005,4.5%,"BTC_INR_15m_ST1(14,3.5)+ST2(10,4.0)_SL1.5pct_1-3",0,1
BTC/INR,30m,2026-07-25 to 2026-09-24 (60D),2872,12,2.0,10,2.0,"ST1(12,2.0)+ST2(10,2.0)",1.5%,1:3,1%,1.5,3.0,"ST1(12,2.0)+ST2(10,2.0)",10000,9500.64,-499.36,-4.99,1000.0,10.0,183.366,-58.58,101.87,-58.58,152.805,-58.58,32.47,67.53,0.84,-6.48,77,25,52,0,2,2,1.5,1.5,0,0,0,0,70.57,1.5,5,0.5,2546.75,3046.16,4.5%,"BTC_INR_30m_ST1(12,2.0)+ST2(10,2.0)_SL1.5pct_1-3",0,2
BTC/INR,30m,2026-07-25 to 2026-09-24 (60D),2872,10,2.0,12,2.0,"ST1(10,2.0)+ST2(12,2.0)",1.5%,1:3,1%,1.5,3.0,"ST1(10,2.0)+ST2(12,2.0)",10000,9500.64,-499.36,-4.99,1000.0,10.0,183.366,-58.58,101.87,-58.58,152.805,-58.58,32.47,67.53,0.84,-6.48,77,25,52,0,2,2,1.5,1.5,0,0,0,0,70.57,1.5,5,0.5,2546.75,3046.16,4.5%,"BTC_INR_30m_ST1(10,2.0)+ST2(12,2.0)_SL1.5pct_1-3",0,2
BTC/INR,15m,2026-07-25 to 2026-09-24 (60D),5742,7,3.0,10,4.0,"ST1(7,3.0)+ST2(10,4.0)",1.5%,1:3,1%,1.5,3.0,"ST1(7,3.0)+ST2(10,4.0)",10000,9500.11,-499.89,-5.0,965.0,9.65,149.328,-63.86,82.96,-63.86,124.44,-63.86,39.53,60.47,0.85,-5.81,86,34,52,0,2,2,1.5,1.5,0,0,0,0,80.15,1.5,5,0.5,2820.64,3320.72,4.5%,"BTC_INR_15m_ST1(7,3.0)+ST2(10,4.0)_SL1.5pct_1-3",0,1
BTC/INR,15m,2026-07-25 to 2026-09-24 (60D),5742,10,4.0,7,3.0,"ST1(10,4.0)+ST2(7,3.0)",1.5%,1:3,1%,1.5,3.0,"ST1(10,4.0)+ST2(7,3.0)",10000,9500.11,-499.89,-5.0,965.0,9.65,149.328,-63.86,82.96,-63.86,124.44,-63.86,39.53,60.47,0.85,-5.81,86,34,52,0,2,2,1.5,1.5,0,0,0,0,80.15,1.5,5,0.5,2820.64,3320.72,4.5%,"BTC_INR_15m_ST1(10,4.0)+ST2(7,3.0)_SL1.5pct_1-3",0,1
ETH/INR,30m,2026-07-25 to 2026-09-24 (60D),2872,12,3.5,12,3.0,"ST1(12,3.5)+ST2(12,3.0)",1.5%,1:3,1%,1.5,3.0,"ST1(12,3.5)+ST2(12,3.0)",10000,9499.19,-500.81,-5.01,1036.0,10.36,189.576,-70.4,105.32,-70.4,157.98,-70.4,36.36,63.64,0.85,-6.5,77,28,49,0,2,2,1.5,1.5,0,0,0,0,62.07,1.5,5,0.5,2948.96,3449.6000000000004,4.5%,"ETH_INR_30m_ST1(12,3.5)+ST2(12,3.0)_SL1.5pct_1-3",1,2
ETH/INR,30m,2026-07-25 to 2026-09-24 (60D),2872,12,3.0,12,3.5,"ST1(12,3.0)+ST2(12,3.5)",1.5%,1:3,1%,1.5,3.0,"ST1(12,3.0)+ST2(12,3.5)",10000,9499.19,-500.81,-5.01,1036.0,10.36,189.576,-70.4,105.32,-70.4,157.98,-70.4,36.36,63.64,0.85,-6.5,77,28,49,0,2,2,1.5,1.5,0,0,0,0,62.07,1.5,5,0.5,2948.96,3449.6000000000004,4.5%,"ETH_INR_30m_ST1(12,3.0)+ST2(12,3.5)_SL1.5pct_1-3",1,2
BTC/INR,15m,2026-07-25 to 2026-09-24 (60D),5742,12,4.0,14,3.5,"ST1(12,4.0)+ST2(14,3.5)",1.5%,1:3,1%,1.5,3.0,"ST1(12,4.0)+ST2(14,3.5)",10000,9497.04,-502.96,-5.03,1231.0,12.31,152.53199999999998,-71.08,84.74,-71.08,127.11,-71.08,41.86,58.14,0.86,-5.85,86,36,50,0,2,2,1.5,1.5,0,0,0,0,80.23,1.5,5,0.5,3050.64,3554.0,4.5%,"BTC_INR_15m_ST1(12,4.0)+ST2(14,3.5)_SL1.5pct_1-3",0,1
BTC/INR,15m,2026-07-25 to 2026-09-24 (60D),5742,14,3.5,12,4.0,"ST1(14,3.5)+ST2(12,4.0)",1.5%,1:3,1%,1.5,3.0,"ST1(14,3.5)+ST2(12,4.0)",10000,9497.04,-502.96,-5.03,1231.0,12.31,152.53199999999998,-71.08,84.74,-71.08,127.11,-71.08,41.86,58.14,0.86,-5.85,86,36,50,0,2,2,1.5,1.5,0,0,0,0,80.23,1.5,5,0.5,3050.64,3554.0,4.5%,"BTC_INR_15m_ST1(14,3.5)+ST2(12,4.0)_SL1.5pct_1-3",0,1
BTC/INR,15m,2026-07-25 to 2026-09-24 (60D),5742,14,4.0,14,3.5,"ST1(14,4.0)+ST2(14,3.5)",1.5%,1:3,1%,1.5,3.0,"ST1(14,4.0)+ST2(14,3.5)",10000,9495.96,-504.04,-5.04,1232.0,12.32,153.09,-71.32,85.05,-71.32,127.575,-71.32,41.86,58.14,0.86,-5.86,86,36,50,0,2,2,1.5,1.5,0,0,0,0,82.9,1.5,5,0.5,3061.8,3565.9999999999995,4.5%,"BTC_INR_15m_ST1(14,4.0)+ST2(14,3.5)_SL1.5pct_1-3",0,1
BTC/INR,15m,2026-07-25 to 2026-09-24 (60D),5742,14,3.5,14,4.0,"ST1(14,3.5)+ST2(14,4.0)",1.5%,1:3,1%,1.5,3.0,"ST1(14,3.5)+ST2(14,4.0)",10000,9495.96,-504.04,-5.04,1232.0,12.32,153.09,-71.32,85.05,-71.32,127.575,-71.32,41.86,58.14,0.86,-5.86,86,36,50,0,2,2,1.5,1.5,0,0,0,0,82.9,1.5,5,0.5,3061.8,3565.9999999999995,4.5%,"BTC_INR_15m_ST1(14,3.5)+ST2(14,4.0)_SL1.5pct_1-3",0,1
BTC/INR,30m,2026-07-25 to 2026-09-24 (60D),2872,14,2.0,10,2.0,"ST1(14,2.0)+ST2(10,2.0)",1.5%,1:3,1%,1.5,3.0,"ST1(14,2.0)+ST2(10,2.0)",10000,9494.09,-505.91,-5.06,1006.0,10.06,183.258,-58.67,101.81,-58.67,152.715,-58.67,32.47,67.53,0.83,-6.57,77,25,52,0,2,2,1.5,1.5,0,0,0,0,70.25,1.5,5,0.5,2545.25,3050.84,4.5%,"BTC_INR_30m_ST1(14,2.0)+ST2(10,2.0)_SL1.5pct_1-3",0,2
BTC/INR,30m,2026-07-25 to 2026-09-24 (60D),2872,10,2.0,14,2.0,"ST1(10,2.0)+ST2(14,2.0)",1.5%,1:3,1%,1.5,3.0,"ST1(10,2.0)+ST2(14,2.0)",10000,9494.09,-505.91,-5.06,1006.0,10.06,183.258,-58.67,101.81,-58.67,152.715,-58.67,32.47,67.53,0.83,-6.57,77,25,52,0,2,2,1.5,1.5,0,0,0,0,70.25,1.5,5,0.5,2545.25,3050.84,4.5%,"BTC_INR_30m_ST1(10,2.0)+ST2(14,2.0)_SL1.5pct_1-3",0,2
SOL/INR,15m,2026-07-25 to 2026-09-24 (60D),5742,14,3.5,14,2.0,"ST1(14,3.5)+ST2(14,2.0)",1.5%,1:3,1%,1.5,3.0,"ST1(14,3.5)+ST2(14,2.0)",10000,9492.86,-507.14,-5.07,1586.0,15.86,209.088,-81.8,116.16,-81.8,174.24,-81.8,38.83,61.17,0.9,-4.92,103,40,63,0,2,2,1.5,1.5,0,0,0,0,69.61,1.5,5,0.5,4646.4,5153.4,4.5%,"SOL_INR_15m_ST1(14,3.5)+ST2(14,2.0)_SL1.5pct_1-3",2,1
SOL/INR,15m,2026-07-25 to 2026-09-24 (60D),5742,14,2.0,14,3.5,"ST1(14,2.0)+ST2(14,3.5)",1.5%,1:3,1%,1.5,3.0,"ST1(14,2.0)+ST2(14,3.5)",10000,9492.86,-507.14,-5.07,1586.0,15.86,209.088,-81.8,116.16,-81.8,174.24,-81.8,38.83,61.17,0.9,-4.92,103,40,63,0,2,2,1.5,1.5,0,0,0,0,69.61,1.5,5,0.5,4646.4,5153.4,4.5%,"SOL_INR_15m_ST1(14,2.0)+ST2(14,3.5)_SL1.5pct_1-3",2,1
ETH/INR,30m,2026-07-25 to 2026-09-24 (60D),2872,7,2.0,14,3.5,"ST1(7,2.0)+ST2(14,3.5)",1.5%,1:3,1%,1.5,3.0,"ST1(7,2.0)+ST2(14,3.5)",10000,9492.85,-507.15,-5.07,1163.0,11.63,189.486,-70.5,105.27,-70.5,157.905,-70.5,36.36,63.64,0.85,-6.59,77,28,49,0,2,2,1.5,1.5,0,0,0,0,62.17,1.5,5,0.5,2947.56,3454.5,4.5%,"ETH_INR_30m_ST1(7,2.0)+ST2(14,3.5)_SL1.5pct_1-3",1,2
ETH/INR,30m,2026-07-25 to 2026-09-24 (60D),2872,14,3.5,7,2.0,"ST1(14,3.5)+ST2(7,2.0)",1.5%,1:3,1%,1.5,3.0,"ST1(14,3.5)+ST2(7,2.0)",10000,9492.85,-507.15,-5.07,1163.0,11.63,189.486,-70.5,105.27,-70.5,157.905,-70.5,36.36,63.64,0.85,-6.59,77,28,49,0,2,2,1.5,1.5,0,0,0,0,62.17,1.5,5,0.5,2947.56,3454.5,4.5%,"ETH_INR_30m_ST1(14,3.5)+ST2(7,2.0)_SL1.5pct_1-3",1,2
SOL/INR,15m,2026-07-25 to 2026-09-24 (60D),5742,14,3.0,10,2.0,"ST1(14,3.0)+ST2(10,2.0)",1.5%,1:3,1%,1.5,3.0,"ST1(14,3.0)+ST2(10,2.0)",10000,9492.52,-507.48,-5.07,1431.0,14.31,203.76,-80.69,113.2,-80.69,169.8,-80.69,39.0,61.0,0.9,-5.08,100,39,61,0,2,2,1.5,1.5,0,0,0,0,68.18,1.5,5,0.5,4414.8,4922.09,4.5%,"SOL_INR_15m_ST1(14,3.0)+ST2(10,2.0)_SL1.5pct_1-3",2,1
SOL/INR,15m,2026-07-25 to 2026-09-24 (60D),5742,10,2.0,14,3.0,"ST1(10,2.0)+ST2(14,3.0)",1.5%,1:3,1%,1.5,3.0,"ST1(10,2.0)+ST2(14,3.0)",10000,9492.52,-507.48,-5.07,1431.0,14.31,203.76,-80.69,113.2,-80.69,169.8,-80.69,39.0,61.0,0.9,-5.08,100,39,61,0,2,2,1.5,1.5,0,0,0,0,68.18,1.5,5,0.5,4414.8,4922.09,4.5%,"SOL_INR_15m_ST1(10,2.0)+ST2(14,3.0)_SL1.5pct_1-3",2,1
ETH/INR,30m,2026-07-25 to 2026-09-24 (60D),2872,14,3.5,10,2.0,"ST1(14,3.5)+ST2(10,2.0)",1.5%,1:3,1%,1.5,3.0,"ST1(14,3.5)+ST2(10,2.0)",10000,9489.18,-510.82,-5.11,1259.0,12.59,192.096,-70.67,106.72,-70.67,160.07999999999998,-70.67,36.0,64.0,0.85,-6.81,75,27,48,0,2,2,1.5,1.5,0,0,0,0,58.52,1.5,5,0.5,2881.44,3392.16,4.5%,"ETH_INR_30m_ST1(14,3.5)+ST2(10,2.0)_SL1.5pct_1-3",1,2
ETH/INR,30m,2026-07-25 to 2026-09-24 (60D),2872,10,2.0,14,3.5,"ST1(10,2.0)+ST2(14,3.5)",1.5%,1:3,1%,1.5,3.0,"ST1(10,2.0)+ST2(14,3.5)",10000,9489.18,-510.82,-5.11,1259.0,12.59,192.096,-70.67,106.72,-70.67,160.07999999999998,-70.67,36.0,64.0,0.85,-6.81,75,27,48,0,2,2,1.5,1.5,0,0,0,0,58.52,1.5,5,0.5,2881.44,3392.16,4.5%,"ETH_INR_30m_ST1(10,2.0)+ST2(14,3.5)_SL1.5pct_1-3",1,2
BTC/INR,30m,2026-07-25 to 2026-09-24 (60D),2872,12,2.0,12,3.0,"ST1(12,2.0)+ST2(12,3.0)",1.5%,1:3,1%,1.5,3.0,"ST1(12,2.0)+ST2(12,3.0)",10000,9486.95,-513.05,-5.13,916.0,9.16,171.144,-64.17,95.08,-64.17,142.62,-64.17,36.0,64.0,0.83,-6.84,75,27,48,0,2,2,1.5,1.5,0,0,0,0,61.69,1.5,5,0.5,2567.16,3080.16,4.5%,"BTC_INR_30m_ST1(12,2.0)+ST2(12,3.0)_SL1.5pct_1-3",0,2
BTC/INR,30m,2026-07-25 to 2026-09-24 (60D),2872,12,3.0,12,2.0,"ST1(12,3.0)+ST2(12,2.0)",1.5%,1:3,1%,1.5,3.0,"ST1(12,3.0)+ST2(12,2.0)",10000,9486.95,-513.05,-5.13,916.0,9.16,171.144,-64.17,95.08,-64.17,142.62,-64.17,36.0,64.0,0.83,-6.84,75,27,48,0,2,2,1.5,1.5,0,0,0,0,61.69,1.5,5,0.5,2567.16,3080.16,4.5%,"BTC_INR_30m_ST1(12,3.0)+ST2(12,2.0)_SL1.5pct_1-3",0,2
BTC/INR,30m,2026-07-25 to 2026-09-24 (60D),2872,14,2.0,10,4.0,"ST1(14,2.0)+ST2(10,4.0)",1.5%,1:3,1%,1.5,3.0,"ST1(14,2.0)+ST2(10,4.0)",10000,9482.43,-517.57,-5.18,1101.0,11.01,172.71,-71.13,95.95,-71.13,143.925,-71.13,37.88,62.12,0.82,-7.84,66,25,41,0,2,2,1.5,1.5,0,0,0,0,53.22,1.5,5,0.5,2398.75,2916.33,4.5%,"BTC_INR_30m_ST1(14,2.0)+ST2(10,4.0)_SL1.5pct_1-3",0,2
BTC/INR,30m,2026-07-25 to 2026-09-24 (60D),2872,10,4.0,14,2.0,"ST1(10,4.0)+ST2(14,2.0)",1.5%,1:3,1%,1.5,3.0,"ST1(10,4.0)+ST2(14,2.0)",10000,9482.43,-517.57,-5.18,1101.0,11.01,172.71,-71.13,95.95,-71.13,143.925,-71.13,37.88,62.12,0.82,-7.84,66,25,41,0,2,2,1.5,1.5,0,0,0,0,53.22,1.5,5,0.5,2398.75,2916.33,4.5%,"BTC_INR_30m_ST1(10,4.0)+ST2(14,2.0)_SL1.5pct_1-3",0,2
ETH/INR,30m,2026-07-25 to 2026-09-24 (60D),2872,14,3.0,10,3.0,"ST1(14,3.0)+ST2(10,3.0)",1.5%,1:3,1%,1.5,3.0,"ST1(14,3.0)+ST2(10,3.0)",10000,9477.79,-522.21,-5.22,1118.0,11.18,198.594,-69.45,110.33,-69.45,165.495,-69.45,35.0,65.0,0.86,-6.53,80,28,52,0,2,2,1.5,1.5,0,0,0,0,65.13,1.5,5,0.5,3089.24,3611.4,4.5%,"ETH_INR_30m_ST1(14,3.0)+ST2(10,3.0)_SL1.5pct_1-3",1,2
ETH/INR,30m,2026-07-25 to 2026-09-24 (60D),2872,10,3.0,14,3.0,"ST1(10,3.0)+ST2(14,3.0)",1.5%,1:3,1%,1.5,3.0,"ST1(10,3.0)+ST2(14,3.0)",10000,9477.79,-522.21,-5.22,1118.0,11.18,198.594,-69.45,110.33,-69.45,165.495,-69.45,35.0,65.0,0.86,-6.53,80,28,52,0,2,2,1.5,1.5,0,0,0,0,65.13,1.5,5,0.5,3089.24,3611.4,4.5%,"ETH_INR_30m_ST1(10,3.0)+ST2(14,3.0)_SL1.5pct_1-3",1,2
SOL/INR,15m,2026-07-25 to 2026-09-24 (60D),5742,10,3.5,7,3.5,"ST1(10,3.5)+ST2(7,3.5)",1.5%,1:3,1%,1.5,3.0,"ST1(10,3.5)+ST2(7,3.5)",10000,9470.13,-529.87,-5.3,1600.0,16.0,202.482,-81.32,112.49,-81.32,168.735,-81.32,39.45,60.55,0.9,-4.86,109,43,66,0,2,2,1.5,1.5,0,0,0,0,77.8,1.5,5,0.5,4837.07,5367.12,4.5%,"SOL_INR_15m_ST1(10,3.5)+ST2(7,3.5)_SL1.5pct_1-3",2,1
SOL/INR,15m,2026-07-25 to 2026-09-24 (60D),5742,7,3.5,10,3.5,"ST1(7,3.5)+ST2(10,3.5)",1.5%,1:3,1%,1.5,3.0,"ST1(7,3.5)+ST2(10,3.5)",10000,9470.13,-529.87,-5.3,1600.0,16.0,202.482,-81.32,112.49,-81.32,168.735,-81.32,39.45,60.55,0.9,-4.86,109,43,66,0,2,2,1.5,1.5,0,0,0,0,77.8,1.5,5,0.5,4837.07,5367.12,4.5%,"SOL_INR_15m_ST1(7,3.5)+ST2(10,3.5)_SL1.5pct_1-3",2,1
BTC/INR,15m,2026-07-25 to 2026-09-24 (60D),5742,14,3.0,10,3.0,"ST1(14,3.0)+ST2(10,3.0)",1.5%,1:3,1%,1.5,3.0,"ST1(14,3.0)+ST2(10,3.0)",10000,9464.94,-535.06,-5.35,904.0,9.04,159.66,-67.0,88.7,-67.0,133.05,-67.0,39.08,60.92,0.85,-6.15,87,34,53,0,2,2,1.5,1.5,0,0,0,0,81.54,1.5,5,0.5,3015.8,3551.0,4.5%,"BTC_INR_15m_ST1(14,3.0)+ST2(10,3.0)_SL1.5pct_1-3",0,1
BTC/INR,15m,2026-07-25 to 2026-09-24 (60D),5742,10,3.0,14,3.0,"ST1(10,3.0)+ST2(14,3.0)",1.5%,1:3,1%,1.5,3.0,"ST1(10,3.0)+ST2(14,3.0)",10000,9464.94,-535.06,-5.35,904.0,9.04,159.66,-67.0,88.7,-67.0,133.05,-67.0,39.08,60.92,0.85,-6.15,87,34,53,0,2,2,1.5,1.5,0,0,0,0,81.54,1.5,5,0.5,3015.8,3551.0,4.5%,"BTC_INR_15m_ST1(10,3.0)+ST2(14,3.0)_SL1.5pct_1-3",0,1
SOL/INR,15m,2026-07-25 to 2026-09-24 (60D),5742,12,2.0,10,3.0,"ST1(12,2.0)+ST2(10,3.0)",1.5%,1:3,1%,1.5,3.0,"ST1(12,2.0)+ST2(10,3.0)",10000,9464.63,-535.37,-5.35,1498.0,14.98,202.356,-82.5,112.42,-82.5,168.63,-82.5,39.6,60.4,0.89,-5.3,101,40,61,0,2,2,1.5,1.5,0,0,0,0,68.53,1.5,5,0.5,4496.8,5032.5,4.5%,"SOL_INR_15m_ST1(12,2.0)+ST2(10,3.0)_SL1.5pct_1-3",2,1
SOL/INR,15m,2026-07-25 to 2026-09-24 (60D),5742,10,3.0,12,2.0,"ST1(10,3.0)+ST2(12,2.0)",1.5%,1:3,1%,1.5,3.0,"ST1(10,3.0)+ST2(12,2.0)",10000,9464.63,-535.37,-5.35,1498.0,14.98,202.356,-82.5,112.42,-82.5,168.63,-82.5,39.6,60.4,0.89,-5.3,101,40,61,0,2,2,1.5,1.5,0,0,0,0,68.53,1.5,5,0.5,4496.8,5032.5,4.5%,"SOL_INR_15m_ST1(10,3.0)+ST2(12,2.0)_SL1.5pct_1-3",2,1
SOL/INR,15m,2026-07-25 to 2026-09-24 (60D),5742,7,2.0,12,3.0,"ST1(7,2.0)+ST2(12,3.0)",1.5%,1:3,1%,1.5,3.0,"ST1(7,2.0)+ST2(12,3.0)",10000,9460.52,-539.48,-5.39,1624.0,16.24,201.978,-80.58,112.21,-80.58,168.315,-80.58,39.0,61.0,0.89,-5.4,100,39,61,0,2,2,1.5,1.5,0,0,0,0,67.68,1.5,5,0.5,4376.19,4915.38,4.5%,"SOL_INR_15m_ST1(7,2.0)+ST2(12,3.0)_SL1.5pct_1-3",2,1
SOL/INR,15m,2026-07-25 to 2026-09-24 (60D),5742,12,3.0,7,2.0,"ST1(12,3.0)+ST2(7,2.0)",1.5%,1:3,1%,1.5,3.0,"ST1(12,3.0)+ST2(7,2.0)",10000,9460.52,-539.48,-5.39,1624.0,16.24,201.978,-80.58,112.21,-80.58,168.315,-80.58,39.0,61.0,0.89,-5.4,100,39,61,0,2,2,1.5,1.5,0,0,0,0,67.68,1.5,5,0.5,4376.19,4915.38,4.5%,"SOL_INR_15m_ST1(12,3.0)+ST2(7,2.0)_SL1.5pct_1-3",2,1
ETH/INR,15m,2026-07-25 to 2026-09-24 (60D),5742,7,2.0,10,2.0,"ST1(7,2.0)+ST2(10,2.0)",1.5%,1:3,1%,1.5,3.0,"ST1(7,2.0)+ST2(10,2.0)",10000,9458.7,-541.3,-5.41,1120.0,11.2,180.576,-75.06,100.32,-75.06,150.48,-75.06,39.58,60.42,0.88,-5.64,96,38,58,0,2,2,1.5,1.5,0,0,0,0,77.95,1.5,5,0.5,3812.16,4353.4800000000005,4.5%,"ETH_INR_15m_ST1(7,2.0)+ST2(10,2.0)_SL1.5pct_1-3",1,1
ETH/INR,15m,2026-07-25 to 2026-09-24 (60D),5742,10,2.0,7,2.0,"ST1(10,2.0)+ST2(7,2.0)",1.5%,1:3,1%,1.5,3.0,"ST1(10,2.0)+ST2(7,2.0)",10000,9458.7,-541.3,-5.41,1120.0,11.2,180.576,-75.06,100.32,-75.06,150.48,-75.06,39.58,60.42,0.88,-5.64,96,38,58,0,2,2,1.5,1.5,0,0,0,0,77.95,1.5,5,0.5,3812.16,4353.4800000000005,4.5%,"ETH_INR_15m_ST1(10,2.0)+ST2(7,2.0)_SL1.5pct_1-3",1,1
SOL/INR,15m,2026-07-25 to 2026-09-24 (60D),5742,14,3.0,12,3.0,"ST1(14,3.0)+ST2(12,3.0)",1.5%,1:3,1%,1.5,3.0,"ST1(14,3.0)+ST2(12,3.0)",10000,9458.41,-541.59,-5.42,1679.0,16.79,208.584,-81.24,115.88,-81.24,173.82,-81.24,38.74,61.26,0.9,-4.88,111,43,68,0,2,2,1.5,1.5,0,0,0,0,77.48,1.5,5,0.5,4982.84,5524.32,4.5%,"SOL_INR_15m_ST1(14,3.0)+ST2(12,3.0)_SL1.5pct_1-3",2,1
SOL/INR,15m,2026-07-25 to 2026-09-24 (60D),5742,12,3.0,14,3.0,"ST1(12,3.0)+ST2(14,3.0)",1.5%,1:3,1%,1.5,3.0,"ST1(12,3.0)+ST2(14,3.0)",10000,9458.41,-541.59,-5.42,1679.0,16.79,208.584,-81.24,115.88,-81.24,173.82,-81.24,38.74,61.26,0.9,-4.88,111,43,68,0,2,2,1.5,1.5,0,0,0,0,77.48,1.5,5,0.5,4982.84,5524.32,4.5%,"SOL_INR_15m_ST1(12,3.0)+ST2(14,3.0)_SL1.5pct_1-3",2,1
BTC/INR,30m,2026-07-25 to 2026-09-24 (60D),2872,10,4.0,12,2.0,"ST1(10,4.0)+ST2(12,2.0)",1.5%,1:3,1%,1.5,3.0,"ST1(10,4.0)+ST2(12,2.0)",10000,9454.94,-545.06,-5.45,1101.0,11.01,170.208,-70.95,94.56,-70.95,141.84,-70.95,37.88,62.12,0.81,-8.26,66,25,41,0,2,2,1.5,1.5,0,0,0,0,52.04,1.5,5,0.5,2364.0,2908.9500000000003,4.5%,"BTC_INR_30m_ST1(10,4.0)+ST2(12,2.0)_SL1.5pct_1-3",0,2
BTC/INR,30m,2026-07-25 to 2026-09-24 (60D),2872,12,2.0,10,4.0,"ST1(12,2.0)+ST2(10,4.0)",1.5%,1:3,1%,1.5,3.0,"ST1(12,2.0)+ST2(10,4.0)",10000,9454.94,-545.06,-5.45,1101.0,11.01,170.208,-70.95,94.56,-70.95,141.84,-70.95,37.88,62.12,0.81,-8.26,66,25,41,0,2,2,1.5,1.5,0,0,0,0,52.04,1.5,5,0.5,2364.0,2908.9500000000003,4.5%,"BTC_INR_30m_ST1(12,2.0)+ST2(10,4.0)_SL1.5pct_1-3",0,2
BTC/INR,30m,2026-07-25 to 2026-09-24 (60D),2872,14,3.0,14,2.0,"ST1(14,3.0)+ST2(14,2.0)",1.5%,1:3,1%,1.5,3.0,"ST1(14,3.0)+ST2(14,2.0)",10000,9454.23,-545.77,-5.46,890.0,8.9,177.22799999999998,-62.11,98.46,-62.11,147.69,-62.11,34.21,65.78999999999999,0.82,-7.18,76,26,50,0,2,2,1.5,1.5,0,0,0,0,64.23,1.5,5,0.5,2559.96,3105.5,4.5%,"BTC_INR_30m_ST1(14,3.0)+ST2(14,2.0)_SL1.5pct_1-3",0,2
BTC/INR,30m,2026-07-25 to 2026-09-24 (60D),2872,14,2.0,14,3.0,"ST1(14,2.0)+ST2(14,3.0)",1.5%,1:3,1%,1.5,3.0,"ST1(14,2.0)+ST2(14,3.0)",10000,9454.23,-545.77,-5.46,890.0,8.9,177.22799999999998,-62.11,98.46,-62.11,147.69,-62.11,34.21,65.78999999999999,0.82,-7.18,76,26,50,0,2,2,1.5,1.5,0,0,0,0,64.23,1.5,5,0.5,2559.96,3105.5,4.5%,"BTC_INR_30m_ST1(14,2.0)+ST2(14,3.0)_SL1.5pct_1-3",0,2
ETH/INR,30m,2026-07-25 to 2026-09-24 (60D),2872,10,3.0,14,3.5,"ST1(10,3.0)+ST2(14,3.5)",1.5%,1:3,1%,1.5,3.0,"ST1(10,3.0)+ST2(14,3.5)",10000,9451.52,-548.48,-5.48,1136.0,11.36,186.03,-70.91,103.35,-70.91,155.02499999999998,-70.91,36.71,63.29,0.85,-6.94,79,29,50,0,2,2,1.5,1.5,0,0,0,0,64.99,1.5,5,0.5,2997.15,3545.5,4.5%,"ETH_INR_30m_ST1(10,3.0)+ST2(14,3.5)_SL1.5pct_1-3",1,2
ETH/INR,30m,2026-07-25 to 2026-09-24 (60D),2872,14,3.5,10,3.0,"ST1(14,3.5)+ST2(10,3.0)",1.5%,1:3,1%,1.5,3.0,"ST1(14,3.5)+ST2(10,3.0)",10000,9451.52,-548.48,-5.48,1136.0,11.36,186.03,-70.91,103.35,-70.91,155.02499999999998,-70.91,36.71,63.29,0.85,-6.94,79,29,50,0,2,2,1.5,1.5,0,0,0,0,64.99,1.5,5,0.5,2997.15,3545.5,4.5%,"ETH_INR_30m_ST1(14,3.5)+ST2(10,3.0)_SL1.5pct_1-3",1,2
BTC/INR,15m,2026-07-25 to 2026-09-24 (60D),5742,14,4.0,12,2.0,"ST1(14,4.0)+ST2(12,2.0)",1.5%,1:3,1%,1.5,3.0,"ST1(14,4.0)+ST2(12,2.0)",10000,9447.19,-552.81,-5.53,1206.0,12.06,154.31400000000002,-67.64,85.73,-67.64,128.595,-67.64,39.76,60.24,0.84,-6.66,83,33,50,0,2,2,1.5,1.5,0,0,0,0,73.82,1.5,5,0.5,2829.09,3382.0,4.5%,"BTC_INR_15m_ST1(14,4.0)+ST2(12,2.0)_SL1.5pct_1-3",0,1
BTC/INR,15m,2026-07-25 to 2026-09-24 (60D),5742,12,2.0,14,4.0,"ST1(12,2.0)+ST2(14,4.0)",1.5%,1:3,1%,1.5,3.0,"ST1(12,2.0)+ST2(14,4.0)",10000,9447.19,-552.81,-5.53,1206.0,12.06,154.31400000000002,-67.64,85.73,-67.64,128.595,-67.64,39.76,60.24,0.84,-6.66,83,33,50,0,2,2,1.5,1.5,0,0,0,0,73.82,1.5,5,0.5,2829.09,3382.0,4.5%,"BTC_INR_15m_ST1(12,2.0)+ST2(14,4.0)_SL1.5pct_1-3",0,1
SOL/INR,15m,2026-07-25 to 2026-09-24 (60D),5742,14,2.0,10,3.0,"ST1(14,2.0)+ST2(10,3.0)",1.5%,1:3,1%,1.5,3.0,"ST1(14,2.0)+ST2(10,3.0)",10000,9444.88,-555.12,-5.55,1498.0,14.98,213.696,-81.02,118.72,-81.02,178.07999999999998,-81.02,37.86,62.14,0.89,-5.39,103,39,64,0,2,2,1.5,1.5,0,0,0,0,68.32,1.5,5,0.5,4630.08,5185.28,4.5%,"SOL_INR_15m_ST1(14,2.0)+ST2(10,3.0)_SL1.5pct_1-3",2,1
SOL/INR,15m,2026-07-25 to 2026-09-24 (60D),5742,10,3.0,14,2.0,"ST1(10,3.0)+ST2(14,2.0)",1.5%,1:3,1%,1.5,3.0,"ST1(10,3.0)+ST2(14,2.0)",10000,9444.88,-555.12,-5.55,1498.0,14.98,213.696,-81.02,118.72,-81.02,178.07999999999998,-81.02,37.86,62.14,0.89,-5.39,103,39,64,0,2,2,1.5,1.5,0,0,0,0,68.32,1.5,5,0.5,4630.08,5185.28,4.5%,"SOL_INR_15m_ST1(10,3.0)+ST2(14,2.0)_SL1.5pct_1-3",2,1
BTC/INR,30m,2026-07-25 to 2026-09-24 (60D),2872,14,2.0,12,2.0,"ST1(14,2.0)+ST2(12,2.0)",1.5%,1:3,1%,1.5,3.0,"ST1(14,2.0)+ST2(12,2.0)",10000,9443.7,-556.3,-5.56,959.0,9.59,176.508,-62.12,98.06,-62.12,147.09,-62.12,34.21,65.78999999999999,0.82,-7.32,76,26,50,0,2,2,1.5,1.5,0,0,0,0,70.81,1.5,5,0.5,2549.56,3106.0,4.5%,"BTC_INR_30m_ST1(14,2.0)+ST2(12,2.0)_SL1.5pct_1-3",0,2
BTC/INR,30m,2026-07-25 to 2026-09-24 (60D),2872,12,2.0,14,2.0,"ST1(12,2.0)+ST2(14,2.0)",1.5%,1:3,1%,1.5,3.0,"ST1(12,2.0)+ST2(14,2.0)",10000,9443.7,-556.3,-5.56,959.0,9.59,176.508,-62.12,98.06,-62.12,147.09,-62.12,34.21,65.78999999999999,0.82,-7.32,76,26,50,0,2,2,1.5,1.5,0,0,0,0,70.81,1.5,5,0.5,2549.56,3106.0,4.5%,"BTC_INR_30m_ST1(12,2.0)+ST2(14,2.0)_SL1.5pct_1-3",0,2
SOL/INR,15m,2026-07-25 to 2026-09-24 (60D),5742,14,3.0,12,2.0,"ST1(14,3.0)+ST2(12,2.0)",1.5%,1:3,1%,1.5,3.0,"ST1(14,3.0)+ST2(12,2.0)",10000,9436.12,-563.88,-5.64,1482.0,14.82,200.016,-80.29,111.12,-80.29,166.68,-80.29,39.0,61.0,0.88,-5.64,100,39,61,0,2,2,1.5,1.5,0,0,0,0,67.73,1.5,5,0.5,4333.68,4897.6900000000005,4.5%,"SOL_INR_15m_ST1(14,3.0)+ST2(12,2.0)_SL1.5pct_1-3",2,1
SOL/INR,15m,2026-07-25 to 2026-09-24 (60D),5742,12,2.0,14,3.0,"ST1(12,2.0)+ST2(14,3.0)",1.5%,1:3,1%,1.5,3.0,"ST1(12,2.0)+ST2(14,3.0)",10000,9436.12,-563.88,-5.64,1482.0,14.82,200.016,-80.29,111.12,-80.29,166.68,-80.29,39.0,61.0,0.88,-5.64,100,39,61,0,2,2,1.5,1.5,0,0,0,0,67.73,1.5,5,0.5,4333.68,4897.6900000000005,4.5%,"SOL_INR_15m_ST1(12,2.0)+ST2(14,3.0)_SL1.5pct_1-3",2,1
ETH/INR,30m,2026-07-25 to 2026-09-24 (60D),2872,10,2.0,14,2.0,"ST1(10,2.0)+ST2(14,2.0)",1.5%,1:3,1%,1.5,3.0,"ST1(10,2.0)+ST2(14,2.0)",10000,9434.27,-565.73,-5.66,1247.0,12.47,206.676,-63.41,114.82,-63.41,172.23,-63.41,31.71,68.28999999999999,0.84,-6.9,82,26,56,0,2,2,1.5,1.5,0,0,0,0,63.64,1.5,5,0.5,2985.32,3550.96,4.5%,"ETH_INR_30m_ST1(10,2.0)+ST2(14,2.0)_SL1.5pct_1-3",1,2
ETH/INR,30m,2026-07-25 to 2026-09-24 (60D),2872,14,2.0,10,2.0,"ST1(14,2.0)+ST2(10,2.0)",1.5%,1:3,1%,1.5,3.0,"ST1(14,2.0)+ST2(10,2.0)",10000,9434.27,-565.73,-5.66,1247.0,12.47,206.676,-63.41,114.82,-63.41,172.23,-63.41,31.71,68.28999999999999,0.84,-6.9,82,26,56,0,2,2,1.5,1.5,0,0,0,0,63.64,1.5,5,0.5,2985.32,3550.96,4.5%,"ETH_INR_30m_ST1(14,2.0)+ST2(10,2.0)_SL1.5pct_1-3",1,2
ETH/INR,30m,2026-07-25 to 2026-09-24 (60D),2872,14,2.0,12,2.0,"ST1(14,2.0)+ST2(12,2.0)",1.5%,1:3,1%,1.5,3.0,"ST1(14,2.0)+ST2(12,2.0)",10000,9434.14,-565.86,-5.66,1247.0,12.47,200.79,-65.05,111.55,-65.05,167.325,-65.05,32.93,67.07,0.84,-6.9,82,27,55,0,2,2,1.5,1.5,0,0,0,0,64.79,1.5,5,0.5,3011.85,3577.75,4.5%,"ETH_INR_30m_ST1(14,2.0)+ST2(12,2.0)_SL1.5pct_1-3",1,2
ETH/INR,30m,2026-07-25 to 2026-09-24 (60D),2872,12,2.0,14,2.0,"ST1(12,2.0)+ST2(14,2.0)",1.5%,1:3,1%,1.5,3.0,"ST1(12,2.0)+ST2(14,2.0)",10000,9434.14,-565.86,-5.66,1247.0,12.47,200.79,-65.05,111.55,-65.05,167.325,-65.05,32.93,67.07,0.84,-6.9,82,27,55,0,2,2,1.5,1.5,0,0,0,0,64.79,1.5,5,0.5,3011.85,3577.75,4.5%,"ETH_INR_30m_ST1(12,2.0)+ST2(14,2.0)_SL1.5pct_1-3",1,2
BTC/INR,30m,2026-07-25 to 2026-09-24 (60D),2872,14,2.0,7,3.5,"ST1(14,2.0)+ST2(7,3.5)",1.5%,1:3,1%,1.5,3.0,"ST1(14,2.0)+ST2(7,3.5)",10000,9433.72,-566.28,-5.66,1074.0,10.74,179.388,-64.31,99.66,-64.31,149.49,-64.31,34.29,65.71000000000001,0.81,-8.09,70,24,46,0,2,2,1.5,1.5,0,0,0,0,54.44,1.5,5,0.5,2391.84,2958.26,4.5%,"BTC_INR_30m_ST1(14,2.0)+ST2(7,3.5)_SL1.5pct_1-3",0,2
BTC/INR,30m,2026-07-25 to 2026-09-24 (60D),2872,7,3.5,14,2.0,"ST1(7,3.5)+ST2(14,2.0)",1.5%,1:3,1%,1.5,3.0,"ST1(7,3.5)+ST2(14,2.0)",10000,9433.72,-566.28,-5.66,1074.0,10.74,179.388,-64.31,99.66,-64.31,149.49,-64.31,34.29,65.71000000000001,0.81,-8.09,70,24,46,0,2,2,1.5,1.5,0,0,0,0,54.44,1.5,5,0.5,2391.84,2958.26,4.5%,"BTC_INR_30m_ST1(7,3.5)+ST2(14,2.0)_SL1.5pct_1-3",0,2
BTC/INR,30m,2026-07-25 to 2026-09-24 (60D),2872,14,3.0,12,2.0,"ST1(14,3.0)+ST2(12,2.0)",1.5%,1:3,1%,1.5,3.0,"ST1(14,3.0)+ST2(12,2.0)",10000,9433.33,-566.67,-5.67,916.0,9.16,174.924,-61.87,97.18,-61.87,145.77,-61.87,34.21,65.78999999999999,0.82,-7.46,76,26,50,0,2,2,1.5,1.5,0,0,0,0,63.36,1.5,5,0.5,2526.6800000000003,3093.5,4.5%,"BTC_INR_30m_ST1(14,3.0)+ST2(12,2.0)_SL1.5pct_1-3",0,2
BTC/INR,30m,2026-07-25 to 2026-09-24 (60D),2872,12,2.0,14,3.0,"ST1(12,2.0)+ST2(14,3.0)",1.5%,1:3,1%,1.5,3.0,"ST1(12,2.0)+ST2(14,3.0)",10000,9433.33,-566.67,-5.67,916.0,9.16,174.924,-61.87,97.18,-61.87,145.77,-61.87,34.21,65.78999999999999,0.82,-7.46,76,26,50,0,2,2,1.5,1.5,0,0,0,0,63.36,1.5,5,0.5,2526.6800000000003,3093.5,4.5%,"BTC_INR_30m_ST1(12,2.0)+ST2(14,3.0)_SL1.5pct_1-3",0,2
BTC/INR,15m,2026-07-25 to 2026-09-24 (60D),5742,12,4.0,14,3.0,"ST1(12,4.0)+ST2(14,3.0)",1.5%,1:3,1%,1.5,3.0,"ST1(12,4.0)+ST2(14,3.0)",10000,9431.31,-568.69,-5.69,1171.0,11.71,155.196,-70.32,86.22,-70.32,129.32999999999998,-70.32,40.7,59.3,0.84,-6.61,86,35,51,0,2,2,1.5,1.5,0,0,0,0,76.35,1.5,5,0.5,3017.7,3586.32,4.5%,"BTC_INR_15m_ST1(12,4.0)+ST2(14,3.0)_SL1.5pct_1-3",0,1
BTC/INR,15m,2026-07-25 to 2026-09-24 (60D),5742,14,3.0,12,4.0,"ST1(14,3.0)+ST2(12,4.0)",1.5%,1:3,1%,1.5,3.0,"ST1(14,3.0)+ST2(12,4.0)",10000,9431.31,-568.69,-5.69,1171.0,11.71,155.196,-70.32,86.22,-70.32,129.32999999999998,-70.32,40.7,59.3,0.84,-6.61,86,35,51,0,2,2,1.5,1.5,0,0,0,0,76.35,1.5,5,0.5,3017.7,3586.32,4.5%,"BTC_INR_15m_ST1(14,3.0)+ST2(12,4.0)_SL1.5pct_1-3",0,1
BTC/INR,30m,2026-07-25 to 2026-09-24 (60D),2872,7,2.0,7,4.0,"ST1(7,2.0)+ST2(7,4.0)",1.5%,1:3,1%,1.5,3.0,"ST1(7,2.0)+ST2(7,4.0)",10000,9428.22,-571.78,-5.72,1000.0,10.0,156.132,-64.25,86.74,-64.25,130.11,-64.25,37.14,62.86,0.8,-8.17,70,26,44,0,2,2,1.5,1.5,0,0,0,0,54.09,1.5,5,0.5,2255.24,2827.0,4.5%,"BTC_INR_30m_ST1(7,2.0)+ST2(7,4.0)_SL1.5pct_1-3",0,2
BTC/INR,30m,2026-07-25 to 2026-09-24 (60D),2872,7,4.0,7,2.0,"ST1(7,4.0)+ST2(7,2.0)",1.5%,1:3,1%,1.5,3.0,"ST1(7,4.0)+ST2(7,2.0)",10000,9428.22,-571.78,-5.72,1000.0,10.0,156.132,-64.25,86.74,-64.25,130.11,-64.25,37.14,62.86,0.8,-8.17,70,26,44,0,2,2,1.5,1.5,0,0,0,0,54.09,1.5,5,0.5,2255.24,2827.0,4.5%,"BTC_INR_30m_ST1(7,4.0)+ST2(7,2.0)_SL1.5pct_1-3",0,2
BTC/INR,30m,2026-07-25 to 2026-09-24 (60D),2872,10,2.0,14,3.0,"ST1(10,2.0)+ST2(14,3.0)",1.5%,1:3,1%,1.5,3.0,"ST1(10,2.0)+ST2(14,3.0)",10000,9426.81,-573.19,-5.73,922.0,9.22,181.728,-60.73,100.96,-60.73,151.44,-60.73,32.89,67.11,0.81,-7.54,76,25,51,0,2,2,1.5,1.5,0,0,0,0,63.18,1.5,5,0.5,2524.0,3097.23,4.5%,"BTC_INR_30m_ST1(10,2.0)+ST2(14,3.0)_SL1.5pct_1-3",0,2
BTC/INR,30m,2026-07-25 to 2026-09-24 (60D),2872,14,3.0,10,2.0,"ST1(14,3.0)+ST2(10,2.0)",1.5%,1:3,1%,1.5,3.0,"ST1(14,3.0)+ST2(10,2.0)",10000,9426.81,-573.19,-5.73,922.0,9.22,181.728,-60.73,100.96,-60.73,151.44,-60.73,32.89,67.11,0.81,-7.54,76,25,51,0,2,2,1.5,1.5,0,0,0,0,63.18,1.5,5,0.5,2524.0,3097.23,4.5%,"BTC_INR_30m_ST1(14,3.0)+ST2(10,2.0)_SL1.5pct_1-3",0,2
SOL/INR,15m,2026-07-25 to 2026-09-24 (60D),5742,12,4.0,14,4.0,"ST1(12,4.0)+ST2(14,4.0)",1.5%,1:3,1%,1.5,3.0,"ST1(12,4.0)+ST2(14,4.0)",10000,9424.91,-575.09,-5.75,1458.0,14.58,201.564,-85.07,111.98,-85.07,167.97,-85.07,40.54,59.46,0.9,-5.18,111,45,66,0,2,2,1.5,1.5,0,0,0,0,77.9,1.5,5,0.5,5039.1,5614.62,4.5%,"SOL_INR_15m_ST1(12,4.0)+ST2(14,4.0)_SL1.5pct_1-3",2,1
SOL/INR,15m,2026-07-25 to 2026-09-24 (60D),5742,14,4.0,12,4.0,"ST1(14,4.0)+ST2(12,4.0)",1.5%,1:3,1%,1.5,3.0,"ST1(14,4.0)+ST2(12,4.0)",10000,9424.91,-575.09,-5.75,1458.0,14.58,201.564,-85.07,111.98,-85.07,167.97,-85.07,40.54,59.46,0.9,-5.18,111,45,66,0,2,2,1.5,1.5,0,0,0,0,77.9,1.5,5,0.5,5039.1,5614.62,4.5%,"SOL_INR_15m_ST1(14,4.0)+ST2(12,4.0)_SL1.5pct_1-3",2,1
BTC/INR,15m,2026-07-25 to 2026-09-24 (60D),5742,14,3.0,10,4.0,"ST1(14,3.0)+ST2(10,4.0)",1.5%,1:3,1%,1.5,3.0,"ST1(14,3.0)+ST2(10,4.0)",10000,9424.52,-575.48,-5.75,1072.0,10.72,152.82000000000002,-67.88,84.9,-67.88,127.35,-67.88,40.0,60.0,0.83,-6.77,85,34,51,0,2,2,1.5,1.5,0,0,0,0,76.26,1.5,5,0.5,2886.6000000000004,3461.88,4.5%,"BTC_INR_15m_ST1(14,3.0)+ST2(10,4.0)_SL1.5pct_1-3",0,1
BTC/INR,15m,2026-07-25 to 2026-09-24 (60D),5742,10,4.0,14,3.0,"ST1(10,4.0)+ST2(14,3.0)",1.5%,1:3,1%,1.5,3.0,"ST1(10,4.0)+ST2(14,3.0)",10000,9424.52,-575.48,-5.75,1072.0,10.72,152.82000000000002,-67.88,84.9,-67.88,127.35,-67.88,40.0,60.0,0.83,-6.77,85,34,51,0,2,2,1.5,1.5,0,0,0,0,76.26,1.5,5,0.5,2886.6000000000004,3461.88,4.5%,"BTC_INR_15m_ST1(10,4.0)+ST2(14,3.0)_SL1.5pct_1-3",0,1
ETH/INR,30m,2026-07-25 to 2026-09-24 (60D),2872,12,2.0,14,3.5,"ST1(12,2.0)+ST2(14,3.5)",1.5%,1:3,1%,1.5,3.0,"ST1(12,2.0)+ST2(14,3.5)",10000,9419.61,-580.39,-5.8,1323.0,13.23,196.776,-69.85,109.32,-69.85,163.98,-69.85,34.67,65.33,0.83,-7.74,75,26,49,0,2,2,1.5,1.5,0,0,0,0,57.16,1.5,5,0.5,2842.32,3422.65,4.5%,"ETH_INR_30m_ST1(12,2.0)+ST2(14,3.5)_SL1.5pct_1-3",1,2
ETH/INR,30m,2026-07-25 to 2026-09-24 (60D),2872,14,3.5,12,2.0,"ST1(14,3.5)+ST2(12,2.0)",1.5%,1:3,1%,1.5,3.0,"ST1(14,3.5)+ST2(12,2.0)",10000,9419.61,-580.39,-5.8,1323.0,13.23,196.776,-69.85,109.32,-69.85,163.98,-69.85,34.67,65.33,0.83,-7.74,75,26,49,0,2,2,1.5,1.5,0,0,0,0,57.16,1.5,5,0.5,2842.32,3422.65,4.5%,"ETH_INR_30m_ST1(14,3.5)+ST2(12,2.0)_SL1.5pct_1-3",1,2
BTC/INR,15m,2026-07-25 to 2026-09-24 (60D),5742,14,4.0,10,3.0,"ST1(14,4.0)+ST2(10,3.0)",1.5%,1:3,1%,1.5,3.0,"ST1(14,4.0)+ST2(10,3.0)",10000,9418.18,-581.82,-5.82,1232.0,12.32,154.512,-70.32,85.84,-70.32,128.76,-70.32,40.7,59.3,0.84,-6.77,86,35,51,0,2,2,1.5,1.5,0,0,0,0,80.49,1.5,5,0.5,3004.4,3586.32,4.5%,"BTC_INR_15m_ST1(14,4.0)+ST2(10,3.0)_SL1.5pct_1-3",0,1
BTC/INR,15m,2026-07-25 to 2026-09-24 (60D),5742,10,3.0,14,4.0,"ST1(10,3.0)+ST2(14,4.0)",1.5%,1:3,1%,1.5,3.0,"ST1(10,3.0)+ST2(14,4.0)",10000,9418.18,-581.82,-5.82,1232.0,12.32,154.512,-70.32,85.84,-70.32,128.76,-70.32,40.7,59.3,0.84,-6.77,86,35,51,0,2,2,1.5,1.5,0,0,0,0,80.49,1.5,5,0.5,3004.4,3586.32,4.5%,"BTC_INR_15m_ST1(10,3.0)+ST2(14,4.0)_SL1.5pct_1-3",0,1
SOL/INR,15m,2026-07-25 to 2026-09-24 (60D),5742,7,3.5,14,3.0,"ST1(7,3.5)+ST2(14,3.0)",1.5%,1:3,1%,1.5,3.0,"ST1(7,3.5)+ST2(14,3.0)",10000,9415.24,-584.76,-5.85,1617.0,16.17,209.88,-78.34,116.6,-78.34,174.89999999999998,-78.34,37.38,62.62,0.89,-5.47,107,40,67,0,2,2,1.5,1.5,0,0,0,0,75.39,1.5,5,0.5,4664.0,5248.780000000001,4.5%,"SOL_INR_15m_ST1(7,3.5)+ST2(14,3.0)_SL1.5pct_1-3",2,1
SOL/INR,15m,2026-07-25 to 2026-09-24 (60D),5742,14,3.0,7,3.5,"ST1(14,3.0)+ST2(7,3.5)",1.5%,1:3,1%,1.5,3.0,"ST1(14,3.0)+ST2(7,3.5)",10000,9415.24,-584.76,-5.85,1617.0,16.17,209.88,-78.34,116.6,-78.34,174.89999999999998,-78.34,37.38,62.62,0.89,-5.47,107,40,67,0,2,2,1.5,1.5,0,0,0,0,75.39,1.5,5,0.5,4664.0,5248.780000000001,4.5%,"SOL_INR_15m_ST1(14,3.0)+ST2(7,3.5)_SL1.5pct_1-3",2,1
BTC/INR,15m,2026-07-25 to 2026-09-24 (60D),5742,14,3.0,10,2.0,"ST1(14,3.0)+ST2(10,2.0)",1.5%,1:3,1%,1.5,3.0,"ST1(14,3.0)+ST2(10,2.0)",10000,9412.73,-587.27,-5.87,1247.0,12.47,160.90200000000002,-65.05,89.39,-65.05,134.085,-65.05,37.65,62.35,0.83,-6.91,85,32,53,0,2,2,1.5,1.5,0,0,0,0,76.91,1.5,5,0.5,2860.48,3447.65,4.5%,"BTC_INR_15m_ST1(14,3.0)+ST2(10,2.0)_SL1.5pct_1-3",0,1
BTC/INR,15m,2026-07-25 to 2026-09-24 (60D),5742,10,2.0,14,3.0,"ST1(10,2.0)+ST2(14,3.0)",1.5%,1:3,1%,1.5,3.0,"ST1(10,2.0)+ST2(14,3.0)",10000,9412.73,-587.27,-5.87,1247.0,12.47,160.90200000000002,-65.05,89.39,-65.05,134.085,-65.05,37.65,62.35,0.83,-6.91,85,32,53,0,2,2,1.5,1.5,0,0,0,0,76.91,1.5,5,0.5,2860.48,3447.65,4.5%,"BTC_INR_15m_ST1(10,2.0)+ST2(14,3.0)_SL1.5pct_1-3",0,1
BTC/INR,30m,2026-07-25 to 2026-09-24 (60D),2872,10,2.0,7,2.0,"ST1(10,2.0)+ST2(7,2.0)",1.5%,1:3,1%,1.5,3.0,"ST1(10,2.0)+ST2(7,2.0)",10000,9412.06,-587.94,-5.88,936.0,9.36,175.41,-57.39,97.45,-57.39,146.175,-57.39,32.0,68.0,0.8,-7.84,75,24,51,0,2,2,1.5,1.5,0,0,0,0,69.35,1.5,5,0.5,2338.8,2926.89,4.5%,"BTC_INR_30m_ST1(10,2.0)+ST2(7,2.0)_SL1.5pct_1-3",0,2
BTC/INR,30m,2026-07-25 to 2026-09-24 (60D),2872,7,2.0,10,2.0,"ST1(7,2.0)+ST2(10,2.0)",1.5%,1:3,1%,1.5,3.0,"ST1(7,2.0)+ST2(10,2.0)",10000,9412.06,-587.94,-5.88,936.0,9.36,175.41,-57.39,97.45,-57.39,146.175,-57.39,32.0,68.0,0.8,-7.84,75,24,51,0,2,2,1.5,1.5,0,0,0,0,69.35,1.5,5,0.5,2338.8,2926.89,4.5%,"BTC_INR_30m_ST1(7,2.0)+ST2(10,2.0)_SL1.5pct_1-3",0,2
BTC/INR,15m,2026-07-25 to 2026-09-24 (60D),5742,12,2.0,14,3.5,"ST1(12,2.0)+ST2(14,3.5)",1.5%,1:3,1%,1.5,3.0,"ST1(12,2.0)+ST2(14,3.5)",10000,9409.07,-590.93,-5.91,1134.0,11.34,156.87,-65.0,87.15,-65.0,130.72500000000002,-65.0,38.1,61.9,0.83,-7.04,84,32,52,0,2,2,1.5,1.5,0,0,0,0,75.39,1.5,5,0.5,2788.8,3380.0,4.5%,"BTC_INR_15m_ST1(12,2.0)+ST2(14,3.5)_SL1.5pct_1-3",0,1
BTC/INR,15m,2026-07-25 to 2026-09-24 (60D),5742,14,3.5,12,2.0,"ST1(14,3.5)+ST2(12,2.0)",1.5%,1:3,1%,1.5,3.0,"ST1(14,3.5)+ST2(12,2.0)",10000,9409.07,-590.93,-5.91,1134.0,11.34,156.87,-65.0,87.15,-65.0,130.72500000000002,-65.0,38.1,61.9,0.83,-7.04,84,32,52,0,2,2,1.5,1.5,0,0,0,0,75.39,1.5,5,0.5,2788.8,3380.0,4.5%,"BTC_INR_15m_ST1(14,3.5)+ST2(12,2.0)_SL1.5pct_1-3",0,1
SOL/INR,15m,2026-07-25 to 2026-09-24 (60D),5742,14,4.0,12,3.0,"ST1(14,4.0)+ST2(12,3.0)",1.5%,1:3,1%,1.5,3.0,"ST1(14,4.0)+ST2(12,3.0)",10000,9409.05,-590.95,-5.91,1554.0,15.54,211.248,-82.59,117.36,-82.59,176.04,-82.59,38.46,61.54,0.89,-5.68,104,40,64,0,2,2,1.5,1.5,0,0,0,0,73.32,1.5,5,0.5,4694.4,5285.76,4.5%,"SOL_INR_15m_ST1(14,4.0)+ST2(12,3.0)_SL1.5pct_1-3",2,1
SOL/INR,15m,2026-07-25 to 2026-09-24 (60D),5742,12,3.0,14,4.0,"ST1(12,3.0)+ST2(14,4.0)",1.5%,1:3,1%,1.5,3.0,"ST1(12,3.0)+ST2(14,4.0)",10000,9409.05,-590.95,-5.91,1554.0,15.54,211.248,-82.59,117.36,-82.59,176.04,-82.59,38.46,61.54,0.89,-5.68,104,40,64,0,2,2,1.5,1.5,0,0,0,0,73.32,1.5,5,0.5,4694.4,5285.76,4.5%,"SOL_INR_15m_ST1(12,3.0)+ST2(14,4.0)_SL1.5pct_1-3",2,1
BTC/INR,15m,2026-07-25 to 2026-09-24 (60D),5742,12,3.0,7,3.0,"ST1(12,3.0)+ST2(7,3.0)",1.5%,1:3,1%,1.5,3.0,"ST1(12,3.0)+ST2(7,3.0)",10000,9408.02,-591.98,-5.92,867.0,8.67,160.056,-66.53,88.92,-66.53,133.38,-66.53,38.37,61.63,0.83,-6.88,86,33,53,0,2,2,1.5,1.5,0,0,0,0,80.58,1.5,5,0.5,2934.36,3526.09,4.5%,"BTC_INR_15m_ST1(12,3.0)+ST2(7,3.0)_SL1.5pct_1-3",0,1
BTC/INR,15m,2026-07-25 to 2026-09-24 (60D),5742,7,3.0,12,3.0,"ST1(7,3.0)+ST2(12,3.0)",1.5%,1:3,1%,1.5,3.0,"ST1(7,3.0)+ST2(12,3.0)",10000,9408.02,-591.98,-5.92,867.0,8.67,160.056,-66.53,88.92,-66.53,133.38,-66.53,38.37,61.63,0.83,-6.88,86,33,53,0,2,2,1.5,1.5,0,0,0,0,80.58,1.5,5,0.5,2934.36,3526.09,4.5%,"BTC_INR_15m_ST1(7,3.0)+ST2(12,3.0)_SL1.5pct_1-3",0,1
BTC/INR,30m,2026-07-25 to 2026-09-24 (60D),2872,12,2.0,7,3.5,"ST1(12,2.0)+ST2(7,3.5)",1.5%,1:3,1%,1.5,3.0,"ST1(12,2.0)+ST2(7,3.5)",10000,9406.38,-593.62,-5.94,1074.0,10.74,176.81400000000002,-64.16,98.23,-64.16,147.345,-64.16,34.29,65.71000000000001,0.8,-8.48,70,24,46,0,2,2,1.5,1.5,0,0,0,0,53.26,1.5,5,0.5,2357.52,2951.36,4.5%,"BTC_INR_30m_ST1(12,2.0)+ST2(7,3.5)_SL1.5pct_1-3",0,2
BTC/INR,30m,2026-07-25 to 2026-09-24 (60D),2872,7,3.5,12,2.0,"ST1(7,3.5)+ST2(12,2.0)",1.5%,1:3,1%,1.5,3.0,"ST1(7,3.5)+ST2(12,2.0)",10000,9406.38,-593.62,-5.94,1074.0,10.74,176.81400000000002,-64.16,98.23,-64.16,147.345,-64.16,34.29,65.71000000000001,0.8,-8.48,70,24,46,0,2,2,1.5,1.5,0,0,0,0,53.26,1.5,5,0.5,2357.52,2951.36,4.5%,"BTC_INR_30m_ST1(7,3.5)+ST2(12,2.0)_SL1.5pct_1-3",0,2
ETH/INR,30m,2026-07-25 to 2026-09-24 (60D),2872,14,2.0,14,3.5,"ST1(14,2.0)+ST2(14,3.5)",1.5%,1:3,1%,1.5,3.0,"ST1(14,2.0)+ST2(14,3.5)",10000,9405.7,-594.3,-5.94,1346.0,13.46,196.776,-70.14,109.32,-70.14,163.98,-70.14,34.67,65.33,0.83,-7.92,75,26,49,0,2,2,1.5,1.5,0,0,0,0,58.62,1.5,5,0.5,2842.32,3436.86,4.5%,"ETH_INR_30m_ST1(14,2.0)+ST2(14,3.5)_SL1.5pct_1-3",1,2
ETH/INR,30m,2026-07-25 to 2026-09-24 (60D),2872,14,3.5,14,2.0,"ST1(14,3.5)+ST2(14,2.0)",1.5%,1:3,1%,1.5,3.0,"ST1(14,3.5)+ST2(14,2.0)",10000,9405.7,-594.3,-5.94,1346.0,13.46,196.776,-70.14,109.32,-70.14,163.98,-70.14,34.67,65.33,0.83,-7.92,75,26,49,0,2,2,1.5,1.5,0,0,0,0,58.62,1.5,5,0.5,2842.32,3436.86,4.5%,"ETH_INR_30m_ST1(14,3.5)+ST2(14,2.0)_SL1.5pct_1-3",1,2
BTC/INR,15m,2026-07-25 to 2026-09-24 (60D),5742,10,4.0,12,2.0,"ST1(10,4.0)+ST2(12,2.0)",1.5%,1:3,1%,1.5,3.0,"ST1(10,4.0)+ST2(12,2.0)",10000,9399.82,-600.18,-6.0,1253.0,12.53,149.832,-66.94,83.24,-66.94,124.86,-66.94,39.76,60.24,0.82,-7.23,83,33,50,0,2,2,1.5,1.5,0,0,0,0,72.64,1.5,5,0.5,2746.92,3347.0,4.5%,"BTC_INR_15m_ST1(10,4.0)+ST2(12,2.0)_SL1.5pct_1-3",0,1
BTC/INR,15m,2026-07-25 to 2026-09-24 (60D),5742,12,2.0,10,4.0,"ST1(12,2.0)+ST2(10,4.0)",1.5%,1:3,1%,1.5,3.0,"ST1(12,2.0)+ST2(10,4.0)",10000,9399.82,-600.18,-6.0,1253.0,12.53,149.832,-66.94,83.24,-66.94,124.86,-66.94,39.76,60.24,0.82,-7.23,83,33,50,0,2,2,1.5,1.5,0,0,0,0,72.64,1.5,5,0.5,2746.92,3347.0,4.5%,"BTC_INR_15m_ST1(12,2.0)+ST2(10,4.0)_SL1.5pct_1-3",0,1
SOL/INR,15m,2026-07-25 to 2026-09-24 (60D),5742,14,3.0,10,3.5,"ST1(14,3.0)+ST2(10,3.5)",1.5%,1:3,1%,1.5,3.0,"ST1(14,3.0)+ST2(10,3.5)",10000,9396.81,-603.19,-6.03,1540.0,15.4,213.012,-79.07,118.34,-79.07,177.51,-79.07,37.14,62.86,0.88,-5.74,105,39,66,0,2,2,1.5,1.5,0,0,0,0,75.32,1.5,5,0.5,4615.26,5218.62,4.5%,"SOL_INR_15m_ST1(14,3.0)+ST2(10,3.5)_SL1.5pct_1-3",2,1
SOL/INR,15m,2026-07-25 to 2026-09-24 (60D),5742,10,3.5,14,3.0,"ST1(10,3.5)+ST2(14,3.0)",1.5%,1:3,1%,1.5,3.0,"ST1(10,3.5)+ST2(14,3.0)",10000,9396.81,-603.19,-6.03,1540.0,15.4,213.012,-79.07,118.34,-79.07,177.51,-79.07,37.14,62.86,0.88,-5.74,105,39,66,0,2,2,1.5,1.5,0,0,0,0,75.32,1.5,5,0.5,4615.26,5218.62,4.5%,"SOL_INR_15m_ST1(10,3.5)+ST2(14,3.0)_SL1.5pct_1-3",2,1
BTC/INR,15m,2026-07-25 to 2026-09-24 (60D),5742,12,3.0,7,2.0,"ST1(12,3.0)+ST2(7,2.0)",1.5%,1:3,1%,1.5,3.0,"ST1(12,3.0)+ST2(7,2.0)",10000,9391.88,-608.12,-6.08,1392.0,13.92,168.264,-66.15,93.48,-66.15,140.22,-66.15,36.9,63.1,0.83,-7.24,84,31,53,0,2,2,1.5,1.5,0,0,0,0,75.71,1.5,5,0.5,2897.88,3505.9500000000003,4.5%,"BTC_INR_15m_ST1(12,3.0)+ST2(7,2.0)_SL1.5pct_1-3",0,1
BTC/INR,15m,2026-07-25 to 2026-09-24 (60D),5742,7,2.0,12,3.0,"ST1(7,2.0)+ST2(12,3.0)",1.5%,1:3,1%,1.5,3.0,"ST1(7,2.0)+ST2(12,3.0)",10000,9391.88,-608.12,-6.08,1392.0,13.92,168.264,-66.15,93.48,-66.15,140.22,-66.15,36.9,63.1,0.83,-7.24,84,31,53,0,2,2,1.5,1.5,0,0,0,0,75.71,1.5,5,0.5,2897.88,3505.9500000000003,4.5%,"BTC_INR_15m_ST1(7,2.0)+ST2(12,3.0)_SL1.5pct_1-3",0,1
BTC/INR,30m,2026-07-25 to 2026-09-24 (60D),2872,7,2.0,14,3.0,"ST1(7,2.0)+ST2(14,3.0)",1.5%,1:3,1%,1.5,3.0,"ST1(7,2.0)+ST2(14,3.0)",10000,9389.16,-610.84,-6.11,922.0,9.22,162.50400000000002,-60.37,90.28,-60.37,135.42000000000002,-60.37,34.67,65.33,0.79,-8.14,75,26,49,0,2,2,1.5,1.5,0,0,0,0,64.79,1.5,5,0.5,2347.28,2958.13,4.5%,"BTC_INR_30m_ST1(7,2.0)+ST2(14,3.0)_SL1.5pct_1-3",0,2
BTC/INR,30m,2026-07-25 to 2026-09-24 (60D),2872,14,3.0,7,2.0,"ST1(14,3.0)+ST2(7,2.0)",1.5%,1:3,1%,1.5,3.0,"ST1(14,3.0)+ST2(7,2.0)",10000,9389.16,-610.84,-6.11,922.0,9.22,162.50400000000002,-60.37,90.28,-60.37,135.42000000000002,-60.37,34.67,65.33,0.79,-8.14,75,26,49,0,2,2,1.5,1.5,0,0,0,0,64.79,1.5,5,0.5,2347.28,2958.13,4.5%,"BTC_INR_30m_ST1(14,3.0)+ST2(7,2.0)_SL1.5pct_1-3",0,2
BTC/INR,30m,2026-07-25 to 2026-09-24 (60D),2872,12,2.0,7,2.0,"ST1(12,2.0)+ST2(7,2.0)",1.5%,1:3,1%,1.5,3.0,"ST1(12,2.0)+ST2(7,2.0)",10000,9385.4,-614.6,-6.15,936.0,9.36,172.8,-57.23,96.0,-57.23,144.0,-57.23,32.0,68.0,0.79,-8.19,75,24,51,0,2,2,1.5,1.5,0,0,0,0,69.04,1.5,5,0.5,2304.0,2918.73,4.5%,"BTC_INR_30m_ST1(12,2.0)+ST2(7,2.0)_SL1.5pct_1-3",0,2
BTC/INR,30m,2026-07-25 to 2026-09-24 (60D),2872,7,2.0,12,2.0,"ST1(7,2.0)+ST2(12,2.0)",1.5%,1:3,1%,1.5,3.0,"ST1(7,2.0)+ST2(12,2.0)",10000,9385.4,-614.6,-6.15,936.0,9.36,172.8,-57.23,96.0,-57.23,144.0,-57.23,32.0,68.0,0.79,-8.19,75,24,51,0,2,2,1.5,1.5,0,0,0,0,69.04,1.5,5,0.5,2304.0,2918.73,4.5%,"BTC_INR_30m_ST1(7,2.0)+ST2(12,2.0)_SL1.5pct_1-3",0,2
ETH/INR,30m,2026-07-25 to 2026-09-24 (60D),2872,14,3.0,14,4.0,"ST1(14,3.0)+ST2(14,4.0)",1.5%,1:3,1%,1.5,3.0,"ST1(14,3.0)+ST2(14,4.0)",10000,9381.92,-618.08,-6.18,951.0,9.51,172.8,-66.25,96.0,-66.25,144.0,-66.25,35.62,64.38,0.8,-8.47,73,26,47,0,2,2,1.5,1.5,0,0,0,0,57.89,1.5,5,0.5,2496.0,3113.75,4.5%,"ETH_INR_30m_ST1(14,3.0)+ST2(14,4.0)_SL1.5pct_1-3",1,2
ETH/INR,30m,2026-07-25 to 2026-09-24 (60D),2872,14,4.0,14,3.0,"ST1(14,4.0)+ST2(14,3.0)",1.5%,1:3,1%,1.5,3.0,"ST1(14,4.0)+ST2(14,3.0)",10000,9381.92,-618.08,-6.18,951.0,9.51,172.8,-66.25,96.0,-66.25,144.0,-66.25,35.62,64.38,0.8,-8.47,73,26,47,0,2,2,1.5,1.5,0,0,0,0,57.89,1.5,5,0.5,2496.0,3113.75,4.5%,"ETH_INR_30m_ST1(14,4.0)+ST2(14,3.0)_SL1.5pct_1-3",1,2
BTC/INR,30m,2026-07-25 to 2026-09-24 (60D),2872,14,2.0,7,2.0,"ST1(14,2.0)+ST2(7,2.0)",1.5%,1:3,1%,1.5,3.0,"ST1(14,2.0)+ST2(7,2.0)",10000,9378.92,-621.08,-6.21,942.0,9.42,172.692,-57.33,95.94,-57.33,143.91,-57.33,32.0,68.0,0.79,-8.28,75,24,51,0,2,2,1.5,1.5,0,0,0,0,68.72,1.5,5,0.5,2302.56,2923.83,4.5%,"BTC_INR_30m_ST1(14,2.0)+ST2(7,2.0)_SL1.5pct_1-3",0,2
BTC/INR,30m,2026-07-25 to 2026-09-24 (60D),2872,7,2.0,14,2.0,"ST1(7,2.0)+ST2(14,2.0)",1.5%,1:3,1%,1.5,3.0,"ST1(7,2.0)+ST2(14,2.0)",10000,9378.92,-621.08,-6.21,942.0,9.42,172.692,-57.33,95.94,-57.33,143.91,-57.33,32.0,68.0,0.79,-8.28,75,24,51,0,2,2,1.5,1.5,0,0,0,0,68.72,1.5,5,0.5,2302.56,2923.83,4.5%,"BTC_INR_30m_ST1(7,2.0)+ST2(14,2.0)_SL1.5pct_1-3",0,2
SOL/INR,15m,2026-07-25 to 2026-09-24 (60D),5742,12,3.0,14,2.0,"ST1(12,3.0)+ST2(14,2.0)",1.5%,1:3,1%,1.5,3.0,"ST1(12,3.0)+ST2(14,2.0)",10000,9377.28,-622.72,-6.23,1576.0,15.76,206.208,-79.54,114.56,-79.54,171.84,-79.54,37.86,62.14,0.88,-6.05,103,39,64,0,2,2,1.5,1.5,0,0,0,0,69.66,1.5,5,0.5,4467.84,5090.56,4.5%,"SOL_INR_15m_ST1(12,3.0)+ST2(14,2.0)_SL1.5pct_1-3",2,1
SOL/INR,15m,2026-07-25 to 2026-09-24 (60D),5742,14,2.0,12,3.0,"ST1(14,2.0)+ST2(12,3.0)",1.5%,1:3,1%,1.5,3.0,"ST1(14,2.0)+ST2(12,3.0)",10000,9377.28,-622.72,-6.23,1576.0,15.76,206.208,-79.54,114.56,-79.54,171.84,-79.54,37.86,62.14,0.88,-6.05,103,39,64,0,2,2,1.5,1.5,0,0,0,0,69.66,1.5,5,0.5,4467.84,5090.56,4.5%,"SOL_INR_15m_ST1(14,2.0)+ST2(12,3.0)_SL1.5pct_1-3",2,1
ETH/INR,30m,2026-07-25 to 2026-09-24 (60D),2872,14,3.0,12,3.5,"ST1(14,3.0)+ST2(12,3.5)",1.5%,1:3,1%,1.5,3.0,"ST1(14,3.0)+ST2(12,3.5)",10000,9371.93,-628.07,-6.28,1150.0,11.5,192.798,-70.4,107.11,-70.4,160.665,-70.4,35.06,64.94,0.82,-8.16,77,27,50,0,2,2,1.5,1.5,0,0,0,0,61.3,1.5,5,0.5,2891.97,3520.0000000000005,4.5%,"ETH_INR_30m_ST1(14,3.0)+ST2(12,3.5)_SL1.5pct_1-3",1,2
ETH/INR,30m,2026-07-25 to 2026-09-24 (60D),2872,12,3.5,14,3.0,"ST1(12,3.5)+ST2(14,3.0)",1.5%,1:3,1%,1.5,3.0,"ST1(12,3.5)+ST2(14,3.0)",10000,9371.93,-628.07,-6.28,1150.0,11.5,192.798,-70.4,107.11,-70.4,160.665,-70.4,35.06,64.94,0.82,-8.16,77,27,50,0,2,2,1.5,1.5,0,0,0,0,61.3,1.5,5,0.5,2891.97,3520.0000000000005,4.5%,"ETH_INR_30m_ST1(12,3.5)+ST2(14,3.0)_SL1.5pct_1-3",1,2
BTC/INR,15m,2026-07-25 to 2026-09-24 (60D),5742,7,3.5,14,3.0,"ST1(7,3.5)+ST2(14,3.0)",1.5%,1:3,1%,1.5,3.0,"ST1(7,3.5)+ST2(14,3.0)",10000,9370.16,-629.84,-6.3,1094.0,10.94,163.17000000000002,-67.06,90.65,-67.06,135.97500000000002,-67.06,37.93,62.07,0.83,-7.24,87,33,54,0,2,2,1.5,1.5,0,0,0,0,80.25,1.5,5,0.5,2991.4500000000003,3621.24,4.5%,"BTC_INR_15m_ST1(7,3.5)+ST2(14,3.0)_SL1.5pct_1-3",0,1
BTC/INR,15m,2026-07-25 to 2026-09-24 (60D),5742,14,3.0,7,3.5,"ST1(14,3.0)+ST2(7,3.5)",1.5%,1:3,1%,1.5,3.0,"ST1(14,3.0)+ST2(7,3.5)",10000,9370.16,-629.84,-6.3,1094.0,10.94,163.17000000000002,-67.06,90.65,-67.06,135.97500000000002,-67.06,37.93,62.07,0.83,-7.24,87,33,54,0,2,2,1.5,1.5,0,0,0,0,80.25,1.5,5,0.5,2991.4500000000003,3621.24,4.5%,"BTC_INR_15m_ST1(14,3.0)+ST2(7,3.5)_SL1.5pct_1-3",0,1
ETH/INR,30m,2026-07-25 to 2026-09-24 (60D),2872,10,3.0,14,4.0,"ST1(10,3.0)+ST2(14,4.0)",1.5%,1:3,1%,1.5,3.0,"ST1(10,3.0)+ST2(14,4.0)",10000,9369.07,-630.93,-6.31,861.0,8.61,168.714,-68.73,93.73,-68.73,140.595,-68.73,36.99,63.01,0.8,-8.64,73,27,46,0,2,2,1.5,1.5,0,0,0,0,59.56,1.5,5,0.5,2530.71,3161.5800000000004,4.5%,"ETH_INR_30m_ST1(10,3.0)+ST2(14,4.0)_SL1.5pct_1-3",1,2
ETH/INR,30m,2026-07-25 to 2026-09-24 (60D),2872,14,4.0,10,3.0,"ST1(14,4.0)+ST2(10,3.0)",1.5%,1:3,1%,1.5,3.0,"ST1(14,4.0)+ST2(10,3.0)",10000,9369.07,-630.93,-6.31,861.0,8.61,168.714,-68.73,93.73,-68.73,140.595,-68.73,36.99,63.01,0.8,-8.64,73,27,46,0,2,2,1.5,1.5,0,0,0,0,59.56,1.5,5,0.5,2530.71,3161.5800000000004,4.5%,"ETH_INR_30m_ST1(14,4.0)+ST2(10,3.0)_SL1.5pct_1-3",1,2
BTC/INR,15m,2026-07-25 to 2026-09-24 (60D),5742,14,2.0,14,3.5,"ST1(14,2.0)+ST2(14,3.5)",1.5%,1:3,1%,1.5,3.0,"ST1(14,2.0)+ST2(14,3.5)",10000,9363.4,-636.6,-6.37,1208.0,12.08,158.454,-65.16,88.03,-65.16,132.04500000000002,-65.16,37.65,62.35,0.82,-7.49,85,32,53,0,2,2,1.5,1.5,0,0,0,0,73.93,1.5,5,0.5,2816.96,3453.48,4.5%,"BTC_INR_15m_ST1(14,2.0)+ST2(14,3.5)_SL1.5pct_1-3",0,1
BTC/INR,15m,2026-07-25 to 2026-09-24 (60D),5742,14,3.5,14,2.0,"ST1(14,3.5)+ST2(14,2.0)",1.5%,1:3,1%,1.5,3.0,"ST1(14,3.5)+ST2(14,2.0)",10000,9363.4,-636.6,-6.37,1208.0,12.08,158.454,-65.16,88.03,-65.16,132.04500000000002,-65.16,37.65,62.35,0.82,-7.49,85,32,53,0,2,2,1.5,1.5,0,0,0,0,73.93,1.5,5,0.5,2816.96,3453.48,4.5%,"BTC_INR_15m_ST1(14,3.5)+ST2(14,2.0)_SL1.5pct_1-3",0,1
BTC/INR,30m,2026-07-25 to 2026-09-24 (60D),2872,7,4.0,10,2.0,"ST1(7,4.0)+ST2(10,2.0)",1.5%,1:3,1%,1.5,3.0,"ST1(7,4.0)+ST2(10,2.0)",10000,9363.39,-636.61,-6.37,1209.0,12.09,164.70000000000002,-66.46,91.5,-66.46,137.25,-66.46,36.23,63.77,0.78,-9.23,69,25,44,0,2,2,1.5,1.5,0,0,0,0,50.82,1.5,5,0.5,2287.5,2924.24,4.5%,"BTC_INR_30m_ST1(7,4.0)+ST2(10,2.0)_SL1.5pct_1-3",0,2
BTC/INR,30m,2026-07-25 to 2026-09-24 (60D),2872,10,2.0,7,4.0,"ST1(10,2.0)+ST2(7,4.0)",1.5%,1:3,1%,1.5,3.0,"ST1(10,2.0)+ST2(7,4.0)",10000,9363.39,-636.61,-6.37,1209.0,12.09,164.70000000000002,-66.46,91.5,-66.46,137.25,-66.46,36.23,63.77,0.78,-9.23,69,25,44,0,2,2,1.5,1.5,0,0,0,0,50.82,1.5,5,0.5,2287.5,2924.24,4.5%,"BTC_INR_30m_ST1(10,2.0)+ST2(7,4.0)_SL1.5pct_1-3",0,2
SOL/INR,15m,2026-07-25 to 2026-09-24 (60D),5742,10,2.0,12,3.0,"ST1(10,2.0)+ST2(12,3.0)",1.5%,1:3,1%,1.5,3.0,"ST1(10,2.0)+ST2(12,3.0)",10000,9346.81,-653.19,-6.53,1482.0,14.82,199.26,-80.17,110.7,-80.17,166.05,-80.17,38.61,61.39,0.87,-6.47,101,39,62,0,2,2,1.5,1.5,0,0,0,0,68.09,1.5,5,0.5,4317.3,4970.54,4.5%,"SOL_INR_15m_ST1(10,2.0)+ST2(12,3.0)_SL1.5pct_1-3",2,1
SOL/INR,15m,2026-07-25 to 2026-09-24 (60D),5742,12,3.0,10,2.0,"ST1(12,3.0)+ST2(10,2.0)",1.5%,1:3,1%,1.5,3.0,"ST1(12,3.0)+ST2(10,2.0)",10000,9346.81,-653.19,-6.53,1482.0,14.82,199.26,-80.17,110.7,-80.17,166.05,-80.17,38.61,61.39,0.87,-6.47,101,39,62,0,2,2,1.5,1.5,0,0,0,0,68.09,1.5,5,0.5,4317.3,4970.54,4.5%,"SOL_INR_15m_ST1(12,3.0)+ST2(10,2.0)_SL1.5pct_1-3",2,1
BTC/INR,15m,2026-07-25 to 2026-09-24 (60D),5742,14,4.0,12,3.0,"ST1(14,4.0)+ST2(12,3.0)",1.5%,1:3,1%,1.5,3.0,"ST1(14,4.0)+ST2(12,3.0)",10000,9345.54,-654.46,-6.54,1289.0,12.89,150.642,-71.91,83.69,-71.91,125.535,-71.91,41.38,58.62,0.82,-7.52,87,36,51,0,2,2,1.5,1.5,0,0,0,0,80.11,1.5,5,0.5,3012.84,3667.41,4.5%,"BTC_INR_15m_ST1(14,4.0)+ST2(12,3.0)_SL1.5pct_1-3",0,1
BTC/INR,15m,2026-07-25 to 2026-09-24 (60D),5742,12,3.0,14,4.0,"ST1(12,3.0)+ST2(14,4.0)",1.5%,1:3,1%,1.5,3.0,"ST1(12,3.0)+ST2(14,4.0)",10000,9345.54,-654.46,-6.54,1289.0,12.89,150.642,-71.91,83.69,-71.91,125.535,-71.91,41.38,58.62,0.82,-7.52,87,36,51,0,2,2,1.5,1.5,0,0,0,0,80.11,1.5,5,0.5,3012.84,3667.41,4.5%,"BTC_INR_15m_ST1(12,3.0)+ST2(14,4.0)_SL1.5pct_1-3",0,1
ETH/INR,15m,2026-07-25 to 2026-09-24 (60D),5742,14,2.0,7,2.0,"ST1(14,2.0)+ST2(7,2.0)",1.5%,1:3,1%,1.5,3.0,"ST1(14,2.0)+ST2(7,2.0)",10000,9340.64,-659.36,-6.59,1184.0,11.84,176.148,-74.2,97.86,-74.2,146.79,-74.2,39.18,60.82,0.85,-6.8,97,38,59,0,2,2,1.5,1.5,0,0,0,0,76.05,1.5,5,0.5,3718.68,4377.8,4.5%,"ETH_INR_15m_ST1(14,2.0)+ST2(7,2.0)_SL1.5pct_1-3",1,1
ETH/INR,15m,2026-07-25 to 2026-09-24 (60D),5742,7,2.0,14,2.0,"ST1(7,2.0)+ST2(14,2.0)",1.5%,1:3,1%,1.5,3.0,"ST1(7,2.0)+ST2(14,2.0)",10000,9340.64,-659.36,-6.59,1184.0,11.84,176.148,-74.2,97.86,-74.2,146.79,-74.2,39.18,60.82,0.85,-6.8,97,38,59,0,2,2,1.5,1.5,0,0,0,0,76.05,1.5,5,0.5,3718.68,4377.8,4.5%,"ETH_INR_15m_ST1(7,2.0)+ST2(14,2.0)_SL1.5pct_1-3",1,1
BTC/INR,30m,2026-07-25 to 2026-09-24 (60D),2872,14,2.0,7,4.0,"ST1(14,2.0)+ST2(7,4.0)",1.5%,1:3,1%,1.5,3.0,"ST1(14,2.0)+ST2(7,4.0)",10000,9331.32,-668.68,-6.69,1209.0,12.09,164.088,-68.55,91.16,-68.55,136.74,-68.55,36.76,63.24,0.77,-9.83,68,25,43,0,2,2,1.5,1.5,0,0,0,0,52.39,1.5,5,0.5,2279.0,2947.65,4.5%,"BTC_INR_30m_ST1(14,2.0)+ST2(7,4.0)_SL1.5pct_1-3",0,2
BTC/INR,30m,2026-07-25 to 2026-09-24 (60D),2872,7,4.0,14,2.0,"ST1(7,4.0)+ST2(14,2.0)",1.5%,1:3,1%,1.5,3.0,"ST1(7,4.0)+ST2(14,2.0)",10000,9331.32,-668.68,-6.69,1209.0,12.09,164.088,-68.55,91.16,-68.55,136.74,-68.55,36.76,63.24,0.77,-9.83,68,25,43,0,2,2,1.5,1.5,0,0,0,0,52.39,1.5,5,0.5,2279.0,2947.65,4.5%,"BTC_INR_30m_ST1(7,4.0)+ST2(14,2.0)_SL1.5pct_1-3",0,2
ETH/INR,15m,2026-07-25 to 2026-09-24 (60D),5742,12,3.5,7,2.0,"ST1(12,3.5)+ST2(7,2.0)",1.5%,1:3,1%,1.5,3.0,"ST1(12,3.5)+ST2(7,2.0)",10000,9326.03,-673.97,-6.74,1502.0,15.02,179.58599999999998,-67.77,99.77,-67.77,149.655,-67.77,36.17,63.83,0.83,-7.17,94,34,60,0,2,2,1.5,1.5,0,0,0,0,69.02,1.5,5,0.5,3392.18,4066.2,4.5%,"ETH_INR_15m_ST1(12,3.5)+ST2(7,2.0)_SL1.5pct_1-3",1,1
ETH/INR,15m,2026-07-25 to 2026-09-24 (60D),5742,7,2.0,12,3.5,"ST1(7,2.0)+ST2(12,3.5)",1.5%,1:3,1%,1.5,3.0,"ST1(7,2.0)+ST2(12,3.5)",10000,9326.03,-673.97,-6.74,1502.0,15.02,179.58599999999998,-67.77,99.77,-67.77,149.655,-67.77,36.17,63.83,0.83,-7.17,94,34,60,0,2,2,1.5,1.5,0,0,0,0,69.02,1.5,5,0.5,3392.18,4066.2,4.5%,"ETH_INR_15m_ST1(7,2.0)+ST2(12,3.5)_SL1.5pct_1-3",1,1
SOL/INR,15m,2026-07-25 to 2026-09-24 (60D),5742,14,2.0,14,4.0,"ST1(14,2.0)+ST2(14,4.0)",1.5%,1:3,1%,1.5,3.0,"ST1(14,2.0)+ST2(14,4.0)",10000,9325.75,-674.25,-6.74,1387.0,13.87,199.314,-82.32,110.73,-82.32,166.095,-82.32,39.22,60.78,0.87,-6.61,102,40,62,0,2,2,1.5,1.5,0,0,0,0,69.56,1.5,5,0.5,4429.2,5103.839999999999,4.5%,"SOL_INR_15m_ST1(14,2.0)+ST2(14,4.0)_SL1.5pct_1-3",2,1
SOL/INR,15m,2026-07-25 to 2026-09-24 (60D),5742,14,4.0,14,2.0,"ST1(14,4.0)+ST2(14,2.0)",1.5%,1:3,1%,1.5,3.0,"ST1(14,4.0)+ST2(14,2.0)",10000,9325.75,-674.25,-6.74,1387.0,13.87,199.314,-82.32,110.73,-82.32,166.095,-82.32,39.22,60.78,0.87,-6.61,102,40,62,0,2,2,1.5,1.5,0,0,0,0,69.56,1.5,5,0.5,4429.2,5103.839999999999,4.5%,"SOL_INR_15m_ST1(14,4.0)+ST2(14,2.0)_SL1.5pct_1-3",2,1
ETH/INR,30m,2026-07-25 to 2026-09-24 (60D),2872,12,3.0,7,3.0,"ST1(12,3.0)+ST2(7,3.0)",1.5%,1:3,1%,1.5,3.0,"ST1(12,3.0)+ST2(7,3.0)",10000,9322.75,-677.25,-6.77,1380.0,13.8,184.104,-69.43,102.28,-69.43,153.42000000000002,-69.43,35.44,64.56,0.81,-8.57,79,28,51,0,2,2,1.5,1.5,0,0,0,0,64.12,1.5,5,0.5,2863.84,3540.9300000000003,4.5%,"ETH_INR_30m_ST1(12,3.0)+ST2(7,3.0)_SL1.5pct_1-3",1,2
ETH/INR,30m,2026-07-25 to 2026-09-24 (60D),2872,7,3.0,12,3.0,"ST1(7,3.0)+ST2(12,3.0)",1.5%,1:3,1%,1.5,3.0,"ST1(7,3.0)+ST2(12,3.0)",10000,9322.75,-677.25,-6.77,1380.0,13.8,184.104,-69.43,102.28,-69.43,153.42000000000002,-69.43,35.44,64.56,0.81,-8.57,79,28,51,0,2,2,1.5,1.5,0,0,0,0,64.12,1.5,5,0.5,2863.84,3540.9300000000003,4.5%,"ETH_INR_30m_ST1(7,3.0)+ST2(12,3.0)_SL1.5pct_1-3",1,2
SOL/INR,15m,2026-07-25 to 2026-09-24 (60D),5742,7,2.0,12,4.0,"ST1(7,2.0)+ST2(12,4.0)",1.5%,1:3,1%,1.5,3.0,"ST1(7,2.0)+ST2(12,4.0)",10000,9311.71,-688.29,-6.88,1568.0,15.68,194.724,-80.45,108.18,-80.45,162.27,-80.45,39.0,61.0,0.86,-6.88,100,39,61,0,2,2,1.5,1.5,0,0,0,0,68.23,1.5,5,0.5,4219.02,4907.45,4.5%,"SOL_INR_15m_ST1(7,2.0)+ST2(12,4.0)_SL1.5pct_1-3",2,1
SOL/INR,15m,2026-07-25 to 2026-09-24 (60D),5742,12,4.0,7,2.0,"ST1(12,4.0)+ST2(7,2.0)",1.5%,1:3,1%,1.5,3.0,"ST1(12,4.0)+ST2(7,2.0)",10000,9311.71,-688.29,-6.88,1568.0,15.68,194.724,-80.45,108.18,-80.45,162.27,-80.45,39.0,61.0,0.86,-6.88,100,39,61,0,2,2,1.5,1.5,0,0,0,0,68.23,1.5,5,0.5,4219.02,4907.45,4.5%,"SOL_INR_15m_ST1(12,4.0)+ST2(7,2.0)_SL1.5pct_1-3",2,1
ETH/INR,15m,2026-07-25 to 2026-09-24 (60D),5742,12,3.5,10,2.0,"ST1(12,3.5)+ST2(10,2.0)",1.5%,1:3,1%,1.5,3.0,"ST1(12,3.5)+ST2(10,2.0)",10000,9310.8,-689.2,-6.89,1420.0,14.2,175.41,-67.84,97.45,-67.84,146.175,-67.84,36.56,63.44,0.83,-7.41,93,34,59,0,2,2,1.5,1.5,0,0,0,0,69.42,1.5,5,0.5,3313.3,4002.56,4.5%,"ETH_INR_15m_ST1(12,3.5)+ST2(10,2.0)_SL1.5pct_1-3",1,1
ETH/INR,15m,2026-07-25 to 2026-09-24 (60D),5742,10,2.0,12,3.5,"ST1(10,2.0)+ST2(12,3.5)",1.5%,1:3,1%,1.5,3.0,"ST1(10,2.0)+ST2(12,3.5)",10000,9310.8,-689.2,-6.89,1420.0,14.2,175.41,-67.84,97.45,-67.84,146.175,-67.84,36.56,63.44,0.83,-7.41,93,34,59,0,2,2,1.5,1.5,0,0,0,0,69.42,1.5,5,0.5,3313.3,4002.56,4.5%,"ETH_INR_15m_ST1(10,2.0)+ST2(12,3.5)_SL1.5pct_1-3",1,1
SOL/INR,15m,2026-07-25 to 2026-09-24 (60D),5742,7,3.5,12,3.0,"ST1(7,3.5)+ST2(12,3.0)",1.5%,1:3,1%,1.5,3.0,"ST1(7,3.5)+ST2(12,3.0)",10000,9310.44,-689.56,-6.9,1711.0,17.11,208.224,-78.19,115.68,-78.19,173.52,-78.19,37.04,62.96,0.87,-6.39,108,40,68,0,2,2,1.5,1.5,0,0,0,0,75.55,1.5,5,0.5,4627.200000000001,5316.92,4.5%,"SOL_INR_15m_ST1(7,3.5)+ST2(12,3.0)_SL1.5pct_1-3",2,1
SOL/INR,15m,2026-07-25 to 2026-09-24 (60D),5742,12,3.0,7,3.5,"ST1(12,3.0)+ST2(7,3.5)",1.5%,1:3,1%,1.5,3.0,"ST1(12,3.0)+ST2(7,3.5)",10000,9310.44,-689.56,-6.9,1711.0,17.11,208.224,-78.19,115.68,-78.19,173.52,-78.19,37.04,62.96,0.87,-6.39,108,40,68,0,2,2,1.5,1.5,0,0,0,0,75.55,1.5,5,0.5,4627.200000000001,5316.92,4.5%,"SOL_INR_15m_ST1(12,3.0)+ST2(7,3.5)_SL1.5pct_1-3",2,1
BTC/INR,15m,2026-07-25 to 2026-09-24 (60D),5742,7,3.0,14,4.0,"ST1(7,3.0)+ST2(14,4.0)",1.5%,1:3,1%,1.5,3.0,"ST1(7,3.0)+ST2(14,4.0)",10000,9308.49,-691.51,-6.92,1242.0,12.42,154.332,-68.05,85.74,-68.05,128.61,-68.05,39.08,60.92,0.81,-7.95,87,34,53,0,2,2,1.5,1.5,0,0,0,0,82.32,1.5,5,0.5,2915.16,3606.65,4.5%,"BTC_INR_15m_ST1(7,3.0)+ST2(14,4.0)_SL1.5pct_1-3",0,1
BTC/INR,15m,2026-07-25 to 2026-09-24 (60D),5742,14,4.0,7,3.0,"ST1(14,4.0)+ST2(7,3.0)",1.5%,1:3,1%,1.5,3.0,"ST1(14,4.0)+ST2(7,3.0)",10000,9308.49,-691.51,-6.92,1242.0,12.42,154.332,-68.05,85.74,-68.05,128.61,-68.05,39.08,60.92,0.81,-7.95,87,34,53,0,2,2,1.5,1.5,0,0,0,0,82.32,1.5,5,0.5,2915.16,3606.65,4.5%,"BTC_INR_15m_ST1(14,4.0)+ST2(7,3.0)_SL1.5pct_1-3",0,1
BTC/INR,15m,2026-07-25 to 2026-09-24 (60D),5742,12,2.0,12,4.0,"ST1(12,2.0)+ST2(12,4.0)",1.5%,1:3,1%,1.5,3.0,"ST1(12,2.0)+ST2(12,4.0)",10000,9305.88,-694.12,-6.94,1351.0,13.51,150.012,-67.54,83.34,-67.54,125.01,-67.54,39.29,60.71,0.8,-8.26,84,33,51,0,2,2,1.5,1.5,0,0,0,0,72.68,1.5,5,0.5,2750.2200000000003,3444.5400000000004,4.5%,"BTC_INR_15m_ST1(12,2.0)+ST2(12,4.0)_SL1.5pct_1-3",0,1
BTC/INR,15m,2026-07-25 to 2026-09-24 (60D),5742,12,4.0,12,2.0,"ST1(12,4.0)+ST2(12,2.0)",1.5%,1:3,1%,1.5,3.0,"ST1(12,4.0)+ST2(12,2.0)",10000,9305.88,-694.12,-6.94,1351.0,13.51,150.012,-67.54,83.34,-67.54,125.01,-67.54,39.29,60.71,0.8,-8.26,84,33,51,0,2,2,1.5,1.5,0,0,0,0,72.68,1.5,5,0.5,2750.2200000000003,3444.5400000000004,4.5%,"BTC_INR_15m_ST1(12,4.0)+ST2(12,2.0)_SL1.5pct_1-3",0,1
BTC/INR,30m,2026-07-25 to 2026-09-24 (60D),2872,7,4.0,12,2.0,"ST1(7,4.0)+ST2(12,2.0)",1.5%,1:3,1%,1.5,3.0,"ST1(7,4.0)+ST2(12,2.0)",10000,9304.28,-695.72,-6.96,1209.0,12.09,161.604,-68.38,89.78,-68.38,134.67000000000002,-68.38,36.76,63.24,0.76,-10.23,68,25,43,0,2,2,1.5,1.5,0,0,0,0,51.2,1.5,5,0.5,2244.5,2940.34,4.5%,"BTC_INR_30m_ST1(7,4.0)+ST2(12,2.0)_SL1.5pct_1-3",0,2
BTC/INR,30m,2026-07-25 to 2026-09-24 (60D),2872,12,2.0,7,4.0,"ST1(12,2.0)+ST2(7,4.0)",1.5%,1:3,1%,1.5,3.0,"ST1(12,2.0)+ST2(7,4.0)",10000,9304.28,-695.72,-6.96,1209.0,12.09,161.604,-68.38,89.78,-68.38,134.67000000000002,-68.38,36.76,63.24,0.76,-10.23,68,25,43,0,2,2,1.5,1.5,0,0,0,0,51.2,1.5,5,0.5,2244.5,2940.34,4.5%,"BTC_INR_30m_ST1(12,2.0)+ST2(7,4.0)_SL1.5pct_1-3",0,2
BTC/INR,15m,2026-07-25 to 2026-09-24 (60D),5742,14,4.0,14,2.0,"ST1(14,4.0)+ST2(14,2.0)",1.5%,1:3,1%,1.5,3.0,"ST1(14,4.0)+ST2(14,2.0)",10000,9298.74,-701.26,-7.01,1361.0,13.61,158.634,-67.72,88.13,-67.72,132.195,-67.72,38.1,61.9,0.8,-8.35,84,32,52,0,2,2,1.5,1.5,0,0,0,0,72.95,1.5,5,0.5,2820.16,3521.44,4.5%,"BTC_INR_15m_ST1(14,4.0)+ST2(14,2.0)_SL1.5pct_1-3",0,1
BTC/INR,15m,2026-07-25 to 2026-09-24 (60D),5742,14,2.0,14,4.0,"ST1(14,2.0)+ST2(14,4.0)",1.5%,1:3,1%,1.5,3.0,"ST1(14,2.0)+ST2(14,4.0)",10000,9298.74,-701.26,-7.01,1361.0,13.61,158.634,-67.72,88.13,-67.72,132.195,-67.72,38.1,61.9,0.8,-8.35,84,32,52,0,2,2,1.5,1.5,0,0,0,0,72.95,1.5,5,0.5,2820.16,3521.44,4.5%,"BTC_INR_15m_ST1(14,2.0)+ST2(14,4.0)_SL1.5pct_1-3",0,1
ETH/INR,30m,2026-07-25 to 2026-09-24 (60D),2872,10,2.0,14,4.0,"ST1(10,2.0)+ST2(14,4.0)",1.5%,1:3,1%,1.5,3.0,"ST1(10,2.0)+ST2(14,4.0)",10000,9298.3,-701.7,-7.02,1092.0,10.92,171.954,-67.17,95.53,-67.17,143.29500000000002,-67.17,35.21,64.78999999999999,0.77,-9.88,71,25,46,0,2,2,1.5,1.5,0,0,0,0,54.2,1.5,5,0.5,2388.25,3089.82,4.5%,"ETH_INR_30m_ST1(10,2.0)+ST2(14,4.0)_SL1.5pct_1-3",1,2
ETH/INR,30m,2026-07-25 to 2026-09-24 (60D),2872,14,4.0,10,2.0,"ST1(14,4.0)+ST2(10,2.0)",1.5%,1:3,1%,1.5,3.0,"ST1(14,4.0)+ST2(10,2.0)",10000,9298.3,-701.7,-7.02,1092.0,10.92,171.954,-67.17,95.53,-67.17,143.29500000000002,-67.17,35.21,64.78999999999999,0.77,-9.88,71,25,46,0,2,2,1.5,1.5,0,0,0,0,54.2,1.5,5,0.5,2388.25,3089.82,4.5%,"ETH_INR_30m_ST1(14,4.0)+ST2(10,2.0)_SL1.5pct_1-3",1,2
SOL/INR,15m,2026-07-25 to 2026-09-24 (60D),5742,7,2.0,7,3.0,"ST1(7,2.0)+ST2(7,3.0)",1.5%,1:3,1%,1.5,3.0,"ST1(7,2.0)+ST2(7,3.0)",10000,9293.19,-706.81,-7.07,1641.0,16.41,210.258,-81.68,116.81,-81.68,175.215,-81.68,37.62,62.38,0.86,-7.0,101,38,63,0,2,2,1.5,1.5,0,0,0,0,68.39,1.5,5,0.5,4438.78,5145.84,4.5%,"SOL_INR_15m_ST1(7,2.0)+ST2(7,3.0)_SL1.5pct_1-3",2,1
SOL/INR,15m,2026-07-25 to 2026-09-24 (60D),5742,7,3.0,7,2.0,"ST1(7,3.0)+ST2(7,2.0)",1.5%,1:3,1%,1.5,3.0,"ST1(7,3.0)+ST2(7,2.0)",10000,9293.19,-706.81,-7.07,1641.0,16.41,210.258,-81.68,116.81,-81.68,175.215,-81.68,37.62,62.38,0.86,-7.0,101,38,63,0,2,2,1.5,1.5,0,0,0,0,68.39,1.5,5,0.5,4438.78,5145.84,4.5%,"SOL_INR_15m_ST1(7,3.0)+ST2(7,2.0)_SL1.5pct_1-3",2,1
SOL/INR,15m,2026-07-25 to 2026-09-24 (60D),5742,10,3.5,12,3.0,"ST1(10,3.5)+ST2(12,3.0)",1.5%,1:3,1%,1.5,3.0,"ST1(10,3.5)+ST2(12,3.0)",10000,9292.21,-707.79,-7.08,1634.0,16.34,211.338,-78.9,117.41,-78.9,176.115,-78.9,36.79,63.21,0.87,-6.68,106,39,67,0,2,2,1.5,1.5,0,0,0,0,75.48,1.5,5,0.5,4578.99,5286.3,4.5%,"SOL_INR_15m_ST1(10,3.5)+ST2(12,3.0)_SL1.5pct_1-3",2,1
SOL/INR,15m,2026-07-25 to 2026-09-24 (60D),5742,12,3.0,10,3.5,"ST1(12,3.0)+ST2(10,3.5)",1.5%,1:3,1%,1.5,3.0,"ST1(12,3.0)+ST2(10,3.5)",10000,9292.21,-707.79,-7.08,1634.0,16.34,211.338,-78.9,117.41,-78.9,176.115,-78.9,36.79,63.21,0.87,-6.68,106,39,67,0,2,2,1.5,1.5,0,0,0,0,75.48,1.5,5,0.5,4578.99,5286.3,4.5%,"SOL_INR_15m_ST1(12,3.0)+ST2(10,3.5)_SL1.5pct_1-3",2,1
SOL/INR,15m,2026-07-25 to 2026-09-24 (60D),5742,7,2.0,14,4.0,"ST1(7,2.0)+ST2(14,4.0)",1.5%,1:3,1%,1.5,3.0,"ST1(7,2.0)+ST2(14,4.0)",10000,9286.21,-713.79,-7.14,1423.0,14.23,197.694,-81.92,109.83,-81.92,164.745,-81.92,39.0,61.0,0.86,-7.14,100,39,61,0,2,2,1.5,1.5,0,0,0,0,67.49,1.5,5,0.5,4283.37,4997.12,4.5%,"SOL_INR_15m_ST1(7,2.0)+ST2(14,4.0)_SL1.5pct_1-3",2,1
SOL/INR,15m,2026-07-25 to 2026-09-24 (60D),5742,14,4.0,7,2.0,"ST1(14,4.0)+ST2(7,2.0)",1.5%,1:3,1%,1.5,3.0,"ST1(14,4.0)+ST2(7,2.0)",10000,9286.21,-713.79,-7.14,1423.0,14.23,197.694,-81.92,109.83,-81.92,164.745,-81.92,39.0,61.0,0.86,-7.14,100,39,61,0,2,2,1.5,1.5,0,0,0,0,67.49,1.5,5,0.5,4283.37,4997.12,4.5%,"SOL_INR_15m_ST1(14,4.0)+ST2(7,2.0)_SL1.5pct_1-3",2,1
ETH/INR,30m,2026-07-25 to 2026-09-24 (60D),2872,7,3.0,10,2.0,"ST1(7,3.0)+ST2(10,2.0)",1.5%,1:3,1%,1.5,3.0,"ST1(7,3.0)+ST2(10,2.0)",10000,9285.77,-714.23,-7.14,1365.0,13.65,190.584,-69.34,105.88,-69.34,158.82,-69.34,34.21,65.78999999999999,0.79,-9.4,76,26,50,0,2,2,1.5,1.5,0,0,0,0,59.18,1.5,5,0.5,2752.88,3467.0,4.5%,"ETH_INR_30m_ST1(7,3.0)+ST2(10,2.0)_SL1.5pct_1-3",1,2
ETH/INR,30m,2026-07-25 to 2026-09-24 (60D),2872,10,2.0,7,3.0,"ST1(10,2.0)+ST2(7,3.0)",1.5%,1:3,1%,1.5,3.0,"ST1(10,2.0)+ST2(7,3.0)",10000,9285.77,-714.23,-7.14,1365.0,13.65,190.584,-69.34,105.88,-69.34,158.82,-69.34,34.21,65.78999999999999,0.79,-9.4,76,26,50,0,2,2,1.5,1.5,0,0,0,0,59.18,1.5,5,0.5,2752.88,3467.0,4.5%,"ETH_INR_30m_ST1(10,2.0)+ST2(7,3.0)_SL1.5pct_1-3",1,2
ETH/INR,30m,2026-07-25 to 2026-09-24 (60D),2872,10,3.5,12,3.0,"ST1(10,3.5)+ST2(12,3.0)",1.5%,1:3,1%,1.5,3.0,"ST1(10,3.5)+ST2(12,3.0)",10000,9285.49,-714.51,-7.15,1329.0,13.29,175.176,-70.19,97.32,-70.19,145.98,-70.19,36.36,63.64,0.79,-9.28,77,28,49,0,2,2,1.5,1.5,0,0,0,0,60.22,1.5,5,0.5,2724.96,3439.31,4.5%,"ETH_INR_30m_ST1(10,3.5)+ST2(12,3.0)_SL1.5pct_1-3",1,2
ETH/INR,30m,2026-07-25 to 2026-09-24 (60D),2872,12,3.0,10,3.5,"ST1(12,3.0)+ST2(10,3.5)",1.5%,1:3,1%,1.5,3.0,"ST1(12,3.0)+ST2(10,3.5)",10000,9285.49,-714.51,-7.15,1329.0,13.29,175.176,-70.19,97.32,-70.19,145.98,-70.19,36.36,63.64,0.79,-9.28,77,28,49,0,2,2,1.5,1.5,0,0,0,0,60.22,1.5,5,0.5,2724.96,3439.31,4.5%,"ETH_INR_30m_ST1(12,3.0)+ST2(10,3.5)_SL1.5pct_1-3",1,2
ETH/INR,30m,2026-07-25 to 2026-09-24 (60D),2872,10,2.0,12,3.5,"ST1(10,2.0)+ST2(12,3.5)",1.5%,1:3,1%,1.5,3.0,"ST1(10,2.0)+ST2(12,3.5)",10000,9277.23,-722.77,-7.23,1299.0,12.99,192.978,-70.21,107.21,-70.21,160.815,-70.21,34.21,65.78999999999999,0.79,-9.51,76,26,50,0,2,2,1.5,1.5,0,0,0,0,57.82,1.5,5,0.5,2787.46,3510.4999999999995,4.5%,"ETH_INR_30m_ST1(10,2.0)+ST2(12,3.5)_SL1.5pct_1-3",1,2
ETH/INR,30m,2026-07-25 to 2026-09-24 (60D),2872,12,3.5,10,2.0,"ST1(12,3.5)+ST2(10,2.0)",1.5%,1:3,1%,1.5,3.0,"ST1(12,3.5)+ST2(10,2.0)",10000,9277.23,-722.77,-7.23,1299.0,12.99,192.978,-70.21,107.21,-70.21,160.815,-70.21,34.21,65.78999999999999,0.79,-9.51,76,26,50,0,2,2,1.5,1.5,0,0,0,0,57.82,1.5,5,0.5,2787.46,3510.4999999999995,4.5%,"ETH_INR_30m_ST1(12,3.5)+ST2(10,2.0)_SL1.5pct_1-3",1,2
ETH/INR,30m,2026-07-25 to 2026-09-24 (60D),2872,12,3.5,7,2.0,"ST1(12,3.5)+ST2(7,2.0)",1.5%,1:3,1%,1.5,3.0,"ST1(12,3.5)+ST2(7,2.0)",10000,9272.26,-727.74,-7.28,1212.0,12.12,189.486,-70.0,105.27,-70.0,157.905,-70.0,34.62,65.38,0.8,-9.33,78,27,51,0,2,2,1.5,1.5,0,0,0,0,61.41,1.5,5,0.5,2842.29,3570.0,4.5%,"ETH_INR_30m_ST1(12,3.5)+ST2(7,2.0)_SL1.5pct_1-3",1,2
ETH/INR,30m,2026-07-25 to 2026-09-24 (60D),2872,7,2.0,12,3.5,"ST1(7,2.0)+ST2(12,3.5)",1.5%,1:3,1%,1.5,3.0,"ST1(7,2.0)+ST2(12,3.5)",10000,9272.26,-727.74,-7.28,1212.0,12.12,189.486,-70.0,105.27,-70.0,157.905,-70.0,34.62,65.38,0.8,-9.33,78,27,51,0,2,2,1.5,1.5,0,0,0,0,61.41,1.5,5,0.5,2842.29,3570.0,4.5%,"ETH_INR_30m_ST1(7,2.0)+ST2(12,3.5)_SL1.5pct_1-3",1,2
BTC/INR,15m,2026-07-25 to 2026-09-24 (60D),5742,14,3.0,7,3.0,"ST1(14,3.0)+ST2(7,3.0)",1.5%,1:3,1%,1.5,3.0,"ST1(14,3.0)+ST2(7,3.0)",10000,9257.03,-742.97,-7.43,1033.0,10.33,163.188,-66.26,90.66,-66.26,135.99,-66.26,36.78,63.22,0.8,-8.54,87,32,55,0,2,2,1.5,1.5,0,0,0,0,80.37,1.5,5,0.5,2901.12,3644.3,4.5%,"BTC_INR_15m_ST1(14,3.0)+ST2(7,3.0)_SL1.5pct_1-3",0,1
BTC/INR,15m,2026-07-25 to 2026-09-24 (60D),5742,7,3.0,14,3.0,"ST1(7,3.0)+ST2(14,3.0)",1.5%,1:3,1%,1.5,3.0,"ST1(7,3.0)+ST2(14,3.0)",10000,9257.03,-742.97,-7.43,1033.0,10.33,163.188,-66.26,90.66,-66.26,135.99,-66.26,36.78,63.22,0.8,-8.54,87,32,55,0,2,2,1.5,1.5,0,0,0,0,80.37,1.5,5,0.5,2901.12,3644.3,4.5%,"BTC_INR_15m_ST1(7,3.0)+ST2(14,3.0)_SL1.5pct_1-3",0,1
SOL/INR,15m,2026-07-25 to 2026-09-24 (60D),5742,14,2.0,12,4.0,"ST1(14,2.0)+ST2(12,4.0)",1.5%,1:3,1%,1.5,3.0,"ST1(14,2.0)+ST2(12,4.0)",10000,9247.06,-752.94,-7.53,1507.0,15.07,195.552,-80.93,108.64,-80.93,162.96,-80.93,38.83,61.17,0.85,-7.31,103,40,63,0,2,2,1.5,1.5,0,0,0,0,70.06,1.5,5,0.5,4345.6,5098.59,4.5%,"SOL_INR_15m_ST1(14,2.0)+ST2(12,4.0)_SL1.5pct_1-3",2,1
SOL/INR,15m,2026-07-25 to 2026-09-24 (60D),5742,12,4.0,14,2.0,"ST1(12,4.0)+ST2(14,2.0)",1.5%,1:3,1%,1.5,3.0,"ST1(12,4.0)+ST2(14,2.0)",10000,9247.06,-752.94,-7.53,1507.0,15.07,195.552,-80.93,108.64,-80.93,162.96,-80.93,38.83,61.17,0.85,-7.31,103,40,63,0,2,2,1.5,1.5,0,0,0,0,70.06,1.5,5,0.5,4345.6,5098.59,4.5%,"SOL_INR_15m_ST1(12,4.0)+ST2(14,2.0)_SL1.5pct_1-3",2,1
BTC/INR,15m,2026-07-25 to 2026-09-24 (60D),5742,7,2.0,14,3.0,"ST1(7,2.0)+ST2(14,3.0)",1.5%,1:3,1%,1.5,3.0,"ST1(7,2.0)+ST2(14,3.0)",10000,9245.9,-754.1,-7.54,1500.0,15.0,166.572,-65.87,92.54,-65.87,138.81,-65.87,36.05,63.95,0.79,-8.77,86,31,55,0,2,2,1.5,1.5,0,0,0,0,75.62,1.5,5,0.5,2868.74,3622.85,4.5%,"BTC_INR_15m_ST1(7,2.0)+ST2(14,3.0)_SL1.5pct_1-3",0,1
BTC/INR,15m,2026-07-25 to 2026-09-24 (60D),5742,14,3.0,7,2.0,"ST1(14,3.0)+ST2(7,2.0)",1.5%,1:3,1%,1.5,3.0,"ST1(14,3.0)+ST2(7,2.0)",10000,9245.9,-754.1,-7.54,1500.0,15.0,166.572,-65.87,92.54,-65.87,138.81,-65.87,36.05,63.95,0.79,-8.77,86,31,55,0,2,2,1.5,1.5,0,0,0,0,75.62,1.5,5,0.5,2868.74,3622.85,4.5%,"BTC_INR_15m_ST1(14,3.0)+ST2(7,2.0)_SL1.5pct_1-3",0,1
BTC/INR,15m,2026-07-25 to 2026-09-24 (60D),5742,10,4.0,14,2.0,"ST1(10,4.0)+ST2(14,2.0)",1.5%,1:3,1%,1.5,3.0,"ST1(10,4.0)+ST2(14,2.0)",10000,9242.84,-757.16,-7.57,1411.0,14.11,153.378,-67.0,85.21,-67.0,127.815,-67.0,38.1,61.9,0.78,-9.01,84,32,52,0,2,2,1.5,1.5,0,0,0,0,71.75,1.5,5,0.5,2726.72,3484.0,4.5%,"BTC_INR_15m_ST1(10,4.0)+ST2(14,2.0)_SL1.5pct_1-3",0,1
BTC/INR,15m,2026-07-25 to 2026-09-24 (60D),5742,14,2.0,10,4.0,"ST1(14,2.0)+ST2(10,4.0)",1.5%,1:3,1%,1.5,3.0,"ST1(14,2.0)+ST2(10,4.0)",10000,9242.84,-757.16,-7.57,1411.0,14.11,153.378,-67.0,85.21,-67.0,127.815,-67.0,38.1,61.9,0.78,-9.01,84,32,52,0,2,2,1.5,1.5,0,0,0,0,71.75,1.5,5,0.5,2726.72,3484.0,4.5%,"BTC_INR_15m_ST1(14,2.0)+ST2(10,4.0)_SL1.5pct_1-3",0,1
SOL/INR,15m,2026-07-25 to 2026-09-24 (60D),5742,12,2.0,12,3.0,"ST1(12,2.0)+ST2(12,3.0)",1.5%,1:3,1%,1.5,3.0,"ST1(12,2.0)+ST2(12,3.0)",10000,9242.77,-757.23,-7.57,1576.0,15.76,197.046,-79.79,109.47,-79.79,164.20499999999998,-79.79,38.24,61.76,0.85,-7.42,102,39,63,0,2,2,1.5,1.5,0,0,0,0,68.43,1.5,5,0.5,4269.33,5026.77,4.5%,"SOL_INR_15m_ST1(12,2.0)+ST2(12,3.0)_SL1.5pct_1-3",2,1
SOL/INR,15m,2026-07-25 to 2026-09-24 (60D),5742,12,3.0,12,2.0,"ST1(12,3.0)+ST2(12,2.0)",1.5%,1:3,1%,1.5,3.0,"ST1(12,3.0)+ST2(12,2.0)",10000,9242.77,-757.23,-7.57,1576.0,15.76,197.046,-79.79,109.47,-79.79,164.20499999999998,-79.79,38.24,61.76,0.85,-7.42,102,39,63,0,2,2,1.5,1.5,0,0,0,0,68.43,1.5,5,0.5,4269.33,5026.77,4.5%,"SOL_INR_15m_ST1(12,3.0)+ST2(12,2.0)_SL1.5pct_1-3",2,1
ETH/INR,30m,2026-07-25 to 2026-09-24 (60D),2872,10,2.0,12,4.0,"ST1(10,2.0)+ST2(12,4.0)",1.5%,1:3,1%,1.5,3.0,"ST1(10,2.0)+ST2(12,4.0)",10000,9240.63,-759.37,-7.59,1150.0,11.5,174.816,-67.82,97.12,-67.82,145.68,-67.82,34.72,65.28,0.76,-10.55,72,25,47,0,2,2,1.5,1.5,0,0,0,0,53.95,1.5,5,0.5,2428.0,3187.5399999999995,4.5%,"ETH_INR_30m_ST1(10,2.0)+ST2(12,4.0)_SL1.5pct_1-3",1,2
ETH/INR,30m,2026-07-25 to 2026-09-24 (60D),2872,12,4.0,10,2.0,"ST1(12,4.0)+ST2(10,2.0)",1.5%,1:3,1%,1.5,3.0,"ST1(12,4.0)+ST2(10,2.0)",10000,9240.63,-759.37,-7.59,1150.0,11.5,174.816,-67.82,97.12,-67.82,145.68,-67.82,34.72,65.28,0.76,-10.55,72,25,47,0,2,2,1.5,1.5,0,0,0,0,53.95,1.5,5,0.5,2428.0,3187.5399999999995,4.5%,"ETH_INR_30m_ST1(12,4.0)+ST2(10,2.0)_SL1.5pct_1-3",1,2
ETH/INR,30m,2026-07-25 to 2026-09-24 (60D),2872,12,3.5,10,3.0,"ST1(12,3.5)+ST2(10,3.0)",1.5%,1:3,1%,1.5,3.0,"ST1(12,3.5)+ST2(10,3.0)",10000,9231.89,-768.11,-7.68,1185.0,11.85,185.92200000000005,-70.39,103.29,-70.39,154.935,-70.39,35.0,65.0,0.79,-9.6,80,28,52,0,2,2,1.5,1.5,0,0,0,0,64.23,1.5,5,0.5,2892.1200000000003,3660.28,4.5%,"ETH_INR_30m_ST1(12,3.5)+ST2(10,3.0)_SL1.5pct_1-3",1,2
ETH/INR,30m,2026-07-25 to 2026-09-24 (60D),2872,10,3.0,12,3.5,"ST1(10,3.0)+ST2(12,3.5)",1.5%,1:3,1%,1.5,3.0,"ST1(10,3.0)+ST2(12,3.5)",10000,9231.89,-768.11,-7.68,1185.0,11.85,185.92200000000005,-70.39,103.29,-70.39,154.935,-70.39,35.0,65.0,0.79,-9.6,80,28,52,0,2,2,1.5,1.5,0,0,0,0,64.23,1.5,5,0.5,2892.1200000000003,3660.28,4.5%,"ETH_INR_30m_ST1(10,3.0)+ST2(12,3.5)_SL1.5pct_1-3",1,2
BTC/INR,15m,2026-07-25 to 2026-09-24 (60D),5742,14,3.0,12,3.0,"ST1(14,3.0)+ST2(12,3.0)",1.5%,1:3,1%,1.5,3.0,"ST1(14,3.0)+ST2(12,3.0)",10000,9231.56,-768.44,-7.68,1097.0,10.97,159.33599999999998,-67.08,88.52,-67.08,132.78,-67.08,37.5,62.5,0.79,-8.73,88,33,55,0,2,2,1.5,1.5,0,0,0,0,82.86,1.5,5,0.5,2921.16,3689.4,4.5%,"BTC_INR_15m_ST1(14,3.0)+ST2(12,3.0)_SL1.5pct_1-3",0,1
BTC/INR,15m,2026-07-25 to 2026-09-24 (60D),5742,12,3.0,14,3.0,"ST1(12,3.0)+ST2(14,3.0)",1.5%,1:3,1%,1.5,3.0,"ST1(12,3.0)+ST2(14,3.0)",10000,9231.56,-768.44,-7.68,1097.0,10.97,159.33599999999998,-67.08,88.52,-67.08,132.78,-67.08,37.5,62.5,0.79,-8.73,88,33,55,0,2,2,1.5,1.5,0,0,0,0,82.86,1.5,5,0.5,2921.16,3689.4,4.5%,"BTC_INR_15m_ST1(12,3.0)+ST2(14,3.0)_SL1.5pct_1-3",0,1
ETH/INR,30m,2026-07-25 to 2026-09-24 (60D),2872,12,2.0,14,4.0,"ST1(12,2.0)+ST2(14,4.0)",1.5%,1:3,1%,1.5,3.0,"ST1(12,2.0)+ST2(14,4.0)",10000,9230.13,-769.87,-7.7,1157.0,11.57,176.454,-66.44,98.03,-66.44,147.04500000000002,-66.44,33.8,66.2,0.75,-10.84,71,24,47,0,2,2,1.5,1.5,0,0,0,0,52.84,1.5,5,0.5,2352.7200000000003,3122.68,4.5%,"ETH_INR_30m_ST1(12,2.0)+ST2(14,4.0)_SL1.5pct_1-3",1,2
ETH/INR,30m,2026-07-25 to 2026-09-24 (60D),2872,14,4.0,12,2.0,"ST1(14,4.0)+ST2(12,2.0)",1.5%,1:3,1%,1.5,3.0,"ST1(14,4.0)+ST2(12,2.0)",10000,9230.13,-769.87,-7.7,1157.0,11.57,176.454,-66.44,98.03,-66.44,147.04500000000002,-66.44,33.8,66.2,0.75,-10.84,71,24,47,0,2,2,1.5,1.5,0,0,0,0,52.84,1.5,5,0.5,2352.7200000000003,3122.68,4.5%,"ETH_INR_30m_ST1(14,4.0)+ST2(12,2.0)_SL1.5pct_1-3",1,2
SOL/INR,15m,2026-07-25 to 2026-09-24 (60D),5742,10,2.0,7,3.0,"ST1(10,2.0)+ST2(7,3.0)",1.5%,1:3,1%,1.5,3.0,"ST1(10,2.0)+ST2(7,3.0)",10000,9222.83,-777.17,-7.77,1556.0,15.56,205.83,-83.12,114.35,-83.12,171.52499999999998,-83.12,38.24,61.76,0.85,-7.62,102,39,63,0,2,2,1.5,1.5,0,0,0,0,69.73,1.5,5,0.5,4459.65,5236.56,4.5%,"SOL_INR_15m_ST1(10,2.0)+ST2(7,3.0)_SL1.5pct_1-3",2,1
SOL/INR,15m,2026-07-25 to 2026-09-24 (60D),5742,7,3.0,10,2.0,"ST1(7,3.0)+ST2(10,2.0)",1.5%,1:3,1%,1.5,3.0,"ST1(7,3.0)+ST2(10,2.0)",10000,9222.83,-777.17,-7.77,1556.0,15.56,205.83,-83.12,114.35,-83.12,171.52499999999998,-83.12,38.24,61.76,0.85,-7.62,102,39,63,0,2,2,1.5,1.5,0,0,0,0,69.73,1.5,5,0.5,4459.65,5236.56,4.5%,"SOL_INR_15m_ST1(7,3.0)+ST2(10,2.0)_SL1.5pct_1-3",2,1
ETH/INR,30m,2026-07-25 to 2026-09-24 (60D),2872,7,2.0,14,4.0,"ST1(7,2.0)+ST2(14,4.0)",1.5%,1:3,1%,1.5,3.0,"ST1(7,2.0)+ST2(14,4.0)",10000,9220.95,-779.05,-7.79,1073.0,10.73,170.928,-69.64,94.96,-69.64,142.44,-69.64,36.0,64.0,0.77,-10.39,75,27,48,0,2,2,1.5,1.5,0,0,0,0,59.46,1.5,5,0.5,2563.92,3342.7200000000003,4.5%,"ETH_INR_30m_ST1(7,2.0)+ST2(14,4.0)_SL1.5pct_1-3",1,2
ETH/INR,30m,2026-07-25 to 2026-09-24 (60D),2872,14,4.0,7,2.0,"ST1(14,4.0)+ST2(7,2.0)",1.5%,1:3,1%,1.5,3.0,"ST1(14,4.0)+ST2(7,2.0)",10000,9220.95,-779.05,-7.79,1073.0,10.73,170.928,-69.64,94.96,-69.64,142.44,-69.64,36.0,64.0,0.77,-10.39,75,27,48,0,2,2,1.5,1.5,0,0,0,0,59.46,1.5,5,0.5,2563.92,3342.7200000000003,4.5%,"ETH_INR_30m_ST1(14,4.0)+ST2(7,2.0)_SL1.5pct_1-3",1,2
ETH/INR,30m,2026-07-25 to 2026-09-24 (60D),2872,12,3.0,10,4.0,"ST1(12,3.0)+ST2(10,4.0)",1.5%,1:3,1%,1.5,3.0,"ST1(12,3.0)+ST2(10,4.0)",10000,9220.08,-779.92,-7.8,1115.0,11.15,167.832,-68.7,93.24,-68.7,139.86,-68.7,36.0,64.0,0.76,-10.4,75,27,48,0,2,2,1.5,1.5,0,0,0,0,57.12,1.5,5,0.5,2517.48,3297.6000000000004,4.5%,"ETH_INR_30m_ST1(12,3.0)+ST2(10,4.0)_SL1.5pct_1-3",1,2
ETH/INR,30m,2026-07-25 to 2026-09-24 (60D),2872,10,4.0,12,3.0,"ST1(10,4.0)+ST2(12,3.0)",1.5%,1:3,1%,1.5,3.0,"ST1(10,4.0)+ST2(12,3.0)",10000,9220.08,-779.92,-7.8,1115.0,11.15,167.832,-68.7,93.24,-68.7,139.86,-68.7,36.0,64.0,0.76,-10.4,75,27,48,0,2,2,1.5,1.5,0,0,0,0,57.12,1.5,5,0.5,2517.48,3297.6000000000004,4.5%,"ETH_INR_30m_ST1(10,4.0)+ST2(12,3.0)_SL1.5pct_1-3",1,2
BTC/INR,15m,2026-07-25 to 2026-09-24 (60D),5742,14,2.0,7,3.0,"ST1(14,2.0)+ST2(7,3.0)",1.5%,1:3,1%,1.5,3.0,"ST1(14,2.0)+ST2(7,3.0)",10000,9215.04,-784.96,-7.85,1298.0,12.98,161.244,-65.96,89.58,-65.96,134.37,-65.96,36.47,63.53,0.78,-9.23,85,31,54,0,2,2,1.5,1.5,0,0,0,0,75.6,1.5,5,0.5,2776.98,3561.84,4.5%,"BTC_INR_15m_ST1(14,2.0)+ST2(7,3.0)_SL1.5pct_1-3",0,1
BTC/INR,15m,2026-07-25 to 2026-09-24 (60D),5742,7,3.0,14,2.0,"ST1(7,3.0)+ST2(14,2.0)",1.5%,1:3,1%,1.5,3.0,"ST1(7,3.0)+ST2(14,2.0)",10000,9215.04,-784.96,-7.85,1298.0,12.98,161.244,-65.96,89.58,-65.96,134.37,-65.96,36.47,63.53,0.78,-9.23,85,31,54,0,2,2,1.5,1.5,0,0,0,0,75.6,1.5,5,0.5,2776.98,3561.84,4.5%,"BTC_INR_15m_ST1(7,3.0)+ST2(14,2.0)_SL1.5pct_1-3",0,1
ETH/INR,15m,2026-07-25 to 2026-09-24 (60D),5742,14,3.5,7,2.0,"ST1(14,3.5)+ST2(7,2.0)",1.5%,1:3,1%,1.5,3.0,"ST1(14,3.5)+ST2(7,2.0)",10000,9213.12,-786.88,-7.87,1470.0,14.7,178.686,-68.23,99.27,-68.23,148.905,-68.23,35.79,64.21000000000001,0.81,-8.28,95,34,61,0,2,2,1.5,1.5,0,0,0,0,69.77,1.5,5,0.5,3375.18,4162.030000000001,4.5%,"ETH_INR_15m_ST1(14,3.5)+ST2(7,2.0)_SL1.5pct_1-3",1,1
ETH/INR,15m,2026-07-25 to 2026-09-24 (60D),5742,7,2.0,14,3.5,"ST1(7,2.0)+ST2(14,3.5)",1.5%,1:3,1%,1.5,3.0,"ST1(7,2.0)+ST2(14,3.5)",10000,9213.12,-786.88,-7.87,1470.0,14.7,178.686,-68.23,99.27,-68.23,148.905,-68.23,35.79,64.21000000000001,0.81,-8.28,95,34,61,0,2,2,1.5,1.5,0,0,0,0,69.77,1.5,5,0.5,3375.18,4162.030000000001,4.5%,"ETH_INR_15m_ST1(7,2.0)+ST2(14,3.5)_SL1.5pct_1-3",1,1
ETH/INR,30m,2026-07-25 to 2026-09-24 (60D),2872,12,4.0,12,3.0,"ST1(12,4.0)+ST2(12,3.0)",1.5%,1:3,1%,1.5,3.0,"ST1(12,4.0)+ST2(12,3.0)",10000,9212.51,-787.49,-7.87,1122.0,11.22,167.778,-68.83,93.21,-68.83,139.815,-68.83,36.0,64.0,0.76,-10.5,75,27,48,0,2,2,1.5,1.5,0,0,0,0,57.68,1.5,5,0.5,2516.67,3303.84,4.5%,"ETH_INR_30m_ST1(12,4.0)+ST2(12,3.0)_SL1.5pct_1-3",1,2
ETH/INR,30m,2026-07-25 to 2026-09-24 (60D),2872,12,3.0,12,4.0,"ST1(12,3.0)+ST2(12,4.0)",1.5%,1:3,1%,1.5,3.0,"ST1(12,3.0)+ST2(12,4.0)",10000,9212.51,-787.49,-7.87,1122.0,11.22,167.778,-68.83,93.21,-68.83,139.815,-68.83,36.0,64.0,0.76,-10.5,75,27,48,0,2,2,1.5,1.5,0,0,0,0,57.68,1.5,5,0.5,2516.67,3303.84,4.5%,"ETH_INR_30m_ST1(12,3.0)+ST2(12,4.0)_SL1.5pct_1-3",1,2
ETH/INR,30m,2026-07-25 to 2026-09-24 (60D),2872,12,2.0,12,3.5,"ST1(12,2.0)+ST2(12,3.5)",1.5%,1:3,1%,1.5,3.0,"ST1(12,2.0)+ST2(12,3.5)",10000,9209.21,-790.79,-7.91,1363.0,13.63,197.946,-69.41,109.97,-69.41,164.95499999999998,-69.41,32.89,67.11,0.78,-10.41,76,25,51,0,2,2,1.5,1.5,0,0,0,0,56.46,1.5,5,0.5,2749.25,3539.91,4.5%,"ETH_INR_30m_ST1(12,2.0)+ST2(12,3.5)_SL1.5pct_1-3",1,2
ETH/INR,30m,2026-07-25 to 2026-09-24 (60D),2872,12,3.5,12,2.0,"ST1(12,3.5)+ST2(12,2.0)",1.5%,1:3,1%,1.5,3.0,"ST1(12,3.5)+ST2(12,2.0)",10000,9209.21,-790.79,-7.91,1363.0,13.63,197.946,-69.41,109.97,-69.41,164.95499999999998,-69.41,32.89,67.11,0.78,-10.41,76,25,51,0,2,2,1.5,1.5,0,0,0,0,56.46,1.5,5,0.5,2749.25,3539.91,4.5%,"ETH_INR_30m_ST1(12,3.5)+ST2(12,2.0)_SL1.5pct_1-3",1,2
ETH/INR,30m,2026-07-25 to 2026-09-24 (60D),2872,12,2.0,10,2.0,"ST1(12,2.0)+ST2(10,2.0)",1.5%,1:3,1%,1.5,3.0,"ST1(12,2.0)+ST2(10,2.0)",10000,9208.95,-791.05,-7.91,1456.0,14.56,206.118,-63.0,114.51,-63.0,171.765,-63.0,30.12,69.88,0.78,-9.53,83,25,58,0,2,2,1.5,1.5,0,0,0,0,65.94,1.5,5,0.5,2862.75,3654.0,4.5%,"ETH_INR_30m_ST1(12,2.0)+ST2(10,2.0)_SL1.5pct_1-3",1,2
ETH/INR,30m,2026-07-25 to 2026-09-24 (60D),2872,10,2.0,12,2.0,"ST1(10,2.0)+ST2(12,2.0)",1.5%,1:3,1%,1.5,3.0,"ST1(10,2.0)+ST2(12,2.0)",10000,9208.95,-791.05,-7.91,1456.0,14.56,206.118,-63.0,114.51,-63.0,171.765,-63.0,30.12,69.88,0.78,-9.53,83,25,58,0,2,2,1.5,1.5,0,0,0,0,65.94,1.5,5,0.5,2862.75,3654.0,4.5%,"ETH_INR_30m_ST1(10,2.0)+ST2(12,2.0)_SL1.5pct_1-3",1,2
ETH/INR,15m,2026-07-25 to 2026-09-24 (60D),5742,12,2.0,7,2.0,"ST1(12,2.0)+ST2(7,2.0)",1.5%,1:3,1%,1.5,3.0,"ST1(12,2.0)+ST2(7,2.0)",10000,9204.36,-795.64,-7.96,1267.0,12.67,177.804,-75.82,98.78,-75.82,148.17000000000002,-75.82,38.78,61.22,0.83,-8.12,98,38,60,0,2,2,1.5,1.5,0,0,0,0,77.69,1.5,5,0.5,3753.64,4549.2,4.5%,"ETH_INR_15m_ST1(12,2.0)+ST2(7,2.0)_SL1.5pct_1-3",1,1
ETH/INR,15m,2026-07-25 to 2026-09-24 (60D),5742,7,2.0,12,2.0,"ST1(7,2.0)+ST2(12,2.0)",1.5%,1:3,1%,1.5,3.0,"ST1(7,2.0)+ST2(12,2.0)",10000,9204.36,-795.64,-7.96,1267.0,12.67,177.804,-75.82,98.78,-75.82,148.17000000000002,-75.82,38.78,61.22,0.83,-8.12,98,38,60,0,2,2,1.5,1.5,0,0,0,0,77.69,1.5,5,0.5,3753.64,4549.2,4.5%,"ETH_INR_15m_ST1(7,2.0)+ST2(12,2.0)_SL1.5pct_1-3",1,1
ETH/INR,15m,2026-07-25 to 2026-09-24 (60D),5742,10,2.0,14,3.0,"ST1(10,2.0)+ST2(14,3.0)",1.5%,1:3,1%,1.5,3.0,"ST1(10,2.0)+ST2(14,3.0)",10000,9199.36,-800.64,-8.01,1193.0,11.93,168.22799999999998,-67.43,93.46,-67.43,140.19,-67.43,36.56,63.44,0.8,-8.61,93,34,59,0,2,2,1.5,1.5,0,0,0,0,72.71,1.5,5,0.5,3177.64,3978.37,4.5%,"ETH_INR_15m_ST1(10,2.0)+ST2(14,3.0)_SL1.5pct_1-3",1,1
ETH/INR,15m,2026-07-25 to 2026-09-24 (60D),5742,14,3.0,10,2.0,"ST1(14,3.0)+ST2(10,2.0)",1.5%,1:3,1%,1.5,3.0,"ST1(14,3.0)+ST2(10,2.0)",10000,9199.36,-800.64,-8.01,1193.0,11.93,168.22799999999998,-67.43,93.46,-67.43,140.19,-67.43,36.56,63.44,0.8,-8.61,93,34,59,0,2,2,1.5,1.5,0,0,0,0,72.71,1.5,5,0.5,3177.64,3978.37,4.5%,"ETH_INR_15m_ST1(14,3.0)+ST2(10,2.0)_SL1.5pct_1-3",1,1
SOL/INR,15m,2026-07-25 to 2026-09-24 (60D),5742,14,2.0,7,3.0,"ST1(14,2.0)+ST2(7,3.0)",1.5%,1:3,1%,1.5,3.0,"ST1(14,2.0)+ST2(7,3.0)",10000,9196.09,-803.91,-8.04,1606.0,16.06,210.366,-82.49,116.87,-82.49,175.305,-82.49,37.5,62.5,0.85,-7.73,104,39,65,0,2,2,1.5,1.5,0,0,0,0,70.88,1.5,5,0.5,4557.93,5361.849999999999,4.5%,"SOL_INR_15m_ST1(14,2.0)+ST2(7,3.0)_SL1.5pct_1-3",2,1
SOL/INR,15m,2026-07-25 to 2026-09-24 (60D),5742,7,3.0,14,2.0,"ST1(7,3.0)+ST2(14,2.0)",1.5%,1:3,1%,1.5,3.0,"ST1(7,3.0)+ST2(14,2.0)",10000,9196.09,-803.91,-8.04,1606.0,16.06,210.366,-82.49,116.87,-82.49,175.305,-82.49,37.5,62.5,0.85,-7.73,104,39,65,0,2,2,1.5,1.5,0,0,0,0,70.88,1.5,5,0.5,4557.93,5361.849999999999,4.5%,"SOL_INR_15m_ST1(7,3.0)+ST2(14,2.0)_SL1.5pct_1-3",2,1
ETH/INR,30m,2026-07-25 to 2026-09-24 (60D),2872,10,3.5,10,2.0,"ST1(10,3.5)+ST2(10,2.0)",1.5%,1:3,1%,1.5,3.0,"ST1(10,3.5)+ST2(10,2.0)",10000,9195.46,-804.54,-8.05,1403.0,14.03,181.494,-68.52,100.83,-68.52,151.245,-68.52,34.21,65.78999999999999,0.77,-10.59,76,26,50,0,2,2,1.5,1.5,0,0,0,0,56.01,1.5,5,0.5,2621.58,3426.0,4.5%,"ETH_INR_30m_ST1(10,3.5)+ST2(10,2.0)_SL1.5pct_1-3",1,2
ETH/INR,30m,2026-07-25 to 2026-09-24 (60D),2872,10,2.0,10,3.5,"ST1(10,2.0)+ST2(10,3.5)",1.5%,1:3,1%,1.5,3.0,"ST1(10,2.0)+ST2(10,3.5)",10000,9195.46,-804.54,-8.05,1403.0,14.03,181.494,-68.52,100.83,-68.52,151.245,-68.52,34.21,65.78999999999999,0.77,-10.59,76,26,50,0,2,2,1.5,1.5,0,0,0,0,56.01,1.5,5,0.5,2621.58,3426.0,4.5%,"ETH_INR_30m_ST1(10,2.0)+ST2(10,3.5)_SL1.5pct_1-3",1,2
ETH/INR,15m,2026-07-25 to 2026-09-24 (60D),5742,14,2.0,10,2.0,"ST1(14,2.0)+ST2(10,2.0)",1.5%,1:3,1%,1.5,3.0,"ST1(14,2.0)+ST2(10,2.0)",10000,9194.15,-805.85,-8.06,1184.0,11.84,178.25400000000002,-74.5,99.03,-74.5,148.54500000000002,-74.5,38.14,61.86,0.82,-8.31,97,37,60,0,2,2,1.5,1.5,0,0,0,0,77.71,1.5,5,0.5,3664.11,4470.0,4.5%,"ETH_INR_15m_ST1(14,2.0)+ST2(10,2.0)_SL1.5pct_1-3",1,1
ETH/INR,15m,2026-07-25 to 2026-09-24 (60D),5742,10,2.0,14,2.0,"ST1(10,2.0)+ST2(14,2.0)",1.5%,1:3,1%,1.5,3.0,"ST1(10,2.0)+ST2(14,2.0)",10000,9194.15,-805.85,-8.06,1184.0,11.84,178.25400000000002,-74.5,99.03,-74.5,148.54500000000002,-74.5,38.14,61.86,0.82,-8.31,97,37,60,0,2,2,1.5,1.5,0,0,0,0,77.71,1.5,5,0.5,3664.11,4470.0,4.5%,"ETH_INR_15m_ST1(10,2.0)+ST2(14,2.0)_SL1.5pct_1-3",1,1
ETH/INR,30m,2026-07-25 to 2026-09-24 (60D),2872,7,3.0,14,3.0,"ST1(7,3.0)+ST2(14,3.0)",1.5%,1:3,1%,1.5,3.0,"ST1(7,3.0)+ST2(14,3.0)",10000,9192.71,-807.29,-8.07,1385.0,13.85,187.2,-69.52,104.0,-69.52,156.0,-69.52,34.18,65.82,0.78,-10.22,79,27,52,0,2,2,1.5,1.5,0,0,0,0,63.64,1.5,5,0.5,2808.0,3615.04,4.5%,"ETH_INR_30m_ST1(7,3.0)+ST2(14,3.0)_SL1.5pct_1-3",1,2
ETH/INR,30m,2026-07-25 to 2026-09-24 (60D),2872,14,3.0,7,3.0,"ST1(14,3.0)+ST2(7,3.0)",1.5%,1:3,1%,1.5,3.0,"ST1(14,3.0)+ST2(7,3.0)",10000,9192.71,-807.29,-8.07,1385.0,13.85,187.2,-69.52,104.0,-69.52,156.0,-69.52,34.18,65.82,0.78,-10.22,79,27,52,0,2,2,1.5,1.5,0,0,0,0,63.64,1.5,5,0.5,2808.0,3615.04,4.5%,"ETH_INR_30m_ST1(14,3.0)+ST2(7,3.0)_SL1.5pct_1-3",1,2
SOL/INR,15m,2026-07-25 to 2026-09-24 (60D),5742,14,2.0,7,3.5,"ST1(14,2.0)+ST2(7,3.5)",1.5%,1:3,1%,1.5,3.0,"ST1(14,2.0)+ST2(7,3.5)",10000,9192.44,-807.56,-8.08,1761.0,17.61,196.056,-78.99,108.92,-78.99,163.38,-78.99,37.86,62.14,0.84,-7.84,103,39,64,0,2,2,1.5,1.5,0,0,0,0,70.55,1.5,5,0.5,4247.88,5055.36,4.5%,"SOL_INR_15m_ST1(14,2.0)+ST2(7,3.5)_SL1.5pct_1-3",2,1
SOL/INR,15m,2026-07-25 to 2026-09-24 (60D),5742,7,3.5,14,2.0,"ST1(7,3.5)+ST2(14,2.0)",1.5%,1:3,1%,1.5,3.0,"ST1(7,3.5)+ST2(14,2.0)",10000,9192.44,-807.56,-8.08,1761.0,17.61,196.056,-78.99,108.92,-78.99,163.38,-78.99,37.86,62.14,0.84,-7.84,103,39,64,0,2,2,1.5,1.5,0,0,0,0,70.55,1.5,5,0.5,4247.88,5055.36,4.5%,"SOL_INR_15m_ST1(7,3.5)+ST2(14,2.0)_SL1.5pct_1-3",2,1
SOL/INR,15m,2026-07-25 to 2026-09-24 (60D),5742,10,2.0,12,4.0,"ST1(10,2.0)+ST2(12,4.0)",1.5%,1:3,1%,1.5,3.0,"ST1(10,2.0)+ST2(12,4.0)",10000,9190.85,-809.15,-8.09,1411.0,14.11,192.204,-81.53,106.78,-81.53,160.17000000000002,-81.53,39.0,61.0,0.84,-8.09,100,39,61,0,2,2,1.5,1.5,0,0,0,0,68.37,1.5,5,0.5,4164.42,4973.33,4.5%,"SOL_INR_15m_ST1(10,2.0)+ST2(12,4.0)_SL1.5pct_1-3",2,1
SOL/INR,15m,2026-07-25 to 2026-09-24 (60D),5742,12,4.0,10,2.0,"ST1(12,4.0)+ST2(10,2.0)",1.5%,1:3,1%,1.5,3.0,"ST1(12,4.0)+ST2(10,2.0)",10000,9190.85,-809.15,-8.09,1411.0,14.11,192.204,-81.53,106.78,-81.53,160.17000000000002,-81.53,39.0,61.0,0.84,-8.09,100,39,61,0,2,2,1.5,1.5,0,0,0,0,68.37,1.5,5,0.5,4164.42,4973.33,4.5%,"SOL_INR_15m_ST1(12,4.0)+ST2(10,2.0)_SL1.5pct_1-3",2,1
BTC/INR,15m,2026-07-25 to 2026-09-24 (60D),5742,14,2.0,12,4.0,"ST1(14,2.0)+ST2(12,4.0)",1.5%,1:3,1%,1.5,3.0,"ST1(14,2.0)+ST2(12,4.0)",10000,9189.26,-810.74,-8.11,1507.0,15.07,151.398,-68.97,84.11,-68.97,126.165,-68.97,38.82,61.18,0.77,-9.54,85,33,52,0,2,2,1.5,1.5,0,0,0,0,71.82,1.5,5,0.5,2775.63,3586.44,4.5%,"BTC_INR_15m_ST1(14,2.0)+ST2(12,4.0)_SL1.5pct_1-3",0,1
BTC/INR,15m,2026-07-25 to 2026-09-24 (60D),5742,12,4.0,14,2.0,"ST1(12,4.0)+ST2(14,2.0)",1.5%,1:3,1%,1.5,3.0,"ST1(12,4.0)+ST2(14,2.0)",10000,9189.26,-810.74,-8.11,1507.0,15.07,151.398,-68.97,84.11,-68.97,126.165,-68.97,38.82,61.18,0.77,-9.54,85,33,52,0,2,2,1.5,1.5,0,0,0,0,71.82,1.5,5,0.5,2775.63,3586.44,4.5%,"BTC_INR_15m_ST1(12,4.0)+ST2(14,2.0)_SL1.5pct_1-3",0,1
ETH/INR,30m,2026-07-25 to 2026-09-24 (60D),2872,12,2.0,7,3.0,"ST1(12,2.0)+ST2(7,3.0)",1.5%,1:3,1%,1.5,3.0,"ST1(12,2.0)+ST2(7,3.0)",10000,9183.87,-816.13,-8.16,1460.0,14.6,192.402,-68.4,106.89,-68.4,160.335,-68.4,32.89,67.11,0.77,-10.74,76,25,51,0,2,2,1.5,1.5,0,0,0,0,57.75,1.5,5,0.5,2672.25,3488.4,4.5%,"ETH_INR_30m_ST1(12,2.0)+ST2(7,3.0)_SL1.5pct_1-3",1,2
ETH/INR,30m,2026-07-25 to 2026-09-24 (60D),2872,7,3.0,12,2.0,"ST1(7,3.0)+ST2(12,2.0)",1.5%,1:3,1%,1.5,3.0,"ST1(7,3.0)+ST2(12,2.0)",10000,9183.87,-816.13,-8.16,1460.0,14.6,192.402,-68.4,106.89,-68.4,160.335,-68.4,32.89,67.11,0.77,-10.74,76,25,51,0,2,2,1.5,1.5,0,0,0,0,57.75,1.5,5,0.5,2672.25,3488.4,4.5%,"ETH_INR_30m_ST1(7,3.0)+ST2(12,2.0)_SL1.5pct_1-3",1,2
SOL/INR,15m,2026-07-25 to 2026-09-24 (60D),5742,7,2.0,7,3.5,"ST1(7,2.0)+ST2(7,3.5)",1.5%,1:3,1%,1.5,3.0,"ST1(7,2.0)+ST2(7,3.5)",10000,9177.98,-822.02,-8.22,1777.0,17.77,194.346,-79.43,107.97,-79.43,161.95499999999998,-79.43,38.0,62.0,0.83,-8.22,100,38,62,0,2,2,1.5,1.5,0,0,0,0,68.53,1.5,5,0.5,4102.86,4924.660000000001,4.5%,"SOL_INR_15m_ST1(7,2.0)+ST2(7,3.5)_SL1.5pct_1-3",2,1
SOL/INR,15m,2026-07-25 to 2026-09-24 (60D),5742,7,3.5,7,2.0,"ST1(7,3.5)+ST2(7,2.0)",1.5%,1:3,1%,1.5,3.0,"ST1(7,3.5)+ST2(7,2.0)",10000,9177.98,-822.02,-8.22,1777.0,17.77,194.346,-79.43,107.97,-79.43,161.95499999999998,-79.43,38.0,62.0,0.83,-8.22,100,38,62,0,2,2,1.5,1.5,0,0,0,0,68.53,1.5,5,0.5,4102.86,4924.660000000001,4.5%,"SOL_INR_15m_ST1(7,3.5)+ST2(7,2.0)_SL1.5pct_1-3",2,1
ETH/INR,15m,2026-07-25 to 2026-09-24 (60D),5742,12,3.5,12,2.0,"ST1(12,3.5)+ST2(12,2.0)",1.5%,1:3,1%,1.5,3.0,"ST1(12,3.5)+ST2(12,2.0)",10000,9176.9,-823.1,-8.23,1323.0,13.23,175.068,-70.0,97.26,-70.0,145.89,-70.0,36.56,63.44,0.8,-8.85,93,34,59,0,2,2,1.5,1.5,0,0,0,0,67.9,1.5,5,0.5,3306.84,4130.0,4.5%,"ETH_INR_15m_ST1(12,3.5)+ST2(12,2.0)_SL1.5pct_1-3",1,1
ETH/INR,15m,2026-07-25 to 2026-09-24 (60D),5742,12,2.0,12,3.5,"ST1(12,2.0)+ST2(12,3.5)",1.5%,1:3,1%,1.5,3.0,"ST1(12,2.0)+ST2(12,3.5)",10000,9176.9,-823.1,-8.23,1323.0,13.23,175.068,-70.0,97.26,-70.0,145.89,-70.0,36.56,63.44,0.8,-8.85,93,34,59,0,2,2,1.5,1.5,0,0,0,0,67.9,1.5,5,0.5,3306.84,4130.0,4.5%,"ETH_INR_15m_ST1(12,2.0)+ST2(12,3.5)_SL1.5pct_1-3",1,1
BTC/INR,15m,2026-07-25 to 2026-09-24 (60D),5742,7,3.0,12,2.0,"ST1(7,3.0)+ST2(12,2.0)",1.5%,1:3,1%,1.5,3.0,"ST1(7,3.0)+ST2(12,2.0)",10000,9176.18,-823.82,-8.24,1164.0,11.64,147.78,-67.67,82.1,-67.67,123.15,-67.67,38.55,61.45,0.76,-9.93,83,32,51,0,2,2,1.5,1.5,0,0,0,0,76.45,1.5,5,0.5,2627.2,3451.17,4.5%,"BTC_INR_15m_ST1(7,3.0)+ST2(12,2.0)_SL1.5pct_1-3",0,1
BTC/INR,15m,2026-07-25 to 2026-09-24 (60D),5742,12,2.0,7,3.0,"ST1(12,2.0)+ST2(7,3.0)",1.5%,1:3,1%,1.5,3.0,"ST1(12,2.0)+ST2(7,3.0)",10000,9176.18,-823.82,-8.24,1164.0,11.64,147.78,-67.67,82.1,-67.67,123.15,-67.67,38.55,61.45,0.76,-9.93,83,32,51,0,2,2,1.5,1.5,0,0,0,0,76.45,1.5,5,0.5,2627.2,3451.17,4.5%,"BTC_INR_15m_ST1(12,2.0)+ST2(7,3.0)_SL1.5pct_1-3",0,1
SOL/INR,15m,2026-07-25 to 2026-09-24 (60D),5742,7,3.0,12,2.0,"ST1(7,3.0)+ST2(12,2.0)",1.5%,1:3,1%,1.5,3.0,"ST1(7,3.0)+ST2(12,2.0)",10000,9168.02,-831.98,-8.32,1606.0,16.06,202.068,-82.7,112.26,-82.7,168.39,-82.7,38.24,61.76,0.84,-8.16,102,39,63,0,2,2,1.5,1.5,0,0,0,0,69.28,1.5,5,0.5,4378.14,5210.1,4.5%,"SOL_INR_15m_ST1(7,3.0)+ST2(12,2.0)_SL1.5pct_1-3",2,1
SOL/INR,15m,2026-07-25 to 2026-09-24 (60D),5742,12,2.0,7,3.0,"ST1(12,2.0)+ST2(7,3.0)",1.5%,1:3,1%,1.5,3.0,"ST1(12,2.0)+ST2(7,3.0)",10000,9168.02,-831.98,-8.32,1606.0,16.06,202.068,-82.7,112.26,-82.7,168.39,-82.7,38.24,61.76,0.84,-8.16,102,39,63,0,2,2,1.5,1.5,0,0,0,0,69.28,1.5,5,0.5,4378.14,5210.1,4.5%,"SOL_INR_15m_ST1(12,2.0)+ST2(7,3.0)_SL1.5pct_1-3",2,1
SOL/INR,15m,2026-07-25 to 2026-09-24 (60D),5742,14,4.0,10,2.0,"ST1(14,4.0)+ST2(10,2.0)",1.5%,1:3,1%,1.5,3.0,"ST1(14,4.0)+ST2(10,2.0)",10000,9165.89,-834.11,-8.34,1290.0,12.9,195.246,-83.02,108.47,-83.02,162.70499999999998,-83.02,39.0,61.0,0.84,-8.34,100,39,61,0,2,2,1.5,1.5,0,0,0,0,67.96,1.5,5,0.5,4230.33,5064.219999999999,4.5%,"SOL_INR_15m_ST1(14,4.0)+ST2(10,2.0)_SL1.5pct_1-3",2,1
SOL/INR,15m,2026-07-25 to 2026-09-24 (60D),5742,10,2.0,14,4.0,"ST1(10,2.0)+ST2(14,4.0)",1.5%,1:3,1%,1.5,3.0,"ST1(10,2.0)+ST2(14,4.0)",10000,9165.89,-834.11,-8.34,1290.0,12.9,195.246,-83.02,108.47,-83.02,162.70499999999998,-83.02,39.0,61.0,0.84,-8.34,100,39,61,0,2,2,1.5,1.5,0,0,0,0,67.96,1.5,5,0.5,4230.33,5064.219999999999,4.5%,"SOL_INR_15m_ST1(10,2.0)+ST2(14,4.0)_SL1.5pct_1-3",2,1
ETH/INR,15m,2026-07-25 to 2026-09-24 (60D),5742,14,3.0,7,2.0,"ST1(14,3.0)+ST2(7,2.0)",1.5%,1:3,1%,1.5,3.0,"ST1(14,3.0)+ST2(7,2.0)",10000,9165.83,-834.17,-8.34,1317.0,13.17,169.52400000000003,-67.27,94.18,-67.27,141.27,-67.27,36.17,63.83,0.79,-8.87,94,34,60,0,2,2,1.5,1.5,0,0,0,0,72.12,1.5,5,0.5,3202.1200000000003,4036.2,4.5%,"ETH_INR_15m_ST1(14,3.0)+ST2(7,2.0)_SL1.5pct_1-3",1,1
ETH/INR,15m,2026-07-25 to 2026-09-24 (60D),5742,7,2.0,14,3.0,"ST1(7,2.0)+ST2(14,3.0)",1.5%,1:3,1%,1.5,3.0,"ST1(7,2.0)+ST2(14,3.0)",10000,9165.83,-834.17,-8.34,1317.0,13.17,169.52400000000003,-67.27,94.18,-67.27,141.27,-67.27,36.17,63.83,0.79,-8.87,94,34,60,0,2,2,1.5,1.5,0,0,0,0,72.12,1.5,5,0.5,3202.1200000000003,4036.2,4.5%,"ETH_INR_15m_ST1(7,2.0)+ST2(14,3.0)_SL1.5pct_1-3",1,1
ETH/INR,30m,2026-07-25 to 2026-09-24 (60D),2872,10,3.5,7,2.0,"ST1(10,3.5)+ST2(7,2.0)",1.5%,1:3,1%,1.5,3.0,"ST1(10,3.5)+ST2(7,2.0)",10000,9156.82,-843.18,-8.43,1349.0,13.49,175.572,-68.17,97.54,-68.17,146.31,-68.17,34.62,65.38,0.76,-10.81,78,27,51,0,2,2,1.5,1.5,0,0,0,0,59.53,1.5,5,0.5,2633.5800000000004,3476.67,4.5%,"ETH_INR_30m_ST1(10,3.5)+ST2(7,2.0)_SL1.5pct_1-3",1,2
ETH/INR,30m,2026-07-25 to 2026-09-24 (60D),2872,7,2.0,10,3.5,"ST1(7,2.0)+ST2(10,3.5)",1.5%,1:3,1%,1.5,3.0,"ST1(7,2.0)+ST2(10,3.5)",10000,9156.82,-843.18,-8.43,1349.0,13.49,175.572,-68.17,97.54,-68.17,146.31,-68.17,34.62,65.38,0.76,-10.81,78,27,51,0,2,2,1.5,1.5,0,0,0,0,59.53,1.5,5,0.5,2633.5800000000004,3476.67,4.5%,"ETH_INR_30m_ST1(7,2.0)+ST2(10,3.5)_SL1.5pct_1-3",1,2
SOL/INR,15m,2026-07-25 to 2026-09-24 (60D),5742,14,2.0,10,3.5,"ST1(14,2.0)+ST2(10,3.5)",1.5%,1:3,1%,1.5,3.0,"ST1(14,2.0)+ST2(10,3.5)",10000,9142.17,-857.83,-8.58,1666.0,16.66,199.728,-79.28,110.96,-79.28,166.44,-79.28,37.25,62.75,0.83,-8.41,102,38,64,0,2,2,1.5,1.5,0,0,0,0,71.3,1.5,5,0.5,4216.48,5073.92,4.5%,"SOL_INR_15m_ST1(14,2.0)+ST2(10,3.5)_SL1.5pct_1-3",2,1
SOL/INR,15m,2026-07-25 to 2026-09-24 (60D),5742,10,3.5,14,2.0,"ST1(10,3.5)+ST2(14,2.0)",1.5%,1:3,1%,1.5,3.0,"ST1(10,3.5)+ST2(14,2.0)",10000,9142.17,-857.83,-8.58,1666.0,16.66,199.728,-79.28,110.96,-79.28,166.44,-79.28,37.25,62.75,0.83,-8.41,102,38,64,0,2,2,1.5,1.5,0,0,0,0,71.3,1.5,5,0.5,4216.48,5073.92,4.5%,"SOL_INR_15m_ST1(10,3.5)+ST2(14,2.0)_SL1.5pct_1-3",2,1
ETH/INR,30m,2026-07-25 to 2026-09-24 (60D),2872,12,4.0,12,2.0,"ST1(12,4.0)+ST2(12,2.0)",1.5%,1:3,1%,1.5,3.0,"ST1(12,4.0)+ST2(12,2.0)",10000,9139.22,-860.78,-8.61,1248.0,12.48,176.31,-66.91,97.95,-66.91,146.925,-66.91,33.33,66.67,0.73,-11.96,72,24,48,0,2,2,1.5,1.5,0,0,0,0,52.53,1.5,5,0.5,2350.8,3211.68,4.5%,"ETH_INR_30m_ST1(12,4.0)+ST2(12,2.0)_SL1.5pct_1-3",1,2
ETH/INR,30m,2026-07-25 to 2026-09-24 (60D),2872,12,2.0,12,4.0,"ST1(12,2.0)+ST2(12,4.0)",1.5%,1:3,1%,1.5,3.0,"ST1(12,2.0)+ST2(12,4.0)",10000,9139.22,-860.78,-8.61,1248.0,12.48,176.31,-66.91,97.95,-66.91,146.925,-66.91,33.33,66.67,0.73,-11.96,72,24,48,0,2,2,1.5,1.5,0,0,0,0,52.53,1.5,5,0.5,2350.8,3211.68,4.5%,"ETH_INR_30m_ST1(12,2.0)+ST2(12,4.0)_SL1.5pct_1-3",1,2
SOL/INR,15m,2026-07-25 to 2026-09-24 (60D),5742,7,3.5,10,2.0,"ST1(7,3.5)+ST2(10,2.0)",1.5%,1:3,1%,1.5,3.0,"ST1(7,3.5)+ST2(10,2.0)",10000,9136.56,-863.44,-8.63,1668.0,16.68,192.726,-79.55,107.07,-79.55,160.605,-79.55,38.0,62.0,0.82,-8.63,100,38,62,0,2,2,1.5,1.5,0,0,0,0,68.86,1.5,5,0.5,4068.66,4932.099999999999,4.5%,"SOL_INR_15m_ST1(7,3.5)+ST2(10,2.0)_SL1.5pct_1-3",2,1
SOL/INR,15m,2026-07-25 to 2026-09-24 (60D),5742,10,2.0,7,3.5,"ST1(10,2.0)+ST2(7,3.5)",1.5%,1:3,1%,1.5,3.0,"ST1(10,2.0)+ST2(7,3.5)",10000,9136.56,-863.44,-8.63,1668.0,16.68,192.726,-79.55,107.07,-79.55,160.605,-79.55,38.0,62.0,0.82,-8.63,100,38,62,0,2,2,1.5,1.5,0,0,0,0,68.86,1.5,5,0.5,4068.66,4932.099999999999,4.5%,"SOL_INR_15m_ST1(10,2.0)+ST2(7,3.5)_SL1.5pct_1-3",2,1
SOL/INR,15m,2026-07-25 to 2026-09-24 (60D),5742,7,2.0,10,3.5,"ST1(7,2.0)+ST2(10,3.5)",1.5%,1:3,1%,1.5,3.0,"ST1(7,2.0)+ST2(10,3.5)",10000,9135.87,-864.13,-8.64,1701.0,17.01,198.77400000000003,-78.57,110.43,-78.57,165.645,-78.57,37.0,63.0,0.83,-8.64,100,37,63,0,2,2,1.5,1.5,0,0,0,0,69.0,1.5,5,0.5,4085.91,4949.91,4.5%,"SOL_INR_15m_ST1(7,2.0)+ST2(10,3.5)_SL1.5pct_1-3",2,1
SOL/INR,15m,2026-07-25 to 2026-09-24 (60D),5742,10,3.5,7,2.0,"ST1(10,3.5)+ST2(7,2.0)",1.5%,1:3,1%,1.5,3.0,"ST1(10,3.5)+ST2(7,2.0)",10000,9135.87,-864.13,-8.64,1701.0,17.01,198.77400000000003,-78.57,110.43,-78.57,165.645,-78.57,37.0,63.0,0.83,-8.64,100,37,63,0,2,2,1.5,1.5,0,0,0,0,69.0,1.5,5,0.5,4085.91,4949.91,4.5%,"SOL_INR_15m_ST1(10,3.5)+ST2(7,2.0)_SL1.5pct_1-3",2,1
ETH/INR,15m,2026-07-25 to 2026-09-24 (60D),5742,12,3.0,10,2.0,"ST1(12,3.0)+ST2(10,2.0)",1.5%,1:3,1%,1.5,3.0,"ST1(12,3.0)+ST2(10,2.0)",10000,9133.3,-866.7,-8.67,1462.0,14.62,177.40800000000002,-69.62,98.56,-69.62,147.84,-69.62,36.08,63.92,0.8,-8.94,97,35,62,0,2,2,1.5,1.5,0,0,0,0,72.57,1.5,5,0.5,3449.6,4316.4400000000005,4.5%,"ETH_INR_15m_ST1(12,3.0)+ST2(10,2.0)_SL1.5pct_1-3",1,1
ETH/INR,15m,2026-07-25 to 2026-09-24 (60D),5742,10,2.0,12,3.0,"ST1(10,2.0)+ST2(12,3.0)",1.5%,1:3,1%,1.5,3.0,"ST1(10,2.0)+ST2(12,3.0)",10000,9133.3,-866.7,-8.67,1462.0,14.62,177.40800000000002,-69.62,98.56,-69.62,147.84,-69.62,36.08,63.92,0.8,-8.94,97,35,62,0,2,2,1.5,1.5,0,0,0,0,72.57,1.5,5,0.5,3449.6,4316.4400000000005,4.5%,"ETH_INR_15m_ST1(10,2.0)+ST2(12,3.0)_SL1.5pct_1-3",1,1
SOL/INR,15m,2026-07-25 to 2026-09-24 (60D),5742,10,2.0,12,2.0,"ST1(10,2.0)+ST2(12,2.0)",1.5%,1:3,1%,1.5,3.0,"ST1(10,2.0)+ST2(12,2.0)",10000,9131.13,-868.87,-8.69,1840.0,18.4,218.448,-83.61,121.36,-83.61,182.04,-83.61,36.79,63.21,0.84,-8.2,106,39,67,0,2,2,1.5,1.5,0,0,0,0,73.7,1.5,5,0.5,4733.04,5601.87,4.5%,"SOL_INR_15m_ST1(10,2.0)+ST2(12,2.0)_SL1.5pct_1-3",2,1
SOL/INR,15m,2026-07-25 to 2026-09-24 (60D),5742,12,2.0,10,2.0,"ST1(12,2.0)+ST2(10,2.0)",1.5%,1:3,1%,1.5,3.0,"ST1(12,2.0)+ST2(10,2.0)",10000,9131.13,-868.87,-8.69,1840.0,18.4,218.448,-83.61,121.36,-83.61,182.04,-83.61,36.79,63.21,0.84,-8.2,106,39,67,0,2,2,1.5,1.5,0,0,0,0,73.7,1.5,5,0.5,4733.04,5601.87,4.5%,"SOL_INR_15m_ST1(12,2.0)+ST2(10,2.0)_SL1.5pct_1-3",2,1
SOL/INR,15m,2026-07-25 to 2026-09-24 (60D),5742,14,2.0,10,2.0,"ST1(14,2.0)+ST2(10,2.0)",1.5%,1:3,1%,1.5,3.0,"ST1(14,2.0)+ST2(10,2.0)",10000,9130.55,-869.45,-8.69,1840.0,18.4,220.14,-82.34,122.3,-82.34,183.45,-82.34,36.19,63.81,0.84,-8.28,105,38,67,0,2,2,1.5,1.5,0,0,0,0,71.73,1.5,5,0.5,4647.4,5516.780000000001,4.5%,"SOL_INR_15m_ST1(14,2.0)+ST2(10,2.0)_SL1.5pct_1-3",2,1
SOL/INR,15m,2026-07-25 to 2026-09-24 (60D),5742,10,2.0,14,2.0,"ST1(10,2.0)+ST2(14,2.0)",1.5%,1:3,1%,1.5,3.0,"ST1(10,2.0)+ST2(14,2.0)",10000,9130.55,-869.45,-8.69,1840.0,18.4,220.14,-82.34,122.3,-82.34,183.45,-82.34,36.19,63.81,0.84,-8.28,105,38,67,0,2,2,1.5,1.5,0,0,0,0,71.73,1.5,5,0.5,4647.4,5516.780000000001,4.5%,"SOL_INR_15m_ST1(10,2.0)+ST2(14,2.0)_SL1.5pct_1-3",2,1
BTC/INR,15m,2026-07-25 to 2026-09-24 (60D),5742,14,4.0,14,3.0,"ST1(14,4.0)+ST2(14,3.0)",1.5%,1:3,1%,1.5,3.0,"ST1(14,4.0)+ST2(14,3.0)",10000,9125.95,-874.05,-8.74,1447.0,14.47,156.528,-70.94,86.96,-70.94,130.44,-70.94,38.64,61.36,0.77,-9.93,88,34,54,0,2,2,1.5,1.5,0,0,0,0,79.15,1.5,5,0.5,2956.64,3830.76,4.5%,"BTC_INR_15m_ST1(14,4.0)+ST2(14,3.0)_SL1.5pct_1-3",0,1
BTC/INR,15m,2026-07-25 to 2026-09-24 (60D),5742,14,3.0,14,4.0,"ST1(14,3.0)+ST2(14,4.0)",1.5%,1:3,1%,1.5,3.0,"ST1(14,3.0)+ST2(14,4.0)",10000,9125.95,-874.05,-8.74,1447.0,14.47,156.528,-70.94,86.96,-70.94,130.44,-70.94,38.64,61.36,0.77,-9.93,88,34,54,0,2,2,1.5,1.5,0,0,0,0,79.15,1.5,5,0.5,2956.64,3830.76,4.5%,"BTC_INR_15m_ST1(14,3.0)+ST2(14,4.0)_SL1.5pct_1-3",0,1
SOL/INR,15m,2026-07-25 to 2026-09-24 (60D),5742,10,2.0,10,3.5,"ST1(10,2.0)+ST2(10,3.5)",1.5%,1:3,1%,1.5,3.0,"ST1(10,2.0)+ST2(10,3.5)",10000,9114.27,-885.73,-8.86,1572.0,15.72,192.87,-79.96,107.15,-79.96,160.72500000000002,-79.96,38.0,62.0,0.82,-8.86,100,38,62,0,2,2,1.5,1.5,0,0,0,0,69.64,1.5,5,0.5,4071.7,4957.52,4.5%,"SOL_INR_15m_ST1(10,2.0)+ST2(10,3.5)_SL1.5pct_1-3",2,1
SOL/INR,15m,2026-07-25 to 2026-09-24 (60D),5742,10,3.5,10,2.0,"ST1(10,3.5)+ST2(10,2.0)",1.5%,1:3,1%,1.5,3.0,"ST1(10,3.5)+ST2(10,2.0)",10000,9114.27,-885.73,-8.86,1572.0,15.72,192.87,-79.96,107.15,-79.96,160.72500000000002,-79.96,38.0,62.0,0.82,-8.86,100,38,62,0,2,2,1.5,1.5,0,0,0,0,69.64,1.5,5,0.5,4071.7,4957.52,4.5%,"SOL_INR_15m_ST1(10,3.5)+ST2(10,2.0)_SL1.5pct_1-3",2,1
ETH/INR,15m,2026-07-25 to 2026-09-24 (60D),5742,12,4.0,7,4.0,"ST1(12,4.0)+ST2(7,4.0)",1.5%,1:3,1%,1.5,3.0,"ST1(12,4.0)+ST2(7,4.0)",10000,9111.87,-888.13,-8.88,1121.0,11.21,169.398,-71.64,94.11,-71.64,141.165,-71.64,37.76,62.24,0.8,-9.06,98,37,61,0,2,2,1.5,1.5,0,0,0,0,79.61,1.5,5,0.5,3482.07,4370.04,4.5%,"ETH_INR_15m_ST1(12,4.0)+ST2(7,4.0)_SL1.5pct_1-3",1,1
ETH/INR,15m,2026-07-25 to 2026-09-24 (60D),5742,7,4.0,12,4.0,"ST1(7,4.0)+ST2(12,4.0)",1.5%,1:3,1%,1.5,3.0,"ST1(7,4.0)+ST2(12,4.0)",10000,9111.87,-888.13,-8.88,1121.0,11.21,169.398,-71.64,94.11,-71.64,141.165,-71.64,37.76,62.24,0.8,-9.06,98,37,61,0,2,2,1.5,1.5,0,0,0,0,79.61,1.5,5,0.5,3482.07,4370.04,4.5%,"ETH_INR_15m_ST1(7,4.0)+ST2(12,4.0)_SL1.5pct_1-3",1,1
ETH/INR,15m,2026-07-25 to 2026-09-24 (60D),5742,14,3.0,12,2.0,"ST1(14,3.0)+ST2(12,2.0)",1.5%,1:3,1%,1.5,3.0,"ST1(14,3.0)+ST2(12,2.0)",10000,9106.37,-893.63,-8.94,1179.0,11.79,165.32999999999998,-68.08,91.85,-68.08,137.77499999999998,-68.08,36.56,63.44,0.78,-9.61,93,34,59,0,2,2,1.5,1.5,0,0,0,0,71.4,1.5,5,0.5,3122.9,4016.72,4.5%,"ETH_INR_15m_ST1(14,3.0)+ST2(12,2.0)_SL1.5pct_1-3",1,1
ETH/INR,15m,2026-07-25 to 2026-09-24 (60D),5742,12,2.0,14,3.0,"ST1(12,2.0)+ST2(14,3.0)",1.5%,1:3,1%,1.5,3.0,"ST1(12,2.0)+ST2(14,3.0)",10000,9106.37,-893.63,-8.94,1179.0,11.79,165.32999999999998,-68.08,91.85,-68.08,137.77499999999998,-68.08,36.56,63.44,0.78,-9.61,93,34,59,0,2,2,1.5,1.5,0,0,0,0,71.4,1.5,5,0.5,3122.9,4016.72,4.5%,"ETH_INR_15m_ST1(12,2.0)+ST2(14,3.0)_SL1.5pct_1-3",1,1
ETH/INR,30m,2026-07-25 to 2026-09-24 (60D),2872,10,3.5,14,3.0,"ST1(10,3.5)+ST2(14,3.0)",1.5%,1:3,1%,1.5,3.0,"ST1(10,3.5)+ST2(14,3.0)",10000,9105.89,-894.11,-8.94,1377.0,13.77,174.348,-70.19,96.86,-70.19,145.29,-70.19,35.06,64.94,0.75,-11.61,77,27,50,0,2,2,1.5,1.5,0,0,0,0,59.18,1.5,5,0.5,2615.22,3509.5,4.5%,"ETH_INR_30m_ST1(10,3.5)+ST2(14,3.0)_SL1.5pct_1-3",1,2
ETH/INR,30m,2026-07-25 to 2026-09-24 (60D),2872,14,3.0,10,3.5,"ST1(14,3.0)+ST2(10,3.5)",1.5%,1:3,1%,1.5,3.0,"ST1(14,3.0)+ST2(10,3.5)",10000,9105.89,-894.11,-8.94,1377.0,13.77,174.348,-70.19,96.86,-70.19,145.29,-70.19,35.06,64.94,0.75,-11.61,77,27,50,0,2,2,1.5,1.5,0,0,0,0,59.18,1.5,5,0.5,2615.22,3509.5,4.5%,"ETH_INR_30m_ST1(14,3.0)+ST2(10,3.5)_SL1.5pct_1-3",1,2
ETH/INR,15m,2026-07-25 to 2026-09-24 (60D),5742,12,3.0,7,2.0,"ST1(12,3.0)+ST2(7,2.0)",1.5%,1:3,1%,1.5,3.0,"ST1(12,3.0)+ST2(7,2.0)",10000,9099.81,-900.19,-9.0,1550.0,15.5,178.29,-69.31,99.05,-69.31,148.575,-69.31,35.71,64.28999999999999,0.79,-9.19,98,35,63,0,2,2,1.5,1.5,0,0,0,0,71.79,1.5,5,0.5,3466.75,4366.53,4.5%,"ETH_INR_15m_ST1(12,3.0)+ST2(7,2.0)_SL1.5pct_1-3",1,1
ETH/INR,15m,2026-07-25 to 2026-09-24 (60D),5742,7,2.0,12,3.0,"ST1(7,2.0)+ST2(12,3.0)",1.5%,1:3,1%,1.5,3.0,"ST1(7,2.0)+ST2(12,3.0)",10000,9099.81,-900.19,-9.0,1550.0,15.5,178.29,-69.31,99.05,-69.31,148.575,-69.31,35.71,64.28999999999999,0.79,-9.19,98,35,63,0,2,2,1.5,1.5,0,0,0,0,71.79,1.5,5,0.5,3466.75,4366.53,4.5%,"ETH_INR_15m_ST1(7,2.0)+ST2(12,3.0)_SL1.5pct_1-3",1,1
ETH/INR,30m,2026-07-25 to 2026-09-24 (60D),2872,14,3.0,10,4.0,"ST1(14,3.0)+ST2(10,4.0)",1.5%,1:3,1%,1.5,3.0,"ST1(14,3.0)+ST2(10,4.0)",10000,9096.56,-903.44,-9.03,1229.0,12.29,170.748,-68.77,94.86,-68.77,142.29,-68.77,34.67,65.33,0.73,-12.05,75,26,49,0,2,2,1.5,1.5,0,0,0,0,56.36,1.5,5,0.5,2466.36,3369.73,4.5%,"ETH_INR_30m_ST1(14,3.0)+ST2(10,4.0)_SL1.5pct_1-3",1,2
ETH/INR,30m,2026-07-25 to 2026-09-24 (60D),2872,10,4.0,14,3.0,"ST1(10,4.0)+ST2(14,3.0)",1.5%,1:3,1%,1.5,3.0,"ST1(10,4.0)+ST2(14,3.0)",10000,9096.56,-903.44,-9.03,1229.0,12.29,170.748,-68.77,94.86,-68.77,142.29,-68.77,34.67,65.33,0.73,-12.05,75,26,49,0,2,2,1.5,1.5,0,0,0,0,56.36,1.5,5,0.5,2466.36,3369.73,4.5%,"ETH_INR_30m_ST1(10,4.0)+ST2(14,3.0)_SL1.5pct_1-3",1,2
ETH/INR,30m,2026-07-25 to 2026-09-24 (60D),2872,12,2.0,10,3.5,"ST1(12,2.0)+ST2(10,3.5)",1.5%,1:3,1%,1.5,3.0,"ST1(12,2.0)+ST2(10,3.5)",10000,9094.55,-905.45,-9.05,1497.0,14.97,183.042,-67.6,101.69,-67.6,152.535,-67.6,32.89,67.11,0.74,-11.91,76,25,51,0,2,2,1.5,1.5,0,0,0,0,54.58,1.5,5,0.5,2542.25,3447.6,4.5%,"ETH_INR_30m_ST1(12,2.0)+ST2(10,3.5)_SL1.5pct_1-3",1,2
ETH/INR,30m,2026-07-25 to 2026-09-24 (60D),2872,10,3.5,12,2.0,"ST1(10,3.5)+ST2(12,2.0)",1.5%,1:3,1%,1.5,3.0,"ST1(10,3.5)+ST2(12,2.0)",10000,9094.55,-905.45,-9.05,1497.0,14.97,183.042,-67.6,101.69,-67.6,152.535,-67.6,32.89,67.11,0.74,-11.91,76,25,51,0,2,2,1.5,1.5,0,0,0,0,54.58,1.5,5,0.5,2542.25,3447.6,4.5%,"ETH_INR_30m_ST1(10,3.5)+ST2(12,2.0)_SL1.5pct_1-3",1,2
ETH/INR,30m,2026-07-25 to 2026-09-24 (60D),2872,14,3.0,12,4.0,"ST1(14,3.0)+ST2(12,4.0)",1.5%,1:3,1%,1.5,3.0,"ST1(14,3.0)+ST2(12,4.0)",10000,9089.09,-910.91,-9.11,1237.0,12.37,170.676,-68.9,94.82,-68.9,142.23,-68.9,34.67,65.33,0.73,-12.15,75,26,49,0,2,2,1.5,1.5,0,0,0,0,56.91,1.5,5,0.5,2465.32,3376.1000000000004,4.5%,"ETH_INR_30m_ST1(14,3.0)+ST2(12,4.0)_SL1.5pct_1-3",1,2
ETH/INR,30m,2026-07-25 to 2026-09-24 (60D),2872,12,4.0,14,3.0,"ST1(12,4.0)+ST2(14,3.0)",1.5%,1:3,1%,1.5,3.0,"ST1(12,4.0)+ST2(14,3.0)",10000,9089.09,-910.91,-9.11,1237.0,12.37,170.676,-68.9,94.82,-68.9,142.23,-68.9,34.67,65.33,0.73,-12.15,75,26,49,0,2,2,1.5,1.5,0,0,0,0,56.91,1.5,5,0.5,2465.32,3376.1000000000004,4.5%,"ETH_INR_30m_ST1(12,4.0)+ST2(14,3.0)_SL1.5pct_1-3",1,2
SOL/INR,15m,2026-07-25 to 2026-09-24 (60D),5742,12,4.0,12,2.0,"ST1(12,4.0)+ST2(12,2.0)",1.5%,1:3,1%,1.5,3.0,"ST1(12,4.0)+ST2(12,2.0)",10000,9088.55,-911.45,-9.11,1507.0,15.07,190.062,-81.12,105.59,-81.12,158.385,-81.12,38.61,61.39,0.82,-9.02,101,39,62,0,2,2,1.5,1.5,0,0,0,0,68.7,1.5,5,0.5,4118.01,5029.4400000000005,4.5%,"SOL_INR_15m_ST1(12,4.0)+ST2(12,2.0)_SL1.5pct_1-3",2,1
SOL/INR,15m,2026-07-25 to 2026-09-24 (60D),5742,12,2.0,12,4.0,"ST1(12,2.0)+ST2(12,4.0)",1.5%,1:3,1%,1.5,3.0,"ST1(12,2.0)+ST2(12,4.0)",10000,9088.55,-911.45,-9.11,1507.0,15.07,190.062,-81.12,105.59,-81.12,158.385,-81.12,38.61,61.39,0.82,-9.02,101,39,62,0,2,2,1.5,1.5,0,0,0,0,68.7,1.5,5,0.5,4118.01,5029.4400000000005,4.5%,"SOL_INR_15m_ST1(12,2.0)+ST2(12,4.0)_SL1.5pct_1-3",2,1
SOL/INR,15m,2026-07-25 to 2026-09-24 (60D),5742,10,2.0,7,2.0,"ST1(10,2.0)+ST2(7,2.0)",1.5%,1:3,1%,1.5,3.0,"ST1(10,2.0)+ST2(7,2.0)",10000,9081.38,-918.62,-9.19,1807.0,18.07,219.402,-82.25,121.89,-82.25,182.835,-82.25,35.92,64.08,0.83,-8.92,103,37,66,0,2,2,1.5,1.5,0,0,0,0,72.57,1.5,5,0.5,4509.93,5428.5,4.5%,"SOL_INR_15m_ST1(10,2.0)+ST2(7,2.0)_SL1.5pct_1-3",2,1
SOL/INR,15m,2026-07-25 to 2026-09-24 (60D),5742,7,2.0,10,2.0,"ST1(7,2.0)+ST2(10,2.0)",1.5%,1:3,1%,1.5,3.0,"ST1(7,2.0)+ST2(10,2.0)",10000,9081.38,-918.62,-9.19,1807.0,18.07,219.402,-82.25,121.89,-82.25,182.835,-82.25,35.92,64.08,0.83,-8.92,103,37,66,0,2,2,1.5,1.5,0,0,0,0,72.57,1.5,5,0.5,4509.93,5428.5,4.5%,"SOL_INR_15m_ST1(7,2.0)+ST2(10,2.0)_SL1.5pct_1-3",2,1
ETH/INR,15m,2026-07-25 to 2026-09-24 (60D),5742,12,2.0,14,2.0,"ST1(12,2.0)+ST2(14,2.0)",1.5%,1:3,1%,1.5,3.0,"ST1(12,2.0)+ST2(14,2.0)",10000,9074.19,-925.81,-9.26,1249.0,12.49,178.14600000000002,-74.0,98.97,-74.0,148.45499999999998,-74.0,37.37,62.63,0.8,-9.35,99,37,62,0,2,2,1.5,1.5,0,0,0,0,78.32,1.5,5,0.5,3661.89,4588.0,4.5%,"ETH_INR_15m_ST1(12,2.0)+ST2(14,2.0)_SL1.5pct_1-3",1,1
ETH/INR,15m,2026-07-25 to 2026-09-24 (60D),5742,14,2.0,12,2.0,"ST1(14,2.0)+ST2(12,2.0)",1.5%,1:3,1%,1.5,3.0,"ST1(14,2.0)+ST2(12,2.0)",10000,9074.19,-925.81,-9.26,1249.0,12.49,178.14600000000002,-74.0,98.97,-74.0,148.45499999999998,-74.0,37.37,62.63,0.8,-9.35,99,37,62,0,2,2,1.5,1.5,0,0,0,0,78.32,1.5,5,0.5,3661.89,4588.0,4.5%,"ETH_INR_15m_ST1(14,2.0)+ST2(12,2.0)_SL1.5pct_1-3",1,1
SOL/INR,15m,2026-07-25 to 2026-09-24 (60D),5742,14,4.0,12,2.0,"ST1(14,4.0)+ST2(12,2.0)",1.5%,1:3,1%,1.5,3.0,"ST1(14,4.0)+ST2(12,2.0)",10000,9063.86,-936.14,-9.36,1387.0,13.87,193.068,-82.57,107.26,-82.57,160.89,-82.57,38.61,61.39,0.82,-9.27,101,39,62,0,2,2,1.5,1.5,0,0,0,0,68.29,1.5,5,0.5,4183.14,5119.339999999999,4.5%,"SOL_INR_15m_ST1(14,4.0)+ST2(12,2.0)_SL1.5pct_1-3",2,1
SOL/INR,15m,2026-07-25 to 2026-09-24 (60D),5742,12,2.0,14,4.0,"ST1(12,2.0)+ST2(14,4.0)",1.5%,1:3,1%,1.5,3.0,"ST1(12,2.0)+ST2(14,4.0)",10000,9063.86,-936.14,-9.36,1387.0,13.87,193.068,-82.57,107.26,-82.57,160.89,-82.57,38.61,61.39,0.82,-9.27,101,39,62,0,2,2,1.5,1.5,0,0,0,0,68.29,1.5,5,0.5,4183.14,5119.339999999999,4.5%,"SOL_INR_15m_ST1(12,2.0)+ST2(14,4.0)_SL1.5pct_1-3",2,1
ETH/INR,15m,2026-07-25 to 2026-09-24 (60D),5742,7,3.0,12,4.0,"ST1(7,3.0)+ST2(12,4.0)",1.5%,1:3,1%,1.5,3.0,"ST1(7,3.0)+ST2(12,4.0)",10000,9058.81,-941.19,-9.41,1158.0,11.58,172.548,-73.57,95.86,-73.57,143.79,-73.57,37.76,62.24,0.79,-9.6,98,37,61,0,2,2,1.5,1.5,0,0,0,0,76.23,1.5,5,0.5,3546.82,4487.77,4.5%,"ETH_INR_15m_ST1(7,3.0)+ST2(12,4.0)_SL1.5pct_1-3",1,1
ETH/INR,15m,2026-07-25 to 2026-09-24 (60D),5742,12,4.0,7,3.0,"ST1(12,4.0)+ST2(7,3.0)",1.5%,1:3,1%,1.5,3.0,"ST1(12,4.0)+ST2(7,3.0)",10000,9058.81,-941.19,-9.41,1158.0,11.58,172.548,-73.57,95.86,-73.57,143.79,-73.57,37.76,62.24,0.79,-9.6,98,37,61,0,2,2,1.5,1.5,0,0,0,0,76.23,1.5,5,0.5,3546.82,4487.77,4.5%,"ETH_INR_15m_ST1(12,4.0)+ST2(7,3.0)_SL1.5pct_1-3",1,1
ETH/INR,15m,2026-07-25 to 2026-09-24 (60D),5742,7,2.0,12,4.0,"ST1(7,2.0)+ST2(12,4.0)",1.5%,1:3,1%,1.5,3.0,"ST1(7,2.0)+ST2(12,4.0)",10000,9058.44,-941.56,-9.42,1481.0,14.81,160.14600000000002,-68.74,88.97,-68.74,133.45499999999998,-68.74,37.23,62.77,0.77,-10.02,94,35,59,0,2,2,1.5,1.5,0,0,0,0,68.11,1.5,5,0.5,3113.95,4055.66,4.5%,"ETH_INR_15m_ST1(7,2.0)+ST2(12,4.0)_SL1.5pct_1-3",1,1
ETH/INR,15m,2026-07-25 to 2026-09-24 (60D),5742,12,4.0,7,2.0,"ST1(12,4.0)+ST2(7,2.0)",1.5%,1:3,1%,1.5,3.0,"ST1(12,4.0)+ST2(7,2.0)",10000,9058.44,-941.56,-9.42,1481.0,14.81,160.14600000000002,-68.74,88.97,-68.74,133.45499999999998,-68.74,37.23,62.77,0.77,-10.02,94,35,59,0,2,2,1.5,1.5,0,0,0,0,68.11,1.5,5,0.5,3113.95,4055.66,4.5%,"ETH_INR_15m_ST1(12,4.0)+ST2(7,2.0)_SL1.5pct_1-3",1,1
ETH/INR,15m,2026-07-25 to 2026-09-24 (60D),5742,12,3.5,14,2.0,"ST1(12,3.5)+ST2(14,2.0)",1.5%,1:3,1%,1.5,3.0,"ST1(12,3.5)+ST2(14,2.0)",10000,9057.17,-942.83,-9.43,1348.0,13.48,177.28199999999998,-67.12,98.49,-67.12,147.735,-67.12,34.41,65.59,0.77,-10.14,93,32,61,0,2,2,1.5,1.5,0,0,0,0,68.23,1.5,5,0.5,3151.68,4094.32,4.5%,"ETH_INR_15m_ST1(12,3.5)+ST2(14,2.0)_SL1.5pct_1-3",1,1
ETH/INR,15m,2026-07-25 to 2026-09-24 (60D),5742,14,2.0,12,3.5,"ST1(14,2.0)+ST2(12,3.5)",1.5%,1:3,1%,1.5,3.0,"ST1(14,2.0)+ST2(12,3.5)",10000,9057.17,-942.83,-9.43,1348.0,13.48,177.28199999999998,-67.12,98.49,-67.12,147.735,-67.12,34.41,65.59,0.77,-10.14,93,32,61,0,2,2,1.5,1.5,0,0,0,0,68.23,1.5,5,0.5,3151.68,4094.32,4.5%,"ETH_INR_15m_ST1(14,2.0)+ST2(12,3.5)_SL1.5pct_1-3",1,1
ETH/INR,30m,2026-07-25 to 2026-09-24 (60D),2872,14,3.5,14,4.0,"ST1(14,3.5)+ST2(14,4.0)",1.5%,1:3,1%,1.5,3.0,"ST1(14,3.5)+ST2(14,4.0)",10000,9056.97,-943.03,-9.43,1129.0,11.29,163.944,-67.18,91.08,-67.18,136.62,-67.18,35.0,65.0,0.73,-11.79,80,28,52,0,2,2,1.5,1.5,0,0,0,0,64.19,1.5,5,0.5,2550.24,3493.3600000000006,4.5%,"ETH_INR_30m_ST1(14,3.5)+ST2(14,4.0)_SL1.5pct_1-3",1,2
ETH/INR,30m,2026-07-25 to 2026-09-24 (60D),2872,14,4.0,14,3.5,"ST1(14,4.0)+ST2(14,3.5)",1.5%,1:3,1%,1.5,3.0,"ST1(14,4.0)+ST2(14,3.5)",10000,9056.97,-943.03,-9.43,1129.0,11.29,163.944,-67.18,91.08,-67.18,136.62,-67.18,35.0,65.0,0.73,-11.79,80,28,52,0,2,2,1.5,1.5,0,0,0,0,64.19,1.5,5,0.5,2550.24,3493.3600000000006,4.5%,"ETH_INR_30m_ST1(14,4.0)+ST2(14,3.5)_SL1.5pct_1-3",1,2
ETH/INR,15m,2026-07-25 to 2026-09-24 (60D),5742,12,2.0,10,2.0,"ST1(12,2.0)+ST2(10,2.0)",1.5%,1:3,1%,1.5,3.0,"ST1(12,2.0)+ST2(10,2.0)",10000,9054.47,-945.53,-9.46,1272.0,12.72,179.622,-76.03,99.79,-76.03,149.685,-76.03,37.76,62.24,0.8,-9.65,98,37,61,0,2,2,1.5,1.5,0,0,0,0,79.26,1.5,5,0.5,3692.23,4637.83,4.5%,"ETH_INR_15m_ST1(12,2.0)+ST2(10,2.0)_SL1.5pct_1-3",1,1
ETH/INR,15m,2026-07-25 to 2026-09-24 (60D),5742,10,2.0,12,2.0,"ST1(10,2.0)+ST2(12,2.0)",1.5%,1:3,1%,1.5,3.0,"ST1(10,2.0)+ST2(12,2.0)",10000,9054.47,-945.53,-9.46,1272.0,12.72,179.622,-76.03,99.79,-76.03,149.685,-76.03,37.76,62.24,0.8,-9.65,98,37,61,0,2,2,1.5,1.5,0,0,0,0,79.26,1.5,5,0.5,3692.23,4637.83,4.5%,"ETH_INR_15m_ST1(10,2.0)+ST2(12,2.0)_SL1.5pct_1-3",1,1
ETH/INR,15m,2026-07-25 to 2026-09-24 (60D),5742,12,3.5,7,4.0,"ST1(12,3.5)+ST2(7,4.0)",1.5%,1:3,1%,1.5,3.0,"ST1(12,3.5)+ST2(7,4.0)",10000,9048.09,-951.91,-9.52,1158.0,11.58,170.154,-72.95,94.53,-72.95,141.79500000000002,-72.95,37.76,62.24,0.79,-9.71,98,37,61,0,2,2,1.5,1.5,0,0,0,0,78.37,1.5,5,0.5,3497.61,4449.95,4.5%,"ETH_INR_15m_ST1(12,3.5)+ST2(7,4.0)_SL1.5pct_1-3",1,1
ETH/INR,15m,2026-07-25 to 2026-09-24 (60D),5742,7,4.0,12,3.5,"ST1(7,4.0)+ST2(12,3.5)",1.5%,1:3,1%,1.5,3.0,"ST1(7,4.0)+ST2(12,3.5)",10000,9048.09,-951.91,-9.52,1158.0,11.58,170.154,-72.95,94.53,-72.95,141.79500000000002,-72.95,37.76,62.24,0.79,-9.71,98,37,61,0,2,2,1.5,1.5,0,0,0,0,78.37,1.5,5,0.5,3497.61,4449.95,4.5%,"ETH_INR_15m_ST1(7,4.0)+ST2(12,3.5)_SL1.5pct_1-3",1,1
ETH/INR,15m,2026-07-25 to 2026-09-24 (60D),5742,12,4.0,10,2.0,"ST1(12,4.0)+ST2(10,2.0)",1.5%,1:3,1%,1.5,3.0,"ST1(12,4.0)+ST2(10,2.0)",10000,9043.65,-956.35,-9.56,1399.0,13.99,155.97000000000003,-68.78,86.65,-68.78,129.97500000000002,-68.78,37.63,62.37,0.76,-10.28,93,35,58,0,2,2,1.5,1.5,0,0,0,0,68.51,1.5,5,0.5,3032.75,3989.24,4.5%,"ETH_INR_15m_ST1(12,4.0)+ST2(10,2.0)_SL1.5pct_1-3",1,1
ETH/INR,15m,2026-07-25 to 2026-09-24 (60D),5742,10,2.0,12,4.0,"ST1(10,2.0)+ST2(12,4.0)",1.5%,1:3,1%,1.5,3.0,"ST1(10,2.0)+ST2(12,4.0)",10000,9043.65,-956.35,-9.56,1399.0,13.99,155.97000000000003,-68.78,86.65,-68.78,129.97500000000002,-68.78,37.63,62.37,0.76,-10.28,93,35,58,0,2,2,1.5,1.5,0,0,0,0,68.51,1.5,5,0.5,3032.75,3989.24,4.5%,"ETH_INR_15m_ST1(10,2.0)+ST2(12,4.0)_SL1.5pct_1-3",1,1
BTC/INR,15m,2026-07-25 to 2026-09-24 (60D),5742,14,3.0,14,2.0,"ST1(14,3.0)+ST2(14,2.0)",1.5%,1:3,1%,1.5,3.0,"ST1(14,3.0)+ST2(14,2.0)",10000,9041.03,-958.97,-9.59,1540.0,15.4,156.744,-65.33,87.08,-65.33,130.62,-65.33,35.63,64.37,0.74,-11.02,87,31,56,0,2,2,1.5,1.5,0,0,0,0,76.31,1.5,5,0.5,2699.48,3658.48,4.5%,"BTC_INR_15m_ST1(14,3.0)+ST2(14,2.0)_SL1.5pct_1-3",0,1
BTC/INR,15m,2026-07-25 to 2026-09-24 (60D),5742,14,2.0,14,3.0,"ST1(14,2.0)+ST2(14,3.0)",1.5%,1:3,1%,1.5,3.0,"ST1(14,2.0)+ST2(14,3.0)",10000,9041.03,-958.97,-9.59,1540.0,15.4,156.744,-65.33,87.08,-65.33,130.62,-65.33,35.63,64.37,0.74,-11.02,87,31,56,0,2,2,1.5,1.5,0,0,0,0,76.31,1.5,5,0.5,2699.48,3658.48,4.5%,"BTC_INR_15m_ST1(14,2.0)+ST2(14,3.0)_SL1.5pct_1-3",0,1
ETH/INR,15m,2026-07-25 to 2026-09-24 (60D),5742,12,3.0,12,2.0,"ST1(12,3.0)+ST2(12,2.0)",1.5%,1:3,1%,1.5,3.0,"ST1(12,3.0)+ST2(12,2.0)",10000,9040.98,-959.02,-9.59,1366.0,13.66,174.744,-70.27,97.08,-70.27,145.62,-70.27,36.08,63.92,0.78,-9.89,97,35,62,0,2,2,1.5,1.5,0,0,0,0,70.57,1.5,5,0.5,3397.8,4356.74,4.5%,"ETH_INR_15m_ST1(12,3.0)+ST2(12,2.0)_SL1.5pct_1-3",1,1
ETH/INR,15m,2026-07-25 to 2026-09-24 (60D),5742,12,2.0,12,3.0,"ST1(12,2.0)+ST2(12,3.0)",1.5%,1:3,1%,1.5,3.0,"ST1(12,2.0)+ST2(12,3.0)",10000,9040.98,-959.02,-9.59,1366.0,13.66,174.744,-70.27,97.08,-70.27,145.62,-70.27,36.08,63.92,0.78,-9.89,97,35,62,0,2,2,1.5,1.5,0,0,0,0,70.57,1.5,5,0.5,3397.8,4356.74,4.5%,"ETH_INR_15m_ST1(12,2.0)+ST2(12,3.0)_SL1.5pct_1-3",1,1
ETH/INR,30m,2026-07-25 to 2026-09-24 (60D),2872,12,3.5,14,2.0,"ST1(12,3.5)+ST2(14,2.0)",1.5%,1:3,1%,1.5,3.0,"ST1(12,3.5)+ST2(14,2.0)",10000,9035.25,-964.75,-9.65,1536.0,15.36,184.968,-69.29,102.76,-69.29,154.14,-69.29,32.89,67.11,0.73,-12.69,76,25,51,0,2,2,1.5,1.5,0,0,0,0,57.3,1.5,5,0.5,2569.0,3533.7900000000004,4.5%,"ETH_INR_30m_ST1(12,3.5)+ST2(14,2.0)_SL1.5pct_1-3",1,2
ETH/INR,30m,2026-07-25 to 2026-09-24 (60D),2872,14,2.0,12,3.5,"ST1(14,2.0)+ST2(12,3.5)",1.5%,1:3,1%,1.5,3.0,"ST1(14,2.0)+ST2(12,3.5)",10000,9035.25,-964.75,-9.65,1536.0,15.36,184.968,-69.29,102.76,-69.29,154.14,-69.29,32.89,67.11,0.73,-12.69,76,25,51,0,2,2,1.5,1.5,0,0,0,0,57.3,1.5,5,0.5,2569.0,3533.7900000000004,4.5%,"ETH_INR_30m_ST1(14,2.0)+ST2(12,3.5)_SL1.5pct_1-3",1,2
SOL/INR,15m,2026-07-25 to 2026-09-24 (60D),5742,12,2.0,7,3.5,"ST1(12,2.0)+ST2(7,3.5)",1.5%,1:3,1%,1.5,3.0,"ST1(12,2.0)+ST2(7,3.5)",10000,9034.86,-965.14,-9.65,1761.0,17.61,190.584,-79.18,105.88,-79.18,158.82,-79.18,37.62,62.38,0.81,-9.56,101,38,63,0,2,2,1.5,1.5,0,0,0,0,69.19,1.5,5,0.5,4023.44,4988.34,4.5%,"SOL_INR_15m_ST1(12,2.0)+ST2(7,3.5)_SL1.5pct_1-3",2,1
SOL/INR,15m,2026-07-25 to 2026-09-24 (60D),5742,7,3.5,12,2.0,"ST1(7,3.5)+ST2(12,2.0)",1.5%,1:3,1%,1.5,3.0,"ST1(7,3.5)+ST2(12,2.0)",10000,9034.86,-965.14,-9.65,1761.0,17.61,190.584,-79.18,105.88,-79.18,158.82,-79.18,37.62,62.38,0.81,-9.56,101,38,63,0,2,2,1.5,1.5,0,0,0,0,69.19,1.5,5,0.5,4023.44,4988.34,4.5%,"SOL_INR_15m_ST1(7,3.5)+ST2(12,2.0)_SL1.5pct_1-3",2,1
ETH/INR,15m,2026-07-25 to 2026-09-24 (60D),5742,10,3.5,7,2.0,"ST1(10,3.5)+ST2(7,2.0)",1.5%,1:3,1%,1.5,3.0,"ST1(10,3.5)+ST2(7,2.0)",10000,9034.52,-965.48,-9.65,1493.0,14.93,166.176,-67.29,92.32,-67.29,138.48,-67.29,35.79,64.21000000000001,0.76,-10.16,95,34,61,0,2,2,1.5,1.5,0,0,0,0,69.19,1.5,5,0.5,3138.88,4104.6900000000005,4.5%,"ETH_INR_15m_ST1(10,3.5)+ST2(7,2.0)_SL1.5pct_1-3",1,1
ETH/INR,15m,2026-07-25 to 2026-09-24 (60D),5742,7,2.0,10,3.5,"ST1(7,2.0)+ST2(10,3.5)",1.5%,1:3,1%,1.5,3.0,"ST1(7,2.0)+ST2(10,3.5)",10000,9034.52,-965.48,-9.65,1493.0,14.93,166.176,-67.29,92.32,-67.29,138.48,-67.29,35.79,64.21000000000001,0.76,-10.16,95,34,61,0,2,2,1.5,1.5,0,0,0,0,69.19,1.5,5,0.5,3138.88,4104.6900000000005,4.5%,"ETH_INR_15m_ST1(7,2.0)+ST2(10,3.5)_SL1.5pct_1-3",1,1
ETH/INR,15m,2026-07-25 to 2026-09-24 (60D),5742,14,3.5,10,2.0,"ST1(14,3.5)+ST2(10,2.0)",1.5%,1:3,1%,1.5,3.0,"ST1(14,3.5)+ST2(10,2.0)",10000,9032.17,-967.83,-9.68,1388.0,13.88,171.054,-68.83,95.03,-68.83,142.54500000000002,-68.83,35.79,64.21000000000001,0.77,-10.19,95,34,61,0,2,2,1.5,1.5,0,0,0,0,70.39,1.5,5,0.5,3231.02,4198.63,4.5%,"ETH_INR_15m_ST1(14,3.5)+ST2(10,2.0)_SL1.5pct_1-3",1,1
ETH/INR,15m,2026-07-25 to 2026-09-24 (60D),5742,10,2.0,14,3.5,"ST1(10,2.0)+ST2(14,3.5)",1.5%,1:3,1%,1.5,3.0,"ST1(10,2.0)+ST2(14,3.5)",10000,9032.17,-967.83,-9.68,1388.0,13.88,171.054,-68.83,95.03,-68.83,142.54500000000002,-68.83,35.79,64.21000000000001,0.77,-10.19,95,34,61,0,2,2,1.5,1.5,0,0,0,0,70.39,1.5,5,0.5,3231.02,4198.63,4.5%,"ETH_INR_15m_ST1(10,2.0)+ST2(14,3.5)_SL1.5pct_1-3",1,1
SOL/INR,15m,2026-07-25 to 2026-09-24 (60D),5742,12,2.0,14,2.0,"ST1(12,2.0)+ST2(14,2.0)",1.5%,1:3,1%,1.5,3.0,"ST1(12,2.0)+ST2(14,2.0)",10000,9028.92,-971.08,-9.71,1931.0,19.31,217.692,-81.86,120.94,-81.86,181.41,-81.86,35.85,64.15,0.83,-9.16,106,38,68,0,2,2,1.5,1.5,0,0,0,0,72.07,1.5,5,0.5,4595.72,5566.48,4.5%,"SOL_INR_15m_ST1(12,2.0)+ST2(14,2.0)_SL1.5pct_1-3",2,1
SOL/INR,15m,2026-07-25 to 2026-09-24 (60D),5742,14,2.0,12,2.0,"ST1(14,2.0)+ST2(12,2.0)",1.5%,1:3,1%,1.5,3.0,"ST1(14,2.0)+ST2(12,2.0)",10000,9028.92,-971.08,-9.71,1931.0,19.31,217.692,-81.86,120.94,-81.86,181.41,-81.86,35.85,64.15,0.83,-9.16,106,38,68,0,2,2,1.5,1.5,0,0,0,0,72.07,1.5,5,0.5,4595.72,5566.48,4.5%,"SOL_INR_15m_ST1(14,2.0)+ST2(12,2.0)_SL1.5pct_1-3",2,1
BTC/INR,15m,2026-07-25 to 2026-09-24 (60D),5742,12,3.0,12,2.0,"ST1(12,3.0)+ST2(12,2.0)",1.5%,1:3,1%,1.5,3.0,"ST1(12,3.0)+ST2(12,2.0)",10000,9019.84,-980.16,-9.8,1560.0,15.6,158.85,-65.96,88.25,-65.96,132.375,-65.96,35.29,64.71000000000001,0.73,-11.53,85,30,55,0,2,2,1.5,1.5,0,0,0,0,76.37,1.5,5,0.5,2647.5,3627.8,4.5%,"BTC_INR_15m_ST1(12,3.0)+ST2(12,2.0)_SL1.5pct_1-3",0,1
BTC/INR,15m,2026-07-25 to 2026-09-24 (60D),5742,12,2.0,12,3.0,"ST1(12,2.0)+ST2(12,3.0)",1.5%,1:3,1%,1.5,3.0,"ST1(12,2.0)+ST2(12,3.0)",10000,9019.84,-980.16,-9.8,1560.0,15.6,158.85,-65.96,88.25,-65.96,132.375,-65.96,35.29,64.71000000000001,0.73,-11.53,85,30,55,0,2,2,1.5,1.5,0,0,0,0,76.37,1.5,5,0.5,2647.5,3627.8,4.5%,"BTC_INR_15m_ST1(12,2.0)+ST2(12,3.0)_SL1.5pct_1-3",0,1
ETH/INR,30m,2026-07-25 to 2026-09-24 (60D),2872,12,3.0,7,4.0,"ST1(12,3.0)+ST2(7,4.0)",1.5%,1:3,1%,1.5,3.0,"ST1(12,3.0)+ST2(7,4.0)",10000,9016.97,-983.03,-9.83,1357.0,13.57,175.734,-69.87,97.63,-69.87,146.445,-69.87,33.78,66.22,0.71,-13.28,74,25,49,0,2,2,1.5,1.5,0,0,0,0,55.97,1.5,5,0.5,2440.75,3423.63,4.5%,"ETH_INR_30m_ST1(12,3.0)+ST2(7,4.0)_SL1.5pct_1-3",1,2
ETH/INR,30m,2026-07-25 to 2026-09-24 (60D),2872,7,4.0,12,3.0,"ST1(7,4.0)+ST2(12,3.0)",1.5%,1:3,1%,1.5,3.0,"ST1(7,4.0)+ST2(12,3.0)",10000,9016.97,-983.03,-9.83,1357.0,13.57,175.734,-69.87,97.63,-69.87,146.445,-69.87,33.78,66.22,0.71,-13.28,74,25,49,0,2,2,1.5,1.5,0,0,0,0,55.97,1.5,5,0.5,2440.75,3423.63,4.5%,"ETH_INR_30m_ST1(7,4.0)+ST2(12,3.0)_SL1.5pct_1-3",1,2
ETH/INR,30m,2026-07-25 to 2026-09-24 (60D),2872,10,3.5,10,3.0,"ST1(10,3.5)+ST2(10,3.0)",1.5%,1:3,1%,1.5,3.0,"ST1(10,3.5)+ST2(10,3.0)",10000,9015.47,-984.53,-9.85,1419.0,14.19,171.61200000000002,-68.95,95.34,-68.95,143.01,-68.95,34.57,65.43,0.73,-12.15,81,28,53,0,2,2,1.5,1.5,0,0,0,0,62.45,1.5,5,0.5,2669.52,3654.35,4.5%,"ETH_INR_30m_ST1(10,3.5)+ST2(10,3.0)_SL1.5pct_1-3",1,2
ETH/INR,30m,2026-07-25 to 2026-09-24 (60D),2872,10,3.0,10,3.5,"ST1(10,3.0)+ST2(10,3.5)",1.5%,1:3,1%,1.5,3.0,"ST1(10,3.0)+ST2(10,3.5)",10000,9015.47,-984.53,-9.85,1419.0,14.19,171.61200000000002,-68.95,95.34,-68.95,143.01,-68.95,34.57,65.43,0.73,-12.15,81,28,53,0,2,2,1.5,1.5,0,0,0,0,62.45,1.5,5,0.5,2669.52,3654.35,4.5%,"ETH_INR_30m_ST1(10,3.0)+ST2(10,3.5)_SL1.5pct_1-3",1,2
ETH/INR,15m,2026-07-25 to 2026-09-24 (60D),5742,7,3.0,7,4.0,"ST1(7,3.0)+ST2(7,4.0)",1.5%,1:3,1%,1.5,3.0,"ST1(7,3.0)+ST2(7,4.0)",10000,9014.78,-985.22,-9.85,1160.0,11.6,176.86800000000002,-72.95,98.26,-72.95,147.39,-72.95,36.73,63.27,0.78,-10.05,98,36,62,0,2,2,1.5,1.5,0,0,0,0,76.21,1.5,5,0.5,3537.36,4522.900000000001,4.5%,"ETH_INR_15m_ST1(7,3.0)+ST2(7,4.0)_SL1.5pct_1-3",1,1
ETH/INR,15m,2026-07-25 to 2026-09-24 (60D),5742,7,4.0,7,3.0,"ST1(7,4.0)+ST2(7,3.0)",1.5%,1:3,1%,1.5,3.0,"ST1(7,4.0)+ST2(7,3.0)",10000,9014.78,-985.22,-9.85,1160.0,11.6,176.86800000000002,-72.95,98.26,-72.95,147.39,-72.95,36.73,63.27,0.78,-10.05,98,36,62,0,2,2,1.5,1.5,0,0,0,0,76.21,1.5,5,0.5,3537.36,4522.900000000001,4.5%,"ETH_INR_15m_ST1(7,4.0)+ST2(7,3.0)_SL1.5pct_1-3",1,1
SOL/INR,15m,2026-07-25 to 2026-09-24 (60D),5742,10,3.5,12,2.0,"ST1(10,3.5)+ST2(12,2.0)",1.5%,1:3,1%,1.5,3.0,"ST1(10,3.5)+ST2(12,2.0)",10000,9012.82,-987.18,-9.87,1666.0,16.66,190.728,-79.58,105.96,-79.58,158.94,-79.58,37.62,62.38,0.8,-9.77,101,38,63,0,2,2,1.5,1.5,0,0,0,0,69.98,1.5,5,0.5,4026.48,5013.54,4.5%,"SOL_INR_15m_ST1(10,3.5)+ST2(12,2.0)_SL1.5pct_1-3",2,1
SOL/INR,15m,2026-07-25 to 2026-09-24 (60D),5742,12,2.0,10,3.5,"ST1(12,2.0)+ST2(10,3.5)",1.5%,1:3,1%,1.5,3.0,"ST1(12,2.0)+ST2(10,3.5)",10000,9012.82,-987.18,-9.87,1666.0,16.66,190.728,-79.58,105.96,-79.58,158.94,-79.58,37.62,62.38,0.8,-9.77,101,38,63,0,2,2,1.5,1.5,0,0,0,0,69.98,1.5,5,0.5,4026.48,5013.54,4.5%,"SOL_INR_15m_ST1(12,2.0)+ST2(10,3.5)_SL1.5pct_1-3",2,1
ETH/INR,15m,2026-07-25 to 2026-09-24 (60D),5742,7,4.0,12,2.0,"ST1(7,4.0)+ST2(12,2.0)",1.5%,1:3,1%,1.5,3.0,"ST1(7,4.0)+ST2(12,2.0)",10000,9012.08,-987.92,-9.88,1145.0,11.45,163.278,-71.44,90.71,-71.44,136.065,-71.44,37.36,62.64,0.76,-10.86,91,34,57,0,2,2,1.5,1.5,0,0,0,0,68.56,1.5,5,0.5,3084.14,4072.08,4.5%,"ETH_INR_15m_ST1(7,4.0)+ST2(12,2.0)_SL1.5pct_1-3",1,1
ETH/INR,15m,2026-07-25 to 2026-09-24 (60D),5742,12,2.0,7,4.0,"ST1(12,2.0)+ST2(7,4.0)",1.5%,1:3,1%,1.5,3.0,"ST1(12,2.0)+ST2(7,4.0)",10000,9012.08,-987.92,-9.88,1145.0,11.45,163.278,-71.44,90.71,-71.44,136.065,-71.44,37.36,62.64,0.76,-10.86,91,34,57,0,2,2,1.5,1.5,0,0,0,0,68.56,1.5,5,0.5,3084.14,4072.08,4.5%,"ETH_INR_15m_ST1(12,2.0)+ST2(7,4.0)_SL1.5pct_1-3",1,1
ETH/INR,30m,2026-07-25 to 2026-09-24 (60D),2872,14,4.0,14,2.0,"ST1(14,4.0)+ST2(14,2.0)",1.5%,1:3,1%,1.5,3.0,"ST1(14,4.0)+ST2(14,2.0)",10000,9007.28,-992.72,-9.93,1381.0,13.81,174.078,-67.02,96.71,-67.02,145.065,-67.02,32.39,67.61,0.69,-13.98,71,23,48,0,2,2,1.5,1.5,0,0,0,0,54.96,1.5,5,0.5,2224.33,3216.96,4.5%,"ETH_INR_30m_ST1(14,4.0)+ST2(14,2.0)_SL1.5pct_1-3",1,2
ETH/INR,30m,2026-07-25 to 2026-09-24 (60D),2872,14,2.0,14,4.0,"ST1(14,2.0)+ST2(14,4.0)",1.5%,1:3,1%,1.5,3.0,"ST1(14,2.0)+ST2(14,4.0)",10000,9007.28,-992.72,-9.93,1381.0,13.81,174.078,-67.02,96.71,-67.02,145.065,-67.02,32.39,67.61,0.69,-13.98,71,23,48,0,2,2,1.5,1.5,0,0,0,0,54.96,1.5,5,0.5,2224.33,3216.96,4.5%,"ETH_INR_30m_ST1(14,2.0)+ST2(14,4.0)_SL1.5pct_1-3",1,2
ETH/INR,15m,2026-07-25 to 2026-09-24 (60D),5742,12,3.5,12,4.0,"ST1(12,3.5)+ST2(12,4.0)",1.5%,1:3,1%,1.5,3.0,"ST1(12,3.5)+ST2(12,4.0)",10000,9007.07,-992.93,-9.93,1198.0,11.98,166.392,-72.35,92.44,-72.35,138.66,-72.35,37.76,62.24,0.78,-10.13,98,37,61,0,2,2,1.5,1.5,0,0,0,0,79.5,1.5,5,0.5,3420.28,4413.349999999999,4.5%,"ETH_INR_15m_ST1(12,3.5)+ST2(12,4.0)_SL1.5pct_1-3",1,1
ETH/INR,15m,2026-07-25 to 2026-09-24 (60D),5742,12,4.0,12,3.5,"ST1(12,4.0)+ST2(12,3.5)",1.5%,1:3,1%,1.5,3.0,"ST1(12,4.0)+ST2(12,3.5)",10000,9007.07,-992.93,-9.93,1198.0,11.98,166.392,-72.35,92.44,-72.35,138.66,-72.35,37.76,62.24,0.78,-10.13,98,37,61,0,2,2,1.5,1.5,0,0,0,0,79.5,1.5,5,0.5,3420.28,4413.349999999999,4.5%,"ETH_INR_15m_ST1(12,4.0)+ST2(12,3.5)_SL1.5pct_1-3",1,1
ETH/INR,15m,2026-07-25 to 2026-09-24 (60D),5742,7,4.0,10,4.0,"ST1(7,4.0)+ST2(10,4.0)",1.5%,1:3,1%,1.5,3.0,"ST1(7,4.0)+ST2(10,4.0)",10000,9002.97,-997.03,-9.97,1200.0,12.0,169.21800000000002,-72.18,94.01,-72.18,141.015,-72.18,37.37,62.63,0.78,-10.07,99,37,62,0,2,2,1.5,1.5,0,0,0,0,79.41,1.5,5,0.5,3478.3700000000003,4475.160000000001,4.5%,"ETH_INR_15m_ST1(7,4.0)+ST2(10,4.0)_SL1.5pct_1-3",1,1
ETH/INR,15m,2026-07-25 to 2026-09-24 (60D),5742,10,4.0,7,4.0,"ST1(10,4.0)+ST2(7,4.0)",1.5%,1:3,1%,1.5,3.0,"ST1(10,4.0)+ST2(7,4.0)",10000,9002.97,-997.03,-9.97,1200.0,12.0,169.21800000000002,-72.18,94.01,-72.18,141.015,-72.18,37.37,62.63,0.78,-10.07,99,37,62,0,2,2,1.5,1.5,0,0,0,0,79.41,1.5,5,0.5,3478.3700000000003,4475.160000000001,4.5%,"ETH_INR_15m_ST1(10,4.0)+ST2(7,4.0)_SL1.5pct_1-3",1,1
ETH/INR,15m,2026-07-25 to 2026-09-24 (60D),5742,12,2.0,14,3.5,"ST1(12,2.0)+ST2(14,3.5)",1.5%,1:3,1%,1.5,3.0,"ST1(12,2.0)+ST2(14,3.5)",10000,9002.28,-997.72,-9.98,1194.0,11.94,172.71,-71.0,95.95,-71.0,143.925,-71.0,36.17,63.83,0.77,-10.61,94,34,60,0,2,2,1.5,1.5,0,0,0,0,69.4,1.5,5,0.5,3262.3,4260.0,4.5%,"ETH_INR_15m_ST1(12,2.0)+ST2(14,3.5)_SL1.5pct_1-3",1,1
ETH/INR,15m,2026-07-25 to 2026-09-24 (60D),5742,14,3.5,12,2.0,"ST1(14,3.5)+ST2(12,2.0)",1.5%,1:3,1%,1.5,3.0,"ST1(14,3.5)+ST2(12,2.0)",10000,9002.28,-997.72,-9.98,1194.0,11.94,172.71,-71.0,95.95,-71.0,143.925,-71.0,36.17,63.83,0.77,-10.61,94,34,60,0,2,2,1.5,1.5,0,0,0,0,69.4,1.5,5,0.5,3262.3,4260.0,4.5%,"ETH_INR_15m_ST1(14,3.5)+ST2(12,2.0)_SL1.5pct_1-3",1,1
ETH/INR,15m,2026-07-25 to 2026-09-24 (60D),5742,14,2.0,14,3.5,"ST1(14,2.0)+ST2(14,3.5)",1.5%,1:3,1%,1.5,3.0,"ST1(14,2.0)+ST2(14,3.5)",10000,9002.12,-997.88,-9.98,1219.0,12.19,170.838,-67.7,94.91,-67.7,142.365,-67.7,35.11,64.89,0.76,-10.62,94,33,61,0,2,2,1.5,1.5,0,0,0,0,69.02,1.5,5,0.5,3132.03,4129.7,4.5%,"ETH_INR_15m_ST1(14,2.0)+ST2(14,3.5)_SL1.5pct_1-3",1,1
ETH/INR,15m,2026-07-25 to 2026-09-24 (60D),5742,14,3.5,14,2.0,"ST1(14,3.5)+ST2(14,2.0)",1.5%,1:3,1%,1.5,3.0,"ST1(14,3.5)+ST2(14,2.0)",10000,9002.12,-997.88,-9.98,1219.0,12.19,170.838,-67.7,94.91,-67.7,142.365,-67.7,35.11,64.89,0.76,-10.62,94,33,61,0,2,2,1.5,1.5,0,0,0,0,69.02,1.5,5,0.5,3132.03,4129.7,4.5%,"ETH_INR_15m_ST1(14,3.5)+ST2(14,2.0)_SL1.5pct_1-3",1,1
ETH/INR,15m,2026-07-25 to 2026-09-24 (60D),5742,7,3.0,12,2.0,"ST1(7,3.0)+ST2(12,2.0)",1.5%,1:3,1%,1.5,3.0,"ST1(7,3.0)+ST2(12,2.0)",10000,9001.68,-998.32,-9.98,1230.0,12.3,163.278,-72.27,90.71,-72.27,136.065,-72.27,37.89,62.11,0.77,-10.51,95,36,59,0,2,2,1.5,1.5,0,0,0,0,70.86,1.5,5,0.5,3265.56,4263.929999999999,4.5%,"ETH_INR_15m_ST1(7,3.0)+ST2(12,2.0)_SL1.5pct_1-3",1,1
ETH/INR,15m,2026-07-25 to 2026-09-24 (60D),5742,12,2.0,7,3.0,"ST1(12,2.0)+ST2(7,3.0)",1.5%,1:3,1%,1.5,3.0,"ST1(12,2.0)+ST2(7,3.0)",10000,9001.68,-998.32,-9.98,1230.0,12.3,163.278,-72.27,90.71,-72.27,136.065,-72.27,37.89,62.11,0.77,-10.51,95,36,59,0,2,2,1.5,1.5,0,0,0,0,70.86,1.5,5,0.5,3265.56,4263.929999999999,4.5%,"ETH_INR_15m_ST1(12,2.0)+ST2(7,3.0)_SL1.5pct_1-3",1,1
ETH/INR,15m,2026-07-25 to 2026-09-24 (60D),5742,14,2.0,14,3.0,"ST1(14,2.0)+ST2(14,3.0)",1.5%,1:3,1%,1.5,3.0,"ST1(14,2.0)+ST2(14,3.0)",10000,9001.59,-998.41,-9.98,1257.0,12.57,168.138,-66.46,93.41,-66.46,140.115,-66.46,34.78,65.22,0.75,-10.85,92,32,60,0,2,2,1.5,1.5,0,0,0,0,71.96,1.5,5,0.5,2989.12,3987.6,4.5%,"ETH_INR_15m_ST1(14,2.0)+ST2(14,3.0)_SL1.5pct_1-3",1,1
ETH/INR,15m,2026-07-25 to 2026-09-24 (60D),5742,14,3.0,14,2.0,"ST1(14,3.0)+ST2(14,2.0)",1.5%,1:3,1%,1.5,3.0,"ST1(14,3.0)+ST2(14,2.0)",10000,9001.59,-998.41,-9.98,1257.0,12.57,168.138,-66.46,93.41,-66.46,140.115,-66.46,34.78,65.22,0.75,-10.85,92,32,60,0,2,2,1.5,1.5,0,0,0,0,71.96,1.5,5,0.5,2989.12,3987.6,4.5%,"ETH_INR_15m_ST1(14,3.0)+ST2(14,2.0)_SL1.5pct_1-3",1,1
ETH/INR,30m,2026-07-25 to 2026-09-24 (60D),2872,7,3.0,14,2.0,"ST1(7,3.0)+ST2(14,2.0)",1.5%,1:3,1%,1.5,3.0,"ST1(7,3.0)+ST2(14,2.0)",10000,8999.31,-1000.69,-10.01,1632.0,16.32,179.352,-68.46,99.64,-68.46,149.46,-68.46,32.89,67.11,0.71,-13.17,76,25,51,0,2,2,1.5,1.5,0,0,0,0,58.76,1.5,5,0.5,2491.0,3491.46,4.5%,"ETH_INR_30m_ST1(7,3.0)+ST2(14,2.0)_SL1.5pct_1-3",1,2
ETH/INR,30m,2026-07-25 to 2026-09-24 (60D),2872,14,2.0,7,3.0,"ST1(14,2.0)+ST2(7,3.0)",1.5%,1:3,1%,1.5,3.0,"ST1(14,2.0)+ST2(7,3.0)",10000,8999.31,-1000.69,-10.01,1632.0,16.32,179.352,-68.46,99.64,-68.46,149.46,-68.46,32.89,67.11,0.71,-13.17,76,25,51,0,2,2,1.5,1.5,0,0,0,0,58.76,1.5,5,0.5,2491.0,3491.46,4.5%,"ETH_INR_30m_ST1(14,2.0)+ST2(7,3.0)_SL1.5pct_1-3",1,2
ETH/INR,15m,2026-07-25 to 2026-09-24 (60D),5742,12,2.0,12,4.0,"ST1(12,2.0)+ST2(12,4.0)",1.5%,1:3,1%,1.5,3.0,"ST1(12,2.0)+ST2(12,4.0)",10000,8997.66,-1002.34,-10.02,1258.0,12.58,157.608,-71.35,87.56,-71.35,131.34,-71.35,38.04,61.96,0.75,-10.9,92,35,57,0,2,2,1.5,1.5,0,0,0,0,67.5,1.5,5,0.5,3064.6,4066.95,4.5%,"ETH_INR_15m_ST1(12,2.0)+ST2(12,4.0)_SL1.5pct_1-3",1,1
ETH/INR,15m,2026-07-25 to 2026-09-24 (60D),5742,12,4.0,12,2.0,"ST1(12,4.0)+ST2(12,2.0)",1.5%,1:3,1%,1.5,3.0,"ST1(12,4.0)+ST2(12,2.0)",10000,8997.66,-1002.34,-10.02,1258.0,12.58,157.608,-71.35,87.56,-71.35,131.34,-71.35,38.04,61.96,0.75,-10.9,92,35,57,0,2,2,1.5,1.5,0,0,0,0,67.5,1.5,5,0.5,3064.6,4066.95,4.5%,"ETH_INR_15m_ST1(12,4.0)+ST2(12,2.0)_SL1.5pct_1-3",1,1
ETH/INR,30m,2026-07-25 to 2026-09-24 (60D),2872,10,4.0,10,3.0,"ST1(10,4.0)+ST2(10,3.0)",1.5%,1:3,1%,1.5,3.0,"ST1(10,4.0)+ST2(10,3.0)",10000,8997.38,-1002.62,-10.03,1228.0,12.28,164.826,-69.5,91.57,-69.5,137.355,-69.5,35.06,64.94,0.71,-13.02,77,27,50,0,2,2,1.5,1.5,0,0,0,0,59.21,1.5,5,0.5,2472.39,3475.0,4.5%,"ETH_INR_30m_ST1(10,4.0)+ST2(10,3.0)_SL1.5pct_1-3",1,2
ETH/INR,30m,2026-07-25 to 2026-09-24 (60D),2872,10,3.0,10,4.0,"ST1(10,3.0)+ST2(10,4.0)",1.5%,1:3,1%,1.5,3.0,"ST1(10,3.0)+ST2(10,4.0)",10000,8997.38,-1002.62,-10.03,1228.0,12.28,164.826,-69.5,91.57,-69.5,137.355,-69.5,35.06,64.94,0.71,-13.02,77,27,50,0,2,2,1.5,1.5,0,0,0,0,59.21,1.5,5,0.5,2472.39,3475.0,4.5%,"ETH_INR_30m_ST1(10,3.0)+ST2(10,4.0)_SL1.5pct_1-3",1,2
ETH/INR,30m,2026-07-25 to 2026-09-24 (60D),2872,10,3.0,12,4.0,"ST1(10,3.0)+ST2(12,4.0)",1.5%,1:3,1%,1.5,3.0,"ST1(10,3.0)+ST2(12,4.0)",10000,8989.99,-1010.01,-10.1,1235.0,12.35,164.77200000000002,-69.63,91.54,-69.63,137.31,-69.63,35.06,64.94,0.71,-13.12,77,27,50,0,2,2,1.5,1.5,0,0,0,0,59.77,1.5,5,0.5,2471.5800000000004,3481.5,4.5%,"ETH_INR_30m_ST1(10,3.0)+ST2(12,4.0)_SL1.5pct_1-3",1,2
ETH/INR,30m,2026-07-25 to 2026-09-24 (60D),2872,12,4.0,10,3.0,"ST1(12,4.0)+ST2(10,3.0)",1.5%,1:3,1%,1.5,3.0,"ST1(12,4.0)+ST2(10,3.0)",10000,8989.99,-1010.01,-10.1,1235.0,12.35,164.77200000000002,-69.63,91.54,-69.63,137.31,-69.63,35.06,64.94,0.71,-13.12,77,27,50,0,2,2,1.5,1.5,0,0,0,0,59.77,1.5,5,0.5,2471.5800000000004,3481.5,4.5%,"ETH_INR_30m_ST1(12,4.0)+ST2(10,3.0)_SL1.5pct_1-3",1,2
SOL/INR,15m,2026-07-25 to 2026-09-24 (60D),5742,12,2.0,7,2.0,"ST1(12,2.0)+ST2(7,2.0)",1.5%,1:3,1%,1.5,3.0,"ST1(12,2.0)+ST2(7,2.0)",10000,8980.29,-1019.71,-10.2,1898.0,18.98,216.954,-81.78,120.53,-81.78,180.795,-81.78,35.58,64.42,0.81,-9.81,104,37,67,0,2,2,1.5,1.5,0,0,0,0,72.9,1.5,5,0.5,4459.61,5479.26,4.5%,"SOL_INR_15m_ST1(12,2.0)+ST2(7,2.0)_SL1.5pct_1-3",2,1
SOL/INR,15m,2026-07-25 to 2026-09-24 (60D),5742,7,2.0,12,2.0,"ST1(7,2.0)+ST2(12,2.0)",1.5%,1:3,1%,1.5,3.0,"ST1(7,2.0)+ST2(12,2.0)",10000,8980.29,-1019.71,-10.2,1898.0,18.98,216.954,-81.78,120.53,-81.78,180.795,-81.78,35.58,64.42,0.81,-9.81,104,37,67,0,2,2,1.5,1.5,0,0,0,0,72.9,1.5,5,0.5,4459.61,5479.26,4.5%,"SOL_INR_15m_ST1(7,2.0)+ST2(12,2.0)_SL1.5pct_1-3",2,1
SOL/INR,15m,2026-07-25 to 2026-09-24 (60D),5742,14,2.0,7,2.0,"ST1(14,2.0)+ST2(7,2.0)",1.5%,1:3,1%,1.5,3.0,"ST1(14,2.0)+ST2(7,2.0)",10000,8979.73,-1020.27,-10.2,1898.0,18.98,218.91600000000005,-80.57,121.62,-80.57,182.43,-80.57,34.95,65.05,0.81,-9.91,103,36,67,0,2,2,1.5,1.5,0,0,0,0,70.93,1.5,5,0.5,4378.32,5398.19,4.5%,"SOL_INR_15m_ST1(14,2.0)+ST2(7,2.0)_SL1.5pct_1-3",2,1
SOL/INR,15m,2026-07-25 to 2026-09-24 (60D),5742,7,2.0,14,2.0,"ST1(7,2.0)+ST2(14,2.0)",1.5%,1:3,1%,1.5,3.0,"ST1(7,2.0)+ST2(14,2.0)",10000,8979.73,-1020.27,-10.2,1898.0,18.98,218.91600000000005,-80.57,121.62,-80.57,182.43,-80.57,34.95,65.05,0.81,-9.91,103,36,67,0,2,2,1.5,1.5,0,0,0,0,70.93,1.5,5,0.5,4378.32,5398.19,4.5%,"SOL_INR_15m_ST1(7,2.0)+ST2(14,2.0)_SL1.5pct_1-3",2,1
ETH/INR,15m,2026-07-25 to 2026-09-24 (60D),5742,7,2.0,7,4.0,"ST1(7,2.0)+ST2(7,4.0)",1.5%,1:3,1%,1.5,3.0,"ST1(7,2.0)+ST2(7,4.0)",10000,8972.16,-1027.84,-10.28,1415.0,14.15,164.952,-69.06,91.64,-69.06,137.46,-69.06,36.17,63.83,0.75,-10.93,94,34,60,0,2,2,1.5,1.5,0,0,0,0,69.42,1.5,5,0.5,3115.76,4143.6,4.5%,"ETH_INR_15m_ST1(7,2.0)+ST2(7,4.0)_SL1.5pct_1-3",1,1
ETH/INR,15m,2026-07-25 to 2026-09-24 (60D),5742,7,4.0,7,2.0,"ST1(7,4.0)+ST2(7,2.0)",1.5%,1:3,1%,1.5,3.0,"ST1(7,4.0)+ST2(7,2.0)",10000,8972.16,-1027.84,-10.28,1415.0,14.15,164.952,-69.06,91.64,-69.06,137.46,-69.06,36.17,63.83,0.75,-10.93,94,34,60,0,2,2,1.5,1.5,0,0,0,0,69.42,1.5,5,0.5,3115.76,4143.6,4.5%,"ETH_INR_15m_ST1(7,4.0)+ST2(7,2.0)_SL1.5pct_1-3",1,1
BTC/INR,15m,2026-07-25 to 2026-09-24 (60D),5742,12,3.0,14,2.0,"ST1(12,3.0)+ST2(14,2.0)",1.5%,1:3,1%,1.5,3.0,"ST1(12,3.0)+ST2(14,2.0)",10000,8966.26,-1033.74,-10.34,1610.0,16.1,159.714,-65.99,88.73,-65.99,133.095,-65.99,34.88,65.12,0.72,-12.02,86,30,56,0,2,2,1.5,1.5,0,0,0,0,75.55,1.5,5,0.5,2661.9,3695.44,4.5%,"BTC_INR_15m_ST1(12,3.0)+ST2(14,2.0)_SL1.5pct_1-3",0,1
BTC/INR,15m,2026-07-25 to 2026-09-24 (60D),5742,14,2.0,12,3.0,"ST1(14,2.0)+ST2(12,3.0)",1.5%,1:3,1%,1.5,3.0,"ST1(14,2.0)+ST2(12,3.0)",10000,8966.26,-1033.74,-10.34,1610.0,16.1,159.714,-65.99,88.73,-65.99,133.095,-65.99,34.88,65.12,0.72,-12.02,86,30,56,0,2,2,1.5,1.5,0,0,0,0,75.55,1.5,5,0.5,2661.9,3695.44,4.5%,"BTC_INR_15m_ST1(14,2.0)+ST2(12,3.0)_SL1.5pct_1-3",0,1
ETH/INR,15m,2026-07-25 to 2026-09-24 (60D),5742,12,4.0,10,4.0,"ST1(12,4.0)+ST2(10,4.0)",1.5%,1:3,1%,1.5,3.0,"ST1(12,4.0)+ST2(10,4.0)",10000,8958.66,-1041.34,-10.41,1210.0,12.1,161.262,-72.88,89.59,-72.88,134.385,-72.88,38.38,61.62,0.77,-10.52,99,38,61,0,2,2,1.5,1.5,0,0,0,0,82.76,1.5,5,0.5,3404.42,4445.679999999999,4.5%,"ETH_INR_15m_ST1(12,4.0)+ST2(10,4.0)_SL1.5pct_1-3",1,1
ETH/INR,15m,2026-07-25 to 2026-09-24 (60D),5742,10,4.0,12,4.0,"ST1(10,4.0)+ST2(12,4.0)",1.5%,1:3,1%,1.5,3.0,"ST1(10,4.0)+ST2(12,4.0)",10000,8958.66,-1041.34,-10.41,1210.0,12.1,161.262,-72.88,89.59,-72.88,134.385,-72.88,38.38,61.62,0.77,-10.52,99,38,61,0,2,2,1.5,1.5,0,0,0,0,82.76,1.5,5,0.5,3404.42,4445.679999999999,4.5%,"ETH_INR_15m_ST1(10,4.0)+ST2(12,4.0)_SL1.5pct_1-3",1,1
ETH/INR,15m,2026-07-25 to 2026-09-24 (60D),5742,10,2.0,7,4.0,"ST1(10,2.0)+ST2(7,4.0)",1.5%,1:3,1%,1.5,3.0,"ST1(10,2.0)+ST2(7,4.0)",10000,8957.52,-1042.48,-10.42,1332.0,13.32,160.65,-69.1,89.25,-69.1,133.875,-69.1,36.56,63.44,0.74,-11.21,93,34,59,0,2,2,1.5,1.5,0,0,0,0,69.82,1.5,5,0.5,3034.5,4076.9,4.5%,"ETH_INR_15m_ST1(10,2.0)+ST2(7,4.0)_SL1.5pct_1-3",1,1
ETH/INR,15m,2026-07-25 to 2026-09-24 (60D),5742,7,4.0,10,2.0,"ST1(7,4.0)+ST2(10,2.0)",1.5%,1:3,1%,1.5,3.0,"ST1(7,4.0)+ST2(10,2.0)",10000,8957.52,-1042.48,-10.42,1332.0,13.32,160.65,-69.1,89.25,-69.1,133.875,-69.1,36.56,63.44,0.74,-11.21,93,34,59,0,2,2,1.5,1.5,0,0,0,0,69.82,1.5,5,0.5,3034.5,4076.9,4.5%,"ETH_INR_15m_ST1(7,4.0)+ST2(10,2.0)_SL1.5pct_1-3",1,1
ETH/INR,15m,2026-07-25 to 2026-09-24 (60D),5742,14,4.0,7,4.0,"ST1(14,4.0)+ST2(7,4.0)",1.5%,1:3,1%,1.5,3.0,"ST1(14,4.0)+ST2(7,4.0)",10000,8955.87,-1044.13,-10.44,1233.0,12.33,168.822,-72.81,93.79,-72.81,140.685,-72.81,37.37,62.63,0.77,-10.55,99,37,62,0,2,2,1.5,1.5,0,0,0,0,80.16,1.5,5,0.5,3470.23,4514.22,4.5%,"ETH_INR_15m_ST1(14,4.0)+ST2(7,4.0)_SL1.5pct_1-3",1,1
ETH/INR,15m,2026-07-25 to 2026-09-24 (60D),5742,7,4.0,14,4.0,"ST1(7,4.0)+ST2(14,4.0)",1.5%,1:3,1%,1.5,3.0,"ST1(7,4.0)+ST2(14,4.0)",10000,8955.87,-1044.13,-10.44,1233.0,12.33,168.822,-72.81,93.79,-72.81,140.685,-72.81,37.37,62.63,0.77,-10.55,99,37,62,0,2,2,1.5,1.5,0,0,0,0,80.16,1.5,5,0.5,3470.23,4514.22,4.5%,"ETH_INR_15m_ST1(7,4.0)+ST2(14,4.0)_SL1.5pct_1-3",1,1
ETH/INR,30m,2026-07-25 to 2026-09-24 (60D),2872,14,3.5,7,3.0,"ST1(14,3.5)+ST2(7,3.0)",1.5%,1:3,1%,1.5,3.0,"ST1(14,3.5)+ST2(7,3.0)",10000,8955.65,-1044.35,-10.44,1601.0,16.01,172.764,-70.41,95.98,-70.41,143.97,-70.41,34.57,65.43,0.72,-12.89,81,28,53,0,2,2,1.5,1.5,0,0,0,0,64.37,1.5,5,0.5,2687.44,3731.73,4.5%,"ETH_INR_30m_ST1(14,3.5)+ST2(7,3.0)_SL1.5pct_1-3",1,2
ETH/INR,30m,2026-07-25 to 2026-09-24 (60D),2872,7,3.0,14,3.5,"ST1(7,3.0)+ST2(14,3.5)",1.5%,1:3,1%,1.5,3.0,"ST1(7,3.0)+ST2(14,3.5)",10000,8955.65,-1044.35,-10.44,1601.0,16.01,172.764,-70.41,95.98,-70.41,143.97,-70.41,34.57,65.43,0.72,-12.89,81,28,53,0,2,2,1.5,1.5,0,0,0,0,64.37,1.5,5,0.5,2687.44,3731.73,4.5%,"ETH_INR_30m_ST1(7,3.0)+ST2(14,3.5)_SL1.5pct_1-3",1,2
ETH/INR,30m,2026-07-25 to 2026-09-24 (60D),2872,10,3.0,7,3.0,"ST1(10,3.0)+ST2(7,3.0)",1.5%,1:3,1%,1.5,3.0,"ST1(10,3.0)+ST2(7,3.0)",10000,8945.93,-1054.07,-10.54,1474.0,14.74,179.334,-68.64,99.63,-68.64,149.445,-68.64,33.33,66.67,0.73,-12.55,84,28,56,0,2,2,1.5,1.5,0,0,0,0,66.53,1.5,5,0.5,2789.64,3843.84,4.5%,"ETH_INR_30m_ST1(10,3.0)+ST2(7,3.0)_SL1.5pct_1-3",1,2
ETH/INR,30m,2026-07-25 to 2026-09-24 (60D),2872,7,3.0,10,3.0,"ST1(7,3.0)+ST2(10,3.0)",1.5%,1:3,1%,1.5,3.0,"ST1(7,3.0)+ST2(10,3.0)",10000,8945.93,-1054.07,-10.54,1474.0,14.74,179.334,-68.64,99.63,-68.64,149.445,-68.64,33.33,66.67,0.73,-12.55,84,28,56,0,2,2,1.5,1.5,0,0,0,0,66.53,1.5,5,0.5,2789.64,3843.84,4.5%,"ETH_INR_30m_ST1(7,3.0)+ST2(10,3.0)_SL1.5pct_1-3",1,2
ETH/INR,30m,2026-07-25 to 2026-09-24 (60D),2872,7,3.0,7,2.0,"ST1(7,3.0)+ST2(7,2.0)",1.5%,1:3,1%,1.5,3.0,"ST1(7,3.0)+ST2(7,2.0)",10000,8943.7,-1056.3,-10.56,1612.0,16.12,184.752,-70.28,102.64,-70.28,153.96,-70.28,32.91,67.09,0.72,-13.37,79,26,53,0,2,2,1.5,1.5,0,0,0,0,63.53,1.5,5,0.5,2668.64,3724.84,4.5%,"ETH_INR_30m_ST1(7,3.0)+ST2(7,2.0)_SL1.5pct_1-3",1,2
ETH/INR,30m,2026-07-25 to 2026-09-24 (60D),2872,7,2.0,7,3.0,"ST1(7,2.0)+ST2(7,3.0)",1.5%,1:3,1%,1.5,3.0,"ST1(7,2.0)+ST2(7,3.0)",10000,8943.7,-1056.3,-10.56,1612.0,16.12,184.752,-70.28,102.64,-70.28,153.96,-70.28,32.91,67.09,0.72,-13.37,79,26,53,0,2,2,1.5,1.5,0,0,0,0,63.53,1.5,5,0.5,2668.64,3724.84,4.5%,"ETH_INR_30m_ST1(7,2.0)+ST2(7,3.0)_SL1.5pct_1-3",1,2
ETH/INR,15m,2026-07-25 to 2026-09-24 (60D),5742,12,2.0,10,4.0,"ST1(12,2.0)+ST2(10,4.0)",1.5%,1:3,1%,1.5,3.0,"ST1(12,2.0)+ST2(10,4.0)",10000,8943.33,-1056.67,-10.57,1251.0,12.51,161.694,-70.88,89.83,-70.88,134.745,-70.88,36.96,63.04,0.74,-11.49,92,34,58,0,2,2,1.5,1.5,0,0,0,0,67.21,1.5,5,0.5,3054.22,4111.04,4.5%,"ETH_INR_15m_ST1(12,2.0)+ST2(10,4.0)_SL1.5pct_1-3",1,1
ETH/INR,15m,2026-07-25 to 2026-09-24 (60D),5742,10,4.0,12,2.0,"ST1(10,4.0)+ST2(12,2.0)",1.5%,1:3,1%,1.5,3.0,"ST1(10,4.0)+ST2(12,2.0)",10000,8943.33,-1056.67,-10.57,1251.0,12.51,161.694,-70.88,89.83,-70.88,134.745,-70.88,36.96,63.04,0.74,-11.49,92,34,58,0,2,2,1.5,1.5,0,0,0,0,67.21,1.5,5,0.5,3054.22,4111.04,4.5%,"ETH_INR_15m_ST1(10,4.0)+ST2(12,2.0)_SL1.5pct_1-3",1,1
ETH/INR,15m,2026-07-25 to 2026-09-24 (60D),5742,7,3.0,10,3.5,"ST1(7,3.0)+ST2(10,3.5)",1.5%,1:3,1%,1.5,3.0,"ST1(7,3.0)+ST2(10,3.5)",10000,8942.13,-1057.87,-10.58,1275.0,12.75,178.30800000000002,-72.25,99.06,-72.25,148.59,-72.25,36.0,64.0,0.77,-10.58,100,36,64,0,2,2,1.5,1.5,0,0,0,0,78.39,1.5,5,0.5,3566.16,4624.0,4.5%,"ETH_INR_15m_ST1(7,3.0)+ST2(10,3.5)_SL1.5pct_1-3",1,1
ETH/INR,15m,2026-07-25 to 2026-09-24 (60D),5742,10,3.5,7,3.0,"ST1(10,3.5)+ST2(7,3.0)",1.5%,1:3,1%,1.5,3.0,"ST1(10,3.5)+ST2(7,3.0)",10000,8942.13,-1057.87,-10.58,1275.0,12.75,178.30800000000002,-72.25,99.06,-72.25,148.59,-72.25,36.0,64.0,0.77,-10.58,100,36,64,0,2,2,1.5,1.5,0,0,0,0,78.39,1.5,5,0.5,3566.16,4624.0,4.5%,"ETH_INR_15m_ST1(10,3.5)+ST2(7,3.0)_SL1.5pct_1-3",1,1
ETH/INR,15m,2026-07-25 to 2026-09-24 (60D),5742,12,4.0,7,3.5,"ST1(12,4.0)+ST2(7,3.5)",1.5%,1:3,1%,1.5,3.0,"ST1(12,4.0)+ST2(7,3.5)",10000,8938.26,-1061.74,-10.62,1217.0,12.17,173.538,-73.48,96.41,-73.48,144.615,-73.48,37.0,63.0,0.77,-10.62,100,37,63,0,2,2,1.5,1.5,0,0,0,0,78.16,1.5,5,0.5,3567.17,4629.240000000001,4.5%,"ETH_INR_15m_ST1(12,4.0)+ST2(7,3.5)_SL1.5pct_1-3",1,1
ETH/INR,15m,2026-07-25 to 2026-09-24 (60D),5742,7,3.5,12,4.0,"ST1(7,3.5)+ST2(12,4.0)",1.5%,1:3,1%,1.5,3.0,"ST1(7,3.5)+ST2(12,4.0)",10000,8938.26,-1061.74,-10.62,1217.0,12.17,173.538,-73.48,96.41,-73.48,144.615,-73.48,37.0,63.0,0.77,-10.62,100,37,63,0,2,2,1.5,1.5,0,0,0,0,78.16,1.5,5,0.5,3567.17,4629.240000000001,4.5%,"ETH_INR_15m_ST1(7,3.5)+ST2(12,4.0)_SL1.5pct_1-3",1,1
ETH/INR,15m,2026-07-25 to 2026-09-24 (60D),5742,14,2.0,12,3.0,"ST1(14,2.0)+ST2(12,3.0)",1.5%,1:3,1%,1.5,3.0,"ST1(14,2.0)+ST2(12,3.0)",10000,8936.95,-1063.05,-10.63,1294.0,12.94,178.21800000000002,-68.74,99.01,-68.74,148.515,-68.74,34.38,65.62,0.75,-11.07,96,33,63,0,2,2,1.5,1.5,0,0,0,0,71.13,1.5,5,0.5,3267.3300000000004,4330.62,4.5%,"ETH_INR_15m_ST1(14,2.0)+ST2(12,3.0)_SL1.5pct_1-3",1,1
ETH/INR,15m,2026-07-25 to 2026-09-24 (60D),5742,12,3.0,14,2.0,"ST1(12,3.0)+ST2(14,2.0)",1.5%,1:3,1%,1.5,3.0,"ST1(12,3.0)+ST2(14,2.0)",10000,8936.95,-1063.05,-10.63,1294.0,12.94,178.21800000000002,-68.74,99.01,-68.74,148.515,-68.74,34.38,65.62,0.75,-11.07,96,33,63,0,2,2,1.5,1.5,0,0,0,0,71.13,1.5,5,0.5,3267.3300000000004,4330.62,4.5%,"ETH_INR_15m_ST1(12,3.0)+ST2(14,2.0)_SL1.5pct_1-3",1,1
ETH/INR,15m,2026-07-25 to 2026-09-24 (60D),5742,14,3.5,7,3.0,"ST1(14,3.5)+ST2(7,3.0)",1.5%,1:3,1%,1.5,3.0,"ST1(14,3.5)+ST2(7,3.0)",10000,8936.9,-1063.1,-10.63,1280.0,12.8,172.72799999999998,-74.41,95.96,-74.41,143.94,-74.41,37.37,62.63,0.77,-10.74,99,37,62,0,2,2,1.5,1.5,0,0,0,0,77.31,1.5,5,0.5,3550.52,4613.42,4.5%,"ETH_INR_15m_ST1(14,3.5)+ST2(7,3.0)_SL1.5pct_1-3",1,1
ETH/INR,15m,2026-07-25 to 2026-09-24 (60D),5742,7,3.0,14,3.5,"ST1(7,3.0)+ST2(14,3.5)",1.5%,1:3,1%,1.5,3.0,"ST1(7,3.0)+ST2(14,3.5)",10000,8936.9,-1063.1,-10.63,1280.0,12.8,172.72799999999998,-74.41,95.96,-74.41,143.94,-74.41,37.37,62.63,0.77,-10.74,99,37,62,0,2,2,1.5,1.5,0,0,0,0,77.31,1.5,5,0.5,3550.52,4613.42,4.5%,"ETH_INR_15m_ST1(7,3.0)+ST2(14,3.5)_SL1.5pct_1-3",1,1
ETH/INR,15m,2026-07-25 to 2026-09-24 (60D),5742,12,3.0,7,4.0,"ST1(12,3.0)+ST2(7,4.0)",1.5%,1:3,1%,1.5,3.0,"ST1(12,3.0)+ST2(7,4.0)",10000,8934.64,-1065.36,-10.65,1221.0,12.21,167.382,-73.55,92.99,-73.55,139.485,-73.55,37.5,62.5,0.76,-11.1,96,36,60,0,2,2,1.5,1.5,0,0,0,0,75.95,1.5,5,0.5,3347.64,4413.0,4.5%,"ETH_INR_15m_ST1(12,3.0)+ST2(7,4.0)_SL1.5pct_1-3",1,1
ETH/INR,15m,2026-07-25 to 2026-09-24 (60D),5742,7,4.0,12,3.0,"ST1(7,4.0)+ST2(12,3.0)",1.5%,1:3,1%,1.5,3.0,"ST1(7,4.0)+ST2(12,3.0)",10000,8934.64,-1065.36,-10.65,1221.0,12.21,167.382,-73.55,92.99,-73.55,139.485,-73.55,37.5,62.5,0.76,-11.1,96,36,60,0,2,2,1.5,1.5,0,0,0,0,75.95,1.5,5,0.5,3347.64,4413.0,4.5%,"ETH_INR_15m_ST1(7,4.0)+ST2(12,3.0)_SL1.5pct_1-3",1,1
ETH/INR,15m,2026-07-25 to 2026-09-24 (60D),5742,14,4.0,12,4.0,"ST1(14,4.0)+ST2(12,4.0)",1.5%,1:3,1%,1.5,3.0,"ST1(14,4.0)+ST2(12,4.0)",10000,8934.25,-1065.75,-10.66,1223.0,12.23,165.384,-72.02,91.88,-72.02,137.82,-72.02,37.37,62.63,0.76,-10.77,99,37,62,0,2,2,1.5,1.5,0,0,0,0,81.77,1.5,5,0.5,3399.56,4465.24,4.5%,"ETH_INR_15m_ST1(14,4.0)+ST2(12,4.0)_SL1.5pct_1-3",1,1
ETH/INR,15m,2026-07-25 to 2026-09-24 (60D),5742,12,4.0,14,4.0,"ST1(12,4.0)+ST2(14,4.0)",1.5%,1:3,1%,1.5,3.0,"ST1(12,4.0)+ST2(14,4.0)",10000,8934.25,-1065.75,-10.66,1223.0,12.23,165.384,-72.02,91.88,-72.02,137.82,-72.02,37.37,62.63,0.76,-10.77,99,37,62,0,2,2,1.5,1.5,0,0,0,0,81.77,1.5,5,0.5,3399.56,4465.24,4.5%,"ETH_INR_15m_ST1(12,4.0)+ST2(14,4.0)_SL1.5pct_1-3",1,1
ETH/INR,15m,2026-07-25 to 2026-09-24 (60D),5742,7,3.0,14,3.0,"ST1(7,3.0)+ST2(14,3.0)",1.5%,1:3,1%,1.5,3.0,"ST1(7,3.0)+ST2(14,3.0)",10000,8930.16,-1069.84,-10.7,1225.0,12.25,162.792,-73.32,90.44,-73.32,135.66,-73.32,37.89,62.11,0.75,-11.26,95,36,59,0,2,2,1.5,1.5,0,0,0,0,77.78,1.5,5,0.5,3255.84,4325.879999999999,4.5%,"ETH_INR_15m_ST1(7,3.0)+ST2(14,3.0)_SL1.5pct_1-3",1,1
ETH/INR,15m,2026-07-25 to 2026-09-24 (60D),5742,14,3.0,7,3.0,"ST1(14,3.0)+ST2(7,3.0)",1.5%,1:3,1%,1.5,3.0,"ST1(14,3.0)+ST2(7,3.0)",10000,8930.16,-1069.84,-10.7,1225.0,12.25,162.792,-73.32,90.44,-73.32,135.66,-73.32,37.89,62.11,0.75,-11.26,95,36,59,0,2,2,1.5,1.5,0,0,0,0,77.78,1.5,5,0.5,3255.84,4325.879999999999,4.5%,"ETH_INR_15m_ST1(14,3.0)+ST2(7,3.0)_SL1.5pct_1-3",1,1
ETH/INR,30m,2026-07-25 to 2026-09-24 (60D),2872,7,2.0,12,4.0,"ST1(7,2.0)+ST2(12,4.0)",1.5%,1:3,1%,1.5,3.0,"ST1(7,2.0)+ST2(12,4.0)",10000,8929.0,-1071.0,-10.71,1359.0,13.59,166.752,-69.6,92.64,-69.6,138.96,-69.6,34.21,65.78999999999999,0.69,-14.09,76,26,50,0,2,2,1.5,1.5,0,0,0,0,57.58,1.5,5,0.5,2408.64,3479.9999999999995,4.5%,"ETH_INR_30m_ST1(7,2.0)+ST2(12,4.0)_SL1.5pct_1-3",1,2
ETH/INR,30m,2026-07-25 to 2026-09-24 (60D),2872,12,4.0,7,2.0,"ST1(12,4.0)+ST2(7,2.0)",1.5%,1:3,1%,1.5,3.0,"ST1(12,4.0)+ST2(7,2.0)",10000,8929.0,-1071.0,-10.71,1359.0,13.59,166.752,-69.6,92.64,-69.6,138.96,-69.6,34.21,65.78999999999999,0.69,-14.09,76,26,50,0,2,2,1.5,1.5,0,0,0,0,57.58,1.5,5,0.5,2408.64,3479.9999999999995,4.5%,"ETH_INR_30m_ST1(12,4.0)+ST2(7,2.0)_SL1.5pct_1-3",1,2
ETH/INR,15m,2026-07-25 to 2026-09-24 (60D),5742,7,3.0,14,2.0,"ST1(7,3.0)+ST2(14,2.0)",1.5%,1:3,1%,1.5,3.0,"ST1(7,3.0)+ST2(14,2.0)",10000,8925.96,-1074.04,-10.74,1304.0,13.04,170.64,-68.89,94.8,-68.89,142.2,-68.89,35.11,64.89,0.74,-11.43,94,33,61,0,2,2,1.5,1.5,0,0,0,0,71.63,1.5,5,0.5,3128.4,4202.29,4.5%,"ETH_INR_15m_ST1(7,3.0)+ST2(14,2.0)_SL1.5pct_1-3",1,1
ETH/INR,15m,2026-07-25 to 2026-09-24 (60D),5742,14,2.0,7,3.0,"ST1(14,2.0)+ST2(7,3.0)",1.5%,1:3,1%,1.5,3.0,"ST1(14,2.0)+ST2(7,3.0)",10000,8925.96,-1074.04,-10.74,1304.0,13.04,170.64,-68.89,94.8,-68.89,142.2,-68.89,35.11,64.89,0.74,-11.43,94,33,61,0,2,2,1.5,1.5,0,0,0,0,71.63,1.5,5,0.5,3128.4,4202.29,4.5%,"ETH_INR_15m_ST1(14,2.0)+ST2(7,3.0)_SL1.5pct_1-3",1,1
ETH/INR,15m,2026-07-25 to 2026-09-24 (60D),5742,7,3.5,7,4.0,"ST1(7,3.5)+ST2(7,4.0)",1.5%,1:3,1%,1.5,3.0,"ST1(7,3.5)+ST2(7,4.0)",10000,8922.53,-1077.47,-10.77,1246.0,12.46,173.934,-73.85,96.63,-73.85,144.945,-73.85,37.0,63.0,0.77,-10.77,100,37,63,0,2,2,1.5,1.5,0,0,0,0,78.32,1.5,5,0.5,3575.31,4652.549999999999,4.5%,"ETH_INR_15m_ST1(7,3.5)+ST2(7,4.0)_SL1.5pct_1-3",1,1
ETH/INR,15m,2026-07-25 to 2026-09-24 (60D),5742,7,4.0,7,3.5,"ST1(7,4.0)+ST2(7,3.5)",1.5%,1:3,1%,1.5,3.0,"ST1(7,4.0)+ST2(7,3.5)",10000,8922.53,-1077.47,-10.77,1246.0,12.46,173.934,-73.85,96.63,-73.85,144.945,-73.85,37.0,63.0,0.77,-10.77,100,37,63,0,2,2,1.5,1.5,0,0,0,0,78.32,1.5,5,0.5,3575.31,4652.549999999999,4.5%,"ETH_INR_15m_ST1(7,4.0)+ST2(7,3.5)_SL1.5pct_1-3",1,1
ETH/INR,15m,2026-07-25 to 2026-09-24 (60D),5742,7,2.0,10,4.0,"ST1(7,2.0)+ST2(10,4.0)",1.5%,1:3,1%,1.5,3.0,"ST1(7,2.0)+ST2(10,4.0)",10000,8922.39,-1077.61,-10.78,1508.0,15.08,163.656,-68.34,90.92,-68.34,136.38,-68.34,35.79,64.21000000000001,0.74,-11.34,95,34,61,0,2,2,1.5,1.5,0,0,0,0,67.68,1.5,5,0.5,3091.28,4168.74,4.5%,"ETH_INR_15m_ST1(7,2.0)+ST2(10,4.0)_SL1.5pct_1-3",1,1
ETH/INR,15m,2026-07-25 to 2026-09-24 (60D),5742,10,4.0,7,2.0,"ST1(10,4.0)+ST2(7,2.0)",1.5%,1:3,1%,1.5,3.0,"ST1(10,4.0)+ST2(7,2.0)",10000,8922.39,-1077.61,-10.78,1508.0,15.08,163.656,-68.34,90.92,-68.34,136.38,-68.34,35.79,64.21000000000001,0.74,-11.34,95,34,61,0,2,2,1.5,1.5,0,0,0,0,67.68,1.5,5,0.5,3091.28,4168.74,4.5%,"ETH_INR_15m_ST1(10,4.0)+ST2(7,2.0)_SL1.5pct_1-3",1,1
ETH/INR,30m,2026-07-25 to 2026-09-24 (60D),2872,14,3.0,7,4.0,"ST1(14,3.0)+ST2(7,4.0)",1.5%,1:3,1%,1.5,3.0,"ST1(14,3.0)+ST2(7,4.0)",10000,8916.6,-1083.4,-10.83,1381.0,13.81,174.042,-70.01,96.69,-70.01,145.035,-70.01,33.33,66.67,0.69,-14.45,75,25,50,0,2,2,1.5,1.5,0,0,0,0,56.25,1.5,5,0.5,2417.25,3500.5000000000005,4.5%,"ETH_INR_30m_ST1(14,3.0)+ST2(7,4.0)_SL1.5pct_1-3",1,2
ETH/INR,30m,2026-07-25 to 2026-09-24 (60D),2872,7,4.0,14,3.0,"ST1(7,4.0)+ST2(14,3.0)",1.5%,1:3,1%,1.5,3.0,"ST1(7,4.0)+ST2(14,3.0)",10000,8916.6,-1083.4,-10.83,1381.0,13.81,174.042,-70.01,96.69,-70.01,145.035,-70.01,33.33,66.67,0.69,-14.45,75,25,50,0,2,2,1.5,1.5,0,0,0,0,56.25,1.5,5,0.5,2417.25,3500.5000000000005,4.5%,"ETH_INR_30m_ST1(7,4.0)+ST2(14,3.0)_SL1.5pct_1-3",1,2
ETH/INR,15m,2026-07-25 to 2026-09-24 (60D),5742,7,4.0,14,3.5,"ST1(7,4.0)+ST2(14,3.5)",1.5%,1:3,1%,1.5,3.0,"ST1(7,4.0)+ST2(14,3.5)",10000,8916.52,-1083.48,-10.83,1260.0,12.6,167.472,-74.2,93.04,-74.2,139.56,-74.2,37.76,62.24,0.76,-11.06,98,37,61,0,2,2,1.5,1.5,0,0,0,0,78.06,1.5,5,0.5,3442.48,4526.2,4.5%,"ETH_INR_15m_ST1(7,4.0)+ST2(14,3.5)_SL1.5pct_1-3",1,1
ETH/INR,15m,2026-07-25 to 2026-09-24 (60D),5742,14,3.5,7,4.0,"ST1(14,3.5)+ST2(7,4.0)",1.5%,1:3,1%,1.5,3.0,"ST1(14,3.5)+ST2(7,4.0)",10000,8916.52,-1083.48,-10.83,1260.0,12.6,167.472,-74.2,93.04,-74.2,139.56,-74.2,37.76,62.24,0.76,-11.06,98,37,61,0,2,2,1.5,1.5,0,0,0,0,78.06,1.5,5,0.5,3442.48,4526.2,4.5%,"ETH_INR_15m_ST1(14,3.5)+ST2(7,4.0)_SL1.5pct_1-3",1,1
ETH/INR,30m,2026-07-25 to 2026-09-24 (60D),2872,12,4.0,14,2.0,"ST1(12,4.0)+ST2(14,2.0)",1.5%,1:3,1%,1.5,3.0,"ST1(12,4.0)+ST2(14,2.0)",10000,8910.34,-1089.66,-10.9,1477.0,14.77,173.286,-67.43,96.27,-67.43,144.405,-67.43,31.94,68.06,0.67,-15.13,72,23,49,0,2,2,1.5,1.5,0,0,0,0,54.58,1.5,5,0.5,2214.21,3304.07,4.5%,"ETH_INR_30m_ST1(12,4.0)+ST2(14,2.0)_SL1.5pct_1-3",1,2
ETH/INR,30m,2026-07-25 to 2026-09-24 (60D),2872,14,2.0,12,4.0,"ST1(14,2.0)+ST2(12,4.0)",1.5%,1:3,1%,1.5,3.0,"ST1(14,2.0)+ST2(12,4.0)",10000,8910.34,-1089.66,-10.9,1477.0,14.77,173.286,-67.43,96.27,-67.43,144.405,-67.43,31.94,68.06,0.67,-15.13,72,23,49,0,2,2,1.5,1.5,0,0,0,0,54.58,1.5,5,0.5,2214.21,3304.07,4.5%,"ETH_INR_30m_ST1(14,2.0)+ST2(12,4.0)_SL1.5pct_1-3",1,2
ETH/INR,15m,2026-07-25 to 2026-09-24 (60D),5742,14,4.0,7,3.0,"ST1(14,4.0)+ST2(7,3.0)",1.5%,1:3,1%,1.5,3.0,"ST1(14,4.0)+ST2(7,3.0)",10000,8909.84,-1090.16,-10.9,1245.0,12.45,170.964,-74.26,94.98,-74.26,142.47,-74.26,37.37,62.63,0.76,-11.01,99,37,62,0,2,2,1.5,1.5,0,0,0,0,77.43,1.5,5,0.5,3514.26,4604.12,4.5%,"ETH_INR_15m_ST1(14,4.0)+ST2(7,3.0)_SL1.5pct_1-3",1,1
ETH/INR,15m,2026-07-25 to 2026-09-24 (60D),5742,7,3.0,14,4.0,"ST1(7,3.0)+ST2(14,4.0)",1.5%,1:3,1%,1.5,3.0,"ST1(7,3.0)+ST2(14,4.0)",10000,8909.84,-1090.16,-10.9,1245.0,12.45,170.964,-74.26,94.98,-74.26,142.47,-74.26,37.37,62.63,0.76,-11.01,99,37,62,0,2,2,1.5,1.5,0,0,0,0,77.43,1.5,5,0.5,3514.26,4604.12,4.5%,"ETH_INR_15m_ST1(7,3.0)+ST2(14,4.0)_SL1.5pct_1-3",1,1
BTC/INR,15m,2026-07-25 to 2026-09-24 (60D),5742,12,2.0,14,3.0,"ST1(12,2.0)+ST2(14,3.0)",1.5%,1:3,1%,1.5,3.0,"ST1(12,2.0)+ST2(14,3.0)",10000,8906.96,-1093.04,-10.93,1666.0,16.66,158.886,-65.64,88.27,-65.64,132.405,-65.64,34.48,65.52000000000001,0.71,-12.56,87,30,57,0,2,2,1.5,1.5,0,0,0,0,76.37,1.5,5,0.5,2648.1,3741.48,4.5%,"BTC_INR_15m_ST1(12,2.0)+ST2(14,3.0)_SL1.5pct_1-3",0,1
BTC/INR,15m,2026-07-25 to 2026-09-24 (60D),5742,14,3.0,12,2.0,"ST1(14,3.0)+ST2(12,2.0)",1.5%,1:3,1%,1.5,3.0,"ST1(14,3.0)+ST2(12,2.0)",10000,8906.96,-1093.04,-10.93,1666.0,16.66,158.886,-65.64,88.27,-65.64,132.405,-65.64,34.48,65.52000000000001,0.71,-12.56,87,30,57,0,2,2,1.5,1.5,0,0,0,0,76.37,1.5,5,0.5,2648.1,3741.48,4.5%,"BTC_INR_15m_ST1(14,3.0)+ST2(12,2.0)_SL1.5pct_1-3",0,1
ETH/INR,15m,2026-07-25 to 2026-09-24 (60D),5742,10,4.0,7,3.0,"ST1(10,4.0)+ST2(7,3.0)",1.5%,1:3,1%,1.5,3.0,"ST1(10,4.0)+ST2(7,3.0)",10000,8901.62,-1098.38,-10.98,1253.0,12.53,175.644,-73.2,97.58,-73.2,146.37,-73.2,36.36,63.64,0.76,-11.1,99,36,63,0,2,2,1.5,1.5,0,0,0,0,76.18,1.5,5,0.5,3512.88,4611.6,4.5%,"ETH_INR_15m_ST1(10,4.0)+ST2(7,3.0)_SL1.5pct_1-3",1,1
ETH/INR,15m,2026-07-25 to 2026-09-24 (60D),5742,7,3.0,10,4.0,"ST1(7,3.0)+ST2(10,4.0)",1.5%,1:3,1%,1.5,3.0,"ST1(7,3.0)+ST2(10,4.0)",10000,8901.62,-1098.38,-10.98,1253.0,12.53,175.644,-73.2,97.58,-73.2,146.37,-73.2,36.36,63.64,0.76,-11.1,99,36,63,0,2,2,1.5,1.5,0,0,0,0,76.18,1.5,5,0.5,3512.88,4611.6,4.5%,"ETH_INR_15m_ST1(7,3.0)+ST2(10,4.0)_SL1.5pct_1-3",1,1
ETH/INR,15m,2026-07-25 to 2026-09-24 (60D),5742,7,2.0,14,4.0,"ST1(7,2.0)+ST2(14,4.0)",1.5%,1:3,1%,1.5,3.0,"ST1(7,2.0)+ST2(14,4.0)",10000,8901.19,-1098.81,-10.99,1478.0,14.78,158.4,-69.65,88.0,-69.65,132.0,-69.65,36.84,63.16,0.74,-11.57,95,35,60,0,2,2,1.5,1.5,0,0,0,0,69.45,1.5,5,0.5,3080.0,4179.0,4.5%,"ETH_INR_15m_ST1(7,2.0)+ST2(14,4.0)_SL1.5pct_1-3",1,1
ETH/INR,15m,2026-07-25 to 2026-09-24 (60D),5742,14,4.0,7,2.0,"ST1(14,4.0)+ST2(7,2.0)",1.5%,1:3,1%,1.5,3.0,"ST1(14,4.0)+ST2(7,2.0)",10000,8901.19,-1098.81,-10.99,1478.0,14.78,158.4,-69.65,88.0,-69.65,132.0,-69.65,36.84,63.16,0.74,-11.57,95,35,60,0,2,2,1.5,1.5,0,0,0,0,69.45,1.5,5,0.5,3080.0,4179.0,4.5%,"ETH_INR_15m_ST1(14,4.0)+ST2(7,2.0)_SL1.5pct_1-3",1,1
ETH/INR,15m,2026-07-25 to 2026-09-24 (60D),5742,12,3.5,7,3.0,"ST1(12,3.5)+ST2(7,3.0)",1.5%,1:3,1%,1.5,3.0,"ST1(12,3.5)+ST2(7,3.0)",10000,8897.55,-1102.45,-11.02,1318.0,13.18,177.822,-72.8,98.79,-72.8,148.185,-72.8,36.0,64.0,0.76,-11.02,100,36,64,0,2,2,1.5,1.5,0,0,0,0,77.8,1.5,5,0.5,3556.44,4659.2,4.5%,"ETH_INR_15m_ST1(12,3.5)+ST2(7,3.0)_SL1.5pct_1-3",1,1
ETH/INR,15m,2026-07-25 to 2026-09-24 (60D),5742,7,3.0,12,3.5,"ST1(7,3.0)+ST2(12,3.5)",1.5%,1:3,1%,1.5,3.0,"ST1(7,3.0)+ST2(12,3.5)",10000,8897.55,-1102.45,-11.02,1318.0,13.18,177.822,-72.8,98.79,-72.8,148.185,-72.8,36.0,64.0,0.76,-11.02,100,36,64,0,2,2,1.5,1.5,0,0,0,0,77.8,1.5,5,0.5,3556.44,4659.2,4.5%,"ETH_INR_15m_ST1(7,3.0)+ST2(12,3.5)_SL1.5pct_1-3",1,1
ETH/INR,15m,2026-07-25 to 2026-09-24 (60D),5742,10,2.0,14,4.0,"ST1(10,2.0)+ST2(14,4.0)",1.5%,1:3,1%,1.5,3.0,"ST1(10,2.0)+ST2(14,4.0)",10000,8894.93,-1105.07,-11.05,1388.0,13.88,154.35,-69.6,85.75,-69.6,128.625,-69.6,37.23,62.77,0.73,-11.76,94,35,59,0,2,2,1.5,1.5,0,0,0,0,69.71,1.5,5,0.5,3001.25,4106.4,4.5%,"ETH_INR_15m_ST1(10,2.0)+ST2(14,4.0)_SL1.5pct_1-3",1,1
ETH/INR,15m,2026-07-25 to 2026-09-24 (60D),5742,14,4.0,10,2.0,"ST1(14,4.0)+ST2(10,2.0)",1.5%,1:3,1%,1.5,3.0,"ST1(14,4.0)+ST2(10,2.0)",10000,8894.93,-1105.07,-11.05,1388.0,13.88,154.35,-69.6,85.75,-69.6,128.625,-69.6,37.23,62.77,0.73,-11.76,94,35,59,0,2,2,1.5,1.5,0,0,0,0,69.71,1.5,5,0.5,3001.25,4106.4,4.5%,"ETH_INR_15m_ST1(14,4.0)+ST2(10,2.0)_SL1.5pct_1-3",1,1
ETH/INR,15m,2026-07-25 to 2026-09-24 (60D),5742,7,4.0,14,3.0,"ST1(7,4.0)+ST2(14,3.0)",1.5%,1:3,1%,1.5,3.0,"ST1(7,4.0)+ST2(14,3.0)",10000,8892.34,-1107.66,-11.08,1262.0,12.62,156.582,-72.85,86.99,-72.85,130.485,-72.85,38.04,61.96,0.73,-12.04,92,35,57,0,2,2,1.5,1.5,0,0,0,0,76.12,1.5,5,0.5,3044.65,4152.45,4.5%,"ETH_INR_15m_ST1(7,4.0)+ST2(14,3.0)_SL1.5pct_1-3",1,1
ETH/INR,15m,2026-07-25 to 2026-09-24 (60D),5742,14,3.0,7,4.0,"ST1(14,3.0)+ST2(7,4.0)",1.5%,1:3,1%,1.5,3.0,"ST1(14,3.0)+ST2(7,4.0)",10000,8892.34,-1107.66,-11.08,1262.0,12.62,156.582,-72.85,86.99,-72.85,130.485,-72.85,38.04,61.96,0.73,-12.04,92,35,57,0,2,2,1.5,1.5,0,0,0,0,76.12,1.5,5,0.5,3044.65,4152.45,4.5%,"ETH_INR_15m_ST1(14,3.0)+ST2(7,4.0)_SL1.5pct_1-3",1,1
ETH/INR,15m,2026-07-25 to 2026-09-24 (60D),5742,10,2.0,10,4.0,"ST1(10,2.0)+ST2(10,4.0)",1.5%,1:3,1%,1.5,3.0,"ST1(10,2.0)+ST2(10,4.0)",10000,8889.18,-1110.82,-11.11,1444.0,14.44,159.084,-68.59,88.38,-68.59,132.57,-68.59,36.17,63.83,0.73,-11.82,94,34,60,0,2,2,1.5,1.5,0,0,0,0,68.39,1.5,5,0.5,3004.92,4115.400000000001,4.5%,"ETH_INR_15m_ST1(10,2.0)+ST2(10,4.0)_SL1.5pct_1-3",1,1
ETH/INR,15m,2026-07-25 to 2026-09-24 (60D),5742,10,4.0,10,2.0,"ST1(10,4.0)+ST2(10,2.0)",1.5%,1:3,1%,1.5,3.0,"ST1(10,4.0)+ST2(10,2.0)",10000,8889.18,-1110.82,-11.11,1444.0,14.44,159.084,-68.59,88.38,-68.59,132.57,-68.59,36.17,63.83,0.73,-11.82,94,34,60,0,2,2,1.5,1.5,0,0,0,0,68.39,1.5,5,0.5,3004.92,4115.400000000001,4.5%,"ETH_INR_15m_ST1(10,4.0)+ST2(10,2.0)_SL1.5pct_1-3",1,1
ETH/INR,15m,2026-07-25 to 2026-09-24 (60D),5742,12,3.5,10,4.0,"ST1(12,3.5)+ST2(10,4.0)",1.5%,1:3,1%,1.5,3.0,"ST1(12,3.5)+ST2(10,4.0)",10000,8885.78,-1114.22,-11.14,1295.0,12.95,165.708,-72.91,92.06,-72.91,138.09,-72.91,37.37,62.63,0.75,-11.26,99,37,62,0,2,2,1.5,1.5,0,0,0,0,79.55,1.5,5,0.5,3406.2200000000003,4520.42,4.5%,"ETH_INR_15m_ST1(12,3.5)+ST2(10,4.0)_SL1.5pct_1-3",1,1
ETH/INR,15m,2026-07-25 to 2026-09-24 (60D),5742,10,4.0,12,3.5,"ST1(10,4.0)+ST2(12,3.5)",1.5%,1:3,1%,1.5,3.0,"ST1(10,4.0)+ST2(12,3.5)",10000,8885.78,-1114.22,-11.14,1295.0,12.95,165.708,-72.91,92.06,-72.91,138.09,-72.91,37.37,62.63,0.75,-11.26,99,37,62,0,2,2,1.5,1.5,0,0,0,0,79.55,1.5,5,0.5,3406.2200000000003,4520.42,4.5%,"ETH_INR_15m_ST1(10,4.0)+ST2(12,3.5)_SL1.5pct_1-3",1,1
ETH/INR,15m,2026-07-25 to 2026-09-24 (60D),5742,10,3.0,12,4.0,"ST1(10,3.0)+ST2(12,4.0)",1.5%,1:3,1%,1.5,3.0,"ST1(10,3.0)+ST2(12,4.0)",10000,8877.94,-1122.06,-11.22,1276.0,12.76,164.61,-75.09,91.45,-75.09,137.175,-75.09,38.14,61.86,0.75,-11.57,97,37,60,0,2,2,1.5,1.5,0,0,0,0,76.77,1.5,5,0.5,3383.65,4505.400000000001,4.5%,"ETH_INR_15m_ST1(10,3.0)+ST2(12,4.0)_SL1.5pct_1-3",1,1
ETH/INR,15m,2026-07-25 to 2026-09-24 (60D),5742,12,4.0,10,3.0,"ST1(12,4.0)+ST2(10,3.0)",1.5%,1:3,1%,1.5,3.0,"ST1(12,4.0)+ST2(10,3.0)",10000,8877.94,-1122.06,-11.22,1276.0,12.76,164.61,-75.09,91.45,-75.09,137.175,-75.09,38.14,61.86,0.75,-11.57,97,37,60,0,2,2,1.5,1.5,0,0,0,0,76.77,1.5,5,0.5,3383.65,4505.400000000001,4.5%,"ETH_INR_15m_ST1(12,4.0)+ST2(10,3.0)_SL1.5pct_1-3",1,1
ETH/INR,15m,2026-07-25 to 2026-09-24 (60D),5742,14,3.5,12,4.0,"ST1(14,3.5)+ST2(12,4.0)",1.5%,1:3,1%,1.5,3.0,"ST1(14,3.5)+ST2(12,4.0)",10000,8876.09,-1123.91,-11.24,1278.0,12.78,163.72799999999998,-73.6,90.96,-73.6,136.44,-73.6,37.76,62.24,0.75,-11.47,98,37,61,0,2,2,1.5,1.5,0,0,0,0,79.19,1.5,5,0.5,3365.52,4489.599999999999,4.5%,"ETH_INR_15m_ST1(14,3.5)+ST2(12,4.0)_SL1.5pct_1-3",1,1
ETH/INR,15m,2026-07-25 to 2026-09-24 (60D),5742,12,4.0,14,3.5,"ST1(12,4.0)+ST2(14,3.5)",1.5%,1:3,1%,1.5,3.0,"ST1(12,4.0)+ST2(14,3.5)",10000,8876.09,-1123.91,-11.24,1278.0,12.78,163.72799999999998,-73.6,90.96,-73.6,136.44,-73.6,37.76,62.24,0.75,-11.47,98,37,61,0,2,2,1.5,1.5,0,0,0,0,79.19,1.5,5,0.5,3365.52,4489.599999999999,4.5%,"ETH_INR_15m_ST1(12,4.0)+ST2(14,3.5)_SL1.5pct_1-3",1,1
ETH/INR,15m,2026-07-25 to 2026-09-24 (60D),5742,10,3.5,12,4.0,"ST1(10,3.5)+ST2(12,4.0)",1.5%,1:3,1%,1.5,3.0,"ST1(10,3.5)+ST2(12,4.0)",10000,8876.03,-1123.97,-11.24,1284.0,12.84,159.62400000000002,-75.12,88.68,-75.12,133.02,-75.12,39.0,61.0,0.75,-11.24,100,39,61,0,2,2,1.5,1.5,0,0,0,0,79.59,1.5,5,0.5,3458.5200000000004,4582.320000000001,4.5%,"ETH_INR_15m_ST1(10,3.5)+ST2(12,4.0)_SL1.5pct_1-3",1,1
ETH/INR,15m,2026-07-25 to 2026-09-24 (60D),5742,12,4.0,10,3.5,"ST1(12,4.0)+ST2(10,3.5)",1.5%,1:3,1%,1.5,3.0,"ST1(12,4.0)+ST2(10,3.5)",10000,8876.03,-1123.97,-11.24,1284.0,12.84,159.62400000000002,-75.12,88.68,-75.12,133.02,-75.12,39.0,61.0,0.75,-11.24,100,39,61,0,2,2,1.5,1.5,0,0,0,0,79.59,1.5,5,0.5,3458.5200000000004,4582.320000000001,4.5%,"ETH_INR_15m_ST1(12,4.0)+ST2(10,3.5)_SL1.5pct_1-3",1,1
ETH/INR,30m,2026-07-25 to 2026-09-24 (60D),2872,14,4.0,12,3.5,"ST1(14,4.0)+ST2(12,3.5)",1.5%,1:3,1%,1.5,3.0,"ST1(14,4.0)+ST2(12,3.5)",10000,8875.8,-1124.2,-11.24,1226.0,12.26,163.638,-67.52,90.91,-67.52,136.365,-67.52,33.75,66.25,0.69,-14.05,80,27,53,0,2,2,1.5,1.5,0,0,0,0,64.68,1.5,5,0.5,2454.57,3578.56,4.5%,"ETH_INR_30m_ST1(14,4.0)+ST2(12,3.5)_SL1.5pct_1-3",1,2
ETH/INR,30m,2026-07-25 to 2026-09-24 (60D),2872,12,3.5,14,4.0,"ST1(12,3.5)+ST2(14,4.0)",1.5%,1:3,1%,1.5,3.0,"ST1(12,3.5)+ST2(14,4.0)",10000,8875.8,-1124.2,-11.24,1226.0,12.26,163.638,-67.52,90.91,-67.52,136.365,-67.52,33.75,66.25,0.69,-14.05,80,27,53,0,2,2,1.5,1.5,0,0,0,0,64.68,1.5,5,0.5,2454.57,3578.56,4.5%,"ETH_INR_30m_ST1(12,3.5)+ST2(14,4.0)_SL1.5pct_1-3",1,2
ETH/INR,30m,2026-07-25 to 2026-09-24 (60D),2872,14,2.0,10,3.5,"ST1(14,2.0)+ST2(10,3.5)",1.5%,1:3,1%,1.5,3.0,"ST1(14,2.0)+ST2(10,3.5)",10000,8866.79,-1133.21,-11.33,1720.0,17.2,180.378,-68.04,100.21,-68.04,150.315,-68.04,31.58,68.42,0.68,-14.91,76,24,52,0,2,2,1.5,1.5,0,0,0,0,56.64,1.5,5,0.5,2405.04,3538.0800000000004,4.5%,"ETH_INR_30m_ST1(14,2.0)+ST2(10,3.5)_SL1.5pct_1-3",1,2
ETH/INR,30m,2026-07-25 to 2026-09-24 (60D),2872,10,3.5,14,2.0,"ST1(10,3.5)+ST2(14,2.0)",1.5%,1:3,1%,1.5,3.0,"ST1(10,3.5)+ST2(14,2.0)",10000,8866.79,-1133.21,-11.33,1720.0,17.2,180.378,-68.04,100.21,-68.04,150.315,-68.04,31.58,68.42,0.68,-14.91,76,24,52,0,2,2,1.5,1.5,0,0,0,0,56.64,1.5,5,0.5,2405.04,3538.0800000000004,4.5%,"ETH_INR_30m_ST1(10,3.5)+ST2(14,2.0)_SL1.5pct_1-3",1,2
ETH/INR,15m,2026-07-25 to 2026-09-24 (60D),5742,7,3.0,10,2.0,"ST1(7,3.0)+ST2(10,2.0)",1.5%,1:3,1%,1.5,3.0,"ST1(7,3.0)+ST2(10,2.0)",10000,8861.96,-1138.04,-11.38,1508.0,15.08,155.80800000000002,-69.74,86.56,-69.74,129.84,-69.74,37.11,62.89,0.73,-11.73,97,36,61,0,2,2,1.5,1.5,0,0,0,0,73.3,1.5,5,0.5,3116.16,4254.139999999999,4.5%,"ETH_INR_15m_ST1(7,3.0)+ST2(10,2.0)_SL1.5pct_1-3",1,1
ETH/INR,15m,2026-07-25 to 2026-09-24 (60D),5742,10,2.0,7,3.0,"ST1(10,2.0)+ST2(7,3.0)",1.5%,1:3,1%,1.5,3.0,"ST1(10,2.0)+ST2(7,3.0)",10000,8861.96,-1138.04,-11.38,1508.0,15.08,155.80800000000002,-69.74,86.56,-69.74,129.84,-69.74,37.11,62.89,0.73,-11.73,97,36,61,0,2,2,1.5,1.5,0,0,0,0,73.3,1.5,5,0.5,3116.16,4254.139999999999,4.5%,"ETH_INR_15m_ST1(10,2.0)+ST2(7,3.0)_SL1.5pct_1-3",1,1
ETH/INR,15m,2026-07-25 to 2026-09-24 (60D),5742,12,4.0,12,3.0,"ST1(12,4.0)+ST2(12,3.0)",1.5%,1:3,1%,1.5,3.0,"ST1(12,4.0)+ST2(12,3.0)",10000,8860.54,-1139.46,-11.39,1293.0,12.93,161.17200000000005,-74.21,89.54,-74.21,134.31,-74.21,38.14,61.86,0.74,-11.75,97,37,60,0,2,2,1.5,1.5,0,0,0,0,77.45,1.5,5,0.5,3312.98,4452.599999999999,4.5%,"ETH_INR_15m_ST1(12,4.0)+ST2(12,3.0)_SL1.5pct_1-3",1,1
ETH/INR,15m,2026-07-25 to 2026-09-24 (60D),5742,12,3.0,12,4.0,"ST1(12,3.0)+ST2(12,4.0)",1.5%,1:3,1%,1.5,3.0,"ST1(12,3.0)+ST2(12,4.0)",10000,8860.54,-1139.46,-11.39,1293.0,12.93,161.17200000000005,-74.21,89.54,-74.21,134.31,-74.21,38.14,61.86,0.74,-11.75,97,37,60,0,2,2,1.5,1.5,0,0,0,0,77.45,1.5,5,0.5,3312.98,4452.599999999999,4.5%,"ETH_INR_15m_ST1(12,3.0)+ST2(12,4.0)_SL1.5pct_1-3",1,1
ETH/INR,15m,2026-07-25 to 2026-09-24 (60D),5742,14,4.0,12,3.5,"ST1(14,4.0)+ST2(12,3.5)",1.5%,1:3,1%,1.5,3.0,"ST1(14,4.0)+ST2(12,3.5)",10000,8858.95,-1141.05,-11.41,1321.0,13.21,164.79,-73.04,91.55,-73.04,137.325,-73.04,37.37,62.63,0.75,-11.53,99,37,62,0,2,2,1.5,1.5,0,0,0,0,80.7,1.5,5,0.5,3387.35,4528.4800000000005,4.5%,"ETH_INR_15m_ST1(14,4.0)+ST2(12,3.5)_SL1.5pct_1-3",1,1
ETH/INR,15m,2026-07-25 to 2026-09-24 (60D),5742,12,3.5,14,4.0,"ST1(12,3.5)+ST2(14,4.0)",1.5%,1:3,1%,1.5,3.0,"ST1(12,3.5)+ST2(14,4.0)",10000,8858.95,-1141.05,-11.41,1321.0,13.21,164.79,-73.04,91.55,-73.04,137.325,-73.04,37.37,62.63,0.75,-11.53,99,37,62,0,2,2,1.5,1.5,0,0,0,0,80.7,1.5,5,0.5,3387.35,4528.4800000000005,4.5%,"ETH_INR_15m_ST1(12,3.5)+ST2(14,4.0)_SL1.5pct_1-3",1,1
ETH/INR,15m,2026-07-25 to 2026-09-24 (60D),5742,10,3.5,10,2.0,"ST1(10,3.5)+ST2(10,2.0)",1.5%,1:3,1%,1.5,3.0,"ST1(10,3.5)+ST2(10,2.0)",10000,8857.08,-1142.92,-11.43,1411.0,14.11,158.49,-67.81,88.05,-67.81,132.075,-67.81,35.79,64.21000000000001,0.72,-12.03,95,34,61,0,2,2,1.5,1.5,0,0,0,0,69.82,1.5,5,0.5,2993.7,4136.41,4.5%,"ETH_INR_15m_ST1(10,3.5)+ST2(10,2.0)_SL1.5pct_1-3",1,1
ETH/INR,15m,2026-07-25 to 2026-09-24 (60D),5742,10,2.0,10,3.5,"ST1(10,2.0)+ST2(10,3.5)",1.5%,1:3,1%,1.5,3.0,"ST1(10,2.0)+ST2(10,3.5)",10000,8857.08,-1142.92,-11.43,1411.0,14.11,158.49,-67.81,88.05,-67.81,132.075,-67.81,35.79,64.21000000000001,0.72,-12.03,95,34,61,0,2,2,1.5,1.5,0,0,0,0,69.82,1.5,5,0.5,2993.7,4136.41,4.5%,"ETH_INR_15m_ST1(10,2.0)+ST2(10,3.5)_SL1.5pct_1-3",1,1
ETH/INR,15m,2026-07-25 to 2026-09-24 (60D),5742,14,4.0,12,2.0,"ST1(14,4.0)+ST2(12,2.0)",1.5%,1:3,1%,1.5,3.0,"ST1(14,4.0)+ST2(12,2.0)",10000,8844.19,-1155.81,-11.56,1310.0,13.1,156.186,-72.29,86.77,-72.29,130.155,-72.29,37.63,62.37,0.72,-12.43,93,35,58,0,2,2,1.5,1.5,0,0,0,0,68.03,1.5,5,0.5,3036.95,4192.820000000001,4.5%,"ETH_INR_15m_ST1(14,4.0)+ST2(12,2.0)_SL1.5pct_1-3",1,1
ETH/INR,15m,2026-07-25 to 2026-09-24 (60D),5742,12,2.0,14,4.0,"ST1(12,2.0)+ST2(14,4.0)",1.5%,1:3,1%,1.5,3.0,"ST1(12,2.0)+ST2(14,4.0)",10000,8844.19,-1155.81,-11.56,1310.0,13.1,156.186,-72.29,86.77,-72.29,130.155,-72.29,37.63,62.37,0.72,-12.43,93,35,58,0,2,2,1.5,1.5,0,0,0,0,68.03,1.5,5,0.5,3036.95,4192.820000000001,4.5%,"ETH_INR_15m_ST1(12,2.0)+ST2(14,4.0)_SL1.5pct_1-3",1,1
ETH/INR,15m,2026-07-25 to 2026-09-24 (60D),5742,10,3.5,7,4.0,"ST1(10,3.5)+ST2(7,4.0)",1.5%,1:3,1%,1.5,3.0,"ST1(10,3.5)+ST2(7,4.0)",10000,8831.86,-1168.14,-11.68,1343.0,13.43,167.976,-73.35,93.32,-73.35,139.98,-73.35,37.0,63.0,0.75,-11.68,100,37,63,0,2,2,1.5,1.5,0,0,0,0,77.53,1.5,5,0.5,3452.84,4621.049999999999,4.5%,"ETH_INR_15m_ST1(10,3.5)+ST2(7,4.0)_SL1.5pct_1-3",1,1
ETH/INR,15m,2026-07-25 to 2026-09-24 (60D),5742,7,4.0,10,3.5,"ST1(7,4.0)+ST2(10,3.5)",1.5%,1:3,1%,1.5,3.0,"ST1(7,4.0)+ST2(10,3.5)",10000,8831.86,-1168.14,-11.68,1343.0,13.43,167.976,-73.35,93.32,-73.35,139.98,-73.35,37.0,63.0,0.75,-11.68,100,37,63,0,2,2,1.5,1.5,0,0,0,0,77.53,1.5,5,0.5,3452.84,4621.049999999999,4.5%,"ETH_INR_15m_ST1(7,4.0)+ST2(10,3.5)_SL1.5pct_1-3",1,1
ETH/INR,15m,2026-07-25 to 2026-09-24 (60D),5742,7,3.0,7,2.0,"ST1(7,3.0)+ST2(7,2.0)",1.5%,1:3,1%,1.5,3.0,"ST1(7,3.0)+ST2(7,2.0)",10000,8829.47,-1170.53,-11.71,1589.0,15.89,156.888,-69.49,87.16,-69.49,130.74,-69.49,36.73,63.27,0.73,-11.94,98,36,62,0,2,2,1.5,1.5,0,0,0,0,72.52,1.5,5,0.5,3137.76,4308.38,4.5%,"ETH_INR_15m_ST1(7,3.0)+ST2(7,2.0)_SL1.5pct_1-3",1,1
ETH/INR,15m,2026-07-25 to 2026-09-24 (60D),5742,7,2.0,7,3.0,"ST1(7,2.0)+ST2(7,3.0)",1.5%,1:3,1%,1.5,3.0,"ST1(7,2.0)+ST2(7,3.0)",10000,8829.47,-1170.53,-11.71,1589.0,15.89,156.888,-69.49,87.16,-69.49,130.74,-69.49,36.73,63.27,0.73,-11.94,98,36,62,0,2,2,1.5,1.5,0,0,0,0,72.52,1.5,5,0.5,3137.76,4308.38,4.5%,"ETH_INR_15m_ST1(7,2.0)+ST2(7,3.0)_SL1.5pct_1-3",1,1
ETH/INR,15m,2026-07-25 to 2026-09-24 (60D),5742,12,2.0,10,3.5,"ST1(12,2.0)+ST2(10,3.5)",1.5%,1:3,1%,1.5,3.0,"ST1(12,2.0)+ST2(10,3.5)",10000,8827.76,-1172.24,-11.72,1303.0,13.03,160.182,-69.96,88.99,-69.96,133.485,-69.96,36.17,63.83,0.72,-12.47,94,34,60,0,2,2,1.5,1.5,0,0,0,0,68.83,1.5,5,0.5,3025.66,4197.599999999999,4.5%,"ETH_INR_15m_ST1(12,2.0)+ST2(10,3.5)_SL1.5pct_1-3",1,1
ETH/INR,15m,2026-07-25 to 2026-09-24 (60D),5742,10,3.5,12,2.0,"ST1(10,3.5)+ST2(12,2.0)",1.5%,1:3,1%,1.5,3.0,"ST1(10,3.5)+ST2(12,2.0)",10000,8827.76,-1172.24,-11.72,1303.0,13.03,160.182,-69.96,88.99,-69.96,133.485,-69.96,36.17,63.83,0.72,-12.47,94,34,60,0,2,2,1.5,1.5,0,0,0,0,68.83,1.5,5,0.5,3025.66,4197.599999999999,4.5%,"ETH_INR_15m_ST1(10,3.5)+ST2(12,2.0)_SL1.5pct_1-3",1,1
ETH/INR,30m,2026-07-25 to 2026-09-24 (60D),2872,12,3.5,14,3.5,"ST1(12,3.5)+ST2(14,3.5)",1.5%,1:3,1%,1.5,3.0,"ST1(12,3.5)+ST2(14,3.5)",10000,8825.28,-1174.72,-11.75,1538.0,15.38,180.072,-68.55,100.04,-68.55,150.06,-68.55,32.56,67.44,0.7,-13.66,86,28,58,0,2,2,1.5,1.5,0,0,0,0,69.0,1.5,5,0.5,2801.1200000000003,3975.9,4.5%,"ETH_INR_30m_ST1(12,3.5)+ST2(14,3.5)_SL1.5pct_1-3",1,2
ETH/INR,30m,2026-07-25 to 2026-09-24 (60D),2872,14,3.5,12,3.5,"ST1(14,3.5)+ST2(12,3.5)",1.5%,1:3,1%,1.5,3.0,"ST1(14,3.5)+ST2(12,3.5)",10000,8825.28,-1174.72,-11.75,1538.0,15.38,180.072,-68.55,100.04,-68.55,150.06,-68.55,32.56,67.44,0.7,-13.66,86,28,58,0,2,2,1.5,1.5,0,0,0,0,69.0,1.5,5,0.5,2801.1200000000003,3975.9,4.5%,"ETH_INR_30m_ST1(14,3.5)+ST2(12,3.5)_SL1.5pct_1-3",1,2
ETH/INR,15m,2026-07-25 to 2026-09-24 (60D),5742,14,3.0,12,4.0,"ST1(14,3.0)+ST2(12,4.0)",1.5%,1:3,1%,1.5,3.0,"ST1(14,3.0)+ST2(12,4.0)",10000,8818.59,-1181.41,-11.81,1335.0,13.35,150.75,-73.62,83.75,-73.62,125.625,-73.62,38.71,61.29,0.72,-12.7,93,36,57,0,2,2,1.5,1.5,0,0,0,0,77.62,1.5,5,0.5,3015.0,4196.34,4.5%,"ETH_INR_15m_ST1(14,3.0)+ST2(12,4.0)_SL1.5pct_1-3",1,1
ETH/INR,15m,2026-07-25 to 2026-09-24 (60D),5742,12,4.0,14,3.0,"ST1(12,4.0)+ST2(14,3.0)",1.5%,1:3,1%,1.5,3.0,"ST1(12,4.0)+ST2(14,3.0)",10000,8818.59,-1181.41,-11.81,1335.0,13.35,150.75,-73.62,83.75,-73.62,125.625,-73.62,38.71,61.29,0.72,-12.7,93,36,57,0,2,2,1.5,1.5,0,0,0,0,77.62,1.5,5,0.5,3015.0,4196.34,4.5%,"ETH_INR_15m_ST1(12,4.0)+ST2(14,3.0)_SL1.5pct_1-3",1,1
ETH/INR,15m,2026-07-25 to 2026-09-24 (60D),5742,10,4.0,7,3.5,"ST1(10,4.0)+ST2(7,3.5)",1.5%,1:3,1%,1.5,3.0,"ST1(10,4.0)+ST2(7,3.5)",10000,8817.89,-1182.11,-11.82,1335.0,13.35,172.854,-73.99,96.03,-73.99,144.04500000000002,-73.99,36.63,63.37,0.75,-11.7,101,37,64,0,2,2,1.5,1.5,0,0,0,0,78.21,1.5,5,0.5,3553.11,4735.36,4.5%,"ETH_INR_15m_ST1(10,4.0)+ST2(7,3.5)_SL1.5pct_1-3",1,1
ETH/INR,15m,2026-07-25 to 2026-09-24 (60D),5742,7,3.5,10,4.0,"ST1(7,3.5)+ST2(10,4.0)",1.5%,1:3,1%,1.5,3.0,"ST1(7,3.5)+ST2(10,4.0)",10000,8817.89,-1182.11,-11.82,1335.0,13.35,172.854,-73.99,96.03,-73.99,144.04500000000002,-73.99,36.63,63.37,0.75,-11.7,101,37,64,0,2,2,1.5,1.5,0,0,0,0,78.21,1.5,5,0.5,3553.11,4735.36,4.5%,"ETH_INR_15m_ST1(7,3.5)+ST2(10,4.0)_SL1.5pct_1-3",1,1
ETH/INR,15m,2026-07-25 to 2026-09-24 (60D),5742,10,3.0,7,4.0,"ST1(10,3.0)+ST2(7,4.0)",1.5%,1:3,1%,1.5,3.0,"ST1(10,3.0)+ST2(7,4.0)",10000,8817.67,-1182.33,-11.82,1336.0,13.36,173.178,-73.38,96.21,-73.38,144.315,-73.38,36.08,63.92,0.74,-12.19,97,35,62,0,2,2,1.5,1.5,0,0,0,0,75.53,1.5,5,0.5,3367.35,4549.56,4.5%,"ETH_INR_15m_ST1(10,3.0)+ST2(7,4.0)_SL1.5pct_1-3",1,1
ETH/INR,15m,2026-07-25 to 2026-09-24 (60D),5742,7,4.0,10,3.0,"ST1(7,4.0)+ST2(10,3.0)",1.5%,1:3,1%,1.5,3.0,"ST1(7,4.0)+ST2(10,3.0)",10000,8817.67,-1182.33,-11.82,1336.0,13.36,173.178,-73.38,96.21,-73.38,144.315,-73.38,36.08,63.92,0.74,-12.19,97,35,62,0,2,2,1.5,1.5,0,0,0,0,75.53,1.5,5,0.5,3367.35,4549.56,4.5%,"ETH_INR_15m_ST1(7,4.0)+ST2(10,3.0)_SL1.5pct_1-3",1,1
ETH/INR,15m,2026-07-25 to 2026-09-24 (60D),5742,10,2.0,7,3.5,"ST1(10,2.0)+ST2(7,3.5)",1.5%,1:3,1%,1.5,3.0,"ST1(10,2.0)+ST2(7,3.5)",10000,8816.33,-1183.67,-11.84,1408.0,14.08,160.722,-68.06,89.29,-68.06,133.935,-68.06,35.42,64.58,0.72,-12.33,96,34,62,0,2,2,1.5,1.5,0,0,0,0,71.51,1.5,5,0.5,3035.86,4219.72,4.5%,"ETH_INR_15m_ST1(10,2.0)+ST2(7,3.5)_SL1.5pct_1-3",1,1
ETH/INR,15m,2026-07-25 to 2026-09-24 (60D),5742,7,3.5,10,2.0,"ST1(7,3.5)+ST2(10,2.0)",1.5%,1:3,1%,1.5,3.0,"ST1(7,3.5)+ST2(10,2.0)",10000,8816.33,-1183.67,-11.84,1408.0,14.08,160.722,-68.06,89.29,-68.06,133.935,-68.06,35.42,64.58,0.72,-12.33,96,34,62,0,2,2,1.5,1.5,0,0,0,0,71.51,1.5,5,0.5,3035.86,4219.72,4.5%,"ETH_INR_15m_ST1(7,3.5)+ST2(10,2.0)_SL1.5pct_1-3",1,1
ETH/INR,15m,2026-07-25 to 2026-09-24 (60D),5742,14,4.0,10,4.0,"ST1(14,4.0)+ST2(10,4.0)",1.5%,1:3,1%,1.5,3.0,"ST1(14,4.0)+ST2(10,4.0)",10000,8813.93,-1186.07,-11.86,1339.0,13.39,164.70000000000002,-72.57,91.5,-72.57,137.25,-72.57,37.0,63.0,0.74,-11.86,100,37,63,0,2,2,1.5,1.5,0,0,0,0,81.82,1.5,5,0.5,3385.5,4571.91,4.5%,"ETH_INR_15m_ST1(14,4.0)+ST2(10,4.0)_SL1.5pct_1-3",1,1
ETH/INR,15m,2026-07-25 to 2026-09-24 (60D),5742,10,4.0,14,4.0,"ST1(10,4.0)+ST2(14,4.0)",1.5%,1:3,1%,1.5,3.0,"ST1(10,4.0)+ST2(14,4.0)",10000,8813.93,-1186.07,-11.86,1339.0,13.39,164.70000000000002,-72.57,91.5,-72.57,137.25,-72.57,37.0,63.0,0.74,-11.86,100,37,63,0,2,2,1.5,1.5,0,0,0,0,81.82,1.5,5,0.5,3385.5,4571.91,4.5%,"ETH_INR_15m_ST1(10,4.0)+ST2(14,4.0)_SL1.5pct_1-3",1,1
ETH/INR,15m,2026-07-25 to 2026-09-24 (60D),5742,10,3.5,12,3.0,"ST1(10,3.5)+ST2(12,3.0)",1.5%,1:3,1%,1.5,3.0,"ST1(10,3.5)+ST2(12,3.0)",10000,8796.39,-1203.61,-12.04,1417.0,14.17,164.394,-73.92,91.33,-73.92,136.995,-73.92,37.37,62.63,0.74,-12.16,99,37,62,0,2,2,1.5,1.5,0,0,0,0,79.43,1.5,5,0.5,3379.21,4583.04,4.5%,"ETH_INR_15m_ST1(10,3.5)+ST2(12,3.0)_SL1.5pct_1-3",1,1
ETH/INR,15m,2026-07-25 to 2026-09-24 (60D),5742,12,3.0,10,3.5,"ST1(12,3.0)+ST2(10,3.5)",1.5%,1:3,1%,1.5,3.0,"ST1(12,3.0)+ST2(10,3.5)",10000,8796.39,-1203.61,-12.04,1417.0,14.17,164.394,-73.92,91.33,-73.92,136.995,-73.92,37.37,62.63,0.74,-12.16,99,37,62,0,2,2,1.5,1.5,0,0,0,0,79.43,1.5,5,0.5,3379.21,4583.04,4.5%,"ETH_INR_15m_ST1(12,3.0)+ST2(10,3.5)_SL1.5pct_1-3",1,1
ETH/INR,15m,2026-07-25 to 2026-09-24 (60D),5742,7,3.0,7,3.5,"ST1(7,3.0)+ST2(7,3.5)",1.5%,1:3,1%,1.5,3.0,"ST1(7,3.0)+ST2(7,3.5)",10000,8794.35,-1205.65,-12.06,1385.0,13.85,174.24,-72.16,96.8,-72.16,145.2,-72.16,35.64,64.36,0.74,-11.94,101,36,65,0,2,2,1.5,1.5,0,0,0,0,78.86,1.5,5,0.5,3484.8,4690.4,4.5%,"ETH_INR_15m_ST1(7,3.0)+ST2(7,3.5)_SL1.5pct_1-3",1,1
ETH/INR,15m,2026-07-25 to 2026-09-24 (60D),5742,7,3.5,7,3.0,"ST1(7,3.5)+ST2(7,3.0)",1.5%,1:3,1%,1.5,3.0,"ST1(7,3.5)+ST2(7,3.0)",10000,8794.35,-1205.65,-12.06,1385.0,13.85,174.24,-72.16,96.8,-72.16,145.2,-72.16,35.64,64.36,0.74,-11.94,101,36,65,0,2,2,1.5,1.5,0,0,0,0,78.86,1.5,5,0.5,3484.8,4690.4,4.5%,"ETH_INR_15m_ST1(7,3.5)+ST2(7,3.0)_SL1.5pct_1-3",1,1
ETH/INR,15m,2026-07-25 to 2026-09-24 (60D),5742,12,3.5,14,3.0,"ST1(12,3.5)+ST2(14,3.0)",1.5%,1:3,1%,1.5,3.0,"ST1(12,3.5)+ST2(14,3.0)",10000,8793.74,-1206.26,-12.06,1420.0,14.2,152.244,-73.3,84.58,-73.3,126.87,-73.3,38.3,61.7,0.72,-12.83,94,36,58,0,2,2,1.5,1.5,0,0,0,0,78.54,1.5,5,0.5,3044.88,4251.4,4.5%,"ETH_INR_15m_ST1(12,3.5)+ST2(14,3.0)_SL1.5pct_1-3",1,1
ETH/INR,15m,2026-07-25 to 2026-09-24 (60D),5742,14,3.0,12,3.5,"ST1(14,3.0)+ST2(12,3.5)",1.5%,1:3,1%,1.5,3.0,"ST1(14,3.0)+ST2(12,3.5)",10000,8793.74,-1206.26,-12.06,1420.0,14.2,152.244,-73.3,84.58,-73.3,126.87,-73.3,38.3,61.7,0.72,-12.83,94,36,58,0,2,2,1.5,1.5,0,0,0,0,78.54,1.5,5,0.5,3044.88,4251.4,4.5%,"ETH_INR_15m_ST1(14,3.0)+ST2(12,3.5)_SL1.5pct_1-3",1,1
ETH/INR,15m,2026-07-25 to 2026-09-24 (60D),5742,7,3.5,14,4.0,"ST1(7,3.5)+ST2(14,4.0)",1.5%,1:3,1%,1.5,3.0,"ST1(7,3.5)+ST2(14,4.0)",10000,8791.27,-1208.73,-12.09,1361.0,13.61,171.954,-74.11,95.53,-74.11,143.29500000000002,-74.11,36.63,63.37,0.75,-11.97,101,37,64,0,2,2,1.5,1.5,0,0,0,0,79.36,1.5,5,0.5,3534.61,4743.04,4.5%,"ETH_INR_15m_ST1(7,3.5)+ST2(14,4.0)_SL1.5pct_1-3",1,1
ETH/INR,15m,2026-07-25 to 2026-09-24 (60D),5742,14,4.0,7,3.5,"ST1(14,4.0)+ST2(7,3.5)",1.5%,1:3,1%,1.5,3.0,"ST1(14,4.0)+ST2(7,3.5)",10000,8791.27,-1208.73,-12.09,1361.0,13.61,171.954,-74.11,95.53,-74.11,143.29500000000002,-74.11,36.63,63.37,0.75,-11.97,101,37,64,0,2,2,1.5,1.5,0,0,0,0,79.36,1.5,5,0.5,3534.61,4743.04,4.5%,"ETH_INR_15m_ST1(14,4.0)+ST2(7,3.5)_SL1.5pct_1-3",1,1
ETH/INR,15m,2026-07-25 to 2026-09-24 (60D),5742,7,3.5,10,3.5,"ST1(7,3.5)+ST2(10,3.5)",1.5%,1:3,1%,1.5,3.0,"ST1(7,3.5)+ST2(10,3.5)",10000,8789.5,-1210.5,-12.11,1389.0,13.89,173.322,-73.44,96.29,-73.44,144.435,-73.44,36.27,63.73,0.75,-11.87,102,37,65,0,2,2,1.5,1.5,0,0,0,0,80.23,1.5,5,0.5,3562.73,4773.599999999999,4.5%,"ETH_INR_15m_ST1(7,3.5)+ST2(10,3.5)_SL1.5pct_1-3",1,1
ETH/INR,15m,2026-07-25 to 2026-09-24 (60D),5742,10,3.5,7,3.5,"ST1(10,3.5)+ST2(7,3.5)",1.5%,1:3,1%,1.5,3.0,"ST1(10,3.5)+ST2(7,3.5)",10000,8789.5,-1210.5,-12.11,1389.0,13.89,173.322,-73.44,96.29,-73.44,144.435,-73.44,36.27,63.73,0.75,-11.87,102,37,65,0,2,2,1.5,1.5,0,0,0,0,80.23,1.5,5,0.5,3562.73,4773.599999999999,4.5%,"ETH_INR_15m_ST1(10,3.5)+ST2(7,3.5)_SL1.5pct_1-3",1,1
ETH/INR,30m,2026-07-25 to 2026-09-24 (60D),2872,10,2.0,10,4.0,"ST1(10,2.0)+ST2(10,4.0)",1.5%,1:3,1%,1.5,3.0,"ST1(10,2.0)+ST2(10,4.0)",10000,8788.25,-1211.75,-12.12,1562.0,15.62,157.446,-68.98,87.47,-68.98,131.20499999999998,-68.98,33.33,66.67,0.63,-16.83,72,24,48,0,2,2,1.5,1.5,0,0,0,0,53.08,1.5,5,0.5,2099.28,3311.04,4.5%,"ETH_INR_30m_ST1(10,2.0)+ST2(10,4.0)_SL1.5pct_1-3",1,2
ETH/INR,30m,2026-07-25 to 2026-09-24 (60D),2872,10,4.0,10,2.0,"ST1(10,4.0)+ST2(10,2.0)",1.5%,1:3,1%,1.5,3.0,"ST1(10,4.0)+ST2(10,2.0)",10000,8788.25,-1211.75,-12.12,1562.0,15.62,157.446,-68.98,87.47,-68.98,131.20499999999998,-68.98,33.33,66.67,0.63,-16.83,72,24,48,0,2,2,1.5,1.5,0,0,0,0,53.08,1.5,5,0.5,2099.28,3311.04,4.5%,"ETH_INR_30m_ST1(10,4.0)+ST2(10,2.0)_SL1.5pct_1-3",1,2
ETH/INR,15m,2026-07-25 to 2026-09-24 (60D),5742,7,2.0,7,3.5,"ST1(7,2.0)+ST2(7,3.5)",1.5%,1:3,1%,1.5,3.0,"ST1(7,2.0)+ST2(7,3.5)",10000,8784.01,-1215.99,-12.16,1490.0,14.9,161.91,-67.85,89.95,-67.85,134.925,-67.85,35.05,64.95,0.72,-12.54,97,34,63,0,2,2,1.5,1.5,0,0,0,0,70.72,1.5,5,0.5,3058.3,4274.549999999999,4.5%,"ETH_INR_15m_ST1(7,2.0)+ST2(7,3.5)_SL1.5pct_1-3",1,1
ETH/INR,15m,2026-07-25 to 2026-09-24 (60D),5742,7,3.5,7,2.0,"ST1(7,3.5)+ST2(7,2.0)",1.5%,1:3,1%,1.5,3.0,"ST1(7,3.5)+ST2(7,2.0)",10000,8784.01,-1215.99,-12.16,1490.0,14.9,161.91,-67.85,89.95,-67.85,134.925,-67.85,35.05,64.95,0.72,-12.54,97,34,63,0,2,2,1.5,1.5,0,0,0,0,70.72,1.5,5,0.5,3058.3,4274.549999999999,4.5%,"ETH_INR_15m_ST1(7,3.5)+ST2(7,2.0)_SL1.5pct_1-3",1,1
ETH/INR,15m,2026-07-25 to 2026-09-24 (60D),5742,7,3.5,12,3.5,"ST1(7,3.5)+ST2(12,3.5)",1.5%,1:3,1%,1.5,3.0,"ST1(7,3.5)+ST2(12,3.5)",10000,8778.8,-1221.2,-12.21,1400.0,14.0,173.232,-73.57,96.24,-73.57,144.36,-73.57,36.27,63.73,0.74,-11.97,102,37,65,0,2,2,1.5,1.5,0,0,0,0,79.57,1.5,5,0.5,3560.88,4782.049999999999,4.5%,"ETH_INR_15m_ST1(7,3.5)+ST2(12,3.5)_SL1.5pct_1-3",1,1
ETH/INR,15m,2026-07-25 to 2026-09-24 (60D),5742,12,3.5,7,3.5,"ST1(12,3.5)+ST2(7,3.5)",1.5%,1:3,1%,1.5,3.0,"ST1(12,3.5)+ST2(7,3.5)",10000,8778.8,-1221.2,-12.21,1400.0,14.0,173.232,-73.57,96.24,-73.57,144.36,-73.57,36.27,63.73,0.74,-11.97,102,37,65,0,2,2,1.5,1.5,0,0,0,0,79.57,1.5,5,0.5,3560.88,4782.049999999999,4.5%,"ETH_INR_15m_ST1(12,3.5)+ST2(7,3.5)_SL1.5pct_1-3",1,1
ETH/INR,15m,2026-07-25 to 2026-09-24 (60D),5742,7,3.5,14,3.5,"ST1(7,3.5)+ST2(14,3.5)",1.5%,1:3,1%,1.5,3.0,"ST1(7,3.5)+ST2(14,3.5)",10000,8775.0,-1225.0,-12.25,1404.0,14.04,171.936,-74.36,95.52,-74.36,143.28,-74.36,36.63,63.37,0.74,-12.13,101,37,64,0,2,2,1.5,1.5,0,0,0,0,78.77,1.5,5,0.5,3534.24,4759.04,4.5%,"ETH_INR_15m_ST1(7,3.5)+ST2(14,3.5)_SL1.5pct_1-3",1,1
ETH/INR,15m,2026-07-25 to 2026-09-24 (60D),5742,14,3.5,7,3.5,"ST1(14,3.5)+ST2(7,3.5)",1.5%,1:3,1%,1.5,3.0,"ST1(14,3.5)+ST2(7,3.5)",10000,8775.0,-1225.0,-12.25,1404.0,14.04,171.936,-74.36,95.52,-74.36,143.28,-74.36,36.63,63.37,0.74,-12.13,101,37,64,0,2,2,1.5,1.5,0,0,0,0,78.77,1.5,5,0.5,3534.24,4759.04,4.5%,"ETH_INR_15m_ST1(14,3.5)+ST2(7,3.5)_SL1.5pct_1-3",1,1
ETH/INR,15m,2026-07-25 to 2026-09-24 (60D),5742,7,4.0,14,2.0,"ST1(7,4.0)+ST2(14,2.0)",1.5%,1:3,1%,1.5,3.0,"ST1(7,4.0)+ST2(14,2.0)",10000,8765.35,-1234.65,-12.35,1388.0,13.88,162.342,-68.68,90.19,-68.68,135.285,-68.68,34.78,65.22,0.7,-13.42,92,32,60,0,2,2,1.5,1.5,0,0,0,0,69.84,1.5,5,0.5,2886.08,4120.8,4.5%,"ETH_INR_15m_ST1(7,4.0)+ST2(14,2.0)_SL1.5pct_1-3",1,1
ETH/INR,15m,2026-07-25 to 2026-09-24 (60D),5742,14,2.0,7,4.0,"ST1(14,2.0)+ST2(7,4.0)",1.5%,1:3,1%,1.5,3.0,"ST1(14,2.0)+ST2(7,4.0)",10000,8765.35,-1234.65,-12.35,1388.0,13.88,162.342,-68.68,90.19,-68.68,135.285,-68.68,34.78,65.22,0.7,-13.42,92,32,60,0,2,2,1.5,1.5,0,0,0,0,69.84,1.5,5,0.5,2886.08,4120.8,4.5%,"ETH_INR_15m_ST1(14,2.0)+ST2(7,4.0)_SL1.5pct_1-3",1,1
ETH/INR,15m,2026-07-25 to 2026-09-24 (60D),5742,10,3.0,10,3.5,"ST1(10,3.0)+ST2(10,3.5)",1.5%,1:3,1%,1.5,3.0,"ST1(10,3.0)+ST2(10,3.5)",10000,8763.59,-1236.41,-12.36,1449.0,14.49,170.11800000000002,-73.63,94.51,-73.63,141.765,-73.63,36.36,63.64,0.73,-12.49,99,36,63,0,2,2,1.5,1.5,0,0,0,0,78.93,1.5,5,0.5,3402.36,4638.69,4.5%,"ETH_INR_15m_ST1(10,3.0)+ST2(10,3.5)_SL1.5pct_1-3",1,1
ETH/INR,15m,2026-07-25 to 2026-09-24 (60D),5742,10,3.5,10,3.0,"ST1(10,3.5)+ST2(10,3.0)",1.5%,1:3,1%,1.5,3.0,"ST1(10,3.5)+ST2(10,3.0)",10000,8763.59,-1236.41,-12.36,1449.0,14.49,170.11800000000002,-73.63,94.51,-73.63,141.765,-73.63,36.36,63.64,0.73,-12.49,99,36,63,0,2,2,1.5,1.5,0,0,0,0,78.93,1.5,5,0.5,3402.36,4638.69,4.5%,"ETH_INR_15m_ST1(10,3.5)+ST2(10,3.0)_SL1.5pct_1-3",1,1
ETH/INR,15m,2026-07-25 to 2026-09-24 (60D),5742,12,3.0,12,3.5,"ST1(12,3.0)+ST2(12,3.5)",1.5%,1:3,1%,1.5,3.0,"ST1(12,3.0)+ST2(12,3.5)",10000,8761.88,-1238.12,-12.38,1451.0,14.51,164.088,-74.37,91.16,-74.37,136.74,-74.37,37.37,62.63,0.73,-12.51,99,37,62,0,2,2,1.5,1.5,0,0,0,0,79.01,1.5,5,0.5,3372.92,4610.9400000000005,4.5%,"ETH_INR_15m_ST1(12,3.0)+ST2(12,3.5)_SL1.5pct_1-3",1,1
ETH/INR,15m,2026-07-25 to 2026-09-24 (60D),5742,12,3.5,12,3.0,"ST1(12,3.5)+ST2(12,3.0)",1.5%,1:3,1%,1.5,3.0,"ST1(12,3.5)+ST2(12,3.0)",10000,8761.88,-1238.12,-12.38,1451.0,14.51,164.088,-74.37,91.16,-74.37,136.74,-74.37,37.37,62.63,0.73,-12.51,99,37,62,0,2,2,1.5,1.5,0,0,0,0,79.01,1.5,5,0.5,3372.92,4610.9400000000005,4.5%,"ETH_INR_15m_ST1(12,3.5)+ST2(12,3.0)_SL1.5pct_1-3",1,1
ETH/INR,15m,2026-07-25 to 2026-09-24 (60D),5742,12,3.0,7,3.0,"ST1(12,3.0)+ST2(7,3.0)",1.5%,1:3,1%,1.5,3.0,"ST1(12,3.0)+ST2(7,3.0)",10000,8758.54,-1241.46,-12.41,1454.0,14.54,171.252,-72.92,95.14,-72.92,142.71,-72.92,36.0,64.0,0.73,-12.41,100,36,64,0,2,2,1.5,1.5,0,0,0,0,78.18,1.5,5,0.5,3425.04,4666.88,4.5%,"ETH_INR_15m_ST1(12,3.0)+ST2(7,3.0)_SL1.5pct_1-3",1,1
ETH/INR,15m,2026-07-25 to 2026-09-24 (60D),5742,7,3.0,12,3.0,"ST1(7,3.0)+ST2(12,3.0)",1.5%,1:3,1%,1.5,3.0,"ST1(7,3.0)+ST2(12,3.0)",10000,8758.54,-1241.46,-12.41,1454.0,14.54,171.252,-72.92,95.14,-72.92,142.71,-72.92,36.0,64.0,0.73,-12.41,100,36,64,0,2,2,1.5,1.5,0,0,0,0,78.18,1.5,5,0.5,3425.04,4666.88,4.5%,"ETH_INR_15m_ST1(7,3.0)+ST2(12,3.0)_SL1.5pct_1-3",1,1
ETH/INR,15m,2026-07-25 to 2026-09-24 (60D),5742,14,3.5,10,4.0,"ST1(14,3.5)+ST2(10,4.0)",1.5%,1:3,1%,1.5,3.0,"ST1(14,3.5)+ST2(10,4.0)",10000,8756.56,-1243.44,-12.43,1396.0,13.96,163.062,-74.12,90.59,-74.12,135.885,-74.12,37.37,62.63,0.73,-12.56,99,37,62,0,2,2,1.5,1.5,0,0,0,0,79.24,1.5,5,0.5,3351.83,4595.4400000000005,4.5%,"ETH_INR_15m_ST1(14,3.5)+ST2(10,4.0)_SL1.5pct_1-3",1,1
ETH/INR,15m,2026-07-25 to 2026-09-24 (60D),5742,10,4.0,14,3.5,"ST1(10,4.0)+ST2(14,3.5)",1.5%,1:3,1%,1.5,3.0,"ST1(10,4.0)+ST2(14,3.5)",10000,8756.56,-1243.44,-12.43,1396.0,13.96,163.062,-74.12,90.59,-74.12,135.885,-74.12,37.37,62.63,0.73,-12.56,99,37,62,0,2,2,1.5,1.5,0,0,0,0,79.24,1.5,5,0.5,3351.83,4595.4400000000005,4.5%,"ETH_INR_15m_ST1(10,4.0)+ST2(14,3.5)_SL1.5pct_1-3",1,1
ETH/INR,15m,2026-07-25 to 2026-09-24 (60D),5742,10,4.0,10,3.5,"ST1(10,4.0)+ST2(10,3.5)",1.5%,1:3,1%,1.5,3.0,"ST1(10,4.0)+ST2(10,3.5)",10000,8756.49,-1243.51,-12.44,1396.0,13.96,158.976,-75.61,88.32,-75.61,132.48,-75.61,38.61,61.39,0.73,-12.31,101,39,62,0,2,2,1.5,1.5,0,0,0,0,79.64,1.5,5,0.5,3444.48,4687.82,4.5%,"ETH_INR_15m_ST1(10,4.0)+ST2(10,3.5)_SL1.5pct_1-3",1,1
ETH/INR,15m,2026-07-25 to 2026-09-24 (60D),5742,10,3.5,10,4.0,"ST1(10,3.5)+ST2(10,4.0)",1.5%,1:3,1%,1.5,3.0,"ST1(10,3.5)+ST2(10,4.0)",10000,8756.49,-1243.51,-12.44,1396.0,13.96,158.976,-75.61,88.32,-75.61,132.48,-75.61,38.61,61.39,0.73,-12.31,101,39,62,0,2,2,1.5,1.5,0,0,0,0,79.64,1.5,5,0.5,3444.48,4687.82,4.5%,"ETH_INR_15m_ST1(10,3.5)+ST2(10,4.0)_SL1.5pct_1-3",1,1
ETH/INR,15m,2026-07-25 to 2026-09-24 (60D),5742,14,2.0,12,4.0,"ST1(14,2.0)+ST2(12,4.0)",1.5%,1:3,1%,1.5,3.0,"ST1(14,2.0)+ST2(12,4.0)",10000,8751.33,-1248.67,-12.49,1497.0,14.97,156.492,-68.63,86.94,-68.63,130.41,-68.63,35.48,64.52000000000001,0.7,-13.43,93,33,60,0,2,2,1.5,1.5,0,0,0,0,68.77,1.5,5,0.5,2869.02,4117.799999999999,4.5%,"ETH_INR_15m_ST1(14,2.0)+ST2(12,4.0)_SL1.5pct_1-3",1,1
ETH/INR,15m,2026-07-25 to 2026-09-24 (60D),5742,12,4.0,14,2.0,"ST1(12,4.0)+ST2(14,2.0)",1.5%,1:3,1%,1.5,3.0,"ST1(12,4.0)+ST2(14,2.0)",10000,8751.33,-1248.67,-12.49,1497.0,14.97,156.492,-68.63,86.94,-68.63,130.41,-68.63,35.48,64.52000000000001,0.7,-13.43,93,33,60,0,2,2,1.5,1.5,0,0,0,0,68.77,1.5,5,0.5,2869.02,4117.799999999999,4.5%,"ETH_INR_15m_ST1(12,4.0)+ST2(14,2.0)_SL1.5pct_1-3",1,1
ETH/INR,30m,2026-07-25 to 2026-09-24 (60D),2872,12,3.5,7,3.0,"ST1(12,3.5)+ST2(7,3.0)",1.5%,1:3,1%,1.5,3.0,"ST1(12,3.5)+ST2(7,3.0)",10000,8747.54,-1252.46,-12.52,1647.0,16.47,172.602,-69.85,95.89,-69.85,143.835,-69.85,32.93,67.07,0.67,-15.27,82,27,55,0,2,2,1.5,1.5,0,0,0,0,64.05,1.5,5,0.5,2589.03,3841.75,4.5%,"ETH_INR_30m_ST1(12,3.5)+ST2(7,3.0)_SL1.5pct_1-3",1,2
ETH/INR,30m,2026-07-25 to 2026-09-24 (60D),2872,7,3.0,12,3.5,"ST1(7,3.0)+ST2(12,3.5)",1.5%,1:3,1%,1.5,3.0,"ST1(7,3.0)+ST2(12,3.5)",10000,8747.54,-1252.46,-12.52,1647.0,16.47,172.602,-69.85,95.89,-69.85,143.835,-69.85,32.93,67.07,0.67,-15.27,82,27,55,0,2,2,1.5,1.5,0,0,0,0,64.05,1.5,5,0.5,2589.03,3841.75,4.5%,"ETH_INR_30m_ST1(7,3.0)+ST2(12,3.5)_SL1.5pct_1-3",1,2
ETH/INR,15m,2026-07-25 to 2026-09-24 (60D),5742,12,3.0,10,4.0,"ST1(12,3.0)+ST2(10,4.0)",1.5%,1:3,1%,1.5,3.0,"ST1(12,3.0)+ST2(10,4.0)",10000,8741.22,-1258.78,-12.59,1411.0,14.11,160.506,-74.72,89.17,-74.72,133.755,-74.72,37.76,62.24,0.72,-12.85,98,37,61,0,2,2,1.5,1.5,0,0,0,0,77.5,1.5,5,0.5,3299.29,4557.92,4.5%,"ETH_INR_15m_ST1(12,3.0)+ST2(10,4.0)_SL1.5pct_1-3",1,1
ETH/INR,15m,2026-07-25 to 2026-09-24 (60D),5742,10,4.0,12,3.0,"ST1(10,4.0)+ST2(12,3.0)",1.5%,1:3,1%,1.5,3.0,"ST1(10,4.0)+ST2(12,3.0)",10000,8741.22,-1258.78,-12.59,1411.0,14.11,160.506,-74.72,89.17,-74.72,133.755,-74.72,37.76,62.24,0.72,-12.85,98,37,61,0,2,2,1.5,1.5,0,0,0,0,77.5,1.5,5,0.5,3299.29,4557.92,4.5%,"ETH_INR_15m_ST1(10,4.0)+ST2(12,3.0)_SL1.5pct_1-3",1,1
ETH/INR,30m,2026-07-25 to 2026-09-24 (60D),2872,7,4.0,10,3.0,"ST1(7,4.0)+ST2(10,3.0)",1.5%,1:3,1%,1.5,3.0,"ST1(7,4.0)+ST2(10,3.0)",10000,8740.86,-1259.14,-12.59,1456.0,14.56,171.99,-67.55,95.55,-67.55,143.325,-67.55,31.65,68.35,0.65,-15.94,79,25,54,0,2,2,1.5,1.5,0,0,0,0,57.72,1.5,5,0.5,2388.75,3647.7,4.5%,"ETH_INR_30m_ST1(7,4.0)+ST2(10,3.0)_SL1.5pct_1-3",1,2
ETH/INR,30m,2026-07-25 to 2026-09-24 (60D),2872,10,3.0,7,4.0,"ST1(10,3.0)+ST2(7,4.0)",1.5%,1:3,1%,1.5,3.0,"ST1(10,3.0)+ST2(7,4.0)",10000,8740.86,-1259.14,-12.59,1456.0,14.56,171.99,-67.55,95.55,-67.55,143.325,-67.55,31.65,68.35,0.65,-15.94,79,25,54,0,2,2,1.5,1.5,0,0,0,0,57.72,1.5,5,0.5,2388.75,3647.7,4.5%,"ETH_INR_30m_ST1(10,3.0)+ST2(7,4.0)_SL1.5pct_1-3",1,2
ETH/INR,15m,2026-07-25 to 2026-09-24 (60D),5742,12,2.0,7,3.5,"ST1(12,2.0)+ST2(7,3.5)",1.5%,1:3,1%,1.5,3.0,"ST1(12,2.0)+ST2(7,3.5)",10000,8740.84,-1259.16,-12.59,1389.0,13.89,159.372,-69.99,88.54,-69.99,132.81,-69.99,35.79,64.21000000000001,0.71,-13.25,95,34,61,0,2,2,1.5,1.5,0,0,0,0,70.32,1.5,5,0.5,3010.36,4269.389999999999,4.5%,"ETH_INR_15m_ST1(12,2.0)+ST2(7,3.5)_SL1.5pct_1-3",1,1
ETH/INR,15m,2026-07-25 to 2026-09-24 (60D),5742,7,3.5,12,2.0,"ST1(7,3.5)+ST2(12,2.0)",1.5%,1:3,1%,1.5,3.0,"ST1(7,3.5)+ST2(12,2.0)",10000,8740.84,-1259.16,-12.59,1389.0,13.89,159.372,-69.99,88.54,-69.99,132.81,-69.99,35.79,64.21000000000001,0.71,-13.25,95,34,61,0,2,2,1.5,1.5,0,0,0,0,70.32,1.5,5,0.5,3010.36,4269.389999999999,4.5%,"ETH_INR_15m_ST1(7,3.5)+ST2(12,2.0)_SL1.5pct_1-3",1,1
ETH/INR,15m,2026-07-25 to 2026-09-24 (60D),5742,12,3.0,14,4.0,"ST1(12,3.0)+ST2(14,4.0)",1.5%,1:3,1%,1.5,3.0,"ST1(12,3.0)+ST2(14,4.0)",10000,8739.41,-1260.59,-12.61,1412.0,14.12,161.11800000000002,-74.96,89.51,-74.96,134.265,-74.96,37.76,62.24,0.72,-12.86,98,37,61,0,2,2,1.5,1.5,0,0,0,0,78.54,1.5,5,0.5,3311.8700000000003,4572.56,4.5%,"ETH_INR_15m_ST1(12,3.0)+ST2(14,4.0)_SL1.5pct_1-3",1,1
ETH/INR,15m,2026-07-25 to 2026-09-24 (60D),5742,14,4.0,12,3.0,"ST1(14,4.0)+ST2(12,3.0)",1.5%,1:3,1%,1.5,3.0,"ST1(14,4.0)+ST2(12,3.0)",10000,8739.41,-1260.59,-12.61,1412.0,14.12,161.11800000000002,-74.96,89.51,-74.96,134.265,-74.96,37.76,62.24,0.72,-12.86,98,37,61,0,2,2,1.5,1.5,0,0,0,0,78.54,1.5,5,0.5,3311.8700000000003,4572.56,4.5%,"ETH_INR_15m_ST1(14,4.0)+ST2(12,3.0)_SL1.5pct_1-3",1,1
ETH/INR,15m,2026-07-25 to 2026-09-24 (60D),5742,10,3.5,12,3.5,"ST1(10,3.5)+ST2(12,3.5)",1.5%,1:3,1%,1.5,3.0,"ST1(10,3.5)+ST2(12,3.5)",10000,8733.93,-1266.07,-12.66,1495.0,14.95,164.736,-74.13,91.52,-74.13,137.28,-74.13,37.25,62.75,0.73,-12.41,102,38,64,0,2,2,1.5,1.5,0,0,0,0,80.51,1.5,5,0.5,3477.76,4744.32,4.5%,"ETH_INR_15m_ST1(10,3.5)+ST2(12,3.5)_SL1.5pct_1-3",1,1
ETH/INR,15m,2026-07-25 to 2026-09-24 (60D),5742,12,3.5,10,3.5,"ST1(12,3.5)+ST2(10,3.5)",1.5%,1:3,1%,1.5,3.0,"ST1(12,3.5)+ST2(10,3.5)",10000,8733.93,-1266.07,-12.66,1495.0,14.95,164.736,-74.13,91.52,-74.13,137.28,-74.13,37.25,62.75,0.73,-12.41,102,38,64,0,2,2,1.5,1.5,0,0,0,0,80.51,1.5,5,0.5,3477.76,4744.32,4.5%,"ETH_INR_15m_ST1(12,3.5)+ST2(10,3.5)_SL1.5pct_1-3",1,1
ETH/INR,15m,2026-07-25 to 2026-09-24 (60D),5742,7,3.5,14,3.0,"ST1(7,3.5)+ST2(14,3.0)",1.5%,1:3,1%,1.5,3.0,"ST1(7,3.5)+ST2(14,3.0)",10000,8732.62,-1267.38,-12.67,1419.0,14.19,159.39,-72.78,88.55,-72.78,132.825,-72.78,36.84,63.16,0.71,-13.34,95,35,60,0,2,2,1.5,1.5,0,0,0,0,79.14,1.5,5,0.5,3099.25,4366.8,4.5%,"ETH_INR_15m_ST1(7,3.5)+ST2(14,3.0)_SL1.5pct_1-3",1,1
ETH/INR,15m,2026-07-25 to 2026-09-24 (60D),5742,14,3.0,7,3.5,"ST1(14,3.0)+ST2(7,3.5)",1.5%,1:3,1%,1.5,3.0,"ST1(14,3.0)+ST2(7,3.5)",10000,8732.62,-1267.38,-12.67,1419.0,14.19,159.39,-72.78,88.55,-72.78,132.825,-72.78,36.84,63.16,0.71,-13.34,95,35,60,0,2,2,1.5,1.5,0,0,0,0,79.14,1.5,5,0.5,3099.25,4366.8,4.5%,"ETH_INR_15m_ST1(14,3.0)+ST2(7,3.5)_SL1.5pct_1-3",1,1
ETH/INR,15m,2026-07-25 to 2026-09-24 (60D),5742,10,3.0,14,4.0,"ST1(10,3.0)+ST2(14,4.0)",1.5%,1:3,1%,1.5,3.0,"ST1(10,3.0)+ST2(14,4.0)",10000,8731.94,-1268.06,-12.68,1420.0,14.2,163.02599999999998,-75.72,90.57,-75.72,135.855,-75.72,37.76,62.24,0.73,-12.94,98,37,61,0,2,2,1.5,1.5,0,0,0,0,77.97,1.5,5,0.5,3351.09,4618.92,4.5%,"ETH_INR_15m_ST1(10,3.0)+ST2(14,4.0)_SL1.5pct_1-3",1,1
ETH/INR,15m,2026-07-25 to 2026-09-24 (60D),5742,14,4.0,10,3.0,"ST1(14,4.0)+ST2(10,3.0)",1.5%,1:3,1%,1.5,3.0,"ST1(14,4.0)+ST2(10,3.0)",10000,8731.94,-1268.06,-12.68,1420.0,14.2,163.02599999999998,-75.72,90.57,-75.72,135.855,-75.72,37.76,62.24,0.73,-12.94,98,37,61,0,2,2,1.5,1.5,0,0,0,0,77.97,1.5,5,0.5,3351.09,4618.92,4.5%,"ETH_INR_15m_ST1(14,4.0)+ST2(10,3.0)_SL1.5pct_1-3",1,1
ETH/INR,15m,2026-07-25 to 2026-09-24 (60D),5742,10,3.5,14,3.5,"ST1(10,3.5)+ST2(14,3.5)",1.5%,1:3,1%,1.5,3.0,"ST1(10,3.5)+ST2(14,3.5)",10000,8730.15,-1269.85,-12.7,1498.0,14.98,163.476,-74.94,90.82,-74.94,136.23,-74.94,37.62,62.38,0.73,-12.57,101,38,63,0,2,2,1.5,1.5,0,0,0,0,79.71,1.5,5,0.5,3451.16,4721.22,4.5%,"ETH_INR_15m_ST1(10,3.5)+ST2(14,3.5)_SL1.5pct_1-3",1,1
ETH/INR,15m,2026-07-25 to 2026-09-24 (60D),5742,14,3.5,10,3.5,"ST1(14,3.5)+ST2(10,3.5)",1.5%,1:3,1%,1.5,3.0,"ST1(14,3.5)+ST2(10,3.5)",10000,8730.15,-1269.85,-12.7,1498.0,14.98,163.476,-74.94,90.82,-74.94,136.23,-74.94,37.62,62.38,0.73,-12.57,101,38,63,0,2,2,1.5,1.5,0,0,0,0,79.71,1.5,5,0.5,3451.16,4721.22,4.5%,"ETH_INR_15m_ST1(14,3.5)+ST2(10,3.5)_SL1.5pct_1-3",1,1
ETH/INR,15m,2026-07-25 to 2026-09-24 (60D),5742,14,4.0,14,3.5,"ST1(14,4.0)+ST2(14,3.5)",1.5%,1:3,1%,1.5,3.0,"ST1(14,4.0)+ST2(14,3.5)",10000,8730.13,-1269.87,-12.7,1422.0,14.22,162.144,-74.24,90.08,-74.24,135.12,-74.24,37.37,62.63,0.72,-12.83,99,37,62,0,2,2,1.5,1.5,0,0,0,0,80.39,1.5,5,0.5,3332.96,4602.88,4.5%,"ETH_INR_15m_ST1(14,4.0)+ST2(14,3.5)_SL1.5pct_1-3",1,1
ETH/INR,15m,2026-07-25 to 2026-09-24 (60D),5742,14,3.5,14,4.0,"ST1(14,3.5)+ST2(14,4.0)",1.5%,1:3,1%,1.5,3.0,"ST1(14,3.5)+ST2(14,4.0)",10000,8730.13,-1269.87,-12.7,1422.0,14.22,162.144,-74.24,90.08,-74.24,135.12,-74.24,37.37,62.63,0.72,-12.83,99,37,62,0,2,2,1.5,1.5,0,0,0,0,80.39,1.5,5,0.5,3332.96,4602.88,4.5%,"ETH_INR_15m_ST1(14,3.5)+ST2(14,4.0)_SL1.5pct_1-3",1,1
ETH/INR,15m,2026-07-25 to 2026-09-24 (60D),5742,14,3.5,12,3.0,"ST1(14,3.5)+ST2(12,3.0)",1.5%,1:3,1%,1.5,3.0,"ST1(14,3.5)+ST2(12,3.0)",10000,8730.09,-1269.91,-12.7,1482.0,14.82,163.78199999999998,-73.59,90.99,-73.59,136.485,-73.59,37.0,63.0,0.73,-12.7,100,37,63,0,2,2,1.5,1.5,0,0,0,0,78.67,1.5,5,0.5,3366.63,4636.17,4.5%,"ETH_INR_15m_ST1(14,3.5)+ST2(12,3.0)_SL1.5pct_1-3",1,1
ETH/INR,15m,2026-07-25 to 2026-09-24 (60D),5742,12,3.0,14,3.5,"ST1(12,3.0)+ST2(14,3.5)",1.5%,1:3,1%,1.5,3.0,"ST1(12,3.0)+ST2(14,3.5)",10000,8730.09,-1269.91,-12.7,1482.0,14.82,163.78199999999998,-73.59,90.99,-73.59,136.485,-73.59,37.0,63.0,0.73,-12.7,100,37,63,0,2,2,1.5,1.5,0,0,0,0,78.67,1.5,5,0.5,3366.63,4636.17,4.5%,"ETH_INR_15m_ST1(12,3.0)+ST2(14,3.5)_SL1.5pct_1-3",1,1
ETH/INR,15m,2026-07-25 to 2026-09-24 (60D),5742,10,3.0,10,4.0,"ST1(10,3.0)+ST2(10,4.0)",1.5%,1:3,1%,1.5,3.0,"ST1(10,3.0)+ST2(10,4.0)",10000,8723.89,-1276.11,-12.76,1428.0,14.28,167.544,-74.63,93.08,-74.63,139.62,-74.63,36.73,63.27,0.72,-13.02,98,36,62,0,2,2,1.5,1.5,0,0,0,0,76.72,1.5,5,0.5,3350.88,4627.06,4.5%,"ETH_INR_15m_ST1(10,3.0)+ST2(10,4.0)_SL1.5pct_1-3",1,1
ETH/INR,15m,2026-07-25 to 2026-09-24 (60D),5742,10,4.0,10,3.0,"ST1(10,4.0)+ST2(10,3.0)",1.5%,1:3,1%,1.5,3.0,"ST1(10,4.0)+ST2(10,3.0)",10000,8723.89,-1276.11,-12.76,1428.0,14.28,167.544,-74.63,93.08,-74.63,139.62,-74.63,36.73,63.27,0.72,-13.02,98,36,62,0,2,2,1.5,1.5,0,0,0,0,76.72,1.5,5,0.5,3350.88,4627.06,4.5%,"ETH_INR_15m_ST1(10,4.0)+ST2(10,3.0)_SL1.5pct_1-3",1,1
ETH/INR,30m,2026-07-25 to 2026-09-24 (60D),2872,12,2.0,10,4.0,"ST1(12,2.0)+ST2(10,4.0)",1.5%,1:3,1%,1.5,3.0,"ST1(12,2.0)+ST2(10,4.0)",10000,8723.82,-1276.18,-12.76,1624.0,16.24,161.676,-68.21,89.82,-68.21,134.73,-68.21,31.94,68.06,0.62,-17.73,72,23,49,0,2,2,1.5,1.5,0,0,0,0,51.72,1.5,5,0.5,2065.86,3342.2899999999995,4.5%,"ETH_INR_30m_ST1(12,2.0)+ST2(10,4.0)_SL1.5pct_1-3",1,2
ETH/INR,30m,2026-07-25 to 2026-09-24 (60D),2872,10,4.0,12,2.0,"ST1(10,4.0)+ST2(12,2.0)",1.5%,1:3,1%,1.5,3.0,"ST1(10,4.0)+ST2(12,2.0)",10000,8723.82,-1276.18,-12.76,1624.0,16.24,161.676,-68.21,89.82,-68.21,134.73,-68.21,31.94,68.06,0.62,-17.73,72,23,49,0,2,2,1.5,1.5,0,0,0,0,51.72,1.5,5,0.5,2065.86,3342.2899999999995,4.5%,"ETH_INR_30m_ST1(10,4.0)+ST2(12,2.0)_SL1.5pct_1-3",1,2
ETH/INR,15m,2026-07-25 to 2026-09-24 (60D),5742,10,3.0,12,3.5,"ST1(10,3.0)+ST2(12,3.5)",1.5%,1:3,1%,1.5,3.0,"ST1(10,3.0)+ST2(12,3.5)",10000,8719.91,-1280.09,-12.8,1492.0,14.92,169.65,-74.17,94.25,-74.17,141.375,-74.17,36.36,63.64,0.73,-12.93,99,36,63,0,2,2,1.5,1.5,0,0,0,0,78.34,1.5,5,0.5,3393.0,4672.71,4.5%,"ETH_INR_15m_ST1(10,3.0)+ST2(12,3.5)_SL1.5pct_1-3",1,1
ETH/INR,15m,2026-07-25 to 2026-09-24 (60D),5742,12,3.5,10,3.0,"ST1(12,3.5)+ST2(10,3.0)",1.5%,1:3,1%,1.5,3.0,"ST1(12,3.5)+ST2(10,3.0)",10000,8719.91,-1280.09,-12.8,1492.0,14.92,169.65,-74.17,94.25,-74.17,141.375,-74.17,36.36,63.64,0.73,-12.93,99,36,63,0,2,2,1.5,1.5,0,0,0,0,78.34,1.5,5,0.5,3393.0,4672.71,4.5%,"ETH_INR_15m_ST1(12,3.5)+ST2(10,3.0)_SL1.5pct_1-3",1,1
ETH/INR,15m,2026-07-25 to 2026-09-24 (60D),5742,10,4.0,14,2.0,"ST1(10,4.0)+ST2(14,2.0)",1.5%,1:3,1%,1.5,3.0,"ST1(10,4.0)+ST2(14,2.0)",10000,8716.73,-1283.27,-12.83,1436.0,14.36,161.082,-67.98,89.49,-67.98,134.235,-67.98,34.41,65.59,0.69,-13.8,93,32,61,0,2,2,1.5,1.5,0,0,0,0,68.16,1.5,5,0.5,2863.68,4146.780000000001,4.5%,"ETH_INR_15m_ST1(10,4.0)+ST2(14,2.0)_SL1.5pct_1-3",1,1
ETH/INR,15m,2026-07-25 to 2026-09-24 (60D),5742,14,2.0,10,4.0,"ST1(14,2.0)+ST2(10,4.0)",1.5%,1:3,1%,1.5,3.0,"ST1(14,2.0)+ST2(10,4.0)",10000,8716.73,-1283.27,-12.83,1436.0,14.36,161.082,-67.98,89.49,-67.98,134.235,-67.98,34.41,65.59,0.69,-13.8,93,32,61,0,2,2,1.5,1.5,0,0,0,0,68.16,1.5,5,0.5,2863.68,4146.780000000001,4.5%,"ETH_INR_15m_ST1(14,2.0)+ST2(10,4.0)_SL1.5pct_1-3",1,1
ETH/INR,15m,2026-07-25 to 2026-09-24 (60D),5742,10,3.5,14,2.0,"ST1(10,3.5)+ST2(14,2.0)",1.5%,1:3,1%,1.5,3.0,"ST1(10,3.5)+ST2(14,2.0)",10000,8712.59,-1287.41,-12.87,1416.0,14.16,161.568,-67.09,89.76,-67.09,134.64,-67.09,34.04,65.96000000000001,0.69,-13.7,94,32,62,0,2,2,1.5,1.5,0,0,0,0,69.16,1.5,5,0.5,2872.32,4159.58,4.5%,"ETH_INR_15m_ST1(10,3.5)+ST2(14,2.0)_SL1.5pct_1-3",1,1
ETH/INR,15m,2026-07-25 to 2026-09-24 (60D),5742,14,2.0,10,3.5,"ST1(14,2.0)+ST2(10,3.5)",1.5%,1:3,1%,1.5,3.0,"ST1(14,2.0)+ST2(10,3.5)",10000,8712.59,-1287.41,-12.87,1416.0,14.16,161.568,-67.09,89.76,-67.09,134.64,-67.09,34.04,65.96000000000001,0.69,-13.7,94,32,62,0,2,2,1.5,1.5,0,0,0,0,69.16,1.5,5,0.5,2872.32,4159.58,4.5%,"ETH_INR_15m_ST1(14,2.0)+ST2(10,3.5)_SL1.5pct_1-3",1,1
ETH/INR,15m,2026-07-25 to 2026-09-24 (60D),5742,10,3.5,14,4.0,"ST1(10,3.5)+ST2(14,4.0)",1.5%,1:3,1%,1.5,3.0,"ST1(10,3.5)+ST2(14,4.0)",10000,8711.54,-1288.46,-12.88,1457.0,14.57,161.856,-74.69,89.92,-74.69,134.88,-74.69,37.62,62.38,0.73,-12.76,101,38,63,0,2,2,1.5,1.5,0,0,0,0,79.87,1.5,5,0.5,3416.96,4705.47,4.5%,"ETH_INR_15m_ST1(10,3.5)+ST2(14,4.0)_SL1.5pct_1-3",1,1
ETH/INR,15m,2026-07-25 to 2026-09-24 (60D),5742,14,4.0,10,3.5,"ST1(14,4.0)+ST2(10,3.5)",1.5%,1:3,1%,1.5,3.0,"ST1(14,4.0)+ST2(10,3.5)",10000,8711.54,-1288.46,-12.88,1457.0,14.57,161.856,-74.69,89.92,-74.69,134.88,-74.69,37.62,62.38,0.73,-12.76,101,38,63,0,2,2,1.5,1.5,0,0,0,0,79.87,1.5,5,0.5,3416.96,4705.47,4.5%,"ETH_INR_15m_ST1(14,4.0)+ST2(10,3.5)_SL1.5pct_1-3",1,1
ETH/INR,15m,2026-07-25 to 2026-09-24 (60D),5742,12,3.0,14,3.0,"ST1(12,3.0)+ST2(14,3.0)",1.5%,1:3,1%,1.5,3.0,"ST1(12,3.0)+ST2(14,3.0)",10000,8704.16,-1295.84,-12.96,1447.0,14.47,163.692,-72.24,90.94,-72.24,136.41,-72.24,36.08,63.92,0.71,-13.36,97,35,62,0,2,2,1.5,1.5,0,0,0,0,80.6,1.5,5,0.5,3182.9,4478.88,4.5%,"ETH_INR_15m_ST1(12,3.0)+ST2(14,3.0)_SL1.5pct_1-3",1,1
ETH/INR,15m,2026-07-25 to 2026-09-24 (60D),5742,14,3.0,12,3.0,"ST1(14,3.0)+ST2(12,3.0)",1.5%,1:3,1%,1.5,3.0,"ST1(14,3.0)+ST2(12,3.0)",10000,8704.16,-1295.84,-12.96,1447.0,14.47,163.692,-72.24,90.94,-72.24,136.41,-72.24,36.08,63.92,0.71,-13.36,97,35,62,0,2,2,1.5,1.5,0,0,0,0,80.6,1.5,5,0.5,3182.9,4478.88,4.5%,"ETH_INR_15m_ST1(14,3.0)+ST2(12,3.0)_SL1.5pct_1-3",1,1
ETH/INR,15m,2026-07-25 to 2026-09-24 (60D),5742,10,4.0,14,3.0,"ST1(10,4.0)+ST2(14,3.0)",1.5%,1:3,1%,1.5,3.0,"ST1(10,4.0)+ST2(14,3.0)",10000,8699.83,-1300.17,-13.0,1451.0,14.51,150.102,-74.17,83.39,-74.17,125.085,-74.17,38.3,61.7,0.7,-13.83,94,36,58,0,2,2,1.5,1.5,0,0,0,0,77.67,1.5,5,0.5,3002.04,4301.86,4.5%,"ETH_INR_15m_ST1(10,4.0)+ST2(14,3.0)_SL1.5pct_1-3",1,1
ETH/INR,15m,2026-07-25 to 2026-09-24 (60D),5742,14,3.0,10,4.0,"ST1(14,3.0)+ST2(10,4.0)",1.5%,1:3,1%,1.5,3.0,"ST1(14,3.0)+ST2(10,4.0)",10000,8699.83,-1300.17,-13.0,1451.0,14.51,150.102,-74.17,83.39,-74.17,125.085,-74.17,38.3,61.7,0.7,-13.83,94,36,58,0,2,2,1.5,1.5,0,0,0,0,77.67,1.5,5,0.5,3002.04,4301.86,4.5%,"ETH_INR_15m_ST1(14,3.0)+ST2(10,4.0)_SL1.5pct_1-3",1,1
ETH/INR,15m,2026-07-25 to 2026-09-24 (60D),5742,10,2.0,10,3.0,"ST1(10,2.0)+ST2(10,3.0)",1.5%,1:3,1%,1.5,3.0,"ST1(10,2.0)+ST2(10,3.0)",10000,8694.69,-1305.31,-13.05,1681.0,16.81,177.102,-68.97,98.39,-68.97,147.585,-68.97,33.33,66.67,0.71,-13.18,99,33,66,0,2,2,1.5,1.5,0,0,0,0,73.34,1.5,5,0.5,3246.87,4552.02,4.5%,"ETH_INR_15m_ST1(10,2.0)+ST2(10,3.0)_SL1.5pct_1-3",1,1
ETH/INR,15m,2026-07-25 to 2026-09-24 (60D),5742,10,3.0,10,2.0,"ST1(10,3.0)+ST2(10,2.0)",1.5%,1:3,1%,1.5,3.0,"ST1(10,3.0)+ST2(10,2.0)",10000,8694.69,-1305.31,-13.05,1681.0,16.81,177.102,-68.97,98.39,-68.97,147.585,-68.97,33.33,66.67,0.71,-13.18,99,33,66,0,2,2,1.5,1.5,0,0,0,0,73.34,1.5,5,0.5,3246.87,4552.02,4.5%,"ETH_INR_15m_ST1(10,3.0)+ST2(10,2.0)_SL1.5pct_1-3",1,1
ETH/INR,30m,2026-07-25 to 2026-09-24 (60D),2872,10,3.5,14,4.0,"ST1(10,3.5)+ST2(14,4.0)",1.5%,1:3,1%,1.5,3.0,"ST1(10,3.5)+ST2(14,4.0)",10000,8689.99,-1310.01,-13.1,1492.0,14.92,161.91,-68.84,89.95,-68.84,134.925,-68.84,32.91,67.09,0.64,-16.58,79,26,53,0,2,2,1.5,1.5,0,0,0,0,63.98,1.5,5,0.5,2338.7000000000003,3648.52,4.5%,"ETH_INR_30m_ST1(10,3.5)+ST2(14,4.0)_SL1.5pct_1-3",1,2
ETH/INR,30m,2026-07-25 to 2026-09-24 (60D),2872,14,4.0,10,3.5,"ST1(14,4.0)+ST2(10,3.5)",1.5%,1:3,1%,1.5,3.0,"ST1(14,4.0)+ST2(10,3.5)",10000,8689.99,-1310.01,-13.1,1492.0,14.92,161.91,-68.84,89.95,-68.84,134.925,-68.84,32.91,67.09,0.64,-16.58,79,26,53,0,2,2,1.5,1.5,0,0,0,0,63.98,1.5,5,0.5,2338.7000000000003,3648.52,4.5%,"ETH_INR_30m_ST1(14,4.0)+ST2(10,3.5)_SL1.5pct_1-3",1,2
ETH/INR,30m,2026-07-25 to 2026-09-24 (60D),2872,14,4.0,7,3.0,"ST1(14,4.0)+ST2(7,3.0)",1.5%,1:3,1%,1.5,3.0,"ST1(14,4.0)+ST2(7,3.0)",10000,8681.18,-1318.82,-13.19,1514.0,15.14,153.162,-69.24,85.09,-69.24,127.635,-69.24,33.77,66.22999999999999,0.63,-17.13,77,26,51,0,2,2,1.5,1.5,0,0,0,0,60.12,1.5,5,0.5,2212.34,3531.24,4.5%,"ETH_INR_30m_ST1(14,4.0)+ST2(7,3.0)_SL1.5pct_1-3",1,2
ETH/INR,30m,2026-07-25 to 2026-09-24 (60D),2872,7,3.0,14,4.0,"ST1(7,3.0)+ST2(14,4.0)",1.5%,1:3,1%,1.5,3.0,"ST1(7,3.0)+ST2(14,4.0)",10000,8681.18,-1318.82,-13.19,1514.0,15.14,153.162,-69.24,85.09,-69.24,127.635,-69.24,33.77,66.22999999999999,0.63,-17.13,77,26,51,0,2,2,1.5,1.5,0,0,0,0,60.12,1.5,5,0.5,2212.34,3531.24,4.5%,"ETH_INR_30m_ST1(7,3.0)+ST2(14,4.0)_SL1.5pct_1-3",1,2
ETH/INR,15m,2026-07-25 to 2026-09-24 (60D),5742,14,3.0,14,4.0,"ST1(14,3.0)+ST2(14,4.0)",1.5%,1:3,1%,1.5,3.0,"ST1(14,3.0)+ST2(14,4.0)",10000,8673.57,-1326.43,-13.26,1477.0,14.77,149.148,-74.3,82.86,-74.3,124.29,-74.3,38.3,61.7,0.69,-14.11,94,36,58,0,2,2,1.5,1.5,0,0,0,0,78.82,1.5,5,0.5,2982.96,4309.4,4.5%,"ETH_INR_15m_ST1(14,3.0)+ST2(14,4.0)_SL1.5pct_1-3",1,1
ETH/INR,15m,2026-07-25 to 2026-09-24 (60D),5742,14,4.0,14,3.0,"ST1(14,4.0)+ST2(14,3.0)",1.5%,1:3,1%,1.5,3.0,"ST1(14,4.0)+ST2(14,3.0)",10000,8673.57,-1326.43,-13.26,1477.0,14.77,149.148,-74.3,82.86,-74.3,124.29,-74.3,38.3,61.7,0.69,-14.11,94,36,58,0,2,2,1.5,1.5,0,0,0,0,78.82,1.5,5,0.5,2982.96,4309.4,4.5%,"ETH_INR_15m_ST1(14,4.0)+ST2(14,3.0)_SL1.5pct_1-3",1,1
ETH/INR,15m,2026-07-25 to 2026-09-24 (60D),5742,7,2.0,10,3.0,"ST1(7,2.0)+ST2(10,3.0)",1.5%,1:3,1%,1.5,3.0,"ST1(7,2.0)+ST2(10,3.0)",10000,8662.81,-1337.19,-13.37,1760.0,17.6,178.074,-68.68,98.93,-68.68,148.395,-68.68,33.0,67.0,0.71,-13.37,100,33,67,0,2,2,1.5,1.5,0,0,0,0,72.55,1.5,5,0.5,3264.69,4601.56,4.5%,"ETH_INR_15m_ST1(7,2.0)+ST2(10,3.0)_SL1.5pct_1-3",1,1
ETH/INR,15m,2026-07-25 to 2026-09-24 (60D),5742,10,3.0,7,2.0,"ST1(10,3.0)+ST2(7,2.0)",1.5%,1:3,1%,1.5,3.0,"ST1(10,3.0)+ST2(7,2.0)",10000,8662.81,-1337.19,-13.37,1760.0,17.6,178.074,-68.68,98.93,-68.68,148.395,-68.68,33.0,67.0,0.71,-13.37,100,33,67,0,2,2,1.5,1.5,0,0,0,0,72.55,1.5,5,0.5,3264.69,4601.56,4.5%,"ETH_INR_15m_ST1(10,3.0)+ST2(7,2.0)_SL1.5pct_1-3",1,1
ETH/INR,30m,2026-07-25 to 2026-09-24 (60D),2872,10,4.0,14,3.5,"ST1(10,4.0)+ST2(14,3.5)",1.5%,1:3,1%,1.5,3.0,"ST1(10,4.0)+ST2(14,3.5)",10000,8662.15,-1337.85,-13.38,1519.0,15.19,159.984,-67.13,88.88,-67.13,133.32,-67.13,32.94,67.06,0.65,-15.74,85,28,57,0,2,2,1.5,1.5,0,0,0,0,63.92,1.5,5,0.5,2488.64,3826.41,4.5%,"ETH_INR_30m_ST1(10,4.0)+ST2(14,3.5)_SL1.5pct_1-3",1,2
ETH/INR,30m,2026-07-25 to 2026-09-24 (60D),2872,14,3.5,10,4.0,"ST1(14,3.5)+ST2(10,4.0)",1.5%,1:3,1%,1.5,3.0,"ST1(14,3.5)+ST2(10,4.0)",10000,8662.15,-1337.85,-13.38,1519.0,15.19,159.984,-67.13,88.88,-67.13,133.32,-67.13,32.94,67.06,0.65,-15.74,85,28,57,0,2,2,1.5,1.5,0,0,0,0,63.92,1.5,5,0.5,2488.64,3826.41,4.5%,"ETH_INR_30m_ST1(14,3.5)+ST2(10,4.0)_SL1.5pct_1-3",1,2
ETH/INR,15m,2026-07-25 to 2026-09-24 (60D),5742,12,3.5,14,3.5,"ST1(12,3.5)+ST2(14,3.5)",1.5%,1:3,1%,1.5,3.0,"ST1(12,3.5)+ST2(14,3.5)",10000,8655.33,-1344.67,-13.45,1555.0,15.55,164.196,-73.75,91.22,-73.75,136.82999999999998,-73.75,36.63,63.37,0.72,-13.31,101,37,64,0,2,2,1.5,1.5,0,0,0,0,81.12,1.5,5,0.5,3375.14,4720.0,4.5%,"ETH_INR_15m_ST1(12,3.5)+ST2(14,3.5)_SL1.5pct_1-3",1,1
ETH/INR,15m,2026-07-25 to 2026-09-24 (60D),5742,14,3.5,12,3.5,"ST1(14,3.5)+ST2(12,3.5)",1.5%,1:3,1%,1.5,3.0,"ST1(14,3.5)+ST2(12,3.5)",10000,8655.33,-1344.67,-13.45,1555.0,15.55,164.196,-73.75,91.22,-73.75,136.82999999999998,-73.75,36.63,63.37,0.72,-13.31,101,37,64,0,2,2,1.5,1.5,0,0,0,0,81.12,1.5,5,0.5,3375.14,4720.0,4.5%,"ETH_INR_15m_ST1(14,3.5)+ST2(12,3.5)_SL1.5pct_1-3",1,1
ETH/INR,30m,2026-07-25 to 2026-09-24 (60D),2872,12,4.0,14,3.5,"ST1(12,4.0)+ST2(14,3.5)",1.5%,1:3,1%,1.5,3.0,"ST1(12,4.0)+ST2(14,3.5)",10000,8655.04,-1344.96,-13.45,1526.0,15.26,159.93,-67.24,88.85,-67.24,133.27499999999998,-67.24,32.94,67.06,0.65,-15.82,85,28,57,0,2,2,1.5,1.5,0,0,0,0,64.47,1.5,5,0.5,2487.8,3832.68,4.5%,"ETH_INR_30m_ST1(12,4.0)+ST2(14,3.5)_SL1.5pct_1-3",1,2
ETH/INR,30m,2026-07-25 to 2026-09-24 (60D),2872,14,3.5,12,4.0,"ST1(14,3.5)+ST2(12,4.0)",1.5%,1:3,1%,1.5,3.0,"ST1(14,3.5)+ST2(12,4.0)",10000,8655.04,-1344.96,-13.45,1526.0,15.26,159.93,-67.24,88.85,-67.24,133.27499999999998,-67.24,32.94,67.06,0.65,-15.82,85,28,57,0,2,2,1.5,1.5,0,0,0,0,64.47,1.5,5,0.5,2487.8,3832.68,4.5%,"ETH_INR_30m_ST1(14,3.5)+ST2(12,4.0)_SL1.5pct_1-3",1,2
ETH/INR,15m,2026-07-25 to 2026-09-24 (60D),5742,7,3.5,12,3.0,"ST1(7,3.5)+ST2(12,3.0)",1.5%,1:3,1%,1.5,3.0,"ST1(7,3.5)+ST2(12,3.0)",10000,8646.42,-1353.58,-13.54,1530.0,15.3,165.924,-73.0,92.18,-73.0,138.27,-73.0,36.0,64.0,0.71,-13.54,100,36,64,0,2,2,1.5,1.5,0,0,0,0,79.31,1.5,5,0.5,3318.4800000000005,4672.0,4.5%,"ETH_INR_15m_ST1(7,3.5)+ST2(12,3.0)_SL1.5pct_1-3",1,1
ETH/INR,15m,2026-07-25 to 2026-09-24 (60D),5742,12,3.0,7,3.5,"ST1(12,3.0)+ST2(7,3.5)",1.5%,1:3,1%,1.5,3.0,"ST1(12,3.0)+ST2(7,3.5)",10000,8646.42,-1353.58,-13.54,1530.0,15.3,165.924,-73.0,92.18,-73.0,138.27,-73.0,36.0,64.0,0.71,-13.54,100,36,64,0,2,2,1.5,1.5,0,0,0,0,79.31,1.5,5,0.5,3318.4800000000005,4672.0,4.5%,"ETH_INR_15m_ST1(12,3.0)+ST2(7,3.5)_SL1.5pct_1-3",1,1
ETH/INR,15m,2026-07-25 to 2026-09-24 (60D),5742,10,3.5,14,3.0,"ST1(10,3.5)+ST2(14,3.0)",1.5%,1:3,1%,1.5,3.0,"ST1(10,3.5)+ST2(14,3.0)",10000,8645.66,-1354.34,-13.54,1505.0,15.05,149.22000000000003,-73.54,82.9,-73.54,124.35,-73.54,37.89,62.11,0.69,-14.26,95,36,59,0,2,2,1.5,1.5,0,0,0,0,79.43,1.5,5,0.5,2984.4,4338.860000000001,4.5%,"ETH_INR_15m_ST1(10,3.5)+ST2(14,3.0)_SL1.5pct_1-3",1,1
ETH/INR,15m,2026-07-25 to 2026-09-24 (60D),5742,14,3.0,10,3.5,"ST1(14,3.0)+ST2(10,3.5)",1.5%,1:3,1%,1.5,3.0,"ST1(14,3.0)+ST2(10,3.5)",10000,8645.66,-1354.34,-13.54,1505.0,15.05,149.22000000000003,-73.54,82.9,-73.54,124.35,-73.54,37.89,62.11,0.69,-14.26,95,36,59,0,2,2,1.5,1.5,0,0,0,0,79.43,1.5,5,0.5,2984.4,4338.860000000001,4.5%,"ETH_INR_15m_ST1(14,3.0)+ST2(10,3.5)_SL1.5pct_1-3",1,1
ETH/INR,15m,2026-07-25 to 2026-09-24 (60D),5742,7,3.5,14,2.0,"ST1(7,3.5)+ST2(14,2.0)",1.5%,1:3,1%,1.5,3.0,"ST1(7,3.5)+ST2(14,2.0)",10000,8626.8,-1373.2,-13.73,1501.0,15.01,160.794,-67.17,89.33,-67.17,133.995,-67.17,33.68,66.32,0.68,-14.45,95,32,63,0,2,2,1.5,1.5,0,0,0,0,70.65,1.5,5,0.5,2858.56,4231.71,4.5%,"ETH_INR_15m_ST1(7,3.5)+ST2(14,2.0)_SL1.5pct_1-3",1,1
ETH/INR,15m,2026-07-25 to 2026-09-24 (60D),5742,14,2.0,7,3.5,"ST1(14,2.0)+ST2(7,3.5)",1.5%,1:3,1%,1.5,3.0,"ST1(14,2.0)+ST2(7,3.5)",10000,8626.8,-1373.2,-13.73,1501.0,15.01,160.794,-67.17,89.33,-67.17,133.995,-67.17,33.68,66.32,0.68,-14.45,95,32,63,0,2,2,1.5,1.5,0,0,0,0,70.65,1.5,5,0.5,2858.56,4231.71,4.5%,"ETH_INR_15m_ST1(14,2.0)+ST2(7,3.5)_SL1.5pct_1-3",1,1
ETH/INR,15m,2026-07-25 to 2026-09-24 (60D),5742,10,3.0,14,2.0,"ST1(10,3.0)+ST2(14,2.0)",1.5%,1:3,1%,1.5,3.0,"ST1(10,3.0)+ST2(14,2.0)",10000,8620.09,-1379.91,-13.8,1602.0,16.02,174.096,-67.8,96.72,-67.8,145.07999999999998,-67.8,32.65,67.35,0.69,-14.08,98,32,66,0,2,2,1.5,1.5,0,0,0,0,71.18,1.5,5,0.5,3095.04,4474.8,4.5%,"ETH_INR_15m_ST1(10,3.0)+ST2(14,2.0)_SL1.5pct_1-3",1,1
ETH/INR,15m,2026-07-25 to 2026-09-24 (60D),5742,14,2.0,10,3.0,"ST1(14,2.0)+ST2(10,3.0)",1.5%,1:3,1%,1.5,3.0,"ST1(14,2.0)+ST2(10,3.0)",10000,8620.09,-1379.91,-13.8,1602.0,16.02,174.096,-67.8,96.72,-67.8,145.07999999999998,-67.8,32.65,67.35,0.69,-14.08,98,32,66,0,2,2,1.5,1.5,0,0,0,0,71.18,1.5,5,0.5,3095.04,4474.8,4.5%,"ETH_INR_15m_ST1(14,2.0)+ST2(10,3.0)_SL1.5pct_1-3",1,1
ETH/INR,15m,2026-07-25 to 2026-09-24 (60D),5742,7,3.5,10,3.0,"ST1(7,3.5)+ST2(10,3.0)",1.5%,1:3,1%,1.5,3.0,"ST1(7,3.5)+ST2(10,3.0)",10000,8614.18,-1385.82,-13.86,1561.0,15.61,171.864,-72.73,95.48,-72.73,143.22,-72.73,35.0,65.0,0.71,-13.86,100,35,65,0,2,2,1.5,1.5,0,0,0,0,78.81,1.5,5,0.5,3341.8,4727.45,4.5%,"ETH_INR_15m_ST1(7,3.5)+ST2(10,3.0)_SL1.5pct_1-3",1,1
ETH/INR,15m,2026-07-25 to 2026-09-24 (60D),5742,10,3.0,7,3.5,"ST1(10,3.0)+ST2(7,3.5)",1.5%,1:3,1%,1.5,3.0,"ST1(10,3.0)+ST2(7,3.5)",10000,8614.18,-1385.82,-13.86,1561.0,15.61,171.864,-72.73,95.48,-72.73,143.22,-72.73,35.0,65.0,0.71,-13.86,100,35,65,0,2,2,1.5,1.5,0,0,0,0,78.81,1.5,5,0.5,3341.8,4727.45,4.5%,"ETH_INR_15m_ST1(10,3.0)+ST2(7,3.5)_SL1.5pct_1-3",1,1
ETH/INR,30m,2026-07-25 to 2026-09-24 (60D),2872,7,3.0,10,3.5,"ST1(7,3.0)+ST2(10,3.5)",1.5%,1:3,1%,1.5,3.0,"ST1(7,3.0)+ST2(10,3.5)",10000,8612.62,-1387.38,-13.87,1732.0,17.32,155.988,-67.77,86.66,-67.77,129.99,-67.77,32.93,67.07,0.63,-16.92,82,27,55,0,2,2,1.5,1.5,0,0,0,0,62.94,1.5,5,0.5,2339.82,3727.35,4.5%,"ETH_INR_30m_ST1(7,3.0)+ST2(10,3.5)_SL1.5pct_1-3",1,2
ETH/INR,30m,2026-07-25 to 2026-09-24 (60D),2872,10,3.5,7,3.0,"ST1(10,3.5)+ST2(7,3.0)",1.5%,1:3,1%,1.5,3.0,"ST1(10,3.5)+ST2(7,3.0)",10000,8612.62,-1387.38,-13.87,1732.0,17.32,155.988,-67.77,86.66,-67.77,129.99,-67.77,32.93,67.07,0.63,-16.92,82,27,55,0,2,2,1.5,1.5,0,0,0,0,62.94,1.5,5,0.5,2339.82,3727.35,4.5%,"ETH_INR_30m_ST1(10,3.5)+ST2(7,3.0)_SL1.5pct_1-3",1,2
ETH/INR,15m,2026-07-25 to 2026-09-24 (60D),5742,14,3.0,14,3.5,"ST1(14,3.0)+ST2(14,3.5)",1.5%,1:3,1%,1.5,3.0,"ST1(14,3.0)+ST2(14,3.5)",10000,8611.54,-1388.46,-13.88,1538.0,15.38,148.878,-72.77,82.71,-72.77,124.065,-72.77,37.5,62.5,0.68,-14.46,96,36,60,0,2,2,1.5,1.5,0,0,0,0,78.63,1.5,5,0.5,2977.56,4366.2,4.5%,"ETH_INR_15m_ST1(14,3.0)+ST2(14,3.5)_SL1.5pct_1-3",1,1
ETH/INR,15m,2026-07-25 to 2026-09-24 (60D),5742,14,3.5,14,3.0,"ST1(14,3.5)+ST2(14,3.0)",1.5%,1:3,1%,1.5,3.0,"ST1(14,3.5)+ST2(14,3.0)",10000,8611.54,-1388.46,-13.88,1538.0,15.38,148.878,-72.77,82.71,-72.77,124.065,-72.77,37.5,62.5,0.68,-14.46,96,36,60,0,2,2,1.5,1.5,0,0,0,0,78.63,1.5,5,0.5,2977.56,4366.2,4.5%,"ETH_INR_15m_ST1(14,3.5)+ST2(14,3.0)_SL1.5pct_1-3",1,1
ETH/INR,30m,2026-07-25 to 2026-09-24 (60D),2872,14,3.5,10,3.5,"ST1(14,3.5)+ST2(10,3.5)",1.5%,1:3,1%,1.5,3.0,"ST1(14,3.5)+ST2(10,3.5)",10000,8610.58,-1389.42,-13.89,1720.0,17.2,159.426,-67.88,88.57,-67.88,132.855,-67.88,32.94,67.06,0.64,-16.35,85,28,57,0,2,2,1.5,1.5,0,0,0,0,66.53,1.5,5,0.5,2479.96,3869.16,4.5%,"ETH_INR_30m_ST1(14,3.5)+ST2(10,3.5)_SL1.5pct_1-3",1,2
ETH/INR,30m,2026-07-25 to 2026-09-24 (60D),2872,10,3.5,14,3.5,"ST1(10,3.5)+ST2(14,3.5)",1.5%,1:3,1%,1.5,3.0,"ST1(10,3.5)+ST2(14,3.5)",10000,8610.58,-1389.42,-13.89,1720.0,17.2,159.426,-67.88,88.57,-67.88,132.855,-67.88,32.94,67.06,0.64,-16.35,85,28,57,0,2,2,1.5,1.5,0,0,0,0,66.53,1.5,5,0.5,2479.96,3869.16,4.5%,"ETH_INR_30m_ST1(10,3.5)+ST2(14,3.5)_SL1.5pct_1-3",1,2
ETH/INR,15m,2026-07-25 to 2026-09-24 (60D),5742,14,3.5,10,3.0,"ST1(14,3.5)+ST2(10,3.0)",1.5%,1:3,1%,1.5,3.0,"ST1(14,3.5)+ST2(10,3.0)",10000,8608.97,-1391.03,-13.91,1600.0,16.0,169.002,-74.55,93.89,-74.55,140.835,-74.55,36.0,64.0,0.71,-13.91,100,36,64,0,2,2,1.5,1.5,0,0,0,0,78.81,1.5,5,0.5,3380.04,4771.2,4.5%,"ETH_INR_15m_ST1(14,3.5)+ST2(10,3.0)_SL1.5pct_1-3",1,1
ETH/INR,15m,2026-07-25 to 2026-09-24 (60D),5742,10,3.0,14,3.5,"ST1(10,3.0)+ST2(14,3.5)",1.5%,1:3,1%,1.5,3.0,"ST1(10,3.0)+ST2(14,3.5)",10000,8608.97,-1391.03,-13.91,1600.0,16.0,169.002,-74.55,93.89,-74.55,140.835,-74.55,36.0,64.0,0.71,-13.91,100,36,64,0,2,2,1.5,1.5,0,0,0,0,78.81,1.5,5,0.5,3380.04,4771.2,4.5%,"ETH_INR_15m_ST1(10,3.0)+ST2(14,3.5)_SL1.5pct_1-3",1,1
ETH/INR,30m,2026-07-25 to 2026-09-24 (60D),2872,7,4.0,10,2.0,"ST1(7,4.0)+ST2(10,2.0)",1.5%,1:3,1%,1.5,3.0,"ST1(7,4.0)+ST2(10,2.0)",10000,8602.47,-1397.53,-13.98,1741.0,17.41,163.494,-68.36,90.83,-68.36,136.245,-68.36,31.08,68.92,0.6,-18.88,74,23,51,0,2,2,1.5,1.5,0,0,0,0,53.19,1.5,5,0.5,2089.09,3486.36,4.5%,"ETH_INR_30m_ST1(7,4.0)+ST2(10,2.0)_SL1.5pct_1-3",1,2
ETH/INR,30m,2026-07-25 to 2026-09-24 (60D),2872,10,2.0,7,4.0,"ST1(10,2.0)+ST2(7,4.0)",1.5%,1:3,1%,1.5,3.0,"ST1(10,2.0)+ST2(7,4.0)",10000,8602.47,-1397.53,-13.98,1741.0,17.41,163.494,-68.36,90.83,-68.36,136.245,-68.36,31.08,68.92,0.6,-18.88,74,23,51,0,2,2,1.5,1.5,0,0,0,0,53.19,1.5,5,0.5,2089.09,3486.36,4.5%,"ETH_INR_30m_ST1(10,2.0)+ST2(7,4.0)_SL1.5pct_1-3",1,2
ETH/INR,15m,2026-07-25 to 2026-09-24 (60D),5742,14,2.0,14,4.0,"ST1(14,2.0)+ST2(14,4.0)",1.5%,1:3,1%,1.5,3.0,"ST1(14,2.0)+ST2(14,4.0)",10000,8602.06,-1397.94,-13.98,1548.0,15.48,155.052,-69.52,86.14,-69.52,129.21,-69.52,35.11,64.89,0.67,-14.87,94,33,61,0,2,2,1.5,1.5,0,0,0,0,69.3,1.5,5,0.5,2842.62,4240.719999999999,4.5%,"ETH_INR_15m_ST1(14,2.0)+ST2(14,4.0)_SL1.5pct_1-3",1,1
ETH/INR,15m,2026-07-25 to 2026-09-24 (60D),5742,14,4.0,14,2.0,"ST1(14,4.0)+ST2(14,2.0)",1.5%,1:3,1%,1.5,3.0,"ST1(14,4.0)+ST2(14,2.0)",10000,8602.06,-1397.94,-13.98,1548.0,15.48,155.052,-69.52,86.14,-69.52,129.21,-69.52,35.11,64.89,0.67,-14.87,94,33,61,0,2,2,1.5,1.5,0,0,0,0,69.3,1.5,5,0.5,2842.62,4240.719999999999,4.5%,"ETH_INR_15m_ST1(14,4.0)+ST2(14,2.0)_SL1.5pct_1-3",1,1
ETH/INR,30m,2026-07-25 to 2026-09-24 (60D),2872,7,2.0,10,4.0,"ST1(7,2.0)+ST2(10,4.0)",1.5%,1:3,1%,1.5,3.0,"ST1(7,2.0)+ST2(10,4.0)",10000,8589.28,-1410.72,-14.11,1666.0,16.66,153.738,-69.53,85.41,-69.53,128.115,-69.53,32.89,67.11,0.6,-18.56,76,25,51,0,2,2,1.5,1.5,0,0,0,0,57.3,1.5,5,0.5,2135.25,3546.03,4.5%,"ETH_INR_30m_ST1(7,2.0)+ST2(10,4.0)_SL1.5pct_1-3",1,2
ETH/INR,30m,2026-07-25 to 2026-09-24 (60D),2872,10,4.0,7,2.0,"ST1(10,4.0)+ST2(7,2.0)",1.5%,1:3,1%,1.5,3.0,"ST1(10,4.0)+ST2(7,2.0)",10000,8589.28,-1410.72,-14.11,1666.0,16.66,153.738,-69.53,85.41,-69.53,128.115,-69.53,32.89,67.11,0.6,-18.56,76,25,51,0,2,2,1.5,1.5,0,0,0,0,57.3,1.5,5,0.5,2135.25,3546.03,4.5%,"ETH_INR_30m_ST1(10,4.0)+ST2(7,2.0)_SL1.5pct_1-3",1,2
ETH/INR,30m,2026-07-25 to 2026-09-24 (60D),2872,7,3.5,10,2.0,"ST1(7,3.5)+ST2(10,2.0)",1.5%,1:3,1%,1.5,3.0,"ST1(7,3.5)+ST2(10,2.0)",10000,8565.34,-1434.66,-14.35,1715.0,17.15,166.21200000000002,-70.21,92.34,-70.21,138.51,-70.21,31.58,68.42,0.61,-18.88,76,24,52,0,2,2,1.5,1.5,0,0,0,0,56.01,1.5,5,0.5,2216.16,3650.92,4.5%,"ETH_INR_30m_ST1(7,3.5)+ST2(10,2.0)_SL1.5pct_1-3",1,2
ETH/INR,30m,2026-07-25 to 2026-09-24 (60D),2872,10,2.0,7,3.5,"ST1(10,2.0)+ST2(7,3.5)",1.5%,1:3,1%,1.5,3.0,"ST1(10,2.0)+ST2(7,3.5)",10000,8565.34,-1434.66,-14.35,1715.0,17.15,166.21200000000002,-70.21,92.34,-70.21,138.51,-70.21,31.58,68.42,0.61,-18.88,76,24,52,0,2,2,1.5,1.5,0,0,0,0,56.01,1.5,5,0.5,2216.16,3650.92,4.5%,"ETH_INR_30m_ST1(10,2.0)+ST2(7,3.5)_SL1.5pct_1-3",1,2
ETH/INR,15m,2026-07-25 to 2026-09-24 (60D),5742,7,3.0,10,3.0,"ST1(7,3.0)+ST2(10,3.0)",1.5%,1:3,1%,1.5,3.0,"ST1(7,3.0)+ST2(10,3.0)",10000,8561.7,-1438.3,-14.38,1646.0,16.46,174.798,-73.29,97.11,-73.29,145.665,-73.29,34.65,65.35,0.7,-14.24,101,35,66,0,2,2,1.5,1.5,0,0,0,0,78.21,1.5,5,0.5,3398.85,4837.14,4.5%,"ETH_INR_15m_ST1(7,3.0)+ST2(10,3.0)_SL1.5pct_1-3",1,1
ETH/INR,15m,2026-07-25 to 2026-09-24 (60D),5742,10,3.0,7,3.0,"ST1(10,3.0)+ST2(7,3.0)",1.5%,1:3,1%,1.5,3.0,"ST1(10,3.0)+ST2(7,3.0)",10000,8561.7,-1438.3,-14.38,1646.0,16.46,174.798,-73.29,97.11,-73.29,145.665,-73.29,34.65,65.35,0.7,-14.24,101,35,66,0,2,2,1.5,1.5,0,0,0,0,78.21,1.5,5,0.5,3398.85,4837.14,4.5%,"ETH_INR_15m_ST1(10,3.0)+ST2(7,3.0)_SL1.5pct_1-3",1,1
ETH/INR,30m,2026-07-25 to 2026-09-24 (60D),2872,7,3.0,10,4.0,"ST1(7,3.0)+ST2(10,4.0)",1.5%,1:3,1%,1.5,3.0,"ST1(7,3.0)+ST2(10,4.0)",10000,8551.19,-1448.81,-14.49,1642.0,16.42,151.182,-68.54,83.99,-68.54,125.985,-68.54,32.91,67.09,0.6,-18.34,79,26,53,0,2,2,1.5,1.5,0,0,0,0,61.27,1.5,5,0.5,2183.74,3632.62,4.5%,"ETH_INR_30m_ST1(7,3.0)+ST2(10,4.0)_SL1.5pct_1-3",1,2
ETH/INR,30m,2026-07-25 to 2026-09-24 (60D),2872,10,4.0,7,3.0,"ST1(10,4.0)+ST2(7,3.0)",1.5%,1:3,1%,1.5,3.0,"ST1(10,4.0)+ST2(7,3.0)",10000,8551.19,-1448.81,-14.49,1642.0,16.42,151.182,-68.54,83.99,-68.54,125.985,-68.54,32.91,67.09,0.6,-18.34,79,26,53,0,2,2,1.5,1.5,0,0,0,0,61.27,1.5,5,0.5,2183.74,3632.62,4.5%,"ETH_INR_30m_ST1(10,4.0)+ST2(7,3.0)_SL1.5pct_1-3",1,2
ETH/INR,30m,2026-07-25 to 2026-09-24 (60D),2872,7,4.0,14,4.0,"ST1(7,4.0)+ST2(14,4.0)",1.5%,1:3,1%,1.5,3.0,"ST1(7,4.0)+ST2(14,4.0)",10000,8549.32,-1450.68,-14.51,1531.0,15.31,168.696,-68.98,93.72,-68.98,140.57999999999998,-68.98,31.25,68.75,0.62,-18.13,80,25,55,0,2,2,1.5,1.5,0,0,0,0,60.15,1.5,5,0.5,2343.0,3793.9,4.5%,"ETH_INR_30m_ST1(7,4.0)+ST2(14,4.0)_SL1.5pct_1-3",1,2
ETH/INR,30m,2026-07-25 to 2026-09-24 (60D),2872,14,4.0,7,4.0,"ST1(14,4.0)+ST2(7,4.0)",1.5%,1:3,1%,1.5,3.0,"ST1(14,4.0)+ST2(7,4.0)",10000,8549.32,-1450.68,-14.51,1531.0,15.31,168.696,-68.98,93.72,-68.98,140.57999999999998,-68.98,31.25,68.75,0.62,-18.13,80,25,55,0,2,2,1.5,1.5,0,0,0,0,60.15,1.5,5,0.5,2343.0,3793.9,4.5%,"ETH_INR_30m_ST1(14,4.0)+ST2(7,4.0)_SL1.5pct_1-3",1,2
ETH/INR,15m,2026-07-25 to 2026-09-24 (60D),5742,14,3.0,10,3.0,"ST1(14,3.0)+ST2(10,3.0)",1.5%,1:3,1%,1.5,3.0,"ST1(14,3.0)+ST2(10,3.0)",10000,8546.94,-1453.06,-14.53,1602.0,16.02,160.29,-72.54,89.05,-72.54,133.575,-72.54,35.71,64.28999999999999,0.68,-14.83,98,35,63,0,2,2,1.5,1.5,0,0,0,0,78.6,1.5,5,0.5,3116.75,4570.02,4.5%,"ETH_INR_15m_ST1(14,3.0)+ST2(10,3.0)_SL1.5pct_1-3",1,1
ETH/INR,15m,2026-07-25 to 2026-09-24 (60D),5742,10,3.0,14,3.0,"ST1(10,3.0)+ST2(14,3.0)",1.5%,1:3,1%,1.5,3.0,"ST1(10,3.0)+ST2(14,3.0)",10000,8546.94,-1453.06,-14.53,1602.0,16.02,160.29,-72.54,89.05,-72.54,133.575,-72.54,35.71,64.28999999999999,0.68,-14.83,98,35,63,0,2,2,1.5,1.5,0,0,0,0,78.6,1.5,5,0.5,3116.75,4570.02,4.5%,"ETH_INR_15m_ST1(10,3.0)+ST2(14,3.0)_SL1.5pct_1-3",1,1
ETH/INR,15m,2026-07-25 to 2026-09-24 (60D),5742,12,3.0,10,3.0,"ST1(12,3.0)+ST2(10,3.0)",1.5%,1:3,1%,1.5,3.0,"ST1(12,3.0)+ST2(10,3.0)",10000,8546.74,-1453.26,-14.53,1661.0,16.61,164.64600000000002,-73.3,91.47,-73.3,137.20499999999998,-73.3,35.92,64.08,0.7,-14.11,103,37,66,0,2,2,1.5,1.5,0,0,0,0,79.52,1.5,5,0.5,3384.39,4837.8,4.5%,"ETH_INR_15m_ST1(12,3.0)+ST2(10,3.0)_SL1.5pct_1-3",1,1
ETH/INR,15m,2026-07-25 to 2026-09-24 (60D),5742,10,3.0,12,3.0,"ST1(10,3.0)+ST2(12,3.0)",1.5%,1:3,1%,1.5,3.0,"ST1(10,3.0)+ST2(12,3.0)",10000,8546.74,-1453.26,-14.53,1661.0,16.61,164.64600000000002,-73.3,91.47,-73.3,137.20499999999998,-73.3,35.92,64.08,0.7,-14.11,103,37,66,0,2,2,1.5,1.5,0,0,0,0,79.52,1.5,5,0.5,3384.39,4837.8,4.5%,"ETH_INR_15m_ST1(10,3.0)+ST2(12,3.0)_SL1.5pct_1-3",1,1
ETH/INR,30m,2026-07-25 to 2026-09-24 (60D),2872,10,3.5,10,4.0,"ST1(10,3.5)+ST2(10,4.0)",1.5%,1:3,1%,1.5,3.0,"ST1(10,3.5)+ST2(10,4.0)",10000,8533.23,-1466.77,-14.67,1674.0,16.74,159.678,-67.38,88.71,-67.38,133.065,-67.38,31.71,68.28999999999999,0.61,-17.89,82,26,56,0,2,2,1.5,1.5,0,0,0,0,65.1,1.5,5,0.5,2306.46,3773.28,4.5%,"ETH_INR_30m_ST1(10,3.5)+ST2(10,4.0)_SL1.5pct_1-3",1,2
ETH/INR,30m,2026-07-25 to 2026-09-24 (60D),2872,10,4.0,10,3.5,"ST1(10,4.0)+ST2(10,3.5)",1.5%,1:3,1%,1.5,3.0,"ST1(10,4.0)+ST2(10,3.5)",10000,8533.23,-1466.77,-14.67,1674.0,16.74,159.678,-67.38,88.71,-67.38,133.065,-67.38,31.71,68.28999999999999,0.61,-17.89,82,26,56,0,2,2,1.5,1.5,0,0,0,0,65.1,1.5,5,0.5,2306.46,3773.28,4.5%,"ETH_INR_30m_ST1(10,4.0)+ST2(10,3.5)_SL1.5pct_1-3",1,2
ETH/INR,30m,2026-07-25 to 2026-09-24 (60D),2872,10,3.5,12,4.0,"ST1(10,3.5)+ST2(12,4.0)",1.5%,1:3,1%,1.5,3.0,"ST1(10,3.5)+ST2(12,4.0)",10000,8526.22,-1473.78,-14.74,1681.0,16.81,159.62400000000002,-67.49,88.68,-67.49,133.02,-67.49,31.71,68.28999999999999,0.61,-17.97,82,26,56,0,2,2,1.5,1.5,0,0,0,0,65.66,1.5,5,0.5,2305.6800000000003,3779.44,4.5%,"ETH_INR_30m_ST1(10,3.5)+ST2(12,4.0)_SL1.5pct_1-3",1,2
ETH/INR,30m,2026-07-25 to 2026-09-24 (60D),2872,12,4.0,10,3.5,"ST1(12,4.0)+ST2(10,3.5)",1.5%,1:3,1%,1.5,3.0,"ST1(12,4.0)+ST2(10,3.5)",10000,8526.22,-1473.78,-14.74,1681.0,16.81,159.62400000000002,-67.49,88.68,-67.49,133.02,-67.49,31.71,68.28999999999999,0.61,-17.97,82,26,56,0,2,2,1.5,1.5,0,0,0,0,65.66,1.5,5,0.5,2305.6800000000003,3779.44,4.5%,"ETH_INR_30m_ST1(12,4.0)+ST2(10,3.5)_SL1.5pct_1-3",1,2
ETH/INR,15m,2026-07-25 to 2026-09-24 (60D),5742,10,3.0,12,2.0,"ST1(10,3.0)+ST2(12,2.0)",1.5%,1:3,1%,1.5,3.0,"ST1(10,3.0)+ST2(12,2.0)",10000,8524.48,-1475.52,-14.76,1588.0,15.88,173.70000000000002,-70.6,96.5,-70.6,144.75,-70.6,33.33,66.67,0.68,-14.9,99,33,66,0,2,2,1.5,1.5,0,0,0,0,71.63,1.5,5,0.5,3184.5,4659.599999999999,4.5%,"ETH_INR_15m_ST1(10,3.0)+ST2(12,2.0)_SL1.5pct_1-3",1,1
ETH/INR,15m,2026-07-25 to 2026-09-24 (60D),5742,12,2.0,10,3.0,"ST1(12,2.0)+ST2(10,3.0)",1.5%,1:3,1%,1.5,3.0,"ST1(12,2.0)+ST2(10,3.0)",10000,8524.48,-1475.52,-14.76,1588.0,15.88,173.70000000000002,-70.6,96.5,-70.6,144.75,-70.6,33.33,66.67,0.68,-14.9,99,33,66,0,2,2,1.5,1.5,0,0,0,0,71.63,1.5,5,0.5,3184.5,4659.599999999999,4.5%,"ETH_INR_15m_ST1(12,2.0)+ST2(10,3.0)_SL1.5pct_1-3",1,1
ETH/INR,30m,2026-07-25 to 2026-09-24 (60D),2872,7,4.0,14,3.5,"ST1(7,4.0)+ST2(14,3.5)",1.5%,1:3,1%,1.5,3.0,"ST1(7,4.0)+ST2(14,3.5)",10000,8514.01,-1485.99,-14.86,1643.0,16.43,167.85,-67.42,93.25,-67.42,139.875,-67.42,30.95,69.05,0.62,-17.69,84,26,58,0,2,2,1.5,1.5,0,0,0,0,61.93,1.5,5,0.5,2424.5,3910.36,4.5%,"ETH_INR_30m_ST1(7,4.0)+ST2(14,3.5)_SL1.5pct_1-3",1,2
ETH/INR,30m,2026-07-25 to 2026-09-24 (60D),2872,14,3.5,7,4.0,"ST1(14,3.5)+ST2(7,4.0)",1.5%,1:3,1%,1.5,3.0,"ST1(14,3.5)+ST2(7,4.0)",10000,8514.01,-1485.99,-14.86,1643.0,16.43,167.85,-67.42,93.25,-67.42,139.875,-67.42,30.95,69.05,0.62,-17.69,84,26,58,0,2,2,1.5,1.5,0,0,0,0,61.93,1.5,5,0.5,2424.5,3910.36,4.5%,"ETH_INR_30m_ST1(14,3.5)+ST2(7,4.0)_SL1.5pct_1-3",1,2
ETH/INR,30m,2026-07-25 to 2026-09-24 (60D),2872,7,4.0,12,2.0,"ST1(7,4.0)+ST2(12,2.0)",1.5%,1:3,1%,1.5,3.0,"ST1(7,4.0)+ST2(12,2.0)",10000,8508.06,-1491.94,-14.92,1831.0,18.31,164.86200000000002,-67.44,91.59,-67.44,137.385,-67.44,29.73,70.27,0.57,-20.16,74,22,52,0,2,2,1.5,1.5,0,0,0,0,51.76,1.5,5,0.5,2014.98,3506.88,4.5%,"ETH_INR_30m_ST1(7,4.0)+ST2(12,2.0)_SL1.5pct_1-3",1,2
ETH/INR,30m,2026-07-25 to 2026-09-24 (60D),2872,12,2.0,7,4.0,"ST1(12,2.0)+ST2(7,4.0)",1.5%,1:3,1%,1.5,3.0,"ST1(12,2.0)+ST2(7,4.0)",10000,8508.06,-1491.94,-14.92,1831.0,18.31,164.86200000000002,-67.44,91.59,-67.44,137.385,-67.44,29.73,70.27,0.57,-20.16,74,22,52,0,2,2,1.5,1.5,0,0,0,0,51.76,1.5,5,0.5,2014.98,3506.88,4.5%,"ETH_INR_30m_ST1(12,2.0)+ST2(7,4.0)_SL1.5pct_1-3",1,2
ETH/INR,30m,2026-07-25 to 2026-09-24 (60D),2872,10,4.0,14,2.0,"ST1(10,4.0)+ST2(14,2.0)",1.5%,1:3,1%,1.5,3.0,"ST1(10,4.0)+ST2(14,2.0)",10000,8505.34,-1494.66,-14.95,1844.0,18.44,158.472,-68.63,88.04,-68.63,132.06,-68.63,30.56,69.44,0.56,-20.76,72,22,50,0,2,2,1.5,1.5,0,0,0,0,53.78,1.5,5,0.5,1936.88,3431.5,4.5%,"ETH_INR_30m_ST1(10,4.0)+ST2(14,2.0)_SL1.5pct_1-3",1,2
ETH/INR,30m,2026-07-25 to 2026-09-24 (60D),2872,14,2.0,10,4.0,"ST1(14,2.0)+ST2(10,4.0)",1.5%,1:3,1%,1.5,3.0,"ST1(14,2.0)+ST2(10,4.0)",10000,8505.34,-1494.66,-14.95,1844.0,18.44,158.472,-68.63,88.04,-68.63,132.06,-68.63,30.56,69.44,0.56,-20.76,72,22,50,0,2,2,1.5,1.5,0,0,0,0,53.78,1.5,5,0.5,1936.88,3431.5,4.5%,"ETH_INR_30m_ST1(14,2.0)+ST2(10,4.0)_SL1.5pct_1-3",1,2
ETH/INR,30m,2026-07-25 to 2026-09-24 (60D),2872,10,4.0,12,3.5,"ST1(10,4.0)+ST2(12,3.5)",1.5%,1:3,1%,1.5,3.0,"ST1(10,4.0)+ST2(12,3.5)",10000,8488.88,-1511.12,-15.11,1612.0,16.12,159.642,-67.34,88.69,-67.34,133.035,-67.34,31.76,68.24,0.61,-17.78,85,27,58,0,2,2,1.5,1.5,0,0,0,0,64.4,1.5,5,0.5,2394.63,3905.72,4.5%,"ETH_INR_30m_ST1(10,4.0)+ST2(12,3.5)_SL1.5pct_1-3",1,2
ETH/INR,30m,2026-07-25 to 2026-09-24 (60D),2872,12,3.5,10,4.0,"ST1(12,3.5)+ST2(10,4.0)",1.5%,1:3,1%,1.5,3.0,"ST1(12,3.5)+ST2(10,4.0)",10000,8488.88,-1511.12,-15.11,1612.0,16.12,159.642,-67.34,88.69,-67.34,133.035,-67.34,31.76,68.24,0.61,-17.78,85,27,58,0,2,2,1.5,1.5,0,0,0,0,64.4,1.5,5,0.5,2394.63,3905.72,4.5%,"ETH_INR_30m_ST1(12,3.5)+ST2(10,4.0)_SL1.5pct_1-3",1,2
ETH/INR,30m,2026-07-25 to 2026-09-24 (60D),2872,12,4.0,12,3.5,"ST1(12,4.0)+ST2(12,3.5)",1.5%,1:3,1%,1.5,3.0,"ST1(12,4.0)+ST2(12,3.5)",10000,8481.91,-1518.09,-15.18,1619.0,16.19,159.57000000000002,-67.44,88.65,-67.44,132.97500000000002,-67.44,31.76,68.24,0.61,-17.86,85,27,58,0,2,2,1.5,1.5,0,0,0,0,64.96,1.5,5,0.5,2393.55,3911.52,4.5%,"ETH_INR_30m_ST1(12,4.0)+ST2(12,3.5)_SL1.5pct_1-3",1,2
ETH/INR,30m,2026-07-25 to 2026-09-24 (60D),2872,12,3.5,12,4.0,"ST1(12,3.5)+ST2(12,4.0)",1.5%,1:3,1%,1.5,3.0,"ST1(12,3.5)+ST2(12,4.0)",10000,8481.91,-1518.09,-15.18,1619.0,16.19,159.57000000000002,-67.44,88.65,-67.44,132.97500000000002,-67.44,31.76,68.24,0.61,-17.86,85,27,58,0,2,2,1.5,1.5,0,0,0,0,64.96,1.5,5,0.5,2393.55,3911.52,4.5%,"ETH_INR_30m_ST1(12,3.5)+ST2(12,4.0)_SL1.5pct_1-3",1,2
ETH/INR,30m,2026-07-25 to 2026-09-24 (60D),2872,12,2.0,7,3.5,"ST1(12,2.0)+ST2(7,3.5)",1.5%,1:3,1%,1.5,3.0,"ST1(12,2.0)+ST2(7,3.5)",10000,8471.34,-1528.66,-15.29,1806.0,18.06,167.562,-69.24,93.09,-69.24,139.635,-69.24,30.26,69.74,0.58,-20.11,76,23,53,0,2,2,1.5,1.5,0,0,0,0,54.58,1.5,5,0.5,2141.07,3669.72,4.5%,"ETH_INR_30m_ST1(12,2.0)+ST2(7,3.5)_SL1.5pct_1-3",1,2
ETH/INR,30m,2026-07-25 to 2026-09-24 (60D),2872,7,3.5,12,2.0,"ST1(7,3.5)+ST2(12,2.0)",1.5%,1:3,1%,1.5,3.0,"ST1(7,3.5)+ST2(12,2.0)",10000,8471.34,-1528.66,-15.29,1806.0,18.06,167.562,-69.24,93.09,-69.24,139.635,-69.24,30.26,69.74,0.58,-20.11,76,23,53,0,2,2,1.5,1.5,0,0,0,0,54.58,1.5,5,0.5,2141.07,3669.72,4.5%,"ETH_INR_30m_ST1(7,3.5)+ST2(12,2.0)_SL1.5pct_1-3",1,2
ETH/INR,30m,2026-07-25 to 2026-09-24 (60D),2872,12,3.5,10,3.5,"ST1(12,3.5)+ST2(10,3.5)",1.5%,1:3,1%,1.5,3.0,"ST1(12,3.5)+ST2(10,3.5)",10000,8458.12,-1541.88,-15.42,1719.0,17.19,159.804,-67.91,88.78,-67.91,133.17000000000002,-67.91,31.76,68.24,0.61,-18.14,85,27,58,0,2,2,1.5,1.5,0,0,0,0,66.56,1.5,5,0.5,2397.06,3938.78,4.5%,"ETH_INR_30m_ST1(12,3.5)+ST2(10,3.5)_SL1.5pct_1-3",1,2
ETH/INR,30m,2026-07-25 to 2026-09-24 (60D),2872,10,3.5,12,3.5,"ST1(10,3.5)+ST2(12,3.5)",1.5%,1:3,1%,1.5,3.0,"ST1(10,3.5)+ST2(12,3.5)",10000,8458.12,-1541.88,-15.42,1719.0,17.19,159.804,-67.91,88.78,-67.91,133.17000000000002,-67.91,31.76,68.24,0.61,-18.14,85,27,58,0,2,2,1.5,1.5,0,0,0,0,66.56,1.5,5,0.5,2397.06,3938.78,4.5%,"ETH_INR_30m_ST1(10,3.5)+ST2(12,3.5)_SL1.5pct_1-3",1,2
ETH/INR,30m,2026-07-25 to 2026-09-24 (60D),2872,12,3.0,7,3.5,"ST1(12,3.0)+ST2(7,3.5)",1.5%,1:3,1%,1.5,3.0,"ST1(12,3.0)+ST2(7,3.5)",10000,8450.78,-1549.22,-15.49,1737.0,17.37,163.278,-70.69,90.71,-70.69,136.065,-70.69,31.65,68.35,0.59,-19.61,79,25,54,0,2,2,1.5,1.5,0,0,0,0,59.07,1.5,5,0.5,2267.75,3817.26,4.5%,"ETH_INR_30m_ST1(12,3.0)+ST2(7,3.5)_SL1.5pct_1-3",1,2
ETH/INR,30m,2026-07-25 to 2026-09-24 (60D),2872,7,3.5,12,3.0,"ST1(7,3.5)+ST2(12,3.0)",1.5%,1:3,1%,1.5,3.0,"ST1(7,3.5)+ST2(12,3.0)",10000,8450.78,-1549.22,-15.49,1737.0,17.37,163.278,-70.69,90.71,-70.69,136.065,-70.69,31.65,68.35,0.59,-19.61,79,25,54,0,2,2,1.5,1.5,0,0,0,0,59.07,1.5,5,0.5,2267.75,3817.26,4.5%,"ETH_INR_30m_ST1(7,3.5)+ST2(12,3.0)_SL1.5pct_1-3",1,2
ETH/INR,30m,2026-07-25 to 2026-09-24 (60D),2872,12,4.0,7,3.0,"ST1(12,4.0)+ST2(7,3.0)",1.5%,1:3,1%,1.5,3.0,"ST1(12,4.0)+ST2(7,3.0)",10000,8449.25,-1550.75,-15.51,1741.0,17.41,150.66,-69.02,83.7,-69.02,125.55,-69.02,32.5,67.5,0.58,-19.38,80,26,54,0,2,2,1.5,1.5,0,0,0,0,61.27,1.5,5,0.5,2176.2000000000003,3727.08,4.5%,"ETH_INR_30m_ST1(12,4.0)+ST2(7,3.0)_SL1.5pct_1-3",1,2
ETH/INR,30m,2026-07-25 to 2026-09-24 (60D),2872,7,3.0,12,4.0,"ST1(7,3.0)+ST2(12,4.0)",1.5%,1:3,1%,1.5,3.0,"ST1(7,3.0)+ST2(12,4.0)",10000,8449.25,-1550.75,-15.51,1741.0,17.41,150.66,-69.02,83.7,-69.02,125.55,-69.02,32.5,67.5,0.58,-19.38,80,26,54,0,2,2,1.5,1.5,0,0,0,0,61.27,1.5,5,0.5,2176.2000000000003,3727.08,4.5%,"ETH_INR_30m_ST1(7,3.0)+ST2(12,4.0)_SL1.5pct_1-3",1,2
ETH/INR,30m,2026-07-25 to 2026-09-24 (60D),2872,14,3.0,7,3.5,"ST1(14,3.0)+ST2(7,3.5)",1.5%,1:3,1%,1.5,3.0,"ST1(14,3.0)+ST2(7,3.5)",10000,8445.86,-1554.14,-15.54,1742.0,17.42,163.242,-70.77,90.69,-70.77,136.035,-70.77,31.65,68.35,0.59,-19.67,79,25,54,0,2,2,1.5,1.5,0,0,0,0,59.53,1.5,5,0.5,2267.25,3821.58,4.5%,"ETH_INR_30m_ST1(14,3.0)+ST2(7,3.5)_SL1.5pct_1-3",1,2
ETH/INR,30m,2026-07-25 to 2026-09-24 (60D),2872,7,3.5,14,3.0,"ST1(7,3.5)+ST2(14,3.0)",1.5%,1:3,1%,1.5,3.0,"ST1(7,3.5)+ST2(14,3.0)",10000,8445.86,-1554.14,-15.54,1742.0,17.42,163.242,-70.77,90.69,-70.77,136.035,-70.77,31.65,68.35,0.59,-19.67,79,25,54,0,2,2,1.5,1.5,0,0,0,0,59.53,1.5,5,0.5,2267.25,3821.58,4.5%,"ETH_INR_30m_ST1(7,3.5)+ST2(14,3.0)_SL1.5pct_1-3",1,2
ETH/INR,30m,2026-07-25 to 2026-09-24 (60D),2872,12,4.0,14,4.0,"ST1(12,4.0)+ST2(14,4.0)",1.5%,1:3,1%,1.5,3.0,"ST1(12,4.0)+ST2(14,4.0)",10000,8440.32,-1559.68,-15.6,1660.0,16.6,158.94,-67.99,88.3,-67.99,132.45,-67.99,31.76,68.24,0.6,-18.35,85,27,58,0,2,2,1.5,1.5,0,0,0,0,63.98,1.5,5,0.5,2384.1,3943.42,4.5%,"ETH_INR_30m_ST1(12,4.0)+ST2(14,4.0)_SL1.5pct_1-3",1,2
ETH/INR,30m,2026-07-25 to 2026-09-24 (60D),2872,10,4.0,14,4.0,"ST1(10,4.0)+ST2(14,4.0)",1.5%,1:3,1%,1.5,3.0,"ST1(10,4.0)+ST2(14,4.0)",10000,8440.32,-1559.68,-15.6,1660.0,16.6,158.94,-67.99,88.3,-67.99,132.45,-67.99,31.76,68.24,0.6,-18.35,85,27,58,0,2,2,1.5,1.5,0,0,0,0,63.15,1.5,5,0.5,2384.1,3943.42,4.5%,"ETH_INR_30m_ST1(10,4.0)+ST2(14,4.0)_SL1.5pct_1-3",1,2
ETH/INR,30m,2026-07-25 to 2026-09-24 (60D),2872,14,4.0,12,4.0,"ST1(14,4.0)+ST2(12,4.0)",1.5%,1:3,1%,1.5,3.0,"ST1(14,4.0)+ST2(12,4.0)",10000,8440.32,-1559.68,-15.6,1660.0,16.6,158.94,-67.99,88.3,-67.99,132.45,-67.99,31.76,68.24,0.6,-18.35,85,27,58,0,2,2,1.5,1.5,0,0,0,0,63.98,1.5,5,0.5,2384.1,3943.42,4.5%,"ETH_INR_30m_ST1(14,4.0)+ST2(12,4.0)_SL1.5pct_1-3",1,2
ETH/INR,30m,2026-07-25 to 2026-09-24 (60D),2872,14,4.0,10,4.0,"ST1(14,4.0)+ST2(10,4.0)",1.5%,1:3,1%,1.5,3.0,"ST1(14,4.0)+ST2(10,4.0)",10000,8440.32,-1559.68,-15.6,1660.0,16.6,158.94,-67.99,88.3,-67.99,132.45,-67.99,31.76,68.24,0.6,-18.35,85,27,58,0,2,2,1.5,1.5,0,0,0,0,63.15,1.5,5,0.5,2384.1,3943.42,4.5%,"ETH_INR_30m_ST1(14,4.0)+ST2(10,4.0)_SL1.5pct_1-3",1,2
ETH/INR,30m,2026-07-25 to 2026-09-24 (60D),2872,10,3.5,7,4.0,"ST1(10,3.5)+ST2(7,4.0)",1.5%,1:3,1%,1.5,3.0,"ST1(10,3.5)+ST2(7,4.0)",10000,8409.28,-1590.72,-15.91,1754.0,17.54,167.904,-66.03,93.28,-66.03,139.92000000000002,-66.03,29.27,70.73,0.58,-19.4,82,24,58,0,2,2,1.5,1.5,0,0,0,0,62.7,1.5,5,0.5,2238.7200000000003,3829.74,4.5%,"ETH_INR_30m_ST1(10,3.5)+ST2(7,4.0)_SL1.5pct_1-3",1,2
ETH/INR,30m,2026-07-25 to 2026-09-24 (60D),2872,7,4.0,10,3.5,"ST1(7,4.0)+ST2(10,3.5)",1.5%,1:3,1%,1.5,3.0,"ST1(7,4.0)+ST2(10,3.5)",10000,8409.28,-1590.72,-15.91,1754.0,17.54,167.904,-66.03,93.28,-66.03,139.92000000000002,-66.03,29.27,70.73,0.58,-19.4,82,24,58,0,2,2,1.5,1.5,0,0,0,0,62.7,1.5,5,0.5,2238.7200000000003,3829.74,4.5%,"ETH_INR_30m_ST1(7,4.0)+ST2(10,3.5)_SL1.5pct_1-3",1,2
ETH/INR,30m,2026-07-25 to 2026-09-24 (60D),2872,12,4.0,7,4.0,"ST1(12,4.0)+ST2(7,4.0)",1.5%,1:3,1%,1.5,3.0,"ST1(12,4.0)+ST2(7,4.0)",10000,8388.2,-1611.8,-16.12,1699.0,16.99,166.338,-67.62,92.41,-67.62,138.615,-67.62,30.12,69.88,0.59,-19.42,83,25,58,0,2,2,1.5,1.5,0,0,0,0,61.83,1.5,5,0.5,2310.25,3921.96,4.5%,"ETH_INR_30m_ST1(12,4.0)+ST2(7,4.0)_SL1.5pct_1-3",1,2
ETH/INR,30m,2026-07-25 to 2026-09-24 (60D),2872,10,4.0,7,4.0,"ST1(10,4.0)+ST2(7,4.0)",1.5%,1:3,1%,1.5,3.0,"ST1(10,4.0)+ST2(7,4.0)",10000,8388.2,-1611.8,-16.12,1699.0,16.99,166.338,-67.62,92.41,-67.62,138.615,-67.62,30.12,69.88,0.59,-19.42,83,25,58,0,2,2,1.5,1.5,0,0,0,0,61.83,1.5,5,0.5,2310.25,3921.96,4.5%,"ETH_INR_30m_ST1(10,4.0)+ST2(7,4.0)_SL1.5pct_1-3",1,2
ETH/INR,30m,2026-07-25 to 2026-09-24 (60D),2872,7,4.0,12,4.0,"ST1(7,4.0)+ST2(12,4.0)",1.5%,1:3,1%,1.5,3.0,"ST1(7,4.0)+ST2(12,4.0)",10000,8388.2,-1611.8,-16.12,1699.0,16.99,166.338,-67.62,92.41,-67.62,138.615,-67.62,30.12,69.88,0.59,-19.42,83,25,58,0,2,2,1.5,1.5,0,0,0,0,61.83,1.5,5,0.5,2310.25,3921.96,4.5%,"ETH_INR_30m_ST1(7,4.0)+ST2(12,4.0)_SL1.5pct_1-3",1,2
ETH/INR,30m,2026-07-25 to 2026-09-24 (60D),2872,7,4.0,10,4.0,"ST1(7,4.0)+ST2(10,4.0)",1.5%,1:3,1%,1.5,3.0,"ST1(7,4.0)+ST2(10,4.0)",10000,8388.2,-1611.8,-16.12,1699.0,16.99,166.338,-67.62,92.41,-67.62,138.615,-67.62,30.12,69.88,0.59,-19.42,83,25,58,0,2,2,1.5,1.5,0,0,0,0,61.83,1.5,5,0.5,2310.25,3921.96,4.5%,"ETH_INR_30m_ST1(7,4.0)+ST2(10,4.0)_SL1.5pct_1-3",1,2
ETH/INR,30m,2026-07-25 to 2026-09-24 (60D),2872,7,4.0,7,2.0,"ST1(7,4.0)+ST2(7,2.0)",1.5%,1:3,1%,1.5,3.0,"ST1(7,4.0)+ST2(7,2.0)",10000,8376.86,-1623.14,-16.23,1873.0,18.73,156.47400000000002,-68.7,86.93,-68.7,130.395,-68.7,30.77,69.23,0.56,-20.81,78,24,54,0,2,2,1.5,1.5,0,0,0,0,57.33,1.5,5,0.5,2086.32,3709.8,4.5%,"ETH_INR_30m_ST1(7,4.0)+ST2(7,2.0)_SL1.5pct_1-3",1,2
ETH/INR,30m,2026-07-25 to 2026-09-24 (60D),2872,7,2.0,7,4.0,"ST1(7,2.0)+ST2(7,4.0)",1.5%,1:3,1%,1.5,3.0,"ST1(7,2.0)+ST2(7,4.0)",10000,8376.86,-1623.14,-16.23,1873.0,18.73,156.47400000000002,-68.7,86.93,-68.7,130.395,-68.7,30.77,69.23,0.56,-20.81,78,24,54,0,2,2,1.5,1.5,0,0,0,0,57.33,1.5,5,0.5,2086.32,3709.8,4.5%,"ETH_INR_30m_ST1(7,2.0)+ST2(7,4.0)_SL1.5pct_1-3",1,2
ETH/INR,30m,2026-07-25 to 2026-09-24 (60D),2872,10,4.0,7,3.5,"ST1(10,4.0)+ST2(7,3.5)",1.5%,1:3,1%,1.5,3.0,"ST1(10,4.0)+ST2(7,3.5)",10000,8363.61,-1636.39,-16.36,1799.0,17.99,163.098,-67.27,90.61,-67.27,135.915,-67.27,30.12,69.88,0.58,-19.72,83,25,58,0,2,2,1.5,1.5,0,0,0,0,63.39,1.5,5,0.5,2265.25,3901.66,4.5%,"ETH_INR_30m_ST1(10,4.0)+ST2(7,3.5)_SL1.5pct_1-3",1,2
ETH/INR,30m,2026-07-25 to 2026-09-24 (60D),2872,7,3.5,10,4.0,"ST1(7,3.5)+ST2(10,4.0)",1.5%,1:3,1%,1.5,3.0,"ST1(7,3.5)+ST2(10,4.0)",10000,8363.61,-1636.39,-16.36,1799.0,17.99,163.098,-67.27,90.61,-67.27,135.915,-67.27,30.12,69.88,0.58,-19.72,83,25,58,0,2,2,1.5,1.5,0,0,0,0,63.39,1.5,5,0.5,2265.25,3901.66,4.5%,"ETH_INR_30m_ST1(7,3.5)+ST2(10,4.0)_SL1.5pct_1-3",1,2
ETH/INR,30m,2026-07-25 to 2026-09-24 (60D),2872,7,3.5,7,2.0,"ST1(7,3.5)+ST2(7,2.0)",1.5%,1:3,1%,1.5,3.0,"ST1(7,3.5)+ST2(7,2.0)",10000,8340.7,-1659.3,-16.59,1847.0,18.47,159.246,-70.38,88.47,-70.38,132.70499999999998,-70.38,31.25,68.75,0.57,-20.74,80,25,55,0,2,2,1.5,1.5,0,0,0,0,60.43,1.5,5,0.5,2211.75,3870.9,4.5%,"ETH_INR_30m_ST1(7,3.5)+ST2(7,2.0)_SL1.5pct_1-3",1,2
ETH/INR,30m,2026-07-25 to 2026-09-24 (60D),2872,7,2.0,7,3.5,"ST1(7,2.0)+ST2(7,3.5)",1.5%,1:3,1%,1.5,3.0,"ST1(7,2.0)+ST2(7,3.5)",10000,8340.7,-1659.3,-16.59,1847.0,18.47,159.246,-70.38,88.47,-70.38,132.70499999999998,-70.38,31.25,68.75,0.57,-20.74,80,25,55,0,2,2,1.5,1.5,0,0,0,0,60.43,1.5,5,0.5,2211.75,3870.9,4.5%,"ETH_INR_30m_ST1(7,2.0)+ST2(7,3.5)_SL1.5pct_1-3",1,2
ETH/INR,30m,2026-07-25 to 2026-09-24 (60D),2872,12,3.5,7,4.0,"ST1(12,3.5)+ST2(7,4.0)",1.5%,1:3,1%,1.5,3.0,"ST1(12,3.5)+ST2(7,4.0)",10000,8314.61,-1685.39,-16.85,1764.0,17.64,167.364,-67.96,92.98,-67.96,139.47,-67.96,29.76,70.24,0.58,-20.06,84,25,59,0,2,2,1.5,1.5,0,0,0,0,62.0,1.5,5,0.5,2324.5,4009.64,4.5%,"ETH_INR_30m_ST1(12,3.5)+ST2(7,4.0)_SL1.5pct_1-3",1,2
ETH/INR,30m,2026-07-25 to 2026-09-24 (60D),2872,7,4.0,12,3.5,"ST1(7,4.0)+ST2(12,3.5)",1.5%,1:3,1%,1.5,3.0,"ST1(7,4.0)+ST2(12,3.5)",10000,8314.61,-1685.39,-16.85,1764.0,17.64,167.364,-67.96,92.98,-67.96,139.47,-67.96,29.76,70.24,0.58,-20.06,84,25,59,0,2,2,1.5,1.5,0,0,0,0,62.0,1.5,5,0.5,2324.5,4009.64,4.5%,"ETH_INR_30m_ST1(7,4.0)+ST2(12,3.5)_SL1.5pct_1-3",1,2
ETH/INR,30m,2026-07-25 to 2026-09-24 (60D),2872,7,4.0,7,3.0,"ST1(7,4.0)+ST2(7,3.0)",1.5%,1:3,1%,1.5,3.0,"ST1(7,4.0)+ST2(7,3.0)",10000,8307.4,-1692.6,-16.93,1880.0,18.8,157.96800000000002,-66.65,87.76,-66.65,131.64,-66.65,29.63,70.37,0.55,-20.9,81,24,57,0,2,2,1.5,1.5,0,0,0,0,59.77,1.5,5,0.5,2106.24,3799.05,4.5%,"ETH_INR_30m_ST1(7,4.0)+ST2(7,3.0)_SL1.5pct_1-3",1,2
ETH/INR,30m,2026-07-25 to 2026-09-24 (60D),2872,7,3.0,7,4.0,"ST1(7,3.0)+ST2(7,4.0)",1.5%,1:3,1%,1.5,3.0,"ST1(7,3.0)+ST2(7,4.0)",10000,8307.4,-1692.6,-16.93,1880.0,18.8,157.96800000000002,-66.65,87.76,-66.65,131.64,-66.65,29.63,70.37,0.55,-20.9,81,24,57,0,2,2,1.5,1.5,0,0,0,0,59.77,1.5,5,0.5,2106.24,3799.05,4.5%,"ETH_INR_30m_ST1(7,3.0)+ST2(7,4.0)_SL1.5pct_1-3",1,2
ETH/INR,30m,2026-07-25 to 2026-09-24 (60D),2872,7,4.0,14,2.0,"ST1(7,4.0)+ST2(14,2.0)",1.5%,1:3,1%,1.5,3.0,"ST1(7,4.0)+ST2(14,2.0)",10000,8294.99,-1705.01,-17.05,2046.0,20.46,161.856,-67.8,89.92,-67.8,134.88,-67.8,28.38,71.62,0.53,-23.04,74,21,53,0,2,2,1.5,1.5,0,0,0,0,53.81,1.5,5,0.5,1888.32,3593.4,4.5%,"ETH_INR_30m_ST1(7,4.0)+ST2(14,2.0)_SL1.5pct_1-3",1,2
ETH/INR,30m,2026-07-25 to 2026-09-24 (60D),2872,14,2.0,7,4.0,"ST1(14,2.0)+ST2(7,4.0)",1.5%,1:3,1%,1.5,3.0,"ST1(14,2.0)+ST2(7,4.0)",10000,8294.99,-1705.01,-17.05,2046.0,20.46,161.856,-67.8,89.92,-67.8,134.88,-67.8,28.38,71.62,0.53,-23.04,74,21,53,0,2,2,1.5,1.5,0,0,0,0,53.81,1.5,5,0.5,1888.32,3593.4,4.5%,"ETH_INR_30m_ST1(14,2.0)+ST2(7,4.0)_SL1.5pct_1-3",1,2
ETH/INR,30m,2026-07-25 to 2026-09-24 (60D),2872,10,4.0,12,4.0,"ST1(10,4.0)+ST2(12,4.0)",1.5%,1:3,1%,1.5,3.0,"ST1(10,4.0)+ST2(12,4.0)",10000,8278.86,-1721.14,-17.21,1848.0,18.48,156.67200000000005,-66.74,87.04,-66.74,130.56,-66.74,30.68,69.32,0.58,-19.56,88,27,61,0,2,2,1.5,1.5,0,0,0,0,65.2,1.5,5,0.5,2350.0800000000004,4071.14,4.5%,"ETH_INR_30m_ST1(10,4.0)+ST2(12,4.0)_SL1.5pct_1-3",1,2
ETH/INR,30m,2026-07-25 to 2026-09-24 (60D),2872,12,4.0,10,4.0,"ST1(12,4.0)+ST2(10,4.0)",1.5%,1:3,1%,1.5,3.0,"ST1(12,4.0)+ST2(10,4.0)",10000,8278.86,-1721.14,-17.21,1848.0,18.48,156.67200000000005,-66.74,87.04,-66.74,130.56,-66.74,30.68,69.32,0.58,-19.56,88,27,61,0,2,2,1.5,1.5,0,0,0,0,65.2,1.5,5,0.5,2350.0800000000004,4071.14,4.5%,"ETH_INR_30m_ST1(12,4.0)+ST2(10,4.0)_SL1.5pct_1-3",1,2
ETH/INR,30m,2026-07-25 to 2026-09-24 (60D),2872,7,3.5,14,2.0,"ST1(7,3.5)+ST2(14,2.0)",1.5%,1:3,1%,1.5,3.0,"ST1(7,3.5)+ST2(14,2.0)",10000,8249.04,-1750.96,-17.51,2021.0,20.21,164.64600000000002,-69.69,91.47,-69.69,137.20499999999998,-69.69,28.95,71.05,0.53,-23.04,76,22,54,0,2,2,1.5,1.5,0,0,0,0,56.81,1.5,5,0.5,2012.34,3763.26,4.5%,"ETH_INR_30m_ST1(7,3.5)+ST2(14,2.0)_SL1.5pct_1-3",1,2
ETH/INR,30m,2026-07-25 to 2026-09-24 (60D),2872,14,2.0,7,3.5,"ST1(14,2.0)+ST2(7,3.5)",1.5%,1:3,1%,1.5,3.0,"ST1(14,2.0)+ST2(7,3.5)",10000,8249.04,-1750.96,-17.51,2021.0,20.21,164.64600000000002,-69.69,91.47,-69.69,137.20499999999998,-69.69,28.95,71.05,0.53,-23.04,76,22,54,0,2,2,1.5,1.5,0,0,0,0,56.81,1.5,5,0.5,2012.34,3763.26,4.5%,"ETH_INR_30m_ST1(14,2.0)+ST2(7,3.5)_SL1.5pct_1-3",1,2
ETH/INR,30m,2026-07-25 to 2026-09-24 (60D),2872,7,3.5,10,3.0,"ST1(7,3.5)+ST2(10,3.0)",1.5%,1:3,1%,1.5,3.0,"ST1(7,3.5)+ST2(10,3.0)",10000,8192.01,-1807.99,-18.08,1862.0,18.62,159.786,-68.26,88.77,-68.26,133.155,-68.26,29.76,70.24,0.55,-21.52,84,25,59,0,2,2,1.5,1.5,0,0,0,0,60.82,1.5,5,0.5,2219.25,4027.34,4.5%,"ETH_INR_30m_ST1(7,3.5)+ST2(10,3.0)_SL1.5pct_1-3",1,2
ETH/INR,30m,2026-07-25 to 2026-09-24 (60D),2872,10,3.0,7,3.5,"ST1(10,3.0)+ST2(7,3.5)",1.5%,1:3,1%,1.5,3.0,"ST1(10,3.0)+ST2(7,3.5)",10000,8192.01,-1807.99,-18.08,1862.0,18.62,159.786,-68.26,88.77,-68.26,133.155,-68.26,29.76,70.24,0.55,-21.52,84,25,59,0,2,2,1.5,1.5,0,0,0,0,60.82,1.5,5,0.5,2219.25,4027.34,4.5%,"ETH_INR_30m_ST1(10,3.0)+ST2(7,3.5)_SL1.5pct_1-3",1,2
ETH/INR,30m,2026-07-25 to 2026-09-24 (60D),2872,7,3.5,7,4.0,"ST1(7,3.5)+ST2(7,4.0)",1.5%,1:3,1%,1.5,3.0,"ST1(7,3.5)+ST2(7,4.0)",10000,8156.77,-1843.23,-18.43,1954.0,19.54,166.176,-66.54,92.32,-66.54,138.48,-66.54,28.24,71.76,0.55,-21.69,85,24,61,0,2,2,1.5,1.5,0,0,0,0,63.43,1.5,5,0.5,2215.68,4058.940000000001,4.5%,"ETH_INR_30m_ST1(7,3.5)+ST2(7,4.0)_SL1.5pct_1-3",1,2
ETH/INR,30m,2026-07-25 to 2026-09-24 (60D),2872,7,4.0,7,3.5,"ST1(7,4.0)+ST2(7,3.5)",1.5%,1:3,1%,1.5,3.0,"ST1(7,4.0)+ST2(7,3.5)",10000,8156.77,-1843.23,-18.43,1954.0,19.54,166.176,-66.54,92.32,-66.54,138.48,-66.54,28.24,71.76,0.55,-21.69,85,24,61,0,2,2,1.5,1.5,0,0,0,0,63.43,1.5,5,0.5,2215.68,4058.940000000001,4.5%,"ETH_INR_30m_ST1(7,4.0)+ST2(7,3.5)_SL1.5pct_1-3",1,2
ETH/INR,30m,2026-07-25 to 2026-09-24 (60D),2872,7,3.5,7,3.0,"ST1(7,3.5)+ST2(7,3.0)",1.5%,1:3,1%,1.5,3.0,"ST1(7,3.5)+ST2(7,3.0)",10000,8109.02,-1890.98,-18.91,1945.0,19.45,159.22799999999998,-67.25,88.46,-67.25,132.69,-67.25,29.07,70.93,0.54,-21.99,86,25,61,0,2,2,1.5,1.5,0,0,0,0,63.43,1.5,5,0.5,2211.5,4102.25,4.5%,"ETH_INR_30m_ST1(7,3.5)+ST2(7,3.0)_SL1.5pct_1-3",1,2
ETH/INR,30m,2026-07-25 to 2026-09-24 (60D),2872,7,3.0,7,3.5,"ST1(7,3.0)+ST2(7,3.5)",1.5%,1:3,1%,1.5,3.0,"ST1(7,3.0)+ST2(7,3.5)",10000,8109.02,-1890.98,-18.91,1945.0,19.45,159.22799999999998,-67.25,88.46,-67.25,132.69,-67.25,29.07,70.93,0.54,-21.99,86,25,61,0,2,2,1.5,1.5,0,0,0,0,63.43,1.5,5,0.5,2211.5,4102.25,4.5%,"ETH_INR_30m_ST1(7,3.0)+ST2(7,3.5)_SL1.5pct_1-3",1,2
ETH/INR,30m,2026-07-25 to 2026-09-24 (60D),2872,14,4.0,7,3.5,"ST1(14,4.0)+ST2(7,3.5)",1.5%,1:3,1%,1.5,3.0,"ST1(14,4.0)+ST2(7,3.5)",10000,8095.54,-1904.46,-19.04,2014.0,20.14,151.82999999999998,-68.93,84.35,-68.93,126.525,-68.93,29.63,70.37,0.52,-23.51,81,24,57,0,2,2,1.5,1.5,0,0,0,0,61.72,1.5,5,0.5,2024.4,3929.01,4.5%,"ETH_INR_30m_ST1(14,4.0)+ST2(7,3.5)_SL1.5pct_1-3",1,2
ETH/INR,30m,2026-07-25 to 2026-09-24 (60D),2872,7,3.5,14,4.0,"ST1(7,3.5)+ST2(14,4.0)",1.5%,1:3,1%,1.5,3.0,"ST1(7,3.5)+ST2(14,4.0)",10000,8095.54,-1904.46,-19.04,2014.0,20.14,151.82999999999998,-68.93,84.35,-68.93,126.525,-68.93,29.63,70.37,0.52,-23.51,81,24,57,0,2,2,1.5,1.5,0,0,0,0,61.72,1.5,5,0.5,2024.4,3929.01,4.5%,"ETH_INR_30m_ST1(7,3.5)+ST2(14,4.0)_SL1.5pct_1-3",1,2
ETH/INR,30m,2026-07-25 to 2026-09-24 (60D),2872,7,3.5,14,3.5,"ST1(7,3.5)+ST2(14,3.5)",1.5%,1:3,1%,1.5,3.0,"ST1(7,3.5)+ST2(14,3.5)",10000,8086.13,-1913.87,-19.14,2096.0,20.96,151.95600000000002,-68.21,84.42,-68.21,126.63,-68.21,29.76,70.24,0.52,-22.78,84,25,59,0,2,2,1.5,1.5,0,0,0,0,63.71,1.5,5,0.5,2110.5,4024.39,4.5%,"ETH_INR_30m_ST1(7,3.5)+ST2(14,3.5)_SL1.5pct_1-3",1,2
ETH/INR,30m,2026-07-25 to 2026-09-24 (60D),2872,14,3.5,7,3.5,"ST1(14,3.5)+ST2(7,3.5)",1.5%,1:3,1%,1.5,3.0,"ST1(14,3.5)+ST2(7,3.5)",10000,8086.13,-1913.87,-19.14,2096.0,20.96,151.95600000000002,-68.21,84.42,-68.21,126.63,-68.21,29.76,70.24,0.52,-22.78,84,25,59,0,2,2,1.5,1.5,0,0,0,0,63.71,1.5,5,0.5,2110.5,4024.39,4.5%,"ETH_INR_30m_ST1(14,3.5)+ST2(7,3.5)_SL1.5pct_1-3",1,2
ETH/INR,30m,2026-07-25 to 2026-09-24 (60D),2872,7,3.5,10,3.5,"ST1(7,3.5)+ST2(10,3.5)",1.5%,1:3,1%,1.5,3.0,"ST1(7,3.5)+ST2(10,3.5)",10000,8025.42,-1974.58,-19.75,2155.0,21.55,155.826,-66.43,86.57,-66.43,129.855,-66.43,28.24,71.76,0.51,-23.23,85,24,61,0,2,2,1.5,1.5,0,0,0,0,64.75,1.5,5,0.5,2077.68,4052.230000000001,4.5%,"ETH_INR_30m_ST1(7,3.5)+ST2(10,3.5)_SL1.5pct_1-3",1,2
ETH/INR,30m,2026-07-25 to 2026-09-24 (60D),2872,10,3.5,7,3.5,"ST1(10,3.5)+ST2(7,3.5)",1.5%,1:3,1%,1.5,3.0,"ST1(10,3.5)+ST2(7,3.5)",10000,8025.42,-1974.58,-19.75,2155.0,21.55,155.826,-66.43,86.57,-66.43,129.855,-66.43,28.24,71.76,0.51,-23.23,85,24,61,0,2,2,1.5,1.5,0,0,0,0,64.75,1.5,5,0.5,2077.68,4052.230000000001,4.5%,"ETH_INR_30m_ST1(10,3.5)+ST2(7,3.5)_SL1.5pct_1-3",1,2
ETH/INR,30m,2026-07-25 to 2026-09-24 (60D),2872,7,3.5,12,3.5,"ST1(7,3.5)+ST2(12,3.5)",1.5%,1:3,1%,1.5,3.0,"ST1(7,3.5)+ST2(12,3.5)",10000,7968.23,-2031.77,-20.32,2140.0,21.4,151.27200000000002,-67.75,84.04,-67.75,126.06,-67.75,29.07,70.93,0.51,-23.63,86,25,61,0,2,2,1.5,1.5,0,0,0,0,63.71,1.5,5,0.5,2101.0,4132.75,4.5%,"ETH_INR_30m_ST1(7,3.5)+ST2(12,3.5)_SL1.5pct_1-3",1,2
ETH/INR,30m,2026-07-25 to 2026-09-24 (60D),2872,12,3.5,7,3.5,"ST1(12,3.5)+ST2(7,3.5)",1.5%,1:3,1%,1.5,3.0,"ST1(12,3.5)+ST2(7,3.5)",10000,7968.23,-2031.77,-20.32,2140.0,21.4,151.27200000000002,-67.75,84.04,-67.75,126.06,-67.75,29.07,70.93,0.51,-23.63,86,25,61,0,2,2,1.5,1.5,0,0,0,0,63.71,1.5,5,0.5,2101.0,4132.75,4.5%,"ETH_INR_30m_ST1(12,3.5)+ST2(7,3.5)_SL1.5pct_1-3",1,2
ETH/INR,30m,2026-07-25 to 2026-09-24 (60D),2872,7,3.5,12,4.0,"ST1(7,3.5)+ST2(12,4.0)",1.5%,1:3,1%,1.5,3.0,"ST1(7,3.5)+ST2(12,4.0)",10000,7942.97,-2057.03,-20.57,2164.0,21.64,149.832,-67.58,83.24,-67.58,124.86,-67.58,28.57,71.43,0.49,-24.49,84,24,60,0,2,2,1.5,1.5,0,0,0,0,63.39,1.5,5,0.5,1997.76,4054.8,4.5%,"ETH_INR_30m_ST1(7,3.5)+ST2(12,4.0)_SL1.5pct_1-3",1,2
ETH/INR,30m,2026-07-25 to 2026-09-24 (60D),2872,12,4.0,7,3.5,"ST1(12,4.0)+ST2(7,3.5)",1.5%,1:3,1%,1.5,3.0,"ST1(12,4.0)+ST2(7,3.5)",10000,7942.97,-2057.03,-20.57,2164.0,21.64,149.832,-67.58,83.24,-67.58,124.86,-67.58,28.57,71.43,0.49,-24.49,84,24,60,0,2,2,1.5,1.5,0,0,0,0,63.39,1.5,5,0.5,1997.76,4054.8,4.5%,"ETH_INR_30m_ST1(12,4.0)+ST2(7,3.5)_SL1.5pct_1-3",1,2
