trade_no,coin,timeframe,direction,entry_time,exit_time,entry_price_usd,entry_price_inr,stop_price_usd,target_price_usd,exit_price_usd,exit_price_inr,exit_reason,risk_pct,risk_inr,position_size_coin,position_size_inr,gross_pnl_inr,fees_inr,net_pnl_inr,net_pnl,equity_before,equity_after
1,BTC/INR,1h,LONG,2024-09-26 21:30:00+05:30,2024-09-27 00:30:00+05:30,65506.05,5469754.78,60265.56,81227.5,65256.97,5448956.87,INTRADAY_SQUAREOFF,0.02,200.0,0.000457,2500.0,-9.51,2.94,-12.45,-12.45,10000.0,9987.55
2,BTC/INR,1h,LONG,2024-09-27 03:30:00+05:30,2024-09-28 00:30:00+05:30,65087.26,5434786.03,59880.28,80708.2,65859.9,5499301.43,INTRADAY_SQUAREOFF,0.02,199.75,0.000459,2496.89,29.64,2.96,26.68,26.68,9987.55,10014.23
3,BTC/INR,1h,LONG,2024-09-28 07:30:00+05:30,2024-09-29 00:30:00+05:30,66032.95,5513750.93,60750.31,81880.85,65681.21,5484381.31,INTRADAY_SQUAREOFF,0.02,200.28,0.000454,2503.56,-13.34,2.95,-16.28,-16.28,10014.23,9997.94
4,BTC/INR,1h,LONG,2024-09-29 05:30:00+05:30,2024-09-30 00:30:00+05:30,65981.37,5509444.62,60702.86,81816.9,65770.47,5491834.52,INTRADAY_SQUAREOFF,0.02,199.96,0.000454,2499.49,-7.99,2.94,-10.93,-10.93,9997.94,9987.01
5,BTC/INR,1h,SHORT,2024-09-30 12:30:00+05:30,2024-10-01 00:30:00+05:30,64333.27,5371828.4,69479.94,48893.29,63351.79,5289874.05,INTRADAY_SQUAREOFF,0.02,199.74,0.000465,2496.75,38.09,2.92,35.17,35.17,9987.01,10022.18
6,BTC/INR,1h,SHORT,2024-10-02 15:30:00+05:30,2024-10-03 00:30:00+05:30,61119.47,5103475.57,66009.03,46450.8,60811.97,5077799.4,INTRADAY_SQUAREOFF,0.02,200.44,0.000491,2505.54,12.61,2.95,9.66,9.66,10022.18,10031.83
7,BTC/INR,1h,SHORT,2024-10-03 13:30:00+05:30,2024-10-04 00:30:00+05:30,60862.06,5081982.14,65731.03,46255.17,60745.15,5072220.06,INTRADAY_SQUAREOFF,0.02,200.64,0.000494,2507.96,4.82,2.96,1.86,1.86,10031.83,10033.7
8,BTC/INR,1h,SHORT,2024-10-04 06:30:00+05:30,2024-10-05 00:30:00+05:30,60437.06,5046494.78,65272.03,45932.17,62360.88,5207133.78,INTRADAY_SQUAREOFF,0.02,200.67,0.000497,2508.42,-79.85,3.01,-82.85,-82.85,10033.7,9950.84
9,BTC/INR,1h,LONG,2024-10-05 11:30:00+05:30,2024-10-06 00:30:00+05:30,62169.24,5191131.29,57195.7,77089.85,61833.21,5163073.24,INTRADAY_SQUAREOFF,0.02,199.02,0.000479,2487.71,-13.45,2.93,-16.37,-16.37,9950.84,9934.47
10,BTC/INR,1h,LONG,2024-10-07 06:30:00+05:30,2024-10-08 00:30:00+05:30,63728.09,5321295.54,58629.84,79022.83,62809.52,5244595.0,INTRADAY_SQUAREOFF,0.02,198.69,0.000467,2483.62,-35.8,2.91,-38.71,-38.71,9934.47,9895.76
11,BTC/INR,1h,SHORT,2024-10-09 04:30:00+05:30,2024-10-10 00:30:00+05:30,62099.17,5185280.96,67067.11,47195.37,61167.65,5107499.15,INTRADAY_SQUAREOFF,0.02,197.92,0.000477,2473.94,37.11,2.9,34.21,34.21,9895.76,9929.97
12,BTC/INR,1h,SHORT,2024-10-10 06:30:00+05:30,2024-10-11 00:30:00+05:30,60321.22,5036821.77,65146.92,45844.13,59454.54,4964454.14,INTRADAY_SQUAREOFF,0.02,198.6,0.000493,2482.49,35.67,2.91,32.76,32.76,9929.97,9962.73
13,BTC/INR,1h,LONG,2024-10-11 23:30:00+05:30,2024-10-12 01:30:00+05:30,62940.76,5255553.73,57905.5,78046.55,63053.4,5264958.81,INTRADAY_SQUAREOFF,0.02,199.25,0.000474,2490.68,4.46,2.94,1.52,1.52,9962.73,9964.25
14,BTC/INR,1h,LONG,2024-10-12 06:30:00+05:30,2024-10-13 00:30:00+05:30,62860.31,5248835.8,57831.48,77946.78,62899.62,5252117.98,INTRADAY_SQUAREOFF,0.02,199.28,0.000475,2491.06,1.56,2.94,-1.38,-1.38,9964.25,9962.86
15,BTC/INR,1h,LONG,2024-10-14 13:30:00+05:30,2024-10-15 00:30:00+05:30,64632.37,5396802.92,59461.78,80144.14,65709.99,5486783.99,INTRADAY_SQUAREOFF,0.02,199.26,0.000462,2490.72,41.53,2.96,38.56,38.56,9962.86,10001.43
16,BTC/INR,1h,LONG,2024-10-15 04:30:00+05:30,2024-10-16 00:30:00+05:30,66468.08,5550085.07,61150.64,82420.42,66884.48,5584853.96,INTRADAY_SQUAREOFF,0.02,200.03,0.000451,2500.36,15.66,2.96,12.7,12.7,10001.43,10014.13
17,BTC/INR,1h,LONG,2024-10-16 05:30:00+05:30,2024-10-17 00:30:00+05:30,67143.01,5606441.16,61771.57,83257.33,67785.67,5660103.31,INTRADAY_SQUAREOFF,0.02,200.28,0.000447,2503.53,23.96,2.97,20.99,20.99,10014.13,10035.13
18,BTC/INR,1h,LONG,2024-10-17 04:30:00+05:30,2024-10-18 00:30:00+05:30,67864.77,5666708.04,62435.59,84152.31,66887.51,5585106.94,INTRADAY_SQUAREOFF,0.02,200.7,0.000443,2508.78,-36.13,2.94,-39.07,-39.07,10035.13,9996.06
19,BTC/INR,1h,LONG,2024-10-18 19:30:00+05:30,2024-10-19 00:30:00+05:30,68206.28,5695224.5,62749.78,84575.79,68838.36,5748003.1,INTRADAY_SQUAREOFF,0.02,199.92,0.000439,2499.02,23.16,2.96,20.2,20.2,9996.06,10016.26
20,BTC/INR,1h,LONG,2024-10-19 05:30:00+05:30,2024-10-20 00:30:00+05:30,68481.07,5718169.11,63002.58,84916.52,68140.85,5689760.98,INTRADAY_SQUAREOFF,0.02,200.33,0.000438,2504.06,-12.44,2.95,-15.39,-15.39,10016.26,10000.87
21,BTC/INR,1h,LONG,2024-10-20 12:30:00+05:30,2024-10-21 00:30:00+05:30,68422.0,5713236.88,62948.24,84843.28,68554.45,5724296.39,INTRADAY_SQUAREOFF,0.02,200.02,0.000438,2500.22,4.84,2.95,1.89,1.89,10000.87,10002.76
22,BTC/INR,1h,LONG,2024-10-21 02:30:00+05:30,2024-10-22 00:30:00+05:30,68920.19,5754836.11,63406.58,85461.04,67256.88,5615949.33,INTRADAY_SQUAREOFF,0.02,200.06,0.000435,2500.69,-60.35,2.92,-63.27,-63.27,10002.76,9939.49
23,BTC/INR,1h,SHORT,2024-10-22 05:30:00+05:30,2024-10-23 00:30:00+05:30,67325.13,5621647.96,72711.14,51167.1,67364.49,5624935.21,INTRADAY_SQUAREOFF,0.02,198.79,0.000442,2484.87,-1.45,2.93,-4.39,-4.39,9939.49,9935.1
24,BTC/INR,1h,SHORT,2024-10-23 05:30:00+05:30,2024-10-24 00:30:00+05:30,67255.1,5615800.67,72635.51,51113.87,65999.87,5510988.83,INTRADAY_SQUAREOFF,0.02,198.7,0.000442,2483.78,46.36,2.9,43.45,43.45,9935.1,9978.56
25,BTC/INR,1h,LONG,2024-10-24 17:30:00+05:30,2024-10-25 00:30:00+05:30,67261.31,5616319.31,61880.4,83404.02,67739.44,5656243.36,INTRADAY_SQUAREOFF,0.02,199.57,0.000444,2494.64,17.73,2.95,14.78,14.78,9978.56,9993.34
26,BTC/INR,1h,LONG,2024-10-25 08:30:00+05:30,2024-10-26 00:30:00+05:30,68062.09,5683184.7,62617.12,84396.99,66899.31,5586092.14,INTRADAY_SQUAREOFF,0.02,199.87,0.00044,2498.33,-42.68,2.92,-45.6,-45.6,9993.34,9947.73
27,BTC/INR,1h,SHORT,2024-10-26 04:30:00+05:30,2024-10-27 00:30:00+05:30,66510.81,5553652.31,71831.67,50548.21,66993.87,5593988.21,INTRADAY_SQUAREOFF,0.02,198.95,0.000448,2486.93,-18.06,2.95,-21.01,-21.01,9947.73,9926.72
28,BTC/INR,1h,SHORT,2024-10-27 04:30:00+05:30,2024-10-28 00:30:00+05:30,67005.21,5594934.8,72365.62,50923.96,67520.31,5637946.19,INTRADAY_SQUAREOFF,0.02,198.53,0.000444,2481.68,-19.08,2.94,-22.02,-22.02,9926.72,9904.71
29,BTC/INR,1h,LONG,2024-10-28 15:30:00+05:30,2024-10-29 00:30:00+05:30,68541.83,5723242.96,63058.49,84991.87,69144.02,5773525.68,INTRADAY_SQUAREOFF,0.02,198.09,0.000433,2476.18,21.75,2.93,18.82,18.82,9904.71,9923.53
30,BTC/INR,1h,LONG,2024-10-29 03:30:00+05:30,2024-10-30 00:30:00+05:30,69795.02,5827884.23,64211.42,86545.83,73124.99,6105936.63,INTRADAY_SQUAREOFF,0.02,198.47,0.000426,2480.88,118.36,3.0,115.37,115.37,9923.53,10038.89
31,BTC/INR,1h,LONG,2024-10-30 05:30:00+05:30,2024-10-31 00:30:00+05:30,72784.66,6077519.38,66961.89,90252.98,71903.65,6003954.56,INTRADAY_SQUAREOFF,0.02,200.78,0.000413,2509.72,-30.38,2.94,-33.32,-33.32,10038.89,10005.57
32,BTC/INR,1h,LONG,2024-10-31 02:30:00+05:30,2024-11-01 00:30:00+05:30,72850.25,6082995.93,67022.23,90334.31,70528.73,5889148.61,INTRADAY_SQUAREOFF,0.02,200.11,0.000411,2501.39,-79.71,2.9,-82.62,-82.62,10005.57,9922.95
33,BTC/INR,1h,SHORT,2024-11-01 07:30:00+05:30,2024-11-02 00:30:00+05:30,69266.61,5783761.7,74807.94,52642.62,69139.98,5773188.53,INTRADAY_SQUAREOFF,0.02,198.46,0.000429,2480.74,4.53,2.92,1.61,1.61,9922.95,9924.56
34,BTC/INR,1h,SHORT,2024-11-02 09:30:00+05:30,2024-11-03 00:30:00+05:30,69517.05,5804673.86,75078.42,52832.96,69443.31,5798516.04,INTRADAY_SQUAREOFF,0.02,198.49,0.000427,2481.14,2.63,2.93,-0.29,-0.29,9924.56,9924.27
35,BTC/INR,1h,SHORT,2024-11-03 03:30:00+05:30,2024-11-04 00:30:00+05:30,69404.59,5795282.85,74956.95,52747.48,68024.5,5680046.01,INTRADAY_SQUAREOFF,0.02,198.49,0.000428,2481.07,49.34,2.9,46.44,46.44,9924.27,9970.71
36,BTC/INR,1h,LONG,2024-11-04 18:30:00+05:30,2024-11-05 00:30:00+05:30,68967.11,5758754.08,63449.75,85519.22,67579.72,5642906.34,INTRADAY_SQUAREOFF,0.02,199.41,0.000433,2492.68,-50.14,2.91,-53.06,-53.06,9970.71,9917.65
37,BTC/INR,1h,LONG,2024-11-06 00:30:00+05:30,2024-11-07 00:30:00+05:30,70277.71,5868188.55,64655.49,87144.36,75266.79,6284777.22,INTRADAY_SQUAREOFF,0.02,198.35,0.000423,2479.41,176.02,3.03,172.99,172.99,9917.65,10090.64
38,BTC/INR,1h,LONG,2024-11-07 14:30:00+05:30,2024-11-08 00:30:00+05:30,75180.1,6277538.56,69165.69,93223.33,76623.19,6398036.59,INTRADAY_SQUAREOFF,0.02,201.81,0.000402,2522.66,48.42,3.01,45.42,45.42,10090.64,10136.05
39,BTC/INR,1h,LONG,2024-11-08 13:30:00+05:30,2024-11-09 00:30:00+05:30,76349.26,6375162.97,70241.32,94673.08,76872.92,6418888.76,INTRADAY_SQUAREOFF,0.02,202.72,0.000397,2534.01,17.38,3.0,14.38,14.38,10136.05,10150.43
40,BTC/INR,1h,LONG,2024-11-10 00:30:00+05:30,2024-11-11 00:30:00+05:30,76449.07,6383497.56,70333.15,94796.85,80563.15,6727023.14,INTRADAY_SQUAREOFF,0.02,203.01,0.000398,2537.61,136.56,3.07,133.49,133.49,10150.43,10283.92
41,BTC/INR,1h,LONG,2024-11-11 20:30:00+05:30,2024-11-12 00:30:00+05:30,82621.67,6898909.04,76011.93,102450.86,85844.0,7167974.15,INTRADAY_SQUAREOFF,0.02,205.68,0.000373,2570.98,100.27,3.09,97.18,97.18,10283.92,10381.1
42,BTC/INR,1h,LONG,2024-11-12 06:30:00+05:30,2024-11-13 00:30:00+05:30,89074.2,7437695.9,81948.27,110452.01,88881.65,7421617.47,INTRADAY_SQUAREOFF,0.02,207.62,0.000349,2595.27,-5.61,3.06,-8.67,-8.67,10381.1,10372.43
43,BTC/INR,1h,LONG,2024-11-13 13:30:00+05:30,2024-11-14 00:30:00+05:30,87586.8,7313498.03,80579.86,108607.64,92850.0,7752975.41,INTRADAY_SQUAREOFF,0.02,207.45,0.000355,2593.11,155.82,3.15,152.67,152.67,10372.43,10525.1
44,BTC/INR,1h,SHORT,2024-11-15 02:30:00+05:30,2024-11-16 00:30:00+05:30,87553.35,7310704.71,94557.62,66540.55,89411.43,7465854.69,INTRADAY_SQUAREOFF,0.02,210.5,0.00036,2631.27,-55.84,3.14,-58.98,-58.98,10525.1,10466.12
45,BTC/INR,1h,LONG,2024-11-17 00:30:00+05:30,2024-11-18 00:30:00+05:30,91454.13,7636420.18,84137.8,113403.13,89939.09,7509913.69,INTRADAY_SQUAREOFF,0.02,209.32,0.000343,2616.53,-43.35,3.06,-46.41,-46.41,10466.12,10419.71
46,BTC/INR,1h,SHORT,2024-11-18 02:30:00+05:30,2024-11-19 00:30:00+05:30,89561.62,7478395.16,96726.55,68066.83,90477.77,7554893.88,INTRADAY_SQUAREOFF,0.02,208.39,0.000348,2604.93,-26.65,3.09,-29.74,-29.74,10419.71,10389.98
47,BTC/INR,1h,LONG,2024-11-20 09:30:00+05:30,2024-11-21 00:30:00+05:30,92203.63,7699002.74,84827.34,114332.5,93740.32,7827316.5,INTRADAY_SQUAREOFF,0.02,207.8,0.000337,2597.49,43.29,3.09,40.2,40.2,10389.98,10430.18
48,BTC/INR,1h,LONG,2024-11-21 06:30:00+05:30,2024-11-22 00:30:00+05:30,95011.15,7933431.33,87410.26,117813.83,98311.62,8209019.98,INTRADAY_SQUAREOFF,0.02,208.6,0.000329,2607.54,90.58,3.13,87.45,87.45,10430.18,10517.63
49,BTC/INR,1h,LONG,2024-11-22 04:30:00+05:30,2024-11-23 00:30:00+05:30,98480.22,8223098.65,90601.81,122115.48,99153.8,8279342.03,INTRADAY_SQUAREOFF,0.02,210.35,0.00032,2629.41,17.98,3.11,14.87,14.87,10517.63,10532.5
50,BTC/INR,1h,SHORT,2024-11-24 09:30:00+05:30,2024-11-25 00:30:00+05:30,98183.52,8198324.28,106038.21,74619.48,96638.71,8069332.22,INTRADAY_SQUAREOFF,0.02,210.65,0.000321,2633.12,41.43,3.08,38.35,38.35,10532.5,10570.84
51,BTC/INR,1h,SHORT,2024-11-26 03:30:00+05:30,2024-11-27 00:30:00+05:30,93667.03,7821197.31,101160.4,71186.95,92229.11,7701130.45,INTRADAY_SQUAREOFF,0.02,211.42,0.000338,2642.71,40.57,3.09,37.48,37.48,10570.84,10608.32
52,BTC/INR,1h,SHORT,2024-11-27 17:30:00+05:30,2024-11-28 00:30:00+05:30,93295.43,7790168.45,100759.06,70904.53,96273.29,8038819.91,INTRADAY_SQUAREOFF,0.02,212.17,0.00034,2652.08,-84.65,3.18,-87.83,-87.83,10608.32,10520.49
53,BTC/INR,1h,LONG,2024-11-28 06:30:00+05:30,2024-11-29 00:30:00+05:30,96698.53,8074327.11,88962.65,119906.18,95256.78,7953940.92,INTRADAY_SQUAREOFF,0.02,210.41,0.000326,2630.12,-39.21,3.08,-42.29,-42.29,10520.49,10478.19
54,BTC/INR,1h,LONG,2024-11-29 04:30:00+05:30,2024-11-30 00:30:00+05:30,95708.02,7991619.47,88051.38,118677.94,97203.99,8116533.24,INTRADAY_SQUAREOFF,0.02,209.56,0.000328,2619.55,40.95,3.12,37.83,37.83,10478.19,10516.02
55,BTC/INR,1h,LONG,2024-12-02 03:30:00+05:30,2024-12-03 00:30:00+05:30,97884.31,8173339.74,90053.56,121376.54,95695.71,7990592.13,INTRADAY_SQUAREOFF,0.02,210.32,0.000322,2629.01,-58.78,3.07,-61.85,-61.85,10516.02,10454.17
56,BTC/INR,1h,SHORT,2024-12-03 22:30:00+05:30,2024-12-04 00:30:00+05:30,94916.1,7925494.7,102509.39,72136.24,95564.17,7979608.38,INTRADAY_SQUAREOFF,0.02,209.08,0.00033,2613.54,-17.84,3.09,-20.94,-20.94,10454.17,10433.23
57,BTC/INR,1h,LONG,2024-12-04 11:30:00+05:30,2024-12-05 00:30:00+05:30,96604.98,8066515.95,88876.58,119790.18,96221.45,8034491.17,INTRADAY_SQUAREOFF,0.02,208.66,0.000323,2608.31,-10.36,3.07,-13.43,-13.43,10433.23,10419.81
58,BTC/INR,1h,LONG,2024-12-05 08:30:00+05:30,2024-12-06 00:30:00+05:30,101425.63,8469040.34,93311.58,125767.78,100182.2,8365214.05,INTRADAY_SQUAREOFF,0.02,208.4,0.000308,2604.95,-31.94,3.06,-34.99,-34.99,10419.81,10384.82
59,BTC/INR,1h,SHORT,2024-12-06 15:30:00+05:30,2024-12-07 00:30:00+05:30,98048.95,8187087.41,105892.87,74517.2,101539.49,8478547.78,INTRADAY_SQUAREOFF,0.02,207.7,0.000317,2596.2,-92.42,3.12,-95.54,-95.54,10384.82,10289.27
60,BTC/INR,1h,LONG,2024-12-07 21:30:00+05:30,2024-12-08 00:30:00+05:30,99929.04,8344074.93,91934.72,123912.01,100164.47,8363733.31,INTRADAY_SQUAREOFF,0.02,205.79,0.000308,2572.32,6.06,3.04,3.02,3.02,10289.27,10292.3
61,BTC/INR,1h,LONG,2024-12-09 04:30:00+05:30,2024-12-10 00:30:00+05:30,100347.4,8379007.79,92319.61,124430.77,97730.78,8160520.3,INTRADAY_SQUAREOFF,0.02,205.85,0.000307,2573.07,-67.09,3.0,-70.09,-70.09,10292.3,10222.2
62,BTC/INR,1h,SHORT,2024-12-10 08:30:00+05:30,2024-12-11 00:30:00+05:30,96725.11,8076546.3,104463.11,73511.08,95163.21,7946128.38,INTRADAY_SQUAREOFF,0.02,204.44,0.000316,2555.55,41.27,2.99,38.28,38.28,10222.2,10260.48
63,BTC/INR,1h,SHORT,2024-12-11 05:30:00+05:30,2024-12-12 00:30:00+05:30,96565.86,8063249.71,104291.13,73390.06,100541.82,8395241.64,INTRADAY_SQUAREOFF,0.02,205.21,0.000318,2565.12,-105.61,3.09,-108.7,-108.7,10260.48,10151.78
64,BTC/INR,1h,LONG,2024-12-12 08:30:00+05:30,2024-12-13 00:30:00+05:30,101870.62,8506196.84,93720.97,126319.57,100822.7,8418695.79,INTRADAY_SQUAREOFF,0.02,203.04,0.000298,2537.94,-26.11,2.98,-29.09,-29.09,10151.78,10122.69
65,BTC/INR,1h,SHORT,2024-12-13 07:30:00+05:30,2024-12-14 00:30:00+05:30,99188.26,8282220.03,107123.32,75383.08,101565.95,8480756.42,INTRADAY_SQUAREOFF,0.02,202.45,0.000306,2530.67,-60.66,3.02,-63.69,-63.69,10122.69,10059.0
66,BTC/INR,1h,LONG,2024-12-14 20:30:00+05:30,2024-12-15 00:30:00+05:30,101536.17,8478270.4,93413.28,125904.85,100824.34,8418832.71,INTRADAY_SQUAREOFF,0.02,201.18,0.000297,2514.75,-17.63,2.96,-20.59,-20.59,10059.0,10038.42
67,BTC/INR,1h,LONG,2024-12-15 15:30:00+05:30,2024-12-16 00:30:00+05:30,102248.96,8537788.02,94069.04,126788.71,103093.08,8608272.51,INTRADAY_SQUAREOFF,0.02,200.77,0.000294,2509.6,20.72,2.97,17.74,17.74,10038.42,10056.16
68,BTC/INR,1h,LONG,2024-12-16 04:30:00+05:30,2024-12-17 00:30:00+05:30,103368.42,8631262.75,95098.94,128176.84,107073.55,8940641.08,INTRADAY_SQUAREOFF,0.02,201.12,0.000291,2514.04,90.11,3.02,87.09,87.09,10056.16,10143.25
69,BTC/INR,1h,LONG,2024-12-17 07:30:00+05:30,2024-12-18 00:30:00+05:30,106469.62,8890213.46,97952.05,132022.33,106481.42,8891198.58,INTRADAY_SQUAREOFF,0.02,202.87,0.000285,2535.81,0.28,2.99,-2.71,-2.71,10143.25,10140.54
70,BTC/INR,1h,SHORT,2024-12-18 20:30:00+05:30,2024-12-19 00:30:00+05:30,103922.04,8677490.69,112235.81,78980.75,104657.28,8738882.8,INTRADAY_SQUAREOFF,0.02,202.81,0.000292,2535.14,-17.94,3.0,-20.94,-20.94,10140.54,10119.61
71,BTC/INR,1h,SHORT,2024-12-19 05:30:00+05:30,2024-12-20 00:30:00+05:30,100054.42,8354544.43,108058.78,76041.36,98816.3,8251160.84,INTRADAY_SQUAREOFF,0.02,202.39,0.000303,2529.9,31.31,2.97,28.34,28.34,10119.61,10147.95
72,BTC/INR,1h,SHORT,2024-12-20 07:30:00+05:30,2024-12-21 00:30:00+05:30,96081.59,8022812.88,103768.12,73022.01,97042.22,8103025.66,INTRADAY_SQUAREOFF,0.02,202.96,0.000316,2536.99,-25.37,3.01,-28.37,-28.37,10147.95,10119.57
73,BTC/INR,1h,SHORT,2024-12-22 10:30:00+05:30,2024-12-23 00:30:00+05:30,96016.62,8017387.45,103697.95,72972.63,95922.62,8009538.52,INTRADAY_SQUAREOFF,0.02,202.39,0.000316,2529.89,2.48,2.98,-0.51,-0.51,10119.57,10119.06
74,BTC/INR,1h,SHORT,2024-12-23 17:30:00+05:30,2024-12-24 00:30:00+05:30,95704.01,7991284.57,103360.33,72735.05,92675.02,7738363.96,INTRADAY_SQUAREOFF,0.02,202.38,0.000317,2529.77,80.07,2.94,77.13,77.13,10119.06,10196.19
75,BTC/INR,1h,SHORT,2024-12-24 12:30:00+05:30,2024-12-25 00:30:00+05:30,93683.99,7822612.84,101178.71,71199.83,98616.6,8234486.43,INTRADAY_SQUAREOFF,0.02,203.92,0.000326,2549.05,-134.21,3.09,-137.3,-137.3,10196.19,10058.89
76,BTC/INR,1h,LONG,2024-12-25 03:30:00+05:30,2024-12-26 00:30:00+05:30,98409.51,8217193.94,90536.75,122027.79,98604.32,8233460.85,INTRADAY_SQUAREOFF,0.02,201.18,0.000306,2514.72,4.98,2.97,2.01,2.01,10058.89,10060.9
77,BTC/INR,1h,LONG,2024-12-26 05:30:00+05:30,2024-12-27 00:30:00+05:30,99525.16,8310350.83,91563.15,123411.2,95590.36,7981795.11,INTRADAY_SQUAREOFF,0.02,201.22,0.000303,2515.23,-99.44,2.91,-102.35,-102.35,10060.9,9958.55
78,BTC/INR,1h,SHORT,2024-12-27 13:30:00+05:30,2024-12-28 00:30:00+05:30,94616.75,7900498.95,102186.09,71908.73,94460.64,7887463.79,INTRADAY_SQUAREOFF,0.02,199.17,0.000315,2489.64,4.11,2.94,1.17,1.17,9958.55,9959.72
79,BTC/INR,1h,SHORT,2024-12-28 12:30:00+05:30,2024-12-29 00:30:00+05:30,94237.95,7868868.93,101776.99,71620.84,94725.86,7909609.54,INTRADAY_SQUAREOFF,0.02,199.19,0.000316,2489.93,-12.89,2.95,-15.84,-15.84,9959.72,9943.89
80,BTC/INR,1h,SHORT,2024-12-30 00:30:00+05:30,2024-12-31 00:30:00+05:30,93431.75,7801550.72,100906.28,71008.13,94527.83,7893074.14,INTRADAY_SQUAREOFF,0.02,198.88,0.000319,2485.97,-29.16,2.95,-32.11,-32.11,9943.89,9911.77
81,BTC/INR,1h,LONG,2025-01-02 08:30:00+05:30,2025-01-03 00:30:00+05:30,95073.52,7938638.99,87467.64,117891.17,97182.92,8114773.44,INTRADAY_SQUAREOFF,0.02,198.24,0.000312,2477.94,54.98,2.96,52.02,52.02,9911.77,9963.79
82,BTC/INR,1h,LONG,2025-01-03 15:30:00+05:30,2025-01-04 00:30:00+05:30,96635.43,8069058.1,88904.59,119827.93,98461.31,8221519.15,INTRADAY_SQUAREOFF,0.02,199.28,0.000309,2490.95,47.07,2.97,44.1,44.1,9963.79,10007.89
83,BTC/INR,1h,LONG,2025-01-04 08:30:00+05:30,2025-01-05 00:30:00+05:30,98314.66,8209274.45,90449.49,121910.18,97899.66,8174621.48,INTRADAY_SQUAREOFF,0.02,200.16,0.000305,2501.97,-10.56,2.95,-13.51,-13.51,10007.89,9994.38
84,BTC/INR,1h,LONG,2025-01-05 12:30:00+05:30,2025-01-06 00:30:00+05:30,98498.25,8224603.7,90618.39,122137.83,97841.48,8169763.3,INTRADAY_SQUAREOFF,0.02,199.89,0.000304,2498.6,-16.66,2.94,-19.6,-19.6,9994.38,9974.79
85,BTC/INR,1h,LONG,2025-01-06 07:30:00+05:30,2025-01-07 00:30:00+05:30,98767.32,8247071.21,90865.93,122471.48,101779.02,8498548.38,INTRADAY_SQUAREOFF,0.02,199.5,0.000302,2493.7,76.04,2.99,73.05,73.05,9974.79,10047.84
86,BTC/INR,1h,SHORT,2025-01-08 10:30:00+05:30,2025-01-09 00:30:00+05:30,96073.28,8022118.49,103759.14,73015.69,94283.49,7872671.03,INTRADAY_SQUAREOFF,0.02,200.96,0.000313,2511.96,46.8,2.94,43.86,43.86,10047.84,10091.7
87,BTC/INR,1h,SHORT,2025-01-09 09:30:00+05:30,2025-01-10 00:30:00+05:30,93943.74,7844302.21,101459.24,71397.24,93064.29,7770868.23,INTRADAY_SQUAREOFF,0.02,201.83,0.000322,2522.92,23.62,2.96,20.66,20.66,10091.7,10112.35
88,BTC/INR,1h,LONG,2025-01-10 23:30:00+05:30,2025-01-11 01:30:00+05:30,95798.26,7999154.54,88134.4,118789.84,95266.03,7954713.56,INTRADAY_SQUAREOFF,0.02,202.25,0.000316,2528.09,-14.05,2.97,-17.02,-17.02,10112.35,10095.33
89,BTC/INR,1h,LONG,2025-01-11 11:30:00+05:30,2025-01-12 00:30:00+05:30,94392.58,7881780.34,86841.17,117046.8,94188.12,7864708.4,INTRADAY_SQUAREOFF,0.02,201.91,0.00032,2523.83,-5.47,2.97,-8.44,-8.44,10095.33,10086.89
90,BTC/INR,1h,LONG,2025-01-12 02:30:00+05:30,2025-01-13 00:30:00+05:30,94652.22,7903460.73,87080.05,117368.76,94914.0,7925318.65,INTRADAY_SQUAREOFF,0.02,201.74,0.000319,2521.72,6.97,2.98,3.99,3.99,10086.89,10090.89
91,BTC/INR,1h,SHORT,2025-01-13 22:30:00+05:30,2025-01-14 00:30:00+05:30,91234.07,7618044.94,98532.8,69337.89,92078.4,7688546.32,INTRADAY_SQUAREOFF,0.02,201.82,0.000331,2522.72,-23.35,2.99,-26.34,-26.34,10090.89,10064.55
92,BTC/INR,1h,LONG,2025-01-14 15:30:00+05:30,2025-01-15 00:30:00+05:30,97394.9,8132474.12,89603.31,120769.68,96603.88,8066423.73,INTRADAY_SQUAREOFF,0.02,201.29,0.000309,2516.14,-20.44,2.96,-23.39,-23.39,10064.55,10041.16
93,BTC/INR,1h,LONG,2025-01-15 04:30:00+05:30,2025-01-16 00:30:00+05:30,96745.51,8078250.31,89005.87,119964.44,99408.27,8300590.63,INTRADAY_SQUAREOFF,0.02,200.82,0.000311,2510.29,69.09,3.0,66.09,66.09,10041.16,10107.24
94,BTC/INR,1h,LONG,2025-01-16 12:30:00+05:30,2025-01-17 00:30:00+05:30,99860.3,8338335.35,91871.48,123826.78,99465.9,8305402.52,INTRADAY_SQUAREOFF,0.02,202.14,0.000303,2526.81,-9.98,2.98,-12.96,-12.96,10107.24,10094.29
95,BTC/INR,1h,LONG,2025-01-17 10:30:00+05:30,2025-01-18 00:30:00+05:30,101485.99,8474080.25,93367.11,125842.63,104812.72,8751862.43,INTRADAY_SQUAREOFF,0.02,201.89,0.000298,2523.57,82.72,3.03,79.7,79.7,10094.29,10173.99
96,BTC/INR,1h,LONG,2025-01-18 06:30:00+05:30,2025-01-19 00:30:00+05:30,104681.09,8740870.83,96306.6,129804.55,103961.08,8680750.13,INTRADAY_SQUAREOFF,0.02,203.48,0.000291,2543.5,-17.49,2.99,-20.49,-20.49,10173.99,10153.5
97,BTC/INR,1h,LONG,2025-01-19 15:30:00+05:30,2025-01-20 00:30:00+05:30,105271.3,8790153.94,96849.6,130536.42,104826.69,8753028.23,INTRADAY_SQUAREOFF,0.02,203.07,0.000289,2538.38,-10.72,2.99,-13.71,-13.71,10153.5,10139.79
98,BTC/INR,1h,SHORT,2025-01-21 10:30:00+05:30,2025-01-22 00:30:00+05:30,101870.6,8506195.24,110020.25,77421.66,106901.51,8926276.08,INTRADAY_SQUAREOFF,0.02,202.8,0.000298,2534.95,-125.19,3.07,-128.25,-128.25,10139.79,10011.54
99,BTC/INR,1h,LONG,2025-01-22 17:30:00+05:30,2025-01-23 00:30:00+05:30,105445.55,8804703.26,97009.9,130752.48,103851.07,8671564.51,INTRADAY_SQUAREOFF,0.02,200.23,0.000284,2502.88,-37.85,2.93,-40.78,-40.78,10011.54,9970.76
100,BTC/INR,1h,SHORT,2025-01-23 15:30:00+05:30,2025-01-24 00:30:00+05:30,101555.74,8479904.59,109680.2,77182.37,105471.35,8806857.72,INTRADAY_SQUAREOFF,0.02,199.42,0.000294,2492.69,-96.11,3.0,-99.11,-99.11,9970.76,9871.65
101,BTC/INR,1h,LONG,2025-01-24 09:30:00+05:30,2025-01-25 00:30:00+05:30,104231.38,8703320.12,95892.87,129246.91,106254.67,8872264.64,INTRADAY_SQUAREOFF,0.02,197.43,0.000284,2467.91,47.91,2.94,44.97,44.97,9871.65,9916.62
102,BTC/INR,1h,SHORT,2025-01-27 10:30:00+05:30,2025-01-28 00:30:00+05:30,100211.59,8367667.59,108228.51,76160.81,99170.68,8280751.59,INTRADAY_SQUAREOFF,0.02,198.33,0.000296,2479.15,25.75,2.91,22.84,22.84,9916.62,9939.46
103,BTC/INR,1h,SHORT,2025-01-29 19:30:00+05:30,2025-01-30 00:30:00+05:30,101642.61,8487157.63,109774.01,77248.38,102777.27,8581901.98,INTRADAY_SQUAREOFF,0.02,198.79,0.000293,2484.86,-27.74,2.95,-30.69,-30.69,9939.46,9908.77
104,BTC/INR,1h,LONG,2025-01-30 06:30:00+05:30,2025-01-31 00:30:00+05:30,104130.91,8694931.36,95800.44,129122.33,105543.83,8812910.18,INTRADAY_SQUAREOFF,0.02,198.18,0.000285,2477.19,33.61,2.94,30.67,30.67,9908.77,9939.44
105,BTC/INR,1h,SHORT,2025-02-01 09:30:00+05:30,2025-02-02 00:30:00+05:30,102174.85,8531599.8,110348.84,77652.88,102055.97,8521673.6,INTRADAY_SQUAREOFF,0.02,198.79,0.000291,2484.86,2.89,2.93,-0.04,-0.04,9939.44,9939.4
106,BTC/INR,1h,SHORT,2025-02-02 04:30:00+05:30,2025-02-03 00:30:00+05:30,100522.32,8393613.32,108564.1,76396.96,96939.77,8094471.11,INTRADAY_SQUAREOFF,0.02,198.79,0.000296,2484.85,88.56,2.88,85.68,85.68,9939.4,10025.08
107,BTC/INR,1h,SHORT,2025-02-03 03:30:00+05:30,2025-02-04 00:30:00+05:30,96598.35,8065962.1,104326.22,73414.74,100076.92,8356422.8,INTRADAY_SQUAREOFF,0.02,200.5,0.000311,2506.27,-90.25,3.01,-93.26,-93.26,10025.08,9931.82
108,BTC/INR,1h,SHORT,2025-02-05 12:30:00+05:30,2025-02-06 00:30:00+05:30,97590.23,8148783.98,105397.45,74168.57,96776.99,8080878.61,INTRADAY_SQUAREOFF,0.02,198.64,0.000305,2482.95,20.69,2.92,17.77,17.77,9931.82,9949.59
109,BTC/INR,1h,SHORT,2025-02-06 04:30:00+05:30,2025-02-07 00:30:00+05:30,96258.74,8037605.21,103959.44,73156.65,96288.96,8040127.86,INTRADAY_SQUAREOFF,0.02,198.99,0.000309,2487.4,-0.78,2.94,-3.72,-3.72,9949.59,9945.87
110,BTC/INR,1h,SHORT,2025-02-07 12:30:00+05:30,2025-02-08 00:30:00+05:30,96588.06,8065102.74,104315.1,73406.92,97810.68,8167191.59,INTRADAY_SQUAREOFF,0.02,198.92,0.000308,2486.47,-31.47,2.95,-34.43,-34.43,9945.87,9911.45
111,BTC/INR,1h,SHORT,2025-02-08 10:30:00+05:30,2025-02-09 00:30:00+05:30,96240.31,8036065.79,103939.53,73142.63,96553.6,8062225.3,INTRADAY_SQUAREOFF,0.02,198.23,0.000308,2477.86,-8.07,2.93,-10.99,-10.99,9911.45,9900.45
112,BTC/INR,1h,SHORT,2025-02-10 07:30:00+05:30,2025-02-11 00:30:00+05:30,95352.3,7961917.05,102980.48,72467.75,97627.52,8151897.58,INTRADAY_SQUAREOFF,0.02,198.01,0.000311,2475.11,-59.06,2.96,-62.01,-62.01,9900.45,9838.44
113,BTC/INR,1h,LONG,2025-02-11 07:30:00+05:30,2025-02-12 00:30:00+05:30,98150.16,8195538.35,90298.15,121706.2,95402.11,7966076.27,INTRADAY_SQUAREOFF,0.02,196.77,0.0003,2459.61,-68.87,2.86,-71.73,-71.73,9838.44,9766.71
114,BTC/INR,1h,SHORT,2025-02-12 08:30:00+05:30,2025-02-13 00:30:00+05:30,95381.96,7964394.06,103012.52,72490.29,96978.93,8097740.34,INTRADAY_SQUAREOFF,0.02,195.33,0.000307,2441.68,-40.88,2.91,-43.79,-43.79,9766.71,9722.92
115,BTC/INR,1h,LONG,2025-02-13 07:30:00+05:30,2025-02-14 00:30:00+05:30,98135.75,8194334.83,90284.89,121688.33,95922.67,8009543.02,INTRADAY_SQUAREOFF,0.02,194.46,0.000297,2430.73,-54.82,2.84,-57.65,-57.65,9722.92,9665.27
116,BTC/INR,1h,LONG,2025-02-15 07:30:00+05:30,2025-02-16 00:30:00+05:30,97862.6,8171527.28,90033.59,121349.63,97515.66,8142557.87,INTRADAY_SQUAREOFF,0.02,193.31,0.000296,2416.32,-8.57,2.85,-11.41,-11.41,9665.27,9653.86
117,BTC/INR,1h,LONG,2025-02-16 03:30:00+05:30,2025-02-17 00:30:00+05:30,97744.55,8161670.01,89924.99,121203.24,96848.48,8086848.18,INTRADAY_SQUAREOFF,0.02,193.08,0.000296,2413.46,-22.13,2.83,-24.96,-24.96,9653.86,9628.9
118,BTC/INR,1h,SHORT,2025-02-17 05:30:00+05:30,2025-02-18 00:30:00+05:30,96021.93,8017831.47,103703.69,72976.67,95376.45,7963933.21,INTRADAY_SQUAREOFF,0.02,192.58,0.0003,2407.22,16.18,2.83,13.35,13.35,9628.9,9642.25
119,BTC/INR,1h,SHORT,2025-02-18 04:30:00+05:30,2025-02-19 00:30:00+05:30,95818.68,8000859.45,103484.17,72822.19,93955.84,7845312.41,INTRADAY_SQUAREOFF,0.02,192.85,0.000301,2410.56,46.86,2.82,44.05,44.05,9642.25,9686.3
120,BTC/INR,1h,LONG,2025-02-20 08:30:00+05:30,2025-02-21 00:30:00+05:30,97279.08,8122802.86,89496.75,120626.05,98279.72,8206356.48,INTRADAY_SQUAREOFF,0.02,193.73,0.000298,2421.57,24.91,2.87,22.04,22.04,9686.3,9708.34
121,BTC/INR,1h,SHORT,2025-02-22 13:30:00+05:30,2025-02-23 00:30:00+05:30,96249.66,8036846.26,103949.63,73149.74,96504.21,8058101.73,INTRADAY_SQUAREOFF,0.02,194.17,0.000302,2427.08,-6.42,2.87,-9.29,-9.29,9708.34,9699.05
122,BTC/INR,1h,SHORT,2025-02-23 07:30:00+05:30,2025-02-24 00:30:00+05:30,96383.34,8048008.8,104094.01,73251.34,95797.74,7999111.47,INTRADAY_SQUAREOFF,0.02,193.98,0.000301,2424.76,14.73,2.85,11.88,11.88,9699.05,9710.93
123,BTC/INR,1h,SHORT,2025-02-24 14:30:00+05:30,2025-02-25 00:30:00+05:30,95388.99,7964980.88,103020.11,72495.63,94202.87,7865939.39,INTRADAY_SQUAREOFF,0.02,194.22,0.000305,2427.73,30.19,2.85,27.34,27.34,9710.93,9738.27
124,BTC/INR,1h,SHORT,2025-02-25 04:30:00+05:30,2025-02-26 00:30:00+05:30,92398.89,7715307.7,99790.81,70223.16,87021.85,7266324.35,INTRADAY_SQUAREOFF,0.02,194.77,0.000316,2434.57,141.68,2.79,138.89,138.89,9738.27,9877.16
125,BTC/INR,1h,SHORT,2025-02-26 06:30:00+05:30,2025-02-27 00:30:00+05:30,88010.5,7348877.08,95051.34,66887.98,84126.71,7024579.98,INTRADAY_SQUAREOFF,0.02,197.54,0.000336,2469.29,108.97,2.85,106.12,106.12,9877.16,9983.27
126,BTC/INR,1h,SHORT,2025-02-27 08:30:00+05:30,2025-02-28 00:30:00+05:30,84180.65,7029083.98,90915.1,63977.29,84542.92,7059334.0,INTRADAY_SQUAREOFF,0.02,199.67,0.000355,2495.82,-10.74,2.95,-13.69,-13.69,9983.27,9969.58
127,BTC/INR,1h,SHORT,2025-02-28 06:30:00+05:30,2025-03-01 00:30:00+05:30,84167.45,7027982.07,90900.85,63967.26,84674.82,7070347.16,INTRADAY_SQUAREOFF,0.02,199.39,0.000355,2492.4,-15.02,2.95,-17.97,-17.97,9969.58,9951.61
128,BTC/INR,1h,LONG,2025-03-01 05:30:00+05:30,2025-03-02 00:30:00+05:30,84509.85,7056572.56,77749.06,104792.22,85221.28,7115977.06,INTRADAY_SQUAREOFF,0.02,199.03,0.000353,2487.9,20.94,2.95,18.0,18.0,9951.61,9969.6
129,BTC/INR,1h,LONG,2025-03-02 07:30:00+05:30,2025-03-03 00:30:00+05:30,86354.19,7210574.59,79445.85,107079.19,92700.74,7740511.44,INTRADAY_SQUAREOFF,0.02,199.39,0.000346,2492.4,183.18,3.05,180.13,180.13,9969.6,10149.73
130,BTC/INR,1h,LONG,2025-03-03 04:30:00+05:30,2025-03-03 23:30:00+05:30,94497.68,7890556.14,86937.86,117177.12,86894.4,7255682.0,STOP_LOSS,0.02,202.99,0.000322,2537.43,-204.16,2.87,-207.04,-207.04,10149.73,9942.7
131,BTC/INR,1h,SHORT,2025-03-04 03:30:00+05:30,2025-03-05 00:30:00+05:30,85062.85,7102748.27,91867.88,64647.77,86807.91,7248460.78,INTRADAY_SQUAREOFF,0.02,198.85,0.00035,2485.67,-50.99,2.96,-53.96,-53.96,9942.7,9888.74
132,BTC/INR,1h,LONG,2025-03-05 07:30:00+05:30,2025-03-06 00:30:00+05:30,87749.03,7327044.2,80729.11,108808.8,89695.94,7489611.16,INTRADAY_SQUAREOFF,0.02,197.77,0.000337,2472.18,54.85,2.95,51.9,51.9,9888.74,9940.64
133,BTC/INR,1h,LONG,2025-03-06 08:30:00+05:30,2025-03-07 00:30:00+05:30,92014.5,7683210.74,84653.34,114097.98,88357.42,7377844.27,INTRADAY_SQUAREOFF,0.02,198.81,0.000323,2485.16,-98.77,2.87,-101.65,-101.65,9940.64,9838.99
134,BTC/INR,1h,SHORT,2025-03-07 06:30:00+05:30,2025-03-08 00:30:00+05:30,85117.0,7107269.36,91926.36,64688.92,88833.22,7417574.08,INTRADAY_SQUAREOFF,0.02,196.78,0.000346,2459.75,-107.39,2.97,-110.36,-110.36,9838.99,9728.64
135,BTC/INR,1h,SHORT,2025-03-08 13:30:00+05:30,2025-03-09 00:30:00+05:30,86115.36,7190632.42,93004.59,65447.67,86070.04,7186848.09,INTRADAY_SQUAREOFF,0.02,194.57,0.000338,2432.16,1.28,2.87,-1.59,-1.59,9728.64,9727.05
136,BTC/INR,1h,SHORT,2025-03-09 08:30:00+05:30,2025-03-10 00:30:00+05:30,85952.41,7177026.11,92828.6,65323.83,82689.98,6904613.38,INTRADAY_SQUAREOFF,0.02,194.54,0.000339,2431.76,92.3,2.82,89.49,89.49,9727.05,9816.53
137,BTC/INR,1h,SHORT,2025-03-10 03:30:00+05:30,2025-03-11 00:30:00+05:30,81725.22,6824055.75,88263.24,62111.17,77853.06,6500730.14,INTRADAY_SQUAREOFF,0.02,196.33,0.00036,2454.13,116.28,2.83,113.45,113.45,9816.53,9929.98
138,BTC/INR,1h,SHORT,2025-03-11 05:30:00+05:30,2025-03-12 00:30:00+05:30,78530.62,6557306.88,84813.07,59683.27,83338.17,6958737.34,INTRADAY_SQUAREOFF,0.02,198.6,0.000379,2482.5,-151.98,3.02,-154.99,-154.99,9929.98,9774.99
139,BTC/INR,1h,LONG,2025-03-12 13:30:00+05:30,2025-03-13 00:30:00+05:30,82505.22,6889186.22,75904.81,102306.48,82561.0,6893843.8,INTRADAY_SQUAREOFF,0.02,195.5,0.000355,2443.75,1.65,2.88,-1.23,-1.23,9774.99,9773.76
140,BTC/INR,1h,LONG,2025-03-13 04:30:00+05:30,2025-03-14 00:30:00+05:30,83696.95,6988695.54,77001.2,103784.22,80728.26,6740810.05,INTRADAY_SQUAREOFF,0.02,195.48,0.00035,2443.44,-86.67,2.83,-89.5,-89.5,9773.76,9684.26
141,BTC/INR,1h,LONG,2025-03-15 08:30:00+05:30,2025-03-16 00:30:00+05:30,84624.34,7066132.21,77854.39,104934.18,84175.11,7028621.7,INTRADAY_SQUAREOFF,0.02,193.69,0.000343,2421.06,-12.85,2.85,-15.7,-15.7,9684.26,9668.55
142,BTC/INR,1h,LONG,2025-03-16 09:30:00+05:30,2025-03-17 00:30:00+05:30,84387.47,7046353.71,77636.47,104640.46,83621.73,6982414.52,INTRADAY_SQUAREOFF,0.02,193.37,0.000343,2417.14,-21.93,2.84,-24.77,-24.77,9668.55,9643.78
143,BTC/INR,1h,SHORT,2025-03-17 11:30:00+05:30,2025-03-18 00:30:00+05:30,83099.67,6938822.58,89747.65,63155.75,84541.87,7059246.55,INTRADAY_SQUAREOFF,0.02,192.88,0.000347,2410.95,-41.84,2.87,-44.71,-44.71,9643.78,9599.07
144,BTC/INR,1h,SHORT,2025-03-18 23:30:00+05:30,2025-03-19 01:30:00+05:30,81339.08,6791813.48,87846.21,61817.7,82323.13,6873980.97,INTRADAY_SQUAREOFF,0.02,191.98,0.000353,2399.77,-29.03,2.85,-31.88,-31.88,9599.07,9567.19
145,BTC/INR,1h,LONG,2025-03-19 19:30:00+05:30,2025-03-20 00:30:00+05:30,84362.14,7044239.05,77613.17,104609.06,85640.78,7151004.74,INTRADAY_SQUAREOFF,0.02,191.34,0.00034,2391.8,36.25,2.84,33.41,33.41,9567.19,9600.6
146,BTC/INR,1h,LONG,2025-03-20 05:30:00+05:30,2025-03-21 00:30:00+05:30,87045.49,7268298.03,80081.85,107936.4,83954.68,7010215.89,INTRADAY_SQUAREOFF,0.02,192.01,0.00033,2400.15,-85.22,2.78,-88.01,-88.01,9600.6,9512.59
147,BTC/INR,1h,SHORT,2025-03-21 04:30:00+05:30,2025-03-22 00:30:00+05:30,83948.37,7009689.06,90664.24,63800.76,84107.67,7022990.73,INTRADAY_SQUAREOFF,0.02,190.25,0.000339,2378.15,-4.51,2.81,-7.32,-7.32,9512.59,9505.27
148,BTC/INR,1h,SHORT,2025-03-22 05:30:00+05:30,2025-03-23 00:30:00+05:30,83981.25,7012434.06,90699.75,63825.75,84299.94,7039045.11,INTRADAY_SQUAREOFF,0.02,190.11,0.000339,2376.32,-9.02,2.81,-11.83,-11.83,9505.27,9493.44
149,BTC/INR,1h,LONG,2025-03-23 21:30:00+05:30,2025-03-24 00:30:00+05:30,85257.94,7119038.29,78437.31,105719.85,84936.32,7092182.33,INTRADAY_SQUAREOFF,0.02,189.87,0.000333,2373.36,-8.95,2.8,-11.75,-11.75,9493.44,9481.69
150,BTC/INR,1h,LONG,2025-03-24 09:30:00+05:30,2025-03-25 00:30:00+05:30,86581.46,7229552.28,79654.95,107361.02,88454.59,7385958.63,INTRADAY_SQUAREOFF,0.02,189.63,0.000328,2370.42,51.28,2.83,48.46,48.46,9481.69,9530.15
151,BTC/INR,1h,LONG,2025-03-25 06:30:00+05:30,2025-03-26 00:30:00+05:30,87713.25,7324056.27,80696.19,108764.43,87823.36,7333250.83,INTRADAY_SQUAREOFF,0.02,190.6,0.000325,2382.54,2.99,2.81,0.18,0.18,9530.15,9530.33
152,BTC/INR,1h,LONG,2025-03-26 07:30:00+05:30,2025-03-27 00:30:00+05:30,87928.93,7342066.05,80894.62,109031.88,86174.59,7195577.97,INTRADAY_SQUAREOFF,0.02,190.61,0.000325,2382.58,-47.54,2.78,-50.32,-50.32,9530.33,9480.01
153,BTC/INR,1h,SHORT,2025-03-27 11:30:00+05:30,2025-03-28 00:30:00+05:30,87257.26,7285980.86,94237.84,66315.51,87248.48,7285247.87,INTRADAY_SQUAREOFF,0.02,189.6,0.000325,2370.0,0.24,2.8,-2.56,-2.56,9480.01,9477.45
154,BTC/INR,1h,SHORT,2025-03-28 16:30:00+05:30,2025-03-29 00:30:00+05:30,84851.12,7085068.16,91639.2,64486.85,83867.54,7002939.41,INTRADAY_SQUAREOFF,0.02,189.55,0.000334,2369.36,27.47,2.78,24.69,24.69,9477.45,9502.13
155,BTC/INR,1h,SHORT,2025-03-29 15:30:00+05:30,2025-03-30 00:30:00+05:30,83348.4,6959591.29,90016.27,63344.78,82362.04,6877229.96,INTRADAY_SQUAREOFF,0.02,190.04,0.000341,2375.53,28.11,2.79,25.33,25.33,9502.13,9527.46
156,BTC/INR,1h,SHORT,2025-03-30 11:30:00+05:30,2025-03-31 00:30:00+05:30,82882.62,6920698.44,89513.23,62990.79,82728.85,6907859.11,INTRADAY_SQUAREOFF,0.02,190.55,0.000344,2381.86,4.42,2.81,1.61,1.61,9527.46,9529.07
157,BTC/INR,1h,SHORT,2025-03-31 09:30:00+05:30,2025-04-01 00:30:00+05:30,81453.24,6801345.32,87969.5,61904.46,83342.41,6959091.08,INTRADAY_SQUAREOFF,0.02,190.58,0.00035,2382.27,-55.25,2.84,-58.1,-58.1,9529.07,9470.97
158,BTC/INR,1h,LONG,2025-04-01 20:30:00+05:30,2025-04-02 00:30:00+05:30,84263.83,7036029.77,77522.72,104487.15,85079.45,7104134.46,INTRADAY_SQUAREOFF,0.02,189.42,0.000337,2367.74,22.92,2.81,20.11,20.11,9470.97,9491.08
159,BTC/INR,1h,LONG,2025-04-02 02:30:00+05:30,2025-04-03 00:30:00+05:30,85333.86,7125377.67,78507.16,105813.99,86347.66,7210029.29,INTRADAY_SQUAREOFF,0.02,189.82,0.000333,2372.77,28.19,2.82,25.37,25.37,9491.08,9516.46
160,BTC/INR,1h,SHORT,2025-04-03 12:30:00+05:30,2025-04-04 00:30:00+05:30,82972.83,6928231.2,89610.66,63059.35,82094.91,6854924.96,INTRADAY_SQUAREOFF,0.02,190.33,0.000343,2379.11,25.17,2.79,22.38,22.38,9516.46,9538.84
161,BTC/INR,1h,LONG,2025-04-05 15:30:00+05:30,2025-04-06 00:30:00+05:30,83863.67,7002616.34,77154.58,103990.95,82993.64,6929968.83,INTRADAY_SQUAREOFF,0.02,190.78,0.000341,2384.71,-24.74,2.8,-27.54,-27.54,9538.84,9511.3
162,BTC/INR,1h,SHORT,2025-04-06 12:30:00+05:30,2025-04-07 00:30:00+05:30,83054.24,6935029.14,89698.58,63121.22,79041.75,6599986.22,INTRADAY_SQUAREOFF,0.02,190.23,0.000343,2377.82,114.88,2.74,112.14,112.14,9511.3,9623.44
163,BTC/INR,1h,SHORT,2025-04-07 02:30:00+05:30,2025-04-08 00:30:00+05:30,78594.12,6562609.09,84881.65,59731.53,78512.57,6555799.81,INTRADAY_SQUAREOFF,0.02,192.47,0.000367,2405.86,2.5,2.84,-0.34,-0.34,9623.44,9623.1
164,BTC/INR,1h,LONG,2025-04-08 07:30:00+05:30,2025-04-09 00:30:00+05:30,80766.53,6744005.02,74305.2,100150.49,77199.87,6446188.74,INTRADAY_SQUAREOFF,0.02,192.46,0.000357,2405.77,-106.24,2.78,-109.02,-109.02,9623.1,9514.08
165,BTC/INR,1h,SHORT,2025-04-09 05:30:00+05:30,2025-04-09 23:30:00+05:30,76215.33,6363979.75,82312.55,57923.65,82353.71,6876534.68,STOP_LOSS,0.02,190.28,0.000374,2378.52,-191.57,2.92,-194.49,-194.49,9514.08,9319.59
166,BTC/INR,1h,LONG,2025-04-10 02:30:00+05:30,2025-04-11 00:30:00+05:30,83231.63,6949841.45,76573.1,103207.23,79407.3,6630509.54,INTRADAY_SQUAREOFF,0.02,186.39,0.000335,2329.9,-107.05,2.69,-109.74,-109.74,9319.59,9209.85
167,BTC/INR,1h,SHORT,2025-04-11 06:30:00+05:30,2025-04-12 00:30:00+05:30,78930.41,6590688.87,85244.84,59987.11,83617.76,6982083.34,INTRADAY_SQUAREOFF,0.02,184.2,0.000349,2302.46,-136.73,2.8,-139.53,-139.53,9209.85,9070.32
168,BTC/INR,1h,LONG,2025-04-12 10:30:00+05:30,2025-04-13 00:30:00+05:30,83329.97,6958052.69,76663.57,103329.17,85110.35,7106713.84,INTRADAY_SQUAREOFF,0.02,181.41,0.000326,2267.58,48.45,2.7,45.74,45.74,9070.32,9116.07
169,BTC/INR,1h,LONG,2025-04-13 06:30:00+05:30,2025-04-14 00:30:00+05:30,85570.1,7145103.32,78724.49,106106.92,84663.83,7069430.17,INTRADAY_SQUAREOFF,0.02,182.32,0.000319,2279.02,-24.14,2.67,-26.81,-26.81,9116.07,9089.25
170,BTC/INR,1h,LONG,2025-04-15 18:30:00+05:30,2025-04-16 00:30:00+05:30,85839.23,7167575.4,78972.09,106440.64,84150.11,7026533.94,INTRADAY_SQUAREOFF,0.02,181.79,0.000317,2272.31,-44.71,2.65,-47.37,-47.37,9089.25,9041.88
171,BTC/INR,1h,SHORT,2025-04-16 04:30:00+05:30,2025-04-17 00:30:00+05:30,83660.48,6985650.48,90353.32,63581.97,84145.26,7026129.42,INTRADAY_SQUAREOFF,0.02,180.84,0.000324,2260.47,-13.1,2.68,-15.77,-15.77,9041.88,9026.11
172,BTC/INR,1h,LONG,2025-04-18 02:30:00+05:30,2025-04-19 00:30:00+05:30,85180.3,7112554.67,78365.87,105623.57,84563.41,7061044.57,INTRADAY_SQUAREOFF,0.02,180.52,0.000317,2256.53,-16.34,2.65,-19.0,-19.0,9026.11,9007.12
173,BTC/INR,1h,LONG,2025-04-19 07:30:00+05:30,2025-04-20 00:30:00+05:30,84613.47,7065224.35,77844.39,104920.7,85085.07,7104603.26,INTRADAY_SQUAREOFF,0.02,180.14,0.000319,2251.78,12.55,2.66,9.89,9.89,9007.12,9017.0
174,BTC/INR,1h,LONG,2025-04-21 05:30:00+05:30,2025-04-22 00:30:00+05:30,85283.57,7121178.4,78460.89,105751.63,86763.25,7244730.97,INTRADAY_SQUAREOFF,0.02,180.34,0.000317,2254.25,39.11,2.68,36.43,36.43,9017.0,9053.43
175,BTC/INR,1h,LONG,2025-04-22 05:30:00+05:30,2025-04-23 00:30:00+05:30,87611.13,7315529.14,80602.24,108637.8,91511.09,7641175.91,INTRADAY_SQUAREOFF,0.02,181.07,0.000309,2263.36,100.75,2.73,98.02,98.02,9053.43,9151.45
176,BTC/INR,1h,LONG,2025-04-23 03:30:00+05:30,2025-04-24 00:30:00+05:30,93507.8,7807901.37,86027.18,115949.67,93600.82,7815668.86,INTRADAY_SQUAREOFF,0.02,183.03,0.000293,2287.86,2.28,2.7,-0.43,-0.43,9151.45,9151.03
177,BTC/INR,1h,LONG,2025-04-24 04:30:00+05:30,2025-04-25 00:30:00+05:30,93846.62,7836192.65,86338.89,116369.81,93360.59,7795608.88,INTRADAY_SQUAREOFF,0.02,183.02,0.000292,2287.76,-11.85,2.69,-14.54,-14.54,9151.03,9136.49
178,BTC/INR,1h,LONG,2025-04-25 05:30:00+05:30,2025-04-26 00:30:00+05:30,94053.18,7853440.76,86528.93,116625.95,94971.43,7930114.24,INTRADAY_SQUAREOFF,0.02,182.73,0.000291,2284.12,22.3,2.71,19.59,19.59,9136.49,9156.08
179,BTC/INR,1h,LONG,2025-04-26 08:30:00+05:30,2025-04-27 00:30:00+05:30,95196.42,7948900.92,87580.7,118043.56,94161.49,7862484.37,INTRADAY_SQUAREOFF,0.02,183.12,0.000288,2289.02,-24.89,2.69,-27.57,-27.57,9156.08,9128.51
180,BTC/INR,1h,LONG,2025-04-27 06:30:00+05:30,2025-04-28 00:30:00+05:30,95055.87,7937165.26,87451.4,117869.28,94263.66,7871015.37,INTRADAY_SQUAREOFF,0.02,182.57,0.000288,2282.13,-19.02,2.68,-21.7,-21.7,9128.51,9106.81
181,BTC/INR,1h,SHORT,2025-04-28 05:30:00+05:30,2025-04-29 00:30:00+05:30,93681.8,7822430.28,101176.34,71198.17,94284.21,7872731.73,INTRADAY_SQUAREOFF,0.02,182.14,0.000291,2276.7,-14.64,2.7,-17.34,-17.34,9106.81,9089.47
182,BTC/INR,1h,SHORT,2025-04-29 10:30:00+05:30,2025-04-30 00:30:00+05:30,94314.49,7875260.0,101859.65,71679.01,95481.19,7972678.99,INTRADAY_SQUAREOFF,0.02,181.79,0.000289,2272.37,-28.11,2.7,-30.81,-30.81,9089.47,9058.66
183,BTC/INR,1h,SHORT,2025-04-30 12:30:00+05:30,2025-05-01 00:30:00+05:30,94725.3,7909562.65,102303.33,71991.23,94185.58,7864496.34,INTRADAY_SQUAREOFF,0.02,181.17,0.000286,2264.67,12.9,2.66,10.24,10.24,9058.66,9068.9
184,BTC/INR,1h,SHORT,2025-05-01 04:30:00+05:30,2025-05-02 00:30:00+05:30,94058.39,7853875.78,101583.06,71484.38,96906.74,8091712.93,INTRADAY_SQUAREOFF,0.02,181.38,0.000289,2267.23,-68.66,2.72,-71.37,-71.37,9068.9,8997.53
185,BTC/INR,1h,LONG,2025-05-02 06:30:00+05:30,2025-05-03 00:30:00+05:30,97102.62,8108068.84,89334.41,120407.25,97141.04,8111276.67,INTRADAY_SQUAREOFF,0.02,179.95,0.000277,2249.38,0.89,2.65,-1.76,-1.76,8997.53,8995.76
186,BTC/INR,1h,LONG,2025-05-03 05:30:00+05:30,2025-05-04 00:30:00+05:30,96966.24,8096681.05,89208.94,120238.14,96120.12,8026029.94,INTRADAY_SQUAREOFF,0.02,179.92,0.000278,2248.94,-19.62,2.64,-22.27,-22.27,8995.76,8973.5
187,BTC/INR,1h,SHORT,2025-05-04 22:30:00+05:30,2025-05-05 00:30:00+05:30,95279.63,7955848.72,102902.0,72412.52,95439.68,7969213.31,INTRADAY_SQUAREOFF,0.02,179.47,0.000282,2243.37,-3.77,2.65,-6.42,-6.42,8973.5,8967.08
188,BTC/INR,1h,SHORT,2025-05-05 05:30:00+05:30,2025-05-06 00:30:00+05:30,94163.22,7862628.47,101696.27,71564.04,94773.72,7913605.83,INTRADAY_SQUAREOFF,0.02,179.34,0.000285,2241.77,-14.53,2.65,-17.19,-17.19,8967.08,8949.89
189,BTC/INR,1h,LONG,2025-05-07 04:30:00+05:30,2025-05-08 00:30:00+05:30,96402.69,8049624.86,88690.48,119539.34,96548.83,8061827.66,INTRADAY_SQUAREOFF,0.02,179.0,0.000278,2237.47,3.39,2.64,0.75,0.75,8949.89,8950.64
190,BTC/INR,1h,LONG,2025-05-08 14:30:00+05:30,2025-05-09 00:30:00+05:30,99811.26,8334239.85,91826.36,123765.96,101301.26,8458655.34,INTRADAY_SQUAREOFF,0.02,179.01,0.000268,2237.66,33.4,2.66,30.74,30.74,8950.64,8981.38
191,BTC/INR,1h,LONG,2025-05-09 02:30:00+05:30,2025-05-10 00:30:00+05:30,102814.03,8584971.49,94588.91,127489.4,103165.12,8614287.37,INTRADAY_SQUAREOFF,0.02,179.63,0.000262,2245.35,7.67,2.65,5.01,5.01,8981.38,8986.4
192,BTC/INR,1h,LONG,2025-05-10 09:30:00+05:30,2025-05-11 00:30:00+05:30,103257.01,8621960.25,94996.45,128038.69,103203.73,8617511.6,INTRADAY_SQUAREOFF,0.02,179.73,0.000261,2246.6,-1.16,2.65,-3.81,-3.81,8986.4,8982.59
193,BTC/INR,1h,LONG,2025-05-11 03:30:00+05:30,2025-05-12 00:30:00+05:30,103835.33,8670249.99,95528.5,128755.81,104509.91,8726577.18,INTRADAY_SQUAREOFF,0.02,179.65,0.000259,2245.65,14.59,2.66,11.93,11.93,8982.59,8994.52
194,BTC/INR,1h,LONG,2025-05-12 06:30:00+05:30,2025-05-13 00:30:00+05:30,104697.56,8742246.01,96321.75,129824.97,101614.85,8484839.71,INTRADAY_SQUAREOFF,0.02,179.89,0.000257,2248.63,-66.21,2.61,-68.82,-68.82,8994.52,8925.7
195,BTC/INR,1h,SHORT,2025-05-13 06:30:00+05:30,2025-05-14 00:30:00+05:30,102164.24,8530714.36,110337.38,77644.83,104432.48,8720112.01,INTRADAY_SQUAREOFF,0.02,178.51,0.000262,2231.42,-49.54,2.66,-52.2,-52.2,8925.7,8873.49
196,BTC/INR,1h,LONG,2025-05-15 00:30:00+05:30,2025-05-16 00:30:00+05:30,103549.54,8646386.42,95265.57,128401.43,102650.08,8571281.59,INTRADAY_SQUAREOFF,0.02,177.47,0.000257,2218.37,-19.27,2.61,-21.88,-21.88,8873.49,8851.62
197,BTC/INR,1h,LONG,2025-05-16 05:30:00+05:30,2025-05-17 00:30:00+05:30,103920.47,8677359.52,95606.84,128861.39,103680.77,8657344.0,INTRADAY_SQUAREOFF,0.02,177.03,0.000255,2212.9,-5.1,2.61,-7.71,-7.71,8851.62,8843.9
198,BTC/INR,1h,LONG,2025-05-17 09:30:00+05:30,2025-05-18 00:30:00+05:30,103593.1,8650023.75,95305.65,128455.44,102970.54,8598039.74,INTRADAY_SQUAREOFF,0.02,176.88,0.000256,2210.98,-13.29,2.6,-15.89,-15.89,8843.9,8828.01
199,BTC/INR,1h,LONG,2025-05-18 19:30:00+05:30,2025-05-19 00:30:00+05:30,104795.6,8750432.45,96411.95,129946.54,104445.91,8721233.25,INTRADAY_SQUAREOFF,0.02,176.56,0.000252,2207.0,-7.36,2.6,-9.96,-9.96,8828.01,8818.05
200,BTC/INR,1h,SHORT,2025-05-19 12:30:00+05:30,2025-05-20 00:30:00+05:30,102061.63,8522146.2,110226.56,77566.84,104818.97,8752383.93,INTRADAY_SQUAREOFF,0.02,176.36,0.000259,2204.51,-59.56,2.64,-62.19,-62.19,8818.05,8755.86
201,BTC/INR,1h,LONG,2025-05-20 10:30:00+05:30,2025-05-21 00:30:00+05:30,106262.74,8872938.59,97761.72,131765.79,105254.53,8788753.58,INTRADAY_SQUAREOFF,0.02,175.12,0.000247,2188.96,-20.77,2.57,-23.34,-23.34,8755.86,8732.52
202,BTC/INR,1h,LONG,2025-05-21 19:30:00+05:30,2025-05-22 00:30:00+05:30,107620.73,8986330.85,99011.07,133449.7,106953.75,8930638.47,INTRADAY_SQUAREOFF,0.02,174.65,0.000243,2183.13,-13.53,2.57,-16.1,-16.1,8732.52,8716.42
203,BTC/INR,1h,LONG,2025-05-22 18:30:00+05:30,2025-05-23 00:30:00+05:30,111622.86,9320508.95,102693.03,138412.35,111727.49,9329245.51,INTRADAY_SQUAREOFF,0.02,174.33,0.000234,2179.1,2.04,2.57,-0.53,-0.53,8716.42,8715.89
204,BTC/INR,1h,LONG,2025-05-23 05:30:00+05:30,2025-05-24 00:30:00+05:30,111755.84,9331612.82,102815.37,138577.24,108760.17,9081474.26,INTRADAY_SQUAREOFF,0.02,174.32,0.000234,2178.97,-58.41,2.54,-60.95,-60.95,8715.89,8654.94
205,BTC/INR,1h,SHORT,2025-05-24 02:30:00+05:30,2025-05-25 00:30:00+05:30,108162.31,9031553.19,116815.3,82203.36,108879.94,9091474.67,INTRADAY_SQUAREOFF,0.02,173.1,0.00024,2163.74,-14.36,2.56,-16.92,-16.92,8654.94,8638.03
206,BTC/INR,1h,SHORT,2025-05-25 04:30:00+05:30,2025-05-26 00:30:00+05:30,108005.98,9018499.15,116646.46,82084.54,107499.57,8976214.47,INTRADAY_SQUAREOFF,0.02,172.76,0.000239,2159.51,10.13,2.54,7.58,7.58,8638.03,8645.61
207,BTC/INR,1h,LONG,2025-05-26 06:30:00+05:30,2025-05-27 00:30:00+05:30,109655.33,9156220.18,100882.9,135972.61,109059.44,9106463.49,INTRADAY_SQUAREOFF,0.02,172.91,0.000236,2161.4,-11.75,2.54,-14.29,-14.29,8645.61,8631.32
208,BTC/INR,1h,SHORT,2025-05-27 12:30:00+05:30,2025-05-28 00:30:00+05:30,108826.74,9087032.71,117532.88,82708.32,109985.6,9183797.44,INTRADAY_SQUAREOFF,0.02,172.63,0.000237,2157.83,-22.98,2.56,-25.54,-25.54,8631.32,8605.78
209,BTC/INR,1h,SHORT,2025-05-28 12:30:00+05:30,2025-05-29 00:30:00+05:30,108645.54,9071902.65,117337.18,82570.61,107543.57,8979887.7,INTRADAY_SQUAREOFF,0.02,172.12,0.000237,2151.45,21.82,2.53,19.3,19.3,8605.78,8625.08
210,BTC/INR,1h,SHORT,2025-05-29 23:30:00+05:30,2025-05-30 01:30:00+05:30,106130.65,8861909.3,114621.1,80659.29,105783.33,8832908.39,INTRADAY_SQUAREOFF,0.02,172.5,0.000243,2156.27,7.06,2.54,4.52,4.52,8625.08,8629.59
211,BTC/INR,1h,SHORT,2025-05-30 04:30:00+05:30,2025-05-31 00:30:00+05:30,105895.3,8842257.49,114366.92,80480.43,104959.99,8764158.75,INTRADAY_SQUAREOFF,0.02,172.59,0.000244,2157.4,19.06,2.53,16.52,16.52,8629.59,8646.11
212,BTC/INR,1h,SHORT,2025-05-31 04:30:00+05:30,2025-06-01 00:30:00+05:30,104000.1,8684008.26,112320.11,79040.08,104584.38,8732796.0,INTRADAY_SQUAREOFF,0.02,172.92,0.000249,2161.53,-12.14,2.56,-14.7,-14.7,8646.11,8631.41
213,BTC/INR,1h,LONG,2025-06-01 10:30:00+05:30,2025-06-02 00:30:00+05:30,104789.63,8749934.46,96406.46,129939.15,104871.26,8756749.95,INTRADAY_SQUAREOFF,0.02,172.63,0.000247,2157.85,1.68,2.55,-0.87,-0.87,8631.41,8630.55
214,BTC/INR,1h,LONG,2025-06-02 03:30:00+05:30,2025-06-03 00:30:00+05:30,105564.9,8814669.53,97119.71,130900.48,104324.57,8711101.55,INTRADAY_SQUAREOFF,0.02,172.61,0.000245,2157.64,-25.35,2.53,-27.88,-27.88,8630.55,8602.66
215,BTC/INR,1h,LONG,2025-06-03 19:30:00+05:30,2025-06-04 00:30:00+05:30,105717.28,8827392.67,97259.9,131089.42,106040.05,8854343.94,INTRADAY_SQUAREOFF,0.02,172.05,0.000244,2150.67,6.57,2.54,4.02,4.02,8602.66,8606.69
216,BTC/INR,1h,SHORT,2025-06-04 19:30:00+05:30,2025-06-05 00:30:00+05:30,104740.28,8745813.66,113119.51,79602.62,105053.56,8771971.86,INTRADAY_SQUAREOFF,0.02,172.13,0.000246,2151.67,-6.44,2.54,-8.98,-8.98,8606.69,8597.71
217,BTC/INR,1h,SHORT,2025-06-05 02:30:00+05:30,2025-06-06 00:30:00+05:30,104449.65,8721545.57,112805.62,79381.73,103090.73,8608076.0,INTRADAY_SQUAREOFF,0.02,171.95,0.000246,2149.43,27.96,2.52,25.44,25.44,8597.71,8623.16
218,BTC/INR,1h,LONG,2025-06-07 04:30:00+05:30,2025-06-08 00:30:00+05:30,104629.56,8736568.43,96259.2,129740.66,105596.61,8817317.17,INTRADAY_SQUAREOFF,0.02,172.46,0.000247,2155.79,19.93,2.56,17.37,17.37,8623.16,8640.53
219,BTC/INR,1h,LONG,2025-06-08 07:30:00+05:30,2025-06-09 00:30:00+05:30,105857.52,8839102.88,97388.92,131263.32,106308.71,8876777.26,INTRADAY_SQUAREOFF,0.02,172.81,0.000244,2160.13,9.21,2.55,6.65,6.65,8640.53,8647.18
220,BTC/INR,1h,LONG,2025-06-10 15:30:00+05:30,2025-06-11 00:30:00+05:30,109592.69,9150989.68,100825.28,135894.94,109257.44,9122996.05,INTRADAY_SQUAREOFF,0.02,172.94,0.000236,2161.79,-6.61,2.55,-9.16,-9.16,8647.18,8638.02
221,BTC/INR,1h,LONG,2025-06-11 05:30:00+05:30,2025-06-12 00:30:00+05:30,110327.41,9212338.7,101501.22,136805.99,108791.54,9084093.42,INTRADAY_SQUAREOFF,0.02,172.76,0.000234,2159.5,-30.06,2.53,-32.59,-32.59,8638.02,8605.42
222,BTC/INR,1h,SHORT,2025-06-12 09:30:00+05:30,2025-06-13 00:30:00+05:30,107698.65,8992837.69,116314.55,81850.98,107625.46,8986725.72,INTRADAY_SQUAREOFF,0.02,172.11,0.000239,2151.36,1.46,2.54,-1.08,-1.08,8605.42,8604.35
223,BTC/INR,1h,SHORT,2025-06-13 05:30:00+05:30,2025-06-14 00:30:00+05:30,105677.09,8824036.86,114131.26,80314.59,105225.55,8786333.21,INTRADAY_SQUAREOFF,0.02,172.09,0.000244,2151.09,9.19,2.53,6.66,6.66,8604.35,8611.01
224,BTC/INR,1h,SHORT,2025-06-14 07:30:00+05:30,2025-06-15 00:30:00+05:30,105448.25,8804928.83,113884.11,80140.67,104993.53,8766959.36,INTRADAY_SQUAREOFF,0.02,172.22,0.000244,2152.75,9.28,2.53,6.75,6.75,8611.01,8617.76
225,BTC/INR,1h,LONG,2025-06-15 11:30:00+05:30,2025-06-16 00:30:00+05:30,106167.65,8864998.86,97674.24,131647.89,105468.84,8806648.2,INTRADAY_SQUAREOFF,0.02,172.36,0.000243,2154.44,-14.18,2.53,-16.71,-16.71,8617.76,8601.04
226,BTC/INR,1h,LONG,2025-06-16 10:30:00+05:30,2025-06-17 00:30:00+05:30,106454.4,8888942.71,97938.05,132003.46,108255.17,9039306.98,INTRADAY_SQUAREOFF,0.02,172.02,0.000242,2150.26,36.37,2.56,33.81,33.81,8601.04,8634.86
227,BTC/INR,1h,SHORT,2025-06-17 10:30:00+05:30,2025-06-18 00:30:00+05:30,107304.59,8959933.62,115888.96,81551.49,104483.73,8724391.57,INTRADAY_SQUAREOFF,0.02,172.7,0.000241,2158.71,56.75,2.51,54.24,54.24,8634.86,8689.09
228,BTC/INR,1h,SHORT,2025-06-18 02:30:00+05:30,2025-06-19 00:30:00+05:30,104303.13,8709311.11,112647.38,79270.38,103713.4,8660068.99,INTRADAY_SQUAREOFF,0.02,173.78,0.000249,2172.27,12.28,2.56,9.73,9.73,8689.09,8698.82
229,BTC/INR,1h,SHORT,2025-06-19 07:30:00+05:30,2025-06-20 00:30:00+05:30,104486.63,8724633.52,112845.56,79409.84,104470.63,8723297.7,INTRADAY_SQUAREOFF,0.02,173.98,0.000249,2174.7,0.33,2.57,-2.23,-2.23,8698.82,8696.58
230,BTC/INR,1h,SHORT,2025-06-20 10:30:00+05:30,2025-06-21 00:30:00+05:30,104205.07,8701123.72,112541.48,79195.86,103230.61,8619755.53,INTRADAY_SQUAREOFF,0.02,173.93,0.00025,2174.15,20.33,2.55,17.78,17.78,8696.58,8714.36
231,BTC/INR,1h,SHORT,2025-06-21 04:30:00+05:30,2025-06-22 00:30:00+05:30,102968.81,8597895.65,111206.31,78256.3,102740.52,8578833.12,INTRADAY_SQUAREOFF,0.02,174.29,0.000253,2178.59,4.83,2.57,2.26,2.26,8714.36,8716.62
232,BTC/INR,1h,SHORT,2025-06-22 03:30:00+05:30,2025-06-23 00:30:00+05:30,101276.49,8456587.14,109378.61,76970.13,99511.17,8309182.55,INTRADAY_SQUAREOFF,0.02,174.33,0.000258,2179.16,37.98,2.55,35.44,35.44,8716.62,8752.06
233,BTC/INR,1h,LONG,2025-06-24 07:30:00+05:30,2025-06-25 00:30:00+05:30,105592.46,8816970.19,97145.06,130934.65,105549.38,8813373.11,INTRADAY_SQUAREOFF,0.02,175.04,0.000248,2188.01,-0.89,2.58,-3.47,-3.47,8752.06,8748.59
234,BTC/INR,1h,LONG,2025-06-25 06:30:00+05:30,2025-06-26 00:30:00+05:30,106519.11,8894345.51,97997.58,132083.69,107387.83,8966884.13,INTRADAY_SQUAREOFF,0.02,174.97,0.000246,2187.15,17.84,2.59,15.25,15.25,8748.59,8763.83
235,BTC/INR,1h,LONG,2025-06-26 08:30:00+05:30,2025-06-27 00:30:00+05:30,108059.24,9022946.94,99414.51,133993.46,107358.58,8964441.67,INTRADAY_SQUAREOFF,0.02,175.28,0.000243,2190.96,-14.21,2.58,-16.78,-16.78,8763.83,8747.05
236,BTC/INR,1h,SHORT,2025-06-28 14:30:00+05:30,2025-06-29 00:30:00+05:30,107349.21,8963659.25,115937.15,81585.4,107408.83,8968637.62,INTRADAY_SQUAREOFF,0.02,174.94,0.000244,2186.76,-1.21,2.58,-3.8,-3.8,8747.05,8743.25
237,BTC/INR,1h,SHORT,2025-06-29 09:30:00+05:30,2025-06-30 00:30:00+05:30,107187.4,8950147.49,115762.39,81462.42,107717.14,8994380.88,INTRADAY_SQUAREOFF,0.02,174.87,0.000244,2185.81,-10.8,2.59,-13.39,-13.39,8743.25,8729.86
238,BTC/INR,1h,SHORT,2025-07-01 00:30:00+05:30,2025-07-02 00:30:00+05:30,107147.95,8946854.15,115719.79,81432.44,105859.78,8839291.5,INTRADAY_SQUAREOFF,0.02,174.6,0.000244,2182.47,26.24,2.56,23.68,23.68,8729.86,8753.54
239,BTC/INR,1h,LONG,2025-07-02 16:30:00+05:30,2025-07-03 00:30:00+05:30,107897.79,9009465.39,99265.97,133793.26,109529.04,9145674.52,INTRADAY_SQUAREOFF,0.02,175.07,0.000243,2188.39,33.08,2.6,30.48,30.48,8753.54,8784.03
240,BTC/INR,1h,LONG,2025-07-03 11:30:00+05:30,2025-07-04 00:30:00+05:30,109453.58,9139374.12,100697.3,135722.44,109632.73,9154333.32,INTRADAY_SQUAREOFF,0.02,175.68,0.00024,2196.01,3.59,2.59,1.0,1.0,8784.03,8785.03
241,BTC/INR,1h,SHORT,2025-07-05 00:30:00+05:30,2025-07-06 00:30:00+05:30,107463.78,8973225.65,116060.88,81672.47,108089.38,9025463.64,INTRADAY_SQUAREOFF,0.02,175.7,0.000245,2196.26,-12.79,2.6,-15.38,-15.38,8785.03,8769.64
242,BTC/INR,1h,SHORT,2025-07-06 15:30:00+05:30,2025-07-07 00:30:00+05:30,107836.65,9004360.15,116463.58,81955.85,108575.85,9066083.2,INTRADAY_SQUAREOFF,0.02,175.39,0.000243,2192.41,-15.03,2.6,-17.62,-17.62,8769.64,8752.02
243,BTC/INR,1h,LONG,2025-07-07 08:30:00+05:30,2025-07-08 00:30:00+05:30,109558.74,9148155.14,100794.04,135852.84,107952.79,9014057.6,INTRADAY_SQUAREOFF,0.02,175.04,0.000239,2188.0,-32.07,2.56,-34.64,-34.64,8752.02,8717.38
244,BTC/INR,1h,SHORT,2025-07-08 07:30:00+05:30,2025-07-09 00:30:00+05:30,107688.99,8992030.49,116304.11,81843.63,109214.42,9119404.38,INTRADAY_SQUAREOFF,0.02,174.35,0.000242,2179.35,-30.87,2.59,-33.46,-33.46,8717.38,8683.92
245,BTC/INR,1h,LONG,2025-07-09 12:30:00+05:30,2025-07-10 00:30:00+05:30,108934.32,9096015.95,100219.58,135078.56,109508.88,9143991.67,INTRADAY_SQUAREOFF,0.02,173.68,0.000239,2170.98,11.45,2.57,8.88,8.88,8683.92,8692.8
246,BTC/INR,1h,LONG,2025-07-10 07:30:00+05:30,2025-07-11 00:30:00+05:30,111433.71,9304714.99,102519.02,138177.8,113434.96,9471818.93,INTRADAY_SQUAREOFF,0.02,173.86,0.000234,2173.2,39.03,2.59,36.44,36.44,8692.8,8729.25
247,BTC/INR,1h,LONG,2025-07-11 03:30:00+05:30,2025-07-12 00:30:00+05:30,116653.76,9740588.85,107321.46,144650.66,117659.88,9824600.22,INTRADAY_SQUAREOFF,0.02,174.58,0.000224,2182.31,18.82,2.59,16.24,16.24,8729.25,8745.48
248,BTC/INR,1h,LONG,2025-07-12 07:30:00+05:30,2025-07-13 00:30:00+05:30,117774.08,9834136.03,108352.16,146039.86,117453.71,9807385.0,INTRADAY_SQUAREOFF,0.02,174.91,0.000222,2186.37,-5.95,2.58,-8.52,-8.52,8745.48,8736.96
249,BTC/INR,1h,LONG,2025-07-14 00:30:00+05:30,2025-07-15 00:30:00+05:30,119120.35,9946549.29,109590.72,147709.23,119595.64,9986236.02,INTRADAY_SQUAREOFF,0.02,174.74,0.00022,2184.24,8.72,2.58,6.13,6.13,8736.96,8743.09
250,BTC/INR,1h,SHORT,2025-07-15 20:30:00+05:30,2025-07-16 00:30:00+05:30,115707.8,9661601.69,124964.43,87937.93,116805.37,9753248.69,INTRADAY_SQUAREOFF,0.02,174.86,0.000226,2185.77,-20.73,2.59,-23.33,-23.33,8743.09,8719.77
251,BTC/INR,1h,LONG,2025-07-17 02:30:00+05:30,2025-07-18 00:30:00+05:30,120006.0,10020500.7,110405.52,148807.44,119603.51,9986893.26,INTRADAY_SQUAREOFF,0.02,174.4,0.000218,2179.94,-7.31,2.57,-9.88,-9.88,8719.77,8709.89
252,BTC/INR,1h,LONG,2025-07-18 10:30:00+05:30,2025-07-19 00:30:00+05:30,120613.47,10071224.9,110964.39,149560.71,117313.41,9795669.54,INTRADAY_SQUAREOFF,0.02,174.2,0.000216,2177.47,-59.58,2.53,-62.11,-62.11,8709.89,8647.77
253,BTC/INR,1h,SHORT,2025-07-19 19:30:00+05:30,2025-07-20 00:30:00+05:30,118087.04,9860268.18,127534.01,89746.15,117972.14,9850673.38,INTRADAY_SQUAREOFF,0.02,172.96,0.000219,2161.94,2.1,2.55,-0.45,-0.45,8647.77,8647.33
254,BTC/INR,1h,SHORT,2025-07-20 15:30:00+05:30,2025-07-21 00:30:00+05:30,117960.54,9849705.5,127397.39,89650.01,118453.78,9890890.9,INTRADAY_SQUAREOFF,0.02,172.95,0.000219,2161.83,-9.04,2.56,-11.6,-11.6,8647.33,8635.73
255,BTC/INR,1h,LONG,2025-07-21 19:30:00+05:30,2025-07-22 00:30:00+05:30,119167.37,9950475.75,109633.98,147767.54,117115.26,9779124.6,INTRADAY_SQUAREOFF,0.02,172.71,0.000217,2158.93,-37.18,2.53,-39.7,-39.7,8635.73,8596.03
256,BTC/INR,1h,SHORT,2025-07-22 06:30:00+05:30,2025-07-23 00:30:00+05:30,117050.27,9773697.85,126414.3,88958.21,119869.05,10009065.27,INTRADAY_SQUAREOFF,0.02,171.92,0.00022,2149.01,-51.75,2.57,-54.32,-54.32,8596.03,8541.71
257,BTC/INR,1h,LONG,2025-07-23 17:30:00+05:30,2025-07-24 00:30:00+05:30,118742.49,9914997.92,109243.09,147240.69,118350.85,9882295.95,INTRADAY_SQUAREOFF,0.02,170.83,0.000215,2135.43,-7.04,2.52,-9.56,-9.56,8541.71,8532.15
258,BTC/INR,1h,SHORT,2025-07-25 18:30:00+05:30,2025-07-26 00:30:00+05:30,115943.19,9681256.11,125218.64,88116.82,116531.35,9730368.04,INTRADAY_SQUAREOFF,0.02,170.64,0.00022,2133.04,-10.82,2.52,-13.34,-13.34,8532.15,8518.81
259,BTC/INR,1h,LONG,2025-07-27 01:30:00+05:30,2025-07-28 00:30:00+05:30,118384.15,9885076.26,108913.42,146796.34,118984.03,9935166.1,INTRADAY_SQUAREOFF,0.02,170.38,0.000215,2129.7,10.79,2.52,8.27,8.27,8518.81,8527.08
260,BTC/INR,1h,LONG,2025-07-28 03:30:00+05:30,2025-07-29 00:30:00+05:30,119359.82,9966545.13,109811.04,148006.18,117704.71,9828343.45,INTRADAY_SQUAREOFF,0.02,170.54,0.000214,2131.77,-29.56,2.5,-32.06,-32.06,8527.08,8495.02
261,BTC/INR,1h,SHORT,2025-07-29 04:30:00+05:30,2025-07-30 00:30:00+05:30,117732.11,9830631.38,127150.68,89476.41,117634.72,9822498.92,INTRADAY_SQUAREOFF,0.02,169.9,0.000216,2123.76,1.76,2.5,-0.75,-0.75,8495.02,8494.27
262,BTC/INR,1h,SHORT,2025-07-30 17:30:00+05:30,2025-07-31 00:30:00+05:30,117415.41,9804186.85,126808.64,89235.71,116463.83,9724729.62,INTRADAY_SQUAREOFF,0.02,169.89,0.000217,2123.57,17.21,2.5,14.71,14.71,8494.27,8508.99
263,BTC/INR,1h,SHORT,2025-08-01 12:30:00+05:30,2025-08-02 00:30:00+05:30,115004.03,9602836.65,124204.35,87403.06,113891.43,9509933.99,INTRADAY_SQUAREOFF,0.02,170.18,0.000222,2127.25,20.58,2.5,18.08,18.08,8508.99,8527.07
264,BTC/INR,1h,SHORT,2025-08-02 23:30:00+05:30,2025-08-03 01:30:00+05:30,112517.58,9395217.95,121518.99,85513.36,112272.26,9374734.07,INTRADAY_SQUAREOFF,0.02,170.54,0.000227,2131.77,4.65,2.51,2.14,2.14,8527.07,8529.21
265,BTC/INR,1h,LONG,2025-08-04 06:30:00+05:30,2025-08-05 00:30:00+05:30,114985.94,9601326.06,105787.07,142582.57,114885.11,9592906.42,INTRADAY_SQUAREOFF,0.02,170.58,0.000222,2132.3,-1.87,2.52,-4.38,-4.38,8529.21,8524.82
266,BTC/INR,1h,LONG,2025-08-05 03:30:00+05:30,2025-08-06 00:30:00+05:30,115320.67,9629275.99,106095.02,142997.63,113554.62,9481810.45,INTRADAY_SQUAREOFF,0.02,170.5,0.000221,2131.21,-32.64,2.5,-35.13,-35.13,8524.82,8489.69
267,BTC/INR,1h,SHORT,2025-08-06 06:30:00+05:30,2025-08-07 00:30:00+05:30,113719.1,9495544.55,122816.62,86426.51,115508.51,9644960.3,INTRADAY_SQUAREOFF,0.02,169.79,0.000224,2122.42,-33.4,2.52,-35.92,-35.92,8489.69,8453.77
268,BTC/INR,1h,LONG,2025-08-07 19:30:00+05:30,2025-08-08 00:30:00+05:30,116788.07,9751803.68,107445.02,144817.2,116532.17,9730435.84,INTRADAY_SQUAREOFF,0.02,169.08,0.000217,2113.44,-4.63,2.49,-7.12,-7.12,8453.77,8446.64
269,BTC/INR,1h,LONG,2025-08-08 04:30:00+05:30,2025-08-09 00:30:00+05:30,117711.24,9828888.56,108294.34,145961.94,116449.5,9723532.93,INTRADAY_SQUAREOFF,0.02,168.93,0.000215,2111.66,-22.63,2.48,-25.11,-25.11,8446.64,8421.53
270,BTC/INR,1h,LONG,2025-08-09 02:30:00+05:30,2025-08-10 00:30:00+05:30,116950.91,9765401.4,107594.84,145019.13,116599.83,9736086.22,INTRADAY_SQUAREOFF,0.02,168.43,0.000216,2105.38,-6.32,2.48,-8.8,-8.8,8421.53,8412.73
271,BTC/INR,1h,LONG,2025-08-10 14:30:00+05:30,2025-08-11 00:30:00+05:30,118438.55,9889618.85,108963.47,146863.8,118491.9,9894073.34,INTRADAY_SQUAREOFF,0.02,168.25,0.000213,2103.18,0.95,2.48,-1.53,-1.53,8412.73,8411.2
272,BTC/INR,1h,LONG,2025-08-11 04:30:00+05:30,2025-08-12 00:30:00+05:30,119301.77,9961697.75,109757.63,147934.19,119705.8,9995434.69,INTRADAY_SQUAREOFF,0.02,168.22,0.000211,2102.8,7.12,2.49,4.64,4.64,8411.2,8415.83
273,BTC/INR,1h,SHORT,2025-08-12 09:30:00+05:30,2025-08-13 00:30:00+05:30,118756.82,9916194.34,128257.36,90255.18,119389.8,9969048.12,INTRADAY_SQUAREOFF,0.02,168.32,0.000212,2103.96,-11.21,2.49,-13.7,-13.7,8415.83,8402.13
274,BTC/INR,1h,LONG,2025-08-13 05:30:00+05:30,2025-08-14 00:30:00+05:30,120284.41,10043748.15,110661.66,149152.67,121532.53,10147966.38,INTRADAY_SQUAREOFF,0.02,168.04,0.000209,2100.53,21.8,2.49,19.3,19.3,8402.13,8421.43
275,BTC/INR,1h,SHORT,2025-08-15 15:30:00+05:30,2025-08-16 00:30:00+05:30,118647.82,9907092.83,128139.64,90172.34,117228.26,9788560.09,INTRADAY_SQUAREOFF,0.02,168.43,0.000213,2105.36,25.19,2.47,22.72,22.72,8421.43,8444.15
276,BTC/INR,1h,SHORT,2025-08-16 08:30:00+05:30,2025-08-17 00:30:00+05:30,117509.36,9812031.27,126910.11,89307.11,117821.9,9838128.41,INTRADAY_SQUAREOFF,0.02,168.88,0.000215,2111.04,-5.61,2.49,-8.11,-8.11,8444.15,8436.04
277,BTC/INR,1h,SHORT,2025-08-17 03:30:00+05:30,2025-08-18 00:30:00+05:30,117485.69,9810055.01,126884.54,89289.12,117667.22,9825212.73,INTRADAY_SQUAREOFF,0.02,168.72,0.000215,2109.01,-3.26,2.49,-5.75,-5.75,8436.04,8430.29
278,BTC/INR,1h,SHORT,2025-08-19 19:30:00+05:30,2025-08-20 00:30:00+05:30,114933.81,9596973.05,124128.51,87349.69,113104.4,9444217.31,INTRADAY_SQUAREOFF,0.02,168.61,0.00022,2107.57,33.55,2.47,31.08,31.08,8430.29,8461.37
279,BTC/INR,1h,SHORT,2025-08-20 05:30:00+05:30,2025-08-21 00:30:00+05:30,112701.68,9410590.57,121717.82,85653.28,113547.4,9481208.03,INTRADAY_SQUAREOFF,0.02,169.23,0.000225,2115.34,-15.87,2.51,-18.38,-18.38,8461.37,8442.99
280,BTC/INR,1h,SHORT,2025-08-22 01:30:00+05:30,2025-08-23 00:30:00+05:30,111942.24,9347177.3,120897.62,85076.1,116848.01,9756809.0,INTRADAY_SQUAREOFF,0.02,168.86,0.000226,2110.75,-92.5,2.55,-95.05,-95.05,8442.99,8347.95
281,BTC/INR,1h,LONG,2025-08-23 02:30:00+05:30,2025-08-24 00:30:00+05:30,117142.24,9781377.46,107770.87,145256.38,115048.23,9606527.07,INTRADAY_SQUAREOFF,0.02,166.96,0.000213,2086.99,-37.31,2.44,-39.75,-39.75,8347.95,8308.2
282,BTC/INR,1h,SHORT,2025-08-24 08:30:00+05:30,2025-08-25 00:30:00+05:30,114952.94,9598570.5,124149.18,87364.23,114657.72,9573919.79,INTRADAY_SQUAREOFF,0.02,166.16,0.000216,2077.05,5.33,2.45,2.89,2.89,8308.2,8311.09
283,BTC/INR,1h,SHORT,2025-08-25 11:30:00+05:30,2025-08-26 00:30:00+05:30,112286.94,9375959.31,121269.89,85338.07,112454.03,9389911.91,INTRADAY_SQUAREOFF,0.02,166.22,0.000222,2077.77,-3.09,2.45,-5.55,-5.55,8311.09,8305.54
284,BTC/INR,1h,SHORT,2025-08-26 06:30:00+05:30,2025-08-27 00:30:00+05:30,108973.07,9099251.52,117690.92,82819.53,110756.25,9248146.78,INTRADAY_SQUAREOFF,0.02,166.11,0.000228,2076.39,-33.98,2.47,-36.45,-36.45,8305.54,8269.09
285,BTC/INR,1h,LONG,2025-08-27 17:30:00+05:30,2025-08-28 00:30:00+05:30,111424.68,9303960.5,102510.7,138166.6,111934.52,9346532.45,INTRADAY_SQUAREOFF,0.02,165.38,0.000222,2067.27,9.46,2.44,7.01,7.01,8269.09,8276.11
286,BTC/INR,1h,LONG,2025-08-28 07:30:00+05:30,2025-08-29 00:30:00+05:30,111729.6,9329421.81,102791.23,138544.71,112332.38,9379754.05,INTRADAY_SQUAREOFF,0.02,165.52,0.000222,2069.03,11.16,2.45,8.71,8.71,8276.11,8284.82
287,BTC/INR,1h,LONG,2025-08-29 04:30:00+05:30,2025-08-30 00:30:00+05:30,112505.86,9394239.11,103505.39,139507.26,108102.69,9026574.38,INTRADAY_SQUAREOFF,0.02,165.7,0.00022,2071.21,-81.06,2.4,-83.46,-83.46,8284.82,8201.36
288,BTC/INR,1h,SHORT,2025-08-30 07:30:00+05:30,2025-08-31 00:30:00+05:30,107428.23,8970257.02,116022.49,81645.45,108797.48,9084589.66,INTRADAY_SQUAREOFF,0.02,164.03,0.000229,2050.34,-26.13,2.43,-28.57,-28.57,8201.36,8172.8
289,BTC/INR,1h,SHORT,2025-08-31 02:30:00+05:30,2025-09-01 00:30:00+05:30,108569.2,9065528.52,117254.74,82512.59,109204.74,9118595.72,INTRADAY_SQUAREOFF,0.02,163.46,0.000225,2043.2,-11.96,2.42,-14.38,-14.38,8172.8,8158.42
290,BTC/INR,1h,SHORT,2025-09-01 04:30:00+05:30,2025-09-02 00:30:00+05:30,108720.99,9078202.44,117418.67,82627.95,109287.31,9125490.52,INTRADAY_SQUAREOFF,0.02,163.17,0.000225,2039.6,-10.62,2.41,-13.04,-13.04,8158.42,8145.38
291,BTC/INR,1h,LONG,2025-09-02 19:30:00+05:30,2025-09-03 00:30:00+05:30,111314.82,9294787.88,102409.64,138030.38,110611.62,9236070.24,INTRADAY_SQUAREOFF,0.02,162.91,0.000219,2036.35,-12.86,2.4,-15.26,-15.26,8145.38,8130.12
292,BTC/INR,1h,LONG,2025-09-03 08:30:00+05:30,2025-09-04 00:30:00+05:30,111510.68,9311141.83,102589.83,138273.24,111972.93,9349739.73,INTRADAY_SQUAREOFF,0.02,162.6,0.000218,2032.53,8.43,2.4,6.02,6.02,8130.12,8136.14
293,BTC/INR,1h,LONG,2025-09-04 06:30:00+05:30,2025-09-05 00:30:00+05:30,112249.68,9372848.51,103269.71,139189.61,109941.21,9180090.62,INTRADAY_SQUAREOFF,0.02,162.72,0.000217,2034.04,-41.83,2.38,-44.21,-44.21,8136.14,8091.94
294,BTC/INR,1h,LONG,2025-09-05 07:30:00+05:30,2025-09-06 00:30:00+05:30,111161.99,9282026.23,102269.03,137840.87,111152.29,9281215.94,INTRADAY_SQUAREOFF,0.02,161.84,0.000218,2022.98,-0.18,2.39,-2.56,-2.56,8091.94,8089.37
295,BTC/INR,1h,SHORT,2025-09-06 03:30:00+05:30,2025-09-07 00:30:00+05:30,110553.32,9231202.28,119397.59,84020.52,110300.61,9210101.35,INTRADAY_SQUAREOFF,0.02,161.79,0.000219,2022.34,4.62,2.38,2.24,2.24,8089.37,8091.61
296,BTC/INR,1h,SHORT,2025-09-07 12:30:00+05:30,2025-09-08 00:30:00+05:30,110455.62,9223044.23,119292.07,83946.27,111099.53,9276810.74,INTRADAY_SQUAREOFF,0.02,161.83,0.000219,2022.9,-11.79,2.39,-14.19,-14.19,8091.61,8077.43
297,BTC/INR,1h,LONG,2025-09-08 20:30:00+05:30,2025-09-09 00:30:00+05:30,112780.98,9417211.79,103758.5,139848.41,112413.38,9386517.43,INTRADAY_SQUAREOFF,0.02,161.55,0.000214,2019.36,-6.58,2.38,-8.96,-8.96,8077.43,8068.47
298,BTC/INR,1h,LONG,2025-09-09 03:30:00+05:30,2025-09-10 00:30:00+05:30,112377.02,9383481.15,103386.86,139347.5,111111.65,9277822.84,INTRADAY_SQUAREOFF,0.02,161.37,0.000215,2017.12,-22.71,2.37,-25.08,-25.08,8068.47,8043.39
299,BTC/INR,1h,SHORT,2025-09-10 06:30:00+05:30,2025-09-11 00:30:00+05:30,110935.25,9263093.11,119810.07,84310.79,113687.6,9492914.97,INTRADAY_SQUAREOFF,0.02,160.87,0.000217,2010.85,-49.89,2.4,-52.29,-52.29,8043.39,7991.09
300,BTC/INR,1h,LONG,2025-09-11 03:30:00+05:30,2025-09-12 00:30:00+05:30,113902.17,9510831.41,104790.0,141238.69,114266.5,9541252.94,INTRADAY_SQUAREOFF,0.02,159.82,0.00021,1997.77,6.39,2.36,4.03,4.03,7991.09,7995.12
301,BTC/INR,1h,LONG,2025-09-12 03:30:00+05:30,2025-09-13 00:30:00+05:30,114595.62,9568734.33,105427.97,142098.57,116460.11,9724419.02,INTRADAY_SQUAREOFF,0.02,159.9,0.000209,1998.78,32.52,2.38,30.14,30.14,7995.12,8025.27
302,BTC/INR,1h,LONG,2025-09-13 06:30:00+05:30,2025-09-14 00:30:00+05:30,116382.87,9717969.92,107072.24,144314.76,115620.94,9654348.65,INTRADAY_SQUAREOFF,0.02,160.51,0.000206,2006.32,-13.13,2.36,-15.49,-15.49,8025.27,8009.77
303,BTC/INR,1h,SHORT,2025-09-15 00:30:00+05:30,2025-09-16 00:30:00+05:30,115366.93,9633138.51,124596.28,87678.87,115370.72,9633455.04,INTRADAY_SQUAREOFF,0.02,160.2,0.000208,2002.44,-0.07,2.36,-2.43,-2.43,8009.77,8007.34
304,BTC/INR,1h,SHORT,2025-09-16 06:30:00+05:30,2025-09-17 00:30:00+05:30,114955.79,9598808.48,124152.25,87366.4,116511.09,9728675.66,INTRADAY_SQUAREOFF,0.02,160.15,0.000209,2001.84,-27.08,2.38,-29.46,-29.46,8007.34,7977.88
305,BTC/INR,1h,LONG,2025-09-17 11:30:00+05:30,2025-09-18 00:30:00+05:30,117264.5,9791585.87,107883.34,145407.98,115200.68,9619257.06,INTRADAY_SQUAREOFF,0.02,159.56,0.000204,1994.47,-35.1,2.33,-37.43,-37.43,7977.88,7940.44
306,BTC/INR,1h,LONG,2025-09-18 15:30:00+05:30,2025-09-19 00:30:00+05:30,117409.82,9803720.3,108017.04,145588.18,117799.34,9836244.6,INTRADAY_SQUAREOFF,0.02,158.81,0.000202,1985.11,6.59,2.35,4.24,4.24,7940.44,7944.68
307,BTC/INR,1h,LONG,2025-09-19 06:30:00+05:30,2025-09-20 00:30:00+05:30,117502.04,9811420.5,108101.88,145702.53,115400.18,9635914.8,INTRADAY_SQUAREOFF,0.02,158.89,0.000202,1986.17,-35.53,2.32,-37.85,-37.85,7944.68,7906.83
308,BTC/INR,1h,SHORT,2025-09-20 09:30:00+05:30,2025-09-21 00:30:00+05:30,115435.15,9638835.19,124669.96,87730.72,115841.37,9672754.25,INTRADAY_SQUAREOFF,0.02,158.14,0.000205,1976.71,-6.96,2.34,-9.29,-9.29,7906.83,7897.54
309,BTC/INR,1h,SHORT,2025-09-21 14:30:00+05:30,2025-09-22 00:30:00+05:30,115585.98,9651429.56,124832.86,87845.35,115644.49,9656314.8,INTRADAY_SQUAREOFF,0.02,157.95,0.000205,1974.39,-1.0,2.33,-3.33,-3.33,7897.54,7894.21
310,BTC/INR,1h,SHORT,2025-09-22 05:30:00+05:30,2025-09-23 00:30:00+05:30,115210.23,9620054.48,124427.05,87559.78,112583.77,9400744.93,INTRADAY_SQUAREOFF,0.02,157.88,0.000205,1973.55,44.99,2.3,42.69,42.69,7894.21,7936.9
311,BTC/INR,1h,SHORT,2025-09-23 06:30:00+05:30,2025-09-24 00:30:00+05:30,112444.72,9389133.98,121440.3,85457.99,111856.33,9340003.55,INTRADAY_SQUAREOFF,0.02,158.74,0.000211,1984.22,10.38,2.34,8.05,8.05,7936.9,7944.95
312,BTC/INR,1h,SHORT,2025-09-24 09:30:00+05:30,2025-09-25 00:30:00+05:30,111699.22,9326885.2,120635.16,84891.41,113738.27,9497145.58,INTRADAY_SQUAREOFF,0.02,158.9,0.000213,1986.24,-36.26,2.37,-38.62,-38.62,7944.95,7906.32
313,BTC/INR,1h,SHORT,2025-09-25 17:30:00+05:30,2025-09-26 00:30:00+05:30,111322.59,9295436.44,120228.4,84605.17,109966.56,9182207.54,INTRADAY_SQUAREOFF,0.02,158.13,0.000213,1976.58,24.08,2.32,21.76,21.76,7906.32,7928.08
314,BTC/INR,1h,SHORT,2025-09-26 05:30:00+05:30,2025-09-27 00:30:00+05:30,108893.63,9092617.9,117605.12,82759.16,109852.43,9172677.91,INTRADAY_SQUAREOFF,0.02,158.56,0.000218,1982.02,-17.45,2.35,-19.8,-19.8,7928.08,7908.28
315,BTC/INR,1h,SHORT,2025-09-27 07:30:00+05:30,2025-09-28 00:30:00+05:30,109363.99,9131892.83,118113.1,83116.63,109517.61,9144720.79,INTRADAY_SQUAREOFF,0.02,158.17,0.000217,1977.07,-2.78,2.33,-5.11,-5.11,7908.28,7903.17
316,BTC/INR,1h,SHORT,2025-09-28 07:30:00+05:30,2025-09-29 00:30:00+05:30,109354.05,9131062.81,118102.37,83109.07,110357.05,9214813.62,INTRADAY_SQUAREOFF,0.02,158.06,0.000216,1975.79,-18.12,2.34,-20.46,-20.46,7903.17,7882.71
317,BTC/INR,1h,LONG,2025-09-29 04:30:00+05:30,2025-09-30 00:30:00+05:30,112069.06,9357766.61,103103.54,138965.64,114031.0,9521588.09,INTRADAY_SQUAREOFF,0.02,157.65,0.000211,1970.68,34.5,2.35,32.15,32.15,7882.71,7914.86
318,BTC/INR,1h,LONG,2025-09-30 05:30:00+05:30,2025-10-01 00:30:00+05:30,114462.38,9557608.92,105305.39,141933.35,113664.12,9490953.69,INTRADAY_SQUAREOFF,0.02,158.3,0.000207,1978.71,-13.8,2.33,-16.13,-16.13,7914.86,7898.73
319,BTC/INR,1h,LONG,2025-10-01 07:30:00+05:30,2025-10-02 00:30:00+05:30,114583.63,9567733.14,105416.94,142083.7,117221.13,9787964.0,INTRADAY_SQUAREOFF,0.02,157.97,0.000206,1974.68,45.45,2.36,43.1,43.1,7898.73,7941.83
320,BTC/INR,1h,LONG,2025-10-02 05:30:00+05:30,2025-10-03 00:30:00+05:30,118711.71,9912427.7,109214.77,147202.52,120514.1,10062926.98,INTRADAY_SQUAREOFF,0.02,158.84,0.0002,1985.46,30.14,2.36,27.78,27.78,7941.83,7969.61
321,BTC/INR,1h,LONG,2025-10-03 15:30:00+05:30,2025-10-04 00:30:00+05:30,120471.58,10059376.99,110833.85,149384.76,122537.11,10231848.44,INTRADAY_SQUAREOFF,0.02,159.39,0.000198,1992.4,34.16,2.37,31.79,31.79,7969.61,8001.4
322,BTC/INR,1h,LONG,2025-10-04 09:30:00+05:30,2025-10-05 00:30:00+05:30,122405.77,10220881.46,112613.3,151783.15,121593.48,10153055.37,INTRADAY_SQUAREOFF,0.02,160.03,0.000196,2000.35,-13.27,2.35,-15.63,-15.63,8001.4,7985.78
323,BTC/INR,1h,LONG,2025-10-05 05:30:00+05:30,2025-10-06 00:30:00+05:30,122504.94,10229162.54,112704.55,151906.13,122976.84,10268566.16,INTRADAY_SQUAREOFF,0.02,159.72,0.000195,1996.44,7.69,2.36,5.33,5.33,7985.78,7991.11
324,BTC/INR,1h,LONG,2025-10-06 22:30:00+05:30,2025-10-07 00:30:00+05:30,125553.1,10483683.58,115508.85,155685.84,126006.19,10521517.03,INTRADAY_SQUAREOFF,0.02,159.82,0.000191,1997.78,7.21,2.36,4.85,4.85,7991.11,7995.95
325,BTC/INR,1h,LONG,2025-10-07 10:30:00+05:30,2025-10-08 00:30:00+05:30,124696.02,10412117.67,114720.34,154623.06,120877.72,10093289.49,INTRADAY_SQUAREOFF,0.02,159.92,0.000192,1998.99,-61.21,2.32,-63.53,-63.53,7995.95,7932.42
326,BTC/INR,1h,SHORT,2025-10-08 05:30:00+05:30,2025-10-09 00:30:00+05:30,121348.18,10132572.89,131056.03,92224.62,123569.6,10318061.41,INTRADAY_SQUAREOFF,0.02,158.65,0.000196,1983.11,-36.3,2.36,-38.66,-38.66,7932.42,7893.76
327,BTC/INR,1h,SHORT,2025-10-10 08:30:00+05:30,2025-10-11 00:30:00+05:30,120985.09,10102254.73,130663.89,91948.67,117323.87,9796542.89,INTRADAY_SQUAREOFF,0.02,157.88,0.000195,1973.44,59.72,2.29,57.43,57.43,7893.76,7951.18
328,BTC/INR,1h,SHORT,2025-10-11 07:30:00+05:30,2025-10-12 00:30:00+05:30,111170.93,9282772.96,120064.61,84489.91,112135.82,9363341.07,INTRADAY_SQUAREOFF,0.02,159.02,0.000214,1987.8,-17.25,2.36,-19.61,-19.61,7951.18,7931.57
329,BTC/INR,1h,SHORT,2025-10-12 06:30:00+05:30,2025-10-13 00:30:00+05:30,109687.11,9158873.97,118462.08,83362.21,114008.61,9519718.82,INTRADAY_SQUAREOFF,0.02,158.63,0.000216,1982.89,-78.12,2.39,-80.51,-80.51,7931.57,7851.07
330,BTC/INR,1h,LONG,2025-10-13 07:30:00+05:30,2025-10-14 00:30:00+05:30,115887.93,9676642.21,106616.9,143701.03,115172.38,9616894.15,INTRADAY_SQUAREOFF,0.02,157.02,0.000203,1962.77,-12.12,2.31,-14.43,-14.43,7851.07,7836.64
331,BTC/INR,1h,SHORT,2025-10-14 15:30:00+05:30,2025-10-15 00:30:00+05:30,111152.01,9281192.47,120044.17,84475.52,113042.3,9439031.85,INTRADAY_SQUAREOFF,0.02,156.73,0.000211,1959.16,-33.32,2.33,-35.65,-35.65,7836.64,7800.99
332,BTC/INR,1h,SHORT,2025-10-16 03:30:00+05:30,2025-10-17 00:30:00+05:30,110599.77,9235080.48,119447.75,84055.82,108676.21,9074463.48,INTRADAY_SQUAREOFF,0.02,156.02,0.000211,1950.25,33.92,2.28,31.64,31.64,7800.99,7832.63
333,BTC/INR,1h,SHORT,2025-10-17 10:30:00+05:30,2025-10-18 00:30:00+05:30,108748.05,9080462.33,117447.9,82648.52,106757.01,8914210.17,INTRADAY_SQUAREOFF,0.02,156.65,0.000216,1958.16,35.85,2.29,33.56,33.56,7832.63,7866.19
334,BTC/INR,1h,LONG,2025-10-19 01:30:00+05:30,2025-10-20 00:30:00+05:30,107156.41,8947560.3,98583.9,132873.95,109385.84,9133717.83,INTRADAY_SQUAREOFF,0.02,157.32,0.00022,1966.55,40.91,2.34,38.57,38.57,7866.19,7904.76
335,BTC/INR,1h,LONG,2025-10-20 08:30:00+05:30,2025-10-21 00:30:00+05:30,109006.9,9102075.99,100286.35,135168.55,110915.66,9261457.2,INTRADAY_SQUAREOFF,0.02,158.1,0.000217,1976.19,34.6,2.35,32.25,32.25,7904.76,7937.01
336,BTC/INR,1h,SHORT,2025-10-21 19:30:00+05:30,2025-10-22 00:30:00+05:30,108238.37,9037903.84,116897.44,82261.16,112100.65,9360404.05,INTRADAY_SQUAREOFF,0.02,158.74,0.00022,1984.25,-70.8,2.38,-73.19,-73.19,7937.01,7863.82
337,BTC/INR,1h,SHORT,2025-10-22 12:30:00+05:30,2025-10-23 00:30:00+05:30,107982.62,9016548.96,116621.23,82066.79,108058.92,9022919.53,INTRADAY_SQUAREOFF,0.02,157.28,0.000218,1965.96,-1.39,2.32,-3.71,-3.71,7863.82,7860.11
338,BTC/INR,1h,LONG,2025-10-23 19:30:00+05:30,2025-10-24 00:30:00+05:30,109639.83,9154925.94,100868.65,135953.39,110536.61,9229806.96,INTRADAY_SQUAREOFF,0.02,157.2,0.000215,1965.03,16.07,2.33,13.74,13.74,7860.11,7873.86
339,BTC/INR,1h,LONG,2025-10-24 10:30:00+05:30,2025-10-25 00:30:00+05:30,111437.78,9305054.38,102522.75,138182.84,110570.14,9232606.72,INTRADAY_SQUAREOFF,0.02,157.48,0.000212,1968.46,-15.33,2.31,-17.64,-17.64,7873.86,7856.22
340,BTC/INR,1h,LONG,2025-10-25 11:30:00+05:30,2025-10-26 00:30:00+05:30,111546.21,9314108.22,102622.51,138317.3,111670.93,9324522.29,INTRADAY_SQUAREOFF,0.02,157.12,0.000211,1964.05,2.2,2.32,-0.12,-0.12,7856.22,7856.09
341,BTC/INR,1h,LONG,2025-10-26 04:30:00+05:30,2025-10-27 00:30:00+05:30,111747.54,9330919.69,102807.74,138566.95,113551.38,9481540.51,INTRADAY_SQUAREOFF,0.02,157.12,0.00021,1964.02,31.7,2.34,29.37,29.37,7856.09,7885.46
342,BTC/INR,1h,LONG,2025-10-27 04:30:00+05:30,2025-10-28 00:30:00+05:30,115074.99,9608761.27,105868.99,142692.98,115267.59,9624843.55,INTRADAY_SQUAREOFF,0.02,157.71,0.000205,1971.37,3.3,2.33,0.97,0.97,7885.46,7886.43
343,BTC/INR,1h,SHORT,2025-10-28 17:30:00+05:30,2025-10-29 00:30:00+05:30,114254.81,9540276.87,123395.2,86833.66,115035.04,9605425.48,INTRADAY_SQUAREOFF,0.02,157.73,0.000207,1971.61,-13.46,2.33,-15.8,-15.8,7886.43,7870.63
344,BTC/INR,1h,SHORT,2025-10-29 06:30:00+05:30,2025-10-30 00:30:00+05:30,112461.83,9390563.2,121458.78,85470.99,110875.31,9258088.25,INTRADAY_SQUAREOFF,0.02,157.41,0.00021,1967.66,27.76,2.31,25.45,25.45,7870.63,7896.09
345,BTC/INR,1h,SHORT,2025-10-30 05:30:00+05:30,2025-10-31 00:30:00+05:30,109845.17,9172072.11,118632.79,83482.33,106875.52,8924105.96,INTRADAY_SQUAREOFF,0.02,157.92,0.000215,1974.02,53.37,2.3,51.07,51.07,7896.09,7947.16
346,BTC/INR,1h,LONG,2025-10-31 14:30:00+05:30,2025-11-01 00:30:00+05:30,110107.68,9193991.5,101299.07,136533.53,109338.98,9129804.42,INTRADAY_SQUAREOFF,0.02,158.94,0.000216,1986.79,-13.87,2.34,-16.21,-16.21,7947.16,7930.95
347,BTC/INR,1h,LONG,2025-11-01 14:30:00+05:30,2025-11-02 00:30:00+05:30,110240.04,9205043.16,101420.83,136697.65,110345.79,9213873.61,INTRADAY_SQUAREOFF,0.02,158.62,0.000215,1982.74,1.9,2.34,-0.44,-0.44,7930.95,7930.51
348,BTC/INR,1h,LONG,2025-11-02 13:30:00+05:30,2025-11-03 00:30:00+05:30,111036.04,9271509.75,102153.16,137684.7,110260.58,9206758.14,INTRADAY_SQUAREOFF,0.02,158.61,0.000214,1982.63,-13.85,2.33,-16.18,-16.18,7930.51,7914.33
349,BTC/INR,1h,SHORT,2025-11-03 15:30:00+05:30,2025-11-04 00:30:00+05:30,107044.43,8938209.7,115607.98,81353.76,106956.4,8930859.13,INTRADAY_SQUAREOFF,0.02,158.29,0.000221,1978.58,1.63,2.33,-0.71,-0.71,7914.33,7913.63
350,BTC/INR,1h,SHORT,2025-11-04 02:30:00+05:30,2025-11-05 00:30:00+05:30,106311.54,8877013.94,114816.47,80796.77,101369.82,8464379.62,INTRADAY_SQUAREOFF,0.02,158.27,0.000223,1978.41,91.96,2.28,89.68,89.68,7913.63,8003.31
351,BTC/INR,1h,SHORT,2025-11-05 06:30:00+05:30,2025-11-06 00:30:00+05:30,100335.46,8378010.54,108362.29,76254.95,104398.89,8717307.49,INTRADAY_SQUAREOFF,0.02,160.07,0.000239,2000.83,-81.03,2.41,-83.44,-83.44,8003.31,7919.87
352,BTC/INR,1h,SHORT,2025-11-07 12:30:00+05:30,2025-11-08 00:30:00+05:30,101793.27,8499738.31,109936.74,77362.89,102534.62,8561641.15,INTRADAY_SQUAREOFF,0.02,158.4,0.000233,1979.97,-14.42,2.34,-16.76,-16.76,7919.87,7903.11
353,BTC/INR,1h,LONG,2025-11-08 23:30:00+05:30,2025-11-09 01:30:00+05:30,102014.68,8518226.2,93853.51,126498.21,101904.31,8509010.0,INTRADAY_SQUAREOFF,0.02,158.06,0.000232,1975.78,-2.14,2.33,-4.47,-4.47,7903.11,7898.64
354,BTC/INR,1h,LONG,2025-11-09 17:30:00+05:30,2025-11-10 00:30:00+05:30,102317.42,8543504.75,94132.03,126873.6,104455.57,8722039.79,INTRADAY_SQUAREOFF,0.02,157.97,0.000231,1974.66,41.26,2.35,38.91,38.91,7898.64,7937.55
355,BTC/INR,1h,LONG,2025-11-10 06:30:00+05:30,2025-11-11 00:30:00+05:30,106486.15,8891593.86,97967.26,132042.83,105469.22,8806679.5,INTRADAY_SQUAREOFF,0.02,158.75,0.000223,1984.39,-18.95,2.33,-21.28,-21.28,7937.55,7916.27
356,BTC/INR,1h,LONG,2025-11-11 06:30:00+05:30,2025-11-12 00:30:00+05:30,106206.33,8868228.93,97709.83,131695.85,103327.22,8627823.25,INTRADAY_SQUAREOFF,0.02,158.33,0.000223,1979.07,-53.65,2.3,-55.95,-55.95,7916.27,7860.31
357,BTC/INR,1h,SHORT,2025-11-12 13:30:00+05:30,2025-11-13 00:30:00+05:30,103034.93,8603416.28,111277.72,78306.54,101629.48,8486061.97,INTRADAY_SQUAREOFF,0.02,157.21,0.000228,1965.08,26.8,2.3,24.5,24.5,7860.31,7884.81
358,BTC/INR,1h,SHORT,2025-11-14 02:30:00+05:30,2025-11-15 00:30:00+05:30,97986.64,8181884.31,105825.57,74469.85,95067.64,7938147.53,INTRADAY_SQUAREOFF,0.02,157.7,0.000241,1971.2,58.72,2.29,56.43,56.43,7884.81,7941.25
359,BTC/INR,1h,SHORT,2025-11-15 02:30:00+05:30,2025-11-16 00:30:00+05:30,94136.86,7860427.91,101667.81,71544.01,96044.34,8019702.55,INTRADAY_SQUAREOFF,0.02,158.82,0.000253,1985.31,-40.23,2.37,-42.59,-42.59,7941.25,7898.65
360,BTC/INR,1h,SHORT,2025-11-16 12:30:00+05:30,2025-11-17 00:30:00+05:30,95676.11,7988955.57,103330.2,72713.85,94051.87,7853331.11,INTRADAY_SQUAREOFF,0.02,157.97,0.000247,1974.66,33.52,2.31,31.21,31.21,7898.65,7929.86
361,BTC/INR,1h,SHORT,2025-11-17 03:30:00+05:30,2025-11-21 15:30:00+05:30,93336.15,7793568.72,100803.04,70935.48,82496.94,6888494.39,INTRADAY_SQUAREOFF,0.02,158.6,0.000254,1982.47,230.23,2.2,228.02,228.02,7929.86,8157.89
362,BTC/INR,1h,SHORT,2025-11-21 17:30:00+05:30,2025-11-22 00:30:00+05:30,82099.57,6855314.12,88667.54,62395.67,84573.32,7061872.24,INTRADAY_SQUAREOFF,0.02,163.16,0.000298,2039.47,-61.45,2.44,-63.89,-63.89,8157.89,8093.99
363,BTC/INR,1h,SHORT,2025-11-22 04:30:00+05:30,2025-11-23 00:30:00+05:30,84224.33,7032731.36,90962.27,64010.49,84646.58,7067989.06,INTRADAY_SQUAREOFF,0.02,161.88,0.000288,2023.5,-10.14,2.39,-12.54,-12.54,8093.99,8081.45
364,BTC/INR,1h,LONG,2025-11-23 14:30:00+05:30,2025-11-24 00:30:00+05:30,86172.22,7195380.44,79278.44,106853.55,86913.17,7257249.7,INTRADAY_SQUAREOFF,0.02,161.63,0.000281,2020.36,17.37,2.39,14.98,14.98,8081.45,8096.43
365,BTC/INR,1h,LONG,2025-11-25 02:30:00+05:30,2025-11-26 00:30:00+05:30,89240.33,7451567.74,82101.11,110658.01,87180.29,7279553.92,INTRADAY_SQUAREOFF,0.02,161.93,0.000272,2024.11,-46.72,2.36,-49.09,-49.09,8096.43,8047.34
366,BTC/INR,1h,LONG,2025-11-27 07:30:00+05:30,2025-11-28 00:30:00+05:30,91203.09,7615458.38,83906.85,113091.84,91745.85,7660778.17,INTRADAY_SQUAREOFF,0.02,160.95,0.000264,2011.84,11.97,2.38,9.59,9.59,8047.34,8056.94
367,BTC/INR,1h,LONG,2025-11-28 09:30:00+05:30,2025-11-29 00:30:00+05:30,91307.51,7624177.4,84002.91,113221.32,90796.27,7581488.27,INTRADAY_SQUAREOFF,0.02,161.14,0.000264,2014.23,-11.28,2.37,-13.65,-13.65,8056.94,8043.29
368,BTC/INR,1h,SHORT,2025-12-01 17:30:00+05:30,2025-12-02 00:30:00+05:30,86094.08,7188855.67,92981.61,65431.5,85260.87,7119283.04,INTRADAY_SQUAREOFF,0.02,160.87,0.00028,2010.82,19.46,2.36,17.1,17.1,8043.29,8060.39
369,BTC/INR,1h,SHORT,2025-12-02 05:30:00+05:30,2025-12-03 00:30:00+05:30,86255.67,7202348.52,93156.12,65554.31,92009.6,7682801.52,INTRADAY_SQUAREOFF,0.02,161.21,0.00028,2015.1,-134.42,2.46,-136.88,-136.88,8060.39,7923.51
370,BTC/INR,1h,LONG,2025-12-03 04:30:00+05:30,2025-12-04 00:30:00+05:30,92050.71,7686233.91,84686.65,114142.87,92566.13,7729271.96,INTRADAY_SQUAREOFF,0.02,158.47,0.000258,1980.88,11.09,2.34,8.75,8.75,7923.51,7932.25
371,BTC/INR,1h,LONG,2025-12-04 03:30:00+05:30,2025-12-05 00:30:00+05:30,93791.65,7831603.08,86288.32,116301.65,92097.95,7690178.94,INTRADAY_SQUAREOFF,0.02,158.65,0.000253,1983.06,-35.81,2.32,-38.13,-38.13,7932.25,7894.13
372,BTC/INR,1h,LONG,2025-12-05 02:30:00+05:30,2025-12-06 00:30:00+05:30,92575.66,7730067.22,85169.6,114793.81,88935.14,7426084.44,INTRADAY_SQUAREOFF,0.02,157.88,0.000255,1973.53,-77.61,2.28,-79.89,-79.89,7894.13,7814.23
373,BTC/INR,1h,SHORT,2025-12-06 14:30:00+05:30,2025-12-07 00:30:00+05:30,89246.13,7452051.69,96385.82,67827.06,89708.03,7490620.25,INTRADAY_SQUAREOFF,0.02,156.28,0.000262,1953.56,-10.11,2.31,-12.42,-12.42,7814.23,7801.81
374,BTC/INR,1h,SHORT,2025-12-07 04:30:00+05:30,2025-12-08 00:30:00+05:30,89255.84,7452862.8,96396.31,67834.44,91433.1,7634663.85,INTRADAY_SQUAREOFF,0.02,156.04,0.000262,1950.45,-47.58,2.33,-49.91,-49.91,7801.81,7751.9
375,BTC/INR,1h,LONG,2025-12-08 05:30:00+05:30,2025-12-09 00:30:00+05:30,90472.16,7554425.26,83234.39,112185.48,89825.52,7500430.74,INTRADAY_SQUAREOFF,0.02,155.04,0.000257,1937.98,-13.85,2.28,-16.13,-16.13,7751.9,7735.77
376,BTC/INR,1h,SHORT,2025-12-09 05:30:00+05:30,2025-12-10 00:30:00+05:30,90477.8,7554896.38,97716.03,68763.13,93983.53,7847624.82,INTRADAY_SQUAREOFF,0.02,154.72,0.000256,1933.94,-74.93,2.33,-77.26,-77.26,7735.77,7658.51
377,BTC/INR,1h,LONG,2025-12-10 12:30:00+05:30,2025-12-11 00:30:00+05:30,92776.15,7746808.2,85354.05,115042.42,92455.54,7720037.44,INTRADAY_SQUAREOFF,0.02,153.17,0.000247,1914.63,-6.62,2.26,-8.87,-8.87,7658.51,7649.64
378,BTC/INR,1h,SHORT,2025-12-11 18:30:00+05:30,2025-12-12 00:30:00+05:30,90008.3,7515693.17,97208.97,68406.31,90814.37,7582999.8,INTRADAY_SQUAREOFF,0.02,152.99,0.000254,1912.41,-17.13,2.27,-19.39,-19.39,7649.64,7630.25
379,BTC/INR,1h,LONG,2025-12-12 15:30:00+05:30,2025-12-13 00:30:00+05:30,92631.21,7734706.4,85220.72,114862.71,90333.7,7542864.05,INTRADAY_SQUAREOFF,0.02,152.6,0.000247,1907.56,-47.31,2.22,-49.54,-49.54,7630.25,7580.71
380,BTC/INR,1h,SHORT,2025-12-13 08:30:00+05:30,2025-12-14 00:30:00+05:30,90196.15,7531378.76,97411.85,68549.08,90191.46,7530987.23,INTRADAY_SQUAREOFF,0.02,151.61,0.000252,1895.18,0.1,2.24,-2.14,-2.14,7580.71,7578.57
381,BTC/INR,1h,SHORT,2025-12-14 02:30:00+05:30,2025-12-15 00:30:00+05:30,90062.03,7520179.7,97266.99,68447.14,89066.33,7437038.66,INTRADAY_SQUAREOFF,0.02,151.57,0.000252,1894.64,20.95,2.22,18.72,18.72,7578.57,7597.3
382,BTC/INR,1h,SHORT,2025-12-16 06:30:00+05:30,2025-12-17 00:30:00+05:30,85730.58,7158503.6,92589.03,65155.24,87790.87,7330537.28,INTRADAY_SQUAREOFF,0.02,151.95,0.000265,1899.32,-45.64,2.27,-47.91,-47.91,7597.3,7549.39
383,BTC/INR,1h,LONG,2025-12-17 13:30:00+05:30,2025-12-18 00:30:00+05:30,87115.03,7274104.83,80145.83,108022.63,85750.27,7160147.33,INTRADAY_SQUAREOFF,0.02,150.99,0.000259,1887.35,-29.57,2.21,-31.78,-31.78,7549.39,7517.61
384,BTC/INR,1h,SHORT,2025-12-18 11:30:00+05:30,2025-12-19 00:30:00+05:30,86324.63,7208106.49,93230.6,65606.72,85933.2,7175421.79,INTRADAY_SQUAREOFF,0.02,150.35,0.000261,1879.4,8.52,2.21,6.31,6.31,7517.61,7523.92
385,BTC/INR,1h,SHORT,2025-12-22 02:30:00+05:30,2025-12-23 00:30:00+05:30,88171.94,7362356.89,95225.69,67010.67,89155.64,7444496.06,INTRADAY_SQUAREOFF,0.02,150.48,0.000255,1880.98,-20.99,2.23,-23.22,-23.22,7523.92,7500.7
386,BTC/INR,1h,SHORT,2025-12-23 08:30:00+05:30,2025-12-24 00:30:00+05:30,88080.51,7354722.42,95126.95,66941.19,87977.78,7346144.58,INTRADAY_SQUAREOFF,0.02,150.01,0.000255,1875.18,2.19,2.21,-0.02,-0.02,7500.7,7500.68
387,BTC/INR,1h,SHORT,2025-12-24 04:30:00+05:30,2025-12-25 00:30:00+05:30,87250.05,7285379.05,94230.05,66310.04,87450.49,7302116.12,INTRADAY_SQUAREOFF,0.02,150.01,0.000257,1875.17,-4.31,2.22,-6.52,-6.52,7500.68,7494.15
388,BTC/INR,1h,LONG,2025-12-26 19:30:00+05:30,2025-12-27 00:30:00+05:30,89027.66,7433809.25,81905.44,110394.29,87152.77,7277256.21,INTRADAY_SQUAREOFF,0.02,149.88,0.000252,1873.54,-39.46,2.19,-41.64,-41.64,7494.15,7452.51
389,BTC/INR,1h,SHORT,2025-12-27 05:30:00+05:30,2025-12-28 00:30:00+05:30,87234.47,7284078.27,94213.23,66298.2,87482.57,7304794.68,INTRADAY_SQUAREOFF,0.02,149.05,0.000256,1863.13,-5.3,2.2,-7.5,-7.5,7452.51,7445.01
390,BTC/INR,1h,SHORT,2025-12-30 01:30:00+05:30,2025-12-31 00:30:00+05:30,87194.48,7280739.29,94170.04,66267.81,88284.89,7371787.98,INTRADAY_SQUAREOFF,0.02,148.9,0.000256,1861.25,-23.28,2.21,-25.49,-25.49,7445.01,7419.52
391,BTC/INR,1h,LONG,2025-12-31 03:30:00+05:30,2026-01-01 00:30:00+05:30,88269.0,7370461.1,81207.48,109453.55,87518.07,7307758.9,INTRADAY_SQUAREOFF,0.02,148.39,0.000252,1854.88,-15.78,2.18,-17.96,-17.96,7419.52,7401.56
392,BTC/INR,1h,SHORT,2026-01-01 05:30:00+05:30,2026-01-02 00:30:00+05:30,87458.2,7302759.88,94454.86,66468.23,88107.01,7356935.17,INTRADAY_SQUAREOFF,0.02,148.03,0.000253,1850.39,-13.73,2.19,-15.92,-15.92,7401.56,7385.65
393,BTC/INR,1h,LONG,2026-01-02 03:30:00+05:30,2026-01-03 00:30:00+05:30,88324.28,7375077.44,81258.34,109522.11,89694.52,7489492.5,INTRADAY_SQUAREOFF,0.02,147.71,0.00025,1846.41,28.64,2.2,26.45,26.45,7385.65,7412.09
394,BTC/INR,1h,LONG,2026-01-03 03:30:00+05:30,2026-01-04 00:30:00+05:30,90137.37,7526470.1,82926.38,111770.33,90046.82,7518909.57,INTRADAY_SQUAREOFF,0.02,148.24,0.000246,1853.02,-1.86,2.19,-4.05,-4.05,7412.09,7408.05
395,BTC/INR,1h,LONG,2026-01-04 02:30:00+05:30,2026-01-05 00:30:00+05:30,90355.66,7544697.21,83127.2,112041.01,91119.06,7608441.37,INTRADAY_SQUAREOFF,0.02,148.16,0.000245,1852.01,15.65,2.19,13.45,13.45,7408.05,7421.5
396,BTC/INR,1h,LONG,2026-01-05 02:30:00+05:30,2026-01-06 00:30:00+05:30,91344.42,7627258.65,84036.86,113267.07,94287.51,7873007.28,INTRADAY_SQUAREOFF,0.02,148.43,0.000243,1855.38,59.78,2.22,57.56,57.56,7421.5,7479.06
397,BTC/INR,1h,SHORT,2026-01-08 08:30:00+05:30,2026-01-09 00:30:00+05:30,90656.14,7569787.81,97908.63,68898.67,91084.2,7605530.62,INTRADAY_SQUAREOFF,0.02,149.58,0.000247,1869.76,-8.83,2.21,-11.04,-11.04,7479.06,7468.02
398,BTC/INR,1h,LONG,2026-01-11 20:30:00+05:30,2026-01-12 00:30:00+05:30,91089.47,7605970.52,83802.31,112950.94,90711.79,7574434.09,INTRADAY_SQUAREOFF,0.02,149.36,0.000245,1867.0,-7.74,2.2,-9.94,-9.94,7468.02,7458.08
399,BTC/INR,1h,LONG,2026-01-12 03:30:00+05:30,2026-01-13 00:30:00+05:30,90723.17,7575384.45,83465.31,112496.73,91572.0,7646262.3,INTRADAY_SQUAREOFF,0.02,149.16,0.000246,1864.52,17.45,2.21,15.23,15.23,7458.08,7473.31
400,BTC/INR,1h,LONG,2026-01-14 01:30:00+05:30,2026-01-15 00:30:00+05:30,94269.59,7871510.58,86728.02,116894.29,96753.44,8078911.82,INTRADAY_SQUAREOFF,0.02,149.47,0.000237,1868.33,49.23,2.23,46.99,46.99,7473.31,7520.3
401,BTC/INR,1h,LONG,2026-01-15 14:30:00+05:30,2026-01-16 00:30:00+05:30,96666.86,8071683.14,88933.51,119866.91,95750.06,7995130.17,INTRADAY_SQUAREOFF,0.02,150.41,0.000233,1880.08,-17.83,2.21,-20.04,-20.04,7520.3,7500.26
402,BTC/INR,1h,SHORT,2026-01-16 09:30:00+05:30,2026-01-17 00:30:00+05:30,95250.12,7953384.75,102870.13,72390.09,95003.33,7932778.01,INTRADAY_SQUAREOFF,0.02,150.01,0.000236,1875.07,4.86,2.21,2.65,2.65,7500.26,7502.91
403,BTC/INR,1h,SHORT,2026-01-17 07:30:00+05:30,2026-01-18 00:30:00+05:30,95303.94,7957879.11,102928.26,72431.0,95444.13,7969584.68,INTRADAY_SQUAREOFF,0.02,150.06,0.000236,1875.73,-2.76,2.21,-4.97,-4.97,7502.91,7497.94
404,BTC/INR,1h,SHORT,2026-01-18 05:30:00+05:30,2026-01-19 00:30:00+05:30,95040.78,7935905.46,102644.05,72231.0,95456.7,7970634.17,INTRADAY_SQUAREOFF,0.02,149.96,0.000236,1874.48,-8.2,2.22,-10.42,-10.42,7497.94,7487.52
405,BTC/INR,1h,SHORT,2026-01-20 04:30:00+05:30,2026-01-21 00:30:00+05:30,92469.83,7721230.63,99867.41,70277.07,89431.83,7467557.5,INTRADAY_SQUAREOFF,0.02,149.75,0.000242,1871.88,61.5,2.17,59.33,59.33,7487.52,7546.85
406,BTC/INR,1h,SHORT,2026-01-21 13:30:00+05:30,2026-01-22 00:30:00+05:30,88942.63,7426709.73,96058.04,67596.4,88434.5,7384280.74,INTRADAY_SQUAREOFF,0.02,150.94,0.000254,1886.71,10.78,2.22,8.56,8.56,7546.85,7555.4
407,BTC/INR,1h,SHORT,2026-01-23 11:30:00+05:30,2026-01-24 00:30:00+05:30,89368.16,7462241.42,96517.61,67919.8,90471.03,7554330.62,INTRADAY_SQUAREOFF,0.02,151.11,0.000253,1888.85,-23.31,2.24,-25.55,-25.55,7555.4,7529.85
408,BTC/INR,1h,LONG,2026-01-24 08:30:00+05:30,2026-01-25 00:30:00+05:30,89626.88,7483844.88,82456.73,111137.34,89214.64,7449422.11,INTRADAY_SQUAREOFF,0.02,150.6,0.000252,1882.46,-8.66,2.22,-10.87,-10.87,7529.85,7518.98
409,BTC/INR,1h,SHORT,2026-01-25 13:30:00+05:30,2026-01-26 00:30:00+05:30,88459.12,7386336.14,95535.84,67228.93,87339.86,7292878.23,INTRADAY_SQUAREOFF,0.02,150.38,0.000254,1879.74,23.78,2.2,21.58,21.58,7518.98,7540.56
410,BTC/INR,1h,LONG,2026-01-27 22:30:00+05:30,2026-01-28 00:30:00+05:30,88715.51,7407744.87,81618.27,110007.23,88112.23,7357371.57,INTRADAY_SQUAREOFF,0.02,150.81,0.000254,1885.14,-12.82,2.22,-15.04,-15.04,7540.56,7525.52
411,BTC/INR,1h,LONG,2026-01-28 12:30:00+05:30,2026-01-29 00:30:00+05:30,89303.75,7456862.85,82159.45,110736.65,89389.84,7464051.42,INTRADAY_SQUAREOFF,0.02,150.51,0.000252,1881.38,1.81,2.22,-0.41,-0.41,7525.52,7525.11
412,BTC/INR,1h,SHORT,2026-01-29 15:30:00+05:30,2026-01-30 00:30:00+05:30,87719.41,7324570.52,94736.96,66666.75,83376.31,6961921.71,INTRADAY_SQUAREOFF,0.02,150.5,0.000257,1881.28,93.14,2.16,90.98,90.98,7525.11,7616.09
413,BTC/INR,1h,SHORT,2026-01-30 06:30:00+05:30,2026-01-31 00:30:00+05:30,84022.39,7015869.54,90744.18,63857.02,83866.8,7002877.4,INTRADAY_SQUAREOFF,0.02,152.32,0.000271,1904.02,3.53,2.24,1.28,1.28,7616.09,7617.37
414,BTC/INR,1h,SHORT,2026-01-31 18:30:00+05:30,2026-02-01 00:30:00+05:30,82552.47,6893131.14,89156.67,62739.88,77971.76,6510642.23,INTRADAY_SQUAREOFF,0.02,152.35,0.000276,1904.34,105.67,2.18,103.48,103.48,7617.37,7720.86
415,BTC/INR,1h,SHORT,2026-02-01 11:30:00+05:30,2026-02-02 00:30:00+05:30,78450.94,6550653.69,84727.02,59622.72,78004.25,6513354.73,INTRADAY_SQUAREOFF,0.02,154.42,0.000295,1930.21,10.99,2.27,8.72,8.72,7720.86,7729.58
416,BTC/INR,1h,SHORT,2026-02-02 08:30:00+05:30,2026-02-03 00:30:00+05:30,76364.84,6376463.93,82474.02,58037.28,78576.21,6561113.85,INTRADAY_SQUAREOFF,0.02,154.59,0.000303,1932.39,-55.96,2.31,-58.27,-58.27,7729.58,7671.31
417,BTC/INR,1h,SHORT,2026-02-03 22:30:00+05:30,2026-02-04 00:30:00+05:30,76414.01,6380569.69,82527.13,58074.65,73109.99,6104684.15,INTRADAY_SQUAREOFF,0.02,153.43,0.000301,1917.83,82.92,2.21,80.71,80.71,7671.31,7752.02
418,BTC/INR,1h,SHORT,2026-02-04 15:30:00+05:30,2026-02-05 00:30:00+05:30,75853.62,6333777.0,81921.91,57648.75,73294.35,6120078.03,INTRADAY_SQUAREOFF,0.02,155.04,0.000306,1938.0,65.39,2.25,63.14,63.14,7752.02,7815.16
419,BTC/INR,1h,SHORT,2026-02-05 08:30:00+05:30,2026-02-06 00:30:00+05:30,71279.57,5951844.01,76981.93,54172.47,66256.32,5532402.93,INTRADAY_SQUAREOFF,0.02,156.3,0.000328,1953.79,137.69,2.22,135.46,135.46,7815.16,7950.62
420,BTC/INR,1h,LONG,2026-02-07 04:30:00+05:30,2026-02-08 00:30:00+05:30,71503.03,5970503.05,65782.79,88663.76,69414.85,5796139.6,INTRADAY_SQUAREOFF,0.02,159.01,0.000333,1987.65,-58.05,2.31,-60.36,-60.36,7950.62,7890.26
421,BTC/INR,1h,LONG,2026-02-08 17:30:00+05:30,2026-02-09 00:30:00+05:30,71153.14,5941287.58,65460.89,88229.9,71059.83,5933495.58,INTRADAY_SQUAREOFF,0.02,157.81,0.000332,1972.57,-2.59,2.33,-4.91,-4.91,7890.26,7885.35
422,BTC/INR,1h,LONG,2026-02-09 09:30:00+05:30,2026-02-10 00:30:00+05:30,71394.48,5961439.42,65682.93,88529.16,70322.23,5871906.0,INTRADAY_SQUAREOFF,0.02,157.71,0.000331,1971.34,-29.61,2.31,-31.92,-31.92,7885.35,7853.43
423,BTC/INR,1h,SHORT,2026-02-11 00:30:00+05:30,2026-02-12 00:30:00+05:30,68593.17,5727529.75,74080.62,52130.81,67266.04,5616714.18,INTRADAY_SQUAREOFF,0.02,157.07,0.000343,1963.36,37.99,2.29,35.69,35.69,7853.43,7889.12
424,BTC/INR,1h,SHORT,2026-02-12 04:30:00+05:30,2026-02-13 00:30:00+05:30,67321.03,5621305.65,72706.71,51163.98,65560.74,5474322.16,INTRADAY_SQUAREOFF,0.02,157.78,0.000351,1972.28,51.57,2.3,49.27,49.27,7889.12,7938.4
425,BTC/INR,1h,SHORT,2026-02-13 10:30:00+05:30,2026-02-14 00:30:00+05:30,66236.31,5530731.93,71535.22,50339.6,69134.81,5772756.46,INTRADAY_SQUAREOFF,0.02,158.77,0.000359,1984.6,-86.85,2.39,-89.24,-89.24,7938.4,7849.16
426,BTC/INR,1h,LONG,2026-02-14 06:30:00+05:30,2026-02-15 00:30:00+05:30,69111.2,5770785.4,63582.31,85697.89,69697.66,5819755.03,INTRADAY_SQUAREOFF,0.02,156.98,0.00034,1962.29,16.65,2.33,14.33,14.33,7849.16,7863.49
427,BTC/INR,1h,LONG,2026-02-15 09:30:00+05:30,2026-02-16 00:30:00+05:30,69999.9,5844991.36,64399.9,86799.87,68415.44,5712689.18,INTRADAY_SQUAREOFF,0.02,157.27,0.000336,1965.87,-44.5,2.29,-46.79,-46.79,7863.49,7816.69
428,BTC/INR,1h,SHORT,2026-02-16 08:30:00+05:30,2026-02-17 00:30:00+05:30,68201.58,5694831.72,73657.7,51833.2,67891.74,5668960.41,INTRADAY_SQUAREOFF,0.02,156.33,0.000343,1954.17,8.88,2.3,6.58,6.58,7816.69,7823.27
429,BTC/INR,1h,SHORT,2026-02-17 14:30:00+05:30,2026-02-18 00:30:00+05:30,68068.51,5683720.69,73513.99,51732.07,68118.17,5687866.95,INTRADAY_SQUAREOFF,0.02,156.47,0.000344,1955.82,-1.43,2.31,-3.74,-3.74,7823.27,7819.54
430,BTC/INR,1h,SHORT,2026-02-18 16:30:00+05:30,2026-02-19 00:30:00+05:30,67703.72,5653261.03,73120.02,51454.83,66354.16,5540572.4,INTRADAY_SQUAREOFF,0.02,156.39,0.000346,1954.88,38.97,2.28,36.68,36.68,7819.54,7856.22
431,BTC/INR,1h,SHORT,2026-02-19 15:30:00+05:30,2026-02-20 00:30:00+05:30,66721.44,5571240.48,72059.16,50708.3,67038.97,5597754.12,INTRADAY_SQUAREOFF,0.02,157.12,0.000353,1964.05,-9.35,2.32,-11.67,-11.67,7856.22,7844.55
432,BTC/INR,1h,LONG,2026-02-20 15:30:00+05:30,2026-02-21 00:30:00+05:30,68228.03,5697040.88,62769.79,84602.76,67904.1,5669992.46,INTRADAY_SQUAREOFF,0.02,156.89,0.000344,1961.14,-9.31,2.31,-11.62,-11.62,7844.55,7832.93
433,BTC/INR,1h,SHORT,2026-02-21 09:30:00+05:30,2026-02-22 00:30:00+05:30,67524.66,5638308.97,72926.63,51318.74,68585.43,5726883.56,INTRADAY_SQUAREOFF,0.02,156.66,0.000347,1958.23,-30.76,2.33,-33.09,-33.09,7832.93,7799.84
434,BTC/INR,1h,SHORT,2026-02-22 08:30:00+05:30,2026-02-23 00:30:00+05:30,67834.53,5664182.98,73261.29,51554.24,67443.64,5631544.15,INTRADAY_SQUAREOFF,0.02,156.0,0.000344,1949.96,11.24,2.29,8.94,8.94,7799.84,7808.78
435,BTC/INR,1h,SHORT,2026-02-23 06:30:00+05:30,2026-02-24 00:30:00+05:30,66687.51,5568407.47,72022.52,50682.51,64662.55,5399322.88,INTRADAY_SQUAREOFF,0.02,156.18,0.000351,1952.19,59.28,2.27,57.01,57.01,7808.78,7865.79
436,BTC/INR,1h,SHORT,2026-02-24 08:30:00+05:30,2026-02-25 00:30:00+05:30,63966.11,5341170.54,69083.4,48614.25,64452.4,5381775.2,INTRADAY_SQUAREOFF,0.02,157.32,0.000368,1966.45,-14.95,2.33,-17.28,-17.28,7865.79,7848.51
437,BTC/INR,1h,LONG,2026-02-25 14:30:00+05:30,2026-02-26 00:30:00+05:30,65575.24,5475532.54,60329.22,81313.3,69324.34,5788582.07,INTRADAY_SQUAREOFF,0.02,156.97,0.000358,1962.13,112.18,2.38,109.8,109.8,7848.51,7958.31
438,BTC/INR,1h,LONG,2026-02-26 15:30:00+05:30,2026-02-27 00:30:00+05:30,68652.17,5732456.05,63159.99,85128.69,67262.98,5616459.21,INTRADAY_SQUAREOFF,0.02,159.17,0.000347,1989.58,-40.26,2.32,-42.58,-42.58,7958.31,7915.73
439,BTC/INR,1h,SHORT,2026-02-27 15:30:00+05:30,2026-02-28 00:30:00+05:30,67298.09,5619390.68,72681.94,51146.55,65337.11,5455648.95,INTRADAY_SQUAREOFF,0.02,158.31,0.000352,1978.93,57.66,2.3,55.36,55.36,7915.73,7971.09
440,BTC/INR,1h,SHORT,2026-02-28 11:30:00+05:30,2026-03-01 00:30:00+05:30,65471.96,5466908.87,70709.72,49758.69,65943.38,5506271.99,INTRADAY_SQUAREOFF,0.02,159.42,0.000365,1992.77,-14.35,2.36,-16.71,-16.71,7971.09,7954.38
441,BTC/INR,1h,LONG,2026-03-01 07:30:00+05:30,2026-03-02 00:30:00+05:30,67611.73,5645579.16,62202.79,83838.54,66280.29,5534404.1,INTRADAY_SQUAREOFF,0.02,159.09,0.000352,1988.59,-39.16,2.32,-41.48,-41.48,7954.38,7912.9
442,BTC/INR,1h,LONG,2026-03-03 02:30:00+05:30,2026-03-04 00:30:00+05:30,69484.95,5801993.46,63926.16,86161.34,68599.96,5728096.35,INTRADAY_SQUAREOFF,0.02,158.26,0.000341,1978.22,-25.2,2.32,-27.52,-27.52,7912.9,7885.38
443,BTC/INR,1h,LONG,2026-03-05 16:30:00+05:30,2026-03-06 00:30:00+05:30,73564.05,6142598.4,67678.93,91219.43,70959.6,5925126.93,INTRADAY_SQUAREOFF,0.02,157.71,0.000321,1971.35,-69.79,2.29,-72.08,-72.08,7885.38,7813.3
444,BTC/INR,1h,SHORT,2026-03-06 05:30:00+05:30,2026-03-07 00:30:00+05:30,70755.39,5908074.72,76415.82,53774.09,68282.39,5701579.54,INTRADAY_SQUAREOFF,0.02,156.27,0.000331,1953.33,68.27,2.26,66.01,66.01,7813.3,7879.31
445,BTC/INR,1h,SHORT,2026-03-07 05:30:00+05:30,2026-03-08 00:30:00+05:30,68071.54,5683973.67,73517.26,51734.37,67604.85,5645004.81,INTRADAY_SQUAREOFF,0.02,157.59,0.000347,1969.83,13.5,2.32,11.19,11.19,7879.31,7890.5
446,BTC/INR,1h,SHORT,2026-03-08 04:30:00+05:30,2026-03-09 00:30:00+05:30,67137.98,5606021.06,72509.01,51024.86,66857.35,5582588.68,INTRADAY_SQUAREOFF,0.02,157.81,0.000352,1972.62,8.25,2.32,5.92,5.92,7890.5,7896.42
447,BTC/INR,1h,LONG,2026-03-10 06:30:00+05:30,2026-03-11 00:30:00+05:30,69318.82,5788121.62,63773.32,85955.34,69982.22,5843515.2,INTRADAY_SQUAREOFF,0.02,157.93,0.000341,1974.11,18.89,2.34,16.55,16.55,7896.42,7912.97
448,BTC/INR,1h,LONG,2026-03-11 02:30:00+05:30,2026-03-12 00:30:00+05:30,70355.79,5874708.73,64727.33,87241.18,70613.07,5896191.7,INTRADAY_SQUAREOFF,0.02,158.26,0.000337,1978.24,7.23,2.34,4.9,4.9,7912.97,7917.87
449,BTC/INR,1h,LONG,2026-03-12 03:30:00+05:30,2026-03-13 00:30:00+05:30,70806.44,5912337.76,65141.92,87799.99,69865.27,5833749.93,INTRADAY_SQUAREOFF,0.02,158.36,0.000335,1979.47,-26.31,2.32,-28.63,-28.63,7917.87,7889.24
450,BTC/INR,1h,LONG,2026-03-13 07:30:00+05:30,2026-03-14 00:30:00+05:30,71720.28,5988643.36,65982.66,88933.15,71021.25,5930274.61,INTRADAY_SQUAREOFF,0.02,157.78,0.000329,1972.31,-19.22,2.32,-21.54,-21.54,7889.24,7867.7
451,BTC/INR,1h,SHORT,2026-03-14 03:30:00+05:30,2026-03-15 00:30:00+05:30,71061.09,5933601.21,76745.98,54006.43,70713.68,5904592.52,INTRADAY_SQUAREOFF,0.02,157.35,0.000331,1966.92,9.62,2.32,7.3,7.3,7867.7,7875.0
452,BTC/INR,1h,LONG,2026-03-15 14:30:00+05:30,2026-03-16 00:30:00+05:30,71854.12,5999819.02,66105.79,89099.11,71382.06,5960401.74,INTRADAY_SQUAREOFF,0.02,157.5,0.000328,1968.75,-12.93,2.32,-15.25,-15.25,7875.0,7859.75
453,BTC/INR,1h,LONG,2026-03-16 09:30:00+05:30,2026-03-17 00:30:00+05:30,74021.29,6180777.63,68099.59,91786.4,73844.72,6166033.74,INTRADAY_SQUAREOFF,0.02,157.19,0.000318,1964.94,-4.69,2.32,-7.0,-7.0,7859.75,7852.75
454,BTC/INR,1h,SHORT,2026-03-19 00:30:00+05:30,2026-03-20 00:30:00+05:30,70957.38,5924941.11,76633.97,53927.61,69895.48,5836272.34,INTRADAY_SQUAREOFF,0.02,157.05,0.000331,1963.19,29.38,2.3,27.08,27.08,7852.75,7879.83
455,BTC/INR,1h,SHORT,2026-03-21 05:30:00+05:30,2026-03-22 00:30:00+05:30,70422.13,5880247.91,76055.9,53520.82,70424.84,5880473.76,INTRADAY_SQUAREOFF,0.02,157.6,0.000335,1969.96,-0.08,2.32,-2.4,-2.4,7879.83,7877.43
456,BTC/INR,1h,SHORT,2026-03-22 04:30:00+05:30,2026-03-23 00:30:00+05:30,70230.36,5864235.01,75848.79,53375.07,68644.76,5731837.32,INTRADAY_SQUAREOFF,0.02,157.55,0.000336,1969.36,44.46,2.3,42.16,42.16,7877.43,7919.59
457,BTC/INR,1h,SHORT,2026-03-23 12:30:00+05:30,2026-03-24 00:30:00+05:30,67707.39,5653567.48,73123.99,51457.62,71110.69,5937742.93,INTRADAY_SQUAREOFF,0.02,158.39,0.00035,1979.9,-99.52,2.39,-101.91,-101.91,7919.59,7817.68
458,BTC/INR,1h,LONG,2026-03-24 05:30:00+05:30,2026-03-25 00:30:00+05:30,70955.38,5924774.38,65278.95,87984.67,69375.73,5792873.65,INTRADAY_SQUAREOFF,0.02,156.35,0.00033,1954.42,-43.51,2.28,-45.79,-45.79,7817.68,7771.89
459,BTC/INR,1h,SHORT,2026-03-26 16:30:00+05:30,2026-03-27 00:30:00+05:30,69416.32,5796262.83,74969.63,52756.4,68469.73,5717222.08,INTRADAY_SQUAREOFF,0.02,155.44,0.000335,1942.97,26.5,2.28,24.22,24.22,7771.89,7796.1
460,BTC/INR,1h,SHORT,2026-03-27 13:30:00+05:30,2026-03-28 00:30:00+05:30,68384.52,5710107.19,73855.28,51972.23,65849.98,5498473.23,INTRADAY_SQUAREOFF,0.02,155.92,0.000341,1949.03,72.24,2.26,69.98,69.98,7796.1,7866.08
461,BTC/INR,1h,SHORT,2026-03-28 07:30:00+05:30,2026-03-29 00:30:00+05:30,65994.35,5510527.87,71273.89,50155.7,66900.05,5586154.22,INTRADAY_SQUAREOFF,0.02,157.32,0.000357,1966.52,-26.99,2.34,-29.32,-29.32,7866.08,7836.76
462,BTC/INR,1h,LONG,2026-03-30 18:30:00+05:30,2026-03-31 00:30:00+05:30,67953.47,5674114.54,62517.19,84262.3,66560.98,5557841.52,INTRADAY_SQUAREOFF,0.02,156.74,0.000345,1959.19,-40.15,2.29,-42.44,-42.44,7836.76,7794.32
463,BTC/INR,1h,SHORT,2026-03-31 20:30:00+05:30,2026-04-01 00:30:00+05:30,66445.16,5548170.8,71760.77,50498.32,67822.33,5663164.7,INTRADAY_SQUAREOFF,0.02,155.89,0.000351,1948.58,-40.39,2.32,-42.71,-42.71,7794.32,7751.61
464,BTC/INR,1h,LONG,2026-04-01 09:30:00+05:30,2026-04-02 00:30:00+05:30,68158.83,5691262.14,62706.12,84516.95,68020.71,5679729.04,INTRADAY_SQUAREOFF,0.02,155.03,0.000341,1937.9,-3.93,2.28,-6.21,-6.21,7751.61,7745.4
465,BTC/INR,1h,LONG,2026-04-02 06:30:00+05:30,2026-04-03 00:30:00+05:30,68667.47,5733733.33,63174.07,85147.66,66941.77,5589637.81,INTRADAY_SQUAREOFF,0.02,154.91,0.000338,1936.35,-48.66,2.26,-50.92,-50.92,7745.4,7694.48
466,BTC/INR,1h,LONG,2026-04-05 03:30:00+05:30,2026-04-06 00:30:00+05:30,67436.29,5630929.98,62041.38,83621.0,67341.45,5623011.33,INTRADAY_SQUAREOFF,0.02,153.89,0.000342,1923.62,-2.71,2.27,-4.97,-4.97,7694.48,7689.51
467,BTC/INR,1h,LONG,2026-04-06 04:30:00+05:30,2026-04-07 00:30:00+05:30,68359.65,5708030.53,62890.88,84765.96,69852.57,5832689.75,INTRADAY_SQUAREOFF,0.02,153.79,0.000337,1922.38,41.98,2.29,39.69,39.69,7689.51,7729.2
468,BTC/INR,1h,SHORT,2026-04-07 11:30:00+05:30,2026-04-08 00:30:00+05:30,68589.42,5727216.78,74076.58,52127.96,68462.46,5716615.75,INTRADAY_SQUAREOFF,0.02,154.58,0.000337,1932.3,3.58,2.28,1.3,1.3,7729.2,7730.5
469,BTC/INR,1h,LONG,2026-04-08 10:30:00+05:30,2026-04-09 00:30:00+05:30,71667.79,5984260.68,65934.37,88868.06,71055.23,5933111.54,INTRADAY_SQUAREOFF,0.02,154.61,0.000323,1932.62,-16.52,2.27,-18.79,-18.79,7730.5,7711.71
470,BTC/INR,1h,LONG,2026-04-10 02:30:00+05:30,2026-04-11 00:30:00+05:30,72472.35,6051441.3,66674.56,89865.72,73081.89,6102338.14,INTRADAY_SQUAREOFF,0.02,154.23,0.000319,1927.93,16.22,2.28,13.93,13.93,7711.71,7725.64
471,BTC/INR,1h,LONG,2026-04-11 15:30:00+05:30,2026-04-12 00:30:00+05:30,72974.08,6093335.53,67136.15,90487.86,73519.0,6138836.78,INTRADAY_SQUAREOFF,0.02,154.51,0.000317,1931.41,14.42,2.29,12.13,12.13,7725.64,7737.77
472,BTC/INR,1h,SHORT,2026-04-12 15:30:00+05:30,2026-04-13 00:30:00+05:30,71508.03,5970920.74,77228.68,54346.1,71194.22,5944717.37,INTRADAY_SQUAREOFF,0.02,154.76,0.000324,1934.44,8.49,2.28,6.21,6.21,7737.77,7743.99
473,BTC/INR,1h,SHORT,2026-04-13 09:30:00+05:30,2026-04-14 00:30:00+05:30,70915.53,5921446.95,76588.77,53895.8,72490.23,6052934.61,INTRADAY_SQUAREOFF,0.02,154.88,0.000327,1936.0,-42.99,2.31,-45.3,-45.3,7743.99,7698.69
474,BTC/INR,1h,LONG,2026-04-14 04:30:00+05:30,2026-04-15 00:30:00+05:30,74736.65,6240509.98,68757.71,92673.44,74095.73,6186993.49,INTRADAY_SQUAREOFF,0.02,153.97,0.000308,1924.67,-16.51,2.26,-18.77,-18.77,7698.69,7679.92
475,BTC/INR,1h,LONG,2026-04-17 05:30:00+05:30,2026-04-18 00:30:00+05:30,75236.06,6282211.02,69217.18,93292.71,77185.13,6444958.38,INTRADAY_SQUAREOFF,0.02,153.6,0.000306,1919.98,49.74,2.29,47.44,47.44,7679.92,7727.36
476,BTC/INR,1h,SHORT,2026-04-18 23:30:00+05:30,2026-04-19 01:30:00+05:30,75784.09,6327971.43,81846.82,57595.91,75716.74,6322347.61,INTRADAY_SQUAREOFF,0.02,154.55,0.000305,1931.84,1.72,2.28,-0.56,-0.56,7727.36,7726.8
477,BTC/INR,1h,SHORT,2026-04-20 03:30:00+05:30,2026-04-21 00:30:00+05:30,74371.45,6210016.24,80321.17,56522.3,76521.62,6389555.65,INTRADAY_SQUAREOFF,0.02,154.54,0.000311,1931.7,-55.85,2.31,-58.16,-58.16,7726.8,7668.64
478,BTC/INR,1h,LONG,2026-04-21 06:30:00+05:30,2026-04-22 00:30:00+05:30,76166.74,6359923.13,70073.4,94446.76,75590.26,6311787.05,INTRADAY_SQUAREOFF,0.02,153.37,0.000301,1917.16,-14.51,2.25,-16.76,-16.76,7668.64,7651.88
479,BTC/INR,1h,LONG,2026-04-22 12:30:00+05:30,2026-04-23 00:30:00+05:30,78089.77,6520495.59,71842.59,96831.31,78974.43,6594364.95,INTRADAY_SQUAREOFF,0.02,153.04,0.000293,1912.97,21.67,2.27,19.4,19.4,7651.88,7671.28
480,BTC/INR,1h,SHORT,2026-04-24 00:30:00+05:30,2026-04-25 00:30:00+05:30,77658.94,6484521.5,83871.66,59020.79,77693.83,6487434.6,INTRADAY_SQUAREOFF,0.02,153.43,0.000296,1917.82,-0.86,2.26,-3.13,-3.13,7671.28,7668.15
481,BTC/INR,1h,SHORT,2026-04-25 04:30:00+05:30,2026-04-26 00:30:00+05:30,77270.95,6452124.05,83452.62,58725.92,77348.26,6458579.41,INTRADAY_SQUAREOFF,0.02,153.36,0.000297,1917.04,-1.92,2.26,-4.18,-4.18,7668.15,7663.97
482,BTC/INR,1h,SHORT,2026-04-26 07:30:00+05:30,2026-04-27 00:30:00+05:30,77431.59,6465537.36,83626.11,58848.0,78355.73,6542703.34,INTRADAY_SQUAREOFF,0.02,153.28,0.000296,1915.99,-22.87,2.27,-25.14,-25.14,7663.97,7638.83
483,BTC/INR,1h,LONG,2026-04-27 06:30:00+05:30,2026-04-28 00:30:00+05:30,79392.4,6629264.99,73041.0,98446.57,76763.63,6409763.12,INTRADAY_SQUAREOFF,0.02,152.78,0.000288,1909.71,-63.23,2.22,-65.45,-65.45,7638.83,7573.38
484,BTC/INR,1h,SHORT,2026-04-28 03:30:00+05:30,2026-04-29 00:30:00+05:30,76738.61,6407674.06,82877.7,58321.34,76260.64,6367763.65,INTRADAY_SQUAREOFF,0.02,151.47,0.000295,1893.35,11.79,2.23,9.57,9.57,7573.38,7582.95
485,BTC/INR,1h,SHORT,2026-04-29 04:30:00+05:30,2026-04-30 00:30:00+05:30,76167.9,6360020.05,82261.34,57887.61,75532.74,6306983.76,INTRADAY_SQUAREOFF,0.02,151.66,0.000298,1895.74,15.81,2.23,13.58,13.58,7582.95,7596.53
486,BTC/INR,1h,SHORT,2026-04-30 05:30:00+05:30,2026-05-01 00:30:00+05:30,75647.33,6316552.0,81699.12,57491.97,76334.9,6373964.01,INTRADAY_SQUAREOFF,0.02,151.93,0.000301,1899.13,-17.26,2.25,-19.51,-19.51,7596.53,7577.02
487,BTC/INR,1h,SHORT,2026-05-01 03:30:00+05:30,2026-05-02 00:30:00+05:30,76167.51,6359986.8,82260.91,57887.3,78497.24,6554519.27,INTRADAY_SQUAREOFF,0.02,151.54,0.000298,1894.25,-57.94,2.27,-60.21,-60.21,7577.02,7516.81
488,BTC/INR,1h,LONG,2026-05-02 19:30:00+05:30,2026-05-03 00:30:00+05:30,78449.74,6550553.0,72173.76,97277.67,78422.6,6548286.87,INTRADAY_SQUAREOFF,0.02,150.34,0.000287,1879.2,-0.65,2.22,-2.87,-2.87,7516.81,7513.94
489,BTC/INR,1h,LONG,2026-05-03 04:30:00+05:30,2026-05-04 00:30:00+05:30,78913.59,6589284.39,72600.5,97852.85,78692.92,6570858.41,INTRADAY_SQUAREOFF,0.02,150.28,0.000285,1878.49,-5.25,2.21,-7.47,-7.47,7513.94,7506.47
490,BTC/INR,1h,LONG,2026-05-04 07:30:00+05:30,2026-05-05 00:30:00+05:30,79841.34,6666751.74,73454.03,99003.26,80061.54,6685138.84,INTRADAY_SQUAREOFF,0.02,150.13,0.000281,1876.62,5.18,2.22,2.96,2.96,7506.47,7509.43
491,BTC/INR,1h,LONG,2026-05-05 06:30:00+05:30,2026-05-06 05:30:00+05:30,80216.11,6698045.31,73798.82,99467.98,80844.38,6750505.55,INTRADAY_SQUAREOFF,0.02,150.19,0.00028,1877.36,14.7,2.22,12.48,12.48,7509.43,7521.91
492,BTC/INR,1h,LONG,2026-05-06 14:30:00+05:30,2026-05-07 00:30:00+05:30,82029.72,6849481.7,75467.34,101716.85,81290.18,6787729.89,INTRADAY_SQUAREOFF,0.02,150.44,0.000275,1880.48,-16.95,2.21,-19.16,-19.16,7521.91,7502.75
493,BTC/INR,1h,SHORT,2026-05-07 14:30:00+05:30,2026-05-08 00:30:00+05:30,81153.56,6776322.19,87645.84,61676.7,80239.68,6700013.11,INTRADAY_SQUAREOFF,0.02,150.05,0.000277,1875.69,21.12,2.2,18.92,18.92,7502.75,7521.67
494,BTC/INR,1h,SHORT,2026-05-08 06:30:00+05:30,2026-05-09 00:30:00+05:30,79700.01,6654951.07,86076.01,60572.01,80106.53,6688895.53,INTRADAY_SQUAREOFF,0.02,150.43,0.000283,1880.42,-9.59,2.22,-11.82,-11.82,7521.67,7509.86
495,BTC/INR,1h,LONG,2026-05-10 08:30:00+05:30,2026-05-11 00:30:00+05:30,80812.36,6747832.27,74347.37,100207.33,81224.91,6782279.68,INTRADAY_SQUAREOFF,0.02,150.2,0.000278,1877.46,9.58,2.22,7.36,7.36,7509.86,7517.22
496,BTC/INR,1h,LONG,2026-05-11 04:30:00+05:30,2026-05-12 00:30:00+05:30,82192.8,6863099.0,75617.38,101919.08,81823.07,6832226.18,INTRADAY_SQUAREOFF,0.02,150.34,0.000274,1879.3,-8.45,2.21,-10.67,-10.67,7517.22,7506.55
497,BTC/INR,1h,SHORT,2026-05-13 05:30:00+05:30,2026-05-14 00:30:00+05:30,80379.89,6711720.94,86810.28,61088.72,79614.94,6647847.16,INTRADAY_SQUAREOFF,0.02,150.13,0.00028,1876.64,17.86,2.2,15.66,15.66,7506.55,7522.21
498,BTC/INR,1h,SHORT,2026-05-14 03:30:00+05:30,2026-05-15 00:30:00+05:30,79284.6,6620263.74,85627.36,60256.29,81639.87,6816929.13,INTRADAY_SQUAREOFF,0.02,150.44,0.000284,1880.55,-55.86,2.25,-58.12,-58.12,7522.21,7464.09
499,BTC/INR,1h,LONG,2026-05-15 06:30:00+05:30,2026-05-16 00:30:00+05:30,81689.53,6821075.54,75154.37,101295.01,79193.98,6612697.08,INTRADAY_SQUAREOFF,0.02,149.28,0.000274,1866.02,-57.01,2.17,-59.17,-59.17,7464.09,7404.92
500,BTC/INR,1h,SHORT,2026-05-17 04:30:00+05:30,2026-05-18 00:30:00+05:30,78086.05,6520184.91,84332.93,59345.4,78271.12,6535638.19,INTRADAY_SQUAREOFF,0.02,148.1,0.000284,1851.23,-4.39,2.19,-6.57,-6.57,7404.92,7398.34
501,BTC/INR,1h,SHORT,2026-05-18 20:30:00+05:30,2026-05-19 00:30:00+05:30,76149.91,6358517.8,82241.91,57873.93,76221.92,6364530.32,INTRADAY_SQUAREOFF,0.02,147.97,0.000291,1849.59,-1.75,2.18,-3.93,-3.93,7398.34,7394.41
502,BTC/INR,1h,SHORT,2026-05-19 07:30:00+05:30,2026-05-20 00:30:00+05:30,76550.78,6391989.78,82674.84,58178.59,76788.88,6411871.08,INTRADAY_SQUAREOFF,0.02,147.89,0.000289,1848.6,-5.75,2.18,-7.93,-7.93,7394.41,7386.48
503,BTC/INR,1h,SHORT,2026-05-20 04:30:00+05:30,2026-05-21 00:30:00+05:30,76533.71,6390565.12,82656.41,58165.62,77357.84,6459379.58,INTRADAY_SQUAREOFF,0.02,147.73,0.000289,1846.62,-19.88,2.19,-22.08,-22.08,7386.48,7364.4
504,BTC/INR,1h,LONG,2026-05-21 13:30:00+05:30,2026-05-22 00:30:00+05:30,77863.9,6501636.04,71634.79,96551.24,77251.36,6450488.14,INTRADAY_SQUAREOFF,0.02,147.29,0.000283,1841.1,-14.48,2.16,-16.65,-16.65,7364.4,7347.75
505,BTC/INR,1h,SHORT,2026-05-22 23:30:00+05:30,2026-05-23 01:30:00+05:30,76613.64,6397239.17,82742.73,58226.37,75835.6,6332272.77,INTRADAY_SQUAREOFF,0.02,146.96,0.000287,1836.94,18.65,2.16,16.5,16.5,7347.75,7364.25
506,BTC/INR,1h,SHORT,2026-05-23 11:30:00+05:30,2026-05-24 00:30:00+05:30,75338.89,6290797.3,81366.0,57257.56,75798.04,6329136.03,INTRADAY_SQUAREOFF,0.02,147.29,0.000293,1841.06,-11.22,2.18,-13.4,-13.4,7364.25,7350.85
507,BTC/INR,1h,LONG,2026-05-24 07:30:00+05:30,2026-05-25 00:30:00+05:30,76857.93,6417637.42,70709.3,95303.84,76533.78,6390570.99,INTRADAY_SQUAREOFF,0.02,147.02,0.000286,1837.71,-7.75,2.16,-9.91,-9.91,7350.85,7340.94
508,BTC/INR,1h,SHORT,2026-05-25 07:30:00+05:30,2026-05-26 00:30:00+05:30,76791.74,6412110.39,82935.08,58361.72,77524.46,6473292.54,INTRADAY_SQUAREOFF,0.02,146.82,0.000286,1835.23,-17.51,2.18,-19.69,-19.69,7340.94,7321.25
509,BTC/INR,1h,SHORT,2026-05-26 15:30:00+05:30,2026-05-27 00:30:00+05:30,76519.07,6389342.59,82640.6,58154.5,75752.67,6325347.94,INTRADAY_SQUAREOFF,0.02,146.42,0.000286,1830.31,18.33,2.15,16.18,16.18,7321.25,7337.43
510,BTC/INR,1h,SHORT,2026-05-27 04:30:00+05:30,2026-05-28 00:30:00+05:30,75520.79,6305986.05,81562.45,57395.8,74921.65,6255957.38,INTRADAY_SQUAREOFF,0.02,146.75,0.000291,1834.36,14.55,2.16,12.4,12.4,7337.43,7349.83
511,BTC/INR,1h,SHORT,2026-05-28 03:30:00+05:30,2026-05-29 00:30:00+05:30,74182.89,6194271.32,80117.52,56379.0,73558.85,6142164.38,INTRADAY_SQUAREOFF,0.02,147.0,0.000297,1837.46,15.46,2.16,13.3,13.3,7349.83,7363.13
512,BTC/INR,1h,SHORT,2026-05-29 04:30:00+05:30,2026-05-30 00:30:00+05:30,73302.42,6120752.42,79166.62,55709.84,73309.36,6121331.8,INTRADAY_SQUAREOFF,0.02,147.26,0.000301,1840.78,-0.17,2.17,-2.35,-2.35,7363.13,7360.78
513,BTC/INR,1h,SHORT,2026-06-01 07:30:00+05:30,2026-06-02 00:30:00+05:30,73130.66,6106409.99,78981.11,55579.3,71437.03,5964991.9,INTRADAY_SQUAREOFF,0.02,147.22,0.000301,1840.2,42.62,2.15,40.47,40.47,7360.78,7401.25
514,BTC/INR,1h,SHORT,2026-06-02 03:30:00+05:30,2026-06-03 00:30:00+05:30,70813.98,5912967.46,76479.1,53818.63,67253.62,5615677.09,INTRADAY_SQUAREOFF,0.02,148.03,0.000313,1850.31,93.03,2.13,90.9,90.9,7401.25,7492.15
515,BTC/INR,1h,SHORT,2026-06-03 04:30:00+05:30,2026-06-04 00:30:00+05:30,66159.15,5524288.7,71451.88,50280.95,65965.33,5508105.34,INTRADAY_SQUAREOFF,0.02,149.84,0.000339,1873.04,5.49,2.21,3.28,3.28,7492.15,7495.43
516,BTC/INR,1h,SHORT,2026-06-04 04:30:00+05:30,2026-06-05 00:30:00+05:30,64667.72,5399754.64,69841.14,49147.47,63749.16,5323054.81,INTRADAY_SQUAREOFF,0.02,149.91,0.000347,1873.86,26.62,2.2,24.42,24.42,7495.43,7519.85
517,BTC/INR,1h,SHORT,2026-06-05 08:30:00+05:30,2026-06-06 00:30:00+05:30,62485.98,5217579.3,67484.86,47489.34,59369.32,4957338.07,INTRADAY_SQUAREOFF,0.02,150.4,0.00036,1879.96,93.77,2.16,91.61,91.61,7519.85,7611.46
518,BTC/INR,1h,SHORT,2026-06-06 07:30:00+05:30,2026-06-07 00:30:00+05:30,60899.0,5085066.18,65770.92,46283.24,60612.3,5061127.28,INTRADAY_SQUAREOFF,0.02,152.23,0.000374,1902.86,8.96,2.24,6.72,6.72,7611.46,7618.18
519,BTC/INR,1h,LONG,2026-06-07 21:30:00+05:30,2026-06-08 00:30:00+05:30,62215.1,5194961.16,57237.9,77146.73,61975.3,5174937.35,INTRADAY_SQUAREOFF,0.02,152.36,0.000367,1904.54,-7.34,2.24,-9.58,-9.58,7618.18,7608.59
520,BTC/INR,1h,LONG,2026-06-08 05:30:00+05:30,2026-06-09 00:30:00+05:30,63444.99,5297656.49,58369.39,78671.78,63410.34,5294763.19,INTRADAY_SQUAREOFF,0.02,152.17,0.000359,1902.15,-1.04,2.24,-3.28,-3.28,7608.59,7605.31
521,BTC/INR,1h,SHORT,2026-06-10 03:30:00+05:30,2026-06-11 00:30:00+05:30,61611.5,5144560.18,66540.42,46824.74,61842.18,5163821.63,INTRADAY_SQUAREOFF,0.02,152.11,0.00037,1901.33,-7.12,2.25,-9.37,-9.37,7605.31,7595.94
522,BTC/INR,1h,LONG,2026-06-11 16:30:00+05:30,2026-06-12 00:30:00+05:30,63151.04,5273111.86,58098.96,78307.29,63351.56,5289855.12,INTRADAY_SQUAREOFF,0.02,151.92,0.00036,1898.99,6.03,2.24,3.79,3.79,7595.94,7599.73
523,BTC/INR,1h,LONG,2026-06-12 14:30:00+05:30,2026-06-13 00:30:00+05:30,63546.94,5306169.26,58463.18,78798.2,63620.16,5312283.55,INTRADAY_SQUAREOFF,0.02,151.99,0.000358,1899.93,2.19,2.24,-0.05,-0.05,7599.73,7599.68
524,BTC/INR,1h,LONG,2026-06-13 12:30:00+05:30,2026-06-14 00:30:00+05:30,63737.84,5322109.75,58638.81,79034.92,64091.94,5351676.82,INTRADAY_SQUAREOFF,0.02,151.99,0.000357,1899.92,10.56,2.25,8.31,8.31,7599.68,7607.98
525,BTC/INR,1h,LONG,2026-06-14 15:30:00+05:30,2026-06-15 00:30:00+05:30,64612.92,5395178.75,59443.89,80120.02,63743.81,5322608.25,INTRADAY_SQUAREOFF,0.02,152.16,0.000353,1902.0,-25.58,2.23,-27.81,-27.81,7607.98,7580.17
526,BTC/INR,1h,LONG,2026-06-15 05:30:00+05:30,2026-06-16 00:30:00+05:30,65794.89,5493873.22,60531.3,81585.66,66701.43,5569569.36,INTRADAY_SQUAREOFF,0.02,151.6,0.000345,1895.04,26.11,2.25,23.86,23.86,7580.17,7604.03
527,BTC/INR,1h,SHORT,2026-06-17 16:30:00+05:30,2026-06-18 00:30:00+05:30,64671.25,5400049.36,69844.95,49150.15,65540.34,5472618.69,INTRADAY_SQUAREOFF,0.02,152.08,0.000352,1901.01,-25.55,2.26,-27.81,-27.81,7604.03,7576.22
528,BTC/INR,1h,SHORT,2026-06-18 21:30:00+05:30,2026-06-19 00:30:00+05:30,62207.34,5194313.03,67183.93,47277.58,62662.28,5232300.73,INTRADAY_SQUAREOFF,0.02,151.52,0.000365,1894.06,-13.85,2.24,-16.1,-16.1,7576.22,7560.13
529,BTC/INR,1h,SHORT,2026-06-19 14:30:00+05:30,2026-06-20 00:30:00+05:30,62466.75,5215973.71,67464.09,47474.73,63073.82,5266664.13,INTRADAY_SQUAREOFF,0.02,151.2,0.000362,1890.03,-18.37,2.24,-20.61,-20.61,7560.13,7539.52
530,BTC/INR,1h,LONG,2026-06-21 01:30:00+05:30,2026-06-22 00:30:00+05:30,63931.95,5338317.83,58817.39,79275.62,64098.45,5352220.93,INTRADAY_SQUAREOFF,0.02,150.79,0.000353,1884.88,4.91,2.23,2.68,2.68,7539.52,7542.2
531,BTC/INR,1h,SHORT,2026-06-23 18:30:00+05:30,2026-06-24 00:30:00+05:30,62101.39,5185466.46,67069.51,47197.06,62177.35,5191809.09,INTRADAY_SQUAREOFF,0.02,150.84,0.000364,1885.55,-2.31,2.23,-4.53,-4.53,7542.2,7537.67
532,BTC/INR,1h,SHORT,2026-06-24 08:30:00+05:30,2026-06-25 00:30:00+05:30,62490.33,5217942.48,67489.56,47492.65,59571.04,4974181.85,INTRADAY_SQUAREOFF,0.02,150.75,0.000361,1884.42,88.03,2.17,85.86,85.86,7537.67,7623.53
533,BTC/INR,1h,SHORT,2026-06-25 06:30:00+05:30,2026-06-26 00:30:00+05:30,60614.16,5061282.21,65463.29,46066.76,59449.31,4964017.5,INTRADAY_SQUAREOFF,0.02,152.47,0.000377,1905.88,36.63,2.23,34.4,34.4,7623.53,7657.93
534,BTC/INR,1h,SHORT,2026-06-26 14:30:00+05:30,2026-06-27 00:30:00+05:30,60020.78,5011734.74,64822.44,45615.79,59595.81,4976250.49,INTRADAY_SQUAREOFF,0.02,153.16,0.000382,1914.48,13.55,2.25,11.3,11.3,7657.93,7669.23
535,BTC/INR,1h,SHORT,2026-06-28 20:30:00+05:30,2026-06-29 00:30:00+05:30,59894.2,5001165.54,64685.73,45519.59,59545.76,4972070.79,INTRADAY_SQUAREOFF,0.02,153.38,0.000383,1917.31,11.15,2.26,8.9,8.9,7669.23,7678.13
536,BTC/INR,1h,SHORT,2026-06-29 04:30:00+05:30,2026-06-30 00:30:00+05:30,58827.55,4912100.59,63533.76,44708.94,60229.01,5029122.3,INTRADAY_SQUAREOFF,0.02,153.56,0.000391,1919.53,-45.73,2.29,-48.02,-48.02,7678.13,7630.11
537,BTC/INR,1h,LONG,2026-07-02 03:30:00+05:30,2026-07-03 00:30:00+05:30,60815.69,5078110.4,55950.44,75411.46,61669.86,5149433.36,INTRADAY_SQUAREOFF,0.02,152.6,0.000376,1907.53,26.79,2.27,24.52,24.52,7630.11,7654.63
538,BTC/INR,1h,LONG,2026-07-03 20:30:00+05:30,2026-07-04 00:30:00+05:30,62228.62,5196089.63,57250.33,77163.49,62118.91,5186929.26,INTRADAY_SQUAREOFF,0.02,153.09,0.000368,1913.66,-3.37,2.26,-5.63,-5.63,7654.63,7649.0
539,BTC/INR,1h,LONG,2026-07-04 18:30:00+05:30,2026-07-05 00:30:00+05:30,62660.53,5232154.54,57647.69,77699.06,63081.79,5267329.87,INTRADAY_SQUAREOFF,0.02,152.98,0.000365,1912.25,12.86,2.26,10.59,10.59,7649.0,7659.6
540,BTC/INR,1h,LONG,2026-07-05 13:30:00+05:30,2026-07-06 00:30:00+05:30,63032.88,5263245.45,57990.25,78160.77,62714.39,5236651.47,INTRADAY_SQUAREOFF,0.02,153.19,0.000364,1914.9,-9.68,2.25,-11.93,-11.93,7659.6,7647.67
541,BTC/INR,1h,LONG,2026-07-06 03:30:00+05:30,2026-07-07 00:30:00+05:30,63194.93,5276776.93,58139.34,78361.72,63610.21,5311452.55,INTRADAY_SQUAREOFF,0.02,152.95,0.000362,1911.92,12.56,2.26,10.3,10.3,7647.67,7657.97
542,BTC/INR,1h,LONG,2026-07-07 12:30:00+05:30,2026-07-08 00:30:00+05:30,63379.67,5292202.78,58309.3,78590.8,63600.29,5310624.49,INTRADAY_SQUAREOFF,0.02,153.16,0.000362,1914.49,6.66,2.26,4.4,4.4,7657.97,7662.37
543,BTC/INR,1h,SHORT,2026-07-08 18:30:00+05:30,2026-07-09 00:30:00+05:30,61860.54,5165355.3,66809.39,47014.01,62165.16,5190790.6,INTRADAY_SQUAREOFF,0.02,153.25,0.000371,1915.59,-9.43,2.27,-11.7,-11.7,7662.37,7650.67
544,BTC/INR,1h,SHORT,2026-07-09 07:30:00+05:30,2026-07-10 00:30:00+05:30,61771.89,5157952.62,66713.64,46946.63,63195.58,5276831.1,INTRADAY_SQUAREOFF,0.02,153.01,0.000371,1912.67,-44.08,2.28,-46.37,-46.37,7650.67,7604.3
545,BTC/INR,1h,LONG,2026-07-10 07:30:00+05:30,2026-07-11 00:30:00+05:30,63922.93,5337564.97,58809.1,79264.44,63706.62,5319502.69,INTRADAY_SQUAREOFF,0.02,152.09,0.000356,1901.08,-6.43,2.24,-8.67,-8.67,7604.3,7595.63
546,BTC/INR,1h,LONG,2026-07-11 05:30:00+05:30,2026-07-12 00:30:00+05:30,64207.45,5361321.83,59070.85,79617.23,64249.85,5364862.25,INTRADAY_SQUAREOFF,0.02,151.91,0.000354,1898.91,1.25,2.24,-0.99,-0.99,7595.63,7594.64
547,BTC/INR,1h,SHORT,2026-07-12 10:30:00+05:30,2026-07-13 00:30:00+05:30,63875.52,5333605.5,68985.56,48545.39,64141.25,5355794.69,INTRADAY_SQUAREOFF,0.02,151.89,0.000356,1898.66,-7.9,2.25,-10.14,-10.14,7594.64,7584.5
548,BTC/INR,1h,SHORT,2026-07-13 03:30:00+05:30,2026-07-14 05:30:00+05:30,63815.86,5328624.09,68921.13,48500.05,62315.53,5203346.99,INTRADAY_SQUAREOFF,0.02,151.69,0.000356,1896.12,44.58,2.21,42.37,42.37,7584.5,7626.87
549,BTC/INR,1h,LONG,2026-07-14 20:30:00+05:30,2026-07-15 00:30:00+05:30,64308.47,5369756.94,59163.79,79742.5,64501.13,5385844.5,INTRADAY_SQUAREOFF,0.02,152.54,0.000355,1906.72,5.71,2.25,3.46,3.46,7626.87,7630.33
550,BTC/INR,1h,LONG,2026-07-15 05:30:00+05:30,2026-07-16 00:30:00+05:30,65033.99,5430338.08,59831.27,80642.15,64785.63,5409600.11,INTRADAY_SQUAREOFF,0.02,152.61,0.000351,1907.58,-7.28,2.25,-9.53,-9.53,7630.33,7620.79
551,BTC/INR,1h,LONG,2026-07-16 11:30:00+05:30,2026-07-17 00:30:00+05:30,64978.54,5425708.37,59780.26,80573.39,64156.73,5357086.61,INTRADAY_SQUAREOFF,0.02,152.42,0.000351,1905.2,-24.1,2.23,-26.33,-26.33,7620.79,7594.46
552,BTC/INR,1h,SHORT,2026-07-17 07:30:00+05:30,2026-07-18 00:30:00+05:30,63387.17,5292828.65,68458.14,48174.25,64245.22,5364475.53,INTRADAY_SQUAREOFF,0.02,151.89,0.000359,1898.62,-25.7,2.26,-27.96,-27.96,7594.46,7566.51
553,BTC/INR,1h,LONG,2026-07-18 09:30:00+05:30,2026-07-19 00:30:00+05:30,64009.55,5344797.21,58888.78,79371.84,64439.8,5380722.9,INTRADAY_SQUAREOFF,0.02,151.33,0.000354,1891.63,12.71,2.24,10.48,10.48,7566.51,7576.98
554,BTC/INR,1h,LONG,2026-07-19 19:30:00+05:30,2026-07-20 00:30:00+05:30,64502.5,5385959.14,59342.3,79983.11,64355.79,5373708.82,INTRADAY_SQUAREOFF,0.02,151.54,0.000352,1894.25,-4.31,2.23,-6.54,-6.54,7576.98,7570.44
555,BTC/INR,1h,LONG,2026-07-20 05:30:00+05:30,2026-07-21 00:30:00+05:30,64758.74,5407354.96,59578.04,80300.84,65159.72,5440836.97,INTRADAY_SQUAREOFF,0.02,151.41,0.00035,1892.61,11.72,2.24,9.48,9.48,7570.44,7579.92
556,BTC/INR,1h,LONG,2026-07-21 02:30:00+05:30,2026-07-22 00:30:00+05:30,65423.25,5462841.7,60189.39,81124.83,66245.52,5531500.66,INTRADAY_SQUAREOFF,0.02,151.6,0.000347,1894.98,23.82,2.25,21.57,21.57,7579.92,7601.49
557,BTC/INR,1h,LONG,2026-07-22 05:30:00+05:30,2026-07-23 00:30:00+05:30,66566.16,5558274.12,61240.86,82542.03,65830.18,5496819.85,INTRADAY_SQUAREOFF,0.02,152.03,0.000342,1900.37,-21.01,2.23,-23.24,-23.24,7601.49,7578.25
558,BTC/INR,1h,SHORT,2026-07-23 07:30:00+05:30,2026-07-24 00:30:00+05:30,65693.18,5485380.2,70948.63,49926.81,64855.46,5415431.1,INTRADAY_SQUAREOFF,0.02,151.56,0.000345,1894.56,24.16,2.22,21.94,21.94,7578.25,7600.18
559,BTC/INR,1h,SHORT,2026-07-24 14:30:00+05:30,2026-07-25 00:30:00+05:30,65224.39,5446236.65,70442.34,49570.54,64254.76,5365272.44,INTRADAY_SQUAREOFF,0.02,152.0,0.000349,1900.05,28.25,2.23,26.02,26.02,7600.18,7626.21
560,BTC/INR,1h,SHORT,2026-07-25 06:30:00+05:30,2026-07-26 00:30:00+05:30,63952.23,5340010.92,69068.4,48603.69,64394.09,5376906.61,INTRADAY_SQUAREOFF,0.02,152.52,0.000357,1906.55,-13.17,2.26,-15.43,-15.43,7626.21,7610.77
561,BTC/INR,1h,LONG,2026-07-26 04:30:00+05:30,2026-07-27 00:30:00+05:30,64401.88,5377557.32,59249.73,79858.34,64653.85,5398596.33,INTRADAY_SQUAREOFF,0.02,152.22,0.000354,1902.69,7.44,2.25,5.19,5.19,7610.77,7615.97
562,BTC/INR,1h,LONG,2026-07-27 04:30:00+05:30,2026-07-28 00:30:00+05:30,65480.72,5467640.45,60242.27,81196.1,64782.6,5409347.45,INTRADAY_SQUAREOFF,0.02,152.32,0.000348,1903.99,-20.3,2.23,-22.53,-22.53,7615.97,7593.44
563,BTC/INR,1h,SHORT,2026-07-28 04:30:00+05:30,2026-07-29 00:30:00+05:30,63688.15,5317960.67,68783.2,48403.0,63688.41,5317981.94,INTRADAY_SQUAREOFF,0.02,151.87,0.000357,1898.36,-0.01,2.24,-2.25,-2.25,7593.44,7591.19
564,BTC/INR,1h,LONG,2026-07-29 15:30:00+05:30,2026-07-30 00:30:00+05:30,64674.1,5400287.53,59500.17,80195.89,64399.23,5377335.34,INTRADAY_SQUAREOFF,0.02,151.82,0.000351,1897.8,-8.07,2.23,-10.3,-10.3,7591.19,7580.89
565,BTC/INR,1h,SHORT,2026-07-31 19:30:00+05:30,2026-08-01 00:30:00+05:30,63128.55,5271233.83,68178.83,47977.7,63076.52,5266889.63,INTRADAY_SQUAREOFF,0.02,151.62,0.00036,1895.22,1.56,2.24,-0.67,-0.67,7580.89,7580.21
566,BTC/INR,1h,SHORT,2026-08-01 05:30:00+05:30,2026-08-02 00:30:00+05:30,62772.69,5241519.43,67794.5,47707.24,62538.88,5221996.71,INTRADAY_SQUAREOFF,0.02,151.6,0.000362,1895.05,7.06,2.23,4.83,4.83,7580.21,7585.04
567,BTC/INR,1h,LONG,2026-08-02 23:30:00+05:30,2026-08-03 01:30:00+05:30,63300.11,5285559.58,58236.11,78492.14,63356.06,5290230.69,INTRADAY_SQUAREOFF,0.02,151.7,0.000359,1896.26,1.68,2.24,-0.56,-0.56,7585.04,7584.48
568,BTC/INR,1h,SHORT,2026-08-03 12:30:00+05:30,2026-08-04 00:30:00+05:30,62497.61,5218550.81,67497.42,47498.19,63851.82,5331626.98,INTRADAY_SQUAREOFF,0.02,151.69,0.000363,1896.12,-41.09,2.26,-43.35,-43.35,7584.48,7541.13
569,BTC/INR,1h,LONG,2026-08-04 07:30:00+05:30,2026-08-05 00:30:00+05:30,63888.85,5334719.0,58777.74,79222.17,64219.09,5362293.63,INTRADAY_SQUAREOFF,0.02,150.82,0.000353,1885.28,9.74,2.23,7.51,7.51,7541.13,7548.64
570,BTC/INR,1h,LONG,2026-08-05 07:30:00+05:30,2026-08-06 00:30:00+05:30,64329.54,5371516.53,59183.18,79768.63,64700.63,5402502.9,INTRADAY_SQUAREOFF,0.02,150.97,0.000351,1887.16,10.89,2.23,8.65,8.65,7548.64,7557.3
571,BTC/INR,1h,LONG,2026-08-06 10:30:00+05:30,2026-08-07 00:30:00+05:30,64708.38,5403149.49,59531.71,80238.39,64325.81,5371205.08,INTRADAY_SQUAREOFF,0.02,151.15,0.00035,1889.32,-11.17,2.22,-13.39,-13.39,7557.3,7543.9
572,BTC/INR,1h,SHORT,2026-08-10 21:30:00+05:30,2026-08-11 00:30:00+05:30,64113.43,5353471.18,69242.5,48726.2,63847.25,5331245.17,INTRADAY_SQUAREOFF,0.02,150.88,0.000352,1885.98,7.83,2.22,5.61,5.61,7543.9,7549.51
573,BTC/INR,1h,SHORT,2026-08-11 03:30:00+05:30,2026-08-12 00:30:00+05:30,63871.35,5333257.65,68981.06,48542.23,63322.93,5287464.4,INTRADAY_SQUAREOFF,0.02,150.99,0.000354,1887.38,16.21,2.22,13.99,13.99,7549.51,7563.5
574,BTC/INR,1h,SHORT,2026-08-13 21:30:00+05:30,2026-08-14 00:30:00+05:30,63322.82,5287455.7,68388.65,48125.35,63271.61,5283179.29,INTRADAY_SQUAREOFF,0.02,151.27,0.000358,1890.88,1.53,2.23,-0.7,-0.7,7563.5,7562.8
575,BTC/INR,1h,SHORT,2026-08-14 09:30:00+05:30,2026-08-15 00:30:00+05:30,63206.88,5277774.54,68263.43,48037.23,62887.34,5251092.73,INTRADAY_SQUAREOFF,0.02,151.26,0.000358,1890.7,9.56,2.23,7.33,7.33,7562.8,7570.13
576,BTC/INR,1h,SHORT,2026-08-15 14:30:00+05:30,2026-08-16 00:30:00+05:30,62831.7,5246446.73,67858.23,47752.09,63020.62,5262221.41,INTRADAY_SQUAREOFF,0.02,151.4,0.000361,1892.53,-5.69,2.24,-7.93,-7.93,7570.13,7562.21
577,BTC/INR,1h,SHORT,2026-08-16 05:30:00+05:30,2026-08-17 00:30:00+05:30,62982.61,5259048.27,68021.22,47866.79,63105.84,5269337.47,INTRADAY_SQUAREOFF,0.02,151.24,0.000359,1890.55,-3.7,2.23,-5.93,-5.93,7562.21,7556.28
578,BTC/INR,1h,LONG,2026-08-17 12:30:00+05:30,2026-08-18 00:30:00+05:30,63685.18,5317712.38,58590.36,78969.62,64327.72,5371364.49,INTRADAY_SQUAREOFF,0.02,151.13,0.000355,1889.07,19.06,2.24,16.82,16.82,7556.28,7573.09
579,BTC/INR,1h,LONG,2026-08-18 05:30:00+05:30,2026-08-19 00:30:00+05:30,64557.03,5390512.16,59392.47,80050.72,64696.69,5402173.3,INTRADAY_SQUAREOFF,0.02,151.46,0.000351,1893.27,4.1,2.24,1.86,1.86,7573.09,7574.95
580,BTC/INR,1h,LONG,2026-08-19 16:30:00+05:30,2026-08-20 00:30:00+05:30,64436.98,5380488.13,59282.02,79901.86,68346.92,5706967.72,INTRADAY_SQUAREOFF,0.02,151.5,0.000352,1893.74,114.91,2.3,112.61,112.61,7574.95,7687.56
581,BTC/INR,1h,LONG,2026-08-20 10:30:00+05:30,2026-08-21 00:30:00+05:30,69568.19,5808943.75,64002.73,86264.55,72382.58,6043945.4,INTRADAY_SQUAREOFF,0.02,153.75,0.000331,1921.89,77.75,2.31,75.44,75.44,7687.56,7763.0
582,BTC/INR,1h,LONG,2026-08-21 11:30:00+05:30,2026-08-22 00:30:00+05:30,75498.05,6304087.21,69458.21,93617.58,77106.33,6438378.22,INTRADAY_SQUAREOFF,0.02,155.26,0.000308,1940.75,41.34,2.31,39.03,39.03,7763.0,7802.02
583,BTC/INR,1h,LONG,2026-08-22 02:30:00+05:30,2026-08-23 00:30:00+05:30,77557.0,6476009.61,71352.44,96170.68,77223.28,6448143.49,INTRADAY_SQUAREOFF,0.02,156.04,0.000301,1950.51,-8.39,2.3,-10.69,-10.69,7802.02,7791.34
584,BTC/INR,1h,LONG,2026-08-24 12:30:00+05:30,2026-08-25 00:30:00+05:30,77558.02,6476094.46,71353.38,96171.94,78905.13,6588578.29,INTRADAY_SQUAREOFF,0.02,155.83,0.000301,1947.83,33.83,2.32,31.51,31.51,7791.34,7822.85
585,BTC/INR,1h,LONG,2026-08-25 06:30:00+05:30,2026-08-26 00:30:00+05:30,79919.97,6673317.6,73526.37,99100.76,79081.25,6603284.55,INTRADAY_SQUAREOFF,0.02,156.46,0.000293,1955.71,-20.52,2.3,-22.82,-22.82,7822.85,7800.03
586,BTC/INR,1h,SHORT,2026-08-26 05:30:00+05:30,2026-08-27 00:30:00+05:30,78349.87,6542213.98,84617.86,59545.9,78495.27,6554354.8,INTRADAY_SQUAREOFF,0.02,156.0,0.000298,1950.01,-3.62,2.3,-5.92,-5.92,7800.03,7794.11
587,BTC/INR,1h,LONG,2026-08-28 06:30:00+05:30,2026-08-29 00:30:00+05:30,80761.1,6743552.06,74300.21,100143.77,77505.86,6471739.35,INTRADAY_SQUAREOFF,0.02,155.88,0.000289,1948.53,-78.54,2.25,-80.79,-80.79,7794.11,7713.31
588,BTC/INR,1h,SHORT,2026-08-29 09:30:00+05:30,2026-08-30 00:30:00+05:30,77462.28,6468100.44,83659.26,58871.33,78192.07,6529037.74,INTRADAY_SQUAREOFF,0.02,154.27,0.000298,1928.33,-18.17,2.29,-20.45,-20.45,7713.31,7692.86
589,BTC/INR,1h,LONG,2026-08-30 22:30:00+05:30,2026-08-31 00:30:00+05:30,79420.03,6631572.83,73066.43,98480.84,78988.53,6595542.49,INTRADAY_SQUAREOFF,0.02,153.86,0.00029,1923.22,-10.45,2.26,-12.71,-12.71,7692.86,7680.15
590,BTC/INR,1h,SHORT,2026-08-31 17:30:00+05:30,2026-09-01 00:30:00+05:30,78228.94,6532116.18,84487.25,59453.99,79048.0,6600508.35,INTRADAY_SQUAREOFF,0.02,153.6,0.000294,1920.04,-20.1,2.28,-22.38,-22.38,7680.15,7657.77
591,BTC/INR,1h,SHORT,2026-09-01 04:30:00+05:30,2026-09-02 00:30:00+05:30,78515.76,6556066.09,84797.02,59671.98,77165.43,6443313.46,INTRADAY_SQUAREOFF,0.02,153.16,0.000292,1914.44,32.92,2.24,30.69,30.69,7657.77,7688.45
592,BTC/INR,1h,SHORT,2026-09-02 14:30:00+05:30,2026-09-03 00:30:00+05:30,76663.14,6401372.31,82796.19,58263.99,77378.44,6461100.02,INTRADAY_SQUAREOFF,0.02,153.77,0.0003,1922.11,-17.93,2.28,-20.21,-20.21,7688.45,7668.24
593,BTC/INR,1h,SHORT,2026-09-03 04:30:00+05:30,2026-09-04 00:30:00+05:30,76951.15,6425420.67,83107.24,58482.87,81295.21,6788149.65,INTRADAY_SQUAREOFF,0.02,153.36,0.000298,1917.06,-108.22,2.33,-110.55,-110.55,7668.24,7557.69
594,BTC/INR,1h,LONG,2026-09-04 14:30:00+05:30,2026-09-05 00:30:00+05:30,81265.25,6785648.62,74764.03,100768.91,79596.76,6646329.45,INTRADAY_SQUAREOFF,0.02,151.15,0.000278,1889.42,-38.79,2.21,-41.0,-41.0,7557.69,7516.69
595,BTC/INR,1h,SHORT,2026-09-05 06:30:00+05:30,2026-09-06 00:30:00+05:30,79534.68,6641145.91,85897.46,60446.36,80034.27,6682861.59,INTRADAY_SQUAREOFF,0.02,150.33,0.000283,1879.17,-11.8,2.22,-14.03,-14.03,7516.69,7502.67
596,BTC/INR,1h,SHORT,2026-09-07 19:30:00+05:30,2026-09-08 00:30:00+05:30,79269.92,6619037.95,85611.51,60245.14,79234.62,6616090.85,INTRADAY_SQUAREOFF,0.02,150.05,0.000283,1875.67,0.84,2.21,-1.38,-1.38,7502.67,7501.29
597,BTC/INR,1h,SHORT,2026-09-08 03:30:00+05:30,2026-09-09 00:30:00+05:30,79099.92,6604843.52,85427.92,60115.94,78492.09,6554089.16,INTRADAY_SQUAREOFF,0.02,150.03,0.000284,1875.32,14.41,2.2,12.21,12.21,7501.29,7513.49
598,BTC/INR,1h,LONG,2026-09-09 17:30:00+05:30,2026-09-10 00:30:00+05:30,79386.2,6628748.08,73035.31,98438.89,78360.31,6543085.72,INTRADAY_SQUAREOFF,0.02,150.27,0.000283,1878.37,-24.27,2.2,-26.48,-26.48,7513.49,7487.02
599,BTC/INR,1h,SHORT,2026-09-10 15:30:00+05:30,2026-09-11 00:30:00+05:30,77864.36,6501674.13,84093.51,59176.91,77245.67,6450013.11,INTRADAY_SQUAREOFF,0.02,149.74,0.000288,1871.75,14.87,2.2,12.67,12.67,7487.02,7499.69
600,BTC/INR,1h,SHORT,2026-09-11 04:30:00+05:30,2026-09-12 00:30:00+05:30,76747.28,6408397.8,82887.06,58327.93,77084.92,6436590.96,INTRADAY_SQUAREOFF,0.02,149.99,0.000293,1874.92,-8.25,2.22,-10.47,-10.47,7499.69,7489.22
601,BTC/INR,1h,LONG,2026-09-12 14:30:00+05:30,2026-09-13 00:30:00+05:30,77395.21,6462499.99,71203.59,95970.06,77087.72,6436824.46,INTRADAY_SQUAREOFF,0.02,149.78,0.00029,1872.31,-7.44,2.2,-9.64,-9.64,7489.22,7479.58
602,BTC/INR,1h,LONG,2026-09-13 03:30:00+05:30,2026-09-14 00:30:00+05:30,77300.57,6454597.47,71116.52,95852.7,77273.67,6452351.61,INTRADAY_SQUAREOFF,0.02,149.59,0.00029,1869.9,-0.65,2.21,-2.86,-2.86,7479.58,7476.72
603,BTC/INR,1h,LONG,2026-09-14 13:30:00+05:30,2026-09-15 00:30:00+05:30,77898.08,6504489.51,71666.23,96593.62,79160.4,6609893.4,INTRADAY_SQUAREOFF,0.02,149.53,0.000287,1869.18,30.29,2.22,28.07,28.07,7476.72,7504.79
604,BTC/INR,1h,SHORT,2026-09-16 03:30:00+05:30,2026-09-17 00:30:00+05:30,75309.98,6288383.53,81334.78,57235.59,75608.21,6313285.94,INTRADAY_SQUAREOFF,0.02,150.1,0.000298,1876.2,-7.43,2.22,-9.65,-9.65,7504.79,7495.14
605,BTC/INR,1h,SHORT,2026-09-17 03:30:00+05:30,2026-09-18 00:30:00+05:30,75819.67,6330942.68,81885.25,57622.95,76544.65,6391478.41,INTRADAY_SQUAREOFF,0.02,149.9,0.000296,1873.79,-17.92,2.22,-20.14,-20.14,7495.14,7475.0
606,BTC/INR,1h,LONG,2026-09-18 13:30:00+05:30,2026-09-19 00:30:00+05:30,77812.66,6497357.14,71587.65,96487.7,80889.14,6754242.92,INTRADAY_SQUAREOFF,0.02,149.5,0.000288,1868.75,73.88,2.25,71.64,71.64,7475.0,7546.64
607,BTC/INR,1h,LONG,2026-09-19 06:30:00+05:30,2026-09-20 00:30:00+05:30,81716.81,6823354.01,75179.47,101328.85,81386.61,6795781.66,INTRADAY_SQUAREOFF,0.02,150.93,0.000277,1886.66,-7.62,2.22,-9.85,-9.85,7546.64,7536.79
608,BTC/INR,1h,LONG,2026-09-20 04:30:00+05:30,2026-09-21 00:30:00+05:30,81278.16,6786726.18,74775.91,100784.92,80999.47,6763455.93,INTRADAY_SQUAREOFF,0.02,150.74,0.000278,1884.2,-6.46,2.22,-8.68,-8.68,7536.79,7528.11
609,BTC/INR,1h,LONG,2026-09-21 13:30:00+05:30,2026-09-22 00:30:00+05:30,81756.24,6826646.08,75215.74,101377.74,86033.65,7183809.7,INTRADAY_SQUAREOFF,0.02,150.56,0.000276,1882.03,98.47,2.28,96.19,96.19,7528.11,7624.3
610,BTC/INR,1h,LONG,2026-09-22 14:30:00+05:30,2026-09-23 00:30:00+05:30,86374.71,7212288.51,79464.74,107104.64,86431.22,7217006.53,INTRADAY_SQUAREOFF,0.02,152.49,0.000264,1906.08,1.25,2.25,-1.0,-1.0,7624.3,7623.3
611,BTC/INR,1h,LONG,2026-09-23 10:30:00+05:30,2026-09-23 23:30:00+05:30,87324.49,7291595.08,80338.53,108282.37,84171.92,7028355.67,END_OF_DATA,0.02,152.47,0.000261,1905.82,-68.8,2.21,-71.01,-71.01,7623.3,7552.29
