trade_no,coin,timeframe,direction,entry_time,exit_time,entry_price_usd,entry_price_inr,stop_price_usd,target_price_usd,exit_price_usd,exit_price_inr,exit_reason,risk_pct,risk_inr,position_size_coin,position_size_inr,gross_pnl_inr,fees_inr,net_pnl_inr,net_pnl,equity_before,equity_after
1,ETH/INR,1h,LONG,2024-09-27 06:30:00+05:30,2024-09-28 00:30:00+05:30,2642.67,220662.56,2431.25,3276.91,2700.77,225514.05,INTRADAY_SQUAREOFF,0.01,100.0,0.005665,1250.0,27.48,1.49,25.99,25.99,10000.0,10025.99
2,ETH/INR,1h,LONG,2024-09-28 04:30:00+05:30,2024-09-29 00:30:00+05:30,2709.34,226229.73,2492.59,3359.58,2674.46,223317.43,INTRADAY_SQUAREOFF,0.01,100.26,0.00554,1253.25,-16.13,1.47,-17.6,-17.6,10025.99,10008.39
3,ETH/INR,1h,SHORT,2024-09-30 02:30:00+05:30,2024-10-01 00:30:00+05:30,2657.87,221931.99,2870.5,2019.98,2589.83,216250.88,INTRADAY_SQUAREOFF,0.01,100.08,0.005637,1251.05,32.02,1.46,30.57,30.57,10008.39,10038.96
4,ETH/INR,1h,SHORT,2024-10-02 15:30:00+05:30,2024-10-03 00:30:00+05:30,2446.89,204315.37,2642.64,1859.64,2391.33,199675.82,INTRADAY_SQUAREOFF,0.01,100.39,0.006142,1254.87,28.5,1.46,27.03,27.03,10038.96,10065.99
5,ETH/INR,1h,SHORT,2024-10-03 11:30:00+05:30,2024-10-04 00:30:00+05:30,2381.77,198877.85,2572.31,1810.15,2345.34,195835.83,INTRADAY_SQUAREOFF,0.01,100.66,0.006327,1258.25,19.25,1.47,17.77,17.77,10065.99,10083.76
6,ETH/INR,1h,SHORT,2024-10-04 06:30:00+05:30,2024-10-05 00:30:00+05:30,2338.94,195301.09,2526.05,1777.59,2432.23,203091.36,INTRADAY_SQUAREOFF,0.01,100.84,0.006454,1260.47,-50.28,1.52,-51.8,-51.8,10083.76,10031.96
7,ETH/INR,1h,LONG,2024-10-05 06:30:00+05:30,2024-10-06 00:30:00+05:30,2425.44,202524.37,2231.41,3007.55,2401.15,200496.36,INTRADAY_SQUAREOFF,0.01,100.32,0.006192,1254.0,-12.56,1.47,-14.03,-14.03,10031.96,10017.94
8,ETH/INR,1h,LONG,2024-10-06 17:30:00+05:30,2024-10-07 00:30:00+05:30,2430.84,202975.35,2236.38,3014.24,2444.87,204146.48,INTRADAY_SQUAREOFF,0.01,100.18,0.006169,1252.24,7.23,1.48,5.74,5.74,10017.94,10023.68
9,ETH/INR,1h,SHORT,2024-10-08 04:30:00+05:30,2024-10-09 00:30:00+05:30,2413.96,201565.75,2607.08,1834.61,2436.5,203447.49,INTRADAY_SQUAREOFF,0.01,100.24,0.006216,1252.96,-11.7,1.49,-13.18,-13.18,10023.68,10010.5
10,ETH/INR,1h,SHORT,2024-10-09 04:30:00+05:30,2024-10-10 00:30:00+05:30,2438.62,203624.56,2633.71,1853.35,2413.49,201526.5,INTRADAY_SQUAREOFF,0.01,100.1,0.006145,1251.31,12.89,1.47,11.42,11.42,10010.5,10021.92
11,ETH/INR,1h,SHORT,2024-10-10 02:30:00+05:30,2024-10-11 00:30:00+05:30,2354.46,196597.36,2542.82,1789.39,2355.56,196689.53,INTRADAY_SQUAREOFF,0.01,100.22,0.006372,1252.74,-0.59,1.48,-2.07,-2.07,10021.92,10019.85
12,ETH/INR,1h,SHORT,2024-10-11 14:30:00+05:30,2024-10-12 00:30:00+05:30,2400.07,200406.12,2592.08,1824.06,2446.23,204259.99,INTRADAY_SQUAREOFF,0.01,100.2,0.00625,1252.48,-24.09,1.49,-25.58,-25.58,10019.85,9994.28
13,ETH/INR,1h,LONG,2024-10-12 06:30:00+05:30,2024-10-13 00:30:00+05:30,2448.93,204485.75,2253.02,3036.67,2468.11,206086.92,INTRADAY_SQUAREOFF,0.01,99.94,0.006109,1249.28,9.78,1.48,8.3,8.3,9994.28,10002.58
14,ETH/INR,1h,LONG,2024-10-13 03:30:00+05:30,2024-10-14 00:30:00+05:30,2480.23,207099.16,2281.81,3075.48,2442.83,203976.3,INTRADAY_SQUAREOFF,0.01,100.03,0.006037,1250.32,-18.85,1.46,-20.32,-20.32,10002.58,9982.26
15,ETH/INR,1h,SHORT,2024-10-14 06:30:00+05:30,2024-10-15 00:30:00+05:30,2448.86,204479.46,2644.76,1861.13,2629.64,219574.66,INTRADAY_SQUAREOFF,0.01,99.82,0.006102,1247.78,-92.11,1.53,-93.64,-93.64,9982.26,9888.62
16,ETH/INR,1h,LONG,2024-10-15 04:30:00+05:30,2024-10-16 00:30:00+05:30,2650.52,221318.78,2438.48,3286.65,2591.64,216402.23,INTRADAY_SQUAREOFF,0.01,98.89,0.005585,1236.08,-27.46,1.44,-28.9,-28.9,9888.62,9859.72
17,ETH/INR,1h,SHORT,2024-10-16 19:30:00+05:30,2024-10-17 00:30:00+05:30,2602.75,217329.54,2810.97,1978.09,2618.76,218666.53,INTRADAY_SQUAREOFF,0.01,98.6,0.005671,1232.46,-7.58,1.46,-9.04,-9.04,9859.72,9850.68
18,ETH/INR,1h,SHORT,2024-10-17 05:30:00+05:30,2024-10-18 00:30:00+05:30,2608.68,217825.18,2817.38,1982.6,2587.79,216080.27,INTRADAY_SQUAREOFF,0.01,98.51,0.005653,1231.33,9.86,1.45,8.42,8.42,9850.68,9859.09
19,ETH/INR,1h,SHORT,2024-10-18 06:30:00+05:30,2024-10-19 00:30:00+05:30,2594.98,216680.91,2802.58,1972.19,2664.61,222494.71,INTRADAY_SQUAREOFF,0.01,98.59,0.005688,1232.39,-33.07,1.47,-34.54,-34.54,9859.09,9824.55
20,ETH/INR,1h,LONG,2024-10-19 08:30:00+05:30,2024-10-20 00:30:00+05:30,2648.15,221120.9,2436.3,3283.71,2640.36,220470.31,INTRADAY_SQUAREOFF,0.01,98.25,0.005554,1228.07,-3.61,1.45,-5.06,-5.06,9824.55,9819.49
21,ETH/INR,1h,LONG,2024-10-20 04:30:00+05:30,2024-10-21 00:30:00+05:30,2653.71,221584.8,2441.41,3290.6,2699.99,225448.89,INTRADAY_SQUAREOFF,0.01,98.19,0.005539,1227.44,21.4,1.46,19.94,19.94,9819.49,9839.44
22,ETH/INR,1h,LONG,2024-10-21 02:30:00+05:30,2024-10-22 00:30:00+05:30,2718.03,226955.09,2500.58,3370.35,2664.19,222459.7,INTRADAY_SQUAREOFF,0.01,98.39,0.005419,1229.93,-24.36,1.44,-25.8,-25.8,9839.44,9813.64
23,ETH/INR,1h,SHORT,2024-10-22 05:30:00+05:30,2024-10-23 00:30:00+05:30,2664.29,222468.5,2877.44,2024.86,2622.02,218938.43,INTRADAY_SQUAREOFF,0.01,98.14,0.005514,1226.7,19.47,1.44,18.03,18.03,9813.64,9831.67
24,ETH/INR,1h,SHORT,2024-10-23 05:30:00+05:30,2024-10-24 00:30:00+05:30,2616.6,218486.26,2825.93,1988.62,2489.1,207839.51,INTRADAY_SQUAREOFF,0.01,98.32,0.005625,1228.96,59.89,1.41,58.47,58.47,9831.67,9890.14
25,ETH/INR,1h,SHORT,2024-10-24 03:30:00+05:30,2024-10-25 00:30:00+05:30,2500.04,208752.94,2700.04,1900.03,2525.9,210912.55,INTRADAY_SQUAREOFF,0.01,98.9,0.005922,1236.27,-12.79,1.47,-14.26,-14.26,9890.14,9875.88
26,ETH/INR,1h,LONG,2024-10-25 19:30:00+05:30,2024-10-26 00:30:00+05:30,2551.82,213077.19,2347.68,3164.26,2478.03,206915.64,INTRADAY_SQUAREOFF,0.01,98.76,0.005794,1234.49,-35.7,1.44,-37.13,-37.13,9875.88,9838.75
27,ETH/INR,1h,SHORT,2024-10-26 19:30:00+05:30,2024-10-27 00:30:00+05:30,2460.99,205492.43,2657.87,1870.35,2479.04,206999.75,INTRADAY_SQUAREOFF,0.01,98.39,0.005985,1229.84,-9.02,1.46,-10.48,-10.48,9838.75,9828.27
28,ETH/INR,1h,LONG,2024-10-28 03:30:00+05:30,2024-10-29 00:30:00+05:30,2515.08,210009.29,2313.87,3118.7,2502.75,208979.64,INTRADAY_SQUAREOFF,0.01,98.28,0.00585,1228.53,-6.02,1.45,-7.47,-7.47,9828.27,9820.8
29,ETH/INR,1h,LONG,2024-10-29 03:30:00+05:30,2024-10-30 00:30:00+05:30,2545.02,212509.16,2341.42,3155.82,2663.33,222388.22,INTRADAY_SQUAREOFF,0.01,98.21,0.005777,1227.6,57.07,1.48,55.59,55.59,9820.8,9876.39
30,ETH/INR,1h,LONG,2024-10-30 05:30:00+05:30,2024-10-31 00:30:00+05:30,2639.65,220410.83,2428.48,3273.17,2664.41,222478.04,INTRADAY_SQUAREOFF,0.01,98.76,0.005601,1234.55,11.58,1.46,10.12,10.12,9876.39,9886.5
31,ETH/INR,1h,LONG,2024-10-31 02:30:00+05:30,2024-11-01 00:30:00+05:30,2679.27,223718.87,2464.93,3322.29,2522.4,210620.63,INTRADAY_SQUAREOFF,0.01,98.87,0.005524,1235.81,-72.35,1.42,-73.77,-73.77,9886.5,9812.73
32,ETH/INR,1h,SHORT,2024-11-01 07:30:00+05:30,2024-11-02 00:30:00+05:30,2496.39,208448.57,2696.1,1897.26,2508.24,209437.98,INTRADAY_SQUAREOFF,0.01,98.13,0.005884,1226.59,-5.82,1.45,-7.27,-7.27,9812.73,9805.46
33,ETH/INR,1h,SHORT,2024-11-02 18:30:00+05:30,2024-11-03 00:30:00+05:30,2485.12,207507.49,2683.93,1888.69,2488.06,207752.77,INTRADAY_SQUAREOFF,0.01,98.05,0.005907,1225.68,-1.45,1.45,-2.9,-2.9,9805.46,9802.57
34,ETH/INR,1h,SHORT,2024-11-03 11:30:00+05:30,2024-11-04 00:30:00+05:30,2440.87,203812.34,2636.14,1855.06,2425.05,202491.78,INTRADAY_SQUAREOFF,0.01,98.03,0.006012,1225.32,7.94,1.44,6.5,6.5,9802.57,9809.06
35,ETH/INR,1h,LONG,2024-11-04 12:30:00+05:30,2024-11-05 00:30:00+05:30,2479.19,207012.15,2280.85,3074.19,2423.81,202388.05,INTRADAY_SQUAREOFF,0.01,98.09,0.005923,1226.13,-27.39,1.43,-28.82,-28.82,9809.06,9780.24
36,ETH/INR,1h,SHORT,2024-11-05 02:30:00+05:30,2024-11-06 00:30:00+05:30,2418.47,201942.03,2611.94,1838.04,2454.15,204921.94,INTRADAY_SQUAREOFF,0.01,97.8,0.006054,1222.53,-18.04,1.45,-19.49,-19.49,9780.24,9760.75
37,ETH/INR,1h,LONG,2024-11-06 15:30:00+05:30,2024-11-07 00:30:00+05:30,2630.36,219635.4,2419.93,3261.65,2678.69,223671.0,INTRADAY_SQUAREOFF,0.01,97.61,0.005555,1220.09,22.42,1.45,20.97,20.97,9760.75,9781.72
38,ETH/INR,1h,LONG,2024-11-07 04:30:00+05:30,2024-11-08 00:30:00+05:30,2741.11,228882.47,2521.82,3398.97,2880.69,240537.7,INTRADAY_SQUAREOFF,0.01,97.82,0.005342,1222.71,62.26,1.48,60.78,60.78,9781.72,9842.5
39,ETH/INR,1h,LONG,2024-11-08 07:30:00+05:30,2024-11-09 00:30:00+05:30,2930.75,244717.73,2696.29,3634.13,2959.72,247137.01,INTRADAY_SQUAREOFF,0.01,98.43,0.005027,1230.31,12.16,1.46,10.7,10.7,9842.5,9853.2
40,ETH/INR,1h,LONG,2024-11-09 05:30:00+05:30,2024-11-10 00:30:00+05:30,2964.59,247543.18,2727.42,3676.09,3048.32,254535.01,INTRADAY_SQUAREOFF,0.01,98.53,0.004975,1231.65,34.79,1.47,33.31,33.31,9853.2,9886.52
41,ETH/INR,1h,LONG,2024-11-10 04:30:00+05:30,2024-11-11 00:30:00+05:30,3142.71,262416.53,2891.3,3896.96,3219.03,268789.19,INTRADAY_SQUAREOFF,0.01,98.87,0.004709,1235.81,30.01,1.48,28.54,28.54,9886.52,9915.05
42,ETH/INR,1h,LONG,2024-11-12 04:30:00+05:30,2024-11-13 00:30:00+05:30,3347.65,279529.02,3079.84,4151.09,3285.71,274356.38,INTRADAY_SQUAREOFF,0.01,99.15,0.004434,1239.38,-22.93,1.45,-24.38,-24.38,9915.05,9890.67
43,ETH/INR,1h,SHORT,2024-11-15 02:30:00+05:30,2024-11-16 00:30:00+05:30,3098.56,258729.95,3346.45,2354.91,3021.36,252283.52,INTRADAY_SQUAREOFF,0.01,98.91,0.004778,1236.33,30.8,1.44,29.36,29.36,9890.67,9920.03
44,ETH/INR,1h,LONG,2024-11-17 00:30:00+05:30,2024-11-18 00:30:00+05:30,3184.42,265898.83,2929.66,3948.68,3081.01,257264.27,INTRADAY_SQUAREOFF,0.01,99.2,0.004663,1240.0,-40.27,1.44,-41.71,-41.71,9920.03,9878.33
45,ETH/INR,1h,SHORT,2024-11-18 02:30:00+05:30,2024-11-19 00:30:00+05:30,3066.72,256070.98,3312.06,2330.71,3167.8,264511.27,INTRADAY_SQUAREOFF,0.01,98.78,0.004822,1234.79,-40.7,1.48,-42.18,-42.18,9878.33,9836.15
46,ETH/INR,1h,LONG,2024-11-19 05:30:00+05:30,2024-11-20 00:30:00+05:30,3226.74,269433.06,2968.6,4001.16,3143.58,262488.83,INTRADAY_SQUAREOFF,0.01,98.36,0.004563,1229.52,-31.69,1.43,-33.12,-33.12,9836.15,9803.03
47,ETH/INR,1h,LONG,2024-11-20 05:30:00+05:30,2024-11-21 00:30:00+05:30,3118.19,260369.0,2868.74,3866.56,3050.9,254750.4,INTRADAY_SQUAREOFF,0.01,98.03,0.004706,1225.38,-26.44,1.43,-27.87,-27.87,9803.03,9775.15
48,ETH/INR,1h,LONG,2024-11-22 00:30:00+05:30,2024-11-23 00:30:00+05:30,3384.06,282568.67,3113.33,4196.23,3281.55,274009.69,INTRADAY_SQUAREOFF,0.01,97.75,0.004324,1221.89,-37.01,1.42,-38.43,-38.43,9775.15,9736.72
49,ETH/INR,1h,LONG,2024-11-24 07:30:00+05:30,2024-11-25 00:30:00+05:30,3440.32,287266.57,3165.09,4265.99,3327.24,277824.85,INTRADAY_SQUAREOFF,0.01,97.37,0.004237,1217.09,-40.0,1.41,-41.42,-41.42,9736.72,9695.31
50,ETH/INR,1h,LONG,2024-11-25 21:30:00+05:30,2024-11-26 00:30:00+05:30,3532.2,294938.5,3249.62,4379.93,3445.2,287674.48,INTRADAY_SQUAREOFF,0.01,96.95,0.004109,1211.91,-29.85,1.41,-31.26,-31.26,9695.31,9664.05
51,ETH/INR,1h,SHORT,2024-11-26 21:30:00+05:30,2024-11-27 00:30:00+05:30,3297.1,275308.23,3560.87,2505.8,3284.66,274269.07,INTRADAY_SQUAREOFF,0.01,96.64,0.004388,1208.01,4.56,1.42,3.14,3.14,9664.05,9667.18
52,ETH/INR,1h,SHORT,2024-11-27 06:30:00+05:30,2024-11-27 20:30:00+05:30,3305.63,276020.46,3570.08,2512.28,3571.87,298251.14,STOP_LOSS,0.01,96.67,0.004378,1208.4,-97.32,1.48,-98.81,-98.81,9667.18,9568.37
53,ETH/INR,1h,LONG,2024-11-28 00:30:00+05:30,2024-11-29 00:30:00+05:30,3597.94,300428.15,3310.11,4461.45,3577.07,298685.46,INTRADAY_SQUAREOFF,0.01,95.68,0.003981,1196.05,-6.94,1.41,-8.35,-8.35,9568.37,9560.03
54,ETH/INR,1h,LONG,2024-11-30 11:30:00+05:30,2024-12-01 00:30:00+05:30,3695.96,308613.01,3400.29,4583.0,3669.71,306421.02,INTRADAY_SQUAREOFF,0.01,95.6,0.003872,1195.0,-8.49,1.41,-9.89,-9.89,9560.03,9550.14
55,ETH/INR,1h,LONG,2024-12-01 20:30:00+05:30,2024-12-02 00:30:00+05:30,3714.98,310200.78,3417.78,4606.57,3712.17,309966.22,INTRADAY_SQUAREOFF,0.01,95.5,0.003848,1193.77,-0.9,1.41,-2.31,-2.31,9550.14,9547.83
56,ETH/INR,1h,LONG,2024-12-02 07:30:00+05:30,2024-12-03 00:30:00+05:30,3739.57,312254.28,3440.41,4637.07,3620.61,302321.3,INTRADAY_SQUAREOFF,0.01,95.48,0.003822,1193.48,-37.97,1.39,-39.35,-39.35,9547.83,9508.47
57,ETH/INR,1h,SHORT,2024-12-03 12:30:00+05:30,2024-12-04 00:30:00+05:30,3632.29,303296.59,3922.88,2760.54,3581.95,299093.15,INTRADAY_SQUAREOFF,0.01,95.08,0.003919,1188.56,16.47,1.39,15.08,15.08,9508.47,9523.55
58,ETH/INR,1h,LONG,2024-12-04 15:30:00+05:30,2024-12-05 00:30:00+05:30,3734.55,311835.14,3435.79,4630.85,3827.84,319624.29,INTRADAY_SQUAREOFF,0.01,95.24,0.003818,1190.44,29.74,1.42,28.31,28.31,9523.55,9551.87
59,ETH/INR,1h,LONG,2024-12-05 14:30:00+05:30,2024-12-06 00:30:00+05:30,3925.41,327771.71,3611.38,4867.51,3870.04,323148.02,INTRADAY_SQUAREOFF,0.01,95.52,0.003643,1193.98,-16.84,1.4,-18.24,-18.24,9551.87,9533.63
60,ETH/INR,1h,SHORT,2024-12-06 14:30:00+05:30,2024-12-07 00:30:00+05:30,3880.19,323996.15,4190.61,2948.95,4059.82,338995.25,INTRADAY_SQUAREOFF,0.01,95.34,0.003678,1191.7,-55.17,1.44,-56.61,-56.61,9533.63,9477.02
61,ETH/INR,1h,LONG,2024-12-07 10:30:00+05:30,2024-12-08 00:30:00+05:30,4007.06,334589.89,3686.5,4968.76,4011.56,334965.21,INTRADAY_SQUAREOFF,0.01,94.77,0.003541,1184.63,1.33,1.4,-0.07,-0.07,9477.02,9476.95
62,ETH/INR,1h,SHORT,2024-12-09 14:30:00+05:30,2024-12-10 00:30:00+05:30,3863.19,322576.22,4172.24,2936.02,3838.87,320545.25,INTRADAY_SQUAREOFF,0.01,94.77,0.003672,1184.62,7.46,1.39,6.07,6.07,9476.95,9483.01
63,ETH/INR,1h,SHORT,2024-12-10 18:30:00+05:30,2024-12-11 00:30:00+05:30,3667.39,306227.15,3960.78,2787.22,3582.41,299131.21,INTRADAY_SQUAREOFF,0.01,94.83,0.003871,1185.38,27.47,1.38,26.09,26.09,9483.01,9509.1
64,ETH/INR,1h,SHORT,2024-12-11 07:30:00+05:30,2024-12-12 00:30:00+05:30,3567.19,297860.42,3852.57,2711.06,3795.93,316960.07,INTRADAY_SQUAREOFF,0.01,95.09,0.003991,1188.64,-76.22,1.45,-77.67,-77.67,9509.1,9431.43
65,ETH/INR,1h,LONG,2024-12-12 04:30:00+05:30,2024-12-13 00:30:00+05:30,3848.99,321390.93,3541.07,4772.75,3920.34,327348.48,INTRADAY_SQUAREOFF,0.01,94.31,0.003668,1178.93,21.85,1.4,20.45,20.45,9431.43,9451.88
66,ETH/INR,1h,LONG,2024-12-13 18:30:00+05:30,2024-12-14 00:30:00+05:30,3932.63,328374.23,3618.02,4876.46,3911.88,326642.04,INTRADAY_SQUAREOFF,0.01,94.52,0.003598,1181.49,-6.23,1.39,-7.62,-7.62,9451.88,9444.26
67,ETH/INR,1h,LONG,2024-12-14 05:30:00+05:30,2024-12-15 00:30:00+05:30,3913.81,326802.8,3600.7,4853.12,3830.79,319870.92,INTRADAY_SQUAREOFF,0.01,94.44,0.003612,1180.53,-25.04,1.38,-26.42,-26.42,9444.26,9417.84
68,ETH/INR,1h,SHORT,2024-12-15 02:30:00+05:30,2024-12-16 00:30:00+05:30,3825.24,319407.15,4131.25,2907.18,3898.58,325531.67,INTRADAY_SQUAREOFF,0.01,94.18,0.003686,1177.23,-22.57,1.4,-23.98,-23.98,9417.84,9393.86
69,ETH/INR,1h,SHORT,2024-12-16 02:30:00+05:30,2024-12-17 00:30:00+05:30,3888.28,324671.66,4199.35,2955.1,4077.46,340468.24,INTRADAY_SQUAREOFF,0.01,93.94,0.003617,1174.23,-57.13,1.42,-58.55,-58.55,9393.86,9335.31
70,ETH/INR,1h,LONG,2024-12-17 09:30:00+05:30,2024-12-18 00:30:00+05:30,4042.2,337523.7,3718.82,5012.33,3928.68,328045.14,INTRADAY_SQUAREOFF,0.01,93.35,0.003457,1166.91,-32.77,1.36,-34.13,-34.13,9335.31,9301.19
71,ETH/INR,1h,SHORT,2024-12-18 07:30:00+05:30,2024-12-19 00:30:00+05:30,3838.63,320525.69,4145.72,2917.36,3897.98,325481.13,INTRADAY_SQUAREOFF,0.01,93.01,0.003627,1162.65,-17.97,1.38,-19.36,-19.36,9301.19,9281.83
72,ETH/INR,1h,SHORT,2024-12-19 05:30:00+05:30,2024-12-20 00:30:00+05:30,3617.74,302080.93,3907.15,2749.48,3517.4,293702.87,INTRADAY_SQUAREOFF,0.01,92.82,0.003841,1160.23,32.18,1.35,30.83,30.83,9281.83,9312.66
73,ETH/INR,1h,SHORT,2024-12-20 07:30:00+05:30,2024-12-21 00:30:00+05:30,3371.53,281522.44,3641.25,2562.36,3430.65,286459.6,INTRADAY_SQUAREOFF,0.01,93.13,0.004135,1164.08,-20.41,1.39,-21.8,-21.8,9312.66,9290.86
74,ETH/INR,1h,LONG,2024-12-21 04:30:00+05:30,2024-12-22 00:30:00+05:30,3478.8,290479.54,3200.49,4313.71,3358.04,280396.41,INTRADAY_SQUAREOFF,0.01,92.91,0.003998,1161.36,-40.31,1.35,-41.66,-41.66,9290.86,9249.2
75,ETH/INR,1h,SHORT,2024-12-22 10:30:00+05:30,2024-12-23 00:30:00+05:30,3311.26,276490.34,3576.16,2516.56,3309.86,276373.14,INTRADAY_SQUAREOFF,0.01,92.49,0.004182,1156.15,0.49,1.36,-0.87,-0.87,9249.2,9248.32
76,ETH/INR,1h,SHORT,2024-12-23 19:30:00+05:30,2024-12-24 00:30:00+05:30,3304.89,275958.07,3569.28,2511.71,3301.83,275702.79,INTRADAY_SQUAREOFF,0.01,92.48,0.004189,1156.04,1.07,1.36,-0.29,-0.29,9248.32,9248.03
77,ETH/INR,1h,LONG,2024-12-24 09:30:00+05:30,2024-12-25 00:30:00+05:30,3394.31,283424.93,3122.77,4208.95,3490.05,291419.48,INTRADAY_SQUAREOFF,0.01,92.48,0.004079,1156.0,32.61,1.38,31.22,31.22,9248.03,9279.25
78,ETH/INR,1h,LONG,2024-12-25 03:30:00+05:30,2024-12-26 00:30:00+05:30,3491.85,291569.15,3212.5,4329.89,3465.51,289370.31,INTRADAY_SQUAREOFF,0.01,92.79,0.003978,1159.91,-8.75,1.36,-10.11,-10.11,9279.25,9269.14
79,ETH/INR,1h,LONG,2024-12-26 05:30:00+05:30,2024-12-27 00:30:00+05:30,3498.89,292157.7,3218.98,4338.63,3331.63,278191.35,INTRADAY_SQUAREOFF,0.01,92.69,0.003966,1158.64,-55.39,1.33,-56.72,-56.72,9269.14,9212.42
80,ETH/INR,1h,SHORT,2024-12-27 13:30:00+05:30,2024-12-28 00:30:00+05:30,3316.41,276920.5,3581.73,2520.47,3358.97,280473.89,INTRADAY_SQUAREOFF,0.01,92.12,0.004158,1151.55,-14.78,1.37,-16.14,-16.14,9212.42,9196.28
81,ETH/INR,1h,LONG,2024-12-29 03:30:00+05:30,2024-12-30 00:30:00+05:30,3399.94,283895.34,3127.95,4215.93,3353.92,280052.63,INTRADAY_SQUAREOFF,0.01,91.96,0.004049,1149.53,-15.56,1.35,-16.91,-16.91,9196.28,9179.37
82,ETH/INR,1h,SHORT,2025-01-01 10:30:00+05:30,2025-01-02 00:30:00+05:30,3332.33,278249.81,3598.92,2532.57,3341.94,279051.88,INTRADAY_SQUAREOFF,0.01,91.79,0.004124,1147.42,-3.31,1.36,-4.66,-4.66,9179.37,9174.71
83,ETH/INR,1h,LONG,2025-01-02 13:30:00+05:30,2025-01-03 00:30:00+05:30,3417.96,285400.05,3144.53,4238.28,3460.08,288917.08,INTRADAY_SQUAREOFF,0.01,91.75,0.004018,1146.84,14.13,1.36,12.77,12.77,9174.71,9187.48
84,ETH/INR,1h,LONG,2025-01-03 05:30:00+05:30,2025-01-04 00:30:00+05:30,3453.48,288365.26,3177.2,4282.31,3605.16,301031.08,INTRADAY_SQUAREOFF,0.01,91.87,0.003983,1148.43,50.44,1.38,49.06,49.06,9187.48,9236.53
85,ETH/INR,1h,LONG,2025-01-04 17:30:00+05:30,2025-01-05 00:30:00+05:30,3603.87,300923.16,3315.56,4468.8,3624.22,302622.04,INTRADAY_SQUAREOFF,0.01,92.37,0.003837,1154.57,6.52,1.37,5.15,5.15,9236.53,9241.69
86,ETH/INR,1h,LONG,2025-01-05 20:30:00+05:30,2025-01-06 00:30:00+05:30,3627.67,302910.21,3337.45,4498.31,3627.47,302893.46,INTRADAY_SQUAREOFF,0.01,92.42,0.003814,1155.21,-0.06,1.36,-1.43,-1.43,9241.69,9240.26
87,ETH/INR,1h,LONG,2025-01-06 17:30:00+05:30,2025-01-07 00:30:00+05:30,3657.61,305410.26,3365.0,4535.43,3680.85,307351.39,INTRADAY_SQUAREOFF,0.01,92.4,0.003782,1155.03,7.34,1.37,5.97,5.97,9240.26,9246.23
88,ETH/INR,1h,LONG,2025-01-07 07:30:00+05:30,2025-01-08 00:30:00+05:30,3697.89,308774.06,3402.06,4585.39,3400.36,283930.1,STOP_LOSS,0.01,92.46,0.003743,1155.78,-92.99,1.31,-94.3,-94.3,9246.23,9151.93
89,ETH/INR,1h,SHORT,2025-01-08 12:30:00+05:30,2025-01-09 00:30:00+05:30,3305.57,276015.26,3570.02,2512.23,3291.25,274819.72,INTRADAY_SQUAREOFF,0.01,91.52,0.004145,1143.99,4.96,1.35,3.61,3.61,9151.93,9155.54
90,ETH/INR,1h,SHORT,2025-01-09 13:30:00+05:30,2025-01-10 00:30:00+05:30,3282.51,274089.95,3545.12,2494.71,3262.0,272376.76,INTRADAY_SQUAREOFF,0.01,91.56,0.004175,1144.44,7.15,1.35,5.81,5.81,9155.54,9161.35
91,ETH/INR,1h,SHORT,2025-01-11 02:30:00+05:30,2025-01-12 00:30:00+05:30,3258.72,272103.01,3519.42,2476.63,3278.19,273729.28,INTRADAY_SQUAREOFF,0.01,91.61,0.004209,1145.17,-6.84,1.36,-8.2,-8.2,9161.35,9153.15
92,ETH/INR,1h,LONG,2025-01-12 23:30:00+05:30,2025-01-13 01:30:00+05:30,3290.83,274784.56,3027.57,4080.63,3276.05,273550.19,INTRADAY_SQUAREOFF,0.01,91.53,0.004164,1144.14,-5.14,1.35,-6.49,-6.49,9153.15,9146.66
93,ETH/INR,1h,SHORT,2025-01-13 14:30:00+05:30,2025-01-14 00:30:00+05:30,3162.07,264032.5,3415.03,2403.17,3008.13,251178.49,INTRADAY_SQUAREOFF,0.01,91.47,0.00433,1143.33,55.66,1.32,54.35,54.35,9146.66,9201.0
94,ETH/INR,1h,LONG,2025-01-14 23:30:00+05:30,2025-01-15 01:30:00+05:30,3214.14,268380.91,2957.01,3985.54,3211.06,268123.63,INTRADAY_SQUAREOFF,0.01,92.01,0.004285,1150.13,-1.1,1.36,-2.46,-2.46,9201.0,9198.54
95,ETH/INR,1h,LONG,2025-01-15 04:30:00+05:30,2025-01-16 00:30:00+05:30,3240.11,270548.84,2980.9,4017.73,3371.23,281497.89,INTRADAY_SQUAREOFF,0.01,91.99,0.00425,1149.82,46.53,1.38,45.15,45.15,9198.54,9243.69
96,ETH/INR,1h,LONG,2025-01-16 05:30:00+05:30,2025-01-17 00:30:00+05:30,3453.01,288326.05,3176.77,4281.73,3323.57,277518.4,INTRADAY_SQUAREOFF,0.01,92.44,0.004007,1155.46,-43.31,1.34,-44.65,-44.65,9243.69,9199.04
97,ETH/INR,1h,LONG,2025-01-18 02:30:00+05:30,2025-01-18 15:30:00+05:30,3525.99,294420.32,3243.91,4372.23,3242.29,270731.26,STOP_LOSS,0.01,91.99,0.003906,1149.88,-92.52,1.3,-93.82,-93.82,9199.04,9105.22
98,ETH/INR,1h,SHORT,2025-01-18 22:30:00+05:30,2025-01-19 00:30:00+05:30,3253.33,271652.79,3513.59,2472.53,3264.32,272570.46,INTRADAY_SQUAREOFF,0.01,91.05,0.00419,1138.15,-3.84,1.35,-5.19,-5.19,9105.22,9100.03
99,ETH/INR,1h,SHORT,2025-01-19 10:30:00+05:30,2025-01-20 00:30:00+05:30,3277.97,273710.4,3540.21,2491.26,3427.39,286186.87,INTRADAY_SQUAREOFF,0.01,91.0,0.004156,1137.5,-51.85,1.37,-53.22,-53.22,9100.03,9046.81
100,ETH/INR,1h,SHORT,2025-01-23 04:30:00+05:30,2025-01-24 00:30:00+05:30,3234.72,270098.95,3493.5,2458.39,3241.98,270705.27,INTRADAY_SQUAREOFF,0.01,90.47,0.004187,1130.85,-2.54,1.34,-3.87,-3.87,9046.81,9042.93
101,ETH/INR,1h,LONG,2025-01-24 10:30:00+05:30,2025-01-25 00:30:00+05:30,3335.95,278551.59,3069.07,4136.57,3380.66,282285.12,INTRADAY_SQUAREOFF,0.01,90.43,0.004058,1130.37,15.15,1.34,13.81,13.81,9042.93,9056.74
102,ETH/INR,1h,SHORT,2025-01-27 10:30:00+05:30,2025-01-28 00:30:00+05:30,3154.48,263399.17,3406.84,2397.41,3054.84,255079.05,INTRADAY_SQUAREOFF,0.01,90.57,0.004298,1132.09,35.76,1.31,34.45,34.45,9056.74,9091.19
103,ETH/INR,1h,SHORT,2025-01-29 15:30:00+05:30,2025-01-30 00:30:00+05:30,3121.73,260664.5,3371.47,2372.52,3112.37,259882.54,INTRADAY_SQUAREOFF,0.01,90.91,0.00436,1136.4,3.41,1.34,2.07,2.07,9091.19,9093.26
104,ETH/INR,1h,SHORT,2025-01-30 05:30:00+05:30,2025-01-31 00:30:00+05:30,3110.88,259758.79,3359.75,2364.27,3271.25,273149.3,INTRADAY_SQUAREOFF,0.01,90.93,0.004376,1136.66,-58.59,1.38,-59.97,-59.97,9093.26,9033.29
105,ETH/INR,1h,LONG,2025-01-31 07:30:00+05:30,2025-02-01 00:30:00+05:30,3273.56,273342.41,3011.68,4059.22,3313.22,276653.97,INTRADAY_SQUAREOFF,0.01,90.33,0.004131,1129.16,13.68,1.34,12.34,12.34,9033.29,9045.63
106,ETH/INR,1h,SHORT,2025-02-01 19:30:00+05:30,2025-02-02 00:30:00+05:30,3241.67,270679.29,3501.0,2463.67,3244.63,270926.38,INTRADAY_SQUAREOFF,0.01,90.46,0.004177,1130.7,-1.03,1.33,-2.37,-2.37,9045.63,9043.26
107,ETH/INR,1h,SHORT,2025-02-02 09:30:00+05:30,2025-02-03 00:30:00+05:30,3071.17,256442.93,3316.87,2334.09,2912.83,243221.59,INTRADAY_SQUAREOFF,0.01,90.43,0.004408,1130.41,58.28,1.3,56.98,56.98,9043.26,9100.24
108,ETH/INR,1h,SHORT,2025-02-03 10:30:00+05:30,2025-02-03 20:30:00+05:30,2452.15,204754.18,2648.32,1863.63,2649.64,221245.08,STOP_LOSS,0.01,91.0,0.005556,1137.53,-91.62,1.4,-93.01,-93.01,9100.24,9007.23
109,ETH/INR,1h,LONG,2025-02-04 16:30:00+05:30,2025-02-05 00:30:00+05:30,2759.12,230386.69,2538.39,3421.31,2829.85,236292.7,INTRADAY_SQUAREOFF,0.01,90.07,0.004887,1125.9,28.86,1.35,27.52,27.52,9007.23,9034.74
110,ETH/INR,1h,LONG,2025-02-06 15:30:00+05:30,2025-02-07 00:30:00+05:30,2857.5,238601.21,2628.9,3543.3,2693.83,224934.55,INTRADAY_SQUAREOFF,0.01,90.35,0.004733,1129.34,-64.69,1.29,-65.98,-65.98,9034.74,8968.76
111,ETH/INR,1h,SHORT,2025-02-07 21:30:00+05:30,2025-02-08 00:30:00+05:30,2715.51,226745.27,2932.75,2063.79,2680.47,223819.48,INTRADAY_SQUAREOFF,0.01,89.69,0.004944,1121.1,14.47,1.31,13.15,13.15,8968.76,8981.91
112,ETH/INR,1h,SHORT,2025-02-08 11:30:00+05:30,2025-02-09 00:30:00+05:30,2615.7,218411.36,2824.96,1987.94,2633.64,219909.26,INTRADAY_SQUAREOFF,0.01,89.82,0.00514,1122.74,-7.7,1.33,-9.03,-9.03,8981.91,8972.89
113,ETH/INR,1h,SHORT,2025-02-09 04:30:00+05:30,2025-02-10 00:30:00+05:30,2625.89,219261.84,2835.96,1995.68,2638.65,220327.46,INTRADAY_SQUAREOFF,0.01,89.73,0.005115,1121.61,-5.45,1.33,-6.78,-6.78,8972.89,8966.11
114,ETH/INR,1h,SHORT,2025-02-10 03:30:00+05:30,2025-02-11 00:30:00+05:30,2531.37,211369.63,2733.88,1923.84,2684.96,224193.77,INTRADAY_SQUAREOFF,0.01,89.66,0.005302,1120.76,-68.0,1.36,-69.36,-69.36,8966.11,8896.75
115,ETH/INR,1h,LONG,2025-02-11 11:30:00+05:30,2025-02-12 00:30:00+05:30,2722.35,227316.41,2504.56,3375.72,2608.48,217808.47,INTRADAY_SQUAREOFF,0.01,88.97,0.004892,1112.09,-46.52,1.28,-47.8,-47.8,8896.75,8848.95
116,ETH/INR,1h,SHORT,2025-02-12 04:30:00+05:30,2025-02-13 00:30:00+05:30,2572.98,214843.44,2778.81,1955.46,2665.22,222545.84,INTRADAY_SQUAREOFF,0.01,88.49,0.005148,1106.12,-39.66,1.33,-40.98,-40.98,8848.95,8807.96
117,ETH/INR,1h,LONG,2025-02-13 07:30:00+05:30,2025-02-14 00:30:00+05:30,2757.69,230267.46,2537.08,3419.54,2638.35,220302.05,INTRADAY_SQUAREOFF,0.01,88.08,0.004781,1101.0,-47.65,1.27,-48.92,-48.92,8807.96,8759.04
118,ETH/INR,1h,LONG,2025-02-14 15:30:00+05:30,2025-02-15 00:30:00+05:30,2715.11,226711.69,2497.9,3366.74,2754.91,230034.92,INTRADAY_SQUAREOFF,0.01,87.59,0.004829,1094.88,16.05,1.3,14.75,14.75,8759.04,8773.79
119,ETH/INR,1h,LONG,2025-02-15 07:30:00+05:30,2025-02-16 00:30:00+05:30,2731.21,228055.92,2512.71,3386.7,2701.78,225598.35,INTRADAY_SQUAREOFF,0.01,87.74,0.004809,1096.72,-11.82,1.29,-13.11,-13.11,8773.79,8760.68
120,ETH/INR,1h,SHORT,2025-02-19 10:30:00+05:30,2025-02-20 00:30:00+05:30,2665.9,222602.51,2879.17,2026.08,2700.82,225518.08,INTRADAY_SQUAREOFF,0.01,87.61,0.004919,1095.09,-14.34,1.3,-15.64,-15.64,8760.68,8745.04
121,ETH/INR,1h,LONG,2025-02-20 16:30:00+05:30,2025-02-21 00:30:00+05:30,2747.19,229390.02,2527.41,3406.51,2737.8,228606.25,INTRADAY_SQUAREOFF,0.01,87.45,0.004765,1093.13,-3.73,1.29,-5.02,-5.02,8745.04,8740.02
122,ETH/INR,1h,LONG,2025-02-21 16:30:00+05:30,2025-02-22 00:30:00+05:30,2808.7,234526.55,2584.01,3482.79,2677.59,223578.38,INTRADAY_SQUAREOFF,0.01,87.4,0.004658,1092.5,-51.0,1.26,-52.26,-52.26,8740.02,8687.76
123,ETH/INR,1h,LONG,2025-02-23 06:30:00+05:30,2025-02-24 00:30:00+05:30,2773.58,231594.23,2551.7,3439.24,2807.44,234421.51,INTRADAY_SQUAREOFF,0.01,86.88,0.004689,1085.97,13.26,1.29,11.97,11.97,8687.76,8699.73
124,ETH/INR,1h,LONG,2025-02-24 03:30:00+05:30,2025-02-25 00:30:00+05:30,2810.62,234686.66,2585.77,3485.17,2649.58,221240.08,INTRADAY_SQUAREOFF,0.01,87.0,0.004634,1087.47,-62.31,1.25,-63.55,-63.55,8699.73,8636.17
125,ETH/INR,1h,SHORT,2025-02-25 12:30:00+05:30,2025-02-26 00:30:00+05:30,2480.2,207096.84,2678.62,1884.95,2421.85,202224.39,INTRADAY_SQUAREOFF,0.01,86.36,0.005213,1079.52,25.4,1.26,24.14,24.14,8636.17,8660.31
126,ETH/INR,1h,SHORT,2025-02-26 06:30:00+05:30,2025-02-27 00:30:00+05:30,2469.94,206239.78,2667.53,1877.15,2291.89,191373.1,INTRADAY_SQUAREOFF,0.01,86.6,0.005249,1082.54,78.03,1.23,76.8,76.8,8660.31,8737.12
127,ETH/INR,1h,SHORT,2025-02-27 10:30:00+05:30,2025-02-28 00:30:00+05:30,2302.25,192237.77,2486.43,1749.71,2325.01,194137.95,INTRADAY_SQUAREOFF,0.01,87.37,0.005681,1092.14,-10.8,1.3,-12.09,-12.09,8737.12,8725.03
128,ETH/INR,1h,SHORT,2025-02-28 07:30:00+05:30,2025-03-01 00:30:00+05:30,2190.74,182926.91,2366.0,1664.96,2235.05,186626.93,INTRADAY_SQUAREOFF,0.01,87.25,0.005962,1090.63,-22.06,1.3,-23.36,-23.36,8725.03,8701.67
129,ETH/INR,1h,LONG,2025-03-02 22:30:00+05:30,2025-03-03 00:30:00+05:30,2489.93,207909.15,2290.74,3087.51,2475.03,206665.41,INTRADAY_SQUAREOFF,0.01,87.02,0.005232,1087.71,-6.51,1.28,-7.79,-7.79,8701.67,8693.88
130,ETH/INR,1h,SHORT,2025-03-04 00:30:00+05:30,2025-03-05 00:30:00+05:30,2177.4,181813.27,2351.6,1654.83,2146.4,179224.32,INTRADAY_SQUAREOFF,0.01,86.94,0.005977,1086.73,15.47,1.27,14.2,14.2,8693.88,8708.08
131,ETH/INR,1h,LONG,2025-03-05 12:30:00+05:30,2025-03-06 00:30:00+05:30,2194.03,183201.88,2018.51,2720.6,2204.37,184064.97,INTRADAY_SQUAREOFF,0.01,87.08,0.005942,1088.51,5.13,1.29,3.84,3.84,8708.08,8711.92
132,ETH/INR,1h,SHORT,2025-03-07 06:30:00+05:30,2025-03-08 00:30:00+05:30,2112.25,176373.28,2281.24,1605.31,2195.4,183315.99,INTRADAY_SQUAREOFF,0.01,87.12,0.006174,1088.99,-42.87,1.31,-44.18,-44.18,8711.92,8667.74
133,ETH/INR,1h,SHORT,2025-03-09 19:30:00+05:30,2025-03-10 00:30:00+05:30,2107.89,176009.03,2276.52,1602.0,2023.09,168927.79,INTRADAY_SQUAREOFF,0.01,86.68,0.006156,1083.47,43.59,1.25,42.34,42.34,8667.74,8710.08
134,ETH/INR,1h,SHORT,2025-03-10 03:30:00+05:30,2025-03-11 00:30:00+05:30,2015.54,168297.72,2176.78,1531.81,1838.8,153539.46,INTRADAY_SQUAREOFF,0.01,87.1,0.006469,1088.76,95.47,1.23,94.25,94.25,8710.08,8804.33
135,ETH/INR,1h,SHORT,2025-03-11 05:30:00+05:30,2025-03-12 00:30:00+05:30,1858.85,155213.79,2007.56,1412.72,1954.61,163209.72,INTRADAY_SQUAREOFF,0.01,88.04,0.00709,1100.54,-56.7,1.33,-58.03,-58.03,8804.33,8746.3
136,ETH/INR,1h,SHORT,2025-03-12 05:30:00+05:30,2025-03-13 00:30:00+05:30,1916.38,160017.49,2069.69,1456.45,1879.68,156953.13,INTRADAY_SQUAREOFF,0.01,87.46,0.006832,1093.29,20.94,1.28,19.66,19.66,8746.3,8765.96
137,ETH/INR,1h,LONG,2025-03-15 04:30:00+05:30,2025-03-16 00:30:00+05:30,1931.09,161246.04,1776.6,2394.55,1932.32,161348.82,INTRADAY_SQUAREOFF,0.01,87.66,0.006795,1095.75,0.7,1.29,-0.59,-0.59,8765.96,8765.37
138,ETH/INR,1h,SHORT,2025-03-17 00:30:00+05:30,2025-03-18 00:30:00+05:30,1892.35,158011.42,2043.74,1438.19,1949.99,162824.05,INTRADAY_SQUAREOFF,0.01,87.65,0.006934,1095.67,-33.37,1.31,-34.68,-34.68,8765.37,8730.68
139,ETH/INR,1h,LONG,2025-03-18 03:30:00+05:30,2025-03-19 00:30:00+05:30,1945.07,162413.64,1789.47,2411.89,1888.53,157692.05,INTRADAY_SQUAREOFF,0.01,87.31,0.006719,1091.34,-31.73,1.27,-33.0,-33.0,8730.68,8697.69
140,ETH/INR,1h,LONG,2025-03-19 11:30:00+05:30,2025-03-20 00:30:00+05:30,1941.09,162081.03,1785.8,2406.95,2046.5,170882.51,INTRADAY_SQUAREOFF,0.01,86.98,0.006708,1087.21,59.04,1.32,57.72,57.72,8697.69,8755.41
141,ETH/INR,1h,LONG,2025-03-20 14:30:00+05:30,2025-03-21 00:30:00+05:30,2022.27,168859.47,1860.49,2507.61,1965.81,164144.89,INTRADAY_SQUAREOFF,0.01,87.55,0.006481,1094.43,-30.56,1.27,-31.83,-31.83,8755.41,8723.58
142,ETH/INR,1h,SHORT,2025-03-21 11:30:00+05:30,2025-03-22 00:30:00+05:30,1968.84,164398.54,2126.35,1496.32,1970.72,164555.37,INTRADAY_SQUAREOFF,0.01,87.24,0.006633,1090.45,-1.04,1.29,-2.33,-2.33,8723.58,8721.25
143,ETH/INR,1h,SHORT,2025-03-22 03:30:00+05:30,2025-03-23 00:30:00+05:30,1971.73,164639.08,2129.46,1498.51,1996.33,166693.85,INTRADAY_SQUAREOFF,0.01,87.21,0.006621,1090.16,-13.61,1.29,-14.9,-14.9,8721.25,8706.35
144,ETH/INR,1h,LONG,2025-03-23 19:30:00+05:30,2025-03-24 00:30:00+05:30,2019.54,168631.43,1857.98,2504.23,1996.67,166722.07,INTRADAY_SQUAREOFF,0.01,87.06,0.006454,1088.29,-12.32,1.28,-13.6,-13.6,8706.35,8692.75
145,ETH/INR,1h,LONG,2025-03-24 21:30:00+05:30,2025-03-25 00:30:00+05:30,2091.31,174624.37,1924.0,2593.22,2096.74,175078.03,INTRADAY_SQUAREOFF,0.01,86.93,0.006222,1086.59,2.82,1.28,1.54,1.54,8692.75,8694.29
146,ETH/INR,1h,SHORT,2025-03-26 23:30:00+05:30,2025-03-27 01:30:00+05:30,2004.07,167340.16,2164.4,1523.1,2001.67,167139.53,INTRADAY_SQUAREOFF,0.01,86.94,0.006494,1086.79,1.3,1.28,0.02,0.02,8694.29,8694.31
147,ETH/INR,1h,SHORT,2025-03-27 17:30:00+05:30,2025-03-28 00:30:00+05:30,2012.2,168018.88,2173.18,1529.27,2011.09,167925.73,INTRADAY_SQUAREOFF,0.01,86.94,0.006468,1086.79,0.6,1.28,-0.68,-0.68,8694.31,8693.63
148,ETH/INR,1h,SHORT,2025-03-28 10:30:00+05:30,2025-03-29 00:30:00+05:30,1927.29,160928.89,2081.48,1464.74,1878.84,156883.26,INTRADAY_SQUAREOFF,0.01,86.94,0.006753,1086.7,27.32,1.27,26.05,26.05,8693.63,8719.68
149,ETH/INR,1h,SHORT,2025-03-29 08:30:00+05:30,2025-03-30 00:30:00+05:30,1893.84,158136.05,2045.35,1439.32,1818.81,151870.34,INTRADAY_SQUAREOFF,0.01,87.2,0.006893,1089.96,43.19,1.26,41.93,41.93,8719.68,8761.61
150,ETH/INR,1h,SHORT,2025-03-30 09:30:00+05:30,2025-03-31 00:30:00+05:30,1831.94,152967.28,1978.5,1392.28,1824.88,152377.47,INTRADAY_SQUAREOFF,0.01,87.62,0.00716,1095.2,4.22,1.29,2.93,2.93,8761.61,8764.54
151,ETH/INR,1h,SHORT,2025-03-31 03:30:00+05:30,2025-04-01 00:30:00+05:30,1799.45,150254.3,1943.41,1367.58,1841.11,153732.56,INTRADAY_SQUAREOFF,0.01,87.65,0.007291,1095.57,-25.36,1.31,-26.67,-26.67,8764.54,8737.87
152,ETH/INR,1h,LONG,2025-04-01 14:30:00+05:30,2025-04-02 00:30:00+05:30,1890.36,157844.99,1739.13,2344.05,1907.43,159270.55,INTRADAY_SQUAREOFF,0.01,87.38,0.00692,1092.23,9.86,1.29,8.57,8.57,8737.87,8746.44
153,ETH/INR,1h,LONG,2025-04-02 02:30:00+05:30,2025-04-03 00:30:00+05:30,1914.93,159896.81,1761.74,2374.52,1897.48,158439.71,INTRADAY_SQUAREOFF,0.01,87.46,0.006838,1093.31,-9.96,1.28,-11.25,-11.25,8746.44,8735.2
154,ETH/INR,1h,SHORT,2025-04-03 12:30:00+05:30,2025-04-04 00:30:00+05:30,1814.4,151502.16,1959.55,1378.94,1787.88,149287.89,INTRADAY_SQUAREOFF,0.01,87.35,0.007207,1091.9,15.96,1.28,14.68,14.68,8735.2,8749.88
155,ETH/INR,1h,SHORT,2025-04-04 07:30:00+05:30,2025-04-05 00:30:00+05:30,1773.21,148063.29,1915.07,1347.64,1806.14,150812.6,INTRADAY_SQUAREOFF,0.01,87.5,0.007387,1093.73,-20.31,1.3,-21.61,-21.61,8749.88,8728.26
156,ETH/INR,1h,SHORT,2025-04-06 01:30:00+05:30,2025-04-07 00:30:00+05:30,1779.53,148590.63,1921.89,1352.44,1619.89,135260.58,INTRADAY_SQUAREOFF,0.01,87.28,0.007343,1091.03,97.88,1.23,96.65,96.65,8728.26,8824.91
157,ETH/INR,1h,SHORT,2025-04-07 02:30:00+05:30,2025-04-08 00:30:00+05:30,1569.62,131063.05,1695.19,1192.91,1550.18,129440.22,INTRADAY_SQUAREOFF,0.01,88.25,0.008417,1103.11,13.66,1.29,12.37,12.37,8824.91,8837.28
158,ETH/INR,1h,SHORT,2025-04-08 05:30:00+05:30,2025-04-09 00:30:00+05:30,1551.24,129528.87,1675.34,1178.95,1477.46,123367.74,INTRADAY_SQUAREOFF,0.01,88.37,0.008528,1104.66,52.54,1.27,51.27,51.27,8837.28,8888.55
159,ETH/INR,1h,SHORT,2025-04-09 08:30:00+05:30,2025-04-09 22:30:00+05:30,1415.13,118163.47,1528.34,1075.5,1529.11,127680.36,STOP_LOSS,0.01,88.89,0.009403,1111.07,-89.49,1.36,-90.85,-90.85,8888.55,8797.7
160,ETH/INR,1h,LONG,2025-04-10 15:30:00+05:30,2025-04-10 21:30:00+05:30,1605.82,134085.66,1477.35,1991.21,1476.61,123297.13,STOP_LOSS,0.01,87.98,0.008202,1099.71,-88.48,1.25,-89.73,-89.73,8797.7,8707.97
161,ETH/INR,1h,SHORT,2025-04-11 06:30:00+05:30,2025-04-12 00:30:00+05:30,1506.25,125771.8,1626.75,1144.75,1562.46,130465.49,INTRADAY_SQUAREOFF,0.01,87.08,0.008655,1088.5,-40.62,1.31,-41.93,-41.93,8707.97,8666.04
162,ETH/INR,1h,SHORT,2025-04-12 07:30:00+05:30,2025-04-13 00:30:00+05:30,1552.36,129622.27,1676.55,1179.8,1651.11,137868.07,INTRADAY_SQUAREOFF,0.01,86.66,0.008357,1083.25,-68.91,1.32,-70.23,-70.23,8666.04,8595.81
163,ETH/INR,1h,LONG,2025-04-13 15:30:00+05:30,2025-04-14 00:30:00+05:30,1627.26,135876.34,1497.08,2017.8,1628.55,135984.34,INTRADAY_SQUAREOFF,0.01,85.96,0.007908,1074.48,0.85,1.27,-0.41,-0.41,8595.81,8595.4
164,ETH/INR,1h,SHORT,2025-04-16 06:30:00+05:30,2025-04-17 00:30:00+05:30,1577.24,131699.3,1703.42,1198.7,1566.63,130813.59,INTRADAY_SQUAREOFF,0.01,85.95,0.008158,1074.42,7.23,1.26,5.96,5.96,8595.4,8601.36
165,ETH/INR,1h,SHORT,2025-04-17 14:30:00+05:30,2025-04-18 00:30:00+05:30,1594.9,133174.49,1722.5,1212.13,1602.03,133769.53,INTRADAY_SQUAREOFF,0.01,86.01,0.008073,1075.17,-4.8,1.27,-6.08,-6.08,8601.36,8595.28
166,ETH/INR,1h,SHORT,2025-04-18 04:30:00+05:30,2025-04-19 00:30:00+05:30,1578.91,131838.83,1705.22,1199.97,1594.09,133106.42,INTRADAY_SQUAREOFF,0.01,85.95,0.008149,1074.41,-10.33,1.27,-11.6,-11.6,8595.28,8583.68
167,ETH/INR,1h,SHORT,2025-04-19 04:30:00+05:30,2025-04-20 00:30:00+05:30,1591.93,132926.24,1719.29,1209.87,1615.55,134898.02,INTRADAY_SQUAREOFF,0.01,85.84,0.008072,1072.96,-15.92,1.28,-17.19,-17.19,8583.68,8566.49
168,ETH/INR,1h,LONG,2025-04-20 03:30:00+05:30,2025-04-21 00:30:00+05:30,1621.77,135417.99,1492.03,2011.0,1580.67,131986.1,INTRADAY_SQUAREOFF,0.01,85.66,0.007907,1070.81,-27.14,1.25,-28.39,-28.39,8566.49,8538.1
169,ETH/INR,1h,LONG,2025-04-23 03:30:00+05:30,2025-04-24 00:30:00+05:30,1771.07,147884.0,1629.38,2196.12,1798.01,150133.49,INTRADAY_SQUAREOFF,0.01,85.38,0.007217,1067.26,16.23,1.27,14.97,14.97,8538.1,8553.07
170,ETH/INR,1h,LONG,2025-04-24 04:30:00+05:30,2025-04-25 00:30:00+05:30,1805.94,150795.79,1661.46,2239.36,1763.07,147216.48,INTRADAY_SQUAREOFF,0.01,85.53,0.00709,1069.13,-25.38,1.25,-26.62,-26.62,8553.07,8526.44
171,ETH/INR,1h,SHORT,2025-04-25 08:30:00+05:30,2025-04-26 00:30:00+05:30,1739.63,145259.43,1878.8,1322.12,1798.17,150147.33,INTRADAY_SQUAREOFF,0.01,85.26,0.007337,1065.81,-35.86,1.28,-37.14,-37.14,8526.44,8489.3
172,ETH/INR,1h,LONG,2025-04-26 21:30:00+05:30,2025-04-27 00:30:00+05:30,1804.72,150694.01,1660.34,2237.85,1803.27,150573.25,INTRADAY_SQUAREOFF,0.01,84.89,0.007042,1061.16,-0.85,1.25,-2.1,-2.1,8489.3,8487.2
173,ETH/INR,1h,LONG,2025-04-27 05:30:00+05:30,2025-04-28 00:30:00+05:30,1823.94,152299.13,1678.03,2261.69,1803.15,150563.07,INTRADAY_SQUAREOFF,0.01,84.87,0.006966,1060.9,-12.09,1.24,-13.34,-13.34,8487.2,8473.86
174,ETH/INR,1h,SHORT,2025-04-29 10:30:00+05:30,2025-04-30 00:30:00+05:30,1789.72,149441.92,1932.9,1360.19,1827.69,152612.46,INTRADAY_SQUAREOFF,0.01,84.74,0.007088,1059.23,-22.47,1.26,-23.74,-23.74,8473.86,8450.13
175,ETH/INR,1h,LONG,2025-05-02 06:30:00+05:30,2025-05-03 00:30:00+05:30,1850.66,154529.92,1702.61,2294.82,1848.58,154356.65,INTRADAY_SQUAREOFF,0.01,84.5,0.006835,1056.27,-1.18,1.25,-2.43,-2.43,8450.13,8447.7
176,ETH/INR,1h,LONG,2025-05-03 05:30:00+05:30,2025-05-04 00:30:00+05:30,1843.79,153956.16,1696.28,2286.3,1825.36,152417.45,INTRADAY_SQUAREOFF,0.01,84.48,0.006859,1055.96,-10.55,1.24,-11.79,-11.79,8447.7,8435.9
177,ETH/INR,1h,LONG,2025-05-04 11:30:00+05:30,2025-05-05 00:30:00+05:30,1850.82,154543.42,1702.75,2295.02,1825.75,152449.92,INTRADAY_SQUAREOFF,0.01,84.36,0.006823,1054.49,-14.28,1.24,-15.52,-15.52,8435.9,8420.38
178,ETH/INR,1h,SHORT,2025-05-05 07:30:00+05:30,2025-05-06 00:30:00+05:30,1784.8,149031.21,1927.59,1356.45,1823.41,152254.78,INTRADAY_SQUAREOFF,0.01,84.2,0.007063,1052.55,-22.77,1.26,-24.02,-24.02,8420.38,8396.36
179,ETH/INR,1h,SHORT,2025-05-06 06:30:00+05:30,2025-05-07 00:30:00+05:30,1810.52,151178.05,1955.36,1375.99,1790.78,149529.93,INTRADAY_SQUAREOFF,0.01,83.96,0.006942,1049.54,11.44,1.23,10.21,10.21,8396.36,8406.57
180,ETH/INR,1h,LONG,2025-05-07 13:30:00+05:30,2025-05-08 00:30:00+05:30,1839.2,153572.93,1692.06,2280.6,1806.2,150817.45,INTRADAY_SQUAREOFF,0.01,84.07,0.006842,1050.82,-18.85,1.23,-20.08,-20.08,8406.57,8386.49
181,ETH/INR,1h,LONG,2025-05-08 19:30:00+05:30,2025-05-09 00:30:00+05:30,1980.7,165388.34,1822.24,2456.07,2066.12,172520.92,INTRADAY_SQUAREOFF,0.01,83.86,0.006338,1048.31,45.21,1.26,43.95,43.95,8386.49,8430.43
182,ETH/INR,1h,LONG,2025-05-09 05:30:00+05:30,2025-05-10 00:30:00+05:30,2208.38,184399.49,2031.71,2738.39,2336.92,195132.99,INTRADAY_SQUAREOFF,0.01,84.3,0.005715,1053.8,61.34,1.28,60.06,60.06,8430.43,8490.49
183,ETH/INR,1h,LONG,2025-05-10 05:30:00+05:30,2025-05-11 00:30:00+05:30,2346.98,195972.77,2159.22,2910.25,2496.33,208443.74,INTRADAY_SQUAREOFF,0.01,84.9,0.005416,1061.31,67.54,1.29,66.25,66.25,8490.49,8556.74
184,ETH/INR,1h,LONG,2025-05-11 03:30:00+05:30,2025-05-12 00:30:00+05:30,2545.42,212542.29,2341.78,3156.32,2504.17,209098.17,INTRADAY_SQUAREOFF,0.01,85.57,0.005032,1069.59,-17.33,1.25,-18.58,-18.58,8556.74,8538.15
185,ETH/INR,1h,SHORT,2025-05-13 06:30:00+05:30,2025-05-13 23:30:00+05:30,2458.42,205278.44,2655.1,1868.4,2656.43,221811.57,STOP_LOSS,0.01,85.38,0.005199,1067.27,-85.96,1.31,-87.27,-87.27,8538.15,8450.89
186,ETH/INR,1h,LONG,2025-05-14 06:30:00+05:30,2025-05-15 00:30:00+05:30,2701.03,225536.13,2484.95,3349.28,2609.95,217930.84,INTRADAY_SQUAREOFF,0.01,84.51,0.004684,1056.36,-35.62,1.23,-36.85,-36.85,8450.89,8414.04
187,ETH/INR,1h,SHORT,2025-05-15 19:30:00+05:30,2025-05-16 00:30:00+05:30,2515.41,210036.62,2716.64,1911.71,2532.17,211436.36,INTRADAY_SQUAREOFF,0.01,84.14,0.005007,1051.75,-7.01,1.25,-8.25,-8.25,8414.04,8405.78
188,ETH/INR,1h,SHORT,2025-05-17 11:30:00+05:30,2025-05-18 00:30:00+05:30,2476.71,206804.88,2674.84,1882.3,2467.03,205997.39,INTRADAY_SQUAREOFF,0.01,84.06,0.005081,1050.72,4.1,1.24,2.87,2.87,8405.78,8408.65
189,ETH/INR,1h,SHORT,2025-05-18 04:30:00+05:30,2025-05-19 00:30:00+05:30,2455.73,205053.33,2652.19,1866.35,2464.74,205805.88,INTRADAY_SQUAREOFF,0.01,84.09,0.005126,1051.08,-3.86,1.24,-5.1,-5.1,8408.65,8403.55
190,ETH/INR,1h,SHORT,2025-05-19 12:30:00+05:30,2025-05-20 00:30:00+05:30,2354.28,196582.79,2542.63,1789.26,2491.05,208002.89,INTRADAY_SQUAREOFF,0.01,84.04,0.005344,1050.44,-61.02,1.28,-62.3,-62.3,8403.55,8341.25
191,ETH/INR,1h,LONG,2025-05-23 05:30:00+05:30,2025-05-24 00:30:00+05:30,2666.04,222614.08,2452.75,3305.89,2558.86,213664.51,INTRADAY_SQUAREOFF,0.01,83.41,0.004684,1042.66,-41.92,1.21,-43.12,-43.12,8341.25,8298.13
192,ETH/INR,1h,SHORT,2025-05-24 03:30:00+05:30,2025-05-25 00:30:00+05:30,2527.11,211013.32,2729.27,1920.6,2551.06,213013.17,INTRADAY_SQUAREOFF,0.01,82.98,0.004916,1037.27,-9.83,1.23,-11.06,-11.06,8298.13,8287.07
193,ETH/INR,1h,SHORT,2025-05-25 04:30:00+05:30,2025-05-26 00:30:00+05:30,2524.14,210766.01,2726.08,1918.35,2517.97,210250.56,INTRADAY_SQUAREOFF,0.01,82.87,0.004915,1035.88,2.53,1.22,1.31,1.31,8287.07,8288.38
194,ETH/INR,1h,LONG,2025-05-26 18:30:00+05:30,2025-05-27 00:30:00+05:30,2574.47,214967.87,2368.51,3192.34,2533.79,211571.7,INTRADAY_SQUAREOFF,0.01,82.88,0.00482,1036.05,-16.37,1.21,-17.58,-17.58,8288.38,8270.8
195,ETH/INR,1h,LONG,2025-05-27 21:30:00+05:30,2025-05-28 00:30:00+05:30,2671.24,223048.42,2457.54,3312.34,2679.87,223769.01,INTRADAY_SQUAREOFF,0.01,82.71,0.004635,1033.85,3.34,1.22,2.12,2.12,8270.8,8272.92
196,ETH/INR,1h,LONG,2025-05-28 14:30:00+05:30,2025-05-29 00:30:00+05:30,2646.6,220991.45,2434.88,3281.79,2635.29,220046.62,INTRADAY_SQUAREOFF,0.01,82.73,0.004679,1034.11,-4.42,1.22,-5.64,-5.64,8272.92,8267.28
197,ETH/INR,1h,LONG,2025-05-29 05:30:00+05:30,2025-05-30 00:30:00+05:30,2685.43,224233.26,2470.59,3329.93,2647.98,221106.64,INTRADAY_SQUAREOFF,0.01,82.67,0.004609,1033.41,-14.41,1.21,-15.62,-15.62,8267.28,8251.66
198,ETH/INR,1h,SHORT,2025-05-30 06:30:00+05:30,2025-05-31 00:30:00+05:30,2566.76,214324.74,2772.1,1950.74,2578.87,215335.24,INTRADAY_SQUAREOFF,0.01,82.52,0.004813,1031.46,-4.86,1.22,-6.08,-6.08,8251.66,8245.58
199,ETH/INR,1h,SHORT,2025-05-31 04:30:00+05:30,2025-06-01 00:30:00+05:30,2524.68,210810.81,2726.65,1918.76,2541.98,212255.11,INTRADAY_SQUAREOFF,0.01,82.46,0.004889,1030.7,-7.06,1.22,-8.28,-8.28,8245.58,8237.29
200,ETH/INR,1h,SHORT,2025-06-01 04:30:00+05:30,2025-06-02 00:30:00+05:30,2531.45,211376.07,2733.97,1923.9,2521.84,210573.32,INTRADAY_SQUAREOFF,0.01,82.37,0.004871,1029.66,3.91,1.21,2.7,2.7,8237.29,8239.99
201,ETH/INR,1h,LONG,2025-06-03 03:30:00+05:30,2025-06-04 00:30:00+05:30,2562.16,213940.04,2357.18,3177.07,2618.38,218634.9,INTRADAY_SQUAREOFF,0.01,82.4,0.004814,1030.0,22.6,1.23,21.37,21.37,8239.99,8261.37
202,ETH/INR,1h,LONG,2025-06-04 07:30:00+05:30,2025-06-05 00:30:00+05:30,2618.49,218644.3,2409.02,3246.93,2628.92,219514.74,INTRADAY_SQUAREOFF,0.01,82.61,0.004723,1032.67,4.11,1.22,2.89,2.89,8261.37,8264.26
203,ETH/INR,1h,LONG,2025-06-05 10:30:00+05:30,2025-06-06 00:30:00+05:30,2635.22,220040.89,2424.4,3267.67,2575.47,215051.39,INTRADAY_SQUAREOFF,0.01,82.64,0.004695,1033.03,-23.42,1.21,-24.63,-24.63,8264.26,8239.63
204,ETH/INR,1h,LONG,2025-06-08 20:30:00+05:30,2025-06-09 00:30:00+05:30,2517.76,210233.3,2316.34,3122.03,2532.12,211432.04,INTRADAY_SQUAREOFF,0.01,82.4,0.004899,1029.95,5.87,1.22,4.65,4.65,8239.63,8244.28
205,ETH/INR,1h,LONG,2025-06-10 02:30:00+05:30,2025-06-11 00:30:00+05:30,2593.2,216532.38,2385.75,3215.57,2753.66,229930.6,INTRADAY_SQUAREOFF,0.01,82.44,0.004759,1030.54,63.77,1.25,62.51,62.51,8244.28,8306.79
206,ETH/INR,1h,LONG,2025-06-11 05:30:00+05:30,2025-06-12 00:30:00+05:30,2815.19,235068.68,2589.98,3490.84,2822.67,235693.31,INTRADAY_SQUAREOFF,0.01,83.07,0.004417,1038.35,2.76,1.23,1.53,1.53,8306.79,8308.32
207,ETH/INR,1h,SHORT,2025-06-12 17:30:00+05:30,2025-06-13 00:30:00+05:30,2725.45,227574.75,2943.48,2071.34,2736.83,228525.36,INTRADAY_SQUAREOFF,0.01,83.08,0.004564,1038.54,-4.34,1.23,-5.57,-5.57,8308.32,8302.76
208,ETH/INR,1h,SHORT,2025-06-13 06:30:00+05:30,2025-06-14 00:30:00+05:30,2502.49,208957.8,2702.69,1901.89,2531.6,211388.3,INTRADAY_SQUAREOFF,0.01,83.03,0.004967,1037.84,-12.07,1.23,-13.3,-13.3,8302.76,8289.45
209,ETH/INR,1h,SHORT,2025-06-14 06:30:00+05:30,2025-06-15 00:30:00+05:30,2560.74,213821.85,2765.6,1946.16,2510.5,209627.16,INTRADAY_SQUAREOFF,0.01,82.89,0.004846,1036.18,20.33,1.21,19.12,19.12,8289.45,8308.57
210,ETH/INR,1h,SHORT,2025-06-15 08:30:00+05:30,2025-06-16 00:30:00+05:30,2528.74,211149.88,2731.04,1921.84,2550.48,212964.95,INTRADAY_SQUAREOFF,0.01,83.09,0.004919,1038.57,-8.93,1.23,-10.16,-10.16,8308.57,8298.41
211,ETH/INR,1h,LONG,2025-06-16 10:30:00+05:30,2025-06-17 00:30:00+05:30,2578.69,215320.52,2372.39,3197.57,2653.81,221593.49,INTRADAY_SQUAREOFF,0.01,82.98,0.004817,1037.3,30.22,1.24,28.98,28.98,8298.41,8327.39
212,ETH/INR,1h,SHORT,2025-06-17 14:30:00+05:30,2025-06-18 00:30:00+05:30,2569.37,214542.47,2774.92,1952.72,2498.33,208610.58,INTRADAY_SQUAREOFF,0.01,83.27,0.004852,1040.92,28.78,1.21,27.57,27.57,8327.39,8354.96
213,ETH/INR,1h,SHORT,2025-06-18 04:30:00+05:30,2025-06-19 00:30:00+05:30,2492.9,208156.82,2692.33,1894.6,2479.1,207004.71,INTRADAY_SQUAREOFF,0.01,83.55,0.005017,1044.37,5.78,1.23,4.55,4.55,8354.96,8359.51
214,ETH/INR,1h,SHORT,2025-06-19 07:30:00+05:30,2025-06-20 00:30:00+05:30,2510.22,209603.05,2711.03,1907.76,2506.33,209278.3,INTRADAY_SQUAREOFF,0.01,83.6,0.004985,1044.94,1.62,1.23,0.39,0.39,8359.51,8359.9
215,ETH/INR,1h,SHORT,2025-06-20 08:30:00+05:30,2025-06-21 00:30:00+05:30,2514.36,209948.74,2715.5,1910.91,2421.02,202155.27,INTRADAY_SQUAREOFF,0.01,83.6,0.004977,1044.99,38.79,1.21,37.58,37.58,8359.9,8397.48
216,ETH/INR,1h,SHORT,2025-06-21 04:30:00+05:30,2025-06-22 00:30:00+05:30,2385.09,199154.8,2575.89,1812.67,2389.0,199481.65,INTRADAY_SQUAREOFF,0.01,83.97,0.005271,1049.68,-1.72,1.24,-2.96,-2.96,8397.48,8394.52
217,ETH/INR,1h,SHORT,2025-06-22 03:30:00+05:30,2025-06-23 00:30:00+05:30,2250.71,187934.53,2430.77,1710.54,2184.19,182379.9,INTRADAY_SQUAREOFF,0.01,83.95,0.005583,1049.31,31.01,1.22,29.79,29.79,8394.52,8424.31
218,ETH/INR,1h,LONG,2025-06-24 04:30:00+05:30,2025-06-25 00:30:00+05:30,2433.6,203205.82,2238.91,3017.67,2436.5,203447.56,INTRADAY_SQUAREOFF,0.01,84.24,0.005182,1053.04,1.25,1.24,0.01,0.01,8424.31,8424.32
219,ETH/INR,1h,LONG,2025-06-25 02:30:00+05:30,2025-06-26 00:30:00+05:30,2452.15,204754.42,2255.98,3040.66,2418.66,201958.25,INTRADAY_SQUAREOFF,0.01,84.24,0.005143,1053.04,-14.38,1.23,-15.61,-15.61,8424.32,8408.71
220,ETH/INR,1h,LONG,2025-06-26 12:30:00+05:30,2025-06-27 00:30:00+05:30,2490.01,207915.57,2290.81,3087.61,2425.37,202518.51,INTRADAY_SQUAREOFF,0.01,84.09,0.005055,1051.09,-27.28,1.22,-28.51,-28.51,8408.71,8380.2
221,ETH/INR,1h,SHORT,2025-06-27 11:30:00+05:30,2025-06-28 00:30:00+05:30,2435.45,203360.39,2630.29,1850.94,2395.91,200058.34,INTRADAY_SQUAREOFF,0.01,83.8,0.005151,1047.52,17.01,1.23,15.78,15.78,8380.2,8395.98
222,ETH/INR,1h,SHORT,2025-06-28 06:30:00+05:30,2025-06-29 00:30:00+05:30,2418.01,201904.19,2611.46,1837.69,2438.9,203648.27,INTRADAY_SQUAREOFF,0.01,83.96,0.005198,1049.5,-9.07,1.24,-10.31,-10.31,8395.98,8385.67
223,ETH/INR,1h,LONG,2025-06-30 06:30:00+05:30,2025-07-01 00:30:00+05:30,2522.86,210659.15,2321.03,3128.35,2485.51,207540.46,INTRADAY_SQUAREOFF,0.01,83.86,0.004976,1048.21,-15.52,1.23,-16.75,-16.75,8385.67,8368.92
224,ETH/INR,1h,SHORT,2025-07-01 20:30:00+05:30,2025-07-02 00:30:00+05:30,2410.67,201291.05,2603.52,1832.11,2412.38,201433.84,INTRADAY_SQUAREOFF,0.01,83.69,0.005197,1046.12,-0.74,1.23,-1.98,-1.98,8368.92,8366.95
225,ETH/INR,1h,SHORT,2025-07-02 04:30:00+05:30,2025-07-03 00:30:00+05:30,2399.67,200372.28,2591.64,1823.75,2592.94,216510.26,STOP_LOSS,0.01,83.67,0.00522,1045.87,-84.23,1.28,-85.52,-85.52,8366.95,8281.43
226,ETH/INR,1h,LONG,2025-07-03 11:30:00+05:30,2025-07-04 00:30:00+05:30,2598.66,216988.38,2390.77,3222.34,2585.09,215854.78,INTRADAY_SQUAREOFF,0.01,82.81,0.004771,1035.18,-5.41,1.22,-6.63,-6.63,8281.43,8274.8
227,ETH/INR,1h,SHORT,2025-07-04 19:30:00+05:30,2025-07-05 00:30:00+05:30,2524.58,210802.28,2726.54,1918.68,2485.61,207548.69,INTRADAY_SQUAREOFF,0.01,82.75,0.004907,1034.35,15.96,1.21,14.75,14.75,8274.8,8289.56
228,ETH/INR,1h,SHORT,2025-07-05 19:30:00+05:30,2025-07-06 00:30:00+05:30,2513.41,209869.71,2714.48,1910.19,2494.7,208307.42,INTRADAY_SQUAREOFF,0.01,82.9,0.004937,1036.19,7.71,1.22,6.5,6.5,8289.56,8296.05
229,ETH/INR,1h,SHORT,2025-07-06 11:30:00+05:30,2025-07-07 00:30:00+05:30,2509.32,209528.44,2710.07,1907.09,2533.41,211539.93,INTRADAY_SQUAREOFF,0.01,82.96,0.004949,1037.01,-9.96,1.23,-11.18,-11.18,8296.05,8284.87
230,ETH/INR,1h,LONG,2025-07-07 13:30:00+05:30,2025-07-08 00:30:00+05:30,2580.11,215439.1,2373.7,3199.34,2542.76,212320.15,INTRADAY_SQUAREOFF,0.01,82.85,0.004807,1035.61,-14.99,1.21,-16.21,-16.21,8284.87,8268.66
231,ETH/INR,1h,LONG,2025-07-08 23:30:00+05:30,2025-07-09 01:30:00+05:30,2627.36,219384.23,2417.17,3257.92,2609.6,217901.32,INTRADAY_SQUAREOFF,0.01,82.69,0.004711,1033.58,-6.99,1.22,-8.2,-8.2,8268.66,8260.46
232,ETH/INR,1h,LONG,2025-07-09 05:30:00+05:30,2025-07-10 00:30:00+05:30,2619.25,218707.51,2409.71,3247.87,2717.76,226933.37,INTRADAY_SQUAREOFF,0.01,82.6,0.004721,1032.56,38.84,1.24,37.59,37.59,8260.46,8298.05
233,ETH/INR,1h,LONG,2025-07-10 04:30:00+05:30,2025-07-11 00:30:00+05:30,2783.08,232387.43,2560.44,3451.02,2811.34,234746.89,INTRADAY_SQUAREOFF,0.01,82.98,0.004463,1037.26,10.53,1.23,9.3,9.3,8298.05,8307.36
234,ETH/INR,1h,LONG,2025-07-11 08:30:00+05:30,2025-07-12 00:30:00+05:30,2969.41,247945.53,2731.85,3682.07,2994.17,250013.27,INTRADAY_SQUAREOFF,0.01,83.07,0.004188,1038.42,8.66,1.23,7.43,7.43,8307.36,8314.78
235,ETH/INR,1h,SHORT,2025-07-13 02:30:00+05:30,2025-07-14 00:30:00+05:30,2917.67,243625.76,3151.09,2217.43,2996.84,250236.44,INTRADAY_SQUAREOFF,0.01,83.15,0.004266,1039.35,-28.2,1.24,-29.45,-29.45,8314.78,8285.34
236,ETH/INR,1h,LONG,2025-07-14 05:30:00+05:30,2025-07-15 00:30:00+05:30,2979.44,248783.48,2741.09,3694.51,2987.68,249471.2,INTRADAY_SQUAREOFF,0.01,82.85,0.004163,1035.67,2.86,1.22,1.64,1.64,8285.34,8286.98
237,ETH/INR,1h,LONG,2025-07-15 23:30:00+05:30,2025-07-16 01:30:00+05:30,3096.8,258583.17,2849.06,3840.04,3041.84,253993.61,INTRADAY_SQUAREOFF,0.01,82.87,0.004006,1035.87,-18.39,1.21,-19.6,-19.6,8286.98,8267.38
238,ETH/INR,1h,LONG,2025-07-16 19:30:00+05:30,2025-07-17 00:30:00+05:30,3199.28,267140.27,2943.34,3967.11,3333.7,278364.03,INTRADAY_SQUAREOFF,0.01,82.67,0.003868,1033.42,43.42,1.25,42.17,42.17,8267.38,8309.56
239,ETH/INR,1h,LONG,2025-07-17 10:30:00+05:30,2025-07-18 00:30:00+05:30,3353.1,279984.16,3084.86,4157.85,3427.79,286220.6,INTRADAY_SQUAREOFF,0.01,83.1,0.00371,1038.69,23.14,1.24,21.9,21.9,8309.56,8331.45
240,ETH/INR,1h,LONG,2025-07-18 06:30:00+05:30,2025-07-19 00:30:00+05:30,3543.38,295872.57,3259.91,4393.8,3570.07,298100.75,INTRADAY_SQUAREOFF,0.01,83.31,0.00352,1041.43,7.84,1.23,6.61,6.61,8331.45,8338.06
241,ETH/INR,1h,LONG,2025-07-20 14:30:00+05:30,2025-07-21 00:30:00+05:30,3716.58,310334.08,3419.25,4608.55,3750.41,313159.07,INTRADAY_SQUAREOFF,0.01,83.38,0.003359,1042.26,9.49,1.24,8.25,8.25,8338.06,8346.31
242,ETH/INR,1h,LONG,2025-07-21 03:30:00+05:30,2025-07-22 00:30:00+05:30,3774.72,315189.4,3472.75,4680.66,3735.72,311932.77,INTRADAY_SQUAREOFF,0.01,83.46,0.00331,1043.29,-10.78,1.22,-12.0,-12.0,8346.31,8334.31
243,ETH/INR,1h,LONG,2025-07-22 07:30:00+05:30,2025-07-23 00:30:00+05:30,3799.26,317238.46,3495.32,4711.09,3711.3,309893.71,INTRADAY_SQUAREOFF,0.01,83.34,0.003284,1041.79,-24.12,1.22,-25.33,-25.33,8334.31,8308.97
244,ETH/INR,1h,SHORT,2025-07-23 09:30:00+05:30,2025-07-24 00:30:00+05:30,3727.58,311253.0,4025.79,2832.96,3607.43,301220.71,INTRADAY_SQUAREOFF,0.01,83.09,0.003337,1038.62,33.48,1.21,32.27,32.27,8308.97,8341.25
245,ETH/INR,1h,SHORT,2025-07-24 10:30:00+05:30,2025-07-25 00:30:00+05:30,3606.65,301155.53,3895.19,2741.06,3745.46,312745.82,INTRADAY_SQUAREOFF,0.01,83.41,0.003462,1042.66,-40.13,1.25,-41.38,-41.38,8341.25,8299.86
246,ETH/INR,1h,LONG,2025-07-26 00:30:00+05:30,2025-07-27 00:30:00+05:30,3656.83,305344.99,3364.28,4534.46,3740.39,312322.7,INTRADAY_SQUAREOFF,0.01,83.0,0.003398,1037.48,23.71,1.24,22.47,22.47,8299.86,8322.33
247,ETH/INR,1h,LONG,2025-07-27 03:30:00+05:30,2025-07-28 00:30:00+05:30,3761.22,314062.03,3460.32,4663.92,3847.71,321283.94,INTRADAY_SQUAREOFF,0.01,83.22,0.003312,1040.29,23.92,1.24,22.68,22.68,8322.33,8345.01
248,ETH/INR,1h,LONG,2025-07-28 05:30:00+05:30,2025-07-29 00:30:00+05:30,3877.83,323798.56,3567.6,4808.51,3780.08,315636.31,INTRADAY_SQUAREOFF,0.01,83.45,0.003222,1043.13,-26.29,1.22,-27.51,-27.51,8345.01,8317.5
249,ETH/INR,1h,SHORT,2025-07-29 07:30:00+05:30,2025-07-30 00:30:00+05:30,3758.5,313834.38,4059.18,2856.46,3771.65,314932.8,INTRADAY_SQUAREOFF,0.01,83.18,0.003313,1039.69,-3.64,1.23,-4.87,-4.87,8317.5,8312.64
250,ETH/INR,1h,SHORT,2025-07-30 10:30:00+05:30,2025-07-31 00:30:00+05:30,3799.97,317297.9,4103.97,2887.98,3740.11,312299.5,INTRADAY_SQUAREOFF,0.01,83.13,0.003275,1039.08,16.37,1.22,15.15,15.15,8312.64,8327.79
251,ETH/INR,1h,SHORT,2025-07-31 23:30:00+05:30,2025-08-01 01:30:00+05:30,3769.28,314734.88,4070.82,2864.65,3740.11,312298.93,INTRADAY_SQUAREOFF,0.01,83.28,0.003307,1040.97,8.06,1.22,6.83,6.83,8327.79,8334.62
252,ETH/INR,1h,SHORT,2025-08-01 10:30:00+05:30,2025-08-02 00:30:00+05:30,3678.82,307181.54,3973.13,2795.9,3553.45,296713.03,INTRADAY_SQUAREOFF,0.01,83.35,0.003392,1041.83,35.5,1.21,34.3,34.3,8334.62,8368.92
253,ETH/INR,1h,SHORT,2025-08-02 11:30:00+05:30,2025-08-03 00:30:00+05:30,3514.59,293468.61,3795.76,2671.09,3384.22,282582.09,INTRADAY_SQUAREOFF,0.01,83.69,0.003565,1046.11,38.81,1.21,37.6,37.6,8368.92,8406.51
254,ETH/INR,1h,SHORT,2025-08-03 12:30:00+05:30,2025-08-04 00:30:00+05:30,3436.27,286928.71,3711.17,2611.57,3498.38,292114.7,INTRADAY_SQUAREOFF,0.01,84.07,0.003662,1050.81,-18.99,1.25,-20.24,-20.24,8406.51,8386.27
255,ETH/INR,1h,LONG,2025-08-04 08:30:00+05:30,2025-08-05 00:30:00+05:30,3571.75,298240.85,3286.01,4428.97,3673.83,306764.41,INTRADAY_SQUAREOFF,0.01,83.86,0.003515,1048.28,29.96,1.25,28.7,28.7,8386.27,8414.97
256,ETH/INR,1h,LONG,2025-08-05 02:30:00+05:30,2025-08-06 00:30:00+05:30,3712.45,309989.82,3415.46,4603.44,3584.9,299339.15,INTRADAY_SQUAREOFF,0.01,84.15,0.003393,1051.87,-36.14,1.22,-37.36,-37.36,8414.97,8377.61
257,ETH/INR,1h,SHORT,2025-08-06 06:30:00+05:30,2025-08-07 00:30:00+05:30,3570.42,298130.27,3856.06,2713.52,3679.29,307220.99,INTRADAY_SQUAREOFF,0.01,83.78,0.003513,1047.2,-31.93,1.25,-33.19,-33.19,8377.61,8344.43
258,ETH/INR,1h,LONG,2025-08-07 11:30:00+05:30,2025-08-08 00:30:00+05:30,3690.33,308142.36,3395.1,4576.01,3827.47,319594.14,INTRADAY_SQUAREOFF,0.01,83.44,0.003385,1043.05,38.76,1.25,37.51,37.51,8344.43,8381.94
259,ETH/INR,1h,LONG,2025-08-08 04:30:00+05:30,2025-08-09 00:30:00+05:30,3928.17,328001.98,3613.91,4870.93,4051.75,338320.94,INTRADAY_SQUAREOFF,0.01,83.82,0.003194,1047.74,32.96,1.26,31.71,31.71,8381.94,8413.64
260,ETH/INR,1h,LONG,2025-08-09 07:30:00+05:30,2025-08-10 00:30:00+05:30,4036.06,337010.91,3713.17,5004.71,4240.72,354099.87,INTRADAY_SQUAREOFF,0.01,84.14,0.003121,1051.71,53.33,1.27,52.06,52.06,8413.64,8465.7
261,ETH/INR,1h,LONG,2025-08-12 06:30:00+05:30,2025-08-13 00:30:00+05:30,4278.34,357241.57,3936.07,5305.14,4486.68,374637.6,INTRADAY_SQUAREOFF,0.01,84.66,0.002962,1058.21,51.53,1.28,50.25,50.25,8465.7,8515.95
262,ETH/INR,1h,LONG,2025-08-13 08:30:00+05:30,2025-08-14 00:30:00+05:30,4624.3,386129.19,4254.36,5734.13,4713.86,393607.36,INTRADAY_SQUAREOFF,0.01,85.16,0.002757,1064.49,20.62,1.27,19.35,19.35,8515.95,8535.3
263,ETH/INR,1h,LONG,2025-08-14 09:30:00+05:30,2025-08-15 00:30:00+05:30,4780.44,399166.97,4398.01,5927.75,4539.07,379012.52,INTRADAY_SQUAREOFF,0.01,85.35,0.002673,1066.91,-53.87,1.23,-55.1,-55.1,8535.3,8480.2
264,ETH/INR,1h,SHORT,2025-08-15 03:30:00+05:30,2025-08-16 00:30:00+05:30,4459.58,372374.98,4816.35,3389.28,4399.9,367391.82,INTRADAY_SQUAREOFF,0.01,84.8,0.002847,1060.03,14.19,1.24,12.94,12.94,8480.2,8493.15
265,ETH/INR,1h,SHORT,2025-08-16 09:30:00+05:30,2025-08-17 00:30:00+05:30,4431.34,370016.96,4785.85,3367.82,4413.77,368549.41,INTRADAY_SQUAREOFF,0.01,84.93,0.002869,1061.64,4.21,1.25,2.96,2.96,8493.15,8496.11
266,ETH/INR,1h,LONG,2025-08-17 21:30:00+05:30,2025-08-18 00:30:00+05:30,4568.95,381506.94,4203.43,5665.49,4468.17,373092.53,INTRADAY_SQUAREOFF,0.01,84.96,0.002784,1062.01,-23.42,1.24,-24.66,-24.66,8496.11,8471.44
267,ETH/INR,1h,SHORT,2025-08-18 12:30:00+05:30,2025-08-19 00:30:00+05:30,4235.1,353630.94,4573.91,3218.68,4370.67,364950.75,INTRADAY_SQUAREOFF,0.01,84.71,0.002994,1058.93,-33.9,1.27,-35.17,-35.17,8471.44,8436.28
268,ETH/INR,1h,SHORT,2025-08-19 05:30:00+05:30,2025-08-20 00:30:00+05:30,4306.68,359607.7,4651.21,3273.08,4146.03,346193.75,INTRADAY_SQUAREOFF,0.01,84.36,0.002932,1054.53,39.34,1.22,38.11,38.11,8436.28,8474.39
269,ETH/INR,1h,SHORT,2025-08-20 05:30:00+05:30,2025-08-21 00:30:00+05:30,4068.56,339724.35,4394.04,3092.1,4295.06,358637.31,INTRADAY_SQUAREOFF,0.01,84.74,0.003118,1059.3,-58.97,1.28,-60.26,-60.26,8474.39,8414.13
270,ETH/INR,1h,LONG,2025-08-21 04:30:00+05:30,2025-08-22 00:30:00+05:30,4374.92,365305.68,4024.92,5424.9,4260.42,355745.27,INTRADAY_SQUAREOFF,0.01,84.14,0.002879,1051.77,-27.53,1.22,-28.75,-28.75,8414.13,8385.38
271,ETH/INR,1h,LONG,2025-08-22 07:30:00+05:30,2025-08-23 00:30:00+05:30,4266.03,356213.41,3924.75,5289.88,4786.44,399667.42,INTRADAY_SQUAREOFF,0.01,83.85,0.002943,1048.17,127.87,1.31,126.55,126.55,8385.38,8511.94
272,ETH/INR,1h,LONG,2025-08-23 10:30:00+05:30,2025-08-24 00:30:00+05:30,4746.78,396356.41,4367.04,5886.01,4748.79,396524.04,INTRADAY_SQUAREOFF,0.01,85.12,0.002684,1063.99,0.45,1.26,-0.81,-0.81,8511.94,8511.13
273,ETH/INR,1h,LONG,2025-08-24 04:30:00+05:30,2025-08-25 00:30:00+05:30,4782.99,399379.62,4400.35,5930.91,4932.51,411864.18,INTRADAY_SQUAREOFF,0.01,85.11,0.002664,1063.89,33.26,1.28,31.98,31.98,8511.13,8543.11
274,ETH/INR,1h,SHORT,2025-08-25 11:30:00+05:30,2025-08-26 00:30:00+05:30,4700.37,392481.17,5076.4,3572.28,4576.75,382158.39,INTRADAY_SQUAREOFF,0.01,85.43,0.002721,1067.89,28.09,1.24,26.84,26.84,8543.11,8569.96
275,ETH/INR,1h,SHORT,2025-08-26 06:30:00+05:30,2025-08-27 00:30:00+05:30,4333.12,361815.76,4679.77,3293.17,4550.99,380007.35,INTRADAY_SQUAREOFF,0.01,85.7,0.002961,1071.24,-53.86,1.3,-55.16,-55.16,8569.96,8514.8
276,ETH/INR,1h,LONG,2025-08-27 09:30:00+05:30,2025-08-28 00:30:00+05:30,4626.31,386296.93,4256.21,5736.63,4590.73,383325.66,INTRADAY_SQUAREOFF,0.01,85.15,0.002755,1064.35,-8.19,1.25,-9.44,-9.44,8514.8,8505.36
277,ETH/INR,1h,SHORT,2025-08-29 06:30:00+05:30,2025-08-30 00:30:00+05:30,4471.62,373380.07,4829.35,3398.43,4317.73,360530.26,INTRADAY_SQUAREOFF,0.01,85.05,0.002847,1063.17,36.59,1.23,35.36,35.36,8505.36,8540.72
278,ETH/INR,1h,SHORT,2025-08-31 00:30:00+05:30,2025-09-01 00:30:00+05:30,4345.23,362826.96,4692.85,3302.38,4490.65,374969.56,INTRADAY_SQUAREOFF,0.01,85.41,0.002942,1067.59,-35.73,1.28,-37.01,-37.01,8540.72,8503.71
279,ETH/INR,1h,SHORT,2025-09-02 02:30:00+05:30,2025-09-03 00:30:00+05:30,4274.29,356903.01,4616.23,3248.46,4300.07,359055.67,INTRADAY_SQUAREOFF,0.01,85.04,0.002978,1062.96,-6.41,1.26,-7.67,-7.67,8503.71,8496.04
280,ETH/INR,1h,SHORT,2025-09-03 11:30:00+05:30,2025-09-04 00:30:00+05:30,4313.56,360182.01,4658.64,3278.3,4472.09,373419.75,INTRADAY_SQUAREOFF,0.01,84.96,0.002949,1062.0,-39.03,1.28,-40.31,-40.31,8496.04,8455.73
281,ETH/INR,1h,SHORT,2025-09-04 19:30:00+05:30,2025-09-05 00:30:00+05:30,4367.7,364703.22,4717.12,3319.45,4277.82,357198.33,INTRADAY_SQUAREOFF,0.01,84.56,0.002898,1056.97,21.75,1.23,20.52,20.52,8455.73,8476.25
282,ETH/INR,1h,SHORT,2025-09-05 05:30:00+05:30,2025-09-06 00:30:00+05:30,4296.69,358773.41,4640.42,3265.48,4316.13,360397.11,INTRADAY_SQUAREOFF,0.01,84.76,0.002953,1059.53,-4.8,1.25,-6.05,-6.05,8476.25,8470.2
283,ETH/INR,1h,SHORT,2025-09-06 03:30:00+05:30,2025-09-07 00:30:00+05:30,4293.78,358530.73,4637.28,3263.27,4281.82,357531.56,INTRADAY_SQUAREOFF,0.01,84.7,0.002953,1058.77,2.95,1.25,1.7,1.7,8470.2,8471.9
284,ETH/INR,1h,SHORT,2025-09-07 12:30:00+05:30,2025-09-08 00:30:00+05:30,4281.89,357538.16,4624.45,3254.24,4284.03,357716.35,INTRADAY_SQUAREOFF,0.01,84.72,0.002962,1058.99,-0.53,1.25,-1.78,-1.78,8471.9,8470.12
285,ETH/INR,1h,SHORT,2025-09-08 10:30:00+05:30,2025-09-09 00:30:00+05:30,4295.27,358655.43,4638.9,3264.41,4329.3,361496.53,INTRADAY_SQUAREOFF,0.01,84.7,0.002952,1058.77,-8.39,1.25,-9.64,-9.64,8470.12,8460.48
286,ETH/INR,1h,LONG,2025-09-12 03:30:00+05:30,2025-09-13 00:30:00+05:30,4433.3,370180.59,4078.64,5497.29,4623.18,386035.36,INTRADAY_SQUAREOFF,0.01,84.6,0.002857,1057.56,45.3,1.27,44.02,44.02,8460.48,8504.5
287,ETH/INR,1h,LONG,2025-09-13 05:30:00+05:30,2025-09-14 00:30:00+05:30,4717.55,393915.02,4340.14,5849.76,4643.52,387734.07,INTRADAY_SQUAREOFF,0.01,85.05,0.002699,1063.06,-16.68,1.24,-17.93,-17.93,8504.5,8486.58
288,ETH/INR,1h,SHORT,2025-09-14 09:30:00+05:30,2025-09-15 00:30:00+05:30,4662.77,389341.54,5035.79,3543.71,4607.7,384742.84,INTRADAY_SQUAREOFF,0.01,84.87,0.002725,1060.82,12.53,1.24,11.29,11.29,8486.58,8497.86
289,ETH/INR,1h,SHORT,2025-09-15 05:30:00+05:30,2025-09-16 00:30:00+05:30,4603.17,384364.36,4971.42,3498.41,4505.75,376229.78,INTRADAY_SQUAREOFF,0.01,84.98,0.002764,1062.23,22.48,1.24,21.24,21.24,8497.86,8519.1
290,ETH/INR,1h,LONG,2025-09-18 07:30:00+05:30,2025-09-19 00:30:00+05:30,4635.64,387075.81,4264.79,5748.19,4618.55,385648.71,INTRADAY_SQUAREOFF,0.01,85.19,0.002751,1064.89,-3.93,1.25,-5.18,-5.18,8519.1,8513.92
291,ETH/INR,1h,LONG,2025-09-19 06:30:00+05:30,2025-09-20 00:30:00+05:30,4614.18,385283.78,4245.04,5721.58,4449.64,371544.84,INTRADAY_SQUAREOFF,0.01,85.14,0.002762,1064.24,-37.95,1.23,-39.18,-39.18,8513.92,8474.74
292,ETH/INR,1h,SHORT,2025-09-20 14:30:00+05:30,2025-09-21 00:30:00+05:30,4467.18,373009.35,4824.55,3395.06,4478.96,373993.2,INTRADAY_SQUAREOFF,0.01,84.75,0.00284,1059.34,-2.79,1.25,-4.05,-4.05,8474.74,8470.69
293,ETH/INR,1h,SHORT,2025-09-22 10:30:00+05:30,2025-09-23 00:30:00+05:30,4289.88,358205.13,4633.07,3260.31,4162.2,347543.67,INTRADAY_SQUAREOFF,0.01,84.71,0.002956,1058.84,31.51,1.23,30.28,30.28,8470.69,8500.98
294,ETH/INR,1h,SHORT,2025-09-23 07:30:00+05:30,2025-09-24 00:30:00+05:30,4165.96,347857.65,4499.24,3166.13,4164.52,347737.03,INTRADAY_SQUAREOFF,0.01,85.01,0.003055,1062.62,0.37,1.25,-0.89,-0.89,8500.98,8500.09
295,ETH/INR,1h,SHORT,2025-09-24 05:30:00+05:30,2025-09-25 00:30:00+05:30,4161.67,347499.13,4494.6,3162.87,4175.93,348690.25,INTRADAY_SQUAREOFF,0.01,85.0,0.003058,1062.51,-3.64,1.26,-4.9,-4.9,8500.09,8495.2
296,ETH/INR,1h,SHORT,2025-09-25 03:30:00+05:30,2025-09-26 00:30:00+05:30,4136.26,345377.99,4467.16,3143.56,3927.84,327974.61,INTRADAY_SQUAREOFF,0.01,84.95,0.003075,1061.9,53.51,1.22,52.29,52.29,8495.2,8547.48
297,ETH/INR,1h,SHORT,2025-09-26 05:30:00+05:30,2025-09-27 00:30:00+05:30,3858.19,322158.77,4166.84,2932.22,4048.94,338086.87,INTRADAY_SQUAREOFF,0.01,85.47,0.003316,1068.44,-52.83,1.29,-54.12,-54.12,8547.48,8493.36
298,ETH/INR,1h,LONG,2025-09-27 05:30:00+05:30,2025-09-28 00:30:00+05:30,4039.82,337324.8,3716.63,5009.37,3995.25,333603.37,INTRADAY_SQUAREOFF,0.01,84.93,0.003147,1061.67,-11.71,1.25,-12.96,-12.96,8493.36,8480.41
299,ETH/INR,1h,LONG,2025-09-28 13:30:00+05:30,2025-09-29 00:30:00+05:30,4017.37,335450.78,3695.98,4981.54,4041.02,337425.23,INTRADAY_SQUAREOFF,0.01,84.8,0.00316,1060.05,6.24,1.25,4.98,4.98,8480.41,8485.39
300,ETH/INR,1h,LONG,2025-09-29 04:30:00+05:30,2025-09-30 00:30:00+05:30,4138.23,345541.89,3807.17,5131.4,4161.58,347492.03,INTRADAY_SQUAREOFF,0.01,84.85,0.00307,1060.67,5.99,1.26,4.73,4.73,8485.39,8490.12
301,ETH/INR,1h,LONG,2025-10-02 05:30:00+05:30,2025-10-03 00:30:00+05:30,4351.9,363383.73,4003.75,5396.36,4489.11,374840.42,INTRADAY_SQUAREOFF,0.01,84.9,0.002921,1061.27,33.46,1.27,32.19,32.19,8490.12,8522.31
302,ETH/INR,1h,LONG,2025-10-03 05:30:00+05:30,2025-10-04 00:30:00+05:30,4489.52,374874.59,4130.35,5567.0,4510.55,376630.66,INTRADAY_SQUAREOFF,0.01,85.22,0.002842,1065.29,4.99,1.26,3.73,3.73,8522.31,8526.04
303,ETH/INR,1h,LONG,2025-10-05 10:30:00+05:30,2025-10-06 00:30:00+05:30,4588.23,383117.49,4221.17,5689.41,4517.32,377196.28,INTRADAY_SQUAREOFF,0.01,85.26,0.002782,1065.75,-16.47,1.25,-17.72,-17.72,8526.04,8508.32
304,ETH/INR,1h,LONG,2025-10-06 19:30:00+05:30,2025-10-07 00:30:00+05:30,4639.36,387386.93,4268.22,5752.81,4713.07,393541.51,INTRADAY_SQUAREOFF,0.01,85.08,0.002745,1063.54,16.9,1.26,15.63,15.63,8508.32,8523.95
305,ETH/INR,1h,LONG,2025-10-07 10:30:00+05:30,2025-10-08 00:30:00+05:30,4719.56,394083.53,4342.0,5852.26,4465.29,372851.73,INTRADAY_SQUAREOFF,0.01,85.24,0.002704,1065.49,-57.4,1.22,-58.63,-58.63,8523.95,8465.32
306,ETH/INR,1h,SHORT,2025-10-08 05:30:00+05:30,2025-10-09 00:30:00+05:30,4448.88,371481.68,4804.79,3381.15,4527.82,378073.13,INTRADAY_SQUAREOFF,0.01,84.65,0.002848,1058.17,-18.78,1.26,-20.04,-20.04,8465.32,8445.29
307,ETH/INR,1h,SHORT,2025-10-09 06:30:00+05:30,2025-10-10 00:30:00+05:30,4510.75,376647.9,4871.61,3428.17,4317.68,360526.01,INTRADAY_SQUAREOFF,0.01,84.45,0.002803,1055.66,45.19,1.22,43.97,43.97,8445.29,8489.26
308,ETH/INR,1h,SHORT,2025-10-10 08:30:00+05:30,2025-10-11 00:30:00+05:30,4357.9,363884.94,4706.54,3312.01,4063.57,339307.75,INTRADAY_SQUAREOFF,0.01,84.89,0.002916,1061.16,71.67,1.21,70.46,70.46,8489.26,8559.72
309,ETH/INR,1h,SHORT,2025-10-11 07:30:00+05:30,2025-10-12 00:30:00+05:30,3735.98,311954.08,4034.86,2839.34,3819.42,318921.67,INTRADAY_SQUAREOFF,0.01,85.6,0.00343,1069.96,-23.9,1.28,-25.17,-25.17,8559.72,8534.54
310,ETH/INR,1h,SHORT,2025-10-12 06:30:00+05:30,2025-10-12 19:30:00+05:30,3701.61,309084.37,3997.74,2813.22,3999.74,333978.02,STOP_LOSS,0.01,85.35,0.003452,1066.82,-85.92,1.31,-87.23,-87.23,8534.54,8447.31
311,ETH/INR,1h,LONG,2025-10-13 05:30:00+05:30,2025-10-14 00:30:00+05:30,4166.13,347871.97,3832.84,5166.0,4227.97,353035.85,INTRADAY_SQUAREOFF,0.01,84.47,0.003035,1055.91,15.67,1.26,14.42,14.42,8447.31,8461.73
312,ETH/INR,1h,SHORT,2025-10-14 18:30:00+05:30,2025-10-15 00:30:00+05:30,3937.4,328772.59,4252.39,2992.42,4124.21,344371.37,INTRADAY_SQUAREOFF,0.01,84.62,0.003217,1057.72,-50.18,1.28,-51.46,-51.46,8461.73,8410.27
313,ETH/INR,1h,SHORT,2025-10-16 03:30:00+05:30,2025-10-17 00:30:00+05:30,3941.97,329154.57,4257.33,2995.9,3907.78,326299.47,INTRADAY_SQUAREOFF,0.01,84.1,0.003194,1051.28,9.12,1.24,7.88,7.88,8410.27,8418.15
314,ETH/INR,1h,SHORT,2025-10-17 11:30:00+05:30,2025-10-18 00:30:00+05:30,3895.48,325272.6,4207.12,2960.56,3837.75,320451.88,INTRADAY_SQUAREOFF,0.01,84.18,0.003235,1052.27,15.6,1.23,14.36,14.36,8418.15,8432.52
315,ETH/INR,1h,LONG,2025-10-19 09:30:00+05:30,2025-10-20 00:30:00+05:30,3907.41,326268.96,3594.82,4845.19,4001.28,334106.62,INTRADAY_SQUAREOFF,0.01,84.33,0.003231,1054.06,25.32,1.26,24.06,24.06,8432.52,8456.58
316,ETH/INR,1h,LONG,2025-10-20 04:30:00+05:30,2025-10-21 00:30:00+05:30,4028.78,336403.11,3706.48,4995.69,3972.88,331735.36,INTRADAY_SQUAREOFF,0.01,84.57,0.003142,1057.07,-14.67,1.24,-15.91,-15.91,8456.58,8440.67
317,ETH/INR,1h,SHORT,2025-10-21 19:30:00+05:30,2025-10-22 00:30:00+05:30,3857.45,322097.23,4166.05,2931.66,4017.55,335465.65,INTRADAY_SQUAREOFF,0.01,84.41,0.003276,1055.08,-43.79,1.27,-45.06,-45.06,8440.67,8395.61
318,ETH/INR,1h,SHORT,2025-10-22 15:30:00+05:30,2025-10-23 00:30:00+05:30,3830.73,319866.23,4137.19,2911.36,3804.93,317711.87,INTRADAY_SQUAREOFF,0.01,83.96,0.003281,1049.45,7.07,1.23,5.83,5.83,8395.61,8401.44
319,ETH/INR,1h,LONG,2025-10-26 17:30:00+05:30,2025-10-27 00:30:00+05:30,4046.71,337900.09,3722.97,5017.92,4070.4,339878.3,INTRADAY_SQUAREOFF,0.01,84.01,0.003108,1050.18,6.15,1.24,4.91,4.91,8401.44,8406.35
320,ETH/INR,1h,LONG,2025-10-27 04:30:00+05:30,2025-10-28 00:30:00+05:30,4169.51,348153.92,3835.95,5170.19,4213.17,351799.91,INTRADAY_SQUAREOFF,0.01,84.06,0.003018,1050.79,11.0,1.25,9.76,9.76,8406.35,8416.11
321,ETH/INR,1h,SHORT,2025-10-28 11:30:00+05:30,2025-10-29 00:30:00+05:30,4067.6,339644.7,4393.01,3091.38,4115.67,343658.37,INTRADAY_SQUAREOFF,0.01,84.16,0.003097,1052.01,-12.43,1.25,-13.68,-13.68,8416.11,8402.43
322,ETH/INR,1h,SHORT,2025-10-29 14:30:00+05:30,2025-10-30 00:30:00+05:30,4004.87,334407.02,4325.26,3043.7,3920.56,327367.0,INTRADAY_SQUAREOFF,0.01,84.02,0.003141,1050.3,22.11,1.23,20.88,20.88,8402.43,8423.31
323,ETH/INR,1h,SHORT,2025-10-30 15:30:00+05:30,2025-10-31 00:30:00+05:30,3892.79,325048.14,4204.22,2958.52,3722.59,310836.68,INTRADAY_SQUAREOFF,0.01,84.23,0.003239,1052.91,46.03,1.22,44.82,44.82,8423.31,8468.13
324,ETH/INR,1h,LONG,2025-11-01 08:30:00+05:30,2025-11-02 00:30:00+05:30,3854.31,321834.64,3545.96,4779.34,3879.42,323931.52,INTRADAY_SQUAREOFF,0.01,84.68,0.003289,1058.52,6.9,1.25,5.64,5.64,8468.13,8473.77
325,ETH/INR,1h,LONG,2025-11-02 08:30:00+05:30,2025-11-03 00:30:00+05:30,3884.99,324396.51,3574.19,4817.39,3861.44,322430.31,INTRADAY_SQUAREOFF,0.01,84.74,0.003265,1059.22,-6.42,1.25,-7.67,-7.67,8473.77,8466.11
326,ETH/INR,1h,SHORT,2025-11-03 21:30:00+05:30,2025-11-04 00:30:00+05:30,3583.22,299198.87,3869.88,2723.25,3631.43,303224.51,INTRADAY_SQUAREOFF,0.01,84.66,0.003537,1058.26,-14.24,1.26,-15.5,-15.5,8466.11,8450.61
327,ETH/INR,1h,SHORT,2025-11-04 02:30:00+05:30,2025-11-05 00:30:00+05:30,3565.6,297727.3,3850.84,2709.85,3305.3,275992.31,INTRADAY_SQUAREOFF,0.01,84.51,0.003548,1056.33,77.12,1.2,75.91,75.91,8450.61,8526.53
328,ETH/INR,1h,SHORT,2025-11-05 16:30:00+05:30,2025-11-06 00:30:00+05:30,3275.01,273462.98,3537.01,2489.0,3462.42,289112.07,INTRADAY_SQUAREOFF,0.01,85.27,0.003897,1065.82,-60.99,1.29,-62.29,-62.29,8526.53,8464.24
329,ETH/INR,1h,LONG,2025-11-06 08:30:00+05:30,2025-11-07 00:30:00+05:30,3426.98,286152.58,3152.82,4249.45,3323.83,277539.66,INTRADAY_SQUAREOFF,0.01,84.64,0.003697,1058.03,-31.85,1.23,-33.08,-33.08,8464.24,8431.17
330,ETH/INR,1h,SHORT,2025-11-07 15:30:00+05:30,2025-11-08 00:30:00+05:30,3289.45,274669.23,3552.61,2499.98,3423.27,285843.16,INTRADAY_SQUAREOFF,0.01,84.31,0.003837,1053.9,-42.87,1.27,-44.14,-44.14,8431.17,8387.02
331,ETH/INR,1h,SHORT,2025-11-09 08:30:00+05:30,2025-11-10 00:30:00+05:30,3365.2,280993.92,3634.41,2557.55,3544.48,295964.41,INTRADAY_SQUAREOFF,0.01,83.87,0.003731,1048.38,-55.85,1.27,-57.12,-57.12,8387.02,8329.9
332,ETH/INR,1h,LONG,2025-11-10 06:30:00+05:30,2025-11-11 00:30:00+05:30,3650.26,304796.34,3358.24,4526.32,3533.53,295049.69,INTRADAY_SQUAREOFF,0.01,83.3,0.003416,1041.24,-33.3,1.21,-34.51,-34.51,8329.9,8295.39
333,ETH/INR,1h,SHORT,2025-11-11 03:30:00+05:30,2025-11-12 00:30:00+05:30,3529.67,294727.55,3812.04,2682.55,3470.14,289756.71,INTRADAY_SQUAREOFF,0.01,82.95,0.003518,1036.92,17.49,1.21,16.28,16.28,8295.39,8311.67
334,ETH/INR,1h,SHORT,2025-11-12 13:30:00+05:30,2025-11-13 00:30:00+05:30,3425.04,285990.52,3699.04,2603.03,3427.69,286212.44,INTRADAY_SQUAREOFF,0.01,83.12,0.003633,1038.96,-0.81,1.23,-2.03,-2.03,8311.67,8309.64
335,ETH/INR,1h,SHORT,2025-11-13 21:30:00+05:30,2025-11-14 00:30:00+05:30,3368.92,281305.02,3638.44,2560.38,3212.56,268248.52,INTRADAY_SQUAREOFF,0.01,83.1,0.003692,1038.7,48.21,1.2,47.01,47.01,8309.64,8356.65
336,ETH/INR,1h,SHORT,2025-11-14 06:30:00+05:30,2025-11-15 00:30:00+05:30,3188.64,266251.38,3443.73,2423.37,3167.83,264513.86,INTRADAY_SQUAREOFF,0.01,83.57,0.003923,1044.58,6.82,1.23,5.59,5.59,8356.65,8362.24
337,ETH/INR,1h,SHORT,2025-11-15 02:30:00+05:30,2025-11-16 00:30:00+05:30,3122.53,260731.48,3372.34,2373.12,3207.06,267789.41,INTRADAY_SQUAREOFF,0.01,83.62,0.004009,1045.28,-28.3,1.25,-29.55,-29.55,8362.24,8332.69
338,ETH/INR,1h,SHORT,2025-11-21 21:30:00+05:30,2025-11-22 00:30:00+05:30,2693.06,224870.43,2908.5,2046.72,2783.07,232386.14,INTRADAY_SQUAREOFF,0.01,83.33,0.004632,1041.59,-34.81,1.25,-36.06,-36.06,8332.69,8296.63
339,ETH/INR,1h,SHORT,2025-11-22 04:30:00+05:30,2025-11-23 00:30:00+05:30,2720.8,227187.01,2938.47,2067.81,2752.38,229823.52,INTRADAY_SQUAREOFF,0.01,82.97,0.004565,1037.08,-12.04,1.23,-13.27,-13.27,8296.63,8283.36
340,ETH/INR,1h,LONG,2025-11-23 14:30:00+05:30,2025-11-24 00:30:00+05:30,2813.79,234951.77,2588.69,3489.1,2805.52,234261.3,INTRADAY_SQUAREOFF,0.01,82.83,0.004407,1035.42,-3.04,1.22,-4.26,-4.26,8283.36,8279.1
341,ETH/INR,1h,LONG,2025-11-24 07:30:00+05:30,2025-11-25 00:30:00+05:30,2806.36,234331.1,2581.85,3479.89,2954.51,246701.93,INTRADAY_SQUAREOFF,0.01,82.79,0.004416,1034.89,54.63,1.25,53.38,53.38,8279.1,8332.48
342,ETH/INR,1h,LONG,2025-11-25 10:30:00+05:30,2025-11-26 00:30:00+05:30,2942.36,245687.05,2706.97,3648.53,2922.9,244062.43,INTRADAY_SQUAREOFF,0.01,83.32,0.004239,1041.56,-6.89,1.22,-8.11,-8.11,8332.48,8324.37
343,ETH/INR,1h,LONG,2025-11-26 19:30:00+05:30,2025-11-27 00:30:00+05:30,2932.49,244863.15,2697.89,3636.29,3032.08,253178.85,INTRADAY_SQUAREOFF,0.01,83.24,0.00425,1040.55,35.34,1.25,34.09,34.09,8324.37,8358.46
344,ETH/INR,1h,LONG,2025-11-27 07:30:00+05:30,2025-11-28 00:30:00+05:30,3055.04,255095.57,2810.63,3788.25,3035.88,253496.0,INTRADAY_SQUAREOFF,0.01,83.58,0.004096,1044.81,-6.55,1.23,-7.78,-7.78,8358.46,8350.68
345,ETH/INR,1h,LONG,2025-11-28 10:30:00+05:30,2025-11-29 00:30:00+05:30,3020.03,252172.1,2778.42,3744.83,3039.64,253810.21,INTRADAY_SQUAREOFF,0.01,83.51,0.004139,1043.83,6.78,1.24,5.55,5.55,8350.68,8356.22
346,ETH/INR,1h,SHORT,2025-12-01 19:30:00+05:30,2025-12-02 00:30:00+05:30,2807.87,234457.53,3032.5,2133.98,2751.63,229761.31,INTRADAY_SQUAREOFF,0.01,83.56,0.004455,1044.53,20.92,1.22,19.7,19.7,8356.22,8375.92
347,ETH/INR,1h,SHORT,2025-12-02 15:30:00+05:30,2025-12-02 21:30:00+05:30,2795.34,233410.88,3018.97,2124.46,3020.48,252209.8,STOP_LOSS,0.01,83.76,0.004486,1046.99,-84.32,1.29,-85.61,-85.61,8375.92,8290.31
348,ETH/INR,1h,LONG,2025-12-03 15:30:00+05:30,2025-12-04 00:30:00+05:30,3064.43,255880.24,2819.28,3799.9,3113.97,260016.36,INTRADAY_SQUAREOFF,0.01,82.9,0.00405,1036.29,16.75,1.23,15.52,15.52,8290.31,8305.83
349,ETH/INR,1h,LONG,2025-12-04 08:30:00+05:30,2025-12-05 00:30:00+05:30,3226.62,269422.51,2968.49,4001.0,3140.2,262206.42,INTRADAY_SQUAREOFF,0.01,83.06,0.003854,1038.23,-27.81,1.21,-29.02,-29.02,8305.83,8276.82
350,ETH/INR,1h,SHORT,2025-12-06 13:30:00+05:30,2025-12-07 00:30:00+05:30,3025.35,252616.39,3267.37,2299.26,3044.59,254222.87,INTRADAY_SQUAREOFF,0.01,82.77,0.004096,1034.6,-6.58,1.22,-7.8,-7.8,8276.82,8269.01
351,ETH/INR,1h,SHORT,2025-12-07 10:30:00+05:30,2025-12-08 00:30:00+05:30,3043.11,254099.54,3286.56,2312.76,3131.28,261462.04,INTRADAY_SQUAREOFF,0.01,82.69,0.004068,1033.63,-29.95,1.24,-31.19,-31.19,8269.01,8237.83
352,ETH/INR,1h,LONG,2025-12-08 14:30:00+05:30,2025-12-09 00:30:00+05:30,3146.36,262721.16,2894.65,3901.49,3088.59,257896.95,INTRADAY_SQUAREOFF,0.01,82.38,0.003919,1029.73,-18.91,1.2,-20.11,-20.11,8237.83,8217.71
353,ETH/INR,1h,LONG,2025-12-10 04:30:00+05:30,2025-12-11 00:30:00+05:30,3340.42,278924.88,3073.18,4142.12,3381.53,282357.88,INTRADAY_SQUAREOFF,0.01,82.18,0.003683,1027.21,12.64,1.22,11.42,11.42,8217.71,8229.14
354,ETH/INR,1h,LONG,2025-12-12 08:30:00+05:30,2025-12-13 00:30:00+05:30,3267.01,272794.94,3005.64,4051.09,3079.64,257149.82,INTRADAY_SQUAREOFF,0.01,82.29,0.003771,1028.64,-58.99,1.18,-60.17,-60.17,8229.14,8168.96
355,ETH/INR,1h,LONG,2025-12-14 03:30:00+05:30,2025-12-15 00:30:00+05:30,3115.45,260140.34,2866.22,3863.16,3101.72,258993.38,INTRADAY_SQUAREOFF,0.01,81.69,0.003925,1021.12,-4.5,1.2,-5.7,-5.7,8168.96,8163.26
356,ETH/INR,1h,LONG,2025-12-15 15:30:00+05:30,2025-12-16 00:30:00+05:30,3159.46,263815.02,2906.7,3917.73,2937.27,245261.87,INTRADAY_SQUAREOFF,0.01,81.63,0.003868,1020.41,-71.76,1.16,-72.92,-72.92,8163.26,8090.34
357,ETH/INR,1h,SHORT,2025-12-16 06:30:00+05:30,2025-12-17 00:30:00+05:30,2940.93,245567.51,3176.2,2235.11,2952.76,246555.77,INTRADAY_SQUAREOFF,0.01,80.9,0.004118,1011.29,-4.07,1.2,-5.27,-5.27,8090.34,8085.07
358,ETH/INR,1h,SHORT,2025-12-17 09:30:00+05:30,2025-12-18 00:30:00+05:30,2943.79,245806.88,3179.3,2237.28,2812.84,234872.55,INTRADAY_SQUAREOFF,0.01,80.85,0.004111,1010.63,44.96,1.17,43.79,43.79,8085.07,8128.86
359,ETH/INR,1h,SHORT,2025-12-18 11:30:00+05:30,2025-12-19 00:30:00+05:30,2822.78,235702.19,3048.6,2145.31,2826.13,235982.05,INTRADAY_SQUAREOFF,0.01,81.29,0.004311,1016.11,-1.21,1.2,-2.41,-2.41,8128.86,8126.46
360,ETH/INR,1h,LONG,2025-12-20 17:30:00+05:30,2025-12-21 00:30:00+05:30,2988.19,249513.67,2749.13,3705.35,2975.11,248421.49,INTRADAY_SQUAREOFF,0.01,81.26,0.004071,1015.81,-4.45,1.2,-5.64,-5.64,8126.46,8120.81
361,ETH/INR,1h,LONG,2025-12-22 10:30:00+05:30,2025-12-23 00:30:00+05:30,3041.98,254005.28,2798.62,3772.05,3013.62,251637.44,INTRADAY_SQUAREOFF,0.01,81.21,0.003996,1015.1,-9.46,1.19,-10.66,-10.66,8120.81,8110.16
362,ETH/INR,1h,SHORT,2025-12-23 08:30:00+05:30,2025-12-24 00:30:00+05:30,2987.65,249468.47,3226.66,2270.61,2947.58,246123.07,INTRADAY_SQUAREOFF,0.01,81.1,0.004064,1013.77,13.59,1.19,12.41,12.41,8110.16,8122.56
363,ETH/INR,1h,SHORT,2025-12-24 04:30:00+05:30,2025-12-25 00:30:00+05:30,2952.77,246556.15,3188.99,2244.1,2940.99,245572.83,INTRADAY_SQUAREOFF,0.01,81.23,0.004118,1015.32,4.05,1.2,2.85,2.85,8122.56,8125.42
364,ETH/INR,1h,SHORT,2025-12-25 06:30:00+05:30,2025-12-26 00:30:00+05:30,2935.33,245099.83,3170.15,2230.85,2958.56,247039.4,INTRADAY_SQUAREOFF,0.01,81.25,0.004144,1015.68,-8.04,1.2,-9.24,-9.24,8125.42,8116.18
365,ETH/INR,1h,LONG,2025-12-26 19:30:00+05:30,2025-12-27 00:30:00+05:30,2984.89,249238.53,2746.1,3701.27,2919.37,243767.24,INTRADAY_SQUAREOFF,0.01,81.16,0.00407,1014.52,-22.27,1.18,-23.45,-23.45,8116.18,8092.72
366,ETH/INR,1h,SHORT,2025-12-27 22:30:00+05:30,2025-12-28 00:30:00+05:30,2915.81,243470.35,3149.08,2216.02,2925.4,244271.12,INTRADAY_SQUAREOFF,0.01,80.93,0.004155,1011.59,-3.33,1.2,-4.52,-4.52,8092.72,8088.2
367,ETH/INR,1h,SHORT,2025-12-30 00:30:00+05:30,2025-12-31 00:30:00+05:30,2912.5,243194.14,3145.51,2213.5,2970.78,248060.5,INTRADAY_SQUAREOFF,0.01,80.88,0.004157,1011.02,-20.23,1.2,-21.44,-21.44,8088.2,8066.76
368,ETH/INR,1h,LONG,2025-12-31 05:30:00+05:30,2026-01-01 00:30:00+05:30,2972.89,248236.58,2735.06,3686.39,2968.64,247881.7,INTRADAY_SQUAREOFF,0.01,80.67,0.004062,1008.35,-1.44,1.19,-2.63,-2.63,8066.76,8064.13
369,ETH/INR,1h,LONG,2026-01-01 03:30:00+05:30,2026-01-02 00:30:00+05:30,2980.38,248861.47,2741.95,3695.67,2984.27,249186.22,INTRADAY_SQUAREOFF,0.01,80.64,0.004051,1008.02,1.32,1.19,0.13,0.13,8064.13,8064.26
370,ETH/INR,1h,LONG,2026-01-02 04:30:00+05:30,2026-01-03 00:30:00+05:30,2997.1,250257.9,2757.33,3716.4,3106.71,259410.45,INTRADAY_SQUAREOFF,0.01,80.64,0.004028,1008.03,36.87,1.21,35.66,35.66,8064.26,8099.91
371,ETH/INR,1h,LONG,2026-01-03 03:30:00+05:30,2026-01-04 00:30:00+05:30,3131.28,261461.71,2880.78,3882.78,3112.66,259906.86,INTRADAY_SQUAREOFF,0.01,81.0,0.003872,1012.49,-6.02,1.19,-7.21,-7.21,8099.91,8092.7
372,ETH/INR,1h,LONG,2026-01-04 15:30:00+05:30,2026-01-05 00:30:00+05:30,3145.66,262662.34,2894.0,3900.61,3131.44,261475.19,INTRADAY_SQUAREOFF,0.01,80.93,0.003851,1011.59,-4.57,1.19,-5.76,-5.76,8092.7,8086.94
373,ETH/INR,1h,LONG,2026-01-05 02:30:00+05:30,2026-01-06 00:30:00+05:30,3141.74,262334.98,2890.4,3895.75,3218.65,268756.88,INTRADAY_SQUAREOFF,0.01,80.87,0.003853,1010.87,24.75,1.21,23.54,23.54,8086.94,8110.48
374,ETH/INR,1h,LONG,2026-01-06 12:30:00+05:30,2026-01-07 00:30:00+05:30,3251.26,271480.38,2991.16,4031.56,3215.69,268510.21,INTRADAY_SQUAREOFF,0.01,81.1,0.003734,1013.81,-11.09,1.19,-12.28,-12.28,8110.48,8098.2
375,ETH/INR,1h,SHORT,2026-01-08 09:30:00+05:30,2026-01-09 00:30:00+05:30,3131.55,261484.05,3382.07,2379.97,3119.22,260454.97,INTRADAY_SQUAREOFF,0.01,80.98,0.003871,1012.27,3.98,1.19,2.79,2.79,8098.2,8100.99
376,ETH/INR,1h,SHORT,2026-01-09 13:30:00+05:30,2026-01-10 00:30:00+05:30,3106.45,259388.95,3354.97,2360.91,3090.31,258041.11,INTRADAY_SQUAREOFF,0.01,81.01,0.003904,1012.62,5.26,1.19,4.07,4.07,8100.99,8105.06
377,ETH/INR,1h,LONG,2026-01-11 18:30:00+05:30,2026-01-12 00:30:00+05:30,3112.97,259933.1,2863.93,3860.08,3123.31,260796.42,INTRADAY_SQUAREOFF,0.01,81.05,0.003898,1013.13,3.36,1.2,2.17,2.17,8105.06,8107.22
378,ETH/INR,1h,LONG,2026-01-12 05:30:00+05:30,2026-01-13 00:30:00+05:30,3120.82,260588.81,2871.16,3869.82,3104.14,259195.33,INTRADAY_SQUAREOFF,0.01,81.07,0.003889,1013.4,-5.42,1.19,-6.61,-6.61,8107.22,8100.61
379,ETH/INR,1h,LONG,2026-01-14 01:30:00+05:30,2026-01-15 00:30:00+05:30,3216.51,268578.34,2959.19,3988.47,3337.74,278701.19,INTRADAY_SQUAREOFF,0.01,81.01,0.00377,1012.58,38.16,1.22,36.95,36.95,8100.61,8137.56
380,ETH/INR,1h,SHORT,2026-01-16 15:30:00+05:30,2026-01-17 00:30:00+05:30,3305.14,275978.85,3569.55,2511.9,3278.65,273767.33,INTRADAY_SQUAREOFF,0.01,81.38,0.003686,1017.19,8.15,1.2,6.96,6.96,8137.56,8144.52
381,ETH/INR,1h,LONG,2026-01-18 09:30:00+05:30,2026-01-19 00:30:00+05:30,3317.91,277045.53,3052.48,4114.21,3358.89,280467.28,INTRADAY_SQUAREOFF,0.01,81.45,0.003675,1018.06,12.57,1.21,11.37,11.37,8144.52,8155.88
382,ETH/INR,1h,SHORT,2026-01-19 12:30:00+05:30,2026-01-20 00:30:00+05:30,3188.19,266214.23,3443.25,2423.03,3214.6,268419.48,INTRADAY_SQUAREOFF,0.01,81.56,0.00383,1019.49,-8.45,1.21,-9.65,-9.65,8155.88,8146.23
383,ETH/INR,1h,SHORT,2026-01-20 03:30:00+05:30,2026-01-21 00:30:00+05:30,3208.66,267923.09,3465.35,2438.58,2991.2,249764.97,INTRADAY_SQUAREOFF,0.01,81.46,0.003801,1018.28,69.01,1.16,67.85,67.85,8146.23,8214.08
384,ETH/INR,1h,SHORT,2026-01-21 04:30:00+05:30,2026-01-22 00:30:00+05:30,2931.0,244738.73,3165.48,2227.56,2925.91,244313.12,INTRADAY_SQUAREOFF,0.01,82.14,0.004195,1026.76,1.79,1.21,0.58,0.58,8214.08,8214.65
385,ETH/INR,1h,LONG,2026-01-22 07:30:00+05:30,2026-01-23 00:30:00+05:30,3029.23,252940.84,2786.89,3756.25,2934.96,245069.57,INTRADAY_SQUAREOFF,0.01,82.15,0.00406,1026.83,-31.95,1.19,-33.15,-33.15,8214.65,8181.51
386,ETH/INR,1h,SHORT,2026-01-23 12:30:00+05:30,2026-01-24 00:30:00+05:30,2934.18,245004.26,3168.92,2229.98,2986.56,249377.83,INTRADAY_SQUAREOFF,0.01,81.82,0.004174,1022.69,-18.26,1.22,-19.47,-19.47,8181.51,8162.03
387,ETH/INR,1h,SHORT,2026-01-25 13:30:00+05:30,2026-01-26 00:30:00+05:30,2933.12,244915.69,3167.77,2229.17,2846.58,237689.78,INTRADAY_SQUAREOFF,0.01,81.62,0.004166,1020.25,30.1,1.19,28.92,28.92,8162.03,8190.95
388,ETH/INR,1h,LONG,2026-01-26 19:30:00+05:30,2026-01-27 00:30:00+05:30,2908.37,242848.75,2675.7,3606.38,2927.34,244432.79,INTRADAY_SQUAREOFF,0.01,81.91,0.004216,1023.87,6.68,1.21,5.47,5.47,8190.95,8196.42
389,ETH/INR,1h,LONG,2026-01-27 08:30:00+05:30,2026-01-28 00:30:00+05:30,2943.38,245772.06,2707.91,3649.79,2972.67,248217.9,INTRADAY_SQUAREOFF,0.01,81.96,0.004169,1024.55,10.2,1.21,8.98,8.98,8196.42,8205.4
390,ETH/INR,1h,LONG,2026-01-28 12:30:00+05:30,2026-01-29 00:30:00+05:30,3014.24,251689.0,2773.1,3737.66,3009.63,251304.4,INTRADAY_SQUAREOFF,0.01,82.05,0.004075,1025.67,-1.57,1.21,-2.78,-2.78,8205.4,8202.62
391,ETH/INR,1h,SHORT,2026-01-29 15:30:00+05:30,2026-01-30 00:30:00+05:30,2937.45,245276.71,3172.44,2232.46,2760.74,230521.49,INTRADAY_SQUAREOFF,0.01,82.03,0.00418,1025.33,61.68,1.17,60.51,60.51,8202.62,8263.13
392,ETH/INR,1h,SHORT,2026-01-30 06:30:00+05:30,2026-01-31 00:30:00+05:30,2798.13,233644.14,3021.98,2126.58,2736.89,228529.91,INTRADAY_SQUAREOFF,0.01,82.63,0.004421,1032.89,22.61,1.21,21.4,21.4,8263.13,8284.53
393,ETH/INR,1h,SHORT,2026-01-31 02:30:00+05:30,2026-02-01 00:30:00+05:30,2662.14,222288.48,2875.11,2023.22,2378.94,198641.64,INTRADAY_SQUAREOFF,0.01,82.85,0.004659,1035.57,110.16,1.16,109.01,109.01,8284.53,8393.54
394,ETH/INR,1h,SHORT,2026-02-01 11:30:00+05:30,2026-02-02 00:30:00+05:30,2423.06,202325.66,2616.91,1841.53,2350.27,196247.89,INTRADAY_SQUAREOFF,0.01,83.94,0.005186,1049.19,31.52,1.22,30.3,30.3,8393.54,8423.83
395,ETH/INR,1h,SHORT,2026-02-03 08:30:00+05:30,2026-02-04 00:30:00+05:30,2295.6,191682.41,2479.25,1744.65,2121.08,177110.04,INTRADAY_SQUAREOFF,0.01,84.24,0.005493,1052.98,80.05,1.2,78.86,78.86,8423.83,8502.69
396,ETH/INR,1h,SHORT,2026-02-05 09:30:00+05:30,2026-02-06 00:30:00+05:30,2098.55,175229.05,2266.44,1594.9,1947.43,162610.06,INTRADAY_SQUAREOFF,0.01,85.03,0.006065,1062.84,76.54,1.21,75.33,75.33,8502.69,8578.02
397,ETH/INR,1h,SHORT,2026-02-06 14:30:00+05:30,2026-02-06 21:30:00+05:30,1866.07,155816.54,2015.35,1418.21,2016.36,168366.01,STOP_LOSS,0.01,85.78,0.006882,1072.25,-86.36,1.32,-87.68,-87.68,8578.02,8490.34
398,ETH/INR,1h,LONG,2026-02-07 07:30:00+05:30,2026-02-08 00:30:00+05:30,2065.15,172440.25,1899.94,2560.79,2094.48,174889.41,INTRADAY_SQUAREOFF,0.01,84.9,0.006155,1061.29,15.07,1.26,13.81,13.81,8490.34,8504.16
399,ETH/INR,1h,LONG,2026-02-08 02:30:00+05:30,2026-02-09 00:30:00+05:30,2110.02,176186.57,1941.22,2616.42,2107.7,175992.58,INTRADAY_SQUAREOFF,0.01,85.04,0.006033,1063.02,-1.17,1.25,-2.42,-2.42,8504.16,8501.73
400,ETH/INR,1h,SHORT,2026-02-09 19:30:00+05:30,2026-02-10 00:30:00+05:30,2020.5,168711.86,2182.14,1535.58,2129.44,177807.91,INTRADAY_SQUAREOFF,0.01,85.02,0.006299,1062.72,-57.3,1.29,-58.58,-58.58,8501.73,8443.15
401,ETH/INR,1h,LONG,2026-02-10 07:30:00+05:30,2026-02-11 00:30:00+05:30,2122.82,177255.73,1953.0,2632.3,2007.4,167618.03,INTRADAY_SQUAREOFF,0.01,84.43,0.005954,1055.39,-57.38,1.21,-58.6,-58.6,8443.15,8384.55
402,ETH/INR,1h,SHORT,2026-02-11 08:30:00+05:30,2026-02-12 00:30:00+05:30,2013.16,168099.19,2174.22,1530.0,1943.28,162263.6,INTRADAY_SQUAREOFF,0.01,83.85,0.006235,1048.07,36.38,1.22,35.17,35.17,8384.55,8419.72
403,ETH/INR,1h,SHORT,2026-02-12 08:30:00+05:30,2026-02-13 00:30:00+05:30,1956.23,163345.16,2112.73,1486.73,1920.54,160365.29,INTRADAY_SQUAREOFF,0.01,84.2,0.006443,1052.47,19.2,1.23,17.97,17.97,8419.72,8437.69
404,ETH/INR,1h,SHORT,2026-02-13 06:30:00+05:30,2026-02-14 00:30:00+05:30,1928.67,161043.64,2082.96,1465.79,2057.59,171808.75,INTRADAY_SQUAREOFF,0.01,84.38,0.006549,1054.71,-70.5,1.29,-71.79,-71.79,8437.69,8365.9
405,ETH/INR,1h,LONG,2026-02-14 06:30:00+05:30,2026-02-15 00:30:00+05:30,2055.52,171635.83,1891.08,2548.84,2082.95,173926.32,INTRADAY_SQUAREOFF,0.01,83.66,0.006093,1045.74,13.96,1.24,12.71,12.71,8365.9,8378.62
406,ETH/INR,1h,SHORT,2026-02-15 23:30:00+05:30,2026-02-16 01:30:00+05:30,1959.21,163594.19,2115.95,1489.0,1942.61,162208.03,INTRADAY_SQUAREOFF,0.01,83.79,0.006402,1047.33,8.87,1.23,7.64,7.64,8378.62,8386.26
407,ETH/INR,1h,SHORT,2026-02-16 08:30:00+05:30,2026-02-17 00:30:00+05:30,1952.13,163003.14,2108.3,1483.62,1969.56,164458.39,INTRADAY_SQUAREOFF,0.01,83.86,0.006431,1048.28,-9.36,1.24,-10.6,-10.6,8386.26,8375.66
408,ETH/INR,1h,SHORT,2026-02-17 07:30:00+05:30,2026-02-18 00:30:00+05:30,1990.18,166179.97,2149.39,1512.54,2000.06,167004.63,INTRADAY_SQUAREOFF,0.01,83.76,0.0063,1046.96,-5.2,1.24,-6.43,-6.43,8375.66,8369.22
409,ETH/INR,1h,SHORT,2026-02-18 06:30:00+05:30,2026-02-19 00:30:00+05:30,1979.89,165320.57,2138.28,1504.71,1952.71,163051.53,INTRADAY_SQUAREOFF,0.01,83.69,0.006328,1046.15,14.36,1.23,13.13,13.13,8369.22,8382.36
410,ETH/INR,1h,SHORT,2026-02-19 14:30:00+05:30,2026-02-20 00:30:00+05:30,1966.08,164167.46,2123.36,1494.22,1940.08,161996.69,INTRADAY_SQUAREOFF,0.01,83.82,0.006382,1047.79,13.85,1.23,12.63,12.63,8382.36,8394.98
411,ETH/INR,1h,SHORT,2026-02-20 10:30:00+05:30,2026-02-21 00:30:00+05:30,1932.75,161384.54,2087.37,1468.89,1978.27,165185.19,INTRADAY_SQUAREOFF,0.01,83.95,0.006502,1049.37,-24.71,1.25,-25.97,-25.97,8394.98,8369.02
412,ETH/INR,1h,SHORT,2026-02-23 02:30:00+05:30,2026-02-24 00:30:00+05:30,1938.88,161896.61,2093.99,1473.55,1858.61,155194.27,INTRADAY_SQUAREOFF,0.01,83.69,0.006462,1046.13,43.31,1.21,42.1,42.1,8369.02,8411.12
413,ETH/INR,1h,LONG,2026-02-25 14:30:00+05:30,2026-02-26 00:30:00+05:30,1912.9,159726.87,1759.86,2371.99,2073.81,173162.99,INTRADAY_SQUAREOFF,0.01,84.11,0.006582,1051.39,88.44,1.29,87.15,87.15,8411.12,8498.27
414,ETH/INR,1h,LONG,2026-02-26 02:30:00+05:30,2026-02-27 00:30:00+05:30,2081.29,173787.64,1914.79,2580.8,2003.07,167256.29,INTRADAY_SQUAREOFF,0.01,84.98,0.006113,1062.28,-39.92,1.23,-41.15,-41.15,8498.27,8457.11
415,ETH/INR,1h,SHORT,2026-02-27 06:30:00+05:30,2026-02-28 00:30:00+05:30,2008.86,167740.13,2169.57,1526.74,1918.9,160228.11,INTRADAY_SQUAREOFF,0.01,84.57,0.006302,1057.14,47.34,1.22,46.12,46.12,8457.11,8503.24
416,ETH/INR,1h,SHORT,2026-02-28 09:30:00+05:30,2026-03-01 00:30:00+05:30,1921.28,160426.55,2074.98,1460.17,1937.35,161768.63,INTRADAY_SQUAREOFF,0.01,85.03,0.006625,1062.9,-8.89,1.26,-10.15,-10.15,8503.24,8493.09
417,ETH/INR,1h,LONG,2026-03-01 07:30:00+05:30,2026-03-02 00:30:00+05:30,2014.1,168177.27,1852.97,2497.48,1974.91,164904.71,INTRADAY_SQUAREOFF,0.01,84.93,0.006313,1061.64,-20.66,1.24,-21.9,-21.9,8493.09,8471.19
418,ETH/INR,1h,SHORT,2026-03-02 12:30:00+05:30,2026-03-03 00:30:00+05:30,1938.86,161894.67,2093.97,1473.53,2030.58,169553.24,INTRADAY_SQUAREOFF,0.01,84.71,0.006541,1058.9,-50.09,1.28,-51.37,-51.37,8471.19,8419.82
419,ETH/INR,1h,LONG,2026-03-04 19:30:00+05:30,2026-03-05 00:30:00+05:30,2068.85,172748.94,1903.34,2565.37,2161.34,180472.21,INTRADAY_SQUAREOFF,0.01,84.2,0.006093,1052.48,47.05,1.27,45.78,45.78,8419.82,8465.6
420,ETH/INR,1h,LONG,2026-03-05 10:30:00+05:30,2026-03-06 00:30:00+05:30,2143.05,178944.49,1971.6,2657.38,2075.54,173307.98,INTRADAY_SQUAREOFF,0.01,84.66,0.005914,1058.2,-33.33,1.23,-34.56,-34.56,8465.6,8431.04
421,ETH/INR,1h,SHORT,2026-03-07 05:30:00+05:30,2026-03-08 00:30:00+05:30,1976.85,165067.34,2135.0,1502.41,1972.21,164679.4,INTRADAY_SQUAREOFF,0.01,84.31,0.006385,1053.88,2.48,1.24,1.23,1.23,8431.04,8432.27
422,ETH/INR,1h,SHORT,2026-03-08 08:30:00+05:30,2026-03-09 00:30:00+05:30,1939.19,161922.53,2094.33,1473.79,1931.43,161274.81,INTRADAY_SQUAREOFF,0.01,84.32,0.006509,1054.03,4.22,1.24,2.98,2.98,8432.27,8435.25
423,ETH/INR,1h,LONG,2026-03-09 14:30:00+05:30,2026-03-10 00:30:00+05:30,1999.77,166980.63,1839.79,2479.71,2011.91,167994.55,INTRADAY_SQUAREOFF,0.01,84.35,0.006315,1054.41,6.4,1.25,5.15,5.15,8435.25,8440.4
424,ETH/INR,1h,LONG,2026-03-10 06:30:00+05:30,2026-03-11 00:30:00+05:30,2023.01,168920.99,1861.17,2508.53,2039.01,170257.35,INTRADAY_SQUAREOFF,0.01,84.4,0.006246,1055.05,8.35,1.25,7.1,7.1,8440.4,8447.5
425,ETH/INR,1h,LONG,2026-03-11 05:30:00+05:30,2026-03-12 00:30:00+05:30,2038.15,170185.42,1875.1,2527.3,2076.27,173368.54,INTRADAY_SQUAREOFF,0.01,84.47,0.006205,1055.94,19.75,1.26,18.49,18.49,8447.5,8465.99
426,ETH/INR,1h,LONG,2026-03-13 01:30:00+05:30,2026-03-14 00:30:00+05:30,2073.97,173176.44,1908.05,2571.72,2099.89,175340.71,INTRADAY_SQUAREOFF,0.01,84.66,0.006111,1058.25,13.23,1.26,11.97,11.97,8465.99,8477.96
427,ETH/INR,1h,SHORT,2026-03-14 10:30:00+05:30,2026-03-15 00:30:00+05:30,2088.1,174356.71,2255.15,1586.96,2078.46,173551.79,INTRADAY_SQUAREOFF,0.01,84.78,0.006078,1059.75,4.89,1.25,3.64,3.64,8477.96,8481.61
428,ETH/INR,1h,LONG,2026-03-15 14:30:00+05:30,2026-03-16 00:30:00+05:30,2114.12,176528.88,1944.99,2621.51,2099.41,175300.53,INTRADAY_SQUAREOFF,0.01,84.82,0.006006,1060.2,-7.38,1.25,-8.62,-8.62,8481.61,8472.98
429,ETH/INR,1h,LONG,2026-03-16 07:30:00+05:30,2026-03-17 00:30:00+05:30,2189.57,182828.73,2014.4,2715.06,2319.89,193711.2,INTRADAY_SQUAREOFF,0.01,84.73,0.005793,1059.12,63.04,1.29,61.75,61.75,8472.98,8534.74
430,ETH/INR,1h,LONG,2026-03-17 17:30:00+05:30,2026-03-18 00:30:00+05:30,2333.0,194805.37,2146.36,2892.92,2331.82,194706.83,INTRADAY_SQUAREOFF,0.01,85.35,0.005476,1066.84,-0.54,1.26,-1.8,-1.8,8534.74,8532.94
431,ETH/INR,1h,LONG,2026-03-18 14:30:00+05:30,2026-03-19 00:30:00+05:30,2326.22,194239.75,2140.13,2884.52,2182.8,182264.12,INTRADAY_SQUAREOFF,0.01,85.33,0.005491,1066.62,-65.76,1.22,-66.98,-66.98,8532.94,8465.96
432,ETH/INR,1h,SHORT,2026-03-19 10:30:00+05:30,2026-03-20 00:30:00+05:30,2191.18,182963.69,2366.48,1665.3,2128.34,177716.53,INTRADAY_SQUAREOFF,0.01,84.66,0.005784,1058.24,30.35,1.23,29.12,29.12,8465.96,8495.08
433,ETH/INR,1h,SHORT,2026-03-20 04:30:00+05:30,2026-03-21 00:30:00+05:30,2134.94,178267.54,2305.74,1622.55,2123.64,177324.32,INTRADAY_SQUAREOFF,0.01,84.95,0.005957,1061.88,5.62,1.25,4.37,4.37,8495.08,8499.44
434,ETH/INR,1h,SHORT,2026-03-21 05:30:00+05:30,2026-03-22 00:30:00+05:30,2143.45,178978.48,2314.93,1629.03,2152.25,179712.81,INTRADAY_SQUAREOFF,0.01,84.99,0.005936,1062.43,-4.36,1.26,-5.62,-5.62,8499.44,8493.83
435,ETH/INR,1h,SHORT,2026-03-22 04:30:00+05:30,2026-03-23 00:30:00+05:30,2148.61,179409.2,2320.5,1632.95,2072.41,173046.19,INTRADAY_SQUAREOFF,0.01,84.94,0.005918,1061.73,37.66,1.23,36.43,36.43,8493.83,8530.25
436,ETH/INR,1h,SHORT,2026-03-23 12:30:00+05:30,2026-03-24 00:30:00+05:30,2028.66,169393.28,2190.96,1541.78,2170.62,181247.01,INTRADAY_SQUAREOFF,0.01,85.3,0.006295,1066.28,-74.62,1.3,-75.92,-75.92,8530.25,8454.34
437,ETH/INR,1h,LONG,2026-03-24 13:30:00+05:30,2026-03-25 00:30:00+05:30,2169.03,181113.74,1995.5,2689.59,2116.91,176762.37,INTRADAY_SQUAREOFF,0.01,84.54,0.005835,1056.79,-25.39,1.23,-26.62,-26.62,8454.34,8427.71
438,ETH/INR,1h,SHORT,2026-03-26 15:30:00+05:30,2026-03-27 00:30:00+05:30,2076.22,173364.49,2242.32,1577.93,2046.53,170885.28,INTRADAY_SQUAREOFF,0.01,84.28,0.006077,1053.46,15.07,1.23,13.83,13.83,8427.71,8441.55
439,ETH/INR,1h,SHORT,2026-03-27 05:30:00+05:30,2026-03-28 00:30:00+05:30,2056.16,171689.04,2220.65,1562.68,1984.18,165678.62,INTRADAY_SQUAREOFF,0.01,84.42,0.006146,1055.19,36.94,1.22,35.72,35.72,8441.55,8477.26
440,ETH/INR,1h,SHORT,2026-03-28 14:30:00+05:30,2026-03-29 00:30:00+05:30,1996.74,166727.48,2156.48,1517.52,2021.93,168830.89,INTRADAY_SQUAREOFF,0.01,84.77,0.006356,1059.66,-13.37,1.26,-14.63,-14.63,8477.26,8462.64
441,ETH/INR,1h,LONG,2026-03-29 02:30:00+05:30,2026-03-30 00:30:00+05:30,2025.56,169134.46,1863.52,2511.7,1994.75,166561.59,INTRADAY_SQUAREOFF,0.01,84.63,0.006254,1057.83,-16.09,1.24,-17.33,-17.33,8462.64,8445.3
442,ETH/INR,1h,LONG,2026-03-30 13:30:00+05:30,2026-03-31 00:30:00+05:30,2059.52,171969.73,1894.76,2553.8,2029.31,169447.36,INTRADAY_SQUAREOFF,0.01,84.45,0.006139,1055.66,-15.48,1.24,-16.72,-16.72,8445.3,8428.58
443,ETH/INR,1h,SHORT,2026-03-31 10:30:00+05:30,2026-04-01 00:30:00+05:30,2055.19,171608.38,2219.61,1561.94,2099.2,175282.81,INTRADAY_SQUAREOFF,0.01,84.29,0.006139,1053.57,-22.56,1.26,-23.82,-23.82,8428.58,8404.77
444,ETH/INR,1h,LONG,2026-04-01 02:30:00+05:30,2026-04-02 00:30:00+05:30,2107.46,175972.78,1938.86,2613.25,2126.88,177594.12,INTRADAY_SQUAREOFF,0.01,84.05,0.00597,1050.6,9.68,1.25,8.43,8.43,8404.77,8413.2
445,ETH/INR,1h,LONG,2026-04-02 06:30:00+05:30,2026-04-03 00:30:00+05:30,2159.22,180295.03,1986.48,2677.44,2057.13,171770.47,INTRADAY_SQUAREOFF,0.01,84.13,0.005833,1051.65,-49.72,1.21,-50.93,-50.93,8413.2,8362.27
446,ETH/INR,1h,LONG,2026-04-03 17:30:00+05:30,2026-04-04 00:30:00+05:30,2064.98,172425.89,1899.78,2560.58,2047.73,170985.82,INTRADAY_SQUAREOFF,0.01,83.62,0.006062,1045.28,-8.73,1.23,-9.96,-9.96,8362.27,8352.31
447,ETH/INR,1h,LONG,2026-04-04 11:30:00+05:30,2026-04-05 00:30:00+05:30,2054.77,171573.42,1890.39,2547.92,2054.02,171510.41,INTRADAY_SQUAREOFF,0.01,83.52,0.006085,1044.04,-0.38,1.23,-1.62,-1.62,8352.31,8350.69
448,ETH/INR,1h,LONG,2026-04-06 04:30:00+05:30,2026-04-07 00:30:00+05:30,2086.47,174220.32,1919.55,2587.22,2143.79,179006.58,INTRADAY_SQUAREOFF,0.01,83.51,0.005991,1043.84,28.68,1.25,27.43,27.43,8350.69,8378.12
449,ETH/INR,1h,LONG,2026-04-07 02:30:00+05:30,2026-04-08 00:30:00+05:30,2154.04,179861.96,1981.71,2671.0,2084.72,174073.82,INTRADAY_SQUAREOFF,0.01,83.78,0.005823,1047.27,-33.7,1.22,-34.92,-34.92,8378.12,8343.2
450,ETH/INR,1h,LONG,2026-04-08 18:30:00+05:30,2026-04-09 00:30:00+05:30,2257.93,188536.82,2077.29,2799.83,2198.04,183536.39,INTRADAY_SQUAREOFF,0.01,83.43,0.005532,1042.9,-27.66,1.21,-28.87,-28.87,8343.2,8314.33
451,ETH/INR,1h,SHORT,2026-04-09 04:30:00+05:30,2026-04-10 00:30:00+05:30,2183.34,182309.17,2358.01,1659.34,2207.89,184359.12,INTRADAY_SQUAREOFF,0.01,83.14,0.005701,1039.29,-11.69,1.23,-12.92,-12.92,8314.33,8301.41
452,ETH/INR,1h,LONG,2026-04-10 10:30:00+05:30,2026-04-11 00:30:00+05:30,2197.25,183470.08,2021.47,2724.59,2248.86,187779.74,INTRADAY_SQUAREOFF,0.01,83.01,0.005656,1037.68,24.37,1.24,23.14,23.14,8301.41,8324.55
453,ETH/INR,1h,LONG,2026-04-11 17:30:00+05:30,2026-04-12 00:30:00+05:30,2248.71,187766.87,2068.81,2788.39,2303.59,192349.65,INTRADAY_SQUAREOFF,0.01,83.25,0.005542,1040.57,25.4,1.24,24.15,24.15,8324.55,8348.7
454,ETH/INR,1h,SHORT,2026-04-12 16:30:00+05:30,2026-04-13 00:30:00+05:30,2196.86,183438.22,2372.61,1669.62,2202.68,183923.87,INTRADAY_SQUAREOFF,0.01,83.49,0.005689,1043.59,-2.76,1.23,-4.0,-4.0,8348.7,8344.7
455,ETH/INR,1h,LONG,2026-04-14 04:30:00+05:30,2026-04-15 00:30:00+05:30,2362.75,197289.7,2173.73,2929.81,2312.68,193109.04,INTRADAY_SQUAREOFF,0.01,83.45,0.005287,1043.09,-22.1,1.22,-23.32,-23.32,8344.7,8321.38
456,ETH/INR,1h,SHORT,2026-04-15 11:30:00+05:30,2026-04-16 00:30:00+05:30,2314.47,193258.42,2499.63,1759.0,2360.7,197118.43,INTRADAY_SQUAREOFF,0.01,83.21,0.005382,1040.17,-20.78,1.24,-22.02,-22.02,8321.38,8299.37
457,ETH/INR,1h,LONG,2026-04-17 12:30:00+05:30,2026-04-18 00:30:00+05:30,2334.1,194897.05,2147.37,2894.28,2420.5,202111.68,INTRADAY_SQUAREOFF,0.01,82.99,0.005323,1037.42,38.4,1.25,37.16,37.16,8299.37,8336.52
458,ETH/INR,1h,SHORT,2026-04-19 22:30:00+05:30,2026-04-20 00:30:00+05:30,2305.15,192479.77,2489.56,1751.91,2299.82,192034.91,INTRADAY_SQUAREOFF,0.01,83.37,0.005414,1042.07,2.41,1.23,1.18,1.18,8336.52,8337.7
459,ETH/INR,1h,SHORT,2026-04-20 03:30:00+05:30,2026-04-21 00:30:00+05:30,2274.16,189892.56,2456.1,1728.36,2337.07,195145.17,INTRADAY_SQUAREOFF,0.01,83.38,0.005488,1042.21,-28.83,1.25,-30.08,-30.08,8337.7,8307.63
460,ETH/INR,1h,LONG,2026-04-22 17:30:00+05:30,2026-04-23 00:30:00+05:30,2402.89,200641.38,2210.66,2979.58,2394.27,199921.73,INTRADAY_SQUAREOFF,0.01,83.08,0.005176,1038.45,-3.72,1.22,-4.95,-4.95,8307.63,8302.68
461,ETH/INR,1h,SHORT,2026-04-23 13:30:00+05:30,2026-04-24 00:30:00+05:30,2340.96,195470.06,2528.24,1779.13,2306.94,192629.73,INTRADAY_SQUAREOFF,0.01,83.03,0.005309,1037.84,15.08,1.22,13.86,13.86,8302.68,8316.55
462,ETH/INR,1h,SHORT,2026-04-24 08:30:00+05:30,2026-04-25 00:30:00+05:30,2315.37,193333.54,2500.6,1759.68,2322.82,193955.53,INTRADAY_SQUAREOFF,0.01,83.17,0.005377,1039.57,-3.34,1.23,-4.57,-4.57,8316.55,8311.97
463,ETH/INR,1h,SHORT,2026-04-25 03:30:00+05:30,2026-04-26 00:30:00+05:30,2312.67,193108.21,2497.69,1757.63,2312.86,193123.46,INTRADAY_SQUAREOFF,0.01,83.12,0.00538,1039.0,-0.08,1.23,-1.31,-1.31,8311.97,8310.66
464,ETH/INR,1h,SHORT,2026-04-26 07:30:00+05:30,2026-04-27 00:30:00+05:30,2312.92,193129.07,2497.96,1757.82,2364.19,197409.99,INTRADAY_SQUAREOFF,0.01,83.11,0.005379,1038.83,-23.03,1.24,-24.27,-24.27,8310.66,8286.4
465,ETH/INR,1h,LONG,2026-04-27 06:30:00+05:30,2026-04-28 00:30:00+05:30,2393.58,199863.6,2202.09,2968.03,2286.81,190948.3,INTRADAY_SQUAREOFF,0.01,82.86,0.005183,1035.8,-46.2,1.19,-47.4,-47.4,8286.4,8239.0
466,ETH/INR,1h,SHORT,2026-04-28 03:30:00+05:30,2026-04-29 00:30:00+05:30,2285.49,190838.13,2468.33,1736.97,2298.02,191884.55,INTRADAY_SQUAREOFF,0.01,82.39,0.005397,1029.87,-5.65,1.22,-6.87,-6.87,8239.0,8232.13
467,ETH/INR,1h,SHORT,2026-04-29 04:30:00+05:30,2026-04-30 00:30:00+05:30,2284.07,190719.62,2466.79,1735.89,2240.13,187050.81,INTRADAY_SQUAREOFF,0.01,82.32,0.005395,1029.02,19.79,1.2,18.59,18.59,8232.13,8250.73
468,ETH/INR,1h,SHORT,2026-04-30 08:30:00+05:30,2026-05-01 00:30:00+05:30,2234.55,186585.1,2413.32,1698.26,2259.56,188673.19,INTRADAY_SQUAREOFF,0.01,82.51,0.005527,1031.34,-11.54,1.22,-12.77,-12.77,8250.73,8237.96
469,ETH/INR,1h,SHORT,2026-05-01 03:30:00+05:30,2026-05-02 00:30:00+05:30,2252.38,188074.0,2432.57,1711.81,2306.04,192554.54,INTRADAY_SQUAREOFF,0.01,82.38,0.005475,1029.75,-24.53,1.23,-25.76,-25.76,8237.96,8212.2
470,ETH/INR,1h,LONG,2026-05-02 12:30:00+05:30,2026-05-03 00:30:00+05:30,2306.78,192616.36,2122.24,2860.41,2309.11,192811.09,INTRADAY_SQUAREOFF,0.01,82.12,0.005329,1026.52,1.04,1.21,-0.17,-0.17,8212.2,8212.03
471,ETH/INR,1h,LONG,2026-05-04 01:30:00+05:30,2026-05-05 00:30:00+05:30,2338.68,195279.68,2151.58,2899.96,2360.99,197142.57,INTRADAY_SQUAREOFF,0.01,82.12,0.005257,1026.5,9.79,1.22,8.58,8.58,8212.03,8220.6
472,ETH/INR,1h,LONG,2026-05-05 06:30:00+05:30,2026-05-06 05:30:00+05:30,2360.62,197111.74,2171.77,2927.17,2358.53,196937.26,INTRADAY_SQUAREOFF,0.01,82.21,0.005213,1027.58,-0.91,1.21,-2.12,-2.12,8220.6,8218.48
473,ETH/INR,1h,LONG,2026-05-06 12:30:00+05:30,2026-05-07 00:30:00+05:30,2372.17,198075.82,2182.39,2941.49,2343.51,195682.88,INTRADAY_SQUAREOFF,0.01,82.18,0.005186,1027.31,-12.41,1.2,-13.62,-13.62,8218.48,8204.86
474,ETH/INR,1h,SHORT,2026-05-07 06:30:00+05:30,2026-05-08 00:30:00+05:30,2328.24,194407.64,2514.49,1769.46,2297.07,191805.17,INTRADAY_SQUAREOFF,0.01,82.05,0.005276,1025.61,13.73,1.2,12.53,12.53,8204.86,8217.39
475,ETH/INR,1h,SHORT,2026-05-08 08:30:00+05:30,2026-05-09 00:30:00+05:30,2269.6,189511.37,2451.17,1724.89,2314.74,193280.53,INTRADAY_SQUAREOFF,0.01,82.17,0.00542,1027.17,-20.43,1.22,-21.65,-21.65,8217.39,8195.74
476,ETH/INR,1h,LONG,2026-05-09 21:30:00+05:30,2026-05-10 00:30:00+05:30,2318.89,193627.22,2133.38,2875.42,2328.99,194471.07,INTRADAY_SQUAREOFF,0.01,81.96,0.005291,1024.47,4.46,1.21,3.25,3.25,8195.74,8198.99
477,ETH/INR,1h,LONG,2026-05-10 08:30:00+05:30,2026-05-11 00:30:00+05:30,2328.8,194455.11,2142.5,2887.72,2357.19,196825.44,INTRADAY_SQUAREOFF,0.01,81.99,0.00527,1024.87,12.49,1.22,11.28,11.28,8198.99,8210.27
478,ETH/INR,1h,LONG,2026-05-11 17:30:00+05:30,2026-05-12 00:30:00+05:30,2336.94,195134.32,2149.98,2897.8,2334.46,194927.58,INTRADAY_SQUAREOFF,0.01,82.1,0.005259,1026.28,-1.09,1.21,-2.3,-2.3,8210.27,8207.97
479,ETH/INR,1h,SHORT,2026-05-12 12:30:00+05:30,2026-05-13 00:30:00+05:30,2300.86,192121.73,2484.93,1748.65,2280.56,190426.73,INTRADAY_SQUAREOFF,0.01,82.08,0.00534,1026.0,9.05,1.21,7.85,7.85,8207.97,8215.82
480,ETH/INR,1h,SHORT,2026-05-13 11:30:00+05:30,2026-05-14 00:30:00+05:30,2294.47,191588.44,2478.03,1743.8,2259.73,188687.4,INTRADAY_SQUAREOFF,0.01,82.16,0.00536,1026.98,15.55,1.2,14.35,14.35,8215.82,8230.16
481,ETH/INR,1h,SHORT,2026-05-14 03:30:00+05:30,2026-05-15 00:30:00+05:30,2252.23,188061.49,2432.41,1711.7,2311.27,192990.64,INTRADAY_SQUAREOFF,0.01,82.3,0.00547,1028.77,-26.96,1.23,-28.19,-28.19,8230.16,8201.97
482,ETH/INR,1h,SHORT,2026-05-16 01:30:00+05:30,2026-05-17 00:30:00+05:30,2219.45,185324.06,2397.01,1686.78,2181.66,182168.64,INTRADAY_SQUAREOFF,0.01,82.02,0.005532,1025.25,17.46,1.2,16.26,16.26,8201.97,8218.23
483,ETH/INR,1h,SHORT,2026-05-17 04:30:00+05:30,2026-05-18 00:30:00+05:30,2177.61,181830.49,2351.82,1654.98,2188.76,182761.77,INTRADAY_SQUAREOFF,0.01,82.18,0.00565,1027.28,-5.26,1.22,-6.48,-6.48,8218.23,8211.75
484,ETH/INR,1h,SHORT,2026-05-19 00:30:00+05:30,2026-05-20 00:30:00+05:30,2076.96,173426.24,2243.12,1578.49,2115.02,176603.91,INTRADAY_SQUAREOFF,0.01,82.12,0.005919,1026.47,-18.81,1.22,-20.03,-20.03,8211.75,8191.72
485,ETH/INR,1h,SHORT,2026-05-20 19:30:00+05:30,2026-05-21 00:30:00+05:30,2113.37,176466.62,2282.44,1606.16,2130.55,177901.32,INTRADAY_SQUAREOFF,0.01,81.92,0.005803,1023.96,-8.32,1.21,-9.54,-9.54,8191.72,8182.18
486,ETH/INR,1h,SHORT,2026-05-22 10:30:00+05:30,2026-05-23 00:30:00+05:30,2129.49,177812.81,2299.85,1618.42,2098.76,175246.36,INTRADAY_SQUAREOFF,0.01,81.82,0.005752,1022.77,14.76,1.2,13.56,13.56,8182.18,8195.74
487,ETH/INR,1h,SHORT,2026-05-23 12:30:00+05:30,2026-05-24 00:30:00+05:30,2057.08,171766.27,2221.65,1563.38,2072.81,173079.29,INTRADAY_SQUAREOFF,0.01,81.96,0.005964,1024.47,-7.83,1.21,-9.04,-9.04,8195.74,8186.7
488,ETH/INR,1h,LONG,2026-05-24 12:30:00+05:30,2026-05-25 00:30:00+05:30,2128.01,177689.12,1957.77,2638.74,2096.22,175034.49,INTRADAY_SQUAREOFF,0.01,81.87,0.005759,1023.34,-15.29,1.2,-16.49,-16.49,8186.7,8170.21
489,ETH/INR,1h,SHORT,2026-05-25 07:30:00+05:30,2026-05-26 00:30:00+05:30,2089.78,174497.02,2256.97,1588.24,2126.04,177524.55,INTRADAY_SQUAREOFF,0.01,81.7,0.005853,1021.28,-17.72,1.22,-18.93,-18.93,8170.21,8151.28
490,ETH/INR,1h,SHORT,2026-05-27 09:30:00+05:30,2026-05-28 00:30:00+05:30,2065.42,172462.3,2230.65,1569.72,2053.84,171495.34,INTRADAY_SQUAREOFF,0.01,81.51,0.005908,1018.91,5.71,1.2,4.51,4.51,8151.28,8155.79
491,ETH/INR,1h,SHORT,2026-05-28 03:30:00+05:30,2026-05-29 00:30:00+05:30,2011.99,168001.46,2172.95,1529.12,2022.44,168873.8,INTRADAY_SQUAREOFF,0.01,81.56,0.006068,1019.47,-5.29,1.21,-6.5,-6.5,8155.79,8149.29
492,ETH/INR,1h,LONG,2026-05-30 15:30:00+05:30,2026-05-31 00:30:00+05:30,2015.56,168299.04,1854.31,2499.29,2023.5,168962.06,INTRADAY_SQUAREOFF,0.01,81.49,0.006053,1018.66,4.01,1.2,2.81,2.81,8149.29,8152.1
493,ETH/INR,1h,LONG,2026-05-31 06:30:00+05:30,2026-06-01 00:30:00+05:30,2025.75,169150.32,1863.69,2511.93,1997.28,166772.95,INTRADAY_SQUAREOFF,0.01,81.52,0.006024,1019.01,-14.32,1.19,-15.52,-15.52,8152.1,8136.59
494,ETH/INR,1h,SHORT,2026-06-01 07:30:00+05:30,2026-06-02 00:30:00+05:30,1990.2,166182.06,2149.42,1512.56,1991.51,166290.69,INTRADAY_SQUAREOFF,0.01,81.37,0.00612,1017.07,-0.66,1.2,-1.87,-1.87,8136.59,8134.72
495,ETH/INR,1h,SHORT,2026-06-02 03:30:00+05:30,2026-06-03 00:30:00+05:30,1988.65,166051.87,2147.74,1511.37,1910.75,159548.04,INTRADAY_SQUAREOFF,0.01,81.35,0.006124,1016.84,39.83,1.18,38.65,38.65,8134.72,8173.37
496,ETH/INR,1h,SHORT,2026-06-03 08:30:00+05:30,2026-06-04 00:30:00+05:30,1847.99,154306.8,1995.82,1404.47,1830.7,152863.86,INTRADAY_SQUAREOFF,0.01,81.73,0.006621,1021.67,9.55,1.2,8.35,8.35,8173.37,8181.72
497,ETH/INR,1h,SHORT,2026-06-04 13:30:00+05:30,2026-06-05 00:30:00+05:30,1770.92,147872.17,1912.6,1345.9,1774.0,148128.71,INTRADAY_SQUAREOFF,0.01,81.82,0.006916,1022.72,-1.77,1.21,-2.98,-2.98,8181.72,8178.74
498,ETH/INR,1h,SHORT,2026-06-05 03:30:00+05:30,2026-06-06 00:30:00+05:30,1755.79,146608.61,1896.26,1334.4,1552.3,129616.7,INTRADAY_SQUAREOFF,0.01,81.79,0.006973,1022.34,118.49,1.14,117.35,117.35,8178.74,8296.09
499,ETH/INR,1h,SHORT,2026-06-06 15:30:00+05:30,2026-06-07 00:30:00+05:30,1564.56,130640.53,1689.72,1189.06,1556.84,129995.98,INTRADAY_SQUAREOFF,0.01,82.96,0.007938,1037.01,5.12,1.22,3.9,3.9,8296.09,8299.99
500,ETH/INR,1h,LONG,2026-06-08 03:30:00+05:30,2026-06-09 00:30:00+05:30,1635.95,136601.62,1505.07,2028.57,1682.75,140509.47,INTRADAY_SQUAREOFF,0.01,83.0,0.007595,1037.5,29.68,1.24,28.44,28.44,8299.99,8328.43
501,ETH/INR,1h,SHORT,2026-06-10 04:30:00+05:30,2026-06-11 00:30:00+05:30,1637.67,136745.51,1768.68,1244.63,1629.55,136067.79,INTRADAY_SQUAREOFF,0.01,83.28,0.007613,1041.05,5.16,1.23,3.93,3.93,8328.43,8332.36
502,ETH/INR,1h,SHORT,2026-06-11 03:30:00+05:30,2026-06-12 00:30:00+05:30,1602.56,133813.62,1730.76,1217.94,1682.41,140481.3,INTRADAY_SQUAREOFF,0.01,83.32,0.007784,1041.55,-51.9,1.26,-53.16,-53.16,8332.36,8279.21
503,ETH/INR,1h,LONG,2026-06-12 08:30:00+05:30,2026-06-13 00:30:00+05:30,1676.33,139973.37,1542.22,2078.65,1664.91,139019.74,INTRADAY_SQUAREOFF,0.01,82.79,0.007394,1034.9,-7.05,1.22,-8.27,-8.27,8279.21,8270.94
504,ETH/INR,1h,LONG,2026-06-13 07:30:00+05:30,2026-06-14 00:30:00+05:30,1675.33,139889.82,1541.3,2077.41,1676.67,140002.05,INTRADAY_SQUAREOFF,0.01,82.71,0.007391,1033.87,0.83,1.22,-0.39,-0.39,8270.94,8270.55
505,ETH/INR,1h,LONG,2026-06-14 15:30:00+05:30,2026-06-15 00:30:00+05:30,1678.44,140149.64,1544.16,2081.26,1659.9,138601.62,INTRADAY_SQUAREOFF,0.01,82.71,0.007377,1033.82,-11.42,1.21,-12.63,-12.63,8270.55,8257.91
506,ETH/INR,1h,LONG,2026-06-15 17:30:00+05:30,2026-06-16 00:30:00+05:30,1767.87,147617.44,1626.44,2192.16,1825.49,152428.15,INTRADAY_SQUAREOFF,0.01,82.58,0.006993,1032.24,33.64,1.24,32.4,32.4,8257.91,8290.32
507,ETH/INR,1h,LONG,2026-06-16 23:30:00+05:30,2026-06-17 01:30:00+05:30,1799.11,150225.61,1655.18,2230.9,1791.88,149622.28,INTRADAY_SQUAREOFF,0.01,82.9,0.006898,1036.29,-4.16,1.22,-5.38,-5.38,8290.32,8284.93
508,ETH/INR,1h,SHORT,2026-06-18 01:30:00+05:30,2026-06-19 00:30:00+05:30,1726.8,144187.48,1864.94,1312.37,1684.24,140634.18,INTRADAY_SQUAREOFF,0.01,82.85,0.007182,1035.62,25.52,1.21,24.31,24.31,8284.93,8309.25
509,ETH/INR,1h,SHORT,2026-06-19 15:30:00+05:30,2026-06-20 00:30:00+05:30,1686.2,140797.41,1821.09,1281.51,1702.07,142122.89,INTRADAY_SQUAREOFF,0.01,83.09,0.007377,1038.66,-9.78,1.23,-11.01,-11.01,8309.25,8298.24
510,ETH/INR,1h,SHORT,2026-06-20 08:30:00+05:30,2026-06-21 00:30:00+05:30,1701.61,142084.33,1837.74,1293.22,1725.16,144051.04,INTRADAY_SQUAREOFF,0.01,82.98,0.0073,1037.28,-14.36,1.23,-15.59,-15.59,8298.24,8282.65
511,ETH/INR,1h,LONG,2026-06-21 20:30:00+05:30,2026-06-22 00:30:00+05:30,1727.25,144225.64,1589.07,2141.79,1732.73,144683.22,INTRADAY_SQUAREOFF,0.01,82.83,0.007179,1035.33,3.28,1.22,2.06,2.06,8282.65,8284.71
512,ETH/INR,1h,LONG,2026-06-22 19:30:00+05:30,2026-06-23 00:30:00+05:30,1778.3,148487.94,1636.03,2205.09,1730.6,144505.45,INTRADAY_SQUAREOFF,0.01,82.85,0.006974,1035.59,-27.77,1.21,-28.98,-28.98,8284.71,8255.73
513,ETH/INR,1h,SHORT,2026-06-23 10:30:00+05:30,2026-06-24 00:30:00+05:30,1715.7,143261.1,1852.96,1303.93,1653.85,138096.19,INTRADAY_SQUAREOFF,0.01,82.56,0.007203,1031.97,37.2,1.2,36.01,36.01,8255.73,8291.74
514,ETH/INR,1h,SHORT,2026-06-24 08:30:00+05:30,2026-06-25 00:30:00+05:30,1660.71,138669.22,1793.57,1262.14,1571.46,131216.52,INTRADAY_SQUAREOFF,0.01,82.92,0.007474,1036.47,55.7,1.19,54.51,54.51,8291.74,8346.25
515,ETH/INR,1h,SHORT,2026-06-26 14:30:00+05:30,2026-06-27 00:30:00+05:30,1560.42,130295.02,1685.25,1185.92,1571.15,131190.62,INTRADAY_SQUAREOFF,0.01,83.46,0.008007,1043.28,-7.17,1.24,-8.41,-8.41,8346.25,8337.85
516,ETH/INR,1h,SHORT,2026-06-29 10:30:00+05:30,2026-06-30 00:30:00+05:30,1571.35,131208.05,1697.06,1194.23,1619.17,135200.63,INTRADAY_SQUAREOFF,0.01,83.38,0.007943,1042.23,-31.71,1.25,-32.96,-32.96,8337.85,8304.88
517,ETH/INR,1h,SHORT,2026-07-01 03:30:00+05:30,2026-07-02 00:30:00+05:30,1566.58,130809.12,1691.9,1190.6,1615.77,134916.58,INTRADAY_SQUAREOFF,0.01,83.05,0.007936,1038.11,-32.6,1.24,-33.84,-33.84,8304.88,8271.04
518,ETH/INR,1h,LONG,2026-07-02 07:30:00+05:30,2026-07-03 00:30:00+05:30,1623.21,135538.14,1493.35,2012.78,1699.89,141940.78,INTRADAY_SQUAREOFF,0.01,82.71,0.007628,1033.88,48.84,1.25,47.59,47.59,8271.04,8318.63
519,ETH/INR,1h,LONG,2026-07-03 07:30:00+05:30,2026-07-04 00:30:00+05:30,1716.7,143344.27,1579.36,2128.71,1736.28,144979.5,INTRADAY_SQUAREOFF,0.01,83.19,0.007254,1039.83,11.86,1.23,10.63,10.63,8318.63,8329.26
520,ETH/INR,1h,LONG,2026-07-04 10:30:00+05:30,2026-07-05 00:30:00+05:30,1763.38,147242.33,1622.31,2186.59,1791.33,149576.38,INTRADAY_SQUAREOFF,0.01,83.29,0.007071,1041.16,16.5,1.24,15.27,15.27,8329.26,8344.53
521,ETH/INR,1h,LONG,2026-07-07 12:30:00+05:30,2026-07-08 00:30:00+05:30,1781.81,148781.18,1639.27,2209.45,1784.0,148963.8,INTRADAY_SQUAREOFF,0.01,83.45,0.007011,1043.07,1.28,1.23,0.05,0.05,8344.53,8344.58
522,ETH/INR,1h,SHORT,2026-07-09 07:30:00+05:30,2026-07-10 00:30:00+05:30,1727.84,144274.27,1866.06,1313.16,1751.2,146224.79,INTRADAY_SQUAREOFF,0.01,83.45,0.00723,1043.07,-14.1,1.24,-15.34,-15.34,8344.58,8329.23
523,ETH/INR,1h,LONG,2026-07-10 15:30:00+05:30,2026-07-11 00:30:00+05:30,1794.28,149822.1,1650.73,2224.9,1782.21,148814.4,INTRADAY_SQUAREOFF,0.01,83.29,0.006949,1041.15,-7.0,1.22,-8.23,-8.23,8329.23,8321.01
524,ETH/INR,1h,LONG,2026-07-11 05:30:00+05:30,2026-07-12 00:30:00+05:30,1797.57,150096.96,1653.76,2228.98,1823.81,152287.94,INTRADAY_SQUAREOFF,0.01,83.21,0.00693,1040.13,15.18,1.24,13.95,13.95,8321.01,8334.95
525,ETH/INR,1h,SHORT,2026-07-14 13:30:00+05:30,2026-07-15 00:30:00+05:30,1776.1,148304.47,1918.19,1349.84,1874.6,156528.84,INTRADAY_SQUAREOFF,0.01,83.35,0.007025,1041.87,-57.78,1.26,-59.04,-59.04,8334.95,8275.91
526,ETH/INR,1h,LONG,2026-07-15 05:30:00+05:30,2026-07-16 00:30:00+05:30,1893.03,158067.67,1741.58,2347.35,1922.07,160492.72,INTRADAY_SQUAREOFF,0.01,82.76,0.006545,1034.49,15.87,1.23,14.64,14.64,8275.91,8290.55
527,ETH/INR,1h,LONG,2026-07-16 08:30:00+05:30,2026-07-17 00:30:00+05:30,1925.66,160792.8,1771.61,2387.82,1873.8,156462.52,INTRADAY_SQUAREOFF,0.01,82.91,0.006445,1036.32,-27.91,1.21,-29.12,-29.12,8290.55,8261.44
528,ETH/INR,1h,SHORT,2026-07-17 04:30:00+05:30,2026-07-18 00:30:00+05:30,1865.97,155808.21,2015.24,1418.13,1846.49,154182.14,INTRADAY_SQUAREOFF,0.01,82.61,0.006628,1032.68,10.78,1.21,9.57,9.57,8261.44,8271.0
529,ETH/INR,1h,LONG,2026-07-20 23:30:00+05:30,2026-07-21 01:30:00+05:30,1909.35,159431.08,1756.61,2367.6,1897.7,158458.01,INTRADAY_SQUAREOFF,0.01,82.71,0.006485,1033.88,-6.31,1.22,-7.53,-7.53,8271.0,8263.48
530,ETH/INR,1h,LONG,2026-07-21 06:30:00+05:30,2026-07-22 00:30:00+05:30,1917.76,160132.83,1764.34,2378.02,1917.6,160119.67,INTRADAY_SQUAREOFF,0.01,82.63,0.00645,1032.93,-0.08,1.22,-1.3,-1.3,8263.48,8262.17
531,ETH/INR,1h,LONG,2026-07-22 05:30:00+05:30,2026-07-23 00:30:00+05:30,1930.79,161221.37,1776.33,2394.19,1928.93,161065.24,INTRADAY_SQUAREOFF,0.01,82.62,0.006406,1032.77,-1.0,1.22,-2.22,-2.22,8262.17,8259.95
532,ETH/INR,1h,LONG,2026-07-23 03:30:00+05:30,2026-07-24 00:30:00+05:30,1939.6,161956.54,1784.43,2405.1,1879.38,156928.21,INTRADAY_SQUAREOFF,0.01,82.6,0.006375,1032.49,-32.06,1.2,-33.26,-33.26,8259.95,8226.7
533,ETH/INR,1h,SHORT,2026-07-24 14:30:00+05:30,2026-07-25 00:30:00+05:30,1884.15,157326.31,2034.88,1431.95,1862.37,155507.95,INTRADAY_SQUAREOFF,0.01,82.27,0.006536,1028.34,11.89,1.21,10.68,10.68,8226.7,8237.38
534,ETH/INR,1h,SHORT,2026-07-25 03:30:00+05:30,2026-07-26 00:30:00+05:30,1854.43,154845.1,2002.79,1409.37,1874.64,156532.17,INTRADAY_SQUAREOFF,0.01,82.37,0.00665,1029.67,-11.22,1.22,-12.44,-12.44,8237.38,8224.94
535,ETH/INR,1h,LONG,2026-07-26 04:30:00+05:30,2026-07-27 00:30:00+05:30,1876.3,156670.86,1726.19,2326.61,1911.78,159633.93,INTRADAY_SQUAREOFF,0.01,82.25,0.006562,1028.12,19.44,1.22,18.22,18.22,8224.94,8243.16
536,ETH/INR,1h,LONG,2026-07-27 04:30:00+05:30,2026-07-28 00:30:00+05:30,1951.96,162988.28,1795.8,2420.42,1936.23,161675.32,INTRADAY_SQUAREOFF,0.01,82.43,0.006322,1030.39,-8.3,1.21,-9.51,-9.51,8243.16,8233.65
537,ETH/INR,1h,SHORT,2026-07-28 06:30:00+05:30,2026-07-29 00:30:00+05:30,1875.23,156581.87,2025.25,1425.18,1910.26,159507.1,INTRADAY_SQUAREOFF,0.01,82.34,0.006573,1029.21,-19.23,1.23,-20.45,-20.45,8233.65,8213.19
538,ETH/INR,1h,LONG,2026-07-29 12:30:00+05:30,2026-07-30 00:30:00+05:30,1919.86,160308.27,1766.27,2380.63,1917.74,160131.34,INTRADAY_SQUAREOFF,0.01,82.13,0.006404,1026.65,-1.13,1.21,-2.34,-2.34,8213.19,8210.85
539,ETH/INR,1h,LONG,2026-07-30 03:30:00+05:30,2026-07-31 00:30:00+05:30,1897.14,158411.03,1745.37,2352.45,1913.28,159759.12,INTRADAY_SQUAREOFF,0.01,82.11,0.006479,1026.36,8.73,1.22,7.52,7.52,8210.85,8218.37
540,ETH/INR,1h,SHORT,2026-07-31 19:30:00+05:30,2026-08-01 00:30:00+05:30,1861.66,155448.5,2010.59,1414.86,1871.04,156231.42,INTRADAY_SQUAREOFF,0.01,82.18,0.006609,1027.3,-5.17,1.22,-6.39,-6.39,8218.37,8211.98
541,ETH/INR,1h,LONG,2026-08-02 10:30:00+05:30,2026-08-03 00:30:00+05:30,1881.16,157076.87,1730.67,2332.64,1872.69,156369.88,INTRADAY_SQUAREOFF,0.01,82.12,0.006535,1026.5,-4.62,1.21,-5.83,-5.83,8211.98,8206.15
542,ETH/INR,1h,LONG,2026-08-06 17:30:00+05:30,2026-08-07 00:30:00+05:30,1908.41,159352.54,1755.74,2366.43,1904.11,158992.98,INTRADAY_SQUAREOFF,0.01,82.06,0.006437,1025.77,-2.31,1.21,-3.52,-3.52,8206.15,8202.63
543,ETH/INR,1h,LONG,2026-08-08 01:30:00+05:30,2026-08-09 00:30:00+05:30,1920.16,160333.32,1766.55,2381.0,1919.14,160248.18,INTRADAY_SQUAREOFF,0.01,82.03,0.006395,1025.33,-0.54,1.21,-1.75,-1.75,8202.63,8200.87
544,ETH/INR,1h,LONG,2026-08-09 12:30:00+05:30,2026-08-10 00:30:00+05:30,1919.08,160243.1,1765.55,2379.66,1919.17,160250.69,INTRADAY_SQUAREOFF,0.01,82.01,0.006397,1025.11,0.05,1.21,-1.16,-1.16,8200.87,8199.71
545,ETH/INR,1h,SHORT,2026-08-11 03:30:00+05:30,2026-08-12 00:30:00+05:30,1870.95,156224.66,2020.63,1421.93,1865.03,155730.17,INTRADAY_SQUAREOFF,0.01,82.0,0.006561,1024.96,3.24,1.21,2.04,2.04,8199.71,8201.75
546,ETH/INR,1h,SHORT,2026-08-13 14:30:00+05:30,2026-08-14 00:30:00+05:30,1886.06,157485.72,2036.94,1433.4,1884.81,157381.8,INTRADAY_SQUAREOFF,0.01,82.02,0.00651,1025.22,0.68,1.21,-0.53,-0.53,8201.75,8201.21
547,ETH/INR,1h,SHORT,2026-08-14 09:30:00+05:30,2026-08-15 00:30:00+05:30,1880.01,156980.79,2030.41,1428.81,1874.47,156517.98,INTRADAY_SQUAREOFF,0.01,82.01,0.00653,1025.15,3.02,1.21,1.81,1.81,8201.21,8203.03
548,ETH/INR,1h,SHORT,2026-08-15 09:30:00+05:30,2026-08-16 00:30:00+05:30,1879.92,156973.28,2030.31,1428.74,1881.74,157125.33,INTRADAY_SQUAREOFF,0.01,82.03,0.006532,1025.38,-0.99,1.21,-2.2,-2.2,8203.03,8200.83
549,ETH/INR,1h,LONG,2026-08-17 16:30:00+05:30,2026-08-18 00:30:00+05:30,1908.22,159336.68,1755.57,2366.2,1907.0,159234.16,INTRADAY_SQUAREOFF,0.01,82.01,0.006434,1025.1,-0.66,1.21,-1.87,-1.87,8200.83,8198.96
550,ETH/INR,1h,LONG,2026-08-18 14:30:00+05:30,2026-08-19 00:30:00+05:30,1900.97,158731.0,1748.89,2357.2,1914.04,159822.55,INTRADAY_SQUAREOFF,0.01,81.99,0.006457,1024.87,7.05,1.21,5.83,5.83,8198.96,8204.79
551,ETH/INR,1h,LONG,2026-08-19 12:30:00+05:30,2026-08-20 00:30:00+05:30,1917.82,160137.84,1764.39,2378.09,2090.22,174533.74,INTRADAY_SQUAREOFF,0.01,82.05,0.006404,1025.6,92.2,1.26,90.93,90.93,8204.79,8295.72
552,ETH/INR,1h,LONG,2026-08-20 12:30:00+05:30,2026-08-21 00:30:00+05:30,2266.68,189268.02,2085.35,2810.69,2315.36,193332.71,INTRADAY_SQUAREOFF,0.01,82.96,0.005479,1036.97,22.27,1.24,21.03,21.03,8295.72,8316.76
553,ETH/INR,1h,LONG,2026-08-21 11:30:00+05:30,2026-08-22 00:30:00+05:30,2368.78,197793.46,2179.28,2937.29,2418.58,201951.44,INTRADAY_SQUAREOFF,0.01,83.17,0.005256,1039.59,21.85,1.24,20.61,20.61,8316.76,8337.37
554,ETH/INR,1h,LONG,2026-08-22 02:30:00+05:30,2026-08-23 00:30:00+05:30,2448.56,204455.07,2252.68,3036.22,2425.94,202565.68,INTRADAY_SQUAREOFF,0.01,83.37,0.005097,1042.17,-9.63,1.22,-10.85,-10.85,8337.37,8326.52
555,ETH/INR,1h,LONG,2026-08-24 15:30:00+05:30,2026-08-25 00:30:00+05:30,2466.12,205921.22,2268.83,3057.99,2473.35,206524.96,INTRADAY_SQUAREOFF,0.01,83.27,0.005054,1040.81,3.05,1.23,1.82,1.82,8326.52,8328.34
556,ETH/INR,1h,LONG,2026-08-25 03:30:00+05:30,2026-08-26 00:30:00+05:30,2487.72,207724.89,2288.71,3084.78,2466.17,205924.88,INTRADAY_SQUAREOFF,0.01,83.28,0.005012,1041.04,-9.02,1.22,-10.24,-10.24,8328.34,8318.09
557,ETH/INR,1h,LONG,2026-08-27 11:30:00+05:30,2026-08-28 00:30:00+05:30,2498.63,208635.49,2298.74,3098.3,2505.85,209238.19,INTRADAY_SQUAREOFF,0.01,83.18,0.004984,1039.76,3.0,1.23,1.77,1.77,8318.09,8319.87
558,ETH/INR,1h,LONG,2026-08-28 04:30:00+05:30,2026-08-29 00:30:00+05:30,2518.56,210299.65,2317.07,3123.01,2428.08,202744.3,INTRADAY_SQUAREOFF,0.01,83.2,0.004945,1039.98,-37.36,1.21,-38.57,-38.57,8319.87,8281.3
559,ETH/INR,1h,SHORT,2026-08-29 03:30:00+05:30,2026-08-30 00:30:00+05:30,2421.49,202194.3,2615.21,1840.33,2453.65,204879.45,INTRADAY_SQUAREOFF,0.01,82.81,0.00512,1035.16,-13.75,1.23,-14.98,-14.98,8281.3,8266.32
560,ETH/INR,1h,LONG,2026-08-30 12:30:00+05:30,2026-08-31 00:30:00+05:30,2462.47,205616.3,2265.47,3053.46,2509.39,209534.45,INTRADAY_SQUAREOFF,0.01,82.66,0.005025,1033.29,19.69,1.23,18.46,18.46,8266.32,8284.78
561,ETH/INR,1h,SHORT,2026-08-31 19:30:00+05:30,2026-09-01 00:30:00+05:30,2435.09,203330.17,2629.9,1850.67,2479.54,207041.52,INTRADAY_SQUAREOFF,0.01,82.85,0.005093,1035.6,-18.9,1.23,-20.14,-20.14,8284.78,8264.65
562,ETH/INR,1h,SHORT,2026-09-01 02:30:00+05:30,2026-09-02 00:30:00+05:30,2468.89,206152.72,2666.41,1876.36,2413.44,201521.91,INTRADAY_SQUAREOFF,0.01,82.65,0.005011,1033.08,23.21,1.21,22.0,22.0,8264.65,8286.65
563,ETH/INR,1h,SHORT,2026-09-02 06:30:00+05:30,2026-09-03 00:30:00+05:30,2404.02,200735.45,2596.34,1827.05,2394.75,199961.36,INTRADAY_SQUAREOFF,0.01,82.87,0.00516,1035.83,3.99,1.22,2.77,2.77,8286.65,8289.42
564,ETH/INR,1h,SHORT,2026-09-03 04:30:00+05:30,2026-09-04 00:30:00+05:30,2376.66,198451.21,2566.79,1806.26,2514.42,209953.78,INTRADAY_SQUAREOFF,0.01,82.89,0.005221,1036.18,-60.06,1.26,-61.32,-61.32,8289.42,8228.11
565,ETH/INR,1h,LONG,2026-09-04 14:30:00+05:30,2026-09-05 00:30:00+05:30,2532.27,211444.17,2329.68,3140.01,2450.0,204575.36,INTRADAY_SQUAREOFF,0.01,82.28,0.004864,1028.51,-33.41,1.19,-34.61,-34.61,8228.11,8193.5
566,ETH/INR,1h,SHORT,2026-09-05 10:30:00+05:30,2026-09-06 00:30:00+05:30,2447.58,204372.57,2643.38,1860.16,2481.69,207221.13,INTRADAY_SQUAREOFF,0.01,81.94,0.005011,1024.19,-14.28,1.22,-15.49,-15.49,8193.5,8178.01
567,ETH/INR,1h,LONG,2026-09-06 03:30:00+05:30,2026-09-07 00:30:00+05:30,2494.15,208261.22,2294.61,3092.74,2493.42,208200.79,INTRADAY_SQUAREOFF,0.01,81.78,0.004909,1022.25,-0.3,1.21,-1.5,-1.5,8178.01,8176.51
568,ETH/INR,1h,LONG,2026-09-07 02:30:00+05:30,2026-09-08 00:30:00+05:30,2501.52,208876.93,2301.4,3101.88,2489.95,207911.19,INTRADAY_SQUAREOFF,0.01,81.77,0.004893,1022.06,-4.73,1.2,-5.93,-5.93,8176.51,8170.58
569,ETH/INR,1h,LONG,2026-09-09 17:30:00+05:30,2026-09-10 00:30:00+05:30,2506.26,209272.92,2305.76,3107.77,2479.58,207044.9,INTRADAY_SQUAREOFF,0.01,81.71,0.00488,1021.32,-10.87,1.2,-12.07,-12.07,8170.58,8158.51
570,ETH/INR,1h,SHORT,2026-09-15 20:30:00+05:30,2026-09-16 00:30:00+05:30,2387.79,199380.09,2578.81,1814.72,2402.22,200585.41,INTRADAY_SQUAREOFF,0.01,81.59,0.005115,1019.81,-6.17,1.21,-7.37,-7.37,8158.51,8151.13
571,ETH/INR,1h,SHORT,2026-09-16 03:30:00+05:30,2026-09-17 00:30:00+05:30,2387.69,199371.73,2578.7,1814.64,2397.1,200157.67,INTRADAY_SQUAREOFF,0.01,81.51,0.005111,1018.89,-4.02,1.2,-5.22,-5.22,8151.13,8145.91
572,ETH/INR,1h,SHORT,2026-09-17 04:30:00+05:30,2026-09-18 00:30:00+05:30,2385.35,199176.46,2576.17,1812.86,2450.82,204643.88,INTRADAY_SQUAREOFF,0.01,81.46,0.005112,1018.24,-27.95,1.22,-29.17,-29.17,8145.91,8116.74
573,ETH/INR,1h,LONG,2026-09-18 07:30:00+05:30,2026-09-19 00:30:00+05:30,2458.84,205313.05,2262.13,3048.96,2611.49,218059.72,INTRADAY_SQUAREOFF,0.01,81.17,0.004942,1014.59,62.99,1.23,61.76,61.76,8116.74,8178.5
574,ETH/INR,1h,LONG,2026-09-19 06:30:00+05:30,2026-09-20 00:30:00+05:30,2627.73,219415.72,2417.51,3258.39,2637.47,220228.8,INTRADAY_SQUAREOFF,0.01,81.78,0.004659,1022.31,3.79,1.21,2.58,2.58,8178.5,8181.08
575,ETH/INR,1h,SHORT,2026-09-20 16:30:00+05:30,2026-09-21 00:30:00+05:30,2568.48,214467.67,2773.95,1952.04,2628.11,219447.47,INTRADAY_SQUAREOFF,0.01,81.81,0.004768,1022.63,-23.74,1.22,-24.97,-24.97,8181.08,8156.11
576,ETH/INR,1h,LONG,2026-09-21 05:30:00+05:30,2026-09-22 00:30:00+05:30,2649.03,221194.32,2437.11,3284.8,2756.49,230167.01,INTRADAY_SQUAREOFF,0.01,81.56,0.004609,1019.51,41.36,1.23,40.13,40.13,8156.11,8196.24
577,ETH/INR,1h,LONG,2026-09-22 14:30:00+05:30,2026-09-23 00:30:00+05:30,2756.31,230151.67,2535.8,3417.82,2751.17,229723.01,INTRADAY_SQUAREOFF,0.01,81.96,0.004452,1024.53,-1.91,1.21,-3.12,-3.12,8196.24,8193.13
