trade_no,coin,timeframe,direction,entry_time,exit_time,entry_price_usd,entry_price_inr,stop_price_usd,target_price_usd,exit_price_usd,exit_price_inr,exit_reason,risk_pct,risk_inr,position_size_coin,position_size_inr,gross_pnl_inr,fees_inr,net_pnl_inr,net_pnl,equity_before,equity_after
1,BTC/INR,1h,LONG,2024-09-26 21:30:00+05:30,2024-09-27 00:30:00+05:30,65506.05,5469754.78,60265.56,81227.5,65256.97,5448956.87,INTRADAY_SQUAREOFF,0.015,150.0,0.000343,1875.0,-7.13,2.21,-9.34,-9.34,10000.0,9990.66
2,BTC/INR,1h,LONG,2024-09-27 03:30:00+05:30,2024-09-28 00:30:00+05:30,65087.26,5434786.03,59880.28,80708.2,65859.9,5499301.43,INTRADAY_SQUAREOFF,0.015,149.86,0.000345,1873.25,22.24,2.22,20.01,20.01,9990.66,10010.68
3,BTC/INR,1h,LONG,2024-09-28 07:30:00+05:30,2024-09-29 00:30:00+05:30,66032.95,5513750.93,60750.31,81880.85,65681.21,5484381.31,INTRADAY_SQUAREOFF,0.015,150.16,0.00034,1877.0,-10.0,2.21,-12.21,-12.21,10010.68,9998.47
4,BTC/INR,1h,LONG,2024-09-29 05:30:00+05:30,2024-09-30 00:30:00+05:30,65981.37,5509444.62,60702.86,81816.9,65770.47,5491834.52,INTRADAY_SQUAREOFF,0.015,149.98,0.00034,1874.71,-5.99,2.21,-8.2,-8.2,9998.47,9990.27
5,BTC/INR,1h,SHORT,2024-09-30 12:30:00+05:30,2024-10-01 00:30:00+05:30,64333.27,5371828.4,69479.94,48893.29,63351.79,5289874.05,INTRADAY_SQUAREOFF,0.015,149.85,0.000349,1873.18,28.58,2.19,26.38,26.38,9990.27,10016.65
6,BTC/INR,1h,SHORT,2024-10-02 15:30:00+05:30,2024-10-03 00:30:00+05:30,61119.47,5103475.57,66009.03,46450.8,60811.97,5077799.4,INTRADAY_SQUAREOFF,0.015,150.25,0.000368,1878.12,9.45,2.21,7.24,7.24,10016.65,10023.89
7,BTC/INR,1h,SHORT,2024-10-03 13:30:00+05:30,2024-10-04 00:30:00+05:30,60862.06,5081982.14,65731.03,46255.17,60745.15,5072220.06,INTRADAY_SQUAREOFF,0.015,150.36,0.00037,1879.48,3.61,2.22,1.39,1.39,10023.89,10025.29
8,BTC/INR,1h,SHORT,2024-10-04 06:30:00+05:30,2024-10-05 00:30:00+05:30,60437.06,5046494.78,65272.03,45932.17,62360.88,5207133.78,INTRADAY_SQUAREOFF,0.015,150.38,0.000372,1879.74,-59.84,2.25,-62.09,-62.09,10025.29,9963.2
9,BTC/INR,1h,LONG,2024-10-05 11:30:00+05:30,2024-10-06 00:30:00+05:30,62169.24,5191131.29,57195.7,77089.85,61833.21,5163073.24,INTRADAY_SQUAREOFF,0.015,149.45,0.00036,1868.1,-10.1,2.2,-12.3,-12.3,9963.2,9950.9
10,BTC/INR,1h,LONG,2024-10-07 06:30:00+05:30,2024-10-08 00:30:00+05:30,63728.09,5321295.54,58629.84,79022.83,62809.52,5244595.0,INTRADAY_SQUAREOFF,0.015,149.26,0.000351,1865.79,-26.89,2.19,-29.08,-29.08,9950.9,9921.82
11,BTC/INR,1h,SHORT,2024-10-09 04:30:00+05:30,2024-10-10 00:30:00+05:30,62099.17,5185280.96,67067.11,47195.37,61167.65,5107499.15,INTRADAY_SQUAREOFF,0.015,148.83,0.000359,1860.34,27.91,2.18,25.73,25.73,9921.82,9947.55
12,BTC/INR,1h,SHORT,2024-10-10 06:30:00+05:30,2024-10-11 00:30:00+05:30,60321.22,5036821.77,65146.92,45844.13,59454.54,4964454.14,INTRADAY_SQUAREOFF,0.015,149.21,0.00037,1865.17,26.8,2.19,24.61,24.61,9947.55,9972.16
13,BTC/INR,1h,LONG,2024-10-11 23:30:00+05:30,2024-10-12 01:30:00+05:30,62940.76,5255553.73,57905.5,78046.55,63053.4,5264958.81,INTRADAY_SQUAREOFF,0.015,149.58,0.000356,1869.78,3.35,2.21,1.14,1.14,9972.16,9973.3
14,BTC/INR,1h,LONG,2024-10-12 06:30:00+05:30,2024-10-13 00:30:00+05:30,62860.31,5248835.8,57831.48,77946.78,62899.62,5252117.98,INTRADAY_SQUAREOFF,0.015,149.6,0.000356,1869.99,1.17,2.21,-1.04,-1.04,9973.3,9972.26
15,BTC/INR,1h,LONG,2024-10-14 13:30:00+05:30,2024-10-15 00:30:00+05:30,64632.37,5396802.92,59461.78,80144.14,65709.99,5486783.99,INTRADAY_SQUAREOFF,0.015,149.58,0.000346,1869.8,31.18,2.22,28.95,28.95,9972.26,10001.21
16,BTC/INR,1h,LONG,2024-10-15 04:30:00+05:30,2024-10-16 00:30:00+05:30,66468.08,5550085.07,61150.64,82420.42,66884.48,5584853.96,INTRADAY_SQUAREOFF,0.015,150.02,0.000338,1875.23,11.75,2.22,9.53,9.53,10001.21,10010.74
17,BTC/INR,1h,LONG,2024-10-16 05:30:00+05:30,2024-10-17 00:30:00+05:30,67143.01,5606441.16,61771.57,83257.33,67785.67,5660103.31,INTRADAY_SQUAREOFF,0.015,150.16,0.000335,1877.01,17.97,2.23,15.74,15.74,10010.74,10026.48
18,BTC/INR,1h,LONG,2024-10-17 04:30:00+05:30,2024-10-18 00:30:00+05:30,67864.77,5666708.04,62435.59,84152.31,66887.51,5585106.94,INTRADAY_SQUAREOFF,0.015,150.4,0.000332,1879.97,-27.07,2.2,-29.27,-29.27,10026.48,9997.21
19,BTC/INR,1h,LONG,2024-10-18 19:30:00+05:30,2024-10-19 00:30:00+05:30,68206.28,5695224.5,62749.78,84575.79,68838.36,5748003.1,INTRADAY_SQUAREOFF,0.015,149.96,0.000329,1874.48,17.37,2.22,15.15,15.15,9997.21,10012.36
20,BTC/INR,1h,LONG,2024-10-19 05:30:00+05:30,2024-10-20 00:30:00+05:30,68481.07,5718169.11,63002.58,84916.52,68140.85,5689760.98,INTRADAY_SQUAREOFF,0.015,150.19,0.000328,1877.32,-9.33,2.21,-11.54,-11.54,10012.36,10000.82
21,BTC/INR,1h,LONG,2024-10-20 12:30:00+05:30,2024-10-21 00:30:00+05:30,68422.0,5713236.88,62948.24,84843.28,68554.45,5724296.39,INTRADAY_SQUAREOFF,0.015,150.01,0.000328,1875.15,3.63,2.21,1.42,1.42,10000.82,10002.23
22,BTC/INR,1h,LONG,2024-10-21 02:30:00+05:30,2024-10-22 00:30:00+05:30,68920.19,5754836.11,63406.58,85461.04,67256.88,5615949.33,INTRADAY_SQUAREOFF,0.015,150.03,0.000326,1875.42,-45.26,2.19,-47.45,-47.45,10002.23,9954.79
23,BTC/INR,1h,SHORT,2024-10-22 05:30:00+05:30,2024-10-23 00:30:00+05:30,67325.13,5621647.96,72711.14,51167.1,67364.49,5624935.21,INTRADAY_SQUAREOFF,0.015,149.32,0.000332,1866.52,-1.09,2.2,-3.29,-3.29,9954.79,9951.49
24,BTC/INR,1h,SHORT,2024-10-23 05:30:00+05:30,2024-10-24 00:30:00+05:30,67255.1,5615800.67,72635.51,51113.87,65999.87,5510988.83,INTRADAY_SQUAREOFF,0.015,149.27,0.000332,1865.9,34.82,2.18,32.64,32.64,9951.49,9984.14
25,BTC/INR,1h,LONG,2024-10-24 17:30:00+05:30,2024-10-25 00:30:00+05:30,67261.31,5616319.31,61880.4,83404.02,67739.44,5656243.36,INTRADAY_SQUAREOFF,0.015,149.76,0.000333,1872.03,13.31,2.22,11.09,11.09,9984.14,9995.23
26,BTC/INR,1h,LONG,2024-10-25 08:30:00+05:30,2024-10-26 00:30:00+05:30,68062.09,5683184.7,62617.12,84396.99,66899.31,5586092.14,INTRADAY_SQUAREOFF,0.015,149.93,0.00033,1874.1,-32.02,2.19,-34.21,-34.21,9995.23,9961.02
27,BTC/INR,1h,SHORT,2024-10-26 04:30:00+05:30,2024-10-27 00:30:00+05:30,66510.81,5553652.31,71831.67,50548.21,66993.87,5593988.21,INTRADAY_SQUAREOFF,0.015,149.42,0.000336,1867.69,-13.56,2.21,-15.78,-15.78,9961.02,9945.24
28,BTC/INR,1h,SHORT,2024-10-27 04:30:00+05:30,2024-10-28 00:30:00+05:30,67005.21,5594934.8,72365.62,50923.96,67520.31,5637946.19,INTRADAY_SQUAREOFF,0.015,149.18,0.000333,1864.73,-14.34,2.21,-16.54,-16.54,9945.24,9928.7
29,BTC/INR,1h,LONG,2024-10-28 15:30:00+05:30,2024-10-29 00:30:00+05:30,68541.83,5723242.96,63058.49,84991.87,69144.02,5773525.68,INTRADAY_SQUAREOFF,0.015,148.93,0.000325,1861.63,16.36,2.21,14.15,14.15,9928.7,9942.84
30,BTC/INR,1h,LONG,2024-10-29 03:30:00+05:30,2024-10-30 00:30:00+05:30,69795.02,5827884.23,64211.42,86545.83,73124.99,6105936.63,INTRADAY_SQUAREOFF,0.015,149.14,0.00032,1864.28,88.95,2.25,86.69,86.69,9942.84,10029.54
31,BTC/INR,1h,LONG,2024-10-30 05:30:00+05:30,2024-10-31 00:30:00+05:30,72784.66,6077519.38,66961.89,90252.98,71903.65,6003954.56,INTRADAY_SQUAREOFF,0.015,150.44,0.000309,1880.54,-22.76,2.21,-24.97,-24.97,10029.54,10004.57
32,BTC/INR,1h,LONG,2024-10-31 02:30:00+05:30,2024-11-01 00:30:00+05:30,72850.25,6082995.93,67022.23,90334.31,70528.73,5889148.61,INTRADAY_SQUAREOFF,0.015,150.07,0.000308,1875.86,-59.78,2.18,-61.96,-61.96,10004.57,9942.61
33,BTC/INR,1h,SHORT,2024-11-01 07:30:00+05:30,2024-11-02 00:30:00+05:30,69266.61,5783761.7,74807.94,52642.62,69139.98,5773188.53,INTRADAY_SQUAREOFF,0.015,149.14,0.000322,1864.24,3.41,2.2,1.21,1.21,9942.61,9943.82
34,BTC/INR,1h,SHORT,2024-11-02 09:30:00+05:30,2024-11-03 00:30:00+05:30,69517.05,5804673.86,75078.42,52832.96,69443.31,5798516.04,INTRADAY_SQUAREOFF,0.015,149.16,0.000321,1864.47,1.98,2.2,-0.22,-0.22,9943.82,9943.6
35,BTC/INR,1h,SHORT,2024-11-03 03:30:00+05:30,2024-11-04 00:30:00+05:30,69404.59,5795282.85,74956.95,52747.48,68024.5,5680046.01,INTRADAY_SQUAREOFF,0.015,149.15,0.000322,1864.43,37.07,2.18,34.9,34.9,9943.6,9978.5
36,BTC/INR,1h,LONG,2024-11-04 18:30:00+05:30,2024-11-05 00:30:00+05:30,68967.11,5758754.08,63449.75,85519.22,67579.72,5642906.34,INTRADAY_SQUAREOFF,0.015,149.68,0.000325,1870.97,-37.64,2.19,-39.82,-39.82,9978.5,9938.67
37,BTC/INR,1h,LONG,2024-11-06 00:30:00+05:30,2024-11-07 00:30:00+05:30,70277.71,5868188.55,64655.49,87144.36,75266.79,6284777.22,INTRADAY_SQUAREOFF,0.015,149.08,0.000318,1863.5,132.29,2.28,130.01,130.01,9938.67,10068.69
38,BTC/INR,1h,LONG,2024-11-07 14:30:00+05:30,2024-11-08 00:30:00+05:30,75180.1,6277538.56,69165.69,93223.33,76623.19,6398036.59,INTRADAY_SQUAREOFF,0.015,151.03,0.000301,1887.88,36.24,2.25,33.99,33.99,10068.69,10102.68
39,BTC/INR,1h,LONG,2024-11-08 13:30:00+05:30,2024-11-09 00:30:00+05:30,76349.26,6375162.97,70241.32,94673.08,76872.92,6418888.76,INTRADAY_SQUAREOFF,0.015,151.54,0.000297,1894.25,12.99,2.24,10.75,10.75,10102.68,10113.43
40,BTC/INR,1h,LONG,2024-11-10 00:30:00+05:30,2024-11-11 00:30:00+05:30,76449.07,6383497.56,70333.15,94796.85,80563.15,6727023.14,INTRADAY_SQUAREOFF,0.015,151.7,0.000297,1896.27,102.05,2.3,99.75,99.75,10113.43,10213.18
41,BTC/INR,1h,LONG,2024-11-11 20:30:00+05:30,2024-11-12 00:30:00+05:30,82621.67,6898909.04,76011.93,102450.86,85844.0,7167974.15,INTRADAY_SQUAREOFF,0.015,153.2,0.000278,1914.97,74.69,2.3,72.38,72.38,10213.18,10285.56
42,BTC/INR,1h,LONG,2024-11-12 06:30:00+05:30,2024-11-13 00:30:00+05:30,89074.2,7437695.9,81948.27,110452.01,88881.65,7421617.47,INTRADAY_SQUAREOFF,0.015,154.28,0.000259,1928.54,-4.17,2.27,-6.44,-6.44,10285.56,10279.12
43,BTC/INR,1h,LONG,2024-11-13 13:30:00+05:30,2024-11-14 00:30:00+05:30,87586.8,7313498.03,80579.86,108607.64,92850.0,7752975.41,INTRADAY_SQUAREOFF,0.015,154.19,0.000264,1927.33,115.82,2.34,113.47,113.47,10279.12,10392.59
44,BTC/INR,1h,SHORT,2024-11-15 02:30:00+05:30,2024-11-16 00:30:00+05:30,87553.35,7310704.71,94557.62,66540.55,89411.43,7465854.69,INTRADAY_SQUAREOFF,0.015,155.89,0.000267,1948.61,-41.35,2.32,-43.68,-43.68,10392.59,10348.91
45,BTC/INR,1h,LONG,2024-11-17 00:30:00+05:30,2024-11-18 00:30:00+05:30,91454.13,7636420.18,84137.8,113403.13,89939.09,7509913.69,INTRADAY_SQUAREOFF,0.015,155.23,0.000254,1940.42,-32.15,2.27,-34.42,-34.42,10348.91,10314.5
46,BTC/INR,1h,SHORT,2024-11-18 02:30:00+05:30,2024-11-19 00:30:00+05:30,89561.62,7478395.16,96726.55,68066.83,90477.77,7554893.88,INTRADAY_SQUAREOFF,0.015,154.72,0.000259,1933.97,-19.78,2.29,-22.08,-22.08,10314.5,10292.42
47,BTC/INR,1h,LONG,2024-11-20 09:30:00+05:30,2024-11-21 00:30:00+05:30,92203.63,7699002.74,84827.34,114332.5,93740.32,7827316.5,INTRADAY_SQUAREOFF,0.015,154.39,0.000251,1929.83,32.16,2.3,29.87,29.87,10292.42,10322.29
48,BTC/INR,1h,LONG,2024-11-21 06:30:00+05:30,2024-11-22 00:30:00+05:30,95011.15,7933431.33,87410.26,117813.83,98311.62,8209019.98,INTRADAY_SQUAREOFF,0.015,154.83,0.000244,1935.43,67.23,2.32,64.91,64.91,10322.29,10387.2
49,BTC/INR,1h,LONG,2024-11-22 04:30:00+05:30,2024-11-23 00:30:00+05:30,98480.22,8223098.65,90601.81,122115.48,99153.8,8279342.03,INTRADAY_SQUAREOFF,0.015,155.81,0.000237,1947.6,13.32,2.31,11.01,11.01,10387.2,10398.21
50,BTC/INR,1h,SHORT,2024-11-24 09:30:00+05:30,2024-11-25 00:30:00+05:30,98183.52,8198324.28,106038.21,74619.48,96638.71,8069332.22,INTRADAY_SQUAREOFF,0.015,155.97,0.000238,1949.66,30.68,2.28,28.39,28.39,10398.21,10426.6
51,BTC/INR,1h,SHORT,2024-11-26 03:30:00+05:30,2024-11-27 00:30:00+05:30,93667.03,7821197.31,101160.4,71186.95,92229.11,7701130.45,INTRADAY_SQUAREOFF,0.015,156.4,0.00025,1954.99,30.01,2.29,27.72,27.72,10426.6,10454.33
52,BTC/INR,1h,SHORT,2024-11-27 17:30:00+05:30,2024-11-28 00:30:00+05:30,93295.43,7790168.45,100759.06,70904.53,96273.29,8038819.91,INTRADAY_SQUAREOFF,0.015,156.81,0.000252,1960.19,-62.57,2.35,-64.92,-64.92,10454.33,10389.41
53,BTC/INR,1h,LONG,2024-11-28 06:30:00+05:30,2024-11-29 00:30:00+05:30,96698.53,8074327.11,88962.65,119906.18,95256.78,7953940.92,INTRADAY_SQUAREOFF,0.015,155.84,0.000241,1948.01,-29.04,2.28,-31.33,-31.33,10389.41,10358.08
54,BTC/INR,1h,LONG,2024-11-29 04:30:00+05:30,2024-11-30 00:30:00+05:30,95708.02,7991619.47,88051.38,118677.94,97203.99,8116533.24,INTRADAY_SQUAREOFF,0.015,155.37,0.000243,1942.14,30.36,2.31,28.05,28.05,10358.08,10386.13
55,BTC/INR,1h,LONG,2024-12-02 03:30:00+05:30,2024-12-03 00:30:00+05:30,97884.31,8173339.74,90053.56,121376.54,95695.71,7990592.13,INTRADAY_SQUAREOFF,0.015,155.79,0.000238,1947.4,-43.54,2.27,-45.81,-45.81,10386.13,10340.32
56,BTC/INR,1h,SHORT,2024-12-03 22:30:00+05:30,2024-12-04 00:30:00+05:30,94916.1,7925494.7,102509.39,72136.24,95564.17,7979608.38,INTRADAY_SQUAREOFF,0.015,155.1,0.000245,1938.81,-13.24,2.3,-15.53,-15.53,10340.32,10324.78
57,BTC/INR,1h,LONG,2024-12-04 11:30:00+05:30,2024-12-05 00:30:00+05:30,96604.98,8066515.95,88876.58,119790.18,96221.45,8034491.17,INTRADAY_SQUAREOFF,0.015,154.87,0.00024,1935.9,-7.69,2.28,-9.97,-9.97,10324.78,10314.82
58,BTC/INR,1h,LONG,2024-12-05 08:30:00+05:30,2024-12-06 00:30:00+05:30,101425.63,8469040.34,93311.58,125767.78,100182.2,8365214.05,INTRADAY_SQUAREOFF,0.015,154.72,0.000228,1934.03,-23.71,2.27,-25.98,-25.98,10314.82,10288.84
59,BTC/INR,1h,SHORT,2024-12-06 15:30:00+05:30,2024-12-07 00:30:00+05:30,98048.95,8187087.41,105892.87,74517.2,101539.49,8478547.78,INTRADAY_SQUAREOFF,0.015,154.33,0.000236,1929.16,-68.68,2.32,-70.99,-70.99,10288.84,10217.84
60,BTC/INR,1h,LONG,2024-12-07 21:30:00+05:30,2024-12-08 00:30:00+05:30,99929.04,8344074.93,91934.72,123912.01,100164.47,8363733.31,INTRADAY_SQUAREOFF,0.015,153.27,0.00023,1915.85,4.51,2.26,2.25,2.25,10217.84,10220.1
61,BTC/INR,1h,LONG,2024-12-09 04:30:00+05:30,2024-12-10 00:30:00+05:30,100347.4,8379007.79,92319.61,124430.77,97730.78,8160520.3,INTRADAY_SQUAREOFF,0.015,153.3,0.000229,1916.27,-49.97,2.23,-52.2,-52.2,10220.1,10167.9
62,BTC/INR,1h,SHORT,2024-12-10 08:30:00+05:30,2024-12-11 00:30:00+05:30,96725.11,8076546.3,104463.11,73511.08,95163.21,7946128.38,INTRADAY_SQUAREOFF,0.015,152.52,0.000236,1906.48,30.79,2.23,28.55,28.55,10167.9,10196.45
63,BTC/INR,1h,SHORT,2024-12-11 05:30:00+05:30,2024-12-12 00:30:00+05:30,96565.86,8063249.71,104291.13,73390.06,100541.82,8395241.64,INTRADAY_SQUAREOFF,0.015,152.95,0.000237,1911.83,-78.72,2.3,-81.02,-81.02,10196.45,10115.43
64,BTC/INR,1h,LONG,2024-12-12 08:30:00+05:30,2024-12-13 00:30:00+05:30,101870.62,8506196.84,93720.97,126319.57,100822.7,8418695.79,INTRADAY_SQUAREOFF,0.015,151.73,0.000223,1896.64,-19.51,2.23,-21.74,-21.74,10115.43,10093.69
65,BTC/INR,1h,SHORT,2024-12-13 07:30:00+05:30,2024-12-14 00:30:00+05:30,99188.26,8282220.03,107123.32,75383.08,101565.95,8480756.42,INTRADAY_SQUAREOFF,0.015,151.41,0.000229,1892.57,-45.37,2.26,-47.63,-47.63,10093.69,10046.07
66,BTC/INR,1h,LONG,2024-12-14 20:30:00+05:30,2024-12-15 00:30:00+05:30,101536.17,8478270.4,93413.28,125904.85,100824.34,8418832.71,INTRADAY_SQUAREOFF,0.015,150.69,0.000222,1883.64,-13.21,2.21,-15.42,-15.42,10046.07,10030.65
67,BTC/INR,1h,LONG,2024-12-15 15:30:00+05:30,2024-12-16 00:30:00+05:30,102248.96,8537788.02,94069.04,126788.71,103093.08,8608272.51,INTRADAY_SQUAREOFF,0.015,150.46,0.00022,1880.75,15.53,2.23,13.3,13.3,10030.65,10043.94
68,BTC/INR,1h,LONG,2024-12-16 04:30:00+05:30,2024-12-17 00:30:00+05:30,103368.42,8631262.75,95098.94,128176.84,107073.55,8940641.08,INTRADAY_SQUAREOFF,0.015,150.66,0.000218,1883.24,67.5,2.26,65.24,65.24,10043.94,10109.18
69,BTC/INR,1h,LONG,2024-12-17 07:30:00+05:30,2024-12-18 00:30:00+05:30,106469.62,8890213.46,97952.05,132022.33,106481.42,8891198.58,INTRADAY_SQUAREOFF,0.015,151.64,0.000213,1895.47,0.21,2.24,-2.03,-2.03,10109.18,10107.16
70,BTC/INR,1h,SHORT,2024-12-18 20:30:00+05:30,2024-12-19 00:30:00+05:30,103922.04,8677490.69,112235.81,78980.75,104657.28,8738882.8,INTRADAY_SQUAREOFF,0.015,151.61,0.000218,1895.09,-13.41,2.24,-15.65,-15.65,10107.16,10091.51
71,BTC/INR,1h,SHORT,2024-12-19 05:30:00+05:30,2024-12-20 00:30:00+05:30,100054.42,8354544.43,108058.78,76041.36,98816.3,8251160.84,INTRADAY_SQUAREOFF,0.015,151.37,0.000226,1892.16,23.41,2.22,21.2,21.2,10091.51,10112.7
72,BTC/INR,1h,SHORT,2024-12-20 07:30:00+05:30,2024-12-21 00:30:00+05:30,96081.59,8022812.88,103768.12,73022.01,97042.22,8103025.66,INTRADAY_SQUAREOFF,0.015,151.69,0.000236,1896.13,-18.96,2.25,-21.21,-21.21,10112.7,10091.5
73,BTC/INR,1h,SHORT,2024-12-22 10:30:00+05:30,2024-12-23 00:30:00+05:30,96016.62,8017387.45,103697.95,72972.63,95922.62,8009538.52,INTRADAY_SQUAREOFF,0.015,151.37,0.000236,1892.16,1.85,2.23,-0.38,-0.38,10091.5,10091.12
74,BTC/INR,1h,SHORT,2024-12-23 17:30:00+05:30,2024-12-24 00:30:00+05:30,95704.01,7991284.57,103360.33,72735.05,92675.02,7738363.96,INTRADAY_SQUAREOFF,0.015,151.37,0.000237,1892.08,59.88,2.2,57.69,57.69,10091.12,10148.8
75,BTC/INR,1h,SHORT,2024-12-24 12:30:00+05:30,2024-12-25 00:30:00+05:30,93683.99,7822612.84,101178.71,71199.83,98616.6,8234486.43,INTRADAY_SQUAREOFF,0.015,152.23,0.000243,1902.9,-100.19,2.3,-102.5,-102.5,10148.8,10046.31
76,BTC/INR,1h,LONG,2024-12-25 03:30:00+05:30,2024-12-26 00:30:00+05:30,98409.51,8217193.94,90536.75,122027.79,98604.32,8233460.85,INTRADAY_SQUAREOFF,0.015,150.69,0.000229,1883.68,3.73,2.22,1.5,1.5,10046.31,10047.81
77,BTC/INR,1h,LONG,2024-12-26 05:30:00+05:30,2024-12-27 00:30:00+05:30,99525.16,8310350.83,91563.15,123411.2,95590.36,7981795.11,INTRADAY_SQUAREOFF,0.015,150.72,0.000227,1883.96,-74.48,2.18,-76.66,-76.66,10047.81,9971.15
78,BTC/INR,1h,SHORT,2024-12-27 13:30:00+05:30,2024-12-28 00:30:00+05:30,94616.75,7900498.95,102186.09,71908.73,94460.64,7887463.79,INTRADAY_SQUAREOFF,0.015,149.57,0.000237,1869.59,3.08,2.2,0.88,0.88,9971.15,9972.03
79,BTC/INR,1h,SHORT,2024-12-28 12:30:00+05:30,2024-12-29 00:30:00+05:30,94237.95,7868868.93,101776.99,71620.84,94725.86,7909609.54,INTRADAY_SQUAREOFF,0.015,149.58,0.000238,1869.76,-9.68,2.21,-11.89,-11.89,9972.03,9960.14
80,BTC/INR,1h,SHORT,2024-12-30 00:30:00+05:30,2024-12-31 00:30:00+05:30,93431.75,7801550.72,100906.28,71008.13,94527.83,7893074.14,INTRADAY_SQUAREOFF,0.015,149.4,0.000239,1867.53,-21.91,2.22,-24.13,-24.13,9960.14,9936.01
81,BTC/INR,1h,LONG,2025-01-02 08:30:00+05:30,2025-01-03 00:30:00+05:30,95073.52,7938638.99,87467.64,117891.17,97182.92,8114773.44,INTRADAY_SQUAREOFF,0.015,149.04,0.000235,1863.0,41.33,2.22,39.11,39.11,9936.01,9975.12
82,BTC/INR,1h,LONG,2025-01-03 15:30:00+05:30,2025-01-04 00:30:00+05:30,96635.43,8069058.1,88904.59,119827.93,98461.31,8221519.15,INTRADAY_SQUAREOFF,0.015,149.63,0.000232,1870.34,35.34,2.23,33.11,33.11,9975.12,10008.23
83,BTC/INR,1h,LONG,2025-01-04 08:30:00+05:30,2025-01-05 00:30:00+05:30,98314.66,8209274.45,90449.49,121910.18,97899.66,8174621.48,INTRADAY_SQUAREOFF,0.015,150.12,0.000229,1876.54,-7.92,2.21,-10.13,-10.13,10008.23,9998.1
84,BTC/INR,1h,LONG,2025-01-05 12:30:00+05:30,2025-01-06 00:30:00+05:30,98498.25,8224603.7,90618.39,122137.83,97841.48,8169763.3,INTRADAY_SQUAREOFF,0.015,149.97,0.000228,1874.64,-12.5,2.2,-14.7,-14.7,9998.1,9983.4
85,BTC/INR,1h,LONG,2025-01-06 07:30:00+05:30,2025-01-07 00:30:00+05:30,98767.32,8247071.21,90865.93,122471.48,101779.02,8498548.38,INTRADAY_SQUAREOFF,0.015,149.75,0.000227,1871.89,57.08,2.24,54.84,54.84,9983.4,10038.23
86,BTC/INR,1h,SHORT,2025-01-08 10:30:00+05:30,2025-01-09 00:30:00+05:30,96073.28,8022118.49,103759.14,73015.69,94283.49,7872671.03,INTRADAY_SQUAREOFF,0.015,150.57,0.000235,1882.17,35.06,2.2,32.86,32.86,10038.23,10071.1
87,BTC/INR,1h,SHORT,2025-01-09 09:30:00+05:30,2025-01-10 00:30:00+05:30,93943.74,7844302.21,101459.24,71397.24,93064.29,7770868.23,INTRADAY_SQUAREOFF,0.015,151.07,0.000241,1888.33,17.68,2.22,15.46,15.46,10071.1,10086.56
88,BTC/INR,1h,LONG,2025-01-10 23:30:00+05:30,2025-01-11 01:30:00+05:30,95798.26,7999154.54,88134.4,118789.84,95266.03,7954713.56,INTRADAY_SQUAREOFF,0.015,151.3,0.000236,1891.23,-10.51,2.23,-12.73,-12.73,10086.56,10073.83
89,BTC/INR,1h,LONG,2025-01-11 11:30:00+05:30,2025-01-12 00:30:00+05:30,94392.58,7881780.34,86841.17,117046.8,94188.12,7864708.4,INTRADAY_SQUAREOFF,0.015,151.11,0.00024,1888.84,-4.09,2.23,-6.32,-6.32,10073.83,10067.51
90,BTC/INR,1h,LONG,2025-01-12 02:30:00+05:30,2025-01-13 00:30:00+05:30,94652.22,7903460.73,87080.05,117368.76,94914.0,7925318.65,INTRADAY_SQUAREOFF,0.015,151.01,0.000239,1887.66,5.22,2.23,2.99,2.99,10067.51,10070.5
91,BTC/INR,1h,SHORT,2025-01-13 22:30:00+05:30,2025-01-14 00:30:00+05:30,91234.07,7618044.94,98532.8,69337.89,92078.4,7688546.32,INTRADAY_SQUAREOFF,0.015,151.06,0.000248,1888.22,-17.47,2.24,-19.71,-19.71,10070.5,10050.78
92,BTC/INR,1h,LONG,2025-01-14 15:30:00+05:30,2025-01-15 00:30:00+05:30,97394.9,8132474.12,89603.31,120769.68,96603.88,8066423.73,INTRADAY_SQUAREOFF,0.015,150.76,0.000232,1884.52,-15.31,2.21,-17.52,-17.52,10050.78,10033.26
93,BTC/INR,1h,LONG,2025-01-15 04:30:00+05:30,2025-01-16 00:30:00+05:30,96745.51,8078250.31,89005.87,119964.44,99408.27,8300590.63,INTRADAY_SQUAREOFF,0.015,150.5,0.000233,1881.24,51.78,2.25,49.53,49.53,10033.26,10082.79
94,BTC/INR,1h,LONG,2025-01-16 12:30:00+05:30,2025-01-17 00:30:00+05:30,99860.3,8338335.35,91871.48,123826.78,99465.9,8305402.52,INTRADAY_SQUAREOFF,0.015,151.24,0.000227,1890.52,-7.47,2.23,-9.69,-9.69,10082.79,10073.1
95,BTC/INR,1h,LONG,2025-01-17 10:30:00+05:30,2025-01-18 00:30:00+05:30,101485.99,8474080.25,93367.11,125842.63,104812.72,8751862.43,INTRADAY_SQUAREOFF,0.015,151.1,0.000223,1888.71,61.91,2.27,59.65,59.65,10073.1,10132.75
96,BTC/INR,1h,LONG,2025-01-18 06:30:00+05:30,2025-01-19 00:30:00+05:30,104681.09,8740870.83,96306.6,129804.55,103961.08,8680750.13,INTRADAY_SQUAREOFF,0.015,151.99,0.000217,1899.89,-13.07,2.23,-15.3,-15.3,10132.75,10117.44
97,BTC/INR,1h,LONG,2025-01-19 15:30:00+05:30,2025-01-20 00:30:00+05:30,105271.3,8790153.94,96849.6,130536.42,104826.69,8753028.23,INTRADAY_SQUAREOFF,0.015,151.76,0.000216,1897.02,-8.01,2.23,-10.25,-10.25,10117.44,10107.2
98,BTC/INR,1h,SHORT,2025-01-21 10:30:00+05:30,2025-01-22 00:30:00+05:30,101870.6,8506195.24,110020.25,77421.66,106901.51,8926276.08,INTRADAY_SQUAREOFF,0.015,151.61,0.000223,1895.1,-93.59,2.29,-95.88,-95.88,10107.2,10011.32
99,BTC/INR,1h,LONG,2025-01-22 17:30:00+05:30,2025-01-23 00:30:00+05:30,105445.55,8804703.26,97009.9,130752.48,103851.07,8671564.51,INTRADAY_SQUAREOFF,0.015,150.17,0.000213,1877.12,-28.38,2.2,-30.58,-30.58,10011.32,9980.73
100,BTC/INR,1h,SHORT,2025-01-23 15:30:00+05:30,2025-01-24 00:30:00+05:30,101555.74,8479904.59,109680.2,77182.37,105471.35,8806857.72,INTRADAY_SQUAREOFF,0.015,149.71,0.000221,1871.39,-72.15,2.25,-74.4,-74.4,9980.73,9906.33
101,BTC/INR,1h,LONG,2025-01-24 09:30:00+05:30,2025-01-25 00:30:00+05:30,104231.38,8703320.12,95892.87,129246.91,106254.67,8872264.64,INTRADAY_SQUAREOFF,0.015,148.59,0.000213,1857.44,36.06,2.21,33.84,33.84,9906.33,9940.17
102,BTC/INR,1h,SHORT,2025-01-27 10:30:00+05:30,2025-01-28 00:30:00+05:30,100211.59,8367667.59,108228.51,76160.81,99170.68,8280751.59,INTRADAY_SQUAREOFF,0.015,149.1,0.000223,1863.78,19.36,2.19,17.17,17.17,9940.17,9957.34
103,BTC/INR,1h,SHORT,2025-01-29 19:30:00+05:30,2025-01-30 00:30:00+05:30,101642.61,8487157.63,109774.01,77248.38,102777.27,8581901.98,INTRADAY_SQUAREOFF,0.015,149.36,0.00022,1867.0,-20.84,2.22,-23.06,-23.06,9957.34,9934.29
104,BTC/INR,1h,LONG,2025-01-30 06:30:00+05:30,2025-01-31 00:30:00+05:30,104130.91,8694931.36,95800.44,129122.33,105543.83,8812910.18,INTRADAY_SQUAREOFF,0.015,149.01,0.000214,1862.68,25.27,2.21,23.06,23.06,9934.29,9957.35
105,BTC/INR,1h,SHORT,2025-02-01 09:30:00+05:30,2025-02-02 00:30:00+05:30,102174.85,8531599.8,110348.84,77652.88,102055.97,8521673.6,INTRADAY_SQUAREOFF,0.015,149.36,0.000219,1867.0,2.17,2.2,-0.03,-0.03,9957.35,9957.32
106,BTC/INR,1h,SHORT,2025-02-02 04:30:00+05:30,2025-02-03 00:30:00+05:30,100522.32,8393613.32,108564.1,76396.96,96939.77,8094471.11,INTRADAY_SQUAREOFF,0.015,149.36,0.000222,1867.0,66.54,2.16,64.37,64.37,9957.32,10021.69
107,BTC/INR,1h,SHORT,2025-02-03 03:30:00+05:30,2025-02-04 00:30:00+05:30,96598.35,8065962.1,104326.22,73414.74,100076.92,8356422.8,INTRADAY_SQUAREOFF,0.015,150.33,0.000233,1879.07,-67.67,2.26,-69.92,-69.92,10021.69,9951.77
108,BTC/INR,1h,SHORT,2025-02-05 12:30:00+05:30,2025-02-06 00:30:00+05:30,97590.23,8148783.98,105397.45,74168.57,96776.99,8080878.61,INTRADAY_SQUAREOFF,0.015,149.28,0.000229,1865.96,15.55,2.19,13.36,13.36,9951.77,9965.13
109,BTC/INR,1h,SHORT,2025-02-06 04:30:00+05:30,2025-02-07 00:30:00+05:30,96258.74,8037605.21,103959.44,73156.65,96288.96,8040127.86,INTRADAY_SQUAREOFF,0.015,149.48,0.000232,1868.46,-0.59,2.21,-2.79,-2.79,9965.13,9962.33
110,BTC/INR,1h,SHORT,2025-02-07 12:30:00+05:30,2025-02-08 00:30:00+05:30,96588.06,8065102.74,104315.1,73406.92,97810.68,8167191.59,INTRADAY_SQUAREOFF,0.015,149.44,0.000232,1867.94,-23.64,2.22,-25.86,-25.86,9962.33,9936.47
111,BTC/INR,1h,SHORT,2025-02-08 10:30:00+05:30,2025-02-09 00:30:00+05:30,96240.31,8036065.79,103939.53,73142.63,96553.6,8062225.3,INTRADAY_SQUAREOFF,0.015,149.05,0.000232,1863.09,-6.06,2.2,-8.27,-8.27,9936.47,9928.2
112,BTC/INR,1h,SHORT,2025-02-10 07:30:00+05:30,2025-02-11 00:30:00+05:30,95352.3,7961917.05,102980.48,72467.75,97627.52,8151897.58,INTRADAY_SQUAREOFF,0.015,148.92,0.000234,1861.54,-44.42,2.22,-46.64,-46.64,9928.2,9881.56
113,BTC/INR,1h,LONG,2025-02-11 07:30:00+05:30,2025-02-12 00:30:00+05:30,98150.16,8195538.35,90298.15,121706.2,95402.11,7966076.27,INTRADAY_SQUAREOFF,0.015,148.22,0.000226,1852.79,-51.88,2.16,-54.03,-54.03,9881.56,9827.53
114,BTC/INR,1h,SHORT,2025-02-12 08:30:00+05:30,2025-02-13 00:30:00+05:30,95381.96,7964394.06,103012.52,72490.29,96978.93,8097740.34,INTRADAY_SQUAREOFF,0.015,147.41,0.000231,1842.66,-30.85,2.19,-33.04,-33.04,9827.53,9794.49
115,BTC/INR,1h,LONG,2025-02-13 07:30:00+05:30,2025-02-14 00:30:00+05:30,98135.75,8194334.83,90284.89,121688.33,95922.67,8009543.02,INTRADAY_SQUAREOFF,0.015,146.92,0.000224,1836.47,-41.41,2.14,-43.56,-43.56,9794.49,9750.93
116,BTC/INR,1h,LONG,2025-02-15 07:30:00+05:30,2025-02-16 00:30:00+05:30,97862.6,8171527.28,90033.59,121349.63,97515.66,8142557.87,INTRADAY_SQUAREOFF,0.015,146.26,0.000224,1828.3,-6.48,2.15,-8.64,-8.64,9750.93,9742.3
117,BTC/INR,1h,LONG,2025-02-16 03:30:00+05:30,2025-02-17 00:30:00+05:30,97744.55,8161670.01,89924.99,121203.24,96848.48,8086848.18,INTRADAY_SQUAREOFF,0.015,146.13,0.000224,1826.68,-16.75,2.15,-18.89,-18.89,9742.3,9723.4
118,BTC/INR,1h,SHORT,2025-02-17 05:30:00+05:30,2025-02-18 00:30:00+05:30,96021.93,8017831.47,103703.69,72976.67,95376.45,7963933.21,INTRADAY_SQUAREOFF,0.015,145.85,0.000227,1823.14,12.26,2.14,10.11,10.11,9723.4,9733.52
119,BTC/INR,1h,SHORT,2025-02-18 04:30:00+05:30,2025-02-19 00:30:00+05:30,95818.68,8000859.45,103484.17,72822.19,93955.84,7845312.41,INTRADAY_SQUAREOFF,0.015,146.0,0.000228,1825.03,35.48,2.13,33.35,33.35,9733.52,9766.86
120,BTC/INR,1h,LONG,2025-02-20 08:30:00+05:30,2025-02-21 00:30:00+05:30,97279.08,8122802.86,89496.75,120626.05,98279.72,8206356.48,INTRADAY_SQUAREOFF,0.015,146.5,0.000225,1831.29,18.84,2.17,16.67,16.67,9766.86,9783.53
121,BTC/INR,1h,SHORT,2025-02-22 13:30:00+05:30,2025-02-23 00:30:00+05:30,96249.66,8036846.26,103949.63,73149.74,96504.21,8058101.73,INTRADAY_SQUAREOFF,0.015,146.75,0.000228,1834.41,-4.85,2.17,-7.02,-7.02,9783.53,9776.51
122,BTC/INR,1h,SHORT,2025-02-23 07:30:00+05:30,2025-02-24 00:30:00+05:30,96383.34,8048008.8,104094.01,73251.34,95797.74,7999111.47,INTRADAY_SQUAREOFF,0.015,146.65,0.000228,1833.1,11.14,2.16,8.98,8.98,9776.51,9785.49
123,BTC/INR,1h,SHORT,2025-02-24 14:30:00+05:30,2025-02-25 00:30:00+05:30,95388.99,7964980.88,103020.11,72495.63,94202.87,7865939.39,INTRADAY_SQUAREOFF,0.015,146.78,0.00023,1834.78,22.81,2.15,20.66,20.66,9785.49,9806.15
124,BTC/INR,1h,SHORT,2025-02-25 04:30:00+05:30,2025-02-26 00:30:00+05:30,92398.89,7715307.7,99790.81,70223.16,87021.85,7266324.35,INTRADAY_SQUAREOFF,0.015,147.09,0.000238,1838.65,107.0,2.11,104.89,104.89,9806.15,9911.05
125,BTC/INR,1h,SHORT,2025-02-26 06:30:00+05:30,2025-02-27 00:30:00+05:30,88010.5,7348877.08,95051.34,66887.98,84126.71,7024579.98,INTRADAY_SQUAREOFF,0.015,148.67,0.000253,1858.32,82.01,2.14,79.86,79.86,9911.05,9990.91
126,BTC/INR,1h,SHORT,2025-02-27 08:30:00+05:30,2025-02-28 00:30:00+05:30,84180.65,7029083.98,90915.1,63977.29,84542.92,7059334.0,INTRADAY_SQUAREOFF,0.015,149.86,0.000267,1873.3,-8.06,2.22,-10.28,-10.28,9990.91,9980.63
127,BTC/INR,1h,SHORT,2025-02-28 06:30:00+05:30,2025-03-01 00:30:00+05:30,84167.45,7027982.07,90900.85,63967.26,84674.82,7070347.16,INTRADAY_SQUAREOFF,0.015,149.71,0.000266,1871.37,-11.28,2.21,-13.5,-13.5,9980.63,9967.13
128,BTC/INR,1h,LONG,2025-03-01 05:30:00+05:30,2025-03-02 00:30:00+05:30,84509.85,7056572.56,77749.06,104792.22,85221.28,7115977.06,INTRADAY_SQUAREOFF,0.015,149.51,0.000265,1868.84,15.73,2.21,13.52,13.52,9967.13,9980.65
129,BTC/INR,1h,LONG,2025-03-02 07:30:00+05:30,2025-03-03 00:30:00+05:30,86354.19,7210574.59,79445.85,107079.19,92700.74,7740511.44,INTRADAY_SQUAREOFF,0.015,149.71,0.00026,1871.37,137.54,2.29,135.25,135.25,9980.65,10115.9
130,BTC/INR,1h,LONG,2025-03-03 04:30:00+05:30,2025-03-03 23:30:00+05:30,94497.68,7890556.14,86937.86,117177.12,86894.4,7255682.0,STOP_LOSS,0.015,151.74,0.00024,1896.73,-152.61,2.15,-154.76,-154.76,10115.9,9961.14
131,BTC/INR,1h,SHORT,2025-03-04 03:30:00+05:30,2025-03-05 00:30:00+05:30,85062.85,7102748.27,91867.88,64647.77,86807.91,7248460.78,INTRADAY_SQUAREOFF,0.015,149.42,0.000263,1867.71,-38.32,2.23,-40.54,-40.54,9961.14,9920.6
132,BTC/INR,1h,LONG,2025-03-05 07:30:00+05:30,2025-03-06 00:30:00+05:30,87749.03,7327044.2,80729.11,108808.8,89695.94,7489611.16,INTRADAY_SQUAREOFF,0.015,148.81,0.000254,1860.11,41.27,2.22,39.05,39.05,9920.6,9959.65
133,BTC/INR,1h,LONG,2025-03-06 08:30:00+05:30,2025-03-07 00:30:00+05:30,92014.5,7683210.74,84653.34,114097.98,88357.42,7377844.27,INTRADAY_SQUAREOFF,0.015,149.39,0.000243,1867.43,-74.22,2.16,-76.38,-76.38,9959.65,9883.27
134,BTC/INR,1h,SHORT,2025-03-07 06:30:00+05:30,2025-03-08 00:30:00+05:30,85117.0,7107269.36,91926.36,64688.92,88833.22,7417574.08,INTRADAY_SQUAREOFF,0.015,148.25,0.000261,1853.11,-80.91,2.23,-83.14,-83.14,9883.27,9800.13
135,BTC/INR,1h,SHORT,2025-03-08 13:30:00+05:30,2025-03-09 00:30:00+05:30,86115.36,7190632.42,93004.59,65447.67,86070.04,7186848.09,INTRADAY_SQUAREOFF,0.015,147.0,0.000256,1837.52,0.97,2.17,-1.2,-1.2,9800.13,9798.93
136,BTC/INR,1h,SHORT,2025-03-09 08:30:00+05:30,2025-03-10 00:30:00+05:30,85952.41,7177026.11,92828.6,65323.83,82689.98,6904613.38,INTRADAY_SQUAREOFF,0.015,146.98,0.000256,1837.3,69.74,2.13,67.61,67.61,9798.93,9866.54
137,BTC/INR,1h,SHORT,2025-03-10 03:30:00+05:30,2025-03-11 00:30:00+05:30,81725.22,6824055.75,88263.24,62111.17,77853.06,6500730.14,INTRADAY_SQUAREOFF,0.015,148.0,0.000271,1849.98,87.65,2.13,85.52,85.52,9866.54,9952.06
138,BTC/INR,1h,SHORT,2025-03-11 05:30:00+05:30,2025-03-12 00:30:00+05:30,78530.62,6557306.88,84813.07,59683.27,83338.17,6958737.34,INTRADAY_SQUAREOFF,0.015,149.28,0.000285,1866.01,-114.23,2.27,-116.5,-116.5,9952.06,9835.55
139,BTC/INR,1h,LONG,2025-03-12 13:30:00+05:30,2025-03-13 00:30:00+05:30,82505.22,6889186.22,75904.81,102306.48,82561.0,6893843.8,INTRADAY_SQUAREOFF,0.015,147.53,0.000268,1844.17,1.25,2.18,-0.93,-0.93,9835.55,9834.62
140,BTC/INR,1h,LONG,2025-03-13 04:30:00+05:30,2025-03-14 00:30:00+05:30,83696.95,6988695.54,77001.2,103784.22,80728.26,6740810.05,INTRADAY_SQUAREOFF,0.015,147.52,0.000264,1843.99,-65.41,2.14,-67.54,-67.54,9834.62,9767.08
141,BTC/INR,1h,LONG,2025-03-15 08:30:00+05:30,2025-03-16 00:30:00+05:30,84624.34,7066132.21,77854.39,104934.18,84175.11,7028621.7,INTRADAY_SQUAREOFF,0.015,146.51,0.000259,1831.33,-9.72,2.16,-11.88,-11.88,9767.08,9755.2
142,BTC/INR,1h,LONG,2025-03-16 09:30:00+05:30,2025-03-17 00:30:00+05:30,84387.47,7046353.71,77636.47,104640.46,83621.73,6982414.52,INTRADAY_SQUAREOFF,0.015,146.33,0.00026,1829.1,-16.6,2.15,-18.75,-18.75,9755.2,9736.46
143,BTC/INR,1h,SHORT,2025-03-17 11:30:00+05:30,2025-03-18 00:30:00+05:30,83099.67,6938822.58,89747.65,63155.75,84541.87,7059246.55,INTRADAY_SQUAREOFF,0.015,146.05,0.000263,1825.59,-31.68,2.17,-33.86,-33.86,9736.46,9702.6
144,BTC/INR,1h,SHORT,2025-03-18 23:30:00+05:30,2025-03-19 01:30:00+05:30,81339.08,6791813.48,87846.21,61817.7,82323.13,6873980.97,INTRADAY_SQUAREOFF,0.015,145.54,0.000268,1819.24,-22.01,2.16,-24.17,-24.17,9702.6,9678.43
145,BTC/INR,1h,LONG,2025-03-19 19:30:00+05:30,2025-03-20 00:30:00+05:30,84362.14,7044239.05,77613.17,104609.06,85640.78,7151004.74,INTRADAY_SQUAREOFF,0.015,145.18,0.000258,1814.71,27.5,2.16,25.35,25.35,9678.43,9703.78
146,BTC/INR,1h,LONG,2025-03-20 05:30:00+05:30,2025-03-21 00:30:00+05:30,87045.49,7268298.03,80081.85,107936.4,83954.68,7010215.89,INTRADAY_SQUAREOFF,0.015,145.56,0.00025,1819.46,-64.61,2.11,-66.71,-66.71,9703.78,9637.07
147,BTC/INR,1h,SHORT,2025-03-21 04:30:00+05:30,2025-03-22 00:30:00+05:30,83948.37,7009689.06,90664.24,63800.76,84107.67,7022990.73,INTRADAY_SQUAREOFF,0.015,144.56,0.000258,1806.95,-3.43,2.13,-5.56,-5.56,9637.07,9631.5
148,BTC/INR,1h,SHORT,2025-03-22 05:30:00+05:30,2025-03-23 00:30:00+05:30,83981.25,7012434.06,90699.75,63825.75,84299.94,7039045.11,INTRADAY_SQUAREOFF,0.015,144.47,0.000258,1805.91,-6.85,2.14,-8.99,-8.99,9631.5,9622.51
149,BTC/INR,1h,LONG,2025-03-23 21:30:00+05:30,2025-03-24 00:30:00+05:30,85257.94,7119038.29,78437.31,105719.85,84936.32,7092182.33,INTRADAY_SQUAREOFF,0.015,144.34,0.000253,1804.22,-6.81,2.12,-8.93,-8.93,9622.51,9613.58
150,BTC/INR,1h,LONG,2025-03-24 09:30:00+05:30,2025-03-25 00:30:00+05:30,86581.46,7229552.28,79654.95,107361.02,88454.59,7385958.63,INTRADAY_SQUAREOFF,0.015,144.2,0.000249,1802.55,39.0,2.15,36.85,36.85,9613.58,9650.43
151,BTC/INR,1h,LONG,2025-03-25 06:30:00+05:30,2025-03-26 00:30:00+05:30,87713.25,7324056.27,80696.19,108764.43,87823.36,7333250.83,INTRADAY_SQUAREOFF,0.015,144.76,0.000247,1809.46,2.27,2.14,0.14,0.14,9650.43,9650.56
152,BTC/INR,1h,LONG,2025-03-26 07:30:00+05:30,2025-03-27 00:30:00+05:30,87928.93,7342066.05,80894.62,109031.88,86174.59,7195577.97,INTRADAY_SQUAREOFF,0.015,144.76,0.000246,1809.48,-36.1,2.11,-38.22,-38.22,9650.56,9612.35
153,BTC/INR,1h,SHORT,2025-03-27 11:30:00+05:30,2025-03-28 00:30:00+05:30,87257.26,7285980.86,94237.84,66315.51,87248.48,7285247.87,INTRADAY_SQUAREOFF,0.015,144.19,0.000247,1802.32,0.18,2.13,-1.95,-1.95,9612.35,9610.4
154,BTC/INR,1h,SHORT,2025-03-28 16:30:00+05:30,2025-03-29 00:30:00+05:30,84851.12,7085068.16,91639.2,64486.85,83867.54,7002939.41,INTRADAY_SQUAREOFF,0.015,144.16,0.000254,1801.95,20.89,2.11,18.77,18.77,9610.4,9629.18
155,BTC/INR,1h,SHORT,2025-03-29 15:30:00+05:30,2025-03-30 00:30:00+05:30,83348.4,6959591.29,90016.27,63344.78,82362.04,6877229.96,INTRADAY_SQUAREOFF,0.015,144.44,0.000259,1805.47,21.37,2.12,19.25,19.25,9629.18,9648.43
156,BTC/INR,1h,SHORT,2025-03-30 11:30:00+05:30,2025-03-31 00:30:00+05:30,82882.62,6920698.44,89513.23,62990.79,82728.85,6907859.11,INTRADAY_SQUAREOFF,0.015,144.73,0.000261,1809.08,3.36,2.13,1.22,1.22,9648.43,9649.65
157,BTC/INR,1h,SHORT,2025-03-31 09:30:00+05:30,2025-04-01 00:30:00+05:30,81453.24,6801345.32,87969.5,61904.46,83342.41,6959091.08,INTRADAY_SQUAREOFF,0.015,144.74,0.000266,1809.31,-41.96,2.16,-44.12,-44.12,9649.65,9605.53
158,BTC/INR,1h,LONG,2025-04-01 20:30:00+05:30,2025-04-02 00:30:00+05:30,84263.83,7036029.77,77522.72,104487.15,85079.45,7104134.46,INTRADAY_SQUAREOFF,0.015,144.08,0.000256,1801.04,17.43,2.14,15.3,15.3,9605.53,9620.82
159,BTC/INR,1h,LONG,2025-04-02 02:30:00+05:30,2025-04-03 00:30:00+05:30,85333.86,7125377.67,78507.16,105813.99,86347.66,7210029.29,INTRADAY_SQUAREOFF,0.015,144.31,0.000253,1803.9,21.43,2.14,19.29,19.29,9620.82,9640.11
160,BTC/INR,1h,SHORT,2025-04-03 12:30:00+05:30,2025-04-04 00:30:00+05:30,82972.83,6928231.2,89610.66,63059.35,82094.91,6854924.96,INTRADAY_SQUAREOFF,0.015,144.6,0.000261,1807.52,19.13,2.12,17.0,17.0,9640.11,9657.12
161,BTC/INR,1h,LONG,2025-04-05 15:30:00+05:30,2025-04-06 00:30:00+05:30,83863.67,7002616.34,77154.58,103990.95,82993.64,6929968.83,INTRADAY_SQUAREOFF,0.015,144.86,0.000259,1810.71,-18.78,2.13,-20.91,-20.91,9657.12,9636.21
162,BTC/INR,1h,SHORT,2025-04-06 12:30:00+05:30,2025-04-07 00:30:00+05:30,83054.24,6935029.14,89698.58,63121.22,79041.75,6599986.22,INTRADAY_SQUAREOFF,0.015,144.54,0.000261,1806.79,87.29,2.08,85.21,85.21,9636.21,9721.41
163,BTC/INR,1h,SHORT,2025-04-07 02:30:00+05:30,2025-04-08 00:30:00+05:30,78594.12,6562609.09,84881.65,59731.53,78512.57,6555799.81,INTRADAY_SQUAREOFF,0.015,145.82,0.000278,1822.77,1.89,2.15,-0.26,-0.26,9721.41,9721.16
164,BTC/INR,1h,LONG,2025-04-08 07:30:00+05:30,2025-04-09 00:30:00+05:30,80766.53,6744005.02,74305.2,100150.49,77199.87,6446188.74,INTRADAY_SQUAREOFF,0.015,145.82,0.00027,1822.72,-80.49,2.1,-82.59,-82.59,9721.16,9638.56
165,BTC/INR,1h,SHORT,2025-04-09 05:30:00+05:30,2025-04-09 23:30:00+05:30,76215.33,6363979.75,82312.55,57923.65,82353.71,6876534.68,STOP_LOSS,0.015,144.58,0.000284,1807.23,-145.55,2.22,-147.77,-147.77,9638.56,9490.79
166,BTC/INR,1h,LONG,2025-04-10 02:30:00+05:30,2025-04-11 00:30:00+05:30,83231.63,6949841.45,76573.1,103207.23,79407.3,6630509.54,INTRADAY_SQUAREOFF,0.015,142.36,0.000256,1779.52,-81.77,2.05,-83.82,-83.82,9490.79,9406.97
167,BTC/INR,1h,SHORT,2025-04-11 06:30:00+05:30,2025-04-12 00:30:00+05:30,78930.41,6590688.87,85244.84,59987.11,83617.76,6982083.34,INTRADAY_SQUAREOFF,0.015,141.1,0.000268,1763.81,-104.75,2.14,-106.89,-106.89,9406.97,9300.08
168,BTC/INR,1h,LONG,2025-04-12 10:30:00+05:30,2025-04-13 00:30:00+05:30,83329.97,6958052.69,76663.57,103329.17,85110.35,7106713.84,INTRADAY_SQUAREOFF,0.015,139.5,0.000251,1743.77,37.26,2.08,35.18,35.18,9300.08,9335.26
169,BTC/INR,1h,LONG,2025-04-13 06:30:00+05:30,2025-04-14 00:30:00+05:30,85570.1,7145103.32,78724.49,106106.92,84663.83,7069430.17,INTRADAY_SQUAREOFF,0.015,140.03,0.000245,1750.36,-18.54,2.05,-20.59,-20.59,9335.26,9314.67
170,BTC/INR,1h,LONG,2025-04-15 18:30:00+05:30,2025-04-16 00:30:00+05:30,85839.23,7167575.4,78972.09,106440.64,84150.11,7026533.94,INTRADAY_SQUAREOFF,0.015,139.72,0.000244,1746.5,-34.37,2.04,-36.41,-36.41,9314.67,9278.26
171,BTC/INR,1h,SHORT,2025-04-16 04:30:00+05:30,2025-04-17 00:30:00+05:30,83660.48,6985650.48,90353.32,63581.97,84145.26,7026129.42,INTRADAY_SQUAREOFF,0.015,139.17,0.000249,1739.67,-10.08,2.06,-12.14,-12.14,9278.26,9266.12
172,BTC/INR,1h,LONG,2025-04-18 02:30:00+05:30,2025-04-19 00:30:00+05:30,85180.3,7112554.67,78365.87,105623.57,84563.41,7061044.57,INTRADAY_SQUAREOFF,0.015,138.99,0.000244,1737.4,-12.58,2.04,-14.63,-14.63,9266.12,9251.49
173,BTC/INR,1h,LONG,2025-04-19 07:30:00+05:30,2025-04-20 00:30:00+05:30,84613.47,7065224.35,77844.39,104920.7,85085.07,7104603.26,INTRADAY_SQUAREOFF,0.015,138.77,0.000246,1734.66,9.67,2.05,7.62,7.62,9251.49,9259.11
174,BTC/INR,1h,LONG,2025-04-21 05:30:00+05:30,2025-04-22 00:30:00+05:30,85283.57,7121178.4,78460.89,105751.63,86763.25,7244730.97,INTRADAY_SQUAREOFF,0.015,138.89,0.000244,1736.08,30.12,2.07,28.05,28.05,9259.11,9287.16
175,BTC/INR,1h,LONG,2025-04-22 05:30:00+05:30,2025-04-23 00:30:00+05:30,87611.13,7315529.14,80602.24,108637.8,91511.09,7641175.91,INTRADAY_SQUAREOFF,0.015,139.31,0.000238,1741.34,77.51,2.1,75.41,75.41,9287.16,9362.58
176,BTC/INR,1h,LONG,2025-04-23 03:30:00+05:30,2025-04-24 00:30:00+05:30,93507.8,7807901.37,86027.18,115949.67,93600.82,7815668.86,INTRADAY_SQUAREOFF,0.015,140.44,0.000225,1755.48,1.75,2.07,-0.33,-0.33,9362.58,9362.25
177,BTC/INR,1h,LONG,2025-04-24 04:30:00+05:30,2025-04-25 00:30:00+05:30,93846.62,7836192.65,86338.89,116369.81,93360.59,7795608.88,INTRADAY_SQUAREOFF,0.015,140.43,0.000224,1755.42,-9.09,2.07,-11.16,-11.16,9362.25,9351.1
178,BTC/INR,1h,LONG,2025-04-25 05:30:00+05:30,2025-04-26 00:30:00+05:30,94053.18,7853440.76,86528.93,116625.95,94971.43,7930114.24,INTRADAY_SQUAREOFF,0.015,140.27,0.000223,1753.33,17.12,2.08,15.04,15.04,9351.1,9366.13
179,BTC/INR,1h,LONG,2025-04-26 08:30:00+05:30,2025-04-27 00:30:00+05:30,95196.42,7948900.92,87580.7,118043.56,94161.49,7862484.37,INTRADAY_SQUAREOFF,0.015,140.49,0.000221,1756.15,-19.09,2.06,-21.15,-21.15,9366.13,9344.98
180,BTC/INR,1h,LONG,2025-04-27 06:30:00+05:30,2025-04-28 00:30:00+05:30,95055.87,7937165.26,87451.4,117869.28,94263.66,7871015.37,INTRADAY_SQUAREOFF,0.015,140.17,0.000221,1752.18,-14.6,2.06,-16.66,-16.66,9344.98,9328.32
181,BTC/INR,1h,SHORT,2025-04-28 05:30:00+05:30,2025-04-29 00:30:00+05:30,93681.8,7822430.28,101176.34,71198.17,94284.21,7872731.73,INTRADAY_SQUAREOFF,0.015,139.92,0.000224,1749.06,-11.25,2.07,-13.32,-13.32,9328.32,9315.0
182,BTC/INR,1h,SHORT,2025-04-29 10:30:00+05:30,2025-04-30 00:30:00+05:30,94314.49,7875260.0,101859.65,71679.01,95481.19,7972678.99,INTRADAY_SQUAREOFF,0.015,139.73,0.000222,1746.56,-21.61,2.07,-23.68,-23.68,9315.0,9291.32
183,BTC/INR,1h,SHORT,2025-04-30 12:30:00+05:30,2025-05-01 00:30:00+05:30,94725.3,7909562.65,102303.33,71991.23,94185.58,7864496.34,INTRADAY_SQUAREOFF,0.015,139.37,0.00022,1742.12,9.93,2.05,7.88,7.88,9291.32,9299.2
184,BTC/INR,1h,SHORT,2025-05-01 04:30:00+05:30,2025-05-02 00:30:00+05:30,94058.39,7853875.78,101583.06,71484.38,96906.74,8091712.93,INTRADAY_SQUAREOFF,0.015,139.49,0.000222,1743.6,-52.8,2.09,-54.89,-54.89,9299.2,9244.31
185,BTC/INR,1h,LONG,2025-05-02 06:30:00+05:30,2025-05-03 00:30:00+05:30,97102.62,8108068.84,89334.41,120407.25,97141.04,8111276.67,INTRADAY_SQUAREOFF,0.015,138.66,0.000214,1733.31,0.69,2.05,-1.36,-1.36,9244.31,9242.95
186,BTC/INR,1h,LONG,2025-05-03 05:30:00+05:30,2025-05-04 00:30:00+05:30,96966.24,8096681.05,89208.94,120238.14,96120.12,8026029.94,INTRADAY_SQUAREOFF,0.015,138.64,0.000214,1733.05,-15.12,2.04,-17.16,-17.16,9242.95,9225.79
187,BTC/INR,1h,SHORT,2025-05-04 22:30:00+05:30,2025-05-05 00:30:00+05:30,95279.63,7955848.72,102902.0,72412.52,95439.68,7969213.31,INTRADAY_SQUAREOFF,0.015,138.39,0.000217,1729.84,-2.91,2.04,-4.95,-4.95,9225.79,9220.84
188,BTC/INR,1h,SHORT,2025-05-05 05:30:00+05:30,2025-05-06 00:30:00+05:30,94163.22,7862628.47,101696.27,71564.04,94773.72,7913605.83,INTRADAY_SQUAREOFF,0.015,138.31,0.00022,1728.91,-11.21,2.05,-13.26,-13.26,9220.84,9207.59
189,BTC/INR,1h,LONG,2025-05-07 04:30:00+05:30,2025-05-08 00:30:00+05:30,96402.69,8049624.86,88690.48,119539.34,96548.83,8061827.66,INTRADAY_SQUAREOFF,0.015,138.11,0.000214,1726.42,2.62,2.04,0.58,0.58,9207.59,9208.16
190,BTC/INR,1h,LONG,2025-05-08 14:30:00+05:30,2025-05-09 00:30:00+05:30,99811.26,8334239.85,91826.36,123765.96,101301.26,8458655.34,INTRADAY_SQUAREOFF,0.015,138.12,0.000207,1726.53,25.77,2.05,23.72,23.72,9208.16,9231.89
191,BTC/INR,1h,LONG,2025-05-09 02:30:00+05:30,2025-05-10 00:30:00+05:30,102814.03,8584971.49,94588.91,127489.4,103165.12,8614287.37,INTRADAY_SQUAREOFF,0.015,138.48,0.000202,1730.98,5.91,2.05,3.86,3.86,9231.89,9235.75
192,BTC/INR,1h,LONG,2025-05-10 09:30:00+05:30,2025-05-11 00:30:00+05:30,103257.01,8621960.25,94996.45,128038.69,103203.73,8617511.6,INTRADAY_SQUAREOFF,0.015,138.54,0.000201,1731.7,-0.89,2.04,-2.94,-2.94,9235.75,9232.81
193,BTC/INR,1h,LONG,2025-05-11 03:30:00+05:30,2025-05-12 00:30:00+05:30,103835.33,8670249.99,95528.5,128755.81,104509.91,8726577.18,INTRADAY_SQUAREOFF,0.015,138.49,0.0002,1731.15,11.25,2.05,9.2,9.2,9232.81,9242.01
194,BTC/INR,1h,LONG,2025-05-12 06:30:00+05:30,2025-05-13 00:30:00+05:30,104697.56,8742246.01,96321.75,129824.97,101614.85,8484839.71,INTRADAY_SQUAREOFF,0.015,138.63,0.000198,1732.88,-51.02,2.01,-53.04,-53.04,9242.01,9188.97
195,BTC/INR,1h,SHORT,2025-05-13 06:30:00+05:30,2025-05-14 00:30:00+05:30,102164.24,8530714.36,110337.38,77644.83,104432.48,8720112.01,INTRADAY_SQUAREOFF,0.015,137.83,0.000202,1722.93,-38.25,2.06,-40.31,-40.31,9188.97,9148.67
196,BTC/INR,1h,LONG,2025-05-15 00:30:00+05:30,2025-05-16 00:30:00+05:30,103549.54,8646386.42,95265.57,128401.43,102650.08,8571281.59,INTRADAY_SQUAREOFF,0.015,137.23,0.000198,1715.37,-14.9,2.02,-16.92,-16.92,9148.67,9131.75
197,BTC/INR,1h,LONG,2025-05-16 05:30:00+05:30,2025-05-17 00:30:00+05:30,103920.47,8677359.52,95606.84,128861.39,103680.77,8657344.0,INTRADAY_SQUAREOFF,0.015,136.98,0.000197,1712.2,-3.95,2.02,-5.97,-5.97,9131.75,9125.78
198,BTC/INR,1h,LONG,2025-05-17 09:30:00+05:30,2025-05-18 00:30:00+05:30,103593.1,8650023.75,95305.65,128455.44,102970.54,8598039.74,INTRADAY_SQUAREOFF,0.015,136.89,0.000198,1711.08,-10.28,2.01,-12.3,-12.3,9125.78,9113.49
199,BTC/INR,1h,LONG,2025-05-18 19:30:00+05:30,2025-05-19 00:30:00+05:30,104795.6,8750432.45,96411.95,129946.54,104445.91,8721233.25,INTRADAY_SQUAREOFF,0.015,136.7,0.000195,1708.78,-5.7,2.01,-7.71,-7.71,9113.49,9105.77
200,BTC/INR,1h,SHORT,2025-05-19 12:30:00+05:30,2025-05-20 00:30:00+05:30,102061.63,8522146.2,110226.56,77566.84,104818.97,8752383.93,INTRADAY_SQUAREOFF,0.015,136.59,0.0002,1707.33,-46.13,2.04,-48.17,-48.17,9105.77,9057.6
201,BTC/INR,1h,LONG,2025-05-20 10:30:00+05:30,2025-05-21 00:30:00+05:30,106262.74,8872938.59,97761.72,131765.79,105254.53,8788753.58,INTRADAY_SQUAREOFF,0.015,135.86,0.000191,1698.3,-16.11,1.99,-18.11,-18.11,9057.6,9039.5
202,BTC/INR,1h,LONG,2025-05-21 19:30:00+05:30,2025-05-22 00:30:00+05:30,107620.73,8986330.85,99011.07,133449.7,106953.75,8930638.47,INTRADAY_SQUAREOFF,0.015,135.59,0.000189,1694.91,-10.5,1.99,-12.5,-12.5,9039.5,9027.0
203,BTC/INR,1h,LONG,2025-05-22 18:30:00+05:30,2025-05-23 00:30:00+05:30,111622.86,9320508.95,102693.03,138412.35,111727.49,9329245.51,INTRADAY_SQUAREOFF,0.015,135.4,0.000182,1692.56,1.59,2.0,-0.41,-0.41,9027.0,9026.59
204,BTC/INR,1h,LONG,2025-05-23 05:30:00+05:30,2025-05-24 00:30:00+05:30,111755.84,9331612.82,102815.37,138577.24,108760.17,9081474.26,INTRADAY_SQUAREOFF,0.015,135.4,0.000181,1692.48,-45.37,1.97,-47.34,-47.34,9026.59,8979.25
205,BTC/INR,1h,SHORT,2025-05-24 02:30:00+05:30,2025-05-25 00:30:00+05:30,108162.31,9031553.19,116815.3,82203.36,108879.94,9091474.67,INTRADAY_SQUAREOFF,0.015,134.69,0.000186,1683.61,-11.17,1.99,-13.16,-13.16,8979.25,8966.08
206,BTC/INR,1h,SHORT,2025-05-25 04:30:00+05:30,2025-05-26 00:30:00+05:30,108005.98,9018499.15,116646.46,82084.54,107499.57,8976214.47,INTRADAY_SQUAREOFF,0.015,134.49,0.000186,1681.14,7.88,1.98,5.9,5.9,8966.08,8971.99
207,BTC/INR,1h,LONG,2025-05-26 06:30:00+05:30,2025-05-27 00:30:00+05:30,109655.33,9156220.18,100882.9,135972.61,109059.44,9106463.49,INTRADAY_SQUAREOFF,0.015,134.58,0.000184,1682.25,-9.14,1.98,-11.12,-11.12,8971.99,8960.87
208,BTC/INR,1h,SHORT,2025-05-27 12:30:00+05:30,2025-05-28 00:30:00+05:30,108826.74,9087032.71,117532.88,82708.32,109985.6,9183797.44,INTRADAY_SQUAREOFF,0.015,134.41,0.000185,1680.16,-17.89,1.99,-19.88,-19.88,8960.87,8940.98
209,BTC/INR,1h,SHORT,2025-05-28 12:30:00+05:30,2025-05-29 00:30:00+05:30,108645.54,9071902.65,117337.18,82570.61,107543.57,8979887.7,INTRADAY_SQUAREOFF,0.015,134.11,0.000185,1676.43,17.0,1.97,15.04,15.04,8940.98,8956.02
210,BTC/INR,1h,SHORT,2025-05-29 23:30:00+05:30,2025-05-30 01:30:00+05:30,106130.65,8861909.3,114621.1,80659.29,105783.33,8832908.39,INTRADAY_SQUAREOFF,0.015,134.34,0.000189,1679.25,5.5,1.98,3.52,3.52,8956.02,8959.53
211,BTC/INR,1h,SHORT,2025-05-30 04:30:00+05:30,2025-05-31 00:30:00+05:30,105895.3,8842257.49,114366.92,80480.43,104959.99,8764158.75,INTRADAY_SQUAREOFF,0.015,134.39,0.00019,1679.91,14.84,1.97,12.86,12.86,8959.53,8972.4
212,BTC/INR,1h,SHORT,2025-05-31 04:30:00+05:30,2025-06-01 00:30:00+05:30,104000.1,8684008.26,112320.11,79040.08,104584.38,8732796.0,INTRADAY_SQUAREOFF,0.015,134.59,0.000194,1682.32,-9.45,1.99,-11.44,-11.44,8972.4,8960.96
213,BTC/INR,1h,LONG,2025-06-01 10:30:00+05:30,2025-06-02 00:30:00+05:30,104789.63,8749934.46,96406.46,129939.15,104871.26,8756749.95,INTRADAY_SQUAREOFF,0.015,134.41,0.000192,1680.18,1.31,1.98,-0.67,-0.67,8960.96,8960.28
214,BTC/INR,1h,LONG,2025-06-02 03:30:00+05:30,2025-06-03 00:30:00+05:30,105564.9,8814669.53,97119.71,130900.48,104324.57,8711101.55,INTRADAY_SQUAREOFF,0.015,134.4,0.000191,1680.05,-19.74,1.97,-21.71,-21.71,8960.28,8938.57
215,BTC/INR,1h,LONG,2025-06-03 19:30:00+05:30,2025-06-04 00:30:00+05:30,105717.28,8827392.67,97259.9,131089.42,106040.05,8854343.94,INTRADAY_SQUAREOFF,0.015,134.08,0.00019,1675.98,5.12,1.98,3.14,3.14,8938.57,8941.71
216,BTC/INR,1h,SHORT,2025-06-04 19:30:00+05:30,2025-06-05 00:30:00+05:30,104740.28,8745813.66,113119.51,79602.62,105053.56,8771971.86,INTRADAY_SQUAREOFF,0.015,134.13,0.000192,1676.57,-5.01,1.98,-7.0,-7.0,8941.71,8934.71
217,BTC/INR,1h,SHORT,2025-06-05 02:30:00+05:30,2025-06-06 00:30:00+05:30,104449.65,8721545.57,112805.62,79381.73,103090.73,8608076.0,INTRADAY_SQUAREOFF,0.015,134.02,0.000192,1675.26,21.8,1.96,19.83,19.83,8934.71,8954.54
218,BTC/INR,1h,LONG,2025-06-07 04:30:00+05:30,2025-06-08 00:30:00+05:30,104629.56,8736568.43,96259.2,129740.66,105596.61,8817317.17,INTRADAY_SQUAREOFF,0.015,134.32,0.000192,1678.98,15.52,1.99,13.53,13.53,8954.54,8968.07
219,BTC/INR,1h,LONG,2025-06-08 07:30:00+05:30,2025-06-09 00:30:00+05:30,105857.52,8839102.88,97388.92,131263.32,106308.71,8876777.26,INTRADAY_SQUAREOFF,0.015,134.52,0.00019,1681.51,7.17,1.99,5.18,5.18,8968.07,8973.25
220,BTC/INR,1h,LONG,2025-06-10 15:30:00+05:30,2025-06-11 00:30:00+05:30,109592.69,9150989.68,100825.28,135894.94,109257.44,9122996.05,INTRADAY_SQUAREOFF,0.015,134.6,0.000184,1682.48,-5.15,1.98,-7.13,-7.13,8973.25,8966.12
221,BTC/INR,1h,LONG,2025-06-11 05:30:00+05:30,2025-06-12 00:30:00+05:30,110327.41,9212338.7,101501.22,136805.99,108791.54,9084093.42,INTRADAY_SQUAREOFF,0.015,134.49,0.000182,1681.15,-23.4,1.97,-25.37,-25.37,8966.12,8940.75
222,BTC/INR,1h,SHORT,2025-06-12 09:30:00+05:30,2025-06-13 00:30:00+05:30,107698.65,8992837.69,116314.55,81850.98,107625.46,8986725.72,INTRADAY_SQUAREOFF,0.015,134.11,0.000186,1676.39,1.14,1.98,-0.84,-0.84,8940.75,8939.91
223,BTC/INR,1h,SHORT,2025-06-13 05:30:00+05:30,2025-06-14 00:30:00+05:30,105677.09,8824036.86,114131.26,80314.59,105225.55,8786333.21,INTRADAY_SQUAREOFF,0.015,134.1,0.00019,1676.23,7.16,1.97,5.19,5.19,8939.91,8945.1
224,BTC/INR,1h,SHORT,2025-06-14 07:30:00+05:30,2025-06-15 00:30:00+05:30,105448.25,8804928.83,113884.11,80140.67,104993.53,8766959.36,INTRADAY_SQUAREOFF,0.015,134.18,0.00019,1677.21,7.23,1.97,5.26,5.26,8945.1,8950.36
225,BTC/INR,1h,LONG,2025-06-15 11:30:00+05:30,2025-06-16 00:30:00+05:30,106167.65,8864998.86,97674.24,131647.89,105468.84,8806648.2,INTRADAY_SQUAREOFF,0.015,134.26,0.000189,1678.19,-11.05,1.97,-13.02,-13.02,8950.36,8937.34
226,BTC/INR,1h,LONG,2025-06-16 10:30:00+05:30,2025-06-17 00:30:00+05:30,106454.4,8888942.71,97938.05,132003.46,108255.17,9039306.98,INTRADAY_SQUAREOFF,0.015,134.06,0.000189,1675.75,28.35,1.99,26.35,26.35,8937.34,8963.69
227,BTC/INR,1h,SHORT,2025-06-17 10:30:00+05:30,2025-06-18 00:30:00+05:30,107304.59,8959933.62,115888.96,81551.49,104483.73,8724391.57,INTRADAY_SQUAREOFF,0.015,134.46,0.000188,1680.69,44.18,1.96,42.23,42.23,8963.69,9005.91
228,BTC/INR,1h,SHORT,2025-06-18 02:30:00+05:30,2025-06-19 00:30:00+05:30,104303.13,8709311.11,112647.38,79270.38,103713.4,8660068.99,INTRADAY_SQUAREOFF,0.015,135.09,0.000194,1688.61,9.55,1.99,7.56,7.56,9005.91,9013.47
229,BTC/INR,1h,SHORT,2025-06-19 07:30:00+05:30,2025-06-20 00:30:00+05:30,104486.63,8724633.52,112845.56,79409.84,104470.63,8723297.7,INTRADAY_SQUAREOFF,0.015,135.2,0.000194,1690.03,0.26,1.99,-1.74,-1.74,9013.47,9011.74
230,BTC/INR,1h,SHORT,2025-06-20 10:30:00+05:30,2025-06-21 00:30:00+05:30,104205.07,8701123.72,112541.48,79195.86,103230.61,8619755.53,INTRADAY_SQUAREOFF,0.015,135.18,0.000194,1689.7,15.8,1.98,13.82,13.82,9011.74,9025.56
231,BTC/INR,1h,SHORT,2025-06-21 04:30:00+05:30,2025-06-22 00:30:00+05:30,102968.81,8597895.65,111206.31,78256.3,102740.52,8578833.12,INTRADAY_SQUAREOFF,0.015,135.38,0.000197,1692.29,3.75,1.99,1.76,1.76,9025.56,9027.31
232,BTC/INR,1h,SHORT,2025-06-22 03:30:00+05:30,2025-06-23 00:30:00+05:30,101276.49,8456587.14,109378.61,76970.13,99511.17,8309182.55,INTRADAY_SQUAREOFF,0.015,135.41,0.0002,1692.62,29.5,1.98,27.52,27.52,9027.31,9054.84
233,BTC/INR,1h,LONG,2025-06-24 07:30:00+05:30,2025-06-25 00:30:00+05:30,105592.46,8816970.19,97145.06,130934.65,105549.38,8813373.11,INTRADAY_SQUAREOFF,0.015,135.82,0.000193,1697.78,-0.69,2.0,-2.7,-2.7,9054.84,9052.14
234,BTC/INR,1h,LONG,2025-06-25 06:30:00+05:30,2025-06-26 00:30:00+05:30,106519.11,8894345.51,97997.58,132083.69,107387.83,8966884.13,INTRADAY_SQUAREOFF,0.015,135.78,0.000191,1697.28,13.84,2.01,11.83,11.83,9052.14,9063.97
235,BTC/INR,1h,LONG,2025-06-26 08:30:00+05:30,2025-06-27 00:30:00+05:30,108059.24,9022946.94,99414.51,133993.46,107358.58,8964441.67,INTRADAY_SQUAREOFF,0.015,135.96,0.000188,1699.49,-11.02,2.0,-13.02,-13.02,9063.97,9050.95
236,BTC/INR,1h,SHORT,2025-06-28 14:30:00+05:30,2025-06-29 00:30:00+05:30,107349.21,8963659.25,115937.15,81585.4,107408.83,8968637.62,INTRADAY_SQUAREOFF,0.015,135.76,0.000189,1697.05,-0.94,2.0,-2.95,-2.95,9050.95,9048.01
237,BTC/INR,1h,SHORT,2025-06-29 09:30:00+05:30,2025-06-30 00:30:00+05:30,107187.4,8950147.49,115762.39,81462.42,107717.14,8994380.88,INTRADAY_SQUAREOFF,0.015,135.72,0.00019,1696.5,-8.38,2.01,-10.39,-10.39,9048.01,9037.62
238,BTC/INR,1h,SHORT,2025-07-01 00:30:00+05:30,2025-07-02 00:30:00+05:30,107147.95,8946854.15,115719.79,81432.44,105859.78,8839291.5,INTRADAY_SQUAREOFF,0.015,135.56,0.000189,1694.55,20.37,1.99,18.39,18.39,9037.62,9056.0
239,BTC/INR,1h,LONG,2025-07-02 16:30:00+05:30,2025-07-03 00:30:00+05:30,107897.79,9009465.39,99265.97,133793.26,109529.04,9145674.52,INTRADAY_SQUAREOFF,0.015,135.84,0.000188,1698.0,25.67,2.02,23.65,23.65,9056.0,9079.65
240,BTC/INR,1h,LONG,2025-07-03 11:30:00+05:30,2025-07-04 00:30:00+05:30,109453.58,9139374.12,100697.3,135722.44,109632.73,9154333.32,INTRADAY_SQUAREOFF,0.015,136.19,0.000186,1702.44,2.79,2.01,0.78,0.78,9079.65,9080.43
241,BTC/INR,1h,SHORT,2025-07-05 00:30:00+05:30,2025-07-06 00:30:00+05:30,107463.78,8973225.65,116060.88,81672.47,108089.38,9025463.64,INTRADAY_SQUAREOFF,0.015,136.21,0.00019,1702.58,-9.91,2.01,-11.93,-11.93,9080.43,9068.5
242,BTC/INR,1h,SHORT,2025-07-06 15:30:00+05:30,2025-07-07 00:30:00+05:30,107836.65,9004360.15,116463.58,81955.85,108575.85,9066083.2,INTRADAY_SQUAREOFF,0.015,136.03,0.000189,1700.34,-11.66,2.01,-13.67,-13.67,9068.5,9054.84
243,BTC/INR,1h,LONG,2025-07-07 08:30:00+05:30,2025-07-08 00:30:00+05:30,109558.74,9148155.14,100794.04,135852.84,107952.79,9014057.6,INTRADAY_SQUAREOFF,0.015,135.82,0.000186,1697.78,-24.89,1.99,-26.88,-26.88,9054.84,9027.96
244,BTC/INR,1h,SHORT,2025-07-08 07:30:00+05:30,2025-07-09 00:30:00+05:30,107688.99,8992030.49,116304.11,81843.63,109214.42,9119404.38,INTRADAY_SQUAREOFF,0.015,135.42,0.000188,1692.74,-23.98,2.01,-25.99,-25.99,9027.96,9001.97
245,BTC/INR,1h,LONG,2025-07-09 12:30:00+05:30,2025-07-10 00:30:00+05:30,108934.32,9096015.95,100219.58,135078.56,109508.88,9143991.67,INTRADAY_SQUAREOFF,0.015,135.03,0.000186,1687.87,8.9,2.0,6.91,6.91,9001.97,9008.88
246,BTC/INR,1h,LONG,2025-07-10 07:30:00+05:30,2025-07-11 00:30:00+05:30,111433.71,9304714.99,102519.02,138177.8,113434.96,9471818.93,INTRADAY_SQUAREOFF,0.015,135.13,0.000182,1689.16,30.34,2.01,28.32,28.32,9008.88,9037.2
247,BTC/INR,1h,LONG,2025-07-11 03:30:00+05:30,2025-07-12 00:30:00+05:30,116653.76,9740588.85,107321.46,144650.66,117659.88,9824600.22,INTRADAY_SQUAREOFF,0.015,135.56,0.000174,1694.48,14.61,2.01,12.61,12.61,9037.2,9049.81
248,BTC/INR,1h,LONG,2025-07-12 07:30:00+05:30,2025-07-13 00:30:00+05:30,117774.08,9834136.03,108352.16,146039.86,117453.71,9807385.0,INTRADAY_SQUAREOFF,0.015,135.75,0.000173,1696.84,-4.62,2.0,-6.62,-6.62,9049.81,9043.19
249,BTC/INR,1h,LONG,2025-07-14 00:30:00+05:30,2025-07-15 00:30:00+05:30,119120.35,9946549.29,109590.72,147709.23,119595.64,9986236.02,INTRADAY_SQUAREOFF,0.015,135.65,0.00017,1695.6,6.77,2.0,4.76,4.76,9043.19,9047.95
250,BTC/INR,1h,SHORT,2025-07-15 20:30:00+05:30,2025-07-16 00:30:00+05:30,115707.8,9661601.69,124964.43,87937.93,116805.37,9753248.69,INTRADAY_SQUAREOFF,0.015,135.72,0.000176,1696.49,-16.09,2.01,-18.1,-18.1,9047.95,9029.85
251,BTC/INR,1h,LONG,2025-07-17 02:30:00+05:30,2025-07-18 00:30:00+05:30,120006.0,10020500.7,110405.52,148807.44,119603.51,9986893.26,INTRADAY_SQUAREOFF,0.015,135.45,0.000169,1693.1,-5.68,1.99,-7.67,-7.67,9029.85,9022.18
252,BTC/INR,1h,LONG,2025-07-18 10:30:00+05:30,2025-07-19 00:30:00+05:30,120613.47,10071224.9,110964.39,149560.71,117313.41,9795669.54,INTRADAY_SQUAREOFF,0.015,135.33,0.000168,1691.66,-46.28,1.97,-48.25,-48.25,9022.18,8973.92
253,BTC/INR,1h,SHORT,2025-07-19 19:30:00+05:30,2025-07-20 00:30:00+05:30,118087.04,9860268.18,127534.01,89746.15,117972.14,9850673.38,INTRADAY_SQUAREOFF,0.015,134.61,0.000171,1682.61,1.64,1.98,-0.35,-0.35,8973.92,8973.57
254,BTC/INR,1h,SHORT,2025-07-20 15:30:00+05:30,2025-07-21 00:30:00+05:30,117960.54,9849705.5,127397.39,89650.01,118453.78,9890890.9,INTRADAY_SQUAREOFF,0.015,134.6,0.000171,1682.55,-7.04,1.99,-9.02,-9.02,8973.57,8964.55
255,BTC/INR,1h,LONG,2025-07-21 19:30:00+05:30,2025-07-22 00:30:00+05:30,119167.37,9950475.75,109633.98,147767.54,117115.26,9779124.6,INTRADAY_SQUAREOFF,0.015,134.47,0.000169,1680.85,-28.94,1.97,-30.91,-30.91,8964.55,8933.64
256,BTC/INR,1h,SHORT,2025-07-22 06:30:00+05:30,2025-07-23 00:30:00+05:30,117050.27,9773697.85,126414.3,88958.21,119869.05,10009065.27,INTRADAY_SQUAREOFF,0.015,134.0,0.000171,1675.06,-40.34,2.0,-42.34,-42.34,8933.64,8891.3
257,BTC/INR,1h,LONG,2025-07-23 17:30:00+05:30,2025-07-24 00:30:00+05:30,118742.49,9914997.92,109243.09,147240.69,118350.85,9882295.95,INTRADAY_SQUAREOFF,0.015,133.37,0.000168,1667.12,-5.5,1.96,-7.46,-7.46,8891.3,8883.84
258,BTC/INR,1h,SHORT,2025-07-25 18:30:00+05:30,2025-07-26 00:30:00+05:30,115943.19,9681256.11,125218.64,88116.82,116531.35,9730368.04,INTRADAY_SQUAREOFF,0.015,133.26,0.000172,1665.72,-8.45,1.97,-10.42,-10.42,8883.84,8873.42
259,BTC/INR,1h,LONG,2025-07-27 01:30:00+05:30,2025-07-28 00:30:00+05:30,118384.15,9885076.26,108913.42,146796.34,118984.03,9935166.1,INTRADAY_SQUAREOFF,0.015,133.1,0.000168,1663.77,8.43,1.97,6.46,6.46,8873.42,8879.88
260,BTC/INR,1h,LONG,2025-07-28 03:30:00+05:30,2025-07-29 00:30:00+05:30,119359.82,9966545.13,109811.04,148006.18,117704.71,9828343.45,INTRADAY_SQUAREOFF,0.015,133.2,0.000167,1664.98,-23.09,1.95,-25.04,-25.04,8879.88,8854.84
261,BTC/INR,1h,SHORT,2025-07-29 04:30:00+05:30,2025-07-30 00:30:00+05:30,117732.11,9830631.38,127150.68,89476.41,117634.72,9822498.92,INTRADAY_SQUAREOFF,0.015,132.82,0.000169,1660.28,1.37,1.96,-0.58,-0.58,8854.84,8854.26
262,BTC/INR,1h,SHORT,2025-07-30 17:30:00+05:30,2025-07-31 00:30:00+05:30,117415.41,9804186.85,126808.64,89235.71,116463.83,9724729.62,INTRADAY_SQUAREOFF,0.015,132.81,0.000169,1660.17,13.45,1.95,11.5,11.5,8854.26,8865.76
263,BTC/INR,1h,SHORT,2025-08-01 12:30:00+05:30,2025-08-02 00:30:00+05:30,115004.03,9602836.65,124204.35,87403.06,113891.43,9509933.99,INTRADAY_SQUAREOFF,0.015,132.99,0.000173,1662.33,16.08,1.95,14.13,14.13,8865.76,8879.89
264,BTC/INR,1h,SHORT,2025-08-02 23:30:00+05:30,2025-08-03 01:30:00+05:30,112517.58,9395217.95,121518.99,85513.36,112272.26,9374734.07,INTRADAY_SQUAREOFF,0.015,133.2,0.000177,1664.98,3.63,1.96,1.67,1.67,8879.89,8881.56
265,BTC/INR,1h,LONG,2025-08-04 06:30:00+05:30,2025-08-05 00:30:00+05:30,114985.94,9601326.06,105787.07,142582.57,114885.11,9592906.42,INTRADAY_SQUAREOFF,0.015,133.22,0.000173,1665.29,-1.46,1.96,-3.42,-3.42,8881.56,8878.13
266,BTC/INR,1h,LONG,2025-08-05 03:30:00+05:30,2025-08-06 00:30:00+05:30,115320.67,9629275.99,106095.02,142997.63,113554.62,9481810.45,INTRADAY_SQUAREOFF,0.015,133.17,0.000173,1664.65,-25.49,1.95,-27.44,-27.44,8878.13,8850.69
267,BTC/INR,1h,SHORT,2025-08-06 06:30:00+05:30,2025-08-07 00:30:00+05:30,113719.1,9495544.55,122816.62,86426.51,115508.51,9644960.3,INTRADAY_SQUAREOFF,0.015,132.76,0.000175,1659.5,-26.11,1.97,-28.09,-28.09,8850.69,8822.6
268,BTC/INR,1h,LONG,2025-08-07 19:30:00+05:30,2025-08-08 00:30:00+05:30,116788.07,9751803.68,107445.02,144817.2,116532.17,9730435.84,INTRADAY_SQUAREOFF,0.015,132.34,0.00017,1654.24,-3.62,1.95,-5.57,-5.57,8822.6,8817.03
269,BTC/INR,1h,LONG,2025-08-08 04:30:00+05:30,2025-08-09 00:30:00+05:30,117711.24,9828888.56,108294.34,145961.94,116449.5,9723532.93,INTRADAY_SQUAREOFF,0.015,132.26,0.000168,1653.19,-17.72,1.94,-19.66,-19.66,8817.03,8797.37
270,BTC/INR,1h,LONG,2025-08-09 02:30:00+05:30,2025-08-10 00:30:00+05:30,116950.91,9765401.4,107594.84,145019.13,116599.83,9736086.22,INTRADAY_SQUAREOFF,0.015,131.96,0.000169,1649.51,-4.95,1.94,-6.9,-6.9,8797.37,8790.47
271,BTC/INR,1h,LONG,2025-08-10 14:30:00+05:30,2025-08-11 00:30:00+05:30,118438.55,9889618.85,108963.47,146863.8,118491.9,9894073.34,INTRADAY_SQUAREOFF,0.015,131.86,0.000167,1648.21,0.74,1.95,-1.2,-1.2,8790.47,8789.27
272,BTC/INR,1h,LONG,2025-08-11 04:30:00+05:30,2025-08-12 00:30:00+05:30,119301.77,9961697.75,109757.63,147934.19,119705.8,9995434.69,INTRADAY_SQUAREOFF,0.015,131.84,0.000165,1647.99,5.58,1.95,3.63,3.63,8789.27,8792.9
273,BTC/INR,1h,SHORT,2025-08-12 09:30:00+05:30,2025-08-13 00:30:00+05:30,118756.82,9916194.34,128257.36,90255.18,119389.8,9969048.12,INTRADAY_SQUAREOFF,0.015,131.89,0.000166,1648.67,-8.79,1.95,-10.74,-10.74,8792.9,8782.17
274,BTC/INR,1h,LONG,2025-08-13 05:30:00+05:30,2025-08-14 00:30:00+05:30,120284.41,10043748.15,110661.66,149152.67,121532.53,10147966.38,INTRADAY_SQUAREOFF,0.015,131.73,0.000164,1646.66,17.09,1.95,15.13,15.13,8782.17,8797.3
275,BTC/INR,1h,SHORT,2025-08-15 15:30:00+05:30,2025-08-16 00:30:00+05:30,118647.82,9907092.83,128139.64,90172.34,117228.26,9788560.09,INTRADAY_SQUAREOFF,0.015,131.96,0.000166,1649.49,19.74,1.93,17.8,17.8,8797.3,8815.1
276,BTC/INR,1h,SHORT,2025-08-16 08:30:00+05:30,2025-08-17 00:30:00+05:30,117509.36,9812031.27,126910.11,89307.11,117821.9,9838128.41,INTRADAY_SQUAREOFF,0.015,132.23,0.000168,1652.83,-4.4,1.95,-6.35,-6.35,8815.1,8808.75
277,BTC/INR,1h,SHORT,2025-08-17 03:30:00+05:30,2025-08-18 00:30:00+05:30,117485.69,9810055.01,126884.54,89289.12,117667.22,9825212.73,INTRADAY_SQUAREOFF,0.015,132.13,0.000168,1651.64,-2.55,1.95,-4.5,-4.5,8808.75,8804.25
278,BTC/INR,1h,SHORT,2025-08-19 19:30:00+05:30,2025-08-20 00:30:00+05:30,114933.81,9596973.05,124128.51,87349.69,113104.4,9444217.31,INTRADAY_SQUAREOFF,0.015,132.06,0.000172,1650.8,26.28,1.93,24.34,24.34,8804.25,8828.59
279,BTC/INR,1h,SHORT,2025-08-20 05:30:00+05:30,2025-08-21 00:30:00+05:30,112701.68,9410590.57,121717.82,85653.28,113547.4,9481208.03,INTRADAY_SQUAREOFF,0.015,132.43,0.000176,1655.36,-12.42,1.96,-14.38,-14.38,8828.59,8814.21
280,BTC/INR,1h,SHORT,2025-08-22 01:30:00+05:30,2025-08-23 00:30:00+05:30,111942.24,9347177.3,120897.62,85076.1,116848.01,9756809.0,INTRADAY_SQUAREOFF,0.015,132.21,0.000177,1652.66,-72.43,1.99,-74.42,-74.42,8814.21,8739.79
281,BTC/INR,1h,LONG,2025-08-23 02:30:00+05:30,2025-08-24 00:30:00+05:30,117142.24,9781377.46,107770.87,145256.38,115048.23,9606527.07,INTRADAY_SQUAREOFF,0.015,131.1,0.000168,1638.71,-29.29,1.92,-31.21,-31.21,8739.79,8708.58
282,BTC/INR,1h,SHORT,2025-08-24 08:30:00+05:30,2025-08-25 00:30:00+05:30,114952.94,9598570.5,124149.18,87364.23,114657.72,9573919.79,INTRADAY_SQUAREOFF,0.015,130.63,0.00017,1632.86,4.19,1.92,2.27,2.27,8708.58,8710.85
283,BTC/INR,1h,SHORT,2025-08-25 11:30:00+05:30,2025-08-26 00:30:00+05:30,112286.94,9375959.31,121269.89,85338.07,112454.03,9389911.91,INTRADAY_SQUAREOFF,0.015,130.66,0.000174,1633.28,-2.43,1.93,-4.36,-4.36,8710.85,8706.49
284,BTC/INR,1h,SHORT,2025-08-26 06:30:00+05:30,2025-08-27 00:30:00+05:30,108973.07,9099251.52,117690.92,82819.53,110756.25,9248146.78,INTRADAY_SQUAREOFF,0.015,130.6,0.000179,1632.47,-26.71,1.94,-28.65,-28.65,8706.49,8677.83
285,BTC/INR,1h,LONG,2025-08-27 17:30:00+05:30,2025-08-28 00:30:00+05:30,111424.68,9303960.5,102510.7,138166.6,111934.52,9346532.45,INTRADAY_SQUAREOFF,0.015,130.17,0.000175,1627.09,7.45,1.92,5.52,5.52,8677.83,8683.36
286,BTC/INR,1h,LONG,2025-08-28 07:30:00+05:30,2025-08-29 00:30:00+05:30,111729.6,9329421.81,102791.23,138544.71,112332.38,9379754.05,INTRADAY_SQUAREOFF,0.015,130.25,0.000175,1628.13,8.78,1.93,6.86,6.86,8683.36,8690.21
287,BTC/INR,1h,LONG,2025-08-29 04:30:00+05:30,2025-08-30 00:30:00+05:30,112505.86,9394239.11,103505.39,139507.26,108102.69,9026574.38,INTRADAY_SQUAREOFF,0.015,130.35,0.000173,1629.41,-63.77,1.89,-65.66,-65.66,8690.21,8624.56
288,BTC/INR,1h,SHORT,2025-08-30 07:30:00+05:30,2025-08-31 00:30:00+05:30,107428.23,8970257.02,116022.49,81645.45,108797.48,9084589.66,INTRADAY_SQUAREOFF,0.015,129.37,0.00018,1617.1,-20.61,1.92,-22.53,-22.53,8624.56,8602.03
289,BTC/INR,1h,SHORT,2025-08-31 02:30:00+05:30,2025-09-01 00:30:00+05:30,108569.2,9065528.52,117254.74,82512.59,109204.74,9118595.72,INTRADAY_SQUAREOFF,0.015,129.03,0.000178,1612.88,-9.44,1.91,-11.35,-11.35,8602.03,8590.68
290,BTC/INR,1h,SHORT,2025-09-01 04:30:00+05:30,2025-09-02 00:30:00+05:30,108720.99,9078202.44,117418.67,82627.95,109287.31,9125490.52,INTRADAY_SQUAREOFF,0.015,128.86,0.000177,1610.75,-8.39,1.91,-10.3,-10.3,8590.68,8580.38
291,BTC/INR,1h,LONG,2025-09-02 19:30:00+05:30,2025-09-03 00:30:00+05:30,111314.82,9294787.88,102409.64,138030.38,110611.62,9236070.24,INTRADAY_SQUAREOFF,0.015,128.71,0.000173,1608.82,-10.16,1.89,-12.06,-12.06,8580.38,8568.32
292,BTC/INR,1h,LONG,2025-09-03 08:30:00+05:30,2025-09-04 00:30:00+05:30,111510.68,9311141.83,102589.83,138273.24,111972.93,9349739.73,INTRADAY_SQUAREOFF,0.015,128.52,0.000173,1606.56,6.66,1.9,4.76,4.76,8568.32,8573.08
293,BTC/INR,1h,LONG,2025-09-04 06:30:00+05:30,2025-09-05 00:30:00+05:30,112249.68,9372848.51,103269.71,139189.61,109941.21,9180090.62,INTRADAY_SQUAREOFF,0.015,128.6,0.000172,1607.45,-33.06,1.88,-34.94,-34.94,8573.08,8538.15
294,BTC/INR,1h,LONG,2025-09-05 07:30:00+05:30,2025-09-06 00:30:00+05:30,111161.99,9282026.23,102269.03,137840.87,111152.29,9281215.94,INTRADAY_SQUAREOFF,0.015,128.07,0.000172,1600.9,-0.14,1.89,-2.03,-2.03,8538.15,8536.12
295,BTC/INR,1h,SHORT,2025-09-06 03:30:00+05:30,2025-09-07 00:30:00+05:30,110553.32,9231202.28,119397.59,84020.52,110300.61,9210101.35,INTRADAY_SQUAREOFF,0.015,128.04,0.000173,1600.52,3.66,1.89,1.77,1.77,8536.12,8537.89
296,BTC/INR,1h,SHORT,2025-09-07 12:30:00+05:30,2025-09-08 00:30:00+05:30,110455.62,9223044.23,119292.07,83946.27,111099.53,9276810.74,INTRADAY_SQUAREOFF,0.015,128.07,0.000174,1600.85,-9.33,1.89,-11.23,-11.23,8537.89,8526.66
297,BTC/INR,1h,LONG,2025-09-08 20:30:00+05:30,2025-09-09 00:30:00+05:30,112780.98,9417211.79,103758.5,139848.41,112413.38,9386517.43,INTRADAY_SQUAREOFF,0.015,127.9,0.00017,1598.75,-5.21,1.88,-7.09,-7.09,8526.66,8519.57
298,BTC/INR,1h,LONG,2025-09-09 03:30:00+05:30,2025-09-10 00:30:00+05:30,112377.02,9383481.15,103386.86,139347.5,111111.65,9277822.84,INTRADAY_SQUAREOFF,0.015,127.79,0.00017,1597.42,-17.99,1.87,-19.86,-19.86,8519.57,8499.71
299,BTC/INR,1h,SHORT,2025-09-10 06:30:00+05:30,2025-09-11 00:30:00+05:30,110935.25,9263093.11,119810.07,84310.79,113687.6,9492914.97,INTRADAY_SQUAREOFF,0.015,127.5,0.000172,1593.7,-39.54,1.9,-41.44,-41.44,8499.71,8458.26
300,BTC/INR,1h,LONG,2025-09-11 03:30:00+05:30,2025-09-12 00:30:00+05:30,113902.17,9510831.41,104790.0,141238.69,114266.5,9541252.94,INTRADAY_SQUAREOFF,0.015,126.87,0.000167,1585.92,5.07,1.87,3.2,3.2,8458.26,8461.46
301,BTC/INR,1h,LONG,2025-09-12 03:30:00+05:30,2025-09-13 00:30:00+05:30,114595.62,9568734.33,105427.97,142098.57,116460.11,9724419.02,INTRADAY_SQUAREOFF,0.015,126.92,0.000166,1586.52,25.81,1.89,23.93,23.93,8461.46,8485.39
302,BTC/INR,1h,LONG,2025-09-13 06:30:00+05:30,2025-09-14 00:30:00+05:30,116382.87,9717969.92,107072.24,144314.76,115620.94,9654348.65,INTRADAY_SQUAREOFF,0.015,127.28,0.000164,1591.01,-10.42,1.87,-12.29,-12.29,8485.39,8473.1
303,BTC/INR,1h,SHORT,2025-09-15 00:30:00+05:30,2025-09-16 00:30:00+05:30,115366.93,9633138.51,124596.28,87678.87,115370.72,9633455.04,INTRADAY_SQUAREOFF,0.015,127.1,0.000165,1588.71,-0.05,1.87,-1.93,-1.93,8473.1,8471.17
304,BTC/INR,1h,SHORT,2025-09-16 06:30:00+05:30,2025-09-17 00:30:00+05:30,114955.79,9598808.48,124152.25,87366.4,116511.09,9728675.66,INTRADAY_SQUAREOFF,0.015,127.07,0.000165,1588.35,-21.49,1.89,-23.38,-23.38,8471.17,8447.8
305,BTC/INR,1h,LONG,2025-09-17 11:30:00+05:30,2025-09-18 00:30:00+05:30,117264.5,9791585.87,107883.34,145407.98,115200.68,9619257.06,INTRADAY_SQUAREOFF,0.015,126.72,0.000162,1583.96,-27.88,1.85,-29.73,-29.73,8447.8,8418.07
306,BTC/INR,1h,LONG,2025-09-18 15:30:00+05:30,2025-09-19 00:30:00+05:30,117409.82,9803720.3,108017.04,145588.18,117799.34,9836244.6,INTRADAY_SQUAREOFF,0.015,126.27,0.000161,1578.39,5.24,1.87,3.37,3.37,8418.07,8421.44
307,BTC/INR,1h,LONG,2025-09-19 06:30:00+05:30,2025-09-20 00:30:00+05:30,117502.04,9811420.5,108101.88,145702.53,115400.18,9635914.8,INTRADAY_SQUAREOFF,0.015,126.32,0.000161,1579.02,-28.25,1.85,-30.09,-30.09,8421.44,8391.35
308,BTC/INR,1h,SHORT,2025-09-20 09:30:00+05:30,2025-09-21 00:30:00+05:30,115435.15,9638835.19,124669.96,87730.72,115841.37,9672754.25,INTRADAY_SQUAREOFF,0.015,125.87,0.000163,1573.38,-5.54,1.86,-7.4,-7.4,8391.35,8383.95
309,BTC/INR,1h,SHORT,2025-09-21 14:30:00+05:30,2025-09-22 00:30:00+05:30,115585.98,9651429.56,124832.86,87845.35,115644.49,9656314.8,INTRADAY_SQUAREOFF,0.015,125.76,0.000163,1571.99,-0.8,1.86,-2.65,-2.65,8383.95,8381.3
310,BTC/INR,1h,SHORT,2025-09-22 05:30:00+05:30,2025-09-23 00:30:00+05:30,115210.23,9620054.48,124427.05,87559.78,112583.77,9400744.93,INTRADAY_SQUAREOFF,0.015,125.72,0.000163,1571.49,35.83,1.83,33.99,33.99,8381.3,8415.29
311,BTC/INR,1h,SHORT,2025-09-23 06:30:00+05:30,2025-09-24 00:30:00+05:30,112444.72,9389133.98,121440.3,85457.99,111856.33,9340003.55,INTRADAY_SQUAREOFF,0.015,126.23,0.000168,1577.87,8.26,1.86,6.4,6.4,8415.29,8421.69
312,BTC/INR,1h,SHORT,2025-09-24 09:30:00+05:30,2025-09-25 00:30:00+05:30,111699.22,9326885.2,120635.16,84891.41,113738.27,9497145.58,INTRADAY_SQUAREOFF,0.015,126.33,0.000169,1579.07,-28.83,1.88,-30.71,-30.71,8421.69,8390.99
313,BTC/INR,1h,SHORT,2025-09-25 17:30:00+05:30,2025-09-26 00:30:00+05:30,111322.59,9295436.44,120228.4,84605.17,109966.56,9182207.54,INTRADAY_SQUAREOFF,0.015,125.86,0.000169,1573.31,19.16,1.85,17.32,17.32,8390.99,8408.3
314,BTC/INR,1h,SHORT,2025-09-26 05:30:00+05:30,2025-09-27 00:30:00+05:30,108893.63,9092617.9,117605.12,82759.16,109852.43,9172677.91,INTRADAY_SQUAREOFF,0.015,126.12,0.000173,1576.56,-13.88,1.87,-15.75,-15.75,8408.3,8392.55
315,BTC/INR,1h,SHORT,2025-09-27 07:30:00+05:30,2025-09-28 00:30:00+05:30,109363.99,9131892.83,118113.1,83116.63,109517.61,9144720.79,INTRADAY_SQUAREOFF,0.015,125.89,0.000172,1573.6,-2.21,1.86,-4.07,-4.07,8392.55,8388.49
316,BTC/INR,1h,SHORT,2025-09-28 07:30:00+05:30,2025-09-29 00:30:00+05:30,109354.05,9131062.81,118102.37,83109.07,110357.05,9214813.62,INTRADAY_SQUAREOFF,0.015,125.83,0.000172,1572.84,-14.43,1.86,-16.29,-16.29,8388.49,8372.2
317,BTC/INR,1h,LONG,2025-09-29 04:30:00+05:30,2025-09-30 00:30:00+05:30,112069.06,9357766.61,103103.54,138965.64,114031.0,9521588.09,INTRADAY_SQUAREOFF,0.015,125.58,0.000168,1569.79,27.48,1.87,25.61,25.61,8372.2,8397.81
318,BTC/INR,1h,LONG,2025-09-30 05:30:00+05:30,2025-10-01 00:30:00+05:30,114462.38,9557608.92,105305.39,141933.35,113664.12,9490953.69,INTRADAY_SQUAREOFF,0.015,125.97,0.000165,1574.59,-10.98,1.85,-12.83,-12.83,8397.81,8384.98
319,BTC/INR,1h,LONG,2025-10-01 07:30:00+05:30,2025-10-02 00:30:00+05:30,114583.63,9567733.14,105416.94,142083.7,117221.13,9787964.0,INTRADAY_SQUAREOFF,0.015,125.77,0.000164,1572.18,36.19,1.88,34.31,34.31,8384.98,8419.29
320,BTC/INR,1h,LONG,2025-10-02 05:30:00+05:30,2025-10-03 00:30:00+05:30,118711.71,9912427.7,109214.77,147202.52,120514.1,10062926.98,INTRADAY_SQUAREOFF,0.015,126.29,0.000159,1578.62,23.97,1.88,22.09,22.09,8419.29,8441.38
321,BTC/INR,1h,LONG,2025-10-03 15:30:00+05:30,2025-10-04 00:30:00+05:30,120471.58,10059376.99,110833.85,149384.76,122537.11,10231848.44,INTRADAY_SQUAREOFF,0.015,126.62,0.000157,1582.76,27.14,1.88,25.25,25.25,8441.38,8466.63
322,BTC/INR,1h,LONG,2025-10-04 09:30:00+05:30,2025-10-05 00:30:00+05:30,122405.77,10220881.46,112613.3,151783.15,121593.48,10153055.37,INTRADAY_SQUAREOFF,0.015,127.0,0.000155,1587.49,-10.53,1.87,-12.4,-12.4,8466.63,8454.23
323,BTC/INR,1h,LONG,2025-10-05 05:30:00+05:30,2025-10-06 00:30:00+05:30,122504.94,10229162.54,112704.55,151906.13,122976.84,10268566.16,INTRADAY_SQUAREOFF,0.015,126.81,0.000155,1585.17,6.11,1.87,4.23,4.23,8454.23,8458.46
324,BTC/INR,1h,LONG,2025-10-06 22:30:00+05:30,2025-10-07 00:30:00+05:30,125553.1,10483683.58,115508.85,155685.84,126006.19,10521517.03,INTRADAY_SQUAREOFF,0.015,126.88,0.000151,1585.96,5.72,1.87,3.85,3.85,8458.46,8462.31
325,BTC/INR,1h,LONG,2025-10-07 10:30:00+05:30,2025-10-08 00:30:00+05:30,124696.02,10412117.67,114720.34,154623.06,120877.72,10093289.49,INTRADAY_SQUAREOFF,0.015,126.93,0.000152,1586.68,-48.59,1.84,-50.43,-50.43,8462.31,8411.88
326,BTC/INR,1h,SHORT,2025-10-08 05:30:00+05:30,2025-10-09 00:30:00+05:30,121348.18,10132572.89,131056.03,92224.62,123569.6,10318061.41,INTRADAY_SQUAREOFF,0.015,126.18,0.000156,1577.23,-28.87,1.88,-30.75,-30.75,8411.88,8381.13
327,BTC/INR,1h,SHORT,2025-10-10 08:30:00+05:30,2025-10-11 00:30:00+05:30,120985.09,10102254.73,130663.89,91948.67,117323.87,9796542.89,INTRADAY_SQUAREOFF,0.015,125.72,0.000156,1571.46,47.56,1.83,45.73,45.73,8381.13,8426.86
328,BTC/INR,1h,SHORT,2025-10-11 07:30:00+05:30,2025-10-12 00:30:00+05:30,111170.93,9282772.96,120064.61,84489.91,112135.82,9363341.07,INTRADAY_SQUAREOFF,0.015,126.4,0.00017,1580.04,-13.71,1.87,-15.59,-15.59,8426.86,8411.27
329,BTC/INR,1h,SHORT,2025-10-12 06:30:00+05:30,2025-10-13 00:30:00+05:30,109687.11,9158873.97,118462.08,83362.21,114008.61,9519718.82,INTRADAY_SQUAREOFF,0.015,126.17,0.000172,1577.11,-62.14,1.9,-64.03,-64.03,8411.27,8347.24
330,BTC/INR,1h,LONG,2025-10-13 07:30:00+05:30,2025-10-14 00:30:00+05:30,115887.93,9676642.21,106616.9,143701.03,115172.38,9616894.15,INTRADAY_SQUAREOFF,0.015,125.21,0.000162,1565.11,-9.66,1.84,-11.5,-11.5,8347.24,8335.73
331,BTC/INR,1h,SHORT,2025-10-14 15:30:00+05:30,2025-10-15 00:30:00+05:30,111152.01,9281192.47,120044.17,84475.52,113042.3,9439031.85,INTRADAY_SQUAREOFF,0.015,125.04,0.000168,1562.95,-26.58,1.86,-28.44,-28.44,8335.73,8307.29
332,BTC/INR,1h,SHORT,2025-10-16 03:30:00+05:30,2025-10-17 00:30:00+05:30,110599.77,9235080.48,119447.75,84055.82,108676.21,9074463.48,INTRADAY_SQUAREOFF,0.015,124.61,0.000169,1557.62,27.09,1.82,25.27,25.27,8307.29,8332.56
333,BTC/INR,1h,SHORT,2025-10-17 10:30:00+05:30,2025-10-18 00:30:00+05:30,108748.05,9080462.33,117447.9,82648.52,106757.01,8914210.17,INTRADAY_SQUAREOFF,0.015,124.99,0.000172,1562.36,28.6,1.83,26.78,26.78,8332.56,8359.34
334,BTC/INR,1h,LONG,2025-10-19 01:30:00+05:30,2025-10-20 00:30:00+05:30,107156.41,8947560.3,98583.9,132873.95,109385.84,9133717.83,INTRADAY_SQUAREOFF,0.015,125.39,0.000175,1567.38,32.61,1.87,30.74,30.74,8359.34,8390.08
335,BTC/INR,1h,LONG,2025-10-20 08:30:00+05:30,2025-10-21 00:30:00+05:30,109006.9,9102075.99,100286.35,135168.55,110915.66,9261457.2,INTRADAY_SQUAREOFF,0.015,125.85,0.000173,1573.14,27.55,1.87,25.67,25.67,8390.08,8415.76
336,BTC/INR,1h,SHORT,2025-10-21 19:30:00+05:30,2025-10-22 00:30:00+05:30,108238.37,9037903.84,116897.44,82261.16,112100.65,9360404.05,INTRADAY_SQUAREOFF,0.015,126.24,0.000175,1577.95,-56.31,1.9,-58.2,-58.2,8415.76,8357.55
337,BTC/INR,1h,SHORT,2025-10-22 12:30:00+05:30,2025-10-23 00:30:00+05:30,107982.62,9016548.96,116621.23,82066.79,108058.92,9022919.53,INTRADAY_SQUAREOFF,0.015,125.36,0.000174,1567.04,-1.11,1.85,-2.96,-2.96,8357.55,8354.6
338,BTC/INR,1h,LONG,2025-10-23 19:30:00+05:30,2025-10-24 00:30:00+05:30,109639.83,9154925.94,100868.65,135953.39,110536.61,9229806.96,INTRADAY_SQUAREOFF,0.015,125.32,0.000171,1566.49,12.81,1.86,10.96,10.96,8354.6,8365.55
339,BTC/INR,1h,LONG,2025-10-24 10:30:00+05:30,2025-10-25 00:30:00+05:30,111437.78,9305054.38,102522.75,138182.84,110570.14,9232606.72,INTRADAY_SQUAREOFF,0.015,125.48,0.000169,1568.54,-12.21,1.84,-14.06,-14.06,8365.55,8351.5
340,BTC/INR,1h,LONG,2025-10-25 11:30:00+05:30,2025-10-26 00:30:00+05:30,111546.21,9314108.22,102622.51,138317.3,111670.93,9324522.29,INTRADAY_SQUAREOFF,0.015,125.27,0.000168,1565.91,1.75,1.85,-0.1,-0.1,8351.5,8351.4
341,BTC/INR,1h,LONG,2025-10-26 04:30:00+05:30,2025-10-27 00:30:00+05:30,111747.54,9330919.69,102807.74,138566.95,113551.38,9481540.51,INTRADAY_SQUAREOFF,0.015,125.27,0.000168,1565.89,25.28,1.86,23.41,23.41,8351.4,8374.81
342,BTC/INR,1h,LONG,2025-10-27 04:30:00+05:30,2025-10-28 00:30:00+05:30,115074.99,9608761.27,105868.99,142692.98,115267.59,9624843.55,INTRADAY_SQUAREOFF,0.015,125.62,0.000163,1570.28,2.63,1.85,0.77,0.77,8374.81,8375.59
343,BTC/INR,1h,SHORT,2025-10-28 17:30:00+05:30,2025-10-29 00:30:00+05:30,114254.81,9540276.87,123395.2,86833.66,115035.04,9605425.48,INTRADAY_SQUAREOFF,0.015,125.63,0.000165,1570.42,-10.72,1.86,-12.58,-12.58,8375.59,8363.0
344,BTC/INR,1h,SHORT,2025-10-29 06:30:00+05:30,2025-10-30 00:30:00+05:30,112461.83,9390563.2,121458.78,85470.99,110875.31,9258088.25,INTRADAY_SQUAREOFF,0.015,125.45,0.000167,1568.06,22.12,1.84,20.28,20.28,8363.0,8383.29
345,BTC/INR,1h,SHORT,2025-10-30 05:30:00+05:30,2025-10-31 00:30:00+05:30,109845.17,9172072.11,118632.79,83482.33,106875.52,8924105.96,INTRADAY_SQUAREOFF,0.015,125.75,0.000171,1571.87,42.5,1.83,40.67,40.67,8383.29,8423.95
346,BTC/INR,1h,LONG,2025-10-31 14:30:00+05:30,2025-11-01 00:30:00+05:30,110107.68,9193991.5,101299.07,136533.53,109338.98,9129804.42,INTRADAY_SQUAREOFF,0.015,126.36,0.000172,1579.49,-11.03,1.86,-12.88,-12.88,8423.95,8411.07
347,BTC/INR,1h,LONG,2025-11-01 14:30:00+05:30,2025-11-02 00:30:00+05:30,110240.04,9205043.16,101420.83,136697.65,110345.79,9213873.61,INTRADAY_SQUAREOFF,0.015,126.17,0.000171,1577.08,1.51,1.86,-0.35,-0.35,8411.07,8410.72
348,BTC/INR,1h,LONG,2025-11-02 13:30:00+05:30,2025-11-03 00:30:00+05:30,111036.04,9271509.75,102153.16,137684.7,110260.58,9206758.14,INTRADAY_SQUAREOFF,0.015,126.16,0.00017,1577.01,-11.01,1.85,-12.87,-12.87,8410.72,8397.85
349,BTC/INR,1h,SHORT,2025-11-03 15:30:00+05:30,2025-11-04 00:30:00+05:30,107044.43,8938209.7,115607.98,81353.76,106956.4,8930859.13,INTRADAY_SQUAREOFF,0.015,125.97,0.000176,1574.6,1.29,1.86,-0.56,-0.56,8397.85,8397.29
350,BTC/INR,1h,SHORT,2025-11-04 02:30:00+05:30,2025-11-05 00:30:00+05:30,106311.54,8877013.94,114816.47,80796.77,101369.82,8464379.62,INTRADAY_SQUAREOFF,0.015,125.96,0.000177,1574.49,73.19,1.81,71.37,71.37,8397.29,8468.66
351,BTC/INR,1h,SHORT,2025-11-05 06:30:00+05:30,2025-11-06 00:30:00+05:30,100335.46,8378010.54,108362.29,76254.95,104398.89,8717307.49,INTRADAY_SQUAREOFF,0.015,127.03,0.00019,1587.87,-64.31,1.91,-66.22,-66.22,8468.66,8402.45
352,BTC/INR,1h,SHORT,2025-11-07 12:30:00+05:30,2025-11-08 00:30:00+05:30,101793.27,8499738.31,109936.74,77362.89,102534.62,8561641.15,INTRADAY_SQUAREOFF,0.015,126.04,0.000185,1575.46,-11.47,1.87,-13.34,-13.34,8402.45,8389.11
353,BTC/INR,1h,LONG,2025-11-08 23:30:00+05:30,2025-11-09 01:30:00+05:30,102014.68,8518226.2,93853.51,126498.21,101904.31,8509010.0,INTRADAY_SQUAREOFF,0.015,125.84,0.000185,1572.96,-1.7,1.86,-3.56,-3.56,8389.11,8385.55
354,BTC/INR,1h,LONG,2025-11-09 17:30:00+05:30,2025-11-10 00:30:00+05:30,102317.42,8543504.75,94132.03,126873.6,104455.57,8722039.79,INTRADAY_SQUAREOFF,0.015,125.78,0.000184,1572.29,32.86,1.87,30.98,30.98,8385.55,8416.53
355,BTC/INR,1h,LONG,2025-11-10 06:30:00+05:30,2025-11-11 00:30:00+05:30,106486.15,8891593.86,97967.26,132042.83,105469.22,8806679.5,INTRADAY_SQUAREOFF,0.015,126.25,0.000177,1578.1,-15.07,1.85,-16.92,-16.92,8416.53,8399.61
356,BTC/INR,1h,LONG,2025-11-11 06:30:00+05:30,2025-11-12 00:30:00+05:30,106206.33,8868228.93,97709.83,131695.85,103327.22,8627823.25,INTRADAY_SQUAREOFF,0.015,125.99,0.000178,1574.93,-42.69,1.83,-44.53,-44.53,8399.61,8355.08
357,BTC/INR,1h,SHORT,2025-11-12 13:30:00+05:30,2025-11-13 00:30:00+05:30,103034.93,8603416.28,111277.72,78306.54,101629.48,8486061.97,INTRADAY_SQUAREOFF,0.015,125.33,0.000182,1566.58,21.37,1.84,19.53,19.53,8355.08,8374.61
358,BTC/INR,1h,SHORT,2025-11-14 02:30:00+05:30,2025-11-15 00:30:00+05:30,97986.64,8181884.31,105825.57,74469.85,95067.64,7938147.53,INTRADAY_SQUAREOFF,0.015,125.62,0.000192,1570.24,46.78,1.83,44.95,44.95,8374.61,8419.56
359,BTC/INR,1h,SHORT,2025-11-15 02:30:00+05:30,2025-11-16 00:30:00+05:30,94136.86,7860427.91,101667.81,71544.01,96044.34,8019702.55,INTRADAY_SQUAREOFF,0.015,126.29,0.000201,1578.67,-31.99,1.88,-33.87,-33.87,8419.56,8385.69
360,BTC/INR,1h,SHORT,2025-11-16 12:30:00+05:30,2025-11-17 00:30:00+05:30,95676.11,7988955.57,103330.2,72713.85,94051.87,7853331.11,INTRADAY_SQUAREOFF,0.015,125.79,0.000197,1572.32,26.69,1.84,24.85,24.85,8385.69,8410.55
361,BTC/INR,1h,SHORT,2025-11-17 03:30:00+05:30,2025-11-21 15:30:00+05:30,93336.15,7793568.72,100803.04,70935.48,82496.94,6888494.39,INTRADAY_SQUAREOFF,0.015,126.16,0.000202,1576.98,183.14,1.75,181.38,181.38,8410.55,8591.93
362,BTC/INR,1h,SHORT,2025-11-21 17:30:00+05:30,2025-11-22 00:30:00+05:30,82099.57,6855314.12,88667.54,62395.67,84573.32,7061872.24,INTRADAY_SQUAREOFF,0.015,128.88,0.000235,1610.99,-48.54,1.93,-50.47,-50.47,8591.93,8541.46
363,BTC/INR,1h,SHORT,2025-11-22 04:30:00+05:30,2025-11-23 00:30:00+05:30,84224.33,7032731.36,90962.27,64010.49,84646.58,7067989.06,INTRADAY_SQUAREOFF,0.015,128.12,0.000228,1601.52,-8.03,1.89,-9.92,-9.92,8541.46,8531.54
364,BTC/INR,1h,LONG,2025-11-23 14:30:00+05:30,2025-11-24 00:30:00+05:30,86172.22,7195380.44,79278.44,106853.55,86913.17,7257249.7,INTRADAY_SQUAREOFF,0.015,127.97,0.000222,1599.66,13.75,1.9,11.86,11.86,8531.54,8543.39
365,BTC/INR,1h,LONG,2025-11-25 02:30:00+05:30,2025-11-26 00:30:00+05:30,89240.33,7451567.74,82101.11,110658.01,87180.29,7279553.92,INTRADAY_SQUAREOFF,0.015,128.15,0.000215,1601.89,-36.98,1.87,-38.85,-38.85,8543.39,8504.55
366,BTC/INR,1h,LONG,2025-11-27 07:30:00+05:30,2025-11-28 00:30:00+05:30,91203.09,7615458.38,83906.85,113091.84,91745.85,7660778.17,INTRADAY_SQUAREOFF,0.015,127.57,0.000209,1594.6,9.49,1.89,7.6,7.6,8504.55,8512.15
367,BTC/INR,1h,LONG,2025-11-28 09:30:00+05:30,2025-11-29 00:30:00+05:30,91307.51,7624177.4,84002.91,113221.32,90796.27,7581488.27,INTRADAY_SQUAREOFF,0.015,127.68,0.000209,1596.03,-8.94,1.88,-10.81,-10.81,8512.15,8501.34
368,BTC/INR,1h,SHORT,2025-12-01 17:30:00+05:30,2025-12-02 00:30:00+05:30,86094.08,7188855.67,92981.61,65431.5,85260.87,7119283.04,INTRADAY_SQUAREOFF,0.015,127.52,0.000222,1594.0,15.43,1.87,13.55,13.55,8501.34,8514.89
369,BTC/INR,1h,SHORT,2025-12-02 05:30:00+05:30,2025-12-03 00:30:00+05:30,86255.67,7202348.52,93156.12,65554.31,92009.6,7682801.52,INTRADAY_SQUAREOFF,0.015,127.72,0.000222,1596.54,-106.5,1.95,-108.45,-108.45,8514.89,8406.44
370,BTC/INR,1h,LONG,2025-12-03 04:30:00+05:30,2025-12-04 00:30:00+05:30,92050.71,7686233.91,84686.65,114142.87,92566.13,7729271.96,INTRADAY_SQUAREOFF,0.015,126.1,0.000205,1576.21,8.83,1.87,6.96,6.96,8406.44,8413.4
371,BTC/INR,1h,LONG,2025-12-04 03:30:00+05:30,2025-12-05 00:30:00+05:30,93791.65,7831603.08,86288.32,116301.65,92097.95,7690178.94,INTRADAY_SQUAREOFF,0.015,126.2,0.000201,1577.51,-28.49,1.84,-30.33,-30.33,8413.4,8383.07
372,BTC/INR,1h,LONG,2025-12-05 02:30:00+05:30,2025-12-06 00:30:00+05:30,92575.66,7730067.22,85169.6,114793.81,88935.14,7426084.44,INTRADAY_SQUAREOFF,0.015,125.75,0.000203,1571.83,-61.81,1.82,-63.63,-63.63,8383.07,8319.44
373,BTC/INR,1h,SHORT,2025-12-06 14:30:00+05:30,2025-12-07 00:30:00+05:30,89246.13,7452051.69,96385.82,67827.06,89708.03,7490620.25,INTRADAY_SQUAREOFF,0.015,124.79,0.000209,1559.9,-8.07,1.85,-9.92,-9.92,8319.44,8309.52
374,BTC/INR,1h,SHORT,2025-12-07 04:30:00+05:30,2025-12-08 00:30:00+05:30,89255.84,7452862.8,96396.31,67834.44,91433.1,7634663.85,INTRADAY_SQUAREOFF,0.015,124.64,0.000209,1558.04,-38.01,1.86,-39.87,-39.87,8309.52,8269.66
375,BTC/INR,1h,LONG,2025-12-08 05:30:00+05:30,2025-12-09 00:30:00+05:30,90472.16,7554425.26,83234.39,112185.48,89825.52,7500430.74,INTRADAY_SQUAREOFF,0.015,124.04,0.000205,1550.56,-11.08,1.82,-12.91,-12.91,8269.66,8256.75
376,BTC/INR,1h,SHORT,2025-12-09 05:30:00+05:30,2025-12-10 00:30:00+05:30,90477.8,7554896.38,97716.03,68763.13,93983.53,7847624.82,INTRADAY_SQUAREOFF,0.015,123.85,0.000205,1548.14,-59.99,1.86,-61.85,-61.85,8256.75,8194.9
377,BTC/INR,1h,LONG,2025-12-10 12:30:00+05:30,2025-12-11 00:30:00+05:30,92776.15,7746808.2,85354.05,115042.42,92455.54,7720037.44,INTRADAY_SQUAREOFF,0.015,122.92,0.000198,1536.54,-5.31,1.81,-7.12,-7.12,8194.9,8187.78
378,BTC/INR,1h,SHORT,2025-12-11 18:30:00+05:30,2025-12-12 00:30:00+05:30,90008.3,7515693.17,97208.97,68406.31,90814.37,7582999.8,INTRADAY_SQUAREOFF,0.015,122.82,0.000204,1535.21,-13.75,1.82,-15.57,-15.57,8187.78,8172.21
379,BTC/INR,1h,LONG,2025-12-12 15:30:00+05:30,2025-12-13 00:30:00+05:30,92631.21,7734706.4,85220.72,114862.71,90333.7,7542864.05,INTRADAY_SQUAREOFF,0.015,122.58,0.000198,1532.29,-38.01,1.79,-39.79,-39.79,8172.21,8132.42
380,BTC/INR,1h,SHORT,2025-12-13 08:30:00+05:30,2025-12-14 00:30:00+05:30,90196.15,7531378.76,97411.85,68549.08,90191.46,7530987.23,INTRADAY_SQUAREOFF,0.015,121.99,0.000202,1524.83,0.08,1.8,-1.72,-1.72,8132.42,8130.7
381,BTC/INR,1h,SHORT,2025-12-14 02:30:00+05:30,2025-12-15 00:30:00+05:30,90062.03,7520179.7,97266.99,68447.14,89066.33,7437038.66,INTRADAY_SQUAREOFF,0.015,121.96,0.000203,1524.51,16.85,1.79,15.07,15.07,8130.7,8145.77
382,BTC/INR,1h,SHORT,2025-12-16 06:30:00+05:30,2025-12-17 00:30:00+05:30,85730.58,7158503.6,92589.03,65155.24,87790.87,7330537.28,INTRADAY_SQUAREOFF,0.015,122.19,0.000213,1527.33,-36.7,1.82,-38.53,-38.53,8145.77,8107.24
383,BTC/INR,1h,LONG,2025-12-17 13:30:00+05:30,2025-12-18 00:30:00+05:30,87115.03,7274104.83,80145.83,108022.63,85750.27,7160147.33,INTRADAY_SQUAREOFF,0.015,121.61,0.000209,1520.11,-23.81,1.78,-25.59,-25.59,8107.24,8081.65
384,BTC/INR,1h,SHORT,2025-12-18 11:30:00+05:30,2025-12-19 00:30:00+05:30,86324.63,7208106.49,93230.6,65606.72,85933.2,7175421.79,INTRADAY_SQUAREOFF,0.015,121.22,0.00021,1515.31,6.87,1.78,5.09,5.09,8081.65,8086.73
385,BTC/INR,1h,SHORT,2025-12-22 02:30:00+05:30,2025-12-23 00:30:00+05:30,88171.94,7362356.89,95225.69,67010.67,89155.64,7444496.06,INTRADAY_SQUAREOFF,0.015,121.3,0.000206,1516.26,-16.92,1.8,-18.72,-18.72,8086.73,8068.02
386,BTC/INR,1h,SHORT,2025-12-23 08:30:00+05:30,2025-12-24 00:30:00+05:30,88080.51,7354722.42,95126.95,66941.19,87977.78,7346144.58,INTRADAY_SQUAREOFF,0.015,121.02,0.000206,1512.75,1.76,1.78,-0.02,-0.02,8068.02,8068.0
387,BTC/INR,1h,SHORT,2025-12-24 04:30:00+05:30,2025-12-25 00:30:00+05:30,87250.05,7285379.05,94230.05,66310.04,87450.49,7302116.12,INTRADAY_SQUAREOFF,0.015,121.02,0.000208,1512.75,-3.48,1.79,-5.26,-5.26,8068.0,8062.74
388,BTC/INR,1h,LONG,2025-12-26 19:30:00+05:30,2025-12-27 00:30:00+05:30,89027.66,7433809.25,81905.44,110394.29,87152.77,7277256.21,INTRADAY_SQUAREOFF,0.015,120.94,0.000203,1511.76,-31.84,1.77,-33.6,-33.6,8062.74,8029.13
389,BTC/INR,1h,SHORT,2025-12-27 05:30:00+05:30,2025-12-28 00:30:00+05:30,87234.47,7284078.27,94213.23,66298.2,87482.57,7304794.68,INTRADAY_SQUAREOFF,0.015,120.44,0.000207,1505.46,-4.28,1.78,-6.06,-6.06,8029.13,8023.07
390,BTC/INR,1h,SHORT,2025-12-30 01:30:00+05:30,2025-12-31 00:30:00+05:30,87194.48,7280739.29,94170.04,66267.81,88284.89,7371787.98,INTRADAY_SQUAREOFF,0.015,120.35,0.000207,1504.33,-18.81,1.79,-20.6,-20.6,8023.07,8002.47
391,BTC/INR,1h,LONG,2025-12-31 03:30:00+05:30,2026-01-01 00:30:00+05:30,88269.0,7370461.1,81207.48,109453.55,87518.07,7307758.9,INTRADAY_SQUAREOFF,0.015,120.04,0.000204,1500.46,-12.76,1.76,-14.53,-14.53,8002.47,7987.95
392,BTC/INR,1h,SHORT,2026-01-01 05:30:00+05:30,2026-01-02 00:30:00+05:30,87458.2,7302759.88,94454.86,66468.23,88107.01,7356935.17,INTRADAY_SQUAREOFF,0.015,119.82,0.000205,1497.74,-11.11,1.77,-12.88,-12.88,7987.95,7975.06
393,BTC/INR,1h,LONG,2026-01-02 03:30:00+05:30,2026-01-03 00:30:00+05:30,88324.28,7375077.44,81258.34,109522.11,89694.52,7489492.5,INTRADAY_SQUAREOFF,0.015,119.63,0.000203,1495.32,23.2,1.78,21.42,21.42,7975.06,7996.48
394,BTC/INR,1h,LONG,2026-01-03 03:30:00+05:30,2026-01-04 00:30:00+05:30,90137.37,7526470.1,82926.38,111770.33,90046.82,7518909.57,INTRADAY_SQUAREOFF,0.015,119.95,0.000199,1499.34,-1.51,1.77,-3.27,-3.27,7996.48,7993.21
395,BTC/INR,1h,LONG,2026-01-04 02:30:00+05:30,2026-01-05 00:30:00+05:30,90355.66,7544697.21,83127.2,112041.01,91119.06,7608441.37,INTRADAY_SQUAREOFF,0.015,119.9,0.000199,1498.73,12.66,1.78,10.89,10.89,7993.21,8004.09
396,BTC/INR,1h,LONG,2026-01-05 02:30:00+05:30,2026-01-06 00:30:00+05:30,91344.42,7627258.65,84036.86,113267.07,94287.51,7873007.28,INTRADAY_SQUAREOFF,0.015,120.06,0.000197,1500.77,48.35,1.8,46.55,46.55,8004.09,8050.65
397,BTC/INR,1h,SHORT,2026-01-08 08:30:00+05:30,2026-01-09 00:30:00+05:30,90656.14,7569787.81,97908.63,68898.67,91084.2,7605530.62,INTRADAY_SQUAREOFF,0.015,120.76,0.000199,1509.5,-7.13,1.79,-8.91,-8.91,8050.65,8041.74
398,BTC/INR,1h,LONG,2026-01-11 20:30:00+05:30,2026-01-12 00:30:00+05:30,91089.47,7605970.52,83802.31,112950.94,90711.79,7574434.09,INTRADAY_SQUAREOFF,0.015,120.63,0.000198,1507.83,-6.25,1.78,-8.03,-8.03,8041.74,8033.71
399,BTC/INR,1h,LONG,2026-01-12 03:30:00+05:30,2026-01-13 00:30:00+05:30,90723.17,7575384.45,83465.31,112496.73,91572.0,7646262.3,INTRADAY_SQUAREOFF,0.015,120.51,0.000199,1506.32,14.09,1.79,12.31,12.31,8033.71,8046.02
400,BTC/INR,1h,LONG,2026-01-14 01:30:00+05:30,2026-01-15 00:30:00+05:30,94269.59,7871510.58,86728.02,116894.29,96753.44,8078911.82,INTRADAY_SQUAREOFF,0.015,120.69,0.000192,1508.63,39.75,1.8,37.95,37.95,8046.02,8083.96
401,BTC/INR,1h,LONG,2026-01-15 14:30:00+05:30,2026-01-16 00:30:00+05:30,96666.86,8071683.14,88933.51,119866.91,95750.06,7995130.17,INTRADAY_SQUAREOFF,0.015,121.26,0.000188,1515.74,-14.38,1.78,-16.16,-16.16,8083.96,8067.81
402,BTC/INR,1h,SHORT,2026-01-16 09:30:00+05:30,2026-01-17 00:30:00+05:30,95250.12,7953384.75,102870.13,72390.09,95003.33,7932778.01,INTRADAY_SQUAREOFF,0.015,121.02,0.00019,1512.71,3.92,1.78,2.14,2.14,8067.81,8069.94
403,BTC/INR,1h,SHORT,2026-01-17 07:30:00+05:30,2026-01-18 00:30:00+05:30,95303.94,7957879.11,102928.26,72431.0,95444.13,7969584.68,INTRADAY_SQUAREOFF,0.015,121.05,0.00019,1513.11,-2.23,1.79,-4.01,-4.01,8069.94,8065.93
404,BTC/INR,1h,SHORT,2026-01-18 05:30:00+05:30,2026-01-19 00:30:00+05:30,95040.78,7935905.46,102644.05,72231.0,95456.7,7970634.17,INTRADAY_SQUAREOFF,0.015,120.99,0.000191,1512.36,-6.62,1.79,-8.41,-8.41,8065.93,8057.52
405,BTC/INR,1h,SHORT,2026-01-20 04:30:00+05:30,2026-01-21 00:30:00+05:30,92469.83,7721230.63,99867.41,70277.07,89431.83,7467557.5,INTRADAY_SQUAREOFF,0.015,120.86,0.000196,1510.79,49.64,1.75,47.88,47.88,8057.52,8105.41
406,BTC/INR,1h,SHORT,2026-01-21 13:30:00+05:30,2026-01-22 00:30:00+05:30,88942.63,7426709.73,96058.04,67596.4,88434.5,7384280.74,INTRADAY_SQUAREOFF,0.015,121.58,0.000205,1519.76,8.68,1.79,6.89,6.89,8105.41,8112.3
407,BTC/INR,1h,SHORT,2026-01-23 11:30:00+05:30,2026-01-24 00:30:00+05:30,89368.16,7462241.42,96517.61,67919.8,90471.03,7554330.62,INTRADAY_SQUAREOFF,0.015,121.68,0.000204,1521.06,-18.77,1.81,-20.58,-20.58,8112.3,8091.72
408,BTC/INR,1h,LONG,2026-01-24 08:30:00+05:30,2026-01-25 00:30:00+05:30,89626.88,7483844.88,82456.73,111137.34,89214.64,7449422.11,INTRADAY_SQUAREOFF,0.015,121.38,0.000203,1517.2,-6.98,1.79,-8.76,-8.76,8091.72,8082.96
409,BTC/INR,1h,SHORT,2026-01-25 13:30:00+05:30,2026-01-26 00:30:00+05:30,88459.12,7386336.14,95535.84,67228.93,87339.86,7292878.23,INTRADAY_SQUAREOFF,0.015,121.24,0.000205,1515.55,19.18,1.78,17.4,17.4,8082.96,8100.36
410,BTC/INR,1h,LONG,2026-01-27 22:30:00+05:30,2026-01-28 00:30:00+05:30,88715.51,7407744.87,81618.27,110007.23,88112.23,7357371.57,INTRADAY_SQUAREOFF,0.015,121.51,0.000205,1518.82,-10.33,1.79,-12.11,-12.11,8100.36,8088.24
411,BTC/INR,1h,LONG,2026-01-28 12:30:00+05:30,2026-01-29 00:30:00+05:30,89303.75,7456862.85,82159.45,110736.65,89389.84,7464051.42,INTRADAY_SQUAREOFF,0.015,121.32,0.000203,1516.55,1.46,1.79,-0.33,-0.33,8088.24,8087.91
412,BTC/INR,1h,SHORT,2026-01-29 15:30:00+05:30,2026-01-30 00:30:00+05:30,87719.41,7324570.52,94736.96,66666.75,83376.31,6961921.71,INTRADAY_SQUAREOFF,0.015,121.32,0.000207,1516.48,75.08,1.75,73.34,73.34,8087.91,8161.25
413,BTC/INR,1h,SHORT,2026-01-30 06:30:00+05:30,2026-01-31 00:30:00+05:30,84022.39,7015869.54,90744.18,63857.02,83866.8,7002877.4,INTRADAY_SQUAREOFF,0.015,122.42,0.000218,1530.23,2.83,1.8,1.03,1.03,8161.25,8162.28
414,BTC/INR,1h,SHORT,2026-01-31 18:30:00+05:30,2026-02-01 00:30:00+05:30,82552.47,6893131.14,89156.67,62739.88,77971.76,6510642.23,INTRADAY_SQUAREOFF,0.015,122.43,0.000222,1530.43,84.92,1.76,83.17,83.17,8162.28,8245.45
415,BTC/INR,1h,SHORT,2026-02-01 11:30:00+05:30,2026-02-02 00:30:00+05:30,78450.94,6550653.69,84727.02,59622.72,78004.25,6513354.73,INTRADAY_SQUAREOFF,0.015,123.68,0.000236,1546.02,8.8,1.82,6.98,6.98,8245.45,8252.43
416,BTC/INR,1h,SHORT,2026-02-02 08:30:00+05:30,2026-02-03 00:30:00+05:30,76364.84,6376463.93,82474.02,58037.28,78576.21,6561113.85,INTRADAY_SQUAREOFF,0.015,123.79,0.000243,1547.33,-44.81,1.85,-46.66,-46.66,8252.43,8205.77
417,BTC/INR,1h,SHORT,2026-02-03 22:30:00+05:30,2026-02-04 00:30:00+05:30,76414.01,6380569.69,82527.13,58074.65,73109.99,6104684.15,INTRADAY_SQUAREOFF,0.015,123.09,0.000241,1538.58,66.53,1.78,64.75,64.75,8205.77,8270.52
418,BTC/INR,1h,SHORT,2026-02-04 15:30:00+05:30,2026-02-05 00:30:00+05:30,75853.62,6333777.0,81921.91,57648.75,73294.35,6120078.03,INTRADAY_SQUAREOFF,0.015,124.06,0.000245,1550.72,52.32,1.8,50.52,50.52,8270.52,8321.04
419,BTC/INR,1h,SHORT,2026-02-05 08:30:00+05:30,2026-02-06 00:30:00+05:30,71279.57,5951844.01,76981.93,54172.47,66256.32,5532402.93,INTRADAY_SQUAREOFF,0.015,124.82,0.000262,1560.2,109.95,1.78,108.17,108.17,8321.04,8429.22
420,BTC/INR,1h,LONG,2026-02-07 04:30:00+05:30,2026-02-08 00:30:00+05:30,71503.03,5970503.05,65782.79,88663.76,69414.85,5796139.6,INTRADAY_SQUAREOFF,0.015,126.44,0.000265,1580.48,-46.16,1.84,-47.99,-47.99,8429.22,8381.22
421,BTC/INR,1h,LONG,2026-02-08 17:30:00+05:30,2026-02-09 00:30:00+05:30,71153.14,5941287.58,65460.89,88229.9,71059.83,5933495.58,INTRADAY_SQUAREOFF,0.015,125.72,0.000265,1571.48,-2.06,1.85,-3.91,-3.91,8381.22,8377.31
422,BTC/INR,1h,LONG,2026-02-09 09:30:00+05:30,2026-02-10 00:30:00+05:30,71394.48,5961439.42,65682.93,88529.16,70322.23,5871906.0,INTRADAY_SQUAREOFF,0.015,125.66,0.000263,1570.75,-23.59,1.84,-25.43,-25.43,8377.31,8351.88
423,BTC/INR,1h,SHORT,2026-02-11 00:30:00+05:30,2026-02-12 00:30:00+05:30,68593.17,5727529.75,74080.62,52130.81,67266.04,5616714.18,INTRADAY_SQUAREOFF,0.015,125.28,0.000273,1565.98,30.3,1.83,28.47,28.47,8351.88,8380.35
424,BTC/INR,1h,SHORT,2026-02-12 04:30:00+05:30,2026-02-13 00:30:00+05:30,67321.03,5621305.65,72706.71,51163.98,65560.74,5474322.16,INTRADAY_SQUAREOFF,0.015,125.71,0.00028,1571.32,41.09,1.83,39.26,39.26,8380.35,8419.6
425,BTC/INR,1h,SHORT,2026-02-13 10:30:00+05:30,2026-02-14 00:30:00+05:30,66236.31,5530731.93,71535.22,50339.6,69134.81,5772756.46,INTRADAY_SQUAREOFF,0.015,126.29,0.000285,1578.68,-69.08,1.9,-70.99,-70.99,8419.6,8348.62
426,BTC/INR,1h,LONG,2026-02-14 06:30:00+05:30,2026-02-15 00:30:00+05:30,69111.2,5770785.4,63582.31,85697.89,69697.66,5819755.03,INTRADAY_SQUAREOFF,0.015,125.23,0.000271,1565.37,13.28,1.85,11.43,11.43,8348.62,8360.05
427,BTC/INR,1h,LONG,2026-02-15 09:30:00+05:30,2026-02-16 00:30:00+05:30,69999.9,5844991.36,64399.9,86799.87,68415.44,5712689.18,INTRADAY_SQUAREOFF,0.015,125.4,0.000268,1567.51,-35.48,1.83,-37.31,-37.31,8360.05,8322.74
428,BTC/INR,1h,SHORT,2026-02-16 08:30:00+05:30,2026-02-17 00:30:00+05:30,68201.58,5694831.72,73657.7,51833.2,67891.74,5668960.41,INTRADAY_SQUAREOFF,0.015,124.84,0.000274,1560.51,7.09,1.84,5.25,5.25,8322.74,8327.99
429,BTC/INR,1h,SHORT,2026-02-17 14:30:00+05:30,2026-02-18 00:30:00+05:30,68068.51,5683720.69,73513.99,51732.07,68118.17,5687866.95,INTRADAY_SQUAREOFF,0.015,124.92,0.000275,1561.5,-1.14,1.84,-2.98,-2.98,8327.99,8325.01
430,BTC/INR,1h,SHORT,2026-02-18 16:30:00+05:30,2026-02-19 00:30:00+05:30,67703.72,5653261.03,73120.02,51454.83,66354.16,5540572.4,INTRADAY_SQUAREOFF,0.015,124.88,0.000276,1560.94,31.11,1.82,29.29,29.29,8325.01,8354.3
431,BTC/INR,1h,SHORT,2026-02-19 15:30:00+05:30,2026-02-20 00:30:00+05:30,66721.44,5571240.48,72059.16,50708.3,67038.97,5597754.12,INTRADAY_SQUAREOFF,0.015,125.31,0.000281,1566.43,-7.45,1.85,-9.31,-9.31,8354.3,8344.99
432,BTC/INR,1h,LONG,2026-02-20 15:30:00+05:30,2026-02-21 00:30:00+05:30,68228.03,5697040.88,62769.79,84602.76,67904.1,5669992.46,INTRADAY_SQUAREOFF,0.015,125.17,0.000275,1564.69,-7.43,1.84,-9.27,-9.27,8344.99,8335.72
433,BTC/INR,1h,SHORT,2026-02-21 09:30:00+05:30,2026-02-22 00:30:00+05:30,67524.66,5638308.97,72926.63,51318.74,68585.43,5726883.56,INTRADAY_SQUAREOFF,0.015,125.04,0.000277,1562.95,-24.55,1.86,-26.41,-26.41,8335.72,8309.31
434,BTC/INR,1h,SHORT,2026-02-22 08:30:00+05:30,2026-02-23 00:30:00+05:30,67834.53,5664182.98,73261.29,51554.24,67443.64,5631544.15,INTRADAY_SQUAREOFF,0.015,124.64,0.000275,1558.0,8.98,1.83,7.14,7.14,8309.31,8316.45
435,BTC/INR,1h,SHORT,2026-02-23 06:30:00+05:30,2026-02-24 00:30:00+05:30,66687.51,5568407.47,72022.52,50682.51,64662.55,5399322.88,INTRADAY_SQUAREOFF,0.015,124.75,0.00028,1559.33,47.35,1.81,45.54,45.54,8316.45,8361.99
436,BTC/INR,1h,SHORT,2026-02-24 08:30:00+05:30,2026-02-25 00:30:00+05:30,63966.11,5341170.54,69083.4,48614.25,64452.4,5381775.2,INTRADAY_SQUAREOFF,0.015,125.43,0.000294,1567.87,-11.92,1.86,-13.78,-13.78,8361.99,8348.21
437,BTC/INR,1h,LONG,2026-02-25 14:30:00+05:30,2026-02-26 00:30:00+05:30,65575.24,5475532.54,60329.22,81313.3,69324.34,5788582.07,INTRADAY_SQUAREOFF,0.015,125.22,0.000286,1565.29,89.49,1.9,87.59,87.59,8348.21,8435.8
438,BTC/INR,1h,LONG,2026-02-26 15:30:00+05:30,2026-02-27 00:30:00+05:30,68652.17,5732456.05,63159.99,85128.69,67262.98,5616459.21,INTRADAY_SQUAREOFF,0.015,126.54,0.000276,1581.71,-32.01,1.85,-33.85,-33.85,8435.8,8401.95
439,BTC/INR,1h,SHORT,2026-02-27 15:30:00+05:30,2026-02-28 00:30:00+05:30,67298.09,5619390.68,72681.94,51146.55,65337.11,5455648.95,INTRADAY_SQUAREOFF,0.015,126.03,0.00028,1575.37,45.9,1.83,44.07,44.07,8401.95,8446.02
440,BTC/INR,1h,SHORT,2026-02-28 11:30:00+05:30,2026-03-01 00:30:00+05:30,65471.96,5466908.87,70709.72,49758.69,65943.38,5506271.99,INTRADAY_SQUAREOFF,0.015,126.69,0.00029,1583.63,-11.4,1.88,-13.28,-13.28,8446.02,8432.74
441,BTC/INR,1h,LONG,2026-03-01 07:30:00+05:30,2026-03-02 00:30:00+05:30,67611.73,5645579.16,62202.79,83838.54,66280.29,5534404.1,INTRADAY_SQUAREOFF,0.015,126.49,0.00028,1581.14,-31.14,1.85,-32.98,-32.98,8432.74,8399.76
442,BTC/INR,1h,LONG,2026-03-03 02:30:00+05:30,2026-03-04 00:30:00+05:30,69484.95,5801993.46,63926.16,86161.34,68599.96,5728096.35,INTRADAY_SQUAREOFF,0.015,126.0,0.000271,1574.96,-20.06,1.85,-21.91,-21.91,8399.76,8377.85
443,BTC/INR,1h,LONG,2026-03-05 16:30:00+05:30,2026-03-06 00:30:00+05:30,73564.05,6142598.4,67678.93,91219.43,70959.6,5925126.93,INTRADAY_SQUAREOFF,0.015,125.67,0.000256,1570.85,-55.61,1.82,-57.43,-57.43,8377.85,8320.42
444,BTC/INR,1h,SHORT,2026-03-06 05:30:00+05:30,2026-03-07 00:30:00+05:30,70755.39,5908074.72,76415.82,53774.09,68282.39,5701579.54,INTRADAY_SQUAREOFF,0.015,124.81,0.000264,1560.08,54.53,1.81,52.72,52.72,8320.42,8373.14
445,BTC/INR,1h,SHORT,2026-03-07 05:30:00+05:30,2026-03-08 00:30:00+05:30,68071.54,5683973.67,73517.26,51734.37,67604.85,5645004.81,INTRADAY_SQUAREOFF,0.015,125.6,0.000276,1569.96,10.76,1.85,8.92,8.92,8373.14,8382.06
446,BTC/INR,1h,SHORT,2026-03-08 04:30:00+05:30,2026-03-09 00:30:00+05:30,67137.98,5606021.06,72509.01,51024.86,66857.35,5582588.68,INTRADAY_SQUAREOFF,0.015,125.73,0.00028,1571.64,6.57,1.85,4.72,4.72,8382.06,8386.77
447,BTC/INR,1h,LONG,2026-03-10 06:30:00+05:30,2026-03-11 00:30:00+05:30,69318.82,5788121.62,63773.32,85955.34,69982.22,5843515.2,INTRADAY_SQUAREOFF,0.015,125.8,0.000272,1572.52,15.05,1.86,13.18,13.18,8386.77,8399.96
448,BTC/INR,1h,LONG,2026-03-11 02:30:00+05:30,2026-03-12 00:30:00+05:30,70355.79,5874708.73,64727.33,87241.18,70613.07,5896191.7,INTRADAY_SQUAREOFF,0.015,126.0,0.000268,1574.99,5.76,1.86,3.9,3.9,8399.96,8403.86
449,BTC/INR,1h,LONG,2026-03-12 03:30:00+05:30,2026-03-13 00:30:00+05:30,70806.44,5912337.76,65141.92,87799.99,69865.27,5833749.93,INTRADAY_SQUAREOFF,0.015,126.06,0.000267,1575.72,-20.94,1.85,-22.79,-22.79,8403.86,8381.06
450,BTC/INR,1h,LONG,2026-03-13 07:30:00+05:30,2026-03-14 00:30:00+05:30,71720.28,5988643.36,65982.66,88933.15,71021.25,5930274.61,INTRADAY_SQUAREOFF,0.015,125.72,0.000262,1571.45,-15.32,1.85,-17.16,-17.16,8381.06,8363.9
451,BTC/INR,1h,SHORT,2026-03-14 03:30:00+05:30,2026-03-15 00:30:00+05:30,71061.09,5933601.21,76745.98,54006.43,70713.68,5904592.52,INTRADAY_SQUAREOFF,0.015,125.46,0.000264,1568.23,7.67,1.85,5.82,5.82,8363.9,8369.72
452,BTC/INR,1h,LONG,2026-03-15 14:30:00+05:30,2026-03-16 00:30:00+05:30,71854.12,5999819.02,66105.79,89099.11,71382.06,5960401.74,INTRADAY_SQUAREOFF,0.015,125.55,0.000262,1569.32,-10.31,1.85,-12.16,-12.16,8369.72,8357.57
453,BTC/INR,1h,LONG,2026-03-16 09:30:00+05:30,2026-03-17 00:30:00+05:30,74021.29,6180777.63,68099.59,91786.4,73844.72,6166033.74,INTRADAY_SQUAREOFF,0.015,125.36,0.000254,1567.04,-3.74,1.85,-5.59,-5.59,8357.57,8351.98
454,BTC/INR,1h,SHORT,2026-03-19 00:30:00+05:30,2026-03-20 00:30:00+05:30,70957.38,5924941.11,76633.97,53927.61,69895.48,5836272.34,INTRADAY_SQUAREOFF,0.015,125.28,0.000264,1566.0,23.44,1.83,21.6,21.6,8351.98,8373.58
455,BTC/INR,1h,SHORT,2026-03-21 05:30:00+05:30,2026-03-22 00:30:00+05:30,70422.13,5880247.91,76055.9,53520.82,70424.84,5880473.76,INTRADAY_SQUAREOFF,0.015,125.6,0.000267,1570.05,-0.06,1.85,-1.91,-1.91,8373.58,8371.67
456,BTC/INR,1h,SHORT,2026-03-22 04:30:00+05:30,2026-03-23 00:30:00+05:30,70230.36,5864235.01,75848.79,53375.07,68644.76,5731837.32,INTRADAY_SQUAREOFF,0.015,125.58,0.000268,1569.69,35.44,1.83,33.61,33.61,8371.67,8405.28
457,BTC/INR,1h,SHORT,2026-03-23 12:30:00+05:30,2026-03-24 00:30:00+05:30,67707.39,5653567.48,73123.99,51457.62,71110.69,5937742.93,INTRADAY_SQUAREOFF,0.015,126.08,0.000279,1575.99,-79.22,1.91,-81.12,-81.12,8405.28,8324.16
458,BTC/INR,1h,LONG,2026-03-24 05:30:00+05:30,2026-03-25 00:30:00+05:30,70955.38,5924774.38,65278.95,87984.67,69375.73,5792873.65,INTRADAY_SQUAREOFF,0.015,124.86,0.000263,1560.78,-34.75,1.82,-36.57,-36.57,8324.16,8287.59
459,BTC/INR,1h,SHORT,2026-03-26 16:30:00+05:30,2026-03-27 00:30:00+05:30,69416.32,5796262.83,74969.63,52756.4,68469.73,5717222.08,INTRADAY_SQUAREOFF,0.015,124.31,0.000268,1553.92,21.19,1.82,19.37,19.37,8287.59,8306.96
460,BTC/INR,1h,SHORT,2026-03-27 13:30:00+05:30,2026-03-28 00:30:00+05:30,68384.52,5710107.19,73855.28,51972.23,65849.98,5498473.23,INTRADAY_SQUAREOFF,0.015,124.6,0.000273,1557.55,57.73,1.8,55.92,55.92,8306.96,8362.88
461,BTC/INR,1h,SHORT,2026-03-28 07:30:00+05:30,2026-03-29 00:30:00+05:30,65994.35,5510527.87,71273.89,50155.7,66900.05,5586154.22,INTRADAY_SQUAREOFF,0.015,125.44,0.000285,1568.04,-21.52,1.86,-23.38,-23.38,8362.88,8339.5
462,BTC/INR,1h,LONG,2026-03-30 18:30:00+05:30,2026-03-31 00:30:00+05:30,67953.47,5674114.54,62517.19,84262.3,66560.98,5557841.52,INTRADAY_SQUAREOFF,0.015,125.09,0.000276,1563.66,-32.04,1.83,-33.87,-33.87,8339.5,8305.63
463,BTC/INR,1h,SHORT,2026-03-31 20:30:00+05:30,2026-04-01 00:30:00+05:30,66445.16,5548170.8,71760.77,50498.32,67822.33,5663164.7,INTRADAY_SQUAREOFF,0.015,124.58,0.000281,1557.31,-32.28,1.86,-34.13,-34.13,8305.63,8271.5
464,BTC/INR,1h,LONG,2026-04-01 09:30:00+05:30,2026-04-02 00:30:00+05:30,68158.83,5691262.14,62706.12,84516.95,68020.71,5679729.04,INTRADAY_SQUAREOFF,0.015,124.07,0.000273,1550.91,-3.14,1.83,-4.97,-4.97,8271.5,8266.52
465,BTC/INR,1h,LONG,2026-04-02 06:30:00+05:30,2026-04-03 00:30:00+05:30,68667.47,5733733.33,63174.07,85147.66,66941.77,5589637.81,INTRADAY_SQUAREOFF,0.015,124.0,0.00027,1549.97,-38.95,1.81,-40.76,-40.76,8266.52,8225.77
466,BTC/INR,1h,LONG,2026-04-05 03:30:00+05:30,2026-04-06 00:30:00+05:30,67436.29,5630929.98,62041.38,83621.0,67341.45,5623011.33,INTRADAY_SQUAREOFF,0.015,123.39,0.000274,1542.33,-2.17,1.82,-3.99,-3.99,8225.77,8221.78
467,BTC/INR,1h,LONG,2026-04-06 04:30:00+05:30,2026-04-07 00:30:00+05:30,68359.65,5708030.53,62890.88,84765.96,69852.57,5832689.75,INTRADAY_SQUAREOFF,0.015,123.33,0.00027,1541.58,33.67,1.84,31.83,31.83,8221.78,8253.61
468,BTC/INR,1h,SHORT,2026-04-07 11:30:00+05:30,2026-04-08 00:30:00+05:30,68589.42,5727216.78,74076.58,52127.96,68462.46,5716615.75,INTRADAY_SQUAREOFF,0.015,123.8,0.00027,1547.55,2.86,1.82,1.04,1.04,8253.61,8254.65
469,BTC/INR,1h,LONG,2026-04-08 10:30:00+05:30,2026-04-09 00:30:00+05:30,71667.79,5984260.68,65934.37,88868.06,71055.23,5933111.54,INTRADAY_SQUAREOFF,0.015,123.82,0.000259,1547.75,-13.23,1.82,-15.05,-15.05,8254.65,8239.6
470,BTC/INR,1h,LONG,2026-04-10 02:30:00+05:30,2026-04-11 00:30:00+05:30,72472.35,6051441.3,66674.56,89865.72,73081.89,6102338.14,INTRADAY_SQUAREOFF,0.015,123.59,0.000255,1544.92,12.99,1.83,11.16,11.16,8239.6,8250.76
471,BTC/INR,1h,LONG,2026-04-11 15:30:00+05:30,2026-04-12 00:30:00+05:30,72974.08,6093335.53,67136.15,90487.86,73519.0,6138836.78,INTRADAY_SQUAREOFF,0.015,123.76,0.000254,1547.02,11.55,1.83,9.72,9.72,8250.76,8260.48
472,BTC/INR,1h,SHORT,2026-04-12 15:30:00+05:30,2026-04-13 00:30:00+05:30,71508.03,5970920.74,77228.68,54346.1,71194.22,5944717.37,INTRADAY_SQUAREOFF,0.015,123.91,0.000259,1548.84,6.8,1.82,4.97,4.97,8260.48,8265.46
473,BTC/INR,1h,SHORT,2026-04-13 09:30:00+05:30,2026-04-14 00:30:00+05:30,70915.53,5921446.95,76588.77,53895.8,72490.23,6052934.61,INTRADAY_SQUAREOFF,0.015,123.98,0.000262,1549.77,-34.41,1.85,-36.26,-36.26,8265.46,8229.19
474,BTC/INR,1h,LONG,2026-04-14 04:30:00+05:30,2026-04-15 00:30:00+05:30,74736.65,6240509.98,68757.71,92673.44,74095.73,6186993.49,INTRADAY_SQUAREOFF,0.015,123.44,0.000247,1542.97,-13.23,1.81,-15.04,-15.04,8229.19,8214.15
475,BTC/INR,1h,LONG,2026-04-17 05:30:00+05:30,2026-04-18 00:30:00+05:30,75236.06,6282211.02,69217.18,93292.71,77185.13,6444958.38,INTRADAY_SQUAREOFF,0.015,123.21,0.000245,1540.15,39.9,1.84,38.06,38.06,8214.15,8252.21
476,BTC/INR,1h,SHORT,2026-04-18 23:30:00+05:30,2026-04-19 01:30:00+05:30,75784.09,6327971.43,81846.82,57595.91,75716.74,6322347.61,INTRADAY_SQUAREOFF,0.015,123.78,0.000245,1547.29,1.38,1.82,-0.45,-0.45,8252.21,8251.76
477,BTC/INR,1h,SHORT,2026-04-20 03:30:00+05:30,2026-04-21 00:30:00+05:30,74371.45,6210016.24,80321.17,56522.3,76521.62,6389555.65,INTRADAY_SQUAREOFF,0.015,123.78,0.000249,1547.2,-44.73,1.85,-46.58,-46.58,8251.76,8205.17
478,BTC/INR,1h,LONG,2026-04-21 06:30:00+05:30,2026-04-22 00:30:00+05:30,76166.74,6359923.13,70073.4,94446.76,75590.26,6311787.05,INTRADAY_SQUAREOFF,0.015,123.08,0.000242,1538.47,-11.64,1.81,-13.45,-13.45,8205.17,8191.72
479,BTC/INR,1h,LONG,2026-04-22 12:30:00+05:30,2026-04-23 00:30:00+05:30,78089.77,6520495.59,71842.59,96831.31,78974.43,6594364.95,INTRADAY_SQUAREOFF,0.015,122.88,0.000236,1535.95,17.4,1.82,15.58,15.58,8191.72,8207.3
480,BTC/INR,1h,SHORT,2026-04-24 00:30:00+05:30,2026-04-25 00:30:00+05:30,77658.94,6484521.5,83871.66,59020.79,77693.83,6487434.6,INTRADAY_SQUAREOFF,0.015,123.11,0.000237,1538.87,-0.69,1.82,-2.51,-2.51,8207.3,8204.79
481,BTC/INR,1h,SHORT,2026-04-25 04:30:00+05:30,2026-04-26 00:30:00+05:30,77270.95,6452124.05,83452.62,58725.92,77348.26,6458579.41,INTRADAY_SQUAREOFF,0.015,123.07,0.000238,1538.4,-1.54,1.82,-3.36,-3.36,8204.79,8201.44
482,BTC/INR,1h,SHORT,2026-04-26 07:30:00+05:30,2026-04-27 00:30:00+05:30,77431.59,6465537.36,83626.11,58848.0,78355.73,6542703.34,INTRADAY_SQUAREOFF,0.015,123.02,0.000238,1537.77,-18.35,1.83,-20.18,-20.18,8201.44,8181.26
483,BTC/INR,1h,LONG,2026-04-27 06:30:00+05:30,2026-04-28 00:30:00+05:30,79392.4,6629264.99,73041.0,98446.57,76763.63,6409763.12,INTRADAY_SQUAREOFF,0.015,122.72,0.000231,1533.99,-50.79,1.78,-52.57,-52.57,8181.26,8128.68
484,BTC/INR,1h,SHORT,2026-04-28 03:30:00+05:30,2026-04-29 00:30:00+05:30,76738.61,6407674.06,82877.7,58321.34,76260.64,6367763.65,INTRADAY_SQUAREOFF,0.015,121.93,0.000238,1524.13,9.49,1.79,7.7,7.7,8128.68,8136.38
485,BTC/INR,1h,SHORT,2026-04-29 04:30:00+05:30,2026-04-30 00:30:00+05:30,76167.9,6360020.05,82261.34,57887.61,75532.74,6306983.76,INTRADAY_SQUAREOFF,0.015,122.05,0.00024,1525.57,12.72,1.79,10.93,10.93,8136.38,8147.31
486,BTC/INR,1h,SHORT,2026-04-30 05:30:00+05:30,2026-05-01 00:30:00+05:30,75647.33,6316552.0,81699.12,57491.97,76334.9,6373964.01,INTRADAY_SQUAREOFF,0.015,122.21,0.000242,1527.62,-13.88,1.81,-15.7,-15.7,8147.31,8131.62
487,BTC/INR,1h,SHORT,2026-05-01 03:30:00+05:30,2026-05-02 00:30:00+05:30,76167.51,6359986.8,82260.91,57887.3,78497.24,6554519.27,INTRADAY_SQUAREOFF,0.015,121.97,0.00024,1524.68,-46.64,1.83,-48.46,-48.46,8131.62,8083.16
488,BTC/INR,1h,LONG,2026-05-02 19:30:00+05:30,2026-05-03 00:30:00+05:30,78449.74,6550553.0,72173.76,97277.67,78422.6,6548286.87,INTRADAY_SQUAREOFF,0.015,121.25,0.000231,1515.59,-0.52,1.79,-2.31,-2.31,8083.16,8080.84
489,BTC/INR,1h,LONG,2026-05-03 04:30:00+05:30,2026-05-04 00:30:00+05:30,78913.59,6589284.39,72600.5,97852.85,78692.92,6570858.41,INTRADAY_SQUAREOFF,0.015,121.21,0.00023,1515.16,-4.24,1.79,-6.02,-6.02,8080.84,8074.82
490,BTC/INR,1h,LONG,2026-05-04 07:30:00+05:30,2026-05-05 00:30:00+05:30,79841.34,6666751.74,73454.03,99003.26,80061.54,6685138.84,INTRADAY_SQUAREOFF,0.015,121.12,0.000227,1514.03,4.18,1.79,2.39,2.39,8074.82,8077.21
491,BTC/INR,1h,LONG,2026-05-05 06:30:00+05:30,2026-05-06 05:30:00+05:30,80216.11,6698045.31,73798.82,99467.98,80844.38,6750505.55,INTRADAY_SQUAREOFF,0.015,121.16,0.000226,1514.48,11.86,1.79,10.07,10.07,8077.21,8087.28
492,BTC/INR,1h,LONG,2026-05-06 14:30:00+05:30,2026-05-07 00:30:00+05:30,82029.72,6849481.7,75467.34,101716.85,81290.18,6787729.89,INTRADAY_SQUAREOFF,0.015,121.31,0.000221,1516.36,-13.67,1.78,-15.45,-15.45,8087.28,8071.82
493,BTC/INR,1h,SHORT,2026-05-07 14:30:00+05:30,2026-05-08 00:30:00+05:30,81153.56,6776322.19,87645.84,61676.7,80239.68,6700013.11,INTRADAY_SQUAREOFF,0.015,121.08,0.000223,1513.47,17.04,1.78,15.27,15.27,8071.82,8087.09
494,BTC/INR,1h,SHORT,2026-05-08 06:30:00+05:30,2026-05-09 00:30:00+05:30,79700.01,6654951.07,86076.01,60572.01,80106.53,6688895.53,INTRADAY_SQUAREOFF,0.015,121.31,0.000228,1516.33,-7.73,1.79,-9.53,-9.53,8087.09,8077.56
495,BTC/INR,1h,LONG,2026-05-10 08:30:00+05:30,2026-05-11 00:30:00+05:30,80812.36,6747832.27,74347.37,100207.33,81224.91,6782279.68,INTRADAY_SQUAREOFF,0.015,121.16,0.000224,1514.54,7.73,1.79,5.94,5.94,8077.56,8083.5
496,BTC/INR,1h,LONG,2026-05-11 04:30:00+05:30,2026-05-12 00:30:00+05:30,82192.8,6863099.0,75617.38,101919.08,81823.07,6832226.18,INTRADAY_SQUAREOFF,0.015,121.25,0.000221,1515.66,-6.82,1.78,-8.6,-8.6,8083.5,8074.9
497,BTC/INR,1h,SHORT,2026-05-13 05:30:00+05:30,2026-05-14 00:30:00+05:30,80379.89,6711720.94,86810.28,61088.72,79614.94,6647847.16,INTRADAY_SQUAREOFF,0.015,121.12,0.000226,1514.04,14.41,1.78,12.63,12.63,8074.9,8087.53
498,BTC/INR,1h,SHORT,2026-05-14 03:30:00+05:30,2026-05-15 00:30:00+05:30,79284.6,6620263.74,85627.36,60256.29,81639.87,6816929.13,INTRADAY_SQUAREOFF,0.015,121.31,0.000229,1516.41,-45.05,1.82,-46.86,-46.86,8087.53,8040.67
499,BTC/INR,1h,LONG,2026-05-15 06:30:00+05:30,2026-05-16 00:30:00+05:30,81689.53,6821075.54,75154.37,101295.01,79193.98,6612697.08,INTRADAY_SQUAREOFF,0.015,120.61,0.000221,1507.63,-46.06,1.75,-47.81,-47.81,8040.67,7992.86
500,BTC/INR,1h,SHORT,2026-05-17 04:30:00+05:30,2026-05-18 00:30:00+05:30,78086.05,6520184.91,84332.93,59345.4,78271.12,6535638.19,INTRADAY_SQUAREOFF,0.015,119.89,0.00023,1498.66,-3.55,1.77,-5.32,-5.32,7992.86,7987.54
501,BTC/INR,1h,SHORT,2026-05-18 20:30:00+05:30,2026-05-19 00:30:00+05:30,76149.91,6358517.8,82241.91,57873.93,76221.92,6364530.32,INTRADAY_SQUAREOFF,0.015,119.81,0.000236,1497.66,-1.42,1.77,-3.18,-3.18,7987.54,7984.35
502,BTC/INR,1h,SHORT,2026-05-19 07:30:00+05:30,2026-05-20 00:30:00+05:30,76550.78,6391989.78,82674.84,58178.59,76788.88,6411871.08,INTRADAY_SQUAREOFF,0.015,119.77,0.000234,1497.07,-4.66,1.77,-6.43,-6.43,7984.35,7977.93
503,BTC/INR,1h,SHORT,2026-05-20 04:30:00+05:30,2026-05-21 00:30:00+05:30,76533.71,6390565.12,82656.41,58165.62,77357.84,6459379.58,INTRADAY_SQUAREOFF,0.015,119.67,0.000234,1495.86,-16.11,1.77,-17.88,-17.88,7977.93,7960.05
504,BTC/INR,1h,LONG,2026-05-21 13:30:00+05:30,2026-05-22 00:30:00+05:30,77863.9,6501636.04,71634.79,96551.24,77251.36,6450488.14,INTRADAY_SQUAREOFF,0.015,119.4,0.00023,1492.51,-11.74,1.75,-13.5,-13.5,7960.05,7946.55
505,BTC/INR,1h,SHORT,2026-05-22 23:30:00+05:30,2026-05-23 01:30:00+05:30,76613.64,6397239.17,82742.73,58226.37,75835.6,6332272.77,INTRADAY_SQUAREOFF,0.015,119.2,0.000233,1489.98,15.13,1.75,13.38,13.38,7946.55,7959.93
506,BTC/INR,1h,SHORT,2026-05-23 11:30:00+05:30,2026-05-24 00:30:00+05:30,75338.89,6290797.3,81366.0,57257.56,75798.04,6329136.03,INTRADAY_SQUAREOFF,0.015,119.4,0.000237,1492.49,-9.1,1.77,-10.86,-10.86,7959.93,7949.07
507,BTC/INR,1h,LONG,2026-05-24 07:30:00+05:30,2026-05-25 00:30:00+05:30,76857.93,6417637.42,70709.3,95303.84,76533.78,6390570.99,INTRADAY_SQUAREOFF,0.015,119.24,0.000232,1490.45,-6.29,1.76,-8.04,-8.04,7949.07,7941.03
508,BTC/INR,1h,SHORT,2026-05-25 07:30:00+05:30,2026-05-26 00:30:00+05:30,76791.74,6412110.39,82935.08,58361.72,77524.46,6473292.54,INTRADAY_SQUAREOFF,0.015,119.12,0.000232,1488.94,-14.21,1.77,-15.97,-15.97,7941.03,7925.06
509,BTC/INR,1h,SHORT,2026-05-26 15:30:00+05:30,2026-05-27 00:30:00+05:30,76519.07,6389342.59,82640.6,58154.5,75752.67,6325347.94,INTRADAY_SQUAREOFF,0.015,118.88,0.000233,1485.95,14.88,1.74,13.14,13.14,7925.06,7938.19
510,BTC/INR,1h,SHORT,2026-05-27 04:30:00+05:30,2026-05-28 00:30:00+05:30,75520.79,6305986.05,81562.45,57395.8,74921.65,6255957.38,INTRADAY_SQUAREOFF,0.015,119.07,0.000236,1488.41,11.81,1.75,10.06,10.06,7938.19,7948.25
511,BTC/INR,1h,SHORT,2026-05-28 03:30:00+05:30,2026-05-29 00:30:00+05:30,74182.89,6194271.32,80117.52,56379.0,73558.85,6142164.38,INTRADAY_SQUAREOFF,0.015,119.22,0.000241,1490.3,12.54,1.75,10.79,10.79,7948.25,7959.04
512,BTC/INR,1h,SHORT,2026-05-29 04:30:00+05:30,2026-05-30 00:30:00+05:30,73302.42,6120752.42,79166.62,55709.84,73309.36,6121331.8,INTRADAY_SQUAREOFF,0.015,119.39,0.000244,1492.32,-0.14,1.76,-1.9,-1.9,7959.04,7957.14
513,BTC/INR,1h,SHORT,2026-06-01 07:30:00+05:30,2026-06-02 00:30:00+05:30,73130.66,6106409.99,78981.11,55579.3,71437.03,5964991.9,INTRADAY_SQUAREOFF,0.015,119.36,0.000244,1491.96,34.55,1.74,32.81,32.81,7957.14,7989.95
514,BTC/INR,1h,SHORT,2026-06-02 03:30:00+05:30,2026-06-03 00:30:00+05:30,70813.98,5912967.46,76479.1,53818.63,67253.62,5615677.09,INTRADAY_SQUAREOFF,0.015,119.85,0.000253,1498.12,75.32,1.72,73.6,73.6,7989.95,8063.55
515,BTC/INR,1h,SHORT,2026-06-03 04:30:00+05:30,2026-06-04 00:30:00+05:30,66159.15,5524288.7,71451.88,50280.95,65965.33,5508105.34,INTRADAY_SQUAREOFF,0.015,120.95,0.000274,1511.92,4.43,1.78,2.65,2.65,8063.55,8066.19
516,BTC/INR,1h,SHORT,2026-06-04 04:30:00+05:30,2026-06-05 00:30:00+05:30,64667.72,5399754.64,69841.14,49147.47,63749.16,5323054.81,INTRADAY_SQUAREOFF,0.015,120.99,0.00028,1512.41,21.48,1.77,19.71,19.71,8066.19,8085.91
517,BTC/INR,1h,SHORT,2026-06-05 08:30:00+05:30,2026-06-06 00:30:00+05:30,62485.98,5217579.3,67484.86,47489.34,59369.32,4957338.07,INTRADAY_SQUAREOFF,0.015,121.29,0.000291,1516.11,75.62,1.74,73.88,73.88,8085.91,8159.78
518,BTC/INR,1h,SHORT,2026-06-06 07:30:00+05:30,2026-06-07 00:30:00+05:30,60899.0,5085066.18,65770.92,46283.24,60612.3,5061127.28,INTRADAY_SQUAREOFF,0.015,122.4,0.000301,1529.96,7.2,1.8,5.4,5.4,8159.78,8165.18
519,BTC/INR,1h,LONG,2026-06-07 21:30:00+05:30,2026-06-08 00:30:00+05:30,62215.1,5194961.16,57237.9,77146.73,61975.3,5174937.35,INTRADAY_SQUAREOFF,0.015,122.48,0.000295,1530.97,-5.9,1.8,-7.7,-7.7,8165.18,8157.48
520,BTC/INR,1h,LONG,2026-06-08 05:30:00+05:30,2026-06-09 00:30:00+05:30,63444.99,5297656.49,58369.39,78671.78,63410.34,5294763.19,INTRADAY_SQUAREOFF,0.015,122.36,0.000289,1529.53,-0.84,1.8,-2.64,-2.64,8157.48,8154.84
521,BTC/INR,1h,SHORT,2026-06-10 03:30:00+05:30,2026-06-11 00:30:00+05:30,61611.5,5144560.18,66540.42,46824.74,61842.18,5163821.63,INTRADAY_SQUAREOFF,0.015,122.32,0.000297,1529.03,-5.72,1.81,-7.53,-7.53,8154.84,8147.31
522,BTC/INR,1h,LONG,2026-06-11 16:30:00+05:30,2026-06-12 00:30:00+05:30,63151.04,5273111.86,58098.96,78307.29,63351.56,5289855.12,INTRADAY_SQUAREOFF,0.015,122.21,0.00029,1527.62,4.85,1.81,3.05,3.05,8147.31,8150.35
523,BTC/INR,1h,LONG,2026-06-12 14:30:00+05:30,2026-06-13 00:30:00+05:30,63546.94,5306169.26,58463.18,78798.2,63620.16,5312283.55,INTRADAY_SQUAREOFF,0.015,122.26,0.000288,1528.19,1.76,1.8,-0.04,-0.04,8150.35,8150.31
524,BTC/INR,1h,LONG,2026-06-13 12:30:00+05:30,2026-06-14 00:30:00+05:30,63737.84,5322109.75,58638.81,79034.92,64091.94,5351676.82,INTRADAY_SQUAREOFF,0.015,122.25,0.000287,1528.18,8.49,1.81,6.68,6.68,8150.31,8156.99
525,BTC/INR,1h,LONG,2026-06-14 15:30:00+05:30,2026-06-15 00:30:00+05:30,64612.92,5395178.75,59443.89,80120.02,63743.81,5322608.25,INTRADAY_SQUAREOFF,0.015,122.35,0.000283,1529.44,-20.57,1.79,-22.37,-22.37,8156.99,8134.62
526,BTC/INR,1h,LONG,2026-06-15 05:30:00+05:30,2026-06-16 00:30:00+05:30,65794.89,5493873.22,60531.3,81585.66,66701.43,5569569.36,INTRADAY_SQUAREOFF,0.015,122.02,0.000278,1525.24,21.02,1.81,19.2,19.2,8134.62,8153.83
527,BTC/INR,1h,SHORT,2026-06-17 16:30:00+05:30,2026-06-18 00:30:00+05:30,64671.25,5400049.36,69844.95,49150.15,65540.34,5472618.69,INTRADAY_SQUAREOFF,0.015,122.31,0.000283,1528.84,-20.55,1.82,-22.36,-22.36,8153.83,8131.47
528,BTC/INR,1h,SHORT,2026-06-18 21:30:00+05:30,2026-06-19 00:30:00+05:30,62207.34,5194313.03,67183.93,47277.58,62662.28,5232300.73,INTRADAY_SQUAREOFF,0.015,121.97,0.000294,1524.65,-11.15,1.81,-12.96,-12.96,8131.47,8118.51
529,BTC/INR,1h,SHORT,2026-06-19 14:30:00+05:30,2026-06-20 00:30:00+05:30,62466.75,5215973.71,67464.09,47474.73,63073.82,5266664.13,INTRADAY_SQUAREOFF,0.015,121.78,0.000292,1522.22,-14.79,1.8,-16.6,-16.6,8118.51,8101.91
530,BTC/INR,1h,LONG,2026-06-21 01:30:00+05:30,2026-06-22 00:30:00+05:30,63931.95,5338317.83,58817.39,79275.62,64098.45,5352220.93,INTRADAY_SQUAREOFF,0.015,121.53,0.000285,1519.11,3.96,1.79,2.16,2.16,8101.91,8104.07
531,BTC/INR,1h,SHORT,2026-06-23 18:30:00+05:30,2026-06-24 00:30:00+05:30,62101.39,5185466.46,67069.51,47197.06,62177.35,5191809.09,INTRADAY_SQUAREOFF,0.015,121.56,0.000293,1519.51,-1.86,1.79,-3.65,-3.65,8104.07,8100.42
532,BTC/INR,1h,SHORT,2026-06-24 08:30:00+05:30,2026-06-25 00:30:00+05:30,62490.33,5217942.48,67489.56,47492.65,59571.04,4974181.85,INTRADAY_SQUAREOFF,0.015,121.51,0.000291,1518.83,70.95,1.75,69.2,69.2,8100.42,8169.62
533,BTC/INR,1h,SHORT,2026-06-25 06:30:00+05:30,2026-06-26 00:30:00+05:30,60614.16,5061282.21,65463.29,46066.76,59449.31,4964017.5,INTRADAY_SQUAREOFF,0.015,122.54,0.000303,1531.8,29.44,1.79,27.65,27.65,8169.62,8197.27
534,BTC/INR,1h,SHORT,2026-06-26 14:30:00+05:30,2026-06-27 00:30:00+05:30,60020.78,5011734.74,64822.44,45615.79,59595.81,4976250.49,INTRADAY_SQUAREOFF,0.015,122.96,0.000307,1536.99,10.88,1.81,9.08,9.08,8197.27,8206.35
535,BTC/INR,1h,SHORT,2026-06-28 20:30:00+05:30,2026-06-29 00:30:00+05:30,59894.2,5001165.54,64685.73,45519.59,59545.76,4972070.79,INTRADAY_SQUAREOFF,0.015,123.1,0.000308,1538.69,8.95,1.81,7.14,7.14,8206.35,8213.49
536,BTC/INR,1h,SHORT,2026-06-29 04:30:00+05:30,2026-06-30 00:30:00+05:30,58827.55,4912100.59,63533.76,44708.94,60229.01,5029122.3,INTRADAY_SQUAREOFF,0.015,123.2,0.000314,1540.03,-36.69,1.84,-38.53,-38.53,8213.49,8174.96
537,BTC/INR,1h,LONG,2026-07-02 03:30:00+05:30,2026-07-03 00:30:00+05:30,60815.69,5078110.4,55950.44,75411.46,61669.86,5149433.36,INTRADAY_SQUAREOFF,0.015,122.62,0.000302,1532.8,21.53,1.82,19.71,19.71,8174.96,8194.67
538,BTC/INR,1h,LONG,2026-07-03 20:30:00+05:30,2026-07-04 00:30:00+05:30,62228.62,5196089.63,57250.33,77163.49,62118.91,5186929.26,INTRADAY_SQUAREOFF,0.015,122.92,0.000296,1536.5,-2.71,1.81,-4.52,-4.52,8194.67,8190.15
539,BTC/INR,1h,LONG,2026-07-04 18:30:00+05:30,2026-07-05 00:30:00+05:30,62660.53,5232154.54,57647.69,77699.06,63081.79,5267329.87,INTRADAY_SQUAREOFF,0.015,122.85,0.000294,1535.65,10.32,1.82,8.51,8.51,8190.15,8198.65
540,BTC/INR,1h,LONG,2026-07-05 13:30:00+05:30,2026-07-06 00:30:00+05:30,63032.88,5263245.45,57990.25,78160.77,62714.39,5236651.47,INTRADAY_SQUAREOFF,0.015,122.98,0.000292,1537.25,-7.77,1.81,-9.58,-9.58,8198.65,8189.08
541,BTC/INR,1h,LONG,2026-07-06 03:30:00+05:30,2026-07-07 00:30:00+05:30,63194.93,5276776.93,58139.34,78361.72,63610.21,5311452.55,INTRADAY_SQUAREOFF,0.015,122.84,0.000291,1535.45,10.09,1.82,8.27,8.27,8189.08,8197.35
542,BTC/INR,1h,LONG,2026-07-07 12:30:00+05:30,2026-07-08 00:30:00+05:30,63379.67,5292202.78,58309.3,78590.8,63600.29,5310624.49,INTRADAY_SQUAREOFF,0.015,122.96,0.00029,1537.0,5.35,1.82,3.53,3.53,8197.35,8200.88
543,BTC/INR,1h,SHORT,2026-07-08 18:30:00+05:30,2026-07-09 00:30:00+05:30,61860.54,5165355.3,66809.39,47014.01,62165.16,5190790.6,INTRADAY_SQUAREOFF,0.015,123.01,0.000298,1537.67,-7.57,1.82,-9.39,-9.39,8200.88,8191.49
544,BTC/INR,1h,SHORT,2026-07-09 07:30:00+05:30,2026-07-10 00:30:00+05:30,61771.89,5157952.62,66713.64,46946.63,63195.58,5276831.1,INTRADAY_SQUAREOFF,0.015,122.87,0.000298,1535.9,-35.4,1.83,-37.23,-37.23,8191.49,8154.26
545,BTC/INR,1h,LONG,2026-07-10 07:30:00+05:30,2026-07-11 00:30:00+05:30,63922.93,5337564.97,58809.1,79264.44,63706.62,5319502.69,INTRADAY_SQUAREOFF,0.015,122.31,0.000286,1528.92,-5.17,1.8,-6.97,-6.97,8154.26,8147.28
546,BTC/INR,1h,LONG,2026-07-11 05:30:00+05:30,2026-07-12 00:30:00+05:30,64207.45,5361321.83,59070.85,79617.23,64249.85,5364862.25,INTRADAY_SQUAREOFF,0.015,122.21,0.000285,1527.62,1.01,1.8,-0.79,-0.79,8147.28,8146.49
547,BTC/INR,1h,SHORT,2026-07-12 10:30:00+05:30,2026-07-13 00:30:00+05:30,63875.52,5333605.5,68985.56,48545.39,64141.25,5355794.69,INTRADAY_SQUAREOFF,0.015,122.2,0.000286,1527.47,-6.35,1.81,-8.16,-8.16,8146.49,8138.33
548,BTC/INR,1h,SHORT,2026-07-13 03:30:00+05:30,2026-07-14 05:30:00+05:30,63815.86,5328624.09,68921.13,48500.05,62315.53,5203346.99,INTRADAY_SQUAREOFF,0.015,122.07,0.000286,1525.94,35.88,1.78,34.1,34.1,8138.33,8172.42
549,BTC/INR,1h,LONG,2026-07-14 20:30:00+05:30,2026-07-15 00:30:00+05:30,64308.47,5369756.94,59163.79,79742.5,64501.13,5385844.5,INTRADAY_SQUAREOFF,0.015,122.59,0.000285,1532.33,4.59,1.81,2.78,2.78,8172.42,8175.2
550,BTC/INR,1h,LONG,2026-07-15 05:30:00+05:30,2026-07-16 00:30:00+05:30,65033.99,5430338.08,59831.27,80642.15,64785.63,5409600.11,INTRADAY_SQUAREOFF,0.015,122.63,0.000282,1532.85,-5.85,1.81,-7.66,-7.66,8175.2,8167.54
551,BTC/INR,1h,LONG,2026-07-16 11:30:00+05:30,2026-07-17 00:30:00+05:30,64978.54,5425708.37,59780.26,80573.39,64156.73,5357086.61,INTRADAY_SQUAREOFF,0.015,122.51,0.000282,1531.41,-19.37,1.8,-21.16,-21.16,8167.54,8146.38
552,BTC/INR,1h,SHORT,2026-07-17 07:30:00+05:30,2026-07-18 00:30:00+05:30,63387.17,5292828.65,68458.14,48174.25,64245.22,5364475.53,INTRADAY_SQUAREOFF,0.015,122.2,0.000289,1527.45,-20.68,1.81,-22.49,-22.49,8146.38,8123.89
553,BTC/INR,1h,LONG,2026-07-18 09:30:00+05:30,2026-07-19 00:30:00+05:30,64009.55,5344797.21,58888.78,79371.84,64439.8,5380722.9,INTRADAY_SQUAREOFF,0.015,121.86,0.000285,1523.23,10.24,1.8,8.44,8.44,8123.89,8132.32
554,BTC/INR,1h,LONG,2026-07-19 19:30:00+05:30,2026-07-20 00:30:00+05:30,64502.5,5385959.14,59342.3,79983.11,64355.79,5373708.82,INTRADAY_SQUAREOFF,0.015,121.98,0.000283,1524.81,-3.47,1.8,-5.27,-5.27,8132.32,8127.06
555,BTC/INR,1h,LONG,2026-07-20 05:30:00+05:30,2026-07-21 00:30:00+05:30,64758.74,5407354.96,59578.04,80300.84,65159.72,5440836.97,INTRADAY_SQUAREOFF,0.015,121.91,0.000282,1523.82,9.44,1.8,7.63,7.63,8127.06,8134.69
556,BTC/INR,1h,LONG,2026-07-21 02:30:00+05:30,2026-07-22 00:30:00+05:30,65423.25,5462841.7,60189.39,81124.83,66245.52,5531500.66,INTRADAY_SQUAREOFF,0.015,122.02,0.000279,1525.25,19.17,1.81,17.36,17.36,8134.69,8152.05
557,BTC/INR,1h,LONG,2026-07-22 05:30:00+05:30,2026-07-23 00:30:00+05:30,66566.16,5558274.12,61240.86,82542.03,65830.18,5496819.85,INTRADAY_SQUAREOFF,0.015,122.28,0.000275,1528.51,-16.9,1.79,-18.69,-18.69,8152.05,8133.36
558,BTC/INR,1h,SHORT,2026-07-23 07:30:00+05:30,2026-07-24 00:30:00+05:30,65693.18,5485380.2,70948.63,49926.81,64855.46,5415431.1,INTRADAY_SQUAREOFF,0.015,122.0,0.000278,1525.0,19.45,1.79,17.66,17.66,8133.36,8151.01
559,BTC/INR,1h,SHORT,2026-07-24 14:30:00+05:30,2026-07-25 00:30:00+05:30,65224.39,5446236.65,70442.34,49570.54,64254.76,5365272.44,INTRADAY_SQUAREOFF,0.015,122.27,0.000281,1528.32,22.72,1.79,20.93,20.93,8151.01,8171.94
560,BTC/INR,1h,SHORT,2026-07-25 06:30:00+05:30,2026-07-26 00:30:00+05:30,63952.23,5340010.92,69068.4,48603.69,64394.09,5376906.61,INTRADAY_SQUAREOFF,0.015,122.58,0.000287,1532.24,-10.59,1.81,-12.4,-12.4,8171.94,8159.54
561,BTC/INR,1h,LONG,2026-07-26 04:30:00+05:30,2026-07-27 00:30:00+05:30,64401.88,5377557.32,59249.73,79858.34,64653.85,5398596.33,INTRADAY_SQUAREOFF,0.015,122.39,0.000284,1529.91,5.99,1.81,4.18,4.18,8159.54,8163.72
562,BTC/INR,1h,LONG,2026-07-27 04:30:00+05:30,2026-07-28 00:30:00+05:30,65480.72,5467640.45,60242.27,81196.1,64782.6,5409347.45,INTRADAY_SQUAREOFF,0.015,122.46,0.00028,1530.7,-16.32,1.8,-18.12,-18.12,8163.72,8145.6
563,BTC/INR,1h,SHORT,2026-07-28 04:30:00+05:30,2026-07-29 00:30:00+05:30,63688.15,5317960.67,68783.2,48403.0,63688.41,5317981.94,INTRADAY_SQUAREOFF,0.015,122.18,0.000287,1527.3,-0.01,1.8,-1.81,-1.81,8145.6,8143.8
564,BTC/INR,1h,LONG,2026-07-29 15:30:00+05:30,2026-07-30 00:30:00+05:30,64674.1,5400287.53,59500.17,80195.89,64399.23,5377335.34,INTRADAY_SQUAREOFF,0.015,122.16,0.000283,1526.96,-6.49,1.8,-8.29,-8.29,8143.8,8135.51
565,BTC/INR,1h,SHORT,2026-07-31 19:30:00+05:30,2026-08-01 00:30:00+05:30,63128.55,5271233.83,68178.83,47977.7,63076.52,5266889.63,INTRADAY_SQUAREOFF,0.015,122.03,0.000289,1525.41,1.26,1.8,-0.54,-0.54,8135.51,8134.97
566,BTC/INR,1h,SHORT,2026-08-01 05:30:00+05:30,2026-08-02 00:30:00+05:30,62772.69,5241519.43,67794.5,47707.24,62538.88,5221996.71,INTRADAY_SQUAREOFF,0.015,122.02,0.000291,1525.31,5.68,1.8,3.88,3.88,8134.97,8138.85
567,BTC/INR,1h,LONG,2026-08-02 23:30:00+05:30,2026-08-03 01:30:00+05:30,63300.11,5285559.58,58236.11,78492.14,63356.06,5290230.69,INTRADAY_SQUAREOFF,0.015,122.08,0.000289,1526.03,1.35,1.8,-0.45,-0.45,8138.85,8138.4
568,BTC/INR,1h,SHORT,2026-08-03 12:30:00+05:30,2026-08-04 00:30:00+05:30,62497.61,5218550.81,67497.42,47498.19,63851.82,5331626.98,INTRADAY_SQUAREOFF,0.015,122.08,0.000292,1525.95,-33.06,1.82,-34.88,-34.88,8138.4,8103.51
569,BTC/INR,1h,LONG,2026-08-04 07:30:00+05:30,2026-08-05 00:30:00+05:30,63888.85,5334719.0,58777.74,79222.17,64219.09,5362293.63,INTRADAY_SQUAREOFF,0.015,121.55,0.000285,1519.41,7.85,1.8,6.06,6.06,8103.51,8109.57
570,BTC/INR,1h,LONG,2026-08-05 07:30:00+05:30,2026-08-06 00:30:00+05:30,64329.54,5371516.53,59183.18,79768.63,64700.63,5402502.9,INTRADAY_SQUAREOFF,0.015,121.64,0.000283,1520.54,8.77,1.8,6.97,6.97,8109.57,8116.54
571,BTC/INR,1h,LONG,2026-08-06 10:30:00+05:30,2026-08-07 00:30:00+05:30,64708.38,5403149.49,59531.71,80238.39,64325.81,5371205.08,INTRADAY_SQUAREOFF,0.015,121.75,0.000282,1521.85,-9.0,1.79,-10.79,-10.79,8116.54,8105.75
572,BTC/INR,1h,SHORT,2026-08-10 21:30:00+05:30,2026-08-11 00:30:00+05:30,64113.43,5353471.18,69242.5,48726.2,63847.25,5331245.17,INTRADAY_SQUAREOFF,0.015,121.59,0.000284,1519.83,6.31,1.79,4.52,4.52,8105.75,8110.27
573,BTC/INR,1h,SHORT,2026-08-11 03:30:00+05:30,2026-08-12 00:30:00+05:30,63871.35,5333257.65,68981.06,48542.23,63322.93,5287464.4,INTRADAY_SQUAREOFF,0.015,121.65,0.000285,1520.68,13.06,1.79,11.27,11.27,8110.27,8121.54
574,BTC/INR,1h,SHORT,2026-08-13 21:30:00+05:30,2026-08-14 00:30:00+05:30,63322.82,5287455.7,68388.65,48125.35,63271.61,5283179.29,INTRADAY_SQUAREOFF,0.015,121.82,0.000288,1522.79,1.23,1.8,-0.56,-0.56,8121.54,8120.98
575,BTC/INR,1h,SHORT,2026-08-14 09:30:00+05:30,2026-08-15 00:30:00+05:30,63206.88,5277774.54,68263.43,48037.23,62887.34,5251092.73,INTRADAY_SQUAREOFF,0.015,121.81,0.000289,1522.68,7.7,1.79,5.91,5.91,8120.98,8126.89
576,BTC/INR,1h,SHORT,2026-08-15 14:30:00+05:30,2026-08-16 00:30:00+05:30,62831.7,5246446.73,67858.23,47752.09,63020.62,5262221.41,INTRADAY_SQUAREOFF,0.015,121.9,0.00029,1523.79,-4.58,1.8,-6.38,-6.38,8126.89,8120.5
577,BTC/INR,1h,SHORT,2026-08-16 05:30:00+05:30,2026-08-17 00:30:00+05:30,62982.61,5259048.27,68021.22,47866.79,63105.84,5269337.47,INTRADAY_SQUAREOFF,0.015,121.81,0.00029,1522.59,-2.98,1.8,-4.78,-4.78,8120.5,8115.73
578,BTC/INR,1h,LONG,2026-08-17 12:30:00+05:30,2026-08-18 00:30:00+05:30,63685.18,5317712.38,58590.36,78969.62,64327.72,5371364.49,INTRADAY_SQUAREOFF,0.015,121.74,0.000286,1521.7,15.35,1.8,13.55,13.55,8115.73,8129.27
579,BTC/INR,1h,LONG,2026-08-18 05:30:00+05:30,2026-08-19 00:30:00+05:30,64557.03,5390512.16,59392.47,80050.72,64696.69,5402173.3,INTRADAY_SQUAREOFF,0.015,121.94,0.000283,1524.24,3.3,1.8,1.5,1.5,8129.27,8130.77
580,BTC/INR,1h,LONG,2026-08-19 16:30:00+05:30,2026-08-20 00:30:00+05:30,64436.98,5380488.13,59282.02,79901.86,68346.92,5706967.72,INTRADAY_SQUAREOFF,0.015,121.96,0.000283,1524.52,92.51,1.85,90.65,90.65,8130.77,8221.42
581,BTC/INR,1h,LONG,2026-08-20 10:30:00+05:30,2026-08-21 00:30:00+05:30,69568.19,5808943.75,64002.73,86264.55,72382.58,6043945.4,INTRADAY_SQUAREOFF,0.015,123.32,0.000265,1541.52,62.36,1.86,60.51,60.51,8221.42,8281.93
582,BTC/INR,1h,LONG,2026-08-21 11:30:00+05:30,2026-08-22 00:30:00+05:30,75498.05,6304087.21,69458.21,93617.58,77106.33,6438378.22,INTRADAY_SQUAREOFF,0.015,124.23,0.000246,1552.86,33.08,1.85,31.23,31.23,8281.93,8313.16
583,BTC/INR,1h,LONG,2026-08-22 02:30:00+05:30,2026-08-23 00:30:00+05:30,77557.0,6476009.61,71352.44,96170.68,77223.28,6448143.49,INTRADAY_SQUAREOFF,0.015,124.7,0.000241,1558.72,-6.71,1.84,-8.54,-8.54,8313.16,8304.61
584,BTC/INR,1h,LONG,2026-08-24 12:30:00+05:30,2026-08-25 00:30:00+05:30,77558.02,6476094.46,71353.38,96171.94,78905.13,6588578.29,INTRADAY_SQUAREOFF,0.015,124.57,0.00024,1557.12,27.05,1.85,25.19,25.19,8304.61,8329.81
585,BTC/INR,1h,LONG,2026-08-25 06:30:00+05:30,2026-08-26 00:30:00+05:30,79919.97,6673317.6,73526.37,99100.76,79081.25,6603284.55,INTRADAY_SQUAREOFF,0.015,124.95,0.000234,1561.84,-16.39,1.83,-18.22,-18.22,8329.81,8311.58
586,BTC/INR,1h,SHORT,2026-08-26 05:30:00+05:30,2026-08-27 00:30:00+05:30,78349.87,6542213.98,84617.86,59545.9,78495.27,6554354.8,INTRADAY_SQUAREOFF,0.015,124.67,0.000238,1558.42,-2.89,1.84,-4.73,-4.73,8311.58,8306.85
587,BTC/INR,1h,LONG,2026-08-28 06:30:00+05:30,2026-08-29 00:30:00+05:30,80761.1,6743552.06,74300.21,100143.77,77505.86,6471739.35,INTRADAY_SQUAREOFF,0.015,124.6,0.000231,1557.53,-62.78,1.8,-64.58,-64.58,8306.85,8242.27
588,BTC/INR,1h,SHORT,2026-08-29 09:30:00+05:30,2026-08-30 00:30:00+05:30,77462.28,6468100.44,83659.26,58871.33,78192.07,6529037.74,INTRADAY_SQUAREOFF,0.015,123.63,0.000239,1545.43,-14.56,1.83,-16.39,-16.39,8242.27,8225.88
589,BTC/INR,1h,LONG,2026-08-30 22:30:00+05:30,2026-08-31 00:30:00+05:30,79420.03,6631572.83,73066.43,98480.84,78988.53,6595542.49,INTRADAY_SQUAREOFF,0.015,123.39,0.000233,1542.35,-8.38,1.82,-10.19,-10.19,8225.88,8215.68
590,BTC/INR,1h,SHORT,2026-08-31 17:30:00+05:30,2026-09-01 00:30:00+05:30,78228.94,6532116.18,84487.25,59453.99,79048.0,6600508.35,INTRADAY_SQUAREOFF,0.015,123.24,0.000236,1540.44,-16.13,1.83,-17.96,-17.96,8215.68,8197.73
591,BTC/INR,1h,SHORT,2026-09-01 04:30:00+05:30,2026-09-02 00:30:00+05:30,78515.76,6556066.09,84797.02,59671.98,77165.43,6443313.46,INTRADAY_SQUAREOFF,0.015,122.97,0.000234,1537.07,26.43,1.8,24.64,24.64,8197.73,8222.36
592,BTC/INR,1h,SHORT,2026-09-02 14:30:00+05:30,2026-09-03 00:30:00+05:30,76663.14,6401372.31,82796.19,58263.99,77378.44,6461100.02,INTRADAY_SQUAREOFF,0.015,123.34,0.000241,1541.69,-14.38,1.83,-16.21,-16.21,8222.36,8206.15
593,BTC/INR,1h,SHORT,2026-09-03 04:30:00+05:30,2026-09-04 00:30:00+05:30,76951.15,6425420.67,83107.24,58482.87,81295.21,6788149.65,INTRADAY_SQUAREOFF,0.015,123.09,0.000239,1538.65,-86.86,1.87,-88.73,-88.73,8206.15,8117.42
594,BTC/INR,1h,LONG,2026-09-04 14:30:00+05:30,2026-09-05 00:30:00+05:30,81265.25,6785648.62,74764.03,100768.91,79596.76,6646329.45,INTRADAY_SQUAREOFF,0.015,121.76,0.000224,1522.02,-31.25,1.78,-33.03,-33.03,8117.42,8084.4
595,BTC/INR,1h,SHORT,2026-09-05 06:30:00+05:30,2026-09-06 00:30:00+05:30,79534.68,6641145.91,85897.46,60446.36,80034.27,6682861.59,INTRADAY_SQUAREOFF,0.015,121.27,0.000228,1515.82,-9.52,1.79,-11.32,-11.32,8084.4,8073.08
596,BTC/INR,1h,SHORT,2026-09-07 19:30:00+05:30,2026-09-08 00:30:00+05:30,79269.92,6619037.95,85611.51,60245.14,79234.62,6616090.85,INTRADAY_SQUAREOFF,0.015,121.1,0.000229,1513.7,0.67,1.79,-1.11,-1.11,8073.08,8071.97
597,BTC/INR,1h,SHORT,2026-09-08 03:30:00+05:30,2026-09-09 00:30:00+05:30,79099.92,6604843.52,85427.92,60115.94,78492.09,6554089.16,INTRADAY_SQUAREOFF,0.015,121.08,0.000229,1513.49,11.63,1.78,9.85,9.85,8071.97,8081.82
598,BTC/INR,1h,LONG,2026-09-09 17:30:00+05:30,2026-09-10 00:30:00+05:30,79386.2,6628748.08,73035.31,98438.89,78360.31,6543085.72,INTRADAY_SQUAREOFF,0.015,121.23,0.000229,1515.34,-19.58,1.78,-21.36,-21.36,8081.82,8060.46
599,BTC/INR,1h,SHORT,2026-09-10 15:30:00+05:30,2026-09-11 00:30:00+05:30,77864.36,6501674.13,84093.51,59176.91,77245.67,6450013.11,INTRADAY_SQUAREOFF,0.015,120.91,0.000232,1511.34,12.01,1.78,10.23,10.23,8060.46,8070.69
600,BTC/INR,1h,SHORT,2026-09-11 04:30:00+05:30,2026-09-12 00:30:00+05:30,76747.28,6408397.8,82887.06,58327.93,77084.92,6436590.96,INTRADAY_SQUAREOFF,0.015,121.06,0.000236,1513.26,-6.66,1.79,-8.45,-8.45,8070.69,8062.25
601,BTC/INR,1h,LONG,2026-09-12 14:30:00+05:30,2026-09-13 00:30:00+05:30,77395.21,6462499.99,71203.59,95970.06,77087.72,6436824.46,INTRADAY_SQUAREOFF,0.015,120.93,0.000234,1511.67,-6.01,1.78,-7.79,-7.79,8062.25,8054.46
602,BTC/INR,1h,LONG,2026-09-13 03:30:00+05:30,2026-09-14 00:30:00+05:30,77300.57,6454597.47,71116.52,95852.7,77273.67,6452351.61,INTRADAY_SQUAREOFF,0.015,120.82,0.000234,1510.21,-0.53,1.78,-2.31,-2.31,8054.46,8052.15
603,BTC/INR,1h,LONG,2026-09-14 13:30:00+05:30,2026-09-15 00:30:00+05:30,77898.08,6504489.51,71666.23,96593.62,79160.4,6609893.4,INTRADAY_SQUAREOFF,0.015,120.78,0.000232,1509.78,24.47,1.8,22.67,22.67,8052.15,8074.82
604,BTC/INR,1h,SHORT,2026-09-16 03:30:00+05:30,2026-09-17 00:30:00+05:30,75309.98,6288383.53,81334.78,57235.59,75608.21,6313285.94,INTRADAY_SQUAREOFF,0.015,121.12,0.000241,1514.03,-6.0,1.79,-7.79,-7.79,8074.82,8067.04
605,BTC/INR,1h,SHORT,2026-09-17 03:30:00+05:30,2026-09-18 00:30:00+05:30,75819.67,6330942.68,81885.25,57622.95,76544.65,6391478.41,INTRADAY_SQUAREOFF,0.015,121.01,0.000239,1512.57,-14.46,1.79,-16.26,-16.26,8067.04,8050.78
606,BTC/INR,1h,LONG,2026-09-18 13:30:00+05:30,2026-09-19 00:30:00+05:30,77812.66,6497357.14,71587.65,96487.7,80889.14,6754242.92,INTRADAY_SQUAREOFF,0.015,120.76,0.000232,1509.52,59.68,1.82,57.87,57.87,8050.78,8108.65
607,BTC/INR,1h,LONG,2026-09-19 06:30:00+05:30,2026-09-20 00:30:00+05:30,81716.81,6823354.01,75179.47,101328.85,81386.61,6795781.66,INTRADAY_SQUAREOFF,0.015,121.63,0.000223,1520.37,-6.14,1.79,-7.93,-7.93,8108.65,8100.71
608,BTC/INR,1h,LONG,2026-09-20 04:30:00+05:30,2026-09-21 00:30:00+05:30,81278.16,6786726.18,74775.91,100784.92,80999.47,6763455.93,INTRADAY_SQUAREOFF,0.015,121.51,0.000224,1518.88,-5.21,1.79,-7.0,-7.0,8100.71,8093.72
609,BTC/INR,1h,LONG,2026-09-21 13:30:00+05:30,2026-09-22 00:30:00+05:30,81756.24,6826646.08,75215.74,101377.74,86033.65,7183809.7,INTRADAY_SQUAREOFF,0.015,121.41,0.000222,1517.57,79.4,1.84,77.56,77.56,8093.72,8171.28
610,BTC/INR,1h,LONG,2026-09-22 14:30:00+05:30,2026-09-23 00:30:00+05:30,86374.71,7212288.51,79464.74,107104.64,86431.22,7217006.53,INTRADAY_SQUAREOFF,0.015,122.57,0.000212,1532.11,1.0,1.81,-0.81,-0.81,8171.28,8170.47
611,BTC/INR,1h,LONG,2026-09-23 10:30:00+05:30,2026-09-23 23:30:00+05:30,87324.49,7291595.08,80338.53,108282.37,84171.92,7028355.67,END_OF_DATA,0.015,122.56,0.00021,1531.96,-55.31,1.78,-57.08,-57.08,8170.47,8113.39
