trade_no,coin,timeframe,direction,entry_time,exit_time,entry_price_usd,entry_price_inr,stop_price_usd,target_price_usd,exit_price_usd,exit_price_inr,exit_reason,risk_pct,risk_inr,position_size_coin,position_size_inr,gross_pnl_inr,fees_inr,net_pnl_inr,net_pnl,equity_before,equity_after
1,ETH/INR,1h,LONG,2024-09-27 06:30:00+05:30,2024-09-28 00:30:00+05:30,2642.67,220662.56,2431.25,3065.49,2700.77,225514.05,INTRADAY_SQUAREOFF,0.02,200.0,0.01133,2500.0,54.97,2.98,51.98,51.98,10000.0,10051.98
2,ETH/INR,1h,LONG,2024-09-28 04:30:00+05:30,2024-09-29 00:30:00+05:30,2709.34,226229.73,2492.59,3142.83,2674.46,223317.43,INTRADAY_SQUAREOFF,0.02,201.04,0.011108,2513.0,-32.35,2.95,-35.3,-35.3,10051.98,10016.69
3,ETH/INR,1h,SHORT,2024-09-30 02:30:00+05:30,2024-10-01 00:30:00+05:30,2657.87,221931.99,2870.5,2232.61,2589.83,216250.88,INTRADAY_SQUAREOFF,0.02,200.33,0.011284,2504.17,64.1,2.92,61.19,61.19,10016.69,10077.87
4,ETH/INR,1h,SHORT,2024-10-02 15:30:00+05:30,2024-10-03 00:30:00+05:30,2446.89,204315.37,2642.64,2055.39,2391.33,199675.82,INTRADAY_SQUAREOFF,0.02,201.56,0.012331,2519.47,57.21,2.94,54.27,54.27,10077.87,10132.14
5,ETH/INR,1h,SHORT,2024-10-03 11:30:00+05:30,2024-10-04 00:30:00+05:30,2381.77,198877.85,2572.31,2000.69,2345.34,195835.83,INTRADAY_SQUAREOFF,0.02,202.64,0.012737,2533.04,38.75,2.97,35.78,35.78,10132.14,10167.92
6,ETH/INR,1h,SHORT,2024-10-04 06:30:00+05:30,2024-10-05 00:30:00+05:30,2338.94,195301.09,2526.05,1964.71,2432.23,203091.36,INTRADAY_SQUAREOFF,0.02,203.36,0.013016,2541.98,-101.4,3.06,-104.46,-104.46,10167.92,10063.47
7,ETH/INR,1h,LONG,2024-10-05 06:30:00+05:30,2024-10-06 00:30:00+05:30,2425.44,202524.37,2231.41,2813.51,2401.15,200496.36,INTRADAY_SQUAREOFF,0.02,201.27,0.012423,2515.87,-25.19,2.95,-28.15,-28.15,10063.47,10035.32
8,ETH/INR,1h,LONG,2024-10-06 17:30:00+05:30,2024-10-07 00:30:00+05:30,2430.84,202975.35,2236.38,2819.78,2444.87,204146.48,INTRADAY_SQUAREOFF,0.02,200.71,0.01236,2508.83,14.48,2.97,11.51,11.51,10035.32,10046.83
9,ETH/INR,1h,SHORT,2024-10-08 04:30:00+05:30,2024-10-09 00:30:00+05:30,2413.96,201565.75,2607.08,2027.73,2436.5,203447.49,INTRADAY_SQUAREOFF,0.02,200.94,0.012461,2511.71,-23.45,2.98,-26.43,-26.43,10046.83,10020.4
10,ETH/INR,1h,SHORT,2024-10-09 04:30:00+05:30,2024-10-10 00:30:00+05:30,2438.62,203624.56,2633.71,2048.44,2413.49,201526.5,INTRADAY_SQUAREOFF,0.02,200.41,0.012303,2505.1,25.81,2.94,22.87,22.87,10020.4,10043.27
11,ETH/INR,1h,SHORT,2024-10-10 02:30:00+05:30,2024-10-11 00:30:00+05:30,2354.46,196597.36,2542.82,1977.75,2355.56,196689.53,INTRADAY_SQUAREOFF,0.02,200.87,0.012771,2510.82,-1.18,2.96,-4.14,-4.14,10043.27,10039.13
12,ETH/INR,1h,SHORT,2024-10-11 14:30:00+05:30,2024-10-12 00:30:00+05:30,2400.07,200406.12,2592.08,2016.06,2446.23,204259.99,INTRADAY_SQUAREOFF,0.02,200.78,0.012523,2509.78,-48.26,2.99,-51.25,-51.25,10039.13,9987.88
13,ETH/INR,1h,LONG,2024-10-12 06:30:00+05:30,2024-10-13 00:30:00+05:30,2448.93,204485.75,2253.02,2840.76,2468.11,206086.92,INTRADAY_SQUAREOFF,0.02,199.76,0.012211,2496.97,19.55,2.96,16.59,16.59,9987.88,10004.47
14,ETH/INR,1h,LONG,2024-10-13 03:30:00+05:30,2024-10-14 00:30:00+05:30,2480.23,207099.16,2281.81,2877.07,2442.83,203976.3,INTRADAY_SQUAREOFF,0.02,200.09,0.012077,2501.12,-37.71,2.93,-40.64,-40.64,10004.47,9963.83
15,ETH/INR,1h,SHORT,2024-10-14 06:30:00+05:30,2024-10-15 00:30:00+05:30,2448.86,204479.46,2644.76,2057.04,2629.64,219574.66,INTRADAY_SQUAREOFF,0.02,199.28,0.012182,2490.96,-183.89,3.05,-186.94,-186.94,9963.83,9776.89
16,ETH/INR,1h,LONG,2024-10-15 04:30:00+05:30,2024-10-16 00:30:00+05:30,2650.52,221318.78,2438.48,3074.61,2591.64,216402.23,INTRADAY_SQUAREOFF,0.02,195.54,0.011044,2444.22,-54.3,2.85,-57.15,-57.15,9776.89,9719.74
17,ETH/INR,1h,SHORT,2024-10-16 19:30:00+05:30,2024-10-17 00:30:00+05:30,2602.75,217329.54,2810.97,2186.31,2618.76,218666.53,INTRADAY_SQUAREOFF,0.02,194.39,0.011181,2429.94,-14.95,2.88,-17.82,-17.82,9719.74,9701.92
18,ETH/INR,1h,SHORT,2024-10-17 05:30:00+05:30,2024-10-18 00:30:00+05:30,2608.68,217825.18,2817.38,2191.3,2587.79,216080.27,INTRADAY_SQUAREOFF,0.02,194.04,0.011135,2425.48,19.43,2.85,16.58,16.58,9701.92,9718.5
19,ETH/INR,1h,SHORT,2024-10-18 06:30:00+05:30,2024-10-19 00:30:00+05:30,2594.98,216680.91,2802.58,2179.78,2664.61,222494.71,INTRADAY_SQUAREOFF,0.02,194.37,0.011213,2429.62,-65.19,2.91,-68.1,-68.1,9718.5,9650.4
20,ETH/INR,1h,LONG,2024-10-19 08:30:00+05:30,2024-10-20 00:30:00+05:30,2648.15,221120.9,2436.3,3071.86,2640.36,220470.31,INTRADAY_SQUAREOFF,0.02,193.01,0.010911,2412.6,-7.1,2.84,-9.94,-9.94,9650.4,9640.46
21,ETH/INR,1h,LONG,2024-10-20 04:30:00+05:30,2024-10-21 00:30:00+05:30,2653.71,221584.8,2441.41,3078.3,2699.99,225448.89,INTRADAY_SQUAREOFF,0.02,192.81,0.010877,2410.11,42.03,2.87,39.16,39.16,9640.46,9679.62
22,ETH/INR,1h,LONG,2024-10-21 02:30:00+05:30,2024-10-22 00:30:00+05:30,2718.03,226955.09,2500.58,3152.91,2664.19,222459.7,INTRADAY_SQUAREOFF,0.02,193.59,0.010662,2419.9,-47.93,2.83,-50.76,-50.76,9679.62,9628.86
23,ETH/INR,1h,SHORT,2024-10-22 05:30:00+05:30,2024-10-23 00:30:00+05:30,2664.29,222468.5,2877.44,2238.01,2622.02,218938.43,INTRADAY_SQUAREOFF,0.02,192.58,0.01082,2407.21,38.2,2.82,35.38,35.38,9628.86,9664.24
24,ETH/INR,1h,SHORT,2024-10-23 05:30:00+05:30,2024-10-24 00:30:00+05:30,2616.6,218486.26,2825.93,2197.95,2489.1,207839.51,INTRADAY_SQUAREOFF,0.02,193.28,0.011058,2416.06,117.73,2.78,114.95,114.95,9664.24,9779.19
25,ETH/INR,1h,SHORT,2024-10-24 03:30:00+05:30,2024-10-25 00:30:00+05:30,2500.04,208752.94,2700.04,2100.03,2525.9,210912.55,INTRADAY_SQUAREOFF,0.02,195.58,0.011711,2444.8,-25.29,2.9,-28.19,-28.19,9779.19,9751.0
26,ETH/INR,1h,LONG,2024-10-25 19:30:00+05:30,2024-10-26 00:30:00+05:30,2551.82,213077.19,2347.68,2960.11,2478.03,206915.64,INTRADAY_SQUAREOFF,0.02,195.02,0.011441,2437.75,-70.49,2.83,-73.33,-73.33,9751.0,9677.67
27,ETH/INR,1h,SHORT,2024-10-26 19:30:00+05:30,2024-10-27 00:30:00+05:30,2460.99,205492.43,2657.87,2067.23,2479.04,206999.75,INTRADAY_SQUAREOFF,0.02,193.55,0.011774,2419.42,-17.75,2.87,-20.61,-20.61,9677.67,9657.06
28,ETH/INR,1h,LONG,2024-10-28 03:30:00+05:30,2024-10-29 00:30:00+05:30,2515.08,210009.29,2313.87,2917.49,2502.75,208979.64,INTRADAY_SQUAREOFF,0.02,193.14,0.011496,2414.26,-11.84,2.84,-14.68,-14.68,9657.06,9642.38
29,ETH/INR,1h,LONG,2024-10-29 03:30:00+05:30,2024-10-30 00:30:00+05:30,2545.02,212509.16,2341.42,2952.22,2663.33,222388.22,INTRADAY_SQUAREOFF,0.02,192.85,0.011343,2410.6,112.06,2.91,109.15,109.15,9642.38,9751.53
30,ETH/INR,1h,LONG,2024-10-30 05:30:00+05:30,2024-10-31 00:30:00+05:30,2639.65,220410.83,2428.48,3061.99,2664.41,222478.04,INTRADAY_SQUAREOFF,0.02,195.03,0.011061,2437.88,22.86,2.89,19.97,19.97,9751.53,9771.51
31,ETH/INR,1h,LONG,2024-10-31 02:30:00+05:30,2024-11-01 00:30:00+05:30,2679.27,223718.87,2464.93,3107.95,2522.4,210620.63,INTRADAY_SQUAREOFF,0.02,195.43,0.010919,2442.88,-143.03,2.8,-145.82,-145.82,9771.51,9625.68
32,ETH/INR,1h,SHORT,2024-11-01 07:30:00+05:30,2024-11-02 00:30:00+05:30,2496.39,208448.57,2696.1,2096.97,2508.24,209437.98,INTRADAY_SQUAREOFF,0.02,192.51,0.011544,2406.42,-11.42,2.85,-14.27,-14.27,9625.68,9611.42
33,ETH/INR,1h,SHORT,2024-11-02 18:30:00+05:30,2024-11-03 00:30:00+05:30,2485.12,207507.49,2683.93,2087.5,2488.06,207752.77,INTRADAY_SQUAREOFF,0.02,192.23,0.01158,2402.85,-2.84,2.84,-5.68,-5.68,9611.42,9605.74
34,ETH/INR,1h,SHORT,2024-11-03 11:30:00+05:30,2024-11-04 00:30:00+05:30,2440.87,203812.34,2636.14,2050.33,2425.05,202491.78,INTRADAY_SQUAREOFF,0.02,192.11,0.011783,2401.43,15.56,2.82,12.74,12.74,9605.74,9618.47
35,ETH/INR,1h,LONG,2024-11-04 12:30:00+05:30,2024-11-05 00:30:00+05:30,2479.19,207012.15,2280.85,2875.86,2423.81,202388.05,INTRADAY_SQUAREOFF,0.02,192.37,0.011616,2404.62,-53.71,2.81,-56.52,-56.52,9618.47,9561.95
36,ETH/INR,1h,SHORT,2024-11-05 02:30:00+05:30,2024-11-06 00:30:00+05:30,2418.47,201942.03,2611.94,2031.51,2454.15,204921.94,INTRADAY_SQUAREOFF,0.02,191.24,0.011837,2390.49,-35.27,2.84,-38.12,-38.12,9561.95,9523.84
37,ETH/INR,1h,LONG,2024-11-06 15:30:00+05:30,2024-11-07 00:30:00+05:30,2630.36,219635.4,2419.93,3051.22,2678.69,223671.0,INTRADAY_SQUAREOFF,0.02,190.48,0.010841,2380.96,43.75,2.84,40.91,40.91,9523.84,9564.75
38,ETH/INR,1h,LONG,2024-11-07 04:30:00+05:30,2024-11-08 00:30:00+05:30,2741.11,228882.47,2521.82,3179.68,2880.69,240537.7,INTRADAY_SQUAREOFF,0.02,191.3,0.010447,2391.19,121.76,2.89,118.87,118.87,9564.75,9683.62
39,ETH/INR,1h,LONG,2024-11-08 07:30:00+05:30,2024-11-09 00:30:00+05:30,2930.75,244717.73,2696.29,3399.67,2959.72,247137.01,INTRADAY_SQUAREOFF,0.02,193.67,0.009893,2420.91,23.93,2.87,21.06,21.06,9683.62,9704.69
40,ETH/INR,1h,LONG,2024-11-09 05:30:00+05:30,2024-11-10 00:30:00+05:30,2964.59,247543.18,2727.42,3438.92,3048.32,254535.01,INTRADAY_SQUAREOFF,0.02,194.09,0.009801,2426.17,68.53,2.9,65.62,65.62,9704.69,9770.31
41,ETH/INR,1h,LONG,2024-11-10 04:30:00+05:30,2024-11-11 00:30:00+05:30,3142.71,262416.53,2891.3,3645.55,3219.03,268789.19,INTRADAY_SQUAREOFF,0.02,195.41,0.009308,2442.58,59.32,2.92,56.4,56.4,9770.31,9826.71
42,ETH/INR,1h,LONG,2024-11-12 04:30:00+05:30,2024-11-13 00:30:00+05:30,3347.65,279529.02,3079.84,3883.28,3285.71,274356.38,INTRADAY_SQUAREOFF,0.02,196.53,0.008789,2456.68,-45.46,2.87,-48.33,-48.33,9826.71,9778.38
43,ETH/INR,1h,SHORT,2024-11-15 02:30:00+05:30,2024-11-16 00:30:00+05:30,3098.56,258729.95,3346.45,2602.79,3021.36,252283.52,INTRADAY_SQUAREOFF,0.02,195.57,0.009448,2444.59,60.91,2.85,58.06,58.06,9778.38,9836.44
44,ETH/INR,1h,LONG,2024-11-17 00:30:00+05:30,2024-11-18 00:30:00+05:30,3184.42,265898.83,2929.66,3693.92,3081.01,257264.27,INTRADAY_SQUAREOFF,0.02,196.73,0.009248,2459.11,-79.85,2.85,-82.71,-82.71,9836.44,9753.73
45,ETH/INR,1h,SHORT,2024-11-18 02:30:00+05:30,2024-11-19 00:30:00+05:30,3066.72,256070.98,3312.06,2576.04,3167.8,264511.27,INTRADAY_SQUAREOFF,0.02,195.07,0.009522,2438.43,-80.37,2.92,-83.3,-83.3,9753.73,9670.43
46,ETH/INR,1h,LONG,2024-11-19 05:30:00+05:30,2024-11-20 00:30:00+05:30,3226.74,269433.06,2968.6,3743.02,3143.58,262488.83,INTRADAY_SQUAREOFF,0.02,193.41,0.008973,2417.61,-62.31,2.82,-65.13,-65.13,9670.43,9605.3
47,ETH/INR,1h,LONG,2024-11-20 05:30:00+05:30,2024-11-21 00:30:00+05:30,3118.19,260369.0,2868.74,3617.1,3050.9,254750.4,INTRADAY_SQUAREOFF,0.02,192.11,0.009223,2401.33,-51.82,2.8,-54.62,-54.62,9605.3,9550.68
48,ETH/INR,1h,LONG,2024-11-22 00:30:00+05:30,2024-11-23 00:30:00+05:30,3384.06,282568.67,3113.33,3925.5,3281.55,274009.69,INTRADAY_SQUAREOFF,0.02,191.01,0.00845,2387.67,-72.32,2.77,-75.1,-75.1,9550.68,9475.58
49,ETH/INR,1h,LONG,2024-11-24 07:30:00+05:30,2024-11-25 00:30:00+05:30,3440.32,287266.57,3165.09,3990.77,3327.24,277824.85,INTRADAY_SQUAREOFF,0.02,189.51,0.008246,2368.9,-77.86,2.75,-80.61,-80.61,9475.58,9394.97
50,ETH/INR,1h,LONG,2024-11-25 21:30:00+05:30,2024-11-26 00:30:00+05:30,3532.2,294938.5,3249.62,4097.35,3445.2,287674.48,INTRADAY_SQUAREOFF,0.02,187.9,0.007964,2348.74,-57.85,2.74,-60.58,-60.58,9394.97,9334.39
51,ETH/INR,1h,SHORT,2024-11-26 21:30:00+05:30,2024-11-27 00:30:00+05:30,3297.1,275308.23,3560.87,2769.57,3284.66,274269.07,INTRADAY_SQUAREOFF,0.02,186.69,0.008476,2333.6,8.81,2.75,6.06,6.06,9334.39,9340.45
52,ETH/INR,1h,SHORT,2024-11-27 06:30:00+05:30,2024-11-27 20:30:00+05:30,3305.63,276020.46,3570.08,2776.73,3571.87,298251.14,STOP_LOSS,0.02,186.81,0.00846,2335.11,-188.07,2.87,-190.94,-190.94,9340.45,9149.51
53,ETH/INR,1h,LONG,2024-11-28 00:30:00+05:30,2024-11-29 00:30:00+05:30,3597.94,300428.15,3310.11,4173.61,3577.07,298685.46,INTRADAY_SQUAREOFF,0.02,182.99,0.007614,2287.38,-13.27,2.69,-15.96,-15.96,9149.51,9133.55
54,ETH/INR,1h,LONG,2024-11-30 11:30:00+05:30,2024-12-01 00:30:00+05:30,3695.96,308613.01,3400.29,4287.32,3669.71,306421.02,INTRADAY_SQUAREOFF,0.02,182.67,0.007399,2283.39,-16.22,2.68,-18.9,-18.9,9133.55,9114.65
55,ETH/INR,1h,LONG,2024-12-01 20:30:00+05:30,2024-12-02 00:30:00+05:30,3714.98,310200.78,3417.78,4309.38,3712.17,309966.22,INTRADAY_SQUAREOFF,0.02,182.29,0.007346,2278.66,-1.72,2.69,-4.41,-4.41,9114.65,9110.24
56,ETH/INR,1h,LONG,2024-12-02 07:30:00+05:30,2024-12-03 00:30:00+05:30,3739.57,312254.28,3440.41,4337.9,3620.61,302321.3,INTRADAY_SQUAREOFF,0.02,182.2,0.007294,2277.56,-72.45,2.64,-75.1,-75.1,9110.24,9035.15
57,ETH/INR,1h,SHORT,2024-12-03 12:30:00+05:30,2024-12-04 00:30:00+05:30,3632.29,303296.59,3922.88,3051.13,3581.95,299093.15,INTRADAY_SQUAREOFF,0.02,180.7,0.007447,2258.79,31.3,2.65,28.66,28.66,9035.15,9063.8
58,ETH/INR,1h,LONG,2024-12-04 15:30:00+05:30,2024-12-05 00:30:00+05:30,3734.55,311835.14,3435.79,4332.08,3827.84,319624.29,INTRADAY_SQUAREOFF,0.02,181.28,0.007267,2265.95,56.6,2.71,53.89,53.89,9063.8,9117.7
59,ETH/INR,1h,LONG,2024-12-05 14:30:00+05:30,2024-12-06 00:30:00+05:30,3925.41,327771.71,3611.38,4553.48,3870.04,323148.02,INTRADAY_SQUAREOFF,0.02,182.35,0.006954,2279.42,-32.15,2.67,-34.83,-34.83,9117.7,9082.87
60,ETH/INR,1h,SHORT,2024-12-06 14:30:00+05:30,2024-12-07 00:30:00+05:30,3880.19,323996.15,4190.61,3259.36,4059.82,338995.25,INTRADAY_SQUAREOFF,0.02,181.66,0.007008,2270.72,-105.12,2.74,-107.86,-107.86,9082.87,8975.01
61,ETH/INR,1h,LONG,2024-12-07 10:30:00+05:30,2024-12-08 00:30:00+05:30,4007.06,334589.89,3686.5,4648.19,4011.56,334965.21,INTRADAY_SQUAREOFF,0.02,179.5,0.006706,2243.75,2.52,2.65,-0.13,-0.13,8975.01,8974.88
62,ETH/INR,1h,SHORT,2024-12-09 14:30:00+05:30,2024-12-10 00:30:00+05:30,3863.19,322576.22,4172.24,3245.08,3838.87,320545.25,INTRADAY_SQUAREOFF,0.02,179.5,0.006956,2243.72,14.13,2.64,11.49,11.49,8974.88,8986.36
63,ETH/INR,1h,SHORT,2024-12-10 18:30:00+05:30,2024-12-11 00:30:00+05:30,3667.39,306227.15,3960.78,3080.61,3582.41,299131.21,INTRADAY_SQUAREOFF,0.02,179.73,0.007336,2246.59,52.06,2.62,49.44,49.44,8986.36,9035.8
64,ETH/INR,1h,SHORT,2024-12-11 07:30:00+05:30,2024-12-12 00:30:00+05:30,3567.19,297860.42,3852.57,2996.44,3795.93,316960.07,INTRADAY_SQUAREOFF,0.02,180.72,0.007584,2258.95,-144.85,2.75,-147.6,-147.6,9035.8,8888.2
65,ETH/INR,1h,LONG,2024-12-12 04:30:00+05:30,2024-12-13 00:30:00+05:30,3848.99,321390.93,3541.07,4464.83,3920.34,327348.48,INTRADAY_SQUAREOFF,0.02,177.76,0.006914,2222.05,41.19,2.65,38.54,38.54,8888.2,8926.74
66,ETH/INR,1h,LONG,2024-12-13 18:30:00+05:30,2024-12-14 00:30:00+05:30,3932.63,328374.23,3618.02,4561.85,3911.88,326642.04,INTRADAY_SQUAREOFF,0.02,178.53,0.006796,2231.69,-11.77,2.63,-14.4,-14.4,8926.74,8912.34
67,ETH/INR,1h,LONG,2024-12-14 05:30:00+05:30,2024-12-15 00:30:00+05:30,3913.81,326802.8,3600.7,4540.01,3830.79,319870.92,INTRADAY_SQUAREOFF,0.02,178.25,0.006818,2228.09,-47.26,2.6,-49.86,-49.86,8912.34,8862.48
68,ETH/INR,1h,SHORT,2024-12-15 02:30:00+05:30,2024-12-16 00:30:00+05:30,3825.24,319407.15,4131.25,3213.2,3898.58,325531.67,INTRADAY_SQUAREOFF,0.02,177.25,0.006937,2215.62,-42.48,2.64,-45.12,-45.12,8862.48,8817.36
69,ETH/INR,1h,SHORT,2024-12-16 02:30:00+05:30,2024-12-17 00:30:00+05:30,3888.28,324671.66,4199.35,3266.16,4077.46,340468.24,INTRADAY_SQUAREOFF,0.02,176.35,0.006789,2204.34,-107.25,2.66,-109.91,-109.91,8817.36,8707.45
70,ETH/INR,1h,LONG,2024-12-17 09:30:00+05:30,2024-12-18 00:30:00+05:30,4042.2,337523.7,3718.82,4688.95,3928.68,328045.14,INTRADAY_SQUAREOFF,0.02,174.15,0.00645,2176.86,-61.13,2.53,-63.66,-63.66,8707.45,8643.78
71,ETH/INR,1h,SHORT,2024-12-18 07:30:00+05:30,2024-12-19 00:30:00+05:30,3838.63,320525.69,4145.72,3224.45,3897.98,325481.13,INTRADAY_SQUAREOFF,0.02,172.88,0.006742,2160.95,-33.41,2.57,-35.98,-35.98,8643.78,8607.8
72,ETH/INR,1h,SHORT,2024-12-19 05:30:00+05:30,2024-12-20 00:30:00+05:30,3617.74,302080.93,3907.15,3038.9,3517.4,293702.87,INTRADAY_SQUAREOFF,0.02,172.16,0.007124,2151.95,59.68,2.5,57.18,57.18,8607.8,8664.98
73,ETH/INR,1h,SHORT,2024-12-20 07:30:00+05:30,2024-12-21 00:30:00+05:30,3371.53,281522.44,3641.25,2832.08,3430.65,286459.6,INTRADAY_SQUAREOFF,0.02,173.3,0.007695,2166.25,-37.99,2.58,-40.57,-40.57,8664.98,8624.41
74,ETH/INR,1h,LONG,2024-12-21 04:30:00+05:30,2024-12-22 00:30:00+05:30,3478.8,290479.54,3200.49,4035.4,3358.04,280396.41,INTRADAY_SQUAREOFF,0.02,172.49,0.007423,2156.1,-74.84,2.5,-77.34,-77.34,8624.41,8547.07
75,ETH/INR,1h,SHORT,2024-12-22 10:30:00+05:30,2024-12-23 00:30:00+05:30,3311.26,276490.34,3576.16,2781.46,3309.86,276373.14,INTRADAY_SQUAREOFF,0.02,170.94,0.007728,2136.77,0.91,2.52,-1.62,-1.62,8547.07,8545.45
76,ETH/INR,1h,SHORT,2024-12-23 19:30:00+05:30,2024-12-24 00:30:00+05:30,3304.89,275958.07,3569.28,2776.11,3301.83,275702.79,INTRADAY_SQUAREOFF,0.02,170.91,0.007742,2136.36,1.98,2.52,-0.54,-0.54,8545.45,8544.91
77,ETH/INR,1h,LONG,2024-12-24 09:30:00+05:30,2024-12-25 00:30:00+05:30,3394.31,283424.93,3122.77,3937.4,3490.05,291419.48,INTRADAY_SQUAREOFF,0.02,170.9,0.007537,2136.23,60.26,2.56,57.7,57.7,8544.91,8602.61
78,ETH/INR,1h,LONG,2024-12-25 03:30:00+05:30,2024-12-26 00:30:00+05:30,3491.85,291569.15,3212.5,4050.54,3465.51,289370.31,INTRADAY_SQUAREOFF,0.02,172.05,0.007376,2150.65,-16.22,2.53,-18.75,-18.75,8602.61,8583.86
79,ETH/INR,1h,LONG,2024-12-26 05:30:00+05:30,2024-12-27 00:30:00+05:30,3498.89,292157.7,3218.98,4058.72,3331.63,278191.35,INTRADAY_SQUAREOFF,0.02,171.68,0.007345,2145.97,-102.59,2.47,-105.06,-105.06,8583.86,8478.81
80,ETH/INR,1h,SHORT,2024-12-27 13:30:00+05:30,2024-12-28 00:30:00+05:30,3316.41,276920.5,3581.73,2785.79,3358.97,280473.89,INTRADAY_SQUAREOFF,0.02,169.58,0.007655,2119.7,-27.2,2.52,-29.72,-29.72,8478.81,8449.09
81,ETH/INR,1h,LONG,2024-12-29 03:30:00+05:30,2024-12-30 00:30:00+05:30,3399.94,283895.34,3127.95,3943.94,3353.92,280052.63,INTRADAY_SQUAREOFF,0.02,168.98,0.00744,2112.27,-28.59,2.48,-31.07,-31.07,8449.09,8418.02
82,ETH/INR,1h,SHORT,2025-01-01 10:30:00+05:30,2025-01-02 00:30:00+05:30,3332.33,278249.81,3598.92,2799.16,3341.94,279051.88,INTRADAY_SQUAREOFF,0.02,168.36,0.007563,2104.51,-6.07,2.49,-8.55,-8.55,8418.02,8409.47
83,ETH/INR,1h,LONG,2025-01-02 13:30:00+05:30,2025-01-03 00:30:00+05:30,3417.96,285400.05,3144.53,3964.84,3460.08,288917.08,INTRADAY_SQUAREOFF,0.02,168.19,0.007366,2102.37,25.91,2.5,23.41,23.41,8409.47,8432.88
84,ETH/INR,1h,LONG,2025-01-03 05:30:00+05:30,2025-01-04 00:30:00+05:30,3453.48,288365.26,3177.2,4006.03,3605.16,301031.08,INTRADAY_SQUAREOFF,0.02,168.66,0.007311,2108.22,92.6,2.54,90.06,90.06,8432.88,8522.94
85,ETH/INR,1h,LONG,2025-01-04 17:30:00+05:30,2025-01-05 00:30:00+05:30,3603.87,300923.16,3315.56,4180.49,3624.22,302622.04,INTRADAY_SQUAREOFF,0.02,170.46,0.007081,2130.73,12.03,2.52,9.51,9.51,8522.94,8532.45
86,ETH/INR,1h,LONG,2025-01-05 20:30:00+05:30,2025-01-06 00:30:00+05:30,3627.67,302910.21,3337.45,4208.09,3627.47,302893.46,INTRADAY_SQUAREOFF,0.02,170.65,0.007042,2133.11,-0.12,2.52,-2.63,-2.63,8532.45,8529.81
87,ETH/INR,1h,LONG,2025-01-06 17:30:00+05:30,2025-01-07 00:30:00+05:30,3657.61,305410.26,3365.0,4242.83,3680.85,307351.39,INTRADAY_SQUAREOFF,0.02,170.6,0.006982,2132.45,13.55,2.52,11.03,11.03,8529.81,8540.84
88,ETH/INR,1h,LONG,2025-01-07 07:30:00+05:30,2025-01-08 00:30:00+05:30,3697.89,308774.06,3402.06,4289.56,3400.36,283930.1,STOP_LOSS,0.02,170.82,0.006915,2135.21,-171.8,2.42,-174.22,-174.22,8540.84,8366.62
89,ETH/INR,1h,SHORT,2025-01-08 12:30:00+05:30,2025-01-09 00:30:00+05:30,3305.57,276015.26,3570.02,2776.68,3291.25,274819.72,INTRADAY_SQUAREOFF,0.02,167.33,0.007578,2091.66,9.06,2.46,6.6,6.6,8366.62,8373.22
90,ETH/INR,1h,SHORT,2025-01-09 13:30:00+05:30,2025-01-10 00:30:00+05:30,3282.51,274089.95,3545.12,2757.31,3262.0,272376.76,INTRADAY_SQUAREOFF,0.02,167.46,0.007637,2093.31,13.08,2.46,10.62,10.62,8373.22,8383.84
91,ETH/INR,1h,SHORT,2025-01-11 02:30:00+05:30,2025-01-12 00:30:00+05:30,3258.72,272103.01,3519.42,2737.32,3278.19,273729.28,INTRADAY_SQUAREOFF,0.02,167.68,0.007703,2095.96,-12.53,2.48,-15.01,-15.01,8383.84,8368.83
92,ETH/INR,1h,LONG,2025-01-12 23:30:00+05:30,2025-01-13 01:30:00+05:30,3290.83,274784.56,3027.57,3817.37,3276.05,273550.19,INTRADAY_SQUAREOFF,0.02,167.38,0.007614,2092.21,-9.4,2.46,-11.86,-11.86,8368.83,8356.97
93,ETH/INR,1h,SHORT,2025-01-13 14:30:00+05:30,2025-01-14 00:30:00+05:30,3162.07,264032.5,3415.03,2656.14,3008.13,251178.49,INTRADAY_SQUAREOFF,0.02,167.14,0.007913,2089.24,101.71,2.41,99.31,99.31,8356.97,8456.28
94,ETH/INR,1h,LONG,2025-01-14 23:30:00+05:30,2025-01-15 01:30:00+05:30,3214.14,268380.91,2957.01,3728.41,3211.06,268123.63,INTRADAY_SQUAREOFF,0.02,169.13,0.007877,2114.07,-2.03,2.49,-4.52,-4.52,8456.28,8451.76
95,ETH/INR,1h,LONG,2025-01-15 04:30:00+05:30,2025-01-16 00:30:00+05:30,3240.11,270548.84,2980.9,3758.52,3371.23,281497.89,INTRADAY_SQUAREOFF,0.02,169.04,0.00781,2112.94,85.51,2.54,82.97,82.97,8451.76,8534.73
96,ETH/INR,1h,LONG,2025-01-16 05:30:00+05:30,2025-01-17 00:30:00+05:30,3453.01,288326.05,3176.77,4005.49,3323.57,277518.4,INTRADAY_SQUAREOFF,0.02,170.69,0.0074,2133.68,-79.98,2.47,-82.45,-82.45,8534.73,8452.28
97,ETH/INR,1h,LONG,2025-01-18 02:30:00+05:30,2025-01-18 15:30:00+05:30,3525.99,294420.32,3243.91,4090.15,3242.29,270731.26,STOP_LOSS,0.02,169.05,0.007177,2113.07,-170.02,2.39,-172.41,-172.41,8452.28,8279.86
98,ETH/INR,1h,SHORT,2025-01-18 22:30:00+05:30,2025-01-19 00:30:00+05:30,3253.33,271652.79,3513.59,2732.79,3264.32,272570.46,INTRADAY_SQUAREOFF,0.02,165.6,0.00762,2069.97,-6.99,2.45,-9.44,-9.44,8279.86,8270.43
99,ETH/INR,1h,SHORT,2025-01-19 10:30:00+05:30,2025-01-20 00:30:00+05:30,3277.97,273710.4,3540.21,2753.49,3427.39,286186.87,INTRADAY_SQUAREOFF,0.02,165.41,0.007554,2067.61,-94.25,2.5,-96.74,-96.74,8270.43,8173.68
100,ETH/INR,1h,SHORT,2025-01-23 04:30:00+05:30,2025-01-24 00:30:00+05:30,3234.72,270098.95,3493.5,2717.16,3241.98,270705.27,INTRADAY_SQUAREOFF,0.02,163.47,0.007565,2043.42,-4.59,2.41,-7.0,-7.0,8173.68,8166.68
101,ETH/INR,1h,LONG,2025-01-24 10:30:00+05:30,2025-01-25 00:30:00+05:30,3335.95,278551.59,3069.07,3869.7,3380.66,282285.12,INTRADAY_SQUAREOFF,0.02,163.33,0.00733,2041.67,27.37,2.43,24.94,24.94,8166.68,8191.62
102,ETH/INR,1h,SHORT,2025-01-27 10:30:00+05:30,2025-01-28 00:30:00+05:30,3154.48,263399.17,3406.84,2649.76,3054.84,255079.05,INTRADAY_SQUAREOFF,0.02,163.83,0.007775,2047.91,64.69,2.38,62.31,62.31,8191.62,8253.93
103,ETH/INR,1h,SHORT,2025-01-29 15:30:00+05:30,2025-01-30 00:30:00+05:30,3121.73,260664.5,3371.47,2622.25,3112.37,259882.54,INTRADAY_SQUAREOFF,0.02,165.08,0.007916,2063.48,6.19,2.43,3.76,3.76,8253.93,8257.69
104,ETH/INR,1h,SHORT,2025-01-30 05:30:00+05:30,2025-01-31 00:30:00+05:30,3110.88,259758.79,3359.75,2613.14,3271.25,273149.3,INTRADAY_SQUAREOFF,0.02,165.15,0.007947,2064.42,-106.42,2.5,-108.92,-108.92,8257.69,8148.77
105,ETH/INR,1h,LONG,2025-01-31 07:30:00+05:30,2025-02-01 00:30:00+05:30,3273.56,273342.41,3011.68,3797.33,3313.22,276653.97,INTRADAY_SQUAREOFF,0.02,162.98,0.007453,2037.19,24.68,2.42,22.26,22.26,8148.77,8171.03
106,ETH/INR,1h,SHORT,2025-02-01 19:30:00+05:30,2025-02-02 00:30:00+05:30,3241.67,270679.29,3501.0,2723.0,3244.63,270926.38,INTRADAY_SQUAREOFF,0.02,163.42,0.007547,2042.76,-1.86,2.41,-4.28,-4.28,8171.03,8166.76
107,ETH/INR,1h,SHORT,2025-02-02 09:30:00+05:30,2025-02-03 00:30:00+05:30,3071.17,256442.93,3316.87,2579.79,2912.83,243221.59,INTRADAY_SQUAREOFF,0.02,163.34,0.007962,2041.69,105.26,2.35,102.92,102.92,8166.76,8269.67
108,ETH/INR,1h,SHORT,2025-02-03 10:30:00+05:30,2025-02-03 20:30:00+05:30,2452.15,204754.18,2648.32,2059.8,2649.64,221245.08,STOP_LOSS,0.02,165.39,0.010097,2067.42,-166.51,2.54,-169.05,-169.05,8269.67,8100.63
109,ETH/INR,1h,LONG,2025-02-04 16:30:00+05:30,2025-02-05 00:30:00+05:30,2759.12,230386.69,2538.39,3200.58,2829.85,236292.7,INTRADAY_SQUAREOFF,0.02,162.01,0.00879,2025.16,51.92,2.42,49.49,49.49,8100.63,8150.12
110,ETH/INR,1h,LONG,2025-02-06 15:30:00+05:30,2025-02-07 00:30:00+05:30,2857.5,238601.21,2628.9,3314.7,2693.83,224934.55,INTRADAY_SQUAREOFF,0.02,163.0,0.008539,2037.53,-116.71,2.34,-119.04,-119.04,8150.12,8031.08
111,ETH/INR,1h,SHORT,2025-02-07 21:30:00+05:30,2025-02-08 00:30:00+05:30,2715.51,226745.27,2932.75,2281.03,2680.47,223819.48,INTRADAY_SQUAREOFF,0.02,160.62,0.008855,2007.77,25.91,2.35,23.55,23.55,8031.08,8054.63
112,ETH/INR,1h,SHORT,2025-02-08 11:30:00+05:30,2025-02-09 00:30:00+05:30,2615.7,218411.36,2824.96,2197.19,2633.64,219909.26,INTRADAY_SQUAREOFF,0.02,161.09,0.00922,2013.66,-13.81,2.38,-16.19,-16.19,8054.63,8038.44
113,ETH/INR,1h,SHORT,2025-02-09 04:30:00+05:30,2025-02-10 00:30:00+05:30,2625.89,219261.84,2835.96,2205.75,2638.65,220327.46,INTRADAY_SQUAREOFF,0.02,160.77,0.009165,2009.61,-9.77,2.38,-12.14,-12.14,8038.44,8026.29
114,ETH/INR,1h,SHORT,2025-02-10 03:30:00+05:30,2025-02-11 00:30:00+05:30,2531.37,211369.63,2733.88,2126.35,2684.96,224193.77,INTRADAY_SQUAREOFF,0.02,160.53,0.009493,2006.57,-121.74,2.44,-124.18,-124.18,8026.29,7902.11
115,ETH/INR,1h,LONG,2025-02-11 11:30:00+05:30,2025-02-12 00:30:00+05:30,2722.35,227316.41,2504.56,3157.93,2608.48,217808.47,INTRADAY_SQUAREOFF,0.02,158.04,0.008691,1975.53,-82.63,2.28,-84.91,-84.91,7902.11,7817.2
116,ETH/INR,1h,SHORT,2025-02-12 04:30:00+05:30,2025-02-13 00:30:00+05:30,2572.98,214843.44,2778.81,2161.3,2665.22,222545.84,INTRADAY_SQUAREOFF,0.02,156.34,0.009096,1954.3,-70.06,2.35,-72.41,-72.41,7817.2,7744.79
117,ETH/INR,1h,LONG,2025-02-13 07:30:00+05:30,2025-02-14 00:30:00+05:30,2757.69,230267.46,2537.08,3198.93,2638.35,220302.05,INTRADAY_SQUAREOFF,0.02,154.9,0.008408,1936.2,-83.79,2.24,-86.03,-86.03,7744.79,7658.76
118,ETH/INR,1h,LONG,2025-02-14 15:30:00+05:30,2025-02-15 00:30:00+05:30,2715.11,226711.69,2497.9,3149.53,2754.91,230034.92,INTRADAY_SQUAREOFF,0.02,153.18,0.008445,1914.69,28.07,2.28,25.79,25.79,7658.76,7684.55
119,ETH/INR,1h,LONG,2025-02-15 07:30:00+05:30,2025-02-16 00:30:00+05:30,2731.21,228055.92,2512.71,3168.2,2701.78,225598.35,INTRADAY_SQUAREOFF,0.02,153.69,0.008424,1921.14,-20.7,2.25,-22.96,-22.96,7684.55,7661.59
120,ETH/INR,1h,SHORT,2025-02-19 10:30:00+05:30,2025-02-20 00:30:00+05:30,2665.9,222602.51,2879.17,2239.35,2700.82,225518.08,INTRADAY_SQUAREOFF,0.02,153.23,0.008605,1915.4,-25.09,2.27,-27.36,-27.36,7661.59,7634.23
121,ETH/INR,1h,LONG,2025-02-20 16:30:00+05:30,2025-02-21 00:30:00+05:30,2747.19,229390.02,2527.41,3186.74,2737.8,228606.25,INTRADAY_SQUAREOFF,0.02,152.68,0.00832,1908.56,-6.52,2.25,-8.77,-8.77,7634.23,7625.46
122,ETH/INR,1h,LONG,2025-02-21 16:30:00+05:30,2025-02-22 00:30:00+05:30,2808.7,234526.55,2584.01,3258.09,2677.59,223578.38,INTRADAY_SQUAREOFF,0.02,152.51,0.008129,1906.37,-88.99,2.2,-91.19,-91.19,7625.46,7534.27
123,ETH/INR,1h,LONG,2025-02-23 06:30:00+05:30,2025-02-24 00:30:00+05:30,2773.58,231594.23,2551.7,3217.36,2807.44,234421.51,INTRADAY_SQUAREOFF,0.02,150.69,0.008133,1883.57,22.99,2.24,20.76,20.76,7534.27,7555.03
124,ETH/INR,1h,LONG,2025-02-24 03:30:00+05:30,2025-02-25 00:30:00+05:30,2810.62,234686.66,2585.77,3260.32,2649.58,221240.08,INTRADAY_SQUAREOFF,0.02,151.1,0.008048,1888.76,-108.22,2.16,-110.38,-110.38,7555.03,7444.65
125,ETH/INR,1h,SHORT,2025-02-25 12:30:00+05:30,2025-02-26 00:30:00+05:30,2480.2,207096.84,2678.62,2083.37,2421.85,202224.39,INTRADAY_SQUAREOFF,0.02,148.89,0.008987,1861.16,43.79,2.17,41.62,41.62,7444.65,7486.26
126,ETH/INR,1h,SHORT,2025-02-26 06:30:00+05:30,2025-02-27 00:30:00+05:30,2469.94,206239.78,2667.53,2074.75,2291.89,191373.1,INTRADAY_SQUAREOFF,0.02,149.73,0.009075,1871.57,134.91,2.13,132.78,132.78,7486.26,7619.05
127,ETH/INR,1h,SHORT,2025-02-27 10:30:00+05:30,2025-02-28 00:30:00+05:30,2302.25,192237.77,2486.43,1933.89,2325.01,194137.95,INTRADAY_SQUAREOFF,0.02,152.38,0.009908,1904.76,-18.83,2.26,-21.09,-21.09,7619.05,7597.96
128,ETH/INR,1h,SHORT,2025-02-28 07:30:00+05:30,2025-03-01 00:30:00+05:30,2190.74,182926.91,2366.0,1840.22,2235.05,186626.93,INTRADAY_SQUAREOFF,0.02,151.96,0.010384,1899.49,-38.42,2.26,-40.68,-40.68,7597.96,7557.27
129,ETH/INR,1h,LONG,2025-03-02 22:30:00+05:30,2025-03-03 00:30:00+05:30,2489.93,207909.15,2290.74,2888.32,2475.03,206665.41,INTRADAY_SQUAREOFF,0.02,151.15,0.009087,1889.32,-11.3,2.22,-13.52,-13.52,7557.27,7543.75
130,ETH/INR,1h,SHORT,2025-03-04 00:30:00+05:30,2025-03-05 00:30:00+05:30,2177.4,181813.27,2351.6,1829.02,2146.4,179224.32,INTRADAY_SQUAREOFF,0.02,150.88,0.010373,1885.94,26.85,2.21,24.65,24.65,7543.75,7568.4
131,ETH/INR,1h,LONG,2025-03-05 12:30:00+05:30,2025-03-06 00:30:00+05:30,2194.03,183201.88,2018.51,2545.08,2204.37,184064.97,INTRADAY_SQUAREOFF,0.02,151.37,0.010328,1892.1,8.91,2.24,6.68,6.68,7568.4,7575.07
132,ETH/INR,1h,SHORT,2025-03-07 06:30:00+05:30,2025-03-08 00:30:00+05:30,2112.25,176373.28,2281.24,1774.29,2195.4,183315.99,INTRADAY_SQUAREOFF,0.02,151.5,0.010737,1893.77,-74.55,2.28,-76.82,-76.82,7575.07,7498.25
133,ETH/INR,1h,SHORT,2025-03-09 19:30:00+05:30,2025-03-10 00:30:00+05:30,2107.89,176009.03,2276.52,1770.63,2023.09,168927.79,INTRADAY_SQUAREOFF,0.02,149.96,0.01065,1874.56,75.42,2.17,73.25,73.25,7498.25,7571.5
134,ETH/INR,1h,SHORT,2025-03-10 03:30:00+05:30,2025-03-11 00:30:00+05:30,2015.54,168297.72,2176.78,1693.05,1838.8,153539.46,INTRADAY_SQUAREOFF,0.02,151.43,0.011247,1892.87,165.99,2.14,163.85,163.85,7571.5,7735.35
135,ETH/INR,1h,SHORT,2025-03-11 05:30:00+05:30,2025-03-12 00:30:00+05:30,1858.85,155213.79,2007.56,1561.43,1954.61,163209.72,INTRADAY_SQUAREOFF,0.02,154.71,0.012459,1933.84,-99.62,2.34,-101.96,-101.96,7735.35,7633.39
136,ETH/INR,1h,SHORT,2025-03-12 05:30:00+05:30,2025-03-13 00:30:00+05:30,1916.38,160017.49,2069.69,1609.76,1879.68,156953.13,INTRADAY_SQUAREOFF,0.02,152.67,0.011926,1908.35,36.55,2.23,34.31,34.31,7633.39,7667.7
137,ETH/INR,1h,LONG,2025-03-15 04:30:00+05:30,2025-03-16 00:30:00+05:30,1931.09,161246.04,1776.6,2240.06,1932.32,161348.82,INTRADAY_SQUAREOFF,0.02,153.35,0.011888,1916.93,1.22,2.26,-1.04,-1.04,7667.7,7666.66
138,ETH/INR,1h,SHORT,2025-03-17 00:30:00+05:30,2025-03-18 00:30:00+05:30,1892.35,158011.42,2043.74,1589.58,1949.99,162824.05,INTRADAY_SQUAREOFF,0.02,153.33,0.01213,1916.67,-58.38,2.3,-60.67,-60.67,7666.66,7605.99
139,ETH/INR,1h,LONG,2025-03-18 03:30:00+05:30,2025-03-19 00:30:00+05:30,1945.07,162413.64,1789.47,2256.29,1888.53,157692.05,INTRADAY_SQUAREOFF,0.02,152.12,0.011708,1901.5,-55.28,2.21,-57.49,-57.49,7605.99,7548.5
140,ETH/INR,1h,LONG,2025-03-19 11:30:00+05:30,2025-03-20 00:30:00+05:30,1941.09,162081.03,1785.8,2251.66,2046.5,170882.51,INTRADAY_SQUAREOFF,0.02,150.97,0.011643,1887.12,102.48,2.29,100.19,100.19,7548.5,7648.69
141,ETH/INR,1h,LONG,2025-03-20 14:30:00+05:30,2025-03-21 00:30:00+05:30,2022.27,168859.47,1860.49,2345.83,1965.81,164144.89,INTRADAY_SQUAREOFF,0.02,152.97,0.011324,1912.17,-53.39,2.22,-55.61,-55.61,7648.69,7593.07
142,ETH/INR,1h,SHORT,2025-03-21 11:30:00+05:30,2025-03-22 00:30:00+05:30,1968.84,164398.54,2126.35,1653.83,1970.72,164555.37,INTRADAY_SQUAREOFF,0.02,151.86,0.011547,1898.27,-1.81,2.24,-4.05,-4.05,7593.07,7589.02
143,ETH/INR,1h,SHORT,2025-03-22 03:30:00+05:30,2025-03-23 00:30:00+05:30,1971.73,164639.08,2129.46,1656.25,1996.33,166693.85,INTRADAY_SQUAREOFF,0.02,151.78,0.011524,1897.26,-23.68,2.25,-25.93,-25.93,7589.02,7563.09
144,ETH/INR,1h,LONG,2025-03-23 19:30:00+05:30,2025-03-24 00:30:00+05:30,2019.54,168631.43,1857.98,2342.66,1996.67,166722.07,INTRADAY_SQUAREOFF,0.02,151.26,0.011212,1890.77,-21.41,2.22,-23.63,-23.63,7563.09,7539.46
145,ETH/INR,1h,LONG,2025-03-24 21:30:00+05:30,2025-03-25 00:30:00+05:30,2091.31,174624.37,1924.0,2425.92,2096.74,175078.03,INTRADAY_SQUAREOFF,0.02,150.79,0.010794,1884.87,4.9,2.23,2.67,2.67,7539.46,7542.13
146,ETH/INR,1h,SHORT,2025-03-26 23:30:00+05:30,2025-03-27 01:30:00+05:30,2004.07,167340.16,2164.4,1683.42,2001.67,167139.53,INTRADAY_SQUAREOFF,0.02,150.84,0.011268,1885.53,2.26,2.22,0.04,0.04,7542.13,7542.17
147,ETH/INR,1h,SHORT,2025-03-27 17:30:00+05:30,2025-03-28 00:30:00+05:30,2012.2,168018.88,2173.18,1690.25,2011.09,167925.73,INTRADAY_SQUAREOFF,0.02,150.84,0.011222,1885.54,1.05,2.22,-1.18,-1.18,7542.17,7540.99
148,ETH/INR,1h,SHORT,2025-03-28 10:30:00+05:30,2025-03-29 00:30:00+05:30,1927.29,160928.89,2081.48,1618.93,1878.84,156883.26,INTRADAY_SQUAREOFF,0.02,150.82,0.011715,1885.25,47.39,2.2,45.2,45.2,7540.99,7586.19
149,ETH/INR,1h,SHORT,2025-03-29 08:30:00+05:30,2025-03-30 00:30:00+05:30,1893.84,158136.05,2045.35,1590.83,1818.81,151870.34,INTRADAY_SQUAREOFF,0.02,151.72,0.011993,1896.55,75.15,2.19,72.95,72.95,7586.19,7659.14
150,ETH/INR,1h,SHORT,2025-03-30 09:30:00+05:30,2025-03-31 00:30:00+05:30,1831.94,152967.28,1978.5,1538.83,1824.88,152377.47,INTRADAY_SQUAREOFF,0.02,153.18,0.012518,1914.79,7.38,2.26,5.13,5.13,7659.14,7664.27
151,ETH/INR,1h,SHORT,2025-03-31 03:30:00+05:30,2025-04-01 00:30:00+05:30,1799.45,150254.3,1943.41,1511.54,1841.11,153732.56,INTRADAY_SQUAREOFF,0.02,153.29,0.012752,1916.07,-44.36,2.29,-46.64,-46.64,7664.27,7617.63
152,ETH/INR,1h,LONG,2025-04-01 14:30:00+05:30,2025-04-02 00:30:00+05:30,1890.36,157844.99,1739.13,2192.82,1907.43,159270.55,INTRADAY_SQUAREOFF,0.02,152.35,0.012065,1904.41,17.2,2.26,14.94,14.94,7617.63,7632.57
153,ETH/INR,1h,LONG,2025-04-02 02:30:00+05:30,2025-04-03 00:30:00+05:30,1914.93,159896.81,1761.74,2221.32,1897.48,158439.71,INTRADAY_SQUAREOFF,0.02,152.65,0.011934,1908.14,-17.39,2.24,-19.63,-19.63,7632.57,7612.94
154,ETH/INR,1h,SHORT,2025-04-03 12:30:00+05:30,2025-04-04 00:30:00+05:30,1814.4,151502.16,1959.55,1524.09,1787.88,149287.89,INTRADAY_SQUAREOFF,0.02,152.26,0.012562,1903.23,27.82,2.23,25.59,25.59,7612.94,7638.53
155,ETH/INR,1h,SHORT,2025-04-04 07:30:00+05:30,2025-04-05 00:30:00+05:30,1773.21,148063.29,1915.07,1489.5,1806.14,150812.6,INTRADAY_SQUAREOFF,0.02,152.77,0.012897,1909.63,-35.46,2.27,-37.73,-37.73,7638.53,7600.79
156,ETH/INR,1h,SHORT,2025-04-06 01:30:00+05:30,2025-04-07 00:30:00+05:30,1779.53,148590.63,1921.89,1494.8,1619.89,135260.58,INTRADAY_SQUAREOFF,0.02,152.02,0.012788,1900.2,170.47,2.14,168.32,168.32,7600.79,7769.12
157,ETH/INR,1h,SHORT,2025-04-07 02:30:00+05:30,2025-04-08 00:30:00+05:30,1569.62,131063.05,1695.19,1318.48,1550.18,129440.22,INTRADAY_SQUAREOFF,0.02,155.38,0.014819,1942.28,24.05,2.28,21.77,21.77,7769.12,7790.89
158,ETH/INR,1h,SHORT,2025-04-08 05:30:00+05:30,2025-04-09 00:30:00+05:30,1551.24,129528.87,1675.34,1303.04,1477.46,123367.74,INTRADAY_SQUAREOFF,0.02,155.82,0.015037,1947.72,92.64,2.24,90.4,90.4,7790.89,7881.29
159,ETH/INR,1h,SHORT,2025-04-09 08:30:00+05:30,2025-04-09 22:30:00+05:30,1415.13,118163.47,1528.34,1188.71,1529.11,127680.36,STOP_LOSS,0.02,157.63,0.016675,1970.32,-158.69,2.42,-161.11,-161.11,7881.29,7720.18
160,ETH/INR,1h,LONG,2025-04-10 15:30:00+05:30,2025-04-10 21:30:00+05:30,1605.82,134085.66,1477.35,1862.75,1476.61,123297.13,STOP_LOSS,0.02,154.4,0.014394,1930.05,-155.29,2.19,-157.48,-157.48,7720.18,7562.7
161,ETH/INR,1h,SHORT,2025-04-11 06:30:00+05:30,2025-04-12 00:30:00+05:30,1506.25,125771.8,1626.75,1265.25,1562.46,130465.49,INTRADAY_SQUAREOFF,0.02,151.25,0.015033,1890.68,-70.56,2.27,-72.83,-72.83,7562.7,7489.87
162,ETH/INR,1h,SHORT,2025-04-12 07:30:00+05:30,2025-04-13 00:30:00+05:30,1552.36,129622.27,1676.55,1303.98,1651.11,137868.07,INTRADAY_SQUAREOFF,0.02,149.8,0.014446,1872.47,-119.12,2.28,-121.4,-121.4,7489.87,7368.48
163,ETH/INR,1h,LONG,2025-04-13 15:30:00+05:30,2025-04-14 00:30:00+05:30,1627.26,135876.34,1497.08,1887.62,1628.55,135984.34,INTRADAY_SQUAREOFF,0.02,147.37,0.013557,1842.12,1.46,2.17,-0.71,-0.71,7368.48,7367.77
164,ETH/INR,1h,SHORT,2025-04-16 06:30:00+05:30,2025-04-17 00:30:00+05:30,1577.24,131699.3,1703.42,1324.88,1566.63,130813.59,INTRADAY_SQUAREOFF,0.02,147.36,0.013986,1841.94,12.39,2.17,10.22,10.22,7367.77,7377.99
165,ETH/INR,1h,SHORT,2025-04-17 14:30:00+05:30,2025-04-18 00:30:00+05:30,1594.9,133174.49,1722.5,1339.72,1602.03,133769.53,INTRADAY_SQUAREOFF,0.02,147.56,0.01385,1844.5,-8.24,2.18,-10.42,-10.42,7377.99,7367.57
166,ETH/INR,1h,SHORT,2025-04-18 04:30:00+05:30,2025-04-19 00:30:00+05:30,1578.91,131838.83,1705.22,1326.28,1594.09,133106.42,INTRADAY_SQUAREOFF,0.02,147.35,0.013971,1841.89,-17.71,2.18,-19.89,-19.89,7367.57,7347.67
167,ETH/INR,1h,SHORT,2025-04-19 04:30:00+05:30,2025-04-20 00:30:00+05:30,1591.93,132926.24,1719.29,1337.22,1615.55,134898.02,INTRADAY_SQUAREOFF,0.02,146.95,0.013819,1836.92,-27.25,2.18,-29.43,-29.43,7347.67,7318.24
168,ETH/INR,1h,LONG,2025-04-20 03:30:00+05:30,2025-04-21 00:30:00+05:30,1621.77,135417.99,1492.03,1881.26,1580.67,131986.1,INTRADAY_SQUAREOFF,0.02,146.36,0.01351,1829.56,-46.37,2.13,-48.5,-48.5,7318.24,7269.74
169,ETH/INR,1h,LONG,2025-04-23 03:30:00+05:30,2025-04-24 00:30:00+05:30,1771.07,147884.0,1629.38,2054.44,1798.01,150133.49,INTRADAY_SQUAREOFF,0.02,145.39,0.01229,1817.44,27.65,2.16,25.48,25.48,7269.74,7295.23
170,ETH/INR,1h,LONG,2025-04-24 04:30:00+05:30,2025-04-25 00:30:00+05:30,1805.94,150795.79,1661.46,2094.89,1763.07,147216.48,INTRADAY_SQUAREOFF,0.02,145.9,0.012095,1823.81,-43.29,2.13,-45.42,-45.42,7295.23,7249.81
171,ETH/INR,1h,SHORT,2025-04-25 08:30:00+05:30,2025-04-26 00:30:00+05:30,1739.63,145259.43,1878.8,1461.29,1798.17,150147.33,INTRADAY_SQUAREOFF,0.02,145.0,0.012477,1812.45,-60.99,2.17,-63.16,-63.16,7249.81,7186.65
172,ETH/INR,1h,LONG,2025-04-26 21:30:00+05:30,2025-04-27 00:30:00+05:30,1804.72,150694.01,1660.34,2093.47,1803.27,150573.25,INTRADAY_SQUAREOFF,0.02,143.73,0.011923,1796.66,-1.44,2.12,-3.56,-3.56,7186.65,7183.09
173,ETH/INR,1h,LONG,2025-04-27 05:30:00+05:30,2025-04-28 00:30:00+05:30,1823.94,152299.13,1678.03,2115.77,1803.15,150563.07,INTRADAY_SQUAREOFF,0.02,143.66,0.011791,1795.77,-20.47,2.11,-22.58,-22.58,7183.09,7160.51
174,ETH/INR,1h,SHORT,2025-04-29 10:30:00+05:30,2025-04-30 00:30:00+05:30,1789.72,149441.92,1932.9,1503.37,1827.69,152612.46,INTRADAY_SQUAREOFF,0.02,143.21,0.011979,1790.13,-37.98,2.13,-40.11,-40.11,7160.51,7120.4
175,ETH/INR,1h,LONG,2025-05-02 06:30:00+05:30,2025-05-03 00:30:00+05:30,1850.66,154529.92,1702.61,2146.76,1848.58,154356.65,INTRADAY_SQUAREOFF,0.02,142.41,0.011519,1780.1,-2.0,2.1,-4.1,-4.1,7120.4,7116.3
176,ETH/INR,1h,LONG,2025-05-03 05:30:00+05:30,2025-05-04 00:30:00+05:30,1843.79,153956.16,1696.28,2138.79,1825.36,152417.45,INTRADAY_SQUAREOFF,0.02,142.33,0.011556,1779.08,-17.78,2.09,-19.87,-19.87,7116.3,7096.43
177,ETH/INR,1h,LONG,2025-05-04 11:30:00+05:30,2025-05-05 00:30:00+05:30,1850.82,154543.42,1702.75,2146.95,1825.75,152449.92,INTRADAY_SQUAREOFF,0.02,141.93,0.01148,1774.11,-24.03,2.08,-26.11,-26.11,7096.43,7070.32
178,ETH/INR,1h,SHORT,2025-05-05 07:30:00+05:30,2025-05-06 00:30:00+05:30,1784.8,149031.21,1927.59,1499.24,1823.41,152254.78,INTRADAY_SQUAREOFF,0.02,141.41,0.01186,1767.58,-38.23,2.11,-40.34,-40.34,7070.32,7029.98
179,ETH/INR,1h,SHORT,2025-05-06 06:30:00+05:30,2025-05-07 00:30:00+05:30,1810.52,151178.05,1955.36,1520.83,1790.78,149529.93,INTRADAY_SQUAREOFF,0.02,140.6,0.011625,1757.5,19.16,2.06,17.1,17.1,7029.98,7047.08
180,ETH/INR,1h,LONG,2025-05-07 13:30:00+05:30,2025-05-08 00:30:00+05:30,1839.2,153572.93,1692.06,2133.47,1806.2,150817.45,INTRADAY_SQUAREOFF,0.02,140.94,0.011472,1761.77,-31.61,2.06,-33.67,-33.67,7047.08,7013.41
181,ETH/INR,1h,LONG,2025-05-08 19:30:00+05:30,2025-05-09 00:30:00+05:30,1980.7,165388.34,1822.24,2297.61,2066.12,172520.92,INTRADAY_SQUAREOFF,0.02,140.27,0.010601,1753.35,75.62,2.11,73.5,73.5,7013.41,7086.91
182,ETH/INR,1h,LONG,2025-05-09 05:30:00+05:30,2025-05-10 00:30:00+05:30,2208.38,184399.49,2031.71,2561.72,2336.92,195132.99,INTRADAY_SQUAREOFF,0.02,141.74,0.009608,1771.73,103.13,2.15,100.98,100.98,7086.91,7187.89
183,ETH/INR,1h,LONG,2025-05-10 05:30:00+05:30,2025-05-11 00:30:00+05:30,2346.98,195972.77,2159.22,2722.5,2496.33,208443.74,INTRADAY_SQUAREOFF,0.02,143.76,0.009169,1796.97,114.35,2.19,112.16,112.16,7187.89,7300.05
184,ETH/INR,1h,LONG,2025-05-11 03:30:00+05:30,2025-05-12 00:30:00+05:30,2545.42,212542.29,2341.78,2952.68,2504.17,209098.17,INTRADAY_SQUAREOFF,0.02,146.0,0.008587,1825.01,-29.57,2.14,-31.71,-31.71,7300.05,7268.34
185,ETH/INR,1h,SHORT,2025-05-13 06:30:00+05:30,2025-05-13 23:30:00+05:30,2458.42,205278.44,2655.1,2065.08,2656.43,221811.57,STOP_LOSS,0.02,145.37,0.008852,1817.09,-146.35,2.23,-148.58,-148.58,7268.34,7119.76
186,ETH/INR,1h,LONG,2025-05-14 06:30:00+05:30,2025-05-15 00:30:00+05:30,2701.03,225536.13,2484.95,3133.2,2609.95,217930.84,INTRADAY_SQUAREOFF,0.02,142.4,0.007892,1779.94,-60.02,2.06,-62.09,-62.09,7119.76,7057.68
187,ETH/INR,1h,SHORT,2025-05-15 19:30:00+05:30,2025-05-16 00:30:00+05:30,2515.41,210036.62,2716.64,2112.94,2532.17,211436.36,INTRADAY_SQUAREOFF,0.02,141.15,0.008401,1764.42,-11.76,2.09,-13.85,-13.85,7057.68,7043.83
188,ETH/INR,1h,SHORT,2025-05-17 11:30:00+05:30,2025-05-18 00:30:00+05:30,2476.71,206804.88,2674.84,2080.43,2467.03,205997.39,INTRADAY_SQUAREOFF,0.02,140.88,0.008515,1760.96,6.88,2.07,4.8,4.8,7043.83,7048.63
189,ETH/INR,1h,SHORT,2025-05-18 04:30:00+05:30,2025-05-19 00:30:00+05:30,2455.73,205053.33,2652.19,2062.81,2464.74,205805.88,INTRADAY_SQUAREOFF,0.02,140.97,0.008594,1762.16,-6.47,2.08,-8.55,-8.55,7048.63,7040.08
190,ETH/INR,1h,SHORT,2025-05-19 12:30:00+05:30,2025-05-20 00:30:00+05:30,2354.28,196582.79,2542.63,1977.6,2491.05,208002.89,INTRADAY_SQUAREOFF,0.02,140.8,0.008953,1760.02,-102.24,2.14,-104.38,-104.38,7040.08,6935.7
191,ETH/INR,1h,LONG,2025-05-23 05:30:00+05:30,2025-05-24 00:30:00+05:30,2666.04,222614.08,2452.75,3092.6,2558.86,213664.51,INTRADAY_SQUAREOFF,0.02,138.71,0.007789,1733.92,-69.71,2.0,-71.71,-71.71,6935.7,6863.99
192,ETH/INR,1h,SHORT,2025-05-24 03:30:00+05:30,2025-05-25 00:30:00+05:30,2527.11,211013.32,2729.27,2122.77,2551.06,213013.17,INTRADAY_SQUAREOFF,0.02,137.28,0.008132,1716.0,-16.26,2.03,-18.3,-18.3,6863.99,6845.69
193,ETH/INR,1h,SHORT,2025-05-25 04:30:00+05:30,2025-05-26 00:30:00+05:30,2524.14,210766.01,2726.08,2120.28,2517.97,210250.56,INTRADAY_SQUAREOFF,0.02,136.91,0.00812,1711.42,4.19,2.02,2.17,2.17,6845.69,6847.86
194,ETH/INR,1h,LONG,2025-05-26 18:30:00+05:30,2025-05-27 00:30:00+05:30,2574.47,214967.87,2368.51,2986.38,2533.79,211571.7,INTRADAY_SQUAREOFF,0.02,136.96,0.007964,1711.96,-27.05,2.0,-29.05,-29.05,6847.86,6818.81
195,ETH/INR,1h,LONG,2025-05-27 21:30:00+05:30,2025-05-28 00:30:00+05:30,2671.24,223048.42,2457.54,3098.64,2679.87,223769.01,INTRADAY_SQUAREOFF,0.02,136.38,0.007643,1704.7,5.51,2.01,3.49,3.49,6818.81,6822.3
196,ETH/INR,1h,LONG,2025-05-28 14:30:00+05:30,2025-05-29 00:30:00+05:30,2646.6,220991.45,2434.88,3070.06,2635.29,220046.62,INTRADAY_SQUAREOFF,0.02,136.45,0.007718,1705.57,-7.29,2.01,-9.3,-9.3,6822.3,6813.0
197,ETH/INR,1h,LONG,2025-05-29 05:30:00+05:30,2025-05-30 00:30:00+05:30,2685.43,224233.26,2470.59,3115.1,2647.98,221106.64,INTRADAY_SQUAREOFF,0.02,136.26,0.007596,1703.25,-23.75,2.0,-25.75,-25.75,6813.0,6787.25
198,ETH/INR,1h,SHORT,2025-05-30 06:30:00+05:30,2025-05-31 00:30:00+05:30,2566.76,214324.74,2772.1,2156.08,2578.87,215335.24,INTRADAY_SQUAREOFF,0.02,135.75,0.007917,1696.81,-8.0,2.01,-10.01,-10.01,6787.25,6777.25
199,ETH/INR,1h,SHORT,2025-05-31 04:30:00+05:30,2025-06-01 00:30:00+05:30,2524.68,210810.81,2726.65,2120.73,2541.98,212255.11,INTRADAY_SQUAREOFF,0.02,135.54,0.008037,1694.31,-11.61,2.01,-13.61,-13.61,6777.25,6763.63
200,ETH/INR,1h,SHORT,2025-06-01 04:30:00+05:30,2025-06-02 00:30:00+05:30,2531.45,211376.07,2733.97,2126.42,2521.84,210573.32,INTRADAY_SQUAREOFF,0.02,135.27,0.008,1690.91,6.42,1.99,4.43,4.43,6763.63,6768.06
201,ETH/INR,1h,LONG,2025-06-03 03:30:00+05:30,2025-06-04 00:30:00+05:30,2562.16,213940.04,2357.18,2972.1,2618.38,218634.9,INTRADAY_SQUAREOFF,0.02,135.36,0.007909,1692.02,37.13,2.02,35.11,35.11,6768.06,6803.17
202,ETH/INR,1h,LONG,2025-06-04 07:30:00+05:30,2025-06-05 00:30:00+05:30,2618.49,218644.3,2409.02,3037.45,2628.92,219514.74,INTRADAY_SQUAREOFF,0.02,136.06,0.007779,1700.79,6.77,2.01,4.76,4.76,6803.17,6807.93
203,ETH/INR,1h,LONG,2025-06-05 10:30:00+05:30,2025-06-06 00:30:00+05:30,2635.22,220040.89,2424.4,3056.86,2575.47,215051.39,INTRADAY_SQUAREOFF,0.02,136.16,0.007735,1701.98,-38.59,1.99,-40.58,-40.58,6807.93,6767.36
204,ETH/INR,1h,LONG,2025-06-08 20:30:00+05:30,2025-06-09 00:30:00+05:30,2517.76,210233.3,2316.34,2920.61,2532.12,211432.04,INTRADAY_SQUAREOFF,0.02,135.35,0.008047,1691.84,9.65,2.0,7.64,7.64,6767.36,6775.0
205,ETH/INR,1h,LONG,2025-06-10 02:30:00+05:30,2025-06-11 00:30:00+05:30,2593.2,216532.38,2385.75,3008.11,2753.66,229930.6,INTRADAY_SQUAREOFF,0.02,135.5,0.007822,1693.75,104.8,2.06,102.74,102.74,6775.0,6877.74
206,ETH/INR,1h,LONG,2025-06-11 05:30:00+05:30,2025-06-12 00:30:00+05:30,2815.19,235068.68,2589.98,3265.62,2822.67,235693.31,INTRADAY_SQUAREOFF,0.02,137.55,0.007315,1719.44,4.57,2.03,2.54,2.54,6877.74,6880.28
207,ETH/INR,1h,SHORT,2025-06-12 17:30:00+05:30,2025-06-13 00:30:00+05:30,2725.45,227574.75,2943.48,2289.37,2736.83,228525.36,INTRADAY_SQUAREOFF,0.02,137.61,0.007558,1720.07,-7.18,2.03,-9.22,-9.22,6880.28,6871.06
208,ETH/INR,1h,SHORT,2025-06-13 06:30:00+05:30,2025-06-14 00:30:00+05:30,2502.49,208957.8,2702.69,2102.09,2531.6,211388.3,INTRADAY_SQUAREOFF,0.02,137.42,0.008221,1717.77,-19.98,2.04,-22.02,-22.02,6871.06,6849.04
209,ETH/INR,1h,SHORT,2025-06-14 06:30:00+05:30,2025-06-15 00:30:00+05:30,2560.74,213821.85,2765.6,2151.02,2510.5,209627.16,INTRADAY_SQUAREOFF,0.02,136.98,0.008008,1712.26,33.59,2.0,31.59,31.59,6849.04,6880.63
210,ETH/INR,1h,SHORT,2025-06-15 08:30:00+05:30,2025-06-16 00:30:00+05:30,2528.74,211149.88,2731.04,2124.14,2550.48,212964.95,INTRADAY_SQUAREOFF,0.02,137.61,0.008147,1720.16,-14.79,2.04,-16.83,-16.83,6880.63,6863.81
211,ETH/INR,1h,LONG,2025-06-16 10:30:00+05:30,2025-06-17 00:30:00+05:30,2578.69,215320.52,2372.39,2991.28,2653.81,221593.49,INTRADAY_SQUAREOFF,0.02,137.28,0.007969,1715.95,49.99,2.05,47.94,47.94,6863.81,6911.74
212,ETH/INR,1h,SHORT,2025-06-17 14:30:00+05:30,2025-06-18 00:30:00+05:30,2569.37,214542.47,2774.92,2158.27,2498.33,208610.58,INTRADAY_SQUAREOFF,0.02,138.23,0.008054,1727.94,47.78,2.01,45.76,45.76,6911.74,6957.51
213,ETH/INR,1h,SHORT,2025-06-18 04:30:00+05:30,2025-06-19 00:30:00+05:30,2492.9,208156.82,2692.33,2094.03,2479.1,207004.71,INTRADAY_SQUAREOFF,0.02,139.15,0.008356,1739.38,9.63,2.05,7.58,7.58,6957.51,6965.09
214,ETH/INR,1h,SHORT,2025-06-19 07:30:00+05:30,2025-06-20 00:30:00+05:30,2510.22,209603.05,2711.03,2108.58,2506.33,209278.3,INTRADAY_SQUAREOFF,0.02,139.3,0.008307,1741.27,2.7,2.05,0.64,0.64,6965.09,6965.73
215,ETH/INR,1h,SHORT,2025-06-20 08:30:00+05:30,2025-06-21 00:30:00+05:30,2514.36,209948.74,2715.5,2112.06,2421.02,202155.27,INTRADAY_SQUAREOFF,0.02,139.31,0.008295,1741.43,64.64,2.02,62.63,62.63,6965.73,7028.36
216,ETH/INR,1h,SHORT,2025-06-21 04:30:00+05:30,2025-06-22 00:30:00+05:30,2385.09,199154.8,2575.89,2003.47,2389.0,199481.65,INTRADAY_SQUAREOFF,0.02,140.57,0.008823,1757.09,-2.88,2.08,-4.96,-4.96,7028.36,7023.4
217,ETH/INR,1h,SHORT,2025-06-22 03:30:00+05:30,2025-06-23 00:30:00+05:30,2250.71,187934.53,2430.77,1890.6,2184.19,182379.9,INTRADAY_SQUAREOFF,0.02,140.47,0.009343,1755.85,51.9,2.04,49.85,49.85,7023.4,7073.26
218,ETH/INR,1h,LONG,2025-06-24 04:30:00+05:30,2025-06-25 00:30:00+05:30,2433.6,203205.82,2238.91,2822.98,2436.5,203447.56,INTRADAY_SQUAREOFF,0.02,141.47,0.008702,1768.31,2.1,2.09,0.02,0.02,7073.26,7073.27
219,ETH/INR,1h,LONG,2025-06-25 02:30:00+05:30,2025-06-26 00:30:00+05:30,2452.15,204754.42,2255.98,2844.49,2418.66,201958.25,INTRADAY_SQUAREOFF,0.02,141.47,0.008636,1768.32,-24.15,2.07,-26.22,-26.22,7073.27,7047.05
220,ETH/INR,1h,LONG,2025-06-26 12:30:00+05:30,2025-06-27 00:30:00+05:30,2490.01,207915.57,2290.81,2888.41,2425.37,202518.51,INTRADAY_SQUAREOFF,0.02,140.94,0.008473,1761.76,-45.73,2.05,-47.78,-47.78,7047.05,6999.27
221,ETH/INR,1h,SHORT,2025-06-27 11:30:00+05:30,2025-06-28 00:30:00+05:30,2435.45,203360.39,2630.29,2045.78,2395.91,200058.34,INTRADAY_SQUAREOFF,0.02,139.99,0.008605,1749.82,28.41,2.05,26.36,26.36,6999.27,7025.63
222,ETH/INR,1h,SHORT,2025-06-28 06:30:00+05:30,2025-06-29 00:30:00+05:30,2418.01,201904.19,2611.46,2031.13,2438.9,203648.27,INTRADAY_SQUAREOFF,0.02,140.51,0.008699,1756.41,-15.17,2.08,-17.25,-17.25,7025.63,7008.38
223,ETH/INR,1h,LONG,2025-06-30 06:30:00+05:30,2025-07-01 00:30:00+05:30,2522.86,210659.15,2321.03,2926.52,2485.51,207540.46,INTRADAY_SQUAREOFF,0.02,140.17,0.008317,1752.09,-25.94,2.05,-27.99,-27.99,7008.38,6980.39
224,ETH/INR,1h,SHORT,2025-07-01 20:30:00+05:30,2025-07-02 00:30:00+05:30,2410.67,201291.05,2603.52,2024.96,2412.38,201433.84,INTRADAY_SQUAREOFF,0.02,139.61,0.00867,1745.1,-1.24,2.06,-3.3,-3.3,6980.39,6977.09
225,ETH/INR,1h,SHORT,2025-07-02 04:30:00+05:30,2025-07-03 00:30:00+05:30,2399.67,200372.28,2591.64,2015.72,2592.94,216510.26,STOP_LOSS,0.02,139.54,0.008705,1744.27,-140.48,2.14,-142.62,-142.62,6977.09,6834.47
226,ETH/INR,1h,LONG,2025-07-03 11:30:00+05:30,2025-07-04 00:30:00+05:30,2598.66,216988.38,2390.77,3014.45,2585.09,215854.78,INTRADAY_SQUAREOFF,0.02,136.69,0.007874,1708.62,-8.93,2.01,-10.94,-10.94,6834.47,6823.53
227,ETH/INR,1h,SHORT,2025-07-04 19:30:00+05:30,2025-07-05 00:30:00+05:30,2524.58,210802.28,2726.54,2120.65,2485.61,207548.69,INTRADAY_SQUAREOFF,0.02,136.47,0.008092,1705.88,26.33,2.0,24.33,24.33,6823.53,6847.86
228,ETH/INR,1h,SHORT,2025-07-05 19:30:00+05:30,2025-07-06 00:30:00+05:30,2513.41,209869.71,2714.48,2111.26,2494.7,208307.42,INTRADAY_SQUAREOFF,0.02,136.96,0.008157,1711.97,12.74,2.01,10.73,10.73,6847.86,6858.59
229,ETH/INR,1h,SHORT,2025-07-06 11:30:00+05:30,2025-07-07 00:30:00+05:30,2509.32,209528.44,2710.07,2107.83,2533.41,211539.93,INTRADAY_SQUAREOFF,0.02,137.17,0.008183,1714.65,-16.46,2.03,-18.49,-18.49,6858.59,6840.1
230,ETH/INR,1h,LONG,2025-07-07 13:30:00+05:30,2025-07-08 00:30:00+05:30,2580.11,215439.1,2373.7,2992.93,2542.76,212320.15,INTRADAY_SQUAREOFF,0.02,136.8,0.007937,1710.02,-24.76,2.0,-26.76,-26.76,6840.1,6813.34
231,ETH/INR,1h,LONG,2025-07-08 23:30:00+05:30,2025-07-09 01:30:00+05:30,2627.36,219384.23,2417.17,3047.73,2609.6,217901.32,INTRADAY_SQUAREOFF,0.02,136.27,0.007764,1703.33,-11.51,2.0,-13.52,-13.52,6813.34,6799.82
232,ETH/INR,1h,LONG,2025-07-09 05:30:00+05:30,2025-07-10 00:30:00+05:30,2619.25,218707.51,2409.71,3038.33,2717.76,226933.37,INTRADAY_SQUAREOFF,0.02,136.0,0.007773,1699.96,63.94,2.04,61.89,61.89,6799.82,6861.72
233,ETH/INR,1h,LONG,2025-07-10 04:30:00+05:30,2025-07-11 00:30:00+05:30,2783.08,232387.43,2560.44,3228.38,2811.34,234746.89,INTRADAY_SQUAREOFF,0.02,137.23,0.007382,1715.43,17.42,2.03,15.38,15.38,6861.72,6877.1
234,ETH/INR,1h,LONG,2025-07-11 08:30:00+05:30,2025-07-12 00:30:00+05:30,2969.41,247945.53,2731.85,3444.51,2994.17,250013.27,INTRADAY_SQUAREOFF,0.02,137.54,0.006934,1719.27,14.34,2.04,12.3,12.3,6877.1,6889.4
235,ETH/INR,1h,SHORT,2025-07-13 02:30:00+05:30,2025-07-14 00:30:00+05:30,2917.67,243625.76,3151.09,2450.85,2996.84,250236.44,INTRADAY_SQUAREOFF,0.02,137.79,0.00707,1722.35,-46.74,2.06,-48.8,-48.8,6889.4,6840.6
236,ETH/INR,1h,LONG,2025-07-14 05:30:00+05:30,2025-07-15 00:30:00+05:30,2979.44,248783.48,2741.09,3456.15,2987.68,249471.2,INTRADAY_SQUAREOFF,0.02,136.81,0.006874,1710.15,4.73,2.02,2.71,2.71,6840.6,6843.31
237,ETH/INR,1h,LONG,2025-07-15 23:30:00+05:30,2025-07-16 01:30:00+05:30,3096.8,258583.17,2849.06,3592.29,3041.84,253993.61,INTRADAY_SQUAREOFF,0.02,136.87,0.006616,1710.83,-30.37,2.0,-32.37,-32.37,6843.31,6810.94
238,ETH/INR,1h,LONG,2025-07-16 19:30:00+05:30,2025-07-17 00:30:00+05:30,3199.28,267140.27,2943.34,3711.17,3333.7,278364.03,INTRADAY_SQUAREOFF,0.02,136.22,0.006374,1702.74,71.54,2.05,69.49,69.49,6810.94,6880.43
239,ETH/INR,1h,LONG,2025-07-17 10:30:00+05:30,2025-07-18 00:30:00+05:30,3353.1,279984.16,3084.86,3889.6,3427.79,286220.6,INTRADAY_SQUAREOFF,0.02,137.61,0.006144,1720.11,38.31,2.05,36.26,36.26,6880.43,6916.69
240,ETH/INR,1h,LONG,2025-07-18 06:30:00+05:30,2025-07-19 00:30:00+05:30,3543.38,295872.57,3259.91,4110.33,3570.07,298100.75,INTRADAY_SQUAREOFF,0.02,138.33,0.005844,1729.17,13.02,2.05,10.97,10.97,6916.69,6927.67
241,ETH/INR,1h,LONG,2025-07-20 14:30:00+05:30,2025-07-21 00:30:00+05:30,3716.58,310334.08,3419.25,4311.23,3750.41,313159.07,INTRADAY_SQUAREOFF,0.02,138.55,0.005581,1731.92,15.77,2.05,13.71,13.71,6927.67,6941.38
242,ETH/INR,1h,LONG,2025-07-21 03:30:00+05:30,2025-07-22 00:30:00+05:30,3774.72,315189.4,3472.75,4378.68,3735.72,311932.77,INTRADAY_SQUAREOFF,0.02,138.83,0.005506,1735.35,-17.93,2.04,-19.97,-19.97,6941.38,6921.41
243,ETH/INR,1h,LONG,2025-07-22 07:30:00+05:30,2025-07-23 00:30:00+05:30,3799.26,317238.46,3495.32,4407.15,3711.3,309893.71,INTRADAY_SQUAREOFF,0.02,138.43,0.005454,1730.35,-40.06,2.02,-42.08,-42.08,6921.41,6879.33
244,ETH/INR,1h,SHORT,2025-07-23 09:30:00+05:30,2025-07-24 00:30:00+05:30,3727.58,311253.0,4025.79,3131.17,3607.43,301220.71,INTRADAY_SQUAREOFF,0.02,137.59,0.005526,1719.83,55.43,2.0,53.44,53.44,6879.33,6932.77
245,ETH/INR,1h,SHORT,2025-07-24 10:30:00+05:30,2025-07-25 00:30:00+05:30,3606.65,301155.53,3895.19,3029.59,3745.46,312745.82,INTRADAY_SQUAREOFF,0.02,138.66,0.005755,1733.19,-66.7,2.08,-68.79,-68.79,6932.77,6863.98
246,ETH/INR,1h,LONG,2025-07-26 00:30:00+05:30,2025-07-27 00:30:00+05:30,3656.83,305344.99,3364.28,4241.92,3740.39,312322.7,INTRADAY_SQUAREOFF,0.02,137.28,0.00562,1716.0,39.21,2.05,37.17,37.17,6863.98,6901.15
247,ETH/INR,1h,LONG,2025-07-27 03:30:00+05:30,2025-07-28 00:30:00+05:30,3761.22,314062.03,3460.32,4363.02,3847.71,321283.94,INTRADAY_SQUAREOFF,0.02,138.02,0.005493,1725.29,39.67,2.06,37.61,37.61,6901.15,6938.76
248,ETH/INR,1h,LONG,2025-07-28 05:30:00+05:30,2025-07-29 00:30:00+05:30,3877.83,323798.56,3567.6,4498.28,3780.08,315636.31,INTRADAY_SQUAREOFF,0.02,138.78,0.005357,1734.69,-43.73,2.02,-45.75,-45.75,6938.76,6893.01
249,ETH/INR,1h,SHORT,2025-07-29 07:30:00+05:30,2025-07-30 00:30:00+05:30,3758.5,313834.38,4059.18,3157.14,3771.65,314932.8,INTRADAY_SQUAREOFF,0.02,137.86,0.005491,1723.25,-6.03,2.04,-8.07,-8.07,6893.01,6884.94
250,ETH/INR,1h,SHORT,2025-07-30 10:30:00+05:30,2025-07-31 00:30:00+05:30,3799.97,317297.9,4103.97,3191.98,3740.11,312299.5,INTRADAY_SQUAREOFF,0.02,137.7,0.005425,1721.24,27.11,2.02,25.1,25.1,6884.94,6910.04
251,ETH/INR,1h,SHORT,2025-07-31 23:30:00+05:30,2025-08-01 01:30:00+05:30,3769.28,314734.88,4070.82,3166.2,3740.11,312298.93,INTRADAY_SQUAREOFF,0.02,138.2,0.005489,1727.51,13.37,2.03,11.34,11.34,6910.04,6921.38
252,ETH/INR,1h,SHORT,2025-08-01 10:30:00+05:30,2025-08-02 00:30:00+05:30,3678.82,307181.54,3973.13,3090.21,3553.45,296713.03,INTRADAY_SQUAREOFF,0.02,138.43,0.005633,1730.35,58.97,2.01,56.96,56.96,6921.38,6978.35
253,ETH/INR,1h,SHORT,2025-08-02 11:30:00+05:30,2025-08-03 00:30:00+05:30,3514.59,293468.61,3795.76,2952.26,3384.22,282582.09,INTRADAY_SQUAREOFF,0.02,139.57,0.005945,1744.59,64.72,2.02,62.7,62.7,6978.35,7041.04
254,ETH/INR,1h,SHORT,2025-08-03 12:30:00+05:30,2025-08-04 00:30:00+05:30,3436.27,286928.71,3711.17,2886.47,3498.38,292114.7,INTRADAY_SQUAREOFF,0.02,140.82,0.006135,1760.26,-31.82,2.1,-33.91,-33.91,7041.04,7007.13
255,ETH/INR,1h,LONG,2025-08-04 08:30:00+05:30,2025-08-05 00:30:00+05:30,3571.75,298240.85,3286.01,4143.23,3673.83,306764.41,INTRADAY_SQUAREOFF,0.02,140.14,0.005874,1751.78,50.07,2.1,47.97,47.97,7007.13,7055.1
256,ETH/INR,1h,LONG,2025-08-05 02:30:00+05:30,2025-08-06 00:30:00+05:30,3712.45,309989.82,3415.46,4306.45,3584.9,299339.15,INTRADAY_SQUAREOFF,0.02,141.1,0.00569,1763.78,-60.6,2.05,-62.65,-62.65,7055.1,6992.45
257,ETH/INR,1h,SHORT,2025-08-06 06:30:00+05:30,2025-08-07 00:30:00+05:30,3570.42,298130.27,3856.06,2999.15,3679.29,307220.99,INTRADAY_SQUAREOFF,0.02,139.85,0.005864,1748.11,-53.3,2.09,-55.4,-55.4,6992.45,6937.06
258,ETH/INR,1h,LONG,2025-08-07 11:30:00+05:30,2025-08-08 00:30:00+05:30,3690.33,308142.36,3395.1,4280.78,3827.47,319594.14,INTRADAY_SQUAREOFF,0.02,138.74,0.005628,1734.26,64.45,2.08,62.37,62.37,6937.06,6999.42
259,ETH/INR,1h,LONG,2025-08-08 04:30:00+05:30,2025-08-09 00:30:00+05:30,3928.17,328001.98,3613.91,4556.67,4051.75,338320.94,INTRADAY_SQUAREOFF,0.02,139.99,0.005335,1749.86,55.05,2.1,52.95,52.95,6999.42,7052.38
260,ETH/INR,1h,LONG,2025-08-09 07:30:00+05:30,2025-08-10 00:30:00+05:30,4036.06,337010.91,3713.17,4681.83,4240.72,354099.87,INTRADAY_SQUAREOFF,0.02,141.05,0.005232,1763.09,89.4,2.13,87.27,87.27,7052.38,7139.65
261,ETH/INR,1h,LONG,2025-08-12 06:30:00+05:30,2025-08-13 00:30:00+05:30,4278.34,357241.57,3936.07,4962.88,4486.68,374637.6,INTRADAY_SQUAREOFF,0.02,142.79,0.004996,1784.91,86.92,2.16,84.76,84.76,7139.65,7224.41
262,ETH/INR,1h,LONG,2025-08-13 08:30:00+05:30,2025-08-14 00:30:00+05:30,4624.3,386129.19,4254.36,5364.19,4713.86,393607.36,INTRADAY_SQUAREOFF,0.02,144.49,0.004677,1806.1,34.98,2.15,32.83,32.83,7224.41,7257.23
263,ETH/INR,1h,LONG,2025-08-14 09:30:00+05:30,2025-08-15 00:30:00+05:30,4780.44,399166.97,4398.01,5545.31,4539.07,379012.52,INTRADAY_SQUAREOFF,0.02,145.14,0.004545,1814.31,-91.61,2.09,-93.69,-93.69,7257.23,7163.54
264,ETH/INR,1h,SHORT,2025-08-15 03:30:00+05:30,2025-08-16 00:30:00+05:30,4459.58,372374.98,4816.35,3746.05,4399.9,367391.82,INTRADAY_SQUAREOFF,0.02,143.27,0.004809,1790.88,23.97,2.1,21.87,21.87,7163.54,7185.41
265,ETH/INR,1h,SHORT,2025-08-16 09:30:00+05:30,2025-08-17 00:30:00+05:30,4431.34,370016.96,4785.85,3722.33,4413.77,368549.41,INTRADAY_SQUAREOFF,0.02,143.71,0.004855,1796.35,7.12,2.12,5.01,5.01,7185.41,7190.41
266,ETH/INR,1h,LONG,2025-08-17 21:30:00+05:30,2025-08-18 00:30:00+05:30,4568.95,381506.94,4203.43,5299.98,4468.17,373092.53,INTRADAY_SQUAREOFF,0.02,143.81,0.004712,1797.6,-39.65,2.1,-41.75,-41.75,7190.41,7148.67
267,ETH/INR,1h,SHORT,2025-08-18 12:30:00+05:30,2025-08-19 00:30:00+05:30,4235.1,353630.94,4573.91,3557.48,4370.67,364950.75,INTRADAY_SQUAREOFF,0.02,142.97,0.005054,1787.17,-57.21,2.14,-59.35,-59.35,7148.67,7089.32
268,ETH/INR,1h,SHORT,2025-08-19 05:30:00+05:30,2025-08-20 00:30:00+05:30,4306.68,359607.7,4651.21,3617.61,4146.03,346193.75,INTRADAY_SQUAREOFF,0.02,141.79,0.004929,1772.33,66.11,2.05,64.06,64.06,7089.32,7153.38
269,ETH/INR,1h,SHORT,2025-08-20 05:30:00+05:30,2025-08-21 00:30:00+05:30,4068.56,339724.35,4394.04,3417.59,4295.06,358637.31,INTRADAY_SQUAREOFF,0.02,143.07,0.005264,1788.34,-99.56,2.17,-101.73,-101.73,7153.38,7051.65
270,ETH/INR,1h,LONG,2025-08-21 04:30:00+05:30,2025-08-22 00:30:00+05:30,4374.92,365305.68,4024.92,5074.91,4260.42,355745.27,INTRADAY_SQUAREOFF,0.02,141.03,0.004826,1762.91,-46.14,2.05,-48.19,-48.19,7051.65,7003.46
271,ETH/INR,1h,LONG,2025-08-22 07:30:00+05:30,2025-08-23 00:30:00+05:30,4266.03,356213.41,3924.75,4948.59,4786.44,399667.42,INTRADAY_SQUAREOFF,0.02,140.07,0.004915,1750.86,213.59,2.19,211.39,211.39,7003.46,7214.85
272,ETH/INR,1h,LONG,2025-08-23 10:30:00+05:30,2025-08-24 00:30:00+05:30,4746.78,396356.41,4367.04,5506.27,4748.79,396524.04,INTRADAY_SQUAREOFF,0.02,144.3,0.004551,1803.71,0.76,2.13,-1.37,-1.37,7214.85,7213.49
273,ETH/INR,1h,LONG,2025-08-24 04:30:00+05:30,2025-08-25 00:30:00+05:30,4782.99,399379.62,4400.35,5548.27,4932.51,411864.18,INTRADAY_SQUAREOFF,0.02,144.27,0.004515,1803.37,56.37,2.16,54.21,54.21,7213.49,7267.7
274,ETH/INR,1h,SHORT,2025-08-25 11:30:00+05:30,2025-08-26 00:30:00+05:30,4700.37,392481.17,5076.4,3948.31,4576.75,382158.39,INTRADAY_SQUAREOFF,0.02,145.35,0.004629,1816.92,47.79,2.12,45.67,45.67,7267.7,7313.37
275,ETH/INR,1h,SHORT,2025-08-26 06:30:00+05:30,2025-08-27 00:30:00+05:30,4333.12,361815.76,4679.77,3639.82,4550.99,380007.35,INTRADAY_SQUAREOFF,0.02,146.27,0.005053,1828.34,-91.93,2.21,-94.14,-94.14,7313.37,7219.23
276,ETH/INR,1h,LONG,2025-08-27 09:30:00+05:30,2025-08-28 00:30:00+05:30,4626.31,386296.93,4256.21,5366.52,4590.73,383325.66,INTRADAY_SQUAREOFF,0.02,144.38,0.004672,1804.81,-13.88,2.12,-16.0,-16.0,7219.23,7203.23
277,ETH/INR,1h,SHORT,2025-08-29 06:30:00+05:30,2025-08-30 00:30:00+05:30,4471.62,373380.07,4829.35,3756.16,4317.73,360530.26,INTRADAY_SQUAREOFF,0.02,144.06,0.004823,1800.81,61.97,2.09,59.89,59.89,7203.23,7263.11
278,ETH/INR,1h,SHORT,2025-08-31 00:30:00+05:30,2025-09-01 00:30:00+05:30,4345.23,362826.96,4692.85,3650.0,4490.65,374969.56,INTRADAY_SQUAREOFF,0.02,145.26,0.005005,1815.78,-60.77,2.18,-62.95,-62.95,7263.11,7200.17
279,ETH/INR,1h,SHORT,2025-09-02 02:30:00+05:30,2025-09-03 00:30:00+05:30,4274.29,356903.01,4616.23,3590.4,4300.07,359055.67,INTRADAY_SQUAREOFF,0.02,144.0,0.005044,1800.04,-10.86,2.13,-12.99,-12.99,7200.17,7187.18
280,ETH/INR,1h,SHORT,2025-09-03 11:30:00+05:30,2025-09-04 00:30:00+05:30,4313.56,360182.01,4658.64,3623.39,4472.09,373419.75,INTRADAY_SQUAREOFF,0.02,143.74,0.004989,1796.8,-66.04,2.16,-68.2,-68.2,7187.18,7118.98
281,ETH/INR,1h,SHORT,2025-09-04 19:30:00+05:30,2025-09-05 00:30:00+05:30,4367.7,364703.22,4717.12,3668.87,4277.82,357198.33,INTRADAY_SQUAREOFF,0.02,142.38,0.00488,1779.75,36.62,2.08,34.55,34.55,7118.98,7153.53
282,ETH/INR,1h,SHORT,2025-09-05 05:30:00+05:30,2025-09-06 00:30:00+05:30,4296.69,358773.41,4640.42,3609.22,4316.13,360397.11,INTRADAY_SQUAREOFF,0.02,143.07,0.004985,1788.38,-8.09,2.12,-10.21,-10.21,7153.53,7143.32
283,ETH/INR,1h,SHORT,2025-09-06 03:30:00+05:30,2025-09-07 00:30:00+05:30,4293.78,358530.73,4637.28,3606.78,4281.82,357531.56,INTRADAY_SQUAREOFF,0.02,142.87,0.004981,1785.83,4.98,2.1,2.87,2.87,7143.32,7146.19
284,ETH/INR,1h,SHORT,2025-09-07 12:30:00+05:30,2025-09-08 00:30:00+05:30,4281.89,357538.16,4624.45,3596.79,4284.03,357716.35,INTRADAY_SQUAREOFF,0.02,142.92,0.004997,1786.55,-0.89,2.11,-3.0,-3.0,7146.19,7143.19
285,ETH/INR,1h,SHORT,2025-09-08 10:30:00+05:30,2025-09-09 00:30:00+05:30,4295.27,358655.43,4638.9,3608.03,4329.3,361496.53,INTRADAY_SQUAREOFF,0.02,142.86,0.004979,1785.8,-14.15,2.12,-16.26,-16.26,7143.19,7126.93
286,ETH/INR,1h,LONG,2025-09-12 03:30:00+05:30,2025-09-13 00:30:00+05:30,4433.3,370180.59,4078.64,5142.63,4623.18,386035.36,INTRADAY_SQUAREOFF,0.02,142.54,0.004813,1781.73,76.31,2.15,74.16,74.16,7126.93,7201.1
287,ETH/INR,1h,LONG,2025-09-13 05:30:00+05:30,2025-09-14 00:30:00+05:30,4717.55,393915.02,4340.14,5472.35,4643.52,387734.07,INTRADAY_SQUAREOFF,0.02,144.02,0.00457,1800.27,-28.25,2.11,-30.36,-30.36,7201.1,7170.74
288,ETH/INR,1h,SHORT,2025-09-14 09:30:00+05:30,2025-09-15 00:30:00+05:30,4662.77,389341.54,5035.79,3916.73,4607.7,384742.84,INTRADAY_SQUAREOFF,0.02,143.41,0.004604,1792.68,21.17,2.1,19.07,19.07,7170.74,7189.81
289,ETH/INR,1h,SHORT,2025-09-15 05:30:00+05:30,2025-09-16 00:30:00+05:30,4603.17,384364.36,4971.42,3866.66,4505.75,376229.78,INTRADAY_SQUAREOFF,0.02,143.8,0.004676,1797.45,38.04,2.1,35.94,35.94,7189.81,7225.75
290,ETH/INR,1h,LONG,2025-09-18 07:30:00+05:30,2025-09-19 00:30:00+05:30,4635.64,387075.81,4264.79,5377.34,4618.55,385648.71,INTRADAY_SQUAREOFF,0.02,144.52,0.004667,1806.44,-6.66,2.13,-8.79,-8.79,7225.75,7216.97
291,ETH/INR,1h,LONG,2025-09-19 06:30:00+05:30,2025-09-20 00:30:00+05:30,4614.18,385283.78,4245.04,5352.45,4449.64,371544.84,INTRADAY_SQUAREOFF,0.02,144.34,0.004683,1804.24,-64.34,2.09,-66.43,-66.43,7216.97,7150.54
292,ETH/INR,1h,SHORT,2025-09-20 14:30:00+05:30,2025-09-21 00:30:00+05:30,4467.18,373009.35,4824.55,3752.43,4478.96,373993.2,INTRADAY_SQUAREOFF,0.02,143.01,0.004792,1787.63,-4.72,2.11,-6.83,-6.83,7150.54,7143.71
293,ETH/INR,1h,SHORT,2025-09-22 10:30:00+05:30,2025-09-23 00:30:00+05:30,4289.88,358205.13,4633.07,3603.5,4162.2,347543.67,INTRADAY_SQUAREOFF,0.02,142.87,0.004986,1785.93,53.16,2.08,51.08,51.08,7143.71,7194.79
294,ETH/INR,1h,SHORT,2025-09-23 07:30:00+05:30,2025-09-24 00:30:00+05:30,4165.96,347857.65,4499.24,3499.41,4164.52,347737.03,INTRADAY_SQUAREOFF,0.02,143.9,0.005171,1798.7,0.62,2.12,-1.5,-1.5,7194.79,7193.29
295,ETH/INR,1h,SHORT,2025-09-24 05:30:00+05:30,2025-09-25 00:30:00+05:30,4161.67,347499.13,4494.6,3495.8,4175.93,348690.25,INTRADAY_SQUAREOFF,0.02,143.87,0.005175,1798.32,-6.16,2.13,-8.29,-8.29,7193.29,7185.0
296,ETH/INR,1h,SHORT,2025-09-25 03:30:00+05:30,2025-09-26 00:30:00+05:30,4136.26,345377.99,4467.16,3474.46,3927.84,327974.61,INTRADAY_SQUAREOFF,0.02,143.7,0.005201,1796.25,90.51,2.07,88.45,88.45,7185.0,7273.45
297,ETH/INR,1h,SHORT,2025-09-26 05:30:00+05:30,2025-09-27 00:30:00+05:30,3858.19,322158.77,4166.84,3240.88,4048.94,338086.87,INTRADAY_SQUAREOFF,0.02,145.47,0.005644,1818.36,-89.9,2.2,-92.1,-92.1,7273.45,7181.34
298,ETH/INR,1h,LONG,2025-09-27 05:30:00+05:30,2025-09-28 00:30:00+05:30,4039.82,337324.8,3716.63,4686.19,3995.25,333603.37,INTRADAY_SQUAREOFF,0.02,143.63,0.005322,1795.34,-19.81,2.11,-21.91,-21.91,7181.34,7159.43
299,ETH/INR,1h,LONG,2025-09-28 13:30:00+05:30,2025-09-29 00:30:00+05:30,4017.37,335450.78,3695.98,4660.15,4041.02,337425.23,INTRADAY_SQUAREOFF,0.02,143.19,0.005336,1789.86,10.54,2.12,8.42,8.42,7159.43,7167.85
300,ETH/INR,1h,LONG,2025-09-29 04:30:00+05:30,2025-09-30 00:30:00+05:30,4138.23,345541.89,3807.17,4800.34,4161.58,347492.03,INTRADAY_SQUAREOFF,0.02,143.36,0.005186,1791.96,10.11,2.12,7.99,7.99,7167.85,7175.84
301,ETH/INR,1h,LONG,2025-10-02 05:30:00+05:30,2025-10-03 00:30:00+05:30,4351.9,363383.73,4003.75,5048.21,4489.11,374840.42,INTRADAY_SQUAREOFF,0.02,143.52,0.004937,1793.96,56.56,2.15,54.41,54.41,7175.84,7230.25
302,ETH/INR,1h,LONG,2025-10-03 05:30:00+05:30,2025-10-04 00:30:00+05:30,4489.52,374874.59,4130.35,5207.84,4510.55,376630.66,INTRADAY_SQUAREOFF,0.02,144.61,0.004822,1807.56,8.47,2.14,6.33,6.33,7230.25,7236.58
303,ETH/INR,1h,LONG,2025-10-05 10:30:00+05:30,2025-10-06 00:30:00+05:30,4588.23,383117.49,4221.17,5322.35,4517.32,377196.28,INTRADAY_SQUAREOFF,0.02,144.73,0.004722,1809.15,-27.96,2.12,-30.08,-30.08,7236.58,7206.5
304,ETH/INR,1h,LONG,2025-10-06 19:30:00+05:30,2025-10-07 00:30:00+05:30,4639.36,387386.93,4268.22,5381.66,4713.07,393541.51,INTRADAY_SQUAREOFF,0.02,144.13,0.004651,1801.63,28.62,2.14,26.48,26.48,7206.5,7232.98
305,ETH/INR,1h,LONG,2025-10-07 10:30:00+05:30,2025-10-08 00:30:00+05:30,4719.56,394083.53,4342.0,5474.69,4465.29,372851.73,INTRADAY_SQUAREOFF,0.02,144.66,0.004588,1808.25,-97.42,2.08,-99.5,-99.5,7232.98,7133.48
306,ETH/INR,1h,SHORT,2025-10-08 05:30:00+05:30,2025-10-09 00:30:00+05:30,4448.88,371481.68,4804.79,3737.06,4527.82,378073.13,INTRADAY_SQUAREOFF,0.02,142.67,0.004801,1783.37,-31.64,2.12,-33.77,-33.77,7133.48,7099.72
307,ETH/INR,1h,SHORT,2025-10-09 06:30:00+05:30,2025-10-10 00:30:00+05:30,4510.75,376647.9,4871.61,3789.03,4317.68,360526.01,INTRADAY_SQUAREOFF,0.02,141.99,0.004712,1774.93,75.97,2.05,73.92,73.92,7099.72,7173.64
308,ETH/INR,1h,SHORT,2025-10-10 08:30:00+05:30,2025-10-11 00:30:00+05:30,4357.9,363884.94,4706.54,3660.64,4063.57,339307.75,INTRADAY_SQUAREOFF,0.02,143.47,0.004929,1793.41,121.13,2.04,119.08,119.08,7173.64,7292.72
309,ETH/INR,1h,SHORT,2025-10-11 07:30:00+05:30,2025-10-12 00:30:00+05:30,3735.98,311954.08,4034.86,3138.22,3819.42,318921.67,INTRADAY_SQUAREOFF,0.02,145.85,0.005844,1823.18,-40.72,2.18,-42.9,-42.9,7292.72,7249.83
310,ETH/INR,1h,SHORT,2025-10-12 06:30:00+05:30,2025-10-12 19:30:00+05:30,3701.61,309084.37,3997.74,3109.35,3999.74,333978.02,STOP_LOSS,0.02,145.0,0.005864,1812.46,-145.98,2.22,-148.2,-148.2,7249.83,7101.63
311,ETH/INR,1h,LONG,2025-10-13 05:30:00+05:30,2025-10-14 00:30:00+05:30,4166.13,347871.97,3832.84,4832.71,4227.97,353035.85,INTRADAY_SQUAREOFF,0.02,142.03,0.005104,1775.41,26.35,2.11,24.24,24.24,7101.63,7125.87
312,ETH/INR,1h,SHORT,2025-10-14 18:30:00+05:30,2025-10-15 00:30:00+05:30,3937.4,328772.59,4252.39,3307.41,4124.21,344371.37,INTRADAY_SQUAREOFF,0.02,142.52,0.005419,1781.47,-84.52,2.15,-86.67,-86.67,7125.87,7039.2
313,ETH/INR,1h,SHORT,2025-10-16 03:30:00+05:30,2025-10-17 00:30:00+05:30,3941.97,329154.57,4257.33,3311.26,3907.78,326299.47,INTRADAY_SQUAREOFF,0.02,140.78,0.005346,1759.8,15.26,2.07,13.2,13.2,7039.2,7052.39
314,ETH/INR,1h,SHORT,2025-10-17 11:30:00+05:30,2025-10-18 00:30:00+05:30,3895.48,325272.6,4207.12,3272.2,3837.75,320451.88,INTRADAY_SQUAREOFF,0.02,141.05,0.00542,1763.1,26.13,2.07,24.07,24.07,7052.39,7076.46
315,ETH/INR,1h,LONG,2025-10-19 09:30:00+05:30,2025-10-20 00:30:00+05:30,3907.41,326268.96,3594.82,4532.6,4001.28,334106.62,INTRADAY_SQUAREOFF,0.02,141.53,0.005422,1769.11,42.5,2.11,40.39,40.39,7076.46,7116.84
316,ETH/INR,1h,LONG,2025-10-20 04:30:00+05:30,2025-10-21 00:30:00+05:30,4028.78,336403.11,3706.48,4673.38,3972.88,331735.36,INTRADAY_SQUAREOFF,0.02,142.34,0.005289,1779.21,-24.69,2.08,-26.77,-26.77,7116.84,7090.07
317,ETH/INR,1h,SHORT,2025-10-21 19:30:00+05:30,2025-10-22 00:30:00+05:30,3857.45,322097.23,4166.05,3240.26,4017.55,335465.65,INTRADAY_SQUAREOFF,0.02,141.8,0.005503,1772.52,-73.57,2.13,-75.7,-75.7,7090.07,7014.37
318,ETH/INR,1h,SHORT,2025-10-22 15:30:00+05:30,2025-10-23 00:30:00+05:30,3830.73,319866.23,4137.19,3217.82,3804.93,317711.87,INTRADAY_SQUAREOFF,0.02,140.29,0.005482,1753.59,11.81,2.06,9.75,9.75,7014.37,7024.12
319,ETH/INR,1h,LONG,2025-10-26 17:30:00+05:30,2025-10-27 00:30:00+05:30,4046.71,337900.09,3722.97,4694.18,4070.4,339878.3,INTRADAY_SQUAREOFF,0.02,140.48,0.005197,1756.03,10.28,2.08,8.2,8.2,7024.12,7032.32
320,ETH/INR,1h,LONG,2025-10-27 04:30:00+05:30,2025-10-28 00:30:00+05:30,4169.51,348153.92,3835.95,4836.63,4213.17,351799.91,INTRADAY_SQUAREOFF,0.02,140.65,0.00505,1758.08,18.41,2.09,16.33,16.33,7032.32,7048.65
321,ETH/INR,1h,SHORT,2025-10-28 11:30:00+05:30,2025-10-29 00:30:00+05:30,4067.6,339644.7,4393.01,3416.78,4115.67,343658.37,INTRADAY_SQUAREOFF,0.02,140.97,0.005188,1762.16,-20.82,2.09,-22.92,-22.92,7048.65,7025.73
322,ETH/INR,1h,SHORT,2025-10-29 14:30:00+05:30,2025-10-30 00:30:00+05:30,4004.87,334407.02,4325.26,3364.09,3920.56,327367.0,INTRADAY_SQUAREOFF,0.02,140.51,0.005252,1756.43,36.98,2.05,34.93,34.93,7025.73,7060.66
323,ETH/INR,1h,SHORT,2025-10-30 15:30:00+05:30,2025-10-31 00:30:00+05:30,3892.79,325048.14,4204.22,3269.95,3722.59,310836.68,INTRADAY_SQUAREOFF,0.02,141.21,0.00543,1765.16,77.17,2.04,75.14,75.14,7060.66,7135.79
324,ETH/INR,1h,LONG,2025-11-01 08:30:00+05:30,2025-11-02 00:30:00+05:30,3854.31,321834.64,3545.96,4471.0,3879.42,323931.52,INTRADAY_SQUAREOFF,0.02,142.72,0.005543,1783.95,11.62,2.11,9.51,9.51,7135.79,7145.31
325,ETH/INR,1h,LONG,2025-11-02 08:30:00+05:30,2025-11-03 00:30:00+05:30,3884.99,324396.51,3574.19,4506.59,3861.44,322430.31,INTRADAY_SQUAREOFF,0.02,142.91,0.005507,1786.33,-10.83,2.1,-12.93,-12.93,7145.31,7132.38
326,ETH/INR,1h,SHORT,2025-11-03 21:30:00+05:30,2025-11-04 00:30:00+05:30,3583.22,299198.87,3869.88,3009.9,3631.43,303224.51,INTRADAY_SQUAREOFF,0.02,142.65,0.00596,1783.09,-23.99,2.12,-26.11,-26.11,7132.38,7106.27
327,ETH/INR,1h,SHORT,2025-11-04 02:30:00+05:30,2025-11-05 00:30:00+05:30,3565.6,297727.3,3850.84,2995.1,3305.3,275992.31,INTRADAY_SQUAREOFF,0.02,142.13,0.005967,1776.57,129.69,2.02,127.67,127.67,7106.27,7233.94
328,ETH/INR,1h,SHORT,2025-11-05 16:30:00+05:30,2025-11-06 00:30:00+05:30,3275.01,273462.98,3537.01,2751.0,3462.42,289112.07,INTRADAY_SQUAREOFF,0.02,144.68,0.006613,1808.49,-103.49,2.2,-105.69,-105.69,7233.94,7128.26
329,ETH/INR,1h,LONG,2025-11-06 08:30:00+05:30,2025-11-07 00:30:00+05:30,3426.98,286152.58,3152.82,3975.29,3323.83,277539.66,INTRADAY_SQUAREOFF,0.02,142.57,0.006228,1782.06,-53.64,2.07,-55.71,-55.71,7128.26,7072.55
330,ETH/INR,1h,SHORT,2025-11-07 15:30:00+05:30,2025-11-08 00:30:00+05:30,3289.45,274669.23,3552.61,2763.14,3423.27,285843.16,INTRADAY_SQUAREOFF,0.02,141.45,0.006437,1768.14,-71.93,2.13,-74.06,-74.06,7072.55,6998.49
331,ETH/INR,1h,SHORT,2025-11-09 08:30:00+05:30,2025-11-10 00:30:00+05:30,3365.2,280993.92,3634.41,2826.77,3544.48,295964.41,INTRADAY_SQUAREOFF,0.02,139.97,0.006227,1749.62,-93.21,2.12,-95.33,-95.33,6998.49,6903.15
332,ETH/INR,1h,LONG,2025-11-10 06:30:00+05:30,2025-11-11 00:30:00+05:30,3650.26,304796.34,3358.24,4234.3,3533.53,295049.69,INTRADAY_SQUAREOFF,0.02,138.06,0.005662,1725.79,-55.19,2.0,-57.19,-57.19,6903.15,6845.96
333,ETH/INR,1h,SHORT,2025-11-11 03:30:00+05:30,2025-11-12 00:30:00+05:30,3529.67,294727.55,3812.04,2964.92,3470.14,289756.71,INTRADAY_SQUAREOFF,0.02,136.92,0.005807,1711.49,28.87,2.0,26.86,26.86,6845.96,6872.83
334,ETH/INR,1h,SHORT,2025-11-12 13:30:00+05:30,2025-11-13 00:30:00+05:30,3425.04,285990.52,3699.04,2877.03,3427.69,286212.44,INTRADAY_SQUAREOFF,0.02,137.46,0.006008,1718.21,-1.33,2.03,-3.36,-3.36,6872.83,6869.46
335,ETH/INR,1h,SHORT,2025-11-13 21:30:00+05:30,2025-11-14 00:30:00+05:30,3368.92,281305.02,3638.44,2829.89,3212.56,268248.52,INTRADAY_SQUAREOFF,0.02,137.39,0.006105,1717.37,79.71,1.98,77.73,77.73,6869.46,6947.2
336,ETH/INR,1h,SHORT,2025-11-14 06:30:00+05:30,2025-11-15 00:30:00+05:30,3188.64,266251.38,3443.73,2678.46,3167.83,264513.86,INTRADAY_SQUAREOFF,0.02,138.94,0.006523,1736.8,11.33,2.04,9.29,9.29,6947.2,6956.49
337,ETH/INR,1h,SHORT,2025-11-15 02:30:00+05:30,2025-11-16 00:30:00+05:30,3122.53,260731.48,3372.34,2622.93,3207.06,267789.41,INTRADAY_SQUAREOFF,0.02,139.13,0.00667,1739.12,-47.08,2.08,-49.16,-49.16,6956.49,6907.33
338,ETH/INR,1h,SHORT,2025-11-21 21:30:00+05:30,2025-11-22 00:30:00+05:30,2693.06,224870.43,2908.5,2262.17,2783.07,232386.14,INTRADAY_SQUAREOFF,0.02,138.15,0.007679,1726.83,-57.71,2.07,-59.79,-59.79,6907.33,6847.54
339,ETH/INR,1h,SHORT,2025-11-22 04:30:00+05:30,2025-11-23 00:30:00+05:30,2720.8,227187.01,2938.47,2285.47,2752.38,229823.52,INTRADAY_SQUAREOFF,0.02,136.95,0.007535,1711.89,-19.87,2.03,-21.9,-21.9,6847.54,6825.64
340,ETH/INR,1h,LONG,2025-11-23 14:30:00+05:30,2025-11-24 00:30:00+05:30,2813.79,234951.77,2588.69,3264.0,2805.52,234261.3,INTRADAY_SQUAREOFF,0.02,136.51,0.007263,1706.41,-5.01,2.01,-7.03,-7.03,6825.64,6818.62
341,ETH/INR,1h,LONG,2025-11-24 07:30:00+05:30,2025-11-25 00:30:00+05:30,2806.36,234331.1,2581.85,3255.38,2954.51,246701.93,INTRADAY_SQUAREOFF,0.02,136.37,0.007275,1704.65,89.99,2.06,87.93,87.93,6818.62,6906.55
342,ETH/INR,1h,LONG,2025-11-25 10:30:00+05:30,2025-11-26 00:30:00+05:30,2942.36,245687.05,2706.97,3413.14,2922.9,244062.43,INTRADAY_SQUAREOFF,0.02,138.13,0.007028,1726.64,-11.42,2.03,-13.45,-13.45,6906.55,6893.1
343,ETH/INR,1h,LONG,2025-11-26 19:30:00+05:30,2025-11-27 00:30:00+05:30,2932.49,244863.15,2697.89,3401.69,3032.08,253178.85,INTRADAY_SQUAREOFF,0.02,137.86,0.007038,1723.27,58.52,2.07,56.46,56.46,6893.1,6949.55
344,ETH/INR,1h,LONG,2025-11-27 07:30:00+05:30,2025-11-28 00:30:00+05:30,3055.04,255095.57,2810.63,3543.84,3035.88,253496.0,INTRADAY_SQUAREOFF,0.02,138.99,0.006811,1737.39,-10.89,2.04,-12.94,-12.94,6949.55,6936.62
345,ETH/INR,1h,LONG,2025-11-28 10:30:00+05:30,2025-11-29 00:30:00+05:30,3020.03,252172.1,2778.42,3503.23,3039.64,253810.21,INTRADAY_SQUAREOFF,0.02,138.73,0.006877,1734.15,11.27,2.05,9.21,9.21,6936.62,6945.83
346,ETH/INR,1h,SHORT,2025-12-01 19:30:00+05:30,2025-12-02 00:30:00+05:30,2807.87,234457.53,3032.5,2358.61,2751.63,229761.31,INTRADAY_SQUAREOFF,0.02,138.92,0.007406,1736.46,34.78,2.03,32.75,32.75,6945.83,6978.58
347,ETH/INR,1h,SHORT,2025-12-02 15:30:00+05:30,2025-12-02 21:30:00+05:30,2795.34,233410.88,3018.97,2348.09,3020.48,252209.8,STOP_LOSS,0.02,139.57,0.007475,1744.65,-140.51,2.14,-142.66,-142.66,6978.58,6835.93
348,ETH/INR,1h,LONG,2025-12-03 15:30:00+05:30,2025-12-04 00:30:00+05:30,3064.43,255880.24,2819.28,3554.74,3113.97,260016.36,INTRADAY_SQUAREOFF,0.02,136.72,0.006679,1708.98,27.62,2.03,25.59,25.59,6835.93,6861.52
349,ETH/INR,1h,LONG,2025-12-04 08:30:00+05:30,2025-12-05 00:30:00+05:30,3226.62,269422.51,2968.49,3742.88,3140.2,262206.42,INTRADAY_SQUAREOFF,0.02,137.23,0.006367,1715.38,-45.94,2.0,-47.94,-47.94,6861.52,6813.58
350,ETH/INR,1h,SHORT,2025-12-06 13:30:00+05:30,2025-12-07 00:30:00+05:30,3025.35,252616.39,3267.37,2541.29,3044.59,254222.87,INTRADAY_SQUAREOFF,0.02,136.27,0.006743,1703.39,-10.83,2.02,-12.85,-12.85,6813.58,6800.73
351,ETH/INR,1h,SHORT,2025-12-07 10:30:00+05:30,2025-12-08 00:30:00+05:30,3043.11,254099.54,3286.56,2556.21,3131.28,261462.04,INTRADAY_SQUAREOFF,0.02,136.01,0.006691,1700.18,-49.26,2.04,-51.3,-51.3,6800.73,6749.43
352,ETH/INR,1h,LONG,2025-12-08 14:30:00+05:30,2025-12-09 00:30:00+05:30,3146.36,262721.16,2894.65,3649.78,3088.59,257896.95,INTRADAY_SQUAREOFF,0.02,134.99,0.006423,1687.36,-30.98,1.97,-32.96,-32.96,6749.43,6716.47
353,ETH/INR,1h,LONG,2025-12-10 04:30:00+05:30,2025-12-11 00:30:00+05:30,3340.42,278924.88,3073.18,3874.88,3381.53,282357.88,INTRADAY_SQUAREOFF,0.02,134.33,0.00602,1679.12,20.67,1.99,18.67,18.67,6716.47,6735.15
354,ETH/INR,1h,LONG,2025-12-12 08:30:00+05:30,2025-12-13 00:30:00+05:30,3267.01,272794.94,3005.64,3789.73,3079.64,257149.82,INTRADAY_SQUAREOFF,0.02,134.7,0.006172,1683.79,-96.57,1.93,-98.5,-98.5,6735.15,6636.65
355,ETH/INR,1h,LONG,2025-12-14 03:30:00+05:30,2025-12-15 00:30:00+05:30,3115.45,260140.34,2866.22,3613.93,3101.72,258993.38,INTRADAY_SQUAREOFF,0.02,132.73,0.006378,1659.16,-7.32,1.95,-9.27,-9.27,6636.65,6627.38
356,ETH/INR,1h,LONG,2025-12-15 15:30:00+05:30,2025-12-16 00:30:00+05:30,3159.46,263815.02,2906.7,3664.98,2937.27,245261.87,INTRADAY_SQUAREOFF,0.02,132.55,0.00628,1656.85,-116.52,1.89,-118.41,-118.41,6627.38,6508.97
357,ETH/INR,1h,SHORT,2025-12-16 06:30:00+05:30,2025-12-17 00:30:00+05:30,2940.93,245567.51,3176.2,2470.38,2952.76,246555.77,INTRADAY_SQUAREOFF,0.02,130.18,0.006626,1627.24,-6.55,1.92,-8.47,-8.47,6508.97,6500.5
358,ETH/INR,1h,SHORT,2025-12-17 09:30:00+05:30,2025-12-18 00:30:00+05:30,2943.79,245806.88,3179.3,2472.79,2812.84,234872.55,INTRADAY_SQUAREOFF,0.02,130.01,0.006611,1625.13,72.29,1.87,70.42,70.42,6500.5,6570.92
359,ETH/INR,1h,SHORT,2025-12-18 11:30:00+05:30,2025-12-19 00:30:00+05:30,2822.78,235702.19,3048.6,2371.14,2826.13,235982.05,INTRADAY_SQUAREOFF,0.02,131.42,0.00697,1642.73,-1.95,1.94,-3.89,-3.89,6570.92,6567.03
360,ETH/INR,1h,LONG,2025-12-20 17:30:00+05:30,2025-12-21 00:30:00+05:30,2988.19,249513.67,2749.13,3466.3,2975.11,248421.49,INTRADAY_SQUAREOFF,0.02,131.34,0.00658,1641.76,-7.19,1.93,-9.12,-9.12,6567.03,6557.91
361,ETH/INR,1h,LONG,2025-12-22 10:30:00+05:30,2025-12-23 00:30:00+05:30,3041.98,254005.28,2798.62,3528.7,3013.62,251637.44,INTRADAY_SQUAREOFF,0.02,131.16,0.006454,1639.48,-15.28,1.93,-17.21,-17.21,6557.91,6540.7
362,ETH/INR,1h,SHORT,2025-12-23 08:30:00+05:30,2025-12-24 00:30:00+05:30,2987.65,249468.47,3226.66,2509.62,2947.58,246123.07,INTRADAY_SQUAREOFF,0.02,130.81,0.006555,1635.17,21.93,1.92,20.01,20.01,6540.7,6560.71
363,ETH/INR,1h,SHORT,2025-12-24 04:30:00+05:30,2025-12-25 00:30:00+05:30,2952.77,246556.15,3188.99,2480.33,2940.99,245572.83,INTRADAY_SQUAREOFF,0.02,131.21,0.006652,1640.18,6.54,1.93,4.61,4.61,6560.71,6565.32
364,ETH/INR,1h,SHORT,2025-12-25 06:30:00+05:30,2025-12-26 00:30:00+05:30,2935.33,245099.83,3170.15,2465.67,2958.56,247039.4,INTRADAY_SQUAREOFF,0.02,131.31,0.006697,1641.33,-12.99,1.94,-14.93,-14.93,6565.32,6550.39
365,ETH/INR,1h,LONG,2025-12-26 19:30:00+05:30,2025-12-27 00:30:00+05:30,2984.89,249238.53,2746.1,3462.48,2919.37,243767.24,INTRADAY_SQUAREOFF,0.02,131.01,0.00657,1637.6,-35.95,1.91,-37.86,-37.86,6550.39,6512.53
366,ETH/INR,1h,SHORT,2025-12-27 22:30:00+05:30,2025-12-28 00:30:00+05:30,2915.81,243470.35,3149.08,2449.28,2925.4,244271.12,INTRADAY_SQUAREOFF,0.02,130.25,0.006687,1628.13,-5.35,1.92,-7.28,-7.28,6512.53,6505.25
367,ETH/INR,1h,SHORT,2025-12-30 00:30:00+05:30,2025-12-31 00:30:00+05:30,2912.5,243194.14,3145.51,2446.5,2970.78,248060.5,INTRADAY_SQUAREOFF,0.02,130.1,0.006687,1626.31,-32.54,1.94,-34.48,-34.48,6505.25,6470.77
368,ETH/INR,1h,LONG,2025-12-31 05:30:00+05:30,2026-01-01 00:30:00+05:30,2972.89,248236.58,2735.06,3448.56,2968.64,247881.7,INTRADAY_SQUAREOFF,0.02,129.42,0.006517,1617.69,-2.31,1.91,-4.22,-4.22,6470.77,6466.55
369,ETH/INR,1h,LONG,2026-01-01 03:30:00+05:30,2026-01-02 00:30:00+05:30,2980.38,248861.47,2741.95,3457.24,2984.27,249186.22,INTRADAY_SQUAREOFF,0.02,129.33,0.006496,1616.64,2.11,1.91,0.2,0.2,6466.55,6466.75
370,ETH/INR,1h,LONG,2026-01-02 04:30:00+05:30,2026-01-03 00:30:00+05:30,2997.1,250257.9,2757.33,3476.64,3106.71,259410.45,INTRADAY_SQUAREOFF,0.02,129.33,0.00646,1616.69,59.13,1.94,57.18,57.18,6466.75,6523.93
371,ETH/INR,1h,LONG,2026-01-03 03:30:00+05:30,2026-01-04 00:30:00+05:30,3131.28,261461.71,2880.78,3632.28,3112.66,259906.86,INTRADAY_SQUAREOFF,0.02,130.48,0.006238,1630.98,-9.7,1.92,-11.62,-11.62,6523.93,6512.31
372,ETH/INR,1h,LONG,2026-01-04 15:30:00+05:30,2026-01-05 00:30:00+05:30,3145.66,262662.34,2894.0,3648.96,3131.44,261475.19,INTRADAY_SQUAREOFF,0.02,130.25,0.006198,1628.08,-7.36,1.92,-9.28,-9.28,6512.31,6503.04
373,ETH/INR,1h,LONG,2026-01-05 02:30:00+05:30,2026-01-06 00:30:00+05:30,3141.74,262334.98,2890.4,3644.41,3218.65,268756.88,INTRADAY_SQUAREOFF,0.02,130.06,0.006197,1625.76,39.8,1.94,37.86,37.86,6503.04,6540.89
374,ETH/INR,1h,LONG,2026-01-06 12:30:00+05:30,2026-01-07 00:30:00+05:30,3251.26,271480.38,2991.16,3771.46,3215.69,268510.21,INTRADAY_SQUAREOFF,0.02,130.82,0.006023,1635.22,-17.89,1.92,-19.81,-19.81,6540.89,6521.09
375,ETH/INR,1h,SHORT,2026-01-08 09:30:00+05:30,2026-01-09 00:30:00+05:30,3131.55,261484.05,3382.07,2630.5,3119.22,260454.97,INTRADAY_SQUAREOFF,0.02,130.42,0.006235,1630.27,6.42,1.92,4.5,4.5,6521.09,6525.58
376,ETH/INR,1h,SHORT,2026-01-09 13:30:00+05:30,2026-01-10 00:30:00+05:30,3106.45,259388.95,3354.97,2609.42,3090.31,258041.11,INTRADAY_SQUAREOFF,0.02,130.51,0.006289,1631.4,8.48,1.92,6.56,6.56,6525.58,6532.14
377,ETH/INR,1h,LONG,2026-01-11 18:30:00+05:30,2026-01-12 00:30:00+05:30,3112.97,259933.1,2863.93,3611.05,3123.31,260796.42,INTRADAY_SQUAREOFF,0.02,130.64,0.006283,1633.03,5.42,1.93,3.49,3.49,6532.14,6535.63
378,ETH/INR,1h,LONG,2026-01-12 05:30:00+05:30,2026-01-13 00:30:00+05:30,3120.82,260588.81,2871.16,3620.16,3104.14,259195.33,INTRADAY_SQUAREOFF,0.02,130.71,0.00627,1633.91,-8.74,1.92,-10.66,-10.66,6535.63,6524.97
379,ETH/INR,1h,LONG,2026-01-14 01:30:00+05:30,2026-01-15 00:30:00+05:30,3216.51,268578.34,2959.19,3731.15,3337.74,278701.19,INTRADAY_SQUAREOFF,0.02,130.5,0.006074,1631.24,61.48,1.96,59.52,59.52,6524.97,6584.49
380,ETH/INR,1h,SHORT,2026-01-16 15:30:00+05:30,2026-01-17 00:30:00+05:30,3305.14,275978.85,3569.55,2776.31,3278.65,273767.33,INTRADAY_SQUAREOFF,0.02,131.69,0.005965,1646.12,13.19,1.93,11.26,11.26,6584.49,6595.75
381,ETH/INR,1h,LONG,2026-01-18 09:30:00+05:30,2026-01-19 00:30:00+05:30,3317.91,277045.53,3052.48,3848.78,3358.89,280467.28,INTRADAY_SQUAREOFF,0.02,131.91,0.005952,1648.94,20.37,1.96,18.41,18.41,6595.75,6614.16
382,ETH/INR,1h,SHORT,2026-01-19 12:30:00+05:30,2026-01-20 00:30:00+05:30,3188.19,266214.23,3443.25,2678.08,3214.6,268419.48,INTRADAY_SQUAREOFF,0.02,132.28,0.006211,1653.54,-13.7,1.96,-15.66,-15.66,6614.16,6598.5
383,ETH/INR,1h,SHORT,2026-01-20 03:30:00+05:30,2026-01-21 00:30:00+05:30,3208.66,267923.09,3465.35,2695.27,2991.2,249764.97,INTRADAY_SQUAREOFF,0.02,131.97,0.006157,1649.63,111.8,1.88,109.92,109.92,6598.5,6708.42
384,ETH/INR,1h,SHORT,2026-01-21 04:30:00+05:30,2026-01-22 00:30:00+05:30,2931.0,244738.73,3165.48,2462.04,2925.91,244313.12,INTRADAY_SQUAREOFF,0.02,134.17,0.006853,1677.11,2.92,1.98,0.94,0.94,6708.42,6709.36
385,ETH/INR,1h,LONG,2026-01-22 07:30:00+05:30,2026-01-23 00:30:00+05:30,3029.23,252940.84,2786.89,3513.91,2934.96,245069.57,INTRADAY_SQUAREOFF,0.02,134.19,0.006631,1677.34,-52.2,1.95,-54.15,-54.15,6709.36,6655.21
386,ETH/INR,1h,SHORT,2026-01-23 12:30:00+05:30,2026-01-24 00:30:00+05:30,2934.18,245004.26,3168.92,2464.71,2986.56,249377.83,INTRADAY_SQUAREOFF,0.02,133.1,0.006791,1663.8,-29.7,1.98,-31.68,-31.68,6655.21,6623.53
387,ETH/INR,1h,SHORT,2026-01-25 13:30:00+05:30,2026-01-26 00:30:00+05:30,2933.12,244915.69,3167.77,2463.82,2846.58,237689.78,INTRADAY_SQUAREOFF,0.02,132.47,0.006761,1655.88,48.85,1.93,46.93,46.93,6623.53,6670.46
388,ETH/INR,1h,LONG,2026-01-26 19:30:00+05:30,2026-01-27 00:30:00+05:30,2908.37,242848.75,2675.7,3373.71,2927.34,244432.79,INTRADAY_SQUAREOFF,0.02,133.41,0.006867,1667.62,10.88,1.97,8.9,8.9,6670.46,6679.37
389,ETH/INR,1h,LONG,2026-01-27 08:30:00+05:30,2026-01-28 00:30:00+05:30,2943.38,245772.06,2707.91,3414.32,2972.67,248217.9,INTRADAY_SQUAREOFF,0.02,133.59,0.006794,1669.84,16.62,1.98,14.64,14.64,6679.37,6694.0
390,ETH/INR,1h,LONG,2026-01-28 12:30:00+05:30,2026-01-29 00:30:00+05:30,3014.24,251689.0,2773.1,3496.52,3009.63,251304.4,INTRADAY_SQUAREOFF,0.02,133.88,0.006649,1673.5,-2.56,1.97,-4.53,-4.53,6694.0,6689.47
391,ETH/INR,1h,SHORT,2026-01-29 15:30:00+05:30,2026-01-30 00:30:00+05:30,2937.45,245276.71,3172.44,2467.45,2760.74,230521.49,INTRADAY_SQUAREOFF,0.02,133.79,0.006818,1672.37,100.61,1.91,98.69,98.69,6689.47,6788.16
392,ETH/INR,1h,SHORT,2026-01-30 06:30:00+05:30,2026-01-31 00:30:00+05:30,2798.13,233644.14,3021.98,2350.43,2736.89,228529.91,INTRADAY_SQUAREOFF,0.02,135.76,0.007263,1697.04,37.15,1.98,35.17,35.17,6788.16,6823.33
393,ETH/INR,1h,SHORT,2026-01-31 02:30:00+05:30,2026-02-01 00:30:00+05:30,2662.14,222288.48,2875.11,2236.2,2378.94,198641.64,INTRADAY_SQUAREOFF,0.02,136.47,0.007674,1705.83,181.46,1.91,179.56,179.56,6823.33,7002.89
394,ETH/INR,1h,SHORT,2026-02-01 11:30:00+05:30,2026-02-02 00:30:00+05:30,2423.06,202325.66,2616.91,2035.37,2350.27,196247.89,INTRADAY_SQUAREOFF,0.02,140.06,0.008653,1750.72,52.59,2.03,50.56,50.56,7002.89,7053.45
395,ETH/INR,1h,SHORT,2026-02-03 08:30:00+05:30,2026-02-04 00:30:00+05:30,2295.6,191682.41,2479.25,1928.3,2121.08,177110.04,INTRADAY_SQUAREOFF,0.02,141.07,0.009199,1763.36,134.06,2.0,132.06,132.06,7053.45,7185.5
396,ETH/INR,1h,SHORT,2026-02-05 09:30:00+05:30,2026-02-06 00:30:00+05:30,2098.55,175229.05,2266.44,1762.78,1947.43,162610.06,INTRADAY_SQUAREOFF,0.02,143.71,0.010252,1796.38,129.36,2.04,127.32,127.32,7185.5,7312.82
397,ETH/INR,1h,SHORT,2026-02-06 14:30:00+05:30,2026-02-06 21:30:00+05:30,1866.07,155816.54,2015.35,1567.5,2016.36,168366.01,STOP_LOSS,0.02,146.26,0.011733,1828.21,-147.24,2.24,-149.49,-149.49,7312.82,7163.33
398,ETH/INR,1h,LONG,2026-02-07 07:30:00+05:30,2026-02-08 00:30:00+05:30,2065.15,172440.25,1899.94,2395.58,2094.48,174889.41,INTRADAY_SQUAREOFF,0.02,143.27,0.010385,1790.83,25.44,2.13,23.31,23.31,7163.33,7186.64
399,ETH/INR,1h,LONG,2026-02-08 02:30:00+05:30,2026-02-09 00:30:00+05:30,2110.02,176186.57,1941.22,2447.62,2107.7,175992.58,INTRADAY_SQUAREOFF,0.02,143.73,0.010197,1796.66,-1.98,2.12,-4.1,-4.1,7186.64,7182.54
400,ETH/INR,1h,SHORT,2026-02-09 19:30:00+05:30,2026-02-10 00:30:00+05:30,2020.5,168711.86,2182.14,1697.22,2129.44,177807.91,INTRADAY_SQUAREOFF,0.02,143.65,0.010643,1795.64,-96.81,2.18,-98.99,-98.99,7182.54,7083.56
401,ETH/INR,1h,LONG,2026-02-10 07:30:00+05:30,2026-02-11 00:30:00+05:30,2122.82,177255.73,1953.0,2462.47,2007.4,167618.03,INTRADAY_SQUAREOFF,0.02,141.67,0.009991,1770.89,-96.29,2.03,-98.32,-98.32,7083.56,6985.24
402,ETH/INR,1h,SHORT,2026-02-11 08:30:00+05:30,2026-02-12 00:30:00+05:30,2013.16,168099.19,2174.22,1691.06,1943.28,162263.6,INTRADAY_SQUAREOFF,0.02,139.7,0.010389,1746.31,60.62,2.02,58.6,58.6,6985.24,7043.84
403,ETH/INR,1h,SHORT,2026-02-12 08:30:00+05:30,2026-02-13 00:30:00+05:30,1956.23,163345.16,2112.73,1643.23,1920.54,160365.29,INTRADAY_SQUAREOFF,0.02,140.88,0.010781,1760.96,32.12,2.06,30.07,30.07,7043.84,7073.9
404,ETH/INR,1h,SHORT,2026-02-13 06:30:00+05:30,2026-02-14 00:30:00+05:30,1928.67,161043.64,2082.96,1620.08,2057.59,171808.75,INTRADAY_SQUAREOFF,0.02,141.48,0.010981,1768.48,-118.22,2.16,-120.37,-120.37,7073.9,6953.53
405,ETH/INR,1h,LONG,2026-02-14 06:30:00+05:30,2026-02-15 00:30:00+05:30,2055.52,171635.83,1891.08,2384.4,2082.95,173926.32,INTRADAY_SQUAREOFF,0.02,139.07,0.010128,1738.38,23.2,2.06,21.13,21.13,6953.53,6974.66
406,ETH/INR,1h,SHORT,2026-02-15 23:30:00+05:30,2026-02-16 01:30:00+05:30,1959.21,163594.19,2115.95,1645.74,1942.61,162208.03,INTRADAY_SQUAREOFF,0.02,139.49,0.010658,1743.67,14.77,2.05,12.73,12.73,6974.66,6987.39
407,ETH/INR,1h,SHORT,2026-02-16 08:30:00+05:30,2026-02-17 00:30:00+05:30,1952.13,163003.14,2108.3,1639.79,1969.56,164458.39,INTRADAY_SQUAREOFF,0.02,139.75,0.010717,1746.85,-15.6,2.07,-17.67,-17.67,6987.39,6969.72
408,ETH/INR,1h,SHORT,2026-02-17 07:30:00+05:30,2026-02-18 00:30:00+05:30,1990.18,166179.97,2149.39,1671.75,2000.06,167004.63,INTRADAY_SQUAREOFF,0.02,139.39,0.010485,1742.43,-8.65,2.06,-10.71,-10.71,6969.72,6959.02
409,ETH/INR,1h,SHORT,2026-02-18 06:30:00+05:30,2026-02-19 00:30:00+05:30,1979.89,165320.57,2138.28,1663.11,1952.71,163051.53,INTRADAY_SQUAREOFF,0.02,139.18,0.010524,1739.75,23.88,2.04,21.84,21.84,6959.02,6980.86
410,ETH/INR,1h,SHORT,2026-02-19 14:30:00+05:30,2026-02-20 00:30:00+05:30,1966.08,164167.46,2123.36,1651.51,1940.08,161996.69,INTRADAY_SQUAREOFF,0.02,139.62,0.010631,1745.21,23.08,2.05,21.03,21.03,6980.86,7001.89
411,ETH/INR,1h,SHORT,2026-02-20 10:30:00+05:30,2026-02-21 00:30:00+05:30,1932.75,161384.54,2087.37,1623.51,1978.27,165185.19,INTRADAY_SQUAREOFF,0.02,140.04,0.010847,1750.47,-41.22,2.09,-43.31,-43.31,7001.89,6958.57
412,ETH/INR,1h,SHORT,2026-02-23 02:30:00+05:30,2026-02-24 00:30:00+05:30,1938.88,161896.61,2093.99,1628.66,1858.61,155194.27,INTRADAY_SQUAREOFF,0.02,139.17,0.010745,1739.64,72.02,2.01,70.01,70.01,6958.57,7028.58
413,ETH/INR,1h,LONG,2026-02-25 14:30:00+05:30,2026-02-26 00:30:00+05:30,1912.9,159726.87,1759.86,2218.96,2073.81,173162.99,INTRADAY_SQUAREOFF,0.02,140.57,0.011001,1757.15,147.81,2.16,145.65,145.65,7028.58,7174.23
414,ETH/INR,1h,LONG,2026-02-26 02:30:00+05:30,2026-02-27 00:30:00+05:30,2081.29,173787.64,1914.79,2414.3,2003.07,167256.29,INTRADAY_SQUAREOFF,0.02,143.48,0.01032,1793.56,-67.41,2.08,-69.48,-69.48,7174.23,7104.75
415,ETH/INR,1h,SHORT,2026-02-27 06:30:00+05:30,2026-02-28 00:30:00+05:30,2008.86,167740.13,2169.57,1687.45,1918.9,160228.11,INTRADAY_SQUAREOFF,0.02,142.09,0.010589,1776.19,79.54,2.05,77.5,77.5,7104.75,7182.24
416,ETH/INR,1h,SHORT,2026-02-28 09:30:00+05:30,2026-03-01 00:30:00+05:30,1921.28,160426.55,2074.98,1613.87,1937.35,161768.63,INTRADAY_SQUAREOFF,0.02,143.64,0.011192,1795.56,-15.02,2.13,-17.15,-17.15,7182.24,7165.09
417,ETH/INR,1h,LONG,2026-03-01 07:30:00+05:30,2026-03-02 00:30:00+05:30,2014.1,168177.27,1852.97,2336.35,1974.91,164904.71,INTRADAY_SQUAREOFF,0.02,143.3,0.010651,1791.27,-34.86,2.09,-36.95,-36.95,7165.09,7128.15
418,ETH/INR,1h,SHORT,2026-03-02 12:30:00+05:30,2026-03-03 00:30:00+05:30,1938.86,161894.67,2093.97,1628.64,2030.58,169553.24,INTRADAY_SQUAREOFF,0.02,142.56,0.011007,1782.04,-84.3,2.15,-86.45,-86.45,7128.15,7041.69
419,ETH/INR,1h,LONG,2026-03-04 19:30:00+05:30,2026-03-05 00:30:00+05:30,2068.85,172748.94,1903.34,2399.87,2161.34,180472.21,INTRADAY_SQUAREOFF,0.02,140.83,0.010191,1760.42,78.71,2.12,76.58,76.58,7041.69,7118.27
420,ETH/INR,1h,LONG,2026-03-05 10:30:00+05:30,2026-03-06 00:30:00+05:30,2143.05,178944.49,1971.6,2485.94,2075.54,173307.98,INTRADAY_SQUAREOFF,0.02,142.37,0.009945,1779.57,-56.05,2.07,-58.12,-58.12,7118.27,7060.15
421,ETH/INR,1h,SHORT,2026-03-07 05:30:00+05:30,2026-03-08 00:30:00+05:30,1976.85,165067.34,2135.0,1660.56,1972.21,164679.4,INTRADAY_SQUAREOFF,0.02,141.2,0.010693,1765.04,4.15,2.08,2.07,2.07,7060.15,7062.22
422,ETH/INR,1h,SHORT,2026-03-08 08:30:00+05:30,2026-03-09 00:30:00+05:30,1939.19,161922.53,2094.33,1628.92,1931.43,161274.81,INTRADAY_SQUAREOFF,0.02,141.24,0.010904,1765.56,7.06,2.08,4.98,4.98,7062.22,7067.2
423,ETH/INR,1h,LONG,2026-03-09 14:30:00+05:30,2026-03-10 00:30:00+05:30,1999.77,166980.63,1839.79,2319.73,2011.91,167994.55,INTRADAY_SQUAREOFF,0.02,141.34,0.010581,1766.8,10.73,2.09,8.64,8.64,7067.2,7075.84
424,ETH/INR,1h,LONG,2026-03-10 06:30:00+05:30,2026-03-11 00:30:00+05:30,2023.01,168920.99,1861.17,2346.69,2039.01,170257.35,INTRADAY_SQUAREOFF,0.02,141.52,0.010472,1768.96,13.99,2.1,11.9,11.9,7075.84,7087.74
425,ETH/INR,1h,LONG,2026-03-11 05:30:00+05:30,2026-03-12 00:30:00+05:30,2038.15,170185.42,1875.1,2364.25,2076.27,173368.54,INTRADAY_SQUAREOFF,0.02,141.75,0.010412,1771.93,33.14,2.11,31.03,31.03,7087.74,7118.77
426,ETH/INR,1h,LONG,2026-03-13 01:30:00+05:30,2026-03-14 00:30:00+05:30,2073.97,173176.44,1908.05,2405.8,2099.89,175340.71,INTRADAY_SQUAREOFF,0.02,142.38,0.010277,1779.69,22.24,2.11,20.13,20.13,7118.77,7138.9
427,ETH/INR,1h,SHORT,2026-03-14 10:30:00+05:30,2026-03-15 00:30:00+05:30,2088.1,174356.71,2255.15,1754.01,2078.46,173551.79,INTRADAY_SQUAREOFF,0.02,142.78,0.010236,1784.72,8.24,2.1,6.14,6.14,7138.9,7145.04
428,ETH/INR,1h,LONG,2026-03-15 14:30:00+05:30,2026-03-16 00:30:00+05:30,2114.12,176528.88,1944.99,2452.38,2099.41,175300.53,INTRADAY_SQUAREOFF,0.02,142.9,0.010119,1786.26,-12.43,2.1,-14.53,-14.53,7145.04,7130.51
429,ETH/INR,1h,LONG,2026-03-16 07:30:00+05:30,2026-03-17 00:30:00+05:30,2189.57,182828.73,2014.4,2539.9,2319.89,193711.2,INTRADAY_SQUAREOFF,0.02,142.61,0.00975,1782.63,106.11,2.17,103.94,103.94,7130.51,7234.45
430,ETH/INR,1h,LONG,2026-03-17 17:30:00+05:30,2026-03-18 00:30:00+05:30,2333.0,194805.37,2146.36,2706.28,2331.82,194706.83,INTRADAY_SQUAREOFF,0.02,144.69,0.009284,1808.61,-0.91,2.13,-3.05,-3.05,7234.45,7231.4
431,ETH/INR,1h,LONG,2026-03-18 14:30:00+05:30,2026-03-19 00:30:00+05:30,2326.22,194239.75,2140.13,2698.42,2182.8,182264.12,INTRADAY_SQUAREOFF,0.02,144.63,0.009307,1807.85,-111.46,2.07,-113.53,-113.53,7231.4,7117.87
432,ETH/INR,1h,SHORT,2026-03-19 10:30:00+05:30,2026-03-20 00:30:00+05:30,2191.18,182963.69,2366.48,1840.59,2128.34,177716.53,INTRADAY_SQUAREOFF,0.02,142.36,0.009726,1779.47,51.03,2.07,48.96,48.96,7117.87,7166.83
433,ETH/INR,1h,SHORT,2026-03-20 04:30:00+05:30,2026-03-21 00:30:00+05:30,2134.94,178267.54,2305.74,1793.35,2123.64,177324.32,INTRADAY_SQUAREOFF,0.02,143.34,0.010051,1791.71,9.48,2.11,7.37,7.37,7166.83,7174.21
434,ETH/INR,1h,SHORT,2026-03-21 05:30:00+05:30,2026-03-22 00:30:00+05:30,2143.45,178978.48,2314.93,1800.5,2152.25,179712.81,INTRADAY_SQUAREOFF,0.02,143.48,0.010021,1793.55,-7.36,2.12,-9.48,-9.48,7174.21,7164.73
435,ETH/INR,1h,SHORT,2026-03-22 04:30:00+05:30,2026-03-23 00:30:00+05:30,2148.61,179409.2,2320.5,1804.84,2072.41,173046.19,INTRADAY_SQUAREOFF,0.02,143.29,0.009984,1791.18,63.53,2.08,61.45,61.45,7164.73,7226.18
436,ETH/INR,1h,SHORT,2026-03-23 12:30:00+05:30,2026-03-24 00:30:00+05:30,2028.66,169393.28,2190.96,1704.08,2170.62,181247.01,INTRADAY_SQUAREOFF,0.02,144.52,0.010665,1806.54,-126.42,2.21,-128.62,-128.62,7226.18,7097.55
437,ETH/INR,1h,LONG,2026-03-24 13:30:00+05:30,2026-03-25 00:30:00+05:30,2169.03,181113.74,1995.5,2516.07,2116.91,176762.37,INTRADAY_SQUAREOFF,0.02,141.95,0.009797,1774.39,-42.63,2.07,-44.7,-44.7,7097.55,7052.85
438,ETH/INR,1h,SHORT,2026-03-26 15:30:00+05:30,2026-03-27 00:30:00+05:30,2076.22,173364.49,2242.32,1744.03,2046.53,170885.28,INTRADAY_SQUAREOFF,0.02,141.06,0.010171,1763.21,25.21,2.07,23.15,23.15,7052.85,7076.0
439,ETH/INR,1h,SHORT,2026-03-27 05:30:00+05:30,2026-03-28 00:30:00+05:30,2056.16,171689.04,2220.65,1727.17,1984.18,165678.62,INTRADAY_SQUAREOFF,0.02,141.52,0.010304,1769.0,61.93,2.05,59.88,59.88,7076.0,7135.88
440,ETH/INR,1h,SHORT,2026-03-28 14:30:00+05:30,2026-03-29 00:30:00+05:30,1996.74,166727.48,2156.48,1677.26,2021.93,168830.89,INTRADAY_SQUAREOFF,0.02,142.72,0.0107,1783.97,-22.51,2.12,-24.62,-24.62,7135.88,7111.26
441,ETH/INR,1h,LONG,2026-03-29 02:30:00+05:30,2026-03-30 00:30:00+05:30,2025.56,169134.46,1863.52,2349.65,1994.75,166561.59,INTRADAY_SQUAREOFF,0.02,142.23,0.010511,1777.81,-27.04,2.08,-29.13,-29.13,7111.26,7082.13
442,ETH/INR,1h,LONG,2026-03-30 13:30:00+05:30,2026-03-31 00:30:00+05:30,2059.52,171969.73,1894.76,2389.04,2029.31,169447.36,INTRADAY_SQUAREOFF,0.02,141.64,0.010296,1770.53,-25.97,2.07,-28.04,-28.04,7082.13,7054.09
443,ETH/INR,1h,SHORT,2026-03-31 10:30:00+05:30,2026-04-01 00:30:00+05:30,2055.19,171608.38,2219.61,1726.36,2099.2,175282.81,INTRADAY_SQUAREOFF,0.02,141.08,0.010276,1763.52,-37.76,2.1,-39.86,-39.86,7054.09,7014.22
444,ETH/INR,1h,LONG,2026-04-01 02:30:00+05:30,2026-04-02 00:30:00+05:30,2107.46,175972.78,1938.86,2444.65,2126.88,177594.12,INTRADAY_SQUAREOFF,0.02,140.28,0.009965,1753.56,16.16,2.08,14.08,14.08,7014.22,7028.3
445,ETH/INR,1h,LONG,2026-04-02 06:30:00+05:30,2026-04-03 00:30:00+05:30,2159.22,180295.03,1986.48,2504.7,2057.13,171770.47,INTRADAY_SQUAREOFF,0.02,140.57,0.009746,1757.08,-83.08,2.02,-85.1,-85.1,7028.3,6943.2
446,ETH/INR,1h,LONG,2026-04-03 17:30:00+05:30,2026-04-04 00:30:00+05:30,2064.98,172425.89,1899.78,2395.38,2047.73,170985.82,INTRADAY_SQUAREOFF,0.02,138.86,0.010067,1735.8,-14.5,2.04,-16.54,-16.54,6943.2,6926.66
447,ETH/INR,1h,LONG,2026-04-04 11:30:00+05:30,2026-04-05 00:30:00+05:30,2054.77,171573.42,1890.39,2383.53,2054.02,171510.41,INTRADAY_SQUAREOFF,0.02,138.53,0.010093,1731.67,-0.64,2.04,-2.68,-2.68,6926.66,6923.98
448,ETH/INR,1h,LONG,2026-04-06 04:30:00+05:30,2026-04-07 00:30:00+05:30,2086.47,174220.32,1919.55,2420.31,2143.79,179006.58,INTRADAY_SQUAREOFF,0.02,138.48,0.009936,1731.0,47.55,2.07,45.48,45.48,6923.98,6969.47
449,ETH/INR,1h,LONG,2026-04-07 02:30:00+05:30,2026-04-08 00:30:00+05:30,2154.04,179861.96,1981.71,2498.68,2084.72,174073.82,INTRADAY_SQUAREOFF,0.02,139.39,0.009687,1742.37,-56.07,2.02,-58.09,-58.09,6969.47,6911.37
450,ETH/INR,1h,LONG,2026-04-08 18:30:00+05:30,2026-04-09 00:30:00+05:30,2257.93,188536.82,2077.29,2619.19,2198.04,183536.39,INTRADAY_SQUAREOFF,0.02,138.23,0.009164,1727.84,-45.83,2.01,-47.84,-47.84,6911.37,6863.54
451,ETH/INR,1h,SHORT,2026-04-09 04:30:00+05:30,2026-04-10 00:30:00+05:30,2183.34,182309.17,2358.01,1834.01,2207.89,184359.12,INTRADAY_SQUAREOFF,0.02,137.27,0.009412,1715.88,-19.29,2.04,-21.33,-21.33,6863.54,6842.21
452,ETH/INR,1h,LONG,2026-04-10 10:30:00+05:30,2026-04-11 00:30:00+05:30,2197.25,183470.08,2021.47,2548.81,2248.86,187779.74,INTRADAY_SQUAREOFF,0.02,136.84,0.009323,1710.55,40.18,2.04,38.14,38.14,6842.21,6880.34
453,ETH/INR,1h,LONG,2026-04-11 17:30:00+05:30,2026-04-12 00:30:00+05:30,2248.71,187766.87,2068.81,2608.5,2303.59,192349.65,INTRADAY_SQUAREOFF,0.02,137.61,0.009161,1720.09,41.98,2.05,39.93,39.93,6880.34,6920.27
454,ETH/INR,1h,SHORT,2026-04-12 16:30:00+05:30,2026-04-13 00:30:00+05:30,2196.86,183438.22,2372.61,1845.37,2202.68,183923.87,INTRADAY_SQUAREOFF,0.02,138.41,0.009431,1730.07,-4.58,2.04,-6.62,-6.62,6920.27,6913.65
455,ETH/INR,1h,LONG,2026-04-14 04:30:00+05:30,2026-04-15 00:30:00+05:30,2362.75,197289.7,2173.73,2740.79,2312.68,193109.04,INTRADAY_SQUAREOFF,0.02,138.27,0.008761,1728.41,-36.63,2.02,-38.64,-38.64,6913.65,6875.0
456,ETH/INR,1h,SHORT,2026-04-15 11:30:00+05:30,2026-04-16 00:30:00+05:30,2314.47,193258.42,2499.63,1944.16,2360.7,197118.43,INTRADAY_SQUAREOFF,0.02,137.5,0.008894,1718.75,-34.33,2.05,-36.38,-36.38,6875.0,6838.63
457,ETH/INR,1h,LONG,2026-04-17 12:30:00+05:30,2026-04-18 00:30:00+05:30,2334.1,194897.05,2147.37,2707.55,2420.5,202111.68,INTRADAY_SQUAREOFF,0.02,136.77,0.008772,1709.66,63.29,2.05,61.23,61.23,6838.63,6899.86
458,ETH/INR,1h,SHORT,2026-04-19 22:30:00+05:30,2026-04-20 00:30:00+05:30,2305.15,192479.77,2489.56,1936.32,2299.82,192034.91,INTRADAY_SQUAREOFF,0.02,138.0,0.008962,1724.96,3.99,2.03,1.95,1.95,6899.86,6901.81
459,ETH/INR,1h,SHORT,2026-04-20 03:30:00+05:30,2026-04-21 00:30:00+05:30,2274.16,189892.56,2456.1,1910.3,2337.07,195145.17,INTRADAY_SQUAREOFF,0.02,138.04,0.009086,1725.45,-47.73,2.06,-49.79,-49.79,6901.81,6852.02
460,ETH/INR,1h,LONG,2026-04-22 17:30:00+05:30,2026-04-23 00:30:00+05:30,2402.89,200641.38,2210.66,2787.35,2394.27,199921.73,INTRADAY_SQUAREOFF,0.02,137.04,0.008538,1713.01,-6.14,2.02,-8.16,-8.16,6852.02,6843.86
461,ETH/INR,1h,SHORT,2026-04-23 13:30:00+05:30,2026-04-24 00:30:00+05:30,2340.96,195470.06,2528.24,1966.41,2306.94,192629.73,INTRADAY_SQUAREOFF,0.02,136.88,0.008753,1710.96,24.86,2.0,22.86,22.86,6843.86,6866.72
462,ETH/INR,1h,SHORT,2026-04-24 08:30:00+05:30,2026-04-25 00:30:00+05:30,2315.37,193333.54,2500.6,1944.91,2322.82,193955.53,INTRADAY_SQUAREOFF,0.02,137.33,0.008879,1716.68,-5.52,2.03,-7.55,-7.55,6866.72,6859.16
463,ETH/INR,1h,SHORT,2026-04-25 03:30:00+05:30,2026-04-26 00:30:00+05:30,2312.67,193108.21,2497.69,1942.65,2312.86,193123.46,INTRADAY_SQUAREOFF,0.02,137.18,0.00888,1714.79,-0.14,2.02,-2.16,-2.16,6859.16,6857.01
464,ETH/INR,1h,SHORT,2026-04-26 07:30:00+05:30,2026-04-27 00:30:00+05:30,2312.92,193129.07,2497.96,1942.86,2364.19,197409.99,INTRADAY_SQUAREOFF,0.02,137.14,0.008876,1714.25,-38.0,2.05,-40.04,-40.04,6857.01,6816.96
465,ETH/INR,1h,LONG,2026-04-27 06:30:00+05:30,2026-04-28 00:30:00+05:30,2393.58,199863.6,2202.09,2776.55,2286.81,190948.3,INTRADAY_SQUAREOFF,0.02,136.34,0.008527,1704.24,-76.02,1.97,-77.99,-77.99,6816.96,6738.97
466,ETH/INR,1h,SHORT,2026-04-28 03:30:00+05:30,2026-04-29 00:30:00+05:30,2285.49,190838.13,2468.33,1919.81,2298.02,191884.55,INTRADAY_SQUAREOFF,0.02,134.78,0.008828,1684.74,-9.24,1.99,-11.23,-11.23,6738.97,6727.74
467,ETH/INR,1h,SHORT,2026-04-29 04:30:00+05:30,2026-04-30 00:30:00+05:30,2284.07,190719.62,2466.79,1918.62,2240.13,187050.81,INTRADAY_SQUAREOFF,0.02,134.55,0.008819,1681.94,32.35,1.97,30.39,30.39,6727.74,6758.13
468,ETH/INR,1h,SHORT,2026-04-30 08:30:00+05:30,2026-05-01 00:30:00+05:30,2234.55,186585.1,2413.32,1877.02,2259.56,188673.19,INTRADAY_SQUAREOFF,0.02,135.16,0.009055,1689.53,-18.91,2.0,-20.91,-20.91,6758.13,6737.22
469,ETH/INR,1h,SHORT,2026-05-01 03:30:00+05:30,2026-05-02 00:30:00+05:30,2252.38,188074.0,2432.57,1892.0,2306.04,192554.54,INTRADAY_SQUAREOFF,0.02,134.74,0.008956,1684.3,-40.13,2.01,-42.14,-42.14,6737.22,6695.08
470,ETH/INR,1h,LONG,2026-05-02 12:30:00+05:30,2026-05-03 00:30:00+05:30,2306.78,192616.36,2122.24,2675.87,2309.11,192811.09,INTRADAY_SQUAREOFF,0.02,133.9,0.00869,1673.77,1.69,1.98,-0.28,-0.28,6695.08,6694.8
471,ETH/INR,1h,LONG,2026-05-04 01:30:00+05:30,2026-05-05 00:30:00+05:30,2338.68,195279.68,2151.58,2712.87,2360.99,197142.57,INTRADAY_SQUAREOFF,0.02,133.9,0.008571,1673.7,15.97,1.98,13.98,13.98,6694.8,6708.78
472,ETH/INR,1h,LONG,2026-05-05 06:30:00+05:30,2026-05-06 05:30:00+05:30,2360.62,197111.74,2171.77,2738.32,2358.53,196937.26,INTRADAY_SQUAREOFF,0.02,134.18,0.008509,1677.2,-1.48,1.98,-3.46,-3.46,6708.78,6705.32
473,ETH/INR,1h,LONG,2026-05-06 12:30:00+05:30,2026-05-07 00:30:00+05:30,2372.17,198075.82,2182.39,2751.71,2343.51,195682.88,INTRADAY_SQUAREOFF,0.02,134.11,0.008463,1676.33,-20.25,1.97,-22.22,-22.22,6705.32,6683.1
474,ETH/INR,1h,SHORT,2026-05-07 06:30:00+05:30,2026-05-08 00:30:00+05:30,2328.24,194407.64,2514.49,1955.72,2297.07,191805.17,INTRADAY_SQUAREOFF,0.02,133.66,0.008594,1670.78,22.37,1.96,20.41,20.41,6683.1,6703.51
475,ETH/INR,1h,SHORT,2026-05-08 08:30:00+05:30,2026-05-09 00:30:00+05:30,2269.6,189511.37,2451.17,1906.46,2314.74,193280.53,INTRADAY_SQUAREOFF,0.02,134.07,0.008843,1675.88,-33.33,2.0,-35.33,-35.33,6703.51,6668.18
476,ETH/INR,1h,LONG,2026-05-09 21:30:00+05:30,2026-05-10 00:30:00+05:30,2318.89,193627.22,2133.38,2689.91,2328.99,194471.07,INTRADAY_SQUAREOFF,0.02,133.36,0.00861,1667.05,7.27,1.97,5.29,5.29,6668.18,6673.47
477,ETH/INR,1h,LONG,2026-05-10 08:30:00+05:30,2026-05-11 00:30:00+05:30,2328.8,194455.11,2142.5,2701.41,2357.19,196825.44,INTRADAY_SQUAREOFF,0.02,133.47,0.00858,1668.37,20.34,1.98,18.36,18.36,6673.47,6691.83
478,ETH/INR,1h,LONG,2026-05-11 17:30:00+05:30,2026-05-12 00:30:00+05:30,2336.94,195134.32,2149.98,2710.85,2334.46,194927.58,INTRADAY_SQUAREOFF,0.02,133.84,0.008573,1672.96,-1.77,1.97,-3.75,-3.75,6691.83,6688.08
479,ETH/INR,1h,SHORT,2026-05-12 12:30:00+05:30,2026-05-13 00:30:00+05:30,2300.86,192121.73,2484.93,1932.72,2280.56,190426.73,INTRADAY_SQUAREOFF,0.02,133.76,0.008703,1672.02,14.75,1.96,12.79,12.79,6688.08,6700.87
480,ETH/INR,1h,SHORT,2026-05-13 11:30:00+05:30,2026-05-14 00:30:00+05:30,2294.47,191588.44,2478.03,1927.36,2259.73,188687.4,INTRADAY_SQUAREOFF,0.02,134.02,0.008744,1675.22,25.37,1.96,23.4,23.4,6700.87,6724.28
481,ETH/INR,1h,SHORT,2026-05-14 03:30:00+05:30,2026-05-15 00:30:00+05:30,2252.23,188061.49,2432.41,1891.88,2311.27,192990.64,INTRADAY_SQUAREOFF,0.02,134.49,0.008939,1681.07,-44.06,2.01,-46.07,-46.07,6724.28,6678.21
482,ETH/INR,1h,SHORT,2026-05-16 01:30:00+05:30,2026-05-17 00:30:00+05:30,2219.45,185324.06,2397.01,1864.34,2181.66,182168.64,INTRADAY_SQUAREOFF,0.02,133.56,0.009009,1669.55,28.43,1.95,26.47,26.47,6678.21,6704.68
483,ETH/INR,1h,SHORT,2026-05-17 04:30:00+05:30,2026-05-18 00:30:00+05:30,2177.61,181830.49,2351.82,1829.19,2188.76,182761.77,INTRADAY_SQUAREOFF,0.02,134.09,0.009218,1676.17,-8.58,1.98,-10.57,-10.57,6704.68,6694.11
484,ETH/INR,1h,SHORT,2026-05-19 00:30:00+05:30,2026-05-20 00:30:00+05:30,2076.96,173426.24,2243.12,1744.65,2115.02,176603.91,INTRADAY_SQUAREOFF,0.02,133.88,0.00965,1673.53,-30.66,1.99,-32.66,-32.66,6694.11,6661.45
485,ETH/INR,1h,SHORT,2026-05-20 19:30:00+05:30,2026-05-21 00:30:00+05:30,2113.37,176466.62,2282.44,1775.23,2130.55,177901.32,INTRADAY_SQUAREOFF,0.02,133.23,0.009437,1665.36,-13.54,1.97,-15.51,-15.51,6661.45,6645.94
486,ETH/INR,1h,SHORT,2026-05-22 10:30:00+05:30,2026-05-23 00:30:00+05:30,2129.49,177812.81,2299.85,1788.78,2098.76,175246.36,INTRADAY_SQUAREOFF,0.02,132.92,0.009344,1661.49,23.98,1.95,22.03,22.03,6645.94,6667.98
487,ETH/INR,1h,SHORT,2026-05-23 12:30:00+05:30,2026-05-24 00:30:00+05:30,2057.08,171766.27,2221.65,1727.95,2072.81,173079.29,INTRADAY_SQUAREOFF,0.02,133.36,0.009705,1666.99,-12.74,1.97,-14.72,-14.72,6667.98,6653.26
488,ETH/INR,1h,LONG,2026-05-24 12:30:00+05:30,2026-05-25 00:30:00+05:30,2128.01,177689.12,1957.77,2468.5,2096.22,175034.49,INTRADAY_SQUAREOFF,0.02,133.07,0.009361,1663.31,-24.85,1.95,-26.8,-26.8,6653.26,6626.46
489,ETH/INR,1h,SHORT,2026-05-25 07:30:00+05:30,2026-05-26 00:30:00+05:30,2089.78,174497.02,2256.97,1755.42,2126.04,177524.55,INTRADAY_SQUAREOFF,0.02,132.53,0.009494,1656.62,-28.74,1.97,-30.71,-30.71,6626.46,6595.75
490,ETH/INR,1h,SHORT,2026-05-27 09:30:00+05:30,2026-05-28 00:30:00+05:30,2065.42,172462.3,2230.65,1734.95,2053.84,171495.34,INTRADAY_SQUAREOFF,0.02,131.91,0.009561,1648.94,9.25,1.94,7.3,7.3,6595.75,6603.05
491,ETH/INR,1h,SHORT,2026-05-28 03:30:00+05:30,2026-05-29 00:30:00+05:30,2011.99,168001.46,2172.95,1690.07,2022.44,168873.8,INTRADAY_SQUAREOFF,0.02,132.06,0.009826,1650.76,-8.57,1.95,-10.52,-10.52,6603.05,6592.53
492,ETH/INR,1h,LONG,2026-05-30 15:30:00+05:30,2026-05-31 00:30:00+05:30,2015.56,168299.04,1854.31,2338.05,2023.5,168962.06,INTRADAY_SQUAREOFF,0.02,131.85,0.009793,1648.13,6.49,1.95,4.54,4.54,6592.53,6597.07
493,ETH/INR,1h,LONG,2026-05-31 06:30:00+05:30,2026-06-01 00:30:00+05:30,2025.75,169150.32,1863.69,2349.87,1997.28,166772.95,INTRADAY_SQUAREOFF,0.02,131.94,0.00975,1649.27,-23.18,1.93,-25.11,-25.11,6597.07,6571.96
494,ETH/INR,1h,SHORT,2026-06-01 07:30:00+05:30,2026-06-02 00:30:00+05:30,1990.2,166182.06,2149.42,1671.77,1991.51,166290.69,INTRADAY_SQUAREOFF,0.02,131.44,0.009887,1642.99,-1.07,1.94,-3.01,-3.01,6571.96,6568.95
495,ETH/INR,1h,SHORT,2026-06-02 03:30:00+05:30,2026-06-03 00:30:00+05:30,1988.65,166051.87,2147.74,1670.46,1910.75,159548.04,INTRADAY_SQUAREOFF,0.02,131.38,0.00989,1642.24,64.32,1.9,62.42,62.42,6568.95,6631.37
496,ETH/INR,1h,SHORT,2026-06-03 08:30:00+05:30,2026-06-04 00:30:00+05:30,1847.99,154306.8,1995.82,1552.31,1830.7,152863.86,INTRADAY_SQUAREOFF,0.02,132.63,0.010744,1657.84,15.5,1.95,13.56,13.56,6631.37,6644.92
497,ETH/INR,1h,SHORT,2026-06-04 13:30:00+05:30,2026-06-05 00:30:00+05:30,1770.92,147872.17,1912.6,1487.58,1774.0,148128.71,INTRADAY_SQUAREOFF,0.02,132.9,0.011234,1661.23,-2.88,1.96,-4.84,-4.84,6644.92,6640.08
498,ETH/INR,1h,SHORT,2026-06-05 03:30:00+05:30,2026-06-06 00:30:00+05:30,1755.79,146608.61,1896.26,1474.87,1552.3,129616.7,INTRADAY_SQUAREOFF,0.02,132.8,0.011323,1660.02,192.4,1.85,190.55,190.55,6640.08,6830.63
499,ETH/INR,1h,SHORT,2026-06-06 15:30:00+05:30,2026-06-07 00:30:00+05:30,1564.56,130640.53,1689.72,1314.23,1556.84,129995.98,INTRADAY_SQUAREOFF,0.02,136.61,0.013071,1707.66,8.43,2.01,6.42,6.42,6830.63,6837.04
500,ETH/INR,1h,LONG,2026-06-08 03:30:00+05:30,2026-06-09 00:30:00+05:30,1635.95,136601.62,1505.07,1897.7,1682.75,140509.47,INTRADAY_SQUAREOFF,0.02,136.74,0.012513,1709.26,48.9,2.05,46.85,46.85,6837.04,6883.9
501,ETH/INR,1h,SHORT,2026-06-10 04:30:00+05:30,2026-06-11 00:30:00+05:30,1637.67,136745.51,1768.68,1375.64,1629.55,136067.79,INTRADAY_SQUAREOFF,0.02,137.68,0.012585,1720.97,8.53,2.03,6.5,6.5,6883.9,6890.4
502,ETH/INR,1h,SHORT,2026-06-11 03:30:00+05:30,2026-06-12 00:30:00+05:30,1602.56,133813.62,1730.76,1346.15,1682.41,140481.3,INTRADAY_SQUAREOFF,0.02,137.81,0.012873,1722.6,-85.83,2.08,-87.92,-87.92,6890.4,6802.48
503,ETH/INR,1h,LONG,2026-06-12 08:30:00+05:30,2026-06-13 00:30:00+05:30,1676.33,139973.37,1542.22,1944.54,1664.91,139019.74,INTRADAY_SQUAREOFF,0.02,136.05,0.01215,1700.62,-11.59,2.0,-13.59,-13.59,6802.48,6788.9
504,ETH/INR,1h,LONG,2026-06-13 07:30:00+05:30,2026-06-14 00:30:00+05:30,1675.33,139889.82,1541.3,1943.38,1676.67,140002.05,INTRADAY_SQUAREOFF,0.02,135.78,0.012133,1697.22,1.36,2.0,-0.64,-0.64,6788.9,6788.26
505,ETH/INR,1h,LONG,2026-06-14 15:30:00+05:30,2026-06-15 00:30:00+05:30,1678.44,140149.64,1544.16,1946.99,1659.9,138601.62,INTRADAY_SQUAREOFF,0.02,135.77,0.012109,1697.06,-18.74,1.99,-20.74,-20.74,6788.26,6767.52
506,ETH/INR,1h,LONG,2026-06-15 17:30:00+05:30,2026-06-16 00:30:00+05:30,1767.87,147617.44,1626.44,2050.73,1825.49,152428.15,INTRADAY_SQUAREOFF,0.02,135.35,0.011461,1691.88,55.14,2.03,53.11,53.11,6767.52,6820.63
507,ETH/INR,1h,LONG,2026-06-16 23:30:00+05:30,2026-06-17 01:30:00+05:30,1799.11,150225.61,1655.18,2086.97,1791.88,149622.28,INTRADAY_SQUAREOFF,0.02,136.41,0.011351,1705.16,-6.85,2.01,-8.86,-8.86,6820.63,6811.77
508,ETH/INR,1h,SHORT,2026-06-18 01:30:00+05:30,2026-06-19 00:30:00+05:30,1726.8,144187.48,1864.94,1450.51,1684.24,140634.18,INTRADAY_SQUAREOFF,0.02,136.24,0.011811,1702.94,41.97,1.98,39.98,39.98,6811.77,6851.75
509,ETH/INR,1h,SHORT,2026-06-19 15:30:00+05:30,2026-06-20 00:30:00+05:30,1686.2,140797.41,1821.09,1416.41,1702.07,142122.89,INTRADAY_SQUAREOFF,0.02,137.04,0.012166,1712.94,-16.13,2.03,-18.16,-18.16,6851.75,6833.6
510,ETH/INR,1h,SHORT,2026-06-20 08:30:00+05:30,2026-06-21 00:30:00+05:30,1701.61,142084.33,1837.74,1429.35,1725.16,144051.04,INTRADAY_SQUAREOFF,0.02,136.67,0.012024,1708.4,-23.65,2.03,-25.68,-25.68,6833.6,6807.92
511,ETH/INR,1h,LONG,2026-06-21 20:30:00+05:30,2026-06-22 00:30:00+05:30,1727.25,144225.64,1589.07,2003.61,1732.73,144683.22,INTRADAY_SQUAREOFF,0.02,136.16,0.011801,1701.98,5.4,2.01,3.39,3.39,6807.92,6811.31
512,ETH/INR,1h,LONG,2026-06-22 19:30:00+05:30,2026-06-23 00:30:00+05:30,1778.3,148487.94,1636.03,2062.83,1730.6,144505.45,INTRADAY_SQUAREOFF,0.02,136.23,0.011468,1702.83,-45.67,1.98,-47.65,-47.65,6811.31,6763.65
513,ETH/INR,1h,SHORT,2026-06-23 10:30:00+05:30,2026-06-24 00:30:00+05:30,1715.7,143261.1,1852.96,1441.19,1653.85,138096.19,INTRADAY_SQUAREOFF,0.02,135.27,0.011803,1690.91,60.96,1.96,59.0,59.0,6763.65,6822.66
514,ETH/INR,1h,SHORT,2026-06-24 08:30:00+05:30,2026-06-25 00:30:00+05:30,1660.71,138669.22,1793.57,1395.0,1571.46,131216.52,INTRADAY_SQUAREOFF,0.02,136.45,0.0123,1705.66,91.67,1.96,89.71,89.71,6822.66,6912.37
515,ETH/INR,1h,SHORT,2026-06-26 14:30:00+05:30,2026-06-27 00:30:00+05:30,1560.42,130295.02,1685.25,1310.75,1571.15,131190.62,INTRADAY_SQUAREOFF,0.02,138.25,0.013263,1728.09,-11.88,2.05,-13.92,-13.92,6912.37,6898.44
516,ETH/INR,1h,SHORT,2026-06-29 10:30:00+05:30,2026-06-30 00:30:00+05:30,1571.35,131208.05,1697.06,1319.94,1619.17,135200.63,INTRADAY_SQUAREOFF,0.02,137.97,0.013144,1724.61,-52.48,2.07,-54.54,-54.54,6898.44,6843.9
517,ETH/INR,1h,SHORT,2026-07-01 03:30:00+05:30,2026-07-02 00:30:00+05:30,1566.58,130809.12,1691.9,1315.92,1615.77,134916.58,INTRADAY_SQUAREOFF,0.02,136.88,0.01308,1710.97,-53.73,2.05,-55.78,-55.78,6843.9,6788.12
518,ETH/INR,1h,LONG,2026-07-02 07:30:00+05:30,2026-07-03 00:30:00+05:30,1623.21,135538.14,1493.35,1882.93,1699.89,141940.78,INTRADAY_SQUAREOFF,0.02,135.76,0.012521,1697.03,80.17,2.05,78.12,78.12,6788.12,6866.24
519,ETH/INR,1h,LONG,2026-07-03 07:30:00+05:30,2026-07-04 00:30:00+05:30,1716.7,143344.27,1579.36,1991.37,1736.28,144979.5,INTRADAY_SQUAREOFF,0.02,137.32,0.011975,1716.56,19.58,2.04,17.54,17.54,6866.24,6883.78
520,ETH/INR,1h,LONG,2026-07-04 10:30:00+05:30,2026-07-05 00:30:00+05:30,1763.38,147242.33,1622.31,2045.52,1791.33,149576.38,INTRADAY_SQUAREOFF,0.02,137.68,0.011688,1720.95,27.28,2.05,25.23,25.23,6883.78,6909.02
521,ETH/INR,1h,LONG,2026-07-07 12:30:00+05:30,2026-07-08 00:30:00+05:30,1781.81,148781.18,1639.27,2066.9,1784.0,148963.8,INTRADAY_SQUAREOFF,0.02,138.18,0.011609,1727.25,2.12,2.04,0.08,0.08,6909.02,6909.1
522,ETH/INR,1h,SHORT,2026-07-09 07:30:00+05:30,2026-07-10 00:30:00+05:30,1727.84,144274.27,1866.06,1451.38,1751.2,146224.79,INTRADAY_SQUAREOFF,0.02,138.18,0.011972,1727.27,-23.35,2.05,-25.4,-25.4,6909.1,6883.69
523,ETH/INR,1h,LONG,2026-07-10 15:30:00+05:30,2026-07-11 00:30:00+05:30,1794.28,149822.1,1650.73,2081.36,1782.21,148814.4,INTRADAY_SQUAREOFF,0.02,137.67,0.011486,1720.92,-11.57,2.02,-13.6,-13.6,6883.69,6870.09
524,ETH/INR,1h,LONG,2026-07-11 05:30:00+05:30,2026-07-12 00:30:00+05:30,1797.57,150096.96,1653.76,2085.18,1823.81,152287.94,INTRADAY_SQUAREOFF,0.02,137.4,0.011443,1717.52,25.07,2.04,23.03,23.03,6870.09,6893.12
525,ETH/INR,1h,SHORT,2026-07-14 13:30:00+05:30,2026-07-15 00:30:00+05:30,1776.1,148304.47,1918.19,1491.93,1874.6,156528.84,INTRADAY_SQUAREOFF,0.02,137.86,0.01162,1723.28,-95.57,2.09,-97.66,-97.66,6893.12,6795.47
526,ETH/INR,1h,LONG,2026-07-15 05:30:00+05:30,2026-07-16 00:30:00+05:30,1893.03,158067.67,1741.58,2195.91,1922.07,160492.72,INTRADAY_SQUAREOFF,0.02,135.91,0.010748,1698.87,26.06,2.02,24.04,24.04,6795.47,6819.51
527,ETH/INR,1h,LONG,2026-07-16 08:30:00+05:30,2026-07-17 00:30:00+05:30,1925.66,160792.8,1771.61,2233.77,1873.8,156462.52,INTRADAY_SQUAREOFF,0.02,136.39,0.010603,1704.88,-45.91,1.98,-47.9,-47.9,6819.51,6771.61
528,ETH/INR,1h,SHORT,2026-07-17 04:30:00+05:30,2026-07-18 00:30:00+05:30,1865.97,155808.21,2015.24,1567.41,1846.49,154182.14,INTRADAY_SQUAREOFF,0.02,135.43,0.010865,1692.9,17.67,1.99,15.68,15.68,6771.61,6787.29
529,ETH/INR,1h,LONG,2026-07-20 23:30:00+05:30,2026-07-21 01:30:00+05:30,1909.35,159431.08,1756.61,2214.85,1897.7,158458.01,INTRADAY_SQUAREOFF,0.02,135.75,0.010643,1696.82,-10.36,2.0,-12.35,-12.35,6787.29,6774.94
530,ETH/INR,1h,LONG,2026-07-21 06:30:00+05:30,2026-07-22 00:30:00+05:30,1917.76,160132.83,1764.34,2224.6,1917.6,160119.67,INTRADAY_SQUAREOFF,0.02,135.5,0.010577,1693.74,-0.14,2.0,-2.14,-2.14,6774.94,6772.8
531,ETH/INR,1h,LONG,2026-07-22 05:30:00+05:30,2026-07-23 00:30:00+05:30,1930.79,161221.37,1776.33,2239.72,1928.93,161065.24,INTRADAY_SQUAREOFF,0.02,135.46,0.010502,1693.2,-1.64,2.0,-3.64,-3.64,6772.8,6769.17
532,ETH/INR,1h,LONG,2026-07-23 03:30:00+05:30,2026-07-24 00:30:00+05:30,1939.6,161956.54,1784.43,2249.94,1879.38,156928.21,INTRADAY_SQUAREOFF,0.02,135.38,0.010449,1692.29,-52.54,1.97,-54.51,-54.51,6769.17,6714.66
533,ETH/INR,1h,SHORT,2026-07-24 14:30:00+05:30,2026-07-25 00:30:00+05:30,1884.15,157326.31,2034.88,1582.68,1862.37,155507.95,INTRADAY_SQUAREOFF,0.02,134.29,0.01067,1678.66,19.4,1.97,17.43,17.43,6714.66,6732.09
534,ETH/INR,1h,SHORT,2026-07-25 03:30:00+05:30,2026-07-26 00:30:00+05:30,1854.43,154845.1,2002.79,1557.72,1874.64,156532.17,INTRADAY_SQUAREOFF,0.02,134.64,0.010869,1683.02,-18.34,2.0,-20.33,-20.33,6732.09,6711.76
535,ETH/INR,1h,LONG,2026-07-26 04:30:00+05:30,2026-07-27 00:30:00+05:30,1876.3,156670.86,1726.19,2176.51,1911.78,159633.93,INTRADAY_SQUAREOFF,0.02,134.24,0.01071,1677.94,31.73,2.0,29.74,29.74,6711.76,6741.49
536,ETH/INR,1h,LONG,2026-07-27 04:30:00+05:30,2026-07-28 00:30:00+05:30,1951.96,162988.28,1795.8,2264.27,1936.23,161675.32,INTRADAY_SQUAREOFF,0.02,134.83,0.01034,1685.37,-13.58,1.98,-15.56,-15.56,6741.49,6725.94
537,ETH/INR,1h,SHORT,2026-07-28 06:30:00+05:30,2026-07-29 00:30:00+05:30,1875.23,156581.87,2025.25,1575.19,1910.26,159507.1,INTRADAY_SQUAREOFF,0.02,134.52,0.010739,1681.48,-31.41,2.0,-33.42,-33.42,6725.94,6692.52
538,ETH/INR,1h,LONG,2026-07-29 12:30:00+05:30,2026-07-30 00:30:00+05:30,1919.86,160308.27,1766.27,2227.04,1917.74,160131.34,INTRADAY_SQUAREOFF,0.02,133.85,0.010437,1673.13,-1.85,1.97,-3.82,-3.82,6692.52,6688.7
539,ETH/INR,1h,LONG,2026-07-30 03:30:00+05:30,2026-07-31 00:30:00+05:30,1897.14,158411.03,1745.37,2200.68,1913.28,159759.12,INTRADAY_SQUAREOFF,0.02,133.77,0.010556,1672.18,14.23,1.98,12.25,12.25,6688.7,6700.95
540,ETH/INR,1h,SHORT,2026-07-31 19:30:00+05:30,2026-08-01 00:30:00+05:30,1861.66,155448.5,2010.59,1563.79,1871.04,156231.42,INTRADAY_SQUAREOFF,0.02,134.02,0.010777,1675.24,-8.44,1.98,-10.42,-10.42,6700.95,6690.53
541,ETH/INR,1h,LONG,2026-08-02 10:30:00+05:30,2026-08-03 00:30:00+05:30,1881.16,157076.87,1730.67,2182.15,1872.69,156369.88,INTRADAY_SQUAREOFF,0.02,133.81,0.010648,1672.63,-7.53,1.97,-9.5,-9.5,6690.53,6681.03
542,ETH/INR,1h,LONG,2026-08-06 17:30:00+05:30,2026-08-07 00:30:00+05:30,1908.41,159352.54,1755.74,2213.76,1904.11,158992.98,INTRADAY_SQUAREOFF,0.02,133.62,0.010482,1670.26,-3.77,1.97,-5.74,-5.74,6681.03,6675.3
543,ETH/INR,1h,LONG,2026-08-08 01:30:00+05:30,2026-08-09 00:30:00+05:30,1920.16,160333.32,1766.55,2227.39,1919.14,160248.18,INTRADAY_SQUAREOFF,0.02,133.51,0.010408,1668.82,-0.89,1.97,-2.85,-2.85,6675.3,6672.44
544,ETH/INR,1h,LONG,2026-08-09 12:30:00+05:30,2026-08-10 00:30:00+05:30,1919.08,160243.1,1765.55,2226.13,1919.17,160250.69,INTRADAY_SQUAREOFF,0.02,133.45,0.01041,1668.11,0.08,1.97,-1.89,-1.89,6672.44,6670.55
545,ETH/INR,1h,SHORT,2026-08-11 03:30:00+05:30,2026-08-12 00:30:00+05:30,1870.95,156224.66,2020.63,1571.6,1865.03,155730.17,INTRADAY_SQUAREOFF,0.02,133.41,0.010675,1667.64,5.28,1.96,3.31,3.31,6670.55,6673.87
546,ETH/INR,1h,SHORT,2026-08-13 14:30:00+05:30,2026-08-14 00:30:00+05:30,1886.06,157485.72,2036.94,1584.29,1884.81,157381.8,INTRADAY_SQUAREOFF,0.02,133.48,0.010594,1668.47,1.1,1.97,-0.87,-0.87,6673.87,6673.0
547,ETH/INR,1h,SHORT,2026-08-14 09:30:00+05:30,2026-08-15 00:30:00+05:30,1880.01,156980.79,2030.41,1579.21,1874.47,156517.98,INTRADAY_SQUAREOFF,0.02,133.46,0.010627,1668.25,4.92,1.97,2.95,2.95,6673.0,6675.95
548,ETH/INR,1h,SHORT,2026-08-15 09:30:00+05:30,2026-08-16 00:30:00+05:30,1879.92,156973.28,2030.31,1579.13,1881.74,157125.33,INTRADAY_SQUAREOFF,0.02,133.52,0.010632,1668.99,-1.62,1.97,-3.59,-3.59,6675.95,6672.36
549,ETH/INR,1h,LONG,2026-08-17 16:30:00+05:30,2026-08-18 00:30:00+05:30,1908.22,159336.68,1755.57,2213.54,1907.0,159234.16,INTRADAY_SQUAREOFF,0.02,133.45,0.010469,1668.09,-1.07,1.97,-3.04,-3.04,6672.36,6669.32
550,ETH/INR,1h,LONG,2026-08-18 14:30:00+05:30,2026-08-19 00:30:00+05:30,1900.97,158731.0,1748.89,2205.13,1914.04,159822.55,INTRADAY_SQUAREOFF,0.02,133.39,0.010504,1667.33,11.47,1.97,9.49,9.49,6669.32,6678.81
551,ETH/INR,1h,LONG,2026-08-19 12:30:00+05:30,2026-08-20 00:30:00+05:30,1917.82,160137.84,1764.39,2224.67,2090.22,174533.74,INTRADAY_SQUAREOFF,0.02,133.58,0.010427,1669.7,150.1,2.06,148.04,148.04,6678.81,6826.86
552,ETH/INR,1h,LONG,2026-08-20 12:30:00+05:30,2026-08-21 00:30:00+05:30,2266.68,189268.02,2085.35,2629.35,2315.36,193332.71,INTRADAY_SQUAREOFF,0.02,136.54,0.009017,1706.71,36.65,2.04,34.62,34.62,6826.86,6861.47
553,ETH/INR,1h,LONG,2026-08-21 11:30:00+05:30,2026-08-22 00:30:00+05:30,2368.78,197793.46,2179.28,2747.79,2418.58,201951.44,INTRADAY_SQUAREOFF,0.02,137.23,0.008673,1715.37,36.06,2.05,34.01,34.01,6861.47,6895.49
554,ETH/INR,1h,LONG,2026-08-22 02:30:00+05:30,2026-08-23 00:30:00+05:30,2448.56,204455.07,2252.68,2840.33,2425.94,202565.68,INTRADAY_SQUAREOFF,0.02,137.91,0.008432,1723.87,-15.93,2.02,-17.96,-17.96,6895.49,6877.53
555,ETH/INR,1h,LONG,2026-08-24 15:30:00+05:30,2026-08-25 00:30:00+05:30,2466.12,205921.22,2268.83,2860.7,2473.35,206524.96,INTRADAY_SQUAREOFF,0.02,137.55,0.00835,1719.38,5.04,2.03,3.01,3.01,6877.53,6880.54
556,ETH/INR,1h,LONG,2026-08-25 03:30:00+05:30,2026-08-26 00:30:00+05:30,2487.72,207724.89,2288.71,2885.76,2466.17,205924.88,INTRADAY_SQUAREOFF,0.02,137.61,0.008281,1720.14,-14.91,2.02,-16.93,-16.93,6880.54,6863.62
557,ETH/INR,1h,LONG,2026-08-27 11:30:00+05:30,2026-08-28 00:30:00+05:30,2498.63,208635.49,2298.74,2898.41,2505.85,209238.19,INTRADAY_SQUAREOFF,0.02,137.27,0.008224,1715.9,4.96,2.03,2.93,2.93,6863.62,6866.55
558,ETH/INR,1h,LONG,2026-08-28 04:30:00+05:30,2026-08-29 00:30:00+05:30,2518.56,210299.65,2317.07,2921.53,2428.08,202744.3,INTRADAY_SQUAREOFF,0.02,137.33,0.008163,1716.64,-61.67,1.99,-63.66,-63.66,6866.55,6802.88
559,ETH/INR,1h,SHORT,2026-08-29 03:30:00+05:30,2026-08-30 00:30:00+05:30,2421.49,202194.3,2615.21,2034.05,2453.65,204879.45,INTRADAY_SQUAREOFF,0.02,136.06,0.008411,1700.72,-22.59,2.02,-24.61,-24.61,6802.88,6778.28
560,ETH/INR,1h,LONG,2026-08-30 12:30:00+05:30,2026-08-31 00:30:00+05:30,2462.47,205616.3,2265.47,2856.47,2509.39,209534.45,INTRADAY_SQUAREOFF,0.02,135.57,0.008241,1694.57,32.29,2.02,30.27,30.27,6778.28,6808.55
561,ETH/INR,1h,SHORT,2026-08-31 19:30:00+05:30,2026-09-01 00:30:00+05:30,2435.09,203330.17,2629.9,2045.48,2479.54,207041.52,INTRADAY_SQUAREOFF,0.02,136.17,0.008371,1702.14,-31.07,2.03,-33.1,-33.1,6808.55,6775.45
562,ETH/INR,1h,SHORT,2026-09-01 02:30:00+05:30,2026-09-02 00:30:00+05:30,2468.89,206152.72,2666.41,2073.87,2413.44,201521.91,INTRADAY_SQUAREOFF,0.02,135.51,0.008217,1693.86,38.05,1.98,36.07,36.07,6775.45,6811.53
563,ETH/INR,1h,SHORT,2026-09-02 06:30:00+05:30,2026-09-03 00:30:00+05:30,2404.02,200735.45,2596.34,2019.37,2394.75,199961.36,INTRADAY_SQUAREOFF,0.02,136.23,0.008483,1702.88,6.57,2.01,4.56,4.56,6811.53,6816.09
564,ETH/INR,1h,SHORT,2026-09-03 04:30:00+05:30,2026-09-04 00:30:00+05:30,2376.66,198451.21,2566.79,1996.4,2514.42,209953.78,INTRADAY_SQUAREOFF,0.02,136.32,0.008587,1704.02,-98.77,2.07,-100.84,-100.84,6816.09,6715.25
565,ETH/INR,1h,LONG,2026-09-04 14:30:00+05:30,2026-09-05 00:30:00+05:30,2532.27,211444.17,2329.68,2937.43,2450.0,204575.36,INTRADAY_SQUAREOFF,0.02,134.31,0.00794,1678.81,-54.54,1.95,-56.49,-56.49,6715.25,6658.77
566,ETH/INR,1h,SHORT,2026-09-05 10:30:00+05:30,2026-09-06 00:30:00+05:30,2447.58,204372.57,2643.38,2055.96,2481.69,207221.13,INTRADAY_SQUAREOFF,0.02,133.18,0.008145,1664.69,-23.2,1.98,-25.18,-25.18,6658.77,6633.59
567,ETH/INR,1h,LONG,2026-09-06 03:30:00+05:30,2026-09-07 00:30:00+05:30,2494.15,208261.22,2294.61,2893.21,2493.42,208200.79,INTRADAY_SQUAREOFF,0.02,132.67,0.007963,1658.4,-0.48,1.96,-2.44,-2.44,6633.59,6631.15
568,ETH/INR,1h,LONG,2026-09-07 02:30:00+05:30,2026-09-08 00:30:00+05:30,2501.52,208876.93,2301.4,2901.76,2489.95,207911.19,INTRADAY_SQUAREOFF,0.02,132.62,0.007937,1657.79,-7.66,1.95,-9.62,-9.62,6631.15,6621.53
569,ETH/INR,1h,LONG,2026-09-09 17:30:00+05:30,2026-09-10 00:30:00+05:30,2506.26,209272.92,2305.76,2907.26,2479.58,207044.9,INTRADAY_SQUAREOFF,0.02,132.43,0.00791,1655.38,-17.62,1.94,-19.57,-19.57,6621.53,6601.96
570,ETH/INR,1h,SHORT,2026-09-15 20:30:00+05:30,2026-09-16 00:30:00+05:30,2387.79,199380.09,2578.81,2005.74,2402.22,200585.41,INTRADAY_SQUAREOFF,0.02,132.04,0.008278,1650.49,-9.98,1.95,-11.93,-11.93,6601.96,6590.03
571,ETH/INR,1h,SHORT,2026-09-16 03:30:00+05:30,2026-09-17 00:30:00+05:30,2387.69,199371.73,2578.7,2005.66,2397.1,200157.67,INTRADAY_SQUAREOFF,0.02,131.8,0.008263,1647.51,-6.49,1.95,-8.44,-8.44,6590.03,6581.59
572,ETH/INR,1h,SHORT,2026-09-17 04:30:00+05:30,2026-09-18 00:30:00+05:30,2385.35,199176.46,2576.17,2003.69,2450.82,204643.88,INTRADAY_SQUAREOFF,0.02,131.63,0.008261,1645.4,-45.17,1.97,-47.13,-47.13,6581.59,6534.46
573,ETH/INR,1h,LONG,2026-09-18 07:30:00+05:30,2026-09-19 00:30:00+05:30,2458.84,205313.05,2262.13,2852.25,2611.49,218059.72,INTRADAY_SQUAREOFF,0.02,130.69,0.007957,1633.61,101.42,1.99,99.43,99.43,6534.46,6633.89
574,ETH/INR,1h,LONG,2026-09-19 06:30:00+05:30,2026-09-20 00:30:00+05:30,2627.73,219415.72,2417.51,3048.17,2637.47,220228.8,INTRADAY_SQUAREOFF,0.02,132.68,0.007559,1658.47,6.15,1.96,4.19,4.19,6633.89,6638.08
575,ETH/INR,1h,SHORT,2026-09-20 16:30:00+05:30,2026-09-21 00:30:00+05:30,2568.48,214467.67,2773.95,2157.52,2628.11,219447.47,INTRADAY_SQUAREOFF,0.02,132.76,0.007738,1659.52,-38.53,1.98,-40.51,-40.51,6638.08,6597.56
576,ETH/INR,1h,LONG,2026-09-21 05:30:00+05:30,2026-09-22 00:30:00+05:30,2649.03,221194.32,2437.11,3072.88,2756.49,230167.01,INTRADAY_SQUAREOFF,0.02,131.95,0.007457,1649.39,66.91,1.99,64.92,64.92,6597.56,6662.48
577,ETH/INR,1h,LONG,2026-09-22 14:30:00+05:30,2026-09-23 00:30:00+05:30,2756.31,230151.67,2535.8,3197.32,2751.17,229723.01,INTRADAY_SQUAREOFF,0.02,133.25,0.007237,1665.62,-3.1,1.96,-5.07,-5.07,6662.48,6657.42
