strategy,coin,timeframe,params,rr,risk_pct,trades,win_rate,net_profit_inr,final_capital_inr,max_dd_inr,max_dd_pct,profit_factor,expectancy,max_win_streak,max_loss_streak,sharpe,exposure
SINGLE,BTC/USDT,1h,P7x1.5,1:2,1.0,473,31.08,-7112.81,2887.19,7185.79,71.86,0.65,-15.04,4,17,-16.75,71.91
SINGLE,BTC/USDT,1h,P7x1.5,1:3,1.0,323,21.98,-6359.81,3640.19,6507.13,64.52,0.65,-19.69,3,25,-16.41,79.63
SINGLE,BTC/USDT,1h,P7x2.0,1:2,1.0,343,33.53,-4464.82,5535.18,4657.03,46.34,0.76,-13.02,5,8,-10.0,68.77
SINGLE,BTC/USDT,1h,P7x2.0,1:3,1.0,220,29.55,-180.51,9819.49,1923.94,17.43,0.99,-0.82,3,12,0.3,80.37
SINGLE,BTC/USDT,1h,P7x2.5,1:2,1.0,238,33.19,-3243.93,6756.07,3840.2,38.4,0.76,-13.63,5,13,-9.22,70.8
SINGLE,BTC/USDT,1h,P7x2.5,1:3,1.0,171,26.32,-1944.01,8055.99,2570.81,25.59,0.84,-11.37,3,10,-5.4,77.67
SINGLE,BTC/USDT,1h,P7x3.0,1:2,1.0,170,32.35,-2550.8,7449.2,2866.12,28.66,0.77,-15.0,4,9,-9.61,72.77
SINGLE,BTC/USDT,1h,P7x3.0,1:3,1.0,125,17.6,-4266.29,5733.71,4436.56,44.37,0.51,-34.13,2,19,-23.56,78.79
SINGLE,BTC/USDT,1h,P7x3.5,1:2,1.0,126,34.92,-820.17,9179.83,2016.55,18.44,0.91,-6.51,5,6,-3.29,73.98
SINGLE,BTC/USDT,1h,P7x3.5,1:3,1.0,93,30.11,910.63,10910.63,1111.47,10.69,1.13,9.79,4,6,4.87,79.48
SINGLE,BTC/USDT,1h,P10x1.5,1:2,1.0,480,28.54,-7823.74,2176.26,7904.41,79.04,0.58,-16.3,4,18,-20.51,70.51
SINGLE,BTC/USDT,1h,P10x1.5,1:3,1.0,342,20.47,-7065.7,2934.3,7316.75,71.89,0.62,-20.66,4,18,-19.04,78.84
SINGLE,BTC/USDT,1h,P10x2.0,1:2,1.0,319,35.11,-3469.89,6530.11,4090.14,40.39,0.81,-10.88,5,8,-7.47,69.7
SINGLE,BTC/USDT,1h,P10x2.0,1:3,1.0,209,28.71,-945.4,9054.6,2509.62,22.11,0.94,-4.52,3,11,-1.55,80.38
SINGLE,BTC/USDT,1h,P10x2.5,1:2,1.0,238,34.87,-2531.43,7468.57,3424.14,32.12,0.83,-10.64,3,11,-6.69,68.97
SINGLE,BTC/USDT,1h,P10x2.5,1:3,1.0,177,31.07,916.37,10916.37,1786.08,14.18,1.06,5.18,6,12,2.97,77.56
SINGLE,BTC/USDT,1h,P10x3.0,1:2,1.0,161,30.43,-3125.48,6874.52,3445.08,34.45,0.69,-19.41,2,7,-13.44,73.35
SINGLE,BTC/USDT,1h,P10x3.0,1:3,1.0,136,25.74,-1728.9,8271.1,2918.93,27.49,0.83,-12.71,3,19,-5.97,75.38
SINGLE,BTC/USDT,1h,P10x3.5,1:2,1.0,137,33.58,-1435.55,8564.45,2714.34,24.07,0.86,-10.48,6,8,-5.94,71.33
SINGLE,BTC/USDT,1h,P10x3.5,1:3,1.0,105,17.14,-3630.18,6369.82,3907.5,39.07,0.5,-34.57,3,17,-22.59,75.32
SINGLE,BTC/USDT,1h,P14x1.5,1:2,1.0,500,32.0,-6879.15,3120.85,6965.58,69.66,0.68,-13.76,4,14,-14.31,71.56
SINGLE,BTC/USDT,1h,P14x1.5,1:3,1.0,317,24.29,-5053.92,4946.08,6359.62,56.82,0.75,-15.94,3,16,-10.83,82.93
SINGLE,BTC/USDT,1h,P14x2.0,1:2,1.0,336,31.55,-5187.03,4812.97,5643.21,55.51,0.73,-15.44,5,16,-12.64,72.01
SINGLE,BTC/USDT,1h,P14x2.0,1:3,1.0,222,25.68,-2805.72,7194.28,4579.92,40.7,0.83,-12.64,3,16,-6.46,80.36
SINGLE,BTC/USDT,1h,P14x2.5,1:2,1.0,226,35.4,-2092.42,7907.58,3290.51,32.75,0.84,-9.26,5,13,-5.53,72.97
SINGLE,BTC/USDT,1h,P14x2.5,1:3,1.0,150,29.33,-374.43,9625.57,1676.06,16.76,0.97,-2.5,3,13,-0.49,81.46
SINGLE,BTC/USDT,1h,P14x3.0,1:2,1.0,168,30.36,-3185.73,6814.27,3421.22,34.21,0.71,-18.96,3,10,-13.05,74.03
SINGLE,BTC/USDT,1h,P14x3.0,1:3,1.0,131,28.24,-421.1,9578.9,2416.49,22.31,0.96,-3.21,4,13,-0.82,77.61
SINGLE,BTC/USDT,1h,P14x3.5,1:2,1.0,127,33.07,-1330.3,8669.7,2285.87,20.86,0.85,-10.47,6,8,-5.9,72.08
SINGLE,BTC/USDT,1h,P14x3.5,1:3,1.0,91,25.27,-778.21,9221.79,1920.08,18.79,0.88,-8.55,3,12,-3.45,77.69
SINGLE,BTC/USDT,1h,P20x1.5,1:2,1.0,536,31.72,-7248.21,2751.79,7311.19,73.11,0.68,-13.52,5,14,-14.77,72.47
SINGLE,BTC/USDT,1h,P20x1.5,1:3,1.0,396,24.49,-6084.67,3915.33,6458.82,62.84,0.72,-15.37,5,17,-11.69,78.46
SINGLE,BTC/USDT,1h,P20x2.0,1:2,1.0,358,34.08,-4438.11,5561.89,4875.29,48.75,0.76,-12.4,5,15,-9.23,70.15
SINGLE,BTC/USDT,1h,P20x2.0,1:3,1.0,232,26.29,-2858.77,7141.23,4063.09,37.37,0.82,-12.32,3,14,-6.36,79.95
SINGLE,BTC/USDT,1h,P20x2.5,1:2,1.0,234,34.19,-2617.96,7382.04,3603.46,35.83,0.8,-11.19,4,13,-6.97,71.63
SINGLE,BTC/USDT,1h,P20x2.5,1:3,1.0,165,25.45,-2288.47,7711.53,2872.97,28.73,0.8,-13.87,3,13,-6.85,78.92
SINGLE,BTC/USDT,1h,P20x3.0,1:2,1.0,156,35.9,-983.92,9016.08,2608.36,23.19,0.91,-6.31,4,9,-3.23,74.38
SINGLE,BTC/USDT,1h,P20x3.0,1:3,1.0,111,27.03,-909.25,9090.75,2459.1,22.24,0.9,-8.19,4,11,-3.33,79.51
SINGLE,BTC/USDT,1h,P20x3.5,1:2,1.0,136,26.47,-3444.47,6555.53,3467.49,34.6,0.62,-25.33,3,9,-18.61,71.52
SINGLE,BTC/USDT,1h,P20x3.5,1:3,1.0,97,20.62,-2374.82,7625.18,2870.91,28.71,0.66,-24.48,2,13,-13.47,79.23
SINGLE,BTC/USDT,1h,P30x1.5,1:2,1.0,564,31.74,-7413.45,2586.55,7472.84,74.73,0.71,-13.14,5,12,-14.87,68.17
SINGLE,BTC/USDT,1h,P30x1.5,1:3,1.0,384,23.18,-6334.08,3665.92,6404.2,64.04,0.68,-16.5,4,16,-13.19,78.01
SINGLE,BTC/USDT,1h,P30x2.0,1:2,1.0,329,36.78,-2287.06,7712.94,2933.19,29.33,0.88,-6.95,5,10,-4.01,73.22
SINGLE,BTC/USDT,1h,P30x2.0,1:3,1.0,219,25.57,-2954.23,7045.77,3395.54,33.43,0.8,-13.49,3,18,-7.04,83.1
SINGLE,BTC/USDT,1h,P30x2.5,1:2,1.0,272,29.04,-5508.76,4491.24,5616.18,56.16,0.62,-20.25,5,12,-17.57,68.73
SINGLE,BTC/USDT,1h,P30x2.5,1:3,1.0,179,24.02,-3161.18,6838.82,4072.75,37.62,0.76,-17.66,3,13,-9.67,77.84
SINGLE,BTC/USDT,1h,P30x3.0,1:2,1.0,190,27.89,-4244.72,5755.28,4475.04,44.57,0.64,-22.34,3,12,-17.19,68.76
SINGLE,BTC/USDT,1h,P30x3.0,1:3,1.0,138,24.64,-1773.96,8226.04,2367.75,22.75,0.83,-12.85,4,11,-6.03,78.08
SINGLE,BTC/USDT,1h,P30x3.5,1:2,1.0,146,29.45,-2730.76,7269.24,3600.57,33.12,0.74,-18.7,3,21,-12.41,69.95
SINGLE,BTC/USDT,1h,P30x3.5,1:3,1.0,92,28.26,280.79,10280.79,2426.68,19.1,1.04,3.05,3,20,2.07,79.13
DOUBLE,BTC/USDT,1h,F7x1.5_S14x2.5,1:2,1.0,249,28.11,-5517.74,4482.26,5901.72,56.83,0.6,-22.16,6,15,-19.88,56.32
DOUBLE,BTC/USDT,1h,F7x1.5_S14x2.5,1:3,1.0,199,20.6,-5031.29,4968.71,5233.96,52.34,0.6,-25.28,3,15,-18.09,63.01
DOUBLE,BTC/USDT,1h,F7x1.5_S14x3.5,1:2,1.0,177,36.72,-1033.89,8966.11,1432.37,14.25,0.91,-5.84,5,9,-3.01,68.68
DOUBLE,BTC/USDT,1h,F7x1.5_S14x3.5,1:3,1.0,133,29.32,115.08,10115.08,1268.88,11.99,1.01,0.87,3,9,1.1,75.33
DOUBLE,BTC/USDT,1h,F7x1.5_S20x3.0,1:2,1.0,209,31.1,-3794.38,6205.62,3877.83,38.46,0.72,-18.16,3,13,-13.28,60.02
DOUBLE,BTC/USDT,1h,F7x1.5_S20x3.0,1:3,1.0,156,23.08,-3121.52,6878.48,3686.42,36.86,0.71,-20.01,2,14,-11.25,69.81
DOUBLE,BTC/USDT,1h,F7x1.5_S30x2.5,1:2,1.0,244,29.1,-5167.15,4832.85,5792.56,54.52,0.63,-21.18,4,12,-17.96,62.43
DOUBLE,BTC/USDT,1h,F7x1.5_S30x2.5,1:3,1.0,177,22.03,-3841.27,6158.73,3841.27,38.41,0.69,-21.7,3,16,-13.03,72.89
DOUBLE,BTC/USDT,1h,F7x1.5_S30x3.5,1:2,1.0,184,34.24,-1949.17,8050.83,3401.89,29.7,0.85,-10.59,4,10,-6.29,66.15
DOUBLE,BTC/USDT,1h,F7x1.5_S30x3.5,1:3,1.0,142,29.58,568.87,10568.87,2000.03,16.15,1.05,4.01,4,12,2.47,72.35
DOUBLE,BTC/USDT,1h,F7x2.0_S14x3.0,1:2,1.0,178,36.52,-1280.36,8719.64,1415.59,14.05,0.89,-7.19,3,10,-3.93,56.54
DOUBLE,BTC/USDT,1h,F7x2.0_S14x3.0,1:3,1.0,131,31.3,890.42,10890.42,1210.57,10.31,1.08,6.8,5,10,3.67,64.3
DOUBLE,BTC/USDT,1h,F7x2.0_S20x2.5,1:2,1.0,195,31.79,-3297.24,6702.76,4145.55,38.85,0.73,-16.91,4,9,-11.8,67.19
DOUBLE,BTC/USDT,1h,F7x2.0_S20x2.5,1:3,1.0,142,28.87,-630.71,9369.29,2000.3,17.82,0.94,-4.44,7,9,-1.46,76.32
DOUBLE,BTC/USDT,1h,F7x2.0_S20x3.5,1:2,1.0,142,39.44,608.5,10608.5,1354.03,11.47,1.06,4.28,5,11,2.92,61.87
DOUBLE,BTC/USDT,1h,F7x2.0_S20x3.5,1:3,1.0,118,27.12,-618.25,9381.75,1960.92,17.29,0.93,-5.24,4,17,-1.82,71.14
DOUBLE,BTC/USDT,1h,F7x2.0_S30x3.0,1:2,1.0,163,33.13,-2306.65,7693.35,2753.14,26.35,0.79,-14.15,3,10,-9.07,65.29
DOUBLE,BTC/USDT,1h,F7x2.0_S30x3.0,1:3,1.0,126,27.78,-703.07,9296.93,2114.96,19.03,0.93,-5.58,3,13,-2.04,73.32
DOUBLE,BTC/USDT,1h,F7x2.5_S14x2.5,1:2,1.0,222,33.78,-2956.31,7043.69,3371.56,33.25,0.77,-13.32,3,9,-8.86,63.84
DOUBLE,BTC/USDT,1h,F7x2.5_S14x2.5,1:3,1.0,154,29.87,-87.36,9912.64,2311.65,19.04,0.99,-0.57,3,15,0.43,74.38
DOUBLE,BTC/USDT,1h,F7x2.5_S14x3.5,1:2,1.0,125,33.6,-1603.61,8396.39,2666.97,24.11,0.82,-12.83,3,15,-7.74,59.63
DOUBLE,BTC/USDT,1h,F7x2.5_S14x3.5,1:3,1.0,105,25.71,-1215.89,8784.11,2076.31,19.21,0.86,-11.58,3,15,-5.24,67.17
DOUBLE,BTC/USDT,1h,F7x2.5_S20x3.0,1:2,1.0,149,34.9,-1329.1,8670.9,1839.92,17.77,0.87,-8.92,5,12,-5.04,63.44
DOUBLE,BTC/USDT,1h,F7x2.5_S20x3.0,1:3,1.0,102,31.37,781.27,10781.27,1425.57,12.46,1.1,7.66,3,12,4.09,72.14
DOUBLE,BTC/USDT,1h,F7x2.5_S30x2.5,1:2,1.0,221,32.58,-3361.09,6638.91,3717.3,36.67,0.75,-15.21,4,13,-10.57,62.23
DOUBLE,BTC/USDT,1h,F7x2.5_S30x2.5,1:3,1.0,172,27.91,-1060.9,8939.1,2340.19,21.79,0.92,-6.17,4,11,-2.4,70.54
DOUBLE,BTC/USDT,1h,F7x2.5_S30x3.5,1:2,1.0,121,37.19,-303.28,9696.72,1228.01,11.29,0.96,-2.51,4,8,-0.89,62.93
DOUBLE,BTC/USDT,1h,F7x2.5_S30x3.5,1:3,1.0,89,25.84,-865.29,9134.71,1666.42,16.02,0.88,-9.72,3,14,-4.1,74.08
DOUBLE,BTC/USDT,1h,F10x1.5_S14x3.0,1:2,1.0,210,34.76,-2463.09,7536.91,2528.66,25.12,0.81,-11.73,4,10,-7.48,59.14
DOUBLE,BTC/USDT,1h,F10x1.5_S14x3.0,1:3,1.0,182,24.18,-2992.32,7007.68,2992.32,29.92,0.76,-16.44,3,12,-8.95,64.38
DOUBLE,BTC/USDT,1h,F10x1.5_S20x2.5,1:2,1.0,237,31.22,-4383.2,5616.8,4574.01,44.88,0.7,-18.49,4,12,-14.34,58.62
DOUBLE,BTC/USDT,1h,F10x1.5_S20x2.5,1:3,1.0,194,24.23,-3545.15,6454.85,4395.86,40.51,0.76,-18.27,3,13,-10.72,66.36
DOUBLE,BTC/USDT,1h,F10x1.5_S20x3.5,1:2,1.0,186,34.95,-1692.19,8307.81,2677.6,24.47,0.87,-9.1,5,10,-5.18,68.33
DOUBLE,BTC/USDT,1h,F10x1.5_S20x3.5,1:3,1.0,153,24.84,-2089.98,7910.02,2819.13,26.28,0.83,-13.66,4,12,-6.6,74.37
DOUBLE,BTC/USDT,1h,F10x1.5_S30x3.0,1:2,1.0,218,28.9,-4781.64,5218.36,4887.78,48.36,0.65,-21.93,4,13,-18.06,61.74
DOUBLE,BTC/USDT,1h,F10x1.5_S30x3.0,1:3,1.0,191,18.85,-5469.62,4530.38,5469.62,54.7,0.56,-28.64,3,15,-22.36,65.88
DOUBLE,BTC/USDT,1h,F10x2.0_S14x2.5,1:2,1.0,178,29.21,-4059.61,5940.39,4568.98,43.99,0.66,-22.81,2,15,-17.76,62.31
DOUBLE,BTC/USDT,1h,F10x2.0_S14x2.5,1:3,1.0,145,22.07,-3481.83,6518.17,3880.09,37.56,0.68,-24.01,2,13,-14.55,70.79
DOUBLE,BTC/USDT,1h,F10x2.0_S14x3.5,1:2,1.0,133,39.1,137.69,10137.69,1023.23,9.68,1.01,1.04,5,6,1.15,61.6
DOUBLE,BTC/USDT,1h,F10x2.0_S14x3.5,1:3,1.0,100,32.0,1296.93,11296.93,1105.33,11.05,1.17,12.97,4,11,6.16,72.78
DOUBLE,BTC/USDT,1h,F10x2.0_S20x3.0,1:2,1.0,173,33.53,-2408.95,7591.05,3284.96,30.91,0.79,-13.92,5,13,-8.92,53.3
DOUBLE,BTC/USDT,1h,F10x2.0_S20x3.0,1:3,1.0,136,27.94,-848.1,9151.9,1937.03,18.5,0.92,-6.24,3,13,-2.39,61.89
DOUBLE,BTC/USDT,1h,F10x2.0_S30x2.5,1:2,1.0,223,30.04,-4378.68,5621.32,5347.85,50.0,0.69,-19.64,4,13,-15.18,58.56
DOUBLE,BTC/USDT,1h,F10x2.0_S30x2.5,1:3,1.0,163,23.93,-3051.6,6948.4,3789.19,36.69,0.74,-18.72,3,17,-10.38,69.52
DOUBLE,BTC/USDT,1h,F10x2.0_S30x3.5,1:2,1.0,148,38.51,220.95,10220.95,1103.46,11.03,1.02,1.49,5,11,1.41,60.29
DOUBLE,BTC/USDT,1h,F10x2.0_S30x3.5,1:3,1.0,111,31.53,1300.7,11300.7,1201.31,12.01,1.15,11.72,3,12,5.6,69.32
DOUBLE,BTC/USDT,1h,F10x2.5_S14x3.0,1:2,1.0,153,32.68,-2123.94,7876.06,2311.38,23.11,0.79,-13.88,2,7,-8.63,62.24
DOUBLE,BTC/USDT,1h,F10x2.5_S14x3.0,1:3,1.0,119,25.21,-1559.9,8440.1,2598.07,24.04,0.83,-13.11,3,15,-6.18,69.22
DOUBLE,BTC/USDT,1h,F10x2.5_S20x2.5,1:2,1.0,219,33.79,-2674.72,7325.28,3213.4,31.96,0.79,-12.21,5,9,-7.8,64.06
DOUBLE,BTC/USDT,1h,F10x2.5_S20x2.5,1:3,1.0,168,27.38,-1246.31,8753.69,2100.61,21.01,0.9,-7.42,4,13,-3.04,72.44
DOUBLE,BTC/USDT,1h,F10x2.5_S20x3.5,1:2,1.0,106,34.91,-883.6,9116.4,1772.87,16.28,0.88,-8.34,4,13,-4.52,63.02
DOUBLE,BTC/USDT,1h,F10x2.5_S20x3.5,1:3,1.0,87,25.29,-1227.2,8772.8,1561.09,15.11,0.82,-14.11,2,11,-6.66,70.24
DOUBLE,BTC/USDT,1h,F10x2.5_S30x3.0,1:2,1.0,178,35.96,-1305.5,8694.5,1469.0,14.45,0.89,-7.33,4,8,-3.98,60.35
DOUBLE,BTC/USDT,1h,F10x2.5_S30x3.0,1:3,1.0,138,23.91,-2548.55,7451.45,2686.02,26.84,0.75,-18.47,3,13,-9.92,68.32
DOUBLE,BTC/USDT,1h,F14x1.5_S20x2.5,1:2,1.0,228,35.09,-2523.01,7476.99,3158.57,30.01,0.83,-11.07,3,10,-6.96,62.24
DOUBLE,BTC/USDT,1h,F14x1.5_S20x2.5,1:3,1.0,195,25.13,-3169.07,6830.93,3402.58,33.25,0.77,-16.25,3,12,-9.01,68.2
DOUBLE,BTC/USDT,1h,F14x1.5_S20x3.5,1:2,1.0,198,34.85,-1811.06,8188.94,2831.66,25.76,0.87,-9.15,5,9,-5.25,66.28
DOUBLE,BTC/USDT,1h,F14x1.5_S20x3.5,1:3,1.0,152,23.68,-2661.67,7338.33,2690.92,26.83,0.77,-17.51,3,13,-9.15,74.23
DOUBLE,BTC/USDT,1h,F14x1.5_S30x3.0,1:2,1.0,204,30.39,-4002.5,5997.5,4448.57,42.59,0.7,-19.62,4,15,-14.69,64.74
DOUBLE,BTC/USDT,1h,F14x1.5_S30x3.0,1:3,1.0,177,22.03,-3917.75,6082.25,4009.7,40.07,0.69,-22.13,3,15,-13.76,72.72
DOUBLE,BTC/USDT,1h,F14x2.0_S20x2.5,1:2,1.0,203,32.51,-3011.11,6988.89,3890.08,38.16,0.75,-14.83,6,15,-9.92,61.95
DOUBLE,BTC/USDT,1h,F14x2.0_S20x2.5,1:3,1.0,165,20.0,-4424.28,5575.72,4644.46,46.25,0.6,-26.81,2,18,-17.84,70.52
DOUBLE,BTC/USDT,1h,F14x2.0_S20x3.5,1:2,1.0,149,33.56,-1993.94,8006.06,2695.1,25.19,0.81,-13.38,5,13,-8.3,57.15
DOUBLE,BTC/USDT,1h,F14x2.0_S20x3.5,1:3,1.0,140,25.71,-1890.67,8109.33,1941.78,19.42,0.82,-13.5,3,13,-6.59,61.61
DOUBLE,BTC/USDT,1h,F14x2.0_S30x3.0,1:2,1.0,180,30.0,-3707.5,6292.5,3866.84,38.67,0.67,-20.6,4,11,-15.32,59.34
DOUBLE,BTC/USDT,1h,F14x2.0_S30x3.0,1:3,1.0,157,20.38,-4065.22,5934.78,4167.64,41.68,0.63,-25.89,3,16,-16.7,65.01
DOUBLE,BTC/USDT,1h,F14x2.5_S20x2.5,1:2,1.0,204,36.27,-1307.45,8692.55,1974.04,19.74,0.9,-6.41,4,8,-3.39,66.34
DOUBLE,BTC/USDT,1h,F14x2.5_S20x2.5,1:3,1.0,151,31.13,1082.7,11082.7,1460.75,14.46,1.09,7.17,5,9,3.77,74.65
DOUBLE,BTC/USDT,1h,F14x2.5_S20x3.5,1:2,1.0,120,36.67,-334.18,9665.82,1698.86,14.95,0.96,-2.78,4,12,-1.05,56.01
DOUBLE,BTC/USDT,1h,F14x2.5_S20x3.5,1:3,1.0,104,23.08,-1961.5,8038.5,2033.78,20.34,0.75,-18.86,3,12,-9.62,58.78
DOUBLE,BTC/USDT,1h,F14x2.5_S30x3.0,1:2,1.0,161,35.4,-1384.86,8615.14,2190.43,20.27,0.88,-8.6,4,10,-4.84,60.41
DOUBLE,BTC/USDT,1h,F14x2.5_S30x3.0,1:3,1.0,130,26.92,-1039.41,8960.59,2117.48,21.09,0.89,-8.0,3,11,-3.31,70.48
TRIPLE,BTC/USDT,1h,F7x1.5_M14x2.0_S20x3.0,1:2,1.0,278,32.37,-4708.3,5291.7,5044.5,48.8,0.69,-16.94,4,16,-14.08,35.11
TRIPLE,BTC/USDT,1h,F7x1.5_M14x2.0_S20x3.0,1:3,1.0,249,23.29,-4956.06,5043.94,5116.58,50.36,0.67,-19.9,4,16,-13.98,40.76
TRIPLE,BTC/USDT,1h,F7x1.5_M14x2.0_S20x3.5,1:2,1.0,261,32.95,-4313.52,5686.48,4632.36,44.89,0.7,-16.53,5,11,-13.22,33.78
TRIPLE,BTC/USDT,1h,F7x1.5_M14x2.0_S20x3.5,1:3,1.0,232,25.43,-3691.71,6308.29,3691.71,36.92,0.75,-15.91,5,19,-9.53,42.2
TRIPLE,BTC/USDT,1h,F7x1.5_M14x2.0_S30x3.0,1:2,1.0,284,31.69,-4841.7,5158.3,5255.72,50.47,0.69,-17.05,4,13,-14.22,37.28
TRIPLE,BTC/USDT,1h,F7x1.5_M14x2.0_S30x3.0,1:3,1.0,247,22.27,-5122.64,4877.36,5122.64,51.23,0.65,-20.74,4,13,-14.81,43.65
TRIPLE,BTC/USDT,1h,F7x1.5_M14x2.0_S30x3.5,1:2,1.0,273,32.6,-4608.31,5391.69,4768.43,46.93,0.7,-16.88,4,11,-13.84,34.21
TRIPLE,BTC/USDT,1h,F7x1.5_M14x2.0_S30x3.5,1:3,1.0,239,24.27,-4351.52,5648.48,4351.52,43.52,0.7,-18.21,4,15,-11.73,42.41
TRIPLE,BTC/USDT,1h,F7x1.5_M14x2.5_S20x3.0,1:2,1.0,308,30.52,-5713.96,4286.04,6216.21,59.19,0.63,-18.55,4,13,-17.6,37.12
TRIPLE,BTC/USDT,1h,F7x1.5_M14x2.5_S20x3.0,1:3,1.0,271,23.25,-5176.57,4823.43,5240.07,52.07,0.67,-19.1,4,17,-13.8,43.08
TRIPLE,BTC/USDT,1h,F7x1.5_M14x2.5_S20x3.5,1:2,1.0,280,31.43,-5228.4,4771.6,5693.04,54.4,0.64,-18.67,5,11,-16.88,34.44
TRIPLE,BTC/USDT,1h,F7x1.5_M14x2.5_S20x3.5,1:3,1.0,248,23.79,-4789.03,5210.97,4789.03,47.89,0.68,-19.31,4,17,-13.41,42.52
TRIPLE,BTC/USDT,1h,F7x1.5_M14x2.5_S30x3.0,1:2,1.0,304,31.25,-5362.57,4637.43,6124.03,56.91,0.66,-17.64,6,9,-15.89,35.29
TRIPLE,BTC/USDT,1h,F7x1.5_M14x2.5_S30x3.0,1:3,1.0,268,23.88,-4820.87,5179.13,5044.61,49.34,0.7,-17.99,3,13,-12.33,41.88
TRIPLE,BTC/USDT,1h,F7x1.5_M14x2.5_S30x3.5,1:2,1.0,280,32.14,-4878.21,5121.79,5377.3,51.22,0.67,-17.42,6,12,-15.01,33.83
TRIPLE,BTC/USDT,1h,F7x1.5_M14x2.5_S30x3.5,1:3,1.0,251,24.3,-4430.16,5569.84,4430.16,44.3,0.71,-17.65,4,13,-11.62,41.76
TRIPLE,BTC/USDT,1h,F7x1.5_M20x2.0_S30x3.0,1:2,1.0,272,31.25,-4906.95,5093.05,5537.37,52.09,0.67,-18.04,5,15,-15.28,36.91
TRIPLE,BTC/USDT,1h,F7x1.5_M20x2.0_S30x3.0,1:3,1.0,240,21.67,-5208.94,4791.06,5208.94,52.09,0.63,-21.7,4,15,-15.82,43.13
TRIPLE,BTC/USDT,1h,F7x1.5_M20x2.0_S30x3.5,1:2,1.0,258,32.56,-4498.68,5501.32,5056.16,47.89,0.69,-17.44,5,13,-14.25,33.59
TRIPLE,BTC/USDT,1h,F7x1.5_M20x2.0_S30x3.5,1:3,1.0,227,22.91,-4701.88,5298.12,4701.88,47.02,0.66,-20.71,3,15,-14.17,41.59
TRIPLE,BTC/USDT,1h,F7x1.5_M20x2.5_S30x3.0,1:2,1.0,316,31.33,-5436.29,4563.71,6211.86,57.65,0.68,-17.2,6,11,-15.48,39.09
TRIPLE,BTC/USDT,1h,F7x1.5_M20x2.5_S30x3.0,1:3,1.0,276,21.74,-5883.1,4116.9,5883.1,58.83,0.62,-21.32,3,13,-16.95,45.76
TRIPLE,BTC/USDT,1h,F7x1.5_M20x2.5_S30x3.5,1:2,1.0,291,32.65,-4843.43,5156.57,5348.57,50.91,0.69,-16.64,6,11,-14.11,33.83
TRIPLE,BTC/USDT,1h,F7x1.5_M20x2.5_S30x3.5,1:3,1.0,257,23.35,-5071.11,4928.89,5071.11,50.71,0.65,-19.73,3,14,-14.07,42.64
TRIPLE,BTC/USDT,1h,F7x2.0_M14x2.0_S20x3.0,1:2,1.0,259,33.98,-3474.8,6525.2,3585.02,35.85,0.77,-13.42,4,12,-9.75,36.89
TRIPLE,BTC/USDT,1h,F7x2.0_M14x2.0_S20x3.0,1:3,1.0,212,27.83,-1666.17,8333.83,2567.32,23.91,0.89,-7.86,6,19,-3.55,46.84
TRIPLE,BTC/USDT,1h,F7x2.0_M14x2.0_S20x3.5,1:2,1.0,252,34.13,-3603.62,6396.38,3704.5,37.04,0.75,-14.3,4,11,-10.71,34.36
TRIPLE,BTC/USDT,1h,F7x2.0_M14x2.0_S20x3.5,1:3,1.0,206,28.64,-1188.86,8811.14,2543.6,23.83,0.92,-5.77,5,14,-2.34,46.22
TRIPLE,BTC/USDT,1h,F7x2.0_M14x2.0_S30x3.0,1:2,1.0,274,32.48,-4350.51,5649.49,4350.51,43.51,0.72,-15.88,4,11,-12.68,42.44
TRIPLE,BTC/USDT,1h,F7x2.0_M14x2.0_S30x3.0,1:3,1.0,215,26.51,-2578.36,7421.64,3070.71,29.39,0.83,-11.99,4,19,-6.28,56.04
TRIPLE,BTC/USDT,1h,F7x2.0_M14x2.0_S30x3.5,1:2,1.0,264,33.33,-4144.22,5855.78,4168.93,41.69,0.71,-15.7,4,8,-12.39,34.31
TRIPLE,BTC/USDT,1h,F7x2.0_M14x2.0_S30x3.5,1:3,1.0,219,27.4,-2337.68,7662.32,2416.2,24.16,0.84,-10.67,3,12,-5.41,44.14
TRIPLE,BTC/USDT,1h,F7x2.0_M14x2.5_S20x3.0,1:2,1.0,251,33.07,-3724.17,6275.83,3746.76,37.47,0.75,-14.84,4,12,-11.08,35.66
TRIPLE,BTC/USDT,1h,F7x2.0_M14x2.5_S20x3.0,1:3,1.0,206,26.7,-2211.98,7788.02,2964.82,27.94,0.85,-10.74,6,19,-5.31,44.68
TRIPLE,BTC/USDT,1h,F7x2.0_M14x2.5_S20x3.5,1:2,1.0,228,32.02,-3979.29,6020.71,4062.58,40.63,0.7,-17.45,4,11,-13.58,32.19
TRIPLE,BTC/USDT,1h,F7x2.0_M14x2.5_S20x3.5,1:3,1.0,190,26.32,-2159.27,7840.73,2776.36,26.62,0.84,-11.36,5,13,-5.66,41.24
TRIPLE,BTC/USDT,1h,F7x2.0_M14x2.5_S30x3.0,1:2,1.0,257,31.52,-4557.59,5442.41,4577.18,45.77,0.68,-17.73,4,11,-14.63,39.3
TRIPLE,BTC/USDT,1h,F7x2.0_M14x2.5_S30x3.0,1:3,1.0,207,25.6,-3014.2,6985.8,3658.71,34.66,0.8,-14.56,4,16,-8.16,50.74
TRIPLE,BTC/USDT,1h,F7x2.0_M14x2.5_S30x3.5,1:2,1.0,238,32.77,-3875.8,6124.2,3972.58,39.73,0.72,-16.28,5,10,-12.52,32.39
TRIPLE,BTC/USDT,1h,F7x2.0_M14x2.5_S30x3.5,1:3,1.0,197,26.9,-2054.73,7945.27,2281.82,22.73,0.85,-10.43,3,14,-5.11,40.52
TRIPLE,BTC/USDT,1h,F7x2.0_M20x2.0_S30x3.0,1:2,1.0,264,31.06,-4719.83,5280.17,4741.31,47.41,0.67,-17.88,3,23,-14.89,41.72
TRIPLE,BTC/USDT,1h,F7x2.0_M20x2.0_S30x3.0,1:3,1.0,210,25.71,-2686.27,7313.73,3632.17,34.13,0.82,-12.79,4,20,-6.79,54.84
TRIPLE,BTC/USDT,1h,F7x2.0_M20x2.0_S30x3.5,1:2,1.0,251,33.07,-4077.89,5922.11,4218.44,42.18,0.7,-16.25,4,10,-12.71,33.57
TRIPLE,BTC/USDT,1h,F7x2.0_M20x2.0_S30x3.5,1:3,1.0,209,26.79,-2323.56,7676.44,2694.1,26.94,0.83,-11.12,3,14,-5.65,42.68
TRIPLE,BTC/USDT,1h,F7x2.0_M20x2.5_S30x3.0,1:2,1.0,263,30.8,-4756.15,5243.85,4756.15,47.56,0.67,-18.08,4,13,-15.24,40.76
TRIPLE,BTC/USDT,1h,F7x2.0_M20x2.5_S30x3.0,1:3,1.0,208,25.0,-3189.99,6810.01,4144.1,38.8,0.78,-15.34,4,20,-8.71,54.13
TRIPLE,BTC/USDT,1h,F7x2.0_M20x2.5_S30x3.5,1:2,1.0,239,32.22,-4123.48,5876.52,4148.28,41.48,0.68,-17.25,6,13,-13.67,31.45
TRIPLE,BTC/USDT,1h,F7x2.0_M20x2.5_S30x3.5,1:3,1.0,199,25.63,-2813.8,7186.2,3147.0,31.47,0.78,-14.14,3,13,-7.71,40.41
TRIPLE,BTC/USDT,1h,F10x1.5_M14x2.0_S20x3.0,1:2,1.0,274,33.21,-4254.36,5745.64,4962.6,46.34,0.71,-15.53,4,9,-12.36,31.27
TRIPLE,BTC/USDT,1h,F10x1.5_M14x2.0_S20x3.0,1:3,1.0,245,22.86,-5223.12,4776.88,6170.24,56.48,0.64,-21.32,5,12,-15.8,37.91
TRIPLE,BTC/USDT,1h,F10x1.5_M14x2.0_S20x3.5,1:2,1.0,254,34.25,-3677.62,6322.38,4263.97,40.37,0.74,-14.48,4,9,-10.93,30.23
TRIPLE,BTC/USDT,1h,F10x1.5_M14x2.0_S20x3.5,1:3,1.0,234,26.07,-3617.72,6382.28,5084.51,44.46,0.77,-15.46,5,18,-9.3,38.41
TRIPLE,BTC/USDT,1h,F10x1.5_M14x2.0_S30x3.0,1:2,1.0,283,32.51,-4584.1,5415.9,4937.7,47.69,0.7,-16.2,4,9,-13.29,33.13
TRIPLE,BTC/USDT,1h,F10x1.5_M14x2.0_S30x3.0,1:3,1.0,248,21.77,-5506.08,4493.92,5908.27,56.91,0.62,-22.2,4,13,-17.1,41.33
TRIPLE,BTC/USDT,1h,F10x1.5_M14x2.0_S30x3.5,1:2,1.0,270,34.44,-3848.25,6151.75,4101.76,40.0,0.74,-14.25,4,9,-10.89,32.53
TRIPLE,BTC/USDT,1h,F10x1.5_M14x2.0_S30x3.5,1:3,1.0,242,23.97,-4747.79,5252.21,5735.15,52.32,0.69,-19.62,5,16,-13.6,41.16
TRIPLE,BTC/USDT,1h,F10x1.5_M14x2.5_S20x3.0,1:2,1.0,303,33.33,-4661.45,5338.55,5175.73,49.23,0.71,-15.38,4,9,-12.74,35.61
TRIPLE,BTC/USDT,1h,F10x1.5_M14x2.5_S20x3.0,1:3,1.0,271,23.25,-5539.98,4460.02,6188.73,58.25,0.65,-20.44,5,15,-15.64,42.56
TRIPLE,BTC/USDT,1h,F10x1.5_M14x2.5_S20x3.5,1:2,1.0,259,33.59,-4079.72,5920.28,4429.77,42.89,0.72,-15.75,4,9,-12.41,34.76
TRIPLE,BTC/USDT,1h,F10x1.5_M14x2.5_S20x3.5,1:3,1.0,240,24.17,-4574.52,5425.48,5290.51,49.8,0.7,-19.06,5,21,-12.94,43.02
SINGLE,BTC/USDT,4h,P7x1.5,1:2,1.0,116,31.03,-1893.94,8106.06,3028.49,27.51,0.77,-16.33,10,9,-10.02,69.38
SINGLE,BTC/USDT,4h,P7x1.5,1:3,1.0,84,21.43,-1870.17,8129.83,2079.41,20.79,0.72,-22.26,2,14,-11.4,78.2
SINGLE,BTC/USDT,4h,P7x2.0,1:2,1.0,86,30.23,-1454.83,8545.17,1889.7,18.9,0.74,-16.92,2,8,-10.14,64.86
SINGLE,BTC/USDT,4h,P7x2.0,1:3,1.0,65,24.62,-637.31,9362.69,1412.77,14.13,0.87,-9.8,2,7,-4.06,74.98
SINGLE,BTC/USDT,4h,P7x2.5,1:2,1.0,55,29.09,-1194.74,8805.26,1323.54,13.24,0.69,-21.72,2,6,-13.31,77.51
SINGLE,BTC/USDT,4h,P7x2.5,1:3,1.0,47,17.02,-1914.1,8085.9,2065.14,20.65,0.49,-40.73,1,10,-24.5,81.94
SINGLE,BTC/USDT,4h,P7x3.0,1:2,1.0,40,22.5,-1591.62,8408.38,1650.01,16.5,0.47,-39.79,2,9,-27.92,72.19
SINGLE,BTC/USDT,4h,P7x3.0,1:3,1.0,38,21.05,-1073.49,8926.51,1418.2,14.18,0.64,-28.25,2,9,-14.62,75.46
SINGLE,BTC/USDT,4h,P7x3.5,1:2,1.0,35,22.86,-1369.49,8630.51,1422.97,14.23,0.48,-39.13,1,9,-27.07,68.17
SINGLE,BTC/USDT,4h,P7x3.5,1:3,1.0,31,12.9,-1769.8,8230.2,1820.79,18.21,0.32,-57.09,1,9,-40.74,78.58
SINGLE,BTC/USDT,4h,P10x1.5,1:2,1.0,133,33.08,-1446.06,8553.94,2975.4,25.88,0.86,-10.87,4,9,-6.18,67.24
SINGLE,BTC/USDT,4h,P10x1.5,1:3,1.0,92,26.09,-623.0,9377.0,1706.86,15.74,0.92,-6.77,2,9,-2.53,75.98
SINGLE,BTC/USDT,4h,P10x2.0,1:2,1.0,94,35.11,-419.71,9580.29,1549.39,14.12,0.94,-4.47,5,7,-2.01,61.19
SINGLE,BTC/USDT,4h,P10x2.0,1:3,1.0,66,27.27,-101.87,9898.13,874.13,8.5,0.98,-1.54,2,7,-0.0,73.81
SINGLE,BTC/USDT,4h,P10x2.5,1:2,1.0,54,33.33,-571.36,9428.64,1026.97,9.9,0.85,-10.58,6,8,-5.76,71.55
SINGLE,BTC/USDT,4h,P10x2.5,1:3,1.0,45,24.44,-669.76,9330.24,1074.49,10.61,0.81,-14.88,2,9,-6.73,78.49
SINGLE,BTC/USDT,4h,P10x3.0,1:2,1.0,45,24.44,-1511.76,8488.24,1577.6,15.78,0.55,-33.59,2,6,-22.61,72.31
SINGLE,BTC/USDT,4h,P10x3.0,1:3,1.0,38,26.32,-304.87,9695.13,1123.36,10.77,0.9,-8.02,2,6,-3.14,74.36
SINGLE,BTC/USDT,4h,P10x3.5,1:2,1.0,37,18.92,-1784.62,8215.38,1878.53,18.79,0.37,-48.23,1,8,-37.05,68.63
SINGLE,BTC/USDT,4h,P10x3.5,1:3,1.0,37,18.92,-1289.4,8710.6,1637.35,16.37,0.55,-34.85,1,8,-19.4,72.19
SINGLE,BTC/USDT,4h,P14x1.5,1:2,1.0,123,30.08,-2262.29,7737.71,2835.33,27.14,0.75,-18.39,3,11,-11.67,68.72
SINGLE,BTC/USDT,4h,P14x1.5,1:3,1.0,88,32.95,1932.01,11932.01,1776.93,13.26,1.26,21.96,5,10,9.45,77.88
SINGLE,BTC/USDT,4h,P14x2.0,1:2,1.0,82,31.71,-1039.13,8960.87,1294.47,12.81,0.82,-12.67,5,12,-7.16,69.59
SINGLE,BTC/USDT,4h,P14x2.0,1:3,1.0,65,18.46,-1999.22,8000.78,2211.32,22.11,0.61,-30.76,2,12,-17.15,77.33
SINGLE,BTC/USDT,4h,P14x2.5,1:2,1.0,58,27.59,-1468.64,8531.36,1866.57,18.67,0.64,-25.32,3,8,-16.17,65.48
SINGLE,BTC/USDT,4h,P14x2.5,1:3,1.0,44,25.0,-575.85,9424.15,888.84,8.89,0.83,-13.09,3,7,-5.79,73.9
SINGLE,BTC/USDT,4h,P14x3.0,1:2,1.0,43,34.88,-219.22,9780.78,623.21,6.23,0.92,-5.1,2,4,-2.37,74.98
SINGLE,BTC/USDT,4h,P14x3.0,1:3,1.0,34,20.59,-1017.66,8982.34,1114.56,11.11,0.63,-29.93,1,5,-15.77,78.58
SINGLE,BTC/USDT,4h,P14x3.5,1:2,1.0,42,21.43,-1724.6,8275.4,1781.87,17.82,0.45,-41.06,1,8,-29.71,67.12
SINGLE,BTC/USDT,4h,P14x3.5,1:3,1.0,39,17.95,-1468.31,8531.69,1659.72,16.6,0.52,-37.65,1,9,-21.76,71.71
SINGLE,BTC/USDT,4h,P20x1.5,1:2,1.0,129,33.33,-1456.31,8543.69,2928.72,25.8,0.85,-11.29,4,8,-6.42,69.41
SINGLE,BTC/USDT,4h,P20x1.5,1:3,1.0,66,33.33,1536.6,11536.6,1480.56,11.55,1.27,23.28,3,8,9.99,80.5
SINGLE,BTC/USDT,4h,P20x2.0,1:2,1.0,82,39.02,791.86,10791.86,768.84,6.76,1.14,9.66,3,6,5.72,67.12
SINGLE,BTC/USDT,4h,P20x2.0,1:3,1.0,69,28.99,589.37,10589.37,666.84,6.5,1.11,8.54,3,5,4.42,75.32
SINGLE,BTC/USDT,4h,P20x2.5,1:2,1.0,57,31.58,-580.19,9419.81,1458.69,14.59,0.85,-10.18,5,8,-5.52,69.79
SINGLE,BTC/USDT,4h,P20x2.5,1:3,1.0,41,19.51,-1005.79,8994.21,1571.8,15.25,0.68,-24.53,2,9,-12.49,80.48
SINGLE,BTC/USDT,4h,P20x3.0,1:2,1.0,46,36.96,101.62,10101.62,841.52,8.42,1.03,2.21,5,4,1.81,69.79
SINGLE,BTC/USDT,4h,P20x3.0,1:3,1.0,33,21.21,-858.44,9141.56,971.73,9.72,0.67,-26.01,1,6,-13.36,77.37
SINGLE,BTC/USDT,4h,P20x3.5,1:2,1.0,35,31.43,-469.4,9530.6,887.62,8.64,0.81,-13.41,2,6,-7.59,72.58
SINGLE,BTC/USDT,4h,P20x3.5,1:3,1.0,33,21.21,-841.69,9158.31,1281.8,12.82,0.66,-25.51,2,9,-13.13,74.36
SINGLE,BTC/USDT,4h,P30x1.5,1:2,1.0,122,32.79,-1454.82,8545.18,1707.46,17.07,0.82,-11.92,4,7,-6.8,67.08
SINGLE,BTC/USDT,4h,P30x1.5,1:3,1.0,87,24.14,-1196.14,8803.86,1567.52,15.68,0.82,-13.75,3,12,-6.21,76.12
SINGLE,BTC/USDT,4h,P30x2.0,1:2,1.0,96,29.17,-1763.41,8236.59,2011.13,20.11,0.72,-18.37,3,7,-11.44,64.98
SINGLE,BTC/USDT,4h,P30x2.0,1:3,1.0,75,24.0,-824.45,9175.55,1883.43,18.52,0.85,-10.99,3,11,-4.75,77.17
SINGLE,BTC/USDT,4h,P30x2.5,1:2,1.0,62,27.42,-1322.6,8677.4,1555.18,15.2,0.7,-21.33,3,9,-13.3,73.17
SINGLE,BTC/USDT,4h,P30x2.5,1:3,1.0,52,15.38,-2012.94,7987.06,2309.81,22.43,0.52,-38.71,2,11,-23.55,79.61
SINGLE,BTC/USDT,4h,P30x3.0,1:2,1.0,50,30.0,-658.7,9341.3,893.9,8.94,0.81,-13.17,3,6,-7.45,69.63
SINGLE,BTC/USDT,4h,P30x3.0,1:3,1.0,46,17.39,-1452.73,8547.27,1609.53,16.1,0.58,-31.58,1,8,-17.44,74.73
SINGLE,BTC/USDT,4h,P30x3.5,1:2,1.0,32,25.0,-995.59,9004.41,1133.1,11.33,0.57,-31.11,2,8,-20.44,75.18
SINGLE,BTC/USDT,4h,P30x3.5,1:3,1.0,31,19.35,-999.66,9000.34,1223.07,12.23,0.58,-32.25,1,8,-17.69,76.39
DOUBLE,BTC/USDT,4h,F7x1.5_S14x2.5,1:2,1.0,60,30.0,-917.18,9082.82,1071.67,10.72,0.78,-15.29,3,8,-8.92,53.33
DOUBLE,BTC/USDT,4h,F7x1.5_S14x2.5,1:3,1.0,51,19.61,-1314.46,8685.54,1545.06,15.45,0.67,-25.77,1,7,-13.47,67.63
DOUBLE,BTC/USDT,4h,F7x1.5_S14x3.5,1:2,1.0,52,32.69,-452.62,9547.38,1073.09,10.73,0.87,-8.7,2,8,-4.52,55.11
DOUBLE,BTC/USDT,4h,F7x1.5_S14x3.5,1:3,1.0,37,21.62,-898.72,9101.28,1319.8,12.79,0.7,-24.29,1,8,-12.25,73.22
DOUBLE,BTC/USDT,4h,F7x1.5_S20x3.0,1:2,1.0,58,34.48,-145.01,9854.99,927.19,8.74,0.96,-2.5,3,6,-0.87,53.45
DOUBLE,BTC/USDT,4h,F7x1.5_S20x3.0,1:3,1.0,39,25.64,-397.07,9602.93,1618.26,14.55,0.87,-10.18,3,11,-4.25,75.68
DOUBLE,BTC/USDT,4h,F7x1.5_S30x2.5,1:2,1.0,58,31.03,-725.94,9274.06,1458.54,13.79,0.83,-12.52,3,9,-7.02,57.67
DOUBLE,BTC/USDT,4h,F7x1.5_S30x2.5,1:3,1.0,51,15.69,-2183.12,7816.88,2362.78,23.44,0.47,-42.81,1,11,-27.08,62.67
DOUBLE,BTC/USDT,4h,F7x1.5_S30x3.5,1:2,1.0,56,26.79,-1388.87,8611.13,1740.73,17.08,0.66,-24.8,2,9,-15.68,55.11
DOUBLE,BTC/USDT,4h,F7x1.5_S30x3.5,1:3,1.0,43,20.93,-1152.33,8847.67,1426.04,13.99,0.66,-26.8,2,8,-13.93,69.45
DOUBLE,BTC/USDT,4h,F7x2.0_S14x3.0,1:2,1.0,41,24.39,-1267.4,8732.6,1430.77,14.31,0.58,-30.91,2,11,-20.08,64.7
DOUBLE,BTC/USDT,4h,F7x2.0_S14x3.0,1:3,1.0,34,17.65,-1300.31,8699.69,1389.72,13.9,0.52,-38.24,1,11,-22.26,71.26
DOUBLE,BTC/USDT,4h,F7x2.0_S20x2.5,1:2,1.0,63,23.81,-2027.45,7972.55,2164.71,21.65,0.55,-32.18,3,9,-22.07,55.21
DOUBLE,BTC/USDT,4h,F7x2.0_S20x2.5,1:3,1.0,56,25.0,-699.41,9300.59,933.4,9.24,0.84,-12.49,2,9,-5.46,61.44
DOUBLE,BTC/USDT,4h,F7x2.0_S20x3.5,1:2,1.0,39,17.95,-2007.07,7992.93,2065.99,20.66,0.34,-51.46,2,14,-40.99,61.55
DOUBLE,BTC/USDT,4h,F7x2.0_S20x3.5,1:3,1.0,35,14.29,-1831.18,8168.82,1891.39,18.91,0.37,-52.32,1,14,-34.98,68.13
DOUBLE,BTC/USDT,4h,F7x2.0_S30x3.0,1:2,1.0,54,24.07,-1699.81,8300.19,1844.03,18.44,0.56,-31.48,2,7,-20.99,51.3
DOUBLE,BTC/USDT,4h,F7x2.0_S30x3.0,1:3,1.0,46,17.39,-1828.47,8171.53,1898.82,18.99,0.51,-39.75,1,8,-23.57,58.42
DOUBLE,BTC/USDT,4h,F7x2.5_S14x2.5,1:2,1.0,68,27.94,-1553.75,8446.25,1627.48,16.27,0.67,-22.85,2,8,-14.49,64.98
DOUBLE,BTC/USDT,4h,F7x2.5_S14x2.5,1:3,1.0,51,21.57,-1206.3,8793.7,1283.07,12.83,0.7,-23.65,2,7,-12.08,77.15
DOUBLE,BTC/USDT,4h,F7x2.5_S14x3.5,1:2,1.0,32,25.0,-1010.79,8989.21,1073.0,10.73,0.57,-31.59,2,7,-20.78,64.86
DOUBLE,BTC/USDT,4h,F7x2.5_S14x3.5,1:3,1.0,29,17.24,-1176.3,8823.7,1445.34,14.16,0.5,-40.56,2,8,-24.06,70.16
DOUBLE,BTC/USDT,4h,F7x2.5_S20x3.0,1:2,1.0,44,38.64,224.05,10224.05,1016.06,10.08,1.08,5.09,5,10,3.36,69.43
DOUBLE,BTC/USDT,4h,F7x2.5_S20x3.0,1:3,1.0,36,25.0,-522.38,9477.62,1328.51,13.29,0.81,-14.51,3,12,-6.48,76.21
DOUBLE,BTC/USDT,4h,F7x2.5_S30x2.5,1:2,1.0,59,30.51,-1050.51,8949.49,1486.6,14.35,0.75,-17.8,5,8,-10.47,59.79
DOUBLE,BTC/USDT,4h,F7x2.5_S30x2.5,1:3,1.0,50,16.0,-2164.81,7835.19,2233.81,22.34,0.47,-43.3,2,16,-27.22,67.56
DOUBLE,BTC/USDT,4h,F7x2.5_S30x3.5,1:2,1.0,28,35.71,-141.3,9858.7,479.04,4.74,0.93,-5.05,3,4,-2.31,74.11
DOUBLE,BTC/USDT,4h,F7x2.5_S30x3.5,1:3,1.0,27,25.93,-345.17,9654.83,623.85,6.11,0.84,-12.78,2,6,-5.54,77.03
DOUBLE,BTC/USDT,4h,F10x1.5_S14x3.0,1:2,1.0,62,24.19,-2016.21,7983.79,2016.21,20.16,0.56,-32.52,2,8,-22.18,53.17
DOUBLE,BTC/USDT,4h,F10x1.5_S14x3.0,1:3,1.0,46,19.57,-1337.2,8662.8,1337.2,13.37,0.64,-29.07,2,8,-15.17,65.0
DOUBLE,BTC/USDT,4h,F10x1.5_S20x2.5,1:2,1.0,55,25.45,-1569.8,8430.2,2184.2,20.58,0.63,-28.54,2,12,-18.58,61.14
DOUBLE,BTC/USDT,4h,F10x1.5_S20x2.5,1:3,1.0,48,14.58,-2093.81,7906.19,2230.9,22.01,0.48,-43.62,1,19,-27.14,66.89
DOUBLE,BTC/USDT,4h,F10x1.5_S20x3.5,1:2,1.0,53,28.3,-1178.5,8821.5,1272.67,12.61,0.7,-22.24,2,8,-13.5,58.08
DOUBLE,BTC/USDT,4h,F10x1.5_S20x3.5,1:3,1.0,34,14.71,-1571.14,8428.86,1571.14,15.71,0.46,-46.21,2,12,-27.68,69.57
DOUBLE,BTC/USDT,4h,F10x1.5_S30x3.0,1:2,1.0,53,28.3,-1123.43,8876.57,1383.7,13.54,0.71,-21.2,2,10,-12.9,56.87
DOUBLE,BTC/USDT,4h,F10x1.5_S30x3.0,1:3,1.0,45,20.0,-1138.75,8861.25,1464.06,14.47,0.68,-25.31,2,8,-12.81,64.43
DOUBLE,BTC/USDT,4h,F10x2.0_S14x2.5,1:2,1.0,52,26.92,-1240.39,8759.61,1530.94,15.31,0.66,-23.85,4,10,-14.86,57.21
DOUBLE,BTC/USDT,4h,F10x2.0_S14x2.5,1:3,1.0,46,23.91,-493.0,9507.0,1098.06,10.82,0.86,-10.72,2,10,-4.5,62.74
DOUBLE,BTC/USDT,4h,F10x2.0_S14x3.5,1:2,1.0,40,32.5,-402.82,9597.18,1063.21,10.56,0.86,-10.07,4,8,-5.28,48.31
DOUBLE,BTC/USDT,4h,F10x2.0_S14x3.5,1:3,1.0,36,16.67,-1385.17,8614.83,1385.17,13.85,0.54,-38.48,1,8,-21.51,53.61
DOUBLE,BTC/USDT,4h,F10x2.0_S20x3.0,1:2,1.0,47,38.3,428.77,10428.77,615.75,6.1,1.14,9.12,5,6,5.52,51.03
DOUBLE,BTC/USDT,4h,F10x2.0_S20x3.0,1:3,1.0,38,23.68,-413.78,9586.22,1062.01,10.62,0.86,-10.89,3,10,-4.57,62.81
DOUBLE,BTC/USDT,4h,F10x2.0_S30x2.5,1:2,1.0,54,24.07,-1703.99,8296.01,1703.99,17.04,0.57,-31.55,3,8,-21.1,54.27
DOUBLE,BTC/USDT,4h,F10x2.0_S30x2.5,1:3,1.0,46,17.39,-1570.92,8429.08,1744.74,17.45,0.57,-34.15,2,9,-19.02,61.39
DOUBLE,BTC/USDT,4h,F10x2.0_S30x3.5,1:2,1.0,42,26.19,-1158.36,8841.64,1309.65,12.95,0.63,-27.58,2,6,-17.15,48.58
DOUBLE,BTC/USDT,4h,F10x2.0_S30x3.5,1:3,1.0,40,20.0,-1068.08,8931.92,1360.48,13.6,0.67,-26.7,1,7,-13.4,54.16
DOUBLE,BTC/USDT,4h,F10x2.5_S14x3.0,1:2,1.0,37,32.43,-478.67,9521.33,747.54,7.33,0.82,-12.94,2,5,-7.16,71.05
DOUBLE,BTC/USDT,4h,F10x2.5_S14x3.0,1:3,1.0,29,24.14,-529.07,9470.93,938.41,9.08,0.77,-18.24,1,9,-8.53,74.73
DOUBLE,BTC/USDT,4h,F10x2.5_S20x2.5,1:2,1.0,65,33.85,-554.78,9445.22,1332.91,12.62,0.88,-8.54,4,9,-4.47,58.47
DOUBLE,BTC/USDT,4h,F10x2.5_S20x2.5,1:3,1.0,54,25.93,-486.9,9513.1,1401.06,13.7,0.88,-9.02,3,9,-3.65,68.88
DOUBLE,BTC/USDT,4h,F10x2.5_S20x3.5,1:2,1.0,28,17.86,-1502.96,8497.04,1560.6,15.61,0.34,-53.68,2,9,-42.34,65.43
DOUBLE,BTC/USDT,4h,F10x2.5_S20x3.5,1:3,1.0,25,12.0,-1573.88,8426.12,1631.04,16.31,0.27,-62.95,1,9,-47.71,68.9
DOUBLE,BTC/USDT,4h,F10x2.5_S30x3.0,1:2,1.0,47,36.17,-65.27,9934.73,739.52,7.09,0.98,-1.39,3,7,-0.22,59.09
DOUBLE,BTC/USDT,4h,F10x2.5_S30x3.0,1:3,1.0,41,14.63,-1998.67,8001.33,2061.03,20.61,0.41,-48.75,1,11,-32.17,66.94
DOUBLE,BTC/USDT,4h,F14x1.5_S20x2.5,1:2,1.0,56,28.57,-1156.92,8843.08,1873.62,17.48,0.72,-20.66,3,11,-12.43,57.01
DOUBLE,BTC/USDT,4h,F14x1.5_S20x2.5,1:3,1.0,49,20.41,-1218.06,8781.94,2198.62,20.02,0.71,-24.86,2,11,-12.54,62.17
DOUBLE,BTC/USDT,4h,F14x1.5_S20x3.5,1:2,1.0,52,26.92,-1299.95,8700.05,1299.95,13.0,0.66,-25.0,2,9,-15.54,55.46
DOUBLE,BTC/USDT,4h,F14x1.5_S20x3.5,1:3,1.0,31,19.35,-933.38,9066.62,933.38,9.33,0.64,-30.11,2,7,-15.28,69.54
DOUBLE,BTC/USDT,4h,F14x1.5_S30x3.0,1:2,1.0,53,32.08,-535.0,9465.0,1121.82,11.17,0.85,-10.09,4,7,-5.42,53.11
DOUBLE,BTC/USDT,4h,F14x1.5_S30x3.0,1:3,1.0,39,23.08,-540.14,9459.86,1072.81,10.48,0.82,-13.85,2,7,-6.11,66.71
DOUBLE,BTC/USDT,4h,F14x2.0_S20x2.5,1:2,1.0,53,30.19,-797.52,9202.48,1179.75,11.36,0.79,-15.05,3,7,-8.62,61.78
DOUBLE,BTC/USDT,4h,F14x2.0_S20x2.5,1:3,1.0,43,23.26,-552.16,9447.84,1087.39,10.32,0.84,-12.84,2,7,-5.62,69.93
DOUBLE,BTC/USDT,4h,F14x2.0_S20x3.5,1:2,1.0,36,16.67,-1873.14,8126.86,1873.14,18.73,0.34,-52.03,2,14,-40.56,49.77
DOUBLE,BTC/USDT,4h,F14x2.0_S20x3.5,1:3,1.0,37,16.22,-1474.47,8525.53,1474.47,14.74,0.51,-39.85,2,14,-22.72,53.97
DOUBLE,BTC/USDT,4h,F14x2.0_S30x3.0,1:2,1.0,45,31.11,-522.04,9477.96,748.34,7.34,0.84,-11.6,3,5,-6.33,51.32
DOUBLE,BTC/USDT,4h,F14x2.0_S30x3.0,1:3,1.0,41,24.39,-327.17,9672.83,661.94,6.42,0.9,-7.98,3,5,-3.1,60.66
DOUBLE,BTC/USDT,4h,F14x2.5_S20x2.5,1:2,1.0,55,34.55,-358.86,9641.14,1140.35,10.66,0.91,-6.52,3,8,-3.23,62.97
DOUBLE,BTC/USDT,4h,F14x2.5_S20x2.5,1:3,1.0,43,34.88,1158.45,11158.45,656.11,6.26,1.37,26.94,3,6,11.7,71.05
DOUBLE,BTC/USDT,4h,F14x2.5_S20x3.5,1:2,1.0,31,19.35,-1518.66,8481.34,1576.19,15.76,0.38,-48.99,1,6,-37.07,59.13
DOUBLE,BTC/USDT,4h,F14x2.5_S20x3.5,1:3,1.0,30,16.67,-1348.56,8651.44,1407.25,14.07,0.45,-44.95,1,9,-27.37,59.82
DOUBLE,BTC/USDT,4h,F14x2.5_S30x3.0,1:2,1.0,42,30.95,-700.67,9299.33,975.9,9.57,0.77,-16.68,3,6,-9.63,58.36
DOUBLE,BTC/USDT,4h,F14x2.5_S30x3.0,1:3,1.0,36,19.44,-1208.47,8791.53,1436.88,14.37,0.58,-33.57,1,6,-18.38,61.3
TRIPLE,BTC/USDT,4h,F7x1.5_M14x2.0_S20x3.0,1:2,1.0,62,37.1,34.46,10034.46,1477.58,13.01,1.01,0.56,4,8,0.88,30.59
TRIPLE,BTC/USDT,4h,F7x1.5_M14x2.0_S20x3.0,1:3,1.0,55,25.45,-522.39,9477.61,1525.97,14.18,0.88,-9.5,2,7,-3.87,35.64
TRIPLE,BTC/USDT,4h,F7x1.5_M14x2.0_S20x3.5,1:2,1.0,67,32.84,-889.87,9110.13,1714.43,16.09,0.82,-13.28,4,10,-7.39,23.47
TRIPLE,BTC/USDT,4h,F7x1.5_M14x2.0_S20x3.5,1:3,1.0,61,24.59,-875.2,9124.8,1778.27,16.7,0.83,-14.35,2,9,-6.38,27.88
TRIPLE,BTC/USDT,4h,F7x1.5_M14x2.0_S30x3.0,1:2,1.0,57,38.6,302.13,10302.13,1299.77,11.36,1.07,5.3,3,6,3.48,30.14
TRIPLE,BTC/USDT,4h,F7x1.5_M14x2.0_S30x3.0,1:3,1.0,51,27.45,-94.83,9905.17,1109.21,10.3,0.98,-1.86,2,9,-0.15,32.44
TRIPLE,BTC/USDT,4h,F7x1.5_M14x2.0_S30x3.5,1:2,1.0,62,35.48,-360.75,9639.25,1384.37,12.76,0.92,-5.82,4,8,-2.75,24.86
TRIPLE,BTC/USDT,4h,F7x1.5_M14x2.0_S30x3.5,1:3,1.0,56,26.79,-345.25,9654.75,1380.11,12.82,0.93,-6.17,2,7,-2.17,29.29
TRIPLE,BTC/USDT,4h,F7x1.5_M14x2.5_S20x3.0,1:2,1.0,67,40.3,689.21,10689.21,1675.31,13.74,1.14,10.29,5,8,6.08,34.04
TRIPLE,BTC/USDT,4h,F7x1.5_M14x2.5_S20x3.0,1:3,1.0,56,30.36,573.27,10573.27,1401.08,11.97,1.12,10.24,3,7,5.13,41.3
TRIPLE,BTC/USDT,4h,F7x1.5_M14x2.5_S20x3.5,1:2,1.0,70,35.71,-411.18,9588.82,1628.9,14.75,0.92,-5.87,5,9,-2.82,25.68
TRIPLE,BTC/USDT,4h,F7x1.5_M14x2.5_S20x3.5,1:3,1.0,64,28.12,-115.09,9884.91,1493.34,13.45,0.98,-1.8,3,8,-0.12,31.3
TRIPLE,BTC/USDT,4h,F7x1.5_M14x2.5_S30x3.0,1:2,1.0,61,40.98,742.77,10742.77,1414.28,11.8,1.17,12.18,4,7,7.06,31.3
TRIPLE,BTC/USDT,4h,F7x1.5_M14x2.5_S30x3.0,1:3,1.0,55,30.91,653.78,10653.78,1152.48,9.99,1.15,11.89,3,8,5.8,35.78
TRIPLE,BTC/USDT,4h,F7x1.5_M14x2.5_S30x3.5,1:2,1.0,68,39.71,410.66,10410.66,1496.32,12.77,1.08,6.04,5,7,3.86,26.78
TRIPLE,BTC/USDT,4h,F7x1.5_M14x2.5_S30x3.5,1:3,1.0,62,30.65,517.84,10517.84,1261.61,10.98,1.1,8.35,3,7,4.34,32.6
TRIPLE,BTC/USDT,4h,F7x1.5_M20x2.0_S30x3.0,1:2,1.0,56,39.29,440.19,10440.19,1108.01,9.73,1.11,7.86,3,6,4.85,33.13
TRIPLE,BTC/USDT,4h,F7x1.5_M20x2.0_S30x3.0,1:3,1.0,50,28.0,33.73,10033.73,1310.05,12.17,1.01,0.67,2,10,1.0,34.47
TRIPLE,BTC/USDT,4h,F7x1.5_M20x2.0_S30x3.5,1:2,1.0,59,37.29,-2.4,9997.6,1301.15,11.71,1.0,-0.04,3,8,0.55,28.01
TRIPLE,BTC/USDT,4h,F7x1.5_M20x2.0_S30x3.5,1:3,1.0,55,27.27,-216.6,9783.4,1255.04,11.66,0.95,-3.94,2,7,-1.12,31.76
TRIPLE,BTC/USDT,4h,F7x1.5_M20x2.5_S30x3.0,1:2,1.0,65,40.0,576.62,10576.62,1666.65,13.8,1.12,8.87,5,8,5.35,29.7
TRIPLE,BTC/USDT,4h,F7x1.5_M20x2.5_S30x3.0,1:3,1.0,56,30.36,516.46,10516.46,1402.23,12.03,1.11,9.22,4,8,4.7,33.11
TRIPLE,BTC/USDT,4h,F7x1.5_M20x2.5_S30x3.5,1:2,1.0,68,39.71,382.66,10382.66,1763.8,14.75,1.08,5.63,6,8,3.64,23.68
TRIPLE,BTC/USDT,4h,F7x1.5_M20x2.5_S30x3.5,1:3,1.0,59,32.2,838.92,10838.92,1575.17,13.0,1.17,14.22,4,8,6.71,29.34
TRIPLE,BTC/USDT,4h,F7x2.0_M14x2.0_S20x3.0,1:2,1.0,64,37.5,197.27,10197.27,1054.81,9.51,1.04,3.08,5,6,2.28,38.9
TRIPLE,BTC/USDT,4h,F7x2.0_M14x2.0_S20x3.0,1:3,1.0,53,20.75,-1317.18,8682.82,2111.6,19.97,0.69,-24.85,3,14,-12.64,44.5
TRIPLE,BTC/USDT,4h,F7x2.0_M14x2.0_S20x3.5,1:2,1.0,57,31.58,-905.32,9094.68,1477.17,14.51,0.78,-15.88,4,8,-9.03,30.43
TRIPLE,BTC/USDT,4h,F7x2.0_M14x2.0_S20x3.5,1:3,1.0,52,19.23,-1662.98,8337.02,2171.09,21.13,0.6,-31.98,3,17,-17.23,37.37
TRIPLE,BTC/USDT,4h,F7x2.0_M14x2.0_S30x3.0,1:2,1.0,62,35.48,-191.17,9808.83,976.03,9.18,0.96,-3.08,4,6,-1.19,37.53
TRIPLE,BTC/USDT,4h,F7x2.0_M14x2.0_S30x3.0,1:3,1.0,56,19.64,-1609.27,8390.73,2396.34,22.66,0.64,-28.74,3,16,-15.31,42.58
TRIPLE,BTC/USDT,4h,F7x2.0_M14x2.0_S30x3.5,1:2,1.0,55,41.82,804.52,10804.52,808.51,7.88,1.22,14.63,6,5,8.25,31.3
TRIPLE,BTC/USDT,4h,F7x2.0_M14x2.0_S30x3.5,1:3,1.0,49,26.53,-288.7,9711.3,1134.0,10.72,0.93,-5.89,3,8,-2.04,37.49
TRIPLE,BTC/USDT,4h,F7x2.0_M14x2.5_S20x3.0,1:2,1.0,65,43.08,1315.23,11315.23,1004.62,8.27,1.29,20.23,7,6,11.05,39.32
TRIPLE,BTC/USDT,4h,F7x2.0_M14x2.5_S20x3.0,1:3,1.0,52,21.15,-1208.89,8791.11,2177.11,20.26,0.71,-23.25,2,10,-11.63,46.67
TRIPLE,BTC/USDT,4h,F7x2.0_M14x2.5_S20x3.5,1:2,1.0,53,39.62,362.59,10362.59,716.93,7.04,1.1,6.84,5,5,4.3,27.97
TRIPLE,BTC/USDT,4h,F7x2.0_M14x2.5_S20x3.5,1:3,1.0,48,18.75,-1607.99,8392.01,2117.61,20.6,0.58,-33.5,2,14,-18.21,36.16
TRIPLE,BTC/USDT,4h,F7x2.0_M14x2.5_S30x3.0,1:2,1.0,59,40.68,693.69,10693.69,1030.32,8.91,1.17,11.76,5,6,6.89,34.68
TRIPLE,BTC/USDT,4h,F7x2.0_M14x2.5_S30x3.0,1:3,1.0,53,18.87,-1672.93,8327.07,2629.5,24.47,0.61,-31.56,2,13,-17.27,40.78
TRIPLE,BTC/USDT,4h,F7x2.0_M14x2.5_S30x3.5,1:2,1.0,53,47.17,1674.13,11674.13,613.28,5.08,1.48,31.59,5,4,16.47,29.93
TRIPLE,BTC/USDT,4h,F7x2.0_M14x2.5_S30x3.5,1:3,1.0,47,25.53,-448.54,9551.46,1581.96,14.55,0.88,-9.54,3,7,-3.83,37.01
TRIPLE,BTC/USDT,4h,F7x2.0_M20x2.0_S30x3.0,1:2,1.0,57,36.84,65.29,10065.29,993.36,9.14,1.02,1.15,4,6,1.21,36.37
TRIPLE,BTC/USDT,4h,F7x2.0_M20x2.0_S30x3.0,1:3,1.0,52,19.23,-1564.46,8435.54,2352.66,22.24,0.62,-30.09,2,14,-16.15,41.12
TRIPLE,BTC/USDT,4h,F7x2.0_M20x2.0_S30x3.5,1:2,1.0,46,45.65,1281.71,11281.71,687.77,6.05,1.43,27.86,5,5,14.73,29.84
TRIPLE,BTC/USDT,4h,F7x2.0_M20x2.0_S30x3.5,1:3,1.0,41,26.83,-161.91,9838.09,1010.72,9.56,0.95,-3.95,2,6,-1.11,35.68
TRIPLE,BTC/USDT,4h,F7x2.0_M20x2.5_S30x3.0,1:2,1.0,59,37.29,72.71,10072.71,1143.39,10.34,1.02,1.23,4,7,1.26,32.37
TRIPLE,BTC/USDT,4h,F7x2.0_M20x2.5_S30x3.0,1:3,1.0,53,16.98,-1996.85,8003.15,2945.28,27.4,0.54,-37.68,2,14,-22.08,38.11
TRIPLE,BTC/USDT,4h,F7x2.0_M20x2.5_S30x3.5,1:2,1.0,50,48.0,1701.88,11701.88,635.43,5.36,1.53,34.04,5,5,17.64,26.35
TRIPLE,BTC/USDT,4h,F7x2.0_M20x2.5_S30x3.5,1:3,1.0,44,25.0,-519.04,9480.96,1650.51,15.19,0.86,-11.8,3,9,-4.95,33.4
TRIPLE,BTC/USDT,4h,F10x1.5_M14x2.0_S20x3.0,1:2,1.0,71,29.58,-1468.25,8531.75,2555.87,23.05,0.73,-20.68,3,8,-12.67,29.45
TRIPLE,BTC/USDT,4h,F10x1.5_M14x2.0_S20x3.0,1:3,1.0,63,19.05,-2005.38,7994.62,2675.62,25.08,0.63,-31.83,2,15,-17.69,38.01
TRIPLE,BTC/USDT,4h,F10x1.5_M14x2.0_S20x3.5,1:2,1.0,72,26.39,-2139.95,7860.05,2317.33,22.77,0.61,-29.72,2,10,-19.85,24.04
TRIPLE,BTC/USDT,4h,F10x1.5_M14x2.0_S20x3.5,1:3,1.0,65,18.46,-2268.04,7731.96,2615.68,25.28,0.59,-34.89,2,14,-19.98,32.1
TRIPLE,BTC/USDT,4h,F10x1.5_M14x2.0_S30x3.0,1:2,1.0,68,30.88,-1171.14,8828.86,2217.33,20.07,0.78,-17.22,2,10,-10.15,29.93
TRIPLE,BTC/USDT,4h,F10x1.5_M14x2.0_S30x3.0,1:3,1.0,62,20.97,-1587.43,8412.57,2318.04,21.6,0.7,-25.6,2,14,-13.24,36.71
TRIPLE,BTC/USDT,4h,F10x1.5_M14x2.0_S30x3.5,1:2,1.0,70,27.14,-1964.97,8035.03,2225.55,21.69,0.64,-28.07,2,9,-18.32,23.88
TRIPLE,BTC/USDT,4h,F10x1.5_M14x2.0_S30x3.5,1:3,1.0,64,18.75,-2179.2,7820.8,2641.93,25.25,0.6,-34.05,2,14,-19.22,32.35
TRIPLE,BTC/USDT,4h,F10x1.5_M14x2.5_S20x3.0,1:2,1.0,73,34.25,-566.12,9433.88,2124.84,18.38,0.9,-7.76,4,8,-3.98,32.99
TRIPLE,BTC/USDT,4h,F10x1.5_M14x2.5_S20x3.0,1:3,1.0,61,22.95,-1098.81,8901.19,2154.9,19.49,0.79,-18.01,2,11,-8.5,44.25
TRIPLE,BTC/USDT,4h,F10x1.5_M14x2.5_S20x3.5,1:2,1.0,70,31.43,-1191.69,8808.31,1853.02,17.38,0.78,-17.02,3,10,-9.95,25.5
TRIPLE,BTC/USDT,4h,F10x1.5_M14x2.5_S20x3.5,1:3,1.0,64,20.31,-1815.2,8184.8,2277.93,21.77,0.66,-28.36,1,12,-15.0,36.14
SINGLE,ETH/USDT,1h,P7x1.5,1:2,1.0,498,30.52,-7191.83,2808.17,7299.98,73.0,0.66,-14.44,4,16,-14.86,67.92
SINGLE,ETH/USDT,1h,P7x1.5,1:3,1.0,321,25.23,-4087.53,5912.47,4248.85,42.49,0.8,-12.73,4,15,-7.16,77.78
SINGLE,ETH/USDT,1h,P7x2.0,1:2,1.0,302,31.13,-4454.58,5545.42,4806.21,48.06,0.74,-14.75,4,18,-10.87,70.37
SINGLE,ETH/USDT,1h,P7x2.0,1:3,1.0,208,20.67,-4730.15,5269.85,5015.38,49.1,0.67,-22.74,3,18,-14.86,78.9
SINGLE,ETH/USDT,1h,P7x2.5,1:2,1.0,230,35.65,-1136.83,8863.17,2018.65,19.75,0.92,-4.94,4,9,-2.42,70.91
SINGLE,ETH/USDT,1h,P7x2.5,1:3,1.0,172,24.42,-2352.51,7647.49,2763.79,26.72,0.81,-13.68,2,12,-6.8,77.25
SINGLE,ETH/USDT,1h,P7x3.0,1:2,1.0,157,29.3,-2800.89,7199.11,3218.9,31.14,0.73,-17.84,3,8,-11.94,72.39
SINGLE,ETH/USDT,1h,P7x3.0,1:3,1.0,121,28.93,867.07,10867.07,1434.57,11.66,1.09,7.17,5,9,3.8,75.86
SINGLE,ETH/USDT,1h,P7x3.5,1:2,1.0,125,35.2,-319.56,9680.44,1981.35,17.37,0.96,-2.56,3,10,-0.91,73.56
SINGLE,ETH/USDT,1h,P7x3.5,1:3,1.0,110,25.45,-659.77,9340.23,2210.42,19.14,0.93,-6.0,3,12,-2.19,77.77
SINGLE,ETH/USDT,1h,P10x1.5,1:2,1.0,497,33.6,-5388.62,4611.38,6324.45,60.38,0.8,-10.84,7,13,-8.54,68.74
SINGLE,ETH/USDT,1h,P10x1.5,1:3,1.0,331,29.0,-211.94,9788.06,4746.93,33.27,0.99,-0.64,4,14,0.42,78.64
SINGLE,ETH/USDT,1h,P10x2.0,1:2,1.0,324,32.41,-4038.92,5961.08,4372.23,43.38,0.79,-12.47,3,10,-8.74,71.04
SINGLE,ETH/USDT,1h,P10x2.0,1:3,1.0,231,22.08,-4540.99,5459.01,4607.13,46.07,0.71,-19.66,4,16,-12.43,78.45
SINGLE,ETH/USDT,1h,P10x2.5,1:2,1.0,252,28.17,-4959.38,5040.62,5218.96,51.47,0.66,-19.68,3,12,-15.91,68.61
SINGLE,ETH/USDT,1h,P10x2.5,1:3,1.0,171,21.05,-3758.13,6241.87,3822.12,38.22,0.68,-21.98,3,11,-13.15,77.64
SINGLE,ETH/USDT,1h,P10x3.0,1:2,1.0,177,29.38,-3179.34,6820.66,3736.7,35.99,0.73,-17.96,6,9,-12.32,74.21
SINGLE,ETH/USDT,1h,P10x3.0,1:3,1.0,132,24.24,-1677.74,8322.26,2037.85,19.72,0.83,-12.71,3,9,-5.97,80.67
SINGLE,ETH/USDT,1h,P10x3.5,1:2,1.0,149,30.87,-2030.58,7969.42,2142.51,21.32,0.8,-13.63,3,9,-8.38,71.5
SINGLE,ETH/USDT,1h,P10x3.5,1:3,1.0,114,23.68,-1341.9,8658.1,1897.24,18.69,0.84,-11.77,4,16,-5.34,79.48
SINGLE,ETH/USDT,1h,P14x1.5,1:2,1.0,498,34.54,-4655.49,5344.51,5366.09,52.86,0.83,-9.35,4,14,-6.72,69.96
SINGLE,ETH/USDT,1h,P14x1.5,1:3,1.0,349,26.36,-3237.6,6762.4,4610.21,42.94,0.87,-9.28,3,15,-4.55,78.41
SINGLE,ETH/USDT,1h,P14x2.0,1:2,1.0,345,34.2,-3144.57,6855.43,4672.99,41.76,0.86,-9.11,6,12,-5.72,70.25
SINGLE,ETH/USDT,1h,P14x2.0,1:3,1.0,227,25.11,-2544.53,7455.47,2775.21,27.38,0.85,-11.21,3,19,-5.41,80.18
SINGLE,ETH/USDT,1h,P14x2.5,1:2,1.0,247,32.79,-2622.29,7377.71,3225.08,32.25,0.82,-10.62,4,10,-6.54,69.58
SINGLE,ETH/USDT,1h,P14x2.5,1:3,1.0,183,22.95,-3098.61,6901.39,3398.25,33.98,0.74,-16.93,5,11,-9.2,76.39
SINGLE,ETH/USDT,1h,P14x3.0,1:2,1.0,178,30.9,-2623.78,7376.22,2809.2,28.09,0.77,-14.74,5,11,-9.49,72.88
SINGLE,ETH/USDT,1h,P14x3.0,1:3,1.0,135,23.7,-1972.2,8027.8,2225.68,21.76,0.8,-14.61,3,11,-7.19,80.96
SINGLE,ETH/USDT,1h,P14x3.5,1:2,1.0,145,27.59,-2957.61,7042.39,3707.15,34.49,0.71,-20.4,3,9,-14.05,69.99
SINGLE,ETH/USDT,1h,P14x3.5,1:3,1.0,112,24.11,-1109.99,8890.01,2100.33,19.11,0.88,-9.91,3,9,-4.29,77.85
SINGLE,ETH/USDT,1h,P20x1.5,1:2,1.0,515,33.4,-5589.8,4410.2,6454.1,62.05,0.79,-10.85,6,14,-8.71,68.76
SINGLE,ETH/USDT,1h,P20x1.5,1:3,1.0,396,25.51,-4526.68,5473.32,4864.19,48.64,0.81,-11.43,3,14,-6.54,76.83
SINGLE,ETH/USDT,1h,P20x2.0,1:2,1.0,347,32.28,-4301.36,5698.64,4696.66,45.98,0.79,-12.4,4,10,-8.88,70.71
SINGLE,ETH/USDT,1h,P20x2.0,1:3,1.0,232,26.72,-1442.62,8557.38,2345.08,23.19,0.92,-6.22,8,13,-2.41,79.32
SINGLE,ETH/USDT,1h,P20x2.5,1:2,1.0,250,33.2,-2530.6,7469.4,3126.19,30.26,0.83,-10.12,4,10,-6.17,70.16
SINGLE,ETH/USDT,1h,P20x2.5,1:3,1.0,186,25.27,-1845.78,8154.22,2326.37,23.01,0.87,-9.92,4,9,-4.45,77.36
SINGLE,ETH/USDT,1h,P20x3.0,1:2,1.0,182,31.87,-2391.49,7608.51,2852.8,27.78,0.8,-13.14,4,15,-8.24,70.01
SINGLE,ETH/USDT,1h,P20x3.0,1:3,1.0,149,19.46,-3888.05,6111.95,4450.56,42.21,0.64,-26.09,2,15,-16.53,75.01
SINGLE,ETH/USDT,1h,P20x3.5,1:2,1.0,148,36.49,250.52,10250.52,1622.12,13.87,1.02,1.69,4,14,1.52,68.65
SINGLE,ETH/USDT,1h,P20x3.5,1:3,1.0,114,22.81,-1648.98,8351.02,2864.51,26.09,0.81,-14.46,3,19,-6.98,76.0
SINGLE,ETH/USDT,1h,P30x1.5,1:2,1.0,556,32.37,-6623.48,3376.52,7068.11,69.99,0.75,-11.91,4,16,-10.96,67.04
SINGLE,ETH/USDT,1h,P30x1.5,1:3,1.0,409,25.43,-4732.13,5267.87,5175.77,51.76,0.79,-11.57,3,23,-6.8,74.64
SINGLE,ETH/USDT,1h,P30x2.0,1:2,1.0,343,34.4,-2923.86,7076.14,3942.0,37.09,0.86,-8.52,4,13,-5.2,71.0
SINGLE,ETH/USDT,1h,P30x2.0,1:3,1.0,243,25.93,-2187.13,7812.87,3323.43,33.2,0.87,-9.0,8,11,-4.05,79.39
SINGLE,ETH/USDT,1h,P30x2.5,1:2,1.0,232,35.34,-1125.51,8874.49,2083.76,20.14,0.93,-4.85,4,11,-2.35,74.32
SINGLE,ETH/USDT,1h,P30x2.5,1:3,1.0,172,25.0,-1807.92,8192.08,2317.91,23.18,0.85,-10.51,3,13,-4.79,80.91
SINGLE,ETH/USDT,1h,P30x3.0,1:2,1.0,181,35.36,-686.02,9313.98,1763.85,16.26,0.95,-3.79,3,8,-1.66,73.55
SINGLE,ETH/USDT,1h,P30x3.0,1:3,1.0,145,22.76,-2526.82,7473.18,3140.81,29.66,0.78,-17.43,3,13,-9.12,79.32
SINGLE,ETH/USDT,1h,P30x3.5,1:2,1.0,146,29.45,-2432.02,7567.98,3262.65,30.12,0.77,-16.66,4,10,-10.81,70.98
SINGLE,ETH/USDT,1h,P30x3.5,1:3,1.0,121,20.66,-2545.21,7454.79,3222.19,30.18,0.72,-21.03,3,11,-11.49,76.99
DOUBLE,ETH/USDT,1h,F7x1.5_S14x2.5,1:2,1.0,230,33.91,-2122.65,7877.35,2263.34,22.63,0.85,-9.23,4,10,-5.39,59.6
DOUBLE,ETH/USDT,1h,F7x1.5_S14x2.5,1:3,1.0,193,23.83,-2922.48,7077.52,3061.88,30.55,0.8,-15.14,3,10,-7.94,65.54
DOUBLE,ETH/USDT,1h,F7x1.5_S14x3.5,1:2,1.0,206,30.58,-3321.71,6678.29,3321.71,33.22,0.75,-16.13,4,13,-10.96,58.35
DOUBLE,ETH/USDT,1h,F7x1.5_S14x3.5,1:3,1.0,167,23.35,-2712.19,7287.81,3921.38,34.98,0.8,-16.24,6,13,-8.48,65.34
DOUBLE,ETH/USDT,1h,F7x1.5_S20x3.0,1:2,1.0,206,36.41,-794.86,9205.14,1789.86,17.9,0.94,-3.86,5,10,-1.72,61.12
DOUBLE,ETH/USDT,1h,F7x1.5_S20x3.0,1:3,1.0,173,27.17,-964.97,9035.03,2782.44,23.55,0.93,-5.58,3,10,-2.03,65.94
DOUBLE,ETH/USDT,1h,F7x1.5_S30x2.5,1:2,1.0,234,35.04,-1777.45,8222.55,2645.66,26.46,0.88,-7.6,3,11,-4.24,60.39
DOUBLE,ETH/USDT,1h,F7x1.5_S30x2.5,1:3,1.0,176,23.3,-2990.25,7009.75,3105.46,31.05,0.77,-16.99,3,13,-9.17,69.12
DOUBLE,ETH/USDT,1h,F7x1.5_S30x3.5,1:2,1.0,210,32.38,-2538.91,7461.09,2771.18,27.08,0.82,-12.09,5,10,-7.51,61.26
DOUBLE,ETH/USDT,1h,F7x1.5_S30x3.5,1:3,1.0,160,24.38,-1913.54,8086.46,2781.79,25.6,0.84,-11.96,4,11,-5.57,69.36
DOUBLE,ETH/USDT,1h,F7x2.0_S14x3.0,1:2,1.0,175,30.29,-2976.96,7023.04,2994.8,29.89,0.73,-17.01,7,10,-11.39,54.75
DOUBLE,ETH/USDT,1h,F7x2.0_S14x3.0,1:3,1.0,155,20.0,-3845.58,6154.42,3845.58,38.46,0.65,-24.81,3,16,-15.2,60.92
DOUBLE,ETH/USDT,1h,F7x2.0_S20x2.5,1:2,1.0,227,33.48,-2139.97,7860.03,2743.7,26.97,0.85,-9.43,4,14,-5.53,60.68
DOUBLE,ETH/USDT,1h,F7x2.0_S20x2.5,1:3,1.0,187,20.32,-4422.75,5577.25,4551.4,45.51,0.64,-23.65,4,11,-15.23,69.63
DOUBLE,ETH/USDT,1h,F7x2.0_S20x3.5,1:2,1.0,158,27.85,-3430.75,6569.25,3430.75,34.31,0.67,-21.71,4,15,-15.42,53.9
DOUBLE,ETH/USDT,1h,F7x2.0_S20x3.5,1:3,1.0,132,20.45,-3152.56,6847.44,3152.56,31.53,0.67,-23.88,3,12,-13.69,61.64
DOUBLE,ETH/USDT,1h,F7x2.0_S30x3.0,1:2,1.0,176,28.41,-3518.09,6481.91,3568.27,35.68,0.66,-19.99,4,13,-14.24,60.03
DOUBLE,ETH/USDT,1h,F7x2.0_S30x3.0,1:3,1.0,147,17.01,-4616.62,5383.38,4616.62,46.17,0.51,-31.41,3,26,-22.16,68.05
DOUBLE,ETH/USDT,1h,F7x2.5_S14x2.5,1:2,1.0,248,31.45,-3612.1,6387.9,4237.02,42.37,0.75,-14.56,6,10,-10.1,62.32
DOUBLE,ETH/USDT,1h,F7x2.5_S14x2.5,1:3,1.0,197,22.34,-3854.35,6145.65,4074.27,40.74,0.71,-19.57,3,16,-11.65,68.63
DOUBLE,ETH/USDT,1h,F7x2.5_S14x3.5,1:2,1.0,128,32.03,-1507.17,8492.83,1626.57,16.07,0.83,-11.77,4,11,-6.8,56.85
DOUBLE,ETH/USDT,1h,F7x2.5_S14x3.5,1:3,1.0,109,24.77,-1064.85,8935.15,1912.89,17.63,0.87,-9.77,4,10,-4.13,61.61
DOUBLE,ETH/USDT,1h,F7x2.5_S20x3.0,1:2,1.0,165,32.12,-2071.59,7928.41,2325.89,23.0,0.81,-12.55,2,12,-7.64,60.39
DOUBLE,ETH/USDT,1h,F7x2.5_S20x3.0,1:3,1.0,140,24.29,-1860.59,8139.41,2567.47,24.5,0.82,-13.29,3,12,-6.37,67.53
DOUBLE,ETH/USDT,1h,F7x2.5_S30x2.5,1:2,1.0,214,31.31,-3050.94,6949.06,3511.93,35.12,0.75,-14.26,4,14,-9.45,64.8
DOUBLE,ETH/USDT,1h,F7x2.5_S30x2.5,1:3,1.0,166,19.28,-4364.63,5635.37,4563.37,45.63,0.6,-26.29,3,14,-17.4,71.79
DOUBLE,ETH/USDT,1h,F7x2.5_S30x3.5,1:2,1.0,132,32.58,-1330.27,8669.73,2085.8,19.39,0.85,-10.08,4,8,-5.67,56.42
DOUBLE,ETH/USDT,1h,F7x2.5_S30x3.5,1:3,1.0,127,21.26,-2623.65,7376.35,2623.65,26.24,0.72,-20.66,2,11,-11.19,58.88
DOUBLE,ETH/USDT,1h,F10x1.5_S14x3.0,1:2,1.0,206,36.41,-710.19,9289.81,2373.68,21.85,0.95,-3.45,6,11,-1.46,59.46
DOUBLE,ETH/USDT,1h,F10x1.5_S14x3.0,1:3,1.0,165,30.3,1566.52,11566.52,1812.44,13.55,1.11,9.49,7,13,4.63,66.62
DOUBLE,ETH/USDT,1h,F10x1.5_S20x2.5,1:2,1.0,245,35.92,-1378.84,8621.16,2121.83,21.22,0.91,-5.63,4,8,-2.88,57.33
DOUBLE,ETH/USDT,1h,F10x1.5_S20x2.5,1:3,1.0,202,24.75,-2542.83,7457.17,3238.23,32.38,0.81,-12.59,3,17,-6.21,63.48
DOUBLE,ETH/USDT,1h,F10x1.5_S20x3.5,1:2,1.0,199,37.19,-88.84,9911.16,2058.5,18.48,0.99,-0.45,5,8,0.32,62.42
DOUBLE,ETH/USDT,1h,F10x1.5_S20x3.5,1:3,1.0,133,23.31,-2035.89,7964.11,2072.09,20.72,0.79,-15.31,3,10,-7.49,75.35
DOUBLE,ETH/USDT,1h,F10x1.5_S30x3.0,1:2,1.0,223,34.08,-1917.23,8082.77,3134.84,31.35,0.86,-8.6,3,13,-4.9,62.2
DOUBLE,ETH/USDT,1h,F10x1.5_S30x3.0,1:3,1.0,177,23.16,-2824.13,7175.87,4074.49,40.74,0.75,-15.96,4,20,-8.34,69.41
DOUBLE,ETH/USDT,1h,F10x2.0_S14x2.5,1:2,1.0,194,35.57,-787.25,9212.75,2051.12,20.18,0.94,-4.06,4,14,-1.81,60.81
DOUBLE,ETH/USDT,1h,F10x2.0_S14x2.5,1:3,1.0,149,21.48,-3059.15,6940.85,3177.0,31.77,0.72,-20.53,2,19,-11.38,68.57
DOUBLE,ETH/USDT,1h,F10x2.0_S14x3.5,1:2,1.0,156,35.9,-553.94,9446.06,2304.37,20.56,0.95,-3.55,5,12,-1.5,53.34
DOUBLE,ETH/USDT,1h,F10x2.0_S14x3.5,1:3,1.0,134,24.63,-1470.7,8529.3,2739.46,24.31,0.86,-10.98,5,21,-4.88,62.13
DOUBLE,ETH/USDT,1h,F10x2.0_S20x3.0,1:2,1.0,161,39.13,979.05,10979.05,2123.11,20.89,1.09,6.08,6,12,3.82,56.23
DOUBLE,ETH/USDT,1h,F10x2.0_S20x3.0,1:3,1.0,127,27.56,-138.83,9861.17,2505.25,21.22,0.99,-1.09,4,13,0.2,64.27
DOUBLE,ETH/USDT,1h,F10x2.0_S30x2.5,1:2,1.0,210,37.62,244.45,10244.45,1383.64,12.6,1.02,1.16,4,9,1.22,63.42
DOUBLE,ETH/USDT,1h,F10x2.0_S30x2.5,1:3,1.0,153,24.84,-1623.64,8376.36,1976.8,19.74,0.86,-10.61,3,10,-4.79,73.31
DOUBLE,ETH/USDT,1h,F10x2.0_S30x3.5,1:2,1.0,157,33.76,-1305.78,8694.22,1817.98,17.51,0.88,-8.32,5,8,-4.55,56.6
DOUBLE,ETH/USDT,1h,F10x2.0_S30x3.5,1:3,1.0,131,25.19,-1109.2,8890.8,2800.68,24.12,0.89,-8.47,3,15,-3.49,61.94
DOUBLE,ETH/USDT,1h,F10x2.5_S14x3.0,1:2,1.0,168,30.95,-2527.02,7472.98,3172.21,31.72,0.75,-15.04,3,14,-9.58,63.08
DOUBLE,ETH/USDT,1h,F10x2.5_S14x3.0,1:3,1.0,129,24.03,-1573.55,8426.45,2551.34,25.51,0.83,-12.2,3,14,-5.6,71.5
DOUBLE,ETH/USDT,1h,F10x2.5_S20x2.5,1:2,1.0,222,29.28,-4088.67,5911.33,4373.36,43.73,0.69,-18.42,4,13,-13.61,63.82
DOUBLE,ETH/USDT,1h,F10x2.5_S20x2.5,1:3,1.0,189,23.81,-2756.29,7243.71,3335.02,32.05,0.81,-14.58,4,13,-7.49,71.4
DOUBLE,ETH/USDT,1h,F10x2.5_S20x3.5,1:2,1.0,139,33.81,-1127.72,8872.28,1478.39,14.69,0.88,-8.11,5,7,-4.36,52.88
DOUBLE,ETH/USDT,1h,F10x2.5_S20x3.5,1:3,1.0,115,25.22,-922.93,9077.07,1604.95,15.46,0.89,-8.03,3,11,-3.22,61.87
DOUBLE,ETH/USDT,1h,F10x2.5_S30x3.0,1:2,1.0,178,33.71,-1506.89,8493.11,2583.74,25.84,0.87,-8.47,4,9,-4.71,58.81
DOUBLE,ETH/USDT,1h,F10x2.5_S30x3.0,1:3,1.0,138,24.64,-1467.27,8532.73,1862.29,18.62,0.86,-10.63,2,10,-4.73,67.51
DOUBLE,ETH/USDT,1h,F14x1.5_S20x2.5,1:2,1.0,246,36.99,-598.88,9401.12,2299.07,22.99,0.96,-2.43,5,21,-0.85,56.02
DOUBLE,ETH/USDT,1h,F14x1.5_S20x2.5,1:3,1.0,180,25.0,-2338.79,7661.21,2813.86,28.14,0.82,-12.99,3,16,-6.36,65.47
DOUBLE,ETH/USDT,1h,F14x1.5_S20x3.5,1:2,1.0,204,34.8,-1379.1,8620.9,1840.87,18.41,0.9,-6.76,4,11,-3.56,61.32
DOUBLE,ETH/USDT,1h,F14x1.5_S20x3.5,1:3,1.0,145,31.03,1632.27,11632.27,1851.01,14.28,1.14,11.26,4,12,5.34,72.72
DOUBLE,ETH/USDT,1h,F14x1.5_S30x3.0,1:2,1.0,226,31.86,-3035.34,6964.66,3764.79,37.65,0.77,-13.43,6,13,-8.73,55.66
DOUBLE,ETH/USDT,1h,F14x1.5_S30x3.0,1:3,1.0,184,23.91,-2571.49,7428.51,4530.83,45.31,0.77,-13.98,5,20,-7.0,65.07
DOUBLE,ETH/USDT,1h,F14x2.0_S20x2.5,1:2,1.0,217,34.1,-1720.11,8279.89,2398.9,23.99,0.88,-7.93,3,14,-4.38,56.54
DOUBLE,ETH/USDT,1h,F14x2.0_S20x2.5,1:3,1.0,179,24.58,-2092.7,7907.3,3135.18,29.82,0.84,-11.69,3,14,-5.5,65.19
DOUBLE,ETH/USDT,1h,F14x2.0_S20x3.5,1:2,1.0,151,36.42,-51.1,9948.9,2184.8,18.71,1.0,-0.34,5,11,0.39,54.53
DOUBLE,ETH/USDT,1h,F14x2.0_S20x3.5,1:3,1.0,121,23.14,-1866.29,8133.71,2247.19,21.65,0.8,-15.42,3,12,-7.51,60.86
DOUBLE,ETH/USDT,1h,F14x2.0_S30x3.0,1:2,1.0,177,35.59,-475.94,9524.06,1936.37,19.36,0.96,-2.69,6,9,-0.98,57.92
DOUBLE,ETH/USDT,1h,F14x2.0_S30x3.0,1:3,1.0,144,21.53,-2901.64,7098.36,3113.73,31.14,0.7,-20.15,3,22,-11.06,65.96
DOUBLE,ETH/USDT,1h,F14x2.5_S20x2.5,1:2,1.0,243,30.45,-3763.14,6236.86,4149.87,41.14,0.73,-15.49,4,12,-10.84,62.88
DOUBLE,ETH/USDT,1h,F14x2.5_S20x2.5,1:3,1.0,183,21.31,-3716.93,6283.07,4122.01,40.84,0.69,-20.31,3,12,-11.89,73.89
DOUBLE,ETH/USDT,1h,F14x2.5_S20x3.5,1:2,1.0,130,34.62,-606.37,9393.63,1454.75,14.52,0.93,-4.66,7,8,-2.16,51.82
DOUBLE,ETH/USDT,1h,F14x2.5_S20x3.5,1:3,1.0,97,25.77,-533.31,9466.69,1545.03,15.29,0.93,-5.5,3,11,-1.91,62.5
DOUBLE,ETH/USDT,1h,F14x2.5_S30x3.0,1:2,1.0,176,30.11,-2842.85,7157.15,3390.69,33.91,0.73,-16.15,4,10,-10.65,59.55
DOUBLE,ETH/USDT,1h,F14x2.5_S30x3.0,1:3,1.0,122,23.77,-1640.52,8359.48,2226.65,22.27,0.81,-13.45,2,9,-6.34,72.03
TRIPLE,ETH/USDT,1h,F7x1.5_M14x2.0_S20x3.0,1:2,1.0,273,31.14,-4748.8,5251.2,4748.8,47.49,0.7,-17.39,4,15,-13.47,37.86
TRIPLE,ETH/USDT,1h,F7x1.5_M14x2.0_S20x3.0,1:3,1.0,224,25.0,-3264.58,6735.42,3380.82,33.42,0.8,-14.57,3,18,-7.73,47.79
TRIPLE,ETH/USDT,1h,F7x1.5_M14x2.0_S20x3.5,1:2,1.0,258,27.91,-5731.12,4268.88,5731.12,57.31,0.6,-22.21,6,13,-19.74,29.5
TRIPLE,ETH/USDT,1h,F7x1.5_M14x2.0_S20x3.5,1:3,1.0,236,22.03,-4974.27,5025.73,4974.27,49.74,0.68,-21.08,5,19,-13.9,37.23
TRIPLE,ETH/USDT,1h,F7x1.5_M14x2.0_S30x3.0,1:2,1.0,269,29.0,-5360.49,4639.51,5360.49,53.6,0.65,-19.93,3,14,-16.65,40.07
TRIPLE,ETH/USDT,1h,F7x1.5_M14x2.0_S30x3.0,1:3,1.0,227,24.23,-3455.94,6544.06,3573.45,35.32,0.79,-15.22,3,22,-8.21,48.62
TRIPLE,ETH/USDT,1h,F7x1.5_M14x2.0_S30x3.5,1:2,1.0,265,27.92,-5768.52,4231.48,5801.21,58.01,0.58,-21.77,4,15,-19.39,34.45
TRIPLE,ETH/USDT,1h,F7x1.5_M14x2.0_S30x3.5,1:3,1.0,230,20.87,-5314.85,4685.15,5357.28,53.35,0.63,-23.11,5,18,-16.13,42.87
TRIPLE,ETH/USDT,1h,F7x1.5_M14x2.5_S20x3.0,1:2,1.0,283,31.1,-4923.3,5076.7,5299.99,51.08,0.71,-17.4,4,9,-13.72,37.52
TRIPLE,ETH/USDT,1h,F7x1.5_M14x2.5_S20x3.0,1:3,1.0,233,23.18,-4328.81,5671.19,4723.51,45.44,0.74,-18.58,3,21,-11.21,47.87
TRIPLE,ETH/USDT,1h,F7x1.5_M14x2.5_S20x3.5,1:2,1.0,260,27.69,-5887.7,4112.3,6218.32,60.19,0.61,-22.64,4,13,-20.55,30.45
TRIPLE,ETH/USDT,1h,F7x1.5_M14x2.5_S20x3.5,1:3,1.0,238,21.43,-5330.83,4669.17,5600.96,54.54,0.66,-22.4,3,21,-15.48,37.06
TRIPLE,ETH/USDT,1h,F7x1.5_M14x2.5_S30x3.0,1:2,1.0,289,28.72,-5859.73,4140.27,5990.7,59.13,0.63,-20.28,3,15,-18.02,39.37
TRIPLE,ETH/USDT,1h,F7x1.5_M14x2.5_S30x3.0,1:3,1.0,246,22.36,-4888.24,5111.76,5036.79,49.63,0.7,-19.87,3,23,-12.76,48.06
TRIPLE,ETH/USDT,1h,F7x1.5_M14x2.5_S30x3.5,1:2,1.0,265,28.3,-5724.31,4275.69,5862.44,57.83,0.62,-21.6,3,13,-19.11,34.78
TRIPLE,ETH/USDT,1h,F7x1.5_M14x2.5_S30x3.5,1:3,1.0,234,21.37,-5249.81,4750.19,5568.67,53.97,0.67,-22.44,3,22,-15.4,43.01
TRIPLE,ETH/USDT,1h,F7x1.5_M20x2.0_S30x3.0,1:2,1.0,269,29.0,-5476.31,4523.69,5476.31,54.76,0.63,-20.36,3,14,-17.39,39.55
TRIPLE,ETH/USDT,1h,F7x1.5_M20x2.0_S30x3.0,1:3,1.0,226,23.89,-3838.72,6161.28,3838.72,38.39,0.75,-16.98,3,21,-9.69,47.96
TRIPLE,ETH/USDT,1h,F7x1.5_M20x2.0_S30x3.5,1:2,1.0,260,27.69,-5829.46,4170.54,5861.67,58.62,0.57,-22.42,4,13,-20.3,34.12
TRIPLE,ETH/USDT,1h,F7x1.5_M20x2.0_S30x3.5,1:3,1.0,225,20.89,-5282.83,4717.17,5282.83,52.83,0.62,-23.48,3,18,-16.43,42.6
TRIPLE,ETH/USDT,1h,F7x1.5_M20x2.5_S30x3.0,1:2,1.0,286,30.77,-5028.51,4971.49,5034.52,50.31,0.7,-17.58,4,10,-13.99,41.29
TRIPLE,ETH/USDT,1h,F7x1.5_M20x2.5_S30x3.0,1:3,1.0,244,23.36,-4348.84,5651.16,4669.33,45.24,0.75,-17.82,3,22,-10.64,49.14
TRIPLE,ETH/USDT,1h,F7x1.5_M20x2.5_S30x3.5,1:2,1.0,269,29.37,-5472.21,4527.79,5485.29,54.78,0.65,-20.34,4,11,-17.36,35.17
TRIPLE,ETH/USDT,1h,F7x1.5_M20x2.5_S30x3.5,1:3,1.0,239,22.59,-4867.88,5132.12,5059.46,49.64,0.71,-20.37,3,20,-13.21,42.92
TRIPLE,ETH/USDT,1h,F7x2.0_M14x2.0_S20x3.0,1:2,1.0,269,28.25,-5689.09,4310.91,5769.09,57.69,0.61,-21.15,3,12,-18.58,35.39
TRIPLE,ETH/USDT,1h,F7x2.0_M14x2.0_S20x3.0,1:3,1.0,225,22.22,-4708.76,5291.24,4708.76,47.09,0.68,-20.93,3,21,-13.52,44.84
TRIPLE,ETH/USDT,1h,F7x2.0_M14x2.0_S20x3.5,1:2,1.0,242,26.03,-6060.11,3939.89,6060.11,60.6,0.55,-25.04,3,17,-23.94,27.47
TRIPLE,ETH/USDT,1h,F7x2.0_M14x2.0_S20x3.5,1:3,1.0,217,19.35,-5736.67,4263.33,5736.67,57.37,0.57,-26.44,3,23,-20.25,33.92
TRIPLE,ETH/USDT,1h,F7x2.0_M14x2.0_S30x3.0,1:2,1.0,273,27.11,-6061.28,3938.72,6134.38,61.34,0.56,-22.2,3,12,-20.56,36.33
TRIPLE,ETH/USDT,1h,F7x2.0_M14x2.0_S30x3.0,1:3,1.0,225,20.0,-5578.81,4421.19,5578.81,55.79,0.6,-24.79,3,20,-18.12,46.22
TRIPLE,ETH/USDT,1h,F7x2.0_M14x2.0_S30x3.5,1:2,1.0,257,26.85,-6034.22,3965.78,6034.22,60.34,0.56,-23.48,3,16,-22.07,29.24
TRIPLE,ETH/USDT,1h,F7x2.0_M14x2.0_S30x3.5,1:3,1.0,218,20.18,-5449.04,4550.96,5449.04,54.49,0.61,-25.0,3,21,-18.1,37.41
TRIPLE,ETH/USDT,1h,F7x2.0_M14x2.5_S20x3.0,1:2,1.0,266,28.2,-5683.23,4316.77,5712.92,57.13,0.6,-21.37,3,12,-18.78,34.06
TRIPLE,ETH/USDT,1h,F7x2.0_M14x2.5_S20x3.0,1:3,1.0,224,20.98,-5224.46,4775.54,5224.46,52.24,0.64,-23.32,3,22,-16.17,43.44
TRIPLE,ETH/USDT,1h,F7x2.0_M14x2.5_S20x3.5,1:2,1.0,226,27.43,-5369.8,4630.2,5369.8,53.7,0.6,-23.76,4,15,-20.75,26.06
TRIPLE,ETH/USDT,1h,F7x2.0_M14x2.5_S20x3.5,1:3,1.0,205,20.49,-5033.97,4966.03,5033.97,50.34,0.63,-24.56,3,23,-17.06,31.72
TRIPLE,ETH/USDT,1h,F7x2.0_M14x2.5_S30x3.0,1:2,1.0,262,25.95,-6267.85,3732.15,6293.52,62.94,0.53,-23.92,3,12,-23.03,33.12
TRIPLE,ETH/USDT,1h,F7x2.0_M14x2.5_S30x3.0,1:3,1.0,220,19.55,-5658.71,4341.29,5658.71,56.59,0.58,-25.72,3,21,-19.06,42.07
TRIPLE,ETH/USDT,1h,F7x2.0_M14x2.5_S30x3.5,1:2,1.0,239,25.52,-6085.07,3914.93,6085.07,60.85,0.52,-25.46,3,13,-24.35,28.42
TRIPLE,ETH/USDT,1h,F7x2.0_M14x2.5_S30x3.5,1:3,1.0,211,18.96,-5698.65,4301.35,5698.65,56.99,0.58,-27.01,3,21,-20.41,35.33
TRIPLE,ETH/USDT,1h,F7x2.0_M20x2.0_S30x3.0,1:2,1.0,266,27.07,-5974.12,4025.88,6048.83,60.49,0.56,-22.46,3,12,-20.61,36.34
TRIPLE,ETH/USDT,1h,F7x2.0_M20x2.0_S30x3.0,1:3,1.0,222,19.82,-5555.55,4444.45,5555.55,55.56,0.6,-25.03,3,20,-18.23,46.01
TRIPLE,ETH/USDT,1h,F7x2.0_M20x2.0_S30x3.5,1:2,1.0,250,26.4,-6047.19,3952.81,6047.19,60.47,0.54,-24.19,3,15,-22.91,29.17
TRIPLE,ETH/USDT,1h,F7x2.0_M20x2.0_S30x3.5,1:3,1.0,213,19.25,-5639.63,4360.37,5639.63,56.4,0.57,-26.48,3,20,-19.85,37.08
TRIPLE,ETH/USDT,1h,F7x2.0_M20x2.5_S30x3.0,1:2,1.0,263,28.52,-5511.76,4488.24,5542.63,55.43,0.6,-20.96,5,14,-17.98,35.39
TRIPLE,ETH/USDT,1h,F7x2.0_M20x2.5_S30x3.0,1:3,1.0,221,19.91,-5564.32,4435.68,5564.32,55.64,0.6,-25.18,3,21,-18.38,44.81
TRIPLE,ETH/USDT,1h,F7x2.0_M20x2.5_S30x3.5,1:2,1.0,233,28.33,-5270.57,4729.43,5270.57,52.71,0.59,-22.62,5,13,-19.25,27.76
TRIPLE,ETH/USDT,1h,F7x2.0_M20x2.5_S30x3.5,1:3,1.0,202,20.3,-5165.06,4834.94,5165.06,51.65,0.61,-25.57,3,20,-17.98,35.13
TRIPLE,ETH/USDT,1h,F10x1.5_M14x2.0_S20x3.0,1:2,1.0,290,33.79,-3576.53,6423.47,3626.13,36.23,0.8,-12.33,4,9,-8.27,33.97
TRIPLE,ETH/USDT,1h,F10x1.5_M14x2.0_S20x3.0,1:3,1.0,249,28.51,-601.89,9398.11,2364.03,20.18,0.97,-2.42,4,9,-0.42,41.85
TRIPLE,ETH/USDT,1h,F10x1.5_M14x2.0_S20x3.5,1:2,1.0,271,31.73,-4454.8,5545.2,4547.53,45.48,0.71,-16.44,5,8,-12.31,27.94
TRIPLE,ETH/USDT,1h,F10x1.5_M14x2.0_S20x3.5,1:3,1.0,245,25.71,-2920.51,7079.49,3222.65,32.23,0.82,-11.92,6,17,-5.95,33.88
TRIPLE,ETH/USDT,1h,F10x1.5_M14x2.0_S30x3.0,1:2,1.0,286,31.82,-4415.62,5584.38,4572.84,45.17,0.74,-15.44,3,11,-11.38,34.81
TRIPLE,ETH/USDT,1h,F10x1.5_M14x2.0_S30x3.0,1:3,1.0,244,27.05,-1694.09,8305.91,2208.89,21.27,0.91,-6.94,4,19,-2.8,42.74
TRIPLE,ETH/USDT,1h,F10x1.5_M14x2.0_S30x3.5,1:2,1.0,282,31.56,-4607.75,5392.25,4731.5,47.32,0.71,-16.34,4,10,-12.41,31.85
TRIPLE,ETH/USDT,1h,F10x1.5_M14x2.0_S30x3.5,1:3,1.0,251,25.9,-2791.92,7208.08,3010.18,30.1,0.84,-11.12,4,13,-5.45,39.67
TRIPLE,ETH/USDT,1h,F10x1.5_M14x2.5_S20x3.0,1:2,1.0,295,34.58,-3204.0,6796.0,3658.71,35.0,0.83,-10.86,3,10,-6.99,35.14
TRIPLE,ETH/USDT,1h,F10x1.5_M14x2.5_S20x3.0,1:3,1.0,259,27.41,-1631.85,8368.15,2753.3,24.76,0.92,-6.3,4,11,-2.46,43.27
TRIPLE,ETH/USDT,1h,F10x1.5_M14x2.5_S20x3.5,1:2,1.0,273,33.7,-3567.93,6432.07,3844.49,37.53,0.79,-13.07,5,13,-8.88,28.7
TRIPLE,ETH/USDT,1h,F10x1.5_M14x2.5_S20x3.5,1:3,1.0,252,26.98,-2227.49,7772.51,2524.02,25.24,0.88,-8.84,6,17,-3.97,35.22
SINGLE,ETH/USDT,4h,P7x1.5,1:2,1.0,107,37.38,569.77,10569.77,855.22,7.66,1.08,5.32,3,6,3.47,67.88
SINGLE,ETH/USDT,4h,P7x1.5,1:3,1.0,95,31.58,1946.53,11946.53,1688.1,16.03,1.27,20.49,3,16,8.9,71.26
SINGLE,ETH/USDT,4h,P7x2.0,1:2,1.0,73,35.62,-192.94,9807.06,1803.94,15.67,0.96,-2.64,8,8,-0.95,68.38
SINGLE,ETH/USDT,4h,P7x2.0,1:3,1.0,60,30.0,862.14,10862.14,1383.41,12.76,1.19,14.37,3,13,6.79,75.0
SINGLE,ETH/USDT,4h,P7x2.5,1:2,1.0,57,29.82,-819.89,9180.11,1417.85,13.6,0.79,-14.38,3,14,-8.26,65.0
SINGLE,ETH/USDT,4h,P7x2.5,1:3,1.0,48,16.67,-1649.49,8350.51,2057.38,20.3,0.55,-34.36,2,21,-19.58,71.58
SINGLE,ETH/USDT,4h,P7x3.0,1:2,1.0,52,28.85,-1077.74,8922.26,1438.03,13.93,0.71,-20.73,3,10,-12.69,68.2
SINGLE,ETH/USDT,4h,P7x3.0,1:3,1.0,36,13.89,-1847.54,8152.46,1882.91,18.83,0.36,-51.32,1,17,-35.14,78.93
SINGLE,ETH/USDT,4h,P7x3.5,1:2,1.0,43,32.56,-447.97,9552.03,1012.16,9.62,0.85,-10.42,3,7,-5.65,70.39
SINGLE,ETH/USDT,4h,P7x3.5,1:3,1.0,32,18.75,-1137.16,8862.84,1344.49,13.44,0.55,-35.54,1,8,-19.97,74.25
SINGLE,ETH/USDT,4h,P10x1.5,1:2,1.0,113,34.51,-373.34,9626.66,2374.89,19.88,0.96,-3.3,4,11,-1.35,68.68
SINGLE,ETH/USDT,4h,P10x1.5,1:3,1.0,98,25.51,-499.52,9500.48,1657.36,15.25,0.93,-5.1,3,14,-1.74,73.95
SINGLE,ETH/USDT,4h,P10x2.0,1:2,1.0,74,40.54,1236.55,11236.55,1501.08,11.97,1.25,16.71,7,9,9.24,68.61
SINGLE,ETH/USDT,4h,P10x2.0,1:3,1.0,59,32.2,1424.96,11424.96,1273.33,10.51,1.32,24.15,3,10,10.48,74.95
SINGLE,ETH/USDT,4h,P10x2.5,1:2,1.0,67,28.36,-1431.76,8568.24,2063.86,19.5,0.71,-21.37,3,16,-13.4,65.07
SINGLE,ETH/USDT,4h,P10x2.5,1:3,1.0,56,16.07,-2281.89,7718.11,2451.09,24.2,0.48,-40.75,2,16,-25.76,70.98
SINGLE,ETH/USDT,4h,P10x3.0,1:2,1.0,52,26.92,-1336.07,8663.93,1507.24,14.88,0.65,-25.69,3,7,-16.52,64.47
SINGLE,ETH/USDT,4h,P10x3.0,1:3,1.0,45,15.56,-1980.13,8019.87,2149.99,21.22,0.45,-44.0,1,10,-28.06,69.0
SINGLE,ETH/USDT,4h,P10x3.5,1:2,1.0,50,34.0,-306.26,9693.74,752.52,7.27,0.91,-6.13,3,6,-3.02,66.8
SINGLE,ETH/USDT,4h,P10x3.5,1:3,1.0,32,18.75,-1154.17,8845.83,1264.37,12.64,0.55,-36.07,1,8,-20.28,76.62
SINGLE,ETH/USDT,4h,P14x1.5,1:2,1.0,115,40.87,1749.86,11749.86,1397.86,10.69,1.21,15.22,5,6,8.34,71.8
SINGLE,ETH/USDT,4h,P14x1.5,1:3,1.0,82,29.27,822.64,10822.64,1059.91,10.3,1.13,10.03,3,7,5.01,78.47
SINGLE,ETH/USDT,4h,P14x2.0,1:2,1.0,82,39.02,785.46,10785.46,1383.94,11.55,1.14,9.58,7,8,5.73,68.4
SINGLE,ETH/USDT,4h,P14x2.0,1:3,1.0,68,30.88,1247.92,11247.92,1056.86,9.87,1.24,18.35,3,10,8.29,74.86
SINGLE,ETH/USDT,4h,P14x2.5,1:2,1.0,54,29.63,-1126.02,8873.98,1550.99,14.99,0.71,-20.85,3,11,-12.96,69.57
SINGLE,ETH/USDT,4h,P14x2.5,1:3,1.0,47,23.4,-777.29,9222.71,1303.65,12.64,0.79,-16.54,3,13,-7.74,73.56
SINGLE,ETH/USDT,4h,P14x3.0,1:2,1.0,45,31.11,-823.49,9176.51,1224.11,11.82,0.74,-18.3,2,7,-11.06,66.69
SINGLE,ETH/USDT,4h,P14x3.0,1:3,1.0,38,23.68,-660.33,9339.67,1162.91,11.12,0.78,-17.38,1,7,-8.13,71.87
SINGLE,ETH/USDT,4h,P14x3.5,1:2,1.0,39,28.21,-1063.11,8936.89,1368.07,13.32,0.63,-27.26,2,6,-17.73,65.5
SINGLE,ETH/USDT,4h,P14x3.5,1:3,1.0,31,19.35,-1066.89,8933.11,1103.72,11.04,0.57,-34.42,1,8,-18.94,74.79
SINGLE,ETH/USDT,4h,P20x1.5,1:2,1.0,126,39.68,1548.54,11548.54,2390.92,17.24,1.16,12.29,5,7,6.87,68.58
SINGLE,ETH/USDT,4h,P20x1.5,1:3,1.0,92,30.43,1386.4,11386.4,1587.6,12.53,1.18,15.07,4,9,6.92,75.3
SINGLE,ETH/USDT,4h,P20x2.0,1:2,1.0,79,40.51,1301.64,11301.64,1149.49,9.38,1.24,16.48,7,6,9.07,69.29
SINGLE,ETH/USDT,4h,P20x2.0,1:3,1.0,67,34.33,2314.11,12314.11,1146.23,8.73,1.43,34.54,2,5,13.95,75.57
SINGLE,ETH/USDT,4h,P20x2.5,1:2,1.0,64,34.38,-130.37,9869.63,1292.63,11.76,0.97,-2.04,3,7,-0.59,68.81
SINGLE,ETH/USDT,4h,P20x2.5,1:3,1.0,45,17.78,-1595.35,8404.65,1841.08,18.18,0.55,-35.45,1,16,-20.35,75.39
SINGLE,ETH/USDT,4h,P20x3.0,1:2,1.0,48,31.25,-720.52,9279.48,1080.77,10.52,0.79,-15.01,2,7,-8.62,67.63
SINGLE,ETH/USDT,4h,P20x3.0,1:3,1.0,41,29.27,195.5,10195.5,614.83,6.02,1.06,4.77,1,6,2.83,74.27
SINGLE,ETH/USDT,4h,P20x3.5,1:2,1.0,45,26.67,-1207.41,8792.59,1470.98,14.62,0.63,-26.83,2,12,-17.09,61.0
SINGLE,ETH/USDT,4h,P20x3.5,1:3,1.0,35,25.71,-317.91,9682.09,1123.07,10.82,0.88,-9.08,2,11,-3.7,69.59
SINGLE,ETH/USDT,4h,P30x1.5,1:2,1.0,138,36.23,108.04,10108.04,1660.29,15.08,1.01,0.78,5,12,1.01,66.42
SINGLE,ETH/USDT,4h,P30x1.5,1:3,1.0,102,23.53,-1303.53,8696.47,2050.07,19.49,0.84,-12.78,4,11,-5.83,74.38
SINGLE,ETH/USDT,4h,P30x2.0,1:2,1.0,90,36.67,354.7,10354.7,1266.42,11.07,1.06,3.94,7,11,2.74,67.76
SINGLE,ETH/USDT,4h,P30x2.0,1:3,1.0,71,19.72,-1747.79,8252.21,2570.69,24.25,0.68,-24.62,2,16,-13.07,73.17
SINGLE,ETH/USDT,4h,P30x2.5,1:2,1.0,60,33.33,-296.58,9703.42,1108.85,10.42,0.93,-4.94,3,8,-2.29,71.42
SINGLE,ETH/USDT,4h,P30x2.5,1:3,1.0,49,24.49,-540.37,9459.63,1085.14,10.44,0.86,-11.03,2,7,-4.72,75.39
SINGLE,ETH/USDT,4h,P30x3.0,1:2,1.0,46,34.78,-199.41,9800.59,747.15,7.25,0.94,-4.34,3,5,-1.93,67.56
SINGLE,ETH/USDT,4h,P30x3.0,1:3,1.0,38,28.95,147.71,10147.71,811.25,7.95,1.05,3.89,2,8,2.44,72.28
SINGLE,ETH/USDT,4h,P30x3.5,1:2,1.0,41,29.27,-844.04,9155.96,1048.71,10.43,0.71,-20.59,2,6,-12.32,69.2
SINGLE,ETH/USDT,4h,P30x3.5,1:3,1.0,29,20.69,-848.63,9151.37,1131.99,11.32,0.62,-29.26,1,7,-15.29,75.32
DOUBLE,ETH/USDT,4h,F7x1.5_S14x2.5,1:2,1.0,48,35.42,68.8,10068.8,872.63,8.25,1.02,1.43,4,8,1.37,58.72
DOUBLE,ETH/USDT,4h,F7x1.5_S14x2.5,1:3,1.0,39,23.08,-739.78,9260.22,1784.94,16.71,0.76,-18.97,2,12,-9.0,64.32
DOUBLE,ETH/USDT,4h,F7x1.5_S14x3.5,1:2,1.0,37,45.95,1117.99,11117.99,545.47,5.45,1.51,30.22,4,5,16.04,73.79
DOUBLE,ETH/USDT,4h,F7x1.5_S14x3.5,1:3,1.0,29,34.48,704.98,10704.98,545.47,5.45,1.34,24.31,2,5,10.86,79.86
DOUBLE,ETH/USDT,4h,F7x1.5_S20x3.0,1:2,1.0,39,38.46,269.06,10269.06,639.9,6.4,1.11,6.9,3,6,4.35,70.82
DOUBLE,ETH/USDT,4h,F7x1.5_S20x3.0,1:3,1.0,30,30.0,192.58,10192.58,639.9,6.4,1.09,6.42,2,6,3.56,75.5
DOUBLE,ETH/USDT,4h,F7x1.5_S30x2.5,1:2,1.0,57,36.84,68.17,10068.17,907.01,8.29,1.02,1.2,4,7,1.24,58.65
DOUBLE,ETH/USDT,4h,F7x1.5_S30x2.5,1:3,1.0,43,20.93,-1178.73,8821.27,1418.16,13.89,0.66,-27.41,2,12,-14.32,67.01
DOUBLE,ETH/USDT,4h,F7x1.5_S30x3.5,1:2,1.0,35,40.0,506.19,10506.19,544.94,5.45,1.23,14.46,2,5,8.21,73.13
DOUBLE,ETH/USDT,4h,F7x1.5_S30x3.5,1:3,1.0,28,39.29,1302.58,11302.58,544.94,5.45,1.69,46.52,2,5,19.0,78.56
DOUBLE,ETH/USDT,4h,F7x2.0_S14x3.0,1:2,1.0,39,33.33,-413.17,9586.83,886.09,8.47,0.85,-10.59,3,8,-5.69,53.72
DOUBLE,ETH/USDT,4h,F7x2.0_S14x3.0,1:3,1.0,35,34.29,802.07,10802.07,696.14,6.15,1.31,22.92,3,6,10.23,58.77
DOUBLE,ETH/USDT,4h,F7x2.0_S20x2.5,1:2,1.0,46,34.78,-240.93,9759.07,1001.53,9.32,0.92,-5.24,4,8,-2.46,58.31
DOUBLE,ETH/USDT,4h,F7x2.0_S20x2.5,1:3,1.0,36,25.0,-501.52,9498.48,1092.56,10.88,0.82,-13.93,2,11,-6.21,63.45
DOUBLE,ETH/USDT,4h,F7x2.0_S20x3.5,1:2,1.0,37,35.14,-135.51,9864.49,730.99,7.06,0.95,-3.66,2,7,-1.53,59.02
DOUBLE,ETH/USDT,4h,F7x2.0_S20x3.5,1:3,1.0,34,29.41,159.22,10159.22,847.85,8.03,1.06,4.68,2,8,2.79,62.85
DOUBLE,ETH/USDT,4h,F7x2.0_S30x3.0,1:2,1.0,43,37.21,133.18,10133.18,972.1,9.03,1.05,3.1,3,9,2.29,55.98
DOUBLE,ETH/USDT,4h,F7x2.0_S30x3.0,1:3,1.0,36,30.56,351.17,10351.17,1108.55,9.98,1.13,9.75,3,10,4.98,63.61
DOUBLE,ETH/USDT,4h,F7x2.5_S14x2.5,1:2,1.0,47,27.66,-1114.66,8885.34,1409.61,14.1,0.66,-23.72,2,12,-14.75,62.56
DOUBLE,ETH/USDT,4h,F7x2.5_S14x2.5,1:3,1.0,43,20.93,-1111.4,8888.6,1592.97,15.93,0.66,-25.85,2,15,-13.38,66.14
DOUBLE,ETH/USDT,4h,F7x2.5_S14x3.5,1:2,1.0,39,30.77,-510.57,9489.43,756.0,7.56,0.81,-13.09,2,4,-7.16,57.17
DOUBLE,ETH/USDT,4h,F7x2.5_S14x3.5,1:3,1.0,35,28.57,274.74,10274.74,658.09,6.44,1.1,7.85,2,5,4.12,61.55
DOUBLE,ETH/USDT,4h,F7x2.5_S20x3.0,1:2,1.0,43,23.26,-1350.86,8649.14,1350.86,13.51,0.57,-31.42,2,7,-20.74,59.27
DOUBLE,ETH/USDT,4h,F7x2.5_S20x3.0,1:3,1.0,38,18.42,-1080.3,8919.7,1376.16,13.76,0.63,-28.43,1,9,-14.84,65.48
DOUBLE,ETH/USDT,4h,F7x2.5_S30x2.5,1:2,1.0,54,29.63,-811.15,9188.85,911.28,9.11,0.79,-15.02,3,7,-8.63,63.81
DOUBLE,ETH/USDT,4h,F7x2.5_S30x2.5,1:3,1.0,45,17.78,-1400.94,8599.06,1624.85,15.94,0.61,-31.13,2,12,-16.97,68.74
DOUBLE,ETH/USDT,4h,F7x2.5_S30x3.5,1:2,1.0,35,37.14,75.84,10075.84,607.92,6.08,1.03,2.17,2,4,1.77,48.63
DOUBLE,ETH/USDT,4h,F7x2.5_S30x3.5,1:3,1.0,32,25.0,-408.94,9591.06,1005.48,10.05,0.83,-12.78,2,8,-5.6,53.36
DOUBLE,ETH/USDT,4h,F10x1.5_S14x3.0,1:2,1.0,48,35.42,-124.88,9875.12,859.14,8.22,0.96,-2.6,2,4,-0.92,62.56
DOUBLE,ETH/USDT,4h,F10x1.5_S14x3.0,1:3,1.0,38,31.58,535.95,10535.95,1186.01,10.47,1.18,14.1,3,9,6.76,70.87
DOUBLE,ETH/USDT,4h,F10x1.5_S20x2.5,1:2,1.0,54,35.19,34.21,10034.21,1042.85,10.18,1.01,0.63,3,8,0.92,57.56
DOUBLE,ETH/USDT,4h,F10x1.5_S20x2.5,1:3,1.0,46,17.39,-1714.86,8285.14,2392.89,23.93,0.51,-37.28,2,15,-21.98,61.89
DOUBLE,ETH/USDT,4h,F10x1.5_S20x3.5,1:2,1.0,49,44.9,1357.06,11357.06,718.65,6.47,1.45,27.7,3,4,14.75,64.63
DOUBLE,ETH/USDT,4h,F10x1.5_S20x3.5,1:3,1.0,40,37.5,1629.63,11629.63,595.86,5.27,1.58,40.74,3,5,16.66,71.37
DOUBLE,ETH/USDT,4h,F10x1.5_S30x3.0,1:2,1.0,49,38.78,384.09,10384.09,879.29,8.13,1.12,7.84,3,8,4.86,61.35
DOUBLE,ETH/USDT,4h,F10x1.5_S30x3.0,1:3,1.0,40,25.0,-465.41,9534.59,1126.9,10.83,0.85,-11.64,3,11,-5.02,67.83
DOUBLE,ETH/USDT,4h,F10x2.0_S14x2.5,1:2,1.0,44,38.64,320.04,10320.04,691.5,6.38,1.11,7.27,4,5,4.55,53.42
DOUBLE,ETH/USDT,4h,F10x2.0_S14x2.5,1:3,1.0,38,34.21,966.08,10966.08,717.58,6.3,1.35,25.42,2,5,11.18,58.06
DOUBLE,ETH/USDT,4h,F10x2.0_S14x3.5,1:2,1.0,37,43.24,890.52,10890.52,790.47,7.04,1.37,24.07,2,7,12.98,50.23
DOUBLE,ETH/USDT,4h,F10x2.0_S14x3.5,1:3,1.0,32,31.25,579.59,10579.59,969.94,8.98,1.24,18.11,2,9,8.29,56.53
DOUBLE,ETH/USDT,4h,F10x2.0_S20x3.0,1:2,1.0,41,39.02,328.12,10328.12,830.29,8.25,1.12,8.0,4,6,4.94,48.58
DOUBLE,ETH/USDT,4h,F10x2.0_S20x3.0,1:3,1.0,33,30.3,266.07,10266.07,749.84,7.08,1.11,8.06,2,7,4.26,56.99
DOUBLE,ETH/USDT,4h,F10x2.0_S30x2.5,1:2,1.0,53,39.62,792.42,10792.42,1336.74,11.2,1.23,14.95,6,7,8.49,61.58
DOUBLE,ETH/USDT,4h,F10x2.0_S30x2.5,1:3,1.0,40,30.0,406.85,10406.85,773.21,7.73,1.14,10.17,4,6,5.15,66.23
DOUBLE,ETH/USDT,4h,F10x2.0_S30x3.5,1:2,1.0,38,47.37,1321.04,11321.04,606.08,5.25,1.57,34.76,3,4,18.25,52.19
DOUBLE,ETH/USDT,4h,F10x2.0_S30x3.5,1:3,1.0,34,32.35,567.08,10567.08,1064.74,9.94,1.23,16.68,2,10,7.84,55.75
DOUBLE,ETH/USDT,4h,F10x2.5_S14x3.0,1:2,1.0,46,30.43,-789.1,9210.9,966.18,9.53,0.76,-17.15,3,6,-10.07,57.95
DOUBLE,ETH/USDT,4h,F10x2.5_S14x3.0,1:3,1.0,37,27.03,-183.47,9816.53,882.61,8.28,0.94,-4.96,3,7,-1.65,65.34
DOUBLE,ETH/USDT,4h,F10x2.5_S20x2.5,1:2,1.0,66,28.79,-1353.82,8646.18,2170.1,20.15,0.72,-20.51,4,15,-12.72,61.42
DOUBLE,ETH/USDT,4h,F10x2.5_S20x2.5,1:3,1.0,50,18.0,-1780.27,8219.73,1947.79,19.24,0.55,-35.61,1,16,-20.78,70.53
DOUBLE,ETH/USDT,4h,F10x2.5_S20x3.5,1:2,1.0,38,31.58,-531.53,9468.47,921.2,9.16,0.8,-13.99,2,6,-7.89,57.12
DOUBLE,ETH/USDT,4h,F10x2.5_S20x3.5,1:3,1.0,33,21.21,-876.03,9123.97,1364.9,13.65,0.66,-26.55,2,8,-13.66,61.74
DOUBLE,ETH/USDT,4h,F10x2.5_S30x3.0,1:2,1.0,52,32.69,-502.17,9497.83,1205.4,11.35,0.86,-9.66,4,9,-5.17,57.33
DOUBLE,ETH/USDT,4h,F10x2.5_S30x3.0,1:3,1.0,42,19.05,-1352.1,8647.9,1454.27,14.5,0.6,-32.19,3,15,-17.79,67.28
DOUBLE,ETH/USDT,4h,F14x1.5_S20x2.5,1:2,1.0,54,33.33,-241.4,9758.6,1241.64,11.85,0.93,-4.47,3,12,-2.02,58.38
DOUBLE,ETH/USDT,4h,F14x1.5_S20x2.5,1:3,1.0,46,17.39,-1711.14,8288.86,2331.84,23.32,0.52,-37.2,2,18,-21.84,64.59
DOUBLE,ETH/USDT,4h,F14x1.5_S20x3.5,1:2,1.0,40,45.0,1106.04,11106.04,725.42,6.34,1.45,27.65,3,4,14.84,72.9
DOUBLE,ETH/USDT,4h,F14x1.5_S20x3.5,1:3,1.0,33,33.33,691.94,10691.94,813.33,7.25,1.29,20.97,3,5,9.53,81.28
DOUBLE,ETH/USDT,4h,F14x1.5_S30x3.0,1:2,1.0,49,36.73,77.4,10077.4,893.28,8.41,1.02,1.58,4,5,1.45,59.63
DOUBLE,ETH/USDT,4h,F14x1.5_S30x3.0,1:3,1.0,43,32.56,814.32,10814.32,800.57,7.31,1.26,18.94,3,7,8.67,66.69
DOUBLE,ETH/USDT,4h,F14x2.0_S20x2.5,1:2,1.0,50,42.0,1160.95,11160.95,1148.55,9.48,1.36,23.22,8,4,12.59,61.46
DOUBLE,ETH/USDT,4h,F14x2.0_S20x2.5,1:3,1.0,40,27.5,-12.02,9987.98,722.51,6.84,1.0,-0.3,2,6,0.55,63.77
DOUBLE,ETH/USDT,4h,F14x2.0_S20x3.5,1:2,1.0,43,44.19,1068.75,11068.75,695.42,6.08,1.39,24.85,3,6,13.45,53.45
DOUBLE,ETH/USDT,4h,F14x2.0_S20x3.5,1:3,1.0,34,29.41,148.27,10148.27,746.44,7.05,1.06,4.36,2,7,2.65,61.62
DOUBLE,ETH/USDT,4h,F14x2.0_S30x3.0,1:2,1.0,47,31.91,-557.87,9442.13,1500.64,13.82,0.83,-11.87,3,13,-6.57,55.91
DOUBLE,ETH/USDT,4h,F14x2.0_S30x3.0,1:3,1.0,41,26.83,-166.47,9833.53,1571.05,13.88,0.95,-4.06,3,14,-1.22,62.88
DOUBLE,ETH/USDT,4h,F14x2.5_S20x2.5,1:2,1.0,53,32.08,-639.64,9360.36,1865.92,16.69,0.84,-12.07,2,12,-6.74,66.53
DOUBLE,ETH/USDT,4h,F14x2.5_S20x2.5,1:3,1.0,43,20.93,-1143.72,8856.28,1355.13,13.38,0.66,-26.6,2,11,-13.87,73.63
DOUBLE,ETH/USDT,4h,F14x2.5_S20x3.5,1:2,1.0,36,33.33,-318.24,9681.76,920.5,9.07,0.87,-8.84,3,8,-4.65,54.43
DOUBLE,ETH/USDT,4h,F14x2.5_S20x3.5,1:3,1.0,33,18.18,-1234.41,8765.59,1704.61,17.05,0.53,-37.41,2,10,-21.39,60.05
DOUBLE,ETH/USDT,4h,F14x2.5_S30x3.0,1:2,1.0,42,30.95,-620.96,9379.04,1376.94,12.9,0.8,-14.78,4,10,-8.44,59.95
DOUBLE,ETH/USDT,4h,F14x2.5_S30x3.0,1:3,1.0,38,23.68,-623.45,9376.55,1057.61,10.22,0.79,-16.41,3,9,-7.6,65.11
TRIPLE,ETH/USDT,4h,F7x1.5_M14x2.0_S20x3.0,1:2,1.0,71,39.44,831.85,10831.85,1240.74,11.07,1.17,11.72,3,11,6.78,34.77
TRIPLE,ETH/USDT,4h,F7x1.5_M14x2.0_S20x3.0,1:3,1.0,59,23.73,-1006.14,8993.86,1322.05,12.86,0.79,-17.05,3,11,-8.02,41.3
TRIPLE,ETH/USDT,4h,F7x1.5_M14x2.0_S20x3.5,1:2,1.0,65,36.92,159.36,10159.36,996.49,9.51,1.04,2.45,3,9,1.93,32.56
TRIPLE,ETH/USDT,4h,F7x1.5_M14x2.0_S20x3.5,1:3,1.0,59,27.12,-291.28,9708.72,1013.57,10.14,0.94,-4.94,2,9,-1.62,37.24
TRIPLE,ETH/USDT,4h,F7x1.5_M14x2.0_S30x3.0,1:2,1.0,73,36.99,300.34,10300.34,1240.74,11.07,1.06,4.11,3,11,2.83,32.67
TRIPLE,ETH/USDT,4h,F7x1.5_M14x2.0_S30x3.0,1:3,1.0,57,19.3,-1832.81,8167.19,2133.55,20.78,0.61,-32.15,3,18,-18.01,43.74
TRIPLE,ETH/USDT,4h,F7x1.5_M14x2.0_S30x3.5,1:2,1.0,62,37.1,179.46,10179.46,883.03,8.35,1.04,2.89,3,5,2.17,29.79
TRIPLE,ETH/USDT,4h,F7x1.5_M14x2.0_S30x3.5,1:3,1.0,56,26.79,-366.95,9633.05,815.67,8.16,0.91,-6.55,2,6,-2.42,35.0
TRIPLE,ETH/USDT,4h,F7x1.5_M14x2.5_S20x3.0,1:2,1.0,73,36.99,261.81,10261.81,1175.41,11.13,1.05,3.59,3,11,2.55,32.65
TRIPLE,ETH/USDT,4h,F7x1.5_M14x2.5_S20x3.0,1:3,1.0,60,21.67,-1459.15,8540.85,1492.38,14.92,0.69,-24.32,2,12,-12.53,40.3
TRIPLE,ETH/USDT,4h,F7x1.5_M14x2.5_S20x3.5,1:2,1.0,64,35.94,-65.85,9934.15,1225.95,11.96,0.98,-1.03,3,9,-0.0,26.8
TRIPLE,ETH/USDT,4h,F7x1.5_M14x2.5_S20x3.5,1:3,1.0,55,23.64,-996.6,9003.4,1232.17,12.32,0.77,-18.12,2,10,-8.61,33.74
TRIPLE,ETH/USDT,4h,F7x1.5_M14x2.5_S30x3.0,1:2,1.0,71,38.03,491.68,10491.68,1175.41,11.13,1.1,6.92,3,11,4.33,29.82
TRIPLE,ETH/USDT,4h,F7x1.5_M14x2.5_S30x3.0,1:3,1.0,57,21.05,-1516.0,8484.0,1549.01,15.49,0.66,-26.6,2,12,-14.0,43.11
TRIPLE,ETH/USDT,4h,F7x1.5_M14x2.5_S30x3.5,1:2,1.0,61,34.43,-338.93,9661.07,1298.19,12.67,0.92,-5.56,3,10,-2.62,24.5
TRIPLE,ETH/USDT,4h,F7x1.5_M14x2.5_S30x3.5,1:3,1.0,52,21.15,-1413.6,8586.4,1447.01,14.47,0.65,-27.19,2,10,-14.28,31.39
TRIPLE,ETH/USDT,4h,F7x1.5_M20x2.0_S30x3.0,1:2,1.0,72,40.28,1064.64,11064.64,1026.45,9.35,1.22,14.79,3,8,8.32,32.37
TRIPLE,ETH/USDT,4h,F7x1.5_M20x2.0_S30x3.0,1:3,1.0,58,22.41,-1246.6,8753.4,1280.65,12.81,0.73,-21.49,3,10,-10.73,43.95
TRIPLE,ETH/USDT,4h,F7x1.5_M20x2.0_S30x3.5,1:2,1.0,61,42.62,1255.97,11255.97,681.54,6.58,1.32,20.59,3,5,11.12,27.42
TRIPLE,ETH/USDT,4h,F7x1.5_M20x2.0_S30x3.5,1:3,1.0,56,30.36,437.34,10437.34,874.14,8.74,1.11,7.81,3,7,4.13,34.77
TRIPLE,ETH/USDT,4h,F7x1.5_M20x2.5_S30x3.0,1:2,1.0,72,40.28,1036.21,11036.21,1368.13,12.07,1.21,14.39,4,12,8.12,30.05
TRIPLE,ETH/USDT,4h,F7x1.5_M20x2.5_S30x3.0,1:3,1.0,57,21.05,-1502.96,8497.04,1536.02,15.36,0.67,-26.37,2,12,-13.89,43.63
TRIPLE,ETH/USDT,4h,F7x1.5_M20x2.5_S30x3.5,1:2,1.0,62,40.32,785.54,10785.54,1003.36,9.38,1.19,12.67,3,6,7.26,25.16
TRIPLE,ETH/USDT,4h,F7x1.5_M20x2.5_S30x3.5,1:3,1.0,55,25.45,-635.61,9364.39,1130.73,11.31,0.85,-11.56,2,8,-5.0,33.81
TRIPLE,ETH/USDT,4h,F7x2.0_M14x2.0_S20x3.0,1:2,1.0,59,35.59,30.66,10030.66,924.19,8.57,1.01,0.52,4,8,0.86,38.65
TRIPLE,ETH/USDT,4h,F7x2.0_M14x2.0_S20x3.0,1:3,1.0,54,27.78,-121.63,9878.37,1485.91,13.1,0.97,-2.25,4,8,-0.35,43.31
TRIPLE,ETH/USDT,4h,F7x2.0_M14x2.0_S20x3.5,1:2,1.0,52,40.38,711.56,10711.56,634.5,6.35,1.21,13.68,4,5,7.8,36.07
TRIPLE,ETH/USDT,4h,F7x2.0_M14x2.0_S20x3.5,1:3,1.0,54,33.33,1092.18,11092.18,1019.66,8.44,1.26,20.23,4,8,9.06,36.87
TRIPLE,ETH/USDT,4h,F7x2.0_M14x2.0_S30x3.0,1:2,1.0,62,37.1,302.24,10302.24,916.66,8.3,1.07,4.88,5,8,3.25,36.23
TRIPLE,ETH/USDT,4h,F7x2.0_M14x2.0_S30x3.0,1:3,1.0,54,27.78,-119.16,9880.84,1482.25,13.07,0.97,-2.21,4,8,-0.33,42.81
TRIPLE,ETH/USDT,4h,F7x2.0_M14x2.0_S30x3.5,1:2,1.0,49,42.86,1059.32,11059.32,608.3,5.31,1.35,21.62,7,5,11.7,29.7
TRIPLE,ETH/USDT,4h,F7x2.0_M14x2.0_S30x3.5,1:3,1.0,49,36.73,1712.62,11712.62,673.98,6.52,1.48,34.95,5,5,14.43,31.58
TRIPLE,ETH/USDT,4h,F7x2.0_M14x2.5_S20x3.0,1:2,1.0,55,34.55,-127.47,9872.53,1111.44,10.27,0.97,-2.32,4,8,-0.75,37.63
TRIPLE,ETH/USDT,4h,F7x2.0_M14x2.5_S20x3.0,1:3,1.0,50,26.0,-465.68,9534.32,1751.82,15.55,0.88,-9.31,4,8,-3.81,42.05
TRIPLE,ETH/USDT,4h,F7x2.0_M14x2.5_S20x3.5,1:2,1.0,47,36.17,45.57,10045.57,688.32,6.53,1.01,0.97,4,6,1.11,34.52
TRIPLE,ETH/USDT,4h,F7x2.0_M14x2.5_S20x3.5,1:3,1.0,47,31.91,645.49,10645.49,843.19,7.36,1.18,13.73,4,6,6.57,35.5
TRIPLE,ETH/USDT,4h,F7x2.0_M14x2.5_S30x3.0,1:2,1.0,55,36.36,158.43,10158.43,903.85,8.3,1.04,2.88,4,8,2.17,34.11
TRIPLE,ETH/USDT,4h,F7x2.0_M14x2.5_S30x3.0,1:3,1.0,48,27.08,-259.19,9740.81,1545.81,13.72,0.93,-5.4,4,8,-1.85,40.05
TRIPLE,ETH/USDT,4h,F7x2.0_M14x2.5_S30x3.5,1:2,1.0,41,39.02,394.96,10394.96,687.88,6.32,1.14,9.63,4,6,5.74,27.42
TRIPLE,ETH/USDT,4h,F7x2.0_M14x2.5_S30x3.5,1:3,1.0,41,34.15,908.6,10908.6,737.36,6.35,1.29,22.16,4,6,9.9,28.36
TRIPLE,ETH/USDT,4h,F7x2.0_M20x2.0_S30x3.0,1:2,1.0,61,37.7,422.45,10422.45,798.43,7.23,1.1,6.93,5,7,4.34,36.21
TRIPLE,ETH/USDT,4h,F7x2.0_M20x2.0_S30x3.0,1:3,1.0,53,28.3,-3.86,9996.14,1367.22,12.06,1.0,-0.07,4,7,0.66,42.79
TRIPLE,ETH/USDT,4h,F7x2.0_M20x2.0_S30x3.5,1:2,1.0,46,41.3,766.03,10766.03,739.75,7.31,1.26,16.65,6,7,9.31,28.29
TRIPLE,ETH/USDT,4h,F7x2.0_M20x2.0_S30x3.5,1:3,1.0,46,34.78,1190.32,11190.32,944.18,9.14,1.36,25.88,4,9,11.27,31.16
TRIPLE,ETH/USDT,4h,F7x2.0_M20x2.5_S30x3.0,1:2,1.0,56,35.71,54.71,10054.71,894.63,8.3,1.01,0.98,4,8,1.12,34.91
TRIPLE,ETH/USDT,4h,F7x2.0_M20x2.5_S30x3.0,1:3,1.0,49,26.53,-358.65,9641.35,1525.11,13.69,0.91,-7.32,4,8,-2.8,40.84
TRIPLE,ETH/USDT,4h,F7x2.0_M20x2.5_S30x3.5,1:2,1.0,42,40.48,595.65,10595.65,701.17,6.32,1.22,14.18,4,6,8.07,27.44
TRIPLE,ETH/USDT,4h,F7x2.0_M20x2.5_S30x3.5,1:3,1.0,42,33.33,791.38,10791.38,726.02,6.32,1.25,18.84,4,6,8.62,28.95
TRIPLE,ETH/USDT,4h,F10x1.5_M14x2.0_S20x3.0,1:2,1.0,74,36.49,123.1,10123.1,1150.86,10.36,1.02,1.66,3,9,1.5,27.72
TRIPLE,ETH/USDT,4h,F10x1.5_M14x2.0_S20x3.0,1:3,1.0,66,25.76,-645.25,9354.75,1257.73,11.9,0.88,-9.78,2,10,-4.07,35.94
TRIPLE,ETH/USDT,4h,F10x1.5_M14x2.0_S20x3.5,1:2,1.0,65,35.38,-179.7,9820.3,945.31,9.03,0.96,-2.76,3,7,-0.99,27.08
TRIPLE,ETH/USDT,4h,F10x1.5_M14x2.0_S20x3.5,1:3,1.0,59,25.42,-674.49,9325.51,956.98,9.38,0.85,-11.43,2,9,-4.91,34.77
TRIPLE,ETH/USDT,4h,F10x1.5_M14x2.0_S30x3.0,1:2,1.0,74,33.78,-448.19,9551.81,1712.83,15.42,0.92,-6.06,2,9,-2.96,27.9
TRIPLE,ETH/USDT,4h,F10x1.5_M14x2.0_S30x3.0,1:3,1.0,66,22.73,-1346.82,8653.18,1690.42,16.4,0.75,-20.41,2,10,-10.13,35.48
TRIPLE,ETH/USDT,4h,F10x1.5_M14x2.0_S30x3.5,1:2,1.0,62,35.48,-157.74,9842.26,1045.88,9.98,0.96,-2.54,3,8,-0.86,25.41
TRIPLE,ETH/USDT,4h,F10x1.5_M14x2.0_S30x3.5,1:3,1.0,56,25.0,-745.88,9254.12,1007.11,9.99,0.83,-13.32,2,9,-5.93,32.97
TRIPLE,ETH/USDT,4h,F10x1.5_M14x2.5_S20x3.0,1:2,1.0,78,32.05,-876.77,9123.23,1487.67,14.22,0.84,-11.24,3,10,-6.21,26.51
TRIPLE,ETH/USDT,4h,F10x1.5_M14x2.5_S20x3.0,1:3,1.0,70,22.86,-1398.07,8601.93,1434.07,14.34,0.74,-19.97,2,12,-9.89,34.61
TRIPLE,ETH/USDT,4h,F10x1.5_M14x2.5_S20x3.5,1:2,1.0,66,31.82,-863.47,9136.53,1276.52,12.46,0.81,-13.08,3,8,-7.3,22.24
TRIPLE,ETH/USDT,4h,F10x1.5_M14x2.5_S20x3.5,1:3,1.0,60,23.33,-1147.38,8852.62,1184.42,11.84,0.76,-19.12,2,10,-9.25,29.91
SINGLE,SOL/USDT,1h,P7x1.5,1:2,1.0,535,29.35,-7588.82,2411.18,7756.79,77.57,0.65,-14.18,6,15,-15.34,69.0
SINGLE,SOL/USDT,1h,P7x1.5,1:3,1.0,337,21.07,-6377.04,3622.96,6567.34,65.08,0.67,-18.92,4,16,-14.42,79.76
SINGLE,SOL/USDT,1h,P7x2.0,1:2,1.0,358,31.28,-4907.24,5092.76,5492.34,54.92,0.73,-13.71,4,22,-10.46,70.18
SINGLE,SOL/USDT,1h,P7x2.0,1:3,1.0,253,22.53,-4477.47,5522.53,4891.59,48.45,0.7,-17.7,3,21,-10.82,79.75
SINGLE,SOL/USDT,1h,P7x2.5,1:2,1.0,247,32.79,-2733.67,7266.33,3805.91,37.07,0.81,-11.07,4,11,-6.92,71.48
SINGLE,SOL/USDT,1h,P7x2.5,1:3,1.0,182,29.12,733.12,10733.12,2516.44,23.53,1.06,4.03,5,14,2.47,78.83
SINGLE,SOL/USDT,1h,P7x3.0,1:2,1.0,201,35.32,-792.69,9207.31,3043.42,30.42,0.93,-3.94,5,15,-1.76,69.47
SINGLE,SOL/USDT,1h,P7x3.0,1:3,1.0,147,30.61,1769.29,11769.29,2470.59,23.2,1.16,12.04,4,17,5.62,77.42
SINGLE,SOL/USDT,1h,P7x3.5,1:2,1.0,156,37.18,376.88,10376.88,1565.42,14.0,1.03,2.42,4,9,1.91,69.89
SINGLE,SOL/USDT,1h,P7x3.5,1:3,1.0,108,27.78,30.56,10030.56,1567.14,14.3,1.0,0.28,4,9,0.83,77.48
SINGLE,SOL/USDT,1h,P10x1.5,1:2,1.0,558,34.05,-5064.23,4935.77,5694.43,55.99,0.81,-9.08,5,10,-6.72,69.1
SINGLE,SOL/USDT,1h,P10x1.5,1:3,1.0,349,24.64,-4349.25,5650.75,5238.79,51.35,0.8,-12.46,4,13,-7.05,81.49
SINGLE,SOL/USDT,1h,P10x2.0,1:2,1.0,385,34.29,-3224.16,6775.84,4230.66,41.88,0.86,-8.37,5,14,-5.21,68.4
SINGLE,SOL/USDT,1h,P10x2.0,1:3,1.0,240,26.67,-1515.53,8484.47,3210.02,31.47,0.91,-6.31,3,13,-2.46,80.46
SINGLE,SOL/USDT,1h,P10x2.5,1:2,1.0,254,34.25,-1897.76,8102.24,3244.88,31.66,0.87,-7.47,5,10,-4.17,70.84
SINGLE,SOL/USDT,1h,P10x2.5,1:3,1.0,197,29.44,1166.84,11166.84,1834.31,14.64,1.07,5.92,5,10,3.23,76.74
SINGLE,SOL/USDT,1h,P10x3.0,1:2,1.0,194,35.05,-813.33,9186.67,1720.53,16.77,0.94,-4.19,5,7,-1.92,71.58
SINGLE,SOL/USDT,1h,P10x3.0,1:3,1.0,143,27.97,124.94,10124.94,1645.54,15.53,1.01,0.87,5,8,1.1,78.51
SINGLE,SOL/USDT,1h,P10x3.5,1:2,1.0,148,35.81,-243.65,9756.35,1885.53,16.82,0.98,-1.65,4,11,-0.37,70.72
SINGLE,SOL/USDT,1h,P10x3.5,1:3,1.0,118,27.97,113.69,10113.69,1660.71,14.55,1.01,0.96,4,10,1.14,78.41
SINGLE,SOL/USDT,1h,P14x1.5,1:2,1.0,561,32.62,-6112.99,3887.01,6447.02,63.4,0.77,-10.9,4,12,-9.24,66.94
SINGLE,SOL/USDT,1h,P14x1.5,1:3,1.0,376,23.94,-5265.45,4734.55,5677.16,55.65,0.74,-14.0,4,13,-8.91,78.21
SINGLE,SOL/USDT,1h,P14x2.0,1:2,1.0,387,34.37,-3056.92,6943.08,3761.35,36.2,0.87,-7.9,4,13,-4.81,67.2
SINGLE,SOL/USDT,1h,P14x2.0,1:3,1.0,277,22.02,-5045.49,4954.51,5972.37,56.92,0.7,-18.21,2,19,-11.82,76.71
SINGLE,SOL/USDT,1h,P14x2.5,1:2,1.0,267,33.71,-2378.24,7621.76,3112.19,30.81,0.85,-8.91,5,11,-5.27,68.64
SINGLE,SOL/USDT,1h,P14x2.5,1:3,1.0,161,26.71,-767.76,9232.24,2125.64,18.82,0.94,-4.77,4,13,-1.59,80.91
SINGLE,SOL/USDT,1h,P14x3.0,1:2,1.0,153,35.95,-286.91,9713.09,2050.43,17.89,0.97,-1.88,6,10,-0.51,75.02
SINGLE,SOL/USDT,1h,P14x3.0,1:3,1.0,119,33.61,3135.04,13135.04,1341.71,9.67,1.31,26.34,4,12,10.63,80.98
SINGLE,SOL/USDT,1h,P14x3.5,1:2,1.0,150,38.67,1189.8,11189.8,2170.59,17.34,1.11,7.93,5,10,4.76,73.65
SINGLE,SOL/USDT,1h,P14x3.5,1:3,1.0,111,29.73,1000.71,11000.71,2751.75,20.39,1.11,9.02,4,10,4.56,79.31
SINGLE,SOL/USDT,1h,P20x1.5,1:2,1.0,594,30.98,-7343.65,2656.35,7760.44,75.86,0.71,-12.36,4,12,-12.59,66.4
SINGLE,SOL/USDT,1h,P20x1.5,1:3,1.0,452,24.56,-5517.8,4482.2,5996.03,58.78,0.8,-12.21,3,18,-7.8,75.33
SINGLE,SOL/USDT,1h,P20x2.0,1:2,1.0,395,32.91,-4295.92,5704.08,4795.57,46.4,0.81,-10.88,4,11,-7.66,67.85
SINGLE,SOL/USDT,1h,P20x2.0,1:3,1.0,254,23.62,-3761.53,6238.47,4323.36,41.18,0.77,-14.81,4,18,-8.29,80.09
SINGLE,SOL/USDT,1h,P20x2.5,1:2,1.0,255,33.33,-2520.42,7479.58,3278.09,31.77,0.84,-9.88,5,9,-6.0,70.28
SINGLE,SOL/USDT,1h,P20x2.5,1:3,1.0,165,24.24,-2179.42,7820.58,2743.52,25.97,0.82,-13.21,3,15,-6.41,80.54
SINGLE,SOL/USDT,1h,P20x3.0,1:2,1.0,189,34.39,-1285.39,8714.61,2584.12,24.57,0.89,-6.8,5,9,-3.61,72.56
SINGLE,SOL/USDT,1h,P20x3.0,1:3,1.0,121,25.62,-972.45,9027.55,2062.41,19.12,0.9,-8.04,3,18,-3.27,81.73
SINGLE,SOL/USDT,1h,P20x3.5,1:2,1.0,139,33.81,-1110.09,8889.91,2564.97,22.73,0.89,-7.99,5,11,-4.32,76.72
SINGLE,SOL/USDT,1h,P20x3.5,1:3,1.0,106,24.53,-1186.93,8813.07,2175.05,20.18,0.86,-11.2,4,11,-5.0,82.99
SINGLE,SOL/USDT,1h,P30x1.5,1:2,1.0,596,31.54,-7077.2,2922.8,7429.18,73.1,0.73,-11.87,4,10,-11.56,68.07
SINGLE,SOL/USDT,1h,P30x1.5,1:3,1.0,470,23.19,-6595.81,3404.19,6856.93,67.22,0.73,-14.03,3,17,-10.44,75.86
SINGLE,SOL/USDT,1h,P30x2.0,1:2,1.0,408,32.84,-4442.47,5557.53,4800.57,47.24,0.8,-10.89,4,10,-7.74,68.16
SINGLE,SOL/USDT,1h,P30x2.0,1:3,1.0,267,23.6,-3829.12,6170.88,4955.29,48.58,0.76,-14.34,4,18,-7.99,79.42
SINGLE,SOL/USDT,1h,P30x2.5,1:2,1.0,296,36.15,-775.74,9224.26,2454.96,21.47,0.96,-2.62,5,10,-0.96,68.3
SINGLE,SOL/USDT,1h,P30x2.5,1:3,1.0,194,26.8,-852.38,9147.62,2959.73,24.45,0.95,-4.39,4,15,-1.41,78.13
SINGLE,SOL/USDT,1h,P30x3.0,1:2,1.0,184,32.61,-2072.1,7927.9,2235.37,22.0,0.82,-11.26,5,8,-6.76,74.05
SINGLE,SOL/USDT,1h,P30x3.0,1:3,1.0,130,23.85,-1866.54,8133.46,2888.06,27.64,0.8,-14.36,3,14,-6.96,82.06
SINGLE,SOL/USDT,1h,P30x3.5,1:2,1.0,134,30.6,-2150.51,7849.49,2313.65,22.77,0.76,-16.05,5,8,-10.18,74.95
SINGLE,SOL/USDT,1h,P30x3.5,1:3,1.0,103,21.36,-2264.39,7735.61,2540.7,24.73,0.72,-21.98,4,14,-11.86,82.31
DOUBLE,SOL/USDT,1h,F7x1.5_S14x2.5,1:2,1.0,279,31.9,-3541.76,6458.24,3613.15,36.11,0.79,-12.69,3,12,-8.51,54.75
DOUBLE,SOL/USDT,1h,F7x1.5_S14x2.5,1:3,1.0,212,28.3,341.6,10341.6,2106.34,19.4,1.02,1.61,2,12,1.43,62.89
DOUBLE,SOL/USDT,1h,F7x1.5_S14x3.5,1:2,1.0,237,37.55,544.57,10544.57,1848.06,15.23,1.03,2.3,8,8,1.83,58.82
DOUBLE,SOL/USDT,1h,F7x1.5_S14x3.5,1:3,1.0,187,28.34,516.93,10516.93,1863.07,15.62,1.03,2.76,4,11,1.93,67.41
DOUBLE,SOL/USDT,1h,F7x1.5_S20x3.0,1:2,1.0,262,35.88,-797.02,9202.98,3212.31,26.78,0.96,-3.04,5,9,-1.21,56.52
DOUBLE,SOL/USDT,1h,F7x1.5_S20x3.0,1:3,1.0,187,28.88,891.52,10891.52,3310.32,24.61,1.05,4.77,7,15,2.76,65.62
DOUBLE,SOL/USDT,1h,F7x1.5_S30x2.5,1:2,1.0,320,32.5,-3621.88,6378.12,4955.37,46.22,0.81,-11.32,4,10,-7.54,54.8
DOUBLE,SOL/USDT,1h,F7x1.5_S30x2.5,1:3,1.0,233,26.61,-1215.98,8784.02,2373.84,23.56,0.93,-5.22,4,12,-1.85,66.63
DOUBLE,SOL/USDT,1h,F7x1.5_S30x3.5,1:2,1.0,249,33.73,-1974.6,8025.4,2535.42,24.43,0.88,-7.93,6,8,-4.47,58.78
DOUBLE,SOL/USDT,1h,F7x1.5_S30x3.5,1:3,1.0,186,29.03,1095.07,11095.07,1726.36,13.46,1.07,5.89,3,8,3.21,70.21
DOUBLE,SOL/USDT,1h,F7x2.0_S14x3.0,1:2,1.0,204,33.82,-1468.75,8531.25,2113.9,20.72,0.89,-7.2,5,12,-3.87,56.1
DOUBLE,SOL/USDT,1h,F7x2.0_S14x3.0,1:3,1.0,162,27.78,203.81,10203.81,1558.38,14.92,1.02,1.26,3,10,1.28,63.62
DOUBLE,SOL/USDT,1h,F7x2.0_S20x2.5,1:2,1.0,270,33.7,-2278.72,7721.28,3428.16,34.28,0.85,-8.44,6,8,-4.93,59.26
DOUBLE,SOL/USDT,1h,F7x2.0_S20x2.5,1:3,1.0,187,25.67,-1432.09,8567.91,2076.21,20.69,0.89,-7.66,3,12,-3.16,71.34
DOUBLE,SOL/USDT,1h,F7x2.0_S20x3.5,1:2,1.0,194,29.38,-3333.45,6666.55,3487.06,34.87,0.73,-17.18,4,13,-11.8,52.79
DOUBLE,SOL/USDT,1h,F7x2.0_S20x3.5,1:3,1.0,159,23.27,-2288.56,7711.44,2454.83,24.15,0.81,-14.39,4,14,-7.14,61.52
DOUBLE,SOL/USDT,1h,F7x2.0_S30x3.0,1:2,1.0,199,31.66,-2470.82,7529.18,2847.61,28.48,0.81,-12.42,3,16,-7.68,58.77
DOUBLE,SOL/USDT,1h,F7x2.0_S30x3.0,1:3,1.0,136,27.94,322.93,10322.93,1502.54,13.56,1.03,2.37,3,14,1.77,70.78
DOUBLE,SOL/USDT,1h,F7x2.5_S14x2.5,1:2,1.0,248,33.87,-2177.38,7822.62,2753.12,27.53,0.86,-8.78,4,9,-5.09,64.54
DOUBLE,SOL/USDT,1h,F7x2.5_S14x2.5,1:3,1.0,188,25.0,-2096.12,7903.88,2603.6,26.04,0.85,-11.15,4,13,-5.2,71.35
DOUBLE,SOL/USDT,1h,F7x2.5_S14x3.5,1:2,1.0,167,31.74,-2197.05,7802.95,2754.3,27.54,0.78,-13.16,5,10,-8.1,48.56
DOUBLE,SOL/USDT,1h,F7x2.5_S14x3.5,1:3,1.0,133,24.06,-1782.71,8217.29,2657.8,26.58,0.81,-13.4,3,12,-6.37,62.49
DOUBLE,SOL/USDT,1h,F7x2.5_S20x3.0,1:2,1.0,162,32.1,-1956.64,8043.36,2318.17,23.18,0.8,-12.08,5,10,-7.26,65.41
DOUBLE,SOL/USDT,1h,F7x2.5_S20x3.0,1:3,1.0,118,26.27,-652.84,9347.16,2151.61,21.52,0.92,-5.53,4,11,-1.97,75.78
DOUBLE,SOL/USDT,1h,F7x2.5_S30x2.5,1:2,1.0,268,32.84,-2855.95,7144.05,3966.01,38.66,0.82,-10.66,3,11,-6.67,60.51
DOUBLE,SOL/USDT,1h,F7x2.5_S30x2.5,1:3,1.0,198,24.24,-2529.9,7470.1,3027.87,29.97,0.82,-12.78,3,17,-6.31,70.18
DOUBLE,SOL/USDT,1h,F7x2.5_S30x3.5,1:2,1.0,146,27.4,-3352.92,6647.08,3427.23,34.02,0.64,-22.97,4,13,-16.52,58.43
DOUBLE,SOL/USDT,1h,F7x2.5_S30x3.5,1:3,1.0,111,25.23,-1098.21,8901.79,1535.63,14.95,0.87,-9.89,3,14,-4.25,69.7
DOUBLE,SOL/USDT,1h,F10x1.5_S14x3.0,1:2,1.0,239,36.4,-350.93,9649.07,1763.28,16.46,0.98,-1.47,5,9,-0.27,56.26
DOUBLE,SOL/USDT,1h,F10x1.5_S14x3.0,1:3,1.0,185,29.19,1134.87,11134.87,2451.95,20.83,1.08,6.13,3,12,3.32,65.15
DOUBLE,SOL/USDT,1h,F10x1.5_S20x2.5,1:2,1.0,290,34.48,-2129.89,7870.11,2854.71,27.15,0.88,-7.34,5,9,-4.13,53.09
DOUBLE,SOL/USDT,1h,F10x1.5_S20x2.5,1:3,1.0,222,27.48,-475.47,9524.53,2307.57,20.34,0.97,-2.14,4,15,-0.29,61.26
DOUBLE,SOL/USDT,1h,F10x1.5_S20x3.5,1:2,1.0,230,37.83,683.7,10683.7,1585.39,13.65,1.04,2.97,6,12,2.19,60.29
DOUBLE,SOL/USDT,1h,F10x1.5_S20x3.5,1:3,1.0,172,29.07,941.16,10941.16,2301.89,21.0,1.07,5.47,3,12,3.06,67.85
DOUBLE,SOL/USDT,1h,F10x1.5_S30x3.0,1:2,1.0,265,33.96,-2046.08,7953.92,2830.97,27.37,0.88,-7.72,4,11,-4.36,53.34
DOUBLE,SOL/USDT,1h,F10x1.5_S30x3.0,1:3,1.0,203,29.06,1183.59,11183.59,1994.21,19.19,1.08,5.83,3,10,3.18,61.5
DOUBLE,SOL/USDT,1h,F10x2.0_S14x2.5,1:2,1.0,232,32.33,-2668.88,7331.12,4368.45,37.69,0.83,-11.5,6,8,-7.15,60.84
DOUBLE,SOL/USDT,1h,F10x2.0_S14x2.5,1:3,1.0,153,27.45,-142.98,9857.02,2756.83,23.13,0.99,-0.93,3,11,0.28,71.24
DOUBLE,SOL/USDT,1h,F10x2.0_S14x3.5,1:2,1.0,187,33.16,-1690.73,8309.27,1874.32,18.41,0.87,-9.04,5,10,-5.11,50.82
DOUBLE,SOL/USDT,1h,F10x2.0_S14x3.5,1:3,1.0,156,27.56,21.14,10021.14,2300.88,18.77,1.0,0.14,4,11,0.77,58.01
DOUBLE,SOL/USDT,1h,F10x2.0_S20x3.0,1:2,1.0,189,35.98,-362.71,9637.29,1407.58,13.93,0.97,-1.92,4,6,-0.52,55.99
DOUBLE,SOL/USDT,1h,F10x2.0_S20x3.0,1:3,1.0,121,32.23,2624.76,12624.76,1292.52,10.28,1.27,21.69,3,10,9.08,68.98
DOUBLE,SOL/USDT,1h,F10x2.0_S30x2.5,1:2,1.0,276,31.88,-3356.17,6643.83,4388.56,41.44,0.8,-12.16,4,8,-8.03,58.61
DOUBLE,SOL/USDT,1h,F10x2.0_S30x2.5,1:3,1.0,182,25.82,-1181.35,8818.65,3345.76,28.8,0.92,-6.49,2,9,-2.49,72.01
DOUBLE,SOL/USDT,1h,F10x2.0_S30x3.5,1:2,1.0,192,32.29,-2097.49,7902.51,2810.86,27.1,0.83,-10.92,4,8,-6.5,49.09
DOUBLE,SOL/USDT,1h,F10x2.0_S30x3.5,1:3,1.0,149,28.19,457.19,10457.19,1729.99,16.2,1.04,3.07,3,11,2.06,59.17
DOUBLE,SOL/USDT,1h,F10x2.5_S14x3.0,1:2,1.0,146,32.88,-1340.78,8659.22,2578.36,24.36,0.86,-9.18,2,11,-5.11,65.99
DOUBLE,SOL/USDT,1h,F10x2.5_S14x3.0,1:3,1.0,109,22.02,-1998.27,8001.73,3014.31,29.03,0.75,-18.33,2,15,-9.31,74.75
DOUBLE,SOL/USDT,1h,F10x2.5_S20x2.5,1:2,1.0,232,36.21,-391.96,9608.04,2567.59,24.58,0.97,-1.69,6,10,-0.39,66.49
DOUBLE,SOL/USDT,1h,F10x2.5_S20x2.5,1:3,1.0,181,23.2,-2751.1,7248.9,3014.23,29.37,0.79,-15.2,4,19,-7.87,74.65
DOUBLE,SOL/USDT,1h,F10x2.5_S20x3.5,1:2,1.0,131,28.24,-2645.51,7354.49,3828.1,35.82,0.69,-20.19,4,17,-13.53,59.39
DOUBLE,SOL/USDT,1h,F10x2.5_S20x3.5,1:3,1.0,106,22.64,-1710.35,8289.65,2475.43,23.85,0.78,-16.14,2,17,-7.88,69.85
DOUBLE,SOL/USDT,1h,F10x2.5_S30x3.0,1:2,1.0,182,30.22,-2789.76,7210.24,3471.51,33.49,0.75,-15.33,3,11,-10.0,62.84
DOUBLE,SOL/USDT,1h,F10x2.5_S30x3.0,1:3,1.0,134,21.64,-2551.35,7448.65,3108.66,30.47,0.73,-19.04,2,16,-10.13,72.12
DOUBLE,SOL/USDT,1h,F14x1.5_S20x2.5,1:2,1.0,283,37.1,-264.39,9735.61,1771.36,16.72,0.99,-0.93,5,10,0.05,51.63
DOUBLE,SOL/USDT,1h,F14x1.5_S20x2.5,1:3,1.0,216,28.24,44.59,10044.59,2390.74,19.72,1.0,0.21,3,12,0.81,61.42
DOUBLE,SOL/USDT,1h,F14x1.5_S20x3.5,1:2,1.0,218,38.53,1233.06,11233.06,2718.31,20.09,1.08,5.66,6,11,3.55,60.65
DOUBLE,SOL/USDT,1h,F14x1.5_S20x3.5,1:3,1.0,172,29.65,1436.37,11436.37,1434.1,11.98,1.1,8.35,4,10,4.19,68.08
DOUBLE,SOL/USDT,1h,F14x1.5_S30x3.0,1:2,1.0,257,36.96,154.51,10154.51,2464.76,24.33,1.01,0.6,4,8,0.91,53.78
DOUBLE,SOL/USDT,1h,F14x1.5_S30x3.0,1:3,1.0,201,29.35,1414.07,11414.07,1514.51,11.71,1.08,7.04,3,11,3.65,62.11
DOUBLE,SOL/USDT,1h,F14x2.0_S20x2.5,1:2,1.0,251,35.06,-1293.18,8706.82,2554.16,24.82,0.92,-5.15,3,12,-2.56,55.37
DOUBLE,SOL/USDT,1h,F14x2.0_S20x2.5,1:3,1.0,204,24.51,-2396.58,7603.42,3714.59,33.95,0.84,-11.75,3,12,-5.66,62.66
DOUBLE,SOL/USDT,1h,F14x2.0_S20x3.5,1:2,1.0,184,33.15,-1669.95,8330.05,2149.44,20.71,0.86,-9.08,5,10,-5.13,50.02
DOUBLE,SOL/USDT,1h,F14x2.0_S20x3.5,1:3,1.0,152,26.32,-637.9,9362.1,1710.57,16.77,0.95,-4.2,3,14,-1.29,60.74
DOUBLE,SOL/USDT,1h,F14x2.0_S30x3.0,1:2,1.0,200,33.0,-1892.52,8107.48,2365.28,23.15,0.85,-9.46,4,9,-5.45,51.26
DOUBLE,SOL/USDT,1h,F14x2.0_S30x3.0,1:3,1.0,165,25.45,-1259.57,8740.43,2347.0,22.07,0.9,-7.63,3,13,-3.1,60.19
DOUBLE,SOL/USDT,1h,F14x2.5_S20x2.5,1:2,1.0,248,35.89,-662.56,9337.44,3022.69,28.91,0.96,-2.67,6,14,-0.99,65.95
DOUBLE,SOL/USDT,1h,F14x2.5_S20x2.5,1:3,1.0,157,24.84,-1601.12,8398.88,2828.01,27.53,0.86,-10.2,4,18,-4.54,78.09
DOUBLE,SOL/USDT,1h,F14x2.5_S20x3.5,1:2,1.0,135,30.37,-2121.83,7878.17,2558.62,25.13,0.76,-15.72,4,10,-9.81,44.02
DOUBLE,SOL/USDT,1h,F14x2.5_S20x3.5,1:3,1.0,121,23.14,-1806.89,8193.11,2599.76,24.87,0.81,-14.93,2,10,-7.23,51.51
DOUBLE,SOL/USDT,1h,F14x2.5_S30x3.0,1:2,1.0,191,32.46,-1974.66,8025.34,2218.5,21.66,0.85,-10.34,4,14,-6.06,59.77
DOUBLE,SOL/USDT,1h,F14x2.5_S30x3.0,1:3,1.0,131,26.72,-255.27,9744.73,2212.71,19.04,0.97,-1.95,3,14,-0.2,71.16
TRIPLE,SOL/USDT,1h,F7x1.5_M14x2.0_S20x3.0,1:2,1.0,312,35.26,-2662.88,7337.12,3837.01,34.58,0.87,-8.53,4,9,-5.11,32.9
TRIPLE,SOL/USDT,1h,F7x1.5_M14x2.0_S20x3.0,1:3,1.0,268,26.87,-1997.75,8002.25,4079.51,36.49,0.9,-7.45,3,15,-3.16,43.07
TRIPLE,SOL/USDT,1h,F7x1.5_M14x2.0_S20x3.5,1:2,1.0,279,32.97,-3687.03,6312.97,4748.65,43.56,0.8,-13.21,3,10,-9.02,28.08
TRIPLE,SOL/USDT,1h,F7x1.5_M14x2.0_S20x3.5,1:3,1.0,255,25.88,-2775.01,7224.99,4149.91,38.85,0.84,-10.88,3,11,-5.3,35.43
TRIPLE,SOL/USDT,1h,F7x1.5_M14x2.0_S30x3.0,1:2,1.0,307,32.9,-3988.65,6011.35,5008.92,45.64,0.8,-12.99,3,11,-9.06,32.92
TRIPLE,SOL/USDT,1h,F7x1.5_M14x2.0_S30x3.0,1:3,1.0,276,25.36,-3275.3,6724.7,5237.68,45.3,0.84,-11.87,4,13,-6.09,40.66
TRIPLE,SOL/USDT,1h,F7x1.5_M14x2.0_S30x3.5,1:2,1.0,287,34.49,-2974.12,7025.88,4091.29,37.57,0.84,-10.36,3,10,-6.51,27.8
TRIPLE,SOL/USDT,1h,F7x1.5_M14x2.0_S30x3.5,1:3,1.0,254,26.38,-2358.85,7641.15,4624.5,41.15,0.87,-9.29,4,11,-4.25,35.25
TRIPLE,SOL/USDT,1h,F7x1.5_M14x2.5_S20x3.0,1:2,1.0,335,35.22,-2837.52,7162.48,3982.88,36.6,0.86,-8.47,4,11,-5.16,34.13
TRIPLE,SOL/USDT,1h,F7x1.5_M14x2.5_S20x3.0,1:3,1.0,285,27.37,-1693.78,8306.22,4018.75,36.17,0.92,-5.94,2,11,-2.32,43.29
TRIPLE,SOL/USDT,1h,F7x1.5_M14x2.5_S20x3.5,1:2,1.0,292,31.85,-4361.17,5638.83,5047.08,47.23,0.75,-14.94,3,12,-10.97,27.83
TRIPLE,SOL/USDT,1h,F7x1.5_M14x2.5_S20x3.5,1:3,1.0,263,25.86,-2817.57,7182.43,4296.22,39.77,0.85,-10.71,2,15,-5.22,35.05
TRIPLE,SOL/USDT,1h,F7x1.5_M14x2.5_S30x3.0,1:2,1.0,322,33.85,-3548.36,6451.64,4248.12,39.95,0.82,-11.02,4,11,-7.29,32.71
TRIPLE,SOL/USDT,1h,F7x1.5_M14x2.5_S30x3.0,1:3,1.0,283,26.15,-2733.2,7266.8,4512.99,41.08,0.86,-9.66,3,12,-4.57,40.63
TRIPLE,SOL/USDT,1h,F7x1.5_M14x2.5_S30x3.5,1:2,1.0,305,33.11,-3881.56,6118.44,4626.22,43.34,0.79,-12.73,3,10,-8.84,28.19
TRIPLE,SOL/USDT,1h,F7x1.5_M14x2.5_S30x3.5,1:3,1.0,270,25.93,-2800.86,7199.14,4381.16,40.56,0.85,-10.37,3,10,-5.03,36.06
TRIPLE,SOL/USDT,1h,F7x1.5_M20x2.0_S30x3.0,1:2,1.0,302,33.11,-3803.29,6196.71,4853.64,44.11,0.81,-12.59,3,11,-8.63,32.47
TRIPLE,SOL/USDT,1h,F7x1.5_M20x2.0_S30x3.0,1:3,1.0,269,25.28,-3272.3,6727.7,4662.59,42.43,0.83,-12.16,4,13,-6.27,40.82
TRIPLE,SOL/USDT,1h,F7x1.5_M20x2.0_S30x3.5,1:2,1.0,276,34.78,-2639.33,7360.67,3840.2,34.57,0.86,-9.56,3,10,-5.82,28.03
TRIPLE,SOL/USDT,1h,F7x1.5_M20x2.0_S30x3.5,1:3,1.0,248,27.02,-1735.95,8264.05,4348.59,36.92,0.91,-7.0,5,13,-2.86,35.94
TRIPLE,SOL/USDT,1h,F7x1.5_M20x2.5_S30x3.0,1:2,1.0,327,33.33,-4039.65,5960.35,4874.22,44.99,0.8,-12.35,4,9,-8.62,33.53
TRIPLE,SOL/USDT,1h,F7x1.5_M20x2.5_S30x3.0,1:3,1.0,291,25.43,-3454.9,6545.1,4987.83,45.41,0.83,-11.87,3,11,-6.19,41.14
TRIPLE,SOL/USDT,1h,F7x1.5_M20x2.5_S30x3.5,1:2,1.0,300,33.67,-3577.88,6422.12,4457.16,41.45,0.81,-11.93,3,8,-7.99,28.43
TRIPLE,SOL/USDT,1h,F7x1.5_M20x2.5_S30x3.5,1:3,1.0,269,25.65,-3051.18,6948.82,4541.41,42.52,0.84,-11.34,3,9,-5.69,36.45
TRIPLE,SOL/USDT,1h,F7x2.0_M14x2.0_S20x3.0,1:2,1.0,308,30.52,-5142.88,4857.12,5387.9,53.88,0.7,-16.7,4,10,-13.36,37.33
TRIPLE,SOL/USDT,1h,F7x2.0_M14x2.0_S20x3.0,1:3,1.0,240,22.92,-4295.2,5704.8,4653.31,46.33,0.73,-17.9,3,11,-10.77,49.5
TRIPLE,SOL/USDT,1h,F7x2.0_M14x2.0_S20x3.5,1:2,1.0,275,30.18,-4882.22,5117.78,4981.73,49.82,0.7,-17.75,5,9,-13.98,26.73
TRIPLE,SOL/USDT,1h,F7x2.0_M14x2.0_S20x3.5,1:3,1.0,253,22.13,-4944.15,5055.85,5541.33,52.29,0.72,-19.54,3,10,-12.7,32.28
TRIPLE,SOL/USDT,1h,F7x2.0_M14x2.0_S30x3.0,1:2,1.0,310,30.97,-4904.94,5095.06,5145.68,51.46,0.73,-15.82,6,9,-12.27,36.39
TRIPLE,SOL/USDT,1h,F7x2.0_M14x2.0_S30x3.0,1:3,1.0,242,23.14,-4135.48,5864.52,4464.72,43.84,0.76,-17.09,3,11,-10.0,49.91
TRIPLE,SOL/USDT,1h,F7x2.0_M14x2.0_S30x3.5,1:2,1.0,289,31.14,-4650.66,5349.34,4954.85,49.55,0.72,-16.09,4,11,-12.27,26.04
TRIPLE,SOL/USDT,1h,F7x2.0_M14x2.0_S30x3.5,1:3,1.0,270,21.11,-5576.17,4423.83,6185.05,58.32,0.7,-20.65,3,14,-14.5,32.75
TRIPLE,SOL/USDT,1h,F7x2.0_M14x2.5_S20x3.0,1:2,1.0,297,30.64,-4928.68,5071.32,5082.99,50.83,0.7,-16.6,4,10,-13.0,36.67
TRIPLE,SOL/USDT,1h,F7x2.0_M14x2.5_S20x3.0,1:3,1.0,228,24.12,-3440.44,6559.56,3759.51,37.27,0.78,-15.09,3,10,-8.21,48.6
TRIPLE,SOL/USDT,1h,F7x2.0_M14x2.5_S20x3.5,1:2,1.0,248,27.42,-5454.51,4545.49,5484.04,54.84,0.62,-21.99,3,9,-18.88,24.95
TRIPLE,SOL/USDT,1h,F7x2.0_M14x2.5_S20x3.5,1:3,1.0,230,20.87,-5085.77,4914.23,5174.41,51.33,0.68,-22.11,3,13,-14.88,30.32
TRIPLE,SOL/USDT,1h,F7x2.0_M14x2.5_S30x3.0,1:2,1.0,289,29.76,-5101.23,4898.77,5138.66,51.39,0.69,-17.65,3,9,-14.1,35.95
TRIPLE,SOL/USDT,1h,F7x2.0_M14x2.5_S30x3.0,1:3,1.0,231,22.08,-4490.52,5509.48,4544.91,45.25,0.72,-19.44,3,10,-12.0,48.34
TRIPLE,SOL/USDT,1h,F7x2.0_M14x2.5_S30x3.5,1:2,1.0,262,28.63,-5249.6,4750.4,5469.75,54.7,0.64,-20.04,3,11,-16.64,24.33
TRIPLE,SOL/USDT,1h,F7x2.0_M14x2.5_S30x3.5,1:3,1.0,250,20.8,-5382.79,4617.21,5633.15,55.04,0.68,-21.53,3,14,-14.9,30.96
TRIPLE,SOL/USDT,1h,F7x2.0_M20x2.0_S30x3.0,1:2,1.0,303,32.01,-4293.74,5706.26,4567.33,45.67,0.77,-14.17,7,9,-10.26,36.3
TRIPLE,SOL/USDT,1h,F7x2.0_M20x2.0_S30x3.0,1:3,1.0,235,23.83,-3633.54,6366.46,4284.35,41.09,0.79,-15.46,3,11,-8.53,49.77
TRIPLE,SOL/USDT,1h,F7x2.0_M20x2.0_S30x3.5,1:2,1.0,273,31.87,-4102.4,5897.6,4554.07,45.54,0.75,-15.03,4,11,-10.83,25.57
TRIPLE,SOL/USDT,1h,F7x2.0_M20x2.0_S30x3.5,1:3,1.0,255,21.18,-5323.28,4676.72,6449.2,57.97,0.71,-20.88,3,14,-14.27,32.43
TRIPLE,SOL/USDT,1h,F7x2.0_M20x2.5_S30x3.0,1:2,1.0,294,30.95,-4765.11,5234.89,4999.92,50.0,0.72,-16.21,5,10,-12.42,35.38
TRIPLE,SOL/USDT,1h,F7x2.0_M20x2.5_S30x3.0,1:3,1.0,230,23.48,-3812.7,6187.3,4203.57,40.78,0.77,-16.58,4,11,-9.39,48.61
TRIPLE,SOL/USDT,1h,F7x2.0_M20x2.5_S30x3.5,1:2,1.0,252,30.16,-4620.68,5379.32,4905.91,49.06,0.69,-18.34,3,11,-14.11,24.03
TRIPLE,SOL/USDT,1h,F7x2.0_M20x2.5_S30x3.5,1:3,1.0,242,22.31,-4647.94,5352.06,5492.95,50.99,0.74,-19.21,3,11,-12.06,30.67
TRIPLE,SOL/USDT,1h,F10x1.5_M14x2.0_S20x3.0,1:2,1.0,325,34.15,-3526.17,6473.83,4669.16,42.74,0.83,-10.85,5,15,-7.16,31.1
TRIPLE,SOL/USDT,1h,F10x1.5_M14x2.0_S20x3.0,1:3,1.0,266,24.81,-3673.48,6326.52,4204.8,39.93,0.81,-13.81,3,13,-7.52,41.72
TRIPLE,SOL/USDT,1h,F10x1.5_M14x2.0_S20x3.5,1:2,1.0,301,33.55,-3633.69,6366.31,4942.64,45.53,0.8,-12.07,4,11,-8.13,25.92
TRIPLE,SOL/USDT,1h,F10x1.5_M14x2.0_S20x3.5,1:3,1.0,264,23.86,-4200.55,5799.45,4952.06,46.47,0.77,-15.91,3,15,-9.27,34.8
TRIPLE,SOL/USDT,1h,F10x1.5_M14x2.0_S30x3.0,1:2,1.0,319,32.92,-4189.05,5810.95,5570.41,50.94,0.78,-13.13,4,17,-9.32,30.96
TRIPLE,SOL/USDT,1h,F10x1.5_M14x2.0_S30x3.0,1:3,1.0,279,23.3,-4672.77,5327.23,5765.13,51.97,0.76,-16.75,4,17,-10.22,39.94
TRIPLE,SOL/USDT,1h,F10x1.5_M14x2.0_S30x3.5,1:2,1.0,298,33.56,-3617.27,6382.73,4884.15,45.56,0.8,-12.14,4,15,-8.16,26.59
TRIPLE,SOL/USDT,1h,F10x1.5_M14x2.0_S30x3.5,1:3,1.0,263,23.95,-4055.4,5944.6,5737.49,50.38,0.78,-15.42,4,15,-8.8,35.33
TRIPLE,SOL/USDT,1h,F10x1.5_M14x2.5_S20x3.0,1:2,1.0,341,34.6,-3392.56,6607.44,4548.73,42.44,0.83,-9.95,4,10,-6.45,32.28
TRIPLE,SOL/USDT,1h,F10x1.5_M14x2.5_S20x3.0,1:3,1.0,283,26.15,-2828.72,7171.28,3490.55,33.16,0.86,-10.0,3,12,-4.81,41.38
TRIPLE,SOL/USDT,1h,F10x1.5_M14x2.5_S20x3.5,1:2,1.0,304,33.88,-3450.63,6549.37,4504.13,42.82,0.8,-11.35,4,11,-7.5,26.43
TRIPLE,SOL/USDT,1h,F10x1.5_M14x2.5_S20x3.5,1:3,1.0,264,25.0,-3288.1,6711.9,4009.57,38.12,0.82,-12.46,3,13,-6.43,35.15
SINGLE,SOL/USDT,4h,P7x1.5,1:2,1.0,97,30.93,-1257.92,8742.08,2152.14,20.39,0.81,-12.97,3,10,-7.53,69.09
SINGLE,SOL/USDT,4h,P7x1.5,1:3,1.0,78,20.51,-1894.95,8105.05,3020.14,27.52,0.69,-24.29,3,15,-13.03,73.93
SINGLE,SOL/USDT,4h,P7x2.0,1:2,1.0,74,29.73,-1107.5,8892.5,1671.28,15.82,0.8,-14.97,2,10,-8.77,69.02
SINGLE,SOL/USDT,4h,P7x2.0,1:3,1.0,48,22.92,-610.76,9389.24,2325.76,19.85,0.85,-12.72,4,9,-5.61,77.79
SINGLE,SOL/USDT,4h,P7x2.5,1:2,1.0,47,36.17,237.34,10237.34,1004.31,8.93,1.07,5.05,4,7,3.36,69.5
SINGLE,SOL/USDT,4h,P7x2.5,1:3,1.0,38,26.32,64.12,10064.12,1242.55,11.14,1.02,1.69,2,8,1.46,74.25
SINGLE,SOL/USDT,4h,P7x3.0,1:2,1.0,48,37.5,371.55,10371.55,680.23,6.19,1.11,7.74,3,5,4.78,64.09
SINGLE,SOL/USDT,4h,P7x3.0,1:3,1.0,41,29.27,490.6,10490.6,1237.04,10.99,1.15,11.97,2,9,5.86,73.72
SINGLE,SOL/USDT,4h,P7x3.5,1:2,1.0,41,34.15,-71.66,9928.34,1152.55,11.02,0.97,-1.75,2,9,-0.43,69.43
SINGLE,SOL/USDT,4h,P7x3.5,1:3,1.0,25,28.0,180.6,10180.6,473.12,4.52,1.1,7.22,2,4,3.87,83.61
SINGLE,SOL/USDT,4h,P10x1.5,1:2,1.0,108,31.48,-1235.68,8764.32,1983.99,19.13,0.83,-11.44,3,10,-6.54,71.85
SINGLE,SOL/USDT,4h,P10x1.5,1:3,1.0,66,27.27,182.72,10182.72,2014.42,18.91,1.04,2.77,5,13,1.95,79.16
SINGLE,SOL/USDT,4h,P10x2.0,1:2,1.0,97,30.93,-1170.68,8829.32,2745.6,24.04,0.83,-12.07,3,11,-6.91,65.41
SINGLE,SOL/USDT,4h,P10x2.0,1:3,1.0,64,26.56,-183.43,9816.57,2483.62,20.46,0.97,-2.87,3,9,-0.64,73.33
SINGLE,SOL/USDT,4h,P10x2.5,1:2,1.0,56,32.14,-510.46,9489.54,984.63,9.43,0.87,-9.11,3,6,-4.84,71.48
SINGLE,SOL/USDT,4h,P10x2.5,1:3,1.0,45,35.56,1724.22,11724.22,925.11,7.76,1.5,38.32,3,6,15.59,75.96
SINGLE,SOL/USDT,4h,P10x3.0,1:2,1.0,58,34.48,-89.95,9910.05,748.23,7.1,0.98,-1.55,3,6,-0.31,63.06
SINGLE,SOL/USDT,4h,P10x3.0,1:3,1.0,48,29.17,542.78,10542.78,1221.76,10.98,1.15,11.31,4,9,5.58,71.53
SINGLE,SOL/USDT,4h,P10x3.5,1:2,1.0,48,35.42,70.06,10070.06,729.97,7.0,1.02,1.46,3,6,1.38,62.72
SINGLE,SOL/USDT,4h,P10x3.5,1:3,1.0,31,22.58,-455.1,9544.9,959.29,9.29,0.82,-14.68,1,7,-6.5,78.15
SINGLE,SOL/USDT,4h,P14x1.5,1:2,1.0,135,35.56,-62.17,9937.83,1342.94,12.87,0.99,-0.46,4,9,0.31,67.01
SINGLE,SOL/USDT,4h,P14x1.5,1:3,1.0,79,34.18,2404.23,12404.23,937.7,8.65,1.4,30.43,3,6,12.44,79.18
SINGLE,SOL/USDT,4h,P14x2.0,1:2,1.0,83,37.35,600.39,10600.39,1300.92,12.26,1.11,7.23,5,8,4.5,70.05
SINGLE,SOL/USDT,4h,P14x2.0,1:3,1.0,59,35.59,2158.55,12158.55,967.87,8.28,1.49,36.59,3,7,14.85,76.26
SINGLE,SOL/USDT,4h,P14x2.5,1:2,1.0,48,31.25,-547.5,9452.5,1011.54,9.75,0.84,-11.41,3,6,-6.24,73.06
SINGLE,SOL/USDT,4h,P14x2.5,1:3,1.0,38,31.58,784.56,10784.56,983.46,8.42,1.26,20.65,3,8,9.29,78.22
SINGLE,SOL/USDT,4h,P14x3.0,1:2,1.0,48,33.33,-242.6,9757.4,1019.65,9.68,0.93,-5.05,2,6,-2.35,68.81
SINGLE,SOL/USDT,4h,P14x3.0,1:3,1.0,14,42.86,943.45,10943.45,433.81,4.22,2.07,67.39,2,4,26.19,92.72
SINGLE,SOL/USDT,4h,P14x3.5,1:2,1.0,47,38.3,483.65,10483.65,810.86,7.62,1.16,10.29,2,5,6.12,70.82
SINGLE,SOL/USDT,4h,P14x3.5,1:3,1.0,8,37.5,244.72,10244.72,432.94,4.21,1.46,30.59,1,4,0.0,96.85
SINGLE,SOL/USDT,4h,P20x1.5,1:2,1.0,135,32.59,-1143.63,8856.37,2236.66,21.1,0.87,-8.47,3,9,-4.62,67.67
SINGLE,SOL/USDT,4h,P20x1.5,1:3,1.0,95,32.63,2270.18,12270.18,1428.96,13.23,1.3,23.9,4,8,10.07,79.63
SINGLE,SOL/USDT,4h,P20x2.0,1:2,1.0,76,36.84,418.75,10418.75,1028.59,9.49,1.08,5.51,5,8,3.6,74.18
SINGLE,SOL/USDT,4h,P20x2.0,1:3,1.0,56,30.36,943.16,10943.16,1121.84,9.3,1.21,16.84,4,6,7.79,77.85
SINGLE,SOL/USDT,4h,P20x2.5,1:2,1.0,57,36.84,385.4,10385.4,1094.28,9.53,1.1,6.76,4,7,4.29,74.04
SINGLE,SOL/USDT,4h,P20x2.5,1:3,1.0,46,30.43,843.72,10843.72,1130.56,10.09,1.25,18.34,3,8,8.44,78.36
SINGLE,SOL/USDT,4h,P20x3.0,1:2,1.0,47,31.91,-429.16,9570.84,1239.19,11.46,0.87,-9.13,2,7,-4.81,69.79
SINGLE,SOL/USDT,4h,P20x3.0,1:3,1.0,39,33.33,1123.55,11123.55,1354.19,11.02,1.37,28.81,3,9,12.33,77.51
SINGLE,SOL/USDT,4h,P20x3.5,1:2,1.0,44,36.36,196.04,10196.04,696.26,6.48,1.07,4.46,2,4,3.03,73.29
SINGLE,SOL/USDT,4h,P20x3.5,1:3,1.0,15,26.67,5.88,10005.88,533.66,5.19,1.01,0.39,1,5,0.86,92.9
SINGLE,SOL/USDT,4h,P30x1.5,1:2,1.0,146,32.88,-1163.68,8836.32,1999.69,18.88,0.88,-7.97,3,9,-4.3,65.82
SINGLE,SOL/USDT,4h,P30x1.5,1:3,1.0,89,28.09,464.47,10464.47,2204.81,17.79,1.06,5.22,4,11,3.0,78.06
SINGLE,SOL/USDT,4h,P30x2.0,1:2,1.0,74,33.78,-287.59,9712.41,1328.04,12.8,0.94,-3.89,3,8,-1.68,75.53
SINGLE,SOL/USDT,4h,P30x2.0,1:3,1.0,58,27.59,278.8,10278.8,820.95,7.53,1.06,4.81,4,7,2.84,79.66
SINGLE,SOL/USDT,4h,P30x2.5,1:2,1.0,59,37.29,362.99,10362.99,1147.9,10.84,1.09,6.15,3,11,3.93,72.03
SINGLE,SOL/USDT,4h,P30x2.5,1:3,1.0,46,23.91,-480.76,9519.24,1154.61,10.9,0.87,-10.45,3,11,-4.35,75.46
SINGLE,SOL/USDT,4h,P30x3.0,1:2,1.0,50,38.0,437.79,10437.79,1067.81,9.45,1.13,8.76,3,6,5.3,68.38
SINGLE,SOL/USDT,4h,P30x3.0,1:3,1.0,43,32.56,915.7,10915.7,1183.36,10.05,1.28,21.3,2,8,9.6,75.48
SINGLE,SOL/USDT,4h,P30x3.5,1:2,1.0,41,34.15,-109.69,9890.31,855.69,8.15,0.96,-2.68,2,6,-0.95,67.08
SINGLE,SOL/USDT,4h,P30x3.5,1:3,1.0,35,25.71,-104.92,9895.08,970.67,9.07,0.96,-3.0,2,8,-0.68,75.59
DOUBLE,SOL/USDT,4h,F7x1.5_S14x2.5,1:2,1.0,56,25.0,-1586.52,8413.48,2005.03,19.55,0.61,-28.33,2,7,-18.58,47.63
DOUBLE,SOL/USDT,4h,F7x1.5_S14x2.5,1:3,1.0,47,23.4,-695.16,9304.84,1549.15,14.67,0.81,-14.79,2,6,-6.8,51.62
DOUBLE,SOL/USDT,4h,F7x1.5_S14x3.5,1:2,1.0,52,38.46,432.01,10432.01,871.76,8.2,1.13,8.31,2,8,5.1,52.03
DOUBLE,SOL/USDT,4h,F7x1.5_S14x3.5,1:3,1.0,46,32.61,966.56,10966.56,1093.38,10.33,1.29,21.01,2,7,9.51,57.92
DOUBLE,SOL/USDT,4h,F7x1.5_S20x3.0,1:2,1.0,55,29.09,-1033.78,8966.22,1568.73,15.29,0.74,-18.8,3,5,-11.33,44.02
DOUBLE,SOL/USDT,4h,F7x1.5_S20x3.0,1:3,1.0,47,34.04,1301.14,11301.14,748.46,6.48,1.37,27.68,3,5,11.99,51.35
DOUBLE,SOL/USDT,4h,F7x1.5_S30x2.5,1:2,1.0,51,21.57,-1877.65,8122.35,2417.55,23.28,0.52,-36.82,3,17,-26.02,60.53
DOUBLE,SOL/USDT,4h,F7x1.5_S30x2.5,1:3,1.0,47,21.28,-1053.99,8946.01,1859.67,17.42,0.73,-22.43,3,17,-11.33,65.25
DOUBLE,SOL/USDT,4h,F7x1.5_S30x3.5,1:2,1.0,53,43.4,1274.14,11274.14,797.82,7.08,1.37,24.04,5,7,12.98,55.53
DOUBLE,SOL/USDT,4h,F7x1.5_S30x3.5,1:3,1.0,42,33.33,1003.81,11003.81,647.24,6.19,1.32,23.9,3,6,10.65,64.61
DOUBLE,SOL/USDT,4h,F7x2.0_S14x3.0,1:2,1.0,40,42.5,917.28,10917.28,651.61,5.63,1.35,22.93,5,5,12.45,53.93
DOUBLE,SOL/USDT,4h,F7x2.0_S14x3.0,1:3,1.0,14,21.43,-280.69,9719.31,869.26,8.21,0.76,-20.05,2,6,-9.09,81.19
DOUBLE,SOL/USDT,4h,F7x2.0_S20x2.5,1:2,1.0,52,28.85,-852.6,9147.4,1247.48,12.0,0.77,-16.4,3,13,-9.62,58.84
DOUBLE,SOL/USDT,4h,F7x2.0_S20x2.5,1:3,1.0,45,26.67,123.13,10123.13,1380.54,12.0,1.03,2.74,3,13,1.93,63.31
DOUBLE,SOL/USDT,4h,F7x2.0_S20x3.5,1:2,1.0,37,43.24,941.68,10941.68,592.41,5.14,1.39,25.45,2,5,13.7,46.51
DOUBLE,SOL/USDT,4h,F7x2.0_S20x3.5,1:3,1.0,14,21.43,-281.71,9718.29,867.91,8.2,0.76,-20.12,2,6,-9.15,77.28
DOUBLE,SOL/USDT,4h,F7x2.0_S30x3.0,1:2,1.0,50,42.0,1077.19,11077.19,624.64,5.42,1.32,21.54,3,5,11.69,43.97
DOUBLE,SOL/USDT,4h,F7x2.0_S30x3.0,1:3,1.0,34,26.47,-2.01,9997.99,557.78,5.42,1.0,-0.06,1,5,0.66,56.99
DOUBLE,SOL/USDT,4h,F7x2.5_S14x2.5,1:2,1.0,42,40.48,689.65,10689.65,743.49,6.5,1.25,16.42,4,5,9.23,65.5
DOUBLE,SOL/USDT,4h,F7x2.5_S14x2.5,1:3,1.0,37,24.32,-318.16,9681.84,1091.4,10.18,0.89,-8.6,2,8,-3.4,69.61
DOUBLE,SOL/USDT,4h,F7x2.5_S14x3.5,1:2,1.0,31,41.94,593.93,10593.93,431.06,4.09,1.3,19.16,3,4,10.77,42.67
DOUBLE,SOL/USDT,4h,F7x2.5_S14x3.5,1:3,1.0,29,31.03,373.77,10373.77,556.97,5.42,1.18,12.89,1,4,6.35,48.29
DOUBLE,SOL/USDT,4h,F7x2.5_S20x3.0,1:2,1.0,37,40.54,638.99,10638.99,675.42,6.08,1.27,17.27,2,6,9.7,60.48
DOUBLE,SOL/USDT,4h,F7x2.5_S20x3.0,1:3,1.0,33,27.27,-37.19,9962.81,969.61,9.43,0.98,-1.13,2,6,0.15,68.38
DOUBLE,SOL/USDT,4h,F7x2.5_S30x2.5,1:2,1.0,57,42.11,1264.13,11264.13,1068.7,8.67,1.32,22.18,5,5,11.92,55.78
DOUBLE,SOL/USDT,4h,F7x2.5_S30x2.5,1:3,1.0,37,27.03,89.89,10089.89,1213.7,10.88,1.03,2.43,2,11,1.79,67.51
DOUBLE,SOL/USDT,4h,F7x2.5_S30x3.5,1:2,1.0,27,33.33,-208.0,9792.0,660.26,6.48,0.89,-7.71,2,5,-3.97,58.17
DOUBLE,SOL/USDT,4h,F7x2.5_S30x3.5,1:3,1.0,26,26.92,-118.37,9881.63,950.26,9.24,0.94,-4.55,2,6,-1.51,60.57
DOUBLE,SOL/USDT,4h,F10x1.5_S14x3.0,1:2,1.0,53,41.51,1037.97,11037.97,702.37,6.66,1.3,19.58,5,4,10.75,55.37
DOUBLE,SOL/USDT,4h,F10x1.5_S14x3.0,1:3,1.0,40,37.5,1703.18,11703.18,620.1,5.1,1.58,42.58,4,5,17.37,61.74
DOUBLE,SOL/USDT,4h,F10x1.5_S20x2.5,1:2,1.0,53,28.3,-1264.86,8735.14,1758.57,16.95,0.66,-23.87,3,9,-15.24,65.5
DOUBLE,SOL/USDT,4h,F10x1.5_S20x2.5,1:3,1.0,49,22.45,-912.57,9087.43,1320.34,12.84,0.76,-18.62,2,9,-9.0,67.83
DOUBLE,SOL/USDT,4h,F10x1.5_S20x3.5,1:2,1.0,47,44.68,1116.23,11116.23,673.1,6.09,1.38,23.75,4,6,13.02,60.75
DOUBLE,SOL/USDT,4h,F10x1.5_S20x3.5,1:3,1.0,37,35.14,1136.6,11136.6,587.18,5.06,1.41,30.72,2,5,13.25,66.0
DOUBLE,SOL/USDT,4h,F10x1.5_S30x3.0,1:2,1.0,57,33.33,-564.29,9435.71,1322.65,12.43,0.86,-9.9,4,9,-5.42,53.58
DOUBLE,SOL/USDT,4h,F10x1.5_S30x3.0,1:3,1.0,44,27.27,-36.12,9963.88,868.22,8.4,0.99,-0.82,3,8,0.3,66.19
DOUBLE,SOL/USDT,4h,F10x2.0_S14x2.5,1:2,1.0,56,39.29,697.06,10697.06,575.63,5.26,1.19,12.45,3,5,7.2,52.56
DOUBLE,SOL/USDT,4h,F10x2.0_S14x2.5,1:3,1.0,36,30.56,446.11,10446.11,1158.88,10.13,1.16,12.39,2,7,6.1,60.66
DOUBLE,SOL/USDT,4h,F10x2.0_S14x3.5,1:2,1.0,45,44.44,1242.48,11242.48,1033.47,8.51,1.41,27.61,4,5,14.75,45.8
DOUBLE,SOL/USDT,4h,F10x2.0_S14x3.5,1:3,1.0,37,35.14,1144.65,11144.65,676.65,5.79,1.41,30.94,2,5,13.3,50.59
DOUBLE,SOL/USDT,4h,F10x2.0_S20x3.0,1:2,1.0,43,41.86,608.74,10608.74,635.08,5.71,1.22,14.16,6,5,8.26,44.75
DOUBLE,SOL/USDT,4h,F10x2.0_S20x3.0,1:3,1.0,31,32.26,541.43,10541.43,933.66,8.23,1.23,17.46,5,6,8.2,61.42
DOUBLE,SOL/USDT,4h,F10x2.0_S30x2.5,1:2,1.0,56,41.07,829.23,10829.23,947.02,8.32,1.23,14.81,4,8,8.45,60.55
DOUBLE,SOL/USDT,4h,F10x2.0_S30x2.5,1:3,1.0,42,23.81,-567.12,9432.88,1467.2,13.64,0.83,-13.5,2,14,-6.07,66.07
DOUBLE,SOL/USDT,4h,F10x2.0_S30x3.5,1:2,1.0,41,51.22,1837.66,11837.66,488.78,4.1,1.76,44.82,7,4,23.13,51.3
DOUBLE,SOL/USDT,4h,F10x2.0_S30x3.5,1:3,1.0,32,31.25,425.03,10425.03,671.82,6.53,1.18,13.28,2,6,6.5,64.04
DOUBLE,SOL/USDT,4h,F10x2.5_S14x3.0,1:2,1.0,37,32.43,-284.38,9715.62,949.45,9.07,0.89,-7.69,4,6,-3.92,69.63
DOUBLE,SOL/USDT,4h,F10x2.5_S14x3.0,1:3,1.0,13,23.08,-181.87,9818.13,647.59,6.19,0.83,-13.99,1,5,-5.9,86.58
DOUBLE,SOL/USDT,4h,F10x2.5_S20x2.5,1:2,1.0,59,40.68,796.6,10796.6,967.89,8.4,1.2,13.5,3,6,7.78,65.0
DOUBLE,SOL/USDT,4h,F10x2.5_S20x2.5,1:3,1.0,44,27.27,120.63,10120.63,1300.77,11.56,1.03,2.74,2,6,1.93,71.74
DOUBLE,SOL/USDT,4h,F10x2.5_S20x3.5,1:2,1.0,31,35.48,-232.73,9767.27,994.64,9.4,0.89,-7.51,4,6,-3.95,49.75
DOUBLE,SOL/USDT,4h,F10x2.5_S20x3.5,1:3,1.0,11,36.36,242.69,10242.69,340.37,3.25,1.32,22.06,1,3,10.21,75.16
DOUBLE,SOL/USDT,4h,F10x2.5_S30x3.0,1:2,1.0,42,38.1,186.09,10186.09,1167.6,10.46,1.06,4.43,4,6,3.04,59.18
DOUBLE,SOL/USDT,4h,F10x2.5_S30x3.0,1:3,1.0,36,25.0,-362.81,9637.19,779.5,7.58,0.87,-10.08,1,6,-4.25,62.47
DOUBLE,SOL/USDT,4h,F14x1.5_S20x2.5,1:2,1.0,58,29.31,-1048.14,8951.86,1712.99,16.51,0.74,-18.07,2,6,-10.83,51.6
DOUBLE,SOL/USDT,4h,F14x1.5_S20x2.5,1:3,1.0,54,24.07,-689.41,9310.59,1364.75,13.27,0.83,-12.77,2,7,-5.69,54.43
DOUBLE,SOL/USDT,4h,F14x1.5_S20x3.5,1:2,1.0,44,45.45,1356.38,11356.38,687.21,6.09,1.49,30.83,3,6,16.34,59.61
DOUBLE,SOL/USDT,4h,F14x1.5_S20x3.5,1:3,1.0,34,35.29,1052.93,11052.93,582.76,5.06,1.42,30.97,2,5,13.4,65.07
DOUBLE,SOL/USDT,4h,F14x1.5_S30x3.0,1:2,1.0,53,33.96,-267.97,9732.03,1252.82,11.53,0.93,-5.06,3,9,-2.38,53.52
DOUBLE,SOL/USDT,4h,F14x1.5_S30x3.0,1:3,1.0,41,29.27,282.25,10282.25,875.96,8.23,1.09,6.88,3,7,3.77,64.95
DOUBLE,SOL/USDT,4h,F14x2.0_S20x2.5,1:2,1.0,46,30.43,-678.13,9321.87,1679.32,15.44,0.8,-14.74,2,16,-8.46,68.61
DOUBLE,SOL/USDT,4h,F14x2.0_S20x2.5,1:3,1.0,42,26.19,-207.68,9792.32,1764.07,15.44,0.94,-4.95,2,16,-1.66,67.97
DOUBLE,SOL/USDT,4h,F14x2.0_S20x3.5,1:2,1.0,35,48.57,1400.12,11400.12,702.94,6.06,1.67,40.0,3,6,20.91,43.81
DOUBLE,SOL/USDT,4h,F14x2.0_S20x3.5,1:3,1.0,29,27.59,-69.59,9930.41,774.7,7.31,0.97,-2.4,1,6,-0.45,53.38
DOUBLE,SOL/USDT,4h,F14x2.0_S30x3.0,1:2,1.0,43,37.21,200.56,10200.56,929.6,8.45,1.07,4.66,4,8,3.16,45.09
DOUBLE,SOL/USDT,4h,F14x2.0_S30x3.0,1:3,1.0,35,28.57,124.12,10124.12,1011.3,9.19,1.05,3.55,4,8,2.3,55.32
DOUBLE,SOL/USDT,4h,F14x2.5_S20x2.5,1:2,1.0,54,35.19,5.41,10005.41,802.33,7.47,1.0,0.1,3,5,0.62,66.6
DOUBLE,SOL/USDT,4h,F14x2.5_S20x2.5,1:3,1.0,40,32.5,998.59,10998.59,705.12,6.06,1.32,24.96,2,6,10.92,71.12
DOUBLE,SOL/USDT,4h,F14x2.5_S20x3.5,1:2,1.0,30,43.33,670.98,10670.98,340.94,3.21,1.36,22.37,2,3,12.44,41.37
DOUBLE,SOL/USDT,4h,F14x2.5_S20x3.5,1:3,1.0,13,30.77,28.58,10028.58,443.0,4.28,1.03,2.2,1,4,1.66,75.11
DOUBLE,SOL/USDT,4h,F14x2.5_S30x3.0,1:2,1.0,42,35.71,76.97,10076.97,1371.72,12.19,1.03,1.83,3,12,1.59,54.22
DOUBLE,SOL/USDT,4h,F14x2.5_S30x3.0,1:3,1.0,36,22.22,-734.52,9265.48,1224.49,11.82,0.75,-20.4,1,12,-9.97,58.93
TRIPLE,SOL/USDT,4h,F7x1.5_M14x2.0_S20x3.0,1:2,1.0,61,34.43,-268.64,9731.36,1229.17,11.41,0.94,-4.4,3,10,-1.94,26.26
TRIPLE,SOL/USDT,4h,F7x1.5_M14x2.0_S20x3.0,1:3,1.0,52,17.31,-1804.92,8195.08,2213.13,21.5,0.57,-34.71,2,13,-19.66,35.27
TRIPLE,SOL/USDT,4h,F7x1.5_M14x2.0_S20x3.5,1:2,1.0,57,35.09,-135.39,9864.61,883.96,8.29,0.97,-2.38,3,7,-0.77,22.79
TRIPLE,SOL/USDT,4h,F7x1.5_M14x2.0_S20x3.5,1:3,1.0,50,22.0,-945.94,9054.06,1267.21,12.31,0.76,-18.92,2,9,-8.97,30.18
TRIPLE,SOL/USDT,4h,F7x1.5_M14x2.0_S30x3.0,1:2,1.0,59,32.2,-622.08,9377.92,1615.89,14.7,0.86,-10.54,4,11,-5.65,26.14
TRIPLE,SOL/USDT,4h,F7x1.5_M14x2.0_S30x3.0,1:3,1.0,53,18.87,-1568.61,8431.39,2185.34,20.63,0.64,-29.6,2,14,-15.84,33.93
TRIPLE,SOL/USDT,4h,F7x1.5_M14x2.0_S30x3.5,1:2,1.0,61,37.7,331.44,10331.44,1027.55,9.27,1.08,5.43,3,7,3.54,25.07
TRIPLE,SOL/USDT,4h,F7x1.5_M14x2.0_S30x3.5,1:3,1.0,53,24.53,-517.13,9482.87,1403.75,13.25,0.88,-9.76,2,9,-4.01,30.94
TRIPLE,SOL/USDT,4h,F7x1.5_M14x2.5_S20x3.0,1:2,1.0,67,37.31,266.84,10266.84,1390.29,12.3,1.06,3.98,3,9,2.76,26.99
TRIPLE,SOL/USDT,4h,F7x1.5_M14x2.5_S20x3.0,1:3,1.0,56,21.43,-1349.12,8650.88,1827.17,17.62,0.7,-24.09,2,9,-12.44,36.42
TRIPLE,SOL/USDT,4h,F7x1.5_M14x2.5_S20x3.5,1:2,1.0,57,40.35,771.07,10771.07,1341.38,11.26,1.19,13.53,4,8,7.71,19.86
TRIPLE,SOL/USDT,4h,F7x1.5_M14x2.5_S20x3.5,1:3,1.0,48,27.08,-203.94,9796.06,1032.95,9.64,0.95,-4.25,3,8,-1.31,27.56
TRIPLE,SOL/USDT,4h,F7x1.5_M14x2.5_S30x3.0,1:2,1.0,64,34.38,-288.78,9711.22,1802.82,15.91,0.94,-4.51,3,10,-2.01,24.04
TRIPLE,SOL/USDT,4h,F7x1.5_M14x2.5_S30x3.0,1:3,1.0,55,20.0,-1595.33,8404.67,2039.83,19.67,0.64,-29.01,1,10,-15.8,31.19
TRIPLE,SOL/USDT,4h,F7x1.5_M14x2.5_S30x3.5,1:2,1.0,58,39.66,658.61,10658.61,1454.87,12.21,1.16,11.36,4,8,6.61,20.59
TRIPLE,SOL/USDT,4h,F7x1.5_M14x2.5_S30x3.5,1:3,1.0,49,26.53,-308.79,9691.21,1136.53,10.61,0.92,-6.3,3,8,-2.31,27.67
TRIPLE,SOL/USDT,4h,F7x1.5_M20x2.0_S30x3.0,1:2,1.0,51,31.37,-647.65,9352.35,2028.34,17.82,0.83,-12.7,3,11,-6.96,22.92
TRIPLE,SOL/USDT,4h,F7x1.5_M20x2.0_S30x3.0,1:3,1.0,45,13.33,-2154.61,7845.39,2446.92,23.77,0.44,-47.88,1,20,-31.01,29.5
TRIPLE,SOL/USDT,4h,F7x1.5_M20x2.0_S30x3.5,1:2,1.0,50,32.0,-557.17,9442.83,1271.12,11.86,0.85,-11.14,3,6,-6.0,21.3
TRIPLE,SOL/USDT,4h,F7x1.5_M20x2.0_S30x3.5,1:3,1.0,42,14.29,-1915.85,8084.15,2208.16,21.45,0.46,-45.62,1,11,-28.36,24.22
TRIPLE,SOL/USDT,4h,F7x1.5_M20x2.5_S30x3.0,1:2,1.0,62,32.26,-649.02,9350.98,1935.14,17.42,0.86,-10.47,4,13,-5.61,24.61
TRIPLE,SOL/USDT,4h,F7x1.5_M20x2.5_S30x3.0,1:3,1.0,54,18.52,-1828.72,8171.28,2191.42,21.29,0.58,-33.87,2,16,-19.38,33.08
TRIPLE,SOL/USDT,4h,F7x1.5_M20x2.5_S30x3.5,1:2,1.0,58,34.48,-250.41,9749.59,1655.09,14.75,0.94,-4.32,4,11,-1.88,19.73
TRIPLE,SOL/USDT,4h,F7x1.5_M20x2.5_S30x3.5,1:3,1.0,50,22.0,-1136.25,8863.75,1531.25,14.88,0.72,-22.72,3,14,-11.41,26.48
TRIPLE,SOL/USDT,4h,F7x2.0_M14x2.0_S20x3.0,1:2,1.0,58,41.38,1016.18,11016.18,1381.53,11.14,1.24,17.52,4,8,9.64,29.04
TRIPLE,SOL/USDT,4h,F7x2.0_M14x2.0_S20x3.0,1:3,1.0,49,30.61,715.43,10715.43,1838.19,14.64,1.17,14.6,3,10,6.86,40.46
TRIPLE,SOL/USDT,4h,F7x2.0_M14x2.0_S20x3.5,1:2,1.0,49,42.86,1082.84,11082.84,1220.09,9.92,1.32,22.1,3,6,11.91,27.35
TRIPLE,SOL/USDT,4h,F7x2.0_M14x2.0_S20x3.5,1:3,1.0,43,32.56,987.85,10987.85,1335.45,10.84,1.28,22.97,3,7,10.11,40.23
TRIPLE,SOL/USDT,4h,F7x2.0_M14x2.0_S30x3.0,1:2,1.0,60,41.67,1106.15,11106.15,1527.84,12.09,1.25,18.44,4,9,10.08,28.38
TRIPLE,SOL/USDT,4h,F7x2.0_M14x2.0_S30x3.0,1:3,1.0,51,35.29,1812.44,11812.44,1659.11,12.47,1.43,35.54,3,9,14.49,41.07
TRIPLE,SOL/USDT,4h,F7x2.0_M14x2.0_S30x3.5,1:2,1.0,52,42.31,1049.85,11049.85,1045.59,8.64,1.29,20.19,4,5,10.99,28.84
TRIPLE,SOL/USDT,4h,F7x2.0_M14x2.0_S30x3.5,1:3,1.0,45,35.56,1643.83,11643.83,1263.02,9.85,1.45,36.53,3,7,14.94,42.24
TRIPLE,SOL/USDT,4h,F7x2.0_M14x2.5_S20x3.0,1:2,1.0,55,43.64,1373.21,11373.21,1154.18,9.21,1.35,24.97,3,7,13.19,24.38
TRIPLE,SOL/USDT,4h,F7x2.0_M14x2.5_S20x3.0,1:3,1.0,48,33.33,1267.03,11267.03,1652.19,12.79,1.32,26.4,3,9,11.31,36.55
TRIPLE,SOL/USDT,4h,F7x2.0_M14x2.5_S20x3.5,1:2,1.0,44,47.73,1685.43,11685.43,1089.82,8.53,1.58,38.31,3,6,19.5,20.64
TRIPLE,SOL/USDT,4h,F7x2.0_M14x2.5_S20x3.5,1:3,1.0,41,36.59,1667.4,11667.4,1099.6,8.61,1.51,40.67,3,7,16.39,34.43
TRIPLE,SOL/USDT,4h,F7x2.0_M14x2.5_S30x3.0,1:2,1.0,57,42.11,1120.1,11120.1,1534.72,12.13,1.27,19.65,4,9,10.68,25.55
TRIPLE,SOL/USDT,4h,F7x2.0_M14x2.5_S30x3.0,1:3,1.0,50,36.0,1928.54,11928.54,1676.08,12.47,1.47,38.57,3,9,15.51,38.79
TRIPLE,SOL/USDT,4h,F7x2.0_M14x2.5_S30x3.5,1:2,1.0,46,43.48,1096.34,11096.34,1070.59,8.8,1.34,23.83,3,7,12.77,22.01
TRIPLE,SOL/USDT,4h,F7x2.0_M14x2.5_S30x3.5,1:3,1.0,44,36.36,1753.1,11753.1,1193.82,9.25,1.49,39.84,3,9,16.06,36.05
TRIPLE,SOL/USDT,4h,F7x2.0_M20x2.0_S30x3.0,1:2,1.0,57,42.11,1130.22,11130.22,1458.11,11.64,1.28,19.83,4,9,10.77,27.01
TRIPLE,SOL/USDT,4h,F7x2.0_M20x2.0_S30x3.0,1:3,1.0,49,36.73,2066.68,12066.68,1676.91,12.47,1.51,42.18,3,9,16.73,40.3
TRIPLE,SOL/USDT,4h,F7x2.0_M20x2.0_S30x3.5,1:2,1.0,49,42.86,1073.8,11073.8,919.68,7.67,1.32,21.91,4,5,11.83,27.47
TRIPLE,SOL/USDT,4h,F7x2.0_M20x2.0_S30x3.5,1:3,1.0,43,37.21,1894.44,11894.44,1237.1,9.54,1.55,44.06,4,7,17.51,41.46
TRIPLE,SOL/USDT,4h,F7x2.0_M20x2.5_S30x3.0,1:2,1.0,55,40.0,719.94,10719.94,1564.79,12.74,1.18,13.09,4,8,7.47,26.1
TRIPLE,SOL/USDT,4h,F7x2.0_M20x2.5_S30x3.0,1:3,1.0,48,33.33,1276.8,11276.8,1799.19,13.93,1.32,26.6,3,14,11.38,38.95
TRIPLE,SOL/USDT,4h,F7x2.0_M20x2.5_S30x3.5,1:2,1.0,42,40.48,601.3,10601.3,1190.12,10.09,1.2,14.32,3,6,8.13,21.16
TRIPLE,SOL/USDT,4h,F7x2.0_M20x2.5_S30x3.5,1:3,1.0,40,32.5,904.43,10904.43,1323.45,10.82,1.28,22.61,3,8,9.98,34.82
TRIPLE,SOL/USDT,4h,F10x1.5_M14x2.0_S20x3.0,1:2,1.0,63,33.33,-477.53,9522.47,956.72,9.13,0.89,-7.58,3,8,-3.83,20.59
TRIPLE,SOL/USDT,4h,F10x1.5_M14x2.0_S20x3.0,1:3,1.0,51,23.53,-671.98,9328.02,1375.86,13.37,0.83,-13.18,2,12,-5.76,36.14
TRIPLE,SOL/USDT,4h,F10x1.5_M14x2.0_S20x3.5,1:2,1.0,62,37.1,209.51,10209.51,771.75,7.03,1.05,3.38,3,7,2.43,21.89
TRIPLE,SOL/USDT,4h,F10x1.5_M14x2.0_S20x3.5,1:3,1.0,49,24.49,-464.28,9535.72,1238.03,11.49,0.88,-9.47,2,10,-3.82,37.6
TRIPLE,SOL/USDT,4h,F10x1.5_M14x2.0_S30x3.0,1:2,1.0,64,32.81,-567.49,9432.51,1554.06,14.15,0.88,-8.87,4,8,-4.62,26.28
TRIPLE,SOL/USDT,4h,F10x1.5_M14x2.0_S30x3.0,1:3,1.0,52,25.0,-390.99,9609.01,1366.73,12.45,0.91,-7.52,2,9,-2.85,42.81
TRIPLE,SOL/USDT,4h,F10x1.5_M14x2.0_S30x3.5,1:2,1.0,67,40.3,901.96,10901.96,764.79,7.36,1.2,13.46,3,7,7.63,24.47
TRIPLE,SOL/USDT,4h,F10x1.5_M14x2.0_S30x3.5,1:3,1.0,53,26.42,-113.76,9886.24,1203.31,10.85,0.97,-2.15,2,10,-0.28,40.23
TRIPLE,SOL/USDT,4h,F10x1.5_M14x2.5_S20x3.0,1:2,1.0,73,36.99,233.46,10233.46,1583.33,13.62,1.04,3.2,4,9,2.33,22.21
TRIPLE,SOL/USDT,4h,F10x1.5_M14x2.5_S20x3.0,1:3,1.0,55,29.09,281.19,10281.19,1115.72,9.88,1.06,5.11,2,8,2.98,38.17
TRIPLE,SOL/USDT,4h,F10x1.5_M14x2.5_S20x3.5,1:2,1.0,65,38.46,505.55,10505.55,1457.13,12.38,1.11,7.78,4,7,4.75,20.66
TRIPLE,SOL/USDT,4h,F10x1.5_M14x2.5_S20x3.5,1:3,1.0,49,28.57,122.7,10122.7,1424.44,12.44,1.03,2.5,3,9,1.83,35.87
