trade_no,coin,timeframe,direction,entry_time,exit_time,entry_price_usd,entry_price_inr,stop_price_usd,target_price_usd,exit_price_usd,exit_price_inr,exit_reason,risk_pct,risk_inr,position_size_coin,position_size_inr,gross_pnl_inr,fees_inr,net_pnl_inr,net_pnl,equity_before,equity_after
1,SOL/INR,1h,LONG,2024-09-26 21:30:00+05:30,2024-09-27 00:30:00+05:30,157.86,13181.12,145.23,195.74,156.54,13071.49,INTRADAY_SQUAREOFF,0.01,100.0,0.094833,1250.0,-10.4,1.47,-11.87,-11.87,10000.0,9988.13
2,SOL/INR,1h,LONG,2024-09-27 04:30:00+05:30,2024-09-28 00:30:00+05:30,156.35,13055.18,143.84,193.87,158.4,13226.52,INTRADAY_SQUAREOFF,0.01,99.88,0.095634,1248.52,16.39,1.48,14.9,14.9,9988.13,10003.04
3,SOL/INR,1h,LONG,2024-09-28 07:30:00+05:30,2024-09-29 00:30:00+05:30,158.61,13243.77,145.92,196.67,156.67,13082.0,INTRADAY_SQUAREOFF,0.01,100.03,0.094413,1250.38,-15.27,1.47,-16.74,-16.74,10003.04,9986.3
4,SOL/INR,1h,SHORT,2024-09-29 02:30:00+05:30,2024-09-30 00:30:00+05:30,156.52,13069.33,169.04,118.95,158.22,13211.11,INTRADAY_SQUAREOFF,0.01,99.86,0.095513,1248.29,-13.54,1.48,-15.02,-15.02,9986.3,9971.27
5,SOL/INR,1h,SHORT,2024-09-30 15:30:00+05:30,2024-10-01 00:30:00+05:30,155.04,12945.47,167.44,117.83,155.06,12947.85,INTRADAY_SQUAREOFF,0.01,99.71,0.096281,1246.41,-0.23,1.47,-1.7,-1.7,9971.27,9969.57
6,SOL/INR,1h,SHORT,2024-10-01 04:30:00+05:30,2024-10-02 00:30:00+05:30,154.57,12906.76,166.94,117.47,147.46,12312.82,INTRADAY_SQUAREOFF,0.01,99.7,0.096554,1246.2,57.35,1.44,55.91,55.91,9969.57,10025.49
7,SOL/INR,1h,SHORT,2024-10-02 04:30:00+05:30,2024-10-03 00:30:00+05:30,144.02,12026.02,155.55,109.46,142.69,11914.34,INTRADAY_SQUAREOFF,0.01,100.25,0.104206,1253.19,11.64,1.47,10.17,10.17,10025.49,10035.65
8,SOL/INR,1h,SHORT,2024-10-03 11:30:00+05:30,2024-10-04 00:30:00+05:30,141.09,11780.61,152.37,107.22,136.36,11386.25,INTRADAY_SQUAREOFF,0.01,100.36,0.106485,1254.46,41.99,1.46,40.54,40.54,10035.65,10076.19
9,SOL/INR,1h,SHORT,2024-10-04 16:30:00+05:30,2024-10-05 00:30:00+05:30,139.35,11635.36,150.49,105.9,143.66,11995.9,INTRADAY_SQUAREOFF,0.01,100.76,0.10825,1259.52,-39.03,1.51,-40.54,-40.54,10076.19,10035.65
10,SOL/INR,1h,LONG,2024-10-05 06:30:00+05:30,2024-10-06 00:30:00+05:30,143.98,12022.09,132.46,178.53,142.24,11877.15,INTRADAY_SQUAREOFF,0.01,100.36,0.104346,1254.46,-15.12,1.47,-16.6,-16.6,10035.65,10019.06
11,SOL/INR,1h,LONG,2024-10-07 00:30:00+05:30,2024-10-08 00:30:00+05:30,146.0,12191.15,134.32,181.04,145.71,12167.03,INTRADAY_SQUAREOFF,0.01,100.19,0.102729,1252.38,-2.48,1.48,-3.95,-3.95,10019.06,10015.1
12,SOL/INR,1h,SHORT,2024-10-08 18:30:00+05:30,2024-10-09 00:30:00+05:30,143.54,11985.39,155.02,109.09,142.96,11936.8,INTRADAY_SQUAREOFF,0.01,100.15,0.104451,1251.89,5.08,1.47,3.6,3.6,10015.1,10018.7
13,SOL/INR,1h,SHORT,2024-10-09 04:30:00+05:30,2024-10-10 00:30:00+05:30,143.15,11953.17,154.6,108.8,140.5,11732.14,INTRADAY_SQUAREOFF,0.01,100.19,0.10477,1252.34,23.16,1.46,21.69,21.69,10018.7,10040.4
14,SOL/INR,1h,SHORT,2024-10-10 02:30:00+05:30,2024-10-11 00:30:00+05:30,138.76,11586.44,149.86,105.46,137.04,11443.13,INTRADAY_SQUAREOFF,0.01,100.4,0.108321,1255.05,15.52,1.47,14.05,14.05,10040.4,10054.45
15,SOL/INR,1h,LONG,2024-10-11 18:30:00+05:30,2024-10-12 00:30:00+05:30,143.0,11940.53,131.56,177.32,145.73,12168.76,INTRADAY_SQUAREOFF,0.01,100.54,0.105255,1256.81,24.02,1.5,22.53,22.53,10054.45,10076.97
16,SOL/INR,1h,LONG,2024-10-12 06:30:00+05:30,2024-10-13 00:30:00+05:30,146.49,12231.93,134.77,181.65,146.39,12223.55,INTRADAY_SQUAREOFF,0.01,100.77,0.102978,1259.62,-0.86,1.49,-2.35,-2.35,10076.97,10074.62
17,SOL/INR,1h,LONG,2024-10-13 04:30:00+05:30,2024-10-14 00:30:00+05:30,147.15,12287.23,135.38,182.47,145.26,12129.33,INTRADAY_SQUAREOFF,0.01,100.75,0.102491,1259.33,-16.18,1.48,-17.66,-17.66,10074.62,10056.96
18,SOL/INR,1h,LONG,2024-10-14 13:30:00+05:30,2024-10-15 00:30:00+05:30,152.95,12771.37,140.71,189.66,155.75,13005.05,INTRADAY_SQUAREOFF,0.01,100.57,0.098433,1257.12,23.0,1.5,21.5,21.5,10056.96,10078.47
19,SOL/INR,1h,LONG,2024-10-15 04:30:00+05:30,2024-10-16 00:30:00+05:30,157.62,13161.61,145.01,195.45,155.12,12952.62,INTRADAY_SQUAREOFF,0.01,100.78,0.095718,1259.81,-20.0,1.47,-21.48,-21.48,10078.47,10056.99
20,SOL/INR,1h,SHORT,2024-10-17 17:30:00+05:30,2024-10-18 00:30:00+05:30,151.14,12620.12,163.23,114.87,148.61,12408.76,INTRADAY_SQUAREOFF,0.01,100.57,0.099613,1257.12,21.05,1.47,19.58,19.58,10056.99,10076.57
21,SOL/INR,1h,SHORT,2024-10-18 06:30:00+05:30,2024-10-19 00:30:00+05:30,149.63,12494.25,161.6,113.72,156.15,13038.29,INTRADAY_SQUAREOFF,0.01,100.77,0.100812,1259.57,-54.85,1.52,-56.36,-56.36,10076.57,10020.21
22,SOL/INR,1h,LONG,2024-10-19 05:30:00+05:30,2024-10-20 00:30:00+05:30,155.13,12953.49,142.72,192.36,155.85,13013.72,INTRADAY_SQUAREOFF,0.01,100.2,0.096694,1252.53,5.82,1.48,4.34,4.34,10020.21,10024.55
23,SOL/INR,1h,LONG,2024-10-20 15:30:00+05:30,2024-10-21 00:30:00+05:30,159.42,13311.36,146.66,197.68,160.34,13388.54,INTRADAY_SQUAREOFF,0.01,100.25,0.094135,1253.07,7.27,1.48,5.78,5.78,10024.55,10030.33
24,SOL/INR,1h,LONG,2024-10-21 02:30:00+05:30,2024-10-22 00:30:00+05:30,162.91,13603.18,149.88,202.01,165.67,13833.82,INTRADAY_SQUAREOFF,0.01,100.3,0.092169,1253.79,21.26,1.49,19.77,19.77,10030.33,10050.1
25,SOL/INR,1h,SHORT,2024-10-22 05:30:00+05:30,2024-10-23 00:30:00+05:30,166.13,13871.8,179.42,126.26,168.0,14027.84,INTRADAY_SQUAREOFF,0.01,100.5,0.090562,1256.26,-14.13,1.49,-15.62,-15.62,10050.1,10034.48
26,SOL/INR,1h,LONG,2024-10-24 06:30:00+05:30,2024-10-25 00:30:00+05:30,172.62,14414.06,158.81,214.05,175.89,14687.0,INTRADAY_SQUAREOFF,0.01,100.34,0.08702,1254.31,23.75,1.49,22.26,22.26,10034.48,10056.73
27,SOL/INR,1h,LONG,2024-10-25 04:30:00+05:30,2024-10-26 00:30:00+05:30,179.08,14952.79,164.75,222.05,169.64,14165.33,INTRADAY_SQUAREOFF,0.01,100.57,0.084071,1257.09,-66.2,1.44,-67.65,-67.65,10056.73,9989.09
28,SOL/INR,1h,SHORT,2024-10-26 04:30:00+05:30,2024-10-27 00:30:00+05:30,163.91,13686.76,177.03,124.57,169.87,14184.24,INTRADAY_SQUAREOFF,0.01,99.89,0.091229,1248.64,-45.38,1.5,-46.89,-46.89,9989.09,9942.2
29,SOL/INR,1h,LONG,2024-10-27 07:30:00+05:30,2024-10-28 00:30:00+05:30,172.24,14382.36,158.46,213.58,175.6,14663.01,INTRADAY_SQUAREOFF,0.01,99.42,0.08641,1242.78,24.25,1.48,22.77,22.77,9942.2,9964.97
30,SOL/INR,1h,LONG,2024-10-28 04:30:00+05:30,2024-10-29 00:30:00+05:30,177.96,14859.98,163.73,220.68,175.27,14635.11,INTRADAY_SQUAREOFF,0.01,99.65,0.083824,1245.62,-18.85,1.46,-20.31,-20.31,9964.97,9944.66
31,SOL/INR,1h,LONG,2024-10-29 09:30:00+05:30,2024-10-30 00:30:00+05:30,181.63,15166.17,167.1,225.22,181.44,15150.45,INTRADAY_SQUAREOFF,0.01,99.45,0.081964,1243.08,-1.29,1.47,-2.75,-2.75,9944.66,9941.91
32,SOL/INR,1h,SHORT,2024-10-31 00:30:00+05:30,2024-11-01 00:30:00+05:30,174.01,14530.19,187.94,132.25,169.53,14155.83,INTRADAY_SQUAREOFF,0.01,99.42,0.085528,1242.74,32.02,1.45,30.57,30.57,9941.91,9972.48
33,SOL/INR,1h,SHORT,2024-11-01 05:30:00+05:30,2024-11-02 00:30:00+05:30,168.3,14052.84,181.76,127.91,166.15,13873.84,INTRADAY_SQUAREOFF,0.01,99.72,0.088705,1246.56,15.88,1.46,14.42,14.42,9972.48,9986.9
34,SOL/INR,1h,SHORT,2024-11-02 02:30:00+05:30,2024-11-03 00:30:00+05:30,165.52,13821.05,178.76,125.8,164.15,13706.44,INTRADAY_SQUAREOFF,0.01,99.87,0.090323,1248.36,10.35,1.47,8.88,8.88,9986.9,9995.78
35,SOL/INR,1h,SHORT,2024-11-03 15:30:00+05:30,2024-11-04 00:30:00+05:30,162.66,13582.46,175.68,123.62,158.96,13272.79,INTRADAY_SQUAREOFF,0.01,99.96,0.091992,1249.47,28.49,1.46,27.03,27.03,9995.78,10022.81
36,SOL/INR,1h,SHORT,2024-11-05 00:30:00+05:30,2024-11-06 00:30:00+05:30,159.05,13281.06,171.78,120.88,167.14,13956.35,INTRADAY_SQUAREOFF,0.01,100.23,0.094334,1252.85,-63.7,1.52,-65.22,-65.22,10022.81,9957.59
37,SOL/INR,1h,LONG,2024-11-06 04:30:00+05:30,2024-11-07 00:30:00+05:30,167.29,13968.39,153.9,207.43,187.45,15652.31,INTRADAY_SQUAREOFF,0.01,99.58,0.089108,1244.7,150.05,1.56,148.49,148.49,9957.59,10106.08
38,SOL/INR,1h,LONG,2024-11-07 03:30:00+05:30,2024-11-08 00:30:00+05:30,189.96,15861.48,174.76,235.55,196.95,16445.0,INTRADAY_SQUAREOFF,0.01,101.06,0.079643,1263.26,46.47,1.52,44.96,44.96,10106.08,10151.04
39,SOL/INR,1h,LONG,2024-11-08 02:30:00+05:30,2024-11-09 00:30:00+05:30,197.69,16507.41,181.88,245.14,199.78,16681.22,INTRADAY_SQUAREOFF,0.01,101.51,0.076867,1268.88,13.36,1.51,11.85,11.85,10151.04,10162.89
40,SOL/INR,1h,LONG,2024-11-10 10:30:00+05:30,2024-11-11 00:30:00+05:30,205.01,17118.13,188.61,254.21,212.43,17738.07,INTRADAY_SQUAREOFF,0.01,101.63,0.074211,1270.36,46.01,1.53,44.48,44.48,10162.89,10207.38
41,SOL/INR,1h,LONG,2024-11-12 05:30:00+05:30,2024-11-13 00:30:00+05:30,223.33,18648.17,205.46,276.93,213.38,17817.38,INTRADAY_SQUAREOFF,0.01,102.07,0.068421,1275.92,-56.84,1.47,-58.32,-58.32,10207.38,10149.06
42,SOL/INR,1h,SHORT,2024-11-13 05:30:00+05:30,2024-11-14 00:30:00+05:30,212.09,17709.22,229.05,161.19,219.78,18351.86,INTRADAY_SQUAREOFF,0.01,101.49,0.071637,1268.63,-46.04,1.52,-47.56,-47.56,10149.06,10101.5
43,SOL/INR,1h,LONG,2024-11-14 04:30:00+05:30,2024-11-15 00:30:00+05:30,214.2,17885.56,197.06,265.61,214.42,17904.12,INTRADAY_SQUAREOFF,0.01,101.01,0.070598,1262.69,1.31,1.49,-0.18,-0.18,10101.5,10101.32
44,SOL/INR,1h,SHORT,2024-11-15 20:30:00+05:30,2024-11-16 00:30:00+05:30,210.6,17584.79,227.44,160.05,210.79,17600.64,INTRADAY_SQUAREOFF,0.01,101.01,0.071804,1262.66,-1.14,1.49,-2.63,-2.63,10101.32,10098.69
45,SOL/INR,1h,LONG,2024-11-16 07:30:00+05:30,2024-11-17 00:30:00+05:30,218.99,18286.07,201.48,271.55,216.65,18090.53,INTRADAY_SQUAREOFF,0.01,100.99,0.069033,1262.34,-13.5,1.48,-14.98,-14.98,10098.69,10083.71
46,SOL/INR,1h,LONG,2024-11-17 03:30:00+05:30,2024-11-18 00:30:00+05:30,217.19,18135.6,199.82,269.32,232.6,19421.9,INTRADAY_SQUAREOFF,0.01,100.84,0.069502,1260.46,89.4,1.54,87.86,87.86,10083.71,10171.57
47,SOL/INR,1h,LONG,2024-11-18 05:30:00+05:30,2024-11-19 00:30:00+05:30,238.14,19884.67,219.09,295.29,238.55,19919.09,INTRADAY_SQUAREOFF,0.01,101.72,0.063941,1271.45,2.2,1.5,0.7,0.7,10171.57,10172.27
48,SOL/INR,1h,LONG,2024-11-19 08:30:00+05:30,2024-11-20 00:30:00+05:30,241.29,20147.49,221.98,299.2,243.99,20372.92,INTRADAY_SQUAREOFF,0.01,101.72,0.063111,1271.53,14.23,1.51,12.72,12.72,10172.27,10184.99
49,SOL/INR,1h,SHORT,2024-11-20 07:30:00+05:30,2024-11-21 00:30:00+05:30,234.82,19607.64,253.61,178.46,233.78,19520.25,INTRADAY_SQUAREOFF,0.01,101.85,0.06493,1273.12,5.67,1.5,4.18,4.18,10184.99,10189.16
50,SOL/INR,1h,SHORT,2024-11-21 08:30:00+05:30,2024-11-21 19:30:00+05:30,230.23,19224.26,248.65,174.98,248.77,20772.58,STOP_LOSS,0.01,101.89,0.066252,1273.65,-102.58,1.56,-104.14,-104.14,10189.16,10085.02
51,SOL/INR,1h,LONG,2024-11-21 22:30:00+05:30,2024-11-22 00:30:00+05:30,254.86,21280.8,234.47,316.03,258.48,21582.99,INTRADAY_SQUAREOFF,0.01,100.85,0.059238,1260.63,17.9,1.5,16.4,16.4,10085.02,10101.42
52,SOL/INR,1h,LONG,2024-11-22 04:30:00+05:30,2024-11-23 00:30:00+05:30,255.43,21328.16,234.99,316.73,252.54,21087.47,INTRADAY_SQUAREOFF,0.01,101.01,0.059202,1262.68,-14.25,1.48,-15.73,-15.73,10101.42,10085.69
53,SOL/INR,1h,LONG,2024-11-23 09:30:00+05:30,2024-11-24 00:30:00+05:30,257.29,21484.02,236.71,319.04,256.43,21411.7,INTRADAY_SQUAREOFF,0.01,100.86,0.058681,1260.71,-4.24,1.49,-5.73,-5.73,10085.69,10079.96
54,SOL/INR,1h,SHORT,2024-11-25 12:30:00+05:30,2024-11-26 00:30:00+05:30,251.98,21040.39,272.14,191.51,240.07,20045.65,INTRADAY_SQUAREOFF,0.01,100.8,0.059885,1260.0,59.57,1.45,58.12,58.12,10079.96,10138.08
55,SOL/INR,1h,SHORT,2024-11-26 13:30:00+05:30,2024-11-27 00:30:00+05:30,235.29,19646.82,254.11,178.82,226.93,18948.69,INTRADAY_SQUAREOFF,0.01,101.38,0.064502,1267.26,45.03,1.47,43.56,43.56,10138.08,10181.64
56,SOL/INR,1h,SHORT,2024-11-27 06:30:00+05:30,2024-11-28 00:30:00+05:30,229.51,19164.39,247.87,174.43,240.13,20051.2,INTRADAY_SQUAREOFF,0.01,101.82,0.06641,1272.71,-58.89,1.54,-60.43,-60.43,10181.64,10121.22
57,SOL/INR,1h,LONG,2024-11-28 02:30:00+05:30,2024-11-29 00:30:00+05:30,242.94,20285.3,223.5,301.24,236.6,19756.31,INTRADAY_SQUAREOFF,0.01,101.21,0.062368,1265.15,-32.99,1.47,-34.47,-34.47,10121.22,10086.75
58,SOL/INR,1h,LONG,2024-11-30 02:30:00+05:30,2024-12-01 00:30:00+05:30,243.08,20297.28,223.63,301.42,239.64,20009.6,INTRADAY_SQUAREOFF,0.01,100.87,0.062119,1260.84,-17.87,1.48,-19.35,-19.35,10086.75,10067.4
59,SOL/INR,1h,SHORT,2024-12-02 00:30:00+05:30,2024-12-03 00:30:00+05:30,236.17,19720.57,255.07,179.49,223.7,18678.94,INTRADAY_SQUAREOFF,0.01,100.67,0.063813,1258.43,66.47,1.45,65.02,65.02,10067.4,10132.43
60,SOL/INR,1h,SHORT,2024-12-03 07:30:00+05:30,2024-12-04 00:30:00+05:30,224.14,18715.32,242.07,170.34,227.3,18979.14,INTRADAY_SQUAREOFF,0.01,101.32,0.067675,1266.55,-17.85,1.51,-19.36,-19.36,10132.43,10113.07
61,SOL/INR,1h,LONG,2024-12-04 07:30:00+05:30,2024-12-05 00:30:00+05:30,239.54,20002.0,220.38,297.04,230.16,19218.58,INTRADAY_SQUAREOFF,0.01,101.13,0.0632,1264.13,-49.51,1.46,-50.97,-50.97,10113.07,10062.09
62,SOL/INR,1h,SHORT,2024-12-05 04:30:00+05:30,2024-12-06 00:30:00+05:30,229.32,19148.29,247.67,174.28,237.21,19806.8,INTRADAY_SQUAREOFF,0.01,100.62,0.065685,1257.76,-43.25,1.51,-44.76,-44.76,10062.09,10017.33
63,SOL/INR,1h,LONG,2024-12-06 20:30:00+05:30,2024-12-07 00:30:00+05:30,237.95,19868.55,218.91,295.05,239.41,19990.81,INTRADAY_SQUAREOFF,0.01,100.17,0.063023,1252.17,7.7,1.48,6.22,6.22,10017.33,10023.55
64,SOL/INR,1h,LONG,2024-12-07 12:30:00+05:30,2024-12-08 00:30:00+05:30,236.37,19737.05,217.46,293.1,241.92,20200.17,INTRADAY_SQUAREOFF,0.01,100.24,0.063482,1252.94,29.4,1.5,27.9,27.9,10023.55,10051.45
65,SOL/INR,1h,LONG,2024-12-08 08:30:00+05:30,2024-12-09 00:30:00+05:30,241.54,20168.46,222.22,299.51,235.26,19644.53,INTRADAY_SQUAREOFF,0.01,100.51,0.062297,1256.43,-32.64,1.46,-34.1,-34.1,10051.45,10017.35
66,SOL/INR,1h,SHORT,2024-12-09 06:30:00+05:30,2024-12-10 00:30:00+05:30,233.35,19484.8,252.02,177.35,224.91,18779.6,INTRADAY_SQUAREOFF,0.01,100.17,0.064264,1252.17,45.32,1.45,43.87,43.87,10017.35,10061.22
67,SOL/INR,1h,SHORT,2024-12-10 08:30:00+05:30,2024-12-11 00:30:00+05:30,213.35,17814.97,230.42,162.15,209.05,17455.56,INTRADAY_SQUAREOFF,0.01,100.61,0.070595,1257.65,25.37,1.47,23.9,23.9,10061.22,10085.12
68,SOL/INR,1h,SHORT,2024-12-11 07:30:00+05:30,2024-12-11 20:30:00+05:30,212.34,17730.37,229.33,161.38,229.44,19158.38,STOP_LOSS,0.01,100.85,0.071101,1260.64,-101.53,1.55,-103.08,-103.08,10085.12,9982.04
69,SOL/INR,1h,LONG,2024-12-12 08:30:00+05:30,2024-12-13 00:30:00+05:30,229.19,19137.44,210.86,284.2,231.55,19334.21,INTRADAY_SQUAREOFF,0.01,99.82,0.0652,1247.76,12.83,1.48,11.35,11.35,9982.04,9993.39
70,SOL/INR,1h,SHORT,2024-12-14 16:30:00+05:30,2024-12-15 00:30:00+05:30,224.82,18772.48,242.81,170.86,217.88,18193.33,INTRADAY_SQUAREOFF,0.01,99.93,0.066543,1249.17,38.54,1.45,37.09,37.09,9993.39,10030.48
71,SOL/INR,1h,SHORT,2024-12-15 02:30:00+05:30,2024-12-16 00:30:00+05:30,215.24,17972.42,232.46,163.58,221.04,18456.97,INTRADAY_SQUAREOFF,0.01,100.3,0.069763,1253.81,-33.8,1.5,-35.3,-35.3,10030.48,9995.18
72,SOL/INR,1h,SHORT,2024-12-16 02:30:00+05:30,2024-12-17 00:30:00+05:30,220.33,18397.8,237.96,167.45,221.63,18505.93,INTRADAY_SQUAREOFF,0.01,99.95,0.06791,1249.4,-7.34,1.48,-8.82,-8.82,9995.18,9986.36
73,SOL/INR,1h,LONG,2024-12-17 18:30:00+05:30,2024-12-18 00:30:00+05:30,227.37,18985.7,209.18,281.94,227.52,18997.66,INTRADAY_SQUAREOFF,0.01,99.86,0.065749,1248.29,0.79,1.47,-0.69,-0.69,9986.36,9985.67
74,SOL/INR,1h,SHORT,2024-12-19 07:30:00+05:30,2024-12-20 00:30:00+05:30,203.82,17019.26,220.13,154.91,194.13,16209.59,INTRADAY_SQUAREOFF,0.01,99.86,0.073341,1248.21,59.38,1.44,57.94,57.94,9985.67,10043.61
75,SOL/INR,1h,SHORT,2024-12-20 05:30:00+05:30,2024-12-21 00:30:00+05:30,193.73,16176.48,209.23,147.24,191.01,15949.64,INTRADAY_SQUAREOFF,0.01,100.44,0.07761,1255.45,17.61,1.47,16.13,16.13,10043.61,10059.75
76,SOL/INR,1h,SHORT,2024-12-21 22:30:00+05:30,2024-12-22 00:30:00+05:30,184.01,15365.06,198.73,139.85,182.0,15196.87,INTRADAY_SQUAREOFF,0.01,100.6,0.081839,1257.47,13.76,1.48,12.29,12.29,10059.75,10072.04
77,SOL/INR,1h,SHORT,2024-12-22 10:30:00+05:30,2024-12-23 00:30:00+05:30,180.18,15044.92,194.59,136.94,182.11,15206.57,INTRADAY_SQUAREOFF,0.01,100.72,0.083683,1259.0,-13.53,1.49,-15.02,-15.02,10072.04,10057.02
78,SOL/INR,1h,LONG,2024-12-24 09:30:00+05:30,2024-12-25 00:30:00+05:30,189.72,15841.48,174.54,235.25,196.43,16402.15,INTRADAY_SQUAREOFF,0.01,100.57,0.079357,1257.13,44.49,1.51,42.98,42.98,10057.02,10100.0
79,SOL/INR,1h,LONG,2024-12-25 03:30:00+05:30,2024-12-26 00:30:00+05:30,196.75,16428.76,181.01,243.97,197.91,16525.55,INTRADAY_SQUAREOFF,0.01,101.0,0.076847,1262.5,7.44,1.49,5.94,5.94,10100.0,10105.94
80,SOL/INR,1h,SHORT,2024-12-26 18:30:00+05:30,2024-12-27 00:30:00+05:30,188.69,15755.53,203.78,143.4,189.22,15799.69,INTRADAY_SQUAREOFF,0.01,101.06,0.080178,1263.24,-3.54,1.49,-5.03,-5.03,10105.94,10100.91
81,SOL/INR,1h,SHORT,2024-12-27 13:30:00+05:30,2024-12-28 00:30:00+05:30,186.33,15558.86,201.24,141.61,186.77,15594.89,INTRADAY_SQUAREOFF,0.01,101.01,0.081151,1262.61,-2.92,1.49,-4.42,-4.42,10100.91,10096.49
82,SOL/INR,1h,SHORT,2024-12-28 02:30:00+05:30,2024-12-29 00:30:00+05:30,185.14,15459.01,199.95,140.7,193.51,16158.49,INTRADAY_SQUAREOFF,0.01,100.96,0.081639,1262.06,-57.11,1.52,-58.63,-58.63,10096.49,10037.87
83,SOL/INR,1h,LONG,2024-12-29 04:30:00+05:30,2024-12-30 00:30:00+05:30,195.47,16321.38,179.83,242.38,192.66,16087.29,INTRADAY_SQUAREOFF,0.01,100.38,0.076877,1254.73,-18.0,1.47,-19.47,-19.47,10037.87,10018.4
84,SOL/INR,1h,SHORT,2024-12-30 09:30:00+05:30,2024-12-31 00:30:00+05:30,190.7,15923.6,205.96,144.93,194.42,16234.41,INTRADAY_SQUAREOFF,0.01,100.18,0.078644,1252.3,-24.44,1.49,-25.94,-25.94,10018.4,9992.46
85,SOL/INR,1h,LONG,2024-12-31 13:30:00+05:30,2025-01-01 00:30:00+05:30,189.9,15856.86,174.71,235.48,194.3,16223.74,INTRADAY_SQUAREOFF,0.01,99.92,0.078771,1249.06,28.9,1.49,27.41,27.41,9992.46,10019.87
86,SOL/INR,1h,SHORT,2025-01-01 09:30:00+05:30,2025-01-02 00:30:00+05:30,189.77,15845.92,204.95,144.23,191.33,15975.81,INTRADAY_SQUAREOFF,0.01,100.2,0.079041,1252.48,-10.27,1.48,-11.75,-11.75,10019.87,10008.12
87,SOL/INR,1h,LONG,2025-01-02 06:30:00+05:30,2025-01-03 00:30:00+05:30,196.57,16413.19,180.84,243.74,206.03,17203.16,INTRADAY_SQUAREOFF,0.01,100.08,0.07622,1251.02,60.21,1.51,58.7,58.7,10008.12,10066.82
88,SOL/INR,1h,LONG,2025-01-03 05:30:00+05:30,2025-01-04 00:30:00+05:30,208.22,17386.17,191.56,258.19,217.81,18187.11,INTRADAY_SQUAREOFF,0.01,100.67,0.072377,1258.35,57.97,1.52,56.45,56.45,10066.82,10123.27
89,SOL/INR,1h,LONG,2025-01-04 05:30:00+05:30,2025-01-05 00:30:00+05:30,217.87,18192.18,200.44,270.16,215.39,17985.4,INTRADAY_SQUAREOFF,0.01,101.23,0.069558,1265.41,-14.38,1.48,-15.87,-15.87,10123.27,10107.41
90,SOL/INR,1h,LONG,2025-01-05 04:30:00+05:30,2025-01-06 00:30:00+05:30,217.14,18131.28,199.77,269.25,212.29,17726.4,INTRADAY_SQUAREOFF,0.01,101.07,0.069682,1263.43,-28.21,1.47,-29.69,-29.69,10107.41,10077.72
91,SOL/INR,1h,SHORT,2025-01-06 06:30:00+05:30,2025-01-07 00:30:00+05:30,212.12,17712.27,229.09,161.21,219.15,18299.15,INTRADAY_SQUAREOFF,0.01,100.78,0.071121,1259.71,-41.74,1.51,-43.25,-43.25,10077.72,10034.47
92,SOL/INR,1h,LONG,2025-01-07 14:30:00+05:30,2025-01-08 00:30:00+05:30,216.8,18102.73,199.46,268.83,204.92,17111.21,INTRADAY_SQUAREOFF,0.01,100.34,0.069288,1254.31,-68.7,1.44,-70.14,-70.14,10034.47,9964.33
93,SOL/INR,1h,SHORT,2025-01-08 08:30:00+05:30,2025-01-09 00:30:00+05:30,200.48,16740.15,216.52,152.37,194.36,16229.45,INTRADAY_SQUAREOFF,0.01,99.64,0.074404,1245.54,38.0,1.45,36.55,36.55,9964.33,10000.88
94,SOL/INR,1h,SHORT,2025-01-09 09:30:00+05:30,2025-01-10 00:30:00+05:30,194.22,16217.77,209.76,147.61,188.75,15760.91,INTRADAY_SQUAREOFF,0.01,100.01,0.077083,1250.11,35.22,1.45,33.76,33.76,10000.88,10034.64
95,SOL/INR,1h,SHORT,2025-01-10 19:30:00+05:30,2025-01-11 00:30:00+05:30,185.76,15510.57,200.62,141.17,190.28,15888.56,INTRADAY_SQUAREOFF,0.01,100.35,0.080869,1254.33,-30.57,1.5,-32.07,-32.07,10034.64,10002.57
96,SOL/INR,1h,SHORT,2025-01-11 07:30:00+05:30,2025-01-12 00:30:00+05:30,185.92,15524.72,200.8,141.3,187.7,15672.89,INTRADAY_SQUAREOFF,0.01,100.03,0.080537,1250.32,-11.93,1.48,-13.42,-13.42,10002.57,9989.16
97,SOL/INR,1h,LONG,2025-01-12 08:30:00+05:30,2025-01-13 00:30:00+05:30,188.44,15735.01,173.37,233.67,189.23,15800.45,INTRADAY_SQUAREOFF,0.01,99.89,0.079355,1248.64,5.19,1.48,3.72,3.72,9989.16,9992.87
98,SOL/INR,1h,LONG,2025-01-13 06:30:00+05:30,2025-01-13 16:30:00+05:30,191.84,16018.79,176.49,237.88,176.41,14729.92,STOP_LOSS,0.01,99.93,0.077978,1249.11,-100.5,1.41,-101.92,-101.92,9992.87,9890.96
99,SOL/INR,1h,LONG,2025-01-14 14:30:00+05:30,2025-01-15 00:30:00+05:30,187.35,15644.05,172.37,232.32,186.45,15568.81,INTRADAY_SQUAREOFF,0.01,98.91,0.079031,1236.37,-5.95,1.46,-7.4,-7.4,9890.96,9883.55
100,SOL/INR,1h,LONG,2025-01-15 04:30:00+05:30,2025-01-16 00:30:00+05:30,188.74,15759.63,173.64,234.04,201.29,16807.6,INTRADAY_SQUAREOFF,0.01,98.84,0.078393,1235.44,82.15,1.51,80.65,80.65,9883.55,9964.2
101,SOL/INR,1h,LONG,2025-01-16 04:30:00+05:30,2025-01-17 00:30:00+05:30,204.7,17092.28,188.32,253.83,212.42,17737.46,INTRADAY_SQUAREOFF,0.01,99.64,0.072871,1245.53,47.02,1.5,45.52,45.52,9964.2,10009.72
102,SOL/INR,1h,LONG,2025-01-17 07:30:00+05:30,2025-01-18 00:30:00+05:30,214.86,17940.94,197.67,266.43,216.51,18078.39,INTRADAY_SQUAREOFF,0.01,100.1,0.069741,1251.21,9.59,1.48,8.1,8.1,10009.72,10017.82
103,SOL/INR,1h,LONG,2025-01-18 08:30:00+05:30,2025-01-19 00:30:00+05:30,221.58,18502.16,203.86,274.76,253.78,21190.96,INTRADAY_SQUAREOFF,0.01,100.18,0.06768,1252.23,181.98,1.58,180.39,180.39,10017.82,10198.22
104,SOL/INR,1h,LONG,2025-01-19 05:30:00+05:30,2025-01-20 00:30:00+05:30,263.58,22008.96,242.49,326.84,271.55,22674.59,INTRADAY_SQUAREOFF,0.01,101.98,0.057921,1274.78,38.55,1.53,37.03,37.03,10198.22,10235.24
105,SOL/INR,1h,LONG,2025-01-20 02:30:00+05:30,2025-01-20 04:30:00+05:30,277.26,23151.15,255.08,343.8,254.95,21288.41,STOP_LOSS,0.01,102.35,0.055263,1279.41,-102.94,1.45,-104.39,-104.39,10235.24,10130.85
106,SOL/INR,1h,SHORT,2025-01-20 08:30:00+05:30,2025-01-20 11:30:00+05:30,231.77,19353.19,250.32,176.15,250.44,20911.9,STOP_LOSS,0.01,101.31,0.065434,1266.36,-101.99,1.55,-103.55,-103.55,10130.85,10027.31
107,SOL/INR,1h,SHORT,2025-01-20 16:30:00+05:30,2025-01-21 00:30:00+05:30,259.2,21643.31,279.94,196.99,249.47,20831.11,INTRADAY_SQUAREOFF,0.01,100.27,0.057912,1253.41,47.04,1.45,45.58,45.58,10027.31,10072.89
108,SOL/INR,1h,SHORT,2025-01-21 05:30:00+05:30,2025-01-22 00:30:00+05:30,241.99,20206.14,261.35,183.91,259.71,21685.39,INTRADAY_SQUAREOFF,0.01,100.73,0.062313,1259.11,-92.18,1.54,-93.72,-93.72,10072.89,9979.17
109,SOL/INR,1h,LONG,2025-01-22 06:30:00+05:30,2025-01-23 00:30:00+05:30,252.93,21119.95,232.7,313.64,253.91,21201.89,INTRADAY_SQUAREOFF,0.01,99.79,0.059062,1247.4,4.84,1.47,3.36,3.36,9979.17,9982.54
110,SOL/INR,1h,SHORT,2025-01-23 14:30:00+05:30,2025-01-24 00:30:00+05:30,245.96,20537.27,265.63,186.93,250.69,20932.24,INTRADAY_SQUAREOFF,0.01,99.83,0.060759,1247.82,-24.0,1.49,-25.48,-25.48,9982.54,9957.05
111,SOL/INR,1h,SHORT,2025-01-24 03:30:00+05:30,2025-01-24 13:30:00+05:30,245.12,20467.55,264.73,186.29,264.86,22116.01,STOP_LOSS,0.01,99.57,0.06081,1244.63,-100.24,1.53,-101.77,-101.77,9957.05,9855.28
112,SOL/INR,1h,LONG,2025-01-24 17:30:00+05:30,2025-01-25 00:30:00+05:30,267.09,22302.33,245.73,331.2,262.73,21937.92,INTRADAY_SQUAREOFF,0.01,98.55,0.055237,1231.91,-20.13,1.44,-21.57,-21.57,9855.28,9833.71
113,SOL/INR,1h,SHORT,2025-01-25 12:30:00+05:30,2025-01-26 00:30:00+05:30,246.81,20608.42,266.55,187.57,258.59,21591.94,INTRADAY_SQUAREOFF,0.01,98.34,0.059646,1229.21,-58.66,1.49,-60.15,-60.15,9833.71,9773.56
114,SOL/INR,1h,LONG,2025-01-26 04:30:00+05:30,2025-01-27 00:30:00+05:30,259.25,21647.52,238.51,321.47,256.63,21428.6,INTRADAY_SQUAREOFF,0.01,97.74,0.056436,1221.7,-12.36,1.43,-13.79,-13.79,9773.56,9759.77
115,SOL/INR,1h,SHORT,2025-01-27 10:30:00+05:30,2025-01-28 00:30:00+05:30,230.76,19268.13,249.22,175.37,224.71,18763.5,INTRADAY_SQUAREOFF,0.01,97.6,0.063316,1219.97,31.95,1.42,30.53,30.53,9759.77,9790.3
116,SOL/INR,1h,SHORT,2025-01-29 15:30:00+05:30,2025-01-30 00:30:00+05:30,231.01,19289.18,249.49,175.57,230.28,19228.78,INTRADAY_SQUAREOFF,0.01,97.9,0.063444,1223.79,3.83,1.44,2.39,2.39,9790.3,9792.69
117,SOL/INR,1h,LONG,2025-01-30 07:30:00+05:30,2025-01-31 00:30:00+05:30,235.24,19642.82,216.42,291.7,240.99,20122.53,INTRADAY_SQUAREOFF,0.01,97.93,0.062317,1224.09,29.89,1.46,28.43,28.43,9792.69,9821.13
118,SOL/INR,1h,LONG,2025-01-31 21:30:00+05:30,2025-02-01 00:30:00+05:30,240.89,20114.37,221.62,298.7,230.68,19261.45,INTRADAY_SQUAREOFF,0.01,98.21,0.061033,1227.64,-52.06,1.42,-53.47,-53.47,9821.13,9767.65
119,SOL/INR,1h,SHORT,2025-02-01 20:30:00+05:30,2025-02-02 00:30:00+05:30,225.29,18811.66,243.31,171.22,224.85,18774.96,INTRADAY_SQUAREOFF,0.01,97.68,0.064904,1220.96,2.38,1.44,0.94,0.94,9767.65,9768.6
120,SOL/INR,1h,SHORT,2025-02-02 09:30:00+05:30,2025-02-03 00:30:00+05:30,207.57,17331.88,224.17,157.75,197.23,16468.35,INTRADAY_SQUAREOFF,0.01,97.69,0.070453,1221.07,60.84,1.4,59.43,59.43,9768.6,9828.03
121,SOL/INR,1h,SHORT,2025-02-03 07:30:00+05:30,2025-02-03 09:30:00+05:30,182.6,15246.73,197.2,138.77,197.3,16474.71,STOP_LOSS,0.01,98.28,0.080575,1228.5,-98.94,1.51,-100.45,-100.45,9828.03,9727.58
122,SOL/INR,1h,SHORT,2025-02-03 15:30:00+05:30,2025-02-03 23:30:00+05:30,194.4,16232.13,209.95,147.74,210.05,17539.47,STOP_LOSS,0.01,97.28,0.07491,1215.95,-97.93,1.49,-99.42,-99.42,9727.58,9628.15
123,SOL/INR,1h,LONG,2025-02-04 03:30:00+05:30,2025-02-05 00:30:00+05:30,217.88,18192.95,200.45,270.17,214.11,17878.25,INTRADAY_SQUAREOFF,0.01,96.28,0.066153,1203.52,-20.82,1.41,-22.23,-22.23,9628.15,9605.93
124,SOL/INR,1h,SHORT,2025-02-05 07:30:00+05:30,2025-02-06 00:30:00+05:30,205.81,17185.16,222.28,156.42,197.67,16505.65,INTRADAY_SQUAREOFF,0.01,96.06,0.069871,1200.74,47.48,1.39,46.09,46.09,9605.93,9652.01
125,SOL/INR,1h,SHORT,2025-02-06 04:30:00+05:30,2025-02-07 00:30:00+05:30,195.78,16347.81,211.44,148.79,190.38,15896.45,INTRADAY_SQUAREOFF,0.01,96.52,0.073802,1206.5,33.31,1.4,31.91,31.91,9652.01,9683.92
126,SOL/INR,1h,SHORT,2025-02-07 04:30:00+05:30,2025-02-08 00:30:00+05:30,190.6,15915.21,205.85,144.86,198.49,16573.93,INTRADAY_SQUAREOFF,0.01,96.84,0.076059,1210.49,-50.1,1.46,-51.56,-51.56,9683.92,9632.36
127,SOL/INR,1h,SHORT,2025-02-08 10:30:00+05:30,2025-02-09 00:30:00+05:30,191.79,16014.35,207.13,145.76,196.78,16431.48,INTRADAY_SQUAREOFF,0.01,96.32,0.075185,1204.05,-31.36,1.44,-32.8,-32.8,9632.36,9599.56
128,SOL/INR,1h,LONG,2025-02-09 06:30:00+05:30,2025-02-10 00:30:00+05:30,200.43,16736.23,184.4,248.54,200.03,16702.53,INTRADAY_SQUAREOFF,0.01,96.0,0.071697,1199.95,-2.42,1.41,-3.83,-3.83,9599.56,9595.73
129,SOL/INR,1h,SHORT,2025-02-10 03:30:00+05:30,2025-02-11 00:30:00+05:30,194.19,16214.91,209.73,147.58,203.21,16967.98,INTRADAY_SQUAREOFF,0.01,95.96,0.073973,1199.47,-55.71,1.45,-57.16,-57.16,9595.73,9538.57
130,SOL/INR,1h,LONG,2025-02-11 07:30:00+05:30,2025-02-12 00:30:00+05:30,204.68,17090.87,188.31,253.8,196.54,16411.33,INTRADAY_SQUAREOFF,0.01,95.39,0.069764,1192.32,-47.41,1.38,-48.79,-48.79,9538.57,9489.79
131,SOL/INR,1h,SHORT,2025-02-12 08:30:00+05:30,2025-02-13 00:30:00+05:30,195.12,16292.81,210.73,148.29,193.41,16149.68,INTRADAY_SQUAREOFF,0.01,94.9,0.072807,1186.22,10.42,1.39,9.03,9.03,9489.79,9498.82
132,SOL/INR,1h,SHORT,2025-02-13 06:30:00+05:30,2025-02-14 00:30:00+05:30,195.18,16297.12,210.79,148.33,193.26,16137.25,INTRADAY_SQUAREOFF,0.01,94.99,0.072857,1187.35,11.65,1.39,10.25,10.25,9498.82,9509.07
133,SOL/INR,1h,LONG,2025-02-14 12:30:00+05:30,2025-02-15 00:30:00+05:30,196.36,16396.22,180.65,243.49,203.02,16952.2,INTRADAY_SQUAREOFF,0.01,95.09,0.072494,1188.63,40.31,1.43,38.88,38.88,9509.07,9547.95
134,SOL/INR,1h,SHORT,2025-02-15 23:30:00+05:30,2025-02-16 01:30:00+05:30,193.45,16153.22,208.93,147.02,194.3,16223.81,INTRADAY_SQUAREOFF,0.01,95.48,0.073886,1193.49,-5.22,1.41,-6.63,-6.63,9547.95,9541.32
135,SOL/INR,1h,SHORT,2025-02-16 08:30:00+05:30,2025-02-17 00:30:00+05:30,193.39,16147.96,208.86,146.98,189.36,15811.2,INTRADAY_SQUAREOFF,0.01,95.41,0.073859,1192.67,24.87,1.39,23.48,23.48,9541.32,9564.8
136,SOL/INR,1h,SHORT,2025-02-17 08:30:00+05:30,2025-02-18 00:30:00+05:30,187.14,15626.46,202.11,142.23,175.84,14682.4,INTRADAY_SQUAREOFF,0.01,95.65,0.076511,1195.6,72.23,1.37,70.86,70.86,9564.8,9635.66
137,SOL/INR,1h,SHORT,2025-02-18 05:30:00+05:30,2025-02-19 00:30:00+05:30,177.57,14827.26,191.78,134.95,164.55,13739.98,INTRADAY_SQUAREOFF,0.01,96.36,0.081233,1204.46,88.32,1.37,86.95,86.95,9635.66,9722.62
138,SOL/INR,1h,SHORT,2025-02-19 09:30:00+05:30,2025-02-20 00:30:00+05:30,167.15,13957.22,180.52,127.04,169.87,14184.3,INTRADAY_SQUAREOFF,0.01,97.23,0.087075,1215.33,-19.77,1.45,-21.22,-21.22,9722.62,9701.4
139,SOL/INR,1h,LONG,2025-02-21 05:30:00+05:30,2025-02-22 00:30:00+05:30,176.47,14735.02,162.35,218.82,171.66,14333.72,INTRADAY_SQUAREOFF,0.01,97.01,0.082299,1212.67,-33.03,1.41,-34.44,-34.44,9701.4,9666.96
140,SOL/INR,1h,SHORT,2025-02-22 12:30:00+05:30,2025-02-23 00:30:00+05:30,170.85,14266.22,184.52,129.85,173.0,14445.78,INTRADAY_SQUAREOFF,0.01,96.67,0.084701,1208.37,-15.21,1.43,-16.64,-16.64,9666.96,9650.32
141,SOL/INR,1h,SHORT,2025-02-23 05:30:00+05:30,2025-02-24 00:30:00+05:30,172.06,14366.73,185.82,130.76,168.14,14039.71,INTRADAY_SQUAREOFF,0.01,96.5,0.083964,1206.29,27.46,1.41,26.05,26.05,9650.32,9676.37
142,SOL/INR,1h,SHORT,2025-02-24 06:30:00+05:30,2025-02-25 00:30:00+05:30,166.8,13927.46,180.14,126.76,152.18,12707.04,INTRADAY_SQUAREOFF,0.01,96.76,0.086846,1209.55,105.99,1.36,104.62,104.62,9676.37,9780.99
143,SOL/INR,1h,SHORT,2025-02-25 04:30:00+05:30,2025-02-26 00:30:00+05:30,142.8,11923.69,154.22,108.53,141.0,11773.25,INTRADAY_SQUAREOFF,0.01,97.81,0.102537,1222.62,15.43,1.43,13.99,13.99,9780.99,9794.98
144,SOL/INR,1h,SHORT,2025-02-26 23:30:00+05:30,2025-02-27 01:30:00+05:30,133.29,11129.75,143.95,101.3,131.9,11013.56,INTRADAY_SQUAREOFF,0.01,97.95,0.110009,1224.37,12.78,1.44,11.34,11.34,9794.98,9806.33
145,SOL/INR,1h,SHORT,2025-02-27 05:30:00+05:30,2025-02-28 00:30:00+05:30,134.53,11233.02,145.29,102.24,138.53,11567.37,INTRADAY_SQUAREOFF,0.01,98.06,0.109124,1225.79,-36.49,1.47,-37.95,-37.95,9806.33,9768.37
146,SOL/INR,1h,SHORT,2025-02-28 16:30:00+05:30,2025-02-28 19:30:00+05:30,130.07,10860.69,140.47,98.85,140.54,11735.41,STOP_LOSS,0.01,97.68,0.112428,1221.05,-98.34,1.5,-99.84,-99.84,9768.37,9668.53
147,SOL/INR,1h,LONG,2025-03-01 00:30:00+05:30,2025-03-02 00:30:00+05:30,146.82,12259.32,135.07,182.05,140.38,11721.76,INTRADAY_SQUAREOFF,0.01,96.69,0.098583,1208.57,-52.99,1.39,-54.39,-54.39,9668.53,9614.14
148,SOL/INR,1h,LONG,2025-03-02 21:30:00+05:30,2025-03-03 00:30:00+05:30,161.23,13462.46,148.33,199.92,168.84,14098.29,INTRADAY_SQUAREOFF,0.01,96.14,0.089268,1201.77,56.76,1.45,55.31,55.31,9614.14,9669.45
149,SOL/INR,1h,SHORT,2025-03-03 20:30:00+05:30,2025-03-04 00:30:00+05:30,157.42,13144.24,170.01,119.64,149.24,12461.22,INTRADAY_SQUAREOFF,0.01,96.69,0.091955,1208.68,62.81,1.39,61.42,61.42,9669.45,9730.87
150,SOL/INR,1h,SHORT,2025-03-04 03:30:00+05:30,2025-03-05 00:30:00+05:30,139.76,11670.18,150.94,106.22,142.73,11917.74,INTRADAY_SQUAREOFF,0.01,97.31,0.104228,1216.36,-25.8,1.45,-27.25,-27.25,9730.87,9703.61
151,SOL/INR,1h,LONG,2025-03-05 03:30:00+05:30,2025-03-06 00:30:00+05:30,146.41,12225.26,134.7,181.55,144.26,12045.32,INTRADAY_SQUAREOFF,0.01,97.04,0.099217,1212.95,-17.85,1.42,-19.27,-19.27,9703.61,9684.34
152,SOL/INR,1h,LONG,2025-03-06 10:30:00+05:30,2025-03-07 00:30:00+05:30,150.0,12525.29,138.0,186.0,143.19,11956.04,INTRADAY_SQUAREOFF,0.01,96.84,0.096648,1210.54,-55.02,1.4,-56.41,-56.41,9684.34,9627.93
153,SOL/INR,1h,SHORT,2025-03-07 05:30:00+05:30,2025-03-08 00:30:00+05:30,143.28,11963.97,154.74,108.89,150.1,12533.21,INTRADAY_SQUAREOFF,0.01,96.28,0.100593,1203.49,-57.26,1.45,-58.72,-58.72,9627.93,9569.21
154,SOL/INR,1h,SHORT,2025-03-09 15:30:00+05:30,2025-03-10 00:30:00+05:30,137.99,11522.17,149.03,104.87,127.73,10665.7,INTRADAY_SQUAREOFF,0.01,95.69,0.103813,1196.15,88.91,1.36,87.55,87.55,9569.21,9656.77
155,SOL/INR,1h,SHORT,2025-03-10 14:30:00+05:30,2025-03-11 00:30:00+05:30,126.09,10528.42,136.18,95.83,116.27,9708.22,INTRADAY_SQUAREOFF,0.01,96.57,0.114651,1207.1,94.04,1.37,92.67,92.67,9656.77,9749.43
156,SOL/INR,1h,SHORT,2025-03-11 06:30:00+05:30,2025-03-11 10:30:00+05:30,113.17,9449.3,122.22,86.01,122.28,10210.35,STOP_LOSS,0.01,97.49,0.12897,1218.68,-98.15,1.5,-99.65,-99.65,9749.43,9649.78
157,SOL/INR,1h,LONG,2025-03-12 07:30:00+05:30,2025-03-13 00:30:00+05:30,126.78,10585.97,116.64,157.2,124.36,10384.03,INTRADAY_SQUAREOFF,0.01,96.5,0.113945,1206.22,-23.01,1.41,-24.42,-24.42,9649.78,9625.36
158,SOL/INR,1h,LONG,2025-03-13 04:30:00+05:30,2025-03-14 00:30:00+05:30,126.66,10575.7,116.52,157.05,122.84,10257.52,INTRADAY_SQUAREOFF,0.01,96.25,0.113767,1203.17,-36.2,1.4,-37.6,-37.6,9625.36,9587.77
159,SOL/INR,1h,SHORT,2025-03-14 09:30:00+05:30,2025-03-15 00:30:00+05:30,124.22,10372.02,134.15,94.4,134.22,11207.38,STOP_LOSS,0.01,95.88,0.115548,1198.47,-96.52,1.47,-98.0,-98.0,9587.77,9489.77
160,SOL/INR,1h,LONG,2025-03-15 03:30:00+05:30,2025-03-16 00:30:00+05:30,134.77,11252.98,123.98,167.11,134.17,11203.33,INTRADAY_SQUAREOFF,0.01,94.9,0.105414,1186.22,-5.23,1.4,-6.63,-6.63,9489.77,9483.14
161,SOL/INR,1h,LONG,2025-03-16 05:30:00+05:30,2025-03-17 00:30:00+05:30,136.04,11359.5,125.16,168.69,128.74,10750.14,INTRADAY_SQUAREOFF,0.01,94.83,0.104353,1185.39,-63.59,1.36,-64.95,-64.95,9483.14,9418.19
162,SOL/INR,1h,SHORT,2025-03-17 03:30:00+05:30,2025-03-18 00:30:00+05:30,126.43,10556.56,136.54,96.08,129.94,10849.78,INTRADAY_SQUAREOFF,0.01,94.18,0.111521,1177.27,-32.7,1.41,-34.11,-34.11,9418.19,9384.08
163,SOL/INR,1h,SHORT,2025-03-18 10:30:00+05:30,2025-03-19 00:30:00+05:30,123.9,10345.34,133.81,94.16,124.1,10362.48,INTRADAY_SQUAREOFF,0.01,93.84,0.113385,1173.01,-1.94,1.39,-3.33,-3.33,9384.08,9380.76
164,SOL/INR,1h,LONG,2025-03-19 19:30:00+05:30,2025-03-20 00:30:00+05:30,130.94,10933.3,120.46,162.36,132.92,11098.52,INTRADAY_SQUAREOFF,0.01,93.81,0.10725,1172.59,17.72,1.39,16.33,16.33,9380.76,9397.08
165,SOL/INR,1h,LONG,2025-03-20 04:30:00+05:30,2025-03-21 00:30:00+05:30,134.87,11261.83,124.08,167.24,127.25,10625.39,INTRADAY_SQUAREOFF,0.01,93.97,0.104302,1174.64,-66.38,1.35,-67.73,-67.73,9397.08,9329.35
166,SOL/INR,1h,SHORT,2025-03-21 03:30:00+05:30,2025-03-22 00:30:00+05:30,127.51,10646.77,137.71,96.9,127.5,10645.86,INTRADAY_SQUAREOFF,0.01,93.29,0.109533,1166.17,0.1,1.38,-1.28,-1.28,9329.35,9328.08
167,SOL/INR,1h,LONG,2025-03-23 12:30:00+05:30,2025-03-24 00:30:00+05:30,130.99,10937.36,120.51,162.42,130.92,10931.96,INTRADAY_SQUAREOFF,0.01,93.28,0.106608,1166.01,-0.58,1.38,-1.95,-1.95,9328.08,9326.12
168,SOL/INR,1h,LONG,2025-03-24 08:30:00+05:30,2025-03-25 00:30:00+05:30,135.06,11277.63,124.26,167.48,142.24,11876.66,INTRADAY_SQUAREOFF,0.01,93.26,0.10337,1165.77,61.92,1.41,60.51,60.51,9326.12,9386.63
169,SOL/INR,1h,LONG,2025-03-25 06:30:00+05:30,2025-03-26 00:30:00+05:30,142.3,11881.8,130.91,176.45,145.22,12126.13,INTRADAY_SQUAREOFF,0.01,93.87,0.09875,1173.33,24.13,1.4,22.73,22.73,9386.63,9409.36
170,SOL/INR,1h,LONG,2025-03-26 06:30:00+05:30,2025-03-27 00:30:00+05:30,144.54,12068.9,132.97,179.23,137.5,11481.13,INTRADAY_SQUAREOFF,0.01,94.09,0.097455,1176.17,-57.28,1.35,-58.63,-58.63,9409.36,9350.73
171,SOL/INR,1h,SHORT,2025-03-27 16:30:00+05:30,2025-03-28 00:30:00+05:30,137.53,11484.02,148.54,104.53,139.02,11608.44,INTRADAY_SQUAREOFF,0.01,93.51,0.10178,1168.84,-12.66,1.39,-14.05,-14.05,9350.73,9336.68
172,SOL/INR,1h,SHORT,2025-03-28 05:30:00+05:30,2025-03-29 00:30:00+05:30,138.08,11529.97,149.13,104.94,129.59,10820.68,INTRADAY_SQUAREOFF,0.01,93.37,0.101222,1167.08,71.8,1.33,70.46,70.46,9336.68,9407.14
173,SOL/INR,1h,SHORT,2025-03-29 07:30:00+05:30,2025-03-30 00:30:00+05:30,129.25,10792.74,139.59,98.23,125.06,10442.61,INTRADAY_SQUAREOFF,0.01,94.07,0.108952,1175.89,38.15,1.37,36.78,36.78,9407.14,9443.92
174,SOL/INR,1h,SHORT,2025-03-30 04:30:00+05:30,2025-03-31 00:30:00+05:30,123.03,10272.74,132.87,93.5,126.15,10533.29,INTRADAY_SQUAREOFF,0.01,94.44,0.114915,1180.49,-29.94,1.41,-31.35,-31.35,9443.92,9412.57
175,SOL/INR,1h,LONG,2025-04-01 21:30:00+05:30,2025-04-02 00:30:00+05:30,130.06,10860.18,119.66,161.28,126.38,10552.75,INTRADAY_SQUAREOFF,0.01,94.13,0.108338,1176.57,-33.31,1.37,-34.67,-34.67,9412.57,9377.89
176,SOL/INR,1h,LONG,2025-04-02 04:30:00+05:30,2025-04-03 00:30:00+05:30,127.14,10615.89,116.97,157.65,129.94,10849.99,INTRADAY_SQUAREOFF,0.01,93.78,0.110423,1172.24,25.85,1.4,24.45,24.45,9377.89,9402.34
177,SOL/INR,1h,SHORT,2025-04-03 11:30:00+05:30,2025-04-04 00:30:00+05:30,118.95,9932.5,128.47,90.4,115.1,9610.47,INTRADAY_SQUAREOFF,0.01,94.02,0.118328,1175.29,38.11,1.36,36.74,36.74,9402.34,9439.08
178,SOL/INR,1h,SHORT,2025-04-04 06:30:00+05:30,2025-04-05 00:30:00+05:30,115.97,9683.64,125.25,88.14,121.86,10175.5,INTRADAY_SQUAREOFF,0.01,94.39,0.121843,1179.89,-59.93,1.43,-61.36,-61.36,9439.08,9377.73
179,SOL/INR,1h,LONG,2025-04-05 13:30:00+05:30,2025-04-06 00:30:00+05:30,121.16,10117.14,111.47,150.24,118.87,9925.78,INTRADAY_SQUAREOFF,0.01,93.78,0.115864,1172.22,-22.17,1.37,-23.54,-23.54,9377.73,9354.18
180,SOL/INR,1h,SHORT,2025-04-06 18:30:00+05:30,2025-04-07 00:30:00+05:30,116.47,9725.38,125.79,88.52,108.13,9028.85,INTRADAY_SQUAREOFF,0.01,93.54,0.120229,1169.27,83.74,1.33,82.41,82.41,9354.18,9436.6
181,SOL/INR,1h,SHORT,2025-04-07 02:30:00+05:30,2025-04-08 00:30:00+05:30,106.39,8883.53,114.9,80.86,106.01,8851.75,INTRADAY_SQUAREOFF,0.01,94.37,0.132782,1179.57,4.22,1.39,2.83,2.83,9436.6,9439.43
182,SOL/INR,1h,LONG,2025-04-08 07:30:00+05:30,2025-04-09 00:30:00+05:30,111.2,9284.96,102.3,137.88,105.7,8826.03,INTRADAY_SQUAREOFF,0.01,94.39,0.127079,1179.93,-58.32,1.36,-59.68,-59.68,9439.43,9379.75
183,SOL/INR,1h,SHORT,2025-04-09 06:30:00+05:30,2025-04-09 22:30:00+05:30,104.36,8714.15,112.71,79.31,112.77,9415.99,STOP_LOSS,0.01,93.8,0.134548,1172.47,-94.43,1.44,-95.87,-95.87,9379.75,9283.88
184,SOL/INR,1h,SHORT,2025-04-11 06:30:00+05:30,2025-04-11 22:30:00+05:30,112.21,9369.53,121.19,85.28,121.25,10124.16,STOP_LOSS,0.01,92.84,0.123857,1160.48,-93.47,1.42,-94.89,-94.89,9283.88,9188.99
185,SOL/INR,1h,LONG,2025-04-12 05:30:00+05:30,2025-04-13 00:30:00+05:30,121.69,10161.21,111.96,150.9,130.81,10922.94,INTRADAY_SQUAREOFF,0.01,91.89,0.11304,1148.62,86.11,1.41,84.7,84.7,9188.99,9273.69
186,SOL/INR,1h,LONG,2025-04-13 02:30:00+05:30,2025-04-14 00:30:00+05:30,133.47,11144.55,122.79,165.5,131.54,10983.59,INTRADAY_SQUAREOFF,0.01,92.74,0.104016,1159.21,-16.74,1.36,-18.1,-18.1,9273.69,9255.59
187,SOL/INR,1h,LONG,2025-04-14 16:30:00+05:30,2025-04-15 00:30:00+05:30,133.95,11184.43,123.23,166.09,130.24,10875.33,INTRADAY_SQUAREOFF,0.01,92.56,0.103443,1156.95,-31.97,1.35,-33.32,-33.32,9255.59,9222.27
188,SOL/INR,1h,LONG,2025-04-15 07:30:00+05:30,2025-04-16 00:30:00+05:30,130.41,10889.47,119.98,161.71,128.08,10694.34,INTRADAY_SQUAREOFF,0.01,92.22,0.105862,1152.78,-20.66,1.35,-22.0,-22.0,9222.27,9200.26
189,SOL/INR,1h,SHORT,2025-04-16 04:30:00+05:30,2025-04-17 00:30:00+05:30,126.1,10529.29,136.19,95.84,128.61,10739.16,INTRADAY_SQUAREOFF,0.01,92.0,0.109222,1150.03,-22.92,1.37,-24.29,-24.29,9200.26,9175.97
190,SOL/INR,1h,LONG,2025-04-17 11:30:00+05:30,2025-04-18 00:30:00+05:30,133.35,11134.74,122.68,165.35,134.52,11232.32,INTRADAY_SQUAREOFF,0.01,91.76,0.103011,1147.0,10.05,1.36,8.69,8.69,9175.97,9184.66
191,SOL/INR,1h,LONG,2025-04-18 02:30:00+05:30,2025-04-19 00:30:00+05:30,135.13,11283.12,124.32,167.56,133.89,11179.6,INTRADAY_SQUAREOFF,0.01,91.85,0.101752,1148.08,-10.53,1.35,-11.88,-11.88,9184.66,9172.78
192,SOL/INR,1h,LONG,2025-04-19 03:30:00+05:30,2025-04-20 00:30:00+05:30,134.36,11218.97,123.61,166.6,138.51,11565.74,INTRADAY_SQUAREOFF,0.01,91.73,0.102202,1146.6,35.44,1.37,34.07,34.07,9172.78,9206.85
193,SOL/INR,1h,SHORT,2025-04-20 21:30:00+05:30,2025-04-21 00:30:00+05:30,135.71,11332.0,146.57,103.14,136.54,11400.8,INTRADAY_SQUAREOFF,0.01,92.07,0.101558,1150.86,-6.99,1.36,-8.35,-8.35,9206.85,9198.5
194,SOL/INR,1h,SHORT,2025-04-21 04:30:00+05:30,2025-04-22 00:30:00+05:30,136.49,11397.0,147.41,103.73,135.47,11311.39,INTRADAY_SQUAREOFF,0.01,91.98,0.100887,1149.81,8.64,1.35,7.29,7.29,9198.5,9205.78
195,SOL/INR,1h,SHORT,2025-04-22 04:30:00+05:30,2025-04-23 00:30:00+05:30,136.03,11358.68,146.91,103.38,144.98,12105.97,INTRADAY_SQUAREOFF,0.01,92.06,0.101308,1150.72,-75.71,1.4,-77.11,-77.11,9205.78,9128.68
196,SOL/INR,1h,LONG,2025-04-23 03:30:00+05:30,2025-04-24 00:30:00+05:30,148.07,12363.48,136.22,183.6,150.74,12586.73,INTRADAY_SQUAREOFF,0.01,91.29,0.092295,1141.08,20.61,1.36,19.25,19.25,9128.68,9147.92
197,SOL/INR,1h,LONG,2025-04-24 02:30:00+05:30,2025-04-25 00:30:00+05:30,151.18,12623.67,139.09,187.47,151.81,12676.12,INTRADAY_SQUAREOFF,0.01,91.48,0.090583,1143.49,4.75,1.35,3.4,3.4,9147.92,9151.32
198,SOL/INR,1h,LONG,2025-04-25 12:30:00+05:30,2025-04-26 00:30:00+05:30,153.85,12846.74,141.54,190.78,151.14,12620.56,INTRADAY_SQUAREOFF,0.01,91.51,0.089043,1143.92,-20.14,1.34,-21.48,-21.48,9151.32,9129.84
199,SOL/INR,1h,SHORT,2025-04-27 00:30:00+05:30,2025-04-28 00:30:00+05:30,148.77,12421.95,160.67,113.06,149.99,12523.78,INTRADAY_SQUAREOFF,0.01,91.3,0.091872,1141.23,-9.36,1.35,-10.71,-10.71,9129.84,9119.14
200,SOL/INR,1h,SHORT,2025-04-29 10:30:00+05:30,2025-04-30 00:30:00+05:30,146.4,12224.11,158.11,111.26,150.04,12528.26,INTRADAY_SQUAREOFF,0.01,91.19,0.093249,1139.89,-28.36,1.36,-29.72,-29.72,9119.14,9089.41
201,SOL/INR,1h,SHORT,2025-04-30 18:30:00+05:30,2025-05-01 00:30:00+05:30,144.71,12083.35,156.29,109.98,145.61,12158.35,INTRADAY_SQUAREOFF,0.01,90.89,0.094028,1136.18,-7.05,1.34,-8.4,-8.4,9089.41,9081.02
202,SOL/INR,1h,LONG,2025-05-01 11:30:00+05:30,2025-05-02 00:30:00+05:30,149.37,12472.29,137.42,185.22,151.07,12614.28,INTRADAY_SQUAREOFF,0.01,90.81,0.091012,1135.13,12.92,1.35,11.58,11.58,9081.02,9092.59
203,SOL/INR,1h,LONG,2025-05-02 03:30:00+05:30,2025-05-03 00:30:00+05:30,150.98,12606.81,138.9,187.21,149.5,12483.12,INTRADAY_SQUAREOFF,0.01,90.93,0.090156,1136.57,-11.15,1.33,-12.49,-12.49,9092.59,9080.1
204,SOL/INR,1h,SHORT,2025-05-03 03:30:00+05:30,2025-05-04 00:30:00+05:30,147.44,12310.86,159.23,112.05,146.79,12257.3,INTRADAY_SQUAREOFF,0.01,90.8,0.092196,1135.01,4.94,1.34,3.6,3.6,9080.1,9083.71
205,SOL/INR,1h,SHORT,2025-05-04 05:30:00+05:30,2025-05-05 00:30:00+05:30,146.71,12250.08,158.44,111.5,146.81,12258.39,INTRADAY_SQUAREOFF,0.01,90.84,0.09269,1135.46,-0.77,1.34,-2.11,-2.11,9083.71,9081.6
206,SOL/INR,1h,SHORT,2025-05-05 04:30:00+05:30,2025-05-06 00:30:00+05:30,145.09,12115.01,156.7,110.27,146.7,12249.43,INTRADAY_SQUAREOFF,0.01,90.82,0.093702,1135.2,-12.59,1.35,-13.94,-13.94,9081.6,9067.65
207,SOL/INR,1h,LONG,2025-05-07 13:30:00+05:30,2025-05-08 00:30:00+05:30,147.31,12300.29,135.52,182.66,146.55,12236.58,INTRADAY_SQUAREOFF,0.01,90.68,0.092149,1133.46,-5.87,1.33,-7.2,-7.2,9067.65,9060.45
208,SOL/INR,1h,LONG,2025-05-08 03:30:00+05:30,2025-05-09 00:30:00+05:30,147.57,12321.83,135.76,182.98,159.86,13348.56,INTRADAY_SQUAREOFF,0.01,90.6,0.091915,1132.56,94.37,1.39,92.98,92.98,9060.45,9153.43
209,SOL/INR,1h,LONG,2025-05-09 05:30:00+05:30,2025-05-10 00:30:00+05:30,164.15,13706.38,151.02,203.54,171.8,14345.04,INTRADAY_SQUAREOFF,0.01,91.53,0.083478,1144.18,53.31,1.38,51.93,51.93,9153.43,9205.36
210,SOL/INR,1h,LONG,2025-05-10 02:30:00+05:30,2025-05-11 00:30:00+05:30,173.01,14446.39,159.17,214.53,172.42,14397.22,INTRADAY_SQUAREOFF,0.01,92.05,0.079651,1150.67,-3.92,1.36,-5.27,-5.27,9205.36,9200.09
211,SOL/INR,1h,LONG,2025-05-11 02:30:00+05:30,2025-05-12 00:30:00+05:30,172.94,14440.86,159.11,214.45,172.61,14412.55,INTRADAY_SQUAREOFF,0.01,92.0,0.079636,1150.01,-2.25,1.36,-3.61,-3.61,9200.09,9196.48
212,SOL/INR,1h,SHORT,2025-05-12 04:30:00+05:30,2025-05-13 00:30:00+05:30,171.48,14318.39,185.2,130.32,170.73,14255.73,INTRADAY_SQUAREOFF,0.01,91.96,0.080286,1149.56,5.03,1.35,3.68,3.68,9196.48,9200.16
213,SOL/INR,1h,LONG,2025-05-14 10:30:00+05:30,2025-05-15 00:30:00+05:30,181.89,15187.45,167.33,225.54,176.27,14718.93,INTRADAY_SQUAREOFF,0.01,92.0,0.075722,1150.02,-35.48,1.34,-36.81,-36.81,9200.16,9163.34
214,SOL/INR,1h,SHORT,2025-05-15 04:30:00+05:30,2025-05-16 00:30:00+05:30,175.47,14651.53,189.5,133.36,169.67,14167.83,INTRADAY_SQUAREOFF,0.01,91.63,0.078177,1145.42,37.81,1.33,36.48,36.48,9163.34,9199.83
215,SOL/INR,1h,SHORT,2025-05-16 14:30:00+05:30,2025-05-17 00:30:00+05:30,169.64,14165.24,183.22,128.93,170.53,14239.28,INTRADAY_SQUAREOFF,0.01,92.0,0.081183,1149.98,-6.01,1.36,-7.37,-7.37,9199.83,9192.46
216,SOL/INR,1h,SHORT,2025-05-17 02:30:00+05:30,2025-05-18 00:30:00+05:30,169.01,14112.11,182.53,128.45,165.8,13844.48,INTRADAY_SQUAREOFF,0.01,91.92,0.081424,1149.06,21.79,1.34,20.45,20.45,9192.46,9212.91
217,SOL/INR,1h,LONG,2025-05-18 18:30:00+05:30,2025-05-19 00:30:00+05:30,171.64,14332.13,157.91,212.84,170.05,14199.0,INTRADAY_SQUAREOFF,0.01,92.13,0.080352,1151.61,-10.7,1.35,-12.05,-12.05,9212.91,9200.86
218,SOL/INR,1h,SHORT,2025-05-19 18:30:00+05:30,2025-05-20 00:30:00+05:30,160.29,13384.45,173.12,121.82,164.8,13760.85,INTRADAY_SQUAREOFF,0.01,92.01,0.085929,1150.11,-32.34,1.38,-33.72,-33.72,9200.86,9167.14
219,SOL/INR,1h,LONG,2025-05-20 21:30:00+05:30,2025-05-21 00:30:00+05:30,167.23,13963.62,153.85,207.36,164.82,13762.73,INTRADAY_SQUAREOFF,0.01,91.67,0.082063,1145.89,-16.49,1.34,-17.83,-17.83,9167.14,9149.31
220,SOL/INR,1h,LONG,2025-05-21 17:30:00+05:30,2025-05-22 00:30:00+05:30,169.66,14166.45,156.09,210.38,168.18,14043.3,INTRADAY_SQUAREOFF,0.01,91.49,0.08073,1143.66,-9.94,1.34,-11.29,-11.29,9149.31,9138.02
221,SOL/INR,1h,LONG,2025-05-22 13:30:00+05:30,2025-05-23 00:30:00+05:30,178.59,14912.25,164.3,221.45,179.48,14986.48,INTRADAY_SQUAREOFF,0.01,91.38,0.076598,1142.25,5.69,1.35,4.33,4.33,9138.02,9142.36
222,SOL/INR,1h,LONG,2025-05-23 05:30:00+05:30,2025-05-24 00:30:00+05:30,179.97,15027.13,165.57,223.16,178.68,14919.9,INTRADAY_SQUAREOFF,0.01,91.42,0.076049,1142.79,-8.15,1.34,-9.5,-9.5,9142.36,9132.86
223,SOL/INR,1h,SHORT,2025-05-24 02:30:00+05:30,2025-05-25 00:30:00+05:30,177.02,14781.07,191.18,134.53,176.95,14775.41,INTRADAY_SQUAREOFF,0.01,91.33,0.077234,1141.61,0.44,1.35,-0.91,-0.91,9132.86,9131.95
224,SOL/INR,1h,SHORT,2025-05-25 13:30:00+05:30,2025-05-26 00:30:00+05:30,172.03,14364.84,185.8,130.75,171.78,14343.42,INTRADAY_SQUAREOFF,0.01,91.32,0.079464,1141.49,1.7,1.35,0.36,0.36,9131.95,9132.31
225,SOL/INR,1h,LONG,2025-05-26 10:30:00+05:30,2025-05-27 00:30:00+05:30,177.36,14809.34,163.17,219.92,174.21,14546.85,INTRADAY_SQUAREOFF,0.01,91.32,0.077082,1141.54,-20.23,1.34,-21.57,-21.57,9132.31,9110.74
226,SOL/INR,1h,SHORT,2025-05-27 07:30:00+05:30,2025-05-28 00:30:00+05:30,171.6,14329.0,185.33,130.42,178.77,14926.88,INTRADAY_SQUAREOFF,0.01,91.11,0.079478,1138.84,-47.52,1.37,-48.89,-48.89,9110.74,9061.85
227,SOL/INR,1h,SHORT,2025-05-28 19:30:00+05:30,2025-05-29 00:30:00+05:30,172.76,14425.48,186.58,131.3,170.12,14205.27,INTRADAY_SQUAREOFF,0.01,90.62,0.078523,1132.73,17.29,1.33,15.96,15.96,9061.85,9077.81
228,SOL/INR,1h,LONG,2025-05-29 14:30:00+05:30,2025-05-30 00:30:00+05:30,173.16,14458.47,159.3,214.71,168.2,14044.29,INTRADAY_SQUAREOFF,0.01,90.78,0.078482,1134.73,-32.51,1.32,-33.83,-33.83,9077.81,9043.99
229,SOL/INR,1h,SHORT,2025-05-30 05:30:00+05:30,2025-05-31 00:30:00+05:30,166.31,13886.84,179.61,126.4,160.48,13400.22,INTRADAY_SQUAREOFF,0.01,90.44,0.081408,1130.5,39.61,1.31,38.3,38.3,9043.99,9082.29
230,SOL/INR,1h,SHORT,2025-05-31 02:30:00+05:30,2025-06-01 00:30:00+05:30,159.9,13351.9,172.7,121.53,156.67,13082.02,INTRADAY_SQUAREOFF,0.01,90.82,0.085028,1135.29,22.95,1.33,21.62,21.62,9082.29,9103.91
231,SOL/INR,1h,SHORT,2025-06-01 18:30:00+05:30,2025-06-02 00:30:00+05:30,150.88,12598.12,162.95,114.67,154.74,12920.94,INTRADAY_SQUAREOFF,0.01,91.04,0.09033,1137.99,-29.16,1.36,-30.52,-30.52,9103.91,9073.39
232,SOL/INR,1h,LONG,2025-06-02 03:30:00+05:30,2025-06-03 00:30:00+05:30,157.14,13121.57,144.57,194.86,153.23,12795.12,INTRADAY_SQUAREOFF,0.01,90.73,0.086436,1134.17,-28.22,1.32,-29.54,-29.54,9073.39,9043.85
233,SOL/INR,1h,LONG,2025-06-03 11:30:00+05:30,2025-06-04 00:30:00+05:30,159.68,13333.23,146.91,198.0,160.37,13390.61,INTRADAY_SQUAREOFF,0.01,90.44,0.084787,1130.48,4.86,1.34,3.53,3.53,9043.85,9047.38
234,SOL/INR,1h,SHORT,2025-06-04 17:30:00+05:30,2025-06-05 00:30:00+05:30,155.92,13019.47,168.4,118.5,155.79,13008.28,INTRADAY_SQUAREOFF,0.01,90.47,0.086864,1130.92,0.97,1.33,-0.36,-0.36,9047.38,9047.02
235,SOL/INR,1h,SHORT,2025-06-05 02:30:00+05:30,2025-06-06 00:30:00+05:30,154.19,12874.8,166.52,117.18,149.57,12489.13,INTRADAY_SQUAREOFF,0.01,90.47,0.087837,1130.88,33.88,1.31,32.56,32.56,9047.02,9079.58
236,SOL/INR,1h,LONG,2025-06-07 18:30:00+05:30,2025-06-08 00:30:00+05:30,152.45,12729.34,140.25,189.03,150.56,12571.96,INTRADAY_SQUAREOFF,0.01,90.8,0.08916,1134.95,-14.03,1.33,-15.36,-15.36,9079.58,9064.22
237,SOL/INR,1h,LONG,2025-06-08 07:30:00+05:30,2025-06-09 00:30:00+05:30,150.33,12552.8,138.31,186.41,153.92,12852.51,INTRADAY_SQUAREOFF,0.01,90.64,0.090261,1133.03,27.05,1.35,25.7,25.7,9064.22,9089.92
238,SOL/INR,1h,LONG,2025-06-10 03:30:00+05:30,2025-06-11 00:30:00+05:30,159.55,13322.41,146.79,197.84,164.0,13693.97,INTRADAY_SQUAREOFF,0.01,90.9,0.085288,1136.24,31.69,1.36,30.33,30.33,9089.92,9120.25
239,SOL/INR,1h,LONG,2025-06-11 02:30:00+05:30,2025-06-12 00:30:00+05:30,165.54,13822.4,152.29,205.27,163.28,13634.12,INTRADAY_SQUAREOFF,0.01,91.2,0.082477,1140.03,-15.53,1.34,-16.86,-16.86,9120.25,9103.38
240,SOL/INR,1h,SHORT,2025-06-12 17:30:00+05:30,2025-06-13 00:30:00+05:30,157.63,13162.52,170.25,119.8,157.87,13181.74,INTRADAY_SQUAREOFF,0.01,91.03,0.086452,1137.92,-1.66,1.34,-3.01,-3.01,9103.38,9100.38
241,SOL/INR,1h,SHORT,2025-06-13 06:30:00+05:30,2025-06-14 00:30:00+05:30,143.92,12016.91,155.43,109.38,145.45,12144.83,INTRADAY_SQUAREOFF,0.01,91.0,0.094662,1137.55,-12.11,1.35,-13.46,-13.46,9100.38,9086.92
242,SOL/INR,1h,SHORT,2025-06-14 07:30:00+05:30,2025-06-15 00:30:00+05:30,146.87,12263.83,158.62,111.62,144.24,12044.13,INTRADAY_SQUAREOFF,0.01,90.87,0.092619,1135.86,20.35,1.33,19.02,19.02,9086.92,9105.94
243,SOL/INR,1h,LONG,2025-06-15 17:30:00+05:30,2025-06-16 00:30:00+05:30,146.64,12244.82,134.91,181.84,152.68,12748.38,INTRADAY_SQUAREOFF,0.01,91.06,0.092957,1138.24,46.81,1.37,45.44,45.44,9105.94,9151.38
244,SOL/INR,1h,LONG,2025-06-16 05:30:00+05:30,2025-06-17 00:30:00+05:30,153.02,12776.77,140.77,189.74,158.03,13195.29,INTRADAY_SQUAREOFF,0.01,91.51,0.089531,1143.92,37.47,1.37,36.1,36.1,9151.38,9187.48
245,SOL/INR,1h,SHORT,2025-06-17 12:30:00+05:30,2025-06-18 00:30:00+05:30,152.79,12758.35,165.02,116.12,147.95,12354.15,INTRADAY_SQUAREOFF,0.01,91.87,0.090014,1148.43,36.38,1.33,35.05,35.05,9187.48,9222.53
246,SOL/INR,1h,SHORT,2025-06-18 04:30:00+05:30,2025-06-19 00:30:00+05:30,146.73,12252.02,158.47,111.52,144.28,12047.57,INTRADAY_SQUAREOFF,0.01,92.23,0.094092,1152.82,19.24,1.35,17.89,17.89,9222.53,9240.41
247,SOL/INR,1h,SHORT,2025-06-19 05:30:00+05:30,2025-06-20 00:30:00+05:30,146.1,12199.54,157.79,111.04,145.2,12123.91,INTRADAY_SQUAREOFF,0.01,92.4,0.09468,1155.05,7.16,1.36,5.8,5.8,9240.41,9246.22
248,SOL/INR,1h,LONG,2025-06-20 12:30:00+05:30,2025-06-21 00:30:00+05:30,145.65,12161.49,133.99,180.6,139.15,11618.63,INTRADAY_SQUAREOFF,0.01,92.46,0.095036,1155.78,-51.59,1.33,-52.92,-52.92,9246.22,9193.29
249,SOL/INR,1h,SHORT,2025-06-21 04:30:00+05:30,2025-06-22 00:30:00+05:30,138.88,11596.83,149.99,105.55,137.8,11506.47,INTRADAY_SQUAREOFF,0.01,91.93,0.099093,1149.16,8.95,1.35,7.6,7.6,9193.29,9200.9
250,SOL/INR,1h,SHORT,2025-06-22 03:30:00+05:30,2025-06-23 00:30:00+05:30,132.79,11088.14,143.42,100.92,129.58,10820.18,INTRADAY_SQUAREOFF,0.01,92.01,0.103725,1150.11,27.79,1.34,26.45,26.45,9200.9,9227.35
251,SOL/INR,1h,LONG,2025-06-23 23:30:00+05:30,2025-06-24 01:30:00+05:30,137.04,11443.04,126.08,169.93,139.76,11670.14,INTRADAY_SQUAREOFF,0.01,92.27,0.100797,1153.42,22.89,1.37,21.52,21.52,9227.35,9248.86
252,SOL/INR,1h,LONG,2025-06-24 11:30:00+05:30,2025-06-25 00:30:00+05:30,145.66,12162.39,134.0,180.62,143.7,11999.22,INTRADAY_SQUAREOFF,0.01,92.49,0.095056,1156.11,-15.51,1.36,-16.87,-16.87,9248.86,9232.0
253,SOL/INR,1h,LONG,2025-06-25 02:30:00+05:30,2025-06-26 00:30:00+05:30,145.17,12122.11,133.56,180.02,143.33,11968.24,INTRADAY_SQUAREOFF,0.01,92.32,0.095198,1154.0,-14.65,1.35,-16.0,-16.0,9232.0,9216.0
254,SOL/INR,1h,SHORT,2025-06-26 11:30:00+05:30,2025-06-27 00:30:00+05:30,144.18,12039.07,155.71,109.58,141.64,11826.62,INTRADAY_SQUAREOFF,0.01,92.16,0.095688,1152.0,20.33,1.35,18.98,18.98,9216.0,9234.98
255,SOL/INR,1h,SHORT,2025-06-27 03:30:00+05:30,2025-06-28 00:30:00+05:30,139.78,11671.27,150.96,106.23,140.6,11740.04,INTRADAY_SQUAREOFF,0.01,92.35,0.098907,1154.37,-6.8,1.37,-8.17,-8.17,9234.98,9226.81
256,SOL/INR,1h,LONG,2025-06-28 15:30:00+05:30,2025-06-29 00:30:00+05:30,147.52,12318.04,135.72,182.93,151.11,12618.08,INTRADAY_SQUAREOFF,0.01,92.27,0.093631,1153.35,28.09,1.38,26.71,26.71,9226.81,9253.53
257,SOL/INR,1h,LONG,2025-06-29 03:30:00+05:30,2025-06-30 00:30:00+05:30,151.03,12610.87,138.95,187.28,151.98,12690.57,INTRADAY_SQUAREOFF,0.01,92.54,0.091722,1156.69,7.31,1.37,5.94,5.94,9253.53,9259.47
258,SOL/INR,1h,LONG,2025-06-30 05:30:00+05:30,2025-07-01 00:30:00+05:30,153.62,12827.14,141.33,190.49,155.84,13012.51,INTRADAY_SQUAREOFF,0.01,92.59,0.090233,1157.43,16.73,1.38,15.35,15.35,9259.47,9274.82
259,SOL/INR,1h,SHORT,2025-07-02 00:30:00+05:30,2025-07-03 00:30:00+05:30,146.31,12216.58,158.01,111.19,152.35,12721.3,INTRADAY_SQUAREOFF,0.01,92.75,0.0949,1159.35,-47.9,1.4,-49.29,-49.29,9274.82,9225.53
260,SOL/INR,1h,LONG,2025-07-03 11:30:00+05:30,2025-07-04 00:30:00+05:30,155.91,13018.74,143.44,193.33,151.63,12661.46,INTRADAY_SQUAREOFF,0.01,92.26,0.088579,1153.19,-31.65,1.34,-32.99,-32.99,9225.53,9192.54
261,SOL/INR,1h,SHORT,2025-07-04 05:30:00+05:30,2025-07-05 00:30:00+05:30,152.18,12706.9,164.35,115.66,146.52,12234.08,INTRADAY_SQUAREOFF,0.01,91.93,0.090429,1149.07,42.76,1.33,41.43,41.43,9192.54,9233.96
262,SOL/INR,1h,SHORT,2025-07-05 19:30:00+05:30,2025-07-06 00:30:00+05:30,147.91,12350.75,159.75,112.41,146.56,12237.81,INTRADAY_SQUAREOFF,0.01,92.34,0.093455,1154.25,10.55,1.36,9.2,9.2,9233.96,9243.16
263,SOL/INR,1h,SHORT,2025-07-06 15:30:00+05:30,2025-07-07 00:30:00+05:30,146.93,12268.7,158.69,111.67,151.41,12643.14,INTRADAY_SQUAREOFF,0.01,92.43,0.094174,1155.4,-35.26,1.38,-36.65,-36.65,9243.16,9206.52
264,SOL/INR,1h,LONG,2025-07-07 08:30:00+05:30,2025-07-08 00:30:00+05:30,152.72,12751.79,140.5,189.37,150.04,12528.13,INTRADAY_SQUAREOFF,0.01,92.07,0.090247,1150.81,-20.18,1.35,-21.53,-21.53,9206.52,9184.99
265,SOL/INR,1h,SHORT,2025-07-08 08:30:00+05:30,2025-07-09 00:30:00+05:30,147.9,12349.62,159.73,112.4,152.85,12762.72,INTRADAY_SQUAREOFF,0.01,91.85,0.092968,1148.12,-38.41,1.38,-39.78,-39.78,9184.99,9145.2
266,SOL/INR,1h,LONG,2025-07-09 05:30:00+05:30,2025-07-10 00:30:00+05:30,151.94,12687.06,139.79,188.41,154.48,12899.24,INTRADAY_SQUAREOFF,0.01,91.45,0.090104,1143.15,19.12,1.36,17.76,17.76,9145.2,9162.96
267,SOL/INR,1h,LONG,2025-07-10 04:30:00+05:30,2025-07-11 00:30:00+05:30,157.95,13188.75,145.31,195.86,159.07,13282.0,INTRADAY_SQUAREOFF,0.01,91.63,0.086844,1145.37,8.1,1.36,6.74,6.74,9162.96,9169.7
268,SOL/INR,1h,LONG,2025-07-11 08:30:00+05:30,2025-07-12 00:30:00+05:30,165.08,13783.9,151.87,204.69,164.17,13708.18,INTRADAY_SQUAREOFF,0.01,91.7,0.083156,1146.21,-6.3,1.35,-7.64,-7.64,9169.7,9162.06
269,SOL/INR,1h,SHORT,2025-07-13 02:30:00+05:30,2025-07-14 00:30:00+05:30,159.1,13285.09,171.83,120.92,163.13,13621.75,INTRADAY_SQUAREOFF,0.01,91.62,0.086206,1145.26,-29.02,1.37,-30.39,-30.39,9162.06,9131.67
270,SOL/INR,1h,LONG,2025-07-14 13:30:00+05:30,2025-07-15 00:30:00+05:30,167.59,13993.9,154.18,207.81,162.73,13588.36,INTRADAY_SQUAREOFF,0.01,91.32,0.081568,1141.46,-33.08,1.33,-34.41,-34.41,9131.67,9097.26
271,SOL/INR,1h,SHORT,2025-07-15 13:30:00+05:30,2025-07-16 00:30:00+05:30,159.46,13314.77,172.22,121.19,162.19,13543.26,INTRADAY_SQUAREOFF,0.01,90.97,0.085406,1137.16,-19.51,1.35,-20.87,-20.87,9097.26,9076.39
272,SOL/INR,1h,LONG,2025-07-16 12:30:00+05:30,2025-07-17 00:30:00+05:30,164.09,13701.16,150.96,203.47,173.39,14477.81,INTRADAY_SQUAREOFF,0.01,90.76,0.082807,1134.55,64.31,1.38,62.94,62.94,9076.39,9139.33
273,SOL/INR,1h,LONG,2025-07-17 18:30:00+05:30,2025-07-18 00:30:00+05:30,177.53,14823.69,163.33,220.14,174.61,14579.58,INTRADAY_SQUAREOFF,0.01,91.39,0.077067,1142.42,-18.81,1.34,-20.15,-20.15,9139.33,9119.18
274,SOL/INR,1h,LONG,2025-07-18 03:30:00+05:30,2025-07-19 00:30:00+05:30,176.49,14736.6,162.37,218.84,178.01,14864.05,INTRADAY_SQUAREOFF,0.01,91.19,0.077351,1139.9,9.86,1.35,8.51,8.51,9119.18,9127.68
275,SOL/INR,1h,LONG,2025-07-20 18:30:00+05:30,2025-07-21 00:30:00+05:30,181.87,15185.86,167.32,225.51,182.24,15216.64,INTRADAY_SQUAREOFF,0.01,91.28,0.075133,1140.96,2.31,1.35,0.97,0.97,9127.68,9128.65
276,SOL/INR,1h,LONG,2025-07-21 08:30:00+05:30,2025-07-22 00:30:00+05:30,184.26,15385.52,169.52,228.48,193.92,16192.4,INTRADAY_SQUAREOFF,0.01,91.29,0.074166,1141.08,59.84,1.38,58.46,58.46,9128.65,9187.11
277,SOL/INR,1h,LONG,2025-07-22 03:30:00+05:30,2025-07-23 00:30:00+05:30,196.68,16422.52,180.94,243.88,203.05,16954.42,INTRADAY_SQUAREOFF,0.01,91.87,0.069928,1148.39,37.19,1.38,35.82,35.82,9187.11,9222.93
278,SOL/INR,1h,SHORT,2025-07-23 22:30:00+05:30,2025-07-24 00:30:00+05:30,188.85,15769.29,203.96,143.53,190.25,15886.27,INTRADAY_SQUAREOFF,0.01,92.23,0.073108,1152.87,-8.55,1.37,-9.92,-9.92,9222.93,9213.01
279,SOL/INR,1h,SHORT,2025-07-24 10:30:00+05:30,2025-07-25 00:30:00+05:30,185.61,15498.54,200.46,141.06,189.56,15828.11,INTRADAY_SQUAREOFF,0.01,92.13,0.074305,1151.63,-24.49,1.37,-25.86,-25.86,9213.01,9187.15
280,SOL/INR,1h,SHORT,2025-07-25 20:30:00+05:30,2025-07-26 00:30:00+05:30,177.07,14785.13,191.23,134.57,182.56,15243.62,INTRADAY_SQUAREOFF,0.01,91.87,0.077672,1148.39,-35.61,1.38,-36.99,-36.99,9187.15,9150.16
281,SOL/INR,1h,LONG,2025-07-26 08:30:00+05:30,2025-07-27 00:30:00+05:30,186.81,15598.67,171.87,231.64,186.09,15538.67,INTRADAY_SQUAREOFF,0.01,91.5,0.073325,1143.77,-4.4,1.35,-5.75,-5.75,9150.16,9144.41
282,SOL/INR,1h,LONG,2025-07-27 16:30:00+05:30,2025-07-28 00:30:00+05:30,188.46,15736.28,173.38,233.69,188.51,15740.71,INTRADAY_SQUAREOFF,0.01,91.44,0.072638,1143.05,0.32,1.35,-1.03,-1.03,9144.41,9143.39
283,SOL/INR,1h,LONG,2025-07-28 08:30:00+05:30,2025-07-29 00:30:00+05:30,191.94,16026.85,176.58,238.0,185.13,15458.48,INTRADAY_SQUAREOFF,0.01,91.43,0.071313,1142.92,-40.53,1.32,-41.86,-41.86,9143.39,9101.53
284,SOL/INR,1h,SHORT,2025-07-29 03:30:00+05:30,2025-07-30 00:30:00+05:30,183.68,15337.65,198.38,139.6,181.48,15153.83,INTRADAY_SQUAREOFF,0.01,91.02,0.074176,1137.69,13.64,1.33,12.3,12.3,9101.53,9113.83
285,SOL/INR,1h,SHORT,2025-07-30 02:30:00+05:30,2025-07-31 00:30:00+05:30,179.64,15000.2,194.01,136.53,176.37,14727.12,INTRADAY_SQUAREOFF,0.01,91.14,0.075948,1139.23,20.74,1.33,19.41,19.41,9113.83,9133.24
286,SOL/INR,1h,SHORT,2025-07-31 23:30:00+05:30,2025-08-01 01:30:00+05:30,177.0,14779.89,191.17,134.52,175.22,14630.91,INTRADAY_SQUAREOFF,0.01,91.33,0.077244,1141.65,11.51,1.34,10.17,10.17,9133.24,9143.41
287,SOL/INR,1h,SHORT,2025-08-01 03:30:00+05:30,2025-08-02 00:30:00+05:30,173.18,14460.19,187.03,131.61,165.67,13833.75,INTRADAY_SQUAREOFF,0.01,91.43,0.079039,1142.93,49.51,1.32,48.19,48.19,9143.41,9191.6
288,SOL/INR,1h,SHORT,2025-08-02 12:30:00+05:30,2025-08-03 00:30:00+05:30,162.12,13537.43,175.09,123.21,156.4,13059.44,INTRADAY_SQUAREOFF,0.01,91.92,0.084872,1148.95,40.57,1.33,39.24,39.24,9191.6,9230.84
289,SOL/INR,1h,SHORT,2025-08-03 11:30:00+05:30,2025-08-04 00:30:00+05:30,160.2,13376.79,173.02,121.75,162.01,13527.45,INTRADAY_SQUAREOFF,0.01,92.31,0.086258,1153.85,-13.0,1.37,-14.37,-14.37,9230.84,9216.47
290,SOL/INR,1h,LONG,2025-08-04 13:30:00+05:30,2025-08-05 00:30:00+05:30,163.31,13636.18,150.24,202.5,166.5,13903.07,INTRADAY_SQUAREOFF,0.01,92.16,0.084485,1152.06,22.55,1.37,21.18,21.18,9216.47,9237.65
291,SOL/INR,1h,LONG,2025-08-05 03:30:00+05:30,2025-08-06 00:30:00+05:30,168.81,14096.03,155.31,209.33,163.69,13668.38,INTRADAY_SQUAREOFF,0.01,92.38,0.081917,1154.71,-35.03,1.34,-36.37,-36.37,9237.65,9201.27
292,SOL/INR,1h,SHORT,2025-08-06 06:30:00+05:30,2025-08-07 00:30:00+05:30,162.61,13577.95,175.62,123.58,168.76,14091.61,INTRADAY_SQUAREOFF,0.01,92.01,0.084708,1150.16,-43.51,1.38,-44.89,-44.89,9201.27,9156.38
293,SOL/INR,1h,LONG,2025-08-07 11:30:00+05:30,2025-08-08 00:30:00+05:30,168.82,14096.16,155.31,209.33,169.83,14180.4,INTRADAY_SQUAREOFF,0.01,91.56,0.081196,1144.55,6.84,1.35,5.49,5.49,9156.38,9161.87
294,SOL/INR,1h,LONG,2025-08-08 13:30:00+05:30,2025-08-09 00:30:00+05:30,177.71,14838.69,163.49,220.36,177.58,14828.14,INTRADAY_SQUAREOFF,0.01,91.62,0.077179,1145.23,-0.81,1.35,-2.16,-2.16,9161.87,9159.7
295,SOL/INR,1h,LONG,2025-08-09 07:30:00+05:30,2025-08-10 00:30:00+05:30,178.75,14925.94,164.45,221.65,181.93,15191.3,INTRADAY_SQUAREOFF,0.01,91.6,0.07671,1144.96,20.36,1.36,18.99,18.99,9159.7,9178.69
296,SOL/INR,1h,LONG,2025-08-10 06:30:00+05:30,2025-08-11 00:30:00+05:30,182.58,15245.05,167.97,226.39,182.61,15248.08,INTRADAY_SQUAREOFF,0.01,91.79,0.07526,1147.34,0.23,1.35,-1.13,-1.13,9178.69,9177.57
297,SOL/INR,1h,LONG,2025-08-11 10:30:00+05:30,2025-08-12 00:30:00+05:30,186.39,15563.57,171.48,231.12,178.15,14875.35,INTRADAY_SQUAREOFF,0.01,91.78,0.07371,1147.2,-50.73,1.32,-52.05,-52.05,9177.57,9125.52
298,SOL/INR,1h,SHORT,2025-08-12 09:30:00+05:30,2025-08-13 00:30:00+05:30,175.43,14648.57,189.47,133.33,189.56,15828.37,STOP_LOSS,0.01,91.26,0.07787,1140.69,-91.87,1.4,-93.27,-93.27,9125.52,9032.24
299,SOL/INR,1h,LONG,2025-08-13 06:30:00+05:30,2025-08-14 00:30:00+05:30,194.51,16241.53,178.95,241.19,199.03,16619.15,INTRADAY_SQUAREOFF,0.01,90.32,0.069515,1129.03,26.25,1.35,24.9,24.9,9032.24,9057.15
300,SOL/INR,1h,SHORT,2025-08-15 15:30:00+05:30,2025-08-16 00:30:00+05:30,193.88,16188.78,209.39,147.35,184.28,15387.73,INTRADAY_SQUAREOFF,0.01,90.57,0.069934,1132.14,56.02,1.3,54.72,54.72,9057.15,9111.86
301,SOL/INR,1h,SHORT,2025-08-16 11:30:00+05:30,2025-08-17 00:30:00+05:30,186.34,15559.39,201.25,141.62,188.29,15722.62,INTRADAY_SQUAREOFF,0.01,91.12,0.073202,1138.98,-11.95,1.35,-13.3,-13.3,9111.86,9098.56
302,SOL/INR,1h,SHORT,2025-08-17 03:30:00+05:30,2025-08-18 00:30:00+05:30,188.56,15744.56,203.64,143.3,192.36,16061.65,INTRADAY_SQUAREOFF,0.01,90.99,0.072236,1137.32,-22.91,1.36,-24.26,-24.26,9098.56,9074.3
303,SOL/INR,1h,SHORT,2025-08-18 12:30:00+05:30,2025-08-19 00:30:00+05:30,180.9,15104.91,195.37,137.48,184.52,15407.81,INTRADAY_SQUAREOFF,0.01,90.74,0.075094,1134.29,-22.75,1.35,-24.1,-24.1,9074.3,9050.2
304,SOL/INR,1h,SHORT,2025-08-19 05:30:00+05:30,2025-08-20 00:30:00+05:30,182.82,15265.27,197.44,138.94,176.94,14774.86,INTRADAY_SQUAREOFF,0.01,90.5,0.074108,1131.28,36.34,1.31,35.03,35.03,9050.2,9085.23
305,SOL/INR,1h,SHORT,2025-08-20 05:30:00+05:30,2025-08-21 00:30:00+05:30,176.03,14698.16,190.11,133.78,183.86,15352.07,INTRADAY_SQUAREOFF,0.01,90.85,0.077265,1135.65,-50.52,1.37,-51.89,-51.89,9085.23,9033.34
306,SOL/INR,1h,LONG,2025-08-21 05:30:00+05:30,2025-08-22 00:30:00+05:30,187.86,15685.96,172.83,232.94,182.07,15202.88,INTRADAY_SQUAREOFF,0.01,90.33,0.071986,1129.17,-34.78,1.31,-36.09,-36.09,9033.34,8997.25
307,SOL/INR,1h,SHORT,2025-08-22 05:30:00+05:30,2025-08-22 20:30:00+05:30,179.91,15022.18,194.3,136.73,194.4,16232.07,STOP_LOSS,0.01,89.97,0.074866,1124.66,-90.58,1.38,-91.96,-91.96,8997.25,8905.29
308,SOL/INR,1h,LONG,2025-08-23 01:30:00+05:30,2025-08-24 00:30:00+05:30,199.2,16632.94,183.26,247.0,203.77,17014.63,INTRADAY_SQUAREOFF,0.01,89.05,0.066925,1113.16,25.54,1.33,24.22,24.22,8905.29,8929.51
309,SOL/INR,1h,LONG,2025-08-24 14:30:00+05:30,2025-08-25 00:30:00+05:30,208.1,17376.26,191.45,258.04,211.06,17623.1,INTRADAY_SQUAREOFF,0.01,89.3,0.064236,1116.19,15.86,1.33,14.53,14.53,8929.51,8944.04
310,SOL/INR,1h,SHORT,2025-08-25 21:30:00+05:30,2025-08-26 00:30:00+05:30,196.34,16394.15,212.04,149.22,196.76,16429.51,INTRADAY_SQUAREOFF,0.01,89.44,0.068195,1118.0,-2.41,1.32,-3.73,-3.73,8944.04,8940.3
311,SOL/INR,1h,SHORT,2025-08-26 06:30:00+05:30,2025-08-27 00:30:00+05:30,186.18,15545.63,201.07,141.49,194.87,16271.51,INTRADAY_SQUAREOFF,0.01,89.4,0.071888,1117.54,-52.18,1.35,-53.53,-53.53,8940.3,8886.77
312,SOL/INR,1h,LONG,2025-08-27 08:30:00+05:30,2025-08-28 00:30:00+05:30,199.56,16662.95,183.59,247.45,209.15,17463.98,INTRADAY_SQUAREOFF,0.01,88.87,0.066666,1110.85,53.4,1.34,52.06,52.06,8886.77,8938.83
313,SOL/INR,1h,LONG,2025-08-28 20:30:00+05:30,2025-08-29 00:30:00+05:30,215.51,17995.25,198.27,267.23,212.05,17706.18,INTRADAY_SQUAREOFF,0.01,89.39,0.062092,1117.35,-17.95,1.31,-19.26,-19.26,8938.83,8919.58
314,SOL/INR,1h,LONG,2025-08-29 02:30:00+05:30,2025-08-30 00:30:00+05:30,213.61,17836.53,196.52,264.88,202.08,16873.51,INTRADAY_SQUAREOFF,0.01,89.2,0.062509,1114.95,-60.2,1.28,-61.48,-61.48,8919.58,8858.1
315,SOL/INR,1h,SHORT,2025-08-30 02:30:00+05:30,2025-08-31 00:30:00+05:30,201.21,16800.85,217.3,152.92,201.25,16804.52,INTRADAY_SQUAREOFF,0.01,88.58,0.065905,1107.26,-0.24,1.31,-1.55,-1.55,8858.1,8856.55
316,SOL/INR,1h,LONG,2025-08-31 14:30:00+05:30,2025-09-01 00:30:00+05:30,205.56,17164.28,189.12,254.89,205.45,17155.27,INTRADAY_SQUAREOFF,0.01,88.57,0.064498,1107.07,-0.58,1.31,-1.89,-1.89,8856.55,8854.66
317,SOL/INR,1h,SHORT,2025-09-01 15:30:00+05:30,2025-09-02 00:30:00+05:30,201.25,16804.61,217.35,152.95,199.34,16644.64,INTRADAY_SQUAREOFF,0.01,88.55,0.065865,1106.83,10.54,1.3,9.24,9.24,8854.66,8863.9
318,SOL/INR,1h,SHORT,2025-09-02 02:30:00+05:30,2025-09-03 00:30:00+05:30,196.94,16444.84,212.7,149.68,206.07,17206.76,INTRADAY_SQUAREOFF,0.01,88.64,0.067376,1107.99,-51.34,1.34,-52.67,-52.67,8863.9,8811.23
319,SOL/INR,1h,LONG,2025-09-03 07:30:00+05:30,2025-09-04 00:30:00+05:30,211.08,17624.86,194.19,261.73,209.38,17482.99,INTRADAY_SQUAREOFF,0.01,88.11,0.062491,1101.4,-8.87,1.29,-10.16,-10.16,8811.23,8801.07
320,SOL/INR,1h,LONG,2025-09-04 05:30:00+05:30,2025-09-05 00:30:00+05:30,210.86,17606.99,193.99,261.47,203.05,16955.09,INTRADAY_SQUAREOFF,0.01,88.01,0.062483,1100.13,-40.73,1.27,-42.01,-42.01,8801.07,8759.06
321,SOL/INR,1h,SHORT,2025-09-05 05:30:00+05:30,2025-09-06 00:30:00+05:30,202.43,16903.07,218.63,153.85,204.39,17066.97,INTRADAY_SQUAREOFF,0.01,87.59,0.064774,1094.88,-10.62,1.3,-11.92,-11.92,8759.06,8747.14
322,SOL/INR,1h,SHORT,2025-09-06 03:30:00+05:30,2025-09-07 00:30:00+05:30,203.06,16955.92,219.31,154.33,200.12,16709.79,INTRADAY_SQUAREOFF,0.01,87.47,0.064484,1093.39,15.87,1.28,14.59,14.59,8747.14,8761.73
323,SOL/INR,1h,SHORT,2025-09-07 04:30:00+05:30,2025-09-08 00:30:00+05:30,200.11,16708.96,216.12,152.08,202.24,16887.4,INTRADAY_SQUAREOFF,0.01,87.62,0.065547,1095.22,-11.7,1.3,-13.0,-13.0,8761.73,8748.74
324,SOL/INR,1h,LONG,2025-09-08 07:30:00+05:30,2025-09-09 00:30:00+05:30,207.19,17299.96,190.61,256.91,216.64,18089.12,INTRADAY_SQUAREOFF,0.01,87.49,0.063214,1093.59,49.89,1.32,48.57,48.57,8748.74,8797.31
325,SOL/INR,1h,LONG,2025-09-09 09:30:00+05:30,2025-09-10 00:30:00+05:30,214.28,17892.79,197.14,265.71,216.31,18061.79,INTRADAY_SQUAREOFF,0.01,87.97,0.061458,1099.66,10.39,1.3,9.08,9.08,8797.31,8806.39
326,SOL/INR,1h,LONG,2025-09-10 12:30:00+05:30,2025-09-11 00:30:00+05:30,219.61,18337.32,202.04,272.31,222.44,18573.89,INTRADAY_SQUAREOFF,0.01,88.06,0.06003,1100.8,14.2,1.31,12.89,12.89,8806.39,8819.28
327,SOL/INR,1h,LONG,2025-09-11 03:30:00+05:30,2025-09-12 00:30:00+05:30,223.6,18670.95,205.72,277.27,226.21,18888.8,INTRADAY_SQUAREOFF,0.01,88.19,0.059044,1102.41,12.86,1.31,11.55,11.55,8819.28,8830.84
328,SOL/INR,1h,LONG,2025-09-12 03:30:00+05:30,2025-09-13 00:30:00+05:30,227.02,18955.81,208.85,281.5,240.59,20089.31,INTRADAY_SQUAREOFF,0.01,88.31,0.058233,1103.85,66.01,1.34,64.67,64.67,8830.84,8895.5
329,SOL/INR,1h,LONG,2025-09-13 05:30:00+05:30,2025-09-14 00:30:00+05:30,242.76,20270.59,223.34,301.02,238.45,19910.47,INTRADAY_SQUAREOFF,0.01,88.96,0.054855,1111.94,-19.75,1.3,-21.05,-21.05,8895.5,8874.45
330,SOL/INR,1h,LONG,2025-09-14 11:30:00+05:30,2025-09-15 00:30:00+05:30,248.09,20715.23,228.24,307.63,245.09,20465.32,INTRADAY_SQUAREOFF,0.01,88.74,0.05355,1109.31,-13.38,1.3,-14.68,-14.68,8874.45,8859.76
331,SOL/INR,1h,LONG,2025-09-15 03:30:00+05:30,2025-09-16 00:30:00+05:30,244.31,20400.16,224.77,302.95,233.34,19484.07,INTRADAY_SQUAREOFF,0.01,88.6,0.054287,1107.47,-49.73,1.28,-51.01,-51.01,8859.76,8808.75
332,SOL/INR,1h,SHORT,2025-09-16 06:30:00+05:30,2025-09-17 00:30:00+05:30,233.05,19460.04,251.7,177.12,237.94,19868.4,INTRADAY_SQUAREOFF,0.01,88.09,0.056582,1101.09,-23.11,1.31,-24.42,-24.42,8808.75,8784.34
333,SOL/INR,1h,LONG,2025-09-18 07:30:00+05:30,2025-09-19 00:30:00+05:30,247.37,20655.19,227.58,306.74,250.45,20912.73,INTRADAY_SQUAREOFF,0.01,87.84,0.053161,1098.04,13.69,1.3,12.39,12.39,8784.34,8796.72
334,SOL/INR,1h,SHORT,2025-09-19 20:30:00+05:30,2025-09-20 00:30:00+05:30,239.56,20003.53,258.73,182.07,237.02,19791.33,INTRADAY_SQUAREOFF,0.01,87.97,0.05497,1099.59,11.66,1.29,10.37,10.37,8796.72,8807.1
335,SOL/INR,1h,SHORT,2025-09-20 09:30:00+05:30,2025-09-21 00:30:00+05:30,237.99,19872.27,257.03,180.87,238.68,19930.07,INTRADAY_SQUAREOFF,0.01,88.07,0.055398,1100.89,-3.2,1.3,-4.5,-4.5,8807.1,8802.59
336,SOL/INR,1h,SHORT,2025-09-22 06:30:00+05:30,2025-09-23 00:30:00+05:30,232.23,19391.47,250.81,176.5,220.0,18369.59,INTRADAY_SQUAREOFF,0.01,88.03,0.056743,1100.32,57.98,1.26,56.72,56.72,8802.59,8859.31
337,SOL/INR,1h,SHORT,2025-09-23 06:30:00+05:30,2025-09-24 00:30:00+05:30,219.68,18342.88,237.25,166.95,215.82,18020.96,INTRADAY_SQUAREOFF,0.01,88.59,0.060373,1107.41,19.44,1.3,18.14,18.14,8859.31,8877.45
338,SOL/INR,1h,SHORT,2025-09-24 05:30:00+05:30,2025-09-25 00:30:00+05:30,213.57,17832.89,230.65,162.31,214.12,17879.3,INTRADAY_SQUAREOFF,0.01,88.77,0.062227,1109.68,-2.89,1.31,-4.2,-4.2,8877.45,8873.26
339,SOL/INR,1h,SHORT,2025-09-25 09:30:00+05:30,2025-09-26 00:30:00+05:30,206.64,17254.22,223.17,157.04,199.5,16658.56,INTRADAY_SQUAREOFF,0.01,88.73,0.064283,1109.16,38.29,1.29,37.0,37.0,8873.26,8910.26
340,SOL/INR,1h,SHORT,2025-09-26 04:30:00+05:30,2025-09-27 00:30:00+05:30,194.16,16211.98,209.69,147.56,202.23,16886.2,INTRADAY_SQUAREOFF,0.01,89.1,0.068701,1113.78,-46.32,1.34,-47.66,-47.66,8910.26,8862.6
341,SOL/INR,1h,LONG,2025-09-27 03:30:00+05:30,2025-09-28 00:30:00+05:30,202.5,16908.85,186.3,251.1,201.62,16835.59,INTRADAY_SQUAREOFF,0.01,88.63,0.065517,1107.82,-4.8,1.3,-6.1,-6.1,8862.6,8856.49
342,SOL/INR,1h,LONG,2025-09-29 04:30:00+05:30,2025-09-30 00:30:00+05:30,209.95,17531.02,193.16,260.34,210.6,17584.91,INTRADAY_SQUAREOFF,0.01,88.56,0.063149,1107.06,3.4,1.31,2.09,2.09,8856.49,8858.59
343,SOL/INR,1h,SHORT,2025-09-30 21:30:00+05:30,2025-10-01 00:30:00+05:30,205.04,17120.56,221.44,155.83,207.75,17347.43,INTRADAY_SQUAREOFF,0.01,88.59,0.064678,1107.32,-14.67,1.32,-15.99,-15.99,8858.59,8842.6
344,SOL/INR,1h,LONG,2025-10-01 19:30:00+05:30,2025-10-02 00:30:00+05:30,219.78,18351.44,202.2,272.52,219.12,18296.32,INTRADAY_SQUAREOFF,0.01,88.43,0.060231,1105.33,-3.32,1.3,-4.62,-4.62,8842.6,8837.98
345,SOL/INR,1h,LONG,2025-10-02 05:30:00+05:30,2025-10-03 00:30:00+05:30,221.79,18519.87,204.05,275.03,232.53,19416.32,INTRADAY_SQUAREOFF,0.01,88.38,0.059652,1104.75,53.48,1.34,52.14,52.14,8837.98,8890.12
346,SOL/INR,1h,LONG,2025-10-03 05:30:00+05:30,2025-10-04 00:30:00+05:30,234.97,19619.83,216.17,291.36,233.42,19490.7,INTRADAY_SQUAREOFF,0.01,88.9,0.05664,1111.26,-7.31,1.31,-8.62,-8.62,8890.12,8881.5
347,SOL/INR,1h,SHORT,2025-10-04 20:30:00+05:30,2025-10-05 00:30:00+05:30,226.9,18946.38,245.06,172.45,226.25,18892.23,INTRADAY_SQUAREOFF,0.01,88.81,0.058596,1110.19,3.17,1.31,1.87,1.87,8881.5,8883.36
348,SOL/INR,1h,SHORT,2025-10-05 06:30:00+05:30,2025-10-06 00:30:00+05:30,226.8,18937.4,244.94,172.36,229.12,19131.49,INTRADAY_SQUAREOFF,0.01,88.83,0.058636,1110.42,-11.38,1.32,-12.7,-12.7,8883.36,8870.67
349,SOL/INR,1h,LONG,2025-10-06 21:30:00+05:30,2025-10-07 00:30:00+05:30,236.33,19733.94,217.43,293.05,236.64,19759.27,INTRADAY_SQUAREOFF,0.01,88.71,0.056189,1108.83,1.42,1.31,0.11,0.11,8870.67,8870.78
350,SOL/INR,1h,SHORT,2025-10-08 00:30:00+05:30,2025-10-09 00:30:00+05:30,221.5,18495.29,239.22,168.34,229.0,19121.54,INTRADAY_SQUAREOFF,0.01,88.71,0.059953,1108.85,-37.55,1.33,-38.88,-38.88,8870.78,8831.9
351,SOL/INR,1h,SHORT,2025-10-09 21:30:00+05:30,2025-10-10 00:30:00+05:30,219.1,18294.73,236.63,166.51,217.8,18186.19,INTRADAY_SQUAREOFF,0.01,88.32,0.060345,1103.99,6.55,1.3,5.25,5.25,8831.9,8837.16
352,SOL/INR,1h,SHORT,2025-10-10 08:30:00+05:30,2025-10-11 00:30:00+05:30,220.2,18386.37,237.81,167.35,208.01,17369.09,INTRADAY_SQUAREOFF,0.01,88.37,0.06008,1104.64,61.12,1.27,59.85,59.85,8837.16,8897.01
353,SOL/INR,1h,SHORT,2025-10-11 07:30:00+05:30,2025-10-12 00:30:00+05:30,183.07,15286.46,197.72,139.13,182.73,15258.18,INTRADAY_SQUAREOFF,0.01,88.97,0.072752,1112.13,2.06,1.31,0.75,0.75,8897.01,8897.75
354,SOL/INR,1h,SHORT,2025-10-12 06:30:00+05:30,2025-10-12 19:30:00+05:30,173.46,14484.15,187.34,131.83,187.43,15650.7,STOP_LOSS,0.01,88.98,0.076789,1112.22,-89.58,1.37,-90.94,-90.94,8897.75,8806.81
355,SOL/INR,1h,LONG,2025-10-13 01:30:00+05:30,2025-10-14 00:30:00+05:30,196.22,16384.34,180.52,243.31,205.98,17199.18,INTRADAY_SQUAREOFF,0.01,88.07,0.067189,1100.85,54.75,1.33,53.42,53.42,8806.81,8860.23
356,SOL/INR,1h,SHORT,2025-10-14 18:30:00+05:30,2025-10-15 00:30:00+05:30,192.82,16100.65,208.25,146.54,201.68,16840.3,INTRADAY_SQUAREOFF,0.01,88.6,0.068788,1107.53,-50.88,1.34,-52.22,-52.22,8860.23,8808.01
357,SOL/INR,1h,SHORT,2025-10-16 01:30:00+05:30,2025-10-17 00:30:00+05:30,194.68,16255.43,210.25,147.95,189.1,15789.48,INTRADAY_SQUAREOFF,0.01,88.08,0.067731,1101.0,31.56,1.28,30.28,30.28,8808.01,8838.29
358,SOL/INR,1h,SHORT,2025-10-17 11:30:00+05:30,2025-10-18 00:30:00+05:30,185.59,15497.17,200.44,141.05,183.55,15326.52,INTRADAY_SQUAREOFF,0.01,88.38,0.07129,1104.79,12.17,1.3,10.87,10.87,8838.29,8849.16
359,SOL/INR,1h,LONG,2025-10-19 00:30:00+05:30,2025-10-20 00:30:00+05:30,186.12,15540.88,171.23,230.79,190.09,15872.22,INTRADAY_SQUAREOFF,0.01,88.49,0.071176,1106.14,23.58,1.32,22.26,22.26,8849.16,8871.42
360,SOL/INR,1h,LONG,2025-10-20 04:30:00+05:30,2025-10-21 00:30:00+05:30,190.18,15880.19,174.97,235.83,188.14,15710.07,INTRADAY_SQUAREOFF,0.01,88.71,0.069831,1108.93,-11.88,1.3,-13.18,-13.18,8871.42,8858.24
361,SOL/INR,1h,SHORT,2025-10-21 19:30:00+05:30,2025-10-22 00:30:00+05:30,184.59,15412.94,199.35,140.29,194.38,16230.95,INTRADAY_SQUAREOFF,0.01,88.58,0.071841,1107.28,-58.77,1.34,-60.11,-60.11,8858.24,8798.13
362,SOL/INR,1h,SHORT,2025-10-22 23:30:00+05:30,2025-10-23 01:30:00+05:30,181.5,15155.65,196.03,137.94,180.49,15071.11,INTRADAY_SQUAREOFF,0.01,87.98,0.072565,1099.77,6.13,1.29,4.84,4.84,8798.13,8802.97
363,SOL/INR,1h,LONG,2025-10-23 15:30:00+05:30,2025-10-24 00:30:00+05:30,188.71,15757.63,173.62,234.01,191.51,15991.15,INTRADAY_SQUAREOFF,0.01,88.03,0.069831,1100.37,16.31,1.31,15.0,15.0,8802.97,8817.97
364,SOL/INR,1h,LONG,2025-10-24 04:30:00+05:30,2025-10-25 00:30:00+05:30,190.58,15913.18,175.33,236.32,191.69,16006.36,INTRADAY_SQUAREOFF,0.01,88.18,0.069266,1102.25,6.45,1.3,5.15,5.15,8817.97,8823.12
365,SOL/INR,1h,LONG,2025-10-25 10:30:00+05:30,2025-10-26 00:30:00+05:30,194.49,16239.93,178.93,241.17,194.01,16200.11,INTRADAY_SQUAREOFF,0.01,88.23,0.067912,1102.89,-2.7,1.3,-4.0,-4.0,8823.12,8819.12
366,SOL/INR,1h,LONG,2025-10-26 17:30:00+05:30,2025-10-27 00:30:00+05:30,197.71,16508.42,181.89,245.15,199.13,16627.44,INTRADAY_SQUAREOFF,0.01,88.19,0.066777,1102.39,7.95,1.31,6.64,6.64,8819.12,8825.76
367,SOL/INR,1h,LONG,2025-10-27 04:30:00+05:30,2025-10-28 00:30:00+05:30,200.58,16748.57,184.54,248.72,201.72,16843.65,INTRADAY_SQUAREOFF,0.01,88.26,0.06587,1103.22,6.26,1.31,4.96,4.96,8825.76,8830.72
368,SOL/INR,1h,SHORT,2025-10-28 11:30:00+05:30,2025-10-29 00:30:00+05:30,198.86,16604.75,214.77,151.13,199.62,16668.63,INTRADAY_SQUAREOFF,0.01,88.31,0.066477,1103.84,-4.25,1.31,-5.55,-5.55,8830.72,8825.17
369,SOL/INR,1h,SHORT,2025-10-29 14:30:00+05:30,2025-10-30 00:30:00+05:30,194.23,16218.61,209.77,147.62,194.57,16246.86,INTRADAY_SQUAREOFF,0.01,88.25,0.068017,1103.15,-1.92,1.3,-3.22,-3.22,8825.17,8821.94
370,SOL/INR,1h,SHORT,2025-10-30 10:30:00+05:30,2025-10-31 00:30:00+05:30,190.77,15928.92,206.03,144.98,181.45,15150.81,INTRADAY_SQUAREOFF,0.01,88.22,0.069229,1102.74,53.87,1.27,52.6,52.6,8821.94,8874.54
371,SOL/INR,1h,SHORT,2025-11-03 11:30:00+05:30,2025-11-04 00:30:00+05:30,176.64,14749.25,190.77,134.24,168.06,14032.62,INTRADAY_SQUAREOFF,0.01,88.75,0.075212,1109.32,53.9,1.28,52.62,52.62,8874.54,8927.16
372,SOL/INR,1h,SHORT,2025-11-04 10:30:00+05:30,2025-11-05 00:30:00+05:30,164.89,13768.33,178.08,125.32,156.34,13054.04,INTRADAY_SQUAREOFF,0.01,89.27,0.081048,1115.9,57.89,1.28,56.61,56.61,8927.16,8983.77
373,SOL/INR,1h,SHORT,2025-11-05 13:30:00+05:30,2025-11-06 00:30:00+05:30,155.73,13003.14,168.18,118.35,163.28,13634.2,INTRADAY_SQUAREOFF,0.01,89.84,0.086362,1122.97,-54.5,1.36,-55.86,-55.86,8983.77,8927.91
374,SOL/INR,1h,LONG,2025-11-06 08:30:00+05:30,2025-11-07 00:30:00+05:30,162.1,13535.61,149.13,201.01,157.33,13136.78,INTRADAY_SQUAREOFF,0.01,89.28,0.082448,1115.99,-32.88,1.3,-34.18,-34.18,8927.91,8893.73
375,SOL/INR,1h,SHORT,2025-11-07 15:30:00+05:30,2025-11-08 00:30:00+05:30,154.24,12878.72,166.58,117.22,162.04,13529.94,INTRADAY_SQUAREOFF,0.01,88.94,0.086322,1111.72,-56.21,1.34,-57.56,-57.56,8893.73,8836.17
376,SOL/INR,1h,LONG,2025-11-08 14:30:00+05:30,2025-11-09 00:30:00+05:30,161.82,13511.76,148.87,200.65,157.84,13179.27,INTRADAY_SQUAREOFF,0.01,88.36,0.081745,1104.52,-27.18,1.29,-28.47,-28.47,8836.17,8807.71
377,SOL/INR,1h,SHORT,2025-11-09 06:30:00+05:30,2025-11-10 00:30:00+05:30,156.54,13070.98,169.06,118.97,163.83,13679.84,INTRADAY_SQUAREOFF,0.01,88.08,0.08423,1100.96,-51.28,1.33,-52.61,-52.61,8807.71,8755.09
378,SOL/INR,1h,LONG,2025-11-10 06:30:00+05:30,2025-11-11 00:30:00+05:30,168.23,14047.19,154.77,208.6,166.03,13863.85,INTRADAY_SQUAREOFF,0.01,87.55,0.077908,1094.39,-14.28,1.28,-15.57,-15.57,8755.09,8739.53
379,SOL/INR,1h,LONG,2025-11-11 08:30:00+05:30,2025-11-12 00:30:00+05:30,170.79,14260.71,157.12,211.78,158.92,13269.94,INTRADAY_SQUAREOFF,0.01,87.4,0.076605,1092.44,-75.9,1.24,-77.14,-77.14,8739.53,8662.39
380,SOL/INR,1h,SHORT,2025-11-12 05:30:00+05:30,2025-11-13 00:30:00+05:30,154.19,12874.82,166.52,117.18,153.22,12793.89,INTRADAY_SQUAREOFF,0.01,86.62,0.084102,1082.8,6.81,1.27,5.53,5.53,8662.39,8667.92
381,SOL/INR,1h,SHORT,2025-11-13 06:30:00+05:30,2025-11-14 00:30:00+05:30,152.73,12752.93,164.95,116.07,145.45,12144.89,INTRADAY_SQUAREOFF,0.01,86.68,0.08496,1083.49,51.66,1.25,50.41,50.41,8667.92,8718.33
382,SOL/INR,1h,SHORT,2025-11-14 06:30:00+05:30,2025-11-15 00:30:00+05:30,143.2,11957.61,154.66,108.84,141.15,11785.85,INTRADAY_SQUAREOFF,0.01,87.18,0.091138,1089.79,15.65,1.28,14.38,14.38,8718.33,8732.71
383,SOL/INR,1h,SHORT,2025-11-15 02:30:00+05:30,2025-11-16 00:30:00+05:30,139.53,11651.15,150.7,106.05,142.39,11889.4,INTRADAY_SQUAREOFF,0.01,87.33,0.093689,1091.59,-22.32,1.3,-23.62,-23.62,8732.71,8709.08
384,SOL/INR,1h,SHORT,2025-11-16 19:30:00+05:30,2025-11-17 00:30:00+05:30,139.02,11608.2,150.14,105.66,135.67,11328.75,INTRADAY_SQUAREOFF,0.01,87.09,0.093782,1088.64,26.21,1.27,24.94,24.94,8709.08,8734.02
385,SOL/INR,1h,SHORT,2025-11-21 21:30:00+05:30,2025-11-22 00:30:00+05:30,125.14,10448.88,135.15,95.1,129.64,10824.57,INTRADAY_SQUAREOFF,0.01,87.34,0.104485,1091.75,-39.25,1.31,-40.57,-40.57,8734.02,8693.46
386,SOL/INR,1h,SHORT,2025-11-22 04:30:00+05:30,2025-11-23 00:30:00+05:30,125.6,10487.53,135.65,95.46,127.76,10668.0,INTRADAY_SQUAREOFF,0.01,86.93,0.103617,1086.68,-18.7,1.29,-19.99,-19.99,8693.46,8673.46
387,SOL/INR,1h,LONG,2025-11-23 14:30:00+05:30,2025-11-24 00:30:00+05:30,129.61,10822.15,119.24,160.71,132.08,11028.55,INTRADAY_SQUAREOFF,0.01,86.73,0.100182,1084.18,20.68,1.29,19.39,19.39,8673.46,8692.85
388,SOL/INR,1h,LONG,2025-11-25 02:30:00+05:30,2025-11-26 00:30:00+05:30,139.2,11622.96,128.06,172.6,136.47,11395.15,INTRADAY_SQUAREOFF,0.01,86.93,0.093488,1086.61,-21.3,1.27,-22.57,-22.57,8692.85,8670.28
389,SOL/INR,1h,LONG,2025-11-26 12:30:00+05:30,2025-11-27 00:30:00+05:30,139.72,11666.22,128.54,173.25,144.32,12050.97,INTRADAY_SQUAREOFF,0.01,86.7,0.092899,1083.79,35.74,1.3,34.44,34.44,8670.28,8704.72
390,SOL/INR,1h,LONG,2025-11-27 12:30:00+05:30,2025-11-28 00:30:00+05:30,144.01,12024.98,132.49,178.57,142.91,11932.89,INTRADAY_SQUAREOFF,0.01,87.05,0.090486,1088.09,-8.33,1.28,-9.61,-9.61,8704.72,8695.11
391,SOL/INR,1h,SHORT,2025-11-28 12:30:00+05:30,2025-11-29 00:30:00+05:30,139.36,11636.18,150.5,105.91,137.16,11452.96,INTRADAY_SQUAREOFF,0.01,86.95,0.093406,1086.89,17.11,1.27,15.84,15.84,8695.11,8710.95
392,SOL/INR,1h,SHORT,2025-12-01 15:30:00+05:30,2025-12-02 00:30:00+05:30,126.9,10596.49,137.06,96.45,124.37,10384.92,INTRADAY_SQUAREOFF,0.01,87.11,0.102758,1088.87,21.74,1.27,20.47,20.47,8710.95,8731.42
393,SOL/INR,1h,LONG,2025-12-03 08:30:00+05:30,2025-12-04 00:30:00+05:30,140.24,11709.82,129.02,173.89,141.23,11792.51,INTRADAY_SQUAREOFF,0.01,87.31,0.093206,1091.43,7.71,1.29,6.41,6.41,8731.42,8737.84
394,SOL/INR,1h,LONG,2025-12-04 15:30:00+05:30,2025-12-05 00:30:00+05:30,144.12,12033.75,132.59,178.7,140.67,11745.82,INTRADAY_SQUAREOFF,0.01,87.38,0.090764,1092.23,-26.13,1.27,-27.41,-27.41,8737.84,8710.43
395,SOL/INR,1h,SHORT,2025-12-05 03:30:00+05:30,2025-12-06 00:30:00+05:30,138.7,11581.65,149.8,105.41,131.35,10968.04,INTRADAY_SQUAREOFF,0.01,87.1,0.094011,1088.8,57.69,1.25,56.44,56.44,8710.43,8766.87
396,SOL/INR,1h,SHORT,2025-12-06 10:30:00+05:30,2025-12-07 00:30:00+05:30,133.2,11122.44,143.86,101.23,132.9,11097.02,INTRADAY_SQUAREOFF,0.01,87.67,0.098527,1095.86,2.5,1.29,1.21,1.21,8766.87,8768.08
397,SOL/INR,1h,SHORT,2025-12-07 04:30:00+05:30,2025-12-08 00:30:00+05:30,132.14,11033.55,142.71,100.43,136.05,11360.5,INTRADAY_SQUAREOFF,0.01,87.68,0.099334,1096.01,-32.48,1.31,-33.79,-33.79,8768.08,8734.29
398,SOL/INR,1h,LONG,2025-12-08 07:30:00+05:30,2025-12-09 00:30:00+05:30,133.81,11173.26,123.11,165.93,133.6,11155.72,INTRADAY_SQUAREOFF,0.01,87.34,0.097714,1091.79,-1.71,1.29,-3.0,-3.0,8734.29,8731.29
399,SOL/INR,1h,SHORT,2025-12-09 04:30:00+05:30,2025-12-09 22:30:00+05:30,133.58,11153.65,144.26,101.52,144.33,12051.96,STOP_LOSS,0.01,87.31,0.097852,1091.41,-87.9,1.34,-89.24,-89.24,8731.29,8642.05
400,SOL/INR,1h,SHORT,2025-12-11 06:30:00+05:30,2025-12-12 00:30:00+05:30,133.62,11157.39,144.31,101.55,134.35,11218.39,INTRADAY_SQUAREOFF,0.01,86.42,0.09682,1080.26,-5.91,1.28,-7.18,-7.18,8642.05,8634.86
401,SOL/INR,1h,LONG,2025-12-12 02:30:00+05:30,2025-12-13 00:30:00+05:30,136.12,11365.8,125.23,168.79,132.83,11091.32,INTRADAY_SQUAREOFF,0.01,86.35,0.094965,1079.36,-26.07,1.26,-27.32,-27.32,8634.86,8607.54
402,SOL/INR,1h,SHORT,2025-12-13 17:30:00+05:30,2025-12-14 00:30:00+05:30,133.34,11134.05,144.01,101.34,132.46,11060.77,INTRADAY_SQUAREOFF,0.01,86.08,0.096635,1075.94,7.08,1.27,5.82,5.82,8607.54,8613.35
403,SOL/INR,1h,SHORT,2025-12-14 09:30:00+05:30,2025-12-15 00:30:00+05:30,132.93,11099.47,143.56,101.03,130.69,10912.33,INTRADAY_SQUAREOFF,0.01,86.13,0.097002,1076.67,18.15,1.26,16.89,16.89,8613.35,8630.25
404,SOL/INR,1h,LONG,2025-12-15 15:30:00+05:30,2025-12-16 00:30:00+05:30,132.79,11088.37,122.17,164.67,124.82,10422.56,INTRADAY_SQUAREOFF,0.01,86.3,0.097289,1078.78,-64.78,1.23,-66.01,-66.01,8630.25,8564.24
405,SOL/INR,1h,SHORT,2025-12-16 13:30:00+05:30,2025-12-17 00:30:00+05:30,125.67,10493.12,135.72,95.51,128.03,10690.25,INTRADAY_SQUAREOFF,0.01,85.64,0.102022,1070.53,-20.11,1.28,-21.39,-21.39,8564.24,8542.85
406,SOL/INR,1h,LONG,2025-12-17 08:30:00+05:30,2025-12-18 00:30:00+05:30,129.42,10806.25,119.06,160.48,122.01,10187.59,INTRADAY_SQUAREOFF,0.01,85.43,0.098818,1067.86,-61.14,1.22,-62.36,-62.36,8542.85,8480.49
407,SOL/INR,1h,SHORT,2025-12-18 11:30:00+05:30,2025-12-19 00:30:00+05:30,122.31,10213.3,132.1,92.96,121.53,10147.78,INTRADAY_SQUAREOFF,0.01,84.8,0.103792,1060.06,6.8,1.25,5.55,5.55,8480.49,8486.04
408,SOL/INR,1h,SHORT,2025-12-19 06:30:00+05:30,2025-12-20 00:30:00+05:30,118.1,9861.75,127.55,89.76,124.91,10429.77,INTRADAY_SQUAREOFF,0.01,84.86,0.107563,1060.76,-61.1,1.29,-62.39,-62.39,8486.04,8423.66
409,SOL/INR,1h,LONG,2025-12-20 17:30:00+05:30,2025-12-21 00:30:00+05:30,126.41,10555.48,116.3,156.75,125.88,10510.9,INTRADAY_SQUAREOFF,0.01,84.24,0.099755,1052.96,-4.45,1.24,-5.69,-5.69,8423.66,8417.97
410,SOL/INR,1h,SHORT,2025-12-22 03:30:00+05:30,2025-12-23 00:30:00+05:30,124.73,10414.99,134.71,94.8,126.84,10590.92,INTRADAY_SQUAREOFF,0.01,84.18,0.101032,1052.25,-17.77,1.25,-19.03,-19.03,8417.97,8398.95
411,SOL/INR,1h,SHORT,2025-12-23 08:30:00+05:30,2025-12-24 00:30:00+05:30,125.52,10480.82,135.56,95.39,123.95,10349.44,INTRADAY_SQUAREOFF,0.01,83.99,0.10017,1049.87,13.16,1.23,11.93,11.93,8398.95,8410.88
412,SOL/INR,1h,SHORT,2025-12-24 07:30:00+05:30,2025-12-25 00:30:00+05:30,122.9,10262.38,132.73,93.41,122.47,10226.15,INTRADAY_SQUAREOFF,0.01,84.11,0.102448,1051.36,3.71,1.24,2.47,2.47,8410.88,8413.35
413,SOL/INR,1h,LONG,2025-12-26 00:30:00+05:30,2025-12-27 00:30:00+05:30,124.05,10358.13,114.13,153.82,121.95,10182.53,INTRADAY_SQUAREOFF,0.01,84.13,0.101531,1051.67,-17.83,1.23,-19.06,-19.06,8413.35,8394.29
414,SOL/INR,1h,LONG,2025-12-28 13:30:00+05:30,2025-12-29 00:30:00+05:30,124.17,10368.14,114.24,153.97,123.08,10277.3,INTRADAY_SQUAREOFF,0.01,83.94,0.101203,1049.29,-9.19,1.23,-10.43,-10.43,8394.29,8383.86
415,SOL/INR,1h,SHORT,2025-12-30 00:30:00+05:30,2025-12-31 00:30:00+05:30,122.95,10265.98,132.78,93.44,124.49,10395.17,INTRADAY_SQUAREOFF,0.01,83.84,0.102083,1047.98,-13.19,1.24,-14.43,-14.43,8383.86,8369.43
416,SOL/INR,1h,LONG,2025-12-31 05:30:00+05:30,2026-01-01 00:30:00+05:30,125.01,10438.16,115.01,155.01,124.56,10400.95,INTRADAY_SQUAREOFF,0.01,83.69,0.100226,1046.18,-3.73,1.23,-4.96,-4.96,8369.43,8364.47
417,SOL/INR,1h,SHORT,2026-01-01 09:30:00+05:30,2026-01-02 00:30:00+05:30,124.85,10424.89,134.84,94.89,125.16,10451.01,INTRADAY_SQUAREOFF,0.01,83.64,0.100294,1045.56,-2.62,1.24,-3.86,-3.86,8364.47,8360.61
418,SOL/INR,1h,LONG,2026-01-02 09:30:00+05:30,2026-01-03 00:30:00+05:30,127.71,10663.38,117.49,158.35,130.64,10908.56,INTRADAY_SQUAREOFF,0.01,83.61,0.098006,1045.08,24.03,1.25,22.78,22.78,8360.61,8383.4
419,SOL/INR,1h,LONG,2026-01-03 04:30:00+05:30,2026-01-04 00:30:00+05:30,133.04,11108.45,122.39,164.96,131.83,11008.12,INTRADAY_SQUAREOFF,0.01,83.83,0.094336,1047.92,-9.46,1.23,-10.7,-10.7,8383.4,8372.7
420,SOL/INR,1h,LONG,2026-01-04 09:30:00+05:30,2026-01-05 00:30:00+05:30,134.57,11236.77,123.81,166.87,134.04,11192.51,INTRADAY_SQUAREOFF,0.01,83.73,0.09314,1046.59,-4.12,1.23,-5.36,-5.36,8372.7,8367.34
421,SOL/INR,1h,LONG,2026-01-05 16:30:00+05:30,2026-01-06 00:30:00+05:30,135.92,11349.43,125.05,168.54,137.23,11458.61,INTRADAY_SQUAREOFF,0.01,83.67,0.092156,1045.92,10.06,1.24,8.82,8.82,8367.34,8376.17
422,SOL/INR,1h,LONG,2026-01-06 09:30:00+05:30,2026-01-07 00:30:00+05:30,138.5,11564.62,127.42,171.74,137.55,11485.69,INTRADAY_SQUAREOFF,0.01,83.76,0.090537,1047.02,-7.15,1.23,-8.38,-8.38,8376.17,8367.79
423,SOL/INR,1h,SHORT,2026-01-07 07:30:00+05:30,2026-01-08 00:30:00+05:30,138.8,11589.96,149.91,105.49,135.2,11288.86,INTRADAY_SQUAREOFF,0.01,83.68,0.090248,1045.97,27.17,1.22,25.96,25.96,8367.79,8393.75
424,SOL/INR,1h,SHORT,2026-01-08 09:30:00+05:30,2026-01-09 00:30:00+05:30,136.56,11402.38,147.48,103.78,138.04,11526.32,INTRADAY_SQUAREOFF,0.01,83.94,0.092017,1049.22,-11.41,1.24,-12.65,-12.65,8393.75,8381.1
425,SOL/INR,1h,LONG,2026-01-09 03:30:00+05:30,2026-01-10 00:30:00+05:30,139.56,11652.97,128.39,173.05,136.64,11409.58,INTRADAY_SQUAREOFF,0.01,83.81,0.089903,1047.64,-21.88,1.22,-23.1,-23.1,8381.1,8357.99
426,SOL/INR,1h,LONG,2026-01-12 00:30:00+05:30,2026-01-13 00:30:00+05:30,139.98,11688.64,128.79,173.58,141.05,11777.97,INTRADAY_SQUAREOFF,0.01,83.58,0.089382,1044.75,7.98,1.24,6.75,6.75,8357.99,8364.74
427,SOL/INR,1h,LONG,2026-01-14 01:30:00+05:30,2026-01-15 00:30:00+05:30,144.29,12047.81,132.74,178.91,146.37,12221.78,INTRADAY_SQUAREOFF,0.01,83.65,0.086787,1045.59,15.1,1.24,13.86,13.86,8364.74,8378.59
428,SOL/INR,1h,SHORT,2026-01-15 23:30:00+05:30,2026-01-16 01:30:00+05:30,142.57,11904.68,153.98,108.35,141.52,11817.26,INTRADAY_SQUAREOFF,0.01,83.79,0.087976,1047.32,7.69,1.23,6.46,6.46,8378.59,8385.05
429,SOL/INR,1h,SHORT,2026-01-16 09:30:00+05:30,2026-01-17 00:30:00+05:30,141.84,11843.96,153.19,107.8,143.58,11988.76,INTRADAY_SQUAREOFF,0.01,83.85,0.088495,1048.13,-12.81,1.24,-14.06,-14.06,8385.05,8370.99
430,SOL/INR,1h,LONG,2026-01-17 14:30:00+05:30,2026-01-18 00:30:00+05:30,144.24,12043.64,132.7,178.85,144.12,12034.14,INTRADAY_SQUAREOFF,0.01,83.71,0.086882,1046.37,-0.82,1.23,-2.06,-2.06,8370.99,8368.94
431,SOL/INR,1h,SHORT,2026-01-18 12:30:00+05:30,2026-01-19 00:30:00+05:30,142.52,11900.54,153.92,108.32,142.88,11930.65,INTRADAY_SQUAREOFF,0.01,83.69,0.087905,1046.12,-2.65,1.24,-3.88,-3.88,8368.94,8365.05
432,SOL/INR,1h,SHORT,2026-01-19 05:30:00+05:30,2026-01-20 00:30:00+05:30,137.89,11514.15,148.93,104.8,134.26,11210.91,INTRADAY_SQUAREOFF,0.01,83.65,0.090813,1045.63,27.54,1.22,26.32,26.32,8365.05,8391.37
433,SOL/INR,1h,SHORT,2026-01-20 03:30:00+05:30,2026-01-21 00:30:00+05:30,134.01,11189.59,144.73,101.85,127.05,10608.52,INTRADAY_SQUAREOFF,0.01,83.91,0.093741,1048.92,54.47,1.21,53.26,53.26,8391.37,8444.64
434,SOL/INR,1h,SHORT,2026-01-21 04:30:00+05:30,2026-01-22 00:30:00+05:30,125.82,10506.28,135.89,95.63,127.61,10655.17,INTRADAY_SQUAREOFF,0.01,84.45,0.100471,1055.58,-14.96,1.25,-16.21,-16.21,8444.64,8428.42
435,SOL/INR,1h,SHORT,2026-01-23 00:30:00+05:30,2026-01-24 00:30:00+05:30,127.59,10653.48,137.79,96.97,129.04,10774.95,INTRADAY_SQUAREOFF,0.01,84.28,0.098893,1053.55,-12.01,1.25,-13.26,-13.26,8428.42,8415.16
436,SOL/INR,1h,LONG,2026-01-24 08:30:00+05:30,2026-01-25 00:30:00+05:30,127.61,10655.42,117.4,158.24,127.14,10616.22,INTRADAY_SQUAREOFF,0.01,84.15,0.098719,1051.9,-3.87,1.24,-5.11,-5.11,8415.16,8410.05
437,SOL/INR,1h,LONG,2026-01-25 04:30:00+05:30,2026-01-26 00:30:00+05:30,127.51,10647.11,117.31,158.11,121.47,10143.16,INTRADAY_SQUAREOFF,0.01,84.1,0.098736,1051.26,-49.76,1.21,-50.97,-50.97,8410.05,8359.08
438,SOL/INR,1h,LONG,2026-01-27 03:30:00+05:30,2026-01-28 00:30:00+05:30,124.57,10401.87,114.61,154.47,125.53,10481.78,INTRADAY_SQUAREOFF,0.01,83.59,0.100452,1044.89,8.03,1.24,6.79,6.79,8359.08,8365.87
439,SOL/INR,1h,LONG,2026-01-28 12:30:00+05:30,2026-01-29 00:30:00+05:30,127.34,10633.26,117.16,157.91,125.73,10498.05,INTRADAY_SQUAREOFF,0.01,83.66,0.098346,1045.73,-13.3,1.23,-14.52,-14.52,8365.87,8351.35
440,SOL/INR,1h,SHORT,2026-01-29 15:30:00+05:30,2026-01-30 00:30:00+05:30,122.85,10257.64,132.67,93.36,115.76,9665.62,INTRADAY_SQUAREOFF,0.01,83.51,0.10177,1043.92,60.25,1.2,59.05,59.05,8351.35,8410.4
441,SOL/INR,1h,SHORT,2026-01-30 12:30:00+05:30,2026-01-31 00:30:00+05:30,113.18,9450.47,122.23,86.02,117.88,9842.77,INTRADAY_SQUAREOFF,0.01,84.1,0.111243,1051.3,-43.64,1.27,-44.91,-44.91,8410.4,8365.5
442,SOL/INR,1h,SHORT,2026-01-31 18:30:00+05:30,2026-02-01 00:30:00+05:30,115.03,9605.19,124.23,87.42,101.66,8488.68,INTRADAY_SQUAREOFF,0.01,83.65,0.108867,1045.69,121.55,1.16,120.39,120.39,8365.5,8485.88
443,SOL/INR,1h,SHORT,2026-02-01 09:30:00+05:30,2026-02-02 00:30:00+05:30,104.58,8732.49,112.95,79.48,103.28,8623.54,INTRADAY_SQUAREOFF,0.01,84.86,0.12147,1060.74,13.23,1.24,11.99,11.99,8485.88,8497.87
444,SOL/INR,1h,SHORT,2026-02-02 11:30:00+05:30,2026-02-03 00:30:00+05:30,97.86,8170.9,105.68,74.37,104.75,8746.55,INTRADAY_SQUAREOFF,0.01,84.98,0.130002,1062.23,-74.84,1.3,-76.13,-76.13,8497.87,8421.74
445,SOL/INR,1h,SHORT,2026-02-03 05:30:00+05:30,2026-02-04 00:30:00+05:30,104.4,8717.19,112.75,79.34,97.01,8100.21,INTRADAY_SQUAREOFF,0.01,84.22,0.120763,1052.72,74.51,1.2,73.31,73.31,8421.74,8495.05
446,SOL/INR,1h,SHORT,2026-02-04 04:30:00+05:30,2026-02-05 00:30:00+05:30,98.27,8205.53,106.13,74.69,92.31,7707.88,INTRADAY_SQUAREOFF,0.01,84.95,0.12941,1061.88,64.4,1.22,63.19,63.19,8495.05,8558.24
447,SOL/INR,1h,SHORT,2026-02-05 03:30:00+05:30,2026-02-06 00:30:00+05:30,90.62,7566.69,97.87,68.87,82.81,6914.88,INTRADAY_SQUAREOFF,0.01,85.58,0.14138,1069.78,92.15,1.21,90.94,90.94,8558.24,8649.18
448,SOL/INR,1h,SHORT,2026-02-06 05:30:00+05:30,2026-02-06 19:30:00+05:30,78.15,6525.23,84.4,59.39,84.44,7050.77,STOP_LOSS,0.01,86.49,0.165687,1081.15,-87.08,1.33,-88.4,-88.4,8649.18,8560.78
449,SOL/INR,1h,LONG,2026-02-07 01:30:00+05:30,2026-02-08 00:30:00+05:30,87.19,7280.37,80.21,108.12,88.7,7406.61,INTRADAY_SQUAREOFF,0.01,85.61,0.146984,1070.1,18.56,1.27,17.28,17.28,8560.78,8578.06
450,SOL/INR,1h,LONG,2026-02-08 07:30:00+05:30,2026-02-09 00:30:00+05:30,87.95,7343.55,80.91,109.05,87.87,7337.14,INTRADAY_SQUAREOFF,0.01,85.78,0.146014,1072.26,-0.94,1.26,-2.2,-2.2,8578.06,8575.86
451,SOL/INR,1h,LONG,2026-02-09 09:30:00+05:30,2026-02-10 00:30:00+05:30,87.73,7325.47,80.71,108.79,87.3,7289.85,INTRADAY_SQUAREOFF,0.01,85.76,0.146336,1071.98,-5.21,1.26,-6.48,-6.48,8575.86,8569.38
452,SOL/INR,1h,LONG,2026-02-10 07:30:00+05:30,2026-02-11 00:30:00+05:30,87.38,7296.46,80.39,108.35,82.99,6929.84,INTRADAY_SQUAREOFF,0.01,85.69,0.146807,1071.17,-53.82,1.23,-55.05,-55.05,8569.38,8514.33
453,SOL/INR,1h,SHORT,2026-02-11 02:30:00+05:30,2026-02-12 00:30:00+05:30,82.44,6883.46,89.03,62.65,79.84,6666.26,INTRADAY_SQUAREOFF,0.01,85.14,0.154616,1064.29,33.58,1.24,32.35,32.35,8514.33,8546.68
454,SOL/INR,1h,SHORT,2026-02-12 04:30:00+05:30,2026-02-13 00:30:00+05:30,79.47,6635.37,85.82,60.39,77.67,6485.19,INTRADAY_SQUAREOFF,0.01,85.47,0.161006,1068.33,24.18,1.25,22.93,22.93,8546.68,8569.61
455,SOL/INR,1h,LONG,2026-02-14 06:30:00+05:30,2026-02-15 00:30:00+05:30,85.05,7101.55,78.24,105.46,87.95,7343.81,INTRADAY_SQUAREOFF,0.01,85.7,0.15084,1071.2,36.54,1.29,35.26,35.26,8569.61,8604.87
456,SOL/INR,1h,LONG,2026-02-15 04:30:00+05:30,2026-02-16 00:30:00+05:30,88.72,7408.09,81.62,110.01,86.1,7189.03,INTRADAY_SQUAREOFF,0.01,86.05,0.145194,1075.61,-31.81,1.25,-33.06,-33.06,8604.87,8571.81
457,SOL/INR,1h,SHORT,2026-02-16 07:30:00+05:30,2026-02-17 00:30:00+05:30,85.46,7135.52,92.29,64.95,84.63,7066.44,INTRADAY_SQUAREOFF,0.01,85.72,0.150161,1071.48,10.37,1.26,9.11,9.11,8571.81,8580.92
458,SOL/INR,1h,LONG,2026-02-17 12:30:00+05:30,2026-02-18 00:30:00+05:30,86.71,7240.23,79.77,107.52,85.17,7111.93,INTRADAY_SQUAREOFF,0.01,85.81,0.148147,1072.62,-19.01,1.25,-20.26,-20.26,8580.92,8560.66
459,SOL/INR,1h,SHORT,2026-02-18 06:30:00+05:30,2026-02-19 00:30:00+05:30,84.8,7080.75,91.58,64.45,81.31,6789.65,INTRADAY_SQUAREOFF,0.01,85.61,0.151126,1070.08,43.99,1.24,42.76,42.76,8560.66,8603.42
460,SOL/INR,1h,SHORT,2026-02-19 14:30:00+05:30,2026-02-20 00:30:00+05:30,81.63,6816.45,88.16,62.04,81.95,6842.67,INTRADAY_SQUAREOFF,0.01,86.03,0.157769,1075.43,-4.14,1.27,-5.41,-5.41,8603.42,8598.01
461,SOL/INR,1h,LONG,2026-02-20 11:30:00+05:30,2026-02-21 00:30:00+05:30,83.56,6977.44,76.88,103.62,85.18,7112.7,INTRADAY_SQUAREOFF,0.01,85.98,0.154032,1074.75,20.83,1.28,19.55,19.55,8598.01,8617.56
462,SOL/INR,1h,LONG,2026-02-21 19:30:00+05:30,2026-02-22 00:30:00+05:30,85.67,7153.63,78.82,106.23,86.56,7227.93,INTRADAY_SQUAREOFF,0.01,86.18,0.15058,1077.2,11.19,1.28,9.91,9.91,8617.56,8627.47
463,SOL/INR,1h,SHORT,2026-02-23 02:30:00+05:30,2026-02-24 00:30:00+05:30,83.01,6931.23,89.65,63.09,78.75,6575.94,INTRADAY_SQUAREOFF,0.01,86.27,0.155591,1078.43,55.28,1.24,54.04,54.04,8627.47,8681.51
464,SOL/INR,1h,SHORT,2026-02-24 05:30:00+05:30,2026-02-25 00:30:00+05:30,77.66,6484.31,83.87,59.02,78.25,6533.46,INTRADAY_SQUAREOFF,0.01,86.82,0.167356,1085.19,-8.23,1.29,-9.51,-9.51,8681.51,8672.0
465,SOL/INR,1h,LONG,2026-02-25 07:30:00+05:30,2026-02-26 00:30:00+05:30,82.33,6874.26,75.74,102.08,88.92,7424.68,INTRADAY_SQUAREOFF,0.01,86.72,0.15769,1084.0,86.8,1.33,85.47,85.47,8672.0,8757.47
466,SOL/INR,1h,LONG,2026-02-26 10:30:00+05:30,2026-02-27 00:30:00+05:30,88.93,7425.78,81.82,110.28,85.38,7129.61,INTRADAY_SQUAREOFF,0.01,87.57,0.147417,1094.68,-43.66,1.27,-44.93,-44.93,8757.47,8712.54
467,SOL/INR,1h,SHORT,2026-02-27 11:30:00+05:30,2026-02-28 00:30:00+05:30,87.49,7305.39,94.49,66.49,81.53,6807.42,INTRADAY_SQUAREOFF,0.01,87.13,0.149077,1089.07,74.24,1.24,73.0,73.0,8712.54,8785.54
468,SOL/INR,1h,SHORT,2026-02-28 03:30:00+05:30,2026-03-01 00:30:00+05:30,81.08,6770.38,87.57,61.62,82.6,6896.88,INTRADAY_SQUAREOFF,0.01,87.86,0.162205,1098.19,-20.52,1.31,-21.83,-21.83,8785.54,8763.71
469,SOL/INR,1h,LONG,2026-03-01 02:30:00+05:30,2026-03-02 00:30:00+05:30,84.89,7088.0,78.1,105.26,83.92,7007.13,INTRADAY_SQUAREOFF,0.01,87.64,0.154552,1095.46,-12.5,1.29,-13.78,-13.78,8763.71,8749.93
470,SOL/INR,1h,SHORT,2026-03-02 12:30:00+05:30,2026-03-02 21:30:00+05:30,83.05,6934.97,89.7,63.12,89.74,7493.52,STOP_LOSS,0.01,87.5,0.157714,1093.74,-88.09,1.34,-89.43,-89.43,8749.93,8660.5
471,SOL/INR,1h,LONG,2026-03-03 02:30:00+05:30,2026-03-04 00:30:00+05:30,87.95,7343.85,80.91,109.06,85.35,7126.34,INTRADAY_SQUAREOFF,0.01,86.6,0.147411,1082.56,-32.06,1.26,-33.32,-33.32,8660.5,8627.17
472,SOL/INR,1h,LONG,2026-03-04 11:30:00+05:30,2026-03-05 00:30:00+05:30,85.86,7169.37,78.99,106.47,92.31,7707.49,INTRADAY_SQUAREOFF,0.01,86.27,0.150417,1078.4,80.94,1.32,79.62,79.62,8627.17,8706.8
473,SOL/INR,1h,LONG,2026-03-05 12:30:00+05:30,2026-03-06 00:30:00+05:30,90.93,7592.59,83.65,112.75,88.7,7406.68,INTRADAY_SQUAREOFF,0.01,87.07,0.143344,1088.35,-26.65,1.27,-27.92,-27.92,8706.8,8678.88
474,SOL/INR,1h,SHORT,2026-03-06 05:30:00+05:30,2026-03-07 00:30:00+05:30,88.65,7402.2,95.74,67.37,85.41,7131.81,INTRADAY_SQUAREOFF,0.01,86.79,0.146559,1084.86,39.63,1.26,38.37,38.37,8678.88,8717.25
475,SOL/INR,1h,SHORT,2026-03-07 09:30:00+05:30,2026-03-08 00:30:00+05:30,84.4,7047.16,91.15,64.14,83.44,6967.34,INTRADAY_SQUAREOFF,0.01,87.17,0.154624,1089.66,12.34,1.28,11.06,11.06,8717.25,8728.31
476,SOL/INR,1h,SHORT,2026-03-08 08:30:00+05:30,2026-03-09 00:30:00+05:30,82.37,6877.66,88.96,62.6,81.64,6816.93,INTRADAY_SQUAREOFF,0.01,87.28,0.158635,1091.04,9.64,1.28,8.35,8.35,8728.31,8736.67
477,SOL/INR,1h,SHORT,2026-03-09 05:30:00+05:30,2026-03-10 00:30:00+05:30,81.58,6812.24,88.11,62.0,85.26,7119.44,INTRADAY_SQUAREOFF,0.01,87.37,0.160312,1092.08,-49.25,1.32,-50.56,-50.56,8736.67,8686.1
478,SOL/INR,1h,LONG,2026-03-10 08:30:00+05:30,2026-03-11 00:30:00+05:30,86.76,7244.67,79.82,107.59,86.2,7197.33,INTRADAY_SQUAREOFF,0.01,86.86,0.149871,1085.76,-7.09,1.28,-8.37,-8.37,8686.1,8677.73
479,SOL/INR,1h,LONG,2026-03-13 01:30:00+05:30,2026-03-14 00:30:00+05:30,86.9,7255.92,79.95,107.75,88.81,7415.59,INTRADAY_SQUAREOFF,0.01,86.78,0.149494,1084.72,23.87,1.29,22.58,22.58,8677.73,8700.31
480,SOL/INR,1h,SHORT,2026-03-14 04:30:00+05:30,2026-03-15 00:30:00+05:30,87.78,7329.59,94.8,66.71,87.09,7271.61,INTRADAY_SQUAREOFF,0.01,87.0,0.148376,1087.54,8.6,1.28,7.32,7.32,8700.31,8707.63
481,SOL/INR,1h,LONG,2026-03-15 08:30:00+05:30,2026-03-16 00:30:00+05:30,88.52,7391.07,81.43,109.76,87.88,7338.08,INTRADAY_SQUAREOFF,0.01,87.08,0.147266,1088.45,-7.8,1.28,-9.08,-9.08,8707.63,8698.55
482,SOL/INR,1h,LONG,2026-03-16 09:30:00+05:30,2026-03-17 00:30:00+05:30,93.7,7823.88,86.2,116.19,94.39,7881.59,INTRADAY_SQUAREOFF,0.01,86.99,0.138974,1087.32,8.02,1.29,6.73,6.73,8698.55,8705.28
483,SOL/INR,1h,SHORT,2026-03-19 04:30:00+05:30,2026-03-20 00:30:00+05:30,89.95,7510.45,97.14,68.36,88.11,7357.28,INTRADAY_SQUAREOFF,0.01,87.05,0.144886,1088.16,22.19,1.27,20.92,20.92,8705.28,8726.2
484,SOL/INR,1h,SHORT,2026-03-20 04:30:00+05:30,2026-03-21 00:30:00+05:30,88.49,7389.21,95.57,67.26,88.57,7395.22,INTRADAY_SQUAREOFF,0.01,87.26,0.147617,1090.78,-0.89,1.29,-2.17,-2.17,8726.2,8724.03
485,SOL/INR,1h,SHORT,2026-03-23 12:30:00+05:30,2026-03-24 00:30:00+05:30,85.58,7145.74,92.42,65.04,91.57,7646.47,INTRADAY_SQUAREOFF,0.01,87.24,0.152609,1090.5,-76.42,1.33,-77.75,-77.75,8724.03,8646.28
486,SOL/INR,1h,LONG,2026-03-24 02:30:00+05:30,2026-03-25 00:30:00+05:30,91.98,7680.73,84.63,114.06,88.94,7426.89,INTRADAY_SQUAREOFF,0.01,86.46,0.140714,1080.78,-35.72,1.25,-36.97,-36.97,8646.28,8609.31
487,SOL/INR,1h,LONG,2026-03-25 16:30:00+05:30,2026-03-26 00:30:00+05:30,92.66,7736.91,85.25,114.9,91.59,7647.54,INTRADAY_SQUAREOFF,0.01,86.09,0.139095,1076.16,-12.43,1.26,-13.69,-13.69,8609.31,8595.61
488,SOL/INR,1h,SHORT,2026-03-26 11:30:00+05:30,2026-03-27 00:30:00+05:30,89.13,7442.76,96.27,67.74,86.06,7186.13,INTRADAY_SQUAREOFF,0.01,85.96,0.144362,1074.45,37.05,1.25,35.8,35.8,8595.61,8631.42
489,SOL/INR,1h,SHORT,2026-03-27 09:30:00+05:30,2026-03-28 00:30:00+05:30,86.33,7208.84,93.24,65.61,82.37,6878.13,INTRADAY_SQUAREOFF,0.01,86.31,0.149667,1078.93,49.5,1.24,48.25,48.25,8631.42,8679.67
490,SOL/INR,1h,SHORT,2026-03-28 08:30:00+05:30,2026-03-29 00:30:00+05:30,82.4,6880.37,88.99,62.62,83.41,6964.55,INTRADAY_SQUAREOFF,0.01,86.8,0.157689,1084.96,-13.27,1.29,-14.56,-14.56,8679.67,8665.11
491,SOL/INR,1h,SHORT,2026-03-29 19:30:00+05:30,2026-03-30 00:30:00+05:30,81.78,6828.83,88.33,62.15,81.79,6829.36,INTRADAY_SQUAREOFF,0.01,86.65,0.158613,1083.14,-0.08,1.28,-1.36,-1.36,8665.11,8663.74
492,SOL/INR,1h,LONG,2026-03-30 10:30:00+05:30,2026-03-31 00:30:00+05:30,83.7,6989.08,77.01,103.79,82.54,6891.8,INTRADAY_SQUAREOFF,0.01,86.64,0.154951,1082.97,-15.07,1.27,-16.34,-16.34,8663.74,8647.4
493,SOL/INR,1h,SHORT,2026-03-31 10:30:00+05:30,2026-04-01 00:30:00+05:30,83.27,6952.63,89.93,63.28,82.81,6914.6,INTRADAY_SQUAREOFF,0.01,86.47,0.15547,1080.93,5.91,1.27,4.64,4.64,8647.4,8652.04
494,SOL/INR,1h,SHORT,2026-04-02 07:30:00+05:30,2026-04-03 00:30:00+05:30,79.11,6605.87,85.44,60.13,79.13,6607.27,INTRADAY_SQUAREOFF,0.01,86.52,0.163719,1081.51,-0.23,1.28,-1.51,-1.51,8652.04,8650.54
495,SOL/INR,1h,LONG,2026-04-03 21:30:00+05:30,2026-04-04 00:30:00+05:30,80.54,6724.77,74.09,99.86,80.09,6687.89,INTRADAY_SQUAREOFF,0.01,86.51,0.160796,1081.32,-5.93,1.27,-7.2,-7.2,8650.54,8643.34
496,SOL/INR,1h,LONG,2026-04-04 12:30:00+05:30,2026-04-05 00:30:00+05:30,80.51,6722.83,74.07,99.84,80.85,6750.99,INTRADAY_SQUAREOFF,0.01,86.43,0.160709,1080.42,4.53,1.28,3.25,3.25,8643.34,8646.58
497,SOL/INR,1h,LONG,2026-04-05 03:30:00+05:30,2026-04-06 00:30:00+05:30,81.01,6764.14,74.53,100.45,79.88,6670.13,INTRADAY_SQUAREOFF,0.01,86.47,0.159787,1080.82,-15.02,1.27,-16.29,-16.29,8646.58,8630.29
498,SOL/INR,1h,LONG,2026-04-06 08:30:00+05:30,2026-04-07 00:30:00+05:30,82.7,6905.29,76.08,102.55,81.86,6835.44,INTRADAY_SQUAREOFF,0.01,86.3,0.156226,1078.79,-10.91,1.27,-12.18,-12.18,8630.29,8618.12
499,SOL/INR,1h,SHORT,2026-04-07 11:30:00+05:30,2026-04-08 00:30:00+05:30,79.47,6635.77,85.83,60.4,79.76,6659.77,INTRADAY_SQUAREOFF,0.01,86.18,0.162342,1077.26,-3.9,1.27,-5.17,-5.17,8618.12,8612.95
500,SOL/INR,1h,LONG,2026-04-08 14:30:00+05:30,2026-04-09 00:30:00+05:30,84.88,7087.6,78.09,105.25,82.85,6918.31,INTRADAY_SQUAREOFF,0.01,86.13,0.151902,1076.62,-25.72,1.26,-26.97,-26.97,8612.95,8585.97
501,SOL/INR,1h,SHORT,2026-04-09 04:30:00+05:30,2026-04-10 00:30:00+05:30,82.54,6891.76,89.14,62.73,84.0,7013.94,INTRADAY_SQUAREOFF,0.01,85.86,0.155729,1073.25,-19.03,1.28,-20.3,-20.3,8585.97,8565.67
502,SOL/INR,1h,LONG,2026-04-10 10:30:00+05:30,2026-04-11 00:30:00+05:30,83.42,6965.9,76.75,103.45,85.19,7113.25,INTRADAY_SQUAREOFF,0.01,85.66,0.153707,1070.71,22.65,1.28,21.37,21.37,8565.67,8587.04
503,SOL/INR,1h,LONG,2026-04-11 21:30:00+05:30,2026-04-12 00:30:00+05:30,84.8,7080.75,78.02,105.15,85.4,7131.02,INTRADAY_SQUAREOFF,0.01,85.87,0.151591,1073.38,7.62,1.27,6.35,6.35,8587.04,8593.39
504,SOL/INR,1h,SHORT,2026-04-12 15:30:00+05:30,2026-04-13 00:30:00+05:30,82.2,6863.34,88.77,62.47,82.23,6866.0,INTRADAY_SQUAREOFF,0.01,85.93,0.156509,1074.17,-0.42,1.27,-1.68,-1.68,8593.39,8591.71
505,SOL/INR,1h,SHORT,2026-04-13 08:30:00+05:30,2026-04-14 00:30:00+05:30,81.91,6839.7,88.47,62.25,83.3,6955.13,INTRADAY_SQUAREOFF,0.01,85.92,0.157019,1073.96,-18.12,1.28,-19.4,-19.4,8591.71,8572.31
506,SOL/INR,1h,LONG,2026-04-14 04:30:00+05:30,2026-04-15 00:30:00+05:30,86.33,7208.27,79.42,107.05,84.07,7019.54,INTRADAY_SQUAREOFF,0.01,85.72,0.148654,1071.54,-28.06,1.25,-29.3,-29.3,8572.31,8543.0
507,SOL/INR,1h,SHORT,2026-04-15 11:30:00+05:30,2026-04-16 00:30:00+05:30,82.96,6927.03,89.6,63.05,85.05,7101.88,INTRADAY_SQUAREOFF,0.01,85.43,0.154161,1067.88,-26.95,1.28,-28.23,-28.23,8543.0,8514.77
508,SOL/INR,1h,LONG,2026-04-16 21:30:00+05:30,2026-04-17 00:30:00+05:30,87.11,7273.98,80.14,108.02,89.09,7438.63,INTRADAY_SQUAREOFF,0.01,85.15,0.146322,1064.35,24.09,1.27,22.82,22.82,8514.77,8537.59
509,SOL/INR,1h,LONG,2026-04-17 12:30:00+05:30,2026-04-18 00:30:00+05:30,88.16,7361.7,81.11,109.32,89.19,7446.98,INTRADAY_SQUAREOFF,0.01,85.38,0.144966,1067.2,12.36,1.27,11.1,11.1,8537.59,8548.69
510,SOL/INR,1h,SHORT,2026-04-19 00:30:00+05:30,2026-04-20 00:30:00+05:30,85.81,7164.89,92.67,65.21,85.24,7117.76,INTRADAY_SQUAREOFF,0.01,85.49,0.149142,1068.59,7.03,1.26,5.77,5.77,8548.69,8554.46
511,SOL/INR,1h,SHORT,2026-04-20 11:30:00+05:30,2026-04-21 00:30:00+05:30,83.76,6993.8,90.46,63.66,86.15,7193.78,INTRADAY_SQUAREOFF,0.01,85.54,0.152894,1069.31,-30.58,1.28,-31.86,-31.86,8554.46,8522.61
512,SOL/INR,1h,LONG,2026-04-22 11:30:00+05:30,2026-04-23 00:30:00+05:30,88.36,7378.41,81.3,109.57,87.74,7325.97,INTRADAY_SQUAREOFF,0.01,85.23,0.144384,1065.33,-7.57,1.25,-8.82,-8.82,8522.61,8513.78
513,SOL/INR,1h,LONG,2026-04-23 03:30:00+05:30,2026-04-24 00:30:00+05:30,87.72,7324.94,80.71,108.78,85.23,7116.48,INTRADAY_SQUAREOFF,0.01,85.14,0.145288,1064.22,-30.29,1.24,-31.52,-31.52,8513.78,8482.26
514,SOL/INR,1h,SHORT,2026-04-24 08:30:00+05:30,2026-04-25 00:30:00+05:30,85.78,7162.39,92.64,65.19,86.48,7221.35,INTRADAY_SQUAREOFF,0.01,84.82,0.148035,1060.28,-8.73,1.26,-9.98,-9.98,8482.26,8472.27
515,SOL/INR,1h,SHORT,2026-04-26 07:30:00+05:30,2026-04-27 00:30:00+05:30,85.95,7176.57,92.82,65.32,86.89,7255.6,INTRADAY_SQUAREOFF,0.01,84.72,0.147568,1059.03,-11.66,1.26,-12.92,-12.92,8472.27,8459.36
516,SOL/INR,1h,SHORT,2026-04-28 07:30:00+05:30,2026-04-29 00:30:00+05:30,84.34,7042.21,91.08,64.1,83.83,6999.96,INTRADAY_SQUAREOFF,0.01,84.59,0.150155,1057.42,6.34,1.24,5.1,5.1,8459.36,8464.45
517,SOL/INR,1h,SHORT,2026-04-30 08:30:00+05:30,2026-05-01 00:30:00+05:30,82.62,6898.66,89.23,62.79,83.05,6934.8,INTRADAY_SQUAREOFF,0.01,84.64,0.153371,1058.06,-5.54,1.25,-6.79,-6.79,8464.45,8457.66
518,SOL/INR,1h,SHORT,2026-05-01 03:30:00+05:30,2026-05-02 00:30:00+05:30,82.79,6912.85,89.41,62.92,84.01,7015.0,INTRADAY_SQUAREOFF,0.01,84.58,0.152934,1057.21,-15.62,1.26,-16.88,-16.88,8457.66,8440.78
519,SOL/INR,1h,LONG,2026-05-04 07:30:00+05:30,2026-05-05 00:30:00+05:30,84.93,7091.86,78.14,105.32,84.7,7072.25,INTRADAY_SQUAREOFF,0.01,84.41,0.148776,1055.1,-2.92,1.24,-4.16,-4.16,8440.78,8436.62
520,SOL/INR,1h,LONG,2026-05-05 06:30:00+05:30,2026-05-06 05:30:00+05:30,84.39,7046.75,77.64,104.65,86.21,7198.27,INTRADAY_SQUAREOFF,0.01,84.37,0.149655,1054.58,22.68,1.26,21.42,21.42,8436.62,8458.04
521,SOL/INR,1h,LONG,2026-05-06 12:30:00+05:30,2026-05-07 00:30:00+05:30,87.57,7312.41,80.57,108.59,88.97,7428.62,INTRADAY_SQUAREOFF,0.01,84.58,0.144584,1057.25,16.8,1.26,15.54,15.54,8458.04,8473.58
522,SOL/INR,1h,LONG,2026-05-07 10:30:00+05:30,2026-05-08 00:30:00+05:30,88.42,7383.42,81.35,109.65,88.51,7390.23,INTRADAY_SQUAREOFF,0.01,84.74,0.143456,1059.2,0.98,1.25,-0.27,-0.27,8473.58,8473.31
523,SOL/INR,1h,LONG,2026-05-08 05:30:00+05:30,2026-05-09 00:30:00+05:30,88.53,7392.61,81.45,109.78,92.23,7701.53,INTRADAY_SQUAREOFF,0.01,84.73,0.143273,1059.16,44.26,1.28,42.98,42.98,8473.31,8516.29
524,SOL/INR,1h,LONG,2026-05-09 06:30:00+05:30,2026-05-10 00:30:00+05:30,92.67,7737.64,85.25,114.91,93.33,7793.33,INTRADAY_SQUAREOFF,0.01,85.16,0.137579,1064.54,7.66,1.26,6.4,6.4,8516.29,8522.7
525,SOL/INR,1h,LONG,2026-05-10 09:30:00+05:30,2026-05-11 00:30:00+05:30,93.54,7810.32,86.05,115.99,96.33,8043.71,INTRADAY_SQUAREOFF,0.01,85.23,0.136401,1065.34,31.83,1.28,30.56,30.56,8522.7,8553.25
526,SOL/INR,1h,LONG,2026-05-11 11:30:00+05:30,2026-05-12 00:30:00+05:30,95.9,8007.48,88.23,118.91,97.25,8120.49,INTRADAY_SQUAREOFF,0.01,85.53,0.13352,1069.16,15.09,1.27,13.82,13.82,8553.25,8567.07
527,SOL/INR,1h,SHORT,2026-05-14 08:30:00+05:30,2026-05-15 00:30:00+05:30,90.39,7547.96,97.63,68.7,93.5,7806.98,INTRADAY_SQUAREOFF,0.01,85.67,0.141877,1070.88,-36.75,1.29,-38.03,-38.03,8567.07,8529.04
528,SOL/INR,1h,LONG,2026-05-15 13:30:00+05:30,2026-05-16 00:30:00+05:30,91.75,7660.78,84.41,113.76,89.7,7489.54,INTRADAY_SQUAREOFF,0.01,85.29,0.139167,1066.13,-23.83,1.24,-25.07,-25.07,8529.04,8503.96
529,SOL/INR,1h,SHORT,2026-05-16 15:30:00+05:30,2026-05-17 00:30:00+05:30,85.7,7155.71,92.55,65.13,86.83,7250.59,INTRADAY_SQUAREOFF,0.01,85.04,0.148552,1063.0,-14.09,1.26,-15.36,-15.36,8503.96,8488.61
530,SOL/INR,1h,SHORT,2026-05-17 06:30:00+05:30,2026-05-18 00:30:00+05:30,85.89,7171.57,92.76,65.27,86.43,7217.17,INTRADAY_SQUAREOFF,0.01,84.89,0.147956,1061.08,-6.75,1.26,-8.0,-8.0,8488.61,8480.6
531,SOL/INR,1h,SHORT,2026-05-18 04:30:00+05:30,2026-05-19 00:30:00+05:30,85.94,7175.74,92.81,65.31,83.48,6970.72,INTRADAY_SQUAREOFF,0.01,84.81,0.14773,1060.08,30.29,1.23,29.05,29.05,8480.6,8509.66
532,SOL/INR,1h,SHORT,2026-05-19 07:30:00+05:30,2026-05-20 00:30:00+05:30,84.79,7079.76,91.57,64.44,84.37,7045.08,INTRADAY_SQUAREOFF,0.01,85.1,0.150246,1063.71,5.21,1.25,3.96,3.96,8509.66,8513.62
533,SOL/INR,1h,SHORT,2026-05-20 04:30:00+05:30,2026-05-21 00:30:00+05:30,83.91,7006.32,90.62,63.77,85.76,7161.2,INTRADAY_SQUAREOFF,0.01,85.14,0.151892,1064.2,-23.52,1.27,-24.79,-24.79,8513.62,8488.82
534,SOL/INR,1h,LONG,2026-05-21 13:30:00+05:30,2026-05-22 00:30:00+05:30,86.69,7238.89,79.76,107.5,86.95,7260.03,INTRADAY_SQUAREOFF,0.01,84.89,0.146584,1061.1,3.1,1.25,1.84,1.84,8488.82,8490.67
535,SOL/INR,1h,LONG,2026-05-22 17:30:00+05:30,2026-05-23 00:30:00+05:30,87.29,7289.02,80.31,108.24,85.33,7124.83,INTRADAY_SQUAREOFF,0.01,84.91,0.145607,1061.33,-23.91,1.24,-25.15,-25.15,8490.67,8465.52
536,SOL/INR,1h,SHORT,2026-05-23 10:30:00+05:30,2026-05-24 00:30:00+05:30,84.21,7031.36,90.94,64.0,84.68,7070.97,INTRADAY_SQUAREOFF,0.01,84.66,0.150496,1058.19,-5.96,1.25,-7.21,-7.21,8465.52,8458.31
537,SOL/INR,1h,LONG,2026-05-24 11:30:00+05:30,2026-05-25 00:30:00+05:30,86.1,7189.6,79.21,106.77,85.26,7118.99,INTRADAY_SQUAREOFF,0.01,84.58,0.147058,1057.29,-10.38,1.24,-11.63,-11.63,8458.31,8446.68
538,SOL/INR,1h,SHORT,2026-05-25 07:30:00+05:30,2026-05-26 00:30:00+05:30,84.69,7071.42,91.46,64.36,85.87,7170.39,INTRADAY_SQUAREOFF,0.01,84.47,0.14931,1055.84,-14.78,1.25,-16.03,-16.03,8446.68,8430.65
539,SOL/INR,1h,SHORT,2026-05-27 09:30:00+05:30,2026-05-28 00:30:00+05:30,83.33,6957.91,89.99,63.33,83.85,7001.63,INTRADAY_SQUAREOFF,0.01,84.31,0.151458,1053.83,-6.62,1.25,-7.87,-7.87,8430.65,8422.78
540,SOL/INR,1h,SHORT,2026-05-28 08:30:00+05:30,2026-05-29 00:30:00+05:30,81.87,6836.07,88.42,62.22,82.79,6913.08,INTRADAY_SQUAREOFF,0.01,84.23,0.154014,1052.85,-11.86,1.25,-13.11,-13.11,8422.78,8409.67
541,SOL/INR,1h,SHORT,2026-06-01 07:30:00+05:30,2026-06-02 00:30:00+05:30,81.6,6813.53,88.13,62.02,80.78,6745.16,INTRADAY_SQUAREOFF,0.01,84.1,0.154283,1051.21,10.55,1.23,9.31,9.31,8409.67,8418.99
542,SOL/INR,1h,SHORT,2026-06-02 07:30:00+05:30,2026-06-03 00:30:00+05:30,79.93,6674.16,86.32,60.75,76.06,6350.84,INTRADAY_SQUAREOFF,0.01,84.19,0.157679,1052.37,50.98,1.21,49.77,49.77,8418.99,8468.75
543,SOL/INR,1h,SHORT,2026-06-03 04:30:00+05:30,2026-06-04 00:30:00+05:30,73.27,6118.32,79.14,55.69,73.02,6096.88,INTRADAY_SQUAREOFF,0.01,84.69,0.17302,1058.59,3.71,1.25,2.46,2.46,8468.75,8471.22
544,SOL/INR,1h,SHORT,2026-06-04 13:30:00+05:30,2026-06-05 00:30:00+05:30,69.05,5765.3,74.57,52.47,69.41,5796.13,INTRADAY_SQUAREOFF,0.01,84.71,0.183668,1058.9,-5.66,1.25,-6.92,-6.92,8471.22,8464.3
545,SOL/INR,1h,SHORT,2026-06-05 08:30:00+05:30,2026-06-06 00:30:00+05:30,67.1,5602.55,72.46,50.99,62.89,5251.43,INTRADAY_SQUAREOFF,0.01,84.64,0.188849,1058.04,66.31,1.21,65.1,65.1,8464.3,8529.4
546,SOL/INR,1h,SHORT,2026-06-06 09:30:00+05:30,2026-06-07 00:30:00+05:30,62.58,5225.32,67.58,47.56,61.71,5152.86,INTRADAY_SQUAREOFF,0.01,85.29,0.20404,1066.18,14.79,1.25,13.54,13.54,8529.4,8542.94
547,SOL/INR,1h,LONG,2026-06-08 05:30:00+05:30,2026-06-09 00:30:00+05:30,66.57,5558.87,61.25,82.55,67.38,5625.92,INTRADAY_SQUAREOFF,0.01,85.43,0.192102,1067.87,12.88,1.27,11.61,11.61,8542.94,8554.55
548,SOL/INR,1h,SHORT,2026-06-10 03:30:00+05:30,2026-06-11 00:30:00+05:30,64.82,5412.27,70.0,49.26,63.79,5326.62,INTRADAY_SQUAREOFF,0.01,85.55,0.197573,1069.32,16.92,1.25,15.67,15.67,8554.55,8570.22
549,SOL/INR,1h,LONG,2026-06-12 08:30:00+05:30,2026-06-13 00:30:00+05:30,67.23,5614.01,61.85,83.37,66.98,5592.54,INTRADAY_SQUAREOFF,0.01,85.7,0.190822,1071.28,-4.1,1.26,-5.36,-5.36,8570.22,8564.86
550,SOL/INR,1h,LONG,2026-06-13 12:30:00+05:30,2026-06-14 00:30:00+05:30,67.21,5612.33,61.84,83.34,68.05,5681.84,INTRADAY_SQUAREOFF,0.01,85.65,0.19076,1070.61,13.26,1.27,11.99,11.99,8564.86,8576.85
551,SOL/INR,1h,LONG,2026-06-14 09:30:00+05:30,2026-06-15 00:30:00+05:30,69.04,5765.22,63.52,85.62,67.34,5622.58,INTRADAY_SQUAREOFF,0.01,85.77,0.185961,1072.11,-26.52,1.25,-27.77,-27.77,8576.85,8549.08
552,SOL/INR,1h,LONG,2026-06-15 16:30:00+05:30,2026-06-16 00:30:00+05:30,72.02,6013.34,66.25,89.3,75.19,6278.56,INTRADAY_SQUAREOFF,0.01,85.49,0.177711,1068.63,47.13,1.29,45.85,45.85,8549.08,8594.92
553,SOL/INR,1h,LONG,2026-06-16 12:30:00+05:30,2026-06-17 00:30:00+05:30,74.28,6202.14,68.33,92.1,73.88,6169.23,INTRADAY_SQUAREOFF,0.01,85.95,0.173225,1074.37,-5.7,1.26,-6.96,-6.96,8594.92,8587.96
554,SOL/INR,1h,SHORT,2026-06-18 09:30:00+05:30,2026-06-19 00:30:00+05:30,71.46,5967.26,77.18,54.31,68.59,5727.62,INTRADAY_SQUAREOFF,0.01,85.88,0.179897,1073.49,43.11,1.24,41.87,41.87,8587.96,8629.83
555,SOL/INR,1h,SHORT,2026-06-19 10:30:00+05:30,2026-06-20 00:30:00+05:30,68.11,5686.85,73.55,51.76,69.03,5764.38,INTRADAY_SQUAREOFF,0.01,86.3,0.189688,1078.73,-14.71,1.28,-15.99,-15.99,8629.83,8613.84
556,SOL/INR,1h,LONG,2026-06-20 16:30:00+05:30,2026-06-21 00:30:00+05:30,71.68,5984.93,65.94,88.88,71.62,5980.62,INTRADAY_SQUAREOFF,0.01,86.14,0.179907,1076.73,-0.78,1.27,-2.05,-2.05,8613.84,8611.79
557,SOL/INR,1h,LONG,2026-06-21 08:30:00+05:30,2026-06-22 00:30:00+05:30,73.34,6123.61,67.47,90.94,74.1,6187.59,INTRADAY_SQUAREOFF,0.01,86.12,0.175791,1076.47,11.25,1.28,9.97,9.97,8611.79,8621.76
558,SOL/INR,1h,LONG,2026-06-22 23:30:00+05:30,2026-06-23 01:30:00+05:30,73.29,6119.43,67.42,90.88,72.6,6062.41,INTRADAY_SQUAREOFF,0.01,86.22,0.176114,1077.72,-10.04,1.27,-11.31,-11.31,8621.76,8610.45
559,SOL/INR,1h,SHORT,2026-06-23 10:30:00+05:30,2026-06-24 00:30:00+05:30,71.28,5952.24,76.99,54.18,68.84,5748.51,INTRADAY_SQUAREOFF,0.01,86.1,0.180824,1076.31,36.84,1.25,35.59,35.59,8610.45,8646.05
560,SOL/INR,1h,SHORT,2026-06-24 08:30:00+05:30,2026-06-25 00:30:00+05:30,69.31,5786.99,74.85,52.67,66.01,5512.08,INTRADAY_SQUAREOFF,0.01,86.46,0.186756,1080.76,51.34,1.25,50.1,50.1,8646.05,8696.14
561,SOL/INR,1h,SHORT,2026-06-25 06:30:00+05:30,2026-06-26 00:30:00+05:30,67.47,5633.43,72.86,51.27,66.12,5521.27,INTRADAY_SQUAREOFF,0.01,86.96,0.192958,1087.02,21.64,1.27,20.37,20.37,8696.14,8716.51
562,SOL/INR,1h,SHORT,2026-06-26 08:30:00+05:30,2026-06-26 19:30:00+05:30,65.82,5495.73,71.08,50.02,71.12,5938.35,STOP_LOSS,0.01,87.17,0.198257,1089.56,-87.75,1.34,-89.09,-89.09,8716.51,8627.42
563,SOL/INR,1h,LONG,2026-06-26 21:30:00+05:30,2026-06-27 00:30:00+05:30,72.18,6026.7,66.4,89.5,72.45,6049.89,INTRADAY_SQUAREOFF,0.01,86.27,0.178942,1078.43,4.15,1.27,2.87,2.87,8627.42,8630.3
564,SOL/INR,1h,LONG,2026-06-27 08:30:00+05:30,2026-06-28 00:30:00+05:30,72.18,6026.7,66.4,89.5,71.75,5991.47,INTRADAY_SQUAREOFF,0.01,86.3,0.179001,1078.79,-6.31,1.27,-7.58,-7.58,8630.3,8622.72
565,SOL/INR,1h,LONG,2026-06-29 20:30:00+05:30,2026-06-30 00:30:00+05:30,73.78,6160.37,67.87,91.48,75.45,6300.26,INTRADAY_SQUAREOFF,0.01,86.23,0.174964,1077.84,24.48,1.29,23.19,23.19,8622.72,8645.91
566,SOL/INR,1h,LONG,2026-07-01 14:30:00+05:30,2026-07-02 00:30:00+05:30,75.44,6299.05,69.4,93.54,77.3,6454.66,INTRADAY_SQUAREOFF,0.01,86.46,0.171572,1080.74,26.7,1.29,25.41,25.41,8645.91,8671.32
567,SOL/INR,1h,LONG,2026-07-02 03:30:00+05:30,2026-07-03 00:30:00+05:30,78.62,6564.71,72.33,97.49,80.91,6755.95,INTRADAY_SQUAREOFF,0.01,86.71,0.165112,1083.91,31.58,1.3,30.28,30.28,8671.32,8701.6
568,SOL/INR,1h,LONG,2026-07-03 07:30:00+05:30,2026-07-04 00:30:00+05:30,81.64,6817.01,75.11,101.23,82.0,6846.91,INTRADAY_SQUAREOFF,0.01,87.02,0.159557,1087.7,4.77,1.29,3.49,3.49,8701.6,8705.08
569,SOL/INR,1h,LONG,2026-07-04 09:30:00+05:30,2026-07-05 00:30:00+05:30,82.79,6913.08,76.17,102.66,82.15,6859.43,INTRADAY_SQUAREOFF,0.01,87.05,0.157402,1088.14,-8.44,1.28,-9.72,-9.72,8705.08,8695.36
570,SOL/INR,1h,SHORT,2026-07-05 15:30:00+05:30,2026-07-06 00:30:00+05:30,79.6,6646.61,85.97,60.5,80.93,6757.69,INTRADAY_SQUAREOFF,0.01,86.95,0.16353,1086.92,-18.16,1.29,-19.46,-19.46,8695.36,8675.9
571,SOL/INR,1h,LONG,2026-07-06 13:30:00+05:30,2026-07-07 00:30:00+05:30,80.94,6758.53,74.47,100.37,81.87,6836.07,INTRADAY_SQUAREOFF,0.01,86.76,0.160462,1084.49,12.44,1.29,11.15,11.15,8675.9,8687.06
572,SOL/INR,1h,LONG,2026-07-07 12:30:00+05:30,2026-07-08 00:30:00+05:30,81.61,6814.5,75.08,101.2,81.14,6775.14,INTRADAY_SQUAREOFF,0.01,86.87,0.159349,1085.88,-6.27,1.28,-7.55,-7.55,8687.06,8679.51
573,SOL/INR,1h,SHORT,2026-07-08 14:30:00+05:30,2026-07-09 00:30:00+05:30,76.79,6412.1,82.93,58.36,77.12,6439.4,INTRADAY_SQUAREOFF,0.01,86.8,0.169202,1084.94,-4.62,1.28,-5.9,-5.9,8679.51,8673.6
574,SOL/INR,1h,SHORT,2026-07-09 07:30:00+05:30,2026-07-10 00:30:00+05:30,77.22,6447.98,83.4,58.69,78.19,6528.79,INTRADAY_SQUAREOFF,0.01,86.74,0.168146,1084.2,-13.59,1.29,-14.87,-14.87,8673.6,8658.73
575,SOL/INR,1h,SHORT,2026-07-10 23:30:00+05:30,2026-07-11 01:30:00+05:30,77.48,6469.68,83.68,58.89,77.87,6502.05,INTRADAY_SQUAREOFF,0.01,86.59,0.167294,1082.34,-5.42,1.28,-6.7,-6.7,8658.73,8652.03
576,SOL/INR,1h,SHORT,2026-07-11 06:30:00+05:30,2026-07-12 00:30:00+05:30,77.68,6486.38,83.9,59.04,78.06,6517.93,INTRADAY_SQUAREOFF,0.01,86.52,0.166735,1081.5,-5.26,1.28,-6.54,-6.54,8652.03,8645.49
577,SOL/INR,1h,SHORT,2026-07-12 05:30:00+05:30,2026-07-13 00:30:00+05:30,76.61,6397.07,82.74,58.22,77.56,6476.16,INTRADAY_SQUAREOFF,0.01,86.45,0.168935,1080.69,-13.36,1.28,-14.64,-14.64,8645.49,8630.85
578,SOL/INR,1h,SHORT,2026-07-13 03:30:00+05:30,2026-07-14 05:30:00+05:30,76.9,6421.28,83.05,58.45,74.97,6259.78,INTRADAY_SQUAREOFF,0.01,86.31,0.168013,1078.86,27.13,1.26,25.88,25.88,8630.85,8656.73
579,SOL/INR,1h,SHORT,2026-07-14 13:30:00+05:30,2026-07-15 00:30:00+05:30,74.76,6242.68,80.74,56.82,77.28,6452.76,INTRADAY_SQUAREOFF,0.01,86.57,0.173338,1082.09,-36.42,1.3,-37.71,-37.71,8656.73,8619.01
580,SOL/INR,1h,LONG,2026-07-15 05:30:00+05:30,2026-07-16 00:30:00+05:30,77.91,6505.4,71.68,96.61,77.5,6471.35,INTRADAY_SQUAREOFF,0.01,86.19,0.165613,1077.38,-5.64,1.27,-6.91,-6.91,8619.01,8612.11
581,SOL/INR,1h,LONG,2026-07-16 11:30:00+05:30,2026-07-17 00:30:00+05:30,77.48,6469.47,71.28,96.07,75.61,6313.62,INTRADAY_SQUAREOFF,0.01,86.12,0.166399,1076.51,-25.93,1.25,-27.19,-27.19,8612.11,8584.92
582,SOL/INR,1h,SHORT,2026-07-17 04:30:00+05:30,2026-07-18 00:30:00+05:30,75.16,6276.06,81.18,57.12,75.31,6288.19,INTRADAY_SQUAREOFF,0.01,85.85,0.170985,1073.11,-2.07,1.27,-3.34,-3.34,8584.92,8581.58
583,SOL/INR,1h,SHORT,2026-07-18 10:30:00+05:30,2026-07-19 00:30:00+05:30,74.96,6259.37,80.96,56.97,75.28,6285.68,INTRADAY_SQUAREOFF,0.01,85.82,0.171375,1072.7,-4.51,1.27,-5.78,-5.78,8581.58,8575.8
584,SOL/INR,1h,LONG,2026-07-20 02:30:00+05:30,2026-07-21 00:30:00+05:30,76.16,6359.2,70.07,94.44,77.55,6475.53,INTRADAY_SQUAREOFF,0.01,85.76,0.168571,1071.97,19.61,1.28,18.33,18.33,8575.8,8594.13
585,SOL/INR,1h,LONG,2026-07-21 05:30:00+05:30,2026-07-22 00:30:00+05:30,77.87,6502.05,71.64,96.56,77.77,6493.89,INTRADAY_SQUAREOFF,0.01,85.94,0.16522,1074.27,-1.35,1.27,-2.62,-2.62,8594.13,8591.51
586,SOL/INR,1h,LONG,2026-07-22 05:30:00+05:30,2026-07-23 00:30:00+05:30,78.19,6528.79,71.93,96.95,77.68,6486.38,INTRADAY_SQUAREOFF,0.01,85.92,0.164493,1073.94,-6.98,1.26,-8.24,-8.24,8591.51,8583.28
587,SOL/INR,1h,LONG,2026-07-23 03:30:00+05:30,2026-07-24 00:30:00+05:30,78.07,6518.76,71.82,96.81,75.7,6321.13,INTRADAY_SQUAREOFF,0.01,85.83,0.164588,1072.91,-32.53,1.25,-33.78,-33.78,8583.28,8549.5
588,SOL/INR,1h,SHORT,2026-07-24 07:30:00+05:30,2026-07-25 00:30:00+05:30,75.57,6310.28,81.62,57.43,73.95,6174.57,INTRADAY_SQUAREOFF,0.01,85.49,0.169357,1068.69,22.98,1.25,21.74,21.74,8549.5,8571.24
589,SOL/INR,1h,SHORT,2026-07-25 11:30:00+05:30,2026-07-26 00:30:00+05:30,73.8,6162.56,79.71,56.09,74.62,6230.54,INTRADAY_SQUAREOFF,0.01,85.71,0.173857,1071.4,-11.82,1.27,-13.09,-13.09,8571.24,8558.14
590,SOL/INR,1h,LONG,2026-07-26 21:30:00+05:30,2026-07-27 00:30:00+05:30,75.48,6302.39,69.44,93.59,75.29,6286.91,INTRADAY_SQUAREOFF,0.01,85.58,0.16974,1069.77,-2.63,1.26,-3.89,-3.89,8558.14,8554.26
591,SOL/INR,1h,LONG,2026-07-27 04:30:00+05:30,2026-07-28 00:30:00+05:30,76.78,6410.99,70.64,95.21,75.51,6305.27,INTRADAY_SQUAREOFF,0.01,85.54,0.166789,1069.28,-17.63,1.25,-18.88,-18.88,8554.26,8535.37
592,SOL/INR,1h,SHORT,2026-07-28 04:30:00+05:30,2026-07-29 00:30:00+05:30,73.9,6170.9,79.82,56.17,73.86,6167.05,INTRADAY_SQUAREOFF,0.01,85.35,0.172895,1066.92,0.67,1.26,-0.59,-0.59,8535.37,8534.78
593,SOL/INR,1h,LONG,2026-07-29 12:30:00+05:30,2026-07-30 00:30:00+05:30,74.04,6182.09,68.11,91.81,74.14,6190.93,INTRADAY_SQUAREOFF,0.01,85.35,0.172571,1066.85,1.53,1.26,0.27,0.27,8534.78,8535.04
594,SOL/INR,1h,LONG,2026-07-30 04:30:00+05:30,2026-07-31 00:30:00+05:30,73.75,6157.86,67.85,91.45,74.4,6212.63,INTRADAY_SQUAREOFF,0.01,85.35,0.173255,1066.88,9.49,1.26,8.22,8.22,8535.04,8543.27
595,SOL/INR,1h,LONG,2026-07-31 11:30:00+05:30,2026-08-01 00:30:00+05:30,74.28,6202.14,68.33,92.1,72.97,6093.29,INTRADAY_SQUAREOFF,0.01,85.43,0.172184,1067.91,-18.74,1.25,-19.99,-19.99,8543.27,8523.28
596,SOL/INR,1h,SHORT,2026-08-01 11:30:00+05:30,2026-08-02 00:30:00+05:30,72.76,6075.76,78.58,55.3,71.03,5930.63,INTRADAY_SQUAREOFF,0.01,85.23,0.175354,1065.41,25.45,1.24,24.21,24.21,8523.28,8547.49
597,SOL/INR,1h,LONG,2026-08-04 07:30:00+05:30,2026-08-05 00:30:00+05:30,73.79,6161.2,67.88,91.5,74.07,6185.09,INTRADAY_SQUAREOFF,0.01,85.47,0.173413,1068.44,4.14,1.26,2.88,2.88,8547.49,8550.36
598,SOL/INR,1h,LONG,2026-08-05 07:30:00+05:30,2026-08-06 00:30:00+05:30,74.1,6187.1,68.17,91.88,74.4,6212.63,INTRADAY_SQUAREOFF,0.01,85.5,0.172746,1068.8,4.41,1.26,3.15,3.15,8550.36,8553.51
599,SOL/INR,1h,LONG,2026-08-06 10:30:00+05:30,2026-08-07 00:30:00+05:30,73.84,6165.38,67.93,91.56,72.72,6072.42,INTRADAY_SQUAREOFF,0.01,85.54,0.173418,1069.19,-16.12,1.25,-17.37,-17.37,8553.51,8536.14
600,SOL/INR,1h,SHORT,2026-08-07 04:30:00+05:30,2026-08-08 00:30:00+05:30,72.55,6058.23,78.36,55.14,73.43,6131.13,INTRADAY_SQUAREOFF,0.01,85.36,0.176127,1067.02,-12.84,1.27,-14.11,-14.11,8536.14,8522.03
601,SOL/INR,1h,LONG,2026-08-08 09:30:00+05:30,2026-08-09 00:30:00+05:30,74.97,6259.78,68.97,92.96,76.03,6348.67,INTRADAY_SQUAREOFF,0.01,85.22,0.170174,1065.25,15.13,1.27,13.86,13.86,8522.03,8535.89
602,SOL/INR,1h,LONG,2026-08-09 12:30:00+05:30,2026-08-10 00:30:00+05:30,76.47,6385.1,70.35,94.82,77.1,6437.97,INTRADAY_SQUAREOFF,0.01,85.36,0.167106,1066.99,8.84,1.26,7.57,7.57,8535.89,8543.46
603,SOL/INR,1h,SHORT,2026-08-11 05:30:00+05:30,2026-08-12 00:30:00+05:30,75.86,6334.48,81.93,57.66,75.24,6282.34,INTRADAY_SQUAREOFF,0.01,85.43,0.16859,1067.93,8.79,1.25,7.54,7.54,8543.46,8551.0
604,SOL/INR,1h,SHORT,2026-08-13 03:30:00+05:30,2026-08-14 00:30:00+05:30,75.32,6289.41,81.35,57.24,75.99,6345.0,INTRADAY_SQUAREOFF,0.01,85.51,0.169948,1068.87,-9.45,1.27,-10.71,-10.71,8551.0,8540.29
605,SOL/INR,1h,SHORT,2026-08-14 08:30:00+05:30,2026-08-15 00:30:00+05:30,75.88,6336.15,81.95,57.67,74.92,6255.61,INTRADAY_SQUAREOFF,0.01,85.4,0.168483,1067.54,13.57,1.25,12.32,12.32,8540.29,8552.61
606,SOL/INR,1h,SHORT,2026-08-15 11:30:00+05:30,2026-08-16 00:30:00+05:30,75.2,6279.4,81.22,57.15,75.52,6305.73,INTRADAY_SQUAREOFF,0.01,85.53,0.170251,1069.08,-4.48,1.26,-5.75,-5.75,8552.61,8546.86
607,SOL/INR,1h,SHORT,2026-08-16 05:30:00+05:30,2026-08-17 00:30:00+05:30,75.2,6279.4,81.22,57.15,75.15,6274.82,INTRADAY_SQUAREOFF,0.01,85.47,0.170137,1068.36,0.78,1.26,-0.48,-0.48,8546.86,8546.38
608,SOL/INR,1h,SHORT,2026-08-17 02:30:00+05:30,2026-08-18 00:30:00+05:30,74.88,6252.69,80.87,56.91,75.88,6335.81,INTRADAY_SQUAREOFF,0.01,85.46,0.170854,1068.3,-14.2,1.27,-15.47,-15.47,8546.38,8530.91
609,SOL/INR,1h,LONG,2026-08-18 02:30:00+05:30,2026-08-19 00:30:00+05:30,76.08,6352.51,69.99,94.34,77.16,6442.98,INTRADAY_SQUAREOFF,0.01,85.31,0.167865,1066.36,15.19,1.27,13.92,13.92,8530.91,8544.83
610,SOL/INR,1h,LONG,2026-08-19 12:30:00+05:30,2026-08-20 00:30:00+05:30,77.12,6439.4,70.95,95.63,82.2,6863.61,INTRADAY_SQUAREOFF,0.01,85.45,0.16587,1068.1,70.36,1.3,69.06,69.06,8544.83,8613.89
611,SOL/INR,1h,LONG,2026-08-20 10:30:00+05:30,2026-08-21 00:30:00+05:30,84.9,7089.35,78.11,105.28,86.8,7247.51,INTRADAY_SQUAREOFF,0.01,86.14,0.151881,1076.74,24.02,1.28,22.74,22.74,8613.89,8636.62
612,SOL/INR,1h,LONG,2026-08-21 11:30:00+05:30,2026-08-22 00:30:00+05:30,90.71,7573.9,83.45,112.47,91.51,7641.44,INTRADAY_SQUAREOFF,0.01,86.37,0.142539,1079.58,9.63,1.28,8.35,8.35,8636.62,8644.97
613,SOL/INR,1h,LONG,2026-08-22 02:30:00+05:30,2026-08-23 00:30:00+05:30,91.98,7679.99,84.62,114.05,94.38,7880.96,INTRADAY_SQUAREOFF,0.01,86.45,0.140706,1080.62,28.28,1.29,26.99,26.99,8644.97,8671.96
614,SOL/INR,1h,LONG,2026-08-25 05:30:00+05:30,2026-08-26 00:30:00+05:30,99.03,8268.96,91.11,122.8,98.44,8219.8,INTRADAY_SQUAREOFF,0.01,86.72,0.131092,1083.99,-6.44,1.28,-7.72,-7.72,8671.96,8664.24
615,SOL/INR,1h,LONG,2026-08-27 11:30:00+05:30,2026-08-28 00:30:00+05:30,102.27,8539.64,94.09,126.82,108.33,9045.2,INTRADAY_SQUAREOFF,0.01,86.64,0.126824,1083.03,64.12,1.32,62.8,62.8,8664.24,8727.04
616,SOL/INR,1h,LONG,2026-08-28 20:30:00+05:30,2026-08-29 00:30:00+05:30,106.72,8911.4,98.19,132.34,103.05,8604.55,INTRADAY_SQUAREOFF,0.01,87.27,0.122414,1090.88,-37.56,1.27,-38.83,-38.83,8727.04,8688.21
617,SOL/INR,1h,SHORT,2026-08-29 06:30:00+05:30,2026-08-30 00:30:00+05:30,103.85,8671.31,112.16,78.92,105.17,8781.91,INTRADAY_SQUAREOFF,0.01,86.88,0.125244,1086.03,-13.85,1.29,-15.14,-15.14,8688.21,8673.07
618,SOL/INR,1h,LONG,2026-08-30 12:30:00+05:30,2026-08-31 00:30:00+05:30,105.48,8807.81,97.04,130.8,106.64,8904.16,INTRADAY_SQUAREOFF,0.01,86.73,0.123088,1084.13,11.86,1.29,10.57,10.57,8673.07,8683.64
619,SOL/INR,1h,SHORT,2026-08-31 19:30:00+05:30,2026-09-01 00:30:00+05:30,102.1,8525.26,110.27,77.6,104.49,8725.1,INTRADAY_SQUAREOFF,0.01,86.84,0.127322,1085.46,-25.44,1.3,-26.74,-26.74,8683.64,8656.9
620,SOL/INR,1h,SHORT,2026-09-01 04:30:00+05:30,2026-09-02 00:30:00+05:30,103.05,8604.55,111.29,78.32,99.62,8318.25,INTRADAY_SQUAREOFF,0.01,86.57,0.125761,1082.11,36.0,1.26,34.75,34.75,8656.9,8691.65
621,SOL/INR,1h,SHORT,2026-09-02 14:30:00+05:30,2026-09-03 00:30:00+05:30,98.73,8244.01,106.63,75.04,99.49,8307.39,INTRADAY_SQUAREOFF,0.01,86.92,0.131787,1086.46,-8.35,1.29,-9.64,-9.64,8691.65,8682.01
622,SOL/INR,1h,LONG,2026-09-03 20:30:00+05:30,2026-09-04 00:30:00+05:30,104.85,8755.18,96.46,130.02,105.15,8779.81,INTRADAY_SQUAREOFF,0.01,86.82,0.123955,1085.25,3.05,1.28,1.77,1.77,8682.01,8683.78
623,SOL/INR,1h,LONG,2026-09-04 14:30:00+05:30,2026-09-05 00:30:00+05:30,104.54,8729.28,96.18,129.63,101.61,8484.37,INTRADAY_SQUAREOFF,0.01,86.84,0.124349,1085.47,-30.45,1.26,-31.72,-31.72,8683.78,8652.07
624,SOL/INR,1h,SHORT,2026-09-05 03:30:00+05:30,2026-09-06 00:30:00+05:30,101.47,8472.68,109.59,77.12,103.94,8679.15,INTRADAY_SQUAREOFF,0.01,86.52,0.127647,1081.51,-26.36,1.29,-27.65,-27.65,8652.07,8624.42
625,SOL/INR,1h,LONG,2026-09-06 07:30:00+05:30,2026-09-07 00:30:00+05:30,104.28,8707.56,95.94,129.31,105.93,8844.91,INTRADAY_SQUAREOFF,0.01,86.24,0.123807,1078.05,17.0,1.28,15.72,15.72,8624.42,8640.14
626,SOL/INR,1h,LONG,2026-09-07 05:30:00+05:30,2026-09-08 00:30:00+05:30,106.8,8918.08,98.26,132.44,103.86,8672.15,INTRADAY_SQUAREOFF,0.01,86.4,0.121104,1080.02,-29.78,1.26,-31.04,-31.04,8640.14,8609.1
627,SOL/INR,1h,SHORT,2026-09-10 04:30:00+05:30,2026-09-11 00:30:00+05:30,100.43,8385.89,108.46,76.33,99.91,8342.48,INTRADAY_SQUAREOFF,0.01,86.09,0.128327,1076.14,5.57,1.27,4.3,4.3,8609.1,8613.4
628,SOL/INR,1h,SHORT,2026-09-11 04:30:00+05:30,2026-09-12 00:30:00+05:30,99.17,8280.73,107.1,75.37,101.11,8442.73,INTRADAY_SQUAREOFF,0.01,86.13,0.130022,1076.68,-21.06,1.28,-22.35,-22.35,8613.4,8591.06
629,SOL/INR,1h,LONG,2026-09-12 05:30:00+05:30,2026-09-13 00:30:00+05:30,102.53,8561.36,94.33,127.14,101.58,8481.86,INTRADAY_SQUAREOFF,0.01,85.91,0.125434,1073.88,-9.97,1.26,-11.23,-11.23,8591.06,8579.82
630,SOL/INR,1h,LONG,2026-09-13 07:30:00+05:30,2026-09-14 00:30:00+05:30,102.38,8548.83,94.19,126.95,101.13,8444.31,INTRADAY_SQUAREOFF,0.01,85.8,0.125453,1072.48,-13.11,1.26,-14.37,-14.37,8579.82,8565.45
631,SOL/INR,1h,SHORT,2026-09-16 07:30:00+05:30,2026-09-17 00:30:00+05:30,96.28,8039.53,103.98,73.17,97.79,8165.37,INTRADAY_SQUAREOFF,0.01,85.65,0.133177,1070.68,-16.76,1.27,-18.03,-18.03,8565.45,8547.42
632,SOL/INR,1h,SHORT,2026-09-17 04:30:00+05:30,2026-09-18 00:30:00+05:30,97.31,8125.5,105.1,73.96,100.8,8416.83,INTRADAY_SQUAREOFF,0.01,85.47,0.131491,1068.43,-38.31,1.28,-39.59,-39.59,8547.42,8507.83
633,SOL/INR,1h,LONG,2026-09-18 08:30:00+05:30,2026-09-19 00:30:00+05:30,102.87,8589.76,94.64,127.56,112.17,9366.52,INTRADAY_SQUAREOFF,0.01,85.08,0.123808,1063.48,96.17,1.31,94.86,94.86,8507.83,8602.69
634,SOL/INR,1h,LONG,2026-09-19 06:30:00+05:30,2026-09-20 00:30:00+05:30,113.81,9502.87,104.7,141.12,111.05,9273.05,INTRADAY_SQUAREOFF,0.01,86.03,0.113159,1075.34,-26.01,1.25,-27.26,-27.26,8602.69,8575.43
635,SOL/INR,1h,LONG,2026-09-21 14:30:00+05:30,2026-09-22 00:30:00+05:30,116.36,9715.91,107.05,144.28,117.69,9827.21,INTRADAY_SQUAREOFF,0.01,85.75,0.110327,1071.93,12.28,1.27,11.01,11.01,8575.43,8586.44
636,SOL/INR,1h,LONG,2026-09-22 14:30:00+05:30,2026-09-23 00:30:00+05:30,118.0,9852.91,108.56,146.32,118.07,9858.92,INTRADAY_SQUAREOFF,0.01,85.86,0.108933,1073.3,0.65,1.27,-0.61,-0.61,8586.44,8585.82
637,SOL/INR,1h,LONG,2026-09-23 10:30:00+05:30,2026-09-23 23:30:00+05:30,119.76,9999.95,110.18,148.5,113.99,9518.41,END_OF_DATA,0.01,85.86,0.107323,1073.23,-51.68,1.24,-52.92,-52.92,8585.82,8532.91
