trade_no,coin,timeframe,direction,entry_time,exit_time,entry_price_usd,entry_price_inr,stop_price_usd,target_price_usd,exit_price_usd,exit_price_inr,exit_reason,risk_pct,risk_inr,position_size_coin,position_size_inr,gross_pnl_inr,fees_inr,net_pnl_inr,net_pnl,equity_before,equity_after
1,SOL/INR,1h,LONG,2024-09-26 21:30:00+05:30,2024-09-27 00:30:00+05:30,157.86,13181.12,145.23,183.12,156.54,13071.49,INTRADAY_SQUAREOFF,0.01,100.0,0.094833,1250.0,-10.4,1.47,-11.87,-11.87,10000.0,9988.13
2,SOL/INR,1h,LONG,2024-09-27 04:30:00+05:30,2024-09-28 00:30:00+05:30,156.35,13055.18,143.84,181.37,158.4,13226.52,INTRADAY_SQUAREOFF,0.01,99.88,0.095634,1248.52,16.39,1.48,14.9,14.9,9988.13,10003.04
3,SOL/INR,1h,LONG,2024-09-28 07:30:00+05:30,2024-09-29 00:30:00+05:30,158.61,13243.77,145.92,183.99,156.67,13082.0,INTRADAY_SQUAREOFF,0.01,100.03,0.094413,1250.38,-15.27,1.47,-16.74,-16.74,10003.04,9986.3
4,SOL/INR,1h,SHORT,2024-09-29 02:30:00+05:30,2024-09-30 00:30:00+05:30,156.52,13069.33,169.04,131.48,158.22,13211.11,INTRADAY_SQUAREOFF,0.01,99.86,0.095513,1248.29,-13.54,1.48,-15.02,-15.02,9986.3,9971.27
5,SOL/INR,1h,SHORT,2024-09-30 15:30:00+05:30,2024-10-01 00:30:00+05:30,155.04,12945.47,167.44,130.23,155.06,12947.85,INTRADAY_SQUAREOFF,0.01,99.71,0.096281,1246.41,-0.23,1.47,-1.7,-1.7,9971.27,9969.57
6,SOL/INR,1h,SHORT,2024-10-01 04:30:00+05:30,2024-10-02 00:30:00+05:30,154.57,12906.76,166.94,129.84,147.46,12312.82,INTRADAY_SQUAREOFF,0.01,99.7,0.096554,1246.2,57.35,1.44,55.91,55.91,9969.57,10025.49
7,SOL/INR,1h,SHORT,2024-10-02 04:30:00+05:30,2024-10-03 00:30:00+05:30,144.02,12026.02,155.55,120.98,142.69,11914.34,INTRADAY_SQUAREOFF,0.01,100.25,0.104206,1253.19,11.64,1.47,10.17,10.17,10025.49,10035.65
8,SOL/INR,1h,SHORT,2024-10-03 11:30:00+05:30,2024-10-04 00:30:00+05:30,141.09,11780.61,152.37,118.51,136.36,11386.25,INTRADAY_SQUAREOFF,0.01,100.36,0.106485,1254.46,41.99,1.46,40.54,40.54,10035.65,10076.19
9,SOL/INR,1h,SHORT,2024-10-04 16:30:00+05:30,2024-10-05 00:30:00+05:30,139.35,11635.36,150.49,117.05,143.66,11995.9,INTRADAY_SQUAREOFF,0.01,100.76,0.10825,1259.52,-39.03,1.51,-40.54,-40.54,10076.19,10035.65
10,SOL/INR,1h,LONG,2024-10-05 06:30:00+05:30,2024-10-06 00:30:00+05:30,143.98,12022.09,132.46,167.01,142.24,11877.15,INTRADAY_SQUAREOFF,0.01,100.36,0.104346,1254.46,-15.12,1.47,-16.6,-16.6,10035.65,10019.06
11,SOL/INR,1h,LONG,2024-10-07 00:30:00+05:30,2024-10-08 00:30:00+05:30,146.0,12191.15,134.32,169.36,145.71,12167.03,INTRADAY_SQUAREOFF,0.01,100.19,0.102729,1252.38,-2.48,1.48,-3.95,-3.95,10019.06,10015.1
12,SOL/INR,1h,SHORT,2024-10-08 18:30:00+05:30,2024-10-09 00:30:00+05:30,143.54,11985.39,155.02,120.57,142.96,11936.8,INTRADAY_SQUAREOFF,0.01,100.15,0.104451,1251.89,5.08,1.47,3.6,3.6,10015.1,10018.7
13,SOL/INR,1h,SHORT,2024-10-09 04:30:00+05:30,2024-10-10 00:30:00+05:30,143.15,11953.17,154.6,120.25,140.5,11732.14,INTRADAY_SQUAREOFF,0.01,100.19,0.10477,1252.34,23.16,1.46,21.69,21.69,10018.7,10040.4
14,SOL/INR,1h,SHORT,2024-10-10 02:30:00+05:30,2024-10-11 00:30:00+05:30,138.76,11586.44,149.86,116.56,137.04,11443.13,INTRADAY_SQUAREOFF,0.01,100.4,0.108321,1255.05,15.52,1.47,14.05,14.05,10040.4,10054.45
15,SOL/INR,1h,LONG,2024-10-11 18:30:00+05:30,2024-10-12 00:30:00+05:30,143.0,11940.53,131.56,165.88,145.73,12168.76,INTRADAY_SQUAREOFF,0.01,100.54,0.105255,1256.81,24.02,1.5,22.53,22.53,10054.45,10076.97
16,SOL/INR,1h,LONG,2024-10-12 06:30:00+05:30,2024-10-13 00:30:00+05:30,146.49,12231.93,134.77,169.93,146.39,12223.55,INTRADAY_SQUAREOFF,0.01,100.77,0.102978,1259.62,-0.86,1.49,-2.35,-2.35,10076.97,10074.62
17,SOL/INR,1h,LONG,2024-10-13 04:30:00+05:30,2024-10-14 00:30:00+05:30,147.15,12287.23,135.38,170.7,145.26,12129.33,INTRADAY_SQUAREOFF,0.01,100.75,0.102491,1259.33,-16.18,1.48,-17.66,-17.66,10074.62,10056.96
18,SOL/INR,1h,LONG,2024-10-14 13:30:00+05:30,2024-10-15 00:30:00+05:30,152.95,12771.37,140.71,177.42,155.75,13005.05,INTRADAY_SQUAREOFF,0.01,100.57,0.098433,1257.12,23.0,1.5,21.5,21.5,10056.96,10078.47
19,SOL/INR,1h,LONG,2024-10-15 04:30:00+05:30,2024-10-16 00:30:00+05:30,157.62,13161.61,145.01,182.84,155.12,12952.62,INTRADAY_SQUAREOFF,0.01,100.78,0.095718,1259.81,-20.0,1.47,-21.48,-21.48,10078.47,10056.99
20,SOL/INR,1h,SHORT,2024-10-17 17:30:00+05:30,2024-10-18 00:30:00+05:30,151.14,12620.12,163.23,126.96,148.61,12408.76,INTRADAY_SQUAREOFF,0.01,100.57,0.099613,1257.12,21.05,1.47,19.58,19.58,10056.99,10076.57
21,SOL/INR,1h,SHORT,2024-10-18 06:30:00+05:30,2024-10-19 00:30:00+05:30,149.63,12494.25,161.6,125.69,156.15,13038.29,INTRADAY_SQUAREOFF,0.01,100.77,0.100812,1259.57,-54.85,1.52,-56.36,-56.36,10076.57,10020.21
22,SOL/INR,1h,LONG,2024-10-19 05:30:00+05:30,2024-10-20 00:30:00+05:30,155.13,12953.49,142.72,179.95,155.85,13013.72,INTRADAY_SQUAREOFF,0.01,100.2,0.096694,1252.53,5.82,1.48,4.34,4.34,10020.21,10024.55
23,SOL/INR,1h,LONG,2024-10-20 15:30:00+05:30,2024-10-21 00:30:00+05:30,159.42,13311.36,146.66,184.92,160.34,13388.54,INTRADAY_SQUAREOFF,0.01,100.25,0.094135,1253.07,7.27,1.48,5.78,5.78,10024.55,10030.33
24,SOL/INR,1h,LONG,2024-10-21 02:30:00+05:30,2024-10-22 00:30:00+05:30,162.91,13603.18,149.88,188.98,165.67,13833.82,INTRADAY_SQUAREOFF,0.01,100.3,0.092169,1253.79,21.26,1.49,19.77,19.77,10030.33,10050.1
25,SOL/INR,1h,SHORT,2024-10-22 05:30:00+05:30,2024-10-23 00:30:00+05:30,166.13,13871.8,179.42,139.55,168.0,14027.84,INTRADAY_SQUAREOFF,0.01,100.5,0.090562,1256.26,-14.13,1.49,-15.62,-15.62,10050.1,10034.48
26,SOL/INR,1h,LONG,2024-10-24 06:30:00+05:30,2024-10-25 00:30:00+05:30,172.62,14414.06,158.81,200.24,175.89,14687.0,INTRADAY_SQUAREOFF,0.01,100.34,0.08702,1254.31,23.75,1.49,22.26,22.26,10034.48,10056.73
27,SOL/INR,1h,LONG,2024-10-25 04:30:00+05:30,2024-10-26 00:30:00+05:30,179.08,14952.79,164.75,207.73,169.64,14165.33,INTRADAY_SQUAREOFF,0.01,100.57,0.084071,1257.09,-66.2,1.44,-67.65,-67.65,10056.73,9989.09
28,SOL/INR,1h,SHORT,2024-10-26 04:30:00+05:30,2024-10-27 00:30:00+05:30,163.91,13686.76,177.03,137.69,169.87,14184.24,INTRADAY_SQUAREOFF,0.01,99.89,0.091229,1248.64,-45.38,1.5,-46.89,-46.89,9989.09,9942.2
29,SOL/INR,1h,LONG,2024-10-27 07:30:00+05:30,2024-10-28 00:30:00+05:30,172.24,14382.36,158.46,199.8,175.6,14663.01,INTRADAY_SQUAREOFF,0.01,99.42,0.08641,1242.78,24.25,1.48,22.77,22.77,9942.2,9964.97
30,SOL/INR,1h,LONG,2024-10-28 04:30:00+05:30,2024-10-29 00:30:00+05:30,177.96,14859.98,163.73,206.44,175.27,14635.11,INTRADAY_SQUAREOFF,0.01,99.65,0.083824,1245.62,-18.85,1.46,-20.31,-20.31,9964.97,9944.66
31,SOL/INR,1h,LONG,2024-10-29 09:30:00+05:30,2024-10-30 00:30:00+05:30,181.63,15166.17,167.1,210.69,181.44,15150.45,INTRADAY_SQUAREOFF,0.01,99.45,0.081964,1243.08,-1.29,1.47,-2.75,-2.75,9944.66,9941.91
32,SOL/INR,1h,SHORT,2024-10-31 00:30:00+05:30,2024-11-01 00:30:00+05:30,174.01,14530.19,187.94,146.17,169.53,14155.83,INTRADAY_SQUAREOFF,0.01,99.42,0.085528,1242.74,32.02,1.45,30.57,30.57,9941.91,9972.48
33,SOL/INR,1h,SHORT,2024-11-01 05:30:00+05:30,2024-11-02 00:30:00+05:30,168.3,14052.84,181.76,141.37,166.15,13873.84,INTRADAY_SQUAREOFF,0.01,99.72,0.088705,1246.56,15.88,1.46,14.42,14.42,9972.48,9986.9
34,SOL/INR,1h,SHORT,2024-11-02 02:30:00+05:30,2024-11-03 00:30:00+05:30,165.52,13821.05,178.76,139.04,164.15,13706.44,INTRADAY_SQUAREOFF,0.01,99.87,0.090323,1248.36,10.35,1.47,8.88,8.88,9986.9,9995.78
35,SOL/INR,1h,SHORT,2024-11-03 15:30:00+05:30,2024-11-04 00:30:00+05:30,162.66,13582.46,175.68,136.64,158.96,13272.79,INTRADAY_SQUAREOFF,0.01,99.96,0.091992,1249.47,28.49,1.46,27.03,27.03,9995.78,10022.81
36,SOL/INR,1h,SHORT,2024-11-05 00:30:00+05:30,2024-11-06 00:30:00+05:30,159.05,13281.06,171.78,133.61,167.14,13956.35,INTRADAY_SQUAREOFF,0.01,100.23,0.094334,1252.85,-63.7,1.52,-65.22,-65.22,10022.81,9957.59
37,SOL/INR,1h,LONG,2024-11-06 04:30:00+05:30,2024-11-07 00:30:00+05:30,167.29,13968.39,153.9,194.05,187.45,15652.31,INTRADAY_SQUAREOFF,0.01,99.58,0.089108,1244.7,150.05,1.56,148.49,148.49,9957.59,10106.08
38,SOL/INR,1h,LONG,2024-11-07 03:30:00+05:30,2024-11-08 00:30:00+05:30,189.96,15861.48,174.76,220.35,196.95,16445.0,INTRADAY_SQUAREOFF,0.01,101.06,0.079643,1263.26,46.47,1.52,44.96,44.96,10106.08,10151.04
39,SOL/INR,1h,LONG,2024-11-08 02:30:00+05:30,2024-11-09 00:30:00+05:30,197.69,16507.41,181.88,229.32,199.78,16681.22,INTRADAY_SQUAREOFF,0.01,101.51,0.076867,1268.88,13.36,1.51,11.85,11.85,10151.04,10162.89
40,SOL/INR,1h,LONG,2024-11-10 10:30:00+05:30,2024-11-11 00:30:00+05:30,205.01,17118.13,188.61,237.81,212.43,17738.07,INTRADAY_SQUAREOFF,0.01,101.63,0.074211,1270.36,46.01,1.53,44.48,44.48,10162.89,10207.38
41,SOL/INR,1h,LONG,2024-11-12 05:30:00+05:30,2024-11-13 00:30:00+05:30,223.33,18648.17,205.46,259.06,213.38,17817.38,INTRADAY_SQUAREOFF,0.01,102.07,0.068421,1275.92,-56.84,1.47,-58.32,-58.32,10207.38,10149.06
42,SOL/INR,1h,SHORT,2024-11-13 05:30:00+05:30,2024-11-14 00:30:00+05:30,212.09,17709.22,229.05,178.15,219.78,18351.86,INTRADAY_SQUAREOFF,0.01,101.49,0.071637,1268.63,-46.04,1.52,-47.56,-47.56,10149.06,10101.5
43,SOL/INR,1h,LONG,2024-11-14 04:30:00+05:30,2024-11-15 00:30:00+05:30,214.2,17885.56,197.06,248.47,214.42,17904.12,INTRADAY_SQUAREOFF,0.01,101.01,0.070598,1262.69,1.31,1.49,-0.18,-0.18,10101.5,10101.32
44,SOL/INR,1h,SHORT,2024-11-15 20:30:00+05:30,2024-11-16 00:30:00+05:30,210.6,17584.79,227.44,176.9,210.79,17600.64,INTRADAY_SQUAREOFF,0.01,101.01,0.071804,1262.66,-1.14,1.49,-2.63,-2.63,10101.32,10098.69
45,SOL/INR,1h,LONG,2024-11-16 07:30:00+05:30,2024-11-17 00:30:00+05:30,218.99,18286.07,201.48,254.03,216.65,18090.53,INTRADAY_SQUAREOFF,0.01,100.99,0.069033,1262.34,-13.5,1.48,-14.98,-14.98,10098.69,10083.71
46,SOL/INR,1h,LONG,2024-11-17 03:30:00+05:30,2024-11-18 00:30:00+05:30,217.19,18135.6,199.82,251.94,232.6,19421.9,INTRADAY_SQUAREOFF,0.01,100.84,0.069502,1260.46,89.4,1.54,87.86,87.86,10083.71,10171.57
47,SOL/INR,1h,LONG,2024-11-18 05:30:00+05:30,2024-11-19 00:30:00+05:30,238.14,19884.67,219.09,276.24,238.55,19919.09,INTRADAY_SQUAREOFF,0.01,101.72,0.063941,1271.45,2.2,1.5,0.7,0.7,10171.57,10172.27
48,SOL/INR,1h,LONG,2024-11-19 08:30:00+05:30,2024-11-20 00:30:00+05:30,241.29,20147.49,221.98,279.89,243.99,20372.92,INTRADAY_SQUAREOFF,0.01,101.72,0.063111,1271.53,14.23,1.51,12.72,12.72,10172.27,10184.99
49,SOL/INR,1h,SHORT,2024-11-20 07:30:00+05:30,2024-11-21 00:30:00+05:30,234.82,19607.64,253.61,197.25,233.78,19520.25,INTRADAY_SQUAREOFF,0.01,101.85,0.06493,1273.12,5.67,1.5,4.18,4.18,10184.99,10189.16
50,SOL/INR,1h,SHORT,2024-11-21 08:30:00+05:30,2024-11-21 19:30:00+05:30,230.23,19224.26,248.65,193.39,248.77,20772.58,STOP_LOSS,0.01,101.89,0.066252,1273.65,-102.58,1.56,-104.14,-104.14,10189.16,10085.02
51,SOL/INR,1h,LONG,2024-11-21 22:30:00+05:30,2024-11-22 00:30:00+05:30,254.86,21280.8,234.47,295.64,258.48,21582.99,INTRADAY_SQUAREOFF,0.01,100.85,0.059238,1260.63,17.9,1.5,16.4,16.4,10085.02,10101.42
52,SOL/INR,1h,LONG,2024-11-22 04:30:00+05:30,2024-11-23 00:30:00+05:30,255.43,21328.16,234.99,296.3,252.54,21087.47,INTRADAY_SQUAREOFF,0.01,101.01,0.059202,1262.68,-14.25,1.48,-15.73,-15.73,10101.42,10085.69
53,SOL/INR,1h,LONG,2024-11-23 09:30:00+05:30,2024-11-24 00:30:00+05:30,257.29,21484.02,236.71,298.46,256.43,21411.7,INTRADAY_SQUAREOFF,0.01,100.86,0.058681,1260.71,-4.24,1.49,-5.73,-5.73,10085.69,10079.96
54,SOL/INR,1h,SHORT,2024-11-25 12:30:00+05:30,2024-11-26 00:30:00+05:30,251.98,21040.39,272.14,211.66,240.07,20045.65,INTRADAY_SQUAREOFF,0.01,100.8,0.059885,1260.0,59.57,1.45,58.12,58.12,10079.96,10138.08
55,SOL/INR,1h,SHORT,2024-11-26 13:30:00+05:30,2024-11-27 00:30:00+05:30,235.29,19646.82,254.11,197.64,226.93,18948.69,INTRADAY_SQUAREOFF,0.01,101.38,0.064502,1267.26,45.03,1.47,43.56,43.56,10138.08,10181.64
56,SOL/INR,1h,SHORT,2024-11-27 06:30:00+05:30,2024-11-28 00:30:00+05:30,229.51,19164.39,247.87,192.79,240.13,20051.2,INTRADAY_SQUAREOFF,0.01,101.82,0.06641,1272.71,-58.89,1.54,-60.43,-60.43,10181.64,10121.22
57,SOL/INR,1h,LONG,2024-11-28 02:30:00+05:30,2024-11-29 00:30:00+05:30,242.94,20285.3,223.5,281.81,236.6,19756.31,INTRADAY_SQUAREOFF,0.01,101.21,0.062368,1265.15,-32.99,1.47,-34.47,-34.47,10121.22,10086.75
58,SOL/INR,1h,LONG,2024-11-30 02:30:00+05:30,2024-12-01 00:30:00+05:30,243.08,20297.28,223.63,281.97,239.64,20009.6,INTRADAY_SQUAREOFF,0.01,100.87,0.062119,1260.84,-17.87,1.48,-19.35,-19.35,10086.75,10067.4
59,SOL/INR,1h,SHORT,2024-12-02 00:30:00+05:30,2024-12-03 00:30:00+05:30,236.17,19720.57,255.07,198.39,223.7,18678.94,INTRADAY_SQUAREOFF,0.01,100.67,0.063813,1258.43,66.47,1.45,65.02,65.02,10067.4,10132.43
60,SOL/INR,1h,SHORT,2024-12-03 07:30:00+05:30,2024-12-04 00:30:00+05:30,224.14,18715.32,242.07,188.27,227.3,18979.14,INTRADAY_SQUAREOFF,0.01,101.32,0.067675,1266.55,-17.85,1.51,-19.36,-19.36,10132.43,10113.07
61,SOL/INR,1h,LONG,2024-12-04 07:30:00+05:30,2024-12-05 00:30:00+05:30,239.54,20002.0,220.38,277.87,230.16,19218.58,INTRADAY_SQUAREOFF,0.01,101.13,0.0632,1264.13,-49.51,1.46,-50.97,-50.97,10113.07,10062.09
62,SOL/INR,1h,SHORT,2024-12-05 04:30:00+05:30,2024-12-06 00:30:00+05:30,229.32,19148.29,247.67,192.63,237.21,19806.8,INTRADAY_SQUAREOFF,0.01,100.62,0.065685,1257.76,-43.25,1.51,-44.76,-44.76,10062.09,10017.33
63,SOL/INR,1h,LONG,2024-12-06 20:30:00+05:30,2024-12-07 00:30:00+05:30,237.95,19868.55,218.91,276.02,239.41,19990.81,INTRADAY_SQUAREOFF,0.01,100.17,0.063023,1252.17,7.7,1.48,6.22,6.22,10017.33,10023.55
64,SOL/INR,1h,LONG,2024-12-07 12:30:00+05:30,2024-12-08 00:30:00+05:30,236.37,19737.05,217.46,274.19,241.92,20200.17,INTRADAY_SQUAREOFF,0.01,100.24,0.063482,1252.94,29.4,1.5,27.9,27.9,10023.55,10051.45
65,SOL/INR,1h,LONG,2024-12-08 08:30:00+05:30,2024-12-09 00:30:00+05:30,241.54,20168.46,222.22,280.18,235.26,19644.53,INTRADAY_SQUAREOFF,0.01,100.51,0.062297,1256.43,-32.64,1.46,-34.1,-34.1,10051.45,10017.35
66,SOL/INR,1h,SHORT,2024-12-09 06:30:00+05:30,2024-12-10 00:30:00+05:30,233.35,19484.8,252.02,196.01,224.91,18779.6,INTRADAY_SQUAREOFF,0.01,100.17,0.064264,1252.17,45.32,1.45,43.87,43.87,10017.35,10061.22
67,SOL/INR,1h,SHORT,2024-12-10 08:30:00+05:30,2024-12-11 00:30:00+05:30,213.35,17814.97,230.42,179.22,209.05,17455.56,INTRADAY_SQUAREOFF,0.01,100.61,0.070595,1257.65,25.37,1.47,23.9,23.9,10061.22,10085.12
68,SOL/INR,1h,SHORT,2024-12-11 07:30:00+05:30,2024-12-11 20:30:00+05:30,212.34,17730.37,229.33,178.37,229.44,19158.38,STOP_LOSS,0.01,100.85,0.071101,1260.64,-101.53,1.55,-103.08,-103.08,10085.12,9982.04
69,SOL/INR,1h,LONG,2024-12-12 08:30:00+05:30,2024-12-13 00:30:00+05:30,229.19,19137.44,210.86,265.86,231.55,19334.21,INTRADAY_SQUAREOFF,0.01,99.82,0.0652,1247.76,12.83,1.48,11.35,11.35,9982.04,9993.39
70,SOL/INR,1h,SHORT,2024-12-14 16:30:00+05:30,2024-12-15 00:30:00+05:30,224.82,18772.48,242.81,188.85,217.88,18193.33,INTRADAY_SQUAREOFF,0.01,99.93,0.066543,1249.17,38.54,1.45,37.09,37.09,9993.39,10030.48
71,SOL/INR,1h,SHORT,2024-12-15 02:30:00+05:30,2024-12-16 00:30:00+05:30,215.24,17972.42,232.46,180.8,221.04,18456.97,INTRADAY_SQUAREOFF,0.01,100.3,0.069763,1253.81,-33.8,1.5,-35.3,-35.3,10030.48,9995.18
72,SOL/INR,1h,SHORT,2024-12-16 02:30:00+05:30,2024-12-17 00:30:00+05:30,220.33,18397.8,237.96,185.08,221.63,18505.93,INTRADAY_SQUAREOFF,0.01,99.95,0.06791,1249.4,-7.34,1.48,-8.82,-8.82,9995.18,9986.36
73,SOL/INR,1h,LONG,2024-12-17 18:30:00+05:30,2024-12-18 00:30:00+05:30,227.37,18985.7,209.18,263.75,227.52,18997.66,INTRADAY_SQUAREOFF,0.01,99.86,0.065749,1248.29,0.79,1.47,-0.69,-0.69,9986.36,9985.67
74,SOL/INR,1h,SHORT,2024-12-19 07:30:00+05:30,2024-12-20 00:30:00+05:30,203.82,17019.26,220.13,171.21,194.13,16209.59,INTRADAY_SQUAREOFF,0.01,99.86,0.073341,1248.21,59.38,1.44,57.94,57.94,9985.67,10043.61
75,SOL/INR,1h,SHORT,2024-12-20 05:30:00+05:30,2024-12-21 00:30:00+05:30,193.73,16176.48,209.23,162.73,191.01,15949.64,INTRADAY_SQUAREOFF,0.01,100.44,0.07761,1255.45,17.61,1.47,16.13,16.13,10043.61,10059.75
76,SOL/INR,1h,SHORT,2024-12-21 22:30:00+05:30,2024-12-22 00:30:00+05:30,184.01,15365.06,198.73,154.57,182.0,15196.87,INTRADAY_SQUAREOFF,0.01,100.6,0.081839,1257.47,13.76,1.48,12.29,12.29,10059.75,10072.04
77,SOL/INR,1h,SHORT,2024-12-22 10:30:00+05:30,2024-12-23 00:30:00+05:30,180.18,15044.92,194.59,151.35,182.11,15206.57,INTRADAY_SQUAREOFF,0.01,100.72,0.083683,1259.0,-13.53,1.49,-15.02,-15.02,10072.04,10057.02
78,SOL/INR,1h,LONG,2024-12-24 09:30:00+05:30,2024-12-25 00:30:00+05:30,189.72,15841.48,174.54,220.07,196.43,16402.15,INTRADAY_SQUAREOFF,0.01,100.57,0.079357,1257.13,44.49,1.51,42.98,42.98,10057.02,10100.0
79,SOL/INR,1h,LONG,2024-12-25 03:30:00+05:30,2024-12-26 00:30:00+05:30,196.75,16428.76,181.01,228.23,197.91,16525.55,INTRADAY_SQUAREOFF,0.01,101.0,0.076847,1262.5,7.44,1.49,5.94,5.94,10100.0,10105.94
80,SOL/INR,1h,SHORT,2024-12-26 18:30:00+05:30,2024-12-27 00:30:00+05:30,188.69,15755.53,203.78,158.5,189.22,15799.69,INTRADAY_SQUAREOFF,0.01,101.06,0.080178,1263.24,-3.54,1.49,-5.03,-5.03,10105.94,10100.91
81,SOL/INR,1h,SHORT,2024-12-27 13:30:00+05:30,2024-12-28 00:30:00+05:30,186.33,15558.86,201.24,156.52,186.77,15594.89,INTRADAY_SQUAREOFF,0.01,101.01,0.081151,1262.61,-2.92,1.49,-4.42,-4.42,10100.91,10096.49
82,SOL/INR,1h,SHORT,2024-12-28 02:30:00+05:30,2024-12-29 00:30:00+05:30,185.14,15459.01,199.95,155.52,193.51,16158.49,INTRADAY_SQUAREOFF,0.01,100.96,0.081639,1262.06,-57.11,1.52,-58.63,-58.63,10096.49,10037.87
83,SOL/INR,1h,LONG,2024-12-29 04:30:00+05:30,2024-12-30 00:30:00+05:30,195.47,16321.38,179.83,226.74,192.66,16087.29,INTRADAY_SQUAREOFF,0.01,100.38,0.076877,1254.73,-18.0,1.47,-19.47,-19.47,10037.87,10018.4
84,SOL/INR,1h,SHORT,2024-12-30 09:30:00+05:30,2024-12-31 00:30:00+05:30,190.7,15923.6,205.96,160.19,194.42,16234.41,INTRADAY_SQUAREOFF,0.01,100.18,0.078644,1252.3,-24.44,1.49,-25.94,-25.94,10018.4,9992.46
85,SOL/INR,1h,LONG,2024-12-31 13:30:00+05:30,2025-01-01 00:30:00+05:30,189.9,15856.86,174.71,220.29,194.3,16223.74,INTRADAY_SQUAREOFF,0.01,99.92,0.078771,1249.06,28.9,1.49,27.41,27.41,9992.46,10019.87
86,SOL/INR,1h,SHORT,2025-01-01 09:30:00+05:30,2025-01-02 00:30:00+05:30,189.77,15845.92,204.95,159.41,191.33,15975.81,INTRADAY_SQUAREOFF,0.01,100.2,0.079041,1252.48,-10.27,1.48,-11.75,-11.75,10019.87,10008.12
87,SOL/INR,1h,LONG,2025-01-02 06:30:00+05:30,2025-01-03 00:30:00+05:30,196.57,16413.19,180.84,228.02,206.03,17203.16,INTRADAY_SQUAREOFF,0.01,100.08,0.07622,1251.02,60.21,1.51,58.7,58.7,10008.12,10066.82
88,SOL/INR,1h,LONG,2025-01-03 05:30:00+05:30,2025-01-04 00:30:00+05:30,208.22,17386.17,191.56,241.53,217.81,18187.11,INTRADAY_SQUAREOFF,0.01,100.67,0.072377,1258.35,57.97,1.52,56.45,56.45,10066.82,10123.27
89,SOL/INR,1h,LONG,2025-01-04 05:30:00+05:30,2025-01-05 00:30:00+05:30,217.87,18192.18,200.44,252.73,215.39,17985.4,INTRADAY_SQUAREOFF,0.01,101.23,0.069558,1265.41,-14.38,1.48,-15.87,-15.87,10123.27,10107.41
90,SOL/INR,1h,LONG,2025-01-05 04:30:00+05:30,2025-01-06 00:30:00+05:30,217.14,18131.28,199.77,251.88,212.29,17726.4,INTRADAY_SQUAREOFF,0.01,101.07,0.069682,1263.43,-28.21,1.47,-29.69,-29.69,10107.41,10077.72
91,SOL/INR,1h,SHORT,2025-01-06 06:30:00+05:30,2025-01-07 00:30:00+05:30,212.12,17712.27,229.09,178.18,219.15,18299.15,INTRADAY_SQUAREOFF,0.01,100.78,0.071121,1259.71,-41.74,1.51,-43.25,-43.25,10077.72,10034.47
92,SOL/INR,1h,LONG,2025-01-07 14:30:00+05:30,2025-01-08 00:30:00+05:30,216.8,18102.73,199.46,251.49,204.92,17111.21,INTRADAY_SQUAREOFF,0.01,100.34,0.069288,1254.31,-68.7,1.44,-70.14,-70.14,10034.47,9964.33
93,SOL/INR,1h,SHORT,2025-01-08 08:30:00+05:30,2025-01-09 00:30:00+05:30,200.48,16740.15,216.52,168.4,194.36,16229.45,INTRADAY_SQUAREOFF,0.01,99.64,0.074404,1245.54,38.0,1.45,36.55,36.55,9964.33,10000.88
94,SOL/INR,1h,SHORT,2025-01-09 09:30:00+05:30,2025-01-10 00:30:00+05:30,194.22,16217.77,209.76,163.15,188.75,15760.91,INTRADAY_SQUAREOFF,0.01,100.01,0.077083,1250.11,35.22,1.45,33.76,33.76,10000.88,10034.64
95,SOL/INR,1h,SHORT,2025-01-10 19:30:00+05:30,2025-01-11 00:30:00+05:30,185.76,15510.57,200.62,156.03,190.28,15888.56,INTRADAY_SQUAREOFF,0.01,100.35,0.080869,1254.33,-30.57,1.5,-32.07,-32.07,10034.64,10002.57
96,SOL/INR,1h,SHORT,2025-01-11 07:30:00+05:30,2025-01-12 00:30:00+05:30,185.92,15524.72,200.8,156.18,187.7,15672.89,INTRADAY_SQUAREOFF,0.01,100.03,0.080537,1250.32,-11.93,1.48,-13.42,-13.42,10002.57,9989.16
97,SOL/INR,1h,LONG,2025-01-12 08:30:00+05:30,2025-01-13 00:30:00+05:30,188.44,15735.01,173.37,218.59,189.23,15800.45,INTRADAY_SQUAREOFF,0.01,99.89,0.079355,1248.64,5.19,1.48,3.72,3.72,9989.16,9992.87
98,SOL/INR,1h,LONG,2025-01-13 06:30:00+05:30,2025-01-13 16:30:00+05:30,191.84,16018.79,176.49,222.54,176.41,14729.92,STOP_LOSS,0.01,99.93,0.077978,1249.11,-100.5,1.41,-101.92,-101.92,9992.87,9890.96
99,SOL/INR,1h,LONG,2025-01-14 14:30:00+05:30,2025-01-15 00:30:00+05:30,187.35,15644.05,172.37,217.33,186.45,15568.81,INTRADAY_SQUAREOFF,0.01,98.91,0.079031,1236.37,-5.95,1.46,-7.4,-7.4,9890.96,9883.55
100,SOL/INR,1h,LONG,2025-01-15 04:30:00+05:30,2025-01-16 00:30:00+05:30,188.74,15759.63,173.64,218.94,201.29,16807.6,INTRADAY_SQUAREOFF,0.01,98.84,0.078393,1235.44,82.15,1.51,80.65,80.65,9883.55,9964.2
101,SOL/INR,1h,LONG,2025-01-16 04:30:00+05:30,2025-01-17 00:30:00+05:30,204.7,17092.28,188.32,237.45,212.42,17737.46,INTRADAY_SQUAREOFF,0.01,99.64,0.072871,1245.53,47.02,1.5,45.52,45.52,9964.2,10009.72
102,SOL/INR,1h,LONG,2025-01-17 07:30:00+05:30,2025-01-18 00:30:00+05:30,214.86,17940.94,197.67,249.24,216.51,18078.39,INTRADAY_SQUAREOFF,0.01,100.1,0.069741,1251.21,9.59,1.48,8.1,8.1,10009.72,10017.82
103,SOL/INR,1h,LONG,2025-01-18 08:30:00+05:30,2025-01-18 20:30:00+05:30,221.58,18502.16,203.86,257.04,256.91,21451.77,TARGET_HIT,0.01,100.18,0.06768,1252.23,199.63,1.6,198.03,198.03,10017.82,10215.86
104,SOL/INR,1h,LONG,2025-01-19 05:30:00+05:30,2025-01-20 00:30:00+05:30,263.58,22008.96,242.49,305.75,271.55,22674.59,INTRADAY_SQUAREOFF,0.01,102.16,0.058021,1276.98,38.62,1.53,37.09,37.09,10215.86,10252.95
105,SOL/INR,1h,LONG,2025-01-20 02:30:00+05:30,2025-01-20 04:30:00+05:30,277.26,23151.15,255.08,321.62,254.95,21288.41,STOP_LOSS,0.01,102.53,0.055359,1281.62,-103.12,1.45,-104.57,-104.57,10252.95,10148.38
106,SOL/INR,1h,SHORT,2025-01-20 08:30:00+05:30,2025-01-20 11:30:00+05:30,231.77,19353.19,250.32,194.69,250.44,20911.9,STOP_LOSS,0.01,101.48,0.065547,1268.55,-102.17,1.56,-103.73,-103.73,10148.38,10044.65
107,SOL/INR,1h,SHORT,2025-01-20 16:30:00+05:30,2025-01-21 00:30:00+05:30,259.2,21643.31,279.94,217.73,249.47,20831.11,INTRADAY_SQUAREOFF,0.01,100.45,0.058012,1255.58,47.12,1.45,45.66,45.66,10044.65,10090.31
108,SOL/INR,1h,SHORT,2025-01-21 05:30:00+05:30,2025-01-22 00:30:00+05:30,241.99,20206.14,261.35,203.27,259.71,21685.39,INTRADAY_SQUAREOFF,0.01,100.9,0.062421,1261.29,-92.34,1.54,-93.88,-93.88,10090.31,9996.44
109,SOL/INR,1h,LONG,2025-01-22 06:30:00+05:30,2025-01-23 00:30:00+05:30,252.93,21119.95,232.7,293.4,253.91,21201.89,INTRADAY_SQUAREOFF,0.01,99.96,0.059165,1249.55,4.85,1.48,3.37,3.37,9996.44,9999.81
110,SOL/INR,1h,SHORT,2025-01-23 14:30:00+05:30,2025-01-24 00:30:00+05:30,245.96,20537.27,265.63,206.6,250.69,20932.24,INTRADAY_SQUAREOFF,0.01,100.0,0.060864,1249.98,-24.04,1.49,-25.53,-25.53,9999.81,9974.28
111,SOL/INR,1h,SHORT,2025-01-24 03:30:00+05:30,2025-01-24 13:30:00+05:30,245.12,20467.55,264.73,205.9,264.86,22116.01,STOP_LOSS,0.01,99.74,0.060915,1246.78,-100.42,1.53,-101.95,-101.95,9974.28,9872.33
112,SOL/INR,1h,LONG,2025-01-24 17:30:00+05:30,2025-01-25 00:30:00+05:30,267.09,22302.33,245.73,309.83,262.73,21937.92,INTRADAY_SQUAREOFF,0.01,98.72,0.055332,1234.04,-20.16,1.44,-21.61,-21.61,9872.33,9850.72
113,SOL/INR,1h,SHORT,2025-01-25 12:30:00+05:30,2025-01-26 00:30:00+05:30,246.81,20608.42,266.55,207.32,258.59,21591.94,INTRADAY_SQUAREOFF,0.01,98.51,0.059749,1231.34,-58.76,1.49,-60.25,-60.25,9850.72,9790.47
114,SOL/INR,1h,LONG,2025-01-26 04:30:00+05:30,2025-01-27 00:30:00+05:30,259.25,21647.52,238.51,300.73,256.63,21428.6,INTRADAY_SQUAREOFF,0.01,97.9,0.056533,1223.81,-12.38,1.44,-13.81,-13.81,9790.47,9776.66
115,SOL/INR,1h,SHORT,2025-01-27 10:30:00+05:30,2025-01-28 00:30:00+05:30,230.76,19268.13,249.22,193.84,224.71,18763.5,INTRADAY_SQUAREOFF,0.01,97.77,0.063425,1222.08,32.01,1.42,30.58,30.58,9776.66,9807.24
116,SOL/INR,1h,SHORT,2025-01-29 15:30:00+05:30,2025-01-30 00:30:00+05:30,231.01,19289.18,249.49,194.05,230.28,19228.78,INTRADAY_SQUAREOFF,0.01,98.07,0.063554,1225.9,3.84,1.44,2.39,2.39,9807.24,9809.63
117,SOL/INR,1h,LONG,2025-01-30 07:30:00+05:30,2025-01-31 00:30:00+05:30,235.24,19642.82,216.42,272.88,240.99,20122.53,INTRADAY_SQUAREOFF,0.01,98.1,0.062425,1226.2,29.95,1.46,28.48,28.48,9809.63,9838.12
118,SOL/INR,1h,LONG,2025-01-31 21:30:00+05:30,2025-02-01 00:30:00+05:30,240.89,20114.37,221.62,279.43,230.68,19261.45,INTRADAY_SQUAREOFF,0.01,98.38,0.061139,1229.76,-52.15,1.42,-53.57,-53.57,9838.12,9784.55
119,SOL/INR,1h,SHORT,2025-02-01 20:30:00+05:30,2025-02-02 00:30:00+05:30,225.29,18811.66,243.31,189.24,224.85,18774.96,INTRADAY_SQUAREOFF,0.01,97.85,0.065017,1223.07,2.39,1.44,0.94,0.94,9784.55,9785.49
120,SOL/INR,1h,SHORT,2025-02-02 09:30:00+05:30,2025-02-03 00:30:00+05:30,207.57,17331.88,224.17,174.36,197.23,16468.35,INTRADAY_SQUAREOFF,0.01,97.85,0.070574,1223.19,60.94,1.41,59.54,59.54,9785.49,9845.03
121,SOL/INR,1h,SHORT,2025-02-03 07:30:00+05:30,2025-02-03 09:30:00+05:30,182.6,15246.73,197.2,153.38,197.3,16474.71,STOP_LOSS,0.01,98.45,0.080714,1230.63,-99.11,1.51,-100.63,-100.63,9845.03,9744.4
122,SOL/INR,1h,SHORT,2025-02-03 15:30:00+05:30,2025-02-03 23:30:00+05:30,194.4,16232.13,209.95,163.29,210.05,17539.47,STOP_LOSS,0.01,97.44,0.075039,1218.05,-98.1,1.5,-99.6,-99.6,9744.4,9644.81
123,SOL/INR,1h,LONG,2025-02-04 03:30:00+05:30,2025-02-05 00:30:00+05:30,217.88,18192.95,200.45,252.74,214.11,17878.25,INTRADAY_SQUAREOFF,0.01,96.45,0.066267,1205.6,-20.85,1.41,-22.26,-22.26,9644.81,9622.54
124,SOL/INR,1h,SHORT,2025-02-05 07:30:00+05:30,2025-02-06 00:30:00+05:30,205.81,17185.16,222.28,172.88,197.67,16505.65,INTRADAY_SQUAREOFF,0.01,96.23,0.069992,1202.82,47.56,1.39,46.17,46.17,9622.54,9668.71
125,SOL/INR,1h,SHORT,2025-02-06 04:30:00+05:30,2025-02-07 00:30:00+05:30,195.78,16347.81,211.44,164.46,190.38,15896.45,INTRADAY_SQUAREOFF,0.01,96.69,0.07393,1208.59,33.37,1.41,31.96,31.96,9668.71,9700.67
126,SOL/INR,1h,SHORT,2025-02-07 04:30:00+05:30,2025-02-08 00:30:00+05:30,190.6,15915.21,205.85,160.11,198.49,16573.93,INTRADAY_SQUAREOFF,0.01,97.01,0.07619,1212.58,-50.19,1.46,-51.65,-51.65,9700.67,9649.02
127,SOL/INR,1h,SHORT,2025-02-08 10:30:00+05:30,2025-02-09 00:30:00+05:30,191.79,16014.35,207.13,161.1,196.78,16431.48,INTRADAY_SQUAREOFF,0.01,96.49,0.075315,1206.13,-31.42,1.44,-32.86,-32.86,9649.02,9616.17
128,SOL/INR,1h,LONG,2025-02-09 06:30:00+05:30,2025-02-10 00:30:00+05:30,200.43,16736.23,184.4,232.5,200.03,16702.53,INTRADAY_SQUAREOFF,0.01,96.16,0.071821,1202.02,-2.42,1.42,-3.84,-3.84,9616.17,9612.33
129,SOL/INR,1h,SHORT,2025-02-10 03:30:00+05:30,2025-02-11 00:30:00+05:30,194.19,16214.91,209.73,163.12,203.21,16967.98,INTRADAY_SQUAREOFF,0.01,96.12,0.074101,1201.54,-55.8,1.45,-57.25,-57.25,9612.33,9555.07
130,SOL/INR,1h,LONG,2025-02-11 07:30:00+05:30,2025-02-12 00:30:00+05:30,204.68,17090.87,188.31,237.43,196.54,16411.33,INTRADAY_SQUAREOFF,0.01,95.55,0.069884,1194.38,-47.49,1.38,-48.87,-48.87,9555.07,9506.2
131,SOL/INR,1h,SHORT,2025-02-12 08:30:00+05:30,2025-02-13 00:30:00+05:30,195.12,16292.81,210.73,163.9,193.41,16149.68,INTRADAY_SQUAREOFF,0.01,95.06,0.072933,1188.28,10.44,1.4,9.04,9.04,9506.2,9515.25
132,SOL/INR,1h,SHORT,2025-02-13 06:30:00+05:30,2025-02-14 00:30:00+05:30,195.18,16297.12,210.79,163.95,193.26,16137.25,INTRADAY_SQUAREOFF,0.01,95.15,0.072983,1189.41,11.67,1.4,10.27,10.27,9515.25,9525.52
133,SOL/INR,1h,LONG,2025-02-14 12:30:00+05:30,2025-02-15 00:30:00+05:30,196.36,16396.22,180.65,227.78,203.02,16952.2,INTRADAY_SQUAREOFF,0.01,95.26,0.07262,1190.69,40.38,1.43,38.95,38.95,9525.52,9564.47
134,SOL/INR,1h,SHORT,2025-02-15 23:30:00+05:30,2025-02-16 01:30:00+05:30,193.45,16153.22,208.93,162.5,194.3,16223.81,INTRADAY_SQUAREOFF,0.01,95.64,0.074014,1195.56,-5.22,1.41,-6.64,-6.64,9564.47,9557.83
135,SOL/INR,1h,SHORT,2025-02-16 08:30:00+05:30,2025-02-17 00:30:00+05:30,193.39,16147.96,208.86,162.45,189.36,15811.2,INTRADAY_SQUAREOFF,0.01,95.58,0.073986,1194.73,24.92,1.4,23.52,23.52,9557.83,9581.35
136,SOL/INR,1h,SHORT,2025-02-17 08:30:00+05:30,2025-02-18 00:30:00+05:30,187.14,15626.46,202.11,157.2,175.84,14682.4,INTRADAY_SQUAREOFF,0.01,95.81,0.076644,1197.67,72.36,1.37,70.99,70.99,9581.35,9652.33
137,SOL/INR,1h,SHORT,2025-02-18 05:30:00+05:30,2025-02-19 00:30:00+05:30,177.57,14827.26,191.78,149.16,164.55,13739.98,INTRADAY_SQUAREOFF,0.01,96.52,0.081373,1206.54,88.48,1.37,87.1,87.1,9652.33,9739.44
138,SOL/INR,1h,SHORT,2025-02-19 09:30:00+05:30,2025-02-20 00:30:00+05:30,167.15,13957.22,180.52,140.41,169.87,14184.3,INTRADAY_SQUAREOFF,0.01,97.39,0.087226,1217.43,-19.81,1.45,-21.26,-21.26,9739.44,9718.18
139,SOL/INR,1h,LONG,2025-02-21 05:30:00+05:30,2025-02-22 00:30:00+05:30,176.47,14735.02,162.35,204.7,171.66,14333.72,INTRADAY_SQUAREOFF,0.01,97.18,0.082441,1214.77,-33.08,1.41,-34.5,-34.5,9718.18,9683.68
140,SOL/INR,1h,SHORT,2025-02-22 12:30:00+05:30,2025-02-23 00:30:00+05:30,170.85,14266.22,184.52,143.52,173.0,14445.78,INTRADAY_SQUAREOFF,0.01,96.84,0.084848,1210.46,-15.24,1.44,-16.67,-16.67,9683.68,9667.01
141,SOL/INR,1h,SHORT,2025-02-23 05:30:00+05:30,2025-02-24 00:30:00+05:30,172.06,14366.73,185.82,144.53,168.14,14039.71,INTRADAY_SQUAREOFF,0.01,96.67,0.084109,1208.38,27.51,1.41,26.1,26.1,9667.01,9693.11
142,SOL/INR,1h,SHORT,2025-02-24 06:30:00+05:30,2025-02-25 00:30:00+05:30,166.8,13927.46,180.14,140.11,152.18,12707.04,INTRADAY_SQUAREOFF,0.01,96.93,0.086996,1211.64,106.17,1.37,104.81,104.81,9693.11,9797.91
143,SOL/INR,1h,SHORT,2025-02-25 04:30:00+05:30,2025-02-26 00:30:00+05:30,142.8,11923.69,154.22,119.95,141.0,11773.25,INTRADAY_SQUAREOFF,0.01,97.98,0.102715,1224.74,15.45,1.44,14.02,14.02,9797.91,9811.93
144,SOL/INR,1h,SHORT,2025-02-26 23:30:00+05:30,2025-02-27 01:30:00+05:30,133.29,11129.75,143.95,111.96,131.9,11013.56,INTRADAY_SQUAREOFF,0.01,98.12,0.110199,1226.49,12.8,1.44,11.36,11.36,9811.93,9823.29
145,SOL/INR,1h,SHORT,2025-02-27 05:30:00+05:30,2025-02-28 00:30:00+05:30,134.53,11233.02,145.29,113.0,138.53,11567.37,INTRADAY_SQUAREOFF,0.01,98.23,0.109313,1227.91,-36.55,1.47,-38.02,-38.02,9823.29,9785.27
146,SOL/INR,1h,SHORT,2025-02-28 16:30:00+05:30,2025-02-28 19:30:00+05:30,130.07,10860.69,140.47,109.26,140.54,11735.41,STOP_LOSS,0.01,97.85,0.112623,1223.16,-98.51,1.5,-100.01,-100.01,9785.27,9685.26
147,SOL/INR,1h,LONG,2025-03-01 00:30:00+05:30,2025-03-02 00:30:00+05:30,146.82,12259.32,135.07,170.31,140.38,11721.76,INTRADAY_SQUAREOFF,0.01,96.85,0.098754,1210.66,-53.09,1.4,-54.48,-54.48,9685.26,9630.77
148,SOL/INR,1h,LONG,2025-03-02 21:30:00+05:30,2025-03-03 00:30:00+05:30,161.23,13462.46,148.33,187.02,168.84,14098.29,INTRADAY_SQUAREOFF,0.01,96.31,0.089422,1203.85,56.86,1.45,55.4,55.4,9630.77,9686.17
149,SOL/INR,1h,SHORT,2025-03-03 20:30:00+05:30,2025-03-04 00:30:00+05:30,157.42,13144.24,170.01,132.23,149.24,12461.22,INTRADAY_SQUAREOFF,0.01,96.86,0.092114,1210.77,62.92,1.39,61.52,61.52,9686.17,9747.7
150,SOL/INR,1h,SHORT,2025-03-04 03:30:00+05:30,2025-03-05 00:30:00+05:30,139.76,11670.18,150.94,117.4,142.73,11917.74,INTRADAY_SQUAREOFF,0.01,97.48,0.104408,1218.46,-25.85,1.45,-27.3,-27.3,9747.7,9720.4
151,SOL/INR,1h,LONG,2025-03-05 03:30:00+05:30,2025-03-06 00:30:00+05:30,146.41,12225.26,134.7,169.84,144.26,12045.32,INTRADAY_SQUAREOFF,0.01,97.2,0.099388,1215.05,-17.88,1.42,-19.31,-19.31,9720.4,9701.09
152,SOL/INR,1h,LONG,2025-03-06 10:30:00+05:30,2025-03-07 00:30:00+05:30,150.0,12525.29,138.0,174.0,143.19,11956.04,INTRADAY_SQUAREOFF,0.01,97.01,0.096815,1212.64,-55.11,1.4,-56.51,-56.51,9701.09,9644.58
153,SOL/INR,1h,SHORT,2025-03-07 05:30:00+05:30,2025-03-08 00:30:00+05:30,143.28,11963.97,154.74,120.36,150.1,12533.21,INTRADAY_SQUAREOFF,0.01,96.45,0.100767,1205.57,-57.36,1.46,-58.82,-58.82,9644.58,9585.76
154,SOL/INR,1h,SHORT,2025-03-09 15:30:00+05:30,2025-03-10 00:30:00+05:30,137.99,11522.17,149.03,115.91,127.73,10665.7,INTRADAY_SQUAREOFF,0.01,95.86,0.103993,1198.22,89.07,1.36,87.71,87.71,9585.76,9673.47
155,SOL/INR,1h,SHORT,2025-03-10 14:30:00+05:30,2025-03-11 00:30:00+05:30,126.09,10528.42,136.18,105.91,116.27,9708.22,INTRADAY_SQUAREOFF,0.01,96.73,0.114849,1209.18,94.2,1.37,92.83,92.83,9673.47,9766.3
156,SOL/INR,1h,SHORT,2025-03-11 06:30:00+05:30,2025-03-11 10:30:00+05:30,113.17,9449.3,122.22,95.06,122.28,10210.35,STOP_LOSS,0.01,97.66,0.129193,1220.79,-98.32,1.5,-99.82,-99.82,9766.3,9666.48
157,SOL/INR,1h,LONG,2025-03-12 07:30:00+05:30,2025-03-13 00:30:00+05:30,126.78,10585.97,116.64,147.06,124.36,10384.03,INTRADAY_SQUAREOFF,0.01,96.66,0.114143,1208.31,-23.05,1.41,-24.46,-24.46,9666.48,9642.01
158,SOL/INR,1h,LONG,2025-03-13 04:30:00+05:30,2025-03-14 00:30:00+05:30,126.66,10575.7,116.52,146.92,122.84,10257.52,INTRADAY_SQUAREOFF,0.01,96.42,0.113964,1205.25,-36.26,1.4,-37.66,-37.66,9642.01,9604.35
159,SOL/INR,1h,SHORT,2025-03-14 09:30:00+05:30,2025-03-15 00:30:00+05:30,124.22,10372.02,134.15,104.34,134.22,11207.38,STOP_LOSS,0.01,96.04,0.115748,1200.54,-96.69,1.47,-98.17,-98.17,9604.35,9506.19
160,SOL/INR,1h,LONG,2025-03-15 03:30:00+05:30,2025-03-16 00:30:00+05:30,134.77,11252.98,123.98,156.33,134.17,11203.33,INTRADAY_SQUAREOFF,0.01,95.06,0.105596,1188.27,-5.24,1.4,-6.64,-6.64,9506.19,9499.55
161,SOL/INR,1h,LONG,2025-03-16 05:30:00+05:30,2025-03-17 00:30:00+05:30,136.04,11359.5,125.16,157.81,128.74,10750.14,INTRADAY_SQUAREOFF,0.01,95.0,0.104533,1187.44,-63.7,1.36,-65.06,-65.06,9499.55,9434.48
162,SOL/INR,1h,SHORT,2025-03-17 03:30:00+05:30,2025-03-18 00:30:00+05:30,126.43,10556.56,136.54,106.2,129.94,10849.78,INTRADAY_SQUAREOFF,0.01,94.34,0.111714,1179.31,-32.76,1.41,-34.17,-34.17,9434.48,9400.32
163,SOL/INR,1h,SHORT,2025-03-18 10:30:00+05:30,2025-03-19 00:30:00+05:30,123.9,10345.34,133.81,104.07,124.1,10362.48,INTRADAY_SQUAREOFF,0.01,94.0,0.113582,1175.04,-1.95,1.39,-3.33,-3.33,9400.32,9396.98
164,SOL/INR,1h,LONG,2025-03-19 19:30:00+05:30,2025-03-20 00:30:00+05:30,130.94,10933.3,120.46,151.89,132.92,11098.52,INTRADAY_SQUAREOFF,0.01,93.97,0.107435,1174.62,17.75,1.4,16.35,16.35,9396.98,9413.34
165,SOL/INR,1h,LONG,2025-03-20 04:30:00+05:30,2025-03-21 00:30:00+05:30,134.87,11261.83,124.08,156.45,127.25,10625.39,INTRADAY_SQUAREOFF,0.01,94.13,0.104483,1176.67,-66.5,1.35,-67.85,-67.85,9413.34,9345.49
166,SOL/INR,1h,SHORT,2025-03-21 03:30:00+05:30,2025-03-22 00:30:00+05:30,127.51,10646.77,137.71,107.11,127.5,10645.86,INTRADAY_SQUAREOFF,0.01,93.45,0.109722,1168.19,0.1,1.38,-1.28,-1.28,9345.49,9344.21
167,SOL/INR,1h,LONG,2025-03-23 12:30:00+05:30,2025-03-24 00:30:00+05:30,130.99,10937.36,120.51,151.94,130.92,10931.96,INTRADAY_SQUAREOFF,0.01,93.44,0.106792,1168.03,-0.58,1.38,-1.95,-1.95,9344.21,9342.26
168,SOL/INR,1h,LONG,2025-03-24 08:30:00+05:30,2025-03-25 00:30:00+05:30,135.06,11277.63,124.26,156.67,142.24,11876.66,INTRADAY_SQUAREOFF,0.01,93.42,0.103548,1167.78,62.03,1.41,60.61,60.61,9342.26,9402.87
169,SOL/INR,1h,LONG,2025-03-25 06:30:00+05:30,2025-03-26 00:30:00+05:30,142.3,11881.8,130.91,165.06,145.22,12126.13,INTRADAY_SQUAREOFF,0.01,94.03,0.098921,1175.36,24.17,1.4,22.77,22.77,9402.87,9425.64
170,SOL/INR,1h,LONG,2025-03-26 06:30:00+05:30,2025-03-27 00:30:00+05:30,144.54,12068.9,132.97,167.66,137.5,11481.13,INTRADAY_SQUAREOFF,0.01,94.26,0.097623,1178.2,-57.38,1.36,-58.74,-58.74,9425.64,9366.9
171,SOL/INR,1h,SHORT,2025-03-27 16:30:00+05:30,2025-03-28 00:30:00+05:30,137.53,11484.02,148.54,115.53,139.02,11608.44,INTRADAY_SQUAREOFF,0.01,93.67,0.101956,1170.86,-12.69,1.39,-14.07,-14.07,9366.9,9352.83
172,SOL/INR,1h,SHORT,2025-03-28 05:30:00+05:30,2025-03-29 00:30:00+05:30,138.08,11529.97,149.13,115.99,129.59,10820.68,INTRADAY_SQUAREOFF,0.01,93.53,0.101397,1169.1,71.92,1.34,70.58,70.58,9352.83,9423.41
173,SOL/INR,1h,SHORT,2025-03-29 07:30:00+05:30,2025-03-30 00:30:00+05:30,129.25,10792.74,139.59,108.57,125.06,10442.61,INTRADAY_SQUAREOFF,0.01,94.23,0.109141,1177.93,38.21,1.37,36.85,36.85,9423.41,9460.26
174,SOL/INR,1h,SHORT,2025-03-30 04:30:00+05:30,2025-03-31 00:30:00+05:30,123.03,10272.74,132.87,103.34,126.15,10533.29,INTRADAY_SQUAREOFF,0.01,94.6,0.115114,1182.53,-29.99,1.41,-31.41,-31.41,9460.26,9428.85
175,SOL/INR,1h,LONG,2025-04-01 21:30:00+05:30,2025-04-02 00:30:00+05:30,130.06,10860.18,119.66,150.87,126.38,10552.75,INTRADAY_SQUAREOFF,0.01,94.29,0.108525,1178.61,-33.36,1.37,-34.73,-34.73,9428.85,9394.11
176,SOL/INR,1h,LONG,2025-04-02 04:30:00+05:30,2025-04-03 00:30:00+05:30,127.14,10615.89,116.97,147.48,129.94,10849.99,INTRADAY_SQUAREOFF,0.01,93.94,0.110614,1174.26,25.89,1.4,24.49,24.49,9394.11,9418.61
177,SOL/INR,1h,SHORT,2025-04-03 11:30:00+05:30,2025-04-04 00:30:00+05:30,118.95,9932.5,128.47,99.92,115.1,9610.47,INTRADAY_SQUAREOFF,0.01,94.19,0.118533,1177.33,38.17,1.37,36.8,36.8,9418.61,9455.41
178,SOL/INR,1h,SHORT,2025-04-04 06:30:00+05:30,2025-04-05 00:30:00+05:30,115.97,9683.64,125.25,97.42,121.86,10175.5,INTRADAY_SQUAREOFF,0.01,94.55,0.122054,1181.93,-60.03,1.43,-61.46,-61.46,9455.41,9393.95
179,SOL/INR,1h,LONG,2025-04-05 13:30:00+05:30,2025-04-06 00:30:00+05:30,121.16,10117.14,111.47,140.55,118.87,9925.78,INTRADAY_SQUAREOFF,0.01,93.94,0.116065,1174.24,-22.21,1.37,-23.58,-23.58,9393.95,9370.37
180,SOL/INR,1h,SHORT,2025-04-06 18:30:00+05:30,2025-04-07 00:30:00+05:30,116.47,9725.38,125.79,97.84,108.13,9028.85,INTRADAY_SQUAREOFF,0.01,93.7,0.120437,1171.3,83.89,1.33,82.56,82.56,9370.37,9452.92
181,SOL/INR,1h,SHORT,2025-04-07 02:30:00+05:30,2025-04-08 00:30:00+05:30,106.39,8883.53,114.9,89.37,106.01,8851.75,INTRADAY_SQUAREOFF,0.01,94.53,0.133012,1181.62,4.23,1.39,2.83,2.83,9452.92,9455.76
182,SOL/INR,1h,LONG,2025-04-08 07:30:00+05:30,2025-04-09 00:30:00+05:30,111.2,9284.96,102.3,128.99,105.7,8826.03,INTRADAY_SQUAREOFF,0.01,94.56,0.127299,1181.97,-58.42,1.36,-59.78,-59.78,9455.76,9395.97
183,SOL/INR,1h,SHORT,2025-04-09 06:30:00+05:30,2025-04-09 22:30:00+05:30,104.36,8714.15,112.71,87.66,112.77,9415.99,STOP_LOSS,0.01,93.96,0.13478,1174.5,-94.59,1.44,-96.04,-96.04,9395.97,9299.94
184,SOL/INR,1h,SHORT,2025-04-11 06:30:00+05:30,2025-04-11 22:30:00+05:30,112.21,9369.53,121.19,94.26,121.25,10124.16,STOP_LOSS,0.01,93.0,0.124072,1162.49,-93.63,1.43,-95.05,-95.05,9299.94,9204.88
185,SOL/INR,1h,LONG,2025-04-12 05:30:00+05:30,2025-04-13 00:30:00+05:30,121.69,10161.21,111.96,141.16,130.81,10922.94,INTRADAY_SQUAREOFF,0.01,92.05,0.113236,1150.61,86.26,1.41,84.85,84.85,9204.88,9289.73
186,SOL/INR,1h,LONG,2025-04-13 02:30:00+05:30,2025-04-14 00:30:00+05:30,133.47,11144.55,122.79,154.82,131.54,10983.59,INTRADAY_SQUAREOFF,0.01,92.9,0.104196,1161.22,-16.77,1.36,-18.13,-18.13,9289.73,9271.6
187,SOL/INR,1h,LONG,2025-04-14 16:30:00+05:30,2025-04-15 00:30:00+05:30,133.95,11184.43,123.23,155.38,130.24,10875.33,INTRADAY_SQUAREOFF,0.01,92.72,0.103622,1158.95,-32.03,1.35,-33.38,-33.38,9271.6,9238.22
188,SOL/INR,1h,LONG,2025-04-15 07:30:00+05:30,2025-04-16 00:30:00+05:30,130.41,10889.47,119.98,151.28,128.08,10694.34,INTRADAY_SQUAREOFF,0.01,92.38,0.106045,1154.78,-20.69,1.35,-22.04,-22.04,9238.22,9216.18
189,SOL/INR,1h,SHORT,2025-04-16 04:30:00+05:30,2025-04-17 00:30:00+05:30,126.1,10529.29,136.19,105.92,128.61,10739.16,INTRADAY_SQUAREOFF,0.01,92.16,0.109411,1152.02,-22.96,1.37,-24.34,-24.34,9216.18,9191.84
190,SOL/INR,1h,LONG,2025-04-17 11:30:00+05:30,2025-04-18 00:30:00+05:30,133.35,11134.74,122.68,154.69,134.52,11232.32,INTRADAY_SQUAREOFF,0.01,91.92,0.103189,1148.98,10.07,1.36,8.71,8.71,9191.84,9200.55
191,SOL/INR,1h,LONG,2025-04-18 02:30:00+05:30,2025-04-19 00:30:00+05:30,135.13,11283.12,124.32,156.75,133.89,11179.6,INTRADAY_SQUAREOFF,0.01,92.01,0.101928,1150.07,-10.55,1.35,-11.9,-11.9,9200.55,9188.65
192,SOL/INR,1h,LONG,2025-04-19 03:30:00+05:30,2025-04-20 00:30:00+05:30,134.36,11218.97,123.61,155.86,138.51,11565.74,INTRADAY_SQUAREOFF,0.01,91.89,0.102379,1148.58,35.5,1.38,34.13,34.13,9188.65,9222.77
193,SOL/INR,1h,SHORT,2025-04-20 21:30:00+05:30,2025-04-21 00:30:00+05:30,135.71,11332.0,146.57,114.0,136.54,11400.8,INTRADAY_SQUAREOFF,0.01,92.23,0.101734,1152.85,-7.0,1.36,-8.36,-8.36,9222.77,9214.41
194,SOL/INR,1h,SHORT,2025-04-21 04:30:00+05:30,2025-04-22 00:30:00+05:30,136.49,11397.0,147.41,114.65,135.47,11311.39,INTRADAY_SQUAREOFF,0.01,92.14,0.101062,1151.8,8.65,1.35,7.3,7.3,9214.41,9221.71
195,SOL/INR,1h,SHORT,2025-04-22 04:30:00+05:30,2025-04-23 00:30:00+05:30,136.03,11358.68,146.91,114.27,144.98,12105.97,INTRADAY_SQUAREOFF,0.01,92.22,0.101483,1152.71,-75.84,1.4,-77.24,-77.24,9221.71,9144.47
196,SOL/INR,1h,LONG,2025-04-23 03:30:00+05:30,2025-04-24 00:30:00+05:30,148.07,12363.48,136.22,171.76,150.74,12586.73,INTRADAY_SQUAREOFF,0.01,91.44,0.092454,1143.06,20.64,1.36,19.28,19.28,9144.47,9163.75
197,SOL/INR,1h,LONG,2025-04-24 02:30:00+05:30,2025-04-25 00:30:00+05:30,151.18,12623.67,139.09,175.37,151.81,12676.12,INTRADAY_SQUAREOFF,0.01,91.64,0.09074,1145.47,4.76,1.35,3.4,3.4,9163.75,9167.15
198,SOL/INR,1h,LONG,2025-04-25 12:30:00+05:30,2025-04-26 00:30:00+05:30,153.85,12846.74,141.54,178.47,151.14,12620.56,INTRADAY_SQUAREOFF,0.01,91.67,0.089197,1145.89,-20.17,1.34,-21.51,-21.51,9167.15,9145.64
199,SOL/INR,1h,SHORT,2025-04-27 00:30:00+05:30,2025-04-28 00:30:00+05:30,148.77,12421.95,160.67,124.96,149.99,12523.78,INTRADAY_SQUAREOFF,0.01,91.46,0.092031,1143.2,-9.37,1.35,-10.73,-10.73,9145.64,9134.91
200,SOL/INR,1h,SHORT,2025-04-29 10:30:00+05:30,2025-04-30 00:30:00+05:30,146.4,12224.11,158.11,122.97,150.04,12528.26,INTRADAY_SQUAREOFF,0.01,91.35,0.093411,1141.86,-28.41,1.36,-29.78,-29.78,9134.91,9105.13
201,SOL/INR,1h,SHORT,2025-04-30 18:30:00+05:30,2025-05-01 00:30:00+05:30,144.71,12083.35,156.29,121.56,145.61,12158.35,INTRADAY_SQUAREOFF,0.01,91.05,0.094191,1138.14,-7.06,1.35,-8.41,-8.41,9105.13,9096.72
202,SOL/INR,1h,LONG,2025-05-01 11:30:00+05:30,2025-05-02 00:30:00+05:30,149.37,12472.29,137.42,173.27,151.07,12614.28,INTRADAY_SQUAREOFF,0.01,90.97,0.091169,1137.09,12.94,1.35,11.6,11.6,9096.72,9108.32
203,SOL/INR,1h,LONG,2025-05-02 03:30:00+05:30,2025-05-03 00:30:00+05:30,150.98,12606.81,138.9,175.14,149.5,12483.12,INTRADAY_SQUAREOFF,0.01,91.08,0.090312,1138.54,-11.17,1.34,-12.51,-12.51,9108.32,9095.81
204,SOL/INR,1h,SHORT,2025-05-03 03:30:00+05:30,2025-05-04 00:30:00+05:30,147.44,12310.86,159.23,123.85,146.79,12257.3,INTRADAY_SQUAREOFF,0.01,90.96,0.092356,1136.98,4.95,1.34,3.61,3.61,9095.81,9099.42
205,SOL/INR,1h,SHORT,2025-05-04 05:30:00+05:30,2025-05-05 00:30:00+05:30,146.71,12250.08,158.44,123.23,146.81,12258.39,INTRADAY_SQUAREOFF,0.01,90.99,0.092851,1137.43,-0.77,1.34,-2.11,-2.11,9099.42,9097.3
206,SOL/INR,1h,SHORT,2025-05-05 04:30:00+05:30,2025-05-06 00:30:00+05:30,145.09,12115.01,156.7,121.88,146.7,12249.43,INTRADAY_SQUAREOFF,0.01,90.97,0.093864,1137.16,-12.62,1.35,-13.97,-13.97,9097.3,9083.34
207,SOL/INR,1h,LONG,2025-05-07 13:30:00+05:30,2025-05-08 00:30:00+05:30,147.31,12300.29,135.52,170.88,146.55,12236.58,INTRADAY_SQUAREOFF,0.01,90.83,0.092308,1135.42,-5.88,1.34,-7.22,-7.22,9083.34,9076.12
208,SOL/INR,1h,LONG,2025-05-08 03:30:00+05:30,2025-05-09 00:30:00+05:30,147.57,12321.83,135.76,171.18,159.86,13348.56,INTRADAY_SQUAREOFF,0.01,90.76,0.092074,1134.52,94.54,1.39,93.14,93.14,9076.12,9169.26
209,SOL/INR,1h,LONG,2025-05-09 05:30:00+05:30,2025-05-10 00:30:00+05:30,164.15,13706.38,151.02,190.41,171.8,14345.04,INTRADAY_SQUAREOFF,0.01,91.69,0.083622,1146.16,53.41,1.38,52.02,52.02,9169.26,9221.28
210,SOL/INR,1h,LONG,2025-05-10 02:30:00+05:30,2025-05-11 00:30:00+05:30,173.01,14446.39,159.17,200.69,172.42,14397.22,INTRADAY_SQUAREOFF,0.01,92.21,0.079789,1152.66,-3.92,1.36,-5.28,-5.28,9221.28,9216.0
211,SOL/INR,1h,LONG,2025-05-11 02:30:00+05:30,2025-05-12 00:30:00+05:30,172.94,14440.86,159.11,200.62,172.61,14412.55,INTRADAY_SQUAREOFF,0.01,92.16,0.079774,1152.0,-2.26,1.36,-3.62,-3.62,9216.0,9212.39
212,SOL/INR,1h,SHORT,2025-05-12 04:30:00+05:30,2025-05-13 00:30:00+05:30,171.48,14318.39,185.2,144.04,170.73,14255.73,INTRADAY_SQUAREOFF,0.01,92.12,0.080424,1151.55,5.04,1.36,3.68,3.68,9212.39,9216.07
213,SOL/INR,1h,LONG,2025-05-14 10:30:00+05:30,2025-05-15 00:30:00+05:30,181.89,15187.45,167.33,210.99,176.27,14718.93,INTRADAY_SQUAREOFF,0.01,92.16,0.075853,1152.01,-35.54,1.34,-36.88,-36.88,9216.07,9179.19
214,SOL/INR,1h,SHORT,2025-05-15 04:30:00+05:30,2025-05-16 00:30:00+05:30,175.47,14651.53,189.5,147.39,169.67,14167.83,INTRADAY_SQUAREOFF,0.01,91.79,0.078313,1147.4,37.88,1.33,36.55,36.55,9179.19,9215.74
215,SOL/INR,1h,SHORT,2025-05-16 14:30:00+05:30,2025-05-17 00:30:00+05:30,169.64,14165.24,183.22,142.5,170.53,14239.28,INTRADAY_SQUAREOFF,0.01,92.16,0.081324,1151.97,-6.02,1.36,-7.38,-7.38,9215.74,9208.36
216,SOL/INR,1h,SHORT,2025-05-17 02:30:00+05:30,2025-05-18 00:30:00+05:30,169.01,14112.11,182.53,141.97,165.8,13844.48,INTRADAY_SQUAREOFF,0.01,92.08,0.081564,1151.04,21.83,1.35,20.48,20.48,9208.36,9228.84
217,SOL/INR,1h,LONG,2025-05-18 18:30:00+05:30,2025-05-19 00:30:00+05:30,171.64,14332.13,157.91,199.11,170.05,14199.0,INTRADAY_SQUAREOFF,0.01,92.29,0.080491,1153.61,-10.72,1.35,-12.07,-12.07,9228.84,9216.77
218,SOL/INR,1h,SHORT,2025-05-19 18:30:00+05:30,2025-05-20 00:30:00+05:30,160.29,13384.45,173.12,134.65,164.8,13760.85,INTRADAY_SQUAREOFF,0.01,92.17,0.086077,1152.1,-32.4,1.38,-33.78,-33.78,9216.77,9182.99
219,SOL/INR,1h,LONG,2025-05-20 21:30:00+05:30,2025-05-21 00:30:00+05:30,167.23,13963.62,153.85,193.99,164.82,13762.73,INTRADAY_SQUAREOFF,0.01,91.83,0.082205,1147.87,-16.51,1.34,-17.86,-17.86,9182.99,9165.14
220,SOL/INR,1h,LONG,2025-05-21 17:30:00+05:30,2025-05-22 00:30:00+05:30,169.66,14166.45,156.09,196.8,168.18,14043.3,INTRADAY_SQUAREOFF,0.01,91.65,0.08087,1145.64,-9.96,1.35,-11.3,-11.3,9165.14,9153.83
221,SOL/INR,1h,LONG,2025-05-22 13:30:00+05:30,2025-05-23 00:30:00+05:30,178.59,14912.25,164.3,207.16,179.48,14986.48,INTRADAY_SQUAREOFF,0.01,91.54,0.076731,1144.23,5.7,1.35,4.34,4.34,9153.83,9158.17
222,SOL/INR,1h,LONG,2025-05-23 05:30:00+05:30,2025-05-24 00:30:00+05:30,179.97,15027.13,165.57,208.76,178.68,14919.9,INTRADAY_SQUAREOFF,0.01,91.58,0.07618,1144.77,-8.17,1.35,-9.52,-9.52,9158.17,9148.66
223,SOL/INR,1h,SHORT,2025-05-24 02:30:00+05:30,2025-05-25 00:30:00+05:30,177.02,14781.07,191.18,148.7,176.95,14775.41,INTRADAY_SQUAREOFF,0.01,91.49,0.077368,1143.58,0.44,1.35,-0.91,-0.91,9148.66,9147.75
224,SOL/INR,1h,SHORT,2025-05-25 13:30:00+05:30,2025-05-26 00:30:00+05:30,172.03,14364.84,185.8,144.51,171.78,14343.42,INTRADAY_SQUAREOFF,0.01,91.48,0.079602,1143.47,1.71,1.35,0.36,0.36,9147.75,9148.1
225,SOL/INR,1h,LONG,2025-05-26 10:30:00+05:30,2025-05-27 00:30:00+05:30,177.36,14809.34,163.17,205.73,174.21,14546.85,INTRADAY_SQUAREOFF,0.01,91.48,0.077216,1143.51,-20.27,1.34,-21.61,-21.61,9148.1,9126.5
226,SOL/INR,1h,SHORT,2025-05-27 07:30:00+05:30,2025-05-28 00:30:00+05:30,171.6,14329.0,185.33,144.15,178.77,14926.88,INTRADAY_SQUAREOFF,0.01,91.26,0.079616,1140.81,-47.6,1.37,-48.98,-48.98,9126.5,9077.52
227,SOL/INR,1h,SHORT,2025-05-28 19:30:00+05:30,2025-05-29 00:30:00+05:30,172.76,14425.48,186.58,145.12,170.12,14205.27,INTRADAY_SQUAREOFF,0.01,90.78,0.078659,1134.69,17.32,1.33,15.99,15.99,9077.52,9093.52
228,SOL/INR,1h,LONG,2025-05-29 14:30:00+05:30,2025-05-30 00:30:00+05:30,173.16,14458.47,159.3,200.86,168.2,14044.29,INTRADAY_SQUAREOFF,0.01,90.94,0.078618,1136.69,-32.56,1.32,-33.88,-33.88,9093.52,9059.63
229,SOL/INR,1h,SHORT,2025-05-30 05:30:00+05:30,2025-05-31 00:30:00+05:30,166.31,13886.84,179.61,139.7,160.48,13400.22,INTRADAY_SQUAREOFF,0.01,90.6,0.081549,1132.45,39.68,1.31,38.37,38.37,9059.63,9098.0
230,SOL/INR,1h,SHORT,2025-05-31 02:30:00+05:30,2025-06-01 00:30:00+05:30,159.9,13351.9,172.7,134.32,156.67,13082.02,INTRADAY_SQUAREOFF,0.01,90.98,0.085175,1137.25,22.99,1.33,21.66,21.66,9098.0,9119.66
231,SOL/INR,1h,SHORT,2025-06-01 18:30:00+05:30,2025-06-02 00:30:00+05:30,150.88,12598.12,162.95,126.74,154.74,12920.94,INTRADAY_SQUAREOFF,0.01,91.2,0.090486,1139.96,-29.21,1.36,-30.57,-30.57,9119.66,9089.09
232,SOL/INR,1h,LONG,2025-06-02 03:30:00+05:30,2025-06-03 00:30:00+05:30,157.14,13121.57,144.57,182.29,153.23,12795.12,INTRADAY_SQUAREOFF,0.01,90.89,0.086585,1136.14,-28.27,1.32,-29.59,-29.59,9089.09,9059.5
233,SOL/INR,1h,LONG,2025-06-03 11:30:00+05:30,2025-06-04 00:30:00+05:30,159.68,13333.23,146.91,185.23,160.37,13390.61,INTRADAY_SQUAREOFF,0.01,90.59,0.084933,1132.44,4.87,1.34,3.53,3.53,9059.5,9063.03
234,SOL/INR,1h,SHORT,2025-06-04 17:30:00+05:30,2025-06-05 00:30:00+05:30,155.92,13019.47,168.4,130.97,155.79,13008.28,INTRADAY_SQUAREOFF,0.01,90.63,0.087014,1132.88,0.97,1.34,-0.36,-0.36,9063.03,9062.67
235,SOL/INR,1h,SHORT,2025-06-05 02:30:00+05:30,2025-06-06 00:30:00+05:30,154.19,12874.8,166.52,129.52,149.57,12489.13,INTRADAY_SQUAREOFF,0.01,90.63,0.087988,1132.83,33.93,1.32,32.62,32.62,9062.67,9095.29
236,SOL/INR,1h,LONG,2025-06-07 18:30:00+05:30,2025-06-08 00:30:00+05:30,152.45,12729.34,140.25,176.84,150.56,12571.96,INTRADAY_SQUAREOFF,0.01,90.95,0.089314,1136.91,-14.06,1.33,-15.39,-15.39,9095.29,9079.9
237,SOL/INR,1h,LONG,2025-06-08 07:30:00+05:30,2025-06-09 00:30:00+05:30,150.33,12552.8,138.31,174.39,153.92,12852.51,INTRADAY_SQUAREOFF,0.01,90.8,0.090417,1134.99,27.1,1.36,25.74,25.74,9079.9,9105.64
238,SOL/INR,1h,LONG,2025-06-10 03:30:00+05:30,2025-06-11 00:30:00+05:30,159.55,13322.41,146.79,185.08,164.0,13693.97,INTRADAY_SQUAREOFF,0.01,91.06,0.085435,1138.21,31.74,1.36,30.38,30.38,9105.64,9136.02
239,SOL/INR,1h,LONG,2025-06-11 02:30:00+05:30,2025-06-12 00:30:00+05:30,165.54,13822.4,152.29,192.02,163.28,13634.12,INTRADAY_SQUAREOFF,0.01,91.36,0.08262,1142.0,-15.56,1.34,-16.89,-16.89,9136.02,9119.13
240,SOL/INR,1h,SHORT,2025-06-12 17:30:00+05:30,2025-06-13 00:30:00+05:30,157.63,13162.52,170.25,132.41,157.87,13181.74,INTRADAY_SQUAREOFF,0.01,91.19,0.086601,1139.89,-1.66,1.35,-3.01,-3.01,9119.13,9116.12
241,SOL/INR,1h,SHORT,2025-06-13 06:30:00+05:30,2025-06-14 00:30:00+05:30,143.92,12016.91,155.43,120.89,145.45,12144.83,INTRADAY_SQUAREOFF,0.01,91.16,0.094826,1139.51,-12.13,1.35,-13.48,-13.48,9116.12,9102.64
242,SOL/INR,1h,SHORT,2025-06-14 07:30:00+05:30,2025-06-15 00:30:00+05:30,146.87,12263.83,158.62,123.37,144.24,12044.13,INTRADAY_SQUAREOFF,0.01,91.03,0.092779,1137.83,20.38,1.33,19.05,19.05,9102.64,9121.69
243,SOL/INR,1h,LONG,2025-06-15 17:30:00+05:30,2025-06-16 00:30:00+05:30,146.64,12244.82,134.91,170.11,152.68,12748.38,INTRADAY_SQUAREOFF,0.01,91.22,0.093118,1140.21,46.89,1.37,45.52,45.52,9121.69,9167.21
244,SOL/INR,1h,LONG,2025-06-16 05:30:00+05:30,2025-06-17 00:30:00+05:30,153.02,12776.77,140.77,177.5,158.03,13195.29,INTRADAY_SQUAREOFF,0.01,91.67,0.089686,1145.9,37.54,1.37,36.16,36.16,9167.21,9203.37
245,SOL/INR,1h,SHORT,2025-06-17 12:30:00+05:30,2025-06-18 00:30:00+05:30,152.79,12758.35,165.02,128.35,147.95,12354.15,INTRADAY_SQUAREOFF,0.01,92.03,0.09017,1150.42,36.45,1.34,35.11,35.11,9203.37,9238.48
246,SOL/INR,1h,SHORT,2025-06-18 04:30:00+05:30,2025-06-19 00:30:00+05:30,146.73,12252.02,158.47,123.25,144.28,12047.57,INTRADAY_SQUAREOFF,0.01,92.38,0.094255,1154.81,19.27,1.35,17.92,17.92,9238.48,9256.4
247,SOL/INR,1h,SHORT,2025-06-19 05:30:00+05:30,2025-06-20 00:30:00+05:30,146.1,12199.54,157.79,122.73,145.2,12123.91,INTRADAY_SQUAREOFF,0.01,92.56,0.094844,1157.05,7.17,1.36,5.81,5.81,9256.4,9262.21
248,SOL/INR,1h,LONG,2025-06-20 12:30:00+05:30,2025-06-21 00:30:00+05:30,145.65,12161.49,133.99,168.95,139.15,11618.63,INTRADAY_SQUAREOFF,0.01,92.62,0.0952,1157.78,-51.68,1.34,-53.02,-53.02,9262.21,9209.19
249,SOL/INR,1h,SHORT,2025-06-21 04:30:00+05:30,2025-06-22 00:30:00+05:30,138.88,11596.83,149.99,116.66,137.8,11506.47,INTRADAY_SQUAREOFF,0.01,92.09,0.099264,1151.15,8.97,1.35,7.62,7.62,9209.19,9216.81
250,SOL/INR,1h,SHORT,2025-06-22 03:30:00+05:30,2025-06-23 00:30:00+05:30,132.79,11088.14,143.42,111.55,129.58,10820.18,INTRADAY_SQUAREOFF,0.01,92.17,0.103904,1152.1,27.84,1.34,26.5,26.5,9216.81,9243.31
251,SOL/INR,1h,LONG,2025-06-23 23:30:00+05:30,2025-06-24 01:30:00+05:30,137.04,11443.04,126.08,158.97,139.76,11670.14,INTRADAY_SQUAREOFF,0.01,92.43,0.100971,1155.41,22.93,1.38,21.55,21.55,9243.31,9264.86
252,SOL/INR,1h,LONG,2025-06-24 11:30:00+05:30,2025-06-25 00:30:00+05:30,145.66,12162.39,134.0,168.96,143.7,11999.22,INTRADAY_SQUAREOFF,0.01,92.65,0.09522,1158.11,-15.54,1.36,-16.89,-16.89,9264.86,9247.97
253,SOL/INR,1h,LONG,2025-06-25 02:30:00+05:30,2025-06-26 00:30:00+05:30,145.17,12122.11,133.56,168.4,143.33,11968.24,INTRADAY_SQUAREOFF,0.01,92.48,0.095363,1156.0,-14.67,1.36,-16.03,-16.03,9247.97,9231.94
254,SOL/INR,1h,SHORT,2025-06-26 11:30:00+05:30,2025-06-27 00:30:00+05:30,144.18,12039.07,155.71,121.11,141.64,11826.62,INTRADAY_SQUAREOFF,0.01,92.32,0.095854,1153.99,20.36,1.35,19.02,19.02,9231.94,9250.96
255,SOL/INR,1h,SHORT,2025-06-27 03:30:00+05:30,2025-06-28 00:30:00+05:30,139.78,11671.27,150.96,117.41,140.6,11740.04,INTRADAY_SQUAREOFF,0.01,92.51,0.099078,1156.37,-6.81,1.37,-8.18,-8.18,9250.96,9242.77
256,SOL/INR,1h,LONG,2025-06-28 15:30:00+05:30,2025-06-29 00:30:00+05:30,147.52,12318.04,135.72,171.12,151.11,12618.08,INTRADAY_SQUAREOFF,0.01,92.43,0.093793,1155.35,28.14,1.38,26.76,26.76,9242.77,9269.53
257,SOL/INR,1h,LONG,2025-06-29 03:30:00+05:30,2025-06-30 00:30:00+05:30,151.03,12610.87,138.95,175.19,151.98,12690.57,INTRADAY_SQUAREOFF,0.01,92.7,0.09188,1158.69,7.32,1.37,5.95,5.95,9269.53,9275.49
258,SOL/INR,1h,LONG,2025-06-30 05:30:00+05:30,2025-07-01 00:30:00+05:30,153.62,12827.14,141.33,178.2,155.84,13012.51,INTRADAY_SQUAREOFF,0.01,92.75,0.090389,1159.44,16.76,1.38,15.38,15.38,9275.49,9290.86
259,SOL/INR,1h,SHORT,2025-07-02 00:30:00+05:30,2025-07-03 00:30:00+05:30,146.31,12216.58,158.01,122.9,152.35,12721.3,INTRADAY_SQUAREOFF,0.01,92.91,0.095064,1161.36,-47.98,1.4,-49.38,-49.38,9290.86,9241.48
260,SOL/INR,1h,LONG,2025-07-03 11:30:00+05:30,2025-07-04 00:30:00+05:30,155.91,13018.74,143.44,180.86,151.63,12661.46,INTRADAY_SQUAREOFF,0.01,92.41,0.088733,1155.19,-31.7,1.34,-33.05,-33.05,9241.48,9208.44
261,SOL/INR,1h,SHORT,2025-07-04 05:30:00+05:30,2025-07-05 00:30:00+05:30,152.18,12706.9,164.35,127.83,146.52,12234.08,INTRADAY_SQUAREOFF,0.01,92.08,0.090585,1151.05,42.83,1.33,41.5,41.5,9208.44,9249.94
262,SOL/INR,1h,SHORT,2025-07-05 19:30:00+05:30,2025-07-06 00:30:00+05:30,147.91,12350.75,159.75,124.25,146.56,12237.81,INTRADAY_SQUAREOFF,0.01,92.5,0.093617,1156.24,10.57,1.36,9.22,9.22,9249.94,9259.15
263,SOL/INR,1h,SHORT,2025-07-06 15:30:00+05:30,2025-07-07 00:30:00+05:30,146.93,12268.7,158.69,123.42,151.41,12643.14,INTRADAY_SQUAREOFF,0.01,92.59,0.094337,1157.39,-35.32,1.39,-36.71,-36.71,9259.15,9222.44
264,SOL/INR,1h,LONG,2025-07-07 08:30:00+05:30,2025-07-08 00:30:00+05:30,152.72,12751.79,140.5,177.15,150.04,12528.13,INTRADAY_SQUAREOFF,0.01,92.22,0.090403,1152.81,-20.22,1.35,-21.57,-21.57,9222.44,9200.87
265,SOL/INR,1h,SHORT,2025-07-08 08:30:00+05:30,2025-07-09 00:30:00+05:30,147.9,12349.62,159.73,124.24,152.85,12762.72,INTRADAY_SQUAREOFF,0.01,92.01,0.093129,1150.11,-38.47,1.38,-39.85,-39.85,9200.87,9161.02
266,SOL/INR,1h,LONG,2025-07-09 05:30:00+05:30,2025-07-10 00:30:00+05:30,151.94,12687.06,139.79,176.25,154.48,12899.24,INTRADAY_SQUAREOFF,0.01,91.61,0.09026,1145.13,19.15,1.36,17.79,17.79,9161.02,9178.81
267,SOL/INR,1h,LONG,2025-07-10 04:30:00+05:30,2025-07-11 00:30:00+05:30,157.95,13188.75,145.31,183.22,159.07,13282.0,INTRADAY_SQUAREOFF,0.01,91.79,0.086995,1147.35,8.11,1.36,6.75,6.75,9178.81,9185.56
268,SOL/INR,1h,LONG,2025-07-11 08:30:00+05:30,2025-07-12 00:30:00+05:30,165.08,13783.9,151.87,191.49,164.17,13708.18,INTRADAY_SQUAREOFF,0.01,91.86,0.0833,1148.2,-6.31,1.35,-7.66,-7.66,9185.56,9177.91
269,SOL/INR,1h,SHORT,2025-07-13 02:30:00+05:30,2025-07-14 00:30:00+05:30,159.1,13285.09,171.83,133.65,163.13,13621.75,INTRADAY_SQUAREOFF,0.01,91.78,0.086355,1147.24,-29.07,1.37,-30.44,-30.44,9177.91,9147.46
270,SOL/INR,1h,LONG,2025-07-14 13:30:00+05:30,2025-07-15 00:30:00+05:30,167.59,13993.9,154.18,194.41,162.73,13588.36,INTRADAY_SQUAREOFF,0.01,91.47,0.081709,1143.43,-33.14,1.33,-34.47,-34.47,9147.46,9113.0
271,SOL/INR,1h,SHORT,2025-07-15 13:30:00+05:30,2025-07-16 00:30:00+05:30,159.46,13314.77,172.22,133.95,162.19,13543.26,INTRADAY_SQUAREOFF,0.01,91.13,0.085553,1139.12,-19.55,1.36,-20.9,-20.9,9113.0,9092.09
272,SOL/INR,1h,LONG,2025-07-16 12:30:00+05:30,2025-07-17 00:30:00+05:30,164.09,13701.16,150.96,190.34,173.39,14477.81,INTRADAY_SQUAREOFF,0.01,90.92,0.08295,1136.51,64.42,1.38,63.04,63.04,9092.09,9155.14
273,SOL/INR,1h,LONG,2025-07-17 18:30:00+05:30,2025-07-18 00:30:00+05:30,177.53,14823.69,163.33,205.93,174.61,14579.58,INTRADAY_SQUAREOFF,0.01,91.55,0.0772,1144.39,-18.85,1.34,-20.18,-20.18,9155.14,9134.95
274,SOL/INR,1h,LONG,2025-07-18 03:30:00+05:30,2025-07-19 00:30:00+05:30,176.49,14736.6,162.37,204.72,178.01,14864.05,INTRADAY_SQUAREOFF,0.01,91.35,0.077485,1141.87,9.88,1.35,8.52,8.52,9134.95,9143.47
275,SOL/INR,1h,LONG,2025-07-20 18:30:00+05:30,2025-07-21 00:30:00+05:30,181.87,15185.86,167.32,210.97,182.24,15216.64,INTRADAY_SQUAREOFF,0.01,91.43,0.075263,1142.93,2.32,1.35,0.97,0.97,9143.47,9144.44
276,SOL/INR,1h,LONG,2025-07-21 08:30:00+05:30,2025-07-22 00:30:00+05:30,184.26,15385.52,169.52,213.74,193.92,16192.4,INTRADAY_SQUAREOFF,0.01,91.44,0.074294,1143.06,59.95,1.38,58.56,58.56,9144.44,9203.0
277,SOL/INR,1h,LONG,2025-07-22 03:30:00+05:30,2025-07-23 00:30:00+05:30,196.68,16422.52,180.94,228.15,203.05,16954.42,INTRADAY_SQUAREOFF,0.01,92.03,0.070049,1150.38,37.26,1.38,35.88,35.88,9203.0,9238.88
278,SOL/INR,1h,SHORT,2025-07-23 22:30:00+05:30,2025-07-24 00:30:00+05:30,188.85,15769.29,203.96,158.64,190.25,15886.27,INTRADAY_SQUAREOFF,0.01,92.39,0.073235,1154.86,-8.57,1.37,-9.93,-9.93,9238.88,9228.95
279,SOL/INR,1h,SHORT,2025-07-24 10:30:00+05:30,2025-07-25 00:30:00+05:30,185.61,15498.54,200.46,155.91,189.56,15828.11,INTRADAY_SQUAREOFF,0.01,92.29,0.074434,1153.62,-24.53,1.38,-25.91,-25.91,9228.95,9203.04
280,SOL/INR,1h,SHORT,2025-07-25 20:30:00+05:30,2025-07-26 00:30:00+05:30,177.07,14785.13,191.23,148.74,182.56,15243.62,INTRADAY_SQUAREOFF,0.01,92.03,0.077807,1150.38,-35.67,1.38,-37.05,-37.05,9203.04,9165.99
281,SOL/INR,1h,LONG,2025-07-26 08:30:00+05:30,2025-07-27 00:30:00+05:30,186.81,15598.67,171.87,216.7,186.09,15538.67,INTRADAY_SQUAREOFF,0.01,91.66,0.073452,1145.75,-4.41,1.35,-5.76,-5.76,9165.99,9160.23
282,SOL/INR,1h,LONG,2025-07-27 16:30:00+05:30,2025-07-28 00:30:00+05:30,188.46,15736.28,173.38,218.61,188.51,15740.71,INTRADAY_SQUAREOFF,0.01,91.6,0.072764,1145.03,0.32,1.35,-1.03,-1.03,9160.23,9159.2
283,SOL/INR,1h,LONG,2025-07-28 08:30:00+05:30,2025-07-29 00:30:00+05:30,191.94,16026.85,176.58,222.65,185.13,15458.48,INTRADAY_SQUAREOFF,0.01,91.59,0.071436,1144.9,-40.6,1.33,-41.93,-41.93,9159.2,9117.27
284,SOL/INR,1h,SHORT,2025-07-29 03:30:00+05:30,2025-07-30 00:30:00+05:30,183.68,15337.65,198.38,154.29,181.48,15153.83,INTRADAY_SQUAREOFF,0.01,91.17,0.074305,1139.66,13.66,1.34,12.32,12.32,9117.27,9129.6
285,SOL/INR,1h,SHORT,2025-07-30 02:30:00+05:30,2025-07-31 00:30:00+05:30,179.64,15000.2,194.01,150.9,176.37,14727.12,INTRADAY_SQUAREOFF,0.01,91.3,0.076079,1141.2,20.78,1.33,19.44,19.44,9129.6,9149.04
286,SOL/INR,1h,SHORT,2025-07-31 23:30:00+05:30,2025-08-01 01:30:00+05:30,177.0,14779.89,191.17,148.68,175.22,14630.91,INTRADAY_SQUAREOFF,0.01,91.49,0.077377,1143.63,11.53,1.34,10.19,10.19,9149.04,9159.22
287,SOL/INR,1h,SHORT,2025-08-01 03:30:00+05:30,2025-08-02 00:30:00+05:30,173.18,14460.19,187.03,145.47,165.67,13833.75,INTRADAY_SQUAREOFF,0.01,91.59,0.079176,1144.9,49.6,1.32,48.28,48.28,9159.22,9207.5
288,SOL/INR,1h,SHORT,2025-08-02 12:30:00+05:30,2025-08-03 00:30:00+05:30,162.12,13537.43,175.09,136.18,156.4,13059.44,INTRADAY_SQUAREOFF,0.01,92.08,0.085019,1150.94,40.64,1.33,39.3,39.3,9207.5,9246.8
289,SOL/INR,1h,SHORT,2025-08-03 11:30:00+05:30,2025-08-04 00:30:00+05:30,160.2,13376.79,173.02,134.57,162.01,13527.45,INTRADAY_SQUAREOFF,0.01,92.47,0.086407,1155.85,-13.02,1.37,-14.39,-14.39,9246.8,9232.41
290,SOL/INR,1h,LONG,2025-08-04 13:30:00+05:30,2025-08-05 00:30:00+05:30,163.31,13636.18,150.24,189.44,166.5,13903.07,INTRADAY_SQUAREOFF,0.01,92.32,0.084632,1154.05,22.59,1.38,21.21,21.21,9232.41,9253.63
291,SOL/INR,1h,LONG,2025-08-05 03:30:00+05:30,2025-08-06 00:30:00+05:30,168.81,14096.03,155.31,195.83,163.69,13668.38,INTRADAY_SQUAREOFF,0.01,92.54,0.082059,1156.7,-35.09,1.34,-36.44,-36.44,9253.63,9217.19
292,SOL/INR,1h,SHORT,2025-08-06 06:30:00+05:30,2025-08-07 00:30:00+05:30,162.61,13577.95,175.62,136.59,168.76,14091.61,INTRADAY_SQUAREOFF,0.01,92.17,0.084854,1152.15,-43.59,1.39,-44.97,-44.97,9217.19,9172.22
293,SOL/INR,1h,LONG,2025-08-07 11:30:00+05:30,2025-08-08 00:30:00+05:30,168.82,14096.16,155.31,195.83,169.83,14180.4,INTRADAY_SQUAREOFF,0.01,91.72,0.081336,1146.53,6.85,1.36,5.5,5.5,9172.22,9177.71
294,SOL/INR,1h,LONG,2025-08-08 13:30:00+05:30,2025-08-09 00:30:00+05:30,177.71,14838.69,163.49,206.14,177.58,14828.14,INTRADAY_SQUAREOFF,0.01,91.78,0.077312,1147.21,-0.82,1.35,-2.17,-2.17,9177.71,9175.55
295,SOL/INR,1h,LONG,2025-08-09 07:30:00+05:30,2025-08-10 00:30:00+05:30,178.75,14925.94,164.45,207.35,181.93,15191.3,INTRADAY_SQUAREOFF,0.01,91.76,0.076842,1146.94,20.39,1.37,19.03,19.03,9175.55,9194.57
296,SOL/INR,1h,LONG,2025-08-10 06:30:00+05:30,2025-08-11 00:30:00+05:30,182.58,15245.05,167.97,211.79,182.61,15248.08,INTRADAY_SQUAREOFF,0.01,91.95,0.07539,1149.32,0.23,1.36,-1.13,-1.13,9194.57,9193.44
297,SOL/INR,1h,LONG,2025-08-11 10:30:00+05:30,2025-08-12 00:30:00+05:30,186.39,15563.57,171.48,216.21,178.15,14875.35,INTRADAY_SQUAREOFF,0.01,91.93,0.073838,1149.18,-50.82,1.33,-52.14,-52.14,9193.44,9141.3
298,SOL/INR,1h,SHORT,2025-08-12 09:30:00+05:30,2025-08-13 00:30:00+05:30,175.43,14648.57,189.47,147.36,189.56,15828.37,STOP_LOSS,0.01,91.41,0.078005,1142.66,-92.03,1.4,-93.43,-93.43,9141.3,9047.87
299,SOL/INR,1h,LONG,2025-08-13 06:30:00+05:30,2025-08-14 00:30:00+05:30,194.51,16241.53,178.95,225.63,199.03,16619.15,INTRADAY_SQUAREOFF,0.01,90.48,0.069635,1130.98,26.3,1.35,24.95,24.95,9047.87,9072.81
300,SOL/INR,1h,SHORT,2025-08-15 15:30:00+05:30,2025-08-16 00:30:00+05:30,193.88,16188.78,209.39,162.86,184.28,15387.73,INTRADAY_SQUAREOFF,0.01,90.73,0.070055,1134.1,56.12,1.31,54.81,54.81,9072.81,9127.63
301,SOL/INR,1h,SHORT,2025-08-16 11:30:00+05:30,2025-08-17 00:30:00+05:30,186.34,15559.39,201.25,156.53,188.29,15722.62,INTRADAY_SQUAREOFF,0.01,91.28,0.073329,1140.95,-11.97,1.35,-13.32,-13.32,9127.63,9114.3
302,SOL/INR,1h,SHORT,2025-08-17 03:30:00+05:30,2025-08-18 00:30:00+05:30,188.56,15744.56,203.64,158.39,192.36,16061.65,INTRADAY_SQUAREOFF,0.01,91.14,0.072361,1139.29,-22.94,1.36,-24.3,-24.3,9114.3,9090.0
303,SOL/INR,1h,SHORT,2025-08-18 12:30:00+05:30,2025-08-19 00:30:00+05:30,180.9,15104.91,195.37,151.95,184.52,15407.81,INTRADAY_SQUAREOFF,0.01,90.9,0.075224,1136.25,-22.79,1.35,-24.14,-24.14,9090.0,9065.86
304,SOL/INR,1h,SHORT,2025-08-19 05:30:00+05:30,2025-08-20 00:30:00+05:30,182.82,15265.27,197.44,153.57,176.94,14774.86,INTRADAY_SQUAREOFF,0.01,90.66,0.074236,1133.23,36.41,1.32,35.09,35.09,9065.86,9100.95
305,SOL/INR,1h,SHORT,2025-08-20 05:30:00+05:30,2025-08-21 00:30:00+05:30,176.03,14698.16,190.11,147.86,183.86,15352.07,INTRADAY_SQUAREOFF,0.01,91.01,0.077399,1137.62,-50.61,1.37,-51.98,-51.98,9100.95,9048.96
306,SOL/INR,1h,LONG,2025-08-21 05:30:00+05:30,2025-08-22 00:30:00+05:30,187.86,15685.96,172.83,217.91,182.07,15202.88,INTRADAY_SQUAREOFF,0.01,90.49,0.07211,1131.12,-34.84,1.31,-36.15,-36.15,9048.96,9012.82
307,SOL/INR,1h,SHORT,2025-08-22 05:30:00+05:30,2025-08-22 20:30:00+05:30,179.91,15022.18,194.3,151.12,194.4,16232.07,STOP_LOSS,0.01,90.13,0.074996,1126.6,-90.74,1.38,-92.12,-92.12,9012.82,8920.7
308,SOL/INR,1h,LONG,2025-08-23 01:30:00+05:30,2025-08-24 00:30:00+05:30,199.2,16632.94,183.26,231.07,203.77,17014.63,INTRADAY_SQUAREOFF,0.01,89.21,0.067041,1115.09,25.59,1.33,24.26,24.26,8920.7,8944.95
309,SOL/INR,1h,LONG,2025-08-24 14:30:00+05:30,2025-08-25 00:30:00+05:30,208.1,17376.26,191.45,241.39,211.06,17623.1,INTRADAY_SQUAREOFF,0.01,89.45,0.064348,1118.12,15.88,1.33,14.55,14.55,8944.95,8959.51
310,SOL/INR,1h,SHORT,2025-08-25 21:30:00+05:30,2025-08-26 00:30:00+05:30,196.34,16394.15,212.04,164.92,196.76,16429.51,INTRADAY_SQUAREOFF,0.01,89.6,0.068313,1119.94,-2.42,1.32,-3.74,-3.74,8959.51,8955.77
311,SOL/INR,1h,SHORT,2025-08-26 06:30:00+05:30,2025-08-27 00:30:00+05:30,186.18,15545.63,201.07,156.39,194.87,16271.51,INTRADAY_SQUAREOFF,0.01,89.56,0.072012,1119.47,-52.27,1.35,-53.62,-53.62,8955.77,8902.15
312,SOL/INR,1h,LONG,2025-08-27 08:30:00+05:30,2025-08-28 00:30:00+05:30,199.56,16662.95,183.59,231.49,209.15,17463.98,INTRADAY_SQUAREOFF,0.01,89.02,0.066781,1112.77,53.49,1.34,52.15,52.15,8902.15,8954.3
313,SOL/INR,1h,LONG,2025-08-28 20:30:00+05:30,2025-08-29 00:30:00+05:30,215.51,17995.25,198.27,249.99,212.05,17706.18,INTRADAY_SQUAREOFF,0.01,89.54,0.062199,1119.29,-17.98,1.31,-19.29,-19.29,8954.3,8935.01
314,SOL/INR,1h,LONG,2025-08-29 02:30:00+05:30,2025-08-30 00:30:00+05:30,213.61,17836.53,196.52,247.79,202.08,16873.51,INTRADAY_SQUAREOFF,0.01,89.35,0.062617,1116.88,-60.3,1.28,-61.58,-61.58,8935.01,8873.42
315,SOL/INR,1h,SHORT,2025-08-30 02:30:00+05:30,2025-08-31 00:30:00+05:30,201.21,16800.85,217.3,169.01,201.25,16804.52,INTRADAY_SQUAREOFF,0.01,88.73,0.066019,1109.18,-0.24,1.31,-1.55,-1.55,8873.42,8871.87
316,SOL/INR,1h,LONG,2025-08-31 14:30:00+05:30,2025-09-01 00:30:00+05:30,205.56,17164.28,189.12,238.45,205.45,17155.27,INTRADAY_SQUAREOFF,0.01,88.72,0.06461,1108.98,-0.58,1.31,-1.89,-1.89,8871.87,8869.98
317,SOL/INR,1h,SHORT,2025-09-01 15:30:00+05:30,2025-09-02 00:30:00+05:30,201.25,16804.61,217.35,169.05,199.34,16644.64,INTRADAY_SQUAREOFF,0.01,88.7,0.065979,1108.75,10.55,1.3,9.25,9.25,8869.98,8879.23
318,SOL/INR,1h,SHORT,2025-09-02 02:30:00+05:30,2025-09-03 00:30:00+05:30,196.94,16444.84,212.7,165.43,206.07,17206.76,INTRADAY_SQUAREOFF,0.01,88.79,0.067493,1109.9,-51.42,1.34,-52.76,-52.76,8879.23,8826.47
319,SOL/INR,1h,LONG,2025-09-03 07:30:00+05:30,2025-09-04 00:30:00+05:30,211.08,17624.86,194.19,244.85,209.38,17482.99,INTRADAY_SQUAREOFF,0.01,88.26,0.0626,1103.31,-8.88,1.3,-10.18,-10.18,8826.47,8816.29
320,SOL/INR,1h,LONG,2025-09-04 05:30:00+05:30,2025-09-05 00:30:00+05:30,210.86,17606.99,193.99,244.6,203.05,16955.09,INTRADAY_SQUAREOFF,0.01,88.16,0.062591,1102.04,-40.8,1.28,-42.08,-42.08,8816.29,8774.21
321,SOL/INR,1h,SHORT,2025-09-05 05:30:00+05:30,2025-09-06 00:30:00+05:30,202.43,16903.07,218.63,170.04,204.39,17066.97,INTRADAY_SQUAREOFF,0.01,87.74,0.064886,1096.78,-10.64,1.3,-11.94,-11.94,8774.21,8762.27
322,SOL/INR,1h,SHORT,2025-09-06 03:30:00+05:30,2025-09-07 00:30:00+05:30,203.06,16955.92,219.31,170.57,200.12,16709.79,INTRADAY_SQUAREOFF,0.01,87.62,0.064596,1095.28,15.9,1.28,14.62,14.62,8762.27,8776.89
323,SOL/INR,1h,SHORT,2025-09-07 04:30:00+05:30,2025-09-08 00:30:00+05:30,200.11,16708.96,216.12,168.09,202.24,16887.4,INTRADAY_SQUAREOFF,0.01,87.77,0.06566,1097.11,-11.72,1.3,-13.02,-13.02,8776.89,8763.87
324,SOL/INR,1h,LONG,2025-09-08 07:30:00+05:30,2025-09-09 00:30:00+05:30,207.19,17299.96,190.61,240.33,216.64,18089.12,INTRADAY_SQUAREOFF,0.01,87.64,0.063323,1095.48,49.97,1.32,48.65,48.65,8763.87,8812.52
325,SOL/INR,1h,LONG,2025-09-09 09:30:00+05:30,2025-09-10 00:30:00+05:30,214.28,17892.79,197.14,248.57,216.31,18061.79,INTRADAY_SQUAREOFF,0.01,88.13,0.061565,1101.57,10.4,1.31,9.1,9.1,8812.52,8821.62
326,SOL/INR,1h,LONG,2025-09-10 12:30:00+05:30,2025-09-11 00:30:00+05:30,219.61,18337.32,202.04,254.75,222.44,18573.89,INTRADAY_SQUAREOFF,0.01,88.22,0.060134,1102.7,14.23,1.31,12.92,12.92,8821.62,8834.54
327,SOL/INR,1h,LONG,2025-09-11 03:30:00+05:30,2025-09-12 00:30:00+05:30,223.6,18670.95,205.72,259.38,226.21,18888.8,INTRADAY_SQUAREOFF,0.01,88.35,0.059146,1104.32,12.88,1.31,11.57,11.57,8834.54,8846.11
328,SOL/INR,1h,LONG,2025-09-12 03:30:00+05:30,2025-09-13 00:30:00+05:30,227.02,18955.81,208.85,263.34,240.59,20089.31,INTRADAY_SQUAREOFF,0.01,88.46,0.058334,1105.76,66.12,1.34,64.78,64.78,8846.11,8910.89
329,SOL/INR,1h,LONG,2025-09-13 05:30:00+05:30,2025-09-14 00:30:00+05:30,242.76,20270.59,223.34,281.6,238.45,19910.47,INTRADAY_SQUAREOFF,0.01,89.11,0.05495,1113.86,-19.79,1.3,-21.09,-21.09,8910.89,8889.8
330,SOL/INR,1h,LONG,2025-09-14 11:30:00+05:30,2025-09-15 00:30:00+05:30,248.09,20715.23,228.24,287.78,245.09,20465.32,INTRADAY_SQUAREOFF,0.01,88.9,0.053643,1111.22,-13.41,1.3,-14.71,-14.71,8889.8,8875.09
331,SOL/INR,1h,LONG,2025-09-15 03:30:00+05:30,2025-09-16 00:30:00+05:30,244.31,20400.16,224.77,283.4,233.34,19484.07,INTRADAY_SQUAREOFF,0.01,88.75,0.054381,1109.39,-49.82,1.28,-51.1,-51.1,8875.09,8823.99
332,SOL/INR,1h,SHORT,2025-09-16 06:30:00+05:30,2025-09-17 00:30:00+05:30,233.05,19460.04,251.7,195.77,237.94,19868.4,INTRADAY_SQUAREOFF,0.01,88.24,0.05668,1103.0,-23.15,1.32,-24.46,-24.46,8823.99,8799.53
333,SOL/INR,1h,LONG,2025-09-18 07:30:00+05:30,2025-09-19 00:30:00+05:30,247.37,20655.19,227.58,286.95,250.45,20912.73,INTRADAY_SQUAREOFF,0.01,88.0,0.053253,1099.94,13.71,1.31,12.41,12.41,8799.53,8811.94
334,SOL/INR,1h,SHORT,2025-09-19 20:30:00+05:30,2025-09-20 00:30:00+05:30,239.56,20003.53,258.73,201.23,237.02,19791.33,INTRADAY_SQUAREOFF,0.01,88.12,0.055065,1101.49,11.68,1.29,10.39,10.39,8811.94,8822.33
335,SOL/INR,1h,SHORT,2025-09-20 09:30:00+05:30,2025-09-21 00:30:00+05:30,237.99,19872.27,257.03,199.91,238.68,19930.07,INTRADAY_SQUAREOFF,0.01,88.22,0.055494,1102.79,-3.21,1.3,-4.51,-4.51,8822.33,8817.82
336,SOL/INR,1h,SHORT,2025-09-22 06:30:00+05:30,2025-09-23 00:30:00+05:30,232.23,19391.47,250.81,195.08,220.0,18369.59,INTRADAY_SQUAREOFF,0.01,88.18,0.056841,1102.23,58.08,1.27,56.82,56.82,8817.82,8874.64
337,SOL/INR,1h,SHORT,2025-09-23 06:30:00+05:30,2025-09-24 00:30:00+05:30,219.68,18342.88,237.25,184.53,215.82,18020.96,INTRADAY_SQUAREOFF,0.01,88.75,0.060477,1109.33,19.47,1.3,18.17,18.17,8874.64,8892.81
338,SOL/INR,1h,SHORT,2025-09-24 05:30:00+05:30,2025-09-25 00:30:00+05:30,213.57,17832.89,230.65,179.4,214.12,17879.3,INTRADAY_SQUAREOFF,0.01,88.93,0.062334,1111.6,-2.89,1.31,-4.21,-4.21,8892.81,8888.6
339,SOL/INR,1h,SHORT,2025-09-25 09:30:00+05:30,2025-09-26 00:30:00+05:30,206.64,17254.22,223.17,173.58,199.5,16658.56,INTRADAY_SQUAREOFF,0.01,88.89,0.064394,1111.08,38.36,1.29,37.07,37.07,8888.6,8925.67
340,SOL/INR,1h,SHORT,2025-09-26 04:30:00+05:30,2025-09-27 00:30:00+05:30,194.16,16211.98,209.69,163.09,202.23,16886.2,INTRADAY_SQUAREOFF,0.01,89.26,0.06882,1115.71,-46.4,1.34,-47.74,-47.74,8925.67,8877.93
341,SOL/INR,1h,LONG,2025-09-27 03:30:00+05:30,2025-09-28 00:30:00+05:30,202.5,16908.85,186.3,234.9,201.62,16835.59,INTRADAY_SQUAREOFF,0.01,88.78,0.065631,1109.74,-4.81,1.31,-6.11,-6.11,8877.93,8871.81
342,SOL/INR,1h,LONG,2025-09-29 04:30:00+05:30,2025-09-30 00:30:00+05:30,209.95,17531.02,193.16,243.54,210.6,17584.91,INTRADAY_SQUAREOFF,0.01,88.72,0.063258,1108.98,3.41,1.31,2.1,2.1,8871.81,8873.91
343,SOL/INR,1h,SHORT,2025-09-30 21:30:00+05:30,2025-10-01 00:30:00+05:30,205.04,17120.56,221.44,172.23,207.75,17347.43,INTRADAY_SQUAREOFF,0.01,88.74,0.06479,1109.24,-14.7,1.32,-16.02,-16.02,8873.91,8857.9
344,SOL/INR,1h,LONG,2025-10-01 19:30:00+05:30,2025-10-02 00:30:00+05:30,219.78,18351.44,202.2,254.94,219.12,18296.32,INTRADAY_SQUAREOFF,0.01,88.58,0.060335,1107.24,-3.33,1.3,-4.63,-4.63,8857.9,8853.27
345,SOL/INR,1h,LONG,2025-10-02 05:30:00+05:30,2025-10-03 00:30:00+05:30,221.79,18519.87,204.05,257.28,232.53,19416.32,INTRADAY_SQUAREOFF,0.01,88.53,0.059755,1106.66,53.57,1.34,52.23,52.23,8853.27,8905.5
346,SOL/INR,1h,LONG,2025-10-03 05:30:00+05:30,2025-10-04 00:30:00+05:30,234.97,19619.83,216.17,272.56,233.42,19490.7,INTRADAY_SQUAREOFF,0.01,89.05,0.056738,1113.19,-7.33,1.31,-8.64,-8.64,8905.5,8896.86
347,SOL/INR,1h,SHORT,2025-10-04 20:30:00+05:30,2025-10-05 00:30:00+05:30,226.9,18946.38,245.06,190.6,226.25,18892.23,INTRADAY_SQUAREOFF,0.01,88.97,0.058698,1112.11,3.18,1.31,1.87,1.87,8896.86,8898.73
348,SOL/INR,1h,SHORT,2025-10-05 06:30:00+05:30,2025-10-06 00:30:00+05:30,226.8,18937.4,244.94,190.51,229.12,19131.49,INTRADAY_SQUAREOFF,0.01,88.99,0.058738,1112.34,-11.4,1.32,-12.72,-12.72,8898.73,8886.01
349,SOL/INR,1h,LONG,2025-10-06 21:30:00+05:30,2025-10-07 00:30:00+05:30,236.33,19733.94,217.43,274.15,236.64,19759.27,INTRADAY_SQUAREOFF,0.01,88.86,0.056286,1110.75,1.43,1.31,0.11,0.11,8886.01,8886.12
350,SOL/INR,1h,SHORT,2025-10-08 00:30:00+05:30,2025-10-09 00:30:00+05:30,221.5,18495.29,239.22,186.06,229.0,19121.54,INTRADAY_SQUAREOFF,0.01,88.86,0.060057,1110.77,-37.61,1.33,-38.94,-38.94,8886.12,8847.18
351,SOL/INR,1h,SHORT,2025-10-09 21:30:00+05:30,2025-10-10 00:30:00+05:30,219.1,18294.73,236.63,184.04,217.8,18186.19,INTRADAY_SQUAREOFF,0.01,88.47,0.060449,1105.9,6.56,1.3,5.26,5.26,8847.18,8852.44
352,SOL/INR,1h,SHORT,2025-10-10 08:30:00+05:30,2025-10-11 00:30:00+05:30,220.2,18386.37,237.81,184.96,208.01,17369.09,INTRADAY_SQUAREOFF,0.01,88.52,0.060183,1106.56,61.22,1.27,59.95,59.95,8852.44,8912.4
353,SOL/INR,1h,SHORT,2025-10-11 07:30:00+05:30,2025-10-12 00:30:00+05:30,183.07,15286.46,197.72,153.78,182.73,15258.18,INTRADAY_SQUAREOFF,0.01,89.12,0.072878,1114.05,2.06,1.31,0.75,0.75,8912.4,8913.14
354,SOL/INR,1h,SHORT,2025-10-12 06:30:00+05:30,2025-10-12 19:30:00+05:30,173.46,14484.15,187.34,145.71,187.43,15650.7,STOP_LOSS,0.01,89.13,0.076922,1114.14,-89.73,1.37,-91.1,-91.1,8913.14,8822.04
355,SOL/INR,1h,LONG,2025-10-13 01:30:00+05:30,2025-10-14 00:30:00+05:30,196.22,16384.34,180.52,227.61,205.98,17199.18,INTRADAY_SQUAREOFF,0.01,88.22,0.067305,1102.76,54.84,1.33,53.51,53.51,8822.04,8875.55
356,SOL/INR,1h,SHORT,2025-10-14 18:30:00+05:30,2025-10-15 00:30:00+05:30,192.82,16100.65,208.25,161.97,201.68,16840.3,INTRADAY_SQUAREOFF,0.01,88.76,0.068907,1109.44,-50.97,1.34,-52.31,-52.31,8875.55,8823.25
357,SOL/INR,1h,SHORT,2025-10-16 01:30:00+05:30,2025-10-17 00:30:00+05:30,194.68,16255.43,210.25,163.53,189.1,15789.48,INTRADAY_SQUAREOFF,0.01,88.23,0.067848,1102.91,31.61,1.28,30.33,30.33,8823.25,8853.58
358,SOL/INR,1h,SHORT,2025-10-17 11:30:00+05:30,2025-10-18 00:30:00+05:30,185.59,15497.17,200.44,155.9,183.55,15326.52,INTRADAY_SQUAREOFF,0.01,88.54,0.071413,1106.7,12.19,1.3,10.89,10.89,8853.58,8864.47
359,SOL/INR,1h,LONG,2025-10-19 00:30:00+05:30,2025-10-20 00:30:00+05:30,186.12,15540.88,171.23,215.9,190.09,15872.22,INTRADAY_SQUAREOFF,0.01,88.64,0.0713,1108.06,23.62,1.32,22.3,22.3,8864.47,8886.77
360,SOL/INR,1h,LONG,2025-10-20 04:30:00+05:30,2025-10-21 00:30:00+05:30,190.18,15880.19,174.97,220.61,188.14,15710.07,INTRADAY_SQUAREOFF,0.01,88.87,0.069952,1110.85,-11.9,1.3,-13.2,-13.2,8886.77,8873.56
361,SOL/INR,1h,SHORT,2025-10-21 19:30:00+05:30,2025-10-22 00:30:00+05:30,184.59,15412.94,199.35,155.05,194.38,16230.95,INTRADAY_SQUAREOFF,0.01,88.74,0.071965,1109.2,-58.87,1.34,-60.21,-60.21,8873.56,8813.35
362,SOL/INR,1h,SHORT,2025-10-22 23:30:00+05:30,2025-10-23 01:30:00+05:30,181.5,15155.65,196.03,152.46,180.49,15071.11,INTRADAY_SQUAREOFF,0.01,88.13,0.07269,1101.67,6.15,1.3,4.85,4.85,8813.35,8818.2
363,SOL/INR,1h,LONG,2025-10-23 15:30:00+05:30,2025-10-24 00:30:00+05:30,188.71,15757.63,173.62,218.91,191.51,15991.15,INTRADAY_SQUAREOFF,0.01,88.18,0.069952,1102.28,16.34,1.31,15.02,15.02,8818.2,8833.23
364,SOL/INR,1h,LONG,2025-10-24 04:30:00+05:30,2025-10-25 00:30:00+05:30,190.58,15913.18,175.33,221.07,191.69,16006.36,INTRADAY_SQUAREOFF,0.01,88.33,0.069386,1104.15,6.46,1.31,5.16,5.16,8833.23,8838.38
365,SOL/INR,1h,LONG,2025-10-25 10:30:00+05:30,2025-10-26 00:30:00+05:30,194.49,16239.93,178.93,225.61,194.01,16200.11,INTRADAY_SQUAREOFF,0.01,88.38,0.06803,1104.8,-2.71,1.3,-4.01,-4.01,8838.38,8834.37
366,SOL/INR,1h,LONG,2025-10-26 17:30:00+05:30,2025-10-27 00:30:00+05:30,197.71,16508.42,181.89,229.34,199.13,16627.44,INTRADAY_SQUAREOFF,0.01,88.34,0.066893,1104.3,7.96,1.31,6.65,6.65,8834.37,8841.03
367,SOL/INR,1h,LONG,2025-10-27 04:30:00+05:30,2025-10-28 00:30:00+05:30,200.58,16748.57,184.54,232.67,201.72,16843.65,INTRADAY_SQUAREOFF,0.01,88.41,0.065983,1105.13,6.27,1.31,4.97,4.97,8841.03,8845.99
368,SOL/INR,1h,SHORT,2025-10-28 11:30:00+05:30,2025-10-29 00:30:00+05:30,198.86,16604.75,214.77,167.04,199.62,16668.63,INTRADAY_SQUAREOFF,0.01,88.46,0.066592,1105.75,-4.25,1.31,-5.56,-5.56,8845.99,8840.43
369,SOL/INR,1h,SHORT,2025-10-29 14:30:00+05:30,2025-10-30 00:30:00+05:30,194.23,16218.61,209.77,163.16,194.57,16246.86,INTRADAY_SQUAREOFF,0.01,88.4,0.068135,1105.05,-1.92,1.31,-3.23,-3.23,8840.43,8837.2
370,SOL/INR,1h,SHORT,2025-10-30 10:30:00+05:30,2025-10-31 00:30:00+05:30,190.77,15928.92,206.03,160.24,181.45,15150.81,INTRADAY_SQUAREOFF,0.01,88.37,0.069349,1104.65,53.96,1.27,52.69,52.69,8837.2,8889.89
371,SOL/INR,1h,SHORT,2025-11-03 11:30:00+05:30,2025-11-04 00:30:00+05:30,176.64,14749.25,190.77,148.38,168.06,14032.62,INTRADAY_SQUAREOFF,0.01,88.9,0.075342,1111.24,53.99,1.28,52.71,52.71,8889.89,8942.6
372,SOL/INR,1h,SHORT,2025-11-04 10:30:00+05:30,2025-11-05 00:30:00+05:30,164.89,13768.33,178.08,138.51,156.34,13054.04,INTRADAY_SQUAREOFF,0.01,89.43,0.081188,1117.83,57.99,1.28,56.71,56.71,8942.6,8999.31
373,SOL/INR,1h,SHORT,2025-11-05 13:30:00+05:30,2025-11-06 00:30:00+05:30,155.73,13003.14,168.18,130.81,163.28,13634.2,INTRADAY_SQUAREOFF,0.01,89.99,0.086511,1124.91,-54.59,1.36,-55.95,-55.95,8999.31,8943.36
374,SOL/INR,1h,LONG,2025-11-06 08:30:00+05:30,2025-11-07 00:30:00+05:30,162.1,13535.61,149.13,188.04,157.33,13136.78,INTRADAY_SQUAREOFF,0.01,89.43,0.082591,1117.92,-32.94,1.3,-34.24,-34.24,8943.36,8909.12
375,SOL/INR,1h,SHORT,2025-11-07 15:30:00+05:30,2025-11-08 00:30:00+05:30,154.24,12878.72,166.58,129.56,162.04,13529.94,INTRADAY_SQUAREOFF,0.01,89.09,0.086471,1113.64,-56.31,1.35,-57.66,-57.66,8909.12,8851.46
376,SOL/INR,1h,LONG,2025-11-08 14:30:00+05:30,2025-11-09 00:30:00+05:30,161.82,13511.76,148.87,187.71,157.84,13179.27,INTRADAY_SQUAREOFF,0.01,88.51,0.081887,1106.43,-27.23,1.29,-28.52,-28.52,8851.46,8822.94
377,SOL/INR,1h,SHORT,2025-11-09 06:30:00+05:30,2025-11-10 00:30:00+05:30,156.54,13070.98,169.06,131.49,163.83,13679.84,INTRADAY_SQUAREOFF,0.01,88.23,0.084375,1102.87,-51.37,1.33,-52.7,-52.7,8822.94,8770.24
378,SOL/INR,1h,LONG,2025-11-10 06:30:00+05:30,2025-11-11 00:30:00+05:30,168.23,14047.19,154.77,195.15,166.03,13863.85,INTRADAY_SQUAREOFF,0.01,87.7,0.078043,1096.28,-14.31,1.29,-15.59,-15.59,8770.24,8754.65
379,SOL/INR,1h,LONG,2025-11-11 08:30:00+05:30,2025-11-12 00:30:00+05:30,170.79,14260.71,157.12,198.11,158.92,13269.94,INTRADAY_SQUAREOFF,0.01,87.55,0.076737,1094.33,-76.03,1.25,-77.28,-77.28,8754.65,8677.37
380,SOL/INR,1h,SHORT,2025-11-12 05:30:00+05:30,2025-11-13 00:30:00+05:30,154.19,12874.82,166.52,129.52,153.22,12793.89,INTRADAY_SQUAREOFF,0.01,86.77,0.084248,1084.67,6.82,1.28,5.54,5.54,8677.37,8682.91
381,SOL/INR,1h,SHORT,2025-11-13 06:30:00+05:30,2025-11-14 00:30:00+05:30,152.73,12752.93,164.95,128.29,145.45,12144.89,INTRADAY_SQUAREOFF,0.01,86.83,0.085107,1085.36,51.75,1.25,50.5,50.5,8682.91,8733.41
382,SOL/INR,1h,SHORT,2025-11-14 06:30:00+05:30,2025-11-15 00:30:00+05:30,143.2,11957.61,154.66,120.29,141.15,11785.85,INTRADAY_SQUAREOFF,0.01,87.33,0.091296,1091.68,15.68,1.28,14.4,14.4,8733.41,8747.81
383,SOL/INR,1h,SHORT,2025-11-15 02:30:00+05:30,2025-11-16 00:30:00+05:30,139.53,11651.15,150.7,117.21,142.39,11889.4,INTRADAY_SQUAREOFF,0.01,87.48,0.093851,1093.48,-22.36,1.3,-23.66,-23.66,8747.81,8724.15
384,SOL/INR,1h,SHORT,2025-11-16 19:30:00+05:30,2025-11-17 00:30:00+05:30,139.02,11608.2,150.14,116.78,135.67,11328.75,INTRADAY_SQUAREOFF,0.01,87.24,0.093944,1090.52,26.25,1.27,24.98,24.98,8724.15,8749.13
385,SOL/INR,1h,SHORT,2025-11-21 21:30:00+05:30,2025-11-22 00:30:00+05:30,125.14,10448.88,135.15,105.11,129.64,10824.57,INTRADAY_SQUAREOFF,0.01,87.49,0.104666,1093.64,-39.32,1.31,-40.64,-40.64,8749.13,8708.49
386,SOL/INR,1h,SHORT,2025-11-22 04:30:00+05:30,2025-11-23 00:30:00+05:30,125.6,10487.53,135.65,105.5,127.76,10668.0,INTRADAY_SQUAREOFF,0.01,87.08,0.103796,1088.56,-18.73,1.3,-20.03,-20.03,8708.49,8688.47
387,SOL/INR,1h,LONG,2025-11-23 14:30:00+05:30,2025-11-24 00:30:00+05:30,129.61,10822.15,119.24,150.34,132.08,11028.55,INTRADAY_SQUAREOFF,0.01,86.88,0.100355,1086.06,20.71,1.29,19.42,19.42,8688.47,8707.89
388,SOL/INR,1h,LONG,2025-11-25 02:30:00+05:30,2025-11-26 00:30:00+05:30,139.2,11622.96,128.06,161.47,136.47,11395.15,INTRADAY_SQUAREOFF,0.01,87.08,0.09365,1088.49,-21.33,1.27,-22.61,-22.61,8707.89,8685.28
389,SOL/INR,1h,LONG,2025-11-26 12:30:00+05:30,2025-11-27 00:30:00+05:30,139.72,11666.22,128.54,162.07,144.32,12050.97,INTRADAY_SQUAREOFF,0.01,86.85,0.09306,1085.66,35.8,1.3,34.5,34.5,8685.28,8719.78
390,SOL/INR,1h,LONG,2025-11-27 12:30:00+05:30,2025-11-28 00:30:00+05:30,144.01,12024.98,132.49,167.05,142.91,11932.89,INTRADAY_SQUAREOFF,0.01,87.2,0.090642,1089.97,-8.35,1.28,-9.63,-9.63,8719.78,8710.15
391,SOL/INR,1h,SHORT,2025-11-28 12:30:00+05:30,2025-11-29 00:30:00+05:30,139.36,11636.18,150.5,117.06,137.16,11452.96,INTRADAY_SQUAREOFF,0.01,87.1,0.093568,1088.77,17.14,1.27,15.87,15.87,8710.15,8726.02
392,SOL/INR,1h,SHORT,2025-12-01 15:30:00+05:30,2025-12-02 00:30:00+05:30,126.9,10596.49,137.06,106.6,124.37,10384.92,INTRADAY_SQUAREOFF,0.01,87.26,0.102935,1090.75,21.78,1.27,20.5,20.5,8726.02,8746.53
393,SOL/INR,1h,LONG,2025-12-03 08:30:00+05:30,2025-12-04 00:30:00+05:30,140.24,11709.82,129.02,162.68,141.23,11792.51,INTRADAY_SQUAREOFF,0.01,87.47,0.093367,1093.32,7.72,1.29,6.43,6.43,8746.53,8752.95
394,SOL/INR,1h,LONG,2025-12-04 15:30:00+05:30,2025-12-05 00:30:00+05:30,144.12,12033.75,132.59,167.18,140.67,11745.82,INTRADAY_SQUAREOFF,0.01,87.53,0.090921,1094.12,-26.18,1.28,-27.45,-27.45,8752.95,8725.5
395,SOL/INR,1h,SHORT,2025-12-05 03:30:00+05:30,2025-12-06 00:30:00+05:30,138.7,11581.65,149.8,116.51,131.35,10968.04,INTRADAY_SQUAREOFF,0.01,87.25,0.094174,1090.69,57.79,1.25,56.53,56.53,8725.5,8782.03
396,SOL/INR,1h,SHORT,2025-12-06 10:30:00+05:30,2025-12-07 00:30:00+05:30,133.2,11122.44,143.86,111.89,132.9,11097.02,INTRADAY_SQUAREOFF,0.01,87.82,0.098697,1097.75,2.51,1.29,1.22,1.22,8782.03,8783.25
397,SOL/INR,1h,SHORT,2025-12-07 04:30:00+05:30,2025-12-08 00:30:00+05:30,132.14,11033.55,142.71,111.0,136.05,11360.5,INTRADAY_SQUAREOFF,0.01,87.83,0.099506,1097.91,-32.53,1.31,-33.85,-33.85,8783.25,8749.4
398,SOL/INR,1h,LONG,2025-12-08 07:30:00+05:30,2025-12-09 00:30:00+05:30,133.81,11173.26,123.11,155.22,133.6,11155.72,INTRADAY_SQUAREOFF,0.01,87.49,0.097883,1093.67,-1.72,1.29,-3.01,-3.01,8749.4,8746.39
399,SOL/INR,1h,SHORT,2025-12-09 04:30:00+05:30,2025-12-09 22:30:00+05:30,133.58,11153.65,144.26,112.2,144.33,12051.96,STOP_LOSS,0.01,87.46,0.098022,1093.3,-88.05,1.34,-89.4,-89.4,8746.39,8657.0
400,SOL/INR,1h,SHORT,2025-12-11 06:30:00+05:30,2025-12-12 00:30:00+05:30,133.62,11157.39,144.31,112.24,134.35,11218.39,INTRADAY_SQUAREOFF,0.01,86.57,0.096987,1082.12,-5.92,1.28,-7.2,-7.2,8657.0,8649.8
401,SOL/INR,1h,LONG,2025-12-12 02:30:00+05:30,2025-12-13 00:30:00+05:30,136.12,11365.8,125.23,157.9,132.83,11091.32,INTRADAY_SQUAREOFF,0.01,86.5,0.09513,1081.22,-26.11,1.26,-27.37,-27.37,8649.8,8622.43
402,SOL/INR,1h,SHORT,2025-12-13 17:30:00+05:30,2025-12-14 00:30:00+05:30,133.34,11134.05,144.01,112.01,132.46,11060.77,INTRADAY_SQUAREOFF,0.01,86.22,0.096802,1077.8,7.09,1.27,5.83,5.83,8622.43,8628.25
403,SOL/INR,1h,SHORT,2025-12-14 09:30:00+05:30,2025-12-15 00:30:00+05:30,132.93,11099.47,143.56,111.66,130.69,10912.33,INTRADAY_SQUAREOFF,0.01,86.28,0.09717,1078.53,18.18,1.26,16.92,16.92,8628.25,8645.18
404,SOL/INR,1h,LONG,2025-12-15 15:30:00+05:30,2025-12-16 00:30:00+05:30,132.79,11088.37,122.17,154.04,124.82,10422.56,INTRADAY_SQUAREOFF,0.01,86.45,0.097458,1080.65,-64.89,1.24,-66.13,-66.13,8645.18,8579.05
405,SOL/INR,1h,SHORT,2025-12-16 13:30:00+05:30,2025-12-17 00:30:00+05:30,125.67,10493.12,135.72,105.56,128.03,10690.25,INTRADAY_SQUAREOFF,0.01,85.79,0.102199,1072.38,-20.15,1.28,-21.42,-21.42,8579.05,8557.63
406,SOL/INR,1h,LONG,2025-12-17 08:30:00+05:30,2025-12-18 00:30:00+05:30,129.42,10806.25,119.06,150.12,122.01,10187.59,INTRADAY_SQUAREOFF,0.01,85.58,0.098989,1069.7,-61.24,1.23,-62.47,-62.47,8557.63,8495.16
407,SOL/INR,1h,SHORT,2025-12-18 11:30:00+05:30,2025-12-19 00:30:00+05:30,122.31,10213.3,132.1,102.74,121.53,10147.78,INTRADAY_SQUAREOFF,0.01,84.95,0.103972,1061.89,6.81,1.25,5.56,5.56,8495.16,8500.72
408,SOL/INR,1h,SHORT,2025-12-19 06:30:00+05:30,2025-12-20 00:30:00+05:30,118.1,9861.75,127.55,99.21,124.91,10429.77,INTRADAY_SQUAREOFF,0.01,85.01,0.107749,1062.59,-61.2,1.29,-62.49,-62.49,8500.72,8438.23
409,SOL/INR,1h,LONG,2025-12-20 17:30:00+05:30,2025-12-21 00:30:00+05:30,126.41,10555.48,116.3,146.64,125.88,10510.9,INTRADAY_SQUAREOFF,0.01,84.38,0.099927,1054.78,-4.45,1.24,-5.7,-5.7,8438.23,8432.53
410,SOL/INR,1h,SHORT,2025-12-22 03:30:00+05:30,2025-12-23 00:30:00+05:30,124.73,10414.99,134.71,104.77,126.84,10590.92,INTRADAY_SQUAREOFF,0.01,84.33,0.101207,1054.07,-17.8,1.25,-19.06,-19.06,8432.53,8413.47
411,SOL/INR,1h,SHORT,2025-12-23 08:30:00+05:30,2025-12-24 00:30:00+05:30,125.52,10480.82,135.56,105.44,123.95,10349.44,INTRADAY_SQUAREOFF,0.01,84.13,0.100344,1051.68,13.18,1.23,11.95,11.95,8413.47,8425.42
412,SOL/INR,1h,SHORT,2025-12-24 07:30:00+05:30,2025-12-25 00:30:00+05:30,122.9,10262.38,132.73,103.24,122.47,10226.15,INTRADAY_SQUAREOFF,0.01,84.25,0.102625,1053.18,3.72,1.24,2.48,2.48,8425.42,8427.9
413,SOL/INR,1h,LONG,2025-12-26 00:30:00+05:30,2025-12-27 00:30:00+05:30,124.05,10358.13,114.13,143.9,121.95,10182.53,INTRADAY_SQUAREOFF,0.01,84.28,0.101706,1053.49,-17.86,1.23,-19.09,-19.09,8427.9,8408.81
414,SOL/INR,1h,LONG,2025-12-28 13:30:00+05:30,2025-12-29 00:30:00+05:30,124.17,10368.14,114.24,144.04,123.08,10277.3,INTRADAY_SQUAREOFF,0.01,84.09,0.101378,1051.1,-9.21,1.23,-10.44,-10.44,8408.81,8398.37
415,SOL/INR,1h,SHORT,2025-12-30 00:30:00+05:30,2025-12-31 00:30:00+05:30,122.95,10265.98,132.78,103.27,124.49,10395.17,INTRADAY_SQUAREOFF,0.01,83.98,0.10226,1049.8,-13.21,1.25,-14.46,-14.46,8398.37,8383.91
416,SOL/INR,1h,LONG,2025-12-31 05:30:00+05:30,2026-01-01 00:30:00+05:30,125.01,10438.16,115.01,145.01,124.56,10400.95,INTRADAY_SQUAREOFF,0.01,83.84,0.1004,1047.99,-3.74,1.23,-4.97,-4.97,8383.91,8378.94
417,SOL/INR,1h,SHORT,2026-01-01 09:30:00+05:30,2026-01-02 00:30:00+05:30,124.85,10424.89,134.84,104.87,125.16,10451.01,INTRADAY_SQUAREOFF,0.01,83.79,0.100468,1047.37,-2.63,1.24,-3.86,-3.86,8378.94,8375.08
418,SOL/INR,1h,LONG,2026-01-02 09:30:00+05:30,2026-01-03 00:30:00+05:30,127.71,10663.38,117.49,148.14,130.64,10908.56,INTRADAY_SQUAREOFF,0.01,83.75,0.098176,1046.88,24.07,1.25,22.82,22.82,8375.08,8397.9
419,SOL/INR,1h,LONG,2026-01-03 04:30:00+05:30,2026-01-04 00:30:00+05:30,133.04,11108.45,122.39,154.32,131.83,11008.12,INTRADAY_SQUAREOFF,0.01,83.98,0.094499,1049.74,-9.48,1.23,-10.71,-10.71,8397.9,8387.18
420,SOL/INR,1h,LONG,2026-01-04 09:30:00+05:30,2026-01-05 00:30:00+05:30,134.57,11236.77,123.81,156.1,134.04,11192.51,INTRADAY_SQUAREOFF,0.01,83.87,0.093301,1048.4,-4.13,1.23,-5.36,-5.36,8387.18,8381.82
421,SOL/INR,1h,LONG,2026-01-05 16:30:00+05:30,2026-01-06 00:30:00+05:30,135.92,11349.43,125.05,157.67,137.23,11458.61,INTRADAY_SQUAREOFF,0.01,83.82,0.092315,1047.73,10.08,1.24,8.84,8.84,8381.82,8390.66
422,SOL/INR,1h,LONG,2026-01-06 09:30:00+05:30,2026-01-07 00:30:00+05:30,138.5,11564.62,127.42,160.66,137.55,11485.69,INTRADAY_SQUAREOFF,0.01,83.91,0.090693,1048.83,-7.16,1.23,-8.39,-8.39,8390.66,8382.26
423,SOL/INR,1h,SHORT,2026-01-07 07:30:00+05:30,2026-01-08 00:30:00+05:30,138.8,11589.96,149.91,116.59,135.2,11288.86,INTRADAY_SQUAREOFF,0.01,83.82,0.090404,1047.78,27.22,1.22,26.0,26.0,8382.26,8408.26
424,SOL/INR,1h,SHORT,2026-01-08 09:30:00+05:30,2026-01-09 00:30:00+05:30,136.56,11402.38,147.48,114.71,138.04,11526.32,INTRADAY_SQUAREOFF,0.01,84.08,0.092177,1051.03,-11.42,1.25,-12.67,-12.67,8408.26,8395.59
425,SOL/INR,1h,LONG,2026-01-09 03:30:00+05:30,2026-01-10 00:30:00+05:30,139.56,11652.97,128.39,161.89,136.64,11409.58,INTRADAY_SQUAREOFF,0.01,83.96,0.090059,1049.45,-21.92,1.23,-23.14,-23.14,8395.59,8372.45
426,SOL/INR,1h,LONG,2026-01-12 00:30:00+05:30,2026-01-13 00:30:00+05:30,139.98,11688.64,128.79,162.38,141.05,11777.97,INTRADAY_SQUAREOFF,0.01,83.72,0.089536,1046.56,8.0,1.24,6.76,6.76,8372.45,8379.21
427,SOL/INR,1h,LONG,2026-01-14 01:30:00+05:30,2026-01-15 00:30:00+05:30,144.29,12047.81,132.74,167.37,146.37,12221.78,INTRADAY_SQUAREOFF,0.01,83.79,0.086937,1047.4,15.12,1.24,13.88,13.88,8379.21,8393.09
428,SOL/INR,1h,SHORT,2026-01-15 23:30:00+05:30,2026-01-16 01:30:00+05:30,142.57,11904.68,153.98,119.76,141.52,11817.26,INTRADAY_SQUAREOFF,0.01,83.93,0.088128,1049.14,7.7,1.23,6.47,6.47,8393.09,8399.56
429,SOL/INR,1h,SHORT,2026-01-16 09:30:00+05:30,2026-01-17 00:30:00+05:30,141.84,11843.96,153.19,119.15,143.58,11988.76,INTRADAY_SQUAREOFF,0.01,84.0,0.088648,1049.94,-12.84,1.25,-14.08,-14.08,8399.56,8385.47
430,SOL/INR,1h,LONG,2026-01-17 14:30:00+05:30,2026-01-18 00:30:00+05:30,144.24,12043.64,132.7,167.31,144.12,12034.14,INTRADAY_SQUAREOFF,0.01,83.85,0.087032,1048.18,-0.83,1.24,-2.06,-2.06,8385.47,8383.41
431,SOL/INR,1h,SHORT,2026-01-18 12:30:00+05:30,2026-01-19 00:30:00+05:30,142.52,11900.54,153.92,119.72,142.88,11930.65,INTRADAY_SQUAREOFF,0.01,83.83,0.088057,1047.93,-2.65,1.24,-3.89,-3.89,8383.41,8379.52
432,SOL/INR,1h,SHORT,2026-01-19 05:30:00+05:30,2026-01-20 00:30:00+05:30,137.89,11514.15,148.93,115.83,134.26,11210.91,INTRADAY_SQUAREOFF,0.01,83.8,0.09097,1047.44,27.59,1.22,26.37,26.37,8379.52,8405.89
433,SOL/INR,1h,SHORT,2026-01-20 03:30:00+05:30,2026-01-21 00:30:00+05:30,134.01,11189.59,144.73,112.57,127.05,10608.52,INTRADAY_SQUAREOFF,0.01,84.06,0.093903,1050.74,54.56,1.21,53.36,53.36,8405.89,8459.25
434,SOL/INR,1h,SHORT,2026-01-21 04:30:00+05:30,2026-01-22 00:30:00+05:30,125.82,10506.28,135.89,105.69,127.61,10655.17,INTRADAY_SQUAREOFF,0.01,84.59,0.100645,1057.41,-14.98,1.26,-16.24,-16.24,8459.25,8443.0
435,SOL/INR,1h,SHORT,2026-01-23 00:30:00+05:30,2026-01-24 00:30:00+05:30,127.59,10653.48,137.79,107.17,129.04,10774.95,INTRADAY_SQUAREOFF,0.01,84.43,0.099064,1055.38,-12.03,1.25,-13.29,-13.29,8443.0,8429.72
436,SOL/INR,1h,LONG,2026-01-24 08:30:00+05:30,2026-01-25 00:30:00+05:30,127.61,10655.42,117.4,148.03,127.14,10616.22,INTRADAY_SQUAREOFF,0.01,84.3,0.09889,1053.71,-3.88,1.24,-5.12,-5.12,8429.72,8424.6
437,SOL/INR,1h,LONG,2026-01-25 04:30:00+05:30,2026-01-26 00:30:00+05:30,127.51,10647.11,117.31,147.91,121.47,10143.16,INTRADAY_SQUAREOFF,0.01,84.25,0.098907,1053.08,-49.84,1.21,-51.06,-51.06,8424.6,8373.54
438,SOL/INR,1h,LONG,2026-01-27 03:30:00+05:30,2026-01-28 00:30:00+05:30,124.57,10401.87,114.61,144.51,125.53,10481.78,INTRADAY_SQUAREOFF,0.01,83.74,0.100625,1046.69,8.04,1.24,6.8,6.8,8373.54,8380.34
439,SOL/INR,1h,LONG,2026-01-28 12:30:00+05:30,2026-01-29 00:30:00+05:30,127.34,10633.26,117.16,147.72,125.73,10498.05,INTRADAY_SQUAREOFF,0.01,83.8,0.098516,1047.54,-13.32,1.23,-14.55,-14.55,8380.34,8365.8
440,SOL/INR,1h,SHORT,2026-01-29 15:30:00+05:30,2026-01-30 00:30:00+05:30,122.85,10257.64,132.67,103.19,115.76,9665.62,INTRADAY_SQUAREOFF,0.01,83.66,0.101946,1045.72,60.35,1.2,59.15,59.15,8365.8,8424.95
441,SOL/INR,1h,SHORT,2026-01-30 12:30:00+05:30,2026-01-31 00:30:00+05:30,113.18,9450.47,122.23,95.07,117.88,9842.77,INTRADAY_SQUAREOFF,0.01,84.25,0.111436,1053.12,-43.72,1.27,-44.98,-44.98,8424.95,8379.97
442,SOL/INR,1h,SHORT,2026-01-31 18:30:00+05:30,2026-02-01 00:30:00+05:30,115.03,9605.19,124.23,96.63,101.66,8488.68,INTRADAY_SQUAREOFF,0.01,83.8,0.109055,1047.5,121.76,1.16,120.6,120.6,8379.97,8500.56
443,SOL/INR,1h,SHORT,2026-02-01 09:30:00+05:30,2026-02-02 00:30:00+05:30,104.58,8732.49,112.95,87.85,103.28,8623.54,INTRADAY_SQUAREOFF,0.01,85.01,0.12168,1062.57,13.26,1.25,12.01,12.01,8500.56,8512.57
444,SOL/INR,1h,SHORT,2026-02-02 11:30:00+05:30,2026-02-03 00:30:00+05:30,97.86,8170.9,105.68,82.2,104.75,8746.55,INTRADAY_SQUAREOFF,0.01,85.13,0.130227,1064.07,-74.96,1.3,-76.26,-76.26,8512.57,8436.31
445,SOL/INR,1h,SHORT,2026-02-03 05:30:00+05:30,2026-02-04 00:30:00+05:30,104.4,8717.19,112.75,87.69,97.01,8100.21,INTRADAY_SQUAREOFF,0.01,84.36,0.120972,1054.54,74.64,1.2,73.44,73.44,8436.31,8509.75
446,SOL/INR,1h,SHORT,2026-02-04 04:30:00+05:30,2026-02-05 00:30:00+05:30,98.27,8205.53,106.13,82.55,92.31,7707.88,INTRADAY_SQUAREOFF,0.01,85.1,0.129634,1063.72,64.51,1.22,63.3,63.3,8509.75,8573.04
447,SOL/INR,1h,SHORT,2026-02-05 03:30:00+05:30,2026-02-06 00:30:00+05:30,90.62,7566.69,97.87,76.12,82.81,6914.88,INTRADAY_SQUAREOFF,0.01,85.73,0.141625,1071.63,92.31,1.21,91.1,91.1,8573.04,8664.14
448,SOL/INR,1h,SHORT,2026-02-06 05:30:00+05:30,2026-02-06 19:30:00+05:30,78.15,6525.23,84.4,65.64,84.44,7050.77,STOP_LOSS,0.01,86.64,0.165974,1083.02,-87.23,1.33,-88.56,-88.56,8664.14,8575.59
449,SOL/INR,1h,LONG,2026-02-07 01:30:00+05:30,2026-02-08 00:30:00+05:30,87.19,7280.37,80.21,101.14,88.7,7406.61,INTRADAY_SQUAREOFF,0.01,85.76,0.147238,1071.95,18.59,1.28,17.31,17.31,8575.59,8592.9
450,SOL/INR,1h,LONG,2026-02-08 07:30:00+05:30,2026-02-09 00:30:00+05:30,87.95,7343.55,80.91,102.02,87.87,7337.14,INTRADAY_SQUAREOFF,0.01,85.93,0.146266,1074.11,-0.94,1.27,-2.2,-2.2,8592.9,8590.69
451,SOL/INR,1h,LONG,2026-02-09 09:30:00+05:30,2026-02-10 00:30:00+05:30,87.73,7325.47,80.71,101.77,87.3,7289.85,INTRADAY_SQUAREOFF,0.01,85.91,0.146589,1073.84,-5.22,1.26,-6.49,-6.49,8590.69,8584.21
452,SOL/INR,1h,LONG,2026-02-10 07:30:00+05:30,2026-02-11 00:30:00+05:30,87.38,7296.46,80.39,101.36,82.99,6929.84,INTRADAY_SQUAREOFF,0.01,85.84,0.147061,1073.03,-53.91,1.23,-55.15,-55.15,8584.21,8529.06
453,SOL/INR,1h,SHORT,2026-02-11 02:30:00+05:30,2026-02-12 00:30:00+05:30,82.44,6883.46,89.03,69.25,79.84,6666.26,INTRADAY_SQUAREOFF,0.01,85.29,0.154883,1066.13,33.64,1.24,32.4,32.4,8529.06,8561.46
454,SOL/INR,1h,SHORT,2026-02-12 04:30:00+05:30,2026-02-13 00:30:00+05:30,79.47,6635.37,85.82,66.75,77.67,6485.19,INTRADAY_SQUAREOFF,0.01,85.61,0.161285,1070.18,24.22,1.25,22.97,22.97,8561.46,8584.43
455,SOL/INR,1h,LONG,2026-02-14 06:30:00+05:30,2026-02-15 00:30:00+05:30,85.05,7101.55,78.24,98.66,87.95,7343.81,INTRADAY_SQUAREOFF,0.01,85.84,0.151101,1073.05,36.61,1.29,35.32,35.32,8584.43,8619.75
456,SOL/INR,1h,LONG,2026-02-15 04:30:00+05:30,2026-02-16 00:30:00+05:30,88.72,7408.09,81.62,102.91,86.1,7189.03,INTRADAY_SQUAREOFF,0.01,86.2,0.145445,1077.47,-31.86,1.25,-33.11,-33.11,8619.75,8586.64
457,SOL/INR,1h,SHORT,2026-02-16 07:30:00+05:30,2026-02-17 00:30:00+05:30,85.46,7135.52,92.29,71.78,84.63,7066.44,INTRADAY_SQUAREOFF,0.01,85.87,0.150421,1073.33,10.39,1.26,9.13,9.13,8586.64,8595.77
458,SOL/INR,1h,LONG,2026-02-17 12:30:00+05:30,2026-02-18 00:30:00+05:30,86.71,7240.23,79.77,100.58,85.17,7111.93,INTRADAY_SQUAREOFF,0.01,85.96,0.148403,1074.47,-19.04,1.26,-20.3,-20.3,8595.77,8575.47
459,SOL/INR,1h,SHORT,2026-02-18 06:30:00+05:30,2026-02-19 00:30:00+05:30,84.8,7080.75,91.58,71.23,81.31,6789.65,INTRADAY_SQUAREOFF,0.01,85.75,0.151387,1071.93,44.07,1.24,42.83,42.83,8575.47,8618.3
460,SOL/INR,1h,SHORT,2026-02-19 14:30:00+05:30,2026-02-20 00:30:00+05:30,81.63,6816.45,88.16,68.57,81.95,6842.67,INTRADAY_SQUAREOFF,0.01,86.18,0.158042,1077.29,-4.14,1.27,-5.42,-5.42,8618.3,8612.88
461,SOL/INR,1h,LONG,2026-02-20 11:30:00+05:30,2026-02-21 00:30:00+05:30,83.56,6977.44,76.88,96.93,85.18,7112.7,INTRADAY_SQUAREOFF,0.01,86.13,0.154299,1076.61,20.87,1.28,19.59,19.59,8612.88,8632.47
462,SOL/INR,1h,LONG,2026-02-21 19:30:00+05:30,2026-02-22 00:30:00+05:30,85.67,7153.63,78.82,99.38,86.56,7227.93,INTRADAY_SQUAREOFF,0.01,86.32,0.150841,1079.06,11.21,1.28,9.93,9.93,8632.47,8642.4
463,SOL/INR,1h,SHORT,2026-02-23 02:30:00+05:30,2026-02-24 00:30:00+05:30,83.01,6931.23,89.65,69.73,78.75,6575.94,INTRADAY_SQUAREOFF,0.01,86.42,0.15586,1080.3,55.37,1.24,54.13,54.13,8642.4,8696.53
464,SOL/INR,1h,SHORT,2026-02-24 05:30:00+05:30,2026-02-25 00:30:00+05:30,77.66,6484.31,83.87,65.23,78.25,6533.46,INTRADAY_SQUAREOFF,0.01,86.97,0.167646,1087.07,-8.24,1.29,-9.53,-9.53,8696.53,8687.0
465,SOL/INR,1h,LONG,2026-02-25 07:30:00+05:30,2026-02-26 00:30:00+05:30,82.33,6874.26,75.74,95.5,88.92,7424.68,INTRADAY_SQUAREOFF,0.01,86.87,0.157963,1085.88,86.95,1.33,85.61,85.61,8687.0,8772.62
466,SOL/INR,1h,LONG,2026-02-26 10:30:00+05:30,2026-02-27 00:30:00+05:30,88.93,7425.78,81.82,103.16,85.38,7129.61,INTRADAY_SQUAREOFF,0.01,87.73,0.147672,1096.58,-43.74,1.27,-45.0,-45.0,8772.62,8727.61
467,SOL/INR,1h,SHORT,2026-02-27 11:30:00+05:30,2026-02-28 00:30:00+05:30,87.49,7305.39,94.49,73.49,81.53,6807.42,INTRADAY_SQUAREOFF,0.01,87.28,0.149335,1090.95,74.37,1.24,73.12,73.12,8727.61,8800.74
468,SOL/INR,1h,SHORT,2026-02-28 03:30:00+05:30,2026-03-01 00:30:00+05:30,81.08,6770.38,87.57,68.11,82.6,6896.88,INTRADAY_SQUAREOFF,0.01,88.01,0.162486,1100.09,-20.55,1.31,-21.86,-21.86,8800.74,8778.87
469,SOL/INR,1h,LONG,2026-03-01 02:30:00+05:30,2026-03-02 00:30:00+05:30,84.89,7088.0,78.1,98.47,83.92,7007.13,INTRADAY_SQUAREOFF,0.01,87.79,0.154819,1097.36,-12.52,1.29,-13.81,-13.81,8778.87,8765.06
470,SOL/INR,1h,SHORT,2026-03-02 12:30:00+05:30,2026-03-02 21:30:00+05:30,83.05,6934.97,89.7,69.77,89.74,7493.52,STOP_LOSS,0.01,87.65,0.157987,1095.63,-88.24,1.34,-89.59,-89.59,8765.06,8675.48
471,SOL/INR,1h,LONG,2026-03-03 02:30:00+05:30,2026-03-04 00:30:00+05:30,87.95,7343.85,80.91,102.02,85.35,7126.34,INTRADAY_SQUAREOFF,0.01,86.75,0.147666,1084.43,-32.12,1.26,-33.38,-33.38,8675.48,8642.1
472,SOL/INR,1h,LONG,2026-03-04 11:30:00+05:30,2026-03-05 00:30:00+05:30,85.86,7169.37,78.99,99.6,92.31,7707.49,INTRADAY_SQUAREOFF,0.01,86.42,0.150677,1080.26,81.08,1.32,79.76,79.76,8642.1,8721.86
473,SOL/INR,1h,LONG,2026-03-05 12:30:00+05:30,2026-03-06 00:30:00+05:30,90.93,7592.59,83.65,105.48,88.7,7406.68,INTRADAY_SQUAREOFF,0.01,87.22,0.143592,1090.23,-26.69,1.27,-27.97,-27.97,8721.86,8693.89
474,SOL/INR,1h,SHORT,2026-03-06 05:30:00+05:30,2026-03-07 00:30:00+05:30,88.65,7402.2,95.74,74.47,85.41,7131.81,INTRADAY_SQUAREOFF,0.01,86.94,0.146813,1086.74,39.7,1.26,38.44,38.44,8693.89,8732.33
475,SOL/INR,1h,SHORT,2026-03-07 09:30:00+05:30,2026-03-08 00:30:00+05:30,84.4,7047.16,91.15,70.89,83.44,6967.34,INTRADAY_SQUAREOFF,0.01,87.32,0.154891,1091.54,12.36,1.28,11.08,11.08,8732.33,8743.41
476,SOL/INR,1h,SHORT,2026-03-08 08:30:00+05:30,2026-03-09 00:30:00+05:30,82.37,6877.66,88.96,69.19,81.64,6816.93,INTRADAY_SQUAREOFF,0.01,87.43,0.15891,1092.93,9.65,1.28,8.37,8.37,8743.41,8751.78
477,SOL/INR,1h,SHORT,2026-03-09 05:30:00+05:30,2026-03-10 00:30:00+05:30,81.58,6812.24,88.11,68.53,85.26,7119.44,INTRADAY_SQUAREOFF,0.01,87.52,0.160589,1093.97,-49.33,1.32,-50.65,-50.65,8751.78,8701.13
478,SOL/INR,1h,LONG,2026-03-10 08:30:00+05:30,2026-03-11 00:30:00+05:30,86.76,7244.67,79.82,100.64,86.2,7197.33,INTRADAY_SQUAREOFF,0.01,87.01,0.15013,1087.64,-7.11,1.28,-8.39,-8.39,8701.13,8692.74
479,SOL/INR,1h,LONG,2026-03-13 01:30:00+05:30,2026-03-14 00:30:00+05:30,86.9,7255.92,79.95,100.8,88.81,7415.59,INTRADAY_SQUAREOFF,0.01,86.93,0.149753,1086.59,23.91,1.3,22.61,22.61,8692.74,8715.36
480,SOL/INR,1h,SHORT,2026-03-14 04:30:00+05:30,2026-03-15 00:30:00+05:30,87.78,7329.59,94.8,73.73,87.09,7271.61,INTRADAY_SQUAREOFF,0.01,87.15,0.148633,1089.42,8.62,1.28,7.34,7.34,8715.36,8722.69
481,SOL/INR,1h,LONG,2026-03-15 08:30:00+05:30,2026-03-16 00:30:00+05:30,88.52,7391.07,81.43,102.68,87.88,7338.08,INTRADAY_SQUAREOFF,0.01,87.23,0.147521,1090.34,-7.82,1.28,-9.1,-9.1,8722.69,8713.59
482,SOL/INR,1h,LONG,2026-03-16 09:30:00+05:30,2026-03-17 00:30:00+05:30,93.7,7823.88,86.2,108.69,94.39,7881.59,INTRADAY_SQUAREOFF,0.01,87.14,0.139215,1089.2,8.03,1.29,6.74,6.74,8713.59,8720.34
483,SOL/INR,1h,SHORT,2026-03-19 04:30:00+05:30,2026-03-20 00:30:00+05:30,89.95,7510.45,97.14,75.55,88.11,7357.28,INTRADAY_SQUAREOFF,0.01,87.2,0.145137,1090.04,22.23,1.27,20.96,20.96,8720.34,8741.3
484,SOL/INR,1h,SHORT,2026-03-20 04:30:00+05:30,2026-03-21 00:30:00+05:30,88.49,7389.21,95.57,74.33,88.57,7395.22,INTRADAY_SQUAREOFF,0.01,87.41,0.147873,1092.66,-0.89,1.29,-2.18,-2.18,8741.3,8739.12
485,SOL/INR,1h,SHORT,2026-03-23 12:30:00+05:30,2026-03-24 00:30:00+05:30,85.58,7145.74,92.42,71.89,91.57,7646.47,INTRADAY_SQUAREOFF,0.01,87.39,0.152873,1092.39,-76.55,1.33,-77.88,-77.88,8739.12,8661.24
486,SOL/INR,1h,LONG,2026-03-24 02:30:00+05:30,2026-03-25 00:30:00+05:30,91.98,7680.73,84.63,106.7,88.94,7426.89,INTRADAY_SQUAREOFF,0.01,86.61,0.140957,1082.65,-35.78,1.26,-37.04,-37.04,8661.24,8624.2
487,SOL/INR,1h,LONG,2026-03-25 16:30:00+05:30,2026-03-26 00:30:00+05:30,92.66,7736.91,85.25,107.48,91.59,7647.54,INTRADAY_SQUAREOFF,0.01,86.24,0.139335,1078.02,-12.45,1.26,-13.72,-13.72,8624.2,8610.48
488,SOL/INR,1h,SHORT,2026-03-26 11:30:00+05:30,2026-03-27 00:30:00+05:30,89.13,7442.76,96.27,74.87,86.06,7186.13,INTRADAY_SQUAREOFF,0.01,86.1,0.144612,1076.31,37.11,1.25,35.86,35.86,8610.48,8646.35
489,SOL/INR,1h,SHORT,2026-03-27 09:30:00+05:30,2026-03-28 00:30:00+05:30,86.33,7208.84,93.24,72.52,82.37,6878.13,INTRADAY_SQUAREOFF,0.01,86.46,0.149926,1080.79,49.58,1.25,48.34,48.34,8646.35,8694.68
490,SOL/INR,1h,SHORT,2026-03-28 08:30:00+05:30,2026-03-29 00:30:00+05:30,82.4,6880.37,88.99,69.22,83.41,6964.55,INTRADAY_SQUAREOFF,0.01,86.95,0.157962,1086.84,-13.3,1.29,-14.59,-14.59,8694.68,8680.1
491,SOL/INR,1h,SHORT,2026-03-29 19:30:00+05:30,2026-03-30 00:30:00+05:30,81.78,6828.83,88.33,68.7,81.79,6829.36,INTRADAY_SQUAREOFF,0.01,86.8,0.158887,1085.01,-0.08,1.28,-1.36,-1.36,8680.1,8678.73
492,SOL/INR,1h,LONG,2026-03-30 10:30:00+05:30,2026-03-31 00:30:00+05:30,83.7,6989.08,77.01,97.09,82.54,6891.8,INTRADAY_SQUAREOFF,0.01,86.79,0.15522,1084.84,-15.1,1.27,-16.37,-16.37,8678.73,8662.36
493,SOL/INR,1h,SHORT,2026-03-31 10:30:00+05:30,2026-04-01 00:30:00+05:30,83.27,6952.63,89.93,69.94,82.81,6914.6,INTRADAY_SQUAREOFF,0.01,86.62,0.155739,1082.8,5.92,1.27,4.65,4.65,8662.36,8667.01
494,SOL/INR,1h,SHORT,2026-04-02 07:30:00+05:30,2026-04-03 00:30:00+05:30,79.11,6605.87,85.44,66.45,79.13,6607.27,INTRADAY_SQUAREOFF,0.01,86.67,0.164002,1083.38,-0.23,1.28,-1.51,-1.51,8667.01,8665.5
495,SOL/INR,1h,LONG,2026-04-03 21:30:00+05:30,2026-04-04 00:30:00+05:30,80.54,6724.77,74.09,93.42,80.09,6687.89,INTRADAY_SQUAREOFF,0.01,86.66,0.161074,1083.19,-5.94,1.27,-7.21,-7.21,8665.5,8658.29
496,SOL/INR,1h,LONG,2026-04-04 12:30:00+05:30,2026-04-05 00:30:00+05:30,80.51,6722.83,74.07,93.4,80.85,6750.99,INTRADAY_SQUAREOFF,0.01,86.58,0.160987,1082.29,4.53,1.28,3.25,3.25,8658.29,8661.54
497,SOL/INR,1h,LONG,2026-04-05 03:30:00+05:30,2026-04-06 00:30:00+05:30,81.01,6764.14,74.53,93.97,79.88,6670.13,INTRADAY_SQUAREOFF,0.01,86.62,0.160064,1082.69,-15.05,1.27,-16.32,-16.32,8661.54,8645.22
498,SOL/INR,1h,LONG,2026-04-06 08:30:00+05:30,2026-04-07 00:30:00+05:30,82.7,6905.29,76.08,95.93,81.86,6835.44,INTRADAY_SQUAREOFF,0.01,86.45,0.156496,1080.65,-10.93,1.27,-12.2,-12.2,8645.22,8633.02
499,SOL/INR,1h,SHORT,2026-04-07 11:30:00+05:30,2026-04-08 00:30:00+05:30,79.47,6635.77,85.83,66.76,79.76,6659.77,INTRADAY_SQUAREOFF,0.01,86.33,0.162623,1079.13,-3.9,1.28,-5.18,-5.18,8633.02,8627.84
500,SOL/INR,1h,LONG,2026-04-08 14:30:00+05:30,2026-04-09 00:30:00+05:30,84.88,7087.6,78.09,98.46,82.85,6918.31,INTRADAY_SQUAREOFF,0.01,86.28,0.152164,1078.48,-25.76,1.26,-27.02,-27.02,8627.84,8600.83
501,SOL/INR,1h,SHORT,2026-04-09 04:30:00+05:30,2026-04-10 00:30:00+05:30,82.54,6891.76,89.14,69.33,84.0,7013.94,INTRADAY_SQUAREOFF,0.01,86.01,0.155998,1075.1,-19.06,1.28,-20.34,-20.34,8600.83,8580.49
502,SOL/INR,1h,LONG,2026-04-10 10:30:00+05:30,2026-04-11 00:30:00+05:30,83.42,6965.9,76.75,96.77,85.19,7113.25,INTRADAY_SQUAREOFF,0.01,85.8,0.153973,1072.56,22.69,1.28,21.41,21.41,8580.49,8601.9
503,SOL/INR,1h,LONG,2026-04-11 21:30:00+05:30,2026-04-12 00:30:00+05:30,84.8,7080.75,78.02,98.37,85.4,7131.02,INTRADAY_SQUAREOFF,0.01,86.02,0.151854,1075.24,7.63,1.27,6.36,6.36,8601.9,8608.26
504,SOL/INR,1h,SHORT,2026-04-12 15:30:00+05:30,2026-04-13 00:30:00+05:30,82.2,6863.34,88.77,69.04,82.23,6866.0,INTRADAY_SQUAREOFF,0.01,86.08,0.15678,1076.03,-0.42,1.27,-1.69,-1.69,8608.26,8606.57
505,SOL/INR,1h,SHORT,2026-04-13 08:30:00+05:30,2026-04-14 00:30:00+05:30,81.91,6839.7,88.47,68.81,83.3,6955.13,INTRADAY_SQUAREOFF,0.01,86.07,0.157291,1075.82,-18.16,1.28,-19.44,-19.44,8606.57,8587.13
506,SOL/INR,1h,LONG,2026-04-14 04:30:00+05:30,2026-04-15 00:30:00+05:30,86.33,7208.27,79.42,100.14,84.07,7019.54,INTRADAY_SQUAREOFF,0.01,85.87,0.148911,1073.39,-28.1,1.25,-29.35,-29.35,8587.13,8557.78
507,SOL/INR,1h,SHORT,2026-04-15 11:30:00+05:30,2026-04-16 00:30:00+05:30,82.96,6927.03,89.6,69.69,85.05,7101.88,INTRADAY_SQUAREOFF,0.01,85.58,0.154427,1069.72,-27.0,1.28,-28.28,-28.28,8557.78,8529.5
508,SOL/INR,1h,LONG,2026-04-16 21:30:00+05:30,2026-04-17 00:30:00+05:30,87.11,7273.98,80.14,101.05,89.09,7438.63,INTRADAY_SQUAREOFF,0.01,85.29,0.146576,1066.19,24.13,1.27,22.86,22.86,8529.5,8552.36
509,SOL/INR,1h,LONG,2026-04-17 12:30:00+05:30,2026-04-18 00:30:00+05:30,88.16,7361.7,81.11,102.27,89.19,7446.98,INTRADAY_SQUAREOFF,0.01,85.52,0.145217,1069.05,12.38,1.27,11.12,11.12,8552.36,8563.48
510,SOL/INR,1h,SHORT,2026-04-19 00:30:00+05:30,2026-04-20 00:30:00+05:30,85.81,7164.89,92.67,72.08,85.24,7117.76,INTRADAY_SQUAREOFF,0.01,85.63,0.1494,1070.43,7.04,1.26,5.78,5.78,8563.48,8569.26
511,SOL/INR,1h,SHORT,2026-04-20 11:30:00+05:30,2026-04-21 00:30:00+05:30,83.76,6993.8,90.46,70.36,86.15,7193.78,INTRADAY_SQUAREOFF,0.01,85.69,0.153158,1071.16,-30.63,1.28,-31.91,-31.91,8569.26,8537.35
512,SOL/INR,1h,LONG,2026-04-22 11:30:00+05:30,2026-04-23 00:30:00+05:30,88.36,7378.41,81.3,102.5,87.74,7325.97,INTRADAY_SQUAREOFF,0.01,85.37,0.144634,1067.17,-7.58,1.25,-8.84,-8.84,8537.35,8528.51
513,SOL/INR,1h,LONG,2026-04-23 03:30:00+05:30,2026-04-24 00:30:00+05:30,87.72,7324.94,80.71,101.76,85.23,7116.48,INTRADAY_SQUAREOFF,0.01,85.29,0.145539,1066.06,-30.34,1.24,-31.58,-31.58,8528.51,8496.93
514,SOL/INR,1h,SHORT,2026-04-24 08:30:00+05:30,2026-04-25 00:30:00+05:30,85.78,7162.39,92.64,72.05,86.48,7221.35,INTRADAY_SQUAREOFF,0.01,84.97,0.148291,1062.12,-8.74,1.26,-10.0,-10.0,8496.93,8486.93
515,SOL/INR,1h,SHORT,2026-04-26 07:30:00+05:30,2026-04-27 00:30:00+05:30,85.95,7176.57,92.82,72.2,86.89,7255.6,INTRADAY_SQUAREOFF,0.01,84.87,0.147823,1060.87,-11.68,1.26,-12.94,-12.94,8486.93,8473.99
516,SOL/INR,1h,SHORT,2026-04-28 07:30:00+05:30,2026-04-29 00:30:00+05:30,84.34,7042.21,91.08,70.84,83.83,6999.96,INTRADAY_SQUAREOFF,0.01,84.74,0.150414,1059.25,6.35,1.25,5.11,5.11,8473.99,8479.1
517,SOL/INR,1h,SHORT,2026-04-30 08:30:00+05:30,2026-05-01 00:30:00+05:30,82.62,6898.66,89.23,69.4,83.05,6934.8,INTRADAY_SQUAREOFF,0.01,84.79,0.153637,1059.89,-5.55,1.25,-6.81,-6.81,8479.1,8472.29
518,SOL/INR,1h,SHORT,2026-05-01 03:30:00+05:30,2026-05-02 00:30:00+05:30,82.79,6912.85,89.41,69.54,84.01,7015.0,INTRADAY_SQUAREOFF,0.01,84.72,0.153198,1059.04,-15.65,1.26,-16.91,-16.91,8472.29,8455.38
519,SOL/INR,1h,LONG,2026-05-04 07:30:00+05:30,2026-05-05 00:30:00+05:30,84.93,7091.86,78.14,98.52,84.7,7072.25,INTRADAY_SQUAREOFF,0.01,84.55,0.149033,1056.92,-2.92,1.25,-4.17,-4.17,8455.38,8451.21
520,SOL/INR,1h,LONG,2026-05-05 06:30:00+05:30,2026-05-06 05:30:00+05:30,84.39,7046.75,77.64,97.89,86.21,7198.27,INTRADAY_SQUAREOFF,0.01,84.51,0.149913,1056.4,22.72,1.26,21.46,21.46,8451.21,8472.67
521,SOL/INR,1h,LONG,2026-05-06 12:30:00+05:30,2026-05-07 00:30:00+05:30,87.57,7312.41,80.57,101.59,88.97,7428.62,INTRADAY_SQUAREOFF,0.01,84.73,0.144834,1059.08,16.83,1.26,15.57,15.57,8472.67,8488.24
522,SOL/INR,1h,LONG,2026-05-07 10:30:00+05:30,2026-05-08 00:30:00+05:30,88.42,7383.42,81.35,102.57,88.51,7390.23,INTRADAY_SQUAREOFF,0.01,84.88,0.143704,1061.03,0.98,1.25,-0.27,-0.27,8488.24,8487.97
523,SOL/INR,1h,LONG,2026-05-08 05:30:00+05:30,2026-05-09 00:30:00+05:30,88.53,7392.61,81.45,102.7,92.23,7701.53,INTRADAY_SQUAREOFF,0.01,84.88,0.143521,1061.0,44.34,1.28,43.06,43.06,8487.97,8531.03
524,SOL/INR,1h,LONG,2026-05-09 06:30:00+05:30,2026-05-10 00:30:00+05:30,92.67,7737.64,85.25,107.49,93.33,7793.33,INTRADAY_SQUAREOFF,0.01,85.31,0.137817,1066.38,7.68,1.26,6.41,6.41,8531.03,8537.44
525,SOL/INR,1h,LONG,2026-05-10 09:30:00+05:30,2026-05-11 00:30:00+05:30,93.54,7810.32,86.05,108.5,96.33,8043.71,INTRADAY_SQUAREOFF,0.01,85.37,0.136637,1067.18,31.89,1.28,30.61,30.61,8537.44,8568.05
526,SOL/INR,1h,LONG,2026-05-11 11:30:00+05:30,2026-05-12 00:30:00+05:30,95.9,8007.48,88.23,111.24,97.25,8120.49,INTRADAY_SQUAREOFF,0.01,85.68,0.133751,1071.01,15.12,1.27,13.84,13.84,8568.05,8581.89
527,SOL/INR,1h,SHORT,2026-05-14 08:30:00+05:30,2026-05-15 00:30:00+05:30,90.39,7547.96,97.63,75.93,93.5,7806.98,INTRADAY_SQUAREOFF,0.01,85.82,0.142123,1072.74,-36.81,1.29,-38.1,-38.1,8581.89,8543.79
528,SOL/INR,1h,LONG,2026-05-15 13:30:00+05:30,2026-05-16 00:30:00+05:30,91.75,7660.78,84.41,106.43,89.7,7489.54,INTRADAY_SQUAREOFF,0.01,85.44,0.139408,1067.97,-23.87,1.25,-25.12,-25.12,8543.79,8518.68
529,SOL/INR,1h,SHORT,2026-05-16 15:30:00+05:30,2026-05-17 00:30:00+05:30,85.7,7155.71,92.55,71.99,86.83,7250.59,INTRADAY_SQUAREOFF,0.01,85.19,0.148809,1064.83,-14.12,1.26,-15.38,-15.38,8518.68,8503.29
530,SOL/INR,1h,SHORT,2026-05-17 06:30:00+05:30,2026-05-18 00:30:00+05:30,85.89,7171.57,92.76,72.15,86.43,7217.17,INTRADAY_SQUAREOFF,0.01,85.03,0.148212,1062.91,-6.76,1.26,-8.02,-8.02,8503.29,8495.27
531,SOL/INR,1h,SHORT,2026-05-18 04:30:00+05:30,2026-05-19 00:30:00+05:30,85.94,7175.74,92.81,72.19,83.48,6970.72,INTRADAY_SQUAREOFF,0.01,84.95,0.147986,1061.91,30.34,1.24,29.1,29.1,8495.27,8524.38
532,SOL/INR,1h,SHORT,2026-05-19 07:30:00+05:30,2026-05-20 00:30:00+05:30,84.79,7079.76,91.57,71.22,84.37,7045.08,INTRADAY_SQUAREOFF,0.01,85.24,0.150506,1065.55,5.22,1.25,3.97,3.97,8524.38,8528.35
533,SOL/INR,1h,SHORT,2026-05-20 04:30:00+05:30,2026-05-21 00:30:00+05:30,83.91,7006.32,90.62,70.48,85.76,7161.2,INTRADAY_SQUAREOFF,0.01,85.28,0.152155,1066.04,-23.57,1.27,-24.84,-24.84,8528.35,8503.51
534,SOL/INR,1h,LONG,2026-05-21 13:30:00+05:30,2026-05-22 00:30:00+05:30,86.69,7238.89,79.76,100.56,86.95,7260.03,INTRADAY_SQUAREOFF,0.01,85.04,0.146837,1062.94,3.1,1.26,1.85,1.85,8503.51,8505.36
535,SOL/INR,1h,LONG,2026-05-22 17:30:00+05:30,2026-05-23 00:30:00+05:30,87.29,7289.02,80.31,101.26,85.33,7124.83,INTRADAY_SQUAREOFF,0.01,85.05,0.145859,1063.17,-23.95,1.24,-25.19,-25.19,8505.36,8480.17
536,SOL/INR,1h,SHORT,2026-05-23 10:30:00+05:30,2026-05-24 00:30:00+05:30,84.21,7031.36,90.94,70.73,84.68,7070.97,INTRADAY_SQUAREOFF,0.01,84.8,0.150756,1060.02,-5.97,1.25,-7.23,-7.23,8480.17,8472.94
537,SOL/INR,1h,LONG,2026-05-24 11:30:00+05:30,2026-05-25 00:30:00+05:30,86.1,7189.6,79.21,99.88,85.26,7118.99,INTRADAY_SQUAREOFF,0.01,84.73,0.147312,1059.12,-10.4,1.24,-11.65,-11.65,8472.94,8461.29
538,SOL/INR,1h,SHORT,2026-05-25 07:30:00+05:30,2026-05-26 00:30:00+05:30,84.69,7071.42,91.46,71.14,85.87,7170.39,INTRADAY_SQUAREOFF,0.01,84.61,0.149569,1057.66,-14.8,1.26,-16.06,-16.06,8461.29,8445.23
539,SOL/INR,1h,SHORT,2026-05-27 09:30:00+05:30,2026-05-28 00:30:00+05:30,83.33,6957.91,89.99,70.0,83.85,7001.63,INTRADAY_SQUAREOFF,0.01,84.45,0.15172,1055.65,-6.63,1.25,-7.88,-7.88,8445.23,8437.35
540,SOL/INR,1h,SHORT,2026-05-28 08:30:00+05:30,2026-05-29 00:30:00+05:30,81.87,6836.07,88.42,68.77,82.79,6913.08,INTRADAY_SQUAREOFF,0.01,84.37,0.15428,1054.67,-11.88,1.25,-13.13,-13.13,8437.35,8424.22
541,SOL/INR,1h,SHORT,2026-06-01 07:30:00+05:30,2026-06-02 00:30:00+05:30,81.6,6813.53,88.13,68.54,80.78,6745.16,INTRADAY_SQUAREOFF,0.01,84.24,0.154549,1053.03,10.57,1.24,9.33,9.33,8424.22,8433.55
542,SOL/INR,1h,SHORT,2026-06-02 07:30:00+05:30,2026-06-03 00:30:00+05:30,79.93,6674.16,86.32,67.14,76.06,6350.84,INTRADAY_SQUAREOFF,0.01,84.34,0.157952,1054.19,51.07,1.21,49.85,49.85,8433.55,8483.4
543,SOL/INR,1h,SHORT,2026-06-03 04:30:00+05:30,2026-06-04 00:30:00+05:30,73.27,6118.32,79.14,61.55,73.02,6096.88,INTRADAY_SQUAREOFF,0.01,84.83,0.17332,1060.43,3.72,1.25,2.47,2.47,8483.4,8485.87
544,SOL/INR,1h,SHORT,2026-06-04 13:30:00+05:30,2026-06-05 00:30:00+05:30,69.05,5765.3,74.57,58.0,69.41,5796.13,INTRADAY_SQUAREOFF,0.01,84.86,0.183986,1060.73,-5.67,1.26,-6.93,-6.93,8485.87,8478.94
545,SOL/INR,1h,SHORT,2026-06-05 08:30:00+05:30,2026-06-06 00:30:00+05:30,67.1,5602.55,72.46,56.36,62.89,5251.43,INTRADAY_SQUAREOFF,0.01,84.79,0.189176,1059.87,66.42,1.21,65.21,65.21,8478.94,8544.16
546,SOL/INR,1h,SHORT,2026-06-06 09:30:00+05:30,2026-06-07 00:30:00+05:30,62.58,5225.32,67.58,52.57,61.71,5152.86,INTRADAY_SQUAREOFF,0.01,85.44,0.204393,1068.02,14.81,1.25,13.56,13.56,8544.16,8557.72
547,SOL/INR,1h,LONG,2026-06-08 05:30:00+05:30,2026-06-09 00:30:00+05:30,66.57,5558.87,61.25,77.22,67.38,5625.92,INTRADAY_SQUAREOFF,0.01,85.58,0.192434,1069.71,12.9,1.27,11.63,11.63,8557.72,8569.35
548,SOL/INR,1h,SHORT,2026-06-10 03:30:00+05:30,2026-06-11 00:30:00+05:30,64.82,5412.27,70.0,54.45,63.79,5326.62,INTRADAY_SQUAREOFF,0.01,85.69,0.197915,1071.17,16.95,1.25,15.7,15.7,8569.35,8585.05
549,SOL/INR,1h,LONG,2026-06-12 08:30:00+05:30,2026-06-13 00:30:00+05:30,67.23,5614.01,61.85,77.99,66.98,5592.54,INTRADAY_SQUAREOFF,0.01,85.85,0.191152,1073.13,-4.1,1.26,-5.37,-5.37,8585.05,8579.68
550,SOL/INR,1h,LONG,2026-06-13 12:30:00+05:30,2026-06-14 00:30:00+05:30,67.21,5612.33,61.84,77.97,68.05,5681.84,INTRADAY_SQUAREOFF,0.01,85.8,0.19109,1072.46,13.28,1.27,12.01,12.01,8579.68,8591.69
551,SOL/INR,1h,LONG,2026-06-14 09:30:00+05:30,2026-06-15 00:30:00+05:30,69.04,5765.22,63.52,80.09,67.34,5622.58,INTRADAY_SQUAREOFF,0.01,85.92,0.186283,1073.96,-26.57,1.25,-27.82,-27.82,8591.69,8563.86
552,SOL/INR,1h,LONG,2026-06-15 16:30:00+05:30,2026-06-16 00:30:00+05:30,72.02,6013.34,66.25,83.54,75.19,6278.56,INTRADAY_SQUAREOFF,0.01,85.64,0.178018,1070.48,47.22,1.29,45.92,45.92,8563.86,8609.79
553,SOL/INR,1h,LONG,2026-06-16 12:30:00+05:30,2026-06-17 00:30:00+05:30,74.28,6202.14,68.33,86.16,73.88,6169.23,INTRADAY_SQUAREOFF,0.01,86.1,0.173525,1076.22,-5.71,1.27,-6.98,-6.98,8609.79,8602.81
554,SOL/INR,1h,SHORT,2026-06-18 09:30:00+05:30,2026-06-19 00:30:00+05:30,71.46,5967.26,77.18,60.03,68.59,5727.62,INTRADAY_SQUAREOFF,0.01,86.03,0.180208,1075.35,43.19,1.24,41.94,41.94,8602.81,8644.75
555,SOL/INR,1h,SHORT,2026-06-19 10:30:00+05:30,2026-06-20 00:30:00+05:30,68.11,5686.85,73.55,57.21,69.03,5764.38,INTRADAY_SQUAREOFF,0.01,86.45,0.190016,1080.59,-14.73,1.28,-16.02,-16.02,8644.75,8628.74
556,SOL/INR,1h,LONG,2026-06-20 16:30:00+05:30,2026-06-21 00:30:00+05:30,71.68,5984.93,65.94,83.14,71.62,5980.62,INTRADAY_SQUAREOFF,0.01,86.29,0.180218,1078.59,-0.78,1.27,-2.05,-2.05,8628.74,8626.69
557,SOL/INR,1h,LONG,2026-06-21 08:30:00+05:30,2026-06-22 00:30:00+05:30,73.34,6123.61,67.47,85.07,74.1,6187.59,INTRADAY_SQUAREOFF,0.01,86.27,0.176095,1078.34,11.27,1.28,9.99,9.99,8626.69,8636.68
558,SOL/INR,1h,LONG,2026-06-22 23:30:00+05:30,2026-06-23 01:30:00+05:30,73.29,6119.43,67.42,85.01,72.6,6062.41,INTRADAY_SQUAREOFF,0.01,86.37,0.176419,1079.58,-10.06,1.27,-11.33,-11.33,8636.68,8625.35
559,SOL/INR,1h,SHORT,2026-06-23 10:30:00+05:30,2026-06-24 00:30:00+05:30,71.28,5952.24,76.99,59.88,68.84,5748.51,INTRADAY_SQUAREOFF,0.01,86.25,0.181137,1078.17,36.9,1.25,35.65,35.65,8625.35,8661.0
560,SOL/INR,1h,SHORT,2026-06-24 08:30:00+05:30,2026-06-25 00:30:00+05:30,69.31,5786.99,74.85,58.22,66.01,5512.08,INTRADAY_SQUAREOFF,0.01,86.61,0.187079,1082.63,51.43,1.25,50.18,50.18,8661.0,8711.18
561,SOL/INR,1h,SHORT,2026-06-25 06:30:00+05:30,2026-06-26 00:30:00+05:30,67.47,5633.43,72.86,56.67,66.12,5521.27,INTRADAY_SQUAREOFF,0.01,87.11,0.193292,1088.9,21.68,1.27,20.41,20.41,8711.18,8731.59
562,SOL/INR,1h,SHORT,2026-06-26 08:30:00+05:30,2026-06-26 19:30:00+05:30,65.82,5495.73,71.08,55.29,71.12,5938.35,STOP_LOSS,0.01,87.32,0.1986,1091.45,-87.91,1.34,-89.25,-89.25,8731.59,8642.35
563,SOL/INR,1h,LONG,2026-06-26 21:30:00+05:30,2026-06-27 00:30:00+05:30,72.18,6026.7,66.4,83.72,72.45,6049.89,INTRADAY_SQUAREOFF,0.01,86.42,0.179251,1080.29,4.16,1.28,2.88,2.88,8642.35,8645.22
564,SOL/INR,1h,LONG,2026-06-27 08:30:00+05:30,2026-06-28 00:30:00+05:30,72.18,6026.7,66.4,83.72,71.75,5991.47,INTRADAY_SQUAREOFF,0.01,86.45,0.179311,1080.65,-6.32,1.27,-7.59,-7.59,8645.22,8637.64
565,SOL/INR,1h,LONG,2026-06-29 20:30:00+05:30,2026-06-30 00:30:00+05:30,73.78,6160.37,67.87,85.58,75.45,6300.26,INTRADAY_SQUAREOFF,0.01,86.38,0.175266,1079.7,24.52,1.29,23.23,23.23,8637.64,8660.87
566,SOL/INR,1h,LONG,2026-07-01 14:30:00+05:30,2026-07-02 00:30:00+05:30,75.44,6299.05,69.4,87.51,77.3,6454.66,INTRADAY_SQUAREOFF,0.01,86.61,0.171869,1082.61,26.74,1.29,25.45,25.45,8660.87,8686.32
567,SOL/INR,1h,LONG,2026-07-02 03:30:00+05:30,2026-07-03 00:30:00+05:30,78.62,6564.71,72.33,91.2,80.91,6755.95,INTRADAY_SQUAREOFF,0.01,86.86,0.165398,1085.79,31.63,1.3,30.33,30.33,8686.32,8716.65
568,SOL/INR,1h,LONG,2026-07-03 07:30:00+05:30,2026-07-04 00:30:00+05:30,81.64,6817.01,75.11,94.7,82.0,6846.91,INTRADAY_SQUAREOFF,0.01,87.17,0.159833,1089.58,4.78,1.29,3.49,3.49,8716.65,8720.14
569,SOL/INR,1h,LONG,2026-07-04 09:30:00+05:30,2026-07-05 00:30:00+05:30,82.79,6913.08,76.17,96.04,82.15,6859.43,INTRADAY_SQUAREOFF,0.01,87.2,0.157675,1090.02,-8.46,1.28,-9.74,-9.74,8720.14,8710.4
570,SOL/INR,1h,SHORT,2026-07-05 15:30:00+05:30,2026-07-06 00:30:00+05:30,79.6,6646.61,85.97,66.86,80.93,6757.69,INTRADAY_SQUAREOFF,0.01,87.1,0.163813,1088.8,-18.2,1.3,-19.49,-19.49,8710.4,8690.91
571,SOL/INR,1h,LONG,2026-07-06 13:30:00+05:30,2026-07-07 00:30:00+05:30,80.94,6758.53,74.47,93.89,81.87,6836.07,INTRADAY_SQUAREOFF,0.01,86.91,0.16074,1086.36,12.46,1.29,11.17,11.17,8690.91,8702.08
572,SOL/INR,1h,LONG,2026-07-07 12:30:00+05:30,2026-07-08 00:30:00+05:30,81.61,6814.5,75.08,94.67,81.14,6775.14,INTRADAY_SQUAREOFF,0.01,87.02,0.159624,1087.76,-6.28,1.28,-7.56,-7.56,8702.08,8694.52
573,SOL/INR,1h,SHORT,2026-07-08 14:30:00+05:30,2026-07-09 00:30:00+05:30,76.79,6412.1,82.93,64.5,77.12,6439.4,INTRADAY_SQUAREOFF,0.01,86.95,0.169494,1086.81,-4.63,1.29,-5.91,-5.91,8694.52,8688.61
574,SOL/INR,1h,SHORT,2026-07-09 07:30:00+05:30,2026-07-10 00:30:00+05:30,77.22,6447.98,83.4,64.87,78.19,6528.79,INTRADAY_SQUAREOFF,0.01,86.89,0.168436,1086.08,-13.61,1.29,-14.9,-14.9,8688.61,8673.71
575,SOL/INR,1h,SHORT,2026-07-10 23:30:00+05:30,2026-07-11 01:30:00+05:30,77.48,6469.68,83.68,65.08,77.87,6502.05,INTRADAY_SQUAREOFF,0.01,86.74,0.167584,1084.21,-5.42,1.28,-6.71,-6.71,8673.71,8667.0
576,SOL/INR,1h,SHORT,2026-07-11 06:30:00+05:30,2026-07-12 00:30:00+05:30,77.68,6486.38,83.9,65.25,78.06,6517.93,INTRADAY_SQUAREOFF,0.01,86.67,0.167023,1083.37,-5.27,1.28,-6.55,-6.55,8667.0,8660.45
577,SOL/INR,1h,SHORT,2026-07-12 05:30:00+05:30,2026-07-13 00:30:00+05:30,76.61,6397.07,82.74,64.35,77.56,6476.16,INTRADAY_SQUAREOFF,0.01,86.6,0.169227,1082.56,-13.38,1.29,-14.67,-14.67,8660.45,8645.78
578,SOL/INR,1h,SHORT,2026-07-13 03:30:00+05:30,2026-07-14 05:30:00+05:30,76.9,6421.28,83.05,64.6,74.97,6259.78,INTRADAY_SQUAREOFF,0.01,86.46,0.168303,1080.72,27.18,1.26,25.92,25.92,8645.78,8671.7
579,SOL/INR,1h,SHORT,2026-07-14 13:30:00+05:30,2026-07-15 00:30:00+05:30,74.76,6242.68,80.74,62.8,77.28,6452.76,INTRADAY_SQUAREOFF,0.01,86.72,0.173637,1083.96,-36.48,1.3,-37.78,-37.78,8671.7,8633.92
580,SOL/INR,1h,LONG,2026-07-15 05:30:00+05:30,2026-07-16 00:30:00+05:30,77.91,6505.4,71.68,90.37,77.5,6471.35,INTRADAY_SQUAREOFF,0.01,86.34,0.165899,1079.24,-5.65,1.27,-6.92,-6.92,8633.92,8627.0
581,SOL/INR,1h,LONG,2026-07-16 11:30:00+05:30,2026-07-17 00:30:00+05:30,77.48,6469.47,71.28,89.88,75.61,6313.62,INTRADAY_SQUAREOFF,0.01,86.27,0.166687,1078.38,-25.98,1.26,-27.24,-27.24,8627.0,8599.77
582,SOL/INR,1h,SHORT,2026-07-17 04:30:00+05:30,2026-07-18 00:30:00+05:30,75.16,6276.06,81.18,63.14,75.31,6288.19,INTRADAY_SQUAREOFF,0.01,86.0,0.171281,1074.97,-2.08,1.27,-3.35,-3.35,8599.77,8596.42
583,SOL/INR,1h,SHORT,2026-07-18 10:30:00+05:30,2026-07-19 00:30:00+05:30,74.96,6259.37,80.96,62.97,75.28,6285.68,INTRADAY_SQUAREOFF,0.01,85.96,0.171671,1074.55,-4.52,1.27,-5.79,-5.79,8596.42,8590.63
584,SOL/INR,1h,LONG,2026-07-20 02:30:00+05:30,2026-07-21 00:30:00+05:30,76.16,6359.2,70.07,88.34,77.55,6475.53,INTRADAY_SQUAREOFF,0.01,85.91,0.168862,1073.83,19.64,1.28,18.36,18.36,8590.63,8609.0
585,SOL/INR,1h,LONG,2026-07-21 05:30:00+05:30,2026-07-22 00:30:00+05:30,77.87,6502.05,71.64,90.33,77.77,6493.89,INTRADAY_SQUAREOFF,0.01,86.09,0.165505,1076.12,-1.35,1.27,-2.62,-2.62,8609.0,8606.38
586,SOL/INR,1h,LONG,2026-07-22 05:30:00+05:30,2026-07-23 00:30:00+05:30,78.19,6528.79,71.93,90.7,77.68,6486.38,INTRADAY_SQUAREOFF,0.01,86.06,0.164777,1075.8,-6.99,1.27,-8.25,-8.25,8606.38,8598.12
587,SOL/INR,1h,LONG,2026-07-23 03:30:00+05:30,2026-07-24 00:30:00+05:30,78.07,6518.76,71.82,90.56,75.7,6321.13,INTRADAY_SQUAREOFF,0.01,85.98,0.164873,1074.77,-32.58,1.25,-33.83,-33.83,8598.12,8564.29
588,SOL/INR,1h,SHORT,2026-07-24 07:30:00+05:30,2026-07-25 00:30:00+05:30,75.57,6310.28,81.62,63.48,73.95,6174.57,INTRADAY_SQUAREOFF,0.01,85.64,0.16965,1070.54,23.02,1.25,21.77,21.77,8564.29,8586.06
589,SOL/INR,1h,SHORT,2026-07-25 11:30:00+05:30,2026-07-26 00:30:00+05:30,73.8,6162.56,79.71,61.99,74.62,6230.54,INTRADAY_SQUAREOFF,0.01,85.86,0.174158,1073.26,-11.84,1.27,-13.11,-13.11,8586.06,8572.95
590,SOL/INR,1h,LONG,2026-07-26 21:30:00+05:30,2026-07-27 00:30:00+05:30,75.48,6302.39,69.44,87.55,75.29,6286.91,INTRADAY_SQUAREOFF,0.01,85.73,0.170034,1071.62,-2.63,1.26,-3.9,-3.9,8572.95,8569.05
591,SOL/INR,1h,LONG,2026-07-27 04:30:00+05:30,2026-07-28 00:30:00+05:30,76.78,6410.99,70.64,89.06,75.51,6305.27,INTRADAY_SQUAREOFF,0.01,85.69,0.167077,1071.13,-17.66,1.25,-18.92,-18.92,8569.05,8550.14
592,SOL/INR,1h,SHORT,2026-07-28 04:30:00+05:30,2026-07-29 00:30:00+05:30,73.9,6170.9,79.82,62.08,73.86,6167.05,INTRADAY_SQUAREOFF,0.01,85.5,0.173195,1068.77,0.67,1.26,-0.59,-0.59,8550.14,8549.54
593,SOL/INR,1h,LONG,2026-07-29 12:30:00+05:30,2026-07-30 00:30:00+05:30,74.04,6182.09,68.11,85.88,74.14,6190.93,INTRADAY_SQUAREOFF,0.01,85.5,0.172869,1068.69,1.53,1.26,0.27,0.27,8549.54,8549.81
594,SOL/INR,1h,LONG,2026-07-30 04:30:00+05:30,2026-07-31 00:30:00+05:30,73.75,6157.86,67.85,85.55,74.4,6212.63,INTRADAY_SQUAREOFF,0.01,85.5,0.173555,1068.73,9.51,1.27,8.24,8.24,8549.81,8558.05
595,SOL/INR,1h,LONG,2026-07-31 11:30:00+05:30,2026-08-01 00:30:00+05:30,74.28,6202.14,68.33,86.16,72.97,6093.29,INTRADAY_SQUAREOFF,0.01,85.58,0.172482,1069.76,-18.78,1.25,-20.03,-20.03,8558.05,8538.02
596,SOL/INR,1h,SHORT,2026-08-01 11:30:00+05:30,2026-08-02 00:30:00+05:30,72.76,6075.76,78.58,61.12,71.03,5930.63,INTRADAY_SQUAREOFF,0.01,85.38,0.175657,1067.25,25.49,1.24,24.25,24.25,8538.02,8562.27
597,SOL/INR,1h,LONG,2026-08-04 07:30:00+05:30,2026-08-05 00:30:00+05:30,73.79,6161.2,67.88,85.59,74.07,6185.09,INTRADAY_SQUAREOFF,0.01,85.62,0.173713,1070.28,4.15,1.27,2.88,2.88,8562.27,8565.15
598,SOL/INR,1h,LONG,2026-08-05 07:30:00+05:30,2026-08-06 00:30:00+05:30,74.1,6187.1,68.17,85.95,74.4,6212.63,INTRADAY_SQUAREOFF,0.01,85.65,0.173045,1070.64,4.42,1.27,3.15,3.15,8565.15,8568.31
599,SOL/INR,1h,LONG,2026-08-06 10:30:00+05:30,2026-08-07 00:30:00+05:30,73.84,6165.38,67.93,85.65,72.72,6072.42,INTRADAY_SQUAREOFF,0.01,85.68,0.173718,1071.04,-16.15,1.25,-17.4,-17.4,8568.31,8550.9
600,SOL/INR,1h,SHORT,2026-08-07 04:30:00+05:30,2026-08-08 00:30:00+05:30,72.55,6058.23,78.36,60.95,73.43,6131.13,INTRADAY_SQUAREOFF,0.01,85.51,0.176431,1068.86,-12.86,1.27,-14.13,-14.13,8550.9,8536.77
601,SOL/INR,1h,LONG,2026-08-08 09:30:00+05:30,2026-08-09 00:30:00+05:30,74.97,6259.78,68.97,86.96,76.03,6348.67,INTRADAY_SQUAREOFF,0.01,85.37,0.170469,1067.1,15.15,1.27,13.88,13.88,8536.77,8550.66
602,SOL/INR,1h,LONG,2026-08-09 12:30:00+05:30,2026-08-10 00:30:00+05:30,76.47,6385.1,70.35,88.7,77.1,6437.97,INTRADAY_SQUAREOFF,0.01,85.51,0.167395,1068.83,8.85,1.27,7.58,7.58,8550.66,8558.24
603,SOL/INR,1h,SHORT,2026-08-11 05:30:00+05:30,2026-08-12 00:30:00+05:30,75.86,6334.48,81.93,63.72,75.24,6282.34,INTRADAY_SQUAREOFF,0.01,85.58,0.168882,1069.78,8.81,1.26,7.55,7.55,8558.24,8565.79
604,SOL/INR,1h,SHORT,2026-08-13 03:30:00+05:30,2026-08-14 00:30:00+05:30,75.32,6289.41,81.35,63.27,75.99,6345.0,INTRADAY_SQUAREOFF,0.01,85.66,0.170242,1070.72,-9.46,1.27,-10.73,-10.73,8565.79,8555.06
605,SOL/INR,1h,SHORT,2026-08-14 08:30:00+05:30,2026-08-15 00:30:00+05:30,75.88,6336.15,81.95,63.74,74.92,6255.61,INTRADAY_SQUAREOFF,0.01,85.55,0.168775,1069.38,13.59,1.25,12.34,12.34,8555.06,8567.4
606,SOL/INR,1h,SHORT,2026-08-15 11:30:00+05:30,2026-08-16 00:30:00+05:30,75.2,6279.4,81.22,63.17,75.52,6305.73,INTRADAY_SQUAREOFF,0.01,85.67,0.170546,1070.92,-4.49,1.27,-5.76,-5.76,8567.4,8561.64
607,SOL/INR,1h,SHORT,2026-08-16 05:30:00+05:30,2026-08-17 00:30:00+05:30,75.2,6279.4,81.22,63.17,75.15,6274.82,INTRADAY_SQUAREOFF,0.01,85.62,0.170431,1070.21,0.78,1.26,-0.48,-0.48,8561.64,8561.16
608,SOL/INR,1h,SHORT,2026-08-17 02:30:00+05:30,2026-08-18 00:30:00+05:30,74.88,6252.69,80.87,62.9,75.88,6335.81,INTRADAY_SQUAREOFF,0.01,85.61,0.171149,1070.14,-14.22,1.27,-15.5,-15.5,8561.16,8545.66
609,SOL/INR,1h,LONG,2026-08-18 02:30:00+05:30,2026-08-19 00:30:00+05:30,76.08,6352.51,69.99,88.25,77.16,6442.98,INTRADAY_SQUAREOFF,0.01,85.46,0.168155,1068.21,15.21,1.27,13.94,13.94,8545.66,8559.61
610,SOL/INR,1h,LONG,2026-08-19 12:30:00+05:30,2026-08-20 00:30:00+05:30,77.12,6439.4,70.95,89.46,82.2,6863.61,INTRADAY_SQUAREOFF,0.01,85.6,0.166157,1069.95,70.49,1.3,69.18,69.18,8559.61,8628.79
611,SOL/INR,1h,LONG,2026-08-20 10:30:00+05:30,2026-08-21 00:30:00+05:30,84.9,7089.35,78.11,98.49,86.8,7247.51,INTRADAY_SQUAREOFF,0.01,86.29,0.152143,1078.6,24.06,1.29,22.78,22.78,8628.79,8651.56
612,SOL/INR,1h,LONG,2026-08-21 11:30:00+05:30,2026-08-22 00:30:00+05:30,90.71,7573.9,83.45,105.22,91.51,7641.44,INTRADAY_SQUAREOFF,0.01,86.52,0.142786,1081.45,9.64,1.28,8.36,8.36,8651.56,8659.93
613,SOL/INR,1h,LONG,2026-08-22 02:30:00+05:30,2026-08-23 00:30:00+05:30,91.98,7679.99,84.62,106.69,94.38,7880.96,INTRADAY_SQUAREOFF,0.01,86.6,0.140949,1082.49,28.33,1.29,27.03,27.03,8659.93,8686.96
614,SOL/INR,1h,LONG,2026-08-25 05:30:00+05:30,2026-08-26 00:30:00+05:30,99.03,8268.96,91.11,114.87,98.44,8219.8,INTRADAY_SQUAREOFF,0.01,86.87,0.131319,1085.87,-6.46,1.28,-7.73,-7.73,8686.96,8679.22
615,SOL/INR,1h,LONG,2026-08-27 11:30:00+05:30,2026-08-28 00:30:00+05:30,102.27,8539.64,94.09,118.63,108.33,9045.2,INTRADAY_SQUAREOFF,0.01,86.79,0.127043,1084.9,64.23,1.32,62.91,62.91,8679.22,8742.14
616,SOL/INR,1h,LONG,2026-08-28 20:30:00+05:30,2026-08-29 00:30:00+05:30,106.72,8911.4,98.19,123.8,103.05,8604.55,INTRADAY_SQUAREOFF,0.01,87.42,0.122626,1092.77,-37.63,1.27,-38.9,-38.9,8742.14,8703.24
617,SOL/INR,1h,SHORT,2026-08-29 06:30:00+05:30,2026-08-30 00:30:00+05:30,103.85,8671.31,112.16,87.23,105.17,8781.91,INTRADAY_SQUAREOFF,0.01,87.03,0.12546,1087.91,-13.88,1.29,-15.17,-15.17,8703.24,8688.07
618,SOL/INR,1h,LONG,2026-08-30 12:30:00+05:30,2026-08-31 00:30:00+05:30,105.48,8807.81,97.04,122.36,106.64,8904.16,INTRADAY_SQUAREOFF,0.01,86.88,0.123301,1086.01,11.88,1.29,10.59,10.59,8688.07,8698.66
619,SOL/INR,1h,SHORT,2026-08-31 19:30:00+05:30,2026-09-01 00:30:00+05:30,102.1,8525.26,110.27,85.76,104.49,8725.1,INTRADAY_SQUAREOFF,0.01,86.99,0.127543,1087.33,-25.49,1.3,-26.79,-26.79,8698.66,8671.88
620,SOL/INR,1h,SHORT,2026-09-01 04:30:00+05:30,2026-09-02 00:30:00+05:30,103.05,8604.55,111.29,86.56,99.62,8318.25,INTRADAY_SQUAREOFF,0.01,86.72,0.125978,1083.98,36.07,1.26,34.81,34.81,8671.88,8706.69
621,SOL/INR,1h,SHORT,2026-09-02 14:30:00+05:30,2026-09-03 00:30:00+05:30,98.73,8244.01,106.63,82.93,99.49,8307.39,INTRADAY_SQUAREOFF,0.01,87.07,0.132015,1088.34,-8.37,1.29,-9.66,-9.66,8706.69,8697.03
622,SOL/INR,1h,LONG,2026-09-03 20:30:00+05:30,2026-09-04 00:30:00+05:30,104.85,8755.18,96.46,121.63,105.15,8779.81,INTRADAY_SQUAREOFF,0.01,86.97,0.12417,1087.13,3.06,1.28,1.77,1.77,8697.03,8698.8
623,SOL/INR,1h,LONG,2026-09-04 14:30:00+05:30,2026-09-05 00:30:00+05:30,104.54,8729.28,96.18,121.27,101.61,8484.37,INTRADAY_SQUAREOFF,0.01,86.99,0.124564,1087.35,-30.51,1.27,-31.77,-31.77,8698.8,8667.03
624,SOL/INR,1h,SHORT,2026-09-05 03:30:00+05:30,2026-09-06 00:30:00+05:30,101.47,8472.68,109.59,85.23,103.94,8679.15,INTRADAY_SQUAREOFF,0.01,86.67,0.127867,1083.38,-26.4,1.29,-27.69,-27.69,8667.03,8639.34
625,SOL/INR,1h,LONG,2026-09-06 07:30:00+05:30,2026-09-07 00:30:00+05:30,104.28,8707.56,95.94,120.97,105.93,8844.91,INTRADAY_SQUAREOFF,0.01,86.39,0.124021,1079.92,17.03,1.28,15.75,15.75,8639.34,8655.09
626,SOL/INR,1h,LONG,2026-09-07 05:30:00+05:30,2026-09-08 00:30:00+05:30,106.8,8918.08,98.26,123.89,103.86,8672.15,INTRADAY_SQUAREOFF,0.01,86.55,0.121314,1081.89,-29.84,1.26,-31.09,-31.09,8655.09,8623.99
627,SOL/INR,1h,SHORT,2026-09-10 04:30:00+05:30,2026-09-11 00:30:00+05:30,100.43,8385.89,108.46,84.36,99.91,8342.48,INTRADAY_SQUAREOFF,0.01,86.24,0.128549,1078.0,5.58,1.27,4.31,4.31,8623.99,8628.3
628,SOL/INR,1h,SHORT,2026-09-11 04:30:00+05:30,2026-09-12 00:30:00+05:30,99.17,8280.73,107.1,83.3,101.11,8442.73,INTRADAY_SQUAREOFF,0.01,86.28,0.130247,1078.54,-21.1,1.29,-22.39,-22.39,8628.3,8605.92
629,SOL/INR,1h,LONG,2026-09-12 05:30:00+05:30,2026-09-13 00:30:00+05:30,102.53,8561.36,94.33,118.94,101.58,8481.86,INTRADAY_SQUAREOFF,0.01,86.06,0.125651,1075.74,-9.99,1.26,-11.25,-11.25,8605.92,8594.67
630,SOL/INR,1h,LONG,2026-09-13 07:30:00+05:30,2026-09-14 00:30:00+05:30,102.38,8548.83,94.19,118.76,101.13,8444.31,INTRADAY_SQUAREOFF,0.01,85.95,0.12567,1074.33,-13.14,1.26,-14.4,-14.4,8594.67,8580.27
631,SOL/INR,1h,SHORT,2026-09-16 07:30:00+05:30,2026-09-17 00:30:00+05:30,96.28,8039.53,103.98,80.88,97.79,8165.37,INTRADAY_SQUAREOFF,0.01,85.8,0.133407,1072.53,-16.79,1.28,-18.06,-18.06,8580.27,8562.21
632,SOL/INR,1h,SHORT,2026-09-17 04:30:00+05:30,2026-09-18 00:30:00+05:30,97.31,8125.5,105.1,81.74,100.8,8416.83,INTRADAY_SQUAREOFF,0.01,85.62,0.131718,1070.28,-38.37,1.29,-39.66,-39.66,8562.21,8522.55
633,SOL/INR,1h,LONG,2026-09-18 08:30:00+05:30,2026-09-19 00:30:00+05:30,102.87,8589.76,94.64,119.33,112.17,9366.52,INTRADAY_SQUAREOFF,0.01,85.23,0.124022,1065.32,96.33,1.31,95.02,95.02,8522.55,8617.57
634,SOL/INR,1h,LONG,2026-09-19 06:30:00+05:30,2026-09-20 00:30:00+05:30,113.81,9502.87,104.7,132.02,111.05,9273.05,INTRADAY_SQUAREOFF,0.01,86.18,0.113355,1077.2,-26.05,1.26,-27.31,-27.31,8617.57,8590.26
635,SOL/INR,1h,LONG,2026-09-21 14:30:00+05:30,2026-09-22 00:30:00+05:30,116.36,9715.91,107.05,134.98,117.69,9827.21,INTRADAY_SQUAREOFF,0.01,85.9,0.110518,1073.78,12.3,1.27,11.03,11.03,8590.26,8601.29
636,SOL/INR,1h,LONG,2026-09-22 14:30:00+05:30,2026-09-23 00:30:00+05:30,118.0,9852.91,108.56,136.88,118.07,9858.92,INTRADAY_SQUAREOFF,0.01,86.01,0.109121,1075.16,0.66,1.27,-0.61,-0.61,8601.29,8600.67
637,SOL/INR,1h,LONG,2026-09-23 10:30:00+05:30,2026-09-23 23:30:00+05:30,119.76,9999.95,110.18,138.92,113.99,9518.41,END_OF_DATA,0.01,86.01,0.107509,1075.08,-51.77,1.24,-53.01,-53.01,8600.67,8547.67
